position,channelId,channelTitle,videoId,publishedAt,publishedAtSQL,videoTitle,videoDescription,tags,videoCategoryId,videoCategoryLabel,topicCategories,duration,durationSec,dimension,definition,caption,defaultLanguage,defaultLAudioLanguage,thumbnail_maxres,licensedContent,hasPaidProductPlacement,locationDescription,latitude,longitude,viewCount,likeCount,dislikeCount,favoriteCount,commentCount
1,UCebFWsUeE9bx-kDyN40wmQQ,NADIAS,nS1daKjtwOo,2026-04-21T18:41:01Z,"2026-04-21 18:41:01","كلمة وحدة فـ لايف تيك توك… قلبات قضية اختفاء كاملة !🔓⛔","#قصص #قصص_واقعية #قصص_حقيقية","قصص,قصص_واقعية,قصص_بالمغربية,nadias,قصص_نادية,قصص_حقيقية,قصص بالدارجة,قصص بالمغربية,قصص المغرب,SAFAA,LASSAKRI,قصص العسكري,قصص صفاء,قصص مغربية,قصص نادية,NADIA STORIES,NADIAS,العسكري,الخراز,قصص الخراز,العساكري,RAJAA STORIES,المغرب",26,"Howto & Style",,PT36M56S,2216,2d,hd,false,ar,ar,https://i.ytimg.com/vi/nS1daKjtwOo/maxresdefault.jpg,1,,,,,175839,10910,,0,1111
2,UCebFWsUeE9bx-kDyN40wmQQ,NADIAS,qXJDfR-plZ4,2026-04-12T13:01:17Z,"2026-04-12 13:01:17","كلهم مشتبه فيهم… ولكن الحقيقة كانت قدامهم !🔓⛔","#قصص #قصص_واقعية #قصص_حقيقية","قصص الاختفاء,قصص,قصص_واقعية,قصص_بالمغربية,nadias,قصص_نادية,قصص_حقيقية,قصص بالدارجة,قصص بالمغربية,قصص المغرب,SAFAA,LASSAKRI,قصص العسكري,قصص صفاء,قصص مغربية,قصص نادية,NADIA STORIES,NADIAS,العسكري,الخراز,قصص الخراز,العساكري,RAJAA STORIES,المغرب",26,"Howto & Style",,PT35M8S,2108,2d,hd,false,ar,ar,https://i.ytimg.com/vi/qXJDfR-plZ4/maxresdefault.jpg,1,,,,,313672,13345,,0,1036
3,UCebFWsUeE9bx-kDyN40wmQQ,NADIAS,qDEQTKduUgA,2026-03-26T18:15:04Z,"2026-03-26 18:15:04","الأسماء اللي بغاو يحرقوها: شنو كاين وسط الملفات الممنوعة؟🔐🔥","#قصص #قصص_واقعية #قصص_حقيقية","جيفري ابستين,قصة جيفري,ملفات ابستين,قصص,قصص_واقعية,قصص_بالمغربية,nadias,قصص_نادية,قصص_حقيقية,قصص بالدارجة,قصص بالمغربية,قصص المغرب,SAFAA,LASSAKRI,قصص العسكري,قصص صفاء,قصص مغربية,قصص نادية,NADIA STORIES,NADIAS,العسكري,الخراز,قصص الخراز,العساكري,RAJAA STORIES,المغرب",26,"Howto & Style",,PT56M43S,3403,2d,hd,true,ar,ar,https://i.ytimg.com/vi/qDEQTKduUgA/maxresdefault.jpg,1,,,,,334482,14189,,0,1213
4,UCebFWsUeE9bx-kDyN40wmQQ,NADIAS,tB1M-EUM774,2026-03-20T20:20:12Z,"2026-03-20 20:20:12","القصة اللي غتعلمك بلي 'الخطر' يقدر يكون وسط بيت نعاسك !⚠️🪓","#قصص #قصص_واقعية #قصص_حقيقية","قصص,قصص_واقعية,قصص_بالمغربية,nadias,قصص_نادية,قصص_حقيقية,قصص بالدارجة,قصص بالمغربية,قصص المغرب,SAFAA,LASSAKRI,قصص العسكري,قصص صفاء,قصص مغربية,قصص نادية,NADIA STORIES,NADIAS,العسكري,الخراز,قصص الخراز,العساكري,RAJAA STORIES,المغرب",26,"Howto & Style",,PT49M21S,2961,2d,hd,false,ar,ar,https://i.ytimg.com/vi/tB1M-EUM774/maxresdefault.jpg,1,,,,,391391,15332,,0,1294
5,UCebFWsUeE9bx-kDyN40wmQQ,NADIAS,gWcfsKCC4QE,2026-03-04T13:00:16Z,"2026-03-04 13:00:16","القصة اللي غتخليك تشك في أي واحد: الغدر اللي جا من ""قلب"" القصر!⛔🪓","#قصص #قصص_واقعية #قصص_حقيقية","ادموند سافرا,قصص,قصص_واقعية,قصص_بالمغربية,nadias,قصص_نادية,قصص_حقيقية,قصص بالدارجة,قصص بالمغربية,قصص المغرب,SAFAA,LASSAKRI,قصص العسكري,قصص صفاء,قصص مغربية,قصص نادية,NADIA STORIES,NADIAS,العسكري,الخراز,قصص الخراز,العساكري,RAJAA STORIES,المغرب",26,"Howto & Style",,PT1H3M31S,211,2d,hd,false,ar,ar,https://i.ytimg.com/vi/gWcfsKCC4QE/maxresdefault.jpg,1,,,,,402840,14118,,0,1248
6,UCebFWsUeE9bx-kDyN40wmQQ,NADIAS,sCUwnc9iVio,2026-02-18T19:13:45Z,"2026-02-18 19:13:45","السر اللي حاولو يدفنوه وسط منتجع الاغنياء!.. 🚫","#قصص #قصص_واقعية #قصص_حقيقية","قصص,قصص_واقعية,قصص_بالمغربية,nadias,قصص_نادية,قصص_حقيقية,قصص بالدارجة,قصص بالمغربية,قصص المغرب,SAFAA,LASSAKRI,قصص العسكري,قصص صفاء,قصص مغربية,قصص نادية,NADIA STORIES,NADIAS,العسكري,الخراز,قصص الخراز,العساكري,RAJAA STORIES,المغرب",26,"Howto & Style",,PT27M56S,1676,2d,hd,false,ar,ar,https://i.ytimg.com/vi/sCUwnc9iVio/maxresdefault.jpg,1,,,,,310968,14064,,0,1200
7,UCebFWsUeE9bx-kDyN40wmQQ,NADIAS,CvDHaMZTEBY,2026-02-10T18:24:44Z,"2026-02-10 18:24:44","أسرار الليلة الأخيرة: كيفاش عاشت أشهر ممثلة ساعاتها الأخيرة قبل ""الفاجعة""! 🔓⛔","#قصص #قصص_واقعية #قصص_حقيقية","سعاد حسني,قصة سعاد حسني,قصص,قصص_واقعية,قصص_بالمغربية,nadias,قصص_نادية,قصص_حقيقية,قصص بالدارجة,قصص بالمغربية,قصص المغرب,SAFAA,LASSAKRI,قصص العسكري,قصص صفاء,قصص مغربية,قصص نادية,NADIA STORIES,NADIAS,العسكري,الخراز,قصص الخراز,العساكري,RAJAA STORIES,المغرب",26,"Howto & Style",,PT45M8S,2708,2d,hd,false,ar,ar,https://i.ytimg.com/vi/CvDHaMZTEBY/maxresdefault.jpg,1,,,,,357191,13532,,0,1032
8,UCebFWsUeE9bx-kDyN40wmQQ,NADIAS,5J-q7TV3IXY,2026-01-28T18:56:18Z,"2026-01-28 18:56:18","القضية لي تسدّات بسرعة… شنو تخبّى فموت لونا الشبل؟⛔🔐","#قصص #قصص_واقعية #قصص_حقيقية","لونا الشبل,قصص,قصص_واقعية,قصص_بالمغربية,nadias,قصص_نادية,قصص_حقيقية,قصص بالدارجة,قصص بالمغربية,قصص المغرب,SAFAA,LASSAKRI,قصص العسكري,قصص صفاء,قصص مغربية,قصص نادية,NADIA STORIES,NADIAS,العسكري,الخراز,قصص الخراز,العساكري,RAJAA STORIES,المغرب",26,"Howto & Style",,PT34M50S,2090,2d,hd,false,ar,ar,https://i.ytimg.com/vi/5J-q7TV3IXY/maxresdefault.jpg,1,,,,,320158,14591,,0,1172
9,UCebFWsUeE9bx-kDyN40wmQQ,NADIAS,XrLv6m7syTE,2026-01-21T18:34:57Z,"2026-01-21 18:34:57","تطبيق لي كان عزيز عليها هو لي غيكشف حقيقة اختفائها⛔🔐","#قصص #قصص_واقعية #قصص_حقيقية","قصص,قصص_واقعية,قصص_بالمغربية,nadias,قصص_نادية,قصص_حقيقية,قصص بالدارجة,قصص بالمغربية,قصص المغرب,SAFAA,LASSAKRI,قصص العسكري,قصص صفاء,قصص مغربية,قصص نادية,NADIA STORIES,NADIAS,العسكري,الخراز,قصص الخراز,العساكري,RAJAA STORIES,المغرب",26,"Howto & Style",,PT39M12S,2352,2d,hd,false,ar,ar,https://i.ytimg.com/vi/XrLv6m7syTE/maxresdefault.jpg,1,,,,,409548,18344,,0,1602
10,UCebFWsUeE9bx-kDyN40wmQQ,NADIAS,eHe3eJenkiw,2026-01-03T18:00:43Z,"2026-01-03 18:00:43","جريمة تحولات لبرنامج واقعي على المباشر دايز في البرازيل كلها🎥⛔","#قصص #قصص_واقعية #قصص_حقيقية","قصص,قصص_واقعية,قصص_بالمغربية,nadias,قصص_نادية,قصص_حقيقية,قصص بالدارجة,قصص بالمغربية,قصص المغرب,SAFAA,LASSAKRI,قصص العسكري,قصص صفاء,قصص مغربية,قصص نادية,NADIA STORIES,NADIAS,العسكري,الخراز,قصص الخراز,العساكري,RAJAA STORIES,المغرب",26,"Howto & Style",Society,PT46M5S,2765,2d,hd,false,ar,ar,https://i.ytimg.com/vi/eHe3eJenkiw/maxresdefault.jpg,1,,,,,418558,17565,,0,1097
11,UCebFWsUeE9bx-kDyN40wmQQ,NADIAS,54neF4FtkbQ,2025-12-25T17:51:03Z,"2025-12-25 17:51:03","القصة لغتخليك دخل سوق راسك و تحمد الله 😵⛔","#قصص #قصص_واقعية #قصص_حقيقية","قصص,قصص_واقعية,قصص_بالمغربية,nadias,قصص_نادية,قصص_حقيقية,قصص بالدارجة,قصص بالمغربية,قصص المغرب,SAFAA,LASSAKRI,قصص العسكري,قصص صفاء,قصص مغربية,قصص نادية,NADIA STORIES,NADIAS,العسكري,الخراز,قصص الخراز,العساكري,RAJAA STORIES,المغرب",26,"Howto & Style",,PT21M36S,1296,2d,hd,false,ar,ar,https://i.ytimg.com/vi/54neF4FtkbQ/maxresdefault.jpg,1,,,,,408608,15875,,0,1216
12,UCebFWsUeE9bx-kDyN40wmQQ,NADIAS,nqj-_O9pENs,2025-12-19T18:01:07Z,"2025-12-19 18:01:07","عائلة مليونيرات وبحر كيشهد على سِرّ خطير… شنو وقع فديك الليلة؟🔐⛔","#قصص #قصص_واقعية #قصص_حقيقية","قصص,قصص_واقعية,قصص_بالمغربية,nadias,قصص_نادية,قصص_حقيقية,قصص بالدارجة,قصص بالمغربية,قصص المغرب,SAFAA,LASSAKRI,قصص العسكري,قصص صفاء,قصص مغربية,قصص نادية,NADIA STORIES,NADIAS,العسكري,الخراز,قصص الخراز,العساكري,RAJAA STORIES,المغرب",26,"Howto & Style",,PT41M10S,2470,2d,hd,false,ar,ar,https://i.ytimg.com/vi/nqj-_O9pENs/maxresdefault.jpg,1,,,,,365713,13479,,0,1186
13,UCebFWsUeE9bx-kDyN40wmQQ,NADIAS,MqR2DrSOaRk,2025-12-14T13:21:08Z,"2025-12-14 13:21:08","شنو وقع لفنانة لشيريهان فديك الليلة ؟ رواية رسمية… وحقيقة مخفية🔑⛔","#قصص #قصص_واقعية #قصص_حقيقية","شيريهان,قصة شيريهان,قصص الفنانين,قصص,قصص_واقعية,قصص_بالمغربية,nadias,قصص_نادية,قصص_حقيقية,قصص بالدارجة,قصص بالمغربية,قصص المغرب,SAFAA,LASSAKRI,قصص العسكري,قصص صفاء,قصص مغربية,قصص نادية,NADIA STORIES,NADIAS,العسكري,الخراز,قصص الخراز,العساكري,RAJAA STORIES,المغرب",26,"Howto & Style",Entertainment,PT30M7S,1807,2d,hd,false,ar,ar,https://i.ytimg.com/vi/MqR2DrSOaRk/maxresdefault.jpg,1,,,,,541982,17677,,0,1506
14,UCebFWsUeE9bx-kDyN40wmQQ,NADIAS,EUAZFZEF9Fw,2025-12-07T13:16:33Z,"2025-12-07 13:16:33","القصة لي غادي تخليك تشكّ فأي واحد كتعرف⛏️⛔","#قصص #قصص_واقعية #قصص_حقيقية","قصص,قصص_واقعية,قصص_بالمغربية,nadias,قصص_نادية,قصص_حقيقية,قصص بالدارجة,قصص بالمغربية,قصص المغرب,SAFAA,LASSAKRI,قصص العسكري,قصص صفاء,قصص مغربية,قصص نادية,NADIA STORIES,NADIAS,العسكري,الخراز,قصص الخراز,العساكري,RAJAA STORIES,المغرب,BTK",26,"Howto & Style",,PT47M11S,2831,2d,hd,false,ar,ar,https://i.ytimg.com/vi/EUAZFZEF9Fw/maxresdefault.jpg,1,,,,,433555,20172,,0,1399
15,UCebFWsUeE9bx-kDyN40wmQQ,NADIAS,Ive38VVgnkM,2025-11-23T16:13:48Z,"2025-11-23 16:13:48","أسرار خطيرة وراء أخطر جريمة فـ أمريكا لي عام 2025 !🔐⛔","#قصص #قصص_واقعية #قصص_حقيقية","قصص,قصص_واقعية,قصص_بالمغربية,nadias,قصص_نادية,قصص_حقيقية,قصص بالدارجة,قصص بالمغربية,قصص المغرب,SAFAA,LASSAKRI,قصص العسكري,قصص صفاء,قصص مغربية,قصص نادية,NADIA STORIES,NADIAS,العسكري,الخراز,قصص الخراز,العساكري,RAJAA STORIES,المغرب",26,"Howto & Style",Society,PT42M30S,2550,2d,hd,false,ar,ar,https://i.ytimg.com/vi/Ive38VVgnkM/maxresdefault.jpg,1,,,,,347396,21206,,0,1916
16,UCebFWsUeE9bx-kDyN40wmQQ,NADIAS,9JAFo0q6ELQ,2025-11-20T17:21:04Z,"2025-11-20 17:21:04","كسيدة قلبات حياة شاب… ونداء مستعجل من عائلته🚑🇲🇦","#قصص #قصص_واقعية #قصص_حقيقية","قصص,قصص_واقعية,قصص_بالمغربية,nadias,قصص_نادية,قصص_حقيقية,قصص بالدارجة,قصص بالمغربية,قصص المغرب,SAFAA,LASSAKRI,قصص العسكري,قصص صفاء,قصص مغربية,قصص نادية,NADIA STORIES,NADIAS,العسكري,الخراز,قصص الخراز,العساكري,RAJAA STORIES,المغرب",26,"Howto & Style",,PT9M24S,564,2d,hd,false,ar,ar,https://i.ytimg.com/vi/9JAFo0q6ELQ/maxresdefault.jpg,1,,,,,85761,7040,,0,713
17,UCebFWsUeE9bx-kDyN40wmQQ,NADIAS,f12A-95tdhg,2025-11-17T18:01:58Z,"2025-11-17 18:01:58","اختطاف عارضة أزياء على يد أمير ماليزيا… تفاصيل الهروب الصادم😱⛔","#قصص #قصص_واقعية #قصص_حقيقية","قصص,قصص_واقعية,قصص_بالمغربية,nadias,قصص_نادية,قصص_حقيقية,قصص بالدارجة,قصص بالمغربية,قصص المغرب,SAFAA,LASSAKRI,قصص العسكري,قصص صفاء,قصص مغربية,قصص نادية,NADIA STORIES,NADIAS,العسكري,الخراز,قصص الخراز,العساكري,RAJAA STORIES,المغرب",26,"Howto & Style",,PT27M59S,1679,2d,hd,false,ar,ar,https://i.ytimg.com/vi/f12A-95tdhg/maxresdefault.jpg,1,,,,,356211,15275,,0,978
18,UCebFWsUeE9bx-kDyN40wmQQ,NADIAS,6zy7Gg_WtH8,2025-11-09T13:29:48Z,"2025-11-09 13:29:48","ملي رجعو لفديوهات العرس كشفو السر وراء اختفاء لعرسان في شهر العسل !🔓📼","#قصص #قصص_واقعية #قصص_حقيقية","قصص,قصص_واقعية,قصص_بالمغربية,nadias,قصص_نادية,قصص_حقيقية,قصص بالدارجة,قصص بالمغربية,قصص المغرب,SAFAA,LASSAKRI,قصص العسكري,قصص صفاء,قصص مغربية,قصص نادية,NADIA STORIES,NADIAS,العسكري,الخراز,قصص الخراز,العساكري,RAJAA STORIES,المغرب",26,"Howto & Style",,PT30M23S,1823,2d,hd,false,ar,ar,https://i.ytimg.com/vi/6zy7Gg_WtH8/maxresdefault.jpg,1,,,,,410627,18813,,0,1599
19,UCebFWsUeE9bx-kDyN40wmQQ,NADIAS,Uw3pOE26FIw,2025-10-28T18:51:58Z,"2025-10-28 18:51:58","سر مظلم جمع بين طبيبة تجميل ناجحة وأخطر مجرم فالعالم الإفتراضي!🔒⛔","#قصص #قصص_واقعية #قصص_حقيقية","قصص,قصص_واقعية,قصص_بالمغربية,nadias,قصص_نادية,قصص_حقيقية,قصص بالدارجة,قصص بالمغربية,قصص المغرب,SAFAA,LASSAKRI,قصص العسكري,قصص صفاء,قصص مغربية,قصص نادية,NADIA STORIES,NADIAS,العسكري,الخراز,قصص الخراز,العساكري,RAJAA STORIES,المغرب",26,"Howto & Style",,PT56M35S,3395,2d,hd,false,ar,ar,https://i.ytimg.com/vi/Uw3pOE26FIw/maxresdefault.jpg,1,,,,,460305,22950,,0,1732
20,UCebFWsUeE9bx-kDyN40wmQQ,NADIAS,zq7mhNL8OjM,2025-10-19T18:01:02Z,"2025-10-19 18:01:02","القصة اللي غتخليك تشوف كلشي كذوب ..!⛔🔐","#قصص #قصص_واقعية #قصص_حقيقية","قصص,قصص_واقعية,قصص_بالمغربية,nadias,قصص_نادية,قصص_حقيقية,قصص بالدارجة,قصص بالمغربية,قصص المغرب,SAFAA,LASSAKRI,قصص العسكري,قصص صفاء,قصص مغربية,قصص نادية,NADIA STORIES,NADIAS,العسكري,الخراز,قصص الخراز,العساكري,RAJAA STORIES,المغرب",26,"Howto & Style",,PT49M33S,2973,2d,hd,false,ar,ar,https://i.ytimg.com/vi/zq7mhNL8OjM/maxresdefault.jpg,1,,,,,546073,19473,,0,1515
21,UCebFWsUeE9bx-kDyN40wmQQ,NADIAS,OaaD7gV7aMQ,2025-09-28T18:33:56Z,"2025-09-28 18:33:56","ولد الفشوش الاماراتي طاح فحب الخدامة.. والنهاية ما كانتش فالبال🔨⛔","#قصص #قصص_واقعية #قصص_حقيقية","قصص,قصص_واقعية,قصص_بالمغربية,nadias,قصص_نادية,قصص_حقيقية,قصص بالدارجة,قصص بالمغربية,قصص المغرب,SAFAA,LASSAKRI,قصص العسكري,قصص صفاء,قصص مغربية,قصص نادية,NADIA STORIES,NADIAS,العسكري,الخراز,قصص الخراز,العساكري,RAJAA STORIES,المغرب",26,"Howto & Style",,PT33M16S,1996,2d,hd,false,ar,ar,https://i.ytimg.com/vi/OaaD7gV7aMQ/maxresdefault.jpg,1,,,,,421306,20605,,0,2411
22,UCebFWsUeE9bx-kDyN40wmQQ,NADIAS,QSHlYdOPuPA,2025-09-17T19:19:02Z,"2025-09-17 19:19:02","فنانة مشهورة وفلوس بالملايين.. ولكن بثمن أعضاء بشرية !🔐⛔","#قصص #قصص_واقعية #قصص_حقيقية","قصص,قصص_واقعية,قصص_بالمغربية,nadias,قصص_نادية,قصص_حقيقية,قصص بالدارجة,قصص بالمغربية,قصص المغرب,SAFAA,LASSAKRI,قصص العسكري,قصص صفاء,قصص مغربية,قصص نادية,NADIA STORIES,NADIAS,العسكري,الخراز,قصص الخراز,العساكري,RAJAA STORIES,المغرب",26,"Howto & Style",,PT33M25S,2005,2d,hd,false,ar,ar,https://i.ytimg.com/vi/QSHlYdOPuPA/maxresdefault.jpg,1,,,,,540375,22470,,0,1927
23,UCebFWsUeE9bx-kDyN40wmQQ,NADIAS,-OukffRBaCA,2025-09-11T18:00:00Z,"2025-09-11 18:00:00","اسرار خطيرة في قضية الدكتورة بان وعلاقتها مع وفاة سارة العبودة🔨⛔","#قصص #قصص_واقعية #قصص_حقيقية","دكتورة بان,قضية دكتورة بان,قصص,قصص_واقعية,قصص_بالمغربية,nadias,قصص_نادية,قصص_حقيقية,قصص بالدارجة,قصص بالمغربية,قصص المغرب,SAFAA,LASSAKRI,قصص العسكري,قصص صفاء,قصص مغربية,قصص نادية,NADIA STORIES,NADIAS,العسكري,الخراز,قصص الخراز,العساكري,RAJAA STORIES,المغرب",26,"Howto & Style",,PT36M45S,2205,2d,hd,false,ar,ar,https://i.ytimg.com/vi/-OukffRBaCA/maxresdefault.jpg,1,,,,,320914,13891,,0,1119
24,UCebFWsUeE9bx-kDyN40wmQQ,NADIAS,U6sJUmWfyGc,2025-08-27T17:14:00Z,"2025-08-27 17:14:00","قصة أكثر من 100 عام من الصمود والمعاناة !🇵🇸🚫","#قصص #قصص_واقعية #قصص_حقيقية","غزة,فلسطين,قصة فلسطين,قصة غزة,قصص واقعية,nadias",26,"Howto & Style",Society,PT36M6S,2166,2d,hd,false,ar,ar,https://i.ytimg.com/vi/U6sJUmWfyGc/maxresdefault.jpg,1,,,,,120054,14772,,0,2503
25,UCebFWsUeE9bx-kDyN40wmQQ,NADIAS,oW_kBFmatYw,2025-08-21T19:04:14Z,"2025-08-21 19:04:14","آجي تعرف جحيم أشهر عارضة أزياء في العالم❗ (الوجه الخفي للشهرة واللعاقة)👄","#قصص #قصص_واقعية #قصص_حقيقية","قصص,قصص_واقعية,قصص_بالمغربية,nadias,قصص_نادية,قصص_حقيقية,قصص بالدارجة,قصص بالمغربية,قصص المغرب,SAFAA,LASSAKRI,قصص العسكري,قصص صفاء,قصص مغربية,قصص نادية,NADIA STORIES,NADIAS,العسكري,الخراز,قصص الخراز,العساكري,RAJAA STORIES,المغرب",26,"Howto & Style",,PT39M24S,2364,2d,hd,false,ar,ar,https://i.ytimg.com/vi/oW_kBFmatYw/maxresdefault.jpg,1,,,,,411577,16317,,0,974
26,UCebFWsUeE9bx-kDyN40wmQQ,NADIAS,KyB3heRcNZs,2025-08-15T20:24:38Z,"2025-08-15 20:24:38","تجربة علمية تحولات لكا*رثة… والنهاية صدمة !🎥⚠️","#قصص #قصص_واقعية #قصص_حقيقية","قصص_واقعية,قصص_جريمة,قصص,قصص_بالمغربية,nadias,قصص_نادية,قصص_حقيقية,قصص بالدارجة,قصص بالمغربية,قصص المغرب",26,"Howto & Style",,PT30M13S,1813,2d,hd,false,ar,ar,https://i.ytimg.com/vi/KyB3heRcNZs/maxresdefault.jpg,1,,,,,296677,13892,,0,683
27,UCebFWsUeE9bx-kDyN40wmQQ,NADIAS,Mo0DZDlbmk8,2025-08-07T18:15:01Z,"2025-08-07 18:15:01","من محققات إلى متهمات... علاش تقلبات القصة ؟⛔👮‍♀️","#قصص #قصص_واقعية #قصص_حقيقية","قصص,قصص_واقعية,قصص_بالمغربية,nadias,قصص_نادية,قصص_حقيقية,قصص بالدارجة,قصص بالمغربية,قصص المغرب,SAFAA,LASSAKRI,قصص العسكري,قصص صفاء,قصص مغربية,قصص نادية,NADIA STORIES,NADIAS,العسكري,الخراز,قصص الخراز,العساكري,RAJAA STORIES,المغرب",26,"Howto & Style",,PT34M2S,2042,2d,hd,false,ar,ar,https://i.ytimg.com/vi/Mo0DZDlbmk8/maxresdefault.jpg,1,,,,,307199,12804,,0,922
28,UCebFWsUeE9bx-kDyN40wmQQ,NADIAS,9B4K06-00us,2025-08-02T19:45:00Z,"2025-08-02 19:45:00","غادي يختارك الى كنتي زوينة ولكن بشرط خاصك تموتي ! 😱🔨","#قصص #قصص_واقعية #قصص_حقيقية","قصص,قصص_واقعية,قصص_بالمغربية,nadias,قصص_نادية,قصص_حقيقية,قصص بالدارجة,قصص بالمغربية,قصص المغرب,SAFAA,LASSAKRI,قصص العسكري,قصص صفاء,قصص مغربية,قصص نادية,NADIA STORIES,NADIAS,العسكري,الخراز,قصص الخراز,العساكري,RAJAA STORIES,المغرب",26,"Howto & Style",,PT24M52S,1492,2d,hd,false,ar,ar,https://i.ytimg.com/vi/9B4K06-00us/maxresdefault.jpg,1,,,,,327435,13483,,0,966
29,UCebFWsUeE9bx-kDyN40wmQQ,NADIAS,t4p3ovNfGsI,2025-07-30T20:53:22Z,"2025-07-30 20:53:22","كيفاش فيلم خلا عائلة تفك لغز قَتّال الزودياك من بعد نصف قرن!⛏️🔐","#قصص #قصص_واقعية #قصص_حقيقية","قصص,قصص_واقعية,قصص_بالمغربية,nadias,قصص_نادية,قصص_حقيقية,قصص بالدارجة,قصص بالمغربية,قصص المغرب,SAFAA,LASSAKRI,قصص العسكري,قصص صفاء,قصص مغربية,قصص نادية,NADIA STORIES,NADIAS,العسكري,الخراز,قصص الخراز,العساكري,RAJAA STORIES,المغرب",26,"Howto & Style",Film,PT51M49S,3109,2d,hd,false,ar,ar,https://i.ytimg.com/vi/t4p3ovNfGsI/maxresdefault.jpg,1,,,,,391867,16279,,0,991
30,UCebFWsUeE9bx-kDyN40wmQQ,NADIAS,TDw884TOiFc,2025-07-22T20:52:57Z,"2025-07-22 20:52:57","لقاوها معلقة في بالكون في قصر ملياردير👠 و لغز دام كثر من 14 عام🔎⛔","#قصص #قصص_واقعية #قصص_حقيقية","قصص,قصص_واقعية,قصص_بالمغربية,nadias,قصص_نادية,قصص_حقيقية,قصص بالدارجة,قصص بالمغربية,قصص المغرب,SAFAA,LASSAKRI,قصص العسكري,قصص صفاء,قصص مغربية,قصص نادية,NADIA STORIES,NADIAS,العسكري,الخراز,قصص الخراز,العساكري,RAJAA STORIES,المغرب",26,"Howto & Style",,PT38M44S,2324,2d,hd,false,ar,ar,https://i.ytimg.com/vi/TDw884TOiFc/maxresdefault.jpg,1,,,,,395542,15970,,0,1100
31,UCebFWsUeE9bx-kDyN40wmQQ,NADIAS,aHcFR_HlTN4,2025-07-18T19:10:08Z,"2025-07-18 19:10:08","كلشي بدا باتصال غامض… والخاتم كان جزء من المؤامرة!🪓🔐","#قصص #قصص_واقعية #قصص_حقيقية","قصص_واقعية,قصص_جريمة,قصص,قصص_بالمغربية,nadias,قصص_نادية,قصص_حقيقية,قصص بالدارجة,قصص بالمغربية,قصص المغرب",26,"Howto & Style",,PT48M22S,2902,2d,hd,false,ar,ar,https://i.ytimg.com/vi/aHcFR_HlTN4/maxresdefault.jpg,1,,,,,426132,15711,,0,816
32,UCebFWsUeE9bx-kDyN40wmQQ,NADIAS,N_4qqdpRaKY,2025-06-30T18:28:50Z,"2025-06-30 18:28:50","اختفاء طائرة كان السباب في نهاية عداوة قديمة بطريقة ما كان حتى شي واحد يتخيلها ! 🔐✈️","#قصص #قصص_واقعية #قصص_حقيقية","قصص,قصص_واقعية,قصص_بالمغربية,nadias,قصص_نادية,قصص_حقيقية,قصص بالدارجة,قصص بالمغربية,قصص المغرب,SAFAA,LASSAKRI,قصص العسكري,قصص صفاء,قصص مغربية,قصص نادية,NADIA STORIES,NADIAS,العسكري,الخراز,قصص الخراز,العساكري,RAJAA STORIES,المغرب",26,"Howto & Style",,PT38M43S,2323,2d,hd,false,ar,ar,https://i.ytimg.com/vi/N_4qqdpRaKY/maxresdefault.jpg,1,,,,,308196,16563,,0,1563
33,UCebFWsUeE9bx-kDyN40wmQQ,NADIAS,3d9amWfnTnk,2025-06-25T18:06:43Z,"2025-06-25 18:06:43","تيكتوكر مشهورة اختفات من الواقع… وبقات حية فالنت!❤️‍🩹🪓","#قصص #قصص_واقعية #قصص_حقيقية","قصص,قصص_واقعية,قصص_بالمغربية,nadias,قصص_نادية,قصص_حقيقية,قصص بالدارجة,قصص بالمغربية,قصص المغرب,SAFAA,LASSAKRI,قصص العسكري,قصص صفاء,قصص مغربية,قصص نادية,NADIA STORIES,NADIAS,العسكري,الخراز,قصص الخراز,العساكري,RAJAA STORIES,المغرب",26,"Howto & Style",,PT34M19S,2059,2d,hd,false,ar,ar,https://i.ytimg.com/vi/3d9amWfnTnk/maxresdefault.jpg,1,,,,,389810,16742,,0,1077
34,UCebFWsUeE9bx-kDyN40wmQQ,NADIAS,IAJogU06Upo,2025-06-21T13:09:46Z,"2025-06-21 13:09:46","تسونامي ديال الاختفاءات والبوليس ناعس… واش جارك هو القتال؟🕵🏼🪓","#قصص #قصص_واقعية #قصص_حقيقية","قصص,قصص_واقعية,قصص_بالمغربية,nadias,قصص_نادية,قصص_حقيقية,قصص بالدارجة,قصص بالمغربية,قصص المغرب,SAFAA,LASSAKRI,قصص العسكري,قصص صفاء,قصص مغربية,قصص نادية,NADIA STORIES,NADIAS,العسكري,الخراز,قصص الخراز,العساكري,RAJAA STORIES,المغرب",26,"Howto & Style",,PT56M46S,3406,2d,hd,false,ar,ar,https://i.ytimg.com/vi/IAJogU06Upo/maxresdefault.jpg,1,,,,,524366,17565,,0,910
35,UCebFWsUeE9bx-kDyN40wmQQ,NADIAS,6AKgsDMMqZE,2025-06-11T18:15:00Z,"2025-06-11 18:15:00","مشيت لسعودية باش ينهشو لحمي وكلشي على قبل خوتي💔🇸🇦( تصريحات من الضحية شخصيا!! )","#قصص #قصص_واقعية #قصص_حقيقية","قصص,قصص_واقعية,قصص_بالمغربية,nadias,قصص_نادية,قصص_حقيقية,قصص بالدارجة,قصص بالمغربية,قصص المغرب,SAFAA,LASSAKRI,قصص العسكري,قصص صفاء,قصص مغربية,قصص نادية,NADIA STORIES,NADIAS,العسكري,الخراز,قصص الخراز,العساكري,RAJAA STORIES,المغرب",26,"Howto & Style",,PT25M37S,1537,2d,hd,false,ar,ar,https://i.ytimg.com/vi/6AKgsDMMqZE/maxresdefault.jpg,1,,,,,277821,15278,,0,2557
36,UCebFWsUeE9bx-kDyN40wmQQ,NADIAS,oZmiBjVedno,2025-06-07T13:01:32Z,"2025-06-07 13:01:32","هربتي حتى عييتي… وطحتي فإيديا! الغدار عمرُو ما كينسى!☠️🪓","#قصص #قصص_واقعية #قصص_حقيقية","قصص,قصص_واقعية,قصص_بالمغربية,nadias,قصص_نادية,قصص_حقيقية,قصص بالدارجة,قصص بالمغربية,قصص المغرب,SAFAA,LASSAKRI,قصص العسكري,قصص صفاء,قصص مغربية,قصص نادية,NADIA STORIES,NADIAS,العسكري,الخراز,قصص الخراز,العساكري,RAJAA STORIES,المغرب",26,"Howto & Style",,PT41M32S,2492,2d,hd,false,ar,ar,https://i.ytimg.com/vi/oZmiBjVedno/maxresdefault.jpg,,,,,,479524,14996,,0,709
37,UCebFWsUeE9bx-kDyN40wmQQ,NADIAS,AHjERrqqs9s,2025-05-30T19:16:37Z,"2025-05-30 19:16:37","حرب خاسرة بين ممثلة مـيتة ونجم روك عالمي (والنهاية لم تُرضِ أحداً)❤️‍🩹⚖️","#قصص #قصص_واقعية #قصص_حقيقية","قصص,قصص_واقعية,قصص_بالمغربية,nadias,قصص_نادية,قصص_حقيقية,قصص بالدارجة,قصص بالمغربية,قصص المغرب,SAFAA,LASSAKRI,قصص العسكري,قصص صفاء,قصص مغربية,قصص نادية,NADIA STORIES,NADIAS,العسكري,الخراز,قصص الخراز,العساكري,RAJAA STORIES,المغرب",26,"Howto & Style",Entertainment,PT40M27S,2427,2d,hd,false,ar,ar,https://i.ytimg.com/vi/AHjERrqqs9s/maxresdefault.jpg,1,,,,,311568,13543,,0,828
38,UCebFWsUeE9bx-kDyN40wmQQ,NADIAS,oHfWGi7sqbk,2025-05-27T18:22:54Z,"2025-05-27 18:22:54","مربية كيوت وعميل سابق فـ FBI دارو خبلة فمريكان بسباب ليلة وحدة!🕵🏻‍♂️⛔️","#قصص #قصص_واقعية #قصص_حقيقية","قصص,قصص_واقعية,قصص_بالمغربية,nadias,قصص_نادية,قصص_حقيقية,قصص بالدارجة,قصص بالمغربية,قصص المغرب,SAFAA,LASSAKRI,قصص العسكري,قصص صفاء,قصص مغربية,قصص نادية,NADIA STORIES,NADIAS,العسكري,الخراز,قصص الخراز,العساكري,RAJAA STORIES,المغرب",26,"Howto & Style",,PT53M38S,3218,2d,hd,false,ar,ar,https://i.ytimg.com/vi/oHfWGi7sqbk/maxresdefault.jpg,1,,,,,429637,16347,,0,1023
39,UCebFWsUeE9bx-kDyN40wmQQ,NADIAS,BxBwsWOlSXQ,2025-05-22T19:00:11Z,"2025-05-22 19:00:11","اشنو وقع في الغرفة رقم 15؟ علاقة غريبة بين ثلاثة كتسالي بكارثة !! 👄🪓","#قصص #قصص_واقعية #قصص_حقيقية","قصص,قصص_واقعية,قصص_بالمغربية,nadias,قصص_نادية,قصص_حقيقية,قصص بالدارجة,قصص بالمغربية,قصص المغرب,SAFAA,LASSAKRI,قصص العسكري,قصص صفاء,قصص مغربية,قصص نادية,NADIA STORIES,NADIAS,العسكري,الخراز,قصص الخراز,العساكري,RAJAA STORIES,المغرب",26,"Howto & Style",,PT27M42S,1662,2d,hd,false,ar,ar,https://i.ytimg.com/vi/BxBwsWOlSXQ/maxresdefault.jpg,1,,,,,312842,13833,,0,969
40,UCebFWsUeE9bx-kDyN40wmQQ,NADIAS,POJC-jTVG0w,2025-05-15T18:56:18Z,"2025-05-15 18:56:18","من طباخ بسيط اكتاشف انه حفيد اغنى سلاطين العالم ! ولكن (النهاية صادمة !)⛔️😱","#قصص #قصص_واقعية #قصص_حقيقية","قصص,قصص_واقعية,قصص_بالمغربية,nadias,قصص_نادية,قصص_حقيقية,قصص بالدارجة,قصص بالمغربية,قصص المغرب,SAFAA,LASSAKRI,قصص العسكري,قصص صفاء,قصص مغربية,قصص نادية,NADIA STORIES,NADIAS,العسكري,الخراز,قصص الخراز,العساكري,RAJAA STORIES,المغرب",26,"Howto & Style",,PT50M53S,3053,2d,hd,false,ar,ar,https://i.ytimg.com/vi/POJC-jTVG0w/maxresdefault.jpg,1,,,,,471008,19723,,0,1484
41,UCebFWsUeE9bx-kDyN40wmQQ,NADIAS,lsN9j58Usd0,2025-05-09T18:15:07Z,"2025-05-09 18:15:07","رجل اعمال قــتلاتـو الثروة ديالو!! و المنفّذ اقرب الناس ليه 🔏​🪓​","#قصص #قصص_واقعية #قصص_حقيقية","قصص,قصص_واقعية,قصص_بالمغربية,nadias,قصص_نادية,قصص_حقيقية,قصص بالدارجة,قصص بالمغربية,قصص المغرب,SAFAA,LASSAKRI,قصص العسكري,قصص صفاء,قصص مغربية,قصص نادية,NADIA STORIES,NADIAS,العسكري,الخراز,قصص الخراز,العساكري,RAJAA STORIES,المغرب",26,"Howto & Style",Society,PT26M48S,1608,2d,hd,false,ar,ar,https://i.ytimg.com/vi/lsN9j58Usd0/maxresdefault.jpg,1,,,,,349499,14554,,0,750
42,UCebFWsUeE9bx-kDyN40wmQQ,NADIAS,wEv_K7WW1hY,2025-05-04T14:33:23Z,"2025-05-04 14:33:23","اختفاء شرطية على طريق 47 فتح جهنم على المحققين وقلب الهند كاملة🕵🏾‍♀️⛔️","#قصص #قصص_واقعية #قصص_حقيقية","قصص,قصص_واقعية,قصص_بالمغربية,nadias,قصص_نادية,قصص_حقيقية,قصص بالدارجة,قصص بالمغربية,قصص المغرب,SAFAA,LASSAKRI,قصص العسكري,قصص صفاء,قصص مغربية,قصص نادية,NADIA STORIES,NADIAS,العسكري,الخراز,قصص الخراز,العساكري,RAJAA STORIES,المغرب",26,"Howto & Style",,PT28M47S,1727,2d,hd,false,ar,ar,https://i.ytimg.com/vi/wEv_K7WW1hY/maxresdefault.jpg,1,,,,,376214,16107,,0,1041
43,UCebFWsUeE9bx-kDyN40wmQQ,NADIAS,t-CQxumfvV0,2025-04-30T18:11:53Z,"2025-04-30 18:11:53","واخيرااا كشف لغز اختفاء طالبة وسط أشهر فندق بأمريكا ! 🕵🏻‍♂️(مستجدات حصرية)🔐","#قصص #قصص_واقعية #قصص_حقيقية","قصص,قصص_واقعية,قصص_بالمغربية,nadias,قصص_نادية,قصص_حقيقية,قصص بالدارجة,قصص بالمغربية,قصص المغرب,SAFAA,LASSAKRI,قصص العسكري,قصص صفاء,قصص مغربية,قصص نادية,NADIA STORIES,NADIAS,العسكري,الخراز,قصص الخراز,العساكري,RAJAA STORIES,المغرب",26,"Howto & Style",,PT50M33S,3033,2d,hd,false,ar,ar,https://i.ytimg.com/vi/t-CQxumfvV0/maxresdefault.jpg,1,,,,,457705,18294,,0,1014
44,UCebFWsUeE9bx-kDyN40wmQQ,NADIAS,OU9ov8cylKI,2025-04-24T18:30:24Z,"2025-04-24 18:30:24","بغيت ننقد العالم ونولي بطل ...لكن حولت حياتي لجحيم🔥⛔️","#قصص #قصص_واقعية #قصص_حقيقية","قصص,قصص_واقعية,قصص_بالمغربية,nadias,قصص_نادية,قصص_حقيقية,قصص بالدارجة,قصص بالمغربية,قصص المغرب,SAFAA,LASSAKRI,قصص العسكري,قصص صفاء,قصص مغربية,قصص نادية,NADIA STORIES,NADIAS,العسكري,الخراز,قصص الخراز,العساكري,RAJAA STORIES,المغرب",26,"Howto & Style",,PT46M40S,2800,2d,hd,false,ar,ar,https://i.ytimg.com/vi/OU9ov8cylKI/maxresdefault.jpg,1,,,,,371197,14834,,0,1117
45,UCebFWsUeE9bx-kDyN40wmQQ,NADIAS,SCTBNb0OZNk,2025-04-15T18:53:02Z,"2025-04-15 18:53:02","معاناتي مع القضايا المغربية... وهادي وحدة منهم ⛔️ (خلف الكواليس)","هدا الايميل ديالي nadia007business@gmail.com #قصص #قصص_واقعية #قصص_حقيقية","قصص,قصص_واقعية,قصص_بالمغربية,nadias,قصص_نادية,قصص_حقيقية,قصص بالدارجة,قصص بالمغربية,قصص المغرب,SAFAA,LASSAKRI,قصص العسكري,قصص صفاء,قصص مغربية,قصص نادية,NADIA STORIES,NADIAS,العسكري,الخراز,قصص الخراز,العساكري,RAJAA STORIES,المغرب",26,"Howto & Style",,PT39M56S,2396,2d,hd,false,ar,ar,https://i.ytimg.com/vi/SCTBNb0OZNk/maxresdefault.jpg,1,,,,,262912,24750,,0,4340
46,UCebFWsUeE9bx-kDyN40wmQQ,NADIAS,X0FSeQyNhKM,2025-04-07T18:27:35Z,"2025-04-07 18:27:35","إختفاء طفلين قلب أمة على قدها... والمجرم كان أقرب مما تخيّلو😱🕵️","🔔 مفاجأة رائعة من TEMU فقط لمتابعيني! 🔔 جديدك مع موقع TEMU! فقط بحمل التطبيق من الرابط أسفله، غادي تستافدي من باقة كوبونات مجانية بقيمة 1000 درهم 💸 صالحة للاستعمال عالميًا! 🎁 حملي تطبيق TEMU الآن وخدي الكوبونات ديالك مجانًا: 👉 https://app.temu.com/k/exy73s60jve أو كتبي الكود التالي مباشرة داخل تطبيق TEMU: dwd6485 👇 روابط المنتجات لي جبت فالفيديو: 🧥 الكارديجانات والسترات: كارديجان نسائي غير رسمي محبوك – 294 DH https://temu.to/k/epw7obiwjdz سترة نسائية أنيقة بنقوش زهور – 293 DH https://temu.to/k/e1cz3e2gics قميص محبوك زهري – 237 DH https://temu.to/k/evb82inlwvp سترة أنيقة من البوليستر – 232 DH https://temu.to/k/eey5r4mwnw8 كارديجان وردي مطرز بفراشة – 227 DH https://temu.to/k/e60qhnsv0ok جاكيت دينم أنيق – 229 DH https://temu.to/k/enjyfr9ihc6 قميص بألوان متباينة – 218 DH https://temu.to/k/eva5zzahhkl بلوزة شتوية بدانتيل – 150 DH https://temu.to/k/eeqj5a5rla9 قمة بتصميم قديم مع رباط – 136 DH https://temu.to/k/e7h94bkp22x قميص مخطط بأزرار – 137 DH https://temu.to/k/ej68klu8yjw 💎 المجوهرات والإكسسوارات: قلادة فاخرة بلآلئ – 72 DH https://temu.to/k/eskrrx1gsqx طقم مجوهرات بوهيمي – 72 DH https://temu.to/k/emm801nucgj قلادة فضية عيار 925 – 19 DH https://temu.to/k/e7zpmlbfxfs قلادة بزهرة تركواز – 19 DH https://temu.to/k/ej5xoq6b7g4 قلادة أنيقة بسبيكة – 16 DH https://temu.to/k/edh0h5s2600 📲 ماتنسايش تستغلي هاد العرض المحدود 💥 حملي التطبيق من الرابط أو دخلي الكود: dwd6485 وخدي كوبونات مجانية بقيمة 1000 درهم 💸","قصص_واقعية,قصص_جريمة,قصص,قصص_بالمغربية,nadias,قصص_نادية,قصص_حقيقية,قصص بالدارجة,قصص بالمغربية,قصص المغرب",26,"Howto & Style",,PT20M58S,1258,2d,hd,false,ar,ar,https://i.ytimg.com/vi/X0FSeQyNhKM/maxresdefault.jpg,1,,,,,320406,15190,,0,1318
47,UCebFWsUeE9bx-kDyN40wmQQ,NADIAS,DNjWEiODlT0,2025-03-31T16:41:52Z,"2025-03-31 16:41:52","واش هو جراح مشهور أو قناص فالاستخبارات؟ شكون هو فيهم؟💉🔐","#قصص #قصص_واقعية #قصص_حقيقية","قصص,قصص_واقعية,قصص_بالمغربية,nadias,قصص_نادية,قصص_حقيقية,قصص بالدارجة,قصص بالمغربية,قصص المغرب,SAFAA,LASSAKRI,قصص العسكري,قصص صفاء,قصص مغربية,قصص نادية,NADIA STORIES,NADIAS,العسكري,الخراز,قصص الخراز,العساكري,RAJAA STORIES,المغرب",26,"Howto & Style",,PT1H9M20S,560,2d,hd,false,ar,ar,https://i.ytimg.com/vi/DNjWEiODlT0/maxresdefault.jpg,1,,,,,538095,21624,,0,2004
48,UCebFWsUeE9bx-kDyN40wmQQ,NADIAS,A0X44H4mU30,2025-03-28T14:00:16Z,"2025-03-28 14:00:16","اشنو قصة الحب الغريب لي جمع بين راقصة باليه و ضابط في البحرية؟❤️‍🩹👄","#قصص #قصص_واقعية #قصص_حقيقية","قصص,قصص_واقعية,قصص_بالمغربية,nadias,قصص_نادية,قصص_حقيقية,قصص بالدارجة,قصص بالمغربية,قصص المغرب,SAFAA,LASSAKRI,قصص العسكري,قصص صفاء,قصص مغربية,قصص نادية,NADIA STORIES,NADIAS,العسكري,الخراز,قصص الخراز,العساكري,RAJAA STORIES,المغرب",26,"Howto & Style",,PT33M14S,1994,2d,hd,false,ar,ar,https://i.ytimg.com/vi/A0X44H4mU30/maxresdefault.jpg,1,,,,,390355,15352,,0,593
49,UCebFWsUeE9bx-kDyN40wmQQ,NADIAS,hN6dbCS14Mo,2025-03-23T15:03:12Z,"2025-03-23 15:03:12","ليلة وحدة قلبات حياتو⛔️ تفاصيل اللقاء السري بين نجم مشهور وعشيقتو الإيرانية!🏈🔥","#قصص #قصص_واقعية #قصص_حقيقية","قصص,قصص_واقعية,قصص_بالمغربية,nadias,قصص_نادية,قصص_حقيقية,قصص بالدارجة,قصص بالمغربية,قصص المغرب,SAFAA,LASSAKRI,قصص العسكري,قصص صفاء,قصص مغربية,قصص نادية,NADIA STORIES,NADIAS,العسكري,الخراز,قصص الخراز,العساكري,RAJAA STORIES,المغرب",26,"Howto & Style",,PT39M47S,2387,2d,hd,false,ar,ar,https://i.ytimg.com/vi/hN6dbCS14Mo/maxresdefault.jpg,1,,,,,319251,15412,,0,760
50,UCebFWsUeE9bx-kDyN40wmQQ,NADIAS,cLnDIdcBfh4,2025-03-15T14:20:08Z,"2025-03-15 14:20:08","لِيلَة في قصر مليونير بدلات حياة عائلة للأبَد🕵🏼‍♂️⛔️","#قصص #قصص_واقعية #قصص_حقيقية","قصص,قصص_واقعية,قصص_بالمغربية,nadias,قصص_نادية,قصص_حقيقية,قصص بالدارجة,قصص بالمغربية,قصص المغرب,SAFAA,LASSAKRI,قصص العسكري,قصص صفاء,قصص مغربية,قصص نادية,NADIA STORIES,NADIAS,العسكري,الخراز,قصص الخراز,العساكري,RAJAA STORIES,المغرب",26,"Howto & Style",,PT34M14S,2054,2d,hd,false,ar,ar,https://i.ytimg.com/vi/cLnDIdcBfh4/maxresdefault.jpg,1,,,,,316224,13975,,0,599
51,UCebFWsUeE9bx-kDyN40wmQQ,NADIAS,6p90S_kqRYo,2025-03-09T14:38:07Z,"2025-03-09 14:38:07","ما بغيتش نرجع لبلادي ...فيديو بدون عنوان⛔️","#قصص #قصص_واقعية #قصص_حقيقية","قصص,قصص_واقعية,قصص_بالمغربية,nadias,قصص_نادية,قصص_حقيقية,قصص بالدارجة,قصص بالمغربية,قصص المغرب,SAFAA,LASSAKRI,قصص العسكري,قصص صفاء,قصص مغربية,قصص نادية,NADIA STORIES,NADIAS,العسكري,الخراز,قصص الخراز,العساكري,RAJAA STORIES,المغرب",26,"Howto & Style",,PT27M10S,1630,2d,hd,false,ar,ar,https://i.ytimg.com/vi/6p90S_kqRYo/maxresdefault.jpg,1,,,,,363539,21670,,0,1565
52,UCebFWsUeE9bx-kDyN40wmQQ,NADIAS,BWvtaKksEL8,2025-03-07T14:02:57Z,"2025-03-07 14:02:57","بغاتو بزاااف... ولكن هو خبا عليها سر غيبدل كلشي🔍⛔️","#قصص #قصص_واقعية #قصص_حقيقية","قصص,قصص_واقعية,قصص_بالمغربية,nadias,قصص_نادية,قصص_حقيقية,قصص بالدارجة,قصص بالمغربية,قصص المغرب,SAFAA,LASSAKRI,قصص العسكري,قصص صفاء,قصص مغربية,قصص نادية,NADIA STORIES,NADIAS,العسكري,الخراز,قصص الخراز,العساكري,RAJAA STORIES,المغرب",26,"Howto & Style",,PT42M36S,2556,2d,hd,false,ar,ar,https://i.ytimg.com/vi/BWvtaKksEL8/maxresdefault.jpg,1,,,,,447122,18315,,0,1093
53,UCebFWsUeE9bx-kDyN40wmQQ,NADIAS,eBNK5DowtE0,2025-02-27T20:16:22Z,"2025-02-27 20:16:22","ناضت بين جوج رجال اعمال بسباب تصفية ملكة جمال في هوليود🔨💋","#قصص #قصص_واقعية #قصص_حقيقية","قصص,قصص_واقعية,قصص_بالمغربية,nadias,قصص_نادية,قصص_حقيقية,قصص بالدارجة,قصص بالمغربية,قصص المغرب,SAFAA,LASSAKRI,قصص العسكري,قصص صفاء,قصص مغربية,قصص نادية,NADIA STORIES,NADIAS,العسكري,الخراز,قصص الخراز,العساكري,RAJAA STORIES,المغرب",26,"Howto & Style",,PT32M56S,1976,2d,hd,false,ar,ar,https://i.ytimg.com/vi/eBNK5DowtE0/maxresdefault.jpg,1,,,,,308488,14449,,0,690
54,UCebFWsUeE9bx-kDyN40wmQQ,NADIAS,EPKhZBwwJpA,2025-02-21T18:00:15Z,"2025-02-21 18:00:15","رسالة صادمة كتبها مشهور.. الحقيقة اللي ماكان حتى شي حد متوقعها!🔍⛔️","#قصص #قصص_واقعية #قصص_حقيقيةمو","قصص,قصص_واقعية,قصص_بالمغربية,nadias,قصص_نادية,قصص_حقيقية,قصص بالدارجة,قصص بالمغربية,قصص المغرب,SAFAA,LASSAKRI,قصص العسكري,قصص صفاء,قصص مغربية,قصص نادية,NADIA STORIES,NADIAS,العسكري,الخراز,قصص الخراز,العساكري,RAJAA STORIES,المغرب",26,"Howto & Style",,PT29M23S,1763,2d,hd,false,ar,ar,https://i.ytimg.com/vi/EPKhZBwwJpA/maxresdefault.jpg,1,,,,,327494,15061,,0,878
55,UCebFWsUeE9bx-kDyN40wmQQ,NADIAS,XrxDlirw2EI,2025-02-13T18:41:59Z,"2025-02-13 18:41:59","ربط حــياتو مع مصيبة⛔️ولكن باش يـتفك خـلص غــالي🔨","#قصص #قصص_واقعية #قصص_حقيقية","قصص,قصص_واقعية,قصص_بالمغربية,nadias,قصص_نادية,قصص_حقيقية,قصص بالدارجة,قصص بالمغربية,قصص المغرب,SAFAA,LASSAKRI,قصص العسكري,قصص صفاء,قصص مغربية,قصص نادية,NADIA STORIES,NADIAS,العسكري,الخراز,قصص الخراز,العساكري,RAJAA STORIES,المغرب",26,"Howto & Style",,PT28M48S,1728,2d,hd,false,ar,ar,https://i.ytimg.com/vi/XrxDlirw2EI/maxresdefault.jpg,1,,,,,372259,15522,,0,901
56,UCebFWsUeE9bx-kDyN40wmQQ,NADIAS,DwhVl2gA9KU,2025-02-09T13:00:17Z,"2025-02-09 13:00:17","اختفاء طالبة خلاهم يعرفو هويتها السرية على الانترنيت🕵🏼‍♂️🔞","#قصص #قصص_واقعية #قصص_حقيقية","قصص,قصص_واقعية,قصص_بالمغربية,nadias,قصص_نادية,قصص_حقيقية,قصص بالدارجة,قصص بالمغربية,قصص المغرب,SAFAA,LASSAKRI,قصص العسكري,قصص صفاء,قصص مغربية,قصص نادية,NADIA STORIES,NADIAS,العسكري,الخراز,قصص الخراز,العساكري,RAJAA STORIES,المغرب",26,"Howto & Style",,PT32M13S,1933,2d,hd,false,ar,ar,https://i.ytimg.com/vi/DwhVl2gA9KU/maxresdefault.jpg,1,,,,,459213,24317,,0,1427
57,UCebFWsUeE9bx-kDyN40wmQQ,NADIAS,0IghpxTiRYg,2025-02-02T13:37:13Z,"2025-02-02 13:37:13","⛔️🔑الليلة لي تحل فيها باب داري خسرت اغلى حاجة عندي","#قصص #قصص_واقعية #قصص_حقيقية","قصص,قصص_واقعية,قصص_بالمغربية,nadias,قصص_نادية,قصص_حقيقية,قصص بالدارجة,قصص بالمغربية,قصص المغرب,SAFAA,LASSAKRI,قصص العسكري,قصص صفاء,قصص مغربية,قصص نادية,NADIA STORIES,NADIAS,العسكري,الخراز,قصص الخراز,العساكري,RAJAA STORIES,المغرب",26,"Howto & Style",,PT32M25S,1945,2d,hd,false,ar,ar,https://i.ytimg.com/vi/0IghpxTiRYg/maxresdefault.jpg,1,,,,,614578,22857,,0,1095
58,UCebFWsUeE9bx-kDyN40wmQQ,NADIAS,bxAhnXPmaVE,2025-01-30T18:00:33Z,"2025-01-30 18:00:33","🔨⚠️خطة بدات من الانترنيت وسالات بثمن غالي","#قصص #قصص_واقعية #قصص_حقيقية","قصص,قصص_واقعية,قصص_بالمغربية,nadias,قصص_نادية,قصص_حقيقية,قصص بالدارجة,قصص بالمغربية,قصص المغرب,SAFAA,LASSAKRI,قصص العسكري,قصص صفاء,قصص مغربية,قصص نادية,NADIA STORIES,NADIAS,العسكري,الخراز,قصص الخراز,العساكري,RAJAA STORIES,المغرب",26,"Howto & Style",,PT21M58S,1318,2d,hd,false,ar,ar,https://i.ytimg.com/vi/bxAhnXPmaVE/maxresdefault.jpg,1,,,,,359316,14548,,0,771
59,UCebFWsUeE9bx-kDyN40wmQQ,NADIAS,9mBX1Ik0nzE,2025-01-25T18:41:10Z,"2025-01-25 18:41:10","🏈👄! صحيفة حقِيرة غَطّيح بِأشهرِ لاعب فمريكان والسبب بوڭوصة من الفايسبوك","#قصص #قصص_واقعية #قصص_حقيقية","قصص,قصص_واقعية,قصص_بالمغربية,nadias,قصص_نادية,قصص_حقيقية,قصص بالدارجة,قصص بالمغربية,قصص المغرب,SAFAA,LASSAKRI,قصص العسكري,قصص صفاء,قصص مغربية,قصص نادية,NADIA STORIES,NADIAS,العسكري,الخراز,قصص الخراز,العساكري,RAJAA STORIES,المغرب",26,"Howto & Style","American_football,Society",PT51M58S,3118,2d,hd,false,ar,ar,https://i.ytimg.com/vi/9mBX1Ik0nzE/maxresdefault.jpg,1,,,,,538026,20655,,0,1039
60,UCebFWsUeE9bx-kDyN40wmQQ,NADIAS,1vtbhrza9kk,2025-01-19T12:52:48Z,"2025-01-19 12:52:48","⚠️🔨اشنو دارت الصّڭعة حتى ولات أكثر مرأة مكروهة في ميريكان؟","#قصص #قصص_واقعية #قصص_حقيقية","قصص,قصص_واقعية,قصص_بالمغربية,nadias,قصص_نادية,قصص_حقيقية,قصص بالدارجة,قصص بالمغربية,قصص المغرب,SAFAA,LASSAKRI,قصص العسكري,قصص صفاء,قصص مغربية,قصص نادية,NADIA STORIES,NADIAS,العسكري,الخراز,قصص الخراز,العساكري,RAJAA STORIES,المغرب",26,"Howto & Style",Society,PT33M34S,2014,2d,hd,false,ar,ar,https://i.ytimg.com/vi/1vtbhrza9kk/maxresdefault.jpg,1,,,,,401079,16135,,0,792
61,UCebFWsUeE9bx-kDyN40wmQQ,NADIAS,zQqo2Kb5IOk,2025-01-12T17:12:01Z,"2025-01-12 17:12:01","⛔️مقدروش يدفــنوه بحال الناس بســباب اعـلان على الفايسبوك","#قصص #قصص_واقعية #قصص_حقيقية","قصص,قصص_واقعية,قصص_بالمغربية,nadias,قصص_نادية,قصص_حقيقية,قصص بالدارجة,قصص بالمغربية,قصص المغرب,SAFAA,LASSAKRI,قصص العسكري,قصص صفاء,قصص مغربية,قصص نادية,NADIA STORIES,NADIAS,العسكري,الخراز,قصص الخراز,العساكري,RAJAA STORIES,المغرب",26,"Howto & Style",,PT32M1S,1921,2d,hd,false,ar,ar,https://i.ytimg.com/vi/zQqo2Kb5IOk/maxresdefault.jpg,1,,,,,336921,16313,,0,1121
62,UCebFWsUeE9bx-kDyN40wmQQ,NADIAS,x8fO4rWZIVk,2025-01-03T18:55:58Z,"2025-01-03 18:55:58","⛔️بنت 15 عام قدرات تكشف السر ديال اخطر راجل داز على روسيا","#قصص #قصص_واقعية #قصص_حقيقية","قصص_واقعية,قصص,قصص_بالمغربية,nadias,قصص_نادية,قصص_حقيقية,قصص بالدارجة,قصص بالمغربية,قصص المغرب,SAFAA,LASSAKRI,قصص العسكري,قصص صفاء,قصص مغربية,قصص نادية,NADIA STORIES,NADIAS,العسكري,الخراز,قصص الخراز,العساكري,RAJAA STORIES,المغرب",26,"Howto & Style",,PT25M11S,1511,2d,hd,false,ar,ar,https://i.ytimg.com/vi/x8fO4rWZIVk/maxresdefault.jpg,1,,,,,422362,18519,,0,987
63,UCebFWsUeE9bx-kDyN40wmQQ,NADIAS,TVmvmTseSmQ,2024-12-29T17:54:32Z,"2024-12-29 17:54:32","اشنو هو السر لي خباتو العصابة على اسبانيا كلها لمدة عامين؟","#قصص #قصص_واقعية #قصص_حقيقية","قصص_واقعية,قصص,قصص_بالمغربية,nadias,قصص_نادية,قصص_حقيقية,قصص بالدارجة,قصص بالمغربية,قصص المغرب,SAFAA,LASSAKRI,قصص العسكري,قصص صفاء,قصص مغربية,قصص نادية,NADIA STORIES,NADIAS,العسكري,الخراز,قصص الخراز,العساكري,RAJAA STORIES,المغرب",26,"Howto & Style",,PT35M47S,2147,2d,hd,false,ar,ar,https://i.ytimg.com/vi/TVmvmTseSmQ/maxresdefault.jpg,1,,,,,497997,22014,,0,1179
64,UCebFWsUeE9bx-kDyN40wmQQ,NADIAS,3FgRl0qPU6o,2024-12-21T18:02:21Z,"2024-12-21 18:02:21","وليت روشيرشي ومخزونة مع ثلاث الولاد بسباب راجلي ( تصريحات من الضحية شخصيا )","#قصص #قصص_واقعية #قصص_حقيقية","قصص_واقعية,قصص,قصص_بالمغربية,nadias,قصص_نادية,قصص_حقيقية,قصص بالدارجة,قصص بالمغربية,قصص المغرب,SAFAA,LASSAKRI,قصص العسكري,قصص صفاء,قصص مغربية,قصص نادية,NADIA STORIES,NADIAS,العسكري,الخراز,قصص الخراز,العساكري,RAJAA STORIES,المغرب",26,"Howto & Style",,PT1H6M49S,409,2d,hd,false,ar,ar,https://i.ytimg.com/vi/3FgRl0qPU6o/maxresdefault.jpg,1,,,,,382343,15965,,0,2444
65,UCebFWsUeE9bx-kDyN40wmQQ,NADIAS,HMpeMHxsWxY,2024-12-14T20:26:16Z,"2024-12-14 20:26:16","⚠️صيدنايا : لجـ🔥ـحيم لي مكيخرج منو حتى واحد ! قصص من الداخل","#قصص #قصص_واقعية #قصص_حقيقية","قصص_واقعية,قصص,قصص_بالمغربية,nadias,قصص_نادية,قصص_حقيقية,قصص بالدارجة,قصص بالمغربية,قصص المغرب,SAFAA,LASSAKRI,قصص العسكري,قصص صفاء,قصص مغربية,قصص نادية,NADIA STORIES,NADIAS,العسكري,الخراز,قصص الخراز,العساكري,RAJAA STORIES,المغرب",26,"Howto & Style",,PT27M46S,1666,2d,hd,false,ar,ar,https://i.ytimg.com/vi/HMpeMHxsWxY/maxresdefault.jpg,1,,,,,249806,13630,,0,1228
66,UCebFWsUeE9bx-kDyN40wmQQ,NADIAS,Bn9AgHDJ34A,2024-12-11T18:00:08Z,"2024-12-11 18:00:08","⛔قصة حب بدات في الحبس وسالات في تيك توك 😱 العشق الممنوع","#قصص #قصص_واقعية #قصص_حقيقية","قصص_واقعية,قصص,قصص_بالمغربية,nadias,قصص_نادية,قصص_حقيقية,قصص بالدارجة,قصص بالمغربية,قصص المغرب,SAFAA,LASSAKRI,قصص العسكري,قصص صفاء,قصص مغربية,قصص نادية,NADIA STORIES,NADIAS,العسكري,الخراز,قصص الخراز,العساكري,RAJAA STORIES,المغرب",26,"Howto & Style",,PT27M10S,1630,2d,hd,false,ar,ar,https://i.ytimg.com/vi/Bn9AgHDJ34A/maxresdefault.jpg,1,,,,,331800,15528,,0,775
67,UCebFWsUeE9bx-kDyN40wmQQ,NADIAS,hhlyKseNCKQ,2024-11-28T19:13:57Z,"2024-11-28 19:13:57","💀⛔️اخـــتفاء صـحفي غَيْجبدْ جـ.ـحيم اخــ.ــطر رجل في الهند","#قصص #قصص_واقعية #قصص_حقيقية","قصص_واقعية,قصص,قصص_بالمغربية,nadias,قصص_نادية,قصص_حقيقية,قصص بالدارجة,قصص بالمغربية,قصص المغرب,SAFAA,LASSAKRI,قصص العسكري,قصص صفاء,قصص مغربية,قصص نادية,NADIA STORIES,NADIAS,العسكري,الخراز,قصص الخراز,العساكري,RAJAA STORIES,المغرب",26,"Howto & Style",,PT41M13S,2473,2d,hd,false,ar,ar,https://i.ytimg.com/vi/hhlyKseNCKQ/maxresdefault.jpg,1,,,,,396459,15033,,0,767
68,UCebFWsUeE9bx-kDyN40wmQQ,NADIAS,K1wEqR3U9cM,2024-11-24T14:42:00Z,"2024-11-24 14:42:00","!اخـ.ـطر سـ.ـفاح بلجيكي صــفاها لــجزائرية باش يبني قصر","#قصص #قصص_واقعية #قصص_حقيقية","قصص_واقعية,قصص,قصص_بالمغربية,nadias,قصص_نادية,قصص_حقيقية,قصص بالدارجة,قصص بالمغربية,قصص المغرب,SAFAA,LASSAKRI,قصص العسكري,قصص صفاء,قصص مغربية,قصص نادية,NADIA STORIES,NADIAS,العسكري,الخراز,قصص الخراز,العساكري,RAJAA STORIES,المغرب",26,"Howto & Style",,PT41M47S,2507,2d,hd,false,ar,ar,https://i.ytimg.com/vi/K1wEqR3U9cM/maxresdefault.jpg,1,,,,,451119,19433,,0,1225
69,UCebFWsUeE9bx-kDyN40wmQQ,NADIAS,9I9Fjnh1mhY,2024-11-22T18:30:06Z,"2024-11-22 18:30:06","اشنو وقع في الليلة الكحلة بين ثلاثة الناس : عثمان , المحاسب وصاحبتو ؟","#قصص #قصص_واقعية #قصص_حقيقية","قصص_واقعية,قصص,قصص_بالمغربية,nadias,قصص_نادية,قصص_حقيقية,قصص بالدارجة,قصص بالمغربية,قصص المغرب,SAFAA,LASSAKRI,قصص العسكري,قصص صفاء,قصص مغربية,قصص نادية,NADIA STORIES,NADIAS,العسكري,الخراز,قصص الخراز,العساكري,RAJAA STORIES,المغرب",26,"Howto & Style",,PT30M2S,1802,2d,hd,false,ar,ar,https://i.ytimg.com/vi/9I9Fjnh1mhY/maxresdefault.jpg,1,,,,,399545,23119,,0,2374
70,UCebFWsUeE9bx-kDyN40wmQQ,NADIAS,HOzr6-0B84g,2024-11-17T13:57:32Z,"2024-11-17 13:57:32","اخـ.ـطر خــطة انتـــقام تـقدرو تسمعو بيها !! البولـيسية المزورة🕵🏾‍♀️⛔️","#قصص #قصص_واقعية #قصص_حقيقية","قصص_واقعية,قصص_جريمة,قصص,قصص_بالمغربية,nadias,قصص_نادية,قصص_حقيقية,قصص بالدارجة,قصص بالمغربية,قصص المغرب,SAFAA,LASSAKRI,NISRINE,RAJA STORIES,صفاء,العسكري,قصص صفاء,عسكري",26,"Howto & Style",,PT37M56S,2276,2d,hd,false,ar,ar,https://i.ytimg.com/vi/HOzr6-0B84g/maxresdefault.jpg,1,,,,,497275,21180,,0,1295
71,UCebFWsUeE9bx-kDyN40wmQQ,NADIAS,i9IAUmbqiQY,2024-10-29T18:18:16Z,"2024-10-29 18:18:16","دارت المستحيل باش تحافض على العذرية ديالها و لكن فالاخير😔","#قصص #قصص_واقعية #قصص_حقيقية","قصص_واقعية,قصص,قصص_بالمغربية,nadias,قصص_نادية,قصص_حقيقية,قصص بالدارجة,قصص بالمغربية,قصص المغرب,SAFAA,LASSAKRI,RAJA STORIES,صفاء,قصص صفاء",26,"Howto & Style",,PT26M40S,1600,2d,hd,false,ar,ar,https://i.ytimg.com/vi/i9IAUmbqiQY/maxresdefault.jpg,1,,,,,304065,15467,,0,846
72,UCebFWsUeE9bx-kDyN40wmQQ,NADIAS,UyQFfEPpzGI,2024-10-28T18:13:20Z,"2024-10-28 18:13:20","🇲🇦جـَـ ـحيم مغربي مابين الغربة و رحلة البحث عن متبرع","#قصص #قصص_واقعية #قصص_حقيقية","قصص_واقعية,قصص_جريمة,قصص,قصص_بالمغربية,nadias,قصص_نادية,قصص_حقيقية,قصص بالدارجة,قصص بالمغربية,قصص المغرب,امين,قص امين",26,"Howto & Style",,PT19M58S,1198,2d,hd,false,ar,ar,https://i.ytimg.com/vi/UyQFfEPpzGI/maxresdefault.jpg,1,,,,,122753,10790,,0,1721
73,UCebFWsUeE9bx-kDyN40wmQQ,NADIAS,KYxS1CI00O0,2024-10-25T18:00:10Z,"2024-10-25 18:00:10","⛔️🔥زْعمَا يكونُو هُوما لي صفاوها لوالديهم ؟ القضية لي رُونات التيكتوكْ","#قصص #قصص_واقعية #قصص_حقيقية","قصص_واقعية,قصص_جريمة,قصص,قصص_بالمغربية,nadias,قصص_نادية,قصص_حقيقية,قصص بالدارجة,قصص بالمغربية,قصص المغرب",26,"Howto & Style",,PT35M41S,2141,2d,hd,false,ar,ar,https://i.ytimg.com/vi/KYxS1CI00O0/maxresdefault.jpg,1,,,,,319096,13649,,0,820
74,UCebFWsUeE9bx-kDyN40wmQQ,NADIAS,kDdxZXBrX3Y,2024-10-20T12:53:13Z,"2024-10-20 12:53:13","! التاريخ المظلم لعائلة كينيدي ! من الفقر ، للثراء ، للعنة","#قصص #قصص_واقعية #قصص_حقيقية","قصص_واقعية,قصص,قصص_بالمغربية,nadias,قصص_نادية,قصص_حقيقية,قصص بالدارجة,قصص بالمغربية,قصص المغرب,عائلة كينيدي",26,"Howto & Style",,PT35M39S,2139,2d,hd,false,ar,ar,https://i.ytimg.com/vi/kDdxZXBrX3Y/maxresdefault.jpg,1,,,,,251222,12823,,0,895
75,UCebFWsUeE9bx-kDyN40wmQQ,NADIAS,SEsxU3W7RS4,2024-10-12T20:14:05Z,"2024-10-12 20:14:05","فين كان مخزون هاد الشر كلو ؟ ام ولدات وهي ميتة","#قصص #قصص_واقعية #قصص_حقيقية","قصص_واقعية,قصص,قصص_بالمغربية,nadias,قصص_نادية,قصص_حقيقية,قصص بالدارجة,قصص بالمغربية,قصص المغرب",26,"Howto & Style",,PT40M20S,2420,2d,hd,false,ar,ar,https://i.ytimg.com/vi/SEsxU3W7RS4/maxresdefault.jpg,1,,,,,480369,17159,,0,846
76,UCebFWsUeE9bx-kDyN40wmQQ,NADIAS,g7vcDXEKhAU,2024-09-29T13:00:45Z,"2024-09-29 13:00:45","بسباب الجُّوعْ بداو كياكلو في بعضياتهم!! 😨","#قصص #قصص_واقعية #قصص_حقيقية","قصص_واقعية,قصص_جريمة,قصص,قصص_بالمغربية,nadias,قصص_نادية,قصص_حقيقية,قصص بالدارجة,قصص بالمغربية,قصص المغرب",26,"Howto & Style",,PT28M57S,1737,2d,hd,false,ar,ar,https://i.ytimg.com/vi/g7vcDXEKhAU/maxresdefault.jpg,1,,,,,227007,14366,,0,1123
77,UCebFWsUeE9bx-kDyN40wmQQ,NADIAS,TYeYWUXZiAI,2024-09-23T18:35:45Z,"2024-09-23 18:35:45","أشنُو وقعْ في ليلة لي تقلباتْ فيها حياة صُهيبْ الالياسي ؟","#قصص #قصص_واقعية #قصص_حقيقية","قصص_واقعية,قصص_جريمة,قصص,قصص_بالمغربية,nadias,قصص_نادية,قصص_حقيقية,قصص بالدارجة,قصص بالمغربية,قصص المغرب",26,"Howto & Style",Society,PT38M55S,2335,2d,hd,false,ar,ar,https://i.ytimg.com/vi/TYeYWUXZiAI/maxresdefault.jpg,1,,,,,393542,15598,,0,774
78,UCebFWsUeE9bx-kDyN40wmQQ,NADIAS,yP4MPlpK6Io,2024-09-21T13:01:05Z,"2024-09-21 13:01:05","😱 ! صعيب تيق ان هاد الروينة كاملة دارها راجل واحد","#قصص #قصص_واقعية #قصص_حقيقية","قصص_واقعية,قصص_جريمة,قصص,قصص_بالمغربية,nadias,قصص_نادية,قصص_حقيقية,قصص بالدارجة",26,"Howto & Style",,PT37M5S,2225,2d,hd,false,ar,ar,https://i.ytimg.com/vi/yP4MPlpK6Io/maxresdefault.jpg,1,,,,,514483,21129,,0,1003
79,UCebFWsUeE9bx-kDyN40wmQQ,NADIAS,P3ioT0uF9Ok,2024-09-11T22:13:53Z,"2024-09-11 22:13:53","اخر المستجدات في قضية شعيب ⚖️ بث مباشر","للتبرع على حساب الجمعية من جميع انحاء العالم https://betchange.betterworld.org/campaigns/stand-chouaib-ensure-fair-trial?utm_source=customer&utm_medium=copy_link&utm_campaign=post_pmt لتبرع على حساب الحمعية على تطبيق Zelle من داخل امريكا houriaaba@yahoo.com",,24,Entertainment,Society,PT1H33M49S,2029,2d,hd,false,ar,en-US,https://i.ytimg.com/vi/P3ioT0uF9Ok/maxresdefault.jpg,1,,,,,121254,6272,,0,550
80,UCebFWsUeE9bx-kDyN40wmQQ,NADIAS,ZGWT2RkaGlY,2024-09-10T18:44:34Z,"2024-09-10 18:44:34","""اللغز وراء أبواب القصر: ليلة لم يكن فيها النجاة خيارًا""","#قصص_واقعية #قصص_حقيقية #قصص_جريمة","قصص_واقعية,قصص_جريمة,قصص,قصص_بالمغربية,nadias,قصص_نادية,قصص_حقيقية",26,"Howto & Style",,PT24M30S,1470,2d,hd,false,ar,ar,https://i.ytimg.com/vi/ZGWT2RkaGlY/maxresdefault.jpg,1,,,,,249760,13751,,0,652
81,UCebFWsUeE9bx-kDyN40wmQQ,NADIAS,qNyjJ3KCM2Y,2024-08-28T13:01:03Z,"2024-08-28 13:01:03","مشاو ومرجعوشْ !!😨القضية لي فرشات وعرًاتْ على التايلاند⛔️","#قصص_واقعية #قصص_حقيقية #قصص_جريمة","قصص_واقعية,قصص_جريمة,قصص,قصص_بالمغربية,nadias,قصص_نادية,قصص_حقيقية",26,"Howto & Style",,PT40M58S,2458,2d,hd,false,ar,ar,https://i.ytimg.com/vi/qNyjJ3KCM2Y/maxresdefault.jpg,1,,,,,418621,19434,,0,808
82,UCebFWsUeE9bx-kDyN40wmQQ,NADIAS,BrQR4swJteI,2024-08-20T18:57:13Z,"2024-08-20 18:57:13","قصة حب بدات من طاكسي و سالات في مصرف مائي 🪓 جــ*ــريمة مابين كندا و الهند","#عائلة_المحققين #NADIAS #قصص","SAFAA,LASSAKRI,قصص العسكري,قصص صفاء,قصص واقعية,قصص مغربية,قصص,قصص نادية,نادية,NADIA STORIES,NADIAS,العسكري,الخراز,قصص الخراز,العساكري,قصص بالمغربية,RAJAA STORIES,المغرب,صورة على سناب شات تحُل اختفاء زوجين بطريقة غريبة.. النهاية صاااادمة,مِن تكتوكر مشهورة إلى أخطر مجرمه لسبب صاااادم و كاميرات المراقبة تحل القضية",26,"Howto & Style",Society,PT30M38S,1838,2d,hd,false,ar,ar,https://i.ytimg.com/vi/BrQR4swJteI/maxresdefault.jpg,1,,,,,336344,20795,,0,1210
83,UCebFWsUeE9bx-kDyN40wmQQ,NADIAS,zjrAOcytNXo,2024-08-18T12:37:10Z,"2024-08-18 12:37:10","⛔️😱اشنو لقاو في الدار تحت الارض من بعد اعتراف زوجها الثالث","#عائلة_المحققين #NADIAS #قصص","قصص,قصص واقعية,قصص نادية,قصص بالمغربية,SAFAA,LASSAKRI,قصص مغربية,نادية,NADIA STORIES,NADIAS,العسكري,الخراز,قصص الخراز,العساكري,RAJAA STORIES,قصص بالدارجة",26,"Howto & Style",,PT27M24S,1644,2d,hd,false,ar,ar,https://i.ytimg.com/vi/zjrAOcytNXo/maxresdefault.jpg,1,,,,,347673,16828,,0,1004
84,UCebFWsUeE9bx-kDyN40wmQQ,NADIAS,wAp10nAXtvU,2024-08-11T12:30:41Z,"2024-08-11 12:30:41","من تـيكـتوكر مـشهور لاكـثر شخص مـطلوب في مـصر 🇪🇬⛔️ الحقيقة وراء قضية سـ فـ اح التـجمع","#عائلة_المحققين #NADIAS #قصص","قضية كريم,SAFAA,LASSAKRI,قصص العسكري,قصص صفاء,قصص واقعية,قصص مغربية,قصص,قصص نادية,نادية,NADIA STORIES,NADIAS,العسكري,الخراز,قصص الخراز,العساكري,قصص بالمغربية,RAJAA STORIES,المغرب,التجمع",26,"Howto & Style",Society,PT52M17S,3137,2d,hd,false,ar,ar,https://i.ytimg.com/vi/wAp10nAXtvU/maxresdefault.jpg,1,,,,,632546,35041,,0,1905
85,UCebFWsUeE9bx-kDyN40wmQQ,NADIAS,FgiRihhMwZM,2024-07-30T17:38:17Z,"2024-07-30 17:38:17","⚠️شاب تنبا بوفاة امه ⛔️وليلة كُشفت اسرارها بعد 12 سنة","#عائلة_المحققين #NADIAS #قصص","SAFAA,LASSAKRI,قصص العسكري,قصص صفاء,قصص واقعية,قصص مغربية,قصص,قصص نادية,نادية,NADIA STORIES,NADIAS,العسكري,الخراز,قصص الخراز,العساكري,قصص بالمغربية,RAJAA STORIES,المغرب",26,"Howto & Style",,PT30M1S,1801,2d,hd,false,ar,ar,https://i.ytimg.com/vi/FgiRihhMwZM/maxresdefault.jpg,1,,,,,324595,17617,,0,607
86,UCebFWsUeE9bx-kDyN40wmQQ,NADIAS,V2PrQO3z5WU,2024-07-25T15:47:51Z,"2024-07-25 15:47:51","😱⛔️منين كيسكنو حداك جيران جداد حياتك تتقلب ومصيرك تيتبدل","#عائلة_المحققين #NADIAS #قصص","SAFAA,LASSAKRI,قصص العسكري,قصص صفاء,قصص واقعية,قصص مغربية,قصص,قصص نادية,نادية,NADIA STORIES,NADIAS,العسكري,الخراز,قصص الخراز,العساكري,قصص بالمغربية,RAJAA STORIES,المغرب",26,"Howto & Style",,PT34M12S,2052,2d,hd,false,ar,ar,https://i.ytimg.com/vi/V2PrQO3z5WU/maxresdefault.jpg,1,,,,,439239,18170,,0,744
87,UCebFWsUeE9bx-kDyN40wmQQ,NADIAS,6jjkUIgUu74,2024-07-10T13:00:07Z,"2024-07-10 13:00:07","جوج شباب كيتشابهو غيكونو السبب في كشف سر خطير اخفته وكالة التبني يهودية لسنوات 😱⛔️","#عائلة_المحققين #NADIAS #قصص","SAFAA,LASSAKRI,قصص العسكري,قصص صفاء,قصص واقعية,قصص مغربية,قصص,قصص نادية,نادية,NADIA STORIES,NADIAS,العسكري,الخراز,قصص الخراز,العساكري,قصص بالمغربية,RAJAA STORIES,المغرب",26,"Howto & Style",,PT41M39S,2499,2d,hd,false,ar,ar,https://i.ytimg.com/vi/6jjkUIgUu74/maxresdefault.jpg,1,,,,,487851,23273,,0,1033
88,UCebFWsUeE9bx-kDyN40wmQQ,NADIAS,I1KbEh1ME8A,2024-06-27T15:45:09Z,"2024-06-27 15:45:09","🪓😱لاعب كرة مشهور في البرازيل كيتورط مع بنت الليل ولكن لي غادي يوقع من بعد صدمة","#عائلة_المحققين #NADIAS #قصص","SAFAA,LASSAKRI,قصص العسكري,قصص صفاء,قصص واقعية,قصص مغربية,قصص,قصص نادية,نادية,NADIA STORIES,NADIAS,العسكري,الخراز,قصص الخراز,العساكري,قصص بالمغربية,RAJAA STORIES,المغرب",26,"Howto & Style",Society,PT33M56S,2036,2d,hd,false,ar,ar,https://i.ytimg.com/vi/I1KbEh1ME8A/maxresdefault.jpg,1,,,,,397454,21407,,0,841
89,UCebFWsUeE9bx-kDyN40wmQQ,NADIAS,xJuK5wqBDAk,2024-06-25T19:18:11Z,"2024-06-25 19:18:11","😨بوليسي تزوج 3 المرات في حياتو ⛔️ولكن الزوجة الاخيرة جابت ليه تمام","#عائلة_المحققين #NADIAS #قصص","SAFAA,LASSAKRI,قصص العسكري,قصص صفاء,قصص واقعية,قصص مغربية,قصص,قصص نادية,نادية,NADIA STORIES,NADIAS,العسكري,الخراز,قصص الخراز,العساكري,قصص بالمغربية,RAJAA STORIES,المغرب,قصة مستحيل تصدقها 🇲🇦 من أصعب القضايا البوليسية,عسكري",26,"Howto & Style",Society,PT45M56S,2756,2d,hd,false,ar,ar,https://i.ytimg.com/vi/xJuK5wqBDAk/maxresdefault.jpg,1,,,,,411580,17903,,0,1149
90,UCebFWsUeE9bx-kDyN40wmQQ,NADIAS,RgRGX1Iv8FI,2024-06-19T14:08:45Z,"2024-06-19 14:08:45","كيفاش قدرات ام تنكر في هوية بنتها لي ماتت باش تحل لغز لمقدروش البوليس يحلوه⚠️⛔️","#عائلة_المحققين #NADIAS #قصص","SAFAA,LASSAKRI,قصص العسكري,قصص صفاء,قصص واقعية,قصص مغربية,قصص,قصص نادية,نادية,NADIA STORIES,NADIAS,العسكري,الخراز,قصص الخراز,العساكري,قصص بالمغربية,RAJAA STORIES,المغرب",26,"Howto & Style",,PT35M2S,2102,2d,hd,false,ar,ar,https://i.ytimg.com/vi/RgRGX1Iv8FI/maxresdefault.jpg,1,,,,,524068,18453,,0,586
91,UCebFWsUeE9bx-kDyN40wmQQ,NADIAS,j8wr-Sz8-5k,2024-06-09T14:37:56Z,"2024-06-09 14:37:56","📸😨تقلبات حياتها كلها من بعد زواجها بوزير سابق ⛔️و كاميرا المراقبة نوضات مظاهرات في البلاد بسبب ..؟","#عائلة_المحققين #NADIAS #قصص","SAFAA,LASSAKRI,قصص العسكري,قصص صفاء,قصص واقعية,قصص مغربية,قصص,قصص نادية,نادية,NADIA STORIES,NADIAS,العسكري,الخراز,قصص الخراز,العساكري,قصص بالمغربية,RAJAA STORIES,المغرب",26,"Howto & Style",Society,PT34M17S,2057,2d,hd,false,ar,ar,https://i.ytimg.com/vi/j8wr-Sz8-5k/maxresdefault.jpg,1,,,,,511833,22726,,0,1262
92,UCebFWsUeE9bx-kDyN40wmQQ,NADIAS,olQBryQBlM4,2024-05-30T20:23:30Z,"2024-05-30 20:23:30","اعلامية مشهورة ومليونيرة في الهند متورطة في اخفاء اختها و السبب صادم ⛔️القضية الاولى في الهند حاليا","#عائلة_المحققين #NADIAS #قصص","SAFAA,LASSAKRI,قصص العسكري,قصص صفاء,قصص واقعية,قصص مغربية,قصص,قصص نادية,نادية,NADIA STORIES,NADIAS,العسكري,الخراز,قصص الخراز,العساكري,قصص بالمغربية,RAJAA STORIES,المغرب,تيكتوكر التجمع الخامس",26,"Howto & Style",Society,PT54M32S,3272,2d,hd,false,ar,ar,https://i.ytimg.com/vi/olQBryQBlM4/maxresdefault.jpg,1,,,,,517461,18185,,0,979
93,UCebFWsUeE9bx-kDyN40wmQQ,NADIAS,NYxqPBzBPFw,2024-05-26T18:18:13Z,"2024-05-26 18:18:13","اختفاء معلمة فزياء بشكل مفاجئ 😨و كاميرا المراقبة تكشف شخص غير متوقع ⛔️🔐","#عائلة_المحققين #NADIAS #قصص","SAFAA,LASSAKRI,قصص العسكري,قصص صفاء,قصص واقعية,قصص مغربية,قصص,قصص نادية,نادية,NADIA STORIES,NADIAS,العسكري,الخراز,قصص الخراز,العساكري,قصص بالمغربية,RAJAA STORIES,المغرب",26,"Howto & Style",,PT25M21S,1521,2d,hd,false,ar,ar,https://i.ytimg.com/vi/NYxqPBzBPFw/maxresdefault.jpg,1,,,,,382632,15921,,0,723
94,UCebFWsUeE9bx-kDyN40wmQQ,NADIAS,bK0aleWc0GY,2024-05-22T15:00:01Z,"2024-05-22 15:00:01","المشهور لي تْحْڭًرْ في بوليوود سنينْ و نهايتو لي قلبات الهند كلها و تسببات في مظاهرات في 2020⛔️","#عائلة_المحققين #NADIAS #قصص","سوشانت راجبوت,قضية سوشانت راجبوت,LASSAKRI,قصص العسكري,قصص صفاء,قصص واقعية,قصص مغربية,قصص,قصص نادية,نادية,NADIA STORIES,NADIAS,العسكري,الخراز,قصص الخراز,العساكري,قصص بالمغربية,RAJAA STORIES,قصة روث اليس,روث اليس,المغرب,SAFAA",26,"Howto & Style",Society,PT29M38S,1778,2d,hd,false,ar,ar,https://i.ytimg.com/vi/bK0aleWc0GY/maxresdefault.jpg,1,,,,,341064,13999,,0,765
95,UCebFWsUeE9bx-kDyN40wmQQ,NADIAS,aXaIV3Zw6uE,2024-05-19T17:24:54Z,"2024-05-19 17:24:54","⚖️ عارضة ازياء ذات سمعة سيئة💋 قدرات تغير قانون بريطانيا للابد","#عائلة_المحققين #NADIAS #قصص","SAFAA,LASSAKRI,قصص العسكري,قصص صفاء,قصص واقعية,قصص مغربية,قصص,قصص نادية,نادية,NADIA STORIES,NADIAS,العسكري,الخراز,قصص الخراز,العساكري,قصص بالمغربية,RAJAA STORIES,RWM V,قصة روث اليس,روث اليس,المغرب",26,"Howto & Style",Society,PT27M7S,1627,2d,hd,false,ar,ar,https://i.ytimg.com/vi/aXaIV3Zw6uE/maxresdefault.jpg,1,,,,,252059,12097,,0,455
96,UCebFWsUeE9bx-kDyN40wmQQ,NADIAS,G-kIw1s0lxw,2024-05-12T14:42:14Z,"2024-05-12 14:42:14","مغربي في الانتظار ....؟⛔️💀","#عائلة_المحققين #NADIAS #قصص","SAFAA,LASSAKRI,قصص العسكري,قصص صفاء,قصص واقعية,قصص مغربية,قصص,قصص نادية,نادية,NADIA STORIES,NADIAS,العسكري,الخراز,قصص الخراز,العساكري,قصص بالمغربية,RAJAA STORIES,قصة جين,جين",26,"Howto & Style",Society,PT21M7S,1267,2d,hd,false,ar,ar,https://i.ytimg.com/vi/G-kIw1s0lxw/maxresdefault.jpg,1,,,,,201650,12226,,0,825
97,UCebFWsUeE9bx-kDyN40wmQQ,NADIAS,gophy8eEZnI,2024-04-28T20:24:42Z,"2024-04-28 20:24:42","مْــنيـنْ كــتحولي حــياتكْ من قــاع الــفقرْ لاحسن خدمة وسط الــقصرْ👑 ولكن مكــتحمديشْ الله😨","#عائلة_المحققين #NADIAS #قصص","SAFAA,LASSAKRI,قصص العسكري,قصص صفاء,قصص واقعية,قصص مغربية,قصص,قصص نادية,نادية,NADIA STORIES,NADIAS,العسكري,الخراز,قصص الخراز,العساكري,قصص بالمغربية,RAJAA STORIES,قصة جين,جين",26,"Howto & Style",,PT42M33S,2553,2d,hd,false,ar,ar,https://i.ytimg.com/vi/gophy8eEZnI/maxresdefault.jpg,1,,,,,397875,16630,,0,883
98,UCebFWsUeE9bx-kDyN40wmQQ,NADIAS,Z6s_jT811DQ,2024-04-25T19:45:40Z,"2024-04-25 19:45:40","القــضية لي خــلات مــحقـقــة تـعتازل خــدمتها في الشــرطة ⛔️⚠️","#عائلة_المحققين #NADIAS #قصص","SAFAA,LASSAKRI,قصص العسكري,قصص صفاء,قصص واقعية,قصص مغربية,قصص,قصص نادية,نادية,NADIA STORIES,NADIAS,العسكري,الخراز,قصص الخراز,العساكري,قصص بالمغربية,RAJAA STORIES",26,"Howto & Style",,PT45M31S,2731,2d,hd,false,ar,ar,https://i.ytimg.com/vi/Z6s_jT811DQ/maxresdefault.jpg,1,,,,,586102,23082,,0,1241
99,UCebFWsUeE9bx-kDyN40wmQQ,NADIAS,xZp0jbfM3hA,2024-03-29T14:42:11Z,"2024-03-29 14:42:11","حب غريب مابين اشهر لاعب في العالم و نادلة⛔️كيتقلب لاشهر جريمة في التاريخ🕵️‍♀️ التحقيق الاول عربيا","#عائلة_المحققين #NADIAS #قصص","SAFAA,LASSAKRI,قصص العسكري,قصص صفاء,قصص واقعية,قصص مغربية,قصص,قصص نادية,نادية,NADIA STORIES,NADIAS,العسكري,الخراز,قصص الخراز,العساكري,باترونا نادية",26,"Howto & Style",Society,PT58M34S,3514,2d,hd,false,ar,ar,https://i.ytimg.com/vi/xZp0jbfM3hA/maxresdefault.jpg,1,,,,,606834,17890,,0,1037
100,UCebFWsUeE9bx-kDyN40wmQQ,NADIAS,3Qc6dm7U6WI,2024-03-22T14:32:34Z,"2024-03-22 14:32:34","حـــرب مابين كـــوبل و البـــوليس غــتسالــي بســـباب مــحقـقة مـبتدئــة 🕵🏻‍♀️الــجزء الثاني ⛔️","لبغا يتفرج في الجزء الاول https://www.youtube.com/watch?v=ADCAZ8cc5i0 #عائلة_المحققين #NADIAS #قصص",,26,"Howto & Style",,PT25M9S,1509,2d,hd,false,ar,ar,https://i.ytimg.com/vi/3Qc6dm7U6WI/maxresdefault.jpg,1,,,,,300458,17177,,0,721
101,UCebFWsUeE9bx-kDyN40wmQQ,NADIAS,ADCAZ8cc5i0,2024-03-21T14:30:06Z,"2024-03-21 14:30:06","كيفاش تقلبات حياة جوج الممرضين لجحيم بسباب فيلم 😨⛔️الجزء الاول","الجزء الثاني https://youtu.be/3Qc6dm7U6WI #عائلة_المحققين #NADIAS #قصص","SAFAA,LASSAKRI,قصص العسكري,قصص صفاء,قصص واقعية,قصص مغربية,قصص,قصص نادية,نادية,NADIA STORIES,NADIAS,العسكري,الخراز,قصص الخراز,العساكري,باترونا نادية",26,"Howto & Style",Film,PT39M32S,2372,2d,hd,false,ar,ar,https://i.ytimg.com/vi/ADCAZ8cc5i0/maxresdefault.jpg,1,,,,,463007,19060,,0,785
102,UCebFWsUeE9bx-kDyN40wmQQ,NADIAS,KWIE7pvznMY,2024-03-13T21:17:37Z,"2024-03-13 21:17:37","شاب تكهن بالموت ديالو قبل ⛔️و منشورات غريبة ليه على الفايسبوك تحكي سر غير معروف 😰(تصريحات عائلته)","#عائلة_المحققين #NADIAS #قصص","SAFAA,LASSAKRI,قصص العسكري,قصص صفاء,قصص واقعية,قصص مغربية,قصص,قصص نادية,نادية,NADIA STORIES,NADIAS,العسكري,الخراز,قصص الخراز,العساكري",26,"Howto & Style",,PT30M39S,1839,2d,hd,false,ar,ar,https://i.ytimg.com/vi/KWIE7pvznMY/maxresdefault.jpg,1,,,,,314780,20348,,0,1486
103,UCebFWsUeE9bx-kDyN40wmQQ,NADIAS,d5o9YxC1Zjc,2024-03-05T19:44:17Z,"2024-03-05 19:44:17","😨عارضة ازياء و طبيبة نفسانية 🔥 نساء جميلات 💋ولكن متيرحموش","#عائلة_المحققين #NADIAS #قصص","SAFAA,LASSAKRI,قصص العسكري,قصص صفاء,قصص واقعية,قصص مغربية,قصص,قصص نادية,نادية,NADIA STORIES,NADIAS,العسكري,الخراز,قصص الخراز,العساكري,باترونا نادية",26,"Howto & Style",,PT44M12S,2652,2d,hd,false,ar,ar,https://i.ytimg.com/vi/d5o9YxC1Zjc/maxresdefault.jpg,1,,,,,508941,22005,,0,954
104,UCebFWsUeE9bx-kDyN40wmQQ,NADIAS,I_aW1LULQmk,2024-02-27T20:30:30Z,"2024-02-27 20:30:30","طــبيب عضام تقلبات حياتو في لحظة بسباب لــيلة لي مــتـنساتـش حتى لهاد الــنهار⛔️🪓","#عائلة_المحققين #NADIAS #قصص","SAFAA,LASSAKRI,قصص العسكري,قصص صفاء,قصص واقعية,قصص مغربية,قصص,قصص نادية,نادية,NADIA STORIES,NADIAS,العسكري,الخراز,قصص الخراز,العساكري,باترونا نادية,اتصال غريب من أنَس الثاني قبل اختفائِه في نفس الحفل اللي اختفى فيه أنَس الاول (مع عائلته) 🇲🇦‼️",26,"Howto & Style",Society,PT26M9S,1569,2d,hd,false,ar,ar,https://i.ytimg.com/vi/I_aW1LULQmk/maxresdefault.jpg,1,,,,,319900,16103,,0,801
105,UCebFWsUeE9bx-kDyN40wmQQ,NADIAS,w4THwElvi-M,2024-02-22T17:49:26Z,"2024-02-22 17:49:26","جـروب فـايسبوك ديال نسـاء حـوامل غـيكون الـسـبب في اخـتـفاء شابـة مع رضـيعتـها 🍼🪓","#عائلة_المحققين #NADIAS #قصص","SAFAA,LASSAKRI,قصص العسكري,قصص صفاء,قصص واقعية,قصص مغربية,قصص,قصص نادية,نادية,NADIA STORIES,NADIAS,العسكري,الخراز,قصص الخراز,العساكري",26,"Howto & Style",Society,PT30M1S,1801,2d,hd,false,ar,ar,https://i.ytimg.com/vi/w4THwElvi-M/maxresdefault.jpg,1,,,,,325241,16014,,0,752
106,UCebFWsUeE9bx-kDyN40wmQQ,NADIAS,_46QNSbw240,2024-02-16T18:59:51Z,"2024-02-16 18:59:51","عائلــة تيــموتــو افرادهــا واحد مورا لاخر بسباب قاتــ*ـل وسط منهم أُو هوما معارفينوش⛔️🇮🇳","#عائلة_المحققين #NADIAS #قصص","SAFAA,LASSAKRI,قصص العسكري,قصص صفاء,قصص واقعية,قصص مغربية,قصص,قصص نادية,نادية,NADIA STORIES,NADIAS,العسكري,الخراز,قصص الخراز,العساكري,باترونا نادية,قصة البــاطرونا نادية,المعنى الحقيقي ديال ديرها النساء و تسناها",26,"Howto & Style",Society,PT41M18S,2478,2d,hd,false,ar,ar,https://i.ytimg.com/vi/_46QNSbw240/maxresdefault.jpg,1,,,,,613348,29255,,0,1292
107,UCebFWsUeE9bx-kDyN40wmQQ,NADIAS,H5-k1wte1Ww,2024-02-10T20:01:20Z,"2024-02-10 20:01:20","منين كترجع لدارك و تتلقى حياتك دمرات - و هادشي بسباب ؟؟","#عائلة_المحققين #NADIAS #قصص","SAFAA,LASSAKRI,قصص العسكري,قصص صفاء,قصص واقعية,قصص مغربية,قصص,قصص نادية,نادية,NADIA STORIES,NADIAS,العسكري,الخراز,قصص الخراز,العساكري,باترونا نادية,قصة البــاطرونا نادية,المعنى الحقيقي ديال ديرها النساء و تسناها",26,"Howto & Style",Society,PT27M15S,1635,2d,hd,false,ar,ar,https://i.ytimg.com/vi/H5-k1wte1Ww/maxresdefault.jpg,1,,,,,324977,18234,,0,811
108,UCebFWsUeE9bx-kDyN40wmQQ,NADIAS,oyWuVZKp6yI,2024-02-05T18:54:52Z,"2024-02-05 18:54:52","شاب برجوازي طاح من 14 طابق في شقة 1414 😨 وعائلة صينية تنتهي بسباب خطة غبية ⛔️","#عائلة_المحققين #NADIAS #قصص","SAFAA,LASSAKRI,قصص العسكري,قصص صفاء,قصص واقعية,قصص مغربية,قصص,قصص نادية,نادية,NADIA STORIES,NADIAS,العسكري,الخراز,قصص الخراز",26,"Howto & Style",Society,PT41M22S,2482,2d,hd,false,ar,ar,https://i.ytimg.com/vi/oyWuVZKp6yI/maxresdefault.jpg,1,,,,,520378,20744,,0,1026
109,UCebFWsUeE9bx-kDyN40wmQQ,NADIAS,M7VQU-IxK2c,2024-01-30T18:41:27Z,"2024-01-30 18:41:27","كـــيفاش تحولات من فتاة بريئة الى اليد اليمنى لجيفري ابستين 😱 الجزء الثاني🔥","#عائلة_المحققين #NADIAS #قصص","SAFAA,LASSAKRI,قصص العسكري,قصص صفاء,قصص واقعية,قصص مغربية,قصص,قصص نادية,نادية,NADIA STORIES,NADIAS,العسكري,الخراز,قصص الخراز",26,"Howto & Style",Society,PT37M13S,2233,2d,hd,false,ar,ar,https://i.ytimg.com/vi/M7VQU-IxK2c/maxresdefault.jpg,1,,,,,303678,12671,,0,796
110,UCebFWsUeE9bx-kDyN40wmQQ,NADIAS,HeAEPLIMNco,2024-01-26T19:22:35Z,"2024-01-26 19:22:35","سوء فهم بين جوج صحاب ⛔️قلب حياة عائلة كاملة في قلب دوار باقليم وزان 🇲🇦","#عائلة_المحققين #NADIAS #قصص","SAFAA,LASSAKRI,قصص العسكري,قصص صفاء,قصص واقعية,قصص مغربية,قصص,قصص نادية,نادية,NADIA STORIES,NADIAS,العسكري,الخراز,قصص الخراز",26,"Howto & Style",,PT31M30S,1890,2d,hd,false,ar,ar,https://i.ytimg.com/vi/HeAEPLIMNco/maxresdefault.jpg,1,,,,,286266,21184,,0,3195
111,UCebFWsUeE9bx-kDyN40wmQQ,NADIAS,SrAVWhUUitQ,2024-01-19T19:00:20Z,"2024-01-19 19:00:20","فاش كدير شي كارثة وكتنوض تحطها في الفايسبوك 💀😱خليط مابين الكلاخ و قصوحية القلب⛔️","#عائلة_المحققين #NADIAS #قصص","SAFAA,LASSAKRI,قصص العسكري,قصص صفاء,قصص واقعية,قصص مغربية,قصص,قصص نادية,نادية,NADIA STORIES,NADIAS,العسكري,الخراز,قصص الخراز,LASAKRI",26,"Howto & Style",,PT26M4S,1564,2d,hd,false,ar,ar,https://i.ytimg.com/vi/SrAVWhUUitQ/maxresdefault.jpg,1,,,,,296988,16152,,0,654
112,UCebFWsUeE9bx-kDyN40wmQQ,NADIAS,4ZSArsE-1SM,2024-01-15T18:33:41Z,"2024-01-15 18:33:41","اشنو هو الشيئ الصادم لي اكتاشف شعيب وهو في الحبس😱 ؟ ( الجزء الثاني ) اخر تطورات القضية","تحديث يوم 15 09 2024 هذا التعليق المتبث تم تحديثه بعد النطق بالحكم الابتدائي ولهو 11 سنة نافدة مع 3 سنوات اطلاق سراح المشروط الان باقا فرصة اخيرة لجمع تبرعات في مرحلة الاستناف مع محامي جديد لصالح خوكم شعيب وقدرنا لقاو جمعية جديدة في امريكا تجمع لشعيب فلوس هذا هو رابط الجديد لجمع التبرعات https://betchange.betterworld.org/campaigns/stand-chouaib-ensure-fair-trial-2?_gl=1*116bq9t*_gcl_au*MTgzMTYzMzg0My4xNzM0MTc3MjUyLjQzNTI2OTMwMi4xNzM2NTU5ODQxLjE3MzY1NjAxNTA وهذا رابط zelle لتبرع من داخل امريكا houriaaba@yahoo.com فيديو الجزء الاول https://www.youtube.com/watch?v=Oinf-enx7-U&t=1s لايف مع ضيفة على مستجدات قضية شعيب تقدرو تعتابروه جزء ثالث https://www.youtube.com/live/P3ioT0uF9Ok","SAFAA,LASSAKRI,قصص العسكري,قصص صفاء,قصص واقعية,قصص مغربية,قصص,قصص نادية,نادية,NADIA STORIES,NADIAS,العسكري,الخراز,قصص الخراز,قضية شعيب",26,"Howto & Style",Society,PT30M4S,1804,2d,hd,false,ar,ar,https://i.ytimg.com/vi/4ZSArsE-1SM/maxresdefault.jpg,1,,,,,273327,19259,,0,2717
113,UCebFWsUeE9bx-kDyN40wmQQ,NADIAS,6l-XPGrK-90,2023-12-28T19:32:20Z,"2023-12-28 19:32:20","جوج خواتات مشاو ضحية لخطة شيطانية وسط افضل الجامعات في الصين🔐⚠️","#عائلة_المحققين #NADIAS #قصص","SAFAA,LASSAKRI,قصص العسكري,قصص صفاء,قصص واقعية,قصص مغربية,قصص,قصص نادية,نادية,NADIA STORIES,NADIAS,العسكري,الخراز,قصص الخراز",26,"Howto & Style",,PT30M9S,1809,2d,hd,false,ar,ar,,1,,,,,417440,20239,,0,1137
114,UCebFWsUeE9bx-kDyN40wmQQ,NADIAS,CPLmDSQzwO8,2023-12-25T20:41:49Z,"2023-12-25 20:41:49","اشنوهو اللغز لي مخبي من مورا البنت لي لقاوها غارقة في قاع البحر🔐⛔️","#عائلة_المحققين #NADIAS #قصص","SAFAA,LASSAKRI,قصص العسكري,قصص صفاء,قصص واقعية,قصص مغربية,قصص,قصص نادية,نادية,NADIA STORIES,NADIAS,العسكري",26,"Howto & Style",,PT27M3S,1623,2d,hd,false,ar,ar,,1,,,,,347472,17687,,0,731
115,UCebFWsUeE9bx-kDyN40wmQQ,NADIAS,RIs1ljdcdJ0,2023-12-20T18:55:29Z,"2023-12-20 18:55:29","حرب ما بين ام وبنتها بسباب راجل على اكبر الشركات في العالم😱⚠️(لوريال باريس)","#عائلة_المحققين #NADIAS #قصص","SAFAA,LASSAKRI,قصص العسكري,قصص صفاء,قصص واقعية,قصص مغربية,قصص,قصص نادية,نادية,NADIA STORIES,NADIAS",26,"Howto & Style",Society,PT33M10S,1990,2d,hd,false,ar,ar,https://i.ytimg.com/vi/RIs1ljdcdJ0/maxresdefault.jpg,1,,,,,360983,16699,,0,1061
116,UCebFWsUeE9bx-kDyN40wmQQ,NADIAS,Vo-rHnuJWxY,2023-12-16T17:50:35Z,"2023-12-16 17:50:35","جوج بنات فرحانات عاشو اسوء ليلة في حياتهم بسبب !! 😱(تصريحات حصرية من العائلة من مدينة خريبكة)","هاتف الاب حسان 0762595523 ************* #عائلة_المحققين #NADIAS #قصص","SAFAA,LASSAKRI,قصص العسكري,قصص صفاء,قصص واقعية,قصص مغربية,قصص,قصص نادية,نادية,NADIA STORIES,NADIAS",26,"Howto & Style",,PT28M1S,1681,2d,hd,false,ar,ar,,1,,,,,437351,24932,,0,3043
117,UCebFWsUeE9bx-kDyN40wmQQ,NADIAS,fXjwzKC4Wqg,2023-12-07T18:07:55Z,"2023-12-07 18:07:55","خـادمـة سـورية قـدرات تـكـتاشف لـغز جـريمة وسط عـائلة تـركية غـنيـة 🔐⛔️","حسابي على الانستغرام💐 https://instagram.com/thenadias.official?igshid=YTQwZjQ0NmI0OA== ************* #عائلة_المحققين #NADIAS #قصص","SAFAA,LASSAKRI,قصص العسكري,قصص صفاء,قصص واقعية,قصص مغربية,قصص,قصص نادية,نادية,NADIA STORIES,NADIAS",26,"Howto & Style",Health,PT29M1S,1741,2d,hd,false,ar,ar,,1,,,,,576211,27885,,0,917
118,UCebFWsUeE9bx-kDyN40wmQQ,NADIAS,ReR2IUjdSn4,2023-11-29T18:46:15Z,"2023-11-29 18:46:15","دار مســكونة كــانت الــسبب في دمار عائلة لغــتعيش اشــهر تلبس شيــطاني في امــريكا 🔐⚠️","حسابي على الانستغرام💐 https://instagram.com/thenadias.official?igshid=YTQwZjQ0NmI0OA== ************* #عائلة_المحققين #NADIAS #قصص ************* usic: Power Music Factory Channel URL : / powermusicfactory","NADIAS,قصص نادية,قصص واقعية,قصص بالمغربية,عائلة المحققين",26,"Howto & Style",,PT38M20S,2300,2d,hd,false,ar,ar,,1,,,,,259813,13775,,0,880
119,UCebFWsUeE9bx-kDyN40wmQQ,NADIAS,jB74TA8HS7s,2023-11-23T18:19:51Z,"2023-11-23 18:19:51","مجهول كيدخل لديور باش يسرق الملابس الداخلية 🔥تحول في لحظة لاخطر مجرم مبحوث عليه😱","حسابي على الانستغرام💐 https://instagram.com/thenadias.official?igshid=YTQwZjQ0NmI0OA== ************* #عائلة_المحققين #NADIAS #قصص",,26,"Howto & Style",,PT32M10S,1930,2d,hd,false,ar,ar,https://i.ytimg.com/vi/jB74TA8HS7s/maxresdefault.jpg,1,,,,,349810,15369,,0,745
120,UCebFWsUeE9bx-kDyN40wmQQ,NADIAS,E7foXOr6SR8,2023-11-19T17:45:49Z,"2023-11-19 17:45:49","مــراهقة كتبات رســالة وهربــات 🔥ولكن من بعد خــطة مكلخة غـيتفرش كـلشــي⚠️","حسابي على الانستغرام💐 https://instagram.com/thenadias.official?igshid=YTQwZjQ0NmI0OA== ************* #عائلة_المحققين #NADIAS #قصص","NADIAS,قصص نادية,قصص واقعية,قصص بالمغربية,عائلة المحققين",26,"Howto & Style",,PT27M10S,1630,2d,hd,false,ar,ar,,1,,,,,313088,15190,,0,816
121,UCebFWsUeE9bx-kDyN40wmQQ,NADIAS,gR6SVbdmitc,2023-11-14T19:34:01Z,"2023-11-14 19:34:01","تسناو كثر من 11 عام باش يعرفو اشنو وقع في الليلة الكحلة وسط دار عائلة برجوازية🔐🔥","حسابي على الانستغرام💐 https://instagram.com/thenadias.official?igshid=YTQwZjQ0NmI0OA== ************* #عائلة_المحققين #NADIAS #قصص","NADIAS,قصص نادية,قصص واقعية,قصص بالمغربية,عائلة المحققين",26,"Howto & Style",,PT30M7S,1807,2d,hd,false,ar,ar,,1,,,,,347157,16141,,0,735
122,UCebFWsUeE9bx-kDyN40wmQQ,NADIAS,YMIYNQUuIp8,2023-11-09T17:45:18Z,"2023-11-09 17:45:18","نــهاية ماســاوية لــبنت الســفير والســبب ســر خــباتو اغــنى العائــلات في بــاكســتان😨🔐","حسابي على الانستغرام💐 https://instagram.com/thenadias.official?igshid=YTQwZjQ0NmI0OA== ************* #عائلة_المحققين #NADIAS #قصص","NADIAS,قصص نادية,قصص واقعية,قصص بالمغربية,عائلة المحققين",26,"Howto & Style",Society,PT23M11S,1391,2d,hd,false,ar,ar,,1,,,,,282395,14736,,0,593
123,UCebFWsUeE9bx-kDyN40wmQQ,NADIAS,4OHZ1I1_TjM,2023-11-05T18:27:11Z,"2023-11-05 18:27:11","القــصة لغـتخـليـك تــفكر ملــيون مــرة قبل ما دّخــل شــي شــخص لحــياتك⛔️","حسابي على الانستغرام💐 https://instagram.com/thenadias.official?igshid=YTQwZjQ0NmI0OA== ************* #عائلة_المحققين #NADIAS #قصص","NADIAS,قصص نادية,قصص واقعية,قصص بالمغربية,عائلة المحققين",26,"Howto & Style",,PT28M15S,1695,2d,hd,false,ar,ar,,1,,,,,394627,17233,,0,715
124,UCebFWsUeE9bx-kDyN40wmQQ,NADIAS,JxuercXA4GM,2023-10-30T19:12:25Z,"2023-10-30 19:12:25","صــفَّاوها لـراجل اعمــال اردنـي وسط دارو⛔️ورسائـل مجهولــة غتوصَّلهم لاخــر شــخص مــمكن يفكرو فيـه","حسابي على الانستغرام💐 https://instagram.com/thenadias.official?igshid=YTQwZjQ0NmI0OA== ************* #عائلة_المحققين #NADIAS #قصص","NADIAS,قصص نادية,قصص واقعية,قصص بالمغربية,عائلة المحققين",26,"Howto & Style",,PT30M34S,1834,2d,hd,false,ar,ar,,1,,,,,337312,15392,,0,750
125,UCebFWsUeE9bx-kDyN40wmQQ,NADIAS,HDQgTOKr_YQ,2023-10-27T18:00:10Z,"2023-10-27 18:00:10","نــهاية مأساوية لــعروس قبل زفافــها بايــام ⛔️و شــجرة عرعــار كــانت السبــب في فـك لــغز جـ*ـريمة","حسابي على الانستغرام💐 https://instagram.com/thenadias.official?igshid=YTQwZjQ0NmI0OA== ************* #عائلة_المحققين #NADIAS #قصص",,26,"Howto & Style",,PT32M45S,1965,2d,hd,false,ar,ar,,1,,,,,394036,15854,,0,635
126,UCebFWsUeE9bx-kDyN40wmQQ,NADIAS,VyBJ-v2Nt04,2023-10-13T17:53:19Z,"2023-10-13 17:53:19","بــنت كــطّــيح من الطــابق الســادس والفــاعل مــجهول😱القــ*ــضية لي دارت روينة في البــرازيل","حسابي على الانستغرام💐 https://instagram.com/thenadias.official?igshid=YTQwZjQ0NmI0OA== ************* #عائلة_المحققين #NADIAS #قصص",,26,"Howto & Style",,PT32M30S,1950,2d,hd,false,ar,ar,,1,,,,,377312,16608,,0,601
127,UCebFWsUeE9bx-kDyN40wmQQ,NADIAS,B3kYdwcjfe0,2023-10-07T18:00:04Z,"2023-10-07 18:00:04","دُوّارْ صــغيرْ في ضَــواحي تِـــيفْــلْتْ كــيتقــلب بسبــاب هاذ القضــ*ــية 😱الــجدارمية تـلْفُـو👣","حسابي على الانستغرام💐 https://instagram.com/thenadias.official?igshid=YTQwZjQ0NmI0OA== ************* #عائلة_المحققين #NADIAS #قصص",,26,"Howto & Style",,PT36M,2160,2d,hd,false,ar,ar,https://i.ytimg.com/vi/B3kYdwcjfe0/maxresdefault.jpg,1,,,,,421298,20187,,0,1246
128,UCebFWsUeE9bx-kDyN40wmQQ,NADIAS,hGICt-p60UI,2023-09-28T17:17:33Z,"2023-09-28 17:17:33","ما تصوروش اشنو دارت روســـية في الشـــبيهة ديـــالها بـــاش تاخذ حيـــاتها كلهـــا 😨⛔️","حسابي على الانستغرام💐 https://instagram.com/thenadias.official?igshid=YTQwZjQ0NmI0OA== ************* #عائلة_المحققين #NADIAS #قصص",,26,"Howto & Style",,PT27M20S,1640,2d,hd,false,ar,ar,https://i.ytimg.com/vi/hGICt-p60UI/maxresdefault.jpg,1,,,,,236930,12334,,0,378
129,UCebFWsUeE9bx-kDyN40wmQQ,NADIAS,9V2hdIVdE0Q,2023-09-21T18:32:51Z,"2023-09-21 18:32:51","هـادكشي لي دارتـــو هاذ الفـــرملية مـــتـقــدرش تــخيلو 😨⛔️ عـــشق مـــمنوع وســـط الســـبيطار","حسابي على الانستغرام💐 https://instagram.com/thenadias.official?igshid=YTQwZjQ0NmI0OA== ************* #عائلة_المحققين #NADIAS #قصص",,26,"Howto & Style",,PT26M34S,1594,2d,hd,false,ar,ar,https://i.ytimg.com/vi/9V2hdIVdE0Q/maxresdefault.jpg,1,,,,,269370,11884,,0,571
130,UCebFWsUeE9bx-kDyN40wmQQ,NADIAS,0QB36U2ZC2E,2023-09-07T17:43:30Z,"2023-09-07 17:43:30","كَــانْ لابـد من نهــايتــي تْــكون بهَاد الــطّريقة ⛔️ بـَـاش تعرفو الســرْ لي مــدفونْ ســنواتْ 🔑","حسابي على الانستغرام💐 https://instagram.com/thenadias.official?igshid=YTQwZjQ0NmI0OA== ************* #عائلة_المحققين #NADIAS #قصص","NADIAS,قصص نادية,قصص واقعية,قصص بالمغربية,عائلة المحققين,قضية لوسي بلاكمان",26,"Howto & Style",Society,PT42M5S,2525,2d,hd,false,ar,ar,https://i.ytimg.com/vi/0QB36U2ZC2E/maxresdefault.jpg,1,,,,,578325,23126,,0,964
131,UCebFWsUeE9bx-kDyN40wmQQ,NADIAS,Ujfuv8e7ocA,2023-08-29T13:25:15Z,"2023-08-29 13:25:15","فــرح لــقاوها في صــاك جنب الـواد 🪓⛔️و فــاطمة زهراء مــشات لخــدمتها ومرجــعاتش 😱","حسابي على الانستغرام💐 https://instagram.com/thenadias.official?igshid=YTQwZjQ0NmI0OA== ************* #عائلة_المحققين #NADIAS #قصص","قضية فرح,قضية فاطمة الزهراء في طنجة,NADIAS,قصص نادية,قصص واقعية,قصص بالمغربية,عائلة المحققين",26,"Howto & Style",,PT27M15S,1635,2d,hd,false,ar,ar,https://i.ytimg.com/vi/Ujfuv8e7ocA/maxresdefault.jpg,1,,,,,373092,19068,,0,742
132,UCebFWsUeE9bx-kDyN40wmQQ,NADIAS,MbdO-X-zBz4,2023-08-16T13:50:55Z,"2023-08-16 13:50:55","اشــنو دارت ام في ولادهـــا بـــاش تـــوجد لنهـــاية العـــالم ؟ ⛔️الجزء الثاني","الجزء الاول https://youtu.be/-eN5dTlOXy4 ...................................................... حسابي على الانستغرام💐 https://instagram.com/thenadias.official?igshid=YTQwZjQ0NmI0OA== ************* #عائلة_المحققين #NADIAS #قصص","NADIAS,قصص نادية,قصص واقعية,قصص بالمغربية,عائلة المحققين,لوري",26,"Howto & Style",,PT32M9S,1929,2d,hd,false,ar,ar,https://i.ytimg.com/vi/MbdO-X-zBz4/maxresdefault.jpg,1,,,,,252084,11763,,0,653
133,UCebFWsUeE9bx-kDyN40wmQQ,NADIAS,-eN5dTlOXy4,2023-08-15T13:32:08Z,"2023-08-15 13:32:08","اليوم غــتعرفو المـعنى الحـقيقي ديال غــسل الدمـاغ !! وكـيفاش ام قــدرات دمــر ولادهــا بايديــها ⛔️","الجزء الثاني https://www.youtube.com/watch?v=MbdO-X-zBz4 ........................................................... حسابي على الانستغرام💐 https://instagram.com/thenadias.official?igshid=YTQwZjQ0NmI0OA== ************* #عائلة_المحققين #NADIAS #قصص","NADIAS,قصص نادية,قصص واقعية,قصص بالمغربية,عائلة المحققين,لوري",26,"Howto & Style",,PT28M16S,1696,2d,hd,false,ar,ar,https://i.ytimg.com/vi/-eN5dTlOXy4/maxresdefault.jpg,1,,,,,363622,16731,,0,577
134,UCebFWsUeE9bx-kDyN40wmQQ,NADIAS,tJdjXtFNc4w,2023-08-03T17:06:24Z,"2023-08-03 17:06:24","مــــقلب على اليــوتوب يتحول الى كــ..ــارثة و الضــ★ــحية شــخص غير متــــوقع📸⛔️","حسابي على الانستغرام💐 https://instagram.com/thenadias.official?igshid=YTQwZjQ0NmI0OA== ************* #عائلة_المحققين #NADIAS #قصص","NADIAS,قصص نادية,قصص واقعية,قصص بالمغربية,عائلة المحققين",26,"Howto & Style",,PT25M2S,1502,2d,hd,false,ar,ar,https://i.ytimg.com/vi/tJdjXtFNc4w/maxresdefault.jpg,1,,,,,311475,17159,,0,656
135,UCebFWsUeE9bx-kDyN40wmQQ,NADIAS,Kb6geOZdy8w,2023-07-17T13:15:01Z,"2023-07-17 13:15:01","اشـنو وقع في الليلة المشؤومة لي سجلت نهاية مارلين منرو⚠️وعلاقة البيت الابيض و الاستخبارات في الواقعة","حسابي على الانستغرام💐 https://instagram.com/thenadias.official?igshid=YTQwZjQ0NmI0OA== ************* #عائلة_المحققين #NADIAS #قصص","NADIAS,قصص نادية,قصص واقعية,قصص بالمغربية,عائلة المحققين,قصة مارلين منرو",26,"Howto & Style",Entertainment,PT40M38S,2438,2d,hd,false,ar,ar,https://i.ytimg.com/vi/Kb6geOZdy8w/maxresdefault.jpg,1,,,,,383592,17672,,0,753
136,UCebFWsUeE9bx-kDyN40wmQQ,NADIAS,Oinf-enx7-U,2023-06-30T15:37:34Z,"2023-06-30 15:37:34","لــيلة عــادية وسط العــائلة 📛حــولات حياة مغــربي لزنــزانة امريكية في مـواجهة 11 عــام حــبــ*س⚖️","تحديث يوم 15 09 2024 هذا التعليق المتبث تم تحديثه بعد النطق بالحكم الابتدائي ولهو 11 سنة نافدة مع 3 سنوات اطلاق سراح المشروط الان باقا فرصة اخيرة لجمع تبرعات في مرحلة الاستناف مع محامي جديد لصالح خوكم شعيب وقدرنا لقاو جمعية جديدة في امريكا تجمع لشعيب فلوس هذا هو رابط الجديد لتبرع من المغرب وخارجه https://betchange.betterworld.org/campaigns/stand-chouaib-ensure-fair-trial-2?_gl=1*116bq9t*_gcl_au*MTgzMTYzMzg0My4xNzM0MTc3MjUyLjQzNTI2OTMwMi4xNzM2NTU5ODQxLjE3MzY1NjAxNTA وهذا رابط zelle لتبرع من داخل امريكا houriaaba@yahoo.com تعديل على تعليقي - الله يخليكم عندي واحد الطلب وهو احترام الطرفين و عدم قذف الزوجة حنا درنا هااذ الفيديو باش نديرو خير و ناخذو اجر ماشي باش نجمعو الذنوب الانسان مافيها باس يعبر على رايه و لكن بلا مايعاير كيفما كان الحال هاديك تتبقى ام اولادو الله يهدي الجميع كل بني آدم خطَّاء، وخير الخطَّائين التَّوابون تعديل يوم 15 يناير 2024 حطيت الجزء الثاني من قضية شعيب https://www.youtube.com/watch?v=4ZSArsE-1SM&t=1s لايف جديد عن القضية تقدرو تعتابروه جزء الثالث يوم 11 09 2024 https://www.youtube.com/live/P3ioT0uF9Ok","NADIAS,قصص نادية,قصص واقعية,قصص بالمغربية,عائلة المحققين,قضية شعيب,شعيب",26,"Howto & Style",Society,PT39M26S,2366,2d,hd,false,ar,ar,https://i.ytimg.com/vi/Oinf-enx7-U/maxresdefault.jpg,1,,,,,575451,23727,,0,3489
137,UCebFWsUeE9bx-kDyN40wmQQ,NADIAS,RY2dqnKa85o,2023-06-27T17:30:04Z,"2023-06-27 17:30:04","طــبيب لـقاوه في حــفرة وسط العــيادة 🪓و الــراجل لي طــمع في مــراة خــوه وسالاها بكارثـة 🇪🇬","حسابي على الانستغرام💐 https://instagram.com/thenadias.official?igshid=YTQwZjQ0NmI0OA== ************* #عائلة_المحققين #NADIAS #قصص","NADIAS,قصص نادية,قصص واقعية,قصص بالمغربية,عائلة المحققين",26,"Howto & Style",Society,PT26M44S,1604,2d,hd,false,ar,ar,https://i.ytimg.com/vi/RY2dqnKa85o/maxresdefault.jpg,1,,,,,370683,17110,,0,762
138,UCebFWsUeE9bx-kDyN40wmQQ,NADIAS,BZIgR33uCmA,2023-06-16T16:41:49Z,"2023-06-16 16:41:49","القــضية لي رونــات ايــطاليا و الانـتربول الاوروبي ⛔️بســباب بنت باكستانـية هــاربة من دارهـم 🇮🇹","#عائلة_المحققين #NADIAS #قصص","NADIAS,قصص نادية,قصص واقعية,قصص بالمغربية,عائلة المحققين",26,"Howto & Style",Society,PT30M2S,1802,2d,hd,false,ar,ar,https://i.ytimg.com/vi/BZIgR33uCmA/maxresdefault.jpg,1,,,,,395153,17403,,0,817
139,UCebFWsUeE9bx-kDyN40wmQQ,NADIAS,tE5s_yflLcs,2023-05-26T18:43:41Z,"2023-05-26 18:43:41","عــائلة دمــرات بســباب تهــديدات من مــجهول 🔥⚠️و الجــاني غير مــتوقع","#عائلة_المحققين #NADIAS #قصص","NADIAS,قصص نادية,قصص واقعية,قصص بالمغربية,عائلة المحققين",26,"Howto & Style",Society,PT25M45S,1545,2d,hd,false,ar,ar,https://i.ytimg.com/vi/tE5s_yflLcs/maxresdefault.jpg,1,,,,,336512,17666,,0,728
140,UCebFWsUeE9bx-kDyN40wmQQ,NADIAS,u7JtFHVE4wk,2023-05-18T18:08:55Z,"2023-05-18 18:08:55","🔥الـقــضية التـــي تســـببت في مـظـــاهرات في شـــوارع فـرنســـا ⛔️ اخـ.تفاء ليتيسيـــا الغـامـــض","#عائلة_المحققين #NADIAS #قصص","NADIAS,قصص نادية,قصص واقعية,قصص بالمغربية,عائلة المحققين",26,"Howto & Style",Society,PT27M42S,1662,2d,hd,false,ar,ar,https://i.ytimg.com/vi/u7JtFHVE4wk/maxresdefault.jpg,1,,,,,368084,17661,,0,485
141,UCebFWsUeE9bx-kDyN40wmQQ,NADIAS,OZE_Lkl91VI,2023-05-09T18:24:58Z,"2023-05-09 18:24:58","🔥 مــلكة جـمال كــتموت بســباب عــملية تـجميل ⛔️و بـنتها تـحقــق في مــوتها الغامــض","#عائلة_المحققين #NADIAS #قصص","NADIAS,قصص نادية,قصص واقعية,قصص بالمغربية,عائلة المحققين",26,"Howto & Style",Society,PT40M39S,2439,2d,hd,false,ar,ar,https://i.ytimg.com/vi/OZE_Lkl91VI/maxresdefault.jpg,1,,,,,640754,32579,,0,1065
142,UCebFWsUeE9bx-kDyN40wmQQ,NADIAS,dsWdNiXvKug,2023-04-28T19:14:28Z,"2023-04-28 19:14:28","قـــرطاسة غــذارة تــستهذف اطيب الناس 🔥 و تـــورط التـونسي بلال حمروني في القــضـية 🇫🇷","#عائلة_المحققين #NADIAS #قصص","NADIAS,قصص نادية,قصص واقعية,قصص بالمغربية",26,"Howto & Style",,PT25M35S,1535,2d,hd,false,ar,ar,https://i.ytimg.com/vi/dsWdNiXvKug/maxresdefault.jpg,1,,,,,326562,12510,,0,547
143,UCebFWsUeE9bx-kDyN40wmQQ,NADIAS,AK81l8zTGqk,2023-04-15T14:00:09Z,"2023-04-15 14:00:09","ثـــلاثة مراهــقات اخــتفاو في لـِــيلة وُحدة ⛔️و خـــلاو اسـبانيـا كـــاملة مــقلوبة مــوراهم👣","#عائلة_المحققين #NADIAS #قصص","NADIAS,قصص نادية,قصص واقعية,قصص بالمغربية",26,"Howto & Style",,PT28M1S,1681,2d,hd,false,ar,ar,https://i.ytimg.com/vi/AK81l8zTGqk/maxresdefault.jpg,1,,,,,400581,14151,,0,690
144,UCebFWsUeE9bx-kDyN40wmQQ,NADIAS,Ov4XcWVcYtU,2023-03-26T21:03:13Z,"2023-03-26 21:03:13","مـليونير قرر شــراء فــتاة جـميلة 🫦الــثمن كان غـالي ❌و الـنهاية لم تـعجب احد","#عائلة_المحققين #NADIAS #قصص","NADIAS,قصص نادية,الخراز,قصص واقعية",26,"Howto & Style",,PT19M21S,1161,2d,hd,false,ar,ar,https://i.ytimg.com/vi/Ov4XcWVcYtU/maxresdefault.jpg,1,,,,,290022,11968,,0,435
145,UCebFWsUeE9bx-kDyN40wmQQ,NADIAS,x7zGMWQkuwE,2023-03-23T21:05:25Z,"2023-03-23 21:05:25","لــيلة كـحلة مع الصْحاب كانت السباب في كشف اسرار صادمة عن اغــنى عــائلة في المــنطقة⛔️ قضية 2023 🔥","#عائلة_المحققين #NADIAS #قصص","NADIAS,قصص نادية,الخراز,قصص واقعية",26,"Howto & Style",Society,PT34M30S,2070,2d,hd,false,ar,ar,https://i.ytimg.com/vi/x7zGMWQkuwE/maxresdefault.jpg,1,,,,,393490,13702,,0,520
146,UCebFWsUeE9bx-kDyN40wmQQ,NADIAS,v7VJDe65Wqw,2023-03-16T18:00:23Z,"2023-03-16 18:00:23","🔥من مـشهورة على اغـلفة المـجلات الى حـساء خـضار 🍵قـ ضية ابي تشـوي الـتي احـدثت ضـجة","#عائلة_المحققين #NADIAS #قصص","NADIAS,قصص نادية,الخراز,قصص واقعية",26,"Howto & Style",,PT31M,1860,2d,hd,false,ar,ar,https://i.ytimg.com/vi/v7VJDe65Wqw/maxresdefault.jpg,1,,,,,408296,14815,,0,563
147,UCebFWsUeE9bx-kDyN40wmQQ,NADIAS,8XYsJ-mLwBw,2023-03-11T18:02:35Z,"2023-03-11 18:02:35","مـــوت ســلمى الـغامض بعد زواجــها مباشرة من ابن برلــماني سابـق باسـفي⛔️","#قصص #NADIAS #سلمى_زيزي","NADIAS,قصص نادية,الخراز,قصص واقعية",26,"Howto & Style",,PT19M19S,1159,2d,hd,false,ar,ar,https://i.ytimg.com/vi/8XYsJ-mLwBw/maxresdefault.jpg,1,,,,,399461,15392,,0,963
148,UCebFWsUeE9bx-kDyN40wmQQ,NADIAS,wOFYqL6zI0I,2023-03-09T18:02:35Z,"2023-03-09 18:02:35","⚠️بــغات تــولي عــارضة ازياء مشهورة 📸و بوست على الانترنيت كان السبب في اخــتفائـها الــغامض","#عائلة_المحققين #NADIAS #قصص","NADIAS,قصص نادية,الخراز,قصص واقعية",26,"Howto & Style",,PT30M9S,1809,2d,hd,false,ar,ar,https://i.ytimg.com/vi/wOFYqL6zI0I/maxresdefault.jpg,1,,,,,335982,13724,,0,619
149,UCebFWsUeE9bx-kDyN40wmQQ,NADIAS,PZUKHK4FlRE,2023-02-27T18:11:57Z,"2023-02-27 18:11:57","⛔🔥كان حُلمو يــولي عَــارض ازْيـــاء ساعة تحول لقاتــل انـترنيـــت مُـطارد من الانْــتربول الدولي","#عائلة_المحققين #NADIAS #قصص","NADIAS,قصص نادية,الخراز,قصص واقعية",26,"Howto & Style",Society,PT24M3S,1443,2d,hd,false,ar,ar,https://i.ytimg.com/vi/PZUKHK4FlRE/maxresdefault.jpg,1,,,,,262527,13087,,0,683
150,UCebFWsUeE9bx-kDyN40wmQQ,NADIAS,7CYMZq1lNAA,2023-02-26T18:00:03Z,"2023-02-26 18:00:03","🔥جــــروب فـــيسبوك 🕵🏽‍♂️قــــدرو يطيحو على اكثر شــــخص غــيولي مطلوب عند الانـتربــول","#عائلة_المحققين #NADIAS #قصص","NADIAS,قصص نادية,الخراز,قصص واقعية",26,"Howto & Style",,PT26M10S,1570,2d,hd,false,ar,ar,https://i.ytimg.com/vi/7CYMZq1lNAA/maxresdefault.jpg,1,,,,,282973,12919,,0,542
151,UCebFWsUeE9bx-kDyN40wmQQ,NADIAS,MNyEpY4BBJY,2023-02-20T17:57:47Z,"2023-02-20 17:57:47","🔥⚠️اغــرب قـضـية اخــتفاء دازت في ايــطاليا والمــغربي محمد فكري المشــتبه الرئيســي","رابط قناة ايوب https://www.youtube.com/watch?v=LOJ9z3E0Jqs&t=192s --------------------------------------------------------------------------------------------- #عائلة_المحققين #NADIAS #قصص","قصص,قصص نادية,NADIAS,NADIA STORIES",26,"Howto & Style","Politics,Society",PT32M2S,1922,2d,hd,false,ar,ar,https://i.ytimg.com/vi/MNyEpY4BBJY/maxresdefault.jpg,1,,,,,426013,17879,,0,1077
152,UCebFWsUeE9bx-kDyN40wmQQ,NADIAS,BE7Q3PbxBY8,2023-02-12T19:12:21Z,"2023-02-12 19:12:21","القضية لي خلات كثر من 400 مرة تْسَلَّمْ راسها للبوليس نهار عيد الاستقلال 🇮🇳","#عائلة_المحققين #NADIAS #قصص","قصص,قصص نادية,NADIAS,NADIA STORIES",26,"Howto & Style","Politics,Society",PT36M56S,2216,2d,hd,false,ar,ar,https://i.ytimg.com/vi/BE7Q3PbxBY8/maxresdefault.jpg,1,,,,,353725,15138,,0,1082
153,UCebFWsUeE9bx-kDyN40wmQQ,NADIAS,4aAhQVsKUUM,2023-02-02T18:16:02Z,"2023-02-02 18:16:02","اخر ستوريا غادي تحطها عارضة ازياء مشهورة ⛔️و لغز المحير في قضية مراة البيلوط","#عائلة_المحققين #NADIAS #قصص","قصص,قصص نادية,NADIAS,NADIA STORIES",26,"Howto & Style",,PT37M56S,2276,2d,hd,false,ar,ar,https://i.ytimg.com/vi/4aAhQVsKUUM/maxresdefault.jpg,1,,,,,611403,18413,,0,840
154,UCebFWsUeE9bx-kDyN40wmQQ,NADIAS,BIBP6thcNeI,2023-01-20T18:49:59Z,"2023-01-20 18:49:59","اشــنو هي قــصة الشــقة المــسكونـــة لي خـــلات ام تـكتاشـف ســـر عـــمرو 45 عـــام ☠️🔥","رابط الواتساب الخاص بمندوبة الشركة https://wa.me/message/Q3ZBWID2PD3NO1 ✱✱✱✱✱✱✱✱✱✱✱✱✱✱✱✱✱✱✱✱✱✱✱✱✱✱✱✱✱ #عائلة_المحققين #NADIAS #قصص","قصص,قصص نادية,NADIAS,NADIA STORIES,FAKHR DIN,AYMAN SENPAI,MS LIMO,SAFAA,قصص بالمغربية",26,"Howto & Style",,PT29M44S,1784,2d,hd,false,ar,ar,https://i.ytimg.com/vi/BIBP6thcNeI/maxresdefault.jpg,1,,,,,435478,16732,,0,748
155,UCebFWsUeE9bx-kDyN40wmQQ,NADIAS,JVG_EdKhYNc,2023-01-15T14:03:34Z,"2023-01-15 14:03:34","خُـطَة دامـت 5 ســـنِــين باش يــوجدو لـــنِهايــة جــميلة الجـــميلات ⛔️","قصص# NADIAS#","قصص,قصص نادية,NADIAS,NADIA STORIES",26,"Howto & Style",,PT27M29S,1649,2d,hd,false,ar,ar,https://i.ytimg.com/vi/JVG_EdKhYNc/maxresdefault.jpg,1,,,,,386221,16358,,0,951
156,UCebFWsUeE9bx-kDyN40wmQQ,NADIAS,zYFWFtyghRM,2023-01-06T18:57:05Z,"2023-01-06 18:57:05","اشدارت اماندا حتى ولات اكثر امراة مكروهة في العالم ⛔️","قصص# NADIAS#","قصص نادية,NADIAS,قصص",26,"Howto & Style",Society,PT33M17S,1997,2d,hd,false,ar,ar,https://i.ytimg.com/vi/zYFWFtyghRM/maxresdefault.jpg,1,,,,,443659,16242,,0,912
157,UCebFWsUeE9bx-kDyN40wmQQ,NADIAS,2at05ItIR_U,2022-12-29T18:08:24Z,"2022-12-29 18:08:24","القضية التي ارغمت ترامب و بايدن على مساعدة عائلة في معركتها ضد الجيش الامريكي","قصص# NADIAS#","قصص نادية,NADIAS,فانيسا غيين",26,"Howto & Style","Politics,Society",PT26M2S,1562,2d,hd,false,ar,ar,https://i.ytimg.com/vi/2at05ItIR_U/maxresdefault.jpg,1,,,,,180507,10365,,0,495
158,UCebFWsUeE9bx-kDyN40wmQQ,NADIAS,A_HghJLZOqQ,2022-12-22T18:02:29Z,"2022-12-22 18:02:29","كـــتاب كـــان الســبب في حـــل لغز قضــية دامــت اكــثر من 20 عــام - الجزء الثاني","قصص# NADIAS#","قصص نادية,NADIAS",26,"Howto & Style",,PT28M6S,1686,2d,hd,false,ar,ar,https://i.ytimg.com/vi/A_HghJLZOqQ/maxresdefault.jpg,1,,,,,297203,15682,,0,910
159,UCebFWsUeE9bx-kDyN40wmQQ,NADIAS,VuwOjuom5qc,2022-12-21T17:54:54Z,"2022-12-21 17:54:54","الـبنت لي خـلات دولـة كـاملة كتـقلب على هويتـها 🔐داخل ارشـيف 20 عـام قبـل - الجزء الاول","قصص# NADIAS#","قصص نادية,NADIAS",26,"Howto & Style",,PT30M5S,1805,2d,hd,false,ar,ar,https://i.ytimg.com/vi/VuwOjuom5qc/maxresdefault.jpg,1,,,,,416334,16553,,0,776
160,UCebFWsUeE9bx-kDyN40wmQQ,NADIAS,Jb2pNlt2wq4,2022-12-03T17:42:52Z,"2022-12-03 17:42:52","قضية حــسناء المــراة الحـ ـامل الــتي ذهــبت ضـ ـحـ ـيـ ــة ""لوجع التراب"" النسخة الواقعية","قصص# قصص_واقعية# NADIAS#","قصص,NADIAS,ممرض صالح,THE GOOD NURSE,nadia stories",26,"Howto & Style",,PT20M38S,1238,2d,hd,false,ar,ar,https://i.ytimg.com/vi/Jb2pNlt2wq4/maxresdefault.jpg,1,,,,,249690,12711,,0,1557
161,UCebFWsUeE9bx-kDyN40wmQQ,NADIAS,-oZnHzFlA44,2022-11-22T19:08:21Z,"2022-11-22 19:08:21","The Good Nurse🔥 القصة الحقيقية وراء الفيلم الشهير","قصص# قصص_واقعية# NADIAS#","قصص,NADIAS,ممرض صالح,THE GOOD NURSE,nadia stories",26,"Howto & Style","Entertainment,Film",PT31M21S,1881,2d,hd,false,ar,ar,https://i.ytimg.com/vi/-oZnHzFlA44/maxresdefault.jpg,1,,,,,322848,14090,,0,727
162,UCebFWsUeE9bx-kDyN40wmQQ,NADIAS,jiLfn4pR0sw,2022-11-17T17:58:41Z,"2022-11-17 17:58:41","لغز اخــتــفاء رجل اعمال مليونير في ظروف غامضة و الفــاعل غير متوقع🕵🏾‍♂️","قصص# قصص_واقعية# قصص_نادية#","nadia stories,قصص,قصص واقعية",26,"Howto & Style",Society,PT28M9S,1689,2d,hd,false,ar,ar,https://i.ytimg.com/vi/jiLfn4pR0sw/maxresdefault.jpg,1,,,,,356993,14532,,0,803
163,UCebFWsUeE9bx-kDyN40wmQQ,NADIAS,Vah55tHPt1Q,2022-11-02T18:02:37Z,"2022-11-02 18:02:37","الجزائري محمد مراح مول سكوتر لي قلب مخابرات الفرنسيس في 2012","قصص# قصص_واقعية# قصص_نادية#","قصص,قصص واقعية",26,"Howto & Style",,PT32M50S,1970,2d,hd,false,ar,ar,https://i.ytimg.com/vi/Vah55tHPt1Q/maxresdefault.jpg,1,,,,,343160,13133,,0,907
164,UCebFWsUeE9bx-kDyN40wmQQ,NADIAS,FVCYfHWsPlQ,2022-10-29T17:36:12Z,"2022-10-29 17:36:12","اختفاء صحفية بعد رحلتها في غواصة مخترع دنمركي مشهور","قصص# قصص_واقعية# قصص_نادية#","قصص,قصص واقعية,قضايا,قصص من الواقع,قصص نادية",26,"Howto & Style",Society,PT27M29S,1649,2d,hd,false,ar,ar,https://i.ytimg.com/vi/FVCYfHWsPlQ/maxresdefault.jpg,1,,,,,306988,13454,,0,581
165,UCebFWsUeE9bx-kDyN40wmQQ,NADIAS,yuuZrhHko_I,2022-10-14T17:58:33Z,"2022-10-14 17:58:33","من جلسات مساج عادية 📺 الى جحيم القاصرات في منزل ملياردير","قناتي تهم كل ماهو غامض و به الكثير من الاسئلة قصص بوليسية قصص من الواقع لتوصل بجديد الفيديوهات المرجو الاشتراك مع تفعيل زر الجرس ------------------------------------------------------------------------------------------- #قصص #قصص_نادية #nadia_stories","قصص,قصص واقعية,قضية جيفري ابستين,nadia stories,قصص نادية,الخراز,قصص الخراز,ايمن سينباي,alkharaz,fakhr din,قصص بالمغربية",26,"Howto & Style",,PT48M21S,2901,2d,hd,false,ar,ar,https://i.ytimg.com/vi/yuuZrhHko_I/maxresdefault.jpg,1,,,,,758517,23002,,0,1424
166,UCebFWsUeE9bx-kDyN40wmQQ,NADIAS,brwskl0sjiQ,2022-10-06T17:57:30Z,"2022-10-06 17:57:30","🔥القــضية لــي هـزات روسـيا بسـباب خـواتات قـتـلـو بـاهم بـابشع طـريقـة","قناتي تهم كل ماهو غامض و به الكثير من الاسئلة قصص بوليسية قصص من الواقع لتوصل بجديد الفيديوهات المرجو الاشتراك مع تفعيل زر الجرس ------------------------------------------------------------------------------------------- #قصص #قصص_نادية #nadia_stories","nadia stories,قصص نادية,قصص,الخراز,قصص الخراز,ايمن سينباي,alkharaz,fakhr din,قصص بالمغربية",26,"Howto & Style",,PT20M12S,1212,2d,hd,false,ar,ar,https://i.ytimg.com/vi/brwskl0sjiQ/maxresdefault.jpg,1,,,,,318237,14013,,0,644
167,UCebFWsUeE9bx-kDyN40wmQQ,NADIAS,opZ47h4jc6Y,2022-10-04T18:00:46Z,"2022-10-04 18:00:46","اشـنو كان كــيوقع لدايـفد في وسـط دارهـم 8 سـنيـن كامـلة","شكرااا على الحب و الدعم احبكم جميعا",,26,"Howto & Style",,PT19M25S,1165,2d,hd,false,ar,ar,https://i.ytimg.com/vi/opZ47h4jc6Y/maxresdefault.jpg,1,,,,,229978,11370,,0,615
168,UCebFWsUeE9bx-kDyN40wmQQ,NADIAS,9_s5s_4D0PM,2022-09-19T18:02:06Z,"2022-09-19 18:02:06","اخـ ـطر ڭــزار داز عــند الهــنــود - كـيقـ ــتل انـتـقـامـا من البــوليس","قناتي تهم كل ماهو غامض و به الكثير من الاسئلة قصص بوليسية قصص من الواقع لتوصل بجديد الفيديوهات المرجو الاشتراك مع تفعيل زر الجرس ------------------------------------------------------------------------------------------- #قصص #قصص_نادية #nadia_stories","nadia stories,قصص نادية,قصص,الخراز,قصص الخراز,ايمن سينباي,alkharaz,fakhr din,قصص بالمغربية",26,"Howto & Style",Society,PT37M40S,2260,2d,hd,false,ar,ar,https://i.ytimg.com/vi/9_s5s_4D0PM/maxresdefault.jpg,1,,,,,445725,18156,,0,962
169,UCebFWsUeE9bx-kDyN40wmQQ,NADIAS,8rV375JG0_k,2022-09-06T17:50:01Z,"2022-09-06 17:50:01","بســـباب حـــبها الانــانــي اخــتارت دمــ ـر جـــوج عائـــلات في لـــيلة واحـــدة","شكرااا على الحب و الدعم احبكم جميعا",,26,"Howto & Style",,PT18M36S,1116,2d,hd,false,ar,ar,https://i.ytimg.com/vi/8rV375JG0_k/maxresdefault.jpg,1,,,,,255881,12215,,0,512
170,UCebFWsUeE9bx-kDyN40wmQQ,NADIAS,uUGPCm3sHtU,2022-09-04T17:22:44Z,"2022-09-04 17:22:44","مـ ـقـ ـتل المــذيعة المـشــهورة شيــماء جـمال في ظـروف غـ ـامضة قــلـب مصــر","قناتي تهم كل ماهو غامض و به الكثير من الاسئلة قصص بوليسية قصص من الواقع لتوصل بجديد الفيديوهات المرجو الاشتراك مع تفعيل زر الجرس ------------------------------------------------------------------------------------------- #قصص #قصص_نادية #nadia_stories -------------------------------------------------------------------------------------------","شيماء جمال,nadia stories,قصص نادية,قصص,الخراز,قصص الخراز,ايمن سينباي,صفاء,safaa,alkharaz,fakhr din,قصص بالمغربية",26,"Howto & Style",Society,PT25M36S,1536,2d,hd,false,ar,ar,https://i.ytimg.com/vi/uUGPCm3sHtU/maxresdefault.jpg,1,,,,,441299,15790,,0,954
171,UCebFWsUeE9bx-kDyN40wmQQ,NADIAS,61EN1aXU-8A,2022-08-23T13:06:26Z,"2022-08-23 13:06:26","فَــاشْ كـتــفرج فــشي فـيلم ☠️وتَـتْـبغي طــبقو في الواقع","قناتي تهم كل ماهو غامض و به الكثير من الاسئلة قصص بوليسية قصص من الواقع لتوصل بجديد الفيديوهات المرجو الاشتراك مع تفعيل زر الجرس ------------------------------------------------------------------------------------------- #قصص #قصص_نادية #nadia_stories","nadia stories,قصص نادية,قصص,الخراز,قصص الخراز,ايمن سينباي,صفاء,safaa,alkharaz,fakhr din,قصص بالمغربية",26,"Howto & Style",,PT18M51S,1131,2d,hd,false,ar,ar,https://i.ytimg.com/vi/61EN1aXU-8A/maxresdefault.jpg,1,,,,,233066,13082,,0,537
172,UCebFWsUeE9bx-kDyN40wmQQ,NADIAS,xPfZyI7GShU,2022-08-16T18:02:16Z,"2022-08-16 18:02:16","واش نـدير سدراتي بريــئ او هو بصح القــتَّال لسخف الفرنسيس باش لڭتوه 🇩🇿","قناتي تهم كل ماهو غامض و به الكثير من الاسئلة قصص بوليسية قصص من الواقع لتوصل بجديد الفيديوهات المرجو الاشتراك مع تفعيل زر الجرس ------------------------------------------------------------------------------------------- #قصص #قصص_نادية #nadia_stories -------------------------------------------------------------------------------------------","nadia stories,قصص نادية,قصص,الخراز,قصص الخراز,ايمن سينباي,صفاء,safaa,alkharaz,fakhr din,قصص بالمغربية,ندير سدراتي",26,"Howto & Style",,PT39M28S,2368,2d,hd,false,ar,ar,https://i.ytimg.com/vi/xPfZyI7GShU/maxresdefault.jpg,1,,,,,318817,11463,,0,696
173,UCebFWsUeE9bx-kDyN40wmQQ,NADIAS,wu5dWB-wR-8,2022-08-09T17:39:13Z,"2022-08-09 17:39:13","الـبـنت إلـــي تـــنبآت بـــموتــها قــبل 12 ساعة من الــكارثـــة","قناتي تهم كل ماهو غامض و به الكثير من الاسئلة قصص بوليسية قصص من الواقع لتوصل بجديد الفيديوهات المرجو الاشتراك مع تفعيل زر الجرس ------------------------------------------------------------------------------------------- #قصص #قصص_نادية #nadia_stories -------------------------------------------------------------------------------------------","nadia stories,قصص نادية,قصص,الخراز,قصص الخراز,ايمن سينباي,صفاء,safaa,alkharaz,fakhr din,قصص بالمغربية",26,"Howto & Style",,PT18M52S,1132,2d,hd,false,ar,ar,https://i.ytimg.com/vi/wu5dWB-wR-8/maxresdefault.jpg,1,,,,,305358,13566,,0,667
174,UCebFWsUeE9bx-kDyN40wmQQ,NADIAS,pSdBUnkDKbw,2022-07-23T14:05:11Z,"2022-07-23 14:05:11","اخـــتفاء عـــائـــلة رجـــل اعـــمال هـــندي ينــتـــهي باكتـــشاف ابــ ـشع جــ ـريمة في بــريطانيا","قناتي تهم كل ماهو غامض و به الكثير من الاسئلة قصص بوليسية قصص من الواقع لتوصل بجديد الفيديوهات المرجو الاشتراك مع تفعيل زر الجرس ------------------------------------------------------------------------------------------- #قصص #قصص_نادية nadia_stories# ------------------------------------------------------------------------------------------- فيديو قضية ياسر https://youtu.be/Ug3uw0GF9TQ","nadia stories,قصص نادية,قصص,الخراز,قصص الخراز,ايمن سينباي,صفاء,safaa,alkharaz,fakhr din,قصص بالمغربية",26,"Howto & Style",,PT28M25S,1705,2d,hd,false,ar,ar,https://i.ytimg.com/vi/pSdBUnkDKbw/maxresdefault.jpg,1,,,,,353897,14147,,0,450
175,UCebFWsUeE9bx-kDyN40wmQQ,NADIAS,Ug3uw0GF9TQ,2022-07-19T18:03:17Z,"2022-07-19 18:03:17","اب يحــكي ظروف وفاة ابنه الغامــضة في رحــلــة مع اصدقـ ـائــه من اوكــرانيا الى كــرواتــيا","رقم هاتف اب ياسر للتواصل 0660308030 ------------------------------------------------------------------------------------- قناتي تهم كل ماهو غامض و به الكثير من الاسئلة قصص بوليسية قصص من الواقع لتوصل بجديد الفيديوهات المرجو الاشتراك مع تفعيل زر الجرس ------------------------------------------------------------------------------------------- #justicepouryasir","#justicepouryasir,قضية ياسر,ياسر في كرواتيا,nadia stories,قصص نادية,قصص,الخراز,قصص الخراز,ايمن سينباي,صفاء,safaa,alkharaz,fakhr din,قصص بالمغربية",26,"Howto & Style",,PT35M47S,2147,2d,hd,false,ar,ar,https://i.ytimg.com/vi/Ug3uw0GF9TQ/maxresdefault.jpg,1,,,,,215602,12026,,0,1684
176,UCebFWsUeE9bx-kDyN40wmQQ,NADIAS,LSni4zwTYJc,2022-07-15T18:19:28Z,"2022-07-15 18:19:28","حـ ـارقة الــرجــال تــقـــول أنــها بـــريئة من جـــرائم 30 ســـنة","قناتي تهم كل ماهو غامض و به الكثير من الاسئلة قصص بوليسية قصص من الواقع لتوصل بجديد الفيديوهات المرجو الاشتراك مع تفعيل زر الجرس ------------------------------------------------------------------------------------------- #قصص #قصص_نادية nadia_stories# -------------------------------------------------------------------------------------------- Measured Paces de Kevin MacLeod fait l'objet d'une licence Creative Commons Attribution 4.0. https://creativecommons.org/licenses/by/4.0/ Source : http://incompetech.com/music/royalty-free/index.html?isrc=USUAN1100164 Artiste : http://incompetech.com/","nadia stories,قصص نادية,قصص,الخراز,قصص الخراز,ايمن سينباي,صفاء,safaa,alkharaz,fakhr din,قصص بالمغربية",26,"Howto & Style",,PT35M5S,2105,2d,hd,false,ar,ar,https://i.ytimg.com/vi/LSni4zwTYJc/maxresdefault.jpg,1,,,,,373406,13448,,0,482
177,UCebFWsUeE9bx-kDyN40wmQQ,NADIAS,AFFoqwvWjS0,2022-06-30T18:29:15Z,"2022-06-30 18:29:15","قـ ـاتــل مــحـطة القــطار الــي رون بــولــيس فــرنسا كــثر من 18 عــام","قناتي تهم كل ماهو غامض و به الكثير من الاسئلة قصص بوليسية قصص من الواقع لتوصل بجديد الفيديوهات المرجو الاشتراك مع تفعيل زر الجرس ------------------------------------------------------------------------------------------- #قصص #قصص_نادية nadia_stories#","nadia stories,قصص نادية,قصص,الخراز,قصص الخراز,ايمن سينباي,صفاء,safaa,alkharaz,fakhr din,قصص بالمغربية",26,"Howto & Style",,PT28M33S,1713,2d,hd,false,ar,ar,https://i.ytimg.com/vi/AFFoqwvWjS0/maxresdefault.jpg,1,,,,,478763,18683,,0,933
178,UCebFWsUeE9bx-kDyN40wmQQ,NADIAS,oYiXHPrqtM0,2022-06-14T17:42:35Z,"2022-06-14 17:42:35","تحـولت من مشــهورة غــنـية الى لـصة هاربة بسبب رجل احـبـته","لمشاهدة الجزء الاول https://youtu.be/yP-7vZ735PQ ----------------------------------------------------------- قناتي تهم كل ماهو غامض و به الكثير من الاسئلة قصص بوليسية قصص من الواقع لتوصل بجديد الفيديوهات المرجو الاشتراك مع تفعيل زر الجرس ------------------------------------------------------------------------------------------- #قصص #قصص_نادية #nadia_stories","قضية سارما,سارما,قصص نادية,nadia stories,قصص,الخراز,قصص الخراز,ايمن سينباي,صفاء,safaa,alkharaz,fakhr din,قصص بالمغربية",26,"Howto & Style",,PT23M29S,1409,2d,hd,false,ar,ar,https://i.ytimg.com/vi/oYiXHPrqtM0/maxresdefault.jpg,1,,,,,315833,13541,,0,886
179,UCebFWsUeE9bx-kDyN40wmQQ,NADIAS,yP-7vZ735PQ,2022-06-13T18:00:01Z,"2022-06-13 18:00:01","ما ســر الغـامـض وراء قصــة حب الغريـبة بيـن مشـهورة و عـمـيل سـري في الاسـتخبارات","قناتي تهم كل ماهو غامض و به الكثير من الاسئلة قصص بوليسية قصص من الواقع لتوصل بجديد الفيديوهات المرجو الاشتراك مع تفعيل زر الجرس ------------------------------------------------------------------------------------------- #قصص #قصص_نادية #nadia_stories","سارما,قضية سارما,nadia stories,قصص نادية,قصص,الخراز,قصص الخراز,ايمن سينباي,صفاء,safaa,alkharaz,fakhr din,قصص بالمغربية",26,"Howto & Style",,PT35M14S,2114,2d,hd,false,ar,ar,https://i.ytimg.com/vi/yP-7vZ735PQ/maxresdefault.jpg,1,,,,,481578,19818,,0,1026
180,UCebFWsUeE9bx-kDyN40wmQQ,NADIAS,zUSHz4vek5M,2022-06-08T18:00:19Z,"2022-06-08 18:00:19","لـغــز جــريـــمة وســـط عائـلة المــلــيارديـــرات🔍شـــكون لقــ ـتــ ـل الــيـــن و مــحمد درويش ؟","قناتي تهم كل ماهو غامض و به الكثير من الاسئلة قصص بوليسية قصص من الواقع لتوصل بجديد الفيديوهات المرجو الاشتراك مع تفعيل زر الجرس ------------------------------------------------------------------------------------------- #قصص #قصص_نادية #nadia_stories","nadia stories,قصص نادية,قصص,الخراز,قصص الخراز,ايمن سينباي,صفاء,safaa,alkharaz,fakhr din,قصص بالمغربية,عائلة باستور",26,"Howto & Style",,PT30M7S,1807,2d,hd,false,ar,ar,https://i.ytimg.com/vi/zUSHz4vek5M/maxresdefault.jpg,1,,,,,436437,17227,,0,743
181,UCebFWsUeE9bx-kDyN40wmQQ,NADIAS,LxiU1U0c10A,2022-05-27T17:56:37Z,"2022-05-27 17:56:37","كـــاميرا المـــراقبة تـكــشف لــغز اخـــتـفاء مـــراهــقة 🔍 قضية بايج دورثي","قناتي تهم كل ماهو غامض و به الكثير من الاسئلة قصص بوليسية قصص من الواقع . لتوصل بجديد الفيديوهات المرجو الاشتراك مع تفعيل زر الجرس ------------------------------------------------------------------------------------------- #قصص #قصص_نادية #nadia_stories","nadia stories,قصص نادية,بايج دورثي,قصص,الخراز,قصص الخراز,ايمن سينباي,صفاء,safaa,alkharaz,fakhr din,قصص بالمغربية",26,"Howto & Style",,PT23M54S,1434,2d,hd,false,ar,ar,https://i.ytimg.com/vi/LxiU1U0c10A/maxresdefault.jpg,1,,,,,343127,15828,,0,812
182,UCebFWsUeE9bx-kDyN40wmQQ,NADIAS,-UFXFvC5gJ8,2022-05-21T18:00:06Z,"2022-05-21 18:00:06","الــراجــل لخلى مديـنـة كامـلة كــتقــلب ليه على مراتــو - قضـية الاشــهر في فــرنسا","قناتي تهم كل ماهو غامض و به الكثير من الاسئلة قصص بوليسية قصص من الواقع . لتوصل بجديد الفيديوهات المرجو الاشتراك مع تفعيل زر الجرس ------------------------------------------------------------------------------------------- #قصص #قصص_نادية #nadia_stories","بوغابة,قصص,قصص نادية,الخراز,قصص الخراز,ايمن سينباي,صفاء,safaa,alkharaz,fakhr din,nadia stories,دافال",26,"Howto & Style",,PT29M14S,1754,2d,hd,false,ar,ar,https://i.ytimg.com/vi/-UFXFvC5gJ8/maxresdefault.jpg,1,,,,,448797,16577,,0,1099
183,UCebFWsUeE9bx-kDyN40wmQQ,NADIAS,zR9j6e_ChpU,2022-05-16T17:48:10Z,"2022-05-16 17:48:10","بوشــاقور 🪓 اشهر قـ.ـاتل مغربي في تاريــخ الفرنسيــس","قناتي تهم كل ماهو غامض و به الكثير من الاسئلة قصص بوليسية قصص من الواقع . لتوصل بجديد الفيديوهات المرجو الاشتراك مع تفعيل زر الجرس ------------------------------------------------------------------------------------------- #قصص #قصص_نادية #nadia_stories","بوغابة,محمد فلاح,قصص,قصص نادية,الخراز,قصص الخراز,ايمن سينباي,صفاء,safaa,alkharaz,fakhr din,nadia stories,قضية كمال بن صالح,كمال بن صالح",26,"Howto & Style","Politics,Society",PT33M11S,1991,2d,hd,false,ar,ar,https://i.ytimg.com/vi/zR9j6e_ChpU/maxresdefault.jpg,1,,,,,442048,15803,,0,606
184,UCebFWsUeE9bx-kDyN40wmQQ,NADIAS,GTju6XbibGY,2022-05-12T19:23:56Z,"2022-05-12 19:23:56","قصة حب بدات بلعبة اونـلاين و انتهت بكـارثة","قناتي تهم كل ماهو غامض و به الكثير من الاسئلة قصص بوليسية قصص من الواقع . لتوصل بجديد الفيديوهات المرجو الاشتراك مع تفعيل زر الجرس ------------------------------------------------------------------------------------------- #قصص #قصص_نادية #nadia_stories","قصص,قصص نادية,الخراز,قصص الخراز,ايمن سينباي,صفاء,safaa,alkharaz,fakhr din,nadia stories,قضية كمال بن صالح,كمال بن صالح",26,"Howto & Style",,PT26M19S,1579,2d,hd,false,ar,ar,https://i.ytimg.com/vi/GTju6XbibGY/maxresdefault.jpg,1,,,,,276464,13252,,0,708
185,UCebFWsUeE9bx-kDyN40wmQQ,NADIAS,dAGoDLkZH-A,2022-04-24T21:35:12Z,"2022-04-24 21:35:12","القصة الحقـيقية للمـغربية جـميلة بلقاسم","شكراااا على الحب و الدعم ...فخورة جدااا بعائلة المحقـقين","قصص نادية,قصص مغربية",26,"Howto & Style",Society,PT29M21S,1761,2d,hd,false,ar,ar,https://i.ytimg.com/vi/dAGoDLkZH-A/maxresdefault.jpg,1,,,,,234812,10053,,0,609
186,UCebFWsUeE9bx-kDyN40wmQQ,NADIAS,ApIXYkCAxV8,2022-04-19T11:53:22Z,"2022-04-19 11:53:22","عاملة اجتماعية تكشف السر الخطير لدورثيا بوينتي","قصص# قصص_نادية# nadia_stories#","قصص,قصص بالمغربية,قصص نادية,nadia stories,ايمن سينباي,فخر الدين,صفاء,safaa,elkharaz",26,"Howto & Style",Society,PT29M57S,1797,2d,hd,false,ar,ar,https://i.ytimg.com/vi/ApIXYkCAxV8/maxresdefault.jpg,1,,,,,323051,13899,,0,613
187,UCebFWsUeE9bx-kDyN40wmQQ,NADIAS,ojUCMzYNBJc,2022-04-08T12:19:57Z,"2022-04-08 12:19:57","قــضية المغربي عــزوز لحتاجت كثر من 17 عام باش تحل","قضية عزوز و الزماني و الجابري 3 مغاربة ارتبطت اسمائهم بقضية احتاجت اكثر من 17 عام لتحل اخيرااا قصص# قصص_نادية# nadia_stories#","قضية الزماني و الجابري,قصص نادية,nadia stories,ايمن سينباي,الخراز,الخراز عبد القادر,قصص واقعية,صفاء,safaa",26,"Howto & Style",,PT36M30S,2190,2d,hd,false,ar,ar,https://i.ytimg.com/vi/ojUCMzYNBJc/maxresdefault.jpg,1,,,,,500285,18713,,0,962
188,UCebFWsUeE9bx-kDyN40wmQQ,NADIAS,rqgj4dOLg5E,2022-03-30T18:39:27Z,"2022-03-30 18:39:27","الجـــريمة لرونات فرنسا بسباب كمال بن صالح 👣واش فعلا بريـــئ ؟","قناتي تهم كل ماهو غامض و به الكثير من الاسئلة قصص بوليسية قصص من الواقع . اهلا بكل قصص الغامضة لتوصل بجديد الفيديوهات المرجو الاشتراك مع تفعيل زر الجرس ------------------------------------------------------------------------------------------- قصص# قصص_نادية# nadia_stories#","قصص,قصص نادية,الخراز,قصص الخراز,ايمن سينباي,صفاء,safaa,alkharaz,fakhr din,nadia stories,قضية كمال بن صالح,كمال بن صالح",26,"Howto & Style","Politics,Society",PT21M4S,1264,2d,hd,false,ar,ar,https://i.ytimg.com/vi/rqgj4dOLg5E/maxresdefault.jpg,1,,,,,267872,10568,,0,834
189,UCebFWsUeE9bx-kDyN40wmQQ,NADIAS,_lC0M7DEABw,2022-03-22T18:20:43Z,"2022-03-22 18:20:43","اختفاء المغربية سميرة العطار في ظروف غامضة قــلــب ايطاليا","شكرااا لعائلتي الجميلة على الدعم و الحب الكبير ... للتواصل معي على ايميل narnia123654@gmail.com","nadia stories,stories",26,"Howto & Style",Society,PT17M40S,1060,2d,hd,false,ar,ar,https://i.ytimg.com/vi/_lC0M7DEABw/maxresdefault.jpg,1,,,,,385284,14809,,0,1094
190,UCebFWsUeE9bx-kDyN40wmQQ,NADIAS,8cDGfEXXCDo,2022-03-10T17:59:15Z,"2022-03-10 17:59:15","فتـاة بسيطة تقع في حب بليـونير التقـته على تطبيق تـندر - الجزء الثاني","لمشاهدة الجزء لاول https://youtu.be/3N3MtUaBInY",,26,"Howto & Style","Entertainment,Film",PT38M52S,2332,2d,hd,false,ar,ar,https://i.ytimg.com/vi/8cDGfEXXCDo/maxresdefault.jpg,1,,,,,331011,14670,,0,1414
191,UCebFWsUeE9bx-kDyN40wmQQ,NADIAS,3N3MtUaBInY,2022-02-22T18:07:58Z,"2022-02-22 18:07:58","فتـاة بسيطة تقع في حب بليـونير التقـته على تطبيق تـندر - الجزء الاول","لمشاهدة الجزء الثاني https://youtu.be/8cDGfEXXCDo","امير تندر,قصص نادية",26,"Howto & Style",,PT33M28S,2008,2d,hd,false,ar,ar,https://i.ytimg.com/vi/3N3MtUaBInY/maxresdefault.jpg,1,,,,,407644,16093,,0,2135
192,UCebFWsUeE9bx-kDyN40wmQQ,NADIAS,qynuR7MV324,2022-02-10T17:38:32Z,"2022-02-10 17:38:32","مــوقع على الانتــرنت دمـــر حيــاتي","قناتي تهم كل ماهو غامض و به الكثير من الاسئلة قصص بوليسية قصص من الواقع و ايضا بعض الاحداث الغريبة و الخارقة للطبيعة. اهلا بكل عشاق الرعب و قصص الغامضة لتوصل بجديد الفيديوهات المرجو الاشتراك مع تفعيل زر الجرس ------------------------------------------------------------------------------------------- قصص# قصص_نادية# nadia_stories#","nadia,nadia stories,قصص,قصص واقعية,ايمن سينباي,فخر الدين,SAFAA",26,"Howto & Style",,PT29M55S,1795,2d,hd,false,ar,ar,https://i.ytimg.com/vi/qynuR7MV324/maxresdefault.jpg,1,,,,,376322,18217,,0,1222
193,UCebFWsUeE9bx-kDyN40wmQQ,NADIAS,ASNx4wv7G5g,2022-02-02T18:37:15Z,"2022-02-02 18:37:15","المــغربية التي حلت اكبر لغــز اختفــا.ء فاطمة الذي حير محقــقين فرنسا","#العدالة_من_اجل_التهامي_البناني #Justicepourthamibennani المرجو نشر الهاشتاج على نطاق واسع ---------------------------------------------------------------- للتواصل معي على الايميل : narnia123654@gmail.com ---------------------------------------------------------------- Hero's Theme de Twin Musicom fait l'objet d'une licence Creative Commons Attribution 4.0. https://creativecommons.org/licenses/by/4.0/ Source : http://www.twinmusicom.org/song/280/heros-theme Artiste : http://www.twinmusicom.org","nadia stories,تهامي البناني,فاطمة,قصص,safaa,ayman senpai,fakhrdine,قصص مغربية,قصص نادية",26,"Howto & Style","Politics,Society",PT26M39S,1599,2d,hd,false,ar,ar,https://i.ytimg.com/vi/ASNx4wv7G5g/maxresdefault.jpg,1,,,,,944025,31870,,0,2026
194,UCebFWsUeE9bx-kDyN40wmQQ,NADIAS,qDjmrMjybGk,2022-01-22T17:51:01Z,"2022-01-22 17:51:01","تكفــلت بفتـاة بريئة من الكنيسة فتحولت لشيطانة دمرت حياتها بالكامل","قناتي تهم كل ماهو غامض و به الكثير من الاسئلة قصص بوليسية قصص من الواقع و ايضا بعض الاحداث الغريبة و الخارقة للطبيعة. اهلا بكل عشاق الرعب و قصص الغامضة لتوصل بجديد الفيديوهات المرجو الاشتراك مع تفعيل زر الجرس ------------------------------------------------------------------------------------------- قصص# قصص_نادية# nadia_stories#","Nadia stories,عائلة شافية,قصص واقعية,ايمن سينباي,فخر الدين,قصص بالمغرية,الخراز,قصص نادية,صفاء",26,"Howto & Style",Religion,PT23M22S,1402,2d,hd,false,ar,ar,https://i.ytimg.com/vi/qDjmrMjybGk/maxresdefault.jpg,1,,,,,385804,17093,,0,750
195,UCebFWsUeE9bx-kDyN40wmQQ,NADIAS,Nt7bb3bDw9I,2022-01-17T18:25:07Z,"2022-01-17 18:25:07","فتاة غير عادية في منزل عائلة سو","قناتي تهم كل ماهو غامض و به الكثير من الاسئلة قصص بوليسية قصص من الواقع و ايضا بعض الاحداث الغريبة و الخارقة للطبيعة. اهلا بكل عشاق الرعب و قصص الغامضة لتوصل بجديد الفيديوهات المرجو الاشتراك مع تفعيل زر الجرس ------------------------------------------------------------------------------------------- قصص# قصص_نادية# nadia_stories#","Nadia stories,عائلة شافية,قصص واقعية,ايمن سينباي,فخر الدين,قصص بالمغرية,الخراز,قصص نادية,صفاء",26,"Howto & Style",,PT30M29S,1829,2d,hd,false,ar,ar,https://i.ytimg.com/vi/Nt7bb3bDw9I/maxresdefault.jpg,1,,,,,413600,16536,,0,849
196,UCebFWsUeE9bx-kDyN40wmQQ,NADIAS,btQKRCbJfqQ,2022-01-05T18:18:36Z,"2022-01-05 18:18:36","قتــلة عائلة شافية 💀 قضية رقم واحد في كندا عام 2009 - الجزء الثاني","قناتي تهم كل ماهو غامض و به الكثير من الاسئلة قصص بوليسية قصص من الواقع و ايضا بعض الاحداث الغريبة و الخارقة للطبيعة. اهلا بكل عشاق الرعب و قصص الغامضة لتوصل بجديد الفيديوهات المرجو الاشتراك مع تفعيل زر الجرس ------------------------------------------------------------------------------------------- عائلة_شافية# قصص_نادية# nadia_stories#","Nadia stories,stories,عائلة شافية,قصص واقعية,ايمن سينباي,فخر الدين,قصص بالمغرية,الخراز,SAFAA,قصص نادية,عائلة شافية الجزء الثاني",26,"Howto & Style",,PT17M47S,1067,2d,hd,false,ar,ar,https://i.ytimg.com/vi/btQKRCbJfqQ/maxresdefault.jpg,1,,,,,309135,15495,,0,1111
197,UCebFWsUeE9bx-kDyN40wmQQ,NADIAS,QkgTDQnq9y8,2022-01-04T18:21:25Z,"2022-01-04 18:21:25","قتــلة عائلة شافية 💀 قضية رقم واحد في كندا عام 2009 - الجزء الاول","الجزء الثاني https://youtu.be/btQKRCbJfqQ *********************************************************************************************** قناتي تهم كل ماهو غامض و به الكثير من الاسئلة قصص بوليسية قصص من الواقع و ايضا بعض الاحداث الغريبة و الخارقة للطبيعة. اهلا بكل عشاق الرعب و قصص الغامضة لتوصل بجديد الفيديوهات المرجو الاشتراك مع تفعيل زر الجرس ------------------------------------------------------------------------------------------- عائلة_شافية# قصص_نادية# nadia_stories#","Nadia stories,stories,عائلة شافية,قصص واقعية,ايمن سينباي,فخر الدين,قصص بالمغرية,الخراز,SAFAA,قصص نادية",26,"Howto & Style",,PT29M39S,1779,2d,hd,false,ar,ar,https://i.ytimg.com/vi/QkgTDQnq9y8/maxresdefault.jpg,1,,,,,457669,17725,,0,1027
198,UCebFWsUeE9bx-kDyN40wmQQ,NADIAS,6vUFwhBlUrg,2021-12-22T17:50:48Z,"2021-12-22 17:50:48","كتاب غريب كان سبب في حل لغز دام سنوات","لتوصل بجديد الفيديوهات المرجو الاشتراك مع تفعيل زر الجرس *************************************","قصص نادية,NADIA STORIES,AYMAN SENPAI,SAFAA,قصص,قصص واقعية",26,"Howto & Style",,PT23M36S,1416,2d,hd,false,ar,ar,https://i.ytimg.com/vi/6vUFwhBlUrg/maxresdefault.jpg,1,,,,,414795,17923,,0,861
199,UCebFWsUeE9bx-kDyN40wmQQ,NADIAS,cWVG_qxWKR4,2021-12-18T19:23:25Z,"2021-12-18 19:23:25","مشيت الهوليود باش نحقق حلمي 🎬و لكن لوقع ماكانش على البال","قناتي تهم كل ماهو غامض و به الكثير من الاسئلة قصص بوليسية قصص من الواقع و ايضا بعض الاحداث الغريبة و الخارقة للطبيعة. اهلا بكل عشاق الرعب و قصص الغامضة لتوصل بجديد الفيديوهات المرجو الاشتراك مع تفعيل زر الجرس ------------------------------------------------------------------------------------------- قصص# قصص_نادية# nadia_stories#","قصص نادية,قصص,قصص رعب,قصص حقيقية,قصص واقعية,قصة اماندا,ايمن سينباي,فخر الدين,fakhr DIN,Ayman senpai,safaa,Nadia Stories,قصص بالمغربية,المغرب,Maroc",26,"Howto & Style",,PT27M47S,1667,2d,hd,false,ar,ar,https://i.ytimg.com/vi/cWVG_qxWKR4/maxresdefault.jpg,1,,,,,364423,16010,,0,859
200,UCebFWsUeE9bx-kDyN40wmQQ,NADIAS,pXR05m4qlm8,2021-12-12T16:21:04Z,"2021-12-12 16:21:04","ثنائي شارع كرومويل ...روز و فريد ؟","لتوصل بجديد الفيديوهات المرجو الاشتراك مع تفعيل زر الجرس شكرااا جزيلا ************************************* قصة جوان https://youtu.be/WNyTMkqo2lo","قصص نادية,NADIA STORIES,AYMAN SENPAI,SAFAA,قصص,قصص واقعية",26,"Howto & Style",Entertainment,PT19M6S,1146,2d,hd,false,ar,ar,https://i.ytimg.com/vi/pXR05m4qlm8/maxresdefault.jpg,1,,,,,223843,9245,,0,388
201,UCebFWsUeE9bx-kDyN40wmQQ,NADIAS,UtsLOaPxjsQ,2021-12-08T17:41:53Z,"2021-12-08 17:41:53","المغنية المغربية المشهورة لتقتلات بنتها في ظروف غامضة","قناتي تهم كل ماهو غامض و به الكثير من الاسئلة قصص بوليسية قصص من الواقع و ايضا بعض الاحداث الغريبة و الخارقة للطبيعة. اهلا بكل عشاق الرعب و قصص الغامضة لتوصل بجديد الفيديوهات المرجو الاشتراك مع تفعيل زر الجرس ------------------------------------------------------------------------------------------- قصص# قصص_نادية# nadia_stories#","قصص نادية,قصص,قصص رعب,قصص حقيقية,قصص واقعية,قصة اماندا,ايمن سينباي,فخر الدين,fakhr DIN,Ayman senpai,safaa,Nadia Stories,قصص بالمغربية,المغرب,Maroc",26,"Howto & Style",,PT19M45S,1185,2d,hd,false,ar,ar,https://i.ytimg.com/vi/UtsLOaPxjsQ/maxresdefault.jpg,1,,,,,443493,16512,,0,1131
202,UCebFWsUeE9bx-kDyN40wmQQ,NADIAS,PUMToowjmt4,2021-12-04T17:14:07Z,"2021-12-04 17:14:07","مشجعة رياضية تختفي في ظروف غامضة و لكن في الاخير كانت الصدمة...؟","قناتي تهم كل ماهو غامض و به الكثير من الاسئلة قصص بوليسية قصص من الواقع و ايضا بعض الاحداث الغريبة و الخارقة للطبيعة. اهلا بكل عشاق الرعب و قصص الغامضة لتوصل بجديد الفيديوهات المرجو الاشتراك مع تفعيل زر الجرس ------------------------------------------------------------------------------------------- قصص# قصص_نادية# nadia_stories#","قصص نادية,قصص,قصص رعب,قصص حقيقية,قصص واقعية,قصة اماندا,ايمن سينباي,فخر الدين,fakhr DIN,Ayman senpai,safaa,Nadia Stories,قصص بالمغربية,المغرب,Maroc",26,"Howto & Style",,PT26M17S,1577,2d,hd,false,ar,ar,https://i.ytimg.com/vi/PUMToowjmt4/maxresdefault.jpg,1,,,,,359796,16878,,0,707
203,UCebFWsUeE9bx-kDyN40wmQQ,NADIAS,d-sw62B7Vbc,2021-11-29T17:45:27Z,"2021-11-29 17:45:27","نهار كحل داز على جامعة أمريكية بسبب ايمي بيشوب","مرحبا بيكم في فيديو جديد.... قصة ايمي بيشوب كاملة للمزيد من الفيديوهات المرجو الاشتراك مع تفعيل الجرس شكرااااا","قصص,قصة ايمي بيشوب,قصص نادية,NADIA STORIES",26,"Howto & Style",,PT24M26S,1466,2d,hd,false,ar,ar,https://i.ytimg.com/vi/d-sw62B7Vbc/maxresdefault.jpg,1,,,,,319193,12428,,0,341
204,UCebFWsUeE9bx-kDyN40wmQQ,NADIAS,whV6D9Tp5As,2021-11-15T19:00:37Z,"2021-11-15 19:00:37","انا صاحبك...غنعطيك حياتي كاملة","قناتي تهم كل ماهو غامض و به الكثير من الاسئلة قصص بوليسية قصص من الواقع و ايضا بعض الاحداث الغريبة و الخارقة للطبيعة. اهلا بكل عشاق الرعب و قصص الغامضة لتوصل بجديد الفيديوهات المرجو الاشتراك مع تفعيل زر الجرس ------------------------------------------------------------------------------------------- ساضع روابط مواقع التواصل الخاصة بي قريبا في الفيديوهات الجديدة لمتابعة يومياتي هناك. شكرااا على اهتمامك و تحققك من صندوق الوصف --------------------------------------------------------------------------------------------- قصص# قصص_بالمغربية# قصص_نادية# nadia_stories# ******* A Dream Within a Dream de Twin Musicom fait l'objet d'une licence Creative Commons Attribution 4.0. https://creativecommons.org/licenses/by/4.0/ Source : http://www.twinmusicom.org/song/301/a-dream-within-a-dream Artiste : http://www.twinmusicom.org","قصص نادية,قصص,قصص رعب,قصص حقيقية,قصص واقعية,ايمن سينباي,فخر الدين,fakhr DIN,Ayman senpai,safaa,Nadia Stories,قصص بالمغربية,المغرب,Maroc",26,"Howto & Style",,PT32M44S,1964,2d,hd,false,ar,ar,https://i.ytimg.com/vi/whV6D9Tp5As/maxresdefault.jpg,1,,,,,454639,18127,,0,494
205,UCebFWsUeE9bx-kDyN40wmQQ,NADIAS,WNyTMkqo2lo,2021-11-10T18:22:14Z,"2021-11-10 18:22:14","كيفاش تحولات من طفلة بريئة الى اخطر سيكوباتية في بريطانيا","قناتي تهم كل ماهو غامض و به الكثير من الاسئلة قصص بوليسية قصص من الواقع و ايضا بعض الاحداث الغريبة و الخارقة للطبيعة. اهلا بكل عشاق الرعب و قصص الغامضة لتوصل بجديد الفيديوهات المرجو الاشتراك مع تفعيل زر الجرس ------------------------------------------------------------------------------------------- قصص# قصص_نادية# nadia_stories#","قصص نادية,قصص,قصص رعب,قصص حقيقية,قصص واقعية,قصة اماندا,ايمن سينباي,فخر الدين,fakhr DIN,Ayman senpai,safaa,Nadia Stories,قصص بالمغربية,المغرب,Maroc",26,"Howto & Style",,PT22M7S,1327,2d,hd,false,ar,ar,https://i.ytimg.com/vi/WNyTMkqo2lo/maxresdefault.jpg,1,,,,,388315,13153,,0,351
206,UCebFWsUeE9bx-kDyN40wmQQ,NADIAS,rjIZy7In96s,2021-11-06T18:52:49Z,"2021-11-06 18:52:49","عشق ممنوع تسبب في نتيجة غير متوقعة","لتوصل بجديد الفيديوهات المرجو الاشتراك مع تفعيل زر الجرس ***************************** قصص# NADIA_STORIES#","قصص,قصص حقيقية,قصص واقعية,قصص نادية,ايمن سينباي,فخر الدين,fakhr DIN,Ayman senpai,safaa,Nadia Stories,قصص بالمغربية,المغرب,Maroc",26,"Howto & Style",,PT20M3S,1203,2d,hd,false,ar,ar,https://i.ytimg.com/vi/rjIZy7In96s/maxresdefault.jpg,1,,,,,144114,8168,,0,327
207,UCebFWsUeE9bx-kDyN40wmQQ,NADIAS,1aLrpd40HRA,2021-11-01T18:06:47Z,"2021-11-01 18:06:47","كيفاش تحول من طفل بريئ لشخصية جوكر الشيطان","لتوصل بجديد الفيديوهات المرجو الاشتراك مع تفعيل زر الجرس ***************************** قصص# NADIA_STORIES#","قصص نادية,NADIA STORIES,AYMAN SENPAI,SAFAA,قصص",26,"Howto & Style",,PT29M13S,1753,2d,hd,false,ar,ar,https://i.ytimg.com/vi/1aLrpd40HRA/maxresdefault.jpg,1,,,,,594890,16021,,0,652
208,UCebFWsUeE9bx-kDyN40wmQQ,NADIAS,sn9fN4vqkh4,2021-10-29T18:26:36Z,"2021-10-29 18:26:36","اشنو وقع لزوجة اخ مايكل جاكسون في هاديك ليلة الرومانسية ؟","لتوصل بجديد الفيديوهات المرجو الاشتراك مع تفعيل زر الجرس ***************************** قصص# NADIA_STORIES#","قصص نادية,NADIA STORIES,AYMAN SENPAI,SAFAA,قصص,قصص واقعية,قصص حقيقية",26,"Howto & Style",Entertainment,PT27M43S,1663,2d,hd,false,ar,ar,https://i.ytimg.com/vi/sn9fN4vqkh4/maxresdefault.jpg,1,,,,,359591,13544,,0,298
209,UCebFWsUeE9bx-kDyN40wmQQ,NADIAS,Kgqlnklsvoc,2021-10-24T19:35:35Z,"2021-10-24 19:35:35","الكريسمس الكحل منين خرجات هي وولدها و مرجعوش و السبب ؟","لتوصل بجديد الفيديوهات المرجو الاشتراك مع تفعيل زر الجرس ***************************** قصص# NADIA_STORIES#","قصص نادية,NADIA STORIES,AYMAN SENPAI,SAFAA,قصص,قصص واقعية",26,"Howto & Style",,PT30M7S,1807,2d,hd,false,ar,ar,https://i.ytimg.com/vi/Kgqlnklsvoc/maxresdefault.jpg,1,,,,,349350,13609,,0,404
210,UCebFWsUeE9bx-kDyN40wmQQ,NADIAS,VmTXfFhpRwQ,2021-10-21T19:05:01Z,"2021-10-21 19:05:01","ليلة الكريسمس في بيت عائلة دانيالز","لتوصل بجديد الفيديوهات المرجو الاشتراك مع تفعيل زر الجرس ************************************* Measured Paces de Kevin MacLeod fait l'objet d'une licence Creative Commons Attribution 4.0. https://creativecommons.org/licenses/by/4.0/ Source : http://incompetech.com/music/royalty-free/index.html?isrc=USUAN1100164 Artiste : http://incompetech.com/","قصص نادية,NADIA STORIES,AYMAN SENPAI,SAFAA,قصص,قصص واقعية",26,"Howto & Style",,PT24M7S,1447,2d,hd,false,ar,ar,https://i.ytimg.com/vi/VmTXfFhpRwQ/maxresdefault.jpg,1,,,,,270656,11270,,0,364
211,UCebFWsUeE9bx-kDyN40wmQQ,NADIAS,EzmYFUOwQ5c,2021-10-15T18:56:02Z,"2021-10-15 18:56:02","السر الخطير مورا اعدام اب وسط دارو 😱 نهاية صدمة","قناتي تهم كل ماهو غامض و به الكثير من الاسئلة قصص بوليسية قصص من الواقع و ايضا بعض الاحداث الغريبة و الخارقة للطبيعة. اهلا بكل عشاق الرعب و قصص الغامضة لتوصل بجديد الفيديوهات المرجو الاشتراك مع تفعيل زر الجرس ------------------------------------------------------------------------------------------- قصص# قصص_نادية# nadia_stories#","قصص نادية,قصص,قصص رعب,قصص حقيقية,قصص واقعية,ايمن سينباي,فخر الدين,fakhr DIN,Ayman senpai,safaa,Nadia Stories,قصص بالمغربية,المغرب,Maroc",26,"Howto & Style",,PT29M59S,1799,2d,hd,false,ar,ar,https://i.ytimg.com/vi/EzmYFUOwQ5c/maxresdefault.jpg,1,,,,,490001,21669,,0,492
212,UCebFWsUeE9bx-kDyN40wmQQ,NADIAS,1PHJKuCrlMY,2021-10-07T18:56:44Z,"2021-10-07 18:56:44","😨حب المراهقة تسبب في مقتل بنت 17 عام و السبب كان ؟","قناتي تهم كل ماهو غامض و به الكثير من الاسئلة قصص بوليسية قصص من الواقع و ايضا بعض الاحداث الغريبة و الخارقة للطبيعة. اهلا بكل عشاق الرعب و قصص الغامضة لتوصل بجديد الفيديوهات المرجو الاشتراك مع تفعيل زر الجرس ------------------------------------------------------------------------------------------- قصص# قصص_نادية# nadia_stories#","قصص نادية,قصص,قصص رعب,قصص حقيقية,قصص واقعية,قصة اماندا,ايمن سينباي,فخر الدين,fakhr DIN,Ayman senpai,safaa,Nadia Stories,قصص بالمغربية,المغرب,Maroc",26,"Howto & Style",,PT13M29S,809,2d,hd,false,ar,ar,https://i.ytimg.com/vi/1PHJKuCrlMY/maxresdefault.jpg,1,,,,,190982,8993,,0,205
213,UCebFWsUeE9bx-kDyN40wmQQ,NADIAS,sORivJ3RkKU,2021-10-01T13:15:41Z,"2021-10-01 13:15:41","منين كترجع لدارك و تتلقى حياتك دمرات - و هادشي بسباب ؟؟","قناتي تهم كل ماهو غامض و به الكثير من الاسئلة قصص بوليسية قصص من الواقع و ايضا بعض الاحداث الغريبة و الخارقة للطبيعة. اهلا بكل عشاق الرعب و قصص الغامضة ------------------------------------------------------------------------------------------- A Dream Within a Dream de Twin Musicom fait l'objet d'une licence Creative Commons Attribution 4.0. https://creativecommons.org/licenses/by/4.0/ Source : http://www.twinmusicom.org/song/301/a-dream-within-a-dream Artiste : http://www.twinmusicom.org --------------------------------------------------------------------------------------------- قصص# قصص_بالمغربية# قصص_نادية# nadia_stories#","قصص,قصص رعب,قصص حقيقية,قصص واقعية,قصص نادية,قصة اماندا,ايمن سينباي,فخر الدين,fakhr DIN,Ayman senpai,safaa,Nadia Stories,قصص بالمغربية,المغرب,Maroc",26,"Howto & Style",,PT32M50S,1970,2d,hd,false,ar,ar,,1,,,,,496214,16479,,0,477
214,UCebFWsUeE9bx-kDyN40wmQQ,NADIAS,fknyUvaaiAU,2021-09-27T12:57:30Z,"2021-09-27 12:57:30","السيكوباطي لنتاقم من امه ابشع انتقام 😱متخيلوش اشدار؟","قناتي تهم كل ماهو غامض و به الكثير من الاسئلة قصص بوليسية قصص من الواقع و ايضا بعض الاحداث الغريبة و الخارقة للطبيعة. اهلا بكل عشاق الرعب و قصص الغامضة اعمل فيديوهات كل سبت خميس و ثلاثاء مع 2 بعد الزوال لتوصل بجديد الفيديوهات المرجو الاشتراك مع تفعيل زر الجرس ------------------------------------------------------------------------------------------- ساضع روابط مواقع التواصل الخاصة بي قريبا في الفيديوهات الجديدة لمتابعة يومياتي هناك. شكرااا على اهتمامك و تحققك من صندوق الوصف --------------------------------------------------------------------------------------------- قصص# قصص_بالمغربية# قصص_نادية# nadia_stories#","قصص,قصص رعب,قصص حقيقية,قصص واقعية,قصص نادية,قصة اماندا,ايمن سينباي,فخر الدين,fakhr DIN,Ayman senpai,safaa,Nadia Stories,قصص بالمغربية,المغرب,Maroc",26,"Howto & Style",,PT13M37S,817,2d,hd,false,ar,ar,,1,,,,,217446,12122,,0,253
215,UCebFWsUeE9bx-kDyN40wmQQ,NADIAS,BQVg4qIrmMg,2021-09-25T12:53:41Z,"2021-09-25 12:53:41","! الاميرة لڭـردات راجلها طراف و لاحتو في الغابة و السبب صدمة","قناتي تهم كل ماهو غامض و به الكثير من الاسئلة قصص بوليسية قصص من الواقع و ايضا بعض الاحداث الغريبة و الخارقة للطبيعة. اهلا بكل عشاق الرعب و قصص الغامضة لتوصل بجديد الفيديوهات المرجو الاشتراك مع تفعيل زر الجرس ------------------------------------------------------------------------------------------- Hero's Theme de Twin Musicom fait l'objet d'une licence Creative Commons Attribution 4.0. https://creativecommons.org/licenses/by/4.0/ Source : http://www.twinmusicom.org/song/280/heros-theme Artiste : http://www.twinmusicom.org --------------------------------------------------------------------------------------------- قصص# قصص_رعب# قصص_نادية# nadia_stories#","قصة اليزي ماتسوناغا,قصص,قصص رعب,قصص حقيقية,قصص واقعية,قصص نادية,قصة اماندا,ايمن سينباي,فخر الدين,fakhr DIN,Ayman senpai,safaa,Nadia Stories,قصص بالمغربية,المغرب,Maroc",26,"Howto & Style",,PT24M14S,1454,2d,hd,false,ar,ar,,1,,,,,482831,22651,,0,503
216,UCebFWsUeE9bx-kDyN40wmQQ,NADIAS,wcy1l7Hh6z0,2021-09-22T12:54:11Z,"2021-09-22 12:54:11","المجر.م لحمق البوليس 😱و لكن بمكالمة وحدة 📞تفرش لبلان كامل","قناتي تهم كل ماهو غامض و به الكثير من الاسئلة قصص بوليسية قصص من الواقع و ايضا بعض الاحداث الغريبة و الخارقة للطبيعة. اهلا بكل عشاق الرعب و قصص الغامضة اعمل فيديوهات كل سبت خميس و ثلاثاء مع 2 بعد الزوال لتوصل بجديد الفيديوهات المرجو الاشتراك مع تفعيل زر الجرس ------------------------------------------------------------------------------------------- ساضع روابط مواقع التواصل الخاصة بي قريبا في الفيديوهات الجديدة لمتابعة يومياتي هناك. شكرااا على اهتمامك و تحققك من صندوق الوصف --------------------------------------------------------------------------------------------- قصص# قصص_نادية# #nadia_stories -------------------------------------------------------------------------------------------- A Dream Within a Dream de Twin Musicom fait l'objet d'une licence Creative Commons Attribution 4.0. https://creativecommons.org/licenses/by/4.0/ Source : http://www.twinmusicom.org/song/301/a-dream-within-a-dream Artiste : http://www.twinmusicom.org","قصص,قصص رعب,قصص حقيقية,قصص واقعية,قصص نادية,قصة اماندا,ايمن سينباي,فخر الدين,fakhr DIN,Ayman senpai,safaa,Nadia Stories,قصص بالمغربية,المغرب,Maroc",26,"Howto & Style",,PT27M19S,1639,2d,hd,false,ar,ar,,1,,,,,454114,18450,,0,720
217,UCebFWsUeE9bx-kDyN40wmQQ,NADIAS,EO3oTKl5fyE,2021-09-08T15:26:44Z,"2021-09-08 15:26:44","المغربي الي تكرفص على ايد الفرانسيس - الجزء 2","الجزء الاول من قصة عمر الرداد https://youtu.be/9EaD8ND5Mlw ------------------------------------------------------------------------------------------- قناتي تهم كل ماهو غامض و به الكثير من الاسئلة قصص بوليسية قصص من الواقع و ايضا بعض الاحداث الغريبة و الخارقة للطبيعة. اهلا بكل عشاق قصص الغامضة لتوصل بجديد الفيديوهات المرجو الاشتراك مع تفعيل زر الجرس ------------------------------------------------------------------------------------------- ساضع روابط مواقع التواصل الخاصة بي قريبا في الفيديوهات الجديدة لمتابعة يومياتي هناك. شكرااا على اهتمامك و تحققك من صندوق الوصف --------------------------------------------------------------------------------------------- عمر_الرداد# قصص_بالمغربية# NADIA_STORIES# ---------------------------------------------------------------------------------------------- Hero's Theme de Twin Musicom fait l'objet d'une licence Creative Commons Attribution 4.0. https://creativecommons.org/licenses/by/4.0/ Source : http://www.twinmusicom.org/song/280/heros-theme Artiste : http://www.twinmusicom.org","عمر الرداد,عمر الرداد المغربي,المغرب,قصص بالمغربية,فخر الدين الحمري,ايمن سينباي,SAFAA,قصص واقعية,المغربي,مغربي في فرنسا,قصص نادية,NADIA STORIES,ghislaine marchal,فيلم عمر الرداد,حقائق حول عمر الرداد",26,"Howto & Style",Society,PT15M6S,906,2d,hd,false,ar,ar,,1,,,,,221903,12289,,0,583
218,UCebFWsUeE9bx-kDyN40wmQQ,NADIAS,9EaD8ND5Mlw,2021-09-05T13:04:29Z,"2021-09-05 13:04:29","المغربي الذي ظلمته فرنسا لاكثر من 30 سنة - التفاصيل التي لم تعرفها في قصة عمر الرداد - الجزء 1","قناتي تهم كل ماهو غامض و به الكثير من الاسئلة قصص بوليسية قصص من الواقع و ايضا بعض الاحداث الغريبة و الخارقة للطبيعة. اهلا بكل عشاق قصص الغامضة لتوصل بجديد الفيديوهات المرجو الاشتراك مع تفعيل زر الجرس ------------------------------------------------------------------------------------------- ساضع روابط مواقع التواصل الخاصة بي قريبا في الفيديوهات الجديدة لمتابعة يومياتي هناك. شكرااا على اهتمامك و تحققك من صندوق الوصف --------------------------------------------------------------------------------------------- عمر_الرداد# قصص_بالمغربية# NADIA_STORIES#","عمر الرداد,عمر الرداد المغربي,المغرب,قصص بالمغربية,فخر الدين الحمري,ايمن سينباي,SAFAA,قصص واقعية,المغربي,مغربي في فرنسا,قصص نادية,NADIA STORIES",26,"Howto & Style",Society,PT17M7S,1027,2d,hd,false,ar,ar,https://i.ytimg.com/vi/9EaD8ND5Mlw/maxresdefault.jpg,1,,,,,342282,10683,,0,446
219,UCebFWsUeE9bx-kDyN40wmQQ,NADIAS,8nZmPX5tyVk,2021-08-27T15:09:10Z,"2021-08-27 15:09:10","الرجل الذي قلب ايطاليا بعد وفاته ب 40 عاما","لتوصل بجديد الفيديوهات المرجو الاشتراك مع تفعيل زر الجرس قصص# NADIA_STORIES# ******************************","قصص,قصص واقعية,بادري بيو,بادري بيو فيلم,قصص نادية,safaa,aymansenpai,fakhr din,fakhr din l'hamri",26,"Howto & Style","Health,Society",PT16M45S,1005,2d,hd,false,ar,ar,https://i.ytimg.com/vi/8nZmPX5tyVk/maxresdefault.jpg,1,,,,,249285,12730,,0,450
220,UCebFWsUeE9bx-kDyN40wmQQ,NADIAS,_QCUk0v9t2U,2021-08-18T12:00:30Z,"2021-08-18 12:00:30","المغربية الجميلة التي حيرت القضاء الفرنسي لسنوات - قصة فاطمة النشاد","قناتي تهم كل ماهو غامض و به الكثير من الاسئلة قصص بوليسية قصص من الواقع و ايضا بعض الاحداث الغريبة و الخارقة للطبيعة. اهلا بكل عشاق قصص الغامضة لتوصل بجديد الفيديوهات المرجو الاشتراك مع تفعيل زر الجرس ------------------------------------------------------------------------------------------- ساضع روابط مواقع التواصل الخاصة بي قريبا في الفيديوهات الجديدة لمتابعة يومياتي هناك. شكرااا على اهتمامك و تحققك من صندوق الوصف --------------------------------------------------------------------------------------------- قصص# قصص_نادية# فاطمة# المغربية_الجميلة# nadia# ------------------------------------------------------------------------------------------- A Dream Within a Dream de Twin Musicom fait l'objet d'une licence Creative Commons Attribution 4.0. https://creativecommons.org/licenses/by/4.0/ Source : http://www.twinmusicom.org/song/301/a-dream-within-a-dream Artiste : http://www.twinmusicom.org ---------------------------------------------------------------------------------------------","قصص,المغرب,مغربية,قصص مغربية,قصة حقيقية,قصص حقيقية,safaa,فاطمة النشاد,قصة فاطمة و ازواجها,المغربية الجميلة,نادية,قصص نادية,قصص واقعية,ايمن سينباي,the adam,طنجة,مهرب,سنباي,وثائقي,فخر الدين,fakhr din l'hamri,fakhrdin",26,"Howto & Style",,PT21M40S,1300,2d,hd,false,ar,ar,https://i.ytimg.com/vi/_QCUk0v9t2U/maxresdefault.jpg,1,,,,,341416,14023,,0,1129
221,UCebFWsUeE9bx-kDyN40wmQQ,NADIAS,VX-CYRYvttE,2021-07-15T14:27:23Z,"2021-07-15 14:27:23","اشنو صورت كاميرات المراقبة يوم الاحتفال ؟ قصة كولين ريتزر","قناتي تهم كل ماهو غامض و به الكثير من الاسئلة قصص من الواقع و ايضا بعض الاحداث الغريبة و الخارقة للطبيعة. اهلا بكل عشاق قصص الغامضة اعمل فيديوهات كل سبت خميس و ثلاثاء مع 2 بعد الزوال لتوصل بجديد الفيديوهات المرجو الاشتراك مع تفعيل زر الجرس ------------------------------------------------------------------------------------------- ساضع روابط مواقع التواصل الخاصة بي قريبا في الفيديوهات الجديدة لمتابعة يومياتي هناك. شكرااا على اهتمامك و تحققك من صندوق الوصف --------------------------------------------------------------------------------------------- قصص# كولين_ريتزر# قصص_نادية# nadia#","قصص,قصص واقعية,قصص من الواقع,SAFAA,AYMAN SENPAI,AYMENSENPAI,aymansenpai,قصص ايمن سينباي,قصص AYMAN SENPAI,قصص SAFAA,NADIA,قصص نادية,قصص اجنبية,قضايا",26,"Howto & Style",,PT16M3S,963,2d,hd,false,ar,ar,,1,,,,,205866,9685,,0,323
222,UCebFWsUeE9bx-kDyN40wmQQ,NADIAS,N_Ii1SJF1Ow,2021-07-13T08:30:02Z,"2021-07-13 08:30:02","ماري ذكية و ماذا فعلت لصديقها بعد العشاء الرومانسي ؟","لتوصل بالجديد المرجو الاشتراك و تفعيل زر الجرس ********************** قصص# قصص_نادية# nadia_stories#","قصص,قصص واقعية,قصص من الواقع,SAFAA,AYMAN SENPAI,AYMENSENPAI,aymansenpai,قصص ايمن سينباي,قصص AYMAN SENPAI,قصص SAFAA,NADIA,قصص نادية,قصص اجنبية,قضايا",26,"Howto & Style",,PT14M19S,859,2d,hd,false,ar,ar,,1,,,,,272143,21990,,0,414
223,UCebFWsUeE9bx-kDyN40wmQQ,NADIAS,EZicjmjS7LU,2021-07-10T14:28:46Z,"2021-07-10 14:28:46","اليوتيوبر التي انجبرت ان تكون دمية 👧🏻 قصة فينوس انجليك","قناتي تهم كل ماهو غامض و به الكثير من الاسئلة قصص من الواقع و ايضا بعض الاحداث الغريبة و الخارقة للطبيعة. اهلا بكل عشاق قصص الغامضة اعمل فيديوهات كل سبت خميس و ثلاثاء مع 2 بعد الزوال لتوصل بجديد الفيديوهات المرجو الاشتراك مع تفعيل زر الجرس ------------------------------------------------------------------------------------------- ساضع روابط مواقع التواصل الخاصة بي قريبا في الفيديوهات الجديدة لمتابعة يومياتي هناك. شكرااا على اهتمامك و تحققك من صندوق الوصف --------------------------------------------------------------------------------------------- قصص# فينوس_انجليك# قصص_نادية# nadia#","فينوس انجليك,قصة فينوس انجليك,قصص,قصص واقعية,قصص من الواقع,SAFAA,AYMAN SENPAI,AYMENSENPAI,aymansenpai,قصص ايمن سينباي,قصص AYMAN SENPAI,قصص SAFAA,NADIA,قصص نادية,قصص اجنبية",26,"Howto & Style",,PT16M21S,981,2d,hd,false,ar,ar,https://i.ytimg.com/vi/EZicjmjS7LU/maxresdefault.jpg,1,,,,,202961,10775,,0,251
224,UCebFWsUeE9bx-kDyN40wmQQ,NADIAS,PP3h4ztm_eo,2021-07-01T20:43:12Z,"2021-07-01 20:43:12","مكالمة كشفت سر اختفاء سارة ستيرن الغريب ☎️","قناتي تهم كل ماهو غامض و به الكثير من الاسئلة قصص بوليسية قصص من الواقع و ايضا بعض الاحداث الغريبة و الخارقة للطبيعة. اهلا بكل عشاق قصص الغامضة اعمل فيديوهات كل سبت خميس و ثلاثاء مع 2 بعد الزوال لتوصل بجديد الفيديوهات المرجو الاشتراك مع تفعيل زر الجرس ------------------------------------------------------------------------------------------- ساضع روابط مواقع التواصل الخاصة بي قريبا في الفيديوهات الجديدة لمتابعة يومياتي هناك. شكرااا على اهتمامك و تحققك من صندوق الوصف --------------------------------------------------------------------------------------------- قصص# قصص_نادية# nadia#","قصص,قصص واقعية,قصص من الواقع,SAFAA,AYMAN SENPAI,AYMENSENPAI,aymansenpai,قصص ايمن سينباي,قصص AYMAN SENPAI,قصص SAFAA,NADIA,قصص نادية,قصص اجنبية,خراز,قصص بالمغربية,قضايا",26,"Howto & Style",,PT15M2S,902,2d,hd,false,ar,ar,https://i.ytimg.com/vi/PP3h4ztm_eo/maxresdefault.jpg,1,,,,,180377,7129,,0,205
225,UCebFWsUeE9bx-kDyN40wmQQ,NADIAS,ntvc8zGJZgU,2021-06-29T16:00:51Z,"2021-06-29 16:00:51","رسائل غريبة من شخص مفقود من 4 سنوات","قناتي تهم كل ماهو غامض و به الكثير من الاسئلة قصص بوليسية قصص من الواقع و ايضا بعض الاحداث الغريبة و الخارقة للطبيعة. اهلا بكل عشاق قصص الغامضة اعمل فيديوهات كل سبت خميس و ثلاثاء مع 2 بعد الزوال لتوصل بجديد الفيديوهات المرجو الاشتراك مع تفعيل زر الجرس ------------------------------------------------------------------------------------------- ساضع روابط مواقع التواصل الخاصة بي قريبا في الفيديوهات الجديدة لمتابعة يومياتي هناك. شكرااا على اهتمامك و تحققك من صندوق الوصف --------------------------------------------------------------------------------------------- قصص# قصص_نادية# nadia# --------------------------------------------------------------------------------------------- Martian Cowboy de Kevin MacLeod fait l'objet d'une licence Creative Commons Attribution 4.0. https://creativecommons.org/licenses/by/4.0/ Source : http://incompetech.com/music/royalty-free/index.html?isrc=USUAN1100349 Artiste : http://incompetech.com/","قصص,قصص واقعية,قصص من الواقع,SAFAA,AYMAN SENPAI,AYMENSENPAI,aymansenpai,قصص ايمن سينباي,قصص AYMAN SENPAI,قصص SAFAA,NADIA,قصص نادية,قصص اجنبية,خراز,قصص بالمغربية,قضايا",26,"Howto & Style",,PT29M50S,1790,2d,hd,false,ar,ar,,1,,,,,413761,24762,,0,858
226,UCebFWsUeE9bx-kDyN40wmQQ,NADIAS,uDA5JFB6z4I,2021-06-25T13:46:43Z,"2021-06-25 13:46:43","علاقة اختفاء شابة ببروفايل على تويتر💀الي اكتاشفوه صدمة","قناتي تهم كل ماهو غامض و به الكثير من الاسئلة قصص بوليسية قصص من الواقع و ايضا بعض الاحداث الغريبة و الخارقة للطبيعة. اهلا بكل عشاق قصص الغامضة اعمل فيديوهات كل سبت خميس و ثلاثاء مع 2 بعد الزوال لتوصل بجديد الفيديوهات المرجو الاشتراك مع تفعيل زر الجرس ------------------------------------------------------------------------------------------- ساضع روابط مواقع التواصل الخاصة بي قريبا في الفيديوهات الجديدة لمتابعة يومياتي هناك. شكرااا على اهتمامك و تحققك من صندوق الوصف --------------------------------------------------------------------------------------------- قصص# قصص_نادية# nadia#","قصص,قصص واقعية,قصص من الواقع,SAFAA,AYMAN SENPAI,AYMENSENPAI,aymansenpai,قصص ايمن سينباي,قصص AYMAN SENPAI,قصص SAFAA,NADIA,قصص نادية,قصص اجنبية,خراز,قصص بالمغربية,قضايا",26,"Howto & Style",,PT9M13S,553,2d,hd,false,ar,ar,,1,,,,,133779,6378,,0,123
227,UCebFWsUeE9bx-kDyN40wmQQ,NADIAS,kz2cU3sN1kY,2021-06-23T18:32:25Z,"2021-06-23 18:32:25","مليونير يتنكر في هيئة امراة و السبب صادم 😱 قصة روبيرت دورست","قناتي تهم كل ماهو غامض و به الكثير من الاسئلة قصص بوليسية قصص من الواقع و ايضا بعض الاحداث الغريبة و الخارقة للطبيعة. اهلا بكل عشاق قصص الغامضة اعمل فيديوهات كل سبت خميس و ثلاثاء مع 2 بعد الزوال لتوصل بجديد الفيديوهات المرجو الاشتراك مع تفعيل زر الجرس ------------------------------------------------------------------------------------------- ساضع روابط مواقع التواصل الخاصة بي قريبا في الفيديوهات الجديدة لمتابعة يومياتي هناك. شكرااا على اهتمامك و تحققك من صندوق الوصف --------------------------------------------------------------------------------------------- قصص# قصص_رعب# قصص_نادية# nadia#","قصص,قصص واقعية,قصص من الواقع,SAFAA,AYMAN SENPAI,AYMENSENPAI,aymansenpai,قصص ايمن سينباي,قصص AYMAN SENPAI,قصص SAFAA,NADIA,قصص نادية,قصص اجنبية,خراز,قصص بالمغربية,قضايا",26,"Howto & Style",Society,PT18M1S,1081,2d,hd,false,ar,ar,https://i.ytimg.com/vi/kz2cU3sN1kY/maxresdefault.jpg,1,,,,,289420,10482,,0,246
228,UCebFWsUeE9bx-kDyN40wmQQ,NADIAS,S2G71TG8QXI,2021-06-19T13:22:45Z,"2021-06-19 13:22:45","لغز جريمة دامت 13 عام تحلات بسبب صفحة على الفايسبوك","لتوصل بجديد الفيديوهات المرجو الاشتراك مع تفعيل زر الجرس -------------------------------------------------------------------------- قصص# قصص_رعب# ------------------------------------------------------------------------- Martian Cowboy de Kevin MacLeod fait l'objet d'une licence Creative Commons Attribution 4.0. https://creativecommons.org/licenses/by/4.0/ Source : http://incompetech.com/music/royalty-free/index.html?isrc=USUAN1100349 Artiste : http://incompetech.com/ ----------------------------------------------------------------------------------------------------------------------------------------- Measured Paces de Kevin MacLeod fait l'objet d'une licence Creative Commons Attribution 4.0. https://creativecommons.org/licenses/by/4.0/ Source : http://incompetech.com/music/royalty-free/index.html?isrc=USUAN1100164 Artiste : http://incompetech.com/","قصص,قصص واقعية,قصص من الواقع,SAFAA,AYMAN SENPAI,AYMENSENPAI,aymansenpai,قصص ايمن سينباي,قصص AYMAN SENPAI,قصص SAFAA,NADIA,قصص نادية,قصص اجنبية,خراز,قصص بالمغربية,قضايا",26,"Howto & Style",,PT25M1S,1501,2d,hd,false,ar,ar,https://i.ytimg.com/vi/S2G71TG8QXI/maxresdefault.jpg,,,,,,754076,22865,,0,795
229,UCebFWsUeE9bx-kDyN40wmQQ,NADIAS,a133o4bYzK8,2021-06-05T19:13:28Z,"2021-06-05 19:13:28","نهاية صادمة بسبب لعبة اونلاين 🎮💻 قصة بريك بيدنار","الانترنيت مكان مظلم و غامض اليوم سنتعرف على قصة بريك كاملة و كفاش نهاية كانت صادمة للتوصل بجديد الفيديوهات المرجو الاشتراك في القناة قصص# قصص_نادية# --------------------------------------------------------------------------------------------------------------- Measured Paces de Kevin MacLeod fait l'objet d'une licence Creative Commons Attribution 4.0. https://creativecommons.org/licenses/by/4.0/ Source : http://incompetech.com/music/royalty-free/index.html?isrc=USUAN1100164 Artiste : http://incompetech.com/ ---------------------------------------------------------------------------------------------------------------","قصص,قصص واقعية,قصص من الواقع,SAFAA,AYMAN SENPAI,AYMENSENPAI,aymansenpai,قصص ايمن سينباي,قصص AYMAN SENPAI,قصص SAFAA,NADIA,قصص نادية,قصص اجنبية,خراز,قصص بالمغربية,قضايا",26,"Howto & Style",,PT18M5S,1085,2d,hd,false,ar,ar,https://i.ytimg.com/vi/a133o4bYzK8/maxresdefault.jpg,1,,,,,176765,7688,,0,214
230,UCebFWsUeE9bx-kDyN40wmQQ,NADIAS,UEOSQx1HQIc,2021-05-16T18:24:00Z,"2021-05-16 18:24:00","اشنو هي قصة حذاء الشيطان 😈 لرابور الشهير نايل ناز اكس","فيديو اليوم عن موضوع عمل ضجة في مواقع التواصل وهو عن حذاء الشيطان من انتاج شركة MSCHF و من فكرة رابور نيل ناز اكس.","حذاء الشيطان,نيل ناز اكس,حذاء نيل ناز اكس,SATAN SHOES,حذاء شركة نايك",26,"Howto & Style",,PT10M27S,627,2d,hd,false,ar,ar,https://i.ytimg.com/vi/UEOSQx1HQIc/maxresdefault.jpg,1,,,,,97462,4906,,0,138
231,UCebFWsUeE9bx-kDyN40wmQQ,NADIAS,9lpgLWcETV4,2021-05-09T21:46:44Z,"2021-05-09 21:46:44","اشنو هو السر وراء اختفاء جيل الين ؟ ميمكنش توقعو النهاية","قصة اختفاء جيل الين و كيف انتهت بنهاية غير متوقعة تابعو للاخير","قصص,قصص واقعية,قصص من الواقع,SAFAA,AYMAN SENPAI,AYMENSENPAI,aymansenpai,قصص ايمن سينباي,قصص AYMAN SENPAI,قصص SAFAA,NADIA,قصص نادية,قصص اجنبية,خراز,قصص بالمغربية,قضايا",26,"Howto & Style",,PT13M2S,782,2d,hd,false,ar,ar,,1,,,,,199299,8266,,0,265
232,UCebFWsUeE9bx-kDyN40wmQQ,NADIAS,6hNNXVOSlKo,2021-05-03T11:06:19Z,"2021-05-03 11:06:19","واش صورت الكاميرا لوقع ؟ اغرب طريقة تحلت بيها قضية الطالبة يانغ","قصة الطالبة يانغ يانغ فيديو اشتغلت عليه 5 ايام متواصلة اتمنى ان يروقكم قصة للعبرة اكثر ماهي للفرجة لايك و اشتراك للتوصل بجديد الفيديوهات.","قصص,قصص واقعية,قصص من الواقع,SAFAA,AYMAN SENPAI,AYMENSENPAI,aymansenpai,قصص ايمن سينباي,قصص AYMAN SENPAI,قصص SAFAA,NADIA,قصص نادية,قصص اجنبية,خراز,قصص الخراز,الخراز,قصص بالمغربية,قضايا,طالبة يانغ,قضية يانغ يانغ,رعب,قصص مرعبة,رعب حقيقي",26,"Howto & Style",,PT20M7S,1207,2d,hd,false,ar,ar,,1,,,,,329715,12573,,0,392
233,UCebFWsUeE9bx-kDyN40wmQQ,NADIAS,Yey0QyS_rNI,2021-04-27T13:55:12Z,"2021-04-27 13:55:12","اجمل سيكوباتية في تيك توك 😨اشنو لدارت ازابيلا في ديك الليلة","اليوم غادي نشوفو قصة ايزابيلا غوزمن و اشنو هو سبب الشهرة ديالها في تيك توك. من اغرب و اعقد القصص لشفت خليكم مع الفيديو","قصص,قصص واقعية,قصص من الواقع,SAFAA,AYMAN SENPAI,AYMENSENPAI,aymansenpai,قصص ايمن سينباي,قصص AYMAN SENPAI,قصص SAFAA,NADIA,قصص نادية,قصص اجنبية,خراز,قصص الخراز,الخراز,قصص بالمغربية,قضايا,IZABELLA GOZMAN,قصة ازابيلا غوزمن",26,"Howto & Style",,PT12M42S,762,2d,hd,false,ar,ar,https://i.ytimg.com/vi/Yey0QyS_rNI/maxresdefault.jpg,1,,,,,222276,7958,,0,237
234,UCebFWsUeE9bx-kDyN40wmQQ,NADIAS,Bk_d-b5zT-0,2021-04-23T13:17:15Z,"2021-04-23 13:17:15","الرجل الذي سافر من 1958 الى 2006 قضية سيرجي بونومارينكو","قصة الرجل الذي جاء من الماضي من اغرب القصص التي سمعت على الاطلاق.","قصص,قصص واقعية,قصص من الواقع,SAFAA,AYMAN SENPAI,AYMENSENPAI,aymansenpai,قصص ايمن سينباي,قصص AYMAN SENPAI,قصص SAFAA,NADIA,قصص نادية,قصص اجنبية,خراز,قصص الخراز,الخراز,قصص بالمغربية,قضايا",26,"Howto & Style",Society,PT14M9S,849,2d,hd,false,ar,ar,https://i.ytimg.com/vi/Bk_d-b5zT-0/maxresdefault.jpg,1,,,,,158959,6942,,0,348
235,UCebFWsUeE9bx-kDyN40wmQQ,NADIAS,OB55vlQmuyM,2021-04-20T12:29:03Z,"2021-04-20 12:29:03","الفتاة التي ذهبت لبيت صديقتها و لم تعد😨 لغز 21 سنة لم يحل","اتمنى يعجبكم الفيديو...فرجة ممتعة","قصص,قصص واقعية,قصص من الواقع,SAFAA,AYMAN SENPAI,AYMENSENPAI,aymansenpai,قصص ايمن سينباي,قصص AYMAN SENPAI,قصص SAFAA,NADIA,قصص نادية,قصص اجنبية,خراز,قصص الخراز,الخراز,قصص بالمغربية,قضايا",26,"Howto & Style",,PT14M8S,848,2d,hd,false,ar,ar,https://i.ytimg.com/vi/OB55vlQmuyM/maxresdefault.jpg,1,,,,,193396,7612,,0,157
236,UCebFWsUeE9bx-kDyN40wmQQ,NADIAS,tUwe-yDi7oc,2021-04-19T18:43:09Z,"2021-04-19 18:43:09","الفيديو الذي خرج عن سيطرة التيك توك و تسبب في شهرة كلير ميلر","فرجة ممتعة اتمنى يعجبكم الفيديو","تبييض الوجه,خلطات تبييض الوجه,كريم تبييض الوجه,تبييض البشرة,كيفية تبييض الوجه,خلطات تبييض الجسم,تجميل,وصفات لزيادة الوزن,حواء,عالم المراة,تطويل الشعر,خلطات لتطويل الشعر,وصفات لتنعيم الشعر,تنعيم الشعر,وصفات للتخسيس,خلطات للتنحيف,تسمين الوجه,وصفات للتسمين,وصفة لتسمين الوجه,تبيض اليدين,طرق تبييض المناطق الحساسة,تبيض المناطق الحساسه في يومين,كريمات تبيض,كريمات تفتيح",26,"Howto & Style",,PT10M7S,607,2d,hd,false,ar,ar,,1,,,,,198301,9347,,0,256
237,UCebFWsUeE9bx-kDyN40wmQQ,NADIAS,z7fVLN-ajBk,2021-04-18T10:20:16Z,"2021-04-18 10:20:16","سر وراء اختفاء عائلة واتس - الحب المزيف الذي اغضب الملايين","من اكثر القضايا التي شغلت الراي العام الامريكي في 2018 قصة غتخليك ماتبقاش تيق في السعادة المزيفة على مواقع التواصل الاجتماعي. لايك و اشتراك للتشجيع.","قصص,قصص واقعية,قصص من الواقع,SAFAA,AYMAN SENPAI,AYMENSENPAI,aymansenpai,قصص ايمن سينباي,قصص AYMAN SENPAI,قصص SAFAA,NADIA,قصص نادية,قصص اجنبية,خراز,قصص الخراز,الخراز,قصص بالمغربية,قضايا,قضية عائلة كريس واتس,عائلة كريس واتس",26,"Howto & Style",,PT15M25S,925,2d,hd,false,ar,ar,,1,,,,,229536,10184,,0,287
238,UCebFWsUeE9bx-kDyN40wmQQ,NADIAS,DYUtHm2KHFQ,2021-03-19T13:39:04Z,"2021-03-19 13:39:04","تطبيق تسبب في كشف المشتبه به في اختفاء ماريبيل راموس","اليوم سنرى قضية اختفاء ماريبيل راموس فرجة ممتعة لايك و اشتراك لتوصل بجديد الفيديوهات","قصص,قصص واقعية,قصص من الواقع,SAFAA,AYMAN SENPAI,AYMENSENPAI,aymansenpai,قصص ايمن سينباي,قصص AYMAN SENPAI,قصص SAFAA,NADIA,قصص نادية,قصص اجنبية,خراز,قصص الخراز,الخراز,قصص بالمغربية,قضية ماريبيل راموس,ماريبيل راموس",26,"Howto & Style",,PT18M28S,1108,2d,hd,false,ar,ar,,1,,,,,299859,13829,,0,340
239,UCebFWsUeE9bx-kDyN40wmQQ,NADIAS,D74X8wOb6No,2021-03-15T20:01:26Z,"2021-03-15 20:01:26","نهاية المليونير البخيل مع الفتاة الالمانية - قضية فريد كايلر","قصة اليوم غريبة غتخليكم تستغرب في بعض انواع البشر ...قصة للعبرة و ليست للفرجة لايك و اشتراك لتوصل بجديد الفيديوهات ----------------------------------------------------------------------------------------------------- قناتي الثانية القصص باللهجة العربية https://www.youtube.com/channel/UCnLuhLioRl-taT4_fbtZhTw","قصص,قصص واقعية,قصص من الواقع,SAFAA,AYMAN SENPAI,AYMENSENPAI,aymansenpai,قصص ايمن سينباي,قصص AYMAN SENPAI,قصص SAFAA,NADIA,قصص نادية,قصص اجنبية,خراز,قصص الخراز,الخراز,المغرب,قصص بالمغربية",26,"Howto & Style",,PT17M49S,1069,2d,hd,false,ar,ar,,1,,,,,203091,10333,,0,311
240,UCebFWsUeE9bx-kDyN40wmQQ,NADIAS,CFyKVSjENGM,2021-03-13T16:43:55Z,"2021-03-13 16:43:55","المراة المجنونة 😱 ماعملته في زوجها صادم | قصة ليندا داربي","اهلا بكم في المحتوى الجديد قصة مثيرة للاهتمام عن شخصية ليندا داربي لايك و اشتراك لتوصل بجديد الفيديوهات قناتي الثانية https://www.youtube.com/channel/UCnLuhLioRl-taT4_fbtZhTw -------------------------------------------------------------------------------------------------------- قصص# قصص_من_الواقع# قصص_واقعية#","قصص,قصص واقعية,قصص من الواقع,SAFAA,AYMAN SENPAI,AYMENSENPAI,aymansenpai,قصص ايمن سينباي,قصص AYMAN SENPAI,قصص SAFAA,NADIA,قصص نادية,قصص اجنبية,خراز,قصص الخراز,الخراز,المغرب,قصص بالمغربية",26,"Howto & Style",,PT22M36S,1356,2d,hd,false,ar,ar,https://i.ytimg.com/vi/CFyKVSjENGM/maxresdefault.jpg,1,,,,,270803,12893,,0,398
