position,channelId,channelTitle,videoId,publishedAt,publishedAtSQL,videoTitle,videoDescription,tags,videoCategoryId,videoCategoryLabel,topicCategories,duration,durationSec,dimension,definition,caption,defaultLanguage,defaultLAudioLanguage,thumbnail_maxres,licensedContent,hasPaidProductPlacement,locationDescription,latitude,longitude,viewCount,likeCount,dislikeCount,favoriteCount,commentCount
1,UCM1DoNEgK4KTERa61tGxB5w,"مول الشفنجة",cuXcDlatA8g,2026-04-23T13:01:38Z,"2026-04-23 13:01:38","🐏 الخروف المغربي 2026: زيارة ضيعة الحولي السردي الكبير… واش الأثمنة معقولة😱",,,22,"People & Blogs",Lifestyle_(sociology),PT32M40S,1960,2d,hd,false,ar,ar,https://i.ytimg.com/vi/cuXcDlatA8g/maxresdefault.jpg,1,,,,,123817,3477,,0,382
2,UCM1DoNEgK4KTERa61tGxB5w,"مول الشفنجة",cYIrLpG6SL4,2026-04-21T13:01:19Z,"2026-04-21 13:01:19"," من أوروبا إلى البادية 🇮🇹😱 شوفو كيفاش كانت ردة فعل رجل كبير في السن!!!🏕️",,,22,"People & Blogs",Lifestyle_(sociology),PT30M45S,1845,2d,hd,false,ar,ar,https://i.ytimg.com/vi/cYIrLpG6SL4/maxresdefault.jpg,1,,,,,113861,2851,,0,177
3,UCM1DoNEgK4KTERa61tGxB5w,"مول الشفنجة",fl5Oqdqzr3E,2026-04-16T13:01:12Z,"2026-04-16 13:01:12","🔥 أثمنة حولي عيد الأضحى في المغرب 2026/04/16 |هل ابتداءً من 65 درهم للكيلو 😱",,,22,"People & Blogs",,PT33M6S,1986,2d,hd,false,ar,ar,https://i.ytimg.com/vi/fl5Oqdqzr3E/maxresdefault.jpg,1,,,,,239599,4959,,0,497
4,UCM1DoNEgK4KTERa61tGxB5w,"مول الشفنجة",LQeCoVWBy8M,2026-04-14T12:55:36Z,"2026-04-14 12:55:36","يوم مع عائلتي | مشتريات السفر والتخييم من Decathlon 😍 شوفو شنو شريت!",,,22,"People & Blogs",Lifestyle_(sociology),PT28M54S,1734,2d,hd,false,ar,ar,https://i.ytimg.com/vi/LQeCoVWBy8M/maxresdefault.jpg,1,,,,,180724,4835,,0,417
5,UCM1DoNEgK4KTERa61tGxB5w,"مول الشفنجة",kUU0l0VwjWY,2026-04-12T13:27:13Z,"2026-04-12 13:27:13","عشت يوماً مع الفلاحة 👨‍🌾… الفرق الكبير بين ثمن البيع والشراء صدمة! 💔 ضلم الفلاح المغربي…",,,22,"People & Blogs",,PT31M25S,1885,2d,hd,false,ar,ar,https://i.ytimg.com/vi/kUU0l0VwjWY/maxresdefault.jpg,1,,,,,232177,4586,,0,234
6,UCM1DoNEgK4KTERa61tGxB5w,"مول الشفنجة",VwKyXxx6cog,2026-04-08T13:06:15Z,"2026-04-08 13:06:15","رحلة إلى البادية في الصويرة 🇲🇦 وتجربة ألذ سمك طازج 🔥اجواء الصيف",,,22,"People & Blogs","Food,Lifestyle_(sociology),Pet",PT31M39S,1899,2d,hd,false,ar,ar,https://i.ytimg.com/vi/VwKyXxx6cog/maxresdefault.jpg,1,,,,,182975,3837,,0,209
7,UCM1DoNEgK4KTERa61tGxB5w,"مول الشفنجة",A-__rJiQ5JE,2026-04-05T13:00:23Z,"2026-04-05 13:00:23","رحلة إلى شياضمة 🇲🇦🔥 اكتشاف ألذ حلوى وتجربة أقوى مأكولات الشارع بطعم لا يُقاوم! 😍🍩",,,22,"People & Blogs","Food,Lifestyle_(sociology)",PT37M4S,2224,2d,hd,false,ar,ar,https://i.ytimg.com/vi/A-__rJiQ5JE/maxresdefault.jpg,1,,,,,173011,4022,,0,319
8,UCM1DoNEgK4KTERa61tGxB5w,"مول الشفنجة",oWd-okK70nA,2026-04-03T13:01:37Z,"2026-04-03 13:01:37"," جولة في سوق سيدي حجاج بمدينة سطات 🇲🇦 | كرم الضيافة وألذ مأكولات الشواء التقليدية 🔥",,"الحولي,عيد الاضحى,سلسلة الحولي,وثائقي",22,"People & Blogs",Lifestyle_(sociology),PT39M38S,2378,2d,hd,false,ar,ar,https://i.ytimg.com/vi/oWd-okK70nA/maxresdefault.jpg,1,,,,,217024,4899,,0,343
9,UCM1DoNEgK4KTERa61tGxB5w,"مول الشفنجة",Vb9Qp2j2G0A,2026-03-31T13:00:00Z,"2026-03-31 13:00:00","رحلة ممتعة إلى البادية المغربية 🌿 وتحضير قصرية كسكس تقليدية بطعم زمان في أجواء عائلية رائعة 🇲🇦🍲",,,22,"People & Blogs","Food,Lifestyle_(sociology)",PT25M53S,1553,2d,hd,false,ar,ar,https://i.ytimg.com/vi/Vb9Qp2j2G0A/maxresdefault.jpg,1,,,,,215331,4346,,0,290
10,UCM1DoNEgK4KTERa61tGxB5w,"مول الشفنجة",GZ0b72IZahY,2026-03-27T13:00:00Z,"2026-03-27 13:00:00","تعشيرة على سيارة احلامي 🚗 مع عائلتي الصغيرة😇",,,22,"People & Blogs","Food,Lifestyle_(sociology)",PT30M31S,1831,2d,hd,false,ar,ar,https://i.ytimg.com/vi/GZ0b72IZahY/maxresdefault.jpg,1,,,,,246154,6296,,0,575
11,UCM1DoNEgK4KTERa61tGxB5w,"مول الشفنجة",D1l-CfzwgMc,2026-03-18T13:12:27Z,"2026-03-18 13:12:27","و اخيرا اشتريت سيارة احلامي 🥳 عائللتي فرحات انتهت معانات السفر🇲🇦",,,22,"People & Blogs",Lifestyle_(sociology),PT28M25S,1705,2d,hd,false,ar,ar,https://i.ytimg.com/vi/D1l-CfzwgMc/maxresdefault.jpg,1,,,,,369653,14030,,0,1647
12,UCM1DoNEgK4KTERa61tGxB5w,"مول الشفنجة",mw2_2wgcEUU,2026-03-12T12:05:33Z,"2026-03-12 12:05:33","أجواء العيد في المغرب 🇲🇦 خرجت مع بناتي نشتري ملابس العيد وفرحتهم لا توصف 🛍️ ✨",,,22,"People & Blogs",Lifestyle_(sociology),PT29M52S,1792,2d,hd,false,ar,ar,https://i.ytimg.com/vi/mw2_2wgcEUU/maxresdefault.jpg,1,,,,,242074,6034,,0,393
13,UCM1DoNEgK4KTERa61tGxB5w,"مول الشفنجة",KPJaquq0YW4,2026-03-07T12:00:33Z,"2026-03-07 12:00:33","تحضير فطور رمضان 🍲 | طبخ الكرعين على الطريقة المغربية + كيكة فنزويلا الشهية 😋أجواء المطبخ الرمضاني🇲🇦",#رمضان,,22,"People & Blogs","Food,Lifestyle_(sociology)",PT33M13S,1993,2d,hd,false,ar,ar,https://i.ytimg.com/vi/KPJaquq0YW4/maxresdefault.jpg,1,,,,,275412,6912,,0,562
14,UCM1DoNEgK4KTERa61tGxB5w,"مول الشفنجة",jRX0-ijicIQ,2026-02-28T12:23:52Z,"2026-02-28 12:23:52","يوم في رمضان مع اجواء البادية فطور بلدي 🍽️ الطبيعة في…🇲🇦",,,22,"People & Blogs","Food,Lifestyle_(sociology)",PT47M42S,2862,2d,hd,false,ar,ar,https://i.ytimg.com/vi/jRX0-ijicIQ/maxresdefault.jpg,1,,,,,223935,4803,,0,316
15,UCM1DoNEgK4KTERa61tGxB5w,"مول الشفنجة",bfOyEuLeJP0,2026-02-23T12:05:40Z,"2026-02-23 12:05:40","أجواء رمضانية و تحضير الفطور مع بناتي يوم رائع🍽️ و تحضير وجبة اللحم مع الخرشف😊…",,,22,"People & Blogs","Food,Lifestyle_(sociology)",PT41M48S,2508,2d,hd,false,ar,ar,https://i.ytimg.com/vi/bfOyEuLeJP0/maxresdefault.jpg,1,,,,,210181,5041,,0,371
16,UCM1DoNEgK4KTERa61tGxB5w,"مول الشفنجة",BGnTfEs0sjc,2026-02-18T11:58:06Z,"2026-02-18 11:58:06","استعدادنا لشهر رمضان بدأ! خرجت رفقة بناتي لاقتناء حاجيات الشهر الكريم رمضان🌘في أجواء عائلية رائعة🇲🇦 ",,,22,"People & Blogs",,PT33M9S,1989,2d,hd,false,ar,ar,https://i.ytimg.com/vi/BGnTfEs0sjc/maxresdefault.jpg,1,,,,,264096,6476,,0,417
17,UCM1DoNEgK4KTERa61tGxB5w,"مول الشفنجة",ToazlS1FHjI,2026-02-14T11:00:44Z,"2026-02-14 11:00:44","أول خطوة في تحضيرات رمضان 🌘 — مشتريات أواني المطبخ اللي كل بيت محتاجها للشهر الكريم 🌙✨","تحضيرات رمضان، تجهيزات رمضان، مشتريات رمضان، أواني المطبخ رمضان، استعدادات رمضان، تجهيز المطبخ لرمضان، مشتريات المطبخ، طبخ رمضان، ماذا نشتري لرمضان، أفكار تحضيرات رمضان، تجهيز البيت لرمضان، مستلزمات رمضان، مشتريات ضرورية لرمضان، تجهيزات الشهر الكريم، تحضيرات رمضان في المطبخ، شنو نشتري لرمضان، تجهيزات رمضان للمطبخ، مشترياتي لرمضان، استعداد رمضان في البيت",,22,"People & Blogs","Food,Lifestyle_(sociology)",PT28M12S,1692,2d,hd,false,ar,ar,https://i.ytimg.com/vi/ToazlS1FHjI/maxresdefault.jpg,1,,,,,186583,4340,,0,359
18,UCM1DoNEgK4KTERa61tGxB5w,"مول الشفنجة",GLfVr8CdgW8,2026-02-10T12:49:31Z,"2026-02-10 12:49:31","تجربة اجواء البادية 🌻: رحلة يومية عبر الطبيعة الخلابة 🌿 والمشاهد التي تنبض بالحياة 🏡.",,"Ali & hanane",22,"People & Blogs",Lifestyle_(sociology),PT31M6S,1866,2d,hd,false,ar,ar,https://i.ytimg.com/vi/GLfVr8CdgW8/maxresdefault.jpg,1,,,,,239884,4728,,0,230
19,UCM1DoNEgK4KTERa61tGxB5w,"مول الشفنجة",KaRbBggpLao,2026-02-06T13:00:42Z,"2026-02-06 13:00:42","️ مدينة القنيطرة تغرق تحت الأمطار الغزيرة: جولة شتوية في شوارع المدينة المغمورة بالمياه ❄️",,,22,"People & Blogs",,PT31M11S,1871,2d,hd,false,ar,ar,https://i.ytimg.com/vi/KaRbBggpLao/maxresdefault.jpg,1,,,,,161972,3079,,0,153
20,UCM1DoNEgK4KTERa61tGxB5w,"مول الشفنجة",uGkyohu7kGQ,2026-02-04T11:05:48Z,"2026-02-04 11:05:48","جولة في مدينة القنيطرة وتجربة المأكولات الشعبية المذهلة مع بي اللبن بنكهة جديدة تستحق التجربة بلا شك",,,22,"People & Blogs","Food,Lifestyle_(sociology)",PT26M57S,1617,2d,hd,false,ar,ar,https://i.ytimg.com/vi/uGkyohu7kGQ/maxresdefault.jpg,1,,,,,169815,3504,,0,188
21,UCM1DoNEgK4KTERa61tGxB5w,"مول الشفنجة",w3chsbx4K7s,2026-01-31T11:01:41Z,"2026-01-31 11:01:41","سوق شعبي في موسم الشتاء 🌨️ مع شواء القطبان 🍢 الى رسم البهجة على وجوه الناس المحتاجة 🧑‍🤝‍🧑💖",,,22,"People & Blogs","Food,Lifestyle_(sociology)",PT31M32S,1892,2d,hd,false,ar,ar,https://i.ytimg.com/vi/w3chsbx4K7s/maxresdefault.jpg,1,,,,,160915,3018,,0,118
22,UCM1DoNEgK4KTERa61tGxB5w,"مول الشفنجة",t2I8rHk0Tck,2026-01-23T13:01:41Z,"2026-01-23 13:01:41","من قلب المطبخ المغربي 👨‍🍳 أفضل سفة ودجاج محمر في الأعراس 😍 تجربة لا تُفوّت🍗 سرّ الأعراس المغربية!!!","#moroccofood #اكسبلور #تيك_توك #طبخ",,22,"People & Blogs","Food,Lifestyle_(sociology)",PT32M45S,1965,2d,hd,false,ar,ar,https://i.ytimg.com/vi/t2I8rHk0Tck/maxresdefault.jpg,1,,Casablanca,33.5731104,-7.5898434,168398,3826,,0,272
23,UCM1DoNEgK4KTERa61tGxB5w,"مول الشفنجة",pGt8SaTd0mA,2026-01-22T11:01:23Z,"2026-01-22 11:01:23","🇲🇦 | تجربة أشهى المأكولات البحرية في الشارع المغربي 🌊يوم كامل من الأكل والمتعة في كازا 🔥",,,22,"People & Blogs","Food,Lifestyle_(sociology),Tourism",PT31M58S,1918,2d,hd,false,ar,ar,https://i.ytimg.com/vi/pGt8SaTd0mA/maxresdefault.jpg,1,,,,,332668,6151,,0,282
24,UCM1DoNEgK4KTERa61tGxB5w,"مول الشفنجة",P3b1v0tMBKA,2026-01-15T11:00:45Z,"2026-01-15 11:00:45","من طبيب الاسنان 🦷 دهبت إلى سوق شعبي مغربي وطبخت رفيسة بالحمام في أجواء ممتعة 🇲🇦…",,,22,"People & Blogs",Lifestyle_(sociology),PT30M3S,1803,2d,hd,false,ar,ar,https://i.ytimg.com/vi/P3b1v0tMBKA/maxresdefault.jpg,1,,,,,164184,4291,,0,267
25,UCM1DoNEgK4KTERa61tGxB5w,"مول الشفنجة",sQmY-P4vdTM,2026-01-07T11:17:35Z,"2026-01-07 11:17:35","و اخيرا مشيت عند طبيب الأسنان🦷… ومن بعد درنا جولة خطيرة فالمأكولات الشعبية 🍔",,,22,"People & Blogs","Food,Lifestyle_(sociology)",PT32M32S,1952,2d,hd,false,ar,ar,https://i.ytimg.com/vi/sQmY-P4vdTM/maxresdefault.jpg,1,,,,,167361,4069,,0,259
26,UCM1DoNEgK4KTERa61tGxB5w,"مول الشفنجة",ZfWGopGcMik,2026-01-02T11:56:46Z,"2026-01-02 11:56:46","من قلب سوق شعبي مغربي 🔥 أجواء ممتعة وتجربة مقلب في نسيبي🤩 …","#مول_الشفنجة #streetfood",,22,"People & Blogs","Food,Lifestyle_(sociology)",PT33M,1980,2d,hd,false,ar,ar,https://i.ytimg.com/vi/ZfWGopGcMik/maxresdefault.jpg,1,,,,,221309,5216,,0,300
27,UCM1DoNEgK4KTERa61tGxB5w,"مول الشفنجة",GJj_rfESIaM,2025-12-26T11:00:29Z,"2025-12-26 11:00:29","مبادرة بسيطة ولكن أثرها كبير… يوم كامل من الفرح ومساعدة المحتاجين في هده الشتاء🌨️…",,,22,"People & Blogs",Lifestyle_(sociology),PT22M26S,1346,2d,hd,false,ar,ar,https://i.ytimg.com/vi/GJj_rfESIaM/maxresdefault.jpg,1,,,,,149312,4526,,0,291
28,UCM1DoNEgK4KTERa61tGxB5w,"مول الشفنجة",cAwKLEx3up0,2025-12-22T11:01:13Z,"2025-12-22 11:01:13","🍲 أكل شتوي يدفّي وصحي 😍 جولة كاملة عند طباخ شعبي كازاوي يقدّم مأكولات لذيذة وصحية في هذا الجو البارد",,,22,"People & Blogs","Food,Lifestyle_(sociology)",PT28M11S,1691,2d,hd,false,ar,ar,https://i.ytimg.com/vi/cAwKLEx3up0/maxresdefault.jpg,1,,,,,325883,6340,,0,334
29,UCM1DoNEgK4KTERa61tGxB5w,"مول الشفنجة",YfKdCCcfPzw,2025-12-17T10:57:53Z,"2025-12-17 10:57:53","جولة ليلية ممتعة الشتاء و الشواء وتجربة مأكولات الشارع 🇲🇦 وخبر مدينة اسفي المفزع😱…",,,22,"People & Blogs","Food,Lifestyle_(sociology)",PT31M31S,1891,2d,hd,false,ar,ar,https://i.ytimg.com/vi/YfKdCCcfPzw/maxresdefault.jpg,1,,,,,201931,5546,,0,390
30,UCM1DoNEgK4KTERa61tGxB5w,"مول الشفنجة",1xnxWOCnmbw,2025-12-12T13:58:02Z,"2025-12-12 13:58:02","الرباط تشتعل! 🇲🇦 افتتاح كأس إفريقيا وجولة أسطورية في عاصمة المغرب مع مأكولات لذيذة 😋","#Rabat #RabatMorocco #MoroccoFood #MoroccoVlog #الرباط #مدينة_الرباط #عاصمة_المغرب #جولة_في_الرباط #السياحة_في_المغرب #كأس_إفريقيا #افتتاح_كأس_إفريقيا #كأس_إفريقيا_2025",,22,"People & Blogs","Lifestyle_(sociology),Tourism",PT42M16S,2536,2d,hd,false,ar,ar,https://i.ytimg.com/vi/1xnxWOCnmbw/maxresdefault.jpg,1,,,,,209779,5209,,0,354
31,UCM1DoNEgK4KTERa61tGxB5w,"مول الشفنجة",rPsqaVa833k,2025-12-05T11:01:54Z,"2025-12-05 11:01:54","نهار كامل مع نسيبي فمراكش 🇲🇦… ضحك ونشاط مع البهجاوة 😂🔥 وتجربة المأكولات الشعبية الشهية 😋🍲يوم في…",,,22,"People & Blogs","Food,Lifestyle_(sociology)",PT37M31S,2251,2d,hd,false,ar,ar,https://i.ytimg.com/vi/rPsqaVa833k/maxresdefault.jpg,1,,,,,365132,6416,,0,352
32,UCM1DoNEgK4KTERa61tGxB5w,"مول الشفنجة",bmQhLnL1VAo,2025-12-03T11:18:45Z,"2025-12-03 11:18:45","جولتي فـ سوق ثلاث براكة الراضي الشعبي.. شريت مفاجأة وفرّقتها على ناس ضراوش والفرحة كانت كبيرة 😊🇲🇦",,,22,"People & Blogs",Lifestyle_(sociology),PT21M52S,1312,2d,hd,false,ar,ar,https://i.ytimg.com/vi/bmQhLnL1VAo/maxresdefault.jpg,1,,,,,155205,3764,,0,262
33,UCM1DoNEgK4KTERa61tGxB5w,"مول الشفنجة",EUxTEs5LYfQ,2025-12-01T12:28:10Z,"2025-12-01 12:28:10","جولتي في شيادمة 🏘️.. زرت السوق الشعبي وبالخير استضافني واحد السيد فطبق بحري فاخر وأجواء ما تتنساش 🍤✨",,,22,"People & Blogs","Food,Lifestyle_(sociology)",PT30M35S,1835,2d,hd,false,ar,ar,https://i.ytimg.com/vi/EUxTEs5LYfQ/maxresdefault.jpg,1,,,,,231399,5013,,0,317
34,UCM1DoNEgK4KTERa61tGxB5w,"مول الشفنجة",AUpafbD4c4Q,2025-11-27T11:00:31Z,"2025-11-27 11:00:31","يوم ملكي للتسوق… أخذت بناتي نشتري ملابس البرد وفاجأوني باختياراتهم! 👑❄️","يوم ملكي للتسوق… أخذت بناتي نشتري ملابس البرد وفاجأوني باختياراتهم! 👑❄️",,22,"People & Blogs",Lifestyle_(sociology),PT27M10S,1630,2d,hd,false,ar,ar,https://i.ytimg.com/vi/AUpafbD4c4Q/maxresdefault.jpg,1,,,,,196972,5427,,0,439
35,UCM1DoNEgK4KTERa61tGxB5w,"مول الشفنجة",HiS6ITRQHtU,2025-11-20T11:00:29Z,"2025-11-20 11:00:29","رحلتي مع مؤكولات الشارع فالدار البيضاء.. دفء الخير وسط الزحام ومساعدة ناس محتاجة❤️🇲🇦",,,22,"People & Blogs","Food,Lifestyle_(sociology)",PT19M47S,1187,2d,hd,false,ar,ar,https://i.ytimg.com/vi/HiS6ITRQHtU/maxresdefault.jpg,1,,,,,249493,7488,,0,499
36,UCM1DoNEgK4KTERa61tGxB5w,"مول الشفنجة",Ru8ELaPs19o,2025-11-17T11:01:01Z,"2025-11-17 11:01:01","مشيت لسوق بوزكورة الشعبي.. أجواء زوينة وروائح الماكلة البلدية لي كتشهي 🇲🇦…#streetfood ",,,22,"People & Blogs",,PT26M53S,1613,2d,hd,false,ar,ar,https://i.ytimg.com/vi/Ru8ELaPs19o/maxresdefault.jpg,1,,,,,223234,5542,,0,341
37,UCM1DoNEgK4KTERa61tGxB5w,"مول الشفنجة",hZjgt3yKaDM,2025-11-13T11:01:32Z,"2025-11-13 11:01:32","يوم لا يُنسى في السوق الشعبي..🤍خرجت نكتشف الأجواء وتبدّل كلشي بمساعدة من القلب 🇲🇦",,,22,"People & Blogs",Lifestyle_(sociology),PT25M53S,1553,2d,hd,false,ar,ar,https://i.ytimg.com/vi/hZjgt3yKaDM/maxresdefault.jpg,1,,,,,198380,5396,,0,395
38,UCM1DoNEgK4KTERa61tGxB5w,"مول الشفنجة",MjZ1SxW0EQI,2025-11-07T11:00:43Z,"2025-11-07 11:00:43","رحلتي إلى المدينة القديمة في تازة.. أجواء مغربية أصيلة وتجربة خلاتني نرجع بالزمن 🇲🇦",,,22,"People & Blogs",Lifestyle_(sociology),PT30M44S,1844,2d,hd,false,ar,ar,https://i.ytimg.com/vi/MjZ1SxW0EQI/maxresdefault.jpg,1,,,,,217995,5775,,0,440
39,UCM1DoNEgK4KTERa61tGxB5w,"مول الشفنجة",TLO_T-Zj794,2025-11-05T11:00:55Z,"2025-11-05 11:00:55","رحلتي إلى سوق مكناس 🇲🇦 تحولت إلى تجربة لا تُنسى.. بدأت بالخير وانتهت بموقف صعب😱",,,22,"People & Blogs",Lifestyle_(sociology),PT30M16S,1816,2d,hd,false,ar,ar,https://i.ytimg.com/vi/TLO_T-Zj794/maxresdefault.jpg,1,,,,,223365,8718,,0,660
40,UCM1DoNEgK4KTERa61tGxB5w,"مول الشفنجة",ugxkf4AenGk,2025-11-02T11:10:02Z,"2025-11-02 11:10:02","مؤكلولات الشارع في مدينة الرباط 🇲🇦 مشت عند الرجل الطباخ االد وافضل طواجن😱 #streetfood ",,,22,"People & Blogs","Food,Lifestyle_(sociology)",PT30M30S,1830,2d,hd,false,ar,ar,https://i.ytimg.com/vi/ugxkf4AenGk/maxresdefault.jpg,1,,,,,428772,8689,,0,432
41,UCM1DoNEgK4KTERa61tGxB5w,"مول الشفنجة",e9-i4WwEd8Y,2025-10-29T11:01:24Z,"2025-10-29 11:01:24","اكتشفت أرخص زيت بلدية الشيضمية الأصلية فالمغرب.. جودة، نكهة، وثمن ما يتصدقش! تجربة لا تُفوَّت 🫒🇲🇦",,,22,"People & Blogs",,PT25M17S,1517,2d,hd,false,ar,ar,https://i.ytimg.com/vi/e9-i4WwEd8Y/maxresdefault.jpg,1,,,,,269098,4764,,0,585
42,UCM1DoNEgK4KTERa61tGxB5w,"مول الشفنجة",BmpVty26sig,2025-10-26T12:55:46Z,"2025-10-26 12:55:46","جولة داخل أفضل سوق مأكولات في المغرب! 🥘🇲🇦 اكتشاف النكهات والألوان في قلب السوق",#streetfood,,22,"People & Blogs","Food,Lifestyle_(sociology)",PT29M10S,1750,2d,hd,false,ar,ar,https://i.ytimg.com/vi/BmpVty26sig/maxresdefault.jpg,1,,,,,263804,6639,,0,368
43,UCM1DoNEgK4KTERa61tGxB5w,"مول الشفنجة",z6CWBUCgHqg,2025-10-24T11:54:49Z,"2025-10-24 11:54:49","في سوق الخميس العطاوية… التقيت برجل بسيط مكافح فقررت أساعده وكانت لحظة مؤثرة جدًا ❤",,,22,"People & Blogs",Lifestyle_(sociology),PT26M51S,1611,2d,hd,false,ar,ar,https://i.ytimg.com/vi/z6CWBUCgHqg/maxresdefault.jpg,1,,,,,205683,6556,,0,639
44,UCM1DoNEgK4KTERa61tGxB5w,"مول الشفنجة",xmdWGSlXzKY,2025-10-21T11:02:00Z,"2025-10-21 11:02:00","🍳 أشهى مأكولات شعبية في مقيلة رخيصة وسط الدار البيضاء! تجربة لا تُفوّت 🇲🇦",,,22,"People & Blogs","Food,Lifestyle_(sociology)",PT22M56S,1376,2d,hd,false,ar,ar,https://i.ytimg.com/vi/xmdWGSlXzKY/maxresdefault.jpg,1,,,,,485712,9999,,0,612
45,UCM1DoNEgK4KTERa61tGxB5w,"مول الشفنجة",SBSSqWmY9VM,2025-10-18T11:02:42Z,"2025-10-18 11:02:42","يوم كامل: في يوق خميس زمامرة الشعبي 🤩 وتجربة الحلاقة القديمة 🇲🇦 #streetfood ",,,22,"People & Blogs",Lifestyle_(sociology),PT26M44S,1604,2d,hd,false,ar,ar,https://i.ytimg.com/vi/SBSSqWmY9VM/maxresdefault.jpg,1,,,,,191198,5546,,0,376
46,UCM1DoNEgK4KTERa61tGxB5w,"مول الشفنجة",bSWAhwS-p7g,2025-10-16T11:01:13Z,"2025-10-16 11:01:13","رحلة داخل السوق الشعبي: تعب الباعة، حكايات الزبائن، وأطيب المأكولات التي لا تُنسى🇲🇦 #streetfood ",,,22,"People & Blogs","Food,Lifestyle_(sociology)",PT29M47S,1787,2d,hd,false,ar,ar,https://i.ytimg.com/vi/bSWAhwS-p7g/maxresdefault.jpg,1,,,,,273527,6273,,0,402
47,UCM1DoNEgK4KTERa61tGxB5w,"مول الشفنجة",VnQSjlWGgnE,2025-10-11T13:01:28Z,"2025-10-11 13:01:28","اول مرة نمشي سوق في اليل اجواء ممتعة سوق جمعة سحيم 🇲🇦 فطور و رحبة البقر 😱اجواء خيالية😁…",,,22,"People & Blogs","Food,Lifestyle_(sociology)",PT27M51S,1671,2d,hd,false,ar,ar,https://i.ytimg.com/vi/VnQSjlWGgnE/maxresdefault.jpg,1,,,,,190523,4016,,0,271
48,UCM1DoNEgK4KTERa61tGxB5w,"مول الشفنجة",6ijM-YRapwM,2025-10-10T11:00:10Z,"2025-10-10 11:00:10","اشتريت زيت الزيتون المغربي الممتاز في مكان ارخص زيت وجودة جيدة 🇲🇦 صدمني الثمن😱!!!",,,22,"People & Blogs",,PT28M1S,1681,2d,hd,false,ar,ar,https://i.ytimg.com/vi/6ijM-YRapwM/maxresdefault.jpg,1,,,,,718241,12618,,0,1032
49,UCM1DoNEgK4KTERa61tGxB5w,"مول الشفنجة",2FWK3OLNJbI,2025-10-07T11:00:04Z,"2025-10-07 11:00:04","جولة في سوق الاثنين الغربية 🇲🇦 الرائع في اعماق المغرب وتجربة المأكولات الشعيبة #streetfood ",,,22,"People & Blogs","Food,Lifestyle_(sociology)",PT33M40S,2020,2d,hd,false,ar,ar,https://i.ytimg.com/vi/2FWK3OLNJbI/maxresdefault.jpg,1,,,,,310490,6432,,0,390
50,UCM1DoNEgK4KTERa61tGxB5w,"مول الشفنجة",Ae_zJ8wFhYI,2025-09-28T11:00:29Z,"2025-09-28 11:00:29","يوم كامل في سوق شعبي سبت غزولة التقليدي 🇲🇦 الشواء المغربي و اثمنة الرحبة‼️… ",,,22,"People & Blogs",Lifestyle_(sociology),PT28M28S,1708,2d,hd,false,ar,ar,https://i.ytimg.com/vi/Ae_zJ8wFhYI/maxresdefault.jpg,1,,,,,307353,6869,,0,407
51,UCM1DoNEgK4KTERa61tGxB5w,"مول الشفنجة",ShY4MrLgDqc,2025-09-24T12:00:55Z,"2025-09-24 12:00:55","جولة في سوق ثلات سيدي بنور 🔥السوق الاسبوعي وتجربة المآكولات الشعبية الشهية 🇲🇦 ",,,22,"People & Blogs","Food,Lifestyle_(sociology)",PT31M23S,1883,2d,hd,false,ar,ar,https://i.ytimg.com/vi/ShY4MrLgDqc/maxresdefault.jpg,1,,,,,444062,7889,,0,438
52,UCM1DoNEgK4KTERa61tGxB5w,"مول الشفنجة",RcTv_mNNs9k,2025-09-19T11:00:53Z,"2025-09-19 11:00:53","واخيرًا قررت ندوز *بيرمي* وشراء سيارة 🚗 احلامي اليوم الاول في تعلم السياقة في …",,"تعلم السياقة",22,"People & Blogs",Lifestyle_(sociology),PT25M51S,1551,2d,hd,false,ar,ar,https://i.ytimg.com/vi/RcTv_mNNs9k/maxresdefault.jpg,1,,,,,179573,4792,,0,418
53,UCM1DoNEgK4KTERa61tGxB5w,"مول الشفنجة",-koUPOcsuPw,2025-09-14T11:56:14Z,"2025-09-14 11:56:14","اشتريت موطور و مشيت كنتعلم نسوق لمادا اشتريت؟ وش كنعرف نسوق موطور…",,,22,"People & Blogs",Lifestyle_(sociology),PT37M23S,2243,2d,hd,false,ar,ar,https://i.ytimg.com/vi/-koUPOcsuPw/maxresdefault.jpg,1,,,,,270604,8392,,0,556
54,UCM1DoNEgK4KTERa61tGxB5w,"مول الشفنجة",hx1ReM3jk5U,2025-09-05T15:51:04Z,"2025-09-05 15:51:04","مشيت شريت بناتي ملابس 🤩 بمناسبة العيد اجواء رائعة مع عائلتي 😊 يوم العيد !!!",,,22,"People & Blogs",Lifestyle_(sociology),PT20M47S,1247,2d,hd,false,ar,ar,https://i.ytimg.com/vi/hx1ReM3jk5U/maxresdefault.jpg,1,,,,,165831,3683,,0,301
55,UCM1DoNEgK4KTERa61tGxB5w,"مول الشفنجة",Iw49DofTT7o,2025-09-02T12:46:54Z,"2025-09-02 12:46:54","انتقلت الى منزل جديد 🏠 يوم كامل في نقل الاغراض المنزلية بعد عناء طويل !!!🤩🤩",,,22,"People & Blogs",Lifestyle_(sociology),PT27M,1620,2d,hd,false,ar,ar,https://i.ytimg.com/vi/Iw49DofTT7o/maxresdefault.jpg,1,,,,,269122,7329,,0,572
56,UCM1DoNEgK4KTERa61tGxB5w,"مول الشفنجة",zkkvfwmgaig,2025-08-26T12:01:10Z,"2025-08-26 12:01:10","عرض عليا صديق في أجمل مكان تقدر دوز فيه الصيف يوم رائع الأصدقاء 🇲🇦 في لوبيرج😁",,"الصيف الاخير الحلقة 1,الصيف والبحر,الصيف صيف ندي عمري للبحر,الصيف الاخير الجزء الثاني,الصيف الاخير الحلقة 27,الصيف الاخير الحلقة 28,الصيف الاخير الحلقة 30,الصيف الاخير الحلقة 32,الصيف يبي الباكية cheb sisiyou,الصيف ينزل عليها",22,"People & Blogs",Lifestyle_(sociology),PT23M25S,1405,2d,hd,false,ar,ar,https://i.ytimg.com/vi/zkkvfwmgaig/maxresdefault.jpg,1,,,,,149872,8221,,0,310
57,UCM1DoNEgK4KTERa61tGxB5w,"مول الشفنجة",sIoK3RRdmG8,2025-08-23T11:01:26Z,"2025-08-23 11:01:26","مشيت عند فتى موهبة ضائعة بعد معانات ⛰️ الوصول في اعماق الجبال 🇲🇦المغرب المنسي… ",,,22,"People & Blogs",Lifestyle_(sociology),PT22M40S,1360,2d,hd,false,ar,ar,https://i.ytimg.com/vi/sIoK3RRdmG8/maxresdefault.jpg,1,,,,,205038,5362,,0,490
58,UCM1DoNEgK4KTERa61tGxB5w,"مول الشفنجة",_8ExqQLrx5c,2025-08-21T11:13:16Z,"2025-08-21 11:13:16","يوم كامل لي البادية طيبنا اكبر قصرية كوسكوس🤩 و حفر بئر الماء ولكن مشكلة…🇲🇦 ",,,22,"People & Blogs","Food,Lifestyle_(sociology)",PT28M15S,1695,2d,hd,false,ar,ar,https://i.ytimg.com/vi/_8ExqQLrx5c/maxresdefault.jpg,1,,,,,206426,3872,,0,255
59,UCM1DoNEgK4KTERa61tGxB5w,"مول الشفنجة",lefXFU7YXfU,2025-08-18T11:24:28Z,"2025-08-18 11:24:28","البسطيلة بدجاج البلدي 😱في البادية وسط شجر الرمان اجواء صيفية مع جو مشمس ☀️ …",,,22,"People & Blogs","Food,Lifestyle_(sociology)",PT22M1S,1321,2d,hd,false,ar,ar,https://i.ytimg.com/vi/lefXFU7YXfU/maxresdefault.jpg,1,,,,,240442,4349,,0,337
60,UCM1DoNEgK4KTERa61tGxB5w,"مول الشفنجة",9amJu7uLCP4,2025-08-15T13:47:56Z,"2025-08-15 13:47:56","يوم جديد في مكان رائع مع عائلتي دوزت نهار ف فيلا فيها لابيسين 🤩و كلينا بولفاغ🇲🇦 الصيف في المغرب… ",,,22,"People & Blogs","Food,Lifestyle_(sociology)",PT20M11S,1211,2d,hd,false,ar,ar,https://i.ytimg.com/vi/9amJu7uLCP4/maxresdefault.jpg,1,,,,,167747,3620,,0,288
61,UCM1DoNEgK4KTERa61tGxB5w,"مول الشفنجة",vbW4992LzgA,2025-08-13T11:19:09Z,"2025-08-13 11:19:09","عرضت عاى امي و نسيبتي 😁 مشيت سيدي رحال وتجربة مؤكولات البحر الديدة 🇲🇦 السعادة مع عائلتي…",,,22,"People & Blogs","Food,Lifestyle_(sociology)",PT23M31S,1411,2d,hd,false,ar,ar,https://i.ytimg.com/vi/vbW4992LzgA/maxresdefault.jpg,1,,,,,218434,4083,,0,303
62,UCM1DoNEgK4KTERa61tGxB5w,"مول الشفنجة",UM_3vYzNidM,2025-08-10T11:01:00Z,"2025-08-10 11:01:00","سافرت مع عائلتي الصغيرة و الكبيرة مشيت فيلا حدا البحر 🇲🇦 مع موسم سيدي رحال الجميل…",,,22,"People & Blogs",Lifestyle_(sociology),PT24M10S,1450,2d,hd,false,ar,ar,https://i.ytimg.com/vi/UM_3vYzNidM/maxresdefault.jpg,1,,,,,182499,4352,,0,262
63,UCM1DoNEgK4KTERa61tGxB5w,"مول الشفنجة",VdAQTnZ081c,2025-08-03T11:57:57Z,"2025-08-03 11:57:57","الصيف في مدينة الجديدة وتجربة المأكولات البحرية 🇲🇦 وثمن الكراء مع موسم مولاي عبدالله 🤩.!!!",,,22,"People & Blogs","Food,Lifestyle_(sociology)",PT27M3S,1623,2d,hd,false,ar,ar,https://i.ytimg.com/vi/VdAQTnZ081c/maxresdefault.jpg,1,,,,,322740,6817,,0,517
64,UCM1DoNEgK4KTERa61tGxB5w,"مول الشفنجة",FAisy3oSF1s,2025-07-28T12:31:53Z,"2025-07-28 12:31:53","يوم كامل في شلالات امليل🤩 مع عائلتي الصيف و الحرارة 🌡️جو مشمس أجمل مكان 🇲🇦…",,,22,"People & Blogs","Lifestyle_(sociology),Tourism",PT27M14S,1634,2d,hd,false,ar,ar,https://i.ytimg.com/vi/FAisy3oSF1s/maxresdefault.jpg,1,,,,,205490,4519,,0,336
65,UCM1DoNEgK4KTERa61tGxB5w,"مول الشفنجة",iBFCaeffmws,2025-07-26T11:55:10Z,"2025-07-26 11:55:10","دهبت إلى أجمل 🤩 منزل تقدر دوز فيه الصيف في مدينة مراكش مع عائلتي 🇲🇦…",,,22,"People & Blogs","Lifestyle_(sociology),Tourism",PT24M22S,1462,2d,hd,false,ar,ar,https://i.ytimg.com/vi/iBFCaeffmws/maxresdefault.jpg,1,,,,,257686,6276,,0,581
66,UCM1DoNEgK4KTERa61tGxB5w,"مول الشفنجة",FNOOxLZ9_fM,2025-07-22T12:59:46Z,"2025-07-22 12:59:46","مشيت مدينة اكادير و عمت في البحر وسعر الكراء 💰مع عائلتي اجواء صيفية لا تعوض 🇲🇦",,,22,"People & Blogs","Lifestyle_(sociology),Tourism",PT25M58S,1558,2d,hd,false,ar,ar,https://i.ytimg.com/vi/FNOOxLZ9_fM/maxresdefault.jpg,1,,,,,297012,5799,,0,414
67,UCM1DoNEgK4KTERa61tGxB5w,"مول الشفنجة",W9ov9HVlt_U,2025-07-20T11:45:42Z,"2025-07-20 11:45:42","ذهبت إلى بحر مدينة اسفي الممتع بحر عائلي 🇲🇦 وتجربة مؤكولات المرسة ألد الاطباق مع الصيف…🌊",,,22,"People & Blogs","Lifestyle_(sociology),Tourism",PT24M47S,1487,2d,hd,false,ar,ar,https://i.ytimg.com/vi/W9ov9HVlt_U/maxresdefault.jpg,1,,,,,224166,4575,,0,293
68,UCM1DoNEgK4KTERa61tGxB5w,"مول الشفنجة",t56NRhENM-4,2025-07-18T11:59:49Z,"2025-07-18 11:59:49","الصيف في مدينة اسفي 🇲🇦 وتجربة ارخص و الذ مقيلة الاسطورية 20 درهم 🤯 جولة في الشوارع الر…",,,22,"People & Blogs",Lifestyle_(sociology),PT23M41S,1421,2d,hd,false,ar,ar,https://i.ytimg.com/vi/t56NRhENM-4/maxresdefault.jpg,1,,,,,226779,5730,,0,350
69,UCM1DoNEgK4KTERa61tGxB5w,"مول الشفنجة",XdcxTauiLjM,2025-07-14T13:13:35Z,"2025-07-14 13:13:35","الصيف في مدينة الصويرة السياحية من أجمل البحور 🇲🇦 تجربة المأكولات الذيذة مع عايلتي …",,,22,"People & Blogs","Food,Lifestyle_(sociology),Tourism",PT29M16S,1756,2d,hd,false,ar,ar,https://i.ytimg.com/vi/XdcxTauiLjM/maxresdefault.jpg,1,,,,,346998,6218,,0,463
70,UCM1DoNEgK4KTERa61tGxB5w,"مول الشفنجة",jPuFudFwMmI,2025-07-11T12:01:27Z,"2025-07-11 12:01:27","ذهبت إلى بحر 🌊 الوالدية الرائع و شراء العاب السباحة لبناتي🤩 مع المؤكولات الشهية 🇲🇦…",,,22,"People & Blogs",Lifestyle_(sociology),PT36M51S,2211,2d,hd,false,ar,ar,https://i.ytimg.com/vi/jPuFudFwMmI/maxresdefault.jpg,1,,,,,328558,7374,,0,645
71,UCM1DoNEgK4KTERa61tGxB5w,"مول الشفنجة",oZrWqL5hVSg,2025-07-08T13:11:06Z,"2025-07-08 13:11:06","تجربة أشهى المأكولات البحرية في بحر 🌊 الشمال المالديف السباحة 🇲🇦 الصيف ممتع هدا العام….",#streetfood,,22,"People & Blogs","Food,Lifestyle_(sociology),Tourism",PT19M23S,1163,2d,hd,false,ar,ar,https://i.ytimg.com/vi/oZrWqL5hVSg/maxresdefault.jpg,1,,,,,263501,5944,,0,470
72,UCM1DoNEgK4KTERa61tGxB5w,"مول الشفنجة",xUCLeA63a8s,2025-07-06T11:55:23Z,"2025-07-06 11:55:23","الصيف في أجمل بحر الشمال 🌊 ولكن ضربني قنديل البحر 🪼 أنا و بناتي 🇲🇦يوم مشمس ☀️",,,22,"People & Blogs","Lifestyle_(sociology),Tourism",PT30M26S,1826,2d,hd,false,ar,ar,https://i.ytimg.com/vi/xUCLeA63a8s/maxresdefault.jpg,1,,,,,329229,4643,,0,266
73,UCM1DoNEgK4KTERa61tGxB5w,"مول الشفنجة",xN8yXUGofPE,2025-07-02T12:16:50Z,"2025-07-02 12:16:50","جولة في مكان عائلي 🇲🇦 واد في منطقة خلابة الاستمتاع بالصيف 😋 الحرارة مرتفعة هدا العام🌡️🤯",#الصيف,,22,"People & Blogs",Lifestyle_(sociology),PT33M57S,2037,2d,hd,false,ar,ar,https://i.ytimg.com/vi/xN8yXUGofPE/maxresdefault.jpg,1,,,,,254471,4822,,0,430
74,UCM1DoNEgK4KTERa61tGxB5w,"مول الشفنجة",QU8iKt3SC8E,2025-06-30T13:15:12Z,"2025-06-30 13:15:12","مشيت أجمل الأماكن في اقشور 🇲🇦 و السباحة في شلالات خلابة 😊 مع تجربة الطجين الصيفي…",,,22,"People & Blogs","Lifestyle_(sociology),Tourism",PT27M28S,1648,2d,hd,false,ar,ar,https://i.ytimg.com/vi/QU8iKt3SC8E/maxresdefault.jpg,1,,,,,234661,4716,,0,446
75,UCM1DoNEgK4KTERa61tGxB5w,"مول الشفنجة",IV6LbviN2zY,2025-06-27T12:33:36Z,"2025-06-27 12:33:36","الصيف في مدينة شفاون 🇲🇦 وتجربة المأكولات الشعبية 😋 جولة ممتعة مع عائلتي !!!",,,22,"People & Blogs","Food,Lifestyle_(sociology),Tourism",PT27M44S,1664,2d,hd,false,ar,ar,https://i.ytimg.com/vi/IV6LbviN2zY/maxresdefault.jpg,1,,,,,372413,9440,,0,1026
76,UCM1DoNEgK4KTERa61tGxB5w,"مول الشفنجة",NaLXpwp-jtY,2025-06-22T13:36:02Z,"2025-06-22 13:36:02","دورت احسن نهار ☀️ مع بناتي في aquaparc لعبنا فجميع الألعاب الصيف ممتع في…🇲🇦",,,22,"People & Blogs",Lifestyle_(sociology),PT27M43S,1663,2d,hd,false,ar,ar,https://i.ytimg.com/vi/NaLXpwp-jtY/maxresdefault.jpg,1,,,,,373526,5568,,0,406
77,UCM1DoNEgK4KTERa61tGxB5w,"مول الشفنجة",hjizCgh-FBc,2025-06-19T12:01:12Z,"2025-06-19 12:01:12","يوم مثير في مدينة الجديدة ملوك الوصفات البحرية تجربة الجبانية العجيبة فواكه البحر 🇲🇦!!!#streetfood",,,22,"People & Blogs","Food,Lifestyle_(sociology)",PT26M57S,1617,2d,hd,false,ar,ar,https://i.ytimg.com/vi/hjizCgh-FBc/maxresdefault.jpg,1,,,,,183848,4386,,0,611
78,UCM1DoNEgK4KTERa61tGxB5w,"مول الشفنجة",fUCYfCK6WLM,2025-06-17T12:10:29Z,"2025-06-17 12:10:29","جولة في مدينة الخنيفرة وتجربة مأكولات الشارع الشهيرة 🤯 اغرب الأكلات 🇲🇦 #streetfood",,,22,"People & Blogs","Food,Lifestyle_(sociology)",PT30M36S,1836,2d,hd,false,ar,ar,https://i.ytimg.com/vi/fUCYfCK6WLM/maxresdefault.jpg,1,,,,,337040,6490,,0,427
79,UCM1DoNEgK4KTERa61tGxB5w,"مول الشفنجة",fSg8aQy7FsM,2025-06-14T12:55:43Z,"2025-06-14 12:55:43","أجمل مكان تقدر دوز فيه الصف🤩 عيون أم الربيع الساحرة 🇲🇦 ! مأكولات لذيذة😋","للاعلان : 📧 [ads.medh@gmail.com] 📱 إنستغرام: [https://www.instagram.com/moul_chfenja ] 📱 تيك توك: [https://www.tiktok.com/@moul_sfanja ] 📱 فيسبوك: [https://www.facebook.com/profile.php?id=100089850094978 #streetfood",,22,"People & Blogs","Lifestyle_(sociology),Tourism",PT27M56S,1676,2d,hd,false,ar,ar,https://i.ytimg.com/vi/fSg8aQy7FsM/maxresdefault.jpg,1,,,,,243631,4049,,0,400
80,UCM1DoNEgK4KTERa61tGxB5w,"مول الشفنجة",CffakBYg3lQ,2025-06-10T13:02:19Z,"2025-06-10 13:02:19","الصيف مع عائلتي في مدينة الدار البيضاء وتجربة المأكولات الشعبية 🇲🇦 عمنا في سيدي عبد الرحمان…",,,22,"People & Blogs","Food,Lifestyle_(sociology),Tourism",PT24M43S,1483,2d,hd,false,ar,ar,https://i.ytimg.com/vi/CffakBYg3lQ/maxresdefault.jpg,1,,,,,282039,4965,,0,264
81,UCM1DoNEgK4KTERa61tGxB5w,"مول الشفنجة",p4JtlHXYqqA,2025-06-07T11:30:43Z,"2025-06-07 11:30:43","الصيف في أجمل مكان عائلي وديان سيدي حرازم الخلابة 🇲🇦 هل الكراء غالي🤔مأكولات….",,,22,"People & Blogs","Lifestyle_(sociology),Tourism",PT26M,1560,2d,hd,false,ar,ar,https://i.ytimg.com/vi/p4JtlHXYqqA/maxresdefault.jpg,1,,,,,211937,4034,,0,225
82,UCM1DoNEgK4KTERa61tGxB5w,"مول الشفنجة",oR1OHBoexfo,2025-06-04T14:12:14Z,"2025-06-04 14:12:14","يوم كامل في فاس العريقة زرت المدينة القديمة و معالمها التاريخية 🤯 الحرارة في …. الصيف#streetfood",,,22,"People & Blogs",Lifestyle_(sociology),PT34M31S,2071,2d,hd,false,ar,ar,https://i.ytimg.com/vi/oR1OHBoexfo/maxresdefault.jpg,1,,,,,194503,3852,,0,256
83,UCM1DoNEgK4KTERa61tGxB5w,"مول الشفنجة",Rix0lOxrZyA,2025-06-01T13:06:19Z,"2025-06-01 13:06:19","الصيف في مولاي يعقوب يوم كامل مع مأكولات الشعبية 🇲🇦 هل الكراء رخيص❓…#streetfood يوم ممتع 🤩",,,22,"People & Blogs","Food,Lifestyle_(sociology)",PT27M33S,1653,2d,hd,false,ar,ar,https://i.ytimg.com/vi/Rix0lOxrZyA/maxresdefault.jpg,1,,,,,351489,6570,,0,384
84,UCM1DoNEgK4KTERa61tGxB5w,"مول الشفنجة",AfEPv7FVZfE,2025-05-29T12:48:55Z,"2025-05-29 12:48:55","يوم كامل في مدينة صفرو🇲🇦 وتجربة الفول المنگوب أكلة ناس زمان هل تستحق؟🤔 الصيف #streetfood",,,22,"People & Blogs",Lifestyle_(sociology),PT32M4S,1924,2d,hd,false,ar,ar,https://i.ytimg.com/vi/AfEPv7FVZfE/maxresdefault.jpg,1,,,,,225786,4847,,0,379
85,UCM1DoNEgK4KTERa61tGxB5w,"مول الشفنجة",nyodPppfwaU,2025-05-26T13:01:31Z,"2025-05-26 13:01:31","جولة في مدينة مكناس وحقيقة الأماكن المخيفة 🇲🇦 اجيو تكتاشفو كلشي 🤯 #streetfood",,,22,"People & Blogs",Lifestyle_(sociology),PT38M41S,2321,2d,hd,false,ar,ar,https://i.ytimg.com/vi/nyodPppfwaU/maxresdefault.jpg,1,,,,,415124,8133,,0,677
86,UCM1DoNEgK4KTERa61tGxB5w,"مول الشفنجة",JfDYvW_0k3A,2025-05-23T14:36:14Z,"2025-05-23 14:36:14","تجربة المعقودة المغربية في مدينة سلا 🇲🇦 اجواء الصيف ياسلام🤗!!! #streetfood",,,22,"People & Blogs","Food,Lifestyle_(sociology)",PT28M1S,1681,2d,hd,false,ar,ar,https://i.ytimg.com/vi/JfDYvW_0k3A/maxresdefault.jpg,1,,,,,252917,5388,,0,405
87,UCM1DoNEgK4KTERa61tGxB5w,"مول الشفنجة",bm3MxSLjN_0,2025-05-17T13:14:23Z,"2025-05-17 13:14:23","جولة في منزلي الجديد🏠 وفرحة عائلتي منزل رائع 🤩 اجواء المنزل الجديد 🥳","للاعلان : 📧 [ads.medh@gmail.com] 📱 إنستغرام: [https://www.instagram.com/moul_chfenja ] 📱 تيك توك: [https://www.tiktok.com/@moul_sfanja ] 📱 فيسبوك: [https://www.facebook.com/profile.php?id=100089850094978",,22,"People & Blogs",Lifestyle_(sociology),PT19M44S,1184,2d,hd,false,ar,ar,https://i.ytimg.com/vi/bm3MxSLjN_0/maxresdefault.jpg,1,,,,,241930,6091,,0,756
88,UCM1DoNEgK4KTERa61tGxB5w,"مول الشفنجة",qO5J4h613AY,2025-05-15T13:03:33Z,"2025-05-15 13:03:33","اخيرا بعد المعاناة..إشتريت منزل 🏠 وفرحت عائلتي 🔑 يوم رائع!!!","للتواصل: 📧 [ads.medh@gmail.com] 📱 إنستغرام: [https://www.instagram.com/moul_chfenja ] 📱 تيك توك: [https://www.tiktok.com/@moul_sfanja ] 📱 فيسبوك: [https://www.facebook.com/profile.php?id=100089850094978",,22,"People & Blogs",Lifestyle_(sociology),PT20M12S,1212,2d,hd,false,ar,ar,https://i.ytimg.com/vi/qO5J4h613AY/maxresdefault.jpg,1,,,,,261589,9599,,0,1066
89,UCM1DoNEgK4KTERa61tGxB5w,"مول الشفنجة",QkJbVwDoZ10,2025-05-13T07:12:14Z,"2025-05-13 07:12:14","هدية من Temu الرمز 【dwc3267】🤩","حمّل تطبيق تيمو وابحث عن الرمز 【dwc3267】 في شريط البحث لتحصل على اختياراتي بسعر 0 درهم! *للمستخدمين الجدد للتطبيق فقط. #temu #temuhaul #fyp",,22,"People & Blogs",,PT25S,25,2d,hd,false,ar,ar,https://i.ytimg.com/vi/QkJbVwDoZ10/maxresdefault.jpg,1,,,,,38943,585,,0,42
90,UCM1DoNEgK4KTERa61tGxB5w,"مول الشفنجة",C2_fp3asg0U,2025-05-12T13:04:24Z,"2025-05-12 13:04:24","في البادية اعداد طبق بلحم البقر🥩 في فرن تقليدي مع جو ممطر ⛈ مع هدية Temu...","🔍 للمستخدمين الجدد! قم بتنزيل تطبيق TEMU، والبحث عن الرمز dwa3267 في شريط البحث للحصول على حزمة قسيمة بقيمة 1000 درهم وشراء اختياراتي بخصم 90%، أو باستخدام الرابط: https://app.temu.com/k/eu49jyv5159 https://app.temu.com/k/eluj7cdynbf 🔥 عروض مميزة اواني المطبخ : خلاط كهربائي محمول 15 درهم💰 (السعر الأصلي 156 درهم💰) https://temu.to/k/enl5q76d0qx عصارة حمضيات منزلية 11 درهم💰 (السعر الأصلي 106 درهم💰) https://temu.to/k/ev29qmffn3w خلاط USB للهاتف المحمول 19 درهم💰 (السعر الأصلي 204 درهم💰) https://temu.to/k/ejc7ubn1ct9 طقم أدوات مطبخ سيليكون 23 درهم💰 (السعر الأصلي 244 درهم💰) https://temu.to/k/eepqfhtdcsr مفرمة خضروات 14 في 1 25 درهم💰 (السعر الأصلي 239 درهم💰) https://temu.to/k/e95ykzckl1u أوعية ستانلس ستيل 7 درهم💰 (السعر الأصلي 138 درهم💰) https://temu.to/k/ewd8cbiepxv ششبشب كابيبيرا للأطفال 9 درهم💰 (السعر الأصلي 91 DH💰) https://temu.to/k/ejby3lcv2kv نعال بلوش سانريو 15 DH💰 (السعر الأصلي 154 DH💰) https://temu.to/k/eh6u5nq9gpl شريطة خضروات يدوية 20 درهم💰 (السعر الأصلي 207 درهم💰) https://temu.to/k/eik8dw81h2r بيض 4 قطع 1 درهم💰 (السعر الأصلي 14 درهم قالب💰) https://temu.to/k/epqrzf74s76 مبشرة ليمون 3 درهم💰 (السعر الأصلي 33 درهم💰) https://temu.to/k/ewgezs33qpq مؤقت طبخ البيض 2 درهم💰 (السعر الأصلي 27 DH💰) https://temu.to/k/e4nw3rr6o8k مكنسة كهربائية كهربائية 20 درهم💰 (السعر الأصلي 228 درهم💰) https://temu.to/k/edi0qeq3le7 وعاء عصير ستانلس 28DH💰 (السعر الأصلي 286DH💰) https://temu.to/k/eozyoi8efjd خلاط يدوي 3 درهم💰 (السعر الأصلي 30 درهم💰) https://temu.to/k/e3bwruz5ya8 قطاعة ثوميداي 2 درهم💰 (السعر الأصلي 26 درهم💰) https://temu.to/k/evcfcaez1g9 مزيل قشور السمك 1 درهم💰 (السعر الأصلي 15 درهم💰) https://temu.to/k/e0tn5evwlof مجموعة أواني الطبخ 29 درهم💰 (السعر الأصلي 295 درهم💰) https://temu.to/k/eag4md9zo1x حذاء رياضي للأطفال 18 درهم💰 (السعر الأصلي 184 درهم💰) https://temu.to/k/eqweo29mq5x #Temu #temureview #temufinds #shoptemu",,22,"People & Blogs","Food,Lifestyle_(sociology)",PT30M33S,1833,2d,hd,false,ar,ar,https://i.ytimg.com/vi/C2_fp3asg0U/maxresdefault.jpg,1,,,,,154705,3498,,0,294
91,UCM1DoNEgK4KTERa61tGxB5w,"مول الشفنجة",qYEXsv7YmqM,2025-05-09T12:23:15Z,"2025-05-09 12:23:15","يوم كامل في سيدي رحال ☀️ مع عائلتي اجواء يا سلام😋 الصيف في المغرب 🇲🇦 #streetfood",,,22,"People & Blogs","Food,Lifestyle_(sociology)",PT26M1S,1561,2d,hd,false,ar,ar,https://i.ytimg.com/vi/qYEXsv7YmqM/maxresdefault.jpg,1,,,,,199069,4276,,0,278
92,UCM1DoNEgK4KTERa61tGxB5w,"مول الشفنجة",rzDKgv-zRVs,2025-05-05T12:33:56Z,"2025-05-05 12:33:56","البرية في واد المالح و تحدي صيد السمك و طبخه 🇲🇦 خرجة ممتعة مع فن العيش 😋",,,22,"People & Blogs","Food,Hobby,Lifestyle_(sociology),Pet",PT25M13S,1513,2d,hd,false,ar,ar,https://i.ytimg.com/vi/rzDKgv-zRVs/maxresdefault.jpg,1,,,,,121215,3353,,0,193
93,UCM1DoNEgK4KTERa61tGxB5w,"مول الشفنجة",5UYKuN6MyJE,2025-05-01T14:46:26Z,"2025-05-01 14:46:26","في رحلة مع الريس الجيلالي إلى البرية🇲🇦 وتجربة بولفاف البرغر الديد😋لكن كانت ‏المفاجأة #streetfood",,,22,"People & Blogs","Food,Lifestyle_(sociology)",PT25M5S,1505,2d,hd,false,ar,ar,https://i.ytimg.com/vi/5UYKuN6MyJE/maxresdefault.jpg,1,,,,,166038,4127,,0,236
94,UCM1DoNEgK4KTERa61tGxB5w,"مول الشفنجة",9rdJSEXkw3E,2025-04-27T13:13:12Z,"2025-04-27 13:13:12","يوم كامل في تجربة مأكولات لذيذة في شوارع مدينة برشيد 🇲🇦 الخبزة العجيبة🔥#streetfood",,,22,"People & Blogs","Food,Lifestyle_(sociology)",PT30M4S,1804,2d,hd,false,ar,ar,https://i.ytimg.com/vi/9rdJSEXkw3E/maxresdefault.jpg,1,,,,,224743,4279,,0,277
95,UCM1DoNEgK4KTERa61tGxB5w,"مول الشفنجة",CBxY7MVPtvk,2025-04-24T11:53:29Z,"2025-04-24 11:53:29","جولة في مرسة المهدية وتجربة مأكولات الشارع 🇲🇦 اجواء الصيف في المغرب🔥","للتواصل: 📧 [ads.medh@gmail.com] 📱 إنستغرام: [https://www.instagram.com/moul_chfenja ] 📱 تيك توك: [https://www.tiktok.com/@moul_sfanja ] 📱 فيسبوك: [https://www.facebook.com/profile.php?id=100089850094978",,22,"People & Blogs","Food,Lifestyle_(sociology),Tourism",PT22M45S,1365,2d,hd,false,ar,ar,https://i.ytimg.com/vi/CBxY7MVPtvk/maxresdefault.jpg,1,,,,,139593,3290,,0,411
96,UCM1DoNEgK4KTERa61tGxB5w,"مول الشفنجة",1VXDBif0xcM,2025-04-21T12:30:02Z,"2025-04-21 12:30:02","يوم كامل في غاية 🌲 بوزكورة مع عائلتي وتحضير الفطور أجواء ياسلام 🇲🇦#streetfood","للتواصل: 📧 [ads.medh@gmail.com] 📱 إنستغرام: [https://www.instagram.com/moul_chfenja ] 📱 تيك توك: [https://www.tiktok.com/@moul_sfanja ] 📱 فيسبوك: [https://www.facebook.com/profile.php?id=100089850094978",,22,"People & Blogs","Food,Lifestyle_(sociology)",PT32M46S,1966,2d,hd,false,ar,ar,https://i.ytimg.com/vi/1VXDBif0xcM/maxresdefault.jpg,1,,,,,182483,4153,,0,321
97,UCM1DoNEgK4KTERa61tGxB5w,"مول الشفنجة",dZYc9WRFhjI,2025-04-17T13:00:47Z,"2025-04-17 13:00:47","جولة في سوق اولاد جرار 🇲🇦 ماكولات البلدية😋 أثمنة الحولي أصبحت رخيصة 🔥 … شناقة معصبيين😱","للتواصل: 📧 [ads.medh@gmail.com] 📱 إنستغرام: [https://www.instagram.com/moul_chfenja ] 📱 تيك توك: [https://www.tiktok.com/@moul_sfanja ] 📱 فيسبوك: [https://www.facebook.com/profile.php?id=100089850094978",,22,"People & Blogs",Lifestyle_(sociology),PT22M10S,1330,2d,hd,false,ar,ar,https://i.ytimg.com/vi/dZYc9WRFhjI/maxresdefault.jpg,1,,,,,122716,3168,,0,211
98,UCM1DoNEgK4KTERa61tGxB5w,"مول الشفنجة",BHBpbDyYE9Q,2025-04-13T12:26:00Z,"2025-04-13 12:26:00","جولة في البرنوصي وتجربة افضل أكل الشوارع 🇲🇦 الدار البيضاء عاصمة #streetfood","للتواصل: 📧 [ads.medh@gmail.com] . 📱 إنستغرام: [https://www.instagram.com/moul_chfenja ] 📱 تيك توك: [https://www.tiktok.com/@moul_sfanja ] 📱 فيسبوك: [https://www.facebook.com/profile.php?id=100089850094978]",,22,"People & Blogs","Food,Lifestyle_(sociology)",PT21M,1260,2d,hd,false,ar,ar,https://i.ytimg.com/vi/BHBpbDyYE9Q/maxresdefault.jpg,1,,,,,386508,6332,,0,353
99,UCM1DoNEgK4KTERa61tGxB5w,"مول الشفنجة",cfvVdbstqvk,2025-04-07T12:20:11Z,"2025-04-07 12:20:11","حياة البادية مع مول الشفنجة اجواء يا سلام 🇲🇦 تحضير الشواء العيد الكبير😃….","للتواصل: 📧 [ads.medh@gmail.com] 📱 إنستغرام: [https://www.instagram.com/moul_chfenja ] 📱 تيك توك: [https://www.tiktok.com/@moul_sfanja ] 📱 فيسبوك: [https://www.facebook.com/profile.php?id=100089850094978]",,22,"People & Blogs","Food,Lifestyle_(sociology)",PT26M37S,1597,2d,hd,false,ar,ar,https://i.ytimg.com/vi/cfvVdbstqvk/maxresdefault.jpg,1,,,,,300057,7247,,0,469
100,UCM1DoNEgK4KTERa61tGxB5w,"مول الشفنجة",J7vY5dVbSVA,2025-03-31T17:56:06Z,"2025-03-31 17:56:06","يوم العيد وسط حي شعبي بطعم الطون المغربي عيد مبارك🎉","للتواصل: 📧 [ads.medh@gmail.com] 📱 إنستغرام: [https://www.instagram.com/moul_chfenja ] 📱 تيك توك: [https://www.tiktok.com/@moul_sfanja ] 📱 فيسبوك: [https://www.facebook.com/profile.php?id=100089850094978]","يوم العيد,يوم العيد في المغرب,مول شفنجة",22,"People & Blogs","Food,Lifestyle_(sociology)",PT19M59S,1199,2d,hd,false,ar,ar,https://i.ytimg.com/vi/J7vY5dVbSVA/maxresdefault.jpg,1,,,,,206861,5037,,0,328
101,UCM1DoNEgK4KTERa61tGxB5w,"مول الشفنجة",UCCZPfujDMk,2025-03-28T13:00:45Z,"2025-03-28 13:00:45","اجواء العيد مع عائلتي 🇲🇦 رمضان 🌙 اجمل شهر 😊في الدار البيضاء","للتواصل: 📧 [ads.medh@gmail.com] 📱 إنستغرام: [https://www.instagram.com/moul_chfenja ] 📱 تيك توك: [https://www.tiktok.com/@moul_sfanja ] 📱 فيسبوك: [https://www.facebook.com/profile.php?id=100089850094978]",,22,"People & Blogs","Food,Lifestyle_(sociology)",PT19M18S,1158,2d,hd,false,ar,ar,https://i.ytimg.com/vi/UCCZPfujDMk/maxresdefault.jpg,1,,,,,150130,3950,,0,361
102,UCM1DoNEgK4KTERa61tGxB5w,"مول الشفنجة",pZMka6pO3Co,2025-03-24T14:38:36Z,"2025-03-24 14:38:36","يوم جديد في رمضان 🌙 و بمناسبة العيد فاجأت عائلتي الصغيرة اجواء يا سلام 🇲🇦","للتواصل: 📧 [ads.medh@gmail.com] 📱 إنستغرام: [https://www.instagram.com/moul_chfenja ] 📱 تيك توك: [https://www.tiktok.com/@moul_sfanja ] 📱 فيسبوك: [https://www.facebook.com/profile.php?id=100089850094978]",,22,"People & Blogs","Food,Lifestyle_(sociology)",PT20M15S,1215,2d,hd,false,ar,ar,https://i.ytimg.com/vi/pZMka6pO3Co/maxresdefault.jpg,1,,,,,174645,5124,,0,494
103,UCM1DoNEgK4KTERa61tGxB5w,"مول الشفنجة",ycI70xe7Qys,2025-03-19T13:01:27Z,"2025-03-19 13:01:27","يوم جديد مع فطور رمضان🌙ياسلام و تجربة طبخ 🧑‍🍳 البطبوط المغربي🇲🇦!!!","للتواصل: 📧 [ads.medh@gmail.com] 📱 إنستغرام: [https://www.instagram.com/moul_chfenja ] 📱 تيك توك: [https://www.tiktok.com/@moul_sfanja ] 📱 فيسبوك: [https://www.facebook.com/profile.php?id=100089850094978]",,22,"People & Blogs","Food,Lifestyle_(sociology)",PT22M15S,1335,2d,hd,false,ar,ar,https://i.ytimg.com/vi/ycI70xe7Qys/maxresdefault.jpg,1,,,,,205250,4585,,0,422
104,UCM1DoNEgK4KTERa61tGxB5w,"مول الشفنجة",EPxhtXYhTN8,2025-03-16T13:20:31Z,"2025-03-16 13:20:31","فطور رمضاني و طريقة تحضير اشهر الأكلات 🇲🇦 طبخ الكرعين البغري المغربي ج يا سلام …😋","للتواصل: 📧 [ads.medh@gmail.com] 📱 إنستغرام: [https://www.instagram.com/moul_chfenja ] 📱 تيك توك: [https://www.tiktok.com/@moul_sfanja ] 📱 فيسبوك: [https://www.facebook.com/profile.php?id=100089850094978]",,22,"People & Blogs","Food,Lifestyle_(sociology)",PT19M33S,1173,2d,hd,false,ar,ar,https://i.ytimg.com/vi/EPxhtXYhTN8/maxresdefault.jpg,1,,,,,189139,4915,,0,386
105,UCM1DoNEgK4KTERa61tGxB5w,"مول الشفنجة",N9-0FeH7t6w,2025-03-11T15:49:33Z,"2025-03-11 15:49:33","تجربة اول مرة طنجية الأرنب في رمضان 🌙 اجواء يا سلام في مدينة الدار البيضاء 🇲🇦","للتواصل: 📧 [ads.medh@gmail.com] 📱 إنستغرام: [https://www.instagram.com/moul_chfenja ] 📱 تيك توك: [https://www.tiktok.com/@moul_sfanja ] 📱 فيسبوك: [https://www.facebook.com/profile.php?id=100089850094978]",,22,"People & Blogs","Food,Lifestyle_(sociology),Pet",PT21M55S,1315,2d,hd,false,ar,ar,https://i.ytimg.com/vi/N9-0FeH7t6w/maxresdefault.jpg,1,,,,,154212,4276,,0,339
106,UCM1DoNEgK4KTERa61tGxB5w,"مول الشفنجة",bl78PxeTSrs,2025-03-05T14:39:18Z,"2025-03-05 14:39:18","يوم جديد في رمضان تجربة الفطور بي كراب 🇲🇦 اجواء رمضان في الدار البيضاء 😀🇲🇦","للتواصل: 📧 [ads.medh@gmail.com] 📱 إنستغرام: [https://www.instagram.com/moul_chfenja ] 📱 تيك توك: [https://www.tiktok.com/@moul_sfanja ] 📱 فيسبوك: [https://www.facebook.com/profile.php?id=100089850094978]",,22,"People & Blogs","Food,Lifestyle_(sociology)",PT21M40S,1300,2d,hd,false,ar,ar,https://i.ytimg.com/vi/bl78PxeTSrs/maxresdefault.jpg,1,,,,,218318,5181,,0,336
107,UCM1DoNEgK4KTERa61tGxB5w,"مول الشفنجة",ykyT2pHm-Lk,2025-03-03T13:58:38Z,"2025-03-03 13:58:38","اول يوم في رمضان أجواء يا سلام 🤩 كيف يعيش المغاربة في رمضان 🇲🇦","للتواصل: 📧 [ads.medh@gmail.com] 📱 إنستغرام: [https://www.instagram.com/moul_chfenja ] 📱 تيك توك: [https://www.tiktok.com/@moul_sfanja ] 📱 فيسبوك: [https://www.facebook.com/profile.php?id=100089850094978]",,22,"People & Blogs",Lifestyle_(sociology),PT24M22S,1462,2d,hd,false,ar,ar,https://i.ytimg.com/vi/ykyT2pHm-Lk/maxresdefault.jpg,1,,,,,258799,7229,,0,460
108,UCM1DoNEgK4KTERa61tGxB5w,"مول الشفنجة",GPkwytKh2mc,2025-03-01T13:00:00Z,"2025-03-01 13:00:00","يوم كامل في تحضير وشراء مئونة😀🇲🇦 رمضان اجواء ياسلام في منزلي الجديد … رمضان 2025","للتواصل: 📧 [ads.medh@gmail.com] 📱 إنستغرام: [https://www.instagram.com/moul_chfenja ] 📱 تيك توك: [https://www.tiktok.com/@moul_sfanja ] 📱 فيسبوك: [https://www.facebook.com/profile.php?id=100089850094978]",,22,"People & Blogs",Lifestyle_(sociology),PT29M40S,1780,2d,hd,false,ar,ar,https://i.ytimg.com/vi/GPkwytKh2mc/maxresdefault.jpg,1,,,,,306869,7685,,0,482
109,UCM1DoNEgK4KTERa61tGxB5w,"مول الشفنجة",lAWvZbch1AI,2025-02-23T12:35:05Z,"2025-02-23 12:35:05","رمضان على الابواب ذهبت إلى منزل جديد 🏠 مع عائلتي الصغيرة عجبهم الحال😋","للاعلان تواصل معنا هنا ads.medh@gmail.com #اكسبلور",,22,"People & Blogs",,PT25M10S,1510,2d,hd,false,ar,ar,https://i.ytimg.com/vi/lAWvZbch1AI/maxresdefault.jpg,1,,,,,201104,7332,,0,522
110,UCM1DoNEgK4KTERa61tGxB5w,"مول الشفنجة",Qgf7Q9_bYYI,2025-02-18T12:37:49Z,"2025-02-18 12:37:49","يوم مثير في مدينة الدار البيضاء مع أشهر حلويات 🍨 المغرب المصرية 🇲🇦 هل تستحق التجرب…","للاعلان تواصل معنا هنا ads.medh@gmail.com",,22,"People & Blogs","Food,Lifestyle_(sociology)",PT20M53S,1253,2d,hd,false,ar,ar,https://i.ytimg.com/vi/Qgf7Q9_bYYI/maxresdefault.jpg,1,,,,,416551,9030,,0,477
111,UCM1DoNEgK4KTERa61tGxB5w,"مول الشفنجة",vsmZrtShRHY,2025-02-15T12:06:37Z,"2025-02-15 12:06:37","يوم في الدار البيضاء وتحضير رأس جمل 🐫 اجواء يا سلام مع قصرية الببوش 😁 #streetfood","للاعلان تواصل معنا هنا ads.medh@gmail.com",,22,"People & Blogs","Food,Lifestyle_(sociology)",PT31M44S,1904,2d,hd,false,ar,ar,https://i.ytimg.com/vi/vsmZrtShRHY/maxresdefault.jpg,1,,,,,204462,4295,,0,268
112,UCM1DoNEgK4KTERa61tGxB5w,"مول الشفنجة",bl7ci1ZxO3E,2025-02-10T13:01:42Z,"2025-02-10 13:01:42","يوم مثير 😋 من الشهيوات في منزلي 🏠 مع عائلتي وطبخ الذ الأطباق 😃 من الأفضل هل…",,,22,"People & Blogs","Food,Lifestyle_(sociology)",PT25M58S,1558,2d,hd,false,ar,ar,https://i.ytimg.com/vi/bl7ci1ZxO3E/maxresdefault.jpg,1,,,,,176227,4420,,0,348
113,UCM1DoNEgK4KTERa61tGxB5w,"مول الشفنجة",iEbY0j3wCpg,2025-02-06T14:25:07Z,"2025-02-06 14:25:07","يوم مثير 😱 اشتريت الدجاج البلدي و تجربة الرفيسة المغربية 😋 #foodmaking 🇲🇦",,,22,"People & Blogs","Food,Lifestyle_(sociology)",PT27M29S,1649,2d,hd,false,ar,ar,https://i.ytimg.com/vi/iEbY0j3wCpg/maxresdefault.jpg,1,,,,,211588,5028,,0,437
114,UCM1DoNEgK4KTERa61tGxB5w,"مول الشفنجة",QA-8eetlhEo,2025-02-03T12:51:15Z,"2025-02-03 12:51:15","يوم مثير🤯 في مدينة الدار البيضاء وتجربة أشهّر المأكولات 😁 #streetfood في المغرب 🇲🇦",,"Street food,L3zawi family",22,"People & Blogs","Food,Lifestyle_(sociology)",PT33M,1980,2d,hd,false,ar,ar,https://i.ytimg.com/vi/QA-8eetlhEo/maxresdefault.jpg,1,,,,,316348,5530,,0,339
115,UCM1DoNEgK4KTERa61tGxB5w,"مول الشفنجة",0KYoy772lgo,2025-01-30T13:56:47Z,"2025-01-30 13:56:47","سافرت إلى مدينة وزان وتجربة المأكولات الشعبية 😄 اشتريت لباس مميز في وزان #streetfood 🇲🇦",#streetfood,"العيش الحر,Lhjauj vlog,Vlogs,Reaction Video Maroc",22,"People & Blogs","Lifestyle_(sociology),Tourism",PT43M7S,2587,2d,hd,false,ar,ar,https://i.ytimg.com/vi/0KYoy772lgo/maxresdefault.jpg,1,,,,,304649,5349,,0,444
116,UCM1DoNEgK4KTERa61tGxB5w,"مول الشفنجة",d-sSauz7koA,2025-01-27T12:56:13Z,"2025-01-27 12:56:13","تجربة مأكولات الشعبية🍗 في مدينة الثلج إفران ❄️ يوم كامل يا سلام مع عائلتي الصغيرة 🇲🇦#streetfood",,,22,"People & Blogs","Food,Lifestyle_(sociology)",PT35M30S,2130,2d,hd,false,ar,ar,https://i.ytimg.com/vi/d-sSauz7koA/maxresdefault.jpg,1,,,,,283658,5349,,0,287
117,UCM1DoNEgK4KTERa61tGxB5w,"مول الشفنجة",JIAjJaN3sRw,2025-01-20T13:30:10Z,"2025-01-20 13:30:10","يوم كامل في زاوية سيدي سماعين وتجربة المأكولات الشعببة الذيدة 🤯#streetfood يا سلام 😁…🇲🇦","#streetfood #أكل_الشوارع #food #المغرب #طبخ #تجربة_فريدة #شعبي",,22,"People & Blogs","Food,Lifestyle_(sociology)",PT27M56S,1676,2d,hd,false,ar,ar,https://i.ytimg.com/vi/JIAjJaN3sRw/maxresdefault.jpg,1,,,,,347839,6384,,0,444
118,UCM1DoNEgK4KTERa61tGxB5w,"مول الشفنجة",MWdgm9rCYTk,2025-01-17T13:19:10Z,"2025-01-17 13:19:10","جولة في مدينة الجديدة و تجربة مأكولات الشارع عند اشهر مول الجبانية…😋🇲🇦#streetfood","للاعلان تواصل معنا هنا ads.medh@gmail.com",,22,"People & Blogs","Food,Lifestyle_(sociology)",PT30M37S,1837,2d,hd,false,ar,ar,https://i.ytimg.com/vi/MWdgm9rCYTk/maxresdefault.jpg,1,,,,,175318,4564,,0,322
119,UCM1DoNEgK4KTERa61tGxB5w,"مول الشفنجة",g93o8ddKsAc,2025-01-12T12:16:54Z,"2025-01-12 12:16:54","تحدي الدخول إلى حديقة الحيوانات مع عائلتي !! شفنا اغرب الطيور 🇲🇦…","للاعلان تواصل معنا هنا ads.medh@gmail.com",,22,"People & Blogs","Lifestyle_(sociology),Tourism",PT30M31S,1831,2d,hd,false,ar,ar,https://i.ytimg.com/vi/g93o8ddKsAc/maxresdefault.jpg,1,,,,,177588,2912,,0,203
120,UCM1DoNEgK4KTERa61tGxB5w,"مول الشفنجة",xnUkzW0LDDo,2025-01-09T12:58:36Z,"2025-01-09 12:58:36","جولة مأكولات الشارع في مدينة وجدة #streetfood in Morocco 😍","للاعلان تواصل معنا هنا ads.medh@gmail.com",,22,"People & Blogs","Food,Lifestyle_(sociology),Tourism",PT31M36S,1896,2d,hd,false,ar,ar,https://i.ytimg.com/vi/xnUkzW0LDDo/maxresdefault.jpg,1,,,,,454589,8485,,0,544
121,UCM1DoNEgK4KTERa61tGxB5w,"مول الشفنجة",LiUfSURvifI,2025-01-06T13:37:46Z,"2025-01-06 13:37:46","جولة في أزقة فاس القديمة: اكتشف ألذ أطعمة الشارع المغربية! 🇲🇦🍴","للاعلان تواصل معنا هنا ads.medh@gmail.com","تجربة طعام الشارع,اكتشف فاس القديمة,السفر إلى المغرب,جولة طعام في فاس,الطعام المغربي الأصيل,أكلات الشارع الشعبية,ألذ الأكلات المغربية,السياحة في المغرب,المطبخ المغربي,أزقة فاس,جولة في فاس,أكلات مغربية تقليدية,طعام الشارع في المغرب,أطعمة الشارع المغربية,فاس القديمة",22,"People & Blogs","Food,Lifestyle_(sociology),Tourism",PT35M49S,2149,2d,hd,false,ar,ar,https://i.ytimg.com/vi/LiUfSURvifI/maxresdefault.jpg,1,,,,,222168,4447,,0,312
122,UCM1DoNEgK4KTERa61tGxB5w,"مول الشفنجة",WGj8s60goLs,2025-01-02T13:27:53Z,"2025-01-02 13:27:53","أكل الشوارع في الصويرة 🍖🧆 | جولة لاكتشاف ألذ المأكولات المحلية ✨🤤 تجربة لا تُنسى!","انضموا إلي في جولة ممتعة بمدينة الصويرة 🇲🇦، حيث نكتشف أروع أكلات الشوارع والمأكولات المحلية الشهية 🍖🧆! من الأطباق التقليدية إلى النكهات الفريدة، رحلة تذوق تجمع بين الأصالة والمتعة. ✨ لا تفوّتوا هذه التجربة المميزة! لا تنسوا الإعجاب 👍 والاشتراك 🔔 لدعم المحتوى ومتابعة المزيد من المغامرات! #أكل_الشوارع #الصويرة #المغرب #مأكولات_محلية #جولة_في_الصويرة #طعام_تقليدي #تجربة_فريدة #نكهات_مغربية #مغامرات_الأكل","اكل الشوارع,مدينة,المغرب,مول السفنجة,مول الشفنجة,Street food,Food,جولة",22,"People & Blogs","Food,Lifestyle_(sociology),Tourism",PT24M12S,1452,2d,hd,false,ar,ar,https://i.ytimg.com/vi/WGj8s60goLs/maxresdefault.jpg,1,,,,,205767,5506,,0,334
123,UCM1DoNEgK4KTERa61tGxB5w,"مول الشفنجة",gZO9xUiPzYY,2024-12-31T12:20:28Z,"2024-12-31 12:20:28","جولة :أكل في سوق🥩 حد الدرا جربت مخ راس الجمل 😋🇲🇦مأكولات الشارع في المغرب...",,"ابن حتوتة,قاسم الحتو,سياحة,السائح العربي,world food,travel vlog,bohemian life,korean muslim,korea,morocco,turkey,pakistan",22,"People & Blogs","Food,Lifestyle_(sociology)",PT26M43S,1603,2d,hd,false,ar,ar,https://i.ytimg.com/vi/gZO9xUiPzYY/maxresdefault.jpg,1,,,,,162999,4192,,0,246
124,UCM1DoNEgK4KTERa61tGxB5w,"مول الشفنجة",HmYGg-8-n14,2024-12-28T14:28:33Z,"2024-12-28 14:28:33","جولة في مين افري الجميلة في المغرب وطبخ🫖 طجين يا سلام يوم في مكان جديد🇲🇦",,,22,"People & Blogs","Food,Lifestyle_(sociology)",PT25M58S,1558,2d,hd,false,ar,ar,https://i.ytimg.com/vi/HmYGg-8-n14/maxresdefault.jpg,1,,,,,120702,3473,,0,321
125,UCM1DoNEgK4KTERa61tGxB5w,"مول الشفنجة",5hP82_Nj1vc,2024-12-26T11:38:53Z,"2024-12-26 11:38:53","يوم كامل في سوق الأربعاء سويهلة 😋في مدينة مراكش 🇲🇦 اول مرة... #streetfood",,,22,"People & Blogs","Food,Lifestyle_(sociology)",PT29M38S,1778,2d,hd,false,ar,ar,https://i.ytimg.com/vi/5hP82_Nj1vc/maxresdefault.jpg,1,,,,,279080,6082,,0,314
126,UCM1DoNEgK4KTERa61tGxB5w,"مول الشفنجة",NWQ8892H5GU,2024-12-17T12:00:25Z,"2024-12-17 12:00:25","رحلة مع عائلتي الصغيرة🤗 الى مدينة مراكش 🇲🇦 اجواء يا سلام...",,,22,"People & Blogs",Lifestyle_(sociology),PT29M2S,1742,2d,hd,false,ar,ar,https://i.ytimg.com/vi/NWQ8892H5GU/maxresdefault.jpg,1,,,,,223031,5275,,0,383
127,UCM1DoNEgK4KTERa61tGxB5w,"مول الشفنجة",fO9eVg8kxCA,2024-12-14T12:22:09Z,"2024-12-14 12:22:09","يوم رائع في سوق البادية 🫖 واكل السوق الديد 🦐 احب الاكل السوقي...🇲🇦",,,22,"People & Blogs","Food,Lifestyle_(sociology)",PT25M31S,1531,2d,hd,false,ar,ar,,1,,,,,315221,6164,,0,294
128,UCM1DoNEgK4KTERa61tGxB5w,"مول الشفنجة",tSzvGUDXpnw,2024-12-11T11:36:41Z,"2024-12-11 11:36:41","دهبت الى البادية : القرية المنسيةاجواء الناس المكافحون في اصعب الضروف 🇲🇦 زغم دالك....",,,22,"People & Blogs",Lifestyle_(sociology),PT35M19S,2119,2d,hd,false,ar,ar,https://i.ytimg.com/vi/tSzvGUDXpnw/maxresdefault.jpg,1,,,,,124211,4566,,0,311
129,UCM1DoNEgK4KTERa61tGxB5w,"مول الشفنجة",TzVaQoPqrR8,2024-12-08T11:50:37Z,"2024-12-08 11:50:37","جولة في في المرسة وتجربة مأكولات الشارع بالسمك 🇲🇦 اشتريت سمكة كبيرة 😲....",,,22,"People & Blogs","Food,Lifestyle_(sociology),Pet",PT27M32S,1652,2d,hd,false,ar,ar,,1,,,,,185855,4537,,0,191
130,UCM1DoNEgK4KTERa61tGxB5w,"مول الشفنجة",ezDPmmA3LPQ,2024-12-03T12:01:35Z,"2024-12-03 12:01:35","تجربة مأكولات الشارع في القريعة #streetfood 😋اروع الاطباق ميمكنش...😯","للاعلان تواصل معنا هنا ads.medh@gmail.com",,22,"People & Blogs","Food,Lifestyle_(sociology)",PT31M26S,1886,2d,hd,false,ar,ar,,1,,,,,857805,14369,,0,820
131,UCM1DoNEgK4KTERa61tGxB5w,"مول الشفنجة",30QsCNeHEaI,2024-11-29T14:40:56Z,"2024-11-29 14:40:56","يوم جميل مع عائلتي في مدينة الدار البيضاء اجواء يا سلام 🇲🇦 الحمام ...","للاعلان تواصل معنا هنا ads.medh@gmail.com",,22,"People & Blogs","Food,Lifestyle_(sociology)",PT33M15S,1995,2d,hd,false,ar,ar,https://i.ytimg.com/vi/30QsCNeHEaI/maxresdefault.jpg,1,,,,,272114,6009,,0,450
132,UCM1DoNEgK4KTERa61tGxB5w,"مول الشفنجة",2rQc2-Okw9Q,2024-11-23T14:11:10Z,"2024-11-23 14:11:10","فاجأت عائلتي بمناسبة الدرع الفضي 🥳 الاحتفال 100k شكرا لكم....😁","للاعلان تواصل معنا هنا ads.medh@gmail.com",,22,"People & Blogs","Food,Lifestyle_(sociology)",PT27M35S,1655,2d,hd,false,ar,ar,https://i.ytimg.com/vi/2rQc2-Okw9Q/maxresdefault.jpg,1,,,,,252769,9270,,0,796
133,UCM1DoNEgK4KTERa61tGxB5w,"مول الشفنجة",nf4Y0FI56S8,2024-11-21T12:40:24Z,"2024-11-21 12:40:24","جولة في مدينة الزرقاء شفشاون مع صديقي Lhjaouj أجواء يا سلام....🇲🇦","للاعلان تواصل معنا هنا ads.medh@gmail.com",,22,"People & Blogs","Lifestyle_(sociology),Tourism",PT22M48S,1368,2d,hd,false,ar,ar,,1,,,,,114409,2993,,0,179
134,UCM1DoNEgK4KTERa61tGxB5w,"مول الشفنجة",NyoekVxquFI,2024-11-19T13:02:49Z,"2024-11-19 13:02:49","دهبت الى مدينة طنجة 🇲🇦 جولة يا سلام تجربة لباسها و مأكولاتها....😲","للاعلان تواصل معنا هنا ads.medh@gmail.com",,22,"People & Blogs",Lifestyle_(sociology),PT24M16S,1456,2d,hd,false,ar,ar,https://i.ytimg.com/vi/NyoekVxquFI/maxresdefault.jpg,1,,,,,134892,3796,,0,334
135,UCM1DoNEgK4KTERa61tGxB5w,"مول الشفنجة",VA-onof_K_I,2024-11-16T13:04:51Z,"2024-11-16 13:04:51","يوم في مرسة العرائش مع صديقي Lhjaouj 🇲🇦 وتجربة طبخ الأسماك مأكولات البحر الديدة...😋","للاعلان تواصل معنا هنا ads.medh@gmail.com",,22,"People & Blogs","Food,Lifestyle_(sociology),Pet,Tourism",PT28M53S,1733,2d,hd,false,ar,ar,https://i.ytimg.com/vi/VA-onof_K_I/maxresdefault.jpg,1,,,,,326433,6578,,0,405
136,UCM1DoNEgK4KTERa61tGxB5w,"مول الشفنجة",HMN1hC4sVUE,2024-11-14T13:40:21Z,"2024-11-14 13:40:21","يوم من مأكولات الشارع البحرية في دار بوعزة في المغرب 🇲🇦 #streetfood","للاعلان تواصل معنا هنا ads.medh@gmail.com",,22,"People & Blogs","Food,Lifestyle_(sociology)",PT26M59S,1619,2d,hd,false,ar,ar,https://i.ytimg.com/vi/HMN1hC4sVUE/maxresdefault.jpg,1,,,,,332619,6687,,0,438
137,UCM1DoNEgK4KTERa61tGxB5w,"مول الشفنجة",wDacYa4_jtw,2024-11-13T13:29:23Z,"2024-11-13 13:29:23","يوم جديد مع عائلتي فاجأت 🥳 بنتي متخيلوش الفرحة ديالها...اجواء يا سلام 🤩","للاعلان تواصل معنا هنا ads.medh@gmail.com",,22,"People & Blogs",Lifestyle_(sociology),PT18M37S,1117,2d,hd,false,ar,ar,,1,,,,,119265,3988,,0,277
138,UCM1DoNEgK4KTERa61tGxB5w,"مول الشفنجة",08Tix8MMuuc,2024-11-08T14:01:59Z,"2024-11-08 14:01:59","مفاجأة وصلتني هدية من فرنسا 🇫🇷 الكتير من الهدايا...🥰","للاعلان تواصل معنا هنا ads.medh@gmail.com",,22,"People & Blogs","Food,Lifestyle_(sociology)",PT20M43S,1243,2d,hd,false,ar,ar,,1,,,,,230647,6374,,0,487
139,UCM1DoNEgK4KTERa61tGxB5w,"مول الشفنجة",1ygFl-39hQ8,2024-11-06T12:30:48Z,"2024-11-06 12:30:48","يوم كامل في مدينة فاس جولة في اروع الاماكن 🇲🇦 فاس اجمل...🥰","للاعلان تواصل معنا هنا ads.medh@gmail.com",,22,"People & Blogs",Lifestyle_(sociology),PT36M35S,2195,2d,hd,false,ar,ar,,1,,,,,224160,6632,,0,436
140,UCM1DoNEgK4KTERa61tGxB5w,"مول الشفنجة",G8SVbNaluO4,2024-10-31T13:03:34Z,"2024-10-31 13:03:34","اشتريت زيت الزيتون المغربي 🇲🇦 في مكان طاحونة الزيتون...😁","للاعلان تواصل معنا هنا ads.medh@gmail.com",,22,"People & Blogs",,PT21M38S,1298,2d,hd,false,ar,ar,,1,,,,,398230,9906,,0,682
141,UCM1DoNEgK4KTERa61tGxB5w,"مول الشفنجة",caBBSzFduyY,2024-10-27T13:21:08Z,"2024-10-27 13:21:08","مشينا انا و صديقي Lhjaouj عند اشهر طباخ😋 في مدينة مراكش اجواء يا سلام...🇲🇦","للاعلان تواصل معنا هنا ads.medh@gmail.com",,22,"People & Blogs","Food,Lifestyle_(sociology)",PT26M45S,1605,2d,hd,false,ar,ar,,1,,,,,355291,7757,,0,393
142,UCM1DoNEgK4KTERa61tGxB5w,"مول الشفنجة",rCbuviACy34,2024-10-24T13:27:52Z,"2024-10-24 13:27:52","يوم رائع مع عائلتي الصغيرة 😁 فرحتهم اجواء يا سلام....🇲🇦🥳","للاعلان تواصل معنا هنا ads.medh@gmail.com لعزاوي ,لعزاوي فاميلي ,لعزاوي فاميلي 2024 ,لعزاوي فاميلي 2024 جديد ,لعزاوي فاميلي 1 ,لعزاوي فاميلي 2024 جديد رعب ,لعزاوي فاميلي مقلب ,لعزاوي فاميلي في البحر ,لعزاوي فاميلي يوم ملكي ,لعزاوي يلعب تشارلي ,لعزاوي يوم ملكي ,لعزاوي يلعب جراني ,لعزاوي يونس ,لعزاوي يوم كامل في البحر ,la3zawi ,la3zawi family ,la3zawi family two ,la3zawi family one ,la3zawi family مقالب ,la3zawi family two 2023 ,la3zawi family two مقلب ,la3zawi family يوم ملكي ,la3zawi family one تحديات الطفولة ,","لعزاوي,لعزاوي فاميلي,لعزاوي فاميلي 2024,لعزاوي فاميلي 2024 جديد,لعزاوي فاميلي 1,لعزاوي فاميلي 2024 جديد رعب,لعزاوي فاميلي مقلب,لعزاوي فاميلي في البحر,لعزاوي فاميلي يوم ملكي,لعزاوي يلعب تشارلي,لعزاوي يوم ملكي,لعزاوي يلعب جراني,لعزاوي يونس,لعزاوي يوم كامل في البحر,la3zawi,la3zawi family,la3zawi family two,la3zawi family one,la3zawi family مقالب,la3zawi family two 2023,la3zawi family two مقلب,la3zawi family يوم ملكي,la3zawi family one تحديات الطفولة",22,"People & Blogs","Food,Lifestyle_(sociology)",PT24M42S,1482,2d,hd,false,ar,ar,https://i.ytimg.com/vi/rCbuviACy34/maxresdefault.jpg,1,,,,,306310,8525,,0,513
143,UCM1DoNEgK4KTERa61tGxB5w,"مول الشفنجة",eyMsgPTRG5U,2024-10-21T13:51:00Z,"2024-10-21 13:51:00","جولة في بمدينة حي المحمدي تجربة مأكولات الشوارع 🇲🇦 أجواء رائعة جدا 😋...","للاعلان تواصل معنا هنا ads.medh@gmail.com",,22,"People & Blogs","Food,Lifestyle_(sociology)",PT21M24S,1284,2d,hd,false,ar,ar,https://i.ytimg.com/vi/eyMsgPTRG5U/maxresdefault.jpg,1,,,,,337288,7707,,0,471
144,UCM1DoNEgK4KTERa61tGxB5w,"مول الشفنجة",eP5xtbVXLxE,2024-10-17T12:43:07Z,"2024-10-17 12:43:07","الصحراء المغربية نهاية الرحلة مع صديقي 🇲🇦 اجواء يا سلام Lhjaouj تعلم الحلاقة....","للاعلان تواصل معنا هنا ads.medh@gmail.com",,22,"People & Blogs",Lifestyle_(sociology),PT37M9S,2229,2d,hd,false,ar,ar,,1,,,,,207092,7156,,0,558
145,UCM1DoNEgK4KTERa61tGxB5w,"مول الشفنجة",kBbnHWduC3I,2024-10-13T18:22:44Z,"2024-10-13 18:22:44","جلسة صحراوية في مكان يا سلام الثرات الصحراوي اجواء مع صديقي...🇲🇦 الشواء !!!","للاعلان تواصل معنا هنا ads.medh@gmail.com",,22,"People & Blogs",Lifestyle_(sociology),PT29M48S,1788,2d,hd,false,ar,ar,https://i.ytimg.com/vi/kBbnHWduC3I/maxresdefault.jpg,1,,,,,190380,5916,,0,422
146,UCM1DoNEgK4KTERa61tGxB5w,"مول الشفنجة",2FIzb-bVwuI,2024-10-10T17:35:59Z,"2024-10-10 17:35:59","جولة في بوجدور و مقارنة اثمنة المواد الغذائية مع الدار البيضاء😲 تغديت في مرسة يا سلام🇲🇦...","للاعلان تواصل معنا هنا ads.medh@gmail.com",,22,"People & Blogs",Lifestyle_(sociology),PT28M54S,1734,2d,hd,false,ar,ar,https://i.ytimg.com/vi/2FIzb-bVwuI/maxresdefault.jpg,1,,,,,329563,9624,,0,777
147,UCM1DoNEgK4KTERa61tGxB5w,"مول الشفنجة",20qcP2s_CEE,2024-10-08T13:55:41Z,"2024-10-08 13:55:41","جولة في الصحراء المغربية🇲🇦 في مدينة الداخلة شواء السمك في المرسة اجواء مع صديقي Lhjaouj يا سلام...","للاعلان تواصل معنا هنا ads.medh@gmail.com",,22,"People & Blogs","Hobby,Lifestyle_(sociology),Pet",PT27M31S,1651,2d,hd,false,ar,ar,https://i.ytimg.com/vi/20qcP2s_CEE/maxresdefault.jpg,1,,,,,250739,7013,,0,570
148,UCM1DoNEgK4KTERa61tGxB5w,"مول الشفنجة",r-hMwCd_TgI,2024-10-05T13:22:00Z,"2024-10-05 13:22:00","اول تجربة سافرت في الطائرة ✈ اكبر مخاوفي جولة في مدينة جديدة مع صديقي....😁 اجواء يا سلام!",,,22,"People & Blogs",Lifestyle_(sociology),PT25M39S,1539,2d,hd,false,ar,ar,https://i.ytimg.com/vi/r-hMwCd_TgI/maxresdefault.jpg,1,,,,,301329,8771,,0,589
149,UCM1DoNEgK4KTERa61tGxB5w,"مول الشفنجة",OhuDusqW5k4,2024-10-04T18:43:08Z,"2024-10-04 18:43:08","سافرت ✈",,,22,"People & Blogs",,PT12S,12,2d,hd,false,ar,ar,https://i.ytimg.com/vi/OhuDusqW5k4/maxresdefault.jpg,1,,,,,81587,1929,,0,96
150,UCM1DoNEgK4KTERa61tGxB5w,"مول الشفنجة",pdnLLYx1ndY,2024-10-03T13:10:46Z,"2024-10-03 13:10:46","يوم جديد لبنتي🥳 دخلتها المدرسة اجواء الدراسة فكرتني في ايام زمان😄...",,,22,"People & Blogs",Lifestyle_(sociology),PT21M42S,1302,2d,hd,false,ar,ar,https://i.ytimg.com/vi/pdnLLYx1ndY/maxresdefault.jpg,1,,,,,191160,5585,,0,381
151,UCM1DoNEgK4KTERa61tGxB5w,"مول الشفنجة",fqXCNfbu6Hk,2024-10-01T13:37:01Z,"2024-10-01 13:37:01","اخيرا اصلحت دراجة احلامي 😄 لكن المعيشة ولات غالية مقارنة بفرنسا 🇲🇦🇨🇵...😡",,,22,"People & Blogs",Lifestyle_(sociology),PT20M59S,1259,2d,hd,false,ar,ar,https://i.ytimg.com/vi/fqXCNfbu6Hk/maxresdefault.jpg,1,,,,,188441,7405,,0,574
152,UCM1DoNEgK4KTERa61tGxB5w,"مول الشفنجة",fuHSHvXtGmQ,2024-09-28T13:55:28Z,"2024-09-28 13:55:28","يوم رائع مع عائلتي 👨‍👩‍👦 الصغيرة تقديت مئونة الشهر وطبخ دجاجة بطريقتي الخاصة...😃",,,22,"People & Blogs","Food,Lifestyle_(sociology)",PT25M2S,1502,2d,hd,false,ar,ar,,1,,,,,417650,11432,,0,656
153,UCM1DoNEgK4KTERa61tGxB5w,"مول الشفنجة",IpQWa3-pA4w,2024-09-22T14:22:20Z,"2024-09-22 14:22:20","اشتريت تلاجة و تلفازة تجهيز منزلي واخيرا الاميرات ايتفرجو فمول الشفنجة🥰...",,,22,"People & Blogs",Lifestyle_(sociology),PT21M9S,1269,2d,hd,false,ar,ar,https://i.ytimg.com/vi/IpQWa3-pA4w/maxresdefault.jpg,1,,,,,294951,11712,,0,826
154,UCM1DoNEgK4KTERa61tGxB5w,"مول الشفنجة",zDUAuvSdi7c,2024-09-19T14:43:49Z,"2024-09-19 14:43:49","جولة في سوق و شراء اواني المطبخ و طبخ الحريرة 😃 منزلي اصبح جديد...",,,22,"People & Blogs","Food,Lifestyle_(sociology)",PT26M6S,1566,2d,hd,false,ar,ar,https://i.ytimg.com/vi/zDUAuvSdi7c/maxresdefault.jpg,1,,,,,228851,7556,,0,560
155,UCM1DoNEgK4KTERa61tGxB5w,"مول الشفنجة",yD-fNZTtldo,2024-09-16T14:15:30Z,"2024-09-16 14:15:30","بعد معانات انتهيت و فرشت داري🏠 عائلتي فرحانة الحمدلله ...",,,22,"People & Blogs",Lifestyle_(sociology),PT32M49S,1969,2d,hd,false,ar,ar,https://i.ytimg.com/vi/yD-fNZTtldo/maxresdefault.jpg,1,,,,,376885,11502,,0,835
156,UCM1DoNEgK4KTERa61tGxB5w,"مول الشفنجة",Glw9CtCQuWc,2024-09-10T14:40:58Z,"2024-09-10 14:40:58","يوم شاق واخيرا انتهيت من العمل في المنزل 🏠 اجواء مع صديقي بقات ليا ...",,,22,"People & Blogs",Lifestyle_(sociology),PT27M11S,1631,2d,hd,false,ar,ar,https://i.ytimg.com/vi/Glw9CtCQuWc/maxresdefault.jpg,1,,,,,197423,9002,,0,494
157,UCM1DoNEgK4KTERa61tGxB5w,"مول الشفنجة",OO64_ubgR_I,2024-09-06T12:14:57Z,"2024-09-06 12:14:57","يوم كامل في المنزل واخيرا اصلحت المطبخ وطبخت افضل شهيوة لبناتي 😊...",,,22,"People & Blogs","Food,Lifestyle_(sociology)",PT18M55S,1135,2d,hd,false,ar,ar,,1,,,,,159461,8136,,0,550
158,UCM1DoNEgK4KTERa61tGxB5w,"مول الشفنجة",WUhkSj_XH8o,2024-09-02T12:02:41Z,"2024-09-02 12:02:41","من الكراء الى إصلاح منزلي يوم متعب مع عائلتي 🏠الحل؟؟؟",,,22,"People & Blogs","Food,Lifestyle_(sociology)",PT26M18S,1578,2d,hd,false,ar,ar,,1,,,,,186404,5647,,0,426
159,UCM1DoNEgK4KTERa61tGxB5w,"مول الشفنجة",8PUmvw9x-TY,2024-08-28T11:55:56Z,"2024-08-28 11:55:56","البحت عن شقة للكراء 🏠 عيت وانا كنقلب يوم شاق من أجل عائلتي...😩","رحبًا بكم في قناتي! 🌟 أنا صانع محتوى مغربي 🇲🇦 أحب استكشاف المدن المغربية النابضة بالحياة ومشاركة مغامراتي العائلية 👨‍👩‍👧‍👦. انضموا إليّ في رحلتي حيث ألتقط جمال وثقافة وتجارب الحياة المغربية الفريدة 🌍. تابعوني على إنستغرام: [https://instagram.com/moul.chfnja] 📸 أعجبوا بصفحتي على فيسبوك: [https://web.facebook.com/profile.php?id=100089850094978] 👍 ادعموني على باي بال: [Your PayPal Link] 💰 تفاصيل البنك: [230780523409321102060047] 🏦",,22,"People & Blogs",Lifestyle_(sociology),PT21M42S,1302,2d,hd,false,ar,ar,,1,,,,,121855,5346,,0,690
160,UCM1DoNEgK4KTERa61tGxB5w,"مول الشفنجة",31ZoszUoaX4,2024-08-22T12:13:27Z,"2024-08-22 12:13:27","مشيت البحر مع بناتي وكلينا أشهر اكلة😋 مغربية يوم كامل في البحر 🇲🇦...","مرحبًا بكم في قناتي! 🌟 أنا صانع محتوى مغربي 🇲🇦 أحب استكشاف المدن المغربية النابضة بالحياة ومشاركة مغامراتي العائلية 👨‍👩‍👧‍👦. انضموا إليّ في رحلتي حيث ألتقط جمال وثقافة وتجارب الحياة المغربية الفريدة 🌍. تابعوني على إنستغرام: [https://instagram.com/moul.chfnja] 📸 أعجبوا بصفحتي على فيسبوك: [https://web.facebook.com/profile.php?id=100089850094978] 👍 ادعموني على باي بال: [Your PayPal Link] 💰 تفاصيل البنك: [230780523409321102060047] 🏦 CIH BAK ترقبوا مدونات سفر مثيرة ✈️، ولحظات عائلية 🥰، ونظرة على أسلوب الحياة المغربي 🕌. اشتركوا وكونوا جزءًا من مغامراتي! 🎥",,22,"People & Blogs",Lifestyle_(sociology),PT27M15S,1635,2d,hd,false,ar,ar,https://i.ytimg.com/vi/31ZoszUoaX4/maxresdefault.jpg,1,,,,,276047,7324,,0,392
161,UCM1DoNEgK4KTERa61tGxB5w,"مول الشفنجة",RIIOOZ7MIGk,2024-08-19T16:59:57Z,"2024-08-19 16:59:57","جولة في سوق شعبي حد سوالم 🇲🇦 وتجربة مأكولات السوق مع عائلتي 😋",,,22,"People & Blogs","Food,Lifestyle_(sociology)",PT19M59S,1199,2d,hd,false,ar,ar,https://i.ytimg.com/vi/RIIOOZ7MIGk/maxresdefault.jpg,1,,,,,139717,3707,,0,292
162,UCM1DoNEgK4KTERa61tGxB5w,"مول الشفنجة",Mb9CJxAf9GA,2024-08-17T14:30:41Z,"2024-08-17 14:30:41","يوم رائع مع صديقي Lhjaouj في تجربة كأكولات الشارع في المدينة القديمة🇲🇦الدار البيضاء 🥣",,,22,"People & Blogs","Food,Lifestyle_(sociology)",PT25M45S,1545,2d,hd,false,ar,ar,https://i.ytimg.com/vi/Mb9CJxAf9GA/maxresdefault.jpg,1,,,,,495130,8911,,0,388
163,UCM1DoNEgK4KTERa61tGxB5w,"مول الشفنجة",f8mnXmwvTEo,2024-08-14T11:25:22Z,"2024-08-14 11:25:22","جولة مع عائلتي في أكبر سوق في اغادير سوق الاحد🍽 اخر يوم في اغادير.!!!🇲🇦",,,22,"People & Blogs","Food,Lifestyle_(sociology)",PT25M36S,1536,2d,hd,false,ar,ar,https://i.ytimg.com/vi/f8mnXmwvTEo/maxresdefault.jpg,1,,,,,217942,4038,,0,494
164,UCM1DoNEgK4KTERa61tGxB5w,"مول الشفنجة",_pNiH2Dupt4,2024-08-12T12:31:50Z,"2024-08-12 12:31:50","تجربة مأكولات الشارع في مدينة اغادير من الافضل 😀 مع عائلتي #streetfood",,,22,"People & Blogs","Food,Lifestyle_(sociology)",PT21M49S,1309,2d,hd,false,ar,ar,https://i.ytimg.com/vi/_pNiH2Dupt4/maxresdefault.jpg,1,,,,,449557,6716,,0,386
165,UCM1DoNEgK4KTERa61tGxB5w,"مول الشفنجة",mOMvwD05XhY,2024-08-10T12:10:57Z,"2024-08-10 12:10:57","تجربة السقوط المرعبة:🤯 مغامرتي في القفز بالمِظَلَّة اول تجربة في حياتي!!!😱","مرحبًا بكم في قناتي! 🌟 أنا صانع محتوى مغربي 🇲🇦 أحب استكشاف المدن المغربية النابضة بالحياة ومشاركة مغامراتي العائلية 👨‍👩‍👧‍👦. انضموا إليّ في رحلتي حيث ألتقط جمال وثقافة وتجارب الحياة المغربية الفريدة 🌍. تابعوني على إنستغرام: [https://instagram.com/moul.chfnja] 📸 أعجبوا بصفحتي على فيسبوك: [https://web.facebook.com/profile.php?id=100089850094978] 👍 ادعموني على باي بال: [Your PayPal Link] 💰 تفاصيل البنك: [230780523409321102060047] 🏦 CIH BAK ترقبوا مدونات سفر مثيرة ✈️، ولحظات عائلية 🥰، ونظرة على أسلوب الحياة المغربي 🕌. اشتركوا وكونوا جزءًا من مغامراتي! 🎥","شارع العلوم,تجارب علمية,تجارب علمية بسيطة وممتعة,تجارب علمية للاطفال,كيمياء,علوم غریبه,ظواهر مدهشة,ظواهر غامضة,تجارب منزلية,تجارب منزلية سهلة,تجارب منزلية بسيطة,العاب سحرية,ألغاز,غموض,مركبات كيميائية,عناصر خطيرة,سحر,سحرتنى ولا سحرتني,امتحانات,غرائب,عجائب,حقائق,قصص,علوم,وزارة,مصر,الجيش المصري,تحديات,الدحيح,تجارب اسراء,عمر يجرب,تجارب مبهرة,تجارب خطيرة,الطيران,الرياض,السعودية,العراق,الاردن,how,how to,ابو الرب,ابو فله,ويجز,redbull,شارع العلوم سبيستون",22,"People & Blogs","Hobby,Lifestyle_(sociology),Tourism",PT24M12S,1452,2d,hd,false,ar,ar,https://i.ytimg.com/vi/mOMvwD05XhY/maxresdefault.jpg,1,,,,,96425,2834,,0,243
166,UCM1DoNEgK4KTERa61tGxB5w,"مول الشفنجة",JIcZoumJ26E,2024-08-08T13:07:00Z,"2024-08-08 13:07:00","الصيف و السعادة 😃 دهبت مع عائلتي😍 الى مسبح فيه متحف دوزنا يوم كامل في انحاء ا...🇲🇦","مرحبًا بكم في قناتي! 🌟 أنا صانع محتوى مغربي 🇲🇦 أحب استكشاف المدن المغربية النابضة بالحياة ومشاركة مغامراتي العائلية 👨‍👩‍👧‍👦. انضموا إليّ في رحلتي حيث ألتقط جمال وثقافة وتجارب الحياة المغربية الفريدة 🌍. تابعوني على إنستغرام: [https://instagram.com/moul.chfnja] 📸 أعجبوا بصفحتي على فيسبوك: [https://web.facebook.com/profile.php?id=100089850094978] 👍 ادعموني على باي بال: [Your PayPal Link] 💰 تفاصيل البنك: [230780523409321102060047] 🏦 CIH BAK ترقبوا مدونات سفر مثيرة ✈️، ولحظات عائلية 🥰، ونظرة على أسلوب الحياة المغربي 🕌. اشتركوا وكونوا جزءًا من مغامراتي! 🎥","سباحة,تعليم السباحة,السباحة,سباحة الصدر,سباحة الظهر,القفز في الماء,يوسف الأشهب,حمزة الأشهب,تعلم السباحة,تعليم السباحة خطوة بخطوة,التنفس في السباحة,كبفية التنفس أثناء السباحة,الوقوف في الماء لفترات طويلة,swim,swimming,stay in water,how to swim,Makkah,نادي تمارين القوة,نادي السباحة,كيف أسبح,كيف اعلم أولادي السباحة,كيتف أتعلم السباحة,الطريقة الصحيحة للسباحة,أنواع السباحة,فوائد السباحة,ممارسة السباحة,كيف تسبح,كيف تسبح بطريقة صحيحة.,السباحة الحرة",22,"People & Blogs","Lifestyle_(sociology),Tourism",PT28M39S,1719,2d,hd,false,ar,ar,https://i.ytimg.com/vi/JIcZoumJ26E/maxresdefault.jpg,1,,,,,115764,2820,,0,282
167,UCM1DoNEgK4KTERa61tGxB5w,"مول الشفنجة",feM7on98TBY,2024-08-06T13:04:43Z,"2024-08-06 13:04:43","جولة في مدينة اغادير 😍 وتجربة أكل الكبد عند اشهر🤯الصيف في المغرب 🇲🇦",,"تجربة أكل الكبد عند اشهر,أكل الكبدة في المنام,اكل صحي لمرضى الكبد,الاكل الصحي لمرضى الكبد,تجربة اكل المطاعم,أطعمة تنظف الكبد من السموم,تجربة اكل مراكش,غذاء الكبد,غذاء الكبد الصحي,غذاء الكبد المفضل,هل الكبد من اللحوم الحمراء,اكل اللحم كل يوم,اكل كبدة,اكل كبدة الدجاج للحامل,اكل كبدة دجاج,اكل كبده,الاكل الصحي لمرضى الكبد الدهني,تجربة اكل المغربي,تجربة اكل جزائري,تجربة اكل وجبة واحدة في اليوم,تجربة الاكل الامريكي,سعودي يجرب اكل جزائري,شواء كبد الخروف",22,"People & Blogs",Lifestyle_(sociology),PT26M54S,1614,2d,hd,false,ar,ar,https://i.ytimg.com/vi/feM7on98TBY/maxresdefault.jpg,1,,,,,259309,4715,,0,312
168,UCM1DoNEgK4KTERa61tGxB5w,"مول الشفنجة",S3uav4nbH64,2024-08-04T12:17:00Z,"2024-08-04 12:17:00","اجمل يوم في حياتي مع بناتي في مدينة أغادير يوم ملكي 🤗 ركبنا في...🤯 الصيف في المغرب🇲🇦",,,22,"People & Blogs","Lifestyle_(sociology),Tourism",PT31M39S,1899,2d,hd,false,ar,ar,https://i.ytimg.com/vi/S3uav4nbH64/maxresdefault.jpg,1,,,,,335630,6947,,0,883
169,UCM1DoNEgK4KTERa61tGxB5w,"مول الشفنجة",e-inMSW0oOE,2024-08-02T14:09:04Z,"2024-08-02 14:09:04","الصيف في مدينة آسفي الجميلة مع عائلتي 🇲🇦 جولة في اجمل مكان 🥳 السعادة....",,,22,"People & Blogs",Lifestyle_(sociology),PT33M10S,1990,2d,hd,false,ar,ar,https://i.ytimg.com/vi/e-inMSW0oOE/maxresdefault.jpg,1,,,,,293093,4922,,0,385
170,UCM1DoNEgK4KTERa61tGxB5w,"مول الشفنجة",x7CFuRyI_jU,2024-07-30T12:11:25Z,"2024-07-30 12:11:25","كاستياخو المغرب جولة مع عائلتي 🇲🇦 الصيف في الشمال 🤗",,,22,"People & Blogs",Lifestyle_(sociology),PT25M50S,1550,2d,hd,false,ar,ar,https://i.ytimg.com/vi/x7CFuRyI_jU/maxresdefault.jpg,1,,,,,278591,5231,,0,417
171,UCM1DoNEgK4KTERa61tGxB5w,"مول الشفنجة",1fQIWAvMwhc,2024-07-28T10:17:19Z,"2024-07-28 10:17:19","الرحلة مستمرة الى تطوان مع عائلتي اجواء الصيف في المغرب 🇲🇦 مارتييييل🤩",,,22,"People & Blogs","Lifestyle_(sociology),Tourism",PT24M16S,1456,2d,hd,false,ar,ar,https://i.ytimg.com/vi/1fQIWAvMwhc/maxresdefault.jpg,1,,,,,369693,6336,,0,434
172,UCM1DoNEgK4KTERa61tGxB5w,"مول الشفنجة",2etPtkVvRzs,2024-07-25T14:15:08Z,"2024-07-25 14:15:08","مدينة جديدة جولة في عروسة الشمال طنجة يا سلام مع عائلتي المغرب 🇲🇦",,,22,"People & Blogs","Lifestyle_(sociology),Tourism",PT31M18S,1878,2d,hd,false,ar,ar,https://i.ytimg.com/vi/2etPtkVvRzs/maxresdefault.jpg,1,,,,,347604,6186,,0,497
173,UCM1DoNEgK4KTERa61tGxB5w,"مول الشفنجة",O4Xixch0ryQ,2024-07-23T11:17:53Z,"2024-07-23 11:17:53","يوم كامل في مولاي بوسلهام بالمغرب 🇲🇦 مكان عائلي و اجواء ياسلام مع عائلتي 😊😁….",,,22,"People & Blogs","Lifestyle_(sociology),Tourism",PT29M20S,1760,2d,hd,false,ar,ar,https://i.ytimg.com/vi/O4Xixch0ryQ/maxresdefault.jpg,1,,,,,296285,5900,,0,474
174,UCM1DoNEgK4KTERa61tGxB5w,"مول الشفنجة",fmB68Ajx_Lk,2024-07-18T12:40:22Z,"2024-07-18 12:40:22","يوم كامل في مدينة الوالدية الصيف 🤩 مع عائلتي الصغيرة 🇲🇦",,,22,"People & Blogs","Lifestyle_(sociology),Tourism",PT26M49S,1609,2d,hd,false,ar,ar,https://i.ytimg.com/vi/fmB68Ajx_Lk/maxresdefault.jpg,1,,,,,393849,8420,,0,587
175,UCM1DoNEgK4KTERa61tGxB5w,"مول الشفنجة",M_9M_Fy8lCc,2024-07-16T12:45:40Z,"2024-07-16 12:45:40","يوم كامل في البادية 🏕️ اجواء افتقدها الزمن شياضمة المخفية 😄🇲🇦",,,22,"People & Blogs",Lifestyle_(sociology),PT26M33S,1593,2d,hd,false,ar,ar,https://i.ytimg.com/vi/M_9M_Fy8lCc/maxresdefault.jpg,1,,,,,614283,8094,,0,467
176,UCM1DoNEgK4KTERa61tGxB5w,"مول الشفنجة",g2gtsCKGRfM,2024-07-15T12:10:02Z,"2024-07-15 12:10:02","يوم كامل في مدينة الصويرة وتجربة اكل السمك يا سلام 🤩 الصيف مع عائلتي 🇲🇦",,,22,"People & Blogs","Food,Lifestyle_(sociology),Pet,Tourism",PT24M22S,1462,2d,hd,false,ar,ar,https://i.ytimg.com/vi/g2gtsCKGRfM/maxresdefault.jpg,1,,,,,343601,6659,,0,427
177,UCM1DoNEgK4KTERa61tGxB5w,"مول الشفنجة",ZQqOJcAlkq4,2024-07-13T12:24:59Z,"2024-07-13 12:24:59","جولة في مراكش مع مأكولات الشآرع السريعة 😋 هادشي لديد #streetfood",,,22,"People & Blogs","Food,Lifestyle_(sociology),Tourism",PT24M8S,1448,2d,hd,false,ar,ar,https://i.ytimg.com/vi/ZQqOJcAlkq4/maxresdefault.jpg,1,,,,,470794,7657,,0,495
178,UCM1DoNEgK4KTERa61tGxB5w,"مول الشفنجة",jLyWS8g0Xrg,2024-07-12T12:54:29Z,"2024-07-12 12:54:29","يوم جديد في مكان اجمل جبال المغرب لكن 😳 تفاجئنا اصبح المياه…",,,22,"People & Blogs","Lifestyle_(sociology),Tourism",PT17M17S,1037,2d,hd,false,ar,ar,https://i.ytimg.com/vi/jLyWS8g0Xrg/maxresdefault.jpg,1,,,,,155040,4519,,0,330
179,UCM1DoNEgK4KTERa61tGxB5w,"مول الشفنجة",bpu_nM7rvB0,2024-07-11T13:38:33Z,"2024-07-11 13:38:33","اجمل مكان في الصيف يوم ممتع مع عائلتي 😄 ولكن الكراء مرتفع🚨",,,22,"People & Blogs","Lifestyle_(sociology),Tourism",PT23M7S,1387,2d,hd,false,ar,ar,https://i.ytimg.com/vi/bpu_nM7rvB0/maxresdefault.jpg,1,,,,,277794,6004,,0,509
180,UCM1DoNEgK4KTERa61tGxB5w,"مول الشفنجة",aHlyYW74elM,2024-07-10T12:42:29Z,"2024-07-10 12:42:29","اليوم الثالت من الرحلة في اعماق جبال المغرب 🇲🇦 السباحة في اجم مكان🤩",,,22,"People & Blogs","Hobby,Lifestyle_(sociology),Tourism",PT30M13S,1813,2d,hd,false,ar,ar,https://i.ytimg.com/vi/aHlyYW74elM/maxresdefault.jpg,1,,,,,403346,6537,,0,618
181,UCM1DoNEgK4KTERa61tGxB5w,"مول الشفنجة",0Mf5I7_L8I0,2024-07-09T12:30:35Z,"2024-07-09 12:30:35","يوم جديد من الرحلة تجربة الطين الغريب 😱 المغرب المنسي 🇲🇦",,,22,"People & Blogs","Lifestyle_(sociology),Tourism",PT26M33S,1593,2d,hd,false,ar,ar,https://i.ytimg.com/vi/0Mf5I7_L8I0/maxresdefault.jpg,1,,,,,302124,5420,,0,449
182,UCM1DoNEgK4KTERa61tGxB5w,"مول الشفنجة",lp_7z_mEozU,2024-07-08T13:06:10Z,"2024-07-08 13:06:10","اليوم الاول من الرحلة جولة في الطبيعة الخلابة في مناطق مخفية في المغرب 🇲🇦",,,22,"People & Blogs","Lifestyle_(sociology),Tourism",PT24M3S,1443,2d,hd,false,ar,ar,https://i.ytimg.com/vi/lp_7z_mEozU/maxresdefault.jpg,1,,,,,376073,6349,,0,413
183,UCM1DoNEgK4KTERa61tGxB5w,"مول الشفنجة",vstxx3cixmE,2024-07-07T13:03:59Z,"2024-07-07 13:03:59","رحلة من الدار البيضاء 🇲🇦 إلى شلالات اوزود مع عائلتي اجواء صيفية يا سلام!!!😍",,,22,"People & Blogs","Lifestyle_(sociology),Tourism",PT28M13S,1693,2d,hd,false,ar,ar,https://i.ytimg.com/vi/vstxx3cixmE/maxresdefault.jpg,1,,,,,322674,6603,,0,537
184,UCM1DoNEgK4KTERa61tGxB5w,"مول الشفنجة",BUcg-0M_I18,2024-06-30T12:23:14Z,"2024-06-30 12:23:14","يوم كامل في تجربة مأكولات الشارع في الدار البيضاء 🇲🇦 اجواء يا سلام 🤩 #streetfood",,,22,"People & Blogs","Food,Lifestyle_(sociology)",PT25M36S,1536,2d,hd,false,ar,ar,https://i.ytimg.com/vi/BUcg-0M_I18/maxresdefault.jpg,1,,,,,612998,11457,,0,415
185,UCM1DoNEgK4KTERa61tGxB5w,"مول الشفنجة",c83JM4ffzNw,2024-06-24T11:22:03Z,"2024-06-24 11:22:03","يوم كامل في البحر طبخ الطنجية بلحم الغنمي اجواء يا سلام مع بناتي 😋 يوم ملكي 🇲🇦",,,22,"People & Blogs","Food,Lifestyle_(sociology)",PT22M41S,1361,2d,hd,false,ar,ar,https://i.ytimg.com/vi/c83JM4ffzNw/maxresdefault.jpg,1,,,,,251523,5932,,0,
186,UCM1DoNEgK4KTERa61tGxB5w,"مول الشفنجة",xvEmFc0Vzw0,2024-06-18T18:18:23Z,"2024-06-18 18:18:23","يوم الثاني من عيد الأضحى 🐑 أجواء شعبية رائعة مع أميرات 👸 مول الشفنجة 🥰",,,22,"People & Blogs","Food,Lifestyle_(sociology)",PT25M35S,1535,2d,hd,false,ar,ar,https://i.ytimg.com/vi/xvEmFc0Vzw0/maxresdefault.jpg,1,,,,,290786,6240,,0,364
187,UCM1DoNEgK4KTERa61tGxB5w,"مول الشفنجة",lr-T8ITFczI,2024-06-17T19:52:13Z,"2024-06-17 19:52:13","أحسن عيد الاضحى🐏 مع بناتي 😍اجواء ياسلام يوم رائع😍",,,22,"People & Blogs",Lifestyle_(sociology),PT26M36S,1596,2d,hd,false,ar,ar,https://i.ytimg.com/vi/lr-T8ITFczI/maxresdefault.jpg,1,,,,,204472,7441,,0,322
188,UCM1DoNEgK4KTERa61tGxB5w,"مول الشفنجة",cebnlUYkiKg,2024-06-15T11:30:44Z,"2024-06-15 11:30:44","و اخيرا اشتريت الحولي بعد معانات في سوق الرحبة 🚨 عيد الاضحى 🇲🇦",,,22,"People & Blogs",,PT32M29S,1949,2d,hd,false,ar,ar,https://i.ytimg.com/vi/cebnlUYkiKg/maxresdefault.jpg,1,,,,,705400,14673,,0,573
189,UCM1DoNEgK4KTERa61tGxB5w,"مول الشفنجة",HVQUrleUtao,2024-06-14T15:11:43Z,"2024-06-14 15:11:43","ناس شرات ؟ واش راضين بالثمن اثمنة الحولي 🚨 لا حول ولا قوة إلا بالله 🤯",,,22,"People & Blogs",,PT18M46S,1126,2d,hd,false,ar,ar,https://i.ytimg.com/vi/HVQUrleUtao/maxresdefault.jpg,1,,,,,57244,1752,,0,130
190,UCM1DoNEgK4KTERa61tGxB5w,"مول الشفنجة",gJ8Yz8mER78,2024-06-13T13:55:36Z,"2024-06-13 13:55:36","الثمن اصبح مرتفع 🚨 تعصبت حملة انخفاض الاسعار في المغرب 🇲🇦⁉️",,,22,"People & Blogs",Society,PT23M42S,1422,2d,hd,false,ar,ar,https://i.ytimg.com/vi/gJ8Yz8mER78/maxresdefault.jpg,1,,,,,119504,3210,,0,241
191,UCM1DoNEgK4KTERa61tGxB5w,"مول الشفنجة",Mg1s6nEkHuk,2024-06-12T13:53:04Z,"2024-06-12 13:53:04","مشيت نشري حولي 🐏 انصدمت من الثمن 🚨 شكون ايعيد الدرويش ام الغني💰",,,22,"People & Blogs",,PT32M38S,1958,2d,hd,false,ar,ar,https://i.ytimg.com/vi/Mg1s6nEkHuk/maxresdefault.jpg,1,,,,,139702,3768,,0,317
192,UCM1DoNEgK4KTERa61tGxB5w,"مول الشفنجة",x8LYPwKsTnE,2024-06-11T11:52:40Z,"2024-06-11 11:52:40","يوم كامل في الرحبة الدار البيضاء مع اجود الحولي السردي 🐏 الاثمنة طاحت⁉️🚨",,,22,"People & Blogs",,PT32M6S,1926,2d,hd,false,ar,ar,https://i.ytimg.com/vi/x8LYPwKsTnE/maxresdefault.jpg,1,,,,,108137,2508,,0,132
193,UCM1DoNEgK4KTERa61tGxB5w,"مول الشفنجة",jPpohP-nMbw,2024-06-10T10:40:54Z,"2024-06-10 10:40:54","يوم كامل في مجازات الدار البيضاء مع اثمنة الحولي 💰 هل نفس ثمن الرحبة⁉️ الحولي السردي 🇲🇦",,,22,"People & Blogs",,PT26M4S,1564,2d,hd,false,ar,ar,https://i.ytimg.com/vi/jPpohP-nMbw/maxresdefault.jpg,1,,,,,74994,2180,,0,175
194,UCM1DoNEgK4KTERa61tGxB5w,"مول الشفنجة",ciwSz6OYTeQ,2024-06-09T12:34:09Z,"2024-06-09 12:34:09","جبنا الحولي مليح لمجازة اثمنة الحولي المغربي 🇲🇦 الاصيل لا لإسبانيا ك 🇪🇸",,,22,"People & Blogs",Lifestyle_(sociology),PT40M28S,2428,2d,hd,false,ar,ar,https://i.ytimg.com/vi/ciwSz6OYTeQ/maxresdefault.jpg,1,,,,,104604,2741,,0,280
195,UCM1DoNEgK4KTERa61tGxB5w,"مول الشفنجة",aSjpE34xauY,2024-06-07T12:12:51Z,"2024-06-07 12:12:51","قصرية كوسكوس مغربي مع أتمتة الحولي 🐏 في المغرب 🇲🇦 ضرويش معيدش⁉️🚨",,,22,"People & Blogs",Lifestyle_(sociology),PT24M8S,1448,2d,hd,false,ar,ar,https://i.ytimg.com/vi/aSjpE34xauY/maxresdefault.jpg,1,,,,,119779,3143,,0,134
196,UCM1DoNEgK4KTERa61tGxB5w,"مول الشفنجة",zfS_OoXZgBQ,2024-06-05T12:09:31Z,"2024-06-05 12:09:31","اثمنة الحولي في الأحياء الشعبية في المغرب 🇲🇦 كيلو ب 70 درهم🤑",,,22,"People & Blogs",,PT31M49S,1909,2d,hd,false,ar,ar,https://i.ytimg.com/vi/zfS_OoXZgBQ/maxresdefault.jpg,1,,,,,128090,3100,,0,189
197,UCM1DoNEgK4KTERa61tGxB5w,"مول الشفنجة",whKFONshh1I,2024-06-03T12:00:13Z,"2024-06-03 12:00:13","رحلة إلى ضيعة الحولي 🐏 اجواء عيد الأضحى 😄 التقيت مع ⁉️",,,22,"People & Blogs",Lifestyle_(sociology),PT39M5S,2345,2d,hd,false,ar,ar,https://i.ytimg.com/vi/whKFONshh1I/maxresdefault.jpg,1,,,,,116170,2607,,0,217
198,UCM1DoNEgK4KTERa61tGxB5w,"مول الشفنجة",T_HAt1j_5Lo,2024-05-30T12:48:30Z,"2024-05-30 12:48:30","يوم كامل انا وصديقي lhjaouj وتجربة مأكولات الشارع لحم الجمل🤩!!!",,,22,"People & Blogs","Food,Lifestyle_(sociology)",PT33M29S,2009,2d,hd,false,ar,ar,https://i.ytimg.com/vi/T_HAt1j_5Lo/maxresdefault.jpg,1,,,,,509027,8917,,0,402
199,UCM1DoNEgK4KTERa61tGxB5w,"مول الشفنجة",h3U3vWopmDk,2024-05-27T12:40:42Z,"2024-05-27 12:40:42","في مدينة جديدة تجربة مأكولات الشوارع الغريبة 🤯 تجربة الاكل المصري❗️❗️❗️ #streetfood","⭐️ شكرًا جزيلاً على مشاهدتكم ❤️ لا تنسوا تفعيل زر التنبيهات (🔔) لتصلكم أحدث الفيديوهات فور نزولها! تقدم لكم قناة (Moul Chfnja) تجارب ترفيهية مميزة ومغامرات شيقة في أحضان الطبيعة. ننقلكم في رحلة عبر العالم، لنروي لكم قصصًا ملهمة ونقدّم شخصيات رائعة تجذب اهتمامكم. انضموا إلينا لتكتشفوا عالماً مليئاً بالمغامرات والإثارة! جربنا أكلات الشوارع الغريبة ,استفرغنا بسبب حمل رفل ,حمل رفل ,mohanad ,mohanad rafal family ,mohanad rafal shorts ,mohanad rasool ,rafal ,rafal alneamy ,اقوى مقلب بمهند ,رفل النعيمي ,عائلة مهند و رفل ,عائلة مهند ورفل ,مهند رفل ,مهند رفل mohanad rafal family ,مهند رفل فاميلي ,مهند رفل مقالب ,مهند ورفل ,مهند ورفل تحديات ,مهند ورفل فاميلي ,مهند ورفل مقالب ,أكلات الشوارع الغريبة ,اكلات الشوارع ,اكلات الشوارع في العراق ,اكلات الشوارع حول العالم ,اغرب اكلات شوارع ,joe hattab ,جو حطاب ,داكا ,أكل ,اكل الشوارع ,اكثر دول ملوثة ,اكثر دول مزدحمة ,ازدحاما ,تلوثاً ,مندي ,برياني ,الهند ,هندي ,بنغلاديش ,street food ,Bangladesh ,Dhaka ,most ,Most Densely Populated City ,","جربنا أكلات الشوارع الغريبة,استفرغنا بسبب حمل رفل,حمل رفل,mohanad,mohanad rafal family,mohanad rafal shorts,mohanad rasool,rafal,rafal alneamy,اقوى مقلب بمهند,رفل النعيمي,عائلة مهند و رفل,عائلة مهند ورفل,مهند رفل,مهند رفل mohanad rafal family,مهند رفل فاميلي,مهند رفل مقالب,مهند ورفل,مهند ورفل تحديات,مهند ورفل فاميلي,مهند ورفل مقالب,أكلات الشوارع الغريبة,اكلات الشوارع في العراق,اكلات الشوارع حول العالم,اغرب اكلات شوارع,joe hattab,جو حطاب",22,"People & Blogs","Food,Lifestyle_(sociology)",PT26M49S,1609,2d,hd,false,ar,ar,https://i.ytimg.com/vi/h3U3vWopmDk/maxresdefault.jpg,1,,,,,253754,5151,,0,305
200,UCM1DoNEgK4KTERa61tGxB5w,"مول الشفنجة",COzLvncdQyg,2024-05-25T14:37:28Z,"2024-05-25 14:37:28","زيارة سوق سبت اولاد نما أثمنة حوالي عيد الأضحى 🐑 الاثمنة كتخلع ‼️ بتاريخ 25/05/2024",,,22,"People & Blogs",,PT36M10S,2170,2d,hd,false,ar,ar,https://i.ytimg.com/vi/COzLvncdQyg/maxresdefault.jpg,1,,,,,69880,1677,,0,142
201,UCM1DoNEgK4KTERa61tGxB5w,"مول الشفنجة",NQzt_xQBWDM,2024-05-24T10:24:02Z,"2024-05-24 10:24:02","السوق المخفي 🤯يوم كامل في سوق إقليم بني ملال اثمنة الحولي في المغرب 🇲🇦…",,"حولي صردي فقيه بن صالح,سوق الفقيه بن صالح,سوق فقيه بن صالح,اثمنة حولي عيد الاضحى,اثمنة سوق الفقيه بن صالح,أثمنة الحولي عيد الاضحى,عيد الاضحى,ثمن حولي عيد الأضحى,سوق فقيه بن صالح اليوم,اليوم من سوق فقيه بن صالح,لاربعة الفقيه بن صالح,تمن الحولي عيد الاضحى,حولي,حولي صردي الفقيه بن صالح,حولي لاربعة الفقيه بن صالح,اثمنة عيد الاضحى,سوق الفقيه بن صالح 2023,سوق الاربعاء الفقيه بن صالح,سوق لاربعة فقيه بن صالح,حولي العيد,العيد الاضحى 2024,اثمنة الحولي",22,"People & Blogs",,PT34M29S,2069,2d,hd,false,ar,ar,https://i.ytimg.com/vi/NQzt_xQBWDM/maxresdefault.jpg,1,,,,,69330,1812,,0,121
202,UCM1DoNEgK4KTERa61tGxB5w,"مول الشفنجة",yn-9wp2N5n8,2024-05-19T14:23:36Z,"2024-05-19 14:23:36","يوم جديد في المغرب 🇲🇦 سوق حد حرارة ثمن الحولي عيد الأضحى 🐑🤯 19 mai 2024",,,22,"People & Blogs",Lifestyle_(sociology),PT44M43S,2683,2d,hd,false,ar,ar,https://i.ytimg.com/vi/yn-9wp2N5n8/maxresdefault.jpg,1,,,,,97402,1955,,0,128
203,UCM1DoNEgK4KTERa61tGxB5w,"مول الشفنجة",Efu9mF7reVM,2024-05-18T16:11:55Z,"2024-05-18 16:11:55","يوم في سوق سبت جزولة بمدينة اسفي اثمنة الحولي عيد الاضحى🐑 في المغرب 🇲🇦",,,22,"People & Blogs",Lifestyle_(sociology),PT34M35S,2075,2d,hd,false,ar,ar,https://i.ytimg.com/vi/Efu9mF7reVM/maxresdefault.jpg,1,,,,,98478,2159,,0,140
204,UCM1DoNEgK4KTERa61tGxB5w,"مول الشفنجة",pbdf5wPAncg,2024-05-17T12:28:24Z,"2024-05-17 12:28:24","سوق جمعة سحيم اثمنة الحولي 🐑اجواء عيد الاضحى في المغرب 🇲🇦 17 mai 2024",,,22,"People & Blogs",Lifestyle_(sociology),PT32M55S,1975,2d,hd,false,ar,ar,https://i.ytimg.com/vi/pbdf5wPAncg/maxresdefault.jpg,1,,,,,84380,2234,,0,158
205,UCM1DoNEgK4KTERa61tGxB5w,"مول الشفنجة",uqahgqPnS6U,2024-05-16T12:09:01Z,"2024-05-16 12:09:01","اليوم من سوق خميس بجعد اثمنة حولي عيد الأضحى عمق المغرب🇲🇦 🐑 بتاريخ 05/05/2024",,,22,"People & Blogs",,PT34M9S,2049,2d,hd,false,ar,ar,https://i.ytimg.com/vi/uqahgqPnS6U/maxresdefault.jpg,1,,,,,63156,1658,,0,130
206,UCM1DoNEgK4KTERa61tGxB5w,"مول الشفنجة",_YnVWq8MnEg,2024-05-15T14:52:33Z,"2024-05-15 14:52:33","اليوم من سوق أربعاء لقفاف 🇲🇦مع أثمنة حولي عيد الأضحى 🐑 الغنم البرجية بتاريخ 15/05/2024",,,22,"People & Blogs",,PT47M51S,2871,2d,hd,false,ar,ar,https://i.ytimg.com/vi/_YnVWq8MnEg/maxresdefault.jpg,1,,,,,182820,3481,,0,212
207,UCM1DoNEgK4KTERa61tGxB5w,"مول الشفنجة",n-LTrjvoPVU,2024-05-13T13:03:21Z,"2024-05-13 13:03:21","السوق الدي يبحت عنه الجميع آثمنة الحولي رخيصة 🇲🇦حد العونات 🐑 السوق المخفي🤯",,,22,"People & Blogs",Lifestyle_(sociology),PT43M16S,2596,2d,hd,false,ar,ar,https://i.ytimg.com/vi/n-LTrjvoPVU/maxresdefault.jpg,1,,,,,135855,3333,,0,246
208,UCM1DoNEgK4KTERa61tGxB5w,"مول الشفنجة",DGaCkz6S_IA,2024-05-11T12:41:32Z,"2024-05-11 12:41:32","جولة في مراكش🇲🇦 و تجربة أكل الشوارع كليت الخروف الملكي مشيت عند اف…🤯",,,22,"People & Blogs","Lifestyle_(sociology),Tourism",PT21M9S,1269,2d,hd,false,ar,ar,https://i.ytimg.com/vi/DGaCkz6S_IA/maxresdefault.jpg,1,,,,,291849,5792,,0,279
209,UCM1DoNEgK4KTERa61tGxB5w,"مول الشفنجة",3mq1c2imXGo,2024-05-08T11:47:58Z,"2024-05-08 11:47:58","يوم كامل في سوق تلات سيدي بنور في 🇲🇦 المغرب 🐏 مع آثمنة عيد الأضحى 💰 بتاريخ8 mai 2024",,,22,"People & Blogs",Lifestyle_(sociology),PT40M41S,2441,2d,hd,false,ar,ar,https://i.ytimg.com/vi/3mq1c2imXGo/maxresdefault.jpg,1,,,,,248636,4877,,0,234
210,UCM1DoNEgK4KTERa61tGxB5w,"مول الشفنجة",rilfopjcV_Q,2024-05-05T13:03:51Z,"2024-05-05 13:03:51","جولة في المغرب مأكولات الشارع منوعات الاكل في الاحياء الشعبية #streetfood 🤯",,,22,"People & Blogs","Food,Lifestyle_(sociology)",PT25M6S,1506,2d,hd,false,ar,ar,https://i.ytimg.com/vi/rilfopjcV_Q/maxresdefault.jpg,1,,,,,352171,7373,,0,405
211,UCM1DoNEgK4KTERa61tGxB5w,"مول الشفنجة",6KGFU5jDfBw,2024-05-03T13:31:34Z,"2024-05-03 13:31:34","جولة في سوق مديونة الشعبي اجواء عيد الاضحى مأكولات الاسواق 🇲🇦 ثمن الحولي؟😳 3 mai 2024",,,22,"People & Blogs",Lifestyle_(sociology),PT32M48S,1968,2d,hd,false,ar,ar,https://i.ytimg.com/vi/6KGFU5jDfBw/maxresdefault.jpg,1,,,,,109521,3280,,0,222
212,UCM1DoNEgK4KTERa61tGxB5w,"مول الشفنجة",V5RPBSPy3js,2024-05-01T13:30:55Z,"2024-05-01 13:30:55","جولة في سوق شعبي للاسماك في المغرب 🇲🇦 مأكولات الشارع #streetfood",,,22,"People & Blogs","Lifestyle_(sociology),Pet",PT25M41S,1541,2d,hd,false,ar,ar,https://i.ytimg.com/vi/V5RPBSPy3js/maxresdefault.jpg,1,,,,,102732,3281,,0,168
213,UCM1DoNEgK4KTERa61tGxB5w,"مول الشفنجة",9ED-ZQn0uxE,2024-04-28T12:22:48Z,"2024-04-28 12:22:48","جولة عند افضل مول شواية في المغرب 🇲🇦 مأكولات الشارع #streetfood",,,22,"People & Blogs","Food,Lifestyle_(sociology)",PT20M38S,1238,2d,hd,false,ar,ar,https://i.ytimg.com/vi/9ED-ZQn0uxE/maxresdefault.jpg,1,,,,,739762,13505,,0,513
214,UCM1DoNEgK4KTERa61tGxB5w,"مول الشفنجة",bEKcsD6JCf0,2024-04-25T12:04:43Z,"2024-04-25 12:04:43","جولة في اكبر سوق شعبي 🥩 مأكولات الشارع في المغرب 🇲🇦 ارخص و الد شواية 😋street food",,,22,"People & Blogs","Food,Lifestyle_(sociology)",PT30M29S,1829,2d,hd,false,ar,ar,https://i.ytimg.com/vi/bEKcsD6JCf0/maxresdefault.jpg,1,,,,,248191,5972,,0,341
215,UCM1DoNEgK4KTERa61tGxB5w,"مول الشفنجة",RTurnzt7jSI,2024-04-21T15:43:35Z,"2024-04-21 15:43:35","واخيرا اشتريت دراجة احلامي 🤩؟؟؟",,,22,"People & Blogs","Lifestyle_(sociology),Vehicle",PT23M31S,1411,2d,hd,false,ar,ar,https://i.ytimg.com/vi/RTurnzt7jSI/maxresdefault.jpg,1,,,,,541347,13101,,0,622
216,UCM1DoNEgK4KTERa61tGxB5w,"مول الشفنجة",N5HjzvVfKz4,2024-04-19T17:29:44Z,"2024-04-19 17:29:44","بمناسبة 40 آلف فاجئت هدا الانسان…🥳",,,22,"People & Blogs",,PT13M44S,824,2d,hd,false,ar,ar,https://i.ytimg.com/vi/N5HjzvVfKz4/maxresdefault.jpg,1,,,,,53677,3078,,0,246
217,UCM1DoNEgK4KTERa61tGxB5w,"مول الشفنجة",Fmy987hFR0s,2024-04-17T15:33:57Z,"2024-04-17 15:33:57","😱تجربة الشواء الملكي للخروف - مأكولات مغربية 🤯 لحظات لا تُنسى...",,"محمد الهادي,الهادي,بن هادي,اكون احسن مني,اللي مشفتوش في مصر,سفر,لحمة,خروف,المغرب,عشا,غدا,الأردن,وصفات,طبخ,أكل,زاكي,#foodstagram,#foodlover,#burgerporn,#delivery,#fastfood,#fries,#delicious,#cheeseburger,#foodblogger,#burgertime,#burgerlover,#restaurant,#bbq,#lunch,#chicken,#foodies,#youtubers,#gaming,#twitch,#video,#memes,#hiphop,#subscribe,#viral,#gamer,#rap,#facebook,#explore,#art,#soundcloud,#artist,#newmusi",22,"People & Blogs","Food,Lifestyle_(sociology)",PT29M2S,1742,2d,hd,false,ar,ar,https://i.ytimg.com/vi/Fmy987hFR0s/maxresdefault.jpg,1,,,,,124332,3626,,0,234
218,UCM1DoNEgK4KTERa61tGxB5w,"مول الشفنجة",hrYECaMc0mE,2024-04-14T12:42:29Z,"2024-04-14 12:42:29","مول الشفنجة مشيت عند افضل مول مقالي في المغرب 🇲🇦 تجربة اكل الشوارع المغربية🤯",,,22,"People & Blogs","Food,Lifestyle_(sociology)",PT23M35S,1415,2d,hd,false,ar,ar,https://i.ytimg.com/vi/hrYECaMc0mE/maxresdefault.jpg,1,,,,,477645,8647,,0,395
219,UCM1DoNEgK4KTERa61tGxB5w,"مول الشفنجة",4rvrOouzdTs,2024-04-08T14:29:49Z,"2024-04-08 14:29:49","زيارة سوق شعبي 🇲🇦 حد سوالم أجي تشوف اثمنة لحولي عيد الاضحى 2024‼️",,"موعد عيد الاضحى 2023,كباش العيد 2023,عيد الاضحى 2023,حولي العيد,تاريخ عيد الاضحى 2023,ثمن الحولي,ثمن الحولي في المغرب,أسعار كباش عيد الأضحى,عيد الأضحى 2023,عيد الاضحى,ثمن حولي العيد,eid ul adha 2023,اثمنة حولي العيد,2023 eid ul adha date,سوق المواشي,سوق السبت,سوق الغنم,أسعار أضاحي العيد,اضاحي,سوق بلقاس,سوق كفر الشيخ,سوق سيدي سالم,اكبر خروف بسوق السبت,وقا,الحياة,الشروق,الأوضاع فى الجزائر,وثائقي,المغرب,جولة",22,"People & Blogs",,PT34M3S,2043,2d,hd,false,ar,ar,https://i.ytimg.com/vi/4rvrOouzdTs/maxresdefault.jpg,1,,,,,74877,1603,,0,103
220,UCM1DoNEgK4KTERa61tGxB5w,"مول الشفنجة",U8-vgM-G3bY,2024-04-04T17:46:38Z,"2024-04-04 17:46:38","يوم كامل في البرية مأكلولات في الطبيعة طبخ طبق لديد اجواء السعادة!!!😁",,,22,"People & Blogs","Food,Lifestyle_(sociology)",PT24M51S,1491,2d,hd,false,ar,ar,https://i.ytimg.com/vi/U8-vgM-G3bY/maxresdefault.jpg,1,,,,,75409,3084,,0,224
221,UCM1DoNEgK4KTERa61tGxB5w,"مول الشفنجة",LAtPeNqWvE4,2024-03-29T16:52:28Z,"2024-03-29 16:52:28","جولة في سوق شعبي وتمن العيد الكبير أجواء الحولي لمغربي الاصيل...🤯🤯",,"سوق حولي عيد الاضحى,عيد الاضحى 2023,أثمنة حولي عيد الأضحى,عيد الأضحى 2023,ثمن حولي عيد الأضحى,سوق الثلاثاء اليوم,سوق الثلاثاء فيني,سوق الثلاثاء أزرو,سوق الثلاثاء لولاد فيني,اثمنة حولي عيد الاضحى,سوق الثلاث لولاد,سوق الثلاء لولاد,سوق الحولي,إلغاء عيد الأضحى,سوق الثلاث فيني,أثمنة حولي عيد الاضحى,سوق ثلاثاء لولاد,عيد الأضحى,اثمنة حولي عيد الأضحى,عيد الأضحى ٢٠٢٣,عيد الأضحى ١٤٤٤,عيد الأضحى المبارك 2023,سوق الحولي اليوم,أسعار كباش عيد الأضحى,موعد عيد ا",22,"People & Blogs",,PT33M41S,2021,2d,hd,false,ar,ar,https://i.ytimg.com/vi/LAtPeNqWvE4/maxresdefault.jpg,1,,,,,102729,2147,,0,184
222,UCM1DoNEgK4KTERa61tGxB5w,"مول الشفنجة",CfqS29Llj3E,2024-03-26T16:25:17Z,"2024-03-26 16:25:17","مول اسفنجة فاجأت بناتي بهدية أعجبتهم يوم كامل السعادة مع عائلتي...🥳🥳",,,22,"People & Blogs",Lifestyle_(sociology),PT26M51S,1611,2d,hd,false,ar,ar,https://i.ytimg.com/vi/CfqS29Llj3E/maxresdefault.jpg,1,,,,,207789,3692,,0,257
223,UCM1DoNEgK4KTERa61tGxB5w,"مول الشفنجة",xcrhjc2Nc4k,2024-03-22T15:19:45Z,"2024-03-22 15:19:45","يوم رمضاني جديد وطبخ الطبق المغربي الديد في البرية أكبر كرعينــ...🤯",,"الغد,alghad,الاخبار,مصر,القاهرة,الامارات,لندن,المملكة,المتحدة,لبنان,بيروت,تركيا,فلسطين,سوريا,العراق,روسيا,طريقة تحضير ساندويش في البرية,#الطبخ في البرية,طبخ في البرية,حياة البرية,تحدي تحضير كسكس في البرية,الحياة في البرية,البقاء في البرية,الحياة البرية,مغامرات في البرية,تحضير البيتزا في البرية,تحضير أتاي في البرية,تحدي البقاء في البرية 24 ساعة,تحضير بيتزا في البرية,تحضير وجبة إفطار,تحضير كسكس في الغابة,طريقه تحضير بيتزا في البرية,إشعال النار في البرية",22,"People & Blogs","Food,Lifestyle_(sociology)",PT14M39S,879,2d,hd,false,ar,ar,https://i.ytimg.com/vi/xcrhjc2Nc4k/maxresdefault.jpg,1,,,,,50362,2147,,0,195
224,UCM1DoNEgK4KTERa61tGxB5w,"مول الشفنجة",F9yKubxVDQQ,2024-03-18T17:10:52Z,"2024-03-18 17:10:52","يوم كامل في مكان رائع فطور رمضان ملكي طبخ اطباق يا سلام...😲",,,22,"People & Blogs","Food,Lifestyle_(sociology)",PT19M27S,1167,2d,hd,false,ar,ar,https://i.ytimg.com/vi/F9yKubxVDQQ/maxresdefault.jpg,1,,,,,107448,3193,,0,201
225,UCM1DoNEgK4KTERa61tGxB5w,"مول الشفنجة",ZN7LJq6sZY4,2024-03-16T14:55:01Z,"2024-03-16 14:55:01","يوم كامل في البرية طبخ طنجية رمضانية فطور يا سلام..😲",,"تحديات,تحديات مقالب,تحديات غيث,اقوي تحديات,تحديات كرة قدم,تحديات فورتنايت,تحديات الاسبوع فورتنايت,تحديات فورت نايت الاسبوع,تحدي,تحدي اكل,تحدي الاكل,تحدي الأكل,تحدي المحشي,تحدي الأيدي,تحدي الفلوس,تحدي لا تختار,تحدي الألوان,تحدي الأعلام,تحدي النودلز,تحدي السيارة,تحدي البلونج,اقوي تحدي,اقوى تحدي,طنجية,طنجية في الكوكوط,طنجية مراكشية,الطنجية,الطنجية المراكشية,طنجية طنجرة الضغط,طنجية بالدجاج,الطنجية المراكشية في الكوكوت,شميشة طنجية بالديك الرومي",22,"People & Blogs","Food,Lifestyle_(sociology)",PT23M14S,1394,2d,hd,false,ar,ar,https://i.ytimg.com/vi/ZN7LJq6sZY4/maxresdefault.jpg,1,,,,,54125,2785,,0,230
226,UCM1DoNEgK4KTERa61tGxB5w,"مول الشفنجة",ZcG5jjqP_KM,2024-03-12T14:17:37Z,"2024-03-12 14:17:37","مول الشفنجة فاجأت امي بهدية رمضان اجواء سعادة...😃",,,22,"People & Blogs",,PT17M36S,1056,2d,hd,false,ar,ar,https://i.ytimg.com/vi/ZcG5jjqP_KM/maxresdefault.jpg,1,,,,,88039,2973,,0,177
227,UCM1DoNEgK4KTERa61tGxB5w,"مول الشفنجة",HCQAyzCTJic,2024-03-04T13:00:00Z,"2024-03-04 13:00:00","وثائقي : مول الشفنجة كفاح البحارة في مرسة الصخيرات في المغرب اجواء رمضان...😮‍💨",,"انقلاب الصخيرات,تاريخ,المغرب,الحسن الثاني,الملك,اعبابو,عقا حروش,المدبوح,محمد,شاهد,على,العصر,الحلقة,الخامسة,عبدالهادي,أبوطالب,al jazeera,aljazeera,أحمد منصور,الجزيرة,شاهد على العصر,شاهد على العصر الجزيرة,بوطالب,عبد الهادي بوطالب,محمد أوفقير,عبدالهادي ابو طالب,أوفقير والحسن الثاني,احمد منصور الجزيرة,محمد الخامس,انقلاب الصخيرات ضد الملك الحسن الثاني عام 1971,إنقلاب الصخيرات 1971,اعبابو انقلاب الصخيرات,انقلاب الصخيرات الحسن الثاني,انقلاب الصخيرات وثائقي",22,"People & Blogs","Lifestyle_(sociology),Pet",PT36M34S,2194,2d,hd,false,ar,ar,https://i.ytimg.com/vi/HCQAyzCTJic/maxresdefault.jpg,1,,,,,131987,3149,,0,210
228,UCM1DoNEgK4KTERa61tGxB5w,"مول الشفنجة",6gOURQ1K0I8,2024-03-01T17:30:20Z,"2024-03-01 17:30:20","مول الشفنجة يوم كامل في مرسة اجواء رمضان اكل السمك انا وصديقي lhjaouje السعادة",,,22,"People & Blogs","Food,Lifestyle_(sociology),Pet",PT44M24S,2664,2d,hd,false,ar,ar,https://i.ytimg.com/vi/6gOURQ1K0I8/maxresdefault.jpg,1,,,,,323183,4368,,0,339
229,UCM1DoNEgK4KTERa61tGxB5w,"مول الشفنجة",Ie73nrk7vx0,2024-02-27T13:11:40Z,"2024-02-27 13:11:40","مول الشفنجة يوم كامل في مرسة الصويرية 🦈 انا وصديقي lhjaouj وطبخ السمك السعادة...😲",,"سوق شعبي في باريس,سوق شعبي,سوق شعبي في ايطاليا,أغرب مشهد في سوق شعبي,جولة في سوق شعبي,سوق شعبي في ليون,فلوق في سوق شعبي,سوق شعبي في فرنسا,سوق شعبي في اسطنبول,اغرب سوق شعبي,سوق شعبي في المغرب,زيارة سوق شعبي,اسواق شعبية في تركيا,اغرب سوق شعبي تشوفه,اغرب سوق شعبي راح تشوفه,ازحم سوق شعبي,الخروف الملكي,الخروف المشوي الملكي في المغرب,الخروف المشوي الملكي في مراكش,الخروف الملكي المشوي في مراكش,الخروف المشوي الملكي في مراكش..,السوق الشعبي,أرخص سوق شعبي",22,"People & Blogs","Food,Lifestyle_(sociology)",PT36M26S,2186,2d,hd,false,ar,ar,https://i.ytimg.com/vi/Ie73nrk7vx0/maxresdefault.jpg,1,,,,,253106,4570,,0,285
230,UCM1DoNEgK4KTERa61tGxB5w,"مول الشفنجة",1xvD-0aOqtI,2024-02-25T12:18:52Z,"2024-02-25 12:18:52","مول الشفنجة يوم كامل في مرسة أسفي 🦈 انا وصديقي lhjaouj وطبخ السمك السعادة...😲",,"سوق شعبي في باريس,سوق شعبي,سوق شعبي في ايطاليا,أغرب مشهد في سوق شعبي,جولة في سوق شعبي,سوق شعبي في ليون,فلوق في سوق شعبي,سوق شعبي في فرنسا,سوق شعبي في اسطنبول,اغرب سوق شعبي,سوق شعبي في المغرب,زيارة سوق شعبي,اسواق شعبية في تركيا,اغرب سوق شعبي تشوفه,اغرب سوق شعبي راح تشوفه,ازحم سوق شعبي,الخروف الملكي,الخروف المشوي الملكي في المغرب,الخروف المشوي الملكي في مراكش,الخروف الملكي المشوي في مراكش,الخروف المشوي الملكي في مراكش..,السوق الشعبي,أرخص سوق شعبي",22,"People & Blogs","Lifestyle_(sociology),Tourism",PT42M3S,2523,2d,hd,false,ar,ar,https://i.ytimg.com/vi/1xvD-0aOqtI/maxresdefault.jpg,1,,,,,257216,3992,,0,264
231,UCM1DoNEgK4KTERa61tGxB5w,"مول الشفنجة",MZAuzUt0vtA,2024-02-18T12:40:03Z,"2024-02-18 12:40:03","مول الشفنجة : يوم كامل في مرسة المحمدية و تجربة صبخ السمك يا سلام 😲...",,,22,"People & Blogs","Food,Lifestyle_(sociology),Pet",PT39M17S,2357,2d,hd,false,ar,ar,https://i.ytimg.com/vi/MZAuzUt0vtA/maxresdefault.jpg,1,,,,,212161,3755,,0,399
232,UCM1DoNEgK4KTERa61tGxB5w,"مول الشفنجة",THEh-eqocwg,2024-02-15T13:00:11Z,"2024-02-15 13:00:11","مول الشفنجة و البحت عن الدهب 🪙 المفقود في البحار يوم كامل في البحر و طبخ...",,,22,"People & Blogs","Hobby,Lifestyle_(sociology)",PT29M3S,1743,2d,hd,false,ar,ar,https://i.ytimg.com/vi/THEh-eqocwg/maxresdefault.jpg,1,,,,,37598,1522,,0,126
233,UCM1DoNEgK4KTERa61tGxB5w,"مول الشفنجة",MRM5K3zo_eI,2024-02-07T11:34:40Z,"2024-02-07 11:34:40","مول الشفنجة يوم كامل في فيرمة و طبخ الدجاج البلدي يا سلام يوم ملكي ...🤯",,,22,"People & Blogs","Food,Lifestyle_(sociology)",PT25M40S,1540,2d,hd,false,ar,ar,,1,,,,,104254,2662,,0,227
234,UCM1DoNEgK4KTERa61tGxB5w,"مول الشفنجة",O4EeQtzeXjU,2024-02-05T12:49:54Z,"2024-02-05 12:49:54","مول الشفنجة يوم كامل في مرسة مخفية بالمغرب🦈 وطبخ الصنور الملك السعادة...😲",,"Nat Geo,NGAD,National Geographic Abu Dhabi,ناشونال جيوغرافيك أبوظبي,UAE,ناشونال جغرافيك,ناشيونال جيوغرافيك,ناشيونال جيوغرافيك 2019,ناشونال جيوغرافيك ابو ظبي,ناشونال,نشنل جغرفك,ناشيونال جيوغرافيك ابوظبي,ناشونال جيوغرافيك,ناسيونال جيوڨرافيك,national geographic arabe,national geographic arabic,nasionale geografi abu dhabi,national geographic arabe 2019,المغرب,جوردن رامزي,أسرار الطعام,ساحل هانا,في هاواي",22,"People & Blogs",Lifestyle_(sociology),PT47M49S,2869,2d,hd,false,ar,ar,https://i.ytimg.com/vi/O4EeQtzeXjU/maxresdefault.jpg,1,,,,,293814,4710,,0,260
235,UCM1DoNEgK4KTERa61tGxB5w,"مول الشفنجة",GTLCvrganXU,2024-02-02T13:44:17Z,"2024-02-02 13:44:17","وثائقي: زيارة سوق شعبي في عمق المغرب 🇲🇦 تجربة اكل الحجل 🥩أرخص سوق ‼️",,"سوق حد سوالم,سولوم,حد سوالم اليوم,حد سوالم لمليح,مول 17 مليار حد سوالم,مزرعة الحريزي حد سوالم,سوق,سوق المواشي,سوق سيدي سالم,سوق ابو المطامير,سوق شعبي,سوق سطات,سوق السبت أݣلموس,سوق المحله الكبرى,سوق السبت,سوق الغنم,سوق بلقاس,سوق مريرت,سوق مكناس,سوق قويسنا,سوق الخميس,سوق المواشي في الصعيد,سوق كفر الشيخ,سوق قطور العمومي,ماين كرافت سولوم,سوق دمنهور العمومي,جولو في سوق مشتريات مطبخ إصلاحات هوتة إكيا,اسواق المواشي في الصعيد,ماكولات الشارع في المغرب",22,"People & Blogs","Food,Lifestyle_(sociology)",PT37M27S,2247,2d,hd,false,ar,ar,https://i.ytimg.com/vi/GTLCvrganXU/maxresdefault.jpg,1,,,,,213471,3751,,0,194
236,UCM1DoNEgK4KTERa61tGxB5w,"مول الشفنجة",gWAA68LhG_g,2024-01-29T12:07:56Z,"2024-01-29 12:07:56","يوم كامل في البحر و تحدي تحضير بيتزا بفواكه البحر طبق مغربي اسباني...😵","pizza ,fruits de mer ,comida rápida ,pizza casera ,pizza fait maison ,بيتزا ,وجبات خفيفة وسهلة ,وجبة عشاء غداء سهلة و سريعة ,مطبخ مغربي ,","pizza,fruits de mer,comida rápida,pizza casera,pizza fait maison,بيتزا,وجبات خفيفة وسهلة,وجبة عشاء غداء سهلة و سريعة,مطبخ مغربي",22,"People & Blogs","Food,Lifestyle_(sociology)",PT24M33S,1473,2d,hd,false,ar,ar,https://i.ytimg.com/vi/gWAA68LhG_g/maxresdefault.jpg,1,,,,,45661,1865,,0,147
237,UCM1DoNEgK4KTERa61tGxB5w,"مول الشفنجة",l4CiJT_foi0,2024-01-27T13:05:06Z,"2024-01-27 13:05:06","وتائقي: حياة البحارة في المغرب يوم كامل في اكبر مرسة في الدار البيضاء...😲",,,22,"People & Blogs","Hobby,Lifestyle_(sociology),Pet",PT20M43S,1243,2d,hd,false,ar,ar,https://i.ytimg.com/vi/l4CiJT_foi0/maxresdefault.jpg,1,,,,,54388,1934,,0,108
238,UCM1DoNEgK4KTERa61tGxB5w,"مول الشفنجة",Ps3rnL3TBLU,2024-01-25T12:14:22Z,"2024-01-25 12:14:22","مول الشفنجة يوم كامل في مرسة أول مرة أكلت اغلى الاسماك طبخ سمكة الـ...😲",,,22,"People & Blogs","Food,Lifestyle_(sociology),Pet",PT35M20S,2120,2d,hd,false,ar,ar,https://i.ytimg.com/vi/Ps3rnL3TBLU/maxresdefault.jpg,1,,,,,196830,4190,,0,334
239,UCM1DoNEgK4KTERa61tGxB5w,"مول الشفنجة",W1RJdObO8RA,2024-01-23T17:22:30Z,"2024-01-23 17:22:30","مول الشفنجة : يوم كامل في اجمل مكان🌴 وطبخ كسكسو بيبي دخم😲",,,22,"People & Blogs","Food,Lifestyle_(sociology)",PT27M20S,1640,2d,hd,false,ar,ar,https://i.ytimg.com/vi/W1RJdObO8RA/maxresdefault.jpg,1,,,,,69445,2005,,0,161
240,UCM1DoNEgK4KTERa61tGxB5w,"مول الشفنجة",FzYI0jXYBKs,2024-01-20T12:05:40Z,"2024-01-20 12:05:40","رحلة وحيدة في قلب البراري: تجربة يوم كامل في طهي طاجين عجيب!!!","رحلة وحيدة في قلب البراري: تجربة يوم كامل في طهي طاجين عجيب!!!","طبخ,وجهات سياحية,طهور,طبيع,طبيعة,الطبيعة الخلابة,طبخ ديك,الطبخ في البرية,اتاي,فلوك في البرية,أساليب البقاء,وثائقي في البرية,العيش الحر,العيش في البرية,التخييم في البرية,البحري فلوك,elbahri vlog,مغامرات",22,"People & Blogs","Food,Lifestyle_(sociology)",PT26M12S,1572,2d,hd,false,ar,ar,https://i.ytimg.com/vi/FzYI0jXYBKs/maxresdefault.jpg,1,,,,,41715,2107,,0,207
241,UCM1DoNEgK4KTERa61tGxB5w,"مول الشفنجة",nXghIKpDwNY,2024-01-18T12:52:51Z,"2024-01-18 12:52:51","وثائقي: يوم كامل جولة وحدي في سوق شعبي أشهر سوق في المغرب 🇲🇦 شوي اجواء العيد ...😲",,"#عيش الحر,Lhjaouj vlog,Bn nsns,حياة برية,اصتياد الاخطبوط,Aboufala,عيش بقاء,اصتياد في بحر,اصتياد في برية,اسماك اخطبوط,عاجل,حصري,أخبار المغرب,أخبار عاجلة,أنفاس بريس,أخبار,دار بوعزة,سوق اربعاء ولاد جرار,سوق ولاد جرار,ضواحي دار بوعزة,سوق أربعاء أولاد جرار,سوق الاربعاء,إقليم النواصر,النواصر,بوسكورة,أولاد صالح,أولاد عزوز,جهة الدار البيضاء سطات,سوق المواشي,سوق الاربعاء الكفاف,سوق الاربعاء ولاد عمران اقليم دكالة,اليوم من سوق,أربعاء العونات",22,"People & Blogs",Lifestyle_(sociology),PT33M59S,2039,2d,hd,false,ar,ar,https://i.ytimg.com/vi/nXghIKpDwNY/maxresdefault.jpg,1,,,,,59940,2193,,0,241
242,UCM1DoNEgK4KTERa61tGxB5w,"مول الشفنجة",Er_G8uIeeYc,2024-01-15T12:18:53Z,"2024-01-15 12:18:53","مول الشفنجة يوم كامل في فيرمة و طبخ طنجية متخيلوش شنو وقع...😱",,,22,"People & Blogs","Food,Lifestyle_(sociology)",PT45M31S,2731,2d,hd,false,ar,ar,https://i.ytimg.com/vi/Er_G8uIeeYc/maxresdefault.jpg,1,,,,,200408,3795,,0,268
243,UCM1DoNEgK4KTERa61tGxB5w,"مول الشفنجة",0BhMKnKd9YE,2024-01-07T14:17:40Z,"2024-01-07 14:17:40","الاحتفال بوصول الى 30,000 مشترك على اليوتيوب 🥳...",,,22,"People & Blogs","Food,Lifestyle_(sociology)",PT26M46S,1606,2d,hd,false,ar,ar,https://i.ytimg.com/vi/0BhMKnKd9YE/maxresdefault.jpg,1,,,,,92707,3538,,0,276
244,UCM1DoNEgK4KTERa61tGxB5w,"مول الشفنجة",PT_p_90KLk0,2024-01-02T12:38:37Z,"2024-01-02 12:38:37","وثائقي: زيارة سوق شعبي في عمق المغرب 🇲🇦 سوق تنين شتوكة‼️أرخص سوق 😱",,"سوق شعبي في ايطاليا,سوق شعبي في باريس,سوق شعبي في ليون,سوق شعبي في فرنسا,جولة في سوق شعبي,فلوق في سوق شعبي,عمق المغرب,المغرب,سوق شعبي في اسطنبول,اغرب سوق شعبي,سوق شعبي,المغرب في عمق أفريقيا,اسواق شعبية في تركيا,زيارة سوق شعبي,في عمق المغرب,السياحة في المغرب,أغرب مشهد في سوق شعبي,أهم الأخبار العاجلة في المغرب,مستجدات اليوم في المغرب,أجمل المدن السياحية في المغرب,معلومات عن سوق,تجربة أكل شوارع,شواء,إثنين برشيد,سوق,اللحم,أرخص سوق,ثقافة بلادي",22,"People & Blogs",Lifestyle_(sociology),PT21M50S,1310,2d,hd,false,ar,ar,https://i.ytimg.com/vi/PT_p_90KLk0/maxresdefault.jpg,1,,,,,68319,2414,,0,151
245,UCM1DoNEgK4KTERa61tGxB5w,"مول الشفنجة",IIPcDVrMwPE,2023-12-28T12:34:14Z,"2023-12-28 12:34:14","مول الشفنجة يوم كامل في بحر رائع و تحدي طبخ اغرب طبق بفواكه البحر السعادة...😲",,,22,"People & Blogs","Food,Lifestyle_(sociology)",PT22M39S,1359,2d,hd,false,ar,ar,https://i.ytimg.com/vi/IIPcDVrMwPE/maxresdefault.jpg,1,,,,,51852,2398,,0,177
246,UCM1DoNEgK4KTERa61tGxB5w,"مول الشفنجة",dGST4tXprjY,2023-12-24T12:21:02Z,"2023-12-24 12:21:02","مول الشفنجة يوم كامل في مرسة سيدي رحال 🦈 انا وصديقي lhjaouj وطبخ الكراب الملك السعادة...😲",,"Nat Geo,NGAD,National Geographic Abu Dhabi,ناشونال جيوغرافيك أبوظبي,UAE,ناشونال جغرافيك,ناشيونال جيوغرافيك,ناشيونال جيوغرافيك 2019,ناشونال جيوغرافيك ابو ظبي,ناشونال,نشنل جغرفك,ناشيونال جيوغرافيك ابوظبي,ناشونال جيوغرافيك,ناسيونال جيوڨرافيك,national geographic arabe,national geographic arabic,nasionale geografi abu dhabi,national geographic arabe 2019,المغرب,جوردن رامزي,أسرار الطعام,ساحل هانا,في هاواي",22,"People & Blogs","Food,Lifestyle_(sociology)",PT41M13S,2473,2d,hd,false,ar,ar,https://i.ytimg.com/vi/dGST4tXprjY/maxresdefault.jpg,1,,,,,315519,5141,,0,319
247,UCM1DoNEgK4KTERa61tGxB5w,"مول الشفنجة",aWCQvbNrKNI,2023-12-19T12:36:25Z,"2023-12-19 12:36:25","خرجت مع بناتي دوزنا يوم ملكي أكلنا البيتزا الايطالية يوم مليئ بلسعادة...🍛",,,22,"People & Blogs","Food,Lifestyle_(sociology)",PT18M6S,1086,2d,hd,false,ar,ar,https://i.ytimg.com/vi/aWCQvbNrKNI/maxresdefault.jpg,1,,,,,141220,4309,,0,325
248,UCM1DoNEgK4KTERa61tGxB5w,"مول الشفنجة",500YAH6f3_M,2023-12-13T14:24:06Z,"2023-12-13 14:24:06","مول الشفنجة يوم كامل في البحر🦈 انا وصديقي lhjaouj وطبخ اغلى الاسماك السعادة...😲",,"lhjaouj vlogs,العيش الحر,Kanan Badalov,أجي نصيدو 2 Aji Nsaydo,رحلة غوص Diving trip,Taha essou,bn nsns,Yahya khaddir,صيد الحمام البري,كيفية صيد الحمام,صيد,صيد السمان,طريقة صيد الحمام,صيد الحمام البلدي,صيد الطيور,صيد اليمام بالنبله,صيد اليمام بالبندقيه,الحمام البري,صيد اليمام 2021,صيد الحمام بالجباد في المغرب,صيد اليمام البري,صيد اليمام القمري,كيفية صيد الحمام بالجباد في المغرب,صيد الحمام بالفخ,صيد اليمام والحمام,what about us,charlie watts",22,"People & Blogs","Food,Lifestyle_(sociology),Pet",PT23M47S,1427,2d,hd,false,ar,ar,https://i.ytimg.com/vi/500YAH6f3_M/maxresdefault.jpg,1,,,,,172872,5046,,0,408
249,UCM1DoNEgK4KTERa61tGxB5w,"مول الشفنجة",05KzLob_2ZQ,2023-12-06T12:49:31Z,"2023-12-06 12:49:31","يوم مرعب 💔🏚️ دخلنا إلى أخطر منزل مهجور و طبخت القطبان مع الجن💔😱...",,"HYT,ياسا,رعب,مقالب,جن,كويلي,kwili,توبز,topz,باري,barrytube,فيصل,بندريتا,bandrita,قصص,مودي,عامر,جديد,جديدة,برشلونه,دبي,السعوديه,السعودية,الاردن,dubai,jordan,قناة الرعب - The horror,رعب جدا 😱,اقوى فيلم رعب,افلام,أقوى فيلم رعب على الإطلاق,أقوى فلم رعب مترجم,اقوى فيلم رعب في العالم,مرعب,رعب حياتك,مخيف,فيلم رعب,الجن,اتحداك تكملو للآخر,معقول تكون جنيه,طلعتله امرأه غريبه,طلعتله امراه غريبه,معقول تكون جنـ ـيه !!,استكشاف بيت مهجور,مغامرة,مغامرة الى بيت مهجور",22,"People & Blogs",Lifestyle_(sociology),PT17M39S,1059,2d,hd,false,ar,ar,https://i.ytimg.com/vi/05KzLob_2ZQ/maxresdefault.jpg,1,,,,,30304,1685,,0,207
250,UCM1DoNEgK4KTERa61tGxB5w,"مول الشفنجة",6_46Jxgi104,2023-12-04T13:37:03Z,"2023-12-04 13:37:03","تحدي تحضير رفيسة مغربية في البرية 👨‍🍳مع أصدقاء نتيجة غير متوقعة ‼️ميمكنش😂","تقسيم المصروف الشهري 2000 ,تقسيم المصروف الشهري 1000 ,تقسيم المصروف الشهري في فرنسا ,طريقة تقسيم المصروف الشهري ,تقسيم مصروف 1500 درهم ,تقسيم مصروف 500 درهم ,تقسيم مصروف 800 درهم ,ملتقى المناضلات ,امراة مكافحة ,المقتصدات ,كتشدي المصروف ,تحضيرات رمضان ,العلاقة الحميمة ,العلاقة الزوجية ,تيسير الزواج ,تقسيم ميزانية 2500 ,خطة التدبير ,بيت الخزين ,غرفة المؤن ,مليون ,غدر الصديقات ,ترند ,بوكريشة ,السريعة ,حنان بانوراما ,فدوى شنيل ,يسرى ستيل ,نعيمة البدوية ,يوسف الزروالي ,الدحيح ,","تقسيم المصروف الشهري 2000,تقسيم المصروف الشهري 1000,تقسيم المصروف الشهري في فرنسا,طريقة تقسيم المصروف الشهري,تقسيم مصروف 1500 درهم,تقسيم مصروف 500 درهم,تقسيم مصروف 800 درهم,ملتقى المناضلات,امراة مكافحة,المقتصدات,كتشدي المصروف,تحضيرات رمضان,العلاقة الحميمة,العلاقة الزوجية,تيسير الزواج,تقسيم ميزانية 2500,خطة التدبير,بيت الخزين,غرفة المؤن,مليون,غدر الصديقات,ترند,بوكريشة,السريعة,حنان بانوراما,فدوى شنيل,يسرى ستيل,نعيمة البدوية,يوسف الزروالي,الدحيح",22,"People & Blogs","Food,Lifestyle_(sociology)",PT16M7S,967,2d,hd,false,ar,ar,https://i.ytimg.com/vi/6_46Jxgi104/maxresdefault.jpg,1,,,,,32623,1912,,0,187
251,UCM1DoNEgK4KTERa61tGxB5w,"مول الشفنجة",04x8C0Sqnx0,2023-11-30T13:46:23Z,"2023-11-30 13:46:23","الحياة البرية يوم كامل في الغابة و طبخ اغرب طبق مغربي وثائقي...😱🤯","Nat Geo ,NGAD ,National Geographic Abu Dhabi ,ناشونال جيوغرافيك أبوظبي ,UAE ,ناشونال جغرافيك ,ناشيونال جيوغرافيك ,ناشيونال جيوغرافيك 2019 ,ناشونال جيوغرافيك ابو ظبي ,ناشونال ,نشنل جغرفك ,ناشيونال جيوغرافيك ابوظبي ,ناشونال جيوغرافيك ,ناسيونال جيوڨرافيك ,national geographic arabe ,national geographic arabic ,nasionale geografi abu dhabi ,national geographic arabe 2019 ,المغرب ,جوردن رامزي ,أسرار الطعام ,Nat Geo ,NGAD ,National Geographic Abu Dhabi ,ناشونال جيوغرافيك أبوظبي ,UAE ,ناشونال جغرافيك ,ناشيونال جيوغرافيك ,ناشيونال جيوغرافيك 2019 ,ناشونال جيوغرافيك ابو ظبي ,ناشونال ,نشنل جغرفك ,ناشيونال جيوغرافيك ابوظبي ,ناشونال جيوغرافيك ,ناسيونال جيوڨرافيك ,national geographic arabe ,national geographic arabic ,nasionale geografi abu dhabi ,national geographic arabe 2019 ,المغرب ,جوردن رامزي ,أسرار الطعام ,ساحل هانا ,في هاواي ,","Nat Geo,NGAD,National Geographic Abu Dhabi,ناشونال جيوغرافيك أبوظبي,UAE,ناشونال جغرافيك,ناشيونال جيوغرافيك,ناشيونال جيوغرافيك 2019,ناشونال جيوغرافيك ابو ظبي,ناشونال,نشنل جغرفك,ناشيونال جيوغرافيك ابوظبي,ناشونال جيوغرافيك,ناسيونال جيوڨرافيك,national geographic arabe,national geographic arabic,nasionale geografi abu dhabi,national geographic arabe 2019,المغرب,جوردن رامزي,أسرار الطعام,ساحل هانا,في هاواي",22,"People & Blogs","Food,Lifestyle_(sociology)",PT17M57S,1077,2d,hd,false,ar,ar,,1,,,,,46899,2602,,0,227
252,UCM1DoNEgK4KTERa61tGxB5w,"مول الشفنجة",WelGFBQaE7E,2023-11-25T12:10:34Z,"2023-11-25 12:10:34","العيش الحر : تحدي طيبت ببوش البحر العملاق 🤯 في البرية متخيلوش كيف جا...😱",,"hawaii fishing,hawaii,maui,fishing in Hawaii,maui boating,ace videos hawaii,ace videos sashimi,sushi,sashimi,raw,eating raw fish,omilu,papio,living from the ocean,living off the land,uninhabited island,survival challenge,island camping,sailing couple,great barrier reef,spearfishing vlog,fishing vlog,صيد السمك,طرق صيد السمك,صيد الاسماك,صيد,صيد سمك الهامور,صيد سمك القاروص,صيد سمك البوري,هواة صيد الاسماك,كيفية الصيد",22,"People & Blogs","Food,Lifestyle_(sociology),Tourism",PT17M49S,1069,2d,hd,false,ar,ar,,1,,,,,29094,1662,,0,136
253,UCM1DoNEgK4KTERa61tGxB5w,"مول الشفنجة",pUrrSIO7x8I,2023-11-22T12:59:37Z,"2023-11-22 12:59:37","يوم كامل في البرية و تحدي تحضير أكبر شفنجة في العالم 🤯...",,,22,"People & Blogs","Food,Lifestyle_(sociology),Tourism",PT19M17S,1157,2d,hd,false,ar,ar,,1,,,,,40895,2078,,0,170
254,UCM1DoNEgK4KTERa61tGxB5w,"مول الشفنجة",E4WooxOEc18,2023-11-15T14:35:14Z,"2023-11-15 14:35:14","يوم كامل في البريه و تحدي تحضير وجبه الحوت كواري في طاجين يا سلام😲...",,,22,"People & Blogs","Food,Lifestyle_(sociology)",PT28M3S,1683,2d,hd,false,ar,ar,https://i.ytimg.com/vi/E4WooxOEc18/maxresdefault.jpg,1,,,,,34790,2147,,0,231
255,UCM1DoNEgK4KTERa61tGxB5w,"مول الشفنجة",4yDX_eDldW8,2023-11-08T12:18:18Z,"2023-11-08 12:18:18","العيش الحر : يوم كامل في البرية وطبخ طبق مجنون 😱 رأس ماعز السعادة🐐!!!",,,22,"People & Blogs",Lifestyle_(sociology),PT25M32S,1532,2d,hd,false,ar,ar,https://i.ytimg.com/vi/4yDX_eDldW8/maxresdefault.jpg,1,,,,,50508,3610,,0,594
256,UCM1DoNEgK4KTERa61tGxB5w,"مول الشفنجة",ahz26-tBB9w,2023-11-06T18:37:16Z,"2023-11-06 18:37:16","رسالة من القلب...❤️","للدعم ❤️ CIH BANK : RIB : 230 780 5234093211020600 47 التواصل moul.chfnja@gmail.com",,22,"People & Blogs",,PT5M33S,333,2d,hd,false,ar,ar,https://i.ytimg.com/vi/ahz26-tBB9w/maxresdefault.jpg,1,,,,,20969,2317,,0,299
257,UCM1DoNEgK4KTERa61tGxB5w,"مول الشفنجة",3BiukfGLQJM,2023-11-04T12:39:32Z,"2023-11-04 12:39:32","مغامرة و تحدي الصيد في البحر هل اصتدت السمك ام لا 😲 الصيد و الطبخ!!!","قناة نبيل ; @Soufiane_tub",,22,"People & Blogs","Hobby,Lifestyle_(sociology),Pet",PT18M53S,1133,2d,hd,false,ar,ar,https://i.ytimg.com/vi/3BiukfGLQJM/maxresdefault.jpg,1,,,,,21499,1137,,0,85
258,UCM1DoNEgK4KTERa61tGxB5w,"مول الشفنجة",F3jnZX-qe6M,2023-11-02T13:05:11Z,"2023-11-02 13:05:11","بنتي مريضة مشيت عند طبيب😭 يوم كامل في سوق الاربعاء مع صغيراتي...😄",,,22,"People & Blogs",,PT15M31S,931,2d,hd,false,ar,ar,https://i.ytimg.com/vi/F3jnZX-qe6M/maxresdefault.jpg,1,,,,,56148,2093,,0,145
259,UCM1DoNEgK4KTERa61tGxB5w,"مول الشفنجة",_FzO0jhph7M,2023-10-30T12:41:48Z,"2023-10-30 12:41:48","يوم كامل في البحر بنيت خيمة ⛺ لكلبة مع ابنائها و اطعامهم...",,,22,"People & Blogs","Lifestyle_(sociology),Tourism",PT19M57S,1197,2d,hd,false,ar,ar,https://i.ytimg.com/vi/_FzO0jhph7M/maxresdefault.jpg,1,,,,,32255,1777,,0,119
260,UCM1DoNEgK4KTERa61tGxB5w,"مول الشفنجة",qos7HxOa7xo,2023-10-26T14:01:10Z,"2023-10-26 14:01:10","مغامرة صيد الروطال في البحر يوم كامل من الصيد حصيلة غير متوقعة 🤯...",,,22,"People & Blogs","Hobby,Lifestyle_(sociology),Pet,Tourism",PT17M31S,1051,2d,hd,false,ar,ar,https://i.ytimg.com/vi/qos7HxOa7xo/maxresdefault.jpg,1,,,,,36092,1747,,0,106
261,UCM1DoNEgK4KTERa61tGxB5w,"مول الشفنجة",ZVwzzlqDHvo,2023-10-24T11:20:59Z,"2023-10-24 11:20:59","يوم كامل في البحر والبرية 🏞 تحدي صيد الحمام البري وطبخ طبق مغربي الطجين🏜...",,,22,"People & Blogs","Hobby,Lifestyle_(sociology)",PT34M49S,2089,2d,hd,false,ar,ar,https://i.ytimg.com/vi/ZVwzzlqDHvo/maxresdefault.jpg,1,,,,,54478,2261,,0,154
262,UCM1DoNEgK4KTERa61tGxB5w,"مول الشفنجة",nxpc-lhULt0,2023-10-17T12:19:47Z,"2023-10-17 12:19:47","يوم كامل في البرية 🌲 وطبخ الطبق المغربي الاصيل الرفيسة...🇲🇷",,,22,"People & Blogs","Food,Lifestyle_(sociology)",PT40M6S,2406,2d,hd,false,ar,ar,https://i.ytimg.com/vi/nxpc-lhULt0/maxresdefault.jpg,1,,,,,120894,2328,,0,170
263,UCM1DoNEgK4KTERa61tGxB5w,"مول الشفنجة",-LrKe-ds8Mw,2023-10-14T11:14:39Z,"2023-10-14 11:14:39","يوم كامل في البحر والبرية 🏞 وطبخ عدة اطباق بوزروج و صيد الروطال🐙",,,22,"People & Blogs","Food,Hobby,Lifestyle_(sociology),Pet",PT37M13S,2233,2d,hd,false,ar,ar,https://i.ytimg.com/vi/-LrKe-ds8Mw/maxresdefault.jpg,1,,,,,106550,2581,,0,160
264,UCM1DoNEgK4KTERa61tGxB5w,"مول الشفنجة",zV_0qWXH6_o,2023-10-11T12:01:00Z,"2023-10-11 12:01:00","العيش الحر تحدي طبخ أغرب طائر في البرية مع اصدقائي😱",,,22,"People & Blogs","Food,Lifestyle_(sociology)",PT17M41S,1061,2d,hd,false,ar,ar,https://i.ytimg.com/vi/zV_0qWXH6_o/maxresdefault.jpg,1,,,,,27262,1369,,0,125
265,UCM1DoNEgK4KTERa61tGxB5w,"مول الشفنجة",UZZog0dmX2E,2023-10-09T01:00:13Z,"2023-10-09 01:00:13","يوم كامل في البرية طبخ طبق بي ارنب بطريقة الشوي🤗 السعادة...!",,,22,"People & Blogs","Food,Lifestyle_(sociology),Pet",PT28M16S,1696,2d,hd,false,ar,ar,https://i.ytimg.com/vi/UZZog0dmX2E/maxresdefault.jpg,1,,,,,33711,1941,,0,132
266,UCM1DoNEgK4KTERa61tGxB5w,"مول الشفنجة",3E0FcgcIXj8,2023-10-07T13:00:05Z,"2023-10-07 13:00:05","وصلني صندوق من امريكا 📦 متخيلوش ماذا وجدت داخله😱...!",,,22,"People & Blogs",Lifestyle_(sociology),PT10M25S,625,2d,hd,false,ar,ar,https://i.ytimg.com/vi/3E0FcgcIXj8/maxresdefault.jpg,1,,,,,156181,5545,,0,
267,UCM1DoNEgK4KTERa61tGxB5w,"مول الشفنجة",CgNvGEzq9uM,2023-10-04T12:01:54Z,"2023-10-04 12:01:54","عيش البرية : طبخت سمكة في البرية و كانوا معايا اصدقاء جداد","بعيد على مشاكل مدونة الاسرة 2023 دوزت يوم كامل في البرية و طبخت سمكة في الخلاء ا كانو معايا اصدقاء جداد شاهد الفيديو حتى الآخر 🦈😋","حياة البرية,العيش في البرية,البرية,عيش البرية,مول شفنجة,العيش في الغابة,العيش الحر,سفيان حجوجي,Hajouji vlogs,مدونة الأسرة",22,"People & Blogs","Food,Hobby,Lifestyle_(sociology),Pet",PT25M13S,1513,2d,hd,false,ar,ar,https://i.ytimg.com/vi/CgNvGEzq9uM/maxresdefault.jpg,1,,,,,33128,,,0,108
268,UCM1DoNEgK4KTERa61tGxB5w,"مول الشفنجة",nu973OozRik,2023-10-02T11:49:39Z,"2023-10-02 11:49:39","مول شفنجة اجواء خيالية في سوق حد بوسكورة 🥩🥚",,"حياة البرية,مول شفنجة,سفيان حجوجي,سوق حد بوسكورة,hajouji vlogs,Mol chfanja,Casablanca,المغرب,العيش الحر",22,"People & Blogs",,PT21M30S,1290,2d,hd,false,ar,ar,https://i.ytimg.com/vi/nu973OozRik/maxresdefault.jpg,1,,,,,48921,1583,,0,105
269,UCM1DoNEgK4KTERa61tGxB5w,"مول الشفنجة",L6WDRSWVops,2023-09-30T12:30:00Z,"2023-09-30 12:30:00","مول الشفنجة : طبخ سمك 🐟 سنور في البرية 😁😋",,,22,"People & Blogs","Food,Lifestyle_(sociology),Pet",PT17M27S,1047,2d,hd,false,ar,ar,https://i.ytimg.com/vi/L6WDRSWVops/maxresdefault.jpg,1,,,,,21801,1265,,0,101
270,UCM1DoNEgK4KTERa61tGxB5w,"مول الشفنجة",STT1Wt7Nmgw,2023-09-28T14:40:48Z,"2023-09-28 14:40:48","مول شفنجة : ها كفاش دوزت أجواء عيد مولد النبوي",,"مول شفنجة,عيد مولد النبي,العاديون,الطبخ في البرية,Lhjaouji blogs,سفيان لحجرتي,Mol chfanja,Blogs",22,"People & Blogs","Food,Lifestyle_(sociology)",PT15M8S,908,2d,hd,false,ar,ar,https://i.ytimg.com/vi/STT1Wt7Nmgw/maxresdefault.jpg,1,,,,,87087,2213,,0,225
271,UCM1DoNEgK4KTERa61tGxB5w,"مول الشفنجة",1gzocDK9nwE,2023-09-21T14:01:41Z,"2023-09-21 14:01:41","تحدي طبخ 60 بيضة وأكلها في البرية المظلمة ليلا😱!!!",,"تحدى,تحديات,60بيضة,Challenge 60 eggs",22,"People & Blogs","Food,Lifestyle_(sociology)",PT17M27S,1047,2d,hd,false,ar,ar,https://i.ytimg.com/vi/1gzocDK9nwE/maxresdefault.jpg,1,,,,,75582,3049,,0,345
272,UCM1DoNEgK4KTERa61tGxB5w,"مول الشفنجة",M0lhC0vWZX0,2023-09-10T17:27:49Z,"2023-09-10 17:27:49","إنا لله وإنا إليه راجعون. نسأل الله أن يتغمد الفقيد بواسع رحمته ويسكنه فسيح جناته 😔🤲",,,22,"People & Blogs",,PT10M5S,605,2d,hd,false,ar,ar,https://i.ytimg.com/vi/M0lhC0vWZX0/maxresdefault.jpg,1,,,,,26818,1221,,0,112
273,UCM1DoNEgK4KTERa61tGxB5w,"مول الشفنجة",4YG8_-GNnco,2023-09-08T11:53:14Z,"2023-09-08 11:53:14","يوم ملكي مع اميراتي في بيتنا الجديد أجواء☺️ السعادة السباحة في مسبح ضخم😂...!","للاعلان و التواصل moul.chfnja@gmail.com","تفسير حلم السباحه في المسبح,تفسير حلم السباحه في المسبح للمتزوجة,تفسير حلم السباحه في المسبح للمطلقه,تفسير حلم السباحه في المسبح للرجل,تفسير حلم السباحه في المسبح للعزباء,تفسير حلم السباحه في البيسين,تفسير حلم السباحه في المسبح مع اشخاص,تفسير حلم السباحه في الماء,تفسير حلم السباحه في حوض السباحه",22,"People & Blogs",Lifestyle_(sociology),PT17M59S,1079,2d,hd,false,ar,ar,https://i.ytimg.com/vi/4YG8_-GNnco/maxresdefault.jpg,1,,,,,235470,4385,,0,176
274,UCM1DoNEgK4KTERa61tGxB5w,"مول الشفنجة",DRtWP1GmmGA,2023-09-07T12:25:27Z,"2023-09-07 12:25:27","اشتريت منزل الاحلام 24 ساعة مع بناتي في المنزل الجديد وكانت المفاجئة🥳",,"SuperFamily,سوبر فاملي,فيديوهات سوبر فاميلي,عيلة طوني وكريس,عائلة طوني وكريس,عيلة سوبر,سوبر,طوني وفادي,Toni,طوني,توني,فادي,مارفل,بيبي مارفل,بيتنا الجديد,بيت سوبرفاميلي,رولا وحسام,رولا قاسم,ميلا,بيرلا,عائلة حسام ورولا,ميلاد بنتي,عيد ميلادي,ميلا ورولا,تحدي الالوان,عشنا يوم كامل باللون,لون يوم كامل,قضينا يوم كامل,باللون,اللون الزهري,اللون الوري,اللون الاحمر,اللون الاسود,اللون البنفسجي,shorts,تحكمت فينا,تحكمت فينا ليوم كامل,٢٤ ساعة,يوم كامل",22,"People & Blogs",Lifestyle_(sociology),PT15M25S,925,2d,hd,false,ar,ar,https://i.ytimg.com/vi/DRtWP1GmmGA/maxresdefault.jpg,1,,,,,211838,4920,,0,253
275,UCM1DoNEgK4KTERa61tGxB5w,"مول الشفنجة",qU4txWoO51s,2023-09-03T16:13:45Z,"2023-09-03 16:13:45","أول مرة تحدي طبخ طنجية مراكشية بالحمام البري في البحر🌅 24 ساعة وحدي ليلا...🤯","للاعلان و التواصل moul.chfnja@gmail.com","طنجية,المراكشية,طبخ,طنجية بالحمام,طنجية الحمام البري,طبخ البرية,صيد طبخ,العيش الحر,تحدي تحضير الطنجية,تحدي تحضير الطنجية المراكشية,تحضير الطنجية المراكشية,تحضير الطنجية المراكشية بالسمك,الطنجية المراكشية بالسمك في البرية,الطنجية المراكشية بالسمك في البرية اسبانيا,تحديات,تحديات مقالب,تحديات غيث,اقوي تحديات,تحديات كرة قدم,تحديات فورتنايت,تحدي,تحدي المحشي,طنجية مراكشية,الطنجية المراكشية,mahfoud orfani,#mahfoudorfani,lhjaouj vlogs,mahfoud,orfani",22,"People & Blogs","Food,Lifestyle_(sociology),Tourism",PT19M55S,1195,2d,hd,false,ar,ar,https://i.ytimg.com/vi/qU4txWoO51s/maxresdefault.jpg,1,,,,,43085,2483,,0,267
276,UCM1DoNEgK4KTERa61tGxB5w,"مول الشفنجة",6CxQT3fH6iw,2023-09-01T13:20:40Z,"2023-09-01 13:20:40","تحدي تحضير دجاجة مبخرة في كوكوط🤯 في البرية اكلة بدون توابل...😱","للاعلان و التواصل moul.chfnja@gmail.com","دجاج في الكوكوت بدون ماء# دجاج في طنجرة الضغط ولانقطة ماء,دجاج محمر في الكوكوت,دجاج في الكوكوت,دجاج مشوي في الكوكوت,دجاج في الكوكوط,الدجاج في الكوكوط,دجاج محمر,دجاج سريع في الكوكوط,دجاجة طايبة في الكوكوط,الدجاج في الكوكوط بدون ماء,دجاج مشوي في الفرن,دجاج محمر ف الكوكوت,في الكوكوط,الدجاج في الكوكوت,طنجية الدجاج في الكوكوت,دجاج بالبطاطا في الكوكوت,تحضير دجاج محمر في الكوكوت,دجاج محمر في الكوكوط,دجاج محمر في الكوكوت بدون ماء,دجاج في الكوكوت نتيجة سهلة وسريعة",22,"People & Blogs","Food,Lifestyle_(sociology)",PT16M55S,1015,2d,hd,false,ar,ar,https://i.ytimg.com/vi/6CxQT3fH6iw/maxresdefault.jpg,1,,,,,35956,1802,,0,145
277,UCM1DoNEgK4KTERa61tGxB5w,"مول الشفنجة",7QxLSxxUziI,2023-08-27T18:30:34Z,"2023-08-27 18:30:34","قطعنا 160 كيلو متر الى سوق البروج واكلنا لحم الماعز أجواء ميمكنش...😮‍💨","للاعلان و التواصل moul.chfnja@gmail.com","lhjaouj vlogs,العيش الحر,Kanan Badalov,Yahya khaddir,صيد الحمام البري,كيفية صيد الحمام,صيد الحمام البلدي,صيد اليمام بالنبله,صيد اليمام بالبندقيه,الحمام البري,صيد اليمام البري,صيد اليمام القمري,صيد الحمام بالفخ,صيد اليمام والحمام,youtube kids,the cure youtube,what about us,charlie watts,pictures of you cover,loupbar,في باريس,سوق شعبي في,اغرب سوق,تحدي بقاء ليلة كاملة في الغابة,كيف صيد الارانب,أرنب في طنجية,رحلة صيد,مغامرات صيد",22,"People & Blogs","Food,Lifestyle_(sociology)",PT16M48S,1008,2d,hd,false,ar,ar,https://i.ytimg.com/vi/7QxLSxxUziI/maxresdefault.jpg,1,,,,,43419,1847,,0,127
278,UCM1DoNEgK4KTERa61tGxB5w,"مول الشفنجة",9xJUBZDislQ,2023-08-25T16:01:36Z,"2023-08-25 16:01:36","مول الشفنجة: جولة مع امراتي في المول 🇲🇦😄","للاعلان و التواصل moul.chfnja@gmail.com",,22,"People & Blogs","Lifestyle_(sociology),Tourism",PT21M48S,1308,2d,hd,false,ar,ar,https://i.ytimg.com/vi/9xJUBZDislQ/maxresdefault.jpg,1,,,,,123985,2679,,0,172
279,UCM1DoNEgK4KTERa61tGxB5w,"مول الشفنجة",2eQRpsTsFQA,2023-08-21T16:29:09Z,"2023-08-21 16:29:09","مول شفنجة: جولة سوقية الحمام معمر بشحمه ديل جمل 🐫🤣","للاعلان و التواصل moul.chfnja@gmail.com",,22,"People & Blogs",Lifestyle_(sociology),PT21M9S,1269,2d,hd,false,ar,ar,https://i.ytimg.com/vi/2eQRpsTsFQA/maxresdefault.jpg,1,,,,,54692,1761,,0,89
280,UCM1DoNEgK4KTERa61tGxB5w,"مول الشفنجة",hTF4CUim248,2023-08-16T15:48:59Z,"2023-08-16 15:48:59","تحدي صيد الاخطبوط في البحر الصيد و الطبخ ليلا🤯 مغامرة يا سلام😱...!","للاعلان و التواصل moul.chfnja@gmail.com",,22,"People & Blogs","Hobby,Lifestyle_(sociology),Pet",PT24M39S,1479,2d,hd,false,ar,ar,https://i.ytimg.com/vi/hTF4CUim248/maxresdefault.jpg,1,,,,,59238,2257,,0,154
281,UCM1DoNEgK4KTERa61tGxB5w,"مول الشفنجة",XrgpcJM4t24,2023-08-09T16:46:42Z,"2023-08-09 16:46:42","مول الشفنجة : يوم جميل في سوق لاربعة ولاد جرار🇲🇦","للاعلان و التواصل moul.chfnja@gmail.com",,22,"People & Blogs",Lifestyle_(sociology),PT18M58S,1138,2d,hd,false,ar,ar,https://i.ytimg.com/vi/XrgpcJM4t24/maxresdefault.jpg,1,,,,,107893,2678,,0,156
282,UCM1DoNEgK4KTERa61tGxB5w,"مول الشفنجة",q3w1pVwlGjU,2023-08-04T14:13:30Z,"2023-08-04 14:13:30","يوم كامل في جامع الفنا كلينا الطنجية المراكشية مع بناتي😁 السعادة😂","للاعلان و التواصل moul.chfnja@gmail.com",,22,"People & Blogs","Food,Lifestyle_(sociology),Tourism",PT14M29S,869,2d,hd,false,ar,ar,https://i.ytimg.com/vi/q3w1pVwlGjU/maxresdefault.jpg,1,,,,,200238,3590,,0,199
283,UCM1DoNEgK4KTERa61tGxB5w,"مول الشفنجة",Nt-MV-EI8p0,2023-08-02T11:08:33Z,"2023-08-02 11:08:33","يوم كامل مع بناتي في ستي فاضمة تحضير وجبة دجاج مشوي 😂 السعادة😂","لدعم 👇⭐️PayPal ديالي⭐️👇 hamzaelhamri99@gmail.com",,22,"People & Blogs","Food,Lifestyle_(sociology)",PT15M13S,913,2d,hd,false,ar,ar,https://i.ytimg.com/vi/Nt-MV-EI8p0/maxresdefault.jpg,1,,,,,108357,3208,,0,207
284,UCM1DoNEgK4KTERa61tGxB5w,"مول الشفنجة",qBNCR8hTLDM,2023-07-31T11:57:14Z,"2023-07-31 11:57:14","وصلنا الى قمة جبل ستي فاضمة مع الفتيات القويات😃 متخيلوش شنو وقع🤯","لدعم 👇⭐️PayPal ديالي⭐️👇 hamzaelhamri99@gmail.com",,22,"People & Blogs","Lifestyle_(sociology),Tourism",PT15M42S,942,2d,hd,false,ar,ar,https://i.ytimg.com/vi/qBNCR8hTLDM/maxresdefault.jpg,1,,,,,93425,2662,,0,180
285,UCM1DoNEgK4KTERa61tGxB5w,"مول الشفنجة",KGPiIpu8Jq4,2023-07-29T12:38:20Z,"2023-07-29 12:38:20","مول الشفنجة : الصعود الى قمة جبل ستي فاضمة مع بناتي متخيلوش شنو وقع 😱","لدعم 👇⭐️PayPal ديالي⭐️👇 hamzaelhamri99@gmail.com",,22,"People & Blogs","Lifestyle_(sociology),Tourism",PT23M38S,1418,2d,hd,false,ar,ar,https://i.ytimg.com/vi/KGPiIpu8Jq4/maxresdefault.jpg,1,,,,,203322,4170,,0,276
286,UCM1DoNEgK4KTERa61tGxB5w,"مول الشفنجة",oYcyXFwFYv0,2023-07-27T11:49:22Z,"2023-07-27 11:49:22","جولة في اجمل مناطق المغرب اجواء رائعة مع عائلتي في اوريكا مع احسن طجين مراكشي","لدعم 👇⭐️PayPal ديالي⭐️👇 hamzaelhamri99@gmail.com",,22,"People & Blogs","Lifestyle_(sociology),Tourism",PT17M41S,1061,2d,hd,false,ar,ar,https://i.ytimg.com/vi/oYcyXFwFYv0/maxresdefault.jpg,1,,,,,135345,3633,,0,215
287,UCM1DoNEgK4KTERa61tGxB5w,"مول الشفنجة",AhOPs4TgxRc,2023-07-18T18:36:54Z,"2023-07-18 18:36:54","مول الشفنجة : تحدي طبخ رفيسة العميا بالكرداس في البرية 😋","لدعم 👇⭐️PayPal ديالي⭐️👇 hamzaelhamri99@gmail.com",,22,"People & Blogs","Food,Lifestyle_(sociology)",PT21M37S,1297,2d,hd,false,ar,ar,https://i.ytimg.com/vi/AhOPs4TgxRc/maxresdefault.jpg,1,,,,,40967,1882,,0,132
288,UCM1DoNEgK4KTERa61tGxB5w,"مول الشفنجة",-PhyDJSdtRc,2023-07-14T17:55:53Z,"2023-07-14 17:55:53","مول الشفنجة : يوم ملكي مع أميراتي مشينا KFC ياسلام 😂","لدعم 👇⭐️PayPal ديالي⭐️👇 hamzaelhamri99@gmail.com",,22,"People & Blogs",Lifestyle_(sociology),PT16M3S,963,2d,hd,false,ar,ar,https://i.ytimg.com/vi/-PhyDJSdtRc/maxresdefault.jpg,1,,,,,208376,5975,,0,493
289,UCM1DoNEgK4KTERa61tGxB5w,"مول الشفنجة",v9FZwb1_U3o,2023-07-11T16:08:56Z,"2023-07-11 16:08:56","تحدي الموت : السباحة في أخطر بحيرة في المغرب 🥶مرعب🥶",,"تحدي السباحه في اعمق مسبح في العالم,تحدي السباحه في اعمق مسبح بالعالم,أخطر بحيرة,اخطر بحيرة في المغرب,درس عملي في السباحة,أخطر بحيرة في العالم,أكبر بحيرة في المغرب,يوم كامل في حمام السباحة,أخطر بحيره في العالم,تحدي السباحة,أخطر بحيرات في العالم,المغرب,بحيرة النطرون - أخطر مكان في العالم,أغرب بحيرة في العالم,اغرب بحيرة في العالم,اغرب حمامات السباحة في العالم,السباحة,بحيرة,تعليم السباحة في البحر,أغرب و أخطر 10 بحيرات فى العالم ..,سباحة",22,"People & Blogs","Hobby,Lifestyle_(sociology)",PT17M43S,1063,2d,hd,false,ar,ar,https://i.ytimg.com/vi/v9FZwb1_U3o/maxresdefault.jpg,1,,,,,72529,2703,,0,166
290,UCM1DoNEgK4KTERa61tGxB5w,"مول الشفنجة",PDVwuzAjNRc,2023-07-07T17:04:11Z,"2023-07-07 17:04:11","مول الشفنجة : اكتشاف مكان ولادة أبي❤️ مغامرة رائعة🔥",,"#الطبخ في البرية,#العيش في البرية,العيش في البرية,#الطبخ في الطبيعة,الوثائقيه hd : العيش في البريه | الطباخ والصياد,العيش في طبيعة,العيش في الطبيعة,العيش في الغابة,وحيد في البرية,العيش في الغابات مع صيادين,#حياة القرية,العيش في الغربه,العيش في الغابات,البقاء في البرية,#حياة الريف,العيش في الغابات المطيرة,العيش الحر,#يومياتي مع امي في البرية,#الحياة الريفية في الجزائر,الطبخ في البرية,#الطبخ التقليدي الجزائري,العيش الحر في البرية",22,"People & Blogs","Lifestyle_(sociology),Tourism",PT12M24S,744,2d,hd,false,ar,ar,https://i.ytimg.com/vi/PDVwuzAjNRc/maxresdefault.jpg,1,,,,,29257,1433,,0,107
291,UCM1DoNEgK4KTERa61tGxB5w,"مول الشفنجة",OWVRK-3MX2g,2023-07-05T21:00:39Z,"2023-07-05 21:00:39","مول الشفنجة : تحدي طبخ الطنجية في البحر مع بناتي 😍 يوم كامل في البحر😂","للاعلان business.official@outlook.fr","#الطبخ في البرية,#العيش في البرية,العيش في البرية,#الطبخ في الطبيعة,الوثائقيه hd : العيش في البريه | الطباخ والصياد,العيش في طبيعة,العيش في الطبيعة,العيش في الغابة,وحيد في البرية,العيش في الغابات مع صيادين,#حياة القرية,العيش في الغربه,العيش في الغابات,البقاء في البرية,#حياة الريف,العيش في الغابات المطيرة,العيش الحر,#يومياتي مع امي في البرية,#الحياة الريفية في الجزائر,الطبخ في البرية,#الطبخ التقليدي الجزائري,العيش الحر في البرية",22,"People & Blogs","Food,Lifestyle_(sociology)",PT17M50S,1070,2d,hd,false,ar,ar,https://i.ytimg.com/vi/OWVRK-3MX2g/maxresdefault.jpg,1,,,,,172327,6007,,0,419
292,UCM1DoNEgK4KTERa61tGxB5w,"مول الشفنجة",S6aX6S3ZZ28,2023-07-03T12:43:36Z,"2023-07-03 12:43:36","مول الشفنجة : تحدي الصيد والطبخ في بحيرة مهجورة😱 أخطر بحيرة...","للاعلان business.official@outlook.fr","أقشور,أقشور جنة فوق الارض,شلالات أقشور,اقشور جنة المغرب,اقشور جنة في الارض,منتزه أقشور,أقشور جنة في الأرض,أقشور شفشاون,شلال أقشور,أقشور جنة الله في الأرض,جنة فوق الارض,شلالات اقشور,رحلة إلى شلال أقشور,شلالات أقشور شفشاون,طريق اقشور,#شلالات أقشور,أقشور جنة الشمال,الطريق إلى أقشور,زيارة أقشور,#أقشور,أقشور شفشاون المغرب,شفشاون أقشور,اقشور قنطرة ربي,عين اقشور,مخيم اقشور,اقشور شفشاون شلالات,اقشور شفشاون,اقشور المغرب,سباحة في أغرب,سباحة,تحدي,بحيرة",22,"People & Blogs","Hobby,Lifestyle_(sociology),Pet",PT14M25S,865,2d,hd,false,ar,ar,https://i.ytimg.com/vi/S6aX6S3ZZ28/maxresdefault.jpg,1,,,,,49656,2742,,0,138
293,UCM1DoNEgK4KTERa61tGxB5w,"مول الشفنجة",_S5TZhgseRU,2023-07-02T11:01:04Z,"2023-07-02 11:01:04","مول الشفنجة : تحدي تحضير خيلوطة الطفولة أجواء يا دمااار السعادة 😂","للاعلان business.official@outlook.fr","مول,الشفنجة,تحدي,تحضير,خيلوطة,الطفولة,أجواء,دمااار,السعادة",22,"People & Blogs",Lifestyle_(sociology),PT14M7S,847,2d,hd,false,ar,ar,https://i.ytimg.com/vi/_S5TZhgseRU/maxresdefault.jpg,1,,,,,24940,1610,,0,119
294,UCM1DoNEgK4KTERa61tGxB5w,"مول الشفنجة",Wsev4aIxBdE,2023-06-29T21:45:21Z,"2023-06-29 21:45:21","مول الشفنجة : أجواء عيد الاضحى في المغرب أكل الشواء ❤‍🔥 29 يونيو 2023","للاعلان business.official@outlook.fr","الحولي,ثمن الحولي,الحولي البركي,سوق الحولي,حولي عيد الأضحى غالي,غلاء الحولي,سوق الثلاثاء الحولي,ثمن الحولي في المغرب,خيالي,الاهلي,الأهلي,ثمن الحولي ثمن كبش العيد,سوق الحولي بطنجة 2023,عزيز غالي,سوق الأربعاء الحولي عيد الأضحى,عزيز غالي المهداوي,شحال داير الحولي العيد الأضحى 2021,عزيز غالي مع المهداوي,سوق الاثنين الخولي,غالي الفتنة غلاء الأسعار,الأولى,حولي,حولي العيد,حولي العيد الكبير,حولي العيد الرباط,حولي العيد الاضحى,ثمن حولي العيد",22,"People & Blogs",Lifestyle_(sociology),PT15M21S,921,2d,hd,false,ar,ar,https://i.ytimg.com/vi/Wsev4aIxBdE/maxresdefault.jpg,1,,,,,343195,7916,,0,263
295,UCM1DoNEgK4KTERa61tGxB5w,"مول الشفنجة",bHPWWnzHsq0,2023-06-28T12:22:29Z,"2023-06-28 12:22:29","مول الشفنجة : جولة في الرحبة اليوم الاخير قبل عيد الاضحى 🐑العافية شاعلة 😨 شوفو شنو وقع!!","للاعلان business.official@outlook.fr","اثمنة حولي عيد الاضحى,أثمنة حولي عيد الأضحى,ثمن حولي العيد,ثمن حولي عيد الأضحى في مرجان,أثمنة حولي عيد الأضحى 2023,اثمنة حولي عيد الأضحى,اثمنة حولي العيد,حولي عيد الاضحى,سوق الحولي,حولي العيد,عيد الاضحى,عيد الاضحى 2023,حولي العيد 2023,أثمنة الحولي,أثمنة حولي,حولي سايس,أسعار كباش عيد الأضحى,موعد عيد الاضحى 2023,تاريخ عيد الاضحى 2023,قناة حولي سايس,اثمنة الحولي اليوم,موعد عيد الاضحى 2023 فى السعوديه,اثمنة الحولي,اتمنة حولي العيد الأضحى,محاولة",22,"People & Blogs",,PT20M16S,1216,2d,hd,false,ar,ar,https://i.ytimg.com/vi/bHPWWnzHsq0/maxresdefault.jpg,1,,,,,109203,2613,,0,113
296,UCM1DoNEgK4KTERa61tGxB5w,"مول الشفنجة",YTDKVPHt884,2023-06-27T15:54:06Z,"2023-06-27 15:54:06","مول الشفنجة: تحدي البحت عن خروف عيد الاضحى لمتابع بثمن مناسب 🐑 مغامرة فالاخر ايام قبل العيد 🇲🇦","للاعلان business.official@outlook.fr","اثمنة حولي عيد الاضحى,أثمنة حولي عيد الأضحى,ثمن حولي العيد,ثمن حولي عيد الأضحى في مرجان,أثمنة حولي عيد الأضحى 2023,اثمنة حولي عيد الأضحى,اثمنة حولي العيد,حولي عيد الاضحى,سوق الحولي,حولي العيد,عيد الاضحى,عيد الاضحى 2023,حولي العيد 2023,أثمنة الحولي,أثمنة حولي,حولي سايس,أسعار كباش عيد الأضحى,موعد عيد الاضحى 2023,تاريخ عيد الاضحى 2023,قناة حولي سايس,اثمنة الحولي اليوم,موعد عيد الاضحى 2023 فى السعوديه,اثمنة الحولي,اتمنة حولي العيد الأضحى,محاولة",22,"People & Blogs",,PT26M,1560,2d,hd,false,ar,ar,https://i.ytimg.com/vi/YTDKVPHt884/maxresdefault.jpg,1,,,,,181116,2993,,0,127
297,UCM1DoNEgK4KTERa61tGxB5w,"مول الشفنجة",xIiahjRyFX0,2023-06-26T17:48:53Z,"2023-06-26 17:48:53","مول الشفنجة : بعد معاناة طويلة اشتريت الكبش المغربي الاصيل 😲 26 يونيو 2023","للاعلان business.official@outlook.fr","الحولي,ثمن الحولي,الحولي البركي,سوق الحولي,حولي عيد الأضحى غالي,غلاء الحولي,سوق الثلاثاء الحولي,ثمن الحولي في المغرب,خيالي,الاهلي,الأهلي,ثمن الحولي ثمن كبش العيد,سوق الحولي بطنجة 2023,عزيز غالي,سوق الأربعاء الحولي عيد الأضحى,عزيز غالي المهداوي,شحال داير الحولي العيد الأضحى 2021,عزيز غالي مع المهداوي,سوق الاثنين الخولي,غالي الفتنة غلاء الأسعار,الأولى,حولي,حولي العيد,حولي العيد الكبير,حولي العيد الرباط,حولي العيد الاضحى,ثمن حولي العيد",22,"People & Blogs",Lifestyle_(sociology),PT15M53S,953,2d,hd,false,ar,ar,https://i.ytimg.com/vi/xIiahjRyFX0/maxresdefault.jpg,1,,,,,255167,6558,,0,284
298,UCM1DoNEgK4KTERa61tGxB5w,"مول الشفنجة",pMbTYTRA9qw,2023-06-25T18:29:57Z,"2023-06-25 18:29:57","اليوم أثمنة حولي في رحبة مدينة الرحمة 🤑 مقارنة بين أسواق !؟ 25 يونيو 2023","للاعلان business.official@outlook.fr","الحولي,ثمن الحولي,الحولي البركي,سوق الحولي,حولي عيد الأضحى غالي,غلاء الحولي,سوق الثلاثاء الحولي,ثمن الحولي في المغرب,خيالي,الاهلي,الأهلي,ثمن الحولي ثمن كبش العيد,سوق الحولي بطنجة 2023,عزيز غالي,سوق الأربعاء الحولي عيد الأضحى,عزيز غالي المهداوي,شحال داير الحولي العيد الأضحى 2021,عزيز غالي مع المهداوي,سوق الاثنين الخولي,غالي الفتنة غلاء الأسعار,الأولى,حولي,حولي العيد,حولي العيد الكبير,حولي العيد الرباط,حولي العيد الاضحى,ثمن حولي العيد",22,"People & Blogs",,PT21M37S,1297,2d,hd,false,ar,ar,https://i.ytimg.com/vi/pMbTYTRA9qw/maxresdefault.jpg,1,,,,,78589,1713,,0,104
299,UCM1DoNEgK4KTERa61tGxB5w,"مول الشفنجة",Mwe6b2a8ikg,2023-06-24T13:18:21Z,"2023-06-24 13:18:21","سوق شعبي مأكولات شارع في المغرب 🇲🇦","للاعلان business.official@outlook.fr",,22,"People & Blogs","Food,Lifestyle_(sociology)",PT25M9S,1509,2d,hd,false,ar,ar,https://i.ytimg.com/vi/Mwe6b2a8ikg/maxresdefault.jpg,1,,,,,49711,1689,,0,104
300,UCM1DoNEgK4KTERa61tGxB5w,"مول الشفنجة",DEwpA4FVLVg,2023-06-23T13:46:46Z,"2023-06-23 13:46:46","مول الشفنجة : اغنام سوق جمعة سحيم بتاريخ : جمعة 23 يونيو 2023🐑","للاعلان business.official@outlook.fr #المغرب #viral #fyp #سوق_شعبي #fypシ #fypage",,22,"People & Blogs",,PT6M6S,366,2d,hd,false,ar,ar,https://i.ytimg.com/vi/DEwpA4FVLVg/maxresdefault.jpg,1,,,,,21330,979,,0,79
301,UCM1DoNEgK4KTERa61tGxB5w,"مول الشفنجة",JLi9tAp0cSY,2023-06-22T14:34:18Z,"2023-06-22 14:34:18","اليوم من أثمنة حولي في متاجر مرجان جودة ورخيصة 🤑ومقارنة بين أسواق ⁉️","للاعلان business.official@outlook.fr","حولي العيد 2023,حولي إسبانيا 2023,حولي سايس,حولي العيد,قناة حولي سايس,حولي,حولية,المواشي 2023,سوق حولي,بيع حولي,سوق مواشي 2023,حولي صردي,سوق المواشي 2023,حولي إسباني,حولي اسباني,اسعار المواشي 2023,شوف تيفي حولي,حولي اسبانيا,سوق الحولي,ثمن الحولي,بيع حولي العيد,حولي سايس برݣي,أثمنة حولي عيد,حولي صردي كيسر,رحبة الحولي,عيد الاضحى 2023,كباش العيد 2023,eid ul adha 2023,تمن حولي إسبانيا,سوق حاسي بحبح للمواشي 2023,موعد عيد الاضحى 2023",22,"People & Blogs",,PT16M39S,999,2d,hd,false,ar,ar,https://i.ytimg.com/vi/JLi9tAp0cSY/maxresdefault.jpg,1,,,,,45869,1556,,0,130
302,UCM1DoNEgK4KTERa61tGxB5w,"مول الشفنجة",u4z6t6GMezk,2023-06-21T15:26:59Z,"2023-06-21 15:26:59","مول الشفنجة : بتاريخ 2023/06/21 جولة في محلات بيع الاكباش واكتشاف أثمنة الحولي الصردي واحمر الراس","للاعلان business.official@outlook.fr #المغرب #أكبر #جولة #سوق_شعبي #سوق_بلدي #الجزائر #عيد_الاضحى","السوق الاسبوعي في اسبانيا,السوق في اسبانيا,الجديد في إسبانيا,دويرة في سوق من اسواق اسبانيا mercadillo,سوق شعبي,سوق شعبي في ايطاليا,فلوق في سوق شعبي,جولة في سوق شعبي,سوق شعبي في اسطنبول,سوق شعبي في ليون,سوق شعبي في باريس,سوق شعبي في فرنسا,أغرب مشهد في سوق شعبي,اسواق شعبية في تركيا,زيارة سوق شعبي,أرخص سوق شعبي,سوق شعبي في المغرب,أرخص سوق في المغرب,ازحم سوق شعبي,السوق الشعبي,ارخص سوق في المغرب,اغرب سوق في العالم,أغرب سوق في العالم,مأكولات",22,"People & Blogs",,PT21M38S,1298,2d,hd,false,ar,ar,https://i.ytimg.com/vi/u4z6t6GMezk/maxresdefault.jpg,1,,,,,45449,1489,,0,101
303,UCM1DoNEgK4KTERa61tGxB5w,"مول الشفنجة",2xgUYiiPLDE,2023-06-20T12:08:41Z,"2023-06-20 12:08:41","سوق شعبي : زيارة أكبر سوق شعبي 🥩 مأكولات الشعب في المغرب معانا أرخص وألذ شواية ‼️","للاعلان business.official@outlook.fr ⭐️كلمات رح ظيع وقتك!😞 #المغرب #سوق_شعبي #مأكولات #مأكولات_مغربية #جولة #أكبر#سوق_بلاي #لحم_ستيك #لحم_جمل #كفتة سوق مغربي,اغرب سوق شعبي,سوق شعبي,سوق,أغرب مشهد في سوق شعبي,زيارة سوق شعبي,سوق شعبي في ليون,جولة في سوق شعبي,فلوق في سوق شعبي,سوق شعبي في باريس,سوق شعبي في فرنسا,اغرب سوق شعبي تشوفه,سوق شعبي في ايطاليا,سوق شعبي في اسطنبول,اغرب سوق شعبي راح تشوفه,مغربي,سوق المغرب,ازحم سوق شعبي,أغرب سوق,اغرب سوق,أرخص سوق,طبخ مغربي,سوق الغرب,السوق الشعبي,اغرب سوق اكل,شاهد أغرب سوق,سوق الزيتون,سوق غريب,سوق البقر في المغرب,اخطر و اغرب سوق جولة في الصين,جولة في سوق شعبي,جولة في سوق الصين,سوق شعبي في اسطنبول,جولة,سوق شعبي في ايطاليا,جولة في اكبر مول,جولة في سوق,الحياة في الصين,سوق شعبي في ليون,فلوق في سوق شعبي,سوق شعبي في باريس,سوق شعبي في فرنسا,جولة في سوق صيني,اكبر سوق الجملة في فرنسا,في الصين,جولة في سوق فرنسا,اسواق شعبية في تركيا,جولة في السوق الشعبي,أشهر سوق في قطر,سوق شعبي في باكو,جولة في سوق العرب فرنسا,سوق شعبي,جولة في السوق الشعبي بوهران,سوق الصين الشعبي,سوق الصين","سوق شعبي في اسطنبول,سوق شعبي,جولة في سوق شعبي,سوق شعبي في ايطاليا,سوق شعبي في ليون,سوق شعبي في باريس,سوق شعبي في فرنسا,فلوق في سوق شعبي,اغرب سوق شعبي,أغرب مشهد في سوق شعبي,اسواق شعبية في تركيا,زيارة سوق شعبي,أرخص سوق شعبي,أرخص سوق,سوق شعبي في المغرب,اغرب سوق شعبي تشوفه,أرخص سوق في المغرب,اغرب سوق شعبي راح تشوفه,المغرب,ازحم سوق شعبي,السوق الشعبي,ارخص سوق في المغرب,اغرب سوق في العالم,أغرب سوق في العالم,السياحة في المغرب,في عمق المغرب,مأكولات,تجربة",22,"People & Blogs","Food,Lifestyle_(sociology)",PT24M15S,1455,2d,hd,false,ar,ar,https://i.ytimg.com/vi/2xgUYiiPLDE/maxresdefault.jpg,1,,,,,99205,3336,,0,204
304,UCM1DoNEgK4KTERa61tGxB5w,"مول الشفنجة",TxIogPTdX3Q,2023-06-19T08:53:13Z,"2023-06-19 08:53:13","مول شفنجة: أثمنة الخروف عيد الاضحى 2023 في مكازة 🤑","للاعلان business.official@outlook.fr",,22,"People & Blogs",,PT11M58S,718,2d,hd,false,ar,ar,https://i.ytimg.com/vi/TxIogPTdX3Q/maxresdefault.jpg,1,,,,,106515,2651,,0,182
305,UCM1DoNEgK4KTERa61tGxB5w,"مول الشفنجة",RgJ0BTJHc_0,2023-06-15T12:28:52Z,"2023-06-15 12:28:52","مول الشفنجة : ذكريات ابي 🤲",". ⭐️كلمات رح ظيع وقتك!😞 #المغرب #سوق_شعبي #مأكولات_بحرية #مأكولات_مغربية #جولة #أكبر#سوق_بلاي #لحم_ستيك #لحم_جمل #كفتة سوق مغربي,اغرب سوق شعبي,سوق شعبي,سوق,أغرب مشهد في سوق شعبي,زيارة سوق شعبي,سوق شعبي في ليون,جولة في سوق شعبي,فلوق في سوق شعبي,سوق شعبي في باريس,سوق شعبي في فرنسا,اغرب سوق شعبي تشوفه,سوق شعبي في ايطاليا,سوق شعبي في اسطنبول,اغرب سوق شعبي راح تشوفه,مغربي,سوق المغرب,ازحم سوق شعبي,أغرب سوق,اغرب سوق,أرخص سوق,طبخ مغربي,سوق الغرب,السوق الشعبي,اغرب سوق اكل,شاهد أغرب سوق,سوق الزيتون,سوق غريب,سوق البقر في المغرب,اخطر و اغرب سوق جولة في الصين,جولة في سوق شعبي,جولة في سوق الصين,سوق شعبي في اسطنبول,جولة,سوق شعبي في ايطاليا,جولة في اكبر مول,جولة في سوق,الحياة في الصين,سوق شعبي في ليون,فلوق في سوق شعبي,سوق شعبي في باريس,سوق شعبي في فرنسا,جولة في سوق صيني,اكبر سوق الجملة في فرنسا,في الصين,جولة في سوق فرنسا,اسواق شعبية في تركيا,جولة في السوق الشعبي,أشهر سوق في قطر,سوق شعبي في باكو,جولة في سوق العرب فرنسا,سوق شعبي,جولة في السوق الشعبي بوهران,سوق الصين الشعبي,سوق الصين","catch,cook,survival,boat camp,ollie craig,senator,island,remote,spear,spearing,freedive,freediving,speargun,diving,lobster,crayfish,sashimi,camping,wilderness,solo,2 days",22,"People & Blogs",,PT13M34S,814,2d,hd,false,ar,ar,https://i.ytimg.com/vi/RgJ0BTJHc_0/maxresdefault.jpg,1,,,,,30292,3384,,0,777
306,UCM1DoNEgK4KTERa61tGxB5w,"مول الشفنجة",iarfD3bdFUs,2023-06-11T16:48:58Z,"2023-06-11 16:48:58","سلام عليكم جميعا انا لله وانا اليه راجعون شكرا ليكم على دعواتكم الله يجازيكم بخير",,,22,"People & Blogs",,PT33S,33,2d,hd,false,ar,ar,https://i.ytimg.com/vi/iarfD3bdFUs/maxresdefault.jpg,1,,,,,210121,9233,,0,805
307,UCM1DoNEgK4KTERa61tGxB5w,"مول الشفنجة",65SqRyIS9Gg,2023-06-09T15:38:25Z,"2023-06-09 15:38:25","‏دعواتكم ‏ الخوت الب ديالي الله يرحمو 🤲",,,22,"People & Blogs",,PT1M13S,73,2d,hd,false,ar,ar,https://i.ytimg.com/vi/65SqRyIS9Gg/maxresdefault.jpg,1,,,,,17719,2023,,0,746
308,UCM1DoNEgK4KTERa61tGxB5w,"مول الشفنجة",Cn3pt1ZKdh4,2023-06-06T14:18:13Z,"2023-06-06 14:18:13","تحدي تحضير وجبت سمك في البيرة 🐟","للتواصل business.official@outlook.fr . ⭐️كلمات رح ظيع وقتك!😞 #المغرب #سوق_شعبي #مأكولات_بحرية #مأكولات_مغربية #جولة #أكبر#سوق_بلاي #لحم_ستيك #لحم_جمل #كفتة سوق مغربي,اغرب سوق شعبي,سوق شعبي,سوق,أغرب مشهد في سوق شعبي,زيارة سوق شعبي,سوق شعبي في ليون,جولة في سوق شعبي,فلوق في سوق شعبي,سوق شعبي في باريس,سوق شعبي في فرنسا,اغرب سوق شعبي تشوفه,سوق شعبي في ايطاليا,سوق شعبي في اسطنبول,اغرب سوق شعبي راح تشوفه,مغربي,سوق المغرب,ازحم سوق شعبي,أغرب سوق,اغرب سوق,أرخص سوق,طبخ مغربي,سوق الغرب,السوق الشعبي,اغرب سوق اكل,شاهد أغرب سوق,سوق الزيتون,سوق غريب,سوق البقر في المغرب,اخطر و اغرب سوق جولة في الصين,جولة في سوق شعبي,جولة في سوق الصين,سوق شعبي في اسطنبول,جولة,سوق شعبي في ايطاليا,جولة في اكبر مول,جولة في سوق,الحياة في الصين,سوق شعبي في ليون,فلوق في سوق شعبي,سوق شعبي في باريس,سوق شعبي في فرنسا,جولة في سوق صيني,اكبر سوق الجملة في فرنسا,في الصين,جولة في سوق فرنسا,اسواق شعبية في تركيا,جولة في السوق الشعبي,أشهر سوق في قطر,سوق شعبي في باكو,جولة في سوق العرب فرنسا,سوق شعبي,جولة في السوق الشعبي بوهران,سوق الصين الشعبي,سوق الصين",,22,"People & Blogs","Food,Lifestyle_(sociology),Pet",PT25M11S,1511,2d,hd,false,ar,ar,https://i.ytimg.com/vi/Cn3pt1ZKdh4/maxresdefault.jpg,1,,,,,48136,2913,,0,306
309,UCM1DoNEgK4KTERa61tGxB5w,"مول الشفنجة",TO7yUmi_Y1U,2023-06-05T17:39:11Z,"2023-06-05 17:39:11","مول الشفنجة : تحدي مع بناتي من سيربح الجائزة 😂 اجواء رائعة😄","للتواصل business.official@outlook.fr",,22,"People & Blogs",Lifestyle_(sociology),PT15M14S,914,2d,hd,false,ar,ar,https://i.ytimg.com/vi/TO7yUmi_Y1U/maxresdefault.jpg,1,,,,,77186,1682,,0,
310,UCM1DoNEgK4KTERa61tGxB5w,"مول الشفنجة",ZUEb1EdIxIs,2023-06-02T13:59:16Z,"2023-06-02 13:59:16","مول الشفنجة : يتحدى الغابة المهجورة 🌲","للتواصل business.official@outlook.fr . ⭐️كلمات رح ظيع وقتك!😞 #المغرب #سوق_شعبي #مأكولات_بحرية #مأكولات_مغربية #جولة #أكبر#سوق_بلاي #لحم_ستيك #لحم_جمل #كفتة سوق مغربي,اغرب سوق شعبي,سوق شعبي,سوق,أغرب مشهد في سوق شعبي,زيارة سوق شعبي,سوق شعبي في ليون,جولة في سوق شعبي,فلوق في سوق شعبي,سوق شعبي في باريس,سوق شعبي في فرنسا,اغرب سوق شعبي تشوفه,سوق شعبي في ايطاليا,سوق شعبي في اسطنبول,اغرب سوق شعبي راح تشوفه,مغربي,سوق المغرب,ازحم سوق شعبي,أغرب سوق,اغرب سوق,أرخص سوق,طبخ مغربي,سوق الغرب,السوق الشعبي,اغرب سوق اكل,شاهد أغرب سوق,سوق الزيتون,سوق غريب,سوق البقر في المغرب,اخطر و اغرب سوق جولة في الصين,جولة في سوق شعبي,جولة في سوق الصين,سوق شعبي في اسطنبول,جولة,سوق شعبي في ايطاليا,جولة في اكبر مول,جولة في سوق,الحياة في الصين,سوق شعبي في ليون,فلوق في سوق شعبي,سوق شعبي في باريس,سوق شعبي في فرنسا,جولة في سوق صيني,اكبر سوق الجملة في فرنسا,في الصين,جولة في سوق فرنسا,اسواق شعبية في تركيا,جولة في السوق الشعبي,أشهر سوق في قطر,سوق شعبي في باكو,جولة في سوق العرب فرنسا,سوق شعبي,جولة في السوق الشعبي بوهران,سوق الصين الشعبي,سوق الصين",,22,"People & Blogs",Lifestyle_(sociology),PT18M14S,1094,2d,hd,false,ar,ar,https://i.ytimg.com/vi/ZUEb1EdIxIs/maxresdefault.jpg,1,,,,,27775,1843,,0,161
311,UCM1DoNEgK4KTERa61tGxB5w,"مول الشفنجة",-qXKOni2Yl8,2023-05-30T17:09:19Z,"2023-05-30 17:09:19","مول الشفنجة: طبخ راس خروف في البرية 😋","⭐️كلمات رح ظيع وقتك!😞 #المغرب #سوق_شعبي #مأكولات_بحرية #مأكولات_مغربية #جولة #أكبر#سوق_بلاي #لحم_ستيك #لحم_جمل #كفتة سوق مغربي,اغرب سوق شعبي,سوق شعبي,سوق,أغرب مشهد في سوق شعبي,زيارة سوق شعبي,سوق شعبي في ليون,جولة في سوق شعبي,فلوق في سوق شعبي,سوق شعبي في باريس,سوق شعبي في فرنسا,اغرب سوق شعبي تشوفه,سوق شعبي في ايطاليا,سوق شعبي في اسطنبول,اغرب سوق شعبي راح تشوفه,مغربي,سوق المغرب,ازحم سوق شعبي,أغرب سوق,اغرب سوق,أرخص سوق,طبخ مغربي,سوق الغرب,السوق الشعبي,اغرب سوق اكل,شاهد أغرب سوق,سوق الزيتون,سوق غريب,سوق البقر في المغرب,اخطر و اغرب سوق جولة في الصين,جولة في سوق شعبي,جولة في سوق الصين,سوق شعبي في اسطنبول,جولة,سوق شعبي في ايطاليا,جولة في اكبر مول,جولة في سوق,الحياة في الصين,سوق شعبي في ليون,فلوق في سوق شعبي,سوق شعبي في باريس,سوق شعبي في فرنسا,جولة في سوق صيني,اكبر سوق الجملة في فرنسا,في الصين,جولة في سوق فرنسا,اسواق شعبية في تركيا,جولة في السوق الشعبي,أشهر سوق في قطر,سوق شعبي في باكو,جولة في سوق العرب فرنسا,سوق شعبي,جولة في السوق الشعبي بوهران,سوق الصين الشعبي,سوق الصين",,22,"People & Blogs","Food,Lifestyle_(sociology)",PT21M39S,1299,2d,hd,false,ar,ar,https://i.ytimg.com/vi/-qXKOni2Yl8/maxresdefault.jpg,1,,,,,45356,2805,,0,206
312,UCM1DoNEgK4KTERa61tGxB5w,"مول الشفنجة",uNQYa_XhekE,2023-05-27T01:00:18Z,"2023-05-27 01:00:18","من اجل البقاء : تحدي يوم كامل في البريه تحدي صيد وطبخ يوم رائع 🤯","⭐️كلمات رح ظيع وقتك!😞 #المغرب #سوق_شعبي #مأكولات_بحرية #مأكولات_مغربية #جولة #أكبر#سوق_بلاي #لحم_ستيك #لحم_جمل #كفتة سوق مغربي,اغرب سوق شعبي,سوق شعبي,سوق,أغرب مشهد في سوق شعبي,زيارة سوق شعبي,سوق شعبي في ليون,جولة في سوق شعبي,فلوق في سوق شعبي,سوق شعبي في باريس,سوق شعبي في فرنسا,اغرب سوق شعبي تشوفه,سوق شعبي في ايطاليا,سوق شعبي في اسطنبول,اغرب سوق شعبي راح تشوفه,مغربي,سوق المغرب,ازحم سوق شعبي,أغرب سوق,اغرب سوق,أرخص سوق,طبخ مغربي,سوق الغرب,السوق الشعبي,اغرب سوق اكل,شاهد أغرب سوق,سوق الزيتون,سوق غريب,سوق البقر في المغرب,اخطر و اغرب سوق جولة في الصين,جولة في سوق شعبي,جولة في سوق الصين,سوق شعبي في اسطنبول,جولة,سوق شعبي في ايطاليا,جولة في اكبر مول,جولة في سوق,الحياة في الصين,سوق شعبي في ليون,فلوق في سوق شعبي,سوق شعبي في باريس,سوق شعبي في فرنسا,جولة في سوق صيني,اكبر سوق الجملة في فرنسا,في الصين,جولة في سوق فرنسا,اسواق شعبية في تركيا,جولة في السوق الشعبي,أشهر سوق في قطر,سوق شعبي في باكو,جولة في سوق العرب فرنسا,سوق شعبي,جولة في السوق الشعبي بوهران,سوق الصين الشعبي,سوق الصين","youtube kids,the cure youtube,what about us,charlie watts,pictures of you cover,marwa loud bad boy,loupbar,peche,في باريس,سوق شعبي في,فرنسا,سوق شعبي في اسطنبول,اغرب سوق شعبي راح تشوفه,اغرب سوق,أرخص سوق,طبخ مغربي,السوق الشعبي,في البحر,نمس صيد الارانب,تحدي بقاء ليلة كاملة في الغابة,مقاطع صيد الارانب,صيد الارانب والحمام,تحدي النوم في السيارة,كيفية صيد الارانب بالفخ,كيف صيد الارانب,أرنب في طنجية,الثعلب الماكر",22,"People & Blogs","Food,Lifestyle_(sociology)",PT16M49S,1009,2d,hd,false,ar,ar,https://i.ytimg.com/vi/uNQYa_XhekE/maxresdefault.jpg,1,,,,,27056,2101,,0,167
313,UCM1DoNEgK4KTERa61tGxB5w,"مول الشفنجة",_kY3BLaya1U,2023-05-24T12:58:47Z,"2023-05-24 12:58:47","مول الشفنجة : احتفال بمناسبة 10k في البرية ميمكنش 😋حلوة 😋",#احتفال,"الحياة البرية,حكم المنية في البرية جاري,طبخ في البرية,الحياة في البرية,البرية,الحيوانات البرية,مغامرات في البرية,الحياة البرية في فيتنام,الحياة البرية في المغرب,الحياة البرية في الاسكا,الحياة البرية في الجزائر,الحياة البرية في سيبيريا,الحياة البرية في افريقيا,إشعال النار في البرية,الحياة البرية في الامازون,جولة في القرية,حلوة البلغة,جولة في الريف,حلوة البليغة,حلوى البرية,حلوة الوردة,احتفال",22,"People & Blogs","Food,Lifestyle_(sociology)",PT13M25S,805,2d,hd,false,ar,ar,https://i.ytimg.com/vi/_kY3BLaya1U/maxresdefault.jpg,1,,,,,21093,1907,,0,199
314,UCM1DoNEgK4KTERa61tGxB5w,"مول الشفنجة",PukYkPsLAj0,2023-05-21T15:11:48Z,"2023-05-21 15:11:48","وثائقي : لقيت مغرفة نقرة من الوزن الثقيل في اكبر سوق مغربي 💰😍سوق شعبي","للتواصل business.official@outlook.fr ⭐️شكرًا لكم على المشاهدة ❤️ فعل زر التنبيهات (🔔)عشان توصلك الفيديوهات الجديدة على طول! . . . ⭐️كلمات رح ظيع وقتك!😞 #المغرب #سوق_شعبي #مأكولات #مأكولات_مغربية #جولة #أكبر#سوق_بلاي #لحم_ستيك #لحم_جمل #كفتة سوق مغربي,اغرب سوق شعبي,سوق شعبي,سوق,أغرب مشهد في سوق شعبي,زيارة سوق شعبي,سوق شعبي في ليون,جولة في سوق شعبي,فلوق في سوق شعبي,سوق شعبي في باريس,سوق شعبي في فرنسا,اغرب سوق شعبي تشوفه,سوق شعبي في ايطاليا,سوق شعبي في اسطنبول,اغرب سوق شعبي راح تشوفه,مغربي,سوق المغرب,ازحم سوق شعبي,أغرب سوق,اغرب سوق,أرخص سوق,طبخ مغربي,سوق الغرب,السوق الشعبي,اغرب سوق اكل,شاهد أغرب سوق,سوق الزيتون,سوق غريب,سوق البقر في المغرب,اخطر و اغرب سوق جولة في الصين,جولة في سوق شعبي,جولة في سوق الصين,سوق شعبي في اسطنبول,جولة,سوق شعبي في ايطاليا,جولة في اكبر مول,جولة في سوق,الحياة في الصين,سوق شعبي في ليون,فلوق في سوق شعبي,سوق شعبي في باريس,سوق شعبي في فرنسا,جولة في سوق صيني,اكبر سوق الجملة في فرنسا,في الصين,جولة في سوق فرنسا,اسواق شعبية في تركيا,جولة في السوق الشعبي,أشهر سوق في قطر,سوق شعبي في باكو,جولة في سوق العرب فرنسا,سوق شعبي,جولة في السوق الشعبي بوهران,سوق الصين الشعبي,سوق الصين","تعلم الغوص,الصيد بالرمح,التنفس تحت الماء,رحلة غوص diving trip,أجي نصيدو,aji nsatydo,البحر الهائج,hicham mallouli,Hicham Mallouli هشام ملولي,البحث عن الذهب,البحث عن المفقودات,كاشف المعادن,تجت الماء,الذهب,الكنز المفقود,الكنز في المغرب,el kenz - الكنز,كاشف المعادن بالمغرب,كاشف المعادن garrett,التنقيب على الذهب,رحلة البحث عن الكنز تحت الماء,وجدت كنز,عثرت على كنز,وجود كنز تحت الماء,review,اول فلوق ليا بوحدي انا وادريس,Salima et Idriss officiel",22,"People & Blogs",,PT6M12S,372,2d,hd,false,ar,ar,https://i.ytimg.com/vi/PukYkPsLAj0/maxresdefault.jpg,1,,,,,52854,2114,,0,121
315,UCM1DoNEgK4KTERa61tGxB5w,"مول الشفنجة",8igqqmNijo8,2023-05-18T14:30:48Z,"2023-05-18 14:30:48","وثائقي : جولة في اكبر سوق شعبي ماكولات الشارع في المغرب 🇲🇦 جربنا أكل الشفنج 😋","⭐️شكرًا لكم على المشاهدة ❤️ فعل زر التنبيهات (🔔)عشان توصلك الفيديوهات الجديدة على طول! . . . . . . .. . . . #حياة_البرية #صيد #طبخ #تحدي#تحضير_طنجية#المغرب #مقلب #camping #bushcraft #village tcookig#challenge #أرنب حياة البرية,الحياة البرية,الحياة البرية وادي الذئاب,الحياة البرية والبحرية,الحيوانات البرية,حياة القرية,الحياة في البرية,الحياة البرية في المغرب,الحياة البرية والافتراس,الحياة البرية في سيبيريا,الحياة البرية في افريقيا,عالم الحيوانات البرية,الاسود البرية,اصعب الحياة البرية,#حياة القرية,وثائقي الحياة البرية,كيف أصور الحياة البرية,الحياة البرية في فيتنام,الحياة البرية في الاسكا,الطبيعة البرية,الحياة البرية في الجزائر,#حياة الريف صيد ارانب,صيد الأرنب,صيد أرانب,صيد,صيد الأرانب,نمس صيد الارانب,كيف صيد الارانب,صيد الارانب 2019,كيفية صيد الارانب,صيد الارانب بالفخ,مقاطع صيد الارانب,صيد الارانب بالسلق,كيف يتم صيد الارانب,ارانب,صيد الارانب بالسلاح,صيد الارانب بالصقور,صيد الارانب والحمام,الصيد,كيفية صيد الارانب بالفخ,صيد الارانب في السعوديه,صيد غزلان,موسم صيد الأرنب,صيد الارنب,الصيد البري,رحلة صيد,صيد الأرانب البرية,مصيدة الأرانب,صيد الارنب البري,صيد ارنب,صيد سمك طنجية في الكوكوط,الطنجية,الطنجية المراكشية,طنجية مراكشية,طنجية الدجاج في طنجرة الضغط,الطنجية المراكشية في الكوكوت,الطنجية بالدجاج,طنجية الدجاج,الطنجية المراكشية في الكوكوط حليمة الفيلالي,الطنجية في المجمر,الطنجية المراكشية بالأرنب,الطنجية في الكوكوت,الطنجية المراكشية في الفرن,الطنجية في الفرن الكهربائي,طنجية,طنجية مراكشية باللحم,الطنجية المراكشية بالأرنب أو القنية في الكوكوط,الطنجية المراكشية بالأرنب او القنية في الكوكوط,الطنجية بالقنية","تحدي صيد البط,صيد الارانب في السعوديه,صيد ارانب,تحدي البقاء في البرية,صيد أرانب,صيد الأرنب,تحدي صيد السمك,تحدي صيد الاخطبوط باليد,تحدي صيد سمك,تحدي السباحة في البحر,تحدي صيد سمك باليد,نمس صيد الارانب,تحدي بقاء ليلة كاملة في الغابة,صيد الارانب بالفخ,مقاطع صيد الارانب,صيد الارانب بالسلاح,صيد الارانب والحمام,تحدي صيد اخطبوط,تحدي النوم في السيارة,تحدي صيد,كيفية صيد الارانب,كيفية صيد الارانب بالفخ,كيف يتم صيد الارانب,كيف صيد الارانب,أرنب في طنجية",22,"People & Blogs","Food,Lifestyle_(sociology)",PT15M31S,931,2d,hd,false,ar,ar,https://i.ytimg.com/vi/8igqqmNijo8/maxresdefault.jpg,1,,,,,38046,1759,,0,113
316,UCM1DoNEgK4KTERa61tGxB5w,"مول الشفنجة",kcFv2lxdIK8,2023-05-16T21:58:38Z,"2023-05-16 21:58:38","مول الشفنجة : تحدي تحضير بيتزا الايطالية في البرية !! السعادة... kitchen","للتواصل business.official@outlook.fr . ⭐️كلمات رح ظيع وقتك!😞 #المغرب #سوق_شعبي #مأكولات_بحرية #مأكولات_مغربية #جولة #أكبر#سوق_بلاي #لحم_ستيك #لحم_جمل #كفتة سوق مغربي,اغرب سوق شعبي,سوق شعبي,سوق,أغرب مشهد في سوق شعبي,زيارة سوق شعبي,سوق شعبي في ليون,جولة في سوق شعبي,فلوق في سوق شعبي,سوق شعبي في باريس,سوق شعبي في فرنسا,اغرب سوق شعبي تشوفه,سوق شعبي في ايطاليا,سوق شعبي في اسطنبول,اغرب سوق شعبي راح تشوفه,مغربي,سوق المغرب,ازحم سوق شعبي,أغرب سوق,اغرب سوق,أرخص سوق,طبخ مغربي,سوق الغرب,السوق الشعبي,اغرب سوق اكل,شاهد أغرب سوق,سوق الزيتون,سوق غريب,سوق البقر في المغرب,اخطر و اغرب سوق جولة في الصين,جولة في سوق شعبي,جولة في سوق الصين,سوق شعبي في اسطنبول,جولة,سوق شعبي في ايطاليا,جولة في اكبر مول,جولة في سوق,الحياة في الصين,سوق شعبي في ليون,فلوق في سوق شعبي,سوق شعبي في باريس,سوق شعبي في فرنسا,جولة في سوق صيني,اكبر سوق الجملة في فرنسا,في الصين,جولة في سوق فرنسا,اسواق شعبية في تركيا,جولة في السوق الشعبي,أشهر سوق في قطر,سوق شعبي في باكو,جولة في سوق العرب فرنسا,سوق شعبي,جولة في السوق الشعبي بوهران,سوق الصين الشعبي,سوق الصين","joe hattab,جو حطاب,اغلى عسل في العالم,العسل المهلوس,عسل الهلوسة,اخطر عسل,اغلى عسل,نيبال,عسل المانوكا,عسل الجبال,السدر,Hallucinogen Honey Hunters,Hunting Mad Honey,nepal,Last Honey Hunter,Nepalese Honey,سوق مغربي,اغرب سوق شعبي,سوق شعبي,سوق,أغرب مشهد في سوق شعبي,زيارة سوق شعبي,سوق شعبي في ليون,جولة في سوق شعبي,سوق شعبي في باريس,سوق شعبي في ايطاليا,اغرب سوق شعبي راح تشوفه,مغربي,أغرب سوق,اغرب سوق,سوق الغرب,سوق البقر في المغرب",22,"People & Blogs","Food,Lifestyle_(sociology)",PT20M28S,1228,2d,hd,false,ar,ar,https://i.ytimg.com/vi/kcFv2lxdIK8/maxresdefault.jpg,1,,,,,29233,1697,,0,140
317,UCM1DoNEgK4KTERa61tGxB5w,"مول الشفنجة",z7DLv6R30eE,2023-05-12T14:34:02Z,"2023-05-12 14:34:02","تحدي تحضير شفنج في طبيعة متخيلوش شنو وقع 🤣🤣",,,22,"People & Blogs","Food,Lifestyle_(sociology)",PT22M2S,1322,2d,hd,false,ar,ar,https://i.ytimg.com/vi/z7DLv6R30eE/maxresdefault.jpg,1,,,,,39522,2652,,0,267
318,UCM1DoNEgK4KTERa61tGxB5w,"مول الشفنجة",d2Soz9KTCxU,2023-05-11T12:46:03Z,"2023-05-11 12:46:03","11 ماي 2023",,,22,"People & Blogs",,PT16S,16,2d,hd,false,ar,ar,https://i.ytimg.com/vi/d2Soz9KTCxU/maxresdefault.jpg,1,,,,,89897,2692,,0,38
319,UCM1DoNEgK4KTERa61tGxB5w,"مول الشفنجة",lUkbOB_Jnb0,2023-05-08T20:08:19Z,"2023-05-08 20:08:19","حياة البرية : تحدي تحضير دجاج محمر في البرية🐔الدجاج اللي ما كيطيبش 😂","للتواصل business.official@outlook.fr ⭐️كلمات رح ظيع وقتك!😞 #bushcraft #challenge #فطور #recette #village #دجاجة_مشوية #recette #حياة #البرية #poulet دجاج مشوي,دجاج مشوي بالفرن,دجاج,دجاج مشوي على الفحم,دجاج محمر,دجاج مشوي في الفرن,دجاجة مشوية,دجاج مشوي مطعم,تتبيلة دجاج مشوي,دجاج مشوي بالتنور,دجاج مشوي على الفاخر,فروج مشوي,تتبيلة الدجاج المشوي,فراخ مشوية,دجاجة,دجاج مشوية,دجاج مشوي روعه,كباب دجاج مشوي,دجاج مشوي محشي,دجاج مشوي عراقي,لحم مشوي,دجاج مشوي مع الرز,دجاج مشوي عالفحم,دجاج مشوي بالخضار,دجاج مشوي بالسماق,وصفة دجاج مشوي سهلة,اروع وصفه دجاج مشوي,دجاج مشوي بالليمون,مشاوي شبوط,سمكة,سمك الشبوط,صيد سمك الشبوط,الشبوط,أسماك الشبوط,اسرار صيد سمك الشبوط,صيد الشبوط,صيد اكبر شبوط بالعراق,شاهد سمك الشبوط العملاق في سد العظيم,صيد الشبوط بالعجينة,اصطياد أكبر سمكة الكوربين,تعلم كيفية تحضير سمكة الكارب,سمك,السمك,طريقة شوي سمك,شوي سمك,طريقة شوي السمك,سمك مشوي,سمك كارب,سمك القرب,صيد السمك,سمك مسكوف,شوي السمك,سمك الكارب,سمك كاريبي,صيد سمك شلل,صيد سمك البز,صيد سمك الكرب,طعم صيد السمك,صمك,اطيب سمك مسكوف,أبو تحدي عجلة الحظ,تحدي,عجلة الحظ,تحديات,تحدي عجلة الحظ على البرقر,تحدي عجلة الحظ على البرجر,تحدي البيتزا على عجلة الحظ,تحدي البرقر بعجلة الحظ,تحدي البركر بعجلة الحظ,تحدي الاكل,تحدي الصحن,تحدي الكروت,تحدي البرغر بعجلة الحظ الغامضة,تحدي البرجر بعجلة الحظ الغامضة,تحدي اكل,تحدي سرعه,تحدي ببجي,عجلة الحظ الغامضة,تحدي بعجلة الحظ,تحدي الاكل من عجلة الحظ,تحدي لا تختار الورقة الخطأ,تحدي البرغر بعجلة الحظ,تحدي طبخات التيك توك,تحدي الضحك,تحدي الشارع تحدي صيد سمك,تحدي صيد سمك باليد,تحدي صيد اخطبوط,تحدي قوي,تحدي صيد الاخطبوط باليد,تحدي,صيد,صيد سمك,تحدي صيد السمك,تحدي صيد,تحدي خنفشاري,تحدي الثلج,تحدي الغوص,تحديات,طلعة صيد,صيد الاخطبوط,رحلة صيد سمك رمضانية,صيد الاخطبوط باليد,صيد السمك,تحدي صيد البط,تحديات رمضان,تحدي فطور رمضان,تحدي اكل,تجربة صيد الاخطبوط باليد,افطار رمضاني,تحدي الصيد,رمضان,تحدي السباحة,تحلية رمضان,تحدي الأيدي,تحدي صيد الاستكوزا باليد,فطور رمضان,افطار رمضان بحيرة الموت,بحيرة,بحيرة النطرون,البحيرة القاتلة,بحيرة الموث,بحيرة الموت في المغرب,الموت،,أخطر بحيرة في العالم,بحيرة نيوس,أخطر بحيرة,بحيرة قاتلة,المسك,بحيرة نيوس البحيرة القاتلة,بحيرة النترون,البحيرة,بحيرة الناترون,بحيرة التماثيل,البحيرة السيئة,اوعي تفكر تروح هناك (بحيره الموت) 😱,منزل بحيرة,بحيرة نايوس,الموت,انفجار بحيرة,بحيرة لوخ نيس,بحيرة نيوس القاتلة,مزرعة الموت,ما هي البحيرة","تحدي الاكل,تحدي,تحديات,تحدي الدجاجة المشوية,تحدي عجلة الحظ,دجاج مشوي,تحدي الاكل الكوري ضد الاكل العراقي,تحدي عجلة الحظ على البرقر,تحدي عجلة الحظ على البرجر,تحدي تحضير افضل لانش بوكس,تحدي الدجاجة المشوية كاملة,تحدي الاكل على حسب لون ملابسنا,تحدي الدجاج مشوي,دجاج مقرمش,تحدي البيتزا على عجلة الحظ,تحدي عجلة الحظ على الفشار,تحدي الاكل السريع vs الاكل البطيء,تحدي عجلة الحظ على الشامية,عجلة الحظ,تحدي البرقر بعجلة الحظ,تحدي البركر بعجلة الحظ,دجاج بطريقة ميكانيكية",22,"People & Blogs","Food,Lifestyle_(sociology)",PT19M28S,1168,2d,hd,false,ar,ar,https://i.ytimg.com/vi/lUkbOB_Jnb0/maxresdefault.jpg,1,,,,,38928,2582,,0,255
320,UCM1DoNEgK4KTERa61tGxB5w,"مول الشفنجة",I41UO8pHMe4,2023-05-06T13:35:52Z,"2023-05-06 13:35:52","مول الشفنجة : طيبت سباكيتي الايطالية باللمسة المغربية 😋 تحدي مع بناتي😘","للتواصل business.official@outlook.fr","Lbenj,JMI,la3zawi family Two,أول يوم بعد الولادة,يونس شاف اخوه البيبي,تجهيزات العرس,اخيرا .. ابتسام ولدات",22,"People & Blogs","Food,Lifestyle_(sociology)",PT11M39S,699,2d,hd,false,ar,ar,https://i.ytimg.com/vi/I41UO8pHMe4/maxresdefault.jpg,1,,,,,18989,1522,,0,213
321,UCM1DoNEgK4KTERa61tGxB5w,"مول الشفنجة",rvCNCAT1CZM,2023-05-03T17:44:33Z,"2023-05-03 17:44:33","مول الشفنجة : تحدي إعداد دجاج كنتاكي في البرية STORY TIME","للتواصل business.official@outlook.fr",,22,"People & Blogs","Food,Lifestyle_(sociology)",PT27M8S,1628,2d,hd,false,ar,ar,https://i.ytimg.com/vi/rvCNCAT1CZM/maxresdefault.jpg,1,,,,,54867,3425,,0,227
322,UCM1DoNEgK4KTERa61tGxB5w,"مول الشفنجة",PWpU7h1qzSU,2023-04-27T18:33:53Z,"2023-04-27 18:33:53","27 أبريل 2023",,,22,"People & Blogs",,PT16S,16,2d,hd,false,ar,ar,https://i.ytimg.com/vi/PWpU7h1qzSU/maxresdefault.jpg,1,,,,,149518,5594,,0,75
323,UCM1DoNEgK4KTERa61tGxB5w,"مول الشفنجة",Y7Vs1-dYyH8,2023-04-26T14:35:28Z,"2023-04-26 14:35:28","مول الشفنجة : تحدي تحضير اجمل اكله في المغرب انا واصدقائي 😂 الكرعين!!","للتواصل business.official@outlook.fr",,22,"People & Blogs","Food,Lifestyle_(sociology)",PT15M10S,910,2d,hd,false,ar,ar,https://i.ytimg.com/vi/Y7Vs1-dYyH8/maxresdefault.jpg,1,,,,,38300,2578,,0,188
324,UCM1DoNEgK4KTERa61tGxB5w,"مول الشفنجة",qVMI978vmQs,2023-04-22T14:54:47Z,"2023-04-22 14:54:47","مول شفنجة : يوم العيد خرجت مع بناتي ا جربنا الطون ( خانز ا بنين)😋",,,22,"People & Blogs","Food,Lifestyle_(sociology)",PT11M51S,711,2d,hd,false,ar,ar,https://i.ytimg.com/vi/qVMI978vmQs/maxresdefault.jpg,1,,,,,86368,5069,,0,433
325,UCM1DoNEgK4KTERa61tGxB5w,"مول الشفنجة",Q4qa3h1R3M4,2023-04-19T21:46:55Z,"2023-04-19 21:46:55","مول الشفنجة : أغرب طريقة لتحضير الدجاج المشوي في البرية 😱 لن تصدق 🤣 الموت ديال الضحك 😂","⭐️كلمات رح ظيع وقتك!😞 حياة البرية,الحياة البرية,الحياة في البرية,عالم الحيوانات البرية,الحيوانات البرية,الحياة البرية وادي الذئاب,الحياة البرية والبحرية,الحياة القاسية للحيوانات البرية,الاسود البرية,الحياة البرية في المغرب,الحياة البرية والافتراس,الحياة البرية في سيبيريا,الحياة البرية في افريقيا,الطبيعة البرية,اصعب الحياة البرية,الحياة فى البرية,#حياة القرية,وثائقي الحياة البرية,طبخ في البرية,أقوياء البرية,الحياة البرية في فيتنام,الحياة البرية في الاسكا تحدي,تحديات,تحدي تحضير افضل لانش بوكس,تحدي الاكل,تحدي الغذاء,تحدي عجلة الحظ,تحدي الدجاج مشوي,تحدي البيتزا على عجلة الحظ,تحدي الدجاجة المشوية,تحدي البرقر بعجلة الحظ,تحدي البركر بعجلة الحظ,تحدي عجلة الحظ على البرقر,تحدي عجلة الحظ على البرجر,تحدي عجلة الحظ على الفشار,تحدي عجلة الحظ على الشامية,تحدي الدجاجة المشوية كاملة,تحدي الاكل على حسب لون ملابسنا,تحدي الاكل السريع vs الاكل البطيء,تحدي الاكل الكوري ضد الاكل العراقي,الألوفيرا,فوائد الألوفيرا","حياة البرية: تحدي تحضير أخر فطور رمضاني بطريق ميكانيكية ⚙️ تحدي عجلة 😱يستحق مشاهدة ‼️,lhjaouj vlogs,حياة البرية,الحياة البرية,الحياة في البرية,عالم الحيوانات البرية,الحيوانات البرية,الحياة البرية وادي الذئاب,الحياة البرية والبحرية,الحياة القاسية للحيوانات البرية,الاسود البرية,الحياة البرية في المغرب,الحياة البرية والافتراس,الحياة البرية في سيبيريا,الحياة البرية في افريقيا,الطبيعة البرية,اصعب الحياة البرية,الحياة فى البرية,#حياة القرية,وثائقي الحياة البرية",22,"People & Blogs","Food,Lifestyle_(sociology),Tourism",PT20M27S,1227,2d,hd,false,ar,ar,https://i.ytimg.com/vi/Q4qa3h1R3M4/maxresdefault.jpg,1,,,,,14751,1195,,0,78
326,UCM1DoNEgK4KTERa61tGxB5w,"مول الشفنجة",7gfP3PyI-Q8,2023-04-18T21:58:58Z,"2023-04-18 21:58:58","مول الشفنجة : تحدي تحضير الرفيسة في ليلة 27 🌙 اجواء رائعة",,,22,"People & Blogs","Food,Lifestyle_(sociology)",PT12M11S,731,2d,hd,false,ar,ar,https://i.ytimg.com/vi/7gfP3PyI-Q8/maxresdefault.jpg,1,,,,,28375,1742,,0,149
327,UCM1DoNEgK4KTERa61tGxB5w,"مول الشفنجة",LWWFaeOn5bg,2023-04-17T19:42:58Z,"2023-04-17 19:42:58","مول الشفنجة : تحدي تحضير الكسكس في البرية في رمضان 🌙سعادة ‼️","⭐️شكرًا لكم على المشاهدة ❤️ فعل زر التنبيهات (🔔)عشان توصلك الفيديوهات الجديدة على طول! تقدم لك قناة (مول الشفنجة)أفضل وسائل الترفيه و مغامرات في الطبيعة ،نجعلك تميل إلى الأمام ،بينما تسافر في جميع انحاء ألعالم ،بقصص جديدة ومقنعة وشخصيات جذابة … تحدي تحضير كسكس في البرية,تحضير الكسكس,الكسكس,تحضير كسكس في الغابة,تحدي,الكسكس المغربي,تحديات,طريقة تحضير الكسكس,تحضير الكسكسي لطيور,طريقة تحضير الكسكس بالدجاج,الكسكسي,تحضير كسكس,تحدي تحضير وجبة متكاملة ب 10 دولار,تحدي الكسكس المغربي,تحدي تحضير وجبة متكاملة بعشرة دولارات فقط,طريقة تحضير كسكس,@تحدي الكسكس المغربي مع الكسكسي التونسي,تحضير الرفيسة,أقوى تحدي تحضير وجبة متكاملة و لذيذة بعشرة دولارات فقط,كيفية تحضير كسكسي الأفراح و المناسبات ⭐️كلمات رح ظيع وقتك!😞 #فطور_رمضاني #فطور #رمضان #فطور رمضان,رمضان,سحور رمضان,فطور,وصفات رمضان,شهيوات رمضان,كيتو رمضان,رمضان 2020,فوائد تناول 7 تمرات على فطور رمضان,فطور العيلة السورية في رمضان,تحلية رمضان,وجبات رمضان,رمضاني,الكيتو في رمضان,وصفات كيتونية لرمضان,تمر رمضان,عصائر رمضانية,رمضانيات,عصير رمضان,سحور رمضان 2023,سحور رمضان خفيف,عصام ونور رمضان,عصائر رمضان,سحور رمضان في مصر,في رمضان,فطور مغربي,تحلية رمضانية,طبخ رمضان,روتيني في رمضان,عشاء رمضان,سفرة رمضان,فلوق رمضان مزارع الملح #جولة في مصانع الملح,مزارع,جولة في مصانع السكر والملح,مزارع سم العقرب,مزارع دينا,جبن مزارع دينا,جبنة مزارع دينا,جبنه مزارع دينا,صناعة الملح فى مصر,منتجات مزارع دينا,صناعة الملح البحري,صناعة الملح الصخري,استخراج الملح الصخري,استخراج الملح البحري,صناعة الملح في السودان,صناعة الملح في السعودية,أكبر مصانع في العالم,أرباب العمل,جولة في أكبر مصانع العالم,جولة في مصانع السكر,شارع العرب,عالم الحيوان,عالم الحيوانات,عالم غريب,تايلاند شارع العرب المغرب وثائقي,وثايقي,dw وثائقية,افلام وثائقية dw,وثائقية دي دبليو,عواطف,مستقبل,نساء,عبقرية,أدوار الجنسين,الصين,dw documentary وثائقية دي دبليو,مرأة,هندسة معمارية,موهبة,تلاعب,إعلان,التسويق العصبي,كليشيهات,فن العمارة,دويتشه فيله سافر,مشاوير,سبت اخضر,مساء جديد,الخرطوم,اخبار,فتاوي,صحة وعافية,القيثارة,ناجي الشمري,أغاني عربية,كالآتي,الو مرحبا,بعد الطبع,وليد الهاجري سافر,وليد الهاجري,أغاني عراقية,وتري,مافي مشكلة,السودان,شباب القيثارة,لمسة و لمسة,أغاني 2020,أغاني جديدة,كاميرا بي ان,ليالي,الموقف الاخباري,أجدد الأغاني,قناة النيل الازرق,اغنيات من البرامج,قناة شباب القيثارة,أغاني شباب القيثارة,اغاني و اغاني 2021,البحث عن هدف,لينا قاسم,المنتج ناجي الشمري,مطبخ علي النيل,وتري برودكشن,100 عبد المجيد تبون,رئاسة الجمهورية,البث الحي,الجزائر,قناة الجزائر الدولية,دولي,مباشر,أخبار,حصري تحديات,تحدي,حلويات,فقاعات,الملياردير,شوكولاتة,تناول الشوكولاتة,واحدة مقابل يدين اثنتين,حامل,طعام الشوكولاتة,من الشوكولاتة,لون واحد,تناول بلا أيدي,مقالب,عملاق,مدرسة,أزرق مقابل أحمر,مرح,غني مقابل مفلس,مُتَبنى,100 طبقة طعام,حلوى,ممتع,غالي مقابل رخيص,كبير متوسط صغير,طعام بلون واحد,راتاتا بالعربي,طعام كبير مقابل متوسط مقابل صغير,100 طبقة,طالب فقير مقابل غني مقابل ثري,أفكار يمكنك تنفيذها بنفسك,الفقاعات مقابل الشوكولاتة,علكة الفقاعات #voyager #camping #cascades #مقابل الشوكولاتة وادي اوريكة,طريق أوريكة,منطقة اوريكة,فيضان نهر اوريكة,لا تفوت زيارة اوريكة,فيديو عن منطقة اوريكة,مناظر خلابة,شلالات ستي فاضمة,الأطلس الكبير,أجمل المحطات بمنطقة أوريكة,المناظر الطبيعيه في اوريكة,اجمل المناطق بمراكش,أجمل المناطق السياحية بمراكش,10 اجمل الأماكن السياحية بالمغرب مناطق سياحية في المغرب,أفضل المناطق السياحية في المغرب,فنزويلا,ميامي,طبيعة,السياحية في المغرب,السياحة في المغرب,اجمل الاماكن,أجمل مدينة في العالم,متواجدة,بحيرة,منتجع,سيدني,الفيروز البلورية,أجمل مناظر في العالم,اجمل مكان,السويد,أجمل بلد في العالم,أجمل مدن العالم,نم عقلك,سياحية في دولة المغرب,مكان,أجمل مكان في العالم,حدائق,تمثال,تشيلي,مراكش,بليتفيتش,كابيلانو,فلورانسا,زاكينثوس,سيزونز,تيان تان بوذا,بيرو,جبال,الكهوف الزرقاء,سياحية في دولة المغرب العربي,بوكيت,عققلك دقيقة",,22,"People & Blogs","Food,Lifestyle_(sociology),Tourism",PT21M49S,1309,2d,sd,false,ar,ar,https://i.ytimg.com/vi/LWWFaeOn5bg/maxresdefault.jpg,1,,,,,20694,1267,,0,80
328,UCM1DoNEgK4KTERa61tGxB5w,"مول الشفنجة",0ETDqMx129g,2023-04-15T23:08:46Z,"2023-04-15 23:08:46","وثائقي مول الشفنجة : حقائق صادمه في اخطر مغامرة في سجن مهجور ⛔️مرعب⛔️","⭐️شكرًا لكم على المشاهدة ❤️ فعل زر التنبيهات (🔔)عشان توصلك الفيديوهات الجديدة على طول! تقدم لك قناة (مول الشفنجة) أفضل وسائل الترفيه و مغامرات في الطبيعة ،نجعلك تميل إلى الأمام ،بينما تسافر في جميع انحاء ألعالم ،بقصص جديدة ومقنعة وشخصيات جذابة … #قصبة بولعوان,قصبة بلعوان التاريخية,قصبة بلعوان,بولعوان,قصبة بولعوان دكالة,قصبة السلطان,قصبة بولعوان مغامرة صعبة في سجن قديم,سوق بولعوان,جماعة بلعوان,سوق بلعوان,جولة في سوق بولعوان,قصبة,منطقة بولعوان,جولة جميلة في بلعوان,قصبة مهجورة,قصبة السلطان الكحل,بولعوان إقليم الجديدة,قصبةبولعوان,قصبة المولى الاسماعيل,القصبة الإسماعيلية,ترميم قصبةبولعوان,جولة جميلة في بولعوان /eco lodge safa boulaouane,قصبةبولعوان مغامرة صعبة في سجن قديم,اخطر مكان في العالم المغرب #voyager #سجن #قصبة #بولعوان",,22,"People & Blogs",Tourism,PT10M39S,639,2d,sd,false,ar,ar,https://i.ytimg.com/vi/0ETDqMx129g/maxresdefault.jpg,1,,,,,8494,688,,0,57
329,UCM1DoNEgK4KTERa61tGxB5w,"مول الشفنجة",75XKUMy_zq8,2023-04-10T19:20:18Z,"2023-04-10 19:20:18","مول الشفنجة : حياة البرية تحدي تحضير فطور بطجين ديال الطين 🌙يستحق المشاهدة ‼️","⭐️شكرًا لكم على المشاهدة ❤️ فعل زر التنبيهات (🔔)عشان توصلك الفيديوهات الجديدة على طول! تقدم لك قناة (مول الشفنجة )أفضل وسائل الترفيه و مغامرات في الطبيعة ،نجعلك تميل إلى الأمام ،بينما تسافر في جميع انحاء ألعالم ،بقصص جديدة ومقنعة وشخصيات جذابة … تحدي تحضير كسكس في البرية,تحضير الكسكس,الكسكس,تحضير كسكس في الغابة,تحدي,الكسكس المغربي,تحديات,طريقة تحضير الكسكس,تحضير الكسكسي لطيور,طريقة تحضير الكسكس بالدجاج,الكسكسي,تحضير كسكس,تحدي تحضير وجبة متكاملة ب 10 دولار,تحدي الكسكس المغربي,تحدي تحضير وجبة متكاملة بعشرة دولارات فقط,طريقة تحضير كسكس,@تحدي الكسكس المغربي مع الكسكسي التونسي,تحضير الرفيسة,أقوى تحدي تحضير وجبة متكاملة و لذيذة بعشرة دولارات فقط,كيفية تحضير كسكسي الأفراح و المناسبات ⭐️كلمات رح ظيع وقتك!😞 #فطور_رمضاني #فطور #رمضان #فطور رمضان,رمضان,سحور رمضان,فطور,وصفات رمضان,شهيوات رمضان,كيتو رمضان,رمضان 2020,فوائد تناول 7 تمرات على فطور رمضان,فطور العيلة السورية في رمضان,تحلية رمضان,وجبات رمضان,رمضاني,الكيتو في رمضان,وصفات كيتونية لرمضان,تمر رمضان,عصائر رمضانية,رمضانيات,عصير رمضان,سحور رمضان 2023,سحور رمضان خفيف,عصام ونور رمضان,عصائر رمضان,سحور رمضان في مصر,في رمضان,فطور مغربي,تحلية رمضانية,طبخ رمضان,روتيني في رمضان,عشاء رمضان,سفرة رمضان,فلوق رمضان مزارع الملح #جولة في مصانع الملح,مزارع,جولة في مصانع السكر والملح,مزارع سم العقرب,مزارع دينا,جبن مزارع دينا,جبنة مزارع دينا,جبنه مزارع دينا,صناعة الملح فى مصر,منتجات مزارع دينا,صناعة الملح البحري,صناعة الملح الصخري,استخراج الملح الصخري,استخراج الملح البحري,صناعة الملح في السودان,صناعة الملح في السعودية,أكبر مصانع في العالم,أرباب العمل,جولة في أكبر مصانع العالم,جولة في مصانع السكر,شارع العرب,عالم الحيوان,عالم الحيوانات,عالم غريب,تايلاند شارع العرب المغرب وثائقي,وثايقي,dw وثائقية,افلام وثائقية dw,وثائقية دي دبليو,عواطف,مستقبل,نساء,عبقرية,أدوار الجنسين,الصين,dw documentary وثائقية دي دبليو,مرأة,هندسة معمارية,موهبة,تلاعب,إعلان,التسويق العصبي,كليشيهات,فن العمارة,دويتشه فيله سافر,مشاوير,سبت اخضر,مساء جديد,الخرطوم,اخبار,فتاوي,صحة وعافية,القيثارة,ناجي الشمري,أغاني عربية,كالآتي,الو مرحبا,بعد الطبع,وليد الهاجري سافر,وليد الهاجري,أغاني عراقية,وتري,مافي مشكلة,السودان,شباب القيثارة,لمسة و لمسة,أغاني 2020,أغاني جديدة,كاميرا بي ان,ليالي,الموقف الاخباري,أجدد الأغاني,قناة النيل الازرق,اغنيات من البرامج,قناة شباب القيثارة,أغاني شباب القيثارة,اغاني و اغاني 2021,البحث عن هدف,لينا قاسم,المنتج ناجي الشمري,مطبخ علي النيل,وتري برودكشن,100 عبد المجيد تبون,رئاسة الجمهورية,البث الحي,الجزائر,قناة الجزائر الدولية,دولي,مباشر,أخبار,حصري تحديات,تحدي,حلويات,فقاعات,الملياردير,شوكولاتة,تناول الشوكولاتة,واحدة مقابل يدين اثنتين,حامل,طعام الشوكولاتة,من الشوكولاتة,لون واحد,تناول بلا أيدي,مقالب,عملاق,مدرسة,أزرق مقابل أحمر,مرح,غني مقابل مفلس,مُتَبنى,100 طبقة طعام,حلوى,ممتع,غالي مقابل رخيص,كبير متوسط صغير,طعام بلون واحد,راتاتا بالعربي,طعام كبير مقابل متوسط مقابل صغير,100 طبقة,طالب فقير مقابل غني مقابل ثري,أفكار يمكنك تنفيذها بنفسك,الفقاعات مقابل الشوكولاتة,علكة الفقاعات #voyager #camping #cascades #مقابل الشوكولاتة وادي اوريكة,طريق أوريكة,منطقة اوريكة,فيضان نهر اوريكة,لا تفوت زيارة اوريكة,فيديو عن منطقة اوريكة,مناظر خلابة,شلالات ستي فاضمة,الأطلس الكبير,أجمل المحطات بمنطقة أوريكة,المناظر الطبيعيه في اوريكة,اجمل المناطق بمراكش,أجمل المناطق السياحية بمراكش,10 اجمل الأماكن السياحية بالمغرب مناطق سياحية في المغرب,أفضل المناطق السياحية في المغرب,فنزويلا,ميامي,طبيعة,السياحية في المغرب,السياحة في المغرب,اجمل الاماكن,أجمل مدينة في العالم,متواجدة,بحيرة,منتجع,سيدني,الفيروز البلورية,أجمل مناظر في العالم,اجمل مكان,السويد,أجمل بلد في العالم,أجمل مدن العالم,نم عقلك,سياحية في دولة المغرب,مكان,أجمل مكان في العالم,حدائق,تمثال,تشيلي,مراكش,بليتفيتش,كابيلانو,فلورانسا,زاكينثوس,سيزونز,تيان تان بوذا,بيرو,جبال,الكهوف الزرقاء,سياحية في دولة المغرب العربي,بوكيت,عققلك دقيقة",,22,"People & Blogs","Food,Lifestyle_(sociology),Tourism",PT20M58S,1258,2d,sd,false,ar,ar,https://i.ytimg.com/vi/75XKUMy_zq8/maxresdefault.jpg,1,,,,,21551,1756,,0,206
330,UCM1DoNEgK4KTERa61tGxB5w,"مول الشفنجة",FTFThpHegYk,2023-04-05T07:54:22Z,"2023-04-05 07:54:22","مول شفنجة: فطور بطجين في البرية سعادة رمضان ⛺️","⭐️شكرًا لكم على المشاهدة ❤️ فعل زر التنبيهات (🔔)عشان توصلك الفيديوهات الجديدة على طول! تقدم لك قناة (مول شفنجة )أفضل وسائل الترفيه و مغامرات في الطبيعة ،نجعلك تميل إلى الأمام ،بينما تسافر في جميع انحاء ألعالم ،بقصص جديدة ومقنعة وشخصيات جذابة … ⭐️كلمات رح ظيع وقتك!😞 #poisson #tendoor#village #camping #voyager #recette #challenge #فطور_رمضاني #فطور #رمضان #فطور رمضان,رمضان,سحور رمضان,فطور,وصفات رمضان,شهيوات رمضان,كيتو رمضان,رمضان 2020,فوائد تناول 7 تمرات على فطور رمضان,فطور العيلة السورية في رمضان,تحلية رمضان,وجبات رمضان,رمضاني,الكيتو في رمضان,وصفات كيتونية لرمضان,تمر رمضان,عصائر رمضانية,رمضانيات,عصير رمضان,سحور رمضان 2023,سحور رمضان خفيف,عصام ونور رمضان,عصائر رمضان,سحور رمضان في مصر,في رمضان,فطور مغربي,تحلية رمضانية,طبخ رمضان,روتيني في رمضان,عشاء رمضان,سفرة رمضان,فلوق رمضان مزارع الملح #جولة في مصانع الملح,مزارع,جولة في مصانع السكر والملح,مزارع سم العقرب,مزارع دينا,جبن مزارع دينا,جبنة مزارع دينا,جبنه مزارع دينا,صناعة الملح فى مصر,منتجات مزارع دينا,صناعة الملح البحري,صناعة الملح الصخري,استخراج الملح الصخري,استخراج الملح البحري,صناعة الملح في السودان,صناعة الملح في السعودية,أكبر مصانع في العالم,أرباب العمل,جولة في أكبر مصانع العالم,جولة في مصانع السكر,شارع العرب,عالم الحيوان,عالم الحيوانات,عالم غريب,تايلاند شارع العرب المغرب وثائقي,وثايقي,dw وثائقية,افلام وثائقية dw,وثائقية دي دبليو,عواطف,مستقبل,نساء,عبقرية,أدوار الجنسين,الصين,dw documentary وثائقية دي دبليو,مرأة,هندسة معمارية,موهبة,تلاعب,إعلان,التسويق العصبي,كليشيهات,فن العمارة,دويتشه فيله سافر,مشاوير,سبت اخضر,مساء جديد,الخرطوم,اخبار,فتاوي,صحة وعافية,القيثارة,ناجي الشمري,أغاني عربية,كالآتي,الو مرحبا,بعد الطبع,وليد الهاجري سافر,وليد الهاجري,أغاني عراقية,وتري,مافي مشكلة,السودان,شباب القيثارة,لمسة و لمسة,أغاني 2020,أغاني جديدة,كاميرا بي ان,ليالي,الموقف الاخباري,أجدد الأغاني,قناة النيل الازرق,اغنيات من البرامج,قناة شباب القيثارة,أغاني شباب القيثارة,اغاني و اغاني 2021,البحث عن هدف,لينا قاسم,المنتج ناجي الشمري,مطبخ علي النيل,وتري برودكشن,100 عبد المجيد تبون,رئاسة الجمهورية,البث الحي,الجزائر,قناة الجزائر الدولية,دولي,مباشر,أخبار,حصري تحديات,تحدي,حلويات,فقاعات,الملياردير,شوكولاتة,تناول الشوكولاتة,واحدة مقابل يدين اثنتين,حامل,طعام الشوكولاتة,من الشوكولاتة,لون واحد,تناول بلا أيدي,مقالب,عملاق,مدرسة,أزرق مقابل أحمر,مرح,غني مقابل مفلس,مُتَبنى,100 طبقة طعام,حلوى,ممتع,غالي مقابل رخيص,كبير متوسط صغير,طعام بلون واحد,راتاتا بالعربي,طعام كبير مقابل متوسط مقابل صغير,100 طبقة,طالب فقير مقابل غني مقابل ثري,أفكار يمكنك تنفيذها بنفسك,الفقاعات مقابل الشوكولاتة,علكة الفقاعات #voyager #camping #cascades #مقابل الشوكولاتة وادي اوريكة,طريق أوريكة,منطقة اوريكة,فيضان نهر اوريكة,لا تفوت زيارة اوريكة,فيديو عن منطقة اوريكة,مناظر خلابة,شلالات ستي فاضمة,الأطلس الكبير,أجمل المحطات بمنطقة أوريكة,المناظر الطبيعيه في اوريكة,اجمل المناطق بمراكش,أجمل المناطق السياحية بمراكش,10 اجمل الأماكن السياحية بالمغرب مناطق سياحية في المغرب,أفضل المناطق السياحية في المغرب,فنزويلا,ميامي,طبيعة,السياحية في المغرب,السياحة في المغرب,اجمل الاماكن,أجمل مدينة في العالم,متواجدة,بحيرة,منتجع,سيدني,الفيروز البلورية,أجمل مناظر في العالم,اجمل مكان,السويد,أجمل بلد في العالم,أجمل مدن العالم,نم عقلك,سياحية في دولة المغرب,مكان,أجمل مكان في العالم,حدائق,تمثال,تشيلي,مراكش,بليتفيتش,كابيلانو,فلورانسا,زاكينثوس,سيزونز,تيان تان بوذا,بيرو,جبال,الكهوف الزرقاء,سياحية في دولة المغرب العربي,بوكيت,عققلك دقيقة",,22,"People & Blogs","Lifestyle_(sociology),Tourism",PT20M1S,1201,2d,sd,false,ar,ar,https://i.ytimg.com/vi/FTFThpHegYk/maxresdefault.jpg,1,,,,,35630,2530,,0,233
331,UCM1DoNEgK4KTERa61tGxB5w,"مول الشفنجة",IaYR7Gd0ueM,2023-03-30T03:18:15Z,"2023-03-30 03:18:15","مول شفنجة: تحضير وجبت إفطار رمضان بسمك السردين سعادة في البرية","⭐️شكرًا لكم على المشاهدة ❤️ فعل زر التنبيهات (🔔)عشان توصلك الفيديوهات الجديدة على طول! ⭐️كلمات رح ظيع وقتك!😞 #المغرب وثائقي,وثايقي,dw وثائقية,افلام وثائقية dw,وثائقية دي دبليو,عواطف,مستقبل,نساء,عبقرية,أدوار الجنسين,الصين,dw documentary وثائقية دي دبليو,مرأة,هندسة معمارية,موهبة,تلاعب,إعلان,التسويق العصبي,كليشيهات,فن العمارة,دويتشه فيله سافر,مشاوير,سبت اخضر,مساء جديد,الخرطوم,اخبار,فتاوي,صحة وعافية,القيثارة,ناجي الشمري,أغاني عربية,كالآتي,الو مرحبا,بعد الطبع,وليد الهاجري سافر,وليد الهاجري,أغاني عراقية,وتري,مافي مشكلة,السودان,شباب القيثارة,لمسة و لمسة,أغاني 2020,أغاني جديدة,كاميرا بي ان,ليالي,الموقف الاخباري,أجدد الأغاني,قناة النيل الازرق,اغنيات من البرامج,قناة شباب القيثارة,أغاني شباب القيثارة,اغاني و اغاني 2021,البحث عن هدف,لينا قاسم,المنتج ناجي الشمري,مطبخ علي النيل,وتري برودكشن,100 عبد المجيد تبون,رئاسة الجمهورية,البث الحي,الجزائر,قناة الجزائر الدولية,دولي,مباشر,أخبار,حصري تحديات,تحدي,حلويات,فقاعات,الملياردير,شوكولاتة,تناول الشوكولاتة,واحدة مقابل يدين اثنتين,حامل,طعام الشوكولاتة,من الشوكولاتة,لون واحد,تناول بلا أيدي,مقالب,عملاق,مدرسة,أزرق مقابل أحمر,مرح,غني مقابل مفلس,مُتَبنى,100 طبقة طعام,حلوى,ممتع,غالي مقابل رخيص,كبير متوسط صغير,طعام بلون واحد,راتاتا بالعربي,طعام كبير مقابل متوسط مقابل صغير,100 طبقة,طالب فقير مقابل غني مقابل ثري,أفكار يمكنك تنفيذها بنفسك,الفقاعات مقابل الشوكولاتة,علكة الفقاعات #voyager #camping #cascades #مقابل الشوكولاتة وادي اوريكة,طريق أوريكة,منطقة اوريكة,فيضان نهر اوريكة,لا تفوت زيارة اوريكة,فيديو عن منطقة اوريكة,مناظر خلابة,شلالات ستي فاضمة,الأطلس الكبير,أجمل المحطات بمنطقة أوريكة,المناظر الطبيعيه في اوريكة,اجمل المناطق بمراكش,أجمل المناطق السياحية بمراكش,10 اجمل الأماكن السياحية بالمغرب مناطق سياحية في المغرب,أفضل المناطق السياحية في المغرب,فنزويلا,ميامي,طبيعة,السياحية في المغرب,السياحة في المغرب,اجمل الاماكن,أجمل مدينة في العالم,متواجدة,بحيرة,منتجع,سيدني,الفيروز البلورية,أجمل مناظر في العالم,اجمل مكان,السويد,أجمل بلد في العالم,أجمل مدن العالم,نم عقلك,سياحية في دولة المغرب,مكان,أجمل مكان في العالم,حدائق,تمثال,تشيلي,مراكش,بليتفيتش,كابيلانو,فلورانسا,زاكينثوس,سيزونز,تيان تان بوذا,بيرو,جبال,الكهوف الزرقاء,سياحية في دولة المغرب العربي,بوكيت,عققلك دقيقة",,22,"People & Blogs","Food,Lifestyle_(sociology),Tourism",PT26M1S,1561,2d,hd,false,ar,ar,https://i.ytimg.com/vi/IaYR7Gd0ueM/maxresdefault.jpg,1,,,,,60775,3715,,0,374
332,UCM1DoNEgK4KTERa61tGxB5w,"مول الشفنجة",dlkx_tgxyUc,2023-03-26T20:28:31Z,"2023-03-26 20:28:31","مول الشفنجة: فطور في البرية اجواء رمضان مع أبي سعادة🌙","#مول_اسفنجة #مول_شفنجة #وثائقي ⭐️كلمات رح ظيع وقتك!😞 #المغرب #village #voyager #سوق_شعبي سوق شعبي,زيارة سوق شعبي,المغرب,اغرب سوق شعبي,اغرب سوق شعبي تشوفه,أغرب مشهد في سوق شعبي,اغرب سوق شعبي راح تشوفه,ازحم سوق شعبي,#المغرب,السوق الشعبي,سوق شعبي في باريس,سوق شعبي في ايطاليا,سوق شعبي في اسطنبول,جولة في سوق شعبي,سوق شعبي في ليون,فلوق في سوق شعبي,سوق شعبي في فرنسا,سوق الأحد الشعبي,أسواق شعبية,اسواق شعبية في تركيا,اكل شعبي,أخبار المغرب,اخبار المغرب,اغرب سوق بالعالم,في المغرب,اغرب سوق في العالم,أغرب سوق في العالم,المغربي,مول شفنجة",,22,"People & Blogs",Lifestyle_(sociology),PT20M52S,1252,2d,hd,false,ar,ar,https://i.ytimg.com/vi/dlkx_tgxyUc/maxresdefault.jpg,1,,,,,37737,3207,,0,388
333,UCM1DoNEgK4KTERa61tGxB5w,"مول الشفنجة",Nj0RUHxln7k,2023-03-23T16:54:40Z,"2023-03-23 16:54:40","مول شفنجة: زيارة السوق الشعبي أربعاء أولاد جرار🇲🇦مأكولات الشارع في المغرب😋تجربة حمام مشوي سعادة‼️","#مول_اسفنجة #مول_شفنجة #وثائقي ⭐️كلمات رح ظيع وقتك!😞 #المغرب #village #voyager #سوق_شعبي سوق شعبي,زيارة سوق شعبي,المغرب,اغرب سوق شعبي,اغرب سوق شعبي تشوفه,أغرب مشهد في سوق شعبي,اغرب سوق شعبي راح تشوفه,ازحم سوق شعبي,#المغرب,السوق الشعبي,سوق شعبي في باريس,سوق شعبي في ايطاليا,سوق شعبي في اسطنبول,جولة في سوق شعبي,سوق شعبي في ليون,فلوق في سوق شعبي,سوق شعبي في فرنسا,سوق الأحد الشعبي,أسواق شعبية,اسواق شعبية في تركيا,اكل شعبي,أخبار المغرب,اخبار المغرب,اغرب سوق بالعالم,في المغرب,اغرب سوق في العالم,أغرب سوق في العالم,المغربي,مول شفنجة","مول شفنجة,مول_اسفنجة,مول اسفنجة,العيش الحر",22,"People & Blogs","Food,Lifestyle_(sociology)",PT28M15S,1695,2d,hd,false,ar,ar,https://i.ytimg.com/vi/Nj0RUHxln7k/maxresdefault.jpg,1,,,,,89230,3198,,0,142
334,UCM1DoNEgK4KTERa61tGxB5w,"مول الشفنجة",HWSM_bK1xBs,2023-03-22T03:00:11Z,"2023-03-22 03:00:11","مول الشفنجة وجبة الغداء في برية 🐔 طيبت اجنحه الدجاج بطريقه غريبة😱","⭐️شكرًا لكم على المشاهدة ❤️ فعل زر التنبيهات (🔔)عشان توصلك الفيديوهات الجديدة على طول! .. ⭐️كلمات رح ظيع وقتك!😞 وثائقي: زيارة سوق شعبي في عمق المغرب 🇲🇦 معلومات عن خيرات بلادي‼️أرخص سوق 😱 وثائقي: زيارة السوق الشعبي إثنين شتوكة 🇲🇦مأكولات الشارع في المغرب 😋تجربة كوكتيل سعادة‼️ #المغرب #village #voyager #سوق_شعبي سوق شعبي,زيارة سوق شعبي,المغرب,اغرب سوق شعبي,اغرب سوق شعبي تشوفه,أغرب مشهد في سوق شعبي,اغرب سوق شعبي راح تشوفه,ازحم سوق شعبي,#المغرب,السوق الشعبي,سوق شعبي في باريس,سوق شعبي في ايطاليا,سوق شعبي في اسطنبول,جولة في سوق شعبي,سوق شعبي في ليون,فلوق في سوق شعبي,سوق شعبي في فرنسا,سوق الأحد الشعبي,أسواق شعبية,اسواق شعبية في تركيا,اكل شعبي,أخبار المغرب,اخبار المغرب,اغرب سوق بالعالم,في المغرب,اغرب سوق في العالم,أغرب سوق في العالم,المغربي","وثائقي,جولة,مدينة,اسفي,الساحرة,جدي,يعيش,ملكي,يوم ملكي,ردة فعل,ردة,فعل,الكرم",22,"People & Blogs","Food,Lifestyle_(sociology)",PT35M36S,2136,2d,hd,false,ar,ar,https://i.ytimg.com/vi/HWSM_bK1xBs/maxresdefault.jpg,1,,,,,62935,3108,,0,284
335,UCM1DoNEgK4KTERa61tGxB5w,"مول الشفنجة",-fu8EQRh-as,2023-03-20T07:30:00Z,"2023-03-20 07:30:00","مول الشفنجة شحال زوين تعيش من طبيعة ☘","مول الشفنجة شحال زوين تعيش من طبيعة ☘","مول الشفنجة,طبيعة,زوين تعيش من طبيعة,شحال زوين",22,"People & Blogs",Lifestyle_(sociology),PT9M26S,566,2d,hd,false,ar,ar,https://i.ytimg.com/vi/-fu8EQRh-as/maxresdefault.jpg,1,,,,,7957,700,,0,95
336,UCM1DoNEgK4KTERa61tGxB5w,"مول الشفنجة",oofJC8TncaI,2023-03-19T23:25:12Z,"2023-03-19 23:25:12","مول الشفنجة دربتها بتصليعة فسوق الشعبي","مول الشفنجة دربتها بتصليعة فسوق الشعبي","مول الشفنجة,تصليعة,سوق الشعبي",22,"People & Blogs",Lifestyle_(sociology),PT25M,1500,2d,hd,false,ar,ar,https://i.ytimg.com/vi/oofJC8TncaI/maxresdefault.jpg,1,,,,,5738,304,,0,24
337,UCM1DoNEgK4KTERa61tGxB5w,"مول الشفنجة",S9MFpS2Kj08,2023-03-18T22:15:25Z,"2023-03-18 22:15:25","مول الشفنجة وجبة الغداء في برية","مول الشفنجة وجبة الغداء في برية","مول الشفنجة,جبة الغداء,غداء في برية,مول الشفنجة وجبة الغداء في برية",22,"People & Blogs","Food,Lifestyle_(sociology)",PT24M4S,1444,2d,hd,false,ar,ar,https://i.ytimg.com/vi/S9MFpS2Kj08/maxresdefault.jpg,1,,,,,37210,2735,,0,331
338,UCM1DoNEgK4KTERa61tGxB5w,"مول الشفنجة",7l2KjH4pdJc,2023-03-18T18:45:00Z,"2023-03-18 18:45:00","مول الشفنجة سوندويش ولا في الأحلام","مول الشفنجة سوندويش ولا في الأحلام","مول الشفنجة,سوندويش,الأحلام,ولا في الأحلام",22,"People & Blogs",,PT4M12S,252,2d,hd,false,ar,ar,https://i.ytimg.com/vi/7l2KjH4pdJc/maxresdefault.jpg,1,,,,,7483,388,,0,56
339,UCM1DoNEgK4KTERa61tGxB5w,"مول الشفنجة",cOT8gDEFcCw,2023-03-17T18:30:28Z,"2023-03-17 18:30:28","مول الشفنجة في سوق الشعبي حد السوالم كلنا الشفنج","مول الشفنجة في سوق الشعبي حد السوالم كلنا الشفنج","مول الشفنجة,سوق الشعبي,حد السوالم,الشفنج,شفنج",22,"People & Blogs",,PT7M7S,427,2d,hd,false,ar,ar,,1,,,,,4723,346,,0,45
340,UCM1DoNEgK4KTERa61tGxB5w,"مول الشفنجة",BsfDYTQMVXQ,2023-03-16T22:59:35Z,"2023-03-16 22:59:35","مول الشفنجة من سوق الشعبي اتنين شتوكة مكاين غير الشوى #shorts","مول الشفنجة من سوق الشعبي اتنين شتوكة مكاين غير الشوى #shorts","مول الشفنجة,سوق شعبي,سوق الشعبي,سوق شتوكة,سوق اتنين شتوكة",22,"People & Blogs",,PT16S,16,2d,hd,false,ar,ar,https://i.ytimg.com/vi/BsfDYTQMVXQ/maxresdefault.jpg,1,,,,,51604,1203,,0,23
341,UCM1DoNEgK4KTERa61tGxB5w,"مول الشفنجة",T65BWMIZZMY,2023-03-16T22:38:46Z,"2023-03-16 22:38:46","مول الشفنجة راني نعرف نعجن #shorts","مول الشفنجة راني نعرف نعجن #shorts","مول الشفنجة,العجين,كنعجن",22,"People & Blogs","Food,Lifestyle_(sociology)",PT16S,16,2d,hd,false,ar,ar,https://i.ytimg.com/vi/T65BWMIZZMY/maxresdefault.jpg,1,,,,,58025,1374,,0,40
342,UCM1DoNEgK4KTERa61tGxB5w,"مول الشفنجة",VP46T44vDW0,2023-03-16T22:36:34Z,"2023-03-16 22:36:34","مول الشفنجة وماتش اتحاد الدغميرة #shorts",,"مول الشفنجة",22,"People & Blogs",,PT16S,16,2d,hd,false,ar,ar,https://i.ytimg.com/vi/VP46T44vDW0/maxresdefault.jpg,1,,,,,62358,1775,,0,24
343,UCM1DoNEgK4KTERa61tGxB5w,"مول الشفنجة",x0J5BBxZp0A,2023-03-16T22:34:59Z,"2023-03-16 22:34:59","مول الشفنجة وسباكيتي #shorts",,"مول الشفنجة",22,"People & Blogs","Food,Lifestyle_(sociology)",PT16S,16,2d,hd,false,ar,ar,https://i.ytimg.com/vi/x0J5BBxZp0A/maxresdefault.jpg,1,,,,,39770,930,,0,11
344,UCM1DoNEgK4KTERa61tGxB5w,"مول الشفنجة",kvOFcDhON8k,2023-03-16T22:33:39Z,"2023-03-16 22:33:39","مول الشفنجة وطجين الكفتة #shorts",,"مول الشفنجة",22,"People & Blogs","Food,Lifestyle_(sociology)",PT16S,16,2d,hd,false,ar,ar,https://i.ytimg.com/vi/kvOFcDhON8k/maxresdefault.jpg,1,,,,,99708,3135,,0,38
345,UCM1DoNEgK4KTERa61tGxB5w,"مول الشفنجة",veDisSnL9lw,2023-03-16T22:32:11Z,"2023-03-16 22:32:11","مول الشفنجة احين حريرة في العالم #shorts",,,22,"People & Blogs","Food,Lifestyle_(sociology)",PT16S,16,2d,hd,false,ar,ar,https://i.ytimg.com/vi/veDisSnL9lw/maxresdefault.jpg,1,,,,,37525,1019,,0,15
346,UCM1DoNEgK4KTERa61tGxB5w,"مول الشفنجة",yY7usndNSKY,2023-03-16T22:23:41Z,"2023-03-16 22:23:41","مول الشفنجة طون وحرور فالدرب ياسلام#shorts",,"مول الشفنجة,طون وحرور",22,"People & Blogs",,PT15S,15,2d,hd,false,ar,ar,https://i.ytimg.com/vi/yY7usndNSKY/maxresdefault.jpg,1,,,,,92500,2376,,0,44
347,UCM1DoNEgK4KTERa61tGxB5w,"مول الشفنجة",HR-DGulh0-g,2023-03-16T22:22:27Z,"2023-03-16 22:22:27","مول الشفنجة احسن مول طون فالعالم#shorts",,"مول الشفنجة,مول الطون,طون وحرور,احسن مول طون",22,"People & Blogs",Lifestyle_(sociology),PT16S,16,2d,hd,false,ar,ar,https://i.ytimg.com/vi/HR-DGulh0-g/maxresdefault.jpg,1,,,,,64205,1044,,0,7
348,UCM1DoNEgK4KTERa61tGxB5w,"مول الشفنجة",FUwptivojN0,2023-03-16T18:15:01Z,"2023-03-16 18:15:01","مول الشفنجة أحسن مول الطون فالعالم","مول الشفنجة أحسن مول الطون فالعالم","مول الشفنجة,أحسن مول الطون,مول الطون,أحسن مول الطون فالعالم,طون وحرور",22,"People & Blogs",,PT4M58S,298,2d,hd,false,ar,ar,https://i.ytimg.com/vi/FUwptivojN0/maxresdefault.jpg,1,,,,,8319,562,,0,25
349,UCM1DoNEgK4KTERa61tGxB5w,"مول الشفنجة",t067gkhvLp8,2023-03-16T16:27:08Z,"2023-03-16 16:27:08","مول الشفنجة كول رزقك من داخل سوق الشعبي برشيد#shorts",,"مول شفنجة",22,"People & Blogs",,PT16S,16,2d,hd,false,ar,ar,https://i.ytimg.com/vi/t067gkhvLp8/maxresdefault.jpg,1,,,,,138412,2362,,0,86
350,UCM1DoNEgK4KTERa61tGxB5w,"مول الشفنجة",-If4UqDob0s,2023-03-16T16:11:15Z,"2023-03-16 16:11:15","مول الشفنجة دوارة من سوق اتنين برشيد#shorts","مول الشفنجة دوارة من سوق اتنين برشيد","مول الشفنجة,دوارة خروف,سوق شعبي,اتنين شتوكة,البادية",22,"People & Blogs",,PT13S,13,2d,hd,false,ar,ar,https://i.ytimg.com/vi/-If4UqDob0s/maxresdefault.jpg,1,,,,,26321,670,,0,6
351,UCM1DoNEgK4KTERa61tGxB5w,"مول الشفنجة",bDZ-LGj78zg,2023-03-16T16:02:03Z,"2023-03-16 16:02:03","مول الشفنجة شواء فسوق شعبي ياسلام #shorts",,"مول الشفنجة,سوق شعبي,اسواق شعبية,شواء فسوق",22,"People & Blogs",Food,PT16S,16,2d,hd,false,ar,ar,https://i.ytimg.com/vi/bDZ-LGj78zg/maxresdefault.jpg,1,,,,,16916,400,,0,6
352,UCM1DoNEgK4KTERa61tGxB5w,"مول الشفنجة",w_VVkI3yC4A,2023-03-15T20:10:32Z,"2023-03-15 20:10:32","مول الشفنجة سوق الشعبي برشيد سطات ماشي بعيد","مول الشفنجة سوق برشيد سطات ماشي بعيد","مول الشفنجة سوق برشيد سطات ماشي بعيد,سوق برشيد سطات,مول الشفنجة,سوق شعبي,اسواق الشعبية,اجواء اسواق,اسواق مغربية,سوق مغربي",22,"People & Blogs",,PT5M6S,306,2d,hd,false,ar,ar,,1,,,,,3983,234,,0,29
353,UCM1DoNEgK4KTERa61tGxB5w,"مول الشفنجة",VBqUGqv2oHw,2023-03-15T06:30:07Z,"2023-03-15 06:30:07","مول الشفنجة تحدي احسن حريرة رمظان","مول الشفنجة تحدي احسن حريرة رمظان","مول الشفنجة,تحدي,حريرة رمظان,رمظان,حريرة,احسن حريرة",22,"People & Blogs","Food,Lifestyle_(sociology)",PT4M43S,283,2d,hd,false,ar,ar,https://i.ytimg.com/vi/VBqUGqv2oHw/maxresdefault.jpg,1,,,,,4353,348,,0,21
354,UCM1DoNEgK4KTERa61tGxB5w,"مول الشفنجة",JSpBSywVgwA,2023-03-14T21:02:37Z,"2023-03-14 21:02:37","مول الشفنجة سلام عليكم الاخوان سمحو ليا غدي نحبس هدفي","مول الشفنجة سلام عليكم الاخوان سمحو ليا غدي نحبس هدفي","مول الشفنجة",22,"People & Blogs",,PT2M22S,142,2d,hd,false,ar,ar,https://i.ytimg.com/vi/JSpBSywVgwA/maxresdefault.jpg,1,,,,,7645,635,,0,53
355,UCM1DoNEgK4KTERa61tGxB5w,"مول الشفنجة",GdBaNqjOYAA,2023-03-14T18:30:13Z,"2023-03-14 18:30:13","مول الشفنجة تحدي تحضير طاجين مغربي بالكفتة","مول الشفنجة تحدي تحضير طاجين مغربي بالكفتة","مول الشفنجة,تحدي,تحضير طاجين,طاجين مغربي,طاجين مغربي بالكفتة",22,"People & Blogs","Food,Lifestyle_(sociology)",PT4M47S,287,2d,hd,false,ar,ar,,1,,,,,4633,360,,0,27
356,UCM1DoNEgK4KTERa61tGxB5w,"مول الشفنجة",OSK5Mx25tU4,2023-03-13T18:30:30Z,"2023-03-13 18:30:30","مول الشفنجة أحسن سباكيتي ديال الدراوش","مول الشفنجة أحسن سباكيتي ديال الدراوش","مول الشفنجة,أحسن سباكيتي,سباكيتي,سباكيتي ديال الدراوش,ديال الدراوش,الدراوش",22,"People & Blogs","Food,Lifestyle_(sociology)",PT6M14S,374,2d,hd,false,ar,ar,,1,,,,,5517,387,,0,34
357,UCM1DoNEgK4KTERa61tGxB5w,"مول الشفنجة",w-0jzGwmP2Y,2023-03-12T19:51:41Z,"2023-03-12 19:51:41","مول الشفنجة طاجين كفتة كبربر خوتي اشتاركو فقناة #shorts","مول الشفنجة طاجين كفتة كبربر خوتي اشتاركو فقناة #shorts","مول الشفنجة,طاجين كفتة",22,"People & Blogs",Food,PT18S,18,2d,hd,false,ar,ar,https://i.ytimg.com/vi/w-0jzGwmP2Y/maxresdefault.jpg,1,,,,,17870,456,,0,5
358,UCM1DoNEgK4KTERa61tGxB5w,"مول الشفنجة",RgcUw_4X3qQ,2023-03-12T18:45:01Z,"2023-03-12 18:45:01","مول الشفنجة نهار زوين في سوق الاربعاء","مول الشفنجة نهار زوين في سوق الاربعاء","مول الشفنجة,نهار زوين,سوق الاربعاء,سوق",22,"People & Blogs","Food,Lifestyle_(sociology)",PT7M8S,428,2d,hd,false,ar,ar,,1,,,,,3036,218,,0,12
359,UCM1DoNEgK4KTERa61tGxB5w,"مول الشفنجة",IGfjt0J3rYI,2023-03-12T09:17:44Z,"2023-03-12 09:17:44","مول الشفنجة احسن طاجين فالعالم طاجين العطار ولد عيشة #shorts","مول الشفنجة احسن طاجين فالعالم طاجين العطار ولد عيشة #shorts","مول الشفنجة,احسن طاجين فالعالم,طاجين,طاجين العطار,ولد عيشة,#shorts",22,"People & Blogs",Food,PT45S,45,2d,hd,false,ar,ar,https://i.ytimg.com/vi/IGfjt0J3rYI/maxresdefault.jpg,1,,,,,26505,572,,0,15
360,UCM1DoNEgK4KTERa61tGxB5w,"مول الشفنجة",MH-AZ_S-2uA,2023-03-11T19:15:01Z,"2023-03-11 19:15:01","مول الشفنجة كلينا احسن طاجين عند العطار ولد عيشة","مول الشفنجة كلينا احسن طاجين عند العطار ولد عيشة","مول الشفنجة,كلينا احسن طاجين,طاجين,ولد عيشة,طاجين عند العطار,العطار,كلينا طاجين",22,"People & Blogs",,PT5M45S,345,2d,hd,false,ar,ar,,1,,,,,4129,258,,0,14
361,UCM1DoNEgK4KTERa61tGxB5w,"مول الشفنجة",Pa8OPUJHLc0,2023-03-10T20:01:39Z,"2023-03-10 20:01:39","مول الشفنجة لاعب مع اتحاد الدغميرة عراضة دايزها كلام فوق شواية","مول الشفنجة لاعب مع اتحاد الدغميرة عراضة دايزها كلام فوق شواية","مول الشفنجة,لاعب مع اتحاد الدغميرة,اتحاد الدغميرة,عراضة,فوق شواية,عراضة دايزها كلام",22,"People & Blogs",Lifestyle_(sociology),PT7M52S,472,2d,hd,false,ar,ar,https://i.ytimg.com/vi/Pa8OPUJHLc0/maxresdefault.jpg,1,,,,,26346,991,,0,47
362,UCM1DoNEgK4KTERa61tGxB5w,"مول الشفنجة",vSfoxPjS7Ho,2023-03-09T20:54:12Z,"2023-03-09 20:54:12","مول الشفنجة احسن كوكتيل محبة سوق الشعبي إثنين شتوكة","مول الشفنجة احسن كوكتيل محبة سوق شعبي اتنين شتوكة","مول الشفنجة,كوكتيل محبة,احسن كوكتيل,سوق شعبي,اتنين شتوكة,شتوكة,سوق شعبي اتنين شتوكة",22,"People & Blogs",Lifestyle_(sociology),PT8M35S,515,2d,hd,false,ar,ar,,1,,,,,3344,214,,0,28
363,UCM1DoNEgK4KTERa61tGxB5w,"مول الشفنجة",PsAF7GlQuV0,2023-03-09T07:12:17Z,"2023-03-09 07:12:17","مول الشفنجة وغلاء الاسعار في المغرب","مول الشفنجة وغلاء الاسعار في المغرب","مول الشفنجة,غلاء الاسعار,غلاء الاسعار في المغرب",22,"People & Blogs",,PT2M37S,157,2d,hd,false,ar,ar,,1,,,,,2828,161,,0,2
364,UCM1DoNEgK4KTERa61tGxB5w,"مول الشفنجة",jF5FN36ya0w,2023-03-08T20:32:04Z,"2023-03-08 20:32:04","مول الشفنجة رفق بالحيونات المتشردة","مول الشفنجة رفق بالحيونات المتشردة","مول الشفنجة,mol sfanja,رفق بالحيونات,حيونات المتشردة",22,"People & Blogs",Pet,PT4M43S,283,2d,hd,false,ar,ar,,1,,,,,2685,181,,0,21
365,UCM1DoNEgK4KTERa61tGxB5w,"مول الشفنجة",thRg3_t1AIE,2023-03-08T08:09:04Z,"2023-03-08 08:09:04","مول الشفنجة تحدي كسكسو الدار","مول الشفنجة تحدي كسكسو الدار","مول الشفنجة,تحدي كسكسو,تحدي,كسكسو الدار,كسكسو",22,"People & Blogs","Food,Lifestyle_(sociology)",PT6M41S,401,2d,hd,false,ar,ar,,1,,,,,21380,1568,,0,100
366,UCM1DoNEgK4KTERa61tGxB5w,"مول الشفنجة",EghG9jo0aeA,2023-03-07T22:52:01Z,"2023-03-07 22:52:01","مول الشفنجة تحدي نطيب ونعجن في الدار","مول الشفنجة تحدي نطيب ونعجن في الدار","مول الشفنجة,تحدي نطيب,نعجن في الدار,lhjaouj vlogs",22,"People & Blogs","Food,Lifestyle_(sociology)",PT8M29S,509,2d,hd,false,ar,ar,,1,,,,,67307,2060,,0,143
