position,channelId,channelTitle,videoId,publishedAt,publishedAtSQL,videoTitle,videoDescription,tags,videoCategoryId,videoCategoryLabel,topicCategories,duration,durationSec,dimension,definition,caption,defaultLanguage,defaultLAudioLanguage,thumbnail_maxres,licensedContent,hasPaidProductPlacement,locationDescription,latitude,longitude,viewCount,likeCount,dislikeCount,favoriteCount,commentCount
1,UCCPQpi9U-iXFWlMSUg_nxTw,"Abdelkader Kharraz",Rse3x17y4iY,2026-04-23T21:50:12Z,"2026-04-23 21:50:12","الحلقة 415 : غار عليها بلا حدود … والغيرة رجعات بكارثة…قصة مؤثرة…خراز يحكي",,,22,"People & Blogs",,PT33M9S,1989,2d,hd,false,ar,ar,https://i.ytimg.com/vi/Rse3x17y4iY/maxresdefault.jpg,1,,,,,195203,7966,,0,634
2,UCCPQpi9U-iXFWlMSUg_nxTw,"Abdelkader Kharraz",Q42wdjf_Kxc,2026-04-18T20:34:46Z,"2026-04-18 20:34:46","الحلقة 414 : قصة عشتها…بين الفقر وكثرة الدراري، كان خاصو يكون سند…لكنه اختار الطريق الساهل.خراز يحكي",,,22,"People & Blogs",,PT44M50S,2690,2d,hd,false,ar,ar,https://i.ytimg.com/vi/Q42wdjf_Kxc/maxresdefault.jpg,1,,,,,322902,10435,,0,1668
3,UCCPQpi9U-iXFWlMSUg_nxTw,"Abdelkader Kharraz",UPjDcMokabM,2026-04-11T20:59:54Z,"2026-04-11 20:59:54","الحلقة 413 :قصة بنت تزوجات بلا حب، ولكن الماضي ديالها رجع يقلب حياتها لجحيم…خراز يحكي",,,22,"People & Blogs",,PT37M4S,2224,2d,hd,false,ar,ar,https://i.ytimg.com/vi/UPjDcMokabM/maxresdefault.jpg,1,,,,,402354,11243,,0,775
4,UCCPQpi9U-iXFWlMSUg_nxTw,"Abdelkader Kharraz",q6KK-YJJDD0,2026-04-04T22:10:54Z,"2026-04-04 22:10:54","الحلقة 412 : قصة بدات وانا طفل صغير…. و كملات وانا فصفوف الشرطة… قصة للعبرة… خراز يحكي",,,22,"People & Blogs",Religion,PT49M2S,2942,2d,hd,false,ar,ar,https://i.ytimg.com/vi/q6KK-YJJDD0/maxresdefault.jpg,1,,,,,437002,12431,,0,868
5,UCCPQpi9U-iXFWlMSUg_nxTw,"Abdelkader Kharraz",BYccX7k8wLs,2026-03-28T21:21:29Z,"2026-03-28 21:21:29","الحلقة 411 : الغلطة الوحيدة لي دارت هي الثقة فاقرب الناس…. غلطة كلفاتها حياتها…خراز يحكي",,,22,"People & Blogs",,PT30M19S,1819,2d,hd,false,ar,ar,https://i.ytimg.com/vi/BYccX7k8wLs/maxresdefault.jpg,1,,,,,433380,11498,,0,826
6,UCCPQpi9U-iXFWlMSUg_nxTw,"Abdelkader Kharraz",bOjxMUIxBnE,2026-03-21T21:32:19Z,"2026-03-21 21:32:19","الحلقة 410 :الزهر لكحل…قصة منحوس بدات بشكل عادي… ولكن اللي وقع من بعد مكيتصدقش…خراز يحكي",,,22,"People & Blogs",,PT29M,1740,2d,hd,false,ar,ar,https://i.ytimg.com/vi/bOjxMUIxBnE/maxresdefault.jpg,1,,,,,431934,10955,,0,489
7,UCCPQpi9U-iXFWlMSUg_nxTw,"Abdelkader Kharraz",s_pNMCTVGzU,2026-03-20T11:15:00Z,"2026-03-20 11:15:00","بمناسبة عيد الفطر… أطيب التهاني وأصدق الدعوات…2026",,,22,"People & Blogs",Religion,PT1M4S,64,2d,hd,true,ar,ar,https://i.ytimg.com/vi/s_pNMCTVGzU/maxresdefault.jpg,1,,,,,38436,3176,,0,323
8,UCCPQpi9U-iXFWlMSUg_nxTw,"Abdelkader Kharraz",k0Q3p1h6QdM,2026-03-19T23:27:30Z,"2026-03-19 23:27:30","الحلقة 29 : بنت غبرات حتى لقاوها ملاوحا فالغابة… والفاعل بان مورا بحث غريب… رمضان 2026",,,22,"People & Blogs",Religion,PT25M53S,1553,2d,hd,false,ar,ar,https://i.ytimg.com/vi/k0Q3p1h6QdM/maxresdefault.jpg,1,,,,,332102,9300,,0,415
9,UCCPQpi9U-iXFWlMSUg_nxTw,"Abdelkader Kharraz",LXZXL220r3k,2026-03-18T23:11:21Z,"2026-03-18 23:11:21","الحلقة 28 : القرقوبي لقا منو صاك… و فاش رجع البحث لمولاه … لقاوه داير كارثة… رمضان 2026",,,22,"People & Blogs",Religion,PT25M38S,1538,2d,hd,false,ar,ar,https://i.ytimg.com/vi/LXZXL220r3k/maxresdefault.jpg,1,,,,,281027,8196,,0,430
10,UCCPQpi9U-iXFWlMSUg_nxTw,"Abdelkader Kharraz",tc1g7q3Q0ac,2026-03-17T23:17:22Z,"2026-03-17 23:17:22","الحلقة 27 : حرق المحكمة و اوراق مهمة …. جريمة خطيرة و الفاعل دار جهدو باش ميحصلش… رمضان 2026",,,22,"People & Blogs",,PT40M52S,2452,2d,hd,false,ar,ar,https://i.ytimg.com/vi/tc1g7q3Q0ac/maxresdefault.jpg,1,,,,,354470,9559,,0,561
11,UCCPQpi9U-iXFWlMSUg_nxTw,"Abdelkader Kharraz",LnyZxHfPY9o,2026-03-16T21:16:23Z,"2026-03-16 21:16:23","حلقة ليلة القدر… رمضان 2026",,,22,"People & Blogs",Religion,PT6M38S,398,2d,hd,false,ar,ar,https://i.ytimg.com/vi/LnyZxHfPY9o/maxresdefault.jpg,1,,,,,72185,3966,,0,295
12,UCCPQpi9U-iXFWlMSUg_nxTw,"Abdelkader Kharraz",XRxZiRlB9JM,2026-03-15T22:14:07Z,"2026-03-15 22:14:07","الحلقة 25: قصة امرأة دخلت بيت زوجها بعقد زواج…ولكن فالحقيقة هي مؤامرة بينها و بين خليلها…رمضان 2026",,,22,"People & Blogs",Religion,PT33M2S,1982,2d,hd,false,ar,ar,https://i.ytimg.com/vi/XRxZiRlB9JM/maxresdefault.jpg,1,,,,,367146,10870,,0,582
13,UCCPQpi9U-iXFWlMSUg_nxTw,"Abdelkader Kharraz",rzwSJ3GLPa0,2026-03-14T21:24:19Z,"2026-03-14 21:24:19","الحلقة 24 : قصة بيت بيع بشكل قانوني على الورق… لكنه في الحقيقة كان مبنيًا على كارثة صادمة…رمضان 2026",,,22,"People & Blogs","Religion,Society",PT39M12S,2352,2d,hd,false,ar,ar,https://i.ytimg.com/vi/rzwSJ3GLPa0/maxresdefault.jpg,1,,,,,322297,9624,,0,486
14,UCCPQpi9U-iXFWlMSUg_nxTw,"Abdelkader Kharraz",xHyrzCaEPCs,2026-03-13T23:24:02Z,"2026-03-13 23:24:02","الحلقة 23 : الغدار غدار و هاد القصة اكثر من عبرة … دارت فيه الخير وباش ردو ليها… رمضان 2026",,,22,"People & Blogs",Religion,PT28M29S,1709,2d,hd,false,ar,ar,https://i.ytimg.com/vi/xHyrzCaEPCs/maxresdefault.jpg,1,,,,,307378,10015,,0,572
15,UCCPQpi9U-iXFWlMSUg_nxTw,"Abdelkader Kharraz",_R_THr-diTY,2026-03-12T21:21:06Z,"2026-03-12 21:21:06","الحلقة 22 : قصة طفل صغير كان ينتظر لحظة سعادة… لكن ما حدث له صدم الجميع…رمضان 2026",,,22,"People & Blogs",Religion,PT38M4S,2284,2d,hd,false,ar,ar,https://i.ytimg.com/vi/_R_THr-diTY/maxresdefault.jpg,1,,,,,281476,9426,,0,551
16,UCCPQpi9U-iXFWlMSUg_nxTw,"Abdelkader Kharraz",2bp_PSFQ0V4,2026-03-11T21:29:53Z,"2026-03-11 21:29:53","الحلقة 21 : قصة رجل خلف القضبان بسبب جريمة هزّت الجميع، قبل أن تكشف السنوات الحقيقة… رمضان2026 ",,,22,"People & Blogs",Religion,PT45M7S,2707,2d,hd,false,ar,ar,https://i.ytimg.com/vi/2bp_PSFQ0V4/maxresdefault.jpg,1,,,,,343486,10640,,0,614
17,UCCPQpi9U-iXFWlMSUg_nxTw,"Abdelkader Kharraz",tXLc24YIPY0,2026-03-10T21:27:08Z,"2026-03-10 21:27:08","الحلقة 20;قصة أب تحطّمات حياتو بعدما اتهموه بالمخدرات… لكن الغدر كان من اقرب الناس …رمضان 2026",,,22,"People & Blogs",Religion,PT33M50S,2030,2d,hd,false,ar,ar,https://i.ytimg.com/vi/tXLc24YIPY0/maxresdefault.jpg,1,,,,,301817,9890,,0,807
18,UCCPQpi9U-iXFWlMSUg_nxTw,"Abdelkader Kharraz",mZm8qps-1yY,2026-03-09T22:02:37Z,"2026-03-09 22:02:37","الحلقة 19 : تزوجها و سجنها و عذبها …العقدة لي عندو كيكره النساء…. رمضان 2026 ",,,22,"People & Blogs",Religion,PT29M44S,1784,2d,hd,false,ar,ar,https://i.ytimg.com/vi/mZm8qps-1yY/maxresdefault.jpg,1,,,,,324128,10186,,0,542
19,UCCPQpi9U-iXFWlMSUg_nxTw,"Abdelkader Kharraz",yvWUNz3guXc,2026-03-08T22:52:04Z,"2026-03-08 22:52:04","الحلقة 18 : قصة شاب دخل عالم المخدرات غير خطوة وحدة…وبأكثر من 400 مليون…بداية النهاية… رمضان 2026 ",,,22,"People & Blogs",Religion,PT26M28S,1588,2d,hd,false,ar,ar,https://i.ytimg.com/vi/yvWUNz3guXc/maxresdefault.jpg,1,,,,,319511,9194,,0,415
20,UCCPQpi9U-iXFWlMSUg_nxTw,"Abdelkader Kharraz",AY47YNP-QNg,2026-03-07T21:28:39Z,"2026-03-07 21:28:39","الحلقة 17 : من القصص ليخدمتهم صفاها ليه وبطريقة المافيا… وهدشي كامل من اجل خوه… رمضان 2026",,,22,"People & Blogs",,PT40M36S,2436,2d,hd,false,ar,ar,https://i.ytimg.com/vi/AY47YNP-QNg/maxresdefault.jpg,1,,,,,361237,10737,,0,715
21,UCCPQpi9U-iXFWlMSUg_nxTw,"Abdelkader Kharraz",i82rfFUT63M,2026-03-06T22:28:07Z,"2026-03-06 22:28:07","الحلقة 16 : قصة فتاة اختارت الكذب طريقاً للمال…..فاتهمت بريئاً لم يكن له أي ذنب.. رمضان 2026 ",,,22,"People & Blogs",Religion,PT28M51S,1731,2d,hd,false,ar,ar,https://i.ytimg.com/vi/i82rfFUT63M/maxresdefault.jpg,1,,,,,313833,9918,,0,737
22,UCCPQpi9U-iXFWlMSUg_nxTw,"Abdelkader Kharraz",VFRI89ADSPE,2026-03-05T21:04:42Z,"2026-03-05 21:04:42","الحلقة 15 : قصة اول مرة نحكيها و وقائعها صعبة و غريبة جدا…بين رجل و مرات خوه….رمضان 2026",,,22,"People & Blogs",Religion,PT19M43S,1183,2d,hd,false,ar,ar,https://i.ytimg.com/vi/VFRI89ADSPE/maxresdefault.jpg,1,,,,,335915,10219,,0,514
23,UCCPQpi9U-iXFWlMSUg_nxTw,"Abdelkader Kharraz",8WFrvXLs-rs,2026-03-04T21:16:02Z,"2026-03-04 21:16:02","الحلقة 14: من اكبر قضايا خطف الاطفال لي خدمتها فحياتي…مفترس وحشي…قصة صعيبة على القلوب…رمضان 2026",,,22,"People & Blogs",,PT45M23S,2723,2d,hd,false,ar,ar,https://i.ytimg.com/vi/8WFrvXLs-rs/maxresdefault.jpg,1,,,,,364863,12265,,0,867
24,UCCPQpi9U-iXFWlMSUg_nxTw,"Abdelkader Kharraz",jMflu_WwLHA,2026-03-03T21:32:51Z,"2026-03-03 21:32:51","الحلقة 13 : سفاح صفاها للأول و الثاني وزااد…ضربنا تمارت فهاد القضية باش نلقوه وفالاخير ؟…رمضان 2026 ",,,22,"People & Blogs",Religion,PT41M21S,2481,2d,hd,false,ar,ar,https://i.ytimg.com/vi/jMflu_WwLHA/maxresdefault.jpg,1,,,,,488299,12906,,0,718
25,UCCPQpi9U-iXFWlMSUg_nxTw,"Abdelkader Kharraz",lqZwdDLDcDk,2026-03-02T21:33:03Z,"2026-03-02 21:33:03","الحلقة 12 : من باب المدرسة و قدام أعين الناس خطفوها… كيفاش حتى لقاوها… قصة مؤثرة بزاف...رمضان2026",,,22,"People & Blogs",,PT25M54S,1554,2d,hd,false,ar,ar,https://i.ytimg.com/vi/lqZwdDLDcDk/maxresdefault.jpg,1,,,,,280476,9911,,0,560
26,UCCPQpi9U-iXFWlMSUg_nxTw,"Abdelkader Kharraz",XkrOZY89_K0,2026-03-01T21:17:30Z,"2026-03-01 21:17:30","الحلقة 11 : من القضايا الخطيرة لي خدمتهم…براءةٌ صغيرة بين أيدٍ ادّعت الحماية واخفت الشر.. رمضان2026",,,22,"People & Blogs",Religion,PT41M45S,2505,2d,hd,false,ar,ar,https://i.ytimg.com/vi/XkrOZY89_K0/maxresdefault.jpg,1,,,,,373385,10977,,0,542
27,UCCPQpi9U-iXFWlMSUg_nxTw,"Abdelkader Kharraz",jpdYGDEQeRo,2026-02-28T21:09:50Z,"2026-02-28 21:09:50","الحلقة 10 : مرأة مزوجة جوج رجال… شنو المصيبة لي وقعات…رمضان 2026",,,22,"People & Blogs",,PT22M56S,1376,2d,hd,false,ar,ar,https://i.ytimg.com/vi/jpdYGDEQeRo/maxresdefault.jpg,1,,,,,300819,9396,,0,490
28,UCCPQpi9U-iXFWlMSUg_nxTw,"Abdelkader Kharraz",jJJnDZuLA74,2026-02-27T21:32:42Z,"2026-02-27 21:32:42","الحلقة 9 : عصابة خطيرة وشافو الذهب…. سرقة بطريقة الافلام…رمضان 2026",,,22,"People & Blogs",,PT40M18S,2418,2d,hd,false,ar,ar,https://i.ytimg.com/vi/jJJnDZuLA74/maxresdefault.jpg,1,,,,,339863,10306,,0,571
29,UCCPQpi9U-iXFWlMSUg_nxTw,"Abdelkader Kharraz",JX-FvMRN83I,2026-02-26T20:58:19Z,"2026-02-26 20:58:19","الحلقة 8 : قصة صعيبة على كل واحد…. و العبرة من الثقة الزايدة فالمجهول… رمضان 2026",,,22,"People & Blogs",Religion,PT36M25S,2185,2d,hd,false,ar,ar,https://i.ytimg.com/vi/JX-FvMRN83I/maxresdefault.jpg,1,,,,,351562,10895,,0,717
30,UCCPQpi9U-iXFWlMSUg_nxTw,"Abdelkader Kharraz",aBEfSYaAKKg,2026-02-25T21:53:27Z,"2026-02-25 21:53:27","الحلقة 7 : بقا من واحدة لوحدة حتى جابها فالعشرة… يلقاها يلقاها… رمضان 2026",,,22,"People & Blogs",Religion,PT35M2S,2102,2d,hd,false,ar,ar,https://i.ytimg.com/vi/aBEfSYaAKKg/maxresdefault.jpg,1,,,,,361450,11032,,0,573
31,UCCPQpi9U-iXFWlMSUg_nxTw,"Abdelkader Kharraz",3-LDMMmulms,2026-02-24T21:29:15Z,"2026-02-24 21:29:15","الحلقة 6 : كلمة خرجات من الفم… دخلاتو للقبر…رمضان2026",,,22,"People & Blogs",Religion,PT33M36S,2016,2d,hd,false,ar,ar,https://i.ytimg.com/vi/3-LDMMmulms/maxresdefault.jpg,1,,,,,333165,10501,,0,584
32,UCCPQpi9U-iXFWlMSUg_nxTw,"Abdelkader Kharraz",KBvdL-IRd_k,2026-02-23T21:16:51Z,"2026-02-23 21:16:51","الحلقة 5 : قصة من القضايا لي خدمتهم وبقاو بلا حل… و الصدمة شنو عرفت مورا 25 سنة… رمضان 2026",,,22,"People & Blogs",Religion,PT44M26S,2666,2d,hd,false,ar,ar,https://i.ytimg.com/vi/KBvdL-IRd_k/maxresdefault.jpg,1,,,,,392078,10910,,0,830
33,UCCPQpi9U-iXFWlMSUg_nxTw,"Abdelkader Kharraz",I_PqDFflo5g,2026-02-22T21:11:43Z,"2026-02-22 21:11:43","الحلقة 4 : قصة زواج انتهت بين احضان الخيانة…و من اقرب الناس … رمضان 2026",,,22,"People & Blogs",Religion,PT30M14S,1814,2d,hd,false,ar,ar,https://i.ytimg.com/vi/I_PqDFflo5g/maxresdefault.jpg,1,,,,,392543,11462,,0,472
34,UCCPQpi9U-iXFWlMSUg_nxTw,"Abdelkader Kharraz",kkFtgC77EmY,2026-02-22T03:15:57Z,"2026-02-22 03:15:57","الحلقة 3 : بغا يغرقهم صدق غارق معاهم… قصة و مستملحات… رمضان 2026",,,22,"People & Blogs",Religion,PT27M46S,1666,2d,hd,false,ar,ar,https://i.ytimg.com/vi/kkFtgC77EmY/maxresdefault.jpg,1,,,,,276934,8808,,0,692
35,UCCPQpi9U-iXFWlMSUg_nxTw,"Abdelkader Kharraz",FaWm0Un0YN0,2026-02-20T21:00:56Z,"2026-02-20 21:00:56","الحلقة 2 : من لقاء خفي إلى نهاية مأساوية… تفاصيل جريمة صادمة… رمضان 2026",,,22,"People & Blogs",,PT34M47S,2087,2d,hd,false,ar,ar,https://i.ytimg.com/vi/FaWm0Un0YN0/maxresdefault.jpg,1,,,,,414539,12222,,0,719
36,UCCPQpi9U-iXFWlMSUg_nxTw,"Abdelkader Kharraz",N93t1amuZ68,2026-02-19T22:32:56Z,"2026-02-19 22:32:56","حلقة 1 : افتتاحية سلسة رمضان مع خراز …. اهم كلام نسمعوه ليوم..رمضان 2026",,,22,"People & Blogs",Religion,PT10M32S,632,2d,hd,false,ar,ar,https://i.ytimg.com/vi/N93t1amuZ68/maxresdefault.jpg,1,,,,,122043,6449,,0,432
37,UCCPQpi9U-iXFWlMSUg_nxTw,"Abdelkader Kharraz",yd1kz-e1sxc,2026-02-14T20:58:29Z,"2026-02-14 20:58:29","الحلقة 409 : كلمة واحدة خلات يبان المفقود… كما فعلنا بميمون… خراز يحكي",,,22,"People & Blogs",Religion,PT24M59S,1499,2d,hd,false,ar,ar,https://i.ytimg.com/vi/yd1kz-e1sxc/maxresdefault.jpg,1,,,,,390249,11462,,0,465
38,UCCPQpi9U-iXFWlMSUg_nxTw,"Abdelkader Kharraz",W48dnULJIzM,2026-02-11T19:48:29Z,"2026-02-11 19:48:29","الحلقة 408 : سرقو منو الطفولة… وباش كملوها بكارثة… خراز يحكي",,,22,"People & Blogs",,PT32M48S,1968,2d,hd,false,ar,ar,https://i.ytimg.com/vi/W48dnULJIzM/maxresdefault.jpg,1,,,,,324871,10747,,0,694
39,UCCPQpi9U-iXFWlMSUg_nxTw,"Abdelkader Kharraz",RxBAIRp5mEc,2026-02-07T19:49:58Z,"2026-02-07 19:49:58","الحلقة 407 : من القضايا الصادمة لي خدمتهم… لقناها رضيعة صغيرة.. و التفاصيل القصة صادمة…خراز يحكي",,,22,"People & Blogs",,PT1H5M40S,340,2d,hd,false,ar,ar,https://i.ytimg.com/vi/RxBAIRp5mEc/maxresdefault.jpg,1,,,,,560060,13645,,0,919
40,UCCPQpi9U-iXFWlMSUg_nxTw,"Abdelkader Kharraz",YzBiESuQKNk,2026-01-31T19:37:50Z,"2026-01-31 19:37:50","الحلقة 406 : قصة صعيبة على القلوب … حقيقة أب تحوّل لوحش داخل البيت… ولي لقاو من بعد صادم",,,22,"People & Blogs",,PT39M2S,2342,2d,hd,false,ar,ar,https://i.ytimg.com/vi/YzBiESuQKNk/maxresdefault.jpg,1,,,,,435125,12679,,0,806
41,UCCPQpi9U-iXFWlMSUg_nxTw,"Abdelkader Kharraz",L_Fnvf25qIw,2026-01-28T19:53:11Z,"2026-01-28 19:53:11","الحلقة 405: لقاوه مرمي وسط الغابة…. و البحث الطويل بان السباب علاش… خراز يحكي",,,22,"People & Blogs",,PT39M10S,2350,2d,hd,false,ar,ar,https://i.ytimg.com/vi/L_Fnvf25qIw/maxresdefault.jpg,1,,,,,470076,12032,,0,776
42,UCCPQpi9U-iXFWlMSUg_nxTw,"Abdelkader Kharraz",qWo0P3EbWw8,2026-01-24T19:26:11Z,"2026-01-24 19:26:11","الحلقة 404 : من القصص لي خدمتهم…بطريقة شنيعة نتاقمو من هاد السيدة… واش السبب هو الحب؟",,,22,"People & Blogs",,PT42M23S,2543,2d,hd,false,ar,ar,https://i.ytimg.com/vi/qWo0P3EbWw8/maxresdefault.jpg,1,,,,,544440,13565,,0,631
43,UCCPQpi9U-iXFWlMSUg_nxTw,"Abdelkader Kharraz",11SglJ0BVWk,2026-01-17T20:44:03Z,"2026-01-17 20:44:03","الحلقة 403 : من قصارة ليلة حتى ضاعت ليه سنين…. قصة عبرة لجميع الناس… خراز يحكي ",,,22,"People & Blogs",Religion,PT47M52S,2872,2d,hd,false,ar,ar,https://i.ytimg.com/vi/11SglJ0BVWk/maxresdefault.jpg,1,,,,,649750,14971,,0,772
44,UCCPQpi9U-iXFWlMSUg_nxTw,"Abdelkader Kharraz",TjeLHYnusac,2026-01-10T20:57:01Z,"2026-01-10 20:57:01","الحلقة 402 : قصة الرجل الذي نام في الشارع وكان يملك المدينة… عبرة في الحياة..خراز يحكي ",,,22,"People & Blogs",Religion,PT44M1S,2641,2d,hd,false,ar,ar,https://i.ytimg.com/vi/TjeLHYnusac/maxresdefault.jpg,1,,,,,463716,12100,,0,674
45,UCCPQpi9U-iXFWlMSUg_nxTw,"Abdelkader Kharraz",ojLOSc1IvjU,2026-01-07T20:21:35Z,"2026-01-07 20:21:35","الحلقة 401 : البحث صعاب مورا ملقاوها صفاوها ليها وسط محلها … خراز يحكي ",,,22,"People & Blogs",,PT33M52S,2032,2d,hd,false,ar,ar,https://i.ytimg.com/vi/ojLOSc1IvjU/maxresdefault.jpg,1,,,,,470423,13329,,0,857
46,UCCPQpi9U-iXFWlMSUg_nxTw,"Abdelkader Kharraz",gFNqSNNUHMA,2026-01-03T20:36:14Z,"2026-01-03 20:36:14","الحلقة 400 : شكون دخل بين الخوت وزرع فقلبهم السم… قصة و عبرة كبيرة … خراز يحكي",,,22,"People & Blogs",Religion,PT44M13S,2653,2d,hd,false,ar,ar,https://i.ytimg.com/vi/gFNqSNNUHMA/maxresdefault.jpg,1,,,,,448468,11903,,0,610
47,UCCPQpi9U-iXFWlMSUg_nxTw,"Abdelkader Kharraz",A3FuU8rHsU0,2025-12-31T21:32:05Z,"2025-12-31 21:32:05","حفلتكم اليوم مع خراز …. مستملحات و قصص … خراز يحكي",,,22,"People & Blogs",Religion,PT32M43S,1963,2d,hd,false,ar,ar,https://i.ytimg.com/vi/A3FuU8rHsU0/maxresdefault.jpg,1,,,,,292531,10108,,0,1518
48,UCCPQpi9U-iXFWlMSUg_nxTw,"Abdelkader Kharraz",tNM6iTnlnI0,2025-12-27T20:31:31Z,"2025-12-27 20:31:31","الحلقة 399 : اكبر عملية نصب فبلادنا… تقدر توقع ليك حتى نتا… المال السريع…خراز يحكي",,,22,"People & Blogs",,PT44M25S,2665,2d,hd,false,ar,ar,https://i.ytimg.com/vi/tNM6iTnlnI0/maxresdefault.jpg,1,,,,,390765,11068,,0,917
49,UCCPQpi9U-iXFWlMSUg_nxTw,"Abdelkader Kharraz",aUvGJ5H-PU8,2025-12-27T16:46:58Z,"2025-12-27 16:46:58","موعدنا اليوم على الساعة 21:30 #اكسبلور #قصص #قصص_واقعية #مشاهدات",,,22,"People & Blogs",,PT1M1S,61,2d,hd,false,ar,ar,https://i.ytimg.com/vi/aUvGJ5H-PU8/maxresdefault.jpg,1,,,,,29316,1073,,0,55
50,UCCPQpi9U-iXFWlMSUg_nxTw,"Abdelkader Kharraz",HixYSe2rT1c,2025-12-24T20:48:45Z,"2025-12-24 20:48:45","الحلقة 398 : خطفو ليها ولدها من قلب الدار… وخلاو الام ديالو اتحماق…خراز يحكي ",,,22,"People & Blogs",,PT48M45S,2925,2d,hd,false,ar,ar,https://i.ytimg.com/vi/HixYSe2rT1c/maxresdefault.jpg,1,,,,,378903,11877,,0,703
51,UCCPQpi9U-iXFWlMSUg_nxTw,"Abdelkader Kharraz",DuOolmEkV_4,2025-12-20T21:27:34Z,"2025-12-20 21:27:34","الحلقة 397 : خانتو و بطريقة شيطانية…. والحصلة كانت اتزهق فيها الروح…خراز يحكي",,,22,"People & Blogs",Religion,PT37M5S,2225,2d,hd,false,ar,ar,https://i.ytimg.com/vi/DuOolmEkV_4/maxresdefault.jpg,1,,,,,510723,12944,,0,1349
52,UCCPQpi9U-iXFWlMSUg_nxTw,"Abdelkader Kharraz",X6V8H7gxKUI,2025-12-19T20:14:31Z,"2025-12-19 20:14:31","المواطنة الحلقة 19 : كارثة تحت المجهر.. اللهم ارحم شهدائنا باسفي ",,,22,"People & Blogs",,PT12M29S,749,2d,hd,false,ar,ar,https://i.ytimg.com/vi/X6V8H7gxKUI/maxresdefault.jpg,1,,,,,70130,3128,,0,223
53,UCCPQpi9U-iXFWlMSUg_nxTw,"Abdelkader Kharraz",2jWm_siTs0o,2025-12-17T20:57:43Z,"2025-12-17 20:57:43","الحلقة 395 : من قضايا تهريب المخدرات المشوقة لي خدمتهم… بتقنية خراز ( مول الفز كيقفز)… خراز يحكي",,,22,"People & Blogs",,PT38M25S,2305,2d,hd,false,ar,ar,https://i.ytimg.com/vi/2jWm_siTs0o/maxresdefault.jpg,1,,,,,474624,10634,,0,503
54,UCCPQpi9U-iXFWlMSUg_nxTw,"Abdelkader Kharraz",NIaFIBOvZy0,2025-12-13T21:16:34Z,"2025-12-13 21:16:34","الحلقة 394 : قصة حياة هاد الرجل عشتها كاملة…من الرفاهية و السعادة الى نهاية مؤلمة مثل أفلام السينما ",,,22,"People & Blogs",,PT35M38S,2138,2d,hd,false,ar,ar,https://i.ytimg.com/vi/NIaFIBOvZy0/maxresdefault.jpg,1,,,,,371949,11032,,0,755
55,UCCPQpi9U-iXFWlMSUg_nxTw,"Abdelkader Kharraz",SE-5jn-MIxg,2025-12-12T21:31:26Z,"2025-12-12 21:31:26","حلقة المواطنة 18 : فاس تبكي ابناءها ..... الى متى ؟",,,22,"People & Blogs",,PT24M26S,1466,2d,hd,false,ar,ar,https://i.ytimg.com/vi/SE-5jn-MIxg/maxresdefault.jpg,1,,,,,76959,3335,,0,290
56,UCCPQpi9U-iXFWlMSUg_nxTw,"Abdelkader Kharraz",9aqIgMJWnOI,2025-12-10T20:41:33Z,"2025-12-10 20:41:33","الحلقة 393 : لقاوه مضروب بالرصاص … شكون هاد قناص الليل لي كيستعمل سلاحو؟… خراز يحكي",,,22,"People & Blogs",,PT42M19S,2539,2d,hd,false,ar,ar,https://i.ytimg.com/vi/9aqIgMJWnOI/maxresdefault.jpg,1,,,,,619203,14310,,0,699
57,UCCPQpi9U-iXFWlMSUg_nxTw,"Abdelkader Kharraz",3ft9Q6ydTHU,2025-12-06T19:49:24Z,"2025-12-06 19:49:24","الحلقة 392 : النهاية الصادمة للأب الطيب … قصة مؤثرة… خراز يحكي",,,22,"People & Blogs",Religion,PT34M10S,2050,2d,hd,false,ar,ar,https://i.ytimg.com/vi/3ft9Q6ydTHU/maxresdefault.jpg,1,,,,,435355,12132,,0,820
58,UCCPQpi9U-iXFWlMSUg_nxTw,"Abdelkader Kharraz",UOXtb9tCe2s,2025-11-29T20:07:33Z,"2025-11-29 20:07:33","الحلقة 391 : فتاريخ القناة من اكبر الأبحاث لي عشتها … حلقة خطيرة…خراز يحكي",,,22,"People & Blogs",Politics,PT1H3M48S,228,2d,hd,false,ar,ar,https://i.ytimg.com/vi/UOXtb9tCe2s/maxresdefault.jpg,1,,,,,1048233,21243,,0,1340
59,UCCPQpi9U-iXFWlMSUg_nxTw,"Abdelkader Kharraz",iQo3rq9RpBw,2025-11-26T20:42:54Z,"2025-11-26 20:42:54","الحلقة 390 : قصة الزواج المزور ،،،،و قصة عبرة لكل واحد…خراز يحكي",,,22,"People & Blogs",Religion,PT37M13S,2233,2d,hd,false,ar,ar,https://i.ytimg.com/vi/iQo3rq9RpBw/maxresdefault.jpg,1,,,,,427408,12355,,0,1050
60,UCCPQpi9U-iXFWlMSUg_nxTw,"Abdelkader Kharraz",G8NigZgQUOM,2025-11-22T20:53:49Z,"2025-11-22 20:53:49","الحلقة 389 : صفاوها ليها فقلب دارها… و ولدها هو لي جبد الحلقة الناقصة فالبحث…خراز يحكي",,,22,"People & Blogs",,PT42M27S,2547,2d,hd,false,ar,ar,https://i.ytimg.com/vi/G8NigZgQUOM/maxresdefault.jpg,1,,,,,552690,15139,,0,907
61,UCCPQpi9U-iXFWlMSUg_nxTw,"Abdelkader Kharraz",47h_pWfniDU,2025-11-15T20:40:17Z,"2025-11-15 20:40:17","الحلقة 387 : طفلة من ذوي الاحتياجات تفضح كل شيء… القصة كاملة… خراز يحكي ",,,22,"People & Blogs",Religion,PT36M46S,2206,2d,hd,false,ar,ar,https://i.ytimg.com/vi/47h_pWfniDU/maxresdefault.jpg,1,,,,,369824,12249,,0,967
62,UCCPQpi9U-iXFWlMSUg_nxTw,"Abdelkader Kharraz",KFYp0_gRoUM,2025-11-08T20:58:33Z,"2025-11-08 20:58:33","الحلقة 387 : براءة هاد الينت خلاها طيح ف موصيبة… حتا لقاوها فهاد الحالة…خراز يحكي ",,,22,"People & Blogs",,PT36M32S,2192,2d,hd,false,ar,ar,https://i.ytimg.com/vi/KFYp0_gRoUM/maxresdefault.jpg,1,,,,,498407,13846,,0,803
63,UCCPQpi9U-iXFWlMSUg_nxTw,"Abdelkader Kharraz",0iSSQ_yrdlI,2025-11-01T22:16:25Z,"2025-11-01 22:16:25","الحلقة 386 : في بداياتي بين مدينة القنيطرة و طنجة… وقعات هاد القصة الغريبة… خراز يحكي",,,22,"People & Blogs",,PT44M57S,2697,2d,hd,false,ar,ar,https://i.ytimg.com/vi/0iSSQ_yrdlI/maxresdefault.jpg,1,,,,,485278,13964,,0,1538
64,UCCPQpi9U-iXFWlMSUg_nxTw,"Abdelkader Kharraz",Ieg2id49N0Q,2025-10-30T20:50:01Z,"2025-10-30 20:50:01","المواطنة : رد خراز على الفيديو لي دار ضجة فمواقع التواصل الإجتماعي… بقا فيا الحال ",,,22,"People & Blogs",,PT35M39S,2139,2d,hd,false,ar,ar,https://i.ytimg.com/vi/Ieg2id49N0Q/maxresdefault.jpg,1,,,,,143029,6231,,0,812
65,UCCPQpi9U-iXFWlMSUg_nxTw,"Abdelkader Kharraz",iRE3kKQGzws,2025-10-25T20:49:58Z,"2025-10-25 20:49:58","الحلقة 385 : الرشوة…باعو ضميرهم بثمن رخيص… من قصص القصص عبرة … خراز يحكي ",,,22,"People & Blogs",Religion,PT38M16S,2296,2d,hd,false,ar,ar,https://i.ytimg.com/vi/iRE3kKQGzws/maxresdefault.jpg,1,,,,,455268,13358,,0,852
66,UCCPQpi9U-iXFWlMSUg_nxTw,"Abdelkader Kharraz",Xf1Vtpc4I48,2025-10-18T21:24:17Z,"2025-10-18 21:24:17","الحلقة 384 : الرجل النرجسي وسط منزله…. و خياتو بين مرتو و ولادو… خراز يحكي",,,22,"People & Blogs",,PT34M15S,2055,2d,hd,false,ar,ar,https://i.ytimg.com/vi/Xf1Vtpc4I48/maxresdefault.jpg,1,,,,,540333,15698,,0,1531
67,UCCPQpi9U-iXFWlMSUg_nxTw,"Abdelkader Kharraz",-jz5ZWKD9BM,2025-10-12T20:42:51Z,"2025-10-12 20:42:51","المواطنة الحلقة 16 : الاحداث الاخيرة في المغرب … بعين خراز عبد القادر ",,,22,"People & Blogs",Religion,PT31M47S,1907,2d,hd,false,ar,ar,https://i.ytimg.com/vi/-jz5ZWKD9BM/maxresdefault.jpg,1,,,,,124516,5137,,0,672
68,UCCPQpi9U-iXFWlMSUg_nxTw,"Abdelkader Kharraz",eut5pzUzQmM,2025-10-11T20:57:34Z,"2025-10-11 20:57:34","الحلقة 383 : كيفاش حياتها تقلبات من العيشة فالفيلا للحياة وسط الزنقة.. قصة عشتها كاملة بكل التفاصيل",,,22,"People & Blogs",,PT1H3M46S,226,2d,hd,false,ar,ar,https://i.ytimg.com/vi/eut5pzUzQmM/maxresdefault.jpg,1,,,,,718121,17141,,0,1285
69,UCCPQpi9U-iXFWlMSUg_nxTw,"Abdelkader Kharraz",tE2ujoaC0RI,2025-10-04T21:02:29Z,"2025-10-04 21:02:29","الحلقة 382 : كاينين شي قصص كيبقاو فالذاكرة شحال ما طوال الزمان… وهادي وحدة منهم…خراز يحكي ",,,22,"People & Blogs",,PT41M43S,2503,2d,hd,false,ar,ar,https://i.ytimg.com/vi/tE2ujoaC0RI/maxresdefault.jpg,1,,,,,886050,16990,,0,854
70,UCCPQpi9U-iXFWlMSUg_nxTw,"Abdelkader Kharraz",rURxcdKg8sE,2025-09-28T11:30:28Z,"2025-09-28 11:30:28","الحلقة 381 : قصة عشتها … عندما يتحول حادث سير إلى جريمة مدبّرة.. خراز يحكي",,,22,"People & Blogs",Religion,PT36M21S,2181,2d,hd,false,ar,ar,https://i.ytimg.com/vi/rURxcdKg8sE/maxresdefault.jpg,1,,,,,1027526,16866,,0,1071
71,UCCPQpi9U-iXFWlMSUg_nxTw,"Abdelkader Kharraz",AATgdDqvX9E,2025-09-21T00:34:14Z,"2025-09-21 00:34:14","الحلقة 380 : لقاوها طراف فميكة و البحث من عالم اخر … خراز يحكي",,,22,"People & Blogs",Religion,PT42M18S,2538,2d,hd,false,ar,ar,https://i.ytimg.com/vi/AATgdDqvX9E/maxresdefault.jpg,1,,,,,800889,18936,,0,1367
72,UCCPQpi9U-iXFWlMSUg_nxTw,"Abdelkader Kharraz",8E7SNRdo86A,2025-09-17T22:09:04Z,"2025-09-17 22:09:04","المواطنة الحلقة 15 : قصة تدمع القلب قبل العين… شوفو بقلوبكم",,,22,"People & Blogs",Religion,PT31M41S,1901,2d,hd,false,ar,ar,https://i.ytimg.com/vi/8E7SNRdo86A/maxresdefault.jpg,1,,,,,140271,6349,,0,689
73,UCCPQpi9U-iXFWlMSUg_nxTw,"Abdelkader Kharraz",HBQokyznh7E,2025-09-13T23:42:56Z,"2025-09-13 23:42:56","الحلقة 379 : قصة حضرت عليها كاملة… صاحبو و جرو فسنوات ديال السجن مدار فيها والو…خراز يحكي",,,22,"People & Blogs",,PT39M12S,2352,2d,hd,false,ar,ar,https://i.ytimg.com/vi/HBQokyznh7E/maxresdefault.jpg,1,,,,,577412,14322,,0,750
74,UCCPQpi9U-iXFWlMSUg_nxTw,"Abdelkader Kharraz",j0jtL99Q2f0,2025-09-10T22:02:27Z,"2025-09-10 22:02:27","المواطنة الحلقة14 . : جليسة معاكم فديوركم…. وشنو كلشي كيشكي منو فبلادو … الاسعار و التعليم ",,,22,"People & Blogs",,PT20M31S,1231,2d,hd,false,ar,ar,https://i.ytimg.com/vi/j0jtL99Q2f0/maxresdefault.jpg,1,,,,,99325,4634,,0,562
75,UCCPQpi9U-iXFWlMSUg_nxTw,"Abdelkader Kharraz",fa-IUn0tgDk,2025-09-06T23:23:52Z,"2025-09-06 23:23:52","الحلقة 378 : داكشي لي خاف منو فالزواج طاح فيه… حتى حصل مرتو بعينيه و كيفاش… خراز يحكي",,,22,"People & Blogs",,PT41M25S,2485,2d,hd,false,ar,ar,https://i.ytimg.com/vi/fa-IUn0tgDk/maxresdefault.jpg,1,,,,,660087,16228,,0,1024
76,UCCPQpi9U-iXFWlMSUg_nxTw,"Abdelkader Kharraz",wq7rnT0nV60,2025-09-02T21:41:52Z,"2025-09-02 21:41:52","المواطنة الحلقة 13 : حلقة فالموضوع الاكثر طلبا فالتعليقات…. من حلم الهجرة الى كابوس التسول",,,22,"People & Blogs",Religion,PT16M57S,1017,2d,hd,false,ar,ar,https://i.ytimg.com/vi/wq7rnT0nV60/maxresdefault.jpg,1,,,,,96654,4244,,0,333
77,UCCPQpi9U-iXFWlMSUg_nxTw,"Abdelkader Kharraz",JjIyHU1X15s,2025-08-30T23:08:54Z,"2025-08-30 23:08:54","الحلقة 374 : خلط بين الواجب ديالو الادمان… و هادي عبرة لاي شخص خلط الحلال مع لحرام…خراز يحكي",,,22,"People & Blogs",,PT21M38S,1298,2d,hd,false,ar,ar,https://i.ytimg.com/vi/JjIyHU1X15s/maxresdefault.jpg,1,,,,,394109,11488,,0,593
78,UCCPQpi9U-iXFWlMSUg_nxTw,"Abdelkader Kharraz",SfHPVuCfx4c,2025-08-23T23:01:21Z,"2025-08-23 23:01:21","الحلقة 373 : تلاقيتو صدفة و حكى ليا قصتو…. لي كانت من القضايا الاكثر غرابة لي خدمتهم…خراز يحكي ",,,22,"People & Blogs",,PT57M18S,3438,2d,hd,false,ar,ar,https://i.ytimg.com/vi/SfHPVuCfx4c/maxresdefault.jpg,1,,,,,990962,18861,,0,833
79,UCCPQpi9U-iXFWlMSUg_nxTw,"Abdelkader Kharraz",JUYsWdZOgVA,2025-08-17T22:13:36Z,"2025-08-17 22:13:36","المواطنة الحلقة 12 : تجربتي الخاصة فهاد القضية … ولي نبغيكم كلكم تعرفوها",,,22,"People & Blogs",Religion,PT34M54S,2094,2d,hd,false,ar,ar,https://i.ytimg.com/vi/JUYsWdZOgVA/maxresdefault.jpg,1,,,,,172964,5855,,0,463
80,UCCPQpi9U-iXFWlMSUg_nxTw,"Abdelkader Kharraz",32OO8sUBF1c,2025-08-16T23:40:36Z,"2025-08-16 23:40:36","الحلقة 372 : عرس المساخيط من عرس ولا جنازة… عبرة كبيرة لعرسان المستقبل… خراز يحكي ",,,22,"People & Blogs",Religion,PT40M10S,2410,2d,hd,false,ar,ar,https://i.ytimg.com/vi/32OO8sUBF1c/maxresdefault.jpg,1,,,,,809603,17380,,0,831
81,UCCPQpi9U-iXFWlMSUg_nxTw,"Abdelkader Kharraz",rZdhMpJm3JU,2025-08-09T23:36:53Z,"2025-08-09 23:36:53","الحلقة 371 : من القضايا لي خدمتهم … كبرات و تربات فلشوش و نهايتها كانت صعيبة… خراز يحكي",,,22,"People & Blogs",Religion,PT56M48S,3408,2d,hd,false,ar,ar,https://i.ytimg.com/vi/rZdhMpJm3JU/maxresdefault.jpg,1,,,,,1106287,20713,,0,1321
82,UCCPQpi9U-iXFWlMSUg_nxTw,"Abdelkader Kharraz",0mcj0eb7FyI,2025-08-03T23:46:34Z,"2025-08-03 23:46:34","المواطنة الحلقة 11 : كبرنا ماشي كيف كيف…. موضوع من اكثر المواضيع حساسية ",,,22,"People & Blogs",Religion,PT28M36S,1716,2d,hd,false,ar,ar,https://i.ytimg.com/vi/0mcj0eb7FyI/maxresdefault.jpg,1,,,,,149792,5079,,0,449
83,UCCPQpi9U-iXFWlMSUg_nxTw,"Abdelkader Kharraz",Wp_tN2Bl62o,2025-08-02T23:13:21Z,"2025-08-02 23:13:21","الحلقة 370 : قصة محزنة لرجل كان من اطيب خلق الله… و فالاخير شكون صفاها ليه… خراز يحكي",,,22,"People & Blogs",Religion,PT45M27S,2727,2d,hd,false,ar,ar,https://i.ytimg.com/vi/Wp_tN2Bl62o/maxresdefault.jpg,1,,,,,749801,17485,,0,927
84,UCCPQpi9U-iXFWlMSUg_nxTw,"Abdelkader Kharraz",rdP9zKbtDIg,2025-07-27T22:56:51Z,"2025-07-27 22:56:51","المواطنة الحلقة 10 : تجارب الناس في بلادهم… و شنو العبرة و الخلاصة منها… حلقة تستحق المشاهدة",,,22,"People & Blogs",Religion,PT35M30S,2130,2d,hd,false,ar,ar,https://i.ytimg.com/vi/rdP9zKbtDIg/maxresdefault.jpg,1,,,,,172216,6071,,0,734
85,UCCPQpi9U-iXFWlMSUg_nxTw,"Abdelkader Kharraz",UdoC2DsBOl4,2025-07-26T22:52:58Z,"2025-07-26 22:52:58","الحلقة 369 : من القصص لي خدمتهم…قصة هاد البنت صعيبة… خراز يحكي",,,22,"People & Blogs",Religion,PT56M52S,3412,2d,hd,false,ar,ar,https://i.ytimg.com/vi/UdoC2DsBOl4/maxresdefault.jpg,1,,,,,807671,16941,,0,908
86,UCCPQpi9U-iXFWlMSUg_nxTw,"Abdelkader Kharraz",UUNqC7XDLm8,2025-07-21T13:27:41Z,"2025-07-21 13:27:41","المواطنة الحلقة 9 : ناس شرات الدوا من بلاصة مجهولة … و النتيجة كارثة تقدر تصفيها ليهم",,,22,"People & Blogs",,PT17M28S,1048,2d,hd,false,ar,ar,https://i.ytimg.com/vi/UUNqC7XDLm8/maxresdefault.jpg,1,,,,,116105,4476,,0,360
87,UCCPQpi9U-iXFWlMSUg_nxTw,"Abdelkader Kharraz",8LAQKr8IvDo,2025-07-19T23:15:31Z,"2025-07-19 23:15:31","الحلقة 368 : باش تجيب طرف الخبز لامها .. طاحت بين الوحوش… و شنو وقع",,,22,"People & Blogs",,PT55M31S,3331,2d,hd,false,ar,ar,https://i.ytimg.com/vi/8LAQKr8IvDo/maxresdefault.jpg,1,,,,,671244,16896,,0,831
88,UCCPQpi9U-iXFWlMSUg_nxTw,"Abdelkader Kharraz",qILJyfL_gdQ,2025-07-13T22:46:14Z,"2025-07-13 22:46:14","المواطنة الحلقة 8 : المشاكل الكبيرة لي كيعيشها كل واحد … اجي نشوفو الواقع بصورة أوضح",,,22,"People & Blogs",Religion,PT26M43S,1603,2d,hd,false,ar,ar,https://i.ytimg.com/vi/qILJyfL_gdQ/maxresdefault.jpg,1,,,,,119368,4601,,0,321
89,UCCPQpi9U-iXFWlMSUg_nxTw,"Abdelkader Kharraz",2tWh6170TLo,2025-07-12T22:32:55Z,"2025-07-12 22:32:55","الحلقة 367 : فعز شبابو لقاوه مرمي فالشارع … و شنو السباب واش الحب ولا شىء اخر… خراز يحكي",,,22,"People & Blogs",,PT46M7S,2767,2d,hd,false,ar,ar,https://i.ytimg.com/vi/2tWh6170TLo/maxresdefault.jpg,1,,,,,696259,16681,,0,775
90,UCCPQpi9U-iXFWlMSUg_nxTw,"Abdelkader Kharraz",iNvdPUSzuU8,2025-07-07T15:20:47Z,"2025-07-07 15:20:47","المواطنة الحلقة 7 : في كل حريق قصة بطولة… و شكون هاد الرجال لي انهدر عليهم",,,22,"People & Blogs",,PT29M27S,1767,2d,hd,false,ar,ar,https://i.ytimg.com/vi/iNvdPUSzuU8/maxresdefault.jpg,1,,,,,125440,4690,,0,278
91,UCCPQpi9U-iXFWlMSUg_nxTw,"Abdelkader Kharraz",oUfky8sLA5k,2025-07-05T22:28:44Z,"2025-07-05 22:28:44","الحلقة 366 : شبح الاوطو سطوب…. قصة عشتها وهاد التجربة يقد اي واحد يعيشها… خراز يحكي",,,22,"People & Blogs",,PT46M27S,2787,2d,hd,false,ar,ar,https://i.ytimg.com/vi/oUfky8sLA5k/maxresdefault.jpg,1,,,,,777166,17182,,0,909
92,UCCPQpi9U-iXFWlMSUg_nxTw,"Abdelkader Kharraz",K_LuHJ5WZOw,2025-06-29T19:54:04Z,"2025-06-29 19:54:04","حلقة المواطنة 6 : خاصة بالجالية المغربية .. اخبار سارة و معلومات مهمة",,,22,"People & Blogs",,PT22M48S,1368,2d,hd,false,ar,ar,https://i.ytimg.com/vi/K_LuHJ5WZOw/maxresdefault.jpg,1,,,,,125143,4210,,0,463
93,UCCPQpi9U-iXFWlMSUg_nxTw,"Abdelkader Kharraz",_jJBhGntpY8,2025-06-28T23:23:16Z,"2025-06-28 23:23:16","الحلقة 365 : عالم الكيف … ليوما انعيشو عالم مختلف عالم الكيف و اليل و المروجين لهدشي…خراز يحكي",,,22,"People & Blogs",,PT44M42S,2682,2d,hd,false,ar,ar,https://i.ytimg.com/vi/_jJBhGntpY8/maxresdefault.jpg,1,,,,,580437,14561,,0,766
94,UCCPQpi9U-iXFWlMSUg_nxTw,"Abdelkader Kharraz",WvvVre-M058,2025-06-22T21:38:16Z,"2025-06-22 21:38:16","المواطنة الحلقة 5 : اجييو تعرفو حربنا معامن ؟ … حلقة مهمة جداً",,,22,"People & Blogs","Politics,Society",PT26M51S,1611,2d,hd,false,ar,ar,https://i.ytimg.com/vi/WvvVre-M058/maxresdefault.jpg,1,,,,,148197,6557,,0,704
95,UCCPQpi9U-iXFWlMSUg_nxTw,"Abdelkader Kharraz",7RMwofxkzzY,2025-06-21T22:00:07Z,"2025-06-21 22:00:07","الحلقة 364 : من دارت داروها بيناتهم …. الى 10 سنوات سجناً… خراز يحكي",,,22,"People & Blogs",,PT34M54S,2094,2d,hd,false,ar,ar,https://i.ytimg.com/vi/7RMwofxkzzY/maxresdefault.jpg,1,,,,,637282,15777,,0,799
96,UCCPQpi9U-iXFWlMSUg_nxTw,"Abdelkader Kharraz",ffOBgosW5NA,2025-06-15T22:58:30Z,"2025-06-15 22:58:30","المواطنة الحلقة 4 : خراز و الهيب هوب … شنو الجدل لي واقع فالمدارس",,,22,"People & Blogs",,PT16M29S,989,2d,hd,false,ar,ar,https://i.ytimg.com/vi/ffOBgosW5NA/maxresdefault.jpg,1,,,,,121446,5261,,0,427
97,UCCPQpi9U-iXFWlMSUg_nxTw,"Abdelkader Kharraz",VCH3f70wSQY,2025-06-14T21:37:59Z,"2025-06-14 21:37:59","الحلقة 363 : تزوجها داها من دارهوم و مبقاوش شافوها ف النهار اللخر كانت الصدمة… خراز يحكي",,,22,"People & Blogs",,PT42M41S,2561,2d,hd,false,ar,ar,https://i.ytimg.com/vi/VCH3f70wSQY/maxresdefault.jpg,1,,,,,642709,18686,,0,1615
98,UCCPQpi9U-iXFWlMSUg_nxTw,"Abdelkader Kharraz",qhm3JdULrL0,2025-06-08T21:58:31Z,"2025-06-08 21:58:31","المواطنة الحلقة 3 : القصة لي عشتها بسباب لغلا… دير هدشي فراسك قبل متشد الطريق لاي بلاصة",,,22,"People & Blogs",Religion,PT47M42S,2862,2d,hd,false,ar,ar,https://i.ytimg.com/vi/qhm3JdULrL0/maxresdefault.jpg,1,,,,,261601,9581,,0,1037
99,UCCPQpi9U-iXFWlMSUg_nxTw,"Abdelkader Kharraz",YCes-OYWqZ4,2025-06-07T22:31:22Z,"2025-06-07 22:31:22","الحلقة 362 : دموع بلا نهاية…. قصة مؤلمة و البكا لي بكات حتى مشا ليها الشوف…. خراز يحكي",,,22,"People & Blogs",,PT29M37S,1777,2d,hd,false,ar,ar,https://i.ytimg.com/vi/YCes-OYWqZ4/maxresdefault.jpg,1,,,,,462618,13084,,0,841
100,UCCPQpi9U-iXFWlMSUg_nxTw,"Abdelkader Kharraz",gG9eLcIgJyo,2025-06-07T11:44:39Z,"2025-06-07 11:44:39","عيد الاضحى المبارك 2025",,,22,"People & Blogs",Religion,PT1M56S,116,2d,hd,false,ar,ar,https://i.ytimg.com/vi/gG9eLcIgJyo/maxresdefault.jpg,1,,,,,36024,2870,,0,337
101,UCCPQpi9U-iXFWlMSUg_nxTw,"Abdelkader Kharraz",0jE9UyqPFsA,2025-06-01T20:24:38Z,"2025-06-01 20:24:38","المواطنة الحلقة 2 : قرار إلغاء عيد الأضحى… علاش و كفاش و شنو لي شفت و بقا فيا الحال…خراز يحكي",,,22,"People & Blogs",,PT12M19S,739,2d,hd,false,ar,ar,https://i.ytimg.com/vi/0jE9UyqPFsA/maxresdefault.jpg,1,,,,,134264,6030,,0,782
102,UCCPQpi9U-iXFWlMSUg_nxTw,"Abdelkader Kharraz",bkwDBpFi5f8,2025-05-31T21:12:06Z,"2025-05-31 21:12:06","الحلقة 361 : كيفاش خلاه عقلو يدير هاد الكارثة فحق اعز و اقرب الناس ليه… قصة مؤثرة… خراز يحكي",,,22,"People & Blogs",Religion,PT53M4S,3184,2d,hd,false,ar,ar,https://i.ytimg.com/vi/bkwDBpFi5f8/maxresdefault.jpg,1,,,,,781054,17718,,0,924
103,UCCPQpi9U-iXFWlMSUg_nxTw,"Abdelkader Kharraz",Wj79KIxbLz4,2025-05-25T22:06:43Z,"2025-05-25 22:06:43","المواطنة الحلقة 2 : ابواب مفتوحة و شنو الجديد فعالم الامن الوطني",,,22,"People & Blogs",Society,PT22M47S,1367,2d,hd,false,ar,ar,https://i.ytimg.com/vi/Wj79KIxbLz4/maxresdefault.jpg,1,,,,,96818,4275,,0,245
104,UCCPQpi9U-iXFWlMSUg_nxTw,"Abdelkader Kharraz",SpkM7PUm9M4,2025-05-24T21:03:57Z,"2025-05-24 21:03:57","الحلقة 360 : من اذكى الشفارة لي واجهنا فالبحث … الفيلا لي طلحو عليها مشات…خراز يحكي",,,22,"People & Blogs",,PT56M10S,3370,2d,hd,false,ar,ar,https://i.ytimg.com/vi/SpkM7PUm9M4/maxresdefault.jpg,1,,,,,878867,19151,,0,932
105,UCCPQpi9U-iXFWlMSUg_nxTw,"Abdelkader Kharraz",qaWLz74QYSo,2025-05-18T22:19:37Z,"2025-05-18 22:19:37","الحلقة 359 : على توصيل الكراء وقعات كارثة … حلقة مهمة لمالين الكراء…خراز يحكي",,,22,"People & Blogs",,PT36M48S,2208,2d,hd,false,ar,ar,https://i.ytimg.com/vi/qaWLz74QYSo/maxresdefault.jpg,1,,,,,526099,14695,,0,1003
106,UCCPQpi9U-iXFWlMSUg_nxTw,"Abdelkader Kharraz",Wxr4E3XDlbQ,2025-05-17T22:12:09Z,"2025-05-17 22:12:09","الحلقة 359 : جوج قصص بطعم واحد… الاولى خدمت فيها و المشاكل منين بدات…خراز يحكي",,,22,"People & Blogs",,PT48M25S,2905,2d,hd,false,ar,ar,https://i.ytimg.com/vi/Wxr4E3XDlbQ/maxresdefault.jpg,1,,,,,586336,16014,,0,1905
107,UCCPQpi9U-iXFWlMSUg_nxTw,"Abdelkader Kharraz",Ja2XhpPsV7g,2025-05-16T16:36:47Z,"2025-05-16 16:36:47","موعدنا 16 ماي ابواب مفتوحة فمدينة الجديدة #خراز #النظافه #اكسبلور #قصص #العريفي #مشاهدات",,,22,"People & Blogs",Politics,PT50S,50,2d,hd,false,ar,ar,https://i.ytimg.com/vi/Ja2XhpPsV7g/maxresdefault.jpg,1,,,,,32497,1180,,0,53
108,UCCPQpi9U-iXFWlMSUg_nxTw,"Abdelkader Kharraz",Zj_cngGlTVw,2025-05-10T21:17:46Z,"2025-05-10 21:17:46","المواطنة الحلقة 1 : هل سنستقبل ضيوفنا بالسيوف و السواطير… الفصل 507 … خراز بكيحكي",,,22,"People & Blogs",Religion,PT36M51S,2211,2d,hd,false,ar,ar,https://i.ytimg.com/vi/Zj_cngGlTVw/maxresdefault.jpg,1,,,,,435864,17222,,0,2678
109,UCCPQpi9U-iXFWlMSUg_nxTw,"Abdelkader Kharraz",hrHLsyN3dpU,2025-05-10T19:09:07Z,"2025-05-10 19:09:07","شكون غادي يحس بهذرتي —- الحلقة 358 —- #اكسبلور #خراز #قصص #مشاهدات",,,22,"People & Blogs",,PT1M35S,95,2d,hd,false,ar,ar,https://i.ytimg.com/vi/hrHLsyN3dpU/maxresdefault.jpg,1,,,,,43173,1727,,0,92
110,UCCPQpi9U-iXFWlMSUg_nxTw,"Abdelkader Kharraz",-GA-ytcCQNY,2025-05-04T03:39:43Z,"2025-05-04 03:39:43","الحلقة 357 : القصة لي خليتها اكبر عبرة… شنو وقع لهاد البنت… خراز يحكي",,,22,"People & Blogs",,PT45M11S,2711,2d,hd,false,ar,ar,https://i.ytimg.com/vi/-GA-ytcCQNY/maxresdefault.jpg,1,,,,,589686,17135,,0,1607
111,UCCPQpi9U-iXFWlMSUg_nxTw,"Abdelkader Kharraz",t0Gm3Zq-chc,2025-04-26T21:41:17Z,"2025-04-26 21:41:17","الحلقة 356 : كيفاش الاب ديالي غادي يضحي بيا انا و امي من اجل رجال المقاومة…خراز يحكي",,,22,"People & Blogs",,PT57M19S,3439,2d,hd,false,ar,ar,https://i.ytimg.com/vi/t0Gm3Zq-chc/maxresdefault.jpg,1,,,,,512589,15890,,0,1510
112,UCCPQpi9U-iXFWlMSUg_nxTw,"Abdelkader Kharraz",oO-0bzKtPug,2025-04-26T14:55:24Z,"2025-04-26 14:55:24","خراز يحكي لأول مرة على الاب ديالو #خراز #اكسبلور #قصص",,,22,"People & Blogs",,PT24S,24,2d,hd,false,ar,ar,https://i.ytimg.com/vi/oO-0bzKtPug/maxresdefault.jpg,1,,,,,45408,,,0,47
113,UCCPQpi9U-iXFWlMSUg_nxTw,"Abdelkader Kharraz",5RHqKYPuAro,2025-04-19T19:06:44Z,"2025-04-19 19:06:44","الحلقة 355 : كانت صعيبة عليها تحكي قصتها ليا…. قصة مؤلمة و عبرة مهمة بزاف … خراز يحكي","ALX : https://www.alxafrica.com/join-pathway/?utm_source=influencer&utm_medium=organic_instagram&utm_campaign=cas_2025q2&utm_term=lkherraz&utm_content=pathway",,22,"People & Blogs",,PT51M34S,3094,2d,hd,false,ar,ar,https://i.ytimg.com/vi/5RHqKYPuAro/maxresdefault.jpg,1,,,,,618931,17806,,0,1320
114,UCCPQpi9U-iXFWlMSUg_nxTw,"Abdelkader Kharraz",Hwf4KOzY0uo,2025-04-12T20:44:18Z,"2025-04-12 20:44:18","الحلقة 354 : قاليا خراز صيفتيني ب 15 سنة ضلما… و القصة الحقيقة مورا هاد الكلام..خراز يحكي",,,22,"People & Blogs",,PT39M51S,2391,2d,hd,false,ar,ar,https://i.ytimg.com/vi/Hwf4KOzY0uo/maxresdefault.jpg,1,,,,,789870,20517,,0,1020
115,UCCPQpi9U-iXFWlMSUg_nxTw,"Abdelkader Kharraz",3Aeg_1SifOM,2025-03-31T12:43:41Z,"2025-03-31 12:43:41","عيد الفطر مبارك سعيد و كل عام وأنتم بألف خير",,,22,"People & Blogs",Religion,PT2M23S,143,2d,hd,false,ar,ar,https://i.ytimg.com/vi/3Aeg_1SifOM/maxresdefault.jpg,1,,,,,159651,12526,,0,1394
116,UCCPQpi9U-iXFWlMSUg_nxTw,"Abdelkader Kharraz",9R2R8n6fppM,2025-03-30T21:59:44Z,"2025-03-30 21:59:44","الحلقة 29 : على غرار القصة السابقة حتى هذا بغاها على وديت فلوسها… ولكن دبا باش سالات… رمضان مع خراز",,,22,"People & Blogs",Religion,PT31M31S,1891,2d,hd,false,ar,ar,https://i.ytimg.com/vi/9R2R8n6fppM/maxresdefault.jpg,1,,,,,584310,15011,,0,681
117,UCCPQpi9U-iXFWlMSUg_nxTw,"Abdelkader Kharraz",SWdA4n8CuJc,2025-03-30T01:30:57Z,"2025-03-30 01:30:57","الحلقة 28 : جوج صحاب حتى حاجة متفرقهم…. الى حاحة وحدة لي دارت فاجعة فالدوار…رمضان مع خراز",,,22,"People & Blogs",,PT43M51S,2631,2d,hd,false,ar,ar,https://i.ytimg.com/vi/SWdA4n8CuJc/maxresdefault.jpg,1,,,,,564480,15976,,0,978
118,UCCPQpi9U-iXFWlMSUg_nxTw,"Abdelkader Kharraz",ObNDd1JuBrw,2025-03-28T22:53:52Z,"2025-03-28 22:53:52","الحلقة : مخلى ما سرق حتى من ديور كبار الشخصيات… ولكن واش حصل؟…رمضان مع خراز",,,22,"People & Blogs",,PT48M19S,2899,2d,hd,false,ar,ar,https://i.ytimg.com/vi/ObNDd1JuBrw/maxresdefault.jpg,1,,,,,742009,17103,,0,968
119,UCCPQpi9U-iXFWlMSUg_nxTw,"Abdelkader Kharraz",0UbU4snj_Fo,2025-03-27T18:36:51Z,"2025-03-27 18:36:51","الحلقة 26 : فطوركم اليوم مع خراز … جلسة و كلام… رمضان مع خراز",,,22,"People & Blogs",Religion,PT32M10S,1930,2d,hd,false,ar,ar,https://i.ytimg.com/vi/0UbU4snj_Fo/maxresdefault.jpg,1,,,,,293337,11929,,0,1322
120,UCCPQpi9U-iXFWlMSUg_nxTw,"Abdelkader Kharraz",UjZaUYLvf0c,2025-03-26T21:43:58Z,"2025-03-26 21:43:58","الحلقة 25 : هاد الليلة غادي تكون اخر مرت يلعب فيها..قصة مؤلمة… رمضان مع خراز",,,22,"People & Blogs",Religion,PT35M52S,2152,2d,hd,false,ar,ar,https://i.ytimg.com/vi/UjZaUYLvf0c/maxresdefault.jpg,1,,,,,528573,15176,,0,708
121,UCCPQpi9U-iXFWlMSUg_nxTw,"Abdelkader Kharraz",oPWWIKnz_is,2025-03-25T22:29:45Z,"2025-03-25 22:29:45","الحلقة 24 : تشاركو بجوج و هوما بحال لخوت.. ولكن الشيطان كان وسطهم…رمضان مع خراز",,,22,"People & Blogs",Religion,PT29M15S,1755,2d,hd,false,ar,ar,https://i.ytimg.com/vi/oPWWIKnz_is/maxresdefault.jpg,1,,,,,441069,13738,,0,675
122,UCCPQpi9U-iXFWlMSUg_nxTw,"Abdelkader Kharraz",kHMIoXm939s,2025-03-24T22:08:09Z,"2025-03-24 22:08:09","الحلقة 23 :من القصص لي خدمناهم … و البحث كان معقد بزاف…رمضان مع خراز",,,22,"People & Blogs",Religion,PT48M25S,2905,2d,hd,false,ar,ar,https://i.ytimg.com/vi/kHMIoXm939s/maxresdefault.jpg,1,,,,,705411,17448,,0,854
123,UCCPQpi9U-iXFWlMSUg_nxTw,"Abdelkader Kharraz",fFkiEUlJjW4,2025-03-23T21:40:49Z,"2025-03-23 21:40:49","الحلقة 22 : كدور فالزناقي بوحدها …. و الوحوش الادمية شنو دارو فيها… رمضان مع خراز",,,22,"People & Blogs",Religion,PT31M19S,1879,2d,hd,false,ar,ar,https://i.ytimg.com/vi/fFkiEUlJjW4/maxresdefault.jpg,1,,,,,428686,13746,,0,1080
124,UCCPQpi9U-iXFWlMSUg_nxTw,"Abdelkader Kharraz",uSCNE3Evg-0,2025-03-22T21:48:14Z,"2025-03-22 21:48:14","الحلقة 21 : تنمرو عليه فصغرو و بقا هازها فقلبو…سنوات و سنوات…رمضان مع خراز",,,22,"People & Blogs",Religion,PT31M8S,1868,2d,hd,false,ar,ar,https://i.ytimg.com/vi/uSCNE3Evg-0/maxresdefault.jpg,1,,,,,438806,13934,,0,790
125,UCCPQpi9U-iXFWlMSUg_nxTw,"Abdelkader Kharraz",oerKMkUx8r0,2025-03-21T22:19:00Z,"2025-03-21 22:19:00","الحلقة 20 : نهار بغاو يبنيو لقاو لعضام ف الارض… شكون مول الفعلة …رمضان مع خراز",,,22,"People & Blogs",,PT33M38S,2018,2d,hd,false,ar,ar,https://i.ytimg.com/vi/oerKMkUx8r0/maxresdefault.jpg,1,,,,,515045,15327,,0,694
126,UCCPQpi9U-iXFWlMSUg_nxTw,"Abdelkader Kharraz",eh_hOXo7IFI,2025-03-20T21:56:19Z,"2025-03-20 21:56:19","الحلقة 19 :تزوجها على ود فلوسها و فاش عاقة دار كارثة… رمضان مع خراز",,,22,"People & Blogs",Religion,PT38M37S,2317,2d,hd,false,ar,ar,https://i.ytimg.com/vi/eh_hOXo7IFI/maxresdefault.jpg,1,,,,,550284,16081,,0,1520
127,UCCPQpi9U-iXFWlMSUg_nxTw,"Abdelkader Kharraz",6Lle9E8grRQ,2025-03-19T21:22:18Z,"2025-03-19 21:22:18","الحلقة 18 : خرجو عليه صحابو و حمقوه… و الطريقة دارها لراسو…رمضان مع خراز",,,22,"People & Blogs",Religion,PT29M29S,1769,2d,hd,false,ar,ar,https://i.ytimg.com/vi/6Lle9E8grRQ/maxresdefault.jpg,1,,,,,428625,14490,,0,1017
128,UCCPQpi9U-iXFWlMSUg_nxTw,"Abdelkader Kharraz",X5sNlW8RI-8,2025-03-19T01:40:18Z,"2025-03-19 01:40:18","الحلقة 17 : البنت من لقرايا لدار لكن ما خفي كان اعظم…. هرب و خلاها … رمضان مع خراز",,,22,"People & Blogs",Religion,PT37M2S,2222,2d,hd,false,ar,ar,https://i.ytimg.com/vi/X5sNlW8RI-8/maxresdefault.jpg,1,,,,,544562,16243,,0,936
129,UCCPQpi9U-iXFWlMSUg_nxTw,"Abdelkader Kharraz",TCc888Y6x-w,2025-03-17T21:20:36Z,"2025-03-17 21:20:36","الحلقة 16: قبلات بالمرا التانية و لكن الاخرى كان لها رأي آخر … كلشي مشا فيها..رمضان مع خراز",,,22,"People & Blogs",,PT42M6S,2526,2d,hd,false,ar,ar,https://i.ytimg.com/vi/TCc888Y6x-w/maxresdefault.jpg,1,,,,,595509,17193,,0,1060
130,UCCPQpi9U-iXFWlMSUg_nxTw,"Abdelkader Kharraz",xadye1A8_sM,2025-03-16T23:13:38Z,"2025-03-16 23:13:38","الحلقة 15 : هادو هوما فعايل الشيطان…. قصة خطيرة… رمضان مع خراز",,,22,"People & Blogs",Religion,PT31M4S,1864,2d,hd,false,ar,ar,https://i.ytimg.com/vi/xadye1A8_sM/maxresdefault.jpg,1,,,,,505099,16635,,0,1234
131,UCCPQpi9U-iXFWlMSUg_nxTw,"Abdelkader Kharraz",u0Qv2QoYmsY,2025-03-15T22:46:05Z,"2025-03-15 22:46:05","الحلقة 14 : مشات تخدم فالديور حتى فجأة اختفت… و البحث وصل لشنو وقع كارثة… رمضان مع خراز",,,22,"People & Blogs",,PT33M1S,1981,2d,hd,false,ar,ar,https://i.ytimg.com/vi/u0Qv2QoYmsY/maxresdefault.jpg,1,,,,,493095,15691,,0,1045
132,UCCPQpi9U-iXFWlMSUg_nxTw,"Abdelkader Kharraz",zxbTQI9z7mA,2025-03-14T21:22:53Z,"2025-03-14 21:22:53","الحلقة 13 : الراجل بغا لولاد بأي طريقة…. و الخطة لي دارة مطيحش على البال… رمضان مع خراز",,,22,"People & Blogs",,PT39M27S,2367,2d,hd,false,ar,ar,https://i.ytimg.com/vi/zxbTQI9z7mA/maxresdefault.jpg,1,,,,,475739,15190,,0,1326
133,UCCPQpi9U-iXFWlMSUg_nxTw,"Abdelkader Kharraz",taku4L-osn8,2025-03-13T22:12:05Z,"2025-03-13 22:12:05","الحلقة 12 : هي و الشيطان تافقو عليه … حتى ولاو فجريمة خطيرة… رمضان مع خراز",,,22,"People & Blogs",Religion,PT41M22S,2482,2d,hd,false,ar,ar,https://i.ytimg.com/vi/taku4L-osn8/maxresdefault.jpg,1,,,,,604610,19554,,0,1649
134,UCCPQpi9U-iXFWlMSUg_nxTw,"Abdelkader Kharraz",doXbzlQNSbY,2025-03-12T21:45:07Z,"2025-03-12 21:45:07","الحلقة 11 : هزوها من جناب المدرسة …. حتا ولات فاكبر مشكل … رمضان مع خراز",,,22,"People & Blogs",Religion,PT34M25S,2065,2d,hd,false,ar,ar,https://i.ytimg.com/vi/doXbzlQNSbY/maxresdefault.jpg,1,,,,,432295,14133,,0,851
135,UCCPQpi9U-iXFWlMSUg_nxTw,"Abdelkader Kharraz",Q_kOVV3wqFI,2025-03-11T21:37:20Z,"2025-03-11 21:37:20","الحلقة 10 : خلا مراتو و ولدو مور ضهرو حيت تبع الجمال و القوة ديالو…ولكن النهاية مؤلمة …رمضان مع خراز","هذه هي القناة الرسمية و الوحيدة لعبد القادر خراز Compte Instagrame officiel: https://www.instagram.com/abdelkader.kharraz/?hl=fr contact via email : khazmehdi1@gmail.com support us : https://paypal.me/kharraz729?locale.x=en_US",,22,"People & Blogs",,PT38M3S,2283,2d,hd,false,ar,ar,https://i.ytimg.com/vi/Q_kOVV3wqFI/maxresdefault.jpg,1,,,,,502809,17569,,0,1265
136,UCCPQpi9U-iXFWlMSUg_nxTw,"Abdelkader Kharraz",E2I1kHKhEYU,2025-03-10T21:41:35Z,"2025-03-10 21:41:35","الحلقة 9 :من نهار تزوجاتو و هي مريضة و فاش بغاو يداودوها وقعات الكارثة… رمضان مع خراز","هذه هي القناة الرسمية و الوحيدة لعبد القادر خراز Compte Instagrame officiel: https://www.instagram.com/abdelkader.kharraz/?hl=fr contact via email : khazmehdi1@gmail.com support us : https://paypal.me/kharraz729?locale.x=en_US",,22,"People & Blogs",,PT40M4S,2404,2d,hd,false,ar,ar,https://i.ytimg.com/vi/E2I1kHKhEYU/maxresdefault.jpg,1,,,,,481946,16824,,0,1959
137,UCCPQpi9U-iXFWlMSUg_nxTw,"Abdelkader Kharraz",Bq94xIE1EDI,2025-03-09T22:12:16Z,"2025-03-09 22:12:16","الحلقة 8 : قصة ديال حياتو غادي نكون عبرة كبيرة… من الجمال و القوة حتى مشا كلشي… رمضان مع خراز","هذه هي القناة الرسمية و الوحيدة لعبد القادر خراز Compte Instagrame officiel: https://www.instagram.com/abdelkader.kharraz/?hl=fr contact via email : khazmehdi1@gmail.com support us : https://paypal.me/kharraz729?locale.x=en_US",,22,"People & Blogs",,PT48M44S,2924,2d,hd,false,ar,ar,https://i.ytimg.com/vi/Bq94xIE1EDI/maxresdefault.jpg,1,,,,,524266,16731,,0,1039
138,UCCPQpi9U-iXFWlMSUg_nxTw,"Abdelkader Kharraz",6KwMXVySDyc,2025-03-08T21:36:45Z,"2025-03-08 21:36:45","الحلقة 7 : غير بلسانو خلاه يدير كارثة… مسخوط الوالدين… رمضان مع خراز","بداية القصة 09:00",,22,"People & Blogs",Religion,PT37M36S,2256,2d,hd,false,ar,ar,https://i.ytimg.com/vi/6KwMXVySDyc/maxresdefault.jpg,1,,,,,553958,16733,,0,997
139,UCCPQpi9U-iXFWlMSUg_nxTw,"Abdelkader Kharraz",bdlbwh0gnrI,2025-03-07T21:14:28Z,"2025-03-07 21:14:28","الحلقة 6 : غادا فطريقها لدراسة حتا لقات راسها بيناتهم… فعلت خايبة بزاف..رمضان مع خراز","هذه هي القناة الرسمية و الوحيدة لعبد القادر خراز Compte Instagrame officiel: https://www.instagram.com/abdelkader.kharraz/?hl=fr contact via email : khazmehdi1@gmail.com support us : https://paypal.me/kharraz729?locale.x=en_US",,22,"People & Blogs",,PT41M32S,2492,2d,hd,false,ar,ar,https://i.ytimg.com/vi/bdlbwh0gnrI/maxresdefault.jpg,1,,,,,466772,15589,,0,1395
140,UCCPQpi9U-iXFWlMSUg_nxTw,"Abdelkader Kharraz",SPwLg1mZnC8,2025-03-07T17:39:06Z,"2025-03-07 17:39:06","الحلقة 5: بسباب لسانهم تسرق ليهم أغلى معندهم و بطريقة جهنمية… رمضان مع خراز","هذه هي القناة الرسمية و الوحيدة لعبد القادر خراز Compte Instagrame officiel: https://www.instagram.com/abdelkader.kharraz/?hl=fr contact via email : khazmehdi1@gmail.com support us : https://paypal.me/kharraz729?locale.x=en_US",,22,"People & Blogs",,PT42M25S,2545,2d,hd,false,ar,ar,https://i.ytimg.com/vi/SPwLg1mZnC8/maxresdefault.jpg,1,,,,,429969,13176,,0,661
141,UCCPQpi9U-iXFWlMSUg_nxTw,"Abdelkader Kharraz",8K9uRDLymnM,2025-03-06T21:28:16Z,"2025-03-06 21:28:16","حلقة إضافية: قال ليهم مسافر و منبعد لقاوه صفاوها ليه و البحث فين خرج…رمضان مع خراز","هذه هي القناة الرسمية و الوحيدة لعبد القادر خراز Compte Instagrame officiel: https://www.instagram.com/abdelkader.kharraz/?hl=fr contact via email : khazmehdi1@gmail.com support us : https://paypal.me/kharraz729?locale.x=en_US 02:25 : بداية الحلقة",,22,"People & Blogs",,PT38M28S,2308,2d,hd,false,ar,ar,https://i.ytimg.com/vi/8K9uRDLymnM/maxresdefault.jpg,1,,,,,575342,16681,,0,835
142,UCCPQpi9U-iXFWlMSUg_nxTw,"Abdelkader Kharraz",tMrjLfoSJME,2025-03-05T22:23:44Z,"2025-03-05 22:23:44","الحلقة 4 : فوقت الإفطار و كلشي فدارو .. كان صعيب يتعرف شكون صفاها ليه…رمضان مع خراز","هذه هي القناة الرسمية و الوحيدة لعبد القادر خراز Compte Instagrame officiel: https://www.instagram.com/abdelkader.kharraz/?hl=fr contact via email : khazmehdi1@gmail.com support us : https://paypal.me/kharraz729?locale.x=en_US 02:25 بداية الحلقة",,22,"People & Blogs",Religion,PT40M3S,2403,2d,hd,false,ar,ar,https://i.ytimg.com/vi/tMrjLfoSJME/maxresdefault.jpg,1,,,,,567768,17019,,0,1130
143,UCCPQpi9U-iXFWlMSUg_nxTw,"Abdelkader Kharraz",Vbfr-xd9mgg,2025-03-04T21:35:17Z,"2025-03-04 21:35:17","الحلقة 3 : هاد الجريمة عشتها وقت الفطور و البحث لي بديناه فين خرجنا…رمضان مع خراز","هذه هي القناة الرسمية و الوحيدة لعبد القادر خراز Compte Instagrame officiel: https://www.instagram.com/abdelkader.kharraz/?hl=fr contact via email : khazmehdi1@gmail.com support us : https://paypal.me/kharraz729?locale.x=en_US",,22,"People & Blogs",,PT39M45S,2385,2d,hd,false,ar,ar,https://i.ytimg.com/vi/Vbfr-xd9mgg/maxresdefault.jpg,1,,,,,768328,21458,,0,1149
144,UCCPQpi9U-iXFWlMSUg_nxTw,"Abdelkader Kharraz",lpKBFVlumuU,2025-03-03T21:37:13Z,"2025-03-03 21:37:13","الحلقة 2 : حب التملك خلاها دير عليه موصيبة…نهاية مؤلمة…رمضان مع خراز","هذه هي القناة الرسمية و الوحيدة لعبد القادر خراز Compte Instagrame officiel: https://www.instagram.com/abdelkader.kharraz/?hl=fr contact via email : khazmehdi1@gmail.com support us : https://paypal.me/kharraz729?locale.x=en_US 02:25 بداية الحلقة",,22,"People & Blogs",,PT37M12S,2232,2d,hd,false,ar,ar,https://i.ytimg.com/vi/lpKBFVlumuU/maxresdefault.jpg,1,,,,,448774,17740,,0,1804
145,UCCPQpi9U-iXFWlMSUg_nxTw,"Abdelkader Kharraz",XocEKwCa7wk,2025-03-02T21:35:10Z,"2025-03-02 21:35:10","الحلقة 1 : خراز اليوم معاكم فالدار … حلقة فيها عبرة و مستملحات و جلسة مع خراز … رمضان مع خراز *2025*","هذه هي القناة الرسمية و الوحيدة لعبد القادر خراز Compte Instagrame officiel: https://www.instagram.com/abdelkader.kharraz/?hl=fr contact via email : khazmehdi1@gmail.com support us : https://paypal.me/kharraz729?locale.x=en_US",,22,"People & Blogs",Religion,PT39M13S,2353,2d,hd,false,ar,ar,https://i.ytimg.com/vi/XocEKwCa7wk/maxresdefault.jpg,1,,,,,393199,18515,,0,1574
146,UCCPQpi9U-iXFWlMSUg_nxTw,"Abdelkader Kharraz",X_YGKoS230E,2025-03-01T20:28:02Z,"2025-03-01 20:28:02","الحلقة 353 : جريمة هزات مدينة القنيطرة و لي وقع اكثر من افلام الرعب…خراز يحكي","هذه هي القناة الرسمية و الوحيدة لعبد القادر خراز Compte Instagrame officiel: https://www.instagram.com/abdelkader.kharraz/?hl=fr contact via email : khazmehdi1@gmail.com support us : https://paypal.me/kharraz729?locale.x=en_US",,22,"People & Blogs",,PT45M30S,2730,2d,hd,false,ar,ar,https://i.ytimg.com/vi/X_YGKoS230E/maxresdefault.jpg,1,,,,,1112586,24226,,0,1290
147,UCCPQpi9U-iXFWlMSUg_nxTw,"Abdelkader Kharraz",_J8B83EpZ88,2025-02-22T20:17:03Z,"2025-02-22 20:17:03","الحلقة 352 : عاود ليا كلشي و دكشي لي دوز صعيب بزاف… قصة للعبرة… خراز يحكي","هذه هي القناة الرسمية و الوحيدة لعبد القادر خراز Compte Instagrame officiel: https://www.instagram.com/abdelkader.kharraz/?hl=fr contact via email : khazmehdi1@gmail.com support us : https://paypal.me/kharraz729?locale.x=en_US",,22,"People & Blogs",,PT38M50S,2330,2d,hd,false,ar,ar,https://i.ytimg.com/vi/_J8B83EpZ88/maxresdefault.jpg,1,,,,,594624,17710,,0,1107
148,UCCPQpi9U-iXFWlMSUg_nxTw,"Abdelkader Kharraz",5Nz0vVipLAk,2025-02-22T11:37:14Z,"2025-02-22 11:37:14","من اخطر المجرمين في مدينة خريبكة في حلقة اليوم 352#قصص #خراز",,,22,"People & Blogs",,PT37S,37,2d,hd,false,ar,ar,https://i.ytimg.com/vi/5Nz0vVipLAk/maxresdefault.jpg,1,,,,,39807,1185,,0,30
149,UCCPQpi9U-iXFWlMSUg_nxTw,"Abdelkader Kharraz",FgjQnU2lAhs,2025-02-15T20:10:34Z,"2025-02-15 20:10:34","الحلقة 351 : الطريق العوجة فين كتخرج …قصة و عبرة مهمة لشباب اليوم…خراز يحكي","هذه هي القناة الرسمية و الوحيدة لعبد القادر خراز Compte Instagrame officiel: https://www.instagram.com/abdelkader.kharraz/?hl=fr contact via email : khazmehdi1@gmail.com support us : https://paypal.me/kharraz729?locale.x=en_US",,22,"People & Blogs",,PT38M24S,2304,2d,hd,false,ar,ar,https://i.ytimg.com/vi/FgjQnU2lAhs/maxresdefault.jpg,1,,,,,814222,20986,,0,1443
150,UCCPQpi9U-iXFWlMSUg_nxTw,"Abdelkader Kharraz",uohG_4m4iMY,2025-02-08T20:48:20Z,"2025-02-08 20:48:20","الحلقة 350 : واش بنتها ولا صاحبتها؟… من غرب القصص لي شفت و الشوهة الكبيرة لي جات من وراها…خراز يحكي","هذه هي القناة الرسمية و الوحيدة لعبد القادر خراز Compte Instagrame officiel: https://www.instagram.com/abdelkader.kharraz/?hl=fr contact via email : khazmehdi1@gmail.com support us : https://paypal.me/kharraz729?locale.x=en_US",,22,"People & Blogs",,PT41M8S,2468,2d,hd,false,ar,ar,https://i.ytimg.com/vi/uohG_4m4iMY/maxresdefault.jpg,1,,,,,893836,23402,,0,2248
151,UCCPQpi9U-iXFWlMSUg_nxTw,"Abdelkader Kharraz",XQtfysbWeEU,2025-02-01T21:46:02Z,"2025-02-01 21:46:02","الحلقة 349 : لقيناه راسو مشتت و شنو وقع…من القصص لي خدمتهم .. خراز يحكي","هذه هي القناة الرسمية و الوحيدة لعبد القادر خراز Compte Instagrame officiel: https://www.instagram.com/abdelkader.kharraz/?hl=fr contact via email : khazmehdi1@gmail.com support us : https://paypal.me/kharraz729?locale.x=en_US",,22,"People & Blogs",,PT45M44S,2744,2d,hd,false,ar,ar,https://i.ytimg.com/vi/XQtfysbWeEU/maxresdefault.jpg,1,,,,,907367,23858,,0,1237
152,UCCPQpi9U-iXFWlMSUg_nxTw,"Abdelkader Kharraz",JuW3jNpUN-Y,2025-01-25T18:42:20Z,"2025-01-25 18:42:20","الحلقة 348 ..لقيناه طراف ف سكة القطار و بحث طويل خدمناه فهاد القضية…خراز يحكي","هذه هي القناة الرسمية و الوحيدة لعبد القادر خراز Compte Instagrame officiel: https://www.instagram.com/abdelkader.kharraz/?hl=fr contact via email : khazmehdi1@gmail.com support us : https://paypal.me/kharraz729?locale.x=en_US",,22,"People & Blogs",,PT1H30S,30,2d,hd,false,ar,ar,https://i.ytimg.com/vi/JuW3jNpUN-Y/maxresdefault.jpg,1,,,,,1056252,23707,,0,1534
153,UCCPQpi9U-iXFWlMSUg_nxTw,"Abdelkader Kharraz",ckOdUlFA434,2025-01-22T13:09:52Z,"2025-01-22 13:09:52","حذاري عملية نصب خطيرة",,,22,"People & Blogs",,PT1M51S,111,2d,hd,false,ar,ar,https://i.ytimg.com/vi/ckOdUlFA434/maxresdefault.jpg,1,,,,,50843,4075,,0,322
154,UCCPQpi9U-iXFWlMSUg_nxTw,"Abdelkader Kharraz",EdOFjKCwX_U,2025-01-18T20:01:41Z,"2025-01-18 20:01:41","الحلقة 347 : العطار و أبنائه….. الغيرة هي سباب ف 30 سنة سجنا و العبرة كبيرة فهاد القصة…خراز يحكي","هذه هي القناة الرسمية و الوحيدة لعبد القادر خراز Compte Instagrame officiel: https://www.instagram.com/abdelkader.kharraz/?hl=fr contact via email : khazmehdi1@gmail.com support us : https://paypal.me/kharraz729?locale.x=en_US",,22,"People & Blogs",,PT42M49S,2569,2d,hd,false,ar,ar,https://i.ytimg.com/vi/EdOFjKCwX_U/maxresdefault.jpg,1,,,,,833545,22796,,0,1636
155,UCCPQpi9U-iXFWlMSUg_nxTw,"Abdelkader Kharraz",uDzg9IjFZGU,2025-01-11T20:44:52Z,"2025-01-11 20:44:52","الحلقة 346 : حين يسقط القناع…. خراز بحث فهاد القضية بحث طويل و مول الفعلة حتا واحد متوقعو…خراز يحكي","هذه هي القناة الرسمية و الوحيدة لعبد القادر خراز Compte Instagrame officiel: https://www.instagram.com/abdelkader.kharraz/?hl=fr contact via email : khazmehdi1@gmail.com support us : https://paypal.me/kharraz729?locale.x=en_US",,22,"People & Blogs",,PT1H7M57S,477,2d,hd,false,ar,ar,https://i.ytimg.com/vi/uDzg9IjFZGU/maxresdefault.jpg,1,,,,,1478666,29177,,0,1653
156,UCCPQpi9U-iXFWlMSUg_nxTw,"Abdelkader Kharraz",J9lQ9k_QMaY,2025-01-04T21:19:41Z,"2025-01-04 21:19:41","الحلقة 345 : لحسد لي معندو حد… لقاوه معلق فشجرة و البحث خدا منعطف كبير باش يعرفو شنو وقع…خراز يحكي","هذه هي القناة الرسمية و الوحيدة لعبد القادر خراز Compte Instagrame officiel: https://www.instagram.com/abdelkader.kharraz/?hl=fr contact via email : khazmehdi1@gmail.com support us : https://paypal.me/kharraz729?locale.x=en_US",,22,"People & Blogs",,PT52M31S,3151,2d,hd,false,ar,ar,https://i.ytimg.com/vi/J9lQ9k_QMaY/maxresdefault.jpg,1,,,,,555993,22836,,0,1342
157,UCCPQpi9U-iXFWlMSUg_nxTw,"Abdelkader Kharraz",PgXOjmpS8-8,2024-12-31T20:35:15Z,"2024-12-31 20:35:15","حلقة رأس السنة…. قصة الصحبة لي حدها الدنيا….و احسن مستملحات وقعات ليا فهاد اليلة…خراز يحكي","هذه هي القناة الرسمية و الوحيدة لعبد القادر خراز Compte Instagrame officiel: https://www.instagram.com/abdelkader.kharraz/?hl=fr contact via email : khazmehdi1@gmail.com support us : https://paypal.me/kharraz729?locale.x=en_US",,22,"People & Blogs",,PT44M5S,2645,2d,hd,false,ar,ar,https://i.ytimg.com/vi/PgXOjmpS8-8/maxresdefault.jpg,1,,,,,741013,22851,,0,1583
158,UCCPQpi9U-iXFWlMSUg_nxTw,"Abdelkader Kharraz",VKOgcuAW9rg,2024-12-28T20:46:29Z,"2024-12-28 20:46:29","الحلقة 344 : قلب تحت التعويذة…. قصة هاد البنت اغرب من الخيال و الشعوذة لي وقعات ليها خطيرة…خراز يحكي","هذه هي القناة الرسمية و الوحيدة لعبد القادر خراز Compte Instagrame officiel: https://www.instagram.com/abdelkader.kharraz/?hl=fr contact via email : khazmehdi1@gmail.com support us : https://paypal.me/kharraz729?locale.x=en_US",,22,"People & Blogs",,PT55M39S,3339,2d,hd,false,ar,ar,https://i.ytimg.com/vi/VKOgcuAW9rg/maxresdefault.jpg,1,,,,,988122,24686,,0,1781
159,UCCPQpi9U-iXFWlMSUg_nxTw,"Abdelkader Kharraz",OsT3Rvu-Wws,2024-12-21T21:15:13Z,"2024-12-21 21:15:13","الحلقة 343: في ضلال الغدر… هاد القصة خدمتها و انا في أوج العطاء و النهاية احداث لا تصدق…خراز يحكي",,,22,"People & Blogs",,PT1H4M32S,272,2d,hd,false,ar,ar,https://i.ytimg.com/vi/OsT3Rvu-Wws/maxresdefault.jpg,1,,,,,1477222,29748,,0,1782
160,UCCPQpi9U-iXFWlMSUg_nxTw,"Abdelkader Kharraz",jLJ_XCM1Xuw,2024-12-14T20:54:02Z,"2024-12-14 20:54:02","الحلقة 342 : ليلة الخروج الاول…. اول خرجة ليهم من مور العرس ولات اخر خرجة… قصة مؤثرة…خراز يحكي","هذه هي القناة الرسمية و الوحيدة لعبد القادر خراز Compte Instagrame officiel: https://www.instagram.com/abdelkader.kharraz/?hl=fr contact via email : khazmehdi1@gmail.com support us : https://paypal.me/kharraz729?locale.x=en_US",,22,"People & Blogs",,PT48M18S,2898,2d,hd,false,ar,ar,https://i.ytimg.com/vi/jLJ_XCM1Xuw/maxresdefault.jpg,1,,,,,852165,24274,,0,1512
161,UCCPQpi9U-iXFWlMSUg_nxTw,"Abdelkader Kharraz",LrRiruse_SY,2024-12-07T20:59:54Z,"2024-12-07 20:59:54","الحلقة 341 : غربة بلا عنوان…. قصة هاد البنت كتبكي كيفاش تقدر تخلي الكبدة و تمشي…خراز يحكي","هذه هي القناة الرسمية و الوحيدة لعبد القادر خراز Compte Instagrame officiel: https://www.instagram.com/abdelkader.kharraz/?hl=fr contact via email : khazmehdi1@gmail.com support us : https://paypal.me/kharraz729?locale.x=en_US",,22,"People & Blogs",,PT37M18S,2238,2d,hd,false,ar,ar,https://i.ytimg.com/vi/LrRiruse_SY/maxresdefault.jpg,1,,,,,658670,19599,,0,1177
162,UCCPQpi9U-iXFWlMSUg_nxTw,"Abdelkader Kharraz",TSWu8pj0v6s,2024-11-30T22:10:58Z,"2024-11-30 22:10:58","الحلقة 340 : من شب على شيء…. لي فيه ما هناه حتى دار اكبر كارثة…خراز يحكي","هذه هي القناة الرسمية و الوحيدة لعبد القادر خراز Compte Instagrame officiel: https://www.instagram.com/abdelkader.kharraz/?hl=fr contact via email : khazmehdi1@gmail.com support us : https://paypal.me/kharraz729?locale.x=en_US",,22,"People & Blogs",,PT43M29S,2609,2d,hd,false,ar,ar,https://i.ytimg.com/vi/TSWu8pj0v6s/maxresdefault.jpg,1,,,,,807263,23617,,0,1392
163,UCCPQpi9U-iXFWlMSUg_nxTw,"Abdelkader Kharraz",nwX6Rq17CkU,2024-11-23T21:14:02Z,"2024-11-23 21:14:02","الحلقة 339 : حاميها حراميها… قصة الغدر و الخيانة و شكون مول هاد الأفعال البشعة… خراز يحكي","هذه هي القناة الرسمية و الوحيدة لعبد القادر خراز Compte Instagrame officiel: https://www.instagram.com/abdelkader.kharraz/?hl=fr contact via email : khazmehdi1@gmail.com support us : https://paypal.me/kharraz729?locale.x=en_US",,22,"People & Blogs",,PT35M12S,2112,2d,hd,false,ar,ar,https://i.ytimg.com/vi/nwX6Rq17CkU/maxresdefault.jpg,1,,,,,740842,22403,,0,1536
164,UCCPQpi9U-iXFWlMSUg_nxTw,"Abdelkader Kharraz",KUU5wFbOP90,2024-11-16T20:51:01Z,"2024-11-16 20:51:01","الحلقة 338 : العيطونية ….. كون مكانتش كون مشا الراجل للحبس فابور…خراز يحكي","هذه هي القناة الرسمية و الوحيدة لعبد القادر خراز Compte Instagrame officiel: https://www.instagram.com/abdelkader.kharraz/?hl=fr contact via email : khazmehdi1@gmail.com support us : https://paypal.me/kharraz729?locale.x=en_US",,22,"People & Blogs",,PT37M9S,2229,2d,hd,false,ar,ar,https://i.ytimg.com/vi/KUU5wFbOP90/maxresdefault.jpg,1,,,,,791569,24130,,0,1835
165,UCCPQpi9U-iXFWlMSUg_nxTw,"Abdelkader Kharraz",GRC0ZA4BHr4,2024-11-09T21:31:23Z,"2024-11-09 21:31:23","الحلقة 337 : المرضي و المسخوط.. فاش كيتلاقاو فدقيقة شنو كيوقع … خراز يحكي","هذه هي القناة الرسمية و الوحيدة لعبد القادر خراز Compte Instagrame officiel: https://www.instagram.com/abdelkader.kharraz/?hl=fr contact via email : khazmehdi1@gmail.com support us : https://paypal.me/kharraz729?locale.x=en_US",,22,"People & Blogs",,PT37M5S,2225,2d,hd,false,ar,ar,https://i.ytimg.com/vi/GRC0ZA4BHr4/maxresdefault.jpg,1,,,,,765273,24833,,0,2627
166,UCCPQpi9U-iXFWlMSUg_nxTw,"Abdelkader Kharraz",hIq8pmhM3-g,2024-11-02T21:30:27Z,"2024-11-02 21:30:27","الحلقة 336 : رحلة الصبر …. قصة عشتها و غامرت فيها ولكن جاب الله الفرج…خراز يحكي","هذه هي القناة الرسمية و الوحيدة لعبد القادر خراز Compte Instagrame officiel: https://www.instagram.com/abdelkader.kharraz/?hl=fr contact via email : khazmehdi1@gmail.com support us : https://paypal.me/kharraz729?locale.x=en_US",,22,"People & Blogs",Religion,PT46M58S,2818,2d,hd,false,ar,ar,https://i.ytimg.com/vi/hIq8pmhM3-g/maxresdefault.jpg,1,,,,,1009235,31122,,0,2817
167,UCCPQpi9U-iXFWlMSUg_nxTw,"Abdelkader Kharraz",Wr6JzNt5zRM,2024-10-26T21:14:49Z,"2024-10-26 21:14:49","الحلقة 335 : حرفة بوه و بغاو يغلبوه… قصة الطمع و الغدر و شكون مالين الفعلت…خراز يحكي","هذه هي القناة الرسمية و الوحيدة لعبد القادر خراز Compte Instagrame officiel: https://www.instagram.com/abdelkader.kharraz/?hl=fr contact via email : khazmehdi1@gmail.com support us : https://paypal.me/kharraz729?locale.x=en_US",,22,"People & Blogs",,PT41M36S,2496,2d,hd,false,ar,ar,https://i.ytimg.com/vi/Wr6JzNt5zRM/maxresdefault.jpg,1,,,,,852888,27985,,0,3437
168,UCCPQpi9U-iXFWlMSUg_nxTw,"Abdelkader Kharraz",N21NN7e__fo,2024-10-24T13:23:13Z,"2024-10-24 13:23:13","باب الحوار على الجزيرة 360","رابط الخاص بالمشاهدة : https://aj360.com/ANO0AK",,22,"People & Blogs",,PT1M25S,85,2d,hd,false,ar,ar,,1,,,,,99450,,,0,155
169,UCCPQpi9U-iXFWlMSUg_nxTw,"Abdelkader Kharraz",zaTPV3h4f2I,2024-10-19T20:34:07Z,"2024-10-19 20:34:07","الحلقة 334 : ذكرى محبوسة في القلب…. سنين و انا مخبي هاد القصة فقلبي و ليوم ليكم نحكيها…خراز يحكي","هذه هي القناة الرسمية و الوحيدة لعبد القادر خراز Compte Instagrame officiel: https://www.instagram.com/abdelkader.kharraz/?hl=fr contact via email : khazmehdi1@gmail.com support us : https://paypal.me/kharraz729?locale.x=en_US المقدمة 0:00 بداية القصة 13:05",,22,"People & Blogs",,PT59M47S,3587,2d,hd,false,ar,ar,https://i.ytimg.com/vi/zaTPV3h4f2I/maxresdefault.jpg,1,,,,,1142046,33335,,0,3752
170,UCCPQpi9U-iXFWlMSUg_nxTw,"Abdelkader Kharraz",9XZJBwSYPt0,2024-10-19T14:40:42Z,"2024-10-19 14:40:42","قصة اليوم هازها فقلبي سنوات #عبدالقادرالخراز #قصص #abdelkaderkharraz #news #قصص_واقعية #اكسبلور",,,22,"People & Blogs",Religion,PT31S,31,2d,hd,false,ar,ar,https://i.ytimg.com/vi/9XZJBwSYPt0/maxresdefault.jpg,1,,,,,50954,1830,,0,60
171,UCCPQpi9U-iXFWlMSUg_nxTw,"Abdelkader Kharraz",aCVnjLxA9K4,2024-10-16T20:36:33Z,"2024-10-16 20:36:33","الحلقة 333: صرخة صامتة….الامانة المغدورة و كيفاش وقع لهاد البنت… خراز يحكي","هذه هي القناة الرسمية و الوحيدة لعبد القادر خراز Compte Instagrame officiel: https://www.instagram.com/abdelkader.kharraz/?hl=fr contact via email : khazmehdi1@gmail.com support us : https://paypal.me/kharraz729?locale.x=en_US",,22,"People & Blogs",,PT26M58S,1618,2d,hd,false,ar,ar,https://i.ytimg.com/vi/aCVnjLxA9K4/maxresdefault.jpg,1,,,,,714112,22193,,0,1066
172,UCCPQpi9U-iXFWlMSUg_nxTw,"Abdelkader Kharraz",LardukqBS_o,2024-10-16T15:47:38Z,"2024-10-16 15:47:38","في حلقة اليوم اختفاء فتاة #عبدالقادرالخراز #اكسبلور #abdelkaderkharraz #قصص #قصص_واقعية",,,22,"People & Blogs",,PT22S,22,2d,hd,false,ar,ar,https://i.ytimg.com/vi/LardukqBS_o/maxresdefault.jpg,1,,,,,32326,1231,,0,41
173,UCCPQpi9U-iXFWlMSUg_nxTw,"Abdelkader Kharraz",uY7iv-sSKJs,2024-10-12T20:53:59Z,"2024-10-12 20:53:59","الحلقة 332: سراب الوعود… قصة عشتها كاملة و كيفاش هاد البنت من حلم ولات فكابوس…خراز يحكي","هذه هي القناة الرسمية و الوحيدة لعبد القادر خراز Compte Instagrame officiel: https://www.instagram.com/abdelkader.kharraz/?hl=fr contact via email : khazmehdi1@gmail.com support us : https://paypal.me/kharraz729?locale.x=en_US",,22,"People & Blogs",,PT52M44S,3164,2d,hd,false,ar,ar,https://i.ytimg.com/vi/uY7iv-sSKJs/maxresdefault.jpg,1,,,,,844818,25721,,0,1743
174,UCCPQpi9U-iXFWlMSUg_nxTw,"Abdelkader Kharraz",k8OAKwm5-eE,2024-10-05T20:06:39Z,"2024-10-05 20:06:39","الحلقة 331 : السر المكشوف … نهار تكشف السر لي مخبي سنوات و كانت الكارثة… خراز يحكي","هذه هي القناة الرسمية و الوحيدة لعبد القادر خراز Compte Instagrame officiel: https://www.instagram.com/abdelkader.kharraz/?hl=fr contact via email : khazmehdi1@gmail.com support us : https://paypal.me/kharraz729?locale.x=en_US",,22,"People & Blogs",,PT36M4S,2164,2d,hd,false,ar,ar,https://i.ytimg.com/vi/k8OAKwm5-eE/maxresdefault.jpg,1,,,,,902099,25542,,0,1702
175,UCCPQpi9U-iXFWlMSUg_nxTw,"Abdelkader Kharraz",0hYMGG5ixUo,2024-10-05T18:48:18Z,"2024-10-05 18:48:18","في حلقة اليوم",,,22,"People & Blogs",,PT47S,47,2d,hd,false,ar,ar,https://i.ytimg.com/vi/0hYMGG5ixUo/maxresdefault.jpg,1,,,,,65132,3247,,0,126
176,UCCPQpi9U-iXFWlMSUg_nxTw,"Abdelkader Kharraz",ymk97lcLqTc,2024-09-28T20:44:12Z,"2024-09-28 20:44:12","الحلقة 330 : من اعظم المصائب… من اصعب القضايا و اعظم المصائب لي دازو فقناة خراز…خراز يحكي","هذه هي القناة الرسمية و الوحيدة لعبد القادر خراز Compte Instagrame officiel: https://www.instagram.com/abdelkader.kharraz/?hl=fr contact via email : khazmehdi1@gmail.com support us : https://paypal.me/kharraz729?locale.x=en_US",,22,"People & Blogs",,PT35M50S,2150,2d,hd,false,ar,ar,https://i.ytimg.com/vi/ymk97lcLqTc/maxresdefault.jpg,1,,,,,1077725,26823,,0,1651
177,UCCPQpi9U-iXFWlMSUg_nxTw,"Abdelkader Kharraz",4wmfTcxagmU,2024-09-21T22:02:19Z,"2024-09-21 22:02:19","الحلقة 329 : التنمر…. الشدان و الضحك الباسل ايدير كارثة سالات بمأساة…خراز يحكي","هذه هي القناة الرسمية و الوحيدة لعبد القادر خراز Compte Instagrame officiel: https://www.instagram.com/abdelkader.kharraz/?hl=fr contact via email : khazmehdi1@gmail.com support us : https://paypal.me/kharraz729?locale.x=en_US",,22,"People & Blogs",,PT46M19S,2779,2d,hd,false,ar,ar,https://i.ytimg.com/vi/4wmfTcxagmU/maxresdefault.jpg,1,,,,,920880,23896,,0,1354
178,UCCPQpi9U-iXFWlMSUg_nxTw,"Abdelkader Kharraz",BE9EUeeVxyI,2024-09-14T21:23:45Z,"2024-09-14 21:23:45","الحلقة 328 : الباطل 3 …. شهود الزور و الباطل لي يقدر يخرج على الحياة… قصة فيها منفعة كبيرة…خراز يحكي","هذه هي القناة الرسمية و الوحيدة لعبد القادر خراز Compte Instagrame officiel: https://www.instagram.com/abdelkader.kharraz/?hl=fr contact via email : khazmehdi1@gmail.com support us : https://paypal.me/kharraz729?locale.x=en_US",,22,"People & Blogs",Religion,PT57M15S,3435,2d,hd,false,ar,ar,https://i.ytimg.com/vi/BE9EUeeVxyI/maxresdefault.jpg,1,,,,,925669,22100,,0,1426
179,UCCPQpi9U-iXFWlMSUg_nxTw,"Abdelkader Kharraz",DYdmsy_DZIY,2024-09-07T21:15:25Z,"2024-09-07 21:15:25","الحلقة 327 : الباطل 2 …. عشت هاد القصة بالتفاصيل و الباطل لي فيها صعيب بزاف…قصة مؤثرة ..خراز يحكي","هذه هي القناة الرسمية و الوحيدة لعبد القادر خراز Compte Instagrame officiel: https://www.instagram.com/abdelkader.kharraz/?hl=fr contact via email : khazmehdi1@gmail.com support us : https://paypal.me/kharraz729?locale.x=en_US",,22,"People & Blogs",,PT52M21S,3141,2d,hd,false,ar,ar,https://i.ytimg.com/vi/DYdmsy_DZIY/maxresdefault.jpg,1,,,,,832009,23665,,0,1714
180,UCCPQpi9U-iXFWlMSUg_nxTw,"Abdelkader Kharraz",FOxtw1cWNN4,2024-08-31T22:56:24Z,"2024-08-31 22:56:24","الحلقة 326 : اتصال من رقم مجهول… من مكالمة مجهولة لقضية سالات بالمؤبد… خراز يحكي","هذه هي القناة الرسمية و الوحيدة لعبد القادر خراز Compte Instagrame officiel: https://www.instagram.com/abdelkader.kharraz/?hl=fr contact via email : khazmehdi1@gmail.com support us : https://paypal.me/kharraz729?locale.x=en_US",,22,"People & Blogs",,PT41M13S,2473,2d,hd,false,ar,ar,https://i.ytimg.com/vi/FOxtw1cWNN4/maxresdefault.jpg,1,,,,,1163588,27425,,0,1746
181,UCCPQpi9U-iXFWlMSUg_nxTw,"Abdelkader Kharraz",Ji5feX8oPU0,2024-08-24T23:01:27Z,"2024-08-24 23:01:27","الحلقة 325 : الباطل 1 …… شهدات فيه و حياتو كانت غادي الضيع حتا وقع لي وقع… خراز يحكي","هذه هي القناة الرسمية و الوحيدة لعبد القادر خراز Compte Instagrame officiel: https://www.instagram.com/abdelkader.kharraz/?hl=fr contact via email : khazmehdi1@gmail.com support us : https://paypal.me/kharraz729?locale.x=en_US",,22,"People & Blogs",,PT34M16S,2056,2d,hd,false,ar,ar,https://i.ytimg.com/vi/Ji5feX8oPU0/maxresdefault.jpg,1,,,,,710171,20974,,0,1774
182,UCCPQpi9U-iXFWlMSUg_nxTw,"Abdelkader Kharraz",N9FLnV1XC8M,2024-08-17T22:01:35Z,"2024-08-17 22:01:35","الحلقة 324 : جوج قصص الاولى عبرة و الأخيرة فيها اكبر مفاجأة…خراز يحكي","هذه هي القناة الرسمية و الوحيدة لعبد القادر خراز Compte Instagrame officiel: https://www.instagram.com/abdelkader.kharraz/?hl=fr contact via email : khazmehdi1@gmail.com support us : https://paypal.me/kharraz729?locale.x=en_US",,22,"People & Blogs",,PT46M4S,2764,2d,hd,false,ar,ar,https://i.ytimg.com/vi/N9FLnV1XC8M/maxresdefault.jpg,1,,,,,944133,23990,,0,1555
183,UCCPQpi9U-iXFWlMSUg_nxTw,"Abdelkader Kharraz",O809DUwMpsk,2024-08-10T22:02:59Z,"2024-08-10 22:02:59","الحلقة 323: عودة خراز…. قصة المرأة لي غبرات على راجلها وفاش بانت كارثة…خراز يحكي","هذه هي القناة الرسمية و الوحيدة لعبد القادر خراز Compte Instagrame officiel: https://www.instagram.com/abdelkader.kharraz/?hl=fr contact via email : khazmehdi1@gmail.com support us : https://paypal.me/kharraz729?locale.x=en_US",,22,"People & Blogs",,PT49M17S,2957,2d,hd,false,ar,ar,https://i.ytimg.com/vi/O809DUwMpsk/maxresdefault.jpg,1,,,,,1083790,32898,,0,3535
184,UCCPQpi9U-iXFWlMSUg_nxTw,"Abdelkader Kharraz",Yrv_Qvbn3hg,2024-07-20T23:11:45Z,"2024-07-20 23:11:45","الحلقة 322 : البحث في الرؤيا…. خرج ليها ف المنام و عطاها حل لغز القضية واش ممكن ؟…خراز يحكي","هذه هي القناة الرسمية و الوحيدة لعبد القادر خراز Compte Instagrame officiel: https://www.instagram.com/abdelkader.kharraz/?hl=fr contact via email : khazmehdi1@gmail.com support us : https://paypal.me/kharraz729?locale.x=en_US",,22,"People & Blogs",,PT51M6S,3066,2d,hd,false,ar,ar,https://i.ytimg.com/vi/Yrv_Qvbn3hg/maxresdefault.jpg,1,,,,,1138991,27811,,0,2176
185,UCCPQpi9U-iXFWlMSUg_nxTw,"Abdelkader Kharraz",RTgnDM6dlSw,2024-07-13T22:01:39Z,"2024-07-13 22:01:39","الحلقة 321 : دواير الزمان… احداث هاد القصة كيخليو الدمعة تنزل من العين…خراز يحمي","هذه هي القناة الرسمية و الوحيدة لعبد القادر خراز Compte Instagrame officiel: https://www.instagram.com/abdelkader.kharraz/?hl=fr contact via email : khazmehdi1@gmail.com support us : https://paypal.me/kharraz729?locale.x=en_US",,22,"People & Blogs",,PT51M45S,3105,2d,hd,false,ar,ar,https://i.ytimg.com/vi/RTgnDM6dlSw/maxresdefault.jpg,1,,,,,1010459,25959,,0,1985
186,UCCPQpi9U-iXFWlMSUg_nxTw,"Abdelkader Kharraz",NjZZOeyqLRw,2024-07-06T21:39:57Z,"2024-07-06 21:39:57","الحلقة 320 : من هو خراز ؟ ….. سر هاد الخبر لي دار ضجة و مقتطف من حياتي….خراز يحكي","هذه هي القناة الرسمية و الوحيدة لعبد القادر خراز Compte Instagrame officiel: https://www.instagram.com/abdelkader.kharraz/?hl=fr contact via email : khazmehdi1@gmail.com support us : https://paypal.me/kharraz729?locale.x=en_US",,22,"People & Blogs",,PT32M42S,1962,2d,hd,false,ar,ar,https://i.ytimg.com/vi/NjZZOeyqLRw/maxresdefault.jpg,1,,,,,484171,15972,,0,1655
187,UCCPQpi9U-iXFWlMSUg_nxTw,"Abdelkader Kharraz",UPbVdq4WOgA,2024-06-29T21:50:14Z,"2024-06-29 21:50:14","الحلقة 319 : نقطة سوداء…. من قضية عادية لقضية كبيرة …خراز يحكي","هذه هي القناة الرسمية و الوحيدة لعبد القادر خراز Compte Instagrame officiel: https://www.instagram.com/abdelkader.kharraz/?hl=fr contact via email : khazmehdi1@gmail.com support us : https://paypal.me/kharraz729?locale.x=en_US يرجى التبليغ عن اي قناة زائف 0:00 المقدمة 9:23 بداية الحلقة",,22,"People & Blogs",,PT37M47S,2267,2d,hd,false,ar,ar,https://i.ytimg.com/vi/UPbVdq4WOgA/maxresdefault.jpg,1,,,,,1016992,23627,,0,1297
188,UCCPQpi9U-iXFWlMSUg_nxTw,"Abdelkader Kharraz",s3IHxmTY614,2024-06-22T21:02:17Z,"2024-06-22 21:02:17","الحلقة 318 : امرأة لها قلبين… كيفاش مرا عندها جوج قلوب و النهاية الكارثية باش كملاتها…خراز يحكي","هذه هي القناة الرسمية و الوحيدة لعبد القادر خراز Compte Instagrame officiel: https://www.instagram.com/abdelkader.kharraz/?hl=fr contact via email : khazmehdi1@gmail.com support us : https://paypal.me/kharraz729?locale.x=en_US",,22,"People & Blogs",,PT37M41S,2261,2d,hd,false,ar,ar,https://i.ytimg.com/vi/s3IHxmTY614/maxresdefault.jpg,1,,,,,921825,24617,,0,1624
189,UCCPQpi9U-iXFWlMSUg_nxTw,"Abdelkader Kharraz",u2OhBoUDFiQ,2024-06-18T21:38:47Z,"2024-06-18 21:38:47","الحلقة 317 : الكعبي… لي دار مشكل و ديع البنت فالحياة ديالها…خراز يحكي","هذه هي القناة الرسمية و الوحيدة لعبد القادر خراز Compte Instagrame officiel: https://www.instagram.com/abdelkader.kharraz/?hl=fr contact via email : khazmehdi1@gmail.com support us : https://paypal.me/kharraz729?locale.x=en_US",,22,"People & Blogs",,PT47M16S,2836,2d,hd,false,ar,ar,https://i.ytimg.com/vi/u2OhBoUDFiQ/maxresdefault.jpg,1,,,,,850972,22507,,0,1229
190,UCCPQpi9U-iXFWlMSUg_nxTw,"Abdelkader Kharraz",nPOnYH6SHr8,2024-06-17T21:25:04Z,"2024-06-17 21:25:04","حلقة عيد الاضحى: عشت عاد القصة لي وقعات نهار العيد و مستملحات لي وقعو فيها …قصة ممتعة جدا..خراز يحكي","هذه هي القناة الرسمية و الوحيدة لعبد القادر خراز Compte Instagrame officiel: https://www.instagram.com/abdelkader.kharraz/?hl=fr contact via email : khazmehdi1@gmail.com support us : https://paypal.me/kharraz729?locale.x=en_US يرجى التبليغ عن اي قناة زائف 0:00 المقدمة 9:23 بداية الحلقة",,22,"People & Blogs",,PT39M6S,2346,2d,hd,false,ar,ar,https://i.ytimg.com/vi/nPOnYH6SHr8/maxresdefault.jpg,1,,,,,542130,20547,,0,1517
191,UCCPQpi9U-iXFWlMSUg_nxTw,"Abdelkader Kharraz",LUCjBrlznr4,2024-06-17T07:53:51Z,"2024-06-17 07:53:51","بمناسبة عيد الأضحى المبارك أهنيء نفسي وإياكم بأرق التهاني والمباركات.","هذه هي القناة الرسمية و الوحيدة لعبد القادر خراز Compte Instagrame officiel: https://www.instagram.com/abdelkader.kharraz/?hl=fr contact via email : khazmehdi1@gmail.com support us : https://paypal.me/kharraz729?locale.x=en_US يرجى التبليغ عن اي قناة زائف",,22,"People & Blogs",Religion,PT55S,55,2d,hd,false,ar,ar,https://i.ytimg.com/vi/LUCjBrlznr4/maxresdefault.jpg,1,,,,,54109,4060,,0,427
192,UCCPQpi9U-iXFWlMSUg_nxTw,"Abdelkader Kharraz",5JHnU8B2AMU,2024-06-15T20:58:37Z,"2024-06-15 20:58:37","الحلقة 316 : ليلة العرس….شنو وقع الهاد البنت فليلة عرسها و السباب حتى واحد متوقعو…خراز يحكي","هذه هي القناة الرسمية و الوحيدة لعبد القادر خراز Compte Instagrame officiel: https://www.instagram.com/abdelkader.kharraz/?hl=fr contact via email : khazmehdi1@gmail.com support us : https://paypal.me/kharraz729?locale.x=en_US يرجى التبليغ عن اي قناة زائف",,22,"People & Blogs",,PT50M57S,3057,2d,hd,false,ar,ar,https://i.ytimg.com/vi/5JHnU8B2AMU/maxresdefault.jpg,1,,,,,938902,26267,,0,2035
193,UCCPQpi9U-iXFWlMSUg_nxTw,"Abdelkader Kharraz",hCnurIrEY_g,2024-06-08T21:16:23Z,"2024-06-08 21:16:23","الحلقة 315 : الأخبار العوجة….قصة الاولى فيها اكبر بزناز الماحية…و العبرة فالقصة التانية..خراز يحكي","هذه هي القناة الرسمية و الوحيدة لعبد القادر خراز Compte Instagrame officiel: https://www.instagram.com/abdelkader.kharraz/?hl=fr contact via email : khazmehdi1@gmail.com support us : https://paypal.me/kharraz729?locale.x=en_US يرجى التبليغ عن اي قناة زائف",,22,"People & Blogs",Society,PT53M28S,3208,2d,hd,false,ar,ar,https://i.ytimg.com/vi/hCnurIrEY_g/maxresdefault.jpg,1,,,,,1078745,25152,,0,1266
194,UCCPQpi9U-iXFWlMSUg_nxTw,"Abdelkader Kharraz",P7UkttueqC0,2024-06-01T21:13:16Z,"2024-06-01 21:13:16","الحلقة 314 : المخبر …. قصة فيها انتقام على طريقة المافيا…خراز يحكي","هذه هي القناة الرسمية و الوحيدة لعبد القادر خراز Compte Instagrame officiel: https://www.instagram.com/abdelkader.kharraz/?hl=fr contact via email : khazmehdi1@gmail.com support us : https://paypal.me/kharraz729?locale.x=en_US يرجى التبليغ عن اي قناة زائف",,22,"People & Blogs",,PT42M48S,2568,2d,hd,false,ar,ar,https://i.ytimg.com/vi/P7UkttueqC0/maxresdefault.jpg,1,,,,,1198292,28267,,0,1654
195,UCCPQpi9U-iXFWlMSUg_nxTw,"Abdelkader Kharraz",NGBIaLQ5yU4,2024-05-25T21:11:09Z,"2024-05-25 21:11:09","الحلقة 313 : ولد الصواف … عشت هاد القصة و كنت السباب فالحل لي جا مورا بحث طويل… خراز يحكي","هذه هي القناة الرسمية و الوحيدة لعبد القادر خراز Compte Instagrame officiel: https://www.instagram.com/abdelkader.kharraz/?hl=fr contact via email : khazmehdi1@gmail.com support us : https://paypal.me/kharraz729?locale.x=en_US يرجى التبليغ عن اي قناة زائف",,22,"People & Blogs",,PT1H4M20S,260,2d,hd,false,ar,ar,https://i.ytimg.com/vi/NGBIaLQ5yU4/maxresdefault.jpg,1,,,,,1490260,30428,,0,2028
196,UCCPQpi9U-iXFWlMSUg_nxTw,"Abdelkader Kharraz",4auZh6R7Sdc,2024-05-18T21:15:14Z,"2024-05-18 21:15:14","الحلقة 312 : السادي…الشخصية لي فهاد القصة خطيرة بزاف و تقدر تكون قريبة منك…خراز يحكي","هذه هي القناة الرسمية و الوحيدة لعبد القادر خراز Compte Instagrame officiel: https://www.instagram.com/abdelkader.kharraz/?hl=fr contact via email : khazmehdi1@gmail.com support us : https://paypal.me/kharraz729?locale.x=en_US يرجى التبليغ عن اي قناة زائف",,22,"People & Blogs",,PT50M21S,3021,2d,hd,false,ar,ar,https://i.ytimg.com/vi/4auZh6R7Sdc/maxresdefault.jpg,1,,,,,1368952,32380,,0,1804
197,UCCPQpi9U-iXFWlMSUg_nxTw,"Abdelkader Kharraz",7dTO_YsgEHk,2024-05-11T21:10:51Z,"2024-05-11 21:10:51","الحلقة 311:شاهد منتصف الليل…غبرات بعد عام و نصف كتاشفو انها صفاوها ليها و شكون مول الفعلة…خراز يحكي","هذه هي القناة الرسمية و الوحيدة لعبد القادر خراز Compte Instagrame officiel: https://www.instagram.com/abdelkader.kharraz/?hl=fr contact via email : khazmehdi1@gmail.com support us : https://paypal.me/kharraz729?locale.x=en_US يرجى التبليغ عن اي قناة زائف",,22,"People & Blogs",,PT44M45S,2685,2d,hd,false,ar,ar,https://i.ytimg.com/vi/7dTO_YsgEHk/maxresdefault.jpg,1,,,,,1108393,28827,,0,2114
198,UCCPQpi9U-iXFWlMSUg_nxTw,"Abdelkader Kharraz",Mze0z14pOjQ,2024-05-04T21:08:53Z,"2024-05-04 21:08:53","الحلقة 310 : انتقام غريب 2 ….. اطول و ابرد ليلة عشتها و لي وقع فيها حتى واحد متوقعو…خراز يحكي","هذه هي القناة الرسمية و الوحيدة لعبد القادر خراز Compte Instagrame officiel: https://www.instagram.com/abdelkader.kharraz/?hl=fr contact via email : khazmehdi1@gmail.com support us : https://paypal.me/kharraz729?locale.x=en_US يرجى التبليغ عن اي قناة زائف",,22,"People & Blogs",,PT1H1M19S,79,2d,hd,false,ar,ar,https://i.ytimg.com/vi/Mze0z14pOjQ/maxresdefault.jpg,1,,,,,1867458,35808,,0,1961
199,UCCPQpi9U-iXFWlMSUg_nxTw,"Abdelkader Kharraz",0FtexEAfJUQ,2024-04-27T21:31:06Z,"2024-04-27 21:31:06","الحلقة 309 : الضفة الأخرى…. حرق القلب ديال والديه على قبل حلم و لي غدرو اقرب الناس… خراز يحكي","هذه هي القناة الرسمية و الوحيدة لعبد القادر خراز Compte Instagrame officiel: https://www.instagram.com/abdelkader.kharraz/?hl=fr contact via email : khazmehdi1@gmail.com support us : https://paypal.me/kharraz729?locale.x=en_US يرجى التبليغ عن اي قناة زائف",,22,"People & Blogs",,PT38M24S,2304,2d,hd,false,ar,ar,https://i.ytimg.com/vi/0FtexEAfJUQ/maxresdefault.jpg,1,,,,,704003,20571,,0,1073
200,UCCPQpi9U-iXFWlMSUg_nxTw,"Abdelkader Kharraz",lcCM2X4m7gY,2024-04-20T20:51:27Z,"2024-04-20 20:51:27","الحلقة 308 : آخر العنقود… صفاوها ليه فدارو و شكون مول الفعلة…من القضايا لي خدمتهم …خراز يحكي","هذه هي القناة الرسمية و الوحيدة لعبد القادر خراز Compte Instagrame officiel: https://www.instagram.com/abdelkader.kharraz/?hl=fr contact via email : khazmehdi1@gmail.com support us : https://paypal.me/kharraz729?locale.x=en_US يرجى التبليغ عن اي قناة زائف",,22,"People & Blogs",,PT50M58S,3058,2d,hd,false,ar,ar,https://i.ytimg.com/vi/lcCM2X4m7gY/maxresdefault.jpg,1,,,,,1196921,29131,,0,1714
201,UCCPQpi9U-iXFWlMSUg_nxTw,"Abdelkader Kharraz",7R71Y-faPJs,2024-04-14T20:38:40Z,"2024-04-14 20:38:40","الحلقة 307 : الحدس الصائب… من القصص الصعبة لي خدمت فيهم و كيفاش حلينا اللغز… خراز يحكي","هذه هي القناة الرسمية و الوحيدة لعبد القادر خراز Compte Instagrame officiel: https://www.instagram.com/abdelkader.kharraz/?hl=fr contact via email : khazmehdi1@gmail.com support us : https://paypal.me/kharraz729?locale.x=en_US يرجى التبليغ عن اي قناة زائف",,22,"People & Blogs",Religion,PT48M6S,2886,2d,hd,false,ar,ar,https://i.ytimg.com/vi/7R71Y-faPJs/maxresdefault.jpg,1,,,,,1959614,38804,,0,1574
202,UCCPQpi9U-iXFWlMSUg_nxTw,"Abdelkader Kharraz",Ou3PsDCEMmY,2024-04-11T19:54:37Z,"2024-04-11 19:54:37","الحلقة 2 : عيد الفطر…. استرجاع النقط اكثر قصة فيها الاستفادة…رمضان مع خراز","هذه هي القناة الرسمية و الوحيدة لعبد القادر خراز Compte Instagrame officiel: https://www.instagram.com/abdelkader.kharraz/?hl=fr contact via email : khazmehdi1@gmail.com support us : https://paypal.me/kharraz729?locale.x=en_US يرجى التبليغ عن اي قناة زائف",,22,"People & Blogs",Religion,PT29M2S,1742,2d,hd,false,ar,ar,https://i.ytimg.com/vi/Ou3PsDCEMmY/maxresdefault.jpg,1,,,,,397151,13817,,0,1210
203,UCCPQpi9U-iXFWlMSUg_nxTw,"Abdelkader Kharraz",VJsb4Njj4sw,2024-04-10T21:37:53Z,"2024-04-10 21:37:53","الحلقة 1 :عيد الفطر… مستملحات و قصة وقعات ليا عمرني نسيتها…عيدكم مع خراز","هذه هي القناة الرسمية و الوحيدة لعبد القادر خراز Compte Instagrame officiel: https://www.instagram.com/abdelkader.kharraz/?hl=fr contact via email : khazmehdi1@gmail.com support us : https://paypal.me/kharraz729?locale.x=en_US يرجى التبليغ عن اي قناة زائف",,22,"People & Blogs",Religion,PT50M19S,3019,2d,hd,false,ar,ar,https://i.ytimg.com/vi/VJsb4Njj4sw/maxresdefault.jpg,1,,,,,542455,20416,,0,1703
204,UCCPQpi9U-iXFWlMSUg_nxTw,"Abdelkader Kharraz",qxAmz6E-Vi0,2024-04-09T21:15:24Z,"2024-04-09 21:15:24","الحلقة 29 : رخصة بدون رخصة…. قصة عجيبة مهمة جدا و عبرة كبيرة…رمضان مع خراز","هذه هي القناة الرسمية و الوحيدة لعبد القادر خراز Compte Instagrame officiel: https://www.instagram.com/abdelkader.kharraz/?hl=fr contact via email : khazmehdi1@gmail.com support us : https://paypal.me/kharraz729?locale.x=en_US يرجى التبليغ عن اي قناة زائف",,22,"People & Blogs",Religion,PT45M59S,2759,2d,hd,false,ar,ar,https://i.ytimg.com/vi/qxAmz6E-Vi0/maxresdefault.jpg,1,,,,,546340,17583,,0,1625
205,UCCPQpi9U-iXFWlMSUg_nxTw,"Abdelkader Kharraz",BBVAKsZHH_o,2024-04-08T21:18:16Z,"2024-04-08 21:18:16","الحلقة 28 : افعال الشيطان…هذا دار فعلت ديال الشيطان و خربق كلشي…رمضان مع خراز","هذه هي القناة الرسمية و الوحيدة لعبد القادر خراز Compte Instagrame officiel: https://www.instagram.com/abdelkader.kharraz/?hl=fr contact via email : khazmehdi1@gmail.com support us : https://paypal.me/kharraz729?locale.x=en_US يرجى التبليغ عن اي قناة زائف",,22,"People & Blogs",Religion,PT29M26S,1766,2d,hd,false,ar,ar,https://i.ytimg.com/vi/BBVAKsZHH_o/maxresdefault.jpg,1,,,,,592537,20073,,0,1335
206,UCCPQpi9U-iXFWlMSUg_nxTw,"Abdelkader Kharraz",cKzDP9U97n4,2024-04-08T00:04:30Z,"2024-04-08 00:04:30","الحلقة 27 : الجريمة الكاملة 2 … من القضايا لي بقلت غامضة فالعاصمة الرباط…رمضان مع خراز","هذه هي القناة الرسمية و الوحيدة لعبد القادر خراز Compte Instagrame officiel: https://www.instagram.com/abdelkader.kharraz/?hl=fr contact via email : khazmehdi1@gmail.com support us : https://paypal.me/kharraz729?locale.x=en_US يرجى التبليغ عن اي قناة زائف",,22,"People & Blogs",Religion,PT51M30S,3090,2d,hd,false,ar,ar,https://i.ytimg.com/vi/cKzDP9U97n4/maxresdefault.jpg,1,,,,,854155,22104,,0,1361
207,UCCPQpi9U-iXFWlMSUg_nxTw,"Abdelkader Kharraz",hSbnyMehu-M,2024-04-06T22:55:16Z,"2024-04-06 22:55:16","الحلقة 26 :ليلة القدر.. خير من ألف شهر… رمضان مع خراز","هذه هي القناة الرسمية و الوحيدة لعبد القادر خراز Compte Instagrame officiel: https://www.instagram.com/abdelkader.kharraz/?hl=fr contact via email : khazmehdi1@gmail.com support us : https://paypal.me/kharraz729?locale.x=en_US يرجى التبليغ عن اي قناة زائف",,22,"People & Blogs",Religion,PT4M10S,250,2d,hd,false,ar,ar,https://i.ytimg.com/vi/hSbnyMehu-M/maxresdefault.jpg,1,,,,,181766,11028,,0,702
208,UCCPQpi9U-iXFWlMSUg_nxTw,"Abdelkader Kharraz",yq9dPkid2OU,2024-04-05T21:47:29Z,"2024-04-05 21:47:29","الحلقة 25 : الجريمة الكاملة… خيوط لغز هاد القضية بقاو معلقين إلى يومنا هذا…رمضان مع هراز","هذه هي القناة الرسمية و الوحيدة لعبد القادر خراز Compte Instagrame officiel: https://www.instagram.com/abdelkader.kharraz/?hl=fr contact via email : khazmehdi1@gmail.com support us : https://paypal.me/kharraz729?locale.x=en_US يرجى التبليغ عن اي قناة زائف",,22,"People & Blogs",,PT44M47S,2687,2d,hd,false,ar,ar,https://i.ytimg.com/vi/yq9dPkid2OU/maxresdefault.jpg,1,,,,,703808,22390,,0,2515
209,UCCPQpi9U-iXFWlMSUg_nxTw,"Abdelkader Kharraz",Wl0f1XbWM5g,2024-04-04T22:06:40Z,"2024-04-04 22:06:40","الحلقة 24 : اوطو سطوب 2 …. قصة و قعات خطيرة و اخرى مرعبة فطريق الاوطو سطوب…رمضان مع خراز","هذه هي القناة الرسمية و الوحيدة لعبد القادر خراز Compte Instagrame officiel: https://www.instagram.com/abdelkader.kharraz/?hl=fr contact via email : khazmehdi1@gmail.com support us : https://paypal.me/kharraz729?locale.x=en_US يرجى التبليغ عن اي قناة زائف",,22,"People & Blogs",,PT43M22S,2602,2d,hd,false,ar,ar,https://i.ytimg.com/vi/Wl0f1XbWM5g/maxresdefault.jpg,1,,,,,661789,21071,,0,1173
210,UCCPQpi9U-iXFWlMSUg_nxTw,"Abdelkader Kharraz",5UhEBvdKnqU,2024-04-03T23:17:48Z,"2024-04-03 23:17:48","للحلقة 23 : بعد عامين…. سرقو لي سرقو و مورا عامين شنو ايوقع؟… رمضان مع خراز","هذه هي القناة الرسمية و الوحيدة لعبد القادر خراز Compte Instagrame officiel: https://www.instagram.com/abdelkader.kharraz/?hl=fr contact via email : khazmehdi1@gmail.com support us : https://paypal.me/kharraz729?locale.x=en_US يرجى التبليغ عن اي قناة زائف",,22,"People & Blogs",,PT27M31S,1651,2d,hd,false,ar,ar,https://i.ytimg.com/vi/5UhEBvdKnqU/maxresdefault.jpg,1,,,,,520787,19194,,0,1794
211,UCCPQpi9U-iXFWlMSUg_nxTw,"Abdelkader Kharraz",y2bXC3cs0VU,2024-04-02T22:24:45Z,"2024-04-02 22:24:45","الحلقة 22 : لكل ذي حق حقه… من القضايا المعقدة لي خدمهم المرحوم السيد ادريس التباع…رمضان مع خراز","هذه هي القناة الرسمية و الوحيدة لعبد القادر خراز Compte Instagrame officiel: https://www.instagram.com/abdelkader.kharraz/?hl=fr contact via email : khazmehdi1@gmail.com support us : https://paypal.me/kharraz729?locale.x=en_US يرجى التبليغ عن اي قناة زائف",,22,"People & Blogs",Religion,PT56M12S,3372,2d,hd,false,ar,ar,https://i.ytimg.com/vi/y2bXC3cs0VU/maxresdefault.jpg,1,,,,,1031236,25161,,0,1678
212,UCCPQpi9U-iXFWlMSUg_nxTw,"Abdelkader Kharraz",ixLHyrsJlBw,2024-04-01T21:27:48Z,"2024-04-01 21:27:48","الحلقة 21 : الهجرة المزورة… خلات بنتها تمشي فالمجهول و النهاية كارثة…رمضان مع خراز","هذه هي القناة الرسمية و الوحيدة لعبد القادر خراز Compte Instagrame officiel: https://www.instagram.com/abdelkader.kharraz/?hl=fr contact via email : khazmehdi1@gmail.com support us : https://paypal.me/kharraz729?locale.x=en_US يرجى التبليغ عن اي قناة زائف",,22,"People & Blogs",Religion,PT47M20S,2840,2d,hd,false,ar,ar,https://i.ytimg.com/vi/ixLHyrsJlBw/maxresdefault.jpg,1,,,,,630519,19023,,0,1262
213,UCCPQpi9U-iXFWlMSUg_nxTw,"Abdelkader Kharraz",GS15AItSekE,2024-03-31T22:13:25Z,"2024-03-31 22:13:25","الحلقة 20 : العافية كتولد الرماد…هاد القصة بانت فيها هاد القضية كلها…رمضان مع خراز","هذه هي القناة الرسمية و الوحيدة لعبد القادر خراز Compte Instagrame officiel: https://www.instagram.com/abdelkader.kharraz/?hl=fr contact via email : khazmehdi1@gmail.com support us : https://paypal.me/kharraz729?locale.x=en_US يرجى التبليغ عن اي قناة زائف",,22,"People & Blogs",Religion,PT35M4S,2104,2d,hd,false,ar,ar,https://i.ytimg.com/vi/GS15AItSekE/maxresdefault.jpg,1,,,,,610999,18729,,0,922
214,UCCPQpi9U-iXFWlMSUg_nxTw,"Abdelkader Kharraz",_KdnhpzG2Zg,2024-03-30T21:31:14Z,"2024-03-30 21:31:14","الحلقة 19 : المراهقة المتأخرة… شحال صعيبة ضيع الحياة و خصوصا بسبب بحال هذا…رمضان مع خراز","هذه هي القناة الرسمية و الوحيدة لعبد القادر خراز Compte Instagrame officiel: https://www.instagram.com/abdelkader.kharraz/?hl=fr contact via email : khazmehdi1@gmail.com support us : https://paypal.me/kharraz729?locale.x=en_US يرجى التبليغ عن اي قناة زائف",,22,"People & Blogs",Religion,PT48M52S,2932,2d,hd,false,ar,ar,https://i.ytimg.com/vi/_KdnhpzG2Zg/maxresdefault.jpg,1,,,,,796536,22331,,0,1161
215,UCCPQpi9U-iXFWlMSUg_nxTw,"Abdelkader Kharraz",On73Xl_kjuQ,2024-03-29T21:26:19Z,"2024-03-29 21:26:19","الحلقة 18 : الزوهري … قصة اصحاب الكنز و الشعوذة الخطيرة لي كيديرو…رمضان مع خراز","هذه هي القناة الرسمية و الوحيدة لعبد القادر خراز Compte Instagrame officiel: https://www.instagram.com/abdelkader.kharraz/?hl=fr contact via email : khazmehdi1@gmail.com support us : https://paypal.me/kharraz729?locale.x=en_US يرجى التبليغ عن اي قناة زائف",,22,"People & Blogs",Religion,PT37M24S,2244,2d,hd,false,ar,ar,https://i.ytimg.com/vi/On73Xl_kjuQ/maxresdefault.jpg,1,,,,,622137,20818,,0,1212
216,UCCPQpi9U-iXFWlMSUg_nxTw,"Abdelkader Kharraz",y3ougcJps2M,2024-03-28T21:56:47Z,"2024-03-28 21:56:47","الحلقة 17 : في الدنيا قبل الآخرة…. قصة مؤثرة فيها عبرة كبيرة …رمضان مع خراز","هذه هي القناة الرسمية و الوحيدة لعبد القادر خراز Compte Instagrame officiel: https://www.instagram.com/abdelkader.kharraz/?hl=fr contact via email : khazmehdi1@gmail.com support us : https://paypal.me/kharraz729?locale.x=en_US يرجى التبليغ عن اي قناة زائف",,22,"People & Blogs",Religion,PT45M53S,2753,2d,hd,false,ar,ar,https://i.ytimg.com/vi/y3ougcJps2M/maxresdefault.jpg,1,,,,,792561,23729,,0,1910
217,UCCPQpi9U-iXFWlMSUg_nxTw,"Abdelkader Kharraz",S5bIh2bKNDE,2024-03-27T22:05:09Z,"2024-03-27 22:05:09","الحلقة 16 : ولد فلان… صاحب كلشي و حتا واحد معرفو شكون و الحقيقة صادمة…رمضان مع خراز","هذه هي القناة الرسمية و الوحيدة لعبد القادر خراز Compte Instagrame officiel: https://www.instagram.com/abdelkader.kharraz/?hl=fr contact via email : khazmehdi1@gmail.com support us : https://paypal.me/kharraz729?locale.x=en_US يرجى التبليغ عن اي قناة زائف",,22,"People & Blogs",,PT43M47S,2627,2d,hd,false,ar,ar,https://i.ytimg.com/vi/S5bIh2bKNDE/maxresdefault.jpg,1,,,,,697385,21911,,0,837
218,UCCPQpi9U-iXFWlMSUg_nxTw,"Abdelkader Kharraz",dFUC_SvUfBg,2024-03-26T20:37:36Z,"2024-03-26 20:37:36","الحلقة 15 : التبركيك و التخلويض… هاد القصة سالات بالجريمة و السباب تخلويض شي ناس …رمضان مع خراز","هذه هي القناة الرسمية و الوحيدة لعبد القادر خراز Compte Instagrame officiel: https://www.instagram.com/abdelkader.kharraz/?hl=fr contact via email : khazmehdi1@gmail.com support us : https://paypal.me/kharraz729?locale.x=en_US يرجى التبليغ عن اي قناة زائف",,22,"People & Blogs",Religion,PT35M52S,2152,2d,hd,false,ar,ar,https://i.ytimg.com/vi/dFUC_SvUfBg/maxresdefault.jpg,1,,,,,650659,20126,,0,1258
219,UCCPQpi9U-iXFWlMSUg_nxTw,"Abdelkader Kharraz",lIQM-HkVz08,2024-03-25T21:26:03Z,"2024-03-25 21:26:03","الحلقة 14 : الإبن المنتظر…. الولد الوحيد لي عندهم هو السباب فعذابهم…قصة و مستملحات…رمضان مع خراز","هذه هي القناة الرسمية و الوحيدة لعبد القادر خراز Compte Instagrame officiel: https://www.instagram.com/abdelkader.kharraz/?hl=fr contact via email : khazmehdi1@gmail.com support us : https://paypal.me/kharraz729?locale.x=en_US يرجى التبليغ عن اي قناة زائف",,22,"People & Blogs",Religion,PT49M42S,2982,2d,hd,false,ar,ar,https://i.ytimg.com/vi/lIQM-HkVz08/maxresdefault.jpg,1,,,,,711773,19680,,0,783
220,UCCPQpi9U-iXFWlMSUg_nxTw,"Abdelkader Kharraz",D84P65XBM2U,2024-03-24T21:11:22Z,"2024-03-24 21:11:22","الحلقة 13 : ابنة سبعة اشهر… حلمها بالأمومة خلاها طيّح فالمحظور و دير هاد الفعلة…رمضان مع خراز","هذه هي القناة الرسمية و الوحيدة لعبد القادر خراز Compte Instagrame officiel: https://www.instagram.com/abdelkader.kharraz/?hl=fr contact via email : khazmehdi1@gmail.com support us : https://paypal.me/kharraz729?locale.x=en_US يرجى التبليغ عن اي قناة زائف",,22,"People & Blogs",Religion,PT27M47S,1667,2d,hd,false,ar,ar,https://i.ytimg.com/vi/D84P65XBM2U/maxresdefault.jpg,1,,,,,500528,17407,,0,1154
221,UCCPQpi9U-iXFWlMSUg_nxTw,"Abdelkader Kharraz",4q5gN9sOPmk,2024-03-23T21:09:27Z,"2024-03-23 21:09:27","الحلقة 12 : الشيفور… من شيفور طاكسي حتا لقا راسو متورط فقضايا خطيرة…رمضان مع خراز","هذه هي القناة الرسمية و الوحيدة لعبد القادر خراز Compte Instagrame officiel: https://www.instagram.com/abdelkader.kharraz/?hl=fr contact via email : khazmehdi1@gmail.com support us : https://paypal.me/kharraz729?locale.x=en_US يرجى التبليغ عن اي قناة زائف",,22,"People & Blogs",,PT33M23S,2003,2d,hd,false,ar,ar,https://i.ytimg.com/vi/4q5gN9sOPmk/maxresdefault.jpg,1,,,,,626701,20416,,0,1699
222,UCCPQpi9U-iXFWlMSUg_nxTw,"Abdelkader Kharraz",XkTf7_M2VB0,2024-03-22T20:39:44Z,"2024-03-22 20:39:44","الحلقة 11 : انا و من بعدي الطوفان… لي بغات غا راسها دارت كارثة لبزاف ولكن النهاية عبرة…رمضان مع خراز","هذه هي القناة الرسمية و الوحيدة لعبد القادر خراز Compte Instagrame officiel: https://www.instagram.com/abdelkader.kharraz/?hl=fr contact via email : khazmehdi1@gmail.com support us : https://paypal.me/kharraz729?locale.x=en_US يرجى التبليغ عن اي قناة زائف",,22,"People & Blogs",,PT36M36S,2196,2d,hd,false,ar,ar,https://i.ytimg.com/vi/XkTf7_M2VB0/maxresdefault.jpg,1,,,,,534392,19302,,0,1266
223,UCCPQpi9U-iXFWlMSUg_nxTw,"Abdelkader Kharraz",ZKb4JVd1buI,2024-03-21T22:29:51Z,"2024-03-21 22:29:51","الحلقة 10 : النسيب الذيب…لقاوه فوق سكة القطار و ملقاو ميجمعو فيها … رمضان مع خراز","هذه هي القناة الرسمية و الوحيدة لعبد القادر خراز Compte Instagrame officiel: https://www.instagram.com/abdelkader.kharraz/?hl=fr contact via email : khazmehdi1@gmail.com support us : https://paypal.me/kharraz729?locale.x=en_US يرجى التبليغ عن اي قناة زائف",,22,"People & Blogs",Religion,PT37M20S,2240,2d,hd,false,ar,ar,https://i.ytimg.com/vi/ZKb4JVd1buI/maxresdefault.jpg,1,,,,,739454,21865,,0,1107
224,UCCPQpi9U-iXFWlMSUg_nxTw,"Abdelkader Kharraz",xPq8lhljfyk,2024-03-20T22:16:45Z,"2024-03-20 22:16:45","الحلقة 9 : من الألم الى الامل… قصة هاد الدري كتبكي خصوصا الطفولة الصعبة لي دوز …رمضان مع خراز","هذه هي القناة الرسمية و الوحيدة لعبد القادر خراز Compte Instagrame officiel: https://www.instagram.com/abdelkader.kharraz/?hl=fr contact via email : khazmehdi1@gmail.com support us : https://paypal.me/kharraz729?locale.x=en_US يرجى التبليغ عن اي قناة زائف",,22,"People & Blogs",Religion,PT34M9S,2049,2d,hd,false,ar,ar,https://i.ytimg.com/vi/xPq8lhljfyk/maxresdefault.jpg,1,,,,,513513,20477,,0,1543
225,UCCPQpi9U-iXFWlMSUg_nxTw,"Abdelkader Kharraz",wlUte6iybvw,2024-03-19T21:51:25Z,"2024-03-19 21:51:25","الحلقة 8 : السحر الأسود… لقاوها مدير اخطر طقوس ديال الشعوذة في مشهد لا يوصف… رمضان مع خراز","هذه هي القناة الرسمية و الوحيدة لعبد القادر خراز Compte Instagrame officiel: https://www.instagram.com/abdelkader.kharraz/?hl=fr contact via email : khazmehdi1@gmail.com support us : https://paypal.me/kharraz729?locale.x=en_US يرجى التبليغ عن اي قناة زائف",,22,"People & Blogs",Religion,PT41M21S,2481,2d,hd,false,ar,ar,https://i.ytimg.com/vi/wlUte6iybvw/maxresdefault.jpg,1,,,,,757614,24629,,0,1569
226,UCCPQpi9U-iXFWlMSUg_nxTw,"Abdelkader Kharraz",V8Yv99BTJnQ,2024-03-18T21:59:37Z,"2024-03-18 21:59:37","الحلقة 7 : حرب الحدود… عداوة بين لخوت سالات بنهاية مؤلمة و حزينة…رمضان مع خراز","هذه هي القناة الرسمية و الوحيدة لعبد القادر خراز Compte Instagrame officiel: https://www.instagram.com/abdelkader.kharraz/?hl=fr contact via email : khazmehdi1@gmail.com support us : https://paypal.me/kharraz729?locale.x=en_US يرجى التبليغ عن اي قناة زائف",,22,"People & Blogs",Religion,PT30M5S,1805,2d,hd,false,ar,ar,https://i.ytimg.com/vi/V8Yv99BTJnQ/maxresdefault.jpg,1,,,,,458774,17784,,0,906
227,UCCPQpi9U-iXFWlMSUg_nxTw,"Abdelkader Kharraz",mK987nT__Uc,2024-03-17T21:51:15Z,"2024-03-17 21:51:15","الحلقة 6 : لحظة انهيار… انفعال ديال لحظة تقدر تمشي فيه حياة كلها …رمضان مع خراز","هذه هي القناة الرسمية و الوحيدة لعبد القادر خراز Compte Instagrame officiel: https://www.instagram.com/abdelkader.kharraz/?hl=fr contact via email : khazmehdi1@gmail.com support us : https://paypal.me/kharraz729?locale.x=en_US يرجى التبليغ عن اي قناة زائف",,22,"People & Blogs",Religion,PT30M52S,1852,2d,hd,false,ar,ar,https://i.ytimg.com/vi/mK987nT__Uc/maxresdefault.jpg,1,,,,,569794,19950,,0,930
228,UCCPQpi9U-iXFWlMSUg_nxTw,"Abdelkader Kharraz",fdmCD8ev3bw,2024-03-16T22:38:36Z,"2024-03-16 22:38:36","الحلقة 5 :الماضي القاتل… معمرها نسات الماضي ديالها و هاد شي دار كارثة… رمضان مع خراز","CODE PROMO : KHARRAZ SENDWAVE :Enregistrement facile Enregistrez votre carte de paiement, vérifiez votre identité et envoyez en quelques minutes. Une équipe d'assistance disponible 24 heures sur 24, 7 jours sur 7 Nos lignes téléphoniques sont ouvertes 24 heures sur 24, 7 jours sur 7, dans plusieurs langues, si vous en avez besoin. Transferts d'argent rapides et pratiques Évitez les files d'attente et envoyez de l'argent de votre téléphone à vos proches en quelques secondes. Fiable et légitime Utilisée par plus d’un million d’utilisateurs, Sendwave est exploitée par Zepz. Elle est autorisée à transférer de l’argent aux États-Unis, au Canada, au Royaume-Uni et dans l’UE.",,22,"People & Blogs",Religion,PT33M28S,2008,2d,hd,false,fr,ar,https://i.ytimg.com/vi/fdmCD8ev3bw/maxresdefault.jpg,1,,,,,621011,21349,,0,1178
229,UCCPQpi9U-iXFWlMSUg_nxTw,"Abdelkader Kharraz",zVO8GgDq56k,2024-03-15T21:39:19Z,"2024-03-15 21:39:19","الحلقة 4: علاقة مع المجهول… قصة جوج بنات و الادمان ديالهم على الهواتف شنو جاب ليهوم…رمضان مع خراز","هذه هي القناة الرسمية و الوحيدة لعبد القادر خراز Compte Instagrame officiel: https://www.instagram.com/abdelkader.kharraz/?hl=fr contact via email : khazmehdi1@gmail.com support us : https://paypal.me/kharraz729?locale.x=en_US يرجى التبليغ عن اي قناة زائف",,22,"People & Blogs",Religion,PT32M2S,1922,2d,hd,false,ar,ar,https://i.ytimg.com/vi/zVO8GgDq56k/maxresdefault.jpg,1,,,,,631795,21214,,0,905
230,UCCPQpi9U-iXFWlMSUg_nxTw,"Abdelkader Kharraz",6gH8ctZs9Gk,2024-03-14T22:14:34Z,"2024-03-14 22:14:34","الحلقة 3 : مدرسة السجن… كيفاش علموه فالحبس و خرج دار هاد الفعلة … رمضان مع خراز","هذه هي القناة الرسمية و الوحيدة لعبد القادر خراز Compte Instagrame officiel: https://www.instagram.com/abdelkader.kharraz/?hl=fr contact via email : khazmehdi1@gmail.com support us : https://paypal.me/kharraz729?locale.x=en_US يرجى التبليغ عن اي قناة زائف",,22,"People & Blogs",Religion,PT38M6S,2286,2d,hd,false,ar,ar,https://i.ytimg.com/vi/6gH8ctZs9Gk/maxresdefault.jpg,1,,,,,633181,20877,,0,932
231,UCCPQpi9U-iXFWlMSUg_nxTw,"Abdelkader Kharraz",nUc4r3-Juxs,2024-03-13T21:33:51Z,"2024-03-13 21:33:51","الحلقة 2 : مشاريع الخمر ….طريقة جهنمية باش نصبو عليه و داو ليه أغلى مكيكساب…رمضان مع خراز","هذه هي القناة الرسمية و الوحيدة لعبد القادر خراز Compte Instagrame officiel: https://www.instagram.com/abdelkader.kharraz/?hl=fr contact via email : khazmehdi1@gmail.com support us : https://paypal.me/kharraz729?locale.x=en_US يرجى التبليغ عن اي قناة زائف",,22,"People & Blogs",Religion,PT43M20S,2600,2d,hd,false,ar,ar,https://i.ytimg.com/vi/nUc4r3-Juxs/maxresdefault.jpg,1,,,,,728401,23043,,0,975
232,UCCPQpi9U-iXFWlMSUg_nxTw,"Abdelkader Kharraz",f2KkQqIrs2k,2024-03-12T21:25:46Z,"2024-03-12 21:25:46","الحلقة 1 : عندما تظهر الجريمة الثانية… قصة عجيبة من القضايا لي خدمتها … رمضان مع خراز","هذه هي القناة الرسمية و الوحيدة لعبد القادر خراز Compte Instagrame officiel: https://www.instagram.com/abdelkader.kharraz/?hl=fr contact via email : khazmehdi1@gmail.com support us : https://paypal.me/kharraz729?locale.x=en_US يرجى التبليغ عن اي قناة زائف",,22,"People & Blogs",Religion,PT50M33S,3033,2d,hd,false,ar,ar,https://i.ytimg.com/vi/f2KkQqIrs2k/maxresdefault.jpg,1,,,,,1358652,35523,,0,1922
233,UCCPQpi9U-iXFWlMSUg_nxTw,"Abdelkader Kharraz",HVjQKnkilv4,2024-03-09T19:57:29Z,"2024-03-09 19:57:29","الحلقة 306 : الصحابات … المعنى الحقيقي ديال الطعام كاين و لغدر كاين…قصة و مستملحات…خراز يحكي","هذه هي القناة الرسمية و الوحيدة لعبد القادر خراز Compte Instagrame officiel: https://www.instagram.com/abdelkader.kharraz/?hl=fr contact via email : khazmehdi1@gmail.com support us : https://paypal.me/kharraz729?locale.x=en_US يرجى التبليغ عن اي قناة زائف",,22,"People & Blogs",Religion,PT26M28S,1588,2d,hd,false,ar,ar,https://i.ytimg.com/vi/HVjQKnkilv4/maxresdefault.jpg,1,,,,,1489750,33654,,0,1716
234,UCCPQpi9U-iXFWlMSUg_nxTw,"Abdelkader Kharraz",HvMjcpObLn4,2024-03-02T20:45:43Z,"2024-03-02 20:45:43","الحلقة 305 : الداهية عبد السلام ماهر… من القصص الاكثر طلبا لي خدمتهم…خراز يحكي","CODE PROMO : KHARRAZ SENDWAVE :Enregistrement facile Enregistrez votre carte de paiement, vérifiez votre identité et envoyez en quelques minutes. Une équipe d'assistance disponible 24 heures sur 24, 7 jours sur 7 Nos lignes téléphoniques sont ouvertes 24 heures sur 24, 7 jours sur 7, dans plusieurs langues, si vous en avez besoin. Transferts d'argent rapides et pratiques Évitez les files d'attente et envoyez de l'argent de votre téléphone à vos proches en quelques secondes. Fiable et légitime Utilisée par plus d’un million d’utilisateurs, Sendwave est exploitée par Zepz. Elle est autorisée à transférer de l’argent aux États-Unis, au Canada, au Royaume-Uni et dans l’UE.",,22,"People & Blogs",Religion,PT1H28S,28,2d,hd,false,fr,ar,https://i.ytimg.com/vi/HvMjcpObLn4/maxresdefault.jpg,1,,,,,1446108,33278,,0,1675
235,UCCPQpi9U-iXFWlMSUg_nxTw,"Abdelkader Kharraz",lRXPJdvuBQY,2024-02-24T20:45:26Z,"2024-02-24 20:45:26","الحلقة 304 : عاقبة الطمع… صفاوها ليه بطريقة صعيبة و بحث طويل باش يعرفو مول الفعلة…خراز يحكي","هذه هي القناة الرسمية و الوحيدة لعبد القادر خراز Compte Instagrame officiel: https://www.instagram.com/abdelkader.kharraz/?hl=fr contact via email : khazmehdi1@gmail.com support us : https://paypal.me/kharraz729?locale.x=en_US يرجى التبليغ عن اي قناة زائف",,22,"People & Blogs",,PT35M12S,2112,2d,hd,false,ar,ar,https://i.ytimg.com/vi/lRXPJdvuBQY/maxresdefault.jpg,1,,,,,954066,27395,,0,1445
236,UCCPQpi9U-iXFWlMSUg_nxTw,"Abdelkader Kharraz",avJ6fyC-dTk,2024-02-17T20:48:33Z,"2024-02-17 20:48:33","الحلقة 303 : الشرف … كفاش وقع هدشي كامل و مبغاتش تعتارف…قصة و مستملحات…خراز يحكي","هذه هي القناة الرسمية و الوحيدة لعبد القادر خراز Compte Instagrame officiel: https://www.instagram.com/abdelkader.kharraz/?hl=fr contact via email : khazmehdi1@gmail.com support us : https://paypal.me/kharraz729?locale.x=en_US يرجى التبليغ عن اي قناة زائف",,22,"People & Blogs",,PT53M30S,3210,2d,hd,false,ar,ar,https://i.ytimg.com/vi/avJ6fyC-dTk/maxresdefault.jpg,1,,,,,1226047,31092,,0,2023
237,UCCPQpi9U-iXFWlMSUg_nxTw,"Abdelkader Kharraz",1QYMkLxuu-o,2024-02-10T19:56:27Z,"2024-02-10 19:56:27","الحلقة 302 : عبدة الشيطان.. .فوسط المقابر واليل… و مالين الفعلة قاطعين يدهم من رحمة الله…خراز يحكي","هذه هي القناة الرسمية و الوحيدة لعبد القادر خراز Compte Instagrame officiel: https://www.instagram.com/abdelkader.kharraz/?hl=fr contact via email : khazmehdi1@gmail.com support us : https://paypal.me/kharraz729?locale.x=en_US يرجى التبليغ عن اي قناة زائف",,22,"People & Blogs",Religion,PT41M,2460,2d,hd,false,ar,ar,https://i.ytimg.com/vi/1QYMkLxuu-o/maxresdefault.jpg,1,,,,,1723923,37768,,0,2219
238,UCCPQpi9U-iXFWlMSUg_nxTw,"Abdelkader Kharraz",MihFukG9YhQ,2024-02-03T20:57:17Z,"2024-02-03 20:57:17","الحلقة 301 : علاقة من نوع اخر… صداقة بين جوج بنات خدات منحنى اخر و سالات بكارثة… خراز","هذه هي القناة الرسمية و الوحيدة لعبد القادر خراز Compte Instagrame officiel: https://www.instagram.com/abdelkader.kharraz/?hl=fr contact via email : khazmehdi1@gmail.com support us : https://paypal.me/kharraz729?locale.x=en_US يرجى التبليغ عن اي قناة زائف",,22,"People & Blogs",Religion,PT26M35S,1595,2d,hd,false,ar,ar,https://i.ytimg.com/vi/MihFukG9YhQ/maxresdefault.jpg,1,,,,,738475,24352,,0,1324
239,UCCPQpi9U-iXFWlMSUg_nxTw,"Abdelkader Kharraz",9gD6TL00H-o,2024-01-27T20:59:40Z,"2024-01-27 20:59:40","الحلقة 300 : كلشي من الاب … سرقة خطيرة بطريقة جهنمية و كيفاش حصلو…. خراز يحكي","هذه هي القناة الرسمية و الوحيدة لعبد القادر خراز Compte Instagrame officiel: https://www.instagram.com/abdelkader.kharraz/?hl=fr contact via email : khazmehdi1@gmail.com support us : https://paypal.me/kharraz729?locale.x=en_US يرجى التبليغ عن اي قناة زائف",,22,"People & Blogs",,PT34M42S,2082,2d,hd,false,ar,ar,https://i.ytimg.com/vi/9gD6TL00H-o/maxresdefault.jpg,1,,,,,858547,24699,,0,1301
240,UCCPQpi9U-iXFWlMSUg_nxTw,"Abdelkader Kharraz",AgNF8BrzHOU,2024-01-21T20:26:30Z,"2024-01-21 20:26:30","الحلقة 299 : اولاد الدرب … كيفاش ولاد الدرب من والو ايلقاو راسهم فجناية … درس مهم … خراز يحكي","هذه هي القناة الرسمية و الوحيدة لعبد القادر خراز Compte Instagrame officiel: https://www.instagram.com/abdelkader.kharraz/?hl=fr contact via email : khazmehdi1@gmail.com support us : https://paypal.me/kharraz729?locale.x=en_US يرجى التبليغ عن اي قناة زائف",,22,"People & Blogs",,PT26M10S,1570,2d,hd,false,ar,ar,https://i.ytimg.com/vi/AgNF8BrzHOU/maxresdefault.jpg,1,,,,,699880,24993,,0,1489
241,UCCPQpi9U-iXFWlMSUg_nxTw,"Abdelkader Kharraz",eHlmtBSiR8E,2024-01-20T20:54:13Z,"2024-01-20 20:54:13","الحلقة 298 : صدفة العمر… قصةً مؤثرة بزاف و الصدفة التي لا يمكن توقعها…. خراز يحكي","هذه هي القناة الرسمية و الوحيدة لعبد القادر خراز Compte Instagrame officiel: https://www.instagram.com/abdelkader.kharraz/?hl=fr contact via email : khazmehdi1@gmail.com support us : https://paypal.me/kharraz729?locale.x=en_US يرجى التبليغ عن اي قناة زائف",,22,"People & Blogs",,PT40M18S,2418,2d,hd,false,ar,ar,https://i.ytimg.com/vi/eHlmtBSiR8E/maxresdefault.jpg,1,,,,,1046592,27165,,0,1186
242,UCCPQpi9U-iXFWlMSUg_nxTw,"Abdelkader Kharraz",EsujNNq9ZCs,2024-01-14T19:04:51Z,"2024-01-14 19:04:51","الحلقة 297 : بأمر من المافيا …. المافيا خلاتو يدير هاد الكارثة ولكن شكون هاد المافيا؟…خراز يحكي","هذه هي القناة الرسمية و الوحيدة لعبد القادر خراز Compte Instagrame officiel: https://www.instagram.com/abdelkader.kharraz/?hl=fr contact via email : khazmehdi1@gmail.com support us : https://paypal.me/kharraz729?locale.x=en_US يرجى التبليغ عن اي قناة زائف",,22,"People & Blogs",,PT33M56S,2036,2d,hd,false,ar,ar,https://i.ytimg.com/vi/EsujNNq9ZCs/maxresdefault.jpg,1,,,,,1600772,36570,,0,2502
243,UCCPQpi9U-iXFWlMSUg_nxTw,"Abdelkader Kharraz",d6es2K35e9c,2024-01-13T20:39:41Z,"2024-01-13 20:39:41","الحلقة 296: لا يفلح الساحر 1…. سحر و شعوذة بطريقة خطيرة و مرعبة…خراز يحكي","هذه هي القناة الرسمية و الوحيدة لعبد القادر خراز Compte Instagrame officiel: https://www.instagram.com/abdelkader.kharraz/?hl=fr contact via email : khazmehdi1@gmail.com support us : https://paypal.me/kharraz729?locale.x=en_US يرجى التبليغ عن اي قناة زائف",,22,"People & Blogs",Religion,PT1H6M47S,407,2d,hd,false,ar,ar,https://i.ytimg.com/vi/d6es2K35e9c/maxresdefault.jpg,1,,,,,1739864,33769,,0,1710
244,UCCPQpi9U-iXFWlMSUg_nxTw,"Abdelkader Kharraz",kDhbjCp2Pbw,2024-01-06T20:59:33Z,"2024-01-06 20:59:33","الحلقة 295 : مصيبة السوسي… قصة و نهاية صعيبة وعشتها كاملة… خراز يحكي","هذه هي القناة الرسمية و الوحيدة لعبد القادر خراز Compte Instagrame officiel: https://www.instagram.com/abdelkader.kharraz/?hl=fr contact via email : khazmehdi1@gmail.com support us : https://paypal.me/kharraz729?locale.x=en_US يرجى التبليغ عن اي قناة زائف",,22,"People & Blogs",Religion,PT39M,2340,2d,hd,false,ar,ar,https://i.ytimg.com/vi/kDhbjCp2Pbw/maxresdefault.jpg,1,,,,,1036120,29538,,0,2080
245,UCCPQpi9U-iXFWlMSUg_nxTw,"Abdelkader Kharraz",Bz7ubJvgLJE,2023-12-31T20:23:17Z,"2023-12-31 20:23:17","حلقة رأس السنة 2024 … قصة مؤثرة و مسملحات مع خراز…خراز يحكي","هذه هي القناة الرسمية و الوحيدة لعبد القادر خراز Compte Instagrame officiel: https://www.instagram.com/abdelkader.kharraz/?hl=fr contact via email : khazmehdi1@gmail.com support us : https://paypal.me/kharraz729?locale.x=en_US يرجى التبليغ عن اي قناة زائف",,22,"People & Blogs",Religion,PT50M42S,3042,2d,hd,false,ar,ar,https://i.ytimg.com/vi/Bz7ubJvgLJE/maxresdefault.jpg,1,,,,,1359777,36146,,0,2069
246,UCCPQpi9U-iXFWlMSUg_nxTw,"Abdelkader Kharraz",iMXfHMxG4dM,2023-12-30T20:36:41Z,"2023-12-30 20:36:41","الحلقة 294 : من اللقاء الاول… صعيبة يطيح زهرك على بحال هاد النوع… خراز يحكي","هذه هي القناة الرسمية و الوحيدة لعبد القادر خراز Compte Instagrame officiel: https://www.instagram.com/abdelkader.kharraz/?hl=fr contact via email : khazmehdi1@gmail.com support us : https://paypal.me/kharraz729?locale.x=en_US يرجى التبليغ عن اي قناة زائف",,22,"People & Blogs",,PT33M42S,2022,2d,hd,false,ar,ar,https://i.ytimg.com/vi/iMXfHMxG4dM/maxresdefault.jpg,1,,,,,788230,25272,,0,1537
247,UCCPQpi9U-iXFWlMSUg_nxTw,"Abdelkader Kharraz",rShTaEKVlpA,2023-12-23T20:37:48Z,"2023-12-23 20:37:48","الحلقة 293 : الشطط في استعمال السلطة… قصة صعيبة لأبرياء خلف القضبان…خراز يحكي","هذه هي القناة الرسمية و الوحيدة لعبد القادر خراز Compte Instagrame officiel: https://www.instagram.com/abdelkader.kharraz/?hl=fr contact via email : khazmehdi1@gmail.com support us : https://paypal.me/kharraz729?locale.x=en_US يرجى التبليغ عن اي قناة زائف",,22,"People & Blogs",,PT52M12S,3132,2d,hd,false,ar,ar,https://i.ytimg.com/vi/rShTaEKVlpA/maxresdefault.jpg,1,,,,,1046762,27462,,0,2014
248,UCCPQpi9U-iXFWlMSUg_nxTw,"Abdelkader Kharraz",OT0vmfu2CJo,2023-12-16T19:38:33Z,"2023-12-16 19:38:33","الحلقة 292 : من شابه أباه… صفاها ليه و باش كملها بطريقة وحشية…خراز يحكي","هذه هي القناة الرسمية و الوحيدة لعبد القادر خراز Compte Instagrame officiel: https://www.instagram.com/abdelkader.kharraz/?hl=fr contact via email : khazmehdi1@gmail.com support us : https://paypal.me/kharraz729?locale.x=en_US يرجى التبليغ عن اي قناة زائف",,22,"People & Blogs",,PT39M3S,2343,2d,hd,false,ar,ar,https://i.ytimg.com/vi/OT0vmfu2CJo/maxresdefault.jpg,1,,,,,992300,26889,,0,1534
249,UCCPQpi9U-iXFWlMSUg_nxTw,"Abdelkader Kharraz",XhBhdn-hA60,2023-12-09T19:55:12Z,"2023-12-09 19:55:12","الحلقة 291 : كاينة ظروف … قصة عشتها بكل التفاصيل و النهاية مؤثرة بزاف… خراز يحكي","هذه هي القناة الرسمية و الوحيدة لعبد القادر خراز Compte Instagrame officiel: https://www.instagram.com/abdelkader.kharraz/?hl=fr contact via email : khazmehdi1@gmail.com support us : https://paypal.me/kharraz729?locale.x=en_US يرجى التبليغ عن اي قناة زائف",,22,"People & Blogs",,PT1H11M32S,692,2d,hd,false,ar,ar,https://i.ytimg.com/vi/XhBhdn-hA60/maxresdefault.jpg,1,,,,,2433285,40014,,0,3414
250,UCCPQpi9U-iXFWlMSUg_nxTw,"Abdelkader Kharraz",ysmPJ7az8rM,2023-12-02T20:03:31Z,"2023-12-02 20:03:31","الحلقة 290: من حلم الى كابوس… الباطل صعيب فهاد القصة و النهاية حتى واحد متوقعها… خراز يحكي","هذه هي القناة الرسمية و الوحيدة لعبد القادر خراز Compte Instagrame officiel: https://www.instagram.com/abdelkader.kharraz/?hl=fr contact via email : khazmehdi1@gmail.com support us : https://paypal.me/kharraz729?locale.x=en_US يرجى التبليغ عن اي قناة زائف",,22,"People & Blogs",,PT44M44S,2684,2d,hd,false,ar,ar,https://i.ytimg.com/vi/ysmPJ7az8rM/maxresdefault.jpg,1,,,,,1048212,28614,,0,1618
251,UCCPQpi9U-iXFWlMSUg_nxTw,"Abdelkader Kharraz",HP3IsUgmUr8,2023-11-25T20:20:36Z,"2023-11-25 20:20:36","الحلقة 289 : نهار كريساو خراز… كان غادي يكون اخر نهار فحياتي… خراز يحكي","-------مطعم بني حرشن ; 0669373564 المقدمة : 0:00 بداية القصة : 3:10 هذه هي القناة الرسمية و الوحيدة لعبد القادر خراز Compte Instagrame officiel: https://www.instagram.com/abdelkader.kharraz/?hl=fr contact via email : khazmehdi1@gmail.com support us : https://paypal.me/kharraz729?locale.x=en_US يرجى التبليغ عن اي قناة زائف",,22,"People & Blogs",,PT51M50S,3110,2d,hd,false,ar,ar,https://i.ytimg.com/vi/HP3IsUgmUr8/maxresdefault.jpg,1,,,,,1843677,56517,,0,4371
252,UCCPQpi9U-iXFWlMSUg_nxTw,"Abdelkader Kharraz",sasS9IJJPeg,2023-11-25T00:13:37Z,"2023-11-25 00:13:37","عاااجل:موعدنا الحلقة القادمة ،السبت على الساعة21:30",,,22,"People & Blogs",Politics,PT20S,20,2d,hd,false,ar,ar,https://i.ytimg.com/vi/sasS9IJJPeg/maxresdefault.jpg,1,,,,,567782,15953,,0,1030
253,UCCPQpi9U-iXFWlMSUg_nxTw,"Abdelkader Kharraz",NwnOtRpGXYk,2023-11-18T21:28:03Z,"2023-11-18 21:28:03","الحلقة 288 : سائح في الحي الشتوي …لقاوه فلخلا ملاوح… كيفاش تحلات القضية بطريقة ذكية….خراز يحكي","هذه هي القناة الرسمية و الوحيدة لعبد القادر خراز Compte Instagrame officiel: https://www.instagram.com/abdelkader.kharraz/?hl=fr contact via email : khazmehdi1@gmail.com support us : https://paypal.me/kharraz729?locale.x=en_US يرجى التبليغ عن اي قناة زائف",,22,"People & Blogs",,PT36M45S,2205,2d,hd,false,ar,ar,https://i.ytimg.com/vi/NwnOtRpGXYk/maxresdefault.jpg,1,,,,,1078144,27492,,0,1418
254,UCCPQpi9U-iXFWlMSUg_nxTw,"Abdelkader Kharraz",T4ZyRMsda6Q,2023-11-11T19:41:29Z,"2023-11-11 19:41:29","الحلقة 287 : المقهورين … خراز يحكي بعين تدمع و قلب جريح …. خراز يحكي","هذه هي القناة الرسمية و الوحيدة لعبد القادر خراز Compte Instagrame officiel: https://www.instagram.com/abdelkader.kharraz/?hl=fr contact via email : khazmehdi1@gmail.com support us : https://paypal.me/kharraz729?locale.x=en_US يرجى التبليغ عن اي قناة زائف",,22,"People & Blogs",,PT38M8S,2288,2d,hd,false,ar,ar,https://i.ytimg.com/vi/T4ZyRMsda6Q/maxresdefault.jpg,1,,,,,848926,26082,,0,2731
255,UCCPQpi9U-iXFWlMSUg_nxTw,"Abdelkader Kharraz",4ye4W_uUtPQ,2023-11-04T20:08:20Z,"2023-11-04 20:08:20","الحلقة 286 : الوجه المضلم للقمر….. الوجه لي عطاها فالاول ماشي هو لي شافتو فلخر… قصة مؤثرة… خراز يحكي","هذه هي القناة الرسمية و الوحيدة لعبد القادر خراز Compte Instagrame officiel: https://www.instagram.com/abdelkader.kharraz/?hl=fr contact via email : khazmehdi1@gmail.com support us : https://paypal.me/kharraz729?locale.x=en_US يرجى التبليغ عن اي قناة زائف",,22,"People & Blogs",,PT38M14S,2294,2d,hd,false,ar,ar,https://i.ytimg.com/vi/4ye4W_uUtPQ/maxresdefault.jpg,1,,,,,911018,26081,,0,1529
256,UCCPQpi9U-iXFWlMSUg_nxTw,"Abdelkader Kharraz",T7hzJf2lELo,2023-10-28T20:37:59Z,"2023-10-28 20:37:59","الحلقة 285 : عودة المفقود… قصة تستحق ان تكون فيلم سينمائي… خراز يحكي","هذه هي القناة الرسمية و الوحيدة لعبد القادر خراز Compte Instagrame officiel: https://www.instagram.com/abdelkader.kharraz/?hl=fr contact via email : khazmehdi1@gmail.com support us : https://paypal.me/kharraz729?locale.x=en_US يرجى التبليغ عن اي قناة زائف",,22,"People & Blogs",,PT34M15S,2055,2d,hd,false,ar,ar,https://i.ytimg.com/vi/T7hzJf2lELo/maxresdefault.jpg,1,,,,,854713,27116,,0,2009
257,UCCPQpi9U-iXFWlMSUg_nxTw,"Abdelkader Kharraz",C2JZaUsAOiI,2023-10-21T20:57:46Z,"2023-10-21 20:57:46","الحلقة 284 : اولاد الحاج…. قصة دراماتيكية و نهاية الحلقة مستملحات خطيرة… خراز يحكي","هذه هي القناة الرسمية و الوحيدة لعبد القادر خراز Compte Instagrame officiel: https://www.instagram.com/abdelkader.kharraz/?hl=fr contact via email : khazmehdi1@gmail.com support us : https://paypal.me/kharraz729?locale.x=en_US يرجى التبليغ عن اي قناة زائف",,22,"People & Blogs",,PT51M20S,3080,2d,hd,false,ar,ar,https://i.ytimg.com/vi/C2JZaUsAOiI/maxresdefault.jpg,1,,,,,1335687,30397,,0,1642
258,UCCPQpi9U-iXFWlMSUg_nxTw,"Abdelkader Kharraz",B7F4HsB24jc,2023-10-14T20:54:43Z,"2023-10-14 20:54:43","الحلقة 283 : "" البوفا"" واللسان الطويل ….. شنو الحالة لي خلاتو هدشي و المصيبة للأخت ديالو… خراز يحكي","هذه هي القناة الرسمية و الوحيدة لعبد القادر خراز Compte Instagrame officiel: https://www.instagram.com/abdelkader.kharraz/?hl=fr contact via email : khazmehdi1@gmail.com support us : https://paypal.me/kharraz729?locale.x=en_US يرجى التبليغ عن اي قناة زائف",,22,"People & Blogs",,PT40M9S,2409,2d,hd,false,ar,ar,https://i.ytimg.com/vi/B7F4HsB24jc/maxresdefault.jpg,1,,,,,908941,25616,,0,1730
259,UCCPQpi9U-iXFWlMSUg_nxTw,"Abdelkader Kharraz",jLVMCxWd_CY,2023-10-07T21:14:28Z,"2023-10-07 21:14:28","الحلقة 282 : من اجل دراهم معدودة… شكون صفاها لهاد البنت و علاش هدشي وقع… خراز يحكي","هذه هي القناة الرسمية و الوحيدة لعبد القادر خراز Compte Instagrame officiel: https://www.instagram.com/abdelkader.kharraz/?hl=fr contact via email : khazmehdi1@gmail.com support us : https://paypal.me/kharraz729?locale.x=en_US يرجى التبليغ عن اي قناة زائف",,22,"People & Blogs",,PT47M14S,2834,2d,hd,false,ar,ar,https://i.ytimg.com/vi/jLVMCxWd_CY/maxresdefault.jpg,1,,,,,1055911,26304,,0,1723
260,UCCPQpi9U-iXFWlMSUg_nxTw,"Abdelkader Kharraz",f5fM3sQuG5Q,2023-09-30T21:22:10Z,"2023-09-30 21:22:10","الحلقة 281 :صدمة العمر … كيفاش كلشي لي تبنا تهرس فلحظة… قصة مؤثرة و عبرة كبيرة…خراز يحكي","هذه هي القناة الرسمية و الوحيدة لعبد القادر خراز Compte Instagrame officiel: https://www.instagram.com/abdelkader.kharraz/?hl=fr contact via email : khazmehdi1@gmail.com support us : https://paypal.me/kharraz729?locale.x=en_US يرجى التبليغ عن اي قناة زائف",,22,"People & Blogs",,PT57M48S,3468,2d,hd,false,ar,ar,https://i.ytimg.com/vi/f5fM3sQuG5Q/maxresdefault.jpg,1,,,,,1425680,33609,,0,2286
261,UCCPQpi9U-iXFWlMSUg_nxTw,"Abdelkader Kharraz",NeiKcs4cYXk,2023-09-23T21:09:05Z,"2023-09-23 21:09:05","الحلقة 280 : شيطان الإنس… قضية صعيبة بزاف من القضايا لي خدمناهم… لقيناه فواحد الحالة كتخلع…خراز يحكي","هذه هي القناة الرسمية و الوحيدة لعبد القادر خراز Compte Instagrame officiel: https://www.instagram.com/abdelkader.kharraz/?hl=fr contact via email : khazmehdi1@gmail.com support us : https://paypal.me/kharraz729?locale.x=en_US يرجى التبليغ عن اي قناة زائف",,22,"People & Blogs",,PT42M29S,2549,2d,hd,false,ar,ar,https://i.ytimg.com/vi/NeiKcs4cYXk/maxresdefault.jpg,1,,,,,1577519,35450,,0,2431
262,UCCPQpi9U-iXFWlMSUg_nxTw,"Abdelkader Kharraz",57-hXxf4ssk,2023-09-17T20:12:07Z,"2023-09-17 20:12:07","الحلقة 279 : البرجوازية و السائق… من القصص لي عشتهم الأكثر طلبًا على القناة… خراز يحكي","هذه هي القناة الرسمية و الوحيدة لعبد القادر خراز Compte Instagrame officiel: https://www.instagram.com/abdelkader.kharraz/?hl=fr contact via email : khazmehdi1@gmail.com support us : https://paypal.me/kharraz729?locale.x=en_US يرجى التبليغ عن اي قناة زائف",,22,"People & Blogs",,PT43M2S,2582,2d,hd,false,ar,ar,https://i.ytimg.com/vi/57-hXxf4ssk/maxresdefault.jpg,1,,,,,1638634,40143,,0,2295
263,UCCPQpi9U-iXFWlMSUg_nxTw,"Abdelkader Kharraz",2cp-VK2NiN0,2023-09-16T19:41:03Z,"2023-09-16 19:41:03","حلقة خاصة: …زلزال الحوز… خراز يحكي","هذه هي القناة الرسمية و الوحيدة لعبد القادر خراز Compte Instagrame officiel: https://www.instagram.com/abdelkader.kharraz/?hl=fr contact via email : khazmehdi1@gmail.com support us : https://paypal.me/kharraz729?locale.x=en_US يرجى التبليغ عن اي قناة زائف",,22,"People & Blogs",Religion,PT5M4S,304,2d,hd,false,ar,ar,https://i.ytimg.com/vi/2cp-VK2NiN0/maxresdefault.jpg,1,,,,,180491,10562,,0,1043
264,UCCPQpi9U-iXFWlMSUg_nxTw,"Abdelkader Kharraz",A_Q2sBxcfPM,2023-09-09T16:54:53Z,"2023-09-09 16:54:53","إنَّا لله وإنَّا إليهِ راجعون","هذه هي القناة الرسمية و الوحيدة لعبد القادر خراز Compte Instagrame officiel: https://www.instagram.com/abdelkader.kharraz/?hl=fr contact via email : khazmehdi1@gmail.com support us : https://paypal.me/kharraz729?locale.x=en_US يرجى التبليغ عن اي قناة زائف",,22,"People & Blogs",Religion,PT2M44S,164,2d,hd,false,ar,ar,https://i.ytimg.com/vi/A_Q2sBxcfPM/maxresdefault.jpg,1,,,,,297858,21578,,0,1920
265,UCCPQpi9U-iXFWlMSUg_nxTw,"Abdelkader Kharraz",f6PP-QgDoEA,2023-09-02T21:17:50Z,"2023-09-02 21:17:50","الحلقة 278 : الروح عزيزة عند الله3… من القضايا لي خدمناهم… لقاوه فحفرة و شكون مول الفعلة؟… خراز يحكي","هذه هي القناة الرسمية و الوحيدة لعبد القادر خراز Compte Instagrame officiel: https://www.instagram.com/abdelkader.kharraz/?hl=fr contact via email : khazmehdi1@gmail.com support us : https://paypal.me/kharraz729?locale.x=en_US يرجى التبليغ عن اي قناة زائف",,22,"People & Blogs",Religion,PT1H3M25S,205,2d,hd,false,ar,ar,https://i.ytimg.com/vi/f6PP-QgDoEA/maxresdefault.jpg,1,,,,,2331858,36753,,0,1846
266,UCCPQpi9U-iXFWlMSUg_nxTw,"Abdelkader Kharraz",xvPKKyJ7Ir4,2023-08-26T20:55:14Z,"2023-08-26 20:55:14","الحلقة 271 : قوة الضعيف … هادي قصة لي كيتعنى بالصحة شنو وقع ليه… أحداث كثيرة وقعات… خراز يحكي","هذه هي القناة الرسمية و الوحيدة لعبد القادر خراز Compte Instagrame officiel: https://www.instagram.com/abdelkader.kharraz/?hl=fr contact via email : khazmehdi1@gmail.com support us : https://paypal.me/kharraz729?locale.x=en_US يرجى التبليغ عن اي قناة زائف",,22,"People & Blogs",,PT55M40S,3340,2d,hd,false,ar,ar,https://i.ytimg.com/vi/xvPKKyJ7Ir4/maxresdefault.jpg,1,,,,,1428410,31509,,0,2099
267,UCCPQpi9U-iXFWlMSUg_nxTw,"Abdelkader Kharraz",FH8Fcxhl88A,2023-08-19T23:45:59Z,"2023-08-19 23:45:59","الحلقة 270 : و من يصنع المعروف غي غير اهله…. واحدة من اكثر القصص المؤثرة … خراز يحكي","هذه هي القناة الرسمية و الوحيدة لعبد القادر خراز Compte Instagrame officiel: https://www.instagram.com/abdelkader.kharraz/?hl=fr contact via email : khazmehdi1@gmail.com support us : https://paypal.me/kharraz729?locale.x=en_US يرجى التبليغ عن اي قناة زائف",,22,"People & Blogs",Religion,PT1H4M57S,297,2d,hd,false,ar,ar,https://i.ytimg.com/vi/FH8Fcxhl88A/maxresdefault.jpg,1,,,,,2227455,36056,,0,2185
268,UCCPQpi9U-iXFWlMSUg_nxTw,"Abdelkader Kharraz",3JmYI5-Efx8,2023-08-12T21:28:08Z,"2023-08-12 21:28:08","الحلقة 269 : الضسارة الزائدة… عشت تفاصيل هاد القصة و الضسارة الزائدة فين كتوصل… قصة للعبرة.خراز يحكي","هذه هي القناة الرسمية و الوحيدة لعبد القادر خراز Compte Instagrame officiel: https://www.instagram.com/abdelkader.kharraz/?hl=fr contact via email : khazmehdi1@gmail.com support us : https://paypal.me/kharraz729?locale.x=en_US يرجى التبليغ عن اي قناة زائف",,22,"People & Blogs",,PT55M40S,3340,2d,hd,false,ar,ar,https://i.ytimg.com/vi/3JmYI5-Efx8/maxresdefault.jpg,1,,,,,1521657,31911,,0,2318
269,UCCPQpi9U-iXFWlMSUg_nxTw,"Abdelkader Kharraz",Af0nyd1c7PU,2023-08-05T23:16:05Z,"2023-08-05 23:16:05","الحلقة 268 : مصيبة الخمر … قصة تعقدات بزاف و الحل صعيب… خراز يحكي","هذه هي القناة الرسمية و الوحيدة لعبد القادر خراز Compte Instagrame officiel: https://www.instagram.com/abdelkader.kharraz/?hl=fr contact via email : khazmehdi1@gmail.com support us : https://paypal.me/kharraz729?locale.x=en_US يرجى التبليغ عن اي قناة زائف",,22,"People & Blogs",,PT51M13S,3073,2d,hd,false,ar,ar,https://i.ytimg.com/vi/Af0nyd1c7PU/maxresdefault.jpg,1,,,,,1525203,32948,,0,2543
270,UCCPQpi9U-iXFWlMSUg_nxTw,"Abdelkader Kharraz",ii2SSaXZO4g,2023-07-29T21:54:07Z,"2023-07-29 21:54:07","الحلقة 267 : الغايب حجته معاه2 … غاب مدة طويلة حتا بان الحذاء ديالو فبلاصة خالية.. . خراز يحكي","هذه هي القناة الرسمية و الوحيدة لعبد القادر خراز Compte Instagrame officiel: https://www.instagram.com/abdelkader.kharraz/?hl=fr contact via email : khazmehdi1@gmail.com support us : https://paypal.me/kharraz729?locale.x=en_US يرجى التبليغ عن اي قناة زائفة",,22,"People & Blogs",,PT42M40S,2560,2d,hd,false,ar,ar,https://i.ytimg.com/vi/ii2SSaXZO4g/maxresdefault.jpg,1,,,,,986587,25348,,0,1560
271,UCCPQpi9U-iXFWlMSUg_nxTw,"Abdelkader Kharraz",qvVTNuM3WHY,2023-07-22T22:10:15Z,"2023-07-22 22:10:15","الحلقة 266 : خطأ في المعاينة … على غرار قضية التهامي بناني هاد القصص وقعو فيهم اخطاء كبيرة…خراز يحكي","هذه هي القناة الرسمية و الوحيدة لعبد القادر خراز Compte Instagrame officiel: https://www.instagram.com/abdelkader.kharraz/?hl=fr contact via email : khazmehdi1@gmail.com support us : https://paypal.me/kharraz729?locale.x=en_US يرجى التبليغ عن اي قناة زائفة",,22,"People & Blogs",Religion,PT55M5S,3305,2d,hd,false,ar,ar,https://i.ytimg.com/vi/qvVTNuM3WHY/maxresdefault.jpg,1,,,,,1346802,27108,,0,2464
272,UCCPQpi9U-iXFWlMSUg_nxTw,"Abdelkader Kharraz",P8ExfalNOkY,2023-07-15T21:14:19Z,"2023-07-15 21:14:19","الحلقة 265 : لي فراسو فراسو 2 ..عياو معاه و هو مبغاش يتقاد… قصة صعيبة و النهاية اكثر… خراز يحكي","هذه هي القناة الرسمية و الوحيدة لعبد القادر خراز Compte Instagrame officiel: https://www.instagram.com/abdelkader.kharraz/?hl=fr contact via email : khazmehdi1@gmail.com support us : https://paypal.me/kharraz729?locale.x=en_US يرجى التبليغ عن اي قناة زائفة",,22,"People & Blogs",,PT51M35S,3095,2d,hd,false,ar,ar,https://i.ytimg.com/vi/P8ExfalNOkY/maxresdefault.jpg,1,,,,,1188685,28391,,0,2323
273,UCCPQpi9U-iXFWlMSUg_nxTw,"Abdelkader Kharraz",FIc_E2FFfF0,2023-07-08T22:47:29Z,"2023-07-08 22:47:29","الحلقة 264 : ثمن الإهمال… هاد الراجل خلص ثمن الإهمال غالي بزاف… قصة عشتها و عبرة كبيرة… خراز يحكي","هذه هي القناة الرسمية و الوحيدة لعبد القادر خراز Compte Instagrame officiel: https://www.instagram.com/abdelkader.kharraz/?hl=fr contact via email : khazmehdi1@gmail.com support us : https://paypal.me/kharraz729?locale.x=en_US يرجى التبليغ عن اي قناة زائفة",,22,"People & Blogs",,PT49M22S,2962,2d,hd,false,ar,ar,https://i.ytimg.com/vi/FIc_E2FFfF0/maxresdefault.jpg,1,,,,,1369019,29985,,0,1842
274,UCCPQpi9U-iXFWlMSUg_nxTw,"Abdelkader Kharraz",XG7gSX2IwJs,2023-07-05T21:05:24Z,"2023-07-05 21:05:24","الحلقة 263 : خرفان في مهب الريح… نصب بطريقة ذكية و خطيرة.. واحدة من القضايا لي خدمناها… خراز يحكي","هذه هي القناة الرسمية و الوحيدة لعبد القادر خراز Compte Instagrame officiel: https://www.instagram.com/abdelkader.kharraz/?hl=fr contact via email : khazmehdi1@gmail.com support us : https://paypal.me/kharraz729?locale.x=en_US يرجى التبليغ عن اي قناة زائفة",,22,"People & Blogs",Religion,PT40M47S,2447,2d,hd,false,ar,ar,https://i.ytimg.com/vi/XG7gSX2IwJs/maxresdefault.jpg,1,,,,,1097136,25984,,0,1583
275,UCCPQpi9U-iXFWlMSUg_nxTw,"Abdelkader Kharraz",_TekWBEvDcw,2023-06-24T21:20:56Z,"2023-06-24 21:20:56","الحلقة 262 : وَإِن أَكرَمتَ اللَئيمَ تَمَرَّدا… دار فيه الخير و فلخر وجد ليه خطة جهنمية… خراز يحكي","هذه هي القناة الرسمية و الوحيدة لعبد القادر خراز Compte Instagrame officiel: https://www.instagram.com/abdelkader.kharraz/?hl=fr contact via email : khazmehdi1@gmail.com support us : https://paypal.me/kharraz729?locale.x=en_US يرجى التبليغ عن اي قناة زائفة",,22,"People & Blogs",Religion,PT47M36S,2856,2d,hd,false,ar,ar,https://i.ytimg.com/vi/_TekWBEvDcw/maxresdefault.jpg,1,,,,,1250080,26826,,0,1689
276,UCCPQpi9U-iXFWlMSUg_nxTw,"Abdelkader Kharraz",DnScbMAcEz0,2023-06-17T21:54:29Z,"2023-06-17 21:54:29","الحلقة 261 : سخط الوالدين… دار مع واليديه لي مكيدارش … والنهاية اكثر من حزينة… خراز يحكي","هذه هي القناة الرسمية و الوحيدة لعبد القادر خراز Compte Instagrame officiel: https://www.instagram.com/abdelkader.kharraz/?hl=fr contact via email : khazmehdi1@gmail.com support us : https://paypal.me/kharraz729?locale.x=en_US يرجى التبليغ عن اي قناة زائفة",,22,"People & Blogs",Religion,PT51M,3060,2d,hd,false,ar,ar,https://i.ytimg.com/vi/DnScbMAcEz0/maxresdefault.jpg,1,,,,,1328438,29092,,0,1784
277,UCCPQpi9U-iXFWlMSUg_nxTw,"Abdelkader Kharraz",ZUhr_H2_m_o,2023-06-10T21:05:05Z,"2023-06-10 21:05:05","الحلقة 260 : عندما يتسلل الشك …. احداث بزاف و النهاية حتا حد مكيتوقعها …قصة صعيبة… خراز يحكي","هذه هي القناة الرسمية و الوحيدة لعبد القادر خراز Compte Instagrame officiel: https://www.instagram.com/abdelkader.kharraz/?hl=fr contact via email : khazmehdi1@gmail.com support us : https://paypal.me/kharraz729?locale.x=en_US يرجى التبليغ عن اي قناة زائفة",,22,"People & Blogs",,PT1H4M28S,268,2d,hd,false,ar,ar,https://i.ytimg.com/vi/ZUhr_H2_m_o/maxresdefault.jpg,1,,,,,2125222,36746,,0,2082
278,UCCPQpi9U-iXFWlMSUg_nxTw,"Abdelkader Kharraz",nIoloCcJVIc,2023-06-09T17:29:27Z,"2023-06-09 17:29:27","حلقة فريدة من نوعها … خراز يحكي","هذه هي القناة الرسمية و الوحيدة لعبد القادر خراز Compte Instagrame officiel: https://www.instagram.com/abdelkader.kharraz/?hl=fr contact via email : khazmehdi1@gmail.com support us : https://paypal.me/kharraz729?locale.x=en_US يرجى التبليغ عن اي قناة زائفة",,22,"People & Blogs",,PT2M31S,151,2d,hd,false,ar,ar,https://i.ytimg.com/vi/nIoloCcJVIc/maxresdefault.jpg,1,,,,,780947,15854,,0,2316
279,UCCPQpi9U-iXFWlMSUg_nxTw,"Abdelkader Kharraz",KIvCfHdbsOU,2023-06-03T23:55:43Z,"2023-06-03 23:55:43","الحلقة 259 :دار الخير و جاه الباس … قصة عشتها كاملة و النهاية من نوع اخر … قصة مؤثرة… خراز يحكي","هذه هي القناة الرسمية و الوحيدة لعبد القادر خراز Compte Instagrame officiel: https://www.instagram.com/abdelkader.kharraz/?hl=fr contact via email : khazmehdi1@gmail.com support us : https://paypal.me/kharraz729?locale.x=en_US يرجى التبليغ عن اي قناة زائفة",,22,"People & Blogs",Religion,PT43M42S,2622,2d,hd,false,ar,ar,https://i.ytimg.com/vi/KIvCfHdbsOU/maxresdefault.jpg,1,,,,,1437601,31795,,0,2527
280,UCCPQpi9U-iXFWlMSUg_nxTw,"Abdelkader Kharraz",zWY_jgilTVI,2023-05-27T21:48:31Z,"2023-05-27 21:48:31","الحلقة 258 : غدار في قلب الدار …. قضية صعيبة و سبابها الثقة … خراز يحكي","هذه هي القناة الرسمية و الوحيدة لعبد القادر خراز Compte Instagrame officiel: https://www.instagram.com/abdelkader.kharraz/?hl=fr contact via email : khazmehdi1@gmail.com support us : https://paypal.me/kharraz729?locale.x=en_US يرجى التبليغ عن اي قناة زائفة",,22,"People & Blogs",,PT40M34S,2434,2d,hd,false,ar,ar,https://i.ytimg.com/vi/zWY_jgilTVI/maxresdefault.jpg,1,,,,,1474994,31591,,0,1526
281,UCCPQpi9U-iXFWlMSUg_nxTw,"Abdelkader Kharraz",VV64b58dYh8,2023-05-20T21:01:00Z,"2023-05-20 21:01:00","الحلقة 257 : كان بينهم شيطان …. دخل بيناتهم بخيط كحل و شنو وقع؟… خراز يحكي","هذه هي القناة الرسمية و الوحيدة لعبد القادر خراز Compte Instagrame officiel: https://www.instagram.com/abdelkader.kharraz/?hl=fr contact via email : khazmehdi1@gmail.com support us : https://paypal.me/kharraz729?locale.x=en_US يرجى التبليغ عن اي قناة زائفة",,22,"People & Blogs",Religion,PT34M7S,2047,2d,hd,false,ar,ar,https://i.ytimg.com/vi/VV64b58dYh8/maxresdefault.jpg,1,,,,,989865,25969,,0,1350
282,UCCPQpi9U-iXFWlMSUg_nxTw,"Abdelkader Kharraz",ZvnuG1lRkkM,2023-05-13T21:03:59Z,"2023-05-13 21:03:59","الحلقة 257 : اتق شر من احسنت اليه….. دار فيه الخير و شوف باش رجع عليه … قصة للعبرة … خراز يحكي","هذه هي القناة الرسمية و الوحيدة لعبد القادر خراز Compte Instagrame officiel: https://www.instagram.com/abdelkader.kharraz/?hl=fr contact via email : khazmehdi1@gmail.com support us : https://paypal.me/kharraz729?locale.x=en_US يرجى التبليغ عن اي قناة زائفة",,22,"People & Blogs",Religion,PT41M4S,2464,2d,hd,false,ar,ar,https://i.ytimg.com/vi/ZvnuG1lRkkM/maxresdefault.jpg,1,,,,,1060979,25601,,0,1244
283,UCCPQpi9U-iXFWlMSUg_nxTw,"Abdelkader Kharraz",LIFJZ2eVPkE,2023-05-06T20:28:24Z,"2023-05-06 20:28:24","الحلقة 256:المنافسة الغير الشريفة … هنا فين كيبان المثل ديال خوك ف الحرفة عدوك… خراز يحكي","هذه هي القناة الرسمية و الوحيدة لعبد القادر خراز Compte Instagrame officiel: https://www.instagram.com/abdelkader.kharraz/?hl=fr contact via email : khazmehdi1@gmail.com support us : https://paypal.me/kharraz729?locale.x=en_US يرجى التبليغ عن اي قناة زائفة",,22,"People & Blogs",Religion,PT53M16S,3196,2d,hd,false,ar,ar,https://i.ytimg.com/vi/LIFJZ2eVPkE/maxresdefault.jpg,1,,,,,1262487,27230,,0,1593
284,UCCPQpi9U-iXFWlMSUg_nxTw,"Abdelkader Kharraz",LXBOa4or_dM,2023-04-29T22:43:45Z,"2023-04-29 22:43:45","الحلقة 255 : الصداقة السامة… هاد الصحابات الحقد و لغدر فين وصل بيهم… خراز يحكي","هذه هي القناة الرسمية و الوحيدة لعبد القادر خراز Compte Instagrame officiel: https://www.instagram.com/abdelkader.kharraz/?hl=fr contact via email : khazmehdi1@gmail.com support us : https://paypal.me/kharraz729?locale.x=en_US يرجى التبليغ عن اي قناة زائفة",,22,"People & Blogs",Religion,PT35M57S,2157,2d,hd,false,ar,ar,https://i.ytimg.com/vi/LXBOa4or_dM/maxresdefault.jpg,1,,,,,1354140,35479,,0,1751
285,UCCPQpi9U-iXFWlMSUg_nxTw,"Abdelkader Kharraz",g4gPSS4zke4,2023-04-22T21:58:26Z,"2023-04-22 21:58:26","حلقة العيد: عيد مبارك سعيد… قصص و مستملحات مع خراز … عيدكم مع خراز","هذه هي القناة الرسمية و الوحيدة لعبد القادر خراز Compte Instagrame officiel: https://www.instagram.com/abdelkader.kharraz/?hl=fr contact via email : khazmehdi1@gmail.com support us : https://paypal.me/kharraz729?locale.x=en_US يرجى التبليغ عن اي قناة زائفة",,22,"People & Blogs",Religion,PT46M3S,2763,2d,hd,false,ar,ar,https://i.ytimg.com/vi/g4gPSS4zke4/maxresdefault.jpg,1,,,,,929725,25808,,0,2061
286,UCCPQpi9U-iXFWlMSUg_nxTw,"Abdelkader Kharraz",DbwqnhAnmgs,2023-04-21T22:30:51Z,"2023-04-21 22:30:51","الحلقة 30 : حدود الصحبة… الصداقة جمعاتهم و شكون فرقهم؟… رمضان مع خراز","هذه هي القناة الرسمية و الوحيدة لعبد القادر خراز Compte Instagrame officiel: https://www.instagram.com/abdelkader.kharraz/?hl=fr contact via email : khazmehdi1@gmail.com support us : https://paypal.me/kharraz729?locale.x=en_US يرجى التبليغ عن اي قناة زائفة",,22,"People & Blogs",Religion,PT30M44S,1844,2d,hd,false,ar,ar,https://i.ytimg.com/vi/DbwqnhAnmgs/maxresdefault.jpg,1,,,,,847425,21215,,0,745
287,UCCPQpi9U-iXFWlMSUg_nxTw,"Abdelkader Kharraz",1OmbGkEbIPE,2023-04-20T23:29:00Z,"2023-04-20 23:29:00","الحلقة 29 : حنة بلا محنة… شنو السبب لي خلاها دير هادشي كامل… رمضان مع خراز","هذه هي القناة الرسمية و الوحيدة لعبد القادر خراز Compte Instagrame officiel: https://www.instagram.com/abdelkader.kharraz/?hl=fr contact via email : khazmehdi1@gmail.com support us : https://paypal.me/kharraz729?locale.x=en_US يرجى التبليغ عن اي قناة زائفة",,22,"People & Blogs",,PT30M4S,1804,2d,hd,false,ar,ar,https://i.ytimg.com/vi/1OmbGkEbIPE/maxresdefault.jpg,1,,,,,711764,20683,,0,866
288,UCCPQpi9U-iXFWlMSUg_nxTw,"Abdelkader Kharraz",IKbhIBAlgaE,2023-04-19T22:50:01Z,"2023-04-19 22:50:01","الحلقة 28 : حتى فات الفوت…. تاق فيها و دار كلشي على وديتها و فالاخير ؟… نهاية صعيبة… رمضان مع خراز","هذه هي القناة الرسمية و الوحيدة لعبد القادر خراز Compte Instagrame officiel: https://www.instagram.com/abdelkader.kharraz/?hl=fr contact via email : khazmehdi1@gmail.com support us : https://paypal.me/kharraz729?locale.x=en_US يرجى التبليغ عن اي قناة زائفة",,22,"People & Blogs",Religion,PT44M36S,2676,2d,hd,false,ar,ar,https://i.ytimg.com/vi/IKbhIBAlgaE/maxresdefault.jpg,1,,,,,1104139,26387,,0,1826
289,UCCPQpi9U-iXFWlMSUg_nxTw,"Abdelkader Kharraz",II80Ms2jqNg,2023-04-18T21:35:21Z,"2023-04-18 21:35:21","الحلقة 27 : قسمة الإرث… رجع مورا مدة و بغا يقسم الورث حتى وقعات الكارثة لي متوقعهاش… رمضان مع خراز","هذه هي القناة الرسمية و الوحيدة لعبد القادر خراز Compte Instagrame officiel: https://www.instagram.com/abdelkader.kharraz/?hl=fr contact via email : khazmehdi1@gmail.com support us : https://paypal.me/kharraz729?locale.x=en_US يرجى التبليغ عن اي قناة زائفة",,22,"People & Blogs",Religion,PT30M5S,1805,2d,hd,false,ar,ar,https://i.ytimg.com/vi/II80Ms2jqNg/maxresdefault.jpg,1,,,,,710485,20909,,0,1660
290,UCCPQpi9U-iXFWlMSUg_nxTw,"Abdelkader Kharraz",TAn9xJUejj0,2023-04-16T22:16:29Z,"2023-04-16 22:16:29","الحلقة 25 : بولوحوش … حقيقة واحدة من اشهر القضايا … رمضان مع خراز","نبذة عن حياة السيد بناصر احوجيل ولد بناصر احوجيل سنة 1947 باَيت صالح ــ ايموزار كندر تابع دراسته الابتدائية و الثانوية بكل من عين الشكاك ، و فاس ( بثانوية مولاي ادريس ) التي حصل منها على سنة 1970 ؛ ثم تابع دراسته الجامعية بكلية الحقوق و بمعهد تكوين الاطر التربوية بالرباط ، تةرج منها استاذا سنة 1986. شغل احوجيل منصب الحراسة العامة بالمركز التربوي الجهوي ، و بالمدرسة العليا للاساتذة بنفس المدينة ، ليتسلم بها مهام الكتابة العامة الانشطة الاجتماعية و السياسية : رئيس الجماعة القروية لايت السبع ايموزار كندر منذ الولاية الاولى من التجربة الديموقراطية ، اي منذ 1977 الى اليوم ، باستثناء الولاية الثالثة (1996.1992) التي شارك فيها بصفة مستشار فقط ، ليعود الى الرئاسة من جديد سنة 1997 . .رئيس دوان وزير النقل سابقا (1977 . 1983 )--- .عضو المجلس الوطني للحركة الشعبية سابقا (1975 . 1980)--- .رئيس اجمعية الثقافية للشبيبة المغربية سابقا ( 1973.1971)--- .رئيس جمعية قدماء تلاميذ ايموزار كندر سابقا ( 1978 . 1990 )---",,22,"People & Blogs",Religion,PT1H1M1S,61,2d,hd,false,ar,ar,https://i.ytimg.com/vi/TAn9xJUejj0/maxresdefault.jpg,1,,,,,2057036,41930,,0,3205
291,UCCPQpi9U-iXFWlMSUg_nxTw,"Abdelkader Kharraz",eoGOWAl33k0,2023-04-15T22:42:40Z,"2023-04-15 22:42:40","الحلقة 24 : العودة السريعة… لقاو هاد البنت فواحد الحالة خطيرة و شكون سبابها … رمضان مع خراز","هذه هي القناة الرسمية و الوحيدة لعبد القادر خراز Compte Instagrame officiel: https://www.instagram.com/abdelkader.kharraz/?hl=fr contact via email : khazmehdi1@gmail.com support us : https://paypal.me/kharraz729?locale.x=en_US يرجى التبليغ عن اي قناة زائفة",,22,"People & Blogs",Religion,PT36M55S,2215,2d,hd,false,ar,ar,https://i.ytimg.com/vi/eoGOWAl33k0/maxresdefault.jpg,1,,,,,858471,23475,,0,1200
292,UCCPQpi9U-iXFWlMSUg_nxTw,"Abdelkader Kharraz",hzwOQIrnxeU,2023-04-14T22:39:19Z,"2023-04-14 22:39:19","الحلقة 23 : الربيب 2 ….. وقعات ليه احداث خايبة بزاف و كيفاش عاقو بشكون الفاعل….رمضان مع خراز","هذه هي القناة الرسمية و الوحيدة لعبد القادر خراز Compte Instagrame officiel: https://www.instagram.com/abdelkader.kharraz/?hl=fr contact via email : khazmehdi1@gmail.com support us : https://paypal.me/kharraz729?locale.x=en_US يرجى التبليغ عن اي قناة زائفة",,22,"People & Blogs",Religion,PT33M9S,1989,2d,hd,false,ar,ar,https://i.ytimg.com/vi/hzwOQIrnxeU/maxresdefault.jpg,1,,,,,727587,21513,,0,1059
293,UCCPQpi9U-iXFWlMSUg_nxTw,"Abdelkader Kharraz",K-jS7sZXTSw,2023-04-13T22:10:41Z,"2023-04-13 22:10:41","الحلقة 22 : انا او لا احد… هاد القصة المؤثرة بزاف رجعات اسطورة فين وقعات… رمضان مع خراز","هذه هي القناة الرسمية و الوحيدة لعبد القادر خراز Compte Instagrame officiel: https://www.instagram.com/abdelkader.kharraz/?hl=fr contact via email : khazmehdi1@gmail.com support us : https://paypal.me/kharraz729?locale.x=en_US يرجى التبليغ عن اي قناة زائفة",,22,"People & Blogs",Religion,PT43M17S,2597,2d,hd,false,ar,ar,https://i.ytimg.com/vi/K-jS7sZXTSw/maxresdefault.jpg,1,,,,,1043740,25945,,0,1590
294,UCCPQpi9U-iXFWlMSUg_nxTw,"Abdelkader Kharraz",hsuaE1d5MKM,2023-04-12T22:37:08Z,"2023-04-12 22:37:08","الحلقة 21 : التزوير و استعماله… كيفاش زعمو يزورو هاد الورقة و كيفاش حصلو… رمضان مع خراز","هذه هي القناة الرسمية و الوحيدة لعبد القادر خراز Compte Instagrame officiel: https://www.instagram.com/abdelkader.kharraz/?hl=fr contact via email : khazmehdi1@gmail.com support us : https://paypal.me/kharraz729?locale.x=en_US يرجى التبليغ عن اي قناة زائفة",,22,"People & Blogs",Religion,PT29M15S,1755,2d,hd,false,ar,ar,https://i.ytimg.com/vi/hsuaE1d5MKM/maxresdefault.jpg,1,,,,,596597,17846,,0,1034
295,UCCPQpi9U-iXFWlMSUg_nxTw,"Abdelkader Kharraz",SyUI0cbAdLQ,2023-04-11T21:41:13Z,"2023-04-11 21:41:13","الحلقة 20 : عودة مفقود… قصة مؤثرة بزاف لحياة هاد البنت و النهاية قلبات كلشي…. رمضان مع خراز","هذه هي القناة الرسمية و الوحيدة لعبد القادر خراز Compte Instagrame officiel: https://www.instagram.com/abdelkader.kharraz/?hl=fr contact via email : khazmehdi1@gmail.com support us : https://paypal.me/kharraz729?locale.x=en_US يرجى التبليغ عن اي قناة زائفة",,22,"People & Blogs",Religion,PT39M40S,2380,2d,hd,false,ar,ar,https://i.ytimg.com/vi/SyUI0cbAdLQ/maxresdefault.jpg,1,,,,,775287,25060,,0,1439
296,UCCPQpi9U-iXFWlMSUg_nxTw,"Abdelkader Kharraz",NOWnB9O-3Ls,2023-04-10T22:29:40Z,"2023-04-10 22:29:40","الحلقة 19 : الغريق … قصة صعيبة وقعات لهاد الولد و النهاية مؤثرة جدًا !… رمضان مع خراز","هذه هي القناة الرسمية و الوحيدة لعبد القادر خراز Compte Instagrame officiel: https://www.instagram.com/abdelkader.kharraz/?hl=fr contact via email : khazmehdi1@gmail.com support us : https://paypal.me/kharraz729?locale.x=en_US يرجى التبليغ عن اي قناة زائفة",,22,"People & Blogs",Religion,PT35M54S,2154,2d,hd,false,ar,ar,https://i.ytimg.com/vi/NOWnB9O-3Ls/maxresdefault.jpg,1,,,,,648543,21913,,0,1928
297,UCCPQpi9U-iXFWlMSUg_nxTw,"Abdelkader Kharraz",f_fRVm0ojBY,2023-04-09T22:16:47Z,"2023-04-09 22:16:47","الحلقة 18 : عاقبة الشعوذة… طريق الشعوذة و المشعوذين فين كتوصل… رمضان مع خراز","هذه هي القناة الرسمية و الوحيدة لعبد القادر خراز Compte Instagrame officiel: https://www.instagram.com/abdelkader.kharraz/?hl=fr contact via email : khazmehdi1@gmail.com support us : https://paypal.me/kharraz729?locale.x=en_US يرجى التبليغ عن اي قناة زائفة",,22,"People & Blogs",Religion,PT39M10S,2350,2d,hd,false,ar,ar,https://i.ytimg.com/vi/f_fRVm0ojBY/maxresdefault.jpg,1,,,,,915446,25911,,0,1918
298,UCCPQpi9U-iXFWlMSUg_nxTw,"Abdelkader Kharraz",RmbTN73zVeo,2023-04-08T22:27:04Z,"2023-04-08 22:27:04","الحلقة 17 : سلطان باليما… جوج قصص فيهم بحث طويل و طرق نصب غريبة جدًا …رمضان مع خراز","هذه هي القناة الرسمية و الوحيدة لعبد القادر خراز Compte Instagrame officiel: https://www.instagram.com/abdelkader.kharraz/?hl=fr contact via email : khazmehdi1@gmail.com support us : https://paypal.me/kharraz729?locale.x=en_US يرجى التبليغ عن اي قناة زائفة",,22,"People & Blogs",Religion,PT38M17S,2297,2d,hd,false,ar,ar,https://i.ytimg.com/vi/RmbTN73zVeo/maxresdefault.jpg,1,,,,,935735,23819,,0,1611
299,UCCPQpi9U-iXFWlMSUg_nxTw,"Abdelkader Kharraz",Mkux-lDoLhs,2023-04-07T21:57:22Z,"2023-04-07 21:57:22","الحلقة 16 : زواج الغفلة… تزوجاتو و حتى داز الوقت و عاد بان على حقيقتو…رمضان مع خراز","هذه هي القناة الرسمية و الوحيدة لعبد القادر خراز Compte Instagrame officiel: https://www.instagram.com/abdelkader.kharraz/?hl=fr contact via email : khazmehdi1@gmail.com support us : https://paypal.me/kharraz729?locale.x=en_US يرجى التبليغ عن اي قناة زائفة",,22,"People & Blogs",Religion,PT41M26S,2486,2d,hd,false,ar,ar,https://i.ytimg.com/vi/Mkux-lDoLhs/maxresdefault.jpg,1,,,,,869294,25808,,0,1710
300,UCCPQpi9U-iXFWlMSUg_nxTw,"Abdelkader Kharraz",IkaWnUA8rYM,2023-04-06T22:37:00Z,"2023-04-06 22:37:00","الحلقة 15 : المكر … هاد القصة كيبان فيها المكر في ابهى حلة… رمضان مع خراز","هذه هي القناة الرسمية و الوحيدة لعبد القادر خراز Compte Instagrame officiel: https://www.instagram.com/abdelkader.kharraz/?hl=fr contact via email : khazmehdi1@gmail.com support us : https://paypal.me/kharraz729?locale.x=en_US يرجى التبليغ عن اي قناة زائفة",,22,"People & Blogs",Religion,PT37M1S,2221,2d,hd,false,ar,ar,https://i.ytimg.com/vi/IkaWnUA8rYM/maxresdefault.jpg,1,,,,,834561,23798,,0,1526
301,UCCPQpi9U-iXFWlMSUg_nxTw,"Abdelkader Kharraz",ajv40MYg5xM,2023-04-05T21:21:06Z,"2023-04-05 21:21:06","الحلقة 14: الشاهد الوحيد… الشاهد الوحيد لي شاف هاد القضية و شنو دار من مورا ما وقعات…رمضان مع خراز","هذه هي القناة الرسمية و الوحيدة لعبد القادر خراز Compte Instagrame officiel: https://www.instagram.com/abdelkader.kharraz/?hl=fr contact via email : khazmehdi1@gmail.com support us : https://paypal.me/kharraz729?locale.x=en_US يرجى التبليغ عن اي قناة زائفة",,22,"People & Blogs",Religion,PT34M24S,2064,2d,hd,false,ar,ar,https://i.ytimg.com/vi/ajv40MYg5xM/maxresdefault.jpg,1,,,,,910748,24872,,0,1372
302,UCCPQpi9U-iXFWlMSUg_nxTw,"Abdelkader Kharraz",zaPjBbTxaws,2023-04-04T21:11:56Z,"2023-04-04 21:11:56","الحلقة 13 : بوليسي ولكن … حتى واحد متوقع شكون مول الفعلة … رمضان مع خراز","هذه هي القناة الرسمية و الوحيدة لعبد القادر خراز Compte Instagrame officiel: https://www.instagram.com/abdelkader.kharraz/?hl=fr contact via email : khazmehdi1@gmail.com support us : https://paypal.me/kharraz729?locale.x=en_US يرجى التبليغ عن اي قناة زائفة",,22,"People & Blogs",,PT34M22S,2062,2d,hd,false,ar,ar,https://i.ytimg.com/vi/zaPjBbTxaws/maxresdefault.jpg,1,,,,,752625,22359,,0,1196
303,UCCPQpi9U-iXFWlMSUg_nxTw,"Abdelkader Kharraz",ppCk6OptGd8,2023-04-03T21:40:57Z,"2023-04-03 21:40:57","الحلقة 12 : الباطل … كيفاش حتى نزل عليه الباطل وكان غادي لسجن حتى بان الحق فالاخير… رمضان مع خراز","هذه هي القناة الرسمية و الوحيدة لعبد القادر خراز Compte Instagrame officiel: https://www.instagram.com/abdelkader.kharraz/?hl=fr contact via email : khazmehdi1@gmail.com support us : https://paypal.me/kharraz729?locale.x=en_US يرجى التبليغ عن اي قناة زائفة",,22,"People & Blogs",Religion,PT47M51S,2871,2d,hd,false,ar,ar,https://i.ytimg.com/vi/ppCk6OptGd8/maxresdefault.jpg,1,,,,,997702,26350,,0,1912
304,UCCPQpi9U-iXFWlMSUg_nxTw,"Abdelkader Kharraz",ydi-H1iVSyY,2023-04-02T21:48:24Z,"2023-04-02 21:48:24","الحلقة 11 : اسرار مدفونة … قضايا غامضة بزاف حتى واحد معرف الحل… هاد القضية عشتها… رمضان مع خراز","هذه هي القناة الرسمية و الوحيدة لعبد القادر خراز Compte Instagrame officiel: https://www.instagram.com/abdelkader.kharraz/?hl=fr contact via email : khazmehdi1@gmail.com support us : https://paypal.me/kharraz729?locale.x=en_US يرجى التبليغ عن اي قناة زائفة",,22,"People & Blogs",,PT50M5S,3005,2d,hd,false,ar,ar,https://i.ytimg.com/vi/ydi-H1iVSyY/maxresdefault.jpg,1,,,,,1044569,26496,,0,1912
305,UCCPQpi9U-iXFWlMSUg_nxTw,"Abdelkader Kharraz",7M-QnfVhldE,2023-04-01T21:35:08Z,"2023-04-01 21:35:08","الحلقة 10 : مكالمة هاتفية… كيفاش من مكالمة عادية ولا متورط فقضية كبيرة… قصة للعبرة.. رمضان مع خراز","هذه هي القناة الرسمية و الوحيدة لعبد القادر خراز Compte Instagrame officiel: https://www.instagram.com/abdelkader.kharraz/?hl=fr contact via email : khazmehdi1@gmail.com support us : https://paypal.me/kharraz729?locale.x=en_US يرجى التبليغ عن اي قناة زائفة",,22,"People & Blogs",Religion,PT36M53S,2213,2d,hd,false,ar,ar,https://i.ytimg.com/vi/7M-QnfVhldE/maxresdefault.jpg,1,,,,,1421816,30746,,0,1747
306,UCCPQpi9U-iXFWlMSUg_nxTw,"Abdelkader Kharraz",0zohBskuYA4,2023-03-31T21:52:56Z,"2023-03-31 21:52:56","الحلقة 9 : قمة الخبث …. هاد القصة وصل فيها الخبث الى اقصى الدرجات… رمضان مع خراز","هذه هي القناة الرسمية و الوحيدة لعبد القادر خراز Compte Instagrame officiel: https://www.instagram.com/abdelkader.kharraz/?hl=fr contact via email : khazmehdi1@gmail.com support us : https://paypal.me/kharraz729?locale.x=en_US يرجى التبليغ عن اي قناة زائفة",,22,"People & Blogs",Religion,PT43M26S,2606,2d,hd,false,ar,ar,https://i.ytimg.com/vi/0zohBskuYA4/maxresdefault.jpg,1,,,,,1024359,28730,,0,1491
307,UCCPQpi9U-iXFWlMSUg_nxTw,"Abdelkader Kharraz",kyH9slkQJ8s,2023-03-30T21:56:50Z,"2023-03-30 21:56:50","الحلقة 8 : الحصلة … حصلها راجلها و شنو وقع من بعد .. من القضايا لي خدمناهم … رمضان مع خراز","هذه هي القناة الرسمية و الوحيدة لعبد القادر خراز Compte Instagrame officiel: https://www.instagram.com/abdelkader.kharraz/?hl=fr contact via email : khazmehdi1@gmail.com support us : https://paypal.me/kharraz729?locale.x=en_US يرجى التبليغ عن اي قناة زائفة",,22,"People & Blogs",Religion,PT45M7S,2707,2d,hd,false,ar,ar,https://i.ytimg.com/vi/kyH9slkQJ8s/maxresdefault.jpg,1,,,,,1553905,32488,,0,1582
308,UCCPQpi9U-iXFWlMSUg_nxTw,"Abdelkader Kharraz",MQlEo6W1Eds,2023-03-29T21:32:11Z,"2023-03-29 21:32:11","الحلقة 7 : جرائم القطار… من اشهر انواع السرقات في وقتها … رمضان مع خراز","هذه هي القناة الرسمية و الوحيدة لعبد القادر خراز Compte Instagrame officiel: https://www.instagram.com/abdelkader.kharraz/?hl=fr contact via email : khazmehdi1@gmail.com support us : https://paypal.me/kharraz729?locale.x=en_US يرجى التبليغ عن اي قناة زائفة",,22,"People & Blogs",Religion,PT28M46S,1726,2d,hd,false,ar,ar,https://i.ytimg.com/vi/MQlEo6W1Eds/maxresdefault.jpg,1,,,,,646272,22125,,0,1195
309,UCCPQpi9U-iXFWlMSUg_nxTw,"Abdelkader Kharraz",T53c5dYIWMo,2023-03-28T21:30:13Z,"2023-03-28 21:30:13","الحلقة 6 : الحرب العائلية… كيفاش بدات من والو و سالات بفاجعة كبيرة … رمضان مع خراز","هذه هي القناة الرسمية و الوحيدة لعبد القادر خراز Compte Instagrame officiel: https://www.instagram.com/abdelkader.kharraz/?hl=fr contact via email : khazmehdi1@gmail.com support us : https://paypal.me/kharraz729?locale.x=en_US يرجى التبليغ عن اي قناة زائفة",,22,"People & Blogs",Religion,PT36M5S,2165,2d,hd,false,ar,ar,https://i.ytimg.com/vi/T53c5dYIWMo/maxresdefault.jpg,1,,,,,774205,23067,,0,966
310,UCCPQpi9U-iXFWlMSUg_nxTw,"Abdelkader Kharraz",Ffzh0bZNN1U,2023-03-27T21:24:10Z,"2023-03-27 21:24:10","الحلقة 5 : النية و قلة النية …. قالوها ناس زمان النية و قلة النية مكيتلاقاوش…رمضان مع خراز","هذه هي القناة الرسمية و الوحيدة لعبد القادر خراز Compte Instagrame officiel: https://www.instagram.com/abdelkader.kharraz/?hl=fr contact via email : khazmehdi1@gmail.com support us : https://paypal.me/kharraz729?locale.x=en_US يرجى التبليغ عن اي قناة زائفة",,22,"People & Blogs",Religion,PT40M41S,2441,2d,hd,false,ar,ar,https://i.ytimg.com/vi/Ffzh0bZNN1U/maxresdefault.jpg,1,,,,,941948,25349,,0,1418
311,UCCPQpi9U-iXFWlMSUg_nxTw,"Abdelkader Kharraz",G-HdDV7WWQ8,2023-03-26T21:24:44Z,"2023-03-26 21:24:44","الحلقة 4 : صحاب الكنز … جبدو الكنز من تحت الارض و شافو بعينيه ولكن الحقيقة حاجة اخرى… رمضان مع خراز","هذه هي القناة الرسمية و الوحيدة لعبد القادر خراز Compte Instagrame officiel: https://www.instagram.com/abdelkader.kharraz/?hl=fr contact via email : khazmehdi1@gmail.com support us : https://paypal.me/kharraz729?locale.x=en_US يرجى التبليغ عن اي قناة زائفة",,22,"People & Blogs",Religion,PT41M23S,2483,2d,hd,false,ar,ar,https://i.ytimg.com/vi/G-HdDV7WWQ8/maxresdefault.jpg,1,,,,,854785,24386,,0,1148
312,UCCPQpi9U-iXFWlMSUg_nxTw,"Abdelkader Kharraz",nmjkAektO3E,2023-03-25T23:55:31Z,"2023-03-25 23:55:31","الحلقة 3 : من اجل سكن وظيفي… بنت غبرات و فاش قلبو عليها لقاو كارثة واقعة… رمضان مع خراز","هذه هي القناة الرسمية و الوحيدة لعبد القادر خراز Compte Instagrame officiel: https://www.instagram.com/abdelkader.kharraz/?hl=fr contact via email : khazmehdi1@gmail.com support us : https://paypal.me/kharraz729?locale.x=en_US يرجى التبليغ عن اي قناة زائفة",,22,"People & Blogs",Religion,PT29M29S,1769,2d,hd,false,ar,ar,https://i.ytimg.com/vi/nmjkAektO3E/maxresdefault.jpg,1,,,,,708132,22954,,0,1282
313,UCCPQpi9U-iXFWlMSUg_nxTw,"Abdelkader Kharraz",7zPuK0W9Y0Y,2023-03-24T21:02:16Z,"2023-03-24 21:02:16","الحلقة 2 : الماضي ابداً لم يمت … الماضي ديال هاد البنت حطم ليها حياتها…رمضان مع خراز","هذه هي القناة الرسمية و الوحيدة لعبد القادر خراز Compte Instagrame officiel: https://www.instagram.com/abdelkader.kharraz/?hl=fr contact via email : khazmehdi1@gmail.com support us : https://paypal.me/kharraz729?locale.x=en_US يرجى التبليغ عن اي قناة زائفة",,22,"People & Blogs",Religion,PT37M19S,2239,2d,hd,false,ar,ar,https://i.ytimg.com/vi/7zPuK0W9Y0Y/maxresdefault.jpg,1,,,,,826834,27685,,0,1654
314,UCCPQpi9U-iXFWlMSUg_nxTw,"Abdelkader Kharraz",mJiS88MbqXs,2023-03-23T21:04:18Z,"2023-03-23 21:04:18","الحلقة 1 : انتحال شخصية …كيفاش طاحة عليهم الفكرة و بغاو ينصبو بيها …رمضان مع خراز","هذه هي القناة الرسمية و الوحيدة لعبد القادر خراز Compte Instagrame officiel: https://www.instagram.com/abdelkader.kharraz/?hl=fr contact via email : khazmehdi1@gmail.com support us : https://paypal.me/kharraz729?locale.x=en_US يرجى التبليغ عن اي قناة زائفة",,22,"People & Blogs",Religion,PT39M11S,2351,2d,hd,false,ar,ar,https://i.ytimg.com/vi/mJiS88MbqXs/maxresdefault.jpg,1,,,,,886427,33679,,0,2281
315,UCCPQpi9U-iXFWlMSUg_nxTw,"Abdelkader Kharraz",Z5qioRwWns4,2023-03-18T20:45:16Z,"2023-03-18 20:45:16","الحلقة 254 : زوجتك نفسي … دوزات العذاب مورا هاد زواج و كيفاش سالا كلشي … خراز يحكي","هذه هي القناة الرسمية و الوحيدة لعبد القادر خراز Compte Instagrame officiel: https://www.instagram.com/abdelkader.kharraz/?hl=fr contact via email : khazmehdi1@gmail.com support us : https://paypal.me/kharraz729?locale.x=en_US يرجى التبليغ عن اي قناة زائفة",,22,"People & Blogs",,PT39M29S,2369,2d,hd,false,ar,ar,https://i.ytimg.com/vi/Z5qioRwWns4/maxresdefault.jpg,1,,,,,989939,26993,,0,1632
316,UCCPQpi9U-iXFWlMSUg_nxTw,"Abdelkader Kharraz",vF2xMSNZjDo,2023-03-15T19:23:20Z,"2023-03-15 19:23:20","الحلقة 253 : منعطف حياة… كيفاش حياتو تقلبات فثواني معدودة…قضية صعيبة…خراز يحكي","هذه هي القناة الرسمية و الوحيدة لعبد القادر خراز Compte Instagrame officiel: https://www.instagram.com/abdelkader.kharraz/?hl=fr contact via email : khazmehdi1@gmail.com support us : https://paypal.me/kharraz729?locale.x=en_US يرجى التبليغ عن اي قناة زائفة",,22,"People & Blogs",,PT33M52S,2032,2d,hd,false,ar,ar,https://i.ytimg.com/vi/vF2xMSNZjDo/maxresdefault.jpg,1,,,,,1166882,28902,,0,1591
317,UCCPQpi9U-iXFWlMSUg_nxTw,"Abdelkader Kharraz",6kToCYJrrX4,2023-03-11T21:04:28Z,"2023-03-11 21:04:28","الحلقة 252 : الغربة و الاغتراب … الغربة في غير الوطن و الاغتراب في وسط عائلته.. خراز يحكي","هذه هي القناة الرسمية و الوحيدة لعبد القادر خراز Compte Instagrame officiel: https://www.instagram.com/abdelkader.kharraz/?hl=fr contact via email : khazmehdi1@gmail.com support us : https://paypal.me/kharraz729?locale.x=en_US يرجى التبليغ عن اي قناة زائفة",,22,"People & Blogs",Society,PT38M25S,2305,2d,hd,false,ar,ar,https://i.ytimg.com/vi/6kToCYJrrX4/maxresdefault.jpg,1,,,,,994093,27065,,0,2354
318,UCCPQpi9U-iXFWlMSUg_nxTw,"Abdelkader Kharraz",qBNuWo_uBBY,2023-03-08T19:54:27Z,"2023-03-08 19:54:27","الحلقة 251 : القرقوبي…. قصة فيها عبرة كبيرة …كيفاش تشتات عائلة كاملة…خراز يحكي","هذه هي القناة الرسمية و الوحيدة لعبد القادر خراز Compte Instagrame officiel: https://www.instagram.com/abdelkader.kharraz/?hl=fr contact via email : khazmehdi1@gmail.com support us : https://paypal.me/kharraz729?locale.x=en_US يرجى التبليغ عن اي قناة زائفة",,22,"People & Blogs",,PT39M16S,2356,2d,hd,false,ar,ar,https://i.ytimg.com/vi/qBNuWo_uBBY/maxresdefault.jpg,1,,,,,1253870,29802,,0,1521
319,UCCPQpi9U-iXFWlMSUg_nxTw,"Abdelkader Kharraz",HvxRft17Lfg,2023-03-04T19:34:35Z,"2023-03-04 19:34:35","الحلقة 250 : تجارة الليل…. قصة غريبة على الحياة ديال هاد الفتاة و كيفاش سالات…خراز يحكي","هذه هي القناة الرسمية و الوحيدة لعبد القادر خراز Compte Instagrame officiel: https://www.instagram.com/abdelkader.kharraz/?hl=fr contact via email : khazmehdi1@gmail.com support us : https://paypal.me/kharraz729?locale.x=en_US يرجى التبليغ عن اي قناة زائفة",,22,"People & Blogs",,PT44M46S,2686,2d,hd,false,ar,ar,https://i.ytimg.com/vi/HvxRft17Lfg/maxresdefault.jpg,1,,,,,2069837,39616,,0,1673
320,UCCPQpi9U-iXFWlMSUg_nxTw,"Abdelkader Kharraz",J0Pm6wat0MY,2023-03-01T19:35:52Z,"2023-03-01 19:35:52","الحلقة 249 : حيلة سيارة للبيع… من اذكى الحيل لسرقة السيارات…رد بالك …خراز يحكي","هذه هي القناة الرسمية و الوحيدة لعبد القادر خراز Compte Instagrame officiel: https://www.instagram.com/abdelkader.kharraz/?hl=fr contact via email : khazmehdi1@gmail.com support us : https://paypal.me/kharraz729?locale.x=en_US يرجى التبليغ عن اي قناة زائفة",,22,"People & Blogs",,PT39M7S,2347,2d,hd,false,ar,ar,https://i.ytimg.com/vi/J0Pm6wat0MY/maxresdefault.jpg,1,,,,,956385,27257,,0,1288
321,UCCPQpi9U-iXFWlMSUg_nxTw,"Abdelkader Kharraz",F7u8FFAliHg,2023-02-25T19:00:22Z,"2023-02-25 19:00:22","الحلقة 248 : علاش دارها الله اعلم … السر لي معرفو حتى واحد… خراز يحكي","هذه هي القناة الرسمية و الوحيدة لعبد القادر خراز Compte Instagrame officiel: https://www.instagram.com/abdelkader.kharraz/?hl=fr contact via email : khazmehdi1@gmail.com support us : https://paypal.me/kharraz729?locale.x=en_US يرجى التبليغ عن اي قناة زائفة",,22,"People & Blogs",,PT45M,2700,2d,hd,false,ar,ar,https://i.ytimg.com/vi/F7u8FFAliHg/maxresdefault.jpg,1,,,,,1510750,33948,,0,1663
322,UCCPQpi9U-iXFWlMSUg_nxTw,"Abdelkader Kharraz",gbYrnh1JAJY,2023-02-22T19:13:29Z,"2023-02-22 19:13:29","الحلقة 247 : الحفرة…. شنو لقينا فواحد الحفرة عميقة ؟ .... نهاية متوقعها حتى واحد ! … خراز يحكي","هذه هي القناة الرسمية و الوحيدة لعبد القادر خراز Compte Instagrame officiel: https://www.instagram.com/abdelkader.kharraz/?hl=fr contact via email : khazmehdi1@gmail.com support us : https://paypal.me/kharraz729?locale.x=en_US يرجى التبليغ عن اي قناة زائفة",,22,"People & Blogs",,PT49M56S,2996,2d,hd,false,ar,ar,https://i.ytimg.com/vi/gbYrnh1JAJY/maxresdefault.jpg,1,,,,,1504762,34899,,0,1972
323,UCCPQpi9U-iXFWlMSUg_nxTw,"Abdelkader Kharraz",uckoJKVV_08,2023-02-18T19:24:27Z,"2023-02-18 19:24:27","الحلقة 246 : الضغط يولد الانفجار 2 ….. الاحساس بالخيانة من اقرب الناس و فين كيوصل … خراز يحكي","هذه هي القناة الرسمية و الوحيدة لعبد القادر خراز Compte Instagrame officiel: https://www.instagram.com/abdelkader.kharraz/?hl=fr contact via email : khazmehdi1@gmail.com support us : https://paypal.me/kharraz729?locale.x=en_US يرجى التبليغ عن اي قناة زائفة",,22,"People & Blogs",Religion,PT40M11S,2411,2d,hd,false,ar,ar,https://i.ytimg.com/vi/uckoJKVV_08/maxresdefault.jpg,1,,,,,1118863,28879,,0,1977
324,UCCPQpi9U-iXFWlMSUg_nxTw,"Abdelkader Kharraz",f2u4N3_35kc,2023-02-15T18:53:23Z,"2023-02-15 18:53:23","الحلقة 245 : ولد العطار … واحدة من القضايا لي خدمناهم و دوزنا فيهم بحث طويل … خراز يحكي","هذه هي القناة الرسمية و الوحيدة لعبد القادر خراز Compte Instagrame officiel: https://www.instagram.com/abdelkader.kharraz/?hl=fr contact via email : khazmehdi1@gmail.com support us : https://paypal.me/kharraz729?locale.x=en_US يرجى التبليغ عن اي قناة زائفة",,22,"People & Blogs",,PT57M1S,3421,2d,hd,false,ar,ar,https://i.ytimg.com/vi/f2u4N3_35kc/maxresdefault.jpg,1,,,,,2527049,44105,,0,1812
325,UCCPQpi9U-iXFWlMSUg_nxTw,"Abdelkader Kharraz",oWrnVTnwFWQ,2023-02-11T18:43:45Z,"2023-02-11 18:43:45","الحلقة 244 : زواج الكُعبي… ليلة العرس لي دازت كحلة و شنو كيوقع فيها … قصص عشتهم … خراز يحكي","هذه هي القناة الرسمية و الوحيدة لعبد القادر خراز Compte Instagrame officiel: https://www.instagram.com/abdelkader.kharraz/?hl=fr contact via email : khazmehdi1@gmail.com support us : https://paypal.me/kharraz729?locale.x=en_US يرجى التبليغ عن اي قناة زائفة",,22,"People & Blogs",Religion,PT47M41S,2861,2d,hd,false,ar,ar,https://i.ytimg.com/vi/oWrnVTnwFWQ/maxresdefault.jpg,1,,,,,1490622,35208,,0,2052
326,UCCPQpi9U-iXFWlMSUg_nxTw,"Abdelkader Kharraz",sFHDXB2TY2w,2023-02-08T19:31:40Z,"2023-02-08 19:31:40","الحلقة 243 : الطماع كيقضي عليه النصاب… نصب بطريقة متقونة و كيفاش خلاهوم حايرين…خراز يحكي","هذه هي القناة الرسمية و الوحيدة لعبد القادر خراز Compte Instagrame officiel: https://www.instagram.com/abdelkader.kharraz/?hl=fr contact via email : khazmehdi1@gmail.com support us : https://paypal.me/kharraz729?locale.x=en_US يرجى التبليغ عن اي قناة زائفة",,22,"People & Blogs",,PT44M3S,2643,2d,hd,false,ar,ar,https://i.ytimg.com/vi/sFHDXB2TY2w/maxresdefault.jpg,1,,,,,1223039,28039,,0,1037
327,UCCPQpi9U-iXFWlMSUg_nxTw,"Abdelkader Kharraz",HTLwTZW_1pw,2023-02-04T18:50:46Z,"2023-02-04 18:50:46","الحلقة 242 : لي فراسو فراسو …. البنت ملقاوهاش و شكون خطفها … من القضايا لي خدمناهم…خراز يحكي","هذه هي القناة الرسمية و الوحيدة لعبد القادر خراز Compte Instagrame officiel: https://www.instagram.com/abdelkader.kharraz/?hl=fr contact via email : khazmehdi1@gmail.com support us : https://paypal.me/kharraz729?locale.x=en_US يرجى التبليغ عن اي قناة زائفة",,22,"People & Blogs",,PT51M57S,3117,2d,hd,false,ar,ar,https://i.ytimg.com/vi/HTLwTZW_1pw/maxresdefault.jpg,1,,,,,1620183,36291,,0,2092
328,UCCPQpi9U-iXFWlMSUg_nxTw,"Abdelkader Kharraz",GssR5GywoZY,2023-02-01T19:36:32Z,"2023-02-01 19:36:32","الحلقة 241 : لبس قدك يواتيك 3 …. حصلهوم بجوج فواحد الحالة خايبة و شنو دار ؟…خراز يحكي","هذه هي القناة الرسمية و الوحيدة لعبد القادر خراز Compte Instagrame officiel: https://www.instagram.com/abdelkader.kharraz/?hl=fr contact via email : khazmehdi1@gmail.com support us : https://paypal.me/kharraz729?locale.x=en_US يرجى التبليغ عن اي قناة زائفة",,22,"People & Blogs",Religion,PT38M23S,2303,2d,hd,false,ar,ar,https://i.ytimg.com/vi/GssR5GywoZY/maxresdefault.jpg,1,,,,,1166489,28818,,0,1269
329,UCCPQpi9U-iXFWlMSUg_nxTw,"Abdelkader Kharraz",4_kYBFpZLJg,2023-01-28T19:31:01Z,"2023-01-28 19:31:01","الحلقة 240 : الشراب الأول و الاخير…. احداث هاد القصة غير متوقعة و فالاخير بان كلشي….خراز يحكي","هذه هي القناة الرسمية و الوحيدة لعبد القادر خراز Compte Instagrame officiel: https://www.instagram.com/abdelkader.kharraz/?hl=fr contact via email : khazmehdi1@gmail.com support us : https://paypal.me/kharraz729?locale.x=en_US يرجى التبليغ عن اي قناة زائفة",,22,"People & Blogs",,PT1H17S,17,2d,hd,false,ar,ar,https://i.ytimg.com/vi/4_kYBFpZLJg/maxresdefault.jpg,1,,,,,2280543,43131,,0,2801
330,UCCPQpi9U-iXFWlMSUg_nxTw,"Abdelkader Kharraz",8fPhqb9SyiQ,2023-01-21T19:08:49Z,"2023-01-21 19:08:49","الحلقة 239 :سر العائلة… لهدرة الخاوية فين كتوصل … طريقة نصب خطيرة …خراز يحكي","هذه هي القناة الرسمية و الوحيدة لعبد القادر خراز Compte Instagrame officiel: https://www.instagram.com/abdelkader.kharraz/?hl=fr contact via email : khazmehdi1@gmail.com support us : https://paypal.me/kharraz729?locale.x=en_US يرجى التبليغ عن اي قناة زائفة",,22,"People & Blogs",,PT41M18S,2478,2d,hd,false,ar,ar,https://i.ytimg.com/vi/8fPhqb9SyiQ/maxresdefault.jpg,1,,,,,1363946,33011,,0,2316
331,UCCPQpi9U-iXFWlMSUg_nxTw,"Abdelkader Kharraz",HBl9M-JZWk8,2023-01-18T19:05:20Z,"2023-01-18 19:05:20","الحلقة 238 : التربية العوجة …خرج عليه من الصغر …التربية و الدور ديالها فهاد القصة …خراز يحكي","هذه هي القناة الرسمية و الوحيدة لعبد القادر خراز Compte Instagrame officiel: https://www.instagram.com/abdelkader.kharraz/?hl=fr contact via email : khazmehdi1@gmail.com support us : https://paypal.me/kharraz729?locale.x=en_US يرجى التبليغ عن اي قناة زائفة",,22,"People & Blogs",,PT44M34S,2674,2d,hd,false,ar,ar,https://i.ytimg.com/vi/HBl9M-JZWk8/maxresdefault.jpg,1,,,,,1217771,29879,,0,1628
332,UCCPQpi9U-iXFWlMSUg_nxTw,"Abdelkader Kharraz",iFU-Lnh67V4,2023-01-14T18:45:16Z,"2023-01-14 18:45:16","الحلقة 237 : تجارة الوهم … كتحضر مالين لمكان حتا كيشوفوهم . كيفاش حصلات..…طريقة غريبة …خراز يحكي","هذه هي القناة الرسمية و الوحيدة لعبد القادر خراز Compte Instagrame officiel: https://www.instagram.com/abdelkader.kharraz/?hl=fr contact via email : khazmehdi1@gmail.com support us : https://paypal.me/kharraz729?locale.x=en_US يرجى التبليغ عن اي قناة زائفة",,22,"People & Blogs",,PT55M56S,3356,2d,hd,false,ar,ar,https://i.ytimg.com/vi/iFU-Lnh67V4/maxresdefault.jpg,1,,,,,1829625,35397,,0,2389
333,UCCPQpi9U-iXFWlMSUg_nxTw,"Abdelkader Kharraz",DSBjpxkMksw,2023-01-11T20:51:49Z,"2023-01-11 20:51:49","الحلقة 236 : هجرة الى الضياع… قصة مؤثرة و فيها عبرة كبيرة خصوصا للبنات…مهمة جدا…خراز يحكي","هذه هي القناة الرسمية و الوحيدة لعبد القادر خراز Compte Instagrame officiel: https://www.instagram.com/abdelkader.kharraz/?hl=fr contact via email : khazmehdi1@gmail.com support us : https://paypal.me/kharraz729?locale.x=en_US يرجى التبليغ عن اي قناة زائفة",,22,"People & Blogs",Religion,PT47M49S,2869,2d,hd,false,ar,ar,https://i.ytimg.com/vi/DSBjpxkMksw/maxresdefault.jpg,1,,,,,1301578,33213,,0,2145
334,UCCPQpi9U-iXFWlMSUg_nxTw,"Abdelkader Kharraz",vTFvVnEnNuc,2023-01-07T18:24:28Z,"2023-01-07 18:24:28","الحلقة 235 : اليتيمة بنت الجيار ….واحدة من القصص الكبيرة لي خدمناهم…تستحق المشاهدة … خراز يحكي","هذه هي القناة الرسمية و الوحيدة لعبد القادر خراز Compte Instagrame officiel: https://www.instagram.com/abdelkader.kharraz/?hl=fr contact via email : khazmehdi1@gmail.com support us : https://paypal.me/kharraz729?locale.x=en_US يرجى التبليغ عن اي قناة زائفة",,22,"People & Blogs",Religion,PT1H2M8S,128,2d,hd,false,ar,ar,https://i.ytimg.com/vi/vTFvVnEnNuc/maxresdefault.jpg,1,,,,,3412445,51817,,0,2418
335,UCCPQpi9U-iXFWlMSUg_nxTw,"Abdelkader Kharraz",3GB91hrsAww,2023-01-04T18:25:54Z,"2023-01-04 18:25:54","الحلقة 234 : ضربة خطا …. على والو زهقات الروح … كلشي ضاع فلحظة …خراز يحكي","هذه هي القناة الرسمية و الوحيدة لعبد القادر خراز Compte Instagrame officiel: https://www.instagram.com/abdelkader.kharraz/?hl=fr contact via email : khazmehdi1@gmail.com support us : https://paypal.me/kharraz729?locale.x=en_US يرجى التبليغ عن اي قناة زائفة",,22,"People & Blogs",,PT45M40S,2740,2d,hd,false,ar,ar,https://i.ytimg.com/vi/3GB91hrsAww/maxresdefault.jpg,1,,,,,1075456,30516,,0,1906
336,UCCPQpi9U-iXFWlMSUg_nxTw,"Abdelkader Kharraz",6Ph4Ne2UJOo,2022-12-31T19:50:44Z,"2022-12-31 19:50:44","حلقة رأس السنة 2023 … قصص و مستملحات خاصة برأس السنة … خراز يحكي","هذه هي القناة الرسمية و الوحيدة لعبد القادر خراز Compte Instagrame officiel: https://www.instagram.com/abdelkader.kharraz/?hl=fr contact via email : khazmehdi1@gmail.com support us : https://paypal.me/kharraz729?locale.x=en_US يرجى التبليغ عن اي قناة زائفة",,22,"People & Blogs",Religion,PT54M56S,3296,2d,hd,false,ar,ar,https://i.ytimg.com/vi/6Ph4Ne2UJOo/maxresdefault.jpg,1,,,,,1884379,37545,,0,2197
337,UCCPQpi9U-iXFWlMSUg_nxTw,"Abdelkader Kharraz",g3Q1JBw20R8,2022-12-28T18:58:17Z,"2022-12-28 18:58:17","الحلقة 233 : ذنوب لبهايم …. اكبر سرقة المواشي وقعات فهاد المدينة … بحث طويل …خراز يحكي","هذه هي القناة الرسمية و الوحيدة لعبد القادر خراز Compte Instagrame officiel: https://www.instagram.com/abdelkader.kharraz/?hl=fr contact via email : khazmehdi1@gmail.com support us : https://paypal.me/kharraz729?locale.x=en_US يرجى التبليغ عن اي قناة زائفة",,22,"People & Blogs",Religion,PT34M30S,2070,2d,hd,false,ar,ar,https://i.ytimg.com/vi/g3Q1JBw20R8/maxresdefault.jpg,1,,,,,1028472,26345,,0,1280
338,UCCPQpi9U-iXFWlMSUg_nxTw,"Abdelkader Kharraz",T7tWVEyLJ7U,2022-12-24T18:35:56Z,"2022-12-24 18:35:56","الحلقة 232 : من اجل نزوة محرمة … قصة شخصتها كاملة باش نقربكم اكثر للوقائع لي فيها …خراز يحكي","هذه هي القناة الرسمية و الوحيدة لعبد القادر خراز Compte Instagrame officiel: https://www.instagram.com/abdelkader.kharraz/?hl=fr contact via email : khazmehdi1@gmail.com support us : https://paypal.me/kharraz729?locale.x=en_US يرجى التبليغ عن اي قناة زائفة",,22,"People & Blogs",Religion,PT26M59S,1619,2d,hd,false,ar,ar,https://i.ytimg.com/vi/T7tWVEyLJ7U/maxresdefault.jpg,1,,,,,1092146,30884,,0,2723
339,UCCPQpi9U-iXFWlMSUg_nxTw,"Abdelkader Kharraz",0qe34sgL4qU,2022-12-21T19:21:47Z,"2022-12-21 19:21:47","الحلقة 231 : طميمع …. طمع و بغا ياخد كلشي ولكن !… خراز يحكي","هذه هي القناة الرسمية و الوحيدة لعبد القادر خراز Compte Instagrame officiel: https://www.instagram.com/abdelkader.kharraz/?hl=fr contact via email : khazmehdi1@gmail.com support us : https://paypal.me/kharraz729?locale.x=en_US يرجى التبليغ عن اي قناة زائفة",,22,"People & Blogs",,PT26M22S,1582,2d,hd,false,ar,ar,https://i.ytimg.com/vi/0qe34sgL4qU/maxresdefault.jpg,1,,,,,892454,25994,,0,1033
340,UCCPQpi9U-iXFWlMSUg_nxTw,"Abdelkader Kharraz",QXxopoTJYF8,2022-12-17T19:33:41Z,"2022-12-17 19:33:41","الحلقة 230 : الرثاء…. هاد القصة كتعني ليا بزاف …قصة مؤثرة ….خراز يحكي","هذه هي القناة الرسمية و الوحيدة لعبد القادر خراز Compte Instagrame officiel: https://www.instagram.com/abdelkader.kharraz/?hl=fr contact via email : khazmehdi1@gmail.com support us : https://paypal.me/kharraz729?locale.x=en_US يرجى التبليغ عن اي قناة زائفة",,22,"People & Blogs",,PT41M54S,2514,2d,hd,false,ar,ar,https://i.ytimg.com/vi/QXxopoTJYF8/maxresdefault.jpg,1,,,,,1129273,30536,,0,2337
341,UCCPQpi9U-iXFWlMSUg_nxTw,"Abdelkader Kharraz",gzimOVHO0gE,2022-12-15T19:03:28Z,"2022-12-15 19:03:28","الحلقة 229 : ""اوطو سطوب"" …. دارت الثقة و ركباتهم معاها و وقع لها ما لم يكن في الحسبان… خراز يحكي","هذه هي القناة الرسمية و الوحيدة لعبد القادر خراز Compte Instagrame officiel: https://www.instagram.com/abdelkader.kharraz/?hl=fr contact via email : khazmehdi1@gmail.com support us : https://paypal.me/kharraz729?locale.x=en_US يرجى التبليغ عن اي قناة زائفة",,22,"People & Blogs",Religion,PT46M37S,2797,2d,hd,false,ar,ar,https://i.ytimg.com/vi/gzimOVHO0gE/maxresdefault.jpg,1,,,,,1536285,36576,,0,2122
342,UCCPQpi9U-iXFWlMSUg_nxTw,"Abdelkader Kharraz",059CjVjc7TM,2022-12-11T18:16:57Z,"2022-12-11 18:16:57","الحلقة 228 : العدوى الاجرامية… الخفة ديالو جابتها ليه … القصة 2 فيها واحذ الطريفة عشناها…خراز يحكي","هذه هي القناة الرسمية و الوحيدة لعبد القادر خراز Compte Instagrame officiel: https://www.instagram.com/abdelkader.kharraz/?hl=fr contact via email : khazmehdi1@gmail.com support us : https://paypal.me/kharraz729?locale.x=en_US يرجى التبليغ عن اي قناة زائفة",,22,"People & Blogs",,PT36M35S,2195,2d,hd,false,ar,ar,https://i.ytimg.com/vi/059CjVjc7TM/maxresdefault.jpg,1,,,,,1072110,26562,,0,1096
343,UCCPQpi9U-iXFWlMSUg_nxTw,"Abdelkader Kharraz",SDwx3VVfoDk,2022-12-07T18:39:52Z,"2022-12-07 18:39:52","الحلقة 227 : عصابة الحوادث المفتعلة… الطريقة باش كيخدمو طريقة ذكية ولكن كيفاش حصلو ؟ … خراز يحكي","هذه هي القناة الرسمية و الوحيدة لعبد القادر خراز Compte Instagrame officiel: https://www.instagram.com/abdelkader.kharraz/?hl=fr contact via email : khazmehdi1@gmail.com support us : https://paypal.me/kharraz729?locale.x=en_US يرجى التبليغ عن اي قناة زائفة",,22,"People & Blogs",,PT42M32S,2552,2d,hd,false,ar,ar,https://i.ytimg.com/vi/SDwx3VVfoDk/maxresdefault.jpg,1,,,,,1066242,26936,,0,1401
344,UCCPQpi9U-iXFWlMSUg_nxTw,"Abdelkader Kharraz",R_ptr7H8ePo,2022-12-05T17:30:27Z,"2022-12-05 17:30:27","حلقة خاصة : رسالة مهمة الى المنتخب الوطني المغربي … خراز يحكي","هذه هي القناة الرسمية و الوحيدة لعبد القادر خراز Compte Instagrame officiel: https://www.instagram.com/abdelkader.kharraz/?hl=fr contact via email : khazmehdi1@gmail.com support us : https://paypal.me/kharraz729?locale.x=en_US يرجى التبليغ عن اي قناة زائفة",,22,"People & Blogs",,PT4M32S,272,2d,hd,false,ar,ar,https://i.ytimg.com/vi/R_ptr7H8ePo/maxresdefault.jpg,1,,,,,212840,11880,,0,1068
345,UCCPQpi9U-iXFWlMSUg_nxTw,"Abdelkader Kharraz",6LdcxdZbO98,2022-12-03T19:34:55Z,"2022-12-03 19:34:55","الحلقة 226 : العبث بالواجب … قصة مؤثرة لناس عبثوا بواجبهم و فين سالات بيهم …. خراز يحكي","هذه هي القناة الرسمية و الوحيدة لعبد القادر خراز Compte Instagrame officiel: https://www.instagram.com/abdelkader.kharraz/?hl=fr contact via email : khazmehdi1@gmail.com support us : https://paypal.me/kharraz729?locale.x=en_US يرجى التبليغ عن اي قناة زائفة",,22,"People & Blogs",Religion,PT42M27S,2547,2d,hd,false,ar,ar,https://i.ytimg.com/vi/6LdcxdZbO98/maxresdefault.jpg,1,,,,,1431519,29502,,0,1636
346,UCCPQpi9U-iXFWlMSUg_nxTw,"Abdelkader Kharraz",P13L7Oxe26s,2022-11-30T18:24:19Z,"2022-11-30 18:24:19","الحلقة 225 : من وراء حجاب …خراز يحكي عن جريمة الفاعل فيها وراء حجاب…. خراز يحكي","هذه هي القناة الرسمية و الوحيدة لعبد القادر خراز Compte Instagrame officiel: https://www.instagram.com/abdelkader.kharraz/?hl=fr contact via email : khazmehdi1@gmail.com support us : https://paypal.me/kharraz729?locale.x=en_US يرجى التبليغ عن اي قناة زائفة",,22,"People & Blogs",Religion,PT47M6S,2826,2d,hd,false,ar,ar,https://i.ytimg.com/vi/P13L7Oxe26s/maxresdefault.jpg,1,,,,,1569412,34857,,0,2364
347,UCCPQpi9U-iXFWlMSUg_nxTw,"Abdelkader Kharraz",kQA-Xb3C0TQ,2022-11-27T18:51:47Z,"2022-11-27 18:51:47","الحلقة 224 : قصة رضا… قصة امل و كفاح…. خراز يحكي","هذه هي القناة الرسمية و الوحيدة لعبد القادر خراز Compte Instagrame officiel: https://www.instagram.com/abdelkader.kharraz/?hl=fr contact via email : khazmehdi1@gmail.com support us : https://paypal.me/kharraz729?locale.x=en_US يرجى التبليغ عن اي قناة زائفة",,22,"People & Blogs",Religion,PT26M12S,1572,2d,hd,false,ar,ar,https://i.ytimg.com/vi/kQA-Xb3C0TQ/maxresdefault.jpg,1,,,,,769716,28739,,0,2376
348,UCCPQpi9U-iXFWlMSUg_nxTw,"Abdelkader Kharraz",5rr5A8T_eGE,2022-11-26T20:03:34Z,"2022-11-26 20:03:34","الحلقة 223 : الشياطين المقنعين ….صباحهم مع الايمان و مسائهم مع الشيطان….خراز يحكي","هذه هي القناة الرسمية و الوحيدة لعبد القادر خراز Compte Instagrame officiel: https://www.instagram.com/abdelkader.kharraz/?hl=fr contact via email : khazmehdi1@gmail.com support us : https://paypal.me/kharraz729?locale.x=en_US يرجى التبليغ عن اي قناة زائفة",,22,"People & Blogs",Religion,PT21M38S,1298,2d,hd,false,ar,ar,https://i.ytimg.com/vi/5rr5A8T_eGE/maxresdefault.jpg,1,,,,,717631,22077,,0,1164
349,UCCPQpi9U-iXFWlMSUg_nxTw,"Abdelkader Kharraz",ZBLBwwc-jsA,2022-11-23T18:02:26Z,"2022-11-23 18:02:26","الحلقة 222 : جوج قصص فيهم عبرة و درس كبير … كيفاش وقعو هاد القضايا بجوج؟ …. خراز يحكي","هذه هي القناة الرسمية و الوحيدة لعبد القادر خراز Compte Instagrame officiel: https://www.instagram.com/abdelkader.kharraz/?hl=fr contact via email : khazmehdi1@gmail.com support us : https://paypal.me/kharraz729?locale.x=en_US يرجى التبليغ عن اي قناة زائفة",,22,"People & Blogs",,PT28M41S,1721,2d,hd,false,ar,ar,https://i.ytimg.com/vi/ZBLBwwc-jsA/maxresdefault.jpg,1,,,,,706396,22172,,0,1651
350,UCCPQpi9U-iXFWlMSUg_nxTw,"Abdelkader Kharraz",iHjgyNKmsr0,2022-11-19T20:11:31Z,"2022-11-19 20:11:31","الحلقة 221 : في غيابة الجبّ …. غاب كثر من 3 سنوات و الحقيقة بانت فالاخير….خراز يحكي","هذه هي القناة الرسمية و الوحيدة لعبد القادر خراز Compte Instagrame officiel: https://www.instagram.com/abdelkader.kharraz/?hl=fr contact via email : khazmehdi1@gmail.com support us : https://paypal.me/kharraz729?locale.x=en_US يرجى التبليغ عن اي قناة زائفة",,22,"People & Blogs",,PT24M,1440,2d,hd,false,ar,ar,https://i.ytimg.com/vi/iHjgyNKmsr0/maxresdefault.jpg,1,,,,,761246,24091,,0,1157
351,UCCPQpi9U-iXFWlMSUg_nxTw,"Abdelkader Kharraz",xgZz-6C7O3I,2022-11-16T19:06:37Z,"2022-11-16 19:06:37","الحلقة 220 : ما بني على باطل ….الطمع خلاهم يديرو هاد الفعلة ولكن …قصة غريبة بزاف…خراز يحكي","هذه هي القناة الرسمية و الوحيدة لعبد القادر خراز Compte Instagrame officiel: https://www.instagram.com/abdelkader.kharraz/?hl=fr contact via email : khazmehdi1@gmail.com support us : https://paypal.me/kharraz729?locale.x=en_US يرجى التبليغ عن اي قناة زائفة",,22,"People & Blogs",,PT38M56S,2336,2d,hd,false,ar,ar,https://i.ytimg.com/vi/xgZz-6C7O3I/maxresdefault.jpg,1,,,,,986544,28227,,0,1289
352,UCCPQpi9U-iXFWlMSUg_nxTw,"Abdelkader Kharraz",dKiReNxClTY,2022-11-12T19:49:44Z,"2022-11-12 19:49:44","الحلقة 219 : عصابة واد زم … لغز ديال واحدة من أكبر السرقات لي وقعو فمدينة واد زم…خراز يحكي","هذه هي القناة الرسمية و الوحيدة لعبد القادر خراز Compte Instagrame officiel: https://www.instagram.com/abdelkader.kharraz/?hl=fr contact via email : khazmehdi1@gmail.com support us : https://paypal.me/kharraz729?locale.x=en_US يرجى التبليغ عن اي قناة زائفة",,22,"People & Blogs",,PT39M24S,2364,2d,hd,false,ar,ar,,1,,,,,1655352,35560,,0,1990
353,UCCPQpi9U-iXFWlMSUg_nxTw,"Abdelkader Kharraz",eCxzMnAIdYU,2022-11-09T23:19:42Z,"2022-11-09 23:19:42","في حلقة اليوم",,,22,"People & Blogs",,PT33S,33,2d,hd,false,ar,ar,https://i.ytimg.com/vi/eCxzMnAIdYU/maxresdefault.jpg,1,,,,,734159,22454,,0,808
354,UCCPQpi9U-iXFWlMSUg_nxTw,"Abdelkader Kharraz",wFFu1Tyz5CQ,2022-11-09T19:21:38Z,"2022-11-09 19:21:38","الحلقة 218 : لي كلا حقو يغمض عينيه…. دارت خطة باش دي كلشي و فالاخير ؟ …. خراز يحكي","هذه هي القناة الرسمية و الوحيدة لعبد القادر خراز Compte Instagrame officiel: https://www.instagram.com/abdelkader.kharraz/?hl=fr contact via email : khazmehdi1@gmail.com support us : https://paypal.me/kharraz729?locale.x=en_US يرجى التبليغ عن اي قناة زائفة",,22,"People & Blogs",,PT38M17S,2297,2d,hd,false,ar,ar,https://i.ytimg.com/vi/wFFu1Tyz5CQ/maxresdefault.jpg,1,,,,,1098463,31224,,0,1736
355,UCCPQpi9U-iXFWlMSUg_nxTw,"Abdelkader Kharraz",PxXDJKC4_nc,2022-11-05T19:23:56Z,"2022-11-05 19:23:56","الحلقة 217 : شاهد من نوع اخر... لقاو البنت فواحد الحالة يرثى لها ...وشنو وقع ليها… خراز يخكي","هذه هي القناة الرسمية و الوحيدة لعبد القادر خراز Compte Instagrame officiel: https://www.instagram.com/abdelkader.kharraz/?hl=fr contact via email : khazmehdi1@gmail.com support us : https://paypal.me/kharraz729?locale.x=en_US يرجى التبليغ عن اي قناة زائفة",,22,"People & Blogs",,PT40M8S,2408,2d,hd,false,ar,ar,https://i.ytimg.com/vi/PxXDJKC4_nc/maxresdefault.jpg,1,,,,,1157051,30503,,0,1389
356,UCCPQpi9U-iXFWlMSUg_nxTw,"Abdelkader Kharraz",hrfHFek_Ens,2022-11-02T19:20:40Z,"2022-11-02 19:20:40","الحلقة 216 : قطيع من المجرمين….جريمة كبيرة و البحث خلاهم يلقاو الحاجة لي متوقعها حتى واحد …خراز يحكي","هذه هي القناة الرسمية و الوحيدة لعبد القادر خراز Compte Instagrame officiel: https://www.instagram.com/abdelkader.kharraz/?hl=fr contact via email : khazmehdi1@gmail.com support us : https://paypal.me/kharraz729?locale.x=en_US يرجى التبليغ عن اي قناة زائفة",,22,"People & Blogs",,PT40M38S,2438,2d,hd,false,ar,ar,https://i.ytimg.com/vi/hrfHFek_Ens/maxresdefault.jpg,1,,,,,1942015,40731,,0,2192
357,UCCPQpi9U-iXFWlMSUg_nxTw,"Abdelkader Kharraz",JSn-KwaQZyg,2022-10-29T18:59:58Z,"2022-10-29 18:59:58","الحلقة 215 : بأي ذنب قتلت ؟ ….. واحدة من القصص الصعيبة بزاف…. خراز يحكي","هذه هي القناة الرسمية و الوحيدة لعبد القادر خراز Compte Instagrame officiel: https://www.instagram.com/abdelkader.kharraz/?hl=fr contact via email : khazmehdi1@gmail.com support us : https://paypal.me/kharraz729?locale.x=en_US يرجى التبليغ عن اي قناة زائفة",,22,"People & Blogs",Religion,PT31M30S,1890,2d,hd,false,ar,ar,https://i.ytimg.com/vi/JSn-KwaQZyg/maxresdefault.jpg,1,,,,,878236,27888,,0,1602
358,UCCPQpi9U-iXFWlMSUg_nxTw,"Abdelkader Kharraz",8gJrICS2cZI,2022-10-26T20:22:01Z,"2022-10-26 20:22:01","الحلقة 214 : ملذات قاتلة…..حياة صعيبة دوزات هاد البنت و سالات بطريقة مؤلمة….خراز يحكي","هذه هي القناة الرسمية و الوحيدة لعبد القادر خراز Compte Instagrame officiel: https://www.instagram.com/abdelkader.kharraz/?hl=fr contact via email : khazmehdi1@gmail.com support us : https://paypal.me/kharraz729?locale.x=en_US يرجى التبليغ عن اي قناة زائفة",,22,"People & Blogs",,PT32M20S,1940,2d,hd,false,ar,ar,,1,,,,,1125801,30632,,0,1601
359,UCCPQpi9U-iXFWlMSUg_nxTw,"Abdelkader Kharraz",V_CS_cwhves,2022-10-22T19:06:12Z,"2022-10-22 19:06:12","الحلقة 213 : بين الكذب و الحقيقة…. قصة غريبة و السبب من هاد لكارثة غير واضح …خراز يحكي","هذه هي القناة الرسمية و الوحيدة لعبد القادر خراز Compte Instagrame officiel: https://www.instagram.com/abdelkader.kharraz/?hl=fr contact via email : khazmehdi1@gmail.com support us : https://paypal.me/kharraz729?locale.x=en_US يرجى التبليغ عن اي قناة زائفة",,22,"People & Blogs",,PT38M17S,2297,2d,hd,false,ar,ar,https://i.ytimg.com/vi/V_CS_cwhves/maxresdefault.jpg,1,,,,,1097105,30314,,0,1746
360,UCCPQpi9U-iXFWlMSUg_nxTw,"Abdelkader Kharraz",PVNFVPete3w,2022-10-19T18:04:53Z,"2022-10-19 18:04:53","الحلقة 212 : هجوم بدون خطة…. جوج صحاب بغاو يدخلو على بنك باش يسرقو فلوس ولكن ! …. خراز يحكي","هذه هي القناة الرسمية و الوحيدة لعبد القادر خراز Compte Instagrame officiel: https://www.instagram.com/abdelkader.kharraz/?hl=fr contact via email : khazmehdi1@gmail.com support us : https://paypal.me/kharraz729?locale.x=en_US يرجى التبليغ عن اي قناة زائفة",,22,"People & Blogs",,PT28M29S,1709,2d,hd,false,ar,ar,https://i.ytimg.com/vi/PVNFVPete3w/maxresdefault.jpg,1,,,,,964702,31358,,0,2476
361,UCCPQpi9U-iXFWlMSUg_nxTw,"Abdelkader Kharraz",1hhBaw8i3no,2022-10-15T18:40:15Z,"2022-10-15 18:40:15","الحلقة 211 : نزعة الانتقام..رجع لدار و لقا كارثة وقعات.. بحث طويل و النتيجة الغير متوقعة ..خراز يحكي","هذه هي القناة الرسمية و الوحيدة لعبد القادر خراز Compte Instagrame officiel: https://www.instagram.com/abdelkader.kharraz/?hl=fr contact via email : khazmehdi1@gmail.com support us : https://paypal.me/kharraz729?locale.x=en_US يرجى التبليغ عن اي قناة زائفة",,22,"People & Blogs",,PT39M51S,2391,2d,hd,false,ar,ar,https://i.ytimg.com/vi/1hhBaw8i3no/maxresdefault.jpg,1,,,,,1564339,38757,,0,2619
362,UCCPQpi9U-iXFWlMSUg_nxTw,"Abdelkader Kharraz",3bZ1JNrLj4g,2022-10-09T19:19:45Z,"2022-10-09 19:19:45","الحلقة 210 : اللقب المذموم …. قصة عشتها و فيها عبرة كبيرة بزاف …خراز يحكي","هذه هي القناة الرسمية و الوحيدة لعبد القادر خراز Compte Instagrame officiel: https://www.instagram.com/abdelkader.kharraz/?hl=fr contact via email : khazmehdi1@gmail.com support us : https://paypal.me/kharraz729?locale.x=en_US يرجى التبليغ عن اي قناة زائفة",,22,"People & Blogs",,PT22M25S,1345,2d,hd,false,ar,ar,https://i.ytimg.com/vi/3bZ1JNrLj4g/maxresdefault.jpg,1,,,,,830613,28022,,0,2486
363,UCCPQpi9U-iXFWlMSUg_nxTw,"Abdelkader Kharraz",maEe-nVgwfg,2022-10-08T19:02:37Z,"2022-10-08 19:02:37","الحلقة 209 : لمجرد نقاش…من نقاش عادي حتى زهقات الروح …درس مهم بزاف …خراز يحكي","هذه هي القناة الرسمية و الوحيدة لعبد القادر خراز Compte Instagrame officiel: https://www.instagram.com/abdelkader.kharraz/?hl=fr contact via email : khazmehdi1@gmail.com support us : https://paypal.me/kharraz729?locale.x=en_US يرجى التبليغ عن اي قناة زائفة",,22,"People & Blogs",Religion,PT24M53S,1493,2d,hd,false,ar,ar,https://i.ytimg.com/vi/maEe-nVgwfg/maxresdefault.jpg,1,,,,,859118,27049,,0,1262
364,UCCPQpi9U-iXFWlMSUg_nxTw,"Abdelkader Kharraz",VjyBXuXRuPA,2022-10-05T18:40:05Z,"2022-10-05 18:40:05","الحلقة 208: حرب لأتفه الأسباب…. من نقاش عادي حتى ولاو فحرب أهلية وشنو سباب؟ ….خراز يحكي","هذه هي القناة الرسمية و الوحيدة لعبد القادر خراز Compte Instagrame officiel: https://www.instagram.com/abdelkader.kharraz/?hl=fr contact via email : khazmehdi1@gmail.com support us : https://paypal.me/kharraz729?locale.x=en_US يرجى التبليغ عن اي قناة زائفة",,22,"People & Blogs",,PT25M23S,1523,2d,hd,false,ar,ar,https://i.ytimg.com/vi/VjyBXuXRuPA/maxresdefault.jpg,1,,,,,751251,26907,,0,1975
365,UCCPQpi9U-iXFWlMSUg_nxTw,"Abdelkader Kharraz",rHEDor9laHo,2022-10-01T19:26:36Z,"2022-10-01 19:26:36","الحلقة 207 : خطط فاشلة …. بغاو يفلتو ولكن الخطة كانت فاشلة من الأول…..خراز يحكي","هذه هي القناة الرسمية و الوحيدة لعبد القادر خراز Compte Instagrame officiel: https://www.instagram.com/abdelkader.kharraz/?hl=fr contact via email : khazmehdi1@gmail.com support us : https://paypal.me/kharraz729?locale.x=en_US يرجى التبليغ عن اي قناة زائفة",,22,"People & Blogs",Religion,PT45M54S,2754,2d,hd,false,ar,ar,https://i.ytimg.com/vi/rHEDor9laHo/maxresdefault.jpg,1,,,,,1602919,38507,,0,1604
366,UCCPQpi9U-iXFWlMSUg_nxTw,"Abdelkader Kharraz",pwqzkrJrktY,2022-09-28T18:28:27Z,"2022-09-28 18:28:27","الحلقة 206 : بحث في سباق مع الزمن… شوف كلام الناس في كيوصل …جوج قصص…خراز يحكي","هذه هي القناة الرسمية و الوحيدة لعبد القادر خراز Compte Instagrame officiel: https://www.instagram.com/abdelkader.kharraz/?hl=fr contact via email : khazmehdi1@gmail.com support us : https://paypal.me/kharraz729?locale.x=en_US يرجى التبليغ عن اي قناة زائفة",,22,"People & Blogs",,PT41M50S,2510,2d,hd,false,ar,ar,https://i.ytimg.com/vi/pwqzkrJrktY/maxresdefault.jpg,1,,,,,1367068,33813,,0,1551
367,UCCPQpi9U-iXFWlMSUg_nxTw,"Abdelkader Kharraz",pIvZbDZB9dg,2022-09-24T19:16:40Z,"2022-09-24 19:16:40","الحلقة 205 : سلاحها الجمال …… لقيناها بوحدها فليل و من بعد البحث كانت المفاجأة….خراز يحكي","هذه هي القناة الرسمية و الوحيدة لعبد القادر خراز Compte Instagrame officiel: https://www.instagram.com/abdelkader.kharraz/?hl=fr contact via email : khazmehdi1@gmail.com support us : https://paypal.me/kharraz729?locale.x=en_US يرجى التبليغ عن اي قناة زائفة",,22,"People & Blogs",Religion,PT38M14S,2294,2d,hd,false,ar,ar,https://i.ytimg.com/vi/pIvZbDZB9dg/maxresdefault.jpg,1,,,,,2143796,53744,,0,2124
368,UCCPQpi9U-iXFWlMSUg_nxTw,"Abdelkader Kharraz",IncZ2VTT23c,2022-09-21T18:31:48Z,"2022-09-21 18:31:48","الحلقة 204 : لمجرد تداول عملة مزورة…..شنو وقع لهاد جوج صحاب و الملايين ديال الفلوس لمزورة …خراز يحكي","هذه هي القناة الرسمية و الوحيدة لعبد القادر خراز Compte Instagrame officiel: https://www.instagram.com/abdelkader.kharraz/?hl=fr contact via email : khazmehdi1@gmail.com support us : https://paypal.me/kharraz729?locale.x=en_US يرجى التبليغ عن اي قناة زائفة",,22,"People & Blogs",,PT30M50S,1850,2d,hd,false,ar,ar,https://i.ytimg.com/vi/IncZ2VTT23c/maxresdefault.jpg,1,,,,,764639,26671,,0,1614
369,UCCPQpi9U-iXFWlMSUg_nxTw,"Abdelkader Kharraz",TFb9aIBxmlc,2022-09-17T19:32:24Z,"2022-09-17 19:32:24","الحلقة 203 : الانتقام الغريب…..كيفاش بغا ينتاقم منها بواحد الشكل غريب….خراز يحكي","هذه هي القناة الرسمية و الوحيدة لعبد القادر خراز Compte Instagrame officiel: https://www.instagram.com/abdelkader.kharraz/?hl=fr contact via email : khazmehdi1@gmail.com support us : https://paypal.me/kharraz729?locale.x=en_US يرجى التبليغ عن اي قناة زائفة",,22,"People & Blogs",,PT29M50S,1790,2d,hd,false,ar,ar,https://i.ytimg.com/vi/TFb9aIBxmlc/maxresdefault.jpg,1,,,,,1330226,40041,,0,2382
370,UCCPQpi9U-iXFWlMSUg_nxTw,"Abdelkader Kharraz",71_v_BowGIU,2022-09-14T19:52:39Z,"2022-09-14 19:52:39","الحلقة 202 : هروب ماكر 2 …… خطة ذكية باش يهرب و الغاية من الهروب غريبة جدًا….خراز يحكي","هذه هي القناة الرسمية و الوحيدة لعبد القادر خراز Compte Instagrame officiel: https://www.instagram.com/abdelkader.kharraz/?hl=fr contact via email : khazmehdi1@gmail.com support us : https://paypal.me/kharraz729?locale.x=en_US يرجى التبليغ عن اي قناة زائفة",,22,"People & Blogs",Society,PT37M32S,2252,2d,hd,false,ar,ar,https://i.ytimg.com/vi/71_v_BowGIU/maxresdefault.jpg,1,,,,,1062664,32278,,0,1926
371,UCCPQpi9U-iXFWlMSUg_nxTw,"Abdelkader Kharraz",IcifyN3reiY,2022-09-10T19:41:28Z,"2022-09-10 19:41:28","الحلقة 201 : السر الكبير …. شنو هاد السر لي بقا عندو و مبغاش يقول؟….خراز يحكي","هذه هي القناة الرسمية و الوحيدة لعبد القادر خراز Compte Instagrame officiel: https://www.instagram.com/abdelkader.kharraz/?hl=fr contact via email : khazmehdi1@gmail.com support us : https://paypal.me/kharraz729?locale.x=en_US يرجى التبليغ عن اي قناة زائفة",,22,"People & Blogs",,PT36M25S,2185,2d,hd,false,ar,ar,https://i.ytimg.com/vi/IcifyN3reiY/maxresdefault.jpg,1,,,,,1483520,34717,,0,1045
372,UCCPQpi9U-iXFWlMSUg_nxTw,"Abdelkader Kharraz",zcjSjyOMgvs,2022-09-07T19:32:19Z,"2022-09-07 19:32:19","الحلقة 200 : 1 .اللص و الكلاب….. 2. الرابيل….جوج قصص الاولى خدمة فيها …مستملحات….خراز يحكي","هذه هي القناة الرسمية و الوحيدة لعبد القادر خراز Compte Instagrame officiel: https://www.instagram.com/abdelkader.kharraz/?hl=fr contact via email : khazmehdi1@gmail.com support us : https://paypal.me/kharraz729?locale.x=en_US يرجى التبليغ عن اي قناة زائفة",,22,"People & Blogs",Religion,PT35M51S,2151,2d,hd,false,ar,ar,https://i.ytimg.com/vi/zcjSjyOMgvs/maxresdefault.jpg,1,,,,,1140978,31031,,0,1544
373,UCCPQpi9U-iXFWlMSUg_nxTw,"Abdelkader Kharraz",V8omNBS0aEY,2022-09-03T19:51:40Z,"2022-09-03 19:51:40","الحلقة 199 : ولو برضاها …. خرجات من دار و كلشي كيقلب و فالاخير شنو وقع … خراز يحكي","هذه هي القناة الرسمية و الوحيدة لعبد القادر خراز Compte Instagrame officiel: https://www.instagram.com/abdelkader.kharraz/?hl=fr contact via email : khazmehdi1@gmail.com support us : https://paypal.me/kharraz729?locale.x=en_US يرجى التبليغ عن اي قناة زائفة",,22,"People & Blogs",,PT44M47S,2687,2d,hd,false,ar,ar,https://i.ytimg.com/vi/V8omNBS0aEY/maxresdefault.jpg,1,,,,,1364020,36693,,0,1930
374,UCCPQpi9U-iXFWlMSUg_nxTw,"Abdelkader Kharraz",UvW13s3bgDI,2022-08-31T19:23:21Z,"2022-08-31 19:23:21","الحلقة 198 : بين الباطل و الحق …احداث القصة غادي تخليكم ديرو بحث خاص بكم فالتعليقات …خراز يحكي","هذه هي القناة الرسمية و الوحيدة لعبد القادر خراز Compte Instagrame officiel: https://www.instagram.com/abdelkader.kharraz/?hl=fr contact via email : khazmehdi1@gmail.com support us : https://paypal.me/kharraz729?locale.x=en_US يرجى التبليغ عن اي قناة زائفة",,22,"People & Blogs",Religion,PT56M50S,3410,2d,hd,false,ar,ar,https://i.ytimg.com/vi/UvW13s3bgDI/maxresdefault.jpg,1,,,,,1485408,33842,,0,2197
375,UCCPQpi9U-iXFWlMSUg_nxTw,"Abdelkader Kharraz",e-W3cNvW_Fg,2022-08-27T20:30:12Z,"2022-08-27 20:30:12","الحلقة 197 : قصة ""شاكال"" …… لقيناه محروق و من تما بدا البحث…قصة تستحق المشاهدة…خراز يحكي","هذه هي القناة الرسمية و الوحيدة لعبد القادر خراز Compte Instagrame officiel: https://www.instagram.com/abdelkader.kharraz/?hl=fr contact via email : khazmehdi1@gmail.com support us : https://paypal.me/kharraz729?locale.x=en_US يرجى التبليغ عن اي قناة زائفة",,22,"People & Blogs",Religion,PT43M33S,2613,2d,hd,false,ar,ar,https://i.ytimg.com/vi/e-W3cNvW_Fg/maxresdefault.jpg,1,,,,,1687423,38364,,0,1532
376,UCCPQpi9U-iXFWlMSUg_nxTw,"Abdelkader Kharraz",4wakLmMekTw,2022-08-24T19:40:17Z,"2022-08-24 19:40:17","الحلقة 196 : شهداء الواجب….من القصص الأكثر حزنًا…خراز يحكي","هذه هي القناة الرسمية و الوحيدة لعبد القادر خراز Compte Instagrame officiel: https://www.instagram.com/abdelkader.kharraz/?hl=fr contact via email : khazmehdi1@gmail.com support us : https://paypal.me/kharraz729?locale.x=en_US يرجى التبليغ عن اي قناة زائفة",,22,"People & Blogs",Religion,PT40M20S,2420,2d,hd,false,ar,ar,https://i.ytimg.com/vi/4wakLmMekTw/maxresdefault.jpg,1,,,,,966818,28697,,0,2747
377,UCCPQpi9U-iXFWlMSUg_nxTw,"Abdelkader Kharraz",xirOdq6Bs44,2022-08-20T19:42:46Z,"2022-08-20 19:42:46","الحلقة 195 : وصفة من نوع اخر …. الشعوذة و الوصفة لي خرجات على كلشي ….خراز يحكي","هذه هي القناة الرسمية و الوحيدة لعبد القادر خراز Compte Instagrame officiel: https://www.instagram.com/abdelkader.kharraz/?hl=fr contact via email : khazmehdi1@gmail.com support us : https://paypal.me/kharraz729?locale.x=en_US يرجى التبليغ عن اي قناة زائفة",,22,"People & Blogs",,PT29M27S,1767,2d,hd,false,ar,ar,https://i.ytimg.com/vi/xirOdq6Bs44/maxresdefault.jpg,1,,,,,937800,29228,,0,2276
378,UCCPQpi9U-iXFWlMSUg_nxTw,"Abdelkader Kharraz",3aCMNHbVHnE,2022-08-17T20:38:45Z,"2022-08-17 20:38:45","الحلقة 194 : مول الحانوت … من بعد ما دار فيه الثقة الكاملة …شنو خرج منو ؟ ….خراز يحكي","هذه هي القناة الرسمية و الوحيدة لعبد القادر خراز Compte Instagrame officiel: https://www.instagram.com/abdelkader.kharraz/?hl=fr contact via email : khazmehdi1@gmail.com support us : https://paypal.me/kharraz729?locale.x=en_US يرجى التبليغ عن اي قناة زائفة",,22,"People & Blogs",,PT31M37S,1897,2d,hd,false,ar,ar,https://i.ytimg.com/vi/3aCMNHbVHnE/maxresdefault.jpg,1,,,,,1030435,28634,,0,1195
379,UCCPQpi9U-iXFWlMSUg_nxTw,"Abdelkader Kharraz",AjW2sCZ-4V4,2022-08-13T19:54:39Z,"2022-08-13 19:54:39","الحلقة 193 : موعد مع المجهول …. دازت 6 أشهر بلا نتيجة حتال واحد النهار….خراز يحكي","هذه هي القناة الرسمية و الوحيدة لعبد القادر خراز Compte Instagrame officiel: https://www.instagram.com/abdelkader.kharraz/?hl=fr contact via email : khazmehdi1@gmail.com support us : https://paypal.me/kharraz729?locale.x=en_US يرجى التبليغ عن اي قناة زائفة",,22,"People & Blogs",,PT39M22S,2362,2d,hd,false,ar,ar,https://i.ytimg.com/vi/AjW2sCZ-4V4/maxresdefault.jpg,1,,,,,1531306,35179,,0,1566
380,UCCPQpi9U-iXFWlMSUg_nxTw,"Abdelkader Kharraz",IE_ZV_uIOYc,2022-08-10T19:37:40Z,"2022-08-10 19:37:40","الحلقة 192 : حرب الميراث…..حينما تحول الحياة لـ”ساحةَ حرب”…خراز يحكي","هذه هي القناة الرسمية و الوحيدة لعبد القادر خراز Compte Instagrame officiel: https://www.instagram.com/abdelkader.kharraz/?hl=fr contact via email : khazmehdi1@gmail.com support us : https://paypal.me/kharraz729?locale.x=en_US يرجى التبليغ عن اي قناة زائفة",,22,"People & Blogs",Religion,PT29M18S,1758,2d,hd,false,ar,ar,https://i.ytimg.com/vi/IE_ZV_uIOYc/maxresdefault.jpg,1,,,,,785488,24265,,0,1236
381,UCCPQpi9U-iXFWlMSUg_nxTw,"Abdelkader Kharraz",EDQLjHQEQU8,2022-08-06T19:51:16Z,"2022-08-06 19:51:16","الحلقة 191 : المصير المأساوي…. جوج صحاب و النهاية ديالهم بجوج صعيبة بزاف … خراز يحكي","هذه هي القناة الرسمية و الوحيدة لعبد القادر خراز Compte Instagrame officiel: https://www.instagram.com/abdelkader.kharraz/?hl=fr contact via email : khazmehdi1@gmail.com support us : https://paypal.me/kharraz729?locale.x=en_US يرجى التبليغ عن اي قناة زائفة",,22,"People & Blogs",Religion,PT34M23S,2063,2d,hd,false,ar,ar,https://i.ytimg.com/vi/EDQLjHQEQU8/maxresdefault.jpg,1,,,,,1171760,30164,,0,1272
382,UCCPQpi9U-iXFWlMSUg_nxTw,"Abdelkader Kharraz",LNlrt6YWYDo,2022-08-03T19:54:48Z,"2022-08-03 19:54:48","الحلقة 190 : المجنون العاقل…السؤال الي ما عرفوهش لحد الساعة هو شنو السبب؟؟…كارثة وقعات….خراز يحكي","هذه هي القناة الرسمية و الوحيدة لعبد القادر خراز Compte Instagrame officiel: https://www.instagram.com/abdelkader.kharraz/?hl=fr contact via email : khazmehdi1@gmail.com support us : https://paypal.me/kharraz729?locale.x=en_US يرجى التبليغ عن اي قناة زائفة",,22,"People & Blogs",,PT33M27S,2007,2d,hd,false,ar,ar,https://i.ytimg.com/vi/LNlrt6YWYDo/maxresdefault.jpg,1,,,,,1334720,32986,,0,1327
383,UCCPQpi9U-iXFWlMSUg_nxTw,"Abdelkader Kharraz",nXyIfGmUF4I,2022-07-30T20:23:12Z,"2022-07-30 20:23:12","الحلقة 189 : آفة التباهي…الذهب و النساء جوج قصص وقع فيهم النصب بطريقة غريبة…خراز يحكي","هذه هي القناة الرسمية و الوحيدة لعبد القادر خراز Compte Instagrame officiel: https://www.instagram.com/abdelkader.kharraz/?hl=fr contact via email : khazmehdi1@gmail.com support us : https://paypal.me/kharraz729?locale.x=en_US يرجى التبليغ عن اي قناة زائفة",,22,"People & Blogs",Religion,PT39M45S,2385,2d,hd,false,ar,ar,https://i.ytimg.com/vi/nXyIfGmUF4I/maxresdefault.jpg,1,,,,,1087480,28022,,0,1326
384,UCCPQpi9U-iXFWlMSUg_nxTw,"Abdelkader Kharraz",P4ePuqqd-2U,2022-07-27T19:45:55Z,"2022-07-27 19:45:55","الحلقة 188 : لي تشفى يتبلى….قصة جوج صحاب و حياتهم الزوجية باش سالات…خراز يحكي","هذه هي القناة الرسمية و الوحيدة لعبد القادر خراز Compte Instagrame officiel: https://www.instagram.com/abdelkader.kharraz/?hl=fr contact via email : khazmehdi1@gmail.com support us : https://paypal.me/kharraz729?locale.x=en_US يرجى التبليغ عن اي قناة زائفة",,22,"People & Blogs",Religion,PT31M28S,1888,2d,hd,false,ar,ar,https://i.ytimg.com/vi/P4ePuqqd-2U/maxresdefault.jpg,1,,,,,1234271,32926,,0,2088
385,UCCPQpi9U-iXFWlMSUg_nxTw,"Abdelkader Kharraz",0qozL0TxT_c,2022-07-23T19:44:01Z,"2022-07-23 19:44:01","الحلقة 187 : النصابة …. لي بغاها كاملة… هاد النصابة درنا خطة محكمة باش تشد و فاللخر ؟…خراز يحكي","هذه هي القناة الرسمية و الوحيدة لعبد القادر خراز Compte Instagrame officiel: https://www.instagram.com/abdelkader.kharraz/?hl=fr contact via email : khazmehdi1@gmail.com support us : https://paypal.me/kharraz729?locale.x=en_US يرجى التبليغ عن اي قناة زائفة",,22,"People & Blogs",,PT43M18S,2598,2d,hd,false,ar,ar,https://i.ytimg.com/vi/0qozL0TxT_c/maxresdefault.jpg,1,,,,,1203422,30098,,0,1228
386,UCCPQpi9U-iXFWlMSUg_nxTw,"Abdelkader Kharraz",x3iKBT6QPEk,2022-07-20T19:34:07Z,"2022-07-20 19:34:07","الحلقة 186 : النسب المهضوم…. القضية لي خاص كلشي يعرفها…خراز يحكي","هذه هي القناة الرسمية و الوحيدة لعبد القادر خراز Compte Instagrame officiel: https://www.instagram.com/abdelkader.kharraz/?hl=fr contact via email : khazmehdi1@gmail.com support us : https://paypal.me/kharraz729?locale.x=en_US يرجى التبليغ عن اي قناة زائفة",,22,"People & Blogs",Religion,PT35M58S,2158,2d,hd,false,ar,ar,https://i.ytimg.com/vi/x3iKBT6QPEk/maxresdefault.jpg,1,,,,,840927,25415,,0,1895
387,UCCPQpi9U-iXFWlMSUg_nxTw,"Abdelkader Kharraz",AFhf86bjcrQ,2022-07-13T19:39:20Z,"2022-07-13 19:39:20","الحلقة 184 : مصير بحث بدون كفاءة….واحدة من القضايا الغامضة لحد الساعة….خراز يحكي","هذه هي القناة الرسمية و الوحيدة لعبد القادر خراز Compte Instagrame officiel: https://www.instagram.com/abdelkader.kharraz/?hl=fr contact via email : khazmehdi1@gmail.com support us : https://paypal.me/kharraz729?locale.x=en_US يرجى التبليغ عن اي قناة زائفة",,22,"People & Blogs",Religion,PT41M35S,2495,2d,hd,false,ar,ar,https://i.ytimg.com/vi/AFhf86bjcrQ/maxresdefault.jpg,1,,,,,1121590,28823,,0,1618
388,UCCPQpi9U-iXFWlMSUg_nxTw,"Abdelkader Kharraz",9DTIuKTFjJU,2022-07-10T20:15:12Z,"2022-07-10 20:15:12","حلقة عيد الاضحى مع عبد القادر خراز","هذه هي القناة الرسمية و الوحيدة لعبد القادر خراز Compte Instagrame officiel: https://www.instagram.com/abdelkader.kharraz/?hl=fr contact via email : khazmehdi1@gmail.com support us : https://paypal.me/kharraz729?locale.x=en_US يرجى التبليغ عن اي قناة زائفة",,22,"People & Blogs",Religion,PT13M18S,798,2d,hd,false,ar,ar,https://i.ytimg.com/vi/9DTIuKTFjJU/maxresdefault.jpg,1,,,,,349311,15508,,0,1183
389,UCCPQpi9U-iXFWlMSUg_nxTw,"Abdelkader Kharraz",0LKTBLtxLQk,2022-07-09T19:14:52Z,"2022-07-09 19:14:52","الحلقة 183 : الوسيلة الخبيثة…..اللاجئ السياسي ….جوج قصص فحلقة واحدة….خراز يحكي","هذه هي القناة الرسمية و الوحيدة لعبد القادر خراز Compte Instagrame officiel: https://www.instagram.com/abdelkader.kharraz/?hl=fr contact via email : khazmehdi1@gmail.com support us : https://paypal.me/kharraz729?locale.x=en_US يرجى التبليغ عن اي قناة زائفة",,22,"People & Blogs",Religion,PT28M41S,1721,2d,hd,false,ar,ar,https://i.ytimg.com/vi/0LKTBLtxLQk/maxresdefault.jpg,1,,,,,991607,27974,,0,1214
390,UCCPQpi9U-iXFWlMSUg_nxTw,"Abdelkader Kharraz",PViCYzy3Xkc,2022-07-06T19:27:11Z,"2022-07-06 19:27:11","الحلقة 182 : حب التملّك …الى اقصى الدرجات…قصة بنهاية حزينة جدًا…. خراز يحكي","هذه هي القناة الرسمية و الوحيدة لعبد القادر خراز Compte Instagrame officiel: https://www.instagram.com/abdelkader.kharraz/?hl=fr contact via email : khazmehdi1@gmail.com support us : https://paypal.me/kharraz729?locale.x=en_US يرجى التبليغ عن اي قناة زائفة",,22,"People & Blogs",Religion,PT30M17S,1817,2d,hd,false,ar,ar,https://i.ytimg.com/vi/PViCYzy3Xkc/maxresdefault.jpg,1,,,,,976869,30908,,0,1692
391,UCCPQpi9U-iXFWlMSUg_nxTw,"Abdelkader Kharraz",4wp6vTUp-zA,2022-07-02T18:15:17Z,"2022-07-02 18:15:17","الحلقة 181 : أرحام بلا قلوب …. من القضايا الكبيرة لي شاركت فالبحث فيها ….خراز يحكي","هذه هي القناة الرسمية و الوحيدة لعبد القادر خراز Compte Instagrame officiel: https://www.instagram.com/abdelkader.kharraz/?hl=fr contact via email : khazmehdi1@gmail.com support us : https://paypal.me/kharraz729?locale.x=en_US يرجى التبليغ عن اي قناة زائفة",,22,"People & Blogs",Religion,PT46M26S,2786,2d,hd,false,ar,ar,https://i.ytimg.com/vi/4wp6vTUp-zA/maxresdefault.jpg,1,,,,,1454983,36279,,0,1637
392,UCCPQpi9U-iXFWlMSUg_nxTw,"Abdelkader Kharraz",jntTqv0_nsQ,2022-06-29T19:49:30Z,"2022-06-29 19:49:30","الحلقة 180 : كما تسل الشعرة من العجين…الخفة شنو تدير…حتال الدقائق الاخيرة و فلت منها…خراز يحكي","هذه هي القناة الرسمية و الوحيدة لعبد القادر خراز Compte Instagrame officiel: https://www.instagram.com/abdelkader.kharraz/?hl=fr contact via email : khazmehdi1@gmail.com support us : https://paypal.me/kharraz729?locale.x=en_US يرجى التبليغ عن اي قناة زائفة",,22,"People & Blogs",,PT42M58S,2578,2d,hd,false,ar,ar,https://i.ytimg.com/vi/jntTqv0_nsQ/maxresdefault.jpg,1,,,,,1318329,35453,,0,2076
393,UCCPQpi9U-iXFWlMSUg_nxTw,"Abdelkader Kharraz",oP6BEZMGzOs,2022-06-25T19:57:02Z,"2022-06-25 19:57:02","الحلقة : ظلم ذوي القربى…احداث خطيرة فهاد الحلقة….خراز يحكي","هذه هي القناة الرسمية و الوحيدة لعبد القادر خراز Compte Instagrame officiel: https://www.instagram.com/abdelkader.kharraz/?hl=fr contact via email : khazmehdi1@gmail.com support us : https://paypal.me/kharraz729?locale.x=en_US يرجى التبليغ عن اي قناة زائفة",,22,"People & Blogs",Religion,PT43M10S,2590,2d,hd,false,ar,ar,https://i.ytimg.com/vi/oP6BEZMGzOs/maxresdefault.jpg,1,,,,,1250215,32372,,0,2690
394,UCCPQpi9U-iXFWlMSUg_nxTw,"Abdelkader Kharraz",0rP15HE78sM,2022-06-22T19:25:08Z,"2022-06-22 19:25:08","الحلقة 178 : اخبار الدوار فالدوار…الشجاعة عتقاتو من هجوم مؤكد….خراز يحكي","هذه هي القناة الرسمية و الوحيدة لعبد القادر خراز Compte Instagrame officiel: https://www.instagram.com/abdelkader.kharraz/?hl=fr contact via email : khazmehdi1@gmail.com support us : https://paypal.me/kharraz729?locale.x=en_US يرجى التبليغ عن اي قناة زائفة",,22,"People & Blogs",,PT49M8S,2948,2d,hd,false,ar,ar,https://i.ytimg.com/vi/0rP15HE78sM/maxresdefault.jpg,1,,,,,1533274,41227,,0,2898
395,UCCPQpi9U-iXFWlMSUg_nxTw,"Abdelkader Kharraz",CaM2SuB7q8A,2022-06-18T19:18:01Z,"2022-06-18 19:18:01","الحلقة 177 : جريمة باب الصحراء…. لقاوه رماد و البحث المعقد لي وقع فهاد القضية….خراز يحكي","هذه هي القناة الرسمية و الوحيدة لعبد القادر خراز Compte Instagrame officiel: https://www.instagram.com/abdelkader.kharraz/?hl=fr contact via email : khazmehdi1@gmail.com support us : https://paypal.me/kharraz729?locale.x=en_US يرجى التبليغ عن اي قناة زائفة",,22,"People & Blogs",,PT1H7M45S,465,2d,hd,false,ar,ar,https://i.ytimg.com/vi/CaM2SuB7q8A/maxresdefault.jpg,1,,,,,2852221,53163,,0,2983
396,UCCPQpi9U-iXFWlMSUg_nxTw,"Abdelkader Kharraz",Mh4LFHnreCA,2022-06-11T20:08:00Z,"2022-06-11 20:08:00","الحلقة 176 : الغايب حجته معاه….غاب على مراتو مدة طويلة والسبب لم يكن في الحسبان….خراز يحكي","هذه هي القناة الرسمية و الوحيدة لعبد القادر خراز Compte Instagrame officiel: https://www.instagram.com/abdelkader.kharraz/?hl=fr contact via email : khazmehdi1@gmail.com support us : https://paypal.me/kharraz729?locale.x=en_US يرجى التبليغ عن اي قناة زائفة",,22,"People & Blogs",Religion,PT32M,1920,2d,hd,false,ar,ar,https://i.ytimg.com/vi/Mh4LFHnreCA/maxresdefault.jpg,1,,,,,1376996,37868,,0,2234
397,UCCPQpi9U-iXFWlMSUg_nxTw,"Abdelkader Kharraz",0TzVOzV__Ag,2022-06-04T18:31:37Z,"2022-06-04 18:31:37","الحلقة 175 : لي نسا التاريخ غادي يعاودو….قصة تستحق المشاهدة…. خراز يحكي","هذه هي القناة الرسمية و الوحيدة لعبد القادر خراز Compte Instagrame officiel: https://www.instagram.com/abdelkader.kharraz/?hl=fr contact via email : khazmehdi1@gmail.com support us : https://paypal.me/kharraz729?locale.x=en_US يرجى التبليغ عن اي قناة زائفة",,22,"People & Blogs",,PT49M4S,2944,2d,hd,false,ar,ar,https://i.ytimg.com/vi/0TzVOzV__Ag/maxresdefault.jpg,1,,,,,2106014,49745,,0,2798
398,UCCPQpi9U-iXFWlMSUg_nxTw,"Abdelkader Kharraz",218TV6SGLLI,2022-05-28T19:20:55Z,"2022-05-28 19:20:55","الحلقة 174 : 1. التابعة…….2.شُبِّهَ لَهُمْ…..جوج قصص و القصة الاخيرة فيها نصائح مهمة جدًا…خراز يحكي","هذه هي القناة الرسمية و الوحيدة لعبد القادر خراز Compte Instagrame officiel: https://www.instagram.com/abdelkader.kharraz/?hl=fr contact via email : khazmehdi1@gmail.com support us : https://paypal.me/kharraz729?locale.x=en_US يرجى التبليغ عن اي قناة زائفة",,22,"People & Blogs",Religion,PT38M39S,2319,2d,hd,false,ar,ar,https://i.ytimg.com/vi/218TV6SGLLI/maxresdefault.jpg,1,,,,,1248711,35037,,0,2411
399,UCCPQpi9U-iXFWlMSUg_nxTw,"Abdelkader Kharraz",al6gE0l0BDk,2022-05-21T19:36:06Z,"2022-05-21 19:36:06","الحلقة 173 : ضحية الشيطان…..خراز يحكي","هذه هي القناة الرسمية و الوحيدة لعبد القادر خراز Compte Instagrame officiel: https://www.instagram.com/abdelkader.kharraz/?hl=fr contact via email : khazmehdi1@gmail.com support us : https://paypal.me/kharraz729?locale.x=en_US يرجى التبليغ عن اي قناة زائفة",,22,"People & Blogs",Religion,PT39M48S,2388,2d,hd,false,ar,ar,https://i.ytimg.com/vi/al6gE0l0BDk/maxresdefault.jpg,1,,,,,1409265,39115,,0,3004
400,UCCPQpi9U-iXFWlMSUg_nxTw,"Abdelkader Kharraz",FlbbM5THZS8,2022-05-14T19:15:18Z,"2022-05-14 19:15:18","الحلقة 172 : الضغط يولد الانفجار….سالات هاد القصة بنهاية غير متوقعة…خراز يحكي","هذه هي القناة الرسمية و الوحيدة لعبد القادر خراز Compte Instagrame officiel: https://www.instagram.com/abdelkader.kharraz/?hl=fr contact via email : khazmehdi1@gmail.com support us : https://paypal.me/kharraz729?locale.x=en_US يرجى التبليغ عن اي قناة زائفة",,22,"People & Blogs",Religion,PT35M59S,2159,2d,hd,false,ar,ar,https://i.ytimg.com/vi/FlbbM5THZS8/maxresdefault.jpg,1,,,,,1315675,38663,,0,2713
401,UCCPQpi9U-iXFWlMSUg_nxTw,"Abdelkader Kharraz",2dwvQ9GQxkY,2022-05-07T22:08:59Z,"2022-05-07 22:08:59","الحلقة 171 : عندما يلتقي الجمال بالجمال….قصة مؤثرة جدا….خراز يحكي","هذه هي القناة الرسمية و الوحيدة لعبد القادر خراز Compte Instagrame officiel: https://www.instagram.com/abdelkader.kharraz/?hl=fr contact via email : khazmehdi1@gmail.com support us : https://paypal.me/kharraz729?locale.x=en_US يرجى التبليغ عن اي قناة زائفة",,22,"People & Blogs",,PT51M14S,3074,2d,hd,false,ar,ar,https://i.ytimg.com/vi/2dwvQ9GQxkY/maxresdefault.jpg,1,,,,,2138686,57545,,0,4157
402,UCCPQpi9U-iXFWlMSUg_nxTw,"Abdelkader Kharraz",xu9hmIGGhFk,2022-05-02T20:28:20Z,"2022-05-02 20:28:20","الحلقة 30 : عيد الفطر مبارك سعيد","هذه هي القناة الرسمية و الوحيدة لعبد القادر خراز Compte Instagrame officiel: https://www.instagram.com/abdelkader.kharraz/?hl=fr contact via email : khazmehdi1@gmail.com support us : https://paypal.me/kharraz729?locale.x=en_US يرجى التبليغ عن اي قناة زائفة",,22,"People & Blogs",Religion,PT43M4S,2584,2d,hd,false,ar,ar,https://i.ytimg.com/vi/xu9hmIGGhFk/maxresdefault.jpg,1,,,,,729493,27774,,0,3044
403,UCCPQpi9U-iXFWlMSUg_nxTw,"Abdelkader Kharraz",4VwkXl14uUo,2022-05-01T21:35:31Z,"2022-05-01 21:35:31","الحلقة 29 : الابن سر ابيه …من اكبر السرقات لي عرفهم اقليم كلميم…رمضان مع خراز","هذه هي القناة الرسمية و الوحيدة لعبد القادر خراز Compte Instagrame officiel: https://www.instagram.com/abdelkader.kharraz/?hl=fr contact via email : khazmehdi1@gmail.com support us : https://paypal.me/kharraz729?locale.x=en_US يرجى التبليغ عن اي قناة زائفة",,22,"People & Blogs",Religion,PT43M44S,2624,2d,hd,false,ar,ar,https://i.ytimg.com/vi/4VwkXl14uUo/maxresdefault.jpg,1,,,,,1102427,29145,,0,1835
404,UCCPQpi9U-iXFWlMSUg_nxTw,"Abdelkader Kharraz",Vrz7p-d5Rw4,2022-04-30T21:24:32Z,"2022-04-30 21:24:32","الحلقة 28 : لبس قدك يواتيك 2 …. رمضان مع خراز","هذه هي القناة الرسمية و الوحيدة لعبد القادر خراز Compte Instagrame officiel: https://www.instagram.com/abdelkader.kharraz/?hl=fr contact via email : khazmehdi1@gmail.com support us : https://paypal.me/kharraz729?locale.x=en_US يرجى التبليغ عن اي قناة زائفة",,22,"People & Blogs",Religion,PT45M4S,2704,2d,hd,false,ar,ar,https://i.ytimg.com/vi/Vrz7p-d5Rw4/maxresdefault.jpg,1,,,,,1013599,30709,,0,2031
405,UCCPQpi9U-iXFWlMSUg_nxTw,"Abdelkader Kharraz",tHe_RUTpxgQ,2022-04-29T21:12:27Z,"2022-04-29 21:12:27","الحلقة 27 : الطمع هلاك …. اتق شر من احسنت اليه…رمضان مع خراز","هذه هي القناة الرسمية و الوحيدة لعبد القادر خراز Compte Instagrame officiel: https://www.instagram.com/abdelkader.kharraz/?hl=fr contact via email : khazmehdi1@gmail.com support us : https://paypal.me/kharraz729?locale.x=en_US يرجى التبليغ عن اي قناة زائفة",,22,"People & Blogs",Religion,PT51M36S,3096,2d,hd,false,ar,ar,https://i.ytimg.com/vi/tHe_RUTpxgQ/maxresdefault.jpg,1,,,,,1557614,36956,,0,2039
406,UCCPQpi9U-iXFWlMSUg_nxTw,"Abdelkader Kharraz",mZIft63g_10,2022-04-28T21:40:12Z,"2022-04-28 21:40:12","الحلقة 26 : ليلة القدر …لَيْلَةُ الْقَدْرِ خير من ألف شهر….رمضان مع خراز","هذه هي القناة الرسمية و الوحيدة لعبد القادر خراز Compte Instagrame officiel: https://www.instagram.com/abdelkader.kharraz/?hl=fr contact via email : khazmehdi1@gmail.com support us : https://paypal.me/kharraz729?locale.x=en_US يرجى التبليغ عن اي قناة زائفة",,22,"People & Blogs",Religion,PT7M28S,448,2d,hd,false,ar,ar,https://i.ytimg.com/vi/mZIft63g_10/maxresdefault.jpg,1,,,,,317701,16577,,0,1556
407,UCCPQpi9U-iXFWlMSUg_nxTw,"Abdelkader Kharraz",YTsFuvbSLBQ,2022-04-27T21:36:52Z,"2022-04-27 21:36:52","الحلقة 25 : الباطل….صعيب منين كيطيح على شي واحد….رمضان مع خراز","هذه هي القناة الرسمية و الوحيدة لعبد القادر خراز Compte Instagrame officiel: https://www.instagram.com/abdelkader.kharraz/?hl=fr contact via email : khazmehdi1@gmail.com support us : https://paypal.me/kharraz729?locale.x=en_US يرجى التبليغ عن اي قناة زائفة",,22,"People & Blogs",Religion,PT30M32S,1832,2d,hd,false,ar,ar,https://i.ytimg.com/vi/YTsFuvbSLBQ/maxresdefault.jpg,1,,,,,827409,27215,,0,1088
408,UCCPQpi9U-iXFWlMSUg_nxTw,"Abdelkader Kharraz",-n5WprPw--0,2022-04-26T21:26:09Z,"2022-04-26 21:26:09","الحلقة 24 : شغب الملاعب….الجريمة الكبرى….رمضان مع خراز","هذه هي القناة الرسمية و الوحيدة لعبد القادر خراز Compte Instagrame officiel: https://www.instagram.com/abdelkader.kharraz/?hl=fr contact via email : khazmehdi1@gmail.com support us : https://paypal.me/kharraz729?locale.x=en_US يرجى التبليغ عن اي قناة زائفة",,22,"People & Blogs",Religion,PT35M6S,2106,2d,hd,false,ar,ar,https://i.ytimg.com/vi/-n5WprPw--0/maxresdefault.jpg,1,,,,,583993,24791,,0,2314
409,UCCPQpi9U-iXFWlMSUg_nxTw,"Abdelkader Kharraz",mSynS9dGKLo,2022-04-25T21:23:03Z,"2022-04-25 21:23:03","الحلقة 23 : حوار بين القاتل و المقتول….رمضان مع خراز","هذه هي القناة الرسمية و الوحيدة لعبد القادر خراز Compte Instagrame officiel: https://www.instagram.com/abdelkader.kharraz/?hl=fr contact via email : khazmehdi1@gmail.com support us : https://paypal.me/kharraz729?locale.x=en_US يرجى التبليغ عن اي قناة زائفة",,22,"People & Blogs",Religion,PT33M57S,2037,2d,hd,false,ar,ar,https://i.ytimg.com/vi/mSynS9dGKLo/maxresdefault.jpg,1,,,,,1006687,32495,,0,1959
410,UCCPQpi9U-iXFWlMSUg_nxTw,"Abdelkader Kharraz",3WXN_9CBgC4,2022-04-24T21:54:23Z,"2022-04-24 21:54:23","الحلقة 22 : التربية الناقصة …..رمضان مع خراز","هذه هي القناة الرسمية و الوحيدة لعبد القادر خراز Compte Instagrame officiel: https://www.instagram.com/abdelkader.kharraz/?hl=fr contact via email : khazmehdi1@gmail.com support us : https://paypal.me/kharraz729?locale.x=en_US يرجى التبليغ عن اي قناة زائفة",,22,"People & Blogs",Religion,PT35M51S,2151,2d,hd,false,ar,ar,https://i.ytimg.com/vi/3WXN_9CBgC4/maxresdefault.jpg,1,,,,,826918,27611,,0,1311
411,UCCPQpi9U-iXFWlMSUg_nxTw,"Abdelkader Kharraz",Vwv0BV_ppdc,2022-04-23T21:35:33Z,"2022-04-23 21:35:33","الحلقة 21 : الانكار المشؤوم….كيفاش لقا راسو وسط هاد الجريمة؟….رمضان مع خراز","هذه هي القناة الرسمية و الوحيدة لعبد القادر خراز Compte Instagrame officiel: https://www.instagram.com/abdelkader.kharraz/?hl=fr contact via email : khazmehdi1@gmail.com support us : https://paypal.me/kharraz729?locale.x=en_US يرجى التبليغ عن اي قناة زائفة",,22,"People & Blogs",Society,PT41M49S,2509,2d,hd,false,ar,ar,https://i.ytimg.com/vi/Vwv0BV_ppdc/maxresdefault.jpg,1,,,,,1134394,31952,,0,1368
412,UCCPQpi9U-iXFWlMSUg_nxTw,"Abdelkader Kharraz",ZysGntJka34,2022-04-22T22:00:43Z,"2022-04-22 22:00:43","الحلقة 20 : الاعتراف العفوي…..من بعد 6 سنوات….رمضان مع خراز","هذه هي القناة الرسمية و الوحيدة لعبد القادر خراز Compte Instagrame officiel: https://www.instagram.com/abdelkader.kharraz/?hl=fr contact via email : khazmehdi1@gmail.com support us : https://paypal.me/kharraz729?locale.x=en_US يرجى التبليغ عن اي قناة زائفة",,22,"People & Blogs",Religion,PT29M55S,1795,2d,hd,false,ar,ar,https://i.ytimg.com/vi/ZysGntJka34/maxresdefault.jpg,1,,,,,800311,26744,,0,1087
413,UCCPQpi9U-iXFWlMSUg_nxTw,"Abdelkader Kharraz",T8Bj16wCSHY,2022-04-21T21:42:44Z,"2022-04-21 21:42:44","الحلقة 19 : بين الحلال و الحرام…قصة ولد الفشوش ……رمضان مع خراز","هذه هي القناة الرسمية و الوحيدة لعبد القادر خراز Compte Instagrame officiel: https://www.instagram.com/abdelkader.kharraz/?hl=fr contact via email : khazmehdi1@gmail.com support us : https://paypal.me/kharraz729?locale.x=en_US يرجى التبليغ عن اي قناة زائفة",,22,"People & Blogs",Religion,PT32M24S,1944,2d,hd,false,ar,ar,https://i.ytimg.com/vi/T8Bj16wCSHY/maxresdefault.jpg,1,,,,,791565,26755,,0,1190
414,UCCPQpi9U-iXFWlMSUg_nxTw,"Abdelkader Kharraz",ZgSQEDfZhxs,2022-04-20T21:29:05Z,"2022-04-20 21:29:05","الحلقة 18 : الإثم الكبير …. قصة معروفة فمدينة الرباط….رمضان مع خراز","هذه هي القناة الرسمية و الوحيدة لعبد القادر خراز Compte Instagrame officiel: https://www.instagram.com/abdelkader.kharraz/?hl=fr contact via email : khazmehdi1@gmail.com support us : https://paypal.me/kharraz729?locale.x=en_US يرجى التبليغ عن اي قناة زائفة",,22,"People & Blogs",Religion,PT38M25S,2305,2d,hd,false,ar,ar,https://i.ytimg.com/vi/ZgSQEDfZhxs/maxresdefault.jpg,1,,,,,1160322,31930,,0,1566
415,UCCPQpi9U-iXFWlMSUg_nxTw,"Abdelkader Kharraz",NjnAnpPrAog,2022-04-19T21:36:04Z,"2022-04-19 21:36:04","الحلقة 17 : السماوي….بو شمعة….رمضان مع خراز","هذه هي القناة الرسمية و الوحيدة لعبد القادر خراز Compte Instagrame officiel: https://www.instagram.com/abdelkader.kharraz/?hl=fr contact via email : khazmehdi1@gmail.com support us : https://paypal.me/kharraz729?locale.x=en_US يرجى التبليغ عن اي قناة زائفة",,22,"People & Blogs",Religion,PT40M41S,2441,2d,hd,false,ar,ar,https://i.ytimg.com/vi/NjnAnpPrAog/maxresdefault.jpg,1,,,,,865720,28210,,0,1582
416,UCCPQpi9U-iXFWlMSUg_nxTw,"Abdelkader Kharraz",05nQWMEPfy4,2022-04-18T21:25:34Z,"2022-04-18 21:25:34","الحلقة 16: طبيب البغض …من اكثر القصص المطلوبة…رمضان مع خراز","هذه هي القناة الرسمية و الوحيدة لعبد القادر خراز Compte Instagrame officiel: https://www.instagram.com/abdelkader.kharraz/?hl=fr contact via email : khazmehdi1@gmail.com support us : https://paypal.me/kharraz729?locale.x=en_US يرجى التبليغ عن اي قناة زائفة",,22,"People & Blogs",Religion,PT39M3S,2343,2d,hd,false,ar,ar,https://i.ytimg.com/vi/05nQWMEPfy4/maxresdefault.jpg,1,,,,,1257375,36246,,0,2190
417,UCCPQpi9U-iXFWlMSUg_nxTw,"Abdelkader Kharraz",tLDIZPBCrLw,2022-04-17T21:28:20Z,"2022-04-17 21:28:20","الحلقة 15 : سائقي سيارات الاجرة…مجموعة من القصص الأبطال ديالها سائقي سيارات الاجرة ….رمضان مع خراز","هذه هي القناة الرسمية و الوحيدة لعبد القادر خراز Compte Instagrame officiel: https://www.instagram.com/abdelkader.kharraz/?hl=fr contact via email : khazmehdi1@gmail.com support us : https://paypal.me/kharraz729?locale.x=en_US يرجى التبليغ عن اي قناة زائفة",,22,"People & Blogs",Society,PT29M45S,1785,2d,hd,false,ar,ar,https://i.ytimg.com/vi/tLDIZPBCrLw/maxresdefault.jpg,1,,,,,687356,24185,,0,1118
418,UCCPQpi9U-iXFWlMSUg_nxTw,"Abdelkader Kharraz",IsMcXRx7QFg,2022-04-16T21:23:47Z,"2022-04-16 21:23:47","الحلقة 14 : التسلح بالأبناء…. خطة خطيرة دارتها ولكن باش سالات ؟…رمضان مع خراز","هذه هي القناة الرسمية و الوحيدة لعبد القادر خراز Compte Instagrame officiel: https://www.instagram.com/abdelkader.kharraz/?hl=fr contact via email : khazmehdi1@gmail.com support us : https://paypal.me/kharraz729?locale.x=en_US يرجى التبليغ عن اي قناة زائفة",,22,"People & Blogs",Religion,PT29M8S,1748,2d,hd,false,ar,ar,https://i.ytimg.com/vi/IsMcXRx7QFg/maxresdefault.jpg,1,,,,,790212,28667,,0,1370
419,UCCPQpi9U-iXFWlMSUg_nxTw,"Abdelkader Kharraz",4aXcKR6ClTo,2022-04-15T21:27:09Z,"2022-04-15 21:27:09","الحلقة 13: جوج قصص …الانتقام الاعوج …..الوجه المشروك…رمضان مع خراز","هذه هي القناة الرسمية و الوحيدة لعبد القادر خراز Compte Instagrame officiel: https://www.instagram.com/abdelkader.kharraz/?hl=fr contact via email : khazmehdi1@gmail.com support us : https://paypal.me/kharraz729?locale.x=en_US يرجى التبليغ عن اي قناة زائفة",,22,"People & Blogs",Religion,PT30M6S,1806,2d,hd,false,ar,ar,https://i.ytimg.com/vi/4aXcKR6ClTo/maxresdefault.jpg,1,,,,,845393,29862,,0,1564
420,UCCPQpi9U-iXFWlMSUg_nxTw,"Abdelkader Kharraz",FJ2LhP3lqnc,2022-04-14T21:46:34Z,"2022-04-14 21:46:34","الحلقة 12 : ثأر بلا رحمة….كارثة وقعات بين الجيران ….رمضان مع خراز","هذه هي القناة الرسمية و الوحيدة لعبد القادر خراز Compte Instagrame officiel: https://www.instagram.com/abdelkader.kharraz/?hl=fr contact via email : khazmehdi1@gmail.com support us : https://paypal.me/kharraz729?locale.x=en_US يرجى التبليغ عن اي قناة زائفة",,22,"People & Blogs",Religion,PT35M34S,2134,2d,hd,false,ar,ar,https://i.ytimg.com/vi/FJ2LhP3lqnc/maxresdefault.jpg,1,,,,,1026755,32668,,0,1652
421,UCCPQpi9U-iXFWlMSUg_nxTw,"Abdelkader Kharraz",3hArTseHy_s,2022-04-13T21:51:15Z,"2022-04-13 21:51:15","الحلقة 11 : جريمة بدون عنوان….رمضان مع خراز","هذه هي القناة الرسمية و الوحيدة لعبد القادر خراز Compte Instagrame officiel: https://www.instagram.com/abdelkader.kharraz/?hl=fr contact via email : khazmehdi1@gmail.com support us : https://paypal.me/kharraz729?locale.x=en_US يرجى التبليغ عن اي قناة زائفة",,22,"People & Blogs",Religion,PT37M26S,2246,2d,hd,false,ar,ar,https://i.ytimg.com/vi/3hArTseHy_s/maxresdefault.jpg,1,,,,,830291,29728,,0,2183
422,UCCPQpi9U-iXFWlMSUg_nxTw,"Abdelkader Kharraz",OoA311I1H7s,2022-04-12T21:31:26Z,"2022-04-12 21:31:26","الحلقة 10 : الوفاء… عملة نادرة!…قصة مؤثرة …رمضان مع خراز","هذه هي القناة الرسمية و الوحيدة لعبد القادر خراز Compte Instagrame officiel: https://www.instagram.com/abdelkader.kharraz/?hl=fr contact via email : khazmehdi1@gmail.com support us : https://paypal.me/kharraz729?locale.x=en_US يرجى التبليغ عن اي قناة زائفة",,22,"People & Blogs",Religion,PT33M50S,2030,2d,hd,false,ar,ar,https://i.ytimg.com/vi/OoA311I1H7s/maxresdefault.jpg,1,,,,,835147,31367,,0,2218
423,UCCPQpi9U-iXFWlMSUg_nxTw,"Abdelkader Kharraz",wj9nRNZ-Tv4,2022-04-11T21:49:04Z,"2022-04-11 21:49:04","الحلقة 9 : تلقين الإجرام…. مازال صغير و تعلم الاجرام و السرقة و النهاية خايبة بزاف …رمضان مع خراز","هذه هي القناة الرسمية و الوحيدة لعبد القادر خراز Compte Instagrame officiel: https://www.instagram.com/abdelkader.kharraz/?hl=fr contact via email : khazmehdi1@gmail.com support us : https://paypal.me/kharraz729?locale.x=en_US يرجى التبليغ عن اي قناة زائفة",,22,"People & Blogs",,PT24M11S,1451,2d,hd,false,ar,ar,https://i.ytimg.com/vi/wj9nRNZ-Tv4/maxresdefault.jpg,1,,,,,641930,24776,,0,1222
424,UCCPQpi9U-iXFWlMSUg_nxTw,"Abdelkader Kharraz",rs3g7S4kieM,2022-04-10T22:01:42Z,"2022-04-10 22:01:42","الحلقة 8 : الحرام كيمشي فالحرام… رمضان مع خراز","هذه هي القناة الرسمية و الوحيدة لعبد القادر خراز Compte Instagrame officiel: https://www.instagram.com/abdelkader.kharraz/?hl=fr contact via email : khazmehdi1@gmail.com support us : https://paypal.me/kharraz729?locale.x=en_US يرجى التبليغ عن اي قناة زائفة",,22,"People & Blogs",Religion,PT35M7S,2107,2d,hd,false,ar,ar,https://i.ytimg.com/vi/rs3g7S4kieM/maxresdefault.jpg,1,,,,,862379,31341,,0,2311
425,UCCPQpi9U-iXFWlMSUg_nxTw,"Abdelkader Kharraz",w5c-TlT0haM,2022-04-09T21:33:42Z,"2022-04-09 21:33:42","الحلقة 7 : 72 ساعة بدون نوم ….رمضان مع خراز","هذه هي القناة الرسمية و الوحيدة لعبد القادر خراز Compte Instagrame officiel: https://www.instagram.com/abdelkader.kharraz/?hl=fr contact via email : khazmehdi1@gmail.com support us : https://paypal.me/kharraz729?locale.x=en_US يرجى التبليغ عن اي قناة زائفة",,22,"People & Blogs",,PT39M33S,2373,2d,hd,false,ar,ar,https://i.ytimg.com/vi/w5c-TlT0haM/maxresdefault.jpg,1,,,,,1152259,33738,,0,1313
426,UCCPQpi9U-iXFWlMSUg_nxTw,"Abdelkader Kharraz",ruJgkaKFsik,2022-04-08T21:50:28Z,"2022-04-08 21:50:28","الحلقة 6 : الربيب….قصة اليتيم لي بقا مع زوجة الأب ديالو …خراز يحكي","هذه هي القناة الرسمية و الوحيدة لعبد القادر خراز Compte Instagrame officiel: https://www.instagram.com/abdelkader.kharraz/?hl=fr contact via email : khazmehdi1@gmail.com support us : https://paypal.me/kharraz729?locale.x=en_US يرجى التبليغ عن اي قناة زائفة",,22,"People & Blogs",Religion,PT32M43S,1963,2d,hd,false,ar,ar,https://i.ytimg.com/vi/ruJgkaKFsik/maxresdefault.jpg,1,,,,,790985,30842,,0,2778
427,UCCPQpi9U-iXFWlMSUg_nxTw,"Abdelkader Kharraz",8V9oksQpE1U,2022-04-07T21:24:48Z,"2022-04-07 21:24:48","الحلقة 5 : دازت 5 سنوات….الاختفاء ديال هاد الشاب شنو كان سبابو؟ …رمضان مع خراز","هذه هي القناة الرسمية و الوحيدة لعبد القادر خراز Compte Instagrame officiel: https://www.instagram.com/abdelkader.kharraz/?hl=fr contact via email : khazmehdi1@gmail.com support us : https://paypal.me/kharraz729?locale.x=en_US يرجى التبليغ عن اي قناة زائفة",,22,"People & Blogs",,PT28M33S,1713,2d,hd,false,ar,ar,https://i.ytimg.com/vi/8V9oksQpE1U/maxresdefault.jpg,1,,,,,882888,30214,,0,1501
428,UCCPQpi9U-iXFWlMSUg_nxTw,"Abdelkader Kharraz",GzSIis0kfeE,2022-04-06T21:29:14Z,"2022-04-06 21:29:14","الحلقة 4 : خلي الجيران شهود…رمضان مع خراز","هذه هي القناة الرسمية و الوحيدة لعبد القادر خراز Compte Instagrame officiel: https://www.instagram.com/abdelkader.kharraz/?hl=fr contact via email : khazmehdi1@gmail.com support us : https://paypal.me/kharraz729?locale.x=en_US يرجى التبليغ عن اي قناة زائفة",,22,"People & Blogs",Religion,PT24M30S,1470,2d,hd,false,ar,ar,https://i.ytimg.com/vi/GzSIis0kfeE/maxresdefault.jpg,1,,,,,749209,29211,,0,1172
429,UCCPQpi9U-iXFWlMSUg_nxTw,"Abdelkader Kharraz",mUm1FGbpUjk,2022-04-05T21:40:59Z,"2022-04-05 21:40:59","الحلقة 3 : الطَيْش المميت…فهاد القصة التباهي بالجمال باش سالا… رمضان مع خراز","هذه هي القناة الرسمية و الوحيدة لعبد القادر خراز Compte Instagrame officiel: https://www.instagram.com/abdelkader.kharraz/?hl=fr contact via email : khazmehdi1@gmail.com support us : https://paypal.me/kharraz729?locale.x=en_US يرجى التبليغ عن اي قناة زائفة",,22,"People & Blogs",Religion,PT27M48S,1668,2d,hd,false,ar,ar,https://i.ytimg.com/vi/mUm1FGbpUjk/maxresdefault.jpg,1,,,,,876730,31670,,0,1780
430,UCCPQpi9U-iXFWlMSUg_nxTw,"Abdelkader Kharraz",pbMmgOI3srQ,2022-04-05T17:40:09Z,"2022-04-05 17:40:09","العملية تمت بنجاح","الدكتورة غزلان بلعلمي -TEL :05 37 36 26 00 -TEL: 06 11 28 25 20 هذه هي القناة الرسمية و الوحيدة لعبد القادر خراز Compte Instagrame officiel: https://www.instagram.com/abdelkader.kharraz/?hl=fr contact via email : khazmehdi1@gmail.com support us : https://paypal.me/kharraz729?locale.x=en_US يرجى التبليغ عن اي قناة زائفة",,22,"People & Blogs",Health,PT3M49S,229,2d,hd,false,ar,ar,https://i.ytimg.com/vi/pbMmgOI3srQ/maxresdefault.jpg,1,,,,,264789,22529,,0,6318
431,UCCPQpi9U-iXFWlMSUg_nxTw,"Abdelkader Kharraz",ySkmgNW7-dc,2022-04-04T21:39:53Z,"2022-04-04 21:39:53","الحلقة 2 : دار السكة المجرمين….هاد القصة مهمة بزاف و فيها عبرة كبيرة….رمضان مع خراز","هذه هي القناة الرسمية و الوحيدة لعبد القادر خراز Compte Instagrame officiel: https://www.instagram.com/abdelkader.kharraz/?hl=fr contact via email : khazmehdi1@gmail.com support us : https://paypal.me/kharraz729?locale.x=en_US يرجى التبليغ عن اي قناة زائفة",,22,"People & Blogs",,PT32M21S,1941,2d,hd,false,ar,ar,https://i.ytimg.com/vi/ySkmgNW7-dc/maxresdefault.jpg,1,,,,,1009649,35531,,0,2023
432,UCCPQpi9U-iXFWlMSUg_nxTw,"Abdelkader Kharraz",ykREtggkgAw,2022-04-03T21:31:01Z,"2022-04-03 21:31:01","الحلقة 1 : التضحية المذمومة…..جوح قصص بنكهة خاصة ….رمضان مع خراز","هذه هي القناة الرسمية و الوحيدة لعبد القادر خراز Compte Instagrame officiel: https://www.instagram.com/abdelkader.kharraz/?hl=fr contact via email : khazmehdi1@gmail.com support us : https://paypal.me/kharraz729?locale.x=en_US يرجى التبليغ عن اي قناة زائفة",,22,"People & Blogs",Religion,PT36M56S,2216,2d,hd,false,ar,ar,https://i.ytimg.com/vi/ykREtggkgAw/maxresdefault.jpg,1,,,,,981708,37131,,0,2338
433,UCCPQpi9U-iXFWlMSUg_nxTw,"Abdelkader Kharraz",Y6UkrTLzc5o,2022-04-02T19:27:48Z,"2022-04-02 19:27:48","الحلقة 170 :عندما يتكلم المحجوز….تصدم منين لقا الزوجة و الابن ديالو … خراز يحكي","هذه هي القناة الرسمية و الوحيدة لعبد القادر خراز Compte Instagrame officiel: https://www.instagram.com/abdelkader.kharraz/?hl=fr contact via email : khazmehdi1@gmail.com support us : https://paypal.me/kharraz729?locale.x=en_US يرجى التبليغ عن اي قناة زائفة",,22,"People & Blogs",,PT46M47S,2807,2d,hd,false,ar,ar,https://i.ytimg.com/vi/Y6UkrTLzc5o/maxresdefault.jpg,1,,,,,1581991,39058,,0,2033
434,UCCPQpi9U-iXFWlMSUg_nxTw,"Abdelkader Kharraz",uaJ-5n5Vw9k,2022-03-30T18:54:47Z,"2022-03-30 18:54:47","الحلقة 169 : المعروف في غير اهله …. دار الخير و رجع عليه بالشر…خراز يحكي","هذه هي القناة الرسمية و الوحيدة لعبد القادر خراز Compte Instagrame officiel: https://www.instagram.com/abdelkader.kharraz/?hl=fr contact via email : khazmehdi1@gmail.com support us : https://paypal.me/kharraz729?locale.x=en_US يرجى التبليغ عن اي قناة زائفة",,22,"People & Blogs",Religion,PT41M29S,2489,2d,hd,false,ar,ar,https://i.ytimg.com/vi/uaJ-5n5Vw9k/maxresdefault.jpg,1,,,,,1383882,36444,,0,1943
435,UCCPQpi9U-iXFWlMSUg_nxTw,"Abdelkader Kharraz",2ta-qVTv6bA,2022-03-28T19:29:57Z,"2022-03-28 19:29:57","الحلقة 168 : خلف الابواب المغلقة…..قصص فيها عبرة مهمة …خراز يحكي","هذه هي القناة الرسمية و الوحيدة لعبد القادر خراز Compte Instagrame officiel: https://www.instagram.com/abdelkader.kharraz/?hl=fr contact via email : khazmehdi1@gmail.com support us : https://paypal.me/kharraz729?locale.x=en_US يرجى التبليغ عن اي قناة زائفة",,22,"People & Blogs",Religion,PT55M26S,3326,2d,hd,false,ar,ar,https://i.ytimg.com/vi/2ta-qVTv6bA/maxresdefault.jpg,1,,,,,1981804,44791,,0,3037
436,UCCPQpi9U-iXFWlMSUg_nxTw,"Abdelkader Kharraz",ewU-L_8znnY,2022-03-26T18:50:40Z,"2022-03-26 18:50:40","الحلقة 167: بعد 16 سنة….كيفاش وقع لهاد لبنت ؟ ….خراز يحكي","هذه هي القناة الرسمية و الوحيدة لعبد القادر خراز Compte Instagrame officiel: https://www.instagram.com/abdelkader.kharraz/?hl=fr contact via email : khazmehdi1@gmail.com support us : https://paypal.me/kharraz729?locale.x=en_US يرجى التبليغ عن اي قناة زائفة",,22,"People & Blogs",,PT26M29S,1589,2d,hd,false,ar,ar,https://i.ytimg.com/vi/ewU-L_8znnY/maxresdefault.jpg,1,,,,,1052465,34418,,0,1851
437,UCCPQpi9U-iXFWlMSUg_nxTw,"Abdelkader Kharraz",yQ74JoOCvvY,2022-03-23T18:44:05Z,"2022-03-23 18:44:05","الحلقة 166 : فعايل الكابران ….. غلطة العمر…خراز يحكي","هذه هي القناة الرسمية و الوحيدة لعبد القادر خراز Compte Instagrame officiel: https://www.instagram.com/abdelkader.kharraz/?hl=fr contact via email : khazmehdi1@gmail.com support us : https://paypal.me/kharraz729?locale.x=en_US يرجى التبليغ عن اي قناة زائفة",,22,"People & Blogs",Religion,PT53M33S,3213,2d,hd,false,ar,ar,https://i.ytimg.com/vi/yQ74JoOCvvY/maxresdefault.jpg,1,,,,,1676663,46414,,0,5498
438,UCCPQpi9U-iXFWlMSUg_nxTw,"Abdelkader Kharraz",QgAUmgAjgs0,2022-03-21T19:08:43Z,"2022-03-21 19:08:43","الحلقة 165 : نادي المجرمين….الثقة الزايدة فين كتوصل…خراز يحكي","هذه هي القناة الرسمية و الوحيدة لعبد القادر خراز Compte Instagrame officiel: https://www.instagram.com/abdelkader.kharraz/?hl=fr contact via email : khazmehdi1@gmail.com support us : https://paypal.me/kharraz729?locale.x=en_US يرجى التبليغ عن اي قناة زائفة",,22,"People & Blogs",,PT47M22S,2842,2d,hd,false,ar,ar,https://i.ytimg.com/vi/QgAUmgAjgs0/maxresdefault.jpg,1,,,,,1901240,43455,,0,3509
439,UCCPQpi9U-iXFWlMSUg_nxTw,"Abdelkader Kharraz",78kJB3VjIt4,2022-03-19T18:30:11Z,"2022-03-19 18:30:11","الحلقة 164 : مقبرة في الحديقة…حتى تزوجات بيه عاد عرفاتو على الحقيقة ديالو !…خراز يحكي","هذه هي القناة الرسمية و الوحيدة لعبد القادر خراز Compte Instagrame officiel: https://www.instagram.com/abdelkader.kharraz/?hl=fr contact via email : khazmehdi1@gmail.com support us : https://paypal.me/kharraz729?locale.x=en_US يرجى التبليغ عن اي قناة زائفة",,22,"People & Blogs",,PT48M3S,2883,2d,hd,false,ar,ar,https://i.ytimg.com/vi/78kJB3VjIt4/maxresdefault.jpg,1,,,,,1950210,51742,,0,3988
440,UCCPQpi9U-iXFWlMSUg_nxTw,"Abdelkader Kharraz",qJg6qiyXeww,2022-03-16T18:26:59Z,"2022-03-16 18:26:59","الحلقة 163 : العقود المزورة….تزويز مشا بيه بعيد و لكن واحد النهار … خراز يحكي","هذه هي القناة الرسمية و الوحيدة لعبد القادر خراز Compte Instagrame officiel: https://www.instagram.com/abdelkader.kharraz/?hl=fr contact via email : khazmehdi1@gmail.com support us : https://paypal.me/kharraz729?locale.x=en_US يرجى التبليغ عن اي قناة زائفة",,22,"People & Blogs",Society,PT40M26S,2426,2d,hd,false,ar,ar,https://i.ytimg.com/vi/qJg6qiyXeww/maxresdefault.jpg,1,,,,,1104843,38954,,0,8119
441,UCCPQpi9U-iXFWlMSUg_nxTw,"Abdelkader Kharraz",rxX0mGk--ws,2022-03-14T18:20:37Z,"2022-03-14 18:20:37","الحلقة 162 : تأشيرة السفر الى دار البقاء… من بعد ما دوزو سنين مع بعضياتهم شنو وقع ؟…..خراز يحكي","هذه هي القناة الرسمية و الوحيدة لعبد القادر خراز Compte Instagrame officiel: https://www.instagram.com/abdelkader.kharraz/?hl=fr contact via email : khazmehdi1@gmail.com support us : https://paypal.me/kharraz729?locale.x=en_US يرجى التبليغ عن اي قناة زائفة",,22,"People & Blogs",,PT29M49S,1789,2d,hd,false,ar,ar,https://i.ytimg.com/vi/rxX0mGk--ws/maxresdefault.jpg,1,,,,,1166976,36895,,0,2980
442,UCCPQpi9U-iXFWlMSUg_nxTw,"Abdelkader Kharraz",G7uVYwpZIIM,2022-03-12T18:23:02Z,"2022-03-12 18:23:02","الحلقة 161 :عندما تجرح الكبد…قصص مؤثرة بزاف….خراز يحكي","__elmalikicouture : https://www.instagram.com/elmalikicouture/ -TEL : 0664907174 __MADAME BOUSSAYRI AMINA(MARAH CAFTAN KENITRA) -TEL: 0664907174. هذه هي القناة الرسمية و الوحيدة لعبد القادر خراز Compte Instagrame officiel: https://www.instagram.com/abdelkader.kharraz/?hl=fr contact via email : khazmehdi1@gmail.com support us : https://paypal.me/kharraz729?locale.x=en_US يرجى التبليغ عن اي قناة زائفة",,22,"People & Blogs",,PT52M21S,3141,2d,hd,false,ar,ar,https://i.ytimg.com/vi/G7uVYwpZIIM/maxresdefault.jpg,1,,,,,1358214,39977,,0,2828
443,UCCPQpi9U-iXFWlMSUg_nxTw,"Abdelkader Kharraz",HwTNAWAHzsg,2022-03-09T18:24:48Z,"2022-03-09 18:24:48","الحلقة 160 : قفة العجوز….لقينا معاهم مشاكل باش نشدوهوم و فالاخير ؟!…خراز يحكي","هذه هي القناة الرسمية و الوحيدة لعبد القادر خراز Compte Instagrame officiel: https://www.instagram.com/abdelkader.kharraz/?hl=fr contact via email : khazmehdi1@gmail.com support us : https://paypal.me/kharraz729?locale.x=en_US يرجى التبليغ عن اي قناة زائفة",,22,"People & Blogs",,PT43M5S,2585,2d,hd,false,ar,ar,https://i.ytimg.com/vi/HwTNAWAHzsg/maxresdefault.jpg,1,,,,,1628157,44363,,0,2715
444,UCCPQpi9U-iXFWlMSUg_nxTw,"Abdelkader Kharraz",-cCCA9doisg,2022-03-07T18:03:28Z,"2022-03-07 18:03:28","الحلقة 159 : شبح السطوح…حمقهم باش يعرفو شكون ؟ …خراز يحكي","هذه هي القناة الرسمية و الوحيدة لعبد القادر خراز Compte Instagrame officiel: https://www.instagram.com/abdelkader.kharraz/?hl=fr contact via email : khazmehdi1@gmail.com support us : https://paypal.me/kharraz729?locale.x=en_US يرجى التبليغ عن اي قناة زائفة",,22,"People & Blogs",,PT32M9S,1929,2d,hd,false,ar,ar,https://i.ytimg.com/vi/-cCCA9doisg/maxresdefault.jpg,1,,,,,1198413,38139,,0,2265
445,UCCPQpi9U-iXFWlMSUg_nxTw,"Abdelkader Kharraz",tcodnDMVahY,2022-03-05T18:36:27Z,"2022-03-05 18:36:27","الحلقة 158 :الرقية الغير شرعية …خراز يحكي","هذه هي القناة الرسمية و الوحيدة لعبد القادر خراز Compte Instagrame officiel: https://www.instagram.com/abdelkader.kharraz/?hl=fr contact via email : khazmehdi1@gmail.com support us : https://paypal.me/kharraz729?locale.x=en_US يرجى التبليغ عن اي قناة زائفة",,22,"People & Blogs",Religion,PT44M40S,2680,2d,hd,false,ar,ar,https://i.ytimg.com/vi/tcodnDMVahY/maxresdefault.jpg,1,,,,,1445284,44665,,0,5108
446,UCCPQpi9U-iXFWlMSUg_nxTw,"Abdelkader Kharraz",V0X9coi5Dcg,2022-03-02T18:09:36Z,"2022-03-02 18:09:36","الحلقة157:جرائم الصدفة…قصص تخفي وراءها دروسًا وعبرعظيمة…و رسالة مهمة حول الطلبة المغاربة بأوكرانيا","هذه هي القناة الرسمية و الوحيدة لعبد القادر خراز Compte Instagrame officiel: https://www.instagram.com/abdelkader.kharraz/?hl=fr contact via email : khazmehdi1@gmail.com support us : https://paypal.me/kharraz729?locale.x=en_US يرجى التبليغ عن اي قناة زائفة",,22,"People & Blogs",Religion,PT38M53S,2333,2d,hd,false,ar,ar,https://i.ytimg.com/vi/V0X9coi5Dcg/maxresdefault.jpg,1,,,,,1425453,42698,,0,2974
447,UCCPQpi9U-iXFWlMSUg_nxTw,"Abdelkader Kharraz",JAvRDUZB_OI,2022-02-28T18:07:38Z,"2022-02-28 18:07:38","الحلقة 156 : مول الفوتايات ..... هاد العائلة وقع فيها مشكل كبير .... خراز يحكي","هذه هي القناة الرسمية و الوحيدة لعبد القادر خراز Compte Instagrame officiel: https://www.instagram.com/abdelkader.kharraz/?hl=fr contact via email : khazmehdi1@gmail.com support us : https://paypal.me/kharraz729?locale.x=en_US يرجى التبليغ عن اي قناة زائفة",,22,"People & Blogs",,PT36M28S,2188,2d,hd,false,ar,ar,https://i.ytimg.com/vi/JAvRDUZB_OI/maxresdefault.jpg,1,,,,,1504324,46397,,0,2847
448,UCCPQpi9U-iXFWlMSUg_nxTw,"Abdelkader Kharraz",IylOtp9SXQA,2022-02-26T19:55:14Z,"2022-02-26 19:55:14","الحلقة 155: عجلات الندامة….سرقة بطريقة هوليوودية…خراز يحكي","هذه هي القناة الرسمية و الوحيدة لعبد القادر خراز Compte Instagrame officiel: https://www.instagram.com/abdelkader.kharraz/?hl=fr contact via email : khazmehdi1@gmail.com support us : https://paypal.me/kharraz729?locale.x=en_US يرجى التبليغ عن اي قناة زائفة",,22,"People & Blogs",,PT42M46S,2566,2d,hd,false,ar,ar,https://i.ytimg.com/vi/IylOtp9SXQA/maxresdefault.jpg,1,,,,,1152000,34240,,0,2036
449,UCCPQpi9U-iXFWlMSUg_nxTw,"Abdelkader Kharraz",R89yecQ6v0w,2022-02-23T18:55:27Z,"2022-02-23 18:55:27","الحلقة 154 : عندما تتكلم علب الكرتون… واحدة من اكثر القصص المطلوبة ….خراز يحكي","هذه هي القناة الرسمية و الوحيدة لعبد القادر خراز Compte Instagrame officiel: https://www.instagram.com/abdelkader.kharraz/?hl=fr contact via email : khazmehdi1@gmail.com support us : https://paypal.me/kharraz729?locale.x=en_US يرجى التبليغ عن اي قناة زائفة",,22,"People & Blogs",Religion,PT45M26S,2726,2d,hd,false,ar,ar,https://i.ytimg.com/vi/R89yecQ6v0w/maxresdefault.jpg,1,,,,,1840519,50684,,0,3895
450,UCCPQpi9U-iXFWlMSUg_nxTw,"Abdelkader Kharraz",HJerQ0C12_Y,2022-02-21T18:53:03Z,"2022-02-21 18:53:03","الحلقة 153: بيت الشياطين ….قصة خطيرة بزاف…خراز يحكي","هذه هي القناة الرسمية و الوحيدة لعبد القادر خراز Compte Instagrame officiel: https://www.instagram.com/abdelkader.kharraz/?hl=fr contact via email : khazmehdi1@gmail.com support us : https://paypal.me/kharraz729?locale.x=en_US يرجى التبليغ عن اي قناة زائفة",,22,"People & Blogs",Religion,PT40M28S,2428,2d,hd,false,ar,ar,https://i.ytimg.com/vi/HJerQ0C12_Y/maxresdefault.jpg,1,,,,,2094528,56109,,0,4812
451,UCCPQpi9U-iXFWlMSUg_nxTw,"Abdelkader Kharraz",nynooVpe_ZY,2022-02-19T18:25:32Z,"2022-02-19 18:25:32","الحلقة 152 : جحر الافاعي….قصة مؤثرة و النهاية مؤلمة ….خراز يحكي","هذه هي القناة الرسمية و الوحيدة لعبد القادر خراز Compte Instagrame officiel: https://www.instagram.com/abdelkader.kharraz/?hl=fr contact via email : khazmehdi1@gmail.com support us : https://paypal.me/kharraz729?locale.x=en_US يرجى التبليغ عن اي قناة زائفة",,22,"People & Blogs",,PT34M47S,2087,2d,hd,false,ar,ar,https://i.ytimg.com/vi/nynooVpe_ZY/maxresdefault.jpg,1,,,,,1322321,44682,,0,3401
452,UCCPQpi9U-iXFWlMSUg_nxTw,"Abdelkader Kharraz",ZYy5zAnwYcY,2022-02-16T18:12:01Z,"2022-02-16 18:12:01","الحلقة 151 : بين الوهم و الحقيقة…. قضية صعيبة بزاف و النهاية غامضة….خراز يحكي","هذه هي القناة الرسمية و الوحيدة لعبد القادر خراز Compte Instagrame officiel: https://www.instagram.com/abdelkader.kharraz/?hl=fr contact via email : khazmehdi1@gmail.com support us : https://paypal.me/kharraz729?locale.x=en_US يرجى التبليغ عن اي قناة زائفة",,22,"People & Blogs",,PT29M43S,1783,2d,hd,false,ar,ar,https://i.ytimg.com/vi/ZYy5zAnwYcY/maxresdefault.jpg,1,,,,,1074157,39826,,0,2769
453,UCCPQpi9U-iXFWlMSUg_nxTw,"Abdelkader Kharraz",VwY2hCuPLTw,2022-02-14T18:08:08Z,"2022-02-14 18:08:08","الحلقة 150 : الجريمة المجانية….بغات تنتاقم من كلشي و وقعات الكارثة….خراز يحكي","هذه هي القناة الرسمية و الوحيدة لعبد القادر خراز Compte Instagrame officiel: https://www.instagram.com/abdelkader.kharraz/?hl=fr contact via email : khazmehdi1@gmail.com support us : https://paypal.me/kharraz729?locale.x=en_US يرجى التبليغ عن اي قناة زائفة",,22,"People & Blogs",,PT28M3S,1683,2d,hd,false,ar,ar,https://i.ytimg.com/vi/VwY2hCuPLTw/maxresdefault.jpg,1,,,,,1210864,39079,,0,1995
454,UCCPQpi9U-iXFWlMSUg_nxTw,"Abdelkader Kharraz",uBnctv2IImo,2022-02-12T17:55:52Z,"2022-02-12 17:55:52","الحلقة 149: الضيف المغدور….جابها معاه و فالاخير شنو وقع…خراز يحكي","هذه هي القناة الرسمية و الوحيدة لعبد القادر خراز Compte Instagrame officiel: https://www.instagram.com/abdelkader.kharraz/?hl=fr contact via email : khazmehdi1@gmail.com support us : https://paypal.me/kharraz729?locale.x=en_US يرجى التبليغ عن اي قناة زائفة",,22,"People & Blogs",,PT32M20S,1940,2d,hd,false,ar,ar,https://i.ytimg.com/vi/uBnctv2IImo/maxresdefault.jpg,1,,,,,1438255,49056,,0,3702
455,UCCPQpi9U-iXFWlMSUg_nxTw,"Abdelkader Kharraz",RxnKiFvsyL8,2022-02-09T18:10:43Z,"2022-02-09 18:10:43","الحلقة 148 : خاتم نابليون….البحث المعمق….خراز يحكي","هذه هي القناة الرسمية و الوحيدة لعبد القادر خراز Compte Instagrame officiel: https://www.instagram.com/abdelkader.kharraz/?hl=fr contact via email : khazmehdi1@gmail.com support us : https://paypal.me/kharraz729?locale.x=en_US يرجى التبليغ عن اي قناة زائفة",,22,"People & Blogs",Religion,PT37M45S,2265,2d,hd,false,ar,ar,https://i.ytimg.com/vi/RxnKiFvsyL8/maxresdefault.jpg,1,,,,,1559046,43124,,0,2325
456,UCCPQpi9U-iXFWlMSUg_nxTw,"Abdelkader Kharraz",ovqB5FcRw2o,2022-02-07T18:29:31Z,"2022-02-07 18:29:31","الحلقة147: مدير الفندق….من القضايا لي خدمناهم فمدينة القنيطرة….خراز يحكي","هذه هي القناة الرسمية و الوحيدة لعبد القادر خراز Compte Instagrame officiel: https://www.instagram.com/abdelkader.kharraz/?hl=fr contact via email : khazmehdi1@gmail.com support us : https://paypal.me/kharraz729?locale.x=en_US يرجى التبليغ عن اي قناة زائفة",,22,"People & Blogs",,PT44M6S,2646,2d,hd,false,ar,ar,https://i.ytimg.com/vi/ovqB5FcRw2o/maxresdefault.jpg,1,,,,,2981926,73896,,0,3785
457,UCCPQpi9U-iXFWlMSUg_nxTw,"Abdelkader Kharraz",F0Hw3nYdKHo,2022-02-07T12:05:31Z,"2022-02-07 12:05:31","الحلقة 146 :البحث لفائدة العائلة….خراز يحكي","هذه هي القناة الرسمية و الوحيدة لعبد القادر خراز Compte Instagrame officiel: https://www.instagram.com/abdelkader.kharraz/?hl=fr contact via email : khazmehdi1@gmail.com support us : https://paypal.me/kharraz729?locale.x=en_US يرجى التبليغ عن اي قناة زائفة",,22,"People & Blogs",Religion,PT12M1S,721,2d,hd,false,ar,ar,https://i.ytimg.com/vi/F0Hw3nYdKHo/maxresdefault.jpg,1,,,,,460068,22096,,0,3641
458,UCCPQpi9U-iXFWlMSUg_nxTw,"Abdelkader Kharraz",9PNTmpP7IXc,2022-02-06T22:48:07Z,"2022-02-06 22:48:07","حلقة خاصة : مأساة الطفل ريان ...ريان طير من طيور الجنة إن لله وان اليه راجعون","هذه هي القناة الرسمية و الوحيدة لعبد القادر خراز Compte Instagrame officiel: https://www.instagram.com/abdelkader.kharraz/?hl=fr contact via email : khazmehdi1@gmail.com support us : https://paypal.me/kharraz729?locale.x=en_US يرجى التبليغ عن اي قناة زائفة",,22,"People & Blogs",Religion,PT2M16S,136,2d,hd,false,ar,ar,https://i.ytimg.com/vi/9PNTmpP7IXc/maxresdefault.jpg,1,,,,,291195,19960,,0,1659
459,UCCPQpi9U-iXFWlMSUg_nxTw,"Abdelkader Kharraz",_wOkewVz85g,2022-02-02T17:49:29Z,"2022-02-02 17:49:29","الحلقة 145: مقدمة مهمة تخص قضية الشاب التهامي بناني…2 :قصة لي بغاها كاملة كيخليها كاملة…خراز يحكي","هذه هي القناة الرسمية و الوحيدة لعبد القادر خراز Compte Instagrame officiel: https://www.instagram.com/abdelkader.kharraz/?hl=fr contact via email : khazmehdi1@gmail.com support us : https://paypal.me/kharraz729?locale.x=en_US يرجى التبليغ عن اي قناة زائفة",,22,"People & Blogs",,PT38M56S,2336,2d,hd,false,ar,ar,https://i.ytimg.com/vi/_wOkewVz85g/maxresdefault.jpg,1,,,,,1710925,59991,,0,5128
460,UCCPQpi9U-iXFWlMSUg_nxTw,"Abdelkader Kharraz",vS2xcTsoAVk,2022-01-31T18:32:47Z,"2022-01-31 18:32:47","الحلقة 144: جذور العداوة….العداوة بين جوج خيمات و فين خرجات…خراز يحكي","هذه هي القناة الرسمية و الوحيدة لعبد القادر خراز Compte Instagrame officiel: https://www.instagram.com/abdelkader.kharraz/?hl=fr contact via email : khazmehdi1@gmail.com support us : https://paypal.me/kharraz729?locale.x=en_US يرجى التبليغ عن اي قناة زائفة",,22,"People & Blogs",Religion,PT31M19S,1879,2d,hd,false,ar,ar,https://i.ytimg.com/vi/vS2xcTsoAVk/maxresdefault.jpg,1,,,,,1026683,34393,,0,3432
461,UCCPQpi9U-iXFWlMSUg_nxTw,"Abdelkader Kharraz",rBw4qejm1do,2022-01-29T18:05:29Z,"2022-01-29 18:05:29","الحلقة 143: إنها ليلة سوداء….قصة ذات عبرة كبيرة…خراز يحكي","هذه هي القناة الرسمية و الوحيدة لعبد القادر خراز Compte Instagrame officiel: https://www.instagram.com/abdelkader.kharraz/?hl=fr contact via email : khazmehdi1@gmail.com support us : https://paypal.me/kharraz729?locale.x=en_US يرجى التبليغ عن اي قناة زائفة",,22,"People & Blogs",Religion,PT36M35S,2195,2d,hd,false,ar,ar,https://i.ytimg.com/vi/rBw4qejm1do/maxresdefault.jpg,1,,,,,1502835,49370,,0,4554
462,UCCPQpi9U-iXFWlMSUg_nxTw,"Abdelkader Kharraz",m6gHabZUTKo,2022-01-26T18:32:31Z,"2022-01-26 18:32:31","الحلقة 142:الصداقة المقرفة….جوج صحاب الثقة بيناتهم كبيرة ولكن شنو وقع…خراز يحكي","هذه هي القناة الرسمية و الوحيدة لعبد القادر خراز Compte Instagrame officiel: https://www.instagram.com/abdelkader.kharraz/?hl=fr contact via email : khazmehdi1@gmail.com support us : https://paypal.me/kharraz729?locale.x=en_US يرجى التبليغ عن اي قناة زائفة",,22,"People & Blogs",Religion,PT30M57S,1857,2d,hd,false,ar,ar,https://i.ytimg.com/vi/m6gHabZUTKo/maxresdefault.jpg,1,,,,,1196866,42431,,0,4643
463,UCCPQpi9U-iXFWlMSUg_nxTw,"Abdelkader Kharraz",O_fKs_7PU_8,2022-01-24T18:56:29Z,"2022-01-24 18:56:29","الحلقة 141: سمسار السيارات…ألف تخميمة و تخميمة ولا ضربة بالمقص....خراز يحكي","هذه هي القناة الرسمية و الوحيدة لعبد القادر خراز Compte Instagrame officiel: https://www.instagram.com/abdelkader.kharraz/?hl=fr contact via email : khazmehdi1@gmail.com support us : https://paypal.me/kharraz729?locale.x=en_US يرجى التبليغ عن اي قناة زائفة",,22,"People & Blogs",Religion,PT39M6S,2346,2d,hd,false,ar,ar,https://i.ytimg.com/vi/O_fKs_7PU_8/maxresdefault.jpg,1,,,,,1433222,43282,,0,5313
464,UCCPQpi9U-iXFWlMSUg_nxTw,"Abdelkader Kharraz",OT8K7a7p7uI,2022-01-22T18:07:21Z,"2022-01-22 18:07:21","الحلقة 140: العائلة المحطمة….قصة فيها نهاية صعيبة بزاف….خراز يحكي","هذه هي القناة الرسمية و الوحيدة لعبد القادر خراز Compte Instagrame officiel: https://www.instagram.com/abdelkader.kharraz/?hl=fr contact via email : khazmehdi1@gmail.com support us : https://paypal.me/kharraz729?locale.x=en_US يرجى التبليغ عن اي قناة زائفة",,22,"People & Blogs",,PT32M,1920,2d,hd,false,ar,ar,https://i.ytimg.com/vi/OT8K7a7p7uI/maxresdefault.jpg,1,,,,,1240634,42913,,0,4467
465,UCCPQpi9U-iXFWlMSUg_nxTw,"Abdelkader Kharraz",UR-UQa1RkCA,2022-01-19T18:06:04Z,"2022-01-19 18:06:04","الحلقة 139: الغلط لحظة والندم سنين…احداث مشوقة و النهاية؟؟…خراز يحكي","هذه هي القناة الرسمية و الوحيدة لعبد القادر خراز Compte Instagrame officiel: https://www.instagram.com/abdelkader.kharraz/?hl=fr contact via email : khazmehdi1@gmail.com support us : https://paypal.me/kharraz729?locale.x=en_US يرجى التبليغ عن اي قناة زائفة",,22,"People & Blogs",Religion,PT40M55S,2455,2d,hd,false,ar,ar,https://i.ytimg.com/vi/UR-UQa1RkCA/maxresdefault.jpg,1,,,,,1565618,49130,,0,4611
466,UCCPQpi9U-iXFWlMSUg_nxTw,"Abdelkader Kharraz",BbVhUPrcoaU,2022-01-17T18:08:01Z,"2022-01-17 18:08:01","الحلقة 138: الفرناتشي…لقاوه محروق... البحث المعمق فهاد القضية…..خراز يحكي","هذه هي القناة الرسمية و الوحيدة لعبد القادر خراز Compte Instagrame officiel: https://www.instagram.com/abdelkader.kharraz/?hl=fr contact via email : khazmehdi1@gmail.com support us : https://paypal.me/kharraz729?locale.x=en_US يرجى التبليغ عن اي قناة زائفة",,22,"People & Blogs",Religion,PT33M52S,2032,2d,hd,false,ar,ar,https://i.ytimg.com/vi/BbVhUPrcoaU/maxresdefault.jpg,1,,,,,1231420,41375,,0,2565
467,UCCPQpi9U-iXFWlMSUg_nxTw,"Abdelkader Kharraz",_p97DXLF3d8,2022-01-15T18:01:16Z,"2022-01-15 18:01:16","الحلقة 137: الطماع يقضي عليه الكذاب…..وهاد القصة درس مهم فالحياة…خراز يحكي","هذه هي القناة الرسمية و الوحيدة لعبد القادر خراز Compte Instagrame officiel: https://www.instagram.com/abdelkader.kharraz/?hl=fr contact via email : khazmehdi1@gmail.com support us : https://paypal.me/kharraz729?locale.x=en_US يرجى التبليغ عن اي قناة زائفة",,22,"People & Blogs",Religion,PT39M2S,2342,2d,hd,false,ar,ar,https://i.ytimg.com/vi/_p97DXLF3d8/maxresdefault.jpg,1,,,,,1307002,42981,,0,3156
468,UCCPQpi9U-iXFWlMSUg_nxTw,"Abdelkader Kharraz",y07DqGVuQDM,2022-01-12T18:05:43Z,"2022-01-12 18:05:43","الحلقة 136: موقف لا يحسد عليه…واحدة من القضايا لي خدمتهم ….حلقة تستحق المشاهدة ….خراز يحكي","هذه هي القناة الرسمية و الوحيدة لعبد القادر خراز Compte Instagrame officiel: https://www.instagram.com/abdelkader.kharraz/?hl=fr contact via email : khazmehdi1@gmail.com support us : https://paypal.me/kharraz729?locale.x=en_US يرجى التبليغ عن اي قناة زائفة",,22,"People & Blogs",Religion,PT42M21S,2541,2d,hd,false,ar,ar,https://i.ytimg.com/vi/y07DqGVuQDM/maxresdefault.jpg,1,,,,,1987286,59644,,0,5871
469,UCCPQpi9U-iXFWlMSUg_nxTw,"Abdelkader Kharraz",WEsAJuogTpo,2022-01-10T17:54:29Z,"2022-01-10 17:54:29","الحلقة 135: سارق و مسروق….شكون لي سرق المسروق؟…. قصة غريبة…خراز يحكي","هذه هي القناة الرسمية و الوحيدة لعبد القادر خراز Compte Instagrame officiel: https://www.instagram.com/abdelkader.kharraz/?hl=fr contact via email : khazmehdi1@gmail.com support us : https://paypal.me/kharraz729?locale.x=en_US يرجى التبليغ عن اي قناة زائفة",,22,"People & Blogs",Religion,PT34M16S,2056,2d,hd,false,ar,ar,https://i.ytimg.com/vi/WEsAJuogTpo/maxresdefault.jpg,1,,,,,1128871,38520,,0,4114
470,UCCPQpi9U-iXFWlMSUg_nxTw,"Abdelkader Kharraz",NgVviE_PXO0,2022-01-08T18:31:56Z,"2022-01-08 18:31:56","الحلقة 134: وحش في بزوغ الفجر….واحدة من أبشع القضايا لي خدمتهم….خراز يحكي","هذه هي القناة الرسمية و الوحيدة لعبد القادر خراز Compte Instagrame officiel: https://www.instagram.com/abdelkader.kharraz/?hl=fr contact via email : khazmehdi1@gmail.com support us : https://paypal.me/kharraz729?locale.x=en_US يرجى التبليغ عن اي قناة زائفة",,22,"People & Blogs",Religion,PT38M33S,2313,2d,hd,false,ar,ar,https://i.ytimg.com/vi/NgVviE_PXO0/maxresdefault.jpg,1,,,,,2077604,68765,,0,8581
471,UCCPQpi9U-iXFWlMSUg_nxTw,"Abdelkader Kharraz",sajhwxowvc0,2022-01-01T18:12:49Z,"2022-01-01 18:12:49","الحلقة 133: بنات الدرب ….قضية بدات من والو و انتهت بكارثة …خراز يحكي","هذه هي القناة الرسمية و الوحيدة لعبد القادر خراز Compte Instagrame officiel: https://www.instagram.com/abdelkader.kharraz/?hl=fr contact via email : khazmehdi1@gmail.com support us : https://paypal.me/kharraz729?locale.x=en_US يرجى التبليغ عن اي قناة زائفة",,22,"People & Blogs",,PT39M23S,2363,2d,hd,false,ar,ar,https://i.ytimg.com/vi/sajhwxowvc0/maxresdefault.jpg,1,,,,,2452587,71257,,0,8131
472,UCCPQpi9U-iXFWlMSUg_nxTw,"Abdelkader Kharraz",iq6SC2rW_34,2021-12-31T19:34:27Z,"2021-12-31 19:34:27","حلقة رأس السنة 2022: ….قصتين من افضل القصص …خراز يحكي","هذه هي القناة الرسمية و الوحيدة لعبد القادر خراز Compte Instagrame officiel: https://www.instagram.com/abdelkader.kharraz/?hl=fr contact via email : khazmehdi1@gmail.com support us : https://paypal.me/kharraz729?locale.x=en_US يرجى التبليغ عن اي قناة زائفة",,22,"People & Blogs",Religion,PT1H6M53S,413,2d,hd,false,ar,ar,https://i.ytimg.com/vi/iq6SC2rW_34/maxresdefault.jpg,1,,,,,3821844,74389,,0,5569
473,UCCPQpi9U-iXFWlMSUg_nxTw,"Abdelkader Kharraz",dnlYhx0mFyE,2021-12-29T17:51:48Z,"2021-12-29 17:51:48","الحلقة 132: بين الغيرة و الشك ….ما أحسن الغيرة في حينها، وأقبح الغيرة في كل حين….خراز يحكي","هذه هي القناة الرسمية و الوحيدة لعبد القادر خراز Compte Instagrame officiel: https://www.instagram.com/abdelkader.kharraz/?hl=fr contact via email : khazmehdi1@gmail.com support us : https://paypal.me/kharraz729?locale.x=en_US يرجى التبليغ عن اي قناة زائفة",,22,"People & Blogs",Religion,PT37M20S,2240,2d,hd,false,ar,ar,https://i.ytimg.com/vi/dnlYhx0mFyE/maxresdefault.jpg,1,,,,,1347753,41790,,0,3911
474,UCCPQpi9U-iXFWlMSUg_nxTw,"Abdelkader Kharraz",zYUhxfc9fnI,2021-12-27T17:42:39Z,"2021-12-27 17:42:39","الحلقة 131 :النيران في مجرى الماء….حرق الدوار كامل ….خراز يحكي","هذه هي القناة الرسمية و الوحيدة لعبد القادر خراز Compte Instagrame officiel: https://www.instagram.com/abdelkader.kharraz/?hl=fr contact via email : khazmehdi1@gmail.com support us : https://paypal.me/kharraz729?locale.x=en_US يرجى التبليغ عن اي قناة زائفة",,22,"People & Blogs",,PT36M9S,2169,2d,hd,false,ar,ar,https://i.ytimg.com/vi/zYUhxfc9fnI/maxresdefault.jpg,1,,,,,1122323,38866,,0,2485
475,UCCPQpi9U-iXFWlMSUg_nxTw,"Abdelkader Kharraz",DW4qqqntzqs,2021-12-25T17:50:58Z,"2021-12-25 17:50:58","الحلقة 130: قصة ابراهيم انزا ….القصة الأكثر طلباً ….خراز يحكي","هذه هي القناة الرسمية و الوحيدة لعبد القادر خراز Compte Instagrame officiel: https://www.instagram.com/abdelkader.kharraz/?hl=fr contact via email : khazmehdi1@gmail.com support us : https://paypal.me/kharraz729?locale.x=en_US يرجى التبليغ عن اي قناة زائفة",,22,"People & Blogs",Religion,PT55M15S,3315,2d,hd,false,ar,ar,https://i.ytimg.com/vi/DW4qqqntzqs/maxresdefault.jpg,1,,,,,4721341,91030,,0,8505
476,UCCPQpi9U-iXFWlMSUg_nxTw,"Abdelkader Kharraz",2YAaUaA65x4,2021-12-22T18:03:51Z,"2021-12-22 18:03:51","الحلقة 129: وقع ما لم يكن في الحسبان!…خراز يحكي","هذه هي القناة الرسمية و الوحيدة لعبد القادر خراز Compte Instagrame officiel: https://www.instagram.com/abdelkader.kharraz/?hl=fr contact via email : khazmehdi1@gmail.com support us : https://paypal.me/kharraz729?locale.x=en_US يرجى التبليغ عن اي قناة زائفة",,22,"People & Blogs",Religion,PT31M54S,1914,2d,hd,false,ar,ar,https://i.ytimg.com/vi/2YAaUaA65x4/maxresdefault.jpg,1,,,,,1188360,39457,,0,2817
477,UCCPQpi9U-iXFWlMSUg_nxTw,"Abdelkader Kharraz",xMbJj1Jwtg0,2021-12-20T18:02:32Z,"2021-12-20 18:02:32","الحلقة 128: قصة واسمين….قصة اخطر مجرم في مدينة الرباط….خانتو الصحة…خراز يحكي","هذه هي القناة الرسمية و الوحيدة لعبد القادر خراز Compte Instagrame officiel: https://www.instagram.com/abdelkader.kharraz/?hl=fr contact via email : khazmehdi1@gmail.com support us : https://paypal.me/kharraz729?locale.x=en_US يرجى التبليغ عن اي قناة زائفة",,22,"People & Blogs",,PT23M2S,1382,2d,hd,false,ar,ar,https://i.ytimg.com/vi/xMbJj1Jwtg0/maxresdefault.jpg,1,,,,,1183461,39135,,0,2948
478,UCCPQpi9U-iXFWlMSUg_nxTw,"Abdelkader Kharraz",xt8wolM77Z4,2021-12-18T17:42:40Z,"2021-12-18 17:42:40","الحلقة 127: ليس اهلا للثقة….قصة فيها عبرة كبيرة…بغا ياخد كلشي بسباب الطمع….خراز يحكي","هذه هي القناة الرسمية و الوحيدة لعبد القادر خراز Compte Instagrame officiel: https://www.instagram.com/abdelkader.kharraz/?hl=fr contact via email : khazmehdi1@gmail.com support us : https://paypal.me/kharraz729?locale.x=en_US يرجى التبليغ عن اي قناة زائفة",,22,"People & Blogs",Religion,PT37M,2220,2d,hd,false,ar,ar,https://i.ytimg.com/vi/xt8wolM77Z4/maxresdefault.jpg,1,,,,,1247142,37391,,0,2251
479,UCCPQpi9U-iXFWlMSUg_nxTw,"Abdelkader Kharraz",ozrdaliGhkg,2021-12-15T17:48:53Z,"2021-12-15 17:48:53","الحلقة 126: طلب الفدية….خطفوه و طلبو 100 مليون باش يطلقوه ولكن شكون سباب؟….خراز يحكي","هذه هي القناة الرسمية و الوحيدة لعبد القادر خراز Compte Instagrame officiel: https://www.instagram.com/abdelkader.kharraz/?hl=fr contact via email : khazmehdi1@gmail.com support us : https://paypal.me/kharraz729?locale.x=en_US يرجى التبليغ عن اي قناة زائفة",,22,"People & Blogs",,PT36M32S,2192,2d,hd,false,ar,ar,https://i.ytimg.com/vi/ozrdaliGhkg/maxresdefault.jpg,1,,,,,1171832,38711,,0,3450
480,UCCPQpi9U-iXFWlMSUg_nxTw,"Abdelkader Kharraz",oiOLct3kFJA,2021-12-13T17:57:48Z,"2021-12-13 17:57:48","الحلقة 125:عندما يعيد التاريخ نفسه مرتين …قصة مؤلمة….نفس المصير….خراز يحكي","هذه هي القناة الرسمية و الوحيدة لعبد القادر خراز Compte Instagrame officiel: https://www.instagram.com/abdelkader.kharraz/?hl=fr contact via email : khazmehdi1@gmail.com support us : https://paypal.me/kharraz729?locale.x=en_US يرجى التبليغ عن اي قناة زائفة",,22,"People & Blogs",Religion,PT30M52S,1852,2d,hd,false,ar,ar,https://i.ytimg.com/vi/oiOLct3kFJA/maxresdefault.jpg,1,,,,,1196497,42080,,0,4255
481,UCCPQpi9U-iXFWlMSUg_nxTw,"Abdelkader Kharraz",p98KUMJnh2A,2021-12-11T17:03:43Z,"2021-12-11 17:03:43","الحلقة 124: مول الكاميو…احداث كثيرة فهاد القصة ولكن النهاية ؟….خراز يحكي","هذه هي القناة الرسمية و الوحيدة لعبد القادر خراز Compte Instagrame officiel: https://www.instagram.com/abdelkader.kharraz/?hl=fr contact via email : khazmehdi1@gmail.com support us : https://paypal.me/kharraz729?locale.x=en_US يرجى التبليغ عن اي قناة زائفة",,22,"People & Blogs",,PT41M3S,2463,2d,hd,false,ar,ar,https://i.ytimg.com/vi/p98KUMJnh2A/maxresdefault.jpg,1,,,,,1604504,51563,,0,3732
482,UCCPQpi9U-iXFWlMSUg_nxTw,"Abdelkader Kharraz",0EQdv2n1MaI,2021-12-08T18:00:28Z,"2021-12-08 18:00:28","الحلقة 123: القدوة السيئة…جوح قصص بنفس المغزى …درس مهم في الحياة…خراز يحكي","الدكتورة سناء : https://instagram.com/cabinetdocteurbeauty?utm_medium=copy_link هذه هي القناة الرسمية و الوحيدة لعبد القادر خراز https://www.instagram.com/s.blancofficiel/ :الملابس و الازياء من طرف Compte Instagrame officiel: https://www.instagram.com/abdelkader.kharraz/?hl=fr contact via email : khazmehdi1@gmail.com support us : https://paypal.me/kharraz729?locale.x=en_US يرجى التبليغ عن اي قناة زائفة",,22,"People & Blogs",Religion,PT47M31S,2851,2d,hd,false,ar,ar,https://i.ytimg.com/vi/0EQdv2n1MaI/maxresdefault.jpg,1,,,,,1619682,43685,,0,3513
483,UCCPQpi9U-iXFWlMSUg_nxTw,"Abdelkader Kharraz",221b_Xvva-U,2021-12-06T18:12:49Z,"2021-12-06 18:12:49","الحلقة 122: المناديل الورقية…عشاء من نوع اخر …و النهاية المؤلمة…خراز يحكي","هذه هي القناة الرسمية و الوحيدة لعبد القادر خراز Compte Instagrame officiel: https://www.instagram.com/abdelkader.kharraz/?hl=fr contact via email : khazmehdi1@gmail.com support us : https://paypal.me/kharraz729?locale.x=en_US يرجى التبليغ عن اي قناة زائفة",,22,"People & Blogs",,PT30M37S,1837,2d,hd,false,ar,ar,https://i.ytimg.com/vi/221b_Xvva-U/maxresdefault.jpg,1,,,,,1309218,43571,,0,4730
484,UCCPQpi9U-iXFWlMSUg_nxTw,"Abdelkader Kharraz",hessWI2kII8,2021-12-04T17:56:36Z,"2021-12-04 17:56:36","الحلقة 121:الرسائل الاخيرة…. قصة تقشعر لها الابدان…خراز يحكي","هذه هي القناة الرسمية و الوحيدة لعبد القادر خراز Compte Instagrame officiel: https://www.instagram.com/abdelkader.kharraz/?hl=fr contact via email : khazmehdi1@gmail.com support us : https://paypal.me/kharraz729?locale.x=en_US يرجى التبليغ عن اي قناة زائفة",,22,"People & Blogs",Religion,PT40M18S,2418,2d,hd,false,ar,ar,https://i.ytimg.com/vi/hessWI2kII8/maxresdefault.jpg,1,,,,,2117009,55124,,0,5315
485,UCCPQpi9U-iXFWlMSUg_nxTw,"Abdelkader Kharraz",7xarw8gUsnA,2021-12-01T18:01:19Z,"2021-12-01 18:01:19","الحلقة 120 : الخطة المحكمة ….لقاوه مخنوق و كيفاش وقع؟…من اكثر القصص المشوقة …. خراز يحكي","هذه هي القناة الرسمية و الوحيدة لعبد القادر خراز Compte Instagrame officiel: https://www.instagram.com/abdelkader.kharraz/?hl=fr contact via email : khazmehdi1@gmail.com support us : https://paypal.me/kharraz729?locale.x=en_US يرجى التبليغ عن اي قناة زائفة",,22,"People & Blogs",Religion,PT50M36S,3036,2d,hd,false,ar,ar,https://i.ytimg.com/vi/7xarw8gUsnA/maxresdefault.jpg,1,,,,,2732409,58805,,0,3636
486,UCCPQpi9U-iXFWlMSUg_nxTw,"Abdelkader Kharraz",J2YS_fq4G4E,2021-11-27T17:41:12Z,"2021-11-27 17:41:12","الحلقة 119: لقد طفح الكيل…المرآة الجبلية….كيفاش لقاوه مقطع طراف و مرمي فجنب الواد؟…خراز يحكي","هذه هي القناة الرسمية و الوحيدة لعبد القادر خراز Compte Instagrame officiel: https://www.instagram.com/abdelkader.kharraz/?hl=fr contact via email : khazmehdi1@gmail.com support us : https://paypal.me/kharraz729?locale.x=en_US يرجى التبليغ عن اي قناة زائفة",,22,"People & Blogs",Religion,PT39M54S,2394,2d,hd,false,ar,ar,https://i.ytimg.com/vi/J2YS_fq4G4E/maxresdefault.jpg,1,,,,,1636516,47979,,0,3402
487,UCCPQpi9U-iXFWlMSUg_nxTw,"Abdelkader Kharraz",fVPDgM3Z5Do,2021-11-24T18:01:41Z,"2021-11-24 18:01:41","الحلقة 118 : التسرع ثمرته الندم…كان معاها و خلاها ولكن….قصة مشوقة بنهاية حزينة جدًا….خراز يحكي","هذه هي القناة الرسمية و الوحيدة لعبد القادر خراز Compte Instagrame officiel: https://www.instagram.com/abdelkader.kharraz/?hl=fr contact via email : khazmehdi1@gmail.com support us : https://paypal.me/kharraz729?locale.x=en_US يرجى التبليغ عن اي قناة زائفة",,22,"People & Blogs",,PT43M11S,2591,2d,hd,false,ar,ar,https://i.ytimg.com/vi/fVPDgM3Z5Do/maxresdefault.jpg,1,,,,,1773339,49134,,0,4646
488,UCCPQpi9U-iXFWlMSUg_nxTw,"Abdelkader Kharraz",MluEMCuqok8,2021-11-22T18:02:13Z,"2021-11-22 18:02:13","حلقة خاصة:الصمت الكبير….قصة محزنة جدا…من رحم المعاناة يولد الامل…خراز يحكي","هذه هي القناة الرسمية و الوحيدة لعبد القادر خراز Compte Instagrame officiel: https://www.instagram.com/abdelkader.kharraz/?hl=fr contact via email : khazmehdi1@gmail.com support us : https://paypal.me/kharraz729?locale.x=en_US يرجى التبليغ عن اي قناة زائفة",,22,"People & Blogs",Religion,PT22M13S,1333,2d,hd,false,ar,ar,https://i.ytimg.com/vi/MluEMCuqok8/maxresdefault.jpg,1,,,,,1188934,41447,,0,3328
489,UCCPQpi9U-iXFWlMSUg_nxTw,"Abdelkader Kharraz",j57oIf-Sm0c,2021-11-20T17:53:29Z,"2021-11-20 17:53:29","الحلقة 117 : اللعب مع الصغار….خاف من الشوهة و شنو وقع فهاد القضية؟…خراز يحكي","هذه هي القناة الرسمية و الوحيدة لعبد القادر خراز Compte Instagrame officiel: https://www.instagram.com/abdelkader.kharraz/?hl=fr contact via email : khazmehdi1@gmail.com support us : https://paypal.me/kharraz729?locale.x=en_US يرجى التبليغ عن اي قناة زائفة",,22,"People & Blogs",,PT34M50S,2090,2d,hd,false,ar,ar,https://i.ytimg.com/vi/j57oIf-Sm0c/maxresdefault.jpg,1,,,,,1162543,38482,,0,2352
490,UCCPQpi9U-iXFWlMSUg_nxTw,"Abdelkader Kharraz",CC1x5DzznSE,2021-11-17T18:07:43Z,"2021-11-17 18:07:43","الحلقة 116: اختفاء رجل الاعمال….والعائلة كلها كتقلب عليه….شنو وقع؟…خراز يحكي","هذه هي القناة الرسمية و الوحيدة لعبد القادر خراز Compte Instagrame officiel: https://www.instagram.com/abdelkader.kharraz/?hl=fr contact via email : khazmehdi1@gmail.com support us : https://paypal.me/kharraz729?locale.x=en_US يرجى التبليغ عن اي قناة زائفة",,22,"People & Blogs",,PT44M40S,2680,2d,hd,false,ar,ar,https://i.ytimg.com/vi/CC1x5DzznSE/maxresdefault.jpg,1,,,,,2044289,50823,,0,3252
491,UCCPQpi9U-iXFWlMSUg_nxTw,"Abdelkader Kharraz",4GH1RuBFoVE,2021-11-15T17:56:45Z,"2021-11-15 17:56:45","حلقة خاصة : الفتاة القروية…شنو وقع؟...قصة محزنة جدًا….خراز يحكي","هذه هي القناة الرسمية و الوحيدة لعبد القادر خراز Compte Instagrame officiel: https://www.instagram.com/abdelkader.kharraz/?hl=fr contact via email : khazmehdi1@gmail.com support us : https://paypal.me/kharraz729?locale.x=en_US يرجى التبليغ عن اي قناة زائفة",,22,"People & Blogs",,PT19M23S,1163,2d,hd,false,ar,ar,https://i.ytimg.com/vi/4GH1RuBFoVE/maxresdefault.jpg,1,,,,,1040248,39365,,0,3647
492,UCCPQpi9U-iXFWlMSUg_nxTw,"Abdelkader Kharraz",WhcqQt-18G8,2021-11-13T18:02:00Z,"2021-11-13 18:02:00","الحلقة 115 : الجيران سمعو البكاء ديال بنت صغيرة…و منين فتحو الباب لقاو كارثة…خراز يحكي","هذه هي القناة الرسمية و الوحيدة لعبد القادر خراز Compte Instagrame officiel: https://www.instagram.com/abdelkader.kharraz/?hl=fr contact via email : khazmehdi1@gmail.com support us : https://paypal.me/kharraz729?locale.x=en_US يرجى التبليغ عن اي قناة زائفة",,22,"People & Blogs",,PT36M23S,2183,2d,hd,false,ar,ar,https://i.ytimg.com/vi/WhcqQt-18G8/maxresdefault.jpg,1,,,,,1385422,45910,,0,3554
493,UCCPQpi9U-iXFWlMSUg_nxTw,"Abdelkader Kharraz",4HJBn5_1u7c,2021-11-10T17:54:24Z,"2021-11-10 17:54:24","الحلقة 114: السيكليس…قصة بنهاية غير متوقعة….الحق كيبان من مورا مدة طويلة….خراز يحكي","هذه هي القناة الرسمية و الوحيدة لعبد القادر خراز Compte Instagrame officiel: https://www.instagram.com/abdelkader.kharraz/?hl=fr contact via email : khazmehdi1@gmail.com support us : https://paypal.me/kharraz729?locale.x=en_US يرجى التبليغ عن اي قناة زائفة",,22,"People & Blogs",,PT38M30S,2310,2d,hd,false,ar,ar,https://i.ytimg.com/vi/4HJBn5_1u7c/maxresdefault.jpg,1,,,,,1592260,49544,,0,5439
494,UCCPQpi9U-iXFWlMSUg_nxTw,"Abdelkader Kharraz",QJnwnff04Q0,2021-11-06T17:57:34Z,"2021-11-06 17:57:34","الحلقة 113: بنت هازا دارهم كاملة…لقاوها فالشارع فواحد الحالة…خراز يحكي","هذه هي القناة الرسمية و الوحيدة لعبد القادر خراز Compte Instagrame officiel: https://www.instagram.com/abdelkader.kharraz/?hl=fr contact via email : khazmehdi1@gmail.com support us : https://paypal.me/kharraz729?locale.x=en_US يرجى التبليغ عن اي قناة زائفة",,22,"People & Blogs",,PT46M39S,2799,2d,hd,false,ar,ar,https://i.ytimg.com/vi/QJnwnff04Q0/maxresdefault.jpg,1,,,,,1855334,49243,,0,3713
495,UCCPQpi9U-iXFWlMSUg_nxTw,"Abdelkader Kharraz",njvnvAFNSyA,2021-11-03T17:55:41Z,"2021-11-03 17:55:41","الحلقة 112: الطمع كيعمي العينين….لقاوهم مخنوقين فقلب الدار….خراز يحكي","هذه هي القناة الرسمية و الوحيدة لعبد القادر خراز Compte Instagrame officiel: https://www.instagram.com/abdelkader.kharraz/?hl=fr contact via email : khazmehdi1@gmail.com support us : https://paypal.me/kharraz729?locale.x=en_US يرجى التبليغ عن اي قناة زائفة",,22,"People & Blogs",Religion,PT38M38S,2318,2d,hd,false,ar,ar,https://i.ytimg.com/vi/njvnvAFNSyA/maxresdefault.jpg,1,,,,,2016864,48720,,0,4081
496,UCCPQpi9U-iXFWlMSUg_nxTw,"Abdelkader Kharraz",SK_4TiKx_Xg,2021-10-30T17:49:56Z,"2021-10-30 17:49:56","الحلقة 111: فتاة مجهولة الهوية…لقاوها فجنب سكة القطار…خراز يحكي","هذه هي القناة الرسمية و الوحيدة لعبد القادر خراز Compte Instagrame officiel: https://www.instagram.com/abdelkader.kharraz/?hl=fr contact via email : khazmehdi1@gmail.com support us : https://paypal.me/kharraz729?locale.x=en_US يرجى التبليغ عن اي قناة زائفة",,22,"People & Blogs",Religion,PT48M19S,2899,2d,hd,false,ar,ar,https://i.ytimg.com/vi/SK_4TiKx_Xg/maxresdefault.jpg,1,,,,,2105377,53686,,0,4546
497,UCCPQpi9U-iXFWlMSUg_nxTw,"Abdelkader Kharraz",vSo7oaDxTd0,2021-10-27T17:49:58Z,"2021-10-27 17:49:58","الحلقة 110: السؤال أين اخي؟..والجواب نهاية مأساوية..قصة مشوقة جدًا…خراز يحكي","هذه هي القناة الرسمية و الوحيدة لعبد القادر خراز Compte Instagrame officiel: https://www.instagram.com/abdelkader.kharraz/?hl=fr contact via email : khazmehdi1@gmail.com support us : https://paypal.me/kharraz729?locale.x=en_US يرجى التبليغ عن اي قناة زائفة",,22,"People & Blogs",Religion,PT42M33S,2553,2d,hd,false,ar,ar,https://i.ytimg.com/vi/vSo7oaDxTd0/maxresdefault.jpg,1,,,,,2354793,59635,,0,7894
498,UCCPQpi9U-iXFWlMSUg_nxTw,"Abdelkader Kharraz",xe85wWyiQOQ,2021-10-23T17:55:54Z,"2021-10-23 17:55:54","الحلقة 109: عصابة سرقة المضخات….البحث المعمق….خراز يحكي","هذه هي القناة الرسمية و الوحيدة لعبد القادر خراز Compte Instagrame officiel: https://www.instagram.com/abdelkader.kharraz/?hl=fr contact via email : khazmehdi1@gmail.com support us : https://paypal.me/kharraz729?locale.x=en_US يرجى التبليغ عن اي قناة زائفة",,22,"People & Blogs",,PT37M1S,2221,2d,hd,false,ar,ar,https://i.ytimg.com/vi/xe85wWyiQOQ/maxresdefault.jpg,1,,,,,1175746,39845,,0,5765
499,UCCPQpi9U-iXFWlMSUg_nxTw,"Abdelkader Kharraz",XpTZXjJ76sk,2021-10-20T17:56:35Z,"2021-10-20 17:56:35","الحلقة : الاحساس بالخيانة خلاها دير هاد الكارثة….الضربة القاضية….خراز يحكي","هذه هي القناة الرسمية و الوحيدة لعبد القادر خراز Compte Instagrame officiel: https://www.instagram.com/abdelkader.kharraz/?hl=fr contact via email : khazmehdi1@gmail.com support us : https://paypal.me/kharraz729?locale.x=en_US يرجى التبليغ عن اي قناة زائفة",,22,"People & Blogs",Religion,PT36M49S,2209,2d,hd,false,ar,ar,https://i.ytimg.com/vi/XpTZXjJ76sk/maxresdefault.jpg,1,,,,,1572013,48632,,0,4209
500,UCCPQpi9U-iXFWlMSUg_nxTw,"Abdelkader Kharraz",IkJdr_ldF18,2021-10-19T18:13:54Z,"2021-10-19 18:13:54","الحلقة 107: حلقة العيد …جوج قصص..القصة الثانية بكاتني….خراز يحكي","هذه هي القناة الرسمية و الوحيدة لعبد القادر خراز Compte Instagrame officiel: https://www.instagram.com/abdelkader.kharraz/?hl=fr contact via email : khazmehdi1@gmail.com support us : https://paypal.me/kharraz729?locale.x=en_US يرجى التبليغ عن اي قناة زائفة",,22,"People & Blogs",Religion,PT1H4M2S,242,2d,hd,false,ar,ar,https://i.ytimg.com/vi/IkJdr_ldF18/maxresdefault.jpg,1,,,,,3911025,62305,,0,4535
501,UCCPQpi9U-iXFWlMSUg_nxTw,"Abdelkader Kharraz",wxzGt9g4nB8,2021-10-16T18:30:18Z,"2021-10-16 18:30:18","الحلقة 106 : زوجة ابي….و التحقيقات الصعبة لي دازو منها البوليس….خراز يحكي","هذه هي القناة الرسمية و الوحيدة لعبد القادر خراز Compte Instagrame officiel: https://www.instagram.com/abdelkader.kharraz/?hl=fr contact via email : khazmehdi1@gmail.com support us : https://paypal.me/kharraz729?locale.x=en_US يرجى التبليغ عن اي قناة زائفة",,22,"People & Blogs",,PT38M43S,2323,2d,hd,false,ar,ar,https://i.ytimg.com/vi/wxzGt9g4nB8/maxresdefault.jpg,1,,,,,1669272,47340,,0,3318
502,UCCPQpi9U-iXFWlMSUg_nxTw,"Abdelkader Kharraz",Mn6fqz1hmlI,2021-10-13T18:16:55Z,"2021-10-13 18:16:55","الحلقة 105 : اصدقاء ولكن…الغدر من اقرب الناس…. صحبة السوء…خراز يحكي","هذه هي القناة الرسمية و الوحيدة لعبد القادر خراز Compte Instagrame officiel: https://www.instagram.com/abdelkader.kharraz/?hl=fr contact via email : khazmehdi1@gmail.com support us : https://paypal.me/kharraz729?locale.x=en_US يرجى التبليغ عن اي قناة زائفة",,22,"People & Blogs",Religion,PT44M5S,2645,2d,hd,false,ar,ar,https://i.ytimg.com/vi/Mn6fqz1hmlI/maxresdefault.jpg,1,,,,,1571753,48490,,0,4483
503,UCCPQpi9U-iXFWlMSUg_nxTw,"Abdelkader Kharraz",Qrdx4JfOs7E,2021-10-09T18:04:52Z,"2021-10-09 18:04:52","الحلقة 104: حتى شاب عاد دارو ليه حجاب … خراز يحكي","هذه هي القناة الرسمية و الوحيدة لعبد القادر خراز Compte Instagrame officiel: https://www.instagram.com/abdelkader.kharraz/?hl=fr contact via email : khazmehdi1@gmail.com support us : https://paypal.me/kharraz729?locale.x=en_US يرجى التبليغ عن اي قناة زائفة",,22,"People & Blogs",Religion,PT40M30S,2430,2d,hd,false,ar,ar,https://i.ytimg.com/vi/Qrdx4JfOs7E/maxresdefault.jpg,1,,,,,1425900,42541,,0,3074
504,UCCPQpi9U-iXFWlMSUg_nxTw,"Abdelkader Kharraz",IWGAPDcwIV4,2021-10-06T18:07:46Z,"2021-10-06 18:07:46","الحلقة 103 : اكثر القصص المؤثرة لي خدمتهم….السوري و بنت الفقيه….خراز يحكي","هذه هي القناة الرسمية و الوحيدة لعبد القادر خراز Compte Instagrame officiel: https://www.instagram.com/abdelkader.kharraz/?hl=fr contact via email : khazmehdi1@gmail.com support us : https://paypal.me/kharraz729?locale.x=en_US يرجى التبليغ عن اي قناة زائفة",,22,"People & Blogs",Religion,PT44M49S,2689,2d,hd,false,ar,ar,https://i.ytimg.com/vi/IWGAPDcwIV4/maxresdefault.jpg,1,,,,,2296914,57794,,0,3766
505,UCCPQpi9U-iXFWlMSUg_nxTw,"Abdelkader Kharraz",YVN3j4E7aj0,2021-10-02T17:58:13Z,"2021-10-02 17:58:13","الحلقة 102: ولد لفشوش …قصة و عبرة كبيرة…خراز يحكي","هذه هي القناة الرسمية و الوحيدة لعبد القادر خراز Compte Instagrame officiel: https://www.instagram.com/abdelkader.kharraz/?hl=fr contact via email : khazmehdi1@gmail.com support us : https://paypal.me/kharraz729?locale.x=en_US يرجى التبليغ عن اي قناة زائفة",,22,"People & Blogs",,PT44M48S,2688,2d,hd,false,ar,ar,https://i.ytimg.com/vi/YVN3j4E7aj0/maxresdefault.jpg,1,,,,,1293407,44645,,0,2852
506,UCCPQpi9U-iXFWlMSUg_nxTw,"Abdelkader Kharraz",_QE8hk2u0Z0,2021-09-29T18:05:40Z,"2021-09-29 18:05:40","الحلقة 101: نهاية لي معندو سيدو عندو لالاه…خراز يحكي","هذه هي القناة الرسمية و الوحيدة لعبد القادر خراز Compte Instagrame officiel: https://www.instagram.com/abdelkader.kharraz/?hl=fr contact via email : khazmehdi1@gmail.com support us : https://paypal.me/kharraz729?locale.x=en_US يرجى التبليغ عن اي قناة زائفة",,22,"People & Blogs",,PT46M27S,2787,2d,hd,false,ar,ar,https://i.ytimg.com/vi/_QE8hk2u0Z0/maxresdefault.jpg,1,,,,,1787280,53296,,0,5366
507,UCCPQpi9U-iXFWlMSUg_nxTw,"Abdelkader Kharraz",1Ui83PIoXZI,2021-09-25T17:57:03Z,"2021-09-25 17:57:03","الحلقة 100: الخطاف ….فاش الطمع كيتلاقا مع الغدر….خراز يحكي","هذه هي القناة الرسمية و الوحيدة لعبد القادر خراز Compte Instagrame officiel: https://www.instagram.com/abdelkader.kharraz/?hl=fr contact via email : khazmehdi1@gmail.com support us : https://paypal.me/kharraz729?locale.x=en_US يرجى التبليغ عن اي قناة زائفة",,22,"People & Blogs",Religion,PT37M49S,2269,2d,hd,false,ar,ar,https://i.ytimg.com/vi/1Ui83PIoXZI/maxresdefault.jpg,1,,,,,1441298,43174,,0,2876
508,UCCPQpi9U-iXFWlMSUg_nxTw,"Abdelkader Kharraz",Ak45hCoWsIw,2021-09-22T18:28:43Z,"2021-09-22 18:28:43","الحلقة 99 : السلاح المفقود… و الموصيبة ديال الوضيفة ديالو…خراز يحكي","هذه هي القناة الرسمية و الوحيدة لعبد القادر خراز Compte Instagrame officiel: https://www.instagram.com/abdelkader.kharraz/?hl=fr contact via email : khazmehdi1@gmail.com support us : https://paypal.me/kharraz729?locale.x=en_US يرجى التبليغ عن اي قناة زائفة",,22,"People & Blogs",,PT37M9S,2229,2d,hd,false,ar,ar,https://i.ytimg.com/vi/Ak45hCoWsIw/maxresdefault.jpg,1,,,,,1269546,46088,,0,5872
509,UCCPQpi9U-iXFWlMSUg_nxTw,"Abdelkader Kharraz",vHgubyyfVPQ,2021-09-18T17:50:15Z,"2021-09-18 17:50:15","الحلقة 98: مجرم له وجهان….من اكبر القضايا في مدينة الرباط…خراز يحكي","هذه هي القناة الرسمية و الوحيدة لعبد القادر خراز Compte Instagrame officiel: https://www.instagram.com/abdelkader.kharraz/?hl=fr contact via email : khazmehdi1@gmail.com support us : https://paypal.me/kharraz729?locale.x=en_US يرجى التبليغ عن اي قناة زائفة",,22,"People & Blogs",,PT1H11M44S,704,2d,hd,false,ar,ar,https://i.ytimg.com/vi/vHgubyyfVPQ/maxresdefault.jpg,1,,,,,6489078,102164,,0,7274
510,UCCPQpi9U-iXFWlMSUg_nxTw,"Abdelkader Kharraz",IpsV3AHKEM8,2021-09-15T18:30:47Z,"2021-09-15 18:30:47","الحلقة 97: لبس قدك يواتيك…خراز يحكي","هذه هي القناة الرسمية و الوحيدة لعبد القادر خراز Compte Instagrame officiel: https://www.instagram.com/abdelkader.kharraz/?hl=fr contact via email : khazmehdi1@gmail.com support us : https://paypal.me/kharraz729?locale.x=en_US يرجى التبليغ عن اي قناة زائفة",,22,"People & Blogs",Religion,PT41M54S,2514,2d,hd,false,ar,ar,https://i.ytimg.com/vi/IpsV3AHKEM8/maxresdefault.jpg,1,,,,,1180325,40866,,0,3929
511,UCCPQpi9U-iXFWlMSUg_nxTw,"Abdelkader Kharraz",xAb4fxiZwvM,2021-09-11T18:11:59Z,"2021-09-11 18:11:59","الحلقة 96: العلاقات المشبوهة….و ضيوف من نوع آخر…خراز يحكي","هذه هي القناة الرسمية و الوحيدة لعبد القادر خراز Compte Instagrame officiel: https://www.instagram.com/abdelkader.kharraz/?hl=fr contact via email : khazmehdi1@gmail.com support us : https://paypal.me/kharraz729?locale.x=en_US يرجى التبليغ عن اي قناة زائفة",,22,"People & Blogs",Religion,PT39M24S,2364,2d,hd,false,ar,ar,https://i.ytimg.com/vi/xAb4fxiZwvM/maxresdefault.jpg,1,,,,,1446686,48005,,0,3153
512,UCCPQpi9U-iXFWlMSUg_nxTw,"Abdelkader Kharraz",VUEPcLgidPY,2021-09-08T18:11:32Z,"2021-09-08 18:11:32","الحلقة 95 : دار الثقة فصديق العمر….ولكن الغدر جا من جهة اخرى…خراز يحكي","هذه هي القناة الرسمية و الوحيدة لعبد القادر خراز Compte Instagrame officiel: https://www.instagram.com/abdelkader.kharraz/?hl=fr contact via email : khazmehdi1@gmail.com support us : https://paypal.me/kharraz729?locale.x=en_US يرجى التبليغ عن اي قناة زائفة",,22,"People & Blogs",Religion,PT39M25S,2365,2d,hd,false,ar,ar,https://i.ytimg.com/vi/VUEPcLgidPY/maxresdefault.jpg,1,,,,,1483798,58657,,0,5426
513,UCCPQpi9U-iXFWlMSUg_nxTw,"Abdelkader Kharraz",R9cU87r6kpk,2021-09-06T13:14:09Z,"2021-09-06 13:14:09","الحلقة 94: حلقة خاصة …خراز يحكي","هذه هي القناة الرسمية و الوحيدة لعبد القادر خراز Compte Instagrame officiel: https://www.instagram.com/abdelkader.kharraz/?hl=fr contact via email : khazmehdi1@gmail.com support us : https://paypal.me/kharraz729?locale.x=en_US يرجى التبليغ عن اي قناة زائفة",,22,"People & Blogs",,PT18M8S,1088,2d,hd,false,ar,ar,https://i.ytimg.com/vi/R9cU87r6kpk/maxresdefault.jpg,1,,,,,594466,29074,,0,6078
514,UCCPQpi9U-iXFWlMSUg_nxTw,"Abdelkader Kharraz",bUO3GM9kYcs,2021-09-04T17:58:15Z,"2021-09-04 17:58:15","الحلقة 93 : في وسط الجبال هاد المشعوذ دار كارثة…قصة غريبة و عجيبة…خراز يحكي","هذه هي القناة الرسمية و الوحيدة لعبد القادر خراز Compte Instagrame officiel: https://www.instagram.com/abdelkader.kharraz/?hl=fr contact via email : khazmehdi1@gmail.com support us : https://paypal.me/kharraz729?locale.x=en_US يرجى التبليغ عن اي قناة زائفة",,22,"People & Blogs",,PT57M24S,3444,2d,hd,false,ar,ar,https://i.ytimg.com/vi/bUO3GM9kYcs/maxresdefault.jpg,1,,,,,2797004,67564,,0,7556
515,UCCPQpi9U-iXFWlMSUg_nxTw,"Abdelkader Kharraz",UCyNwUGSWp4,2021-09-01T18:01:02Z,"2021-09-01 18:01:02","الحلقة 92: زواج الطمع….طمع خلاها تزوجو ولكن ؟….خراز يحكي","هذه هي القناة الرسمية و الوحيدة لعبد القادر خراز Compte Instagrame officiel: https://www.instagram.com/abdelkader.kharraz/?hl=fr contact via email : khazmehdi1@gmail.com support us : https://paypal.me/kharraz729?locale.x=en_US يرجى التبليغ عن اي قناة زائفة",,22,"People & Blogs",Religion,PT34M36S,2076,2d,hd,false,ar,ar,https://i.ytimg.com/vi/UCyNwUGSWp4/maxresdefault.jpg,1,,,,,1359936,44006,,0,2776
516,UCCPQpi9U-iXFWlMSUg_nxTw,"Abdelkader Kharraz",eC-qkxn_M64,2021-08-28T18:59:23Z,"2021-08-28 18:59:23","الحلقة 91 :بنت تالفة في القطار موراها قصة طويلة…و مستملحات في اخر الحلقة…خراز يحكي","هذه هي القناة الرسمية و الوحيدة لعبد القادر خراز Compte Instagrame officiel: https://www.instagram.com/abdelkader.kharraz/?hl=fr contact via email : khazmehdi1@gmail.com support us : https://paypal.me/kharraz729?locale.x=en_US يرجى التبليغ عن اي قناة زائفة",,22,"People & Blogs",,PT41M22S,2482,2d,hd,false,ar,ar,https://i.ytimg.com/vi/eC-qkxn_M64/maxresdefault.jpg,1,,,,,1546387,42792,,0,2993
517,UCCPQpi9U-iXFWlMSUg_nxTw,"Abdelkader Kharraz",UstD7gPR6gY,2021-08-25T17:57:37Z,"2021-08-25 17:57:37","الحلقة 90 : نقب و هرب …نقب و هرب..نقب وهرب…نقب و حصل…خراز يحكي","هذه هي القناة الرسمية و الوحيدة لعبد القادر خراز Compte Instagrame officiel: https://www.instagram.com/abdelkader.kharraz/?hl=fr contact via email : khazmehdi1@gmail.com support us : https://paypal.me/kharraz729?locale.x=en_US يرجى التبليغ عن اي قناة زائفة",,22,"People & Blogs",Religion,PT45M58S,2758,2d,hd,false,ar,ar,https://i.ytimg.com/vi/UstD7gPR6gY/maxresdefault.jpg,1,,,,,1763580,49502,,0,4678
518,UCCPQpi9U-iXFWlMSUg_nxTw,"Abdelkader Kharraz",ALhTHvvJ9DM,2021-08-23T18:49:31Z,"2021-08-23 18:49:31","الحلقة 89 : الحقيقة بانت في اللحظات الاخيرة….قصة غريبة…خراز يحكي","هذه هي القناة الرسمية و الوحيدة لعبد القادر خراز Compte Instagrame officiel: https://www.instagram.com/abdelkader.kharraz/?hl=fr contact via email : khazmehdi1@gmail.com support us : https://paypal.me/kharraz729?locale.x=en_US يرجى التبليغ عن اي قناة زائفة",,22,"People & Blogs",Religion,PT27M41S,1661,2d,hd,false,ar,ar,https://i.ytimg.com/vi/ALhTHvvJ9DM/maxresdefault.jpg,1,,,,,1415249,42560,,0,3156
519,UCCPQpi9U-iXFWlMSUg_nxTw,"Abdelkader Kharraz",r1QhBi5KqmQ,2021-08-21T17:51:20Z,"2021-08-21 17:51:20","الحلقة 88 : الفصل المشؤوم و المناصفة…..قضية مهمة جدًا…خراز يحكي","هذه هي القناة الرسمية و الوحيدة لعبد القادر خراز Compte Instagrame officiel: https://www.instagram.com/abdelkader.kharraz/?hl=fr contact via email : khazmehdi1@gmail.com support us : https://paypal.me/kharraz729?locale.x=en_US يرجى التبليغ عن اي قناة زائفة",,22,"People & Blogs",Religion,PT44M43S,2683,2d,hd,false,ar,ar,https://i.ytimg.com/vi/r1QhBi5KqmQ/maxresdefault.jpg,1,,,,,1501037,39518,,0,3545
520,UCCPQpi9U-iXFWlMSUg_nxTw,"Abdelkader Kharraz",0H6xrUY9YAM,2021-08-18T17:57:50Z,"2021-08-18 17:57:50","الحلقة 87 : الجمال ديال هاد البنت نعمة او نقمة؟…الجمال سيف ذو حدين…خراز يحكي","هذه هي القناة الرسمية و الوحيدة لعبد القادر خراز Compte Instagrame officiel: https://www.instagram.com/abdelkader.kharraz/?hl=fr contact via email : khazmehdi1@gmail.com support us : https://paypal.me/kharraz729?locale.x=en_US يرجى التبليغ عن اي قناة زائفة",,22,"People & Blogs",,PT32M42S,1962,2d,hd,false,ar,ar,https://i.ytimg.com/vi/0H6xrUY9YAM/maxresdefault.jpg,1,,,,,1043296,37304,,0,3431
521,UCCPQpi9U-iXFWlMSUg_nxTw,"Abdelkader Kharraz",kQf4lviQ2fo,2021-08-14T17:47:09Z,"2021-08-14 17:47:09","الحلقة 86:جوج قصص فحلقة واحدة…البنت الوحيدة ….الاختفاء المفاجئ…خراز يحكي","هذه هي القناة الرسمية و الوحيدة لعبد القادر خراز Compte Instagrame officiel: https://www.instagram.com/abdelkader.kharraz/?hl=fr contact via email : khazmehdi1@gmail.com support us : https://paypal.me/kharraz729?locale.x=en_US يرجى التبليغ عن اي قناة زائفة",,22,"People & Blogs",Religion,PT46M33S,2793,2d,hd,false,ar,ar,https://i.ytimg.com/vi/kQf4lviQ2fo/maxresdefault.jpg,1,,,,,2230064,57432,,0,6727
522,UCCPQpi9U-iXFWlMSUg_nxTw,"Abdelkader Kharraz",IsajtNMuiRc,2021-08-11T18:18:21Z,"2021-08-11 18:18:21","الحلقة 85 : حلقة خاصة ….و قصة فيها عبرة كبيرة …خراز يحكي","هذه هي القناة الرسمية و الوحيدة لعبد القادر خراز Compte Instagrame officiel: https://www.instagram.com/abdelkader.kharraz/?hl=fr contact via email : khazmehdi1@gmail.com support us : https://paypal.me/kharraz729?locale.x=en_US يرجى التبليغ عن اي قناة زائفة",,22,"People & Blogs",Religion,PT44M13S,2653,2d,hd,false,ar,ar,https://i.ytimg.com/vi/IsajtNMuiRc/maxresdefault.jpg,1,,,,,1256523,44885,,0,6999
523,UCCPQpi9U-iXFWlMSUg_nxTw,"Abdelkader Kharraz",9bRddW3gxRM,2021-08-07T17:57:11Z,"2021-08-07 17:57:11","الحلقة 84: زواج القاصر…….قصة مؤثرة من الواقع الحي…خراز يحكي","هذه هي القناة الرسمية و الوحيدة لعبد القادر خراز Compte Instagrame officiel: https://www.instagram.com/abdelkader.kharraz/?hl=fr contact via email : khazmehdi1@gmail.com support us : https://paypal.me/kharraz729?locale.x=en_US يرجى التبليغ عن اي قناة زائفة",,22,"People & Blogs",Religion,PT36M12S,2172,2d,hd,false,ar,ar,https://i.ytimg.com/vi/9bRddW3gxRM/maxresdefault.jpg,1,,,,,1048260,39375,,0,3291
524,UCCPQpi9U-iXFWlMSUg_nxTw,"Abdelkader Kharraz",B5xfe_6Uc2Q,2021-08-04T17:52:47Z,"2021-08-04 17:52:47","الحلقة 83 : الاختفاء ديال هاد البنت وشنو السبب ديالو….والفاعل هو؟؟….الحرص الزائد….خراز يحكي","هذه هي القناة الرسمية و الوحيدة لعبد القادر خراز https://www.instagram.com/s.blancofficiel/ :الملابس و الازياء من طرف Compte Instagrame officiel: https://www.instagram.com/abdelkader.kharraz/?hl=fr contact via email : khazmehdi1@gmail.com support us : https://paypal.me/kharraz729?locale.x=en_US يرجى التبليغ عن اي قناة زائفة",,22,"People & Blogs",,PT29M42S,1782,2d,hd,false,ar,ar,https://i.ytimg.com/vi/B5xfe_6Uc2Q/maxresdefault.jpg,1,,,,,1103882,38121,,0,3674
525,UCCPQpi9U-iXFWlMSUg_nxTw,"Abdelkader Kharraz",K96N5R0luFA,2021-07-31T18:15:59Z,"2021-07-31 18:15:59","الحلقة 82 : عملية النصب الأخيرة لها السيدة…..من القضايا لي خدمتهم…خراز يحكي","هذه هي القناة الرسمية و الوحيدة لعبد القادر خراز https://www.instagram.com/s.blancofficiel/ :الملابس و الازياء من طرف Compte Instagrame officiel: https://www.instagram.com/abdelkader.kharraz/?hl=fr contact via email : khazmehdi1@gmail.com support us : https://paypal.me/kharraz729?locale.x=en_US يرجى التبليغ عن اي قناة زائفة",,22,"People & Blogs",,PT31M16S,1876,2d,hd,false,ar,ar,https://i.ytimg.com/vi/K96N5R0luFA/maxresdefault.jpg,1,,,,,1176025,37378,,0,2977
526,UCCPQpi9U-iXFWlMSUg_nxTw,"Abdelkader Kharraz",doFiHkPkpHk,2021-07-28T18:23:36Z,"2021-07-28 18:23:36","الحلقة81:الطمع و الإرث…تافقو عليه بجوج باش يحيدوه …وفالاخير شنو وقع؟…خراز يحكي","هذه هي القناة الرسمية و الوحيدة لعبد القادر خراز https://www.instagram.com/s.blancofficiel/ :الملابس و الازياء من طرف Compte Instagrame officiel: https://www.instagram.com/abdelkader.kharraz/?hl=fr contact via email : khazmehdi1@gmail.com support us : https://paypal.me/kharraz729?locale.x=en_US يرجى التبليغ عن اي قناة زائفة",,22,"People & Blogs",,PT30M6S,1806,2d,hd,false,ar,ar,https://i.ytimg.com/vi/doFiHkPkpHk/maxresdefault.jpg,1,,,,,1021580,35932,,0,5149
527,UCCPQpi9U-iXFWlMSUg_nxTw,"Abdelkader Kharraz",zocHsKZ2vH0,2021-07-24T18:04:36Z,"2021-07-24 18:04:36","الحلقة 80 : نهاية غير متوقعة لهاد( السانديك) ….مشكل سوء الجوار إنتهى بكارثة….خراز يحكي","هذه هي القناة الرسمية و الوحيدة لعبد القادر خراز https://www.instagram.com/s.blancofficiel/ :الملابس و الازياء من طرف Compte Instagrame officiel: https://www.instagram.com/abdelkader.kharraz/?hl=fr contact via email : khazmehdi1@gmail.com support us : https://paypal.me/kharraz729?locale.x=en_US يرجى التبليغ عن اي قناة زائفة",,22,"People & Blogs",,PT35M21S,2121,2d,hd,false,ar,ar,https://i.ytimg.com/vi/zocHsKZ2vH0/maxresdefault.jpg,1,,,,,1205258,51321,,0,3396
528,UCCPQpi9U-iXFWlMSUg_nxTw,"Abdelkader Kharraz",y7alMtmd248,2021-07-22T18:53:17Z,"2021-07-22 18:53:17","الحلقة 79 : دراجة هوائية في ملك الشيطان….ثاني عيد الاضحى المبارك….خراز يحكي","هذه هي القناة الرسمية و الوحيدة لعبد القادر خراز https://www.instagram.com/s.blancofficiel/ :الملابس و الازياء من طرف Compte Instagrame officiel: https://www.instagram.com/abdelkader.kharraz/?hl=fr contact via email : khazmehdi1@gmail.com support us : https://paypal.me/kharraz729?locale.x=en_US يرجى التبليغ عن اي قناة زائفة",,22,"People & Blogs",Religion,PT32M21S,1941,2d,hd,false,ar,ar,https://i.ytimg.com/vi/y7alMtmd248/maxresdefault.jpg,1,,,,,1151450,34559,,0,1751
529,UCCPQpi9U-iXFWlMSUg_nxTw,"Abdelkader Kharraz",73JKsazZlzk,2021-07-21T18:09:19Z,"2021-07-21 18:09:19","الحلقة 78: الحاج مول لكسيبة…..حلقة عيد الاضحى…..خراز يحكي","هذه هي القناة الرسمية و الوحيدة لعبد القادر خراز https://www.instagram.com/s.blancofficiel/ :الملابس و الازياء من طرف Compte Instagrame officiel: https://www.instagram.com/abdelkader.kharraz/?hl=fr contact via email : khazmehdi1@gmail.com support us : https://paypal.me/kharraz729?locale.x=en_US يرجى التبليغ عن اي قناة زائفة",,22,"People & Blogs",Religion,PT36M15S,2175,2d,hd,false,ar,ar,https://i.ytimg.com/vi/73JKsazZlzk/maxresdefault.jpg,1,,,,,1128981,35326,,0,2473
530,UCCPQpi9U-iXFWlMSUg_nxTw,"Abdelkader Kharraz",K77HvzvA7_E,2021-07-17T19:54:45Z,"2021-07-17 19:54:45","الحلقة 77: شنو وقع من بعد الزواج ديال هاد البنت ؟…..المعلم….خراز يحكي","هذه هي القناة الرسمية و الوحيدة لعبد القادر خراز https://www.instagram.com/s.blancofficiel/ :الملابس و الازياء من طرف Compte Instagrame officiel: https://www.instagram.com/abdelkader.kharraz/?hl=fr contact via email : khazmehdi1@gmail.com support us : https://paypal.me/kharraz729?locale.x=en_US يرجى التبليغ عن اي قناة زائفة",,22,"People & Blogs",,PT40M2S,2402,2d,hd,false,ar,ar,https://i.ytimg.com/vi/K77HvzvA7_E/maxresdefault.jpg,1,,,,,1520706,42979,,0,3701
531,UCCPQpi9U-iXFWlMSUg_nxTw,"Abdelkader Kharraz",8kUiM6phJPI,2021-07-14T18:36:33Z,"2021-07-14 18:36:33","الحلقة 76: شاحنة محروقة و شنو لقينا تحت منها …. من القضايا المعقدة لي خدمناها….خراز يحكي","هذه هي القناة الرسمية و الوحيدة لعبد القادر خراز https://www.instagram.com/s.blancofficiel/ :الملابس و الازياء من طرف Compte Instagrame officiel: https://www.instagram.com/abdelkader.kharraz/?hl=fr contact via email : khazmehdi1@gmail.com support us : https://paypal.me/kharraz729?locale.x=en_US يرجى التبليغ عن اي قناة زائفة",,22,"People & Blogs",,PT40M23S,2423,2d,hd,false,ar,ar,https://i.ytimg.com/vi/8kUiM6phJPI/maxresdefault.jpg,1,,,,,1372306,39305,,0,2298
532,UCCPQpi9U-iXFWlMSUg_nxTw,"Abdelkader Kharraz",elHm0YGxhjs,2021-07-10T18:32:40Z,"2021-07-10 18:32:40","الحلقة 75: الخاتم هو الحل ديال هاد القضية…الخاتم…خراز يحكي","هذه هي القناة الرسمية و الوحيدة لعبد القادر خراز https://www.instagram.com/s.blancofficiel/ :الملابس و الازياء من طرف Compte Instagrame officiel: https://www.instagram.com/abdelkader.kharraz/?hl=fr contact via email : khazmehdi1@gmail.com support us : https://paypal.me/kharraz729?locale.x=en_US يرجى التبليغ عن اي قناة زائفة",,22,"People & Blogs",,PT32M13S,1933,2d,hd,false,ar,ar,https://i.ytimg.com/vi/elHm0YGxhjs/maxresdefault.jpg,1,,,,,1273539,39921,,0,2309
533,UCCPQpi9U-iXFWlMSUg_nxTw,"Abdelkader Kharraz",YXAVdzRxtKs,2021-07-07T17:55:25Z,"2021-07-07 17:55:25","الحلقة 74: شنو وقع لهاد البنت لي لقيناها فهاد الحالة؟….بنت اليل….خراز يحكي","هذه هي القناة الرسمية و الوحيدة لعبد القادر خراز https://www.instagram.com/s.blancofficiel/ :الملابس و الازياء من طرف Compte Instagrame officiel: https://www.instagram.com/abdelkader.kharraz/?hl=fr contact via email : khazmehdi1@gmail.com support us : https://paypal.me/kharraz729?locale.x=en_US يرجى التبليغ عن اي قناة زائفة",,22,"People & Blogs",,PT43M14S,2594,2d,hd,false,ar,ar,https://i.ytimg.com/vi/YXAVdzRxtKs/maxresdefault.jpg,1,,,,,1945548,65778,,0,4187
534,UCCPQpi9U-iXFWlMSUg_nxTw,"Abdelkader Kharraz",O44fWu7-dK4,2021-07-03T18:33:41Z,"2021-07-03 18:33:41","الحلقة 73: الاختفاء ديال المقدم وراه قصة مؤثرة….اشنو وقع ؟ …. خراز يحكي","هذه هي القناة الرسمية و الوحيدة لعبد القادر خراز https://www.instagram.com/s.blancofficiel/ :الملابس و الازياء من طرف Compte Instagrame officiel: https://www.instagram.com/abdelkader.kharraz/?hl=fr contact via email : khazmehdi1@gmail.com support us : https://paypal.me/kharraz729?locale.x=en_US يرجى التبليغ عن اي قناة زائفة",,22,"People & Blogs",,PT31M29S,1889,2d,hd,false,ar,ar,https://i.ytimg.com/vi/O44fWu7-dK4/maxresdefault.jpg,1,,,,,1574524,42825,,0,2695
535,UCCPQpi9U-iXFWlMSUg_nxTw,"Abdelkader Kharraz",kIXdOae_MDQ,2021-06-30T19:22:14Z,"2021-06-30 19:22:14","الحلقة 72 : الطبق المسموم….شنو القصة وراء هذه القضية؟ …خراز يحكي","هذه هي القناة الرسمية و الوحيدة لعبد القادر خراز https://www.instagram.com/s.blancofficiel/ :الملابس و الازياء من طرف Compte Instagrame officiel: https://www.instagram.com/abdelkader.kharraz/?hl=fr contact via email : khazmehdi1@gmail.com support us : https://paypal.me/kharraz729?locale.x=en_US يرجى التبليغ عن اي قناة زائفة",,22,"People & Blogs",,PT33M47S,2027,2d,hd,false,ar,ar,https://i.ytimg.com/vi/kIXdOae_MDQ/maxresdefault.jpg,1,,,,,1475005,48240,,0,3858
536,UCCPQpi9U-iXFWlMSUg_nxTw,"Abdelkader Kharraz",aMAWth4JftI,2021-06-26T18:15:49Z,"2021-06-26 18:15:49","الحلقة 71 : كيس السكر…..واحدة من اكثر القصص المعقدة لي خدمناهم….خراز يحكي","هذه هي القناة الرسمية و الوحيدة لعبد القادر خراز https://www.instagram.com/s.blancofficiel/ :الملابس و الازياء من طرف Compte Instagrame officiel: https://www.instagram.com/abdelkader.kharraz/?hl=fr contact via email : khazmehdi1@gmail.com support us : https://paypal.me/kharraz729?locale.x=en_US يرجى التبليغ عن اي قناة زائفة",,22,"People & Blogs",,PT47M1S,2821,2d,hd,false,ar,ar,https://i.ytimg.com/vi/aMAWth4JftI/maxresdefault.jpg,1,,,,,2991696,66178,,0,4353
537,UCCPQpi9U-iXFWlMSUg_nxTw,"Abdelkader Kharraz",CvUjH_hb4EA,2021-06-23T18:17:13Z,"2021-06-23 18:17:13","الحلقة 70 : با براهيم….مليار و 200 مليون ….خراز يحكي","هذه هي القناة الرسمية و الوحيدة لعبد القادر خراز https://www.instagram.com/s.blancofficiel/ :الملابس و الازياء من طرف Compte Instagrame officiel: https://www.instagram.com/abdelkader.kharraz/?hl=fr contact via email : khazmehdi1@gmail.com support us : https://paypal.me/kharraz729?locale.x=en_US يرجى التبليغ عن اي قناة زائفة",,22,"People & Blogs",,PT34M28S,2068,2d,hd,false,ar,ar,https://i.ytimg.com/vi/CvUjH_hb4EA/maxresdefault.jpg,1,,,,,1350795,43390,,0,3017
538,UCCPQpi9U-iXFWlMSUg_nxTw,"Abdelkader Kharraz",578Pv0RUXVk,2021-06-19T17:58:29Z,"2021-06-19 17:58:29","الحلقة 69 : الأمل الزّائف…..الطمع و الجشع….خراز يحكي","هذه هي القناة الرسمية و الوحيدة لعبد القادر خراز https://www.instagram.com/s.blancofficiel/ :الملابس و الازياء من طرف Compte Instagrame officiel: https://www.instagram.com/abdelkader.kharraz/?hl=fr contact via email : khazmehdi1@gmail.com support us : https://paypal.me/kharraz729?locale.x=en_US يرجى التبليغ عن اي قناة زائفة",,22,"People & Blogs",,PT38M28S,2308,2d,hd,false,ar,ar,https://i.ytimg.com/vi/578Pv0RUXVk/maxresdefault.jpg,1,,,,,1445276,42227,,0,2582
539,UCCPQpi9U-iXFWlMSUg_nxTw,"Abdelkader Kharraz",nXjLiVFAYm4,2021-06-16T17:57:04Z,"2021-06-16 17:57:04","الحلقة 68: الخدامة……و الثقة لي دارو فيها فين خرجات….خراز يحكي","هذه هي القناة الرسمية و الوحيدة لعبد القادر خراز https://www.instagram.com/s.blancofficiel/ :الملابس و الازياء من طرف Compte Instagrame officiel: https://www.instagram.com/abdelkader.kharraz/?hl=fr contact via email : khazmehdi1@gmail.com support us : https://paypal.me/kharraz729?locale.x=en_US يرجى التبليغ عن اي قناة زائفة",,22,"People & Blogs",,PT36M13S,2173,2d,hd,false,ar,ar,https://i.ytimg.com/vi/nXjLiVFAYm4/maxresdefault.jpg,1,,,,,1337981,43440,,0,2543
540,UCCPQpi9U-iXFWlMSUg_nxTw,"Abdelkader Kharraz",Hfh_16BRaPI,2021-06-12T18:02:15Z,"2021-06-12 18:02:15","الحلقة 67: الروح عزيزة عند الله 2 .....واحدة من اكثر القصص تشويقا....خراز يحكي","هذه هي القناة الرسمية و الوحيدة لعبد القادر خراز https://www.instagram.com/s.blancofficiel/ :الملابس و الازياء من طرف Compte Instagrame officiel: https://www.instagram.com/abdelkader.kharraz/?hl=fr contact via email : khazmehdi1@gmail.com support us : https://paypal.me/kharraz729?locale.x=en_US يرجى التبليغ عن اي قناة زائفة",,22,"People & Blogs",Religion,PT46M2S,2762,2d,hd,false,ar,ar,https://i.ytimg.com/vi/Hfh_16BRaPI/maxresdefault.jpg,1,,,,,2708407,73419,,0,4500
541,UCCPQpi9U-iXFWlMSUg_nxTw,"Abdelkader Kharraz",YteLEj1RRgU,2021-06-09T17:59:36Z,"2021-06-09 17:59:36","الحلقة 66: الطماع كيقضي عليه الكذاب...مول الفيرما... خراز يحكي","هذه هي القناة الرسمية و الوحيدة لعبد القادر خراز https://www.instagram.com/s.blancofficiel/ :الملابس و الازياء من طرف Compte Instagrame officiel: https://www.instagram.com/abdelkader.kharraz/?hl=fr contact via email : khazmehdi1@gmail.com support us : https://paypal.me/kharraz729?locale.x=en_US يرجى التبليغ عن اي قناة زائفة",,22,"People & Blogs",,PT32M49S,1969,2d,hd,false,ar,ar,https://i.ytimg.com/vi/YteLEj1RRgU/maxresdefault.jpg,1,,,,,1216331,54693,,0,6507
542,UCCPQpi9U-iXFWlMSUg_nxTw,"Abdelkader Kharraz",w_ycEgKU8iM,2021-05-26T21:41:29Z,"2021-05-26 21:41:29","توضيح : سبب الانقطاع عن البث","هذه هي القناة الرسمية و الوحيدة لعبد القادر خراز https://www.instagram.com/s.blancofficiel/ :الملابس و الازياء من طرف Compte Instagrame officiel: https://www.instagram.com/abdelkader.kharraz/?hl=fr contact via email : khazmehdi1@gmail.com support us : https://paypal.me/kharraz729?locale.x=en_US يرجى التبليغ عن اي قناة زائفة",,22,"People & Blogs",,PT2M6S,126,2d,hd,false,ar,ar,https://i.ytimg.com/vi/w_ycEgKU8iM/maxresdefault.jpg,1,,,,,303315,26291,,0,4726
543,UCCPQpi9U-iXFWlMSUg_nxTw,"Abdelkader Kharraz",Pof4niw4KYc,2021-05-13T10:13:47Z,"2021-05-13 10:13:47","عيد مبارك سعيد","هذه هي القناة الرسمية و الوحيدة لعبد القادر خراز https://www.instagram.com/s.blancofficiel/ :الملابس و الازياء من طرف Compte Instagrame officiel: https://www.instagram.com/abdelkader.kharraz/?hl=fr contact via email : khazmehdi1@gmail.com support us : https://paypal.me/kharraz729?locale.x=en_US يرجى التبليغ عن اي قناة زائفة",,22,"People & Blogs",Religion,PT1M18S,78,2d,hd,false,ar,ar,https://i.ytimg.com/vi/Pof4niw4KYc/maxresdefault.jpg,1,,,,,237158,17883,,0,3356
544,UCCPQpi9U-iXFWlMSUg_nxTw,"Abdelkader Kharraz",EK0wr_b1GUs,2021-05-12T20:56:24Z,"2021-05-12 20:56:24","الحلقة 29 : الأجنبي و زوجته....الحلقة الاخيرة... رمضان مع خراز","هذه هي القناة الرسمية و الوحيدة لعبد القادر خراز https://www.instagram.com/s.blancofficiel/ :الملابس و الازياء من طرف Compte Instagrame officiel: https://www.instagram.com/abdelkader.kharraz/?hl=fr contact via email : khazmehdi1@gmail.com support us : https://paypal.me/kharraz729?locale.x=en_US يرجى التبليغ عن اي قناة زائفة",,22,"People & Blogs",,PT44M59S,2699,2d,hd,false,ar,ar,https://i.ytimg.com/vi/EK0wr_b1GUs/maxresdefault.jpg,1,,,,,1546452,38202,,0,2690
545,UCCPQpi9U-iXFWlMSUg_nxTw,"Abdelkader Kharraz",BOe55Nl9WUw,2021-05-11T21:08:28Z,"2021-05-11 21:08:28","الحلقة 28 : جوج قصص فحلقة واحدة ...الفلفل الاحمر...لي معندو سيدو عندو لالاه...رمضان مع خراز","هذه هي القناة الرسمية و الوحيدة لعبد القادر خراز https://www.instagram.com/s.blancofficiel/ :الملابس و الازياء من طرف Compte Instagrame officiel: https://www.instagram.com/abdelkader.kharraz/?hl=fr contact via email : khazmehdi1@gmail.com support us : https://paypal.me/kharraz729?locale.x=en_US يرجى التبليغ عن اي قناة زائفة",,22,"People & Blogs",Religion,PT38M23S,2303,2d,hd,false,ar,ar,https://i.ytimg.com/vi/BOe55Nl9WUw/maxresdefault.jpg,1,,,,,1297607,33578,,0,2592
546,UCCPQpi9U-iXFWlMSUg_nxTw,"Abdelkader Kharraz",jc7XP0bKjr8,2021-05-10T21:12:01Z,"2021-05-10 21:12:01","الحلقة 27: عاقبة التباهي....رمضان مع خراز","هذه هي القناة الرسمية و الوحيدة لعبد القادر خراز https://www.instagram.com/s.blancofficiel/ :الملابس و الازياء من طرف Compte Instagrame officiel: https://www.instagram.com/abdelkader.kharraz/?hl=fr contact via email : khazmehdi1@gmail.com support us : https://paypal.me/kharraz729?locale.x=en_US يرجى التبليغ عن اي قناة زائفة",,22,"People & Blogs",Religion,PT36M22S,2182,2d,hd,false,ar,ar,https://i.ytimg.com/vi/jc7XP0bKjr8/maxresdefault.jpg,1,,,,,975158,32258,,0,2721
547,UCCPQpi9U-iXFWlMSUg_nxTw,"Abdelkader Kharraz",7WubqdQ6cpU,2021-05-08T21:31:15Z,"2021-05-08 21:31:15","الحلقة 25 : ريش الديك الأبيض.....اكبر السرقات....رمضان مع خراز","هذه هي القناة الرسمية و الوحيدة لعبد القادر خراز https://www.instagram.com/s.blancofficiel/ :الملابس و الازياء من طرف Compte Instagrame officiel: https://www.instagram.com/abdelkader.kharraz/?hl=fr contact via email : khazmehdi1@gmail.com support us : https://paypal.me/kharraz729?locale.x=en_US يرجى التبليغ عن اي قناة زائفة",,22,"People & Blogs",,PT31M27S,1887,2d,hd,false,ar,ar,https://i.ytimg.com/vi/7WubqdQ6cpU/maxresdefault.jpg,1,,,,,985806,31372,,0,2013
548,UCCPQpi9U-iXFWlMSUg_nxTw,"Abdelkader Kharraz",uLYr0is-WKE,2021-05-07T21:04:09Z,"2021-05-07 21:04:09","الحلقة 24 : تعدد الجناة...قصة مؤلمة جدًا....رمضان مع خراز","هذه هي القناة الرسمية و الوحيدة لعبد القادر خراز https://www.instagram.com/s.blancofficiel/ :الملابس و الازياء من طرف Compte Instagrame officiel: https://www.instagram.com/abdelkader.kharraz/?hl=fr contact via email : khazmehdi1@gmail.com support us : https://paypal.me/kharraz729?locale.x=en_US يرجى التبليغ عن اي قناة زائفة",,22,"People & Blogs",,PT27M35S,1655,2d,hd,false,ar,ar,https://i.ytimg.com/vi/uLYr0is-WKE/maxresdefault.jpg,1,,,,,950736,31723,,0,2036
549,UCCPQpi9U-iXFWlMSUg_nxTw,"Abdelkader Kharraz",NZzDHP3tnkg,2021-05-06T21:01:16Z,"2021-05-06 21:01:16","الحلقة 23 : جوج قصص فحلقة وحدة...قتل بسلاحه....مول الصوف...رمضان مع خراز","هذه هي القناة الرسمية و الوحيدة لعبد القادر خراز https://www.instagram.com/s.blancofficiel/ :الملابس و الازياء من طرف Compte Instagrame officiel: https://www.instagram.com/abdelkader.kharraz/?hl=fr contact via email : khazmehdi1@gmail.com support us : https://paypal.me/kharraz729?locale.x=en_US يرجى التبليغ عن اي قناة زائفة",,22,"People & Blogs",,PT31M19S,1879,2d,hd,false,ar,ar,https://i.ytimg.com/vi/NZzDHP3tnkg/maxresdefault.jpg,1,,,,,1078345,32935,,0,2585
550,UCCPQpi9U-iXFWlMSUg_nxTw,"Abdelkader Kharraz",fiD_2A09WWM,2021-05-05T21:04:03Z,"2021-05-05 21:04:03","الحلقة 22 :الزنزانة رقم 18...قصة هروب من السجن...رمضان مع خراز","هذه هي القناة الرسمية و الوحيدة لعبد القادر خراز https://www.instagram.com/s.blancofficiel/ :الملابس و الازياء من طرف Compte Instagrame officiel: https://www.instagram.com/abdelkader.kharraz/?hl=fr contact via email : khazmehdi1@gmail.com support us : https://paypal.me/kharraz729?locale.x=en_US يرجى التبليغ عن اي قناة زائفة",,22,"People & Blogs",Religion,PT54M5S,3245,2d,hd,false,ar,ar,https://i.ytimg.com/vi/fiD_2A09WWM/maxresdefault.jpg,1,,,,,3075367,48036,,0,3180
551,UCCPQpi9U-iXFWlMSUg_nxTw,"Abdelkader Kharraz",HxN5xogT7dw,2021-05-04T21:03:30Z,"2021-05-04 21:03:30","الحلقة 21: مفاوضات مع سارق مجوهرات محترف....رمضان مع خراز","هذه هي القناة الرسمية و الوحيدة لعبد القادر خراز https://www.instagram.com/s.blancofficiel/ :الملابس و الازياء من طرف Compte Instagrame officiel: https://www.instagram.com/abdelkader.kharraz/?hl=fr contact via email : khazmehdi1@gmail.com support us : https://paypal.me/kharraz729?locale.x=en_US يرجى التبليغ عن اي قناة زائفة",,22,"People & Blogs",,PT35M56S,2156,2d,hd,false,ar,ar,https://i.ytimg.com/vi/HxN5xogT7dw/maxresdefault.jpg,1,,,,,1054660,31267,,0,2453
552,UCCPQpi9U-iXFWlMSUg_nxTw,"Abdelkader Kharraz",oR3YNdeUExM,2021-05-03T20:59:06Z,"2021-05-03 20:59:06","الحلقة 20 : جوح قصص فحلقة واحدة...التكراع....العراقي...رمضان مع خراز","هذه هي القناة الرسمية و الوحيدة لعبد القادر خراز https://www.instagram.com/s.blancofficiel/ :الملابس و الازياء من طرف Compte Instagrame officiel: https://www.instagram.com/abdelkader.kharraz/?hl=fr contact via email : khazmehdi1@gmail.com support us : https://paypal.me/kharraz729?locale.x=en_US يرجى التبليغ عن اي قناة زائفة",,22,"People & Blogs",Religion,PT27M39S,1659,2d,hd,false,ar,ar,https://i.ytimg.com/vi/oR3YNdeUExM/maxresdefault.jpg,1,,,,,840918,29486,,0,1862
553,UCCPQpi9U-iXFWlMSUg_nxTw,"Abdelkader Kharraz",Swb3EDCPTqo,2021-05-02T20:51:15Z,"2021-05-02 20:51:15","الحلقة 19 : النادل الكاذب....قصة فيها واحد من رجال الدولة...رمضان مع خراز","هذه هي القناة الرسمية و الوحيدة لعبد القادر خراز https://www.instagram.com/s.blancofficiel/ :الملابس و الازياء من طرف Compte Instagrame officiel: https://www.instagram.com/abdelkader.kharraz/?hl=fr contact via email : khazmehdi1@gmail.com support us : https://paypal.me/kharraz729?locale.x=en_US يرجى التبليغ عن اي قناة زائفة",,22,"People & Blogs",Religion,PT20M13S,1213,2d,hd,false,ar,ar,https://i.ytimg.com/vi/Swb3EDCPTqo/maxresdefault.jpg,1,,,,,870153,30304,,0,2288
554,UCCPQpi9U-iXFWlMSUg_nxTw,"Abdelkader Kharraz",yypqG5IJzAg,2021-05-01T20:59:34Z,"2021-05-01 20:59:34","الحلقة 18 : جوج فحلقة وحدة...سرقة الفيلات...و ميلود مول الحوت....رمضان مع خراز","هذه هي القناة الرسمية و الوحيدة لعبد القادر خراز https://www.instagram.com/s.blancofficiel/ :الملابس و الازياء من طرف Compte Instagrame officiel: https://www.instagram.com/abdelkader.kharraz/?hl=fr contact via email : khazmehdi1@gmail.com support us : https://paypal.me/kharraz729?locale.x=en_US يرجى التبليغ عن اي قناة زائفة",,22,"People & Blogs",,PT41M59S,2519,2d,hd,false,ar,ar,https://i.ytimg.com/vi/yypqG5IJzAg/maxresdefault.jpg,1,,,,,1392462,35904,,0,2534
555,UCCPQpi9U-iXFWlMSUg_nxTw,"Abdelkader Kharraz",kn4VUUGxtTg,2021-04-30T20:48:06Z,"2021-04-30 20:48:06","الحلقة 17 : سرقة في منزل صهر السيد العامل....رمضان مع خراز","هذه هي القناة الرسمية و الوحيدة لعبد القادر خراز https://www.instagram.com/s.blancofficiel/ :الملابس و الازياء من طرف Compte Instagrame officiel: https://www.instagram.com/abdelkader.kharraz/?hl=fr contact via email : khazmehdi1@gmail.com support us : https://paypal.me/kharraz729?locale.x=en_US يرجى التبليغ عن اي قناة زائفة",,22,"People & Blogs",,PT29M59S,1799,2d,hd,false,ar,ar,https://i.ytimg.com/vi/kn4VUUGxtTg/maxresdefault.jpg,1,,,,,727390,27538,,0,1529
556,UCCPQpi9U-iXFWlMSUg_nxTw,"Abdelkader Kharraz",nnDxYNV6MIs,2021-04-29T20:52:16Z,"2021-04-29 20:52:16","الحلقة 16 : المولود المفقود....واحدة من القصص لي خدمتهم...رمضان مع خراز","هذه هي القناة الرسمية و الوحيدة لعبد القادر خراز https://www.instagram.com/s.blancofficiel/ :الملابس و الازياء من طرف Compte Instagrame officiel: https://www.instagram.com/abdelkader.kharraz/?hl=fr contact via email : khazmehdi1@gmail.com support us : https://paypal.me/kharraz729?locale.x=en_US يرجى التبليغ عن اي قناة زائفة",,22,"People & Blogs",Religion,PT26M56S,1616,2d,hd,false,ar,ar,https://i.ytimg.com/vi/nnDxYNV6MIs/maxresdefault.jpg,1,,,,,817334,31647,,0,2133
557,UCCPQpi9U-iXFWlMSUg_nxTw,"Abdelkader Kharraz",mqnDObp9n3w,2021-04-28T20:46:57Z,"2021-04-28 20:46:57","الحلقة 15 : جوج قصص...المسروق مضروب ف 100...بركة سيدي بن عباس... رمضان مع خراز","هذه هي القناة الرسمية و الوحيدة لعبد القادر خراز https://www.instagram.com/s.blancofficiel/ :الملابس و الازياء من طرف Compte Instagrame officiel: https://www.instagram.com/abdelkader.kharraz/?hl=fr contact via email : khazmehdi1@gmail.com support us : https://paypal.me/kharraz729?locale.x=en_US يرجى التبليغ عن اي قناة زائفة",,22,"People & Blogs",Religion,PT33M16S,1996,2d,hd,false,ar,ar,https://i.ytimg.com/vi/mqnDObp9n3w/maxresdefault.jpg,1,,,,,906115,33448,,0,3645
558,UCCPQpi9U-iXFWlMSUg_nxTw,"Abdelkader Kharraz",yfzOFVZtvRM,2021-04-27T20:54:18Z,"2021-04-27 20:54:18","الحلقة 14 : البطاقة البريدية ( كارط بوسطال) ... رمضان مع خراز","هذه هي القناة الرسمية و الوحيدة لعبد القادر خراز https://www.instagram.com/s.blancofficiel/ :الملابس و الازياء من طرف Compte Instagrame officiel: https://www.instagram.com/abdelkader.kharraz/?hl=fr contact via email : khazmehdi1@gmail.com support us : https://paypal.me/kharraz729?locale.x=en_US يرجى التبليغ عن اي قناة زائفة",,22,"People & Blogs",Religion,PT40M58S,2458,2d,hd,false,ar,ar,https://i.ytimg.com/vi/yfzOFVZtvRM/maxresdefault.jpg,1,,,,,1422276,38239,,0,2910
559,UCCPQpi9U-iXFWlMSUg_nxTw,"Abdelkader Kharraz",iY56kexdKTA,2021-04-26T20:53:53Z,"2021-04-26 20:53:53","الحلقة 13 : عندما يدفن الرأس بعيدا عن جسده... رمضان مع خراز","هذه هي القناة الرسمية و الوحيدة لعبد القادر خراز https://www.instagram.com/s.blancofficiel/ :الملابس و الازياء من طرف Compte Instagrame officiel: https://www.instagram.com/abdelkader.kharraz/?hl=fr contact via email : khazmehdi1@gmail.com support us : https://paypal.me/kharraz729?locale.x=en_US يرجى التبليغ عن اي قناة زائفة",,22,"People & Blogs",,PT36M45S,2205,2d,hd,false,ar,ar,https://i.ytimg.com/vi/iY56kexdKTA/maxresdefault.jpg,1,,,,,1116810,36945,,0,2416
560,UCCPQpi9U-iXFWlMSUg_nxTw,"Abdelkader Kharraz",utBUbz9g0dg,2021-04-25T21:04:33Z,"2021-04-25 21:04:33","الحلقة 12 : أم في غيَابَاتِ الجُبِّ...اين اختفت أمي ؟...رمضان مع خراز","هذه هي القناة الرسمية و الوحيدة لعبد القادر خراز https://www.instagram.com/s.blancofficiel/ :الملابس و الازياء من طرف Compte Instagrame officiel: https://www.instagram.com/abdelkader.kharraz/?hl=fr contact via email : khazmehdi1@gmail.com support us : https://paypal.me/kharraz729?locale.x=en_US يرجى التبليغ عن اي قناة زائفة",,22,"People & Blogs",Religion,PT29M59S,1799,2d,hd,false,ar,ar,https://i.ytimg.com/vi/utBUbz9g0dg/maxresdefault.jpg,1,,,,,972301,34155,,0,3225
561,UCCPQpi9U-iXFWlMSUg_nxTw,"Abdelkader Kharraz",QDyXVsQnRvc,2021-04-24T20:54:06Z,"2021-04-24 20:54:06","الحلقة 11 : الطفلة التي انتزعت من حضن أمها... رمضان مع خراز","هذه هي القناة الرسمية و الوحيدة لعبد القادر خراز https://www.instagram.com/s.blancofficiel/ :الملابس و الازياء من طرف Compte Instagrame officiel: https://www.instagram.com/abdelkader.kharraz/?hl=fr contact via email : khazmehdi1@gmail.com support us : https://paypal.me/kharraz729?locale.x=en_US يرجى التبليغ عن اي قناة زائفة",,22,"People & Blogs",Religion,PT24M44S,1484,2d,hd,false,ar,ar,https://i.ytimg.com/vi/QDyXVsQnRvc/maxresdefault.jpg,1,,,,,651614,27900,,0,2308
562,UCCPQpi9U-iXFWlMSUg_nxTw,"Abdelkader Kharraz",OidPHNSsKeY,2021-04-23T20:44:38Z,"2021-04-23 20:44:38","الحلقة 10 : جوج قصص فحلقة واحدة ...التي سجلت سوابقها على اسم غيرها...سرقة قرد مستورد.. رمضان مع خراز","هذه هي القناة الرسمية و الوحيدة لعبد القادر خراز https://www.instagram.com/s.blancofficiel/ :الملابس و الازياء من طرف Compte Instagrame officiel: https://www.instagram.com/abdelkader.kharraz/?hl=fr contact via email : khazmehdi1@gmail.com support us : https://paypal.me/kharraz729?locale.x=en_US يرجى التبليغ عن اي قناة زائفة",,22,"People & Blogs",Religion,PT25M29S,1529,2d,hd,false,ar,ar,https://i.ytimg.com/vi/OidPHNSsKeY/maxresdefault.jpg,1,,,,,821869,32697,,0,2371
563,UCCPQpi9U-iXFWlMSUg_nxTw,"Abdelkader Kharraz",2snoiLnN-nc,2021-04-22T20:29:13Z,"2021-04-22 20:29:13","الحلقة 9 : القميص المحروق ... وظُلمُ ذَوي القُربى أشدُّ مَضاضَةً...رمضان مع خراز","هذه هي القناة الرسمية و الوحيدة لعبد القادر خراز https://www.instagram.com/s.blancofficiel/ :الملابس و الازياء من طرف Compte Instagrame officiel: https://www.instagram.com/abdelkader.kharraz/?hl=fr contact via email : khazmehdi1@gmail.com support us : https://paypal.me/kharraz729?locale.x=en_US يرجى التبليغ عن اي قناة زائفة",,22,"People & Blogs",,PT29M59S,1799,2d,hd,false,ar,ar,https://i.ytimg.com/vi/2snoiLnN-nc/maxresdefault.jpg,1,,,,,990714,35985,,0,2316
564,UCCPQpi9U-iXFWlMSUg_nxTw,"Abdelkader Kharraz",5dWcTQ7wXyI,2021-04-21T21:16:12Z,"2021-04-21 21:16:12","الحلقة 8 : من حفر لغيره حفرة وقع فيها ..... رمضان مع خراز","هذه هي القناة الرسمية و الوحيدة لعبد القادر خراز https://www.instagram.com/s.blancofficiel/ :الملابس و الازياء من طرف Compte Instagrame officiel: https://www.instagram.com/abdelkader.kharraz/?hl=fr contact via email : khazmehdi1@gmail.com support us : https://paypal.me/kharraz729?locale.x=en_US يرجى التبليغ عن اي قناة زائفة",,22,"People & Blogs",Religion,PT28M15S,1695,2d,hd,false,ar,ar,https://i.ytimg.com/vi/5dWcTQ7wXyI/maxresdefault.jpg,1,,,,,909794,33282,,0,2167
565,UCCPQpi9U-iXFWlMSUg_nxTw,"Abdelkader Kharraz",u-XM7y_Q0WA,2021-04-20T20:37:23Z,"2021-04-20 20:37:23","الحلقة 7: مأساة أم ... ودموع التماسيح...رمضان مع خراز","هذه هي القناة الرسمية و الوحيدة لعبد القادر خراز https://www.instagram.com/s.blancofficiel/ :الملابس و الازياء من طرف Compte Instagrame officiel: https://www.instagram.com/abdelkader.kharraz/?hl=fr contact via email : khazmehdi1@gmail.com support us : https://paypal.me/kharraz729?locale.x=en_US يرجى التبليغ عن اي قناة زائفة",,22,"People & Blogs",,PT39M4S,2344,2d,hd,false,ar,ar,https://i.ytimg.com/vi/u-XM7y_Q0WA/maxresdefault.jpg,1,,,,,1177863,38033,,0,3040
566,UCCPQpi9U-iXFWlMSUg_nxTw,"Abdelkader Kharraz",TnyiRKeig3I,2021-04-19T21:48:12Z,"2021-04-19 21:48:12","الحلقة 6: الصديق الغير الوفي... لخراز يحكي","هذه هي القناة الرسمية و الوحيدة لعبد القادر خراز https://www.instagram.com/s.blancofficiel/ :الملابس و الازياء من طرف Compte Instagrame officiel: https://www.instagram.com/abdelkader.kharraz/?hl=fr contact via email : khazmehdi1@gmail.com support us : https://paypal.me/kharraz729?locale.x=en_US يرجى التبليغ عن اي قناة زائفة",,22,"People & Blogs",Religion,PT19M25S,1165,2d,hd,false,ar,ar,https://i.ytimg.com/vi/TnyiRKeig3I/maxresdefault.jpg,1,,,,,635350,31195,,0,2590
567,UCCPQpi9U-iXFWlMSUg_nxTw,"Abdelkader Kharraz",7V9C5IKxuD0,2021-04-18T21:05:35Z,"2021-04-18 21:05:35","الحلقة 5 : رجل الاعمال ... رمضان مع خراز","هذه هي القناة الرسمية و الوحيدة لعبد القادر خراز https://www.instagram.com/s.blancofficiel/ :الملابس و الازياء من طرف Compte Instagrame officiel: https://www.instagram.com/abdelkader.kharraz/?hl=fr contact via email : khazmehdi1@gmail.com support us : https://paypal.me/kharraz729?locale.x=en_US يرجى التبليغ عن اي قناة زائفة",,22,"People & Blogs",Religion,PT30M16S,1816,2d,hd,false,ar,ar,https://i.ytimg.com/vi/7V9C5IKxuD0/maxresdefault.jpg,1,,,,,869567,37849,,0,3541
568,UCCPQpi9U-iXFWlMSUg_nxTw,"Abdelkader Kharraz",BY8IfrCXD9M,2021-04-17T21:33:55Z,"2021-04-17 21:33:55","الحلقة 4 :خليلة العجوز....قصة مؤثرة...رمضان مع خراز","هذه هي القناة الرسمية و الوحيدة لعبد القادر خراز https://www.instagram.com/s.blancofficiel/ :الملابس و الازياء من طرف Compte Instagrame officiel: https://www.instagram.com/abdelkader.kharraz/?hl=fr contact via email : khazmehdi1@gmail.com support us : https://paypal.me/kharraz729?locale.x=en_US يرجى التبليغ عن اي قناة زائفة",,22,"People & Blogs",Religion,PT24M43S,1483,2d,hd,false,ar,ar,https://i.ytimg.com/vi/BY8IfrCXD9M/maxresdefault.jpg,1,,,,,832976,34738,,0,2814
569,UCCPQpi9U-iXFWlMSUg_nxTw,"Abdelkader Kharraz",8b6OU9xADig,2021-04-16T21:34:30Z,"2021-04-16 21:34:30","الحلقة 3 : الكاتبة....دخلات فحياة هاد الرجل و شنو وقع؟...رمضان مع خراز","هذه هي القناة الرسمية و الوحيدة لعبد القادر خراز https://www.instagram.com/s.blancofficiel/ :الملابس و الازياء من طرف Compte Instagrame officiel: https://www.instagram.com/abdelkader.kharraz/?hl=fr contact via email : khazmehdi1@gmail.com support us : https://paypal.me/kharraz729?locale.x=en_US يرجى التبليغ عن اي قناة زائفة",,22,"People & Blogs",Religion,PT42M47S,2567,2d,hd,false,ar,ar,https://i.ytimg.com/vi/8b6OU9xADig/maxresdefault.jpg,1,,,,,1506567,44866,,0,3825
570,UCCPQpi9U-iXFWlMSUg_nxTw,"Abdelkader Kharraz",SFIM6XUPZ_Q,2021-04-15T21:02:37Z,"2021-04-15 21:02:37","الحلقة 2 : الحداد و نسيبه.. شنو دارو من اجل 300 درهم...رمضان مع خراز","هذه هي القناة الرسمية و الوحيدة لعبد القادر خراز https://www.instagram.com/s.blancofficiel/ :الملابس و الازياء من طرف Compte Instagrame officiel: https://www.instagram.com/abdelkader.kharraz/?hl=fr contact via email : khazmehdi1@gmail.com support us : https://paypal.me/kharraz729?locale.x=en_US يرجى التبليغ عن اي قناة زائفة",,22,"People & Blogs",,PT43M34S,2614,2d,hd,false,ar,ar,https://i.ytimg.com/vi/SFIM6XUPZ_Q/maxresdefault.jpg,1,,,,,1150689,38912,,0,2930
571,UCCPQpi9U-iXFWlMSUg_nxTw,"Abdelkader Kharraz",86g164JyeZc,2021-04-14T21:34:24Z,"2021-04-14 21:34:24","الحلقة 1:الانانية القاتلة...رمضان مع خراز","هذه هي القناة الرسمية و الوحيدة لعبد القادر خراز https://www.instagram.com/s.blancofficiel/ :الملابس و الازياء من طرف Compte Instagrame officiel: https://www.instagram.com/abdelkader.kharraz/?hl=fr contact via email : khazmehdi1@gmail.com support us : https://paypal.me/kharraz729?locale.x=en_US يرجى التبليغ عن اي قناة زائفة",,22,"People & Blogs",Religion,PT34M25S,2065,2d,hd,false,ar,ar,https://i.ytimg.com/vi/86g164JyeZc/maxresdefault.jpg,1,,,,,1115319,47487,,0,6695
572,UCCPQpi9U-iXFWlMSUg_nxTw,"Abdelkader Kharraz",lOTp4yq5AT0,2021-04-13T19:37:50Z,"2021-04-13 19:37:50","رمضان مبارك لجميع المغاربة داخل و خارج ارض الوطن ...التوضيح ....رمضان مع خراز","هذه هي القناة الرسمية و الوحيدة لعبد القادر خراز https://www.instagram.com/s.blancofficiel/ :الملابس و الازياء من طرف Compte Instagrame officiel: https://www.instagram.com/abdelkader.kharraz/?hl=fr contact via email : khazmehdi1@gmail.com support us : https://paypal.me/kharraz729?locale.x=en_US يرجى التبليغ عن اي قناة زائفة",,22,"People & Blogs",Religion,PT20M37S,1237,2d,hd,false,ar,ar,https://i.ytimg.com/vi/lOTp4yq5AT0/maxresdefault.jpg,1,,,,,437012,30843,,0,10608
573,UCCPQpi9U-iXFWlMSUg_nxTw,"Abdelkader Kharraz",9FiRAX6NImw,2021-04-11T18:45:30Z,"2021-04-11 18:45:30","الحلقة 65:الروح عزيزة عند الله... شنو سبب الإختفاء ديال هاد الولد...لخراز يحكي","هذه هي القناة الرسمية و الوحيدة لعبد القادر خراز https://www.instagram.com/s.blancofficiel/ :الملابس و الازياء من طرف Compte Instagrame officiel: https://www.instagram.com/abdelkader.kharraz/?hl=fr contact via email : khazmehdi1@gmail.com support us : https://paypal.me/kharraz729?locale.x=en_US يرجى التبليغ عن اي قناة زائفة",,22,"People & Blogs",,PT41M7S,2467,2d,hd,false,ar,ar,https://i.ytimg.com/vi/9FiRAX6NImw/maxresdefault.jpg,1,,,,,1046501,38851,,0,4219
574,UCCPQpi9U-iXFWlMSUg_nxTw,"Abdelkader Kharraz",elMkci1OPnY,2021-04-10T20:34:34Z,"2021-04-10 20:34:34","الحلقة 63:توضيح خاص بالجالية المغربية المقيمة بالخارج.","هذه هي القناة الرسمية و الوحيدة لعبد القادر خراز https://www.instagram.com/s.blancofficiel/ :الملابس و الازياء من طرف Compte Instagrame officiel: https://www.instagram.com/abdelkader.kharraz/?hl=fr contact via email : khazmehdi1@gmail.com support us : https://paypal.me/kharraz729?locale.x=en_US يرجى التبليغ عن اي قناة زائفة",,22,"People & Blogs",,PT22M38S,1358,2d,hd,false,ar,ar,https://i.ytimg.com/vi/elMkci1OPnY/maxresdefault.jpg,1,,,,,485532,27525,,0,17181
575,UCCPQpi9U-iXFWlMSUg_nxTw,"Abdelkader Kharraz",9ZQXKigGuXE,2021-04-10T18:05:37Z,"2021-04-10 18:05:37","الحلقة 64 : واحدة من اصعب القضايا لي خدمناهم...شنو وقع لهاد البنت...لخراز يحكي","هذه هي القناة الرسمية و الوحيدة لعبد القادر خراز https://www.instagram.com/s.blancofficiel/ :الملابس و الازياء من طرف Compte Instagrame officiel: https://www.instagram.com/abdelkader.kharraz/?hl=fr contact via email : khazmehdi1@gmail.com support us : https://paypal.me/kharraz729?locale.x=en_US يرجى التبليغ عن اي قناة زائفة",,22,"People & Blogs",,PT42M31S,2551,2d,hd,false,ar,ar,https://i.ytimg.com/vi/9ZQXKigGuXE/maxresdefault.jpg,1,,,,,1200732,42507,,0,4489
576,UCCPQpi9U-iXFWlMSUg_nxTw,"Abdelkader Kharraz",55fXOXjs0O0,2021-04-04T17:46:18Z,"2021-04-04 17:46:18","الحلقة 62 :شنو لي غادي يخلي الأم تسمح فولدها بهاد الطريقة...الأمومة البشعة...لخراز يحكي","هذه هي القناة الرسمية و الوحيدة لعبد القادر خراز https://www.instagram.com/s.blancofficiel/ :الملابس و الازياء من طرف Compte Instagrame officiel: https://www.instagram.com/abdelkader.kharraz/?hl=fr contact via email : khazmehdi1@gmail.com support us : https://paypal.me/kharraz729?locale.x=en_US يرجى التبليغ عن اي قناة زائفة",,22,"People & Blogs",,PT31M32S,1892,2d,hd,false,ar,ar,https://i.ytimg.com/vi/55fXOXjs0O0/maxresdefault.jpg,1,,,,,808483,34218,,0,3889
577,UCCPQpi9U-iXFWlMSUg_nxTw,"Abdelkader Kharraz",7IXeFO9qyoE,2021-04-03T17:47:14Z,"2021-04-03 17:47:14","الحلقة 61 : شهد شاهد من أهلها.....جوج قصص فحلقة وحدة ...لخراز يحكي","هذه هي القناة الرسمية و الوحيدة لعبد القادر خراز https://www.instagram.com/s.blancofficiel/ :الملابس و الازياء من طرف Compte Instagrame officiel: https://www.instagram.com/abdelkader.kharraz/?hl=fr contact via email : khazmehdi1@gmail.com support us : https://paypal.me/kharraz729?locale.x=en_US يرجى التبليغ عن اي قناة زائفة",,22,"People & Blogs",Knowledge,PT39M4S,2344,2d,hd,false,ar,ar,https://i.ytimg.com/vi/7IXeFO9qyoE/maxresdefault.jpg,1,,,,,1147588,40692,,0,3459
578,UCCPQpi9U-iXFWlMSUg_nxTw,"Abdelkader Kharraz",MHM3DQ0hNpE,2021-03-31T17:55:52Z,"2021-03-31 17:55:52","الحلقة 60 :الشك او اليقين ... خيانة او مجرد وهم ؟...لخراز يحكي","هذه هي القناة الرسمية و الوحيدة لعبد القادر خراز https://www.instagram.com/s.blancofficiel/ :الملابس و الازياء من طرف Compte Instagrame officiel: https://www.instagram.com/abdelkader.kharraz/?hl=fr contact via email : khazmehdi1@gmail.com support us : https://paypal.me/kharraz729?locale.x=en_US يرجى التبليغ عن اي قناة زائفة",,22,"People & Blogs",,PT18M45S,1125,2d,hd,false,ar,ar,https://i.ytimg.com/vi/MHM3DQ0hNpE/maxresdefault.jpg,1,,,,,718533,31218,,0,2364
579,UCCPQpi9U-iXFWlMSUg_nxTw,"Abdelkader Kharraz",tZnMKdLaFpI,2021-03-28T17:36:12Z,"2021-03-28 17:36:12","الحلقة 59:الطهر و الإيمان و الشجاعة ...واحدة من اكثر القصص المؤثرة...لخراز يحكي","هذه هي القناة الرسمية و الوحيدة لعبد القادر خراز https://www.instagram.com/s.blancofficiel/ :الملابس و الازياء من طرف Compte Instagrame officiel: https://www.instagram.com/abdelkader.kharraz/?hl=fr contact via email : khazmehdi1@gmail.com support us : https://paypal.me/kharraz729?locale.x=en_US يرجى التبليغ عن اي قناة زائفة",,22,"People & Blogs",Religion,PT29M18S,1758,2d,hd,false,ar,ar,https://i.ytimg.com/vi/tZnMKdLaFpI/maxresdefault.jpg,1,,,,,1000985,42830,,0,3990
580,UCCPQpi9U-iXFWlMSUg_nxTw,"Abdelkader Kharraz",1cMzpG6RX0c,2021-03-27T17:45:18Z,"2021-03-27 17:45:18","الحلقة 58:مستملحات يوم السبت...لخراز معاكم فقلب الدار...لخراز يحكي","هذه هي القناة الرسمية و الوحيدة لعبد القادر خراز https://www.instagram.com/s.blancofficiel/ :الملابس و الازياء من طرف Compte Instagrame officiel: https://www.instagram.com/abdelkader.kharraz/?hl=fr contact via email : khazmehdi1@gmail.com support us : https://paypal.me/kharraz729?locale.x=en_US يرجى التبليغ عن اي قناة زائفة",,22,"People & Blogs",,PT20M13S,1213,2d,hd,false,ar,ar,https://i.ytimg.com/vi/1cMzpG6RX0c/maxresdefault.jpg,1,,,,,770764,33851,,0,5456
581,UCCPQpi9U-iXFWlMSUg_nxTw,"Abdelkader Kharraz",tSseYTW4-VE,2021-03-24T17:43:06Z,"2021-03-24 17:43:06","الحلقة 57:السمسار.....الرجل لي جا من البادية الى المدينة و سبب الاختفاء ديالو....لخراز يحكي","هذه هي القناة الرسمية و الوحيدة لعبد القادر خراز https://www.instagram.com/s.blancofficiel/ :الملابس و الازياء من طرف Compte Instagrame officiel: https://www.instagram.com/abdelkader.kharraz/?hl=fr contact via email : khazmehdi1@gmail.com support us : https://paypal.me/kharraz729?locale.x=en_US يرجى التبليغ عن اي قناة زائفة 0:00 المقدمة 05:43 بداية القصة",,22,"People & Blogs",,PT43M40S,2620,2d,hd,false,ar,ar,https://i.ytimg.com/vi/tSseYTW4-VE/maxresdefault.jpg,1,,,,,1382301,47142,,0,3480
582,UCCPQpi9U-iXFWlMSUg_nxTw,"Abdelkader Kharraz",9BcMECbCA_o,2021-03-21T17:47:31Z,"2021-03-21 17:47:31","الحلقة 56 : دار الثقة فواحد مكيعرفوش و فالاخير....لخراز يحكي","هذه هي القناة الرسمية و الوحيدة لعبد القادر خراز https://www.instagram.com/s.blancofficiel/ :الملابس و الازياء من طرف Compte Instagrame officiel: https://www.instagram.com/abdelkader.kharraz/?hl=fr contact via email : khazmehdi1@gmail.com support us : https://paypal.me/kharraz729?locale.x=en_US يرجى التبليغ عن اي قناة زائفة 0:00 المقدمة 05:17 بداية القصة",,22,"People & Blogs",,PT27M33S,1653,2d,hd,false,ar,ar,https://i.ytimg.com/vi/9BcMECbCA_o/maxresdefault.jpg,1,,,,,1156543,43219,,0,3215
583,UCCPQpi9U-iXFWlMSUg_nxTw,"Abdelkader Kharraz",0BpccLHcpAE,2021-03-20T17:45:51Z,"2021-03-20 17:45:51","الحلقة 55 :مستملحات يوم السبت...لخراز يحكي","هذه هي القناة الرسمية و الوحيدة لعبد القادر خراز https://www.instagram.com/s.blancofficiel/ :الملابس و الازياء من طرف Compte Instagrame officiel: https://www.instagram.com/abdelkader.kharraz/?hl=fr contact via email : khazmehdi1@gmail.com support us : https://paypal.me/kharraz729?locale.x=en_US يرجى التبليغ عن اي قناة زائفة",,22,"People & Blogs",,PT31M6S,1866,2d,hd,false,ar,ar,https://i.ytimg.com/vi/0BpccLHcpAE/maxresdefault.jpg,1,,,,,923970,41341,,0,3995
584,UCCPQpi9U-iXFWlMSUg_nxTw,"Abdelkader Kharraz",jEt48a91SF0,2021-03-17T17:45:21Z,"2021-03-17 17:45:21","الحلقة 54:لحسن و الحسين....كيتشابهو فكلشي الى فحاجة وحدة....لخراز يحكي","هذه هي القناة الرسمية و الوحيدة لعبد القادر خراز https://www.instagram.com/s.blancofficiel/ :الملابس و الازياء من طرف Compte Instagrame officiel: https://www.instagram.com/abdelkader.kharraz/?hl=fr contact via email : khazmehdi1@gmail.com support us : https://paypal.me/kharraz729?locale.x=en_US يرجى التبليغ عن اي قناة زائفة",,22,"People & Blogs",,PT28M53S,1733,2d,hd,false,ar,ar,https://i.ytimg.com/vi/jEt48a91SF0/maxresdefault.jpg,1,,,,,1170691,44540,,0,3104
585,UCCPQpi9U-iXFWlMSUg_nxTw,"Abdelkader Kharraz",jLpb-Nns42E,2021-03-13T17:45:20Z,"2021-03-13 17:45:20","الحلقة 52:مستملحات يوم السبت مع عبد القادر خراز...لخراز يحكي","هذه هي القناة الرسمية و الوحيدة لعبد القادر خراز https://www.instagram.com/s.blancofficiel/ :الملابس و الازياء من طرف Compte Instagrame officiel: https://www.instagram.com/abdelkader.kharraz/?hl=fr contact via email : khazmehdi1@gmail.com support us : https://paypal.me/kharraz729?locale.x=en_US يرجى التبليغ عن اي قناة زائفة",,22,"People & Blogs",,PT24M52S,1492,2d,hd,false,ar,ar,https://i.ytimg.com/vi/jLpb-Nns42E/maxresdefault.jpg,1,,,,,957272,40350,,0,3139
586,UCCPQpi9U-iXFWlMSUg_nxTw,"Abdelkader Kharraz",Y0Y30roVazY,2021-03-10T17:47:12Z,"2021-03-10 17:47:12","الحلقة 51:البحري...شنو قضية هاد البنت...لخراز يحكي","هذه هي القناة الرسمية و الوحيدة لعبد القادر خراز https://www.instagram.com/s.blancofficiel/ :الملابس و الازياء من طرف Compte Instagrame officiel: https://www.instagram.com/abdelkader.kharraz/?hl=fr contact via email : khazmehdi1@gmail.com support us : https://paypal.me/kharraz729?locale.x=en_US يرجى التبليغ عن اي قناة زائفة",,22,"People & Blogs",,PT40M55S,2455,2d,hd,false,ar,ar,https://i.ytimg.com/vi/Y0Y30roVazY/maxresdefault.jpg,1,,,,,1423275,47874,,0,5391
587,UCCPQpi9U-iXFWlMSUg_nxTw,"Abdelkader Kharraz",geCfIkyppxg,2021-03-07T17:47:25Z,"2021-03-07 17:47:25","الحلقة 50:الخير بالشر....واحدة من اكثر القصص المؤثرة...لخراز يحكي","هذه هي القناة الرسمية و الوحيدة لعبد القادر خراز https://www.instagram.com/s.blancofficiel/ :الملابس و الازياء من طرف Compte Instagrame officiel: https://www.instagram.com/abdelkader.kharraz/?hl=fr contact via email : khazmehdi1@gmail.com support us : https://paypal.me/kharraz729?locale.x=en_US يرجى التبليغ عن اي قناة زائفة",,22,"People & Blogs",Religion,PT34M21S,2061,2d,hd,false,ar,ar,https://i.ytimg.com/vi/geCfIkyppxg/maxresdefault.jpg,1,,,,,1662387,56147,,0,5856
588,UCCPQpi9U-iXFWlMSUg_nxTw,"Abdelkader Kharraz",QqnlRQNP6Gs,2021-03-06T17:45:21Z,"2021-03-06 17:45:21","الحلقة 49:مستملحات التداوي بالضحك...لخراز يحكي","هذه هي القناة الرسمية و الوحيدة لعبد القادر خراز https://www.instagram.com/s.blancofficiel/ :الملابس و الازياء من طرف Compte Instagrame officiel: https://www.instagram.com/abdelkader.kharraz/?hl=fr contact via email : khazmehdi1@gmail.com support us : https://paypal.me/kharraz729?locale.x=en_US يرجى التبليغ عن اي قناة زائفة",,22,"People & Blogs",,PT38M11S,2291,2d,hd,false,ar,ar,https://i.ytimg.com/vi/QqnlRQNP6Gs/maxresdefault.jpg,1,,,,,1481608,56274,,0,6330
589,UCCPQpi9U-iXFWlMSUg_nxTw,"Abdelkader Kharraz",M4cGyaSfRKU,2021-03-03T17:59:57Z,"2021-03-03 17:59:57","الحلقة 48:الفتاة البرجوازية...من الحب ما قتل...لخراز يحكي","هذه هي القناة الرسمية و الوحيدة لعبد القادر خراز https://www.instagram.com/s.blancofficiel/ :الملابس و الازياء من طرف Compte Instagrame officiel: https://www.instagram.com/abdelkader.kharraz/?hl=fr contact via email : khazmehdi1@gmail.com support us : https://paypal.me/kharraz729?locale.x=en_US يرجى التبليغ عن اي قناة زائفة",,22,"People & Blogs",,PT48M27S,2907,2d,hd,false,ar,ar,https://i.ytimg.com/vi/M4cGyaSfRKU/maxresdefault.jpg,1,,,,,2168206,62212,,0,6316
590,UCCPQpi9U-iXFWlMSUg_nxTw,"Abdelkader Kharraz",3JwKeKr3Vgw,2021-02-28T17:45:26Z,"2021-02-28 17:45:26","الحلقة 47:سوء الجوار....مشكل بسيط بين الجيران دار كارثة....لخراز يحكي","هذه هي القناة الرسمية و الوحيدة لعبد القادر خراز https://www.instagram.com/s.blancofficiel/ :الملابس و الازياء من طرف Compte Instagrame officiel: https://www.instagram.com/abdelkader.kharraz/?hl=fr contact via email : khazmehdi1@gmail.com support us : https://paypal.me/kharraz729?locale.x=en_US يرجى التبليغ عن اي قناة زائفة",,22,"People & Blogs",,PT16M4S,964,2d,hd,false,ar,ar,https://i.ytimg.com/vi/3JwKeKr3Vgw/maxresdefault.jpg,1,,,,,860974,39604,,0,3671
591,UCCPQpi9U-iXFWlMSUg_nxTw,"Abdelkader Kharraz",nOuuxyaX4hA,2021-02-27T17:45:41Z,"2021-02-27 17:45:41","الحلقة 46:معلمة الروض...الحقد القديم فين كيوصل...لخراز يحكي","هذه هي القناة الرسمية و الوحيدة لعبد القادر خراز https://www.instagram.com/s.blancofficiel/ :الملابس و الازياء من طرف Compte Instagrame officiel: https://www.instagram.com/abdelkader.kharraz/?hl=fr contact via email : khazmehdi1@gmail.com support us : https://paypal.me/kharraz729?locale.x=en_US يرجى التبليغ عن اي قناة زائفة 0:00 المقدمة 14:57 بداية القصة",,22,"People & Blogs",,PT37M38S,2258,2d,hd,false,ar,ar,https://i.ytimg.com/vi/nOuuxyaX4hA/maxresdefault.jpg,1,,,,,1730876,57240,,0,5827
592,UCCPQpi9U-iXFWlMSUg_nxTw,"Abdelkader Kharraz",9km6H6p-EOE,2021-02-24T17:45:12Z,"2021-02-24 17:45:12","الحلقة 45:جريمة حي الصهريج ....لخراز يحكي","هذه هي القناة الرسمية و الوحيدة لعبد القادر خراز ولا توجد اي قناة اخرى يرجى التبليغ عن اي قناة زائفة Compte Instagrame officiel: https://www.instagram.com/abdelkader.kharraz/?hl=fr contact via email : khazmehdi1@gmail.com support us : https://paypal.me/kharraz729?locale.x=en_US 0:00 المقدمة 6:37 بداية القصة 50:00 الخاتمة",,22,"People & Blogs",Religion,PT51M17S,3077,2d,hd,false,ar,ar,https://i.ytimg.com/vi/9km6H6p-EOE/maxresdefault.jpg,1,,,,,2426324,66133,,0,7374
593,UCCPQpi9U-iXFWlMSUg_nxTw,"Abdelkader Kharraz",l9tI7E3JqhY,2021-02-21T17:45:41Z,"2021-02-21 17:45:41","الحلقة 44:الامومة....قصة مؤثرة...و النهاية غير متوقعة....لخراز يحكي","هذه هي القناة الرسمية و الوحيدة لعبد القادر خراز ولا توجد اي قناة اخرى يرجى التبليغ عن اي قناة زائفة Compte Instagrame officiel: https://www.instagram.com/abdelkader.kharraz/?hl=fr contact via email : khazmehdi1@gmail.com support us : https://paypal.me/kharraz729?locale.x=en_US",,22,"People & Blogs",,PT26M51S,1611,2d,hd,false,ar,ar,https://i.ytimg.com/vi/l9tI7E3JqhY/maxresdefault.jpg,1,,,,,1047602,47358,,0,5186
594,UCCPQpi9U-iXFWlMSUg_nxTw,"Abdelkader Kharraz",5vduAlh51t0,2021-02-20T17:45:23Z,"2021-02-20 17:45:23","الحلقة 43:مستملحات يوم السبت ...لخراز يحكي","هذه هي القناة الرسمية و الوحيدة لعبد القادر خراز ولا توجد اي قناة اخرى يرجى التبليغ عن اي قناة زائفة Compte Instagrame officiel: https://www.instagram.com/abdelkader.kharraz/?hl=fr contact via email : khazmehdi1@gmail.com support us : https://paypal.me/kharraz729?locale.x=en_US",,22,"People & Blogs",Religion,PT28M7S,1687,2d,hd,false,ar,ar,https://i.ytimg.com/vi/5vduAlh51t0/maxresdefault.jpg,1,,,,,1067744,46585,,0,4562
595,UCCPQpi9U-iXFWlMSUg_nxTw,"Abdelkader Kharraz",1UQn5-Th_kI,2021-02-17T17:52:56Z,"2021-02-17 17:52:56","الحلقة 42:الحنان الزائد فين كيوصل....لخراز يحكي","هذه هي القناة الرسمية و الوحيدة لعبد القادر خراز ولا توجد اي قناة اخرى يرجى التبليغ عن اي قناة زائفة Compte Instagrame officiel: https://www.instagram.com/abdelkader.kharraz/?hl=fr contact via email : khazmehdi1@gmail.com support us : https://paypal.me/kharraz729?locale.x=en_US",,22,"People & Blogs",,PT22M25S,1345,2d,hd,false,ar,ar,https://i.ytimg.com/vi/1UQn5-Th_kI/maxresdefault.jpg,1,,,,,1153984,46014,,0,5333
596,UCCPQpi9U-iXFWlMSUg_nxTw,"Abdelkader Kharraz",UFxKz1JPSig,2021-02-16T17:55:11Z,"2021-02-16 17:55:11","حلقة خاصة :الرد على الإعلام الجزائري(قناة الشروق)","هذه هي القناة الرسمية و الوحيدة لعبد القادر خراز ولا توجد اي قناة اخرى يرجى التبليغ عن اي قناة زائفة Compte Instagrame officiel: https://www.instagram.com/abdelkader.kharraz/?hl=fr contact via email : khazmehdi1@gmail.com support us : https://paypal.me/kharraz729?locale.x=en_US",,22,"People & Blogs",,PT14M3S,843,2d,hd,false,ar,ar,https://i.ytimg.com/vi/UFxKz1JPSig/maxresdefault.jpg,1,,,,,449503,26841,,0,4534
597,UCCPQpi9U-iXFWlMSUg_nxTw,"Abdelkader Kharraz",V2dybPbNtE4,2021-02-14T18:28:20Z,"2021-02-14 18:28:20","الحلقة 40:البوليس فيه و فيه ... الخراز يحكي","هذه هي القناة الرسمية و الوحيدة لعبد القادر خراز ولا توجد اي قناة اخرى يرجى التبليغ عن اي قناة زائفة Compte Instagrame officiel: https://www.instagram.com/abdelkader.kharraz/?hl=fr contact via email : khazmehdi1@gmail.com support us : https://paypal.me/kharraz729?locale.x=en_US",,22,"People & Blogs",Religion,PT34M3S,2043,2d,hd,false,ar,ar,https://i.ytimg.com/vi/V2dybPbNtE4/maxresdefault.jpg,1,,,,,1186810,44644,,0,4884
598,UCCPQpi9U-iXFWlMSUg_nxTw,"Abdelkader Kharraz",TzBahjvdZqc,2021-02-13T17:46:11Z,"2021-02-13 17:46:11","الحلقة 39 : النصابة و طرق الخدمة ديالهم.....هادو جوح انواع...لخراز يحكي","هذه هي القناة الرسمية و الوحيدة لعبد القادر خراز ولا توجد اي قناة اخرى يرجى التبليغ عن اي قناة زائفة Compte Instagrame officiel: https://www.instagram.com/abdelkader.kharraz/?hl=fr contact via email : khazmehdi1@gmail.com support us : https://paypal.me/kharraz729?locale.x=en_US",,22,"People & Blogs",,PT43M,2580,2d,hd,false,ar,ar,https://i.ytimg.com/vi/TzBahjvdZqc/maxresdefault.jpg,1,,,,,1663741,48090,,0,4014
599,UCCPQpi9U-iXFWlMSUg_nxTw,"Abdelkader Kharraz",ocmOh-QAVSc,2021-02-11T18:01:23Z,"2021-02-11 18:01:23","الحلقة 38:جوج قصص فحلقة واحدة......لخراز يحكي","هذه هي القناة الرسمية و الوحيدة لعبد القادر خراز ولا توجد اي قناة اخرى يرجى التبليغ عن اي قناة زائفة Compte Instagrame officiel: https://www.instagram.com/abdelkader.kharraz/?hl=fr contact via email : khazmehdi1@gmail.com support us : https://paypal.me/kharraz729?locale.x=en_US",,22,"People & Blogs",Religion,PT30M28S,1828,2d,hd,false,ar,ar,https://i.ytimg.com/vi/ocmOh-QAVSc/maxresdefault.jpg,1,,,,,957076,49650,,0,6764
600,UCCPQpi9U-iXFWlMSUg_nxTw,"Abdelkader Kharraz",iuAdET3_EGA,2021-02-10T17:54:20Z,"2021-02-10 17:54:20","الحلقة 37: ثورة الحب.....الحب لي خرج على مولاه....لخراز يحكي","هذه هي القناة الرسمية و الوحيدة لعبد القادر خراز ولا توجد اي قناة اخرى يرجى التبليغ عن اي قناة زائفة Compte Instagrame officiel: https://www.instagram.com/abdelkader.kharraz/?hl=fr contact via email : khazmehdi1@gmail.com support us : https://paypal.me/kharraz729?locale.x=en_US",,22,"People & Blogs",Society,PT22M30S,1350,2d,hd,false,ar,ar,https://i.ytimg.com/vi/iuAdET3_EGA/maxresdefault.jpg,1,,,,,1265127,54984,,0,5484
601,UCCPQpi9U-iXFWlMSUg_nxTw,"Abdelkader Kharraz",7BanzW2j5fQ,2021-02-07T17:59:49Z,"2021-02-07 17:59:49","الحلقة 36:جريمة حي البيتات....لخراز يحكي","هذه هي القناة الرسمية و الوحيدة لعبد القادر خراز ولا توجد اي قناة اخرى يرجى التبليغ عن اي قناة زائفة Compte Instagrame officiel: https://www.instagram.com/abdelkader.kharraz/?hl=fr contact via email : khazmehdi1@gmail.com support us : https://paypal.me/kharraz729?locale.x=en_US",,22,"People & Blogs",,PT50M59S,3059,2d,hd,false,ar,ar,https://i.ytimg.com/vi/7BanzW2j5fQ/maxresdefault.jpg,1,,,,,3181836,84480,,0,8883
602,UCCPQpi9U-iXFWlMSUg_nxTw,"Abdelkader Kharraz",yCfviWGqciY,2021-02-06T17:44:20Z,"2021-02-06 17:44:20","الحلقة 35:مستملحات يوم السبت مع عبد القادر خراز....لخراز يحكي","هذه هي القناة الرسمية و الوحيدة لعبد القادر خراز ولا توجد اي قناة اخرى يرجى التبليغ عن اي قناة زائفة Compte Instagrame officiel: https://www.instagram.com/abdelkader.kharraz/?hl=fr contact via email : khazmehdi1@gmail.com support us : https://paypal.me/kharraz729?locale.x=en_US",,22,"People & Blogs",Religion,PT42M6S,2526,2d,hd,false,ar,ar,https://i.ytimg.com/vi/yCfviWGqciY/maxresdefault.jpg,1,,,,,1545820,56459,,0,7409
603,UCCPQpi9U-iXFWlMSUg_nxTw,"Abdelkader Kharraz",0-cU47azp_w,2021-02-03T18:00:00Z,"2021-02-03 18:00:00","الحلقة 34;جوج ديال القصص فحلقة واحدة...الجوارب...الخدامة...لخراز يحكي","هذه هي القناة الرسمية و الوحيدة لعبد القادر خراز ولا توجد اي قناة اخرى يرجى التبليغ عن اي قناة زائفة Compte Instagrame officiel: https://www.instagram.com/abdelkader.kharraz/?hl=fr contact via email : khazmehdi1@gmail.com support us : https://paypal.me/kharraz729?locale.x=en_US",,22,"People & Blogs",Religion,PT31M37S,1897,2d,hd,false,ar,ar,https://i.ytimg.com/vi/0-cU47azp_w/maxresdefault.jpg,1,,,,,1614376,58427,,0,5469
604,UCCPQpi9U-iXFWlMSUg_nxTw,"Abdelkader Kharraz",YoG1Wqul-Fg,2021-01-31T17:41:31Z,"2021-01-31 17:41:31","الحلقة33:شكون هاد مجهول الهوية ...البحث المعمق لي كان فهاد القضية....لخراز يحكي","هذه هي القناة الرسمية و الوحيدة لعبد القادر خراز ولا توجد اي قناة اخرى يرجى التبليغ عن اي قناة زائفة Compte Instagrame officiel: https://www.instagram.com/abdelkader.kharraz/?hl=fr contact via email : khazmehdi1@gmail.com support us : https://paypal.me/kharraz729?locale.x=en_US",,22,"People & Blogs",,PT38M17S,2297,2d,hd,false,ar,ar,https://i.ytimg.com/vi/YoG1Wqul-Fg/maxresdefault.jpg,1,,,,,2687659,66444,,0,4523
605,UCCPQpi9U-iXFWlMSUg_nxTw,"Abdelkader Kharraz",2DouBYt6M6w,2021-01-30T17:40:30Z,"2021-01-30 17:40:30","الحلقة 32:شكون هاد الحيوان لي عاون فحل لغز هاد القضية...وكيفاش وقع هدشي....لخراز يحكي","هذه هي القناة الرسمية و الوحيدة لعبد القادر خراز ولا توجد اي قناة اخرى يرجى التبليغ عن اي قناة زائفة Compte Instagrame officiel: https://www.instagram.com/abdelkader.kharraz/?hl=fr contact via email : khazmehdi1@gmail.com support us : https://paypal.me/kharraz729?locale.x=en_US",,22,"People & Blogs",,PT39M54S,2394,2d,hd,false,ar,ar,https://i.ytimg.com/vi/2DouBYt6M6w/maxresdefault.jpg,1,,,,,2769147,81545,,0,6120
606,UCCPQpi9U-iXFWlMSUg_nxTw,"Abdelkader Kharraz",IAjA6k-HNcA,2021-01-24T17:58:40Z,"2021-01-24 17:58:40","الحلقة 31:شنو وقع لهاد البنت لي لقاوها فالطريق...والحل عند رجل عجوز...لخراز يحكي","هذه هي القناة الرسمية و الوحيدة لعبد القادر خراز ولا توجد اي قناة اخرى يرجى التبليغ عن اي قناة زائفة Compte Instagrame officiel: https://www.instagram.com/abdelkader.kharraz/?hl=fr contact via email : khazmehdi1@gmail.com support us : https://paypal.me/kharraz729?locale.x=en_US",,22,"People & Blogs",,PT26M6S,1566,2d,hd,false,ar,ar,https://i.ytimg.com/vi/IAjA6k-HNcA/maxresdefault.jpg,1,,,,,1581954,58075,,0,4369
607,UCCPQpi9U-iXFWlMSUg_nxTw,"Abdelkader Kharraz",6oshumZpGZY,2021-01-23T17:43:21Z,"2021-01-23 17:43:21","الحلقة 30:اخطر طرق النصب...صحاب السموي ...2021....لخراز يحكي","هذه هي القناة الرسمية و الوحيدة لعبد القادر خراز ولا توجد اي قناة اخرى يرجى التبليغ عن اي قناة زائفة Compte Instagrame officiel: https://www.instagram.com/abdelkader.kharraz/?hl=fr contact via email : khazmehdi1@gmail.com support us : https://paypal.me/kharraz729?locale.x=en_US",,22,"People & Blogs",,PT45M35S,2735,2d,hd,false,ar,ar,https://i.ytimg.com/vi/6oshumZpGZY/maxresdefault.jpg,1,,,,,1280403,45020,,0,3983
608,UCCPQpi9U-iXFWlMSUg_nxTw,"Abdelkader Kharraz",WXntDjwRKy8,2021-01-20T17:59:39Z,"2021-01-20 17:59:39","الحلقة 29:اكبر حمولة ديال الكوكاين لي تشدات فالمغرب...شكون ماليها..لخراز يحكي","هذه هي القناة الرسمية و الوحيدة لعبد القادر خراز ولا توجد اي قناة اخرى يرجى التبليغ عن اي قناة زائفة Compte Instagrame officiel: https://www.instagram.com/abdelkader.kharraz/?hl=fr contact via email : khazmehdi1@gmail.com support us : https://paypal.me/kharraz729?locale.x=en_US",,22,"People & Blogs",,PT27M8S,1628,2d,hd,false,ar,ar,https://i.ytimg.com/vi/WXntDjwRKy8/maxresdefault.jpg,1,,,,,1066764,42437,,0,4047
609,UCCPQpi9U-iXFWlMSUg_nxTw,"Abdelkader Kharraz",RBNbCrSr4D4,2021-01-17T17:50:28Z,"2021-01-17 17:50:28","الحلقة 28:الدور المهم ديال النيابة العامة فهاد القضية.....وشكون هيا هاد العائلة المجرمة..قصتين فحلقة","هذه هي القناة الرسمية و الوحيدة لعبد القادر خراز ولا توجد اي قناة اخرى يرجى التبليغ عن اي قناة زائفة Compte Instagrame officiel: https://www.instagram.com/abdelkader.kharraz/?hl=fr contact via email : khazmehdi1@gmail.com support us : https://paypal.me/kharraz729?locale.x=en_US",,22,"People & Blogs",,PT34M31S,2071,2d,hd,false,ar,ar,https://i.ytimg.com/vi/RBNbCrSr4D4/maxresdefault.jpg,1,,,,,1618993,55720,,0,4385
610,UCCPQpi9U-iXFWlMSUg_nxTw,"Abdelkader Kharraz",qFtndxeawi8,2021-01-16T17:52:00Z,"2021-01-16 17:52:00","الحلقة 27:شنو كيجي من مور وصفات الشعوذة.....قصص طريفة و اخرى مؤلمة....لخراز يحكي","هذه هي القناة الرسمية و الوحيدة لعبد القادر خراز ولا توجد اي قناة اخرى يرجى التبليغ عن اي قناة زائفة Compte Instagrame officiel: https://www.instagram.com/abdelkader.kharraz/?hl=fr contact via email : khazmehdi1@gmail.com support us : https://paypal.me/kharraz729?locale.x=en_US",,22,"People & Blogs",,PT36M44S,2204,2d,hd,false,ar,ar,https://i.ytimg.com/vi/qFtndxeawi8/maxresdefault.jpg,1,,,,,1533263,61503,,0,5975
611,UCCPQpi9U-iXFWlMSUg_nxTw,"Abdelkader Kharraz",b7Qc-aLTGtM,2021-01-14T18:10:27Z,"2021-01-14 18:10:27","حلقة خاصة بكارثة حي مولاي الشريف بالدار البيضاء","هذه هي القناة الرسمية و الوحيدة لعبد القادر خراز ولا توجد اي قناة اخرى يرجى التبليغ عن اي قناة زائفة Compte Instagrame officiel: https://www.instagram.com/abdelkader.kharraz/?hl=fr contact via email : khazmehdi1@gmail.com support us : https://paypal.me/kharraz729?locale.x=en_US",,22,"People & Blogs",,PT16M46S,1006,2d,hd,false,ar,ar,https://i.ytimg.com/vi/b7Qc-aLTGtM/maxresdefault.jpg,1,,,,,458533,23669,,0,3310
612,UCCPQpi9U-iXFWlMSUg_nxTw,"Abdelkader Kharraz",lHISsRtmKkg,2021-01-13T17:50:05Z,"2021-01-13 17:50:05","الحلقة 26:اختفاء ديال جوج اطفال........كارثة وقعات...رسالة مهمة فأخر الحلقة...لخراز يحكي","هذه هي القناة الرسمية و الوحيدة لعبد القادر خراز ولا توجد اي قناة اخرى يرجى التبليغ عن اي قناة زائفة Compte Instagrame officiel: https://www.instagram.com/abdelkader.kharraz/?hl=fr contact via email : khazmehdi1@gmail.com support us : https://paypal.me/kharraz729?locale.x=en_US",,22,"People & Blogs",,PT42M38S,2558,2d,hd,false,ar,ar,https://i.ytimg.com/vi/lHISsRtmKkg/maxresdefault.jpg,1,,,,,2248571,76340,,0,8842
613,UCCPQpi9U-iXFWlMSUg_nxTw,"Abdelkader Kharraz",nmq5IYvCOwk,2021-01-10T17:49:56Z,"2021-01-10 17:49:56","الحلقة25:جوج قصص .....الحرب ديال العائلة فين كتخرج...والخيانة القاتلة...لخراز يحكي","هذه هي القناة الرسمية و الوحيدة لعبد القادر خراز ولا توجد اي قناة اخرى يرجى التبليغ عن اي قناة زائفة Compte Instagrame officiel: https://www.instagram.com/abdelkader.kharraz/?hl=fr contact via email : khazmehdi1@gmail.com support us : https://paypal.me/kharraz729?locale.x=en_US",,22,"People & Blogs",Religion,PT36M32S,2192,2d,hd,false,ar,ar,,1,,,,,2047157,72233,,0,6081
614,UCCPQpi9U-iXFWlMSUg_nxTw,"Abdelkader Kharraz",pG6H8EL7oLU,2021-01-09T17:47:54Z,"2021-01-09 17:47:54","الحلقة 24:جوج قصص...عصابة ولاد العم...ولمخزني لي ضحى بحبه...لخراز يحكي","هذه هي القناة الرسمية و الوحيدة لعبد القادر خراز ولا توجد اي قناة اخرى يرجى التبليغ عن اي قناة زائفة Compte Instagrame officiel: https://www.instagram.com/abdelkader.kharraz/?hl=fr contact via email : khazmehdi1@gmail.com support us : https://paypal.me/kharraz729?locale.x=en_US",,22,"People & Blogs",Religion,PT50M31S,3031,2d,hd,false,ar,ar,https://i.ytimg.com/vi/pG6H8EL7oLU/maxresdefault.jpg,1,,,,,3673349,87726,,0,8456
615,UCCPQpi9U-iXFWlMSUg_nxTw,"Abdelkader Kharraz",OkvgQ41g4eI,2021-01-06T17:53:46Z,"2021-01-06 17:53:46","الحلقة 23: أول مرة قصة الهروب من السجن...القروي...لخراز يحكي","هذه هي القناة الرسمية و الوحيدة لعبد القادر خراز ولا توجد اي قناة اخرى يرجى التبليغ عن اي قناة زائفة Compte Instagrame officiel: https://www.instagram.com/abdelkader.kharraz/?hl=fr contact via email : khazmehdi1@gmail.com support us : https://paypal.me/kharraz729?locale.x=en_US",,22,"People & Blogs",Religion,PT38M3S,2283,2d,hd,false,ar,ar,https://i.ytimg.com/vi/OkvgQ41g4eI/maxresdefault.jpg,1,,,,,2260484,78042,,0,8274
616,UCCPQpi9U-iXFWlMSUg_nxTw,"Abdelkader Kharraz",8BtRRiBh36w,2021-01-03T17:49:02Z,"2021-01-03 17:49:02","الحلقة 22:جوج قصص فحلقة واحدة.....لخراز يحكي","هذه هي القناة الرسمية و الوحيدة لعبد القادر خراز ولا توجد اي قناة اخرى يرجى التبليغ عن اي قناة زائفة Compte Instagrame officiel: https://www.instagram.com/abdelkader.kharraz/?hl=fr contact via email : khazmehdi1@gmail.com support us : https://paypal.me/kharraz729?locale.x=en_US",,22,"People & Blogs",Religion,PT46M20S,2780,2d,hd,false,ar,ar,,1,,,,,2631889,81199,,0,9044
617,UCCPQpi9U-iXFWlMSUg_nxTw,"Abdelkader Kharraz",0lZh4ciM-zI,2021-01-02T17:57:18Z,"2021-01-02 17:57:18","الحلقة 21:شنو قصة هاد لخوت .....و كيفاش الطمع دخل بيناتهم....لخراز يحكي","هذه هي القناة الرسمية و الوحيدة لعبد القادر خراز ولا توجد اي قناة اخرى يرجى التبليغ عن اي قناة زائفة Compte Instagrame officiel: https://www.instagram.com/abdelkader.kharraz/?hl=fr contact via email : khazmehdi1@gmail.com support us : https://paypal.me/kharraz729?locale.x=en_US",,22,"People & Blogs",,PT35M30S,2130,2d,hd,false,ar,ar,,1,,,,,1650926,64209,,0,5331
618,UCCPQpi9U-iXFWlMSUg_nxTw,"Abdelkader Kharraz",_hf_K4qporw,2020-12-31T17:51:58Z,"2020-12-31 17:51:58","الحلقة 20: مجزرة شارع الكفاح......معمر العاصمة شافة بحال هاذ القضية..لخراز يحكي","هذه هي القناة الرسمية و الوحيدة لعبد القادر خراز ولا توجد اي قناة اخرى يرجى التبليغ عن اي قناة زائفة Compte Instagrame officiel: https://www.instagram.com/abdelkader.kharraz/?hl=fr contact via email : khazmehdi1@gmail.com support us : https://paypal.me/kharraz729?locale.x=en_US",,22,"People & Blogs",,PT1H6M40S,400,2d,hd,false,ar,ar,https://i.ytimg.com/vi/_hf_K4qporw/maxresdefault.jpg,1,,,,,3598023,106159,,0,11903
619,UCCPQpi9U-iXFWlMSUg_nxTw,"Abdelkader Kharraz",DoeQvLvm_VI,2020-12-30T19:54:52Z,"2020-12-30 19:54:52","مباشر خاص بحلقة رأس السنة","هذه هيا القناة الرسمية و الوحيدة لعبد القادر خراز ولا توجد اي قناة اخرى يرجى التبليغ عن اي قناة زائفة Compte Instagrame officiel: https://www.instagram.com/abdelkader.kharraz/?hl=fr contact via email : khazmehdi1@gmail.com support us : https://paypal.me/kharraz729?locale.x=en_US",,22,"People & Blogs",Religion,PT1M50S,110,2d,hd,false,ar,ar,https://i.ytimg.com/vi/DoeQvLvm_VI/maxresdefault.jpg,1,,,,,278726,18841,,0,1777
620,UCCPQpi9U-iXFWlMSUg_nxTw,"Abdelkader Kharraz",DwmWKZ3zlrc,2020-12-30T17:56:29Z,"2020-12-30 17:56:29","الحلقة19:بوعويدة....شنو وقع فهاد القضية......لخراز يحكي","هذه هي القناة الرسمية و الوحيدة لعبد القادر خراز ولا توجد اي قناة اخرى يرجى التبليغ عن اي قناة زائفة Compte Instagrame officiel: https://www.instagram.com/abdelkader.kharraz/?hl=fr contact via email : khazmehdi1@gmail.com support us : https://paypal.me/kharraz729?locale.x=en_US",,22,"People & Blogs",,PT39M9S,2349,2d,hd,false,ar,ar,https://i.ytimg.com/vi/DwmWKZ3zlrc/maxresdefault.jpg,1,,,,,2495632,75805,,0,6381
621,UCCPQpi9U-iXFWlMSUg_nxTw,"Abdelkader Kharraz",kejGs-q5kOY,2020-12-27T17:55:39Z,"2020-12-27 17:55:39","الحلقة 18 :من مورا 20 سنة على الواقعة........مبقاوش عارفين حتا سميتو ....لخراز يحكي","هذه هي القناة الرسمية و الوحيدة لعبد القادر خراز ولا توجد اي قناة اخرى يرجى التبليغ عن اي قناة زائفة Compte Instagrame officiel: https://www.instagram.com/abdelkader.kharraz/?hl=fr contact via email : khazmehdi1@gmail.com support us : https://paypal.me/kharraz729?locale.x=en_US",,22,"People & Blogs",Religion,PT45M35S,2735,2d,hd,false,ar,ar,https://i.ytimg.com/vi/kejGs-q5kOY/maxresdefault.jpg,1,,,,,3071384,84183,,0,8159
622,UCCPQpi9U-iXFWlMSUg_nxTw,"Abdelkader Kharraz",85yFG-5upK8,2020-12-26T17:55:41Z,"2020-12-26 17:55:41","الحلقة 17:شنو وقع لهاد البنت.......قصة فيها اكثر استفادة....لخراز يحكي","هذه هي القناة الرسمية و الوحيدة لعبد القادر خراز ولا توجد اي قناة اخرى يرجى التبليغ عن اي قناة زائفة Compte Instagrame officiel: https://www.instagram.com/abdelkader.kharraz/?hl=fr contact via email : khazmehdi1@gmail.com support us : https://paypal.me/kharraz729?locale.x=en_US",,22,"People & Blogs",,PT34M4S,2044,2d,hd,false,ar,ar,https://i.ytimg.com/vi/85yFG-5upK8/maxresdefault.jpg,1,,,,,2100747,100934,,0,9764
623,UCCPQpi9U-iXFWlMSUg_nxTw,"Abdelkader Kharraz",MG0KX-TcQsw,2020-12-23T17:55:35Z,"2020-12-23 17:55:35","الحلقة 16:با لحسن.....الثقة الزائدة....قصة مؤثرة...لخراز يحكي","هذه هي القناة الرسمية و الوحيدة لعبد القادر خراز ولا توجد اي قناة اخرى يرجى التبليغ عن اي قناة زائفة Compte Instagrame officiel: https://www.instagram.com/abdelkader.kharraz/?hl=fr contact via email : khazmehdi1@gmail.com support us : https://paypal.me/kharraz729?locale.x=en_US",,22,"People & Blogs",Religion,PT25M28S,1528,2d,hd,false,ar,ar,https://i.ytimg.com/vi/MG0KX-TcQsw/maxresdefault.jpg,1,,,,,1824879,75466,,0,6442
624,UCCPQpi9U-iXFWlMSUg_nxTw,"Abdelkader Kharraz",w0Geu2AXA5s,2020-12-20T17:43:40Z,"2020-12-20 17:43:40","الحلقة 15:الوحش الآدمي.........فوسط شهر الغفران ...كيفاش قدر يدير هدشي ...لخراز يحكي","هذه هي القناة الرسمية و الوحيدة لعبد القادر خراز ولا توجد اي قناة اخرى يرجى التبليغ عن اي قناة زائفة Compte Instagrame officiel: https://www.instagram.com/abdelkader.kharraz/?hl=fr contact via email : khazmehdi1@gmail.com support us : https://paypal.me/kharraz729?locale.x=en_US",,22,"People & Blogs",Religion,PT33M8S,1988,2d,hd,false,ar,ar,https://i.ytimg.com/vi/w0Geu2AXA5s/maxresdefault.jpg,1,,,,,2063916,104083,,0,8632
625,UCCPQpi9U-iXFWlMSUg_nxTw,"Abdelkader Kharraz",Loiw6OfbmI0,2020-12-19T17:51:23Z,"2020-12-19 17:51:23","الحلقة14 :النباهة و الحدس البوليسي ......جوج قصص فحلقة وحدة....لخراز يحكي","هذه هي القناة الرسمية و الوحيدة لعبد القادر خراز ولا توجد اي قناة اخرى يرجى التبليغ عن اي قناة زائفة Compte Instagrame officiel: https://www.instagram.com/abdelkader.kharraz/?hl=fr contact via email : khazmehdi1@gmail.com support us : https://paypal.me/kharraz729?locale.x=en_US",,22,"People & Blogs",,PT37M23S,2243,2d,hd,false,ar,ar,https://i.ytimg.com/vi/Loiw6OfbmI0/maxresdefault.jpg,1,,,,,2209863,74384,,0,6183
626,UCCPQpi9U-iXFWlMSUg_nxTw,"Abdelkader Kharraz",z6p09-FET90,2020-12-16T17:44:12Z,"2020-12-16 17:44:12","الحلقة 13 :المختار و نسيبه....... لخراز يحكي","هذه هي القناة الرسمية و الوحيدة لعبد القادر خراز ولا توجد اي قناة اخرى يرجى التبليغ عن اي قناة زائفة Compte Instagrame officiel: https://www.instagram.com/abdelkader.kharraz/?hl=fr contact via email : khazmehdi1@gmail.com support us : https://paypal.me/kharraz729?locale.x=en_US",,22,"People & Blogs",Religion,PT44M35S,2675,2d,hd,false,ar,ar,https://i.ytimg.com/vi/z6p09-FET90/maxresdefault.jpg,1,,,,,2803164,84057,,0,8677
627,UCCPQpi9U-iXFWlMSUg_nxTw,"Abdelkader Kharraz",UMLq_7747uk,2020-12-15T15:07:43Z,"2020-12-15 15:07:43","توضيح حول الاشاعات التي تروج على مواقع التواصل الاجتماعي",,,22,"People & Blogs",,PT4M30S,270,2d,hd,false,ar,ar,https://i.ytimg.com/vi/UMLq_7747uk/maxresdefault.jpg,1,,,,,427955,28744,,0,5312
628,UCCPQpi9U-iXFWlMSUg_nxTw,"Abdelkader Kharraz",S_oWK9cVkuI,2020-12-13T17:32:23Z,"2020-12-13 17:32:23","الحلقة 12 :كيفاش هدشي غادي يوقع وسط من البنك ......الثقة العمياء فين كتخرج....لخراز يحكي","هذه هي القناة الرسمية و الوحيدة لعبد القادر خراز ولا توجد اي قناة اخرى يرجى التبليغ عن اي قناة زائفة Compte Instagrame officiel: https://www.instagram.com/abdelkader.kharraz/?hl=fr contact via email : khazmehdi1@gmail.com support us : https://paypal.me/kharraz729?locale.x=en_US","kharraz,2020,jadid,hal9a,10,11",22,"People & Blogs",,PT32M57S,1977,2d,hd,false,ar,ar,https://i.ytimg.com/vi/S_oWK9cVkuI/maxresdefault.jpg,1,,,,,1855246,72172,,0,7036
629,UCCPQpi9U-iXFWlMSUg_nxTw,"Abdelkader Kharraz",ceqkua-dnac,2020-12-12T17:47:19Z,"2020-12-12 17:47:19","الحلقة11 :القصة الأكثر طلباً ..... القاتل المتسلسل......لخراز يحكي","هذه هي القناة الرسمية و الوحيدة لعبد القادر خراز ولا توجد اي قناة اخرى يرجى التبليغ عن اي قناة زائفة Compte Instagrame officiel: https://www.instagram.com/abdelkader.kharraz/?hl=fr contact via email : khazmehdi1@gmail.com support us : https://paypal.me/kharraz729?locale.x=en_US","KHARRAZ ABDELKADER,2020",22,"People & Blogs",,PT35M8S,2108,2d,hd,false,ar,ar,https://i.ytimg.com/vi/ceqkua-dnac/maxresdefault.jpg,1,,,,,3051926,100944,,0,7865
630,UCCPQpi9U-iXFWlMSUg_nxTw,"Abdelkader Kharraz",KtRktvywG18,2020-12-11T19:43:25Z,"2020-12-11 19:43:25","تعازينا الحارة الى اسرة الفقيد",,,22,"People & Blogs",Religion,PT2M7S,127,2d,hd,false,ar,ar,https://i.ytimg.com/vi/KtRktvywG18/maxresdefault.jpg,,,,,,269942,25651,,0,2414
631,UCCPQpi9U-iXFWlMSUg_nxTw,"Abdelkader Kharraz",iBrtdjk53VI,2020-12-09T17:52:25Z,"2020-12-09 17:52:25","الحلقة 10: مكاينش شي حاجة سميتها التزوير و الربح..... كاين فيه غير الخسارة","هذه هي القناة الرسمية و الوحيدة لعبد القادر خراز ولا توجد اي قناة اخرى يرجى التبليغ عن اي قناة زائفة Compte Instagrame officiel: https://www.instagram.com/abdelkader.kharraz/?hl=fr contact via email : khazmehdi1@gmail.com support us : https://paypal.me/kharraz729?locale.x=en_US",,22,"People & Blogs",,PT27M26S,1646,2d,hd,false,ar,ar,https://i.ytimg.com/vi/iBrtdjk53VI/maxresdefault.jpg,1,,,,,1273484,62364,,0,8179
632,UCCPQpi9U-iXFWlMSUg_nxTw,"Abdelkader Kharraz",h8DrTjWFBAc,2020-12-08T19:20:34Z,"2020-12-08 19:20:34","1 اجوبة على المباشر","هذه هي القناة الرسمية و الوحيدة لعبد القادر خراز ولا توجد اي قناة اخرى يرجى التبليغ عن اي قناة زائفة Compte Instagrame officiel: https://www.instagram.com/abdelkader.kharraz/?hl=fr contact via email : khazmehdi1@gmail.com support us : https://paypal.me/kharraz729?locale.x=en_US",,22,"People & Blogs",Religion,PT21M45S,1305,2d,hd,false,ar,ar,https://i.ytimg.com/vi/h8DrTjWFBAc/maxresdefault.jpg,1,,,,,316201,20434,,0,2795
633,UCCPQpi9U-iXFWlMSUg_nxTw,"Abdelkader Kharraz",Ndp3KGpmJjo,2020-12-07T20:45:53Z,"2020-12-07 20:45:53","البث المباشر 2","هذه هيا القناة الرسمية و الوحيدة لعبد القادر خراز ولا توجد اي قناة اخرى يرجى التبليغ عن اي قناة زائفة Compte Instagrame officiel: https://www.instagram.com/abdelkader.kharraz/?hl=fr contact via email : khazmehdi1@gmail.com",,22,"People & Blogs",Religion,PT6M15S,375,2d,sd,false,ar,ar,https://i.ytimg.com/vi/Ndp3KGpmJjo/maxresdefault.jpg,1,,,,,277538,22664,,0,2549
634,UCCPQpi9U-iXFWlMSUg_nxTw,"Abdelkader Kharraz",3OvfspzsKxw,2020-12-06T20:14:34Z,"2020-12-06 20:14:34","البث المباشر","هذه هيا القناة الرسمية و الوحيدة لعبد القادر خراز ولا توجد اي قناة اخرى يرجى التبليغ عن اي قناة زائفة Compte Instagrame officiel: https://www.instagram.com/abdelkader.kharraz/?hl=fr contact via email : khazmehdi1@gmail.com",,22,"People & Blogs",Religion,PT6M30S,390,2d,sd,false,ar,ar,https://i.ytimg.com/vi/3OvfspzsKxw/maxresdefault.jpg,1,,,,,299405,28723,,0,2702
635,UCCPQpi9U-iXFWlMSUg_nxTw,"Abdelkader Kharraz",aIMzznamuMc,2020-12-06T17:44:55Z,"2020-12-06 17:44:55","الحلقة 9: جوج صحاب .... صدفة وحدة .....نهاية مؤلمة ....لخراز يحكي","هذه هي القناة الرسمية و الوحيدة لعبد القادر خراز ولا توجد اي قناة اخرى يرجى التبليغ عن اي قناة زائفة Compte Instagrame officiel: https://www.instagram.com/abdelkader.kharraz/?hl=fr contact via email : khazmehdi1@gmail.com support us : https://paypal.me/kharraz729?locale.x=en_US","خراز الحلقة9,abdelkader,kharraz",22,"People & Blogs",,PT24M30S,1470,2d,hd,false,ar,ar,https://i.ytimg.com/vi/aIMzznamuMc/maxresdefault.jpg,1,,,,,2185989,108290,,0,12515
636,UCCPQpi9U-iXFWlMSUg_nxTw,"Abdelkader Kharraz",ol5pw5HkSJc,2020-12-05T17:32:02Z,"2020-12-05 17:32:02","الحلقة 8: الغيرة الزايدة فين كتوصل .... كيفاش الانسان كيولي وحش ...قصة مؤلمة...لخراز يحكي","هذه هي القناة الرسمية و الوحيدة لعبد القادر خراز ولا توجد اي قناة اخرى يرجى التبليغ عن اي قناة زائفة Compte Instagrame officiel: https://www.instagram.com/abdelkader.kharraz/?hl=fr contact via email : khazmehdi1@gmail.com support us : https://paypal.me/kharraz729?locale.x=en_US","kharraz,abdelkader,hal9a4",22,"People & Blogs",,PT31M32S,1892,2d,hd,false,ar,ar,https://i.ytimg.com/vi/ol5pw5HkSJc/maxresdefault.jpg,1,,,,,2388846,135009,,0,15223
637,UCCPQpi9U-iXFWlMSUg_nxTw,"Abdelkader Kharraz",nuvSU1ybXR4,2020-12-04T18:06:04Z,"2020-12-04 18:06:04","الحلقة 7: الجريمة معندهاش سن معين .... هذا القصة كتبان فيها الانانية بابشع الصور...لخراز يحكي","هذه هي القناة الرسمية و الوحيدة لعبد القادر خراز ولا توجد اي قناة اخرى يرجى التبليغ عن اي قناة زائفة Compte Instagrame officiel: https://www.instagram.com/abdelkader.kharraz/?hl=fr contact via email : khazmehdi1@gmail.com support us : https://paypal.me/kharraz729?locale.x=en_US",,22,"People & Blogs",,PT35M14S,2114,2d,hd,false,ar,ar,https://i.ytimg.com/vi/nuvSU1ybXR4/maxresdefault.jpg,1,,,,,2625145,122926,,0,16058
638,UCCPQpi9U-iXFWlMSUg_nxTw,"Abdelkader Kharraz",yUYIVp3A8nw,2020-12-03T17:42:12Z,"2020-12-03 17:42:12","الحلقة 6: واحدة من اكثر القصص المؤثرة ....فاش كيتلاقا الطمع مع لغدر .... الخراز يحكي","هذه هي القناة الرسمية و الوحيدة لعبد القادر خراز ولا توجد اي قناة اخرى يرجى التبليغ عن اي قناة زائفة Compte Instagrame officiel: https://www.instagram.com/abdelkader.kharraz/?hl=fr contact via email : khazmehdi1@gmail.com support us : https://paypal.me/kharraz729?locale.x=en_US","الحلقة 6: واحدة من اكثر القصص المؤثرة ....فاش كيتلاقا الطمع مع لغدر .... الخراز يحكي,خراز,الحلقة السادسة,الحلقة,عبد القادر,الحدث,2020",22,"People & Blogs",Religion,PT35M59S,2159,2d,hd,false,ar,ar,https://i.ytimg.com/vi/yUYIVp3A8nw/maxresdefault.jpg,1,,,,,2365848,110205,,0,12787
639,UCCPQpi9U-iXFWlMSUg_nxTw,"Abdelkader Kharraz",lXttoZRWZF8,2020-12-02T17:42:53Z,"2020-12-02 17:42:53","الحلقة 5: الفراقشية.....كنا كنقلبو على حاجة ولينا فحاجة اخرى ...لخراز يحكي","هذه هي القناة الرسمية و الوحيدة لعبد القادر خراز ولا توجد اي قناة اخرى يرجى التبليغ عن اي قناة زائفة Compte Instagrame officiel: https://www.instagram.com/abdelkader.kharraz/?hl=fr contact via email : khazmehdi1@gmail.com support us : https://paypal.me/kharraz729?locale.x=en_US","الحلقة 5: الفراقشية.....كنا كنقلبو على حاجة ولينا فحاجة اخرى ...لخراز يحكي,خراز,عبد القادر,الحلقة 5,الدبيحة السرية",22,"People & Blogs",Religion,PT39M17S,2357,2d,hd,false,ar,ar,https://i.ytimg.com/vi/lXttoZRWZF8/maxresdefault.jpg,1,,,,,2480765,104852,,0,13269
640,UCCPQpi9U-iXFWlMSUg_nxTw,"Abdelkader Kharraz",9w9JH4j0TLk,2020-12-01T17:54:18Z,"2020-12-01 17:54:18","الحلقة4 : ...الصباغ لي جابوه باش يصبغ الجدران بالابيض... صبغ الارضية بالاحمر... الخراز","هذه هي القناة الرسمية و الوحيدة لعبد القادر خراز ولا توجد اي قناة اخرى يرجى التبليغ عن اي قناة زائفة Compte Instagrame officiel: https://www.instagram.com/abdelkader.kharraz/?hl=fr contact via email : khazmehdi1@gmail.com support us : https://paypal.me/kharraz729?locale.x=en_US","kharraz,abdelkader,الخراز,عبد القادر,الحلقة4",22,"People & Blogs",,PT40M34S,2434,2d,hd,false,ar,ar,https://i.ytimg.com/vi/9w9JH4j0TLk/maxresdefault.jpg,1,,,,,3358903,150517,,0,21153
641,UCCPQpi9U-iXFWlMSUg_nxTw,"Abdelkader Kharraz",2ddVID7MAok,2020-11-30T17:54:18Z,"2020-11-30 17:54:18","(الحلقة :3 .....قضية فتاة حق فيها قول الله ( وَإِذَا الْمَوْءُودَةُ سُئِلَتْ * بِأيّ ذَنْبٍ قُتلَتْ","هذه هي القناة الرسمية و الوحيدة لعبد القادر خراز ولا توجد اي قناة اخرى يرجى التبليغ عن اي قناة زائفة Compte Instagrame officiel: https://www.instagram.com/abdelkader.kharraz/?hl=fr contact via email : khazmehdi1@gmail.com support us : https://paypal.me/kharraz729?locale.x=en_US",,22,"People & Blogs",Religion,PT41M7S,2467,2d,hd,false,ar,ar,https://i.ytimg.com/vi/2ddVID7MAok/maxresdefault.jpg,1,,,,,2221731,109742,,0,13708
642,UCCPQpi9U-iXFWlMSUg_nxTw,"Abdelkader Kharraz",WoOSMW3QBJc,2020-11-29T17:42:31Z,"2020-11-29 17:42:31",".حلقة: 2 ...شفارة حمقو مدينة كاملة و نهاية تاوحد مطاحت ليه على البال","هذه هي القناة الرسمية و الوحيدة لعبد القادر خراز ولا توجد اي قناة اخرى يرجى التبليغ عن اي قناة زائفة Compte Instagrame officiel: https://www.instagram.com/abdelkader.kharraz/?hl=fr contact via email : khazmehdi1@gmail.com support us : https://paypal.me/kharraz729?locale.x=en_US","abdelkader,abdelkader kharraz,2020,jdid,officiel,alhadath24,خراز,عبد القادر خراز,جديد,القناة الرسمية,الشفارة حمقو المدينة,الحلقة,الحلقة 2",22,"People & Blogs",,PT45M20S,2720,2d,hd,false,ar,ar,https://i.ytimg.com/vi/WoOSMW3QBJc/maxresdefault.jpg,1,,,,,4664768,146243,,0,12391
643,UCCPQpi9U-iXFWlMSUg_nxTw,"Abdelkader Kharraz",PjGHYLChJRA,2020-11-28T19:00:40Z,"2020-11-28 19:00:40","Diffusion en direct de abdelkader Kharraz",,,22,"People & Blogs",,P0D,0,2d,sd,false,fr,ar,,,,,,,0,0,,0,0
644,UCCPQpi9U-iXFWlMSUg_nxTw,"Abdelkader Kharraz",jEIYUZeYLac,2020-11-28T18:03:41Z,"2020-11-28 18:03:41","الحلقة :1:كيفاش العشق كينزع عاطفة الامومة من قلب ام عازبة .. الخراز...... امومة قاتلة","هذه هي القناة الرسمية و الوحيدة لعبد القادر خراز ولا توجد اي قناة اخرى يرجى التبليغ عن اي قناة زائفة Compte Instagrame officiel: https://www.instagram.com/abdelkader.kharraz/?hl=fr contact via email : khazmehdi1@gmail.com support us : https://paypal.me/kharraz729?locale.x=en_US",,22,"People & Blogs",Religion,PT31M18S,1878,2d,hd,false,ar,ar,https://i.ytimg.com/vi/jEIYUZeYLac/maxresdefault.jpg,1,,,,,1770940,105762,,0,12530
645,UCCPQpi9U-iXFWlMSUg_nxTw,"Abdelkader Kharraz",pAGQtxFcDsc,2020-11-28T12:04:16Z,"2020-11-28 12:04:16","لخراز يفتتح قناة خاصة به و يفضح المستور","هذه هي القناة الرسمية و الوحيدة لعبد القادر خراز ولا توجد اي قناة اخرى يرجى التبليغ عن اي قناة زائفة Compte Instagrame officiel: https://www.instagram.com/abdelkader.kharraz/?hl=fr contact via email : khazmehdi1@gmail.com support us : https://paypal.me/kharraz729?locale.x=en_US","عبد القادر خراز,خراز,القناة الرسمية,2020,حدث24,الجريمة,الخراز",22,"People & Blogs",,PT20M45S,1245,2d,hd,false,ar,ar,https://i.ytimg.com/vi/pAGQtxFcDsc/maxresdefault.jpg,1,,,,,615351,57399,,0,8718
646,UCCPQpi9U-iXFWlMSUg_nxTw,"Abdelkader Kharraz",AkGxkx1Rvl4,2020-11-27T11:50:44Z,"2020-11-27 11:50:44","القناة الرسمية و الوحيدة","قناة الخراز الرسمية و الوحيدة contact via instagram https://www.instagram.com/abdelkader.kharraz/?hl=fr","عبد القادر خراز,قناة,عبد القادر الخراز",22,"People & Blogs",Religion,PT15S,15,2d,hd,false,ar,ar,https://i.ytimg.com/vi/AkGxkx1Rvl4/maxresdefault.jpg,1,,,,,338664,24019,,0,3327
