position,channelId,channelTitle,videoId,publishedAt,publishedAtSQL,videoTitle,videoDescription,tags,videoCategoryId,videoCategoryLabel,topicCategories,duration,durationSec,dimension,definition,caption,defaultLanguage,defaultLAudioLanguage,thumbnail_maxres,licensedContent,hasPaidProductPlacement,locationDescription,latitude,longitude,viewCount,likeCount,dislikeCount,favoriteCount,commentCount
1,UCC4PkXCup_rjEjyGfsYYmpg," Ahmed Sabiri 2.0 ",6vGkHVs4GXs,2026-04-24T18:00:24Z,"2026-04-24 18:00:24","قبضت علي الشرطة الفرنسية ","Live f Kick Koula nhar m3a 22.30h derbou follow lets goooo https://kick.com/ahmedsabiri For businesses and collab : ahmedsabiri.contact@gmail.com Chaine Gaming : https://www.youtube.com/channel/UCpon9Ts3C30ykOnVHHkqCQQ ✨Join my Social Media Discord ! https://discord.gg/VvADgpxfKS Instagram: https://www.instagram.com/ahmedsaabiri/ TikTok https://www.tiktok.com/@ahmedsaabiri Page FACEBOOK https://www.facebook.com/Ahmedsaabiri0","ahmedsabiri,storytime,sabiri,ahmedsabiristory,ahmedsabiritwitch,ahmedsabirivlog,Ahmed Sabiri | كشخة مكشوخة,clash,rapmaroc,bilal fariha,ahmedsabirireactionn,bnsnss,Ahmedsabiri Reaction,Reaction,ahmed sabiri | كشخة مكشوخة,speed dating in morroco,Tendence maroc,bnsns,#Jamshow,#RapMaroc,#HipHop,elgrandetoto,Vira,viravs6win,Jamshow,Kawaliss,Tendence,ahmedsabirikick,ahmedsabirilebledard,ahmedsabirireactionpause,Ahmed Sabiri IRL,IRL kick,IRL morocco,kick,Le bledar,Sabiri le bledar",22,"People & Blogs",Society,PT16M23S,983,2d,hd,false,en,ar,https://i.ytimg.com/vi/6vGkHVs4GXs/maxresdefault.jpg,1,,,,,84831,6851,,0,663
2,UCC4PkXCup_rjEjyGfsYYmpg," Ahmed Sabiri 2.0 ",1j_F1sYyI_Y,2026-04-19T14:00:54Z,"2026-04-19 14:00:54","أكل الشوارع في مدينة مدريد | Madrid Street Food 🇪🇸","Live f Kick Koula nhar m3a 21.30 h Ajiw Marhba Bikom https://kick.com/ahmedsabiri Chaine Gaming : https://www.youtube.com/channel/UCpon9Ts3C30ykOnVHHkqCQQ For businesses and collab : ahmedsabiri.contact@gmail.com ✨Join my Social Media Discord ! https://discord.gg/VvADgpxfKS Instagram: https://www.instagram.com/ahmedsaabiri/ TikTok https://www.tiktok.com/@ahmedsaabiri Page FACEBOOK https://www.facebook.com/Ahmedsaabiri0","ahmedsabiri,storytime,sabiri,ahmedsabiristory,ahmedsabirivlog,Ahmed Sabiri | كشخة مكشوخة,clash,rapmaroc,ahmedsabirireactionn,bnsnss,Ahmedsabiri Reaction,ahmed sabiri | كشخة مكشوخة,Tendence maroc,bnsns,#RapMaroc,elgrandetoto,Tendence,ahmedsabirikick,ahmedsabirilebledard,ahmedsabirireactionpause,Ahmed Sabiri IRL,IRL kick,IRL morocco,kick,Sabiri le bledar,ahmedsabiriwac,ahmedsabirivswydadi,saoudi vs maroc,للمغرب ضد السعودية,Sabiri vs saoudi,ملخص مباراة الأردن والمغرب (2-3)",22,"People & Blogs","Food,Lifestyle_(sociology)",PT32M23S,1943,2d,hd,false,en,ar,https://i.ytimg.com/vi/1j_F1sYyI_Y/maxresdefault.jpg,1,,,,,248408,11249,,0,729
3,UCC4PkXCup_rjEjyGfsYYmpg," Ahmed Sabiri 2.0 ",17Q_qONMcTU,2026-04-15T17:15:30Z,"2026-04-15 17:15:30","🤕 تبخر الحلم مرة اخرى، دوروني المشجعين ديال اتلتيكو وسط مدريد","Live f Kick Koula nhar m3a 21.30 h Ajiw Marhba Bikom https://kick.com/ahmedsabiri Chaine Gaming : https://www.youtube.com/channel/UCpon9Ts3C30ykOnVHHkqCQQ For businesses and collab : ahmedsabiri.contact@gmail.com ✨Join my Social Media Discord ! https://discord.gg/VvADgpxfKS Instagram: https://www.instagram.com/ahmedsaabiri/ TikTok https://www.tiktok.com/@ahmedsaabiri Page FACEBOOK https://www.facebook.com/Ahmedsaabiri0","ahmedsabiri,storytime,sabiri,ahmedsabiristory,ahmedsabirivlog,Ahmed Sabiri | كشخة مكشوخة,clash,rapmaroc,ahmedsabirireactionn,bnsnss,Ahmedsabiri Reaction,ahmed sabiri | كشخة مكشوخة,Tendence maroc,bnsns,#RapMaroc,elgrandetoto,Tendence,ahmedsabirikick,ahmedsabirilebledard,ahmedsabirireactionpause,Ahmed Sabiri IRL,IRL kick,IRL morocco,kick,Sabiri le bledar,ahmedsabiriwac,ahmedsabirivswydadi,saoudi vs maroc,للمغرب ضد السعودية,Sabiri vs saoudi,ملخص مباراة الأردن والمغرب (2-3)",22,"People & Blogs","Association_football,Lifestyle_(sociology)",PT36M29S,2189,2d,hd,false,ar,ar,https://i.ytimg.com/vi/17Q_qONMcTU/maxresdefault.jpg,1,,,,,134770,5440,,0,1609
4,UCC4PkXCup_rjEjyGfsYYmpg," Ahmed Sabiri 2.0 ",n62aZPiOMe0,2026-04-14T22:02:16Z,"2026-04-14 22:02:16","De3na a chabab, visca barça💙❤️",,,22,"People & Blogs","Association_football,Sport",PT12S,12,2d,hd,false,es,ar,https://i.ytimg.com/vi/n62aZPiOMe0/maxresdefault.jpg,1,,,,,54466,1702,,0,225
5,UCC4PkXCup_rjEjyGfsYYmpg," Ahmed Sabiri 2.0 ",HIrKF04VzHg,2026-03-18T18:00:41Z,"2026-03-18 18:00:41","Ahmedsabiri Réaction - 🏆🦁 أخيرا المغرب بطل إفريقيا، أغرب سيناريو في التاريخ","Live f Kick Koula nhar m3a 21.30 h Ajiw Marhba Bikom https://kick.com/ahmedsabiri Chaine Gaming : https://www.youtube.com/channel/UCpon9Ts3C30ykOnVHHkqCQQ For businesses and collab : ahmedsabiri.contact@gmail.com ✨Join my Social Media Discord ! https://discord.gg/VvADgpxfKS Instagram: https://www.instagram.com/ahmedsaabiri/ TikTok https://www.tiktok.com/@ahmedsaabiri Page FACEBOOK https://www.facebook.com/Ahmedsaabiri0","ahmedsabiri,storytime,sabiri,ahmedsabiristory,ahmedsabirivlog,Ahmed Sabiri | كشخة مكشوخة,clash,rapmaroc,ahmedsabirireactionn,bnsnss,Ahmedsabiri Reaction,ahmed sabiri | كشخة مكشوخة,Tendence maroc,bnsns,#RapMaroc,elgrandetoto,Tendence,ahmedsabirikick,ahmedsabirilebledard,ahmedsabirireactionpause,Ahmed Sabiri IRL,IRL kick,IRL morocco,kick,Sabiri le bledar,ahmedsabiriwac,ahmedsabirivswydadi,saoudi vs maroc,للمغرب ضد السعودية,Sabiri vs saoudi,ملخص مباراة الأردن والمغرب (2-3)",22,"People & Blogs","Association_football,Sport",PT27M16S,1636,2d,hd,false,fr,ar,https://i.ytimg.com/vi/HIrKF04VzHg/maxresdefault.jpg,1,,,,,162552,6243,,0,531
6,UCC4PkXCup_rjEjyGfsYYmpg," Ahmed Sabiri 2.0 ",sOzzZbGMK6E,2026-03-14T18:00:39Z,"2026-03-14 18:00:39","Ahmedsabiri Storytime - 😨 أخي يحكي قصته وتجربته في التجنيد شاف جنون","Live f Kick Koula nhar m3a 21.30 h Ajiw Marhba Bikom https://kick.com/ahmedsabiri Chaine Gaming : https://www.youtube.com/channel/UCpon9Ts3C30ykOnVHHkqCQQ For businesses and collab : ahmedsabiri.contact@gmail.com ✨Join my Social Media Discord ! https://discord.gg/VvADgpxfKS Instagram: https://www.instagram.com/ahmedsaabiri/ TikTok https://www.tiktok.com/@ahmedsaabiri Page FACEBOOK https://www.facebook.com/Ahmedsaabiri0","ahmedsabiri,storytime,sabiri,ahmedsabiristory,ahmedsabirivlog,Ahmed Sabiri | كشخة مكشوخة,clash,rapmaroc,ahmedsabirireactionn,bnsnss,Ahmedsabiri Reaction,ahmed sabiri | كشخة مكشوخة,Tendence maroc,bnsns,#RapMaroc,elgrandetoto,Tendence,ahmedsabirikick,ahmedsabirilebledard,ahmedsabirireactionpause,Ahmed Sabiri IRL,IRL kick,IRL morocco,kick,Sabiri le bledar,ahmedsabiriwac,ahmedsabirivswydadi,saoudi vs maroc,للمغرب ضد السعودية,Sabiri vs saoudi,ملخص مباراة الأردن والمغرب (2-3)",22,"People & Blogs",,PT37M19S,2239,2d,hd,false,ar,ar,https://i.ytimg.com/vi/sOzzZbGMK6E/maxresdefault.jpg,1,,,,,371163,15380,,0,865
7,UCC4PkXCup_rjEjyGfsYYmpg," Ahmed Sabiri 2.0 ",lcOCF4IozZw,2026-03-07T20:00:29Z,"2026-03-07 20:00:29","Ahmedsabiri Storytime - 😨 كانو غدي إخطفوني ف صغري","Live f Kick Koula nhar m3a 21.30 h Ajiw Marhba Bikom https://kick.com/ahmedsabiri Chaine Gaming : https://www.youtube.com/channel/UCpon9Ts3C30ykOnVHHkqCQQ For businesses and collab : ahmedsabiri.contact@gmail.com ✨Join my Social Media Discord ! https://discord.gg/VvADgpxfKS Instagram: https://www.instagram.com/ahmedsaabiri/ TikTok https://www.tiktok.com/@ahmedsaabiri Page FACEBOOK https://www.facebook.com/Ahmedsaabiri0","ahmedsabiri,storytime,sabiri,ahmedsabiristory,ahmedsabirivlog,Ahmed Sabiri | كشخة مكشوخة,clash,rapmaroc,ahmedsabirireactionn,bnsnss,Ahmedsabiri Reaction,ahmed sabiri | كشخة مكشوخة,Tendence maroc,bnsns,#RapMaroc,elgrandetoto,Tendence,ahmedsabirikick,ahmedsabirilebledard,ahmedsabirireactionpause,Ahmed Sabiri IRL,IRL kick,IRL morocco,kick,Sabiri le bledar,ahmedsabiriwac,ahmedsabirivswydadi,saoudi vs maroc,للمغرب ضد السعودية,Sabiri vs saoudi,ملخص مباراة الأردن والمغرب (2-3)",22,"People & Blogs",,PT21M6S,1266,2d,hd,false,en,ar,https://i.ytimg.com/vi/lcOCF4IozZw/maxresdefault.jpg,1,,,,,328702,14232,,0,1264
8,UCC4PkXCup_rjEjyGfsYYmpg," Ahmed Sabiri 2.0 ",cTVU1KAX52k,2026-03-02T18:00:41Z,"2026-03-02 18:00:41","Ahmed Sabiri Gaming Setup Tour - ✨ وا اخيرا انوريكم الماترييل لي كنخدم بيه","Live f Kick Koula nhar m3a 21.30 h Ajiw Marhba Bikom https://kick.com/ahmedsabiri Chaine Gaming : https://www.youtube.com/channel/UCpon9Ts3C30ykOnVHHkqCQQ For businesses and collab : ahmedsabiri.contact@gmail.com ✨Join my Social Media Discord ! https://discord.gg/VvADgpxfKS Instagram: https://www.instagram.com/ahmedsaabiri/ TikTok https://www.tiktok.com/@ahmedsaabiri Page FACEBOOK https://www.facebook.com/Ahmedsaabiri0","ahmedsabiri,storytime,sabiri,ahmedsabiristory,ahmedsabirivlog,Ahmed Sabiri | كشخة مكشوخة,clash,rapmaroc,ahmedsabirireactionn,bnsnss,Ahmedsabiri Reaction,ahmed sabiri | كشخة مكشوخة,Tendence maroc,bnsns,#RapMaroc,elgrandetoto,Tendence,ahmedsabirikick,ahmedsabirilebledard,ahmedsabirireactionpause,Ahmed Sabiri IRL,IRL kick,IRL morocco,kick,Sabiri le bledar,ahmedsabiriwac,ahmedsabirivswydadi,saoudi vs maroc,للمغرب ضد السعودية,Sabiri vs saoudi,ملخص مباراة الأردن والمغرب (2-3)",22,"People & Blogs","Lifestyle_(sociology),Technology",PT24M24S,1464,2d,hd,false,ar,ar,https://i.ytimg.com/vi/cTVU1KAX52k/maxresdefault.jpg,1,,,,,372894,21981,,0,2450
9,UCC4PkXCup_rjEjyGfsYYmpg," Ahmed Sabiri 2.0 ",mdzeJohRItg,2026-02-27T18:12:14Z,"2026-02-27 18:12:14","Ahmedsabiri Storytime - الحقية ديال كيفاش ولا وجهي بحال هكا","Live f Kick Koula nhar m3a 21.30 h Ajiw Marhba Bikom https://kick.com/ahmedsabiri Chaine Gaming : https://www.youtube.com/channel/UCpon9Ts3C30ykOnVHHkqCQQ For businesses and collab : ahmedsabiri.contact@gmail.com ✨Join my Social Media Discord ! https://discord.gg/VvADgpxfKS Instagram: https://www.instagram.com/ahmedsaabiri/ TikTok https://www.tiktok.com/@ahmedsaabiri Page FACEBOOK https://www.facebook.com/Ahmedsaabiri0","ahmedsabiri,storytime,sabiri,ahmedsabiristory,ahmedsabirivlog,Ahmed Sabiri | كشخة مكشوخة,clash,rapmaroc,ahmedsabirireactionn,bnsnss,Ahmedsabiri Reaction,ahmed sabiri | كشخة مكشوخة,Tendence maroc,bnsns,#RapMaroc,elgrandetoto,Tendence,ahmedsabirikick,ahmedsabirilebledard,ahmedsabirireactionpause,Ahmed Sabiri IRL,IRL kick,IRL morocco,kick,Sabiri le bledar,ahmedsabiriwac,ahmedsabirivswydadi,saoudi vs maroc,للمغرب ضد السعودية,Sabiri vs saoudi,ملخص مباراة الأردن والمغرب (2-3)",22,"People & Blogs",,PT31M48S,1908,2d,hd,false,ar,ar,https://i.ytimg.com/vi/mdzeJohRItg/maxresdefault.jpg,1,,,,,730092,31317,,0,1995
10,UCC4PkXCup_rjEjyGfsYYmpg," Ahmed Sabiri 2.0 ",BhxX2jzPu4E,2026-02-22T20:45:25Z,"2026-02-22 20:45:25","Ahmedsabiri Réaction BNSNS - 😨 بنسنس دخل ل قصر مسكون","Live f Kick Koula nhar m3a 21.30 h Ajiw Marhba Bikom https://kick.com/ahmedsabiri Chaine Gaming : https://www.youtube.com/channel/UCpon9Ts3C30ykOnVHHkqCQQ For businesses and collab : ahmedsabiri.contact@gmail.com ✨Join my Social Media Discord ! https://discord.gg/VvADgpxfKS Instagram: https://www.instagram.com/ahmedsaabiri/ TikTok https://www.tiktok.com/@ahmedsaabiri Page FACEBOOK https://www.facebook.com/Ahmedsaabiri0","ahmedsabiri,storytime,sabiri,ahmedsabiristory,ahmedsabirivlog,Ahmed Sabiri | كشخة مكشوخة,clash,rapmaroc,ahmedsabirireactionn,bnsnss,Ahmedsabiri Reaction,ahmed sabiri | كشخة مكشوخة,Tendence maroc,bnsns,#RapMaroc,elgrandetoto,Tendence,ahmedsabirikick,ahmedsabirilebledard,ahmedsabirireactionpause,Ahmed Sabiri IRL,IRL kick,IRL morocco,kick,Sabiri le bledar,ahmedsabiriwac,ahmedsabirivswydadi,saoudi vs maroc,للمغرب ضد السعودية,Sabiri vs saoudi,ملخص مباراة الأردن والمغرب (2-3)",22,"People & Blogs",,PT25M54S,1554,2d,hd,false,fr,ar,https://i.ytimg.com/vi/BhxX2jzPu4E/maxresdefault.jpg,1,,,,,256245,11116,,0,666
11,UCC4PkXCup_rjEjyGfsYYmpg," Ahmed Sabiri 2.0 ",SO_kRmXVo8Y,2026-02-08T15:30:08Z,"2026-02-08 15:30:08","أكل الشوارع في مدينة طنجة | Tanger Street Food 🇲🇦","بطاقة KAST بطاقة مجانية تقدر تخلص بيها أي حاجة على الانترنت ولا تسافر بيها وفيها كاشباك واعر حتى 6% حمل كاست من هنا حتى تقدر تستفيد من كل العرض التسجيل من هنا : التسجيل من هنا https://go.kast.xyz/VqVO/7CYFHCH6 Live f Kick Koula nhar m3a 21.30 h Ajiw Marhba Bikom https://kick.com/ahmedsabiri Chaine Gaming : https://www.youtube.com/channel/UCpon9Ts3C30ykOnVHHkqCQQ For businesses and collab : ahmedsabiri.contact@gmail.com ✨Join my Social Media Discord ! https://discord.gg/VvADgpxfKS Instagram: https://www.instagram.com/ahmedsaabiri/ TikTok https://www.tiktok.com/@ahmedsaabiri Page FACEBOOK https://www.facebook.com/Ahmedsaabiri0","ahmedsabiri,storytime,sabiri,ahmedsabiristory,ahmedsabirivlog,Ahmed Sabiri | كشخة مكشوخة,clash,rapmaroc,ahmedsabirireactionn,bnsnss,Ahmedsabiri Reaction,ahmed sabiri | كشخة مكشوخة,Tendence maroc,bnsns,#RapMaroc,elgrandetoto,Tendence,ahmedsabirikick,ahmedsabirilebledard,ahmedsabirireactionpause,Ahmed Sabiri IRL,IRL kick,IRL morocco,kick,Sabiri le bledar,ahmedsabiriwac,ahmedsabirivswydadi,saoudi vs maroc,للمغرب ضد السعودية,Sabiri vs saoudi,ملخص مباراة الأردن والمغرب (2-3)",22,"People & Blogs","Food,Lifestyle_(sociology)",PT51M36S,3096,2d,hd,false,ar,ar,https://i.ytimg.com/vi/SO_kRmXVo8Y/maxresdefault.jpg,1,,,,,367022,14010,,0,2491
12,UCC4PkXCup_rjEjyGfsYYmpg," Ahmed Sabiri 2.0 ",mYepF1_AwDA,2026-02-02T17:21:34Z,"2026-02-02 17:21:34"," خويا أول مرة يركب الطيارة ويحضر مبارة الكوكب المراكشي × إتحاد طنجة 😍 ✈️","Live f Kick Koula nhar m3a 21.30 h Ajiw Marhba Bikom https://kick.com/ahmedsabiri Chaine Gaming : https://www.youtube.com/channel/UCpon9Ts3C30ykOnVHHkqCQQ For businesses and collab : ahmedsabiri.contact@gmail.com ✨Join my Social Media Discord ! https://discord.gg/VvADgpxfKS Instagram: https://www.instagram.com/ahmedsaabiri/ TikTok https://www.tiktok.com/@ahmedsaabiri Page FACEBOOK https://www.facebook.com/Ahmedsaabiri0","ahmedsabiri,storytime,sabiri,ahmedsabiristory,ahmedsabirivlog,Ahmed Sabiri | كشخة مكشوخة,clash,rapmaroc,ahmedsabirireactionn,bnsnss,Ahmedsabiri Reaction,ahmed sabiri | كشخة مكشوخة,Tendence maroc,bnsns,#RapMaroc,elgrandetoto,Tendence,ahmedsabirikick,ahmedsabirilebledard,ahmedsabirireactionpause,Ahmed Sabiri IRL,IRL kick,IRL morocco,kick,Sabiri le bledar,ahmedsabiriwac,ahmedsabirivswydadi,saoudi vs maroc,للمغرب ضد السعودية,Sabiri vs saoudi,ملخص مباراة الأردن والمغرب (2-3)",22,"People & Blogs","Association_football,Lifestyle_(sociology)",PT34M10S,2050,2d,hd,false,ar,ar,https://i.ytimg.com/vi/mYepF1_AwDA/maxresdefault.jpg,1,,,,,202779,9288,,0,531
13,UCC4PkXCup_rjEjyGfsYYmpg," Ahmed Sabiri 2.0 ",Ccyfb9PP7nw,2026-01-19T17:59:22Z,"2026-01-19 17:59:22","حضرت نهائي ديال كأس إفريقيا وتلاقّيت مع IShowSpeed… نهاية ما كانتش فالحسبان ! 🔥😱","Live f Kick Koula nhar m3a 21.30 h Ajiw Marhba Bikom https://kick.com/ahmedsabiri Chaine Gaming : https://www.youtube.com/channel/UCpon9Ts3C30ykOnVHHkqCQQ For businesses and collab : ahmedsabiri.contact@gmail.com ✨Join my Social Media Discord ! https://discord.gg/VvADgpxfKS Instagram: https://www.instagram.com/ahmedsaabiri/ TikTok https://www.tiktok.com/@ahmedsaabiri Page FACEBOOK https://www.facebook.com/Ahmedsaabiri0","ahmedsabiri,storytime,sabiri,ahmedsabiristory,ahmedsabirivlog,Ahmed Sabiri | كشخة مكشوخة,clash,rapmaroc,ahmedsabirireactionn,bnsnss,Ahmedsabiri Reaction,ahmed sabiri | كشخة مكشوخة,Tendence maroc,bnsns,#RapMaroc,elgrandetoto,Tendence,ahmedsabirikick,ahmedsabirilebledard,ahmedsabirireactionpause,Ahmed Sabiri IRL,IRL kick,IRL morocco,kick,Sabiri le bledar,ahmedsabiriwac,ahmedsabirivswydadi,saoudi vs maroc,للمغرب ضد السعودية,Sabiri vs saoudi,ملخص مباراة الأردن والمغرب (2-3)",22,"People & Blogs","Association_football,Sport",PT31M54S,1914,2d,hd,false,ar,ar,https://i.ytimg.com/vi/Ccyfb9PP7nw/maxresdefault.jpg,1,,,,,315352,8784,,0,2994
14,UCC4PkXCup_rjEjyGfsYYmpg," Ahmed Sabiri 2.0 ",OhxFT-K9jAc,2026-01-17T12:22:59Z,"2026-01-17 12:22:59","Ahmedsabiri Réaction BNSNS | 😧 بنسنس لقا أهرامات غريبة وسط الصحراء عندها علاقة بالفضائيين","Live f Kick Koula nhar m3a 21.30 h Ajiw Marhba Bikom https://kick.com/ahmedsabiri Chaine Gaming : https://www.youtube.com/channel/UCpon9Ts3C30ykOnVHHkqCQQ For businesses and collab : ahmedsabiri.contact@gmail.com ✨Join my Social Media Discord ! https://discord.gg/VvADgpxfKS Instagram: https://www.instagram.com/ahmedsaabiri/ TikTok https://www.tiktok.com/@ahmedsaabiri Page FACEBOOK https://www.facebook.com/Ahmedsaabiri0","ahmedsabiri,storytime,sabiri,ahmedsabiristory,ahmedsabirivlog,Ahmed Sabiri | كشخة مكشوخة,clash,rapmaroc,ahmedsabirireactionn,bnsnss,Ahmedsabiri Reaction,ahmed sabiri | كشخة مكشوخة,Tendence maroc,bnsns,#RapMaroc,elgrandetoto,Tendence,ahmedsabirikick,ahmedsabirilebledard,ahmedsabirireactionpause,Ahmed Sabiri IRL,IRL kick,IRL morocco,kick,Sabiri le bledar,ahmedsabiriwac,ahmedsabirivswydadi,saoudi vs maroc,للمغرب ضد السعودية,Sabiri vs saoudi,ملخص مباراة الأردن والمغرب (2-3)",22,"People & Blogs",,PT33M54S,2034,2d,hd,false,ar,ar,https://i.ytimg.com/vi/OhxFT-K9jAc/maxresdefault.jpg,1,,,,,458257,18259,,0,732
15,UCC4PkXCup_rjEjyGfsYYmpg," Ahmed Sabiri 2.0 ",3GWwcz7BJ8w,2026-01-15T15:09:10Z,"2026-01-15 15:09:10","تاهل المنتخب المغربي لنهائي كاس افريقيا بسيناريو مجنون |Morocco Qualifies For The AFCON Final😨🔥","Live f Kick Koula nhar m3a 21.30 h Ajiw Marhba Bikom https://kick.com/ahmedsabiri Chaine Gaming : https://www.youtube.com/channel/UCpon9Ts3C30ykOnVHHkqCQQ For businesses and collab : ahmedsabiri.contact@gmail.com ✨Join my Social Media Discord ! https://discord.gg/VvADgpxfKS Instagram: https://www.instagram.com/ahmedsaabiri/ TikTok https://www.tiktok.com/@ahmedsaabiri Page FACEBOOK https://www.facebook.com/Ahmedsaabiri0","ahmedsabiri,storytime,sabiri,ahmedsabiristory,ahmedsabirivlog,Ahmed Sabiri | كشخة مكشوخة,clash,rapmaroc,ahmedsabirireactionn,bnsnss,Ahmedsabiri Reaction,ahmed sabiri | كشخة مكشوخة,Tendence maroc,bnsns,#RapMaroc,elgrandetoto,Tendence,ahmedsabirikick,ahmedsabirilebledard,ahmedsabirireactionpause,Ahmed Sabiri IRL,IRL kick,IRL morocco,kick,Sabiri le bledar,ahmedsabiriwac,ahmedsabirivswydadi,saoudi vs maroc,للمغرب ضد السعودية,Sabiri vs saoudi,ملخص مباراة الأردن والمغرب (2-3)",22,"People & Blogs","Association_football,Sport",PT25M40S,1540,2d,hd,false,ar,ar,https://i.ytimg.com/vi/3GWwcz7BJ8w/maxresdefault.jpg,1,,,,,182253,6196,,0,317
16,UCC4PkXCup_rjEjyGfsYYmpg," Ahmed Sabiri 2.0 ",l53SOBpe3A0,2026-01-13T18:01:13Z,"2026-01-13 18:01:13","أكل الشوارع في مدينة الرباط | Rabat Street Food 🇲🇦","Live f Kick Koula nhar m3a 21.30 h Ajiw Marhba Bikom https://kick.com/ahmedsabiri Chaine Gaming : https://www.youtube.com/channel/UCpon9Ts3C30ykOnVHHkqCQQ For businesses and collab : ahmedsabiri.contact@gmail.com ✨Join my Social Media Discord ! https://discord.gg/VvADgpxfKS Instagram: https://www.instagram.com/ahmedsaabiri/ TikTok https://www.tiktok.com/@ahmedsaabiri Page FACEBOOK https://www.facebook.com/Ahmedsaabiri0","ahmedsabiri,storytime,sabiri,ahmedsabiristory,ahmedsabirivlog,Ahmed Sabiri | كشخة مكشوخة,clash,rapmaroc,ahmedsabirireactionn,bnsnss,Ahmedsabiri Reaction,ahmed sabiri | كشخة مكشوخة,Tendence maroc,bnsns,#RapMaroc,elgrandetoto,Tendence,ahmedsabirikick,ahmedsabirilebledard,ahmedsabirireactionpause,Ahmed Sabiri IRL,IRL kick,IRL morocco,kick,Sabiri le bledar,ahmedsabiriwac,ahmedsabirivswydadi,saoudi vs maroc,للمغرب ضد السعودية,Sabiri vs saoudi,ملخص مباراة الأردن والمغرب (2-3)",22,"People & Blogs","Food,Lifestyle_(sociology),Tourism",PT41M11S,2471,2d,hd,false,en,ar,https://i.ytimg.com/vi/l53SOBpe3A0/maxresdefault.jpg,1,,,,,366460,16171,,0,1075
17,UCC4PkXCup_rjEjyGfsYYmpg," Ahmed Sabiri 2.0 ",rRaIGIY_Nn8,2026-01-10T12:00:02Z,"2026-01-10 12:00:02","فك عقدة 21 عام و تأهل المنتخب المغربي إلى نصف كأس إفريقيا CAN 2025 MOROCCO 1-0 Cameron 😍🇲🇦","Live f Kick Koula nhar m3a 21.30 h Ajiw Marhba Bikom https://kick.com/ahmedsabiri Chaine Gaming : https://www.youtube.com/channel/UCpon9Ts3C30ykOnVHHkqCQQ For businesses and collab : ahmedsabiri.contact@gmail.com ✨Join my Social Media Discord ! https://discord.gg/VvADgpxfKS Instagram: https://www.instagram.com/ahmedsaabiri/ TikTok https://www.tiktok.com/@ahmedsaabiri Page FACEBOOK https://www.facebook.com/Ahmedsaabiri0","ahmedsabiri,storytime,sabiri,ahmedsabiristory,ahmedsabirivlog,Ahmed Sabiri | كشخة مكشوخة,clash,rapmaroc,ahmedsabirireactionn,bnsnss,Ahmedsabiri Reaction,ahmed sabiri | كشخة مكشوخة,Tendence maroc,bnsns,#RapMaroc,elgrandetoto,Tendence,ahmedsabirikick,ahmedsabirilebledard,ahmedsabirireactionpause,Ahmed Sabiri IRL,IRL kick,IRL morocco,kick,Sabiri le bledar,ahmedsabiriwac,ahmedsabirivswydadi,saoudi vs maroc,للمغرب ضد السعودية,Sabiri vs saoudi,ملخص مباراة الأردن والمغرب (2-3)",22,"People & Blogs","Association_football,Sport",PT25M2S,1502,2d,hd,false,ar,ar,https://i.ytimg.com/vi/rRaIGIY_Nn8/maxresdefault.jpg,1,,,,,153615,4551,,0,209
18,UCC4PkXCup_rjEjyGfsYYmpg," Ahmed Sabiri 2.0 ",KjiyCZ-uiuo,2026-01-05T14:00:06Z,"2026-01-05 14:00:06","CAN 2025 MOROCCO 1-0 TANZANIA ⚽️🇲🇦 مبروك علينا التأهل لربع النهائي غير ربي لحفضنا ","Live f Kick Koula nhar m3a 21.30 h Ajiw Marhba Bikom https://kick.com/ahmedsabiri Chaine Gaming : https://www.youtube.com/channel/UCpon9Ts3C30ykOnVHHkqCQQ For businesses and collab : ahmedsabiri.contact@gmail.com ✨Join my Social Media Discord ! https://discord.gg/VvADgpxfKS Instagram: https://www.instagram.com/ahmedsaabiri/ TikTok https://www.tiktok.com/@ahmedsaabiri Page FACEBOOK https://www.facebook.com/Ahmedsaabiri0","ahmedsabiri,storytime,sabiri,ahmedsabiristory,ahmedsabirivlog,Ahmed Sabiri | كشخة مكشوخة,clash,rapmaroc,ahmedsabirireactionn,bnsnss,Ahmedsabiri Reaction,ahmed sabiri | كشخة مكشوخة,Tendence maroc,bnsns,#RapMaroc,elgrandetoto,Tendence,ahmedsabirikick,ahmedsabirilebledard,ahmedsabirireactionpause,Ahmed Sabiri IRL,IRL kick,IRL morocco,kick,Sabiri le bledar,ahmedsabiriwac,ahmedsabirivswydadi,saoudi vs maroc,للمغرب ضد السعودية,Sabiri vs saoudi,ملخص مباراة الأردن والمغرب (2-3)",22,"People & Blogs","Association_football,Sport",PT25M51S,1551,2d,hd,false,ar,ar,https://i.ytimg.com/vi/KjiyCZ-uiuo/maxresdefault.jpg,1,,,,,116580,4415,,0,236
19,UCC4PkXCup_rjEjyGfsYYmpg," Ahmed Sabiri 2.0 ",9OJChbb60LU,2025-12-30T15:31:54Z,"2025-12-30 15:31:54","تأهل المغرب الى دور 16 من كأس أمم إفريقيا وعودة حكيمي 🦁","Live f Kick Koula nhar m3a 21.30 h Ajiw Marhba Bikom https://kick.com/ahmedsabiri Chaine Gaming : https://www.youtube.com/channel/UCpon9Ts3C30ykOnVHHkqCQQ For businesses and collab : ahmedsabiri.contact@gmail.com ✨Join my Social Media Discord ! https://discord.gg/VvADgpxfKS Instagram: https://www.instagram.com/ahmedsaabiri/ TikTok https://www.tiktok.com/@ahmedsaabiri Page FACEBOOK https://www.facebook.com/Ahmedsaabiri0","ahmedsabiri,storytime,sabiri,ahmedsabiristory,ahmedsabirivlog,Ahmed Sabiri | كشخة مكشوخة,clash,rapmaroc,ahmedsabirireactionn,bnsnss,Ahmedsabiri Reaction,ahmed sabiri | كشخة مكشوخة,Tendence maroc,bnsns,#RapMaroc,elgrandetoto,Tendence,ahmedsabirikick,ahmedsabirilebledard,ahmedsabirireactionpause,Ahmed Sabiri IRL,IRL kick,IRL morocco,kick,Sabiri le bledar,ahmedsabiriwac,ahmedsabirivswydadi,saoudi vs maroc,للمغرب ضد السعودية,Sabiri vs saoudi,ملخص مباراة الأردن والمغرب (2-3)",22,"People & Blogs","Association_football,Sport",PT22M6S,1326,2d,hd,false,ar,ar,https://i.ytimg.com/vi/9OJChbb60LU/maxresdefault.jpg,1,,,,,124826,3927,,0,210
20,UCC4PkXCup_rjEjyGfsYYmpg," Ahmed Sabiri 2.0 ",JGPZPDuaDv4,2025-12-27T13:30:44Z,"2025-12-27 13:30:44","تعادل مخيب للأمال ضد مالي والجماهير غاضبة من قرارات الرقراقي 😡🤬","Live f Kick Koula nhar m3a 21.30 h Ajiw Marhba Bikom https://kick.com/ahmedsabiri Chaine Gaming : https://www.youtube.com/channel/UCpon9Ts3C30ykOnVHHkqCQQ For businesses and collab : ahmedsabiri.contact@gmail.com ✨Join my Social Media Discord ! https://discord.gg/VvADgpxfKS Instagram: https://www.instagram.com/ahmedsaabiri/ TikTok https://www.tiktok.com/@ahmedsaabiri Page FACEBOOK https://www.facebook.com/Ahmedsaabiri0","ahmedsabiri,storytime,sabiri,ahmedsabiristory,ahmedsabirivlog,Ahmed Sabiri | كشخة مكشوخة,clash,rapmaroc,ahmedsabirireactionn,bnsnss,Ahmedsabiri Reaction,ahmed sabiri | كشخة مكشوخة,Tendence maroc,bnsns,#RapMaroc,elgrandetoto,Tendence,ahmedsabirikick,ahmedsabirilebledard,ahmedsabirireactionpause,Ahmed Sabiri IRL,IRL kick,IRL morocco,kick,Sabiri le bledar,ahmedsabiriwac,ahmedsabirivswydadi,saoudi vs maroc,للمغرب ضد السعودية,Sabiri vs saoudi,ملخص مباراة الأردن والمغرب (2-3)",22,"People & Blogs","Association_football,Sport",PT23M32S,1412,2d,hd,false,ar,ar,https://i.ytimg.com/vi/JGPZPDuaDv4/maxresdefault.jpg,1,,,,,152090,4756,,0,283
21,UCC4PkXCup_rjEjyGfsYYmpg," Ahmed Sabiri 2.0 ",c26RDqEqLRs,2025-12-22T15:02:44Z,"2025-12-22 15:02:44","أقوى إفتتاح لكأس إفريقيا بالمغرب وأجواء روحانية في ملعب مولاي عبد الله 🇲🇦😍","Live f Kick Koula nhar m3a 21.30 h Ajiw Marhba Bikom https://kick.com/ahmedsabiri Chaine Gaming : https://www.youtube.com/channel/UCpon9Ts3C30ykOnVHHkqCQQ For businesses and collab : ahmedsabiri.contact@gmail.com ✨Join my Social Media Discord ! https://discord.gg/VvADgpxfKS Instagram: https://www.instagram.com/ahmedsaabiri/ TikTok https://www.tiktok.com/@ahmedsaabiri Page FACEBOOK https://www.facebook.com/Ahmedsaabiri0","ahmedsabiri,storytime,sabiri,ahmedsabiristory,ahmedsabirivlog,Ahmed Sabiri | كشخة مكشوخة,clash,rapmaroc,ahmedsabirireactionn,bnsnss,Ahmedsabiri Reaction,ahmed sabiri | كشخة مكشوخة,Tendence maroc,bnsns,#RapMaroc,elgrandetoto,Tendence,ahmedsabirikick,ahmedsabirilebledard,ahmedsabirireactionpause,Ahmed Sabiri IRL,IRL kick,IRL morocco,kick,Sabiri le bledar,ahmedsabiriwac,ahmedsabirivswydadi,saoudi vs maroc,للمغرب ضد السعودية,Sabiri vs saoudi,ملخص مباراة الأردن والمغرب (2-3)",22,"People & Blogs",Association_football,PT36M21S,2181,2d,hd,false,ar,ar,https://i.ytimg.com/vi/c26RDqEqLRs/maxresdefault.jpg,1,,,,,164150,6656,,0,572
22,UCC4PkXCup_rjEjyGfsYYmpg," Ahmed Sabiri 2.0 ",6Zx1mxkIPyw,2025-12-19T17:59:00Z,"2025-12-19 17:59:00","Ahmedsabiri Réaction 👀🤣 فوز المنتخب المغربي بكأس العرب ورسالة قوية من حمد الله للركراكي","Live f Kick Koula nhar m3a 21.30 h Ajiw Marhba Bikom https://kick.com/ahmedsabiri Chaine Gaming : https://www.youtube.com/channel/UCpon9Ts3C30ykOnVHHkqCQQ For businesses and collab : ahmedsabiri.contact@gmail.com ✨Join my Social Media Discord ! https://discord.gg/VvADgpxfKS Instagram: https://www.instagram.com/ahmedsaabiri/ TikTok https://www.tiktok.com/@ahmedsaabiri Page FACEBOOK https://www.facebook.com/Ahmedsaabiri0","ahmedsabiri,storytime,sabiri,ahmedsabiristory,ahmedsabirivlog,Ahmed Sabiri | كشخة مكشوخة,clash,rapmaroc,ahmedsabirireactionn,bnsnss,Ahmedsabiri Reaction,ahmed sabiri | كشخة مكشوخة,Tendence maroc,bnsns,#RapMaroc,elgrandetoto,Tendence,ahmedsabirikick,ahmedsabirilebledard,ahmedsabirireactionpause,Ahmed Sabiri IRL,IRL kick,IRL morocco,kick,Sabiri le bledar,ahmedsabiriwac,ahmedsabirivswydadi,saoudi vs maroc,للمغرب ضد السعودية,Sabiri vs saoudi,ملخص مباراة الأردن والمغرب (2-3)",22,"People & Blogs","Association_football,Sport",PT35M53S,2153,2d,hd,false,ar,ar,https://i.ytimg.com/vi/6Zx1mxkIPyw/maxresdefault.jpg,1,,,,,255825,7977,,0,1097
23,UCC4PkXCup_rjEjyGfsYYmpg," Ahmed Sabiri 2.0 ",zrpse85n3Nk,2025-12-14T15:15:04Z,"2025-12-14 15:15:04","Ahmedsabiri Réaction BNSNS 🤣بنسنس عايش الرومانسية مع الصديقة ديالو وكلها فخض معمر بالزبدة","Live f Kick Koula nhar m3a 21.30 h Ajiw Marhba Bikom https://kick.com/ahmedsabiri Chaine Gaming : https://www.youtube.com/channel/UCpon9Ts3C30ykOnVHHkqCQQ For businesses and collab : ahmedsabiri.contact@gmail.com ✨Join my Social Media Discord ! https://discord.gg/VvADgpxfKS Instagram: https://www.instagram.com/ahmedsaabiri/ TikTok https://www.tiktok.com/@ahmedsaabiri Page FACEBOOK https://www.facebook.com/Ahmedsaabiri0","ahmedsabiri,storytime,sabiri,ahmedsabiristory,ahmedsabirivlog,Ahmed Sabiri | كشخة مكشوخة,clash,rapmaroc,ahmedsabirireactionn,bnsnss,Ahmedsabiri Reaction,Reaction,ahmed sabiri | كشخة مكشوخة,speed dating in morroco,Tendence maroc,bnsns,#RapMaroc,elgrandetoto,Tendence,ahmedsabirikick,ahmedsabirilebledard,ahmedsabirireactionpause,Ahmed Sabiri IRL,IRL kick,IRL morocco,kick,Sabiri le bledar,ahmedsabiriwac,ahmedsabirivswydadi,saoudi vs maroc,للمغرب ضد السعودية,Sabiri vs saoudi",22,"People & Blogs",Lifestyle_(sociology),PT42M27S,2547,2d,hd,false,ar,ar,https://i.ytimg.com/vi/zrpse85n3Nk/maxresdefault.jpg,1,,,,,341943,19031,,0,710
24,UCC4PkXCup_rjEjyGfsYYmpg," Ahmed Sabiri 2.0 ",ebHpOHsnJ-c,2025-12-12T20:23:40Z,"2025-12-12 20:23:40","تاهل المغرب إلى نصف كأس العرب أجواء فرحة الجهاهير في قطر 😍🇲🇦","Live f Kick Koula nhar m3a 22.00 h derbou follow lets goooo https://kick.com/ahmedsabiri Chaine Gaming : https://www.youtube.com/channel/UCpon9Ts3C30ykOnVHHkqCQQ For businesses and collab : ahmedsabiri.contact@gmail.com ✨Join my Social Media Discord ! https://discord.gg/VvADgpxfKS Instagram: https://www.instagram.com/ahmedsaabiri/ TikTok https://www.tiktok.com/@ahmedsaabiri Page FACEBOOK https://www.facebook.com/Ahmedsaabiri0","ahmedsabiri,storytime,sabiri,ahmedsabiristory,ahmedsabirivlog,Ahmed Sabiri | كشخة مكشوخة,clash,rapmaroc,ahmedsabirireactionn,bnsnss,Ahmedsabiri Reaction,Reaction,ahmed sabiri | كشخة مكشوخة,speed dating in morroco,Tendence maroc,bnsns,#RapMaroc,elgrandetoto,Tendence,ahmedsabirikick,ahmedsabirilebledard,ahmedsabirireactionpause,Ahmed Sabiri IRL,IRL kick,IRL morocco,kick,Sabiri le bledar,ahmedsabiriwac,ahmedsabirivswydadi,saoudi vs maroc,للمغرب ضد السعودية,Sabiri vs saoudi",22,"People & Blogs","Association_football,Sport",PT23M12S,1392,2d,hd,false,ar,ar,https://i.ytimg.com/vi/ebHpOHsnJ-c/maxresdefault.jpg,1,,,,,134496,5086,,0,287
25,UCC4PkXCup_rjEjyGfsYYmpg," Ahmed Sabiri 2.0 ",2S0pRor4caQ,2025-12-11T18:41:02Z,"2025-12-11 18:41:02","أول مغربي يحضر لعرس قطري حقيقي ! 🤯🇶🇦","Live f Kick Koula nhar m3a 22.00 h derbou follow lets goooo https://kick.com/ahmedsabiri Chaine Gaming : https://www.youtube.com/channel/UCpon9Ts3C30ykOnVHHkqCQQ For businesses and collab : ahmedsabiri.contact@gmail.com ✨Join my Social Media Discord ! https://discord.gg/VvADgpxfKS Instagram: https://www.instagram.com/ahmedsaabiri/ TikTok https://www.tiktok.com/@ahmedsaabiri Page FACEBOOK https://www.facebook.com/Ahmedsaabiri0","ahmedsabiri,storytime,sabiri,ahmedsabiristory,ahmedsabirivlog,Ahmed Sabiri | كشخة مكشوخة,clash,rapmaroc,ahmedsabirireactionn,bnsnss,Ahmedsabiri Reaction,Reaction,ahmed sabiri | كشخة مكشوخة,speed dating in morroco,Tendence maroc,bnsns,#RapMaroc,elgrandetoto,Tendence,ahmedsabirikick,ahmedsabirilebledard,ahmedsabirireactionpause,Ahmed Sabiri IRL,IRL kick,IRL morocco,kick,Sabiri le bledar,ahmedsabiriwac,ahmedsabirivswydadi,saoudi vs maroc,للمغرب ضد السعودية,Sabiri vs saoudi",22,"People & Blogs","Lifestyle_(sociology),Tourism",PT29M32S,1772,2d,hd,false,en,ar,https://i.ytimg.com/vi/2S0pRor4caQ/maxresdefault.jpg,1,,,,,239820,9932,,0,673
26,UCC4PkXCup_rjEjyGfsYYmpg," Ahmed Sabiri 2.0 ",REwgUH575FU,2025-12-09T15:52:45Z,"2025-12-09 15:52:45","فوز المغرب على السعودية وفرحة التأهل الى ربع النهائي أجواء خيالية داخل وخارج الملعب 😍❤","Vote Link : https://vote.digitalcreatorawards.com/category/26 Live f Kick Koula nhar m3a 22.00 h derbou follow lets goooo https://kick.com/ahmedsabiri Chaine Gaming : https://www.youtube.com/channel/UCpon9Ts3C30ykOnVHHkqCQQ For businesses and collab : ahmedsabiri.contact@gmail.com ✨Join my Social Media Discord ! https://discord.gg/VvADgpxfKS Instagram: https://www.instagram.com/ahmedsaabiri/ TikTok https://www.tiktok.com/@ahmedsaabiri Page FACEBOOK https://www.facebook.com/Ahmedsaabiri0","ahmedsabiri,storytime,sabiri,ahmedsabiristory,ahmedsabirivlog,Ahmed Sabiri | كشخة مكشوخة,clash,rapmaroc,ahmedsabirireactionn,bnsnss,Ahmedsabiri Reaction,Reaction,ahmed sabiri | كشخة مكشوخة,speed dating in morroco,Tendence maroc,bnsns,#RapMaroc,elgrandetoto,Tendence,ahmedsabirikick,ahmedsabirilebledard,ahmedsabirireactionpause,Ahmed Sabiri IRL,IRL kick,IRL morocco,kick,Sabiri le bledar,ahmedsabiriwac,ahmedsabirivswydadi,saoudi vs maroc,للمغرب ضد السعودية,Sabiri vs saoudi",22,"People & Blogs","Association_football,Sport",PT21M22S,1282,2d,hd,false,ar,ar,https://i.ytimg.com/vi/REwgUH575FU/maxresdefault.jpg,1,,,,,310882,9879,,0,625
27,UCC4PkXCup_rjEjyGfsYYmpg," Ahmed Sabiri 2.0 ",f98finu5sww,2025-12-07T18:49:24Z,"2025-12-07 18:49:24","🇶🇦مغربي في عرس قطري","Vote Link : https://vote.digitalcreatorawards.com/category/26 Live f Kick Koula nhar m3a 22.00 h derbou follow lets goooo https://kick.com/ahmedsabiri Chaine Gaming : https://www.youtube.com/channel/UCpon9Ts3C30ykOnVHHkqCQQ For businesses and collab : ahmedsabiri.contact@gmail.com ✨Join my Social Media Discord ! https://discord.gg/VvADgpxfKS Instagram: https://www.instagram.com/ahmedsaabiri/ TikTok https://www.tiktok.com/@ahmedsaabiri Page FACEBOOK https://www.facebook.com/Ahmedsaabiri0","ahmedsabiri,storytime,sabiri,ahmedsabiristory,ahmedsabirivlog,Ahmed Sabiri | كشخة مكشوخة,clash,rapmaroc,ahmedsabirireactionn,bnsnss,Ahmedsabiri Reaction,Reaction,ahmed sabiri | كشخة مكشوخة,speed dating in morroco,Tendence maroc,bnsns,#RapMaroc,elgrandetoto,Tendence,ahmedsabirikick,ahmedsabirilebledard,ahmedsabirireactionpause,Ahmed Sabiri IRL,IRL kick,IRL morocco,kick,Le bledar,Sabiri le bledar,ahmedsabiriwac,ahmedsabirivswydadi,sabirivslferda,cashback lferda,streamermaroc",22,"People & Blogs",Lifestyle_(sociology),PT1M31S,91,2d,hd,false,en,ar,https://i.ytimg.com/vi/f98finu5sww/maxresdefault.jpg,1,,,,,1037997,24733,,0,816
28,UCC4PkXCup_rjEjyGfsYYmpg," Ahmed Sabiri 2.0 ",HrSozREgQ_U,2025-12-06T13:32:34Z,"2025-12-06 13:32:34"," طرد غير متوقع وتعادل محبط.. وردة فعلي على قرعة كأس العالم المغرب طاح ضد البرازيل 😱","Vote Link : https://vote.digitalcreatorawards.com/category/26 Live f Kick Koula nhar m3a 22.00 h derbou follow lets goooo https://kick.com/ahmedsabiri Chaine Gaming : https://www.youtube.com/channel/UCpon9Ts3C30ykOnVHHkqCQQ For businesses and collab : ahmedsabiri.contact@gmail.com ✨Join my Social Media Discord ! https://discord.gg/VvADgpxfKS Instagram: https://www.instagram.com/ahmedsaabiri/ TikTok https://www.tiktok.com/@ahmedsaabiri Page FACEBOOK https://www.facebook.com/Ahmedsaabiri0","ahmedsabiri,storytime,sabiri,ahmedsabiristory,ahmedsabirivlog,Ahmed Sabiri | كشخة مكشوخة,clash,rapmaroc,ahmedsabirireactionn,bnsnss,Ahmedsabiri Reaction,Reaction,ahmed sabiri | كشخة مكشوخة,speed dating in morroco,Tendence maroc,bnsns,#RapMaroc,elgrandetoto,Tendence,ahmedsabirikick,ahmedsabirilebledard,ahmedsabirireactionpause,Ahmed Sabiri IRL,IRL kick,IRL morocco,kick,Le bledar,Sabiri le bledar,ahmedsabiriwac,ahmedsabirivswydadi,sabirivslferda,cashback lferda,streamermaroc",22,"People & Blogs","Association_football,Sport",PT26M18S,1578,2d,hd,false,ar,ar,https://i.ytimg.com/vi/HrSozREgQ_U/maxresdefault.jpg,1,,,,,89517,4009,,0,222
29,UCC4PkXCup_rjEjyGfsYYmpg," Ahmed Sabiri 2.0 ",EvuMiON1B1Y,2025-12-03T11:31:12Z,"2025-12-03 11:31:12","من مقعد business class إلى هتاف الجمهور: كيف عشت أول فوز للمنتخب المغربي ف كأس العرب؟","Vote Link : https://vote.digitalcreatorawards.com/category/26 Live f Kick Koula nhar m3a 22.00 h derbou follow lets goooo https://kick.com/ahmedsabiri Chaine Gaming : https://www.youtube.com/channel/UCpon9Ts3C30ykOnVHHkqCQQ For businesses and collab : ahmedsabiri.contact@gmail.com ✨Join my Social Media Discord ! https://discord.gg/VvADgpxfKS Instagram: https://www.instagram.com/ahmedsaabiri/ TikTok https://www.tiktok.com/@ahmedsaabiri Page FACEBOOK https://www.facebook.com/Ahmedsaabiri0","ahmedsabiri,storytime,sabiri,ahmedsabiristory,ahmedsabirivlog,Ahmed Sabiri | كشخة مكشوخة,clash,rapmaroc,ahmedsabirireactionn,bnsnss,Ahmedsabiri Reaction,Reaction,ahmed sabiri | كشخة مكشوخة,speed dating in morroco,Tendence maroc,bnsns,#RapMaroc,elgrandetoto,Tendence,ahmedsabirikick,ahmedsabirilebledard,ahmedsabirireactionpause,Ahmed Sabiri IRL,IRL kick,IRL morocco,kick,Le bledar,Sabiri le bledar,ahmedsabiriwac,ahmedsabirivswydadi,sabirivslferda,cashback lferda,streamermaroc",22,"People & Blogs",,PT27M5S,1625,2d,hd,false,ar,ar,https://i.ytimg.com/vi/EvuMiON1B1Y/maxresdefault.jpg,1,,,,,184861,8672,,0,355
30,UCC4PkXCup_rjEjyGfsYYmpg," Ahmed Sabiri 2.0 ",YGnpr2TNuKA,2025-11-23T12:00:51Z,"2025-11-23 12:00:51","حضرت لإفتتاح ملعب الكامب نو لأول مرة في حياتي 😯 تلاقيت اب يامين يامال بالصدفة🔥","Vote Link : https://vote.digitalcreatorawards.com/category/26 Live f Kick Koula nhar m3a 22.00 h derbou follow lets goooo https://kick.com/ahmedsabiri Chaine Gaming : https://www.youtube.com/channel/UCpon9Ts3C30ykOnVHHkqCQQ For businesses and collab : ahmedsabiri.contact@gmail.com ✨Join my Social Media Discord ! https://discord.gg/VvADgpxfKS Instagram: https://www.instagram.com/ahmedsaabiri/ TikTok https://www.tiktok.com/@ahmedsaabiri Page FACEBOOK https://www.facebook.com/Ahmedsaabiri0","ahmedsabiri,storytime,sabiri,ahmedsabiristory,ahmedsabirivlog,Ahmed Sabiri | كشخة مكشوخة,clash,rapmaroc,ahmedsabirireactionn,bnsnss,Ahmedsabiri Reaction,Reaction,ahmed sabiri | كشخة مكشوخة,speed dating in morroco,Tendence maroc,bnsns,#RapMaroc,elgrandetoto,Tendence,ahmedsabirikick,ahmedsabirilebledard,ahmedsabirireactionpause,Ahmed Sabiri IRL,IRL kick,IRL morocco,kick,Le bledar,Sabiri le bledar,ahmedsabiriwac,ahmedsabirivswydadi,sabirivslferda,cashback lferda,streamermaroc",22,"People & Blogs","Association_football,Sport",PT19M55S,1195,2d,hd,false,ar,ar,https://i.ytimg.com/vi/YGnpr2TNuKA/maxresdefault.jpg,1,,,,,206730,11757,,0,9305
31,UCC4PkXCup_rjEjyGfsYYmpg," Ahmed Sabiri 2.0 ",kZwBnexKBwY,2025-11-21T18:41:11Z,"2025-11-21 18:41:11","Ahmedsabiri StoryTime - 🤯 صدمني هاد المتابع بالقصة ديالو كيفاش وصل لاوروبا","Vote Link : https://vote.digitalcreatorawards.com/category/26 Live f Kick Koula nhar m3a 22.00 h derbou follow lets goooo https://kick.com/ahmedsabiri Chaine Gaming : https://www.youtube.com/channel/UCpon9Ts3C30ykOnVHHkqCQQ For businesses and collab : ahmedsabiri.contact@gmail.com ✨Join my Social Media Discord ! https://discord.gg/VvADgpxfKS Instagram: https://www.instagram.com/ahmedsaabiri/ TikTok https://www.tiktok.com/@ahmedsaabiri Page FACEBOOK https://www.facebook.com/Ahmedsaabiri0","ahmedsabiri,storytime,sabiri,ahmedsabiristory,ahmedsabirivlog,Ahmed Sabiri | كشخة مكشوخة,clash,rapmaroc,ahmedsabirireactionn,bnsnss,Ahmedsabiri Reaction,Reaction,ahmed sabiri | كشخة مكشوخة,speed dating in morroco,Tendence maroc,bnsns,#Jamshow,#RapMaroc,#HipHop,elgrandetoto,Jamshow,Kawaliss,Tendence,ahmedsabirikick,ahmedsabirilebledard,ahmedsabirireactionpause,Ahmed Sabiri IRL,IRL kick,IRL morocco,kick,Le bledar,Sabiri le bledar,ahmedsabiriwac,ahmedsabirivswydadi",22,"People & Blogs",,PT55M58S,3358,2d,hd,false,ar,ar,https://i.ytimg.com/vi/kZwBnexKBwY/maxresdefault.jpg,1,,,,,251263,10477,,0,395
32,UCC4PkXCup_rjEjyGfsYYmpg," Ahmed Sabiri 2.0 ",ZHZDV1Vs2EA,2025-11-18T18:30:08Z,"2025-11-18 18:30:08","لعبت أنا خويا تخمين الأسماء الموت ديال الضحك 🤣","Vote Link : https://vote.digitalcreatorawards.com/category/26 Live f Kick Koula nhar m3a 22.00 h derbou follow lets goooo https://kick.com/ahmedsabiri Chaine Gaming : https://www.youtube.com/channel/UCpon9Ts3C30ykOnVHHkqCQQ For businesses and collab : ahmedsabiri.contact@gmail.com ✨Join my Social Media Discord ! https://discord.gg/VvADgpxfKS Instagram: https://www.instagram.com/ahmedsaabiri/ TikTok https://www.tiktok.com/@ahmedsaabiri Page FACEBOOK https://www.facebook.com/Ahmedsaabiri0",,22,"People & Blogs",,PT36M11S,2171,2d,hd,false,ar,ar,https://i.ytimg.com/vi/ZHZDV1Vs2EA/maxresdefault.jpg,1,,,,,453405,18103,,0,655
33,UCC4PkXCup_rjEjyGfsYYmpg," Ahmed Sabiri 2.0 ",zV9ZicrTNqM,2025-11-12T17:29:09Z,"2025-11-12 17:29:09","Ahmed Sabiri IRL #6 😨 في باريس تبلبلات HLIWA لأول حفل ديال Le Bledard مشيت أنا أو","Vote Link : https://vote.digitalcreatorawards.com/category/26 Live f Kick Koula nhar m3a 22.00 h derbou follow lets goooo https://kick.com/ahmedsabiri Chaine Gaming : https://www.youtube.com/channel/UCpon9Ts3C30ykOnVHHkqCQQ For businesses and collab : ahmedsabiri.contact@gmail.com ✨Join my Social Media Discord ! https://discord.gg/VvADgpxfKS Instagram: https://www.instagram.com/ahmedsaabiri/ TikTok https://www.tiktok.com/@ahmedsaabiri Page FACEBOOK https://www.facebook.com/Ahmedsaabiri0","ahmedsabiri,storytime,sabiri,ahmedsabiristory,ahmedsabirivlog,Ahmed Sabiri | كشخة مكشوخة,clash,rapmaroc,ahmedsabirireactionn,bnsnss,Ahmedsabiri Reaction,Reaction,ahmed sabiri | كشخة مكشوخة,speed dating in morroco,Tendence maroc,bnsns,#Jamshow,#RapMaroc,#HipHop,elgrandetoto,Jamshow,Kawaliss,Tendence,ahmedsabirikick,ahmedsabirilebledard,ahmedsabirireactionpause,Ahmed Sabiri IRL,IRL kick,IRL morocco,kick,Le bledar,Sabiri le bledar,ahmedsabiriwac,ahmedsabirivswydadi",22,"People & Blogs",Lifestyle_(sociology),PT37M10S,2230,2d,hd,false,ar,ar,https://i.ytimg.com/vi/zV9ZicrTNqM/maxresdefault.jpg,1,,,,,215637,8949,,0,272
34,UCC4PkXCup_rjEjyGfsYYmpg," Ahmed Sabiri 2.0 ",unt4gxB5FPU,2025-11-05T11:17:08Z,"2025-11-05 11:17:08","Ahmed Sabiri Reaction Bnsns - 😨 بنسنس لقا صندوق غريب فديور قدام واش فيه كنز؟","Live f Kick Koula nhar m3a 22.00 h derbou follow lets goooo https://kick.com/ahmedsabiri Chaine Gaming : https://www.youtube.com/channel/UCpon9Ts3C30ykOnVHHkqCQQ For businesses and collab : ahmedsabiri.contact@gmail.com ✨Join my Social Media Discord ! https://discord.gg/VvADgpxfKS Instagram: https://www.instagram.com/ahmedsaabiri/ TikTok https://www.tiktok.com/@ahmedsaabiri Page FACEBOOK https://www.facebook.com/Ahmedsaabiri0","ahmedsabiri,bilal fariha with sabiri,storytime,sabiri,ahmedsabiristory,ahmedsabiritwitch,ahmedsabirivlog,Ahmed Sabiri | كشخة مكشوخة,clash,pause,pauseflow,rapmaroc,bilal fariha,ahmedsabirireactionn,bnsnss,Ahmedsabiri Reaction,Reaction,ahmed sabiri | كشخة مكشوخة,speed dating in morroco,Tendence maroc,bnsns,#RapMaroc,#HipHop,elgrandetoto,Vira,viravs6win,Jamshow,SATOSHI KAMIYA - OUENZA (Official Lyric Videos),ilyas elmaliki vs sabiri إلياس المالكي وأحمد الصابيري",22,"People & Blogs",,PT30M47S,1847,2d,hd,false,ar,ar,https://i.ytimg.com/vi/unt4gxB5FPU/maxresdefault.jpg,1,,,,,184577,10552,,0,422
35,UCC4PkXCup_rjEjyGfsYYmpg," Ahmed Sabiri 2.0 ",2FTqYzxv9cI,2025-11-01T18:49:38Z,"2025-11-01 18:49:38","Ahmed Sabiri IRL #5 أول مرة نعيش هالوين مع صديقتي الصينية في باريس 😍 | تجربة لا تُنسى","Live f Kick Koula nhar m3a 22.00 h derbou follow lets goooo https://kick.com/ahmedsabiri Chaine Gaming : https://www.youtube.com/channel/UCpon9Ts3C30ykOnVHHkqCQQ For businesses and collab : ahmedsabiri.contact@gmail.com ✨Join my Social Media Discord ! https://discord.gg/VvADgpxfKS Instagram: https://www.instagram.com/ahmedsaabiri/ TikTok https://www.tiktok.com/@ahmedsaabiri Page FACEBOOK https://www.facebook.com/Ahmedsaabiri0","ahmedsabiri,storytime,sabiri,ahmedsabiristory,ahmedsabirivlog,Ahmed Sabiri | كشخة مكشوخة,clash,rapmaroc,ahmedsabirireactionn,bnsnss,Ahmedsabiri Reaction,Reaction,ahmed sabiri | كشخة مكشوخة,speed dating in morroco,Tendence maroc,bnsns,#Jamshow,#RapMaroc,#HipHop,elgrandetoto,Jamshow,Kawaliss,Tendence,ahmedsabirikick,ahmedsabirilebledard,ahmedsabirireactionpause,Ahmed Sabiri IRL,IRL kick,IRL morocco,kick,Le bledar,Sabiri le bledar,ahmedsabiriwac,ahmedsabirivswydadi",22,"People & Blogs",Lifestyle_(sociology),PT1H4M50S,290,2d,hd,false,ar,ar,https://i.ytimg.com/vi/2FTqYzxv9cI/maxresdefault.jpg,1,,,,,222691,8928,,0,423
36,UCC4PkXCup_rjEjyGfsYYmpg," Ahmed Sabiri 2.0 ",YEvuyAmsSWc,2025-10-27T11:31:12Z,"2025-10-27 11:31:12","حلم تحقق حضرت لأول كلاسيكو في حياتي أجواء مشحونة برشلوني وسط جمهور مدريد 🔥😍","Live f Kick Koula nhar m3a 22.00 h derbou follow lets goooo https://kick.com/ahmedsabiri Chaine Gaming : https://www.youtube.com/channel/UCpon9Ts3C30ykOnVHHkqCQQ For businesses and collab : ahmedsabiri.contact@gmail.com ✨Join my Social Media Discord ! https://discord.gg/VvADgpxfKS Instagram: https://www.instagram.com/ahmedsaabiri/ TikTok https://www.tiktok.com/@ahmedsaabiri Page FACEBOOK https://www.facebook.com/Ahmedsaabiri0","ahmedsabiri,bilal fariha with sabiri,storytime,sabiri,ahmedsabiristory,ahmedsabiritwitch,ahmedsabirivlog,Ahmed Sabiri | كشخة مكشوخة,clash,pause,pauseflow,rapmaroc,bilal fariha,ahmedsabirireactionn,bnsnss,Ahmedsabiri Reaction,Reaction,ahmed sabiri | كشخة مكشوخة,speed dating in morroco,Tendence maroc,bnsns,#RapMaroc,SATOSHI KAMIYA - OUENZA (Official Lyric Videos),El classico,الكلاسيكو,ريال مدريد ضد برشلونة,ريال مدريد,Real Madrid,برشلونة,Mbappe,Yamal,لامين يامال",22,"People & Blogs","Association_football,Sport",PT36M36S,2196,2d,hd,false,ar,ar,https://i.ytimg.com/vi/YEvuyAmsSWc/maxresdefault.jpg,1,,,,,376064,18738,,0,940
37,UCC4PkXCup_rjEjyGfsYYmpg," Ahmed Sabiri 2.0 ",USCC0WKgWqA,2025-10-25T17:59:04Z,"2025-10-25 17:59:04","Ahmed Sabiri IRL #4 😲🇳🇱 اول مرة نشوف فحياتي هاد الأجواء في أوروبا أمستردام","Live f Kick Koula nhar m3a 22.00 h derbou follow lets goooo https://kick.com/ahmedsabiri Chaine Gaming : https://www.youtube.com/channel/UCpon9Ts3C30ykOnVHHkqCQQ For businesses and collab : ahmedsabiri.contact@gmail.com ✨Join my Social Media Discord ! https://discord.gg/VvADgpxfKS Instagram: https://www.instagram.com/ahmedsaabiri/ TikTok https://www.tiktok.com/@ahmedsaabiri Page FACEBOOK https://www.facebook.com/Ahmedsaabiri0","ahmedsabiri,storytime,sabiri,ahmedsabiristory,ahmedsabiritwitch,ahmedsabirivlog,Ahmed Sabiri | كشخة مكشوخة,clash,rapmaroc,bilal fariha,ahmedsabirireactionn,bnsnss,Ahmedsabiri Reaction,Reaction,ahmed sabiri | كشخة مكشوخة,speed dating in morroco,Tendence maroc,bnsns,#Jamshow,#RapMaroc,#HipHop,elgrandetoto,Jamshow,Kawaliss,Tendence,ahmedsabirikick,ahmedsabirilebledard,ahmedsabirireactionpause,Ahmed Sabiri IRL,IRL kick,IRL morocco,kick,Le bledar,Sabiri le bledar,Amsterdam IRL",22,"People & Blogs",Lifestyle_(sociology),PT30M7S,1807,2d,hd,false,ar,ar,https://i.ytimg.com/vi/USCC0WKgWqA/maxresdefault.jpg,1,,,,,213878,7164,,0,303
38,UCC4PkXCup_rjEjyGfsYYmpg," Ahmed Sabiri 2.0 ",iXdjQqdBsU8,2025-10-23T15:04:10Z,"2025-10-23 15:04:10","Ahmed Sabiri IRL #3 🤣 تجربتي في ألمانيا تلقنا ليهوم شعبي مفهمو والو","Live f Kick Koula nhar m3a 22.00 h derbou follow lets goooo https://kick.com/ahmedsabiri Chaine Gaming : https://www.youtube.com/channel/UCpon9Ts3C30ykOnVHHkqCQQ For businesses and collab : ahmedsabiri.contact@gmail.com ✨Join my Social Media Discord ! https://discord.gg/VvADgpxfKS Instagram: https://www.instagram.com/ahmedsaabiri/ TikTok https://www.tiktok.com/@ahmedsaabiri Page FACEBOOK https://www.facebook.com/Ahmedsaabiri0","ahmedsabiri,bilal fariha with sabiri,storytime,sabiri,ahmedsabiristory,ahmedsabiritwitch,ahmedsabirivlog,Ahmed Sabiri | كشخة مكشوخة,clash,pause,pauseflow,rapmaroc,bilal fariha,ahmedsabirireactionn,bnsnss,Ahmedsabiri Reaction,Reaction,ahmed sabiri | كشخة مكشوخة,speed dating in morroco,Tendence maroc,bnsns,#RapMaroc,#HipHop,elgrandetoto,Vira,viravs6win,Jamshow,SATOSHI KAMIYA - OUENZA (Official Lyric Videos),ilyas elmaliki vs sabiri إلياس المالكي وأحمد الصابيري",22,"People & Blogs",Lifestyle_(sociology),PT49M40S,2980,2d,hd,false,ar,ar,https://i.ytimg.com/vi/iXdjQqdBsU8/maxresdefault.jpg,1,,,,,274428,9926,,0,319
39,UCC4PkXCup_rjEjyGfsYYmpg," Ahmed Sabiri 2.0 ",b-AONrbOCK8,2025-10-20T15:01:20Z,"2025-10-20 15:01:20","Ahmedsabiri Réaction Chili إحتفلت أنا أو بليدار فالستريم بفوز المنتخب المغربي بلقب كأس العالم في","Live f Kick Koula nhar m3a 22.00 h derbou follow lets goooo https://kick.com/ahmedsabiri Chaine Gaming : https://www.youtube.com/channel/UCpon9Ts3C30ykOnVHHkqCQQ For businesses and collab : ahmedsabiri.contact@gmail.com ✨Join my Social Media Discord ! https://discord.gg/VvADgpxfKS Instagram: https://www.instagram.com/ahmedsaabiri/ TikTok https://www.tiktok.com/@ahmedsaabiri Page FACEBOOK https://www.facebook.com/Ahmedsaabiri0","ahmedsabiri,bilal fariha with sabiri,storytime,sabiri,ahmedsabiristory,ahmedsabiritwitch,ahmedsabirivlog,Ahmed Sabiri | كشخة مكشوخة,clash,rapmaroc,ahmedsabirireactionn,bnsnss,Ahmedsabiri Reaction,Reaction,ahmed sabiri | كشخة مكشوخة,speed dating in morroco,Tendence maroc,bnsns,#RapMaroc,#HipHop,Vira,viravs6win,Jamshow,ilyas elmaliki vs sabiri إلياس المالكي وأحمد الصابيري,المنتخب المغربي,zabiri,montakhab fans,فرحة,تتويج المنتخب المغربي بكأس العالم",22,"People & Blogs","Association_football,Sport",PT13M24S,804,2d,hd,false,ar,ar,https://i.ytimg.com/vi/b-AONrbOCK8/maxresdefault.jpg,1,,,,,235564,8121,,0,237
40,UCC4PkXCup_rjEjyGfsYYmpg," Ahmed Sabiri 2.0 ",lMvo-EF5ZXY,2025-10-15T15:28:23Z,"2025-10-15 15:28:23","Ahmed Sabiri Reaction Bnsns - 😱 ميمكنش شنو وقع ل بنسنس","Live f Kick Koula nhar m3a 22.00 h derbou follow lets goooo https://kick.com/ahmedsabiri Chaine Gaming : https://www.youtube.com/channel/UCpon9Ts3C30ykOnVHHkqCQQ For businesses and collab : ahmedsabiri.contact@gmail.com ✨Join my Social Media Discord ! https://discord.gg/VvADgpxfKS Instagram: https://www.instagram.com/ahmedsaabiri/ TikTok https://www.tiktok.com/@ahmedsaabiri Page FACEBOOK https://www.facebook.com/Ahmedsaabiri0","ahmedsabiri,bilal fariha with sabiri,storytime,sabiri,ahmedsabiristory,ahmedsabiritwitch,ahmedsabirivlog,Ahmed Sabiri | كشخة مكشوخة,clash,pause,pauseflow,rapmaroc,bilal fariha,ahmedsabirireactionn,bnsnss,Ahmedsabiri Reaction,Reaction,ahmed sabiri | كشخة مكشوخة,speed dating in morroco,Tendence maroc,bnsns,#RapMaroc,#HipHop,elgrandetoto,Vira,viravs6win,Jamshow,SATOSHI KAMIYA - OUENZA (Official Lyric Videos),ilyas elmaliki vs sabiri إلياس المالكي وأحمد الصابيري",22,"People & Blogs",,PT33M33S,2013,2d,hd,false,en,ar,https://i.ytimg.com/vi/lMvo-EF5ZXY/maxresdefault.jpg,1,,,,,516352,22821,,0,797
41,UCC4PkXCup_rjEjyGfsYYmpg," Ahmed Sabiri 2.0 ",Qm0HLg0VUWA,2025-10-13T17:00:09Z,"2025-10-13 17:00:09","Ahmed Sabiri IRL #2 🇫🇷 أو روناها ف فرنسا BLEDARD تلاقيت مع","Live f Kick Koula nhar m3a 22.30h derbou follow lets goooo https://kick.com/ahmedsabiri For businesses and collab : ahmedsabiri.contact@gmail.com Chaine Gaming : https://www.youtube.com/channel/UCpon9Ts3C30ykOnVHHkqCQQ ✨Join my Social Media Discord ! https://discord.gg/VvADgpxfKS Instagram: https://www.instagram.com/ahmedsaabiri/ TikTok https://www.tiktok.com/@ahmedsaabiri Page FACEBOOK https://www.facebook.com/Ahmedsaabiri0","ahmedsabiri,storytime,sabiri,ahmedsabiristory,ahmedsabiritwitch,ahmedsabirivlog,Ahmed Sabiri | كشخة مكشوخة,clash,rapmaroc,bilal fariha,ahmedsabirireactionn,bnsnss,Ahmedsabiri Reaction,Reaction,ahmed sabiri | كشخة مكشوخة,speed dating in morroco,Tendence maroc,bnsns,#Jamshow,#RapMaroc,#HipHop,elgrandetoto,Vira,viravs6win,Jamshow,Kawaliss,Tendence,ahmedsabirikick,ahmedsabirilebledard,ahmedsabirireactionpause,Ahmed Sabiri IRL,IRL kick,IRL morocco,kick,Le bledar,Sabiri le bledar",22,"People & Blogs",Lifestyle_(sociology),PT48M33S,2913,2d,hd,false,en,ar,https://i.ytimg.com/vi/Qm0HLg0VUWA/maxresdefault.jpg,1,,,,,364874,14112,,0,471
42,UCC4PkXCup_rjEjyGfsYYmpg," Ahmed Sabiri 2.0 ",VhhxOgXTPBM,2025-10-12T15:00:02Z,"2025-10-12 15:00:02","Ahmed Sabiri IRL #1 😍 دوزت النهار فبرشلونة","Live f Kick Koula nhar m3a 22.30h derbou follow lets goooo https://kick.com/ahmedsabiri For businesses and collab : ahmedsabiri.contact@gmail.com Chaine Gaming : https://www.youtube.com/channel/UCpon9Ts3C30ykOnVHHkqCQQ ✨Join my Social Media Discord ! https://discord.gg/VvADgpxfKS Instagram: https://www.instagram.com/ahmedsaabiri/ TikTok https://www.tiktok.com/@ahmedsaabiri Page FACEBOOK https://www.facebook.com/Ahmedsaabiri0","ahmedsabiri,storytime,sabiri,ahmedsabiristory,ahmedsabiritwitch,ahmedsabirivlog,Ahmed Sabiri | كشخة مكشوخة,clash,rapmaroc,bilal fariha,ahmedsabirireactionn,bnsnss,Ahmedsabiri Reaction,Reaction,ahmed sabiri | كشخة مكشوخة,speed dating in morroco,Tendence maroc,bnsns,#Jamshow,#RapMaroc,#HipHop,elgrandetoto,Vira,viravs6win,Jamshow,Kawaliss,Tendence,ahmedsabirikick,ahmedsabirilebledard,ahmedsabirireactionpause,Ahmed Sabiri IRL,IRL kick,IRL maroc,IRL morocco,kick,kick streams",22,"People & Blogs",Lifestyle_(sociology),PT48M15S,2895,2d,hd,false,en,ar,https://i.ytimg.com/vi/VhhxOgXTPBM/maxresdefault.jpg,,,,,,178281,8809,,0,3912
43,UCC4PkXCup_rjEjyGfsYYmpg," Ahmed Sabiri 2.0 ",YdedrQb6CcA,2025-08-29T11:05:13Z,"2025-08-29 11:05:13","Ahmedsabiri Réaction @PauseOfficielle 3 PAW BIGG (Official Audio)","Instagram Psyhoch : https://www.instagram.com/psyhoch RIB : 230 825 3822332211029400 21 Live f Kick Koula nhar m3a 22.30h derbou follow lets goooo https://kick.com/ahmedsabiri For businesses and collab : ahmedsabiri.contact@gmail.com Chaine Gaming : https://www.youtube.com/channel/UCpon9Ts3C30ykOnVHHkqCQQ ✨Join my Social Media Discord ! https://discord.gg/VvADgpxfKS Instagram: https://www.instagram.com/ahmedsaabiri/ TikTok https://www.tiktok.com/@ahmedsaabiri Page FACEBOOK https://www.facebook.com/Ahmedsaabiri0","Pause,3 PAW BIGG (Official Audio),Clashrapmaroc,Ahmedsabiri,Reactionmaroc,Kickmaroc,Ahmedsabirireaction,Bnsns,Rapmaroc,Rap,elgrandetotoreaction,Live,Lebledar,Tendensemaroc,ahmedsabiri,storytime,sabiri,ahmedsabiristory,ahmedsabiritwitch,ahmedsabirivlog,Ahmed Sabiri | كشخة مكشوخة,clash,rapmaroc,bilal fariha,ahmedsabirireactionn,bnsnss,Ahmedsabiri Reaction,Reaction,Tendence maroc,bnsns,#Jamshow,#RapMaroc,#HipHop,elgrandetoto,Vira,viravs6win,Jamshow,Tendence,pause,clash rap",22,"People & Blogs",Music,PT41M53S,2513,2d,hd,false,en,ar,https://i.ytimg.com/vi/YdedrQb6CcA/maxresdefault.jpg,1,,,,,288470,13715,,0,1082
44,UCC4PkXCup_rjEjyGfsYYmpg," Ahmed Sabiri 2.0 ",SLBUWqJweds,2025-08-27T18:30:19Z,"2025-08-27 18:30:19","Ahmed Sabiri MeMes 6- ------ 😂 روح لعندو، أمجنن مواطن مغربي","Instagram Psyhoch : https://www.instagram.com/psyhoch RIB : 230 825 3822332211029400 21 Live f Kick Koula nhar m3a 22.30h derbou follow lets goooo https://kick.com/ahmedsabiri For businesses and collab : ahmedsabiri.contact@gmail.com Chaine Gaming : https://www.youtube.com/channel/UCpon9Ts3C30ykOnVHHkqCQQ ✨Join my Social Media Discord ! https://discord.gg/VvADgpxfKS Instagram: https://www.instagram.com/ahmedsaabiri/ TikTok https://www.tiktok.com/@ahmedsaabiri Page FACEBOOK https://www.facebook.com/Ahmedsaabiri0","ahmedsabiri,storytime,sabiri,ahmedsabiristory,ahmedsabiritwitch,ahmedsabirivlog,Ahmed Sabiri | كشخة مكشوخة,clash,pause,pauseflow,rapmaroc,bilal fariha,ahmedsabirireactionn,bnsnss,Ahmedsabiri Reaction,Reaction,ahmed sabiri | كشخة مكشوخة,speed dating in morroco,Tendence maroc,bnsns,#RapMaroc,#HipHop,elgrandetoto,SATOSHI KAMIYA - OUENZA (Official Lyric Videos),memes sabiri,Crappa04,Ro7 l3ando,روح لعندو,Memes Maroc,ميمز المغرب",22,"People & Blogs","Entertainment,Film",PT34M21S,2061,2d,hd,false,en,ar,https://i.ytimg.com/vi/SLBUWqJweds/maxresdefault.jpg,1,,,,,330296,15094,,0,722
45,UCC4PkXCup_rjEjyGfsYYmpg," Ahmed Sabiri 2.0 ",MtREsF46-ow,2025-08-03T19:00:11Z,"2025-08-03 19:00:11","AhmedSabiri - KAMLIN KAMLIN (Official Disstrack Audio)","Live f Kick Koula nhar m3a 22.30h derbou follow lets goooo https://kick.com/ahmedsabiri For businesses and collab : ahmedsabiri.contact@gmail.com Chaine Gaming : https://www.youtube.com/channel/UCpon9Ts3C30ykOnVHHkqCQQ ✨Join my Social Media Discord ! https://discord.gg/VvADgpxfKS Instagram: https://www.instagram.com/ahmedsaabiri/ TikTok https://www.tiktok.com/@ahmedsaabiri Page FACEBOOK https://www.facebook.com/Ahmedsaabiri0 Lyrics: [INTRO] Ghanchdek ghan..x3 Ghan.. Ghanchdek ghan..x3 [Couplet 1] 3ayech f sta7 chb3an gerad ki chi jro Mkhewar l3bid kolhom deddi kayncho L7awla t9aleb 3al liyched kerha ynjro Khouk ghi ra9issa, kaymout in3ass 3la karcho. Z9i9a ou m3ijina mfardin felkalimat Wa7el lik fkarek katsebni belli fat Gelbek rah 3amer, katkhwih ta 3ali mat Sabiri ghayb9a OSTORA, Awdi Houzilat.. Houzilat.. Souwelt Google Gali zamal ou kidar Nhar yti7 lik rich azbi, Khchi fkarek l’3tidar Laysahel 3la aya wahed 7areg, Y’sauvé ki blédard Ged ma tchefiti f’nass ghaydkhol fzamel bok Chi كار. nta ghi stell w’oumi walou dmaghek vide BOUSSABOUN wkatgouli baba 9ssir ou guide Wenta babak m3rouf kihez swirtat Fsidkoum Bouzid. Bayet kat7lem bia 7it 3aref sabiri CHDID Wlad Bab Lah mtert9in champagne, 7it lyouma 3andhoum 3id. [Refrain] KAMLIN x3 KAMLIN ghir le7assa KAMLIN x3 KAMLIN ghir 3ebada KAMLIN x3 KAMLIN ghir le7assa KAMLIN x3 Ghir 3ebada. [Couplet 2] DIMA Koukab oula lakab, Legi Karek L’3adab Jbedti smit mdinti Lyouma ghadi n3almouk الأدب Sahel ngoul FUCK JDIDA fuck mdintek bla sabab 7it 7naya kberna rjal ou jamais n7a9do chabab Kberna sghar kanaklo l’mokh, ntaya katkwi wkatbokh Yakma kis7ablik 3andi kharya b7alek, La rah ga3ma ndoukh Nssa Piqué chwya wdkor الله, Kil perroquet t3awd lhedra 3awej lhiha wdreb tella, 9bel mansali lik l7ejra Merrakchi pur ou mhawer, Gedma ghater ghatkhawer L9lawi kbar li ghatsower, Kadir karek la3ebha mtower Daba kandreb ou n9ayes, Njibha lass9a ra m9yess Tana kaber mghayess, Ou ntaya f3ini gha n9yech. [Refrain] KAMLIN x3 KAMLIN ghir le7assa KAMLIN x3 KAMLIN ghir 3ebada KAMLIN x3 KAMLIN ghir le7assa KAMLIN x3 Ghir 3ebada.","Clash,ERapmaroc,clashmaroc,Elgrandetotoreaction,streamkick,reactionmaroc,ahmedsabiri,ahmedsabirireaction,pauseflow,l'morphine,Le bledar,Sabiri Clash Ilyass Elmalki,D1VIL,Kamlin Kamlin,Ahmedsabirikamlinkamlin,D1VIL- Venom - (EXCLUSIVE Music Audio),D1VIL- SALINA - (EXCLUSIVE Music Audio),Kickbdarija,streamkickmaroc,clashstreamermaroc,shaw",22,"People & Blogs","Hip_hop_music,Music",PT2M24S,144,2d,hd,false,fr,ar,https://i.ytimg.com/vi/MtREsF46-ow/maxresdefault.jpg,,,,,,347760,35132,,0,6628
46,UCC4PkXCup_rjEjyGfsYYmpg," Ahmed Sabiri 2.0 ",dCNS4kSwdNw,2025-08-03T01:06:46Z,"2025-08-03 01:06:46","Ahmedsabiri Réaction - D1VIL- Venom (Disstrack)","Live f Kick Koula nhar m3a 22.30h derbou follow lets goooo https://kick.com/ahmedsabiri For businesses and collab : ahmedsabiri.contact@gmail.com Chaine Gaming : https://www.youtube.com/channel/UCpon9Ts3C30ykOnVHHkqCQQ ✨Join my Social Media Discord ! https://discord.gg/VvADgpxfKS Instagram: https://www.instagram.com/ahmedsaabiri/ TikTok https://www.tiktok.com/@ahmedsaabiri Page FACEBOOK https://www.facebook.com/Ahmedsaabiri0","ahmedsabiri,storytime,sabiri,ahmedsabiristory,ahmedsabiritwitch,ahmedsabirivlog,Ahmed Sabiri | كشخة مكشوخة,clash,rapmaroc,bilal fariha,ahmedsabirireactionn,bnsnss,Ahmedsabiri Reaction,Reaction,ahmed sabiri | كشخة مكشوخة,speed dating in morroco,Tendence maroc,bnsns,#Jamshow,#RapMaroc,#HipHop,elgrandetoto,Vira,viravs6win,Jamshow,Kawaliss,Tendence,pause,pause azul,clash rap",22,"People & Blogs","Hip_hop_music,Music",PT23M53S,1433,2d,hd,false,en,ar,https://i.ytimg.com/vi/dCNS4kSwdNw/maxresdefault.jpg,1,,,,,156230,9701,,0,714
47,UCC4PkXCup_rjEjyGfsYYmpg," Ahmed Sabiri 2.0 ",WY7Jl1hxTNg,2025-07-31T19:49:55Z,"2025-07-31 19:49:55","Ahmedsabiri Nessyou بنكهة مراكشية مع Stream","Live f Kick Koula nhar m3a 22.30h derbou follow lets goooo https://kick.com/ahmedsabiri For businesses and collab : ahmedsabiri.contact@gmail.com Chaine Gaming : https://www.youtube.com/channel/UCpon9Ts3C30ykOnVHHkqCQQ ✨Join my Social Media Discord ! https://discord.gg/VvADgpxfKS Instagram: https://www.instagram.com/ahmedsaabiri/ TikTok https://www.tiktok.com/@ahmedsaabiri Page FACEBOOK https://www.facebook.com/Ahmedsaabiri0","ahmedsabiri,storytime,sabiri,ahmedsabiristory,ahmedsabiritwitch,ahmedsabirivlog,Ahmed Sabiri | كشخة مكشوخة,clash,rapmaroc,bilal fariha,ahmedsabirireactionn,bnsnss,Ahmedsabiri Reaction,Reaction,ahmed sabiri | كشخة مكشوخة,speed dating in morroco,Tendence maroc,bnsns,#Jamshow,#RapMaroc,#HipHop,elgrandetoto,Vira,viravs6win,Jamshow,Kawaliss,Tendence,طنجية,كيفية تحضير الطنجية المراكشية,الطنجية المراكشية,Nessyou,ahmedsabirikick,ahmedsabirilebledard,ahmedsabirireactionpause",22,"People & Blogs",,PT1H1M24S,84,2d,hd,false,en,ar,https://i.ytimg.com/vi/WY7Jl1hxTNg/maxresdefault.jpg,1,,,,,101737,5598,,0,461
48,UCC4PkXCup_rjEjyGfsYYmpg," Ahmed Sabiri 2.0 ",KMsnzwbw5Ro,2025-07-23T18:33:12Z,"2025-07-23 18:33:12","Ahmedsabiri Storytime لبس قدك إواتيك","Live f Kick Koula nhar m3a 22.30h derbou follow lets goooo https://kick.com/ahmedsabiri For businesses and collab : ahmedsabiri.contact@gmail.com Chaine Gaming : https://www.youtube.com/channel/UCpon9Ts3C30ykOnVHHkqCQQ ✨Join my Social Media Discord ! https://discord.gg/VvADgpxfKS Instagram: https://www.instagram.com/ahmedsaabiri/ TikTok https://www.tiktok.com/@ahmedsaabiri Page FACEBOOK https://www.facebook.com/Ahmedsaabiri0",,22,"People & Blogs",,PT29M26S,1766,2d,hd,false,en,ar,,1,,,,,261161,12504,,0,494
49,UCC4PkXCup_rjEjyGfsYYmpg," Ahmed Sabiri 2.0 ",pmZ7Yk9CB5Q,2025-07-21T18:02:23Z,"2025-07-21 18:02:23","Ahmedsabiri 😍 Stream طيبت الطنجية المراكشية أنا والواليد في","Live f Kick Koula nhar m3a 22.30h derbou follow lets goooo https://kick.com/ahmedsabiri For businesses and collab : ahmedsabiri.contact@gmail.com Chaine Gaming : https://www.youtube.com/channel/UCpon9Ts3C30ykOnVHHkqCQQ ✨Join my Social Media Discord ! https://discord.gg/VvADgpxfKS Instagram: https://www.instagram.com/ahmedsaabiri/ TikTok https://www.tiktok.com/@ahmedsaabiri Page FACEBOOK https://www.facebook.com/Ahmedsaabiri0","ahmedsabiri,storytime,sabiri,ahmedsabiristory,ahmedsabiritwitch,ahmedsabirivlog,Ahmed Sabiri | كشخة مكشوخة,clash,rapmaroc,bilal fariha,ahmedsabirireactionn,bnsnss,Ahmedsabiri Reaction,Reaction,ahmed sabiri | كشخة مكشوخة,speed dating in morroco,Tendence maroc,bnsns,#Jamshow,#RapMaroc,#HipHop,elgrandetoto,Vira,viravs6win,Jamshow,Kawaliss,Tendence,طنجية,كيفية تحضير الطنجية المراكشية,الطنجية المراكشية",22,"People & Blogs",,PT1H12M23S,743,2d,hd,false,ar,ar,https://i.ytimg.com/vi/pmZ7Yk9CB5Q/maxresdefault.jpg,1,,,,,516477,27864,,0,1372
50,UCC4PkXCup_rjEjyGfsYYmpg," Ahmed Sabiri 2.0 ",oUNcZid5mjk,2025-07-12T14:35:56Z,"2025-07-12 14:35:56","Ahmedsabiri Réaction -@PauseOfficielle - AZUL (Disstrack)","Live f Kick Koula nhar m3a 22.30h derbou follow lets goooo https://kick.com/ahmedsabiri For businesses and collab : ahmedsabiri.contact@gmail.com Chaine Gaming : https://www.youtube.com/channel/UCpon9Ts3C30ykOnVHHkqCQQ ✨Join my Social Media Discord ! https://discord.gg/VvADgpxfKS Instagram: https://www.instagram.com/ahmedsaabiri/ TikTok https://www.tiktok.com/@ahmedsaabiri Page FACEBOOK https://www.facebook.com/Ahmedsaabiri0","ahmedsabiri,storytime,sabiri,ahmedsabiristory,ahmedsabiritwitch,ahmedsabirivlog,Ahmed Sabiri | كشخة مكشوخة,clash,rapmaroc,bilal fariha,ahmedsabirireactionn,bnsnss,Ahmedsabiri Reaction,Reaction,ahmed sabiri | كشخة مكشوخة,speed dating in morroco,Tendence maroc,bnsns,#Jamshow,#RapMaroc,#HipHop,elgrandetoto,Vira,viravs6win,Jamshow,Kawaliss,Tendence,pause,pause azul",22,"People & Blogs","Hip_hop_music,Music",PT28M38S,1718,2d,hd,false,en,ar,https://i.ytimg.com/vi/oUNcZid5mjk/maxresdefault.jpg,1,,,,,335911,20486,,0,1475
51,UCC4PkXCup_rjEjyGfsYYmpg," Ahmed Sabiri 2.0 ",1CiJUDgo_ys,2025-07-03T16:59:28Z,"2025-07-03 16:59:28","Ahmedsabiri Réaction Bnsns 😍❤️ حقيقة عثور بنسنس على كنز : هل هي حقيقة أم مجرد خدعة؟","Live f Kick Koula nhar m3a 22.30h derbou follow lets goooo https://kick.com/ahmedsabiri For businesses and collab : ahmedsabiri.contact@gmail.com Chaine Gaming : https://www.youtube.com/channel/UCpon9Ts3C30ykOnVHHkqCQQ ✨Join my Social Media Discord ! https://discord.gg/VvADgpxfKS Instagram: https://www.instagram.com/ahmedsaabiri/ TikTok https://www.tiktok.com/@ahmedsaabiri Page FACEBOOK https://www.facebook.com/Ahmedsaabiri0","ahmedsabiri,storytime,sabiri,ahmedsabiristory,ahmedsabiritwitch,ahmedsabirivlog,Ahmed Sabiri | كشخة مكشوخة,clash,rapmaroc,bilal fariha,ahmedsabirireactionn,bnsnss,Ahmedsabiri Reaction,Reaction,ahmed sabiri | كشخة مكشوخة,speed dating in morroco,Tendence maroc,bnsns,#Jamshow,#RapMaroc,#HipHop,elgrandetoto,Vira,viravs6win,Jamshow,Kawaliss,Tendence",22,"People & Blogs",,PT42M53S,2573,2d,hd,false,ar,ar,https://i.ytimg.com/vi/1CiJUDgo_ys/maxresdefault.jpg,1,,,,,794168,31783,,0,1305
52,UCC4PkXCup_rjEjyGfsYYmpg," Ahmed Sabiri 2.0 ",k61okB4fKBE,2025-06-17T18:08:28Z,"2025-06-17 18:08:28","Ahmed Sabiri Mêmes4 🤣 تحدي الضحك مع أخ الصغير لي خسرإركب لاخر قراصة ديال النشير","Live f Kick Koula nhar m3a 21,30h derbou follow lets goooo https://kick.com/ahmedsabiri For businesses and collab : ahmedsabiri.contact@gmail.com Chaine Gaming : https://www.youtube.com/channel/UCpon9Ts3C30ykOnVHHkqCQQ ✨Join my Social Media Discord ! https://discord.gg/VvADgpxfKS Instagram: https://www.instagram.com/ahmedsaabiri/ TikTok https://www.tiktok.com/@ahmedsaabiri Page FACEBOOK https://www.facebook.com/Ahmedsaabiri0","ahmedsabiri,storytime,sabiri,ahmedsabiristory,ahmedsabiritwitch,ahmedsabirivlog,Ahmed Sabiri | كشخة مكشوخة,clash,ahmedsabirireactionn,bnsnss,Ahmedsabiri Reaction,Reaction,ahmed sabiri | كشخة مكشوخة,speed dating in morroco,Tendence maroc,bnsns,#RapMaroc,#HipHop,elgrandetoto,Jamshow,Kawaliss,Tendence,Jamshow EP Final,الحلقة الأخيرة,Jamshow الحلقة الأخيرة,Muslim,Pause,reaction maroc,kickmaroc,bac2025,تصريحات تلاميذ الباك",22,"People & Blogs","Entertainment,Film",PT28M55S,1735,2d,hd,false,ar,ar,https://i.ytimg.com/vi/k61okB4fKBE/maxresdefault.jpg,1,,,,,456530,15365,,0,517
53,UCC4PkXCup_rjEjyGfsYYmpg," Ahmed Sabiri 2.0 ",Y0qnPeVDu4g,2025-06-07T16:05:23Z,"2025-06-07 16:05:23","أجواء فوز المنتخب الوطني المغربي على المنتخب تونسي في ملعب فاس 😍❤️","Live f Kick Koula nhar m3a 21,30h derbou follow lets goooo https://kick.com/ahmedsabiri For businesses and collab : ahmedsabiri.contact@gmail.com Chaine Gaming : https://www.youtube.com/channel/UCpon9Ts3C30ykOnVHHkqCQQ ✨Join my Social Media Discord ! https://discord.gg/VvADgpxfKS Instagram: https://www.instagram.com/ahmedsaabiri/ TikTok https://www.tiktok.com/@ahmedsaabiri Page FACEBOOK https://www.facebook.com/Ahmedsaabiri0","ahmedsabiri,storytime,sabiri,ahmedsabiristory,ahmedsabiritwitch,ahmedsabirivlog,Ahmed Sabiri | كشخة مكشوخة,clash,ahmedsabirireactionn,bnsnss,Ahmedsabiri Reaction,Reaction,ahmed sabiri | كشخة مكشوخة,speed dating in morroco,Tendence maroc,bnsns,#Jamshow,#RapMaroc,#HipHop,elgrandetoto,viravs6win,Jamshow,Kawaliss,Tendence,Don Bigg,Jamshow EP Final,الحلقة الأخيرة,Jamshow الحلقة الأخيرة,2M,Muslim,Pause,reaction maroc,kickmaroc,bac2025,تصريحات تلاميذ الباك",22,"People & Blogs",Association_football,PT28M37S,1717,2d,hd,false,ar,ar,https://i.ytimg.com/vi/Y0qnPeVDu4g/maxresdefault.jpg,1,,,,,211231,8535,,0,426
54,UCC4PkXCup_rjEjyGfsYYmpg," Ahmed Sabiri 2.0 ",2Wlmy6l3o0g,2025-06-02T16:00:21Z,"2025-06-02 16:00:21","عودة الكوكب المراكشي لملعب الحارثي بعد غياب عشر سنوات 🔴😍","Live f Kick Koula nhar m3a 21,30h derbou follow lets goooo https://kick.com/ahmedsabiri For businesses and collab : ahmedsabiri.contact@gmail.com Chaine Gaming : https://www.youtube.com/channel/UCpon9Ts3C30ykOnVHHkqCQQ ✨Join my Social Media Discord ! https://discord.gg/VvADgpxfKS Instagram: https://www.instagram.com/ahmedsaabiri/ TikTok https://www.tiktok.com/@ahmedsaabiri Page FACEBOOK https://www.facebook.com/Ahmedsaabiri0","ahmedsabiri,storytime,sabiri,ahmedsabiristory,ahmedsabiritwitch,ahmedsabirivlog,Ahmed Sabiri | كشخة مكشوخة,clash,ahmedsabirireactionn,bnsnss,Ahmedsabiri Reaction,Reaction,ahmed sabiri | كشخة مكشوخة,speed dating in morroco,Tendence maroc,bnsns,#Jamshow,#RapMaroc,#HipHop,elgrandetoto,viravs6win,Jamshow,Kawaliss,Tendence,Don Bigg,Jamshow EP Final,الحلقة الأخيرة,Jamshow الحلقة الأخيرة,2M,Muslim,Pause,reaction maroc,kickmaroc,bac2025,تصريحات تلاميذ الباك",22,"People & Blogs","Association_football,Sport",PT27M59S,1679,2d,hd,false,ar,ar,https://i.ytimg.com/vi/2Wlmy6l3o0g/maxresdefault.jpg,1,,,,,172446,8767,,0,732
55,UCC4PkXCup_rjEjyGfsYYmpg," Ahmed Sabiri 2.0 ",O2C9MghFHxQ,2025-05-31T12:05:06Z,"2025-05-31 12:05:06","Ahmedsabiri Réaction 2025 الموت ديال الضحك مع تصريحات تلاميذ الباك","Live f Kick Koula nhar m3a 21,30h derbou follow lets goooo https://kick.com/ahmedsabiri For businesses and collab : ahmedsabiri.contact@gmail.com Chaine Gaming : https://www.youtube.com/channel/UCpon9Ts3C30ykOnVHHkqCQQ ✨Join my Social Media Discord ! https://discord.gg/VvADgpxfKS Instagram: https://www.instagram.com/ahmedsaabiri/ TikTok https://www.tiktok.com/@ahmedsaabiri Page FACEBOOK https://www.facebook.com/Ahmedsaabiri0","ahmedsabiri,storytime,sabiri,ahmedsabiristory,ahmedsabiritwitch,ahmedsabirivlog,Ahmed Sabiri | كشخة مكشوخة,clash,ahmedsabirireactionn,bnsnss,Ahmedsabiri Reaction,Reaction,ahmed sabiri | كشخة مكشوخة,speed dating in morroco,Tendence maroc,bnsns,#Jamshow,#RapMaroc,#HipHop,elgrandetoto,viravs6win,Jamshow,Kawaliss,Tendence,Don Bigg,Jamshow EP Final,الحلقة الأخيرة,Jamshow الحلقة الأخيرة,2M,Muslim,Pause,reaction maroc,kickmaroc,bac2025,تصريحات تلاميذ الباك",22,"People & Blogs",,PT32M23S,1943,2d,hd,false,ar,ar,https://i.ytimg.com/vi/O2C9MghFHxQ/maxresdefault.jpg,1,,,,,572607,22618,,0,727
56,UCC4PkXCup_rjEjyGfsYYmpg," Ahmed Sabiri 2.0 ",GY2DbZ3Unk4,2025-05-20T23:28:12Z,"2025-05-20 23:28:12","JAM SHOW 2 - الحلقة الأخيرة 🔥DON BIGG & SHOBEE & MUSLIM / EP FINAL فنظركم شكون ربح؟","Live f Kick Koula nhar m3a 21,30h derbou follow lets goooo https://kick.com/ahmedsabiri For businesses and collab : ahmedsabiri.contact@gmail.com Chaine Gaming : https://www.youtube.com/channel/UCpon9Ts3C30ykOnVHHkqCQQ ✨Join my Social Media Discord ! https://discord.gg/VvADgpxfKS Instagram: https://www.instagram.com/ahmedsaabiri/ TikTok https://www.tiktok.com/@ahmedsaabiri Page FACEBOOK https://www.facebook.com/Ahmedsaabiri0","ahmedsabiri,storytime,sabiri,ahmedsabiristory,ahmedsabiritwitch,ahmedsabirivlog,Ahmed Sabiri | كشخة مكشوخة,clash,rapmaroc,bilal fariha,ahmedsabirireactionn,bnsnss,Ahmedsabiri Reaction,Reaction,ahmed sabiri | كشخة مكشوخة,speed dating in morroco,Tendence maroc,bnsns,#Jamshow,#RapMaroc,#HipHop,elgrandetoto,Vira,viravs6win,Jamshow,Kawaliss,Tendence,Don Bigg,Jamshow EP Final,الحلقة الأخيرة,Jamshow الحلقة الأخيرة,2M,Muslim,AYO ADR",22,"People & Blogs","Hip_hop_music,Music,Television_program",PT1H8M29S,509,2d,hd,false,en,ar,https://i.ytimg.com/vi/GY2DbZ3Unk4/maxresdefault.jpg,1,,,,,452969,17253,,0,680
57,UCC4PkXCup_rjEjyGfsYYmpg," Ahmed Sabiri 2.0 ",tg2WAOmXne0,2025-05-14T15:15:15Z,"2025-05-14 15:15:15","JAM SHOW 2 - الموسم الثاني 🔥DON BIGG & SHOBEE & DADA / EP5","Live f Kick Koula nhar m3a 21,30h derbou follow lets goooo https://kick.com/ahmedsabiri For businesses and collab : ahmedsabiri.contact@gmail.com Chaine Gaming : https://www.youtube.com/channel/UCpon9Ts3C30ykOnVHHkqCQQ ✨Join my Social Media Discord ! https://discord.gg/VvADgpxfKS Instagram: https://www.instagram.com/ahmedsaabiri/ TikTok https://www.tiktok.com/@ahmedsaabiri Page FACEBOOK https://www.facebook.com/Ahmedsaabiri0","ahmedsabiri,storytime,sabiri,ahmedsabiristory,ahmedsabiritwitch,ahmedsabirivlog,Ahmed Sabiri | كشخة مكشوخة,clash,rapmaroc,bilal fariha,ahmedsabirireactionn,bnsnss,Ahmedsabiri Reaction,Reaction,ahmed sabiri | كشخة مكشوخة,speed dating in morroco,Tendence maroc,bnsns,#Jamshow,#RapMaroc,#HipHop,elgrandetoto,Vira,viravs6win,Jamshow,Kawaliss,Tendence,Jamshow Prime 5,Don Bigg",22,"People & Blogs","Hip_hop_music,Music",PT1H29M57S,1797,2d,hd,false,en,ar,https://i.ytimg.com/vi/tg2WAOmXne0/maxresdefault.jpg,1,,,,,315350,13241,,0,464
58,UCC4PkXCup_rjEjyGfsYYmpg," Ahmed Sabiri 2.0 ",KuHqxaMtLKY,2025-05-10T16:11:39Z,"2025-05-10 16:11:39","Ahmedsabiri Réaction 😨😨 بن نسنس دخل الغار تلقا مع جن على هيأة قطة","Live f Kick Koula nhar m3a 21,30h derbou follow lets goooo https://kick.com/ahmedsabiri For businesses and collab : ahmedsabiri.contact@gmail.com Chaine Gaming : https://www.youtube.com/channel/UCpon9Ts3C30ykOnVHHkqCQQ ✨Join my Social Media Discord ! https://discord.gg/VvADgpxfKS Instagram: https://www.instagram.com/ahmedsaabiri/ TikTok https://www.tiktok.com/@ahmedsaabiri Page FACEBOOK https://www.facebook.com/Ahmedsaabiri0","ahmedsabiri,storytime,sabiri,ahmedsabiristory,ahmedsabiritwitch,ahmedsabirivlog,Ahmed Sabiri | كشخة مكشوخة,clash,rapmaroc,bilal fariha,ahmedsabirireactionn,bnsnss,Ahmedsabiri Reaction,Reaction,ahmed sabiri | كشخة مكشوخة,speed dating in morroco,Tendence maroc,bnsns,#Jamshow,#RapMaroc,#HipHop,elgrandetoto,Vira,viravs6win,Jamshow,Kawaliss,Tendence",22,"People & Blogs",,PT35M4S,2104,2d,hd,false,ar,ar,https://i.ytimg.com/vi/KuHqxaMtLKY/maxresdefault.jpg,1,,,,,312483,25634,,0,1304
59,UCC4PkXCup_rjEjyGfsYYmpg," Ahmed Sabiri 2.0 ",7IWN0VdNKBo,2025-05-05T17:31:20Z,"2025-05-05 17:31:20","Ahmedsabiri Réaction واش الدريات تيشبهو للتصاور لي تيحطو فمواقع التواصل الإجتماعي ؟","Live f Kick Koula nhar m3a 21,30h derbou follow lets goooo https://kick.com/ahmedsabiri For businesses and collab : ahmedsabiri.contact@gmail.com Chaine Gaming : https://www.youtube.com/channel/UCpon9Ts3C30ykOnVHHkqCQQ ✨Join my Social Media Discord ! https://discord.gg/VvADgpxfKS Instagram: https://www.instagram.com/ahmedsaabiri/ TikTok https://www.tiktok.com/@ahmedsaabiri Page FACEBOOK https://www.facebook.com/Ahmedsaabiri0","ahmedsabiri,storytime,sabiri,ahmedsabiristory,ahmedsabiritwitch,ahmedsabirivlog,Ahmed Sabiri | كشخة مكشوخة,clash,rapmaroc,bilal fariha,ahmedsabirireactionn,bnsnss,Ahmedsabiri Reaction,Reaction,ahmed sabiri | كشخة مكشوخة,speed dating in morroco,Tendence maroc,bnsns,#Jamshow,#RapMaroc,#HipHop,elgrandetoto,Vira,viravs6win,Jamshow,Kawaliss,Tendence",22,"People & Blogs",,PT1H56M24S,3384,2d,hd,false,ar,ar,https://i.ytimg.com/vi/7IWN0VdNKBo/maxresdefault.jpg,1,,,,,616775,24174,,0,1420
60,UCC4PkXCup_rjEjyGfsYYmpg," Ahmed Sabiri 2.0 ",6bcuN51aMlU,2025-03-31T17:03:06Z,"2025-03-31 17:03:06","اجواء عيد الفطر في أوروبا VS اجواء عيد الفطر في المغرب","Live f Kick Koula nhar m3a 21,30h derbou follow lets goooo https://kick.com/ahmedsabiri For businesses and collab : ahmedsabiri.contact@gmail.com Chaine Gaming : https://www.youtube.com/channel/UCpon9Ts3C30ykOnVHHkqCQQ ✨Join my Social Media Discord ! https://discord.gg/VvADgpxfKS Instagram: https://www.instagram.com/ahmedsaabiri/ TikTok https://www.tiktok.com/@ahmedsaabiri Page FACEBOOK https://www.facebook.com/Ahmedsaabiri0","ahmedsabiri,bilal fariha with sabiri,storytime,sabiri,ahmedsabiristory,ahmedsabiritwitch,ahmedsabirivlog,Ahmed Sabiri | كشخة مكشوخة,clash,pause,pauseflow,rapmaroc,bilal fariha,ahmedsabirireactionn,bnsnss,Ahmedsabiri Reaction,Reaction,ahmed sabiri | كشخة مكشوخة,speed dating in morroco,Tendence maroc,bnsns,#Jamshow,#RapMaroc,#HipHop,VIRA - Machi TV,elgrandetoto,Vira,viravs6win,Jamshow,SATOSHI KAMIYA - OUENZA (Official Lyric Videos),Diib - Origami P01 (Prod by 88 Young)",22,"People & Blogs",,PT26M7S,1567,2d,hd,false,ar,ar,https://i.ytimg.com/vi/6bcuN51aMlU/maxresdefault.jpg,1,,,,,238273,11377,,0,321
61,UCC4PkXCup_rjEjyGfsYYmpg," Ahmed Sabiri 2.0 ",50sI_Ib2tKM,2025-03-26T21:35:10Z,"2025-03-26 21:35:10","جائتني دعوة من@bundesliga وقع ليا مشكل كبير فالمطار 😣😥","Live f Kick Koula nhar m3a 21,30h derbou follow lets goooo https://kick.com/ahmedsabiri For businesses and collab : ahmedsabiri.contact@gmail.com Chaine Gaming : https://www.youtube.com/channel/UCpon9Ts3C30ykOnVHHkqCQQ ✨Join my Social Media Discord ! https://discord.gg/VvADgpxfKS Instagram: https://www.instagram.com/ahmedsaabiri/ TikTok https://www.tiktok.com/@ahmedsaabiri Page FACEBOOK https://www.facebook.com/Ahmedsaabiri0","ahmedsabiri,bilal fariha with sabiri,storytime,sabiri,ahmedsabiristory,ahmedsabiritwitch,ahmedsabirivlog,Ahmed Sabiri | كشخة مكشوخة,clash,pause,pauseflow,rapmaroc,bilal fariha,ahmedsabirireactionn,bnsnss,Ahmedsabiri Reaction,Reaction,ahmed sabiri | كشخة مكشوخة,speed dating in morroco,Tendence maroc,bnsns,#Jamshow,#RapMaroc,#HipHop,VIRA - Machi TV,elgrandetoto,Vira,viravs6win,Jamshow,SATOSHI KAMIYA - OUENZA (Official Lyric Videos),Diib - Origami P01 (Prod by 88 Young)",22,"People & Blogs",Lifestyle_(sociology),PT38M13S,2293,2d,hd,false,ar,ar,https://i.ytimg.com/vi/50sI_Ib2tKM/maxresdefault.jpg,1,,,,,175424,11011,,0,479
62,UCC4PkXCup_rjEjyGfsYYmpg," Ahmed Sabiri 2.0 ",notYVGNpYJA,2025-03-19T20:40:27Z,"2025-03-19 20:40:27","صاوبت أنا أخويا كيكة أحمد خايب السمية 😂😂","Live f Kick Koula nhar m3a 22.00 h derbou follow lets goooo https://kick.com/ahmedsabiri Chaine Gaming : https://www.youtube.com/channel/UCpon9Ts3C30ykOnVHHkqCQQ For businesses and collab : ahmedsabiri.contact@gmail.com ✨Join my Social Media Discord ! https://discord.gg/VvADgpxfKS Instagram: https://www.instagram.com/ahmedsaabiri/ TikTok https://www.tiktok.com/@ahmedsaabiri Page FACEBOOK https://www.facebook.com/Ahmedsaabiri0 Hall of the Mountain King de Kevin MacLeod fait l'objet d'une licence Creative Commons Attribution 4.0. https://creativecommons.org/licenses/by/4.0/","ahmedsabiri,storytime,sabiri,ahmedsabiristory,ahmedsabiritwitch,ahmedsabirivlog,Ahmed Sabiri | كشخة مكشوخة,clash,pause,bilal fariha,ahmedsabirireactionn,bnsnss,Ahmedsabiri Reaction,Reaction,ahmed sabiri | كشخة مكشوخة,speed dating in morroco,Tendence maroc,bnsns,elgrandetoto,viravs6win,7-TOUN Ft. LFERDA,LFERDA,Moroccan Hip Hop,memes sabiri,vista imermiable,ILYESLMALKIVSAHMEDSABIRI,ELGRADETOTOAHMEDSABIRI,KICK,KCIKMAROC,LILKATY,AHMEDSABIRICLASH,TIKTOKMAROC,FAROUKLIFE,DANOUNE2dh",22,"People & Blogs","Food,Lifestyle_(sociology)",PT30M28S,1828,2d,hd,false,en,ar,https://i.ytimg.com/vi/notYVGNpYJA/maxresdefault.jpg,1,,,,,632116,24734,,0,721
63,UCC4PkXCup_rjEjyGfsYYmpg," Ahmed Sabiri 2.0 ",TzmBQlCWfkE,2025-02-28T19:01:41Z,"2025-02-28 19:01:41","Ahmed Sabiri MeMes 5- ------ أكلات رمضانية عجيبة 😅😅","Live f Kick Koula nhar m3a 22.00 h derbou follow lets goooo https://kick.com/ahmedsabiri Chaine Gaming : https://www.youtube.com/channel/UCpon9Ts3C30ykOnVHHkqCQQ For businesses and collab : ahmedsabiri.contact@gmail.com ✨Join my Social Media Discord ! https://discord.gg/VvADgpxfKS Instagram: https://www.instagram.com/ahmedsaabiri/ TikTok https://www.tiktok.com/@ahmedsaabiri Page FACEBOOK https://www.facebook.com/Ahmedsaabiri0 Hall of the Mountain King de Kevin MacLeod fait l'objet d'une licence Creative Commons Attribution 4.0. https://creativecommons.org/licenses/by/4.0/","ahmedsabiri,storytime,sabiri,ahmedsabiristory,ahmedsabiritwitch,ahmedsabirivlog,Ahmed Sabiri | كشخة مكشوخة,clash,pause,pauseflow,rapmaroc,bilal fariha,ahmedsabirireactionn,bnsnss,Ahmedsabiri Reaction,Reaction,ahmed sabiri | كشخة مكشوخة,speed dating in morroco,Tendence maroc,bnsns,#RapMaroc,#HipHop,elgrandetoto,Vira,viravs6win,Jamshow,SATOSHI KAMIYA - OUENZA (Official Lyric Videos),LA ZONE MAHKOM,7-TOUN Ft. LFERDA,LFERDA,Moroccan Hip Hop,memes sabiri,vista imermiable",22,"People & Blogs",,PT32M18S,1938,2d,hd,false,fr,ar,https://i.ytimg.com/vi/TzmBQlCWfkE/maxresdefault.jpg,1,,,,,416892,20077,,0,620
64,UCC4PkXCup_rjEjyGfsYYmpg," Ahmed Sabiri 2.0 ",J1WU9kI_2zo,2025-02-23T15:30:35Z,"2025-02-23 15:30:35","REACTION TOTO & ILYASELMALKI AhmedSABIRI - LIL KATY ( Official Music Video )","Live f Kick Koula nhar m3a 22.00 h derbou follow lets goooo https://kick.com/ahmedsabiri Chaine Gaming : https://www.youtube.com/channel/UCpon9Ts3C30ykOnVHHkqCQQ For businesses and collab : ahmedsabiri.contact@gmail.com ✨Join my Social Media Discord ! https://discord.gg/VvADgpxfKS Instagram: https://www.instagram.com/ahmedsaabiri/ TikTok https://www.tiktok.com/@ahmedsaabiri Page FACEBOOK https://www.facebook.com/Ahmedsaabiri0 Levi instagram : https://www.instagram.com/levi.x.project Plomo instagram : https://www.instagram.com/plomo_26 Pauvry: https://www.instagram.com/pauvry_26","Clash,Sabirivslilpatty,Nabiri,nabitireaction,ERapmaroc,clashmaroc,7liwa,Elgrandetotoreaction,streamkick,ilyaselmalikireaction,reactionmaroc,ahmedsabiri,ahmedsabirireaction,lilpatty,pauseflow,l'morphine",10,Music,"Hip_hop_music,Music",PT14M9S,849,2d,hd,false,en,ar,https://i.ytimg.com/vi/J1WU9kI_2zo/maxresdefault.jpg,1,,,,,719838,37545,,0,870
65,UCC4PkXCup_rjEjyGfsYYmpg," Ahmed Sabiri 2.0 ",tnWq-EdX3zc,2025-02-22T18:03:24Z,"2025-02-22 18:03:24","AhmedSabiri - LIL KATY ( Official Music Video )","Live f Kick Koula nhar m3a 22.00 h derbou follow lets goooo https://kick.com/ahmedsabiri Chaine Gaming : https://www.youtube.com/channel/UCpon9Ts3C30ykOnVHHkqCQQ For businesses and collab : ahmedsabiri.contact@gmail.com ✨Join my Social Media Discord ! https://discord.gg/VvADgpxfKS Instagram: https://www.instagram.com/ahmedsaabiri/ TikTok https://www.tiktok.com/@ahmedsaabiri Page FACEBOOK https://www.facebook.com/Ahmedsaabiri0 Levi instagram : https://www.instagram.com/levi.x.project Plomo instagram : https://www.instagram.com/plomo_26 Pauvry: https://www.instagram.com/pauvry_26","Clash,Sabirivslilpatty,Nabiri,nabitireaction,ERapmaroc,clashmaroc,7liwa,Elgrandetotoreaction,streamkick,ilyaselmalikireaction,reactionmaroc,ahmedsabiri,ahmedsabirireaction,lilpatty,pauseflow,l'morphine",10,Music,"Hip_hop_music,Music",PT3M33S,213,2d,hd,false,en,ar,https://i.ytimg.com/vi/tnWq-EdX3zc/maxresdefault.jpg,,,,,,1842826,138059,,0,11938
66,UCC4PkXCup_rjEjyGfsYYmpg," Ahmed Sabiri 2.0 ",woBIL3UYhUQ,2025-02-09T15:06:56Z,"2025-02-09 15:06:56","كولشي ولا تيفهم في الحلال والحرام 🤣","Live f Kick Koula nhar m3a 22.00 h derbou follow lets goooo https://kick.com/ahmedsabiri Chaine Gaming : https://www.youtube.com/channel/UCpon9Ts3C30ykOnVHHkqCQQ For businesses and collab : ahmedsabiri.contact@gmail.com ✨Join my Social Media Discord ! https://discord.gg/VvADgpxfKS Instagram: https://www.instagram.com/ahmedsaabiri/ TikTok https://www.tiktok.com/@ahmedsaabiri Page FACEBOOK https://www.facebook.com/Ahmedsaabiri0",,22,"People & Blogs",,PT1H2M22S,142,2d,hd,false,ar,ar,https://i.ytimg.com/vi/woBIL3UYhUQ/maxresdefault.jpg,1,,,,,218376,15686,,0,6902
67,UCC4PkXCup_rjEjyGfsYYmpg," Ahmed Sabiri 2.0 ",GzBhReFIxnw,2025-02-08T17:26:53Z,"2025-02-08 17:26:53","Ahmedsabiri Reaction Kawaliss 😮قالت ليهم كتبغي الصابيري","Live f Kick Koula nhar m3a 22.00 h derbou follow lets goooo https://kick.com/ahmedsabiri Chaine Gaming : https://www.youtube.com/channel/UCpon9Ts3C30ykOnVHHkqCQQ For businesses and collab : ahmedsabiri.contact@gmail.com ✨Join my Social Media Discord ! https://discord.gg/VvADgpxfKS Instagram: https://www.instagram.com/ahmedsaabiri/ TikTok https://www.tiktok.com/@ahmedsaabiri Page FACEBOOK https://www.facebook.com/Ahmedsaabiri0","ahmedsabiri,storytime,sabiri,ahmedsabiristory,ahmedsabiritwitch,ahmedsabirivlog,Ahmed Sabiri | كشخة مكشوخة,كشخة مكشوخة,clash,rapmaroc,rapclashe,clashdollypran,clashbabygang,pause clash muslim,ahmedsabiripodcat,bilal fariha with sabiri,pause flow reaction,ahmedsabirireactionn,clashmorphine,bnsnss,ميمة,sawt,Ahmedsabiri Reaction,Reaction,Tendence,ahmed sabiri | كشخة مكشوخة,dating,speed dating in morroco,Blind dat,Kawaliss,Tendence maroc,Moroccan Blind Dating,kawalis sabiri",22,"People & Blogs",,PT1H20M48S,1248,2d,hd,false,en,ar,https://i.ytimg.com/vi/GzBhReFIxnw/maxresdefault.jpg,1,,,,,613686,31748,,0,1668
68,UCC4PkXCup_rjEjyGfsYYmpg," Ahmed Sabiri 2.0 ",N7nzuIKWPnw,2025-02-02T14:36:41Z,"2025-02-02 14:36:41","Ahmedsabiri X @ilyaselmaliki1 --- كلاشينا المورفين و بوز فلو 🫨","Live f Kick Koula nhar m3a 21,30h derbou follow lets goooo https://kick.com/ahmedsabiri For businesses and collab : ahmedsabiri.contact@gmail.com Chaine Gaming : https://www.youtube.com/channel/UCpon9Ts3C30ykOnVHHkqCQQ ✨Join my Social Media Discord ! https://discord.gg/VvADgpxfKS Instagram: https://www.instagram.com/ahmedsaabiri/ TikTok https://www.tiktok.com/@ahmedsaabiri Page FACEBOOK https://www.facebook.com/Ahmedsaabiri0","ahmedsabiri,bilal fariha with sabiri,storytime,sabiri,ahmedsabiristory,ahmedsabiritwitch,ahmedsabirivlog,Ahmed Sabiri | كشخة مكشوخة,clash,pause,pauseflow,rapmaroc,ahmedsabirireactionn,Ahmedsabiri Reaction,Reaction,ahmed sabiri | كشخة مكشوخة,Tendence maroc,#Jamshow,#RapMaroc,#HipHop,VIRA - Machi TV,elgrandetoto,Vira,viravs6win,Jamshow,Diib - Origami P01 (Prod by 88 Young),lmorhpine,LMORPHINE,EP LMORPHINE,CLASH LMORPHINE,L'morphine - L’morphiniya 35 (Official Lyric Video)",22,"People & Blogs",Music,PT24M21S,1461,2d,hd,false,en,ar,https://i.ytimg.com/vi/N7nzuIKWPnw/maxresdefault.jpg,1,,,,,224789,14727,,0,646
69,UCC4PkXCup_rjEjyGfsYYmpg," Ahmed Sabiri 2.0 ",Roh8TORa0YQ,2025-02-01T12:36:28Z,"2025-02-01 12:36:28","Ahmedsabiri Reaction - L'morphine - L’morphiniya 35 (Official Lyric Video)","Live f Kick Koula nhar m3a 21,30h derbou follow lets goooo https://kick.com/ahmedsabiri For businesses and collab : ahmedsabiri.contact@gmail.com Chaine Gaming : https://www.youtube.com/channel/UCpon9Ts3C30ykOnVHHkqCQQ ✨Join my Social Media Discord ! https://discord.gg/VvADgpxfKS Instagram: https://www.instagram.com/ahmedsaabiri/ TikTok https://www.tiktok.com/@ahmedsaabiri Page FACEBOOK https://www.facebook.com/Ahmedsaabiri0","ahmedsabiri,bilal fariha with sabiri,storytime,sabiri,ahmedsabiristory,ahmedsabiritwitch,ahmedsabirivlog,Ahmed Sabiri | كشخة مكشوخة,clash,pause,pauseflow,rapmaroc,ahmedsabirireactionn,Ahmedsabiri Reaction,Reaction,ahmed sabiri | كشخة مكشوخة,Tendence maroc,#Jamshow,#RapMaroc,#HipHop,VIRA - Machi TV,elgrandetoto,Vira,viravs6win,Jamshow,Diib - Origami P01 (Prod by 88 Young),lmorhpine,LMORPHINE,EP LMORPHINE,CLASH LMORPHINE,L'morphine - L’morphiniya 35 (Official Lyric Video)",22,"People & Blogs","Hip_hop_music,Music",PT35M15S,2115,2d,hd,false,en,ar,https://i.ytimg.com/vi/Roh8TORa0YQ/maxresdefault.jpg,1,,,,,225290,14530,,0,817
70,UCC4PkXCup_rjEjyGfsYYmpg," Ahmed Sabiri 2.0 ",0Fy4xZnaeoQ,2025-01-19T19:25:35Z,"2025-01-19 19:25:35","Ahmedsabiri Reaction التنمر في المغرب","Live f Kick Koula nhar m3a 22.00 h derbou follow lets goooo https://kick.com/ahmedsabiri Chaine Gaming : https://www.youtube.com/channel/UCpon9Ts3C30ykOnVHHkqCQQ For businesses and collab : ahmedsabiri.contact@gmail.com ✨Join my Social Media Discord ! https://discord.gg/VvADgpxfKS Instagram: https://www.instagram.com/ahmedsaabiri/ TikTok https://www.tiktok.com/@ahmedsaabiri Page FACEBOOK https://www.facebook.com/Ahmedsaabiri0","ahmedsabiri,bilal fariha with sabiri,storytime,sabiri,ahmedsabiristory,ahmedsabiritwitch,ahmedsabirivlog,Ahmed Sabiri | كشخة مكشوخة,clash,pause,pauseflow,rapmaroc,bilal fariha,ahmedsabirireactionn,bnsnss,Ahmedsabiri Reaction,Reaction,ahmed sabiri | كشخة مكشوخة,speed dating in morroco,Tendence maroc,bnsns,#RapMaroc,#HipHop,viravs6win,Jamshow,ilyas elmaliki vs sabiri إلياس المالكي وأحمد الصابيري,farouklife,farouklifereaction,فاروق لايف,sabiri farouk",22,"People & Blogs",,PT29M1S,1741,2d,hd,false,en,ar,https://i.ytimg.com/vi/0Fy4xZnaeoQ/maxresdefault.jpg,1,,,,,288960,15846,,0,686
71,UCC4PkXCup_rjEjyGfsYYmpg," Ahmed Sabiri 2.0 ",cTTTjcLRDpE,2025-01-14T18:24:07Z,"2025-01-14 18:24:07","Ahmedsabiri Reaction Kings league🏆المنتخب المغربي طلع التيڤو ف جميع البطولات","Live f Kick Koula nhar m3a 22.00 h derbou follow lets goooo https://kick.com/ahmedsabiri Chaine Gaming : https://www.youtube.com/channel/UCpon9Ts3C30ykOnVHHkqCQQ For businesses and collab : ahmedsabiri.contact@gmail.com ✨Join my Social Media Discord ! https://discord.gg/VvADgpxfKS Instagram: https://www.instagram.com/ahmedsaabiri/ TikTok https://www.tiktok.com/@ahmedsaabiri Page FACEBOOK https://www.facebook.com/Ahmedsaabiri0","ahmedsabiri,storytime,sabiri,ahmedsabiristory,ahmedsabiritwitch,ahmedsabirivlog,Ahmed Sabiri | كشخة مكشوخة,كشخة مكشوخة,clash,rapmaroc,rapclashe,clashdollypran,clashbabygang,pause clash muslim,ahmedsabiripodcat,bilal fariha with sabiri,pause flow reaction,ahmedsabirireactionn,clashmorphine,bnsnss,ميمة,sawt,Ahmedsabiri Reaction,Reaction,Tendence,ahmed sabiri | كشخة مكشوخة,Speeddating,dating,speed dating in morroco,Blind dat,Kawaliss,Tendence maroc,kingsleague",22,"People & Blogs","Association_football,Sport",PT31M42S,1902,2d,hd,false,ar,ar,https://i.ytimg.com/vi/cTTTjcLRDpE/maxresdefault.jpg,1,,,,,295930,13036,,0,394
72,UCC4PkXCup_rjEjyGfsYYmpg," Ahmed Sabiri 2.0 ",Vj1KWh1gzwA,2025-01-11T18:38:47Z,"2025-01-11 18:38:47","Ahmedsabiri Reaction Bnsns - 😨لا تحكم على الإنسان من مضهره 🫶🏼","Live f Kick Koula nhar m3a 22.00 h derbou follow lets goooo https://kick.com/ahmedsabiri Chaine Gaming : https://www.youtube.com/channel/UCpon9Ts3C30ykOnVHHkqCQQ For businesses and collab : ahmedsabiri.contact@gmail.com ✨Join my Social Media Discord ! https://discord.gg/VvADgpxfKS Instagram: https://www.instagram.com/ahmedsaabiri/ TikTok https://www.tiktok.com/@ahmedsaabiri Page FACEBOOK https://www.facebook.com/Ahmedsaabiri0","ahmedsabiri,bilal fariha with sabiri,storytime,sabiri,ahmedsabiristory,ahmedsabiritwitch,ahmedsabirivlog,Ahmed Sabiri | كشخة مكشوخة,clash,pause,pauseflow,rapmaroc,bilal fariha,ahmedsabirireactionn,bnsnss,Ahmedsabiri Reaction,Reaction,ahmed sabiri | كشخة مكشوخة,speed dating in morroco,Tendence maroc,bnsns,#RapMaroc,#HipHop,elgrandetoto,Vira,viravs6win,Jamshow,SATOSHI KAMIYA - OUENZA (Official Lyric Videos),ilyas elmaliki vs sabiri إلياس المالكي وأحمد الصابيري",22,"People & Blogs",,PT1H6M7S,367,2d,hd,false,en,ar,https://i.ytimg.com/vi/Vj1KWh1gzwA/maxresdefault.jpg,1,,,,,416015,28092,,0,1426
73,UCC4PkXCup_rjEjyGfsYYmpg," Ahmed Sabiri 2.0 ",oT8DK75mpkg,2025-01-04T19:27:46Z,"2025-01-04 19:27:46","Ahmedsabiri Reaction Bnsns - 😨بنسنس إكتشف سجن سري قديم","Live f Kick Koula nhar m3a 22.00 h derbou follow lets goooo https://kick.com/ahmedsabiri Chaine Gaming : https://www.youtube.com/channel/UCpon9Ts3C30ykOnVHHkqCQQ For businesses and collab : ahmedsabiri.contact@gmail.com ✨Join my Social Media Discord ! https://discord.gg/VvADgpxfKS Instagram: https://www.instagram.com/ahmedsaabiri/ TikTok https://www.tiktok.com/@ahmedsaabiri Page FACEBOOK https://www.facebook.com/Ahmedsaabiri0","ahmedsabiri,bilal fariha with sabiri,storytime,sabiri,ahmedsabiristory,ahmedsabiritwitch,ahmedsabirivlog,Ahmed Sabiri | كشخة مكشوخة,clash,pause,pauseflow,rapmaroc,bilal fariha,ahmedsabirireactionn,bnsnss,Ahmedsabiri Reaction,Reaction,ahmed sabiri | كشخة مكشوخة,speed dating in morroco,Tendence maroc,bnsns,#RapMaroc,#HipHop,elgrandetoto,Vira,viravs6win,Jamshow,SATOSHI KAMIYA - OUENZA (Official Lyric Videos),ilyas elmaliki vs sabiri إلياس المالكي وأحمد الصابيري",22,"People & Blogs",Entertainment,PT46M23S,2783,2d,hd,false,en,ar,https://i.ytimg.com/vi/oT8DK75mpkg/maxresdefault.jpg,1,,,,,590555,35817,,0,2010
74,UCC4PkXCup_rjEjyGfsYYmpg," Ahmed Sabiri 2.0 ",1AUrH8Ovb7k,2024-12-30T18:24:53Z,"2024-12-30 18:24:53","Ahmedsabiri Reaction Kawaliss 😮🤭 💉قلع شكون مستعمل الهرمونات","Live f Kick Koula nhar m3a 22.00 h derbou follow lets goooo https://kick.com/ahmedsabiri Chaine Gaming : https://www.youtube.com/channel/UCpon9Ts3C30ykOnVHHkqCQQ For businesses and collab : ahmedsabiri.contact@gmail.com ✨Join my Social Media Discord ! https://discord.gg/VvADgpxfKS Instagram: https://www.instagram.com/ahmedsaabiri/ TikTok https://www.tiktok.com/@ahmedsaabiri Page FACEBOOK https://www.facebook.com/Ahmedsaabiri0","ahmedsabiri,storytime,sabiri,ahmedsabiristory,ahmedsabiritwitch,ahmedsabirivlog,Ahmed Sabiri | كشخة مكشوخة,كشخة مكشوخة,clash,rapmaroc,rapclashe,clashdollypran,clashbabygang,pause clash muslim,ahmedsabiripodcat,bilal fariha with sabiri,pause flow reaction,ahmedsabirireactionn,clashmorphine,bnsnss,ميمة,sawt,Ahmedsabiri Reaction,Reaction,Tendence,ahmed sabiri | كشخة مكشوخة,Speeddating,dating,speed dating in morroco,Blind dat,Kawaliss,Tendence maroc,Moroccan Blind Dating,gym",22,"People & Blogs",,PT59M1S,3541,2d,hd,false,en,ar,https://i.ytimg.com/vi/1AUrH8Ovb7k/maxresdefault.jpg,1,,,,,636592,37704,,0,1432
75,UCC4PkXCup_rjEjyGfsYYmpg," Ahmed Sabiri 2.0 ",j3Kx3ApFRrw,2024-12-27T19:11:20Z,"2024-12-27 19:11:20","Ahmedsabiri Reaction Modwana -😱 مابقيناش انتزوجو","Live f Kick Koula nhar m3a 22.00 h derbou follow lets goooo https://kick.com/ahmedsabiri Chaine Gaming : https://www.youtube.com/channel/UCpon9Ts3C30ykOnVHHkqCQQ For businesses and collab : ahmedsabiri.contact@gmail.com ✨Join my Social Media Discord ! https://discord.gg/VvADgpxfKS Instagram: https://www.instagram.com/ahmedsaabiri/ TikTok https://www.tiktok.com/@ahmedsaabiri Page FACEBOOK https://www.facebook.com/Ahmedsaabiri0","ahmedsabiri,bilal fariha with sabiri,storytime,sabiri,ahmedsabiristory,ahmedsabiritwitch,ahmedsabirivlog,Ahmed Sabiri | كشخة مكشوخة,clash,pause,pauseflow,rapmaroc,bilal fariha,ahmedsabirireactionn,bnsnss,Ahmedsabiri Reaction,Reaction,ahmed sabiri | كشخة مكشوخة,speed dating in morroco,Tendence maroc,bnsns,#RapMaroc,#HipHop,elgrandetoto,Vira,viravs6win,Jamshow,SATOSHI KAMIYA - OUENZA (Official Lyric Videos),Modwana مدونة الأسرة",22,"People & Blogs",Entertainment,PT40M7S,2407,2d,hd,false,en,ar,,1,,,,,359441,27333,,0,1586
76,UCC4PkXCup_rjEjyGfsYYmpg," Ahmed Sabiri 2.0 ",iiXqoTYQ0p8,2024-12-24T18:30:44Z,"2024-12-24 18:30:44","Ahmed Sabiri MeMes 4- ------ ڤيستا أمپيرميابل حبيبي 😅😅","Live f Kick Koula nhar m3a 22.00 h derbou follow lets goooo https://kick.com/ahmedsabiri Chaine Gaming : https://www.youtube.com/channel/UCpon9Ts3C30ykOnVHHkqCQQ For businesses and collab : ahmedsabiri.contact@gmail.com ✨Join my Social Media Discord ! https://discord.gg/VvADgpxfKS Instagram: https://www.instagram.com/ahmedsaabiri/ TikTok https://www.tiktok.com/@ahmedsaabiri Page FACEBOOK https://www.facebook.com/Ahmedsaabiri0 Hall of the Mountain King de Kevin MacLeod fait l'objet d'une licence Creative Commons Attribution 4.0. https://creativecommons.org/licenses/by/4.0/","ahmedsabiri,storytime,sabiri,ahmedsabiristory,ahmedsabiritwitch,ahmedsabirivlog,Ahmed Sabiri | كشخة مكشوخة,clash,pause,pauseflow,rapmaroc,bilal fariha,ahmedsabirireactionn,bnsnss,Ahmedsabiri Reaction,Reaction,ahmed sabiri | كشخة مكشوخة,speed dating in morroco,Tendence maroc,bnsns,#RapMaroc,#HipHop,elgrandetoto,Vira,viravs6win,Jamshow,SATOSHI KAMIYA - OUENZA (Official Lyric Videos),LA ZONE MAHKOM,7-TOUN Ft. LFERDA,LFERDA,Moroccan Hip Hop,memes sabiri,vista imermiable",22,"People & Blogs",Music,PT36M16S,2176,2d,hd,false,fr,ar,https://i.ytimg.com/vi/iiXqoTYQ0p8/maxresdefault.jpg,1,,,,,1007417,34586,,0,2140
77,UCC4PkXCup_rjEjyGfsYYmpg," Ahmed Sabiri 2.0 ",7CCZn_ZnGuk,2024-12-14T18:08:38Z,"2024-12-14 18:08:38","Ahmedsabiri Reaction Bnsns - 😨 مايمكنش فين دخل بنسنس","Live f Kick Koula nhar m3a 22.00 h derbou follow lets goooo https://kick.com/ahmedsabiri Chaine Gaming : https://www.youtube.com/channel/UCpon9Ts3C30ykOnVHHkqCQQ For businesses and collab : ahmedsabiri.contact@gmail.com ✨Join my Social Media Discord ! https://discord.gg/VvADgpxfKS Instagram: https://www.instagram.com/ahmedsaabiri/ TikTok https://www.tiktok.com/@ahmedsaabiri Page FACEBOOK https://www.facebook.com/Ahmedsaabiri0","ahmedsabiri,bilal fariha with sabiri,storytime,sabiri,ahmedsabiristory,ahmedsabiritwitch,ahmedsabirivlog,Ahmed Sabiri | كشخة مكشوخة,clash,pause,pauseflow,rapmaroc,bilal fariha,ahmedsabirireactionn,bnsnss,Ahmedsabiri Reaction,Reaction,ahmed sabiri | كشخة مكشوخة,speed dating in morroco,Tendence maroc,bnsns,#RapMaroc,#HipHop,elgrandetoto,Vira,viravs6win,Jamshow,SATOSHI KAMIYA - OUENZA (Official Lyric Videos),ilyas elmaliki vs sabiri إلياس المالكي وأحمد الصابيري",22,"People & Blogs",Entertainment,PT46M15S,2775,2d,hd,false,en,ar,https://i.ytimg.com/vi/7CCZn_ZnGuk/maxresdefault.jpg,1,,,,,780870,47580,,0,2630
78,UCC4PkXCup_rjEjyGfsYYmpg," Ahmed Sabiri 2.0 ",QxV1AISiVIM,2024-12-12T17:31:02Z,"2024-12-12 17:31:02","Ahmed Sabiri MeMes 3- ------ 😂 الفرق بين العيلات 😅😅","Live f Kick Koula nhar m3a 22.00 h derbou follow lets goooo https://kick.com/ahmedsabiri Chaine Gaming : https://www.youtube.com/channel/UCpon9Ts3C30ykOnVHHkqCQQ For businesses and collab : ahmedsabiri.contact@gmail.com ✨Join my Social Media Discord ! https://discord.gg/VvADgpxfKS Instagram: https://www.instagram.com/ahmedsaabiri/ TikTok https://www.tiktok.com/@ahmedsaabiri Page FACEBOOK https://www.facebook.com/Ahmedsaabiri0 Hall of the Mountain King de Kevin MacLeod fait l'objet d'une licence Creative Commons Attribution 4.0. https://creativecommons.org/licenses/by/4.0/","ahmedsabiri,storytime,sabiri,ahmedsabiristory,ahmedsabiritwitch,ahmedsabirivlog,Ahmed Sabiri | كشخة مكشوخة,clash,pause,pauseflow,rapmaroc,bilal fariha,ahmedsabirireactionn,bnsnss,Ahmedsabiri Reaction,Reaction,ahmed sabiri | كشخة مكشوخة,speed dating in morroco,Tendence maroc,bnsns,#RapMaroc,#HipHop,elgrandetoto,Vira,viravs6win,Jamshow,SATOSHI KAMIYA - OUENZA (Official Lyric Videos),LA ZONE MAHKOM,7-TOUN Ft. LFERDA,7-TOUN,LFERDA,Moroccan Hip Hop,memes sabiri,chaba chocho",22,"People & Blogs",Music,PT25M10S,1510,2d,hd,false,fr,ar,https://i.ytimg.com/vi/QxV1AISiVIM/maxresdefault.jpg,1,,,,,1215553,35406,,0,1626
79,UCC4PkXCup_rjEjyGfsYYmpg," Ahmed Sabiri 2.0 ",1X3nzTUeME0,2024-12-08T17:33:20Z,"2024-12-08 17:33:20","Ahmed Sabiri MeMes 2- ------ 😂 ما يمكنش شحال ضحكت","Live f Kick Koula nhar m3a 22.00 h derbou follow lets goooo https://kick.com/ahmedsabiri Chaine Gaming : https://www.youtube.com/channel/UCpon9Ts3C30ykOnVHHkqCQQ For businesses and collab : ahmedsabiri.contact@gmail.com ✨Join my Social Media Discord ! https://discord.gg/VvADgpxfKS Instagram: https://www.instagram.com/ahmedsaabiri/ TikTok https://www.tiktok.com/@ahmedsaabiri Page FACEBOOK https://www.facebook.com/Ahmedsaabiri0 Hall of the Mountain King de Kevin MacLeod fait l'objet d'une licence Creative Commons Attribution 4.0. https://creativecommons.org/licenses/by/4.0/","ahmedsabiri,storytime,sabiri,ahmedsabiristory,ahmedsabiritwitch,ahmedsabirivlog,Ahmed Sabiri | كشخة مكشوخة,clash,pause,pauseflow,rapmaroc,bilal fariha,ahmedsabirireactionn,bnsnss,Ahmedsabiri Reaction,Reaction,ahmed sabiri | كشخة مكشوخة,speed dating in morroco,Tendence maroc,bnsns,#RapMaroc,#HipHop,elgrandetoto,Vira,viravs6win,Jamshow,SATOSHI KAMIYA - OUENZA (Official Lyric Videos),LA ZONE MAHKOM,7-TOUN Ft. LFERDA,7-TOUN,LFERDA,Moroccan Hip Hop,memes sabiri",22,"People & Blogs","Entertainment,Film",PT15M6S,906,2d,hd,false,fr,ar,https://i.ytimg.com/vi/1X3nzTUeME0/maxresdefault.jpg,1,,,,,796409,42813,,0,1924
80,UCC4PkXCup_rjEjyGfsYYmpg," Ahmed Sabiri 2.0 ",lHJ6pTVTH1A,2024-12-07T00:30:39Z,"2024-12-07 00:30:39","Ahmedsabiri Reaction 7-TOUN - DRACULA (Prod. by Zuher beats)","Live f Kick Koula nhar m3a 22.00 h derbou follow lets goooo https://kick.com/ahmedsabiri Chaine Gaming : https://www.youtube.com/channel/UCpon9Ts3C30ykOnVHHkqCQQ For businesses and collab : ahmedsabiri.contact@gmail.com ✨Join my Social Media Discord ! https://discord.gg/VvADgpxfKS Instagram: https://www.instagram.com/ahmedsaabiri/ TikTok https://www.tiktok.com/@ahmedsaabiri Page FACEBOOK https://www.facebook.com/Ahmedsaabiri0","ahmedsabiri,bilal fariha with sabiri,storytime,sabiri,ahmedsabiristory,ahmedsabiritwitch,ahmedsabirivlog,Ahmed Sabiri | كشخة مكشوخة,clash,pause,pauseflow,rapmaroc,bilal fariha,ahmedsabirireactionn,bnsnss,Ahmedsabiri Reaction,Reaction,ahmed sabiri | كشخة مكشوخة,speed dating in morroco,Tendence maroc,bnsns,#RapMaroc,#HipHop,elgrandetoto,Vira,viravs6win,Jamshow,SATOSHI KAMIYA - OUENZA (Official Lyric Videos),LA ZONE MAHKOM,7-TOUN Ft. LFERDA,7-TOUN,LFERDA,Moroccan Hip Hop",22,"People & Blogs","Hip_hop_music,Music",PT25M12S,1512,2d,hd,false,en,ar,https://i.ytimg.com/vi/lHJ6pTVTH1A/maxresdefault.jpg,1,,,,,561814,48819,,0,3294
81,UCC4PkXCup_rjEjyGfsYYmpg," Ahmed Sabiri 2.0 ",idhHEnDb7u4,2024-12-04T17:33:44Z,"2024-12-04 17:33:44","Ahmedsabiri Reaction - واش ممكن دوز نهار كاملب 0 درهم في المغرب ؟","Live f Kick Koula nhar m3a 22.00 h derbou follow lets goooo https://kick.com/ahmedsabiri Chaine Gaming : https://www.youtube.com/channel/UCpon9Ts3C30ykOnVHHkqCQQ For businesses and collab : ahmedsabiri.contact@gmail.com ✨Join my Social Media Discord ! https://discord.gg/VvADgpxfKS Instagram: https://www.instagram.com/ahmedsaabiri/ TikTok https://www.tiktok.com/@ahmedsaabiri Page FACEBOOK https://www.facebook.com/Ahmedsaabiri0","ahmedsabiri,bilal fariha with sabiri,storytime,sabiri,ahmedsabiristory,ahmedsabiritwitch,ahmedsabirivlog,Ahmed Sabiri | كشخة مكشوخة,clash,pause,pauseflow,rapmaroc,bilal fariha,ahmedsabirireactionn,bnsnss,Ahmedsabiri Reaction,Reaction,ahmed sabiri | كشخة مكشوخة,speed dating in morroco,Tendence maroc,bnsns,#RapMaroc,#HipHop,elgrandetoto,Vira,viravs6win,Jamshow,ilyas elmaliki vs sabiri إلياس المالكي وأحمد الصابيري,raja vs omar",22,"People & Blogs",,PT31M36S,1896,2d,hd,false,ar,ar,https://i.ytimg.com/vi/idhHEnDb7u4/maxresdefault.jpg,,,,,,755734,30230,,0,1049
82,UCC4PkXCup_rjEjyGfsYYmpg," Ahmed Sabiri 2.0 ",kOci4fp3E34,2024-12-02T17:27:30Z,"2024-12-02 17:27:30","Ahmedsabiri Reaction -- Pause feat Kolchi artist - PROD BY TEASLAX )","Live f Kick Koula nhar m3a 22.00 h derbou follow lets goooo https://kick.com/ahmedsabiri Chaine Gaming : https://www.youtube.com/channel/UCpon9Ts3C30ykOnVHHkqCQQ For businesses and collab : ahmedsabiri.contact@gmail.com ✨Join my Social Media Discord ! https://discord.gg/VvADgpxfKS Instagram: https://www.instagram.com/ahmedsaabiri/ TikTok https://www.tiktok.com/@ahmedsaabiri Page FACEBOOK https://www.facebook.com/Ahmedsaabiri0 Hall of the Mountain King de Kevin MacLeod fait l'objet d'une licence Creative Commons Attribution 4.0. https://creativecommons.org/licenses/by/4.0/","ahmedsabiri,storytime,ahmadsabiri,sabiri,ahmedsabiristory,ahmedsabiritwitch,ahmedsabirivlog,Ahmed Sabiri | كشخة مكشوخة,كشخة مكشوخة,clash,pause,pauseflow,rapmaroc,rapclashe,Morphinevspause,clashdollypran,clashbabygang,clashfigoshine,shobbe,mad,shayfeen,pause clash muslim,ahmedsabiripodcat,pause flow reaction,ahmedsabirireactionn,smallxvspause,clashmorphine,clahsrapmaroc,pauseflowzanda,ep112,clash ily,pause flow morphine,pauselashtoto,toto,Pause feat Kolchi artist - PROD BY TEASLAX )",22,"People & Blogs","Hip_hop_music,Music",PT19M30S,1170,2d,hd,false,fr,ar,https://i.ytimg.com/vi/kOci4fp3E34/maxresdefault.jpg,1,,,,,288139,23556,,0,1598
83,UCC4PkXCup_rjEjyGfsYYmpg," Ahmed Sabiri 2.0 ",q7g29C39bfk,2024-12-01T13:28:53Z,"2024-12-01 13:28:53","Ahmedsabiri Reaction -😂😂 ميستر كبيدة عندو هرمون توستسترون طالع","Live f Kick Koula nhar m3a 22.00 h derbou follow lets goooo https://kick.com/ahmedsabiri Chaine Gaming : https://www.youtube.com/channel/UCpon9Ts3C30ykOnVHHkqCQQ For businesses and collab : ahmedsabiri.contact@gmail.com ✨Join my Social Media Discord ! https://discord.gg/VvADgpxfKS Instagram: https://www.instagram.com/ahmedsaabiri/ TikTok https://www.tiktok.com/@ahmedsaabiri Page FACEBOOK https://www.facebook.com/Ahmedsaabiri0","ahmedsabiri,bilal fariha with sabiri,storytime,sabiri,ahmedsabiristory,ahmedsabiritwitch,ahmedsabirivlog,Ahmed Sabiri | كشخة مكشوخة,clash,pause,pauseflow,rapmaroc,bilal fariha,ahmedsabirireactionn,bnsnss,Ahmedsabiri Reaction,Reaction,ahmed sabiri | كشخة مكشوخة,speed dating in morroco,Tendence maroc,bnsns,#RapMaroc,#HipHop,elgrandetoto,Vira,viravs6win,Jamshow,ilyas elmaliki vs sabiri إلياس المالكي وأحمد الصابيري,raja vs omar",22,"People & Blogs",Entertainment,PT36M48S,2208,2d,hd,false,ar,ar,https://i.ytimg.com/vi/q7g29C39bfk/maxresdefault.jpg,1,,,,,748671,29493,,0,1145
84,UCC4PkXCup_rjEjyGfsYYmpg," Ahmed Sabiri 2.0 ",wFoxOaqvF2c,2024-11-30T15:05:40Z,"2024-11-30 15:05:40","Ahmedsabiri Reaction Bnsns - 😰😱😨بننسنس لقا جن على هيأة قط أسود","Live f Kick Koula nhar m3a 22.00 h derbou follow lets goooo https://kick.com/ahmedsabiri Chaine Gaming : https://www.youtube.com/channel/UCpon9Ts3C30ykOnVHHkqCQQ For businesses and collab : ahmedsabiri.contact@gmail.com ✨Join my Social Media Discord ! https://discord.gg/VvADgpxfKS Instagram: https://www.instagram.com/ahmedsaabiri/ TikTok https://www.tiktok.com/@ahmedsaabiri Page FACEBOOK https://www.facebook.com/Ahmedsaabiri0","ahmedsabiri,bilal fariha with sabiri,storytime,sabiri,ahmedsabiristory,ahmedsabiritwitch,ahmedsabirivlog,Ahmed Sabiri | كشخة مكشوخة,clash,pause,pauseflow,rapmaroc,bilal fariha,ahmedsabirireactionn,bnsnss,Ahmedsabiri Reaction,Reaction,ahmed sabiri | كشخة مكشوخة,speed dating in morroco,Tendence maroc,bnsns,#RapMaroc,#HipHop,elgrandetoto,Vira,viravs6win,Jamshow,SATOSHI KAMIYA - OUENZA (Official Lyric Videos),ilyas elmaliki vs sabiri إلياس المالكي وأحمد الصابيري",22,"People & Blogs",,PT41M30S,2490,2d,hd,false,en,ar,https://i.ytimg.com/vi/wFoxOaqvF2c/maxresdefault.jpg,,,,,,1271719,84890,,0,4319
85,UCC4PkXCup_rjEjyGfsYYmpg," Ahmed Sabiri 2.0 ",DCnGNet4Uh4,2024-11-28T15:37:58Z,"2024-11-28 15:37:58","Ahmedsabiri Reaction -- PAUSE FLOW - Interview Farouk Life","Live f Kick Koula nhar m3a 22.00 h derbou follow lets goooo https://kick.com/ahmedsabiri Chaine Gaming : https://www.youtube.com/channel/UCpon9Ts3C30ykOnVHHkqCQQ For businesses and collab : ahmedsabiri.contact@gmail.com ✨Join my Social Media Discord ! https://discord.gg/VvADgpxfKS Instagram: https://www.instagram.com/ahmedsaabiri/ TikTok https://www.tiktok.com/@ahmedsaabiri Page FACEBOOK https://www.facebook.com/Ahmedsaabiri0","ahmedsabiri,storytime,ahmadsabiri,sabiri,ahmedsabiristory,ahmedsabiritwitch,ahmedsabirivlog,Ahmed Sabiri | كشخة مكشوخة,كشخة مكشوخة,clash,pause,pauseflow,rapmaroc,rapclashe,Morphinevspause,clashdollypran,clashbabygang,clashfigoshine,shobbe,pause clash muslim,ahmedsabiripodcat,pause flow reaction,ahmedsabirireactionn,smallxvspause,clashmorphine,clahsrapmaroc,ep112,clash ily,pause flow morphine,pausevslmorphin,pauselashtoto,toto,112,pause interveiw,Farouklife,Iterview,pausevslmorphie",22,"People & Blogs",Entertainment,PT2H18M6S,1086,2d,hd,false,en,ar,https://i.ytimg.com/vi/DCnGNet4Uh4/maxresdefault.jpg,,,,,,459887,23701,,0,1029
86,UCC4PkXCup_rjEjyGfsYYmpg," Ahmed Sabiri 2.0 ",MJUnTzHmZFs,2024-11-19T21:13:51Z,"2024-11-19 21:13:51","Ahmedsabiri Reaction -- تا حنا المغرب ولا عندنا ميسي","Live f Kick Koula nhar m3a 22.00 h derbou follow lets goooo https://kick.com/ahmedsabiri Chaine Gaming : https://www.youtube.com/channel/UCpon9Ts3C30ykOnVHHkqCQQ For businesses and collab : ahmedsabiri.contact@gmail.com ✨Join my Social Media Discord ! https://discord.gg/VvADgpxfKS Instagram: https://www.instagram.com/ahmedsaabiri/ TikTok https://www.tiktok.com/@ahmedsaabiri Page FACEBOOK https://www.facebook.com/Ahmedsaabiri0 Hall of the Mountain King de Kevin MacLeod fait l'objet d'une licence Creative Commons Attribution 4.0. https://creativecommons.org/licenses/by/4.0/","ahmedsabiri,storytime,ahmadsabiri,sabiri,ahmedsabiristory,ahmedsabiritwitch,ahmedsabirivlog,Ahmed Sabiri | كشخة مكشوخة,كشخة مكشوخة,clash,pause,pauseflow,rapmaroc,rapclashe,Morphinevspause,clashdollypran,clashbabygang,clashfigoshine,shobbe,mad,shayfeen,pause clash muslim,ahmedsabiripodcat,pause flow reaction,ahmedsabirireactionn,smallxvspause,clashmorphine,clahsrapmaroc,pauseflowzanda,ep112,clash ily,pause flow morphine,pausevslmorphin,pauselashtoto,toto,Pause Doza (Bonus),112",22,"People & Blogs","Association_football,Sport",PT24M31S,1471,2d,hd,false,en,ar,https://i.ytimg.com/vi/MJUnTzHmZFs/maxresdefault.jpg,1,,,,,383116,19010,,0,797
87,UCC4PkXCup_rjEjyGfsYYmpg," Ahmed Sabiri 2.0 ",6p54NI04_0o,2024-11-18T12:39:44Z,"2024-11-18 12:39:44","Ahmedsabiri Reaction -- 😱 الأغنية المحدوفة Pause Doza - (Bonus)","Live f Kick Koula nhar m3a 22.00 h derbou follow lets goooo https://kick.com/ahmedsabiri Chaine Gaming : https://www.youtube.com/channel/UCpon9Ts3C30ykOnVHHkqCQQ For businesses and collab : ahmedsabiri.contact@gmail.com ✨Join my Social Media Discord ! https://discord.gg/VvADgpxfKS Instagram: https://www.instagram.com/ahmedsaabiri/ TikTok https://www.tiktok.com/@ahmedsaabiri Page FACEBOOK https://www.facebook.com/Ahmedsaabiri0 Hall of the Mountain King de Kevin MacLeod fait l'objet d'une licence Creative Commons Attribution 4.0. https://creativecommons.org/licenses/by/4.0/","ahmedsabiri,storytime,ahmadsabiri,sabiri,ahmedsabiristory,ahmedsabiritwitch,ahmedsabirivlog,Ahmed Sabiri | كشخة مكشوخة,كشخة مكشوخة,clash,pause,pauseflow,rapmaroc,rapclashe,Morphinevspause,clashdollypran,clashbabygang,clashfigoshine,shobbe,mad,shayfeen,pause clash muslim,ahmedsabiripodcat,pause flow reaction,ahmedsabirireactionn,smallxvspause,clashmorphine,clahsrapmaroc,pauseflowzanda,ep112,clash ily,pause flow morphine,pausevslmorphin,pauselashtoto,toto,Pause Doza (Bonus),112",22,"People & Blogs","Hip_hop_music,Music",PT27M22S,1642,2d,hd,false,fr,ar,https://i.ytimg.com/vi/6p54NI04_0o/maxresdefault.jpg,1,,,,,872038,51669,,0,3340
88,UCC4PkXCup_rjEjyGfsYYmpg," Ahmed Sabiri 2.0 ",uo6370UuU1c,2024-11-17T18:14:31Z,"2024-11-17 18:14:31","Ahmedsabiri Reaction -- Dizzy Dros x Spotify -- واش لعابة ديال المنتخب كيفهمو ف الراب","Live f Kick Koula nhar m3a 22.00 h derbou follow lets goooo https://kick.com/ahmedsabiri Chaine Gaming : https://www.youtube.com/channel/UCpon9Ts3C30ykOnVHHkqCQQ For businesses and collab : ahmedsabiri.contact@gmail.com ✨Join my Social Media Discord ! https://discord.gg/VvADgpxfKS Instagram: https://www.instagram.com/ahmedsaabiri/ TikTok https://www.tiktok.com/@ahmedsaabiri Page FACEBOOK https://www.facebook.com/Ahmedsaabiri0 Hall of the Mountain King de Kevin MacLeod fait l'objet d'une licence Creative Commons Attribution 4.0. https://creativecommons.org/licenses/by/4.0/","ahmedsabiri,storytime,ahmadsabiri,sabiri,ahmedsabiristory,ahmedsabiritwitch,ahmedsabirivlog,Ahmed Sabiri | كشخة مكشوخة,كشخة مكشوخة,clash,pause,pauseflow,rapmaroc,rapclashe,Morphinevspause,clashdollypran,clashbabygang,clashfigoshine,shobbe,mad,shayfeen,pause clash muslim,ahmedsabiripodcat,pause flow reaction,ahmedsabirireactionn,smallxvspause,clashmorphine,clahsrapmaroc,pauseflowzanda,ep112,clash ily,pause flow morphine,pauselashtoto,toto,Pause Doza (Bonus),Dizzy Dros x Spotify",22,"People & Blogs",Music,PT15M43S,943,2d,hd,false,fr,ar,https://i.ytimg.com/vi/uo6370UuU1c/maxresdefault.jpg,1,,,,,529599,23731,,0,690
89,UCC4PkXCup_rjEjyGfsYYmpg," Ahmed Sabiri 2.0 ",IgD9CzhHO0A,2024-11-11T18:02:39Z,"2024-11-11 18:02:39","Ahmedsabiri Reaction Moroccan Blind Dating 😮🤭 رجوع المواعدة العمياء","Live f Kick Koula nhar m3a 22.00 h derbou follow lets goooo https://kick.com/ahmedsabiri Chaine Gaming : https://www.youtube.com/channel/UCpon9Ts3C30ykOnVHHkqCQQ For businesses and collab : ahmedsabiri.contact@gmail.com ✨Join my Social Media Discord ! https://discord.gg/VvADgpxfKS Instagram: https://www.instagram.com/ahmedsaabiri/ TikTok https://www.tiktok.com/@ahmedsaabiri Page FACEBOOK https://www.facebook.com/Ahmedsaabiri0 Hall of the Mountain King de Kevin MacLeod fait l'objet d'une licence Creative Commons Attribution 4.0. https://creativecommons.org/licenses/by/4.0/","ahmedsabiri,storytime,sabiri,ahmedsabiristory,ahmedsabiritwitch,ahmedsabirivlog,Ahmed Sabiri | كشخة مكشوخة,كشخة مكشوخة,clash,rapmaroc,rapclashe,clashdollypran,clashbabygang,pause clash muslim,ahmedsabiripodcat,bilal fariha with sabiri,pause flow reaction,ahmedsabirireactionn,clashmorphine,bnsnss,ميمة,sawt,Ahmedsabiri Reaction,Reaction,Tendence,ahmed sabiri | كشخة مكشوخة,Speeddating,dating,speed dating in morroco,Blind dat,Kawaliss,Tendence maroc,Moroccan Blind Dating",22,"People & Blogs","Entertainment,Film",PT1H10M6S,606,2d,hd,false,fr,ar,https://i.ytimg.com/vi/IgD9CzhHO0A/maxresdefault.jpg,1,,,,,1375841,52547,,0,2388
90,UCC4PkXCup_rjEjyGfsYYmpg," Ahmed Sabiri 2.0 ",7eAlcj9OFI0,2024-10-24T18:07:16Z,"2024-10-24 18:07:16","Ahmed Sabiri MeMes 1- ------ 😂 lunch box سعدات الهاشمي بهاد","Live f Kick Koula nhar m3a 22.00 h derbou follow lets goooo https://kick.com/ahmedsabiri Chaine Gaming : https://www.youtube.com/channel/UCpon9Ts3C30ykOnVHHkqCQQ For businesses and collab : ahmedsabiri.contact@gmail.com ✨Join my Social Media Discord ! https://discord.gg/VvADgpxfKS Instagram: https://www.instagram.com/ahmedsaabiri/ TikTok https://www.tiktok.com/@ahmedsaabiri Page FACEBOOK https://www.facebook.com/Ahmedsaabiri0 Hall of the Mountain King de Kevin MacLeod fait l'objet d'une licence Creative Commons Attribution 4.0. https://creativecommons.org/licenses/by/4.0/","ahmedsabiri,storytime,sabiri,ahmedsabiristory,ahmedsabiritwitch,ahmedsabirivlog,Ahmed Sabiri | كشخة مكشوخة,clash,pause,pauseflow,rapmaroc,bilal fariha,ahmedsabirireactionn,bnsnss,Ahmedsabiri Reaction,Reaction,ahmed sabiri | كشخة مكشوخة,speed dating in morroco,Tendence maroc,bnsns,#RapMaroc,#HipHop,elgrandetoto,Vira,viravs6win,Jamshow,SATOSHI KAMIYA - OUENZA (Official Lyric Videos),LA ZONE MAHKOM,7-TOUN Ft. LFERDA,7-TOUN,LFERDA,Moroccan Hip Hop",22,"People & Blogs",,PT14M57S,897,2d,hd,false,fr,ar,https://i.ytimg.com/vi/7eAlcj9OFI0/maxresdefault.jpg,1,,,,,1100031,47006,,0,1217
91,UCC4PkXCup_rjEjyGfsYYmpg," Ahmed Sabiri 2.0 ",-rcCFfJajO8,2024-10-20T19:36:46Z,"2024-10-20 19:36:46","Ahmedsabiri Reaction 7-TOUN Ft. LFERDA - LA ZONE MAHKOMA 😂😂واش هذا كلاش ؟","Live f Kick Koula nhar m3a 22.00 h derbou follow lets goooo https://kick.com/ahmedsabiri Chaine Gaming : https://www.youtube.com/channel/UCpon9Ts3C30ykOnVHHkqCQQ For businesses and collab : ahmedsabiri.contact@gmail.com ✨Join my Social Media Discord ! https://discord.gg/VvADgpxfKS Instagram: https://www.instagram.com/ahmedsaabiri/ TikTok https://www.tiktok.com/@ahmedsaabiri Page FACEBOOK https://www.facebook.com/Ahmedsaabiri0","ahmedsabiri,bilal fariha with sabiri,storytime,sabiri,ahmedsabiristory,ahmedsabiritwitch,ahmedsabirivlog,Ahmed Sabiri | كشخة مكشوخة,clash,pause,pauseflow,rapmaroc,bilal fariha,ahmedsabirireactionn,bnsnss,Ahmedsabiri Reaction,Reaction,ahmed sabiri | كشخة مكشوخة,speed dating in morroco,Tendence maroc,bnsns,#RapMaroc,#HipHop,elgrandetoto,Vira,viravs6win,Jamshow,SATOSHI KAMIYA - OUENZA (Official Lyric Videos),LA ZONE MAHKOM,7-TOUN Ft. LFERDA,7-TOUN,LFERDA,Moroccan Hip Hop",22,"People & Blogs","Hip_hop_music,Music",PT14M18S,858,2d,hd,false,en,ar,https://i.ytimg.com/vi/-rcCFfJajO8/maxresdefault.jpg,,,,,,505958,45180,,0,2417
92,UCC4PkXCup_rjEjyGfsYYmpg," Ahmed Sabiri 2.0 ",fSolMJFIkrQ,2024-10-08T19:03:25Z,"2024-10-08 19:03:25","Ahmedsabiri Reaction Bnsns - 😨😱BNSNS كانت حتكون أخر مغامرة ل","Live f Kick Koula nhar m3a 22.00 h derbou follow lets goooo https://kick.com/ahmedsabiri Chaine Gaming : https://www.youtube.com/channel/UCpon9Ts3C30ykOnVHHkqCQQ For businesses and collab : ahmedsabiri.contact@gmail.com ✨Join my Social Media Discord ! https://discord.gg/VvADgpxfKS Instagram: https://www.instagram.com/ahmedsaabiri/ TikTok https://www.tiktok.com/@ahmedsaabiri Page FACEBOOK https://www.facebook.com/Ahmedsaabiri0","ahmedsabiri,bilal fariha with sabiri,storytime,sabiri,ahmedsabiristory,ahmedsabiritwitch,ahmedsabirivlog,Ahmed Sabiri | كشخة مكشوخة,clash,pause,pauseflow,rapmaroc,bilal fariha,ahmedsabirireactionn,bnsnss,Ahmedsabiri Reaction,Reaction,ahmed sabiri | كشخة مكشوخة,speed dating in morroco,Tendence maroc,bnsns,#RapMaroc,#HipHop,elgrandetoto,Vira,viravs6win,Jamshow,SATOSHI KAMIYA - OUENZA (Official Lyric Videos),ilyas elmaliki vs sabiri إلياس المالكي وأحمد الصابيري",22,"People & Blogs",,PT58M1S,3481,2d,hd,false,en,ar,https://i.ytimg.com/vi/fSolMJFIkrQ/maxresdefault.jpg,1,,,,,620067,35983,,0,3444
93,UCC4PkXCup_rjEjyGfsYYmpg," Ahmed Sabiri 2.0 ",0EIFT0muK44,2024-09-26T18:26:15Z,"2024-09-26 18:26:15","Ahmedsabiri Reaction Bnsns -بنسنس قرا كتاب شمس المعارف أو بيدير استحضار الجن 😨😱","Live f Kick Koula nhar m3a 22.00 h derbou follow lets goooo https://kick.com/ahmedsabiri Chaine Gaming : https://www.youtube.com/channel/UCpon9Ts3C30ykOnVHHkqCQQ For businesses and collab : ahmedsabiri.contact@gmail.com ✨Join my Social Media Discord ! https://discord.gg/VvADgpxfKS Instagram: https://www.instagram.com/ahmedsaabiri/ TikTok https://www.tiktok.com/@ahmedsaabiri Page FACEBOOK https://www.facebook.com/Ahmedsaabiri0","ahmedsabiri,bilal fariha with sabiri,storytime,sabiri,ahmedsabiristory,ahmedsabiritwitch,ahmedsabirivlog,Ahmed Sabiri | كشخة مكشوخة,clash,pause,pauseflow,rapmaroc,bilal fariha,ahmedsabirireactionn,bnsnss,Ahmedsabiri Reaction,Reaction,ahmed sabiri | كشخة مكشوخة,speed dating in morroco,Tendence maroc,bnsns,#RapMaroc,#HipHop,elgrandetoto,Vira,viravs6win,Jamshow,SATOSHI KAMIYA - OUENZA (Official Lyric Videos),ilyas elmaliki vs sabiri إلياس المالكي وأحمد الصابيري",22,"People & Blogs",,PT34M17S,2057,2d,hd,false,ar,ar,https://i.ytimg.com/vi/0EIFT0muK44/maxresdefault.jpg,1,,,,,1038110,55534,,0,4022
94,UCC4PkXCup_rjEjyGfsYYmpg," Ahmed Sabiri 2.0 ",-EGHRsPILTA,2024-09-14T18:26:30Z,"2024-09-14 18:26:30","Storytime 6 : 😭😭 تلاحت من الطابق التاني بسباب واحد الرسوم المتحركة","Live f Kick Koula nhar m3a 22.00 h derbou follow lets goooo https://kick.com/ahmedsabiri Chaine Gaming : https://www.youtube.com/channel/UCpon9Ts3C30ykOnVHHkqCQQ For businesses and collab : ahmedsabiri.contact@gmail.com ✨Join my Social Media Discord ! https://discord.gg/VvADgpxfKS Instagram: https://www.instagram.com/ahmedsaabiri/ TikTok https://www.tiktok.com/@ahmedsaabiri Page FACEBOOK https://www.facebook.com/Ahmedsaabiri0","ahmedsabiri,storytime,sabiri,ahmedsabiristory,ahmedsabiritwitch,ahmedsabirivlog,Ahmed Sabiri | كشخة مكشوخة,clash,pause,pauseflow,rapmaroc,ahmedsabirireactionn,bnsnss,Ahmedsabiri Reaction,Reaction,ahmed sabiri | كشخة مكشوخة,speed dating in morroco,Tendence maroc,bnsns,#RapMaroc,#HipHop,elgrandetoto,Vira,viravs6win,SATOSHI KAMIYA - OUENZA (Official Lyric Videos),ilyas elmaliki vs sabiri إلياس المالكي وأحمد الصابيري,Bnsns,reactionsabiri,sabiriahmed,sabirivslmalki,sabiristream",22,"People & Blogs",,PT32M22S,1942,2d,hd,false,ar,ar,https://i.ytimg.com/vi/-EGHRsPILTA/maxresdefault.jpg,1,,,,,413557,27655,,0,798
95,UCC4PkXCup_rjEjyGfsYYmpg," Ahmed Sabiri 2.0 ",aIeniTJ0drc,2024-09-02T15:27:51Z,"2024-09-02 15:27:51","Ahmedsabiri Reaction Bnsns - 😂😂 قبيلة بنسنس","Live f Kick Koula nhar m3a 22.00 h derbou follow lets goooo https://kick.com/ahmedsabiri Chaine Gaming : https://www.youtube.com/channel/UCpon9Ts3C30ykOnVHHkqCQQ For businesses and collab : ahmedsabiri.contact@gmail.com ✨Join my Social Media Discord ! https://discord.gg/VvADgpxfKS Instagram: https://www.instagram.com/ahmedsaabiri/ TikTok https://www.tiktok.com/@ahmedsaabiri Page FACEBOOK https://www.facebook.com/Ahmedsaabiri0","ahmedsabiri,storytime,sabiri,ahmedsabiristory,ahmedsabiritwitch,ahmedsabirivlog,Ahmed Sabiri | كشخة مكشوخة,clash,pause,pauseflow,rapmaroc,ahmedsabirireactionn,bnsnss,Ahmedsabiri Reaction,Reaction,ahmed sabiri | كشخة مكشوخة,speed dating in morroco,Tendence maroc,bnsns,#RapMaroc,#HipHop,elgrandetoto,Vira,viravs6win,SATOSHI KAMIYA - OUENZA (Official Lyric Videos),ilyas elmaliki vs sabiri إلياس المالكي وأحمد الصابيري,Bnsns,reactionsabiri,sabiriahmed,sabirivslmalki,sabiristream",22,"People & Blogs",Entertainment,PT33M39S,2019,2d,hd,false,en,ar,https://i.ytimg.com/vi/aIeniTJ0drc/maxresdefault.jpg,1,,,,,820678,48087,,0,1392
96,UCC4PkXCup_rjEjyGfsYYmpg," Ahmed Sabiri 2.0 ",V9wqD7ARWck,2024-08-19T15:20:26Z,"2024-08-19 15:20:26","Ahmedsabiri Reaction Bnsns - 😨بنسنس طلعات ليه الدنيا فراسو","Live f Kick Koula nhar m3a 22.00 h derbou follow lets goooo https://kick.com/ahmedsabiri Chaine Gaming : https://www.youtube.com/channel/UCpon9Ts3C30ykOnVHHkqCQQ For businesses and collab : ahmedsabiri.contact@gmail.com ✨Join my Social Media Discord ! https://discord.gg/VvADgpxfKS Instagram: https://www.instagram.com/ahmedsaabiri/ TikTok https://www.tiktok.com/@ahmedsaabiri Page FACEBOOK https://www.facebook.com/Ahmedsaabiri0","ahmedsabiri,bilal fariha with sabiri,storytime,sabiri,ahmedsabiristory,ahmedsabiritwitch,ahmedsabirivlog,Ahmed Sabiri | كشخة مكشوخة,clash,pause,pauseflow,rapmaroc,bilal fariha,ahmedsabirireactionn,bnsnss,Ahmedsabiri Reaction,Reaction,ahmed sabiri | كشخة مكشوخة,speed dating in morroco,Tendence maroc,bnsns,#RapMaroc,#HipHop,elgrandetoto,Vira,viravs6win,Jamshow,SATOSHI KAMIYA - OUENZA (Official Lyric Videos),ilyas elmaliki vs sabiri إلياس المالكي وأحمد الصابيري",22,"People & Blogs",Entertainment,PT52M52S,3172,2d,hd,false,en,ar,https://i.ytimg.com/vi/V9wqD7ARWck/maxresdefault.jpg,1,,,,,1198464,82019,,0,2165
97,UCC4PkXCup_rjEjyGfsYYmpg," Ahmed Sabiri 2.0 ",ailCccaR3mM,2024-08-09T16:23:56Z,"2024-08-09 16:23:56","فوز تاريخي للمنتخب المغربي ضد نضيره المصري والتتوبج بميدالية برونزية 🥉🇲🇦","Live f Kick Koula nhar m3a 21,30h derbou follow lets goooo https://kick.com/ahmedsabiri For businesses and collab : ahmedsabiri.contact@gmail.com Chaine Gaming : https://www.youtube.com/channel/UCpon9Ts3C30ykOnVHHkqCQQ ✨Join my Social Media Discord ! https://discord.gg/VvADgpxfKS Instagram: https://www.instagram.com/ahmedsaabiri/ TikTok https://www.tiktok.com/@ahmedsaabiri Page FACEBOOK https://www.facebook.com/Ahmedsaabiri0","ahmedsabiri,bilal fariha with sabiri,storytime,sabiri,ahmedsabiristory,ahmedsabiritwitch,ahmedsabirivlog,Ahmed Sabiri | كشخة مكشوخة,clash,pause,pauseflow,rapmaroc,bilal fariha,ahmedsabirireactionn,bnsnss,Ahmedsabiri Reaction,Reaction,ahmed sabiri | كشخة مكشوخة,speed dating in morroco,Tendence maroc,bnsns,#Jamshow,#RapMaroc,#HipHop,VIRA - Machi TV,elgrandetoto,Vira,viravs6win,Jamshow,6-0,maroc vs egypte",22,"People & Blogs",Sport,PT29M36S,1776,2d,hd,false,ar,ar,https://i.ytimg.com/vi/ailCccaR3mM/maxresdefault.jpg,1,,,,,334797,14309,,0,6690
98,UCC4PkXCup_rjEjyGfsYYmpg," Ahmed Sabiri 2.0 ",ITd8wMvoZEs,2024-08-06T16:47:11Z,"2024-08-06 16:47:11","أجواء و حزن خسارة المنتخب المغربي ضد المنتخب الإسباني في نصف نهائي الألمبياة بباريس 🥺 MA","Live f Kick Koula nhar m3a 21,30h derbou follow lets goooo https://kick.com/ahmedsabiri For businesses and collab : ahmedsabiri.contact@gmail.com Chaine Gaming : https://www.youtube.com/channel/UCpon9Ts3C30ykOnVHHkqCQQ ✨Join my Social Media Discord ! https://discord.gg/VvADgpxfKS Instagram: https://www.instagram.com/ahmedsaabiri/ TikTok https://www.tiktok.com/@ahmedsaabiri Page FACEBOOK https://www.facebook.com/Ahmedsaabiri0","ahmedsabiri,bilal fariha with sabiri,storytime,sabiri,ahmedsabiristory,ahmedsabiritwitch,ahmedsabirivlog,Ahmed Sabiri | كشخة مكشوخة,clash,pause,pauseflow,rapmaroc,bilal fariha,ahmedsabirireactionn,bnsnss,Ahmedsabiri Reaction,Reaction,ahmed sabiri | كشخة مكشوخة,speed dating in morroco,Tendence maroc,bnsns,#Jamshow,#RapMaroc,#HipHop,VIRA - Machi TV,elgrandetoto,Vira,viravs6win,Jamshow,MAROC VS SPAIN,olympics,MAROC OLYMPICS",22,"People & Blogs","Association_football,Sport",PT31M,1860,2d,hd,false,ar,ar,https://i.ytimg.com/vi/ITd8wMvoZEs/maxresdefault.jpg,1,,,,,115978,5726,,0,421
99,UCC4PkXCup_rjEjyGfsYYmpg," Ahmed Sabiri 2.0 ",ESfgb68j78Y,2024-08-03T18:55:34Z,"2024-08-03 18:55:34","أجواء وفرحة تأهل المنتخب المغربي لنصف نهائي الألمبياة بباريس 😍 MA","Live f Kick Koula nhar m3a 21,30h derbou follow lets goooo https://kick.com/ahmedsabiri For businesses and collab : ahmedsabiri.contact@gmail.com Chaine Gaming : https://www.youtube.com/channel/UCpon9Ts3C30ykOnVHHkqCQQ ✨Join my Social Media Discord ! https://discord.gg/VvADgpxfKS Instagram: https://www.instagram.com/ahmedsaabiri/ TikTok https://www.tiktok.com/@ahmedsaabiri Page FACEBOOK https://www.facebook.com/Ahmedsaabiri0","ahmedsabiri,bilal fariha with sabiri,storytime,sabiri,ahmedsabiristory,ahmedsabiritwitch,ahmedsabirivlog,Ahmed Sabiri | كشخة مكشوخة,clash,pause,pauseflow,rapmaroc,bilal fariha,ahmedsabirireactionn,bnsnss,Ahmedsabiri Reaction,Reaction,ahmed sabiri | كشخة مكشوخة,speed dating in morroco,Tendence maroc,bnsns,#Jamshow,#RapMaroc,#HipHop,VIRA - Machi TV,elgrandetoto,Vira,viravs6win,Jamshow,SATOSHI KAMIYA - OUENZA (Official Lyric Videos),Diib - Origami P01 (Prod by 88 Young)",22,"People & Blogs","Association_football,Sport",PT25M42S,1542,2d,hd,false,ar,ar,https://i.ytimg.com/vi/ESfgb68j78Y/maxresdefault.jpg,1,,,,,383525,16302,,0,606
100,UCC4PkXCup_rjEjyGfsYYmpg," Ahmed Sabiri 2.0 ",S1er5HtfWLM,2024-07-20T20:07:36Z,"2024-07-20 20:07:36","Ahmed sabiri Vlog 🇲🇦 أجواء عاشوراء في مراكش","Live f Kick Koula nhar m3a 21,30h derbou follow lets goooo https://kick.com/ahmedsabiri For businesses and collab : ahmedsabiri.contact@gmail.com Chaine Gaming : https://www.youtube.com/channel/UCpon9Ts3C30ykOnVHHkqCQQ ✨Join my Social Media Discord ! https://discord.gg/VvADgpxfKS Instagram: https://www.instagram.com/ahmedsaabiri/ TikTok https://www.tiktok.com/@ahmedsaabiri Page FACEBOOK https://www.facebook.com/Ahmedsaabiri0","ahmedsabiri,bilal fariha with sabiri,storytime,sabiri,ahmedsabiristory,ahmedsabiritwitch,ahmedsabirivlog,Ahmed Sabiri | كشخة مكشوخة,clash,pause,pauseflow,rapmaroc,bilal fariha,ahmedsabirireactionn,bnsnss,Ahmedsabiri Reaction,Reaction,ahmed sabiri | كشخة مكشوخة,speed dating in morroco,Tendence maroc,bnsns,#Jamshow,#RapMaroc,#HipHop,VIRA - Machi TV,elgrandetoto,Vira,viravs6win,Jamshow,SATOSHI KAMIYA - OUENZA (Official Lyric Videos),Diib - Origami P01 (Prod by 88 Young)",22,"People & Blogs",Lifestyle_(sociology),PT31M24S,1884,2d,hd,false,en,ar,https://i.ytimg.com/vi/S1er5HtfWLM/maxresdefault.jpg,1,,,,,315579,15212,,0,649
101,UCC4PkXCup_rjEjyGfsYYmpg," Ahmed Sabiri 2.0 ",kvyH5NigKok,2024-07-16T22:22:52Z,"2024-07-16 22:22:52","Ahmedsabiri Reaction Bnsns - 🤦‍♂️ شد عاوا🦩عمرها بؤريو","Live f Kick Koula nhar m3a 21,30h derbou follow lets goooo https://kick.com/ahmedsabiri For businesses and collab : ahmedsabiri.contact@gmail.com Chaine Gaming : https://www.youtube.com/channel/UCpon9Ts3C30ykOnVHHkqCQQ ✨Join my Social Media Discord ! https://discord.gg/VvADgpxfKS Instagram: https://www.instagram.com/ahmedsaabiri/ TikTok https://www.tiktok.com/@ahmedsaabiri Page FACEBOOK https://www.facebook.com/Ahmedsaabiri0","ahmedsabiri,bilal fariha with sabiri,storytime,sabiri,ahmedsabiristory,ahmedsabiritwitch,ahmedsabirivlog,Ahmed Sabiri | كشخة مكشوخة,clash,pause,pauseflow,rapmaroc,bilal fariha,ahmedsabirireactionn,bnsnss,Ahmedsabiri Reaction,Reaction,ahmed sabiri | كشخة مكشوخة,speed dating in morroco,Tendence maroc,bnsns,#Jamshow,#RapMaroc,#HipHop,VIRA - Machi TV,elgrandetoto,Vira,viravs6win,Jamshow,SATOSHI KAMIYA - OUENZA (Official Lyric Videos),Diib - Origami P01 (Prod by 88 Young)",22,"People & Blogs",Entertainment,PT53M39S,3219,2d,hd,false,en,ar,https://i.ytimg.com/vi/kvyH5NigKok/maxresdefault.jpg,1,,,,,634160,33584,,0,2082
102,UCC4PkXCup_rjEjyGfsYYmpg," Ahmed Sabiri 2.0 ",S3bEegbrWvQ,2024-07-16T18:06:14Z,"2024-07-16 18:06:14","Ahmedsabiri Réaction Blind Date 😂 النسخة المغربية بحضور الشينوي","Live f Kick Koula nhar m3a 21,30h derbou follow lets goooo https://kick.com/ahmedsabiri For businesses and collab : ahmedsabiri.contact@gmail.com Chaine Gaming : https://www.youtube.com/channel/UCpon9Ts3C30ykOnVHHkqCQQ ✨Join my Social Media Discord ! https://discord.gg/VvADgpxfKS Instagram: https://www.instagram.com/ahmedsaabiri/ TikTok https://www.tiktok.com/@ahmedsaabiri Page FACEBOOK https://www.facebook.com/Ahmedsaabiri0",,10,Music,Entertainment,PT1H45M11S,2711,2d,hd,false,en,ar,https://i.ytimg.com/vi/S3bEegbrWvQ/maxresdefault.jpg,1,,,,,725960,38318,,0,2544
103,UCC4PkXCup_rjEjyGfsYYmpg," Ahmed Sabiri 2.0 ",M-4AR7rpIow,2024-07-12T22:17:37Z,"2024-07-12 22:17:37","Ahmedsabiri - 24M (Official Disstrack Audio )","Live f Kick Koula nhar m3a 21,30h derbou follow lets goooo https://kick.com/ahmedsabiri For businesses and collab : ahmedsabiri.contact@gmail.com Chaine Gaming : https://www.youtube.com/channel/UCpon9Ts3C30ykOnVHHkqCQQ ✨Join my Social Media Discord ! https://discord.gg/VvADgpxfKS Instagram: https://www.instagram.com/ahmedsaabiri/ TikTok https://www.tiktok.com/@ahmedsaabiri Page FACEBOOK https://www.facebook.com/Ahmedsaabiri0","ahmedsabiri,bilal fariha with sabiri,storytime,sabiri,ahmedsabiristory,ahmedsabiritwitch,ahmedsabirivlog,Ahmed Sabiri | كشخة مكشوخة,clash,pause,pauseflow,rapmaroc,ahmedsabirireactionn,Ahmedsabiri Reaction,Reaction,ahmed sabiri | كشخة مكشوخة,Tendence maroc,#Jamshow,#RapMaroc,#HipHop,Vira,viravs6win,Jamshow,Diib - Origami P01 (Prod by 88 Young),lmorhpine,LMORPHINE,EP LMORPHINE,CLASH LMORPHINE,L’Morphine - YAKINE ( Review & reaction ),shayfeen,shobe,shobee,SHOBEE FULL STREAM",10,Music,"Hip_hop_music,Music",PT1M51S,111,2d,hd,false,en,ar,https://i.ytimg.com/vi/M-4AR7rpIow/maxresdefault.jpg,,,,,,460530,48303,,0,6468
104,UCC4PkXCup_rjEjyGfsYYmpg," Ahmed Sabiri 2.0 ",IaDVlLq1y34,2024-06-28T19:12:23Z,"2024-06-28 19:12:23","Ahmedsabiri Reaction L’Morphine - YAKINE ( Review & reaction )","Live f Kick Koula nhar m3a 21,30h derbou follow lets goooo https://kick.com/ahmedsabiri For businesses and collab : ahmedsabiri.contact@gmail.com Chaine Gaming : https://www.youtube.com/channel/UCpon9Ts3C30ykOnVHHkqCQQ ✨Join my Social Media Discord ! https://discord.gg/VvADgpxfKS Instagram: https://www.instagram.com/ahmedsaabiri/ TikTok https://www.tiktok.com/@ahmedsaabiri Page FACEBOOK https://www.facebook.com/Ahmedsaabiri0","ahmedsabiri,bilal fariha with sabiri,storytime,sabiri,ahmedsabiristory,ahmedsabiritwitch,ahmedsabirivlog,Ahmed Sabiri | كشخة مكشوخة,clash,pause,pauseflow,rapmaroc,ahmedsabirireactionn,Ahmedsabiri Reaction,Reaction,ahmed sabiri | كشخة مكشوخة,Tendence maroc,#Jamshow,#RapMaroc,#HipHop,VIRA - Machi TV,elgrandetoto,Vira,viravs6win,Jamshow,Diib - Origami P01 (Prod by 88 Young),lmorhpine,LMORPHINE,EP LMORPHINE,CLASH LMORPHINE,L’Morphine - YAKINE ( Review & reaction )",22,"People & Blogs","Hip_hop_music,Music",PT1H27M8S,1628,2d,hd,false,en,ar,https://i.ytimg.com/vi/IaDVlLq1y34/maxresdefault.jpg,,,,,,428463,24133,,0,1444
105,UCC4PkXCup_rjEjyGfsYYmpg," Ahmed Sabiri 2.0 ",AXaywKQDTkE,2024-06-23T15:36:50Z,"2024-06-23 15:36:50","Ahmedsabiri Reaction Bnsns - 😱 بنسنس خرج على سيطرة","Live f Kick Koula nhar m3a 21,30h derbou follow lets goooo https://kick.com/ahmedsabiri For businesses and collab : ahmedsabiri.contact@gmail.com Chaine Gaming : https://www.youtube.com/channel/UCpon9Ts3C30ykOnVHHkqCQQ ✨Join my Social Media Discord ! https://discord.gg/VvADgpxfKS Instagram: https://www.instagram.com/ahmedsaabiri/ TikTok https://www.tiktok.com/@ahmedsaabiri Page FACEBOOK https://www.facebook.com/Ahmedsaabiri0","ahmedsabiri,bilal fariha with sabiri,storytime,sabiri,ahmedsabiristory,ahmedsabiritwitch,ahmedsabirivlog,Ahmed Sabiri | كشخة مكشوخة,clash,pause,pauseflow,rapmaroc,bilal fariha,ahmedsabirireactionn,bnsnss,Ahmedsabiri Reaction,Reaction,ahmed sabiri | كشخة مكشوخة,speed dating in morroco,Tendence maroc,bnsns,#Jamshow,#RapMaroc,#HipHop,VIRA - Machi TV,elgrandetoto,Vira,viravs6win,Jamshow,SATOSHI KAMIYA - OUENZA (Official Lyric Videos),Diib - Origami P01 (Prod by 88 Young)",22,"People & Blogs",,PT1H9M6S,546,2d,hd,false,en,ar,https://i.ytimg.com/vi/AXaywKQDTkE/maxresdefault.jpg,1,,,,,830483,48440,,0,2575
106,UCC4PkXCup_rjEjyGfsYYmpg," Ahmed Sabiri 2.0 ",GaU-4fLaK_c,2024-06-22T18:02:10Z,"2024-06-22 18:02:10","متلت المغرب في بطولة ألمانية بقميص المغرب Bayer 04 Leverkusen 😍🙌","stream koula hat F Kick m3a 21.00h bjegh lien https://kick.com/ahmedsabiri For businesses and collab : ahmedsabiri.contact@gmail.com Chaine Gaming : https://www.youtube.com/channel/UCpon9Ts3C30ykOnVHHkqCQQ ✨Join my Social Media Discord ! https://discord.gg/VvADgpxfKS Instagram: https://www.instagram.com/ahmedsaabiri/ TikTok https://www.tiktok.com/@ahmedsaabiri Page FACEBOOK","ahmedsabiri,bilal fariha with sabiri,storytime,sabiri,ahmedsabiristory,ahmedsabiritwitch,ahmedsabirivlog,Ahmed Sabiri | كشخة مكشوخة,clash,pause,pauseflow,rapmaroc,bnsnss,Ahmedsabiri Reaction,Reaction,ahmed sabiri | كشخة مكشوخة,speed dating in morroco,Tendence maroc,bnsns,#Jamshow,#RapMaroc,#HipHop,VIRA - Machi TV,elgrandetoto,Vira,viravs6win,Jamshow,SATOSHI KAMIYA - OUENZA (Official Lyric Videos),Diib - Origami P01 (Prod by 88 Young),VIRA - SLABA ( Prod by ‪@teekaymadethis‬ )",22,"People & Blogs","Association_football,Lifestyle_(sociology)",PT20M27S,1227,2d,hd,false,fr,ar,https://i.ytimg.com/vi/GaU-4fLaK_c/maxresdefault.jpg,1,,,,,119092,9323,,0,356
107,UCC4PkXCup_rjEjyGfsYYmpg," Ahmed Sabiri 2.0 ",xcl1PHUSoxE,2024-06-14T20:47:21Z,"2024-06-14 20:47:21","Ahmedsabiri Reaction - شكون لي ربح هاد لكلاش فنضرم ديب ولا وينزا ؟","Drbo Folow F Kick https://kick.com/ahmedsabiri For businesses and collab : ahmedsabiri.contact@gmail.com Chaine Gaming : https://www.youtube.com/channel/UCpon9Ts3C30ykOnVHHkqCQQ ✨Join my Social Media Discord ! https://discord.gg/VvADgpxfKS Instagram: https://www.instagram.com/ahmedsaabiri/ TikTok https://www.tiktok.com/@ahmedsaabiri Page FACEBOOK https://www.facebook.com/Ahmedsaabiri0","ahmedsabiri,bilal fariha with sabiri,storytime,sabiri,ahmedsabiristory,ahmedsabiritwitch,ahmedsabirivlog,clash,pause,pauseflow,rapmaroc,bnsnss,Ahmedsabiri Reaction,Reaction,ahmed sabiri | كشخة مكشوخة,speed dating in morroco,Tendence maroc,bnsns,#Jamshow,#RapMaroc,#HipHop,VIRA - Machi TV,elgrandetoto,Vira,viravs6win,Jamshow,SATOSHI KAMIYA - OUENZA (Official Lyric Videos),Diib - Origami P01 (Prod by 88 Young),VIRA - SLABA ( Prod by ‪@teekaymadethis‬ ),Diib",22,"People & Blogs",Hip_hop_music,PT43M19S,2599,2d,hd,false,ar,ar,https://i.ytimg.com/vi/xcl1PHUSoxE/maxresdefault.jpg,1,,,,,120547,8270,,0,512
108,UCC4PkXCup_rjEjyGfsYYmpg," Ahmed Sabiri 2.0 ",JxP8mB-F8ek,2024-06-14T15:36:59Z,"2024-06-14 15:36:59","Ahmedsabiri Reaction & Review 7liwa Ft. L'morphine - Kakashi (Official Lyrics Video)","Live f Kick Koula nhar m3a 21,30h derbou follow lets goooo https://kick.com/ahmedsabiri For businesses and collab : ahmedsabiri.contact@gmail.com Chaine Gaming : https://www.youtube.com/channel/UCpon9Ts3C30ykOnVHHkqCQQ ✨Join my Social Media Discord ! https://discord.gg/VvADgpxfKS Instagram: https://www.instagram.com/ahmedsaabiri/ TikTok https://www.tiktok.com/@ahmedsaabiri Page FACEBOOK https://www.facebook.com/Ahmedsaabiri0","ahmedsabiri,bilal fariha with sabiri,storytime,sabiri,ahmedsabiristory,ahmedsabiritwitch,ahmedsabirivlog,Ahmed Sabiri | كشخة مكشوخة,clash,pause,pauseflow,rapmaroc,bilal fariha,ahmedsabirireactionn,bnsnss,Ahmedsabiri Reaction,Reaction,ahmed sabiri | كشخة مكشوخة,speed dating in morroco,Tendence maroc,bnsns,#Jamshow,#RapMaroc,#HipHop,VIRA - Machi TV,elgrandetoto,Vira,viravs6win,Jamshow,SATOSHI KAMIYA - OUENZA (Official Lyric Videos),Diib - Origami P01 (Prod by 88 Young)",22,"People & Blogs","Hip_hop_music,Music",PT40M20S,2420,2d,hd,false,en,ar,https://i.ytimg.com/vi/JxP8mB-F8ek/maxresdefault.jpg,1,,,,,359833,22958,,0,1351
109,UCC4PkXCup_rjEjyGfsYYmpg," Ahmed Sabiri 2.0 ",ooA6qxZoPSY,2024-06-14T10:30:44Z,"2024-06-14 10:30:44","Ahmedsabiri Reaction - VIRA - SLABA ( Prod by ‪@teekaymadethis‬ )","Drbo Folow F Kick https://kick.com/ahmedsabiri For businesses and collab : ahmedsabiri.contact@gmail.com Chaine Gaming : https://www.youtube.com/channel/UCpon9Ts3C30ykOnVHHkqCQQ ✨Join my Social Media Discord ! https://discord.gg/VvADgpxfKS Instagram: https://www.instagram.com/ahmedsaabiri/ TikTok https://www.tiktok.com/@ahmedsaabiri Page FACEBOOK https://www.facebook.com/Ahmedsaabiri0","ahmedsabiri,bilal fariha with sabiri,storytime,sabiri,ahmedsabiristory,ahmedsabiritwitch,ahmedsabirivlog,Ahmed Sabiri | كشخة مكشوخة,clash,pause,pauseflow,rapmaroc,bnsnss,Ahmedsabiri Reaction,Reaction,ahmed sabiri | كشخة مكشوخة,speed dating in morroco,Tendence maroc,bnsns,#Jamshow,#RapMaroc,#HipHop,VIRA - Machi TV,elgrandetoto,Vira,viravs6win,Jamshow,SATOSHI KAMIYA - OUENZA (Official Lyric Videos),Diib - Origami P01 (Prod by 88 Young),VIRA - SLABA ( Prod by ‪@teekaymadethis‬ )",22,"People & Blogs","Hip_hop_music,Music",PT20M23S,1223,2d,hd,false,en,ar,https://i.ytimg.com/vi/ooA6qxZoPSY/maxresdefault.jpg,1,,,,,249277,21276,,0,3086
110,UCC4PkXCup_rjEjyGfsYYmpg," Ahmed Sabiri 2.0 ",tPnCJRV8Bqw,2024-06-12T20:00:54Z,"2024-06-12 20:00:54","Ahmedsabiri Reaction 😨 كلاشاني وانزة أنا أو ديب ناري أش قال لنا","Drbo Folow F Kick https://kick.com/ahmedsabiri For businesses and collab : ahmedsabiri.contact@gmail.com Chaine Gaming : https://www.youtube.com/channel/UCpon9Ts3C30ykOnVHHkqCQQ ✨Join my Social Media Discord ! https://discord.gg/VvADgpxfKS Instagram: https://www.instagram.com/ahmedsaabiri/ TikTok https://www.tiktok.com/@ahmedsaabiri Page FACEBOOK https://www.facebook.com/Ahmedsaabiri0","ahmedsabiri,bilal fariha with sabiri,storytime,sabiri,ahmedsabiristory,ahmedsabiritwitch,ahmedsabirivlog,Ahmed Sabiri | كشخة مكشوخة,clash,pause,pauseflow,rapmaroc,bilal fariha,ahmedsabirireactionn,bnsnss,Ahmedsabiri Reaction,Reaction,ahmed sabiri | كشخة مكشوخة,speed dating in morroco,Tendence maroc,bnsns,#Jamshow,#RapMaroc,#HipHop,VIRA - Machi TV,elgrandetoto,Vira,viravs6win,Jamshow,SATOSHI KAMIYA - OUENZA (Official Lyric Videos),Diib - Origami P01 (Prod by 88 Young)",22,"People & Blogs",Hip_hop_music,PT25M11S,1511,2d,hd,false,ar,ar,https://i.ytimg.com/vi/tPnCJRV8Bqw/maxresdefault.jpg,1,,,,,192099,14566,,0,592
111,UCC4PkXCup_rjEjyGfsYYmpg," Ahmed Sabiri 2.0 ",Fzw6L1lpdqc,2024-06-12T16:31:41Z,"2024-06-12 16:31:41","Ahmedsabiri Reaction - Jam Show Final PRIME 6 واش استاهل اديها ؟","Drbo Folow F Kick https://kick.com/ahmedsabiri For businesses and collab : ahmedsabiri.contact@gmail.com Chaine Gaming : https://www.youtube.com/channel/UCpon9Ts3C30ykOnVHHkqCQQ ✨Join my Social Media Discord ! https://discord.gg/VvADgpxfKS Instagram: https://www.instagram.com/ahmedsaabiri/ TikTok https://www.tiktok.com/@ahmedsaabiri Page FACEBOOK https://www.facebook.com/Ahmedsaabiri0","ahmedsabiri,bilal fariha with sabiri,storytime,sabiri,ahmedsabiristory,ahmedsabiritwitch,ahmedsabirivlog,Ahmed Sabiri | كشخة مكشوخة,clash,pause,pauseflow,rapmaroc,bilal fariha,ahmedsabirireactionn,bnsnss,Ahmedsabiri Reaction,Reaction,ahmed sabiri | كشخة مكشوخة,speed dating in morroco,Tendence maroc,bnsns,#Jamshow,#RapMaroc,#HipHop,VIRA - Machi TV,elgrandetoto,Vira,viravs6win,Jamshow,SATOSHI KAMIYA - OUENZA (Official Lyric Videos),Diib - Origami P01 (Prod by 88 Young)",22,"People & Blogs","Entertainment,Hip_hop_music",PT1H14M39S,879,2d,hd,false,en,ar,https://i.ytimg.com/vi/Fzw6L1lpdqc/maxresdefault.jpg,1,,,,,270772,14005,,0,521
112,UCC4PkXCup_rjEjyGfsYYmpg," Ahmed Sabiri 2.0 ",bA6lSHb9Gkk,2024-06-08T21:01:03Z,"2024-06-08 21:01:03","Ahmedsabiri Réaction - ما هو سبب تراجع مستوى المنتخب الغربي بعد كأس العالم ؟","Drbo Folow F Kick https://kick.com/ahmedsabiri For businesses and collab : ahmedsabiri.contact@gmail.com Chaine Gaming : https://www.youtube.com/channel/UCpon9Ts3C30ykOnVHHkqCQQ ✨Join my Social Media Discord ! https://discord.gg/VvADgpxfKS Instagram: https://www.instagram.com/ahmedsaabiri/ TikTok https://www.tiktok.com/@ahmedsaabiri Page FACEBOOK https://www.facebook.com/Ahmedsaabiri0","ahmedsabiri,bilal fariha with sabiri,storytime,sabiri,ahmedsabiristory,ahmedsabiritwitch,ahmedsabirivlog,Ahmed Sabiri | كشخة مكشوخة,clash,pause,pauseflow,rapmaroc,clashdollypran,ahmedsabiripodcat,bilal fariha,ahmedsabirireactionn,bnsnss,sawt,Ahmedsabiri Reaction,Reaction,ahmed sabiri | كشخة مكشوخة,speed dating in morroco,Blind dat,Tendence maroc,bnsns,6Win - TAHDIB تهذيـب (Prod By Dallas beats),#Jamshow,#RapMaroc,#HipHop,VIRA - Machi TV,elgrandetoto,Vira,viravs6win,Jamshow",22,"People & Blogs","Association_football,Sport",PT44M39S,2679,2d,hd,false,ar,ar,https://i.ytimg.com/vi/bA6lSHb9Gkk/maxresdefault.jpg,1,,,,,184158,9675,,0,605
113,UCC4PkXCup_rjEjyGfsYYmpg," Ahmed Sabiri 2.0 ",Rt_dqK9KLqo,2024-06-08T17:00:26Z,"2024-06-08 17:00:26","Ahmedsabiri Reaction - ناري شنو قاليه Clash diib vs ouenza","Drbo Folow F Kick https://kick.com/ahmedsabiri For businesses and collab : ahmedsabiri.contact@gmail.com Chaine Gaming : https://www.youtube.com/channel/UCpon9Ts3C30ykOnVHHkqCQQ ✨Join my Social Media Discord ! https://discord.gg/VvADgpxfKS Instagram: https://www.instagram.com/ahmedsaabiri/ TikTok https://www.tiktok.com/@ahmedsaabiri Page FACEBOOK https://www.facebook.com/Ahmedsaabiri0","ahmedsabiri,bilal fariha with sabiri,storytime,sabiri,ahmedsabiristory,ahmedsabiritwitch,ahmedsabirivlog,Ahmed Sabiri | كشخة مكشوخة,clash,pause,pauseflow,rapmaroc,clashdollypran,ahmedsabiripodcat,bilal fariha,ahmedsabirireactionn,bnsnss,sawt,Ahmedsabiri Reaction,Reaction,ahmed sabiri | كشخة مكشوخة,speed dating in morroco,Blind dat,Tendence maroc,bnsns,6Win - TAHDIB تهذيـب (Prod By Dallas beats),#Jamshow,#RapMaroc,#HipHop,VIRA - Machi TV,elgrandetoto,Vira,viravs6win,Jamshow",22,"People & Blogs","Hip_hop_music,Music",PT50M39S,3039,2d,hd,false,en,ar,https://i.ytimg.com/vi/Rt_dqK9KLqo/maxresdefault.jpg,1,,,,,189959,13404,,0,867
114,UCC4PkXCup_rjEjyGfsYYmpg," Ahmed Sabiri 2.0 ",w01BJQyOzOM,2024-05-31T19:41:20Z,"2024-05-31 19:41:20","Ahmedsabiri Reaction ?😔 واش بصح سوشيال ميديا خلاتنا نتخلاو على المبادئ ديالنا في الحياة","Live Koula Nhar f Twitch m3a 22.00h ha lien DREB FALLOW A Sa7bi 👇 https://www.twitch.tv/ahmedsabiri For businesses and collab : ahmedsabiri.contact@gmail.com Chaine Gaming : https://www.youtube.com/channel/UCpon9Ts3C30ykOnVHHkqCQQ ✨Join my Social Media Discord ! https://discord.gg/VvADgpxfKS Instagram: https://www.instagram.com/ahmedsaabiri/ TikTok https://www.tiktok.com/@ahmedsaabiri Page FACEBOOK https://www.facebook.com/Ahmedsaabiri0","ahmedsabiri,bilal fariha with sabiri,storytime,sabiri,ahmedsabiristory,ahmedsabiritwitch,ahmedsabirivlog,Ahmed Sabiri | كشخة مكشوخة,clash,pause,pauseflow,rapmaroc,clashdollypran,ahmedsabiripodcat,bilal fariha,ahmedsabirireactionn,bnsnss,sawt,Ahmedsabiri Reaction,Reaction,ahmed sabiri | كشخة مكشوخة,speed dating in morroco,Blind dat,Tendence maroc,bnsns,6Win - TAHDIB تهذيـب (Prod By Dallas beats),#Jamshow,#RapMaroc,#HipHop,VIRA - Machi TV,elgrandetoto,Vira,viravs6win,Jamshow",22,"People & Blogs",,PT34M25S,2065,2d,hd,false,ar,ar,https://i.ytimg.com/vi/w01BJQyOzOM/maxresdefault.jpg,1,,,,,229079,13855,,0,485
115,UCC4PkXCup_rjEjyGfsYYmpg," Ahmed Sabiri 2.0 ",A0gVkMBRRt8,2024-05-30T14:59:02Z,"2024-05-30 14:59:02","Ahmedsabiri Reaction Bnsns - شي نهار هاد بنسنس هيحمقني","Live Koula Nhar f Twitch m3a 22.00h ha lien DREB FALLOW A Sa7bi 👇 https://www.twitch.tv/ahmedsabiri For businesses and collab : ahmedsabiri.contact@gmail.com Chaine Gaming : https://www.youtube.com/channel/UCpon9Ts3C30ykOnVHHkqCQQ ✨Join my Social Media Discord ! https://discord.gg/VvADgpxfKS Instagram: https://www.instagram.com/ahmedsaabiri/ TikTok https://www.tiktok.com/@ahmedsaabiri Page FACEBOOK https://www.facebook.com/Ahmedsaabiri0","ahmedsabiri,bilal fariha with sabiri,storytime,sabiri,ahmedsabiristory,ahmedsabiritwitch,ahmedsabirivlog,Ahmed Sabiri | كشخة مكشوخة,clash,pause,pauseflow,rapmaroc,clashdollypran,ahmedsabiripodcat,bilal fariha,ahmedsabirireactionn,bnsnss,sawt,Ahmedsabiri Reaction,Reaction,ahmed sabiri | كشخة مكشوخة,speed dating in morroco,Blind dat,Tendence maroc,bnsns,6Win - TAHDIB تهذيـب (Prod By Dallas beats),#Jamshow,#RapMaroc,#HipHop,VIRA - Machi TV,elgrandetoto,Vira,viravs6win,Jamshow",22,"People & Blogs",Entertainment,PT26M41S,1601,2d,hd,false,en,ar,https://i.ytimg.com/vi/A0gVkMBRRt8/maxresdefault.jpg,1,,,,,514671,38554,,0,1542
116,UCC4PkXCup_rjEjyGfsYYmpg," Ahmed Sabiri 2.0 ",VgLzm-jpv1Q,2024-05-29T16:20:54Z,"2024-05-29 16:20:54","Ahmedsabiri Reaction --- 7LIWA x SMALLX x TOTO FREESTYLES رجوع الراب المغربي إلى الحقبة الذهبية ؟","Live Koula Nhar f Twitch m3a 22.00h ha lien DREB FALLOW A Sa7bi 👇 https://www.twitch.tv/ahmedsabiri For businesses and collab : ahmedsabiri.contact@gmail.com Chaine Gaming : https://www.youtube.com/channel/UCpon9Ts3C30ykOnVHHkqCQQ ✨Join my Social Media Discord ! https://discord.gg/VvADgpxfKS Instagram: https://www.instagram.com/ahmedsaabiri/ TikTok https://www.tiktok.com/@ahmedsaabiri Page FACEBOOK https://www.facebook.com/Ahmedsaabiri0","ahmedsabiri,bilal fariha with sabiri,storytime,sabiri,ahmedsabiristory,ahmedsabiritwitch,ahmedsabirivlog,Ahmed Sabiri | كشخة مكشوخة,clash,pause,pauseflow,rapmaroc,clashdollypran,ahmedsabiripodcat,bilal fariha,ahmedsabirireactionn,bnsnss,sawt,Ahmedsabiri Reaction,Reaction,ahmed sabiri | كشخة مكشوخة,speed dating in morroco,Blind dat,Tendence maroc,bnsns,6Win - TAHDIB تهذيـب (Prod By Dallas beats),#Jamshow,#RapMaroc,#HipHop,VIRA - Machi TV,elgrandetoto",22,"People & Blogs","Hip_hop_music,Music",PT22M33S,1353,2d,hd,false,en,ar,https://i.ytimg.com/vi/VgLzm-jpv1Q/maxresdefault.jpg,,,,,,296508,18607,,0,544
117,UCC4PkXCup_rjEjyGfsYYmpg," Ahmed Sabiri 2.0 ",pH7DwXBQiis,2024-05-27T21:03:11Z,"2024-05-27 21:03:11","Ahmedsabiri Reaction Bnsns - 😱 😨 ميمكنش هاد بنسنس كلا لبيض مسحور","Live Koula Nhar f Twitch m3a 22.00h ha lien DREB FALLOW A Sa7bi 👇 https://www.twitch.tv/ahmedsabiri For businesses and collab : ahmedsabiri.contact@gmail.com Chaine Gaming : https://www.youtube.com/channel/UCpon9Ts3C30ykOnVHHkqCQQ ✨Join my Social Media Discord ! https://discord.gg/VvADgpxfKS Instagram: https://www.instagram.com/ahmedsaabiri/ TikTok https://www.tiktok.com/@ahmedsaabiri Page FACEBOOK https://www.facebook.com/Ahmedsaabiri0","ahmedsabiri,bilal fariha with sabiri,storytime,sabiri,ahmedsabiristory,ahmedsabiritwitch,ahmedsabirivlog,Ahmed Sabiri | كشخة مكشوخة,clash,pause,pauseflow,rapmaroc,clashdollypran,ahmedsabiripodcat,bilal fariha,ahmedsabirireactionn,bnsnss,sawt,Ahmedsabiri Reaction,Reaction,ahmed sabiri | كشخة مكشوخة,speed dating in morroco,Blind dat,Tendence maroc,bnsns,6Win - TAHDIB تهذيـب (Prod By Dallas beats),#Jamshow,#RapMaroc,#HipHop,VIRA - Machi TV",22,"People & Blogs",,PT58M3S,3483,2d,hd,false,en,ar,https://i.ytimg.com/vi/pH7DwXBQiis/maxresdefault.jpg,1,,,,,504863,28519,,0,1047
118,UCC4PkXCup_rjEjyGfsYYmpg," Ahmed Sabiri 2.0 ",tqgxZ06aCCw,2024-05-26T20:30:02Z,"2024-05-26 20:30:02","Ahmedsabiri Reaction Bnsns - 😨بغاو إسحرو بنسنس بواحد الماء صفر","Live Koula Nhar f Twitch m3a 22.00h ha lien DREB FALLOW A Sa7bi 👇 https://www.twitch.tv/ahmedsabiri For businesses and collab : ahmedsabiri.contact@gmail.com Chaine Gaming : https://www.youtube.com/channel/UCpon9Ts3C30ykOnVHHkqCQQ ✨Join my Social Media Discord ! https://discord.gg/VvADgpxfKS Instagram: https://www.instagram.com/ahmedsaabiri/ TikTok https://www.tiktok.com/@ahmedsaabiri Page FACEBOOK https://www.facebook.com/Ahmedsaabiri0","ahmedsabiri,bilal fariha with sabiri,storytime,sabiri,ahmedsabiristory,ahmedsabiritwitch,ahmedsabirivlog,Ahmed Sabiri | كشخة مكشوخة,clash,pause,pauseflow,rapmaroc,clashdollypran,ahmedsabiripodcat,bilal fariha,ahmedsabirireactionn,bnsnss,sawt,Ahmedsabiri Reaction,Reaction,ahmed sabiri | كشخة مكشوخة,speed dating in morroco,Blind dat,Tendence maroc,bnsns,6Win - TAHDIB تهذيـب (Prod By Dallas beats),#Jamshow,#RapMaroc,#HipHop,VIRA - Machi TV",22,"People & Blogs",,PT48M23S,2903,2d,hd,false,en,ar,https://i.ytimg.com/vi/tqgxZ06aCCw/maxresdefault.jpg,1,,,,,498208,30842,,0,1382
119,UCC4PkXCup_rjEjyGfsYYmpg," Ahmed Sabiri 2.0 ",7U_QSzM5Iyc,2024-05-26T15:11:15Z,"2024-05-26 15:11:15","Ahmedsabiri Reaction Vira et 6win شابكة كلاشات مابين","Live Koula Nhar f Twitch m3a 22.00h ha lien DREB FALLOW A Sa7bi 👇 https://www.twitch.tv/ahmedsabiri For businesses and collab : ahmedsabiri.contact@gmail.com Chaine Gaming : https://www.youtube.com/channel/UCpon9Ts3C30ykOnVHHkqCQQ ✨Join my Social Media Discord ! https://discord.gg/VvADgpxfKS Instagram: https://www.instagram.com/ahmedsaabiri/ TikTok https://www.tiktok.com/@ahmedsaabiri Page FACEBOOK https://www.facebook.com/Ahmedsaabiri0","ahmedsabiri,bilal fariha with sabiri,storytime,sabiri,ahmedsabiristory,ahmedsabiritwitch,ahmedsabirivlog,Ahmed Sabiri | كشخة مكشوخة,clash,pause,pauseflow,rapmaroc,clashdollypran,ahmedsabiripodcat,bilal fariha,ahmedsabirireactionn,bnsnss,sawt,Ahmedsabiri Reaction,Reaction,ahmed sabiri | كشخة مكشوخة,speed dating in morroco,Blind dat,Tendence maroc,bnsns,6Win - TAHDIB تهذيـب (Prod By Dallas beats),#Jamshow,#RapMaroc,#HipHop,VIRA - Machi TV",22,"People & Blogs",Hip_hop_music,PT19M58S,1198,2d,hd,false,en,ar,https://i.ytimg.com/vi/7U_QSzM5Iyc/maxresdefault.jpg,1,,,,,719297,34591,,0,1253
120,UCC4PkXCup_rjEjyGfsYYmpg," Ahmed Sabiri 2.0 ",TBUTonwCX5A,2024-05-26T08:56:29Z,"2024-05-26 08:56:29","Ahmed Sabiri Is Back To Streaming 😎😍",,,22,"People & Blogs",,P0D,0,2d,sd,false,en,ar,https://i.ytimg.com/vi/TBUTonwCX5A/maxresdefault_live.jpg,,,,,,0,2,,0,0
121,UCC4PkXCup_rjEjyGfsYYmpg," Ahmed Sabiri 2.0 ",eNt6a1rZi1I,2024-05-10T18:37:17Z,"2024-05-10 18:37:17","لن تصدق ماذا وصلنا من الصين في هذا الصندوق 🤢🤣-Ahmedsabiri’s familly","Live Koula Nhar f Twitch m3a 22.00h ha lien DREB FALLOW A Sa7bi 👇 https://www.twitch.tv/ahmedsabiri For businesses and collab : ahmedsabiri.contact@gmail.com Chaine Gaming : https://www.youtube.com/channel/UCpon9Ts3C30ykOnVHHkqCQQ ✨Join my Social Media Discord ! https://discord.gg/VvADgpxfKS Instagram: https://www.instagram.com/ahmedsaabiri/ TikTok https://www.tiktok.com/@ahmedsaabiri Page FACEBOOK https://www.facebook.com/Ahmedsaabiri0","ahmedsabiri,bilal fariha with sabiri,storytime,sabiri,ahmedsabiristory,ahmedsabiritwitch,ahmedsabirivlog,Ahmed Sabiri | كشخة مكشوخة,clash,pause,pauseflow,rapmaroc,clashdollypran,pause clash muslim,ahmedsabiripodcat,bilal fariha,pause flow reaction,ahmedsabirireactionn,bnsnss,sawt,Ahmedsabiri Reaction,Reaction,ahmed sabiri | كشخة مكشوخة,Speeddating,speed dating in morroco,Blind dat,Kawaliss,Tendence maroc,RYM - 23 [Official Music Video],bnsns,Inboxing",22,"People & Blogs","Hobby,Lifestyle_(sociology)",PT34M14S,2054,2d,hd,false,ar,ar,https://i.ytimg.com/vi/eNt6a1rZi1I/maxresdefault.jpg,1,,,,,469394,31116,,0,1310
122,UCC4PkXCup_rjEjyGfsYYmpg," Ahmed Sabiri 2.0 ",sZYBGATtaBE,2024-05-03T19:44:32Z,"2024-05-03 19:44:32","Ahmedsabiri Réaction 😱😱 تبعو راجل واحد المرة خلعها كان هيصفهاليه Bnsns","Live Koula Nhar f Twitch m3a 22.00h ha lien DREB FALLOW A Sa7bi 👇 https://www.twitch.tv/ahmedsabiri For businesses and collab : ahmedsabiri.contact@gmail.com Chaine Gaming : https://www.youtube.com/channel/UCpon9Ts3C30ykOnVHHkqCQQ ✨Join my Social Media Discord ! https://discord.gg/VvADgpxfKS Instagram: https://www.instagram.com/ahmedsaabiri/ TikTok https://www.tiktok.com/@ahmedsaabiri Page FACEBOOK https://www.facebook.com/Ahmedsaabiri0","ahmedsabiri,storytime,sabiri,ahmedsabiristory,ahmedsabiritwitch,ahmedsabirivlog,Ahmed Sabiri | كشخة مكشوخة,كشخة مكشوخة,clash,pause,pauseflow,rapmaroc,clashdollypran,clashbabygang,pause clash muslim,ahmedsabiripodcat,bilal fariha,bilal fariha with sabiri,pause flow reaction,ahmedsabirireactionn,bnsnss,sawt,Ahmedsabiri Reaction,Reaction,ahmed sabiri | كشخة مكشوخة,Speeddating,speed dating in morroco,Blind dat,Kawaliss,Tendence maroc,RYM - 23 [Official Music Video],bnsns",22,"People & Blogs",Lifestyle_(sociology),PT47M25S,2845,2d,hd,false,fr,ar,https://i.ytimg.com/vi/sZYBGATtaBE/maxresdefault.jpg,1,,,,,937977,53291,,0,1357
123,UCC4PkXCup_rjEjyGfsYYmpg," Ahmed Sabiri 2.0 ",HN4blUZokT0,2024-05-03T16:09:58Z,"2024-05-03 16:09:58","Ahmedsabiri Réaction - 🤣🤣 ريم فكري كلاشات شوف تيفي ناري أش قالت ليهوم","Live Koula Nhar f Twitch m3a 22.00h ha lien DREB FALLOW A Sa7bi 👇 https://www.twitch.tv/ahmedsabiri For businesses and collab : ahmedsabiri.contact@gmail.com Chaine Gaming : https://www.youtube.com/channel/UCpon9Ts3C30ykOnVHHkqCQQ ✨Join my Social Media Discord ! https://discord.gg/VvADgpxfKS Instagram: https://www.instagram.com/ahmedsaabiri/ TikTok https://www.tiktok.com/@ahmedsaabiri Page FACEBOOK https://www.facebook.com/Ahmedsaabiri0","ahmedsabiri,storytime,sabiri,ahmedsabiristory,ahmedsabiritwitch,ahmedsabirivlog,Ahmed Sabiri | كشخة مكشوخة,كشخة مكشوخة,clash,pause,pauseflow,rapmaroc,clashdollypran,clashbabygang,pause clash muslim,ahmedsabiripodcat,bilal fariha,bilal fariha with sabiri,pause flow reaction,ahmedsabirireactionn,bnsnss,sawt,Ahmedsabiri Reaction,Reaction,ahmed sabiri | كشخة مكشوخة,Speeddating,dating,speed dating in morroco,Blind dat,Kawaliss,Tendence maroc,RYM - 23 [Official Music Video]",22,"People & Blogs",,PT16M32S,992,2d,hd,false,fr,ar,https://i.ytimg.com/vi/HN4blUZokT0/maxresdefault.jpg,,,,,,316276,22678,,0,859
124,UCC4PkXCup_rjEjyGfsYYmpg," Ahmed Sabiri 2.0 ",TP_d7X7whJU,2024-05-02T18:56:57Z,"2024-05-02 18:56:57","Storytime #5 😔😞بصري في خطر","Live Koula Nhar f Twitch m3a 22.00h ha lien DREB FALLOW A Sa7bi 👇 https://www.twitch.tv/ahmedsabiri For businesses and collab : ahmedsabiri.contact@gmail.com Chaine Gaming : https://www.youtube.com/channel/UCpon9Ts3C30ykOnVHHkqCQQ ✨Join my Social Media Discord ! https://discord.gg/VvADgpxfKS Instagram: https://www.instagram.com/ahmedsaabiri/ TikTok https://www.tiktok.com/@ahmedsaabiri Page FACEBOOK https://www.facebook.com/Ahmedsaabiri0","ahmedsabiri,storytime,ahmadsabiri,sabiri,ahmedsabiristory,ahmedsabiritwitch,ahmedsabirivlog,Ahmed Sabiri | كشخة مكشوخة,كشخة مكشوخة,clash,pause,pauseflow,rapmaroc,rapclashe,clashdollypran,clashbabygang,clashfigoshine,shobbe,mad,shayfeen,pause clash muslim,ahmedsabiripodcat,bilal fariha,bilal fariha with sabiri,pause flow reaction,ahmedsabirireactionn,smallxvspause,clashmorphine,clahsrapmaroc,bnsnss,ميمة,sawt,Ahmedsabiri Reaction,Reaction,Tendence,Tendence Maroc,STORYTIME",22,"People & Blogs",,PT37M41S,2261,2d,hd,false,fr,ar,https://i.ytimg.com/vi/TP_d7X7whJU/maxresdefault.jpg,1,,,,,264990,22353,,0,1305
125,UCC4PkXCup_rjEjyGfsYYmpg," Ahmed Sabiri 2.0 ",luf4gUsHCVg,2024-04-13T19:48:10Z,"2024-04-13 19:48:10","Ahmedsabiri Réaction 5 ديال البنات 5 د outfits شكون غادي تربح فيهم","Live Koula Nhar f Twitch m3a 22.00h ha lien DREB FALLOW A Sa7bi 👇 https://www.twitch.tv/ahmedsabiri For businesses and collab : ahmedsabiri.contact@gmail.com Chaine Gaming : https://www.youtube.com/channel/UCpon9Ts3C30ykOnVHHkqCQQ ✨Join my Social Media Discord ! https://discord.gg/VvADgpxfKS Instagram: https://www.instagram.com/ahmedsaabiri/ TikTok https://www.tiktok.com/@ahmedsaabiri Page FACEBOOK https://www.facebook.com/Ahmedsaabiri0","ahmedsabiri,storytime,sabiri,ahmedsabiristory,ahmedsabiritwitch,ahmedsabirivlog,Ahmed Sabiri | كشخة مكشوخة,كشخة مكشوخة,clash,pause,pauseflow,rapmaroc,rapclashe,clashdollypran,clashbabygang,pause clash muslim,ahmedsabiripodcat,bilal fariha,bilal fariha with sabiri,pause flow reaction,ahmedsabirireactionn,clashmorphine,bnsnss,ميمة,sawt,Ahmedsabiri Reaction,Reaction,Tendence,ahmed sabiri | كشخة مكشوخة,Speeddating,dating,speed dating in morroco,Blind dat,Kawaliss,Tendence maroc",22,"People & Blogs",,PT58M53S,3533,2d,hd,false,fr,ar,https://i.ytimg.com/vi/luf4gUsHCVg/maxresdefault.jpg,1,,,,,773551,36735,,0,1421
126,UCC4PkXCup_rjEjyGfsYYmpg," Ahmed Sabiri 2.0 ",8dUqkdiFJ7o,2024-04-11T21:57:11Z,"2024-04-11 21:57:11","Ahmedsabiri Réaction 🤨 ? واش هادشي ولا عادي في المغرب","Live Koula Nhar f Twitch m3a 22.00h ha lien DREB FALLOW A Sa7bi 👇 https://www.twitch.tv/ahmedsabiri For businesses and collab : ahmedsabiri.contact@gmail.com Chaine Gaming : https://www.youtube.com/channel/UCpon9Ts3C30ykOnVHHkqCQQ ✨Join my Social Media Discord ! https://discord.gg/VvADgpxfKS Instagram: https://www.instagram.com/ahmedsaabiri/ TikTok https://www.tiktok.com/@ahmedsaabiri Page FACEBOOK https://www.facebook.com/Ahmedsaabiri0","ahmedsabiri,storytime,sabiri,ahmedsabiristory,ahmedsabiritwitch,ahmedsabirivlog,Ahmed Sabiri | كشخة مكشوخة,كشخة مكشوخة,clash,pause,pauseflow,rapmaroc,rapclashe,clashdollypran,clashbabygang,pause clash muslim,ahmedsabiripodcat,bilal fariha,bilal fariha with sabiri,pause flow reaction,ahmedsabirireactionn,clashmorphine,bnsnss,ميمة,sawt,Ahmedsabiri Reaction,Reaction,Tendence,ahmed sabiri | كشخة مكشوخة,Speeddating,dating,speed dating in morroco,Blind dat,Kawaliss,Tendence maroc",22,"People & Blogs",Lifestyle_(sociology),PT1H26M53S,1613,2d,hd,false,fr,ar,https://i.ytimg.com/vi/8dUqkdiFJ7o/maxresdefault.jpg,1,,,,,1128832,61431,,0,2711
127,UCC4PkXCup_rjEjyGfsYYmpg," Ahmed Sabiri 2.0 ",RE2WTZSPAU0,2024-04-06T21:29:39Z,"2024-04-06 21:29:39","Ahmedsabiri Réaction 🤨 ناس لي تيشطحو تيصورو فلوس كتر من واحد عندو ديبلوم","Live Koula Nhar f Twitch m3a 22.00h ha lien DREB FALLOW A Sa7bi 👇 https://www.twitch.tv/ahmedsabiri For businesses and collab : ahmedsabiri.contact@gmail.com Chaine Gaming : https://www.youtube.com/channel/UCpon9Ts3C30ykOnVHHkqCQQ ✨Join my Social Media Discord ! https://discord.gg/VvADgpxfKS Instagram: https://www.instagram.com/ahmedsaabiri/ TikTok https://www.tiktok.com/@ahmedsaabiri Page FACEBOOK https://www.facebook.com/Ahmedsaabiri0","ahmedsabiri,storytime,sabiri,ahmedsabiristory,ahmedsabiritwitch,ahmedsabirivlog,Ahmed Sabiri | كشخة مكشوخة,كشخة مكشوخة,pause,pauseflow,rapmaroc,clashdollypran,clashfigoshine,shayfeen,bilal fariha,bilal fariha with sabiri,pause flow reaction,ahmedsabirireactionn,clashmorphine,bnsnss,ميمة,sawt,Ahmedsabiri Reaction,Reaction,Tendence,ahmed sabiri | كشخة مكشوخة,Speeddating,dating,speed dating in morroco,Kawaliss,الحلقة الثانية ديال المونينيكس-Mouninix,Reactionmaroc,Tendencemaroc",22,"People & Blogs",,PT36M28S,2188,2d,hd,false,fr,ar,https://i.ytimg.com/vi/RE2WTZSPAU0/maxresdefault.jpg,1,,,,,214657,12360,,0,454
128,UCC4PkXCup_rjEjyGfsYYmpg," Ahmed Sabiri 2.0 ",vr9x3wy0sK8,2024-03-28T19:33:24Z,"2024-03-28 19:33:24","Ahmedsabiri Réaction ?علاش تراجع مستوى المنتخب المغربي مؤخرا","Live Koula Nhar f Twitch m3a 22.00h ha lien DREB FALLOW A Sa7bi 👇 https://www.twitch.tv/ahmedsabiri For businesses and collab : ahmedsabiri.contact@gmail.com Chaine Gaming : https://www.youtube.com/channel/UCpon9Ts3C30ykOnVHHkqCQQ ✨Join my Social Media Discord ! https://discord.gg/VvADgpxfKS Instagram: https://www.instagram.com/ahmedsaabiri/ TikTok https://www.tiktok.com/@ahmedsaabiri Page FACEBOOK https://www.facebook.com/Ahmedsaabiri0","ahmed sabiri | كشخة مكشوخة,ahmedsabiri,كشخة مكشوخة,المغرب,المنتخب الوطني المغربي,Equipenationalmaroc,كأس إفريقيا,Coup d’afrique,Caf,Hakimi,Ziyech,Irahimi,Ounahi,Bonou,Coup du monde,المغرب في كأس العالم,حمد الله,Chdira,أمرابط,Demifinalmaroc,Marocqatar,Tendencemaroc,brahim diaz,diaz,rahimi",22,"People & Blogs","Association_football,Sport",PT31M13S,1873,2d,hd,false,fr,ar,https://i.ytimg.com/vi/vr9x3wy0sK8/maxresdefault.jpg,1,,,,,243959,14133,,0,821
129,UCC4PkXCup_rjEjyGfsYYmpg," Ahmed Sabiri 2.0 ",YqEGo9nGTRs,2024-03-18T22:16:53Z,"2024-03-18 22:16:53","Ahmed sabiri Reaction 😱😧😨 لقى قراعي ديال الشراب بملايين الدولارات فواحد المكان سري فالمغرب bn nsns","Live Koula Nhar f Twitch m3a 22.00h ha lien DREB FALLOW A Sa7bi 👇 https://www.twitch.tv/ahmedsabiri Chaine Gaming : https://www.youtube.com/channel/UCpon9Ts3C30ykOnVHHkqCQQ ✨Join my Social Media Discord ! https://discord.gg/VvADgpxfKS Instagram: https://www.instagram.com/ahmedsaabiri/ TikTok https://www.tiktok.com/@ahmedsaabiri Page FACEBOOK https://www.facebook.com/Ahmedsaabiri0","bn nsns بن نسناس,ahmedsabiri,storytime,sabiri,ahmedsabiristory,ahmedsabiritwitch,ahmedsabirivlog,Ahmed Sabiri | كشخة مكشوخة,كشخة مكشوخة,pause,rapmaroc,clashdollypran,clashfigoshine,shayfeen,bilal fariha,bilal fariha with sabiri,pause flow reaction,ahmedsabirireactionn,clashmorphine,bnsnss,ميمة,sawt,Ahmedsabiri Reaction,Reaction,Tendence,ahmed sabiri | كشخة مكشوخة,dating,speed dating in morroco,Kawaliss,الحلقة الثانية ديال المونينيكس-Mouninix,Reactionmaroc,Tendencemaroc",22,"People & Blogs",,PT27M48S,1668,2d,hd,false,ar,ar,https://i.ytimg.com/vi/YqEGo9nGTRs/maxresdefault.jpg,1,,,,,460784,24040,,0,789
130,UCC4PkXCup_rjEjyGfsYYmpg," Ahmed Sabiri 2.0 ",beehp7IFpLg,2024-03-13T21:37:54Z,"2024-03-13 21:37:54","Ahmedsabiri Reaction 🤢🤮 أول إنسان إفطر براس الحمارأو في شهر رمضان","Live Koula Nhar f Twitch m3a 22.00h ha lien DREB FALLOW A Sa7bi 👇 https://www.twitch.tv/ahmedsabiri Chaine Gaming : https://www.youtube.com/channel/UCpon9Ts3C30ykOnVHHkqCQQ ✨Join my Social Media Discord ! https://discord.gg/VvADgpxfKS Instagram: https://www.instagram.com/ahmedsaabiri/ TikTok https://www.tiktok.com/@ahmedsaabiri Page FACEBOOK https://www.facebook.com/Ahmedsaabiri0","ahmedsabiri,storytime,sabiri,ahmedsabiristory,ahmedsabiritwitch,ahmedsabirivlog,Ahmed Sabiri | كشخة مكشوخة,كشخة مكشوخة,pause,pauseflow,rapmaroc,clashdollypran,clashfigoshine,shayfeen,bilal fariha,bilal fariha with sabiri,pause flow reaction,ahmedsabirireactionn,clashmorphine,bnsnss,ميمة,sawt,Ahmedsabiri Reaction,Reaction,Tendence,ahmed sabiri | كشخة مكشوخة,Speeddating,dating,speed dating in morroco,Kawaliss,الحلقة الثانية ديال المونينيكس-Mouninix,Reactionmaroc,Tendencemaroc",22,"People & Blogs",Lifestyle_(sociology),PT33M44S,2024,2d,hd,false,ar,ar,https://i.ytimg.com/vi/beehp7IFpLg/maxresdefault.jpg,1,,,,,442682,25830,,0,976
131,UCC4PkXCup_rjEjyGfsYYmpg," Ahmed Sabiri 2.0 ",lKVpEXTfdAk,2024-03-10T22:02:06Z,"2024-03-10 22:02:06","Ahmedsabiri Reaction 🤦‍♂️Part2 Mouninix النسخة المغربية | The Button dating show","Live Koula Nhar f Twitch m3a 22.00h ha lien DREB FALLOW A Sa7bi 👇 https://www.twitch.tv/ahmedsabiri Code Promo : Sabiri Sendwave : https://try.sendwave.com/kjap/87oj89kz ✨Join my Social Media Chaine Gaming : https://www.youtube.com/channel/UCpon9Ts3C30ykOnVHHkqCQQ Discord ! https://discord.gg/VvADgpxfKS Instagram: https://www.instagram.com/ahmedsaabiri/ TikTok https://www.tiktok.com/@ahmedsaabiri Page FACEBOOK https://www.facebook.com/Ahmedsaabiri0","ahmedsabiri,storytime,sabiri,ahmedsabiristory,ahmedsabiritwitch,ahmedsabirivlog,Ahmed Sabiri | كشخة مكشوخة,كشخة مكشوخة,pause,pauseflow,rapmaroc,clashdollypran,clashfigoshine,shayfeen,bilal fariha,bilal fariha with sabiri,pause flow reaction,ahmedsabirireactionn,clashmorphine,bnsnss,ميمة,sawt,Ahmedsabiri Reaction,Reaction,Tendence,ahmed sabiri | كشخة مكشوخة,Speeddating,dating,speed dating in morroco,Kawaliss,الحلقة الثانية ديال المونينيكس-Mouninix,Reactionmaroc,Tendencemaroc",22,"People & Blogs","Entertainment,Television_program",PT38M14S,2294,2d,hd,false,en,ar,https://i.ytimg.com/vi/lKVpEXTfdAk/maxresdefault.jpg,1,,,,,639440,39925,,0,1637
132,UCC4PkXCup_rjEjyGfsYYmpg," Ahmed Sabiri 2.0 ",_EP6S72IgP8,2024-03-10T11:58:59Z,"2024-03-10 11:58:59","Ahmedsabiri Réaction -PAUSE - FLASHBACK (Prod by teaslax)","Live Koula nhar fTwitch m3a 22.00h ha lien DREB FALLOW A Sa7bi 👇 https://www.twitch.tv/ahmedsabiri Bougassaa Channel https://kick.com/bougassaa ✨Join my Social Media Discord ! https://discord.gg/VvADgpxfKS Instagram: https://www.instagram.com/ahmedsaabiri/ TikTok https://www.tiktok.com/@ahmedsaabiri Page FACEBOOK https://www.facebook.com/Ahmedsaabiri0","ahmedsabiri,storytime,ahmadsabiri,sabiri,ahmedsabiristory,ahmedsabiritwitch,ahmedsabirivlog,Ahmed Sabiri | كشخة مكشوخة,كشخة مكشوخة,clash,pause,pauseflow,rapmaroc,rapclashe,Morphinevspause,clashdollypran,clashbabygang,clashfigoshine,shobbe,mad,shayfeen,pause clash muslim,ahmedsabiripodcat,bilal fariha,bilal fariha with sabiri,pause flow reaction,ahmedsabirireactionn,smallxvspause,clashmorphine,clahsrapmaroc,pauseflowzanda,Familya - Talal's mom ( Prod by dallas beats ),bermuda",22,"People & Blogs","Hip_hop_music,Music",PT21M57S,1317,2d,hd,false,fr,ar,https://i.ytimg.com/vi/_EP6S72IgP8/maxresdefault.jpg,1,,,,,215850,17695,,0,878
133,UCC4PkXCup_rjEjyGfsYYmpg," Ahmed Sabiri 2.0 ",FQelhfHxhec,2024-02-26T20:20:38Z,"2024-02-26 20:20:38","Ahmedsabiri Reaction 🤦🏽 أجيال المستقلب 😒 نهاية الحقبة الذهبية ؟","Live Koula Nhar f Twitch m3a 22.00h ha lien DREB FALLOW A Sa7bi 👇 https://www.twitch.tv/ahmedsabiri Chaine Gaming : https://www.youtube.com/channel/UCpon9Ts3C30ykOnVHHkqCQQ ✨Join my Social Media Discord ! https://discord.gg/VvADgpxfKS Instagram: https://www.instagram.com/ahmedsaabiri/ TikTok https://www.tiktok.com/@ahmedsaabiri Page FACEBOOK https://www.facebook.com/Ahmedsaabiri0","ahmedsabiri,storytime,sabiri,ahmedsabiristory,ahmedsabiritwitch,ahmedsabirivlog,Ahmed Sabiri | كشخة مكشوخة,كشخة مكشوخة,clash,pause,pauseflow,rapmaroc,rapclashe,clashdollypran,clashbabygang,clashfigoshine,mad,shayfeen,pause clash muslim,ahmedsabiripodcat,bilal fariha,bilal fariha with sabiri,pause flow reaction,ahmedsabirireactionn,clashmorphine,bnsnss,ميمة,sawt,Ahmedsabiri Reaction,Reaction,Tendence,ahmed sabiri | كشخة مكشوخة,Speeddating,dating,speed dating in morroco",22,"People & Blogs",Entertainment,PT38M31S,2311,2d,hd,false,fr,ar,https://i.ytimg.com/vi/FQelhfHxhec/maxresdefault.jpg,1,,,,,1028460,77569,,0,2114
134,UCC4PkXCup_rjEjyGfsYYmpg," Ahmed Sabiri 2.0 ",P16QK-p0isA,2024-02-22T18:38:03Z,"2024-02-22 18:38:03","Storytime #4 😭أكتر حاجة كانت معقداني فصغري","Live Koula Nhar f Twitch m3a 22.00h ha lien DREB FALLOW A Sa7bi 👇 https://www.twitch.tv/ahmedsabiri ✨Join my Social Media Discord ! https://discord.gg/VvADgpxfKS Instagram: https://www.instagram.com/ahmedsaabiri/ TikTok https://www.tiktok.com/@ahmedsaabiri Page FACEBOOK https://www.facebook.com/Ahmedsaabiri0","ahmedsabiri,storytime,ahmadsabiri,sabiri,ahmedsabiristory,ahmedsabiritwitch,ahmedsabirivlog,Ahmed Sabiri | كشخة مكشوخة,كشخة مكشوخة,clash,pause,pauseflow,rapmaroc,rapclashe,clashdollypran,clashbabygang,clashfigoshine,shobbe,mad,shayfeen,pause clash muslim,ahmedsabiripodcat,bilal fariha,bilal fariha with sabiri,pause flow reaction,ahmedsabirireactionn,smallxvspause,clashmorphine,clahsrapmaroc,bnsnss,ميمة,sawt,Ahmedsabiri Reaction,Reaction,Tendence,Tendence Maroc,STORYTIME",22,"People & Blogs",,PT24M5S,1445,2d,hd,false,ar,ar,https://i.ytimg.com/vi/P16QK-p0isA/maxresdefault.jpg,1,,,,,565348,27901,,0,685
135,UCC4PkXCup_rjEjyGfsYYmpg," Ahmed Sabiri 2.0 ",7LSmeFQ7y48,2024-02-17T15:56:15Z,"2024-02-17 15:56:15","Ahmedsabiri Reaction لقا الدياموند فواحد الغار ولا لباس عليه Bnsns","Live Koula nhar fTwitch m3a 22.00h ha lien DREB FALLOW A Sa7bi 👇 https://www.twitch.tv/ahmedsabiri ✨Join my Social Media Discord ! https://discord.gg/VvADgpxfKS Instagram: https://www.instagram.com/ahmedsaabiri/ TikTok https://www.tiktok.com/@ahmedsaabiri Page FACEBOOK https://www.facebook.com/Ahmedsaabiri0","ahmedsabiri,storytime,ahmadsabiri,sabiri,ahmedsabiristory,ahmedsabiritwitch,ahmedsabirivlog,Ahmed Sabiri | كشخة مكشوخة,كشخة مكشوخة,clash,pause,pauseflow,rapmaroc,rapclashe,Morphinevspause,clashdollypran,clashbabygang,clashfigoshine,shobbe,mad,shayfeen,pause clash muslim,ahmedsabiripodcat,bilal fariha,bilal fariha with sabiri,pause flow reaction,ahmedsabirireactionn,smallxvspause,clashmorphine,clahsrapmaroc,bnsnss,ميمة,sawt,Ahmedsabiri Reaction,Reaction,Tendence,Tendence Maroc",22,"People & Blogs",,PT28M51S,1731,2d,hd,false,ar,ar,,1,,,,,410286,25097,,0,621
136,UCC4PkXCup_rjEjyGfsYYmpg," Ahmed Sabiri 2.0 ",jj261xZqDxs,2024-02-16T19:22:09Z,"2024-02-16 19:22:09","شباب في معركة للفوز بقلب ميمة ترى من المحضوظ - Ahmedsabiri Reaction","Live Koula nhar fTwitch m3a 22.00h ha lien DREB FALLOW A Sa7bi 👇 https://www.twitch.tv/ahmedsabiri ✨Join my Social Media Discord ! https://discord.gg/VvADgpxfKS Instagram: https://www.instagram.com/ahmedsaabiri/ TikTok https://www.tiktok.com/@ahmedsaabiri Page FACEBOOK https://www.facebook.com/Ahmedsaabiri0","ahmedsabiri,storytime,ahmadsabiri,sabiri,ahmedsabiristory,ahmedsabiritwitch,ahmedsabirivlog,Ahmed Sabiri | كشخة مكشوخة,كشخة مكشوخة,clash,pause,pauseflow,rapmaroc,rapclashe,Morphinevspause,clashdollypran,clashbabygang,clashfigoshine,shobbe,mad,shayfeen,pause clash muslim,ahmedsabiripodcat,bilal fariha,bilal fariha with sabiri,pause flow reaction,ahmedsabirireactionn,smallxvspause,clashmorphine,clahsrapmaroc,bnsnss,ميمة,sawt,Ahmedsabiri Reaction,Reaction,Tendence,Tendence Maroc",22,"People & Blogs",,PT38M49S,2329,2d,hd,false,ar,ar,https://i.ytimg.com/vi/jj261xZqDxs/maxresdefault.jpg,1,,,,,758066,38303,,0,1596
137,UCC4PkXCup_rjEjyGfsYYmpg," Ahmed Sabiri 2.0 ",kMXShCqa78w,2024-02-09T16:05:00Z,"2024-02-09 16:05:00","Ahmedsabiri Réaction-STORMY - ICEBERG","Live Koula nhar fTwitch m3a 22.00h ha lien DREB FALLOW A Sa7bi 👇 https://www.twitch.tv/ahmedsabiri ✨Join my Social Media Discord ! https://discord.gg/VvADgpxfKS Instagram: https://www.instagram.com/ahmedsaabiri/ TikTok https://www.tiktok.com/@ahmedsaabiri Page FACEBOOK https://www.facebook.com/Ahmedsaabiri0","كشخة مكشوخة,ahmed sabiri | كشخة مكشوخة,pause,ahmedsabiri,storytime,ahmadsabiri,sabiri,ahmedsabiristory,ahmedsabiritwitch,ahmedsabirivlog,Ahmed Sabiri | كشخة مكشوخة,clash,pauseflow,rapmaroc,rapclashe,Morphinevspause,clashdollypran,clashbabygang,clashfigoshine,shobbe,mad,shayfeen,pause clash muslim,ahmedsabiripodcat,bilal fariha,bilal fariha with sabiri,pause flow reaction,ahmedsabirireactionn,smallxvspause,clashmorphine,clahsrapmaroc,pauseflowzanda,clashsmallx,smallx",22,"People & Blogs","Hip_hop_music,Music",PT1H8M55S,535,2d,hd,false,en,ar,https://i.ytimg.com/vi/kMXShCqa78w/maxresdefault.jpg,,,,,,180930,13698,,0,613
138,UCC4PkXCup_rjEjyGfsYYmpg," Ahmed Sabiri 2.0 ",hQG6cYrl2Vg,2024-01-22T22:49:46Z,"2024-01-22 22:49:46","Ahmedsabiri Réaction - SMALL X - GASLIGHT (Prod by BENNY ADAM)","Live Koula nhar fTwitch m3a 22.00h ha lien DREB FALLOW A Sa7bi 👇 https://www.twitch.tv/ahmedsabiri ✨Join my Social Media Discord ! https://discord.gg/VvADgpxfKS Instagram: https://www.instagram.com/ahmedsaabiri/ TikTok https://www.tiktok.com/@ahmedsaabiri Page FACEBOOK https://www.facebook.com/Ahmedsaabiri0","كشخة مكشوخة,ahmed sabiri | كشخة مكشوخة,pause,ahmedsabiri,storytime,ahmadsabiri,sabiri,ahmedsabiristory,ahmedsabiritwitch,ahmedsabirivlog,Ahmed Sabiri | كشخة مكشوخة,clash,pauseflow,rapmaroc,rapclashe,Morphinevspause,clashdollypran,clashbabygang,clashfigoshine,shobbe,mad,shayfeen,pause clash muslim,ahmedsabiripodcat,bilal fariha,bilal fariha with sabiri,pause flow reaction,ahmedsabirireactionn,smallxvspause,clashmorphine,clahsrapmaroc,pauseflowzanda,clashsmallx,smallx",22,"People & Blogs","Hip_hop_music,Music",PT24M15S,1455,2d,hd,false,fr,ar,,1,,,,,188322,16096,,0,875
139,UCC4PkXCup_rjEjyGfsYYmpg," Ahmed Sabiri 2.0 ",M7F30Soju4o,2024-01-12T18:15:32Z,"2024-01-12 18:15:32","Ahmedsabiri Réaction --Figoshin x Norfafrica - Machi Lkhatri","Live Koula nhar fTwitch m3a 22.00h ha lien DREB FALLOW A Sa7bi 👇 https://www.twitch.tv/ahmedsabiri ✨Join my Social Media Discord ! https://discord.gg/VvADgpxfKS Instagram: https://www.instagram.com/ahmedsaabiri/ TikTok https://www.tiktok.com/@ahmedsaabiri Page FACEBOOK https://www.facebook.com/Ahmedsaabiri0","ahmedsabiri,storytime,ahmadsabiri,sabiri,ahmedsabiristory,ahmedsabiritwitch,ahmedsabirivlog,Ahmed Sabiri | كشخة مكشوخة,كشخة مكشوخة,clash,pause,pauseflow,rapmaroc,rapclashe,Morphinevspause,clashdollypran,clashbabygang,clashfigoshine,shobbe,mad,shayfeen,pause clash muslim,ahmedsabiripodcat,bilal fariha,bilal fariha with sabiri,pause flow reaction,ahmedsabirireactionn,smallxvspause,clashmorphine,clahsrapmaroc,pauseflowzanda,clashsmallx,smallx,caf,figoshin",22,"People & Blogs","Hip_hop_music,Music",PT19M31S,1171,2d,hd,false,fr,ar,,1,,,,,191285,16207,,0,734
140,UCC4PkXCup_rjEjyGfsYYmpg," Ahmed Sabiri 2.0 ",wWFjPW2D6tk,2024-01-07T01:06:29Z,"2024-01-07 01:06:29","Ahmedsabiri Réaction - - Familya - Talal's mom ( Prod by dallas beats )","Live Koula nhar fTwitch m3a 22.00h ha lien DREB FALLOW A Sa7bi 👇 https://www.twitch.tv/ahmedsabiri Bougassaa Channel https://kick.com/bougassaa ✨Join my Social Media Discord ! https://discord.gg/VvADgpxfKS Instagram: https://www.instagram.com/ahmedsaabiri/ TikTok https://www.tiktok.com/@ahmedsaabiri Page FACEBOOK https://www.facebook.com/Ahmedsaabiri0","ahmedsabiri,storytime,ahmadsabiri,sabiri,ahmedsabiristory,ahmedsabiritwitch,ahmedsabirivlog,Ahmed Sabiri | كشخة مكشوخة,كشخة مكشوخة,clash,pause,pauseflow,rapmaroc,rapclashe,Morphinevspause,clashdollypran,clashbabygang,clashfigoshine,shobbe,mad,shayfeen,pause clash muslim,ahmedsabiripodcat,bilal fariha,bilal fariha with sabiri,pause flow reaction,ahmedsabirireactionn,smallxvspause,clashmorphine,clahsrapmaroc,pauseflowzanda,Familya - Talal's mom ( Prod by dallas beats ),bermuda",22,"People & Blogs","Hip_hop_music,Music",PT22M22S,1342,2d,hd,false,fr,ar,https://i.ytimg.com/vi/wWFjPW2D6tk/maxresdefault.jpg,1,,,,,261132,21427,,0,1139
141,UCC4PkXCup_rjEjyGfsYYmpg," Ahmed Sabiri 2.0 ",eDgG3--JRM4,2024-01-06T23:19:00Z,"2024-01-06 23:19:00","Ahmedsabiri Réaction - 7liwa - Rwicha (Official Music Video)","Live Koula nhar fTwitch m3a 22.00h ha lien DREB FALLOW A Sa7bi 👇 https://www.twitch.tv/ahmedsabiri ✨Join my Social Media Discord ! https://discord.gg/VvADgpxfKS Instagram: https://www.instagram.com/ahmedsaabiri/ TikTok https://www.tiktok.com/@ahmedsaabiri Page FACEBOOK https://www.facebook.com/Ahmedsaabiri0","ahmedsabiri,storytime,ahmadsabiri,sabiri,ahmedsabiristory,ahmedsabiritwitch,ahmedsabirivlog,Ahmed Sabiri | كشخة مكشوخة,كشخة مكشوخة,clash,pause,pauseflow,rapmaroc,rapclashe,Morphinevspause,clashdollypran,clashbabygang,clashfigoshine,shobbe,mad,shayfeen,pause clash muslim,ahmedsabiripodcat,bilal fariha,bilal fariha with sabiri,pause flow reaction,ahmedsabirireactionn,smallxvspause,clashmorphine,clahsrapmaroc,pauseflowzanda,clashsmallx,smallx,7liwa",22,"People & Blogs","Hip_hop_music,Music",PT18M52S,1132,2d,hd,false,fr,ar,https://i.ytimg.com/vi/eDgG3--JRM4/maxresdefault.jpg,1,,,,,177204,15948,,0,1034
142,UCC4PkXCup_rjEjyGfsYYmpg," Ahmed Sabiri 2.0 ",4rh1-ti0Rm4,2024-01-05T21:47:05Z,"2024-01-05 21:47:05","Ahmedsabiri Réaction -- أغرب إنسان في المغرب","Live Koula nhar fTwitch m3a 22.00h ha lien DREB FALLOW A Sa7bi 👇 https://www.twitch.tv/ahmedsabiri ✨Join my Social Media Discord ! https://discord.gg/VvADgpxfKS Instagram: https://www.instagram.com/ahmedsaabiri/ TikTok https://www.tiktok.com/@ahmedsaabiri Page FACEBOOK https://www.facebook.com/Ahmedsaabiri0","ahmedsabiri,storytime,ahmadsabiri,sabiri,ahmedsabiristory,ahmedsabiritwitch,ahmedsabirivlog,Ahmed Sabiri | كشخة مكشوخة,كشخة مكشوخة,clash,pause,pauseflow,rapmaroc,rapclashe,Morphinevspause,clashdollypran,clashbabygang,clashfigoshine,shobbe,mad,shayfeen,pause clash muslim,ahmedsabiripodcat,bilal fariha,bilal fariha with sabiri,pause flow reaction,ahmedsabirireactionn,smallxvspause,clashmorphine,clahsrapmaroc,pauseflowzanda,clashsmallx,smallx,bnsnss",22,"People & Blogs",Lifestyle_(sociology),PT26M17S,1577,2d,hd,false,fr,ar,https://i.ytimg.com/vi/4rh1-ti0Rm4/maxresdefault.jpg,1,,,,,1345552,84006,,0,2145
143,UCC4PkXCup_rjEjyGfsYYmpg," Ahmed Sabiri 2.0 ",YRSJU1SoEMQ,2024-01-02T00:58:52Z,"2024-01-02 00:58:52","Ahmedsabiri Réaction - Familya - Piccolo ( Prod by dallas beats )","Live Koula nhar fTwitch m3a 22.00h ha lien DREB FALLOW A Sa7bi 👇 https://www.twitch.tv/ahmedsabiri ✨Join my Social Media Discord ! https://discord.gg/VvADgpxfKS Instagram: https://www.instagram.com/ahmedsaabiri/ TikTok https://www.tiktok.com/@ahmedsaabiri Page FACEBOOK https://www.facebook.com/Ahmedsaabiri0","ahmedsabiri,storytime,ahmadsabiri,sabiri,ahmedsabiristory,ahmedsabiritwitch,ahmedsabirivlog,Ahmed Sabiri | كشخة مكشوخة,كشخة مكشوخة,clash,pause,pauseflow,rapmaroc,rapclashe,Morphinevspause,clashdollypran,clashbabygang,clashfigoshine,shobbe,mad,shayfeen,pause clash muslim,ahmedsabiripodcat,bilal fariha,bilal fariha with sabiri,pause flow reaction,ahmedsabirireactionn,smallxvspause,clashmorphine,clahsrapmaroc,pauseflowzanda,clashsmallx,smallx",22,"People & Blogs","Hip_hop_music,Music",PT20M35S,1235,2d,hd,false,fr,ar,https://i.ytimg.com/vi/YRSJU1SoEMQ/maxresdefault.jpg,1,,,,,552275,56572,,0,3868
144,UCC4PkXCup_rjEjyGfsYYmpg," Ahmed Sabiri 2.0 ",bVvpWsDcAK0,2023-12-31T03:53:18Z,"2023-12-31 03:53:18","Ahmedsabiri Réaction - PAUSE - ROULETTE RUSSE ( Prod by : TEASLAX ) EP. ZANDA","Live Koula nhar fTwitch m3a 22.00h ha lien DREB FALLOW A Sa7bi 👇 https://www.twitch.tv/ahmedsabiri ✨Join my Social Media Discord ! https://discord.gg/VvADgpxfKS Instagram: https://www.instagram.com/ahmedsaabiri/ TikTok https://www.tiktok.com/@ahmedsaabiri Page FACEBOOK https://www.facebook.com/Ahmedsaabiri0","ahmedsabiri,storytime,ahmadsabiri,sabiri,ahmedsabiristory,ahmedsabiritwitch,ahmedsabirivlog,Ahmed Sabiri | كشخة مكشوخة,كشخة مكشوخة,clash,pause,pauseflow,rapmaroc,rapclashe,Morphinevspause,clashdollypran,clashbabygang,clashfigoshine,shobbe,mad,shayfeen,pause clash muslim,ahmedsabiripodcat,bilal fariha,bilal fariha with sabiri,pause flow reaction,ahmedsabirireactionn,smallxvspause,clashmorphine,clahsrapmaroc,pauseflowzanda,PAUSE - ROULETTE RUSSE ( Prod by : TEASLAX ) EP. ZANDA",22,"People & Blogs","Hip_hop_music,Music",PT23M44S,1424,2d,hd,false,fr,ar,https://i.ytimg.com/vi/bVvpWsDcAK0/maxresdefault.jpg,1,,,,,593521,42878,,0,2913
145,UCC4PkXCup_rjEjyGfsYYmpg," Ahmed Sabiri 2.0 ",4qAcntu43bI,2023-12-29T11:19:14Z,"2023-12-29 11:19:14","Ahmedsabiri Réaction واش كاينة حضوض نربحو أو نديو كأس إفريقيا ؟","Live Koula nhar fTwitch m3a 22.00h ha lien DREB FALLOW A Sa7bi 👇 https://www.twitch.tv/ahmedsabiri Bougassaa Channel https://kick.com/bougassaa ✨Join my Social Media Discord ! https://discord.gg/VvADgpxfKS Instagram: https://www.instagram.com/ahmedsaabiri/ TikTok https://www.tiktok.com/@ahmedsaabiri Page FACEBOOK https://www.facebook.com/Ahmedsaabiri0","المغرب,المنتخب الوطني المغربي,Equipenationalmaroc,كأس إفريقيا,Coup d’afrique,Caf,Hakimi,Ziyech,Irahimi,Ounahi,Bonou,Coup du monde,المغرب في كأس العالم,حمد الله,Chdira,أمرابط,Demifinalmaroc,Marocqatar,Tendencemaroc",22,"People & Blogs",,PT17M38S,1058,2d,hd,false,ar,ar,https://i.ytimg.com/vi/4qAcntu43bI/maxresdefault.jpg,1,,,,,288130,24932,,0,913
146,UCC4PkXCup_rjEjyGfsYYmpg," Ahmed Sabiri 2.0 ",MNIsxVAzHnA,2023-12-18T18:00:28Z,"2023-12-18 18:00:28","Ahmedsabiri Réaction --- 😮 صراع التلفزة مع الراديو المغربي","Live Koula nhar fTwitch m3a 22.00h ha lien DREB FALLOW A Sa7bi 👇 https://www.twitch.tv/ahmedsabiri Bougassaa Channel https://kick.com/bougassaa ✨Join my Social Media Discord ! https://discord.gg/VvADgpxfKS Instagram: https://www.instagram.com/ahmedsaabiri/ TikTok https://www.tiktok.com/@ahmedsaabiri Page FACEBOOK https://www.facebook.com/Ahmedsaabiri0",,22,"People & Blogs",Entertainment,PT25M10S,1510,2d,hd,false,fr,ar,https://i.ytimg.com/vi/MNIsxVAzHnA/maxresdefault.jpg,1,,,,,290338,18249,,0,470
147,UCC4PkXCup_rjEjyGfsYYmpg," Ahmed Sabiri 2.0 ",1Yp7x_hghjQ,2023-12-16T21:23:16Z,"2023-12-16 21:23:16","Ahmedsabiri Review & Réaction --- Fat Mizzo - CHAINSOMNIA (Official Music Video) Prod. by Emesbeatz","Live Koula nhar fTwitch m3a 22.00h ha lien DREB FALLOW A Sa7bi 👇 https://www.twitch.tv/ahmedsabiri ✨Join my Social Media Discord ! https://discord.gg/VvADgpxfKS Instagram: https://www.instagram.com/ahmedsaabiri/ TikTok https://www.tiktok.com/@ahmedsaabiri Page FACEBOOK https://www.facebook.com/Ahmedsaabiri0","ahmed sabiri azar,ahmed sabiri reaction,ahmed sabiri,ahmedsabiri,storytime,ahmadsabiri,sabiri,ahmedsabiristory,ahmedsabiritwitch,ahmedsabirivlog,Ahmed Sabiri | كشخة مكشوخة,كشخة مكشوخة,clash,pause,pauseflow,rapmaroc,rapclashe,Morphinevspause,clashdollypran,clashbabygang,clashfigoshine,shayfeen,bo9al,don bigg ft dada,clash pause flow,أكبر شمس العشية,لموت ديال الضحك,smallx clash pause,Fat Mizzo - CHAINSOMNIA (Official Music Video) Prod. by Emesbeatz,FAT MIZO",22,"People & Blogs","Hip_hop_music,Music",PT22M32S,1352,2d,hd,false,en,ar,https://i.ytimg.com/vi/1Yp7x_hghjQ/maxresdefault.jpg,1,,,,,132711,12057,,0,595
148,UCC4PkXCup_rjEjyGfsYYmpg," Ahmed Sabiri 2.0 ",PFaiieWsGes,2023-12-15T09:54:02Z,"2023-12-15 09:54:02","Ahmedsabiri Review & Réaction --- SMALL X - XCALIBUR * Clash Pauseflow*","Live Koula nhar fTwitch m3a 22.00h ha lien DREB FALLOW A Sa7bi 👇 https://www.twitch.tv/ahmedsabiri ✨Join my Social Media Discord ! https://discord.gg/VvADgpxfKS Instagram: https://www.instagram.com/ahmedsaabiri/ TikTok https://www.tiktok.com/@ahmedsaabiri Page FACEBOOK https://www.facebook.com/Ahmedsaabiri0","ahmed sabiri azar,ahmed sabiri reaction,ahmed sabiri,ahmedsabiri,storytime,ahmadsabiri,sabiri,ahmedsabiristory,ahmedsabiritwitch,ahmedsabirivlog,Ahmed Sabiri | كشخة مكشوخة,كشخة مكشوخة,clash,pause,pauseflow,rapmaroc,rapclashe,Morphinevspause,clashdollypran,clashbabygang,clashfigoshine,shayfeen,bo9al,don bigg ft dada,clash pause flow,أكبر شمس العشية,لموت ديال الضحك,smallx clash pause,Ahmedsabiri Review & Réaction --- SMALL X - XCALIBUR Clash Pauseflow",22,"People & Blogs","Hip_hop_music,Music",PT21M17S,1277,2d,hd,false,fr,ar,https://i.ytimg.com/vi/PFaiieWsGes/maxresdefault.jpg,1,,,,,249309,32567,,0,3405
149,UCC4PkXCup_rjEjyGfsYYmpg," Ahmed Sabiri 2.0 ",89_IdWIUH5Q,2023-12-11T23:56:35Z,"2023-12-11 23:56:35","Ahmedsabiri Réaction --- Inkonnu - Souvenirs- عاد inkonnu القديم💖","Live Koula nhar fTwitch m3a 22.00h ha lien DREB FALLOW A Sa7bi 👇 https://www.twitch.tv/ahmedsabiri Bougassa live : https://trovo.live/s/BOUGASSAA/224262248 ✨Join my Social Media Discord ! https://discord.gg/VvADgpxfKS Instagram: https://www.instagram.com/ahmedsaabiri/ TikTok https://www.tiktok.com/@ahmedsaabiri Page FACEBOOK https://www.facebook.com/Ahmedsaabiri0","ahmedsabiri,ahmed sabiri,ahmed sabiri | كشخة مكشوخة,inkonnu souvenir,inkonnu,ahmed sabiri azar,ahmed sabiri reaction,storytime,ahmadsabiri,sabiri,ahmedsabiristory,ahmedsabiritwitch,ahmedsabirivlog,Ahmed Sabiri | كشخة مكشوخة,كشخة مكشوخة,clash,pause,pauseflow,rapmaroc,rapclashe,Morphinevspause,clashdollypran,clashbabygang,clashfigoshine,shobbe,mad,shayfeen,bo9al,don bigg ft dada,clash pause flow,abaterax,أكبر شمس العشية,لموت ديال الضحك",22,"People & Blogs","Hip_hop_music,Music",PT23M23S,1403,2d,hd,false,fr,ar,https://i.ytimg.com/vi/89_IdWIUH5Q/maxresdefault.jpg,1,,,,,157305,18957,,0,1046
150,UCC4PkXCup_rjEjyGfsYYmpg," Ahmed Sabiri 2.0 ",1u_LvxwbmCs,2023-12-10T17:16:43Z,"2023-12-10 17:16:43","الطريق الى القسم الأول -- جمهور كبير💕🎉","Live Koula nhar fTwitch m3a 22.00h ha lien DREB FALLOW A Sa7bi 👇 https://www.twitch.tv/ahmedsabiri ✨Join my Social Media Discord ! https://discord.gg/VvADgpxfKS Instagram: https://www.instagram.com/ahmedsaabiri/ TikTok https://www.tiktok.com/@ahmedsaabiri Page FACEBOOK https://www.facebook.com/Ahmedsaabiri0","ahmedsabiri,storytime,ahmadsabiri,sabiri,ahmedsabiristory,ahmedsabiritwitch,ahmedsabirivlog,Ahmed Sabiri | كشخة مكشوخة,كشخة مكشوخة,clash,pause,pauseflow,rapmaroc,rapclashe,Morphinevspause,clashdollypran,clashbabygang,clashfigoshine,shobbe,mad,shayfeen,bo9al,don bigg ft dada,clash pause flow,abaterax,diib,dib hallucination,vlog maroc,fifa 24,botolainwi,inwi,kakwab marrakech,marrakech,footballmaroc",22,"People & Blogs",Association_football,PT22M43S,1363,2d,hd,false,ar,ar,https://i.ytimg.com/vi/1u_LvxwbmCs/maxresdefault.jpg,1,,,,,429975,32010,,0,1806
151,UCC4PkXCup_rjEjyGfsYYmpg," Ahmed Sabiri 2.0 ",wgIlvBzEkkk,2023-12-09T01:19:57Z,"2023-12-09 01:19:57","Ahmedsabiri Réaction --- Diib - Hallucinations Prd by Rimo beat ** B7al L' morphine*","Live Koula nhar fTwitch m3a 22.00h ha lien DREB FALLOW A Sa7bi 👇 https://www.twitch.tv/ahmedsabiri ✨Join my Social Media Discord ! https://discord.gg/VvADgpxfKS Instagram: https://www.instagram.com/ahmedsaabiri/ TikTok https://www.tiktok.com/@ahmedsaabiri Page FACEBOOK https://www.facebook.com/Ahmedsaabiri0","ahmedsabiri,storytime,ahmadsabiri,sabiri,ahmedsabiristory,ahmedsabiritwitch,ahmedsabirivlog,Ahmed Sabiri | كشخة مكشوخة,كشخة مكشوخة,clash,pause,pauseflow,rapmaroc,rapclashe,Morphinevspause,clashdollypran,clashbabygang,clashfigoshine,shobbe,mad,shayfeen,bo9al,don bigg ft dada,clash pause flow,abaterax,diib,dib hallucination",22,"People & Blogs","Hip_hop_music,Music",PT33M6S,1986,2d,hd,false,fr,ar,https://i.ytimg.com/vi/wgIlvBzEkkk/maxresdefault.jpg,1,,,,,169680,15917,,0,1122
152,UCC4PkXCup_rjEjyGfsYYmpg," Ahmed Sabiri 2.0 ",f1gfnAYJkL8,2023-12-08T23:03:40Z,"2023-12-08 23:03:40","Ahmedsabiri Réaction --- Dollypran - SINGALLA ** Clash Pause flow *","Live Koula nhar fTwitch m3a 22.00h ha lien DREB FALLOW A Sa7bi 👇 https://www.twitch.tv/ahmedsabiri Bougassa live : https://trovo.live/s/BOUGASSAA/224262248 ✨Join my Social Media Discord ! https://discord.gg/VvADgpxfKS Instagram: https://www.instagram.com/ahmedsaabiri/ TikTok https://www.tiktok.com/@ahmedsaabiri Page FACEBOOK https://www.facebook.com/Ahmedsaabiri0","ahmed sabiri azar,ahmed sabiri reaction,ahmed sabiri,ahmedsabiri,storytime,ahmadsabiri,sabiri,ahmedsabiristory,ahmedsabiritwitch,ahmedsabirivlog,Ahmed Sabiri | كشخة مكشوخة,كشخة مكشوخة,clash,pause,pauseflow,rapmaroc,rapclashe,Morphinevspause,clashdollypran,clashbabygang,clashfigoshine,shobbe,mad,shayfeen,bo9al,don bigg ft dada,clash pause flow,abaterax,أكبر شمس العشية,لموت ديال الضحك",22,"People & Blogs","Hip_hop_music,Music",PT22M19S,1339,2d,hd,false,fr,ar,https://i.ytimg.com/vi/f1gfnAYJkL8/maxresdefault.jpg,1,,,,,275319,25925,,0,1336
153,UCC4PkXCup_rjEjyGfsYYmpg," Ahmed Sabiri 2.0 ",5HIhT5OakOY,2023-12-07T23:00:31Z,"2023-12-07 23:00:31","Ahmedsabiri Réaction - MIM DADA ft Don big ( Clash pause flow )","Live Koula nhar fTwitch m3a 22.00h ha lien DREB FALLOW A Sa7bi 👇 https://www.twitch.tv/ahmedsabiri ✨Join my Social Media Discord ! https://discord.gg/VvADgpxfKS Instagram: https://www.instagram.com/ahmedsaabiri/ TikTok https://www.tiktok.com/@ahmedsaabiri Page FACEBOOK https://www.facebook.com/Ahmedsaabiri0","ahmedsabiri,storytime,ahmadsabiri,sabiri,ahmedsabiristory,ahmedsabiritwitch,ahmedsabirivlog,Ahmed Sabiri | كشخة مكشوخة,كشخة مكشوخة,clash,pause,pauseflow,rapmaroc,rapclashe,Morphinevspause,clashdollypran,clashbabygang,clashfigoshine,shobbe,mad,shayfeen,bo9al,don bigg ft dada,clash pause flow",22,"People & Blogs","Hip_hop_music,Music",PT15M33S,933,2d,hd,false,fr,ar,https://i.ytimg.com/vi/5HIhT5OakOY/maxresdefault.jpg,1,,,,,297790,23170,,0,1328
154,UCC4PkXCup_rjEjyGfsYYmpg," Ahmed Sabiri 2.0 ",PVpp7dDGbRU,2023-12-05T15:17:41Z,"2023-12-05 15:17:41","ردة فعل GTA6 اللحظة المنتظرة من عشرة سنين للكبار🚨مع تحليل","Live Koula nhar fTwitch m3a 22.00h ha lien DREB FALLOW A Sa7bi 👇 https://www.twitch.tv/ahmedsabiri ✨Join my Social Media Discord ! https://discord.gg/VvADgpxfKS Instagram: https://www.instagram.com/ahmedsaabiri/ TikTok https://www.tiktok.com/@ahmedsaabiri Page FACEBOOK https://www.facebook.com/Ahmedsaabiri0","ahmedsabiri,storytime,ahmadsabiri,sabiri,ahmedsabiristory,ahmedsabiritwitch,ahmedsabirivlog,Ahmed Sabiri | كشخة مكشوخة,كشخة مكشوخة,clash,pause,pauseflow,rapmaroc,rapclashe,Morphinevspause,clashdollypran,clashbabygang,clashfigoshine,shobbe,mad,shayfeen,GT6A,GTA",22,"People & Blogs","Action-adventure_game,Action_game,Video_game_culture",PT6M29S,389,2d,hd,false,ar,ar,https://i.ytimg.com/vi/PVpp7dDGbRU/maxresdefault.jpg,,,,,,104822,9338,,0,340
155,UCC4PkXCup_rjEjyGfsYYmpg," Ahmed Sabiri 2.0 ",cFKE5qTyEuU,2023-12-05T09:58:57Z,"2023-12-05 09:58:57","زياش قمع فاتي جمالي أو قال ليها F**ck you مرضاتش 😂","Live Koula nhar fTwitch m3a 22.00h ha lien DREB FALLOW A Sa7bi 👇 https://www.twitch.tv/ahmedsabiri ✨Join my Social Media Discord ! https://discord.gg/VvADgpxfKS Instagram: https://www.instagram.com/ahmedsaabiri/ TikTok https://www.tiktok.com/@ahmedsaabiri Page FACEBOOK https://www.facebook.com/Ahmedsaabiri0","ahmedsabiri,storytime,ahmadsabiri,sabiri,ahmedsabiristory,ahmedsabiritwitch,ahmedsabirivlog,Ahmed Sabiri | كشخة مكشوخة,كشخة مكشوخة,clash,pause,pauseflow,rapmaroc,rapclashe,Morphinevspause,clashdollypran,clashbabygang,clashfigoshine,shobbe,mad,shayfeen,bo9al,ZYEICH,ZYACH,rap maroc,fati jamali ziyech",22,"People & Blogs",,PT15M41S,941,2d,hd,false,ar,ar,https://i.ytimg.com/vi/cFKE5qTyEuU/maxresdefault.jpg,1,,,,,498294,41266,,0,1843
156,UCC4PkXCup_rjEjyGfsYYmpg," Ahmed Sabiri 2.0 ",CnzYkxHGCnc,2023-12-03T11:30:13Z,"2023-12-03 11:30:13","Ahmedsabiri Réaction PAUSE- LUCIFER ( Prod by : Teaslax ) واش متاعياش هاذا من الكلاشات","Live Koula nhar fTwitch m3a 22.00h ha lien DREB FALLOW A Sa7bi 👇 https://www.twitch.tv/ahmedsabiri ✨Join my Social Media Discord ! https://discord.gg/VvADgpxfKS Instagram: https://www.instagram.com/ahmedsaabiri/ TikTok https://www.tiktok.com/@ahmedsaabiri Page FACEBOOK https://www.facebook.com/Ahmedsaabiri0","ahmedsabiri,storytime,ahmadsabiri,sabiri,ahmedsabiristory,ahmedsabiritwitch,ahmedsabirivlog,Ahmed Sabiri | كشخة مكشوخة,كشخة مكشوخة,clash,pause,pauseflow,rapmaroc,rapclashe,Morphinevspause,clashdollypran,clashbabygang,clashfigoshine,shobbe,mad,shayfeen",22,"People & Blogs","Hip_hop_music,Music",PT13M13S,793,2d,hd,false,fr,ar,https://i.ytimg.com/vi/CnzYkxHGCnc/maxresdefault.jpg,1,,,,,357797,32771,,0,1019
157,UCC4PkXCup_rjEjyGfsYYmpg," Ahmed Sabiri 2.0 ",DIk53_kU9H4,2023-12-02T16:36:15Z,"2023-12-02 16:36:15","Storytime #3 ماتوقعتش إتنصب عليا من عند هاد اللحية","Live Koula nhar fTwitch m3a 22.00h ha lien DREB FALLOW A Sa7bi 👇 https://www.twitch.tv/ahmedsabiri ✨Join my Social Media Discord ! https://discord.gg/VvADgpxfKS Instagram: https://www.instagram.com/ahmedsaabiri/ TikTok https://www.tiktok.com/@ahmedsaabiri Page FACEBOOK https://www.facebook.com/Ahmedsaabiri0","ahmedsabiri,storytime,ahmadsabiri,sabiri,ahmedsabiristory,ahmedsabiritwitch,ahmedsabirivlog,Ahmed Sabiri | كشخة مكشوخة,كشخة مكشوخة",22,"People & Blogs",,PT20M27S,1227,2d,hd,false,ar,ar,https://i.ytimg.com/vi/DIk53_kU9H4/maxresdefault.jpg,1,,,,,299575,24376,,0,341
158,UCC4PkXCup_rjEjyGfsYYmpg," Ahmed Sabiri 2.0 ",hHsCMhBj6qY,2023-12-01T17:53:42Z,"2023-12-01 17:53:42","Ahmedsabiri Réaction Dib - Blind Shuffle with @familya_original Pause واش كلاشا ?","Live Koula nhar fTwitch m3a 22.00h ha lien DREB FALLOW A Sa7bi 👇 https://www.twitch.tv/ahmedsabiri ✨Join my Social Media Discord ! https://discord.gg/VvADgpxfKS Instagram: https://www.instagram.com/ahmedsaabiri/ TikTok https://www.tiktok.com/@ahmedsaabiri Page FACEBOOK","ahmedsabiri,storytime,ahmadsabiri,sabiri,ahmedsabiristory,ahmedsabiritwitch,ahmedsabirivlog,Ahmed Sabiri | كشخة مكشوخة,كشخة مكشوخة,clash,pause,pauseflow,rapmaroc,rapclashe,Morphinevspause,clashdollypran,clashbabygang,clashfigoshine,Dib,Diib - Blind Shuffle,Dibclash,marocrapclash",22,"People & Blogs","Hip_hop_music,Music",PT14M13S,853,2d,hd,false,fr,ar,https://i.ytimg.com/vi/hHsCMhBj6qY/maxresdefault.jpg,1,,,,,90688,8502,,0,195
159,UCC4PkXCup_rjEjyGfsYYmpg," Ahmed Sabiri 2.0 ",QHy5e43vdFE,2023-11-27T13:04:17Z,"2023-11-27 13:04:17","Ahmedsabiri Rection DOLLYPRAN - Flilou Clash Pause","Live Koula nhar fTwitch m3a 22.00h ha lien DREB FALLOW A Sa7bi 👇 https://www.twitch.tv/ahmedsabiri ✨Join my Social Media Discord ! https://discord.gg/VvADgpxfKS Instagram: https://www.instagram.com/ahmedsaabiri/ TikTok https://www.tiktok.com/@ahmedsaabiri Page FACEBOOK https://www.facebook.com/Ahmedsaabiri0","ahmedsabiri,storytime,ahmadsabiri,sabiri,ahmedsabiristory,ahmedsabiritwitch,ahmedsabirivlog,Ahmed Sabiri | كشخة مكشوخة,كشخة مكشوخة,clash,pause,pauseflow,rapmaroc,rapclashe,Morphinevspause,clashdollypran,clashbabygang,clashfigoshine,clashrapmaroc,dollypran,flilou,dollypranflilou,dollypranvspause",22,"People & Blogs",Hip_hop_music,PT13M9S,789,2d,hd,false,fr,ar,https://i.ytimg.com/vi/QHy5e43vdFE/maxresdefault.jpg,1,,,,,181052,12459,,0,540
160,UCC4PkXCup_rjEjyGfsYYmpg," Ahmed Sabiri 2.0 ",-sVYJCiyUCo,2023-11-26T13:09:13Z,"2023-11-26 13:09:13","AhmedSabiri Réaction PAUSE - ZANDA Nari ch7al men wahed Clasha","Live Koula nhar fTwitch m3a 22.00h ha lien DREB FALLOW A Sa7bi 👇 https://www.twitch.tv/ahmedsabiri ✨Join my Social Media Discord ! https://discord.gg/VvADgpxfKS Instagram: https://www.instagram.com/ahmedsaabiri/ TikTok https://www.tiktok.com/@ahmedsaabiri Page FACEBOOK https://www.facebook.com/Ahmedsaabiri0","ahmedsabiri,storytime,ahmadsabiri,sabiri,ahmedsabiristory,ahmedsabiritwitch,ahmedsabirivlog,Ahmed Sabiri | كشخة مكشوخة,كشخة مكشوخة,clash,pause,pauseflow,rapmaroc,rapclashe,Morphinevspause,clashdollypran,clashbabygang,clashfigoshine",22,"People & Blogs","Hip_hop_music,Music",PT10M41S,641,2d,hd,false,fr,ar,https://i.ytimg.com/vi/-sVYJCiyUCo/maxresdefault.jpg,1,,,,,277735,16560,,0,583
161,UCC4PkXCup_rjEjyGfsYYmpg," Ahmed Sabiri 2.0 ",Ac7HK9G0qRY,2023-11-22T18:34:28Z,"2023-11-22 18:34:28","Storytime #2 قصتي مع السرقة","Live Koula nhar fTwitch m3a 22.00h ha lien DREB FALLOW A Sa7bi 👇 https://www.twitch.tv/ahmedsabiri ✨Join my Social Media Discord ! https://discord.gg/VvADgpxfKS Instagram: https://www.instagram.com/ahmedsaabiri/ TikTok https://www.tiktok.com/@ahmedsaabiri Page FACEBOOK https://www.facebook.com/Ahmedsaabiri0","ahmedsabiri,storytime,ahmadsabiri,sabiri,ahmedsabiristory,ahmedsabiritwitch,ahmedsabirivlog,Ahmed Sabiri | كشخة مكشوخة,كشخة مكشوخة",22,"People & Blogs",,PT27M36S,1656,2d,hd,false,fr,ar,https://i.ytimg.com/vi/Ac7HK9G0qRY/maxresdefault.jpg,1,,,,,668796,36024,,0,637
162,UCC4PkXCup_rjEjyGfsYYmpg," Ahmed Sabiri 2.0 ",7RkgO6c3xTE,2023-11-11T19:46:22Z,"2023-11-11 19:46:22","Storytime Final Part الرياضة في المدرسة المغربية","Live Koula nhar fTwitch m3a 22.00h ha lien DREB FALLOW A Sa7bi 👇 https://www.twitch.tv/ahmedsabiri ✨Join my Social Media Discord ! https://discord.gg/VvADgpxfKS Instagram: https://www.instagram.com/ahmedsaabiri/ TikTok https://www.tiktok.com/@ahmedsaabiri Page FACEBOOK https://www.facebook.com/Ahmedsaabiri0","ahmedsabiri,storytime,ahmadsabiri,sabiri,ahmedsabiristory,ahmedsabiritwitch,ahmedsabirivlog,Ahmed Sabiri | كشخة مكشوخة,كشخة مكشوخة",22,"People & Blogs",Lifestyle_(sociology),PT15M26S,926,2d,hd,false,ar,ar,https://i.ytimg.com/vi/7RkgO6c3xTE/maxresdefault.jpg,1,,,,,269460,26468,,0,419
163,UCC4PkXCup_rjEjyGfsYYmpg," Ahmed Sabiri 2.0 ",BAnIkqQvVO8,2023-11-09T19:23:02Z,"2023-11-09 19:23:02","Storytime #1 Part1 الرياضة في المدرسة المغربية","Live Koula nhar fTwitch m3a 22.00h ha lien 👇 https://www.twitch.tv/ahmedsabiri ✨Join my Social Media Discord ! https://discord.gg/VvADgpxfKS Instagram: https://www.instagram.com/ahmedsaabiri/ TikTok https://www.tiktok.com/@ahmedsaabiri Page FACEBOOK https://www.facebook.com/Ahmedsaabiri0","ahmedsabiri,storytime,ahmadsabiri,sabiri,ahmedsabiristory,ahmedsabiritwitch,ahmedsabirivlog,Ahmed Sabiri | كشخة مكشوخة,كشخة مكشوخة",22,"People & Blogs",,PT16M31S,991,2d,hd,false,ar,ar,https://i.ytimg.com/vi/BAnIkqQvVO8/maxresdefault.jpg,1,,,,,444321,30678,,0,842
164,UCC4PkXCup_rjEjyGfsYYmpg," Ahmed Sabiri 2.0 ",-w3Qwm4T-Ck,2023-01-29T04:27:20Z,"2023-01-29 04:27:20","Ahmed Sabiri Is Back To Streaming 😎😍",,,22,"People & Blogs","Hip_hop_music,Music",PT4H14M50S,890,2d,hd,false,en,ar,https://i.ytimg.com/vi/-w3Qwm4T-Ck/maxresdefault.jpg,,,,,,13452,1964,,0,4
