position,channelId,channelTitle,videoId,publishedAt,publishedAtSQL,videoTitle,videoDescription,tags,videoCategoryId,videoCategoryLabel,topicCategories,duration,durationSec,dimension,definition,caption,defaultLanguage,defaultLAudioLanguage,thumbnail_maxres,licensedContent,hasPaidProductPlacement,locationDescription,latitude,longitude,viewCount,likeCount,dislikeCount,favoriteCount,commentCount
1,UCeuMT3QEwuCdRE8Tg58RCqg,"Khalid Lidlissi & Dala",wjv7YlkszmY,2026-03-14T17:09:49Z,"2026-03-14 17:09:49","وجدنا فطور رمضاني مع الواليد وكيف العادة بقينا بلا فطور 😅",,,29,"Nonprofits & Activism","Food,Lifestyle_(sociology)",PT22M33S,1353,2d,hd,false,ar,en,https://i.ytimg.com/vi/wjv7YlkszmY/maxresdefault.jpg,1,,,,,257996,9987,,0,259
2,UCeuMT3QEwuCdRE8Tg58RCqg,"Khalid Lidlissi & Dala",F7C1djlovsg,2026-03-07T23:54:07Z,"2026-03-07 23:54:07","سولتونا جاوبناكوم.. شحال تكاليف البرطمة ؟",,,29,"Nonprofits & Activism",,PT22M29S,1349,2d,hd,false,ar,en,https://i.ytimg.com/vi/F7C1djlovsg/maxresdefault.jpg,1,,,,,170788,8081,,0,300
3,UCeuMT3QEwuCdRE8Tg58RCqg,"Khalid Lidlissi & Dala",6hGq2Vr_qfE,2026-02-27T21:54:23Z,"2026-02-27 21:54:23","توديع الواليدة قبل العمرة… انا والوليد غندوزو رمضان بلا بيها!🥲",,,29,"Nonprofits & Activism",,PT23M1S,1381,2d,hd,false,ar,en,https://i.ytimg.com/vi/6hGq2Vr_qfE/maxresdefault.jpg,1,,,,,170942,7574,,0,213
4,UCeuMT3QEwuCdRE8Tg58RCqg,"Khalid Lidlissi & Dala",wOXAjZ6J4pU,2026-02-23T17:54:45Z,"2026-02-23 17:54:45","علاش رجعنا قبل ما نوصلو لـ جبل توبقال؟ التحدي سالا قبل ما يبدا 😪","📩 Pour toute collaboration (Les collabs) Gmail : khalidlidlissistory@gmail.com ———————- عبد الكريم كراء لوازم التخييم ⛺️ 📞 +212 659-051064 ———————- 📲 Instagram : @khalidlidlissi @mouad_aboukassim @hafiid_ch @im3alam_dipani",,29,"Nonprofits & Activism","Hobby,Lifestyle_(sociology)",PT32M9S,1929,2d,hd,false,ar,en,https://i.ytimg.com/vi/wOXAjZ6J4pU/maxresdefault.jpg,1,,,,,163888,7081,,0,207
5,UCeuMT3QEwuCdRE8Tg58RCqg,"Khalid Lidlissi & Dala",qI0ibiDr3y8,2026-02-19T18:33:13Z,"2026-02-19 18:33:13","اغرب تقديا ديال شهر رمضان!.. مكنتش متوقع هادشي☹️😅","For Business khalidlidlissistory@gmail.com Instagram @khalidlidlissi BRAHIM @lm3alam_dipani",,29,"Nonprofits & Activism",Lifestyle_(sociology),PT30M49S,1849,2d,hd,false,ar,en,https://i.ytimg.com/vi/qI0ibiDr3y8/maxresdefault.jpg,1,,,,,202248,8817,,0,203
6,UCeuMT3QEwuCdRE8Tg58RCqg,"Khalid Lidlissi & Dala",NWXQilkT_TM,2026-01-02T19:15:39Z,"2026-01-02 19:15:39","الواليد متوقعش هاد اللذة! مشجعة سنغالية طيبات لينا وجبة سنغالية 100% 🇸🇳","For Business khalidlidlissistory@gmail.com Instagram @khalidlidlissi BRAHIM @lm3alam_dipani",,29,"Nonprofits & Activism","Food,Lifestyle_(sociology)",PT24M24S,1464,2d,hd,false,ar,en,https://i.ytimg.com/vi/NWXQilkT_TM/maxresdefault.jpg,1,,,,,235233,8524,,0,432
7,UCeuMT3QEwuCdRE8Tg58RCqg,"Khalid Lidlissi & Dala",wbUaOQXtOgY,2025-12-13T16:54:20Z,"2025-12-13 16:54:20","لمغاربة وقفوا مع ديباني… شراو ليه دار بعد قرار الهدم ❤️","For Business khalidlidlissistory@gmail.com Instagram @khalidlidlissi BRAHIM @lm3alam_dipani",,29,"Nonprofits & Activism",Lifestyle_(sociology),PT42M36S,2556,2d,hd,false,ar,en,https://i.ytimg.com/vi/wbUaOQXtOgY/maxresdefault.jpg,1,,,,,380329,18777,,0,739
8,UCeuMT3QEwuCdRE8Tg58RCqg,"Khalid Lidlissi & Dala",b_UiR0OqHrg,2025-11-16T12:27:13Z,"2025-11-16 12:27:13","الاحتفال بالدار الجديدة تحوّل لأغرب عراضة بسبب الواليد والدراري! 😂🏠","For Business khalidlidlissistory@gmail.com Instagram @khalidlidlissi BRAHIM @lm3alam_dipani",,29,"Nonprofits & Activism",Lifestyle_(sociology),PT40M25S,2425,2d,hd,false,ar,en,https://i.ytimg.com/vi/b_UiR0OqHrg/maxresdefault.jpg,1,,,,,476256,19898,,0,653
9,UCeuMT3QEwuCdRE8Tg58RCqg,"Khalid Lidlissi & Dala",nE6lR1M6BV0,2025-11-02T16:09:44Z,"2025-11-02 16:09:44","قرار الهدم صدم ديباني 😢… لكن المفاجأة المغاربة جمعو ليه 24 مليون الحمد لله ! 🇲🇦❤️","معلومات الحساب البنكي 💳 RIB: 230 020 2677235211018201 78 -------------------------------- For Business khalidlidlissistory@gmail.com Instagram @khalidlidlissi BRAHIM @lm3alam_dipani",,29,"Nonprofits & Activism",,PT28M4S,1684,2d,hd,false,ar,en,https://i.ytimg.com/vi/nE6lR1M6BV0/maxresdefault.jpg,1,,,,,369320,20945,,0,1217
10,UCeuMT3QEwuCdRE8Tg58RCqg,"Khalid Lidlissi & Dala",jX73qLO4K1E,2025-10-24T20:27:18Z,"2025-10-24 20:27:18","الواليد نتاقم مني 😢 دار ليا برانك عمرني نساه 🤷🏻‍♂️","For Business khalidlidlissistory@gmail.com Instagram @khalidlidlissi BRAHIM @lm3alam_dipani",,29,"Nonprofits & Activism",Lifestyle_(sociology),PT36M38S,2198,2d,hd,false,ar,en,https://i.ytimg.com/vi/jX73qLO4K1E/maxresdefault.jpg,1,,,,,539695,22999,,0,689
11,UCeuMT3QEwuCdRE8Tg58RCqg,"Khalid Lidlissi & Dala",V8-Ao8QNCvA,2025-09-06T17:49:05Z,"2025-09-06 17:49:05","لعبة بدرهم فالـبحر 🏖️ حولناها لفرحة الدخول المدرسي !!؟","For Business khalidlidlissistory@gmail.com Instagram @khalidlidlissi BRAHIM @lm3alam_dipani",,29,"Nonprofits & Activism",Lifestyle_(sociology),PT31M2S,1862,2d,hd,false,ar,en,https://i.ytimg.com/vi/V8-Ao8QNCvA/maxresdefault.jpg,1,,,,,267875,10174,,0,301
12,UCeuMT3QEwuCdRE8Tg58RCqg,"Khalid Lidlissi & Dala",X-W4-CpcUsg,2025-08-11T18:59:48Z,"2025-08-11 18:59:48","لوليد قتارح عليا نشري محال تجاري..واش نقدرندير مشروع؟!","🛍️ مركز أطلس التجاري: 📞 0664-050259 ------------------------------------ For Business khalidlidlissistory@gmail.com Instagram @khalidlidlissi BRAHIM @lm3alam_dipani",,29,"Nonprofits & Activism",,PT23M49S,1429,2d,hd,false,ar,en,https://i.ytimg.com/vi/X-W4-CpcUsg/maxresdefault.jpg,1,,,,,285506,12875,,0,601
13,UCeuMT3QEwuCdRE8Tg58RCqg,"Khalid Lidlissi & Dala",j_gtIbdxlDc,2025-08-03T22:18:58Z,"2025-08-03 22:18:58","الحلقة الاخيرة...ردة فعل ابي على الشقة لي خديت!!","For Business khalidlidlissistory@gmail.com Instagram @khalidlidlissi BRAHIM @lm3alam_dipani",,29,"Nonprofits & Activism",,PT42M5S,2525,2d,hd,false,ar,en,https://i.ytimg.com/vi/j_gtIbdxlDc/maxresdefault.jpg,1,,,,,460873,20749,,0,748
14,UCeuMT3QEwuCdRE8Tg58RCqg,"Khalid Lidlissi & Dala",lgUzrBOIBZI,2025-07-30T19:07:34Z,"2025-07-30 19:07:34","معاد صدماتو التيجة الاخيرة ديال الشقة..موعد المفاجأة قرب!!!","For Business khalidlidlissistory@gmail.com Instagram @khalidlidlissi BRAHIM @lm3alam_dipani",,29,"Nonprofits & Activism",,PT26M37S,1597,2d,hd,false,ar,en,https://i.ytimg.com/vi/lgUzrBOIBZI/maxresdefault.jpg,1,,,,,366513,16370,,0,416
15,UCeuMT3QEwuCdRE8Tg58RCqg,"Khalid Lidlissi & Dala",Aj_zV2HHAH8,2025-07-25T19:14:21Z,"2025-07-25 19:14:21","معلم دار لينا كارتة فالدار..وديباني تعصب بلا قياس!!","For Business khalidlidlissistory@gmail.com Instagram @khalidlidlissi BRAHIM @lm3alam_dipani",,29,"Nonprofits & Activism",,PT26M4S,1564,2d,hd,false,ar,en,https://i.ytimg.com/vi/Aj_zV2HHAH8/maxresdefault.jpg,1,,,,,317814,13088,,0,448
16,UCeuMT3QEwuCdRE8Tg58RCqg,"Khalid Lidlissi & Dala",167yi92MOM4,2025-07-20T20:45:03Z,"2025-07-20 20:45:03","بدات كتقرب لحضة الحقيقة…ديباني قرر يعلمني !!!","For Business khalidlidlissistory@gmail.com Instagram @khalidlidlissi BRAHIM @lm3alam_dipani",,29,"Nonprofits & Activism",Lifestyle_(sociology),PT26M30S,1590,2d,hd,false,ar,en,https://i.ytimg.com/vi/167yi92MOM4/maxresdefault.jpg,1,,,,,331648,13790,,0,361
17,UCeuMT3QEwuCdRE8Tg58RCqg,"Khalid Lidlissi & Dala",rJI4r3oivoE,2025-07-16T20:00:26Z,"2025-07-16 20:00:26","الإستعداد للمفاجأة..لمعلم ديباني زعمني على المعقول!! طلقتها فيد الله..","For Business khalidlidlissistory@gmail.com Instagram @khalidlidlissi BRAHIM @lm3alam_dipani",,29,"Nonprofits & Activism",Lifestyle_(sociology),PT31M57S,1917,2d,hd,false,ar,en,https://i.ytimg.com/vi/rJI4r3oivoE/maxresdefault.jpg,1,,,,,349981,15878,,0,530
18,UCeuMT3QEwuCdRE8Tg58RCqg,"Khalid Lidlissi & Dala",muSoqvTQ0c4,2025-07-12T20:01:52Z,"2025-07-12 20:01:52","حققت الحلم المغربي..ربي فرجها عليا🥺🤲🏻","For Business khalidlidlissistory@gmail.com Instagram @khalidlidlissi BRAHIM @lm3alam_dipani",,29,"Nonprofits & Activism",Lifestyle_(sociology),PT28M6S,1686,2d,hd,false,ar,en,https://i.ytimg.com/vi/muSoqvTQ0c4/maxresdefault.jpg,1,,,,,566880,23343,,0,679
19,UCeuMT3QEwuCdRE8Tg58RCqg,"Khalid Lidlissi & Dala",pANDfELmuh4,2025-06-07T23:44:44Z,"2025-06-07 23:44:44","ها كفاش داز نهار العيد بلا دبيحة.. وها شنو درنا!!","For Business khalidlidlissistory@gmail.com Instagram @khalidlidlissi BRAHIM @lm3alam_dipani",,29,"Nonprofits & Activism",Lifestyle_(sociology),PT22M51S,1371,2d,hd,false,ar,en,https://i.ytimg.com/vi/pANDfELmuh4/maxresdefault.jpg,1,,,,,434574,18538,,0,470
20,UCeuMT3QEwuCdRE8Tg58RCqg,"Khalid Lidlissi & Dala",4-vQgcsjViM,2025-05-16T21:13:58Z,"2025-05-16 21:13:58","PARTE 2 الواليد معجبوش الكادو ديال معاد..وها علاش!!","For Business khalidlidlissistory@gmail.com Instagram @khalidlidlissi BRAHIM @lm3alam_dipani MOUAD @mouad_aboukassim DADA MHEND @dada_mhend",,29,"Nonprofits & Activism",Lifestyle_(sociology),PT20M1S,1201,2d,hd,false,ar,en,https://i.ytimg.com/vi/4-vQgcsjViM/maxresdefault.jpg,1,,,,,402053,15778,,0,761
21,UCeuMT3QEwuCdRE8Tg58RCqg,"Khalid Lidlissi & Dala",UnMPfqvTxCY,2025-05-10T23:37:51Z,"2025-05-10 23:37:51","معاد بغا يصلح العلاقة مع الوليد..ها اشنو جاب ليه فالكادو؟!! 🤫","For Business khalidlidlissistory@gmail.com Instagram @khalidlidlissi BRAHIM @lm3alam_dipani MOUAD @mouad_aboukassim DADA MHEND @dada_mhend",,29,"Nonprofits & Activism",Lifestyle_(sociology),PT20M35S,1235,2d,hd,false,ar,en,https://i.ytimg.com/vi/UnMPfqvTxCY/maxresdefault.jpg,1,,,,,468366,17550,,0,405
22,UCeuMT3QEwuCdRE8Tg58RCqg,"Khalid Lidlissi & Dala",txZIugbUWlM,2025-04-20T18:59:50Z,"2025-04-20 18:59:50","أخيرااا اشتريت سيارة احلامي 😍 الواليد معجبوش الحال كي ديما !!","Music from #InAudio: https://inaudio.org/ inaudio - MokkaMusic - Get Drunk تم افتتاح فرع جديد لشركة TAG AUTO في مدينة أكادير، وبالضبط فالمنطقة الصناعية تاسيلا، شارع ابن الهيثم. الورشة كتقدم جميع الخدمات الميكانيكية للسيارات، بجودة عالية وبأثمنة مناسبة. مرحباً بجميع الزبناء، ومتنساوش رجّعها جديدة مع TAG AUTO Instagram https://www.instagram.com/tag_auto1 Tik tok https://www.tiktok.com/@tag.auto.marrakec",,29,"Nonprofits & Activism","Lifestyle_(sociology),Vehicle",PT18M24S,1104,2d,hd,false,ar,en,https://i.ytimg.com/vi/txZIugbUWlM/maxresdefault.jpg,1,,,,,360874,14727,,0,467
23,UCeuMT3QEwuCdRE8Tg58RCqg,"Khalid Lidlissi & Dala",U5SRxIjKT_M,2025-04-11T19:31:23Z,"2025-04-11 19:31:23","هجم علينا البق بسباب المشروع ديال الوالد .. خسارة فادحة 😢","For business: khalidlidlissistory@gmail.com instagrams: DALA : @khalidlidlissi BRAHIM : @m3alam_dipani",,29,"Nonprofits & Activism",Lifestyle_(sociology),PT26M3S,1563,2d,hd,false,ar,en,https://i.ytimg.com/vi/U5SRxIjKT_M/maxresdefault.jpg,1,,,,,398816,16386,,0,507
24,UCeuMT3QEwuCdRE8Tg58RCqg,"Khalid Lidlissi & Dala",tvZX9hrM8n4,2025-03-30T22:03:47Z,"2025-03-30 22:03:47","الضالة غيحيد المشروع ديالو ! …وهذا هو السبب😞","For business: khalidlidlissistory@gmail.com instagrams: DALA : @khalidlidlissi BRAHIM : @m3alam_dipani",,29,"Nonprofits & Activism",Lifestyle_(sociology),PT30M54S,1854,2d,hd,false,ar,en,https://i.ytimg.com/vi/tvZX9hrM8n4/maxresdefault.jpg,1,,,,,479878,18097,,0,487
25,UCeuMT3QEwuCdRE8Tg58RCqg,"Khalid Lidlissi & Dala",Bcg8BJWbSuY,2025-03-14T19:31:56Z,"2025-03-14 19:31:56","درنا فطور فرمضان..الضالة قاد لينا طبق الارنب 🐇🤣","For business: khalidlidlissistory@gmail.com instagrams: DALA : @khalidlidlissi BRAHIM : @m3alam_dipani",,29,"Nonprofits & Activism","Food,Lifestyle_(sociology)",PT36M17S,2177,2d,hd,false,ar,en,https://i.ytimg.com/vi/Bcg8BJWbSuY/maxresdefault.jpg,1,,,,,669953,20672,,0,646
26,UCeuMT3QEwuCdRE8Tg58RCqg,"Khalid Lidlissi & Dala",KX_x5DR6p0g,2025-02-09T13:58:09Z,"2025-02-09 13:58:09","رجعنا درنا Omegle الواليد هرب ليه بسباب التيتيز 😍","For business: khalidlidlissistory@gmail.com INSTAGRAM https://www.instagram.com/khalidlidlissi FACEBOOK https://www.facebook.com/khalidlidlissidala1 Editing ​⁠‪@azizlakbiche1 Music ​‪@FreesoundMusic",,29,"Nonprofits & Activism",Lifestyle_(sociology),PT17M40S,1060,2d,hd,false,ar,en,https://i.ytimg.com/vi/KX_x5DR6p0g/maxresdefault.jpg,1,,,,,175674,10577,,0,367
27,UCeuMT3QEwuCdRE8Tg58RCqg,"Khalid Lidlissi & Dala",6Au5gJR-QrQ,2025-01-31T17:19:04Z,"2025-01-31 17:19:04","تحدي وصف الاشخاص.. الواليد مكيعرفنيش ! 😳","For business: khalidlidlissistory@gmail.com INSTAGRAM https://www.instagram.com/khalidlidlissi FACEBOOK https://www.facebook.com/khalidlidlissidala1 Editing ​⁠@azizlakbiche1 Music ​@FreesoundMusic",,29,"Nonprofits & Activism",Lifestyle_(sociology),PT19M26S,1166,2d,hd,false,ar,en,https://i.ytimg.com/vi/6Au5gJR-QrQ/maxresdefault.jpg,1,,,,,203091,12909,,0,374
28,UCeuMT3QEwuCdRE8Tg58RCqg,"Khalid Lidlissi & Dala",Bk9gLvt7034,2025-01-20T13:54:54Z,"2025-01-20 13:54:54","PART 2 : الواليد فرگع الرمانة مع عمي.. صدقنا اغنياء 🤑","instagrams: DALA : @khalidlidlissi BRAHIM : @m3alam_dipani",,29,"Nonprofits & Activism",Lifestyle_(sociology),PT28M41S,1721,2d,hd,false,ar,en,https://i.ytimg.com/vi/Bk9gLvt7034/maxresdefault.jpg,1,,,,,374345,14185,,0,327
29,UCeuMT3QEwuCdRE8Tg58RCqg,"Khalid Lidlissi & Dala",fGIC81OcgWY,2025-01-12T12:14:33Z,"2025-01-12 12:14:33","PART 1 : مشيت نشوف الورت ديالنا فالبلاد..لوليد تصدم !!","اتبع الرابطhttps://bit.ly/4j9pAzr وابدأ في الربح من Pocket Broker. استخدم الرمز الترويجي KHLD100 الحصول على 100% على إيداعك الأول! ----------------- instagrams: KHALID : @khalidlidlissi BRAHIM : @m3alam_dipani",,29,"Nonprofits & Activism",Lifestyle_(sociology),PT22M48S,1368,2d,hd,false,ar,en,https://i.ytimg.com/vi/fGIC81OcgWY/maxresdefault.jpg,1,,,,,389086,18957,,0,388
30,UCeuMT3QEwuCdRE8Tg58RCqg,"Khalid Lidlissi & Dala",tNfmMuJZdos,2024-10-26T20:57:23Z,"2024-10-26 20:57:23","Épisode 1 : auto-stop / الرحلة","instagrams: * KHALID : @khalidlidlissi * MOUAD : @mouad_aboukassim * BRAHIM : @m3alam_dipani * HAFID. : @hafiid_ch ---------------- * mouad youtube channel : https://youtube.com/@MouadAboukassim?si=zW3jzlM69jC_PqSP ----------------- * filmmaker 🎥 : @olouali_abdellah_ * VoiceOver 📣 : @saafane.official *Editing 👨‍💻 : @khalidlidlissi ------------------ * Music name :@coldcinemanocopyrightmusic8741 https://www.youtube.com/watch?v=57-7Ki-ikZ8",,29,"Nonprofits & Activism",Lifestyle_(sociology),PT23M6S,1386,2d,hd,false,en,en,https://i.ytimg.com/vi/tNfmMuJZdos/maxresdefault.jpg,1,,,,,627243,31469,,0,566
31,UCeuMT3QEwuCdRE8Tg58RCqg,"Khalid Lidlissi & Dala",uL9Iq6ss55M,2024-10-24T15:52:02Z,"2024-10-24 15:52:02","الرحلة TEASER","أربعة مغامرين انطلقوا في رحلة إلى موريتانيا لتجربة ركوب أطول قطار في العالم، الذي ينقل خام الحديد من الزويرات إلى نواذيبو. رغم الظروف القاسية، مثل الرياح العاتية والرمال المتطايرة ودرجات الحرارة المرتفعة، عاشوا تجربة مثيرة ومليئة بالتحديات. الركوب في عربات مفتوحة مخصصة لنقل الحديد حول الرحلة إلى مغامرة استثنائية عبر الصحراء الموريتانية. واجهوا المخاطر بحماس، واكتشفوا جمال الطبيعة البرية، واختبروا التضامن والصمود معًا. انتهت مغامرتهم بوصولهم إلى نواذيبو، حيث حققوا تجربة لا تُنسى.",,29,"Nonprofits & Activism",Entertainment,PT54S,54,2d,hd,false,ar,en,https://i.ytimg.com/vi/uL9Iq6ss55M/maxresdefault.jpg,1,,,,,92828,5994,,0,221
32,UCeuMT3QEwuCdRE8Tg58RCqg,"Khalid Lidlissi & Dala",QPfxKeh213E,2024-09-07T14:56:42Z,"2024-09-07 14:56:42","لقاء القرن .. وحمام الرمال الساخن🔥",,,29,"Nonprofits & Activism",Lifestyle_(sociology),PT24M13S,1453,2d,hd,false,ar,en,https://i.ytimg.com/vi/QPfxKeh213E/maxresdefault.jpg,1,,,,,391245,16937,,0,304
33,UCeuMT3QEwuCdRE8Tg58RCqg,"Khalid Lidlissi & Dala",MfjxYvWtT14,2024-08-22T13:05:38Z,"2024-08-22 13:05:38","أغرب عيد ميلاد في التاريخ...شوفوالهدية لي عطيت للوليد!","INSTAGRAM https://www.instagram.com/khalidlidlissi?igsh=eW54bWk0aG5ybTVj&utm_source=qr FACEBOOK https://www.facebook.com/khalidlidlissidala1?mibextid=LQQJ4d * ‪Music source : @coldcinemanocopyrightmusic8741 1. https://youtu.be/57-7Ki-ikZ8?si=SwU3UTtxBAY-YNoO 2. https://youtu.be/a8EndPRtCag?si=GErRgqZWJFSSeR2K 3. https://youtu.be/S72fSgzjNio?si=8-1SVEXFJSYRKELW",,29,"Nonprofits & Activism",,PT18M29S,1109,2d,hd,false,ar,en,https://i.ytimg.com/vi/MfjxYvWtT14/maxresdefault.jpg,1,,,,,238167,12894,,0,382
34,UCeuMT3QEwuCdRE8Tg58RCqg,"Khalid Lidlissi & Dala",u6eEbHU9bgo,2024-08-16T14:00:46Z,"2024-08-16 14:00:46","الضالة كيفكر يعتازل Youtube بعدما دار العمرة...ممكن يكون الأخير","INSTAGRAM https://www.facebook.com/khalidlidlissidala1?mibextid=LQQJ4d FACEBOOK https://www.facebook.com/khalidlidlissidala1?mibextid=LQQJ4d TAGHAZOUT BEACH : https://www.instagram.com/reel/C-dbXB9te7p/?igsh=MTYyY2I0em5rbDd0bA== * @coldcinemanocopyrightmusic8741 : Music source 1. https://youtu.be/Ep76PJBVQ4U?si=jJgpq7RWZJEE73zn 2. https://youtu.be/HOy46EYx1f0?si=e7kQ8LdErD7QMDhc",,29,"Nonprofits & Activism",,PT16M7S,967,2d,hd,false,ar,en,https://i.ytimg.com/vi/u6eEbHU9bgo/maxresdefault.jpg,1,,,,,216425,11800,,0,344
35,UCeuMT3QEwuCdRE8Tg58RCqg,"Khalid Lidlissi & Dala",lGzT5vBDUN4,2024-08-11T13:43:00Z,"2024-08-11 13:43:00","مكنتش متوقع الوليد يطرا ليه هادشي فأطهر مكان فالعالم !😬",,,29,"Nonprofits & Activism",Tourism,PT23M43S,1423,2d,hd,false,ar,en,https://i.ytimg.com/vi/lGzT5vBDUN4/maxresdefault.jpg,1,,,,,305737,12303,,0,726
36,UCeuMT3QEwuCdRE8Tg58RCqg,"Khalid Lidlissi & Dala",qEYbyrOYJQw,2024-08-04T14:19:20Z,"2024-08-04 14:19:20","الفيديو لي كنت كنتسناه...ردة فعل أمي فاش شافت الكعبة الشريفة🕋🥹","* هذا الفيديو يدور موضوعه حول أداء مناسك العمرة لأبي أمي هذا الفيديو بالتعاون مع وكالة الاسفار العقيق للتواصل الارقام في الاسفل: 0666950898 0661081457 0524312302",,29,"Nonprofits & Activism",,PT24M36S,1476,2d,hd,false,ar,en,https://i.ytimg.com/vi/qEYbyrOYJQw/maxresdefault.jpg,1,,,,,601416,19067,,0,731
37,UCeuMT3QEwuCdRE8Tg58RCqg,"Khalid Lidlissi & Dala",5zrOSXEkzW4,2024-07-26T20:22:21Z,"2024-07-26 20:22:21","السلام عليك يا رسول الله ❤️",,,29,"Nonprofits & Activism",Religion,PT1M1S,61,2d,hd,false,ar,en,https://i.ytimg.com/vi/5zrOSXEkzW4/maxresdefault.jpg,1,,,,,40531,3511,,0,120
38,UCeuMT3QEwuCdRE8Tg58RCqg,"Khalid Lidlissi & Dala",AjbAYUi2O_Q,2024-07-26T14:00:22Z,"2024-07-26 14:00:22","وأخيرا حلمي تحقق..🥲🙏🏻","* هذا الفيديو يدور موضوعه حول مفاجأة العمرة لأبي أمي و زيارتنا للروضة الشريف و هذا الفيديو بالتعاون مع وكالة الاسفار العقيق للتواصل معهم الارقام في الاسفل: 0666950898 0661081457 0524312302",,29,"Nonprofits & Activism",,PT29M5S,1745,2d,hd,false,ar,en,https://i.ytimg.com/vi/AjbAYUi2O_Q/maxresdefault.jpg,1,,,,,872190,35147,,0,1119
39,UCeuMT3QEwuCdRE8Tg58RCqg,"Khalid Lidlissi & Dala",nli1lwV86as,2024-07-18T12:23:15Z,"2024-07-18 12:23:15","PRANK: شريت للوليد بارطما همزة ب 17 لمليون ..ردة فعل غير متوقعة","للاستشارة مع الاخ زكريا الرقم هنا : 0646107070 -------------------------- 👇page facebook https://www.facebook.com/khalidlidlissidala1?mibextid=LQQJ4d instagram :👇 https://www.instagram.com/khalidlidlissi?igsh=cm9laHkyaDE0cHp0",,29,"Nonprofits & Activism",,PT20M25S,1225,2d,hd,false,ar,en,https://i.ytimg.com/vi/nli1lwV86as/maxresdefault.jpg,1,,,,,334659,17246,,0,645
40,UCeuMT3QEwuCdRE8Tg58RCqg,"Khalid Lidlissi & Dala",52m0AuEZQuQ,2024-07-07T12:01:35Z,"2024-07-07 12:01:35","كلينا الطاوس فطبسيل الطاوس!😳🤣",,,29,"Nonprofits & Activism",,PT24M11S,1451,2d,hd,false,ar,en,https://i.ytimg.com/vi/52m0AuEZQuQ/maxresdefault.jpg,1,,,,,461886,19237,,0,677
41,UCeuMT3QEwuCdRE8Tg58RCqg,"Khalid Lidlissi & Dala",trV4Sg_wbQg,2024-06-27T20:20:28Z,"2024-06-27 20:20:28","لحظة إدراك 🤣🤣🤣",,,29,"Nonprofits & Activism",,PT43S,43,2d,hd,false,ar,en,https://i.ytimg.com/vi/trV4Sg_wbQg/maxresdefault.jpg,1,,,,,299842,14277,,0,262
42,UCeuMT3QEwuCdRE8Tg58RCqg,"Khalid Lidlissi & Dala",cgFiNLn_69o,2024-06-17T21:39:24Z,"2024-06-17 21:39:24","عيد الاضحى بطعم الصيف..الفيديو لي كيتسناه كولشي",,,29,"Nonprofits & Activism",Lifestyle_(sociology),PT23M7S,1387,2d,hd,false,ar,en,https://i.ytimg.com/vi/cgFiNLn_69o/maxresdefault.jpg,1,,,,,568775,25731,,0,470
43,UCeuMT3QEwuCdRE8Tg58RCqg,"Khalid Lidlissi & Dala",VkpTjiZTCDs,2024-06-14T13:58:38Z,"2024-06-14 13:58:38","شرينا أضحية العيد مع الوليد...هاد لعيد ماشي فحال كاع الاعياد😳",,,29,"Nonprofits & Activism",,PT27M22S,1642,2d,hd,false,ar,en,https://i.ytimg.com/vi/VkpTjiZTCDs/maxresdefault.jpg,1,,,,,486754,24234,,0,593
44,UCeuMT3QEwuCdRE8Tg58RCqg,"Khalid Lidlissi & Dala",bHJgSJBkZ4c,2024-06-08T13:29:01Z,"2024-06-08 13:29:01","واخيرا درت المبادرة لي كنت كنحلم نديرها من شحال هادي 😳 #متخليوهاش_تخناز",,,29,"Nonprofits & Activism",,PT19M24S,1164,2d,hd,false,ar,en,https://i.ytimg.com/vi/bHJgSJBkZ4c/maxresdefault.jpg,1,,,,,240479,13961,,0,543
45,UCeuMT3QEwuCdRE8Tg58RCqg,"Khalid Lidlissi & Dala",RJmCO8PMGk0,2024-06-01T12:18:35Z,"2024-06-01 12:18:35","بعد غياب طويل درنا فطور أسطوري فالرحبة ديال الخرفان 😳🤣🤣","يدور موضوع الفيديو عن اتمنة اكباش العيد لسنة 2024، غير ان الهدف الأسمى للفيديو هو إدخال السرور والابتسامة على أفواه المتابعين، ولا ننسى الاعتدار منكم على طول مدة غيابنا في الساحة ونشكركم على اهتمامكم المستمر. فرجة ممتعة ❤️. ---------------- * INSTAGRAM : @khalidlidlissi * FACEBOOK : walomaydi3 _ for business * khalidcontact.busn@gmail.com",,29,"Nonprofits & Activism",Lifestyle_(sociology),PT21M40S,1300,2d,hd,false,ar,en,https://i.ytimg.com/vi/RJmCO8PMGk0/maxresdefault.jpg,1,,,,,361876,20474,,0,621
46,UCeuMT3QEwuCdRE8Tg58RCqg,"Khalid Lidlissi & Dala",5lR86iBuZ0Q,2024-04-10T14:48:55Z,"2024-04-10 14:48:55","كادو بنكهة التبن 🤣",,,29,"Nonprofits & Activism",Entertainment,PT59S,59,2d,hd,false,ar,en,https://i.ytimg.com/vi/5lR86iBuZ0Q/maxresdefault.jpg,1,,,,,114536,5033,,0,44
47,UCeuMT3QEwuCdRE8Tg58RCqg,"Khalid Lidlissi & Dala",EBXoONidbA4,2024-03-02T12:48:44Z,"2024-03-02 12:48:44","جربنا ركوب البالون العملاق..لوليد شداتو لخلعة فالسماء!","* INSTAGRAM : @khalidlidlissi * FACEBOOK : walomaydi3 - DRARI : houssam_kamil@ lm3alam_dipani@ : for business * khalidcontact.busn@gmail.com",,29,"Nonprofits & Activism",Lifestyle_(sociology),PT21M24S,1284,2d,hd,false,ar,en,https://i.ytimg.com/vi/EBXoONidbA4/maxresdefault.jpg,1,,,,,530972,23980,,0,439
48,UCeuMT3QEwuCdRE8Tg58RCqg,"Khalid Lidlissi & Dala",ur9GCsEQvxU,2024-01-27T14:51:01Z,"2024-01-27 14:51:01","هاعلاش ممشيناش للكوت ديفوار...قدر الله وما شاء فعل!","* INSTAGRAM : @khalidlidlissi * FACEBOOK : walomaydi3 ----------------------------------- * INSTAGRAM :Mohamed.amine.biknouane : for business * khalidcontact.busn@gmail.com",,29,"Nonprofits & Activism",Lifestyle_(sociology),PT32M16S,1936,2d,hd,false,ar,en,https://i.ytimg.com/vi/ur9GCsEQvxU/maxresdefault.jpg,1,,,,,301775,19689,,0,903
49,UCeuMT3QEwuCdRE8Tg58RCqg,"Khalid Lidlissi & Dala",vc_pvQcE0PQ,2023-12-30T13:07:46Z,"2023-12-30 13:07:46","وصلات للحظة لي كنا كنتسناوها...الوليد بدا كيبيع القناين وها هي الارباح لي دار فنهار واحد!!","* INSTAGRAM : @khalidlidlissi * FACEBOOK : walomaydi3 - DRARI : houssam_kamil@ lm3alam_dipani@ : for business * khalidcontact.busn@gmail.com",,29,"Nonprofits & Activism",Lifestyle_(sociology),PT18M41S,1121,2d,hd,false,ar,en,https://i.ytimg.com/vi/vc_pvQcE0PQ/maxresdefault.jpg,1,,,,,869124,34165,,0,565
50,UCeuMT3QEwuCdRE8Tg58RCqg,"Khalid Lidlissi & Dala",2G1sBiOjIq8,2023-12-16T12:50:59Z,"2023-12-16 12:50:59","واخيرا الضالة رجع بعد غياب طويل ...وآخر تطور للمشروع ديال الدجاج!","* INSTAGRAM : @khalidlidlissi * FACEBOOK : walomaydi3 - DRARI : houssam_kamil@ lm3alam_dipani@ : for business * khalidcontact.busn@gmail.com",,29,"Nonprofits & Activism",Lifestyle_(sociology),PT26M51S,1611,2d,hd,false,ar,en,https://i.ytimg.com/vi/2G1sBiOjIq8/maxresdefault.jpg,1,,,,,607034,28971,,0,627
51,UCeuMT3QEwuCdRE8Tg58RCqg,"Khalid Lidlissi & Dala",HtiFBiZs3DE,2023-12-09T13:18:31Z,"2023-12-09 13:18:31","دخلنا لأغرب قهوة فالعالم...تقهوينا مع الكلاب😳😂!!","* INSTAGRAM : @khalidlidlissi * FACEBOOK : walomaydi3 - DRARI : houssam_kamil@ lm3alam_dipani@ : for business * khalidcontact.busn@gmail.com @Infraction",,29,"Nonprofits & Activism","Lifestyle_(sociology),Pet",PT21M22S,1282,2d,hd,false,ar,en,https://i.ytimg.com/vi/HtiFBiZs3DE/maxresdefault.jpg,1,,,,,343693,18387,,0,410
52,UCeuMT3QEwuCdRE8Tg58RCqg,"Khalid Lidlissi & Dala",NuuE76XuQEg,2023-12-03T12:55:27Z,"2023-12-03 12:55:27","حكمنا على ديباني يقاد لمسمن فجاكارتا...شوفو ردة فعل الشعب الإندونيسي!!","* INSTAGRAM : @khalidlidlissi * FACEBOOK : walomaydi3 - DRARI : houssam_kamil@ lm3alam_dipani@ : for business * khalidcontact.busn@gmail.com",,29,"Nonprofits & Activism","Food,Lifestyle_(sociology)",PT27M8S,1628,2d,hd,false,ar,en,https://i.ytimg.com/vi/NuuE76XuQEg/maxresdefault.jpg,,,,,,439771,18748,,0,394
53,UCeuMT3QEwuCdRE8Tg58RCqg,"Khalid Lidlissi & Dala",hN-kEtxdR0Q,2023-11-30T13:08:13Z,"2023-11-30 13:08:13","عرضو علينا نحضرو لجنازة فإندونيسيا...دوزنا معاهوم نهار كامل!","* INSTAGRAM : @khalidlidlissi * FACEBOOK : walomaydi3 - DRARI : houssam_kamil@ lm3alam_dipani@ : for business * khalidcontact.busn@gmail.com",,29,"Nonprofits & Activism",Lifestyle_(sociology),PT22M27S,1347,2d,hd,false,ar,en,https://i.ytimg.com/vi/hN-kEtxdR0Q/maxresdefault.jpg,1,,,,,259324,15710,,0,459
54,UCeuMT3QEwuCdRE8Tg58RCqg,"Khalid Lidlissi & Dala",QrQE6CouxfI,2023-11-26T12:03:03Z,"2023-11-26 12:03:03","ها كفاش دوزنا نهار كامل فإندونيسيا ب خمسين درهم للفرد !؟","رابط المنصة هنا : https://pari-pulse.com/KhalidLidlissiDala code promo : khalid ￼ * INSTAGRAM : @khalidlidlissi * FACEBOOK : walomaydi3 - DRARI : houssam_kamil@ lm3alam_dipani@ : for business * khalidcontact.busn@gmail.com @Infraction : music",,29,"Nonprofits & Activism",Lifestyle_(sociology),PT22M19S,1339,2d,hd,false,ar,en,https://i.ytimg.com/vi/QrQE6CouxfI/maxresdefault.jpg,1,,,,,479067,20824,,0,648
55,UCeuMT3QEwuCdRE8Tg58RCqg,"Khalid Lidlissi & Dala",Pz6rPqLTaJI,2023-11-23T14:52:41Z,"2023-11-23 14:52:41","دخلنا نكتاشفو حيونات لغابة فإندونوسيا...قالو لينا كاين نمر سوماترا","* INSTAGRAM : @khalidlidlissi * FACEBOOK : walomaydi3 - DRARI : houssam_kamil@ lm3alam_dipani@ : for business * khalidcontact.busn@gmail.com",,29,"Nonprofits & Activism",Lifestyle_(sociology),PT23M34S,1414,2d,hd,false,ar,en,https://i.ytimg.com/vi/Pz6rPqLTaJI/maxresdefault.jpg,1,,,,,424107,21791,,0,573
56,UCeuMT3QEwuCdRE8Tg58RCqg,"Khalid Lidlissi & Dala",02IwmyZk7kQ,2023-11-19T12:34:41Z,"2023-11-19 12:34:41","تحدي من أجل البقاء .. بغينا ندوزو 24 ساعة وسط لغابة ولكن خرجو لينا لحناش !!!","* INSTAGRAM : @khalidlidlissi * FACEBOOK : walomaydi3 - DRARI : houssam_kamil@ lm3alam_dipani@ : for business * khalidcontact.busn@gmail.com MUSIC : @Infraction",,29,"Nonprofits & Activism",Lifestyle_(sociology),PT33M48S,2028,2d,hd,false,ar,en,https://i.ytimg.com/vi/02IwmyZk7kQ/maxresdefault.jpg,1,,,,,704953,28048,,0,779
57,UCeuMT3QEwuCdRE8Tg58RCqg,"Khalid Lidlissi & Dala",vmsEcFPaNpA,2023-11-16T12:03:38Z,"2023-11-16 12:03:38","جربنا نلبسو الملابس الإندونيسية... درية تزعطات لينا فديباني!!!","* INSTAGRAM : @khalidlidlissi * FACEBOOK : walomaydi3 - DRARI : houssam_kamil@ lm3alam_dipani@ amjad : https://youtube.com/@amjaderramivlogs?si=I1-ksOLHPthz4Q3s : for business * khalidcontact.busn@gmail.com",,29,"Nonprofits & Activism","Lifestyle_(sociology),Tourism",PT17M53S,1073,2d,hd,false,ar,en,https://i.ytimg.com/vi/vmsEcFPaNpA/maxresdefault.jpg,1,,,,,277988,15859,,0,334
58,UCeuMT3QEwuCdRE8Tg58RCqg,"Khalid Lidlissi & Dala",EC8M8P3ZQT0,2023-11-04T15:58:57Z,"2023-11-04 15:58:57","دوزنا نهار زوين وسط البحر..و حسام دار ما بغا فالمعلم ديباني هههههه","Music by Bensound.com * INSTAGRAM : @khalidlidlissi * FACEBOOK : walomaydi3 - DRARI : houssam_kamil@ lm3alam_dipani@ : for business * khalidcontact.busn@gmail.com Music channels : @Infraction",,29,"Nonprofits & Activism","Lifestyle_(sociology),Tourism",PT35M1S,2101,2d,hd,false,id,en,https://i.ytimg.com/vi/EC8M8P3ZQT0/maxresdefault.jpg,,,,,,644951,28144,,0,679
59,UCeuMT3QEwuCdRE8Tg58RCqg,"Khalid Lidlissi & Dala",LloghB4EeUk,2023-11-01T16:38:29Z,"2023-11-01 16:38:29","قارنا الاسعار بين المغرب🇲🇦وإندونيسيا🇮🇩...ها الصدمة فين كانت!!!!","* INSTAGRAM : @khalidlidlissi * FACEBOOK : walomaydi3 DRARI : houssam_kamil@ lm3alam_dipani@ : for business * khalidcontact.busn@gmail.com",,29,"Nonprofits & Activism",Lifestyle_(sociology),PT32M16S,1936,2d,hd,false,id,en,https://i.ytimg.com/vi/LloghB4EeUk/maxresdefault.jpg,1,,,,,541036,21131,,0,485
60,UCeuMT3QEwuCdRE8Tg58RCqg,"Khalid Lidlissi & Dala",AzM1FUNRtAM,2023-10-28T16:24:45Z,"2023-10-28 16:24:45","درنا يوم ملكي لديباني:متخيلوش شنو طلب منا ، هاد لخطرة تسيف علينا ديال بصح!!","Music from #InAudio: https://inaudio.org/ Classic Disco Funk by MokkaMusic / Bruno * INSTAGRAM : @khalidlidlissi * FACEBOOK : walomaydi3 DRARI : houssam_kamil@ lm3alam_dipani@ : for business * khalidcontact.busn@gmail.com",,29,"Nonprofits & Activism",Lifestyle_(sociology),PT28M27S,1707,2d,hd,false,ar,en,https://i.ytimg.com/vi/AzM1FUNRtAM/maxresdefault.jpg,1,,,,,606838,26818,,0,665
61,UCeuMT3QEwuCdRE8Tg58RCqg,"Khalid Lidlissi & Dala",LWenty42Dho,2023-10-26T12:25:19Z,"2023-10-26 12:25:19","درنا كاميلا فبالي..ديباني صدق طباخ ! وها شنو قال هاد الإندونيسي على لكاميلا المغربية","* INSTAGRAM : @khalidlidlissi * FACEBOOK : walomaydi3 DRARI : houssam_kamil@ lm3alam_dipani@ : for business * khalidcontact.busn@gmail.com",,29,"Nonprofits & Activism","Lifestyle_(sociology),Tourism",PT26M53S,1613,2d,hd,false,id,en,https://i.ytimg.com/vi/LWenty42Dho/maxresdefault.jpg,1,,,,,623413,25817,,0,675
62,UCeuMT3QEwuCdRE8Tg58RCqg,"Khalid Lidlissi & Dala",oICmmYkHacw,2023-10-22T12:32:48Z,"2023-10-22 12:32:48","مشينا لمدينة بالي السياحية ..وتصدمنا من داكشي لي شفنا!!","* INSTAGRAM : @khalidlidlissi * FACEBOOK : walomaydi3 DRARI : houssam_kamil@ lm3alam_dipani@ : for business * khalidcontact.busn@gmail.com",,29,"Nonprofits & Activism","Lifestyle_(sociology),Tourism",PT12M7S,727,2d,hd,false,id,en,https://i.ytimg.com/vi/oICmmYkHacw/maxresdefault.jpg,1,,,,,385990,22238,,0,486
63,UCeuMT3QEwuCdRE8Tg58RCqg,"Khalid Lidlissi & Dala",D296hguAfMY,2023-10-17T12:21:20Z,"2023-10-17 12:21:20","جربنا نخدمو فانودنيسيا.. ديباني طبر على بريكول ؟؟","* INSTAGRAM : @khalidlidlissi * FACEBOOK : walomaydi3 DRARI : houssam_kamil@ lm3alam_dipani@ : for business * khalidcontact.busn@gmail.com",,29,"Nonprofits & Activism",Lifestyle_(sociology),PT15M41S,941,2d,hd,false,id,en,https://i.ytimg.com/vi/D296hguAfMY/maxresdefault.jpg,1,,,,,344169,19901,,0,516
64,UCeuMT3QEwuCdRE8Tg58RCqg,"Khalid Lidlissi & Dala",iVUtffwYZ5s,2023-10-13T13:22:36Z,"2023-10-13 13:22:36","مشينا لبركان فاندونيسيا🇮🇩و درنا برانك لمعلم ديپاني .. ولكن ها شنو وقع !!","Music from #InAudio: https://inaudio.org/ Dark Sports Trap Beat by MokkaMusic / Thunder Stride * INSTAGRAM : @khalidlidlissi * FACEBOOK : walomaydi3 DRARI : houssam_kamil@ lm3alam_dipani@ : for business * khalidcontact.busn@gmail.com Musique @MokkaMusic",,29,"Nonprofits & Activism",Lifestyle_(sociology),PT20M25S,1225,2d,hd,false,ar,en,https://i.ytimg.com/vi/iVUtffwYZ5s/maxresdefault.jpg,1,,,,,496389,25355,,0,452
65,UCeuMT3QEwuCdRE8Tg58RCqg,"Khalid Lidlissi & Dala",70MLaNAeTY0,2023-10-08T12:01:20Z,"2023-10-08 12:01:20","اكل الشوارع: جربنا وجبات إندونيسية غريبة ...ديباني تقية وسط الناس ههه","* INSTAGRAM : @khalidlidlissi * FACEBOOK : walomaydi3 DRARI : houssam_kamil@ lm3alam_dipani@ : for business * khalidcontact.busn@gmail.com",,29,"Nonprofits & Activism",Lifestyle_(sociology),PT18M24S,1104,2d,hd,false,ar,en,https://i.ytimg.com/vi/70MLaNAeTY0/maxresdefault.jpg,1,,,,,622217,24685,,0,414
66,UCeuMT3QEwuCdRE8Tg58RCqg,"Khalid Lidlissi & Dala",QvAdBZnk8Yk,2023-10-04T13:01:18Z,"2023-10-04 13:01:18","تلاقينا مع رجل صيني فعمروسبعة وسبعين سنة👴🏻..تصضمنا باللياقة البدنية ديالو😨شنوهوالسر🤔","* INSTAGRAM : @khalidlidlissi * FACEBOOK : walomaydi3 DRARI : houssam_kamil@ lm3alam_dipani@ : for business * khalidcontact.busn@gmail.com",,29,"Nonprofits & Activism",Lifestyle_(sociology),PT19M29S,1169,2d,hd,false,ar,en,https://i.ytimg.com/vi/QvAdBZnk8Yk/maxresdefault.jpg,1,,,,,372629,19800,,0,401
67,UCeuMT3QEwuCdRE8Tg58RCqg,"Khalid Lidlissi & Dala",Q0DtLwESlNU,2023-09-30T14:20:11Z,"2023-09-30 14:20:11","تحدي للمعلم ديباني: واش تقدر تقاد سفنج فأندونيسيا؟للاسف النتيجة صادمة😱","* INSTAGRAM : @khalidlidlissi * FACEBOOK : walomaydi3 DRARI : houssam_kamil@ lm3alam_dipani@ : for business * khalidcontact.busn@gmail.com",,29,"Nonprofits & Activism","Food,Lifestyle_(sociology)",PT26M9S,1569,2d,hd,false,id,en,https://i.ytimg.com/vi/Q0DtLwESlNU/maxresdefault.jpg,1,,,,,643011,27979,,0,730
68,UCeuMT3QEwuCdRE8Tg58RCqg,"Khalid Lidlissi & Dala",SQhzasUtOSg,2023-09-27T13:01:39Z,"2023-09-27 13:01:39","ردة فعل ديباني فاش عرف انه غيعوم مع القرش😰ولكن ها شنو طرااا !🤣","Music from #InAudio: https://inaudio.org/ Dreamscape Deep Ambient by MokkaMusic / Lunar Lullaby رابط تنزيل اللعبة: https://bit.ly/3t00RIe #pubgmobile #ببجي_موبايل * INSTAGRAM : @khalidlidlissi * FACEBOOK : walomaydi3 DRARI : houssam_kamil@ lm3alam_dipani@ : for business * khalidcontact.busn@gmail.com Music : ￼ @MokkaMusic",,29,"Nonprofits & Activism",Lifestyle_(sociology),PT21M24S,1284,2d,hd,false,ar,en,https://i.ytimg.com/vi/SQhzasUtOSg/maxresdefault.jpg,1,,,,,548726,29885,,0,452
69,UCeuMT3QEwuCdRE8Tg58RCqg,"Khalid Lidlissi & Dala",JhDIbYmTBIU,2023-09-23T12:39:29Z,"2023-09-23 12:39:29","أول نهار فجكارتا..ديباني تسيف علينا 🥲 متخسروش لفلوس🤑","* INSTAGRAM : @khalidlidlissi * FACEBOOK : walomaydi3 DRARI : houssam_kamil@ lm3alam_dipani@ : for business * khalidcontact.busn@gmail.com",,29,"Nonprofits & Activism",Lifestyle_(sociology),PT22M2S,1322,2d,hd,false,id,en,https://i.ytimg.com/vi/JhDIbYmTBIU/maxresdefault.jpg,1,,,,,626575,31437,,0,881
70,UCeuMT3QEwuCdRE8Tg58RCqg,"Khalid Lidlissi & Dala",fo3BXiegcDQ,2023-09-20T12:33:23Z,"2023-09-20 12:33:23","لحظة الوداع مع ابي😭​..وأول مرة يجرب ديباني السفر بالطيارة✈️​ردة فعل موت ديال الضحك😂​","* INSTAGRAM : @khalidlidlissi * FACEBOOK : walomaydi3 DRARI : houssam_kamil@ lm3alam_dipani@ : for business * khalidcontact.busn@gmail.com",,29,"Nonprofits & Activism",Lifestyle_(sociology),PT23M8S,1388,2d,hd,false,id,en,https://i.ytimg.com/vi/fo3BXiegcDQ/maxresdefault.jpg,1,,,,,768585,36045,,0,680
71,UCeuMT3QEwuCdRE8Tg58RCqg,"Khalid Lidlissi & Dala",ldXm7HfT1H4,2023-09-16T10:53:49Z,"2023-09-16 10:53:49","تريب مع ديباني وحسام :كيفاش غنقولو للظالة غاديين بلا بيه! ردة فعل غير متوقعة","* INSTAGRAM : @khalidlidlissi * FACEBOOK : walomaydi3 DRARI : houssam_kamil@ : for business * khalidcontact.busn@gmail.com",,29,"Nonprofits & Activism",Lifestyle_(sociology),PT16M39S,999,2d,hd,false,id,en,https://i.ytimg.com/vi/ldXm7HfT1H4/maxresdefault.jpg,1,,,,,597934,27984,,0,510
72,UCeuMT3QEwuCdRE8Tg58RCqg,"Khalid Lidlissi & Dala",S6m2Wm34mNM,2023-08-13T12:44:16Z,"2023-08-13 12:44:16","لمعلم ديباني طيب لينا طاجين فالغابة .. ودار برانك لضالة ميمكنش ههه","* INSTAGRAM : @khalidlidlissi * FACEBOOK : walomaydi3 _ for business * khalidcontact.busn@gmail.com filmed by: el_sultanprod music @MokkaMusic",,29,"Nonprofits & Activism",Lifestyle_(sociology),PT35M16S,2116,2d,hd,false,ar,en,https://i.ytimg.com/vi/S6m2Wm34mNM/maxresdefault.jpg,1,,,,,1037521,41473,,0,5458
73,UCeuMT3QEwuCdRE8Tg58RCqg,"Khalid Lidlissi & Dala",Sjtsx4vg9zc,2023-08-04T13:36:02Z,"2023-08-04 13:36:02","الصيف للجميع: لمعلم ديباني وحل وسط الطبوكون.. ردة فعل الضالة ! لموت ديال الضحك هههه","لي بغا يجرب التجربة ديال الدجيتسكي 🚤 فاجمل بحر فاكادير لي هو تغازرت هذا هو الانستگرام : @taghazout_jetski ------------------- * INSTAGRAM : @khalidlidlissi * FACEBOOK : walomaydi3 _ for business * khalidcontact.busn@gmail.com filmed by: el_sultanprod music : @MokkaMusic",,29,"Nonprofits & Activism","Lifestyle_(sociology),Motorsport,Tourism",PT23M50S,1430,2d,hd,false,ar,en,https://i.ytimg.com/vi/Sjtsx4vg9zc/maxresdefault.jpg,1,,,,,525153,26720,,0,754
74,UCeuMT3QEwuCdRE8Tg58RCqg,"Khalid Lidlissi & Dala",PmxQRq0abS0,2023-08-01T12:02:59Z,"2023-08-01 12:02:59","الصيف للجميع: ضيف الحلقة كيعاني من فوبيا ديال لبحر.. ديباني دوز اسعد نهار فحياتو !!","Music from #InAudio: https://inaudio.org/ Urban Hip Hop Beat by MokkaMusic / Streetbeat لي بغا يجرب التجربة ديال الدجيتسكي 🚤 فاجمل بحر فاكادير لي هو تغازرت هذا هو الانستگرام : @taghazout_jetski ------------------- * INSTAGRAM : @khalidlidlissi * FACEBOOK : walomaydi3 _ for business * khalidcontact.busn@gmail.com filmed by: el_sultanprod @MokkaMusic",,29,"Nonprofits & Activism","Lifestyle_(sociology),Motorsport,Tourism",PT23M23S,1403,2d,hd,false,ar,en,https://i.ytimg.com/vi/PmxQRq0abS0/maxresdefault.jpg,1,,,,,565839,28703,,0,818
75,UCeuMT3QEwuCdRE8Tg58RCqg,"Khalid Lidlissi & Dala",llQg0yH1QYk,2023-07-14T15:05:43Z,"2023-07-14 15:05:43","وأخيرا درنا برانك فالضالة.. دبحنا ليه الدجاج ديالو ردة فعل خطيرة هههه","* INSTAGRAM : @khalidlidlissi * FACEBOOK : walomaydi3 DRARI : houssam_kamil@ : for business * khalidcontact.busn@gmail.com",,29,"Nonprofits & Activism",Lifestyle_(sociology),PT24M7S,1447,2d,hd,false,ar,en,https://i.ytimg.com/vi/llQg0yH1QYk/maxresdefault.jpg,1,,,,,1060775,37672,,0,805
76,UCeuMT3QEwuCdRE8Tg58RCqg,"Khalid Lidlissi & Dala",RHq1TZC5mZw,2023-06-29T20:19:36Z,"2023-06-29 20:19:36","هاد لعام عيدنا بحاولي مريض..والسبب هو لمعلم ديباني!","* INSTAGRAM : @khalidlidlissi * FACEBOOK : walomaydi3 for business * khalidcontact.busn@gmail.com",,29,"Nonprofits & Activism",Lifestyle_(sociology),PT30M28S,1828,2d,hd,false,ar,en,https://i.ytimg.com/vi/RHq1TZC5mZw/maxresdefault.jpg,1,,,,,1289275,41797,,0,847
77,UCeuMT3QEwuCdRE8Tg58RCqg,"Khalid Lidlissi & Dala",_9mHO1d4m9k,2023-06-28T13:35:12Z,"2023-06-28 13:35:12","دينا معانا لمعلم ديباني يختار لينا لحاولي ديال لعيد.. و قتلنا بالضحك فالرحبة 😂","* INSTAGRAM : @khalidlidlissi * FACEBOOK : walomaydi3 for business * khalidcontact.busn@gmail.com",,29,"Nonprofits & Activism",Lifestyle_(sociology),PT23M11S,1391,2d,hd,false,ar,en,https://i.ytimg.com/vi/_9mHO1d4m9k/maxresdefault.jpg,1,,,,,822828,33919,,0,896
78,UCeuMT3QEwuCdRE8Tg58RCqg,"Khalid Lidlissi & Dala",RWz4VCI-9WQ,2023-06-26T16:58:31Z,"2023-06-26 16:58:31","الوليد عيا من مشروع تربية الدجاج .. شوفو شنو درنا ليه ؟","مركب سوس فوت يرحب بالجميع 🏟️ Souss Foot vous souhaite la bienvenue 🏟️ 📍Ouled Berhil, Taroudan club de sport : soussfoot -------------- * INSTAGRAM : @khalidlidlissi * FACEBOOK : walomaydi3 DRARI : houssam_kamil@ filmed by: el_sultanprod for business * khalidcontact.busn@gmail.com",,29,"Nonprofits & Activism",Lifestyle_(sociology),PT12M14S,734,2d,hd,false,ar,en,https://i.ytimg.com/vi/RWz4VCI-9WQ/maxresdefault.jpg,,,,,,348559,18217,,0,291
79,UCeuMT3QEwuCdRE8Tg58RCqg,"Khalid Lidlissi & Dala",wVuvqUhJ6h4,2023-06-10T14:22:46Z,"2023-06-10 14:22:46","الضالة دشن الشطر الثاني ديال لمشروع .. وجبت ليه احمق معلم ! الهربة 🤣","* INSTAGRAM : @khalidlidlissi * FACEBOOK : walomaydi3 DRARI : houssam_kamil@ : for business * khalidcontact.busn@gmail.com",,29,"Nonprofits & Activism",Lifestyle_(sociology),PT20M29S,1229,2d,hd,false,ar,en,https://i.ytimg.com/vi/wVuvqUhJ6h4/maxresdefault.jpg,1,,,,,1094439,39476,,0,1002
80,UCeuMT3QEwuCdRE8Tg58RCqg,"Khalid Lidlissi & Dala",hvEaUbOhB5k,2023-06-01T18:44:01Z,"2023-06-01 18:44:01","لوليد دار مشروع تربية الدجاج .. كيفاش جاتو هاد الفكرة؟","الرابط هنا انقر للتسجيل المجاني في Olymp Trade https://olymptrade.onelink.me/Y8Xk/SABIRI بداية سهلة في التداول - Olymp Trade __________________________ * INSTAGRAM : @khalidlidlissi * FACEBOOK : walomaydi3 DRARI : houssam_kamil@ : for business * khalidcontact.busn@gmail.com",,29,"Nonprofits & Activism",,PT21M43S,1303,2d,hd,false,ar,en,https://i.ytimg.com/vi/hvEaUbOhB5k/maxresdefault.jpg,1,,,,,501354,23705,,0,477
81,UCeuMT3QEwuCdRE8Tg58RCqg,"Khalid Lidlissi & Dala",e2CU6YfpkRc,2023-05-04T18:27:59Z,"2023-05-04 18:27:59","شدوني فالسنغال بسباب المخدرات.. مرض حسام بالملاريا؟","- الى كنتي كتسكن فوحدة من الدول لي دكرنا و باغي تربح 10 أورو ماعليك غير تحمل تطبيق sendwave وتستعمل الكود برومو لي هو DALA لليان هنا 👇🏻 https://try.sendwave.com/kjap/fr. ----------------- * INSTAGRAM : @khalidlidlissi * FACEBOOK : walomaydi3 DRARI : houssam_kamil@ barefoottripsmorocco@ : for business * khalidcontact.busn@gmail.com",,29,"Nonprofits & Activism",,PT51M24S,3084,2d,hd,false,ar,en,https://i.ytimg.com/vi/e2CU6YfpkRc/maxresdefault.jpg,1,,,,,524383,22804,,0,531
82,UCeuMT3QEwuCdRE8Tg58RCqg,"Khalid Lidlissi & Dala",mIcI9QYAt9g,2023-04-24T14:04:13Z,"2023-04-24 14:04:13","عطيناه يجرب الطموبيل..وصضمنا كان غيتخشا فالحيط !","* INSTAGRAM : @khalidlidlissi * FACEBOOK : walomaydi3 *drari @houssam_kamil barefoottripsmorocco@ for business * khalidcontact.busn@gmail.com",,29,"Nonprofits & Activism",Lifestyle_(sociology),PT27M35S,1655,2d,hd,false,ar,en,https://i.ytimg.com/vi/mIcI9QYAt9g/maxresdefault.jpg,1,,,,,432289,21075,,0,575
83,UCeuMT3QEwuCdRE8Tg58RCqg,"Khalid Lidlissi & Dala",6Yb5rgY9vQg,2023-04-19T17:17:26Z,"2023-04-19 17:17:26","فطرنا عند عائلة فغامبيا .. ومول الدارجبد علينا زرواطة ! ها علاش؟","* INSTAGRAM : @khalidlidlissi * FACEBOOK : walomaydi3 *drari @houssam_kamil barefoottripsmorocco@ for business * khalidcontact.busn@gmail.com Music: @MokkaMusic",,29,"Nonprofits & Activism",Lifestyle_(sociology),PT25M42S,1542,2d,hd,false,ar,en,https://i.ytimg.com/vi/6Yb5rgY9vQg/maxresdefault.jpg,1,,,,,545154,24454,,0,1012
84,UCeuMT3QEwuCdRE8Tg58RCqg,"Khalid Lidlissi & Dala",GBlgAjKqGho,2023-04-17T16:30:09Z,"2023-04-17 16:30:09","الجزء التاني: جربنا اكل الشوارع غامبيا 🇬🇲.. بسباب الماكلا ديالهوم كنت غنت*قيا🤐!","* INSTAGRAM : @khalidlidlissi * FACEBOOK : walomaydi3 *drari @houssam_kamil barefoottripsmorocco@ for business * khalidcontact.busn@gmail.com Music: @Infraction",,29,"Nonprofits & Activism","Food,Lifestyle_(sociology),Tourism",PT17M30S,1050,2d,hd,false,ar,ar,https://i.ytimg.com/vi/GBlgAjKqGho/maxresdefault.jpg,1,,,,,430409,17646,,0,373
85,UCeuMT3QEwuCdRE8Tg58RCqg,"Khalid Lidlissi & Dala",w6j46Y7D86Y,2023-04-15T15:00:25Z,"2023-04-15 15:00:25","دابزت مع إفريقي فالبحر درت ! COMBAT.. لهربة 🤣","Music from #InAudio: https://inaudio.org/ Classic Disco Funk by MokkaMusic / Bruno * INSTAGRAM : @khalidlidlissi * FACEBOOK : walomaydi3 *drari @houssam_kamil barefoottripsmorocco@ for business * khalidcontact.busn@gmail.com Music: @Infraction","khalid lidlissi,dala,walo maydi3,bagarre,COMBAT AFRICAIN",29,"Nonprofits & Activism","Lifestyle_(sociology),Tourism",PT15M29S,929,2d,hd,false,en,ar,https://i.ytimg.com/vi/w6j46Y7D86Y/maxresdefault.jpg,1,,,,,329562,16495,,0,315
86,UCeuMT3QEwuCdRE8Tg58RCqg,"Khalid Lidlissi & Dala",z0CZCTbIFNM,2023-04-11T15:08:13Z,"2023-04-11 15:08:13","جربنا أكل الشوارع ديال السينغال🇸🇳ميمكنش اشنو كلينا! (الجزء الأول)","* INSTAGRAM : @khalidlidlissi * FACEBOOK : walomaydi3 *drari @houssam_kamil barefoottripsmorocco@ for business * khalidcontact.busn@gmail.com Music: @Infraction","أخطر أكلة,أكل الشوارع,streetfood,جرب أكل الشوارع,الشـوارع,STREET FOOD TOUR,تجـــــــربة,الجزء الأول",29,"Nonprofits & Activism","Lifestyle_(sociology),Tourism",PT15M41S,941,2d,hd,false,ar,ar,https://i.ytimg.com/vi/z0CZCTbIFNM/maxresdefault.jpg,1,,,,,353384,16654,,0,387
87,UCeuMT3QEwuCdRE8Tg58RCqg,"Khalid Lidlissi & Dala",KW6A6vNqoiY,2023-04-04T15:13:58Z,"2023-04-04 15:13:58","خدمنا فالحوت مع السنغاليين🇸🇳 تسلاو لينا الفلوس !","* INSTAGRAM : @khalidlidlissi * FACEBOOK : walomaydi3 *drari @houssam_kamil barefoottripsmorocco@ for business * khalidcontact.busn@gmail.com Music: @MokkaMusic https://www.youtube.com/watch?v=_WYG4WLh0pQ @Infraction https://www.youtube.com/watch?v=wYHxdJqMmn8","senegal,سمك,عمل,السنغال,عمل في السنغال,تقاليد السنغال,ضحك,عمل مضحك,ههههه,hhhhh,dala,khalid lidlissi,walo maydi3,الثروه السمكية,دولة السنغال,السنغال الإفريقية,الإفريقية,🇸🇳",29,"Nonprofits & Activism","Lifestyle_(sociology),Tourism",PT18M2S,1082,2d,hd,false,ar,ar,https://i.ytimg.com/vi/KW6A6vNqoiY/maxresdefault.jpg,1,,,,,420692,19554,,0,278
88,UCeuMT3QEwuCdRE8Tg58RCqg,"Khalid Lidlissi & Dala",pu4AUQmINks,2023-03-29T20:28:40Z,"2023-03-29 20:28:40","دوزنا 24 ساعة فوق اطول واخطر قطار في العالم.. تجربة خطيرة","Music from #InAudio: https://inaudio.org/ Trap Sport Percussion [Sports Music] by MokkaMusic / Wild Dragon * INSTAGRAM : @khalidlidlissi * FACEBOOK : walomaydi3 *drari @houssam_kamil barefoottripsmorocco@ for business * khalidcontact.busn@gmail.com Music: @MokkaMusic",,29,"Nonprofits & Activism","Lifestyle_(sociology),Tourism",PT24M29S,1469,2d,hd,false,ar,ar,https://i.ytimg.com/vi/pu4AUQmINks/maxresdefault.jpg,1,,,,,325558,19796,,0,356
89,UCeuMT3QEwuCdRE8Tg58RCqg,"Khalid Lidlissi & Dala",PkkGQiA9Qig,2023-03-26T14:23:09Z,"2023-03-26 14:23:09","دزنا من اخطر الطرق فالعالم ..باش نركبو اطول قطار في العالم!","Music from #InAudio: https://inaudio.org/ Heroic Epic (No Copyright Music) by MokkaMusic / One Soul * INSTAGRAM : @khalidlidlissi * FACEBOOK : walomaydi3 *drari @houssam_kamil barefoottripsmorocco@ for business * khalidcontact.busn@gmail.com Music: @MokkaMusic",,29,"Nonprofits & Activism",Lifestyle_(sociology),PT18M29S,1109,2d,hd,false,ar,ar,https://i.ytimg.com/vi/PkkGQiA9Qig/maxresdefault.jpg,1,,,,,401802,19541,,0,362
90,UCeuMT3QEwuCdRE8Tg58RCqg,"Khalid Lidlissi & Dala",5IQKBk3VTl0,2023-03-23T18:45:37Z,"2023-03-23 18:45:37","تريب جديد مع الدراري...رحلة إلى أفريقيا العميقة","* INSTAGRAM : @khalidlidlissi * FACEBOOK : walomaydi3 *drari @houssam_kamil barefoottripsmorocco@ for business * khalidcontact.busn@gmail.com Music: @MokkaMusic",,29,"Nonprofits & Activism","Lifestyle_(sociology),Tourism",PT19M18S,1158,2d,hd,false,ar,ar,https://i.ytimg.com/vi/5IQKBk3VTl0/maxresdefault.jpg,1,,,,,407329,21677,,0,294
91,UCeuMT3QEwuCdRE8Tg58RCqg,"Khalid Lidlissi & Dala",2QEdXsF4WvA,2023-03-18T16:29:51Z,"2023-03-18 16:29:51","متيقتش النتيجة 🔥",,,29,"Nonprofits & Activism",,PT36S,36,2d,hd,false,ar,ar,https://i.ytimg.com/vi/2QEdXsF4WvA/maxresdefault.jpg,1,,,,,474989,23050,,0,408
92,UCeuMT3QEwuCdRE8Tg58RCqg,"Khalid Lidlissi & Dala",oNx8-FgQLj8,2023-03-18T13:00:42Z,"2023-03-18 13:00:42","تصدمت فاش شفت الوليد بالسنان لاول مرة ...تبدل بزااف","Music from #InAudio: https://inaudio.org/ Phonk Gaming Drive (No Copyright Music) by MokkaMusic / Burning Fusion * INSTAGRAM : @khalidlidlissi * FACEBOOK : walomaydi3 * filmed by:@jalil_mkk for business * khalidcontact.busn@gmail.com",,29,"Nonprofits & Activism",,PT20M45S,1245,2d,hd,false,ar,ar,https://i.ytimg.com/vi/oNx8-FgQLj8/maxresdefault.jpg,1,,,,,380037,23597,,0,676
93,UCeuMT3QEwuCdRE8Tg58RCqg,"Khalid Lidlissi & Dala",6rhuxRhzX-s,2023-03-15T11:50:44Z,"2023-03-15 11:50:44","وأخيرا الحلم ديال الوليد تحقق...دار الهوليود سمايل","*INSTAGRAM : @khalidlidlissi *FACEBOOK : walomaydi3 *filmed by: jalil_mkk for business * khalidcontact.busn@gmail.com Music: @MokkaMusic",,29,"Nonprofits & Activism",,PT19M18S,1158,2d,hd,false,ar,ar,https://i.ytimg.com/vi/6rhuxRhzX-s/maxresdefault.jpg,1,,,,,354408,25736,,0,378
94,UCeuMT3QEwuCdRE8Tg58RCqg,"Khalid Lidlissi & Dala",sHCET6Zkx9c,2023-03-11T19:26:20Z,"2023-03-11 19:26:20","سوري عاود لينا قصتو مع الزلزال..أثر فينا بزاف","Music from #InAudio: https://inaudio.org/ Epic Heroic Cinematic by MokkaMusic / The Lionsheart's Anthem *INSTAGRAM : @khalidlidlissi *FACEBOOK : walomaydi3 *filmed by: jalil_mkk Haitam : @haitamnkita for business * khalidcontact.busn@gmail.com",,29,"Nonprofits & Activism",,PT18M45S,1125,2d,hd,false,ar,ar,https://i.ytimg.com/vi/sHCET6Zkx9c/maxresdefault.jpg,1,,,,,89752,4885,,0,126
95,UCeuMT3QEwuCdRE8Tg58RCqg,"Khalid Lidlissi & Dala",5BXNxvsMIDw,2023-03-04T13:29:06Z,"2023-03-04 13:29:06","مشينا لمدينة أنطاكيا المنكوبة بسباب الزلزال...مزال الخير فالمغاربة","Music from #InAudio: https://inaudio.org/ Urban Hip Hop Beat by MokkaMusic / Streetbeat *INSTAGRAM : @khalidlidlissi *FACEBOOK : walomaydi3 *filmed by: jalil_mkk for business * khalidcontact.busn@gmail.com",,29,"Nonprofits & Activism",,PT14M11S,851,2d,hd,false,ar,ar,https://i.ytimg.com/vi/5BXNxvsMIDw/maxresdefault.jpg,1,,,,,238078,10157,,0,406
96,UCeuMT3QEwuCdRE8Tg58RCqg,"Khalid Lidlissi & Dala",jaFuN9ejLzY,2023-02-26T11:44:39Z,"2023-02-26 11:44:39","مقارنة اسعار الخضار والفواكه بين تركيا والمغرب..الوليد تصضم","*INSTAGRAM : @khalidlidlissi *FACEBOOK : walomaydi3 *filmed by: jalil_mkk for business * khalidcontact.busn@gmail.com Music: @MokkaMusic ​",,29,"Nonprofits & Activism",Society,PT16M53S,1013,2d,hd,false,ar,ar,https://i.ytimg.com/vi/jaFuN9ejLzY/maxresdefault.jpg,1,,,,,474735,19116,,0,700
97,UCeuMT3QEwuCdRE8Tg58RCqg,"Khalid Lidlissi & Dala",x1E_Ztd6NpE,2023-02-18T14:20:41Z,"2023-02-18 14:20:41","Part 3: تحدي اقول لأبي نعم ليوم كامل..الضالة تسيف عليا فإزمير 😤","*INSTAGRAM : @khalidlidlissi *FACEBOOK : walomaydi3 *filmed by: jalil_mkk for business * khalidcontact.busn@gmail.com Music: @MokkaMusic",,29,"Nonprofits & Activism",Lifestyle_(sociology),PT11M53S,713,2d,hd,false,ar,ar,https://i.ytimg.com/vi/x1E_Ztd6NpE/maxresdefault.jpg,1,,,,,371087,29953,,0,334
98,UCeuMT3QEwuCdRE8Tg58RCqg,"Khalid Lidlissi & Dala",ngR9L6Qdzww,2023-02-17T16:42:11Z,"2023-02-17 16:42:11","لي عندو وليديه يتهلى فيهوم ❤️",,,29,"Nonprofits & Activism",Religion,PT30S,30,2d,hd,false,ar,ar,https://i.ytimg.com/vi/ngR9L6Qdzww/maxresdefault.jpg,1,,,,,114998,9708,,0,111
99,UCeuMT3QEwuCdRE8Tg58RCqg,"Khalid Lidlissi & Dala",jTUYPSax4zk,2023-02-11T17:27:15Z,"2023-02-11 17:27:15","سولنا رجل تركي على الزلزال.. وصدماتنا هضرتو 🥺","لتحميل تطبيق تاب تاب ساند إضغط على الرابط اسفله : https://taptapsend.onelink.me/Lrab/KHALID23 واحصلو على خمسة أورو على اول ارسال بإستعمال الكود برومو : KHALID23 -------------------------- *INSTAGRAM : @khalidlidlissi *FACEBOOK : walomaydi3 *filmed by: jalil_mkk for business * khalidcontact.busn@gmail.com",,29,"Nonprofits & Activism",,PT19M41S,1181,2d,hd,false,ar,ar,https://i.ytimg.com/vi/jTUYPSax4zk/maxresdefault.jpg,1,,,,,265970,15127,,0,283
100,UCeuMT3QEwuCdRE8Tg58RCqg,"Khalid Lidlissi & Dala",MPgjCum9FYs,2023-02-10T20:49:59Z,"2023-02-10 20:49:59","كان غيصطيني فالطيارة 🤣🤣🤣",,,29,"Nonprofits & Activism","Entertainment,Film",PT1M1S,61,2d,hd,false,ar,ar,https://i.ytimg.com/vi/MPgjCum9FYs/maxresdefault.jpg,1,,,,,339176,14802,,0,165
101,UCeuMT3QEwuCdRE8Tg58RCqg,"Khalid Lidlissi & Dala",KffEX1me4Wo,2023-02-08T20:00:00Z,"2023-02-08 20:00:00","هذا هو السبب لي خلانا نغبرو لمدة طويلة..مفاجأة للوليد","انقر للتسجيل المجاني في Olymp Trade الرابط هنا: https://olymptrade.onelink.me/qNXS/KHALID33 استخدم رمز الرمز الترويجي KHALID33 واحصل على 3 في 1: %33 إضافية بونص على إيداعك و 100 ألف إضافية بدالً من 10 آالف في حسابك التجريبي وتجربة لحالة Expert لمدة يومين بداية -------- *INSTAGRAM : @khalidlidlissi *FACEBOOK : walomaydi3 *filmed by: jalil_mkk for business * khalidcontact.busn@gmail.com",,29,"Nonprofits & Activism",,PT18M,1080,2d,hd,false,ar,ar,https://i.ytimg.com/vi/KffEX1me4Wo/maxresdefault.jpg,1,,,,,332499,22017,,0,314
102,UCeuMT3QEwuCdRE8Tg58RCqg,"Khalid Lidlissi & Dala",TnpnCeyxgrs,2022-12-31T17:31:25Z,"2022-12-31 17:31:25","تجربة اجتماعية : فرقنا 155 وجبة عشاء علي اطفال الشوارع","*INSTAGRAM : @khalidlidlissi *FACEBOOK : walomaydi3 *CAMERA MAN jalil_filmmaker for business * khalidcontact.busn@gmail.com *",,29,"Nonprofits & Activism",,PT22M32S,1352,2d,hd,false,ar,ar,https://i.ytimg.com/vi/TnpnCeyxgrs/maxresdefault.jpg,1,,,,,192681,15594,,0,387
103,UCeuMT3QEwuCdRE8Tg58RCqg,"Khalid Lidlissi & Dala",O9ZWFiRZFw0,2022-12-22T16:30:18Z,"2022-12-22 16:30:18","استقبال اسطوري للمنتخب الوطني..لوليد سخف وسط الجمهور","*INSTAGRAM : @khalidlidlissi *FACEBOOK : walomaydi3 for business * khalidcontact.busn@gmail.com ------------- * Music @Infraction",,23,Comedy,,PT11M8S,668,2d,hd,false,ar,ar,https://i.ytimg.com/vi/O9ZWFiRZFw0/maxresdefault.jpg,1,,,,,226504,12816,,0,197
104,UCeuMT3QEwuCdRE8Tg58RCqg,"Khalid Lidlissi & Dala",hr6NlRaEpkc,2022-11-24T16:51:54Z,"2022-11-24 16:51:54","عشنا اجواء كأس العالم مع المتابعين..Maroc Vs Croatie","*INSTAGRAM : @khalidlidlissi *FACEBOOK : walomaydi3 * khalidcontact.busn@gmail.com ------------------------------------------ music @Freememusicmix @MokkaMusic",,23,Comedy,"Association_football,Sport",PT12M14S,734,2d,hd,false,ar,ar,https://i.ytimg.com/vi/hr6NlRaEpkc/maxresdefault.jpg,1,,,,,191910,12677,,0,159
105,UCeuMT3QEwuCdRE8Tg58RCqg,"Khalid Lidlissi & Dala",bNOt1QeRfws,2022-11-06T11:56:28Z,"2022-11-06 11:56:28","تحدي مع المتابعين ... جيبها عبار تربح دولار🤑","اضغط هنا و سجل على منصة Olymp Trade https://olymptrade.onelink.me/79UJ/DALA إستعمل هذا البروموكود DALA و احصل على زيادة بنسبة 30 % على إيداعك زائد 100 ألف بدلا من 10 آلاف في حسابك التجريبي ------------------------------- *INSTAGRAM : @khalidlidlissi *FACEBOOK : walomaydi3 * khalidcontact.busn@gmail.com","فواكه,الفواكه,balance,khalid lidlissi challenge,walo maydi3,خالد الادلسي,دالا,والو ميضيع,الوزن,تحديات الفواكه,فاكهة,Challenge,Challenge khalid lidlissi",23,Comedy,Lifestyle_(sociology),PT18M40S,1120,2d,hd,false,ar,ar,https://i.ytimg.com/vi/bNOt1QeRfws/maxresdefault.jpg,1,,,,,258282,15831,,0,233
106,UCeuMT3QEwuCdRE8Tg58RCqg,"Khalid Lidlissi & Dala",RpUYQcx6PRY,2022-10-29T18:39:54Z,"2022-10-29 18:39:54","تحدي المشروبات...شربنا عصير ( للبن +الفلفلة..)","hada howa le lien li bgha yidkhel lgroupe w i7sel 3la takwin w tawjih 100% majani f tadawol : https://t.me/+YMUeXluF8k5jMzk8 ----------------------- *INSTAGRAM : @khalidlidlissi *FACEBOOK : walomaydi3 * khalidcontact.busn@gmail.com",,23,Comedy,Lifestyle_(sociology),PT19M45S,1185,2d,hd,false,fr,ar,https://i.ytimg.com/vi/RpUYQcx6PRY/maxresdefault.jpg,1,,,,,529290,27144,,0,448
107,UCeuMT3QEwuCdRE8Tg58RCqg,"Khalid Lidlissi & Dala",uO38rtfZcTY,2022-10-25T11:30:14Z,"2022-10-25 11:30:14","الجزء الثالث: تحدي يقول ليا لوليد نعم ليوم كامل...بغيت نعرف شحال عندك ديال لفلوس؟😱","اضغط هنا و سجل على منصة Olymp Trade https://olymptrade.onelink.me/CT8U/DALA30 إستعمل هذا البروموكود DALA30 و احصل على زيادة بنسبة 30 % على إيداعك زائد 100 ألف بدلا من 10 آلاف في حسابك التجريبي ---------------------------- *CAMERA MAN: jalil_filmmaker * khalidcontact.busn@gmail.com *CAMERA MAN : jalil_filmmaker * khalidcontact.busn@gmail.com","dala,khalid lidlissi,ضالا,حساب بنكي,فلوس",23,Comedy,Lifestyle_(sociology),PT15M55S,955,2d,hd,false,ar,ar,https://i.ytimg.com/vi/uO38rtfZcTY/maxresdefault.jpg,1,,,,,374456,22935,,0,300
108,UCeuMT3QEwuCdRE8Tg58RCqg,"Khalid Lidlissi & Dala",-1ZRxcCIw2A,2022-10-19T11:52:14Z,"2022-10-19 11:52:14","عيد ميلاد خيالي الواليد .. درت ليه مفاجأة ديتو لدار العجزة !!","*INSTAGRAM : @khalidlidlissi *FACEBOOK : walomaydi3 *CAMERA MAN: jalil_filmmaker * khalidcontact.busn@gmail.com ------------------- لي باغي يتساعد معا هاد الناس هذا هو الكونط ديال مدير دار العجزة : 1010222121190063730005 91 Groupe animation 1 : @groupe_ait_lhawa* Groupe animation 2 : @groupe_moulay_elmehdi*",,23,Comedy,,PT18M44S,1124,2d,hd,false,ar,ar,https://i.ytimg.com/vi/-1ZRxcCIw2A/maxresdefault.jpg,1,,,,,215809,16679,,0,480
109,UCeuMT3QEwuCdRE8Tg58RCqg,"Khalid Lidlissi & Dala",0oVhY5WDV78,2022-10-09T10:57:46Z,"2022-10-09 10:57:46","الصيف للجميع الحلقة الأخيرة : الاخ عصام دوز معانا نهار مكيتنساش","Music from #InAudio: https://inaudio.org/ Classic Disco Funk by MokkaMusic / Bruno Abstract Timelapse Inspiring Electronic by MokkaMusic / Twilight *INSTAGRAM : @khalidlidlissi *FACEBOOK : walomaydi3 *CAMERA MAN jalil_filmmaker *قناة الاخ عصام: https://www.youtube.com/channel/UCHYLjcYRCS5YJUgDGJphb3Q * khalidcontact.busn@gmail.com -------------------------------------------- * Music @MokkaMusic",,23,Comedy,Lifestyle_(sociology),PT22M42S,1362,2d,hd,false,ar,ar,https://i.ytimg.com/vi/0oVhY5WDV78/maxresdefault.jpg,1,,,,,289367,25680,,0,441
110,UCeuMT3QEwuCdRE8Tg58RCqg,"Khalid Lidlissi & Dala",yKfK5RAjroQ,2022-10-01T13:05:08Z,"2022-10-01 13:05:08","PART 3 :درنا مقارنة بين اغلى وارخص فندق فاكادير..تصدمنا بالفرق !","Music from #InAudio: https://inaudio.org/ Vintage Hip Hop [Funky Music] by MokkaMusic / Vintage *INSTAGRAM : @khalidlidlissi *FACEBOOK : walomaydi3 *CAMERA MAN jalil_filmmaker * khalidcontact.busn@gmail.com ---------------------------------------------- * Music @MokkaMusic",,23,Comedy,"Lifestyle_(sociology),Tourism",PT21M45S,1305,2d,hd,false,ar,ar,https://i.ytimg.com/vi/yKfK5RAjroQ/maxresdefault.jpg,1,,,,,417958,27905,,0,521
111,UCeuMT3QEwuCdRE8Tg58RCqg,"Khalid Lidlissi & Dala",iIU6QZvoq-k,2022-09-21T11:55:15Z,"2022-09-21 11:55:15","الجزء التاني: تحدي أقول لابي نعم ليوم كامل...لواليد غيدير الضالة","Music from #InAudio: https://inaudio.org/ Dark and Epic [Cinematic Music] by MokkaMusic / Better Way *INSTAGRAM : @khalidlidlissi *FACEBOOK : walomaydi3 *CAMERA MAN jalil_filmmaker * khalidcontact.busn@gmail.com ----------------------------------------------",,23,Comedy,Lifestyle_(sociology),PT17M59S,1079,2d,hd,false,ar,ar,https://i.ytimg.com/vi/iIU6QZvoq-k/maxresdefault.jpg,1,,,,,744677,66447,,0,954
112,UCeuMT3QEwuCdRE8Tg58RCqg,"Khalid Lidlissi & Dala",bJ79N9wYfoQ,2022-09-11T16:12:48Z,"2022-09-11 16:12:48","الصيف للجميع: طالب معاشو كيبيع الفاكية... دوز اسعد نهار فحياتو !!","Music from #InAudio: https://inaudio.org/ Energizing Dance Club [Dance Music] by MokkaMusic / Young Days *INSTAGRAM : @khalidlidlissi *FACEBOOK : walomaydi3 *CAMERA MAN jalil_filmmaker * khalidcontact.busn@gmail.com ---------------------------------------------- AQUAPARC: @danialand BARBER :@kitaro_barber QUAD:@quadski_agadir * Music @NoCopyrightSounds @MokkaMusic",,23,Comedy,"Humour,Lifestyle_(sociology)",PT27M42S,1662,2d,hd,false,ar,ar,https://i.ytimg.com/vi/bJ79N9wYfoQ/maxresdefault.jpg,1,,,,,346215,32407,,0,1097
113,UCeuMT3QEwuCdRE8Tg58RCqg,"Khalid Lidlissi & Dala",YSrqx7fN8Kg,2022-09-04T13:13:35Z,"2022-09-04 13:13:35","الصيف للجميع: خلينا عامل بناء يدوز احسن نهار فالصيف","*INSTAGRAM : @khalidlidlissi *FACEBOOK : walomaydi3 *CAMERA MAN jalil_filmmaker * khalidcontact.busn@gmail.com *Instagram Tilifirik : @danialand Salon / Spa : @lacombeformen Karting :@cartingagadir Cafe restaurant :@coffeemims",,23,Comedy,"Lifestyle_(sociology),Tourism",PT23M45S,1425,2d,hd,false,ar,ar,https://i.ytimg.com/vi/YSrqx7fN8Kg/maxresdefault.jpg,1,,,,,405990,35270,,0,956
114,UCeuMT3QEwuCdRE8Tg58RCqg,"Khalid Lidlissi & Dala",ZlWBraxzYOs,2022-08-24T11:29:05Z,"2022-08-24 11:29:05","تحدي أقول لابي نعم ليوم كامل...حسيت بالإستغلال؟","*INSTAGRAM : @khalidlidlissi *FACEBOOK : walomaydi3 *CAMERA MAN jalil_filmmaker * khalidcontact.busn@gmail.com * Music :@Mokka - No Copyright Music",,23,Comedy,Lifestyle_(sociology),PT18M43S,1123,2d,hd,false,ar,ar,https://i.ytimg.com/vi/ZlWBraxzYOs/maxresdefault.jpg,1,,,,,749218,71774,,0,2097
115,UCeuMT3QEwuCdRE8Tg58RCqg,"Khalid Lidlissi & Dala",ICLPHaXdXXA,2022-08-18T12:18:50Z,"2022-08-18 12:18:50","PART 2:الفرق بين حياة البساطة وحياة الرفاهية...صدماتنا النتيجة !؟","Music from #InAudio: https://inaudio.org/ Stylish Rock [Sport Music] by MokkaMusic / Revolver *INSTAGRAM : @khalidlidlissi *FACEBOOK : walomaydi3 *CAMERA MAN jalil_filmmaker * khalidcontact.busn@gmail.com * Music :@MokkaMusic",,23,Comedy,Lifestyle_(sociology),PT14M17S,857,2d,hd,false,ar,ar,https://i.ytimg.com/vi/ICLPHaXdXXA/maxresdefault.jpg,1,,,,,503550,34771,,0,746
116,UCeuMT3QEwuCdRE8Tg58RCqg,"Khalid Lidlissi & Dala",HLY_h80zN5w,2022-08-14T12:57:28Z,"2022-08-14 12:57:28","PART 1: عشنا حياة البسطاء والرفاهية انا والواليد ... اشنو الفرق ؟","Music from #InAudio: https://inaudio.org/ Ramadan [Islamic Music] by MokkaMusic / Ramadan Arabic Violin [Oriental Egyptian Music] by MokkaMusic / Timeless Arabian Gaming Ambient [Eastern Music] by MokkaMusic / Desert Eagle *INSTAGRAM : @khalidlidlissi *FACEBOOK : walomaydi3 *CAMERA MAN jalil_filmmaker * khalidcontact.busn@gmail.com * Music : @MokkaMusic",,23,Comedy,Lifestyle_(sociology),PT19M38S,1178,2d,hd,false,en,ar,https://i.ytimg.com/vi/HLY_h80zN5w/maxresdefault.jpg,1,,,,,623228,40335,,0,819
117,UCeuMT3QEwuCdRE8Tg58RCqg,"Khalid Lidlissi & Dala",VpQkj8FtJFM,2022-08-12T15:22:51Z,"2022-08-12 15:22:51","ردة الفعل ديالنا انا الواليد على الطرولات ديالكوم علينا","INSTAGRAM : @khalidlidlissi FACEBOOK : walomaydi3 BUSSINESS ENQUIRIES : khalidcontact.busn@gmail.com Music : @FreesoundMusic",,23,Comedy,Lifestyle_(sociology),PT14M13S,853,2d,hd,false,ar,ar,https://i.ytimg.com/vi/VpQkj8FtJFM/maxresdefault.jpg,1,,,,,453708,30134,,0,652
118,UCeuMT3QEwuCdRE8Tg58RCqg,"Khalid Lidlissi & Dala",8FVzWBSBRl8,2022-08-03T13:58:59Z,"2022-08-03 13:58:59","اول مرة نبين معايا الواليد والواليدة.. رجعتهوم ليامات الشباب 😍","INSTAGRAM : @khalidlidlissi FACEBOOK : walomaydi3 BUSSINESS ENQUIRIES : khalidcontact.busn@gmail.com",,23,Comedy,Lifestyle_(sociology),PT18M52S,1132,2d,hd,false,ar,ar,https://i.ytimg.com/vi/8FVzWBSBRl8/maxresdefault.jpg,1,,,,,565476,34449,,0,950
119,UCeuMT3QEwuCdRE8Tg58RCqg,"Khalid Lidlissi & Dala",LdXU54WAtCE,2022-07-10T21:24:20Z,"2022-07-10 21:24:20","لوليد معجبوش الحولي ديال عيد الاضحى","INSTAGRAM : @khalidlidlissi FACEBOOK : walomaydi3 BUSSINESS ENQUIRIES : khalidcontact.busn@gmail.com",,23,Comedy,Lifestyle_(sociology),PT14M7S,847,2d,hd,false,ar,ar,https://i.ytimg.com/vi/LdXU54WAtCE/maxresdefault.jpg,1,,,,,954850,48406,,0,639
120,UCeuMT3QEwuCdRE8Tg58RCqg,"Khalid Lidlissi & Dala",oqUKZzdEmJE,2022-07-09T17:05:18Z,"2022-07-09 17:05:18","جربنا نعيشو اجواء العيد قبل العيد..دوزنا العيد فالغابة ههه","INSTAGRAM : @khalidlidlissi FACEBOOK : walomaydi3 Mouad : @mouad_aboukassim HOUSAM :@housam_kamil BUSSINESS ENQUIRIES : khalidcontact.busn@gmail.com",,23,Comedy,Lifestyle_(sociology),PT10M33S,633,2d,hd,false,ar,ar,https://i.ytimg.com/vi/oqUKZzdEmJE/maxresdefault.jpg,1,,,,,727966,38894,,0,494
121,UCeuMT3QEwuCdRE8Tg58RCqg,"Khalid Lidlissi & Dala",mrZhL0JAh2U,2022-07-06T17:10:11Z,"2022-07-06 17:10:11","حاولنا ندخلو الفرحة على قلوب الناس..جزى الله المحسنين (فرقنا الحوالة 🐏)","INSTAGRAM : @khalidlidlissi FACEBOOK : walomaydi3 ------------------------------ للمساهمة في مبادرة عيد الاضحى تواصلو معنا 👇🏻: 0700704781‬ 0600317455 ___________________ ‎للمساعدة عبر الحساب البنكي : Support: AL BARID BANK RIb: 350 810 0000000010628559 45 numéro de compte: 0/00010628559 ‎ارسال عبر الوكالات : ‎الاسم: KHALID LIDLISSI Mouad : @mouad_aboukassim HOUSAM :@housam_kamil BUSSINESS ENQUIRIES : khalidcontact.busn@gmail.com",,23,Comedy,,PT12M38S,758,2d,hd,false,ar,ar,https://i.ytimg.com/vi/mrZhL0JAh2U/maxresdefault.jpg,1,,,,,345374,29677,,0,590
122,UCeuMT3QEwuCdRE8Tg58RCqg,"Khalid Lidlissi & Dala",qwy7kpDxmbc,2022-07-04T15:25:25Z,"2022-07-04 15:25:25","مشينا نشريو كبش عيد الاضحى..بسباب الاثمنة مشريناش!!","INSTAGRAM : @khalidlidlissi FACEBOOK : walomaydi3 HOUSAM :@housam_kamil BUSSINESS ENQUIRY : khalidcontact.busn@gmail.com",,23,Comedy,,PT17M57S,1077,2d,hd,false,ar,ar,https://i.ytimg.com/vi/qwy7kpDxmbc/maxresdefault.jpg,1,,,,,714576,43785,,0,774
123,UCeuMT3QEwuCdRE8Tg58RCqg,"Khalid Lidlissi & Dala",tEdYU7_KeGk,2022-06-29T14:29:40Z,"2022-06-29 14:29:40","سوق لأضاحي 2022 .. تلاقينا مع واحد السيدة عطات القاسح للواليد","INSTAGRAM : @khalidlidlissi FACEBOOK : walomaydi3 Mouad : @mouad_aboukassim BUSSINESS ENQUIRY : khalidcontact.busn@gmail.com للمساهمة في مبادرة عيد الاضحى لسنة 2022 تواصلو مهنا في احد الرقمين اسفله و جزى الله المحسنين خيرا ❤️🙏🏻 0700707481 0600317455",,23,Comedy,,PT21M14S,1274,2d,hd,false,ar,ar,https://i.ytimg.com/vi/tEdYU7_KeGk/maxresdefault.jpg,1,,,,,502106,33159,,0,707
124,UCeuMT3QEwuCdRE8Tg58RCqg,"Khalid Lidlissi & Dala",YVCezeTOnEM,2022-06-25T13:08:38Z,"2022-06-25 13:08:38","التحضيرات الاولى لمهرجان بوجلود اكادير","Music from #InAudio: https://inaudio.org/ inaudio - MokkaMusic - Boat inaudio - Mokka Music - Breeze FOLLOW ME INSTAGRAM : khalidlidlissi FACEBOOK : walomaydi3 BUSSINESS ENQUIRY : khalidcontact.busn@gmail.com CAMERA MAN INSTAGRAM : jalil_mkk MUSIC @MokkaMusic",,23,Comedy,,PT15M35S,935,2d,hd,false,ar,ar,https://i.ytimg.com/vi/YVCezeTOnEM/maxresdefault.jpg,1,,,,,284137,23806,,0,602
125,UCeuMT3QEwuCdRE8Tg58RCqg,"Khalid Lidlissi & Dala",jyMECaZ5prs,2022-06-18T12:55:03Z,"2022-06-18 12:55:03","جربنا اخطر تحدي .. لعبنا كورة فتيران كيزلق لموت ديال الضحك هههه","FOLLOW ME Instagram :@khalidlidlissi Facebook : walomaydi3 BUSSINESS ENQUIRY : khalidcontact.busn@gmail.com HOUSSAM : @houssam_kamil Marouane: @marouane.hindi Tiw : @tiw_officeil CAMERA MAN & DRONE : @Jalil_mkk MUSIC @MokkaMusic",,23,Comedy,Lifestyle_(sociology),PT15M,900,2d,hd,false,ar,ar,https://i.ytimg.com/vi/jyMECaZ5prs/maxresdefault.jpg,1,,,,,445233,25038,,0,510
126,UCeuMT3QEwuCdRE8Tg58RCqg,"Khalid Lidlissi & Dala",yKNFPljYeBM,2022-06-11T11:57:40Z,"2022-06-11 11:57:40","درنا تحدي نقيو البحر.. ونصبت على الوليد ف 2000 درهم","FOLLOW ME INSTAGRAM www.instagram.com/khalidlidlissi FACEBOOK www.facebook.com/walomaydi3 BUSSINESS ENQUIRY : khalidcontact.busn@gmail.com HOUSSAM www.instagram.com/houssam_kamil MAROUANE www.instagram.com/marouane.hindi CAMERA MAN www.instagram.com/jalil_mkk",,23,Comedy,"Lifestyle_(sociology),Tourism",PT13M26S,806,2d,hd,false,ar,ar,https://i.ytimg.com/vi/yKNFPljYeBM/maxresdefault.jpg,,,,,,274690,20945,,0,423
127,UCeuMT3QEwuCdRE8Tg58RCqg,"Khalid Lidlissi & Dala",aomDMpaGh1Q,2022-06-05T15:01:33Z,"2022-06-05 15:01:33","مشينا لفيستيڤال گناوة الصويرة .. الواليد كان غيسخف من كثرة الزحام 😱","Music from #InAudio: https://inaudio.org/ inaudio - Mokka Music - Luminos inaudio - Mokka Music - New Beginning FOLLOW ME INSTAGRAM www.instagram.com/khalidlidlissi FACEBOOK www.facebook.com/walomaydi3 COOPÉRATIVE TIMDWIN : 0661944244—0661944242 BUSSINESS ENQUIRY : khalidcontact.busn@gmail.com HOUSSAM www.instagram.com/houssam_kamil MAROUANE www.instagram.com/marouane.hindi CAMERA MAN & DRONE www.instagram.com/waarabi_omar MUSIC @MokkaMusic",,23,Comedy,"Lifestyle_(sociology),Tourism",PT11M27S,687,2d,hd,false,ar,ar,https://i.ytimg.com/vi/aomDMpaGh1Q/maxresdefault.jpg,1,,,,,259129,19873,,0,331
128,UCeuMT3QEwuCdRE8Tg58RCqg,"Khalid Lidlissi & Dala",5-oA8USITCM,2022-06-01T12:59:26Z,"2022-06-01 12:59:26","مشينا انا والواليد نجيبو العسل صدقنا فقريص النحل هه (تجربة صعيبة)","Music from #InAudio: https://inaudio.org/ inaudio - Mokka Music - Queen FOLLOW ME INSTAGRAM www.instagram.com/khalidlidlissi FACEBOOK www.facebook.com/walomaydi3 COOPÉRATIVE TIMDWIN : 0698805184 BUSSINESS ENQUIRY : khalidcontact.busn@gmail.com HOUSSAM www.instagram.com/houssam_kamil MOUAD www.instagram.com/mouad_aboukassim CAMERA MAN & DRONE www.instagram.com/jalil_filmmaker @MrKevinwaffles",,23,Comedy,Lifestyle_(sociology),PT15M56S,956,2d,hd,false,ar,ar,https://i.ytimg.com/vi/5-oA8USITCM/maxresdefault.jpg,1,,,,,339925,24549,,0,639
129,UCeuMT3QEwuCdRE8Tg58RCqg,"Khalid Lidlissi & Dala",0q7OBjUGlmM,2022-05-19T17:02:46Z,"2022-05-19 17:02:46","اقوى تحدي في القناة..آخر واحد يخرج من برميل التلج يربح 5000 درهم!!!","https://www.instagram.com/khalidlidli...: INSTAGRAM DALA DRARI : - MOUAD: https://bit.ly/3tU4trA - youtube:https://www.youtube.com/c/MouadAbouka... - HOUSSAM: https://bit.ly/2Xvh1cQ - El MEHDI : https://bit.ly/3yLG6AK Music from : @Mokka - No Copyright Music",,23,Comedy,Lifestyle_(sociology),PT12M31S,751,2d,hd,false,ar,ar,https://i.ytimg.com/vi/0q7OBjUGlmM/maxresdefault.jpg,1,,,,,490619,31855,,0,454
130,UCeuMT3QEwuCdRE8Tg58RCqg,"Khalid Lidlissi & Dala",4be-ku_LV4Q,2022-05-14T16:51:58Z,"2022-05-14 16:51:58","هاعلاش غبرنا؟.. حلينا مطور ديال طوموبيل الموت ديال ضحك ههه","INSTAGRAM DALA:https://www.instagram.com/khalidlidlissi/ DRARI : - MOUAD: https://bit.ly/3tU4trA youtube:https://www.youtube.com/c/MouadAbouka... - HOUSSAM: https://bit.ly/2Xvh1cQ Music from : @MokkaMusic",,23,Comedy,Lifestyle_(sociology),PT14M30S,870,2d,hd,false,ar,ar,https://i.ytimg.com/vi/4be-ku_LV4Q/maxresdefault.jpg,1,,,,,393255,24583,,0,409
131,UCeuMT3QEwuCdRE8Tg58RCqg,"Khalid Lidlissi & Dala",Tzwnpe3xYY8,2022-03-31T20:41:39Z,"2022-03-31 20:41:39","درنا تحدي البالونات انا والدراري..الموت ديال الضحك","- NSTAGRAM : https://bit.ly/39kBp30 - FACEBOOK : https://bit.ly/3CsdriQ DRARI : - MOUAD: https://bit.ly/3tU4trA - HOUSSAM: https://bit.ly/2Xvh1cQ",,23,Comedy,Lifestyle_(sociology),PT10M35S,635,2d,hd,false,ar,ar,https://i.ytimg.com/vi/Tzwnpe3xYY8/maxresdefault.jpg,1,,,,,525146,32863,,0,514
132,UCeuMT3QEwuCdRE8Tg58RCqg,"Khalid Lidlissi & Dala",N40hposhpDs,2022-03-27T12:00:30Z,"2022-03-27 12:00:30","شعلات لينا العافية فالطوموبيل..تصدمنابردة فعل الناس؟ (تجربة إجتماعية)","- NSTAGRAM : https://bit.ly/39kBp30 - FACEBOOK : https://bit.ly/3CsdriQ DRARI : - MOUAD: https://bit.ly/3tU4trA youtube:https://www.youtube.com/c/MouadAboukassim - HOUSSAM: https://bit.ly/2Xvh1cQ - Jazira : https://youtube.com/c/JazeeraVineOfficial",,23,Comedy,,PT10M9S,609,2d,hd,false,ar,ar,https://i.ytimg.com/vi/N40hposhpDs/maxresdefault.jpg,1,,,,,355398,29815,,0,480
133,UCeuMT3QEwuCdRE8Tg58RCqg,"Khalid Lidlissi & Dala",gfOnTEnOTWg,2022-03-20T13:47:31Z,"2022-03-20 13:47:31","تغديت انا والواليد فالسماء.. ردة فعل الواليد مني شاف معاد اول مرة !","NSTAGRAM : https://bit.ly/39kBp30 FACEBOOK : https://bit.ly/3CsdriQ DRARI : MOUAD: https://bit.ly/3tU4trA HOUSSAM: https://bit.ly/2Xvh1cQ",,23,Comedy,"Hobby,Lifestyle_(sociology)",PT15M,900,2d,hd,false,ar,ar,https://i.ytimg.com/vi/gfOnTEnOTWg/maxresdefault.jpg,1,,,,,330975,24822,,0,654
134,UCeuMT3QEwuCdRE8Tg58RCqg,"Khalid Lidlissi & Dala",2S_Z9CCL09U,2022-03-18T17:00:59Z,"2022-03-18 17:00:59","اشهر ناجي من حرب أكرانيا مهدي...يحكي تفاصيل الفيديو لاول مرة (بطل القطار)","NSTAGRAM : https://bit.ly/39kBp30 FACEBOOK : https://bit.ly/3CsdriQ DRARI : MOUAD: https://bit.ly/3tU4trA HOUSSAM: https://bit.ly/2Xvh1cQ MEHDI :https://bit.ly/3to8QN7","بطل القطار,حرب أكرانيا,ناجي من حرب أكرانيا,مهدي بن ديدوح,الجزيرة,اخبار",23,Comedy,,PT19M29S,1169,2d,hd,false,ar,ar,https://i.ytimg.com/vi/2S_Z9CCL09U/maxresdefault.jpg,1,,,,,316471,27325,,0,489
135,UCeuMT3QEwuCdRE8Tg58RCqg,"Khalid Lidlissi & Dala",lsDPOlK8jfQ,2022-03-05T20:08:53Z,"2022-03-05 20:08:53","يوم ملكي : لقاء صحفي مع الضالة","Instagram ⬇️ Khalid - https://instagram.com/khalidlidlissi Houssam - https://instagram.com/houssam_kamil Facebook ⬇️ https://www.facebook.com/khalidlidlis... business/collaborations ⬇️ Khalidcontact.busn@gmil.com",,23,Comedy,,PT10M47S,647,2d,hd,false,ar,ar,https://i.ytimg.com/vi/lsDPOlK8jfQ/maxresdefault.jpg,1,,,,,462862,36908,,0,1001
136,UCeuMT3QEwuCdRE8Tg58RCqg,"Khalid Lidlissi & Dala",rtXUm49zaWo,2022-02-26T19:10:40Z,"2022-02-26 19:10:40","ها علاش قررنا نديرو آخر فيديو ديال التفاعلات...الحلقة الاخيرة","Instagram ⬇️ Khalid - https://instagram.com/khalidlidlissi Facebook ⬇️ https://www.facebook.com/khalidlidlis... business/collaborations ⬇️ khalidcontact.busn@gmail.com",,23,Comedy,,PT8M47S,527,2d,hd,false,ar,ar,https://i.ytimg.com/vi/rtXUm49zaWo/maxresdefault.jpg,1,,,,,659278,49004,,0,1197
137,UCeuMT3QEwuCdRE8Tg58RCqg,"Khalid Lidlissi & Dala",WOTcIkGt7nY,2022-02-19T18:56:40Z,"2022-02-19 18:56:40","غادي نبدلو الدار و هادي اول خطوة ... الواليد كانت غدوز عليه دكاكة","استفيدو من العرض الحالي من شركة بونج الابطال SALON PIQUÉ 33 Mesures 200-70-28 540dhs/m Mesures 200-70-30 560dhs/m MATELAS 33 Mesures 190-140 Prix 1990 dhs للإستفادة من العرض الصالح إلى نهاية شهر مارس اتصلوا بالرقم التالي 0611673110 مع CODE PROMO : ABTAL2022DALA BUSNESS / COLLABORATIONS 📩 khalidcontact.busn@gmail.com",,23,Comedy,,PT16M8S,968,2d,hd,false,ar,ar,https://i.ytimg.com/vi/WOTcIkGt7nY/maxresdefault.jpg,1,,,,,467060,39654,,0,1013
138,UCeuMT3QEwuCdRE8Tg58RCqg,"Khalid Lidlissi & Dala",DU82IcFrtgI,2022-02-12T22:06:31Z,"2022-02-12 22:06:31","تفاعلات كميائية...صدماتنا النتيجة !","Instagram ⬇️ Khalid - https://instagram.com/khalidlidlissi Facebook ⬇️ https://www.facebook.com/khalidlidlis... business/collaborations ⬇️ khalidcontact.busn@gmail.com music: https://www.youtube.com/watch?v=AwcnUFQi2mI https://www.youtube.com/watch?v=TN3tXX2XgjY https://www.youtube.com/watch?v=awC8S2I6L8I",,23,Comedy,,PT11M8S,668,2d,hd,false,ar,ar,https://i.ytimg.com/vi/DU82IcFrtgI/maxresdefault.jpg,1,,,,,588457,56500,,0,1189
139,UCeuMT3QEwuCdRE8Tg58RCqg,"Khalid Lidlissi & Dala",WYGAK5B29O4,2022-01-30T11:34:27Z,"2022-01-30 11:34:27","أسئلة محرجة بيني وبين الواليد.. شربني عاصير رجلين الدجاج..","Instagram ⬇️ Khalid - https://instagram.com/khalidlidlissi Houssam - https://instagram.com/houssam_kamil Facebook ⬇️ https://www.facebook.com/khalidlidlis... Les esthétiques https://instagram.com/miiss.isslam business/collaborations ⬇️ Music : https://www.youtube.com/watch?v=TRXffp1isbg",,23,Comedy,Lifestyle_(sociology),PT10M34S,634,2d,hd,false,ar,ar,,1,,,,,440696,41883,,0,1102
140,UCeuMT3QEwuCdRE8Tg58RCqg,"Khalid Lidlissi & Dala",vm-o0nFSqE4,2022-01-16T11:39:11Z,"2022-01-16 11:39:11","PART 1 : الواليد عاش يوم ملكي","Instagram ⬇️ Khalid - https://instagram.com/khalidlidlissi Houssam - https://instagram.com/houssam_kamil Facebook ⬇️ https://www.facebook.com/khalidlidlissidala1 Les esthétiques https://instagram.com/miiss.isslam business/collaborations ⬇️ Khalidcontact.busn@gmil.com Music : https://www.youtube.com/watch?v=eHMqIJCHA4I&t=0s",,23,Comedy,Lifestyle_(sociology),PT19M43S,1183,2d,hd,false,fr,ar,https://i.ytimg.com/vi/vm-o0nFSqE4/maxresdefault.jpg,1,,,,,951014,78074,,0,2899
141,UCeuMT3QEwuCdRE8Tg58RCqg,"Khalid Lidlissi & Dala",C-i7hLWw9yo,2022-01-08T18:10:33Z,"2022-01-08 18:10:33","شريت سيارة جديدة ودرت ليكوم مسابقة على پيكالتي.. الواليد تعصب بالفرحة ههه","Instagram ⬇️ Khalid - https://instagram.com/khalidlidlissi Houssam - https://instagram.com/houssam_kamil Facebook ⬇️ https://www.facebook.com/khalidlidlissidala1 business/collaborations ⬇️ Khalidcontact.busn@gmil.com",,23,Comedy,Lifestyle_(sociology),PT20M18S,1218,2d,hd,false,ar,ar,https://i.ytimg.com/vi/C-i7hLWw9yo/maxresdefault.jpg,1,,,,,650745,48804,,0,28416
142,UCeuMT3QEwuCdRE8Tg58RCqg,"Khalid Lidlissi & Dala",aHeNqak65fQ,2021-12-28T17:31:28Z,"2021-12-28 17:31:28","تقلب بينا العاود بسباب واحد الحلمة جات الواليد !","INSTAGRAM : https://www.instagram.com/khalidlidlissi ----------- Instagram drari : https://instagram.com/houssam_kamil https://instagram.com/Adobran_jp Montage : @azizlakbiche1",,23,Comedy,Lifestyle_(sociology),PT23M48S,1428,2d,hd,false,ar,ar,https://i.ytimg.com/vi/aHeNqak65fQ/maxresdefault.jpg,1,,,,,712536,43909,,0,1082
143,UCeuMT3QEwuCdRE8Tg58RCqg,"Khalid Lidlissi & Dala",UJM79s6_x5A,2021-12-11T23:07:34Z,"2021-12-11 23:07:34","تزوجت بلا خبار الواليد !","Grand merci à ... Traiteurs : Mme Hanane @Sous_elegance_events https://www.instagram.com/souss_elegance_events @traiteurkhalidbenyahia https://www.instagram.com/traiteurkhalidbenyahia Modèle @hiindlmn https://www.instagram.com/hiindlmn Coiffeur/Henna @othmanelaadraoui https://www.instagram.com/otmanelaadraoui @chahrazad_nani_officiel https://www.instagram.com/chahrazad_nani_official Costume @Salah_touali1 https://www.instagram.com/salah_touali1 Barber @el7aj33 https://instagram.com/el7aj_33 Photographers Zakariaouakrim1 https://instagram.com/zakariaouakrim1 @raheeim https://instagram.com/raheeeim Montage @Azizlakbiche https://www.instagram.com/azizlakbiche Instagram : @Mouadaboukassim @Houssam_kamil @Adobran_jp Facebook ⬇️ https://www.facebook.com/khalidlidlissidala1 BUSNESS / COLLABORATIONS 📩 khalidcontact.busn@gmail.com Music 1: https://youtu.be/eHMqIJCHA4I",,23,Comedy,Lifestyle_(sociology),PT6M7S,367,2d,hd,false,fr,ar,https://i.ytimg.com/vi/UJM79s6_x5A/maxresdefault.jpg,1,,,,,1561750,125397,,0,5707
144,UCeuMT3QEwuCdRE8Tg58RCqg,"Khalid Lidlissi & Dala",Ojlg_TWDqXk,2021-12-04T15:54:06Z,"2021-12-04 15:54:06","شريت لدراري جوج طوموبيلات كادو...شوفو ردة الفعل ديالهوم!!","شارك في 21' The World Trading Cup!, لا تف ّوت ظهور المسابقة في غرفة التداول الخاصة بك ، التسجيل يبدأ في 3 ديسمبر 2021: https://binomo-arab.com/Khalid_Lidlissi استخدم الكود التالي: “ VITU3 “ لمضاعفة الايداع الاول (من 50 دولار الى 100 دولار) -------------------------------------------------------------------------------------------------------------- @coins-des-fleurs : https://www.instagram.com/coinsdesfleurs NSTAGRAM KHALID : https://bit.ly/39kBp30 FACEBOOK KHALID : https://bit.ly/3CsdriQ DRARI : @moudaboukassim: https://bit.ly/3tU4trA HOUSSAM: https://bit.ly/2Xvh1cQ",,23,Comedy,Lifestyle_(sociology),PT18M45S,1125,2d,hd,false,ar,ar,https://i.ytimg.com/vi/Ojlg_TWDqXk/maxresdefault.jpg,1,,,,,542639,53610,,0,1056
145,UCeuMT3QEwuCdRE8Tg58RCqg,"Khalid Lidlissi & Dala",TVYgpfeTYGk,2021-11-21T15:24:52Z,"2021-11-21 15:24:52","فالطريق لقينا حمار كيموت...باقي لينا نهار باش نوصلو مركش","NSTAGRAM : https://bit.ly/39kBp30 FACEBOOK : https://bit.ly/3CsdriQ DRARI : MOUAD: https://bit.ly/3tU4trA HOUSSAM: https://bit.ly/2Xvh1cQ",,23,Comedy,"Lifestyle_(sociology),Tourism",PT13M35S,815,2d,hd,false,ar,ar,https://i.ytimg.com/vi/TVYgpfeTYGk/maxresdefault.jpg,1,,,,,449975,33408,,0,781
146,UCeuMT3QEwuCdRE8Tg58RCqg,"Khalid Lidlissi & Dala",d6sX8Lkd8LM,2021-11-19T16:17:53Z,"2021-11-19 16:17:53","تصدمنا فاش شفنا فندق الحمار من لداخل...ودرنا سباق مع ماطر كبار","NSTAGRAM : https://bit.ly/39kBp30 FACEBOOK : https://bit.ly/3CsdriQ DRARI : MOUAD: https://bit.ly/3tU4trA HOUSSAM: https://bit.ly/2Xvh1cQ",,23,Comedy,"Lifestyle_(sociology),Tourism",PT15M48S,948,2d,hd,false,ar,ar,https://i.ytimg.com/vi/d6sX8Lkd8LM/maxresdefault.jpg,1,,,,,425043,28243,,0,618
147,UCeuMT3QEwuCdRE8Tg58RCqg,"Khalid Lidlissi & Dala",5QTXruIl8dg,2021-11-17T17:45:08Z,"2021-11-17 17:45:08","دخلنا لسجن مهجور وقديم...متخيلوش اشنو لقينا فيه!!","EXOTIC للمستحضرات الطبيعية تقدم لكم عرض خصم 10% على جميع المنتوجات متوفر حاليا مجموعة التخلص من حب الشباب في 4 مستحضرات / توصيل مجاني و الدفع عند الاستلام للطلب ⬇️ https://bit.ly/3HzFtMW للطلب عبر الواتساب: https://api.whatsapp.com/message/QTUQLDSQDR3FF1 -------------------------------------------------------------------------------------- NSTAGRAM : https://bit.ly/39kBp30 FACEBOOK : https://bit.ly/3CsdriQ DRARI : MOUAD: https://bit.ly/3tU4trA HOUSSAM: https://bit.ly/2Xvh1cQ",,23,Comedy,Lifestyle_(sociology),PT22M57S,1377,2d,hd,false,ar,ar,https://i.ytimg.com/vi/5QTXruIl8dg/maxresdefault.jpg,1,,,,,629829,40299,,0,749
148,UCeuMT3QEwuCdRE8Tg58RCqg,"Khalid Lidlissi & Dala",eW4t58ltzRU,2021-11-15T14:19:24Z,"2021-11-15 14:19:24","الدراري بداو تاني التبرهيش كانو غايقتلوني.. تسناو الرد ديالي","NSTAGRAM : https://bit.ly/39kBp30 FACEBOOK : https://bit.ly/3CsdriQ DRARI : MOUAD: https://bit.ly/3tU4trA HOUSSAM: https://bit.ly/2Xvh1cQ",,23,Comedy,Lifestyle_(sociology),PT17M40S,1060,2d,hd,false,ar,ar,https://i.ytimg.com/vi/eW4t58ltzRU/maxresdefault.jpg,1,,,,,755736,46073,,0,766
149,UCeuMT3QEwuCdRE8Tg58RCqg,"Khalid Lidlissi & Dala",8R0r56F9V-c,2021-11-10T13:23:09Z,"2021-11-10 13:23:09","قررنا نبيعو كاتكوت قبل ميقتل فينا شي واحد هههه","NSTAGRAM : https://bit.ly/39kBp30 FACEBOOK : https://bit.ly/3CsdriQ DRARI : MOUAD: https://bit.ly/3tU4trA HOUSSAM: https://bit.ly/2Xvh1cQ MONTAGE : @azizlakbiche1",,23,Comedy,Lifestyle_(sociology),PT24M40S,1480,2d,hd,false,ar,ar,https://i.ytimg.com/vi/8R0r56F9V-c/maxresdefault.jpg,1,,,,,533108,36056,,0,698
150,UCeuMT3QEwuCdRE8Tg58RCqg,"Khalid Lidlissi & Dala",Z6mbiN2p7CI,2021-11-05T12:37:49Z,"2021-11-05 12:37:49","كيفاش تربح 100 درهم.. جهلو لينا الحمير بسبابي وعاقبوني الدراري","باش حتا نتا تربح 100 درهم تيلشرجي التطبيق من هاد الرابط : https://bit.ly/Kenzupkhalid -------------------------------------------- NSTAGRAM : https://bit.ly/39kBp30 FACEBOOK : https://bit.ly/3CsdriQ DRARI : MOUAD: https://bit.ly/3tU4trA HOUSSAM: https://bit.ly/2Xvh1cQ Montage : @azizlakbiche1",,23,Comedy,"Hobby,Lifestyle_(sociology)",PT18M28S,1108,2d,hd,false,ar,ar,https://i.ytimg.com/vi/Z6mbiN2p7CI/maxresdefault.jpg,1,,,,,491927,36189,,0,918
151,UCeuMT3QEwuCdRE8Tg58RCqg,"Khalid Lidlissi & Dala",GAl13ogTQ-k,2021-10-31T13:53:14Z,"2021-10-31 13:53:14","اكفس نهار من نهار بدينا التريب هههه موصيبة تابعة موصبة","NSTAGRAM : https://bit.ly/39kBp30 FACEBOOK : https://bit.ly/3CsdriQ DRARI : MOUAD: https://bit.ly/3tU4trA HOUSSAM: https://bit.ly/2Xvh1cQ MONTAGE : @Aziz Lakbiche",,23,Comedy,Lifestyle_(sociology),PT25M59S,1559,2d,hd,false,ar,ar,https://i.ytimg.com/vi/GAl13ogTQ-k/maxresdefault.jpg,1,,,,,787847,50522,,0,1291
152,UCeuMT3QEwuCdRE8Tg58RCqg,"Khalid Lidlissi & Dala",ChFxB-aGjpM,2021-10-27T13:46:08Z,"2021-10-27 13:46:08","عرضات علينا واحد السيدة احسن عراضة نساتنا فالطريق ههه","NSTAGRAM : https://bit.ly/39kBp30 FACEBOOK : https://bit.ly/3CsdriQ DRARI : MOUAD: https://bit.ly/3tU4trA HOUSSAM: https://bit.ly/2Xvh1cQ MONTAGE : @azizlakbiche1",,23,Comedy,,PT20M20S,1220,2d,hd,false,ar,ar,https://i.ytimg.com/vi/ChFxB-aGjpM/maxresdefault.jpg,1,,,,,824430,60552,,0,1236
153,UCeuMT3QEwuCdRE8Tg58RCqg,"Khalid Lidlissi & Dala",_zszTrWDC_I,2021-10-24T13:05:15Z,"2021-10-24 13:05:15","هربو لينا الحمير وسط الطريق.. الدراري عوتاني بغاو اكملو بالطاكسي","NSTAGRAM : https://bit.ly/39kBp30 FACEBOOK : https://bit.ly/3CsdriQ DRARI : MOUAD: https://bit.ly/3tU4trA HOUSSAM: https://bit.ly/2Xvh1cQ MONTAGE : @azizlakbiche1",,23,Comedy,Tourism,PT21M12S,1272,2d,hd,false,ar,ar,https://i.ytimg.com/vi/_zszTrWDC_I/maxresdefault.jpg,1,,,,,676310,45618,,0,1098
154,UCeuMT3QEwuCdRE8Tg58RCqg,"Khalid Lidlissi & Dala",hIAp2iGgn7I,2021-10-20T11:54:32Z,"2021-10-20 11:54:32","الانظلاقة ديالنا فالتريب الجديد.. الواليد مسخاش بينا 😢 طراو لينا كواريت وسط الطريق","NSTAGRAM : https://bit.ly/39kBp30 FACEBOOK : https://bit.ly/3CsdriQ DRARI : MOUAD: https://bit.ly/3tU4trA HOUSSAM: https://bit.ly/2Xvh1cQ MONTAGE : @azizlakbiche1",,23,Comedy,Lifestyle_(sociology),PT20M59S,1259,2d,hd,false,ar,ar,https://i.ytimg.com/vi/hIAp2iGgn7I/maxresdefault.jpg,1,,,,,678656,49419,,0,1166
155,UCeuMT3QEwuCdRE8Tg58RCqg,"Khalid Lidlissi & Dala",K6ldj_eQ6uU,2021-10-17T12:42:13Z,"2021-10-17 12:42:13","المفاجأة الكبرى للواليد بالحمير.. دوزنا الپيرمي ديال الحمير هههه","NSTAGRAM : https://bit.ly/39kBp30 FACEBOOK : https://bit.ly/3CsdriQ DRARI : MOUAD: https://bit.ly/3tU4trA HOUSSAM: https://bit.ly/2Xvh1cQ MONTAGE : @azizlakbiche1",,23,Comedy,Lifestyle_(sociology),PT22M38S,1358,2d,hd,false,ar,ar,https://i.ytimg.com/vi/K6ldj_eQ6uU/maxresdefault.jpg,1,,,,,604102,44308,,0,1433
156,UCeuMT3QEwuCdRE8Tg58RCqg,"Khalid Lidlissi & Dala",e54cmV_oNJg,2021-10-13T11:59:51Z,"2021-10-13 11:59:51","زدنا حمار جديد.. شرينا داكشي لي غايحتاجوه الحمير فالتريب الجديد","NSTAGRAM : https://bit.ly/39kBp30 FACEBOOK : https://bit.ly/3CsdriQ DRARI : MOUAD: https://bit.ly/3tU4trA HOUSSAM: https://bit.ly/2Xvh1cQ MONTAGE : @azizlakbiche1",,23,Comedy,Lifestyle_(sociology),PT29M37S,1777,2d,hd,false,ar,ar,https://i.ytimg.com/vi/e54cmV_oNJg/maxresdefault.jpg,1,,,,,646611,45120,,0,1246
157,UCeuMT3QEwuCdRE8Tg58RCqg,"Khalid Lidlissi & Dala",evlAcPvX2Vg,2021-10-10T13:34:25Z,"2021-10-10 13:34:25","تريب رجع بينا 25 عام للماضي 😱","NSTAGRAM : https://bit.ly/39kBp30 FACEBOOK : https://bit.ly/3CsdriQ DRARI : MOUAD: https://bit.ly/3tU4trA HOUSSAM: https://bit.ly/2Xvh1cQ MONTAGE : @azizlakbiche1",,23,Comedy,Lifestyle_(sociology),PT28M57S,1737,2d,hd,false,ar,ar,https://i.ytimg.com/vi/evlAcPvX2Vg/maxresdefault.jpg,1,,,,,652518,54206,,0,1736
158,UCeuMT3QEwuCdRE8Tg58RCqg,"Khalid Lidlissi & Dala",LYopVqigYvY,2021-10-06T18:07:18Z,"2021-10-06 18:07:18","تحدي الشواية...شوفو شكون ربح 1000 درهم","NSTAGRAM : https://bit.ly/39kBp30 FACEBOOK : https://bit.ly/3CsdriQ DRARI : MOUAD: https://bit.ly/3tU4trA HOUSSAM: https://bit.ly/2Xvh1cQ Montage : @Aziz Lakbiche",,23,Comedy,Lifestyle_(sociology),PT17M29S,1049,2d,hd,false,ar,ar,https://i.ytimg.com/vi/LYopVqigYvY/maxresdefault.jpg,1,,,,,844589,49612,,0,981
159,UCeuMT3QEwuCdRE8Tg58RCqg,"Khalid Lidlissi & Dala",SoLDcmHv8fg,2021-09-24T15:10:51Z,"2021-09-24 15:10:51","عشنا نهار مع الكلاب انا والواليد والدراري.. عضني كلب وسط التدريب","SOUSS ELEVAGE https://youtu.be/IZ-72KG_XKc --------------------------- NSTAGRAM : https://bit.ly/39kBp30 FACEBOOK : https://bit.ly/3CsdriQ DRARI : MOUAD: https://bit.ly/3tU4trA HOUSSAM: https://bit.ly/2Xvh1cQ Montage : @Aziz Lakbiche",,23,Comedy,"Lifestyle_(sociology),Pet",PT24M11S,1451,2d,hd,false,ar,ar,https://i.ytimg.com/vi/SoLDcmHv8fg/maxresdefault.jpg,1,,,,,751561,52116,,0,1173
160,UCeuMT3QEwuCdRE8Tg58RCqg,"Khalid Lidlissi & Dala",0d21UBpmvIo,2021-09-12T13:45:50Z,"2021-09-12 13:45:50","الواليد طمع ليا فالتيتيز ديال اميڭل ونوضناها وسط الفيديو..",,,23,Comedy,,PT10M38S,638,2d,hd,false,ar,ar,https://i.ytimg.com/vi/0d21UBpmvIo/maxresdefault.jpg,1,,,,,465319,52295,,0,1493
161,UCeuMT3QEwuCdRE8Tg58RCqg,"Khalid Lidlissi & Dala",xMnB9NruCqQ,2021-09-02T12:20:34Z,"2021-09-02 12:20:34","لحت للدراري الپيكالات فالبحر.. بسباب هادشي سالينا التريب ديالنا","NSTAGRAM : https://bit.ly/39kBp30 FACEBOOK : https://bit.ly/3CsdriQ DRARI : MOUAD: https://bit.ly/3tU4trA HOUSSAM: https://bit.ly/2Xvh1cQ Montage : @azizlakbiche1",,23,Comedy,"Lifestyle_(sociology),Tourism",PT17M29S,1049,2d,hd,false,ar,ar,https://i.ytimg.com/vi/xMnB9NruCqQ/maxresdefault.jpg,1,,,,,1086850,64622,,0,1515
162,UCeuMT3QEwuCdRE8Tg58RCqg,"Khalid Lidlissi & Dala",mXbnZiuLbXg,2021-08-29T13:03:04Z,"2021-08-29 13:03:04","ضاربت انا وحسام حيت شفر ليا پيكالا.. تحنسرنا بالليل نعسنا فالبحر !","NSTAGRAM : https://bit.ly/39kBp30 FACEBOOK : https://bit.ly/3CsdriQ DRARI : MOUAD: https://bit.ly/3tU4trA HOUSSAM: https://bit.ly/2Xvh1cQ Montage : @azizlakbiche1",,23,Comedy,"Lifestyle_(sociology),Tourism",PT20M45S,1245,2d,hd,false,ar,ar,https://i.ytimg.com/vi/mXbnZiuLbXg/maxresdefault.jpg,1,,,,,1035192,65902,,0,1559
163,UCeuMT3QEwuCdRE8Tg58RCqg,"Khalid Lidlissi & Dala",EPY5_rlmQV4,2021-08-26T14:24:39Z,"2021-08-26 14:24:39","شداتنا عاصفة ديال الريح فالصويرة.. فشلنا ديال بصح هاد المره :(","Yassine : https://www.instagram.com/yassine_cavalier Hostel : https://www.instagram.com/essaouira_beach_hostel Site web : https://www.essaouirabeachhostel.com _______________________________________ NSTAGRAM : https://bit.ly/39kBp30 FACEBOOK : https://bit.ly/3CsdriQ DRARI : MOUAD: https://bit.ly/3tU4trA HOUSSAM: https://bit.ly/2Xvh1cQ Montage : @azizlakbiche1",,23,Comedy,"Lifestyle_(sociology),Tourism",PT27M43S,1663,2d,hd,false,ar,ar,https://i.ytimg.com/vi/EPY5_rlmQV4/maxresdefault.jpg,1,,,,,719728,42747,,0,1266
164,UCeuMT3QEwuCdRE8Tg58RCqg,"Khalid Lidlissi & Dala",imyp7Z6b1yo,2021-08-20T15:34:10Z,"2021-08-20 15:34:10","الدراري مبغاوش يكملو معايا حيت عياو بزاف بالحرارة.. تخاصمت مع معاد","INSTAGRAM : https://www.instagram.com/khalidlidlissi FACEBOOK : https://www.facebook.com/profile.php?id=100044284273640 PAYPAL : https://www.paypal.me/walomaydi3 INSTAGRAM DRARI : ADIL : barefoottripsmorocco HOUSSAM : houssam_kamil MOUAD : mouad_aboukassim HAFID : hafiid_ch MONTAGE: @azizlakbiche1",,23,Comedy,Lifestyle_(sociology),PT26M58S,1618,2d,hd,false,ar,ar,https://i.ytimg.com/vi/imyp7Z6b1yo/maxresdefault.jpg,1,,,,,1034152,55121,,0,1435
165,UCeuMT3QEwuCdRE8Tg58RCqg,"Khalid Lidlissi & Dala",3CAWDH1a6xY,2021-08-15T12:45:27Z,"2021-08-15 12:45:27","بداية التريب الجديد مع الدراري بالپيكالات.. تزاد معانا ضيف جديد !!","INSTAGRAM : https://www.instagram.com/khalidlidlissi FACEBOOK : https://www.facebook.com/profile.php?id=100044284273640 INSTAGRAM DRARI : ADIL : barefoottripsmorocco HOUSSAM : houssam_kamil MOUAD : mouad_aboukassim HAFID : hafiid_ch MONTAGE: @azizlakbiche1",,23,Comedy,"Lifestyle_(sociology),Tourism",PT30M15S,1815,2d,hd,false,ar,ar,https://i.ytimg.com/vi/3CAWDH1a6xY/maxresdefault.jpg,1,,,,,1098552,62163,,0,1500
166,UCeuMT3QEwuCdRE8Tg58RCqg,"Khalid Lidlissi & Dala",42E1HISUS5o,2021-08-08T12:39:47Z,"2021-08-08 12:39:47","دوزنا نهار وسط البحر انا والواليد.. تغدينا وسط الماء والواليد تبوع لينا هههههه","YASSIN : https://youtu.be/WkClvYwIbK4 INSTAGRAM : https://www.instagram.com/khalidlidlissi FACEBOOK : https://www.facebook.com/profile.php?id=100044284273640&_rdc=3&_rdrINSTAGRAM Houssam : houssam_kamil ---------------------------- Email : walomaydi3@gmail.com Montage : @azizlakbiche1",,23,Comedy,"Lifestyle_(sociology),Tourism",PT27M,1620,2d,hd,false,ar,ar,https://i.ytimg.com/vi/42E1HISUS5o/maxresdefault.jpg,1,,,,,1716465,85839,,0,1464
167,UCeuMT3QEwuCdRE8Tg58RCqg,"Khalid Lidlissi & Dala",Z9VZD3wGf30,2021-07-21T19:31:32Z,"2021-07-21 19:31:32","اجواء يوم عيد الاضحى.. الواليد نوضها مع النسيب","INSTAGRAM : https://www.instagram.com/khalidlidlissi FACEBOOK : facebook.com/profile.php?id=100044284273640&_rdc=1&_rdr ---------------------------- Email : walomaydi3@gmail.com Montage : @azizlakbiche1",,23,Comedy,Lifestyle_(sociology),PT18M42S,1122,2d,hd,false,ar,ar,https://i.ytimg.com/vi/Z9VZD3wGf30/maxresdefault.jpg,1,,,,,2178957,112178,,0,2164
168,UCeuMT3QEwuCdRE8Tg58RCqg,"Khalid Lidlissi & Dala",srCRsO5gcWg,2021-07-20T14:16:05Z,"2021-07-20 14:16:05","اجواء عيد الاضحى.. مشيت انا والواليد شرينا الاضحية ديال العيد","INSTAGRAM : https://www.instagram.com/khalidlidlissi FACEBOOK : https://www.facebook.com/profile.php?id=100044284273640&_rdc=3&_rdrINSTAGRAM MOUAD: https://www.instagram.com/mouad_aboukassim HAFID: https://www.instagram.com/hafiid_ch ---------------------------- Email : walomaydi3@gmail.com Montage: @azizlakbiche1",,23,Comedy,Lifestyle_(sociology),PT18M22S,1102,2d,hd,false,ar,ar,https://i.ytimg.com/vi/srCRsO5gcWg/maxresdefault.jpg,1,,,,,1195965,78066,,0,1726
169,UCeuMT3QEwuCdRE8Tg58RCqg,"Khalid Lidlissi & Dala",txBQ14fo17I,2021-07-19T14:19:06Z,"2021-07-19 14:19:06","پرانكيت الواليد شريت ليه اصغر حاولي فالسوق.. ردة الفعل ديالو الهربة ههههه","INSTAGRAM : https://www.instagram.com/khalidlidlissi FACEBOOK : https://www.facebook.com/profile.php?id=100044284273640&_rdc=3&_rdrINSTAGRAM MOUAD: https://www.instagram.com/mouad_aboukassim HAFID: https://www.instagram.com/hafiid_ch ---------------------------- Email : walomaydi3@gmail.com Montage: @azizlakbiche1",,23,Comedy,Lifestyle_(sociology),PT22M43S,1363,2d,hd,false,ar,ar,https://i.ytimg.com/vi/txBQ14fo17I/maxresdefault.jpg,1,,,,,1641079,99041,,0,2400
170,UCeuMT3QEwuCdRE8Tg58RCqg,"Khalid Lidlissi & Dala",wfvuMz5Nt4Q,2021-07-18T11:45:06Z,"2021-07-18 11:45:06","احمق تحدي الدلاح انا والواليد.. الواليد تعصب هههه","INSTAGRAM : https://www.instagram.com/khalidlidlissi FACEBOOK : facebook.com/profile.php?id=100044284273640&_rdc=1&_rdr ---------------------------- Email : walomaydi3@gmail.com Montage : @azizlakbiche1",,23,Comedy,Lifestyle_(sociology),PT9M6S,546,2d,hd,false,ar,ar,https://i.ytimg.com/vi/wfvuMz5Nt4Q/maxresdefault.jpg,1,,,,,565866,57268,,0,1447
171,UCeuMT3QEwuCdRE8Tg58RCqg,"Khalid Lidlissi & Dala",u7th2KnUaTk,2021-07-14T12:08:03Z,"2021-07-14 12:08:03","هنا فين سالا التريب.. اكبر غلطة داروها معايا الدراري مكنتش متوقعها منهوم","Music @RossBugden https://www.youtube.com/watch?v=CZ72Z9S305I NSTAGRAM : https://www.instagram.com/khalidlidlissi FACEBOOK : https://www.facebook.com/profile.php?id=100044284273640&_rdc=3&_rdrINSTAGRAM DRARI : MOUAD: https://www.instagram.com/mouad_aboukassim HOUSSAM: https://www.instagram.com/houssam_kamil HAFID: https://www.instagram.com/hafiid_ch Montage : @azizlakbiche1",,23,Comedy,Lifestyle_(sociology),PT17M16S,1036,2d,hd,false,ar,ar,https://i.ytimg.com/vi/u7th2KnUaTk/maxresdefault.jpg,,,,,,1256255,72256,,0,1533
172,UCeuMT3QEwuCdRE8Tg58RCqg,"Khalid Lidlissi & Dala",uOYkgO0pw5A,2021-07-10T13:18:37Z,"2021-07-10 13:18:37","شدينا الطريق لتطوان.. وسط الطريق حفظني الله من كسيدا خايبة الحمد لله","NSTAGRAM : https://www.instagram.com/khalidlidlissi FACEBOOK : https://www.facebook.com/profile.php?id=100044284273640&_rdc=3&_rdrINSTAGRAM DRARI : MOUAD: https://www.instagram.com/mouad_aboukassim HOUSSAM: https://www.instagram.com/houssam_kamil HAFID: https://www.instagram.com/hafiid_ch Montage: @azizlakbiche1",,23,Comedy,Lifestyle_(sociology),PT19M28S,1168,2d,hd,false,ar,ar,https://i.ytimg.com/vi/uOYkgO0pw5A/maxresdefault.jpg,1,,,,,863640,54372,,0,1195
173,UCeuMT3QEwuCdRE8Tg58RCqg,"Khalid Lidlissi & Dala",Gm4qDaQxahQ,2021-07-07T12:38:56Z,"2021-07-07 12:38:56","الدراري بغاو يحرڭو لاسبانيا.. وخصرو ليا الپيكالا وسط الطريق","NSTAGRAM : https://www.instagram.com/khalidlidlissi FACEBOOK : https://www.facebook.com/profile.php?id=100044284273640&_rdc=3&_rdrINSTAGRAM DRARI : MOUAD: https://www.instagram.com/mouad_aboukassim HOUSSAM: https://www.instagram.com/houssam_kamil HAFID: https://www.instagram.com/hafiid_ch MONTAGE: @azizlakbiche1",,23,Comedy,"Hobby,Lifestyle_(sociology)",PT20M45S,1245,2d,hd,false,ar,ar,https://i.ytimg.com/vi/Gm4qDaQxahQ/maxresdefault.jpg,1,,,,,973416,68812,,0,1747
174,UCeuMT3QEwuCdRE8Tg58RCqg,"Khalid Lidlissi & Dala",iAVBHlTwHLc,2021-07-04T12:58:27Z,"2021-07-04 12:58:27","اخيرا وصلنا طنجة.. معاد حكم عليا وحسام دار كسيدا ياربي السلامة هههه","Music from #InAudio: https://inaudio.org/ inaudio - Infraction Music- Motivation NSTAGRAM : https://www.instagram.com/khalidlidlissi FACEBOOK : https://www.facebook.com/profile.php?id=100044284273640&_rdc=3&_rdr INSTAGRAM DRARI : MOUAD: https://www.instagram.com/mouad_aboukassim HOUSSAM: https://www.instagram.com/houssam_kamil Montage : @azizlakbiche1",,23,Comedy,"Lifestyle_(sociology),Tourism",PT19M27S,1167,2d,hd,false,ar,ar,https://i.ytimg.com/vi/iAVBHlTwHLc/maxresdefault.jpg,1,,,,,989911,63797,,0,1441
175,UCeuMT3QEwuCdRE8Tg58RCqg,"Khalid Lidlissi & Dala",8D1Eml5L0gQ,2021-07-01T12:01:34Z,"2021-07-01 12:01:34","درنا اكبر غلطة فهاد التريب.. شدينا الطريق بالليل 🥱","INSTAGRAM : https://www.instagram.com/khalidlidlissi FACEBOOK : https://www.facebook.com/profile.php?id=100044284273640&_rdc=3&_rdr INSTAGRAM DRARI : MOUAD: https://www.instagram.com/mouad_aboukassim/ HOUSSAM: https://www.instagram.com/houssam_kamil MONTAGE : @azizlakbiche1",,23,Comedy,Lifestyle_(sociology),PT22M17S,1337,2d,hd,false,ar,ar,https://i.ytimg.com/vi/8D1Eml5L0gQ/maxresdefault.jpg,,,,,,1060343,66097,,0,1353
176,UCeuMT3QEwuCdRE8Tg58RCqg,"Khalid Lidlissi & Dala",0Q73xvc_2No,2021-06-28T12:22:09Z,"2021-06-28 12:22:09","قربنا لطنجة.. معاد تشفرات ليه البيكالا !!","INSTAGRAM : https://www.instagram.com/khalidlidlissi FACEBOOK : https://www.facebook.com/profile.php?id=100044284273640&_rdc=3&_rdr INSTAGRAM DRARI : MOUAD: https://www.instagram.com/mouad_aboukassim/ HOUSSAM: https://www.instagram.com/houssam_kamil",,23,Comedy,Lifestyle_(sociology),PT21M49S,1309,2d,hd,false,ar,ar,https://i.ytimg.com/vi/0Q73xvc_2No/maxresdefault.jpg,,,,,,1075573,71867,,0,1619
177,UCeuMT3QEwuCdRE8Tg58RCqg,"Khalid Lidlissi & Dala",NteNUL2w3Pc,2021-06-23T12:30:57Z,"2021-06-23 12:30:57","بدينا رحلة جديدة.. اول مرة نشرب بول الباعير، وتلاقينا بالدراري ديال الشياطة","ABDELAHDI : 0695509549 TEAMSA7 : https://www.youtube.com/watch?v=wXRSUAriwec&t=120s ------------------------------------------------ INSTAGRAM : https://www.instagram.com/khalidlidlissi FACEBOOK : https://www.facebook.com/profile.php?id=100044284273640&_rdc=3&_rdr INSTAGRAM DRARI : MOUAD: https://www.instagram.com/mouad_aboukassim/ HOUSSAM: https://www.instagram.com/houssam_kamil",,23,Comedy,"Lifestyle_(sociology),Tourism",PT23M35S,1415,2d,hd,false,ar,ar,https://i.ytimg.com/vi/NteNUL2w3Pc/maxresdefault.jpg,,,,,,1073184,70563,,0,1650
178,UCeuMT3QEwuCdRE8Tg58RCqg,"Khalid Lidlissi & Dala",LyCXJ0Xk4_Q,2021-06-06T12:57:39Z,"2021-06-06 12:57:39","وصلنا لكازا، ولكن تخصمت مع الدراري وسط الطريق بسبب..","INSTAGRAM : https://www.instagram.com/khalidlidlissi FACEBOOK : https://www.facebook.com/profile.php?id=100044284273640&_rdc=3&_rdr INSTAGRAM DRARI : MOUAD: https://www.instagram.com/mouad_aboukassim/ HOUSSAM: https://www.instagram.com/houssam_kamil",,23,Comedy,Lifestyle_(sociology),PT17M8S,1028,2d,hd,false,ar,ar,https://i.ytimg.com/vi/LyCXJ0Xk4_Q/maxresdefault.jpg,1,,,,,1218548,74917,,0,1835
179,UCeuMT3QEwuCdRE8Tg58RCqg,"Khalid Lidlissi & Dala",WZ4i1-BWRTY,2021-06-03T11:59:15Z,"2021-06-03 11:59:15","رحلة جديدة من مراكش للدار البيضاء بالبيكالات، تلاقينا احسن رحالة في المغرب ‏وعطانا بزاف ديال النصائح","INSTAGRAM : https://www.instagram.com/khalidlidlissi FACEBOOK :https://www.facebook.com/profile.php?id=100044284273640&_rdc=3&_rdr INSTAGRAM DRARI : MOUAD: https://www.instagram.com/mouad_aboukassim/ HOUSSAM: https://www.instagram.com/houssam_kamil SNOPY: https://www.instagram.com/dr.snoopix KHALIL: https://www.instagram.com/khalilzeny",,23,Comedy,"Lifestyle_(sociology),Tourism",PT18M24S,1104,2d,hd,false,ar,ar,https://i.ytimg.com/vi/WZ4i1-BWRTY/maxresdefault.jpg,,,,,,869126,71038,,0,1676
180,UCeuMT3QEwuCdRE8Tg58RCqg,"Khalid Lidlissi & Dala",nbQz2qHEvTA,2021-05-30T13:30:33Z,"2021-05-30 13:30:33","واخيرا وصلنا لمراكش... وعطيت لدراري مليون سنتيم😔","INSTAGRAM : https://www.instagram.com/khalidlidlissi FACEBOOK : https://www.facebook.com/profile.php?id=100044284273640&_rdc=3&_rdr INSTAGRAM DRARI : MOUAD: https://www.instagram.com/mouad_aboukassim/ HOUSSAM: https://www.instagram.com/houssam_kamil SNOPY: https://www.instagram.com/dr.snoopix KHALIL: https://www.instagram.com/khalilzeny",,23,Comedy,Lifestyle_(sociology),PT19M46S,1186,2d,hd,false,ar,ar,https://i.ytimg.com/vi/nbQz2qHEvTA/maxresdefault.jpg,1,,,,,1556218,115347,,0,2602
181,UCeuMT3QEwuCdRE8Tg58RCqg,"Khalid Lidlissi & Dala",F2rKPT1F6Jk,2021-05-26T12:22:52Z,"2021-05-26 12:22:52","الدراري عياو ليا وسط الطريق وقررت نعطيهوم مليون الى كملوا معايا لمراكش 😰","INSTAGRAM : https://www.instagram.com/khalidlidlissi FACEBOOK : https://www.facebook.com/profile.php?id=100044284273640&_rdc=3&_rdr INSTAGRAM DRARI : MOUAD: https://www.instagram.com/mouad_aboukassim/ HOUSSAM: https://www.instagram.com/houssam_kamil",,23,Comedy,Lifestyle_(sociology),PT12M31S,751,2d,hd,false,ar,ar,https://i.ytimg.com/vi/F2rKPT1F6Jk/maxresdefault.jpg,1,,,,,1052379,83567,,0,1925
182,UCeuMT3QEwuCdRE8Tg58RCqg,"Khalid Lidlissi & Dala",WiPtBlIGXFs,2021-05-23T12:40:20Z,"2021-05-23 12:40:20","لحظة الوداع مع الواليد 😭.. تبياسات لينا الرويضة وسط الطريق هههه","INSTAGRAM : https://www.instagram.com/khalidlidlissi FACEBOOK : https://www.facebook.com/profile.php?id=100044284273640&_rdc=3&_rdr INSTAGRAM DRARI : MOUAD: https://www.instagram.com/mouad_aboukassim HOUSSAM: https://www.instagram.com/houssam_kamil",,23,Comedy,"Hobby,Lifestyle_(sociology)",PT18M26S,1106,2d,hd,false,ar,ar,https://i.ytimg.com/vi/WiPtBlIGXFs/maxresdefault.jpg,1,,,,,1522389,93883,,0,2645
183,UCeuMT3QEwuCdRE8Tg58RCqg,"Khalid Lidlissi & Dala",GZSPhc5dQj8,2021-05-20T12:48:51Z,"2021-05-20 12:48:51","ردة الفعل ديال الواليد مني ڭلنا ليه غانمشيو لمراكش بالبيكالات!!","INSTAGRAM : https://www.instagram.com/khalidlidlissi FACEBOOK : https://www.facebook.com/profile.php?id=100044284273640&_rdc=3&_rdr INSTAGRAM DRARI : MOUAD: mouad_aboukassim HOUSSAM: houssam_kamil",,23,Comedy,Lifestyle_(sociology),PT15M45S,945,2d,hd,false,ar,ar,https://i.ytimg.com/vi/GZSPhc5dQj8/maxresdefault.jpg,1,,,,,862149,65917,,0,1264
184,UCeuMT3QEwuCdRE8Tg58RCqg,"Khalid Lidlissi & Dala",11e7GXkMlOA,2021-05-09T17:16:57Z,"2021-05-09 17:16:57","واخيرآآا صدقات لينا الطنجية.. ولكن قبل پرانكينا بيها الواليد هههه","INSTAGRAM : https://www.instagram.com/khalidlidlissi FACEBOOK : https://web.facebook.com/profile.php?id=100044284273640&_rdc=2&_rdr INSTAGRAM DRARI : MOUAD: mouad_aboukassim HOUSSAM: houssam_kamil SNOPY: dr.snoopix KHALIL: khalilzeny LKEBCH: karim_lkbiyech OTHMAN : otmanelaadraoui ---------------------------- Email : walomaydi3@gmail.com",,23,Comedy,"Food,Lifestyle_(sociology)",PT14M31S,871,2d,hd,false,ar,ar,https://i.ytimg.com/vi/11e7GXkMlOA/maxresdefault.jpg,1,,,,,1219954,71114,,0,1309
185,UCeuMT3QEwuCdRE8Tg58RCqg,"Khalid Lidlissi & Dala",6dwTc0nQcD8,2021-05-05T17:23:11Z,"2021-05-05 17:23:11","الواليد كان غايطيح بالموطور هو وفريو كريو.. تفرڭعات بيهوم الرويضة 😰","INSTAGRAM : https://www.instagram.com/khalidlidlissi​ FACEBOOK : https://www.facebook.com/profile.php?id=100044284273640&_rdc=1&_rdr INSTAGRAM DRARI : MOUAD: mouad_aboukassim HOUSSAM: houssam_kamil SNOPY: dr.snoopix KHALIL: khalilzeny LKEBCH: karim_lkbiyech ---------------------------- Email : walomaydi3@gmail.com","friw kriw,kriw friw,moto,motor,cabrrage,speed,walo maydi3",23,Comedy,Lifestyle_(sociology),PT15M30S,930,2d,hd,false,ar,ar,https://i.ytimg.com/vi/6dwTc0nQcD8/maxresdefault.jpg,1,,,,,591841,57649,,0,1166
186,UCeuMT3QEwuCdRE8Tg58RCqg,"Khalid Lidlissi & Dala",2DsUs-yOHas,2021-05-01T17:10:44Z,"2021-05-01 17:10:44","دخلنا أنا والواليد الأجانب للإسلام.. الواليد هرب ليه ديال بصح هاد المرة هههه","AZIZ : https://youtu.be/lt-kAYntH3o INSTAGRAM : https://www.instagram.com/khalidlidlissi FACEBOOK : https://web.facebook.com/profile.php?id=100044284273640 ---------------------------- Email : walomaydi3@gmail.com Montage : @azizlakbiche1",omagel,23,Comedy,,PT15M2S,902,2d,hd,false,ar,ar,https://i.ytimg.com/vi/2DsUs-yOHas/maxresdefault.jpg,1,,,,,515164,56841,,0,1365
187,UCeuMT3QEwuCdRE8Tg58RCqg,"Khalid Lidlissi & Dala",oVm85Jw8CL4,2021-04-25T18:05:35Z,"2021-04-25 18:05:35","وأخيرآآ كتاشفت الموهيبة ديال الواليد.. صدق حسن من ميسي !!","INSTAGRAM : https://www.instagram.com/khalidlidlissi FACEBOOK : https://www.facebook.com/profile.php?id=100044284273640&_rdc=1&_rdr",,23,Comedy,Sport,PT18M46S,1126,2d,hd,false,ar,ar,https://i.ytimg.com/vi/oVm85Jw8CL4/maxresdefault.jpg,1,,,,,723759,58480,,0,1070
188,UCeuMT3QEwuCdRE8Tg58RCqg,"Khalid Lidlissi & Dala",UTKul8J-yqo,2021-04-16T17:15:31Z,"2021-04-16 17:15:31","بدينا فالأشغال ديال الضالة.. صدمنا القايد بالقرار ديالو","INSTAGRAM : https://www.instagram.com/khalidlidlissi​ FACEBOOK : https://web.facebook.com/profile.php?id=100044284273640 INSTAGRAM DRARI : HOUSSAM : houssam_kamil PICASSO : picasso_35_ HOUDA : houdaartholic MOHAMED : mohamedsalme1",,23,Comedy,Lifestyle_(sociology),PT24M11S,1451,2d,hd,false,ar,ar,https://i.ytimg.com/vi/UTKul8J-yqo/maxresdefault.jpg,1,,,,,1547026,87420,,0,1709
189,UCeuMT3QEwuCdRE8Tg58RCqg,"Khalid Lidlissi & Dala",-IAnxCNnPxk,2021-04-10T12:28:49Z,"2021-04-10 12:28:49","ضربنا انا والواليد بالسيوفا.. متخيلوش شنو وقع !!","INSTAGRAM : https://www.instagram.com/khalidlidlissi​ INSTAGRAM DRARI : ADIL : barefoottripsmorocco HOUSSAM : houssam_kamil EDITING : @azizlakbiche1",,23,Comedy,"Lifestyle_(sociology),Tourism",PT12M9S,729,2d,hd,false,ar,ar,https://i.ytimg.com/vi/-IAnxCNnPxk/maxresdefault.jpg,1,,,,,286844,29814,,0,993
190,UCeuMT3QEwuCdRE8Tg58RCqg,"Khalid Lidlissi & Dala",Q4_3rrVMtek,2021-04-04T12:36:17Z,"2021-04-04 12:36:17","مشينا لمدينة الرياح...لواليد كان غيديه الريح!!","INSTAGRAM : https://www.instagram.com/khalidlidlissi INSTAGRAM DRARI : ADIL : barefoottripsmorocco HOUSSAM : houssam_kamil EDITING : @azizlakbiche1",,23,Comedy,"Lifestyle_(sociology),Tourism",PT10M23S,623,2d,hd,false,ar,ar,https://i.ytimg.com/vi/Q4_3rrVMtek/maxresdefault.jpg,1,,,,,363754,35643,,0,1109
191,UCeuMT3QEwuCdRE8Tg58RCqg,"Khalid Lidlissi & Dala",eWoZkCgr08k,2021-03-26T16:04:01Z,"2021-03-26 16:04:01","بدلت ديكور ديال الدار بلا خبار لواليد... و الدراري صبغو ليا لماعن ديال لكوزينا؟؟؟","INSTAGRAM : https://www.instagram.com/khalidlidlissi INSTAGRAM DRARI : HOUSSAM : houssam_kamil picasso : picasso_35_ : للتواصل مع الاخ عادل INSTAGRAM : @adil_deco1 facebook : https://www.facebook.com/Adil-Deco-103507684768293/ EDITING : @Aziz Lakbiche",,23,Comedy,"Hobby,Lifestyle_(sociology)",PT25M9S,1509,2d,hd,false,ar,ar,https://i.ytimg.com/vi/eWoZkCgr08k/maxresdefault.jpg,1,,,,,1572831,103776,,0,2241
192,UCeuMT3QEwuCdRE8Tg58RCqg,"Khalid Lidlissi & Dala",hcmo3lcpX48,2021-03-12T19:11:16Z,"2021-03-12 19:11:16","مشينا انا والواليد لمصر القديمة والواليد تيق راسو ولا فرعون وتزعط ‏فكليوباترا 😂😂","INSTAGRAM : https://www.instagram.com/khalidlidlissi INSTAGRAM DRARI : ADIL : barefoottripsmorocco HOUSSAM : houssam_kamil MOUAD : mouad_aboukassim https://youtu.be/t-EDj101J1w :قناة لا شيء مستحيل ----------- EDITING : @azizlakbiche1",,23,Comedy,"Lifestyle_(sociology),Tourism",PT18M,1080,2d,hd,false,ar,ar,https://i.ytimg.com/vi/hcmo3lcpX48/maxresdefault.jpg,1,,,,,474601,41564,,0,1118
193,UCeuMT3QEwuCdRE8Tg58RCqg,"Khalid Lidlissi & Dala",1CGcNExZgSY,2021-02-26T18:04:04Z,"2021-02-26 18:04:04","عاقبني الواليد ودار ليا الكولا فيدي لمدة 5 دقائق بسبب ...🥺","INSTAGRAM : https://www.instagram.com/khalidlidlissi​ FACEBOOK : https://www.facebook.com/288485541683115 --------------- EDITING : @azizlakbiche1 MUSIC BY : kevin macleod",,23,Comedy,Lifestyle_(sociology),PT13M45S,825,2d,hd,false,ar,ar,https://i.ytimg.com/vi/1CGcNExZgSY/maxresdefault.jpg,1,,,,,791358,79239,,0,2126
194,UCeuMT3QEwuCdRE8Tg58RCqg,"Khalid Lidlissi & Dala",niZt7Boj960,2021-02-21T12:05:48Z,"2021-02-21 12:05:48","Gaz Haven مشينا انا الواليد لورزازات وبرانكيناه انا والدراري ف","INSTAGRAM : https://www.instagram.com/khalidlidlissi/ INSTAGRAM DRARI : ADIL : barefoottripsmorocco HOUSSAM : houssam_kamil MOUAD : mouad_aboukassim ----------- EDITING : @azizlakbiche1",,23,Comedy,"Lifestyle_(sociology),Tourism",PT10M21S,621,2d,hd,false,ar,ar,https://i.ytimg.com/vi/niZt7Boj960/maxresdefault.jpg,1,,,,,432098,41967,,0,1404
195,UCeuMT3QEwuCdRE8Tg58RCqg,"Khalid Lidlissi & Dala",Zi73fRsMsrU,2021-02-13T12:33:50Z,"2021-02-13 12:33:50","PART 2 : تبعوني الدراري بالثلج وانا عريان.. من كثرت البرد تجمد لينا الواليد هههه","INSTAGRAM : https://www.instagram.com/khalidlidlissi/ FACEBOOK : https://web.facebook.com/profile.php?id=100044284273640 INSTAGRAM DRARI : ADIL : barefoottripsmorocco HOUSSAM : houssam_kamil MOUAD : mouad_aboukassim ----------------------- Editing : @azizlakbiche1","khalid lidlissi,mchat,7-toun,hicham el malouli,tlj,التزلج,ariana grande,3id lhob,dalla,dala,البرد,تحديات",23,Comedy,"Lifestyle_(sociology),Tourism",PT10M53S,653,2d,hd,false,ar,ar,https://i.ytimg.com/vi/Zi73fRsMsrU/maxresdefault.jpg,1,,,,,928400,64471,,0,2055
196,UCeuMT3QEwuCdRE8Tg58RCqg,"Khalid Lidlissi & Dala",czIF3YqSElg,2021-02-07T12:00:06Z,"2021-02-07 12:00:06","واخييرا لقينا الثلج وكليناه انا والواليد وتعريت بسباب التحديات الحمقة ديالنا هههه","------------------------- INSTAGRAM : https://www.instagram.com/khalidlidlissi​ FACEBOOK : https://www.facebook.com/288485541683115​ INSTAGRAM DRARI : ADIL : barefoottripsmorocco HOUSSAM : houssam_kamil MOUAD : mouad_aboukassim ----------------------- Editing : @azizlakbiche1",,23,Comedy,Lifestyle_(sociology),PT10M57S,657,2d,hd,false,ar,ar,https://i.ytimg.com/vi/czIF3YqSElg/maxresdefault.jpg,1,,,,,771808,79524,,0,2475
197,UCeuMT3QEwuCdRE8Tg58RCqg,"Khalid Lidlissi & Dala",ElAvPpOyW-g,2021-01-31T12:01:22Z,"2021-01-31 12:01:22","PART 2 : تحدي المشروبات، كنا غنشربو عصير زيت الكيف وعصير السردين ولكن..","INSTAGRAM : https://www.instagram.com/khalidlidli...​ FACEBOOK : https://www.facebook.com/288485541683115​ ---------------------------------- INTAGRAM DRARI : AZIZ : @azizlakbiche1 MOUAD : mouad_aboukassim ------------------------------------------------- EDITING : Aziz Lakbiche MUSIC BY : Kevin Macleod",,23,Comedy,Lifestyle_(sociology),PT15M49S,949,2d,hd,false,ar,ar,https://i.ytimg.com/vi/ElAvPpOyW-g/maxresdefault.jpg,1,,,,,1235432,126740,,0,3381
198,UCeuMT3QEwuCdRE8Tg58RCqg,"Khalid Lidlissi & Dala",WQ7tXQinP-M,2021-01-25T12:46:18Z,"2021-01-25 12:46:18","الضالة سخن عليه الراس ودخل اتريني مع مكفوف وكان غايموت ههههه","INSTAGRAM : https://www.instagram.com/khalidlidlissi FACEBOOK : https://www.facebook.com/288485541683115 YOUSSEF : https://youtu.be/L8SJk4Tiq70 للتواصل مع يوسف: 0661480718 INSTAGRAM DRARI : HOUSSAM : houssam_kamil MOUAD : mouad_aboukassim",,23,Comedy,,PT21M25S,1285,2d,hd,false,ar,ar,https://i.ytimg.com/vi/WQ7tXQinP-M/maxresdefault.jpg,1,,,,,729588,55475,,0,1545
199,UCeuMT3QEwuCdRE8Tg58RCqg,"Khalid Lidlissi & Dala",qrGX3GEHCo8,2021-01-16T13:01:54Z,"2021-01-16 13:01:54","PART 2 : اخيرا شفنا مول الخيمة ديال الرحالة.. رحب بينا مسكين انا والواليد والدراري","INSTAGRAM : https://www.instagram.com/khalidlidlissi FACEBOOK : https://www.facebook.com/288485541683115 INSTAGRAM DRARI : ADIL : barefoottripsmorocco HOUSSAM : houssam_kamil MOUAD : mouad_aboukassim --------------------- Adil channel : https://www.youtube.com/channel/UCOgZB0mmLVuFbRDfj_RbZ9w Abdelmoughit channel : https://www.youtube.com/user/abdelmoghittube --------------------- THANKS TO : @azizlakbiche1",,23,Comedy,"Lifestyle_(sociology),Tourism",PT17M11S,1031,2d,hd,false,ar,ar,https://i.ytimg.com/vi/qrGX3GEHCo8/maxresdefault.jpg,1,,,,,358775,35506,,0,1222
200,UCeuMT3QEwuCdRE8Tg58RCqg,"Khalid Lidlissi & Dala",Lnpjs1babmo,2021-01-09T12:50:50Z,"2021-01-09 12:50:50","مشينا انا والواليد عشنا مع الرحالة وعاودو لينا على المعانات ديالهوم ولكن قتلناهوم بالضحك هههه","INSTAGRAM : https://www.instagram.com/khalidlidlissi FACEBOOK : https://www.facebook.com/288485541683115 INSTAGRAM DRARI : ADIL : barefoottripsmorocco HOUSSAM : houssam_kamil MOUAD : mouad_aboukassim THANKS TO : @azizlakbiche1",,23,Comedy,"Lifestyle_(sociology),Tourism",PT17M45S,1065,2d,hd,false,ar,ar,https://i.ytimg.com/vi/Lnpjs1babmo/maxresdefault.jpg,1,,,,,435920,41462,,0,1619
201,UCeuMT3QEwuCdRE8Tg58RCqg,"Khalid Lidlissi & Dala",eiR1LkR1nrY,2020-12-31T18:15:54Z,"2020-12-31 18:15:54","شوينا خروف بمناسبة نهاية 2020 ودخول 2021 ههه الحماق مع الواليد","INSTAGRAM : https://www.instagram.com/khalidlidlissi FACEBOOK : https://www.facebook.com/288485541683115 INSTAGRAM DRARI : ADIL : barefoottripsmorocco HOUSSAM : houssam_kamil MOUAD : mouad_aboukassim THANKS TO : @azizlakbiche1","2020,2021",23,Comedy,Lifestyle_(sociology),PT20M15S,1215,2d,hd,false,ar,ar,https://i.ytimg.com/vi/eiR1LkR1nrY/maxresdefault.jpg,1,,,,,1138811,88032,,0,2167
202,UCeuMT3QEwuCdRE8Tg58RCqg,"Khalid Lidlissi & Dala",5UV5NdIw9_A,2020-12-23T15:07:08Z,"2020-12-23 15:07:08","مشينا انا والواليد لدوار من المغرب المنسي، حولنا ندخلو عليهوم الفرحة شوية","Email : Jamiatamatitr@gmail.com RIB Compte : 007045000735200030472362 Whatsapp : 0676667620 Les appels : 0637237337",,23,Comedy,Tourism,PT20M23S,1223,2d,hd,false,ar,ar,https://i.ytimg.com/vi/5UV5NdIw9_A/maxresdefault.jpg,1,,,,,408226,40658,,0,1404
203,UCeuMT3QEwuCdRE8Tg58RCqg,"Khalid Lidlissi & Dala",omxGG3RDpnU,2020-12-16T13:40:46Z,"2020-12-16 13:40:46","مشينا لواحد البلاصة عمرها كثر من 400 سنة.. سميتها حشماتني مع الواليد","INSTAGRAM : https://www.instagram.com/khalidlidlissi FACEBOOK : https://www.facebook.com/288485541683115 INSTAGRAM DRARI : ADIL : barefoottripsmorocco HOUSSAM : houssam_kamil MOUAD : mouad_aboukassim",,23,Comedy,"Lifestyle_(sociology),Tourism",PT28M22S,1702,2d,hd,false,ar,ar,https://i.ytimg.com/vi/omxGG3RDpnU/maxresdefault.jpg,1,,,,,805384,61944,,0,2454
204,UCeuMT3QEwuCdRE8Tg58RCqg,"Khalid Lidlissi & Dala",6pmiJiTAj6w,2020-12-10T13:38:17Z,"2020-12-10 13:38:17","هاكيفاش خرجات لينا الطنجية.. صنعنا السم ههههههه","INSTAGRAM : https://www.instagram.com/khalidlidlissi FACEBOOK : https://www.facebook.com/288485541683115 INSTAGRAM DRARI : ADIL : barefoottripsmorocco HOUSSAM : houssam_kamil MOUAD : mouad_aboukassim",,23,Comedy,"Lifestyle_(sociology),Tourism",PT19M50S,1190,2d,hd,false,ar,ar,https://i.ytimg.com/vi/6pmiJiTAj6w/maxresdefault.jpg,1,,,,,947829,75772,,0,2701
205,UCeuMT3QEwuCdRE8Tg58RCqg,"Khalid Lidlissi & Dala",1BI_6knyGXQ,2020-12-04T14:00:25Z,"2020-12-04 14:00:25","اخيرا سافرنا وهجمو علينا الكلاب،، وزاد كملها الواليد طيب لينا افشل طنجية فالتاريخ هههه","INSTAGRAM : https://www.instagram.com/khalidlidlissi FACEBOOK : https://www.facebook.com/288485541683115 INSTAGRAM DRARI : HOUSSAM : houssam_kamil MOUAD : mouad_aboukassim ADIL : barefoottripsmorocco GOPRO : mouhamedska8 MOHAMED : hafid.med07 HAFID : hafiid_ch LBHJA : bhja6731",,23,Comedy,Lifestyle_(sociology),PT24M41S,1481,2d,hd,false,ar,ar,https://i.ytimg.com/vi/1BI_6knyGXQ/maxresdefault.jpg,1,,,,,1064424,84264,,0,2534
206,UCeuMT3QEwuCdRE8Tg58RCqg,"Khalid Lidlissi & Dala",l1zxJNp-sQY,2020-11-25T13:12:19Z,"2020-11-25 13:12:19","OMEGLE : درنا أنا والواليد مسابقة للمتابعين...الموت ديال الضحك","INSTAGRAM : https://www.instagram.com/khalidlidlissi FACEBOOK : https://www.facebook.com/288485541683115",,23,Comedy,,PT13M57S,837,2d,hd,false,ar,ar,https://i.ytimg.com/vi/l1zxJNp-sQY/maxresdefault.jpg,1,,,,,578364,80952,,0,2329
207,UCeuMT3QEwuCdRE8Tg58RCqg,"Khalid Lidlissi & Dala",fKn8vfcdM4Q,2020-11-13T15:08:51Z,"2020-11-13 15:08:51","PRANK : رديت الدار مزرعة ديال البهايم.. الواليد كان غايهرب ليه","INSTAGRAM : https://www.instagram.com/khalidlidlissi FACEBOOK : https://www.facebook.com/288485541683115 ---------- INSTAGRAM DRARI : Houssam : @houssam_kamil Aziz : @azizlakbiche1 Lkssab : mehdi__bendiouh Mouad : mouad_aboukassim #برانك_ياربي_السلامة",,23,Comedy,Lifestyle_(sociology),PT18M51S,1131,2d,hd,false,ar,ar,https://i.ytimg.com/vi/fKn8vfcdM4Q/maxresdefault.jpg,1,,,,,1063928,102731,,0,2723
208,UCeuMT3QEwuCdRE8Tg58RCqg,"Khalid Lidlissi & Dala",CzuormQOoz8,2020-11-08T14:24:19Z,"2020-11-08 14:24:19","تحاشمنا أنا والواليد فهاذ الفيديو ! كتاشفت اسرار خطيرة على الواليد","INSTAGRAM : https://www.instagram.com/khalidlidlissi FACEBOOK : https://www.facebook.com/288485541683115 ---------- INSTAGRAM DRARI : Houssam : @houssam_kamil Aziz : @azizlakbiche1",,23,Comedy,,PT11M22S,682,2d,hd,false,ar,ar,https://i.ytimg.com/vi/CzuormQOoz8/maxresdefault.jpg,1,,,,,992810,102789,,0,2786
209,UCeuMT3QEwuCdRE8Tg58RCqg,"Khalid Lidlissi & Dala",xjreLJD7u-g,2020-10-31T14:58:12Z,"2020-10-31 14:58:12","تحدي التناسق : شكون لي كايعرف لاخر مزيان ؟؟😂😂","INSTAGRAM : https://www.instagram.com/khalidlidlissi FACEBOOK : https://www.facebook.com/288485541683115 ---------- INSTAGRAM DRARI : Houssam : @houssam_kamil Aziz : @azizlakbiche1",,23,Comedy,,PT15M3S,903,2d,hd,false,ar,ar,https://i.ytimg.com/vi/xjreLJD7u-g/maxresdefault.jpg,1,,,,,1174549,109157,,0,3611
210,UCeuMT3QEwuCdRE8Tg58RCqg,"Khalid Lidlissi & Dala",uAq_UC6neU4,2020-10-09T14:00:04Z,"2020-10-09 14:00:04","تقادينا انا والواليد باس نعجبو التيتيز ديال OMEGLE","اشترك بقناة م.الشافعي لتتعلم كيف يربح المال https://urlgeni.us/youtube/channel/KhalidLidlissiDala التطبيق الذي يربح منه م.الشافعي : https://bit.ly/3npm7zH INSTAGRAM : https://www.instagram.com/khalidlidlissi FACEBOOK : https://www.facebook.com/288485541683115",,23,Comedy,,PT11M49S,709,2d,hd,false,ar,ar,https://i.ytimg.com/vi/uAq_UC6neU4/maxresdefault.jpg,1,,,,,1399619,137563,,0,3327
211,UCeuMT3QEwuCdRE8Tg58RCqg,"Khalid Lidlissi & Dala",jjpLINiBo_Y,2020-10-03T15:11:32Z,"2020-10-03 15:11:32","درنا تحدي المرشميلو انا والواليد.. شدينا فالناس لي كانحتارمو ههههه","INSTAGRAM : https://www.instagram.com/khalidlidlissi/ FACEBOOK : https://www.facebook.com/288485541683115",,23,Comedy,Lifestyle_(sociology),PT11M21S,681,2d,hd,false,ar,ar,https://i.ytimg.com/vi/jjpLINiBo_Y/maxresdefault.jpg,1,,,,,913781,96568,,0,2703
212,UCeuMT3QEwuCdRE8Tg58RCqg,"Khalid Lidlissi & Dala",b3rgWcQnCDE,2020-09-20T14:31:15Z,"2020-09-20 14:31:15","تحدي المشروبات، شربنا عصير ( القطران، العطرية...)","INSTAGRAM : https://www.instagram.com/khalidlidlissi/ FACEBOOK : https://www.facebook.com/288485541683115 ---------------------------------- INTAGRAM DRARI : MOUAD : mouad_aboukassim AZIZ : azizlakbiche","khalid,dala,lidrissi,ta7adi,lmachrobat",23,Comedy,Lifestyle_(sociology),PT13M57S,837,2d,hd,false,ar,ar,https://i.ytimg.com/vi/b3rgWcQnCDE/maxresdefault.jpg,1,,,,,2047617,165679,,0,4255
213,UCeuMT3QEwuCdRE8Tg58RCqg,"Khalid Lidlissi & Dala",B8dpdqZGv8k,2020-09-07T17:52:56Z,"2020-09-07 17:52:56","اول مرة نركب الخيل انا والواليد، مولات الخيل كان غيركلها العود بسباب النحس ديالنا هههه","INSTAGRAM NOURA : Cheval agadir Florent : https://youtu.be/ef9I_MIEOB0 FOLLOW ME : INSTAGRAM : @khalidlidlissi Mouad : mouad_aboukassim Houssam : houssam_kamil",,23,Comedy,"Lifestyle_(sociology),Pet",PT29M27S,1767,2d,hd,false,ar,ar,https://i.ytimg.com/vi/B8dpdqZGv8k/maxresdefault.jpg,1,,,,,1250353,93220,,0,2368
214,UCeuMT3QEwuCdRE8Tg58RCqg,"Khalid Lidlissi & Dala",HSOiz2pggzI,2020-08-24T18:00:13Z,"2020-08-24 18:00:13","OMEGLE : 😞 تخاصمت مع الواليد وهرست البيسي ديالي","رابط منصة التداول Binomo : http://bit.ly/KHALID_LIDSI_DALA_BINOMO سجل على منصة التداول Binomo و أحصل على 1000 دولار مجانية في حسابك التجريبي INSTAGRAM : @khalidlidlissi","khalid,lidlissi,omegle,lwalid,prank,pc,PC,walo maydi3,ohoyawho,plaza",23,Comedy,,PT11M18S,678,2d,hd,false,ar,ar,https://i.ytimg.com/vi/HSOiz2pggzI/maxresdefault.jpg,1,,,,,1277869,136343,,0,3460
215,UCeuMT3QEwuCdRE8Tg58RCqg,"Khalid Lidlissi & Dala",1SItyH7nk7Q,2020-08-19T14:01:02Z,"2020-08-19 14:01:02","طلبنا من الناس يسولونا انا والواليد صدقو حشموني معاه هههه","Donation : https://www.paypal.me/walomaydi3 FOLLOW ME : INSTAGRAM : @khalidlidlissi Mouad : mouad_aboukassim Houssam : houssam_kamil",,23,Comedy,Lifestyle_(sociology),PT22M16S,1336,2d,hd,false,ar,ar,https://i.ytimg.com/vi/1SItyH7nk7Q/maxresdefault.jpg,1,,,,,883654,89317,,0,2649
216,UCeuMT3QEwuCdRE8Tg58RCqg,"Khalid Lidlissi & Dala",UmD9mofr5hQ,2020-08-05T15:31:57Z,"2020-08-05 15:31:57","مشينا لسيدي بوتبوقالت ديال بصح هاد المرة... الواليد عجبوو الحال بزااااف","اندومي وجدات ليكم مسابقة جديدة باش تفوزوا بقسائم الشراء من 500 حتى ل3000 درهم 🎁 🎁 إلا بغيتوا تشاركوا ماعليكم إلا : 1-تشريو 4 ساشيات إندومي 2-توجدوا طبق إندومي من اختياركم 3-تصوروا الطبق مع4 الساشيات 4-دخلوا الصورة مع المعلومات ديالكم في الرابط أسفله الرابط: http://indomiedimam3ak.com حظ سعيد للجميع 😍😍☺️ INSTAGRAM : khalidlidlissi",,23,Comedy,"Lifestyle_(sociology),Tourism",PT19M25S,1165,2d,hd,false,ar,ar,https://i.ytimg.com/vi/UmD9mofr5hQ/maxresdefault.jpg,1,,,,,1402942,117450,,0,3016
217,UCeuMT3QEwuCdRE8Tg58RCqg,"Khalid Lidlissi & Dala",UlCKi83Nf1A,2020-07-31T20:18:15Z,"2020-07-31 20:18:15","اجواء عيد الاضحى ... الواليد كعى عليا ديال بصح !!","Donation : https://www.paypal.me/walomaydi3 FOLLOW ME : INSTAGRAM : @khalidlidlissi",,23,Comedy,Lifestyle_(sociology),PT17M36S,1056,2d,hd,false,ar,ar,https://i.ytimg.com/vi/UlCKi83Nf1A/maxresdefault.jpg,1,,,,,753862,86880,,0,2409
218,UCeuMT3QEwuCdRE8Tg58RCqg,"Khalid Lidlissi & Dala",8BEQ_O2fbjQ,2020-07-27T15:23:30Z,"2020-07-27 15:23:30","مشينا نشريو الحاولي ديال عيد الاضحى وهرب لينا بسباب الواليد هههه","Donation : https://www.paypal.me/walomaydi3 FOLLOW ME : INSTAGRAM : @khalidlidlissi Mouad : mouad_aboukassim Houssam : houssam_kamil","عيد الاضحى,الضالة,khalid lidlissi,اجواء عيد الاضحى,اضحية العيد",23,Comedy,Lifestyle_(sociology),PT20M38S,1238,2d,hd,false,ar,ar,https://i.ytimg.com/vi/8BEQ_O2fbjQ/maxresdefault.jpg,1,,,,,3059952,209443,,0,6107
219,UCeuMT3QEwuCdRE8Tg58RCqg,"Khalid Lidlissi & Dala",3jGJQUiMJRU,2020-07-21T18:20:33Z,"2020-07-21 18:20:33","التتمة ديال الڤلوك الاول... عاود لينا الواليد على الذكريات ديالو ( السلوگية )","NMRA DIAL MAMAT LBNT : 0638230194 NISRINE NOSADELLA : https://www.youtube.com/channel/UCcrk9BMRWf_kPFW4wrVU3Ww Donation : https://www.paypal.me/walomaydi3 FOLLOW ME : INSTAGRAM : @khalidlidlissi Mouad : mouad_aboukassim Houssam : houssam_kamil Hafid : hafid_ch",,23,Comedy,Lifestyle_(sociology),PT16M8S,968,2d,hd,false,ar,ar,https://i.ytimg.com/vi/3jGJQUiMJRU/maxresdefault.jpg,1,,,,,1147832,113836,,0,2739
220,UCeuMT3QEwuCdRE8Tg58RCqg,"Khalid Lidlissi & Dala",UA621e0yPnI,2020-07-17T16:47:34Z,"2020-07-17 16:47:34","پرانكينا الواليد ديناه للبلاد على غفلة ..من كثرت الفرحة هرب ليه ههه","اشتركوا بقناة طارق علي 👇👇: https://bit.ly/397MYKc Donation : https://www.paypal.me/walomaydi3 FOLLOW ME : INSTAGRAM : @khalidlidlissi Mouad : mouad_aboukassim Houssam : houssam_kamil Hafid : hafid_ch","walo maydi3,dalla,prank,برانك,مقلب,الواليد,الضالة,والو مايضيع",23,Comedy,Lifestyle_(sociology),PT23M,1380,2d,hd,false,ar,ar,https://i.ytimg.com/vi/UA621e0yPnI/maxresdefault.jpg,1,,,,,2953323,180667,,0,5042
221,UCeuMT3QEwuCdRE8Tg58RCqg,"Khalid Lidlissi & Dala",RP3hggdtONc,2020-06-05T16:27:49Z,"2020-06-05 16:27:49","الواليد بغى يخطب ليا من Omegle ولكن وجهي ممساعدوش هههههه","اشتركوا بقناة طارق علي 👇👇: https://bit.ly/2MweUg3 Donation : https://www.paypal.me/walomaydi3 FOLLOW ME : INSTAGRAM : @khalidlidlissi",,23,Comedy,,PT10M27S,627,2d,hd,false,ar,ar,https://i.ytimg.com/vi/RP3hggdtONc/maxresdefault.jpg,1,,,,,794667,95328,,0,3237
222,UCeuMT3QEwuCdRE8Tg58RCqg,"Khalid Lidlissi & Dala",P4YBEDMYsJM,2020-05-14T17:45:25Z,"2020-05-14 17:45:25","تحدي الحلاقة...لواليد دار ليا لحسانة ديال ليهود!!!","للمساهمة في العمل الخيري : 0634200210 Donation : https://www.paypal.me/walomaydi3 FOLLOW ME : INSTAGRAM : @khalidlidlissi",,23,Comedy,Lifestyle_(sociology),PT12M51S,771,2d,hd,false,ar,ar,https://i.ytimg.com/vi/P4YBEDMYsJM/maxresdefault.jpg,1,,,,,1364246,114310,,0,3522
223,UCeuMT3QEwuCdRE8Tg58RCqg,"Khalid Lidlissi & Dala",_u04zXoJRxA,2020-05-03T19:55:14Z,"2020-05-03 19:55:14","OMEGLE PART 2 : الواليد صدق كايقمعوه الساطات 😂","#B9AFDARK للمساهمة في العمل الخيري : 0634200210 Donation : https://www.paypal.me/walomaydi3 FOLLOW ME : INSTAGRAM : @khalidlidlissi",,23,Comedy,,PT15M34S,934,2d,hd,false,ar,ar,https://i.ytimg.com/vi/_u04zXoJRxA/maxresdefault.jpg,1,,,,,841403,94776,,0,2969
224,UCeuMT3QEwuCdRE8Tg58RCqg,"Khalid Lidlissi & Dala",2blcMJz-Gi4,2020-04-28T17:03:43Z,"2020-04-28 17:03:43","أول فطور رمضاني ليا انا والواليد باندومي...رونا الدار كولها😂😂","#B9AFDARK Donation : https://www.paypal.me/walomaydi3 FOLLOW ME : INSTAGRAM : @khalidlidlissi","khalid lidlissi,dala",23,Comedy,"Food,Lifestyle_(sociology)",PT12M6S,726,2d,hd,false,ar,ar,https://i.ytimg.com/vi/2blcMJz-Gi4/maxresdefault.jpg,1,,,,,1313953,144349,,0,3693
225,UCeuMT3QEwuCdRE8Tg58RCqg,"Khalid Lidlissi & Dala",QoX5DMLlbbo,2020-04-21T17:47:46Z,"2020-04-21 17:47:46","الواليد هرب ليه مع Omegle صدمنا واحد بين لينا الاعضاء ... 😂","#B9AFDARK Donation : https://www.paypal.me/walomaydi3 FOLLOW ME : INSTAGRAM : @khalidlidlissi",,23,Comedy,,PT10M4S,604,2d,hd,false,ar,ar,https://i.ytimg.com/vi/QoX5DMLlbbo/maxresdefault.jpg,1,,,,,1075891,129979,,0,3788
226,UCeuMT3QEwuCdRE8Tg58RCqg,"Khalid Lidlissi & Dala",OlkjmIvZ0KA,2020-04-12T19:02:28Z,"2020-04-12 19:02:28","😂 ردة فعل الواليد على الطرولات لي دارو علينا","https://buzz.guru/_6ax8esgs :اشتركوا بقناة طارق علي #B9AFDARK Donation : https://www.paypal.me/walomaydi3 FOLLOW ME : INSTAGRAM : @khalidlidlissi",,23,Comedy,,PT8M11S,491,2d,hd,false,ar,ar,https://i.ytimg.com/vi/OlkjmIvZ0KA/maxresdefault.jpg,1,,,,,1035717,107994,,0,2352
227,UCeuMT3QEwuCdRE8Tg58RCqg,"Khalid Lidlissi & Dala",6bXHw1VO0MY,2020-04-07T16:12:13Z,"2020-04-07 16:12:13","احمق تحدي الهمس مع الواليد...كان غيحماق ليا!!!","#B9AFDARK Donation : https://www.paypal.me/walomaydi3 FOLLOW ME : INSTAGRAM : @khalidlidlissi","khalid lidlissi,walo maydi3,maydi3,dala,maydi3walo",23,Comedy,Lifestyle_(sociology),PT14M13S,853,2d,hd,false,ar,ar,https://i.ytimg.com/vi/6bXHw1VO0MY/maxresdefault.jpg,1,,,,,1093034,108859,,0,2847
228,UCeuMT3QEwuCdRE8Tg58RCqg,"Khalid Lidlissi & Dala",t9hRejDVxOk,2020-04-01T16:38:20Z,"2020-04-01 16:38:20","اول مرة نجرب لكاياك مع لواليد...مبقاش باغي الضالة؟؟؟","Donation : https://www.paypal.me/walomaydi3 FOLLOW ME : INSTAGRAM : @khalidlidlissi Houssam INSTAGRAM : @houssam_kamil adil : INSTAGRAM : @barefoottripmorocco Mouad Instagram : mouad_aboukassim",,23,Comedy,"Lifestyle_(sociology),Tourism",PT18M20S,1100,2d,hd,false,ar,ar,https://i.ytimg.com/vi/t9hRejDVxOk/maxresdefault.jpg,1,,,,,1103403,83402,,0,1814
229,UCeuMT3QEwuCdRE8Tg58RCqg,"Khalid Lidlissi & Dala",UKHo_rARh3E,2020-03-25T15:33:51Z,"2020-03-25 15:33:51","اول مرة نزورو مسجد ديال ليهود...لواليد صدمني!!!","Donation : https://www.paypal.me/walomaydi3 FOLLOW ME : INSTAGRAM : @khalidlidlissi Houssam INSTAGRAM : @houssam_kamil https://www.youtube.com/channel/UCOgZB0mmLVuFbRDfj_RbZ9w adil : INSTAGRAM : @barefoottripmorocco Mouad Instagram : mouad_aboukassim",,23,Comedy,"Lifestyle_(sociology),Tourism",PT14M47S,887,2d,hd,false,ar,ar,https://i.ytimg.com/vi/UKHo_rARh3E/maxresdefault.jpg,,,,,,841048,58476,,0,1961
230,UCeuMT3QEwuCdRE8Tg58RCqg,"Khalid Lidlissi & Dala",7Xic78bYTU8,2020-03-21T14:59:25Z,"2020-03-21 14:59:25","🍝 أحمق تحدي بيني وبين الواليد، شكون طيب احسن طبق اندومي ؟","FOLLOW ME : INSTAGRAM : @khalidlidlissi Houssam INSTAGRAM : @houssam_kamil Mouad Instagram : mouad_aboukassim",,23,Comedy,"Food,Lifestyle_(sociology)",PT10M2S,602,2d,hd,false,ar,ar,https://i.ytimg.com/vi/7Xic78bYTU8/maxresdefault.jpg,1,,,,,717571,87020,,0,2304
231,UCeuMT3QEwuCdRE8Tg58RCqg,"Khalid Lidlissi & Dala",n1SGS7FHgCo,2020-03-18T14:00:17Z,"2020-03-18 14:00:17","نصائح وحتياطات من الواليد ديالي ضد فيروس كورونا","#GLES_FDARKOM #ⵙⴽⵓⵙ_ⵖ_ⵜⴳⵎⵉⵏⵓⵏ. INSTAGRAM : www.instagram.com/khalidlidlissi",dalla,23,Comedy,Health,PT18M38S,1118,2d,hd,false,ar,ar,https://i.ytimg.com/vi/n1SGS7FHgCo/maxresdefault.jpg,,,,,,366171,36187,,0,1205
232,UCeuMT3QEwuCdRE8Tg58RCqg,"Khalid Lidlissi & Dala",krRC_p25ijA,2020-03-13T19:44:53Z,"2020-03-13 19:44:53","الواليد خدم بارمان فزاڭورا...وغرق لينا فالپسين!!!","Donation : https://www.paypal.me/walomaydi3 FOLLOW ME : INSTAGRAM : @khalidlidlissi Houssam INSTAGRAM : @houssam_kamil adil : INSTAGRAM : @barefoottripmorocco Mouad Instagram : mouad_aboukassim",,23,Comedy,"Lifestyle_(sociology),Tourism",PT18M57S,1137,2d,hd,false,ar,ar,https://i.ytimg.com/vi/krRC_p25ijA/maxresdefault.jpg,1,,,,,1432682,90555,,0,1806
233,UCeuMT3QEwuCdRE8Tg58RCqg,"Khalid Lidlissi & Dala",H5g1y8RD29E,2020-03-06T18:54:29Z,"2020-03-06 18:54:29","حلم المليون أصبح حقيقة ...شكرا ل 1M مشترك ومشتركة","Directed by : abdellah_filmmaking Donation : https://www.paypal.me/walomaydi3 FOLLOW ME : INSTAGRAM : @khalidlidlissi Houssam INSTAGRAM : @houssam_kamil adil : INSTAGRAM : @barefoottripmorocco Mouad Instagram : mouad_aboukassim INSTAGRAM :@HAKEEM_KADIM","وصلنا لمليون,مليون مشترك,فيديو تحفيزي,1M,4K,على صفحة المحتوى الرائج",23,Comedy,,PT23M7S,1387,2d,hd,false,ar,ar,https://i.ytimg.com/vi/H5g1y8RD29E/maxresdefault.jpg,,,,,,769575,95223,,0,3283
234,UCeuMT3QEwuCdRE8Tg58RCqg,"Khalid Lidlissi & Dala",fa6yrO5-Edo,2020-02-27T18:00:02Z,"2020-02-27 18:00:02","مشينا انا ولواليد لشلات أزود...والموت ديال الضحك ههه","اشترك بقناة طارق علي : https://buzz.guru/_6qwjmqi FOLLOW ME : INSTAGRAM : @khalidlidlissi Instagram : @houssam_kamil : Mouad Instagram : mouad_aboukassim",,23,Comedy,"Lifestyle_(sociology),Tourism",PT18M1S,1081,2d,hd,false,ar,ar,https://i.ytimg.com/vi/fa6yrO5-Edo/maxresdefault.jpg,,1,,,,746305,59568,,0,2205
235,UCeuMT3QEwuCdRE8Tg58RCqg,"Khalid Lidlissi & Dala",2fLowSjUUXg,2020-02-02T17:27:00Z,"2020-02-02 17:27:00","أسئلة محرجة مع الواليد، الموت ديال الضحك هههه","Donation : https://www.paypal.me/walomaydi3 FOLLOW ME : INSTAGRAM : @khalidlidlissi","khalid lidlissi,walo maydi3,dalla,as2ila,mo7rija",23,Comedy,,PT27M34S,1654,2d,hd,false,ar,ar,https://i.ytimg.com/vi/2fLowSjUUXg/maxresdefault.jpg,1,,,,,3276357,212436,,0,5319
236,UCeuMT3QEwuCdRE8Tg58RCqg,"Khalid Lidlissi & Dala",IDpJ1izkkJQ,2020-01-17T16:38:28Z,"2020-01-17 16:38:28","اول مرة يجرب الواليد الطيران الحر...ولواليد تزط لينا فكاورية","FOLLOW ME : INSTAGRAM : @khalidlidlissi لي بغا يعيش هاد التجربة الواعرة يتواصل مع الاخ سعيد عبر الانستكرام : Instagtam: @Parapentelegzira Facebook: Parapentelegzira Houssam : Instagram : @houssam_kamil Mouad: Instagram : mouad_aboukassim","khalid lidlissi,lidlissi,parapente,dala,VLOG Parapente ft. Doigby,الكزيرة,legzira,SIDI IFNI",23,Comedy,"Hobby,Lifestyle_(sociology),Tourism",PT23M59S,1439,2d,hd,false,ar,zxx,https://i.ytimg.com/vi/IDpJ1izkkJQ/maxresdefault.jpg,,,,,,1154670,81253,,0,2421
237,UCeuMT3QEwuCdRE8Tg58RCqg,"Khalid Lidlissi & Dala",E29aCQ3tFik,2019-12-20T16:34:28Z,"2019-12-20 16:34:28","bouche a bouche دزنا من طريق الموت تيزي نتاست!!!لواليد كان غيدير ليا","Donation : https://www.paypal.me/walomaydi3 FOLLOW ME : INSTAGRAM : @khalidlidlissi SIMOHAMED INSTAGRAM : @simohamed_secouriste https://youtu.be/KQvbtbAcd08 Houssam Instagram : @houssam_kamil بالنسبة للمحسنين الي بغاو يساعدو هاد الناس غنخلي ليكوم رقم الهاتف ديال الاخ علي وشكرا لكم: 0606410890","khalid lidlissi,walo maydi3,dala,khalid,lidlissi khalid,Hatim Ammor",23,Comedy,Lifestyle_(sociology),PT20M8S,1208,2d,hd,false,ar,ar,https://i.ytimg.com/vi/E29aCQ3tFik/maxresdefault.jpg,1,,,,,603406,46042,,0,1160
238,UCeuMT3QEwuCdRE8Tg58RCqg,"Khalid Lidlissi & Dala",qL64C6sBEj8,2019-12-11T16:46:08Z,"2019-12-11 16:46:08","لواليد خدم براح فلمدينة القديمة ديال فاس...لموت ديال الضحك😂😂😂","Donation : https://www.paypal.me/walomaydi3 FOLLOW ME : INSTAGRAM : @khalidlidlissi abdellah : INSTAGRAM: @abdellah_filmmaking Houssam Instagram : @houssam_kamil Mouad: Instagram : mouad_aboukassim salih: instagram : mohamed_salih09 Dar Zerbtana : Instagram : @darzerbtana","khalid lidlissi,walo maydi3,dala,lidlissi khalid,DOUZI",23,Comedy,"Entertainment,Tourism",PT24M24S,1464,2d,hd,false,ar,ar,https://i.ytimg.com/vi/qL64C6sBEj8/maxresdefault.jpg,,,,,,1220329,73802,,0,2486
239,UCeuMT3QEwuCdRE8Tg58RCqg,"Khalid Lidlissi & Dala",-TeCUkNwwMc,2019-12-04T16:39:32Z,"2019-12-04 16:39:32","مشينا انا والواليد لمدينة إفران...وشفرو ليه التيليفون كان غيتسطا!!!","Donation : https://www.paypal.me/walomaydi3 FOLLOW ME : INSTAGRAM : @khalidlidlissi abdellah : INSTAGRAM: @abdellah_filmmaking Houssam Instagram : @houssam_kamil Mouad Instagram : mouad_aboukassim","dala,khalid lidlissi,walomaydi3",23,Comedy,"Lifestyle_(sociology),Tourism",PT12M34S,754,2d,hd,false,ar,ar,https://i.ytimg.com/vi/-TeCUkNwwMc/maxresdefault.jpg,,,,,,1078831,80758,,0,2094
240,UCeuMT3QEwuCdRE8Tg58RCqg,"Khalid Lidlissi & Dala",d2IXqs35PVY,2019-11-28T16:29:28Z,"2019-11-28 16:29:28","ضاربنا بالتلج انا والواليد...واول مرة نلعبو مع القرودا في مذينة أزرو!!!","Donation : https://www.paypal.me/walomaydi3 FOLLOW ME : INSTAGRAM : @khalidlidlissi abdellah : INSTAGRAM: @abdellah_filmmaking Houssam Instagram : @houssam_kamil Mouad Instagram : mouad_aboukassim","walo maydi3,dala,khalid lidlissi,lidlissi khalid",23,Comedy,"Lifestyle_(sociology),Tourism",PT19M33S,1173,2d,hd,false,ar,ar,https://i.ytimg.com/vi/d2IXqs35PVY/maxresdefault.jpg,,,,,,1155543,80445,,0,2374
241,UCeuMT3QEwuCdRE8Tg58RCqg,"Khalid Lidlissi & Dala",i970jxRfqxo,2019-11-23T15:02:57Z,"2019-11-23 15:02:57","اول مرة نجربو الدرون تهرسات لينا...ودرنا السورف وسط الصحراء شوفو شنو وقع!! الشينوي جابها فراصو","Donation : https://www.paypal.me/walomaydi3 FOLLOW ME : INSTAGRAM : @khalidlidlissi abdellah : INSTAGRAM: @abdellah_filmmaking Houssam Instagram : @houssam_kamil Mouad Instagram : mouad_aboukassim","khalid lidlissi,walo maydi3,dala,ohoya oho",23,Comedy,"Lifestyle_(sociology),Tourism",PT19M2S,1142,2d,hd,false,ar,ar,https://i.ytimg.com/vi/i970jxRfqxo/maxresdefault.jpg,1,,,,,929620,63716,,0,1751
242,UCeuMT3QEwuCdRE8Tg58RCqg,"Khalid Lidlissi & Dala",q3ZlpBAZzjA,2019-11-16T16:29:31Z,"2019-11-16 16:29:31","درت مقلب خطير للوليد...رضيت ليه الدار قهوة ديال الشيشة!!!لموت ديال الضحك","Nox securityرابط تحميل تطبيق https://link.noxinfluencer.com/sei0uk FOLLOW ME : INSTAGRAM : @khalidlidlissi abdellah : INSTAGRAM: @abdellah_filmmaking Houssam Instagram : @houssam_kamil Mouad Instagram : mouad_aboukassim","khalid lidlissi,lidlissi khalid,dala,walo maydi3,مقلب,مقلب خطير,أخطر المقالب",23,Comedy,Lifestyle_(sociology),PT21M30S,1290,2d,hd,false,ar,ar,https://i.ytimg.com/vi/q3ZlpBAZzjA/maxresdefault.jpg,1,,,,,1864857,132164,,0,3276
243,UCeuMT3QEwuCdRE8Tg58RCqg,"Khalid Lidlissi & Dala",je70JZ5mlz8,2019-11-02T16:00:02Z,"2019-11-02 16:00:02","مشيت انا والواليد لموسم الزعفران...ولقينا كلب واحل فاشاريج!شوفو اشنو وقع🤔😂","Donation : https://www.paypal.me/walomaydi3 FOLLOW ME : INSTAGRAM : @khalidlidlissi mouhamed : INSTAGRAM: @atlas_safran Numéro de téléphone :0699921827 abdellah : INSTAGRAM: @abdellah_filmmaking Houssam Instagram : @houssam_kamil Mouad Instagram : mouad_aboukassim","khalid lidlissi,lidlissikhalid,walo maydi3,dala",23,Comedy,Lifestyle_(sociology),PT21M14S,1274,2d,hd,false,ar,ar,https://i.ytimg.com/vi/je70JZ5mlz8/maxresdefault.jpg,1,,,,,1549421,86013,,0,2188
244,UCeuMT3QEwuCdRE8Tg58RCqg,"Khalid Lidlissi & Dala",F03SZMwqIBQ,2019-10-06T18:02:21Z,"2019-10-06 18:02:21","سخف ليا لواليد فالغابة بسباب مغامرة خطيرة !!!","Donation : https://www.paypal.me/walomaydi3 FOLLOW ME : INSTAGRAM : @khalidlidlissi Houssam Instagram : @houssam_kamil Mouad Instagram : mouad_aboukassim","khalid lidlissi,lidlissi khalid,dala,walo maydi3",23,Comedy,"Lifestyle_(sociology),Tourism",PT18M25S,1105,2d,hd,false,ar,ar,https://i.ytimg.com/vi/F03SZMwqIBQ/maxresdefault.jpg,1,,,,,1227122,69966,,0,2097
245,UCeuMT3QEwuCdRE8Tg58RCqg,"Khalid Lidlissi & Dala",fV8bMh7aTBg,2019-09-29T14:54:09Z,"2019-09-29 14:54:09","😂😂😂 مشينا لمغارة هرقل ودرنا فيها تحديات حمقة مع الواليد","Donation : https://www.paypal.me/walomaydi3 FOLLOW ME : INSTAGRAM : @khalidlidlissi Houssam Instagram : @houssam_kamil Mouad Instagram : mouad_aboukassim","khalid lidlissi,walo maydi3,dala,lidlissi khalid",23,Comedy,"Lifestyle_(sociology),Tourism",PT17M10S,1030,2d,hd,false,ar,ar,https://i.ytimg.com/vi/fV8bMh7aTBg/maxresdefault.jpg,,,,,,1946783,95865,,0,3391
246,UCeuMT3QEwuCdRE8Tg58RCqg,"Khalid Lidlissi & Dala",nGUnUqPXbow,2019-09-25T17:56:38Z,"2019-09-25 17:56:38","نوضنا الروينا فالمطار...ردة فعل الواليد فاش ركب الطيارة اول مرة😱","Donation : https://www.paypal.me/walomaydi3 FOLLOW ME : INSTAGRAM : @khalidlidlissi Houssam Instagram : @houssam_kamil Mouad Instagram : mouad_aboukassim","khalid lidlissi,dala,walo maydi3",23,Comedy,Lifestyle_(sociology),PT15M55S,955,2d,hd,false,ar,ar,https://i.ytimg.com/vi/nGUnUqPXbow/maxresdefault.jpg,1,,,,,5846481,239606,,0,5566
247,UCeuMT3QEwuCdRE8Tg58RCqg,"Khalid Lidlissi & Dala",2BOvlhcozLY,2019-09-20T17:59:13Z,"2019-09-20 17:59:13","ختمنا الصيف باحمق تبحيرة...وركبنا JIT-SKi بالكاصك😂","Donation : https://www.paypal.me/walomaydi3 FOLLOW ME : INSTAGRAM : @khalidlidlissi Houssam Instagram : @houssam_kamil snop : snoopix_17 Mouad Instagram : mouad_aboukassim","khalid lidlissi,dala,walo maydi3,lidlissi khalid",23,Comedy,"Lifestyle_(sociology),Tourism",PT15M25S,925,2d,hd,false,ar,ar,https://i.ytimg.com/vi/2BOvlhcozLY/maxresdefault.jpg,1,,,,,366018,28458,,0,774
248,UCeuMT3QEwuCdRE8Tg58RCqg,"Khalid Lidlissi & Dala",0-T4juvGKY0,2019-09-13T18:35:28Z,"2019-09-13 18:35:28","درت برانك خطير للواليد: تشفرات الدارالواليد شوفو شنو دار ليا😱😱","Donation : https://www.paypal.me/walomaydi3 :متنساوش تخبطو ابوني لهاذ لاشين الخوت https://youtu.be/lcc2o_fzaPY FOLLOW ME : INSTAGRAM : @khalidlidlissi Houssam Instagram : @houssam_kamil Mouad Instagram : mouad_aboukassim","khalid lidlissi,lidlissi khalid,dala,walo maydi3",23,Comedy,Lifestyle_(sociology),PT23M57S,1437,2d,hd,false,ar,ar,https://i.ytimg.com/vi/0-T4juvGKY0/maxresdefault.jpg,1,,,,,2424503,137683,,0,3773
249,UCeuMT3QEwuCdRE8Tg58RCqg,"Khalid Lidlissi & Dala",4WzoE1LpEwM,2019-08-31T17:06:34Z,"2019-08-31 17:06:34","سولتوني وجاوبتكوم: وأخيرا هادي هي الضالة لي كيحلم بيها الواليد","Donation : https://www.paypal.me/walomaydi3 FOLLOW ME : INSTAGRAM : @khalidlidlissi Houssam Instagram : @houssam_kamil Mouad Instagram : mouad_aboukassim","khalid lidlissi,lidlissi khalid,walo maydi3,dala",23,Comedy,Lifestyle_(sociology),PT18M23S,1103,2d,hd,false,ar,ar,https://i.ytimg.com/vi/4WzoE1LpEwM/maxresdefault.jpg,1,,,,,3456739,214444,,0,4116
250,UCeuMT3QEwuCdRE8Tg58RCqg,"Khalid Lidlissi & Dala",5hRefhHXW3Q,2019-08-21T17:03:24Z,"2019-08-21 17:03:24","قاديت طاجين انا والواليد...درت ليه برانك خطير","Donation : https://www.paypal.me/walomaydi3 FOLLOW ME : INSTAGRAM : @khalidlidlissi","khalid lidlissi,lidlissi khalid,dala,walo maydi3",23,Comedy,"Food,Lifestyle_(sociology)",PT21M17S,1277,2d,hd,false,ar,ar,https://i.ytimg.com/vi/5hRefhHXW3Q/maxresdefault.jpg,1,,,,,2083386,113862,,0,3370
251,UCeuMT3QEwuCdRE8Tg58RCqg,"Khalid Lidlissi & Dala",L4hfrHaiTaI,2019-08-13T15:05:25Z,"2019-08-13 15:05:25","دابزت مع الواليد نهار العيد على قبل مسمار ديال كباب!...لموت ديال الضحك","Donation : https://www.paypal.me/walomaydi3 FOLLOW ME : INSTAGRAM : @khalidlidlissi","khalid lidlissi,lidlissi khalid,walomaydi3,maydi3walo,dala",23,Comedy,Lifestyle_(sociology),PT12M19S,739,2d,hd,false,ar,ar,https://i.ytimg.com/vi/L4hfrHaiTaI/maxresdefault.jpg,1,,,,,1048923,64434,,0,1513
252,UCeuMT3QEwuCdRE8Tg58RCqg,"Khalid Lidlissi & Dala",Ktpo0qoKRSk,2019-08-11T18:12:16Z,"2019-08-11 18:12:16","تأثرنا بزاف فالجزء التاني من مبادرة العيد...بكاتنا واحد السيدة","Donation : https://www.paypal.me/walomaydi3 FOLLOW ME : INSTAGRAM : @khalidlidlissi","khalid lidlissi,lidlissi khalid,walo maydi3,dala,maydi3walo",23,Comedy,Lifestyle_(sociology),PT16M14S,974,2d,hd,false,ar,ar,https://i.ytimg.com/vi/Ktpo0qoKRSk/maxresdefault.jpg,1,,,,,500528,47560,,0,1506
253,UCeuMT3QEwuCdRE8Tg58RCqg,"Khalid Lidlissi & Dala",Ii_5WrlomjA,2019-08-05T18:45:04Z,"2019-08-05 18:45:04","حاولنا ندخلو الفرحة على قلوب الناس ... مؤثر جدا","Donation : https://www.paypal.me/walomaydi3 FOLLOW ME : INSTAGRAM : @khalidlidlissi SNAPCHAT : Lidlissi انتهى موعد المساهمة جزاكم الله خيرا 🙏","khalid lidlissi,lidlissi khalid,dala,walo maydi3",23,Comedy,Lifestyle_(sociology),PT10M11S,611,2d,hd,false,ar,ar,https://i.ytimg.com/vi/Ii_5WrlomjA/maxresdefault.jpg,1,,,,,2620051,158309,,0,4806
254,UCeuMT3QEwuCdRE8Tg58RCqg,"Khalid Lidlissi & Dala",tDvH6Ue2ZAQ,2019-08-03T17:00:58Z,"2019-08-03 17:00:58","تقلب بينا JET_SKI وسط لبحر😱...حفضنا الله","Donation : https://www.paypal.me/walomaydi3 FOLLOW ME : INSTAGRAM : @khalidlidlissi SNAPCHAT : Lidlissi Numéro de téléphone : 06 44 15 81 16 Houssam Instagram : @houssam_kamil","khalid lidlissi,lidlissi,dala,walo maydi3,maydi3 walo",23,Comedy,"Lifestyle_(sociology),Motorsport,Tourism",PT20M49S,1249,2d,hd,false,fr,ar,https://i.ytimg.com/vi/tDvH6Ue2ZAQ/maxresdefault.jpg,1,,,,,2833219,149760,,0,2463
255,UCeuMT3QEwuCdRE8Tg58RCqg,"Khalid Lidlissi & Dala",I5L8ys9J8Fw,2019-07-27T17:43:35Z,"2019-07-27 17:43:35","عمنا فواد خطير...لواليد كان غيتسطا","Donation : https://www.paypal.me/walomaydi3 FOLLOW ME : INSTAGRAM : @khalidlidlissi SNAPCHAT : Lidlissi Houssam Instagram : @houssam_kamil Snopi : snoopix_17 khalil ; khalilzeny snap : immsi6 mehdi : mehdi__bendidouh","khalid lidlissi,lidlissi,dala,walo maydi3,niba,niba tbib",23,Comedy,Lifestyle_(sociology),PT16M44S,1004,2d,hd,false,ar,ar,https://i.ytimg.com/vi/I5L8ys9J8Fw/maxresdefault.jpg,1,,,,,1886993,94331,,0,1376
256,UCeuMT3QEwuCdRE8Tg58RCqg,"Khalid Lidlissi & Dala",J0MYzpE-cwM,2019-07-17T20:14:25Z,"2019-07-17 20:14:25","قهراتنا الحرارة فمراكش شوفو شنو دار الواليد هههه","Donation : https://www.paypal.me/walomaydi3 FOLLOW ME : INSTAGRAM : @khalidlidlissi SNAPCHAT : Lidlissi Houssam Instagram : @houssam_kamil amine : mohammed_amine12 khalil ; khalilzeny snap : immsi6 mehdi : mehdi__bendidouh Snopi : snoopix_17","khalid,khalid lidlissi,lidlissi khalid,dala,walomaydi3,maydi3walo",23,Comedy,Lifestyle_(sociology),PT19M11S,1151,2d,hd,false,ar,ar,https://i.ytimg.com/vi/J0MYzpE-cwM/maxresdefault.jpg,1,,,,,778667,66446,,0,1511
257,UCeuMT3QEwuCdRE8Tg58RCqg,"Khalid Lidlissi & Dala",dotS6KDBTi0,2019-07-05T19:14:42Z,"2019-07-05 19:14:42","لواليد تحير فمهرجان كناوا...ولاحوني الدراري فالبحر بحوايجي😱","Donation : https://www.paypal.me/walomaydi3 FOLLOW ME : INSTAGRAM : @khalidlidlissi SNAPCHAT : Lidlissi Houssam Instagram : @houssam_kamil Mouad Instagram : mouad_aboukassim khalid instagram:@khalid_bakkar","dala,khalid lidlissi,lidlissi khalid,walo maydi3,المغرب,مصر",23,Comedy,"Lifestyle_(sociology),Tourism",PT21M31S,1291,2d,hd,false,ar,ar,https://i.ytimg.com/vi/dotS6KDBTi0/maxresdefault.jpg,1,,,,,774731,46534,,0,1840
258,UCeuMT3QEwuCdRE8Tg58RCqg,"Khalid Lidlissi & Dala",1O0liZ4oHzc,2019-06-29T19:40:37Z,"2019-06-29 19:40:37","دخل لواليد للسبيطار بسب مرض خطير...تكرفصنا فالسبيطار","Donation : https://www.paypal.me/walomaydi3 FOLLOW ME : INSTAGRAM : @khalidlidlissi SNAPCHAT : Lidlissi Houssam Instagram : @houssam_kamil Mouad Instagram : mouad_aboukassim hicham vlog : https://www.youtube.com/channel/UCDqE3v15sCJj-wZmS_vJbGA","khalid lidlissi,dala,walomaydi3,maydi3 walo",23,Comedy,Lifestyle_(sociology),PT30M13S,1813,2d,hd,false,ar,ar,https://i.ytimg.com/vi/1O0liZ4oHzc/maxresdefault.jpg,1,,,,,3345119,210923,,0,14247
259,UCeuMT3QEwuCdRE8Tg58RCqg,"Khalid Lidlissi & Dala",FxmxyPFAtTU,2019-06-21T16:53:34Z,"2019-06-21 16:53:34","خطب ليا لواليد كاورية😂...دوزنا أحسن تجربة فحياتنا!!!","Donation : https://www.paypal.me/walomaydi3 Zakaria Habbad : http://bit.ly/2KrE8ua Sponsored by ; ayoub excursion INSTAGRAM : @ayouboune FOLLOW ME : INSTAGRAM : @khalidlidlissi SNAPCHAT : Lidlissi","khalid lidlissi,lidlissi,dala,walo maydi3,maydi3 walo,سعد لمجرد,Njibek Njibek,الجالية المغربية:,المغرب,القاهرة",23,Comedy,"Lifestyle_(sociology),Tourism",PT19M15S,1155,2d,hd,false,ar,ar,https://i.ytimg.com/vi/FxmxyPFAtTU/maxresdefault.jpg,,,,,,1672827,93006,,0,1777
260,UCeuMT3QEwuCdRE8Tg58RCqg,"Khalid Lidlissi & Dala",xv9Dahq30gU,2019-06-14T15:43:34Z,"2019-06-14 15:43:34","درنا احمق غذاء وسط البحر...ولواليد سخف !!!","Donation : https://www.paypal.me/walomaydi3 surfi m3ana : http://bit.ly/2FazWgX Zakaria Habbad : http://bit.ly/2KrE8ua FOLLOW ME : INSTAGRAM : @khalidlidlissi SNAPCHAT : Lidlissi Houssam Instagram : @houssam_kamil Mouad Instagram : mouad_aboukassim hicham vlog:https://www.youtube.com/channel/UCDqE3v15sCJj-wZmS_vJbGA","khalid lidlissi,dala,walo maydi3,حلوفة,سعد لمجرد,Teaser,طراكس",23,Comedy,"Lifestyle_(sociology),Tourism",PT25M10S,1510,2d,hd,false,ar,ar,https://i.ytimg.com/vi/xv9Dahq30gU/maxresdefault.jpg,1,,,,,1109781,62485,,0,1599
261,UCeuMT3QEwuCdRE8Tg58RCqg,"Khalid Lidlissi & Dala",Onl4pW_I5cE,2019-05-10T16:56:12Z,"2019-05-10 16:56:12","لعبت أحمق لعبة مع الوليد SCREAM GO HERO","Donation : https://www.paypal.me/walomaydi3 INSTAGRAM : @khalidlidlissi ►For Business Inquiries: lidlissiwork@gmail.com إشعار","سيتكوم البوي,#رمضان2019,حديدان عند الفراعنة,لحلقة 03,الماضي لا يموت,Al Madi La Yamoute,Dounia Douara,khalid,khalid lidlissi,dala,dala o sala,walo maydi3,maydi3 walo,lidlissi",23,Comedy,,PT14M42S,882,2d,hd,false,ar,ar,https://i.ytimg.com/vi/Onl4pW_I5cE/maxresdefault.jpg,1,,,,,511957,45437,,0,1037
262,UCeuMT3QEwuCdRE8Tg58RCqg,"Khalid Lidlissi & Dala",UqH_nbBB6cs,2019-05-04T16:20:41Z,"2019-05-04 16:20:41","تلاقيت معاكوم فمكناس...شوفو شنو دار لواليد فالراديو لموت ديال ضحك","Donation : https://www.paypal.me/walomaydi3 Abdessamad Vlogs : https://www.youtube.com/watch?v=wlCKvsLxzmw Follow Me On : Instagram : @khalidlidlissi Snap : Lidlissi ►For Business Inquiries: lidlissiwork@gmail.com","khalid,khalid lidlissi,dala,walo maydi3,z3itra,دنیا بوطازوت,7-TOUN,SAMHINI,MAESTRO,Halala,ملـ ـخص مبـ ــاراة برشلونة و ليفربول,Le360.ma,الشيخة تراكس,Dhurata Dora,Soolking,Zemër,نيبا",23,Comedy,,PT11M21S,681,2d,hd,false,ar,ar,https://i.ytimg.com/vi/UqH_nbBB6cs/maxresdefault.jpg,1,,,,,558967,45202,,0,971
263,UCeuMT3QEwuCdRE8Tg58RCqg,"Khalid Lidlissi & Dala",-hsIJHt5rls,2019-04-27T17:10:29Z,"2019-04-27 17:10:29","لوليد تزعط لينا فالكاوريات...لموت ديال الضحك","Donation : https://www.paypal.me/walomaydi3 Abdessamad Vlogs : https://youtu.be/tquyN1Aj0nU Follow Me On : Instagram : @khalidlidlissi Snap : Lidlissi ►For Business Inquiries: lidlissiwork@gmail.com Sponsored by ; ayoub excursion ► https://m.facebook.com/ExcursionAyoub/?tsid=0.4877001184587535&source=result","khalid,khalid lidlissi,dala,dala osala,niba moro,dimon,dezzy,walo maydi3,maydi3walo,aqua park agadir,taghazot",23,Comedy,"Lifestyle_(sociology),Tourism",PT15M1S,901,2d,hd,false,ar,ar,https://i.ytimg.com/vi/-hsIJHt5rls/maxresdefault.jpg,,,,,,1541782,95133,,0,1904
264,UCeuMT3QEwuCdRE8Tg58RCqg,"Khalid Lidlissi & Dala",ZipWM0w0ZuE,2019-04-19T17:10:45Z,"2019-04-19 17:10:45","دوزنا احمق نهار فحياتنا...شوفو ردة فعل لوليد فاش ركب الكواض parte: 1","Donation : https://www.paypal.me/walomaydi3 INSTAGRAM : @khalidlidlissi DIRECTED BY : https://www.instagram.com/abdellah_filmmaking/ Sponsored by ; ayoub excursion ► https://m.facebook.com/ExcursionAyoub/?tsid=0.4877001184587535&source=result","khalid lidlissi,walo maydi3,dala,dala o sala,moro,demon,toto,bidaoui,elgrande toto,رشيد شو,Farid Ghannam,Belgana,التجنيد الإستحـ ـماري لولاد الشعب,التجنيد الاجباري,الخدمة العسكرية,Hatim Ammor,Bla 3onwane",23,Comedy,Lifestyle_(sociology),PT13M57S,837,2d,hd,false,ar,ar,https://i.ytimg.com/vi/ZipWM0w0ZuE/maxresdefault.jpg,1,,,,,752164,55671,,0,1193
265,UCeuMT3QEwuCdRE8Tg58RCqg,"Khalid Lidlissi & Dala",KNfTYl04FJM,2019-03-31T16:38:43Z,"2019-03-31 16:38:43","أحمق تحدي اللمس مع أبي 😂","Donation : https://www.paypal.me/walomaydi3 Aziz : https://www.youtube.com/azizlakbiche INSTAGRAM : @khalidlidlissi ►For Business Inquiries: lidlissiwork@gmail.com","تحدي اللمس,ابي,khalid idrissi,lidrissi,walo maydi3",23,Comedy,Lifestyle_(sociology),PT15M33S,933,2d,hd,false,fr,ar,https://i.ytimg.com/vi/KNfTYl04FJM/maxresdefault.jpg,,,,,,1733760,132588,,0,3279
266,UCeuMT3QEwuCdRE8Tg58RCqg,"Khalid Lidlissi & Dala",X28Haq3znYY,2019-02-19T18:59:09Z,"2019-02-19 18:59:09","احمق تحدي لو خيروك مع ابي هههه شربت الصابون","Donation : https://www.paypal.me/walomaydi3 ►For Business Inquiries: lidlissiwork@gmail.com FOLLOW ME : INSTAGRAM : @khalidlidlissi SNAPCHAT : Lidlissi Houssam Instagram : @houssam_kamil Mouad Instagram : mouad_aboukassim","khalid lidlissi,walo maydi3,law khayarok,ta7adi,ta7adiyat,تحديات",23,Comedy,Lifestyle_(sociology),PT13M11S,791,2d,hd,false,ar,ar,https://i.ytimg.com/vi/X28Haq3znYY/maxresdefault.jpg,1,,,,,881587,86351,,0,2682
267,UCeuMT3QEwuCdRE8Tg58RCqg,"Khalid Lidlissi & Dala",tQ4rBkiDu38,2019-02-08T21:58:23Z,"2019-02-08 21:58:23","عمنا في ابرد منطقة .. الموت ديال البرد 😬","Donation : https://www.paypal.me/walomaydi3 ►For Business Inquiries: lidlissiwork@gmail.com FOLLOW ME : INSTAGRAM : @khalidlidlissi SNAPCHAT : Lidlissi Houssam Instagram : @houssam_kamil Mouad Instagram : mouad_aboukassim","khalid lidlissi,walo maydi3,jamal alpha,dala w sala,niba,walid,prank,rango,khalid",23,Comedy,"Lifestyle_(sociology),Tourism",PT13M27S,807,2d,hd,false,ar,ar,https://i.ytimg.com/vi/tQ4rBkiDu38/maxresdefault.jpg,1,,,,,1195497,69289,,0,1578
268,UCeuMT3QEwuCdRE8Tg58RCqg,"Khalid Lidlissi & Dala",7tntHS71Iqg,2019-01-25T19:38:26Z,"2019-01-25 19:38:26","أخطر مغامرة في جبال الاطلس مع أبي ... الواليد كان غايموت بالبرد 😬","⭕️ Donation : https://www.paypal.me/walomaydi3 Facebook : www.facebook.com/Hamza.Rebel.Aga Gmail : hamza.echabaki97@gmail.com num : +2120681339 ⭕️ FOLLOW ME : ►INSTAGRAM : @khalidlidlissi ►SNAPCHAT : Lidlissi Houssam Instagram : @houssam_kamil Mouad Instagram : mouad_aboukassim","lidlissi,khalid lidlissi,vlogger,walo maydi3,مغامرة,جبال,المغرب,morocco,dala,don,don big,big,dros,الاستاد المعجزة,منيار,sari,sari cool,hacharat,cafe anwar farhat",23,Comedy,"Hobby,Lifestyle_(sociology),Tourism",PT25M3S,1503,2d,hd,false,ar,ar,https://i.ytimg.com/vi/7tntHS71Iqg/maxresdefault.jpg,1,,,,,748217,46534,,0,2231
269,UCeuMT3QEwuCdRE8Tg58RCqg,"Khalid Lidlissi & Dala",FzKomLsuFQk,2019-01-13T17:13:05Z,"2019-01-13 17:13:05","مقلب الخمر في ابي هههه الموت ديال الضحك 😂","⭕️ Donation : https://www.paypal.me/walomaydi3 ⭕️ FOLLOW ME : ►INSTAGRAM : @khalidlidlissi ►SNAPCHAT : Lidlissi Houssam Instagram : @houssam_kamil Mouad Instagram : mouad_aboukassim ►For Business Inquiries: lidlissiwork@gmail.com","soussi vlogs,lidlissi,walo maydi3,lkhamr,ma9lab lkhamr,dala,مقلب الخمر,الشراب,dala&lidlissi,khalid,dizy,dros,lbig,doon",23,Comedy,Lifestyle_(sociology),PT10M16S,616,2d,hd,false,ar,ar,https://i.ytimg.com/vi/FzKomLsuFQk/maxresdefault.jpg,1,,,,,3664456,187660,,0,5357
270,UCeuMT3QEwuCdRE8Tg58RCqg,"Khalid Lidlissi & Dala",gDdOkH7RaD0,2019-01-04T19:28:16Z,"2019-01-04 19:28:16","احمق هدية راس السنة لأبي...توصلت بالدرع الفضي","⭕️ Donation : https://www.paypal.me/walomaydi3 ⭕️ FOLLOW ME : ►INSTAGRAM : @khalidlidlissi ►SNAPCHAT : Lidlissi Houssam Instagram : @houssam_kamil Mouad Instagram : mouad_aboukassim ►For Business Inquiries: lidlissiwork@gmail.com","khalid lidlissi,الدرع الفضي,walo maydi3,dala,lidlissi,khalid,aydi3 walo,niba,حلوة راس السنة,راس السنة,2019,راس السنة2019,مراكش,faysal vlog,vlog,7liwa,Moutanabbi,dizzy dros,dros,DROS",23,Comedy,Lifestyle_(sociology),PT12M1S,721,2d,hd,false,ar,ar,https://i.ytimg.com/vi/gDdOkH7RaD0/maxresdefault.jpg,1,,,,,1171838,96890,,0,2610
271,UCeuMT3QEwuCdRE8Tg58RCqg,"Khalid Lidlissi & Dala",MMf3weBkcU8,2018-12-25T17:21:10Z,"2018-12-25 17:21:10","أحمق تحدي المارشملو مع أبي 😂","⭕️ Donation : https://www.paypal.me/walomaydi3 ⭕️ FOLLOW ME : ►INSTAGRAM : @khalidlidlissi ►SNAPCHAT : Lidlissi ►For Business Inquiries: lidlissiwork@gmail.com","walo maydi3,don bigg,challenges,7liwa,170kg,lidlissi,dala,المارشملو,khalid lidlissi,bigg,klach,امليل,الفتاتين الدنمركيتين",23,Comedy,"Food,Lifestyle_(sociology)",PT6M23S,383,2d,hd,false,ar,ar,https://i.ytimg.com/vi/MMf3weBkcU8/maxresdefault.jpg,1,,,,,703121,60620,,0,2705
272,UCeuMT3QEwuCdRE8Tg58RCqg,"Khalid Lidlissi & Dala",LYoW8-Ew0nw,2018-12-16T19:36:01Z,"2018-12-16 19:36:01","دخلت مع ابي الى قصر مهجور ...شوفو شنو وقع","Donation : https://www.paypal.me/walomaydi3 ⭕️ Mostafa idmachiche https://bit.ly/3hi2G9g ⭕️ Hicham Vlog https://www.youtube.com/watch?v=KPmNKbLiENY ⭕️ FOLLOW ME : ►INSTAGRAM : @khalidlidlissi ►SNAPCHAT : Lidlissi ►For Business Inquiries: lidlissiwork@gmail.com ⭕️instagram : houssam_kamil ⭕️instagram : mouad_aboukassim","sari cool,dala,khalid,walo maydI3,khalid lidlissi,lidlissi,sala osala,sala,حقائق صادمة من أمام منزل راقي بركان,راقي بركان:,HAHOWA,أول مغربية ترد بقوة على مولات سترينغ صاحبة تخراج العينين,Ihab Amir,Bghit Ntir Yamma,niba,maydi3walo",23,Comedy,"Hobby,Lifestyle_(sociology)",PT18M21S,1101,2d,hd,false,ar,ar,https://i.ytimg.com/vi/LYoW8-Ew0nw/maxresdefault.jpg,1,,,,,1291159,84257,,0,2431
273,UCeuMT3QEwuCdRE8Tg58RCqg,"Khalid Lidlissi & Dala",awLntTlM0nY,2018-12-02T21:48:01Z,"2018-12-02 21:48:01","دخلنا اكبر مغارة في شمال افريقيا - كنا غنموتو -","Donation : https://www.paypal.me/walomaydi3 ⭕️ Mostafa idmachiche https://bit.ly/3hi2G9g ⭕️ Hicham Vlog https://bit.ly/3hi2G9g ⭕️ FOLLOW ME : ►INSTAGRAM : @khalidlidlissi ►SNAPCHAT : Lidlissi ►For Business Inquiries: lidlissiwork@gmail.com ⭕️ Mostafa idmachiche http://bit.ly/2U6A72Z ⭕️instagram : houssam_kamil","dala,zalo maydi3,khalid,lidlissi,lidlissi khalid,maydi3 zalo,snap,lidlissi snap,snap khalid,7liwa,jadid,2018,Fnaire,Dilbar Arabic,Nora Fatehi,Ihab Amir,غيت نطير ياما,إيهاب أمير,Bghit ntir yamma,Aymane Serhani,Ntiya Mon Koulchi,SEÑORITA,DJ HAMIDA",23,Comedy,"Hobby,Lifestyle_(sociology),Tourism",PT18M19S,1099,2d,hd,false,ar,ar,https://i.ytimg.com/vi/awLntTlM0nY/maxresdefault.jpg,1,,,,,924962,69545,,0,2832
274,UCeuMT3QEwuCdRE8Tg58RCqg,"Khalid Lidlissi & Dala",neLFT6Js0Q8,2018-11-24T19:03:57Z,"2018-11-24 19:03:57","دوزنا نهار حمق مع لواليد ... موت ديال الضحك 😂","Donation : https://www.paypal.me/walomaydi3 ⭕️ Mostafa idmachiche https://www.youtube.com/user/mostafageek ⭕️ FOLLOW ME : ►INSTAGRAM : @khalidlidlissi ►SNAPCHAT : Lidlissi ►For Business Inquiries: lidlissiwork@gmail.com ⭕️instagram : mouad_aboukassim ⭕️instagram : houssam_kamil","khalid,lidlissi,lidlissi khalid,dala,dala osala,w3itra,snap,ljadid,2018,snap khalid,khalid snap,walo maydi3,taha essou,faysal vlog,snap chat,Manal,ElGrandeToto,البشير السكيرج,البشير السكيرج يكشف تفاصيل وحقائق عن الفيديو المسرب,مسمن بالحليب,وفاة آبن الممثل طارق البخاري",23,Comedy,Lifestyle_(sociology),PT12M56S,776,2d,hd,false,ar,ar,https://i.ytimg.com/vi/neLFT6Js0Q8/maxresdefault.jpg,1,,,,,1793280,103344,,0,4455
275,UCeuMT3QEwuCdRE8Tg58RCqg,"Khalid Lidlissi & Dala",hWGAXu94xxA,2018-11-10T17:35:24Z,"2018-11-10 17:35:24","غرق ليا الوليد فالمسبح...كان غايموت","⭕️ Donation : https://www.paypal.me/walomaydi3 ⭕️ FOLLOW ME : ►INSTAGRAM : @khalidlidlissi ►SNAPCHAT : Lidlissi ►For Business Inquiries: lidlissiwork@gmail.com ⭕️ Hicham Vlog https://bit.ly/3hi2G9g ⭕️instagram : mouad_aboukassim ⭕️instagram : houssam_kamil ⭕️ instagram : hicham_vlog ⭕️ instagram : Stooph_madad","khalid lidlissi,dala,walo maydi3,dala owoldo,lidlissi,احمق اب,احمق اب في العالم,ظهورالاميرة سلمى,زوجة الملك محمد السادس,ظهورالاميرة سلمى زوجة الملك محمد السادس من جديد,دنيا بطمة:,دنيا بطمة: طايرة بالفرحة من بعد فضيحة النشيد الوطني,Soolking,Vroom Vroom,Soolking - Vroom Vroom,ماذا قالت الطفلة المغربية بطلة تحدي القراءة في استديو العربية,الطفلة المغربية بطلة تحدي القراءة,maydi3 walo,khalid,lidlissi khalid",23,Comedy,Lifestyle_(sociology),PT12M33S,753,2d,hd,false,en,ar,https://i.ytimg.com/vi/hWGAXu94xxA/maxresdefault.jpg,1,,,,,12261217,454366,,0,11243
276,UCeuMT3QEwuCdRE8Tg58RCqg,"Khalid Lidlissi & Dala",vvWjJVWxWVU,2018-11-03T18:39:35Z,"2018-11-03 18:39:35","1998 - 2018","⭕️ Donation : https://www.paypal.me/walomaydi3 ⭕️ Directed and Edited By Mostafa IDMACHICHE : https://www.youtube.com/user/mostafageek ⭕️ Hicham Vlog https://www.youtube.com/channel/UCDqE3v15sCJj-wZmS_vJbGA ⭕️ FOLLOW ME : ►INSTAGRAM : @khalidlidlissi ►SNAPCHAT : Lidlissi ►For Business Inquiries: lidlissiwork@gmail.com","عباقرة العرب,ضالة,خالد والو مايضيع,درون,كوميديا,نكت,فكاهة,كبور,عويشة,تاونات,تحدي القراءة العربي,mamayamama,dala,chaabi,kabor,مريم,طفلة مغربية,rai,مقالب مضحك,Maroc prank,التجنيد بالمغرب,التجنيد الاجباري,مقالب 2018,مقالب وطرائف عربية مضحكة,BS One",23,Comedy,,PT3M59S,239,2d,hd,false,en,ar,https://i.ytimg.com/vi/vvWjJVWxWVU/maxresdefault.jpg,,,,,,447060,47473,,0,2471
277,UCeuMT3QEwuCdRE8Tg58RCqg,"Khalid Lidlissi & Dala",nsY6HHtduVw,2018-10-27T19:30:18Z,"2018-10-27 19:30:18","سولتوني جاوبتكوم أنا و الوليد ديالي ... الوليد صدق كايدوي 6 داللغات 😂","Donation : https://www.paypal.me/walomaydi3 Follow Me On : Instagram : @khalidlidlissi Snap : Lidlissi ►For Business Inquiries: lidlissiwork@gmail.com","q&a,swltoni jawbtkom,lidlissi,khalid lidlissi snapchat,lwalid dyal khalid lidlissi,walo maydi3,walo maydi3 o lwalid dyalo,khalid lidlissi q&a,q and a,dala",23,Comedy,,PT8M35S,515,2d,hd,false,ar,ar,https://i.ytimg.com/vi/nsY6HHtduVw/maxresdefault.jpg,1,,,,,1718841,127104,,0,4218
278,UCeuMT3QEwuCdRE8Tg58RCqg,"Khalid Lidlissi & Dala",62CDX1OoW0Q,2018-10-14T18:36:03Z,"2018-10-14 18:36:03","تحدي أكل الدود مع أبي خخخخ الهربة","⭕️ Donation : https://www.paypal.me/walomaydi3 ⭕️ FOLLOW ME : ►INSTAGRAM : @khalidlidlissi ►SNAPCHAT : Lidlissi ►For Business Inquiries: lidlissiwork@gmail.com","khalid lidlissi,khalid w bah,walo maydi3,lidlissi snap,lidlissi instagram,khalid lidlissi story",23,Comedy,Lifestyle_(sociology),PT11M24S,684,2d,hd,false,ar,ar,https://i.ytimg.com/vi/62CDX1OoW0Q/maxresdefault.jpg,1,,,,,1095255,58417,,0,2995
279,UCeuMT3QEwuCdRE8Tg58RCqg,"Khalid Lidlissi & Dala",U8ouXgnX_WU,2018-10-03T22:00:58Z,"2018-10-03 22:00:58","أحمق رحلة صيد مع أبي ههه الهربة","⭕️ Donation : https://www.paypal.me/walomaydi3 ⭕️ FOLLOW ME : ►INSTAGRAM : @khalidlidlissi ►SNAPCHAT : Lidlissi ►For Business Inquiries: lidlissiwork@gmail.com ⭕️ For business inquiry : lidlissiwork@gmail.com","khalid lidlissi,lidlissi,walo maydi3,dala,walo maydi3 w bah,3alam,Tflow YAK ADNYA,Tflow,YAK ADNYA,رحلة صيد,أحمق,الهربة,lidlissi khalid,taha essou,vlog,vlogs,maroc,2018,anoua farhat l9raya,anouar farhat zhomax",23,Comedy,"Hobby,Lifestyle_(sociology),Tourism",PT15M19S,919,2d,hd,false,ar,ar,https://i.ytimg.com/vi/U8ouXgnX_WU/maxresdefault.jpg,1,,,,,3085590,174223,,0,4361
280,UCeuMT3QEwuCdRE8Tg58RCqg,"Khalid Lidlissi & Dala",bjUWuyYbPV4,2018-09-28T20:10:43Z,"2018-09-28 20:10:43","أحمق سفر الى مراكش !!","⭕️ Donation : https://www.paypal.me/walomaydi3 ⭕️ FOLLOW ME : ►INSTAGRAM : @khalidlidlissi ►SNAPCHAT : Lidlissi ⭕️ For business inquiry : lidlissiwork@gmail.com","lidlissi,dala,khaled walou maydi 3,walo maydi3,khalid walo maydi3,khalid lidlissi,vlog,vlogger,marrakech,marrakech du rire,vlog marrakech,lmnara,مراكش,jamal alpha,ريم ضاهر,سلطانة,حياة مرات نيبا,simo daher videos,نور الدين نيبا المراكشي,فيديو سيمو ضاهر",23,Comedy,"Lifestyle_(sociology),Tourism",PT10M1S,601,2d,hd,false,en,ar,https://i.ytimg.com/vi/bjUWuyYbPV4/maxresdefault.jpg,1,,,,,1029000,65570,,0,1614
281,UCeuMT3QEwuCdRE8Tg58RCqg,"Khalid Lidlissi & Dala",mYfcPpchBjk,2018-09-22T19:14:15Z,"2018-09-22 19:14:15","أحمق أسئلة و أجوبة مع أبي ... الموت ديال الضحك 😂","⭕️ Donation : https://www.paypal.me/walomaydi3 ⭕️ FOLLOW ME : ►INSTAGRAM : @khalidlidlissi ►SNAPCHAT : Lidlissi ⭕️ For business inquiry : lidlissiwork@gmail.com","مقلب مضحك,مقلب خطير,مقلب,مقلب وفكرة,مقلب مغربي,مقالب,مقالب وتحديات,مقالب وطرائف,مقالب وضحك,مقالب وطرائف عربية مضحكة جد,مقالب مضحك,مقالب مغربية,مقالب كوميدي,BS One,مقالب في الشارع,Dahk,Maroc prank,شاب مغربي,مقالب 2018,ردة فعل المغاربة,التجنيد الاجباري,التجنيد الاجباري في المغرب 2018,التجنيد الإجباري في المغرب,التجنيد العسكري,العسكريالتجنيد الإجباري بالمغرب,التجنيد في المغرب,التجنيد الاجباري في المغرب للبنات,التجنيد بالمغرب,التجنيد الاجباري dahk",23,Comedy,,PT10M40S,640,2d,hd,false,ar,ar,https://i.ytimg.com/vi/mYfcPpchBjk/maxresdefault.jpg,1,,,,,1558668,153262,,0,5637
282,UCeuMT3QEwuCdRE8Tg58RCqg,"Khalid Lidlissi & Dala",aEot1518DZY,2018-09-20T00:37:34Z,"2018-09-20 00:37:34","تحدي طاكوس مع أطرف أب في العالم ... الموت ديال الضحك ههههه","⭕️ FOLLOW ME : ►INSTAGRAM : @khalidlidlissi ►SNAPCHAT : Lidlissi ⭕️ For business inquiry : lidlissiwork@gmail.com","tacos,challenge,tacos challenge,taha essou,moroccan dolphin,البحرالابيض المتوسط,تلاقينا الدلفين المغربي,طه ايسو,vlog taha essou,moroccan vlogger,دلفين,martil,cabo negro,dauphin marocain,north of morocco,nord du maroc,vlog maroc,morocco vlog,walo maydi3,lidlissi,botato,anas bennis,تحدي طاكوس,الطاكوس,تاكوس",23,Comedy,Food,PT2M52S,172,2d,hd,false,ar,ar,https://i.ytimg.com/vi/aEot1518DZY/maxresdefault.jpg,1,,,,,3804114,253191,,0,4011
283,UCeuMT3QEwuCdRE8Tg58RCqg,"Khalid Lidlissi & Dala",UFt8j-cfdsg,2018-09-16T01:30:46Z,"2018-09-16 01:30:46","يوم جميل مع أطرف أب في العالم ... الموت ديال الضحك ههههه","Donation : https://www.paypal.me/walomaydi3 Follow Me On : Instagram : @khalidlidlissi Snap : Lidlissi Houssam Instagram : @houssam_kamil Mouad Instagram : mouad_aboukassim","lidlissi,khalid lidlissi,snap khalid,walo maydi3,sari cool,vlog,vlogs,taha essou,fayssal vlog,Soolking,africa,jungle,dalida,urbaine",23,Comedy,Lifestyle_(sociology),PT12M40S,760,2d,hd,false,ar,ar,https://i.ytimg.com/vi/UFt8j-cfdsg/maxresdefault.jpg,1,,,,,2199187,141365,,0,4433
284,UCeuMT3QEwuCdRE8Tg58RCqg,"Khalid Lidlissi & Dala",aU_QDdTcxsI,2018-09-11T19:15:42Z,"2018-09-11 19:15:42","الضحك ديال البناية !! 😱😰","لي عجبو الفيديو يبارطاجيه مع صحابو و متنساوش جيم للفيديو وابوني للقنات باش يوصلكوم الجديد ديالي وخليو كمنطير زوين للتشجيع ✌💕 Follow Me On : Instagram : @khalidlidlissi Snap : Lidlissi Houssam Instagram : @houssam_kamil Mouad Instagram : mouad_aboukassim","khalid lidlissi,lidlissi,walo maydi3,vine,vin,BOUBA,BOTATO,bouzebal,doukoul lmdrassi,haytam alaoui,الضحك ديال البناية,الضحك ديال البنايا",23,Comedy,,PT1M2S,62,2d,hd,false,ar,ar,https://i.ytimg.com/vi/aU_QDdTcxsI/maxresdefault.jpg,1,,,,,634248,44153,,0,466
285,UCeuMT3QEwuCdRE8Tg58RCqg,"Khalid Lidlissi & Dala",OaqhQ2MnZbg,2018-08-30T23:16:27Z,"2018-08-30 23:16:27","اخطر سرقة : مافيا السطوح بالمغرب 😨","لي عجبو الفلوك يبارطاجيه مع صحابو و متنساوش جيم للفيديو وابوني للقنات باش يوصلكوم الجديد ديالي وخليو كمنطير زوين للتشجيع ✌💕 Follow Me On : Instagram : @khalidlidlissi Snap : Lidlissi Houssam Instagram : @houssam_kamil Mouad Instagram : mouad_aboukassim","walo maydi3,lidlissi,zouhair zahair,التجنيد الاجباري في المغرب,التجنيد الاجباري,CASABLANCA,sari9a,السرقة,zma9ndo7,HAYTAM ALAOUI,senpai,ayman senpai,BOTATO,hamrita,Adam Hamrita - GoléHom",23,Comedy,"Entertainment,Film",PT2M17S,137,2d,hd,false,ar,ar,https://i.ytimg.com/vi/OaqhQ2MnZbg/maxresdefault.jpg,,,,,,210041,14789,,0,338
286,UCeuMT3QEwuCdRE8Tg58RCqg,"Khalid Lidlissi & Dala",iC5VMpT0b-0,2018-06-18T15:42:41Z,"2018-06-18 15:42:41","فاش كاتنصح خوك الكبير وكاتجيبها فراسك","لي عجبو الفلوك يبارطاجيه مع صحابو و متنساوش جيم للفيديو وابوني باش يوصلكوم الجديد ديالي وخليو كمنطير زوين للتشجيع 💕 Follow Me On : Instagram : @khalidlidlissi Snap : Lidlissi Mouad Instagram : @mouad_aboukassim","فاش,خوك الكبير,walo maydi3,vine,vin,vins,vines,vlog,lidlissi,snap,alaoui,روسيا,maroc,كاتجيبها فراسك,فاش كتنصح خوك الكبير وكتجيبها فراسك,الموت ديال الضحك,المغرب وايران كاس العالم,المنتخب المغربي,كاس العالم 2018,في,كأس,العالم,فيديوهات,القط,الذي,سيخمن,مونديال,الحيوانات,الفن,هههه,روسيات,اجواء,العيد,خسارة,المنتخب,توقعات,اخيل,صحيحة,جديد,بين,حكم,المباراة,الرياضي,الإخبارية,شاهد,أخيل,تنبأ,وتوقع,المغرب",23,Comedy,"Entertainment,Film",PT1M24S,84,2d,hd,false,ar,ar,https://i.ytimg.com/vi/iC5VMpT0b-0/maxresdefault.jpg,1,,,,,642708,43201,,0,333
287,UCeuMT3QEwuCdRE8Tg58RCqg,"Khalid Lidlissi & Dala",EPBbzG-Rp3M,2018-06-16T15:26:01Z,"2018-06-16 15:26:01","VLOG #6 : اجواء العيد و خسارة المنتخب المغربي ... توقعات القط اخيل صحيحة","لي عجبو الفيديو يبارطاجيه مع صحابو و متنساوش جيم للفيديو وابوني باش يوصلكوم الجديد ديالي وخليو كمنطير زوين للتشجيع 💕 Follow Me On : Instagram : @khalidlidlissi Snap : Lidlissi Houssam Instagram : @houssam_kamil Mouad Instagram : @mouad_aboukassim hello family :@youssef_outgoudar","اخيل,القط اخيل,صحيحة,taha essou,توقعات القط اخيل,العيد,اجواء العيد,خسارة المنتخب,المنتخب المغربي,روسيا,vlogs,russia,cup,walo maydi3,vlog nhar l3id,vlogger,ماذا قال الثعلب,akhil,lid",23,Comedy,Lifestyle_(sociology),PT6M29S,389,2d,hd,false,ar,ar,https://i.ytimg.com/vi/EPBbzG-Rp3M/maxresdefault.jpg,1,,,,,520823,30128,,0,339
288,UCeuMT3QEwuCdRE8Tg58RCqg,"Khalid Lidlissi & Dala",2lpXMpy90e8,2018-06-14T17:11:54Z,"2018-06-14 17:11:54","VLOG #5 : أفشل فطور رمضاني ... الموت ديال الضحك ههههه","لي عجبو الفيديو يبارطاجيه مع صحابو و متنساوش جيم للفيديو وابوني باش يوصلكوم الجديد ديالي وخليو كمنطير زوين للتشجيع 💕 Aziz Lakbiche : https://www.youtube.com/channel/UC4FqiFi4YHUXINS0Z1kcjCg","walo maydi3,فطور,أفشل,الموت ديال الضحك,هههه,vlog,vlogs,vlogger,فطور رمضاني,رمضان,russia,روسيا,youssef bouba,BOUBA,haytam alaoui,zma9ndo7,maroc,Hhhh,de7k,lmghrib",23,Comedy,"Hobby,Lifestyle_(sociology)",PT6M19S,379,2d,hd,false,ar,ar,https://i.ytimg.com/vi/2lpXMpy90e8/maxresdefault.jpg,1,,,,,1331929,62236,,0,726
289,UCeuMT3QEwuCdRE8Tg58RCqg,"Khalid Lidlissi & Dala",lBGwszJdUjA,2018-06-07T17:14:01Z,"2018-06-07 17:14:01","VLOG #4 : كنت غانغرق فرحلة صيد مع احمق لحية في العالم هههه .. الموت ديال الضحك","لي عجبو الفيديو يبارطاجيه مع صحابو و متنساوش جيم للفيديو وابوني باش يوصلكوم الجديد ديالي وخليو كمنطير زوين للتشجيع 💕 Aziz Lakbiche : https://www.youtube.com/channel/UC4FqiFi4YHUXINS0Z1kcjCg Hicham Vlogs : https://www.youtube.com/channel/UCDqE3v15sCJj-wZmS_vJbGA ACTVSHRH : https://www.youtube.com/channel/UCiPsHf83XV2yWXszuByeW-Q Follow Me On : Instagram : @khalidlidlissi Snap : Lidlissi Houssam Instagram : @houssam_kamil","khalid walo maydi3,walo maydi3,lidlissi,snapchat,maroc,رحلة صيد,لحية,احمق لحية في العالم,هههه,100k,haytam alaoui,youssef bouba,hicham moulay,الموت ديال الضحك,vlogs,vlog,vlogger,life,اش هاد العجب,تحديات,ramadan,fayssal vlogs,fayssal vlog,سامحيني,مغربي سافر لتركيا باش إلقا منزل سامحيني و منار",23,Comedy,"Hobby,Lifestyle_(sociology),Pet,Tourism",PT7M23S,443,2d,hd,false,ar,ar,https://i.ytimg.com/vi/lBGwszJdUjA/maxresdefault.jpg,1,,,,,558115,30777,,0,517
290,UCeuMT3QEwuCdRE8Tg58RCqg,"Khalid Lidlissi & Dala",j_i8ie5XXws,2018-06-05T18:25:14Z,"2018-06-05 18:25:14","VINE 3 : فاش كادوز الامتحانات وكايتسحاب ليك راسك نجحتي","لي عجبو الفيديو يبارطاجيه مع صحابو و متنساوش جيم للفيديو وابوني باش يوصلكوم الجديد ديالي وخليو كمنطير زوين للتشجيع 💕 : Hakeem Uness https://www.youtube.com/channel/UCetDg_bQeTTuQGTSORUNepg Follow Me On : Instagram : @khalidlidlissi Snap : Lidlissi Houssam Instagram : @houssam_kamil Hakeem Instagram : @Hakeem_Uness","الامتحانات,lbac,ljihawi,limti7anat,walo maydi3,khalid walo maydi3,simo sedraty,فاش,كايتسحاب ليك راسك,نجحتي,النتائج,الباك,bouba,ramadan,2018,vine,comidie",23,Comedy,,PT1M53S,113,2d,hd,false,ar,ar,https://i.ytimg.com/vi/j_i8ie5XXws/maxresdefault.jpg,1,,,,,286642,18029,,0,344
291,UCeuMT3QEwuCdRE8Tg58RCqg,"Khalid Lidlissi & Dala",aeN1e9eLBws,2018-05-20T16:02:10Z,"2018-05-20 16:02:10","تحدي 20 الف ابوني : اول مغربي كيسيق الطوبيس .. الموت ديال الضحك هههه","لي عجبو الفلوك يبارطاجيه مع صحابو و متنساوش جيم للفيديو وابوني باش يوصلكوم الجديد ديالي وخليو كمنطير زوين للتشجيع 💕 Hicham vlog : https://www.youtube.com/channel/UCDqE3v15sCJj-wZmS_vJbGA Aziz Lakbiche : https://www.youtube.com/channel/UC4FqiFi4YHUXINS0Z1kcjCg Follow Me On : Instagram : @khalidlidlissi Snap : Lidlissi Houssam Instagram : @houssam_kamil Mouad Instagram : @mouad_aboukassim Aziz Instagram : @azizlakbiche","تحدي,20 الف ابوني,الموت ديال الضحك,سيقت الطوبيس,الطوبيس,tobis,tobus,تحدي الضحك,تحديات,walo maydi3,khaled,lidlissi,والو ما يضيع,والو ميضيع,haytam alaoui,yousef bouba,BOUBA,zma9ndo7,vl",23,Comedy,"Hobby,Lifestyle_(sociology)",PT6M49S,409,2d,hd,false,ar,ar,https://i.ytimg.com/vi/aeN1e9eLBws/maxresdefault.jpg,1,,,,,800033,63663,,0,967
292,UCeuMT3QEwuCdRE8Tg58RCqg,"Khalid Lidlissi & Dala",wtpPc8nogQQ,2018-05-09T11:30:57Z,"2018-05-09 11:30:57","VLOG #3 ... جولة في احمق و اغرب سوق في العالم","لي عجبو الفلوك يبارطاجيه مع صحابو و متنساوش جيم للفيديو وابوني باش يوصلكوم الجديد ديالي وخليو كمنطير زوين للتشجيع 💕 Aziz Lakbiche : https://www.youtube.com/channel/UC4FqiFi4YHUXINS0Z1kcjCg Follow Me On : Instagram : @khalidlidlissi Snap : Lidlissi Houssam Instagram : @houssam_kamil Aziz Instagram : @azizlakbiche Snap : azizlakbiche","walo maydi3,والو ميضيع,خالد,مايضيع,vlog,vlogs,maroc,كنت غانقتل صاحبي,اغرب سوق في العالم,vlogger,haytam alaoui,yousef bouba,moroccan vlogger,khalid lidlissi,khaled,walo may di3,القنص,ا",23,Comedy,Lifestyle_(sociology),PT6M33S,393,2d,hd,false,ar,ar,https://i.ytimg.com/vi/wtpPc8nogQQ/maxresdefault.jpg,1,,,,,450403,25261,,0,691
293,UCeuMT3QEwuCdRE8Tg58RCqg,"Khalid Lidlissi & Dala",VYpztp3EzqU,2018-05-08T22:13:23Z,"2018-05-08 22:13:23","Diffusion en direct de Khalid Lidlissi",,,23,Comedy,,P0D,0,2d,sd,false,fr,ar,https://i.ytimg.com/vi/VYpztp3EzqU/maxresdefault_live.jpg,,,,,,0,0,,0,0
294,UCeuMT3QEwuCdRE8Tg58RCqg,"Khalid Lidlissi & Dala",2iLHmQLlCPg,2018-04-29T22:21:01Z,"2018-04-29 22:21:01","VLOG #2 : وكلت لعشراني الدود .. وكنت غانغرق فالرمال المتحركة","لي عجبو الفلوك يبارطاجيه مع صحابو و متنساوش جيم للفيديو وابوني للقنات باش يوصلكوم الجديد ديالي وخليو كمنطير زوين للتشجيع ✌💕 Aziz Lakbiche : https://www.youtube.com/channel/UC4FqiFi4YHUXINS0Z1kcjCg Follow Me On : Instagram : @khalidlidlissi Snap : Lidlissi Houssam Instagram : @houssam_kamil","khalid walo maydi3,khalid lidlissi,lidlissi,vlog,vlogs,haytam alaoui,bouba,zma9ndo7,yousef bouba,والو ما يضيع,الهربة,اوكلت لعشراني الدود,الرمال المتحركة,maroc,mo9ati3on,شاهد برلماني يقو",23,Comedy,Lifestyle_(sociology),PT11M1S,661,2d,hd,false,ar,ar,https://i.ytimg.com/vi/2iLHmQLlCPg/maxresdefault.jpg,1,,,,,1404700,77483,,0,1533
295,UCeuMT3QEwuCdRE8Tg58RCqg,"Khalid Lidlissi & Dala",ECvfgZShrIY,2018-02-20T22:52:12Z,"2018-02-20 22:52:12","احمق فاين على المنحة موت ديال الضحك","يحتوي هذا الفيديو على مشاهد تمثيلية من طرف فريق العمل ( التذخين / الكحول ) ماهي الا مشاهد غير حقيقية snap : lidlissi","walo maydi3,lminha,المنحة,khalid,khalid lidlissi,z3itra,snap,snapstories,snapchat",22,"People & Blogs","Entertainment,Film",PT2M52S,172,2d,hd,false,ar,ar,https://i.ytimg.com/vi/ECvfgZShrIY/maxresdefault.jpg,1,,,,,380505,28584,,0,721
296,UCeuMT3QEwuCdRE8Tg58RCqg,"Khalid Lidlissi & Dala",w5ryEMlpLiM,2018-02-04T18:49:56Z,"2018-02-04 18:49:56","وضع ثقته في الحلاق .. أنظر ماذا حدث له !","Vine 1 .. Walo Maydi3 DIRECTED BY : Soufiane El Bekkouri & Dzyouba loops ID : 26243441 instagram ; khalidlidlissi","khalid lidlissi,lidlissi,walo maydi3",22,"People & Blogs",,PT2M14S,134,2d,hd,false,ar,ar,https://i.ytimg.com/vi/w5ryEMlpLiM/maxresdefault.jpg,1,,,,,877707,39898,,0,862
