Date,Contenu,Titre de la vidéo,Heure de publication de la vidéo,Durée,Pourcentage moyen de vidéo regardé (%)
2019-03-27, -Y2Q97SKRM4,STORY TIME | ☀️🥲أول تسافيرة بوحدي,"Jun 4, 2024",1426,0
2019-03-28, -Y2Q97SKRM4,STORY TIME | ☀️🥲أول تسافيرة بوحدي,"Jun 4, 2024",1426,0
2019-03-29, -Y2Q97SKRM4,STORY TIME | ☀️🥲أول تسافيرة بوحدي,"Jun 4, 2024",1426,0
2019-03-30, -Y2Q97SKRM4,STORY TIME | ☀️🥲أول تسافيرة بوحدي,"Jun 4, 2024",1426,0
2019-03-31, -Y2Q97SKRM4,STORY TIME | ☀️🥲أول تسافيرة بوحدي,"Jun 4, 2024",1426,0
2019-04-01, -Y2Q97SKRM4,STORY TIME | ☀️🥲أول تسافيرة بوحدي,"Jun 4, 2024",1426,0
2019-04-02, -Y2Q97SKRM4,STORY TIME | ☀️🥲أول تسافيرة بوحدي,"Jun 4, 2024",1426,0
2019-04-03, -Y2Q97SKRM4,STORY TIME | ☀️🥲أول تسافيرة بوحدي,"Jun 4, 2024",1426,0
2019-04-04, -Y2Q97SKRM4,STORY TIME | ☀️🥲أول تسافيرة بوحدي,"Jun 4, 2024",1426,0
2019-04-05, -Y2Q97SKRM4,STORY TIME | ☀️🥲أول تسافيرة بوحدي,"Jun 4, 2024",1426,0
2019-04-06, -Y2Q97SKRM4,STORY TIME | ☀️🥲أول تسافيرة بوحدي,"Jun 4, 2024",1426,0
2019-04-07, -Y2Q97SKRM4,STORY TIME | ☀️🥲أول تسافيرة بوحدي,"Jun 4, 2024",1426,0
2019-04-08, -Y2Q97SKRM4,STORY TIME | ☀️🥲أول تسافيرة بوحدي,"Jun 4, 2024",1426,0
2019-04-09, -Y2Q97SKRM4,STORY TIME | ☀️🥲أول تسافيرة بوحدي,"Jun 4, 2024",1426,0
2019-04-10, -Y2Q97SKRM4,STORY TIME | ☀️🥲أول تسافيرة بوحدي,"Jun 4, 2024",1426,0
2019-04-11, -Y2Q97SKRM4,STORY TIME | ☀️🥲أول تسافيرة بوحدي,"Jun 4, 2024",1426,0
2019-04-12, -Y2Q97SKRM4,STORY TIME | ☀️🥲أول تسافيرة بوحدي,"Jun 4, 2024",1426,0
2019-04-13, -Y2Q97SKRM4,STORY TIME | ☀️🥲أول تسافيرة بوحدي,"Jun 4, 2024",1426,0
2019-04-14, -Y2Q97SKRM4,STORY TIME | ☀️🥲أول تسافيرة بوحدي,"Jun 4, 2024",1426,0
2019-04-15, -Y2Q97SKRM4,STORY TIME | ☀️🥲أول تسافيرة بوحدي,"Jun 4, 2024",1426,0
2019-04-16, -Y2Q97SKRM4,STORY TIME | ☀️🥲أول تسافيرة بوحدي,"Jun 4, 2024",1426,0
2019-04-17, -Y2Q97SKRM4,STORY TIME | ☀️🥲أول تسافيرة بوحدي,"Jun 4, 2024",1426,0
2019-04-18, -Y2Q97SKRM4,STORY TIME | ☀️🥲أول تسافيرة بوحدي,"Jun 4, 2024",1426,0
2019-04-19, -Y2Q97SKRM4,STORY TIME | ☀️🥲أول تسافيرة بوحدي,"Jun 4, 2024",1426,0
2019-04-20, -Y2Q97SKRM4,STORY TIME | ☀️🥲أول تسافيرة بوحدي,"Jun 4, 2024",1426,0
2019-04-21, -Y2Q97SKRM4,STORY TIME | ☀️🥲أول تسافيرة بوحدي,"Jun 4, 2024",1426,0
2019-04-22, -Y2Q97SKRM4,STORY TIME | ☀️🥲أول تسافيرة بوحدي,"Jun 4, 2024",1426,0
2019-04-23, -Y2Q97SKRM4,STORY TIME | ☀️🥲أول تسافيرة بوحدي,"Jun 4, 2024",1426,0
2019-04-24, -Y2Q97SKRM4,STORY TIME | ☀️🥲أول تسافيرة بوحدي,"Jun 4, 2024",1426,0
2019-04-25, -Y2Q97SKRM4,STORY TIME | ☀️🥲أول تسافيرة بوحدي,"Jun 4, 2024",1426,0
2019-04-26, -Y2Q97SKRM4,STORY TIME | ☀️🥲أول تسافيرة بوحدي,"Jun 4, 2024",1426,0
2019-04-27, -Y2Q97SKRM4,STORY TIME | ☀️🥲أول تسافيرة بوحدي,"Jun 4, 2024",1426,0
2019-04-28, -Y2Q97SKRM4,STORY TIME | ☀️🥲أول تسافيرة بوحدي,"Jun 4, 2024",1426,0
2019-04-29, -Y2Q97SKRM4,STORY TIME | ☀️🥲أول تسافيرة بوحدي,"Jun 4, 2024",1426,0
2019-04-30, -Y2Q97SKRM4,STORY TIME | ☀️🥲أول تسافيرة بوحدي,"Jun 4, 2024",1426,0
2019-05-01, -Y2Q97SKRM4,STORY TIME | ☀️🥲أول تسافيرة بوحدي,"Jun 4, 2024",1426,0
2019-05-02, -Y2Q97SKRM4,STORY TIME | ☀️🥲أول تسافيرة بوحدي,"Jun 4, 2024",1426,0
2019-05-03, -Y2Q97SKRM4,STORY TIME | ☀️🥲أول تسافيرة بوحدي,"Jun 4, 2024",1426,0
2019-05-04, -Y2Q97SKRM4,STORY TIME | ☀️🥲أول تسافيرة بوحدي,"Jun 4, 2024",1426,0
2019-05-05, -Y2Q97SKRM4,STORY TIME | ☀️🥲أول تسافيرة بوحدي,"Jun 4, 2024",1426,0
2019-05-06, -Y2Q97SKRM4,STORY TIME | ☀️🥲أول تسافيرة بوحدي,"Jun 4, 2024",1426,0
2019-05-07, -Y2Q97SKRM4,STORY TIME | ☀️🥲أول تسافيرة بوحدي,"Jun 4, 2024",1426,0
2019-05-08, -Y2Q97SKRM4,STORY TIME | ☀️🥲أول تسافيرة بوحدي,"Jun 4, 2024",1426,0
2019-05-09, -Y2Q97SKRM4,STORY TIME | ☀️🥲أول تسافيرة بوحدي,"Jun 4, 2024",1426,0
2019-05-10, -Y2Q97SKRM4,STORY TIME | ☀️🥲أول تسافيرة بوحدي,"Jun 4, 2024",1426,0
2019-05-11, -Y2Q97SKRM4,STORY TIME | ☀️🥲أول تسافيرة بوحدي,"Jun 4, 2024",1426,0
2019-05-12, -Y2Q97SKRM4,STORY TIME | ☀️🥲أول تسافيرة بوحدي,"Jun 4, 2024",1426,0
2019-05-13, -Y2Q97SKRM4,STORY TIME | ☀️🥲أول تسافيرة بوحدي,"Jun 4, 2024",1426,0
2019-05-14, -Y2Q97SKRM4,STORY TIME | ☀️🥲أول تسافيرة بوحدي,"Jun 4, 2024",1426,0
2019-05-15, -Y2Q97SKRM4,STORY TIME | ☀️🥲أول تسافيرة بوحدي,"Jun 4, 2024",1426,0
2019-05-16, -Y2Q97SKRM4,STORY TIME | ☀️🥲أول تسافيرة بوحدي,"Jun 4, 2024",1426,0
2019-05-17, -Y2Q97SKRM4,STORY TIME | ☀️🥲أول تسافيرة بوحدي,"Jun 4, 2024",1426,0
2019-05-18, -Y2Q97SKRM4,STORY TIME | ☀️🥲أول تسافيرة بوحدي,"Jun 4, 2024",1426,0
2019-05-19, -Y2Q97SKRM4,STORY TIME | ☀️🥲أول تسافيرة بوحدي,"Jun 4, 2024",1426,0
2019-05-20, -Y2Q97SKRM4,STORY TIME | ☀️🥲أول تسافيرة بوحدي,"Jun 4, 2024",1426,0
2019-05-21, -Y2Q97SKRM4,STORY TIME | ☀️🥲أول تسافيرة بوحدي,"Jun 4, 2024",1426,0
2019-05-22, -Y2Q97SKRM4,STORY TIME | ☀️🥲أول تسافيرة بوحدي,"Jun 4, 2024",1426,0
2019-05-23, -Y2Q97SKRM4,STORY TIME | ☀️🥲أول تسافيرة بوحدي,"Jun 4, 2024",1426,0
2019-05-24, -Y2Q97SKRM4,STORY TIME | ☀️🥲أول تسافيرة بوحدي,"Jun 4, 2024",1426,0
2019-05-25, -Y2Q97SKRM4,STORY TIME | ☀️🥲أول تسافيرة بوحدي,"Jun 4, 2024",1426,0
2019-05-26, -Y2Q97SKRM4,STORY TIME | ☀️🥲أول تسافيرة بوحدي,"Jun 4, 2024",1426,0
2019-05-27, -Y2Q97SKRM4,STORY TIME | ☀️🥲أول تسافيرة بوحدي,"Jun 4, 2024",1426,0
2019-05-28, -Y2Q97SKRM4,STORY TIME | ☀️🥲أول تسافيرة بوحدي,"Jun 4, 2024",1426,0
2019-05-29, -Y2Q97SKRM4,STORY TIME | ☀️🥲أول تسافيرة بوحدي,"Jun 4, 2024",1426,0
2019-05-30, -Y2Q97SKRM4,STORY TIME | ☀️🥲أول تسافيرة بوحدي,"Jun 4, 2024",1426,0
2019-05-31, -Y2Q97SKRM4,STORY TIME | ☀️🥲أول تسافيرة بوحدي,"Jun 4, 2024",1426,0
2019-06-01, -Y2Q97SKRM4,STORY TIME | ☀️🥲أول تسافيرة بوحدي,"Jun 4, 2024",1426,0
2019-06-02, -Y2Q97SKRM4,STORY TIME | ☀️🥲أول تسافيرة بوحدي,"Jun 4, 2024",1426,0
2019-06-03, -Y2Q97SKRM4,STORY TIME | ☀️🥲أول تسافيرة بوحدي,"Jun 4, 2024",1426,0
2019-06-04, -Y2Q97SKRM4,STORY TIME | ☀️🥲أول تسافيرة بوحدي,"Jun 4, 2024",1426,0
2019-06-05, -Y2Q97SKRM4,STORY TIME | ☀️🥲أول تسافيرة بوحدي,"Jun 4, 2024",1426,0
2019-06-06, -Y2Q97SKRM4,STORY TIME | ☀️🥲أول تسافيرة بوحدي,"Jun 4, 2024",1426,0
2019-06-07, -Y2Q97SKRM4,STORY TIME | ☀️🥲أول تسافيرة بوحدي,"Jun 4, 2024",1426,0
2019-06-08, -Y2Q97SKRM4,STORY TIME | ☀️🥲أول تسافيرة بوحدي,"Jun 4, 2024",1426,0
2019-06-09, -Y2Q97SKRM4,STORY TIME | ☀️🥲أول تسافيرة بوحدي,"Jun 4, 2024",1426,0
2019-06-10, -Y2Q97SKRM4,STORY TIME | ☀️🥲أول تسافيرة بوحدي,"Jun 4, 2024",1426,0
2019-06-11, -Y2Q97SKRM4,STORY TIME | ☀️🥲أول تسافيرة بوحدي,"Jun 4, 2024",1426,0
2019-06-12, -Y2Q97SKRM4,STORY TIME | ☀️🥲أول تسافيرة بوحدي,"Jun 4, 2024",1426,0
2019-06-13, -Y2Q97SKRM4,STORY TIME | ☀️🥲أول تسافيرة بوحدي,"Jun 4, 2024",1426,0
2019-06-14, -Y2Q97SKRM4,STORY TIME | ☀️🥲أول تسافيرة بوحدي,"Jun 4, 2024",1426,0
2019-06-15, -Y2Q97SKRM4,STORY TIME | ☀️🥲أول تسافيرة بوحدي,"Jun 4, 2024",1426,0
2019-06-16, -Y2Q97SKRM4,STORY TIME | ☀️🥲أول تسافيرة بوحدي,"Jun 4, 2024",1426,0
2019-06-17, -Y2Q97SKRM4,STORY TIME | ☀️🥲أول تسافيرة بوحدي,"Jun 4, 2024",1426,0
2019-06-18, -Y2Q97SKRM4,STORY TIME | ☀️🥲أول تسافيرة بوحدي,"Jun 4, 2024",1426,0
2019-06-19, -Y2Q97SKRM4,STORY TIME | ☀️🥲أول تسافيرة بوحدي,"Jun 4, 2024",1426,0
2019-06-20, -Y2Q97SKRM4,STORY TIME | ☀️🥲أول تسافيرة بوحدي,"Jun 4, 2024",1426,0
2019-06-21, -Y2Q97SKRM4,STORY TIME | ☀️🥲أول تسافيرة بوحدي,"Jun 4, 2024",1426,0
2019-06-22, -Y2Q97SKRM4,STORY TIME | ☀️🥲أول تسافيرة بوحدي,"Jun 4, 2024",1426,0
2019-06-23, -Y2Q97SKRM4,STORY TIME | ☀️🥲أول تسافيرة بوحدي,"Jun 4, 2024",1426,0
2019-06-24, -Y2Q97SKRM4,STORY TIME | ☀️🥲أول تسافيرة بوحدي,"Jun 4, 2024",1426,0
2019-06-25, -Y2Q97SKRM4,STORY TIME | ☀️🥲أول تسافيرة بوحدي,"Jun 4, 2024",1426,0
2019-06-26, -Y2Q97SKRM4,STORY TIME | ☀️🥲أول تسافيرة بوحدي,"Jun 4, 2024",1426,0
2019-06-27, -Y2Q97SKRM4,STORY TIME | ☀️🥲أول تسافيرة بوحدي,"Jun 4, 2024",1426,0
2019-06-28, -Y2Q97SKRM4,STORY TIME | ☀️🥲أول تسافيرة بوحدي,"Jun 4, 2024",1426,0
2019-06-29, -Y2Q97SKRM4,STORY TIME | ☀️🥲أول تسافيرة بوحدي,"Jun 4, 2024",1426,0
2019-06-30, -Y2Q97SKRM4,STORY TIME | ☀️🥲أول تسافيرة بوحدي,"Jun 4, 2024",1426,0
2019-07-01, -Y2Q97SKRM4,STORY TIME | ☀️🥲أول تسافيرة بوحدي,"Jun 4, 2024",1426,0
2019-07-02, -Y2Q97SKRM4,STORY TIME | ☀️🥲أول تسافيرة بوحدي,"Jun 4, 2024",1426,0
2019-07-03, -Y2Q97SKRM4,STORY TIME | ☀️🥲أول تسافيرة بوحدي,"Jun 4, 2024",1426,0
2019-07-04, -Y2Q97SKRM4,STORY TIME | ☀️🥲أول تسافيرة بوحدي,"Jun 4, 2024",1426,0
2019-07-05, -Y2Q97SKRM4,STORY TIME | ☀️🥲أول تسافيرة بوحدي,"Jun 4, 2024",1426,0
2019-07-06, -Y2Q97SKRM4,STORY TIME | ☀️🥲أول تسافيرة بوحدي,"Jun 4, 2024",1426,0
2019-07-07, -Y2Q97SKRM4,STORY TIME | ☀️🥲أول تسافيرة بوحدي,"Jun 4, 2024",1426,0
2019-07-08, -Y2Q97SKRM4,STORY TIME | ☀️🥲أول تسافيرة بوحدي,"Jun 4, 2024",1426,0
2019-07-09, -Y2Q97SKRM4,STORY TIME | ☀️🥲أول تسافيرة بوحدي,"Jun 4, 2024",1426,0
2019-07-10, -Y2Q97SKRM4,STORY TIME | ☀️🥲أول تسافيرة بوحدي,"Jun 4, 2024",1426,0
2019-07-11, -Y2Q97SKRM4,STORY TIME | ☀️🥲أول تسافيرة بوحدي,"Jun 4, 2024",1426,0
2019-07-12, -Y2Q97SKRM4,STORY TIME | ☀️🥲أول تسافيرة بوحدي,"Jun 4, 2024",1426,0
2019-07-13, -Y2Q97SKRM4,STORY TIME | ☀️🥲أول تسافيرة بوحدي,"Jun 4, 2024",1426,0
2019-07-14, -Y2Q97SKRM4,STORY TIME | ☀️🥲أول تسافيرة بوحدي,"Jun 4, 2024",1426,0
2019-07-15, -Y2Q97SKRM4,STORY TIME | ☀️🥲أول تسافيرة بوحدي,"Jun 4, 2024",1426,0
2019-07-16, -Y2Q97SKRM4,STORY TIME | ☀️🥲أول تسافيرة بوحدي,"Jun 4, 2024",1426,0
2019-07-17, -Y2Q97SKRM4,STORY TIME | ☀️🥲أول تسافيرة بوحدي,"Jun 4, 2024",1426,0
2019-07-18, -Y2Q97SKRM4,STORY TIME | ☀️🥲أول تسافيرة بوحدي,"Jun 4, 2024",1426,0
2019-07-19, -Y2Q97SKRM4,STORY TIME | ☀️🥲أول تسافيرة بوحدي,"Jun 4, 2024",1426,0
2019-07-20, -Y2Q97SKRM4,STORY TIME | ☀️🥲أول تسافيرة بوحدي,"Jun 4, 2024",1426,0
2019-07-21, -Y2Q97SKRM4,STORY TIME | ☀️🥲أول تسافيرة بوحدي,"Jun 4, 2024",1426,0
2019-07-22, -Y2Q97SKRM4,STORY TIME | ☀️🥲أول تسافيرة بوحدي,"Jun 4, 2024",1426,0
2019-07-23, -Y2Q97SKRM4,STORY TIME | ☀️🥲أول تسافيرة بوحدي,"Jun 4, 2024",1426,0
2019-07-24, -Y2Q97SKRM4,STORY TIME | ☀️🥲أول تسافيرة بوحدي,"Jun 4, 2024",1426,0
2019-07-25, -Y2Q97SKRM4,STORY TIME | ☀️🥲أول تسافيرة بوحدي,"Jun 4, 2024",1426,0
2019-07-26, -Y2Q97SKRM4,STORY TIME | ☀️🥲أول تسافيرة بوحدي,"Jun 4, 2024",1426,0
2019-07-27, -Y2Q97SKRM4,STORY TIME | ☀️🥲أول تسافيرة بوحدي,"Jun 4, 2024",1426,0
2019-07-28, -Y2Q97SKRM4,STORY TIME | ☀️🥲أول تسافيرة بوحدي,"Jun 4, 2024",1426,0
2019-07-29, -Y2Q97SKRM4,STORY TIME | ☀️🥲أول تسافيرة بوحدي,"Jun 4, 2024",1426,0
2019-07-30, -Y2Q97SKRM4,STORY TIME | ☀️🥲أول تسافيرة بوحدي,"Jun 4, 2024",1426,0
2019-07-31, -Y2Q97SKRM4,STORY TIME | ☀️🥲أول تسافيرة بوحدي,"Jun 4, 2024",1426,0
2019-08-01, -Y2Q97SKRM4,STORY TIME | ☀️🥲أول تسافيرة بوحدي,"Jun 4, 2024",1426,0
2019-08-02, -Y2Q97SKRM4,STORY TIME | ☀️🥲أول تسافيرة بوحدي,"Jun 4, 2024",1426,0
2019-08-03, -Y2Q97SKRM4,STORY TIME | ☀️🥲أول تسافيرة بوحدي,"Jun 4, 2024",1426,0
2019-08-04, -Y2Q97SKRM4,STORY TIME | ☀️🥲أول تسافيرة بوحدي,"Jun 4, 2024",1426,0
2019-08-05, -Y2Q97SKRM4,STORY TIME | ☀️🥲أول تسافيرة بوحدي,"Jun 4, 2024",1426,0
2019-08-06, -Y2Q97SKRM4,STORY TIME | ☀️🥲أول تسافيرة بوحدي,"Jun 4, 2024",1426,0
2019-08-07, -Y2Q97SKRM4,STORY TIME | ☀️🥲أول تسافيرة بوحدي,"Jun 4, 2024",1426,0
2019-08-08, -Y2Q97SKRM4,STORY TIME | ☀️🥲أول تسافيرة بوحدي,"Jun 4, 2024",1426,0
2019-08-09, -Y2Q97SKRM4,STORY TIME | ☀️🥲أول تسافيرة بوحدي,"Jun 4, 2024",1426,0
2019-08-10, -Y2Q97SKRM4,STORY TIME | ☀️🥲أول تسافيرة بوحدي,"Jun 4, 2024",1426,0
2019-08-11, -Y2Q97SKRM4,STORY TIME | ☀️🥲أول تسافيرة بوحدي,"Jun 4, 2024",1426,0
2019-08-12, -Y2Q97SKRM4,STORY TIME | ☀️🥲أول تسافيرة بوحدي,"Jun 4, 2024",1426,0
2019-08-13, -Y2Q97SKRM4,STORY TIME | ☀️🥲أول تسافيرة بوحدي,"Jun 4, 2024",1426,0
2019-08-14, -Y2Q97SKRM4,STORY TIME | ☀️🥲أول تسافيرة بوحدي,"Jun 4, 2024",1426,0
2019-08-15, -Y2Q97SKRM4,STORY TIME | ☀️🥲أول تسافيرة بوحدي,"Jun 4, 2024",1426,0
2019-08-16, -Y2Q97SKRM4,STORY TIME | ☀️🥲أول تسافيرة بوحدي,"Jun 4, 2024",1426,0
2019-08-17, -Y2Q97SKRM4,STORY TIME | ☀️🥲أول تسافيرة بوحدي,"Jun 4, 2024",1426,0
2019-08-18, -Y2Q97SKRM4,STORY TIME | ☀️🥲أول تسافيرة بوحدي,"Jun 4, 2024",1426,0
2019-08-19, -Y2Q97SKRM4,STORY TIME | ☀️🥲أول تسافيرة بوحدي,"Jun 4, 2024",1426,0
2019-08-20, -Y2Q97SKRM4,STORY TIME | ☀️🥲أول تسافيرة بوحدي,"Jun 4, 2024",1426,0
2019-08-21, -Y2Q97SKRM4,STORY TIME | ☀️🥲أول تسافيرة بوحدي,"Jun 4, 2024",1426,0
2019-08-22, -Y2Q97SKRM4,STORY TIME | ☀️🥲أول تسافيرة بوحدي,"Jun 4, 2024",1426,0
2019-08-23, -Y2Q97SKRM4,STORY TIME | ☀️🥲أول تسافيرة بوحدي,"Jun 4, 2024",1426,0
2019-08-24, -Y2Q97SKRM4,STORY TIME | ☀️🥲أول تسافيرة بوحدي,"Jun 4, 2024",1426,0
2019-08-25, -Y2Q97SKRM4,STORY TIME | ☀️🥲أول تسافيرة بوحدي,"Jun 4, 2024",1426,0
2019-08-26, -Y2Q97SKRM4,STORY TIME | ☀️🥲أول تسافيرة بوحدي,"Jun 4, 2024",1426,0
2019-08-27, -Y2Q97SKRM4,STORY TIME | ☀️🥲أول تسافيرة بوحدي,"Jun 4, 2024",1426,0
2019-08-28, -Y2Q97SKRM4,STORY TIME | ☀️🥲أول تسافيرة بوحدي,"Jun 4, 2024",1426,0
2019-08-29, -Y2Q97SKRM4,STORY TIME | ☀️🥲أول تسافيرة بوحدي,"Jun 4, 2024",1426,0
2019-08-30, -Y2Q97SKRM4,STORY TIME | ☀️🥲أول تسافيرة بوحدي,"Jun 4, 2024",1426,0
2019-08-31, -Y2Q97SKRM4,STORY TIME | ☀️🥲أول تسافيرة بوحدي,"Jun 4, 2024",1426,0
2019-09-01, -Y2Q97SKRM4,STORY TIME | ☀️🥲أول تسافيرة بوحدي,"Jun 4, 2024",1426,0
2019-09-02, -Y2Q97SKRM4,STORY TIME | ☀️🥲أول تسافيرة بوحدي,"Jun 4, 2024",1426,0
2019-09-03, -Y2Q97SKRM4,STORY TIME | ☀️🥲أول تسافيرة بوحدي,"Jun 4, 2024",1426,0
2019-09-04, -Y2Q97SKRM4,STORY TIME | ☀️🥲أول تسافيرة بوحدي,"Jun 4, 2024",1426,0
2019-09-05, -Y2Q97SKRM4,STORY TIME | ☀️🥲أول تسافيرة بوحدي,"Jun 4, 2024",1426,0
2019-09-06, -Y2Q97SKRM4,STORY TIME | ☀️🥲أول تسافيرة بوحدي,"Jun 4, 2024",1426,0
2019-09-07, -Y2Q97SKRM4,STORY TIME | ☀️🥲أول تسافيرة بوحدي,"Jun 4, 2024",1426,0
2019-09-08, -Y2Q97SKRM4,STORY TIME | ☀️🥲أول تسافيرة بوحدي,"Jun 4, 2024",1426,0
2019-09-09, -Y2Q97SKRM4,STORY TIME | ☀️🥲أول تسافيرة بوحدي,"Jun 4, 2024",1426,0
2019-09-10, -Y2Q97SKRM4,STORY TIME | ☀️🥲أول تسافيرة بوحدي,"Jun 4, 2024",1426,0
2019-09-11, -Y2Q97SKRM4,STORY TIME | ☀️🥲أول تسافيرة بوحدي,"Jun 4, 2024",1426,0
2019-09-12, -Y2Q97SKRM4,STORY TIME | ☀️🥲أول تسافيرة بوحدي,"Jun 4, 2024",1426,0
2019-09-13, -Y2Q97SKRM4,STORY TIME | ☀️🥲أول تسافيرة بوحدي,"Jun 4, 2024",1426,0
2019-09-14, -Y2Q97SKRM4,STORY TIME | ☀️🥲أول تسافيرة بوحدي,"Jun 4, 2024",1426,0
2019-09-15, -Y2Q97SKRM4,STORY TIME | ☀️🥲أول تسافيرة بوحدي,"Jun 4, 2024",1426,0
2019-09-16, -Y2Q97SKRM4,STORY TIME | ☀️🥲أول تسافيرة بوحدي,"Jun 4, 2024",1426,0
2019-09-17, -Y2Q97SKRM4,STORY TIME | ☀️🥲أول تسافيرة بوحدي,"Jun 4, 2024",1426,0
2019-09-18, -Y2Q97SKRM4,STORY TIME | ☀️🥲أول تسافيرة بوحدي,"Jun 4, 2024",1426,0
2019-09-19, -Y2Q97SKRM4,STORY TIME | ☀️🥲أول تسافيرة بوحدي,"Jun 4, 2024",1426,0
2019-09-20, -Y2Q97SKRM4,STORY TIME | ☀️🥲أول تسافيرة بوحدي,"Jun 4, 2024",1426,0
2019-09-21, -Y2Q97SKRM4,STORY TIME | ☀️🥲أول تسافيرة بوحدي,"Jun 4, 2024",1426,0
2019-09-22, -Y2Q97SKRM4,STORY TIME | ☀️🥲أول تسافيرة بوحدي,"Jun 4, 2024",1426,0
2019-09-23, -Y2Q97SKRM4,STORY TIME | ☀️🥲أول تسافيرة بوحدي,"Jun 4, 2024",1426,0
2019-09-24, -Y2Q97SKRM4,STORY TIME | ☀️🥲أول تسافيرة بوحدي,"Jun 4, 2024",1426,0
2019-09-25, -Y2Q97SKRM4,STORY TIME | ☀️🥲أول تسافيرة بوحدي,"Jun 4, 2024",1426,0
2019-09-26, -Y2Q97SKRM4,STORY TIME | ☀️🥲أول تسافيرة بوحدي,"Jun 4, 2024",1426,0
2019-09-27, -Y2Q97SKRM4,STORY TIME | ☀️🥲أول تسافيرة بوحدي,"Jun 4, 2024",1426,0
2019-09-28, -Y2Q97SKRM4,STORY TIME | ☀️🥲أول تسافيرة بوحدي,"Jun 4, 2024",1426,0
2019-09-29, -Y2Q97SKRM4,STORY TIME | ☀️🥲أول تسافيرة بوحدي,"Jun 4, 2024",1426,0
2019-09-30, -Y2Q97SKRM4,STORY TIME | ☀️🥲أول تسافيرة بوحدي,"Jun 4, 2024",1426,0
2019-10-01, -Y2Q97SKRM4,STORY TIME | ☀️🥲أول تسافيرة بوحدي,"Jun 4, 2024",1426,0
2019-10-02, -Y2Q97SKRM4,STORY TIME | ☀️🥲أول تسافيرة بوحدي,"Jun 4, 2024",1426,0
2019-10-03, -Y2Q97SKRM4,STORY TIME | ☀️🥲أول تسافيرة بوحدي,"Jun 4, 2024",1426,0
2019-10-04, -Y2Q97SKRM4,STORY TIME | ☀️🥲أول تسافيرة بوحدي,"Jun 4, 2024",1426,0
2019-10-05, -Y2Q97SKRM4,STORY TIME | ☀️🥲أول تسافيرة بوحدي,"Jun 4, 2024",1426,0
2019-10-06, -Y2Q97SKRM4,STORY TIME | ☀️🥲أول تسافيرة بوحدي,"Jun 4, 2024",1426,0
2019-10-07, -Y2Q97SKRM4,STORY TIME | ☀️🥲أول تسافيرة بوحدي,"Jun 4, 2024",1426,0
2019-10-08, -Y2Q97SKRM4,STORY TIME | ☀️🥲أول تسافيرة بوحدي,"Jun 4, 2024",1426,0
2019-10-09, -Y2Q97SKRM4,STORY TIME | ☀️🥲أول تسافيرة بوحدي,"Jun 4, 2024",1426,0
2019-10-10, -Y2Q97SKRM4,STORY TIME | ☀️🥲أول تسافيرة بوحدي,"Jun 4, 2024",1426,0
2019-10-11, -Y2Q97SKRM4,STORY TIME | ☀️🥲أول تسافيرة بوحدي,"Jun 4, 2024",1426,0
2019-10-12, -Y2Q97SKRM4,STORY TIME | ☀️🥲أول تسافيرة بوحدي,"Jun 4, 2024",1426,0
2019-10-13, -Y2Q97SKRM4,STORY TIME | ☀️🥲أول تسافيرة بوحدي,"Jun 4, 2024",1426,0
2019-10-14, -Y2Q97SKRM4,STORY TIME | ☀️🥲أول تسافيرة بوحدي,"Jun 4, 2024",1426,0
2019-10-15, -Y2Q97SKRM4,STORY TIME | ☀️🥲أول تسافيرة بوحدي,"Jun 4, 2024",1426,0
2019-10-16, -Y2Q97SKRM4,STORY TIME | ☀️🥲أول تسافيرة بوحدي,"Jun 4, 2024",1426,0
2019-10-17, -Y2Q97SKRM4,STORY TIME | ☀️🥲أول تسافيرة بوحدي,"Jun 4, 2024",1426,0
2019-10-18, -Y2Q97SKRM4,STORY TIME | ☀️🥲أول تسافيرة بوحدي,"Jun 4, 2024",1426,0
2019-10-19, -Y2Q97SKRM4,STORY TIME | ☀️🥲أول تسافيرة بوحدي,"Jun 4, 2024",1426,0
2019-10-20, -Y2Q97SKRM4,STORY TIME | ☀️🥲أول تسافيرة بوحدي,"Jun 4, 2024",1426,0
2019-10-21, -Y2Q97SKRM4,STORY TIME | ☀️🥲أول تسافيرة بوحدي,"Jun 4, 2024",1426,0
2019-10-22, -Y2Q97SKRM4,STORY TIME | ☀️🥲أول تسافيرة بوحدي,"Jun 4, 2024",1426,0
2019-10-23, -Y2Q97SKRM4,STORY TIME | ☀️🥲أول تسافيرة بوحدي,"Jun 4, 2024",1426,0
2019-10-24, -Y2Q97SKRM4,STORY TIME | ☀️🥲أول تسافيرة بوحدي,"Jun 4, 2024",1426,0
2019-10-25, -Y2Q97SKRM4,STORY TIME | ☀️🥲أول تسافيرة بوحدي,"Jun 4, 2024",1426,0
2019-10-26, -Y2Q97SKRM4,STORY TIME | ☀️🥲أول تسافيرة بوحدي,"Jun 4, 2024",1426,0
2019-10-27, -Y2Q97SKRM4,STORY TIME | ☀️🥲أول تسافيرة بوحدي,"Jun 4, 2024",1426,0
2019-10-28, -Y2Q97SKRM4,STORY TIME | ☀️🥲أول تسافيرة بوحدي,"Jun 4, 2024",1426,0
2019-10-29, -Y2Q97SKRM4,STORY TIME | ☀️🥲أول تسافيرة بوحدي,"Jun 4, 2024",1426,0
2019-10-30, -Y2Q97SKRM4,STORY TIME | ☀️🥲أول تسافيرة بوحدي,"Jun 4, 2024",1426,0
2019-10-31, -Y2Q97SKRM4,STORY TIME | ☀️🥲أول تسافيرة بوحدي,"Jun 4, 2024",1426,0
2019-11-01, -Y2Q97SKRM4,STORY TIME | ☀️🥲أول تسافيرة بوحدي,"Jun 4, 2024",1426,0
2019-11-02, -Y2Q97SKRM4,STORY TIME | ☀️🥲أول تسافيرة بوحدي,"Jun 4, 2024",1426,0
2019-11-03, -Y2Q97SKRM4,STORY TIME | ☀️🥲أول تسافيرة بوحدي,"Jun 4, 2024",1426,0
2019-11-04, -Y2Q97SKRM4,STORY TIME | ☀️🥲أول تسافيرة بوحدي,"Jun 4, 2024",1426,0
2019-11-05, -Y2Q97SKRM4,STORY TIME | ☀️🥲أول تسافيرة بوحدي,"Jun 4, 2024",1426,0
2019-11-06, -Y2Q97SKRM4,STORY TIME | ☀️🥲أول تسافيرة بوحدي,"Jun 4, 2024",1426,0
2019-11-07, -Y2Q97SKRM4,STORY TIME | ☀️🥲أول تسافيرة بوحدي,"Jun 4, 2024",1426,0
2019-11-08, -Y2Q97SKRM4,STORY TIME | ☀️🥲أول تسافيرة بوحدي,"Jun 4, 2024",1426,0
2019-11-09, -Y2Q97SKRM4,STORY TIME | ☀️🥲أول تسافيرة بوحدي,"Jun 4, 2024",1426,0
2019-11-10, -Y2Q97SKRM4,STORY TIME | ☀️🥲أول تسافيرة بوحدي,"Jun 4, 2024",1426,0
2019-11-11, -Y2Q97SKRM4,STORY TIME | ☀️🥲أول تسافيرة بوحدي,"Jun 4, 2024",1426,0
2019-11-12, -Y2Q97SKRM4,STORY TIME | ☀️🥲أول تسافيرة بوحدي,"Jun 4, 2024",1426,0
2019-11-13, -Y2Q97SKRM4,STORY TIME | ☀️🥲أول تسافيرة بوحدي,"Jun 4, 2024",1426,0
2019-11-14, -Y2Q97SKRM4,STORY TIME | ☀️🥲أول تسافيرة بوحدي,"Jun 4, 2024",1426,0
2019-11-15, -Y2Q97SKRM4,STORY TIME | ☀️🥲أول تسافيرة بوحدي,"Jun 4, 2024",1426,0
2019-11-16, -Y2Q97SKRM4,STORY TIME | ☀️🥲أول تسافيرة بوحدي,"Jun 4, 2024",1426,0
2019-11-17, -Y2Q97SKRM4,STORY TIME | ☀️🥲أول تسافيرة بوحدي,"Jun 4, 2024",1426,0
2019-11-18, -Y2Q97SKRM4,STORY TIME | ☀️🥲أول تسافيرة بوحدي,"Jun 4, 2024",1426,0
2019-11-19, -Y2Q97SKRM4,STORY TIME | ☀️🥲أول تسافيرة بوحدي,"Jun 4, 2024",1426,0
2019-11-20, -Y2Q97SKRM4,STORY TIME | ☀️🥲أول تسافيرة بوحدي,"Jun 4, 2024",1426,0
2019-11-21, -Y2Q97SKRM4,STORY TIME | ☀️🥲أول تسافيرة بوحدي,"Jun 4, 2024",1426,0
2019-11-22, -Y2Q97SKRM4,STORY TIME | ☀️🥲أول تسافيرة بوحدي,"Jun 4, 2024",1426,0
2019-11-23, -Y2Q97SKRM4,STORY TIME | ☀️🥲أول تسافيرة بوحدي,"Jun 4, 2024",1426,0
2019-11-24, -Y2Q97SKRM4,STORY TIME | ☀️🥲أول تسافيرة بوحدي,"Jun 4, 2024",1426,0
2019-11-25, -Y2Q97SKRM4,STORY TIME | ☀️🥲أول تسافيرة بوحدي,"Jun 4, 2024",1426,0
2019-11-26, -Y2Q97SKRM4,STORY TIME | ☀️🥲أول تسافيرة بوحدي,"Jun 4, 2024",1426,0
2019-11-27, -Y2Q97SKRM4,STORY TIME | ☀️🥲أول تسافيرة بوحدي,"Jun 4, 2024",1426,0
2019-11-28, -Y2Q97SKRM4,STORY TIME | ☀️🥲أول تسافيرة بوحدي,"Jun 4, 2024",1426,0
2019-11-29, -Y2Q97SKRM4,STORY TIME | ☀️🥲أول تسافيرة بوحدي,"Jun 4, 2024",1426,0
2019-11-30, -Y2Q97SKRM4,STORY TIME | ☀️🥲أول تسافيرة بوحدي,"Jun 4, 2024",1426,0
2019-12-01, -Y2Q97SKRM4,STORY TIME | ☀️🥲أول تسافيرة بوحدي,"Jun 4, 2024",1426,0
2019-12-02, -Y2Q97SKRM4,STORY TIME | ☀️🥲أول تسافيرة بوحدي,"Jun 4, 2024",1426,0
2019-12-03, -Y2Q97SKRM4,STORY TIME | ☀️🥲أول تسافيرة بوحدي,"Jun 4, 2024",1426,0
2019-12-04, -Y2Q97SKRM4,STORY TIME | ☀️🥲أول تسافيرة بوحدي,"Jun 4, 2024",1426,0
2019-12-05, -Y2Q97SKRM4,STORY TIME | ☀️🥲أول تسافيرة بوحدي,"Jun 4, 2024",1426,0
2019-12-06, -Y2Q97SKRM4,STORY TIME | ☀️🥲أول تسافيرة بوحدي,"Jun 4, 2024",1426,0
2019-12-07, -Y2Q97SKRM4,STORY TIME | ☀️🥲أول تسافيرة بوحدي,"Jun 4, 2024",1426,0
2019-12-08, -Y2Q97SKRM4,STORY TIME | ☀️🥲أول تسافيرة بوحدي,"Jun 4, 2024",1426,0
2019-12-09, -Y2Q97SKRM4,STORY TIME | ☀️🥲أول تسافيرة بوحدي,"Jun 4, 2024",1426,0
2019-12-10, -Y2Q97SKRM4,STORY TIME | ☀️🥲أول تسافيرة بوحدي,"Jun 4, 2024",1426,0
2019-12-11, -Y2Q97SKRM4,STORY TIME | ☀️🥲أول تسافيرة بوحدي,"Jun 4, 2024",1426,0
2019-12-12, -Y2Q97SKRM4,STORY TIME | ☀️🥲أول تسافيرة بوحدي,"Jun 4, 2024",1426,0
2019-12-13, -Y2Q97SKRM4,STORY TIME | ☀️🥲أول تسافيرة بوحدي,"Jun 4, 2024",1426,0
2019-12-14, -Y2Q97SKRM4,STORY TIME | ☀️🥲أول تسافيرة بوحدي,"Jun 4, 2024",1426,0
2019-12-15, -Y2Q97SKRM4,STORY TIME | ☀️🥲أول تسافيرة بوحدي,"Jun 4, 2024",1426,0
2019-12-16, -Y2Q97SKRM4,STORY TIME | ☀️🥲أول تسافيرة بوحدي,"Jun 4, 2024",1426,0
2019-12-17, -Y2Q97SKRM4,STORY TIME | ☀️🥲أول تسافيرة بوحدي,"Jun 4, 2024",1426,0
2019-12-18, -Y2Q97SKRM4,STORY TIME | ☀️🥲أول تسافيرة بوحدي,"Jun 4, 2024",1426,0
2019-12-19, -Y2Q97SKRM4,STORY TIME | ☀️🥲أول تسافيرة بوحدي,"Jun 4, 2024",1426,0
2019-12-20, -Y2Q97SKRM4,STORY TIME | ☀️🥲أول تسافيرة بوحدي,"Jun 4, 2024",1426,0
2019-12-21, -Y2Q97SKRM4,STORY TIME | ☀️🥲أول تسافيرة بوحدي,"Jun 4, 2024",1426,0
2019-12-22, -Y2Q97SKRM4,STORY TIME | ☀️🥲أول تسافيرة بوحدي,"Jun 4, 2024",1426,0
2019-12-23, -Y2Q97SKRM4,STORY TIME | ☀️🥲أول تسافيرة بوحدي,"Jun 4, 2024",1426,0
2019-12-24, -Y2Q97SKRM4,STORY TIME | ☀️🥲أول تسافيرة بوحدي,"Jun 4, 2024",1426,0
2019-12-25, -Y2Q97SKRM4,STORY TIME | ☀️🥲أول تسافيرة بوحدي,"Jun 4, 2024",1426,0
2019-12-26, -Y2Q97SKRM4,STORY TIME | ☀️🥲أول تسافيرة بوحدي,"Jun 4, 2024",1426,0
2019-12-27, -Y2Q97SKRM4,STORY TIME | ☀️🥲أول تسافيرة بوحدي,"Jun 4, 2024",1426,0
2019-12-28, -Y2Q97SKRM4,STORY TIME | ☀️🥲أول تسافيرة بوحدي,"Jun 4, 2024",1426,0
2019-12-29, -Y2Q97SKRM4,STORY TIME | ☀️🥲أول تسافيرة بوحدي,"Jun 4, 2024",1426,0
2019-12-30, -Y2Q97SKRM4,STORY TIME | ☀️🥲أول تسافيرة بوحدي,"Jun 4, 2024",1426,0
2019-12-31, -Y2Q97SKRM4,STORY TIME | ☀️🥲أول تسافيرة بوحدي,"Jun 4, 2024",1426,0
2020-01-01, -Y2Q97SKRM4,STORY TIME | ☀️🥲أول تسافيرة بوحدي,"Jun 4, 2024",1426,0
2020-01-02, -Y2Q97SKRM4,STORY TIME | ☀️🥲أول تسافيرة بوحدي,"Jun 4, 2024",1426,0
2020-01-03, -Y2Q97SKRM4,STORY TIME | ☀️🥲أول تسافيرة بوحدي,"Jun 4, 2024",1426,0
2020-01-04, -Y2Q97SKRM4,STORY TIME | ☀️🥲أول تسافيرة بوحدي,"Jun 4, 2024",1426,0
2020-01-05, -Y2Q97SKRM4,STORY TIME | ☀️🥲أول تسافيرة بوحدي,"Jun 4, 2024",1426,0
2020-01-06, -Y2Q97SKRM4,STORY TIME | ☀️🥲أول تسافيرة بوحدي,"Jun 4, 2024",1426,0
2020-01-07, -Y2Q97SKRM4,STORY TIME | ☀️🥲أول تسافيرة بوحدي,"Jun 4, 2024",1426,0
2020-01-08, -Y2Q97SKRM4,STORY TIME | ☀️🥲أول تسافيرة بوحدي,"Jun 4, 2024",1426,0
2020-01-09, -Y2Q97SKRM4,STORY TIME | ☀️🥲أول تسافيرة بوحدي,"Jun 4, 2024",1426,0
2020-01-10, -Y2Q97SKRM4,STORY TIME | ☀️🥲أول تسافيرة بوحدي,"Jun 4, 2024",1426,0
2020-01-11, -Y2Q97SKRM4,STORY TIME | ☀️🥲أول تسافيرة بوحدي,"Jun 4, 2024",1426,0
2020-01-12, -Y2Q97SKRM4,STORY TIME | ☀️🥲أول تسافيرة بوحدي,"Jun 4, 2024",1426,0
2020-01-13, -Y2Q97SKRM4,STORY TIME | ☀️🥲أول تسافيرة بوحدي,"Jun 4, 2024",1426,0
2020-01-14, -Y2Q97SKRM4,STORY TIME | ☀️🥲أول تسافيرة بوحدي,"Jun 4, 2024",1426,0
2020-01-15, -Y2Q97SKRM4,STORY TIME | ☀️🥲أول تسافيرة بوحدي,"Jun 4, 2024",1426,0
2020-01-16, -Y2Q97SKRM4,STORY TIME | ☀️🥲أول تسافيرة بوحدي,"Jun 4, 2024",1426,0
2020-01-17, -Y2Q97SKRM4,STORY TIME | ☀️🥲أول تسافيرة بوحدي,"Jun 4, 2024",1426,0
2020-01-18, -Y2Q97SKRM4,STORY TIME | ☀️🥲أول تسافيرة بوحدي,"Jun 4, 2024",1426,0
2020-01-19, -Y2Q97SKRM4,STORY TIME | ☀️🥲أول تسافيرة بوحدي,"Jun 4, 2024",1426,0
2020-01-20, -Y2Q97SKRM4,STORY TIME | ☀️🥲أول تسافيرة بوحدي,"Jun 4, 2024",1426,0
2020-01-21, -Y2Q97SKRM4,STORY TIME | ☀️🥲أول تسافيرة بوحدي,"Jun 4, 2024",1426,0
2020-01-22, -Y2Q97SKRM4,STORY TIME | ☀️🥲أول تسافيرة بوحدي,"Jun 4, 2024",1426,0
2020-01-23, -Y2Q97SKRM4,STORY TIME | ☀️🥲أول تسافيرة بوحدي,"Jun 4, 2024",1426,0
2020-01-24, -Y2Q97SKRM4,STORY TIME | ☀️🥲أول تسافيرة بوحدي,"Jun 4, 2024",1426,0
2020-01-25, -Y2Q97SKRM4,STORY TIME | ☀️🥲أول تسافيرة بوحدي,"Jun 4, 2024",1426,0
2020-01-26, -Y2Q97SKRM4,STORY TIME | ☀️🥲أول تسافيرة بوحدي,"Jun 4, 2024",1426,0
2020-01-27, -Y2Q97SKRM4,STORY TIME | ☀️🥲أول تسافيرة بوحدي,"Jun 4, 2024",1426,0
2020-01-28, -Y2Q97SKRM4,STORY TIME | ☀️🥲أول تسافيرة بوحدي,"Jun 4, 2024",1426,0
2020-01-29, -Y2Q97SKRM4,STORY TIME | ☀️🥲أول تسافيرة بوحدي,"Jun 4, 2024",1426,0
2020-01-30, -Y2Q97SKRM4,STORY TIME | ☀️🥲أول تسافيرة بوحدي,"Jun 4, 2024",1426,0
2020-01-31, -Y2Q97SKRM4,STORY TIME | ☀️🥲أول تسافيرة بوحدي,"Jun 4, 2024",1426,0
2020-02-01, -Y2Q97SKRM4,STORY TIME | ☀️🥲أول تسافيرة بوحدي,"Jun 4, 2024",1426,0
2020-02-02, -Y2Q97SKRM4,STORY TIME | ☀️🥲أول تسافيرة بوحدي,"Jun 4, 2024",1426,0
2020-02-03, -Y2Q97SKRM4,STORY TIME | ☀️🥲أول تسافيرة بوحدي,"Jun 4, 2024",1426,0
2020-02-04, -Y2Q97SKRM4,STORY TIME | ☀️🥲أول تسافيرة بوحدي,"Jun 4, 2024",1426,0
2020-02-05, -Y2Q97SKRM4,STORY TIME | ☀️🥲أول تسافيرة بوحدي,"Jun 4, 2024",1426,0
2020-02-06, -Y2Q97SKRM4,STORY TIME | ☀️🥲أول تسافيرة بوحدي,"Jun 4, 2024",1426,0
2020-02-07, -Y2Q97SKRM4,STORY TIME | ☀️🥲أول تسافيرة بوحدي,"Jun 4, 2024",1426,0
2020-02-08, -Y2Q97SKRM4,STORY TIME | ☀️🥲أول تسافيرة بوحدي,"Jun 4, 2024",1426,0
2020-02-09, -Y2Q97SKRM4,STORY TIME | ☀️🥲أول تسافيرة بوحدي,"Jun 4, 2024",1426,0
2020-02-10, -Y2Q97SKRM4,STORY TIME | ☀️🥲أول تسافيرة بوحدي,"Jun 4, 2024",1426,0
2020-02-11, -Y2Q97SKRM4,STORY TIME | ☀️🥲أول تسافيرة بوحدي,"Jun 4, 2024",1426,0
2020-02-12, -Y2Q97SKRM4,STORY TIME | ☀️🥲أول تسافيرة بوحدي,"Jun 4, 2024",1426,0
2020-02-13, -Y2Q97SKRM4,STORY TIME | ☀️🥲أول تسافيرة بوحدي,"Jun 4, 2024",1426,0
2020-02-14, -Y2Q97SKRM4,STORY TIME | ☀️🥲أول تسافيرة بوحدي,"Jun 4, 2024",1426,0
2020-02-15, -Y2Q97SKRM4,STORY TIME | ☀️🥲أول تسافيرة بوحدي,"Jun 4, 2024",1426,0
2020-02-16, -Y2Q97SKRM4,STORY TIME | ☀️🥲أول تسافيرة بوحدي,"Jun 4, 2024",1426,0
2020-02-17, -Y2Q97SKRM4,STORY TIME | ☀️🥲أول تسافيرة بوحدي,"Jun 4, 2024",1426,0
2020-02-18, -Y2Q97SKRM4,STORY TIME | ☀️🥲أول تسافيرة بوحدي,"Jun 4, 2024",1426,0
2020-02-19, -Y2Q97SKRM4,STORY TIME | ☀️🥲أول تسافيرة بوحدي,"Jun 4, 2024",1426,0
2020-02-20, -Y2Q97SKRM4,STORY TIME | ☀️🥲أول تسافيرة بوحدي,"Jun 4, 2024",1426,0
2020-02-21, -Y2Q97SKRM4,STORY TIME | ☀️🥲أول تسافيرة بوحدي,"Jun 4, 2024",1426,0
2020-02-22, -Y2Q97SKRM4,STORY TIME | ☀️🥲أول تسافيرة بوحدي,"Jun 4, 2024",1426,0
2020-02-23, -Y2Q97SKRM4,STORY TIME | ☀️🥲أول تسافيرة بوحدي,"Jun 4, 2024",1426,0
2020-02-24, -Y2Q97SKRM4,STORY TIME | ☀️🥲أول تسافيرة بوحدي,"Jun 4, 2024",1426,0
2020-02-25, -Y2Q97SKRM4,STORY TIME | ☀️🥲أول تسافيرة بوحدي,"Jun 4, 2024",1426,0
2020-02-26, -Y2Q97SKRM4,STORY TIME | ☀️🥲أول تسافيرة بوحدي,"Jun 4, 2024",1426,0
2020-02-27, -Y2Q97SKRM4,STORY TIME | ☀️🥲أول تسافيرة بوحدي,"Jun 4, 2024",1426,0
2020-02-28, -Y2Q97SKRM4,STORY TIME | ☀️🥲أول تسافيرة بوحدي,"Jun 4, 2024",1426,0
2020-02-29, -Y2Q97SKRM4,STORY TIME | ☀️🥲أول تسافيرة بوحدي,"Jun 4, 2024",1426,0
2020-03-01, -Y2Q97SKRM4,STORY TIME | ☀️🥲أول تسافيرة بوحدي,"Jun 4, 2024",1426,0
2020-03-02, -Y2Q97SKRM4,STORY TIME | ☀️🥲أول تسافيرة بوحدي,"Jun 4, 2024",1426,0
2020-03-03, -Y2Q97SKRM4,STORY TIME | ☀️🥲أول تسافيرة بوحدي,"Jun 4, 2024",1426,0
2020-03-04, -Y2Q97SKRM4,STORY TIME | ☀️🥲أول تسافيرة بوحدي,"Jun 4, 2024",1426,0
2020-03-05, -Y2Q97SKRM4,STORY TIME | ☀️🥲أول تسافيرة بوحدي,"Jun 4, 2024",1426,0
2020-03-06, -Y2Q97SKRM4,STORY TIME | ☀️🥲أول تسافيرة بوحدي,"Jun 4, 2024",1426,0
2020-03-07, -Y2Q97SKRM4,STORY TIME | ☀️🥲أول تسافيرة بوحدي,"Jun 4, 2024",1426,0
2020-03-08, -Y2Q97SKRM4,STORY TIME | ☀️🥲أول تسافيرة بوحدي,"Jun 4, 2024",1426,0
2020-03-09, -Y2Q97SKRM4,STORY TIME | ☀️🥲أول تسافيرة بوحدي,"Jun 4, 2024",1426,0
2020-03-10, -Y2Q97SKRM4,STORY TIME | ☀️🥲أول تسافيرة بوحدي,"Jun 4, 2024",1426,0
2020-03-11, -Y2Q97SKRM4,STORY TIME | ☀️🥲أول تسافيرة بوحدي,"Jun 4, 2024",1426,0
2020-03-12, -Y2Q97SKRM4,STORY TIME | ☀️🥲أول تسافيرة بوحدي,"Jun 4, 2024",1426,0
2020-03-13, -Y2Q97SKRM4,STORY TIME | ☀️🥲أول تسافيرة بوحدي,"Jun 4, 2024",1426,0
2020-03-14, -Y2Q97SKRM4,STORY TIME | ☀️🥲أول تسافيرة بوحدي,"Jun 4, 2024",1426,0
2020-03-15, -Y2Q97SKRM4,STORY TIME | ☀️🥲أول تسافيرة بوحدي,"Jun 4, 2024",1426,0
2020-03-16, -Y2Q97SKRM4,STORY TIME | ☀️🥲أول تسافيرة بوحدي,"Jun 4, 2024",1426,0
2020-03-17, -Y2Q97SKRM4,STORY TIME | ☀️🥲أول تسافيرة بوحدي,"Jun 4, 2024",1426,0
2020-03-18, -Y2Q97SKRM4,STORY TIME | ☀️🥲أول تسافيرة بوحدي,"Jun 4, 2024",1426,0
2020-03-19, -Y2Q97SKRM4,STORY TIME | ☀️🥲أول تسافيرة بوحدي,"Jun 4, 2024",1426,0
2020-03-20, -Y2Q97SKRM4,STORY TIME | ☀️🥲أول تسافيرة بوحدي,"Jun 4, 2024",1426,0
2020-03-21, -Y2Q97SKRM4,STORY TIME | ☀️🥲أول تسافيرة بوحدي,"Jun 4, 2024",1426,0
2020-03-22, -Y2Q97SKRM4,STORY TIME | ☀️🥲أول تسافيرة بوحدي,"Jun 4, 2024",1426,0
2020-03-23, -Y2Q97SKRM4,STORY TIME | ☀️🥲أول تسافيرة بوحدي,"Jun 4, 2024",1426,0
2020-03-24, -Y2Q97SKRM4,STORY TIME | ☀️🥲أول تسافيرة بوحدي,"Jun 4, 2024",1426,0
2020-03-25, -Y2Q97SKRM4,STORY TIME | ☀️🥲أول تسافيرة بوحدي,"Jun 4, 2024",1426,0
2020-03-26, -Y2Q97SKRM4,STORY TIME | ☀️🥲أول تسافيرة بوحدي,"Jun 4, 2024",1426,0
2020-03-27, -Y2Q97SKRM4,STORY TIME | ☀️🥲أول تسافيرة بوحدي,"Jun 4, 2024",1426,0
2020-03-28, -Y2Q97SKRM4,STORY TIME | ☀️🥲أول تسافيرة بوحدي,"Jun 4, 2024",1426,0
2020-03-29, -Y2Q97SKRM4,STORY TIME | ☀️🥲أول تسافيرة بوحدي,"Jun 4, 2024",1426,0
2020-03-30, -Y2Q97SKRM4,STORY TIME | ☀️🥲أول تسافيرة بوحدي,"Jun 4, 2024",1426,0
2020-03-31, -Y2Q97SKRM4,STORY TIME | ☀️🥲أول تسافيرة بوحدي,"Jun 4, 2024",1426,0
2020-04-01, -Y2Q97SKRM4,STORY TIME | ☀️🥲أول تسافيرة بوحدي,"Jun 4, 2024",1426,0
2020-04-02, -Y2Q97SKRM4,STORY TIME | ☀️🥲أول تسافيرة بوحدي,"Jun 4, 2024",1426,0
2020-04-03, -Y2Q97SKRM4,STORY TIME | ☀️🥲أول تسافيرة بوحدي,"Jun 4, 2024",1426,0
2020-04-04, -Y2Q97SKRM4,STORY TIME | ☀️🥲أول تسافيرة بوحدي,"Jun 4, 2024",1426,0
2020-04-05, -Y2Q97SKRM4,STORY TIME | ☀️🥲أول تسافيرة بوحدي,"Jun 4, 2024",1426,0
2020-04-06, -Y2Q97SKRM4,STORY TIME | ☀️🥲أول تسافيرة بوحدي,"Jun 4, 2024",1426,0
2020-04-07, -Y2Q97SKRM4,STORY TIME | ☀️🥲أول تسافيرة بوحدي,"Jun 4, 2024",1426,0
2020-04-08, -Y2Q97SKRM4,STORY TIME | ☀️🥲أول تسافيرة بوحدي,"Jun 4, 2024",1426,0
2020-04-09, -Y2Q97SKRM4,STORY TIME | ☀️🥲أول تسافيرة بوحدي,"Jun 4, 2024",1426,0
2020-04-10, -Y2Q97SKRM4,STORY TIME | ☀️🥲أول تسافيرة بوحدي,"Jun 4, 2024",1426,0
2020-04-11, -Y2Q97SKRM4,STORY TIME | ☀️🥲أول تسافيرة بوحدي,"Jun 4, 2024",1426,0
2020-04-12, -Y2Q97SKRM4,STORY TIME | ☀️🥲أول تسافيرة بوحدي,"Jun 4, 2024",1426,0
2020-04-13, -Y2Q97SKRM4,STORY TIME | ☀️🥲أول تسافيرة بوحدي,"Jun 4, 2024",1426,0
2020-04-14, -Y2Q97SKRM4,STORY TIME | ☀️🥲أول تسافيرة بوحدي,"Jun 4, 2024",1426,0
2020-04-15, -Y2Q97SKRM4,STORY TIME | ☀️🥲أول تسافيرة بوحدي,"Jun 4, 2024",1426,0
2020-04-16, -Y2Q97SKRM4,STORY TIME | ☀️🥲أول تسافيرة بوحدي,"Jun 4, 2024",1426,0
2020-04-17, -Y2Q97SKRM4,STORY TIME | ☀️🥲أول تسافيرة بوحدي,"Jun 4, 2024",1426,0
2020-04-18, -Y2Q97SKRM4,STORY TIME | ☀️🥲أول تسافيرة بوحدي,"Jun 4, 2024",1426,0
2020-04-19, -Y2Q97SKRM4,STORY TIME | ☀️🥲أول تسافيرة بوحدي,"Jun 4, 2024",1426,0
2020-04-20, -Y2Q97SKRM4,STORY TIME | ☀️🥲أول تسافيرة بوحدي,"Jun 4, 2024",1426,0
2020-04-21, -Y2Q97SKRM4,STORY TIME | ☀️🥲أول تسافيرة بوحدي,"Jun 4, 2024",1426,0
2020-04-22, -Y2Q97SKRM4,STORY TIME | ☀️🥲أول تسافيرة بوحدي,"Jun 4, 2024",1426,0
2020-04-23, -Y2Q97SKRM4,STORY TIME | ☀️🥲أول تسافيرة بوحدي,"Jun 4, 2024",1426,0
2020-04-24, -Y2Q97SKRM4,STORY TIME | ☀️🥲أول تسافيرة بوحدي,"Jun 4, 2024",1426,0
2020-04-25, -Y2Q97SKRM4,STORY TIME | ☀️🥲أول تسافيرة بوحدي,"Jun 4, 2024",1426,0
2020-04-26, -Y2Q97SKRM4,STORY TIME | ☀️🥲أول تسافيرة بوحدي,"Jun 4, 2024",1426,0
2020-04-27, -Y2Q97SKRM4,STORY TIME | ☀️🥲أول تسافيرة بوحدي,"Jun 4, 2024",1426,0
2020-04-28, -Y2Q97SKRM4,STORY TIME | ☀️🥲أول تسافيرة بوحدي,"Jun 4, 2024",1426,0
2020-04-29, -Y2Q97SKRM4,STORY TIME | ☀️🥲أول تسافيرة بوحدي,"Jun 4, 2024",1426,0
2020-04-30, -Y2Q97SKRM4,STORY TIME | ☀️🥲أول تسافيرة بوحدي,"Jun 4, 2024",1426,0
2020-05-01, -Y2Q97SKRM4,STORY TIME | ☀️🥲أول تسافيرة بوحدي,"Jun 4, 2024",1426,0
2020-05-02, -Y2Q97SKRM4,STORY TIME | ☀️🥲أول تسافيرة بوحدي,"Jun 4, 2024",1426,0
2020-05-03, -Y2Q97SKRM4,STORY TIME | ☀️🥲أول تسافيرة بوحدي,"Jun 4, 2024",1426,0
2020-05-04, -Y2Q97SKRM4,STORY TIME | ☀️🥲أول تسافيرة بوحدي,"Jun 4, 2024",1426,0
2020-05-05, -Y2Q97SKRM4,STORY TIME | ☀️🥲أول تسافيرة بوحدي,"Jun 4, 2024",1426,0
2020-05-06, -Y2Q97SKRM4,STORY TIME | ☀️🥲أول تسافيرة بوحدي,"Jun 4, 2024",1426,0
2020-05-07, -Y2Q97SKRM4,STORY TIME | ☀️🥲أول تسافيرة بوحدي,"Jun 4, 2024",1426,0
2020-05-08, -Y2Q97SKRM4,STORY TIME | ☀️🥲أول تسافيرة بوحدي,"Jun 4, 2024",1426,0
2020-05-09, -Y2Q97SKRM4,STORY TIME | ☀️🥲أول تسافيرة بوحدي,"Jun 4, 2024",1426,0
2020-05-10, -Y2Q97SKRM4,STORY TIME | ☀️🥲أول تسافيرة بوحدي,"Jun 4, 2024",1426,0
2020-05-11, -Y2Q97SKRM4,STORY TIME | ☀️🥲أول تسافيرة بوحدي,"Jun 4, 2024",1426,0
2020-05-12, -Y2Q97SKRM4,STORY TIME | ☀️🥲أول تسافيرة بوحدي,"Jun 4, 2024",1426,0
2020-05-13, -Y2Q97SKRM4,STORY TIME | ☀️🥲أول تسافيرة بوحدي,"Jun 4, 2024",1426,0
2020-05-14, -Y2Q97SKRM4,STORY TIME | ☀️🥲أول تسافيرة بوحدي,"Jun 4, 2024",1426,0
2020-05-15, -Y2Q97SKRM4,STORY TIME | ☀️🥲أول تسافيرة بوحدي,"Jun 4, 2024",1426,0
2020-05-16, -Y2Q97SKRM4,STORY TIME | ☀️🥲أول تسافيرة بوحدي,"Jun 4, 2024",1426,0
2020-05-17, -Y2Q97SKRM4,STORY TIME | ☀️🥲أول تسافيرة بوحدي,"Jun 4, 2024",1426,0
2020-05-18, -Y2Q97SKRM4,STORY TIME | ☀️🥲أول تسافيرة بوحدي,"Jun 4, 2024",1426,0
2020-05-19, -Y2Q97SKRM4,STORY TIME | ☀️🥲أول تسافيرة بوحدي,"Jun 4, 2024",1426,0
2020-05-20, -Y2Q97SKRM4,STORY TIME | ☀️🥲أول تسافيرة بوحدي,"Jun 4, 2024",1426,0
2020-05-21, -Y2Q97SKRM4,STORY TIME | ☀️🥲أول تسافيرة بوحدي,"Jun 4, 2024",1426,0
2020-05-22, -Y2Q97SKRM4,STORY TIME | ☀️🥲أول تسافيرة بوحدي,"Jun 4, 2024",1426,0
2020-05-23, -Y2Q97SKRM4,STORY TIME | ☀️🥲أول تسافيرة بوحدي,"Jun 4, 2024",1426,0
2020-05-24, -Y2Q97SKRM4,STORY TIME | ☀️🥲أول تسافيرة بوحدي,"Jun 4, 2024",1426,0
2020-05-25, -Y2Q97SKRM4,STORY TIME | ☀️🥲أول تسافيرة بوحدي,"Jun 4, 2024",1426,0
2020-05-26, -Y2Q97SKRM4,STORY TIME | ☀️🥲أول تسافيرة بوحدي,"Jun 4, 2024",1426,0
2020-05-27, -Y2Q97SKRM4,STORY TIME | ☀️🥲أول تسافيرة بوحدي,"Jun 4, 2024",1426,0
2020-05-28, -Y2Q97SKRM4,STORY TIME | ☀️🥲أول تسافيرة بوحدي,"Jun 4, 2024",1426,0
2020-05-29, -Y2Q97SKRM4,STORY TIME | ☀️🥲أول تسافيرة بوحدي,"Jun 4, 2024",1426,0
2020-05-30, -Y2Q97SKRM4,STORY TIME | ☀️🥲أول تسافيرة بوحدي,"Jun 4, 2024",1426,0
2020-05-31, -Y2Q97SKRM4,STORY TIME | ☀️🥲أول تسافيرة بوحدي,"Jun 4, 2024",1426,0
2020-06-01, -Y2Q97SKRM4,STORY TIME | ☀️🥲أول تسافيرة بوحدي,"Jun 4, 2024",1426,0
2020-06-02, -Y2Q97SKRM4,STORY TIME | ☀️🥲أول تسافيرة بوحدي,"Jun 4, 2024",1426,0
2020-06-03, -Y2Q97SKRM4,STORY TIME | ☀️🥲أول تسافيرة بوحدي,"Jun 4, 2024",1426,0
2020-06-04, -Y2Q97SKRM4,STORY TIME | ☀️🥲أول تسافيرة بوحدي,"Jun 4, 2024",1426,0
2020-06-05, -Y2Q97SKRM4,STORY TIME | ☀️🥲أول تسافيرة بوحدي,"Jun 4, 2024",1426,0
2020-06-06, -Y2Q97SKRM4,STORY TIME | ☀️🥲أول تسافيرة بوحدي,"Jun 4, 2024",1426,0
2020-06-07, -Y2Q97SKRM4,STORY TIME | ☀️🥲أول تسافيرة بوحدي,"Jun 4, 2024",1426,0
2020-06-08, -Y2Q97SKRM4,STORY TIME | ☀️🥲أول تسافيرة بوحدي,"Jun 4, 2024",1426,0
2020-06-09, -Y2Q97SKRM4,STORY TIME | ☀️🥲أول تسافيرة بوحدي,"Jun 4, 2024",1426,0
2020-06-10, -Y2Q97SKRM4,STORY TIME | ☀️🥲أول تسافيرة بوحدي,"Jun 4, 2024",1426,0
2020-06-11, -Y2Q97SKRM4,STORY TIME | ☀️🥲أول تسافيرة بوحدي,"Jun 4, 2024",1426,0
2020-06-12, -Y2Q97SKRM4,STORY TIME | ☀️🥲أول تسافيرة بوحدي,"Jun 4, 2024",1426,0
2020-06-13, -Y2Q97SKRM4,STORY TIME | ☀️🥲أول تسافيرة بوحدي,"Jun 4, 2024",1426,0
2020-06-14, -Y2Q97SKRM4,STORY TIME | ☀️🥲أول تسافيرة بوحدي,"Jun 4, 2024",1426,0
2020-06-15, -Y2Q97SKRM4,STORY TIME | ☀️🥲أول تسافيرة بوحدي,"Jun 4, 2024",1426,0
2020-06-16, -Y2Q97SKRM4,STORY TIME | ☀️🥲أول تسافيرة بوحدي,"Jun 4, 2024",1426,0
2020-06-17, -Y2Q97SKRM4,STORY TIME | ☀️🥲أول تسافيرة بوحدي,"Jun 4, 2024",1426,0
2020-06-18, -Y2Q97SKRM4,STORY TIME | ☀️🥲أول تسافيرة بوحدي,"Jun 4, 2024",1426,0
2020-06-19, -Y2Q97SKRM4,STORY TIME | ☀️🥲أول تسافيرة بوحدي,"Jun 4, 2024",1426,0
2020-06-20, -Y2Q97SKRM4,STORY TIME | ☀️🥲أول تسافيرة بوحدي,"Jun 4, 2024",1426,0
2020-06-21, -Y2Q97SKRM4,STORY TIME | ☀️🥲أول تسافيرة بوحدي,"Jun 4, 2024",1426,0
2020-06-22, -Y2Q97SKRM4,STORY TIME | ☀️🥲أول تسافيرة بوحدي,"Jun 4, 2024",1426,0
2020-06-23, -Y2Q97SKRM4,STORY TIME | ☀️🥲أول تسافيرة بوحدي,"Jun 4, 2024",1426,0
2020-06-24, -Y2Q97SKRM4,STORY TIME | ☀️🥲أول تسافيرة بوحدي,"Jun 4, 2024",1426,0
2020-06-25, -Y2Q97SKRM4,STORY TIME | ☀️🥲أول تسافيرة بوحدي,"Jun 4, 2024",1426,0
2020-06-26, -Y2Q97SKRM4,STORY TIME | ☀️🥲أول تسافيرة بوحدي,"Jun 4, 2024",1426,0
2020-06-27, -Y2Q97SKRM4,STORY TIME | ☀️🥲أول تسافيرة بوحدي,"Jun 4, 2024",1426,0
2020-06-28, -Y2Q97SKRM4,STORY TIME | ☀️🥲أول تسافيرة بوحدي,"Jun 4, 2024",1426,0
2020-06-29, -Y2Q97SKRM4,STORY TIME | ☀️🥲أول تسافيرة بوحدي,"Jun 4, 2024",1426,0
2020-06-30, -Y2Q97SKRM4,STORY TIME | ☀️🥲أول تسافيرة بوحدي,"Jun 4, 2024",1426,0
2020-07-01, -Y2Q97SKRM4,STORY TIME | ☀️🥲أول تسافيرة بوحدي,"Jun 4, 2024",1426,0
2020-07-02, -Y2Q97SKRM4,STORY TIME | ☀️🥲أول تسافيرة بوحدي,"Jun 4, 2024",1426,0
2020-07-03, -Y2Q97SKRM4,STORY TIME | ☀️🥲أول تسافيرة بوحدي,"Jun 4, 2024",1426,0
2020-07-04, -Y2Q97SKRM4,STORY TIME | ☀️🥲أول تسافيرة بوحدي,"Jun 4, 2024",1426,0
2020-07-05, -Y2Q97SKRM4,STORY TIME | ☀️🥲أول تسافيرة بوحدي,"Jun 4, 2024",1426,0
2020-07-06, -Y2Q97SKRM4,STORY TIME | ☀️🥲أول تسافيرة بوحدي,"Jun 4, 2024",1426,0
2020-07-07, -Y2Q97SKRM4,STORY TIME | ☀️🥲أول تسافيرة بوحدي,"Jun 4, 2024",1426,0
2020-07-08, -Y2Q97SKRM4,STORY TIME | ☀️🥲أول تسافيرة بوحدي,"Jun 4, 2024",1426,0
2020-07-09, -Y2Q97SKRM4,STORY TIME | ☀️🥲أول تسافيرة بوحدي,"Jun 4, 2024",1426,0
2020-07-10, -Y2Q97SKRM4,STORY TIME | ☀️🥲أول تسافيرة بوحدي,"Jun 4, 2024",1426,0
2020-07-11, -Y2Q97SKRM4,STORY TIME | ☀️🥲أول تسافيرة بوحدي,"Jun 4, 2024",1426,0
2020-07-12, -Y2Q97SKRM4,STORY TIME | ☀️🥲أول تسافيرة بوحدي,"Jun 4, 2024",1426,0
2020-07-13, -Y2Q97SKRM4,STORY TIME | ☀️🥲أول تسافيرة بوحدي,"Jun 4, 2024",1426,0
2020-07-14, -Y2Q97SKRM4,STORY TIME | ☀️🥲أول تسافيرة بوحدي,"Jun 4, 2024",1426,0
2020-07-15, -Y2Q97SKRM4,STORY TIME | ☀️🥲أول تسافيرة بوحدي,"Jun 4, 2024",1426,0
2020-07-16, -Y2Q97SKRM4,STORY TIME | ☀️🥲أول تسافيرة بوحدي,"Jun 4, 2024",1426,0
2020-07-17, -Y2Q97SKRM4,STORY TIME | ☀️🥲أول تسافيرة بوحدي,"Jun 4, 2024",1426,0
2020-07-18, -Y2Q97SKRM4,STORY TIME | ☀️🥲أول تسافيرة بوحدي,"Jun 4, 2024",1426,0
2020-07-19, -Y2Q97SKRM4,STORY TIME | ☀️🥲أول تسافيرة بوحدي,"Jun 4, 2024",1426,0
2020-07-20, -Y2Q97SKRM4,STORY TIME | ☀️🥲أول تسافيرة بوحدي,"Jun 4, 2024",1426,0
2020-07-21, -Y2Q97SKRM4,STORY TIME | ☀️🥲أول تسافيرة بوحدي,"Jun 4, 2024",1426,0
2020-07-22, -Y2Q97SKRM4,STORY TIME | ☀️🥲أول تسافيرة بوحدي,"Jun 4, 2024",1426,0
2020-07-23, -Y2Q97SKRM4,STORY TIME | ☀️🥲أول تسافيرة بوحدي,"Jun 4, 2024",1426,0
2020-07-24, -Y2Q97SKRM4,STORY TIME | ☀️🥲أول تسافيرة بوحدي,"Jun 4, 2024",1426,0
2020-07-25, -Y2Q97SKRM4,STORY TIME | ☀️🥲أول تسافيرة بوحدي,"Jun 4, 2024",1426,0
2020-07-26, -Y2Q97SKRM4,STORY TIME | ☀️🥲أول تسافيرة بوحدي,"Jun 4, 2024",1426,0
2020-07-27, -Y2Q97SKRM4,STORY TIME | ☀️🥲أول تسافيرة بوحدي,"Jun 4, 2024",1426,0
2020-07-28, -Y2Q97SKRM4,STORY TIME | ☀️🥲أول تسافيرة بوحدي,"Jun 4, 2024",1426,0
2020-07-29, -Y2Q97SKRM4,STORY TIME | ☀️🥲أول تسافيرة بوحدي,"Jun 4, 2024",1426,0
2020-07-30, -Y2Q97SKRM4,STORY TIME | ☀️🥲أول تسافيرة بوحدي,"Jun 4, 2024",1426,0
2020-07-31, -Y2Q97SKRM4,STORY TIME | ☀️🥲أول تسافيرة بوحدي,"Jun 4, 2024",1426,0
2020-08-01, -Y2Q97SKRM4,STORY TIME | ☀️🥲أول تسافيرة بوحدي,"Jun 4, 2024",1426,0
2020-08-02, -Y2Q97SKRM4,STORY TIME | ☀️🥲أول تسافيرة بوحدي,"Jun 4, 2024",1426,0
2020-08-03, -Y2Q97SKRM4,STORY TIME | ☀️🥲أول تسافيرة بوحدي,"Jun 4, 2024",1426,0
2020-08-04, -Y2Q97SKRM4,STORY TIME | ☀️🥲أول تسافيرة بوحدي,"Jun 4, 2024",1426,0
2020-08-05, -Y2Q97SKRM4,STORY TIME | ☀️🥲أول تسافيرة بوحدي,"Jun 4, 2024",1426,0
2020-08-06, -Y2Q97SKRM4,STORY TIME | ☀️🥲أول تسافيرة بوحدي,"Jun 4, 2024",1426,0
2020-08-07, -Y2Q97SKRM4,STORY TIME | ☀️🥲أول تسافيرة بوحدي,"Jun 4, 2024",1426,0
2020-08-08, -Y2Q97SKRM4,STORY TIME | ☀️🥲أول تسافيرة بوحدي,"Jun 4, 2024",1426,0
2020-08-09, -Y2Q97SKRM4,STORY TIME | ☀️🥲أول تسافيرة بوحدي,"Jun 4, 2024",1426,0
2020-08-10, -Y2Q97SKRM4,STORY TIME | ☀️🥲أول تسافيرة بوحدي,"Jun 4, 2024",1426,0
2020-08-11, -Y2Q97SKRM4,STORY TIME | ☀️🥲أول تسافيرة بوحدي,"Jun 4, 2024",1426,0
2020-08-12, -Y2Q97SKRM4,STORY TIME | ☀️🥲أول تسافيرة بوحدي,"Jun 4, 2024",1426,0
2020-08-13, -Y2Q97SKRM4,STORY TIME | ☀️🥲أول تسافيرة بوحدي,"Jun 4, 2024",1426,0
2020-08-14, -Y2Q97SKRM4,STORY TIME | ☀️🥲أول تسافيرة بوحدي,"Jun 4, 2024",1426,0
2020-08-15, -Y2Q97SKRM4,STORY TIME | ☀️🥲أول تسافيرة بوحدي,"Jun 4, 2024",1426,0
2020-08-16, -Y2Q97SKRM4,STORY TIME | ☀️🥲أول تسافيرة بوحدي,"Jun 4, 2024",1426,0
2020-08-17, -Y2Q97SKRM4,STORY TIME | ☀️🥲أول تسافيرة بوحدي,"Jun 4, 2024",1426,0
2020-08-18, -Y2Q97SKRM4,STORY TIME | ☀️🥲أول تسافيرة بوحدي,"Jun 4, 2024",1426,0
2020-08-19, -Y2Q97SKRM4,STORY TIME | ☀️🥲أول تسافيرة بوحدي,"Jun 4, 2024",1426,0
2020-08-20, -Y2Q97SKRM4,STORY TIME | ☀️🥲أول تسافيرة بوحدي,"Jun 4, 2024",1426,0
2020-08-21, -Y2Q97SKRM4,STORY TIME | ☀️🥲أول تسافيرة بوحدي,"Jun 4, 2024",1426,0
2020-08-22, -Y2Q97SKRM4,STORY TIME | ☀️🥲أول تسافيرة بوحدي,"Jun 4, 2024",1426,0
2020-08-23, -Y2Q97SKRM4,STORY TIME | ☀️🥲أول تسافيرة بوحدي,"Jun 4, 2024",1426,0
2020-08-24, -Y2Q97SKRM4,STORY TIME | ☀️🥲أول تسافيرة بوحدي,"Jun 4, 2024",1426,0
2020-08-25, -Y2Q97SKRM4,STORY TIME | ☀️🥲أول تسافيرة بوحدي,"Jun 4, 2024",1426,0
2020-08-26, -Y2Q97SKRM4,STORY TIME | ☀️🥲أول تسافيرة بوحدي,"Jun 4, 2024",1426,0
2020-08-27, -Y2Q97SKRM4,STORY TIME | ☀️🥲أول تسافيرة بوحدي,"Jun 4, 2024",1426,0
2020-08-28, -Y2Q97SKRM4,STORY TIME | ☀️🥲أول تسافيرة بوحدي,"Jun 4, 2024",1426,0
2020-08-29, -Y2Q97SKRM4,STORY TIME | ☀️🥲أول تسافيرة بوحدي,"Jun 4, 2024",1426,0
2020-08-30, -Y2Q97SKRM4,STORY TIME | ☀️🥲أول تسافيرة بوحدي,"Jun 4, 2024",1426,0
2020-08-31, -Y2Q97SKRM4,STORY TIME | ☀️🥲أول تسافيرة بوحدي,"Jun 4, 2024",1426,0
2020-09-01, -Y2Q97SKRM4,STORY TIME | ☀️🥲أول تسافيرة بوحدي,"Jun 4, 2024",1426,0
2020-09-02, -Y2Q97SKRM4,STORY TIME | ☀️🥲أول تسافيرة بوحدي,"Jun 4, 2024",1426,0
2020-09-03, -Y2Q97SKRM4,STORY TIME | ☀️🥲أول تسافيرة بوحدي,"Jun 4, 2024",1426,0
2020-09-04, -Y2Q97SKRM4,STORY TIME | ☀️🥲أول تسافيرة بوحدي,"Jun 4, 2024",1426,0
2020-09-05, -Y2Q97SKRM4,STORY TIME | ☀️🥲أول تسافيرة بوحدي,"Jun 4, 2024",1426,0
2020-09-06, -Y2Q97SKRM4,STORY TIME | ☀️🥲أول تسافيرة بوحدي,"Jun 4, 2024",1426,0
2020-09-07, -Y2Q97SKRM4,STORY TIME | ☀️🥲أول تسافيرة بوحدي,"Jun 4, 2024",1426,0
2020-09-08, -Y2Q97SKRM4,STORY TIME | ☀️🥲أول تسافيرة بوحدي,"Jun 4, 2024",1426,0
2020-09-09, -Y2Q97SKRM4,STORY TIME | ☀️🥲أول تسافيرة بوحدي,"Jun 4, 2024",1426,0
2020-09-10, -Y2Q97SKRM4,STORY TIME | ☀️🥲أول تسافيرة بوحدي,"Jun 4, 2024",1426,0
2020-09-11, -Y2Q97SKRM4,STORY TIME | ☀️🥲أول تسافيرة بوحدي,"Jun 4, 2024",1426,0
2020-09-12, -Y2Q97SKRM4,STORY TIME | ☀️🥲أول تسافيرة بوحدي,"Jun 4, 2024",1426,0
2020-09-13, -Y2Q97SKRM4,STORY TIME | ☀️🥲أول تسافيرة بوحدي,"Jun 4, 2024",1426,0
2020-09-14, -Y2Q97SKRM4,STORY TIME | ☀️🥲أول تسافيرة بوحدي,"Jun 4, 2024",1426,0
2020-09-15, -Y2Q97SKRM4,STORY TIME | ☀️🥲أول تسافيرة بوحدي,"Jun 4, 2024",1426,0
2020-09-16, -Y2Q97SKRM4,STORY TIME | ☀️🥲أول تسافيرة بوحدي,"Jun 4, 2024",1426,0
2020-09-17, -Y2Q97SKRM4,STORY TIME | ☀️🥲أول تسافيرة بوحدي,"Jun 4, 2024",1426,0
2020-09-18, -Y2Q97SKRM4,STORY TIME | ☀️🥲أول تسافيرة بوحدي,"Jun 4, 2024",1426,0
2020-09-19, -Y2Q97SKRM4,STORY TIME | ☀️🥲أول تسافيرة بوحدي,"Jun 4, 2024",1426,0
2020-09-20, -Y2Q97SKRM4,STORY TIME | ☀️🥲أول تسافيرة بوحدي,"Jun 4, 2024",1426,0
2020-09-21, -Y2Q97SKRM4,STORY TIME | ☀️🥲أول تسافيرة بوحدي,"Jun 4, 2024",1426,0
2020-09-22, -Y2Q97SKRM4,STORY TIME | ☀️🥲أول تسافيرة بوحدي,"Jun 4, 2024",1426,0
2020-09-23, -Y2Q97SKRM4,STORY TIME | ☀️🥲أول تسافيرة بوحدي,"Jun 4, 2024",1426,0
2020-09-24, -Y2Q97SKRM4,STORY TIME | ☀️🥲أول تسافيرة بوحدي,"Jun 4, 2024",1426,0
2020-09-25, -Y2Q97SKRM4,STORY TIME | ☀️🥲أول تسافيرة بوحدي,"Jun 4, 2024",1426,0
2020-09-26, -Y2Q97SKRM4,STORY TIME | ☀️🥲أول تسافيرة بوحدي,"Jun 4, 2024",1426,0
2020-09-27, -Y2Q97SKRM4,STORY TIME | ☀️🥲أول تسافيرة بوحدي,"Jun 4, 2024",1426,0
2020-09-28, -Y2Q97SKRM4,STORY TIME | ☀️🥲أول تسافيرة بوحدي,"Jun 4, 2024",1426,0
2020-09-29, -Y2Q97SKRM4,STORY TIME | ☀️🥲أول تسافيرة بوحدي,"Jun 4, 2024",1426,0
2020-09-30, -Y2Q97SKRM4,STORY TIME | ☀️🥲أول تسافيرة بوحدي,"Jun 4, 2024",1426,0
2020-10-01, -Y2Q97SKRM4,STORY TIME | ☀️🥲أول تسافيرة بوحدي,"Jun 4, 2024",1426,0
2020-10-02, -Y2Q97SKRM4,STORY TIME | ☀️🥲أول تسافيرة بوحدي,"Jun 4, 2024",1426,0
2020-10-03, -Y2Q97SKRM4,STORY TIME | ☀️🥲أول تسافيرة بوحدي,"Jun 4, 2024",1426,0
2020-10-04, -Y2Q97SKRM4,STORY TIME | ☀️🥲أول تسافيرة بوحدي,"Jun 4, 2024",1426,0
2020-10-05, -Y2Q97SKRM4,STORY TIME | ☀️🥲أول تسافيرة بوحدي,"Jun 4, 2024",1426,0
2020-10-06, -Y2Q97SKRM4,STORY TIME | ☀️🥲أول تسافيرة بوحدي,"Jun 4, 2024",1426,0
2020-10-07, -Y2Q97SKRM4,STORY TIME | ☀️🥲أول تسافيرة بوحدي,"Jun 4, 2024",1426,0
2020-10-08, -Y2Q97SKRM4,STORY TIME | ☀️🥲أول تسافيرة بوحدي,"Jun 4, 2024",1426,0
2020-10-09, -Y2Q97SKRM4,STORY TIME | ☀️🥲أول تسافيرة بوحدي,"Jun 4, 2024",1426,0
2020-10-10, -Y2Q97SKRM4,STORY TIME | ☀️🥲أول تسافيرة بوحدي,"Jun 4, 2024",1426,0
2020-10-11, -Y2Q97SKRM4,STORY TIME | ☀️🥲أول تسافيرة بوحدي,"Jun 4, 2024",1426,0
2020-10-12, -Y2Q97SKRM4,STORY TIME | ☀️🥲أول تسافيرة بوحدي,"Jun 4, 2024",1426,0
2020-10-13, -Y2Q97SKRM4,STORY TIME | ☀️🥲أول تسافيرة بوحدي,"Jun 4, 2024",1426,0
2020-10-14, -Y2Q97SKRM4,STORY TIME | ☀️🥲أول تسافيرة بوحدي,"Jun 4, 2024",1426,0
2020-10-15, -Y2Q97SKRM4,STORY TIME | ☀️🥲أول تسافيرة بوحدي,"Jun 4, 2024",1426,0
2020-10-16, -Y2Q97SKRM4,STORY TIME | ☀️🥲أول تسافيرة بوحدي,"Jun 4, 2024",1426,0
2020-10-17, -Y2Q97SKRM4,STORY TIME | ☀️🥲أول تسافيرة بوحدي,"Jun 4, 2024",1426,0
2020-10-18, -Y2Q97SKRM4,STORY TIME | ☀️🥲أول تسافيرة بوحدي,"Jun 4, 2024",1426,0
2020-10-19, -Y2Q97SKRM4,STORY TIME | ☀️🥲أول تسافيرة بوحدي,"Jun 4, 2024",1426,0
2020-10-20, -Y2Q97SKRM4,STORY TIME | ☀️🥲أول تسافيرة بوحدي,"Jun 4, 2024",1426,0
2020-10-21, -Y2Q97SKRM4,STORY TIME | ☀️🥲أول تسافيرة بوحدي,"Jun 4, 2024",1426,0
2020-10-22, -Y2Q97SKRM4,STORY TIME | ☀️🥲أول تسافيرة بوحدي,"Jun 4, 2024",1426,0
2020-10-23, -Y2Q97SKRM4,STORY TIME | ☀️🥲أول تسافيرة بوحدي,"Jun 4, 2024",1426,0
2020-10-24, -Y2Q97SKRM4,STORY TIME | ☀️🥲أول تسافيرة بوحدي,"Jun 4, 2024",1426,0
2020-10-25, -Y2Q97SKRM4,STORY TIME | ☀️🥲أول تسافيرة بوحدي,"Jun 4, 2024",1426,0
2020-10-26, -Y2Q97SKRM4,STORY TIME | ☀️🥲أول تسافيرة بوحدي,"Jun 4, 2024",1426,0
2020-10-27, -Y2Q97SKRM4,STORY TIME | ☀️🥲أول تسافيرة بوحدي,"Jun 4, 2024",1426,0
2020-10-28, -Y2Q97SKRM4,STORY TIME | ☀️🥲أول تسافيرة بوحدي,"Jun 4, 2024",1426,0
2020-10-29, -Y2Q97SKRM4,STORY TIME | ☀️🥲أول تسافيرة بوحدي,"Jun 4, 2024",1426,0
2020-10-30, -Y2Q97SKRM4,STORY TIME | ☀️🥲أول تسافيرة بوحدي,"Jun 4, 2024",1426,0
2020-10-31, -Y2Q97SKRM4,STORY TIME | ☀️🥲أول تسافيرة بوحدي,"Jun 4, 2024",1426,0
2020-11-01, -Y2Q97SKRM4,STORY TIME | ☀️🥲أول تسافيرة بوحدي,"Jun 4, 2024",1426,0
2020-11-02, -Y2Q97SKRM4,STORY TIME | ☀️🥲أول تسافيرة بوحدي,"Jun 4, 2024",1426,0
2020-11-03, -Y2Q97SKRM4,STORY TIME | ☀️🥲أول تسافيرة بوحدي,"Jun 4, 2024",1426,0
2020-11-04, -Y2Q97SKRM4,STORY TIME | ☀️🥲أول تسافيرة بوحدي,"Jun 4, 2024",1426,0
2020-11-05, -Y2Q97SKRM4,STORY TIME | ☀️🥲أول تسافيرة بوحدي,"Jun 4, 2024",1426,0
2020-11-06, -Y2Q97SKRM4,STORY TIME | ☀️🥲أول تسافيرة بوحدي,"Jun 4, 2024",1426,0
2020-11-07, -Y2Q97SKRM4,STORY TIME | ☀️🥲أول تسافيرة بوحدي,"Jun 4, 2024",1426,0
2020-11-08, -Y2Q97SKRM4,STORY TIME | ☀️🥲أول تسافيرة بوحدي,"Jun 4, 2024",1426,0
2020-11-09, -Y2Q97SKRM4,STORY TIME | ☀️🥲أول تسافيرة بوحدي,"Jun 4, 2024",1426,0
2020-11-10, -Y2Q97SKRM4,STORY TIME | ☀️🥲أول تسافيرة بوحدي,"Jun 4, 2024",1426,0
2020-11-11, -Y2Q97SKRM4,STORY TIME | ☀️🥲أول تسافيرة بوحدي,"Jun 4, 2024",1426,0
2020-11-12, -Y2Q97SKRM4,STORY TIME | ☀️🥲أول تسافيرة بوحدي,"Jun 4, 2024",1426,0
2020-11-13, -Y2Q97SKRM4,STORY TIME | ☀️🥲أول تسافيرة بوحدي,"Jun 4, 2024",1426,0
2020-11-14, -Y2Q97SKRM4,STORY TIME | ☀️🥲أول تسافيرة بوحدي,"Jun 4, 2024",1426,0
2020-11-15, -Y2Q97SKRM4,STORY TIME | ☀️🥲أول تسافيرة بوحدي,"Jun 4, 2024",1426,0
2020-11-16, -Y2Q97SKRM4,STORY TIME | ☀️🥲أول تسافيرة بوحدي,"Jun 4, 2024",1426,0
2020-11-17, -Y2Q97SKRM4,STORY TIME | ☀️🥲أول تسافيرة بوحدي,"Jun 4, 2024",1426,0
2020-11-18, -Y2Q97SKRM4,STORY TIME | ☀️🥲أول تسافيرة بوحدي,"Jun 4, 2024",1426,0
2020-11-19, -Y2Q97SKRM4,STORY TIME | ☀️🥲أول تسافيرة بوحدي,"Jun 4, 2024",1426,0
2020-11-20, -Y2Q97SKRM4,STORY TIME | ☀️🥲أول تسافيرة بوحدي,"Jun 4, 2024",1426,0
2020-11-21, -Y2Q97SKRM4,STORY TIME | ☀️🥲أول تسافيرة بوحدي,"Jun 4, 2024",1426,0
2020-11-22, -Y2Q97SKRM4,STORY TIME | ☀️🥲أول تسافيرة بوحدي,"Jun 4, 2024",1426,0
2020-11-23, -Y2Q97SKRM4,STORY TIME | ☀️🥲أول تسافيرة بوحدي,"Jun 4, 2024",1426,0
2020-11-24, -Y2Q97SKRM4,STORY TIME | ☀️🥲أول تسافيرة بوحدي,"Jun 4, 2024",1426,0
2020-11-25, -Y2Q97SKRM4,STORY TIME | ☀️🥲أول تسافيرة بوحدي,"Jun 4, 2024",1426,0
2020-11-26, -Y2Q97SKRM4,STORY TIME | ☀️🥲أول تسافيرة بوحدي,"Jun 4, 2024",1426,0
2020-11-27, -Y2Q97SKRM4,STORY TIME | ☀️🥲أول تسافيرة بوحدي,"Jun 4, 2024",1426,0
2020-11-28, -Y2Q97SKRM4,STORY TIME | ☀️🥲أول تسافيرة بوحدي,"Jun 4, 2024",1426,0
2020-11-29, -Y2Q97SKRM4,STORY TIME | ☀️🥲أول تسافيرة بوحدي,"Jun 4, 2024",1426,0
2020-11-30, -Y2Q97SKRM4,STORY TIME | ☀️🥲أول تسافيرة بوحدي,"Jun 4, 2024",1426,0
2020-12-01, -Y2Q97SKRM4,STORY TIME | ☀️🥲أول تسافيرة بوحدي,"Jun 4, 2024",1426,0
2020-12-02, -Y2Q97SKRM4,STORY TIME | ☀️🥲أول تسافيرة بوحدي,"Jun 4, 2024",1426,0
2020-12-03, -Y2Q97SKRM4,STORY TIME | ☀️🥲أول تسافيرة بوحدي,"Jun 4, 2024",1426,0
2020-12-04, -Y2Q97SKRM4,STORY TIME | ☀️🥲أول تسافيرة بوحدي,"Jun 4, 2024",1426,0
2020-12-05, -Y2Q97SKRM4,STORY TIME | ☀️🥲أول تسافيرة بوحدي,"Jun 4, 2024",1426,0
2020-12-06, -Y2Q97SKRM4,STORY TIME | ☀️🥲أول تسافيرة بوحدي,"Jun 4, 2024",1426,0
2020-12-07, -Y2Q97SKRM4,STORY TIME | ☀️🥲أول تسافيرة بوحدي,"Jun 4, 2024",1426,0
2020-12-08, -Y2Q97SKRM4,STORY TIME | ☀️🥲أول تسافيرة بوحدي,"Jun 4, 2024",1426,0
2020-12-09, -Y2Q97SKRM4,STORY TIME | ☀️🥲أول تسافيرة بوحدي,"Jun 4, 2024",1426,0
2020-12-10, -Y2Q97SKRM4,STORY TIME | ☀️🥲أول تسافيرة بوحدي,"Jun 4, 2024",1426,0
2020-12-11, -Y2Q97SKRM4,STORY TIME | ☀️🥲أول تسافيرة بوحدي,"Jun 4, 2024",1426,0
2020-12-12, -Y2Q97SKRM4,STORY TIME | ☀️🥲أول تسافيرة بوحدي,"Jun 4, 2024",1426,0
2020-12-13, -Y2Q97SKRM4,STORY TIME | ☀️🥲أول تسافيرة بوحدي,"Jun 4, 2024",1426,0
2020-12-14, -Y2Q97SKRM4,STORY TIME | ☀️🥲أول تسافيرة بوحدي,"Jun 4, 2024",1426,0
2020-12-15, -Y2Q97SKRM4,STORY TIME | ☀️🥲أول تسافيرة بوحدي,"Jun 4, 2024",1426,0
2020-12-16, -Y2Q97SKRM4,STORY TIME | ☀️🥲أول تسافيرة بوحدي,"Jun 4, 2024",1426,0
2020-12-17, -Y2Q97SKRM4,STORY TIME | ☀️🥲أول تسافيرة بوحدي,"Jun 4, 2024",1426,0
2020-12-18, -Y2Q97SKRM4,STORY TIME | ☀️🥲أول تسافيرة بوحدي,"Jun 4, 2024",1426,0
2020-12-19, -Y2Q97SKRM4,STORY TIME | ☀️🥲أول تسافيرة بوحدي,"Jun 4, 2024",1426,0
2020-12-20, -Y2Q97SKRM4,STORY TIME | ☀️🥲أول تسافيرة بوحدي,"Jun 4, 2024",1426,0
2020-12-21, -Y2Q97SKRM4,STORY TIME | ☀️🥲أول تسافيرة بوحدي,"Jun 4, 2024",1426,0
2020-12-22, -Y2Q97SKRM4,STORY TIME | ☀️🥲أول تسافيرة بوحدي,"Jun 4, 2024",1426,0
2020-12-23, -Y2Q97SKRM4,STORY TIME | ☀️🥲أول تسافيرة بوحدي,"Jun 4, 2024",1426,0
2020-12-24, -Y2Q97SKRM4,STORY TIME | ☀️🥲أول تسافيرة بوحدي,"Jun 4, 2024",1426,0
2020-12-25, -Y2Q97SKRM4,STORY TIME | ☀️🥲أول تسافيرة بوحدي,"Jun 4, 2024",1426,0
2020-12-26, -Y2Q97SKRM4,STORY TIME | ☀️🥲أول تسافيرة بوحدي,"Jun 4, 2024",1426,0
2020-12-27, -Y2Q97SKRM4,STORY TIME | ☀️🥲أول تسافيرة بوحدي,"Jun 4, 2024",1426,0
2020-12-28, -Y2Q97SKRM4,STORY TIME | ☀️🥲أول تسافيرة بوحدي,"Jun 4, 2024",1426,0
2020-12-29, -Y2Q97SKRM4,STORY TIME | ☀️🥲أول تسافيرة بوحدي,"Jun 4, 2024",1426,0
2020-12-30, -Y2Q97SKRM4,STORY TIME | ☀️🥲أول تسافيرة بوحدي,"Jun 4, 2024",1426,0
2020-12-31, -Y2Q97SKRM4,STORY TIME | ☀️🥲أول تسافيرة بوحدي,"Jun 4, 2024",1426,0
2021-01-01, -Y2Q97SKRM4,STORY TIME | ☀️🥲أول تسافيرة بوحدي,"Jun 4, 2024",1426,0
2021-01-02, -Y2Q97SKRM4,STORY TIME | ☀️🥲أول تسافيرة بوحدي,"Jun 4, 2024",1426,0
2021-01-03, -Y2Q97SKRM4,STORY TIME | ☀️🥲أول تسافيرة بوحدي,"Jun 4, 2024",1426,0
2021-01-04, -Y2Q97SKRM4,STORY TIME | ☀️🥲أول تسافيرة بوحدي,"Jun 4, 2024",1426,0
2021-01-05, -Y2Q97SKRM4,STORY TIME | ☀️🥲أول تسافيرة بوحدي,"Jun 4, 2024",1426,0
2021-01-06, -Y2Q97SKRM4,STORY TIME | ☀️🥲أول تسافيرة بوحدي,"Jun 4, 2024",1426,0
2021-01-07, -Y2Q97SKRM4,STORY TIME | ☀️🥲أول تسافيرة بوحدي,"Jun 4, 2024",1426,0
2021-01-08, -Y2Q97SKRM4,STORY TIME | ☀️🥲أول تسافيرة بوحدي,"Jun 4, 2024",1426,0
2021-01-09, -Y2Q97SKRM4,STORY TIME | ☀️🥲أول تسافيرة بوحدي,"Jun 4, 2024",1426,0
2021-01-10, -Y2Q97SKRM4,STORY TIME | ☀️🥲أول تسافيرة بوحدي,"Jun 4, 2024",1426,0
2021-01-11, -Y2Q97SKRM4,STORY TIME | ☀️🥲أول تسافيرة بوحدي,"Jun 4, 2024",1426,0
2021-01-12, -Y2Q97SKRM4,STORY TIME | ☀️🥲أول تسافيرة بوحدي,"Jun 4, 2024",1426,0
2021-01-13, -Y2Q97SKRM4,STORY TIME | ☀️🥲أول تسافيرة بوحدي,"Jun 4, 2024",1426,0
2021-01-14, -Y2Q97SKRM4,STORY TIME | ☀️🥲أول تسافيرة بوحدي,"Jun 4, 2024",1426,0
2021-01-15, -Y2Q97SKRM4,STORY TIME | ☀️🥲أول تسافيرة بوحدي,"Jun 4, 2024",1426,0
2021-01-16, -Y2Q97SKRM4,STORY TIME | ☀️🥲أول تسافيرة بوحدي,"Jun 4, 2024",1426,0
2021-01-17, -Y2Q97SKRM4,STORY TIME | ☀️🥲أول تسافيرة بوحدي,"Jun 4, 2024",1426,0
2021-01-18, -Y2Q97SKRM4,STORY TIME | ☀️🥲أول تسافيرة بوحدي,"Jun 4, 2024",1426,0
2021-01-19, -Y2Q97SKRM4,STORY TIME | ☀️🥲أول تسافيرة بوحدي,"Jun 4, 2024",1426,0
2021-01-20, -Y2Q97SKRM4,STORY TIME | ☀️🥲أول تسافيرة بوحدي,"Jun 4, 2024",1426,0
2021-01-21, -Y2Q97SKRM4,STORY TIME | ☀️🥲أول تسافيرة بوحدي,"Jun 4, 2024",1426,0
2021-01-22, -Y2Q97SKRM4,STORY TIME | ☀️🥲أول تسافيرة بوحدي,"Jun 4, 2024",1426,0
2021-01-23, -Y2Q97SKRM4,STORY TIME | ☀️🥲أول تسافيرة بوحدي,"Jun 4, 2024",1426,0
2021-01-24, -Y2Q97SKRM4,STORY TIME | ☀️🥲أول تسافيرة بوحدي,"Jun 4, 2024",1426,0
2021-01-25, -Y2Q97SKRM4,STORY TIME | ☀️🥲أول تسافيرة بوحدي,"Jun 4, 2024",1426,0
2021-01-26, -Y2Q97SKRM4,STORY TIME | ☀️🥲أول تسافيرة بوحدي,"Jun 4, 2024",1426,0
2021-01-27, -Y2Q97SKRM4,STORY TIME | ☀️🥲أول تسافيرة بوحدي,"Jun 4, 2024",1426,0
2021-01-28, -Y2Q97SKRM4,STORY TIME | ☀️🥲أول تسافيرة بوحدي,"Jun 4, 2024",1426,0
2021-01-29, -Y2Q97SKRM4,STORY TIME | ☀️🥲أول تسافيرة بوحدي,"Jun 4, 2024",1426,0
2021-01-30, -Y2Q97SKRM4,STORY TIME | ☀️🥲أول تسافيرة بوحدي,"Jun 4, 2024",1426,0
2021-01-31, -Y2Q97SKRM4,STORY TIME | ☀️🥲أول تسافيرة بوحدي,"Jun 4, 2024",1426,0
2021-02-01, -Y2Q97SKRM4,STORY TIME | ☀️🥲أول تسافيرة بوحدي,"Jun 4, 2024",1426,0
2021-02-02, -Y2Q97SKRM4,STORY TIME | ☀️🥲أول تسافيرة بوحدي,"Jun 4, 2024",1426,0
2021-02-03, -Y2Q97SKRM4,STORY TIME | ☀️🥲أول تسافيرة بوحدي,"Jun 4, 2024",1426,0
2021-02-04, -Y2Q97SKRM4,STORY TIME | ☀️🥲أول تسافيرة بوحدي,"Jun 4, 2024",1426,0
2021-02-05, -Y2Q97SKRM4,STORY TIME | ☀️🥲أول تسافيرة بوحدي,"Jun 4, 2024",1426,0
2021-02-06, -Y2Q97SKRM4,STORY TIME | ☀️🥲أول تسافيرة بوحدي,"Jun 4, 2024",1426,0
2021-02-07, -Y2Q97SKRM4,STORY TIME | ☀️🥲أول تسافيرة بوحدي,"Jun 4, 2024",1426,0
2021-02-08, -Y2Q97SKRM4,STORY TIME | ☀️🥲أول تسافيرة بوحدي,"Jun 4, 2024",1426,0
2021-02-09, -Y2Q97SKRM4,STORY TIME | ☀️🥲أول تسافيرة بوحدي,"Jun 4, 2024",1426,0
2021-02-10, -Y2Q97SKRM4,STORY TIME | ☀️🥲أول تسافيرة بوحدي,"Jun 4, 2024",1426,0
2021-02-11, -Y2Q97SKRM4,STORY TIME | ☀️🥲أول تسافيرة بوحدي,"Jun 4, 2024",1426,0
2021-02-12, -Y2Q97SKRM4,STORY TIME | ☀️🥲أول تسافيرة بوحدي,"Jun 4, 2024",1426,0
2021-02-13, -Y2Q97SKRM4,STORY TIME | ☀️🥲أول تسافيرة بوحدي,"Jun 4, 2024",1426,0
2021-02-14, -Y2Q97SKRM4,STORY TIME | ☀️🥲أول تسافيرة بوحدي,"Jun 4, 2024",1426,0
2021-02-15, -Y2Q97SKRM4,STORY TIME | ☀️🥲أول تسافيرة بوحدي,"Jun 4, 2024",1426,0
2021-02-16, -Y2Q97SKRM4,STORY TIME | ☀️🥲أول تسافيرة بوحدي,"Jun 4, 2024",1426,0
2021-02-17, -Y2Q97SKRM4,STORY TIME | ☀️🥲أول تسافيرة بوحدي,"Jun 4, 2024",1426,0
2021-02-18, -Y2Q97SKRM4,STORY TIME | ☀️🥲أول تسافيرة بوحدي,"Jun 4, 2024",1426,0
2021-02-19, -Y2Q97SKRM4,STORY TIME | ☀️🥲أول تسافيرة بوحدي,"Jun 4, 2024",1426,0
2021-02-20, -Y2Q97SKRM4,STORY TIME | ☀️🥲أول تسافيرة بوحدي,"Jun 4, 2024",1426,0
2021-02-21, -Y2Q97SKRM4,STORY TIME | ☀️🥲أول تسافيرة بوحدي,"Jun 4, 2024",1426,0
2021-02-22, -Y2Q97SKRM4,STORY TIME | ☀️🥲أول تسافيرة بوحدي,"Jun 4, 2024",1426,0
2021-02-23, -Y2Q97SKRM4,STORY TIME | ☀️🥲أول تسافيرة بوحدي,"Jun 4, 2024",1426,0
2021-02-24, -Y2Q97SKRM4,STORY TIME | ☀️🥲أول تسافيرة بوحدي,"Jun 4, 2024",1426,0
2021-02-25, -Y2Q97SKRM4,STORY TIME | ☀️🥲أول تسافيرة بوحدي,"Jun 4, 2024",1426,0
2021-02-26, -Y2Q97SKRM4,STORY TIME | ☀️🥲أول تسافيرة بوحدي,"Jun 4, 2024",1426,0
2021-02-27, -Y2Q97SKRM4,STORY TIME | ☀️🥲أول تسافيرة بوحدي,"Jun 4, 2024",1426,0
2021-02-28, -Y2Q97SKRM4,STORY TIME | ☀️🥲أول تسافيرة بوحدي,"Jun 4, 2024",1426,0
2021-03-01, -Y2Q97SKRM4,STORY TIME | ☀️🥲أول تسافيرة بوحدي,"Jun 4, 2024",1426,0
2021-03-02, -Y2Q97SKRM4,STORY TIME | ☀️🥲أول تسافيرة بوحدي,"Jun 4, 2024",1426,0
2021-03-03, -Y2Q97SKRM4,STORY TIME | ☀️🥲أول تسافيرة بوحدي,"Jun 4, 2024",1426,0
2021-03-04, -Y2Q97SKRM4,STORY TIME | ☀️🥲أول تسافيرة بوحدي,"Jun 4, 2024",1426,0
2021-03-05, -Y2Q97SKRM4,STORY TIME | ☀️🥲أول تسافيرة بوحدي,"Jun 4, 2024",1426,0
2021-03-06, -Y2Q97SKRM4,STORY TIME | ☀️🥲أول تسافيرة بوحدي,"Jun 4, 2024",1426,0
2021-03-07, -Y2Q97SKRM4,STORY TIME | ☀️🥲أول تسافيرة بوحدي,"Jun 4, 2024",1426,0
2021-03-08, -Y2Q97SKRM4,STORY TIME | ☀️🥲أول تسافيرة بوحدي,"Jun 4, 2024",1426,0
2021-03-09, -Y2Q97SKRM4,STORY TIME | ☀️🥲أول تسافيرة بوحدي,"Jun 4, 2024",1426,0
2021-03-10, -Y2Q97SKRM4,STORY TIME | ☀️🥲أول تسافيرة بوحدي,"Jun 4, 2024",1426,0
2021-03-11, -Y2Q97SKRM4,STORY TIME | ☀️🥲أول تسافيرة بوحدي,"Jun 4, 2024",1426,0
2021-03-12, -Y2Q97SKRM4,STORY TIME | ☀️🥲أول تسافيرة بوحدي,"Jun 4, 2024",1426,0
2021-03-13, -Y2Q97SKRM4,STORY TIME | ☀️🥲أول تسافيرة بوحدي,"Jun 4, 2024",1426,0
2021-03-14, -Y2Q97SKRM4,STORY TIME | ☀️🥲أول تسافيرة بوحدي,"Jun 4, 2024",1426,0
2021-03-15, -Y2Q97SKRM4,STORY TIME | ☀️🥲أول تسافيرة بوحدي,"Jun 4, 2024",1426,0
2021-03-16, -Y2Q97SKRM4,STORY TIME | ☀️🥲أول تسافيرة بوحدي,"Jun 4, 2024",1426,0
2021-03-17, -Y2Q97SKRM4,STORY TIME | ☀️🥲أول تسافيرة بوحدي,"Jun 4, 2024",1426,0
2021-03-18, -Y2Q97SKRM4,STORY TIME | ☀️🥲أول تسافيرة بوحدي,"Jun 4, 2024",1426,0
2021-03-19, -Y2Q97SKRM4,STORY TIME | ☀️🥲أول تسافيرة بوحدي,"Jun 4, 2024",1426,0
2021-03-20, -Y2Q97SKRM4,STORY TIME | ☀️🥲أول تسافيرة بوحدي,"Jun 4, 2024",1426,0
2021-03-21, -Y2Q97SKRM4,STORY TIME | ☀️🥲أول تسافيرة بوحدي,"Jun 4, 2024",1426,0
2021-03-22, -Y2Q97SKRM4,STORY TIME | ☀️🥲أول تسافيرة بوحدي,"Jun 4, 2024",1426,0
2021-03-23, -Y2Q97SKRM4,STORY TIME | ☀️🥲أول تسافيرة بوحدي,"Jun 4, 2024",1426,0
2021-03-24, -Y2Q97SKRM4,STORY TIME | ☀️🥲أول تسافيرة بوحدي,"Jun 4, 2024",1426,0
2021-03-25, -Y2Q97SKRM4,STORY TIME | ☀️🥲أول تسافيرة بوحدي,"Jun 4, 2024",1426,0
2021-03-26, -Y2Q97SKRM4,STORY TIME | ☀️🥲أول تسافيرة بوحدي,"Jun 4, 2024",1426,0
2021-03-27, -Y2Q97SKRM4,STORY TIME | ☀️🥲أول تسافيرة بوحدي,"Jun 4, 2024",1426,0
2021-03-28, -Y2Q97SKRM4,STORY TIME | ☀️🥲أول تسافيرة بوحدي,"Jun 4, 2024",1426,0
2021-03-29, -Y2Q97SKRM4,STORY TIME | ☀️🥲أول تسافيرة بوحدي,"Jun 4, 2024",1426,0
2021-03-30, -Y2Q97SKRM4,STORY TIME | ☀️🥲أول تسافيرة بوحدي,"Jun 4, 2024",1426,0
2021-03-31, -Y2Q97SKRM4,STORY TIME | ☀️🥲أول تسافيرة بوحدي,"Jun 4, 2024",1426,0
2021-04-01, -Y2Q97SKRM4,STORY TIME | ☀️🥲أول تسافيرة بوحدي,"Jun 4, 2024",1426,0
2021-04-02, -Y2Q97SKRM4,STORY TIME | ☀️🥲أول تسافيرة بوحدي,"Jun 4, 2024",1426,0
2021-04-03, -Y2Q97SKRM4,STORY TIME | ☀️🥲أول تسافيرة بوحدي,"Jun 4, 2024",1426,0
2021-04-04, -Y2Q97SKRM4,STORY TIME | ☀️🥲أول تسافيرة بوحدي,"Jun 4, 2024",1426,0
2021-04-05, -Y2Q97SKRM4,STORY TIME | ☀️🥲أول تسافيرة بوحدي,"Jun 4, 2024",1426,0
2021-04-06, -Y2Q97SKRM4,STORY TIME | ☀️🥲أول تسافيرة بوحدي,"Jun 4, 2024",1426,0
2021-04-07, -Y2Q97SKRM4,STORY TIME | ☀️🥲أول تسافيرة بوحدي,"Jun 4, 2024",1426,0
2021-04-08, -Y2Q97SKRM4,STORY TIME | ☀️🥲أول تسافيرة بوحدي,"Jun 4, 2024",1426,0
2021-04-09, -Y2Q97SKRM4,STORY TIME | ☀️🥲أول تسافيرة بوحدي,"Jun 4, 2024",1426,0
2021-04-10, -Y2Q97SKRM4,STORY TIME | ☀️🥲أول تسافيرة بوحدي,"Jun 4, 2024",1426,0
2021-04-11, -Y2Q97SKRM4,STORY TIME | ☀️🥲أول تسافيرة بوحدي,"Jun 4, 2024",1426,0
2021-04-12, -Y2Q97SKRM4,STORY TIME | ☀️🥲أول تسافيرة بوحدي,"Jun 4, 2024",1426,0
2021-04-13, -Y2Q97SKRM4,STORY TIME | ☀️🥲أول تسافيرة بوحدي,"Jun 4, 2024",1426,0
2021-04-14, -Y2Q97SKRM4,STORY TIME | ☀️🥲أول تسافيرة بوحدي,"Jun 4, 2024",1426,0
2021-04-15, -Y2Q97SKRM4,STORY TIME | ☀️🥲أول تسافيرة بوحدي,"Jun 4, 2024",1426,0
2021-04-16, -Y2Q97SKRM4,STORY TIME | ☀️🥲أول تسافيرة بوحدي,"Jun 4, 2024",1426,0
2021-04-17, -Y2Q97SKRM4,STORY TIME | ☀️🥲أول تسافيرة بوحدي,"Jun 4, 2024",1426,0
2021-04-18, -Y2Q97SKRM4,STORY TIME | ☀️🥲أول تسافيرة بوحدي,"Jun 4, 2024",1426,0
2021-04-19, -Y2Q97SKRM4,STORY TIME | ☀️🥲أول تسافيرة بوحدي,"Jun 4, 2024",1426,0
2021-04-20, -Y2Q97SKRM4,STORY TIME | ☀️🥲أول تسافيرة بوحدي,"Jun 4, 2024",1426,0
2021-04-21, -Y2Q97SKRM4,STORY TIME | ☀️🥲أول تسافيرة بوحدي,"Jun 4, 2024",1426,0
2021-04-22, -Y2Q97SKRM4,STORY TIME | ☀️🥲أول تسافيرة بوحدي,"Jun 4, 2024",1426,0
2021-04-23, -Y2Q97SKRM4,STORY TIME | ☀️🥲أول تسافيرة بوحدي,"Jun 4, 2024",1426,0
2021-04-24, -Y2Q97SKRM4,STORY TIME | ☀️🥲أول تسافيرة بوحدي,"Jun 4, 2024",1426,0
2021-04-25, -Y2Q97SKRM4,STORY TIME | ☀️🥲أول تسافيرة بوحدي,"Jun 4, 2024",1426,0
2021-04-26, -Y2Q97SKRM4,STORY TIME | ☀️🥲أول تسافيرة بوحدي,"Jun 4, 2024",1426,0
2021-04-27, -Y2Q97SKRM4,STORY TIME | ☀️🥲أول تسافيرة بوحدي,"Jun 4, 2024",1426,0
2021-04-28, -Y2Q97SKRM4,STORY TIME | ☀️🥲أول تسافيرة بوحدي,"Jun 4, 2024",1426,0
2021-04-29, -Y2Q97SKRM4,STORY TIME | ☀️🥲أول تسافيرة بوحدي,"Jun 4, 2024",1426,0
2021-04-30, -Y2Q97SKRM4,STORY TIME | ☀️🥲أول تسافيرة بوحدي,"Jun 4, 2024",1426,0
2021-05-01, -Y2Q97SKRM4,STORY TIME | ☀️🥲أول تسافيرة بوحدي,"Jun 4, 2024",1426,0
2021-05-02, -Y2Q97SKRM4,STORY TIME | ☀️🥲أول تسافيرة بوحدي,"Jun 4, 2024",1426,0
2021-05-03, -Y2Q97SKRM4,STORY TIME | ☀️🥲أول تسافيرة بوحدي,"Jun 4, 2024",1426,0
2021-05-04, -Y2Q97SKRM4,STORY TIME | ☀️🥲أول تسافيرة بوحدي,"Jun 4, 2024",1426,0
2021-05-05, -Y2Q97SKRM4,STORY TIME | ☀️🥲أول تسافيرة بوحدي,"Jun 4, 2024",1426,0
2021-05-06, -Y2Q97SKRM4,STORY TIME | ☀️🥲أول تسافيرة بوحدي,"Jun 4, 2024",1426,0
2021-05-07, -Y2Q97SKRM4,STORY TIME | ☀️🥲أول تسافيرة بوحدي,"Jun 4, 2024",1426,0
2021-05-08, -Y2Q97SKRM4,STORY TIME | ☀️🥲أول تسافيرة بوحدي,"Jun 4, 2024",1426,0
2021-05-09, -Y2Q97SKRM4,STORY TIME | ☀️🥲أول تسافيرة بوحدي,"Jun 4, 2024",1426,0
2021-05-10, -Y2Q97SKRM4,STORY TIME | ☀️🥲أول تسافيرة بوحدي,"Jun 4, 2024",1426,0
2021-05-11, -Y2Q97SKRM4,STORY TIME | ☀️🥲أول تسافيرة بوحدي,"Jun 4, 2024",1426,0
2021-05-12, -Y2Q97SKRM4,STORY TIME | ☀️🥲أول تسافيرة بوحدي,"Jun 4, 2024",1426,0
2021-05-13, -Y2Q97SKRM4,STORY TIME | ☀️🥲أول تسافيرة بوحدي,"Jun 4, 2024",1426,0
2021-05-14, -Y2Q97SKRM4,STORY TIME | ☀️🥲أول تسافيرة بوحدي,"Jun 4, 2024",1426,0
2021-05-15, -Y2Q97SKRM4,STORY TIME | ☀️🥲أول تسافيرة بوحدي,"Jun 4, 2024",1426,0
2021-05-16, -Y2Q97SKRM4,STORY TIME | ☀️🥲أول تسافيرة بوحدي,"Jun 4, 2024",1426,0
2021-05-17, -Y2Q97SKRM4,STORY TIME | ☀️🥲أول تسافيرة بوحدي,"Jun 4, 2024",1426,0
2021-05-18, -Y2Q97SKRM4,STORY TIME | ☀️🥲أول تسافيرة بوحدي,"Jun 4, 2024",1426,0
2021-05-19, -Y2Q97SKRM4,STORY TIME | ☀️🥲أول تسافيرة بوحدي,"Jun 4, 2024",1426,0
2021-05-20, -Y2Q97SKRM4,STORY TIME | ☀️🥲أول تسافيرة بوحدي,"Jun 4, 2024",1426,0
2021-05-21, -Y2Q97SKRM4,STORY TIME | ☀️🥲أول تسافيرة بوحدي,"Jun 4, 2024",1426,0
2021-05-22, -Y2Q97SKRM4,STORY TIME | ☀️🥲أول تسافيرة بوحدي,"Jun 4, 2024",1426,0
2021-05-23, -Y2Q97SKRM4,STORY TIME | ☀️🥲أول تسافيرة بوحدي,"Jun 4, 2024",1426,0
2021-05-24, -Y2Q97SKRM4,STORY TIME | ☀️🥲أول تسافيرة بوحدي,"Jun 4, 2024",1426,0
2021-05-25, -Y2Q97SKRM4,STORY TIME | ☀️🥲أول تسافيرة بوحدي,"Jun 4, 2024",1426,0
2021-05-26, -Y2Q97SKRM4,STORY TIME | ☀️🥲أول تسافيرة بوحدي,"Jun 4, 2024",1426,0
2021-05-27, -Y2Q97SKRM4,STORY TIME | ☀️🥲أول تسافيرة بوحدي,"Jun 4, 2024",1426,0
2021-05-28, -Y2Q97SKRM4,STORY TIME | ☀️🥲أول تسافيرة بوحدي,"Jun 4, 2024",1426,0
2021-05-29, -Y2Q97SKRM4,STORY TIME | ☀️🥲أول تسافيرة بوحدي,"Jun 4, 2024",1426,0
2021-05-30, -Y2Q97SKRM4,STORY TIME | ☀️🥲أول تسافيرة بوحدي,"Jun 4, 2024",1426,0
2021-05-31, -Y2Q97SKRM4,STORY TIME | ☀️🥲أول تسافيرة بوحدي,"Jun 4, 2024",1426,0
2021-06-01, -Y2Q97SKRM4,STORY TIME | ☀️🥲أول تسافيرة بوحدي,"Jun 4, 2024",1426,0
2021-06-02, -Y2Q97SKRM4,STORY TIME | ☀️🥲أول تسافيرة بوحدي,"Jun 4, 2024",1426,0
2021-06-03, -Y2Q97SKRM4,STORY TIME | ☀️🥲أول تسافيرة بوحدي,"Jun 4, 2024",1426,0
2021-06-04, -Y2Q97SKRM4,STORY TIME | ☀️🥲أول تسافيرة بوحدي,"Jun 4, 2024",1426,0
2021-06-05, -Y2Q97SKRM4,STORY TIME | ☀️🥲أول تسافيرة بوحدي,"Jun 4, 2024",1426,0
2021-06-06, -Y2Q97SKRM4,STORY TIME | ☀️🥲أول تسافيرة بوحدي,"Jun 4, 2024",1426,0
2021-06-07, -Y2Q97SKRM4,STORY TIME | ☀️🥲أول تسافيرة بوحدي,"Jun 4, 2024",1426,0
2021-06-08, -Y2Q97SKRM4,STORY TIME | ☀️🥲أول تسافيرة بوحدي,"Jun 4, 2024",1426,0
2021-06-09, -Y2Q97SKRM4,STORY TIME | ☀️🥲أول تسافيرة بوحدي,"Jun 4, 2024",1426,0
2021-06-10, -Y2Q97SKRM4,STORY TIME | ☀️🥲أول تسافيرة بوحدي,"Jun 4, 2024",1426,0
2021-06-11, -Y2Q97SKRM4,STORY TIME | ☀️🥲أول تسافيرة بوحدي,"Jun 4, 2024",1426,0
2021-06-12, -Y2Q97SKRM4,STORY TIME | ☀️🥲أول تسافيرة بوحدي,"Jun 4, 2024",1426,0
2021-06-13, -Y2Q97SKRM4,STORY TIME | ☀️🥲أول تسافيرة بوحدي,"Jun 4, 2024",1426,0
2021-06-14, -Y2Q97SKRM4,STORY TIME | ☀️🥲أول تسافيرة بوحدي,"Jun 4, 2024",1426,0
2021-06-15, -Y2Q97SKRM4,STORY TIME | ☀️🥲أول تسافيرة بوحدي,"Jun 4, 2024",1426,0
2021-06-16, -Y2Q97SKRM4,STORY TIME | ☀️🥲أول تسافيرة بوحدي,"Jun 4, 2024",1426,0
2021-06-17, -Y2Q97SKRM4,STORY TIME | ☀️🥲أول تسافيرة بوحدي,"Jun 4, 2024",1426,0
2021-06-18, -Y2Q97SKRM4,STORY TIME | ☀️🥲أول تسافيرة بوحدي,"Jun 4, 2024",1426,0
2021-06-19, -Y2Q97SKRM4,STORY TIME | ☀️🥲أول تسافيرة بوحدي,"Jun 4, 2024",1426,0
2021-06-20, -Y2Q97SKRM4,STORY TIME | ☀️🥲أول تسافيرة بوحدي,"Jun 4, 2024",1426,0
2021-06-21, -Y2Q97SKRM4,STORY TIME | ☀️🥲أول تسافيرة بوحدي,"Jun 4, 2024",1426,0
2021-06-22, -Y2Q97SKRM4,STORY TIME | ☀️🥲أول تسافيرة بوحدي,"Jun 4, 2024",1426,0
2021-06-23, -Y2Q97SKRM4,STORY TIME | ☀️🥲أول تسافيرة بوحدي,"Jun 4, 2024",1426,0
2021-06-24, -Y2Q97SKRM4,STORY TIME | ☀️🥲أول تسافيرة بوحدي,"Jun 4, 2024",1426,0
2021-06-25, -Y2Q97SKRM4,STORY TIME | ☀️🥲أول تسافيرة بوحدي,"Jun 4, 2024",1426,0
2021-06-26, -Y2Q97SKRM4,STORY TIME | ☀️🥲أول تسافيرة بوحدي,"Jun 4, 2024",1426,0
2021-06-27, -Y2Q97SKRM4,STORY TIME | ☀️🥲أول تسافيرة بوحدي,"Jun 4, 2024",1426,0
2021-06-28, -Y2Q97SKRM4,STORY TIME | ☀️🥲أول تسافيرة بوحدي,"Jun 4, 2024",1426,0
2021-06-29, -Y2Q97SKRM4,STORY TIME | ☀️🥲أول تسافيرة بوحدي,"Jun 4, 2024",1426,0
2021-06-30, -Y2Q97SKRM4,STORY TIME | ☀️🥲أول تسافيرة بوحدي,"Jun 4, 2024",1426,0
2021-07-01, -Y2Q97SKRM4,STORY TIME | ☀️🥲أول تسافيرة بوحدي,"Jun 4, 2024",1426,0
2021-07-02, -Y2Q97SKRM4,STORY TIME | ☀️🥲أول تسافيرة بوحدي,"Jun 4, 2024",1426,0
2021-07-03, -Y2Q97SKRM4,STORY TIME | ☀️🥲أول تسافيرة بوحدي,"Jun 4, 2024",1426,0
2021-07-04, -Y2Q97SKRM4,STORY TIME | ☀️🥲أول تسافيرة بوحدي,"Jun 4, 2024",1426,0
2021-07-05, -Y2Q97SKRM4,STORY TIME | ☀️🥲أول تسافيرة بوحدي,"Jun 4, 2024",1426,0
2021-07-06, -Y2Q97SKRM4,STORY TIME | ☀️🥲أول تسافيرة بوحدي,"Jun 4, 2024",1426,0
2021-07-07, -Y2Q97SKRM4,STORY TIME | ☀️🥲أول تسافيرة بوحدي,"Jun 4, 2024",1426,0
2021-07-08, -Y2Q97SKRM4,STORY TIME | ☀️🥲أول تسافيرة بوحدي,"Jun 4, 2024",1426,0
2021-07-09, -Y2Q97SKRM4,STORY TIME | ☀️🥲أول تسافيرة بوحدي,"Jun 4, 2024",1426,0
2021-07-10, -Y2Q97SKRM4,STORY TIME | ☀️🥲أول تسافيرة بوحدي,"Jun 4, 2024",1426,0
2021-07-11, -Y2Q97SKRM4,STORY TIME | ☀️🥲أول تسافيرة بوحدي,"Jun 4, 2024",1426,0
2021-07-12, -Y2Q97SKRM4,STORY TIME | ☀️🥲أول تسافيرة بوحدي,"Jun 4, 2024",1426,0
2021-07-13, -Y2Q97SKRM4,STORY TIME | ☀️🥲أول تسافيرة بوحدي,"Jun 4, 2024",1426,0
2021-07-14, -Y2Q97SKRM4,STORY TIME | ☀️🥲أول تسافيرة بوحدي,"Jun 4, 2024",1426,0
2021-07-15, -Y2Q97SKRM4,STORY TIME | ☀️🥲أول تسافيرة بوحدي,"Jun 4, 2024",1426,0
2021-07-16, -Y2Q97SKRM4,STORY TIME | ☀️🥲أول تسافيرة بوحدي,"Jun 4, 2024",1426,0
2021-07-17, -Y2Q97SKRM4,STORY TIME | ☀️🥲أول تسافيرة بوحدي,"Jun 4, 2024",1426,0
2021-07-18, -Y2Q97SKRM4,STORY TIME | ☀️🥲أول تسافيرة بوحدي,"Jun 4, 2024",1426,0
2021-07-19, -Y2Q97SKRM4,STORY TIME | ☀️🥲أول تسافيرة بوحدي,"Jun 4, 2024",1426,0
2021-07-20, -Y2Q97SKRM4,STORY TIME | ☀️🥲أول تسافيرة بوحدي,"Jun 4, 2024",1426,0
2021-07-21, -Y2Q97SKRM4,STORY TIME | ☀️🥲أول تسافيرة بوحدي,"Jun 4, 2024",1426,0
2021-07-22, -Y2Q97SKRM4,STORY TIME | ☀️🥲أول تسافيرة بوحدي,"Jun 4, 2024",1426,0
2021-07-23, -Y2Q97SKRM4,STORY TIME | ☀️🥲أول تسافيرة بوحدي,"Jun 4, 2024",1426,0
2021-07-24, -Y2Q97SKRM4,STORY TIME | ☀️🥲أول تسافيرة بوحدي,"Jun 4, 2024",1426,0
2021-07-25, -Y2Q97SKRM4,STORY TIME | ☀️🥲أول تسافيرة بوحدي,"Jun 4, 2024",1426,0
2021-07-26, -Y2Q97SKRM4,STORY TIME | ☀️🥲أول تسافيرة بوحدي,"Jun 4, 2024",1426,0
2021-07-27, -Y2Q97SKRM4,STORY TIME | ☀️🥲أول تسافيرة بوحدي,"Jun 4, 2024",1426,0
2021-07-28, -Y2Q97SKRM4,STORY TIME | ☀️🥲أول تسافيرة بوحدي,"Jun 4, 2024",1426,0
2021-07-29, -Y2Q97SKRM4,STORY TIME | ☀️🥲أول تسافيرة بوحدي,"Jun 4, 2024",1426,0
2021-07-30, -Y2Q97SKRM4,STORY TIME | ☀️🥲أول تسافيرة بوحدي,"Jun 4, 2024",1426,0
2021-07-31, -Y2Q97SKRM4,STORY TIME | ☀️🥲أول تسافيرة بوحدي,"Jun 4, 2024",1426,0
2021-08-01, -Y2Q97SKRM4,STORY TIME | ☀️🥲أول تسافيرة بوحدي,"Jun 4, 2024",1426,0
2021-08-02, -Y2Q97SKRM4,STORY TIME | ☀️🥲أول تسافيرة بوحدي,"Jun 4, 2024",1426,0
2021-08-03, -Y2Q97SKRM4,STORY TIME | ☀️🥲أول تسافيرة بوحدي,"Jun 4, 2024",1426,0
2021-08-04, -Y2Q97SKRM4,STORY TIME | ☀️🥲أول تسافيرة بوحدي,"Jun 4, 2024",1426,0
2021-08-05, -Y2Q97SKRM4,STORY TIME | ☀️🥲أول تسافيرة بوحدي,"Jun 4, 2024",1426,0
2021-08-06, -Y2Q97SKRM4,STORY TIME | ☀️🥲أول تسافيرة بوحدي,"Jun 4, 2024",1426,0
2021-08-07, -Y2Q97SKRM4,STORY TIME | ☀️🥲أول تسافيرة بوحدي,"Jun 4, 2024",1426,0
2021-08-08, -Y2Q97SKRM4,STORY TIME | ☀️🥲أول تسافيرة بوحدي,"Jun 4, 2024",1426,0
2021-08-09, -Y2Q97SKRM4,STORY TIME | ☀️🥲أول تسافيرة بوحدي,"Jun 4, 2024",1426,0
2021-08-10, -Y2Q97SKRM4,STORY TIME | ☀️🥲أول تسافيرة بوحدي,"Jun 4, 2024",1426,0
2021-08-11, -Y2Q97SKRM4,STORY TIME | ☀️🥲أول تسافيرة بوحدي,"Jun 4, 2024",1426,0
2021-08-12, -Y2Q97SKRM4,STORY TIME | ☀️🥲أول تسافيرة بوحدي,"Jun 4, 2024",1426,0
2021-08-13, -Y2Q97SKRM4,STORY TIME | ☀️🥲أول تسافيرة بوحدي,"Jun 4, 2024",1426,0
2021-08-14, -Y2Q97SKRM4,STORY TIME | ☀️🥲أول تسافيرة بوحدي,"Jun 4, 2024",1426,0
2021-08-15, -Y2Q97SKRM4,STORY TIME | ☀️🥲أول تسافيرة بوحدي,"Jun 4, 2024",1426,0
2021-08-16, -Y2Q97SKRM4,STORY TIME | ☀️🥲أول تسافيرة بوحدي,"Jun 4, 2024",1426,0
2021-08-17, -Y2Q97SKRM4,STORY TIME | ☀️🥲أول تسافيرة بوحدي,"Jun 4, 2024",1426,0
2021-08-18, -Y2Q97SKRM4,STORY TIME | ☀️🥲أول تسافيرة بوحدي,"Jun 4, 2024",1426,0
2021-08-19, -Y2Q97SKRM4,STORY TIME | ☀️🥲أول تسافيرة بوحدي,"Jun 4, 2024",1426,0
2021-08-20, -Y2Q97SKRM4,STORY TIME | ☀️🥲أول تسافيرة بوحدي,"Jun 4, 2024",1426,0
2021-08-21, -Y2Q97SKRM4,STORY TIME | ☀️🥲أول تسافيرة بوحدي,"Jun 4, 2024",1426,0
2021-08-22, -Y2Q97SKRM4,STORY TIME | ☀️🥲أول تسافيرة بوحدي,"Jun 4, 2024",1426,0
2021-08-23, -Y2Q97SKRM4,STORY TIME | ☀️🥲أول تسافيرة بوحدي,"Jun 4, 2024",1426,0
2021-08-24, -Y2Q97SKRM4,STORY TIME | ☀️🥲أول تسافيرة بوحدي,"Jun 4, 2024",1426,0
2021-08-25, -Y2Q97SKRM4,STORY TIME | ☀️🥲أول تسافيرة بوحدي,"Jun 4, 2024",1426,0
2021-08-26, -Y2Q97SKRM4,STORY TIME | ☀️🥲أول تسافيرة بوحدي,"Jun 4, 2024",1426,0
2021-08-27, -Y2Q97SKRM4,STORY TIME | ☀️🥲أول تسافيرة بوحدي,"Jun 4, 2024",1426,0
2021-08-28, -Y2Q97SKRM4,STORY TIME | ☀️🥲أول تسافيرة بوحدي,"Jun 4, 2024",1426,0
2021-08-29, -Y2Q97SKRM4,STORY TIME | ☀️🥲أول تسافيرة بوحدي,"Jun 4, 2024",1426,0
2021-08-30, -Y2Q97SKRM4,STORY TIME | ☀️🥲أول تسافيرة بوحدي,"Jun 4, 2024",1426,0
2021-08-31, -Y2Q97SKRM4,STORY TIME | ☀️🥲أول تسافيرة بوحدي,"Jun 4, 2024",1426,0
2021-09-01, -Y2Q97SKRM4,STORY TIME | ☀️🥲أول تسافيرة بوحدي,"Jun 4, 2024",1426,0
2021-09-02, -Y2Q97SKRM4,STORY TIME | ☀️🥲أول تسافيرة بوحدي,"Jun 4, 2024",1426,0
2021-09-03, -Y2Q97SKRM4,STORY TIME | ☀️🥲أول تسافيرة بوحدي,"Jun 4, 2024",1426,0
2021-09-04, -Y2Q97SKRM4,STORY TIME | ☀️🥲أول تسافيرة بوحدي,"Jun 4, 2024",1426,0
2021-09-05, -Y2Q97SKRM4,STORY TIME | ☀️🥲أول تسافيرة بوحدي,"Jun 4, 2024",1426,0
2021-09-06, -Y2Q97SKRM4,STORY TIME | ☀️🥲أول تسافيرة بوحدي,"Jun 4, 2024",1426,0
2021-09-07, -Y2Q97SKRM4,STORY TIME | ☀️🥲أول تسافيرة بوحدي,"Jun 4, 2024",1426,0
2021-09-08, -Y2Q97SKRM4,STORY TIME | ☀️🥲أول تسافيرة بوحدي,"Jun 4, 2024",1426,0
2021-09-09, -Y2Q97SKRM4,STORY TIME | ☀️🥲أول تسافيرة بوحدي,"Jun 4, 2024",1426,0
2021-09-10, -Y2Q97SKRM4,STORY TIME | ☀️🥲أول تسافيرة بوحدي,"Jun 4, 2024",1426,0
2021-09-11, -Y2Q97SKRM4,STORY TIME | ☀️🥲أول تسافيرة بوحدي,"Jun 4, 2024",1426,0
2021-09-12, -Y2Q97SKRM4,STORY TIME | ☀️🥲أول تسافيرة بوحدي,"Jun 4, 2024",1426,0
2021-09-13, -Y2Q97SKRM4,STORY TIME | ☀️🥲أول تسافيرة بوحدي,"Jun 4, 2024",1426,0
2021-09-14, -Y2Q97SKRM4,STORY TIME | ☀️🥲أول تسافيرة بوحدي,"Jun 4, 2024",1426,0
2021-09-15, -Y2Q97SKRM4,STORY TIME | ☀️🥲أول تسافيرة بوحدي,"Jun 4, 2024",1426,0
2021-09-16, -Y2Q97SKRM4,STORY TIME | ☀️🥲أول تسافيرة بوحدي,"Jun 4, 2024",1426,0
2021-09-17, -Y2Q97SKRM4,STORY TIME | ☀️🥲أول تسافيرة بوحدي,"Jun 4, 2024",1426,0
2021-09-18, -Y2Q97SKRM4,STORY TIME | ☀️🥲أول تسافيرة بوحدي,"Jun 4, 2024",1426,0
2021-09-19, -Y2Q97SKRM4,STORY TIME | ☀️🥲أول تسافيرة بوحدي,"Jun 4, 2024",1426,0
2021-09-20, -Y2Q97SKRM4,STORY TIME | ☀️🥲أول تسافيرة بوحدي,"Jun 4, 2024",1426,0
2021-09-21, -Y2Q97SKRM4,STORY TIME | ☀️🥲أول تسافيرة بوحدي,"Jun 4, 2024",1426,0
2021-09-22, -Y2Q97SKRM4,STORY TIME | ☀️🥲أول تسافيرة بوحدي,"Jun 4, 2024",1426,0
2021-09-23, -Y2Q97SKRM4,STORY TIME | ☀️🥲أول تسافيرة بوحدي,"Jun 4, 2024",1426,0
2021-09-24, -Y2Q97SKRM4,STORY TIME | ☀️🥲أول تسافيرة بوحدي,"Jun 4, 2024",1426,0
2021-09-25, -Y2Q97SKRM4,STORY TIME | ☀️🥲أول تسافيرة بوحدي,"Jun 4, 2024",1426,0
2021-09-26, -Y2Q97SKRM4,STORY TIME | ☀️🥲أول تسافيرة بوحدي,"Jun 4, 2024",1426,0
2021-09-27, -Y2Q97SKRM4,STORY TIME | ☀️🥲أول تسافيرة بوحدي,"Jun 4, 2024",1426,0
2021-09-28, -Y2Q97SKRM4,STORY TIME | ☀️🥲أول تسافيرة بوحدي,"Jun 4, 2024",1426,0
2021-09-29, -Y2Q97SKRM4,STORY TIME | ☀️🥲أول تسافيرة بوحدي,"Jun 4, 2024",1426,0
2021-09-30, -Y2Q97SKRM4,STORY TIME | ☀️🥲أول تسافيرة بوحدي,"Jun 4, 2024",1426,0
2021-10-01, -Y2Q97SKRM4,STORY TIME | ☀️🥲أول تسافيرة بوحدي,"Jun 4, 2024",1426,0
2021-10-02, -Y2Q97SKRM4,STORY TIME | ☀️🥲أول تسافيرة بوحدي,"Jun 4, 2024",1426,0
2021-10-03, -Y2Q97SKRM4,STORY TIME | ☀️🥲أول تسافيرة بوحدي,"Jun 4, 2024",1426,0
2021-10-04, -Y2Q97SKRM4,STORY TIME | ☀️🥲أول تسافيرة بوحدي,"Jun 4, 2024",1426,0
2021-10-05, -Y2Q97SKRM4,STORY TIME | ☀️🥲أول تسافيرة بوحدي,"Jun 4, 2024",1426,0
2021-10-06, -Y2Q97SKRM4,STORY TIME | ☀️🥲أول تسافيرة بوحدي,"Jun 4, 2024",1426,0
2021-10-07, -Y2Q97SKRM4,STORY TIME | ☀️🥲أول تسافيرة بوحدي,"Jun 4, 2024",1426,0
2021-10-08, -Y2Q97SKRM4,STORY TIME | ☀️🥲أول تسافيرة بوحدي,"Jun 4, 2024",1426,0
2021-10-09, -Y2Q97SKRM4,STORY TIME | ☀️🥲أول تسافيرة بوحدي,"Jun 4, 2024",1426,0
2021-10-10, -Y2Q97SKRM4,STORY TIME | ☀️🥲أول تسافيرة بوحدي,"Jun 4, 2024",1426,0
2021-10-11, -Y2Q97SKRM4,STORY TIME | ☀️🥲أول تسافيرة بوحدي,"Jun 4, 2024",1426,0
2021-10-12, -Y2Q97SKRM4,STORY TIME | ☀️🥲أول تسافيرة بوحدي,"Jun 4, 2024",1426,0
2021-10-13, -Y2Q97SKRM4,STORY TIME | ☀️🥲أول تسافيرة بوحدي,"Jun 4, 2024",1426,0
2021-10-14, -Y2Q97SKRM4,STORY TIME | ☀️🥲أول تسافيرة بوحدي,"Jun 4, 2024",1426,0
2021-10-15, -Y2Q97SKRM4,STORY TIME | ☀️🥲أول تسافيرة بوحدي,"Jun 4, 2024",1426,0
2021-10-16, -Y2Q97SKRM4,STORY TIME | ☀️🥲أول تسافيرة بوحدي,"Jun 4, 2024",1426,0
2021-10-17, -Y2Q97SKRM4,STORY TIME | ☀️🥲أول تسافيرة بوحدي,"Jun 4, 2024",1426,0
2021-10-18, -Y2Q97SKRM4,STORY TIME | ☀️🥲أول تسافيرة بوحدي,"Jun 4, 2024",1426,0
2021-10-19, -Y2Q97SKRM4,STORY TIME | ☀️🥲أول تسافيرة بوحدي,"Jun 4, 2024",1426,0
2021-10-20, -Y2Q97SKRM4,STORY TIME | ☀️🥲أول تسافيرة بوحدي,"Jun 4, 2024",1426,0
2021-10-21, -Y2Q97SKRM4,STORY TIME | ☀️🥲أول تسافيرة بوحدي,"Jun 4, 2024",1426,0
2021-10-22, -Y2Q97SKRM4,STORY TIME | ☀️🥲أول تسافيرة بوحدي,"Jun 4, 2024",1426,0
2021-10-23, -Y2Q97SKRM4,STORY TIME | ☀️🥲أول تسافيرة بوحدي,"Jun 4, 2024",1426,0
2021-10-24, -Y2Q97SKRM4,STORY TIME | ☀️🥲أول تسافيرة بوحدي,"Jun 4, 2024",1426,0
2021-10-25, -Y2Q97SKRM4,STORY TIME | ☀️🥲أول تسافيرة بوحدي,"Jun 4, 2024",1426,0
2021-10-26, -Y2Q97SKRM4,STORY TIME | ☀️🥲أول تسافيرة بوحدي,"Jun 4, 2024",1426,0
2021-10-27, -Y2Q97SKRM4,STORY TIME | ☀️🥲أول تسافيرة بوحدي,"Jun 4, 2024",1426,0
2021-10-28, -Y2Q97SKRM4,STORY TIME | ☀️🥲أول تسافيرة بوحدي,"Jun 4, 2024",1426,0
2021-10-29, -Y2Q97SKRM4,STORY TIME | ☀️🥲أول تسافيرة بوحدي,"Jun 4, 2024",1426,0
2021-10-30, -Y2Q97SKRM4,STORY TIME | ☀️🥲أول تسافيرة بوحدي,"Jun 4, 2024",1426,0
2021-10-31, -Y2Q97SKRM4,STORY TIME | ☀️🥲أول تسافيرة بوحدي,"Jun 4, 2024",1426,0
2021-11-01, -Y2Q97SKRM4,STORY TIME | ☀️🥲أول تسافيرة بوحدي,"Jun 4, 2024",1426,0
2021-11-02, -Y2Q97SKRM4,STORY TIME | ☀️🥲أول تسافيرة بوحدي,"Jun 4, 2024",1426,0
2021-11-03, -Y2Q97SKRM4,STORY TIME | ☀️🥲أول تسافيرة بوحدي,"Jun 4, 2024",1426,0
2021-11-04, -Y2Q97SKRM4,STORY TIME | ☀️🥲أول تسافيرة بوحدي,"Jun 4, 2024",1426,0
2021-11-05, -Y2Q97SKRM4,STORY TIME | ☀️🥲أول تسافيرة بوحدي,"Jun 4, 2024",1426,0
2021-11-06, -Y2Q97SKRM4,STORY TIME | ☀️🥲أول تسافيرة بوحدي,"Jun 4, 2024",1426,0
2021-11-07, -Y2Q97SKRM4,STORY TIME | ☀️🥲أول تسافيرة بوحدي,"Jun 4, 2024",1426,0
2021-11-08, -Y2Q97SKRM4,STORY TIME | ☀️🥲أول تسافيرة بوحدي,"Jun 4, 2024",1426,0
2021-11-09, -Y2Q97SKRM4,STORY TIME | ☀️🥲أول تسافيرة بوحدي,"Jun 4, 2024",1426,0
2021-11-10, -Y2Q97SKRM4,STORY TIME | ☀️🥲أول تسافيرة بوحدي,"Jun 4, 2024",1426,0
2021-11-11, -Y2Q97SKRM4,STORY TIME | ☀️🥲أول تسافيرة بوحدي,"Jun 4, 2024",1426,0
2021-11-12, -Y2Q97SKRM4,STORY TIME | ☀️🥲أول تسافيرة بوحدي,"Jun 4, 2024",1426,0
2021-11-13, -Y2Q97SKRM4,STORY TIME | ☀️🥲أول تسافيرة بوحدي,"Jun 4, 2024",1426,0
2021-11-14, -Y2Q97SKRM4,STORY TIME | ☀️🥲أول تسافيرة بوحدي,"Jun 4, 2024",1426,0
2021-11-15, -Y2Q97SKRM4,STORY TIME | ☀️🥲أول تسافيرة بوحدي,"Jun 4, 2024",1426,0
2021-11-16, -Y2Q97SKRM4,STORY TIME | ☀️🥲أول تسافيرة بوحدي,"Jun 4, 2024",1426,0
2021-11-17, -Y2Q97SKRM4,STORY TIME | ☀️🥲أول تسافيرة بوحدي,"Jun 4, 2024",1426,0
2021-11-18, -Y2Q97SKRM4,STORY TIME | ☀️🥲أول تسافيرة بوحدي,"Jun 4, 2024",1426,0
2021-11-19, -Y2Q97SKRM4,STORY TIME | ☀️🥲أول تسافيرة بوحدي,"Jun 4, 2024",1426,0
2021-11-20, -Y2Q97SKRM4,STORY TIME | ☀️🥲أول تسافيرة بوحدي,"Jun 4, 2024",1426,0
2021-11-21, -Y2Q97SKRM4,STORY TIME | ☀️🥲أول تسافيرة بوحدي,"Jun 4, 2024",1426,0
2021-11-22, -Y2Q97SKRM4,STORY TIME | ☀️🥲أول تسافيرة بوحدي,"Jun 4, 2024",1426,0
2021-11-23, -Y2Q97SKRM4,STORY TIME | ☀️🥲أول تسافيرة بوحدي,"Jun 4, 2024",1426,0
2021-11-24, -Y2Q97SKRM4,STORY TIME | ☀️🥲أول تسافيرة بوحدي,"Jun 4, 2024",1426,0
2021-11-25, -Y2Q97SKRM4,STORY TIME | ☀️🥲أول تسافيرة بوحدي,"Jun 4, 2024",1426,0
2021-11-26, -Y2Q97SKRM4,STORY TIME | ☀️🥲أول تسافيرة بوحدي,"Jun 4, 2024",1426,0
2021-11-27, -Y2Q97SKRM4,STORY TIME | ☀️🥲أول تسافيرة بوحدي,"Jun 4, 2024",1426,0
2021-11-28, -Y2Q97SKRM4,STORY TIME | ☀️🥲أول تسافيرة بوحدي,"Jun 4, 2024",1426,0
2021-11-29, -Y2Q97SKRM4,STORY TIME | ☀️🥲أول تسافيرة بوحدي,"Jun 4, 2024",1426,0
2021-11-30, -Y2Q97SKRM4,STORY TIME | ☀️🥲أول تسافيرة بوحدي,"Jun 4, 2024",1426,0
2021-12-01, -Y2Q97SKRM4,STORY TIME | ☀️🥲أول تسافيرة بوحدي,"Jun 4, 2024",1426,0
2021-12-02, -Y2Q97SKRM4,STORY TIME | ☀️🥲أول تسافيرة بوحدي,"Jun 4, 2024",1426,0
2021-12-03, -Y2Q97SKRM4,STORY TIME | ☀️🥲أول تسافيرة بوحدي,"Jun 4, 2024",1426,0
2021-12-04, -Y2Q97SKRM4,STORY TIME | ☀️🥲أول تسافيرة بوحدي,"Jun 4, 2024",1426,0
2021-12-05, -Y2Q97SKRM4,STORY TIME | ☀️🥲أول تسافيرة بوحدي,"Jun 4, 2024",1426,0
2021-12-06, -Y2Q97SKRM4,STORY TIME | ☀️🥲أول تسافيرة بوحدي,"Jun 4, 2024",1426,0
2021-12-07, -Y2Q97SKRM4,STORY TIME | ☀️🥲أول تسافيرة بوحدي,"Jun 4, 2024",1426,0
2021-12-08, -Y2Q97SKRM4,STORY TIME | ☀️🥲أول تسافيرة بوحدي,"Jun 4, 2024",1426,0
2021-12-09, -Y2Q97SKRM4,STORY TIME | ☀️🥲أول تسافيرة بوحدي,"Jun 4, 2024",1426,0
2021-12-10, -Y2Q97SKRM4,STORY TIME | ☀️🥲أول تسافيرة بوحدي,"Jun 4, 2024",1426,0
2021-12-11, -Y2Q97SKRM4,STORY TIME | ☀️🥲أول تسافيرة بوحدي,"Jun 4, 2024",1426,0
2021-12-12, -Y2Q97SKRM4,STORY TIME | ☀️🥲أول تسافيرة بوحدي,"Jun 4, 2024",1426,0
2021-12-13, -Y2Q97SKRM4,STORY TIME | ☀️🥲أول تسافيرة بوحدي,"Jun 4, 2024",1426,0
2021-12-14, -Y2Q97SKRM4,STORY TIME | ☀️🥲أول تسافيرة بوحدي,"Jun 4, 2024",1426,0
2021-12-15, -Y2Q97SKRM4,STORY TIME | ☀️🥲أول تسافيرة بوحدي,"Jun 4, 2024",1426,0
2021-12-16, -Y2Q97SKRM4,STORY TIME | ☀️🥲أول تسافيرة بوحدي,"Jun 4, 2024",1426,0
2021-12-17, -Y2Q97SKRM4,STORY TIME | ☀️🥲أول تسافيرة بوحدي,"Jun 4, 2024",1426,0
2021-12-18, -Y2Q97SKRM4,STORY TIME | ☀️🥲أول تسافيرة بوحدي,"Jun 4, 2024",1426,0
2021-12-19, -Y2Q97SKRM4,STORY TIME | ☀️🥲أول تسافيرة بوحدي,"Jun 4, 2024",1426,0
2021-12-20, -Y2Q97SKRM4,STORY TIME | ☀️🥲أول تسافيرة بوحدي,"Jun 4, 2024",1426,0
2021-12-21, -Y2Q97SKRM4,STORY TIME | ☀️🥲أول تسافيرة بوحدي,"Jun 4, 2024",1426,0
2021-12-22, -Y2Q97SKRM4,STORY TIME | ☀️🥲أول تسافيرة بوحدي,"Jun 4, 2024",1426,0
2021-12-23, -Y2Q97SKRM4,STORY TIME | ☀️🥲أول تسافيرة بوحدي,"Jun 4, 2024",1426,0
2021-12-24, -Y2Q97SKRM4,STORY TIME | ☀️🥲أول تسافيرة بوحدي,"Jun 4, 2024",1426,0
2021-12-25, -Y2Q97SKRM4,STORY TIME | ☀️🥲أول تسافيرة بوحدي,"Jun 4, 2024",1426,0
2021-12-26, -Y2Q97SKRM4,STORY TIME | ☀️🥲أول تسافيرة بوحدي,"Jun 4, 2024",1426,0
2021-12-27, -Y2Q97SKRM4,STORY TIME | ☀️🥲أول تسافيرة بوحدي,"Jun 4, 2024",1426,0
2021-12-28, -Y2Q97SKRM4,STORY TIME | ☀️🥲أول تسافيرة بوحدي,"Jun 4, 2024",1426,0
2021-12-29, -Y2Q97SKRM4,STORY TIME | ☀️🥲أول تسافيرة بوحدي,"Jun 4, 2024",1426,0
2021-12-30, -Y2Q97SKRM4,STORY TIME | ☀️🥲أول تسافيرة بوحدي,"Jun 4, 2024",1426,0
2021-12-31, -Y2Q97SKRM4,STORY TIME | ☀️🥲أول تسافيرة بوحدي,"Jun 4, 2024",1426,0
2022-01-01, -Y2Q97SKRM4,STORY TIME | ☀️🥲أول تسافيرة بوحدي,"Jun 4, 2024",1426,0
2022-01-02, -Y2Q97SKRM4,STORY TIME | ☀️🥲أول تسافيرة بوحدي,"Jun 4, 2024",1426,0
2022-01-03, -Y2Q97SKRM4,STORY TIME | ☀️🥲أول تسافيرة بوحدي,"Jun 4, 2024",1426,0
2022-01-04, -Y2Q97SKRM4,STORY TIME | ☀️🥲أول تسافيرة بوحدي,"Jun 4, 2024",1426,0
2022-01-05, -Y2Q97SKRM4,STORY TIME | ☀️🥲أول تسافيرة بوحدي,"Jun 4, 2024",1426,0
2022-01-06, -Y2Q97SKRM4,STORY TIME | ☀️🥲أول تسافيرة بوحدي,"Jun 4, 2024",1426,0
2022-01-07, -Y2Q97SKRM4,STORY TIME | ☀️🥲أول تسافيرة بوحدي,"Jun 4, 2024",1426,0
2022-01-08, -Y2Q97SKRM4,STORY TIME | ☀️🥲أول تسافيرة بوحدي,"Jun 4, 2024",1426,0
2022-01-09, -Y2Q97SKRM4,STORY TIME | ☀️🥲أول تسافيرة بوحدي,"Jun 4, 2024",1426,0
2022-01-10, -Y2Q97SKRM4,STORY TIME | ☀️🥲أول تسافيرة بوحدي,"Jun 4, 2024",1426,0
2022-01-11, -Y2Q97SKRM4,STORY TIME | ☀️🥲أول تسافيرة بوحدي,"Jun 4, 2024",1426,0
2022-01-12, -Y2Q97SKRM4,STORY TIME | ☀️🥲أول تسافيرة بوحدي,"Jun 4, 2024",1426,0
2022-01-13, -Y2Q97SKRM4,STORY TIME | ☀️🥲أول تسافيرة بوحدي,"Jun 4, 2024",1426,0
2022-01-14, -Y2Q97SKRM4,STORY TIME | ☀️🥲أول تسافيرة بوحدي,"Jun 4, 2024",1426,0
2022-01-15, -Y2Q97SKRM4,STORY TIME | ☀️🥲أول تسافيرة بوحدي,"Jun 4, 2024",1426,0
2022-01-16, -Y2Q97SKRM4,STORY TIME | ☀️🥲أول تسافيرة بوحدي,"Jun 4, 2024",1426,0
2022-01-17, -Y2Q97SKRM4,STORY TIME | ☀️🥲أول تسافيرة بوحدي,"Jun 4, 2024",1426,0
2022-01-18, -Y2Q97SKRM4,STORY TIME | ☀️🥲أول تسافيرة بوحدي,"Jun 4, 2024",1426,0
2022-01-19, -Y2Q97SKRM4,STORY TIME | ☀️🥲أول تسافيرة بوحدي,"Jun 4, 2024",1426,0
2022-01-20, -Y2Q97SKRM4,STORY TIME | ☀️🥲أول تسافيرة بوحدي,"Jun 4, 2024",1426,0
2022-01-21, -Y2Q97SKRM4,STORY TIME | ☀️🥲أول تسافيرة بوحدي,"Jun 4, 2024",1426,0
2022-01-22, -Y2Q97SKRM4,STORY TIME | ☀️🥲أول تسافيرة بوحدي,"Jun 4, 2024",1426,0
2022-01-23, -Y2Q97SKRM4,STORY TIME | ☀️🥲أول تسافيرة بوحدي,"Jun 4, 2024",1426,0
2022-01-24, -Y2Q97SKRM4,STORY TIME | ☀️🥲أول تسافيرة بوحدي,"Jun 4, 2024",1426,0
2022-01-25, -Y2Q97SKRM4,STORY TIME | ☀️🥲أول تسافيرة بوحدي,"Jun 4, 2024",1426,0
2022-01-26, -Y2Q97SKRM4,STORY TIME | ☀️🥲أول تسافيرة بوحدي,"Jun 4, 2024",1426,0
2022-01-27, -Y2Q97SKRM4,STORY TIME | ☀️🥲أول تسافيرة بوحدي,"Jun 4, 2024",1426,0
2022-01-28, -Y2Q97SKRM4,STORY TIME | ☀️🥲أول تسافيرة بوحدي,"Jun 4, 2024",1426,0
2022-01-29, -Y2Q97SKRM4,STORY TIME | ☀️🥲أول تسافيرة بوحدي,"Jun 4, 2024",1426,0
2022-01-30, -Y2Q97SKRM4,STORY TIME | ☀️🥲أول تسافيرة بوحدي,"Jun 4, 2024",1426,0
2022-01-31, -Y2Q97SKRM4,STORY TIME | ☀️🥲أول تسافيرة بوحدي,"Jun 4, 2024",1426,0
2022-02-01, -Y2Q97SKRM4,STORY TIME | ☀️🥲أول تسافيرة بوحدي,"Jun 4, 2024",1426,0
2022-02-02, -Y2Q97SKRM4,STORY TIME | ☀️🥲أول تسافيرة بوحدي,"Jun 4, 2024",1426,0
2022-02-03, -Y2Q97SKRM4,STORY TIME | ☀️🥲أول تسافيرة بوحدي,"Jun 4, 2024",1426,0
2022-02-04, -Y2Q97SKRM4,STORY TIME | ☀️🥲أول تسافيرة بوحدي,"Jun 4, 2024",1426,0
2022-02-05, -Y2Q97SKRM4,STORY TIME | ☀️🥲أول تسافيرة بوحدي,"Jun 4, 2024",1426,0
2022-02-06, -Y2Q97SKRM4,STORY TIME | ☀️🥲أول تسافيرة بوحدي,"Jun 4, 2024",1426,0
2022-02-07, -Y2Q97SKRM4,STORY TIME | ☀️🥲أول تسافيرة بوحدي,"Jun 4, 2024",1426,0
2022-02-08, -Y2Q97SKRM4,STORY TIME | ☀️🥲أول تسافيرة بوحدي,"Jun 4, 2024",1426,0
2022-02-09, -Y2Q97SKRM4,STORY TIME | ☀️🥲أول تسافيرة بوحدي,"Jun 4, 2024",1426,0
2022-02-10, -Y2Q97SKRM4,STORY TIME | ☀️🥲أول تسافيرة بوحدي,"Jun 4, 2024",1426,0
2022-02-11, -Y2Q97SKRM4,STORY TIME | ☀️🥲أول تسافيرة بوحدي,"Jun 4, 2024",1426,0
2022-02-12, -Y2Q97SKRM4,STORY TIME | ☀️🥲أول تسافيرة بوحدي,"Jun 4, 2024",1426,0
2022-02-13, -Y2Q97SKRM4,STORY TIME | ☀️🥲أول تسافيرة بوحدي,"Jun 4, 2024",1426,0
2022-02-14, -Y2Q97SKRM4,STORY TIME | ☀️🥲أول تسافيرة بوحدي,"Jun 4, 2024",1426,0
2022-02-15, -Y2Q97SKRM4,STORY TIME | ☀️🥲أول تسافيرة بوحدي,"Jun 4, 2024",1426,0
2022-02-16, -Y2Q97SKRM4,STORY TIME | ☀️🥲أول تسافيرة بوحدي,"Jun 4, 2024",1426,0
2022-02-17, -Y2Q97SKRM4,STORY TIME | ☀️🥲أول تسافيرة بوحدي,"Jun 4, 2024",1426,0
2022-02-18, -Y2Q97SKRM4,STORY TIME | ☀️🥲أول تسافيرة بوحدي,"Jun 4, 2024",1426,0
2022-02-19, -Y2Q97SKRM4,STORY TIME | ☀️🥲أول تسافيرة بوحدي,"Jun 4, 2024",1426,0
2022-02-20, -Y2Q97SKRM4,STORY TIME | ☀️🥲أول تسافيرة بوحدي,"Jun 4, 2024",1426,0
2022-02-21, -Y2Q97SKRM4,STORY TIME | ☀️🥲أول تسافيرة بوحدي,"Jun 4, 2024",1426,0
2022-02-22, -Y2Q97SKRM4,STORY TIME | ☀️🥲أول تسافيرة بوحدي,"Jun 4, 2024",1426,0
2022-02-23, -Y2Q97SKRM4,STORY TIME | ☀️🥲أول تسافيرة بوحدي,"Jun 4, 2024",1426,0
2022-02-24, -Y2Q97SKRM4,STORY TIME | ☀️🥲أول تسافيرة بوحدي,"Jun 4, 2024",1426,0
2022-02-25, -Y2Q97SKRM4,STORY TIME | ☀️🥲أول تسافيرة بوحدي,"Jun 4, 2024",1426,0
2022-02-26, -Y2Q97SKRM4,STORY TIME | ☀️🥲أول تسافيرة بوحدي,"Jun 4, 2024",1426,0
2022-02-27, -Y2Q97SKRM4,STORY TIME | ☀️🥲أول تسافيرة بوحدي,"Jun 4, 2024",1426,0
2022-02-28, -Y2Q97SKRM4,STORY TIME | ☀️🥲أول تسافيرة بوحدي,"Jun 4, 2024",1426,0
2022-03-01, -Y2Q97SKRM4,STORY TIME | ☀️🥲أول تسافيرة بوحدي,"Jun 4, 2024",1426,0
2022-03-02, -Y2Q97SKRM4,STORY TIME | ☀️🥲أول تسافيرة بوحدي,"Jun 4, 2024",1426,0
2022-03-03, -Y2Q97SKRM4,STORY TIME | ☀️🥲أول تسافيرة بوحدي,"Jun 4, 2024",1426,0
2022-03-04, -Y2Q97SKRM4,STORY TIME | ☀️🥲أول تسافيرة بوحدي,"Jun 4, 2024",1426,0
2022-03-05, -Y2Q97SKRM4,STORY TIME | ☀️🥲أول تسافيرة بوحدي,"Jun 4, 2024",1426,0
2022-03-06, -Y2Q97SKRM4,STORY TIME | ☀️🥲أول تسافيرة بوحدي,"Jun 4, 2024",1426,0
2022-03-07, -Y2Q97SKRM4,STORY TIME | ☀️🥲أول تسافيرة بوحدي,"Jun 4, 2024",1426,0
2022-03-08, -Y2Q97SKRM4,STORY TIME | ☀️🥲أول تسافيرة بوحدي,"Jun 4, 2024",1426,0
2022-03-09, -Y2Q97SKRM4,STORY TIME | ☀️🥲أول تسافيرة بوحدي,"Jun 4, 2024",1426,0
2022-03-10, -Y2Q97SKRM4,STORY TIME | ☀️🥲أول تسافيرة بوحدي,"Jun 4, 2024",1426,0
2022-03-11, -Y2Q97SKRM4,STORY TIME | ☀️🥲أول تسافيرة بوحدي,"Jun 4, 2024",1426,0
2022-03-12, -Y2Q97SKRM4,STORY TIME | ☀️🥲أول تسافيرة بوحدي,"Jun 4, 2024",1426,0
2022-03-13, -Y2Q97SKRM4,STORY TIME | ☀️🥲أول تسافيرة بوحدي,"Jun 4, 2024",1426,0
2022-03-14, -Y2Q97SKRM4,STORY TIME | ☀️🥲أول تسافيرة بوحدي,"Jun 4, 2024",1426,0
2022-03-15, -Y2Q97SKRM4,STORY TIME | ☀️🥲أول تسافيرة بوحدي,"Jun 4, 2024",1426,0
2022-03-16, -Y2Q97SKRM4,STORY TIME | ☀️🥲أول تسافيرة بوحدي,"Jun 4, 2024",1426,0
2022-03-17, -Y2Q97SKRM4,STORY TIME | ☀️🥲أول تسافيرة بوحدي,"Jun 4, 2024",1426,0
2022-03-18, -Y2Q97SKRM4,STORY TIME | ☀️🥲أول تسافيرة بوحدي,"Jun 4, 2024",1426,0
2022-03-19, -Y2Q97SKRM4,STORY TIME | ☀️🥲أول تسافيرة بوحدي,"Jun 4, 2024",1426,0
2022-03-20, -Y2Q97SKRM4,STORY TIME | ☀️🥲أول تسافيرة بوحدي,"Jun 4, 2024",1426,0
2022-03-21, -Y2Q97SKRM4,STORY TIME | ☀️🥲أول تسافيرة بوحدي,"Jun 4, 2024",1426,0
2022-03-22, -Y2Q97SKRM4,STORY TIME | ☀️🥲أول تسافيرة بوحدي,"Jun 4, 2024",1426,0
2022-03-23, -Y2Q97SKRM4,STORY TIME | ☀️🥲أول تسافيرة بوحدي,"Jun 4, 2024",1426,0
2022-03-24, -Y2Q97SKRM4,STORY TIME | ☀️🥲أول تسافيرة بوحدي,"Jun 4, 2024",1426,0
2022-03-25, -Y2Q97SKRM4,STORY TIME | ☀️🥲أول تسافيرة بوحدي,"Jun 4, 2024",1426,0
2022-03-26, -Y2Q97SKRM4,STORY TIME | ☀️🥲أول تسافيرة بوحدي,"Jun 4, 2024",1426,0
2022-03-27, -Y2Q97SKRM4,STORY TIME | ☀️🥲أول تسافيرة بوحدي,"Jun 4, 2024",1426,0
2022-03-28, -Y2Q97SKRM4,STORY TIME | ☀️🥲أول تسافيرة بوحدي,"Jun 4, 2024",1426,0
2022-03-29, -Y2Q97SKRM4,STORY TIME | ☀️🥲أول تسافيرة بوحدي,"Jun 4, 2024",1426,0
2022-03-30, -Y2Q97SKRM4,STORY TIME | ☀️🥲أول تسافيرة بوحدي,"Jun 4, 2024",1426,0
2022-03-31, -Y2Q97SKRM4,STORY TIME | ☀️🥲أول تسافيرة بوحدي,"Jun 4, 2024",1426,0
2022-04-01, -Y2Q97SKRM4,STORY TIME | ☀️🥲أول تسافيرة بوحدي,"Jun 4, 2024",1426,0
2022-04-02, -Y2Q97SKRM4,STORY TIME | ☀️🥲أول تسافيرة بوحدي,"Jun 4, 2024",1426,0
2022-04-03, -Y2Q97SKRM4,STORY TIME | ☀️🥲أول تسافيرة بوحدي,"Jun 4, 2024",1426,0
2022-04-04, -Y2Q97SKRM4,STORY TIME | ☀️🥲أول تسافيرة بوحدي,"Jun 4, 2024",1426,0
2022-04-05, -Y2Q97SKRM4,STORY TIME | ☀️🥲أول تسافيرة بوحدي,"Jun 4, 2024",1426,0
2022-04-06, -Y2Q97SKRM4,STORY TIME | ☀️🥲أول تسافيرة بوحدي,"Jun 4, 2024",1426,0
2022-04-07, -Y2Q97SKRM4,STORY TIME | ☀️🥲أول تسافيرة بوحدي,"Jun 4, 2024",1426,0
2022-04-08, -Y2Q97SKRM4,STORY TIME | ☀️🥲أول تسافيرة بوحدي,"Jun 4, 2024",1426,0
2022-04-09, -Y2Q97SKRM4,STORY TIME | ☀️🥲أول تسافيرة بوحدي,"Jun 4, 2024",1426,0
2022-04-10, -Y2Q97SKRM4,STORY TIME | ☀️🥲أول تسافيرة بوحدي,"Jun 4, 2024",1426,0
2022-04-11, -Y2Q97SKRM4,STORY TIME | ☀️🥲أول تسافيرة بوحدي,"Jun 4, 2024",1426,0
2022-04-12, -Y2Q97SKRM4,STORY TIME | ☀️🥲أول تسافيرة بوحدي,"Jun 4, 2024",1426,0
2022-04-13, -Y2Q97SKRM4,STORY TIME | ☀️🥲أول تسافيرة بوحدي,"Jun 4, 2024",1426,0
2022-04-14, -Y2Q97SKRM4,STORY TIME | ☀️🥲أول تسافيرة بوحدي,"Jun 4, 2024",1426,0
2022-04-15, -Y2Q97SKRM4,STORY TIME | ☀️🥲أول تسافيرة بوحدي,"Jun 4, 2024",1426,0
2022-04-16, -Y2Q97SKRM4,STORY TIME | ☀️🥲أول تسافيرة بوحدي,"Jun 4, 2024",1426,0
2022-04-17, -Y2Q97SKRM4,STORY TIME | ☀️🥲أول تسافيرة بوحدي,"Jun 4, 2024",1426,0
2022-04-18, -Y2Q97SKRM4,STORY TIME | ☀️🥲أول تسافيرة بوحدي,"Jun 4, 2024",1426,0
2022-04-19, -Y2Q97SKRM4,STORY TIME | ☀️🥲أول تسافيرة بوحدي,"Jun 4, 2024",1426,0
2022-04-20, -Y2Q97SKRM4,STORY TIME | ☀️🥲أول تسافيرة بوحدي,"Jun 4, 2024",1426,0
2022-04-21, -Y2Q97SKRM4,STORY TIME | ☀️🥲أول تسافيرة بوحدي,"Jun 4, 2024",1426,0
2022-04-22, -Y2Q97SKRM4,STORY TIME | ☀️🥲أول تسافيرة بوحدي,"Jun 4, 2024",1426,0
2022-04-23, -Y2Q97SKRM4,STORY TIME | ☀️🥲أول تسافيرة بوحدي,"Jun 4, 2024",1426,0
2022-04-24, -Y2Q97SKRM4,STORY TIME | ☀️🥲أول تسافيرة بوحدي,"Jun 4, 2024",1426,0
2022-04-25, -Y2Q97SKRM4,STORY TIME | ☀️🥲أول تسافيرة بوحدي,"Jun 4, 2024",1426,0
2022-04-26, -Y2Q97SKRM4,STORY TIME | ☀️🥲أول تسافيرة بوحدي,"Jun 4, 2024",1426,0
2022-04-27, -Y2Q97SKRM4,STORY TIME | ☀️🥲أول تسافيرة بوحدي,"Jun 4, 2024",1426,0
2022-04-28, -Y2Q97SKRM4,STORY TIME | ☀️🥲أول تسافيرة بوحدي,"Jun 4, 2024",1426,0
2022-04-29, -Y2Q97SKRM4,STORY TIME | ☀️🥲أول تسافيرة بوحدي,"Jun 4, 2024",1426,0
2022-04-30, -Y2Q97SKRM4,STORY TIME | ☀️🥲أول تسافيرة بوحدي,"Jun 4, 2024",1426,0
2022-05-01, -Y2Q97SKRM4,STORY TIME | ☀️🥲أول تسافيرة بوحدي,"Jun 4, 2024",1426,0
2022-05-02, -Y2Q97SKRM4,STORY TIME | ☀️🥲أول تسافيرة بوحدي,"Jun 4, 2024",1426,0
2022-05-03, -Y2Q97SKRM4,STORY TIME | ☀️🥲أول تسافيرة بوحدي,"Jun 4, 2024",1426,0
2022-05-04, -Y2Q97SKRM4,STORY TIME | ☀️🥲أول تسافيرة بوحدي,"Jun 4, 2024",1426,0
2022-05-05, -Y2Q97SKRM4,STORY TIME | ☀️🥲أول تسافيرة بوحدي,"Jun 4, 2024",1426,0
2022-05-06, -Y2Q97SKRM4,STORY TIME | ☀️🥲أول تسافيرة بوحدي,"Jun 4, 2024",1426,0
2022-05-07, -Y2Q97SKRM4,STORY TIME | ☀️🥲أول تسافيرة بوحدي,"Jun 4, 2024",1426,0
2022-05-08, -Y2Q97SKRM4,STORY TIME | ☀️🥲أول تسافيرة بوحدي,"Jun 4, 2024",1426,0
2022-05-09, -Y2Q97SKRM4,STORY TIME | ☀️🥲أول تسافيرة بوحدي,"Jun 4, 2024",1426,0
2022-05-10, -Y2Q97SKRM4,STORY TIME | ☀️🥲أول تسافيرة بوحدي,"Jun 4, 2024",1426,0
2022-05-11, -Y2Q97SKRM4,STORY TIME | ☀️🥲أول تسافيرة بوحدي,"Jun 4, 2024",1426,0
2022-05-12, -Y2Q97SKRM4,STORY TIME | ☀️🥲أول تسافيرة بوحدي,"Jun 4, 2024",1426,0
2022-05-13, -Y2Q97SKRM4,STORY TIME | ☀️🥲أول تسافيرة بوحدي,"Jun 4, 2024",1426,0
2022-05-14, -Y2Q97SKRM4,STORY TIME | ☀️🥲أول تسافيرة بوحدي,"Jun 4, 2024",1426,0
2022-05-15, -Y2Q97SKRM4,STORY TIME | ☀️🥲أول تسافيرة بوحدي,"Jun 4, 2024",1426,0
2022-05-16, -Y2Q97SKRM4,STORY TIME | ☀️🥲أول تسافيرة بوحدي,"Jun 4, 2024",1426,0
2022-05-17, -Y2Q97SKRM4,STORY TIME | ☀️🥲أول تسافيرة بوحدي,"Jun 4, 2024",1426,0
2022-05-18, -Y2Q97SKRM4,STORY TIME | ☀️🥲أول تسافيرة بوحدي,"Jun 4, 2024",1426,0
2022-05-19, -Y2Q97SKRM4,STORY TIME | ☀️🥲أول تسافيرة بوحدي,"Jun 4, 2024",1426,0
2022-05-20, -Y2Q97SKRM4,STORY TIME | ☀️🥲أول تسافيرة بوحدي,"Jun 4, 2024",1426,0
2022-05-21, -Y2Q97SKRM4,STORY TIME | ☀️🥲أول تسافيرة بوحدي,"Jun 4, 2024",1426,0
2022-05-22, -Y2Q97SKRM4,STORY TIME | ☀️🥲أول تسافيرة بوحدي,"Jun 4, 2024",1426,0
2022-05-23, -Y2Q97SKRM4,STORY TIME | ☀️🥲أول تسافيرة بوحدي,"Jun 4, 2024",1426,0
2022-05-24, -Y2Q97SKRM4,STORY TIME | ☀️🥲أول تسافيرة بوحدي,"Jun 4, 2024",1426,0
2022-05-25, -Y2Q97SKRM4,STORY TIME | ☀️🥲أول تسافيرة بوحدي,"Jun 4, 2024",1426,0
2022-05-26, -Y2Q97SKRM4,STORY TIME | ☀️🥲أول تسافيرة بوحدي,"Jun 4, 2024",1426,0
2022-05-27, -Y2Q97SKRM4,STORY TIME | ☀️🥲أول تسافيرة بوحدي,"Jun 4, 2024",1426,0
2022-05-28, -Y2Q97SKRM4,STORY TIME | ☀️🥲أول تسافيرة بوحدي,"Jun 4, 2024",1426,0
2022-05-29, -Y2Q97SKRM4,STORY TIME | ☀️🥲أول تسافيرة بوحدي,"Jun 4, 2024",1426,0
2022-05-30, -Y2Q97SKRM4,STORY TIME | ☀️🥲أول تسافيرة بوحدي,"Jun 4, 2024",1426,0
2022-05-31, -Y2Q97SKRM4,STORY TIME | ☀️🥲أول تسافيرة بوحدي,"Jun 4, 2024",1426,0
2022-06-01, -Y2Q97SKRM4,STORY TIME | ☀️🥲أول تسافيرة بوحدي,"Jun 4, 2024",1426,0
2022-06-02, -Y2Q97SKRM4,STORY TIME | ☀️🥲أول تسافيرة بوحدي,"Jun 4, 2024",1426,0
2022-06-03, -Y2Q97SKRM4,STORY TIME | ☀️🥲أول تسافيرة بوحدي,"Jun 4, 2024",1426,0
2022-06-04, -Y2Q97SKRM4,STORY TIME | ☀️🥲أول تسافيرة بوحدي,"Jun 4, 2024",1426,0
2022-06-05, -Y2Q97SKRM4,STORY TIME | ☀️🥲أول تسافيرة بوحدي,"Jun 4, 2024",1426,0
2022-06-06, -Y2Q97SKRM4,STORY TIME | ☀️🥲أول تسافيرة بوحدي,"Jun 4, 2024",1426,0
2022-06-07, -Y2Q97SKRM4,STORY TIME | ☀️🥲أول تسافيرة بوحدي,"Jun 4, 2024",1426,0
2022-06-08, -Y2Q97SKRM4,STORY TIME | ☀️🥲أول تسافيرة بوحدي,"Jun 4, 2024",1426,0
2022-06-09, -Y2Q97SKRM4,STORY TIME | ☀️🥲أول تسافيرة بوحدي,"Jun 4, 2024",1426,0
2022-06-10, -Y2Q97SKRM4,STORY TIME | ☀️🥲أول تسافيرة بوحدي,"Jun 4, 2024",1426,0
2022-06-11, -Y2Q97SKRM4,STORY TIME | ☀️🥲أول تسافيرة بوحدي,"Jun 4, 2024",1426,0
2022-06-12, -Y2Q97SKRM4,STORY TIME | ☀️🥲أول تسافيرة بوحدي,"Jun 4, 2024",1426,0
2022-06-13, -Y2Q97SKRM4,STORY TIME | ☀️🥲أول تسافيرة بوحدي,"Jun 4, 2024",1426,0
2022-06-14, -Y2Q97SKRM4,STORY TIME | ☀️🥲أول تسافيرة بوحدي,"Jun 4, 2024",1426,0
2022-06-15, -Y2Q97SKRM4,STORY TIME | ☀️🥲أول تسافيرة بوحدي,"Jun 4, 2024",1426,0
2022-06-16, -Y2Q97SKRM4,STORY TIME | ☀️🥲أول تسافيرة بوحدي,"Jun 4, 2024",1426,0
2022-06-17, -Y2Q97SKRM4,STORY TIME | ☀️🥲أول تسافيرة بوحدي,"Jun 4, 2024",1426,0
2022-06-18, -Y2Q97SKRM4,STORY TIME | ☀️🥲أول تسافيرة بوحدي,"Jun 4, 2024",1426,0
2022-06-19, -Y2Q97SKRM4,STORY TIME | ☀️🥲أول تسافيرة بوحدي,"Jun 4, 2024",1426,0
2022-06-20, -Y2Q97SKRM4,STORY TIME | ☀️🥲أول تسافيرة بوحدي,"Jun 4, 2024",1426,0
2022-06-21, -Y2Q97SKRM4,STORY TIME | ☀️🥲أول تسافيرة بوحدي,"Jun 4, 2024",1426,0
2022-06-22, -Y2Q97SKRM4,STORY TIME | ☀️🥲أول تسافيرة بوحدي,"Jun 4, 2024",1426,0
2022-06-23, -Y2Q97SKRM4,STORY TIME | ☀️🥲أول تسافيرة بوحدي,"Jun 4, 2024",1426,0
2022-06-24, -Y2Q97SKRM4,STORY TIME | ☀️🥲أول تسافيرة بوحدي,"Jun 4, 2024",1426,0
2022-06-25, -Y2Q97SKRM4,STORY TIME | ☀️🥲أول تسافيرة بوحدي,"Jun 4, 2024",1426,0
2022-06-26, -Y2Q97SKRM4,STORY TIME | ☀️🥲أول تسافيرة بوحدي,"Jun 4, 2024",1426,0
2022-06-27, -Y2Q97SKRM4,STORY TIME | ☀️🥲أول تسافيرة بوحدي,"Jun 4, 2024",1426,0
2022-06-28, -Y2Q97SKRM4,STORY TIME | ☀️🥲أول تسافيرة بوحدي,"Jun 4, 2024",1426,0
2022-06-29, -Y2Q97SKRM4,STORY TIME | ☀️🥲أول تسافيرة بوحدي,"Jun 4, 2024",1426,0
2022-06-30, -Y2Q97SKRM4,STORY TIME | ☀️🥲أول تسافيرة بوحدي,"Jun 4, 2024",1426,0
2022-07-01, -Y2Q97SKRM4,STORY TIME | ☀️🥲أول تسافيرة بوحدي,"Jun 4, 2024",1426,0
2022-07-02, -Y2Q97SKRM4,STORY TIME | ☀️🥲أول تسافيرة بوحدي,"Jun 4, 2024",1426,0
2022-07-03, -Y2Q97SKRM4,STORY TIME | ☀️🥲أول تسافيرة بوحدي,"Jun 4, 2024",1426,0
2022-07-04, -Y2Q97SKRM4,STORY TIME | ☀️🥲أول تسافيرة بوحدي,"Jun 4, 2024",1426,0
2022-07-05, -Y2Q97SKRM4,STORY TIME | ☀️🥲أول تسافيرة بوحدي,"Jun 4, 2024",1426,0
2022-07-06, -Y2Q97SKRM4,STORY TIME | ☀️🥲أول تسافيرة بوحدي,"Jun 4, 2024",1426,0
2022-07-07, -Y2Q97SKRM4,STORY TIME | ☀️🥲أول تسافيرة بوحدي,"Jun 4, 2024",1426,0
2022-07-08, -Y2Q97SKRM4,STORY TIME | ☀️🥲أول تسافيرة بوحدي,"Jun 4, 2024",1426,0
2022-07-09, -Y2Q97SKRM4,STORY TIME | ☀️🥲أول تسافيرة بوحدي,"Jun 4, 2024",1426,0
2022-07-10, -Y2Q97SKRM4,STORY TIME | ☀️🥲أول تسافيرة بوحدي,"Jun 4, 2024",1426,0
2022-07-11, -Y2Q97SKRM4,STORY TIME | ☀️🥲أول تسافيرة بوحدي,"Jun 4, 2024",1426,0
2022-07-12, -Y2Q97SKRM4,STORY TIME | ☀️🥲أول تسافيرة بوحدي,"Jun 4, 2024",1426,0
2022-07-13, -Y2Q97SKRM4,STORY TIME | ☀️🥲أول تسافيرة بوحدي,"Jun 4, 2024",1426,0
2022-07-14, -Y2Q97SKRM4,STORY TIME | ☀️🥲أول تسافيرة بوحدي,"Jun 4, 2024",1426,0
2022-07-15, -Y2Q97SKRM4,STORY TIME | ☀️🥲أول تسافيرة بوحدي,"Jun 4, 2024",1426,0
2022-07-16, -Y2Q97SKRM4,STORY TIME | ☀️🥲أول تسافيرة بوحدي,"Jun 4, 2024",1426,0
2022-07-17, -Y2Q97SKRM4,STORY TIME | ☀️🥲أول تسافيرة بوحدي,"Jun 4, 2024",1426,0
2022-07-18, -Y2Q97SKRM4,STORY TIME | ☀️🥲أول تسافيرة بوحدي,"Jun 4, 2024",1426,0
2022-07-19, -Y2Q97SKRM4,STORY TIME | ☀️🥲أول تسافيرة بوحدي,"Jun 4, 2024",1426,0
2022-07-20, -Y2Q97SKRM4,STORY TIME | ☀️🥲أول تسافيرة بوحدي,"Jun 4, 2024",1426,0
2022-07-21, -Y2Q97SKRM4,STORY TIME | ☀️🥲أول تسافيرة بوحدي,"Jun 4, 2024",1426,0
2022-07-22, -Y2Q97SKRM4,STORY TIME | ☀️🥲أول تسافيرة بوحدي,"Jun 4, 2024",1426,0
2022-07-23, -Y2Q97SKRM4,STORY TIME | ☀️🥲أول تسافيرة بوحدي,"Jun 4, 2024",1426,0
2022-07-24, -Y2Q97SKRM4,STORY TIME | ☀️🥲أول تسافيرة بوحدي,"Jun 4, 2024",1426,0
2022-07-25, -Y2Q97SKRM4,STORY TIME | ☀️🥲أول تسافيرة بوحدي,"Jun 4, 2024",1426,0
2022-07-26, -Y2Q97SKRM4,STORY TIME | ☀️🥲أول تسافيرة بوحدي,"Jun 4, 2024",1426,0
2022-07-27, -Y2Q97SKRM4,STORY TIME | ☀️🥲أول تسافيرة بوحدي,"Jun 4, 2024",1426,0
2022-07-28, -Y2Q97SKRM4,STORY TIME | ☀️🥲أول تسافيرة بوحدي,"Jun 4, 2024",1426,0
2022-07-29, -Y2Q97SKRM4,STORY TIME | ☀️🥲أول تسافيرة بوحدي,"Jun 4, 2024",1426,0
2022-07-30, -Y2Q97SKRM4,STORY TIME | ☀️🥲أول تسافيرة بوحدي,"Jun 4, 2024",1426,0
2022-07-31, -Y2Q97SKRM4,STORY TIME | ☀️🥲أول تسافيرة بوحدي,"Jun 4, 2024",1426,0
2022-08-01, -Y2Q97SKRM4,STORY TIME | ☀️🥲أول تسافيرة بوحدي,"Jun 4, 2024",1426,0
2022-08-02, -Y2Q97SKRM4,STORY TIME | ☀️🥲أول تسافيرة بوحدي,"Jun 4, 2024",1426,0
2022-08-03, -Y2Q97SKRM4,STORY TIME | ☀️🥲أول تسافيرة بوحدي,"Jun 4, 2024",1426,0
2022-08-04, -Y2Q97SKRM4,STORY TIME | ☀️🥲أول تسافيرة بوحدي,"Jun 4, 2024",1426,0
2022-08-05, -Y2Q97SKRM4,STORY TIME | ☀️🥲أول تسافيرة بوحدي,"Jun 4, 2024",1426,0
2022-08-06, -Y2Q97SKRM4,STORY TIME | ☀️🥲أول تسافيرة بوحدي,"Jun 4, 2024",1426,0
2022-08-07, -Y2Q97SKRM4,STORY TIME | ☀️🥲أول تسافيرة بوحدي,"Jun 4, 2024",1426,0
2022-08-08, -Y2Q97SKRM4,STORY TIME | ☀️🥲أول تسافيرة بوحدي,"Jun 4, 2024",1426,0
2022-08-09, -Y2Q97SKRM4,STORY TIME | ☀️🥲أول تسافيرة بوحدي,"Jun 4, 2024",1426,0
2022-08-10, -Y2Q97SKRM4,STORY TIME | ☀️🥲أول تسافيرة بوحدي,"Jun 4, 2024",1426,0
2022-08-11, -Y2Q97SKRM4,STORY TIME | ☀️🥲أول تسافيرة بوحدي,"Jun 4, 2024",1426,0
2022-08-12, -Y2Q97SKRM4,STORY TIME | ☀️🥲أول تسافيرة بوحدي,"Jun 4, 2024",1426,0
2022-08-13, -Y2Q97SKRM4,STORY TIME | ☀️🥲أول تسافيرة بوحدي,"Jun 4, 2024",1426,0
2022-08-14, -Y2Q97SKRM4,STORY TIME | ☀️🥲أول تسافيرة بوحدي,"Jun 4, 2024",1426,0
2022-08-15, -Y2Q97SKRM4,STORY TIME | ☀️🥲أول تسافيرة بوحدي,"Jun 4, 2024",1426,0
2022-08-16, -Y2Q97SKRM4,STORY TIME | ☀️🥲أول تسافيرة بوحدي,"Jun 4, 2024",1426,0
2022-08-17, -Y2Q97SKRM4,STORY TIME | ☀️🥲أول تسافيرة بوحدي,"Jun 4, 2024",1426,0
2022-08-18, -Y2Q97SKRM4,STORY TIME | ☀️🥲أول تسافيرة بوحدي,"Jun 4, 2024",1426,0
2022-08-19, -Y2Q97SKRM4,STORY TIME | ☀️🥲أول تسافيرة بوحدي,"Jun 4, 2024",1426,0
2022-08-20, -Y2Q97SKRM4,STORY TIME | ☀️🥲أول تسافيرة بوحدي,"Jun 4, 2024",1426,0
2022-08-21, -Y2Q97SKRM4,STORY TIME | ☀️🥲أول تسافيرة بوحدي,"Jun 4, 2024",1426,0
2022-08-22, -Y2Q97SKRM4,STORY TIME | ☀️🥲أول تسافيرة بوحدي,"Jun 4, 2024",1426,0
2022-08-23, -Y2Q97SKRM4,STORY TIME | ☀️🥲أول تسافيرة بوحدي,"Jun 4, 2024",1426,0
2022-08-24, -Y2Q97SKRM4,STORY TIME | ☀️🥲أول تسافيرة بوحدي,"Jun 4, 2024",1426,0
2022-08-25, -Y2Q97SKRM4,STORY TIME | ☀️🥲أول تسافيرة بوحدي,"Jun 4, 2024",1426,0
2022-08-26, -Y2Q97SKRM4,STORY TIME | ☀️🥲أول تسافيرة بوحدي,"Jun 4, 2024",1426,0
2022-08-27, -Y2Q97SKRM4,STORY TIME | ☀️🥲أول تسافيرة بوحدي,"Jun 4, 2024",1426,0
2022-08-28, -Y2Q97SKRM4,STORY TIME | ☀️🥲أول تسافيرة بوحدي,"Jun 4, 2024",1426,0
2022-08-29, -Y2Q97SKRM4,STORY TIME | ☀️🥲أول تسافيرة بوحدي,"Jun 4, 2024",1426,0
2022-08-30, -Y2Q97SKRM4,STORY TIME | ☀️🥲أول تسافيرة بوحدي,"Jun 4, 2024",1426,0
2022-08-31, -Y2Q97SKRM4,STORY TIME | ☀️🥲أول تسافيرة بوحدي,"Jun 4, 2024",1426,0
2022-09-01, -Y2Q97SKRM4,STORY TIME | ☀️🥲أول تسافيرة بوحدي,"Jun 4, 2024",1426,0
2022-09-02, -Y2Q97SKRM4,STORY TIME | ☀️🥲أول تسافيرة بوحدي,"Jun 4, 2024",1426,0
2022-09-03, -Y2Q97SKRM4,STORY TIME | ☀️🥲أول تسافيرة بوحدي,"Jun 4, 2024",1426,0
2022-09-04, -Y2Q97SKRM4,STORY TIME | ☀️🥲أول تسافيرة بوحدي,"Jun 4, 2024",1426,0
2022-09-05, -Y2Q97SKRM4,STORY TIME | ☀️🥲أول تسافيرة بوحدي,"Jun 4, 2024",1426,0
2022-09-06, -Y2Q97SKRM4,STORY TIME | ☀️🥲أول تسافيرة بوحدي,"Jun 4, 2024",1426,0
2022-09-07, -Y2Q97SKRM4,STORY TIME | ☀️🥲أول تسافيرة بوحدي,"Jun 4, 2024",1426,0
2022-09-08, -Y2Q97SKRM4,STORY TIME | ☀️🥲أول تسافيرة بوحدي,"Jun 4, 2024",1426,0
2022-09-09, -Y2Q97SKRM4,STORY TIME | ☀️🥲أول تسافيرة بوحدي,"Jun 4, 2024",1426,0
2022-09-10, -Y2Q97SKRM4,STORY TIME | ☀️🥲أول تسافيرة بوحدي,"Jun 4, 2024",1426,0
2022-09-11, -Y2Q97SKRM4,STORY TIME | ☀️🥲أول تسافيرة بوحدي,"Jun 4, 2024",1426,0
2022-09-12, -Y2Q97SKRM4,STORY TIME | ☀️🥲أول تسافيرة بوحدي,"Jun 4, 2024",1426,0
2022-09-13, -Y2Q97SKRM4,STORY TIME | ☀️🥲أول تسافيرة بوحدي,"Jun 4, 2024",1426,0
2022-09-14, -Y2Q97SKRM4,STORY TIME | ☀️🥲أول تسافيرة بوحدي,"Jun 4, 2024",1426,0
2022-09-15, -Y2Q97SKRM4,STORY TIME | ☀️🥲أول تسافيرة بوحدي,"Jun 4, 2024",1426,0
2022-09-16, -Y2Q97SKRM4,STORY TIME | ☀️🥲أول تسافيرة بوحدي,"Jun 4, 2024",1426,0
2022-09-17, -Y2Q97SKRM4,STORY TIME | ☀️🥲أول تسافيرة بوحدي,"Jun 4, 2024",1426,0
2022-09-18, -Y2Q97SKRM4,STORY TIME | ☀️🥲أول تسافيرة بوحدي,"Jun 4, 2024",1426,0
2022-09-19, -Y2Q97SKRM4,STORY TIME | ☀️🥲أول تسافيرة بوحدي,"Jun 4, 2024",1426,0
2022-09-20, -Y2Q97SKRM4,STORY TIME | ☀️🥲أول تسافيرة بوحدي,"Jun 4, 2024",1426,0
2022-09-21, -Y2Q97SKRM4,STORY TIME | ☀️🥲أول تسافيرة بوحدي,"Jun 4, 2024",1426,0
2022-09-22, -Y2Q97SKRM4,STORY TIME | ☀️🥲أول تسافيرة بوحدي,"Jun 4, 2024",1426,0
2022-09-23, -Y2Q97SKRM4,STORY TIME | ☀️🥲أول تسافيرة بوحدي,"Jun 4, 2024",1426,0
2022-09-24, -Y2Q97SKRM4,STORY TIME | ☀️🥲أول تسافيرة بوحدي,"Jun 4, 2024",1426,0
2022-09-25, -Y2Q97SKRM4,STORY TIME | ☀️🥲أول تسافيرة بوحدي,"Jun 4, 2024",1426,0
2022-09-26, -Y2Q97SKRM4,STORY TIME | ☀️🥲أول تسافيرة بوحدي,"Jun 4, 2024",1426,0
2022-09-27, -Y2Q97SKRM4,STORY TIME | ☀️🥲أول تسافيرة بوحدي,"Jun 4, 2024",1426,0
2022-09-28, -Y2Q97SKRM4,STORY TIME | ☀️🥲أول تسافيرة بوحدي,"Jun 4, 2024",1426,0
2022-09-29, -Y2Q97SKRM4,STORY TIME | ☀️🥲أول تسافيرة بوحدي,"Jun 4, 2024",1426,0
2022-09-30, -Y2Q97SKRM4,STORY TIME | ☀️🥲أول تسافيرة بوحدي,"Jun 4, 2024",1426,0
2022-10-01, -Y2Q97SKRM4,STORY TIME | ☀️🥲أول تسافيرة بوحدي,"Jun 4, 2024",1426,0
2022-10-02, -Y2Q97SKRM4,STORY TIME | ☀️🥲أول تسافيرة بوحدي,"Jun 4, 2024",1426,0
2022-10-03, -Y2Q97SKRM4,STORY TIME | ☀️🥲أول تسافيرة بوحدي,"Jun 4, 2024",1426,0
2022-10-04, -Y2Q97SKRM4,STORY TIME | ☀️🥲أول تسافيرة بوحدي,"Jun 4, 2024",1426,0
2022-10-05, -Y2Q97SKRM4,STORY TIME | ☀️🥲أول تسافيرة بوحدي,"Jun 4, 2024",1426,0
2022-10-06, -Y2Q97SKRM4,STORY TIME | ☀️🥲أول تسافيرة بوحدي,"Jun 4, 2024",1426,0
2022-10-07, -Y2Q97SKRM4,STORY TIME | ☀️🥲أول تسافيرة بوحدي,"Jun 4, 2024",1426,0
2022-10-08, -Y2Q97SKRM4,STORY TIME | ☀️🥲أول تسافيرة بوحدي,"Jun 4, 2024",1426,0
2022-10-09, -Y2Q97SKRM4,STORY TIME | ☀️🥲أول تسافيرة بوحدي,"Jun 4, 2024",1426,0
2022-10-10, -Y2Q97SKRM4,STORY TIME | ☀️🥲أول تسافيرة بوحدي,"Jun 4, 2024",1426,0
2022-10-11, -Y2Q97SKRM4,STORY TIME | ☀️🥲أول تسافيرة بوحدي,"Jun 4, 2024",1426,0
2022-10-12, -Y2Q97SKRM4,STORY TIME | ☀️🥲أول تسافيرة بوحدي,"Jun 4, 2024",1426,0
2022-10-13, -Y2Q97SKRM4,STORY TIME | ☀️🥲أول تسافيرة بوحدي,"Jun 4, 2024",1426,0
2022-10-14, -Y2Q97SKRM4,STORY TIME | ☀️🥲أول تسافيرة بوحدي,"Jun 4, 2024",1426,0
2022-10-15, -Y2Q97SKRM4,STORY TIME | ☀️🥲أول تسافيرة بوحدي,"Jun 4, 2024",1426,0
2022-10-16, -Y2Q97SKRM4,STORY TIME | ☀️🥲أول تسافيرة بوحدي,"Jun 4, 2024",1426,0
2022-10-17, -Y2Q97SKRM4,STORY TIME | ☀️🥲أول تسافيرة بوحدي,"Jun 4, 2024",1426,0
2022-10-18, -Y2Q97SKRM4,STORY TIME | ☀️🥲أول تسافيرة بوحدي,"Jun 4, 2024",1426,0
2022-10-19, -Y2Q97SKRM4,STORY TIME | ☀️🥲أول تسافيرة بوحدي,"Jun 4, 2024",1426,0
2022-10-20, -Y2Q97SKRM4,STORY TIME | ☀️🥲أول تسافيرة بوحدي,"Jun 4, 2024",1426,0
2022-10-21, -Y2Q97SKRM4,STORY TIME | ☀️🥲أول تسافيرة بوحدي,"Jun 4, 2024",1426,0
2022-10-22, -Y2Q97SKRM4,STORY TIME | ☀️🥲أول تسافيرة بوحدي,"Jun 4, 2024",1426,0
2022-10-23, -Y2Q97SKRM4,STORY TIME | ☀️🥲أول تسافيرة بوحدي,"Jun 4, 2024",1426,0
2022-10-24, -Y2Q97SKRM4,STORY TIME | ☀️🥲أول تسافيرة بوحدي,"Jun 4, 2024",1426,0
2022-10-25, -Y2Q97SKRM4,STORY TIME | ☀️🥲أول تسافيرة بوحدي,"Jun 4, 2024",1426,0
2022-10-26, -Y2Q97SKRM4,STORY TIME | ☀️🥲أول تسافيرة بوحدي,"Jun 4, 2024",1426,0
2022-10-27, -Y2Q97SKRM4,STORY TIME | ☀️🥲أول تسافيرة بوحدي,"Jun 4, 2024",1426,0
2022-10-28, -Y2Q97SKRM4,STORY TIME | ☀️🥲أول تسافيرة بوحدي,"Jun 4, 2024",1426,0
2022-10-29, -Y2Q97SKRM4,STORY TIME | ☀️🥲أول تسافيرة بوحدي,"Jun 4, 2024",1426,0
2022-10-30, -Y2Q97SKRM4,STORY TIME | ☀️🥲أول تسافيرة بوحدي,"Jun 4, 2024",1426,0
2022-10-31, -Y2Q97SKRM4,STORY TIME | ☀️🥲أول تسافيرة بوحدي,"Jun 4, 2024",1426,0
2022-11-01, -Y2Q97SKRM4,STORY TIME | ☀️🥲أول تسافيرة بوحدي,"Jun 4, 2024",1426,0
2022-11-02, -Y2Q97SKRM4,STORY TIME | ☀️🥲أول تسافيرة بوحدي,"Jun 4, 2024",1426,0
2022-11-03, -Y2Q97SKRM4,STORY TIME | ☀️🥲أول تسافيرة بوحدي,"Jun 4, 2024",1426,0
2022-11-04, -Y2Q97SKRM4,STORY TIME | ☀️🥲أول تسافيرة بوحدي,"Jun 4, 2024",1426,0
2022-11-05, -Y2Q97SKRM4,STORY TIME | ☀️🥲أول تسافيرة بوحدي,"Jun 4, 2024",1426,0
2022-11-06, -Y2Q97SKRM4,STORY TIME | ☀️🥲أول تسافيرة بوحدي,"Jun 4, 2024",1426,0
2022-11-07, -Y2Q97SKRM4,STORY TIME | ☀️🥲أول تسافيرة بوحدي,"Jun 4, 2024",1426,0
2022-11-08, -Y2Q97SKRM4,STORY TIME | ☀️🥲أول تسافيرة بوحدي,"Jun 4, 2024",1426,0
2022-11-09, -Y2Q97SKRM4,STORY TIME | ☀️🥲أول تسافيرة بوحدي,"Jun 4, 2024",1426,0
2022-11-10, -Y2Q97SKRM4,STORY TIME | ☀️🥲أول تسافيرة بوحدي,"Jun 4, 2024",1426,0
2022-11-11, -Y2Q97SKRM4,STORY TIME | ☀️🥲أول تسافيرة بوحدي,"Jun 4, 2024",1426,0
2022-11-12, -Y2Q97SKRM4,STORY TIME | ☀️🥲أول تسافيرة بوحدي,"Jun 4, 2024",1426,0
2022-11-13, -Y2Q97SKRM4,STORY TIME | ☀️🥲أول تسافيرة بوحدي,"Jun 4, 2024",1426,0
2022-11-14, -Y2Q97SKRM4,STORY TIME | ☀️🥲أول تسافيرة بوحدي,"Jun 4, 2024",1426,0
2022-11-15, -Y2Q97SKRM4,STORY TIME | ☀️🥲أول تسافيرة بوحدي,"Jun 4, 2024",1426,0
2022-11-16, -Y2Q97SKRM4,STORY TIME | ☀️🥲أول تسافيرة بوحدي,"Jun 4, 2024",1426,0
2022-11-17, -Y2Q97SKRM4,STORY TIME | ☀️🥲أول تسافيرة بوحدي,"Jun 4, 2024",1426,0
2022-11-18, -Y2Q97SKRM4,STORY TIME | ☀️🥲أول تسافيرة بوحدي,"Jun 4, 2024",1426,0
2022-11-19, -Y2Q97SKRM4,STORY TIME | ☀️🥲أول تسافيرة بوحدي,"Jun 4, 2024",1426,0
2022-11-20, -Y2Q97SKRM4,STORY TIME | ☀️🥲أول تسافيرة بوحدي,"Jun 4, 2024",1426,0
2022-11-21, -Y2Q97SKRM4,STORY TIME | ☀️🥲أول تسافيرة بوحدي,"Jun 4, 2024",1426,0
2022-11-22, -Y2Q97SKRM4,STORY TIME | ☀️🥲أول تسافيرة بوحدي,"Jun 4, 2024",1426,0
2022-11-23, -Y2Q97SKRM4,STORY TIME | ☀️🥲أول تسافيرة بوحدي,"Jun 4, 2024",1426,0
2022-11-24, -Y2Q97SKRM4,STORY TIME | ☀️🥲أول تسافيرة بوحدي,"Jun 4, 2024",1426,0
2022-11-25, -Y2Q97SKRM4,STORY TIME | ☀️🥲أول تسافيرة بوحدي,"Jun 4, 2024",1426,0
2022-11-26, -Y2Q97SKRM4,STORY TIME | ☀️🥲أول تسافيرة بوحدي,"Jun 4, 2024",1426,0
2022-11-27, -Y2Q97SKRM4,STORY TIME | ☀️🥲أول تسافيرة بوحدي,"Jun 4, 2024",1426,0
2022-11-28, -Y2Q97SKRM4,STORY TIME | ☀️🥲أول تسافيرة بوحدي,"Jun 4, 2024",1426,0
2022-11-29, -Y2Q97SKRM4,STORY TIME | ☀️🥲أول تسافيرة بوحدي,"Jun 4, 2024",1426,0
2022-11-30, -Y2Q97SKRM4,STORY TIME | ☀️🥲أول تسافيرة بوحدي,"Jun 4, 2024",1426,0
2022-12-01, -Y2Q97SKRM4,STORY TIME | ☀️🥲أول تسافيرة بوحدي,"Jun 4, 2024",1426,0
2022-12-02, -Y2Q97SKRM4,STORY TIME | ☀️🥲أول تسافيرة بوحدي,"Jun 4, 2024",1426,0
2022-12-03, -Y2Q97SKRM4,STORY TIME | ☀️🥲أول تسافيرة بوحدي,"Jun 4, 2024",1426,0
2022-12-04, -Y2Q97SKRM4,STORY TIME | ☀️🥲أول تسافيرة بوحدي,"Jun 4, 2024",1426,0
2022-12-05, -Y2Q97SKRM4,STORY TIME | ☀️🥲أول تسافيرة بوحدي,"Jun 4, 2024",1426,0
2022-12-06, -Y2Q97SKRM4,STORY TIME | ☀️🥲أول تسافيرة بوحدي,"Jun 4, 2024",1426,0
2022-12-07, -Y2Q97SKRM4,STORY TIME | ☀️🥲أول تسافيرة بوحدي,"Jun 4, 2024",1426,0
2022-12-08, -Y2Q97SKRM4,STORY TIME | ☀️🥲أول تسافيرة بوحدي,"Jun 4, 2024",1426,0
2022-12-09, -Y2Q97SKRM4,STORY TIME | ☀️🥲أول تسافيرة بوحدي,"Jun 4, 2024",1426,0
2022-12-10, -Y2Q97SKRM4,STORY TIME | ☀️🥲أول تسافيرة بوحدي,"Jun 4, 2024",1426,0
2022-12-11, -Y2Q97SKRM4,STORY TIME | ☀️🥲أول تسافيرة بوحدي,"Jun 4, 2024",1426,0
2022-12-12, -Y2Q97SKRM4,STORY TIME | ☀️🥲أول تسافيرة بوحدي,"Jun 4, 2024",1426,0
2022-12-13, -Y2Q97SKRM4,STORY TIME | ☀️🥲أول تسافيرة بوحدي,"Jun 4, 2024",1426,0
2022-12-14, -Y2Q97SKRM4,STORY TIME | ☀️🥲أول تسافيرة بوحدي,"Jun 4, 2024",1426,0
2022-12-15, -Y2Q97SKRM4,STORY TIME | ☀️🥲أول تسافيرة بوحدي,"Jun 4, 2024",1426,0
2022-12-16, -Y2Q97SKRM4,STORY TIME | ☀️🥲أول تسافيرة بوحدي,"Jun 4, 2024",1426,0
2022-12-17, -Y2Q97SKRM4,STORY TIME | ☀️🥲أول تسافيرة بوحدي,"Jun 4, 2024",1426,0
2022-12-18, -Y2Q97SKRM4,STORY TIME | ☀️🥲أول تسافيرة بوحدي,"Jun 4, 2024",1426,0
2022-12-19, -Y2Q97SKRM4,STORY TIME | ☀️🥲أول تسافيرة بوحدي,"Jun 4, 2024",1426,0
2022-12-20, -Y2Q97SKRM4,STORY TIME | ☀️🥲أول تسافيرة بوحدي,"Jun 4, 2024",1426,0
2022-12-21, -Y2Q97SKRM4,STORY TIME | ☀️🥲أول تسافيرة بوحدي,"Jun 4, 2024",1426,0
2022-12-22, -Y2Q97SKRM4,STORY TIME | ☀️🥲أول تسافيرة بوحدي,"Jun 4, 2024",1426,0
2022-12-23, -Y2Q97SKRM4,STORY TIME | ☀️🥲أول تسافيرة بوحدي,"Jun 4, 2024",1426,0
2022-12-24, -Y2Q97SKRM4,STORY TIME | ☀️🥲أول تسافيرة بوحدي,"Jun 4, 2024",1426,0
2022-12-25, -Y2Q97SKRM4,STORY TIME | ☀️🥲أول تسافيرة بوحدي,"Jun 4, 2024",1426,0
2022-12-26, -Y2Q97SKRM4,STORY TIME | ☀️🥲أول تسافيرة بوحدي,"Jun 4, 2024",1426,0
2022-12-27, -Y2Q97SKRM4,STORY TIME | ☀️🥲أول تسافيرة بوحدي,"Jun 4, 2024",1426,0
2022-12-28, -Y2Q97SKRM4,STORY TIME | ☀️🥲أول تسافيرة بوحدي,"Jun 4, 2024",1426,0
2022-12-29, -Y2Q97SKRM4,STORY TIME | ☀️🥲أول تسافيرة بوحدي,"Jun 4, 2024",1426,0
2022-12-30, -Y2Q97SKRM4,STORY TIME | ☀️🥲أول تسافيرة بوحدي,"Jun 4, 2024",1426,0
2022-12-31, -Y2Q97SKRM4,STORY TIME | ☀️🥲أول تسافيرة بوحدي,"Jun 4, 2024",1426,0
2023-01-01, -Y2Q97SKRM4,STORY TIME | ☀️🥲أول تسافيرة بوحدي,"Jun 4, 2024",1426,0
2023-01-02, -Y2Q97SKRM4,STORY TIME | ☀️🥲أول تسافيرة بوحدي,"Jun 4, 2024",1426,0
2023-01-03, -Y2Q97SKRM4,STORY TIME | ☀️🥲أول تسافيرة بوحدي,"Jun 4, 2024",1426,0
2023-01-04, -Y2Q97SKRM4,STORY TIME | ☀️🥲أول تسافيرة بوحدي,"Jun 4, 2024",1426,0
2023-01-05, -Y2Q97SKRM4,STORY TIME | ☀️🥲أول تسافيرة بوحدي,"Jun 4, 2024",1426,0
2023-01-06, -Y2Q97SKRM4,STORY TIME | ☀️🥲أول تسافيرة بوحدي,"Jun 4, 2024",1426,0
2023-01-07, -Y2Q97SKRM4,STORY TIME | ☀️🥲أول تسافيرة بوحدي,"Jun 4, 2024",1426,0
2023-01-08, -Y2Q97SKRM4,STORY TIME | ☀️🥲أول تسافيرة بوحدي,"Jun 4, 2024",1426,0
2023-01-09, -Y2Q97SKRM4,STORY TIME | ☀️🥲أول تسافيرة بوحدي,"Jun 4, 2024",1426,0
2023-01-10, -Y2Q97SKRM4,STORY TIME | ☀️🥲أول تسافيرة بوحدي,"Jun 4, 2024",1426,0
2023-01-11, -Y2Q97SKRM4,STORY TIME | ☀️🥲أول تسافيرة بوحدي,"Jun 4, 2024",1426,0
2023-01-12, -Y2Q97SKRM4,STORY TIME | ☀️🥲أول تسافيرة بوحدي,"Jun 4, 2024",1426,0
2023-01-13, -Y2Q97SKRM4,STORY TIME | ☀️🥲أول تسافيرة بوحدي,"Jun 4, 2024",1426,0
2023-01-14, -Y2Q97SKRM4,STORY TIME | ☀️🥲أول تسافيرة بوحدي,"Jun 4, 2024",1426,0
2023-01-15, -Y2Q97SKRM4,STORY TIME | ☀️🥲أول تسافيرة بوحدي,"Jun 4, 2024",1426,0
2023-01-16, -Y2Q97SKRM4,STORY TIME | ☀️🥲أول تسافيرة بوحدي,"Jun 4, 2024",1426,0
2023-01-17, -Y2Q97SKRM4,STORY TIME | ☀️🥲أول تسافيرة بوحدي,"Jun 4, 2024",1426,0
2023-01-18, -Y2Q97SKRM4,STORY TIME | ☀️🥲أول تسافيرة بوحدي,"Jun 4, 2024",1426,0
2023-01-19, -Y2Q97SKRM4,STORY TIME | ☀️🥲أول تسافيرة بوحدي,"Jun 4, 2024",1426,0
2023-01-20, -Y2Q97SKRM4,STORY TIME | ☀️🥲أول تسافيرة بوحدي,"Jun 4, 2024",1426,0
2023-01-21, -Y2Q97SKRM4,STORY TIME | ☀️🥲أول تسافيرة بوحدي,"Jun 4, 2024",1426,0
2023-01-22, -Y2Q97SKRM4,STORY TIME | ☀️🥲أول تسافيرة بوحدي,"Jun 4, 2024",1426,0
2023-01-23, -Y2Q97SKRM4,STORY TIME | ☀️🥲أول تسافيرة بوحدي,"Jun 4, 2024",1426,0
2023-01-24, -Y2Q97SKRM4,STORY TIME | ☀️🥲أول تسافيرة بوحدي,"Jun 4, 2024",1426,0
2023-01-25, -Y2Q97SKRM4,STORY TIME | ☀️🥲أول تسافيرة بوحدي,"Jun 4, 2024",1426,0
2023-01-26, -Y2Q97SKRM4,STORY TIME | ☀️🥲أول تسافيرة بوحدي,"Jun 4, 2024",1426,0
2023-01-27, -Y2Q97SKRM4,STORY TIME | ☀️🥲أول تسافيرة بوحدي,"Jun 4, 2024",1426,0
2023-01-28, -Y2Q97SKRM4,STORY TIME | ☀️🥲أول تسافيرة بوحدي,"Jun 4, 2024",1426,0
2023-01-29, -Y2Q97SKRM4,STORY TIME | ☀️🥲أول تسافيرة بوحدي,"Jun 4, 2024",1426,0
2023-01-30, -Y2Q97SKRM4,STORY TIME | ☀️🥲أول تسافيرة بوحدي,"Jun 4, 2024",1426,0
2023-01-31, -Y2Q97SKRM4,STORY TIME | ☀️🥲أول تسافيرة بوحدي,"Jun 4, 2024",1426,0
2023-02-01, -Y2Q97SKRM4,STORY TIME | ☀️🥲أول تسافيرة بوحدي,"Jun 4, 2024",1426,0
2023-02-02, -Y2Q97SKRM4,STORY TIME | ☀️🥲أول تسافيرة بوحدي,"Jun 4, 2024",1426,0
2023-02-03, -Y2Q97SKRM4,STORY TIME | ☀️🥲أول تسافيرة بوحدي,"Jun 4, 2024",1426,0
2023-02-04, -Y2Q97SKRM4,STORY TIME | ☀️🥲أول تسافيرة بوحدي,"Jun 4, 2024",1426,0
2023-02-05, -Y2Q97SKRM4,STORY TIME | ☀️🥲أول تسافيرة بوحدي,"Jun 4, 2024",1426,0
2023-02-06, -Y2Q97SKRM4,STORY TIME | ☀️🥲أول تسافيرة بوحدي,"Jun 4, 2024",1426,0
2023-02-07, -Y2Q97SKRM4,STORY TIME | ☀️🥲أول تسافيرة بوحدي,"Jun 4, 2024",1426,0
2023-02-08, -Y2Q97SKRM4,STORY TIME | ☀️🥲أول تسافيرة بوحدي,"Jun 4, 2024",1426,0
2023-02-09, -Y2Q97SKRM4,STORY TIME | ☀️🥲أول تسافيرة بوحدي,"Jun 4, 2024",1426,0
2023-02-10, -Y2Q97SKRM4,STORY TIME | ☀️🥲أول تسافيرة بوحدي,"Jun 4, 2024",1426,0
2023-02-11, -Y2Q97SKRM4,STORY TIME | ☀️🥲أول تسافيرة بوحدي,"Jun 4, 2024",1426,0
2023-02-12, -Y2Q97SKRM4,STORY TIME | ☀️🥲أول تسافيرة بوحدي,"Jun 4, 2024",1426,0
2023-02-13, -Y2Q97SKRM4,STORY TIME | ☀️🥲أول تسافيرة بوحدي,"Jun 4, 2024",1426,0
2023-02-14, -Y2Q97SKRM4,STORY TIME | ☀️🥲أول تسافيرة بوحدي,"Jun 4, 2024",1426,0
2023-02-15, -Y2Q97SKRM4,STORY TIME | ☀️🥲أول تسافيرة بوحدي,"Jun 4, 2024",1426,0
2023-02-16, -Y2Q97SKRM4,STORY TIME | ☀️🥲أول تسافيرة بوحدي,"Jun 4, 2024",1426,0
2023-02-17, -Y2Q97SKRM4,STORY TIME | ☀️🥲أول تسافيرة بوحدي,"Jun 4, 2024",1426,0
2023-02-18, -Y2Q97SKRM4,STORY TIME | ☀️🥲أول تسافيرة بوحدي,"Jun 4, 2024",1426,0
2023-02-19, -Y2Q97SKRM4,STORY TIME | ☀️🥲أول تسافيرة بوحدي,"Jun 4, 2024",1426,0
2023-02-20, -Y2Q97SKRM4,STORY TIME | ☀️🥲أول تسافيرة بوحدي,"Jun 4, 2024",1426,0
2023-02-21, -Y2Q97SKRM4,STORY TIME | ☀️🥲أول تسافيرة بوحدي,"Jun 4, 2024",1426,0
2023-02-22, -Y2Q97SKRM4,STORY TIME | ☀️🥲أول تسافيرة بوحدي,"Jun 4, 2024",1426,0
2023-02-23, -Y2Q97SKRM4,STORY TIME | ☀️🥲أول تسافيرة بوحدي,"Jun 4, 2024",1426,0
2023-02-24, -Y2Q97SKRM4,STORY TIME | ☀️🥲أول تسافيرة بوحدي,"Jun 4, 2024",1426,0
2023-02-25, -Y2Q97SKRM4,STORY TIME | ☀️🥲أول تسافيرة بوحدي,"Jun 4, 2024",1426,0
2023-02-26, -Y2Q97SKRM4,STORY TIME | ☀️🥲أول تسافيرة بوحدي,"Jun 4, 2024",1426,0
2023-02-27, -Y2Q97SKRM4,STORY TIME | ☀️🥲أول تسافيرة بوحدي,"Jun 4, 2024",1426,0
2023-02-28, -Y2Q97SKRM4,STORY TIME | ☀️🥲أول تسافيرة بوحدي,"Jun 4, 2024",1426,0
2023-03-01, -Y2Q97SKRM4,STORY TIME | ☀️🥲أول تسافيرة بوحدي,"Jun 4, 2024",1426,0
2023-03-02, -Y2Q97SKRM4,STORY TIME | ☀️🥲أول تسافيرة بوحدي,"Jun 4, 2024",1426,0
2023-03-03, -Y2Q97SKRM4,STORY TIME | ☀️🥲أول تسافيرة بوحدي,"Jun 4, 2024",1426,0
2023-03-04, -Y2Q97SKRM4,STORY TIME | ☀️🥲أول تسافيرة بوحدي,"Jun 4, 2024",1426,0
2023-03-05, -Y2Q97SKRM4,STORY TIME | ☀️🥲أول تسافيرة بوحدي,"Jun 4, 2024",1426,0
2023-03-06, -Y2Q97SKRM4,STORY TIME | ☀️🥲أول تسافيرة بوحدي,"Jun 4, 2024",1426,0
2023-03-07, -Y2Q97SKRM4,STORY TIME | ☀️🥲أول تسافيرة بوحدي,"Jun 4, 2024",1426,0
2023-03-08, -Y2Q97SKRM4,STORY TIME | ☀️🥲أول تسافيرة بوحدي,"Jun 4, 2024",1426,0
2023-03-09, -Y2Q97SKRM4,STORY TIME | ☀️🥲أول تسافيرة بوحدي,"Jun 4, 2024",1426,0
2023-03-10, -Y2Q97SKRM4,STORY TIME | ☀️🥲أول تسافيرة بوحدي,"Jun 4, 2024",1426,0
2023-03-11, -Y2Q97SKRM4,STORY TIME | ☀️🥲أول تسافيرة بوحدي,"Jun 4, 2024",1426,0
2023-03-12, -Y2Q97SKRM4,STORY TIME | ☀️🥲أول تسافيرة بوحدي,"Jun 4, 2024",1426,0
2023-03-13, -Y2Q97SKRM4,STORY TIME | ☀️🥲أول تسافيرة بوحدي,"Jun 4, 2024",1426,0
2023-03-14, -Y2Q97SKRM4,STORY TIME | ☀️🥲أول تسافيرة بوحدي,"Jun 4, 2024",1426,0
2023-03-15, -Y2Q97SKRM4,STORY TIME | ☀️🥲أول تسافيرة بوحدي,"Jun 4, 2024",1426,0
2023-03-16, -Y2Q97SKRM4,STORY TIME | ☀️🥲أول تسافيرة بوحدي,"Jun 4, 2024",1426,0
2023-03-17, -Y2Q97SKRM4,STORY TIME | ☀️🥲أول تسافيرة بوحدي,"Jun 4, 2024",1426,0
2023-03-18, -Y2Q97SKRM4,STORY TIME | ☀️🥲أول تسافيرة بوحدي,"Jun 4, 2024",1426,0
2023-03-19, -Y2Q97SKRM4,STORY TIME | ☀️🥲أول تسافيرة بوحدي,"Jun 4, 2024",1426,0
2023-03-20, -Y2Q97SKRM4,STORY TIME | ☀️🥲أول تسافيرة بوحدي,"Jun 4, 2024",1426,0
2023-03-21, -Y2Q97SKRM4,STORY TIME | ☀️🥲أول تسافيرة بوحدي,"Jun 4, 2024",1426,0
2023-03-22, -Y2Q97SKRM4,STORY TIME | ☀️🥲أول تسافيرة بوحدي,"Jun 4, 2024",1426,0
2023-03-23, -Y2Q97SKRM4,STORY TIME | ☀️🥲أول تسافيرة بوحدي,"Jun 4, 2024",1426,0
2023-03-24, -Y2Q97SKRM4,STORY TIME | ☀️🥲أول تسافيرة بوحدي,"Jun 4, 2024",1426,0
2023-03-25, -Y2Q97SKRM4,STORY TIME | ☀️🥲أول تسافيرة بوحدي,"Jun 4, 2024",1426,0
2023-03-26, -Y2Q97SKRM4,STORY TIME | ☀️🥲أول تسافيرة بوحدي,"Jun 4, 2024",1426,0
2023-03-27, -Y2Q97SKRM4,STORY TIME | ☀️🥲أول تسافيرة بوحدي,"Jun 4, 2024",1426,0
2023-03-28, -Y2Q97SKRM4,STORY TIME | ☀️🥲أول تسافيرة بوحدي,"Jun 4, 2024",1426,0
2023-03-29, -Y2Q97SKRM4,STORY TIME | ☀️🥲أول تسافيرة بوحدي,"Jun 4, 2024",1426,0
2023-03-30, -Y2Q97SKRM4,STORY TIME | ☀️🥲أول تسافيرة بوحدي,"Jun 4, 2024",1426,0
2023-03-31, -Y2Q97SKRM4,STORY TIME | ☀️🥲أول تسافيرة بوحدي,"Jun 4, 2024",1426,0
2023-04-01, -Y2Q97SKRM4,STORY TIME | ☀️🥲أول تسافيرة بوحدي,"Jun 4, 2024",1426,0
2023-04-02, -Y2Q97SKRM4,STORY TIME | ☀️🥲أول تسافيرة بوحدي,"Jun 4, 2024",1426,0
2023-04-03, -Y2Q97SKRM4,STORY TIME | ☀️🥲أول تسافيرة بوحدي,"Jun 4, 2024",1426,0
2023-04-04, -Y2Q97SKRM4,STORY TIME | ☀️🥲أول تسافيرة بوحدي,"Jun 4, 2024",1426,0
2023-04-05, -Y2Q97SKRM4,STORY TIME | ☀️🥲أول تسافيرة بوحدي,"Jun 4, 2024",1426,0
2023-04-06, -Y2Q97SKRM4,STORY TIME | ☀️🥲أول تسافيرة بوحدي,"Jun 4, 2024",1426,0
2023-04-07, -Y2Q97SKRM4,STORY TIME | ☀️🥲أول تسافيرة بوحدي,"Jun 4, 2024",1426,0
2023-04-08, -Y2Q97SKRM4,STORY TIME | ☀️🥲أول تسافيرة بوحدي,"Jun 4, 2024",1426,0
2023-04-09, -Y2Q97SKRM4,STORY TIME | ☀️🥲أول تسافيرة بوحدي,"Jun 4, 2024",1426,0
2023-04-10, -Y2Q97SKRM4,STORY TIME | ☀️🥲أول تسافيرة بوحدي,"Jun 4, 2024",1426,0
2023-04-11, -Y2Q97SKRM4,STORY TIME | ☀️🥲أول تسافيرة بوحدي,"Jun 4, 2024",1426,0
2023-04-12, -Y2Q97SKRM4,STORY TIME | ☀️🥲أول تسافيرة بوحدي,"Jun 4, 2024",1426,0
2023-04-13, -Y2Q97SKRM4,STORY TIME | ☀️🥲أول تسافيرة بوحدي,"Jun 4, 2024",1426,0
2023-04-14, -Y2Q97SKRM4,STORY TIME | ☀️🥲أول تسافيرة بوحدي,"Jun 4, 2024",1426,0
2023-04-15, -Y2Q97SKRM4,STORY TIME | ☀️🥲أول تسافيرة بوحدي,"Jun 4, 2024",1426,0
2023-04-16, -Y2Q97SKRM4,STORY TIME | ☀️🥲أول تسافيرة بوحدي,"Jun 4, 2024",1426,0
2023-04-17, -Y2Q97SKRM4,STORY TIME | ☀️🥲أول تسافيرة بوحدي,"Jun 4, 2024",1426,0
2023-04-18, -Y2Q97SKRM4,STORY TIME | ☀️🥲أول تسافيرة بوحدي,"Jun 4, 2024",1426,0
2023-04-19, -Y2Q97SKRM4,STORY TIME | ☀️🥲أول تسافيرة بوحدي,"Jun 4, 2024",1426,0
2023-04-20, -Y2Q97SKRM4,STORY TIME | ☀️🥲أول تسافيرة بوحدي,"Jun 4, 2024",1426,0
2023-04-21, -Y2Q97SKRM4,STORY TIME | ☀️🥲أول تسافيرة بوحدي,"Jun 4, 2024",1426,0
2023-04-22, -Y2Q97SKRM4,STORY TIME | ☀️🥲أول تسافيرة بوحدي,"Jun 4, 2024",1426,0
2023-04-23, -Y2Q97SKRM4,STORY TIME | ☀️🥲أول تسافيرة بوحدي,"Jun 4, 2024",1426,0
2023-04-24, -Y2Q97SKRM4,STORY TIME | ☀️🥲أول تسافيرة بوحدي,"Jun 4, 2024",1426,0
2023-04-25, -Y2Q97SKRM4,STORY TIME | ☀️🥲أول تسافيرة بوحدي,"Jun 4, 2024",1426,0
2023-04-26, -Y2Q97SKRM4,STORY TIME | ☀️🥲أول تسافيرة بوحدي,"Jun 4, 2024",1426,0
2023-04-27, -Y2Q97SKRM4,STORY TIME | ☀️🥲أول تسافيرة بوحدي,"Jun 4, 2024",1426,0
2023-04-28, -Y2Q97SKRM4,STORY TIME | ☀️🥲أول تسافيرة بوحدي,"Jun 4, 2024",1426,0
2023-04-29, -Y2Q97SKRM4,STORY TIME | ☀️🥲أول تسافيرة بوحدي,"Jun 4, 2024",1426,0
2023-04-30, -Y2Q97SKRM4,STORY TIME | ☀️🥲أول تسافيرة بوحدي,"Jun 4, 2024",1426,0
2023-05-01, -Y2Q97SKRM4,STORY TIME | ☀️🥲أول تسافيرة بوحدي,"Jun 4, 2024",1426,0
2023-05-02, -Y2Q97SKRM4,STORY TIME | ☀️🥲أول تسافيرة بوحدي,"Jun 4, 2024",1426,0
2023-05-03, -Y2Q97SKRM4,STORY TIME | ☀️🥲أول تسافيرة بوحدي,"Jun 4, 2024",1426,0
2023-05-04, -Y2Q97SKRM4,STORY TIME | ☀️🥲أول تسافيرة بوحدي,"Jun 4, 2024",1426,0
2023-05-05, -Y2Q97SKRM4,STORY TIME | ☀️🥲أول تسافيرة بوحدي,"Jun 4, 2024",1426,0
2023-05-06, -Y2Q97SKRM4,STORY TIME | ☀️🥲أول تسافيرة بوحدي,"Jun 4, 2024",1426,0
2023-05-07, -Y2Q97SKRM4,STORY TIME | ☀️🥲أول تسافيرة بوحدي,"Jun 4, 2024",1426,0
2023-05-08, -Y2Q97SKRM4,STORY TIME | ☀️🥲أول تسافيرة بوحدي,"Jun 4, 2024",1426,0
2023-05-09, -Y2Q97SKRM4,STORY TIME | ☀️🥲أول تسافيرة بوحدي,"Jun 4, 2024",1426,0
2023-05-10, -Y2Q97SKRM4,STORY TIME | ☀️🥲أول تسافيرة بوحدي,"Jun 4, 2024",1426,0
2023-05-11, -Y2Q97SKRM4,STORY TIME | ☀️🥲أول تسافيرة بوحدي,"Jun 4, 2024",1426,0
2023-05-12, -Y2Q97SKRM4,STORY TIME | ☀️🥲أول تسافيرة بوحدي,"Jun 4, 2024",1426,0
2023-05-13, -Y2Q97SKRM4,STORY TIME | ☀️🥲أول تسافيرة بوحدي,"Jun 4, 2024",1426,0
2023-05-14, -Y2Q97SKRM4,STORY TIME | ☀️🥲أول تسافيرة بوحدي,"Jun 4, 2024",1426,0
2023-05-15, -Y2Q97SKRM4,STORY TIME | ☀️🥲أول تسافيرة بوحدي,"Jun 4, 2024",1426,0
2023-05-16, -Y2Q97SKRM4,STORY TIME | ☀️🥲أول تسافيرة بوحدي,"Jun 4, 2024",1426,0
2023-05-17, -Y2Q97SKRM4,STORY TIME | ☀️🥲أول تسافيرة بوحدي,"Jun 4, 2024",1426,0
2023-05-18, -Y2Q97SKRM4,STORY TIME | ☀️🥲أول تسافيرة بوحدي,"Jun 4, 2024",1426,0
2023-05-19, -Y2Q97SKRM4,STORY TIME | ☀️🥲أول تسافيرة بوحدي,"Jun 4, 2024",1426,0
2023-05-20, -Y2Q97SKRM4,STORY TIME | ☀️🥲أول تسافيرة بوحدي,"Jun 4, 2024",1426,0
2023-05-21, -Y2Q97SKRM4,STORY TIME | ☀️🥲أول تسافيرة بوحدي,"Jun 4, 2024",1426,0
2023-05-22, -Y2Q97SKRM4,STORY TIME | ☀️🥲أول تسافيرة بوحدي,"Jun 4, 2024",1426,0
2023-05-23, -Y2Q97SKRM4,STORY TIME | ☀️🥲أول تسافيرة بوحدي,"Jun 4, 2024",1426,0
2023-05-24, -Y2Q97SKRM4,STORY TIME | ☀️🥲أول تسافيرة بوحدي,"Jun 4, 2024",1426,0
2023-05-25, -Y2Q97SKRM4,STORY TIME | ☀️🥲أول تسافيرة بوحدي,"Jun 4, 2024",1426,0
2023-05-26, -Y2Q97SKRM4,STORY TIME | ☀️🥲أول تسافيرة بوحدي,"Jun 4, 2024",1426,0
2023-05-27, -Y2Q97SKRM4,STORY TIME | ☀️🥲أول تسافيرة بوحدي,"Jun 4, 2024",1426,0
2023-05-28, -Y2Q97SKRM4,STORY TIME | ☀️🥲أول تسافيرة بوحدي,"Jun 4, 2024",1426,0
2023-05-29, -Y2Q97SKRM4,STORY TIME | ☀️🥲أول تسافيرة بوحدي,"Jun 4, 2024",1426,0
2023-05-30, -Y2Q97SKRM4,STORY TIME | ☀️🥲أول تسافيرة بوحدي,"Jun 4, 2024",1426,0
2023-05-31, -Y2Q97SKRM4,STORY TIME | ☀️🥲أول تسافيرة بوحدي,"Jun 4, 2024",1426,0
2023-06-01, -Y2Q97SKRM4,STORY TIME | ☀️🥲أول تسافيرة بوحدي,"Jun 4, 2024",1426,0
2023-06-02, -Y2Q97SKRM4,STORY TIME | ☀️🥲أول تسافيرة بوحدي,"Jun 4, 2024",1426,0
2023-06-03, -Y2Q97SKRM4,STORY TIME | ☀️🥲أول تسافيرة بوحدي,"Jun 4, 2024",1426,0
2023-06-04, -Y2Q97SKRM4,STORY TIME | ☀️🥲أول تسافيرة بوحدي,"Jun 4, 2024",1426,0
2023-06-05, -Y2Q97SKRM4,STORY TIME | ☀️🥲أول تسافيرة بوحدي,"Jun 4, 2024",1426,0
2023-06-06, -Y2Q97SKRM4,STORY TIME | ☀️🥲أول تسافيرة بوحدي,"Jun 4, 2024",1426,0
2023-06-07, -Y2Q97SKRM4,STORY TIME | ☀️🥲أول تسافيرة بوحدي,"Jun 4, 2024",1426,0
2023-06-08, -Y2Q97SKRM4,STORY TIME | ☀️🥲أول تسافيرة بوحدي,"Jun 4, 2024",1426,0
2023-06-09, -Y2Q97SKRM4,STORY TIME | ☀️🥲أول تسافيرة بوحدي,"Jun 4, 2024",1426,0
2023-06-10, -Y2Q97SKRM4,STORY TIME | ☀️🥲أول تسافيرة بوحدي,"Jun 4, 2024",1426,0
2023-06-11, -Y2Q97SKRM4,STORY TIME | ☀️🥲أول تسافيرة بوحدي,"Jun 4, 2024",1426,0
2023-06-12, -Y2Q97SKRM4,STORY TIME | ☀️🥲أول تسافيرة بوحدي,"Jun 4, 2024",1426,0
2023-06-13, -Y2Q97SKRM4,STORY TIME | ☀️🥲أول تسافيرة بوحدي,"Jun 4, 2024",1426,0
2023-06-14, -Y2Q97SKRM4,STORY TIME | ☀️🥲أول تسافيرة بوحدي,"Jun 4, 2024",1426,0
2023-06-15, -Y2Q97SKRM4,STORY TIME | ☀️🥲أول تسافيرة بوحدي,"Jun 4, 2024",1426,0
2023-06-16, -Y2Q97SKRM4,STORY TIME | ☀️🥲أول تسافيرة بوحدي,"Jun 4, 2024",1426,0
2023-06-17, -Y2Q97SKRM4,STORY TIME | ☀️🥲أول تسافيرة بوحدي,"Jun 4, 2024",1426,0
2023-06-18, -Y2Q97SKRM4,STORY TIME | ☀️🥲أول تسافيرة بوحدي,"Jun 4, 2024",1426,0
2023-06-19, -Y2Q97SKRM4,STORY TIME | ☀️🥲أول تسافيرة بوحدي,"Jun 4, 2024",1426,0
2023-06-20, -Y2Q97SKRM4,STORY TIME | ☀️🥲أول تسافيرة بوحدي,"Jun 4, 2024",1426,0
2023-06-21, -Y2Q97SKRM4,STORY TIME | ☀️🥲أول تسافيرة بوحدي,"Jun 4, 2024",1426,0
2023-06-22, -Y2Q97SKRM4,STORY TIME | ☀️🥲أول تسافيرة بوحدي,"Jun 4, 2024",1426,0
2023-06-23, -Y2Q97SKRM4,STORY TIME | ☀️🥲أول تسافيرة بوحدي,"Jun 4, 2024",1426,0
2023-06-24, -Y2Q97SKRM4,STORY TIME | ☀️🥲أول تسافيرة بوحدي,"Jun 4, 2024",1426,0
2023-06-25, -Y2Q97SKRM4,STORY TIME | ☀️🥲أول تسافيرة بوحدي,"Jun 4, 2024",1426,0
2023-06-26, -Y2Q97SKRM4,STORY TIME | ☀️🥲أول تسافيرة بوحدي,"Jun 4, 2024",1426,0
2023-06-27, -Y2Q97SKRM4,STORY TIME | ☀️🥲أول تسافيرة بوحدي,"Jun 4, 2024",1426,0
2023-06-28, -Y2Q97SKRM4,STORY TIME | ☀️🥲أول تسافيرة بوحدي,"Jun 4, 2024",1426,0
2023-06-29, -Y2Q97SKRM4,STORY TIME | ☀️🥲أول تسافيرة بوحدي,"Jun 4, 2024",1426,0
2023-06-30, -Y2Q97SKRM4,STORY TIME | ☀️🥲أول تسافيرة بوحدي,"Jun 4, 2024",1426,0
2023-07-01, -Y2Q97SKRM4,STORY TIME | ☀️🥲أول تسافيرة بوحدي,"Jun 4, 2024",1426,0
2023-07-02, -Y2Q97SKRM4,STORY TIME | ☀️🥲أول تسافيرة بوحدي,"Jun 4, 2024",1426,0
2023-07-03, -Y2Q97SKRM4,STORY TIME | ☀️🥲أول تسافيرة بوحدي,"Jun 4, 2024",1426,0
2023-07-04, -Y2Q97SKRM4,STORY TIME | ☀️🥲أول تسافيرة بوحدي,"Jun 4, 2024",1426,0
2023-07-05, -Y2Q97SKRM4,STORY TIME | ☀️🥲أول تسافيرة بوحدي,"Jun 4, 2024",1426,0
2023-07-06, -Y2Q97SKRM4,STORY TIME | ☀️🥲أول تسافيرة بوحدي,"Jun 4, 2024",1426,0
2023-07-07, -Y2Q97SKRM4,STORY TIME | ☀️🥲أول تسافيرة بوحدي,"Jun 4, 2024",1426,0
2023-07-08, -Y2Q97SKRM4,STORY TIME | ☀️🥲أول تسافيرة بوحدي,"Jun 4, 2024",1426,0
2023-07-09, -Y2Q97SKRM4,STORY TIME | ☀️🥲أول تسافيرة بوحدي,"Jun 4, 2024",1426,0
2023-07-10, -Y2Q97SKRM4,STORY TIME | ☀️🥲أول تسافيرة بوحدي,"Jun 4, 2024",1426,0
2023-07-11, -Y2Q97SKRM4,STORY TIME | ☀️🥲أول تسافيرة بوحدي,"Jun 4, 2024",1426,0
2023-07-12, -Y2Q97SKRM4,STORY TIME | ☀️🥲أول تسافيرة بوحدي,"Jun 4, 2024",1426,0
2023-07-13, -Y2Q97SKRM4,STORY TIME | ☀️🥲أول تسافيرة بوحدي,"Jun 4, 2024",1426,0
2023-07-14, -Y2Q97SKRM4,STORY TIME | ☀️🥲أول تسافيرة بوحدي,"Jun 4, 2024",1426,0
2023-07-15, -Y2Q97SKRM4,STORY TIME | ☀️🥲أول تسافيرة بوحدي,"Jun 4, 2024",1426,0
2023-07-16, -Y2Q97SKRM4,STORY TIME | ☀️🥲أول تسافيرة بوحدي,"Jun 4, 2024",1426,0
2023-07-17, -Y2Q97SKRM4,STORY TIME | ☀️🥲أول تسافيرة بوحدي,"Jun 4, 2024",1426,0
2023-07-18, -Y2Q97SKRM4,STORY TIME | ☀️🥲أول تسافيرة بوحدي,"Jun 4, 2024",1426,0
2023-07-19, -Y2Q97SKRM4,STORY TIME | ☀️🥲أول تسافيرة بوحدي,"Jun 4, 2024",1426,0
2023-07-20, -Y2Q97SKRM4,STORY TIME | ☀️🥲أول تسافيرة بوحدي,"Jun 4, 2024",1426,0
2023-07-21, -Y2Q97SKRM4,STORY TIME | ☀️🥲أول تسافيرة بوحدي,"Jun 4, 2024",1426,0
2023-07-22, -Y2Q97SKRM4,STORY TIME | ☀️🥲أول تسافيرة بوحدي,"Jun 4, 2024",1426,0
2023-07-23, -Y2Q97SKRM4,STORY TIME | ☀️🥲أول تسافيرة بوحدي,"Jun 4, 2024",1426,0
2023-07-24, -Y2Q97SKRM4,STORY TIME | ☀️🥲أول تسافيرة بوحدي,"Jun 4, 2024",1426,0
2023-07-25, -Y2Q97SKRM4,STORY TIME | ☀️🥲أول تسافيرة بوحدي,"Jun 4, 2024",1426,0
2023-07-26, -Y2Q97SKRM4,STORY TIME | ☀️🥲أول تسافيرة بوحدي,"Jun 4, 2024",1426,0
2023-07-27, -Y2Q97SKRM4,STORY TIME | ☀️🥲أول تسافيرة بوحدي,"Jun 4, 2024",1426,0
2023-07-28, -Y2Q97SKRM4,STORY TIME | ☀️🥲أول تسافيرة بوحدي,"Jun 4, 2024",1426,0
2023-07-29, -Y2Q97SKRM4,STORY TIME | ☀️🥲أول تسافيرة بوحدي,"Jun 4, 2024",1426,0
2023-07-30, -Y2Q97SKRM4,STORY TIME | ☀️🥲أول تسافيرة بوحدي,"Jun 4, 2024",1426,0
2023-07-31, -Y2Q97SKRM4,STORY TIME | ☀️🥲أول تسافيرة بوحدي,"Jun 4, 2024",1426,0
2023-08-01, -Y2Q97SKRM4,STORY TIME | ☀️🥲أول تسافيرة بوحدي,"Jun 4, 2024",1426,0
2023-08-02, -Y2Q97SKRM4,STORY TIME | ☀️🥲أول تسافيرة بوحدي,"Jun 4, 2024",1426,0
2023-08-03, -Y2Q97SKRM4,STORY TIME | ☀️🥲أول تسافيرة بوحدي,"Jun 4, 2024",1426,0
2023-08-04, -Y2Q97SKRM4,STORY TIME | ☀️🥲أول تسافيرة بوحدي,"Jun 4, 2024",1426,0
2023-08-05, -Y2Q97SKRM4,STORY TIME | ☀️🥲أول تسافيرة بوحدي,"Jun 4, 2024",1426,0
2023-08-06, -Y2Q97SKRM4,STORY TIME | ☀️🥲أول تسافيرة بوحدي,"Jun 4, 2024",1426,0
2023-08-07, -Y2Q97SKRM4,STORY TIME | ☀️🥲أول تسافيرة بوحدي,"Jun 4, 2024",1426,0
2023-08-08, -Y2Q97SKRM4,STORY TIME | ☀️🥲أول تسافيرة بوحدي,"Jun 4, 2024",1426,0
2023-08-09, -Y2Q97SKRM4,STORY TIME | ☀️🥲أول تسافيرة بوحدي,"Jun 4, 2024",1426,0
2023-08-10, -Y2Q97SKRM4,STORY TIME | ☀️🥲أول تسافيرة بوحدي,"Jun 4, 2024",1426,0
2023-08-11, -Y2Q97SKRM4,STORY TIME | ☀️🥲أول تسافيرة بوحدي,"Jun 4, 2024",1426,0
2023-08-12, -Y2Q97SKRM4,STORY TIME | ☀️🥲أول تسافيرة بوحدي,"Jun 4, 2024",1426,0
2023-08-13, -Y2Q97SKRM4,STORY TIME | ☀️🥲أول تسافيرة بوحدي,"Jun 4, 2024",1426,0
2023-08-14, -Y2Q97SKRM4,STORY TIME | ☀️🥲أول تسافيرة بوحدي,"Jun 4, 2024",1426,0
2023-08-15, -Y2Q97SKRM4,STORY TIME | ☀️🥲أول تسافيرة بوحدي,"Jun 4, 2024",1426,0
2023-08-16, -Y2Q97SKRM4,STORY TIME | ☀️🥲أول تسافيرة بوحدي,"Jun 4, 2024",1426,0
2023-08-17, -Y2Q97SKRM4,STORY TIME | ☀️🥲أول تسافيرة بوحدي,"Jun 4, 2024",1426,0
2023-08-18, -Y2Q97SKRM4,STORY TIME | ☀️🥲أول تسافيرة بوحدي,"Jun 4, 2024",1426,0
2023-08-19, -Y2Q97SKRM4,STORY TIME | ☀️🥲أول تسافيرة بوحدي,"Jun 4, 2024",1426,0
2023-08-20, -Y2Q97SKRM4,STORY TIME | ☀️🥲أول تسافيرة بوحدي,"Jun 4, 2024",1426,0
2023-08-21, -Y2Q97SKRM4,STORY TIME | ☀️🥲أول تسافيرة بوحدي,"Jun 4, 2024",1426,0
2023-08-22, -Y2Q97SKRM4,STORY TIME | ☀️🥲أول تسافيرة بوحدي,"Jun 4, 2024",1426,0
2023-08-23, -Y2Q97SKRM4,STORY TIME | ☀️🥲أول تسافيرة بوحدي,"Jun 4, 2024",1426,0
2023-08-24, -Y2Q97SKRM4,STORY TIME | ☀️🥲أول تسافيرة بوحدي,"Jun 4, 2024",1426,0
2023-08-25, -Y2Q97SKRM4,STORY TIME | ☀️🥲أول تسافيرة بوحدي,"Jun 4, 2024",1426,0
2023-08-26, -Y2Q97SKRM4,STORY TIME | ☀️🥲أول تسافيرة بوحدي,"Jun 4, 2024",1426,0
2023-08-27, -Y2Q97SKRM4,STORY TIME | ☀️🥲أول تسافيرة بوحدي,"Jun 4, 2024",1426,0
2023-08-28, -Y2Q97SKRM4,STORY TIME | ☀️🥲أول تسافيرة بوحدي,"Jun 4, 2024",1426,0
2023-08-29, -Y2Q97SKRM4,STORY TIME | ☀️🥲أول تسافيرة بوحدي,"Jun 4, 2024",1426,0
2023-08-30, -Y2Q97SKRM4,STORY TIME | ☀️🥲أول تسافيرة بوحدي,"Jun 4, 2024",1426,0
2023-08-31, -Y2Q97SKRM4,STORY TIME | ☀️🥲أول تسافيرة بوحدي,"Jun 4, 2024",1426,0
2023-09-01, -Y2Q97SKRM4,STORY TIME | ☀️🥲أول تسافيرة بوحدي,"Jun 4, 2024",1426,0
2023-09-02, -Y2Q97SKRM4,STORY TIME | ☀️🥲أول تسافيرة بوحدي,"Jun 4, 2024",1426,0
2023-09-03, -Y2Q97SKRM4,STORY TIME | ☀️🥲أول تسافيرة بوحدي,"Jun 4, 2024",1426,0
2023-09-04, -Y2Q97SKRM4,STORY TIME | ☀️🥲أول تسافيرة بوحدي,"Jun 4, 2024",1426,0
2023-09-05, -Y2Q97SKRM4,STORY TIME | ☀️🥲أول تسافيرة بوحدي,"Jun 4, 2024",1426,0
2023-09-06, -Y2Q97SKRM4,STORY TIME | ☀️🥲أول تسافيرة بوحدي,"Jun 4, 2024",1426,0
2023-09-07, -Y2Q97SKRM4,STORY TIME | ☀️🥲أول تسافيرة بوحدي,"Jun 4, 2024",1426,0
2023-09-08, -Y2Q97SKRM4,STORY TIME | ☀️🥲أول تسافيرة بوحدي,"Jun 4, 2024",1426,0
2023-09-09, -Y2Q97SKRM4,STORY TIME | ☀️🥲أول تسافيرة بوحدي,"Jun 4, 2024",1426,0
2023-09-10, -Y2Q97SKRM4,STORY TIME | ☀️🥲أول تسافيرة بوحدي,"Jun 4, 2024",1426,0
2023-09-11, -Y2Q97SKRM4,STORY TIME | ☀️🥲أول تسافيرة بوحدي,"Jun 4, 2024",1426,0
2023-09-12, -Y2Q97SKRM4,STORY TIME | ☀️🥲أول تسافيرة بوحدي,"Jun 4, 2024",1426,0
2023-09-13, -Y2Q97SKRM4,STORY TIME | ☀️🥲أول تسافيرة بوحدي,"Jun 4, 2024",1426,0
2023-09-14, -Y2Q97SKRM4,STORY TIME | ☀️🥲أول تسافيرة بوحدي,"Jun 4, 2024",1426,0
2023-09-15, -Y2Q97SKRM4,STORY TIME | ☀️🥲أول تسافيرة بوحدي,"Jun 4, 2024",1426,0
2023-09-16, -Y2Q97SKRM4,STORY TIME | ☀️🥲أول تسافيرة بوحدي,"Jun 4, 2024",1426,0
2023-09-17, -Y2Q97SKRM4,STORY TIME | ☀️🥲أول تسافيرة بوحدي,"Jun 4, 2024",1426,0
2023-09-18, -Y2Q97SKRM4,STORY TIME | ☀️🥲أول تسافيرة بوحدي,"Jun 4, 2024",1426,0
2023-09-19, -Y2Q97SKRM4,STORY TIME | ☀️🥲أول تسافيرة بوحدي,"Jun 4, 2024",1426,0
2023-09-20, -Y2Q97SKRM4,STORY TIME | ☀️🥲أول تسافيرة بوحدي,"Jun 4, 2024",1426,0
2023-09-21, -Y2Q97SKRM4,STORY TIME | ☀️🥲أول تسافيرة بوحدي,"Jun 4, 2024",1426,0
2023-09-22, -Y2Q97SKRM4,STORY TIME | ☀️🥲أول تسافيرة بوحدي,"Jun 4, 2024",1426,0
2023-09-23, -Y2Q97SKRM4,STORY TIME | ☀️🥲أول تسافيرة بوحدي,"Jun 4, 2024",1426,0
2023-09-24, -Y2Q97SKRM4,STORY TIME | ☀️🥲أول تسافيرة بوحدي,"Jun 4, 2024",1426,0
2023-09-25, -Y2Q97SKRM4,STORY TIME | ☀️🥲أول تسافيرة بوحدي,"Jun 4, 2024",1426,0
2023-09-26, -Y2Q97SKRM4,STORY TIME | ☀️🥲أول تسافيرة بوحدي,"Jun 4, 2024",1426,0
2023-09-27, -Y2Q97SKRM4,STORY TIME | ☀️🥲أول تسافيرة بوحدي,"Jun 4, 2024",1426,0
2023-09-28, -Y2Q97SKRM4,STORY TIME | ☀️🥲أول تسافيرة بوحدي,"Jun 4, 2024",1426,0
2023-09-29, -Y2Q97SKRM4,STORY TIME | ☀️🥲أول تسافيرة بوحدي,"Jun 4, 2024",1426,0
2023-09-30, -Y2Q97SKRM4,STORY TIME | ☀️🥲أول تسافيرة بوحدي,"Jun 4, 2024",1426,0
2023-10-01, -Y2Q97SKRM4,STORY TIME | ☀️🥲أول تسافيرة بوحدي,"Jun 4, 2024",1426,0
2023-10-02, -Y2Q97SKRM4,STORY TIME | ☀️🥲أول تسافيرة بوحدي,"Jun 4, 2024",1426,0
2023-10-03, -Y2Q97SKRM4,STORY TIME | ☀️🥲أول تسافيرة بوحدي,"Jun 4, 2024",1426,0
2023-10-04, -Y2Q97SKRM4,STORY TIME | ☀️🥲أول تسافيرة بوحدي,"Jun 4, 2024",1426,0
2023-10-05, -Y2Q97SKRM4,STORY TIME | ☀️🥲أول تسافيرة بوحدي,"Jun 4, 2024",1426,0
2023-10-06, -Y2Q97SKRM4,STORY TIME | ☀️🥲أول تسافيرة بوحدي,"Jun 4, 2024",1426,0
2023-10-07, -Y2Q97SKRM4,STORY TIME | ☀️🥲أول تسافيرة بوحدي,"Jun 4, 2024",1426,0
2023-10-08, -Y2Q97SKRM4,STORY TIME | ☀️🥲أول تسافيرة بوحدي,"Jun 4, 2024",1426,0
2023-10-09, -Y2Q97SKRM4,STORY TIME | ☀️🥲أول تسافيرة بوحدي,"Jun 4, 2024",1426,0
2023-10-10, -Y2Q97SKRM4,STORY TIME | ☀️🥲أول تسافيرة بوحدي,"Jun 4, 2024",1426,0
2023-10-11, -Y2Q97SKRM4,STORY TIME | ☀️🥲أول تسافيرة بوحدي,"Jun 4, 2024",1426,0
2023-10-12, -Y2Q97SKRM4,STORY TIME | ☀️🥲أول تسافيرة بوحدي,"Jun 4, 2024",1426,0
2023-10-13, -Y2Q97SKRM4,STORY TIME | ☀️🥲أول تسافيرة بوحدي,"Jun 4, 2024",1426,0
2023-10-14, -Y2Q97SKRM4,STORY TIME | ☀️🥲أول تسافيرة بوحدي,"Jun 4, 2024",1426,0
2023-10-15, -Y2Q97SKRM4,STORY TIME | ☀️🥲أول تسافيرة بوحدي,"Jun 4, 2024",1426,0
2023-10-16, -Y2Q97SKRM4,STORY TIME | ☀️🥲أول تسافيرة بوحدي,"Jun 4, 2024",1426,0
2023-10-17, -Y2Q97SKRM4,STORY TIME | ☀️🥲أول تسافيرة بوحدي,"Jun 4, 2024",1426,0
2023-10-18, -Y2Q97SKRM4,STORY TIME | ☀️🥲أول تسافيرة بوحدي,"Jun 4, 2024",1426,0
2023-10-19, -Y2Q97SKRM4,STORY TIME | ☀️🥲أول تسافيرة بوحدي,"Jun 4, 2024",1426,0
2023-10-20, -Y2Q97SKRM4,STORY TIME | ☀️🥲أول تسافيرة بوحدي,"Jun 4, 2024",1426,0
2023-10-21, -Y2Q97SKRM4,STORY TIME | ☀️🥲أول تسافيرة بوحدي,"Jun 4, 2024",1426,0
2023-10-22, -Y2Q97SKRM4,STORY TIME | ☀️🥲أول تسافيرة بوحدي,"Jun 4, 2024",1426,0
2023-10-23, -Y2Q97SKRM4,STORY TIME | ☀️🥲أول تسافيرة بوحدي,"Jun 4, 2024",1426,0
2023-10-24, -Y2Q97SKRM4,STORY TIME | ☀️🥲أول تسافيرة بوحدي,"Jun 4, 2024",1426,0
2023-10-25, -Y2Q97SKRM4,STORY TIME | ☀️🥲أول تسافيرة بوحدي,"Jun 4, 2024",1426,0
2023-10-26, -Y2Q97SKRM4,STORY TIME | ☀️🥲أول تسافيرة بوحدي,"Jun 4, 2024",1426,0
2023-10-27, -Y2Q97SKRM4,STORY TIME | ☀️🥲أول تسافيرة بوحدي,"Jun 4, 2024",1426,0
2023-10-28, -Y2Q97SKRM4,STORY TIME | ☀️🥲أول تسافيرة بوحدي,"Jun 4, 2024",1426,0
2023-10-29, -Y2Q97SKRM4,STORY TIME | ☀️🥲أول تسافيرة بوحدي,"Jun 4, 2024",1426,0
2023-10-30, -Y2Q97SKRM4,STORY TIME | ☀️🥲أول تسافيرة بوحدي,"Jun 4, 2024",1426,0
2023-10-31, -Y2Q97SKRM4,STORY TIME | ☀️🥲أول تسافيرة بوحدي,"Jun 4, 2024",1426,0
2023-11-01, -Y2Q97SKRM4,STORY TIME | ☀️🥲أول تسافيرة بوحدي,"Jun 4, 2024",1426,0
2023-11-02, -Y2Q97SKRM4,STORY TIME | ☀️🥲أول تسافيرة بوحدي,"Jun 4, 2024",1426,0
2023-11-03, -Y2Q97SKRM4,STORY TIME | ☀️🥲أول تسافيرة بوحدي,"Jun 4, 2024",1426,0
2023-11-04, -Y2Q97SKRM4,STORY TIME | ☀️🥲أول تسافيرة بوحدي,"Jun 4, 2024",1426,0
2023-11-05, -Y2Q97SKRM4,STORY TIME | ☀️🥲أول تسافيرة بوحدي,"Jun 4, 2024",1426,0
2023-11-06, -Y2Q97SKRM4,STORY TIME | ☀️🥲أول تسافيرة بوحدي,"Jun 4, 2024",1426,0
2023-11-07, -Y2Q97SKRM4,STORY TIME | ☀️🥲أول تسافيرة بوحدي,"Jun 4, 2024",1426,0
2023-11-08, -Y2Q97SKRM4,STORY TIME | ☀️🥲أول تسافيرة بوحدي,"Jun 4, 2024",1426,0
2023-11-09, -Y2Q97SKRM4,STORY TIME | ☀️🥲أول تسافيرة بوحدي,"Jun 4, 2024",1426,0
2023-11-10, -Y2Q97SKRM4,STORY TIME | ☀️🥲أول تسافيرة بوحدي,"Jun 4, 2024",1426,0
2023-11-11, -Y2Q97SKRM4,STORY TIME | ☀️🥲أول تسافيرة بوحدي,"Jun 4, 2024",1426,0
2023-11-12, -Y2Q97SKRM4,STORY TIME | ☀️🥲أول تسافيرة بوحدي,"Jun 4, 2024",1426,0
2023-11-13, -Y2Q97SKRM4,STORY TIME | ☀️🥲أول تسافيرة بوحدي,"Jun 4, 2024",1426,0
2023-11-14, -Y2Q97SKRM4,STORY TIME | ☀️🥲أول تسافيرة بوحدي,"Jun 4, 2024",1426,0
2023-11-15, -Y2Q97SKRM4,STORY TIME | ☀️🥲أول تسافيرة بوحدي,"Jun 4, 2024",1426,0
2023-11-16, -Y2Q97SKRM4,STORY TIME | ☀️🥲أول تسافيرة بوحدي,"Jun 4, 2024",1426,0
2023-11-17, -Y2Q97SKRM4,STORY TIME | ☀️🥲أول تسافيرة بوحدي,"Jun 4, 2024",1426,0
2023-11-18, -Y2Q97SKRM4,STORY TIME | ☀️🥲أول تسافيرة بوحدي,"Jun 4, 2024",1426,0
2023-11-19, -Y2Q97SKRM4,STORY TIME | ☀️🥲أول تسافيرة بوحدي,"Jun 4, 2024",1426,0
2023-11-20, -Y2Q97SKRM4,STORY TIME | ☀️🥲أول تسافيرة بوحدي,"Jun 4, 2024",1426,0
2023-11-21, -Y2Q97SKRM4,STORY TIME | ☀️🥲أول تسافيرة بوحدي,"Jun 4, 2024",1426,0
2023-11-22, -Y2Q97SKRM4,STORY TIME | ☀️🥲أول تسافيرة بوحدي,"Jun 4, 2024",1426,0
2023-11-23, -Y2Q97SKRM4,STORY TIME | ☀️🥲أول تسافيرة بوحدي,"Jun 4, 2024",1426,0
2023-11-24, -Y2Q97SKRM4,STORY TIME | ☀️🥲أول تسافيرة بوحدي,"Jun 4, 2024",1426,0
2023-11-25, -Y2Q97SKRM4,STORY TIME | ☀️🥲أول تسافيرة بوحدي,"Jun 4, 2024",1426,0
2023-11-26, -Y2Q97SKRM4,STORY TIME | ☀️🥲أول تسافيرة بوحدي,"Jun 4, 2024",1426,0
2023-11-27, -Y2Q97SKRM4,STORY TIME | ☀️🥲أول تسافيرة بوحدي,"Jun 4, 2024",1426,0
2023-11-28, -Y2Q97SKRM4,STORY TIME | ☀️🥲أول تسافيرة بوحدي,"Jun 4, 2024",1426,0
2023-11-29, -Y2Q97SKRM4,STORY TIME | ☀️🥲أول تسافيرة بوحدي,"Jun 4, 2024",1426,0
2023-11-30, -Y2Q97SKRM4,STORY TIME | ☀️🥲أول تسافيرة بوحدي,"Jun 4, 2024",1426,0
2023-12-01, -Y2Q97SKRM4,STORY TIME | ☀️🥲أول تسافيرة بوحدي,"Jun 4, 2024",1426,0
2023-12-02, -Y2Q97SKRM4,STORY TIME | ☀️🥲أول تسافيرة بوحدي,"Jun 4, 2024",1426,0
2023-12-03, -Y2Q97SKRM4,STORY TIME | ☀️🥲أول تسافيرة بوحدي,"Jun 4, 2024",1426,0
2023-12-04, -Y2Q97SKRM4,STORY TIME | ☀️🥲أول تسافيرة بوحدي,"Jun 4, 2024",1426,0
2023-12-05, -Y2Q97SKRM4,STORY TIME | ☀️🥲أول تسافيرة بوحدي,"Jun 4, 2024",1426,0
2023-12-06, -Y2Q97SKRM4,STORY TIME | ☀️🥲أول تسافيرة بوحدي,"Jun 4, 2024",1426,0
2023-12-07, -Y2Q97SKRM4,STORY TIME | ☀️🥲أول تسافيرة بوحدي,"Jun 4, 2024",1426,0
2023-12-08, -Y2Q97SKRM4,STORY TIME | ☀️🥲أول تسافيرة بوحدي,"Jun 4, 2024",1426,0
2023-12-09, -Y2Q97SKRM4,STORY TIME | ☀️🥲أول تسافيرة بوحدي,"Jun 4, 2024",1426,0
2023-12-10, -Y2Q97SKRM4,STORY TIME | ☀️🥲أول تسافيرة بوحدي,"Jun 4, 2024",1426,0
2023-12-11, -Y2Q97SKRM4,STORY TIME | ☀️🥲أول تسافيرة بوحدي,"Jun 4, 2024",1426,0
2023-12-12, -Y2Q97SKRM4,STORY TIME | ☀️🥲أول تسافيرة بوحدي,"Jun 4, 2024",1426,0
2023-12-13, -Y2Q97SKRM4,STORY TIME | ☀️🥲أول تسافيرة بوحدي,"Jun 4, 2024",1426,0
2023-12-14, -Y2Q97SKRM4,STORY TIME | ☀️🥲أول تسافيرة بوحدي,"Jun 4, 2024",1426,0
2023-12-15, -Y2Q97SKRM4,STORY TIME | ☀️🥲أول تسافيرة بوحدي,"Jun 4, 2024",1426,0
2023-12-16, -Y2Q97SKRM4,STORY TIME | ☀️🥲أول تسافيرة بوحدي,"Jun 4, 2024",1426,0
2023-12-17, -Y2Q97SKRM4,STORY TIME | ☀️🥲أول تسافيرة بوحدي,"Jun 4, 2024",1426,0
2023-12-18, -Y2Q97SKRM4,STORY TIME | ☀️🥲أول تسافيرة بوحدي,"Jun 4, 2024",1426,0
2023-12-19, -Y2Q97SKRM4,STORY TIME | ☀️🥲أول تسافيرة بوحدي,"Jun 4, 2024",1426,0
2023-12-20, -Y2Q97SKRM4,STORY TIME | ☀️🥲أول تسافيرة بوحدي,"Jun 4, 2024",1426,0
2023-12-21, -Y2Q97SKRM4,STORY TIME | ☀️🥲أول تسافيرة بوحدي,"Jun 4, 2024",1426,0
2023-12-22, -Y2Q97SKRM4,STORY TIME | ☀️🥲أول تسافيرة بوحدي,"Jun 4, 2024",1426,0
2023-12-23, -Y2Q97SKRM4,STORY TIME | ☀️🥲أول تسافيرة بوحدي,"Jun 4, 2024",1426,0
2023-12-24, -Y2Q97SKRM4,STORY TIME | ☀️🥲أول تسافيرة بوحدي,"Jun 4, 2024",1426,0
2023-12-25, -Y2Q97SKRM4,STORY TIME | ☀️🥲أول تسافيرة بوحدي,"Jun 4, 2024",1426,0
2023-12-26, -Y2Q97SKRM4,STORY TIME | ☀️🥲أول تسافيرة بوحدي,"Jun 4, 2024",1426,0
2023-12-27, -Y2Q97SKRM4,STORY TIME | ☀️🥲أول تسافيرة بوحدي,"Jun 4, 2024",1426,0
2023-12-28, -Y2Q97SKRM4,STORY TIME | ☀️🥲أول تسافيرة بوحدي,"Jun 4, 2024",1426,0
2023-12-29, -Y2Q97SKRM4,STORY TIME | ☀️🥲أول تسافيرة بوحدي,"Jun 4, 2024",1426,0
2023-12-30, -Y2Q97SKRM4,STORY TIME | ☀️🥲أول تسافيرة بوحدي,"Jun 4, 2024",1426,0
2023-12-31, -Y2Q97SKRM4,STORY TIME | ☀️🥲أول تسافيرة بوحدي,"Jun 4, 2024",1426,0
2024-01-01, -Y2Q97SKRM4,STORY TIME | ☀️🥲أول تسافيرة بوحدي,"Jun 4, 2024",1426,0
2024-01-02, -Y2Q97SKRM4,STORY TIME | ☀️🥲أول تسافيرة بوحدي,"Jun 4, 2024",1426,0
2024-01-03, -Y2Q97SKRM4,STORY TIME | ☀️🥲أول تسافيرة بوحدي,"Jun 4, 2024",1426,0
2024-01-04, -Y2Q97SKRM4,STORY TIME | ☀️🥲أول تسافيرة بوحدي,"Jun 4, 2024",1426,0
2024-01-05, -Y2Q97SKRM4,STORY TIME | ☀️🥲أول تسافيرة بوحدي,"Jun 4, 2024",1426,0
2024-01-06, -Y2Q97SKRM4,STORY TIME | ☀️🥲أول تسافيرة بوحدي,"Jun 4, 2024",1426,0
2024-01-07, -Y2Q97SKRM4,STORY TIME | ☀️🥲أول تسافيرة بوحدي,"Jun 4, 2024",1426,0
2024-01-08, -Y2Q97SKRM4,STORY TIME | ☀️🥲أول تسافيرة بوحدي,"Jun 4, 2024",1426,0
2024-01-09, -Y2Q97SKRM4,STORY TIME | ☀️🥲أول تسافيرة بوحدي,"Jun 4, 2024",1426,0
2024-01-10, -Y2Q97SKRM4,STORY TIME | ☀️🥲أول تسافيرة بوحدي,"Jun 4, 2024",1426,0
2024-01-11, -Y2Q97SKRM4,STORY TIME | ☀️🥲أول تسافيرة بوحدي,"Jun 4, 2024",1426,0
2024-01-12, -Y2Q97SKRM4,STORY TIME | ☀️🥲أول تسافيرة بوحدي,"Jun 4, 2024",1426,0
2024-01-13, -Y2Q97SKRM4,STORY TIME | ☀️🥲أول تسافيرة بوحدي,"Jun 4, 2024",1426,0
2024-01-14, -Y2Q97SKRM4,STORY TIME | ☀️🥲أول تسافيرة بوحدي,"Jun 4, 2024",1426,0
2024-01-15, -Y2Q97SKRM4,STORY TIME | ☀️🥲أول تسافيرة بوحدي,"Jun 4, 2024",1426,0
2024-01-16, -Y2Q97SKRM4,STORY TIME | ☀️🥲أول تسافيرة بوحدي,"Jun 4, 2024",1426,0
2024-01-17, -Y2Q97SKRM4,STORY TIME | ☀️🥲أول تسافيرة بوحدي,"Jun 4, 2024",1426,0
2024-01-18, -Y2Q97SKRM4,STORY TIME | ☀️🥲أول تسافيرة بوحدي,"Jun 4, 2024",1426,0
2024-01-19, -Y2Q97SKRM4,STORY TIME | ☀️🥲أول تسافيرة بوحدي,"Jun 4, 2024",1426,0
2024-01-20, -Y2Q97SKRM4,STORY TIME | ☀️🥲أول تسافيرة بوحدي,"Jun 4, 2024",1426,0
2024-01-21, -Y2Q97SKRM4,STORY TIME | ☀️🥲أول تسافيرة بوحدي,"Jun 4, 2024",1426,0
2024-01-22, -Y2Q97SKRM4,STORY TIME | ☀️🥲أول تسافيرة بوحدي,"Jun 4, 2024",1426,0
2024-01-23, -Y2Q97SKRM4,STORY TIME | ☀️🥲أول تسافيرة بوحدي,"Jun 4, 2024",1426,0
2024-01-24, -Y2Q97SKRM4,STORY TIME | ☀️🥲أول تسافيرة بوحدي,"Jun 4, 2024",1426,0
2024-01-25, -Y2Q97SKRM4,STORY TIME | ☀️🥲أول تسافيرة بوحدي,"Jun 4, 2024",1426,0
2024-01-26, -Y2Q97SKRM4,STORY TIME | ☀️🥲أول تسافيرة بوحدي,"Jun 4, 2024",1426,0
2024-01-27, -Y2Q97SKRM4,STORY TIME | ☀️🥲أول تسافيرة بوحدي,"Jun 4, 2024",1426,0
2024-01-28, -Y2Q97SKRM4,STORY TIME | ☀️🥲أول تسافيرة بوحدي,"Jun 4, 2024",1426,0
2024-01-29, -Y2Q97SKRM4,STORY TIME | ☀️🥲أول تسافيرة بوحدي,"Jun 4, 2024",1426,0
2024-01-30, -Y2Q97SKRM4,STORY TIME | ☀️🥲أول تسافيرة بوحدي,"Jun 4, 2024",1426,0
2024-01-31, -Y2Q97SKRM4,STORY TIME | ☀️🥲أول تسافيرة بوحدي,"Jun 4, 2024",1426,0
2024-02-01, -Y2Q97SKRM4,STORY TIME | ☀️🥲أول تسافيرة بوحدي,"Jun 4, 2024",1426,0
2024-02-02, -Y2Q97SKRM4,STORY TIME | ☀️🥲أول تسافيرة بوحدي,"Jun 4, 2024",1426,0
2024-02-03, -Y2Q97SKRM4,STORY TIME | ☀️🥲أول تسافيرة بوحدي,"Jun 4, 2024",1426,0
2024-02-04, -Y2Q97SKRM4,STORY TIME | ☀️🥲أول تسافيرة بوحدي,"Jun 4, 2024",1426,0
2024-02-05, -Y2Q97SKRM4,STORY TIME | ☀️🥲أول تسافيرة بوحدي,"Jun 4, 2024",1426,0
2024-02-06, -Y2Q97SKRM4,STORY TIME | ☀️🥲أول تسافيرة بوحدي,"Jun 4, 2024",1426,0
2024-02-07, -Y2Q97SKRM4,STORY TIME | ☀️🥲أول تسافيرة بوحدي,"Jun 4, 2024",1426,0
2024-02-08, -Y2Q97SKRM4,STORY TIME | ☀️🥲أول تسافيرة بوحدي,"Jun 4, 2024",1426,0
2024-02-09, -Y2Q97SKRM4,STORY TIME | ☀️🥲أول تسافيرة بوحدي,"Jun 4, 2024",1426,0
2024-02-10, -Y2Q97SKRM4,STORY TIME | ☀️🥲أول تسافيرة بوحدي,"Jun 4, 2024",1426,0
2024-02-11, -Y2Q97SKRM4,STORY TIME | ☀️🥲أول تسافيرة بوحدي,"Jun 4, 2024",1426,0
2024-02-12, -Y2Q97SKRM4,STORY TIME | ☀️🥲أول تسافيرة بوحدي,"Jun 4, 2024",1426,0
2024-02-13, -Y2Q97SKRM4,STORY TIME | ☀️🥲أول تسافيرة بوحدي,"Jun 4, 2024",1426,0
2024-02-14, -Y2Q97SKRM4,STORY TIME | ☀️🥲أول تسافيرة بوحدي,"Jun 4, 2024",1426,0
2024-02-15, -Y2Q97SKRM4,STORY TIME | ☀️🥲أول تسافيرة بوحدي,"Jun 4, 2024",1426,0
2024-02-16, -Y2Q97SKRM4,STORY TIME | ☀️🥲أول تسافيرة بوحدي,"Jun 4, 2024",1426,0
2024-02-17, -Y2Q97SKRM4,STORY TIME | ☀️🥲أول تسافيرة بوحدي,"Jun 4, 2024",1426,0
2024-02-18, -Y2Q97SKRM4,STORY TIME | ☀️🥲أول تسافيرة بوحدي,"Jun 4, 2024",1426,0
2024-02-19, -Y2Q97SKRM4,STORY TIME | ☀️🥲أول تسافيرة بوحدي,"Jun 4, 2024",1426,0
2024-02-20, -Y2Q97SKRM4,STORY TIME | ☀️🥲أول تسافيرة بوحدي,"Jun 4, 2024",1426,0
2024-02-21, -Y2Q97SKRM4,STORY TIME | ☀️🥲أول تسافيرة بوحدي,"Jun 4, 2024",1426,0
2024-02-22, -Y2Q97SKRM4,STORY TIME | ☀️🥲أول تسافيرة بوحدي,"Jun 4, 2024",1426,0
2024-02-23, -Y2Q97SKRM4,STORY TIME | ☀️🥲أول تسافيرة بوحدي,"Jun 4, 2024",1426,0
2024-02-24, -Y2Q97SKRM4,STORY TIME | ☀️🥲أول تسافيرة بوحدي,"Jun 4, 2024",1426,0
2024-02-25, -Y2Q97SKRM4,STORY TIME | ☀️🥲أول تسافيرة بوحدي,"Jun 4, 2024",1426,0
2024-02-26, -Y2Q97SKRM4,STORY TIME | ☀️🥲أول تسافيرة بوحدي,"Jun 4, 2024",1426,0
2024-02-27, -Y2Q97SKRM4,STORY TIME | ☀️🥲أول تسافيرة بوحدي,"Jun 4, 2024",1426,0
2024-02-28, -Y2Q97SKRM4,STORY TIME | ☀️🥲أول تسافيرة بوحدي,"Jun 4, 2024",1426,0
2024-02-29, -Y2Q97SKRM4,STORY TIME | ☀️🥲أول تسافيرة بوحدي,"Jun 4, 2024",1426,0
2024-03-01, -Y2Q97SKRM4,STORY TIME | ☀️🥲أول تسافيرة بوحدي,"Jun 4, 2024",1426,0
2024-03-02, -Y2Q97SKRM4,STORY TIME | ☀️🥲أول تسافيرة بوحدي,"Jun 4, 2024",1426,0
2024-03-03, -Y2Q97SKRM4,STORY TIME | ☀️🥲أول تسافيرة بوحدي,"Jun 4, 2024",1426,0
2024-03-04, -Y2Q97SKRM4,STORY TIME | ☀️🥲أول تسافيرة بوحدي,"Jun 4, 2024",1426,0
2024-03-05, -Y2Q97SKRM4,STORY TIME | ☀️🥲أول تسافيرة بوحدي,"Jun 4, 2024",1426,0
2024-03-06, -Y2Q97SKRM4,STORY TIME | ☀️🥲أول تسافيرة بوحدي,"Jun 4, 2024",1426,0
2024-03-07, -Y2Q97SKRM4,STORY TIME | ☀️🥲أول تسافيرة بوحدي,"Jun 4, 2024",1426,0
2024-03-08, -Y2Q97SKRM4,STORY TIME | ☀️🥲أول تسافيرة بوحدي,"Jun 4, 2024",1426,0
2024-03-09, -Y2Q97SKRM4,STORY TIME | ☀️🥲أول تسافيرة بوحدي,"Jun 4, 2024",1426,0
2024-03-10, -Y2Q97SKRM4,STORY TIME | ☀️🥲أول تسافيرة بوحدي,"Jun 4, 2024",1426,0
2024-03-11, -Y2Q97SKRM4,STORY TIME | ☀️🥲أول تسافيرة بوحدي,"Jun 4, 2024",1426,0
2024-03-12, -Y2Q97SKRM4,STORY TIME | ☀️🥲أول تسافيرة بوحدي,"Jun 4, 2024",1426,0
2024-03-13, -Y2Q97SKRM4,STORY TIME | ☀️🥲أول تسافيرة بوحدي,"Jun 4, 2024",1426,0
2024-03-14, -Y2Q97SKRM4,STORY TIME | ☀️🥲أول تسافيرة بوحدي,"Jun 4, 2024",1426,0
2024-03-15, -Y2Q97SKRM4,STORY TIME | ☀️🥲أول تسافيرة بوحدي,"Jun 4, 2024",1426,0
2024-03-16, -Y2Q97SKRM4,STORY TIME | ☀️🥲أول تسافيرة بوحدي,"Jun 4, 2024",1426,0
2024-03-17, -Y2Q97SKRM4,STORY TIME | ☀️🥲أول تسافيرة بوحدي,"Jun 4, 2024",1426,0
2024-03-18, -Y2Q97SKRM4,STORY TIME | ☀️🥲أول تسافيرة بوحدي,"Jun 4, 2024",1426,0
2024-03-19, -Y2Q97SKRM4,STORY TIME | ☀️🥲أول تسافيرة بوحدي,"Jun 4, 2024",1426,0
2024-03-20, -Y2Q97SKRM4,STORY TIME | ☀️🥲أول تسافيرة بوحدي,"Jun 4, 2024",1426,0
2024-03-21, -Y2Q97SKRM4,STORY TIME | ☀️🥲أول تسافيرة بوحدي,"Jun 4, 2024",1426,0
2024-03-22, -Y2Q97SKRM4,STORY TIME | ☀️🥲أول تسافيرة بوحدي,"Jun 4, 2024",1426,0
2024-03-23, -Y2Q97SKRM4,STORY TIME | ☀️🥲أول تسافيرة بوحدي,"Jun 4, 2024",1426,0
2024-03-24, -Y2Q97SKRM4,STORY TIME | ☀️🥲أول تسافيرة بوحدي,"Jun 4, 2024",1426,0
2024-03-25, -Y2Q97SKRM4,STORY TIME | ☀️🥲أول تسافيرة بوحدي,"Jun 4, 2024",1426,0
2024-03-26, -Y2Q97SKRM4,STORY TIME | ☀️🥲أول تسافيرة بوحدي,"Jun 4, 2024",1426,0
2024-03-27, -Y2Q97SKRM4,STORY TIME | ☀️🥲أول تسافيرة بوحدي,"Jun 4, 2024",1426,0
2024-03-28, -Y2Q97SKRM4,STORY TIME | ☀️🥲أول تسافيرة بوحدي,"Jun 4, 2024",1426,0
2024-03-29, -Y2Q97SKRM4,STORY TIME | ☀️🥲أول تسافيرة بوحدي,"Jun 4, 2024",1426,0
2024-03-30, -Y2Q97SKRM4,STORY TIME | ☀️🥲أول تسافيرة بوحدي,"Jun 4, 2024",1426,0
2024-03-31, -Y2Q97SKRM4,STORY TIME | ☀️🥲أول تسافيرة بوحدي,"Jun 4, 2024",1426,0
2024-04-01, -Y2Q97SKRM4,STORY TIME | ☀️🥲أول تسافيرة بوحدي,"Jun 4, 2024",1426,0
2024-04-02, -Y2Q97SKRM4,STORY TIME | ☀️🥲أول تسافيرة بوحدي,"Jun 4, 2024",1426,0
2024-04-03, -Y2Q97SKRM4,STORY TIME | ☀️🥲أول تسافيرة بوحدي,"Jun 4, 2024",1426,0
2024-04-04, -Y2Q97SKRM4,STORY TIME | ☀️🥲أول تسافيرة بوحدي,"Jun 4, 2024",1426,0
2024-04-05, -Y2Q97SKRM4,STORY TIME | ☀️🥲أول تسافيرة بوحدي,"Jun 4, 2024",1426,0
2024-04-06, -Y2Q97SKRM4,STORY TIME | ☀️🥲أول تسافيرة بوحدي,"Jun 4, 2024",1426,0
2024-04-07, -Y2Q97SKRM4,STORY TIME | ☀️🥲أول تسافيرة بوحدي,"Jun 4, 2024",1426,0
2024-04-08, -Y2Q97SKRM4,STORY TIME | ☀️🥲أول تسافيرة بوحدي,"Jun 4, 2024",1426,0
2024-04-09, -Y2Q97SKRM4,STORY TIME | ☀️🥲أول تسافيرة بوحدي,"Jun 4, 2024",1426,0
2024-04-10, -Y2Q97SKRM4,STORY TIME | ☀️🥲أول تسافيرة بوحدي,"Jun 4, 2024",1426,0
2024-04-11, -Y2Q97SKRM4,STORY TIME | ☀️🥲أول تسافيرة بوحدي,"Jun 4, 2024",1426,0
2024-04-12, -Y2Q97SKRM4,STORY TIME | ☀️🥲أول تسافيرة بوحدي,"Jun 4, 2024",1426,0
2024-04-13, -Y2Q97SKRM4,STORY TIME | ☀️🥲أول تسافيرة بوحدي,"Jun 4, 2024",1426,0
2024-04-14, -Y2Q97SKRM4,STORY TIME | ☀️🥲أول تسافيرة بوحدي,"Jun 4, 2024",1426,0
2024-04-15, -Y2Q97SKRM4,STORY TIME | ☀️🥲أول تسافيرة بوحدي,"Jun 4, 2024",1426,0
2024-04-16, -Y2Q97SKRM4,STORY TIME | ☀️🥲أول تسافيرة بوحدي,"Jun 4, 2024",1426,0
2024-04-17, -Y2Q97SKRM4,STORY TIME | ☀️🥲أول تسافيرة بوحدي,"Jun 4, 2024",1426,0
2024-04-18, -Y2Q97SKRM4,STORY TIME | ☀️🥲أول تسافيرة بوحدي,"Jun 4, 2024",1426,0
2024-04-19, -Y2Q97SKRM4,STORY TIME | ☀️🥲أول تسافيرة بوحدي,"Jun 4, 2024",1426,0
2024-04-20, -Y2Q97SKRM4,STORY TIME | ☀️🥲أول تسافيرة بوحدي,"Jun 4, 2024",1426,0
2024-04-21, -Y2Q97SKRM4,STORY TIME | ☀️🥲أول تسافيرة بوحدي,"Jun 4, 2024",1426,0
2024-04-22, -Y2Q97SKRM4,STORY TIME | ☀️🥲أول تسافيرة بوحدي,"Jun 4, 2024",1426,0
2024-04-23, -Y2Q97SKRM4,STORY TIME | ☀️🥲أول تسافيرة بوحدي,"Jun 4, 2024",1426,0
2024-04-24, -Y2Q97SKRM4,STORY TIME | ☀️🥲أول تسافيرة بوحدي,"Jun 4, 2024",1426,0
2024-04-25, -Y2Q97SKRM4,STORY TIME | ☀️🥲أول تسافيرة بوحدي,"Jun 4, 2024",1426,0
2024-04-26, -Y2Q97SKRM4,STORY TIME | ☀️🥲أول تسافيرة بوحدي,"Jun 4, 2024",1426,0
2024-04-27, -Y2Q97SKRM4,STORY TIME | ☀️🥲أول تسافيرة بوحدي,"Jun 4, 2024",1426,0
2024-04-28, -Y2Q97SKRM4,STORY TIME | ☀️🥲أول تسافيرة بوحدي,"Jun 4, 2024",1426,0
2024-04-29, -Y2Q97SKRM4,STORY TIME | ☀️🥲أول تسافيرة بوحدي,"Jun 4, 2024",1426,0
2024-04-30, -Y2Q97SKRM4,STORY TIME | ☀️🥲أول تسافيرة بوحدي,"Jun 4, 2024",1426,0
2024-05-01, -Y2Q97SKRM4,STORY TIME | ☀️🥲أول تسافيرة بوحدي,"Jun 4, 2024",1426,0
2024-05-02, -Y2Q97SKRM4,STORY TIME | ☀️🥲أول تسافيرة بوحدي,"Jun 4, 2024",1426,0
2024-05-03, -Y2Q97SKRM4,STORY TIME | ☀️🥲أول تسافيرة بوحدي,"Jun 4, 2024",1426,0
2024-05-04, -Y2Q97SKRM4,STORY TIME | ☀️🥲أول تسافيرة بوحدي,"Jun 4, 2024",1426,0
2024-05-05, -Y2Q97SKRM4,STORY TIME | ☀️🥲أول تسافيرة بوحدي,"Jun 4, 2024",1426,0
2024-05-06, -Y2Q97SKRM4,STORY TIME | ☀️🥲أول تسافيرة بوحدي,"Jun 4, 2024",1426,0
2024-05-07, -Y2Q97SKRM4,STORY TIME | ☀️🥲أول تسافيرة بوحدي,"Jun 4, 2024",1426,0
2024-05-08, -Y2Q97SKRM4,STORY TIME | ☀️🥲أول تسافيرة بوحدي,"Jun 4, 2024",1426,0
2024-05-09, -Y2Q97SKRM4,STORY TIME | ☀️🥲أول تسافيرة بوحدي,"Jun 4, 2024",1426,0
2024-05-10, -Y2Q97SKRM4,STORY TIME | ☀️🥲أول تسافيرة بوحدي,"Jun 4, 2024",1426,0
2024-05-11, -Y2Q97SKRM4,STORY TIME | ☀️🥲أول تسافيرة بوحدي,"Jun 4, 2024",1426,0
2024-05-12, -Y2Q97SKRM4,STORY TIME | ☀️🥲أول تسافيرة بوحدي,"Jun 4, 2024",1426,0
2024-05-13, -Y2Q97SKRM4,STORY TIME | ☀️🥲أول تسافيرة بوحدي,"Jun 4, 2024",1426,0
2024-05-14, -Y2Q97SKRM4,STORY TIME | ☀️🥲أول تسافيرة بوحدي,"Jun 4, 2024",1426,0
2024-05-15, -Y2Q97SKRM4,STORY TIME | ☀️🥲أول تسافيرة بوحدي,"Jun 4, 2024",1426,0
2024-05-16, -Y2Q97SKRM4,STORY TIME | ☀️🥲أول تسافيرة بوحدي,"Jun 4, 2024",1426,0
2024-05-17, -Y2Q97SKRM4,STORY TIME | ☀️🥲أول تسافيرة بوحدي,"Jun 4, 2024",1426,0
2024-05-18, -Y2Q97SKRM4,STORY TIME | ☀️🥲أول تسافيرة بوحدي,"Jun 4, 2024",1426,0
2024-05-19, -Y2Q97SKRM4,STORY TIME | ☀️🥲أول تسافيرة بوحدي,"Jun 4, 2024",1426,0
2024-05-20, -Y2Q97SKRM4,STORY TIME | ☀️🥲أول تسافيرة بوحدي,"Jun 4, 2024",1426,0
2024-05-21, -Y2Q97SKRM4,STORY TIME | ☀️🥲أول تسافيرة بوحدي,"Jun 4, 2024",1426,0
2024-05-22, -Y2Q97SKRM4,STORY TIME | ☀️🥲أول تسافيرة بوحدي,"Jun 4, 2024",1426,0
2024-05-23, -Y2Q97SKRM4,STORY TIME | ☀️🥲أول تسافيرة بوحدي,"Jun 4, 2024",1426,0
2024-05-24, -Y2Q97SKRM4,STORY TIME | ☀️🥲أول تسافيرة بوحدي,"Jun 4, 2024",1426,0
2024-05-25, -Y2Q97SKRM4,STORY TIME | ☀️🥲أول تسافيرة بوحدي,"Jun 4, 2024",1426,0
2024-05-26, -Y2Q97SKRM4,STORY TIME | ☀️🥲أول تسافيرة بوحدي,"Jun 4, 2024",1426,0
2024-05-27, -Y2Q97SKRM4,STORY TIME | ☀️🥲أول تسافيرة بوحدي,"Jun 4, 2024",1426,0
2024-05-28, -Y2Q97SKRM4,STORY TIME | ☀️🥲أول تسافيرة بوحدي,"Jun 4, 2024",1426,0
2024-05-29, -Y2Q97SKRM4,STORY TIME | ☀️🥲أول تسافيرة بوحدي,"Jun 4, 2024",1426,0
2024-05-30, -Y2Q97SKRM4,STORY TIME | ☀️🥲أول تسافيرة بوحدي,"Jun 4, 2024",1426,0
2024-05-31, -Y2Q97SKRM4,STORY TIME | ☀️🥲أول تسافيرة بوحدي,"Jun 4, 2024",1426,0
2024-06-01, -Y2Q97SKRM4,STORY TIME | ☀️🥲أول تسافيرة بوحدي,"Jun 4, 2024",1426,0
2024-06-02, -Y2Q97SKRM4,STORY TIME | ☀️🥲أول تسافيرة بوحدي,"Jun 4, 2024",1426,0
2024-06-03, -Y2Q97SKRM4,STORY TIME | ☀️🥲أول تسافيرة بوحدي,"Jun 4, 2024",1426,0
2024-06-04, -Y2Q97SKRM4,STORY TIME | ☀️🥲أول تسافيرة بوحدي,"Jun 4, 2024",1426,56.08
2024-06-05, -Y2Q97SKRM4,STORY TIME | ☀️🥲أول تسافيرة بوحدي,"Jun 4, 2024",1426,50.94
2024-06-06, -Y2Q97SKRM4,STORY TIME | ☀️🥲أول تسافيرة بوحدي,"Jun 4, 2024",1426,46.59
2024-06-07, -Y2Q97SKRM4,STORY TIME | ☀️🥲أول تسافيرة بوحدي,"Jun 4, 2024",1426,44.18
2024-06-08, -Y2Q97SKRM4,STORY TIME | ☀️🥲أول تسافيرة بوحدي,"Jun 4, 2024",1426,43.53
2024-06-09, -Y2Q97SKRM4,STORY TIME | ☀️🥲أول تسافيرة بوحدي,"Jun 4, 2024",1426,45.51
2024-06-10, -Y2Q97SKRM4,STORY TIME | ☀️🥲أول تسافيرة بوحدي,"Jun 4, 2024",1426,44.56
2024-06-11, -Y2Q97SKRM4,STORY TIME | ☀️🥲أول تسافيرة بوحدي,"Jun 4, 2024",1426,44.25
2024-06-12, -Y2Q97SKRM4,STORY TIME | ☀️🥲أول تسافيرة بوحدي,"Jun 4, 2024",1426,44
2024-06-13, -Y2Q97SKRM4,STORY TIME | ☀️🥲أول تسافيرة بوحدي,"Jun 4, 2024",1426,44.24
2024-06-14, -Y2Q97SKRM4,STORY TIME | ☀️🥲أول تسافيرة بوحدي,"Jun 4, 2024",1426,42.69
2024-06-15, -Y2Q97SKRM4,STORY TIME | ☀️🥲أول تسافيرة بوحدي,"Jun 4, 2024",1426,43.76
2024-06-16, -Y2Q97SKRM4,STORY TIME | ☀️🥲أول تسافيرة بوحدي,"Jun 4, 2024",1426,43.61
2024-06-17, -Y2Q97SKRM4,STORY TIME | ☀️🥲أول تسافيرة بوحدي,"Jun 4, 2024",1426,41.57
2024-06-18, -Y2Q97SKRM4,STORY TIME | ☀️🥲أول تسافيرة بوحدي,"Jun 4, 2024",1426,41.66
2024-06-19, -Y2Q97SKRM4,STORY TIME | ☀️🥲أول تسافيرة بوحدي,"Jun 4, 2024",1426,43.15
2024-06-20, -Y2Q97SKRM4,STORY TIME | ☀️🥲أول تسافيرة بوحدي,"Jun 4, 2024",1426,43.32
2024-06-21, -Y2Q97SKRM4,STORY TIME | ☀️🥲أول تسافيرة بوحدي,"Jun 4, 2024",1426,43.62
2024-06-22, -Y2Q97SKRM4,STORY TIME | ☀️🥲أول تسافيرة بوحدي,"Jun 4, 2024",1426,45.01
2024-06-23, -Y2Q97SKRM4,STORY TIME | ☀️🥲أول تسافيرة بوحدي,"Jun 4, 2024",1426,45.01
2024-06-24, -Y2Q97SKRM4,STORY TIME | ☀️🥲أول تسافيرة بوحدي,"Jun 4, 2024",1426,46.28
2024-06-25, -Y2Q97SKRM4,STORY TIME | ☀️🥲أول تسافيرة بوحدي,"Jun 4, 2024",1426,46.15
2024-06-26, -Y2Q97SKRM4,STORY TIME | ☀️🥲أول تسافيرة بوحدي,"Jun 4, 2024",1426,46.59
2024-06-27, -Y2Q97SKRM4,STORY TIME | ☀️🥲أول تسافيرة بوحدي,"Jun 4, 2024",1426,46.95
2024-06-28, -Y2Q97SKRM4,STORY TIME | ☀️🥲أول تسافيرة بوحدي,"Jun 4, 2024",1426,45.61
2024-06-29, -Y2Q97SKRM4,STORY TIME | ☀️🥲أول تسافيرة بوحدي,"Jun 4, 2024",1426,45.53
2024-06-30, -Y2Q97SKRM4,STORY TIME | ☀️🥲أول تسافيرة بوحدي,"Jun 4, 2024",1426,43.65
2024-07-01, -Y2Q97SKRM4,STORY TIME | ☀️🥲أول تسافيرة بوحدي,"Jun 4, 2024",1426,44.83
2024-07-02, -Y2Q97SKRM4,STORY TIME | ☀️🥲أول تسافيرة بوحدي,"Jun 4, 2024",1426,44.9
2024-07-03, -Y2Q97SKRM4,STORY TIME | ☀️🥲أول تسافيرة بوحدي,"Jun 4, 2024",1426,44.26
2024-07-04, -Y2Q97SKRM4,STORY TIME | ☀️🥲أول تسافيرة بوحدي,"Jun 4, 2024",1426,46.9
2024-07-05, -Y2Q97SKRM4,STORY TIME | ☀️🥲أول تسافيرة بوحدي,"Jun 4, 2024",1426,45.82
2024-07-06, -Y2Q97SKRM4,STORY TIME | ☀️🥲أول تسافيرة بوحدي,"Jun 4, 2024",1426,46.44
2024-07-07, -Y2Q97SKRM4,STORY TIME | ☀️🥲أول تسافيرة بوحدي,"Jun 4, 2024",1426,46.47
2024-07-08, -Y2Q97SKRM4,STORY TIME | ☀️🥲أول تسافيرة بوحدي,"Jun 4, 2024",1426,48.67
2024-07-09, -Y2Q97SKRM4,STORY TIME | ☀️🥲أول تسافيرة بوحدي,"Jun 4, 2024",1426,46.92
2024-07-10, -Y2Q97SKRM4,STORY TIME | ☀️🥲أول تسافيرة بوحدي,"Jun 4, 2024",1426,46.81
2024-07-11, -Y2Q97SKRM4,STORY TIME | ☀️🥲أول تسافيرة بوحدي,"Jun 4, 2024",1426,47.14
2024-07-12, -Y2Q97SKRM4,STORY TIME | ☀️🥲أول تسافيرة بوحدي,"Jun 4, 2024",1426,45.82
2024-07-13, -Y2Q97SKRM4,STORY TIME | ☀️🥲أول تسافيرة بوحدي,"Jun 4, 2024",1426,45.31
2024-07-14, -Y2Q97SKRM4,STORY TIME | ☀️🥲أول تسافيرة بوحدي,"Jun 4, 2024",1426,45.1
2024-07-15, -Y2Q97SKRM4,STORY TIME | ☀️🥲أول تسافيرة بوحدي,"Jun 4, 2024",1426,47.03
2024-07-16, -Y2Q97SKRM4,STORY TIME | ☀️🥲أول تسافيرة بوحدي,"Jun 4, 2024",1426,46.69
2024-07-17, -Y2Q97SKRM4,STORY TIME | ☀️🥲أول تسافيرة بوحدي,"Jun 4, 2024",1426,45.53
2024-07-18, -Y2Q97SKRM4,STORY TIME | ☀️🥲أول تسافيرة بوحدي,"Jun 4, 2024",1426,46.6
2024-07-19, -Y2Q97SKRM4,STORY TIME | ☀️🥲أول تسافيرة بوحدي,"Jun 4, 2024",1426,46.59
2024-07-20, -Y2Q97SKRM4,STORY TIME | ☀️🥲أول تسافيرة بوحدي,"Jun 4, 2024",1426,48.12
2024-07-21, -Y2Q97SKRM4,STORY TIME | ☀️🥲أول تسافيرة بوحدي,"Jun 4, 2024",1426,46.05
2024-07-22, -Y2Q97SKRM4,STORY TIME | ☀️🥲أول تسافيرة بوحدي,"Jun 4, 2024",1426,46.87
2024-07-23, -Y2Q97SKRM4,STORY TIME | ☀️🥲أول تسافيرة بوحدي,"Jun 4, 2024",1426,46.8
2024-07-24, -Y2Q97SKRM4,STORY TIME | ☀️🥲أول تسافيرة بوحدي,"Jun 4, 2024",1426,46.79
2024-07-25, -Y2Q97SKRM4,STORY TIME | ☀️🥲أول تسافيرة بوحدي,"Jun 4, 2024",1426,45.81
2024-07-26, -Y2Q97SKRM4,STORY TIME | ☀️🥲أول تسافيرة بوحدي,"Jun 4, 2024",1426,45.44
2024-07-27, -Y2Q97SKRM4,STORY TIME | ☀️🥲أول تسافيرة بوحدي,"Jun 4, 2024",1426,45.9
2024-07-28, -Y2Q97SKRM4,STORY TIME | ☀️🥲أول تسافيرة بوحدي,"Jun 4, 2024",1426,45.91
2024-07-29, -Y2Q97SKRM4,STORY TIME | ☀️🥲أول تسافيرة بوحدي,"Jun 4, 2024",1426,47.79
2024-07-30, -Y2Q97SKRM4,STORY TIME | ☀️🥲أول تسافيرة بوحدي,"Jun 4, 2024",1426,47.98
2024-07-31, -Y2Q97SKRM4,STORY TIME | ☀️🥲أول تسافيرة بوحدي,"Jun 4, 2024",1426,46.53
2024-08-01, -Y2Q97SKRM4,STORY TIME | ☀️🥲أول تسافيرة بوحدي,"Jun 4, 2024",1426,48.7
2024-08-02, -Y2Q97SKRM4,STORY TIME | ☀️🥲أول تسافيرة بوحدي,"Jun 4, 2024",1426,48.92
2024-08-03, -Y2Q97SKRM4,STORY TIME | ☀️🥲أول تسافيرة بوحدي,"Jun 4, 2024",1426,46.13
2024-08-04, -Y2Q97SKRM4,STORY TIME | ☀️🥲أول تسافيرة بوحدي,"Jun 4, 2024",1426,48.64
2024-08-05, -Y2Q97SKRM4,STORY TIME | ☀️🥲أول تسافيرة بوحدي,"Jun 4, 2024",1426,45.57
2024-08-06, -Y2Q97SKRM4,STORY TIME | ☀️🥲أول تسافيرة بوحدي,"Jun 4, 2024",1426,45.83
2024-08-07, -Y2Q97SKRM4,STORY TIME | ☀️🥲أول تسافيرة بوحدي,"Jun 4, 2024",1426,48.34
2024-08-08, -Y2Q97SKRM4,STORY TIME | ☀️🥲أول تسافيرة بوحدي,"Jun 4, 2024",1426,50.51
2024-08-09, -Y2Q97SKRM4,STORY TIME | ☀️🥲أول تسافيرة بوحدي,"Jun 4, 2024",1426,47.83
2024-08-10, -Y2Q97SKRM4,STORY TIME | ☀️🥲أول تسافيرة بوحدي,"Jun 4, 2024",1426,47.61
2024-08-11, -Y2Q97SKRM4,STORY TIME | ☀️🥲أول تسافيرة بوحدي,"Jun 4, 2024",1426,48.57
2024-08-12, -Y2Q97SKRM4,STORY TIME | ☀️🥲أول تسافيرة بوحدي,"Jun 4, 2024",1426,47.97
2024-08-13, -Y2Q97SKRM4,STORY TIME | ☀️🥲أول تسافيرة بوحدي,"Jun 4, 2024",1426,47.96
2024-08-14, -Y2Q97SKRM4,STORY TIME | ☀️🥲أول تسافيرة بوحدي,"Jun 4, 2024",1426,48.89
2024-08-15, -Y2Q97SKRM4,STORY TIME | ☀️🥲أول تسافيرة بوحدي,"Jun 4, 2024",1426,48.47
2024-08-16, -Y2Q97SKRM4,STORY TIME | ☀️🥲أول تسافيرة بوحدي,"Jun 4, 2024",1426,49.2
2024-08-17, -Y2Q97SKRM4,STORY TIME | ☀️🥲أول تسافيرة بوحدي,"Jun 4, 2024",1426,50.12
2024-08-18, -Y2Q97SKRM4,STORY TIME | ☀️🥲أول تسافيرة بوحدي,"Jun 4, 2024",1426,47.9
2024-08-19, -Y2Q97SKRM4,STORY TIME | ☀️🥲أول تسافيرة بوحدي,"Jun 4, 2024",1426,51.52
2024-08-20, -Y2Q97SKRM4,STORY TIME | ☀️🥲أول تسافيرة بوحدي,"Jun 4, 2024",1426,47.38
2024-08-21, -Y2Q97SKRM4,STORY TIME | ☀️🥲أول تسافيرة بوحدي,"Jun 4, 2024",1426,51.19
2024-08-22, -Y2Q97SKRM4,STORY TIME | ☀️🥲أول تسافيرة بوحدي,"Jun 4, 2024",1426,52.29
2024-08-23, -Y2Q97SKRM4,STORY TIME | ☀️🥲أول تسافيرة بوحدي,"Jun 4, 2024",1426,52.13
2024-08-24, -Y2Q97SKRM4,STORY TIME | ☀️🥲أول تسافيرة بوحدي,"Jun 4, 2024",1426,49.5
2024-08-25, -Y2Q97SKRM4,STORY TIME | ☀️🥲أول تسافيرة بوحدي,"Jun 4, 2024",1426,49.52
2024-08-26, -Y2Q97SKRM4,STORY TIME | ☀️🥲أول تسافيرة بوحدي,"Jun 4, 2024",1426,51.74
2024-08-27, -Y2Q97SKRM4,STORY TIME | ☀️🥲أول تسافيرة بوحدي,"Jun 4, 2024",1426,49.28
2024-08-28, -Y2Q97SKRM4,STORY TIME | ☀️🥲أول تسافيرة بوحدي,"Jun 4, 2024",1426,49.88
2024-08-29, -Y2Q97SKRM4,STORY TIME | ☀️🥲أول تسافيرة بوحدي,"Jun 4, 2024",1426,45.82
2024-08-30, -Y2Q97SKRM4,STORY TIME | ☀️🥲أول تسافيرة بوحدي,"Jun 4, 2024",1426,47.42
2024-08-31, -Y2Q97SKRM4,STORY TIME | ☀️🥲أول تسافيرة بوحدي,"Jun 4, 2024",1426,49.98
2024-09-01, -Y2Q97SKRM4,STORY TIME | ☀️🥲أول تسافيرة بوحدي,"Jun 4, 2024",1426,49.35
2024-09-02, -Y2Q97SKRM4,STORY TIME | ☀️🥲أول تسافيرة بوحدي,"Jun 4, 2024",1426,49.17
2024-09-03, -Y2Q97SKRM4,STORY TIME | ☀️🥲أول تسافيرة بوحدي,"Jun 4, 2024",1426,50.33
2024-09-04, -Y2Q97SKRM4,STORY TIME | ☀️🥲أول تسافيرة بوحدي,"Jun 4, 2024",1426,49.89
2024-09-05, -Y2Q97SKRM4,STORY TIME | ☀️🥲أول تسافيرة بوحدي,"Jun 4, 2024",1426,49.81
2024-09-06, -Y2Q97SKRM4,STORY TIME | ☀️🥲أول تسافيرة بوحدي,"Jun 4, 2024",1426,48.75
2024-09-07, -Y2Q97SKRM4,STORY TIME | ☀️🥲أول تسافيرة بوحدي,"Jun 4, 2024",1426,50.62
2024-09-08, -Y2Q97SKRM4,STORY TIME | ☀️🥲أول تسافيرة بوحدي,"Jun 4, 2024",1426,50.13
2024-09-09, -Y2Q97SKRM4,STORY TIME | ☀️🥲أول تسافيرة بوحدي,"Jun 4, 2024",1426,50.13
2024-09-10, -Y2Q97SKRM4,STORY TIME | ☀️🥲أول تسافيرة بوحدي,"Jun 4, 2024",1426,51.19
2024-09-11, -Y2Q97SKRM4,STORY TIME | ☀️🥲أول تسافيرة بوحدي,"Jun 4, 2024",1426,50.85
2024-09-12, -Y2Q97SKRM4,STORY TIME | ☀️🥲أول تسافيرة بوحدي,"Jun 4, 2024",1426,48.8
2024-09-13, -Y2Q97SKRM4,STORY TIME | ☀️🥲أول تسافيرة بوحدي,"Jun 4, 2024",1426,50.46
2024-09-14, -Y2Q97SKRM4,STORY TIME | ☀️🥲أول تسافيرة بوحدي,"Jun 4, 2024",1426,50.09
2024-09-15, -Y2Q97SKRM4,STORY TIME | ☀️🥲أول تسافيرة بوحدي,"Jun 4, 2024",1426,50.27
2024-09-16, -Y2Q97SKRM4,STORY TIME | ☀️🥲أول تسافيرة بوحدي,"Jun 4, 2024",1426,49.34
2024-09-17, -Y2Q97SKRM4,STORY TIME | ☀️🥲أول تسافيرة بوحدي,"Jun 4, 2024",1426,48.79
2024-09-18, -Y2Q97SKRM4,STORY TIME | ☀️🥲أول تسافيرة بوحدي,"Jun 4, 2024",1426,51.53
2024-09-19, -Y2Q97SKRM4,STORY TIME | ☀️🥲أول تسافيرة بوحدي,"Jun 4, 2024",1426,49.02
2024-09-20, -Y2Q97SKRM4,STORY TIME | ☀️🥲أول تسافيرة بوحدي,"Jun 4, 2024",1426,48.71
2024-09-21, -Y2Q97SKRM4,STORY TIME | ☀️🥲أول تسافيرة بوحدي,"Jun 4, 2024",1426,49
2024-09-22, -Y2Q97SKRM4,STORY TIME | ☀️🥲أول تسافيرة بوحدي,"Jun 4, 2024",1426,48.42
2024-09-23, -Y2Q97SKRM4,STORY TIME | ☀️🥲أول تسافيرة بوحدي,"Jun 4, 2024",1426,50.59
2024-09-24, -Y2Q97SKRM4,STORY TIME | ☀️🥲أول تسافيرة بوحدي,"Jun 4, 2024",1426,52.18
2024-09-25, -Y2Q97SKRM4,STORY TIME | ☀️🥲أول تسافيرة بوحدي,"Jun 4, 2024",1426,47.29
2024-09-26, -Y2Q97SKRM4,STORY TIME | ☀️🥲أول تسافيرة بوحدي,"Jun 4, 2024",1426,50.2
2024-09-27, -Y2Q97SKRM4,STORY TIME | ☀️🥲أول تسافيرة بوحدي,"Jun 4, 2024",1426,46.13
2024-09-28, -Y2Q97SKRM4,STORY TIME | ☀️🥲أول تسافيرة بوحدي,"Jun 4, 2024",1426,46.76
2024-09-29, -Y2Q97SKRM4,STORY TIME | ☀️🥲أول تسافيرة بوحدي,"Jun 4, 2024",1426,48.11
2024-09-30, -Y2Q97SKRM4,STORY TIME | ☀️🥲أول تسافيرة بوحدي,"Jun 4, 2024",1426,51.78
2024-10-01, -Y2Q97SKRM4,STORY TIME | ☀️🥲أول تسافيرة بوحدي,"Jun 4, 2024",1426,47.42
2024-10-02, -Y2Q97SKRM4,STORY TIME | ☀️🥲أول تسافيرة بوحدي,"Jun 4, 2024",1426,47.93
2024-10-03, -Y2Q97SKRM4,STORY TIME | ☀️🥲أول تسافيرة بوحدي,"Jun 4, 2024",1426,49.4
2024-10-04, -Y2Q97SKRM4,STORY TIME | ☀️🥲أول تسافيرة بوحدي,"Jun 4, 2024",1426,49.69
2024-10-05, -Y2Q97SKRM4,STORY TIME | ☀️🥲أول تسافيرة بوحدي,"Jun 4, 2024",1426,49.92
2024-10-06, -Y2Q97SKRM4,STORY TIME | ☀️🥲أول تسافيرة بوحدي,"Jun 4, 2024",1426,48.34
2024-10-07, -Y2Q97SKRM4,STORY TIME | ☀️🥲أول تسافيرة بوحدي,"Jun 4, 2024",1426,50.31
2024-10-08, -Y2Q97SKRM4,STORY TIME | ☀️🥲أول تسافيرة بوحدي,"Jun 4, 2024",1426,49.28
2024-10-09, -Y2Q97SKRM4,STORY TIME | ☀️🥲أول تسافيرة بوحدي,"Jun 4, 2024",1426,51.35
2024-10-10, -Y2Q97SKRM4,STORY TIME | ☀️🥲أول تسافيرة بوحدي,"Jun 4, 2024",1426,51.12
2024-10-11, -Y2Q97SKRM4,STORY TIME | ☀️🥲أول تسافيرة بوحدي,"Jun 4, 2024",1426,53.18
2024-10-12, -Y2Q97SKRM4,STORY TIME | ☀️🥲أول تسافيرة بوحدي,"Jun 4, 2024",1426,49.66
2024-10-13, -Y2Q97SKRM4,STORY TIME | ☀️🥲أول تسافيرة بوحدي,"Jun 4, 2024",1426,51.76
2024-10-14, -Y2Q97SKRM4,STORY TIME | ☀️🥲أول تسافيرة بوحدي,"Jun 4, 2024",1426,51.92
2024-10-15, -Y2Q97SKRM4,STORY TIME | ☀️🥲أول تسافيرة بوحدي,"Jun 4, 2024",1426,45.92
2024-10-16, -Y2Q97SKRM4,STORY TIME | ☀️🥲أول تسافيرة بوحدي,"Jun 4, 2024",1426,50.18
2024-10-17, -Y2Q97SKRM4,STORY TIME | ☀️🥲أول تسافيرة بوحدي,"Jun 4, 2024",1426,53.03
2024-10-18, -Y2Q97SKRM4,STORY TIME | ☀️🥲أول تسافيرة بوحدي,"Jun 4, 2024",1426,49.19
2024-10-19, -Y2Q97SKRM4,STORY TIME | ☀️🥲أول تسافيرة بوحدي,"Jun 4, 2024",1426,49.48
2024-10-20, -Y2Q97SKRM4,STORY TIME | ☀️🥲أول تسافيرة بوحدي,"Jun 4, 2024",1426,50.68
2024-10-21, -Y2Q97SKRM4,STORY TIME | ☀️🥲أول تسافيرة بوحدي,"Jun 4, 2024",1426,51.49
2024-10-22, -Y2Q97SKRM4,STORY TIME | ☀️🥲أول تسافيرة بوحدي,"Jun 4, 2024",1426,49.71
2024-10-23, -Y2Q97SKRM4,STORY TIME | ☀️🥲أول تسافيرة بوحدي,"Jun 4, 2024",1426,47.57
2024-10-24, -Y2Q97SKRM4,STORY TIME | ☀️🥲أول تسافيرة بوحدي,"Jun 4, 2024",1426,47.74
2024-10-25, -Y2Q97SKRM4,STORY TIME | ☀️🥲أول تسافيرة بوحدي,"Jun 4, 2024",1426,49.93
2024-10-26, -Y2Q97SKRM4,STORY TIME | ☀️🥲أول تسافيرة بوحدي,"Jun 4, 2024",1426,50.57
2024-10-27, -Y2Q97SKRM4,STORY TIME | ☀️🥲أول تسافيرة بوحدي,"Jun 4, 2024",1426,50.46
2024-10-28, -Y2Q97SKRM4,STORY TIME | ☀️🥲أول تسافيرة بوحدي,"Jun 4, 2024",1426,50.23
2024-10-29, -Y2Q97SKRM4,STORY TIME | ☀️🥲أول تسافيرة بوحدي,"Jun 4, 2024",1426,52.33
2024-10-30, -Y2Q97SKRM4,STORY TIME | ☀️🥲أول تسافيرة بوحدي,"Jun 4, 2024",1426,52.89
2024-10-31, -Y2Q97SKRM4,STORY TIME | ☀️🥲أول تسافيرة بوحدي,"Jun 4, 2024",1426,50.69
2024-11-01, -Y2Q97SKRM4,STORY TIME | ☀️🥲أول تسافيرة بوحدي,"Jun 4, 2024",1426,52.94
2024-11-02, -Y2Q97SKRM4,STORY TIME | ☀️🥲أول تسافيرة بوحدي,"Jun 4, 2024",1426,52.05
2024-11-03, -Y2Q97SKRM4,STORY TIME | ☀️🥲أول تسافيرة بوحدي,"Jun 4, 2024",1426,50.45
2024-11-04, -Y2Q97SKRM4,STORY TIME | ☀️🥲أول تسافيرة بوحدي,"Jun 4, 2024",1426,55.98
2024-11-05, -Y2Q97SKRM4,STORY TIME | ☀️🥲أول تسافيرة بوحدي,"Jun 4, 2024",1426,49.83
2024-11-06, -Y2Q97SKRM4,STORY TIME | ☀️🥲أول تسافيرة بوحدي,"Jun 4, 2024",1426,52.19
2024-11-07, -Y2Q97SKRM4,STORY TIME | ☀️🥲أول تسافيرة بوحدي,"Jun 4, 2024",1426,52.46
2024-11-08, -Y2Q97SKRM4,STORY TIME | ☀️🥲أول تسافيرة بوحدي,"Jun 4, 2024",1426,52.18
2024-11-09, -Y2Q97SKRM4,STORY TIME | ☀️🥲أول تسافيرة بوحدي,"Jun 4, 2024",1426,50.73
2024-11-10, -Y2Q97SKRM4,STORY TIME | ☀️🥲أول تسافيرة بوحدي,"Jun 4, 2024",1426,47.43
2024-11-11, -Y2Q97SKRM4,STORY TIME | ☀️🥲أول تسافيرة بوحدي,"Jun 4, 2024",1426,51.39
2024-11-12, -Y2Q97SKRM4,STORY TIME | ☀️🥲أول تسافيرة بوحدي,"Jun 4, 2024",1426,47.33
2024-11-13, -Y2Q97SKRM4,STORY TIME | ☀️🥲أول تسافيرة بوحدي,"Jun 4, 2024",1426,50.8
2024-11-14, -Y2Q97SKRM4,STORY TIME | ☀️🥲أول تسافيرة بوحدي,"Jun 4, 2024",1426,50.05
2024-11-15, -Y2Q97SKRM4,STORY TIME | ☀️🥲أول تسافيرة بوحدي,"Jun 4, 2024",1426,53.6
2024-11-16, -Y2Q97SKRM4,STORY TIME | ☀️🥲أول تسافيرة بوحدي,"Jun 4, 2024",1426,46.98
2024-11-17, -Y2Q97SKRM4,STORY TIME | ☀️🥲أول تسافيرة بوحدي,"Jun 4, 2024",1426,47.66
2024-11-18, -Y2Q97SKRM4,STORY TIME | ☀️🥲أول تسافيرة بوحدي,"Jun 4, 2024",1426,48.72
2024-11-19, -Y2Q97SKRM4,STORY TIME | ☀️🥲أول تسافيرة بوحدي,"Jun 4, 2024",1426,51.41
2024-11-20, -Y2Q97SKRM4,STORY TIME | ☀️🥲أول تسافيرة بوحدي,"Jun 4, 2024",1426,52.19
2024-11-21, -Y2Q97SKRM4,STORY TIME | ☀️🥲أول تسافيرة بوحدي,"Jun 4, 2024",1426,56.03
2024-11-22, -Y2Q97SKRM4,STORY TIME | ☀️🥲أول تسافيرة بوحدي,"Jun 4, 2024",1426,53.61
2024-11-23, -Y2Q97SKRM4,STORY TIME | ☀️🥲أول تسافيرة بوحدي,"Jun 4, 2024",1426,52.75
2024-11-24, -Y2Q97SKRM4,STORY TIME | ☀️🥲أول تسافيرة بوحدي,"Jun 4, 2024",1426,52.88
2024-11-25, -Y2Q97SKRM4,STORY TIME | ☀️🥲أول تسافيرة بوحدي,"Jun 4, 2024",1426,53.43
2024-11-26, -Y2Q97SKRM4,STORY TIME | ☀️🥲أول تسافيرة بوحدي,"Jun 4, 2024",1426,49.52
2024-11-27, -Y2Q97SKRM4,STORY TIME | ☀️🥲أول تسافيرة بوحدي,"Jun 4, 2024",1426,47.49
2024-11-28, -Y2Q97SKRM4,STORY TIME | ☀️🥲أول تسافيرة بوحدي,"Jun 4, 2024",1426,52.02
2024-11-29, -Y2Q97SKRM4,STORY TIME | ☀️🥲أول تسافيرة بوحدي,"Jun 4, 2024",1426,51.16
2024-11-30, -Y2Q97SKRM4,STORY TIME | ☀️🥲أول تسافيرة بوحدي,"Jun 4, 2024",1426,45.84
2024-12-01, -Y2Q97SKRM4,STORY TIME | ☀️🥲أول تسافيرة بوحدي,"Jun 4, 2024",1426,54.2
2024-12-02, -Y2Q97SKRM4,STORY TIME | ☀️🥲أول تسافيرة بوحدي,"Jun 4, 2024",1426,51.02
2024-12-03, -Y2Q97SKRM4,STORY TIME | ☀️🥲أول تسافيرة بوحدي,"Jun 4, 2024",1426,50.81
2024-12-04, -Y2Q97SKRM4,STORY TIME | ☀️🥲أول تسافيرة بوحدي,"Jun 4, 2024",1426,53.81
2024-12-05, -Y2Q97SKRM4,STORY TIME | ☀️🥲أول تسافيرة بوحدي,"Jun 4, 2024",1426,54.57
2024-12-06, -Y2Q97SKRM4,STORY TIME | ☀️🥲أول تسافيرة بوحدي,"Jun 4, 2024",1426,50.01
2024-12-07, -Y2Q97SKRM4,STORY TIME | ☀️🥲أول تسافيرة بوحدي,"Jun 4, 2024",1426,50.01
2024-12-08, -Y2Q97SKRM4,STORY TIME | ☀️🥲أول تسافيرة بوحدي,"Jun 4, 2024",1426,53.51
2024-12-09, -Y2Q97SKRM4,STORY TIME | ☀️🥲أول تسافيرة بوحدي,"Jun 4, 2024",1426,51.52
2024-12-10, -Y2Q97SKRM4,STORY TIME | ☀️🥲أول تسافيرة بوحدي,"Jun 4, 2024",1426,52.12
2024-12-11, -Y2Q97SKRM4,STORY TIME | ☀️🥲أول تسافيرة بوحدي,"Jun 4, 2024",1426,48.35
2024-12-12, -Y2Q97SKRM4,STORY TIME | ☀️🥲أول تسافيرة بوحدي,"Jun 4, 2024",1426,52.59
2024-12-13, -Y2Q97SKRM4,STORY TIME | ☀️🥲أول تسافيرة بوحدي,"Jun 4, 2024",1426,48.66
2024-12-14, -Y2Q97SKRM4,STORY TIME | ☀️🥲أول تسافيرة بوحدي,"Jun 4, 2024",1426,51.11
2024-12-15, -Y2Q97SKRM4,STORY TIME | ☀️🥲أول تسافيرة بوحدي,"Jun 4, 2024",1426,50.69
2024-12-16, -Y2Q97SKRM4,STORY TIME | ☀️🥲أول تسافيرة بوحدي,"Jun 4, 2024",1426,49.53
2024-12-17, -Y2Q97SKRM4,STORY TIME | ☀️🥲أول تسافيرة بوحدي,"Jun 4, 2024",1426,50.37
2024-12-18, -Y2Q97SKRM4,STORY TIME | ☀️🥲أول تسافيرة بوحدي,"Jun 4, 2024",1426,50.79
2024-12-19, -Y2Q97SKRM4,STORY TIME | ☀️🥲أول تسافيرة بوحدي,"Jun 4, 2024",1426,52.09
2024-12-20, -Y2Q97SKRM4,STORY TIME | ☀️🥲أول تسافيرة بوحدي,"Jun 4, 2024",1426,48.94
2024-12-21, -Y2Q97SKRM4,STORY TIME | ☀️🥲أول تسافيرة بوحدي,"Jun 4, 2024",1426,47.86
2024-12-22, -Y2Q97SKRM4,STORY TIME | ☀️🥲أول تسافيرة بوحدي,"Jun 4, 2024",1426,47.69
2024-12-23, -Y2Q97SKRM4,STORY TIME | ☀️🥲أول تسافيرة بوحدي,"Jun 4, 2024",1426,46.77
2024-12-24, -Y2Q97SKRM4,STORY TIME | ☀️🥲أول تسافيرة بوحدي,"Jun 4, 2024",1426,46.38
2024-12-25, -Y2Q97SKRM4,STORY TIME | ☀️🥲أول تسافيرة بوحدي,"Jun 4, 2024",1426,49.19
2024-12-26, -Y2Q97SKRM4,STORY TIME | ☀️🥲أول تسافيرة بوحدي,"Jun 4, 2024",1426,50.87
2024-12-27, -Y2Q97SKRM4,STORY TIME | ☀️🥲أول تسافيرة بوحدي,"Jun 4, 2024",1426,43.21
2024-12-28, -Y2Q97SKRM4,STORY TIME | ☀️🥲أول تسافيرة بوحدي,"Jun 4, 2024",1426,44.17
2024-12-29, -Y2Q97SKRM4,STORY TIME | ☀️🥲أول تسافيرة بوحدي,"Jun 4, 2024",1426,44.56
2024-12-30, -Y2Q97SKRM4,STORY TIME | ☀️🥲أول تسافيرة بوحدي,"Jun 4, 2024",1426,48.28
2024-12-31, -Y2Q97SKRM4,STORY TIME | ☀️🥲أول تسافيرة بوحدي,"Jun 4, 2024",1426,49.37
2025-01-01, -Y2Q97SKRM4,STORY TIME | ☀️🥲أول تسافيرة بوحدي,"Jun 4, 2024",1426,50.21
2025-01-02, -Y2Q97SKRM4,STORY TIME | ☀️🥲أول تسافيرة بوحدي,"Jun 4, 2024",1426,53.48
2025-01-03, -Y2Q97SKRM4,STORY TIME | ☀️🥲أول تسافيرة بوحدي,"Jun 4, 2024",1426,50.51
2025-01-04, -Y2Q97SKRM4,STORY TIME | ☀️🥲أول تسافيرة بوحدي,"Jun 4, 2024",1426,50.85
2025-01-05, -Y2Q97SKRM4,STORY TIME | ☀️🥲أول تسافيرة بوحدي,"Jun 4, 2024",1426,51.12
2025-01-06, -Y2Q97SKRM4,STORY TIME | ☀️🥲أول تسافيرة بوحدي,"Jun 4, 2024",1426,49.59
2025-01-07, -Y2Q97SKRM4,STORY TIME | ☀️🥲أول تسافيرة بوحدي,"Jun 4, 2024",1426,52.92
2025-01-08, -Y2Q97SKRM4,STORY TIME | ☀️🥲أول تسافيرة بوحدي,"Jun 4, 2024",1426,51.49
2025-01-09, -Y2Q97SKRM4,STORY TIME | ☀️🥲أول تسافيرة بوحدي,"Jun 4, 2024",1426,49.39
2025-01-10, -Y2Q97SKRM4,STORY TIME | ☀️🥲أول تسافيرة بوحدي,"Jun 4, 2024",1426,49.19
2025-01-11, -Y2Q97SKRM4,STORY TIME | ☀️🥲أول تسافيرة بوحدي,"Jun 4, 2024",1426,48.99
2025-01-12, -Y2Q97SKRM4,STORY TIME | ☀️🥲أول تسافيرة بوحدي,"Jun 4, 2024",1426,49.4
2025-01-13, -Y2Q97SKRM4,STORY TIME | ☀️🥲أول تسافيرة بوحدي,"Jun 4, 2024",1426,48.91
2025-01-14, -Y2Q97SKRM4,STORY TIME | ☀️🥲أول تسافيرة بوحدي,"Jun 4, 2024",1426,50.25
2025-01-15, -Y2Q97SKRM4,STORY TIME | ☀️🥲أول تسافيرة بوحدي,"Jun 4, 2024",1426,52.95
2025-01-16, -Y2Q97SKRM4,STORY TIME | ☀️🥲أول تسافيرة بوحدي,"Jun 4, 2024",1426,58.99
2025-01-17, -Y2Q97SKRM4,STORY TIME | ☀️🥲أول تسافيرة بوحدي,"Jun 4, 2024",1426,55.34
2025-01-18, -Y2Q97SKRM4,STORY TIME | ☀️🥲أول تسافيرة بوحدي,"Jun 4, 2024",1426,57.62
2025-01-19, -Y2Q97SKRM4,STORY TIME | ☀️🥲أول تسافيرة بوحدي,"Jun 4, 2024",1426,54.75
2025-01-20, -Y2Q97SKRM4,STORY TIME | ☀️🥲أول تسافيرة بوحدي,"Jun 4, 2024",1426,54.92
2025-01-21, -Y2Q97SKRM4,STORY TIME | ☀️🥲أول تسافيرة بوحدي,"Jun 4, 2024",1426,55.33
2025-01-22, -Y2Q97SKRM4,STORY TIME | ☀️🥲أول تسافيرة بوحدي,"Jun 4, 2024",1426,56.29
2025-01-23, -Y2Q97SKRM4,STORY TIME | ☀️🥲أول تسافيرة بوحدي,"Jun 4, 2024",1426,56.82
2025-01-24, -Y2Q97SKRM4,STORY TIME | ☀️🥲أول تسافيرة بوحدي,"Jun 4, 2024",1426,57.81
2025-01-25, -Y2Q97SKRM4,STORY TIME | ☀️🥲أول تسافيرة بوحدي,"Jun 4, 2024",1426,55.86
2025-01-26, -Y2Q97SKRM4,STORY TIME | ☀️🥲أول تسافيرة بوحدي,"Jun 4, 2024",1426,55.37
2025-01-27, -Y2Q97SKRM4,STORY TIME | ☀️🥲أول تسافيرة بوحدي,"Jun 4, 2024",1426,55.62
2025-01-28, -Y2Q97SKRM4,STORY TIME | ☀️🥲أول تسافيرة بوحدي,"Jun 4, 2024",1426,53.7
2025-01-29, -Y2Q97SKRM4,STORY TIME | ☀️🥲أول تسافيرة بوحدي,"Jun 4, 2024",1426,55.43
2025-01-30, -Y2Q97SKRM4,STORY TIME | ☀️🥲أول تسافيرة بوحدي,"Jun 4, 2024",1426,55.53
2025-01-31, -Y2Q97SKRM4,STORY TIME | ☀️🥲أول تسافيرة بوحدي,"Jun 4, 2024",1426,55.91
2025-02-01, -Y2Q97SKRM4,STORY TIME | ☀️🥲أول تسافيرة بوحدي,"Jun 4, 2024",1426,56.07
2025-02-02, -Y2Q97SKRM4,STORY TIME | ☀️🥲أول تسافيرة بوحدي,"Jun 4, 2024",1426,53.11
2025-02-03, -Y2Q97SKRM4,STORY TIME | ☀️🥲أول تسافيرة بوحدي,"Jun 4, 2024",1426,61.83
2025-02-04, -Y2Q97SKRM4,STORY TIME | ☀️🥲أول تسافيرة بوحدي,"Jun 4, 2024",1426,58.25
2025-02-05, -Y2Q97SKRM4,STORY TIME | ☀️🥲أول تسافيرة بوحدي,"Jun 4, 2024",1426,57.57
2025-02-06, -Y2Q97SKRM4,STORY TIME | ☀️🥲أول تسافيرة بوحدي,"Jun 4, 2024",1426,58.75
2025-02-07, -Y2Q97SKRM4,STORY TIME | ☀️🥲أول تسافيرة بوحدي,"Jun 4, 2024",1426,60.68
2025-02-08, -Y2Q97SKRM4,STORY TIME | ☀️🥲أول تسافيرة بوحدي,"Jun 4, 2024",1426,58.73
2025-02-09, -Y2Q97SKRM4,STORY TIME | ☀️🥲أول تسافيرة بوحدي,"Jun 4, 2024",1426,56.63
2025-02-10, -Y2Q97SKRM4,STORY TIME | ☀️🥲أول تسافيرة بوحدي,"Jun 4, 2024",1426,57.87
2025-02-11, -Y2Q97SKRM4,STORY TIME | ☀️🥲أول تسافيرة بوحدي,"Jun 4, 2024",1426,63.16
2025-02-12, -Y2Q97SKRM4,STORY TIME | ☀️🥲أول تسافيرة بوحدي,"Jun 4, 2024",1426,59.67
2025-02-13, -Y2Q97SKRM4,STORY TIME | ☀️🥲أول تسافيرة بوحدي,"Jun 4, 2024",1426,56.79
2025-02-14, -Y2Q97SKRM4,STORY TIME | ☀️🥲أول تسافيرة بوحدي,"Jun 4, 2024",1426,61.68
2025-02-15, -Y2Q97SKRM4,STORY TIME | ☀️🥲أول تسافيرة بوحدي,"Jun 4, 2024",1426,57.66
2025-02-16, -Y2Q97SKRM4,STORY TIME | ☀️🥲أول تسافيرة بوحدي,"Jun 4, 2024",1426,58.46
2025-02-17, -Y2Q97SKRM4,STORY TIME | ☀️🥲أول تسافيرة بوحدي,"Jun 4, 2024",1426,56.47
2025-02-18, -Y2Q97SKRM4,STORY TIME | ☀️🥲أول تسافيرة بوحدي,"Jun 4, 2024",1426,56.66
2025-02-19, -Y2Q97SKRM4,STORY TIME | ☀️🥲أول تسافيرة بوحدي,"Jun 4, 2024",1426,56.92
2025-02-20, -Y2Q97SKRM4,STORY TIME | ☀️🥲أول تسافيرة بوحدي,"Jun 4, 2024",1426,58.81
2025-02-21, -Y2Q97SKRM4,STORY TIME | ☀️🥲أول تسافيرة بوحدي,"Jun 4, 2024",1426,62.6
2025-02-22, -Y2Q97SKRM4,STORY TIME | ☀️🥲أول تسافيرة بوحدي,"Jun 4, 2024",1426,55.92
2025-02-23, -Y2Q97SKRM4,STORY TIME | ☀️🥲أول تسافيرة بوحدي,"Jun 4, 2024",1426,54.25
2025-02-24, -Y2Q97SKRM4,STORY TIME | ☀️🥲أول تسافيرة بوحدي,"Jun 4, 2024",1426,55.69
2025-02-25, -Y2Q97SKRM4,STORY TIME | ☀️🥲أول تسافيرة بوحدي,"Jun 4, 2024",1426,57.28
2025-02-26, -Y2Q97SKRM4,STORY TIME | ☀️🥲أول تسافيرة بوحدي,"Jun 4, 2024",1426,55.53
2025-02-27, -Y2Q97SKRM4,STORY TIME | ☀️🥲أول تسافيرة بوحدي,"Jun 4, 2024",1426,52.72
2025-02-28, -Y2Q97SKRM4,STORY TIME | ☀️🥲أول تسافيرة بوحدي,"Jun 4, 2024",1426,56.07
2025-03-01, -Y2Q97SKRM4,STORY TIME | ☀️🥲أول تسافيرة بوحدي,"Jun 4, 2024",1426,58.49
2025-03-02, -Y2Q97SKRM4,STORY TIME | ☀️🥲أول تسافيرة بوحدي,"Jun 4, 2024",1426,52.46
2025-03-03, -Y2Q97SKRM4,STORY TIME | ☀️🥲أول تسافيرة بوحدي,"Jun 4, 2024",1426,58.23
2025-03-04, -Y2Q97SKRM4,STORY TIME | ☀️🥲أول تسافيرة بوحدي,"Jun 4, 2024",1426,57.81
2025-03-05, -Y2Q97SKRM4,STORY TIME | ☀️🥲أول تسافيرة بوحدي,"Jun 4, 2024",1426,60.52
2025-03-06, -Y2Q97SKRM4,STORY TIME | ☀️🥲أول تسافيرة بوحدي,"Jun 4, 2024",1426,57.33
2025-03-07, -Y2Q97SKRM4,STORY TIME | ☀️🥲أول تسافيرة بوحدي,"Jun 4, 2024",1426,58.5
2025-03-08, -Y2Q97SKRM4,STORY TIME | ☀️🥲أول تسافيرة بوحدي,"Jun 4, 2024",1426,57.14
2025-03-09, -Y2Q97SKRM4,STORY TIME | ☀️🥲أول تسافيرة بوحدي,"Jun 4, 2024",1426,55.32
2025-03-10, -Y2Q97SKRM4,STORY TIME | ☀️🥲أول تسافيرة بوحدي,"Jun 4, 2024",1426,63.73
2025-03-11, -Y2Q97SKRM4,STORY TIME | ☀️🥲أول تسافيرة بوحدي,"Jun 4, 2024",1426,54.11
2025-03-12, -Y2Q97SKRM4,STORY TIME | ☀️🥲أول تسافيرة بوحدي,"Jun 4, 2024",1426,56.53
2025-03-13, -Y2Q97SKRM4,STORY TIME | ☀️🥲أول تسافيرة بوحدي,"Jun 4, 2024",1426,56.67
2025-03-14, -Y2Q97SKRM4,STORY TIME | ☀️🥲أول تسافيرة بوحدي,"Jun 4, 2024",1426,59.46
2025-03-15, -Y2Q97SKRM4,STORY TIME | ☀️🥲أول تسافيرة بوحدي,"Jun 4, 2024",1426,58.81
2025-03-16, -Y2Q97SKRM4,STORY TIME | ☀️🥲أول تسافيرة بوحدي,"Jun 4, 2024",1426,58.03
2025-03-17, -Y2Q97SKRM4,STORY TIME | ☀️🥲أول تسافيرة بوحدي,"Jun 4, 2024",1426,59.37
2025-03-18, -Y2Q97SKRM4,STORY TIME | ☀️🥲أول تسافيرة بوحدي,"Jun 4, 2024",1426,52.38
2025-03-19, -Y2Q97SKRM4,STORY TIME | ☀️🥲أول تسافيرة بوحدي,"Jun 4, 2024",1426,54.33
2025-03-20, -Y2Q97SKRM4,STORY TIME | ☀️🥲أول تسافيرة بوحدي,"Jun 4, 2024",1426,55.59
2025-03-21, -Y2Q97SKRM4,STORY TIME | ☀️🥲أول تسافيرة بوحدي,"Jun 4, 2024",1426,54.24
2025-03-22, -Y2Q97SKRM4,STORY TIME | ☀️🥲أول تسافيرة بوحدي,"Jun 4, 2024",1426,57.22
2025-03-23, -Y2Q97SKRM4,STORY TIME | ☀️🥲أول تسافيرة بوحدي,"Jun 4, 2024",1426,57.46
2025-03-24, -Y2Q97SKRM4,STORY TIME | ☀️🥲أول تسافيرة بوحدي,"Jun 4, 2024",1426,58.22
2025-03-25, -Y2Q97SKRM4,STORY TIME | ☀️🥲أول تسافيرة بوحدي,"Jun 4, 2024",1426,57.4
2025-03-26, -Y2Q97SKRM4,STORY TIME | ☀️🥲أول تسافيرة بوحدي,"Jun 4, 2024",1426,57.68
2025-03-27, -Y2Q97SKRM4,STORY TIME | ☀️🥲أول تسافيرة بوحدي,"Jun 4, 2024",1426,59.73
2025-03-28, -Y2Q97SKRM4,STORY TIME | ☀️🥲أول تسافيرة بوحدي,"Jun 4, 2024",1426,58.21
2025-03-29, -Y2Q97SKRM4,STORY TIME | ☀️🥲أول تسافيرة بوحدي,"Jun 4, 2024",1426,57.7
2025-03-30, -Y2Q97SKRM4,STORY TIME | ☀️🥲أول تسافيرة بوحدي,"Jun 4, 2024",1426,58.78
2025-03-31, -Y2Q97SKRM4,STORY TIME | ☀️🥲أول تسافيرة بوحدي,"Jun 4, 2024",1426,59.82
2025-04-01, -Y2Q97SKRM4,STORY TIME | ☀️🥲أول تسافيرة بوحدي,"Jun 4, 2024",1426,51.31
2025-04-02, -Y2Q97SKRM4,STORY TIME | ☀️🥲أول تسافيرة بوحدي,"Jun 4, 2024",1426,59.6
2025-04-03, -Y2Q97SKRM4,STORY TIME | ☀️🥲أول تسافيرة بوحدي,"Jun 4, 2024",1426,57.85
2025-04-04, -Y2Q97SKRM4,STORY TIME | ☀️🥲أول تسافيرة بوحدي,"Jun 4, 2024",1426,57.08
2025-04-05, -Y2Q97SKRM4,STORY TIME | ☀️🥲أول تسافيرة بوحدي,"Jun 4, 2024",1426,53.79
2025-04-06, -Y2Q97SKRM4,STORY TIME | ☀️🥲أول تسافيرة بوحدي,"Jun 4, 2024",1426,55.38
2025-04-07, -Y2Q97SKRM4,STORY TIME | ☀️🥲أول تسافيرة بوحدي,"Jun 4, 2024",1426,59.21
2025-04-08, -Y2Q97SKRM4,STORY TIME | ☀️🥲أول تسافيرة بوحدي,"Jun 4, 2024",1426,55.97
2025-04-09, -Y2Q97SKRM4,STORY TIME | ☀️🥲أول تسافيرة بوحدي,"Jun 4, 2024",1426,57.02
2025-04-10, -Y2Q97SKRM4,STORY TIME | ☀️🥲أول تسافيرة بوحدي,"Jun 4, 2024",1426,57.98
2025-04-11, -Y2Q97SKRM4,STORY TIME | ☀️🥲أول تسافيرة بوحدي,"Jun 4, 2024",1426,58.05
2025-04-12, -Y2Q97SKRM4,STORY TIME | ☀️🥲أول تسافيرة بوحدي,"Jun 4, 2024",1426,55.23
2025-04-13, -Y2Q97SKRM4,STORY TIME | ☀️🥲أول تسافيرة بوحدي,"Jun 4, 2024",1426,54.98
2025-04-14, -Y2Q97SKRM4,STORY TIME | ☀️🥲أول تسافيرة بوحدي,"Jun 4, 2024",1426,53.55
2025-04-15, -Y2Q97SKRM4,STORY TIME | ☀️🥲أول تسافيرة بوحدي,"Jun 4, 2024",1426,53.91
2025-04-16, -Y2Q97SKRM4,STORY TIME | ☀️🥲أول تسافيرة بوحدي,"Jun 4, 2024",1426,57.73
2025-04-17, -Y2Q97SKRM4,STORY TIME | ☀️🥲أول تسافيرة بوحدي,"Jun 4, 2024",1426,54.38
2025-04-18, -Y2Q97SKRM4,STORY TIME | ☀️🥲أول تسافيرة بوحدي,"Jun 4, 2024",1426,58.55
2025-04-19, -Y2Q97SKRM4,STORY TIME | ☀️🥲أول تسافيرة بوحدي,"Jun 4, 2024",1426,56.19
2025-04-20, -Y2Q97SKRM4,STORY TIME | ☀️🥲أول تسافيرة بوحدي,"Jun 4, 2024",1426,57.37
2025-04-21, -Y2Q97SKRM4,STORY TIME | ☀️🥲أول تسافيرة بوحدي,"Jun 4, 2024",1426,55.47
2025-04-22, -Y2Q97SKRM4,STORY TIME | ☀️🥲أول تسافيرة بوحدي,"Jun 4, 2024",1426,55.79
2025-04-23, -Y2Q97SKRM4,STORY TIME | ☀️🥲أول تسافيرة بوحدي,"Jun 4, 2024",1426,48.84
2025-04-24, -Y2Q97SKRM4,STORY TIME | ☀️🥲أول تسافيرة بوحدي,"Jun 4, 2024",1426,46.22
2025-04-25, -Y2Q97SKRM4,STORY TIME | ☀️🥲أول تسافيرة بوحدي,"Jun 4, 2024",1426,49.02
2025-04-26, -Y2Q97SKRM4,STORY TIME | ☀️🥲أول تسافيرة بوحدي,"Jun 4, 2024",1426,44.12
2025-04-27, -Y2Q97SKRM4,STORY TIME | ☀️🥲أول تسافيرة بوحدي,"Jun 4, 2024",1426,44.51
2025-04-28, -Y2Q97SKRM4,STORY TIME | ☀️🥲أول تسافيرة بوحدي,"Jun 4, 2024",1426,47.22
2025-04-29, -Y2Q97SKRM4,STORY TIME | ☀️🥲أول تسافيرة بوحدي,"Jun 4, 2024",1426,46.9
2025-04-30, -Y2Q97SKRM4,STORY TIME | ☀️🥲أول تسافيرة بوحدي,"Jun 4, 2024",1426,48.89
2025-05-01, -Y2Q97SKRM4,STORY TIME | ☀️🥲أول تسافيرة بوحدي,"Jun 4, 2024",1426,47.33
2025-05-02, -Y2Q97SKRM4,STORY TIME | ☀️🥲أول تسافيرة بوحدي,"Jun 4, 2024",1426,48.64
2025-05-03, -Y2Q97SKRM4,STORY TIME | ☀️🥲أول تسافيرة بوحدي,"Jun 4, 2024",1426,46.69
2025-05-04, -Y2Q97SKRM4,STORY TIME | ☀️🥲أول تسافيرة بوحدي,"Jun 4, 2024",1426,55.73
2025-05-05, -Y2Q97SKRM4,STORY TIME | ☀️🥲أول تسافيرة بوحدي,"Jun 4, 2024",1426,54.79
2025-05-06, -Y2Q97SKRM4,STORY TIME | ☀️🥲أول تسافيرة بوحدي,"Jun 4, 2024",1426,53.48
2025-05-07, -Y2Q97SKRM4,STORY TIME | ☀️🥲أول تسافيرة بوحدي,"Jun 4, 2024",1426,56.52
2025-05-08, -Y2Q97SKRM4,STORY TIME | ☀️🥲أول تسافيرة بوحدي,"Jun 4, 2024",1426,55.74
2025-05-09, -Y2Q97SKRM4,STORY TIME | ☀️🥲أول تسافيرة بوحدي,"Jun 4, 2024",1426,54.82
2025-05-10, -Y2Q97SKRM4,STORY TIME | ☀️🥲أول تسافيرة بوحدي,"Jun 4, 2024",1426,55.31
2025-05-11, -Y2Q97SKRM4,STORY TIME | ☀️🥲أول تسافيرة بوحدي,"Jun 4, 2024",1426,53
2025-05-12, -Y2Q97SKRM4,STORY TIME | ☀️🥲أول تسافيرة بوحدي,"Jun 4, 2024",1426,58.19
2025-05-13, -Y2Q97SKRM4,STORY TIME | ☀️🥲أول تسافيرة بوحدي,"Jun 4, 2024",1426,56.71
2025-05-14, -Y2Q97SKRM4,STORY TIME | ☀️🥲أول تسافيرة بوحدي,"Jun 4, 2024",1426,55
2025-05-15, -Y2Q97SKRM4,STORY TIME | ☀️🥲أول تسافيرة بوحدي,"Jun 4, 2024",1426,56.97
2025-05-16, -Y2Q97SKRM4,STORY TIME | ☀️🥲أول تسافيرة بوحدي,"Jun 4, 2024",1426,56.14
2025-05-17, -Y2Q97SKRM4,STORY TIME | ☀️🥲أول تسافيرة بوحدي,"Jun 4, 2024",1426,57.52
2025-05-18, -Y2Q97SKRM4,STORY TIME | ☀️🥲أول تسافيرة بوحدي,"Jun 4, 2024",1426,55.24
2025-05-19, -Y2Q97SKRM4,STORY TIME | ☀️🥲أول تسافيرة بوحدي,"Jun 4, 2024",1426,56.52
2025-05-20, -Y2Q97SKRM4,STORY TIME | ☀️🥲أول تسافيرة بوحدي,"Jun 4, 2024",1426,57.51
2025-05-21, -Y2Q97SKRM4,STORY TIME | ☀️🥲أول تسافيرة بوحدي,"Jun 4, 2024",1426,54.79
2025-05-22, -Y2Q97SKRM4,STORY TIME | ☀️🥲أول تسافيرة بوحدي,"Jun 4, 2024",1426,56.15
2025-05-23, -Y2Q97SKRM4,STORY TIME | ☀️🥲أول تسافيرة بوحدي,"Jun 4, 2024",1426,54.38
2025-05-24, -Y2Q97SKRM4,STORY TIME | ☀️🥲أول تسافيرة بوحدي,"Jun 4, 2024",1426,54.09
2025-05-25, -Y2Q97SKRM4,STORY TIME | ☀️🥲أول تسافيرة بوحدي,"Jun 4, 2024",1426,51.51
2025-05-26, -Y2Q97SKRM4,STORY TIME | ☀️🥲أول تسافيرة بوحدي,"Jun 4, 2024",1426,54.89
2025-05-27, -Y2Q97SKRM4,STORY TIME | ☀️🥲أول تسافيرة بوحدي,"Jun 4, 2024",1426,54.1
2025-05-28, -Y2Q97SKRM4,STORY TIME | ☀️🥲أول تسافيرة بوحدي,"Jun 4, 2024",1426,52.37
2025-05-29, -Y2Q97SKRM4,STORY TIME | ☀️🥲أول تسافيرة بوحدي,"Jun 4, 2024",1426,53.89
2025-05-30, -Y2Q97SKRM4,STORY TIME | ☀️🥲أول تسافيرة بوحدي,"Jun 4, 2024",1426,55.28
2025-05-31, -Y2Q97SKRM4,STORY TIME | ☀️🥲أول تسافيرة بوحدي,"Jun 4, 2024",1426,53.45
2025-06-01, -Y2Q97SKRM4,STORY TIME | ☀️🥲أول تسافيرة بوحدي,"Jun 4, 2024",1426,54.42
2025-06-02, -Y2Q97SKRM4,STORY TIME | ☀️🥲أول تسافيرة بوحدي,"Jun 4, 2024",1426,55.75
2025-06-03, -Y2Q97SKRM4,STORY TIME | ☀️🥲أول تسافيرة بوحدي,"Jun 4, 2024",1426,55.91
2025-06-04, -Y2Q97SKRM4,STORY TIME | ☀️🥲أول تسافيرة بوحدي,"Jun 4, 2024",1426,56.52
2025-06-05, -Y2Q97SKRM4,STORY TIME | ☀️🥲أول تسافيرة بوحدي,"Jun 4, 2024",1426,54.36
2025-06-06, -Y2Q97SKRM4,STORY TIME | ☀️🥲أول تسافيرة بوحدي,"Jun 4, 2024",1426,48.97
2025-06-07, -Y2Q97SKRM4,STORY TIME | ☀️🥲أول تسافيرة بوحدي,"Jun 4, 2024",1426,54.68
2025-06-08, -Y2Q97SKRM4,STORY TIME | ☀️🥲أول تسافيرة بوحدي,"Jun 4, 2024",1426,54.12
2025-06-09, -Y2Q97SKRM4,STORY TIME | ☀️🥲أول تسافيرة بوحدي,"Jun 4, 2024",1426,54.04
2025-06-10, -Y2Q97SKRM4,STORY TIME | ☀️🥲أول تسافيرة بوحدي,"Jun 4, 2024",1426,57.31
2025-06-11, -Y2Q97SKRM4,STORY TIME | ☀️🥲أول تسافيرة بوحدي,"Jun 4, 2024",1426,58.13
2025-06-12, -Y2Q97SKRM4,STORY TIME | ☀️🥲أول تسافيرة بوحدي,"Jun 4, 2024",1426,56.51
2025-06-13, -Y2Q97SKRM4,STORY TIME | ☀️🥲أول تسافيرة بوحدي,"Jun 4, 2024",1426,54.93
2025-06-14, -Y2Q97SKRM4,STORY TIME | ☀️🥲أول تسافيرة بوحدي,"Jun 4, 2024",1426,55.47
2025-06-15, -Y2Q97SKRM4,STORY TIME | ☀️🥲أول تسافيرة بوحدي,"Jun 4, 2024",1426,57.6
2025-06-16, -Y2Q97SKRM4,STORY TIME | ☀️🥲أول تسافيرة بوحدي,"Jun 4, 2024",1426,56.16
2025-06-17, -Y2Q97SKRM4,STORY TIME | ☀️🥲أول تسافيرة بوحدي,"Jun 4, 2024",1426,56.08
2025-06-18, -Y2Q97SKRM4,STORY TIME | ☀️🥲أول تسافيرة بوحدي,"Jun 4, 2024",1426,54.95
2025-06-19, -Y2Q97SKRM4,STORY TIME | ☀️🥲أول تسافيرة بوحدي,"Jun 4, 2024",1426,56.22
2025-06-20, -Y2Q97SKRM4,STORY TIME | ☀️🥲أول تسافيرة بوحدي,"Jun 4, 2024",1426,56.02
2025-06-21, -Y2Q97SKRM4,STORY TIME | ☀️🥲أول تسافيرة بوحدي,"Jun 4, 2024",1426,57.44
2025-06-22, -Y2Q97SKRM4,STORY TIME | ☀️🥲أول تسافيرة بوحدي,"Jun 4, 2024",1426,54.11
2025-06-23, -Y2Q97SKRM4,STORY TIME | ☀️🥲أول تسافيرة بوحدي,"Jun 4, 2024",1426,55.13
2025-06-24, -Y2Q97SKRM4,STORY TIME | ☀️🥲أول تسافيرة بوحدي,"Jun 4, 2024",1426,57.69
2025-06-25, -Y2Q97SKRM4,STORY TIME | ☀️🥲أول تسافيرة بوحدي,"Jun 4, 2024",1426,55.27
2025-06-26, -Y2Q97SKRM4,STORY TIME | ☀️🥲أول تسافيرة بوحدي,"Jun 4, 2024",1426,54.07
2025-06-27, -Y2Q97SKRM4,STORY TIME | ☀️🥲أول تسافيرة بوحدي,"Jun 4, 2024",1426,54.5
2025-06-28, -Y2Q97SKRM4,STORY TIME | ☀️🥲أول تسافيرة بوحدي,"Jun 4, 2024",1426,54.42
2025-06-29, -Y2Q97SKRM4,STORY TIME | ☀️🥲أول تسافيرة بوحدي,"Jun 4, 2024",1426,55.19
2025-06-30, -Y2Q97SKRM4,STORY TIME | ☀️🥲أول تسافيرة بوحدي,"Jun 4, 2024",1426,54.64
2025-07-01, -Y2Q97SKRM4,STORY TIME | ☀️🥲أول تسافيرة بوحدي,"Jun 4, 2024",1426,58.14
2025-07-02, -Y2Q97SKRM4,STORY TIME | ☀️🥲أول تسافيرة بوحدي,"Jun 4, 2024",1426,56.33
2025-07-03, -Y2Q97SKRM4,STORY TIME | ☀️🥲أول تسافيرة بوحدي,"Jun 4, 2024",1426,55.42
2025-07-04, -Y2Q97SKRM4,STORY TIME | ☀️🥲أول تسافيرة بوحدي,"Jun 4, 2024",1426,55.94
2025-07-05, -Y2Q97SKRM4,STORY TIME | ☀️🥲أول تسافيرة بوحدي,"Jun 4, 2024",1426,56.47
2025-07-06, -Y2Q97SKRM4,STORY TIME | ☀️🥲أول تسافيرة بوحدي,"Jun 4, 2024",1426,54.96
2025-07-07, -Y2Q97SKRM4,STORY TIME | ☀️🥲أول تسافيرة بوحدي,"Jun 4, 2024",1426,55.22
2025-07-08, -Y2Q97SKRM4,STORY TIME | ☀️🥲أول تسافيرة بوحدي,"Jun 4, 2024",1426,54.58
2025-07-09, -Y2Q97SKRM4,STORY TIME | ☀️🥲أول تسافيرة بوحدي,"Jun 4, 2024",1426,54.01
2025-07-10, -Y2Q97SKRM4,STORY TIME | ☀️🥲أول تسافيرة بوحدي,"Jun 4, 2024",1426,56.35
2025-07-11, -Y2Q97SKRM4,STORY TIME | ☀️🥲أول تسافيرة بوحدي,"Jun 4, 2024",1426,58.35
2025-07-12, -Y2Q97SKRM4,STORY TIME | ☀️🥲أول تسافيرة بوحدي,"Jun 4, 2024",1426,56.99
2025-07-13, -Y2Q97SKRM4,STORY TIME | ☀️🥲أول تسافيرة بوحدي,"Jun 4, 2024",1426,56.86
2025-07-14, -Y2Q97SKRM4,STORY TIME | ☀️🥲أول تسافيرة بوحدي,"Jun 4, 2024",1426,55.41
2025-07-15, -Y2Q97SKRM4,STORY TIME | ☀️🥲أول تسافيرة بوحدي,"Jun 4, 2024",1426,57.29
2025-07-16, -Y2Q97SKRM4,STORY TIME | ☀️🥲أول تسافيرة بوحدي,"Jun 4, 2024",1426,54.75
2025-07-17, -Y2Q97SKRM4,STORY TIME | ☀️🥲أول تسافيرة بوحدي,"Jun 4, 2024",1426,53.14
2025-07-18, -Y2Q97SKRM4,STORY TIME | ☀️🥲أول تسافيرة بوحدي,"Jun 4, 2024",1426,54.52
2025-07-19, -Y2Q97SKRM4,STORY TIME | ☀️🥲أول تسافيرة بوحدي,"Jun 4, 2024",1426,54.69
2025-07-20, -Y2Q97SKRM4,STORY TIME | ☀️🥲أول تسافيرة بوحدي,"Jun 4, 2024",1426,54.48
2025-07-21, -Y2Q97SKRM4,STORY TIME | ☀️🥲أول تسافيرة بوحدي,"Jun 4, 2024",1426,54.08
2025-07-22, -Y2Q97SKRM4,STORY TIME | ☀️🥲أول تسافيرة بوحدي,"Jun 4, 2024",1426,54.9
2025-07-23, -Y2Q97SKRM4,STORY TIME | ☀️🥲أول تسافيرة بوحدي,"Jun 4, 2024",1426,55.12
2025-07-24, -Y2Q97SKRM4,STORY TIME | ☀️🥲أول تسافيرة بوحدي,"Jun 4, 2024",1426,53.15
2025-07-25, -Y2Q97SKRM4,STORY TIME | ☀️🥲أول تسافيرة بوحدي,"Jun 4, 2024",1426,58.07
2025-07-26, -Y2Q97SKRM4,STORY TIME | ☀️🥲أول تسافيرة بوحدي,"Jun 4, 2024",1426,55.27
2025-07-27, -Y2Q97SKRM4,STORY TIME | ☀️🥲أول تسافيرة بوحدي,"Jun 4, 2024",1426,58.12
2025-07-28, -Y2Q97SKRM4,STORY TIME | ☀️🥲أول تسافيرة بوحدي,"Jun 4, 2024",1426,57.58
2025-07-29, -Y2Q97SKRM4,STORY TIME | ☀️🥲أول تسافيرة بوحدي,"Jun 4, 2024",1426,55.21
2025-07-30, -Y2Q97SKRM4,STORY TIME | ☀️🥲أول تسافيرة بوحدي,"Jun 4, 2024",1426,56.89
2025-07-31, -Y2Q97SKRM4,STORY TIME | ☀️🥲أول تسافيرة بوحدي,"Jun 4, 2024",1426,57.18
2025-08-01, -Y2Q97SKRM4,STORY TIME | ☀️🥲أول تسافيرة بوحدي,"Jun 4, 2024",1426,55.42
2025-08-02, -Y2Q97SKRM4,STORY TIME | ☀️🥲أول تسافيرة بوحدي,"Jun 4, 2024",1426,55.63
2025-08-03, -Y2Q97SKRM4,STORY TIME | ☀️🥲أول تسافيرة بوحدي,"Jun 4, 2024",1426,57.9
2025-08-04, -Y2Q97SKRM4,STORY TIME | ☀️🥲أول تسافيرة بوحدي,"Jun 4, 2024",1426,55.64
2025-08-05, -Y2Q97SKRM4,STORY TIME | ☀️🥲أول تسافيرة بوحدي,"Jun 4, 2024",1426,55.7
2025-08-06, -Y2Q97SKRM4,STORY TIME | ☀️🥲أول تسافيرة بوحدي,"Jun 4, 2024",1426,55.67
2025-08-07, -Y2Q97SKRM4,STORY TIME | ☀️🥲أول تسافيرة بوحدي,"Jun 4, 2024",1426,56.92
2025-08-08, -Y2Q97SKRM4,STORY TIME | ☀️🥲أول تسافيرة بوحدي,"Jun 4, 2024",1426,56.26
2025-08-09, -Y2Q97SKRM4,STORY TIME | ☀️🥲أول تسافيرة بوحدي,"Jun 4, 2024",1426,56.15
2025-08-10, -Y2Q97SKRM4,STORY TIME | ☀️🥲أول تسافيرة بوحدي,"Jun 4, 2024",1426,55.65
2025-08-11, -Y2Q97SKRM4,STORY TIME | ☀️🥲أول تسافيرة بوحدي,"Jun 4, 2024",1426,54.93
2025-08-12, -Y2Q97SKRM4,STORY TIME | ☀️🥲أول تسافيرة بوحدي,"Jun 4, 2024",1426,55.26
2025-08-13, -Y2Q97SKRM4,STORY TIME | ☀️🥲أول تسافيرة بوحدي,"Jun 4, 2024",1426,57.01
2025-08-14, -Y2Q97SKRM4,STORY TIME | ☀️🥲أول تسافيرة بوحدي,"Jun 4, 2024",1426,57.63
2025-08-15, -Y2Q97SKRM4,STORY TIME | ☀️🥲أول تسافيرة بوحدي,"Jun 4, 2024",1426,56.69
2025-08-16, -Y2Q97SKRM4,STORY TIME | ☀️🥲أول تسافيرة بوحدي,"Jun 4, 2024",1426,59.51
2025-08-17, -Y2Q97SKRM4,STORY TIME | ☀️🥲أول تسافيرة بوحدي,"Jun 4, 2024",1426,55.81
2025-08-18, -Y2Q97SKRM4,STORY TIME | ☀️🥲أول تسافيرة بوحدي,"Jun 4, 2024",1426,55.21
2025-08-19, -Y2Q97SKRM4,STORY TIME | ☀️🥲أول تسافيرة بوحدي,"Jun 4, 2024",1426,53.56
2025-08-20, -Y2Q97SKRM4,STORY TIME | ☀️🥲أول تسافيرة بوحدي,"Jun 4, 2024",1426,57.35
2025-08-21, -Y2Q97SKRM4,STORY TIME | ☀️🥲أول تسافيرة بوحدي,"Jun 4, 2024",1426,53.69
2025-08-22, -Y2Q97SKRM4,STORY TIME | ☀️🥲أول تسافيرة بوحدي,"Jun 4, 2024",1426,55.86
2025-08-23, -Y2Q97SKRM4,STORY TIME | ☀️🥲أول تسافيرة بوحدي,"Jun 4, 2024",1426,55.21
2025-08-24, -Y2Q97SKRM4,STORY TIME | ☀️🥲أول تسافيرة بوحدي,"Jun 4, 2024",1426,55.61
2025-08-25, -Y2Q97SKRM4,STORY TIME | ☀️🥲أول تسافيرة بوحدي,"Jun 4, 2024",1426,54.44
2025-08-26, -Y2Q97SKRM4,STORY TIME | ☀️🥲أول تسافيرة بوحدي,"Jun 4, 2024",1426,52.5
2025-08-27, -Y2Q97SKRM4,STORY TIME | ☀️🥲أول تسافيرة بوحدي,"Jun 4, 2024",1426,54.44
2025-08-28, -Y2Q97SKRM4,STORY TIME | ☀️🥲أول تسافيرة بوحدي,"Jun 4, 2024",1426,55.99
2025-08-29, -Y2Q97SKRM4,STORY TIME | ☀️🥲أول تسافيرة بوحدي,"Jun 4, 2024",1426,56.51
2025-08-30, -Y2Q97SKRM4,STORY TIME | ☀️🥲أول تسافيرة بوحدي,"Jun 4, 2024",1426,53.64
2025-08-31, -Y2Q97SKRM4,STORY TIME | ☀️🥲أول تسافيرة بوحدي,"Jun 4, 2024",1426,55.21
2025-09-01, -Y2Q97SKRM4,STORY TIME | ☀️🥲أول تسافيرة بوحدي,"Jun 4, 2024",1426,58.39
2025-09-02, -Y2Q97SKRM4,STORY TIME | ☀️🥲أول تسافيرة بوحدي,"Jun 4, 2024",1426,55.93
2025-09-03, -Y2Q97SKRM4,STORY TIME | ☀️🥲أول تسافيرة بوحدي,"Jun 4, 2024",1426,56.88
2025-09-04, -Y2Q97SKRM4,STORY TIME | ☀️🥲أول تسافيرة بوحدي,"Jun 4, 2024",1426,52.92
2025-09-05, -Y2Q97SKRM4,STORY TIME | ☀️🥲أول تسافيرة بوحدي,"Jun 4, 2024",1426,59.79
2025-09-06, -Y2Q97SKRM4,STORY TIME | ☀️🥲أول تسافيرة بوحدي,"Jun 4, 2024",1426,57.13
2025-09-07, -Y2Q97SKRM4,STORY TIME | ☀️🥲أول تسافيرة بوحدي,"Jun 4, 2024",1426,56.97
2025-09-08, -Y2Q97SKRM4,STORY TIME | ☀️🥲أول تسافيرة بوحدي,"Jun 4, 2024",1426,55.6
2025-09-09, -Y2Q97SKRM4,STORY TIME | ☀️🥲أول تسافيرة بوحدي,"Jun 4, 2024",1426,55.16
2025-09-10, -Y2Q97SKRM4,STORY TIME | ☀️🥲أول تسافيرة بوحدي,"Jun 4, 2024",1426,54.73
2025-09-11, -Y2Q97SKRM4,STORY TIME | ☀️🥲أول تسافيرة بوحدي,"Jun 4, 2024",1426,57.09
2025-09-12, -Y2Q97SKRM4,STORY TIME | ☀️🥲أول تسافيرة بوحدي,"Jun 4, 2024",1426,56.81
2025-09-13, -Y2Q97SKRM4,STORY TIME | ☀️🥲أول تسافيرة بوحدي,"Jun 4, 2024",1426,58.04
2025-09-14, -Y2Q97SKRM4,STORY TIME | ☀️🥲أول تسافيرة بوحدي,"Jun 4, 2024",1426,57.57
2025-09-15, -Y2Q97SKRM4,STORY TIME | ☀️🥲أول تسافيرة بوحدي,"Jun 4, 2024",1426,55.93
2025-09-16, -Y2Q97SKRM4,STORY TIME | ☀️🥲أول تسافيرة بوحدي,"Jun 4, 2024",1426,54.95
2025-09-17, -Y2Q97SKRM4,STORY TIME | ☀️🥲أول تسافيرة بوحدي,"Jun 4, 2024",1426,56.42
2025-09-18, -Y2Q97SKRM4,STORY TIME | ☀️🥲أول تسافيرة بوحدي,"Jun 4, 2024",1426,55.31
2025-09-19, -Y2Q97SKRM4,STORY TIME | ☀️🥲أول تسافيرة بوحدي,"Jun 4, 2024",1426,57.91
2025-09-20, -Y2Q97SKRM4,STORY TIME | ☀️🥲أول تسافيرة بوحدي,"Jun 4, 2024",1426,57.48
2025-09-21, -Y2Q97SKRM4,STORY TIME | ☀️🥲أول تسافيرة بوحدي,"Jun 4, 2024",1426,58.7
2025-09-22, -Y2Q97SKRM4,STORY TIME | ☀️🥲أول تسافيرة بوحدي,"Jun 4, 2024",1426,52.79
2025-09-23, -Y2Q97SKRM4,STORY TIME | ☀️🥲أول تسافيرة بوحدي,"Jun 4, 2024",1426,57.97
2025-09-24, -Y2Q97SKRM4,STORY TIME | ☀️🥲أول تسافيرة بوحدي,"Jun 4, 2024",1426,58
2025-09-25, -Y2Q97SKRM4,STORY TIME | ☀️🥲أول تسافيرة بوحدي,"Jun 4, 2024",1426,52.2
2025-09-26, -Y2Q97SKRM4,STORY TIME | ☀️🥲أول تسافيرة بوحدي,"Jun 4, 2024",1426,57.03
2025-09-27, -Y2Q97SKRM4,STORY TIME | ☀️🥲أول تسافيرة بوحدي,"Jun 4, 2024",1426,58.74
2025-09-28, -Y2Q97SKRM4,STORY TIME | ☀️🥲أول تسافيرة بوحدي,"Jun 4, 2024",1426,54.13
2025-09-29, -Y2Q97SKRM4,STORY TIME | ☀️🥲أول تسافيرة بوحدي,"Jun 4, 2024",1426,56.15
2025-09-30, -Y2Q97SKRM4,STORY TIME | ☀️🥲أول تسافيرة بوحدي,"Jun 4, 2024",1426,55.48
2025-10-01, -Y2Q97SKRM4,STORY TIME | ☀️🥲أول تسافيرة بوحدي,"Jun 4, 2024",1426,55.72
2025-10-02, -Y2Q97SKRM4,STORY TIME | ☀️🥲أول تسافيرة بوحدي,"Jun 4, 2024",1426,54.95
2025-10-03, -Y2Q97SKRM4,STORY TIME | ☀️🥲أول تسافيرة بوحدي,"Jun 4, 2024",1426,57.1
2025-10-04, -Y2Q97SKRM4,STORY TIME | ☀️🥲أول تسافيرة بوحدي,"Jun 4, 2024",1426,56.2
2025-10-05, -Y2Q97SKRM4,STORY TIME | ☀️🥲أول تسافيرة بوحدي,"Jun 4, 2024",1426,57.3
2025-10-06, -Y2Q97SKRM4,STORY TIME | ☀️🥲أول تسافيرة بوحدي,"Jun 4, 2024",1426,55.77
2025-10-07, -Y2Q97SKRM4,STORY TIME | ☀️🥲أول تسافيرة بوحدي,"Jun 4, 2024",1426,56.66
2025-10-08, -Y2Q97SKRM4,STORY TIME | ☀️🥲أول تسافيرة بوحدي,"Jun 4, 2024",1426,55.81
2025-10-09, -Y2Q97SKRM4,STORY TIME | ☀️🥲أول تسافيرة بوحدي,"Jun 4, 2024",1426,56.94
2025-10-10, -Y2Q97SKRM4,STORY TIME | ☀️🥲أول تسافيرة بوحدي,"Jun 4, 2024",1426,54.76
2025-10-11, -Y2Q97SKRM4,STORY TIME | ☀️🥲أول تسافيرة بوحدي,"Jun 4, 2024",1426,52.38
2025-10-12, -Y2Q97SKRM4,STORY TIME | ☀️🥲أول تسافيرة بوحدي,"Jun 4, 2024",1426,53.08
2025-10-13, -Y2Q97SKRM4,STORY TIME | ☀️🥲أول تسافيرة بوحدي,"Jun 4, 2024",1426,52.77
2025-10-14, -Y2Q97SKRM4,STORY TIME | ☀️🥲أول تسافيرة بوحدي,"Jun 4, 2024",1426,53.51
2025-10-15, -Y2Q97SKRM4,STORY TIME | ☀️🥲أول تسافيرة بوحدي,"Jun 4, 2024",1426,57.32
2025-10-16, -Y2Q97SKRM4,STORY TIME | ☀️🥲أول تسافيرة بوحدي,"Jun 4, 2024",1426,55.59
2025-10-17, -Y2Q97SKRM4,STORY TIME | ☀️🥲أول تسافيرة بوحدي,"Jun 4, 2024",1426,53.83
2025-10-18, -Y2Q97SKRM4,STORY TIME | ☀️🥲أول تسافيرة بوحدي,"Jun 4, 2024",1426,56.72
2025-10-19, -Y2Q97SKRM4,STORY TIME | ☀️🥲أول تسافيرة بوحدي,"Jun 4, 2024",1426,56.62
2025-10-20, -Y2Q97SKRM4,STORY TIME | ☀️🥲أول تسافيرة بوحدي,"Jun 4, 2024",1426,55.95
2025-10-21, -Y2Q97SKRM4,STORY TIME | ☀️🥲أول تسافيرة بوحدي,"Jun 4, 2024",1426,58.49
2025-10-22, -Y2Q97SKRM4,STORY TIME | ☀️🥲أول تسافيرة بوحدي,"Jun 4, 2024",1426,60.43
2025-10-23, -Y2Q97SKRM4,STORY TIME | ☀️🥲أول تسافيرة بوحدي,"Jun 4, 2024",1426,58.53
2025-10-24, -Y2Q97SKRM4,STORY TIME | ☀️🥲أول تسافيرة بوحدي,"Jun 4, 2024",1426,58.77
2025-10-25, -Y2Q97SKRM4,STORY TIME | ☀️🥲أول تسافيرة بوحدي,"Jun 4, 2024",1426,59.9
2025-10-26, -Y2Q97SKRM4,STORY TIME | ☀️🥲أول تسافيرة بوحدي,"Jun 4, 2024",1426,61.89
2025-10-27, -Y2Q97SKRM4,STORY TIME | ☀️🥲أول تسافيرة بوحدي,"Jun 4, 2024",1426,58.05
2025-10-28, -Y2Q97SKRM4,STORY TIME | ☀️🥲أول تسافيرة بوحدي,"Jun 4, 2024",1426,58.32
2025-10-29, -Y2Q97SKRM4,STORY TIME | ☀️🥲أول تسافيرة بوحدي,"Jun 4, 2024",1426,61.71
2025-10-30, -Y2Q97SKRM4,STORY TIME | ☀️🥲أول تسافيرة بوحدي,"Jun 4, 2024",1426,59.9
2025-10-31, -Y2Q97SKRM4,STORY TIME | ☀️🥲أول تسافيرة بوحدي,"Jun 4, 2024",1426,57.93
2025-11-01, -Y2Q97SKRM4,STORY TIME | ☀️🥲أول تسافيرة بوحدي,"Jun 4, 2024",1426,58.03
2025-11-02, -Y2Q97SKRM4,STORY TIME | ☀️🥲أول تسافيرة بوحدي,"Jun 4, 2024",1426,55.1
2025-11-03, -Y2Q97SKRM4,STORY TIME | ☀️🥲أول تسافيرة بوحدي,"Jun 4, 2024",1426,60.21
2025-11-04, -Y2Q97SKRM4,STORY TIME | ☀️🥲أول تسافيرة بوحدي,"Jun 4, 2024",1426,55.95
2025-11-05, -Y2Q97SKRM4,STORY TIME | ☀️🥲أول تسافيرة بوحدي,"Jun 4, 2024",1426,59.92
2025-11-06, -Y2Q97SKRM4,STORY TIME | ☀️🥲أول تسافيرة بوحدي,"Jun 4, 2024",1426,58.86
2025-11-07, -Y2Q97SKRM4,STORY TIME | ☀️🥲أول تسافيرة بوحدي,"Jun 4, 2024",1426,57
2025-11-08, -Y2Q97SKRM4,STORY TIME | ☀️🥲أول تسافيرة بوحدي,"Jun 4, 2024",1426,57.92
2025-11-09, -Y2Q97SKRM4,STORY TIME | ☀️🥲أول تسافيرة بوحدي,"Jun 4, 2024",1426,54.18
2025-11-10, -Y2Q97SKRM4,STORY TIME | ☀️🥲أول تسافيرة بوحدي,"Jun 4, 2024",1426,57.65
2025-11-11, -Y2Q97SKRM4,STORY TIME | ☀️🥲أول تسافيرة بوحدي,"Jun 4, 2024",1426,58.42
2025-11-12, -Y2Q97SKRM4,STORY TIME | ☀️🥲أول تسافيرة بوحدي,"Jun 4, 2024",1426,61.13
2025-11-13, -Y2Q97SKRM4,STORY TIME | ☀️🥲أول تسافيرة بوحدي,"Jun 4, 2024",1426,58.17
2025-11-14, -Y2Q97SKRM4,STORY TIME | ☀️🥲أول تسافيرة بوحدي,"Jun 4, 2024",1426,54.19
2025-11-15, -Y2Q97SKRM4,STORY TIME | ☀️🥲أول تسافيرة بوحدي,"Jun 4, 2024",1426,56.42
2025-11-16, -Y2Q97SKRM4,STORY TIME | ☀️🥲أول تسافيرة بوحدي,"Jun 4, 2024",1426,60.33
2025-11-17, -Y2Q97SKRM4,STORY TIME | ☀️🥲أول تسافيرة بوحدي,"Jun 4, 2024",1426,57.77
2025-11-18, -Y2Q97SKRM4,STORY TIME | ☀️🥲أول تسافيرة بوحدي,"Jun 4, 2024",1426,52.47
2025-11-19, -Y2Q97SKRM4,STORY TIME | ☀️🥲أول تسافيرة بوحدي,"Jun 4, 2024",1426,57.77
2025-11-20, -Y2Q97SKRM4,STORY TIME | ☀️🥲أول تسافيرة بوحدي,"Jun 4, 2024",1426,62.45
2025-11-21, -Y2Q97SKRM4,STORY TIME | ☀️🥲أول تسافيرة بوحدي,"Jun 4, 2024",1426,61.03
2025-11-22, -Y2Q97SKRM4,STORY TIME | ☀️🥲أول تسافيرة بوحدي,"Jun 4, 2024",1426,60.29
2025-11-23, -Y2Q97SKRM4,STORY TIME | ☀️🥲أول تسافيرة بوحدي,"Jun 4, 2024",1426,59.55
2025-11-24, -Y2Q97SKRM4,STORY TIME | ☀️🥲أول تسافيرة بوحدي,"Jun 4, 2024",1426,60.16
2025-11-25, -Y2Q97SKRM4,STORY TIME | ☀️🥲أول تسافيرة بوحدي,"Jun 4, 2024",1426,61.2
2025-11-26, -Y2Q97SKRM4,STORY TIME | ☀️🥲أول تسافيرة بوحدي,"Jun 4, 2024",1426,62.12
2025-11-27, -Y2Q97SKRM4,STORY TIME | ☀️🥲أول تسافيرة بوحدي,"Jun 4, 2024",1426,58.61
2025-11-28, -Y2Q97SKRM4,STORY TIME | ☀️🥲أول تسافيرة بوحدي,"Jun 4, 2024",1426,61.08
2025-11-29, -Y2Q97SKRM4,STORY TIME | ☀️🥲أول تسافيرة بوحدي,"Jun 4, 2024",1426,62.65
2025-11-30, -Y2Q97SKRM4,STORY TIME | ☀️🥲أول تسافيرة بوحدي,"Jun 4, 2024",1426,62.17
2025-12-01, -Y2Q97SKRM4,STORY TIME | ☀️🥲أول تسافيرة بوحدي,"Jun 4, 2024",1426,63.46
2025-12-02, -Y2Q97SKRM4,STORY TIME | ☀️🥲أول تسافيرة بوحدي,"Jun 4, 2024",1426,59.9
2025-12-03, -Y2Q97SKRM4,STORY TIME | ☀️🥲أول تسافيرة بوحدي,"Jun 4, 2024",1426,59.25
2025-12-04, -Y2Q97SKRM4,STORY TIME | ☀️🥲أول تسافيرة بوحدي,"Jun 4, 2024",1426,65.31
2025-12-05, -Y2Q97SKRM4,STORY TIME | ☀️🥲أول تسافيرة بوحدي,"Jun 4, 2024",1426,61.58
2025-12-06, -Y2Q97SKRM4,STORY TIME | ☀️🥲أول تسافيرة بوحدي,"Jun 4, 2024",1426,60.49
2025-12-07, -Y2Q97SKRM4,STORY TIME | ☀️🥲أول تسافيرة بوحدي,"Jun 4, 2024",1426,61.19
2025-12-08, -Y2Q97SKRM4,STORY TIME | ☀️🥲أول تسافيرة بوحدي,"Jun 4, 2024",1426,59.01
2025-12-09, -Y2Q97SKRM4,STORY TIME | ☀️🥲أول تسافيرة بوحدي,"Jun 4, 2024",1426,58.2
2025-12-10, -Y2Q97SKRM4,STORY TIME | ☀️🥲أول تسافيرة بوحدي,"Jun 4, 2024",1426,60.56
2025-12-11, -Y2Q97SKRM4,STORY TIME | ☀️🥲أول تسافيرة بوحدي,"Jun 4, 2024",1426,59.09
2025-12-12, -Y2Q97SKRM4,STORY TIME | ☀️🥲أول تسافيرة بوحدي,"Jun 4, 2024",1426,58.89
2025-12-13, -Y2Q97SKRM4,STORY TIME | ☀️🥲أول تسافيرة بوحدي,"Jun 4, 2024",1426,60.26
2025-12-14, -Y2Q97SKRM4,STORY TIME | ☀️🥲أول تسافيرة بوحدي,"Jun 4, 2024",1426,55.73
2025-12-15, -Y2Q97SKRM4,STORY TIME | ☀️🥲أول تسافيرة بوحدي,"Jun 4, 2024",1426,62.54
2025-12-16, -Y2Q97SKRM4,STORY TIME | ☀️🥲أول تسافيرة بوحدي,"Jun 4, 2024",1426,63.65
2025-12-17, -Y2Q97SKRM4,STORY TIME | ☀️🥲أول تسافيرة بوحدي,"Jun 4, 2024",1426,62.5
2025-12-18, -Y2Q97SKRM4,STORY TIME | ☀️🥲أول تسافيرة بوحدي,"Jun 4, 2024",1426,62.82
2025-12-19, -Y2Q97SKRM4,STORY TIME | ☀️🥲أول تسافيرة بوحدي,"Jun 4, 2024",1426,63.8
2025-12-20, -Y2Q97SKRM4,STORY TIME | ☀️🥲أول تسافيرة بوحدي,"Jun 4, 2024",1426,66.68
2025-12-21, -Y2Q97SKRM4,STORY TIME | ☀️🥲أول تسافيرة بوحدي,"Jun 4, 2024",1426,54.98
2025-12-22, -Y2Q97SKRM4,STORY TIME | ☀️🥲أول تسافيرة بوحدي,"Jun 4, 2024",1426,60.94
2025-12-23, -Y2Q97SKRM4,STORY TIME | ☀️🥲أول تسافيرة بوحدي,"Jun 4, 2024",1426,60.59
2025-12-24, -Y2Q97SKRM4,STORY TIME | ☀️🥲أول تسافيرة بوحدي,"Jun 4, 2024",1426,59.38
2025-12-25, -Y2Q97SKRM4,STORY TIME | ☀️🥲أول تسافيرة بوحدي,"Jun 4, 2024",1426,56.09
2025-12-26, -Y2Q97SKRM4,STORY TIME | ☀️🥲أول تسافيرة بوحدي,"Jun 4, 2024",1426,56.1
2025-12-27, -Y2Q97SKRM4,STORY TIME | ☀️🥲أول تسافيرة بوحدي,"Jun 4, 2024",1426,57.56
2025-12-28, -Y2Q97SKRM4,STORY TIME | ☀️🥲أول تسافيرة بوحدي,"Jun 4, 2024",1426,57.86
2025-12-29, -Y2Q97SKRM4,STORY TIME | ☀️🥲أول تسافيرة بوحدي,"Jun 4, 2024",1426,58.2
2025-12-30, -Y2Q97SKRM4,STORY TIME | ☀️🥲أول تسافيرة بوحدي,"Jun 4, 2024",1426,59.6
2025-12-31, -Y2Q97SKRM4,STORY TIME | ☀️🥲أول تسافيرة بوحدي,"Jun 4, 2024",1426,57.07
2026-01-01, -Y2Q97SKRM4,STORY TIME | ☀️🥲أول تسافيرة بوحدي,"Jun 4, 2024",1426,54.13
2026-01-02, -Y2Q97SKRM4,STORY TIME | ☀️🥲أول تسافيرة بوحدي,"Jun 4, 2024",1426,54.52
2026-01-03, -Y2Q97SKRM4,STORY TIME | ☀️🥲أول تسافيرة بوحدي,"Jun 4, 2024",1426,55.79
2026-01-04, -Y2Q97SKRM4,STORY TIME | ☀️🥲أول تسافيرة بوحدي,"Jun 4, 2024",1426,55.29
2026-01-05, -Y2Q97SKRM4,STORY TIME | ☀️🥲أول تسافيرة بوحدي,"Jun 4, 2024",1426,57.07
2026-01-06, -Y2Q97SKRM4,STORY TIME | ☀️🥲أول تسافيرة بوحدي,"Jun 4, 2024",1426,56.15
2026-01-07, -Y2Q97SKRM4,STORY TIME | ☀️🥲أول تسافيرة بوحدي,"Jun 4, 2024",1426,57.91
2026-01-08, -Y2Q97SKRM4,STORY TIME | ☀️🥲أول تسافيرة بوحدي,"Jun 4, 2024",1426,59.1
2026-01-09, -Y2Q97SKRM4,STORY TIME | ☀️🥲أول تسافيرة بوحدي,"Jun 4, 2024",1426,59.93
2026-01-10, -Y2Q97SKRM4,STORY TIME | ☀️🥲أول تسافيرة بوحدي,"Jun 4, 2024",1426,56.42
2026-01-11, -Y2Q97SKRM4,STORY TIME | ☀️🥲أول تسافيرة بوحدي,"Jun 4, 2024",1426,59.73
2026-01-12, -Y2Q97SKRM4,STORY TIME | ☀️🥲أول تسافيرة بوحدي,"Jun 4, 2024",1426,61.66
2026-01-13, -Y2Q97SKRM4,STORY TIME | ☀️🥲أول تسافيرة بوحدي,"Jun 4, 2024",1426,58.9
2026-01-14, -Y2Q97SKRM4,STORY TIME | ☀️🥲أول تسافيرة بوحدي,"Jun 4, 2024",1426,56.76
2026-01-15, -Y2Q97SKRM4,STORY TIME | ☀️🥲أول تسافيرة بوحدي,"Jun 4, 2024",1426,57.3
2026-01-16, -Y2Q97SKRM4,STORY TIME | ☀️🥲أول تسافيرة بوحدي,"Jun 4, 2024",1426,59.84
2026-01-17, -Y2Q97SKRM4,STORY TIME | ☀️🥲أول تسافيرة بوحدي,"Jun 4, 2024",1426,59.91
2026-01-18, -Y2Q97SKRM4,STORY TIME | ☀️🥲أول تسافيرة بوحدي,"Jun 4, 2024",1426,55.99
2026-01-19, -Y2Q97SKRM4,STORY TIME | ☀️🥲أول تسافيرة بوحدي,"Jun 4, 2024",1426,58.77
2026-01-20, -Y2Q97SKRM4,STORY TIME | ☀️🥲أول تسافيرة بوحدي,"Jun 4, 2024",1426,58.5
2026-01-21, -Y2Q97SKRM4,STORY TIME | ☀️🥲أول تسافيرة بوحدي,"Jun 4, 2024",1426,61.44
2026-01-22, -Y2Q97SKRM4,STORY TIME | ☀️🥲أول تسافيرة بوحدي,"Jun 4, 2024",1426,57.01
2026-01-23, -Y2Q97SKRM4,STORY TIME | ☀️🥲أول تسافيرة بوحدي,"Jun 4, 2024",1426,57.08
2026-01-24, -Y2Q97SKRM4,STORY TIME | ☀️🥲أول تسافيرة بوحدي,"Jun 4, 2024",1426,59.53
2026-01-25, -Y2Q97SKRM4,STORY TIME | ☀️🥲أول تسافيرة بوحدي,"Jun 4, 2024",1426,59.01
2026-01-26, -Y2Q97SKRM4,STORY TIME | ☀️🥲أول تسافيرة بوحدي,"Jun 4, 2024",1426,58.5
2026-01-27, -Y2Q97SKRM4,STORY TIME | ☀️🥲أول تسافيرة بوحدي,"Jun 4, 2024",1426,59.34
2026-01-28, -Y2Q97SKRM4,STORY TIME | ☀️🥲أول تسافيرة بوحدي,"Jun 4, 2024",1426,58.24
2026-01-29, -Y2Q97SKRM4,STORY TIME | ☀️🥲أول تسافيرة بوحدي,"Jun 4, 2024",1426,56.46
2026-01-30, -Y2Q97SKRM4,STORY TIME | ☀️🥲أول تسافيرة بوحدي,"Jun 4, 2024",1426,56.23
2026-01-31, -Y2Q97SKRM4,STORY TIME | ☀️🥲أول تسافيرة بوحدي,"Jun 4, 2024",1426,56.61
2026-02-01, -Y2Q97SKRM4,STORY TIME | ☀️🥲أول تسافيرة بوحدي,"Jun 4, 2024",1426,63.58
2026-02-02, -Y2Q97SKRM4,STORY TIME | ☀️🥲أول تسافيرة بوحدي,"Jun 4, 2024",1426,65.51
2026-02-03, -Y2Q97SKRM4,STORY TIME | ☀️🥲أول تسافيرة بوحدي,"Jun 4, 2024",1426,60.6
2026-02-04, -Y2Q97SKRM4,STORY TIME | ☀️🥲أول تسافيرة بوحدي,"Jun 4, 2024",1426,62.72
2026-02-05, -Y2Q97SKRM4,STORY TIME | ☀️🥲أول تسافيرة بوحدي,"Jun 4, 2024",1426,62.84
2026-02-06, -Y2Q97SKRM4,STORY TIME | ☀️🥲أول تسافيرة بوحدي,"Jun 4, 2024",1426,61.42
2026-02-07, -Y2Q97SKRM4,STORY TIME | ☀️🥲أول تسافيرة بوحدي,"Jun 4, 2024",1426,63.95
2026-02-08, -Y2Q97SKRM4,STORY TIME | ☀️🥲أول تسافيرة بوحدي,"Jun 4, 2024",1426,62.47
2026-02-09, -Y2Q97SKRM4,STORY TIME | ☀️🥲أول تسافيرة بوحدي,"Jun 4, 2024",1426,53.3
2026-02-10, -Y2Q97SKRM4,STORY TIME | ☀️🥲أول تسافيرة بوحدي,"Jun 4, 2024",1426,58.99
2026-02-11, -Y2Q97SKRM4,STORY TIME | ☀️🥲أول تسافيرة بوحدي,"Jun 4, 2024",1426,62.95
2026-02-12, -Y2Q97SKRM4,STORY TIME | ☀️🥲أول تسافيرة بوحدي,"Jun 4, 2024",1426,60.8
2026-02-13, -Y2Q97SKRM4,STORY TIME | ☀️🥲أول تسافيرة بوحدي,"Jun 4, 2024",1426,62.84
2026-02-14, -Y2Q97SKRM4,STORY TIME | ☀️🥲أول تسافيرة بوحدي,"Jun 4, 2024",1426,64.36
2026-02-15, -Y2Q97SKRM4,STORY TIME | ☀️🥲أول تسافيرة بوحدي,"Jun 4, 2024",1426,64.02
2026-02-16, -Y2Q97SKRM4,STORY TIME | ☀️🥲أول تسافيرة بوحدي,"Jun 4, 2024",1426,64.17
2026-02-17, -Y2Q97SKRM4,STORY TIME | ☀️🥲أول تسافيرة بوحدي,"Jun 4, 2024",1426,62.71
2026-02-18, -Y2Q97SKRM4,STORY TIME | ☀️🥲أول تسافيرة بوحدي,"Jun 4, 2024",1426,60.46
2026-02-19, -Y2Q97SKRM4,STORY TIME | ☀️🥲أول تسافيرة بوحدي,"Jun 4, 2024",1426,59.11
2026-02-20, -Y2Q97SKRM4,STORY TIME | ☀️🥲أول تسافيرة بوحدي,"Jun 4, 2024",1426,57.87
2026-02-21, -Y2Q97SKRM4,STORY TIME | ☀️🥲أول تسافيرة بوحدي,"Jun 4, 2024",1426,60.17
2026-02-22, -Y2Q97SKRM4,STORY TIME | ☀️🥲أول تسافيرة بوحدي,"Jun 4, 2024",1426,59.3
2026-02-23, -Y2Q97SKRM4,STORY TIME | ☀️🥲أول تسافيرة بوحدي,"Jun 4, 2024",1426,59.78
2026-02-24, -Y2Q97SKRM4,STORY TIME | ☀️🥲أول تسافيرة بوحدي,"Jun 4, 2024",1426,61.34
2026-02-25, -Y2Q97SKRM4,STORY TIME | ☀️🥲أول تسافيرة بوحدي,"Jun 4, 2024",1426,58.49
2026-02-26, -Y2Q97SKRM4,STORY TIME | ☀️🥲أول تسافيرة بوحدي,"Jun 4, 2024",1426,61.61
2026-02-27, -Y2Q97SKRM4,STORY TIME | ☀️🥲أول تسافيرة بوحدي,"Jun 4, 2024",1426,56.94
2026-02-28, -Y2Q97SKRM4,STORY TIME | ☀️🥲أول تسافيرة بوحدي,"Jun 4, 2024",1426,57.45
2026-03-01, -Y2Q97SKRM4,STORY TIME | ☀️🥲أول تسافيرة بوحدي,"Jun 4, 2024",1426,57.72
2026-03-02, -Y2Q97SKRM4,STORY TIME | ☀️🥲أول تسافيرة بوحدي,"Jun 4, 2024",1426,61.81
2026-03-03, -Y2Q97SKRM4,STORY TIME | ☀️🥲أول تسافيرة بوحدي,"Jun 4, 2024",1426,63.44
2026-03-04, -Y2Q97SKRM4,STORY TIME | ☀️🥲أول تسافيرة بوحدي,"Jun 4, 2024",1426,61.34
2026-03-05, -Y2Q97SKRM4,STORY TIME | ☀️🥲أول تسافيرة بوحدي,"Jun 4, 2024",1426,58.49
2026-03-06, -Y2Q97SKRM4,STORY TIME | ☀️🥲أول تسافيرة بوحدي,"Jun 4, 2024",1426,62.36
2026-03-07, -Y2Q97SKRM4,STORY TIME | ☀️🥲أول تسافيرة بوحدي,"Jun 4, 2024",1426,61.79
2026-03-08, -Y2Q97SKRM4,STORY TIME | ☀️🥲أول تسافيرة بوحدي,"Jun 4, 2024",1426,63.63
2026-03-09, -Y2Q97SKRM4,STORY TIME | ☀️🥲أول تسافيرة بوحدي,"Jun 4, 2024",1426,60.15
2026-03-10, -Y2Q97SKRM4,STORY TIME | ☀️🥲أول تسافيرة بوحدي,"Jun 4, 2024",1426,61.59
2026-03-11, -Y2Q97SKRM4,STORY TIME | ☀️🥲أول تسافيرة بوحدي,"Jun 4, 2024",1426,61.96
2026-03-12, -Y2Q97SKRM4,STORY TIME | ☀️🥲أول تسافيرة بوحدي,"Jun 4, 2024",1426,58.12
2026-03-13, -Y2Q97SKRM4,STORY TIME | ☀️🥲أول تسافيرة بوحدي,"Jun 4, 2024",1426,57.84
2026-03-14, -Y2Q97SKRM4,STORY TIME | ☀️🥲أول تسافيرة بوحدي,"Jun 4, 2024",1426,58.27
2026-03-15, -Y2Q97SKRM4,STORY TIME | ☀️🥲أول تسافيرة بوحدي,"Jun 4, 2024",1426,59.8
2026-03-16, -Y2Q97SKRM4,STORY TIME | ☀️🥲أول تسافيرة بوحدي,"Jun 4, 2024",1426,57.43
2026-03-17, -Y2Q97SKRM4,STORY TIME | ☀️🥲أول تسافيرة بوحدي,"Jun 4, 2024",1426,55.72
2026-03-18, -Y2Q97SKRM4,STORY TIME | ☀️🥲أول تسافيرة بوحدي,"Jun 4, 2024",1426,59.96
2026-03-19, -Y2Q97SKRM4,STORY TIME | ☀️🥲أول تسافيرة بوحدي,"Jun 4, 2024",1426,58.74
2026-03-20, -Y2Q97SKRM4,STORY TIME | ☀️🥲أول تسافيرة بوحدي,"Jun 4, 2024",1426,59.62
2026-03-21, -Y2Q97SKRM4,STORY TIME | ☀️🥲أول تسافيرة بوحدي,"Jun 4, 2024",1426,60.4
2026-03-22, -Y2Q97SKRM4,STORY TIME | ☀️🥲أول تسافيرة بوحدي,"Jun 4, 2024",1426,59.18
2026-03-23, -Y2Q97SKRM4,STORY TIME | ☀️🥲أول تسافيرة بوحدي,"Jun 4, 2024",1426,57.65
2026-03-24, -Y2Q97SKRM4,STORY TIME | ☀️🥲أول تسافيرة بوحدي,"Jun 4, 2024",1426,61.16
2026-03-25, -Y2Q97SKRM4,STORY TIME | ☀️🥲أول تسافيرة بوحدي,"Jun 4, 2024",1426,58.23
2026-03-26, -Y2Q97SKRM4,STORY TIME | ☀️🥲أول تسافيرة بوحدي,"Jun 4, 2024",1426,63.93
2026-03-27, -Y2Q97SKRM4,STORY TIME | ☀️🥲أول تسافيرة بوحدي,"Jun 4, 2024",1426,58.61
2026-03-28, -Y2Q97SKRM4,STORY TIME | ☀️🥲أول تسافيرة بوحدي,"Jun 4, 2024",1426,58.12
2026-03-29, -Y2Q97SKRM4,STORY TIME | ☀️🥲أول تسافيرة بوحدي,"Jun 4, 2024",1426,55.96
2026-03-30, -Y2Q97SKRM4,STORY TIME | ☀️🥲أول تسافيرة بوحدي,"Jun 4, 2024",1426,57.89
2026-03-31, -Y2Q97SKRM4,STORY TIME | ☀️🥲أول تسافيرة بوحدي,"Jun 4, 2024",1426,54.71
2026-04-01, -Y2Q97SKRM4,STORY TIME | ☀️🥲أول تسافيرة بوحدي,"Jun 4, 2024",1426,57.43
2026-04-02, -Y2Q97SKRM4,STORY TIME | ☀️🥲أول تسافيرة بوحدي,"Jun 4, 2024",1426,57.28
2026-04-03, -Y2Q97SKRM4,STORY TIME | ☀️🥲أول تسافيرة بوحدي,"Jun 4, 2024",1426,56.81
2026-04-04, -Y2Q97SKRM4,STORY TIME | ☀️🥲أول تسافيرة بوحدي,"Jun 4, 2024",1426,57.23
2026-04-05, -Y2Q97SKRM4,STORY TIME | ☀️🥲أول تسافيرة بوحدي,"Jun 4, 2024",1426,58.27
2026-04-06, -Y2Q97SKRM4,STORY TIME | ☀️🥲أول تسافيرة بوحدي,"Jun 4, 2024",1426,57.73
2026-04-07, -Y2Q97SKRM4,STORY TIME | ☀️🥲أول تسافيرة بوحدي,"Jun 4, 2024",1426,60.15
2026-04-08, -Y2Q97SKRM4,STORY TIME | ☀️🥲أول تسافيرة بوحدي,"Jun 4, 2024",1426,54.99
2026-04-09, -Y2Q97SKRM4,STORY TIME | ☀️🥲أول تسافيرة بوحدي,"Jun 4, 2024",1426,59.3
2026-04-10, -Y2Q97SKRM4,STORY TIME | ☀️🥲أول تسافيرة بوحدي,"Jun 4, 2024",1426,52.91
2026-04-11, -Y2Q97SKRM4,STORY TIME | ☀️🥲أول تسافيرة بوحدي,"Jun 4, 2024",1426,56.27
2026-04-12, -Y2Q97SKRM4,STORY TIME | ☀️🥲أول تسافيرة بوحدي,"Jun 4, 2024",1426,54.28
2026-04-13, -Y2Q97SKRM4,STORY TIME | ☀️🥲أول تسافيرة بوحدي,"Jun 4, 2024",1426,54.33
2026-04-14, -Y2Q97SKRM4,STORY TIME | ☀️🥲أول تسافيرة بوحدي,"Jun 4, 2024",1426,57.79
2026-04-15, -Y2Q97SKRM4,STORY TIME | ☀️🥲أول تسافيرة بوحدي,"Jun 4, 2024",1426,49.62
2026-04-16, -Y2Q97SKRM4,STORY TIME | ☀️🥲أول تسافيرة بوحدي,"Jun 4, 2024",1426,56.46
2026-04-17, -Y2Q97SKRM4,STORY TIME | ☀️🥲أول تسافيرة بوحدي,"Jun 4, 2024",1426,54.9
2026-04-18, -Y2Q97SKRM4,STORY TIME | ☀️🥲أول تسافيرة بوحدي,"Jun 4, 2024",1426,56.17
2026-04-19, -Y2Q97SKRM4,STORY TIME | ☀️🥲أول تسافيرة بوحدي,"Jun 4, 2024",1426,53.1
2026-04-20, -Y2Q97SKRM4,STORY TIME | ☀️🥲أول تسافيرة بوحدي,"Jun 4, 2024",1426,54.97
2026-04-21, -Y2Q97SKRM4,STORY TIME | ☀️🥲أول تسافيرة بوحدي,"Jun 4, 2024",1426,55.93
2026-04-22, -Y2Q97SKRM4,STORY TIME | ☀️🥲أول تسافيرة بوحدي,"Jun 4, 2024",1426,56.5
2026-04-23, -Y2Q97SKRM4,STORY TIME | ☀️🥲أول تسافيرة بوحدي,"Jun 4, 2024",1426,51.13
2019-03-27,5vpdRnnWuIM,2  3AM MAJIT LMEGHRIB,"Jan 12, 2020",505,0
2019-03-28,5vpdRnnWuIM,2  3AM MAJIT LMEGHRIB,"Jan 12, 2020",505,0
2019-03-29,5vpdRnnWuIM,2  3AM MAJIT LMEGHRIB,"Jan 12, 2020",505,0
2019-03-30,5vpdRnnWuIM,2  3AM MAJIT LMEGHRIB,"Jan 12, 2020",505,0
2019-03-31,5vpdRnnWuIM,2  3AM MAJIT LMEGHRIB,"Jan 12, 2020",505,0
2019-04-01,5vpdRnnWuIM,2  3AM MAJIT LMEGHRIB,"Jan 12, 2020",505,0
2019-04-02,5vpdRnnWuIM,2  3AM MAJIT LMEGHRIB,"Jan 12, 2020",505,0
2019-04-03,5vpdRnnWuIM,2  3AM MAJIT LMEGHRIB,"Jan 12, 2020",505,0
2019-04-04,5vpdRnnWuIM,2  3AM MAJIT LMEGHRIB,"Jan 12, 2020",505,0
2019-04-05,5vpdRnnWuIM,2  3AM MAJIT LMEGHRIB,"Jan 12, 2020",505,0
2019-04-06,5vpdRnnWuIM,2  3AM MAJIT LMEGHRIB,"Jan 12, 2020",505,0
2019-04-07,5vpdRnnWuIM,2  3AM MAJIT LMEGHRIB,"Jan 12, 2020",505,0
2019-04-08,5vpdRnnWuIM,2  3AM MAJIT LMEGHRIB,"Jan 12, 2020",505,0
2019-04-09,5vpdRnnWuIM,2  3AM MAJIT LMEGHRIB,"Jan 12, 2020",505,0
2019-04-10,5vpdRnnWuIM,2  3AM MAJIT LMEGHRIB,"Jan 12, 2020",505,0
2019-04-11,5vpdRnnWuIM,2  3AM MAJIT LMEGHRIB,"Jan 12, 2020",505,0
2019-04-12,5vpdRnnWuIM,2  3AM MAJIT LMEGHRIB,"Jan 12, 2020",505,0
2019-04-13,5vpdRnnWuIM,2  3AM MAJIT LMEGHRIB,"Jan 12, 2020",505,0
2019-04-14,5vpdRnnWuIM,2  3AM MAJIT LMEGHRIB,"Jan 12, 2020",505,0
2019-04-15,5vpdRnnWuIM,2  3AM MAJIT LMEGHRIB,"Jan 12, 2020",505,0
2019-04-16,5vpdRnnWuIM,2  3AM MAJIT LMEGHRIB,"Jan 12, 2020",505,0
2019-04-17,5vpdRnnWuIM,2  3AM MAJIT LMEGHRIB,"Jan 12, 2020",505,0
2019-04-18,5vpdRnnWuIM,2  3AM MAJIT LMEGHRIB,"Jan 12, 2020",505,0
2019-04-19,5vpdRnnWuIM,2  3AM MAJIT LMEGHRIB,"Jan 12, 2020",505,0
2019-04-20,5vpdRnnWuIM,2  3AM MAJIT LMEGHRIB,"Jan 12, 2020",505,0
2019-04-21,5vpdRnnWuIM,2  3AM MAJIT LMEGHRIB,"Jan 12, 2020",505,0
2019-04-22,5vpdRnnWuIM,2  3AM MAJIT LMEGHRIB,"Jan 12, 2020",505,0
2019-04-23,5vpdRnnWuIM,2  3AM MAJIT LMEGHRIB,"Jan 12, 2020",505,0
2019-04-24,5vpdRnnWuIM,2  3AM MAJIT LMEGHRIB,"Jan 12, 2020",505,0
2019-04-25,5vpdRnnWuIM,2  3AM MAJIT LMEGHRIB,"Jan 12, 2020",505,0
2019-04-26,5vpdRnnWuIM,2  3AM MAJIT LMEGHRIB,"Jan 12, 2020",505,0
2019-04-27,5vpdRnnWuIM,2  3AM MAJIT LMEGHRIB,"Jan 12, 2020",505,0
2019-04-28,5vpdRnnWuIM,2  3AM MAJIT LMEGHRIB,"Jan 12, 2020",505,0
2019-04-29,5vpdRnnWuIM,2  3AM MAJIT LMEGHRIB,"Jan 12, 2020",505,0
2019-04-30,5vpdRnnWuIM,2  3AM MAJIT LMEGHRIB,"Jan 12, 2020",505,0
2019-05-01,5vpdRnnWuIM,2  3AM MAJIT LMEGHRIB,"Jan 12, 2020",505,0
2019-05-02,5vpdRnnWuIM,2  3AM MAJIT LMEGHRIB,"Jan 12, 2020",505,0
2019-05-03,5vpdRnnWuIM,2  3AM MAJIT LMEGHRIB,"Jan 12, 2020",505,0
2019-05-04,5vpdRnnWuIM,2  3AM MAJIT LMEGHRIB,"Jan 12, 2020",505,0
2019-05-05,5vpdRnnWuIM,2  3AM MAJIT LMEGHRIB,"Jan 12, 2020",505,0
2019-05-06,5vpdRnnWuIM,2  3AM MAJIT LMEGHRIB,"Jan 12, 2020",505,0
2019-05-07,5vpdRnnWuIM,2  3AM MAJIT LMEGHRIB,"Jan 12, 2020",505,0
2019-05-08,5vpdRnnWuIM,2  3AM MAJIT LMEGHRIB,"Jan 12, 2020",505,0
2019-05-09,5vpdRnnWuIM,2  3AM MAJIT LMEGHRIB,"Jan 12, 2020",505,0
2019-05-10,5vpdRnnWuIM,2  3AM MAJIT LMEGHRIB,"Jan 12, 2020",505,0
2019-05-11,5vpdRnnWuIM,2  3AM MAJIT LMEGHRIB,"Jan 12, 2020",505,0
2019-05-12,5vpdRnnWuIM,2  3AM MAJIT LMEGHRIB,"Jan 12, 2020",505,0
2019-05-13,5vpdRnnWuIM,2  3AM MAJIT LMEGHRIB,"Jan 12, 2020",505,0
2019-05-14,5vpdRnnWuIM,2  3AM MAJIT LMEGHRIB,"Jan 12, 2020",505,0
2019-05-15,5vpdRnnWuIM,2  3AM MAJIT LMEGHRIB,"Jan 12, 2020",505,0
2019-05-16,5vpdRnnWuIM,2  3AM MAJIT LMEGHRIB,"Jan 12, 2020",505,0
2019-05-17,5vpdRnnWuIM,2  3AM MAJIT LMEGHRIB,"Jan 12, 2020",505,0
2019-05-18,5vpdRnnWuIM,2  3AM MAJIT LMEGHRIB,"Jan 12, 2020",505,0
2019-05-19,5vpdRnnWuIM,2  3AM MAJIT LMEGHRIB,"Jan 12, 2020",505,0
2019-05-20,5vpdRnnWuIM,2  3AM MAJIT LMEGHRIB,"Jan 12, 2020",505,0
2019-05-21,5vpdRnnWuIM,2  3AM MAJIT LMEGHRIB,"Jan 12, 2020",505,0
2019-05-22,5vpdRnnWuIM,2  3AM MAJIT LMEGHRIB,"Jan 12, 2020",505,0
2019-05-23,5vpdRnnWuIM,2  3AM MAJIT LMEGHRIB,"Jan 12, 2020",505,0
2019-05-24,5vpdRnnWuIM,2  3AM MAJIT LMEGHRIB,"Jan 12, 2020",505,0
2019-05-25,5vpdRnnWuIM,2  3AM MAJIT LMEGHRIB,"Jan 12, 2020",505,0
2019-05-26,5vpdRnnWuIM,2  3AM MAJIT LMEGHRIB,"Jan 12, 2020",505,0
2019-05-27,5vpdRnnWuIM,2  3AM MAJIT LMEGHRIB,"Jan 12, 2020",505,0
2019-05-28,5vpdRnnWuIM,2  3AM MAJIT LMEGHRIB,"Jan 12, 2020",505,0
2019-05-29,5vpdRnnWuIM,2  3AM MAJIT LMEGHRIB,"Jan 12, 2020",505,0
2019-05-30,5vpdRnnWuIM,2  3AM MAJIT LMEGHRIB,"Jan 12, 2020",505,0
2019-05-31,5vpdRnnWuIM,2  3AM MAJIT LMEGHRIB,"Jan 12, 2020",505,0
2019-06-01,5vpdRnnWuIM,2  3AM MAJIT LMEGHRIB,"Jan 12, 2020",505,0
2019-06-02,5vpdRnnWuIM,2  3AM MAJIT LMEGHRIB,"Jan 12, 2020",505,0
2019-06-03,5vpdRnnWuIM,2  3AM MAJIT LMEGHRIB,"Jan 12, 2020",505,0
2019-06-04,5vpdRnnWuIM,2  3AM MAJIT LMEGHRIB,"Jan 12, 2020",505,0
2019-06-05,5vpdRnnWuIM,2  3AM MAJIT LMEGHRIB,"Jan 12, 2020",505,0
2019-06-06,5vpdRnnWuIM,2  3AM MAJIT LMEGHRIB,"Jan 12, 2020",505,0
2019-06-07,5vpdRnnWuIM,2  3AM MAJIT LMEGHRIB,"Jan 12, 2020",505,0
2019-06-08,5vpdRnnWuIM,2  3AM MAJIT LMEGHRIB,"Jan 12, 2020",505,0
2019-06-09,5vpdRnnWuIM,2  3AM MAJIT LMEGHRIB,"Jan 12, 2020",505,0
2019-06-10,5vpdRnnWuIM,2  3AM MAJIT LMEGHRIB,"Jan 12, 2020",505,0
2019-06-11,5vpdRnnWuIM,2  3AM MAJIT LMEGHRIB,"Jan 12, 2020",505,0
2019-06-12,5vpdRnnWuIM,2  3AM MAJIT LMEGHRIB,"Jan 12, 2020",505,0
2019-06-13,5vpdRnnWuIM,2  3AM MAJIT LMEGHRIB,"Jan 12, 2020",505,0
2019-06-14,5vpdRnnWuIM,2  3AM MAJIT LMEGHRIB,"Jan 12, 2020",505,0
2019-06-15,5vpdRnnWuIM,2  3AM MAJIT LMEGHRIB,"Jan 12, 2020",505,0
2019-06-16,5vpdRnnWuIM,2  3AM MAJIT LMEGHRIB,"Jan 12, 2020",505,0
2019-06-17,5vpdRnnWuIM,2  3AM MAJIT LMEGHRIB,"Jan 12, 2020",505,0
2019-06-18,5vpdRnnWuIM,2  3AM MAJIT LMEGHRIB,"Jan 12, 2020",505,0
2019-06-19,5vpdRnnWuIM,2  3AM MAJIT LMEGHRIB,"Jan 12, 2020",505,0
2019-06-20,5vpdRnnWuIM,2  3AM MAJIT LMEGHRIB,"Jan 12, 2020",505,0
2019-06-21,5vpdRnnWuIM,2  3AM MAJIT LMEGHRIB,"Jan 12, 2020",505,0
2019-06-22,5vpdRnnWuIM,2  3AM MAJIT LMEGHRIB,"Jan 12, 2020",505,0
2019-06-23,5vpdRnnWuIM,2  3AM MAJIT LMEGHRIB,"Jan 12, 2020",505,0
2019-06-24,5vpdRnnWuIM,2  3AM MAJIT LMEGHRIB,"Jan 12, 2020",505,0
2019-06-25,5vpdRnnWuIM,2  3AM MAJIT LMEGHRIB,"Jan 12, 2020",505,0
2019-06-26,5vpdRnnWuIM,2  3AM MAJIT LMEGHRIB,"Jan 12, 2020",505,0
2019-06-27,5vpdRnnWuIM,2  3AM MAJIT LMEGHRIB,"Jan 12, 2020",505,0
2019-06-28,5vpdRnnWuIM,2  3AM MAJIT LMEGHRIB,"Jan 12, 2020",505,0
2019-06-29,5vpdRnnWuIM,2  3AM MAJIT LMEGHRIB,"Jan 12, 2020",505,0
2019-06-30,5vpdRnnWuIM,2  3AM MAJIT LMEGHRIB,"Jan 12, 2020",505,0
2019-07-01,5vpdRnnWuIM,2  3AM MAJIT LMEGHRIB,"Jan 12, 2020",505,0
2019-07-02,5vpdRnnWuIM,2  3AM MAJIT LMEGHRIB,"Jan 12, 2020",505,0
2019-07-03,5vpdRnnWuIM,2  3AM MAJIT LMEGHRIB,"Jan 12, 2020",505,0
2019-07-04,5vpdRnnWuIM,2  3AM MAJIT LMEGHRIB,"Jan 12, 2020",505,0
2019-07-05,5vpdRnnWuIM,2  3AM MAJIT LMEGHRIB,"Jan 12, 2020",505,0
2019-07-06,5vpdRnnWuIM,2  3AM MAJIT LMEGHRIB,"Jan 12, 2020",505,0
2019-07-07,5vpdRnnWuIM,2  3AM MAJIT LMEGHRIB,"Jan 12, 2020",505,0
2019-07-08,5vpdRnnWuIM,2  3AM MAJIT LMEGHRIB,"Jan 12, 2020",505,0
2019-07-09,5vpdRnnWuIM,2  3AM MAJIT LMEGHRIB,"Jan 12, 2020",505,0
2019-07-10,5vpdRnnWuIM,2  3AM MAJIT LMEGHRIB,"Jan 12, 2020",505,0
2019-07-11,5vpdRnnWuIM,2  3AM MAJIT LMEGHRIB,"Jan 12, 2020",505,0
2019-07-12,5vpdRnnWuIM,2  3AM MAJIT LMEGHRIB,"Jan 12, 2020",505,0
2019-07-13,5vpdRnnWuIM,2  3AM MAJIT LMEGHRIB,"Jan 12, 2020",505,0
2019-07-14,5vpdRnnWuIM,2  3AM MAJIT LMEGHRIB,"Jan 12, 2020",505,0
2019-07-15,5vpdRnnWuIM,2  3AM MAJIT LMEGHRIB,"Jan 12, 2020",505,0
2019-07-16,5vpdRnnWuIM,2  3AM MAJIT LMEGHRIB,"Jan 12, 2020",505,0
2019-07-17,5vpdRnnWuIM,2  3AM MAJIT LMEGHRIB,"Jan 12, 2020",505,0
2019-07-18,5vpdRnnWuIM,2  3AM MAJIT LMEGHRIB,"Jan 12, 2020",505,0
2019-07-19,5vpdRnnWuIM,2  3AM MAJIT LMEGHRIB,"Jan 12, 2020",505,0
2019-07-20,5vpdRnnWuIM,2  3AM MAJIT LMEGHRIB,"Jan 12, 2020",505,0
2019-07-21,5vpdRnnWuIM,2  3AM MAJIT LMEGHRIB,"Jan 12, 2020",505,0
2019-07-22,5vpdRnnWuIM,2  3AM MAJIT LMEGHRIB,"Jan 12, 2020",505,0
2019-07-23,5vpdRnnWuIM,2  3AM MAJIT LMEGHRIB,"Jan 12, 2020",505,0
2019-07-24,5vpdRnnWuIM,2  3AM MAJIT LMEGHRIB,"Jan 12, 2020",505,0
2019-07-25,5vpdRnnWuIM,2  3AM MAJIT LMEGHRIB,"Jan 12, 2020",505,0
2019-07-26,5vpdRnnWuIM,2  3AM MAJIT LMEGHRIB,"Jan 12, 2020",505,0
2019-07-27,5vpdRnnWuIM,2  3AM MAJIT LMEGHRIB,"Jan 12, 2020",505,0
2019-07-28,5vpdRnnWuIM,2  3AM MAJIT LMEGHRIB,"Jan 12, 2020",505,0
2019-07-29,5vpdRnnWuIM,2  3AM MAJIT LMEGHRIB,"Jan 12, 2020",505,0
2019-07-30,5vpdRnnWuIM,2  3AM MAJIT LMEGHRIB,"Jan 12, 2020",505,0
2019-07-31,5vpdRnnWuIM,2  3AM MAJIT LMEGHRIB,"Jan 12, 2020",505,0
2019-08-01,5vpdRnnWuIM,2  3AM MAJIT LMEGHRIB,"Jan 12, 2020",505,0
2019-08-02,5vpdRnnWuIM,2  3AM MAJIT LMEGHRIB,"Jan 12, 2020",505,0
2019-08-03,5vpdRnnWuIM,2  3AM MAJIT LMEGHRIB,"Jan 12, 2020",505,0
2019-08-04,5vpdRnnWuIM,2  3AM MAJIT LMEGHRIB,"Jan 12, 2020",505,0
2019-08-05,5vpdRnnWuIM,2  3AM MAJIT LMEGHRIB,"Jan 12, 2020",505,0
2019-08-06,5vpdRnnWuIM,2  3AM MAJIT LMEGHRIB,"Jan 12, 2020",505,0
2019-08-07,5vpdRnnWuIM,2  3AM MAJIT LMEGHRIB,"Jan 12, 2020",505,0
2019-08-08,5vpdRnnWuIM,2  3AM MAJIT LMEGHRIB,"Jan 12, 2020",505,0
2019-08-09,5vpdRnnWuIM,2  3AM MAJIT LMEGHRIB,"Jan 12, 2020",505,0
2019-08-10,5vpdRnnWuIM,2  3AM MAJIT LMEGHRIB,"Jan 12, 2020",505,0
2019-08-11,5vpdRnnWuIM,2  3AM MAJIT LMEGHRIB,"Jan 12, 2020",505,0
2019-08-12,5vpdRnnWuIM,2  3AM MAJIT LMEGHRIB,"Jan 12, 2020",505,0
2019-08-13,5vpdRnnWuIM,2  3AM MAJIT LMEGHRIB,"Jan 12, 2020",505,0
2019-08-14,5vpdRnnWuIM,2  3AM MAJIT LMEGHRIB,"Jan 12, 2020",505,0
2019-08-15,5vpdRnnWuIM,2  3AM MAJIT LMEGHRIB,"Jan 12, 2020",505,0
2019-08-16,5vpdRnnWuIM,2  3AM MAJIT LMEGHRIB,"Jan 12, 2020",505,0
2019-08-17,5vpdRnnWuIM,2  3AM MAJIT LMEGHRIB,"Jan 12, 2020",505,0
2019-08-18,5vpdRnnWuIM,2  3AM MAJIT LMEGHRIB,"Jan 12, 2020",505,0
2019-08-19,5vpdRnnWuIM,2  3AM MAJIT LMEGHRIB,"Jan 12, 2020",505,0
2019-08-20,5vpdRnnWuIM,2  3AM MAJIT LMEGHRIB,"Jan 12, 2020",505,0
2019-08-21,5vpdRnnWuIM,2  3AM MAJIT LMEGHRIB,"Jan 12, 2020",505,0
2019-08-22,5vpdRnnWuIM,2  3AM MAJIT LMEGHRIB,"Jan 12, 2020",505,0
2019-08-23,5vpdRnnWuIM,2  3AM MAJIT LMEGHRIB,"Jan 12, 2020",505,0
2019-08-24,5vpdRnnWuIM,2  3AM MAJIT LMEGHRIB,"Jan 12, 2020",505,0
2019-08-25,5vpdRnnWuIM,2  3AM MAJIT LMEGHRIB,"Jan 12, 2020",505,0
2019-08-26,5vpdRnnWuIM,2  3AM MAJIT LMEGHRIB,"Jan 12, 2020",505,0
2019-08-27,5vpdRnnWuIM,2  3AM MAJIT LMEGHRIB,"Jan 12, 2020",505,0
2019-08-28,5vpdRnnWuIM,2  3AM MAJIT LMEGHRIB,"Jan 12, 2020",505,0
2019-08-29,5vpdRnnWuIM,2  3AM MAJIT LMEGHRIB,"Jan 12, 2020",505,0
2019-08-30,5vpdRnnWuIM,2  3AM MAJIT LMEGHRIB,"Jan 12, 2020",505,0
2019-08-31,5vpdRnnWuIM,2  3AM MAJIT LMEGHRIB,"Jan 12, 2020",505,0
2019-09-01,5vpdRnnWuIM,2  3AM MAJIT LMEGHRIB,"Jan 12, 2020",505,0
2019-09-02,5vpdRnnWuIM,2  3AM MAJIT LMEGHRIB,"Jan 12, 2020",505,0
2019-09-03,5vpdRnnWuIM,2  3AM MAJIT LMEGHRIB,"Jan 12, 2020",505,0
2019-09-04,5vpdRnnWuIM,2  3AM MAJIT LMEGHRIB,"Jan 12, 2020",505,0
2019-09-05,5vpdRnnWuIM,2  3AM MAJIT LMEGHRIB,"Jan 12, 2020",505,0
2019-09-06,5vpdRnnWuIM,2  3AM MAJIT LMEGHRIB,"Jan 12, 2020",505,0
2019-09-07,5vpdRnnWuIM,2  3AM MAJIT LMEGHRIB,"Jan 12, 2020",505,0
2019-09-08,5vpdRnnWuIM,2  3AM MAJIT LMEGHRIB,"Jan 12, 2020",505,0
2019-09-09,5vpdRnnWuIM,2  3AM MAJIT LMEGHRIB,"Jan 12, 2020",505,0
2019-09-10,5vpdRnnWuIM,2  3AM MAJIT LMEGHRIB,"Jan 12, 2020",505,0
2019-09-11,5vpdRnnWuIM,2  3AM MAJIT LMEGHRIB,"Jan 12, 2020",505,0
2019-09-12,5vpdRnnWuIM,2  3AM MAJIT LMEGHRIB,"Jan 12, 2020",505,0
2019-09-13,5vpdRnnWuIM,2  3AM MAJIT LMEGHRIB,"Jan 12, 2020",505,0
2019-09-14,5vpdRnnWuIM,2  3AM MAJIT LMEGHRIB,"Jan 12, 2020",505,0
2019-09-15,5vpdRnnWuIM,2  3AM MAJIT LMEGHRIB,"Jan 12, 2020",505,0
2019-09-16,5vpdRnnWuIM,2  3AM MAJIT LMEGHRIB,"Jan 12, 2020",505,0
2019-09-17,5vpdRnnWuIM,2  3AM MAJIT LMEGHRIB,"Jan 12, 2020",505,0
2019-09-18,5vpdRnnWuIM,2  3AM MAJIT LMEGHRIB,"Jan 12, 2020",505,0
2019-09-19,5vpdRnnWuIM,2  3AM MAJIT LMEGHRIB,"Jan 12, 2020",505,0
2019-09-20,5vpdRnnWuIM,2  3AM MAJIT LMEGHRIB,"Jan 12, 2020",505,0
2019-09-21,5vpdRnnWuIM,2  3AM MAJIT LMEGHRIB,"Jan 12, 2020",505,0
2019-09-22,5vpdRnnWuIM,2  3AM MAJIT LMEGHRIB,"Jan 12, 2020",505,0
2019-09-23,5vpdRnnWuIM,2  3AM MAJIT LMEGHRIB,"Jan 12, 2020",505,0
2019-09-24,5vpdRnnWuIM,2  3AM MAJIT LMEGHRIB,"Jan 12, 2020",505,0
2019-09-25,5vpdRnnWuIM,2  3AM MAJIT LMEGHRIB,"Jan 12, 2020",505,0
2019-09-26,5vpdRnnWuIM,2  3AM MAJIT LMEGHRIB,"Jan 12, 2020",505,0
2019-09-27,5vpdRnnWuIM,2  3AM MAJIT LMEGHRIB,"Jan 12, 2020",505,0
2019-09-28,5vpdRnnWuIM,2  3AM MAJIT LMEGHRIB,"Jan 12, 2020",505,0
2019-09-29,5vpdRnnWuIM,2  3AM MAJIT LMEGHRIB,"Jan 12, 2020",505,0
2019-09-30,5vpdRnnWuIM,2  3AM MAJIT LMEGHRIB,"Jan 12, 2020",505,0
2019-10-01,5vpdRnnWuIM,2  3AM MAJIT LMEGHRIB,"Jan 12, 2020",505,0
2019-10-02,5vpdRnnWuIM,2  3AM MAJIT LMEGHRIB,"Jan 12, 2020",505,0
2019-10-03,5vpdRnnWuIM,2  3AM MAJIT LMEGHRIB,"Jan 12, 2020",505,0
2019-10-04,5vpdRnnWuIM,2  3AM MAJIT LMEGHRIB,"Jan 12, 2020",505,0
2019-10-05,5vpdRnnWuIM,2  3AM MAJIT LMEGHRIB,"Jan 12, 2020",505,0
2019-10-06,5vpdRnnWuIM,2  3AM MAJIT LMEGHRIB,"Jan 12, 2020",505,0
2019-10-07,5vpdRnnWuIM,2  3AM MAJIT LMEGHRIB,"Jan 12, 2020",505,0
2019-10-08,5vpdRnnWuIM,2  3AM MAJIT LMEGHRIB,"Jan 12, 2020",505,0
2019-10-09,5vpdRnnWuIM,2  3AM MAJIT LMEGHRIB,"Jan 12, 2020",505,0
2019-10-10,5vpdRnnWuIM,2  3AM MAJIT LMEGHRIB,"Jan 12, 2020",505,0
2019-10-11,5vpdRnnWuIM,2  3AM MAJIT LMEGHRIB,"Jan 12, 2020",505,0
2019-10-12,5vpdRnnWuIM,2  3AM MAJIT LMEGHRIB,"Jan 12, 2020",505,0
2019-10-13,5vpdRnnWuIM,2  3AM MAJIT LMEGHRIB,"Jan 12, 2020",505,0
2019-10-14,5vpdRnnWuIM,2  3AM MAJIT LMEGHRIB,"Jan 12, 2020",505,0
2019-10-15,5vpdRnnWuIM,2  3AM MAJIT LMEGHRIB,"Jan 12, 2020",505,0
2019-10-16,5vpdRnnWuIM,2  3AM MAJIT LMEGHRIB,"Jan 12, 2020",505,0
2019-10-17,5vpdRnnWuIM,2  3AM MAJIT LMEGHRIB,"Jan 12, 2020",505,0
2019-10-18,5vpdRnnWuIM,2  3AM MAJIT LMEGHRIB,"Jan 12, 2020",505,0
2019-10-19,5vpdRnnWuIM,2  3AM MAJIT LMEGHRIB,"Jan 12, 2020",505,0
2019-10-20,5vpdRnnWuIM,2  3AM MAJIT LMEGHRIB,"Jan 12, 2020",505,0
2019-10-21,5vpdRnnWuIM,2  3AM MAJIT LMEGHRIB,"Jan 12, 2020",505,0
2019-10-22,5vpdRnnWuIM,2  3AM MAJIT LMEGHRIB,"Jan 12, 2020",505,0
2019-10-23,5vpdRnnWuIM,2  3AM MAJIT LMEGHRIB,"Jan 12, 2020",505,0
2019-10-24,5vpdRnnWuIM,2  3AM MAJIT LMEGHRIB,"Jan 12, 2020",505,0
2019-10-25,5vpdRnnWuIM,2  3AM MAJIT LMEGHRIB,"Jan 12, 2020",505,0
2019-10-26,5vpdRnnWuIM,2  3AM MAJIT LMEGHRIB,"Jan 12, 2020",505,0
2019-10-27,5vpdRnnWuIM,2  3AM MAJIT LMEGHRIB,"Jan 12, 2020",505,0
2019-10-28,5vpdRnnWuIM,2  3AM MAJIT LMEGHRIB,"Jan 12, 2020",505,0
2019-10-29,5vpdRnnWuIM,2  3AM MAJIT LMEGHRIB,"Jan 12, 2020",505,0
2019-10-30,5vpdRnnWuIM,2  3AM MAJIT LMEGHRIB,"Jan 12, 2020",505,0
2019-10-31,5vpdRnnWuIM,2  3AM MAJIT LMEGHRIB,"Jan 12, 2020",505,0
2019-11-01,5vpdRnnWuIM,2  3AM MAJIT LMEGHRIB,"Jan 12, 2020",505,0
2019-11-02,5vpdRnnWuIM,2  3AM MAJIT LMEGHRIB,"Jan 12, 2020",505,0
2019-11-03,5vpdRnnWuIM,2  3AM MAJIT LMEGHRIB,"Jan 12, 2020",505,0
2019-11-04,5vpdRnnWuIM,2  3AM MAJIT LMEGHRIB,"Jan 12, 2020",505,0
2019-11-05,5vpdRnnWuIM,2  3AM MAJIT LMEGHRIB,"Jan 12, 2020",505,0
2019-11-06,5vpdRnnWuIM,2  3AM MAJIT LMEGHRIB,"Jan 12, 2020",505,0
2019-11-07,5vpdRnnWuIM,2  3AM MAJIT LMEGHRIB,"Jan 12, 2020",505,0
2019-11-08,5vpdRnnWuIM,2  3AM MAJIT LMEGHRIB,"Jan 12, 2020",505,0
2019-11-09,5vpdRnnWuIM,2  3AM MAJIT LMEGHRIB,"Jan 12, 2020",505,0
2019-11-10,5vpdRnnWuIM,2  3AM MAJIT LMEGHRIB,"Jan 12, 2020",505,0
2019-11-11,5vpdRnnWuIM,2  3AM MAJIT LMEGHRIB,"Jan 12, 2020",505,0
2019-11-12,5vpdRnnWuIM,2  3AM MAJIT LMEGHRIB,"Jan 12, 2020",505,0
2019-11-13,5vpdRnnWuIM,2  3AM MAJIT LMEGHRIB,"Jan 12, 2020",505,0
2019-11-14,5vpdRnnWuIM,2  3AM MAJIT LMEGHRIB,"Jan 12, 2020",505,0
2019-11-15,5vpdRnnWuIM,2  3AM MAJIT LMEGHRIB,"Jan 12, 2020",505,0
2019-11-16,5vpdRnnWuIM,2  3AM MAJIT LMEGHRIB,"Jan 12, 2020",505,0
2019-11-17,5vpdRnnWuIM,2  3AM MAJIT LMEGHRIB,"Jan 12, 2020",505,0
2019-11-18,5vpdRnnWuIM,2  3AM MAJIT LMEGHRIB,"Jan 12, 2020",505,0
2019-11-19,5vpdRnnWuIM,2  3AM MAJIT LMEGHRIB,"Jan 12, 2020",505,0
2019-11-20,5vpdRnnWuIM,2  3AM MAJIT LMEGHRIB,"Jan 12, 2020",505,0
2019-11-21,5vpdRnnWuIM,2  3AM MAJIT LMEGHRIB,"Jan 12, 2020",505,0
2019-11-22,5vpdRnnWuIM,2  3AM MAJIT LMEGHRIB,"Jan 12, 2020",505,0
2019-11-23,5vpdRnnWuIM,2  3AM MAJIT LMEGHRIB,"Jan 12, 2020",505,0
2019-11-24,5vpdRnnWuIM,2  3AM MAJIT LMEGHRIB,"Jan 12, 2020",505,0
2019-11-25,5vpdRnnWuIM,2  3AM MAJIT LMEGHRIB,"Jan 12, 2020",505,0
2019-11-26,5vpdRnnWuIM,2  3AM MAJIT LMEGHRIB,"Jan 12, 2020",505,0
2019-11-27,5vpdRnnWuIM,2  3AM MAJIT LMEGHRIB,"Jan 12, 2020",505,0
2019-11-28,5vpdRnnWuIM,2  3AM MAJIT LMEGHRIB,"Jan 12, 2020",505,0
2019-11-29,5vpdRnnWuIM,2  3AM MAJIT LMEGHRIB,"Jan 12, 2020",505,0
2019-11-30,5vpdRnnWuIM,2  3AM MAJIT LMEGHRIB,"Jan 12, 2020",505,0
2019-12-01,5vpdRnnWuIM,2  3AM MAJIT LMEGHRIB,"Jan 12, 2020",505,0
2019-12-02,5vpdRnnWuIM,2  3AM MAJIT LMEGHRIB,"Jan 12, 2020",505,0
2019-12-03,5vpdRnnWuIM,2  3AM MAJIT LMEGHRIB,"Jan 12, 2020",505,0
2019-12-04,5vpdRnnWuIM,2  3AM MAJIT LMEGHRIB,"Jan 12, 2020",505,0
2019-12-05,5vpdRnnWuIM,2  3AM MAJIT LMEGHRIB,"Jan 12, 2020",505,0
2019-12-06,5vpdRnnWuIM,2  3AM MAJIT LMEGHRIB,"Jan 12, 2020",505,0
2019-12-07,5vpdRnnWuIM,2  3AM MAJIT LMEGHRIB,"Jan 12, 2020",505,0
2019-12-08,5vpdRnnWuIM,2  3AM MAJIT LMEGHRIB,"Jan 12, 2020",505,0
2019-12-09,5vpdRnnWuIM,2  3AM MAJIT LMEGHRIB,"Jan 12, 2020",505,0
2019-12-10,5vpdRnnWuIM,2  3AM MAJIT LMEGHRIB,"Jan 12, 2020",505,0
2019-12-11,5vpdRnnWuIM,2  3AM MAJIT LMEGHRIB,"Jan 12, 2020",505,0
2019-12-12,5vpdRnnWuIM,2  3AM MAJIT LMEGHRIB,"Jan 12, 2020",505,0
2019-12-13,5vpdRnnWuIM,2  3AM MAJIT LMEGHRIB,"Jan 12, 2020",505,0
2019-12-14,5vpdRnnWuIM,2  3AM MAJIT LMEGHRIB,"Jan 12, 2020",505,0
2019-12-15,5vpdRnnWuIM,2  3AM MAJIT LMEGHRIB,"Jan 12, 2020",505,0
2019-12-16,5vpdRnnWuIM,2  3AM MAJIT LMEGHRIB,"Jan 12, 2020",505,0
2019-12-17,5vpdRnnWuIM,2  3AM MAJIT LMEGHRIB,"Jan 12, 2020",505,0
2019-12-18,5vpdRnnWuIM,2  3AM MAJIT LMEGHRIB,"Jan 12, 2020",505,0
2019-12-19,5vpdRnnWuIM,2  3AM MAJIT LMEGHRIB,"Jan 12, 2020",505,0
2019-12-20,5vpdRnnWuIM,2  3AM MAJIT LMEGHRIB,"Jan 12, 2020",505,0
2019-12-21,5vpdRnnWuIM,2  3AM MAJIT LMEGHRIB,"Jan 12, 2020",505,0
2019-12-22,5vpdRnnWuIM,2  3AM MAJIT LMEGHRIB,"Jan 12, 2020",505,0
2019-12-23,5vpdRnnWuIM,2  3AM MAJIT LMEGHRIB,"Jan 12, 2020",505,0
2019-12-24,5vpdRnnWuIM,2  3AM MAJIT LMEGHRIB,"Jan 12, 2020",505,0
2019-12-25,5vpdRnnWuIM,2  3AM MAJIT LMEGHRIB,"Jan 12, 2020",505,0
2019-12-26,5vpdRnnWuIM,2  3AM MAJIT LMEGHRIB,"Jan 12, 2020",505,0
2019-12-27,5vpdRnnWuIM,2  3AM MAJIT LMEGHRIB,"Jan 12, 2020",505,0
2019-12-28,5vpdRnnWuIM,2  3AM MAJIT LMEGHRIB,"Jan 12, 2020",505,0
2019-12-29,5vpdRnnWuIM,2  3AM MAJIT LMEGHRIB,"Jan 12, 2020",505,0
2019-12-30,5vpdRnnWuIM,2  3AM MAJIT LMEGHRIB,"Jan 12, 2020",505,0
2019-12-31,5vpdRnnWuIM,2  3AM MAJIT LMEGHRIB,"Jan 12, 2020",505,0
2020-01-01,5vpdRnnWuIM,2  3AM MAJIT LMEGHRIB,"Jan 12, 2020",505,0
2020-01-02,5vpdRnnWuIM,2  3AM MAJIT LMEGHRIB,"Jan 12, 2020",505,0
2020-01-03,5vpdRnnWuIM,2  3AM MAJIT LMEGHRIB,"Jan 12, 2020",505,0
2020-01-04,5vpdRnnWuIM,2  3AM MAJIT LMEGHRIB,"Jan 12, 2020",505,0
2020-01-05,5vpdRnnWuIM,2  3AM MAJIT LMEGHRIB,"Jan 12, 2020",505,0
2020-01-06,5vpdRnnWuIM,2  3AM MAJIT LMEGHRIB,"Jan 12, 2020",505,0
2020-01-07,5vpdRnnWuIM,2  3AM MAJIT LMEGHRIB,"Jan 12, 2020",505,0
2020-01-08,5vpdRnnWuIM,2  3AM MAJIT LMEGHRIB,"Jan 12, 2020",505,0
2020-01-09,5vpdRnnWuIM,2  3AM MAJIT LMEGHRIB,"Jan 12, 2020",505,0
2020-01-10,5vpdRnnWuIM,2  3AM MAJIT LMEGHRIB,"Jan 12, 2020",505,0
2020-01-11,5vpdRnnWuIM,2  3AM MAJIT LMEGHRIB,"Jan 12, 2020",505,0
2020-01-12,5vpdRnnWuIM,2  3AM MAJIT LMEGHRIB,"Jan 12, 2020",505,60.8
2020-01-13,5vpdRnnWuIM,2  3AM MAJIT LMEGHRIB,"Jan 12, 2020",505,51.82
2020-01-14,5vpdRnnWuIM,2  3AM MAJIT LMEGHRIB,"Jan 12, 2020",505,47.99
2020-01-15,5vpdRnnWuIM,2  3AM MAJIT LMEGHRIB,"Jan 12, 2020",505,46.36
2020-01-16,5vpdRnnWuIM,2  3AM MAJIT LMEGHRIB,"Jan 12, 2020",505,44.69
2020-01-17,5vpdRnnWuIM,2  3AM MAJIT LMEGHRIB,"Jan 12, 2020",505,43.01
2020-01-18,5vpdRnnWuIM,2  3AM MAJIT LMEGHRIB,"Jan 12, 2020",505,42.58
2020-01-19,5vpdRnnWuIM,2  3AM MAJIT LMEGHRIB,"Jan 12, 2020",505,44.99
2020-01-20,5vpdRnnWuIM,2  3AM MAJIT LMEGHRIB,"Jan 12, 2020",505,45.29
2020-01-21,5vpdRnnWuIM,2  3AM MAJIT LMEGHRIB,"Jan 12, 2020",505,46.04
2020-01-22,5vpdRnnWuIM,2  3AM MAJIT LMEGHRIB,"Jan 12, 2020",505,52.89
2020-01-23,5vpdRnnWuIM,2  3AM MAJIT LMEGHRIB,"Jan 12, 2020",505,54.12
2020-01-24,5vpdRnnWuIM,2  3AM MAJIT LMEGHRIB,"Jan 12, 2020",505,52.8
2020-01-25,5vpdRnnWuIM,2  3AM MAJIT LMEGHRIB,"Jan 12, 2020",505,52.23
2020-01-26,5vpdRnnWuIM,2  3AM MAJIT LMEGHRIB,"Jan 12, 2020",505,52.87
2020-01-27,5vpdRnnWuIM,2  3AM MAJIT LMEGHRIB,"Jan 12, 2020",505,55.08
2020-01-28,5vpdRnnWuIM,2  3AM MAJIT LMEGHRIB,"Jan 12, 2020",505,54.28
2020-01-29,5vpdRnnWuIM,2  3AM MAJIT LMEGHRIB,"Jan 12, 2020",505,53.14
2020-01-30,5vpdRnnWuIM,2  3AM MAJIT LMEGHRIB,"Jan 12, 2020",505,53.78
2020-01-31,5vpdRnnWuIM,2  3AM MAJIT LMEGHRIB,"Jan 12, 2020",505,55.62
2020-02-01,5vpdRnnWuIM,2  3AM MAJIT LMEGHRIB,"Jan 12, 2020",505,53.23
2020-02-02,5vpdRnnWuIM,2  3AM MAJIT LMEGHRIB,"Jan 12, 2020",505,56.18
2020-02-03,5vpdRnnWuIM,2  3AM MAJIT LMEGHRIB,"Jan 12, 2020",505,57.51
2020-02-04,5vpdRnnWuIM,2  3AM MAJIT LMEGHRIB,"Jan 12, 2020",505,52.54
2020-02-05,5vpdRnnWuIM,2  3AM MAJIT LMEGHRIB,"Jan 12, 2020",505,51.83
2020-02-06,5vpdRnnWuIM,2  3AM MAJIT LMEGHRIB,"Jan 12, 2020",505,53.09
2020-02-07,5vpdRnnWuIM,2  3AM MAJIT LMEGHRIB,"Jan 12, 2020",505,54.33
2020-02-08,5vpdRnnWuIM,2  3AM MAJIT LMEGHRIB,"Jan 12, 2020",505,53.68
2020-02-09,5vpdRnnWuIM,2  3AM MAJIT LMEGHRIB,"Jan 12, 2020",505,55.79
2020-02-10,5vpdRnnWuIM,2  3AM MAJIT LMEGHRIB,"Jan 12, 2020",505,56.18
2020-02-11,5vpdRnnWuIM,2  3AM MAJIT LMEGHRIB,"Jan 12, 2020",505,57.25
2020-02-12,5vpdRnnWuIM,2  3AM MAJIT LMEGHRIB,"Jan 12, 2020",505,57.53
2020-02-13,5vpdRnnWuIM,2  3AM MAJIT LMEGHRIB,"Jan 12, 2020",505,56.69
2020-02-14,5vpdRnnWuIM,2  3AM MAJIT LMEGHRIB,"Jan 12, 2020",505,55.98
2020-02-15,5vpdRnnWuIM,2  3AM MAJIT LMEGHRIB,"Jan 12, 2020",505,55.03
2020-02-16,5vpdRnnWuIM,2  3AM MAJIT LMEGHRIB,"Jan 12, 2020",505,55.81
2020-02-17,5vpdRnnWuIM,2  3AM MAJIT LMEGHRIB,"Jan 12, 2020",505,50.99
2020-02-18,5vpdRnnWuIM,2  3AM MAJIT LMEGHRIB,"Jan 12, 2020",505,55.89
2020-02-19,5vpdRnnWuIM,2  3AM MAJIT LMEGHRIB,"Jan 12, 2020",505,54.43
2020-02-20,5vpdRnnWuIM,2  3AM MAJIT LMEGHRIB,"Jan 12, 2020",505,51.89
2020-02-21,5vpdRnnWuIM,2  3AM MAJIT LMEGHRIB,"Jan 12, 2020",505,56.07
2020-02-22,5vpdRnnWuIM,2  3AM MAJIT LMEGHRIB,"Jan 12, 2020",505,53.78
2020-02-23,5vpdRnnWuIM,2  3AM MAJIT LMEGHRIB,"Jan 12, 2020",505,56.58
2020-02-24,5vpdRnnWuIM,2  3AM MAJIT LMEGHRIB,"Jan 12, 2020",505,54.57
2020-02-25,5vpdRnnWuIM,2  3AM MAJIT LMEGHRIB,"Jan 12, 2020",505,58.14
2020-02-26,5vpdRnnWuIM,2  3AM MAJIT LMEGHRIB,"Jan 12, 2020",505,56.34
2020-02-27,5vpdRnnWuIM,2  3AM MAJIT LMEGHRIB,"Jan 12, 2020",505,57.59
2020-02-28,5vpdRnnWuIM,2  3AM MAJIT LMEGHRIB,"Jan 12, 2020",505,56.95
2020-02-29,5vpdRnnWuIM,2  3AM MAJIT LMEGHRIB,"Jan 12, 2020",505,54.42
2020-03-01,5vpdRnnWuIM,2  3AM MAJIT LMEGHRIB,"Jan 12, 2020",505,55.77
2020-03-02,5vpdRnnWuIM,2  3AM MAJIT LMEGHRIB,"Jan 12, 2020",505,59.3
2020-03-03,5vpdRnnWuIM,2  3AM MAJIT LMEGHRIB,"Jan 12, 2020",505,58.37
2020-03-04,5vpdRnnWuIM,2  3AM MAJIT LMEGHRIB,"Jan 12, 2020",505,56.81
2020-03-05,5vpdRnnWuIM,2  3AM MAJIT LMEGHRIB,"Jan 12, 2020",505,55.37
2020-03-06,5vpdRnnWuIM,2  3AM MAJIT LMEGHRIB,"Jan 12, 2020",505,55.64
2020-03-07,5vpdRnnWuIM,2  3AM MAJIT LMEGHRIB,"Jan 12, 2020",505,56.87
2020-03-08,5vpdRnnWuIM,2  3AM MAJIT LMEGHRIB,"Jan 12, 2020",505,59.27
2020-03-09,5vpdRnnWuIM,2  3AM MAJIT LMEGHRIB,"Jan 12, 2020",505,56.43
2020-03-10,5vpdRnnWuIM,2  3AM MAJIT LMEGHRIB,"Jan 12, 2020",505,56.74
2020-03-11,5vpdRnnWuIM,2  3AM MAJIT LMEGHRIB,"Jan 12, 2020",505,56.15
2020-03-12,5vpdRnnWuIM,2  3AM MAJIT LMEGHRIB,"Jan 12, 2020",505,55.42
2020-03-13,5vpdRnnWuIM,2  3AM MAJIT LMEGHRIB,"Jan 12, 2020",505,51.39
2020-03-14,5vpdRnnWuIM,2  3AM MAJIT LMEGHRIB,"Jan 12, 2020",505,54.73
2020-03-15,5vpdRnnWuIM,2  3AM MAJIT LMEGHRIB,"Jan 12, 2020",505,56.83
2020-03-16,5vpdRnnWuIM,2  3AM MAJIT LMEGHRIB,"Jan 12, 2020",505,56.07
2020-03-17,5vpdRnnWuIM,2  3AM MAJIT LMEGHRIB,"Jan 12, 2020",505,58.69
2020-03-18,5vpdRnnWuIM,2  3AM MAJIT LMEGHRIB,"Jan 12, 2020",505,56.95
2020-03-19,5vpdRnnWuIM,2  3AM MAJIT LMEGHRIB,"Jan 12, 2020",505,55.95
2020-03-20,5vpdRnnWuIM,2  3AM MAJIT LMEGHRIB,"Jan 12, 2020",505,56.09
2020-03-21,5vpdRnnWuIM,2  3AM MAJIT LMEGHRIB,"Jan 12, 2020",505,58.54
2020-03-22,5vpdRnnWuIM,2  3AM MAJIT LMEGHRIB,"Jan 12, 2020",505,60.12
2020-03-23,5vpdRnnWuIM,2  3AM MAJIT LMEGHRIB,"Jan 12, 2020",505,59.52
2020-03-24,5vpdRnnWuIM,2  3AM MAJIT LMEGHRIB,"Jan 12, 2020",505,58.48
2020-03-25,5vpdRnnWuIM,2  3AM MAJIT LMEGHRIB,"Jan 12, 2020",505,52.81
2020-03-26,5vpdRnnWuIM,2  3AM MAJIT LMEGHRIB,"Jan 12, 2020",505,56.17
2020-03-27,5vpdRnnWuIM,2  3AM MAJIT LMEGHRIB,"Jan 12, 2020",505,58.8
2020-03-28,5vpdRnnWuIM,2  3AM MAJIT LMEGHRIB,"Jan 12, 2020",505,54.8
2020-03-29,5vpdRnnWuIM,2  3AM MAJIT LMEGHRIB,"Jan 12, 2020",505,58.11
2020-03-30,5vpdRnnWuIM,2  3AM MAJIT LMEGHRIB,"Jan 12, 2020",505,60.25
2020-03-31,5vpdRnnWuIM,2  3AM MAJIT LMEGHRIB,"Jan 12, 2020",505,58.73
2020-04-01,5vpdRnnWuIM,2  3AM MAJIT LMEGHRIB,"Jan 12, 2020",505,56.01
2020-04-02,5vpdRnnWuIM,2  3AM MAJIT LMEGHRIB,"Jan 12, 2020",505,58.75
2020-04-03,5vpdRnnWuIM,2  3AM MAJIT LMEGHRIB,"Jan 12, 2020",505,58.18
2020-04-04,5vpdRnnWuIM,2  3AM MAJIT LMEGHRIB,"Jan 12, 2020",505,57.81
2020-04-05,5vpdRnnWuIM,2  3AM MAJIT LMEGHRIB,"Jan 12, 2020",505,57.05
2020-04-06,5vpdRnnWuIM,2  3AM MAJIT LMEGHRIB,"Jan 12, 2020",505,59.05
2020-04-07,5vpdRnnWuIM,2  3AM MAJIT LMEGHRIB,"Jan 12, 2020",505,56.99
2020-04-08,5vpdRnnWuIM,2  3AM MAJIT LMEGHRIB,"Jan 12, 2020",505,55.21
2020-04-09,5vpdRnnWuIM,2  3AM MAJIT LMEGHRIB,"Jan 12, 2020",505,52.8
2020-04-10,5vpdRnnWuIM,2  3AM MAJIT LMEGHRIB,"Jan 12, 2020",505,53.99
2020-04-11,5vpdRnnWuIM,2  3AM MAJIT LMEGHRIB,"Jan 12, 2020",505,55.51
2020-04-12,5vpdRnnWuIM,2  3AM MAJIT LMEGHRIB,"Jan 12, 2020",505,54.45
2020-04-13,5vpdRnnWuIM,2  3AM MAJIT LMEGHRIB,"Jan 12, 2020",505,55.81
2020-04-14,5vpdRnnWuIM,2  3AM MAJIT LMEGHRIB,"Jan 12, 2020",505,54.99
2020-04-15,5vpdRnnWuIM,2  3AM MAJIT LMEGHRIB,"Jan 12, 2020",505,54.77
2020-04-16,5vpdRnnWuIM,2  3AM MAJIT LMEGHRIB,"Jan 12, 2020",505,53.55
2020-04-17,5vpdRnnWuIM,2  3AM MAJIT LMEGHRIB,"Jan 12, 2020",505,53.62
2020-04-18,5vpdRnnWuIM,2  3AM MAJIT LMEGHRIB,"Jan 12, 2020",505,53.52
2020-04-19,5vpdRnnWuIM,2  3AM MAJIT LMEGHRIB,"Jan 12, 2020",505,55.37
2020-04-20,5vpdRnnWuIM,2  3AM MAJIT LMEGHRIB,"Jan 12, 2020",505,55.08
2020-04-21,5vpdRnnWuIM,2  3AM MAJIT LMEGHRIB,"Jan 12, 2020",505,55.97
2020-04-22,5vpdRnnWuIM,2  3AM MAJIT LMEGHRIB,"Jan 12, 2020",505,57.53
2020-04-23,5vpdRnnWuIM,2  3AM MAJIT LMEGHRIB,"Jan 12, 2020",505,55.86
2020-04-24,5vpdRnnWuIM,2  3AM MAJIT LMEGHRIB,"Jan 12, 2020",505,55.22
2020-04-25,5vpdRnnWuIM,2  3AM MAJIT LMEGHRIB,"Jan 12, 2020",505,54.65
2020-04-26,5vpdRnnWuIM,2  3AM MAJIT LMEGHRIB,"Jan 12, 2020",505,54.76
2020-04-27,5vpdRnnWuIM,2  3AM MAJIT LMEGHRIB,"Jan 12, 2020",505,54.64
2020-04-28,5vpdRnnWuIM,2  3AM MAJIT LMEGHRIB,"Jan 12, 2020",505,53.86
2020-04-29,5vpdRnnWuIM,2  3AM MAJIT LMEGHRIB,"Jan 12, 2020",505,52.79
2020-04-30,5vpdRnnWuIM,2  3AM MAJIT LMEGHRIB,"Jan 12, 2020",505,54.29
2020-05-01,5vpdRnnWuIM,2  3AM MAJIT LMEGHRIB,"Jan 12, 2020",505,53.56
2020-05-02,5vpdRnnWuIM,2  3AM MAJIT LMEGHRIB,"Jan 12, 2020",505,54.46
2020-05-03,5vpdRnnWuIM,2  3AM MAJIT LMEGHRIB,"Jan 12, 2020",505,54.28
2020-05-04,5vpdRnnWuIM,2  3AM MAJIT LMEGHRIB,"Jan 12, 2020",505,55.51
2020-05-05,5vpdRnnWuIM,2  3AM MAJIT LMEGHRIB,"Jan 12, 2020",505,53.79
2020-05-06,5vpdRnnWuIM,2  3AM MAJIT LMEGHRIB,"Jan 12, 2020",505,55.71
2020-05-07,5vpdRnnWuIM,2  3AM MAJIT LMEGHRIB,"Jan 12, 2020",505,54.97
2020-05-08,5vpdRnnWuIM,2  3AM MAJIT LMEGHRIB,"Jan 12, 2020",505,58.83
2020-05-09,5vpdRnnWuIM,2  3AM MAJIT LMEGHRIB,"Jan 12, 2020",505,59.89
2020-05-10,5vpdRnnWuIM,2  3AM MAJIT LMEGHRIB,"Jan 12, 2020",505,57.45
2020-05-11,5vpdRnnWuIM,2  3AM MAJIT LMEGHRIB,"Jan 12, 2020",505,58.49
2020-05-12,5vpdRnnWuIM,2  3AM MAJIT LMEGHRIB,"Jan 12, 2020",505,56.87
2020-05-13,5vpdRnnWuIM,2  3AM MAJIT LMEGHRIB,"Jan 12, 2020",505,55.69
2020-05-14,5vpdRnnWuIM,2  3AM MAJIT LMEGHRIB,"Jan 12, 2020",505,55.45
2020-05-15,5vpdRnnWuIM,2  3AM MAJIT LMEGHRIB,"Jan 12, 2020",505,57.64
2020-05-16,5vpdRnnWuIM,2  3AM MAJIT LMEGHRIB,"Jan 12, 2020",505,58.37
2020-05-17,5vpdRnnWuIM,2  3AM MAJIT LMEGHRIB,"Jan 12, 2020",505,58.92
2020-05-18,5vpdRnnWuIM,2  3AM MAJIT LMEGHRIB,"Jan 12, 2020",505,57.14
2020-05-19,5vpdRnnWuIM,2  3AM MAJIT LMEGHRIB,"Jan 12, 2020",505,57.51
2020-05-20,5vpdRnnWuIM,2  3AM MAJIT LMEGHRIB,"Jan 12, 2020",505,56.06
2020-05-21,5vpdRnnWuIM,2  3AM MAJIT LMEGHRIB,"Jan 12, 2020",505,58.48
2020-05-22,5vpdRnnWuIM,2  3AM MAJIT LMEGHRIB,"Jan 12, 2020",505,56.56
2020-05-23,5vpdRnnWuIM,2  3AM MAJIT LMEGHRIB,"Jan 12, 2020",505,56.78
2020-05-24,5vpdRnnWuIM,2  3AM MAJIT LMEGHRIB,"Jan 12, 2020",505,55.52
2020-05-25,5vpdRnnWuIM,2  3AM MAJIT LMEGHRIB,"Jan 12, 2020",505,53.25
2020-05-26,5vpdRnnWuIM,2  3AM MAJIT LMEGHRIB,"Jan 12, 2020",505,53.38
2020-05-27,5vpdRnnWuIM,2  3AM MAJIT LMEGHRIB,"Jan 12, 2020",505,53.35
2020-05-28,5vpdRnnWuIM,2  3AM MAJIT LMEGHRIB,"Jan 12, 2020",505,54
2020-05-29,5vpdRnnWuIM,2  3AM MAJIT LMEGHRIB,"Jan 12, 2020",505,55.01
2020-05-30,5vpdRnnWuIM,2  3AM MAJIT LMEGHRIB,"Jan 12, 2020",505,57.67
2020-05-31,5vpdRnnWuIM,2  3AM MAJIT LMEGHRIB,"Jan 12, 2020",505,56.09
2020-06-01,5vpdRnnWuIM,2  3AM MAJIT LMEGHRIB,"Jan 12, 2020",505,54.89
2020-06-02,5vpdRnnWuIM,2  3AM MAJIT LMEGHRIB,"Jan 12, 2020",505,55.76
2020-06-03,5vpdRnnWuIM,2  3AM MAJIT LMEGHRIB,"Jan 12, 2020",505,52.14
2020-06-04,5vpdRnnWuIM,2  3AM MAJIT LMEGHRIB,"Jan 12, 2020",505,53.28
2020-06-05,5vpdRnnWuIM,2  3AM MAJIT LMEGHRIB,"Jan 12, 2020",505,54.41
2020-06-06,5vpdRnnWuIM,2  3AM MAJIT LMEGHRIB,"Jan 12, 2020",505,53.86
2020-06-07,5vpdRnnWuIM,2  3AM MAJIT LMEGHRIB,"Jan 12, 2020",505,54.95
2020-06-08,5vpdRnnWuIM,2  3AM MAJIT LMEGHRIB,"Jan 12, 2020",505,54.86
2020-06-09,5vpdRnnWuIM,2  3AM MAJIT LMEGHRIB,"Jan 12, 2020",505,52.5
2020-06-10,5vpdRnnWuIM,2  3AM MAJIT LMEGHRIB,"Jan 12, 2020",505,52.1
2020-06-11,5vpdRnnWuIM,2  3AM MAJIT LMEGHRIB,"Jan 12, 2020",505,51.16
2020-06-12,5vpdRnnWuIM,2  3AM MAJIT LMEGHRIB,"Jan 12, 2020",505,48.61
2020-06-13,5vpdRnnWuIM,2  3AM MAJIT LMEGHRIB,"Jan 12, 2020",505,51.23
2020-06-14,5vpdRnnWuIM,2  3AM MAJIT LMEGHRIB,"Jan 12, 2020",505,52.85
2020-06-15,5vpdRnnWuIM,2  3AM MAJIT LMEGHRIB,"Jan 12, 2020",505,55.87
2020-06-16,5vpdRnnWuIM,2  3AM MAJIT LMEGHRIB,"Jan 12, 2020",505,52.41
2020-06-17,5vpdRnnWuIM,2  3AM MAJIT LMEGHRIB,"Jan 12, 2020",505,53.47
2020-06-18,5vpdRnnWuIM,2  3AM MAJIT LMEGHRIB,"Jan 12, 2020",505,55.03
2020-06-19,5vpdRnnWuIM,2  3AM MAJIT LMEGHRIB,"Jan 12, 2020",505,53.67
2020-06-20,5vpdRnnWuIM,2  3AM MAJIT LMEGHRIB,"Jan 12, 2020",505,52.35
2020-06-21,5vpdRnnWuIM,2  3AM MAJIT LMEGHRIB,"Jan 12, 2020",505,55.27
2020-06-22,5vpdRnnWuIM,2  3AM MAJIT LMEGHRIB,"Jan 12, 2020",505,54
2020-06-23,5vpdRnnWuIM,2  3AM MAJIT LMEGHRIB,"Jan 12, 2020",505,56.88
2020-06-24,5vpdRnnWuIM,2  3AM MAJIT LMEGHRIB,"Jan 12, 2020",505,49.02
2020-06-25,5vpdRnnWuIM,2  3AM MAJIT LMEGHRIB,"Jan 12, 2020",505,53.81
2020-06-26,5vpdRnnWuIM,2  3AM MAJIT LMEGHRIB,"Jan 12, 2020",505,52.48
2020-06-27,5vpdRnnWuIM,2  3AM MAJIT LMEGHRIB,"Jan 12, 2020",505,56.31
2020-06-28,5vpdRnnWuIM,2  3AM MAJIT LMEGHRIB,"Jan 12, 2020",505,53.79
2020-06-29,5vpdRnnWuIM,2  3AM MAJIT LMEGHRIB,"Jan 12, 2020",505,54.11
2020-06-30,5vpdRnnWuIM,2  3AM MAJIT LMEGHRIB,"Jan 12, 2020",505,53.01
2020-07-01,5vpdRnnWuIM,2  3AM MAJIT LMEGHRIB,"Jan 12, 2020",505,50.99
2020-07-02,5vpdRnnWuIM,2  3AM MAJIT LMEGHRIB,"Jan 12, 2020",505,54.76
2020-07-03,5vpdRnnWuIM,2  3AM MAJIT LMEGHRIB,"Jan 12, 2020",505,52.46
2020-07-04,5vpdRnnWuIM,2  3AM MAJIT LMEGHRIB,"Jan 12, 2020",505,48.69
2020-07-05,5vpdRnnWuIM,2  3AM MAJIT LMEGHRIB,"Jan 12, 2020",505,45.78
2020-07-06,5vpdRnnWuIM,2  3AM MAJIT LMEGHRIB,"Jan 12, 2020",505,44.12
2020-07-07,5vpdRnnWuIM,2  3AM MAJIT LMEGHRIB,"Jan 12, 2020",505,47.84
2020-07-08,5vpdRnnWuIM,2  3AM MAJIT LMEGHRIB,"Jan 12, 2020",505,49.15
2020-07-09,5vpdRnnWuIM,2  3AM MAJIT LMEGHRIB,"Jan 12, 2020",505,49.93
2020-07-10,5vpdRnnWuIM,2  3AM MAJIT LMEGHRIB,"Jan 12, 2020",505,53.2
2020-07-11,5vpdRnnWuIM,2  3AM MAJIT LMEGHRIB,"Jan 12, 2020",505,50.91
2020-07-12,5vpdRnnWuIM,2  3AM MAJIT LMEGHRIB,"Jan 12, 2020",505,55.34
2020-07-13,5vpdRnnWuIM,2  3AM MAJIT LMEGHRIB,"Jan 12, 2020",505,55
2020-07-14,5vpdRnnWuIM,2  3AM MAJIT LMEGHRIB,"Jan 12, 2020",505,52.83
2020-07-15,5vpdRnnWuIM,2  3AM MAJIT LMEGHRIB,"Jan 12, 2020",505,50.48
2020-07-16,5vpdRnnWuIM,2  3AM MAJIT LMEGHRIB,"Jan 12, 2020",505,53.11
2020-07-17,5vpdRnnWuIM,2  3AM MAJIT LMEGHRIB,"Jan 12, 2020",505,51.68
2020-07-18,5vpdRnnWuIM,2  3AM MAJIT LMEGHRIB,"Jan 12, 2020",505,48.87
2020-07-19,5vpdRnnWuIM,2  3AM MAJIT LMEGHRIB,"Jan 12, 2020",505,51.55
2020-07-20,5vpdRnnWuIM,2  3AM MAJIT LMEGHRIB,"Jan 12, 2020",505,50.03
2020-07-21,5vpdRnnWuIM,2  3AM MAJIT LMEGHRIB,"Jan 12, 2020",505,49.43
2020-07-22,5vpdRnnWuIM,2  3AM MAJIT LMEGHRIB,"Jan 12, 2020",505,51.66
2020-07-23,5vpdRnnWuIM,2  3AM MAJIT LMEGHRIB,"Jan 12, 2020",505,50.89
2020-07-24,5vpdRnnWuIM,2  3AM MAJIT LMEGHRIB,"Jan 12, 2020",505,49.15
2020-07-25,5vpdRnnWuIM,2  3AM MAJIT LMEGHRIB,"Jan 12, 2020",505,48.26
2020-07-26,5vpdRnnWuIM,2  3AM MAJIT LMEGHRIB,"Jan 12, 2020",505,50.74
2020-07-27,5vpdRnnWuIM,2  3AM MAJIT LMEGHRIB,"Jan 12, 2020",505,52.23
2020-07-28,5vpdRnnWuIM,2  3AM MAJIT LMEGHRIB,"Jan 12, 2020",505,56.21
2020-07-29,5vpdRnnWuIM,2  3AM MAJIT LMEGHRIB,"Jan 12, 2020",505,52.08
2020-07-30,5vpdRnnWuIM,2  3AM MAJIT LMEGHRIB,"Jan 12, 2020",505,57.21
2020-07-31,5vpdRnnWuIM,2  3AM MAJIT LMEGHRIB,"Jan 12, 2020",505,56.28
2020-08-01,5vpdRnnWuIM,2  3AM MAJIT LMEGHRIB,"Jan 12, 2020",505,58.41
2020-08-02,5vpdRnnWuIM,2  3AM MAJIT LMEGHRIB,"Jan 12, 2020",505,55.1
2020-08-03,5vpdRnnWuIM,2  3AM MAJIT LMEGHRIB,"Jan 12, 2020",505,54
2020-08-04,5vpdRnnWuIM,2  3AM MAJIT LMEGHRIB,"Jan 12, 2020",505,54.06
2020-08-05,5vpdRnnWuIM,2  3AM MAJIT LMEGHRIB,"Jan 12, 2020",505,49.77
2020-08-06,5vpdRnnWuIM,2  3AM MAJIT LMEGHRIB,"Jan 12, 2020",505,50.18
2020-08-07,5vpdRnnWuIM,2  3AM MAJIT LMEGHRIB,"Jan 12, 2020",505,54.11
2020-08-08,5vpdRnnWuIM,2  3AM MAJIT LMEGHRIB,"Jan 12, 2020",505,54.09
2020-08-09,5vpdRnnWuIM,2  3AM MAJIT LMEGHRIB,"Jan 12, 2020",505,52.11
2020-08-10,5vpdRnnWuIM,2  3AM MAJIT LMEGHRIB,"Jan 12, 2020",505,51.89
2020-08-11,5vpdRnnWuIM,2  3AM MAJIT LMEGHRIB,"Jan 12, 2020",505,47.55
2020-08-12,5vpdRnnWuIM,2  3AM MAJIT LMEGHRIB,"Jan 12, 2020",505,51.59
2020-08-13,5vpdRnnWuIM,2  3AM MAJIT LMEGHRIB,"Jan 12, 2020",505,49.44
2020-08-14,5vpdRnnWuIM,2  3AM MAJIT LMEGHRIB,"Jan 12, 2020",505,50.44
2020-08-15,5vpdRnnWuIM,2  3AM MAJIT LMEGHRIB,"Jan 12, 2020",505,47.04
2020-08-16,5vpdRnnWuIM,2  3AM MAJIT LMEGHRIB,"Jan 12, 2020",505,50.26
2020-08-17,5vpdRnnWuIM,2  3AM MAJIT LMEGHRIB,"Jan 12, 2020",505,54.19
2020-08-18,5vpdRnnWuIM,2  3AM MAJIT LMEGHRIB,"Jan 12, 2020",505,51.32
2020-08-19,5vpdRnnWuIM,2  3AM MAJIT LMEGHRIB,"Jan 12, 2020",505,53.09
2020-08-20,5vpdRnnWuIM,2  3AM MAJIT LMEGHRIB,"Jan 12, 2020",505,53.08
2020-08-21,5vpdRnnWuIM,2  3AM MAJIT LMEGHRIB,"Jan 12, 2020",505,51.21
2020-08-22,5vpdRnnWuIM,2  3AM MAJIT LMEGHRIB,"Jan 12, 2020",505,54.19
2020-08-23,5vpdRnnWuIM,2  3AM MAJIT LMEGHRIB,"Jan 12, 2020",505,53.11
2020-08-24,5vpdRnnWuIM,2  3AM MAJIT LMEGHRIB,"Jan 12, 2020",505,51.25
2020-08-25,5vpdRnnWuIM,2  3AM MAJIT LMEGHRIB,"Jan 12, 2020",505,51.2
2020-08-26,5vpdRnnWuIM,2  3AM MAJIT LMEGHRIB,"Jan 12, 2020",505,48.79
2020-08-27,5vpdRnnWuIM,2  3AM MAJIT LMEGHRIB,"Jan 12, 2020",505,48.52
2020-08-28,5vpdRnnWuIM,2  3AM MAJIT LMEGHRIB,"Jan 12, 2020",505,51.66
2020-08-29,5vpdRnnWuIM,2  3AM MAJIT LMEGHRIB,"Jan 12, 2020",505,53.93
2020-08-30,5vpdRnnWuIM,2  3AM MAJIT LMEGHRIB,"Jan 12, 2020",505,50.99
2020-08-31,5vpdRnnWuIM,2  3AM MAJIT LMEGHRIB,"Jan 12, 2020",505,52.94
2020-09-01,5vpdRnnWuIM,2  3AM MAJIT LMEGHRIB,"Jan 12, 2020",505,56.88
2020-09-02,5vpdRnnWuIM,2  3AM MAJIT LMEGHRIB,"Jan 12, 2020",505,58.53
2020-09-03,5vpdRnnWuIM,2  3AM MAJIT LMEGHRIB,"Jan 12, 2020",505,57.62
2020-09-04,5vpdRnnWuIM,2  3AM MAJIT LMEGHRIB,"Jan 12, 2020",505,54.62
2020-09-05,5vpdRnnWuIM,2  3AM MAJIT LMEGHRIB,"Jan 12, 2020",505,51.29
2020-09-06,5vpdRnnWuIM,2  3AM MAJIT LMEGHRIB,"Jan 12, 2020",505,54.8
2020-09-07,5vpdRnnWuIM,2  3AM MAJIT LMEGHRIB,"Jan 12, 2020",505,53.86
2020-09-08,5vpdRnnWuIM,2  3AM MAJIT LMEGHRIB,"Jan 12, 2020",505,56.61
2020-09-09,5vpdRnnWuIM,2  3AM MAJIT LMEGHRIB,"Jan 12, 2020",505,53.85
2020-09-10,5vpdRnnWuIM,2  3AM MAJIT LMEGHRIB,"Jan 12, 2020",505,53.8
2020-09-11,5vpdRnnWuIM,2  3AM MAJIT LMEGHRIB,"Jan 12, 2020",505,57.8
2020-09-12,5vpdRnnWuIM,2  3AM MAJIT LMEGHRIB,"Jan 12, 2020",505,57.69
2020-09-13,5vpdRnnWuIM,2  3AM MAJIT LMEGHRIB,"Jan 12, 2020",505,54.76
2020-09-14,5vpdRnnWuIM,2  3AM MAJIT LMEGHRIB,"Jan 12, 2020",505,50.59
2020-09-15,5vpdRnnWuIM,2  3AM MAJIT LMEGHRIB,"Jan 12, 2020",505,55.19
2020-09-16,5vpdRnnWuIM,2  3AM MAJIT LMEGHRIB,"Jan 12, 2020",505,55.7
2020-09-17,5vpdRnnWuIM,2  3AM MAJIT LMEGHRIB,"Jan 12, 2020",505,52.45
2020-09-18,5vpdRnnWuIM,2  3AM MAJIT LMEGHRIB,"Jan 12, 2020",505,48.48
2020-09-19,5vpdRnnWuIM,2  3AM MAJIT LMEGHRIB,"Jan 12, 2020",505,49.69
2020-09-20,5vpdRnnWuIM,2  3AM MAJIT LMEGHRIB,"Jan 12, 2020",505,48.09
2020-09-21,5vpdRnnWuIM,2  3AM MAJIT LMEGHRIB,"Jan 12, 2020",505,48.19
2020-09-22,5vpdRnnWuIM,2  3AM MAJIT LMEGHRIB,"Jan 12, 2020",505,43.67
2020-09-23,5vpdRnnWuIM,2  3AM MAJIT LMEGHRIB,"Jan 12, 2020",505,46.36
2020-09-24,5vpdRnnWuIM,2  3AM MAJIT LMEGHRIB,"Jan 12, 2020",505,48
2020-09-25,5vpdRnnWuIM,2  3AM MAJIT LMEGHRIB,"Jan 12, 2020",505,49.88
2020-09-26,5vpdRnnWuIM,2  3AM MAJIT LMEGHRIB,"Jan 12, 2020",505,47.28
2020-09-27,5vpdRnnWuIM,2  3AM MAJIT LMEGHRIB,"Jan 12, 2020",505,44.6
2020-09-28,5vpdRnnWuIM,2  3AM MAJIT LMEGHRIB,"Jan 12, 2020",505,47.86
2020-09-29,5vpdRnnWuIM,2  3AM MAJIT LMEGHRIB,"Jan 12, 2020",505,40.79
2020-09-30,5vpdRnnWuIM,2  3AM MAJIT LMEGHRIB,"Jan 12, 2020",505,44.42
2020-10-01,5vpdRnnWuIM,2  3AM MAJIT LMEGHRIB,"Jan 12, 2020",505,45.55
2020-10-02,5vpdRnnWuIM,2  3AM MAJIT LMEGHRIB,"Jan 12, 2020",505,45.56
2020-10-03,5vpdRnnWuIM,2  3AM MAJIT LMEGHRIB,"Jan 12, 2020",505,46.48
2020-10-04,5vpdRnnWuIM,2  3AM MAJIT LMEGHRIB,"Jan 12, 2020",505,52.09
2020-10-05,5vpdRnnWuIM,2  3AM MAJIT LMEGHRIB,"Jan 12, 2020",505,49.16
2020-10-06,5vpdRnnWuIM,2  3AM MAJIT LMEGHRIB,"Jan 12, 2020",505,50.2
2020-10-07,5vpdRnnWuIM,2  3AM MAJIT LMEGHRIB,"Jan 12, 2020",505,55.26
2020-10-08,5vpdRnnWuIM,2  3AM MAJIT LMEGHRIB,"Jan 12, 2020",505,53.66
2020-10-09,5vpdRnnWuIM,2  3AM MAJIT LMEGHRIB,"Jan 12, 2020",505,56.46
2020-10-10,5vpdRnnWuIM,2  3AM MAJIT LMEGHRIB,"Jan 12, 2020",505,50.67
2020-10-11,5vpdRnnWuIM,2  3AM MAJIT LMEGHRIB,"Jan 12, 2020",505,52.32
2020-10-12,5vpdRnnWuIM,2  3AM MAJIT LMEGHRIB,"Jan 12, 2020",505,55.97
2020-10-13,5vpdRnnWuIM,2  3AM MAJIT LMEGHRIB,"Jan 12, 2020",505,55.31
2020-10-14,5vpdRnnWuIM,2  3AM MAJIT LMEGHRIB,"Jan 12, 2020",505,54.39
2020-10-15,5vpdRnnWuIM,2  3AM MAJIT LMEGHRIB,"Jan 12, 2020",505,48.74
2020-10-16,5vpdRnnWuIM,2  3AM MAJIT LMEGHRIB,"Jan 12, 2020",505,49.58
2020-10-17,5vpdRnnWuIM,2  3AM MAJIT LMEGHRIB,"Jan 12, 2020",505,49.96
2020-10-18,5vpdRnnWuIM,2  3AM MAJIT LMEGHRIB,"Jan 12, 2020",505,47.91
2020-10-19,5vpdRnnWuIM,2  3AM MAJIT LMEGHRIB,"Jan 12, 2020",505,53.22
2020-10-20,5vpdRnnWuIM,2  3AM MAJIT LMEGHRIB,"Jan 12, 2020",505,47.15
2020-10-21,5vpdRnnWuIM,2  3AM MAJIT LMEGHRIB,"Jan 12, 2020",505,53.44
2020-10-22,5vpdRnnWuIM,2  3AM MAJIT LMEGHRIB,"Jan 12, 2020",505,46.01
2020-10-23,5vpdRnnWuIM,2  3AM MAJIT LMEGHRIB,"Jan 12, 2020",505,46.42
2020-10-24,5vpdRnnWuIM,2  3AM MAJIT LMEGHRIB,"Jan 12, 2020",505,48.31
2020-10-25,5vpdRnnWuIM,2  3AM MAJIT LMEGHRIB,"Jan 12, 2020",505,49.36
2020-10-26,5vpdRnnWuIM,2  3AM MAJIT LMEGHRIB,"Jan 12, 2020",505,55.89
2020-10-27,5vpdRnnWuIM,2  3AM MAJIT LMEGHRIB,"Jan 12, 2020",505,50.21
2020-10-28,5vpdRnnWuIM,2  3AM MAJIT LMEGHRIB,"Jan 12, 2020",505,50.46
2020-10-29,5vpdRnnWuIM,2  3AM MAJIT LMEGHRIB,"Jan 12, 2020",505,43.78
2020-10-30,5vpdRnnWuIM,2  3AM MAJIT LMEGHRIB,"Jan 12, 2020",505,50.36
2020-10-31,5vpdRnnWuIM,2  3AM MAJIT LMEGHRIB,"Jan 12, 2020",505,48.27
2020-11-01,5vpdRnnWuIM,2  3AM MAJIT LMEGHRIB,"Jan 12, 2020",505,52.02
2020-11-02,5vpdRnnWuIM,2  3AM MAJIT LMEGHRIB,"Jan 12, 2020",505,49.66
2020-11-03,5vpdRnnWuIM,2  3AM MAJIT LMEGHRIB,"Jan 12, 2020",505,50.21
2020-11-04,5vpdRnnWuIM,2  3AM MAJIT LMEGHRIB,"Jan 12, 2020",505,54.34
2020-11-05,5vpdRnnWuIM,2  3AM MAJIT LMEGHRIB,"Jan 12, 2020",505,47.08
2020-11-06,5vpdRnnWuIM,2  3AM MAJIT LMEGHRIB,"Jan 12, 2020",505,48.7
2020-11-07,5vpdRnnWuIM,2  3AM MAJIT LMEGHRIB,"Jan 12, 2020",505,49.28
2020-11-08,5vpdRnnWuIM,2  3AM MAJIT LMEGHRIB,"Jan 12, 2020",505,46.17
2020-11-09,5vpdRnnWuIM,2  3AM MAJIT LMEGHRIB,"Jan 12, 2020",505,46.34
2020-11-10,5vpdRnnWuIM,2  3AM MAJIT LMEGHRIB,"Jan 12, 2020",505,45.5
2020-11-11,5vpdRnnWuIM,2  3AM MAJIT LMEGHRIB,"Jan 12, 2020",505,46.11
2020-11-12,5vpdRnnWuIM,2  3AM MAJIT LMEGHRIB,"Jan 12, 2020",505,46.01
2020-11-13,5vpdRnnWuIM,2  3AM MAJIT LMEGHRIB,"Jan 12, 2020",505,47.02
2020-11-14,5vpdRnnWuIM,2  3AM MAJIT LMEGHRIB,"Jan 12, 2020",505,50.76
2020-11-15,5vpdRnnWuIM,2  3AM MAJIT LMEGHRIB,"Jan 12, 2020",505,43.76
2020-11-16,5vpdRnnWuIM,2  3AM MAJIT LMEGHRIB,"Jan 12, 2020",505,46.62
2020-11-17,5vpdRnnWuIM,2  3AM MAJIT LMEGHRIB,"Jan 12, 2020",505,42.23
2020-11-18,5vpdRnnWuIM,2  3AM MAJIT LMEGHRIB,"Jan 12, 2020",505,41.67
2020-11-19,5vpdRnnWuIM,2  3AM MAJIT LMEGHRIB,"Jan 12, 2020",505,43.25
2020-11-20,5vpdRnnWuIM,2  3AM MAJIT LMEGHRIB,"Jan 12, 2020",505,40.74
2020-11-21,5vpdRnnWuIM,2  3AM MAJIT LMEGHRIB,"Jan 12, 2020",505,45.09
2020-11-22,5vpdRnnWuIM,2  3AM MAJIT LMEGHRIB,"Jan 12, 2020",505,51.26
2020-11-23,5vpdRnnWuIM,2  3AM MAJIT LMEGHRIB,"Jan 12, 2020",505,49.91
2020-11-24,5vpdRnnWuIM,2  3AM MAJIT LMEGHRIB,"Jan 12, 2020",505,49.29
2020-11-25,5vpdRnnWuIM,2  3AM MAJIT LMEGHRIB,"Jan 12, 2020",505,48.71
2020-11-26,5vpdRnnWuIM,2  3AM MAJIT LMEGHRIB,"Jan 12, 2020",505,53.89
2020-11-27,5vpdRnnWuIM,2  3AM MAJIT LMEGHRIB,"Jan 12, 2020",505,52.77
2020-11-28,5vpdRnnWuIM,2  3AM MAJIT LMEGHRIB,"Jan 12, 2020",505,52.16
2020-11-29,5vpdRnnWuIM,2  3AM MAJIT LMEGHRIB,"Jan 12, 2020",505,49.03
2020-11-30,5vpdRnnWuIM,2  3AM MAJIT LMEGHRIB,"Jan 12, 2020",505,50.25
2020-12-01,5vpdRnnWuIM,2  3AM MAJIT LMEGHRIB,"Jan 12, 2020",505,50.17
2020-12-02,5vpdRnnWuIM,2  3AM MAJIT LMEGHRIB,"Jan 12, 2020",505,55.76
2020-12-03,5vpdRnnWuIM,2  3AM MAJIT LMEGHRIB,"Jan 12, 2020",505,53.24
2020-12-04,5vpdRnnWuIM,2  3AM MAJIT LMEGHRIB,"Jan 12, 2020",505,50.84
2020-12-05,5vpdRnnWuIM,2  3AM MAJIT LMEGHRIB,"Jan 12, 2020",505,50.86
2020-12-06,5vpdRnnWuIM,2  3AM MAJIT LMEGHRIB,"Jan 12, 2020",505,49.29
2020-12-07,5vpdRnnWuIM,2  3AM MAJIT LMEGHRIB,"Jan 12, 2020",505,49.39
2020-12-08,5vpdRnnWuIM,2  3AM MAJIT LMEGHRIB,"Jan 12, 2020",505,51.34
2020-12-09,5vpdRnnWuIM,2  3AM MAJIT LMEGHRIB,"Jan 12, 2020",505,52.2
2020-12-10,5vpdRnnWuIM,2  3AM MAJIT LMEGHRIB,"Jan 12, 2020",505,50.65
2020-12-11,5vpdRnnWuIM,2  3AM MAJIT LMEGHRIB,"Jan 12, 2020",505,50.08
2020-12-12,5vpdRnnWuIM,2  3AM MAJIT LMEGHRIB,"Jan 12, 2020",505,50.3
2020-12-13,5vpdRnnWuIM,2  3AM MAJIT LMEGHRIB,"Jan 12, 2020",505,48.65
2020-12-14,5vpdRnnWuIM,2  3AM MAJIT LMEGHRIB,"Jan 12, 2020",505,55.63
2020-12-15,5vpdRnnWuIM,2  3AM MAJIT LMEGHRIB,"Jan 12, 2020",505,55.31
2020-12-16,5vpdRnnWuIM,2  3AM MAJIT LMEGHRIB,"Jan 12, 2020",505,54.72
2020-12-17,5vpdRnnWuIM,2  3AM MAJIT LMEGHRIB,"Jan 12, 2020",505,57.49
2020-12-18,5vpdRnnWuIM,2  3AM MAJIT LMEGHRIB,"Jan 12, 2020",505,55.15
2020-12-19,5vpdRnnWuIM,2  3AM MAJIT LMEGHRIB,"Jan 12, 2020",505,58.08
2020-12-20,5vpdRnnWuIM,2  3AM MAJIT LMEGHRIB,"Jan 12, 2020",505,51.25
2020-12-21,5vpdRnnWuIM,2  3AM MAJIT LMEGHRIB,"Jan 12, 2020",505,56.48
2020-12-22,5vpdRnnWuIM,2  3AM MAJIT LMEGHRIB,"Jan 12, 2020",505,57.51
2020-12-23,5vpdRnnWuIM,2  3AM MAJIT LMEGHRIB,"Jan 12, 2020",505,56.99
2020-12-24,5vpdRnnWuIM,2  3AM MAJIT LMEGHRIB,"Jan 12, 2020",505,54.61
2020-12-25,5vpdRnnWuIM,2  3AM MAJIT LMEGHRIB,"Jan 12, 2020",505,53.49
2020-12-26,5vpdRnnWuIM,2  3AM MAJIT LMEGHRIB,"Jan 12, 2020",505,53.9
2020-12-27,5vpdRnnWuIM,2  3AM MAJIT LMEGHRIB,"Jan 12, 2020",505,58.41
2020-12-28,5vpdRnnWuIM,2  3AM MAJIT LMEGHRIB,"Jan 12, 2020",505,54.82
2020-12-29,5vpdRnnWuIM,2  3AM MAJIT LMEGHRIB,"Jan 12, 2020",505,55.28
2020-12-30,5vpdRnnWuIM,2  3AM MAJIT LMEGHRIB,"Jan 12, 2020",505,57.68
2020-12-31,5vpdRnnWuIM,2  3AM MAJIT LMEGHRIB,"Jan 12, 2020",505,50.82
2021-01-01,5vpdRnnWuIM,2  3AM MAJIT LMEGHRIB,"Jan 12, 2020",505,55.42
2021-01-02,5vpdRnnWuIM,2  3AM MAJIT LMEGHRIB,"Jan 12, 2020",505,55.74
2021-01-03,5vpdRnnWuIM,2  3AM MAJIT LMEGHRIB,"Jan 12, 2020",505,58.08
2021-01-04,5vpdRnnWuIM,2  3AM MAJIT LMEGHRIB,"Jan 12, 2020",505,53.06
2021-01-05,5vpdRnnWuIM,2  3AM MAJIT LMEGHRIB,"Jan 12, 2020",505,55.85
2021-01-06,5vpdRnnWuIM,2  3AM MAJIT LMEGHRIB,"Jan 12, 2020",505,55.03
2021-01-07,5vpdRnnWuIM,2  3AM MAJIT LMEGHRIB,"Jan 12, 2020",505,51.45
2021-01-08,5vpdRnnWuIM,2  3AM MAJIT LMEGHRIB,"Jan 12, 2020",505,54.58
2021-01-09,5vpdRnnWuIM,2  3AM MAJIT LMEGHRIB,"Jan 12, 2020",505,55.37
2021-01-10,5vpdRnnWuIM,2  3AM MAJIT LMEGHRIB,"Jan 12, 2020",505,53.9
2021-01-11,5vpdRnnWuIM,2  3AM MAJIT LMEGHRIB,"Jan 12, 2020",505,54.37
2021-01-12,5vpdRnnWuIM,2  3AM MAJIT LMEGHRIB,"Jan 12, 2020",505,57.45
2021-01-13,5vpdRnnWuIM,2  3AM MAJIT LMEGHRIB,"Jan 12, 2020",505,58.6
2021-01-14,5vpdRnnWuIM,2  3AM MAJIT LMEGHRIB,"Jan 12, 2020",505,54.15
2021-01-15,5vpdRnnWuIM,2  3AM MAJIT LMEGHRIB,"Jan 12, 2020",505,53.22
2021-01-16,5vpdRnnWuIM,2  3AM MAJIT LMEGHRIB,"Jan 12, 2020",505,51.44
2021-01-17,5vpdRnnWuIM,2  3AM MAJIT LMEGHRIB,"Jan 12, 2020",505,52.48
2021-01-18,5vpdRnnWuIM,2  3AM MAJIT LMEGHRIB,"Jan 12, 2020",505,52.24
2021-01-19,5vpdRnnWuIM,2  3AM MAJIT LMEGHRIB,"Jan 12, 2020",505,55.66
2021-01-20,5vpdRnnWuIM,2  3AM MAJIT LMEGHRIB,"Jan 12, 2020",505,56.75
2021-01-21,5vpdRnnWuIM,2  3AM MAJIT LMEGHRIB,"Jan 12, 2020",505,52.91
2021-01-22,5vpdRnnWuIM,2  3AM MAJIT LMEGHRIB,"Jan 12, 2020",505,54.09
2021-01-23,5vpdRnnWuIM,2  3AM MAJIT LMEGHRIB,"Jan 12, 2020",505,58.19
2021-01-24,5vpdRnnWuIM,2  3AM MAJIT LMEGHRIB,"Jan 12, 2020",505,57.43
2021-01-25,5vpdRnnWuIM,2  3AM MAJIT LMEGHRIB,"Jan 12, 2020",505,59.59
2021-01-26,5vpdRnnWuIM,2  3AM MAJIT LMEGHRIB,"Jan 12, 2020",505,49.22
2021-01-27,5vpdRnnWuIM,2  3AM MAJIT LMEGHRIB,"Jan 12, 2020",505,45.53
2021-01-28,5vpdRnnWuIM,2  3AM MAJIT LMEGHRIB,"Jan 12, 2020",505,53.27
2021-01-29,5vpdRnnWuIM,2  3AM MAJIT LMEGHRIB,"Jan 12, 2020",505,52.44
2021-01-30,5vpdRnnWuIM,2  3AM MAJIT LMEGHRIB,"Jan 12, 2020",505,52.66
2021-01-31,5vpdRnnWuIM,2  3AM MAJIT LMEGHRIB,"Jan 12, 2020",505,54.86
2021-02-01,5vpdRnnWuIM,2  3AM MAJIT LMEGHRIB,"Jan 12, 2020",505,53.22
2021-02-02,5vpdRnnWuIM,2  3AM MAJIT LMEGHRIB,"Jan 12, 2020",505,48.81
2021-02-03,5vpdRnnWuIM,2  3AM MAJIT LMEGHRIB,"Jan 12, 2020",505,46.25
2021-02-04,5vpdRnnWuIM,2  3AM MAJIT LMEGHRIB,"Jan 12, 2020",505,51.36
2021-02-05,5vpdRnnWuIM,2  3AM MAJIT LMEGHRIB,"Jan 12, 2020",505,46.75
2021-02-06,5vpdRnnWuIM,2  3AM MAJIT LMEGHRIB,"Jan 12, 2020",505,49.25
2021-02-07,5vpdRnnWuIM,2  3AM MAJIT LMEGHRIB,"Jan 12, 2020",505,50.79
2021-02-08,5vpdRnnWuIM,2  3AM MAJIT LMEGHRIB,"Jan 12, 2020",505,52.69
2021-02-09,5vpdRnnWuIM,2  3AM MAJIT LMEGHRIB,"Jan 12, 2020",505,60.77
2021-02-10,5vpdRnnWuIM,2  3AM MAJIT LMEGHRIB,"Jan 12, 2020",505,54.48
2021-02-11,5vpdRnnWuIM,2  3AM MAJIT LMEGHRIB,"Jan 12, 2020",505,54.37
2021-02-12,5vpdRnnWuIM,2  3AM MAJIT LMEGHRIB,"Jan 12, 2020",505,59.41
2021-02-13,5vpdRnnWuIM,2  3AM MAJIT LMEGHRIB,"Jan 12, 2020",505,53.79
2021-02-14,5vpdRnnWuIM,2  3AM MAJIT LMEGHRIB,"Jan 12, 2020",505,56.02
2021-02-15,5vpdRnnWuIM,2  3AM MAJIT LMEGHRIB,"Jan 12, 2020",505,58.71
2021-02-16,5vpdRnnWuIM,2  3AM MAJIT LMEGHRIB,"Jan 12, 2020",505,56.93
2021-02-17,5vpdRnnWuIM,2  3AM MAJIT LMEGHRIB,"Jan 12, 2020",505,53.6
2021-02-18,5vpdRnnWuIM,2  3AM MAJIT LMEGHRIB,"Jan 12, 2020",505,57.13
2021-02-19,5vpdRnnWuIM,2  3AM MAJIT LMEGHRIB,"Jan 12, 2020",505,58.45
2021-02-20,5vpdRnnWuIM,2  3AM MAJIT LMEGHRIB,"Jan 12, 2020",505,53.86
2021-02-21,5vpdRnnWuIM,2  3AM MAJIT LMEGHRIB,"Jan 12, 2020",505,57.83
2021-02-22,5vpdRnnWuIM,2  3AM MAJIT LMEGHRIB,"Jan 12, 2020",505,57.34
2021-02-23,5vpdRnnWuIM,2  3AM MAJIT LMEGHRIB,"Jan 12, 2020",505,55.39
2021-02-24,5vpdRnnWuIM,2  3AM MAJIT LMEGHRIB,"Jan 12, 2020",505,48.28
2021-02-25,5vpdRnnWuIM,2  3AM MAJIT LMEGHRIB,"Jan 12, 2020",505,56.37
2021-02-26,5vpdRnnWuIM,2  3AM MAJIT LMEGHRIB,"Jan 12, 2020",505,51.11
2021-02-27,5vpdRnnWuIM,2  3AM MAJIT LMEGHRIB,"Jan 12, 2020",505,50.81
2021-02-28,5vpdRnnWuIM,2  3AM MAJIT LMEGHRIB,"Jan 12, 2020",505,52.69
2021-03-01,5vpdRnnWuIM,2  3AM MAJIT LMEGHRIB,"Jan 12, 2020",505,60.44
2021-03-02,5vpdRnnWuIM,2  3AM MAJIT LMEGHRIB,"Jan 12, 2020",505,59.75
2021-03-03,5vpdRnnWuIM,2  3AM MAJIT LMEGHRIB,"Jan 12, 2020",505,60.28
2021-03-04,5vpdRnnWuIM,2  3AM MAJIT LMEGHRIB,"Jan 12, 2020",505,54.54
2021-03-05,5vpdRnnWuIM,2  3AM MAJIT LMEGHRIB,"Jan 12, 2020",505,54.37
2021-03-06,5vpdRnnWuIM,2  3AM MAJIT LMEGHRIB,"Jan 12, 2020",505,54.39
2021-03-07,5vpdRnnWuIM,2  3AM MAJIT LMEGHRIB,"Jan 12, 2020",505,52.69
2021-03-08,5vpdRnnWuIM,2  3AM MAJIT LMEGHRIB,"Jan 12, 2020",505,51.56
2021-03-09,5vpdRnnWuIM,2  3AM MAJIT LMEGHRIB,"Jan 12, 2020",505,55.66
2021-03-10,5vpdRnnWuIM,2  3AM MAJIT LMEGHRIB,"Jan 12, 2020",505,50.15
2021-03-11,5vpdRnnWuIM,2  3AM MAJIT LMEGHRIB,"Jan 12, 2020",505,48.94
2021-03-12,5vpdRnnWuIM,2  3AM MAJIT LMEGHRIB,"Jan 12, 2020",505,51.12
2021-03-13,5vpdRnnWuIM,2  3AM MAJIT LMEGHRIB,"Jan 12, 2020",505,48.81
2021-03-14,5vpdRnnWuIM,2  3AM MAJIT LMEGHRIB,"Jan 12, 2020",505,50.81
2021-03-15,5vpdRnnWuIM,2  3AM MAJIT LMEGHRIB,"Jan 12, 2020",505,46.79
2021-03-16,5vpdRnnWuIM,2  3AM MAJIT LMEGHRIB,"Jan 12, 2020",505,53.82
2021-03-17,5vpdRnnWuIM,2  3AM MAJIT LMEGHRIB,"Jan 12, 2020",505,45.17
2021-03-18,5vpdRnnWuIM,2  3AM MAJIT LMEGHRIB,"Jan 12, 2020",505,43.64
2021-03-19,5vpdRnnWuIM,2  3AM MAJIT LMEGHRIB,"Jan 12, 2020",505,44.91
2021-03-20,5vpdRnnWuIM,2  3AM MAJIT LMEGHRIB,"Jan 12, 2020",505,49.8
2021-03-21,5vpdRnnWuIM,2  3AM MAJIT LMEGHRIB,"Jan 12, 2020",505,47.87
2021-03-22,5vpdRnnWuIM,2  3AM MAJIT LMEGHRIB,"Jan 12, 2020",505,49.64
2021-03-23,5vpdRnnWuIM,2  3AM MAJIT LMEGHRIB,"Jan 12, 2020",505,52.37
2021-03-24,5vpdRnnWuIM,2  3AM MAJIT LMEGHRIB,"Jan 12, 2020",505,52.07
2021-03-25,5vpdRnnWuIM,2  3AM MAJIT LMEGHRIB,"Jan 12, 2020",505,50.76
2021-03-26,5vpdRnnWuIM,2  3AM MAJIT LMEGHRIB,"Jan 12, 2020",505,51.45
2021-03-27,5vpdRnnWuIM,2  3AM MAJIT LMEGHRIB,"Jan 12, 2020",505,56.83
2021-03-28,5vpdRnnWuIM,2  3AM MAJIT LMEGHRIB,"Jan 12, 2020",505,53.46
2021-03-29,5vpdRnnWuIM,2  3AM MAJIT LMEGHRIB,"Jan 12, 2020",505,54.87
2021-03-30,5vpdRnnWuIM,2  3AM MAJIT LMEGHRIB,"Jan 12, 2020",505,53.68
2021-03-31,5vpdRnnWuIM,2  3AM MAJIT LMEGHRIB,"Jan 12, 2020",505,57.82
2021-04-01,5vpdRnnWuIM,2  3AM MAJIT LMEGHRIB,"Jan 12, 2020",505,50.91
2021-04-02,5vpdRnnWuIM,2  3AM MAJIT LMEGHRIB,"Jan 12, 2020",505,57.92
2021-04-03,5vpdRnnWuIM,2  3AM MAJIT LMEGHRIB,"Jan 12, 2020",505,52.75
2021-04-04,5vpdRnnWuIM,2  3AM MAJIT LMEGHRIB,"Jan 12, 2020",505,51.96
2021-04-05,5vpdRnnWuIM,2  3AM MAJIT LMEGHRIB,"Jan 12, 2020",505,56.96
2021-04-06,5vpdRnnWuIM,2  3AM MAJIT LMEGHRIB,"Jan 12, 2020",505,48.83
2021-04-07,5vpdRnnWuIM,2  3AM MAJIT LMEGHRIB,"Jan 12, 2020",505,48.41
2021-04-08,5vpdRnnWuIM,2  3AM MAJIT LMEGHRIB,"Jan 12, 2020",505,53.06
2021-04-09,5vpdRnnWuIM,2  3AM MAJIT LMEGHRIB,"Jan 12, 2020",505,54.63
2021-04-10,5vpdRnnWuIM,2  3AM MAJIT LMEGHRIB,"Jan 12, 2020",505,59.49
2021-04-11,5vpdRnnWuIM,2  3AM MAJIT LMEGHRIB,"Jan 12, 2020",505,60.59
2021-04-12,5vpdRnnWuIM,2  3AM MAJIT LMEGHRIB,"Jan 12, 2020",505,58.92
2021-04-13,5vpdRnnWuIM,2  3AM MAJIT LMEGHRIB,"Jan 12, 2020",505,57.96
2021-04-14,5vpdRnnWuIM,2  3AM MAJIT LMEGHRIB,"Jan 12, 2020",505,56.23
2021-04-15,5vpdRnnWuIM,2  3AM MAJIT LMEGHRIB,"Jan 12, 2020",505,53.99
2021-04-16,5vpdRnnWuIM,2  3AM MAJIT LMEGHRIB,"Jan 12, 2020",505,57.78
2021-04-17,5vpdRnnWuIM,2  3AM MAJIT LMEGHRIB,"Jan 12, 2020",505,60.89
2021-04-18,5vpdRnnWuIM,2  3AM MAJIT LMEGHRIB,"Jan 12, 2020",505,58.13
2021-04-19,5vpdRnnWuIM,2  3AM MAJIT LMEGHRIB,"Jan 12, 2020",505,58.66
2021-04-20,5vpdRnnWuIM,2  3AM MAJIT LMEGHRIB,"Jan 12, 2020",505,57.97
2021-04-21,5vpdRnnWuIM,2  3AM MAJIT LMEGHRIB,"Jan 12, 2020",505,54.89
2021-04-22,5vpdRnnWuIM,2  3AM MAJIT LMEGHRIB,"Jan 12, 2020",505,60.19
2021-04-23,5vpdRnnWuIM,2  3AM MAJIT LMEGHRIB,"Jan 12, 2020",505,61.69
2021-04-24,5vpdRnnWuIM,2  3AM MAJIT LMEGHRIB,"Jan 12, 2020",505,49.35
2021-04-25,5vpdRnnWuIM,2  3AM MAJIT LMEGHRIB,"Jan 12, 2020",505,53.89
2021-04-26,5vpdRnnWuIM,2  3AM MAJIT LMEGHRIB,"Jan 12, 2020",505,57.25
2021-04-27,5vpdRnnWuIM,2  3AM MAJIT LMEGHRIB,"Jan 12, 2020",505,52.41
2021-04-28,5vpdRnnWuIM,2  3AM MAJIT LMEGHRIB,"Jan 12, 2020",505,58.65
2021-04-29,5vpdRnnWuIM,2  3AM MAJIT LMEGHRIB,"Jan 12, 2020",505,57.7
2021-04-30,5vpdRnnWuIM,2  3AM MAJIT LMEGHRIB,"Jan 12, 2020",505,54.78
2021-05-01,5vpdRnnWuIM,2  3AM MAJIT LMEGHRIB,"Jan 12, 2020",505,51.25
2021-05-02,5vpdRnnWuIM,2  3AM MAJIT LMEGHRIB,"Jan 12, 2020",505,53.13
2021-05-03,5vpdRnnWuIM,2  3AM MAJIT LMEGHRIB,"Jan 12, 2020",505,57.24
2021-05-04,5vpdRnnWuIM,2  3AM MAJIT LMEGHRIB,"Jan 12, 2020",505,57.32
2021-05-05,5vpdRnnWuIM,2  3AM MAJIT LMEGHRIB,"Jan 12, 2020",505,60.53
2021-05-06,5vpdRnnWuIM,2  3AM MAJIT LMEGHRIB,"Jan 12, 2020",505,63.15
2021-05-07,5vpdRnnWuIM,2  3AM MAJIT LMEGHRIB,"Jan 12, 2020",505,56.43
2021-05-08,5vpdRnnWuIM,2  3AM MAJIT LMEGHRIB,"Jan 12, 2020",505,52.22
2021-05-09,5vpdRnnWuIM,2  3AM MAJIT LMEGHRIB,"Jan 12, 2020",505,53.39
2021-05-10,5vpdRnnWuIM,2  3AM MAJIT LMEGHRIB,"Jan 12, 2020",505,54.99
2021-05-11,5vpdRnnWuIM,2  3AM MAJIT LMEGHRIB,"Jan 12, 2020",505,59.33
2021-05-12,5vpdRnnWuIM,2  3AM MAJIT LMEGHRIB,"Jan 12, 2020",505,51.88
2021-05-13,5vpdRnnWuIM,2  3AM MAJIT LMEGHRIB,"Jan 12, 2020",505,49.15
2021-05-14,5vpdRnnWuIM,2  3AM MAJIT LMEGHRIB,"Jan 12, 2020",505,48.23
2021-05-15,5vpdRnnWuIM,2  3AM MAJIT LMEGHRIB,"Jan 12, 2020",505,54.3
2021-05-16,5vpdRnnWuIM,2  3AM MAJIT LMEGHRIB,"Jan 12, 2020",505,58.74
2021-05-17,5vpdRnnWuIM,2  3AM MAJIT LMEGHRIB,"Jan 12, 2020",505,55.22
2021-05-18,5vpdRnnWuIM,2  3AM MAJIT LMEGHRIB,"Jan 12, 2020",505,50.08
2021-05-19,5vpdRnnWuIM,2  3AM MAJIT LMEGHRIB,"Jan 12, 2020",505,49.68
2021-05-20,5vpdRnnWuIM,2  3AM MAJIT LMEGHRIB,"Jan 12, 2020",505,55
2021-05-21,5vpdRnnWuIM,2  3AM MAJIT LMEGHRIB,"Jan 12, 2020",505,49.54
2021-05-22,5vpdRnnWuIM,2  3AM MAJIT LMEGHRIB,"Jan 12, 2020",505,48.97
2021-05-23,5vpdRnnWuIM,2  3AM MAJIT LMEGHRIB,"Jan 12, 2020",505,56.71
2021-05-24,5vpdRnnWuIM,2  3AM MAJIT LMEGHRIB,"Jan 12, 2020",505,54.9
2021-05-25,5vpdRnnWuIM,2  3AM MAJIT LMEGHRIB,"Jan 12, 2020",505,55.78
2021-05-26,5vpdRnnWuIM,2  3AM MAJIT LMEGHRIB,"Jan 12, 2020",505,55.37
2021-05-27,5vpdRnnWuIM,2  3AM MAJIT LMEGHRIB,"Jan 12, 2020",505,57.23
2021-05-28,5vpdRnnWuIM,2  3AM MAJIT LMEGHRIB,"Jan 12, 2020",505,54.35
2021-05-29,5vpdRnnWuIM,2  3AM MAJIT LMEGHRIB,"Jan 12, 2020",505,51.12
2021-05-30,5vpdRnnWuIM,2  3AM MAJIT LMEGHRIB,"Jan 12, 2020",505,49.73
2021-05-31,5vpdRnnWuIM,2  3AM MAJIT LMEGHRIB,"Jan 12, 2020",505,53.26
2021-06-01,5vpdRnnWuIM,2  3AM MAJIT LMEGHRIB,"Jan 12, 2020",505,51.63
2021-06-02,5vpdRnnWuIM,2  3AM MAJIT LMEGHRIB,"Jan 12, 2020",505,58.8
2021-06-03,5vpdRnnWuIM,2  3AM MAJIT LMEGHRIB,"Jan 12, 2020",505,58.74
2021-06-04,5vpdRnnWuIM,2  3AM MAJIT LMEGHRIB,"Jan 12, 2020",505,52.72
2021-06-05,5vpdRnnWuIM,2  3AM MAJIT LMEGHRIB,"Jan 12, 2020",505,52.57
2021-06-06,5vpdRnnWuIM,2  3AM MAJIT LMEGHRIB,"Jan 12, 2020",505,56.08
2021-06-07,5vpdRnnWuIM,2  3AM MAJIT LMEGHRIB,"Jan 12, 2020",505,55.95
2021-06-08,5vpdRnnWuIM,2  3AM MAJIT LMEGHRIB,"Jan 12, 2020",505,56.35
2021-06-09,5vpdRnnWuIM,2  3AM MAJIT LMEGHRIB,"Jan 12, 2020",505,51.25
2021-06-10,5vpdRnnWuIM,2  3AM MAJIT LMEGHRIB,"Jan 12, 2020",505,55.38
2021-06-11,5vpdRnnWuIM,2  3AM MAJIT LMEGHRIB,"Jan 12, 2020",505,48.87
2021-06-12,5vpdRnnWuIM,2  3AM MAJIT LMEGHRIB,"Jan 12, 2020",505,56.56
2021-06-13,5vpdRnnWuIM,2  3AM MAJIT LMEGHRIB,"Jan 12, 2020",505,51.16
2021-06-14,5vpdRnnWuIM,2  3AM MAJIT LMEGHRIB,"Jan 12, 2020",505,54.5
2021-06-15,5vpdRnnWuIM,2  3AM MAJIT LMEGHRIB,"Jan 12, 2020",505,52.8
2021-06-16,5vpdRnnWuIM,2  3AM MAJIT LMEGHRIB,"Jan 12, 2020",505,58.02
2021-06-17,5vpdRnnWuIM,2  3AM MAJIT LMEGHRIB,"Jan 12, 2020",505,51.71
2021-06-18,5vpdRnnWuIM,2  3AM MAJIT LMEGHRIB,"Jan 12, 2020",505,55.1
2021-06-19,5vpdRnnWuIM,2  3AM MAJIT LMEGHRIB,"Jan 12, 2020",505,52.22
2021-06-20,5vpdRnnWuIM,2  3AM MAJIT LMEGHRIB,"Jan 12, 2020",505,59.44
2021-06-21,5vpdRnnWuIM,2  3AM MAJIT LMEGHRIB,"Jan 12, 2020",505,53.35
2021-06-22,5vpdRnnWuIM,2  3AM MAJIT LMEGHRIB,"Jan 12, 2020",505,57.77
2021-06-23,5vpdRnnWuIM,2  3AM MAJIT LMEGHRIB,"Jan 12, 2020",505,54.9
2021-06-24,5vpdRnnWuIM,2  3AM MAJIT LMEGHRIB,"Jan 12, 2020",505,58.7
2021-06-25,5vpdRnnWuIM,2  3AM MAJIT LMEGHRIB,"Jan 12, 2020",505,52.17
2021-06-26,5vpdRnnWuIM,2  3AM MAJIT LMEGHRIB,"Jan 12, 2020",505,49.47
2021-06-27,5vpdRnnWuIM,2  3AM MAJIT LMEGHRIB,"Jan 12, 2020",505,55.89
2021-06-28,5vpdRnnWuIM,2  3AM MAJIT LMEGHRIB,"Jan 12, 2020",505,55.95
2021-06-29,5vpdRnnWuIM,2  3AM MAJIT LMEGHRIB,"Jan 12, 2020",505,59.16
2021-06-30,5vpdRnnWuIM,2  3AM MAJIT LMEGHRIB,"Jan 12, 2020",505,54.92
2021-07-01,5vpdRnnWuIM,2  3AM MAJIT LMEGHRIB,"Jan 12, 2020",505,54.59
2021-07-02,5vpdRnnWuIM,2  3AM MAJIT LMEGHRIB,"Jan 12, 2020",505,50.3
2021-07-03,5vpdRnnWuIM,2  3AM MAJIT LMEGHRIB,"Jan 12, 2020",505,52.81
2021-07-04,5vpdRnnWuIM,2  3AM MAJIT LMEGHRIB,"Jan 12, 2020",505,54.72
2021-07-05,5vpdRnnWuIM,2  3AM MAJIT LMEGHRIB,"Jan 12, 2020",505,50.32
2021-07-06,5vpdRnnWuIM,2  3AM MAJIT LMEGHRIB,"Jan 12, 2020",505,53.18
2021-07-07,5vpdRnnWuIM,2  3AM MAJIT LMEGHRIB,"Jan 12, 2020",505,51.76
2021-07-08,5vpdRnnWuIM,2  3AM MAJIT LMEGHRIB,"Jan 12, 2020",505,52.36
2021-07-09,5vpdRnnWuIM,2  3AM MAJIT LMEGHRIB,"Jan 12, 2020",505,52.82
2021-07-10,5vpdRnnWuIM,2  3AM MAJIT LMEGHRIB,"Jan 12, 2020",505,52.28
2021-07-11,5vpdRnnWuIM,2  3AM MAJIT LMEGHRIB,"Jan 12, 2020",505,56.33
2021-07-12,5vpdRnnWuIM,2  3AM MAJIT LMEGHRIB,"Jan 12, 2020",505,54.81
2021-07-13,5vpdRnnWuIM,2  3AM MAJIT LMEGHRIB,"Jan 12, 2020",505,52.39
2021-07-14,5vpdRnnWuIM,2  3AM MAJIT LMEGHRIB,"Jan 12, 2020",505,56.49
2021-07-15,5vpdRnnWuIM,2  3AM MAJIT LMEGHRIB,"Jan 12, 2020",505,52.56
2021-07-16,5vpdRnnWuIM,2  3AM MAJIT LMEGHRIB,"Jan 12, 2020",505,47.12
2021-07-17,5vpdRnnWuIM,2  3AM MAJIT LMEGHRIB,"Jan 12, 2020",505,53
2021-07-18,5vpdRnnWuIM,2  3AM MAJIT LMEGHRIB,"Jan 12, 2020",505,55.2
2021-07-19,5vpdRnnWuIM,2  3AM MAJIT LMEGHRIB,"Jan 12, 2020",505,57.5
2021-07-20,5vpdRnnWuIM,2  3AM MAJIT LMEGHRIB,"Jan 12, 2020",505,58.05
2021-07-21,5vpdRnnWuIM,2  3AM MAJIT LMEGHRIB,"Jan 12, 2020",505,53.42
2021-07-22,5vpdRnnWuIM,2  3AM MAJIT LMEGHRIB,"Jan 12, 2020",505,51.37
2021-07-23,5vpdRnnWuIM,2  3AM MAJIT LMEGHRIB,"Jan 12, 2020",505,54.24
2021-07-24,5vpdRnnWuIM,2  3AM MAJIT LMEGHRIB,"Jan 12, 2020",505,54.98
2021-07-25,5vpdRnnWuIM,2  3AM MAJIT LMEGHRIB,"Jan 12, 2020",505,60.14
2021-07-26,5vpdRnnWuIM,2  3AM MAJIT LMEGHRIB,"Jan 12, 2020",505,51.53
2021-07-27,5vpdRnnWuIM,2  3AM MAJIT LMEGHRIB,"Jan 12, 2020",505,53.19
2021-07-28,5vpdRnnWuIM,2  3AM MAJIT LMEGHRIB,"Jan 12, 2020",505,51.61
2021-07-29,5vpdRnnWuIM,2  3AM MAJIT LMEGHRIB,"Jan 12, 2020",505,49.44
2021-07-30,5vpdRnnWuIM,2  3AM MAJIT LMEGHRIB,"Jan 12, 2020",505,58.57
2021-07-31,5vpdRnnWuIM,2  3AM MAJIT LMEGHRIB,"Jan 12, 2020",505,49.32
2021-08-01,5vpdRnnWuIM,2  3AM MAJIT LMEGHRIB,"Jan 12, 2020",505,61.39
2021-08-02,5vpdRnnWuIM,2  3AM MAJIT LMEGHRIB,"Jan 12, 2020",505,54.88
2021-08-03,5vpdRnnWuIM,2  3AM MAJIT LMEGHRIB,"Jan 12, 2020",505,61.11
2021-08-04,5vpdRnnWuIM,2  3AM MAJIT LMEGHRIB,"Jan 12, 2020",505,49.5
2021-08-05,5vpdRnnWuIM,2  3AM MAJIT LMEGHRIB,"Jan 12, 2020",505,59.1
2021-08-06,5vpdRnnWuIM,2  3AM MAJIT LMEGHRIB,"Jan 12, 2020",505,54.12
2021-08-07,5vpdRnnWuIM,2  3AM MAJIT LMEGHRIB,"Jan 12, 2020",505,59.94
2021-08-08,5vpdRnnWuIM,2  3AM MAJIT LMEGHRIB,"Jan 12, 2020",505,59.19
2021-08-09,5vpdRnnWuIM,2  3AM MAJIT LMEGHRIB,"Jan 12, 2020",505,50.18
2021-08-10,5vpdRnnWuIM,2  3AM MAJIT LMEGHRIB,"Jan 12, 2020",505,53.94
2021-08-11,5vpdRnnWuIM,2  3AM MAJIT LMEGHRIB,"Jan 12, 2020",505,53.71
2021-08-12,5vpdRnnWuIM,2  3AM MAJIT LMEGHRIB,"Jan 12, 2020",505,55.81
2021-08-13,5vpdRnnWuIM,2  3AM MAJIT LMEGHRIB,"Jan 12, 2020",505,52.9
2021-08-14,5vpdRnnWuIM,2  3AM MAJIT LMEGHRIB,"Jan 12, 2020",505,56.17
2021-08-15,5vpdRnnWuIM,2  3AM MAJIT LMEGHRIB,"Jan 12, 2020",505,57.78
2021-08-16,5vpdRnnWuIM,2  3AM MAJIT LMEGHRIB,"Jan 12, 2020",505,58.57
2021-08-17,5vpdRnnWuIM,2  3AM MAJIT LMEGHRIB,"Jan 12, 2020",505,55.02
2021-08-18,5vpdRnnWuIM,2  3AM MAJIT LMEGHRIB,"Jan 12, 2020",505,58.54
2021-08-19,5vpdRnnWuIM,2  3AM MAJIT LMEGHRIB,"Jan 12, 2020",505,55.61
2021-08-20,5vpdRnnWuIM,2  3AM MAJIT LMEGHRIB,"Jan 12, 2020",505,54.87
2021-08-21,5vpdRnnWuIM,2  3AM MAJIT LMEGHRIB,"Jan 12, 2020",505,57.1
2021-08-22,5vpdRnnWuIM,2  3AM MAJIT LMEGHRIB,"Jan 12, 2020",505,59.95
2021-08-23,5vpdRnnWuIM,2  3AM MAJIT LMEGHRIB,"Jan 12, 2020",505,52.04
2021-08-24,5vpdRnnWuIM,2  3AM MAJIT LMEGHRIB,"Jan 12, 2020",505,54.41
2021-08-25,5vpdRnnWuIM,2  3AM MAJIT LMEGHRIB,"Jan 12, 2020",505,48.02
2021-08-26,5vpdRnnWuIM,2  3AM MAJIT LMEGHRIB,"Jan 12, 2020",505,54.3
2021-08-27,5vpdRnnWuIM,2  3AM MAJIT LMEGHRIB,"Jan 12, 2020",505,51.92
2021-08-28,5vpdRnnWuIM,2  3AM MAJIT LMEGHRIB,"Jan 12, 2020",505,51.73
2021-08-29,5vpdRnnWuIM,2  3AM MAJIT LMEGHRIB,"Jan 12, 2020",505,55.52
2021-08-30,5vpdRnnWuIM,2  3AM MAJIT LMEGHRIB,"Jan 12, 2020",505,55.33
2021-08-31,5vpdRnnWuIM,2  3AM MAJIT LMEGHRIB,"Jan 12, 2020",505,51.78
2021-09-01,5vpdRnnWuIM,2  3AM MAJIT LMEGHRIB,"Jan 12, 2020",505,51
2021-09-02,5vpdRnnWuIM,2  3AM MAJIT LMEGHRIB,"Jan 12, 2020",505,51.27
2021-09-03,5vpdRnnWuIM,2  3AM MAJIT LMEGHRIB,"Jan 12, 2020",505,49.8
2021-09-04,5vpdRnnWuIM,2  3AM MAJIT LMEGHRIB,"Jan 12, 2020",505,52.4
2021-09-05,5vpdRnnWuIM,2  3AM MAJIT LMEGHRIB,"Jan 12, 2020",505,51.08
2021-09-06,5vpdRnnWuIM,2  3AM MAJIT LMEGHRIB,"Jan 12, 2020",505,53.31
2021-09-07,5vpdRnnWuIM,2  3AM MAJIT LMEGHRIB,"Jan 12, 2020",505,48.91
2021-09-08,5vpdRnnWuIM,2  3AM MAJIT LMEGHRIB,"Jan 12, 2020",505,49.64
2021-09-09,5vpdRnnWuIM,2  3AM MAJIT LMEGHRIB,"Jan 12, 2020",505,48.7
2021-09-10,5vpdRnnWuIM,2  3AM MAJIT LMEGHRIB,"Jan 12, 2020",505,51.05
2021-09-11,5vpdRnnWuIM,2  3AM MAJIT LMEGHRIB,"Jan 12, 2020",505,47.59
2021-09-12,5vpdRnnWuIM,2  3AM MAJIT LMEGHRIB,"Jan 12, 2020",505,46.51
2021-09-13,5vpdRnnWuIM,2  3AM MAJIT LMEGHRIB,"Jan 12, 2020",505,45.7
2021-09-14,5vpdRnnWuIM,2  3AM MAJIT LMEGHRIB,"Jan 12, 2020",505,48.09
2021-09-15,5vpdRnnWuIM,2  3AM MAJIT LMEGHRIB,"Jan 12, 2020",505,45.21
2021-09-16,5vpdRnnWuIM,2  3AM MAJIT LMEGHRIB,"Jan 12, 2020",505,48.82
2021-09-17,5vpdRnnWuIM,2  3AM MAJIT LMEGHRIB,"Jan 12, 2020",505,50.88
2021-09-18,5vpdRnnWuIM,2  3AM MAJIT LMEGHRIB,"Jan 12, 2020",505,41.89
2021-09-19,5vpdRnnWuIM,2  3AM MAJIT LMEGHRIB,"Jan 12, 2020",505,49.95
2021-09-20,5vpdRnnWuIM,2  3AM MAJIT LMEGHRIB,"Jan 12, 2020",505,53.05
2021-09-21,5vpdRnnWuIM,2  3AM MAJIT LMEGHRIB,"Jan 12, 2020",505,55.56
2021-09-22,5vpdRnnWuIM,2  3AM MAJIT LMEGHRIB,"Jan 12, 2020",505,49.11
2021-09-23,5vpdRnnWuIM,2  3AM MAJIT LMEGHRIB,"Jan 12, 2020",505,49.58
2021-09-24,5vpdRnnWuIM,2  3AM MAJIT LMEGHRIB,"Jan 12, 2020",505,54.66
2021-09-25,5vpdRnnWuIM,2  3AM MAJIT LMEGHRIB,"Jan 12, 2020",505,50.65
2021-09-26,5vpdRnnWuIM,2  3AM MAJIT LMEGHRIB,"Jan 12, 2020",505,59.37
2021-09-27,5vpdRnnWuIM,2  3AM MAJIT LMEGHRIB,"Jan 12, 2020",505,54.98
2021-09-28,5vpdRnnWuIM,2  3AM MAJIT LMEGHRIB,"Jan 12, 2020",505,51.76
2021-09-29,5vpdRnnWuIM,2  3AM MAJIT LMEGHRIB,"Jan 12, 2020",505,50.38
2021-09-30,5vpdRnnWuIM,2  3AM MAJIT LMEGHRIB,"Jan 12, 2020",505,49.77
2021-10-01,5vpdRnnWuIM,2  3AM MAJIT LMEGHRIB,"Jan 12, 2020",505,52.8
2021-10-02,5vpdRnnWuIM,2  3AM MAJIT LMEGHRIB,"Jan 12, 2020",505,46.3
2021-10-03,5vpdRnnWuIM,2  3AM MAJIT LMEGHRIB,"Jan 12, 2020",505,47.35
2021-10-04,5vpdRnnWuIM,2  3AM MAJIT LMEGHRIB,"Jan 12, 2020",505,52.78
2021-10-05,5vpdRnnWuIM,2  3AM MAJIT LMEGHRIB,"Jan 12, 2020",505,51.9
2021-10-06,5vpdRnnWuIM,2  3AM MAJIT LMEGHRIB,"Jan 12, 2020",505,54.28
2021-10-07,5vpdRnnWuIM,2  3AM MAJIT LMEGHRIB,"Jan 12, 2020",505,51.23
2021-10-08,5vpdRnnWuIM,2  3AM MAJIT LMEGHRIB,"Jan 12, 2020",505,53.39
2021-10-09,5vpdRnnWuIM,2  3AM MAJIT LMEGHRIB,"Jan 12, 2020",505,51.65
2021-10-10,5vpdRnnWuIM,2  3AM MAJIT LMEGHRIB,"Jan 12, 2020",505,57.29
2021-10-11,5vpdRnnWuIM,2  3AM MAJIT LMEGHRIB,"Jan 12, 2020",505,48.16
2021-10-12,5vpdRnnWuIM,2  3AM MAJIT LMEGHRIB,"Jan 12, 2020",505,53.41
2021-10-13,5vpdRnnWuIM,2  3AM MAJIT LMEGHRIB,"Jan 12, 2020",505,58.34
2021-10-14,5vpdRnnWuIM,2  3AM MAJIT LMEGHRIB,"Jan 12, 2020",505,58.71
2021-10-15,5vpdRnnWuIM,2  3AM MAJIT LMEGHRIB,"Jan 12, 2020",505,53.86
2021-10-16,5vpdRnnWuIM,2  3AM MAJIT LMEGHRIB,"Jan 12, 2020",505,57.86
2021-10-17,5vpdRnnWuIM,2  3AM MAJIT LMEGHRIB,"Jan 12, 2020",505,46.2
2021-10-18,5vpdRnnWuIM,2  3AM MAJIT LMEGHRIB,"Jan 12, 2020",505,54.28
2021-10-19,5vpdRnnWuIM,2  3AM MAJIT LMEGHRIB,"Jan 12, 2020",505,54.02
2021-10-20,5vpdRnnWuIM,2  3AM MAJIT LMEGHRIB,"Jan 12, 2020",505,53.59
2021-10-21,5vpdRnnWuIM,2  3AM MAJIT LMEGHRIB,"Jan 12, 2020",505,57.3
2021-10-22,5vpdRnnWuIM,2  3AM MAJIT LMEGHRIB,"Jan 12, 2020",505,60.27
2021-10-23,5vpdRnnWuIM,2  3AM MAJIT LMEGHRIB,"Jan 12, 2020",505,55.1
2021-10-24,5vpdRnnWuIM,2  3AM MAJIT LMEGHRIB,"Jan 12, 2020",505,54.43
2021-10-25,5vpdRnnWuIM,2  3AM MAJIT LMEGHRIB,"Jan 12, 2020",505,60.92
2021-10-26,5vpdRnnWuIM,2  3AM MAJIT LMEGHRIB,"Jan 12, 2020",505,54.11
2021-10-27,5vpdRnnWuIM,2  3AM MAJIT LMEGHRIB,"Jan 12, 2020",505,53.41
2021-10-28,5vpdRnnWuIM,2  3AM MAJIT LMEGHRIB,"Jan 12, 2020",505,54.51
2021-10-29,5vpdRnnWuIM,2  3AM MAJIT LMEGHRIB,"Jan 12, 2020",505,57.33
2021-10-30,5vpdRnnWuIM,2  3AM MAJIT LMEGHRIB,"Jan 12, 2020",505,50.99
2021-10-31,5vpdRnnWuIM,2  3AM MAJIT LMEGHRIB,"Jan 12, 2020",505,53.3
2021-11-01,5vpdRnnWuIM,2  3AM MAJIT LMEGHRIB,"Jan 12, 2020",505,57.2
2021-11-02,5vpdRnnWuIM,2  3AM MAJIT LMEGHRIB,"Jan 12, 2020",505,54.96
2021-11-03,5vpdRnnWuIM,2  3AM MAJIT LMEGHRIB,"Jan 12, 2020",505,53.85
2021-11-04,5vpdRnnWuIM,2  3AM MAJIT LMEGHRIB,"Jan 12, 2020",505,54.12
2021-11-05,5vpdRnnWuIM,2  3AM MAJIT LMEGHRIB,"Jan 12, 2020",505,57.13
2021-11-06,5vpdRnnWuIM,2  3AM MAJIT LMEGHRIB,"Jan 12, 2020",505,54.99
2021-11-07,5vpdRnnWuIM,2  3AM MAJIT LMEGHRIB,"Jan 12, 2020",505,48.93
2021-11-08,5vpdRnnWuIM,2  3AM MAJIT LMEGHRIB,"Jan 12, 2020",505,66.43
2021-11-09,5vpdRnnWuIM,2  3AM MAJIT LMEGHRIB,"Jan 12, 2020",505,62.46
2021-11-10,5vpdRnnWuIM,2  3AM MAJIT LMEGHRIB,"Jan 12, 2020",505,57.97
2021-11-11,5vpdRnnWuIM,2  3AM MAJIT LMEGHRIB,"Jan 12, 2020",505,58.22
2021-11-12,5vpdRnnWuIM,2  3AM MAJIT LMEGHRIB,"Jan 12, 2020",505,58.74
2021-11-13,5vpdRnnWuIM,2  3AM MAJIT LMEGHRIB,"Jan 12, 2020",505,59.8
2021-11-14,5vpdRnnWuIM,2  3AM MAJIT LMEGHRIB,"Jan 12, 2020",505,48.22
2021-11-15,5vpdRnnWuIM,2  3AM MAJIT LMEGHRIB,"Jan 12, 2020",505,55.68
2021-11-16,5vpdRnnWuIM,2  3AM MAJIT LMEGHRIB,"Jan 12, 2020",505,56.24
2021-11-17,5vpdRnnWuIM,2  3AM MAJIT LMEGHRIB,"Jan 12, 2020",505,57.93
2021-11-18,5vpdRnnWuIM,2  3AM MAJIT LMEGHRIB,"Jan 12, 2020",505,58.9
2021-11-19,5vpdRnnWuIM,2  3AM MAJIT LMEGHRIB,"Jan 12, 2020",505,62
2021-11-20,5vpdRnnWuIM,2  3AM MAJIT LMEGHRIB,"Jan 12, 2020",505,58.52
2021-11-21,5vpdRnnWuIM,2  3AM MAJIT LMEGHRIB,"Jan 12, 2020",505,60
2021-11-22,5vpdRnnWuIM,2  3AM MAJIT LMEGHRIB,"Jan 12, 2020",505,57.56
2021-11-23,5vpdRnnWuIM,2  3AM MAJIT LMEGHRIB,"Jan 12, 2020",505,54.07
2021-11-24,5vpdRnnWuIM,2  3AM MAJIT LMEGHRIB,"Jan 12, 2020",505,61.8
2021-11-25,5vpdRnnWuIM,2  3AM MAJIT LMEGHRIB,"Jan 12, 2020",505,61.04
2021-11-26,5vpdRnnWuIM,2  3AM MAJIT LMEGHRIB,"Jan 12, 2020",505,55.39
2021-11-27,5vpdRnnWuIM,2  3AM MAJIT LMEGHRIB,"Jan 12, 2020",505,52.8
2021-11-28,5vpdRnnWuIM,2  3AM MAJIT LMEGHRIB,"Jan 12, 2020",505,52.15
2021-11-29,5vpdRnnWuIM,2  3AM MAJIT LMEGHRIB,"Jan 12, 2020",505,59.6
2021-11-30,5vpdRnnWuIM,2  3AM MAJIT LMEGHRIB,"Jan 12, 2020",505,54.98
2021-12-01,5vpdRnnWuIM,2  3AM MAJIT LMEGHRIB,"Jan 12, 2020",505,57.3
2021-12-02,5vpdRnnWuIM,2  3AM MAJIT LMEGHRIB,"Jan 12, 2020",505,60.39
2021-12-03,5vpdRnnWuIM,2  3AM MAJIT LMEGHRIB,"Jan 12, 2020",505,63.66
2021-12-04,5vpdRnnWuIM,2  3AM MAJIT LMEGHRIB,"Jan 12, 2020",505,57.65
2021-12-05,5vpdRnnWuIM,2  3AM MAJIT LMEGHRIB,"Jan 12, 2020",505,56.94
2021-12-06,5vpdRnnWuIM,2  3AM MAJIT LMEGHRIB,"Jan 12, 2020",505,60.2
2021-12-07,5vpdRnnWuIM,2  3AM MAJIT LMEGHRIB,"Jan 12, 2020",505,54.94
2021-12-08,5vpdRnnWuIM,2  3AM MAJIT LMEGHRIB,"Jan 12, 2020",505,60.86
2021-12-09,5vpdRnnWuIM,2  3AM MAJIT LMEGHRIB,"Jan 12, 2020",505,59.13
2021-12-10,5vpdRnnWuIM,2  3AM MAJIT LMEGHRIB,"Jan 12, 2020",505,56.06
2021-12-11,5vpdRnnWuIM,2  3AM MAJIT LMEGHRIB,"Jan 12, 2020",505,55.01
2021-12-12,5vpdRnnWuIM,2  3AM MAJIT LMEGHRIB,"Jan 12, 2020",505,59.37
2021-12-13,5vpdRnnWuIM,2  3AM MAJIT LMEGHRIB,"Jan 12, 2020",505,63.38
2021-12-14,5vpdRnnWuIM,2  3AM MAJIT LMEGHRIB,"Jan 12, 2020",505,57.92
2021-12-15,5vpdRnnWuIM,2  3AM MAJIT LMEGHRIB,"Jan 12, 2020",505,60.44
2021-12-16,5vpdRnnWuIM,2  3AM MAJIT LMEGHRIB,"Jan 12, 2020",505,58.4
2021-12-17,5vpdRnnWuIM,2  3AM MAJIT LMEGHRIB,"Jan 12, 2020",505,61.02
2021-12-18,5vpdRnnWuIM,2  3AM MAJIT LMEGHRIB,"Jan 12, 2020",505,59.04
2021-12-19,5vpdRnnWuIM,2  3AM MAJIT LMEGHRIB,"Jan 12, 2020",505,55.46
2021-12-20,5vpdRnnWuIM,2  3AM MAJIT LMEGHRIB,"Jan 12, 2020",505,56.84
2021-12-21,5vpdRnnWuIM,2  3AM MAJIT LMEGHRIB,"Jan 12, 2020",505,55.83
2021-12-22,5vpdRnnWuIM,2  3AM MAJIT LMEGHRIB,"Jan 12, 2020",505,58.25
2021-12-23,5vpdRnnWuIM,2  3AM MAJIT LMEGHRIB,"Jan 12, 2020",505,55.76
2021-12-24,5vpdRnnWuIM,2  3AM MAJIT LMEGHRIB,"Jan 12, 2020",505,55.74
2021-12-25,5vpdRnnWuIM,2  3AM MAJIT LMEGHRIB,"Jan 12, 2020",505,55.54
2021-12-26,5vpdRnnWuIM,2  3AM MAJIT LMEGHRIB,"Jan 12, 2020",505,59.56
2021-12-27,5vpdRnnWuIM,2  3AM MAJIT LMEGHRIB,"Jan 12, 2020",505,53.85
2021-12-28,5vpdRnnWuIM,2  3AM MAJIT LMEGHRIB,"Jan 12, 2020",505,46.78
2021-12-29,5vpdRnnWuIM,2  3AM MAJIT LMEGHRIB,"Jan 12, 2020",505,50.14
2021-12-30,5vpdRnnWuIM,2  3AM MAJIT LMEGHRIB,"Jan 12, 2020",505,50.19
2021-12-31,5vpdRnnWuIM,2  3AM MAJIT LMEGHRIB,"Jan 12, 2020",505,50.22
2022-01-01,5vpdRnnWuIM,2  3AM MAJIT LMEGHRIB,"Jan 12, 2020",505,46.24
2022-01-02,5vpdRnnWuIM,2  3AM MAJIT LMEGHRIB,"Jan 12, 2020",505,49.19
2022-01-03,5vpdRnnWuIM,2  3AM MAJIT LMEGHRIB,"Jan 12, 2020",505,52.29
2022-01-04,5vpdRnnWuIM,2  3AM MAJIT LMEGHRIB,"Jan 12, 2020",505,50.67
2022-01-05,5vpdRnnWuIM,2  3AM MAJIT LMEGHRIB,"Jan 12, 2020",505,52.57
2022-01-06,5vpdRnnWuIM,2  3AM MAJIT LMEGHRIB,"Jan 12, 2020",505,53.3
2022-01-07,5vpdRnnWuIM,2  3AM MAJIT LMEGHRIB,"Jan 12, 2020",505,50.65
2022-01-08,5vpdRnnWuIM,2  3AM MAJIT LMEGHRIB,"Jan 12, 2020",505,51.45
2022-01-09,5vpdRnnWuIM,2  3AM MAJIT LMEGHRIB,"Jan 12, 2020",505,50.85
2022-01-10,5vpdRnnWuIM,2  3AM MAJIT LMEGHRIB,"Jan 12, 2020",505,50.75
2022-01-11,5vpdRnnWuIM,2  3AM MAJIT LMEGHRIB,"Jan 12, 2020",505,54.06
2022-01-12,5vpdRnnWuIM,2  3AM MAJIT LMEGHRIB,"Jan 12, 2020",505,46.48
2022-01-13,5vpdRnnWuIM,2  3AM MAJIT LMEGHRIB,"Jan 12, 2020",505,56.09
2022-01-14,5vpdRnnWuIM,2  3AM MAJIT LMEGHRIB,"Jan 12, 2020",505,51.35
2022-01-15,5vpdRnnWuIM,2  3AM MAJIT LMEGHRIB,"Jan 12, 2020",505,51.61
2022-01-16,5vpdRnnWuIM,2  3AM MAJIT LMEGHRIB,"Jan 12, 2020",505,56.96
2022-01-17,5vpdRnnWuIM,2  3AM MAJIT LMEGHRIB,"Jan 12, 2020",505,53.14
2022-01-18,5vpdRnnWuIM,2  3AM MAJIT LMEGHRIB,"Jan 12, 2020",505,49.94
2022-01-19,5vpdRnnWuIM,2  3AM MAJIT LMEGHRIB,"Jan 12, 2020",505,46.58
2022-01-20,5vpdRnnWuIM,2  3AM MAJIT LMEGHRIB,"Jan 12, 2020",505,55.05
2022-01-21,5vpdRnnWuIM,2  3AM MAJIT LMEGHRIB,"Jan 12, 2020",505,52.91
2022-01-22,5vpdRnnWuIM,2  3AM MAJIT LMEGHRIB,"Jan 12, 2020",505,51.2
2022-01-23,5vpdRnnWuIM,2  3AM MAJIT LMEGHRIB,"Jan 12, 2020",505,48.83
2022-01-24,5vpdRnnWuIM,2  3AM MAJIT LMEGHRIB,"Jan 12, 2020",505,55.25
2022-01-25,5vpdRnnWuIM,2  3AM MAJIT LMEGHRIB,"Jan 12, 2020",505,52.01
2022-01-26,5vpdRnnWuIM,2  3AM MAJIT LMEGHRIB,"Jan 12, 2020",505,54.97
2022-01-27,5vpdRnnWuIM,2  3AM MAJIT LMEGHRIB,"Jan 12, 2020",505,52.23
2022-01-28,5vpdRnnWuIM,2  3AM MAJIT LMEGHRIB,"Jan 12, 2020",505,50.87
2022-01-29,5vpdRnnWuIM,2  3AM MAJIT LMEGHRIB,"Jan 12, 2020",505,51.93
2022-01-30,5vpdRnnWuIM,2  3AM MAJIT LMEGHRIB,"Jan 12, 2020",505,51.39
2022-01-31,5vpdRnnWuIM,2  3AM MAJIT LMEGHRIB,"Jan 12, 2020",505,48.92
2022-02-01,5vpdRnnWuIM,2  3AM MAJIT LMEGHRIB,"Jan 12, 2020",505,51.94
2022-02-02,5vpdRnnWuIM,2  3AM MAJIT LMEGHRIB,"Jan 12, 2020",505,48.38
2022-02-03,5vpdRnnWuIM,2  3AM MAJIT LMEGHRIB,"Jan 12, 2020",505,55.05
2022-02-04,5vpdRnnWuIM,2  3AM MAJIT LMEGHRIB,"Jan 12, 2020",505,52.92
2022-02-05,5vpdRnnWuIM,2  3AM MAJIT LMEGHRIB,"Jan 12, 2020",505,60.14
2022-02-06,5vpdRnnWuIM,2  3AM MAJIT LMEGHRIB,"Jan 12, 2020",505,54.87
2022-02-07,5vpdRnnWuIM,2  3AM MAJIT LMEGHRIB,"Jan 12, 2020",505,53.4
2022-02-08,5vpdRnnWuIM,2  3AM MAJIT LMEGHRIB,"Jan 12, 2020",505,55.46
2022-02-09,5vpdRnnWuIM,2  3AM MAJIT LMEGHRIB,"Jan 12, 2020",505,55.07
2022-02-10,5vpdRnnWuIM,2  3AM MAJIT LMEGHRIB,"Jan 12, 2020",505,54.03
2022-02-11,5vpdRnnWuIM,2  3AM MAJIT LMEGHRIB,"Jan 12, 2020",505,54.39
2022-02-12,5vpdRnnWuIM,2  3AM MAJIT LMEGHRIB,"Jan 12, 2020",505,52.19
2022-02-13,5vpdRnnWuIM,2  3AM MAJIT LMEGHRIB,"Jan 12, 2020",505,52.66
2022-02-14,5vpdRnnWuIM,2  3AM MAJIT LMEGHRIB,"Jan 12, 2020",505,57.95
2022-02-15,5vpdRnnWuIM,2  3AM MAJIT LMEGHRIB,"Jan 12, 2020",505,57.96
2022-02-16,5vpdRnnWuIM,2  3AM MAJIT LMEGHRIB,"Jan 12, 2020",505,61.98
2022-02-17,5vpdRnnWuIM,2  3AM MAJIT LMEGHRIB,"Jan 12, 2020",505,57.14
2022-02-18,5vpdRnnWuIM,2  3AM MAJIT LMEGHRIB,"Jan 12, 2020",505,61.54
2022-02-19,5vpdRnnWuIM,2  3AM MAJIT LMEGHRIB,"Jan 12, 2020",505,61.4
2022-02-20,5vpdRnnWuIM,2  3AM MAJIT LMEGHRIB,"Jan 12, 2020",505,59.32
2022-02-21,5vpdRnnWuIM,2  3AM MAJIT LMEGHRIB,"Jan 12, 2020",505,55.04
2022-02-22,5vpdRnnWuIM,2  3AM MAJIT LMEGHRIB,"Jan 12, 2020",505,56.24
2022-02-23,5vpdRnnWuIM,2  3AM MAJIT LMEGHRIB,"Jan 12, 2020",505,54.24
2022-02-24,5vpdRnnWuIM,2  3AM MAJIT LMEGHRIB,"Jan 12, 2020",505,58.41
2022-02-25,5vpdRnnWuIM,2  3AM MAJIT LMEGHRIB,"Jan 12, 2020",505,61.42
2022-02-26,5vpdRnnWuIM,2  3AM MAJIT LMEGHRIB,"Jan 12, 2020",505,61.03
2022-02-27,5vpdRnnWuIM,2  3AM MAJIT LMEGHRIB,"Jan 12, 2020",505,53.35
2022-02-28,5vpdRnnWuIM,2  3AM MAJIT LMEGHRIB,"Jan 12, 2020",505,54.42
2022-03-01,5vpdRnnWuIM,2  3AM MAJIT LMEGHRIB,"Jan 12, 2020",505,61.21
2022-03-02,5vpdRnnWuIM,2  3AM MAJIT LMEGHRIB,"Jan 12, 2020",505,64.18
2022-03-03,5vpdRnnWuIM,2  3AM MAJIT LMEGHRIB,"Jan 12, 2020",505,58.3
2022-03-04,5vpdRnnWuIM,2  3AM MAJIT LMEGHRIB,"Jan 12, 2020",505,60.48
2022-03-05,5vpdRnnWuIM,2  3AM MAJIT LMEGHRIB,"Jan 12, 2020",505,54.9
2022-03-06,5vpdRnnWuIM,2  3AM MAJIT LMEGHRIB,"Jan 12, 2020",505,59.31
2022-03-07,5vpdRnnWuIM,2  3AM MAJIT LMEGHRIB,"Jan 12, 2020",505,49.66
2022-03-08,5vpdRnnWuIM,2  3AM MAJIT LMEGHRIB,"Jan 12, 2020",505,51.28
2022-03-09,5vpdRnnWuIM,2  3AM MAJIT LMEGHRIB,"Jan 12, 2020",505,56.76
2022-03-10,5vpdRnnWuIM,2  3AM MAJIT LMEGHRIB,"Jan 12, 2020",505,55.32
2022-03-11,5vpdRnnWuIM,2  3AM MAJIT LMEGHRIB,"Jan 12, 2020",505,62.15
2022-03-12,5vpdRnnWuIM,2  3AM MAJIT LMEGHRIB,"Jan 12, 2020",505,53.76
2022-03-13,5vpdRnnWuIM,2  3AM MAJIT LMEGHRIB,"Jan 12, 2020",505,51.93
2022-03-14,5vpdRnnWuIM,2  3AM MAJIT LMEGHRIB,"Jan 12, 2020",505,53.39
2022-03-15,5vpdRnnWuIM,2  3AM MAJIT LMEGHRIB,"Jan 12, 2020",505,59.83
2022-03-16,5vpdRnnWuIM,2  3AM MAJIT LMEGHRIB,"Jan 12, 2020",505,55.92
2022-03-17,5vpdRnnWuIM,2  3AM MAJIT LMEGHRIB,"Jan 12, 2020",505,58.88
2022-03-18,5vpdRnnWuIM,2  3AM MAJIT LMEGHRIB,"Jan 12, 2020",505,51.8
2022-03-19,5vpdRnnWuIM,2  3AM MAJIT LMEGHRIB,"Jan 12, 2020",505,54.58
2022-03-20,5vpdRnnWuIM,2  3AM MAJIT LMEGHRIB,"Jan 12, 2020",505,58.16
2022-03-21,5vpdRnnWuIM,2  3AM MAJIT LMEGHRIB,"Jan 12, 2020",505,55.11
2022-03-22,5vpdRnnWuIM,2  3AM MAJIT LMEGHRIB,"Jan 12, 2020",505,57.34
2022-03-23,5vpdRnnWuIM,2  3AM MAJIT LMEGHRIB,"Jan 12, 2020",505,56.75
2022-03-24,5vpdRnnWuIM,2  3AM MAJIT LMEGHRIB,"Jan 12, 2020",505,55.99
2022-03-25,5vpdRnnWuIM,2  3AM MAJIT LMEGHRIB,"Jan 12, 2020",505,56.48
2022-03-26,5vpdRnnWuIM,2  3AM MAJIT LMEGHRIB,"Jan 12, 2020",505,56.45
2022-03-27,5vpdRnnWuIM,2  3AM MAJIT LMEGHRIB,"Jan 12, 2020",505,53.63
2022-03-28,5vpdRnnWuIM,2  3AM MAJIT LMEGHRIB,"Jan 12, 2020",505,67.26
2022-03-29,5vpdRnnWuIM,2  3AM MAJIT LMEGHRIB,"Jan 12, 2020",505,55.28
2022-03-30,5vpdRnnWuIM,2  3AM MAJIT LMEGHRIB,"Jan 12, 2020",505,58.28
2022-03-31,5vpdRnnWuIM,2  3AM MAJIT LMEGHRIB,"Jan 12, 2020",505,55.01
2022-04-01,5vpdRnnWuIM,2  3AM MAJIT LMEGHRIB,"Jan 12, 2020",505,52.62
2022-04-02,5vpdRnnWuIM,2  3AM MAJIT LMEGHRIB,"Jan 12, 2020",505,54.82
2022-04-03,5vpdRnnWuIM,2  3AM MAJIT LMEGHRIB,"Jan 12, 2020",505,58.33
2022-04-04,5vpdRnnWuIM,2  3AM MAJIT LMEGHRIB,"Jan 12, 2020",505,52.15
2022-04-05,5vpdRnnWuIM,2  3AM MAJIT LMEGHRIB,"Jan 12, 2020",505,51.25
2022-04-06,5vpdRnnWuIM,2  3AM MAJIT LMEGHRIB,"Jan 12, 2020",505,46.6
2022-04-07,5vpdRnnWuIM,2  3AM MAJIT LMEGHRIB,"Jan 12, 2020",505,54.75
2022-04-08,5vpdRnnWuIM,2  3AM MAJIT LMEGHRIB,"Jan 12, 2020",505,56.96
2022-04-09,5vpdRnnWuIM,2  3AM MAJIT LMEGHRIB,"Jan 12, 2020",505,49.03
2022-04-10,5vpdRnnWuIM,2  3AM MAJIT LMEGHRIB,"Jan 12, 2020",505,61.4
2022-04-11,5vpdRnnWuIM,2  3AM MAJIT LMEGHRIB,"Jan 12, 2020",505,59.59
2022-04-12,5vpdRnnWuIM,2  3AM MAJIT LMEGHRIB,"Jan 12, 2020",505,49.73
2022-04-13,5vpdRnnWuIM,2  3AM MAJIT LMEGHRIB,"Jan 12, 2020",505,60.22
2022-04-14,5vpdRnnWuIM,2  3AM MAJIT LMEGHRIB,"Jan 12, 2020",505,52.27
2022-04-15,5vpdRnnWuIM,2  3AM MAJIT LMEGHRIB,"Jan 12, 2020",505,59.24
2022-04-16,5vpdRnnWuIM,2  3AM MAJIT LMEGHRIB,"Jan 12, 2020",505,54.67
2022-04-17,5vpdRnnWuIM,2  3AM MAJIT LMEGHRIB,"Jan 12, 2020",505,54.11
2022-04-18,5vpdRnnWuIM,2  3AM MAJIT LMEGHRIB,"Jan 12, 2020",505,59.45
2022-04-19,5vpdRnnWuIM,2  3AM MAJIT LMEGHRIB,"Jan 12, 2020",505,61.33
2022-04-20,5vpdRnnWuIM,2  3AM MAJIT LMEGHRIB,"Jan 12, 2020",505,64.57
2022-04-21,5vpdRnnWuIM,2  3AM MAJIT LMEGHRIB,"Jan 12, 2020",505,47.8
2022-04-22,5vpdRnnWuIM,2  3AM MAJIT LMEGHRIB,"Jan 12, 2020",505,53.45
2022-04-23,5vpdRnnWuIM,2  3AM MAJIT LMEGHRIB,"Jan 12, 2020",505,54.82
2022-04-24,5vpdRnnWuIM,2  3AM MAJIT LMEGHRIB,"Jan 12, 2020",505,59.28
2022-04-25,5vpdRnnWuIM,2  3AM MAJIT LMEGHRIB,"Jan 12, 2020",505,57.8
2022-04-26,5vpdRnnWuIM,2  3AM MAJIT LMEGHRIB,"Jan 12, 2020",505,65.58
2022-04-27,5vpdRnnWuIM,2  3AM MAJIT LMEGHRIB,"Jan 12, 2020",505,54.35
2022-04-28,5vpdRnnWuIM,2  3AM MAJIT LMEGHRIB,"Jan 12, 2020",505,61.33
2022-04-29,5vpdRnnWuIM,2  3AM MAJIT LMEGHRIB,"Jan 12, 2020",505,52.43
2022-04-30,5vpdRnnWuIM,2  3AM MAJIT LMEGHRIB,"Jan 12, 2020",505,49.48
2022-05-01,5vpdRnnWuIM,2  3AM MAJIT LMEGHRIB,"Jan 12, 2020",505,52.79
2022-05-02,5vpdRnnWuIM,2  3AM MAJIT LMEGHRIB,"Jan 12, 2020",505,52.44
2022-05-03,5vpdRnnWuIM,2  3AM MAJIT LMEGHRIB,"Jan 12, 2020",505,51.42
2022-05-04,5vpdRnnWuIM,2  3AM MAJIT LMEGHRIB,"Jan 12, 2020",505,52.97
2022-05-05,5vpdRnnWuIM,2  3AM MAJIT LMEGHRIB,"Jan 12, 2020",505,57.94
2022-05-06,5vpdRnnWuIM,2  3AM MAJIT LMEGHRIB,"Jan 12, 2020",505,56.36
2022-05-07,5vpdRnnWuIM,2  3AM MAJIT LMEGHRIB,"Jan 12, 2020",505,54.96
2022-05-08,5vpdRnnWuIM,2  3AM MAJIT LMEGHRIB,"Jan 12, 2020",505,59.78
2022-05-09,5vpdRnnWuIM,2  3AM MAJIT LMEGHRIB,"Jan 12, 2020",505,58.71
2022-05-10,5vpdRnnWuIM,2  3AM MAJIT LMEGHRIB,"Jan 12, 2020",505,62.03
2022-05-11,5vpdRnnWuIM,2  3AM MAJIT LMEGHRIB,"Jan 12, 2020",505,48.59
2022-05-12,5vpdRnnWuIM,2  3AM MAJIT LMEGHRIB,"Jan 12, 2020",505,58.82
2022-05-13,5vpdRnnWuIM,2  3AM MAJIT LMEGHRIB,"Jan 12, 2020",505,54.23
2022-05-14,5vpdRnnWuIM,2  3AM MAJIT LMEGHRIB,"Jan 12, 2020",505,53.66
2022-05-15,5vpdRnnWuIM,2  3AM MAJIT LMEGHRIB,"Jan 12, 2020",505,53.15
2022-05-16,5vpdRnnWuIM,2  3AM MAJIT LMEGHRIB,"Jan 12, 2020",505,53.03
2022-05-17,5vpdRnnWuIM,2  3AM MAJIT LMEGHRIB,"Jan 12, 2020",505,54.91
2022-05-18,5vpdRnnWuIM,2  3AM MAJIT LMEGHRIB,"Jan 12, 2020",505,53.36
2022-05-19,5vpdRnnWuIM,2  3AM MAJIT LMEGHRIB,"Jan 12, 2020",505,61.39
2022-05-20,5vpdRnnWuIM,2  3AM MAJIT LMEGHRIB,"Jan 12, 2020",505,54.06
2022-05-21,5vpdRnnWuIM,2  3AM MAJIT LMEGHRIB,"Jan 12, 2020",505,55.32
2022-05-22,5vpdRnnWuIM,2  3AM MAJIT LMEGHRIB,"Jan 12, 2020",505,52.42
2022-05-23,5vpdRnnWuIM,2  3AM MAJIT LMEGHRIB,"Jan 12, 2020",505,58.42
2022-05-24,5vpdRnnWuIM,2  3AM MAJIT LMEGHRIB,"Jan 12, 2020",505,54.93
2022-05-25,5vpdRnnWuIM,2  3AM MAJIT LMEGHRIB,"Jan 12, 2020",505,50.89
2022-05-26,5vpdRnnWuIM,2  3AM MAJIT LMEGHRIB,"Jan 12, 2020",505,55.18
2022-05-27,5vpdRnnWuIM,2  3AM MAJIT LMEGHRIB,"Jan 12, 2020",505,52.67
2022-05-28,5vpdRnnWuIM,2  3AM MAJIT LMEGHRIB,"Jan 12, 2020",505,48.96
2022-05-29,5vpdRnnWuIM,2  3AM MAJIT LMEGHRIB,"Jan 12, 2020",505,49.78
2022-05-30,5vpdRnnWuIM,2  3AM MAJIT LMEGHRIB,"Jan 12, 2020",505,52.5
2022-05-31,5vpdRnnWuIM,2  3AM MAJIT LMEGHRIB,"Jan 12, 2020",505,53.42
2022-06-01,5vpdRnnWuIM,2  3AM MAJIT LMEGHRIB,"Jan 12, 2020",505,55.55
2022-06-02,5vpdRnnWuIM,2  3AM MAJIT LMEGHRIB,"Jan 12, 2020",505,50.67
2022-06-03,5vpdRnnWuIM,2  3AM MAJIT LMEGHRIB,"Jan 12, 2020",505,56.47
2022-06-04,5vpdRnnWuIM,2  3AM MAJIT LMEGHRIB,"Jan 12, 2020",505,56.35
2022-06-05,5vpdRnnWuIM,2  3AM MAJIT LMEGHRIB,"Jan 12, 2020",505,55.51
2022-06-06,5vpdRnnWuIM,2  3AM MAJIT LMEGHRIB,"Jan 12, 2020",505,52.78
2022-06-07,5vpdRnnWuIM,2  3AM MAJIT LMEGHRIB,"Jan 12, 2020",505,59.53
2022-06-08,5vpdRnnWuIM,2  3AM MAJIT LMEGHRIB,"Jan 12, 2020",505,51.01
2022-06-09,5vpdRnnWuIM,2  3AM MAJIT LMEGHRIB,"Jan 12, 2020",505,56.8
2022-06-10,5vpdRnnWuIM,2  3AM MAJIT LMEGHRIB,"Jan 12, 2020",505,49.12
2022-06-11,5vpdRnnWuIM,2  3AM MAJIT LMEGHRIB,"Jan 12, 2020",505,52.17
2022-06-12,5vpdRnnWuIM,2  3AM MAJIT LMEGHRIB,"Jan 12, 2020",505,52.34
2022-06-13,5vpdRnnWuIM,2  3AM MAJIT LMEGHRIB,"Jan 12, 2020",505,55.25
2022-06-14,5vpdRnnWuIM,2  3AM MAJIT LMEGHRIB,"Jan 12, 2020",505,51.27
2022-06-15,5vpdRnnWuIM,2  3AM MAJIT LMEGHRIB,"Jan 12, 2020",505,52.45
2022-06-16,5vpdRnnWuIM,2  3AM MAJIT LMEGHRIB,"Jan 12, 2020",505,50.8
2022-06-17,5vpdRnnWuIM,2  3AM MAJIT LMEGHRIB,"Jan 12, 2020",505,49.44
2022-06-18,5vpdRnnWuIM,2  3AM MAJIT LMEGHRIB,"Jan 12, 2020",505,49.96
2022-06-19,5vpdRnnWuIM,2  3AM MAJIT LMEGHRIB,"Jan 12, 2020",505,48.16
2022-06-20,5vpdRnnWuIM,2  3AM MAJIT LMEGHRIB,"Jan 12, 2020",505,52.93
2022-06-21,5vpdRnnWuIM,2  3AM MAJIT LMEGHRIB,"Jan 12, 2020",505,57.45
2022-06-22,5vpdRnnWuIM,2  3AM MAJIT LMEGHRIB,"Jan 12, 2020",505,56.69
2022-06-23,5vpdRnnWuIM,2  3AM MAJIT LMEGHRIB,"Jan 12, 2020",505,60.38
2022-06-24,5vpdRnnWuIM,2  3AM MAJIT LMEGHRIB,"Jan 12, 2020",505,53.39
2022-06-25,5vpdRnnWuIM,2  3AM MAJIT LMEGHRIB,"Jan 12, 2020",505,55.32
2022-06-26,5vpdRnnWuIM,2  3AM MAJIT LMEGHRIB,"Jan 12, 2020",505,60.74
2022-06-27,5vpdRnnWuIM,2  3AM MAJIT LMEGHRIB,"Jan 12, 2020",505,51.55
2022-06-28,5vpdRnnWuIM,2  3AM MAJIT LMEGHRIB,"Jan 12, 2020",505,57.41
2022-06-29,5vpdRnnWuIM,2  3AM MAJIT LMEGHRIB,"Jan 12, 2020",505,52.39
2022-06-30,5vpdRnnWuIM,2  3AM MAJIT LMEGHRIB,"Jan 12, 2020",505,59.48
2022-07-01,5vpdRnnWuIM,2  3AM MAJIT LMEGHRIB,"Jan 12, 2020",505,56.07
2022-07-02,5vpdRnnWuIM,2  3AM MAJIT LMEGHRIB,"Jan 12, 2020",505,55.48
2022-07-03,5vpdRnnWuIM,2  3AM MAJIT LMEGHRIB,"Jan 12, 2020",505,48.6
2022-07-04,5vpdRnnWuIM,2  3AM MAJIT LMEGHRIB,"Jan 12, 2020",505,58.9
2022-07-05,5vpdRnnWuIM,2  3AM MAJIT LMEGHRIB,"Jan 12, 2020",505,56.21
2022-07-06,5vpdRnnWuIM,2  3AM MAJIT LMEGHRIB,"Jan 12, 2020",505,59.5
2022-07-07,5vpdRnnWuIM,2  3AM MAJIT LMEGHRIB,"Jan 12, 2020",505,51.9
2022-07-08,5vpdRnnWuIM,2  3AM MAJIT LMEGHRIB,"Jan 12, 2020",505,53.61
2022-07-09,5vpdRnnWuIM,2  3AM MAJIT LMEGHRIB,"Jan 12, 2020",505,54.9
2022-07-10,5vpdRnnWuIM,2  3AM MAJIT LMEGHRIB,"Jan 12, 2020",505,55.54
2022-07-11,5vpdRnnWuIM,2  3AM MAJIT LMEGHRIB,"Jan 12, 2020",505,49.35
2022-07-12,5vpdRnnWuIM,2  3AM MAJIT LMEGHRIB,"Jan 12, 2020",505,53.36
2022-07-13,5vpdRnnWuIM,2  3AM MAJIT LMEGHRIB,"Jan 12, 2020",505,54.14
2022-07-14,5vpdRnnWuIM,2  3AM MAJIT LMEGHRIB,"Jan 12, 2020",505,53.8
2022-07-15,5vpdRnnWuIM,2  3AM MAJIT LMEGHRIB,"Jan 12, 2020",505,51.62
2022-07-16,5vpdRnnWuIM,2  3AM MAJIT LMEGHRIB,"Jan 12, 2020",505,50.98
2022-07-17,5vpdRnnWuIM,2  3AM MAJIT LMEGHRIB,"Jan 12, 2020",505,50.22
2022-07-18,5vpdRnnWuIM,2  3AM MAJIT LMEGHRIB,"Jan 12, 2020",505,54.81
2022-07-19,5vpdRnnWuIM,2  3AM MAJIT LMEGHRIB,"Jan 12, 2020",505,60.07
2022-07-20,5vpdRnnWuIM,2  3AM MAJIT LMEGHRIB,"Jan 12, 2020",505,54.56
2022-07-21,5vpdRnnWuIM,2  3AM MAJIT LMEGHRIB,"Jan 12, 2020",505,55.84
2022-07-22,5vpdRnnWuIM,2  3AM MAJIT LMEGHRIB,"Jan 12, 2020",505,51.86
2022-07-23,5vpdRnnWuIM,2  3AM MAJIT LMEGHRIB,"Jan 12, 2020",505,52.41
2022-07-24,5vpdRnnWuIM,2  3AM MAJIT LMEGHRIB,"Jan 12, 2020",505,55.78
2022-07-25,5vpdRnnWuIM,2  3AM MAJIT LMEGHRIB,"Jan 12, 2020",505,43.52
2022-07-26,5vpdRnnWuIM,2  3AM MAJIT LMEGHRIB,"Jan 12, 2020",505,52.9
2022-07-27,5vpdRnnWuIM,2  3AM MAJIT LMEGHRIB,"Jan 12, 2020",505,56.22
2022-07-28,5vpdRnnWuIM,2  3AM MAJIT LMEGHRIB,"Jan 12, 2020",505,46.95
2022-07-29,5vpdRnnWuIM,2  3AM MAJIT LMEGHRIB,"Jan 12, 2020",505,51.46
2022-07-30,5vpdRnnWuIM,2  3AM MAJIT LMEGHRIB,"Jan 12, 2020",505,59.17
2022-07-31,5vpdRnnWuIM,2  3AM MAJIT LMEGHRIB,"Jan 12, 2020",505,50.15
2022-08-01,5vpdRnnWuIM,2  3AM MAJIT LMEGHRIB,"Jan 12, 2020",505,50.61
2022-08-02,5vpdRnnWuIM,2  3AM MAJIT LMEGHRIB,"Jan 12, 2020",505,48.32
2022-08-03,5vpdRnnWuIM,2  3AM MAJIT LMEGHRIB,"Jan 12, 2020",505,57.03
2022-08-04,5vpdRnnWuIM,2  3AM MAJIT LMEGHRIB,"Jan 12, 2020",505,50.49
2022-08-05,5vpdRnnWuIM,2  3AM MAJIT LMEGHRIB,"Jan 12, 2020",505,51.27
2022-08-06,5vpdRnnWuIM,2  3AM MAJIT LMEGHRIB,"Jan 12, 2020",505,50.51
2022-08-07,5vpdRnnWuIM,2  3AM MAJIT LMEGHRIB,"Jan 12, 2020",505,53.61
2022-08-08,5vpdRnnWuIM,2  3AM MAJIT LMEGHRIB,"Jan 12, 2020",505,57.51
2022-08-09,5vpdRnnWuIM,2  3AM MAJIT LMEGHRIB,"Jan 12, 2020",505,44.49
2022-08-10,5vpdRnnWuIM,2  3AM MAJIT LMEGHRIB,"Jan 12, 2020",505,49.33
2022-08-11,5vpdRnnWuIM,2  3AM MAJIT LMEGHRIB,"Jan 12, 2020",505,53.68
2022-08-12,5vpdRnnWuIM,2  3AM MAJIT LMEGHRIB,"Jan 12, 2020",505,55.76
2022-08-13,5vpdRnnWuIM,2  3AM MAJIT LMEGHRIB,"Jan 12, 2020",505,53.95
2022-08-14,5vpdRnnWuIM,2  3AM MAJIT LMEGHRIB,"Jan 12, 2020",505,54.79
2022-08-15,5vpdRnnWuIM,2  3AM MAJIT LMEGHRIB,"Jan 12, 2020",505,58.59
2022-08-16,5vpdRnnWuIM,2  3AM MAJIT LMEGHRIB,"Jan 12, 2020",505,53.82
2022-08-17,5vpdRnnWuIM,2  3AM MAJIT LMEGHRIB,"Jan 12, 2020",505,55.04
2022-08-18,5vpdRnnWuIM,2  3AM MAJIT LMEGHRIB,"Jan 12, 2020",505,59.68
2022-08-19,5vpdRnnWuIM,2  3AM MAJIT LMEGHRIB,"Jan 12, 2020",505,50.41
2022-08-20,5vpdRnnWuIM,2  3AM MAJIT LMEGHRIB,"Jan 12, 2020",505,57.6
2022-08-21,5vpdRnnWuIM,2  3AM MAJIT LMEGHRIB,"Jan 12, 2020",505,56.07
2022-08-22,5vpdRnnWuIM,2  3AM MAJIT LMEGHRIB,"Jan 12, 2020",505,52.7
2022-08-23,5vpdRnnWuIM,2  3AM MAJIT LMEGHRIB,"Jan 12, 2020",505,45.68
2022-08-24,5vpdRnnWuIM,2  3AM MAJIT LMEGHRIB,"Jan 12, 2020",505,50.81
2022-08-25,5vpdRnnWuIM,2  3AM MAJIT LMEGHRIB,"Jan 12, 2020",505,54.85
2022-08-26,5vpdRnnWuIM,2  3AM MAJIT LMEGHRIB,"Jan 12, 2020",505,46.31
2022-08-27,5vpdRnnWuIM,2  3AM MAJIT LMEGHRIB,"Jan 12, 2020",505,51.7
2022-08-28,5vpdRnnWuIM,2  3AM MAJIT LMEGHRIB,"Jan 12, 2020",505,48.82
2022-08-29,5vpdRnnWuIM,2  3AM MAJIT LMEGHRIB,"Jan 12, 2020",505,50.17
2022-08-30,5vpdRnnWuIM,2  3AM MAJIT LMEGHRIB,"Jan 12, 2020",505,54.45
2022-08-31,5vpdRnnWuIM,2  3AM MAJIT LMEGHRIB,"Jan 12, 2020",505,55.1
2022-09-01,5vpdRnnWuIM,2  3AM MAJIT LMEGHRIB,"Jan 12, 2020",505,58.4
2022-09-02,5vpdRnnWuIM,2  3AM MAJIT LMEGHRIB,"Jan 12, 2020",505,54.98
2022-09-03,5vpdRnnWuIM,2  3AM MAJIT LMEGHRIB,"Jan 12, 2020",505,60.26
2022-09-04,5vpdRnnWuIM,2  3AM MAJIT LMEGHRIB,"Jan 12, 2020",505,57.36
2022-09-05,5vpdRnnWuIM,2  3AM MAJIT LMEGHRIB,"Jan 12, 2020",505,52.93
2022-09-06,5vpdRnnWuIM,2  3AM MAJIT LMEGHRIB,"Jan 12, 2020",505,52.03
2022-09-07,5vpdRnnWuIM,2  3AM MAJIT LMEGHRIB,"Jan 12, 2020",505,59.25
2022-09-08,5vpdRnnWuIM,2  3AM MAJIT LMEGHRIB,"Jan 12, 2020",505,60.3
2022-09-09,5vpdRnnWuIM,2  3AM MAJIT LMEGHRIB,"Jan 12, 2020",505,57.12
2022-09-10,5vpdRnnWuIM,2  3AM MAJIT LMEGHRIB,"Jan 12, 2020",505,56.66
2022-09-11,5vpdRnnWuIM,2  3AM MAJIT LMEGHRIB,"Jan 12, 2020",505,55.03
2022-09-12,5vpdRnnWuIM,2  3AM MAJIT LMEGHRIB,"Jan 12, 2020",505,55.51
2022-09-13,5vpdRnnWuIM,2  3AM MAJIT LMEGHRIB,"Jan 12, 2020",505,58.14
2022-09-14,5vpdRnnWuIM,2  3AM MAJIT LMEGHRIB,"Jan 12, 2020",505,59.01
2022-09-15,5vpdRnnWuIM,2  3AM MAJIT LMEGHRIB,"Jan 12, 2020",505,53.62
2022-09-16,5vpdRnnWuIM,2  3AM MAJIT LMEGHRIB,"Jan 12, 2020",505,52.63
2022-09-17,5vpdRnnWuIM,2  3AM MAJIT LMEGHRIB,"Jan 12, 2020",505,49.64
2022-09-18,5vpdRnnWuIM,2  3AM MAJIT LMEGHRIB,"Jan 12, 2020",505,52.28
2022-09-19,5vpdRnnWuIM,2  3AM MAJIT LMEGHRIB,"Jan 12, 2020",505,54.64
2022-09-20,5vpdRnnWuIM,2  3AM MAJIT LMEGHRIB,"Jan 12, 2020",505,49.63
2022-09-21,5vpdRnnWuIM,2  3AM MAJIT LMEGHRIB,"Jan 12, 2020",505,54.02
2022-09-22,5vpdRnnWuIM,2  3AM MAJIT LMEGHRIB,"Jan 12, 2020",505,89.41
2022-09-23,5vpdRnnWuIM,2  3AM MAJIT LMEGHRIB,"Jan 12, 2020",505,53.4
2022-09-24,5vpdRnnWuIM,2  3AM MAJIT LMEGHRIB,"Jan 12, 2020",505,49.95
2022-09-25,5vpdRnnWuIM,2  3AM MAJIT LMEGHRIB,"Jan 12, 2020",505,48.68
2022-09-26,5vpdRnnWuIM,2  3AM MAJIT LMEGHRIB,"Jan 12, 2020",505,52.86
2022-09-27,5vpdRnnWuIM,2  3AM MAJIT LMEGHRIB,"Jan 12, 2020",505,53.87
2022-09-28,5vpdRnnWuIM,2  3AM MAJIT LMEGHRIB,"Jan 12, 2020",505,54.56
2022-09-29,5vpdRnnWuIM,2  3AM MAJIT LMEGHRIB,"Jan 12, 2020",505,53.44
2022-09-30,5vpdRnnWuIM,2  3AM MAJIT LMEGHRIB,"Jan 12, 2020",505,59.37
2022-10-01,5vpdRnnWuIM,2  3AM MAJIT LMEGHRIB,"Jan 12, 2020",505,48.98
2022-10-02,5vpdRnnWuIM,2  3AM MAJIT LMEGHRIB,"Jan 12, 2020",505,53.97
2022-10-03,5vpdRnnWuIM,2  3AM MAJIT LMEGHRIB,"Jan 12, 2020",505,58.14
2022-10-04,5vpdRnnWuIM,2  3AM MAJIT LMEGHRIB,"Jan 12, 2020",505,54.13
2022-10-05,5vpdRnnWuIM,2  3AM MAJIT LMEGHRIB,"Jan 12, 2020",505,55.96
2022-10-06,5vpdRnnWuIM,2  3AM MAJIT LMEGHRIB,"Jan 12, 2020",505,58.36
2022-10-07,5vpdRnnWuIM,2  3AM MAJIT LMEGHRIB,"Jan 12, 2020",505,51.19
2022-10-08,5vpdRnnWuIM,2  3AM MAJIT LMEGHRIB,"Jan 12, 2020",505,48.5
2022-10-09,5vpdRnnWuIM,2  3AM MAJIT LMEGHRIB,"Jan 12, 2020",505,46.82
2022-10-10,5vpdRnnWuIM,2  3AM MAJIT LMEGHRIB,"Jan 12, 2020",505,41.86
2022-10-11,5vpdRnnWuIM,2  3AM MAJIT LMEGHRIB,"Jan 12, 2020",505,61.65
2022-10-12,5vpdRnnWuIM,2  3AM MAJIT LMEGHRIB,"Jan 12, 2020",505,49.99
2022-10-13,5vpdRnnWuIM,2  3AM MAJIT LMEGHRIB,"Jan 12, 2020",505,57.7
2022-10-14,5vpdRnnWuIM,2  3AM MAJIT LMEGHRIB,"Jan 12, 2020",505,58.83
2022-10-15,5vpdRnnWuIM,2  3AM MAJIT LMEGHRIB,"Jan 12, 2020",505,52.21
2022-10-16,5vpdRnnWuIM,2  3AM MAJIT LMEGHRIB,"Jan 12, 2020",505,54.78
2022-10-17,5vpdRnnWuIM,2  3AM MAJIT LMEGHRIB,"Jan 12, 2020",505,62.26
2022-10-18,5vpdRnnWuIM,2  3AM MAJIT LMEGHRIB,"Jan 12, 2020",505,55.52
2022-10-19,5vpdRnnWuIM,2  3AM MAJIT LMEGHRIB,"Jan 12, 2020",505,57.7
2022-10-20,5vpdRnnWuIM,2  3AM MAJIT LMEGHRIB,"Jan 12, 2020",505,53.03
2022-10-21,5vpdRnnWuIM,2  3AM MAJIT LMEGHRIB,"Jan 12, 2020",505,53.7
2022-10-22,5vpdRnnWuIM,2  3AM MAJIT LMEGHRIB,"Jan 12, 2020",505,54.79
2022-10-23,5vpdRnnWuIM,2  3AM MAJIT LMEGHRIB,"Jan 12, 2020",505,48.19
2022-10-24,5vpdRnnWuIM,2  3AM MAJIT LMEGHRIB,"Jan 12, 2020",505,51.45
2022-10-25,5vpdRnnWuIM,2  3AM MAJIT LMEGHRIB,"Jan 12, 2020",505,52.46
2022-10-26,5vpdRnnWuIM,2  3AM MAJIT LMEGHRIB,"Jan 12, 2020",505,49.2
2022-10-27,5vpdRnnWuIM,2  3AM MAJIT LMEGHRIB,"Jan 12, 2020",505,48.37
2022-10-28,5vpdRnnWuIM,2  3AM MAJIT LMEGHRIB,"Jan 12, 2020",505,52.31
2022-10-29,5vpdRnnWuIM,2  3AM MAJIT LMEGHRIB,"Jan 12, 2020",505,55.41
2022-10-30,5vpdRnnWuIM,2  3AM MAJIT LMEGHRIB,"Jan 12, 2020",505,53.27
2022-10-31,5vpdRnnWuIM,2  3AM MAJIT LMEGHRIB,"Jan 12, 2020",505,53.2
2022-11-01,5vpdRnnWuIM,2  3AM MAJIT LMEGHRIB,"Jan 12, 2020",505,54.83
2022-11-02,5vpdRnnWuIM,2  3AM MAJIT LMEGHRIB,"Jan 12, 2020",505,52.11
2022-11-03,5vpdRnnWuIM,2  3AM MAJIT LMEGHRIB,"Jan 12, 2020",505,49.59
2022-11-04,5vpdRnnWuIM,2  3AM MAJIT LMEGHRIB,"Jan 12, 2020",505,54.76
2022-11-05,5vpdRnnWuIM,2  3AM MAJIT LMEGHRIB,"Jan 12, 2020",505,49.37
2022-11-06,5vpdRnnWuIM,2  3AM MAJIT LMEGHRIB,"Jan 12, 2020",505,55.3
2022-11-07,5vpdRnnWuIM,2  3AM MAJIT LMEGHRIB,"Jan 12, 2020",505,48.82
2022-11-08,5vpdRnnWuIM,2  3AM MAJIT LMEGHRIB,"Jan 12, 2020",505,58.19
2022-11-09,5vpdRnnWuIM,2  3AM MAJIT LMEGHRIB,"Jan 12, 2020",505,51.11
2022-11-10,5vpdRnnWuIM,2  3AM MAJIT LMEGHRIB,"Jan 12, 2020",505,50.2
2022-11-11,5vpdRnnWuIM,2  3AM MAJIT LMEGHRIB,"Jan 12, 2020",505,48.81
2022-11-12,5vpdRnnWuIM,2  3AM MAJIT LMEGHRIB,"Jan 12, 2020",505,49.45
2022-11-13,5vpdRnnWuIM,2  3AM MAJIT LMEGHRIB,"Jan 12, 2020",505,48.93
2022-11-14,5vpdRnnWuIM,2  3AM MAJIT LMEGHRIB,"Jan 12, 2020",505,53.61
2022-11-15,5vpdRnnWuIM,2  3AM MAJIT LMEGHRIB,"Jan 12, 2020",505,62.17
2022-11-16,5vpdRnnWuIM,2  3AM MAJIT LMEGHRIB,"Jan 12, 2020",505,51.92
2022-11-17,5vpdRnnWuIM,2  3AM MAJIT LMEGHRIB,"Jan 12, 2020",505,50.65
2022-11-18,5vpdRnnWuIM,2  3AM MAJIT LMEGHRIB,"Jan 12, 2020",505,48.75
2022-11-19,5vpdRnnWuIM,2  3AM MAJIT LMEGHRIB,"Jan 12, 2020",505,51.34
2022-11-20,5vpdRnnWuIM,2  3AM MAJIT LMEGHRIB,"Jan 12, 2020",505,50.22
2022-11-21,5vpdRnnWuIM,2  3AM MAJIT LMEGHRIB,"Jan 12, 2020",505,62.28
2022-11-22,5vpdRnnWuIM,2  3AM MAJIT LMEGHRIB,"Jan 12, 2020",505,51.22
2022-11-23,5vpdRnnWuIM,2  3AM MAJIT LMEGHRIB,"Jan 12, 2020",505,56.87
2022-11-24,5vpdRnnWuIM,2  3AM MAJIT LMEGHRIB,"Jan 12, 2020",505,48.78
2022-11-25,5vpdRnnWuIM,2  3AM MAJIT LMEGHRIB,"Jan 12, 2020",505,53.16
2022-11-26,5vpdRnnWuIM,2  3AM MAJIT LMEGHRIB,"Jan 12, 2020",505,48.53
2022-11-27,5vpdRnnWuIM,2  3AM MAJIT LMEGHRIB,"Jan 12, 2020",505,57.88
2022-11-28,5vpdRnnWuIM,2  3AM MAJIT LMEGHRIB,"Jan 12, 2020",505,51.65
2022-11-29,5vpdRnnWuIM,2  3AM MAJIT LMEGHRIB,"Jan 12, 2020",505,47.83
2022-11-30,5vpdRnnWuIM,2  3AM MAJIT LMEGHRIB,"Jan 12, 2020",505,51.49
2022-12-01,5vpdRnnWuIM,2  3AM MAJIT LMEGHRIB,"Jan 12, 2020",505,46.89
2022-12-02,5vpdRnnWuIM,2  3AM MAJIT LMEGHRIB,"Jan 12, 2020",505,51.11
2022-12-03,5vpdRnnWuIM,2  3AM MAJIT LMEGHRIB,"Jan 12, 2020",505,47.99
2022-12-04,5vpdRnnWuIM,2  3AM MAJIT LMEGHRIB,"Jan 12, 2020",505,54.1
2022-12-05,5vpdRnnWuIM,2  3AM MAJIT LMEGHRIB,"Jan 12, 2020",505,50.55
2022-12-06,5vpdRnnWuIM,2  3AM MAJIT LMEGHRIB,"Jan 12, 2020",505,52.27
2022-12-07,5vpdRnnWuIM,2  3AM MAJIT LMEGHRIB,"Jan 12, 2020",505,49.17
2022-12-08,5vpdRnnWuIM,2  3AM MAJIT LMEGHRIB,"Jan 12, 2020",505,49.07
2022-12-09,5vpdRnnWuIM,2  3AM MAJIT LMEGHRIB,"Jan 12, 2020",505,50.44
2022-12-10,5vpdRnnWuIM,2  3AM MAJIT LMEGHRIB,"Jan 12, 2020",505,55.94
2022-12-11,5vpdRnnWuIM,2  3AM MAJIT LMEGHRIB,"Jan 12, 2020",505,50.06
2022-12-12,5vpdRnnWuIM,2  3AM MAJIT LMEGHRIB,"Jan 12, 2020",505,51.03
2022-12-13,5vpdRnnWuIM,2  3AM MAJIT LMEGHRIB,"Jan 12, 2020",505,53.44
2022-12-14,5vpdRnnWuIM,2  3AM MAJIT LMEGHRIB,"Jan 12, 2020",505,46.48
2022-12-15,5vpdRnnWuIM,2  3AM MAJIT LMEGHRIB,"Jan 12, 2020",505,60.14
2022-12-16,5vpdRnnWuIM,2  3AM MAJIT LMEGHRIB,"Jan 12, 2020",505,52.69
2022-12-17,5vpdRnnWuIM,2  3AM MAJIT LMEGHRIB,"Jan 12, 2020",505,54.61
2022-12-18,5vpdRnnWuIM,2  3AM MAJIT LMEGHRIB,"Jan 12, 2020",505,51.79
2022-12-19,5vpdRnnWuIM,2  3AM MAJIT LMEGHRIB,"Jan 12, 2020",505,47.79
2022-12-20,5vpdRnnWuIM,2  3AM MAJIT LMEGHRIB,"Jan 12, 2020",505,53.82
2022-12-21,5vpdRnnWuIM,2  3AM MAJIT LMEGHRIB,"Jan 12, 2020",505,56.63
2022-12-22,5vpdRnnWuIM,2  3AM MAJIT LMEGHRIB,"Jan 12, 2020",505,48.17
2022-12-23,5vpdRnnWuIM,2  3AM MAJIT LMEGHRIB,"Jan 12, 2020",505,51
2022-12-24,5vpdRnnWuIM,2  3AM MAJIT LMEGHRIB,"Jan 12, 2020",505,52.57
2022-12-25,5vpdRnnWuIM,2  3AM MAJIT LMEGHRIB,"Jan 12, 2020",505,57.94
2022-12-26,5vpdRnnWuIM,2  3AM MAJIT LMEGHRIB,"Jan 12, 2020",505,60.94
2022-12-27,5vpdRnnWuIM,2  3AM MAJIT LMEGHRIB,"Jan 12, 2020",505,54.32
2022-12-28,5vpdRnnWuIM,2  3AM MAJIT LMEGHRIB,"Jan 12, 2020",505,52.46
2022-12-29,5vpdRnnWuIM,2  3AM MAJIT LMEGHRIB,"Jan 12, 2020",505,46.07
2022-12-30,5vpdRnnWuIM,2  3AM MAJIT LMEGHRIB,"Jan 12, 2020",505,50.84
2022-12-31,5vpdRnnWuIM,2  3AM MAJIT LMEGHRIB,"Jan 12, 2020",505,48.34
2023-01-01,5vpdRnnWuIM,2  3AM MAJIT LMEGHRIB,"Jan 12, 2020",505,48.17
2023-01-02,5vpdRnnWuIM,2  3AM MAJIT LMEGHRIB,"Jan 12, 2020",505,57.22
2023-01-03,5vpdRnnWuIM,2  3AM MAJIT LMEGHRIB,"Jan 12, 2020",505,49.83
2023-01-04,5vpdRnnWuIM,2  3AM MAJIT LMEGHRIB,"Jan 12, 2020",505,51.02
2023-01-05,5vpdRnnWuIM,2  3AM MAJIT LMEGHRIB,"Jan 12, 2020",505,52.25
2023-01-06,5vpdRnnWuIM,2  3AM MAJIT LMEGHRIB,"Jan 12, 2020",505,55.35
2023-01-07,5vpdRnnWuIM,2  3AM MAJIT LMEGHRIB,"Jan 12, 2020",505,47.5
2023-01-08,5vpdRnnWuIM,2  3AM MAJIT LMEGHRIB,"Jan 12, 2020",505,51.92
2023-01-09,5vpdRnnWuIM,2  3AM MAJIT LMEGHRIB,"Jan 12, 2020",505,56.56
2023-01-10,5vpdRnnWuIM,2  3AM MAJIT LMEGHRIB,"Jan 12, 2020",505,56.23
2023-01-11,5vpdRnnWuIM,2  3AM MAJIT LMEGHRIB,"Jan 12, 2020",505,51.83
2023-01-12,5vpdRnnWuIM,2  3AM MAJIT LMEGHRIB,"Jan 12, 2020",505,48.72
2023-01-13,5vpdRnnWuIM,2  3AM MAJIT LMEGHRIB,"Jan 12, 2020",505,57.24
2023-01-14,5vpdRnnWuIM,2  3AM MAJIT LMEGHRIB,"Jan 12, 2020",505,49
2023-01-15,5vpdRnnWuIM,2  3AM MAJIT LMEGHRIB,"Jan 12, 2020",505,51.75
2023-01-16,5vpdRnnWuIM,2  3AM MAJIT LMEGHRIB,"Jan 12, 2020",505,52.88
2023-01-17,5vpdRnnWuIM,2  3AM MAJIT LMEGHRIB,"Jan 12, 2020",505,43.02
2023-01-18,5vpdRnnWuIM,2  3AM MAJIT LMEGHRIB,"Jan 12, 2020",505,52.47
2023-01-19,5vpdRnnWuIM,2  3AM MAJIT LMEGHRIB,"Jan 12, 2020",505,49.48
2023-01-20,5vpdRnnWuIM,2  3AM MAJIT LMEGHRIB,"Jan 12, 2020",505,53.68
2023-01-21,5vpdRnnWuIM,2  3AM MAJIT LMEGHRIB,"Jan 12, 2020",505,49.73
2023-01-22,5vpdRnnWuIM,2  3AM MAJIT LMEGHRIB,"Jan 12, 2020",505,50.38
2023-01-23,5vpdRnnWuIM,2  3AM MAJIT LMEGHRIB,"Jan 12, 2020",505,56.25
2023-01-24,5vpdRnnWuIM,2  3AM MAJIT LMEGHRIB,"Jan 12, 2020",505,58.28
2023-01-25,5vpdRnnWuIM,2  3AM MAJIT LMEGHRIB,"Jan 12, 2020",505,47.8
2023-01-26,5vpdRnnWuIM,2  3AM MAJIT LMEGHRIB,"Jan 12, 2020",505,49.65
2023-01-27,5vpdRnnWuIM,2  3AM MAJIT LMEGHRIB,"Jan 12, 2020",505,50.48
2023-01-28,5vpdRnnWuIM,2  3AM MAJIT LMEGHRIB,"Jan 12, 2020",505,47.52
2023-01-29,5vpdRnnWuIM,2  3AM MAJIT LMEGHRIB,"Jan 12, 2020",505,48.12
2023-01-30,5vpdRnnWuIM,2  3AM MAJIT LMEGHRIB,"Jan 12, 2020",505,60.79
2023-01-31,5vpdRnnWuIM,2  3AM MAJIT LMEGHRIB,"Jan 12, 2020",505,52.36
2023-02-01,5vpdRnnWuIM,2  3AM MAJIT LMEGHRIB,"Jan 12, 2020",505,59.2
2023-02-02,5vpdRnnWuIM,2  3AM MAJIT LMEGHRIB,"Jan 12, 2020",505,50.22
2023-02-03,5vpdRnnWuIM,2  3AM MAJIT LMEGHRIB,"Jan 12, 2020",505,48.39
2023-02-04,5vpdRnnWuIM,2  3AM MAJIT LMEGHRIB,"Jan 12, 2020",505,52.89
2023-02-05,5vpdRnnWuIM,2  3AM MAJIT LMEGHRIB,"Jan 12, 2020",505,55.18
2023-02-06,5vpdRnnWuIM,2  3AM MAJIT LMEGHRIB,"Jan 12, 2020",505,55.41
2023-02-07,5vpdRnnWuIM,2  3AM MAJIT LMEGHRIB,"Jan 12, 2020",505,61.92
2023-02-08,5vpdRnnWuIM,2  3AM MAJIT LMEGHRIB,"Jan 12, 2020",505,52.24
2023-02-09,5vpdRnnWuIM,2  3AM MAJIT LMEGHRIB,"Jan 12, 2020",505,55.75
2023-02-10,5vpdRnnWuIM,2  3AM MAJIT LMEGHRIB,"Jan 12, 2020",505,60.73
2023-02-11,5vpdRnnWuIM,2  3AM MAJIT LMEGHRIB,"Jan 12, 2020",505,48.87
2023-02-12,5vpdRnnWuIM,2  3AM MAJIT LMEGHRIB,"Jan 12, 2020",505,48.43
2023-02-13,5vpdRnnWuIM,2  3AM MAJIT LMEGHRIB,"Jan 12, 2020",505,54.31
2023-02-14,5vpdRnnWuIM,2  3AM MAJIT LMEGHRIB,"Jan 12, 2020",505,58.59
2023-02-15,5vpdRnnWuIM,2  3AM MAJIT LMEGHRIB,"Jan 12, 2020",505,49.39
2023-02-16,5vpdRnnWuIM,2  3AM MAJIT LMEGHRIB,"Jan 12, 2020",505,54.26
2023-02-17,5vpdRnnWuIM,2  3AM MAJIT LMEGHRIB,"Jan 12, 2020",505,53.46
2023-02-18,5vpdRnnWuIM,2  3AM MAJIT LMEGHRIB,"Jan 12, 2020",505,59.21
2023-02-19,5vpdRnnWuIM,2  3AM MAJIT LMEGHRIB,"Jan 12, 2020",505,50.72
2023-02-20,5vpdRnnWuIM,2  3AM MAJIT LMEGHRIB,"Jan 12, 2020",505,49.42
2023-02-21,5vpdRnnWuIM,2  3AM MAJIT LMEGHRIB,"Jan 12, 2020",505,57.74
2023-02-22,5vpdRnnWuIM,2  3AM MAJIT LMEGHRIB,"Jan 12, 2020",505,54.65
2023-02-23,5vpdRnnWuIM,2  3AM MAJIT LMEGHRIB,"Jan 12, 2020",505,57.95
2023-02-24,5vpdRnnWuIM,2  3AM MAJIT LMEGHRIB,"Jan 12, 2020",505,47.91
2023-02-25,5vpdRnnWuIM,2  3AM MAJIT LMEGHRIB,"Jan 12, 2020",505,50.21
2023-02-26,5vpdRnnWuIM,2  3AM MAJIT LMEGHRIB,"Jan 12, 2020",505,54.06
2023-02-27,5vpdRnnWuIM,2  3AM MAJIT LMEGHRIB,"Jan 12, 2020",505,54.79
2023-02-28,5vpdRnnWuIM,2  3AM MAJIT LMEGHRIB,"Jan 12, 2020",505,56.25
2023-03-01,5vpdRnnWuIM,2  3AM MAJIT LMEGHRIB,"Jan 12, 2020",505,51.5
2023-03-02,5vpdRnnWuIM,2  3AM MAJIT LMEGHRIB,"Jan 12, 2020",505,49.79
2023-03-03,5vpdRnnWuIM,2  3AM MAJIT LMEGHRIB,"Jan 12, 2020",505,53.25
2023-03-04,5vpdRnnWuIM,2  3AM MAJIT LMEGHRIB,"Jan 12, 2020",505,55.25
2023-03-05,5vpdRnnWuIM,2  3AM MAJIT LMEGHRIB,"Jan 12, 2020",505,63.37
2023-03-06,5vpdRnnWuIM,2  3AM MAJIT LMEGHRIB,"Jan 12, 2020",505,56.55
2023-03-07,5vpdRnnWuIM,2  3AM MAJIT LMEGHRIB,"Jan 12, 2020",505,58.74
2023-03-08,5vpdRnnWuIM,2  3AM MAJIT LMEGHRIB,"Jan 12, 2020",505,53.22
2023-03-09,5vpdRnnWuIM,2  3AM MAJIT LMEGHRIB,"Jan 12, 2020",505,47.65
2023-03-10,5vpdRnnWuIM,2  3AM MAJIT LMEGHRIB,"Jan 12, 2020",505,54.15
2023-03-11,5vpdRnnWuIM,2  3AM MAJIT LMEGHRIB,"Jan 12, 2020",505,53.26
2023-03-12,5vpdRnnWuIM,2  3AM MAJIT LMEGHRIB,"Jan 12, 2020",505,51.24
2023-03-13,5vpdRnnWuIM,2  3AM MAJIT LMEGHRIB,"Jan 12, 2020",505,47.73
2023-03-14,5vpdRnnWuIM,2  3AM MAJIT LMEGHRIB,"Jan 12, 2020",505,56.02
2023-03-15,5vpdRnnWuIM,2  3AM MAJIT LMEGHRIB,"Jan 12, 2020",505,57.23
2023-03-16,5vpdRnnWuIM,2  3AM MAJIT LMEGHRIB,"Jan 12, 2020",505,63.48
2023-03-17,5vpdRnnWuIM,2  3AM MAJIT LMEGHRIB,"Jan 12, 2020",505,52.28
2023-03-18,5vpdRnnWuIM,2  3AM MAJIT LMEGHRIB,"Jan 12, 2020",505,52.93
2023-03-19,5vpdRnnWuIM,2  3AM MAJIT LMEGHRIB,"Jan 12, 2020",505,52.76
2023-03-20,5vpdRnnWuIM,2  3AM MAJIT LMEGHRIB,"Jan 12, 2020",505,55.39
2023-03-21,5vpdRnnWuIM,2  3AM MAJIT LMEGHRIB,"Jan 12, 2020",505,56.34
2023-03-22,5vpdRnnWuIM,2  3AM MAJIT LMEGHRIB,"Jan 12, 2020",505,56.02
2023-03-23,5vpdRnnWuIM,2  3AM MAJIT LMEGHRIB,"Jan 12, 2020",505,51.67
2023-03-24,5vpdRnnWuIM,2  3AM MAJIT LMEGHRIB,"Jan 12, 2020",505,54.83
2023-03-25,5vpdRnnWuIM,2  3AM MAJIT LMEGHRIB,"Jan 12, 2020",505,59.17
2023-03-26,5vpdRnnWuIM,2  3AM MAJIT LMEGHRIB,"Jan 12, 2020",505,50.75
2023-03-27,5vpdRnnWuIM,2  3AM MAJIT LMEGHRIB,"Jan 12, 2020",505,49.21
2023-03-28,5vpdRnnWuIM,2  3AM MAJIT LMEGHRIB,"Jan 12, 2020",505,64.13
2023-03-29,5vpdRnnWuIM,2  3AM MAJIT LMEGHRIB,"Jan 12, 2020",505,68.04
2023-03-30,5vpdRnnWuIM,2  3AM MAJIT LMEGHRIB,"Jan 12, 2020",505,61.75
2023-03-31,5vpdRnnWuIM,2  3AM MAJIT LMEGHRIB,"Jan 12, 2020",505,49.57
2023-04-01,5vpdRnnWuIM,2  3AM MAJIT LMEGHRIB,"Jan 12, 2020",505,54
2023-04-02,5vpdRnnWuIM,2  3AM MAJIT LMEGHRIB,"Jan 12, 2020",505,48.98
2023-04-03,5vpdRnnWuIM,2  3AM MAJIT LMEGHRIB,"Jan 12, 2020",505,55.93
2023-04-04,5vpdRnnWuIM,2  3AM MAJIT LMEGHRIB,"Jan 12, 2020",505,49.68
2023-04-05,5vpdRnnWuIM,2  3AM MAJIT LMEGHRIB,"Jan 12, 2020",505,52.3
2023-04-06,5vpdRnnWuIM,2  3AM MAJIT LMEGHRIB,"Jan 12, 2020",505,52.19
2023-04-07,5vpdRnnWuIM,2  3AM MAJIT LMEGHRIB,"Jan 12, 2020",505,52.72
2023-04-08,5vpdRnnWuIM,2  3AM MAJIT LMEGHRIB,"Jan 12, 2020",505,56.82
2023-04-09,5vpdRnnWuIM,2  3AM MAJIT LMEGHRIB,"Jan 12, 2020",505,55.19
2023-04-10,5vpdRnnWuIM,2  3AM MAJIT LMEGHRIB,"Jan 12, 2020",505,58.24
2023-04-11,5vpdRnnWuIM,2  3AM MAJIT LMEGHRIB,"Jan 12, 2020",505,44.46
2023-04-12,5vpdRnnWuIM,2  3AM MAJIT LMEGHRIB,"Jan 12, 2020",505,56.32
2023-04-13,5vpdRnnWuIM,2  3AM MAJIT LMEGHRIB,"Jan 12, 2020",505,47.43
2023-04-14,5vpdRnnWuIM,2  3AM MAJIT LMEGHRIB,"Jan 12, 2020",505,53.13
2023-04-15,5vpdRnnWuIM,2  3AM MAJIT LMEGHRIB,"Jan 12, 2020",505,47.14
2023-04-16,5vpdRnnWuIM,2  3AM MAJIT LMEGHRIB,"Jan 12, 2020",505,51.11
2023-04-17,5vpdRnnWuIM,2  3AM MAJIT LMEGHRIB,"Jan 12, 2020",505,58.29
2023-04-18,5vpdRnnWuIM,2  3AM MAJIT LMEGHRIB,"Jan 12, 2020",505,60.44
2023-04-19,5vpdRnnWuIM,2  3AM MAJIT LMEGHRIB,"Jan 12, 2020",505,56.68
2023-04-20,5vpdRnnWuIM,2  3AM MAJIT LMEGHRIB,"Jan 12, 2020",505,49.71
2023-04-21,5vpdRnnWuIM,2  3AM MAJIT LMEGHRIB,"Jan 12, 2020",505,49.35
2023-04-22,5vpdRnnWuIM,2  3AM MAJIT LMEGHRIB,"Jan 12, 2020",505,52.03
2023-04-23,5vpdRnnWuIM,2  3AM MAJIT LMEGHRIB,"Jan 12, 2020",505,54.55
2023-04-24,5vpdRnnWuIM,2  3AM MAJIT LMEGHRIB,"Jan 12, 2020",505,57.46
2023-04-25,5vpdRnnWuIM,2  3AM MAJIT LMEGHRIB,"Jan 12, 2020",505,55.4
2023-04-26,5vpdRnnWuIM,2  3AM MAJIT LMEGHRIB,"Jan 12, 2020",505,53.18
2023-04-27,5vpdRnnWuIM,2  3AM MAJIT LMEGHRIB,"Jan 12, 2020",505,48.91
2023-04-28,5vpdRnnWuIM,2  3AM MAJIT LMEGHRIB,"Jan 12, 2020",505,47.02
2023-04-29,5vpdRnnWuIM,2  3AM MAJIT LMEGHRIB,"Jan 12, 2020",505,51.89
2023-04-30,5vpdRnnWuIM,2  3AM MAJIT LMEGHRIB,"Jan 12, 2020",505,50.82
2023-05-01,5vpdRnnWuIM,2  3AM MAJIT LMEGHRIB,"Jan 12, 2020",505,52.14
2023-05-02,5vpdRnnWuIM,2  3AM MAJIT LMEGHRIB,"Jan 12, 2020",505,50.69
2023-05-03,5vpdRnnWuIM,2  3AM MAJIT LMEGHRIB,"Jan 12, 2020",505,47.67
2023-05-04,5vpdRnnWuIM,2  3AM MAJIT LMEGHRIB,"Jan 12, 2020",505,47.97
2023-05-05,5vpdRnnWuIM,2  3AM MAJIT LMEGHRIB,"Jan 12, 2020",505,49.09
2023-05-06,5vpdRnnWuIM,2  3AM MAJIT LMEGHRIB,"Jan 12, 2020",505,50.2
2023-05-07,5vpdRnnWuIM,2  3AM MAJIT LMEGHRIB,"Jan 12, 2020",505,48.05
2023-05-08,5vpdRnnWuIM,2  3AM MAJIT LMEGHRIB,"Jan 12, 2020",505,49.99
2023-05-09,5vpdRnnWuIM,2  3AM MAJIT LMEGHRIB,"Jan 12, 2020",505,58.77
2023-05-10,5vpdRnnWuIM,2  3AM MAJIT LMEGHRIB,"Jan 12, 2020",505,65.09
2023-05-11,5vpdRnnWuIM,2  3AM MAJIT LMEGHRIB,"Jan 12, 2020",505,48.51
2023-05-12,5vpdRnnWuIM,2  3AM MAJIT LMEGHRIB,"Jan 12, 2020",505,53.74
2023-05-13,5vpdRnnWuIM,2  3AM MAJIT LMEGHRIB,"Jan 12, 2020",505,45.9
2023-05-14,5vpdRnnWuIM,2  3AM MAJIT LMEGHRIB,"Jan 12, 2020",505,47.81
2023-05-15,5vpdRnnWuIM,2  3AM MAJIT LMEGHRIB,"Jan 12, 2020",505,54.23
2023-05-16,5vpdRnnWuIM,2  3AM MAJIT LMEGHRIB,"Jan 12, 2020",505,60.17
2023-05-17,5vpdRnnWuIM,2  3AM MAJIT LMEGHRIB,"Jan 12, 2020",505,54.52
2023-05-18,5vpdRnnWuIM,2  3AM MAJIT LMEGHRIB,"Jan 12, 2020",505,56.82
2023-05-19,5vpdRnnWuIM,2  3AM MAJIT LMEGHRIB,"Jan 12, 2020",505,53.86
2023-05-20,5vpdRnnWuIM,2  3AM MAJIT LMEGHRIB,"Jan 12, 2020",505,53.03
2023-05-21,5vpdRnnWuIM,2  3AM MAJIT LMEGHRIB,"Jan 12, 2020",505,57.81
2023-05-22,5vpdRnnWuIM,2  3AM MAJIT LMEGHRIB,"Jan 12, 2020",505,55.81
2023-05-23,5vpdRnnWuIM,2  3AM MAJIT LMEGHRIB,"Jan 12, 2020",505,53.54
2023-05-24,5vpdRnnWuIM,2  3AM MAJIT LMEGHRIB,"Jan 12, 2020",505,56.07
2023-05-25,5vpdRnnWuIM,2  3AM MAJIT LMEGHRIB,"Jan 12, 2020",505,57.98
2023-05-26,5vpdRnnWuIM,2  3AM MAJIT LMEGHRIB,"Jan 12, 2020",505,57.58
2023-05-27,5vpdRnnWuIM,2  3AM MAJIT LMEGHRIB,"Jan 12, 2020",505,53.54
2023-05-28,5vpdRnnWuIM,2  3AM MAJIT LMEGHRIB,"Jan 12, 2020",505,58.77
2023-05-29,5vpdRnnWuIM,2  3AM MAJIT LMEGHRIB,"Jan 12, 2020",505,57.3
2023-05-30,5vpdRnnWuIM,2  3AM MAJIT LMEGHRIB,"Jan 12, 2020",505,60.54
2023-05-31,5vpdRnnWuIM,2  3AM MAJIT LMEGHRIB,"Jan 12, 2020",505,57.57
2023-06-01,5vpdRnnWuIM,2  3AM MAJIT LMEGHRIB,"Jan 12, 2020",505,50.56
2023-06-02,5vpdRnnWuIM,2  3AM MAJIT LMEGHRIB,"Jan 12, 2020",505,55.86
2023-06-03,5vpdRnnWuIM,2  3AM MAJIT LMEGHRIB,"Jan 12, 2020",505,50.4
2023-06-04,5vpdRnnWuIM,2  3AM MAJIT LMEGHRIB,"Jan 12, 2020",505,53.7
2023-06-05,5vpdRnnWuIM,2  3AM MAJIT LMEGHRIB,"Jan 12, 2020",505,54.41
2023-06-06,5vpdRnnWuIM,2  3AM MAJIT LMEGHRIB,"Jan 12, 2020",505,54.14
2023-06-07,5vpdRnnWuIM,2  3AM MAJIT LMEGHRIB,"Jan 12, 2020",505,53.1
2023-06-08,5vpdRnnWuIM,2  3AM MAJIT LMEGHRIB,"Jan 12, 2020",505,55.19
2023-06-09,5vpdRnnWuIM,2  3AM MAJIT LMEGHRIB,"Jan 12, 2020",505,48.04
2023-06-10,5vpdRnnWuIM,2  3AM MAJIT LMEGHRIB,"Jan 12, 2020",505,49.15
2023-06-11,5vpdRnnWuIM,2  3AM MAJIT LMEGHRIB,"Jan 12, 2020",505,51.16
2023-06-12,5vpdRnnWuIM,2  3AM MAJIT LMEGHRIB,"Jan 12, 2020",505,48.05
2023-06-13,5vpdRnnWuIM,2  3AM MAJIT LMEGHRIB,"Jan 12, 2020",505,45.08
2023-06-14,5vpdRnnWuIM,2  3AM MAJIT LMEGHRIB,"Jan 12, 2020",505,46.61
2023-06-15,5vpdRnnWuIM,2  3AM MAJIT LMEGHRIB,"Jan 12, 2020",505,48.7
2023-06-16,5vpdRnnWuIM,2  3AM MAJIT LMEGHRIB,"Jan 12, 2020",505,44.36
2023-06-17,5vpdRnnWuIM,2  3AM MAJIT LMEGHRIB,"Jan 12, 2020",505,46.44
2023-06-18,5vpdRnnWuIM,2  3AM MAJIT LMEGHRIB,"Jan 12, 2020",505,48.94
2023-06-19,5vpdRnnWuIM,2  3AM MAJIT LMEGHRIB,"Jan 12, 2020",505,44.74
2023-06-20,5vpdRnnWuIM,2  3AM MAJIT LMEGHRIB,"Jan 12, 2020",505,47.09
2023-06-21,5vpdRnnWuIM,2  3AM MAJIT LMEGHRIB,"Jan 12, 2020",505,47.53
2023-06-22,5vpdRnnWuIM,2  3AM MAJIT LMEGHRIB,"Jan 12, 2020",505,42.51
2023-06-23,5vpdRnnWuIM,2  3AM MAJIT LMEGHRIB,"Jan 12, 2020",505,44.33
2023-06-24,5vpdRnnWuIM,2  3AM MAJIT LMEGHRIB,"Jan 12, 2020",505,53.7
2023-06-25,5vpdRnnWuIM,2  3AM MAJIT LMEGHRIB,"Jan 12, 2020",505,47.22
2023-06-26,5vpdRnnWuIM,2  3AM MAJIT LMEGHRIB,"Jan 12, 2020",505,50.41
2023-06-27,5vpdRnnWuIM,2  3AM MAJIT LMEGHRIB,"Jan 12, 2020",505,44.93
2023-06-28,5vpdRnnWuIM,2  3AM MAJIT LMEGHRIB,"Jan 12, 2020",505,48.7
2023-06-29,5vpdRnnWuIM,2  3AM MAJIT LMEGHRIB,"Jan 12, 2020",505,39.75
2023-06-30,5vpdRnnWuIM,2  3AM MAJIT LMEGHRIB,"Jan 12, 2020",505,47.39
2023-07-01,5vpdRnnWuIM,2  3AM MAJIT LMEGHRIB,"Jan 12, 2020",505,48.78
2023-07-02,5vpdRnnWuIM,2  3AM MAJIT LMEGHRIB,"Jan 12, 2020",505,50.3
2023-07-03,5vpdRnnWuIM,2  3AM MAJIT LMEGHRIB,"Jan 12, 2020",505,53.09
2023-07-04,5vpdRnnWuIM,2  3AM MAJIT LMEGHRIB,"Jan 12, 2020",505,45.28
2023-07-05,5vpdRnnWuIM,2  3AM MAJIT LMEGHRIB,"Jan 12, 2020",505,42.29
2023-07-06,5vpdRnnWuIM,2  3AM MAJIT LMEGHRIB,"Jan 12, 2020",505,47.69
2023-07-07,5vpdRnnWuIM,2  3AM MAJIT LMEGHRIB,"Jan 12, 2020",505,45.11
2023-07-08,5vpdRnnWuIM,2  3AM MAJIT LMEGHRIB,"Jan 12, 2020",505,52.23
2023-07-09,5vpdRnnWuIM,2  3AM MAJIT LMEGHRIB,"Jan 12, 2020",505,49.38
2023-07-10,5vpdRnnWuIM,2  3AM MAJIT LMEGHRIB,"Jan 12, 2020",505,47.6
2023-07-11,5vpdRnnWuIM,2  3AM MAJIT LMEGHRIB,"Jan 12, 2020",505,50.75
2023-07-12,5vpdRnnWuIM,2  3AM MAJIT LMEGHRIB,"Jan 12, 2020",505,45.41
2023-07-13,5vpdRnnWuIM,2  3AM MAJIT LMEGHRIB,"Jan 12, 2020",505,51.31
2023-07-14,5vpdRnnWuIM,2  3AM MAJIT LMEGHRIB,"Jan 12, 2020",505,59.34
2023-07-15,5vpdRnnWuIM,2  3AM MAJIT LMEGHRIB,"Jan 12, 2020",505,47.29
2023-07-16,5vpdRnnWuIM,2  3AM MAJIT LMEGHRIB,"Jan 12, 2020",505,52.23
2023-07-17,5vpdRnnWuIM,2  3AM MAJIT LMEGHRIB,"Jan 12, 2020",505,53.99
2023-07-18,5vpdRnnWuIM,2  3AM MAJIT LMEGHRIB,"Jan 12, 2020",505,56.94
2023-07-19,5vpdRnnWuIM,2  3AM MAJIT LMEGHRIB,"Jan 12, 2020",505,48.71
2023-07-20,5vpdRnnWuIM,2  3AM MAJIT LMEGHRIB,"Jan 12, 2020",505,49.73
2023-07-21,5vpdRnnWuIM,2  3AM MAJIT LMEGHRIB,"Jan 12, 2020",505,53.62
2023-07-22,5vpdRnnWuIM,2  3AM MAJIT LMEGHRIB,"Jan 12, 2020",505,52.55
2023-07-23,5vpdRnnWuIM,2  3AM MAJIT LMEGHRIB,"Jan 12, 2020",505,48.79
2023-07-24,5vpdRnnWuIM,2  3AM MAJIT LMEGHRIB,"Jan 12, 2020",505,49.92
2023-07-25,5vpdRnnWuIM,2  3AM MAJIT LMEGHRIB,"Jan 12, 2020",505,55.22
2023-07-26,5vpdRnnWuIM,2  3AM MAJIT LMEGHRIB,"Jan 12, 2020",505,50.78
2023-07-27,5vpdRnnWuIM,2  3AM MAJIT LMEGHRIB,"Jan 12, 2020",505,57.08
2023-07-28,5vpdRnnWuIM,2  3AM MAJIT LMEGHRIB,"Jan 12, 2020",505,55.97
2023-07-29,5vpdRnnWuIM,2  3AM MAJIT LMEGHRIB,"Jan 12, 2020",505,63.56
2023-07-30,5vpdRnnWuIM,2  3AM MAJIT LMEGHRIB,"Jan 12, 2020",505,54.43
2023-07-31,5vpdRnnWuIM,2  3AM MAJIT LMEGHRIB,"Jan 12, 2020",505,56.08
2023-08-01,5vpdRnnWuIM,2  3AM MAJIT LMEGHRIB,"Jan 12, 2020",505,53.77
2023-08-02,5vpdRnnWuIM,2  3AM MAJIT LMEGHRIB,"Jan 12, 2020",505,48.32
2023-08-03,5vpdRnnWuIM,2  3AM MAJIT LMEGHRIB,"Jan 12, 2020",505,47.18
2023-08-04,5vpdRnnWuIM,2  3AM MAJIT LMEGHRIB,"Jan 12, 2020",505,56.08
2023-08-05,5vpdRnnWuIM,2  3AM MAJIT LMEGHRIB,"Jan 12, 2020",505,54.94
2023-08-06,5vpdRnnWuIM,2  3AM MAJIT LMEGHRIB,"Jan 12, 2020",505,42.92
2023-08-07,5vpdRnnWuIM,2  3AM MAJIT LMEGHRIB,"Jan 12, 2020",505,47.68
2023-08-08,5vpdRnnWuIM,2  3AM MAJIT LMEGHRIB,"Jan 12, 2020",505,59.77
2023-08-09,5vpdRnnWuIM,2  3AM MAJIT LMEGHRIB,"Jan 12, 2020",505,55.92
2023-08-10,5vpdRnnWuIM,2  3AM MAJIT LMEGHRIB,"Jan 12, 2020",505,55.8
2023-08-11,5vpdRnnWuIM,2  3AM MAJIT LMEGHRIB,"Jan 12, 2020",505,47.31
2023-08-12,5vpdRnnWuIM,2  3AM MAJIT LMEGHRIB,"Jan 12, 2020",505,52.3
2023-08-13,5vpdRnnWuIM,2  3AM MAJIT LMEGHRIB,"Jan 12, 2020",505,53.78
2023-08-14,5vpdRnnWuIM,2  3AM MAJIT LMEGHRIB,"Jan 12, 2020",505,59.63
2023-08-15,5vpdRnnWuIM,2  3AM MAJIT LMEGHRIB,"Jan 12, 2020",505,57.86
2023-08-16,5vpdRnnWuIM,2  3AM MAJIT LMEGHRIB,"Jan 12, 2020",505,42.68
2023-08-17,5vpdRnnWuIM,2  3AM MAJIT LMEGHRIB,"Jan 12, 2020",505,50.38
2023-08-18,5vpdRnnWuIM,2  3AM MAJIT LMEGHRIB,"Jan 12, 2020",505,52.28
2023-08-19,5vpdRnnWuIM,2  3AM MAJIT LMEGHRIB,"Jan 12, 2020",505,44.94
2023-08-20,5vpdRnnWuIM,2  3AM MAJIT LMEGHRIB,"Jan 12, 2020",505,56.82
2023-08-21,5vpdRnnWuIM,2  3AM MAJIT LMEGHRIB,"Jan 12, 2020",505,53.05
2023-08-22,5vpdRnnWuIM,2  3AM MAJIT LMEGHRIB,"Jan 12, 2020",505,51.66
2023-08-23,5vpdRnnWuIM,2  3AM MAJIT LMEGHRIB,"Jan 12, 2020",505,59.31
2023-08-24,5vpdRnnWuIM,2  3AM MAJIT LMEGHRIB,"Jan 12, 2020",505,54.38
2023-08-25,5vpdRnnWuIM,2  3AM MAJIT LMEGHRIB,"Jan 12, 2020",505,50.78
2023-08-26,5vpdRnnWuIM,2  3AM MAJIT LMEGHRIB,"Jan 12, 2020",505,53.76
2023-08-27,5vpdRnnWuIM,2  3AM MAJIT LMEGHRIB,"Jan 12, 2020",505,53.78
2023-08-28,5vpdRnnWuIM,2  3AM MAJIT LMEGHRIB,"Jan 12, 2020",505,45.41
2023-08-29,5vpdRnnWuIM,2  3AM MAJIT LMEGHRIB,"Jan 12, 2020",505,58.16
2023-08-30,5vpdRnnWuIM,2  3AM MAJIT LMEGHRIB,"Jan 12, 2020",505,57.05
2023-08-31,5vpdRnnWuIM,2  3AM MAJIT LMEGHRIB,"Jan 12, 2020",505,55.39
2023-09-01,5vpdRnnWuIM,2  3AM MAJIT LMEGHRIB,"Jan 12, 2020",505,47.64
2023-09-02,5vpdRnnWuIM,2  3AM MAJIT LMEGHRIB,"Jan 12, 2020",505,50.22
2023-09-03,5vpdRnnWuIM,2  3AM MAJIT LMEGHRIB,"Jan 12, 2020",505,59.62
2023-09-04,5vpdRnnWuIM,2  3AM MAJIT LMEGHRIB,"Jan 12, 2020",505,57.9
2023-09-05,5vpdRnnWuIM,2  3AM MAJIT LMEGHRIB,"Jan 12, 2020",505,69.23
2023-09-06,5vpdRnnWuIM,2  3AM MAJIT LMEGHRIB,"Jan 12, 2020",505,62.91
2023-09-07,5vpdRnnWuIM,2  3AM MAJIT LMEGHRIB,"Jan 12, 2020",505,57.05
2023-09-08,5vpdRnnWuIM,2  3AM MAJIT LMEGHRIB,"Jan 12, 2020",505,43.63
2023-09-09,5vpdRnnWuIM,2  3AM MAJIT LMEGHRIB,"Jan 12, 2020",505,60.51
2023-09-10,5vpdRnnWuIM,2  3AM MAJIT LMEGHRIB,"Jan 12, 2020",505,53.29
2023-09-11,5vpdRnnWuIM,2  3AM MAJIT LMEGHRIB,"Jan 12, 2020",505,51.42
2023-09-12,5vpdRnnWuIM,2  3AM MAJIT LMEGHRIB,"Jan 12, 2020",505,49.7
2023-09-13,5vpdRnnWuIM,2  3AM MAJIT LMEGHRIB,"Jan 12, 2020",505,51.4
2023-09-14,5vpdRnnWuIM,2  3AM MAJIT LMEGHRIB,"Jan 12, 2020",505,65.32
2023-09-15,5vpdRnnWuIM,2  3AM MAJIT LMEGHRIB,"Jan 12, 2020",505,47.75
2023-09-16,5vpdRnnWuIM,2  3AM MAJIT LMEGHRIB,"Jan 12, 2020",505,49.23
2023-09-17,5vpdRnnWuIM,2  3AM MAJIT LMEGHRIB,"Jan 12, 2020",505,53.43
2023-09-18,5vpdRnnWuIM,2  3AM MAJIT LMEGHRIB,"Jan 12, 2020",505,51.67
2023-09-19,5vpdRnnWuIM,2  3AM MAJIT LMEGHRIB,"Jan 12, 2020",505,52.21
2023-09-20,5vpdRnnWuIM,2  3AM MAJIT LMEGHRIB,"Jan 12, 2020",505,50.08
2023-09-21,5vpdRnnWuIM,2  3AM MAJIT LMEGHRIB,"Jan 12, 2020",505,56.67
2023-09-22,5vpdRnnWuIM,2  3AM MAJIT LMEGHRIB,"Jan 12, 2020",505,56.89
2023-09-23,5vpdRnnWuIM,2  3AM MAJIT LMEGHRIB,"Jan 12, 2020",505,57.62
2023-09-24,5vpdRnnWuIM,2  3AM MAJIT LMEGHRIB,"Jan 12, 2020",505,55.42
2023-09-25,5vpdRnnWuIM,2  3AM MAJIT LMEGHRIB,"Jan 12, 2020",505,53.18
2023-09-26,5vpdRnnWuIM,2  3AM MAJIT LMEGHRIB,"Jan 12, 2020",505,51.95
2023-09-27,5vpdRnnWuIM,2  3AM MAJIT LMEGHRIB,"Jan 12, 2020",505,63.03
2023-09-28,5vpdRnnWuIM,2  3AM MAJIT LMEGHRIB,"Jan 12, 2020",505,51.99
2023-09-29,5vpdRnnWuIM,2  3AM MAJIT LMEGHRIB,"Jan 12, 2020",505,51.2
2023-09-30,5vpdRnnWuIM,2  3AM MAJIT LMEGHRIB,"Jan 12, 2020",505,47.94
2023-10-01,5vpdRnnWuIM,2  3AM MAJIT LMEGHRIB,"Jan 12, 2020",505,47.74
2023-10-02,5vpdRnnWuIM,2  3AM MAJIT LMEGHRIB,"Jan 12, 2020",505,56.87
2023-10-03,5vpdRnnWuIM,2  3AM MAJIT LMEGHRIB,"Jan 12, 2020",505,63.15
2023-10-04,5vpdRnnWuIM,2  3AM MAJIT LMEGHRIB,"Jan 12, 2020",505,51.7
2023-10-05,5vpdRnnWuIM,2  3AM MAJIT LMEGHRIB,"Jan 12, 2020",505,64.4
2023-10-06,5vpdRnnWuIM,2  3AM MAJIT LMEGHRIB,"Jan 12, 2020",505,54.02
2023-10-07,5vpdRnnWuIM,2  3AM MAJIT LMEGHRIB,"Jan 12, 2020",505,50.08
2023-10-08,5vpdRnnWuIM,2  3AM MAJIT LMEGHRIB,"Jan 12, 2020",505,40.01
2023-10-09,5vpdRnnWuIM,2  3AM MAJIT LMEGHRIB,"Jan 12, 2020",505,51.89
2023-10-10,5vpdRnnWuIM,2  3AM MAJIT LMEGHRIB,"Jan 12, 2020",505,57.79
2023-10-11,5vpdRnnWuIM,2  3AM MAJIT LMEGHRIB,"Jan 12, 2020",505,53.74
2023-10-12,5vpdRnnWuIM,2  3AM MAJIT LMEGHRIB,"Jan 12, 2020",505,57.17
2023-10-13,5vpdRnnWuIM,2  3AM MAJIT LMEGHRIB,"Jan 12, 2020",505,50.07
2023-10-14,5vpdRnnWuIM,2  3AM MAJIT LMEGHRIB,"Jan 12, 2020",505,73.76
2023-10-15,5vpdRnnWuIM,2  3AM MAJIT LMEGHRIB,"Jan 12, 2020",505,43.82
2023-10-16,5vpdRnnWuIM,2  3AM MAJIT LMEGHRIB,"Jan 12, 2020",505,51.98
2023-10-17,5vpdRnnWuIM,2  3AM MAJIT LMEGHRIB,"Jan 12, 2020",505,57.57
2023-10-18,5vpdRnnWuIM,2  3AM MAJIT LMEGHRIB,"Jan 12, 2020",505,53.27
2023-10-19,5vpdRnnWuIM,2  3AM MAJIT LMEGHRIB,"Jan 12, 2020",505,53.37
2023-10-20,5vpdRnnWuIM,2  3AM MAJIT LMEGHRIB,"Jan 12, 2020",505,50.22
2023-10-21,5vpdRnnWuIM,2  3AM MAJIT LMEGHRIB,"Jan 12, 2020",505,52.05
2023-10-22,5vpdRnnWuIM,2  3AM MAJIT LMEGHRIB,"Jan 12, 2020",505,53.5
2023-10-23,5vpdRnnWuIM,2  3AM MAJIT LMEGHRIB,"Jan 12, 2020",505,50.3
2023-10-24,5vpdRnnWuIM,2  3AM MAJIT LMEGHRIB,"Jan 12, 2020",505,57.43
2023-10-25,5vpdRnnWuIM,2  3AM MAJIT LMEGHRIB,"Jan 12, 2020",505,47.22
2023-10-26,5vpdRnnWuIM,2  3AM MAJIT LMEGHRIB,"Jan 12, 2020",505,59.82
2023-10-27,5vpdRnnWuIM,2  3AM MAJIT LMEGHRIB,"Jan 12, 2020",505,44.4
2023-10-28,5vpdRnnWuIM,2  3AM MAJIT LMEGHRIB,"Jan 12, 2020",505,39.45
2023-10-29,5vpdRnnWuIM,2  3AM MAJIT LMEGHRIB,"Jan 12, 2020",505,45.59
2023-10-30,5vpdRnnWuIM,2  3AM MAJIT LMEGHRIB,"Jan 12, 2020",505,52.65
2023-10-31,5vpdRnnWuIM,2  3AM MAJIT LMEGHRIB,"Jan 12, 2020",505,56.03
2023-11-01,5vpdRnnWuIM,2  3AM MAJIT LMEGHRIB,"Jan 12, 2020",505,53.56
2023-11-02,5vpdRnnWuIM,2  3AM MAJIT LMEGHRIB,"Jan 12, 2020",505,61.08
2023-11-03,5vpdRnnWuIM,2  3AM MAJIT LMEGHRIB,"Jan 12, 2020",505,53.94
2023-11-04,5vpdRnnWuIM,2  3AM MAJIT LMEGHRIB,"Jan 12, 2020",505,58.98
2023-11-05,5vpdRnnWuIM,2  3AM MAJIT LMEGHRIB,"Jan 12, 2020",505,53.19
2023-11-06,5vpdRnnWuIM,2  3AM MAJIT LMEGHRIB,"Jan 12, 2020",505,58.78
2023-11-07,5vpdRnnWuIM,2  3AM MAJIT LMEGHRIB,"Jan 12, 2020",505,52.64
2023-11-08,5vpdRnnWuIM,2  3AM MAJIT LMEGHRIB,"Jan 12, 2020",505,47.57
2023-11-09,5vpdRnnWuIM,2  3AM MAJIT LMEGHRIB,"Jan 12, 2020",505,55.78
2023-11-10,5vpdRnnWuIM,2  3AM MAJIT LMEGHRIB,"Jan 12, 2020",505,58.31
2023-11-11,5vpdRnnWuIM,2  3AM MAJIT LMEGHRIB,"Jan 12, 2020",505,51.89
2023-11-12,5vpdRnnWuIM,2  3AM MAJIT LMEGHRIB,"Jan 12, 2020",505,60.66
2023-11-13,5vpdRnnWuIM,2  3AM MAJIT LMEGHRIB,"Jan 12, 2020",505,61.54
2023-11-14,5vpdRnnWuIM,2  3AM MAJIT LMEGHRIB,"Jan 12, 2020",505,67.61
2023-11-15,5vpdRnnWuIM,2  3AM MAJIT LMEGHRIB,"Jan 12, 2020",505,57.63
2023-11-16,5vpdRnnWuIM,2  3AM MAJIT LMEGHRIB,"Jan 12, 2020",505,44.77
2023-11-17,5vpdRnnWuIM,2  3AM MAJIT LMEGHRIB,"Jan 12, 2020",505,47.56
2023-11-18,5vpdRnnWuIM,2  3AM MAJIT LMEGHRIB,"Jan 12, 2020",505,54.27
2023-11-19,5vpdRnnWuIM,2  3AM MAJIT LMEGHRIB,"Jan 12, 2020",505,58.06
2023-11-20,5vpdRnnWuIM,2  3AM MAJIT LMEGHRIB,"Jan 12, 2020",505,60.19
2023-11-21,5vpdRnnWuIM,2  3AM MAJIT LMEGHRIB,"Jan 12, 2020",505,53.34
2023-11-22,5vpdRnnWuIM,2  3AM MAJIT LMEGHRIB,"Jan 12, 2020",505,54.47
2023-11-23,5vpdRnnWuIM,2  3AM MAJIT LMEGHRIB,"Jan 12, 2020",505,62.85
2023-11-24,5vpdRnnWuIM,2  3AM MAJIT LMEGHRIB,"Jan 12, 2020",505,53.03
2023-11-25,5vpdRnnWuIM,2  3AM MAJIT LMEGHRIB,"Jan 12, 2020",505,59.93
2023-11-26,5vpdRnnWuIM,2  3AM MAJIT LMEGHRIB,"Jan 12, 2020",505,55.85
2023-11-27,5vpdRnnWuIM,2  3AM MAJIT LMEGHRIB,"Jan 12, 2020",505,56.85
2023-11-28,5vpdRnnWuIM,2  3AM MAJIT LMEGHRIB,"Jan 12, 2020",505,58.18
2023-11-29,5vpdRnnWuIM,2  3AM MAJIT LMEGHRIB,"Jan 12, 2020",505,54.47
2023-11-30,5vpdRnnWuIM,2  3AM MAJIT LMEGHRIB,"Jan 12, 2020",505,47.49
2023-12-01,5vpdRnnWuIM,2  3AM MAJIT LMEGHRIB,"Jan 12, 2020",505,57.32
2023-12-02,5vpdRnnWuIM,2  3AM MAJIT LMEGHRIB,"Jan 12, 2020",505,56.81
2023-12-03,5vpdRnnWuIM,2  3AM MAJIT LMEGHRIB,"Jan 12, 2020",505,57.94
2023-12-04,5vpdRnnWuIM,2  3AM MAJIT LMEGHRIB,"Jan 12, 2020",505,61.93
2023-12-05,5vpdRnnWuIM,2  3AM MAJIT LMEGHRIB,"Jan 12, 2020",505,58.51
2023-12-06,5vpdRnnWuIM,2  3AM MAJIT LMEGHRIB,"Jan 12, 2020",505,52.05
2023-12-07,5vpdRnnWuIM,2  3AM MAJIT LMEGHRIB,"Jan 12, 2020",505,52.8
2023-12-08,5vpdRnnWuIM,2  3AM MAJIT LMEGHRIB,"Jan 12, 2020",505,51.17
2023-12-09,5vpdRnnWuIM,2  3AM MAJIT LMEGHRIB,"Jan 12, 2020",505,51.06
2023-12-10,5vpdRnnWuIM,2  3AM MAJIT LMEGHRIB,"Jan 12, 2020",505,62.37
2023-12-11,5vpdRnnWuIM,2  3AM MAJIT LMEGHRIB,"Jan 12, 2020",505,54.46
2023-12-12,5vpdRnnWuIM,2  3AM MAJIT LMEGHRIB,"Jan 12, 2020",505,62.47
2023-12-13,5vpdRnnWuIM,2  3AM MAJIT LMEGHRIB,"Jan 12, 2020",505,51.44
2023-12-14,5vpdRnnWuIM,2  3AM MAJIT LMEGHRIB,"Jan 12, 2020",505,53.96
2023-12-15,5vpdRnnWuIM,2  3AM MAJIT LMEGHRIB,"Jan 12, 2020",505,52.59
2023-12-16,5vpdRnnWuIM,2  3AM MAJIT LMEGHRIB,"Jan 12, 2020",505,52.34
2023-12-17,5vpdRnnWuIM,2  3AM MAJIT LMEGHRIB,"Jan 12, 2020",505,57.12
2023-12-18,5vpdRnnWuIM,2  3AM MAJIT LMEGHRIB,"Jan 12, 2020",505,57.52
2023-12-19,5vpdRnnWuIM,2  3AM MAJIT LMEGHRIB,"Jan 12, 2020",505,57.91
2023-12-20,5vpdRnnWuIM,2  3AM MAJIT LMEGHRIB,"Jan 12, 2020",505,61.61
2023-12-21,5vpdRnnWuIM,2  3AM MAJIT LMEGHRIB,"Jan 12, 2020",505,54.44
2023-12-22,5vpdRnnWuIM,2  3AM MAJIT LMEGHRIB,"Jan 12, 2020",505,49.47
2023-12-23,5vpdRnnWuIM,2  3AM MAJIT LMEGHRIB,"Jan 12, 2020",505,53.87
2023-12-24,5vpdRnnWuIM,2  3AM MAJIT LMEGHRIB,"Jan 12, 2020",505,52.8
2023-12-25,5vpdRnnWuIM,2  3AM MAJIT LMEGHRIB,"Jan 12, 2020",505,55.59
2023-12-26,5vpdRnnWuIM,2  3AM MAJIT LMEGHRIB,"Jan 12, 2020",505,53.04
2023-12-27,5vpdRnnWuIM,2  3AM MAJIT LMEGHRIB,"Jan 12, 2020",505,57.36
2023-12-28,5vpdRnnWuIM,2  3AM MAJIT LMEGHRIB,"Jan 12, 2020",505,63.64
2023-12-29,5vpdRnnWuIM,2  3AM MAJIT LMEGHRIB,"Jan 12, 2020",505,53.22
2023-12-30,5vpdRnnWuIM,2  3AM MAJIT LMEGHRIB,"Jan 12, 2020",505,53.3
2023-12-31,5vpdRnnWuIM,2  3AM MAJIT LMEGHRIB,"Jan 12, 2020",505,57.69
2024-01-01,5vpdRnnWuIM,2  3AM MAJIT LMEGHRIB,"Jan 12, 2020",505,54.14
2024-01-02,5vpdRnnWuIM,2  3AM MAJIT LMEGHRIB,"Jan 12, 2020",505,59.28
2024-01-03,5vpdRnnWuIM,2  3AM MAJIT LMEGHRIB,"Jan 12, 2020",505,55.16
2024-01-04,5vpdRnnWuIM,2  3AM MAJIT LMEGHRIB,"Jan 12, 2020",505,56.56
2024-01-05,5vpdRnnWuIM,2  3AM MAJIT LMEGHRIB,"Jan 12, 2020",505,54.61
2024-01-06,5vpdRnnWuIM,2  3AM MAJIT LMEGHRIB,"Jan 12, 2020",505,49.17
2024-01-07,5vpdRnnWuIM,2  3AM MAJIT LMEGHRIB,"Jan 12, 2020",505,47.39
2024-01-08,5vpdRnnWuIM,2  3AM MAJIT LMEGHRIB,"Jan 12, 2020",505,55.66
2024-01-09,5vpdRnnWuIM,2  3AM MAJIT LMEGHRIB,"Jan 12, 2020",505,43.35
2024-01-10,5vpdRnnWuIM,2  3AM MAJIT LMEGHRIB,"Jan 12, 2020",505,44.38
2024-01-11,5vpdRnnWuIM,2  3AM MAJIT LMEGHRIB,"Jan 12, 2020",505,43.41
2024-01-12,5vpdRnnWuIM,2  3AM MAJIT LMEGHRIB,"Jan 12, 2020",505,42.65
2024-01-13,5vpdRnnWuIM,2  3AM MAJIT LMEGHRIB,"Jan 12, 2020",505,44.91
2024-01-14,5vpdRnnWuIM,2  3AM MAJIT LMEGHRIB,"Jan 12, 2020",505,49.06
2024-01-15,5vpdRnnWuIM,2  3AM MAJIT LMEGHRIB,"Jan 12, 2020",505,44.48
2024-01-16,5vpdRnnWuIM,2  3AM MAJIT LMEGHRIB,"Jan 12, 2020",505,45.93
2024-01-17,5vpdRnnWuIM,2  3AM MAJIT LMEGHRIB,"Jan 12, 2020",505,42.26
2024-01-18,5vpdRnnWuIM,2  3AM MAJIT LMEGHRIB,"Jan 12, 2020",505,46.61
2024-01-19,5vpdRnnWuIM,2  3AM MAJIT LMEGHRIB,"Jan 12, 2020",505,48.5
2024-01-20,5vpdRnnWuIM,2  3AM MAJIT LMEGHRIB,"Jan 12, 2020",505,51.19
2024-01-21,5vpdRnnWuIM,2  3AM MAJIT LMEGHRIB,"Jan 12, 2020",505,47.52
2024-01-22,5vpdRnnWuIM,2  3AM MAJIT LMEGHRIB,"Jan 12, 2020",505,46.14
2024-01-23,5vpdRnnWuIM,2  3AM MAJIT LMEGHRIB,"Jan 12, 2020",505,43.55
2024-01-24,5vpdRnnWuIM,2  3AM MAJIT LMEGHRIB,"Jan 12, 2020",505,52.63
2024-01-25,5vpdRnnWuIM,2  3AM MAJIT LMEGHRIB,"Jan 12, 2020",505,47.03
2024-01-26,5vpdRnnWuIM,2  3AM MAJIT LMEGHRIB,"Jan 12, 2020",505,43.76
2024-01-27,5vpdRnnWuIM,2  3AM MAJIT LMEGHRIB,"Jan 12, 2020",505,45.81
2024-01-28,5vpdRnnWuIM,2  3AM MAJIT LMEGHRIB,"Jan 12, 2020",505,53.09
2024-01-29,5vpdRnnWuIM,2  3AM MAJIT LMEGHRIB,"Jan 12, 2020",505,48.82
2024-01-30,5vpdRnnWuIM,2  3AM MAJIT LMEGHRIB,"Jan 12, 2020",505,47.3
2024-01-31,5vpdRnnWuIM,2  3AM MAJIT LMEGHRIB,"Jan 12, 2020",505,57.8
2024-02-01,5vpdRnnWuIM,2  3AM MAJIT LMEGHRIB,"Jan 12, 2020",505,47.08
2024-02-02,5vpdRnnWuIM,2  3AM MAJIT LMEGHRIB,"Jan 12, 2020",505,51.34
2024-02-03,5vpdRnnWuIM,2  3AM MAJIT LMEGHRIB,"Jan 12, 2020",505,46.6
2024-02-04,5vpdRnnWuIM,2  3AM MAJIT LMEGHRIB,"Jan 12, 2020",505,41.57
2024-02-05,5vpdRnnWuIM,2  3AM MAJIT LMEGHRIB,"Jan 12, 2020",505,40.12
2024-02-06,5vpdRnnWuIM,2  3AM MAJIT LMEGHRIB,"Jan 12, 2020",505,46.66
2024-02-07,5vpdRnnWuIM,2  3AM MAJIT LMEGHRIB,"Jan 12, 2020",505,42.71
2024-02-08,5vpdRnnWuIM,2  3AM MAJIT LMEGHRIB,"Jan 12, 2020",505,47.85
2024-02-09,5vpdRnnWuIM,2  3AM MAJIT LMEGHRIB,"Jan 12, 2020",505,45.64
2024-02-10,5vpdRnnWuIM,2  3AM MAJIT LMEGHRIB,"Jan 12, 2020",505,35.11
2024-02-11,5vpdRnnWuIM,2  3AM MAJIT LMEGHRIB,"Jan 12, 2020",505,38.25
2024-02-12,5vpdRnnWuIM,2  3AM MAJIT LMEGHRIB,"Jan 12, 2020",505,45.26
2024-02-13,5vpdRnnWuIM,2  3AM MAJIT LMEGHRIB,"Jan 12, 2020",505,47.03
2024-02-14,5vpdRnnWuIM,2  3AM MAJIT LMEGHRIB,"Jan 12, 2020",505,41.92
2024-02-15,5vpdRnnWuIM,2  3AM MAJIT LMEGHRIB,"Jan 12, 2020",505,38.66
2024-02-16,5vpdRnnWuIM,2  3AM MAJIT LMEGHRIB,"Jan 12, 2020",505,43.93
2024-02-17,5vpdRnnWuIM,2  3AM MAJIT LMEGHRIB,"Jan 12, 2020",505,50.26
2024-02-18,5vpdRnnWuIM,2  3AM MAJIT LMEGHRIB,"Jan 12, 2020",505,45.95
2024-02-19,5vpdRnnWuIM,2  3AM MAJIT LMEGHRIB,"Jan 12, 2020",505,49.66
2024-02-20,5vpdRnnWuIM,2  3AM MAJIT LMEGHRIB,"Jan 12, 2020",505,47.61
2024-02-21,5vpdRnnWuIM,2  3AM MAJIT LMEGHRIB,"Jan 12, 2020",505,46.19
2024-02-22,5vpdRnnWuIM,2  3AM MAJIT LMEGHRIB,"Jan 12, 2020",505,59.96
2024-02-23,5vpdRnnWuIM,2  3AM MAJIT LMEGHRIB,"Jan 12, 2020",505,47.3
2024-02-24,5vpdRnnWuIM,2  3AM MAJIT LMEGHRIB,"Jan 12, 2020",505,57.42
2024-02-25,5vpdRnnWuIM,2  3AM MAJIT LMEGHRIB,"Jan 12, 2020",505,44.37
2024-02-26,5vpdRnnWuIM,2  3AM MAJIT LMEGHRIB,"Jan 12, 2020",505,51.12
2024-02-27,5vpdRnnWuIM,2  3AM MAJIT LMEGHRIB,"Jan 12, 2020",505,54.78
2024-02-28,5vpdRnnWuIM,2  3AM MAJIT LMEGHRIB,"Jan 12, 2020",505,58.31
2024-02-29,5vpdRnnWuIM,2  3AM MAJIT LMEGHRIB,"Jan 12, 2020",505,56.91
2024-03-01,5vpdRnnWuIM,2  3AM MAJIT LMEGHRIB,"Jan 12, 2020",505,44.69
2024-03-02,5vpdRnnWuIM,2  3AM MAJIT LMEGHRIB,"Jan 12, 2020",505,54.96
2024-03-03,5vpdRnnWuIM,2  3AM MAJIT LMEGHRIB,"Jan 12, 2020",505,59.15
2024-03-04,5vpdRnnWuIM,2  3AM MAJIT LMEGHRIB,"Jan 12, 2020",505,59.67
2024-03-05,5vpdRnnWuIM,2  3AM MAJIT LMEGHRIB,"Jan 12, 2020",505,49.46
2024-03-06,5vpdRnnWuIM,2  3AM MAJIT LMEGHRIB,"Jan 12, 2020",505,55.64
2024-03-07,5vpdRnnWuIM,2  3AM MAJIT LMEGHRIB,"Jan 12, 2020",505,55.85
2024-03-08,5vpdRnnWuIM,2  3AM MAJIT LMEGHRIB,"Jan 12, 2020",505,53.91
2024-03-09,5vpdRnnWuIM,2  3AM MAJIT LMEGHRIB,"Jan 12, 2020",505,51.28
2024-03-10,5vpdRnnWuIM,2  3AM MAJIT LMEGHRIB,"Jan 12, 2020",505,47.78
2024-03-11,5vpdRnnWuIM,2  3AM MAJIT LMEGHRIB,"Jan 12, 2020",505,53.35
2024-03-12,5vpdRnnWuIM,2  3AM MAJIT LMEGHRIB,"Jan 12, 2020",505,51.87
2024-03-13,5vpdRnnWuIM,2  3AM MAJIT LMEGHRIB,"Jan 12, 2020",505,58.96
2024-03-14,5vpdRnnWuIM,2  3AM MAJIT LMEGHRIB,"Jan 12, 2020",505,50.58
2024-03-15,5vpdRnnWuIM,2  3AM MAJIT LMEGHRIB,"Jan 12, 2020",505,43.03
2024-03-16,5vpdRnnWuIM,2  3AM MAJIT LMEGHRIB,"Jan 12, 2020",505,55.75
2024-03-17,5vpdRnnWuIM,2  3AM MAJIT LMEGHRIB,"Jan 12, 2020",505,58.23
2024-03-18,5vpdRnnWuIM,2  3AM MAJIT LMEGHRIB,"Jan 12, 2020",505,57.13
2024-03-19,5vpdRnnWuIM,2  3AM MAJIT LMEGHRIB,"Jan 12, 2020",505,54.35
2024-03-20,5vpdRnnWuIM,2  3AM MAJIT LMEGHRIB,"Jan 12, 2020",505,52.83
2024-03-21,5vpdRnnWuIM,2  3AM MAJIT LMEGHRIB,"Jan 12, 2020",505,55.75
2024-03-22,5vpdRnnWuIM,2  3AM MAJIT LMEGHRIB,"Jan 12, 2020",505,49.35
2024-03-23,5vpdRnnWuIM,2  3AM MAJIT LMEGHRIB,"Jan 12, 2020",505,60.4
2024-03-24,5vpdRnnWuIM,2  3AM MAJIT LMEGHRIB,"Jan 12, 2020",505,61.72
2024-03-25,5vpdRnnWuIM,2  3AM MAJIT LMEGHRIB,"Jan 12, 2020",505,61.88
2024-03-26,5vpdRnnWuIM,2  3AM MAJIT LMEGHRIB,"Jan 12, 2020",505,53.57
2024-03-27,5vpdRnnWuIM,2  3AM MAJIT LMEGHRIB,"Jan 12, 2020",505,54.43
2024-03-28,5vpdRnnWuIM,2  3AM MAJIT LMEGHRIB,"Jan 12, 2020",505,58.51
2024-03-29,5vpdRnnWuIM,2  3AM MAJIT LMEGHRIB,"Jan 12, 2020",505,65.94
2024-03-30,5vpdRnnWuIM,2  3AM MAJIT LMEGHRIB,"Jan 12, 2020",505,61.05
2024-03-31,5vpdRnnWuIM,2  3AM MAJIT LMEGHRIB,"Jan 12, 2020",505,75.68
2024-04-01,5vpdRnnWuIM,2  3AM MAJIT LMEGHRIB,"Jan 12, 2020",505,62.39
2024-04-02,5vpdRnnWuIM,2  3AM MAJIT LMEGHRIB,"Jan 12, 2020",505,60.74
2024-04-03,5vpdRnnWuIM,2  3AM MAJIT LMEGHRIB,"Jan 12, 2020",505,66.6
2024-04-04,5vpdRnnWuIM,2  3AM MAJIT LMEGHRIB,"Jan 12, 2020",505,62.7
2024-04-05,5vpdRnnWuIM,2  3AM MAJIT LMEGHRIB,"Jan 12, 2020",505,58.16
2024-04-06,5vpdRnnWuIM,2  3AM MAJIT LMEGHRIB,"Jan 12, 2020",505,68.04
2024-04-07,5vpdRnnWuIM,2  3AM MAJIT LMEGHRIB,"Jan 12, 2020",505,52.95
2024-04-08,5vpdRnnWuIM,2  3AM MAJIT LMEGHRIB,"Jan 12, 2020",505,58.42
2024-04-09,5vpdRnnWuIM,2  3AM MAJIT LMEGHRIB,"Jan 12, 2020",505,54.33
2024-04-10,5vpdRnnWuIM,2  3AM MAJIT LMEGHRIB,"Jan 12, 2020",505,54.98
2024-04-11,5vpdRnnWuIM,2  3AM MAJIT LMEGHRIB,"Jan 12, 2020",505,89.67
2024-04-12,5vpdRnnWuIM,2  3AM MAJIT LMEGHRIB,"Jan 12, 2020",505,119.7
2024-04-13,5vpdRnnWuIM,2  3AM MAJIT LMEGHRIB,"Jan 12, 2020",505,66.11
2024-04-14,5vpdRnnWuIM,2  3AM MAJIT LMEGHRIB,"Jan 12, 2020",505,60.97
2024-04-15,5vpdRnnWuIM,2  3AM MAJIT LMEGHRIB,"Jan 12, 2020",505,61.77
2024-04-16,5vpdRnnWuIM,2  3AM MAJIT LMEGHRIB,"Jan 12, 2020",505,64.05
2024-04-17,5vpdRnnWuIM,2  3AM MAJIT LMEGHRIB,"Jan 12, 2020",505,48.84
2024-04-18,5vpdRnnWuIM,2  3AM MAJIT LMEGHRIB,"Jan 12, 2020",505,58.34
2024-04-19,5vpdRnnWuIM,2  3AM MAJIT LMEGHRIB,"Jan 12, 2020",505,59.25
2024-04-20,5vpdRnnWuIM,2  3AM MAJIT LMEGHRIB,"Jan 12, 2020",505,55.26
2024-04-21,5vpdRnnWuIM,2  3AM MAJIT LMEGHRIB,"Jan 12, 2020",505,58.43
2024-04-22,5vpdRnnWuIM,2  3AM MAJIT LMEGHRIB,"Jan 12, 2020",505,64.69
2024-04-23,5vpdRnnWuIM,2  3AM MAJIT LMEGHRIB,"Jan 12, 2020",505,58.69
2024-04-24,5vpdRnnWuIM,2  3AM MAJIT LMEGHRIB,"Jan 12, 2020",505,50.24
2024-04-25,5vpdRnnWuIM,2  3AM MAJIT LMEGHRIB,"Jan 12, 2020",505,63.2
2024-04-26,5vpdRnnWuIM,2  3AM MAJIT LMEGHRIB,"Jan 12, 2020",505,56.39
2024-04-27,5vpdRnnWuIM,2  3AM MAJIT LMEGHRIB,"Jan 12, 2020",505,51.03
2024-04-28,5vpdRnnWuIM,2  3AM MAJIT LMEGHRIB,"Jan 12, 2020",505,50.48
2024-04-29,5vpdRnnWuIM,2  3AM MAJIT LMEGHRIB,"Jan 12, 2020",505,48.52
2024-04-30,5vpdRnnWuIM,2  3AM MAJIT LMEGHRIB,"Jan 12, 2020",505,65.79
2024-05-01,5vpdRnnWuIM,2  3AM MAJIT LMEGHRIB,"Jan 12, 2020",505,52.65
2024-05-02,5vpdRnnWuIM,2  3AM MAJIT LMEGHRIB,"Jan 12, 2020",505,46.41
2024-05-03,5vpdRnnWuIM,2  3AM MAJIT LMEGHRIB,"Jan 12, 2020",505,59.99
2024-05-04,5vpdRnnWuIM,2  3AM MAJIT LMEGHRIB,"Jan 12, 2020",505,60.01
2024-05-05,5vpdRnnWuIM,2  3AM MAJIT LMEGHRIB,"Jan 12, 2020",505,61.13
2024-05-06,5vpdRnnWuIM,2  3AM MAJIT LMEGHRIB,"Jan 12, 2020",505,58.83
2024-05-07,5vpdRnnWuIM,2  3AM MAJIT LMEGHRIB,"Jan 12, 2020",505,58.81
2024-05-08,5vpdRnnWuIM,2  3AM MAJIT LMEGHRIB,"Jan 12, 2020",505,54.31
2024-05-09,5vpdRnnWuIM,2  3AM MAJIT LMEGHRIB,"Jan 12, 2020",505,52.68
2024-05-10,5vpdRnnWuIM,2  3AM MAJIT LMEGHRIB,"Jan 12, 2020",505,64.75
2024-05-11,5vpdRnnWuIM,2  3AM MAJIT LMEGHRIB,"Jan 12, 2020",505,61.99
2024-05-12,5vpdRnnWuIM,2  3AM MAJIT LMEGHRIB,"Jan 12, 2020",505,56.78
2024-05-13,5vpdRnnWuIM,2  3AM MAJIT LMEGHRIB,"Jan 12, 2020",505,61.83
2024-05-14,5vpdRnnWuIM,2  3AM MAJIT LMEGHRIB,"Jan 12, 2020",505,55.15
2024-05-15,5vpdRnnWuIM,2  3AM MAJIT LMEGHRIB,"Jan 12, 2020",505,55.04
2024-05-16,5vpdRnnWuIM,2  3AM MAJIT LMEGHRIB,"Jan 12, 2020",505,54.64
2024-05-17,5vpdRnnWuIM,2  3AM MAJIT LMEGHRIB,"Jan 12, 2020",505,56.49
2024-05-18,5vpdRnnWuIM,2  3AM MAJIT LMEGHRIB,"Jan 12, 2020",505,78.22
2024-05-19,5vpdRnnWuIM,2  3AM MAJIT LMEGHRIB,"Jan 12, 2020",505,56.34
2024-05-20,5vpdRnnWuIM,2  3AM MAJIT LMEGHRIB,"Jan 12, 2020",505,56.71
2024-05-21,5vpdRnnWuIM,2  3AM MAJIT LMEGHRIB,"Jan 12, 2020",505,55.71
2024-05-22,5vpdRnnWuIM,2  3AM MAJIT LMEGHRIB,"Jan 12, 2020",505,62.58
2024-05-23,5vpdRnnWuIM,2  3AM MAJIT LMEGHRIB,"Jan 12, 2020",505,56.34
2024-05-24,5vpdRnnWuIM,2  3AM MAJIT LMEGHRIB,"Jan 12, 2020",505,55.12
2024-05-25,5vpdRnnWuIM,2  3AM MAJIT LMEGHRIB,"Jan 12, 2020",505,48.84
2024-05-26,5vpdRnnWuIM,2  3AM MAJIT LMEGHRIB,"Jan 12, 2020",505,50.62
2024-05-27,5vpdRnnWuIM,2  3AM MAJIT LMEGHRIB,"Jan 12, 2020",505,54.35
2024-05-28,5vpdRnnWuIM,2  3AM MAJIT LMEGHRIB,"Jan 12, 2020",505,70.66
2024-05-29,5vpdRnnWuIM,2  3AM MAJIT LMEGHRIB,"Jan 12, 2020",505,54.54
2024-05-30,5vpdRnnWuIM,2  3AM MAJIT LMEGHRIB,"Jan 12, 2020",505,47.11
2024-05-31,5vpdRnnWuIM,2  3AM MAJIT LMEGHRIB,"Jan 12, 2020",505,60.17
2024-06-01,5vpdRnnWuIM,2  3AM MAJIT LMEGHRIB,"Jan 12, 2020",505,55.76
2024-06-02,5vpdRnnWuIM,2  3AM MAJIT LMEGHRIB,"Jan 12, 2020",505,84.08
2024-06-03,5vpdRnnWuIM,2  3AM MAJIT LMEGHRIB,"Jan 12, 2020",505,58.77
2024-06-04,5vpdRnnWuIM,2  3AM MAJIT LMEGHRIB,"Jan 12, 2020",505,47.36
2024-06-05,5vpdRnnWuIM,2  3AM MAJIT LMEGHRIB,"Jan 12, 2020",505,51.55
2024-06-06,5vpdRnnWuIM,2  3AM MAJIT LMEGHRIB,"Jan 12, 2020",505,61.13
2024-06-07,5vpdRnnWuIM,2  3AM MAJIT LMEGHRIB,"Jan 12, 2020",505,53.16
2024-06-08,5vpdRnnWuIM,2  3AM MAJIT LMEGHRIB,"Jan 12, 2020",505,46.12
2024-06-09,5vpdRnnWuIM,2  3AM MAJIT LMEGHRIB,"Jan 12, 2020",505,54.88
2024-06-10,5vpdRnnWuIM,2  3AM MAJIT LMEGHRIB,"Jan 12, 2020",505,51.62
2024-06-11,5vpdRnnWuIM,2  3AM MAJIT LMEGHRIB,"Jan 12, 2020",505,55.36
2024-06-12,5vpdRnnWuIM,2  3AM MAJIT LMEGHRIB,"Jan 12, 2020",505,58.62
2024-06-13,5vpdRnnWuIM,2  3AM MAJIT LMEGHRIB,"Jan 12, 2020",505,54.33
2024-06-14,5vpdRnnWuIM,2  3AM MAJIT LMEGHRIB,"Jan 12, 2020",505,61.37
2024-06-15,5vpdRnnWuIM,2  3AM MAJIT LMEGHRIB,"Jan 12, 2020",505,49.94
2024-06-16,5vpdRnnWuIM,2  3AM MAJIT LMEGHRIB,"Jan 12, 2020",505,54.24
2024-06-17,5vpdRnnWuIM,2  3AM MAJIT LMEGHRIB,"Jan 12, 2020",505,62.97
2024-06-18,5vpdRnnWuIM,2  3AM MAJIT LMEGHRIB,"Jan 12, 2020",505,45.15
2024-06-19,5vpdRnnWuIM,2  3AM MAJIT LMEGHRIB,"Jan 12, 2020",505,54.01
2024-06-20,5vpdRnnWuIM,2  3AM MAJIT LMEGHRIB,"Jan 12, 2020",505,62.21
2024-06-21,5vpdRnnWuIM,2  3AM MAJIT LMEGHRIB,"Jan 12, 2020",505,59.47
2024-06-22,5vpdRnnWuIM,2  3AM MAJIT LMEGHRIB,"Jan 12, 2020",505,60.32
2024-06-23,5vpdRnnWuIM,2  3AM MAJIT LMEGHRIB,"Jan 12, 2020",505,56.65
2024-06-24,5vpdRnnWuIM,2  3AM MAJIT LMEGHRIB,"Jan 12, 2020",505,56.43
2024-06-25,5vpdRnnWuIM,2  3AM MAJIT LMEGHRIB,"Jan 12, 2020",505,64.47
2024-06-26,5vpdRnnWuIM,2  3AM MAJIT LMEGHRIB,"Jan 12, 2020",505,53.04
2024-06-27,5vpdRnnWuIM,2  3AM MAJIT LMEGHRIB,"Jan 12, 2020",505,59.39
2024-06-28,5vpdRnnWuIM,2  3AM MAJIT LMEGHRIB,"Jan 12, 2020",505,63.91
2024-06-29,5vpdRnnWuIM,2  3AM MAJIT LMEGHRIB,"Jan 12, 2020",505,50.05
2024-06-30,5vpdRnnWuIM,2  3AM MAJIT LMEGHRIB,"Jan 12, 2020",505,52.32
2024-07-01,5vpdRnnWuIM,2  3AM MAJIT LMEGHRIB,"Jan 12, 2020",505,52.41
2024-07-02,5vpdRnnWuIM,2  3AM MAJIT LMEGHRIB,"Jan 12, 2020",505,50.87
2024-07-03,5vpdRnnWuIM,2  3AM MAJIT LMEGHRIB,"Jan 12, 2020",505,53.42
2024-07-04,5vpdRnnWuIM,2  3AM MAJIT LMEGHRIB,"Jan 12, 2020",505,49.08
2024-07-05,5vpdRnnWuIM,2  3AM MAJIT LMEGHRIB,"Jan 12, 2020",505,61.26
2024-07-06,5vpdRnnWuIM,2  3AM MAJIT LMEGHRIB,"Jan 12, 2020",505,53.27
2024-07-07,5vpdRnnWuIM,2  3AM MAJIT LMEGHRIB,"Jan 12, 2020",505,61.37
2024-07-08,5vpdRnnWuIM,2  3AM MAJIT LMEGHRIB,"Jan 12, 2020",505,50.2
2024-07-09,5vpdRnnWuIM,2  3AM MAJIT LMEGHRIB,"Jan 12, 2020",505,58.04
2024-07-10,5vpdRnnWuIM,2  3AM MAJIT LMEGHRIB,"Jan 12, 2020",505,48.38
2024-07-11,5vpdRnnWuIM,2  3AM MAJIT LMEGHRIB,"Jan 12, 2020",505,60.54
2024-07-12,5vpdRnnWuIM,2  3AM MAJIT LMEGHRIB,"Jan 12, 2020",505,58.01
2024-07-13,5vpdRnnWuIM,2  3AM MAJIT LMEGHRIB,"Jan 12, 2020",505,56.77
2024-07-14,5vpdRnnWuIM,2  3AM MAJIT LMEGHRIB,"Jan 12, 2020",505,52.45
2024-07-15,5vpdRnnWuIM,2  3AM MAJIT LMEGHRIB,"Jan 12, 2020",505,56.08
2024-07-16,5vpdRnnWuIM,2  3AM MAJIT LMEGHRIB,"Jan 12, 2020",505,51.62
2024-07-17,5vpdRnnWuIM,2  3AM MAJIT LMEGHRIB,"Jan 12, 2020",505,43.4
2024-07-18,5vpdRnnWuIM,2  3AM MAJIT LMEGHRIB,"Jan 12, 2020",505,52.27
2024-07-19,5vpdRnnWuIM,2  3AM MAJIT LMEGHRIB,"Jan 12, 2020",505,61.61
2024-07-20,5vpdRnnWuIM,2  3AM MAJIT LMEGHRIB,"Jan 12, 2020",505,61.6
2024-07-21,5vpdRnnWuIM,2  3AM MAJIT LMEGHRIB,"Jan 12, 2020",505,45.59
2024-07-22,5vpdRnnWuIM,2  3AM MAJIT LMEGHRIB,"Jan 12, 2020",505,49.84
2024-07-23,5vpdRnnWuIM,2  3AM MAJIT LMEGHRIB,"Jan 12, 2020",505,54.62
2024-07-24,5vpdRnnWuIM,2  3AM MAJIT LMEGHRIB,"Jan 12, 2020",505,45.55
2024-07-25,5vpdRnnWuIM,2  3AM MAJIT LMEGHRIB,"Jan 12, 2020",505,55.27
2024-07-26,5vpdRnnWuIM,2  3AM MAJIT LMEGHRIB,"Jan 12, 2020",505,57.38
2024-07-27,5vpdRnnWuIM,2  3AM MAJIT LMEGHRIB,"Jan 12, 2020",505,54.93
2024-07-28,5vpdRnnWuIM,2  3AM MAJIT LMEGHRIB,"Jan 12, 2020",505,49.62
2024-07-29,5vpdRnnWuIM,2  3AM MAJIT LMEGHRIB,"Jan 12, 2020",505,70.72
2024-07-30,5vpdRnnWuIM,2  3AM MAJIT LMEGHRIB,"Jan 12, 2020",505,53.22
2024-07-31,5vpdRnnWuIM,2  3AM MAJIT LMEGHRIB,"Jan 12, 2020",505,50.28
2024-08-01,5vpdRnnWuIM,2  3AM MAJIT LMEGHRIB,"Jan 12, 2020",505,46.43
2024-08-02,5vpdRnnWuIM,2  3AM MAJIT LMEGHRIB,"Jan 12, 2020",505,52.06
2024-08-03,5vpdRnnWuIM,2  3AM MAJIT LMEGHRIB,"Jan 12, 2020",505,55.98
2024-08-04,5vpdRnnWuIM,2  3AM MAJIT LMEGHRIB,"Jan 12, 2020",505,48.22
2024-08-05,5vpdRnnWuIM,2  3AM MAJIT LMEGHRIB,"Jan 12, 2020",505,51.23
2024-08-06,5vpdRnnWuIM,2  3AM MAJIT LMEGHRIB,"Jan 12, 2020",505,83.77
2024-08-07,5vpdRnnWuIM,2  3AM MAJIT LMEGHRIB,"Jan 12, 2020",505,60.73
2024-08-08,5vpdRnnWuIM,2  3AM MAJIT LMEGHRIB,"Jan 12, 2020",505,57.63
2024-08-09,5vpdRnnWuIM,2  3AM MAJIT LMEGHRIB,"Jan 12, 2020",505,50.76
2024-08-10,5vpdRnnWuIM,2  3AM MAJIT LMEGHRIB,"Jan 12, 2020",505,61.75
2024-08-11,5vpdRnnWuIM,2  3AM MAJIT LMEGHRIB,"Jan 12, 2020",505,49.55
2024-08-12,5vpdRnnWuIM,2  3AM MAJIT LMEGHRIB,"Jan 12, 2020",505,46.16
2024-08-13,5vpdRnnWuIM,2  3AM MAJIT LMEGHRIB,"Jan 12, 2020",505,51.94
2024-08-14,5vpdRnnWuIM,2  3AM MAJIT LMEGHRIB,"Jan 12, 2020",505,52.54
2024-08-15,5vpdRnnWuIM,2  3AM MAJIT LMEGHRIB,"Jan 12, 2020",505,58.4
2024-08-16,5vpdRnnWuIM,2  3AM MAJIT LMEGHRIB,"Jan 12, 2020",505,55.8
2024-08-17,5vpdRnnWuIM,2  3AM MAJIT LMEGHRIB,"Jan 12, 2020",505,58.42
2024-08-18,5vpdRnnWuIM,2  3AM MAJIT LMEGHRIB,"Jan 12, 2020",505,60.39
2024-08-19,5vpdRnnWuIM,2  3AM MAJIT LMEGHRIB,"Jan 12, 2020",505,67.4
2024-08-20,5vpdRnnWuIM,2  3AM MAJIT LMEGHRIB,"Jan 12, 2020",505,61.72
2024-08-21,5vpdRnnWuIM,2  3AM MAJIT LMEGHRIB,"Jan 12, 2020",505,53.11
2024-08-22,5vpdRnnWuIM,2  3AM MAJIT LMEGHRIB,"Jan 12, 2020",505,49.86
2024-08-23,5vpdRnnWuIM,2  3AM MAJIT LMEGHRIB,"Jan 12, 2020",505,51.75
2024-08-24,5vpdRnnWuIM,2  3AM MAJIT LMEGHRIB,"Jan 12, 2020",505,52.46
2024-08-25,5vpdRnnWuIM,2  3AM MAJIT LMEGHRIB,"Jan 12, 2020",505,65.01
2024-08-26,5vpdRnnWuIM,2  3AM MAJIT LMEGHRIB,"Jan 12, 2020",505,54.22
2024-08-27,5vpdRnnWuIM,2  3AM MAJIT LMEGHRIB,"Jan 12, 2020",505,49.59
2024-08-28,5vpdRnnWuIM,2  3AM MAJIT LMEGHRIB,"Jan 12, 2020",505,59.19
2024-08-29,5vpdRnnWuIM,2  3AM MAJIT LMEGHRIB,"Jan 12, 2020",505,60.5
2024-08-30,5vpdRnnWuIM,2  3AM MAJIT LMEGHRIB,"Jan 12, 2020",505,54.42
2024-08-31,5vpdRnnWuIM,2  3AM MAJIT LMEGHRIB,"Jan 12, 2020",505,49.9
2024-09-01,5vpdRnnWuIM,2  3AM MAJIT LMEGHRIB,"Jan 12, 2020",505,53.14
2024-09-02,5vpdRnnWuIM,2  3AM MAJIT LMEGHRIB,"Jan 12, 2020",505,55.16
2024-09-03,5vpdRnnWuIM,2  3AM MAJIT LMEGHRIB,"Jan 12, 2020",505,63.29
2024-09-04,5vpdRnnWuIM,2  3AM MAJIT LMEGHRIB,"Jan 12, 2020",505,50.47
2024-09-05,5vpdRnnWuIM,2  3AM MAJIT LMEGHRIB,"Jan 12, 2020",505,61.25
2024-09-06,5vpdRnnWuIM,2  3AM MAJIT LMEGHRIB,"Jan 12, 2020",505,62.54
2024-09-07,5vpdRnnWuIM,2  3AM MAJIT LMEGHRIB,"Jan 12, 2020",505,54.94
2024-09-08,5vpdRnnWuIM,2  3AM MAJIT LMEGHRIB,"Jan 12, 2020",505,60.98
2024-09-09,5vpdRnnWuIM,2  3AM MAJIT LMEGHRIB,"Jan 12, 2020",505,57.85
2024-09-10,5vpdRnnWuIM,2  3AM MAJIT LMEGHRIB,"Jan 12, 2020",505,60.23
2024-09-11,5vpdRnnWuIM,2  3AM MAJIT LMEGHRIB,"Jan 12, 2020",505,60.65
2024-09-12,5vpdRnnWuIM,2  3AM MAJIT LMEGHRIB,"Jan 12, 2020",505,50.2
2024-09-13,5vpdRnnWuIM,2  3AM MAJIT LMEGHRIB,"Jan 12, 2020",505,58.13
2024-09-14,5vpdRnnWuIM,2  3AM MAJIT LMEGHRIB,"Jan 12, 2020",505,51.98
2024-09-15,5vpdRnnWuIM,2  3AM MAJIT LMEGHRIB,"Jan 12, 2020",505,56.06
2024-09-16,5vpdRnnWuIM,2  3AM MAJIT LMEGHRIB,"Jan 12, 2020",505,58.29
2024-09-17,5vpdRnnWuIM,2  3AM MAJIT LMEGHRIB,"Jan 12, 2020",505,62.82
2024-09-18,5vpdRnnWuIM,2  3AM MAJIT LMEGHRIB,"Jan 12, 2020",505,44.95
2024-09-19,5vpdRnnWuIM,2  3AM MAJIT LMEGHRIB,"Jan 12, 2020",505,66.71
2024-09-20,5vpdRnnWuIM,2  3AM MAJIT LMEGHRIB,"Jan 12, 2020",505,61.83
2024-09-21,5vpdRnnWuIM,2  3AM MAJIT LMEGHRIB,"Jan 12, 2020",505,56.65
2024-09-22,5vpdRnnWuIM,2  3AM MAJIT LMEGHRIB,"Jan 12, 2020",505,54.55
2024-09-23,5vpdRnnWuIM,2  3AM MAJIT LMEGHRIB,"Jan 12, 2020",505,59.21
2024-09-24,5vpdRnnWuIM,2  3AM MAJIT LMEGHRIB,"Jan 12, 2020",505,63.06
2024-09-25,5vpdRnnWuIM,2  3AM MAJIT LMEGHRIB,"Jan 12, 2020",505,55.26
2024-09-26,5vpdRnnWuIM,2  3AM MAJIT LMEGHRIB,"Jan 12, 2020",505,61.04
2024-09-27,5vpdRnnWuIM,2  3AM MAJIT LMEGHRIB,"Jan 12, 2020",505,68.93
2024-09-28,5vpdRnnWuIM,2  3AM MAJIT LMEGHRIB,"Jan 12, 2020",505,43.59
2024-09-29,5vpdRnnWuIM,2  3AM MAJIT LMEGHRIB,"Jan 12, 2020",505,62.34
2024-09-30,5vpdRnnWuIM,2  3AM MAJIT LMEGHRIB,"Jan 12, 2020",505,64.21
2024-10-01,5vpdRnnWuIM,2  3AM MAJIT LMEGHRIB,"Jan 12, 2020",505,69.13
2024-10-02,5vpdRnnWuIM,2  3AM MAJIT LMEGHRIB,"Jan 12, 2020",505,62.05
2024-10-03,5vpdRnnWuIM,2  3AM MAJIT LMEGHRIB,"Jan 12, 2020",505,53.4
2024-10-04,5vpdRnnWuIM,2  3AM MAJIT LMEGHRIB,"Jan 12, 2020",505,63.7
2024-10-05,5vpdRnnWuIM,2  3AM MAJIT LMEGHRIB,"Jan 12, 2020",505,69.58
2024-10-06,5vpdRnnWuIM,2  3AM MAJIT LMEGHRIB,"Jan 12, 2020",505,56.96
2024-10-07,5vpdRnnWuIM,2  3AM MAJIT LMEGHRIB,"Jan 12, 2020",505,57.4
2024-10-08,5vpdRnnWuIM,2  3AM MAJIT LMEGHRIB,"Jan 12, 2020",505,57.96
2024-10-09,5vpdRnnWuIM,2  3AM MAJIT LMEGHRIB,"Jan 12, 2020",505,53.33
2024-10-10,5vpdRnnWuIM,2  3AM MAJIT LMEGHRIB,"Jan 12, 2020",505,47.03
2024-10-11,5vpdRnnWuIM,2  3AM MAJIT LMEGHRIB,"Jan 12, 2020",505,61.06
2024-10-12,5vpdRnnWuIM,2  3AM MAJIT LMEGHRIB,"Jan 12, 2020",505,55.39
2024-10-13,5vpdRnnWuIM,2  3AM MAJIT LMEGHRIB,"Jan 12, 2020",505,60.29
2024-10-14,5vpdRnnWuIM,2  3AM MAJIT LMEGHRIB,"Jan 12, 2020",505,64.49
2024-10-15,5vpdRnnWuIM,2  3AM MAJIT LMEGHRIB,"Jan 12, 2020",505,65.16
2024-10-16,5vpdRnnWuIM,2  3AM MAJIT LMEGHRIB,"Jan 12, 2020",505,61.31
2024-10-17,5vpdRnnWuIM,2  3AM MAJIT LMEGHRIB,"Jan 12, 2020",505,64.13
2024-10-18,5vpdRnnWuIM,2  3AM MAJIT LMEGHRIB,"Jan 12, 2020",505,54.72
2024-10-19,5vpdRnnWuIM,2  3AM MAJIT LMEGHRIB,"Jan 12, 2020",505,54.98
2024-10-20,5vpdRnnWuIM,2  3AM MAJIT LMEGHRIB,"Jan 12, 2020",505,55.13
2024-10-21,5vpdRnnWuIM,2  3AM MAJIT LMEGHRIB,"Jan 12, 2020",505,54.38
2024-10-22,5vpdRnnWuIM,2  3AM MAJIT LMEGHRIB,"Jan 12, 2020",505,55.11
2024-10-23,5vpdRnnWuIM,2  3AM MAJIT LMEGHRIB,"Jan 12, 2020",505,52.8
2024-10-24,5vpdRnnWuIM,2  3AM MAJIT LMEGHRIB,"Jan 12, 2020",505,55.48
2024-10-25,5vpdRnnWuIM,2  3AM MAJIT LMEGHRIB,"Jan 12, 2020",505,57.77
2024-10-26,5vpdRnnWuIM,2  3AM MAJIT LMEGHRIB,"Jan 12, 2020",505,60.12
2024-10-27,5vpdRnnWuIM,2  3AM MAJIT LMEGHRIB,"Jan 12, 2020",505,62.26
2024-10-28,5vpdRnnWuIM,2  3AM MAJIT LMEGHRIB,"Jan 12, 2020",505,66.12
2024-10-29,5vpdRnnWuIM,2  3AM MAJIT LMEGHRIB,"Jan 12, 2020",505,71.71
2024-10-30,5vpdRnnWuIM,2  3AM MAJIT LMEGHRIB,"Jan 12, 2020",505,77.83
2024-10-31,5vpdRnnWuIM,2  3AM MAJIT LMEGHRIB,"Jan 12, 2020",505,63.76
2024-11-01,5vpdRnnWuIM,2  3AM MAJIT LMEGHRIB,"Jan 12, 2020",505,66.67
2024-11-02,5vpdRnnWuIM,2  3AM MAJIT LMEGHRIB,"Jan 12, 2020",505,59.02
2024-11-03,5vpdRnnWuIM,2  3AM MAJIT LMEGHRIB,"Jan 12, 2020",505,64.08
2024-11-04,5vpdRnnWuIM,2  3AM MAJIT LMEGHRIB,"Jan 12, 2020",505,60.14
2024-11-05,5vpdRnnWuIM,2  3AM MAJIT LMEGHRIB,"Jan 12, 2020",505,66.63
2024-11-06,5vpdRnnWuIM,2  3AM MAJIT LMEGHRIB,"Jan 12, 2020",505,60.4
2024-11-07,5vpdRnnWuIM,2  3AM MAJIT LMEGHRIB,"Jan 12, 2020",505,58.1
2024-11-08,5vpdRnnWuIM,2  3AM MAJIT LMEGHRIB,"Jan 12, 2020",505,57.28
2024-11-09,5vpdRnnWuIM,2  3AM MAJIT LMEGHRIB,"Jan 12, 2020",505,53.37
2024-11-10,5vpdRnnWuIM,2  3AM MAJIT LMEGHRIB,"Jan 12, 2020",505,52.94
2024-11-11,5vpdRnnWuIM,2  3AM MAJIT LMEGHRIB,"Jan 12, 2020",505,50.75
2024-11-12,5vpdRnnWuIM,2  3AM MAJIT LMEGHRIB,"Jan 12, 2020",505,62.03
2024-11-13,5vpdRnnWuIM,2  3AM MAJIT LMEGHRIB,"Jan 12, 2020",505,63.57
2024-11-14,5vpdRnnWuIM,2  3AM MAJIT LMEGHRIB,"Jan 12, 2020",505,71.14
2024-11-15,5vpdRnnWuIM,2  3AM MAJIT LMEGHRIB,"Jan 12, 2020",505,66.31
2024-11-16,5vpdRnnWuIM,2  3AM MAJIT LMEGHRIB,"Jan 12, 2020",505,55.16
2024-11-17,5vpdRnnWuIM,2  3AM MAJIT LMEGHRIB,"Jan 12, 2020",505,48.7
2024-11-18,5vpdRnnWuIM,2  3AM MAJIT LMEGHRIB,"Jan 12, 2020",505,57.4
2024-11-19,5vpdRnnWuIM,2  3AM MAJIT LMEGHRIB,"Jan 12, 2020",505,64.63
2024-11-20,5vpdRnnWuIM,2  3AM MAJIT LMEGHRIB,"Jan 12, 2020",505,60.47
2024-11-21,5vpdRnnWuIM,2  3AM MAJIT LMEGHRIB,"Jan 12, 2020",505,70.06
2024-11-22,5vpdRnnWuIM,2  3AM MAJIT LMEGHRIB,"Jan 12, 2020",505,60.58
2024-11-23,5vpdRnnWuIM,2  3AM MAJIT LMEGHRIB,"Jan 12, 2020",505,59.45
2024-11-24,5vpdRnnWuIM,2  3AM MAJIT LMEGHRIB,"Jan 12, 2020",505,61.5
2024-11-25,5vpdRnnWuIM,2  3AM MAJIT LMEGHRIB,"Jan 12, 2020",505,57.29
2024-11-26,5vpdRnnWuIM,2  3AM MAJIT LMEGHRIB,"Jan 12, 2020",505,57.26
2024-11-27,5vpdRnnWuIM,2  3AM MAJIT LMEGHRIB,"Jan 12, 2020",505,61.53
2024-11-28,5vpdRnnWuIM,2  3AM MAJIT LMEGHRIB,"Jan 12, 2020",505,48.32
2024-11-29,5vpdRnnWuIM,2  3AM MAJIT LMEGHRIB,"Jan 12, 2020",505,49.65
2024-11-30,5vpdRnnWuIM,2  3AM MAJIT LMEGHRIB,"Jan 12, 2020",505,61.57
2024-12-01,5vpdRnnWuIM,2  3AM MAJIT LMEGHRIB,"Jan 12, 2020",505,65.61
2024-12-02,5vpdRnnWuIM,2  3AM MAJIT LMEGHRIB,"Jan 12, 2020",505,64.35
2024-12-03,5vpdRnnWuIM,2  3AM MAJIT LMEGHRIB,"Jan 12, 2020",505,62.94
2024-12-04,5vpdRnnWuIM,2  3AM MAJIT LMEGHRIB,"Jan 12, 2020",505,56.03
2024-12-05,5vpdRnnWuIM,2  3AM MAJIT LMEGHRIB,"Jan 12, 2020",505,65.53
2024-12-06,5vpdRnnWuIM,2  3AM MAJIT LMEGHRIB,"Jan 12, 2020",505,57.06
2024-12-07,5vpdRnnWuIM,2  3AM MAJIT LMEGHRIB,"Jan 12, 2020",505,52.15
2024-12-08,5vpdRnnWuIM,2  3AM MAJIT LMEGHRIB,"Jan 12, 2020",505,58.13
2024-12-09,5vpdRnnWuIM,2  3AM MAJIT LMEGHRIB,"Jan 12, 2020",505,59.25
2024-12-10,5vpdRnnWuIM,2  3AM MAJIT LMEGHRIB,"Jan 12, 2020",505,63.28
2024-12-11,5vpdRnnWuIM,2  3AM MAJIT LMEGHRIB,"Jan 12, 2020",505,52.65
2024-12-12,5vpdRnnWuIM,2  3AM MAJIT LMEGHRIB,"Jan 12, 2020",505,44.04
2024-12-13,5vpdRnnWuIM,2  3AM MAJIT LMEGHRIB,"Jan 12, 2020",505,64.08
2024-12-14,5vpdRnnWuIM,2  3AM MAJIT LMEGHRIB,"Jan 12, 2020",505,55.57
2024-12-15,5vpdRnnWuIM,2  3AM MAJIT LMEGHRIB,"Jan 12, 2020",505,65.45
2024-12-16,5vpdRnnWuIM,2  3AM MAJIT LMEGHRIB,"Jan 12, 2020",505,64.82
2024-12-17,5vpdRnnWuIM,2  3AM MAJIT LMEGHRIB,"Jan 12, 2020",505,64.24
2024-12-18,5vpdRnnWuIM,2  3AM MAJIT LMEGHRIB,"Jan 12, 2020",505,56.14
2024-12-19,5vpdRnnWuIM,2  3AM MAJIT LMEGHRIB,"Jan 12, 2020",505,69.45
2024-12-20,5vpdRnnWuIM,2  3AM MAJIT LMEGHRIB,"Jan 12, 2020",505,56.34
2024-12-21,5vpdRnnWuIM,2  3AM MAJIT LMEGHRIB,"Jan 12, 2020",505,64.37
2024-12-22,5vpdRnnWuIM,2  3AM MAJIT LMEGHRIB,"Jan 12, 2020",505,66.45
2024-12-23,5vpdRnnWuIM,2  3AM MAJIT LMEGHRIB,"Jan 12, 2020",505,52.88
2024-12-24,5vpdRnnWuIM,2  3AM MAJIT LMEGHRIB,"Jan 12, 2020",505,55.01
2024-12-25,5vpdRnnWuIM,2  3AM MAJIT LMEGHRIB,"Jan 12, 2020",505,64.95
2024-12-26,5vpdRnnWuIM,2  3AM MAJIT LMEGHRIB,"Jan 12, 2020",505,70.95
2024-12-27,5vpdRnnWuIM,2  3AM MAJIT LMEGHRIB,"Jan 12, 2020",505,63.68
2024-12-28,5vpdRnnWuIM,2  3AM MAJIT LMEGHRIB,"Jan 12, 2020",505,59.93
2024-12-29,5vpdRnnWuIM,2  3AM MAJIT LMEGHRIB,"Jan 12, 2020",505,63.4
2024-12-30,5vpdRnnWuIM,2  3AM MAJIT LMEGHRIB,"Jan 12, 2020",505,47.36
2024-12-31,5vpdRnnWuIM,2  3AM MAJIT LMEGHRIB,"Jan 12, 2020",505,71.36
2025-01-01,5vpdRnnWuIM,2  3AM MAJIT LMEGHRIB,"Jan 12, 2020",505,62.13
2025-01-02,5vpdRnnWuIM,2  3AM MAJIT LMEGHRIB,"Jan 12, 2020",505,72.81
2025-01-03,5vpdRnnWuIM,2  3AM MAJIT LMEGHRIB,"Jan 12, 2020",505,58.9
2025-01-04,5vpdRnnWuIM,2  3AM MAJIT LMEGHRIB,"Jan 12, 2020",505,51.1
2025-01-05,5vpdRnnWuIM,2  3AM MAJIT LMEGHRIB,"Jan 12, 2020",505,70.08
2025-01-06,5vpdRnnWuIM,2  3AM MAJIT LMEGHRIB,"Jan 12, 2020",505,54.83
2025-01-07,5vpdRnnWuIM,2  3AM MAJIT LMEGHRIB,"Jan 12, 2020",505,59.59
2025-01-08,5vpdRnnWuIM,2  3AM MAJIT LMEGHRIB,"Jan 12, 2020",505,53.29
2025-01-09,5vpdRnnWuIM,2  3AM MAJIT LMEGHRIB,"Jan 12, 2020",505,62.56
2025-01-10,5vpdRnnWuIM,2  3AM MAJIT LMEGHRIB,"Jan 12, 2020",505,57.9
2025-01-11,5vpdRnnWuIM,2  3AM MAJIT LMEGHRIB,"Jan 12, 2020",505,47.16
2025-01-12,5vpdRnnWuIM,2  3AM MAJIT LMEGHRIB,"Jan 12, 2020",505,64.67
2025-01-13,5vpdRnnWuIM,2  3AM MAJIT LMEGHRIB,"Jan 12, 2020",505,59.36
2025-01-14,5vpdRnnWuIM,2  3AM MAJIT LMEGHRIB,"Jan 12, 2020",505,54.98
2025-01-15,5vpdRnnWuIM,2  3AM MAJIT LMEGHRIB,"Jan 12, 2020",505,60.28
2025-01-16,5vpdRnnWuIM,2  3AM MAJIT LMEGHRIB,"Jan 12, 2020",505,59.32
2025-01-17,5vpdRnnWuIM,2  3AM MAJIT LMEGHRIB,"Jan 12, 2020",505,66.97
2025-01-18,5vpdRnnWuIM,2  3AM MAJIT LMEGHRIB,"Jan 12, 2020",505,62.17
2025-01-19,5vpdRnnWuIM,2  3AM MAJIT LMEGHRIB,"Jan 12, 2020",505,63.07
2025-01-20,5vpdRnnWuIM,2  3AM MAJIT LMEGHRIB,"Jan 12, 2020",505,64.84
2025-01-21,5vpdRnnWuIM,2  3AM MAJIT LMEGHRIB,"Jan 12, 2020",505,56.94
2025-01-22,5vpdRnnWuIM,2  3AM MAJIT LMEGHRIB,"Jan 12, 2020",505,54.04
2025-01-23,5vpdRnnWuIM,2  3AM MAJIT LMEGHRIB,"Jan 12, 2020",505,57.28
2025-01-24,5vpdRnnWuIM,2  3AM MAJIT LMEGHRIB,"Jan 12, 2020",505,54.45
2025-01-25,5vpdRnnWuIM,2  3AM MAJIT LMEGHRIB,"Jan 12, 2020",505,56.6
2025-01-26,5vpdRnnWuIM,2  3AM MAJIT LMEGHRIB,"Jan 12, 2020",505,59.72
2025-01-27,5vpdRnnWuIM,2  3AM MAJIT LMEGHRIB,"Jan 12, 2020",505,59.62
2025-01-28,5vpdRnnWuIM,2  3AM MAJIT LMEGHRIB,"Jan 12, 2020",505,58.64
2025-01-29,5vpdRnnWuIM,2  3AM MAJIT LMEGHRIB,"Jan 12, 2020",505,50.41
2025-01-30,5vpdRnnWuIM,2  3AM MAJIT LMEGHRIB,"Jan 12, 2020",505,55.42
2025-01-31,5vpdRnnWuIM,2  3AM MAJIT LMEGHRIB,"Jan 12, 2020",505,63
2025-02-01,5vpdRnnWuIM,2  3AM MAJIT LMEGHRIB,"Jan 12, 2020",505,60.75
2025-02-02,5vpdRnnWuIM,2  3AM MAJIT LMEGHRIB,"Jan 12, 2020",505,65.71
2025-02-03,5vpdRnnWuIM,2  3AM MAJIT LMEGHRIB,"Jan 12, 2020",505,48.2
2025-02-04,5vpdRnnWuIM,2  3AM MAJIT LMEGHRIB,"Jan 12, 2020",505,60.35
2025-02-05,5vpdRnnWuIM,2  3AM MAJIT LMEGHRIB,"Jan 12, 2020",505,58.8
2025-02-06,5vpdRnnWuIM,2  3AM MAJIT LMEGHRIB,"Jan 12, 2020",505,65.21
2025-02-07,5vpdRnnWuIM,2  3AM MAJIT LMEGHRIB,"Jan 12, 2020",505,65.43
2025-02-08,5vpdRnnWuIM,2  3AM MAJIT LMEGHRIB,"Jan 12, 2020",505,51.69
2025-02-09,5vpdRnnWuIM,2  3AM MAJIT LMEGHRIB,"Jan 12, 2020",505,53.39
2025-02-10,5vpdRnnWuIM,2  3AM MAJIT LMEGHRIB,"Jan 12, 2020",505,64.64
2025-02-11,5vpdRnnWuIM,2  3AM MAJIT LMEGHRIB,"Jan 12, 2020",505,62.77
2025-02-12,5vpdRnnWuIM,2  3AM MAJIT LMEGHRIB,"Jan 12, 2020",505,56.32
2025-02-13,5vpdRnnWuIM,2  3AM MAJIT LMEGHRIB,"Jan 12, 2020",505,68.09
2025-02-14,5vpdRnnWuIM,2  3AM MAJIT LMEGHRIB,"Jan 12, 2020",505,56.44
2025-02-15,5vpdRnnWuIM,2  3AM MAJIT LMEGHRIB,"Jan 12, 2020",505,59.66
2025-02-16,5vpdRnnWuIM,2  3AM MAJIT LMEGHRIB,"Jan 12, 2020",505,56.52
2025-02-17,5vpdRnnWuIM,2  3AM MAJIT LMEGHRIB,"Jan 12, 2020",505,55.09
2025-02-18,5vpdRnnWuIM,2  3AM MAJIT LMEGHRIB,"Jan 12, 2020",505,53.41
2025-02-19,5vpdRnnWuIM,2  3AM MAJIT LMEGHRIB,"Jan 12, 2020",505,55.5
2025-02-20,5vpdRnnWuIM,2  3AM MAJIT LMEGHRIB,"Jan 12, 2020",505,61.86
2025-02-21,5vpdRnnWuIM,2  3AM MAJIT LMEGHRIB,"Jan 12, 2020",505,51.71
2025-02-22,5vpdRnnWuIM,2  3AM MAJIT LMEGHRIB,"Jan 12, 2020",505,58.29
2025-02-23,5vpdRnnWuIM,2  3AM MAJIT LMEGHRIB,"Jan 12, 2020",505,60.59
2025-02-24,5vpdRnnWuIM,2  3AM MAJIT LMEGHRIB,"Jan 12, 2020",505,59.18
2025-02-25,5vpdRnnWuIM,2  3AM MAJIT LMEGHRIB,"Jan 12, 2020",505,51.6
2025-02-26,5vpdRnnWuIM,2  3AM MAJIT LMEGHRIB,"Jan 12, 2020",505,46.55
2025-02-27,5vpdRnnWuIM,2  3AM MAJIT LMEGHRIB,"Jan 12, 2020",505,71.74
2025-02-28,5vpdRnnWuIM,2  3AM MAJIT LMEGHRIB,"Jan 12, 2020",505,63.68
2025-03-01,5vpdRnnWuIM,2  3AM MAJIT LMEGHRIB,"Jan 12, 2020",505,49.03
2025-03-02,5vpdRnnWuIM,2  3AM MAJIT LMEGHRIB,"Jan 12, 2020",505,55.45
2025-03-03,5vpdRnnWuIM,2  3AM MAJIT LMEGHRIB,"Jan 12, 2020",505,56.99
2025-03-04,5vpdRnnWuIM,2  3AM MAJIT LMEGHRIB,"Jan 12, 2020",505,65.45
2025-03-05,5vpdRnnWuIM,2  3AM MAJIT LMEGHRIB,"Jan 12, 2020",505,59.71
2025-03-06,5vpdRnnWuIM,2  3AM MAJIT LMEGHRIB,"Jan 12, 2020",505,71.86
2025-03-07,5vpdRnnWuIM,2  3AM MAJIT LMEGHRIB,"Jan 12, 2020",505,60.72
2025-03-08,5vpdRnnWuIM,2  3AM MAJIT LMEGHRIB,"Jan 12, 2020",505,50.69
2025-03-09,5vpdRnnWuIM,2  3AM MAJIT LMEGHRIB,"Jan 12, 2020",505,68.55
2025-03-10,5vpdRnnWuIM,2  3AM MAJIT LMEGHRIB,"Jan 12, 2020",505,66.93
2025-03-11,5vpdRnnWuIM,2  3AM MAJIT LMEGHRIB,"Jan 12, 2020",505,78.88
2025-03-12,5vpdRnnWuIM,2  3AM MAJIT LMEGHRIB,"Jan 12, 2020",505,58.91
2025-03-13,5vpdRnnWuIM,2  3AM MAJIT LMEGHRIB,"Jan 12, 2020",505,50.79
2025-03-14,5vpdRnnWuIM,2  3AM MAJIT LMEGHRIB,"Jan 12, 2020",505,69.36
2025-03-15,5vpdRnnWuIM,2  3AM MAJIT LMEGHRIB,"Jan 12, 2020",505,59.72
2025-03-16,5vpdRnnWuIM,2  3AM MAJIT LMEGHRIB,"Jan 12, 2020",505,60.64
2025-03-17,5vpdRnnWuIM,2  3AM MAJIT LMEGHRIB,"Jan 12, 2020",505,60.89
2025-03-18,5vpdRnnWuIM,2  3AM MAJIT LMEGHRIB,"Jan 12, 2020",505,58.29
2025-03-19,5vpdRnnWuIM,2  3AM MAJIT LMEGHRIB,"Jan 12, 2020",505,66.41
2025-03-20,5vpdRnnWuIM,2  3AM MAJIT LMEGHRIB,"Jan 12, 2020",505,67.88
2025-03-21,5vpdRnnWuIM,2  3AM MAJIT LMEGHRIB,"Jan 12, 2020",505,64.71
2025-03-22,5vpdRnnWuIM,2  3AM MAJIT LMEGHRIB,"Jan 12, 2020",505,62.81
2025-03-23,5vpdRnnWuIM,2  3AM MAJIT LMEGHRIB,"Jan 12, 2020",505,66.49
2025-03-24,5vpdRnnWuIM,2  3AM MAJIT LMEGHRIB,"Jan 12, 2020",505,57.34
2025-03-25,5vpdRnnWuIM,2  3AM MAJIT LMEGHRIB,"Jan 12, 2020",505,66.47
2025-03-26,5vpdRnnWuIM,2  3AM MAJIT LMEGHRIB,"Jan 12, 2020",505,65.29
2025-03-27,5vpdRnnWuIM,2  3AM MAJIT LMEGHRIB,"Jan 12, 2020",505,64.87
2025-03-28,5vpdRnnWuIM,2  3AM MAJIT LMEGHRIB,"Jan 12, 2020",505,54.11
2025-03-29,5vpdRnnWuIM,2  3AM MAJIT LMEGHRIB,"Jan 12, 2020",505,49.27
2025-03-30,5vpdRnnWuIM,2  3AM MAJIT LMEGHRIB,"Jan 12, 2020",505,76.52
2025-03-31,5vpdRnnWuIM,2  3AM MAJIT LMEGHRIB,"Jan 12, 2020",505,63.11
2025-04-01,5vpdRnnWuIM,2  3AM MAJIT LMEGHRIB,"Jan 12, 2020",505,64.97
2025-04-02,5vpdRnnWuIM,2  3AM MAJIT LMEGHRIB,"Jan 12, 2020",505,64.52
2025-04-03,5vpdRnnWuIM,2  3AM MAJIT LMEGHRIB,"Jan 12, 2020",505,61.82
2025-04-04,5vpdRnnWuIM,2  3AM MAJIT LMEGHRIB,"Jan 12, 2020",505,62.15
2025-04-05,5vpdRnnWuIM,2  3AM MAJIT LMEGHRIB,"Jan 12, 2020",505,57.65
2025-04-06,5vpdRnnWuIM,2  3AM MAJIT LMEGHRIB,"Jan 12, 2020",505,56.95
2025-04-07,5vpdRnnWuIM,2  3AM MAJIT LMEGHRIB,"Jan 12, 2020",505,75.36
2025-04-08,5vpdRnnWuIM,2  3AM MAJIT LMEGHRIB,"Jan 12, 2020",505,63.12
2025-04-09,5vpdRnnWuIM,2  3AM MAJIT LMEGHRIB,"Jan 12, 2020",505,55.78
2025-04-10,5vpdRnnWuIM,2  3AM MAJIT LMEGHRIB,"Jan 12, 2020",505,47.68
2025-04-11,5vpdRnnWuIM,2  3AM MAJIT LMEGHRIB,"Jan 12, 2020",505,61.46
2025-04-12,5vpdRnnWuIM,2  3AM MAJIT LMEGHRIB,"Jan 12, 2020",505,59.58
2025-04-13,5vpdRnnWuIM,2  3AM MAJIT LMEGHRIB,"Jan 12, 2020",505,62.71
2025-04-14,5vpdRnnWuIM,2  3AM MAJIT LMEGHRIB,"Jan 12, 2020",505,56.78
2025-04-15,5vpdRnnWuIM,2  3AM MAJIT LMEGHRIB,"Jan 12, 2020",505,53.66
2025-04-16,5vpdRnnWuIM,2  3AM MAJIT LMEGHRIB,"Jan 12, 2020",505,50.77
2025-04-17,5vpdRnnWuIM,2  3AM MAJIT LMEGHRIB,"Jan 12, 2020",505,47.98
2025-04-18,5vpdRnnWuIM,2  3AM MAJIT LMEGHRIB,"Jan 12, 2020",505,47.12
2025-04-19,5vpdRnnWuIM,2  3AM MAJIT LMEGHRIB,"Jan 12, 2020",505,51.77
2025-04-20,5vpdRnnWuIM,2  3AM MAJIT LMEGHRIB,"Jan 12, 2020",505,60.32
2025-04-21,5vpdRnnWuIM,2  3AM MAJIT LMEGHRIB,"Jan 12, 2020",505,55.07
2025-04-22,5vpdRnnWuIM,2  3AM MAJIT LMEGHRIB,"Jan 12, 2020",505,55.29
2025-04-23,5vpdRnnWuIM,2  3AM MAJIT LMEGHRIB,"Jan 12, 2020",505,52.71
2025-04-24,5vpdRnnWuIM,2  3AM MAJIT LMEGHRIB,"Jan 12, 2020",505,59.89
2025-04-25,5vpdRnnWuIM,2  3AM MAJIT LMEGHRIB,"Jan 12, 2020",505,50.91
2025-04-26,5vpdRnnWuIM,2  3AM MAJIT LMEGHRIB,"Jan 12, 2020",505,55.08
2025-04-27,5vpdRnnWuIM,2  3AM MAJIT LMEGHRIB,"Jan 12, 2020",505,50.86
2025-04-28,5vpdRnnWuIM,2  3AM MAJIT LMEGHRIB,"Jan 12, 2020",505,41.53
2025-04-29,5vpdRnnWuIM,2  3AM MAJIT LMEGHRIB,"Jan 12, 2020",505,69.54
2025-04-30,5vpdRnnWuIM,2  3AM MAJIT LMEGHRIB,"Jan 12, 2020",505,51.91
2025-05-01,5vpdRnnWuIM,2  3AM MAJIT LMEGHRIB,"Jan 12, 2020",505,54.78
2025-05-02,5vpdRnnWuIM,2  3AM MAJIT LMEGHRIB,"Jan 12, 2020",505,47.69
2025-05-03,5vpdRnnWuIM,2  3AM MAJIT LMEGHRIB,"Jan 12, 2020",505,54.2
2025-05-04,5vpdRnnWuIM,2  3AM MAJIT LMEGHRIB,"Jan 12, 2020",505,59.75
2025-05-05,5vpdRnnWuIM,2  3AM MAJIT LMEGHRIB,"Jan 12, 2020",505,56.77
2025-05-06,5vpdRnnWuIM,2  3AM MAJIT LMEGHRIB,"Jan 12, 2020",505,52.63
2025-05-07,5vpdRnnWuIM,2  3AM MAJIT LMEGHRIB,"Jan 12, 2020",505,51.81
2025-05-08,5vpdRnnWuIM,2  3AM MAJIT LMEGHRIB,"Jan 12, 2020",505,55.03
2025-05-09,5vpdRnnWuIM,2  3AM MAJIT LMEGHRIB,"Jan 12, 2020",505,53.76
2025-05-10,5vpdRnnWuIM,2  3AM MAJIT LMEGHRIB,"Jan 12, 2020",505,52.28
2025-05-11,5vpdRnnWuIM,2  3AM MAJIT LMEGHRIB,"Jan 12, 2020",505,57.43
2025-05-12,5vpdRnnWuIM,2  3AM MAJIT LMEGHRIB,"Jan 12, 2020",505,56.99
2025-05-13,5vpdRnnWuIM,2  3AM MAJIT LMEGHRIB,"Jan 12, 2020",505,63.32
2025-05-14,5vpdRnnWuIM,2  3AM MAJIT LMEGHRIB,"Jan 12, 2020",505,59.9
2025-05-15,5vpdRnnWuIM,2  3AM MAJIT LMEGHRIB,"Jan 12, 2020",505,56.31
2025-05-16,5vpdRnnWuIM,2  3AM MAJIT LMEGHRIB,"Jan 12, 2020",505,54.4
2025-05-17,5vpdRnnWuIM,2  3AM MAJIT LMEGHRIB,"Jan 12, 2020",505,51.89
2025-05-18,5vpdRnnWuIM,2  3AM MAJIT LMEGHRIB,"Jan 12, 2020",505,61.26
2025-05-19,5vpdRnnWuIM,2  3AM MAJIT LMEGHRIB,"Jan 12, 2020",505,63.26
2025-05-20,5vpdRnnWuIM,2  3AM MAJIT LMEGHRIB,"Jan 12, 2020",505,65.47
2025-05-21,5vpdRnnWuIM,2  3AM MAJIT LMEGHRIB,"Jan 12, 2020",505,55.44
2025-05-22,5vpdRnnWuIM,2  3AM MAJIT LMEGHRIB,"Jan 12, 2020",505,65.54
2025-05-23,5vpdRnnWuIM,2  3AM MAJIT LMEGHRIB,"Jan 12, 2020",505,52.35
2025-05-24,5vpdRnnWuIM,2  3AM MAJIT LMEGHRIB,"Jan 12, 2020",505,56.06
2025-05-25,5vpdRnnWuIM,2  3AM MAJIT LMEGHRIB,"Jan 12, 2020",505,61.99
2025-05-26,5vpdRnnWuIM,2  3AM MAJIT LMEGHRIB,"Jan 12, 2020",505,55.11
2025-05-27,5vpdRnnWuIM,2  3AM MAJIT LMEGHRIB,"Jan 12, 2020",505,59.47
2025-05-28,5vpdRnnWuIM,2  3AM MAJIT LMEGHRIB,"Jan 12, 2020",505,62.85
2025-05-29,5vpdRnnWuIM,2  3AM MAJIT LMEGHRIB,"Jan 12, 2020",505,60.29
2025-05-30,5vpdRnnWuIM,2  3AM MAJIT LMEGHRIB,"Jan 12, 2020",505,53.28
2025-05-31,5vpdRnnWuIM,2  3AM MAJIT LMEGHRIB,"Jan 12, 2020",505,71.06
2025-06-01,5vpdRnnWuIM,2  3AM MAJIT LMEGHRIB,"Jan 12, 2020",505,58.27
2025-06-02,5vpdRnnWuIM,2  3AM MAJIT LMEGHRIB,"Jan 12, 2020",505,53.75
2025-06-03,5vpdRnnWuIM,2  3AM MAJIT LMEGHRIB,"Jan 12, 2020",505,56.37
2025-06-04,5vpdRnnWuIM,2  3AM MAJIT LMEGHRIB,"Jan 12, 2020",505,56.48
2025-06-05,5vpdRnnWuIM,2  3AM MAJIT LMEGHRIB,"Jan 12, 2020",505,60.65
2025-06-06,5vpdRnnWuIM,2  3AM MAJIT LMEGHRIB,"Jan 12, 2020",505,60.38
2025-06-07,5vpdRnnWuIM,2  3AM MAJIT LMEGHRIB,"Jan 12, 2020",505,52.88
2025-06-08,5vpdRnnWuIM,2  3AM MAJIT LMEGHRIB,"Jan 12, 2020",505,56.81
2025-06-09,5vpdRnnWuIM,2  3AM MAJIT LMEGHRIB,"Jan 12, 2020",505,49.97
2025-06-10,5vpdRnnWuIM,2  3AM MAJIT LMEGHRIB,"Jan 12, 2020",505,48.51
2025-06-11,5vpdRnnWuIM,2  3AM MAJIT LMEGHRIB,"Jan 12, 2020",505,45.63
2025-06-12,5vpdRnnWuIM,2  3AM MAJIT LMEGHRIB,"Jan 12, 2020",505,55.91
2025-06-13,5vpdRnnWuIM,2  3AM MAJIT LMEGHRIB,"Jan 12, 2020",505,57.53
2025-06-14,5vpdRnnWuIM,2  3AM MAJIT LMEGHRIB,"Jan 12, 2020",505,55.28
2025-06-15,5vpdRnnWuIM,2  3AM MAJIT LMEGHRIB,"Jan 12, 2020",505,66.91
2025-06-16,5vpdRnnWuIM,2  3AM MAJIT LMEGHRIB,"Jan 12, 2020",505,43.35
2025-06-17,5vpdRnnWuIM,2  3AM MAJIT LMEGHRIB,"Jan 12, 2020",505,58.32
2025-06-18,5vpdRnnWuIM,2  3AM MAJIT LMEGHRIB,"Jan 12, 2020",505,54.99
2025-06-19,5vpdRnnWuIM,2  3AM MAJIT LMEGHRIB,"Jan 12, 2020",505,60.52
2025-06-20,5vpdRnnWuIM,2  3AM MAJIT LMEGHRIB,"Jan 12, 2020",505,54.66
2025-06-21,5vpdRnnWuIM,2  3AM MAJIT LMEGHRIB,"Jan 12, 2020",505,47.16
2025-06-22,5vpdRnnWuIM,2  3AM MAJIT LMEGHRIB,"Jan 12, 2020",505,54.7
2025-06-23,5vpdRnnWuIM,2  3AM MAJIT LMEGHRIB,"Jan 12, 2020",505,62.33
2025-06-24,5vpdRnnWuIM,2  3AM MAJIT LMEGHRIB,"Jan 12, 2020",505,52.49
2025-06-25,5vpdRnnWuIM,2  3AM MAJIT LMEGHRIB,"Jan 12, 2020",505,66.36
2025-06-26,5vpdRnnWuIM,2  3AM MAJIT LMEGHRIB,"Jan 12, 2020",505,52.26
2025-06-27,5vpdRnnWuIM,2  3AM MAJIT LMEGHRIB,"Jan 12, 2020",505,66.66
2025-06-28,5vpdRnnWuIM,2  3AM MAJIT LMEGHRIB,"Jan 12, 2020",505,56.72
2025-06-29,5vpdRnnWuIM,2  3AM MAJIT LMEGHRIB,"Jan 12, 2020",505,50.13
2025-06-30,5vpdRnnWuIM,2  3AM MAJIT LMEGHRIB,"Jan 12, 2020",505,57.8
2025-07-01,5vpdRnnWuIM,2  3AM MAJIT LMEGHRIB,"Jan 12, 2020",505,59.25
2025-07-02,5vpdRnnWuIM,2  3AM MAJIT LMEGHRIB,"Jan 12, 2020",505,52.66
2025-07-03,5vpdRnnWuIM,2  3AM MAJIT LMEGHRIB,"Jan 12, 2020",505,63.3
2025-07-04,5vpdRnnWuIM,2  3AM MAJIT LMEGHRIB,"Jan 12, 2020",505,51.4
2025-07-05,5vpdRnnWuIM,2  3AM MAJIT LMEGHRIB,"Jan 12, 2020",505,55.16
2025-07-06,5vpdRnnWuIM,2  3AM MAJIT LMEGHRIB,"Jan 12, 2020",505,51.5
2025-07-07,5vpdRnnWuIM,2  3AM MAJIT LMEGHRIB,"Jan 12, 2020",505,45.38
2025-07-08,5vpdRnnWuIM,2  3AM MAJIT LMEGHRIB,"Jan 12, 2020",505,44.4
2025-07-09,5vpdRnnWuIM,2  3AM MAJIT LMEGHRIB,"Jan 12, 2020",505,51.3
2025-07-10,5vpdRnnWuIM,2  3AM MAJIT LMEGHRIB,"Jan 12, 2020",505,52.78
2025-07-11,5vpdRnnWuIM,2  3AM MAJIT LMEGHRIB,"Jan 12, 2020",505,47.93
2025-07-12,5vpdRnnWuIM,2  3AM MAJIT LMEGHRIB,"Jan 12, 2020",505,51.16
2025-07-13,5vpdRnnWuIM,2  3AM MAJIT LMEGHRIB,"Jan 12, 2020",505,51.12
2025-07-14,5vpdRnnWuIM,2  3AM MAJIT LMEGHRIB,"Jan 12, 2020",505,44.38
2025-07-15,5vpdRnnWuIM,2  3AM MAJIT LMEGHRIB,"Jan 12, 2020",505,54.98
2025-07-16,5vpdRnnWuIM,2  3AM MAJIT LMEGHRIB,"Jan 12, 2020",505,52.42
2025-07-17,5vpdRnnWuIM,2  3AM MAJIT LMEGHRIB,"Jan 12, 2020",505,49.76
2025-07-18,5vpdRnnWuIM,2  3AM MAJIT LMEGHRIB,"Jan 12, 2020",505,44.79
2025-07-19,5vpdRnnWuIM,2  3AM MAJIT LMEGHRIB,"Jan 12, 2020",505,52.95
2025-07-20,5vpdRnnWuIM,2  3AM MAJIT LMEGHRIB,"Jan 12, 2020",505,51.88
2025-07-21,5vpdRnnWuIM,2  3AM MAJIT LMEGHRIB,"Jan 12, 2020",505,51.28
2025-07-22,5vpdRnnWuIM,2  3AM MAJIT LMEGHRIB,"Jan 12, 2020",505,50.99
2025-07-23,5vpdRnnWuIM,2  3AM MAJIT LMEGHRIB,"Jan 12, 2020",505,46.46
2025-07-24,5vpdRnnWuIM,2  3AM MAJIT LMEGHRIB,"Jan 12, 2020",505,52.84
2025-07-25,5vpdRnnWuIM,2  3AM MAJIT LMEGHRIB,"Jan 12, 2020",505,56.27
2025-07-26,5vpdRnnWuIM,2  3AM MAJIT LMEGHRIB,"Jan 12, 2020",505,66.55
2025-07-27,5vpdRnnWuIM,2  3AM MAJIT LMEGHRIB,"Jan 12, 2020",505,48.52
2025-07-28,5vpdRnnWuIM,2  3AM MAJIT LMEGHRIB,"Jan 12, 2020",505,60.3
2025-07-29,5vpdRnnWuIM,2  3AM MAJIT LMEGHRIB,"Jan 12, 2020",505,61.53
2025-07-30,5vpdRnnWuIM,2  3AM MAJIT LMEGHRIB,"Jan 12, 2020",505,63.99
2025-07-31,5vpdRnnWuIM,2  3AM MAJIT LMEGHRIB,"Jan 12, 2020",505,55.36
2025-08-01,5vpdRnnWuIM,2  3AM MAJIT LMEGHRIB,"Jan 12, 2020",505,53.72
2025-08-02,5vpdRnnWuIM,2  3AM MAJIT LMEGHRIB,"Jan 12, 2020",505,53.71
2025-08-03,5vpdRnnWuIM,2  3AM MAJIT LMEGHRIB,"Jan 12, 2020",505,62.27
2025-08-04,5vpdRnnWuIM,2  3AM MAJIT LMEGHRIB,"Jan 12, 2020",505,54.31
2025-08-05,5vpdRnnWuIM,2  3AM MAJIT LMEGHRIB,"Jan 12, 2020",505,51.32
2025-08-06,5vpdRnnWuIM,2  3AM MAJIT LMEGHRIB,"Jan 12, 2020",505,57.16
2025-08-07,5vpdRnnWuIM,2  3AM MAJIT LMEGHRIB,"Jan 12, 2020",505,54.81
2025-08-08,5vpdRnnWuIM,2  3AM MAJIT LMEGHRIB,"Jan 12, 2020",505,61.06
2025-08-09,5vpdRnnWuIM,2  3AM MAJIT LMEGHRIB,"Jan 12, 2020",505,55.21
2025-08-10,5vpdRnnWuIM,2  3AM MAJIT LMEGHRIB,"Jan 12, 2020",505,51.9
2025-08-11,5vpdRnnWuIM,2  3AM MAJIT LMEGHRIB,"Jan 12, 2020",505,54.67
2025-08-12,5vpdRnnWuIM,2  3AM MAJIT LMEGHRIB,"Jan 12, 2020",505,59.02
2025-08-13,5vpdRnnWuIM,2  3AM MAJIT LMEGHRIB,"Jan 12, 2020",505,56.68
2025-08-14,5vpdRnnWuIM,2  3AM MAJIT LMEGHRIB,"Jan 12, 2020",505,51.75
2025-08-15,5vpdRnnWuIM,2  3AM MAJIT LMEGHRIB,"Jan 12, 2020",505,42.33
2025-08-16,5vpdRnnWuIM,2  3AM MAJIT LMEGHRIB,"Jan 12, 2020",505,62.19
2025-08-17,5vpdRnnWuIM,2  3AM MAJIT LMEGHRIB,"Jan 12, 2020",505,48.5
2025-08-18,5vpdRnnWuIM,2  3AM MAJIT LMEGHRIB,"Jan 12, 2020",505,48.53
2025-08-19,5vpdRnnWuIM,2  3AM MAJIT LMEGHRIB,"Jan 12, 2020",505,55.32
2025-08-20,5vpdRnnWuIM,2  3AM MAJIT LMEGHRIB,"Jan 12, 2020",505,50.96
2025-08-21,5vpdRnnWuIM,2  3AM MAJIT LMEGHRIB,"Jan 12, 2020",505,53.92
2025-08-22,5vpdRnnWuIM,2  3AM MAJIT LMEGHRIB,"Jan 12, 2020",505,65.02
2025-08-23,5vpdRnnWuIM,2  3AM MAJIT LMEGHRIB,"Jan 12, 2020",505,69.28
2025-08-24,5vpdRnnWuIM,2  3AM MAJIT LMEGHRIB,"Jan 12, 2020",505,52.95
2025-08-25,5vpdRnnWuIM,2  3AM MAJIT LMEGHRIB,"Jan 12, 2020",505,60.82
2025-08-26,5vpdRnnWuIM,2  3AM MAJIT LMEGHRIB,"Jan 12, 2020",505,52.66
2025-08-27,5vpdRnnWuIM,2  3AM MAJIT LMEGHRIB,"Jan 12, 2020",505,61.17
2025-08-28,5vpdRnnWuIM,2  3AM MAJIT LMEGHRIB,"Jan 12, 2020",505,51.79
2025-08-29,5vpdRnnWuIM,2  3AM MAJIT LMEGHRIB,"Jan 12, 2020",505,58.98
2025-08-30,5vpdRnnWuIM,2  3AM MAJIT LMEGHRIB,"Jan 12, 2020",505,49.11
2025-08-31,5vpdRnnWuIM,2  3AM MAJIT LMEGHRIB,"Jan 12, 2020",505,59.64
2025-09-01,5vpdRnnWuIM,2  3AM MAJIT LMEGHRIB,"Jan 12, 2020",505,51.79
2025-09-02,5vpdRnnWuIM,2  3AM MAJIT LMEGHRIB,"Jan 12, 2020",505,46.9
2025-09-03,5vpdRnnWuIM,2  3AM MAJIT LMEGHRIB,"Jan 12, 2020",505,56.03
2025-09-04,5vpdRnnWuIM,2  3AM MAJIT LMEGHRIB,"Jan 12, 2020",505,53.92
2025-09-05,5vpdRnnWuIM,2  3AM MAJIT LMEGHRIB,"Jan 12, 2020",505,60.55
2025-09-06,5vpdRnnWuIM,2  3AM MAJIT LMEGHRIB,"Jan 12, 2020",505,64.25
2025-09-07,5vpdRnnWuIM,2  3AM MAJIT LMEGHRIB,"Jan 12, 2020",505,53.16
2025-09-08,5vpdRnnWuIM,2  3AM MAJIT LMEGHRIB,"Jan 12, 2020",505,47.82
2025-09-09,5vpdRnnWuIM,2  3AM MAJIT LMEGHRIB,"Jan 12, 2020",505,52.29
2025-09-10,5vpdRnnWuIM,2  3AM MAJIT LMEGHRIB,"Jan 12, 2020",505,52.75
2025-09-11,5vpdRnnWuIM,2  3AM MAJIT LMEGHRIB,"Jan 12, 2020",505,52.22
2025-09-12,5vpdRnnWuIM,2  3AM MAJIT LMEGHRIB,"Jan 12, 2020",505,61.62
2025-09-13,5vpdRnnWuIM,2  3AM MAJIT LMEGHRIB,"Jan 12, 2020",505,51.3
2025-09-14,5vpdRnnWuIM,2  3AM MAJIT LMEGHRIB,"Jan 12, 2020",505,59.31
2025-09-15,5vpdRnnWuIM,2  3AM MAJIT LMEGHRIB,"Jan 12, 2020",505,50.75
2025-09-16,5vpdRnnWuIM,2  3AM MAJIT LMEGHRIB,"Jan 12, 2020",505,69.21
2025-09-17,5vpdRnnWuIM,2  3AM MAJIT LMEGHRIB,"Jan 12, 2020",505,62.48
2025-09-18,5vpdRnnWuIM,2  3AM MAJIT LMEGHRIB,"Jan 12, 2020",505,49.21
2025-09-19,5vpdRnnWuIM,2  3AM MAJIT LMEGHRIB,"Jan 12, 2020",505,49.2
2025-09-20,5vpdRnnWuIM,2  3AM MAJIT LMEGHRIB,"Jan 12, 2020",505,48.9
2025-09-21,5vpdRnnWuIM,2  3AM MAJIT LMEGHRIB,"Jan 12, 2020",505,48.99
2025-09-22,5vpdRnnWuIM,2  3AM MAJIT LMEGHRIB,"Jan 12, 2020",505,57.49
2025-09-23,5vpdRnnWuIM,2  3AM MAJIT LMEGHRIB,"Jan 12, 2020",505,57.46
2025-09-24,5vpdRnnWuIM,2  3AM MAJIT LMEGHRIB,"Jan 12, 2020",505,62.82
2025-09-25,5vpdRnnWuIM,2  3AM MAJIT LMEGHRIB,"Jan 12, 2020",505,57.77
2025-09-26,5vpdRnnWuIM,2  3AM MAJIT LMEGHRIB,"Jan 12, 2020",505,43.71
2025-09-27,5vpdRnnWuIM,2  3AM MAJIT LMEGHRIB,"Jan 12, 2020",505,56.02
2025-09-28,5vpdRnnWuIM,2  3AM MAJIT LMEGHRIB,"Jan 12, 2020",505,65.74
2025-09-29,5vpdRnnWuIM,2  3AM MAJIT LMEGHRIB,"Jan 12, 2020",505,59.25
2025-09-30,5vpdRnnWuIM,2  3AM MAJIT LMEGHRIB,"Jan 12, 2020",505,58.59
2025-10-01,5vpdRnnWuIM,2  3AM MAJIT LMEGHRIB,"Jan 12, 2020",505,54.61
2025-10-02,5vpdRnnWuIM,2  3AM MAJIT LMEGHRIB,"Jan 12, 2020",505,65.74
2025-10-03,5vpdRnnWuIM,2  3AM MAJIT LMEGHRIB,"Jan 12, 2020",505,68.72
2025-10-04,5vpdRnnWuIM,2  3AM MAJIT LMEGHRIB,"Jan 12, 2020",505,59.56
2025-10-05,5vpdRnnWuIM,2  3AM MAJIT LMEGHRIB,"Jan 12, 2020",505,61.19
2025-10-06,5vpdRnnWuIM,2  3AM MAJIT LMEGHRIB,"Jan 12, 2020",505,59.25
2025-10-07,5vpdRnnWuIM,2  3AM MAJIT LMEGHRIB,"Jan 12, 2020",505,49.04
2025-10-08,5vpdRnnWuIM,2  3AM MAJIT LMEGHRIB,"Jan 12, 2020",505,51.45
2025-10-09,5vpdRnnWuIM,2  3AM MAJIT LMEGHRIB,"Jan 12, 2020",505,58.44
2025-10-10,5vpdRnnWuIM,2  3AM MAJIT LMEGHRIB,"Jan 12, 2020",505,56.78
2025-10-11,5vpdRnnWuIM,2  3AM MAJIT LMEGHRIB,"Jan 12, 2020",505,51.78
2025-10-12,5vpdRnnWuIM,2  3AM MAJIT LMEGHRIB,"Jan 12, 2020",505,59.12
2025-10-13,5vpdRnnWuIM,2  3AM MAJIT LMEGHRIB,"Jan 12, 2020",505,48.1
2025-10-14,5vpdRnnWuIM,2  3AM MAJIT LMEGHRIB,"Jan 12, 2020",505,47.86
2025-10-15,5vpdRnnWuIM,2  3AM MAJIT LMEGHRIB,"Jan 12, 2020",505,59.11
2025-10-16,5vpdRnnWuIM,2  3AM MAJIT LMEGHRIB,"Jan 12, 2020",505,53.39
2025-10-17,5vpdRnnWuIM,2  3AM MAJIT LMEGHRIB,"Jan 12, 2020",505,61.54
2025-10-18,5vpdRnnWuIM,2  3AM MAJIT LMEGHRIB,"Jan 12, 2020",505,48.32
2025-10-19,5vpdRnnWuIM,2  3AM MAJIT LMEGHRIB,"Jan 12, 2020",505,56.1
2025-10-20,5vpdRnnWuIM,2  3AM MAJIT LMEGHRIB,"Jan 12, 2020",505,48.41
2025-10-21,5vpdRnnWuIM,2  3AM MAJIT LMEGHRIB,"Jan 12, 2020",505,52.71
2025-10-22,5vpdRnnWuIM,2  3AM MAJIT LMEGHRIB,"Jan 12, 2020",505,50.92
2025-10-23,5vpdRnnWuIM,2  3AM MAJIT LMEGHRIB,"Jan 12, 2020",505,54.47
2025-10-24,5vpdRnnWuIM,2  3AM MAJIT LMEGHRIB,"Jan 12, 2020",505,63.31
2025-10-25,5vpdRnnWuIM,2  3AM MAJIT LMEGHRIB,"Jan 12, 2020",505,50.25
2025-10-26,5vpdRnnWuIM,2  3AM MAJIT LMEGHRIB,"Jan 12, 2020",505,67.18
2025-10-27,5vpdRnnWuIM,2  3AM MAJIT LMEGHRIB,"Jan 12, 2020",505,61.66
2025-10-28,5vpdRnnWuIM,2  3AM MAJIT LMEGHRIB,"Jan 12, 2020",505,70.72
2025-10-29,5vpdRnnWuIM,2  3AM MAJIT LMEGHRIB,"Jan 12, 2020",505,60.1
2025-10-30,5vpdRnnWuIM,2  3AM MAJIT LMEGHRIB,"Jan 12, 2020",505,43.92
2025-10-31,5vpdRnnWuIM,2  3AM MAJIT LMEGHRIB,"Jan 12, 2020",505,55.83
2025-11-01,5vpdRnnWuIM,2  3AM MAJIT LMEGHRIB,"Jan 12, 2020",505,58.01
2025-11-02,5vpdRnnWuIM,2  3AM MAJIT LMEGHRIB,"Jan 12, 2020",505,54.9
2025-11-03,5vpdRnnWuIM,2  3AM MAJIT LMEGHRIB,"Jan 12, 2020",505,60.57
2025-11-04,5vpdRnnWuIM,2  3AM MAJIT LMEGHRIB,"Jan 12, 2020",505,63.02
2025-11-05,5vpdRnnWuIM,2  3AM MAJIT LMEGHRIB,"Jan 12, 2020",505,67
2025-11-06,5vpdRnnWuIM,2  3AM MAJIT LMEGHRIB,"Jan 12, 2020",505,56.95
2025-11-07,5vpdRnnWuIM,2  3AM MAJIT LMEGHRIB,"Jan 12, 2020",505,59.38
2025-11-08,5vpdRnnWuIM,2  3AM MAJIT LMEGHRIB,"Jan 12, 2020",505,58.57
2025-11-09,5vpdRnnWuIM,2  3AM MAJIT LMEGHRIB,"Jan 12, 2020",505,63.23
2025-11-10,5vpdRnnWuIM,2  3AM MAJIT LMEGHRIB,"Jan 12, 2020",505,70.82
2025-11-11,5vpdRnnWuIM,2  3AM MAJIT LMEGHRIB,"Jan 12, 2020",505,69.22
2025-11-12,5vpdRnnWuIM,2  3AM MAJIT LMEGHRIB,"Jan 12, 2020",505,67.9
2025-11-13,5vpdRnnWuIM,2  3AM MAJIT LMEGHRIB,"Jan 12, 2020",505,62.57
2025-11-14,5vpdRnnWuIM,2  3AM MAJIT LMEGHRIB,"Jan 12, 2020",505,62.05
2025-11-15,5vpdRnnWuIM,2  3AM MAJIT LMEGHRIB,"Jan 12, 2020",505,56.31
2025-11-16,5vpdRnnWuIM,2  3AM MAJIT LMEGHRIB,"Jan 12, 2020",505,50.2
2025-11-17,5vpdRnnWuIM,2  3AM MAJIT LMEGHRIB,"Jan 12, 2020",505,54.81
2025-11-18,5vpdRnnWuIM,2  3AM MAJIT LMEGHRIB,"Jan 12, 2020",505,58.34
2025-11-19,5vpdRnnWuIM,2  3AM MAJIT LMEGHRIB,"Jan 12, 2020",505,51.56
2025-11-20,5vpdRnnWuIM,2  3AM MAJIT LMEGHRIB,"Jan 12, 2020",505,60.99
2025-11-21,5vpdRnnWuIM,2  3AM MAJIT LMEGHRIB,"Jan 12, 2020",505,54.91
2025-11-22,5vpdRnnWuIM,2  3AM MAJIT LMEGHRIB,"Jan 12, 2020",505,60.15
2025-11-23,5vpdRnnWuIM,2  3AM MAJIT LMEGHRIB,"Jan 12, 2020",505,67.76
2025-11-24,5vpdRnnWuIM,2  3AM MAJIT LMEGHRIB,"Jan 12, 2020",505,59.46
2025-11-25,5vpdRnnWuIM,2  3AM MAJIT LMEGHRIB,"Jan 12, 2020",505,49.29
2025-11-26,5vpdRnnWuIM,2  3AM MAJIT LMEGHRIB,"Jan 12, 2020",505,60.11
2025-11-27,5vpdRnnWuIM,2  3AM MAJIT LMEGHRIB,"Jan 12, 2020",505,61.48
2025-11-28,5vpdRnnWuIM,2  3AM MAJIT LMEGHRIB,"Jan 12, 2020",505,69.82
2025-11-29,5vpdRnnWuIM,2  3AM MAJIT LMEGHRIB,"Jan 12, 2020",505,45.05
2025-11-30,5vpdRnnWuIM,2  3AM MAJIT LMEGHRIB,"Jan 12, 2020",505,51.04
2025-12-01,5vpdRnnWuIM,2  3AM MAJIT LMEGHRIB,"Jan 12, 2020",505,62.68
2025-12-02,5vpdRnnWuIM,2  3AM MAJIT LMEGHRIB,"Jan 12, 2020",505,47.93
2025-12-03,5vpdRnnWuIM,2  3AM MAJIT LMEGHRIB,"Jan 12, 2020",505,44.27
2025-12-04,5vpdRnnWuIM,2  3AM MAJIT LMEGHRIB,"Jan 12, 2020",505,61
2025-12-05,5vpdRnnWuIM,2  3AM MAJIT LMEGHRIB,"Jan 12, 2020",505,50.9
2025-12-06,5vpdRnnWuIM,2  3AM MAJIT LMEGHRIB,"Jan 12, 2020",505,46.41
2025-12-07,5vpdRnnWuIM,2  3AM MAJIT LMEGHRIB,"Jan 12, 2020",505,60.38
2025-12-08,5vpdRnnWuIM,2  3AM MAJIT LMEGHRIB,"Jan 12, 2020",505,53.72
2025-12-09,5vpdRnnWuIM,2  3AM MAJIT LMEGHRIB,"Jan 12, 2020",505,51.5
2025-12-10,5vpdRnnWuIM,2  3AM MAJIT LMEGHRIB,"Jan 12, 2020",505,53.63
2025-12-11,5vpdRnnWuIM,2  3AM MAJIT LMEGHRIB,"Jan 12, 2020",505,57.43
2025-12-12,5vpdRnnWuIM,2  3AM MAJIT LMEGHRIB,"Jan 12, 2020",505,61.36
2025-12-13,5vpdRnnWuIM,2  3AM MAJIT LMEGHRIB,"Jan 12, 2020",505,61.25
2025-12-14,5vpdRnnWuIM,2  3AM MAJIT LMEGHRIB,"Jan 12, 2020",505,57.24
2025-12-15,5vpdRnnWuIM,2  3AM MAJIT LMEGHRIB,"Jan 12, 2020",505,58.34
2025-12-16,5vpdRnnWuIM,2  3AM MAJIT LMEGHRIB,"Jan 12, 2020",505,58.79
2025-12-17,5vpdRnnWuIM,2  3AM MAJIT LMEGHRIB,"Jan 12, 2020",505,64.01
2025-12-18,5vpdRnnWuIM,2  3AM MAJIT LMEGHRIB,"Jan 12, 2020",505,75.02
2025-12-19,5vpdRnnWuIM,2  3AM MAJIT LMEGHRIB,"Jan 12, 2020",505,60.11
2025-12-20,5vpdRnnWuIM,2  3AM MAJIT LMEGHRIB,"Jan 12, 2020",505,69.24
2025-12-21,5vpdRnnWuIM,2  3AM MAJIT LMEGHRIB,"Jan 12, 2020",505,58.98
2025-12-22,5vpdRnnWuIM,2  3AM MAJIT LMEGHRIB,"Jan 12, 2020",505,51.9
2025-12-23,5vpdRnnWuIM,2  3AM MAJIT LMEGHRIB,"Jan 12, 2020",505,56
2025-12-24,5vpdRnnWuIM,2  3AM MAJIT LMEGHRIB,"Jan 12, 2020",505,63.77
2025-12-25,5vpdRnnWuIM,2  3AM MAJIT LMEGHRIB,"Jan 12, 2020",505,53.91
2025-12-26,5vpdRnnWuIM,2  3AM MAJIT LMEGHRIB,"Jan 12, 2020",505,55.95
2025-12-27,5vpdRnnWuIM,2  3AM MAJIT LMEGHRIB,"Jan 12, 2020",505,74.32
2025-12-28,5vpdRnnWuIM,2  3AM MAJIT LMEGHRIB,"Jan 12, 2020",505,66.93
2025-12-29,5vpdRnnWuIM,2  3AM MAJIT LMEGHRIB,"Jan 12, 2020",505,61.29
2025-12-30,5vpdRnnWuIM,2  3AM MAJIT LMEGHRIB,"Jan 12, 2020",505,63.87
2025-12-31,5vpdRnnWuIM,2  3AM MAJIT LMEGHRIB,"Jan 12, 2020",505,59.43
2026-01-01,5vpdRnnWuIM,2  3AM MAJIT LMEGHRIB,"Jan 12, 2020",505,41.4
2026-01-02,5vpdRnnWuIM,2  3AM MAJIT LMEGHRIB,"Jan 12, 2020",505,63.45
2026-01-03,5vpdRnnWuIM,2  3AM MAJIT LMEGHRIB,"Jan 12, 2020",505,61.75
2026-01-04,5vpdRnnWuIM,2  3AM MAJIT LMEGHRIB,"Jan 12, 2020",505,54.26
2026-01-05,5vpdRnnWuIM,2  3AM MAJIT LMEGHRIB,"Jan 12, 2020",505,64.37
2026-01-06,5vpdRnnWuIM,2  3AM MAJIT LMEGHRIB,"Jan 12, 2020",505,64.58
2026-01-07,5vpdRnnWuIM,2  3AM MAJIT LMEGHRIB,"Jan 12, 2020",505,71.48
2026-01-08,5vpdRnnWuIM,2  3AM MAJIT LMEGHRIB,"Jan 12, 2020",505,65.45
2026-01-09,5vpdRnnWuIM,2  3AM MAJIT LMEGHRIB,"Jan 12, 2020",505,60.22
2026-01-10,5vpdRnnWuIM,2  3AM MAJIT LMEGHRIB,"Jan 12, 2020",505,53.64
2026-01-11,5vpdRnnWuIM,2  3AM MAJIT LMEGHRIB,"Jan 12, 2020",505,58.4
2026-01-12,5vpdRnnWuIM,2  3AM MAJIT LMEGHRIB,"Jan 12, 2020",505,58.44
2026-01-13,5vpdRnnWuIM,2  3AM MAJIT LMEGHRIB,"Jan 12, 2020",505,49.91
2026-01-14,5vpdRnnWuIM,2  3AM MAJIT LMEGHRIB,"Jan 12, 2020",505,45.36
2026-01-15,5vpdRnnWuIM,2  3AM MAJIT LMEGHRIB,"Jan 12, 2020",505,53.01
2026-01-16,5vpdRnnWuIM,2  3AM MAJIT LMEGHRIB,"Jan 12, 2020",505,59.28
2026-01-17,5vpdRnnWuIM,2  3AM MAJIT LMEGHRIB,"Jan 12, 2020",505,58.84
2026-01-18,5vpdRnnWuIM,2  3AM MAJIT LMEGHRIB,"Jan 12, 2020",505,55.3
2026-01-19,5vpdRnnWuIM,2  3AM MAJIT LMEGHRIB,"Jan 12, 2020",505,56.02
2026-01-20,5vpdRnnWuIM,2  3AM MAJIT LMEGHRIB,"Jan 12, 2020",505,57.43
2026-01-21,5vpdRnnWuIM,2  3AM MAJIT LMEGHRIB,"Jan 12, 2020",505,58.57
2026-01-22,5vpdRnnWuIM,2  3AM MAJIT LMEGHRIB,"Jan 12, 2020",505,64.08
2026-01-23,5vpdRnnWuIM,2  3AM MAJIT LMEGHRIB,"Jan 12, 2020",505,60.63
2026-01-24,5vpdRnnWuIM,2  3AM MAJIT LMEGHRIB,"Jan 12, 2020",505,59.82
2026-01-25,5vpdRnnWuIM,2  3AM MAJIT LMEGHRIB,"Jan 12, 2020",505,60.99
2026-01-26,5vpdRnnWuIM,2  3AM MAJIT LMEGHRIB,"Jan 12, 2020",505,67.1
2026-01-27,5vpdRnnWuIM,2  3AM MAJIT LMEGHRIB,"Jan 12, 2020",505,71.74
2026-01-28,5vpdRnnWuIM,2  3AM MAJIT LMEGHRIB,"Jan 12, 2020",505,51.82
2026-01-29,5vpdRnnWuIM,2  3AM MAJIT LMEGHRIB,"Jan 12, 2020",505,59.86
2026-01-30,5vpdRnnWuIM,2  3AM MAJIT LMEGHRIB,"Jan 12, 2020",505,52.44
2026-01-31,5vpdRnnWuIM,2  3AM MAJIT LMEGHRIB,"Jan 12, 2020",505,55.04
2026-02-01,5vpdRnnWuIM,2  3AM MAJIT LMEGHRIB,"Jan 12, 2020",505,52.3
2026-02-02,5vpdRnnWuIM,2  3AM MAJIT LMEGHRIB,"Jan 12, 2020",505,60.76
2026-02-03,5vpdRnnWuIM,2  3AM MAJIT LMEGHRIB,"Jan 12, 2020",505,58.34
2026-02-04,5vpdRnnWuIM,2  3AM MAJIT LMEGHRIB,"Jan 12, 2020",505,69.68
2026-02-05,5vpdRnnWuIM,2  3AM MAJIT LMEGHRIB,"Jan 12, 2020",505,50.69
2026-02-06,5vpdRnnWuIM,2  3AM MAJIT LMEGHRIB,"Jan 12, 2020",505,53.6
2026-02-07,5vpdRnnWuIM,2  3AM MAJIT LMEGHRIB,"Jan 12, 2020",505,42.61
2026-02-08,5vpdRnnWuIM,2  3AM MAJIT LMEGHRIB,"Jan 12, 2020",505,64.88
2026-02-09,5vpdRnnWuIM,2  3AM MAJIT LMEGHRIB,"Jan 12, 2020",505,63.93
2026-02-10,5vpdRnnWuIM,2  3AM MAJIT LMEGHRIB,"Jan 12, 2020",505,61.88
2026-02-11,5vpdRnnWuIM,2  3AM MAJIT LMEGHRIB,"Jan 12, 2020",505,63.03
2026-02-12,5vpdRnnWuIM,2  3AM MAJIT LMEGHRIB,"Jan 12, 2020",505,66.34
2026-02-13,5vpdRnnWuIM,2  3AM MAJIT LMEGHRIB,"Jan 12, 2020",505,52.82
2026-02-14,5vpdRnnWuIM,2  3AM MAJIT LMEGHRIB,"Jan 12, 2020",505,56.26
2026-02-15,5vpdRnnWuIM,2  3AM MAJIT LMEGHRIB,"Jan 12, 2020",505,72.96
2026-02-16,5vpdRnnWuIM,2  3AM MAJIT LMEGHRIB,"Jan 12, 2020",505,62.32
2026-02-17,5vpdRnnWuIM,2  3AM MAJIT LMEGHRIB,"Jan 12, 2020",505,55.48
2026-02-18,5vpdRnnWuIM,2  3AM MAJIT LMEGHRIB,"Jan 12, 2020",505,65.33
2026-02-19,5vpdRnnWuIM,2  3AM MAJIT LMEGHRIB,"Jan 12, 2020",505,67.24
2026-02-20,5vpdRnnWuIM,2  3AM MAJIT LMEGHRIB,"Jan 12, 2020",505,63.57
2026-02-21,5vpdRnnWuIM,2  3AM MAJIT LMEGHRIB,"Jan 12, 2020",505,54.47
2026-02-22,5vpdRnnWuIM,2  3AM MAJIT LMEGHRIB,"Jan 12, 2020",505,66.18
2026-02-23,5vpdRnnWuIM,2  3AM MAJIT LMEGHRIB,"Jan 12, 2020",505,56.27
2026-02-24,5vpdRnnWuIM,2  3AM MAJIT LMEGHRIB,"Jan 12, 2020",505,56.96
2026-02-25,5vpdRnnWuIM,2  3AM MAJIT LMEGHRIB,"Jan 12, 2020",505,65.27
2026-02-26,5vpdRnnWuIM,2  3AM MAJIT LMEGHRIB,"Jan 12, 2020",505,62.3
2026-02-27,5vpdRnnWuIM,2  3AM MAJIT LMEGHRIB,"Jan 12, 2020",505,51.74
2026-02-28,5vpdRnnWuIM,2  3AM MAJIT LMEGHRIB,"Jan 12, 2020",505,42.47
2026-03-01,5vpdRnnWuIM,2  3AM MAJIT LMEGHRIB,"Jan 12, 2020",505,60.13
2026-03-02,5vpdRnnWuIM,2  3AM MAJIT LMEGHRIB,"Jan 12, 2020",505,56.24
2026-03-03,5vpdRnnWuIM,2  3AM MAJIT LMEGHRIB,"Jan 12, 2020",505,55.54
2026-03-04,5vpdRnnWuIM,2  3AM MAJIT LMEGHRIB,"Jan 12, 2020",505,72.08
2026-03-05,5vpdRnnWuIM,2  3AM MAJIT LMEGHRIB,"Jan 12, 2020",505,60.26
2026-03-06,5vpdRnnWuIM,2  3AM MAJIT LMEGHRIB,"Jan 12, 2020",505,57.73
2026-03-07,5vpdRnnWuIM,2  3AM MAJIT LMEGHRIB,"Jan 12, 2020",505,57.37
2026-03-08,5vpdRnnWuIM,2  3AM MAJIT LMEGHRIB,"Jan 12, 2020",505,55.83
2026-03-09,5vpdRnnWuIM,2  3AM MAJIT LMEGHRIB,"Jan 12, 2020",505,56.52
2026-03-10,5vpdRnnWuIM,2  3AM MAJIT LMEGHRIB,"Jan 12, 2020",505,69.26
2026-03-11,5vpdRnnWuIM,2  3AM MAJIT LMEGHRIB,"Jan 12, 2020",505,51.42
2026-03-12,5vpdRnnWuIM,2  3AM MAJIT LMEGHRIB,"Jan 12, 2020",505,65.53
2026-03-13,5vpdRnnWuIM,2  3AM MAJIT LMEGHRIB,"Jan 12, 2020",505,55.15
2026-03-14,5vpdRnnWuIM,2  3AM MAJIT LMEGHRIB,"Jan 12, 2020",505,53.51
2026-03-15,5vpdRnnWuIM,2  3AM MAJIT LMEGHRIB,"Jan 12, 2020",505,56.65
2026-03-16,5vpdRnnWuIM,2  3AM MAJIT LMEGHRIB,"Jan 12, 2020",505,66.44
2026-03-17,5vpdRnnWuIM,2  3AM MAJIT LMEGHRIB,"Jan 12, 2020",505,62.43
2026-03-18,5vpdRnnWuIM,2  3AM MAJIT LMEGHRIB,"Jan 12, 2020",505,58.39
2026-03-19,5vpdRnnWuIM,2  3AM MAJIT LMEGHRIB,"Jan 12, 2020",505,59.85
2026-03-20,5vpdRnnWuIM,2  3AM MAJIT LMEGHRIB,"Jan 12, 2020",505,52.23
2026-03-21,5vpdRnnWuIM,2  3AM MAJIT LMEGHRIB,"Jan 12, 2020",505,44.6
2026-03-22,5vpdRnnWuIM,2  3AM MAJIT LMEGHRIB,"Jan 12, 2020",505,44.61
2026-03-23,5vpdRnnWuIM,2  3AM MAJIT LMEGHRIB,"Jan 12, 2020",505,57.83
2026-03-24,5vpdRnnWuIM,2  3AM MAJIT LMEGHRIB,"Jan 12, 2020",505,56.98
2026-03-25,5vpdRnnWuIM,2  3AM MAJIT LMEGHRIB,"Jan 12, 2020",505,59.58
2026-03-26,5vpdRnnWuIM,2  3AM MAJIT LMEGHRIB,"Jan 12, 2020",505,51.93
2026-03-27,5vpdRnnWuIM,2  3AM MAJIT LMEGHRIB,"Jan 12, 2020",505,57.11
2026-03-28,5vpdRnnWuIM,2  3AM MAJIT LMEGHRIB,"Jan 12, 2020",505,60.32
2026-03-29,5vpdRnnWuIM,2  3AM MAJIT LMEGHRIB,"Jan 12, 2020",505,51.79
2026-03-30,5vpdRnnWuIM,2  3AM MAJIT LMEGHRIB,"Jan 12, 2020",505,60.37
2026-03-31,5vpdRnnWuIM,2  3AM MAJIT LMEGHRIB,"Jan 12, 2020",505,55.36
2026-04-01,5vpdRnnWuIM,2  3AM MAJIT LMEGHRIB,"Jan 12, 2020",505,55.24
2026-04-02,5vpdRnnWuIM,2  3AM MAJIT LMEGHRIB,"Jan 12, 2020",505,51.14
2026-04-03,5vpdRnnWuIM,2  3AM MAJIT LMEGHRIB,"Jan 12, 2020",505,59.15
2026-04-04,5vpdRnnWuIM,2  3AM MAJIT LMEGHRIB,"Jan 12, 2020",505,56.95
2026-04-05,5vpdRnnWuIM,2  3AM MAJIT LMEGHRIB,"Jan 12, 2020",505,55.44
2026-04-06,5vpdRnnWuIM,2  3AM MAJIT LMEGHRIB,"Jan 12, 2020",505,63.41
2026-04-07,5vpdRnnWuIM,2  3AM MAJIT LMEGHRIB,"Jan 12, 2020",505,59.01
2026-04-08,5vpdRnnWuIM,2  3AM MAJIT LMEGHRIB,"Jan 12, 2020",505,53.83
2026-04-09,5vpdRnnWuIM,2  3AM MAJIT LMEGHRIB,"Jan 12, 2020",505,54.62
2026-04-10,5vpdRnnWuIM,2  3AM MAJIT LMEGHRIB,"Jan 12, 2020",505,56.65
2026-04-11,5vpdRnnWuIM,2  3AM MAJIT LMEGHRIB,"Jan 12, 2020",505,50.48
2026-04-12,5vpdRnnWuIM,2  3AM MAJIT LMEGHRIB,"Jan 12, 2020",505,59.93
2026-04-13,5vpdRnnWuIM,2  3AM MAJIT LMEGHRIB,"Jan 12, 2020",505,48.36
2026-04-14,5vpdRnnWuIM,2  3AM MAJIT LMEGHRIB,"Jan 12, 2020",505,52.26
2026-04-15,5vpdRnnWuIM,2  3AM MAJIT LMEGHRIB,"Jan 12, 2020",505,52.74
2026-04-16,5vpdRnnWuIM,2  3AM MAJIT LMEGHRIB,"Jan 12, 2020",505,53.82
2026-04-17,5vpdRnnWuIM,2  3AM MAJIT LMEGHRIB,"Jan 12, 2020",505,58.2
2026-04-18,5vpdRnnWuIM,2  3AM MAJIT LMEGHRIB,"Jan 12, 2020",505,44.6
2026-04-19,5vpdRnnWuIM,2  3AM MAJIT LMEGHRIB,"Jan 12, 2020",505,60.99
2026-04-20,5vpdRnnWuIM,2  3AM MAJIT LMEGHRIB,"Jan 12, 2020",505,57.78
2026-04-21,5vpdRnnWuIM,2  3AM MAJIT LMEGHRIB,"Jan 12, 2020",505,57.88
2026-04-22,5vpdRnnWuIM,2  3AM MAJIT LMEGHRIB,"Jan 12, 2020",505,58.64
2026-04-23,5vpdRnnWuIM,2  3AM MAJIT LMEGHRIB,"Jan 12, 2020",505,64.13
2019-03-27,EHYYSK93aHI,أَغرب طرق العِلاَج القديمة 😂 (الجزء الثاني),"Jun 24, 2024",855,0
2019-03-28,EHYYSK93aHI,أَغرب طرق العِلاَج القديمة 😂 (الجزء الثاني),"Jun 24, 2024",855,0
2019-03-29,EHYYSK93aHI,أَغرب طرق العِلاَج القديمة 😂 (الجزء الثاني),"Jun 24, 2024",855,0
2019-03-30,EHYYSK93aHI,أَغرب طرق العِلاَج القديمة 😂 (الجزء الثاني),"Jun 24, 2024",855,0
2019-03-31,EHYYSK93aHI,أَغرب طرق العِلاَج القديمة 😂 (الجزء الثاني),"Jun 24, 2024",855,0
2019-04-01,EHYYSK93aHI,أَغرب طرق العِلاَج القديمة 😂 (الجزء الثاني),"Jun 24, 2024",855,0
2019-04-02,EHYYSK93aHI,أَغرب طرق العِلاَج القديمة 😂 (الجزء الثاني),"Jun 24, 2024",855,0
2019-04-03,EHYYSK93aHI,أَغرب طرق العِلاَج القديمة 😂 (الجزء الثاني),"Jun 24, 2024",855,0
2019-04-04,EHYYSK93aHI,أَغرب طرق العِلاَج القديمة 😂 (الجزء الثاني),"Jun 24, 2024",855,0
2019-04-05,EHYYSK93aHI,أَغرب طرق العِلاَج القديمة 😂 (الجزء الثاني),"Jun 24, 2024",855,0
2019-04-06,EHYYSK93aHI,أَغرب طرق العِلاَج القديمة 😂 (الجزء الثاني),"Jun 24, 2024",855,0
2019-04-07,EHYYSK93aHI,أَغرب طرق العِلاَج القديمة 😂 (الجزء الثاني),"Jun 24, 2024",855,0
2019-04-08,EHYYSK93aHI,أَغرب طرق العِلاَج القديمة 😂 (الجزء الثاني),"Jun 24, 2024",855,0
2019-04-09,EHYYSK93aHI,أَغرب طرق العِلاَج القديمة 😂 (الجزء الثاني),"Jun 24, 2024",855,0
2019-04-10,EHYYSK93aHI,أَغرب طرق العِلاَج القديمة 😂 (الجزء الثاني),"Jun 24, 2024",855,0
2019-04-11,EHYYSK93aHI,أَغرب طرق العِلاَج القديمة 😂 (الجزء الثاني),"Jun 24, 2024",855,0
2019-04-12,EHYYSK93aHI,أَغرب طرق العِلاَج القديمة 😂 (الجزء الثاني),"Jun 24, 2024",855,0
2019-04-13,EHYYSK93aHI,أَغرب طرق العِلاَج القديمة 😂 (الجزء الثاني),"Jun 24, 2024",855,0
2019-04-14,EHYYSK93aHI,أَغرب طرق العِلاَج القديمة 😂 (الجزء الثاني),"Jun 24, 2024",855,0
2019-04-15,EHYYSK93aHI,أَغرب طرق العِلاَج القديمة 😂 (الجزء الثاني),"Jun 24, 2024",855,0
2019-04-16,EHYYSK93aHI,أَغرب طرق العِلاَج القديمة 😂 (الجزء الثاني),"Jun 24, 2024",855,0
2019-04-17,EHYYSK93aHI,أَغرب طرق العِلاَج القديمة 😂 (الجزء الثاني),"Jun 24, 2024",855,0
2019-04-18,EHYYSK93aHI,أَغرب طرق العِلاَج القديمة 😂 (الجزء الثاني),"Jun 24, 2024",855,0
2019-04-19,EHYYSK93aHI,أَغرب طرق العِلاَج القديمة 😂 (الجزء الثاني),"Jun 24, 2024",855,0
2019-04-20,EHYYSK93aHI,أَغرب طرق العِلاَج القديمة 😂 (الجزء الثاني),"Jun 24, 2024",855,0
2019-04-21,EHYYSK93aHI,أَغرب طرق العِلاَج القديمة 😂 (الجزء الثاني),"Jun 24, 2024",855,0
2019-04-22,EHYYSK93aHI,أَغرب طرق العِلاَج القديمة 😂 (الجزء الثاني),"Jun 24, 2024",855,0
2019-04-23,EHYYSK93aHI,أَغرب طرق العِلاَج القديمة 😂 (الجزء الثاني),"Jun 24, 2024",855,0
2019-04-24,EHYYSK93aHI,أَغرب طرق العِلاَج القديمة 😂 (الجزء الثاني),"Jun 24, 2024",855,0
2019-04-25,EHYYSK93aHI,أَغرب طرق العِلاَج القديمة 😂 (الجزء الثاني),"Jun 24, 2024",855,0
2019-04-26,EHYYSK93aHI,أَغرب طرق العِلاَج القديمة 😂 (الجزء الثاني),"Jun 24, 2024",855,0
2019-04-27,EHYYSK93aHI,أَغرب طرق العِلاَج القديمة 😂 (الجزء الثاني),"Jun 24, 2024",855,0
2019-04-28,EHYYSK93aHI,أَغرب طرق العِلاَج القديمة 😂 (الجزء الثاني),"Jun 24, 2024",855,0
2019-04-29,EHYYSK93aHI,أَغرب طرق العِلاَج القديمة 😂 (الجزء الثاني),"Jun 24, 2024",855,0
2019-04-30,EHYYSK93aHI,أَغرب طرق العِلاَج القديمة 😂 (الجزء الثاني),"Jun 24, 2024",855,0
2019-05-01,EHYYSK93aHI,أَغرب طرق العِلاَج القديمة 😂 (الجزء الثاني),"Jun 24, 2024",855,0
2019-05-02,EHYYSK93aHI,أَغرب طرق العِلاَج القديمة 😂 (الجزء الثاني),"Jun 24, 2024",855,0
2019-05-03,EHYYSK93aHI,أَغرب طرق العِلاَج القديمة 😂 (الجزء الثاني),"Jun 24, 2024",855,0
2019-05-04,EHYYSK93aHI,أَغرب طرق العِلاَج القديمة 😂 (الجزء الثاني),"Jun 24, 2024",855,0
2019-05-05,EHYYSK93aHI,أَغرب طرق العِلاَج القديمة 😂 (الجزء الثاني),"Jun 24, 2024",855,0
2019-05-06,EHYYSK93aHI,أَغرب طرق العِلاَج القديمة 😂 (الجزء الثاني),"Jun 24, 2024",855,0
2019-05-07,EHYYSK93aHI,أَغرب طرق العِلاَج القديمة 😂 (الجزء الثاني),"Jun 24, 2024",855,0
2019-05-08,EHYYSK93aHI,أَغرب طرق العِلاَج القديمة 😂 (الجزء الثاني),"Jun 24, 2024",855,0
2019-05-09,EHYYSK93aHI,أَغرب طرق العِلاَج القديمة 😂 (الجزء الثاني),"Jun 24, 2024",855,0
2019-05-10,EHYYSK93aHI,أَغرب طرق العِلاَج القديمة 😂 (الجزء الثاني),"Jun 24, 2024",855,0
2019-05-11,EHYYSK93aHI,أَغرب طرق العِلاَج القديمة 😂 (الجزء الثاني),"Jun 24, 2024",855,0
2019-05-12,EHYYSK93aHI,أَغرب طرق العِلاَج القديمة 😂 (الجزء الثاني),"Jun 24, 2024",855,0
2019-05-13,EHYYSK93aHI,أَغرب طرق العِلاَج القديمة 😂 (الجزء الثاني),"Jun 24, 2024",855,0
2019-05-14,EHYYSK93aHI,أَغرب طرق العِلاَج القديمة 😂 (الجزء الثاني),"Jun 24, 2024",855,0
2019-05-15,EHYYSK93aHI,أَغرب طرق العِلاَج القديمة 😂 (الجزء الثاني),"Jun 24, 2024",855,0
2019-05-16,EHYYSK93aHI,أَغرب طرق العِلاَج القديمة 😂 (الجزء الثاني),"Jun 24, 2024",855,0
2019-05-17,EHYYSK93aHI,أَغرب طرق العِلاَج القديمة 😂 (الجزء الثاني),"Jun 24, 2024",855,0
2019-05-18,EHYYSK93aHI,أَغرب طرق العِلاَج القديمة 😂 (الجزء الثاني),"Jun 24, 2024",855,0
2019-05-19,EHYYSK93aHI,أَغرب طرق العِلاَج القديمة 😂 (الجزء الثاني),"Jun 24, 2024",855,0
2019-05-20,EHYYSK93aHI,أَغرب طرق العِلاَج القديمة 😂 (الجزء الثاني),"Jun 24, 2024",855,0
2019-05-21,EHYYSK93aHI,أَغرب طرق العِلاَج القديمة 😂 (الجزء الثاني),"Jun 24, 2024",855,0
2019-05-22,EHYYSK93aHI,أَغرب طرق العِلاَج القديمة 😂 (الجزء الثاني),"Jun 24, 2024",855,0
2019-05-23,EHYYSK93aHI,أَغرب طرق العِلاَج القديمة 😂 (الجزء الثاني),"Jun 24, 2024",855,0
2019-05-24,EHYYSK93aHI,أَغرب طرق العِلاَج القديمة 😂 (الجزء الثاني),"Jun 24, 2024",855,0
2019-05-25,EHYYSK93aHI,أَغرب طرق العِلاَج القديمة 😂 (الجزء الثاني),"Jun 24, 2024",855,0
2019-05-26,EHYYSK93aHI,أَغرب طرق العِلاَج القديمة 😂 (الجزء الثاني),"Jun 24, 2024",855,0
2019-05-27,EHYYSK93aHI,أَغرب طرق العِلاَج القديمة 😂 (الجزء الثاني),"Jun 24, 2024",855,0
2019-05-28,EHYYSK93aHI,أَغرب طرق العِلاَج القديمة 😂 (الجزء الثاني),"Jun 24, 2024",855,0
2019-05-29,EHYYSK93aHI,أَغرب طرق العِلاَج القديمة 😂 (الجزء الثاني),"Jun 24, 2024",855,0
2019-05-30,EHYYSK93aHI,أَغرب طرق العِلاَج القديمة 😂 (الجزء الثاني),"Jun 24, 2024",855,0
2019-05-31,EHYYSK93aHI,أَغرب طرق العِلاَج القديمة 😂 (الجزء الثاني),"Jun 24, 2024",855,0
2019-06-01,EHYYSK93aHI,أَغرب طرق العِلاَج القديمة 😂 (الجزء الثاني),"Jun 24, 2024",855,0
2019-06-02,EHYYSK93aHI,أَغرب طرق العِلاَج القديمة 😂 (الجزء الثاني),"Jun 24, 2024",855,0
2019-06-03,EHYYSK93aHI,أَغرب طرق العِلاَج القديمة 😂 (الجزء الثاني),"Jun 24, 2024",855,0
2019-06-04,EHYYSK93aHI,أَغرب طرق العِلاَج القديمة 😂 (الجزء الثاني),"Jun 24, 2024",855,0
2019-06-05,EHYYSK93aHI,أَغرب طرق العِلاَج القديمة 😂 (الجزء الثاني),"Jun 24, 2024",855,0
2019-06-06,EHYYSK93aHI,أَغرب طرق العِلاَج القديمة 😂 (الجزء الثاني),"Jun 24, 2024",855,0
2019-06-07,EHYYSK93aHI,أَغرب طرق العِلاَج القديمة 😂 (الجزء الثاني),"Jun 24, 2024",855,0
2019-06-08,EHYYSK93aHI,أَغرب طرق العِلاَج القديمة 😂 (الجزء الثاني),"Jun 24, 2024",855,0
2019-06-09,EHYYSK93aHI,أَغرب طرق العِلاَج القديمة 😂 (الجزء الثاني),"Jun 24, 2024",855,0
2019-06-10,EHYYSK93aHI,أَغرب طرق العِلاَج القديمة 😂 (الجزء الثاني),"Jun 24, 2024",855,0
2019-06-11,EHYYSK93aHI,أَغرب طرق العِلاَج القديمة 😂 (الجزء الثاني),"Jun 24, 2024",855,0
2019-06-12,EHYYSK93aHI,أَغرب طرق العِلاَج القديمة 😂 (الجزء الثاني),"Jun 24, 2024",855,0
2019-06-13,EHYYSK93aHI,أَغرب طرق العِلاَج القديمة 😂 (الجزء الثاني),"Jun 24, 2024",855,0
2019-06-14,EHYYSK93aHI,أَغرب طرق العِلاَج القديمة 😂 (الجزء الثاني),"Jun 24, 2024",855,0
2019-06-15,EHYYSK93aHI,أَغرب طرق العِلاَج القديمة 😂 (الجزء الثاني),"Jun 24, 2024",855,0
2019-06-16,EHYYSK93aHI,أَغرب طرق العِلاَج القديمة 😂 (الجزء الثاني),"Jun 24, 2024",855,0
2019-06-17,EHYYSK93aHI,أَغرب طرق العِلاَج القديمة 😂 (الجزء الثاني),"Jun 24, 2024",855,0
2019-06-18,EHYYSK93aHI,أَغرب طرق العِلاَج القديمة 😂 (الجزء الثاني),"Jun 24, 2024",855,0
2019-06-19,EHYYSK93aHI,أَغرب طرق العِلاَج القديمة 😂 (الجزء الثاني),"Jun 24, 2024",855,0
2019-06-20,EHYYSK93aHI,أَغرب طرق العِلاَج القديمة 😂 (الجزء الثاني),"Jun 24, 2024",855,0
2019-06-21,EHYYSK93aHI,أَغرب طرق العِلاَج القديمة 😂 (الجزء الثاني),"Jun 24, 2024",855,0
2019-06-22,EHYYSK93aHI,أَغرب طرق العِلاَج القديمة 😂 (الجزء الثاني),"Jun 24, 2024",855,0
2019-06-23,EHYYSK93aHI,أَغرب طرق العِلاَج القديمة 😂 (الجزء الثاني),"Jun 24, 2024",855,0
2019-06-24,EHYYSK93aHI,أَغرب طرق العِلاَج القديمة 😂 (الجزء الثاني),"Jun 24, 2024",855,0
2019-06-25,EHYYSK93aHI,أَغرب طرق العِلاَج القديمة 😂 (الجزء الثاني),"Jun 24, 2024",855,0
2019-06-26,EHYYSK93aHI,أَغرب طرق العِلاَج القديمة 😂 (الجزء الثاني),"Jun 24, 2024",855,0
2019-06-27,EHYYSK93aHI,أَغرب طرق العِلاَج القديمة 😂 (الجزء الثاني),"Jun 24, 2024",855,0
2019-06-28,EHYYSK93aHI,أَغرب طرق العِلاَج القديمة 😂 (الجزء الثاني),"Jun 24, 2024",855,0
2019-06-29,EHYYSK93aHI,أَغرب طرق العِلاَج القديمة 😂 (الجزء الثاني),"Jun 24, 2024",855,0
2019-06-30,EHYYSK93aHI,أَغرب طرق العِلاَج القديمة 😂 (الجزء الثاني),"Jun 24, 2024",855,0
2019-07-01,EHYYSK93aHI,أَغرب طرق العِلاَج القديمة 😂 (الجزء الثاني),"Jun 24, 2024",855,0
2019-07-02,EHYYSK93aHI,أَغرب طرق العِلاَج القديمة 😂 (الجزء الثاني),"Jun 24, 2024",855,0
2019-07-03,EHYYSK93aHI,أَغرب طرق العِلاَج القديمة 😂 (الجزء الثاني),"Jun 24, 2024",855,0
2019-07-04,EHYYSK93aHI,أَغرب طرق العِلاَج القديمة 😂 (الجزء الثاني),"Jun 24, 2024",855,0
2019-07-05,EHYYSK93aHI,أَغرب طرق العِلاَج القديمة 😂 (الجزء الثاني),"Jun 24, 2024",855,0
2019-07-06,EHYYSK93aHI,أَغرب طرق العِلاَج القديمة 😂 (الجزء الثاني),"Jun 24, 2024",855,0
2019-07-07,EHYYSK93aHI,أَغرب طرق العِلاَج القديمة 😂 (الجزء الثاني),"Jun 24, 2024",855,0
2019-07-08,EHYYSK93aHI,أَغرب طرق العِلاَج القديمة 😂 (الجزء الثاني),"Jun 24, 2024",855,0
2019-07-09,EHYYSK93aHI,أَغرب طرق العِلاَج القديمة 😂 (الجزء الثاني),"Jun 24, 2024",855,0
2019-07-10,EHYYSK93aHI,أَغرب طرق العِلاَج القديمة 😂 (الجزء الثاني),"Jun 24, 2024",855,0
2019-07-11,EHYYSK93aHI,أَغرب طرق العِلاَج القديمة 😂 (الجزء الثاني),"Jun 24, 2024",855,0
2019-07-12,EHYYSK93aHI,أَغرب طرق العِلاَج القديمة 😂 (الجزء الثاني),"Jun 24, 2024",855,0
2019-07-13,EHYYSK93aHI,أَغرب طرق العِلاَج القديمة 😂 (الجزء الثاني),"Jun 24, 2024",855,0
2019-07-14,EHYYSK93aHI,أَغرب طرق العِلاَج القديمة 😂 (الجزء الثاني),"Jun 24, 2024",855,0
2019-07-15,EHYYSK93aHI,أَغرب طرق العِلاَج القديمة 😂 (الجزء الثاني),"Jun 24, 2024",855,0
2019-07-16,EHYYSK93aHI,أَغرب طرق العِلاَج القديمة 😂 (الجزء الثاني),"Jun 24, 2024",855,0
2019-07-17,EHYYSK93aHI,أَغرب طرق العِلاَج القديمة 😂 (الجزء الثاني),"Jun 24, 2024",855,0
2019-07-18,EHYYSK93aHI,أَغرب طرق العِلاَج القديمة 😂 (الجزء الثاني),"Jun 24, 2024",855,0
2019-07-19,EHYYSK93aHI,أَغرب طرق العِلاَج القديمة 😂 (الجزء الثاني),"Jun 24, 2024",855,0
2019-07-20,EHYYSK93aHI,أَغرب طرق العِلاَج القديمة 😂 (الجزء الثاني),"Jun 24, 2024",855,0
2019-07-21,EHYYSK93aHI,أَغرب طرق العِلاَج القديمة 😂 (الجزء الثاني),"Jun 24, 2024",855,0
2019-07-22,EHYYSK93aHI,أَغرب طرق العِلاَج القديمة 😂 (الجزء الثاني),"Jun 24, 2024",855,0
2019-07-23,EHYYSK93aHI,أَغرب طرق العِلاَج القديمة 😂 (الجزء الثاني),"Jun 24, 2024",855,0
2019-07-24,EHYYSK93aHI,أَغرب طرق العِلاَج القديمة 😂 (الجزء الثاني),"Jun 24, 2024",855,0
2019-07-25,EHYYSK93aHI,أَغرب طرق العِلاَج القديمة 😂 (الجزء الثاني),"Jun 24, 2024",855,0
2019-07-26,EHYYSK93aHI,أَغرب طرق العِلاَج القديمة 😂 (الجزء الثاني),"Jun 24, 2024",855,0
2019-07-27,EHYYSK93aHI,أَغرب طرق العِلاَج القديمة 😂 (الجزء الثاني),"Jun 24, 2024",855,0
2019-07-28,EHYYSK93aHI,أَغرب طرق العِلاَج القديمة 😂 (الجزء الثاني),"Jun 24, 2024",855,0
2019-07-29,EHYYSK93aHI,أَغرب طرق العِلاَج القديمة 😂 (الجزء الثاني),"Jun 24, 2024",855,0
2019-07-30,EHYYSK93aHI,أَغرب طرق العِلاَج القديمة 😂 (الجزء الثاني),"Jun 24, 2024",855,0
2019-07-31,EHYYSK93aHI,أَغرب طرق العِلاَج القديمة 😂 (الجزء الثاني),"Jun 24, 2024",855,0
2019-08-01,EHYYSK93aHI,أَغرب طرق العِلاَج القديمة 😂 (الجزء الثاني),"Jun 24, 2024",855,0
2019-08-02,EHYYSK93aHI,أَغرب طرق العِلاَج القديمة 😂 (الجزء الثاني),"Jun 24, 2024",855,0
2019-08-03,EHYYSK93aHI,أَغرب طرق العِلاَج القديمة 😂 (الجزء الثاني),"Jun 24, 2024",855,0
2019-08-04,EHYYSK93aHI,أَغرب طرق العِلاَج القديمة 😂 (الجزء الثاني),"Jun 24, 2024",855,0
2019-08-05,EHYYSK93aHI,أَغرب طرق العِلاَج القديمة 😂 (الجزء الثاني),"Jun 24, 2024",855,0
2019-08-06,EHYYSK93aHI,أَغرب طرق العِلاَج القديمة 😂 (الجزء الثاني),"Jun 24, 2024",855,0
2019-08-07,EHYYSK93aHI,أَغرب طرق العِلاَج القديمة 😂 (الجزء الثاني),"Jun 24, 2024",855,0
2019-08-08,EHYYSK93aHI,أَغرب طرق العِلاَج القديمة 😂 (الجزء الثاني),"Jun 24, 2024",855,0
2019-08-09,EHYYSK93aHI,أَغرب طرق العِلاَج القديمة 😂 (الجزء الثاني),"Jun 24, 2024",855,0
2019-08-10,EHYYSK93aHI,أَغرب طرق العِلاَج القديمة 😂 (الجزء الثاني),"Jun 24, 2024",855,0
2019-08-11,EHYYSK93aHI,أَغرب طرق العِلاَج القديمة 😂 (الجزء الثاني),"Jun 24, 2024",855,0
2019-08-12,EHYYSK93aHI,أَغرب طرق العِلاَج القديمة 😂 (الجزء الثاني),"Jun 24, 2024",855,0
2019-08-13,EHYYSK93aHI,أَغرب طرق العِلاَج القديمة 😂 (الجزء الثاني),"Jun 24, 2024",855,0
2019-08-14,EHYYSK93aHI,أَغرب طرق العِلاَج القديمة 😂 (الجزء الثاني),"Jun 24, 2024",855,0
2019-08-15,EHYYSK93aHI,أَغرب طرق العِلاَج القديمة 😂 (الجزء الثاني),"Jun 24, 2024",855,0
2019-08-16,EHYYSK93aHI,أَغرب طرق العِلاَج القديمة 😂 (الجزء الثاني),"Jun 24, 2024",855,0
2019-08-17,EHYYSK93aHI,أَغرب طرق العِلاَج القديمة 😂 (الجزء الثاني),"Jun 24, 2024",855,0
2019-08-18,EHYYSK93aHI,أَغرب طرق العِلاَج القديمة 😂 (الجزء الثاني),"Jun 24, 2024",855,0
2019-08-19,EHYYSK93aHI,أَغرب طرق العِلاَج القديمة 😂 (الجزء الثاني),"Jun 24, 2024",855,0
2019-08-20,EHYYSK93aHI,أَغرب طرق العِلاَج القديمة 😂 (الجزء الثاني),"Jun 24, 2024",855,0
2019-08-21,EHYYSK93aHI,أَغرب طرق العِلاَج القديمة 😂 (الجزء الثاني),"Jun 24, 2024",855,0
2019-08-22,EHYYSK93aHI,أَغرب طرق العِلاَج القديمة 😂 (الجزء الثاني),"Jun 24, 2024",855,0
2019-08-23,EHYYSK93aHI,أَغرب طرق العِلاَج القديمة 😂 (الجزء الثاني),"Jun 24, 2024",855,0
2019-08-24,EHYYSK93aHI,أَغرب طرق العِلاَج القديمة 😂 (الجزء الثاني),"Jun 24, 2024",855,0
2019-08-25,EHYYSK93aHI,أَغرب طرق العِلاَج القديمة 😂 (الجزء الثاني),"Jun 24, 2024",855,0
2019-08-26,EHYYSK93aHI,أَغرب طرق العِلاَج القديمة 😂 (الجزء الثاني),"Jun 24, 2024",855,0
2019-08-27,EHYYSK93aHI,أَغرب طرق العِلاَج القديمة 😂 (الجزء الثاني),"Jun 24, 2024",855,0
2019-08-28,EHYYSK93aHI,أَغرب طرق العِلاَج القديمة 😂 (الجزء الثاني),"Jun 24, 2024",855,0
2019-08-29,EHYYSK93aHI,أَغرب طرق العِلاَج القديمة 😂 (الجزء الثاني),"Jun 24, 2024",855,0
2019-08-30,EHYYSK93aHI,أَغرب طرق العِلاَج القديمة 😂 (الجزء الثاني),"Jun 24, 2024",855,0
2019-08-31,EHYYSK93aHI,أَغرب طرق العِلاَج القديمة 😂 (الجزء الثاني),"Jun 24, 2024",855,0
2019-09-01,EHYYSK93aHI,أَغرب طرق العِلاَج القديمة 😂 (الجزء الثاني),"Jun 24, 2024",855,0
2019-09-02,EHYYSK93aHI,أَغرب طرق العِلاَج القديمة 😂 (الجزء الثاني),"Jun 24, 2024",855,0
2019-09-03,EHYYSK93aHI,أَغرب طرق العِلاَج القديمة 😂 (الجزء الثاني),"Jun 24, 2024",855,0
2019-09-04,EHYYSK93aHI,أَغرب طرق العِلاَج القديمة 😂 (الجزء الثاني),"Jun 24, 2024",855,0
2019-09-05,EHYYSK93aHI,أَغرب طرق العِلاَج القديمة 😂 (الجزء الثاني),"Jun 24, 2024",855,0
2019-09-06,EHYYSK93aHI,أَغرب طرق العِلاَج القديمة 😂 (الجزء الثاني),"Jun 24, 2024",855,0
2019-09-07,EHYYSK93aHI,أَغرب طرق العِلاَج القديمة 😂 (الجزء الثاني),"Jun 24, 2024",855,0
2019-09-08,EHYYSK93aHI,أَغرب طرق العِلاَج القديمة 😂 (الجزء الثاني),"Jun 24, 2024",855,0
2019-09-09,EHYYSK93aHI,أَغرب طرق العِلاَج القديمة 😂 (الجزء الثاني),"Jun 24, 2024",855,0
2019-09-10,EHYYSK93aHI,أَغرب طرق العِلاَج القديمة 😂 (الجزء الثاني),"Jun 24, 2024",855,0
2019-09-11,EHYYSK93aHI,أَغرب طرق العِلاَج القديمة 😂 (الجزء الثاني),"Jun 24, 2024",855,0
2019-09-12,EHYYSK93aHI,أَغرب طرق العِلاَج القديمة 😂 (الجزء الثاني),"Jun 24, 2024",855,0
2019-09-13,EHYYSK93aHI,أَغرب طرق العِلاَج القديمة 😂 (الجزء الثاني),"Jun 24, 2024",855,0
2019-09-14,EHYYSK93aHI,أَغرب طرق العِلاَج القديمة 😂 (الجزء الثاني),"Jun 24, 2024",855,0
2019-09-15,EHYYSK93aHI,أَغرب طرق العِلاَج القديمة 😂 (الجزء الثاني),"Jun 24, 2024",855,0
2019-09-16,EHYYSK93aHI,أَغرب طرق العِلاَج القديمة 😂 (الجزء الثاني),"Jun 24, 2024",855,0
2019-09-17,EHYYSK93aHI,أَغرب طرق العِلاَج القديمة 😂 (الجزء الثاني),"Jun 24, 2024",855,0
2019-09-18,EHYYSK93aHI,أَغرب طرق العِلاَج القديمة 😂 (الجزء الثاني),"Jun 24, 2024",855,0
2019-09-19,EHYYSK93aHI,أَغرب طرق العِلاَج القديمة 😂 (الجزء الثاني),"Jun 24, 2024",855,0
2019-09-20,EHYYSK93aHI,أَغرب طرق العِلاَج القديمة 😂 (الجزء الثاني),"Jun 24, 2024",855,0
2019-09-21,EHYYSK93aHI,أَغرب طرق العِلاَج القديمة 😂 (الجزء الثاني),"Jun 24, 2024",855,0
2019-09-22,EHYYSK93aHI,أَغرب طرق العِلاَج القديمة 😂 (الجزء الثاني),"Jun 24, 2024",855,0
2019-09-23,EHYYSK93aHI,أَغرب طرق العِلاَج القديمة 😂 (الجزء الثاني),"Jun 24, 2024",855,0
2019-09-24,EHYYSK93aHI,أَغرب طرق العِلاَج القديمة 😂 (الجزء الثاني),"Jun 24, 2024",855,0
2019-09-25,EHYYSK93aHI,أَغرب طرق العِلاَج القديمة 😂 (الجزء الثاني),"Jun 24, 2024",855,0
2019-09-26,EHYYSK93aHI,أَغرب طرق العِلاَج القديمة 😂 (الجزء الثاني),"Jun 24, 2024",855,0
2019-09-27,EHYYSK93aHI,أَغرب طرق العِلاَج القديمة 😂 (الجزء الثاني),"Jun 24, 2024",855,0
2019-09-28,EHYYSK93aHI,أَغرب طرق العِلاَج القديمة 😂 (الجزء الثاني),"Jun 24, 2024",855,0
2019-09-29,EHYYSK93aHI,أَغرب طرق العِلاَج القديمة 😂 (الجزء الثاني),"Jun 24, 2024",855,0
2019-09-30,EHYYSK93aHI,أَغرب طرق العِلاَج القديمة 😂 (الجزء الثاني),"Jun 24, 2024",855,0
2019-10-01,EHYYSK93aHI,أَغرب طرق العِلاَج القديمة 😂 (الجزء الثاني),"Jun 24, 2024",855,0
2019-10-02,EHYYSK93aHI,أَغرب طرق العِلاَج القديمة 😂 (الجزء الثاني),"Jun 24, 2024",855,0
2019-10-03,EHYYSK93aHI,أَغرب طرق العِلاَج القديمة 😂 (الجزء الثاني),"Jun 24, 2024",855,0
2019-10-04,EHYYSK93aHI,أَغرب طرق العِلاَج القديمة 😂 (الجزء الثاني),"Jun 24, 2024",855,0
2019-10-05,EHYYSK93aHI,أَغرب طرق العِلاَج القديمة 😂 (الجزء الثاني),"Jun 24, 2024",855,0
2019-10-06,EHYYSK93aHI,أَغرب طرق العِلاَج القديمة 😂 (الجزء الثاني),"Jun 24, 2024",855,0
2019-10-07,EHYYSK93aHI,أَغرب طرق العِلاَج القديمة 😂 (الجزء الثاني),"Jun 24, 2024",855,0
2019-10-08,EHYYSK93aHI,أَغرب طرق العِلاَج القديمة 😂 (الجزء الثاني),"Jun 24, 2024",855,0
2019-10-09,EHYYSK93aHI,أَغرب طرق العِلاَج القديمة 😂 (الجزء الثاني),"Jun 24, 2024",855,0
2019-10-10,EHYYSK93aHI,أَغرب طرق العِلاَج القديمة 😂 (الجزء الثاني),"Jun 24, 2024",855,0
2019-10-11,EHYYSK93aHI,أَغرب طرق العِلاَج القديمة 😂 (الجزء الثاني),"Jun 24, 2024",855,0
2019-10-12,EHYYSK93aHI,أَغرب طرق العِلاَج القديمة 😂 (الجزء الثاني),"Jun 24, 2024",855,0
2019-10-13,EHYYSK93aHI,أَغرب طرق العِلاَج القديمة 😂 (الجزء الثاني),"Jun 24, 2024",855,0
2019-10-14,EHYYSK93aHI,أَغرب طرق العِلاَج القديمة 😂 (الجزء الثاني),"Jun 24, 2024",855,0
2019-10-15,EHYYSK93aHI,أَغرب طرق العِلاَج القديمة 😂 (الجزء الثاني),"Jun 24, 2024",855,0
2019-10-16,EHYYSK93aHI,أَغرب طرق العِلاَج القديمة 😂 (الجزء الثاني),"Jun 24, 2024",855,0
2019-10-17,EHYYSK93aHI,أَغرب طرق العِلاَج القديمة 😂 (الجزء الثاني),"Jun 24, 2024",855,0
2019-10-18,EHYYSK93aHI,أَغرب طرق العِلاَج القديمة 😂 (الجزء الثاني),"Jun 24, 2024",855,0
2019-10-19,EHYYSK93aHI,أَغرب طرق العِلاَج القديمة 😂 (الجزء الثاني),"Jun 24, 2024",855,0
2019-10-20,EHYYSK93aHI,أَغرب طرق العِلاَج القديمة 😂 (الجزء الثاني),"Jun 24, 2024",855,0
2019-10-21,EHYYSK93aHI,أَغرب طرق العِلاَج القديمة 😂 (الجزء الثاني),"Jun 24, 2024",855,0
2019-10-22,EHYYSK93aHI,أَغرب طرق العِلاَج القديمة 😂 (الجزء الثاني),"Jun 24, 2024",855,0
2019-10-23,EHYYSK93aHI,أَغرب طرق العِلاَج القديمة 😂 (الجزء الثاني),"Jun 24, 2024",855,0
2019-10-24,EHYYSK93aHI,أَغرب طرق العِلاَج القديمة 😂 (الجزء الثاني),"Jun 24, 2024",855,0
2019-10-25,EHYYSK93aHI,أَغرب طرق العِلاَج القديمة 😂 (الجزء الثاني),"Jun 24, 2024",855,0
2019-10-26,EHYYSK93aHI,أَغرب طرق العِلاَج القديمة 😂 (الجزء الثاني),"Jun 24, 2024",855,0
2019-10-27,EHYYSK93aHI,أَغرب طرق العِلاَج القديمة 😂 (الجزء الثاني),"Jun 24, 2024",855,0
2019-10-28,EHYYSK93aHI,أَغرب طرق العِلاَج القديمة 😂 (الجزء الثاني),"Jun 24, 2024",855,0
2019-10-29,EHYYSK93aHI,أَغرب طرق العِلاَج القديمة 😂 (الجزء الثاني),"Jun 24, 2024",855,0
2019-10-30,EHYYSK93aHI,أَغرب طرق العِلاَج القديمة 😂 (الجزء الثاني),"Jun 24, 2024",855,0
2019-10-31,EHYYSK93aHI,أَغرب طرق العِلاَج القديمة 😂 (الجزء الثاني),"Jun 24, 2024",855,0
2019-11-01,EHYYSK93aHI,أَغرب طرق العِلاَج القديمة 😂 (الجزء الثاني),"Jun 24, 2024",855,0
2019-11-02,EHYYSK93aHI,أَغرب طرق العِلاَج القديمة 😂 (الجزء الثاني),"Jun 24, 2024",855,0
2019-11-03,EHYYSK93aHI,أَغرب طرق العِلاَج القديمة 😂 (الجزء الثاني),"Jun 24, 2024",855,0
2019-11-04,EHYYSK93aHI,أَغرب طرق العِلاَج القديمة 😂 (الجزء الثاني),"Jun 24, 2024",855,0
2019-11-05,EHYYSK93aHI,أَغرب طرق العِلاَج القديمة 😂 (الجزء الثاني),"Jun 24, 2024",855,0
2019-11-06,EHYYSK93aHI,أَغرب طرق العِلاَج القديمة 😂 (الجزء الثاني),"Jun 24, 2024",855,0
2019-11-07,EHYYSK93aHI,أَغرب طرق العِلاَج القديمة 😂 (الجزء الثاني),"Jun 24, 2024",855,0
2019-11-08,EHYYSK93aHI,أَغرب طرق العِلاَج القديمة 😂 (الجزء الثاني),"Jun 24, 2024",855,0
2019-11-09,EHYYSK93aHI,أَغرب طرق العِلاَج القديمة 😂 (الجزء الثاني),"Jun 24, 2024",855,0
2019-11-10,EHYYSK93aHI,أَغرب طرق العِلاَج القديمة 😂 (الجزء الثاني),"Jun 24, 2024",855,0
2019-11-11,EHYYSK93aHI,أَغرب طرق العِلاَج القديمة 😂 (الجزء الثاني),"Jun 24, 2024",855,0
2019-11-12,EHYYSK93aHI,أَغرب طرق العِلاَج القديمة 😂 (الجزء الثاني),"Jun 24, 2024",855,0
2019-11-13,EHYYSK93aHI,أَغرب طرق العِلاَج القديمة 😂 (الجزء الثاني),"Jun 24, 2024",855,0
2019-11-14,EHYYSK93aHI,أَغرب طرق العِلاَج القديمة 😂 (الجزء الثاني),"Jun 24, 2024",855,0
2019-11-15,EHYYSK93aHI,أَغرب طرق العِلاَج القديمة 😂 (الجزء الثاني),"Jun 24, 2024",855,0
2019-11-16,EHYYSK93aHI,أَغرب طرق العِلاَج القديمة 😂 (الجزء الثاني),"Jun 24, 2024",855,0
2019-11-17,EHYYSK93aHI,أَغرب طرق العِلاَج القديمة 😂 (الجزء الثاني),"Jun 24, 2024",855,0
2019-11-18,EHYYSK93aHI,أَغرب طرق العِلاَج القديمة 😂 (الجزء الثاني),"Jun 24, 2024",855,0
2019-11-19,EHYYSK93aHI,أَغرب طرق العِلاَج القديمة 😂 (الجزء الثاني),"Jun 24, 2024",855,0
2019-11-20,EHYYSK93aHI,أَغرب طرق العِلاَج القديمة 😂 (الجزء الثاني),"Jun 24, 2024",855,0
2019-11-21,EHYYSK93aHI,أَغرب طرق العِلاَج القديمة 😂 (الجزء الثاني),"Jun 24, 2024",855,0
2019-11-22,EHYYSK93aHI,أَغرب طرق العِلاَج القديمة 😂 (الجزء الثاني),"Jun 24, 2024",855,0
2019-11-23,EHYYSK93aHI,أَغرب طرق العِلاَج القديمة 😂 (الجزء الثاني),"Jun 24, 2024",855,0
2019-11-24,EHYYSK93aHI,أَغرب طرق العِلاَج القديمة 😂 (الجزء الثاني),"Jun 24, 2024",855,0
2019-11-25,EHYYSK93aHI,أَغرب طرق العِلاَج القديمة 😂 (الجزء الثاني),"Jun 24, 2024",855,0
2019-11-26,EHYYSK93aHI,أَغرب طرق العِلاَج القديمة 😂 (الجزء الثاني),"Jun 24, 2024",855,0
2019-11-27,EHYYSK93aHI,أَغرب طرق العِلاَج القديمة 😂 (الجزء الثاني),"Jun 24, 2024",855,0
2019-11-28,EHYYSK93aHI,أَغرب طرق العِلاَج القديمة 😂 (الجزء الثاني),"Jun 24, 2024",855,0
2019-11-29,EHYYSK93aHI,أَغرب طرق العِلاَج القديمة 😂 (الجزء الثاني),"Jun 24, 2024",855,0
2019-11-30,EHYYSK93aHI,أَغرب طرق العِلاَج القديمة 😂 (الجزء الثاني),"Jun 24, 2024",855,0
2019-12-01,EHYYSK93aHI,أَغرب طرق العِلاَج القديمة 😂 (الجزء الثاني),"Jun 24, 2024",855,0
2019-12-02,EHYYSK93aHI,أَغرب طرق العِلاَج القديمة 😂 (الجزء الثاني),"Jun 24, 2024",855,0
2019-12-03,EHYYSK93aHI,أَغرب طرق العِلاَج القديمة 😂 (الجزء الثاني),"Jun 24, 2024",855,0
2019-12-04,EHYYSK93aHI,أَغرب طرق العِلاَج القديمة 😂 (الجزء الثاني),"Jun 24, 2024",855,0
2019-12-05,EHYYSK93aHI,أَغرب طرق العِلاَج القديمة 😂 (الجزء الثاني),"Jun 24, 2024",855,0
2019-12-06,EHYYSK93aHI,أَغرب طرق العِلاَج القديمة 😂 (الجزء الثاني),"Jun 24, 2024",855,0
2019-12-07,EHYYSK93aHI,أَغرب طرق العِلاَج القديمة 😂 (الجزء الثاني),"Jun 24, 2024",855,0
2019-12-08,EHYYSK93aHI,أَغرب طرق العِلاَج القديمة 😂 (الجزء الثاني),"Jun 24, 2024",855,0
2019-12-09,EHYYSK93aHI,أَغرب طرق العِلاَج القديمة 😂 (الجزء الثاني),"Jun 24, 2024",855,0
2019-12-10,EHYYSK93aHI,أَغرب طرق العِلاَج القديمة 😂 (الجزء الثاني),"Jun 24, 2024",855,0
2019-12-11,EHYYSK93aHI,أَغرب طرق العِلاَج القديمة 😂 (الجزء الثاني),"Jun 24, 2024",855,0
2019-12-12,EHYYSK93aHI,أَغرب طرق العِلاَج القديمة 😂 (الجزء الثاني),"Jun 24, 2024",855,0
2019-12-13,EHYYSK93aHI,أَغرب طرق العِلاَج القديمة 😂 (الجزء الثاني),"Jun 24, 2024",855,0
2019-12-14,EHYYSK93aHI,أَغرب طرق العِلاَج القديمة 😂 (الجزء الثاني),"Jun 24, 2024",855,0
2019-12-15,EHYYSK93aHI,أَغرب طرق العِلاَج القديمة 😂 (الجزء الثاني),"Jun 24, 2024",855,0
2019-12-16,EHYYSK93aHI,أَغرب طرق العِلاَج القديمة 😂 (الجزء الثاني),"Jun 24, 2024",855,0
2019-12-17,EHYYSK93aHI,أَغرب طرق العِلاَج القديمة 😂 (الجزء الثاني),"Jun 24, 2024",855,0
2019-12-18,EHYYSK93aHI,أَغرب طرق العِلاَج القديمة 😂 (الجزء الثاني),"Jun 24, 2024",855,0
2019-12-19,EHYYSK93aHI,أَغرب طرق العِلاَج القديمة 😂 (الجزء الثاني),"Jun 24, 2024",855,0
2019-12-20,EHYYSK93aHI,أَغرب طرق العِلاَج القديمة 😂 (الجزء الثاني),"Jun 24, 2024",855,0
2019-12-21,EHYYSK93aHI,أَغرب طرق العِلاَج القديمة 😂 (الجزء الثاني),"Jun 24, 2024",855,0
2019-12-22,EHYYSK93aHI,أَغرب طرق العِلاَج القديمة 😂 (الجزء الثاني),"Jun 24, 2024",855,0
2019-12-23,EHYYSK93aHI,أَغرب طرق العِلاَج القديمة 😂 (الجزء الثاني),"Jun 24, 2024",855,0
2019-12-24,EHYYSK93aHI,أَغرب طرق العِلاَج القديمة 😂 (الجزء الثاني),"Jun 24, 2024",855,0
2019-12-25,EHYYSK93aHI,أَغرب طرق العِلاَج القديمة 😂 (الجزء الثاني),"Jun 24, 2024",855,0
2019-12-26,EHYYSK93aHI,أَغرب طرق العِلاَج القديمة 😂 (الجزء الثاني),"Jun 24, 2024",855,0
2019-12-27,EHYYSK93aHI,أَغرب طرق العِلاَج القديمة 😂 (الجزء الثاني),"Jun 24, 2024",855,0
2019-12-28,EHYYSK93aHI,أَغرب طرق العِلاَج القديمة 😂 (الجزء الثاني),"Jun 24, 2024",855,0
2019-12-29,EHYYSK93aHI,أَغرب طرق العِلاَج القديمة 😂 (الجزء الثاني),"Jun 24, 2024",855,0
2019-12-30,EHYYSK93aHI,أَغرب طرق العِلاَج القديمة 😂 (الجزء الثاني),"Jun 24, 2024",855,0
2019-12-31,EHYYSK93aHI,أَغرب طرق العِلاَج القديمة 😂 (الجزء الثاني),"Jun 24, 2024",855,0
2020-01-01,EHYYSK93aHI,أَغرب طرق العِلاَج القديمة 😂 (الجزء الثاني),"Jun 24, 2024",855,0
2020-01-02,EHYYSK93aHI,أَغرب طرق العِلاَج القديمة 😂 (الجزء الثاني),"Jun 24, 2024",855,0
2020-01-03,EHYYSK93aHI,أَغرب طرق العِلاَج القديمة 😂 (الجزء الثاني),"Jun 24, 2024",855,0
2020-01-04,EHYYSK93aHI,أَغرب طرق العِلاَج القديمة 😂 (الجزء الثاني),"Jun 24, 2024",855,0
2020-01-05,EHYYSK93aHI,أَغرب طرق العِلاَج القديمة 😂 (الجزء الثاني),"Jun 24, 2024",855,0
2020-01-06,EHYYSK93aHI,أَغرب طرق العِلاَج القديمة 😂 (الجزء الثاني),"Jun 24, 2024",855,0
2020-01-07,EHYYSK93aHI,أَغرب طرق العِلاَج القديمة 😂 (الجزء الثاني),"Jun 24, 2024",855,0
2020-01-08,EHYYSK93aHI,أَغرب طرق العِلاَج القديمة 😂 (الجزء الثاني),"Jun 24, 2024",855,0
2020-01-09,EHYYSK93aHI,أَغرب طرق العِلاَج القديمة 😂 (الجزء الثاني),"Jun 24, 2024",855,0
2020-01-10,EHYYSK93aHI,أَغرب طرق العِلاَج القديمة 😂 (الجزء الثاني),"Jun 24, 2024",855,0
2020-01-11,EHYYSK93aHI,أَغرب طرق العِلاَج القديمة 😂 (الجزء الثاني),"Jun 24, 2024",855,0
2020-01-12,EHYYSK93aHI,أَغرب طرق العِلاَج القديمة 😂 (الجزء الثاني),"Jun 24, 2024",855,0
2020-01-13,EHYYSK93aHI,أَغرب طرق العِلاَج القديمة 😂 (الجزء الثاني),"Jun 24, 2024",855,0
2020-01-14,EHYYSK93aHI,أَغرب طرق العِلاَج القديمة 😂 (الجزء الثاني),"Jun 24, 2024",855,0
2020-01-15,EHYYSK93aHI,أَغرب طرق العِلاَج القديمة 😂 (الجزء الثاني),"Jun 24, 2024",855,0
2020-01-16,EHYYSK93aHI,أَغرب طرق العِلاَج القديمة 😂 (الجزء الثاني),"Jun 24, 2024",855,0
2020-01-17,EHYYSK93aHI,أَغرب طرق العِلاَج القديمة 😂 (الجزء الثاني),"Jun 24, 2024",855,0
2020-01-18,EHYYSK93aHI,أَغرب طرق العِلاَج القديمة 😂 (الجزء الثاني),"Jun 24, 2024",855,0
2020-01-19,EHYYSK93aHI,أَغرب طرق العِلاَج القديمة 😂 (الجزء الثاني),"Jun 24, 2024",855,0
2020-01-20,EHYYSK93aHI,أَغرب طرق العِلاَج القديمة 😂 (الجزء الثاني),"Jun 24, 2024",855,0
2020-01-21,EHYYSK93aHI,أَغرب طرق العِلاَج القديمة 😂 (الجزء الثاني),"Jun 24, 2024",855,0
2020-01-22,EHYYSK93aHI,أَغرب طرق العِلاَج القديمة 😂 (الجزء الثاني),"Jun 24, 2024",855,0
2020-01-23,EHYYSK93aHI,أَغرب طرق العِلاَج القديمة 😂 (الجزء الثاني),"Jun 24, 2024",855,0
2020-01-24,EHYYSK93aHI,أَغرب طرق العِلاَج القديمة 😂 (الجزء الثاني),"Jun 24, 2024",855,0
2020-01-25,EHYYSK93aHI,أَغرب طرق العِلاَج القديمة 😂 (الجزء الثاني),"Jun 24, 2024",855,0
2020-01-26,EHYYSK93aHI,أَغرب طرق العِلاَج القديمة 😂 (الجزء الثاني),"Jun 24, 2024",855,0
2020-01-27,EHYYSK93aHI,أَغرب طرق العِلاَج القديمة 😂 (الجزء الثاني),"Jun 24, 2024",855,0
2020-01-28,EHYYSK93aHI,أَغرب طرق العِلاَج القديمة 😂 (الجزء الثاني),"Jun 24, 2024",855,0
2020-01-29,EHYYSK93aHI,أَغرب طرق العِلاَج القديمة 😂 (الجزء الثاني),"Jun 24, 2024",855,0
2020-01-30,EHYYSK93aHI,أَغرب طرق العِلاَج القديمة 😂 (الجزء الثاني),"Jun 24, 2024",855,0
2020-01-31,EHYYSK93aHI,أَغرب طرق العِلاَج القديمة 😂 (الجزء الثاني),"Jun 24, 2024",855,0
2020-02-01,EHYYSK93aHI,أَغرب طرق العِلاَج القديمة 😂 (الجزء الثاني),"Jun 24, 2024",855,0
2020-02-02,EHYYSK93aHI,أَغرب طرق العِلاَج القديمة 😂 (الجزء الثاني),"Jun 24, 2024",855,0
2020-02-03,EHYYSK93aHI,أَغرب طرق العِلاَج القديمة 😂 (الجزء الثاني),"Jun 24, 2024",855,0
2020-02-04,EHYYSK93aHI,أَغرب طرق العِلاَج القديمة 😂 (الجزء الثاني),"Jun 24, 2024",855,0
2020-02-05,EHYYSK93aHI,أَغرب طرق العِلاَج القديمة 😂 (الجزء الثاني),"Jun 24, 2024",855,0
2020-02-06,EHYYSK93aHI,أَغرب طرق العِلاَج القديمة 😂 (الجزء الثاني),"Jun 24, 2024",855,0
2020-02-07,EHYYSK93aHI,أَغرب طرق العِلاَج القديمة 😂 (الجزء الثاني),"Jun 24, 2024",855,0
2020-02-08,EHYYSK93aHI,أَغرب طرق العِلاَج القديمة 😂 (الجزء الثاني),"Jun 24, 2024",855,0
2020-02-09,EHYYSK93aHI,أَغرب طرق العِلاَج القديمة 😂 (الجزء الثاني),"Jun 24, 2024",855,0
2020-02-10,EHYYSK93aHI,أَغرب طرق العِلاَج القديمة 😂 (الجزء الثاني),"Jun 24, 2024",855,0
2020-02-11,EHYYSK93aHI,أَغرب طرق العِلاَج القديمة 😂 (الجزء الثاني),"Jun 24, 2024",855,0
2020-02-12,EHYYSK93aHI,أَغرب طرق العِلاَج القديمة 😂 (الجزء الثاني),"Jun 24, 2024",855,0
2020-02-13,EHYYSK93aHI,أَغرب طرق العِلاَج القديمة 😂 (الجزء الثاني),"Jun 24, 2024",855,0
2020-02-14,EHYYSK93aHI,أَغرب طرق العِلاَج القديمة 😂 (الجزء الثاني),"Jun 24, 2024",855,0
2020-02-15,EHYYSK93aHI,أَغرب طرق العِلاَج القديمة 😂 (الجزء الثاني),"Jun 24, 2024",855,0
2020-02-16,EHYYSK93aHI,أَغرب طرق العِلاَج القديمة 😂 (الجزء الثاني),"Jun 24, 2024",855,0
2020-02-17,EHYYSK93aHI,أَغرب طرق العِلاَج القديمة 😂 (الجزء الثاني),"Jun 24, 2024",855,0
2020-02-18,EHYYSK93aHI,أَغرب طرق العِلاَج القديمة 😂 (الجزء الثاني),"Jun 24, 2024",855,0
2020-02-19,EHYYSK93aHI,أَغرب طرق العِلاَج القديمة 😂 (الجزء الثاني),"Jun 24, 2024",855,0
2020-02-20,EHYYSK93aHI,أَغرب طرق العِلاَج القديمة 😂 (الجزء الثاني),"Jun 24, 2024",855,0
2020-02-21,EHYYSK93aHI,أَغرب طرق العِلاَج القديمة 😂 (الجزء الثاني),"Jun 24, 2024",855,0
2020-02-22,EHYYSK93aHI,أَغرب طرق العِلاَج القديمة 😂 (الجزء الثاني),"Jun 24, 2024",855,0
2020-02-23,EHYYSK93aHI,أَغرب طرق العِلاَج القديمة 😂 (الجزء الثاني),"Jun 24, 2024",855,0
2020-02-24,EHYYSK93aHI,أَغرب طرق العِلاَج القديمة 😂 (الجزء الثاني),"Jun 24, 2024",855,0
2020-02-25,EHYYSK93aHI,أَغرب طرق العِلاَج القديمة 😂 (الجزء الثاني),"Jun 24, 2024",855,0
2020-02-26,EHYYSK93aHI,أَغرب طرق العِلاَج القديمة 😂 (الجزء الثاني),"Jun 24, 2024",855,0
2020-02-27,EHYYSK93aHI,أَغرب طرق العِلاَج القديمة 😂 (الجزء الثاني),"Jun 24, 2024",855,0
2020-02-28,EHYYSK93aHI,أَغرب طرق العِلاَج القديمة 😂 (الجزء الثاني),"Jun 24, 2024",855,0
2020-02-29,EHYYSK93aHI,أَغرب طرق العِلاَج القديمة 😂 (الجزء الثاني),"Jun 24, 2024",855,0
2020-03-01,EHYYSK93aHI,أَغرب طرق العِلاَج القديمة 😂 (الجزء الثاني),"Jun 24, 2024",855,0
2020-03-02,EHYYSK93aHI,أَغرب طرق العِلاَج القديمة 😂 (الجزء الثاني),"Jun 24, 2024",855,0
2020-03-03,EHYYSK93aHI,أَغرب طرق العِلاَج القديمة 😂 (الجزء الثاني),"Jun 24, 2024",855,0
2020-03-04,EHYYSK93aHI,أَغرب طرق العِلاَج القديمة 😂 (الجزء الثاني),"Jun 24, 2024",855,0
2020-03-05,EHYYSK93aHI,أَغرب طرق العِلاَج القديمة 😂 (الجزء الثاني),"Jun 24, 2024",855,0
2020-03-06,EHYYSK93aHI,أَغرب طرق العِلاَج القديمة 😂 (الجزء الثاني),"Jun 24, 2024",855,0
2020-03-07,EHYYSK93aHI,أَغرب طرق العِلاَج القديمة 😂 (الجزء الثاني),"Jun 24, 2024",855,0
2020-03-08,EHYYSK93aHI,أَغرب طرق العِلاَج القديمة 😂 (الجزء الثاني),"Jun 24, 2024",855,0
2020-03-09,EHYYSK93aHI,أَغرب طرق العِلاَج القديمة 😂 (الجزء الثاني),"Jun 24, 2024",855,0
2020-03-10,EHYYSK93aHI,أَغرب طرق العِلاَج القديمة 😂 (الجزء الثاني),"Jun 24, 2024",855,0
2020-03-11,EHYYSK93aHI,أَغرب طرق العِلاَج القديمة 😂 (الجزء الثاني),"Jun 24, 2024",855,0
2020-03-12,EHYYSK93aHI,أَغرب طرق العِلاَج القديمة 😂 (الجزء الثاني),"Jun 24, 2024",855,0
2020-03-13,EHYYSK93aHI,أَغرب طرق العِلاَج القديمة 😂 (الجزء الثاني),"Jun 24, 2024",855,0
2020-03-14,EHYYSK93aHI,أَغرب طرق العِلاَج القديمة 😂 (الجزء الثاني),"Jun 24, 2024",855,0
2020-03-15,EHYYSK93aHI,أَغرب طرق العِلاَج القديمة 😂 (الجزء الثاني),"Jun 24, 2024",855,0
2020-03-16,EHYYSK93aHI,أَغرب طرق العِلاَج القديمة 😂 (الجزء الثاني),"Jun 24, 2024",855,0
2020-03-17,EHYYSK93aHI,أَغرب طرق العِلاَج القديمة 😂 (الجزء الثاني),"Jun 24, 2024",855,0
2020-03-18,EHYYSK93aHI,أَغرب طرق العِلاَج القديمة 😂 (الجزء الثاني),"Jun 24, 2024",855,0
2020-03-19,EHYYSK93aHI,أَغرب طرق العِلاَج القديمة 😂 (الجزء الثاني),"Jun 24, 2024",855,0
2020-03-20,EHYYSK93aHI,أَغرب طرق العِلاَج القديمة 😂 (الجزء الثاني),"Jun 24, 2024",855,0
2020-03-21,EHYYSK93aHI,أَغرب طرق العِلاَج القديمة 😂 (الجزء الثاني),"Jun 24, 2024",855,0
2020-03-22,EHYYSK93aHI,أَغرب طرق العِلاَج القديمة 😂 (الجزء الثاني),"Jun 24, 2024",855,0
2020-03-23,EHYYSK93aHI,أَغرب طرق العِلاَج القديمة 😂 (الجزء الثاني),"Jun 24, 2024",855,0
2020-03-24,EHYYSK93aHI,أَغرب طرق العِلاَج القديمة 😂 (الجزء الثاني),"Jun 24, 2024",855,0
2020-03-25,EHYYSK93aHI,أَغرب طرق العِلاَج القديمة 😂 (الجزء الثاني),"Jun 24, 2024",855,0
2020-03-26,EHYYSK93aHI,أَغرب طرق العِلاَج القديمة 😂 (الجزء الثاني),"Jun 24, 2024",855,0
2020-03-27,EHYYSK93aHI,أَغرب طرق العِلاَج القديمة 😂 (الجزء الثاني),"Jun 24, 2024",855,0
2020-03-28,EHYYSK93aHI,أَغرب طرق العِلاَج القديمة 😂 (الجزء الثاني),"Jun 24, 2024",855,0
2020-03-29,EHYYSK93aHI,أَغرب طرق العِلاَج القديمة 😂 (الجزء الثاني),"Jun 24, 2024",855,0
2020-03-30,EHYYSK93aHI,أَغرب طرق العِلاَج القديمة 😂 (الجزء الثاني),"Jun 24, 2024",855,0
2020-03-31,EHYYSK93aHI,أَغرب طرق العِلاَج القديمة 😂 (الجزء الثاني),"Jun 24, 2024",855,0
2020-04-01,EHYYSK93aHI,أَغرب طرق العِلاَج القديمة 😂 (الجزء الثاني),"Jun 24, 2024",855,0
2020-04-02,EHYYSK93aHI,أَغرب طرق العِلاَج القديمة 😂 (الجزء الثاني),"Jun 24, 2024",855,0
2020-04-03,EHYYSK93aHI,أَغرب طرق العِلاَج القديمة 😂 (الجزء الثاني),"Jun 24, 2024",855,0
2020-04-04,EHYYSK93aHI,أَغرب طرق العِلاَج القديمة 😂 (الجزء الثاني),"Jun 24, 2024",855,0
2020-04-05,EHYYSK93aHI,أَغرب طرق العِلاَج القديمة 😂 (الجزء الثاني),"Jun 24, 2024",855,0
2020-04-06,EHYYSK93aHI,أَغرب طرق العِلاَج القديمة 😂 (الجزء الثاني),"Jun 24, 2024",855,0
2020-04-07,EHYYSK93aHI,أَغرب طرق العِلاَج القديمة 😂 (الجزء الثاني),"Jun 24, 2024",855,0
2020-04-08,EHYYSK93aHI,أَغرب طرق العِلاَج القديمة 😂 (الجزء الثاني),"Jun 24, 2024",855,0
2020-04-09,EHYYSK93aHI,أَغرب طرق العِلاَج القديمة 😂 (الجزء الثاني),"Jun 24, 2024",855,0
2020-04-10,EHYYSK93aHI,أَغرب طرق العِلاَج القديمة 😂 (الجزء الثاني),"Jun 24, 2024",855,0
2020-04-11,EHYYSK93aHI,أَغرب طرق العِلاَج القديمة 😂 (الجزء الثاني),"Jun 24, 2024",855,0
2020-04-12,EHYYSK93aHI,أَغرب طرق العِلاَج القديمة 😂 (الجزء الثاني),"Jun 24, 2024",855,0
2020-04-13,EHYYSK93aHI,أَغرب طرق العِلاَج القديمة 😂 (الجزء الثاني),"Jun 24, 2024",855,0
2020-04-14,EHYYSK93aHI,أَغرب طرق العِلاَج القديمة 😂 (الجزء الثاني),"Jun 24, 2024",855,0
2020-04-15,EHYYSK93aHI,أَغرب طرق العِلاَج القديمة 😂 (الجزء الثاني),"Jun 24, 2024",855,0
2020-04-16,EHYYSK93aHI,أَغرب طرق العِلاَج القديمة 😂 (الجزء الثاني),"Jun 24, 2024",855,0
2020-04-17,EHYYSK93aHI,أَغرب طرق العِلاَج القديمة 😂 (الجزء الثاني),"Jun 24, 2024",855,0
2020-04-18,EHYYSK93aHI,أَغرب طرق العِلاَج القديمة 😂 (الجزء الثاني),"Jun 24, 2024",855,0
2020-04-19,EHYYSK93aHI,أَغرب طرق العِلاَج القديمة 😂 (الجزء الثاني),"Jun 24, 2024",855,0
2020-04-20,EHYYSK93aHI,أَغرب طرق العِلاَج القديمة 😂 (الجزء الثاني),"Jun 24, 2024",855,0
2020-04-21,EHYYSK93aHI,أَغرب طرق العِلاَج القديمة 😂 (الجزء الثاني),"Jun 24, 2024",855,0
2020-04-22,EHYYSK93aHI,أَغرب طرق العِلاَج القديمة 😂 (الجزء الثاني),"Jun 24, 2024",855,0
2020-04-23,EHYYSK93aHI,أَغرب طرق العِلاَج القديمة 😂 (الجزء الثاني),"Jun 24, 2024",855,0
2020-04-24,EHYYSK93aHI,أَغرب طرق العِلاَج القديمة 😂 (الجزء الثاني),"Jun 24, 2024",855,0
2020-04-25,EHYYSK93aHI,أَغرب طرق العِلاَج القديمة 😂 (الجزء الثاني),"Jun 24, 2024",855,0
2020-04-26,EHYYSK93aHI,أَغرب طرق العِلاَج القديمة 😂 (الجزء الثاني),"Jun 24, 2024",855,0
2020-04-27,EHYYSK93aHI,أَغرب طرق العِلاَج القديمة 😂 (الجزء الثاني),"Jun 24, 2024",855,0
2020-04-28,EHYYSK93aHI,أَغرب طرق العِلاَج القديمة 😂 (الجزء الثاني),"Jun 24, 2024",855,0
2020-04-29,EHYYSK93aHI,أَغرب طرق العِلاَج القديمة 😂 (الجزء الثاني),"Jun 24, 2024",855,0
2020-04-30,EHYYSK93aHI,أَغرب طرق العِلاَج القديمة 😂 (الجزء الثاني),"Jun 24, 2024",855,0
2020-05-01,EHYYSK93aHI,أَغرب طرق العِلاَج القديمة 😂 (الجزء الثاني),"Jun 24, 2024",855,0
2020-05-02,EHYYSK93aHI,أَغرب طرق العِلاَج القديمة 😂 (الجزء الثاني),"Jun 24, 2024",855,0
2020-05-03,EHYYSK93aHI,أَغرب طرق العِلاَج القديمة 😂 (الجزء الثاني),"Jun 24, 2024",855,0
2020-05-04,EHYYSK93aHI,أَغرب طرق العِلاَج القديمة 😂 (الجزء الثاني),"Jun 24, 2024",855,0
2020-05-05,EHYYSK93aHI,أَغرب طرق العِلاَج القديمة 😂 (الجزء الثاني),"Jun 24, 2024",855,0
2020-05-06,EHYYSK93aHI,أَغرب طرق العِلاَج القديمة 😂 (الجزء الثاني),"Jun 24, 2024",855,0
2020-05-07,EHYYSK93aHI,أَغرب طرق العِلاَج القديمة 😂 (الجزء الثاني),"Jun 24, 2024",855,0
2020-05-08,EHYYSK93aHI,أَغرب طرق العِلاَج القديمة 😂 (الجزء الثاني),"Jun 24, 2024",855,0
2020-05-09,EHYYSK93aHI,أَغرب طرق العِلاَج القديمة 😂 (الجزء الثاني),"Jun 24, 2024",855,0
2020-05-10,EHYYSK93aHI,أَغرب طرق العِلاَج القديمة 😂 (الجزء الثاني),"Jun 24, 2024",855,0
2020-05-11,EHYYSK93aHI,أَغرب طرق العِلاَج القديمة 😂 (الجزء الثاني),"Jun 24, 2024",855,0
2020-05-12,EHYYSK93aHI,أَغرب طرق العِلاَج القديمة 😂 (الجزء الثاني),"Jun 24, 2024",855,0
2020-05-13,EHYYSK93aHI,أَغرب طرق العِلاَج القديمة 😂 (الجزء الثاني),"Jun 24, 2024",855,0
2020-05-14,EHYYSK93aHI,أَغرب طرق العِلاَج القديمة 😂 (الجزء الثاني),"Jun 24, 2024",855,0
2020-05-15,EHYYSK93aHI,أَغرب طرق العِلاَج القديمة 😂 (الجزء الثاني),"Jun 24, 2024",855,0
2020-05-16,EHYYSK93aHI,أَغرب طرق العِلاَج القديمة 😂 (الجزء الثاني),"Jun 24, 2024",855,0
2020-05-17,EHYYSK93aHI,أَغرب طرق العِلاَج القديمة 😂 (الجزء الثاني),"Jun 24, 2024",855,0
2020-05-18,EHYYSK93aHI,أَغرب طرق العِلاَج القديمة 😂 (الجزء الثاني),"Jun 24, 2024",855,0
2020-05-19,EHYYSK93aHI,أَغرب طرق العِلاَج القديمة 😂 (الجزء الثاني),"Jun 24, 2024",855,0
2020-05-20,EHYYSK93aHI,أَغرب طرق العِلاَج القديمة 😂 (الجزء الثاني),"Jun 24, 2024",855,0
2020-05-21,EHYYSK93aHI,أَغرب طرق العِلاَج القديمة 😂 (الجزء الثاني),"Jun 24, 2024",855,0
2020-05-22,EHYYSK93aHI,أَغرب طرق العِلاَج القديمة 😂 (الجزء الثاني),"Jun 24, 2024",855,0
2020-05-23,EHYYSK93aHI,أَغرب طرق العِلاَج القديمة 😂 (الجزء الثاني),"Jun 24, 2024",855,0
2020-05-24,EHYYSK93aHI,أَغرب طرق العِلاَج القديمة 😂 (الجزء الثاني),"Jun 24, 2024",855,0
2020-05-25,EHYYSK93aHI,أَغرب طرق العِلاَج القديمة 😂 (الجزء الثاني),"Jun 24, 2024",855,0
2020-05-26,EHYYSK93aHI,أَغرب طرق العِلاَج القديمة 😂 (الجزء الثاني),"Jun 24, 2024",855,0
2020-05-27,EHYYSK93aHI,أَغرب طرق العِلاَج القديمة 😂 (الجزء الثاني),"Jun 24, 2024",855,0
2020-05-28,EHYYSK93aHI,أَغرب طرق العِلاَج القديمة 😂 (الجزء الثاني),"Jun 24, 2024",855,0
2020-05-29,EHYYSK93aHI,أَغرب طرق العِلاَج القديمة 😂 (الجزء الثاني),"Jun 24, 2024",855,0
2020-05-30,EHYYSK93aHI,أَغرب طرق العِلاَج القديمة 😂 (الجزء الثاني),"Jun 24, 2024",855,0
2020-05-31,EHYYSK93aHI,أَغرب طرق العِلاَج القديمة 😂 (الجزء الثاني),"Jun 24, 2024",855,0
2020-06-01,EHYYSK93aHI,أَغرب طرق العِلاَج القديمة 😂 (الجزء الثاني),"Jun 24, 2024",855,0
2020-06-02,EHYYSK93aHI,أَغرب طرق العِلاَج القديمة 😂 (الجزء الثاني),"Jun 24, 2024",855,0
2020-06-03,EHYYSK93aHI,أَغرب طرق العِلاَج القديمة 😂 (الجزء الثاني),"Jun 24, 2024",855,0
2020-06-04,EHYYSK93aHI,أَغرب طرق العِلاَج القديمة 😂 (الجزء الثاني),"Jun 24, 2024",855,0
2020-06-05,EHYYSK93aHI,أَغرب طرق العِلاَج القديمة 😂 (الجزء الثاني),"Jun 24, 2024",855,0
2020-06-06,EHYYSK93aHI,أَغرب طرق العِلاَج القديمة 😂 (الجزء الثاني),"Jun 24, 2024",855,0
2020-06-07,EHYYSK93aHI,أَغرب طرق العِلاَج القديمة 😂 (الجزء الثاني),"Jun 24, 2024",855,0
2020-06-08,EHYYSK93aHI,أَغرب طرق العِلاَج القديمة 😂 (الجزء الثاني),"Jun 24, 2024",855,0
2020-06-09,EHYYSK93aHI,أَغرب طرق العِلاَج القديمة 😂 (الجزء الثاني),"Jun 24, 2024",855,0
2020-06-10,EHYYSK93aHI,أَغرب طرق العِلاَج القديمة 😂 (الجزء الثاني),"Jun 24, 2024",855,0
2020-06-11,EHYYSK93aHI,أَغرب طرق العِلاَج القديمة 😂 (الجزء الثاني),"Jun 24, 2024",855,0
2020-06-12,EHYYSK93aHI,أَغرب طرق العِلاَج القديمة 😂 (الجزء الثاني),"Jun 24, 2024",855,0
2020-06-13,EHYYSK93aHI,أَغرب طرق العِلاَج القديمة 😂 (الجزء الثاني),"Jun 24, 2024",855,0
2020-06-14,EHYYSK93aHI,أَغرب طرق العِلاَج القديمة 😂 (الجزء الثاني),"Jun 24, 2024",855,0
2020-06-15,EHYYSK93aHI,أَغرب طرق العِلاَج القديمة 😂 (الجزء الثاني),"Jun 24, 2024",855,0
2020-06-16,EHYYSK93aHI,أَغرب طرق العِلاَج القديمة 😂 (الجزء الثاني),"Jun 24, 2024",855,0
2020-06-17,EHYYSK93aHI,أَغرب طرق العِلاَج القديمة 😂 (الجزء الثاني),"Jun 24, 2024",855,0
2020-06-18,EHYYSK93aHI,أَغرب طرق العِلاَج القديمة 😂 (الجزء الثاني),"Jun 24, 2024",855,0
2020-06-19,EHYYSK93aHI,أَغرب طرق العِلاَج القديمة 😂 (الجزء الثاني),"Jun 24, 2024",855,0
2020-06-20,EHYYSK93aHI,أَغرب طرق العِلاَج القديمة 😂 (الجزء الثاني),"Jun 24, 2024",855,0
2020-06-21,EHYYSK93aHI,أَغرب طرق العِلاَج القديمة 😂 (الجزء الثاني),"Jun 24, 2024",855,0
2020-06-22,EHYYSK93aHI,أَغرب طرق العِلاَج القديمة 😂 (الجزء الثاني),"Jun 24, 2024",855,0
2020-06-23,EHYYSK93aHI,أَغرب طرق العِلاَج القديمة 😂 (الجزء الثاني),"Jun 24, 2024",855,0
2020-06-24,EHYYSK93aHI,أَغرب طرق العِلاَج القديمة 😂 (الجزء الثاني),"Jun 24, 2024",855,0
2020-06-25,EHYYSK93aHI,أَغرب طرق العِلاَج القديمة 😂 (الجزء الثاني),"Jun 24, 2024",855,0
2020-06-26,EHYYSK93aHI,أَغرب طرق العِلاَج القديمة 😂 (الجزء الثاني),"Jun 24, 2024",855,0
2020-06-27,EHYYSK93aHI,أَغرب طرق العِلاَج القديمة 😂 (الجزء الثاني),"Jun 24, 2024",855,0
2020-06-28,EHYYSK93aHI,أَغرب طرق العِلاَج القديمة 😂 (الجزء الثاني),"Jun 24, 2024",855,0
2020-06-29,EHYYSK93aHI,أَغرب طرق العِلاَج القديمة 😂 (الجزء الثاني),"Jun 24, 2024",855,0
2020-06-30,EHYYSK93aHI,أَغرب طرق العِلاَج القديمة 😂 (الجزء الثاني),"Jun 24, 2024",855,0
2020-07-01,EHYYSK93aHI,أَغرب طرق العِلاَج القديمة 😂 (الجزء الثاني),"Jun 24, 2024",855,0
2020-07-02,EHYYSK93aHI,أَغرب طرق العِلاَج القديمة 😂 (الجزء الثاني),"Jun 24, 2024",855,0
2020-07-03,EHYYSK93aHI,أَغرب طرق العِلاَج القديمة 😂 (الجزء الثاني),"Jun 24, 2024",855,0
2020-07-04,EHYYSK93aHI,أَغرب طرق العِلاَج القديمة 😂 (الجزء الثاني),"Jun 24, 2024",855,0
2020-07-05,EHYYSK93aHI,أَغرب طرق العِلاَج القديمة 😂 (الجزء الثاني),"Jun 24, 2024",855,0
2020-07-06,EHYYSK93aHI,أَغرب طرق العِلاَج القديمة 😂 (الجزء الثاني),"Jun 24, 2024",855,0
2020-07-07,EHYYSK93aHI,أَغرب طرق العِلاَج القديمة 😂 (الجزء الثاني),"Jun 24, 2024",855,0
2020-07-08,EHYYSK93aHI,أَغرب طرق العِلاَج القديمة 😂 (الجزء الثاني),"Jun 24, 2024",855,0
2020-07-09,EHYYSK93aHI,أَغرب طرق العِلاَج القديمة 😂 (الجزء الثاني),"Jun 24, 2024",855,0
2020-07-10,EHYYSK93aHI,أَغرب طرق العِلاَج القديمة 😂 (الجزء الثاني),"Jun 24, 2024",855,0
2020-07-11,EHYYSK93aHI,أَغرب طرق العِلاَج القديمة 😂 (الجزء الثاني),"Jun 24, 2024",855,0
2020-07-12,EHYYSK93aHI,أَغرب طرق العِلاَج القديمة 😂 (الجزء الثاني),"Jun 24, 2024",855,0
2020-07-13,EHYYSK93aHI,أَغرب طرق العِلاَج القديمة 😂 (الجزء الثاني),"Jun 24, 2024",855,0
2020-07-14,EHYYSK93aHI,أَغرب طرق العِلاَج القديمة 😂 (الجزء الثاني),"Jun 24, 2024",855,0
2020-07-15,EHYYSK93aHI,أَغرب طرق العِلاَج القديمة 😂 (الجزء الثاني),"Jun 24, 2024",855,0
2020-07-16,EHYYSK93aHI,أَغرب طرق العِلاَج القديمة 😂 (الجزء الثاني),"Jun 24, 2024",855,0
2020-07-17,EHYYSK93aHI,أَغرب طرق العِلاَج القديمة 😂 (الجزء الثاني),"Jun 24, 2024",855,0
2020-07-18,EHYYSK93aHI,أَغرب طرق العِلاَج القديمة 😂 (الجزء الثاني),"Jun 24, 2024",855,0
2020-07-19,EHYYSK93aHI,أَغرب طرق العِلاَج القديمة 😂 (الجزء الثاني),"Jun 24, 2024",855,0
2020-07-20,EHYYSK93aHI,أَغرب طرق العِلاَج القديمة 😂 (الجزء الثاني),"Jun 24, 2024",855,0
2020-07-21,EHYYSK93aHI,أَغرب طرق العِلاَج القديمة 😂 (الجزء الثاني),"Jun 24, 2024",855,0
2020-07-22,EHYYSK93aHI,أَغرب طرق العِلاَج القديمة 😂 (الجزء الثاني),"Jun 24, 2024",855,0
2020-07-23,EHYYSK93aHI,أَغرب طرق العِلاَج القديمة 😂 (الجزء الثاني),"Jun 24, 2024",855,0
2020-07-24,EHYYSK93aHI,أَغرب طرق العِلاَج القديمة 😂 (الجزء الثاني),"Jun 24, 2024",855,0
2020-07-25,EHYYSK93aHI,أَغرب طرق العِلاَج القديمة 😂 (الجزء الثاني),"Jun 24, 2024",855,0
2020-07-26,EHYYSK93aHI,أَغرب طرق العِلاَج القديمة 😂 (الجزء الثاني),"Jun 24, 2024",855,0
2020-07-27,EHYYSK93aHI,أَغرب طرق العِلاَج القديمة 😂 (الجزء الثاني),"Jun 24, 2024",855,0
2020-07-28,EHYYSK93aHI,أَغرب طرق العِلاَج القديمة 😂 (الجزء الثاني),"Jun 24, 2024",855,0
2020-07-29,EHYYSK93aHI,أَغرب طرق العِلاَج القديمة 😂 (الجزء الثاني),"Jun 24, 2024",855,0
2020-07-30,EHYYSK93aHI,أَغرب طرق العِلاَج القديمة 😂 (الجزء الثاني),"Jun 24, 2024",855,0
2020-07-31,EHYYSK93aHI,أَغرب طرق العِلاَج القديمة 😂 (الجزء الثاني),"Jun 24, 2024",855,0
2020-08-01,EHYYSK93aHI,أَغرب طرق العِلاَج القديمة 😂 (الجزء الثاني),"Jun 24, 2024",855,0
2020-08-02,EHYYSK93aHI,أَغرب طرق العِلاَج القديمة 😂 (الجزء الثاني),"Jun 24, 2024",855,0
2020-08-03,EHYYSK93aHI,أَغرب طرق العِلاَج القديمة 😂 (الجزء الثاني),"Jun 24, 2024",855,0
2020-08-04,EHYYSK93aHI,أَغرب طرق العِلاَج القديمة 😂 (الجزء الثاني),"Jun 24, 2024",855,0
2020-08-05,EHYYSK93aHI,أَغرب طرق العِلاَج القديمة 😂 (الجزء الثاني),"Jun 24, 2024",855,0
2020-08-06,EHYYSK93aHI,أَغرب طرق العِلاَج القديمة 😂 (الجزء الثاني),"Jun 24, 2024",855,0
2020-08-07,EHYYSK93aHI,أَغرب طرق العِلاَج القديمة 😂 (الجزء الثاني),"Jun 24, 2024",855,0
2020-08-08,EHYYSK93aHI,أَغرب طرق العِلاَج القديمة 😂 (الجزء الثاني),"Jun 24, 2024",855,0
2020-08-09,EHYYSK93aHI,أَغرب طرق العِلاَج القديمة 😂 (الجزء الثاني),"Jun 24, 2024",855,0
2020-08-10,EHYYSK93aHI,أَغرب طرق العِلاَج القديمة 😂 (الجزء الثاني),"Jun 24, 2024",855,0
2020-08-11,EHYYSK93aHI,أَغرب طرق العِلاَج القديمة 😂 (الجزء الثاني),"Jun 24, 2024",855,0
2020-08-12,EHYYSK93aHI,أَغرب طرق العِلاَج القديمة 😂 (الجزء الثاني),"Jun 24, 2024",855,0
2020-08-13,EHYYSK93aHI,أَغرب طرق العِلاَج القديمة 😂 (الجزء الثاني),"Jun 24, 2024",855,0
2020-08-14,EHYYSK93aHI,أَغرب طرق العِلاَج القديمة 😂 (الجزء الثاني),"Jun 24, 2024",855,0
2020-08-15,EHYYSK93aHI,أَغرب طرق العِلاَج القديمة 😂 (الجزء الثاني),"Jun 24, 2024",855,0
2020-08-16,EHYYSK93aHI,أَغرب طرق العِلاَج القديمة 😂 (الجزء الثاني),"Jun 24, 2024",855,0
2020-08-17,EHYYSK93aHI,أَغرب طرق العِلاَج القديمة 😂 (الجزء الثاني),"Jun 24, 2024",855,0
2020-08-18,EHYYSK93aHI,أَغرب طرق العِلاَج القديمة 😂 (الجزء الثاني),"Jun 24, 2024",855,0
2020-08-19,EHYYSK93aHI,أَغرب طرق العِلاَج القديمة 😂 (الجزء الثاني),"Jun 24, 2024",855,0
2020-08-20,EHYYSK93aHI,أَغرب طرق العِلاَج القديمة 😂 (الجزء الثاني),"Jun 24, 2024",855,0
2020-08-21,EHYYSK93aHI,أَغرب طرق العِلاَج القديمة 😂 (الجزء الثاني),"Jun 24, 2024",855,0
2020-08-22,EHYYSK93aHI,أَغرب طرق العِلاَج القديمة 😂 (الجزء الثاني),"Jun 24, 2024",855,0
2020-08-23,EHYYSK93aHI,أَغرب طرق العِلاَج القديمة 😂 (الجزء الثاني),"Jun 24, 2024",855,0
2020-08-24,EHYYSK93aHI,أَغرب طرق العِلاَج القديمة 😂 (الجزء الثاني),"Jun 24, 2024",855,0
2020-08-25,EHYYSK93aHI,أَغرب طرق العِلاَج القديمة 😂 (الجزء الثاني),"Jun 24, 2024",855,0
2020-08-26,EHYYSK93aHI,أَغرب طرق العِلاَج القديمة 😂 (الجزء الثاني),"Jun 24, 2024",855,0
2020-08-27,EHYYSK93aHI,أَغرب طرق العِلاَج القديمة 😂 (الجزء الثاني),"Jun 24, 2024",855,0
2020-08-28,EHYYSK93aHI,أَغرب طرق العِلاَج القديمة 😂 (الجزء الثاني),"Jun 24, 2024",855,0
2020-08-29,EHYYSK93aHI,أَغرب طرق العِلاَج القديمة 😂 (الجزء الثاني),"Jun 24, 2024",855,0
2020-08-30,EHYYSK93aHI,أَغرب طرق العِلاَج القديمة 😂 (الجزء الثاني),"Jun 24, 2024",855,0
2020-08-31,EHYYSK93aHI,أَغرب طرق العِلاَج القديمة 😂 (الجزء الثاني),"Jun 24, 2024",855,0
2020-09-01,EHYYSK93aHI,أَغرب طرق العِلاَج القديمة 😂 (الجزء الثاني),"Jun 24, 2024",855,0
2020-09-02,EHYYSK93aHI,أَغرب طرق العِلاَج القديمة 😂 (الجزء الثاني),"Jun 24, 2024",855,0
2020-09-03,EHYYSK93aHI,أَغرب طرق العِلاَج القديمة 😂 (الجزء الثاني),"Jun 24, 2024",855,0
2020-09-04,EHYYSK93aHI,أَغرب طرق العِلاَج القديمة 😂 (الجزء الثاني),"Jun 24, 2024",855,0
2020-09-05,EHYYSK93aHI,أَغرب طرق العِلاَج القديمة 😂 (الجزء الثاني),"Jun 24, 2024",855,0
2020-09-06,EHYYSK93aHI,أَغرب طرق العِلاَج القديمة 😂 (الجزء الثاني),"Jun 24, 2024",855,0
2020-09-07,EHYYSK93aHI,أَغرب طرق العِلاَج القديمة 😂 (الجزء الثاني),"Jun 24, 2024",855,0
2020-09-08,EHYYSK93aHI,أَغرب طرق العِلاَج القديمة 😂 (الجزء الثاني),"Jun 24, 2024",855,0
2020-09-09,EHYYSK93aHI,أَغرب طرق العِلاَج القديمة 😂 (الجزء الثاني),"Jun 24, 2024",855,0
2020-09-10,EHYYSK93aHI,أَغرب طرق العِلاَج القديمة 😂 (الجزء الثاني),"Jun 24, 2024",855,0
2020-09-11,EHYYSK93aHI,أَغرب طرق العِلاَج القديمة 😂 (الجزء الثاني),"Jun 24, 2024",855,0
2020-09-12,EHYYSK93aHI,أَغرب طرق العِلاَج القديمة 😂 (الجزء الثاني),"Jun 24, 2024",855,0
2020-09-13,EHYYSK93aHI,أَغرب طرق العِلاَج القديمة 😂 (الجزء الثاني),"Jun 24, 2024",855,0
2020-09-14,EHYYSK93aHI,أَغرب طرق العِلاَج القديمة 😂 (الجزء الثاني),"Jun 24, 2024",855,0
2020-09-15,EHYYSK93aHI,أَغرب طرق العِلاَج القديمة 😂 (الجزء الثاني),"Jun 24, 2024",855,0
2020-09-16,EHYYSK93aHI,أَغرب طرق العِلاَج القديمة 😂 (الجزء الثاني),"Jun 24, 2024",855,0
2020-09-17,EHYYSK93aHI,أَغرب طرق العِلاَج القديمة 😂 (الجزء الثاني),"Jun 24, 2024",855,0
2020-09-18,EHYYSK93aHI,أَغرب طرق العِلاَج القديمة 😂 (الجزء الثاني),"Jun 24, 2024",855,0
2020-09-19,EHYYSK93aHI,أَغرب طرق العِلاَج القديمة 😂 (الجزء الثاني),"Jun 24, 2024",855,0
2020-09-20,EHYYSK93aHI,أَغرب طرق العِلاَج القديمة 😂 (الجزء الثاني),"Jun 24, 2024",855,0
2020-09-21,EHYYSK93aHI,أَغرب طرق العِلاَج القديمة 😂 (الجزء الثاني),"Jun 24, 2024",855,0
2020-09-22,EHYYSK93aHI,أَغرب طرق العِلاَج القديمة 😂 (الجزء الثاني),"Jun 24, 2024",855,0
2020-09-23,EHYYSK93aHI,أَغرب طرق العِلاَج القديمة 😂 (الجزء الثاني),"Jun 24, 2024",855,0
2020-09-24,EHYYSK93aHI,أَغرب طرق العِلاَج القديمة 😂 (الجزء الثاني),"Jun 24, 2024",855,0
2020-09-25,EHYYSK93aHI,أَغرب طرق العِلاَج القديمة 😂 (الجزء الثاني),"Jun 24, 2024",855,0
2020-09-26,EHYYSK93aHI,أَغرب طرق العِلاَج القديمة 😂 (الجزء الثاني),"Jun 24, 2024",855,0
2020-09-27,EHYYSK93aHI,أَغرب طرق العِلاَج القديمة 😂 (الجزء الثاني),"Jun 24, 2024",855,0
2020-09-28,EHYYSK93aHI,أَغرب طرق العِلاَج القديمة 😂 (الجزء الثاني),"Jun 24, 2024",855,0
2020-09-29,EHYYSK93aHI,أَغرب طرق العِلاَج القديمة 😂 (الجزء الثاني),"Jun 24, 2024",855,0
2020-09-30,EHYYSK93aHI,أَغرب طرق العِلاَج القديمة 😂 (الجزء الثاني),"Jun 24, 2024",855,0
2020-10-01,EHYYSK93aHI,أَغرب طرق العِلاَج القديمة 😂 (الجزء الثاني),"Jun 24, 2024",855,0
2020-10-02,EHYYSK93aHI,أَغرب طرق العِلاَج القديمة 😂 (الجزء الثاني),"Jun 24, 2024",855,0
2020-10-03,EHYYSK93aHI,أَغرب طرق العِلاَج القديمة 😂 (الجزء الثاني),"Jun 24, 2024",855,0
2020-10-04,EHYYSK93aHI,أَغرب طرق العِلاَج القديمة 😂 (الجزء الثاني),"Jun 24, 2024",855,0
2020-10-05,EHYYSK93aHI,أَغرب طرق العِلاَج القديمة 😂 (الجزء الثاني),"Jun 24, 2024",855,0
2020-10-06,EHYYSK93aHI,أَغرب طرق العِلاَج القديمة 😂 (الجزء الثاني),"Jun 24, 2024",855,0
2020-10-07,EHYYSK93aHI,أَغرب طرق العِلاَج القديمة 😂 (الجزء الثاني),"Jun 24, 2024",855,0
2020-10-08,EHYYSK93aHI,أَغرب طرق العِلاَج القديمة 😂 (الجزء الثاني),"Jun 24, 2024",855,0
2020-10-09,EHYYSK93aHI,أَغرب طرق العِلاَج القديمة 😂 (الجزء الثاني),"Jun 24, 2024",855,0
2020-10-10,EHYYSK93aHI,أَغرب طرق العِلاَج القديمة 😂 (الجزء الثاني),"Jun 24, 2024",855,0
2020-10-11,EHYYSK93aHI,أَغرب طرق العِلاَج القديمة 😂 (الجزء الثاني),"Jun 24, 2024",855,0
2020-10-12,EHYYSK93aHI,أَغرب طرق العِلاَج القديمة 😂 (الجزء الثاني),"Jun 24, 2024",855,0
2020-10-13,EHYYSK93aHI,أَغرب طرق العِلاَج القديمة 😂 (الجزء الثاني),"Jun 24, 2024",855,0
2020-10-14,EHYYSK93aHI,أَغرب طرق العِلاَج القديمة 😂 (الجزء الثاني),"Jun 24, 2024",855,0
2020-10-15,EHYYSK93aHI,أَغرب طرق العِلاَج القديمة 😂 (الجزء الثاني),"Jun 24, 2024",855,0
2020-10-16,EHYYSK93aHI,أَغرب طرق العِلاَج القديمة 😂 (الجزء الثاني),"Jun 24, 2024",855,0
2020-10-17,EHYYSK93aHI,أَغرب طرق العِلاَج القديمة 😂 (الجزء الثاني),"Jun 24, 2024",855,0
2020-10-18,EHYYSK93aHI,أَغرب طرق العِلاَج القديمة 😂 (الجزء الثاني),"Jun 24, 2024",855,0
2020-10-19,EHYYSK93aHI,أَغرب طرق العِلاَج القديمة 😂 (الجزء الثاني),"Jun 24, 2024",855,0
2020-10-20,EHYYSK93aHI,أَغرب طرق العِلاَج القديمة 😂 (الجزء الثاني),"Jun 24, 2024",855,0
2020-10-21,EHYYSK93aHI,أَغرب طرق العِلاَج القديمة 😂 (الجزء الثاني),"Jun 24, 2024",855,0
2020-10-22,EHYYSK93aHI,أَغرب طرق العِلاَج القديمة 😂 (الجزء الثاني),"Jun 24, 2024",855,0
2020-10-23,EHYYSK93aHI,أَغرب طرق العِلاَج القديمة 😂 (الجزء الثاني),"Jun 24, 2024",855,0
2020-10-24,EHYYSK93aHI,أَغرب طرق العِلاَج القديمة 😂 (الجزء الثاني),"Jun 24, 2024",855,0
2020-10-25,EHYYSK93aHI,أَغرب طرق العِلاَج القديمة 😂 (الجزء الثاني),"Jun 24, 2024",855,0
2020-10-26,EHYYSK93aHI,أَغرب طرق العِلاَج القديمة 😂 (الجزء الثاني),"Jun 24, 2024",855,0
2020-10-27,EHYYSK93aHI,أَغرب طرق العِلاَج القديمة 😂 (الجزء الثاني),"Jun 24, 2024",855,0
2020-10-28,EHYYSK93aHI,أَغرب طرق العِلاَج القديمة 😂 (الجزء الثاني),"Jun 24, 2024",855,0
2020-10-29,EHYYSK93aHI,أَغرب طرق العِلاَج القديمة 😂 (الجزء الثاني),"Jun 24, 2024",855,0
2020-10-30,EHYYSK93aHI,أَغرب طرق العِلاَج القديمة 😂 (الجزء الثاني),"Jun 24, 2024",855,0
2020-10-31,EHYYSK93aHI,أَغرب طرق العِلاَج القديمة 😂 (الجزء الثاني),"Jun 24, 2024",855,0
2020-11-01,EHYYSK93aHI,أَغرب طرق العِلاَج القديمة 😂 (الجزء الثاني),"Jun 24, 2024",855,0
2020-11-02,EHYYSK93aHI,أَغرب طرق العِلاَج القديمة 😂 (الجزء الثاني),"Jun 24, 2024",855,0
2020-11-03,EHYYSK93aHI,أَغرب طرق العِلاَج القديمة 😂 (الجزء الثاني),"Jun 24, 2024",855,0
2020-11-04,EHYYSK93aHI,أَغرب طرق العِلاَج القديمة 😂 (الجزء الثاني),"Jun 24, 2024",855,0
2020-11-05,EHYYSK93aHI,أَغرب طرق العِلاَج القديمة 😂 (الجزء الثاني),"Jun 24, 2024",855,0
2020-11-06,EHYYSK93aHI,أَغرب طرق العِلاَج القديمة 😂 (الجزء الثاني),"Jun 24, 2024",855,0
2020-11-07,EHYYSK93aHI,أَغرب طرق العِلاَج القديمة 😂 (الجزء الثاني),"Jun 24, 2024",855,0
2020-11-08,EHYYSK93aHI,أَغرب طرق العِلاَج القديمة 😂 (الجزء الثاني),"Jun 24, 2024",855,0
2020-11-09,EHYYSK93aHI,أَغرب طرق العِلاَج القديمة 😂 (الجزء الثاني),"Jun 24, 2024",855,0
2020-11-10,EHYYSK93aHI,أَغرب طرق العِلاَج القديمة 😂 (الجزء الثاني),"Jun 24, 2024",855,0
2020-11-11,EHYYSK93aHI,أَغرب طرق العِلاَج القديمة 😂 (الجزء الثاني),"Jun 24, 2024",855,0
2020-11-12,EHYYSK93aHI,أَغرب طرق العِلاَج القديمة 😂 (الجزء الثاني),"Jun 24, 2024",855,0
2020-11-13,EHYYSK93aHI,أَغرب طرق العِلاَج القديمة 😂 (الجزء الثاني),"Jun 24, 2024",855,0
2020-11-14,EHYYSK93aHI,أَغرب طرق العِلاَج القديمة 😂 (الجزء الثاني),"Jun 24, 2024",855,0
2020-11-15,EHYYSK93aHI,أَغرب طرق العِلاَج القديمة 😂 (الجزء الثاني),"Jun 24, 2024",855,0
2020-11-16,EHYYSK93aHI,أَغرب طرق العِلاَج القديمة 😂 (الجزء الثاني),"Jun 24, 2024",855,0
2020-11-17,EHYYSK93aHI,أَغرب طرق العِلاَج القديمة 😂 (الجزء الثاني),"Jun 24, 2024",855,0
2020-11-18,EHYYSK93aHI,أَغرب طرق العِلاَج القديمة 😂 (الجزء الثاني),"Jun 24, 2024",855,0
2020-11-19,EHYYSK93aHI,أَغرب طرق العِلاَج القديمة 😂 (الجزء الثاني),"Jun 24, 2024",855,0
2020-11-20,EHYYSK93aHI,أَغرب طرق العِلاَج القديمة 😂 (الجزء الثاني),"Jun 24, 2024",855,0
2020-11-21,EHYYSK93aHI,أَغرب طرق العِلاَج القديمة 😂 (الجزء الثاني),"Jun 24, 2024",855,0
2020-11-22,EHYYSK93aHI,أَغرب طرق العِلاَج القديمة 😂 (الجزء الثاني),"Jun 24, 2024",855,0
2020-11-23,EHYYSK93aHI,أَغرب طرق العِلاَج القديمة 😂 (الجزء الثاني),"Jun 24, 2024",855,0
2020-11-24,EHYYSK93aHI,أَغرب طرق العِلاَج القديمة 😂 (الجزء الثاني),"Jun 24, 2024",855,0
2020-11-25,EHYYSK93aHI,أَغرب طرق العِلاَج القديمة 😂 (الجزء الثاني),"Jun 24, 2024",855,0
2020-11-26,EHYYSK93aHI,أَغرب طرق العِلاَج القديمة 😂 (الجزء الثاني),"Jun 24, 2024",855,0
2020-11-27,EHYYSK93aHI,أَغرب طرق العِلاَج القديمة 😂 (الجزء الثاني),"Jun 24, 2024",855,0
2020-11-28,EHYYSK93aHI,أَغرب طرق العِلاَج القديمة 😂 (الجزء الثاني),"Jun 24, 2024",855,0
2020-11-29,EHYYSK93aHI,أَغرب طرق العِلاَج القديمة 😂 (الجزء الثاني),"Jun 24, 2024",855,0
2020-11-30,EHYYSK93aHI,أَغرب طرق العِلاَج القديمة 😂 (الجزء الثاني),"Jun 24, 2024",855,0
2020-12-01,EHYYSK93aHI,أَغرب طرق العِلاَج القديمة 😂 (الجزء الثاني),"Jun 24, 2024",855,0
2020-12-02,EHYYSK93aHI,أَغرب طرق العِلاَج القديمة 😂 (الجزء الثاني),"Jun 24, 2024",855,0
2020-12-03,EHYYSK93aHI,أَغرب طرق العِلاَج القديمة 😂 (الجزء الثاني),"Jun 24, 2024",855,0
2020-12-04,EHYYSK93aHI,أَغرب طرق العِلاَج القديمة 😂 (الجزء الثاني),"Jun 24, 2024",855,0
2020-12-05,EHYYSK93aHI,أَغرب طرق العِلاَج القديمة 😂 (الجزء الثاني),"Jun 24, 2024",855,0
2020-12-06,EHYYSK93aHI,أَغرب طرق العِلاَج القديمة 😂 (الجزء الثاني),"Jun 24, 2024",855,0
2020-12-07,EHYYSK93aHI,أَغرب طرق العِلاَج القديمة 😂 (الجزء الثاني),"Jun 24, 2024",855,0
2020-12-08,EHYYSK93aHI,أَغرب طرق العِلاَج القديمة 😂 (الجزء الثاني),"Jun 24, 2024",855,0
2020-12-09,EHYYSK93aHI,أَغرب طرق العِلاَج القديمة 😂 (الجزء الثاني),"Jun 24, 2024",855,0
2020-12-10,EHYYSK93aHI,أَغرب طرق العِلاَج القديمة 😂 (الجزء الثاني),"Jun 24, 2024",855,0
2020-12-11,EHYYSK93aHI,أَغرب طرق العِلاَج القديمة 😂 (الجزء الثاني),"Jun 24, 2024",855,0
2020-12-12,EHYYSK93aHI,أَغرب طرق العِلاَج القديمة 😂 (الجزء الثاني),"Jun 24, 2024",855,0
2020-12-13,EHYYSK93aHI,أَغرب طرق العِلاَج القديمة 😂 (الجزء الثاني),"Jun 24, 2024",855,0
2020-12-14,EHYYSK93aHI,أَغرب طرق العِلاَج القديمة 😂 (الجزء الثاني),"Jun 24, 2024",855,0
2020-12-15,EHYYSK93aHI,أَغرب طرق العِلاَج القديمة 😂 (الجزء الثاني),"Jun 24, 2024",855,0
2020-12-16,EHYYSK93aHI,أَغرب طرق العِلاَج القديمة 😂 (الجزء الثاني),"Jun 24, 2024",855,0
2020-12-17,EHYYSK93aHI,أَغرب طرق العِلاَج القديمة 😂 (الجزء الثاني),"Jun 24, 2024",855,0
2020-12-18,EHYYSK93aHI,أَغرب طرق العِلاَج القديمة 😂 (الجزء الثاني),"Jun 24, 2024",855,0
2020-12-19,EHYYSK93aHI,أَغرب طرق العِلاَج القديمة 😂 (الجزء الثاني),"Jun 24, 2024",855,0
2020-12-20,EHYYSK93aHI,أَغرب طرق العِلاَج القديمة 😂 (الجزء الثاني),"Jun 24, 2024",855,0
2020-12-21,EHYYSK93aHI,أَغرب طرق العِلاَج القديمة 😂 (الجزء الثاني),"Jun 24, 2024",855,0
2020-12-22,EHYYSK93aHI,أَغرب طرق العِلاَج القديمة 😂 (الجزء الثاني),"Jun 24, 2024",855,0
2020-12-23,EHYYSK93aHI,أَغرب طرق العِلاَج القديمة 😂 (الجزء الثاني),"Jun 24, 2024",855,0
2020-12-24,EHYYSK93aHI,أَغرب طرق العِلاَج القديمة 😂 (الجزء الثاني),"Jun 24, 2024",855,0
2020-12-25,EHYYSK93aHI,أَغرب طرق العِلاَج القديمة 😂 (الجزء الثاني),"Jun 24, 2024",855,0
2020-12-26,EHYYSK93aHI,أَغرب طرق العِلاَج القديمة 😂 (الجزء الثاني),"Jun 24, 2024",855,0
2020-12-27,EHYYSK93aHI,أَغرب طرق العِلاَج القديمة 😂 (الجزء الثاني),"Jun 24, 2024",855,0
2020-12-28,EHYYSK93aHI,أَغرب طرق العِلاَج القديمة 😂 (الجزء الثاني),"Jun 24, 2024",855,0
2020-12-29,EHYYSK93aHI,أَغرب طرق العِلاَج القديمة 😂 (الجزء الثاني),"Jun 24, 2024",855,0
2020-12-30,EHYYSK93aHI,أَغرب طرق العِلاَج القديمة 😂 (الجزء الثاني),"Jun 24, 2024",855,0
2020-12-31,EHYYSK93aHI,أَغرب طرق العِلاَج القديمة 😂 (الجزء الثاني),"Jun 24, 2024",855,0
2021-01-01,EHYYSK93aHI,أَغرب طرق العِلاَج القديمة 😂 (الجزء الثاني),"Jun 24, 2024",855,0
2021-01-02,EHYYSK93aHI,أَغرب طرق العِلاَج القديمة 😂 (الجزء الثاني),"Jun 24, 2024",855,0
2021-01-03,EHYYSK93aHI,أَغرب طرق العِلاَج القديمة 😂 (الجزء الثاني),"Jun 24, 2024",855,0
2021-01-04,EHYYSK93aHI,أَغرب طرق العِلاَج القديمة 😂 (الجزء الثاني),"Jun 24, 2024",855,0
2021-01-05,EHYYSK93aHI,أَغرب طرق العِلاَج القديمة 😂 (الجزء الثاني),"Jun 24, 2024",855,0
2021-01-06,EHYYSK93aHI,أَغرب طرق العِلاَج القديمة 😂 (الجزء الثاني),"Jun 24, 2024",855,0
2021-01-07,EHYYSK93aHI,أَغرب طرق العِلاَج القديمة 😂 (الجزء الثاني),"Jun 24, 2024",855,0
2021-01-08,EHYYSK93aHI,أَغرب طرق العِلاَج القديمة 😂 (الجزء الثاني),"Jun 24, 2024",855,0
2021-01-09,EHYYSK93aHI,أَغرب طرق العِلاَج القديمة 😂 (الجزء الثاني),"Jun 24, 2024",855,0
2021-01-10,EHYYSK93aHI,أَغرب طرق العِلاَج القديمة 😂 (الجزء الثاني),"Jun 24, 2024",855,0
2021-01-11,EHYYSK93aHI,أَغرب طرق العِلاَج القديمة 😂 (الجزء الثاني),"Jun 24, 2024",855,0
2021-01-12,EHYYSK93aHI,أَغرب طرق العِلاَج القديمة 😂 (الجزء الثاني),"Jun 24, 2024",855,0
2021-01-13,EHYYSK93aHI,أَغرب طرق العِلاَج القديمة 😂 (الجزء الثاني),"Jun 24, 2024",855,0
2021-01-14,EHYYSK93aHI,أَغرب طرق العِلاَج القديمة 😂 (الجزء الثاني),"Jun 24, 2024",855,0
2021-01-15,EHYYSK93aHI,أَغرب طرق العِلاَج القديمة 😂 (الجزء الثاني),"Jun 24, 2024",855,0
2021-01-16,EHYYSK93aHI,أَغرب طرق العِلاَج القديمة 😂 (الجزء الثاني),"Jun 24, 2024",855,0
2021-01-17,EHYYSK93aHI,أَغرب طرق العِلاَج القديمة 😂 (الجزء الثاني),"Jun 24, 2024",855,0
2021-01-18,EHYYSK93aHI,أَغرب طرق العِلاَج القديمة 😂 (الجزء الثاني),"Jun 24, 2024",855,0
2021-01-19,EHYYSK93aHI,أَغرب طرق العِلاَج القديمة 😂 (الجزء الثاني),"Jun 24, 2024",855,0
2021-01-20,EHYYSK93aHI,أَغرب طرق العِلاَج القديمة 😂 (الجزء الثاني),"Jun 24, 2024",855,0
2021-01-21,EHYYSK93aHI,أَغرب طرق العِلاَج القديمة 😂 (الجزء الثاني),"Jun 24, 2024",855,0
2021-01-22,EHYYSK93aHI,أَغرب طرق العِلاَج القديمة 😂 (الجزء الثاني),"Jun 24, 2024",855,0
2021-01-23,EHYYSK93aHI,أَغرب طرق العِلاَج القديمة 😂 (الجزء الثاني),"Jun 24, 2024",855,0
2021-01-24,EHYYSK93aHI,أَغرب طرق العِلاَج القديمة 😂 (الجزء الثاني),"Jun 24, 2024",855,0
2021-01-25,EHYYSK93aHI,أَغرب طرق العِلاَج القديمة 😂 (الجزء الثاني),"Jun 24, 2024",855,0
2021-01-26,EHYYSK93aHI,أَغرب طرق العِلاَج القديمة 😂 (الجزء الثاني),"Jun 24, 2024",855,0
2021-01-27,EHYYSK93aHI,أَغرب طرق العِلاَج القديمة 😂 (الجزء الثاني),"Jun 24, 2024",855,0
2021-01-28,EHYYSK93aHI,أَغرب طرق العِلاَج القديمة 😂 (الجزء الثاني),"Jun 24, 2024",855,0
2021-01-29,EHYYSK93aHI,أَغرب طرق العِلاَج القديمة 😂 (الجزء الثاني),"Jun 24, 2024",855,0
2021-01-30,EHYYSK93aHI,أَغرب طرق العِلاَج القديمة 😂 (الجزء الثاني),"Jun 24, 2024",855,0
2021-01-31,EHYYSK93aHI,أَغرب طرق العِلاَج القديمة 😂 (الجزء الثاني),"Jun 24, 2024",855,0
2021-02-01,EHYYSK93aHI,أَغرب طرق العِلاَج القديمة 😂 (الجزء الثاني),"Jun 24, 2024",855,0
2021-02-02,EHYYSK93aHI,أَغرب طرق العِلاَج القديمة 😂 (الجزء الثاني),"Jun 24, 2024",855,0
2021-02-03,EHYYSK93aHI,أَغرب طرق العِلاَج القديمة 😂 (الجزء الثاني),"Jun 24, 2024",855,0
2021-02-04,EHYYSK93aHI,أَغرب طرق العِلاَج القديمة 😂 (الجزء الثاني),"Jun 24, 2024",855,0
2021-02-05,EHYYSK93aHI,أَغرب طرق العِلاَج القديمة 😂 (الجزء الثاني),"Jun 24, 2024",855,0
2021-02-06,EHYYSK93aHI,أَغرب طرق العِلاَج القديمة 😂 (الجزء الثاني),"Jun 24, 2024",855,0
2021-02-07,EHYYSK93aHI,أَغرب طرق العِلاَج القديمة 😂 (الجزء الثاني),"Jun 24, 2024",855,0
2021-02-08,EHYYSK93aHI,أَغرب طرق العِلاَج القديمة 😂 (الجزء الثاني),"Jun 24, 2024",855,0
2021-02-09,EHYYSK93aHI,أَغرب طرق العِلاَج القديمة 😂 (الجزء الثاني),"Jun 24, 2024",855,0
2021-02-10,EHYYSK93aHI,أَغرب طرق العِلاَج القديمة 😂 (الجزء الثاني),"Jun 24, 2024",855,0
2021-02-11,EHYYSK93aHI,أَغرب طرق العِلاَج القديمة 😂 (الجزء الثاني),"Jun 24, 2024",855,0
2021-02-12,EHYYSK93aHI,أَغرب طرق العِلاَج القديمة 😂 (الجزء الثاني),"Jun 24, 2024",855,0
2021-02-13,EHYYSK93aHI,أَغرب طرق العِلاَج القديمة 😂 (الجزء الثاني),"Jun 24, 2024",855,0
2021-02-14,EHYYSK93aHI,أَغرب طرق العِلاَج القديمة 😂 (الجزء الثاني),"Jun 24, 2024",855,0
2021-02-15,EHYYSK93aHI,أَغرب طرق العِلاَج القديمة 😂 (الجزء الثاني),"Jun 24, 2024",855,0
2021-02-16,EHYYSK93aHI,أَغرب طرق العِلاَج القديمة 😂 (الجزء الثاني),"Jun 24, 2024",855,0
2021-02-17,EHYYSK93aHI,أَغرب طرق العِلاَج القديمة 😂 (الجزء الثاني),"Jun 24, 2024",855,0
2021-02-18,EHYYSK93aHI,أَغرب طرق العِلاَج القديمة 😂 (الجزء الثاني),"Jun 24, 2024",855,0
2021-02-19,EHYYSK93aHI,أَغرب طرق العِلاَج القديمة 😂 (الجزء الثاني),"Jun 24, 2024",855,0
2021-02-20,EHYYSK93aHI,أَغرب طرق العِلاَج القديمة 😂 (الجزء الثاني),"Jun 24, 2024",855,0
2021-02-21,EHYYSK93aHI,أَغرب طرق العِلاَج القديمة 😂 (الجزء الثاني),"Jun 24, 2024",855,0
2021-02-22,EHYYSK93aHI,أَغرب طرق العِلاَج القديمة 😂 (الجزء الثاني),"Jun 24, 2024",855,0
2021-02-23,EHYYSK93aHI,أَغرب طرق العِلاَج القديمة 😂 (الجزء الثاني),"Jun 24, 2024",855,0
2021-02-24,EHYYSK93aHI,أَغرب طرق العِلاَج القديمة 😂 (الجزء الثاني),"Jun 24, 2024",855,0
2021-02-25,EHYYSK93aHI,أَغرب طرق العِلاَج القديمة 😂 (الجزء الثاني),"Jun 24, 2024",855,0
2021-02-26,EHYYSK93aHI,أَغرب طرق العِلاَج القديمة 😂 (الجزء الثاني),"Jun 24, 2024",855,0
2021-02-27,EHYYSK93aHI,أَغرب طرق العِلاَج القديمة 😂 (الجزء الثاني),"Jun 24, 2024",855,0
2021-02-28,EHYYSK93aHI,أَغرب طرق العِلاَج القديمة 😂 (الجزء الثاني),"Jun 24, 2024",855,0
2021-03-01,EHYYSK93aHI,أَغرب طرق العِلاَج القديمة 😂 (الجزء الثاني),"Jun 24, 2024",855,0
2021-03-02,EHYYSK93aHI,أَغرب طرق العِلاَج القديمة 😂 (الجزء الثاني),"Jun 24, 2024",855,0
2021-03-03,EHYYSK93aHI,أَغرب طرق العِلاَج القديمة 😂 (الجزء الثاني),"Jun 24, 2024",855,0
2021-03-04,EHYYSK93aHI,أَغرب طرق العِلاَج القديمة 😂 (الجزء الثاني),"Jun 24, 2024",855,0
2021-03-05,EHYYSK93aHI,أَغرب طرق العِلاَج القديمة 😂 (الجزء الثاني),"Jun 24, 2024",855,0
2021-03-06,EHYYSK93aHI,أَغرب طرق العِلاَج القديمة 😂 (الجزء الثاني),"Jun 24, 2024",855,0
2021-03-07,EHYYSK93aHI,أَغرب طرق العِلاَج القديمة 😂 (الجزء الثاني),"Jun 24, 2024",855,0
2021-03-08,EHYYSK93aHI,أَغرب طرق العِلاَج القديمة 😂 (الجزء الثاني),"Jun 24, 2024",855,0
2021-03-09,EHYYSK93aHI,أَغرب طرق العِلاَج القديمة 😂 (الجزء الثاني),"Jun 24, 2024",855,0
2021-03-10,EHYYSK93aHI,أَغرب طرق العِلاَج القديمة 😂 (الجزء الثاني),"Jun 24, 2024",855,0
2021-03-11,EHYYSK93aHI,أَغرب طرق العِلاَج القديمة 😂 (الجزء الثاني),"Jun 24, 2024",855,0
2021-03-12,EHYYSK93aHI,أَغرب طرق العِلاَج القديمة 😂 (الجزء الثاني),"Jun 24, 2024",855,0
2021-03-13,EHYYSK93aHI,أَغرب طرق العِلاَج القديمة 😂 (الجزء الثاني),"Jun 24, 2024",855,0
2021-03-14,EHYYSK93aHI,أَغرب طرق العِلاَج القديمة 😂 (الجزء الثاني),"Jun 24, 2024",855,0
2021-03-15,EHYYSK93aHI,أَغرب طرق العِلاَج القديمة 😂 (الجزء الثاني),"Jun 24, 2024",855,0
2021-03-16,EHYYSK93aHI,أَغرب طرق العِلاَج القديمة 😂 (الجزء الثاني),"Jun 24, 2024",855,0
2021-03-17,EHYYSK93aHI,أَغرب طرق العِلاَج القديمة 😂 (الجزء الثاني),"Jun 24, 2024",855,0
2021-03-18,EHYYSK93aHI,أَغرب طرق العِلاَج القديمة 😂 (الجزء الثاني),"Jun 24, 2024",855,0
2021-03-19,EHYYSK93aHI,أَغرب طرق العِلاَج القديمة 😂 (الجزء الثاني),"Jun 24, 2024",855,0
2021-03-20,EHYYSK93aHI,أَغرب طرق العِلاَج القديمة 😂 (الجزء الثاني),"Jun 24, 2024",855,0
2021-03-21,EHYYSK93aHI,أَغرب طرق العِلاَج القديمة 😂 (الجزء الثاني),"Jun 24, 2024",855,0
2021-03-22,EHYYSK93aHI,أَغرب طرق العِلاَج القديمة 😂 (الجزء الثاني),"Jun 24, 2024",855,0
2021-03-23,EHYYSK93aHI,أَغرب طرق العِلاَج القديمة 😂 (الجزء الثاني),"Jun 24, 2024",855,0
2021-03-24,EHYYSK93aHI,أَغرب طرق العِلاَج القديمة 😂 (الجزء الثاني),"Jun 24, 2024",855,0
2021-03-25,EHYYSK93aHI,أَغرب طرق العِلاَج القديمة 😂 (الجزء الثاني),"Jun 24, 2024",855,0
2021-03-26,EHYYSK93aHI,أَغرب طرق العِلاَج القديمة 😂 (الجزء الثاني),"Jun 24, 2024",855,0
2021-03-27,EHYYSK93aHI,أَغرب طرق العِلاَج القديمة 😂 (الجزء الثاني),"Jun 24, 2024",855,0
2021-03-28,EHYYSK93aHI,أَغرب طرق العِلاَج القديمة 😂 (الجزء الثاني),"Jun 24, 2024",855,0
2021-03-29,EHYYSK93aHI,أَغرب طرق العِلاَج القديمة 😂 (الجزء الثاني),"Jun 24, 2024",855,0
2021-03-30,EHYYSK93aHI,أَغرب طرق العِلاَج القديمة 😂 (الجزء الثاني),"Jun 24, 2024",855,0
2021-03-31,EHYYSK93aHI,أَغرب طرق العِلاَج القديمة 😂 (الجزء الثاني),"Jun 24, 2024",855,0
2021-04-01,EHYYSK93aHI,أَغرب طرق العِلاَج القديمة 😂 (الجزء الثاني),"Jun 24, 2024",855,0
2021-04-02,EHYYSK93aHI,أَغرب طرق العِلاَج القديمة 😂 (الجزء الثاني),"Jun 24, 2024",855,0
2021-04-03,EHYYSK93aHI,أَغرب طرق العِلاَج القديمة 😂 (الجزء الثاني),"Jun 24, 2024",855,0
2021-04-04,EHYYSK93aHI,أَغرب طرق العِلاَج القديمة 😂 (الجزء الثاني),"Jun 24, 2024",855,0
2021-04-05,EHYYSK93aHI,أَغرب طرق العِلاَج القديمة 😂 (الجزء الثاني),"Jun 24, 2024",855,0
2021-04-06,EHYYSK93aHI,أَغرب طرق العِلاَج القديمة 😂 (الجزء الثاني),"Jun 24, 2024",855,0
2021-04-07,EHYYSK93aHI,أَغرب طرق العِلاَج القديمة 😂 (الجزء الثاني),"Jun 24, 2024",855,0
2021-04-08,EHYYSK93aHI,أَغرب طرق العِلاَج القديمة 😂 (الجزء الثاني),"Jun 24, 2024",855,0
2021-04-09,EHYYSK93aHI,أَغرب طرق العِلاَج القديمة 😂 (الجزء الثاني),"Jun 24, 2024",855,0
2021-04-10,EHYYSK93aHI,أَغرب طرق العِلاَج القديمة 😂 (الجزء الثاني),"Jun 24, 2024",855,0
2021-04-11,EHYYSK93aHI,أَغرب طرق العِلاَج القديمة 😂 (الجزء الثاني),"Jun 24, 2024",855,0
2021-04-12,EHYYSK93aHI,أَغرب طرق العِلاَج القديمة 😂 (الجزء الثاني),"Jun 24, 2024",855,0
2021-04-13,EHYYSK93aHI,أَغرب طرق العِلاَج القديمة 😂 (الجزء الثاني),"Jun 24, 2024",855,0
2021-04-14,EHYYSK93aHI,أَغرب طرق العِلاَج القديمة 😂 (الجزء الثاني),"Jun 24, 2024",855,0
2021-04-15,EHYYSK93aHI,أَغرب طرق العِلاَج القديمة 😂 (الجزء الثاني),"Jun 24, 2024",855,0
2021-04-16,EHYYSK93aHI,أَغرب طرق العِلاَج القديمة 😂 (الجزء الثاني),"Jun 24, 2024",855,0
2021-04-17,EHYYSK93aHI,أَغرب طرق العِلاَج القديمة 😂 (الجزء الثاني),"Jun 24, 2024",855,0
2021-04-18,EHYYSK93aHI,أَغرب طرق العِلاَج القديمة 😂 (الجزء الثاني),"Jun 24, 2024",855,0
2021-04-19,EHYYSK93aHI,أَغرب طرق العِلاَج القديمة 😂 (الجزء الثاني),"Jun 24, 2024",855,0
2021-04-20,EHYYSK93aHI,أَغرب طرق العِلاَج القديمة 😂 (الجزء الثاني),"Jun 24, 2024",855,0
2021-04-21,EHYYSK93aHI,أَغرب طرق العِلاَج القديمة 😂 (الجزء الثاني),"Jun 24, 2024",855,0
2021-04-22,EHYYSK93aHI,أَغرب طرق العِلاَج القديمة 😂 (الجزء الثاني),"Jun 24, 2024",855,0
2021-04-23,EHYYSK93aHI,أَغرب طرق العِلاَج القديمة 😂 (الجزء الثاني),"Jun 24, 2024",855,0
2021-04-24,EHYYSK93aHI,أَغرب طرق العِلاَج القديمة 😂 (الجزء الثاني),"Jun 24, 2024",855,0
2021-04-25,EHYYSK93aHI,أَغرب طرق العِلاَج القديمة 😂 (الجزء الثاني),"Jun 24, 2024",855,0
2021-04-26,EHYYSK93aHI,أَغرب طرق العِلاَج القديمة 😂 (الجزء الثاني),"Jun 24, 2024",855,0
2021-04-27,EHYYSK93aHI,أَغرب طرق العِلاَج القديمة 😂 (الجزء الثاني),"Jun 24, 2024",855,0
2021-04-28,EHYYSK93aHI,أَغرب طرق العِلاَج القديمة 😂 (الجزء الثاني),"Jun 24, 2024",855,0
2021-04-29,EHYYSK93aHI,أَغرب طرق العِلاَج القديمة 😂 (الجزء الثاني),"Jun 24, 2024",855,0
2021-04-30,EHYYSK93aHI,أَغرب طرق العِلاَج القديمة 😂 (الجزء الثاني),"Jun 24, 2024",855,0
2021-05-01,EHYYSK93aHI,أَغرب طرق العِلاَج القديمة 😂 (الجزء الثاني),"Jun 24, 2024",855,0
2021-05-02,EHYYSK93aHI,أَغرب طرق العِلاَج القديمة 😂 (الجزء الثاني),"Jun 24, 2024",855,0
2021-05-03,EHYYSK93aHI,أَغرب طرق العِلاَج القديمة 😂 (الجزء الثاني),"Jun 24, 2024",855,0
2021-05-04,EHYYSK93aHI,أَغرب طرق العِلاَج القديمة 😂 (الجزء الثاني),"Jun 24, 2024",855,0
2021-05-05,EHYYSK93aHI,أَغرب طرق العِلاَج القديمة 😂 (الجزء الثاني),"Jun 24, 2024",855,0
2021-05-06,EHYYSK93aHI,أَغرب طرق العِلاَج القديمة 😂 (الجزء الثاني),"Jun 24, 2024",855,0
2021-05-07,EHYYSK93aHI,أَغرب طرق العِلاَج القديمة 😂 (الجزء الثاني),"Jun 24, 2024",855,0
2021-05-08,EHYYSK93aHI,أَغرب طرق العِلاَج القديمة 😂 (الجزء الثاني),"Jun 24, 2024",855,0
2021-05-09,EHYYSK93aHI,أَغرب طرق العِلاَج القديمة 😂 (الجزء الثاني),"Jun 24, 2024",855,0
2021-05-10,EHYYSK93aHI,أَغرب طرق العِلاَج القديمة 😂 (الجزء الثاني),"Jun 24, 2024",855,0
2021-05-11,EHYYSK93aHI,أَغرب طرق العِلاَج القديمة 😂 (الجزء الثاني),"Jun 24, 2024",855,0
2021-05-12,EHYYSK93aHI,أَغرب طرق العِلاَج القديمة 😂 (الجزء الثاني),"Jun 24, 2024",855,0
2021-05-13,EHYYSK93aHI,أَغرب طرق العِلاَج القديمة 😂 (الجزء الثاني),"Jun 24, 2024",855,0
2021-05-14,EHYYSK93aHI,أَغرب طرق العِلاَج القديمة 😂 (الجزء الثاني),"Jun 24, 2024",855,0
2021-05-15,EHYYSK93aHI,أَغرب طرق العِلاَج القديمة 😂 (الجزء الثاني),"Jun 24, 2024",855,0
2021-05-16,EHYYSK93aHI,أَغرب طرق العِلاَج القديمة 😂 (الجزء الثاني),"Jun 24, 2024",855,0
2021-05-17,EHYYSK93aHI,أَغرب طرق العِلاَج القديمة 😂 (الجزء الثاني),"Jun 24, 2024",855,0
2021-05-18,EHYYSK93aHI,أَغرب طرق العِلاَج القديمة 😂 (الجزء الثاني),"Jun 24, 2024",855,0
2021-05-19,EHYYSK93aHI,أَغرب طرق العِلاَج القديمة 😂 (الجزء الثاني),"Jun 24, 2024",855,0
2021-05-20,EHYYSK93aHI,أَغرب طرق العِلاَج القديمة 😂 (الجزء الثاني),"Jun 24, 2024",855,0
2021-05-21,EHYYSK93aHI,أَغرب طرق العِلاَج القديمة 😂 (الجزء الثاني),"Jun 24, 2024",855,0
2021-05-22,EHYYSK93aHI,أَغرب طرق العِلاَج القديمة 😂 (الجزء الثاني),"Jun 24, 2024",855,0
2021-05-23,EHYYSK93aHI,أَغرب طرق العِلاَج القديمة 😂 (الجزء الثاني),"Jun 24, 2024",855,0
2021-05-24,EHYYSK93aHI,أَغرب طرق العِلاَج القديمة 😂 (الجزء الثاني),"Jun 24, 2024",855,0
2021-05-25,EHYYSK93aHI,أَغرب طرق العِلاَج القديمة 😂 (الجزء الثاني),"Jun 24, 2024",855,0
2021-05-26,EHYYSK93aHI,أَغرب طرق العِلاَج القديمة 😂 (الجزء الثاني),"Jun 24, 2024",855,0
2021-05-27,EHYYSK93aHI,أَغرب طرق العِلاَج القديمة 😂 (الجزء الثاني),"Jun 24, 2024",855,0
2021-05-28,EHYYSK93aHI,أَغرب طرق العِلاَج القديمة 😂 (الجزء الثاني),"Jun 24, 2024",855,0
2021-05-29,EHYYSK93aHI,أَغرب طرق العِلاَج القديمة 😂 (الجزء الثاني),"Jun 24, 2024",855,0
2021-05-30,EHYYSK93aHI,أَغرب طرق العِلاَج القديمة 😂 (الجزء الثاني),"Jun 24, 2024",855,0
2021-05-31,EHYYSK93aHI,أَغرب طرق العِلاَج القديمة 😂 (الجزء الثاني),"Jun 24, 2024",855,0
2021-06-01,EHYYSK93aHI,أَغرب طرق العِلاَج القديمة 😂 (الجزء الثاني),"Jun 24, 2024",855,0
2021-06-02,EHYYSK93aHI,أَغرب طرق العِلاَج القديمة 😂 (الجزء الثاني),"Jun 24, 2024",855,0
2021-06-03,EHYYSK93aHI,أَغرب طرق العِلاَج القديمة 😂 (الجزء الثاني),"Jun 24, 2024",855,0
2021-06-04,EHYYSK93aHI,أَغرب طرق العِلاَج القديمة 😂 (الجزء الثاني),"Jun 24, 2024",855,0
2021-06-05,EHYYSK93aHI,أَغرب طرق العِلاَج القديمة 😂 (الجزء الثاني),"Jun 24, 2024",855,0
2021-06-06,EHYYSK93aHI,أَغرب طرق العِلاَج القديمة 😂 (الجزء الثاني),"Jun 24, 2024",855,0
2021-06-07,EHYYSK93aHI,أَغرب طرق العِلاَج القديمة 😂 (الجزء الثاني),"Jun 24, 2024",855,0
2021-06-08,EHYYSK93aHI,أَغرب طرق العِلاَج القديمة 😂 (الجزء الثاني),"Jun 24, 2024",855,0
2021-06-09,EHYYSK93aHI,أَغرب طرق العِلاَج القديمة 😂 (الجزء الثاني),"Jun 24, 2024",855,0
2021-06-10,EHYYSK93aHI,أَغرب طرق العِلاَج القديمة 😂 (الجزء الثاني),"Jun 24, 2024",855,0
2021-06-11,EHYYSK93aHI,أَغرب طرق العِلاَج القديمة 😂 (الجزء الثاني),"Jun 24, 2024",855,0
2021-06-12,EHYYSK93aHI,أَغرب طرق العِلاَج القديمة 😂 (الجزء الثاني),"Jun 24, 2024",855,0
2021-06-13,EHYYSK93aHI,أَغرب طرق العِلاَج القديمة 😂 (الجزء الثاني),"Jun 24, 2024",855,0
2021-06-14,EHYYSK93aHI,أَغرب طرق العِلاَج القديمة 😂 (الجزء الثاني),"Jun 24, 2024",855,0
2021-06-15,EHYYSK93aHI,أَغرب طرق العِلاَج القديمة 😂 (الجزء الثاني),"Jun 24, 2024",855,0
2021-06-16,EHYYSK93aHI,أَغرب طرق العِلاَج القديمة 😂 (الجزء الثاني),"Jun 24, 2024",855,0
2021-06-17,EHYYSK93aHI,أَغرب طرق العِلاَج القديمة 😂 (الجزء الثاني),"Jun 24, 2024",855,0
2021-06-18,EHYYSK93aHI,أَغرب طرق العِلاَج القديمة 😂 (الجزء الثاني),"Jun 24, 2024",855,0
2021-06-19,EHYYSK93aHI,أَغرب طرق العِلاَج القديمة 😂 (الجزء الثاني),"Jun 24, 2024",855,0
2021-06-20,EHYYSK93aHI,أَغرب طرق العِلاَج القديمة 😂 (الجزء الثاني),"Jun 24, 2024",855,0
2021-06-21,EHYYSK93aHI,أَغرب طرق العِلاَج القديمة 😂 (الجزء الثاني),"Jun 24, 2024",855,0
2021-06-22,EHYYSK93aHI,أَغرب طرق العِلاَج القديمة 😂 (الجزء الثاني),"Jun 24, 2024",855,0
2021-06-23,EHYYSK93aHI,أَغرب طرق العِلاَج القديمة 😂 (الجزء الثاني),"Jun 24, 2024",855,0
2021-06-24,EHYYSK93aHI,أَغرب طرق العِلاَج القديمة 😂 (الجزء الثاني),"Jun 24, 2024",855,0
2021-06-25,EHYYSK93aHI,أَغرب طرق العِلاَج القديمة 😂 (الجزء الثاني),"Jun 24, 2024",855,0
2021-06-26,EHYYSK93aHI,أَغرب طرق العِلاَج القديمة 😂 (الجزء الثاني),"Jun 24, 2024",855,0
2021-06-27,EHYYSK93aHI,أَغرب طرق العِلاَج القديمة 😂 (الجزء الثاني),"Jun 24, 2024",855,0
2021-06-28,EHYYSK93aHI,أَغرب طرق العِلاَج القديمة 😂 (الجزء الثاني),"Jun 24, 2024",855,0
2021-06-29,EHYYSK93aHI,أَغرب طرق العِلاَج القديمة 😂 (الجزء الثاني),"Jun 24, 2024",855,0
2021-06-30,EHYYSK93aHI,أَغرب طرق العِلاَج القديمة 😂 (الجزء الثاني),"Jun 24, 2024",855,0
2021-07-01,EHYYSK93aHI,أَغرب طرق العِلاَج القديمة 😂 (الجزء الثاني),"Jun 24, 2024",855,0
2021-07-02,EHYYSK93aHI,أَغرب طرق العِلاَج القديمة 😂 (الجزء الثاني),"Jun 24, 2024",855,0
2021-07-03,EHYYSK93aHI,أَغرب طرق العِلاَج القديمة 😂 (الجزء الثاني),"Jun 24, 2024",855,0
2021-07-04,EHYYSK93aHI,أَغرب طرق العِلاَج القديمة 😂 (الجزء الثاني),"Jun 24, 2024",855,0
2021-07-05,EHYYSK93aHI,أَغرب طرق العِلاَج القديمة 😂 (الجزء الثاني),"Jun 24, 2024",855,0
2021-07-06,EHYYSK93aHI,أَغرب طرق العِلاَج القديمة 😂 (الجزء الثاني),"Jun 24, 2024",855,0
2021-07-07,EHYYSK93aHI,أَغرب طرق العِلاَج القديمة 😂 (الجزء الثاني),"Jun 24, 2024",855,0
2021-07-08,EHYYSK93aHI,أَغرب طرق العِلاَج القديمة 😂 (الجزء الثاني),"Jun 24, 2024",855,0
2021-07-09,EHYYSK93aHI,أَغرب طرق العِلاَج القديمة 😂 (الجزء الثاني),"Jun 24, 2024",855,0
2021-07-10,EHYYSK93aHI,أَغرب طرق العِلاَج القديمة 😂 (الجزء الثاني),"Jun 24, 2024",855,0
2021-07-11,EHYYSK93aHI,أَغرب طرق العِلاَج القديمة 😂 (الجزء الثاني),"Jun 24, 2024",855,0
2021-07-12,EHYYSK93aHI,أَغرب طرق العِلاَج القديمة 😂 (الجزء الثاني),"Jun 24, 2024",855,0
2021-07-13,EHYYSK93aHI,أَغرب طرق العِلاَج القديمة 😂 (الجزء الثاني),"Jun 24, 2024",855,0
2021-07-14,EHYYSK93aHI,أَغرب طرق العِلاَج القديمة 😂 (الجزء الثاني),"Jun 24, 2024",855,0
2021-07-15,EHYYSK93aHI,أَغرب طرق العِلاَج القديمة 😂 (الجزء الثاني),"Jun 24, 2024",855,0
2021-07-16,EHYYSK93aHI,أَغرب طرق العِلاَج القديمة 😂 (الجزء الثاني),"Jun 24, 2024",855,0
2021-07-17,EHYYSK93aHI,أَغرب طرق العِلاَج القديمة 😂 (الجزء الثاني),"Jun 24, 2024",855,0
2021-07-18,EHYYSK93aHI,أَغرب طرق العِلاَج القديمة 😂 (الجزء الثاني),"Jun 24, 2024",855,0
2021-07-19,EHYYSK93aHI,أَغرب طرق العِلاَج القديمة 😂 (الجزء الثاني),"Jun 24, 2024",855,0
2021-07-20,EHYYSK93aHI,أَغرب طرق العِلاَج القديمة 😂 (الجزء الثاني),"Jun 24, 2024",855,0
2021-07-21,EHYYSK93aHI,أَغرب طرق العِلاَج القديمة 😂 (الجزء الثاني),"Jun 24, 2024",855,0
2021-07-22,EHYYSK93aHI,أَغرب طرق العِلاَج القديمة 😂 (الجزء الثاني),"Jun 24, 2024",855,0
2021-07-23,EHYYSK93aHI,أَغرب طرق العِلاَج القديمة 😂 (الجزء الثاني),"Jun 24, 2024",855,0
2021-07-24,EHYYSK93aHI,أَغرب طرق العِلاَج القديمة 😂 (الجزء الثاني),"Jun 24, 2024",855,0
2021-07-25,EHYYSK93aHI,أَغرب طرق العِلاَج القديمة 😂 (الجزء الثاني),"Jun 24, 2024",855,0
2021-07-26,EHYYSK93aHI,أَغرب طرق العِلاَج القديمة 😂 (الجزء الثاني),"Jun 24, 2024",855,0
2021-07-27,EHYYSK93aHI,أَغرب طرق العِلاَج القديمة 😂 (الجزء الثاني),"Jun 24, 2024",855,0
2021-07-28,EHYYSK93aHI,أَغرب طرق العِلاَج القديمة 😂 (الجزء الثاني),"Jun 24, 2024",855,0
2021-07-29,EHYYSK93aHI,أَغرب طرق العِلاَج القديمة 😂 (الجزء الثاني),"Jun 24, 2024",855,0
2021-07-30,EHYYSK93aHI,أَغرب طرق العِلاَج القديمة 😂 (الجزء الثاني),"Jun 24, 2024",855,0
2021-07-31,EHYYSK93aHI,أَغرب طرق العِلاَج القديمة 😂 (الجزء الثاني),"Jun 24, 2024",855,0
2021-08-01,EHYYSK93aHI,أَغرب طرق العِلاَج القديمة 😂 (الجزء الثاني),"Jun 24, 2024",855,0
2021-08-02,EHYYSK93aHI,أَغرب طرق العِلاَج القديمة 😂 (الجزء الثاني),"Jun 24, 2024",855,0
2021-08-03,EHYYSK93aHI,أَغرب طرق العِلاَج القديمة 😂 (الجزء الثاني),"Jun 24, 2024",855,0
2021-08-04,EHYYSK93aHI,أَغرب طرق العِلاَج القديمة 😂 (الجزء الثاني),"Jun 24, 2024",855,0
2021-08-05,EHYYSK93aHI,أَغرب طرق العِلاَج القديمة 😂 (الجزء الثاني),"Jun 24, 2024",855,0
2021-08-06,EHYYSK93aHI,أَغرب طرق العِلاَج القديمة 😂 (الجزء الثاني),"Jun 24, 2024",855,0
2021-08-07,EHYYSK93aHI,أَغرب طرق العِلاَج القديمة 😂 (الجزء الثاني),"Jun 24, 2024",855,0
2021-08-08,EHYYSK93aHI,أَغرب طرق العِلاَج القديمة 😂 (الجزء الثاني),"Jun 24, 2024",855,0
2021-08-09,EHYYSK93aHI,أَغرب طرق العِلاَج القديمة 😂 (الجزء الثاني),"Jun 24, 2024",855,0
2021-08-10,EHYYSK93aHI,أَغرب طرق العِلاَج القديمة 😂 (الجزء الثاني),"Jun 24, 2024",855,0
2021-08-11,EHYYSK93aHI,أَغرب طرق العِلاَج القديمة 😂 (الجزء الثاني),"Jun 24, 2024",855,0
2021-08-12,EHYYSK93aHI,أَغرب طرق العِلاَج القديمة 😂 (الجزء الثاني),"Jun 24, 2024",855,0
2021-08-13,EHYYSK93aHI,أَغرب طرق العِلاَج القديمة 😂 (الجزء الثاني),"Jun 24, 2024",855,0
2021-08-14,EHYYSK93aHI,أَغرب طرق العِلاَج القديمة 😂 (الجزء الثاني),"Jun 24, 2024",855,0
2021-08-15,EHYYSK93aHI,أَغرب طرق العِلاَج القديمة 😂 (الجزء الثاني),"Jun 24, 2024",855,0
2021-08-16,EHYYSK93aHI,أَغرب طرق العِلاَج القديمة 😂 (الجزء الثاني),"Jun 24, 2024",855,0
2021-08-17,EHYYSK93aHI,أَغرب طرق العِلاَج القديمة 😂 (الجزء الثاني),"Jun 24, 2024",855,0
2021-08-18,EHYYSK93aHI,أَغرب طرق العِلاَج القديمة 😂 (الجزء الثاني),"Jun 24, 2024",855,0
2021-08-19,EHYYSK93aHI,أَغرب طرق العِلاَج القديمة 😂 (الجزء الثاني),"Jun 24, 2024",855,0
2021-08-20,EHYYSK93aHI,أَغرب طرق العِلاَج القديمة 😂 (الجزء الثاني),"Jun 24, 2024",855,0
2021-08-21,EHYYSK93aHI,أَغرب طرق العِلاَج القديمة 😂 (الجزء الثاني),"Jun 24, 2024",855,0
2021-08-22,EHYYSK93aHI,أَغرب طرق العِلاَج القديمة 😂 (الجزء الثاني),"Jun 24, 2024",855,0
2021-08-23,EHYYSK93aHI,أَغرب طرق العِلاَج القديمة 😂 (الجزء الثاني),"Jun 24, 2024",855,0
2021-08-24,EHYYSK93aHI,أَغرب طرق العِلاَج القديمة 😂 (الجزء الثاني),"Jun 24, 2024",855,0
2021-08-25,EHYYSK93aHI,أَغرب طرق العِلاَج القديمة 😂 (الجزء الثاني),"Jun 24, 2024",855,0
2021-08-26,EHYYSK93aHI,أَغرب طرق العِلاَج القديمة 😂 (الجزء الثاني),"Jun 24, 2024",855,0
2021-08-27,EHYYSK93aHI,أَغرب طرق العِلاَج القديمة 😂 (الجزء الثاني),"Jun 24, 2024",855,0
2021-08-28,EHYYSK93aHI,أَغرب طرق العِلاَج القديمة 😂 (الجزء الثاني),"Jun 24, 2024",855,0
2021-08-29,EHYYSK93aHI,أَغرب طرق العِلاَج القديمة 😂 (الجزء الثاني),"Jun 24, 2024",855,0
2021-08-30,EHYYSK93aHI,أَغرب طرق العِلاَج القديمة 😂 (الجزء الثاني),"Jun 24, 2024",855,0
2021-08-31,EHYYSK93aHI,أَغرب طرق العِلاَج القديمة 😂 (الجزء الثاني),"Jun 24, 2024",855,0
2021-09-01,EHYYSK93aHI,أَغرب طرق العِلاَج القديمة 😂 (الجزء الثاني),"Jun 24, 2024",855,0
2021-09-02,EHYYSK93aHI,أَغرب طرق العِلاَج القديمة 😂 (الجزء الثاني),"Jun 24, 2024",855,0
2021-09-03,EHYYSK93aHI,أَغرب طرق العِلاَج القديمة 😂 (الجزء الثاني),"Jun 24, 2024",855,0
2021-09-04,EHYYSK93aHI,أَغرب طرق العِلاَج القديمة 😂 (الجزء الثاني),"Jun 24, 2024",855,0
2021-09-05,EHYYSK93aHI,أَغرب طرق العِلاَج القديمة 😂 (الجزء الثاني),"Jun 24, 2024",855,0
2021-09-06,EHYYSK93aHI,أَغرب طرق العِلاَج القديمة 😂 (الجزء الثاني),"Jun 24, 2024",855,0
2021-09-07,EHYYSK93aHI,أَغرب طرق العِلاَج القديمة 😂 (الجزء الثاني),"Jun 24, 2024",855,0
2021-09-08,EHYYSK93aHI,أَغرب طرق العِلاَج القديمة 😂 (الجزء الثاني),"Jun 24, 2024",855,0
2021-09-09,EHYYSK93aHI,أَغرب طرق العِلاَج القديمة 😂 (الجزء الثاني),"Jun 24, 2024",855,0
2021-09-10,EHYYSK93aHI,أَغرب طرق العِلاَج القديمة 😂 (الجزء الثاني),"Jun 24, 2024",855,0
2021-09-11,EHYYSK93aHI,أَغرب طرق العِلاَج القديمة 😂 (الجزء الثاني),"Jun 24, 2024",855,0
2021-09-12,EHYYSK93aHI,أَغرب طرق العِلاَج القديمة 😂 (الجزء الثاني),"Jun 24, 2024",855,0
2021-09-13,EHYYSK93aHI,أَغرب طرق العِلاَج القديمة 😂 (الجزء الثاني),"Jun 24, 2024",855,0
2021-09-14,EHYYSK93aHI,أَغرب طرق العِلاَج القديمة 😂 (الجزء الثاني),"Jun 24, 2024",855,0
2021-09-15,EHYYSK93aHI,أَغرب طرق العِلاَج القديمة 😂 (الجزء الثاني),"Jun 24, 2024",855,0
2021-09-16,EHYYSK93aHI,أَغرب طرق العِلاَج القديمة 😂 (الجزء الثاني),"Jun 24, 2024",855,0
2021-09-17,EHYYSK93aHI,أَغرب طرق العِلاَج القديمة 😂 (الجزء الثاني),"Jun 24, 2024",855,0
2021-09-18,EHYYSK93aHI,أَغرب طرق العِلاَج القديمة 😂 (الجزء الثاني),"Jun 24, 2024",855,0
2021-09-19,EHYYSK93aHI,أَغرب طرق العِلاَج القديمة 😂 (الجزء الثاني),"Jun 24, 2024",855,0
2021-09-20,EHYYSK93aHI,أَغرب طرق العِلاَج القديمة 😂 (الجزء الثاني),"Jun 24, 2024",855,0
2021-09-21,EHYYSK93aHI,أَغرب طرق العِلاَج القديمة 😂 (الجزء الثاني),"Jun 24, 2024",855,0
2021-09-22,EHYYSK93aHI,أَغرب طرق العِلاَج القديمة 😂 (الجزء الثاني),"Jun 24, 2024",855,0
2021-09-23,EHYYSK93aHI,أَغرب طرق العِلاَج القديمة 😂 (الجزء الثاني),"Jun 24, 2024",855,0
2021-09-24,EHYYSK93aHI,أَغرب طرق العِلاَج القديمة 😂 (الجزء الثاني),"Jun 24, 2024",855,0
2021-09-25,EHYYSK93aHI,أَغرب طرق العِلاَج القديمة 😂 (الجزء الثاني),"Jun 24, 2024",855,0
2021-09-26,EHYYSK93aHI,أَغرب طرق العِلاَج القديمة 😂 (الجزء الثاني),"Jun 24, 2024",855,0
2021-09-27,EHYYSK93aHI,أَغرب طرق العِلاَج القديمة 😂 (الجزء الثاني),"Jun 24, 2024",855,0
2021-09-28,EHYYSK93aHI,أَغرب طرق العِلاَج القديمة 😂 (الجزء الثاني),"Jun 24, 2024",855,0
2021-09-29,EHYYSK93aHI,أَغرب طرق العِلاَج القديمة 😂 (الجزء الثاني),"Jun 24, 2024",855,0
2021-09-30,EHYYSK93aHI,أَغرب طرق العِلاَج القديمة 😂 (الجزء الثاني),"Jun 24, 2024",855,0
2021-10-01,EHYYSK93aHI,أَغرب طرق العِلاَج القديمة 😂 (الجزء الثاني),"Jun 24, 2024",855,0
2021-10-02,EHYYSK93aHI,أَغرب طرق العِلاَج القديمة 😂 (الجزء الثاني),"Jun 24, 2024",855,0
2021-10-03,EHYYSK93aHI,أَغرب طرق العِلاَج القديمة 😂 (الجزء الثاني),"Jun 24, 2024",855,0
2021-10-04,EHYYSK93aHI,أَغرب طرق العِلاَج القديمة 😂 (الجزء الثاني),"Jun 24, 2024",855,0
2021-10-05,EHYYSK93aHI,أَغرب طرق العِلاَج القديمة 😂 (الجزء الثاني),"Jun 24, 2024",855,0
2021-10-06,EHYYSK93aHI,أَغرب طرق العِلاَج القديمة 😂 (الجزء الثاني),"Jun 24, 2024",855,0
2021-10-07,EHYYSK93aHI,أَغرب طرق العِلاَج القديمة 😂 (الجزء الثاني),"Jun 24, 2024",855,0
2021-10-08,EHYYSK93aHI,أَغرب طرق العِلاَج القديمة 😂 (الجزء الثاني),"Jun 24, 2024",855,0
2021-10-09,EHYYSK93aHI,أَغرب طرق العِلاَج القديمة 😂 (الجزء الثاني),"Jun 24, 2024",855,0
2021-10-10,EHYYSK93aHI,أَغرب طرق العِلاَج القديمة 😂 (الجزء الثاني),"Jun 24, 2024",855,0
2021-10-11,EHYYSK93aHI,أَغرب طرق العِلاَج القديمة 😂 (الجزء الثاني),"Jun 24, 2024",855,0
2021-10-12,EHYYSK93aHI,أَغرب طرق العِلاَج القديمة 😂 (الجزء الثاني),"Jun 24, 2024",855,0
2021-10-13,EHYYSK93aHI,أَغرب طرق العِلاَج القديمة 😂 (الجزء الثاني),"Jun 24, 2024",855,0
2021-10-14,EHYYSK93aHI,أَغرب طرق العِلاَج القديمة 😂 (الجزء الثاني),"Jun 24, 2024",855,0
2021-10-15,EHYYSK93aHI,أَغرب طرق العِلاَج القديمة 😂 (الجزء الثاني),"Jun 24, 2024",855,0
2021-10-16,EHYYSK93aHI,أَغرب طرق العِلاَج القديمة 😂 (الجزء الثاني),"Jun 24, 2024",855,0
2021-10-17,EHYYSK93aHI,أَغرب طرق العِلاَج القديمة 😂 (الجزء الثاني),"Jun 24, 2024",855,0
2021-10-18,EHYYSK93aHI,أَغرب طرق العِلاَج القديمة 😂 (الجزء الثاني),"Jun 24, 2024",855,0
2021-10-19,EHYYSK93aHI,أَغرب طرق العِلاَج القديمة 😂 (الجزء الثاني),"Jun 24, 2024",855,0
2021-10-20,EHYYSK93aHI,أَغرب طرق العِلاَج القديمة 😂 (الجزء الثاني),"Jun 24, 2024",855,0
2021-10-21,EHYYSK93aHI,أَغرب طرق العِلاَج القديمة 😂 (الجزء الثاني),"Jun 24, 2024",855,0
2021-10-22,EHYYSK93aHI,أَغرب طرق العِلاَج القديمة 😂 (الجزء الثاني),"Jun 24, 2024",855,0
2021-10-23,EHYYSK93aHI,أَغرب طرق العِلاَج القديمة 😂 (الجزء الثاني),"Jun 24, 2024",855,0
2021-10-24,EHYYSK93aHI,أَغرب طرق العِلاَج القديمة 😂 (الجزء الثاني),"Jun 24, 2024",855,0
2021-10-25,EHYYSK93aHI,أَغرب طرق العِلاَج القديمة 😂 (الجزء الثاني),"Jun 24, 2024",855,0
2021-10-26,EHYYSK93aHI,أَغرب طرق العِلاَج القديمة 😂 (الجزء الثاني),"Jun 24, 2024",855,0
2021-10-27,EHYYSK93aHI,أَغرب طرق العِلاَج القديمة 😂 (الجزء الثاني),"Jun 24, 2024",855,0
2021-10-28,EHYYSK93aHI,أَغرب طرق العِلاَج القديمة 😂 (الجزء الثاني),"Jun 24, 2024",855,0
2021-10-29,EHYYSK93aHI,أَغرب طرق العِلاَج القديمة 😂 (الجزء الثاني),"Jun 24, 2024",855,0
2021-10-30,EHYYSK93aHI,أَغرب طرق العِلاَج القديمة 😂 (الجزء الثاني),"Jun 24, 2024",855,0
2021-10-31,EHYYSK93aHI,أَغرب طرق العِلاَج القديمة 😂 (الجزء الثاني),"Jun 24, 2024",855,0
2021-11-01,EHYYSK93aHI,أَغرب طرق العِلاَج القديمة 😂 (الجزء الثاني),"Jun 24, 2024",855,0
2021-11-02,EHYYSK93aHI,أَغرب طرق العِلاَج القديمة 😂 (الجزء الثاني),"Jun 24, 2024",855,0
2021-11-03,EHYYSK93aHI,أَغرب طرق العِلاَج القديمة 😂 (الجزء الثاني),"Jun 24, 2024",855,0
2021-11-04,EHYYSK93aHI,أَغرب طرق العِلاَج القديمة 😂 (الجزء الثاني),"Jun 24, 2024",855,0
2021-11-05,EHYYSK93aHI,أَغرب طرق العِلاَج القديمة 😂 (الجزء الثاني),"Jun 24, 2024",855,0
2021-11-06,EHYYSK93aHI,أَغرب طرق العِلاَج القديمة 😂 (الجزء الثاني),"Jun 24, 2024",855,0
2021-11-07,EHYYSK93aHI,أَغرب طرق العِلاَج القديمة 😂 (الجزء الثاني),"Jun 24, 2024",855,0
2021-11-08,EHYYSK93aHI,أَغرب طرق العِلاَج القديمة 😂 (الجزء الثاني),"Jun 24, 2024",855,0
2021-11-09,EHYYSK93aHI,أَغرب طرق العِلاَج القديمة 😂 (الجزء الثاني),"Jun 24, 2024",855,0
2021-11-10,EHYYSK93aHI,أَغرب طرق العِلاَج القديمة 😂 (الجزء الثاني),"Jun 24, 2024",855,0
2021-11-11,EHYYSK93aHI,أَغرب طرق العِلاَج القديمة 😂 (الجزء الثاني),"Jun 24, 2024",855,0
2021-11-12,EHYYSK93aHI,أَغرب طرق العِلاَج القديمة 😂 (الجزء الثاني),"Jun 24, 2024",855,0
2021-11-13,EHYYSK93aHI,أَغرب طرق العِلاَج القديمة 😂 (الجزء الثاني),"Jun 24, 2024",855,0
2021-11-14,EHYYSK93aHI,أَغرب طرق العِلاَج القديمة 😂 (الجزء الثاني),"Jun 24, 2024",855,0
2021-11-15,EHYYSK93aHI,أَغرب طرق العِلاَج القديمة 😂 (الجزء الثاني),"Jun 24, 2024",855,0
2021-11-16,EHYYSK93aHI,أَغرب طرق العِلاَج القديمة 😂 (الجزء الثاني),"Jun 24, 2024",855,0
2021-11-17,EHYYSK93aHI,أَغرب طرق العِلاَج القديمة 😂 (الجزء الثاني),"Jun 24, 2024",855,0
2021-11-18,EHYYSK93aHI,أَغرب طرق العِلاَج القديمة 😂 (الجزء الثاني),"Jun 24, 2024",855,0
2021-11-19,EHYYSK93aHI,أَغرب طرق العِلاَج القديمة 😂 (الجزء الثاني),"Jun 24, 2024",855,0
2021-11-20,EHYYSK93aHI,أَغرب طرق العِلاَج القديمة 😂 (الجزء الثاني),"Jun 24, 2024",855,0
2021-11-21,EHYYSK93aHI,أَغرب طرق العِلاَج القديمة 😂 (الجزء الثاني),"Jun 24, 2024",855,0
2021-11-22,EHYYSK93aHI,أَغرب طرق العِلاَج القديمة 😂 (الجزء الثاني),"Jun 24, 2024",855,0
2021-11-23,EHYYSK93aHI,أَغرب طرق العِلاَج القديمة 😂 (الجزء الثاني),"Jun 24, 2024",855,0
2021-11-24,EHYYSK93aHI,أَغرب طرق العِلاَج القديمة 😂 (الجزء الثاني),"Jun 24, 2024",855,0
2021-11-25,EHYYSK93aHI,أَغرب طرق العِلاَج القديمة 😂 (الجزء الثاني),"Jun 24, 2024",855,0
2021-11-26,EHYYSK93aHI,أَغرب طرق العِلاَج القديمة 😂 (الجزء الثاني),"Jun 24, 2024",855,0
2021-11-27,EHYYSK93aHI,أَغرب طرق العِلاَج القديمة 😂 (الجزء الثاني),"Jun 24, 2024",855,0
2021-11-28,EHYYSK93aHI,أَغرب طرق العِلاَج القديمة 😂 (الجزء الثاني),"Jun 24, 2024",855,0
2021-11-29,EHYYSK93aHI,أَغرب طرق العِلاَج القديمة 😂 (الجزء الثاني),"Jun 24, 2024",855,0
2021-11-30,EHYYSK93aHI,أَغرب طرق العِلاَج القديمة 😂 (الجزء الثاني),"Jun 24, 2024",855,0
2021-12-01,EHYYSK93aHI,أَغرب طرق العِلاَج القديمة 😂 (الجزء الثاني),"Jun 24, 2024",855,0
2021-12-02,EHYYSK93aHI,أَغرب طرق العِلاَج القديمة 😂 (الجزء الثاني),"Jun 24, 2024",855,0
2021-12-03,EHYYSK93aHI,أَغرب طرق العِلاَج القديمة 😂 (الجزء الثاني),"Jun 24, 2024",855,0
2021-12-04,EHYYSK93aHI,أَغرب طرق العِلاَج القديمة 😂 (الجزء الثاني),"Jun 24, 2024",855,0
2021-12-05,EHYYSK93aHI,أَغرب طرق العِلاَج القديمة 😂 (الجزء الثاني),"Jun 24, 2024",855,0
2021-12-06,EHYYSK93aHI,أَغرب طرق العِلاَج القديمة 😂 (الجزء الثاني),"Jun 24, 2024",855,0
2021-12-07,EHYYSK93aHI,أَغرب طرق العِلاَج القديمة 😂 (الجزء الثاني),"Jun 24, 2024",855,0
2021-12-08,EHYYSK93aHI,أَغرب طرق العِلاَج القديمة 😂 (الجزء الثاني),"Jun 24, 2024",855,0
2021-12-09,EHYYSK93aHI,أَغرب طرق العِلاَج القديمة 😂 (الجزء الثاني),"Jun 24, 2024",855,0
2021-12-10,EHYYSK93aHI,أَغرب طرق العِلاَج القديمة 😂 (الجزء الثاني),"Jun 24, 2024",855,0
2021-12-11,EHYYSK93aHI,أَغرب طرق العِلاَج القديمة 😂 (الجزء الثاني),"Jun 24, 2024",855,0
2021-12-12,EHYYSK93aHI,أَغرب طرق العِلاَج القديمة 😂 (الجزء الثاني),"Jun 24, 2024",855,0
2021-12-13,EHYYSK93aHI,أَغرب طرق العِلاَج القديمة 😂 (الجزء الثاني),"Jun 24, 2024",855,0
2021-12-14,EHYYSK93aHI,أَغرب طرق العِلاَج القديمة 😂 (الجزء الثاني),"Jun 24, 2024",855,0
2021-12-15,EHYYSK93aHI,أَغرب طرق العِلاَج القديمة 😂 (الجزء الثاني),"Jun 24, 2024",855,0
2021-12-16,EHYYSK93aHI,أَغرب طرق العِلاَج القديمة 😂 (الجزء الثاني),"Jun 24, 2024",855,0
2021-12-17,EHYYSK93aHI,أَغرب طرق العِلاَج القديمة 😂 (الجزء الثاني),"Jun 24, 2024",855,0
2021-12-18,EHYYSK93aHI,أَغرب طرق العِلاَج القديمة 😂 (الجزء الثاني),"Jun 24, 2024",855,0
2021-12-19,EHYYSK93aHI,أَغرب طرق العِلاَج القديمة 😂 (الجزء الثاني),"Jun 24, 2024",855,0
2021-12-20,EHYYSK93aHI,أَغرب طرق العِلاَج القديمة 😂 (الجزء الثاني),"Jun 24, 2024",855,0
2021-12-21,EHYYSK93aHI,أَغرب طرق العِلاَج القديمة 😂 (الجزء الثاني),"Jun 24, 2024",855,0
2021-12-22,EHYYSK93aHI,أَغرب طرق العِلاَج القديمة 😂 (الجزء الثاني),"Jun 24, 2024",855,0
2021-12-23,EHYYSK93aHI,أَغرب طرق العِلاَج القديمة 😂 (الجزء الثاني),"Jun 24, 2024",855,0
2021-12-24,EHYYSK93aHI,أَغرب طرق العِلاَج القديمة 😂 (الجزء الثاني),"Jun 24, 2024",855,0
2021-12-25,EHYYSK93aHI,أَغرب طرق العِلاَج القديمة 😂 (الجزء الثاني),"Jun 24, 2024",855,0
2021-12-26,EHYYSK93aHI,أَغرب طرق العِلاَج القديمة 😂 (الجزء الثاني),"Jun 24, 2024",855,0
2021-12-27,EHYYSK93aHI,أَغرب طرق العِلاَج القديمة 😂 (الجزء الثاني),"Jun 24, 2024",855,0
2021-12-28,EHYYSK93aHI,أَغرب طرق العِلاَج القديمة 😂 (الجزء الثاني),"Jun 24, 2024",855,0
2021-12-29,EHYYSK93aHI,أَغرب طرق العِلاَج القديمة 😂 (الجزء الثاني),"Jun 24, 2024",855,0
2021-12-30,EHYYSK93aHI,أَغرب طرق العِلاَج القديمة 😂 (الجزء الثاني),"Jun 24, 2024",855,0
2021-12-31,EHYYSK93aHI,أَغرب طرق العِلاَج القديمة 😂 (الجزء الثاني),"Jun 24, 2024",855,0
2022-01-01,EHYYSK93aHI,أَغرب طرق العِلاَج القديمة 😂 (الجزء الثاني),"Jun 24, 2024",855,0
2022-01-02,EHYYSK93aHI,أَغرب طرق العِلاَج القديمة 😂 (الجزء الثاني),"Jun 24, 2024",855,0
2022-01-03,EHYYSK93aHI,أَغرب طرق العِلاَج القديمة 😂 (الجزء الثاني),"Jun 24, 2024",855,0
2022-01-04,EHYYSK93aHI,أَغرب طرق العِلاَج القديمة 😂 (الجزء الثاني),"Jun 24, 2024",855,0
2022-01-05,EHYYSK93aHI,أَغرب طرق العِلاَج القديمة 😂 (الجزء الثاني),"Jun 24, 2024",855,0
2022-01-06,EHYYSK93aHI,أَغرب طرق العِلاَج القديمة 😂 (الجزء الثاني),"Jun 24, 2024",855,0
2022-01-07,EHYYSK93aHI,أَغرب طرق العِلاَج القديمة 😂 (الجزء الثاني),"Jun 24, 2024",855,0
2022-01-08,EHYYSK93aHI,أَغرب طرق العِلاَج القديمة 😂 (الجزء الثاني),"Jun 24, 2024",855,0
2022-01-09,EHYYSK93aHI,أَغرب طرق العِلاَج القديمة 😂 (الجزء الثاني),"Jun 24, 2024",855,0
2022-01-10,EHYYSK93aHI,أَغرب طرق العِلاَج القديمة 😂 (الجزء الثاني),"Jun 24, 2024",855,0
2022-01-11,EHYYSK93aHI,أَغرب طرق العِلاَج القديمة 😂 (الجزء الثاني),"Jun 24, 2024",855,0
2022-01-12,EHYYSK93aHI,أَغرب طرق العِلاَج القديمة 😂 (الجزء الثاني),"Jun 24, 2024",855,0
2022-01-13,EHYYSK93aHI,أَغرب طرق العِلاَج القديمة 😂 (الجزء الثاني),"Jun 24, 2024",855,0
2022-01-14,EHYYSK93aHI,أَغرب طرق العِلاَج القديمة 😂 (الجزء الثاني),"Jun 24, 2024",855,0
2022-01-15,EHYYSK93aHI,أَغرب طرق العِلاَج القديمة 😂 (الجزء الثاني),"Jun 24, 2024",855,0
2022-01-16,EHYYSK93aHI,أَغرب طرق العِلاَج القديمة 😂 (الجزء الثاني),"Jun 24, 2024",855,0
2022-01-17,EHYYSK93aHI,أَغرب طرق العِلاَج القديمة 😂 (الجزء الثاني),"Jun 24, 2024",855,0
2022-01-18,EHYYSK93aHI,أَغرب طرق العِلاَج القديمة 😂 (الجزء الثاني),"Jun 24, 2024",855,0
2022-01-19,EHYYSK93aHI,أَغرب طرق العِلاَج القديمة 😂 (الجزء الثاني),"Jun 24, 2024",855,0
2022-01-20,EHYYSK93aHI,أَغرب طرق العِلاَج القديمة 😂 (الجزء الثاني),"Jun 24, 2024",855,0
2022-01-21,EHYYSK93aHI,أَغرب طرق العِلاَج القديمة 😂 (الجزء الثاني),"Jun 24, 2024",855,0
2022-01-22,EHYYSK93aHI,أَغرب طرق العِلاَج القديمة 😂 (الجزء الثاني),"Jun 24, 2024",855,0
2022-01-23,EHYYSK93aHI,أَغرب طرق العِلاَج القديمة 😂 (الجزء الثاني),"Jun 24, 2024",855,0
2022-01-24,EHYYSK93aHI,أَغرب طرق العِلاَج القديمة 😂 (الجزء الثاني),"Jun 24, 2024",855,0
2022-01-25,EHYYSK93aHI,أَغرب طرق العِلاَج القديمة 😂 (الجزء الثاني),"Jun 24, 2024",855,0
2022-01-26,EHYYSK93aHI,أَغرب طرق العِلاَج القديمة 😂 (الجزء الثاني),"Jun 24, 2024",855,0
2022-01-27,EHYYSK93aHI,أَغرب طرق العِلاَج القديمة 😂 (الجزء الثاني),"Jun 24, 2024",855,0
2022-01-28,EHYYSK93aHI,أَغرب طرق العِلاَج القديمة 😂 (الجزء الثاني),"Jun 24, 2024",855,0
2022-01-29,EHYYSK93aHI,أَغرب طرق العِلاَج القديمة 😂 (الجزء الثاني),"Jun 24, 2024",855,0
2022-01-30,EHYYSK93aHI,أَغرب طرق العِلاَج القديمة 😂 (الجزء الثاني),"Jun 24, 2024",855,0
2022-01-31,EHYYSK93aHI,أَغرب طرق العِلاَج القديمة 😂 (الجزء الثاني),"Jun 24, 2024",855,0
2022-02-01,EHYYSK93aHI,أَغرب طرق العِلاَج القديمة 😂 (الجزء الثاني),"Jun 24, 2024",855,0
2022-02-02,EHYYSK93aHI,أَغرب طرق العِلاَج القديمة 😂 (الجزء الثاني),"Jun 24, 2024",855,0
2022-02-03,EHYYSK93aHI,أَغرب طرق العِلاَج القديمة 😂 (الجزء الثاني),"Jun 24, 2024",855,0
2022-02-04,EHYYSK93aHI,أَغرب طرق العِلاَج القديمة 😂 (الجزء الثاني),"Jun 24, 2024",855,0
2022-02-05,EHYYSK93aHI,أَغرب طرق العِلاَج القديمة 😂 (الجزء الثاني),"Jun 24, 2024",855,0
2022-02-06,EHYYSK93aHI,أَغرب طرق العِلاَج القديمة 😂 (الجزء الثاني),"Jun 24, 2024",855,0
2022-02-07,EHYYSK93aHI,أَغرب طرق العِلاَج القديمة 😂 (الجزء الثاني),"Jun 24, 2024",855,0
2022-02-08,EHYYSK93aHI,أَغرب طرق العِلاَج القديمة 😂 (الجزء الثاني),"Jun 24, 2024",855,0
2022-02-09,EHYYSK93aHI,أَغرب طرق العِلاَج القديمة 😂 (الجزء الثاني),"Jun 24, 2024",855,0
2022-02-10,EHYYSK93aHI,أَغرب طرق العِلاَج القديمة 😂 (الجزء الثاني),"Jun 24, 2024",855,0
2022-02-11,EHYYSK93aHI,أَغرب طرق العِلاَج القديمة 😂 (الجزء الثاني),"Jun 24, 2024",855,0
2022-02-12,EHYYSK93aHI,أَغرب طرق العِلاَج القديمة 😂 (الجزء الثاني),"Jun 24, 2024",855,0
2022-02-13,EHYYSK93aHI,أَغرب طرق العِلاَج القديمة 😂 (الجزء الثاني),"Jun 24, 2024",855,0
2022-02-14,EHYYSK93aHI,أَغرب طرق العِلاَج القديمة 😂 (الجزء الثاني),"Jun 24, 2024",855,0
2022-02-15,EHYYSK93aHI,أَغرب طرق العِلاَج القديمة 😂 (الجزء الثاني),"Jun 24, 2024",855,0
2022-02-16,EHYYSK93aHI,أَغرب طرق العِلاَج القديمة 😂 (الجزء الثاني),"Jun 24, 2024",855,0
2022-02-17,EHYYSK93aHI,أَغرب طرق العِلاَج القديمة 😂 (الجزء الثاني),"Jun 24, 2024",855,0
2022-02-18,EHYYSK93aHI,أَغرب طرق العِلاَج القديمة 😂 (الجزء الثاني),"Jun 24, 2024",855,0
2022-02-19,EHYYSK93aHI,أَغرب طرق العِلاَج القديمة 😂 (الجزء الثاني),"Jun 24, 2024",855,0
2022-02-20,EHYYSK93aHI,أَغرب طرق العِلاَج القديمة 😂 (الجزء الثاني),"Jun 24, 2024",855,0
2022-02-21,EHYYSK93aHI,أَغرب طرق العِلاَج القديمة 😂 (الجزء الثاني),"Jun 24, 2024",855,0
2022-02-22,EHYYSK93aHI,أَغرب طرق العِلاَج القديمة 😂 (الجزء الثاني),"Jun 24, 2024",855,0
2022-02-23,EHYYSK93aHI,أَغرب طرق العِلاَج القديمة 😂 (الجزء الثاني),"Jun 24, 2024",855,0
2022-02-24,EHYYSK93aHI,أَغرب طرق العِلاَج القديمة 😂 (الجزء الثاني),"Jun 24, 2024",855,0
2022-02-25,EHYYSK93aHI,أَغرب طرق العِلاَج القديمة 😂 (الجزء الثاني),"Jun 24, 2024",855,0
2022-02-26,EHYYSK93aHI,أَغرب طرق العِلاَج القديمة 😂 (الجزء الثاني),"Jun 24, 2024",855,0
2022-02-27,EHYYSK93aHI,أَغرب طرق العِلاَج القديمة 😂 (الجزء الثاني),"Jun 24, 2024",855,0
2022-02-28,EHYYSK93aHI,أَغرب طرق العِلاَج القديمة 😂 (الجزء الثاني),"Jun 24, 2024",855,0
2022-03-01,EHYYSK93aHI,أَغرب طرق العِلاَج القديمة 😂 (الجزء الثاني),"Jun 24, 2024",855,0
2022-03-02,EHYYSK93aHI,أَغرب طرق العِلاَج القديمة 😂 (الجزء الثاني),"Jun 24, 2024",855,0
2022-03-03,EHYYSK93aHI,أَغرب طرق العِلاَج القديمة 😂 (الجزء الثاني),"Jun 24, 2024",855,0
2022-03-04,EHYYSK93aHI,أَغرب طرق العِلاَج القديمة 😂 (الجزء الثاني),"Jun 24, 2024",855,0
2022-03-05,EHYYSK93aHI,أَغرب طرق العِلاَج القديمة 😂 (الجزء الثاني),"Jun 24, 2024",855,0
2022-03-06,EHYYSK93aHI,أَغرب طرق العِلاَج القديمة 😂 (الجزء الثاني),"Jun 24, 2024",855,0
2022-03-07,EHYYSK93aHI,أَغرب طرق العِلاَج القديمة 😂 (الجزء الثاني),"Jun 24, 2024",855,0
2022-03-08,EHYYSK93aHI,أَغرب طرق العِلاَج القديمة 😂 (الجزء الثاني),"Jun 24, 2024",855,0
2022-03-09,EHYYSK93aHI,أَغرب طرق العِلاَج القديمة 😂 (الجزء الثاني),"Jun 24, 2024",855,0
2022-03-10,EHYYSK93aHI,أَغرب طرق العِلاَج القديمة 😂 (الجزء الثاني),"Jun 24, 2024",855,0
2022-03-11,EHYYSK93aHI,أَغرب طرق العِلاَج القديمة 😂 (الجزء الثاني),"Jun 24, 2024",855,0
2022-03-12,EHYYSK93aHI,أَغرب طرق العِلاَج القديمة 😂 (الجزء الثاني),"Jun 24, 2024",855,0
2022-03-13,EHYYSK93aHI,أَغرب طرق العِلاَج القديمة 😂 (الجزء الثاني),"Jun 24, 2024",855,0
2022-03-14,EHYYSK93aHI,أَغرب طرق العِلاَج القديمة 😂 (الجزء الثاني),"Jun 24, 2024",855,0
2022-03-15,EHYYSK93aHI,أَغرب طرق العِلاَج القديمة 😂 (الجزء الثاني),"Jun 24, 2024",855,0
2022-03-16,EHYYSK93aHI,أَغرب طرق العِلاَج القديمة 😂 (الجزء الثاني),"Jun 24, 2024",855,0
2022-03-17,EHYYSK93aHI,أَغرب طرق العِلاَج القديمة 😂 (الجزء الثاني),"Jun 24, 2024",855,0
2022-03-18,EHYYSK93aHI,أَغرب طرق العِلاَج القديمة 😂 (الجزء الثاني),"Jun 24, 2024",855,0
2022-03-19,EHYYSK93aHI,أَغرب طرق العِلاَج القديمة 😂 (الجزء الثاني),"Jun 24, 2024",855,0
2022-03-20,EHYYSK93aHI,أَغرب طرق العِلاَج القديمة 😂 (الجزء الثاني),"Jun 24, 2024",855,0
2022-03-21,EHYYSK93aHI,أَغرب طرق العِلاَج القديمة 😂 (الجزء الثاني),"Jun 24, 2024",855,0
2022-03-22,EHYYSK93aHI,أَغرب طرق العِلاَج القديمة 😂 (الجزء الثاني),"Jun 24, 2024",855,0
2022-03-23,EHYYSK93aHI,أَغرب طرق العِلاَج القديمة 😂 (الجزء الثاني),"Jun 24, 2024",855,0
2022-03-24,EHYYSK93aHI,أَغرب طرق العِلاَج القديمة 😂 (الجزء الثاني),"Jun 24, 2024",855,0
2022-03-25,EHYYSK93aHI,أَغرب طرق العِلاَج القديمة 😂 (الجزء الثاني),"Jun 24, 2024",855,0
2022-03-26,EHYYSK93aHI,أَغرب طرق العِلاَج القديمة 😂 (الجزء الثاني),"Jun 24, 2024",855,0
2022-03-27,EHYYSK93aHI,أَغرب طرق العِلاَج القديمة 😂 (الجزء الثاني),"Jun 24, 2024",855,0
2022-03-28,EHYYSK93aHI,أَغرب طرق العِلاَج القديمة 😂 (الجزء الثاني),"Jun 24, 2024",855,0
2022-03-29,EHYYSK93aHI,أَغرب طرق العِلاَج القديمة 😂 (الجزء الثاني),"Jun 24, 2024",855,0
2022-03-30,EHYYSK93aHI,أَغرب طرق العِلاَج القديمة 😂 (الجزء الثاني),"Jun 24, 2024",855,0
2022-03-31,EHYYSK93aHI,أَغرب طرق العِلاَج القديمة 😂 (الجزء الثاني),"Jun 24, 2024",855,0
2022-04-01,EHYYSK93aHI,أَغرب طرق العِلاَج القديمة 😂 (الجزء الثاني),"Jun 24, 2024",855,0
2022-04-02,EHYYSK93aHI,أَغرب طرق العِلاَج القديمة 😂 (الجزء الثاني),"Jun 24, 2024",855,0
2022-04-03,EHYYSK93aHI,أَغرب طرق العِلاَج القديمة 😂 (الجزء الثاني),"Jun 24, 2024",855,0
2022-04-04,EHYYSK93aHI,أَغرب طرق العِلاَج القديمة 😂 (الجزء الثاني),"Jun 24, 2024",855,0
2022-04-05,EHYYSK93aHI,أَغرب طرق العِلاَج القديمة 😂 (الجزء الثاني),"Jun 24, 2024",855,0
2022-04-06,EHYYSK93aHI,أَغرب طرق العِلاَج القديمة 😂 (الجزء الثاني),"Jun 24, 2024",855,0
2022-04-07,EHYYSK93aHI,أَغرب طرق العِلاَج القديمة 😂 (الجزء الثاني),"Jun 24, 2024",855,0
2022-04-08,EHYYSK93aHI,أَغرب طرق العِلاَج القديمة 😂 (الجزء الثاني),"Jun 24, 2024",855,0
2022-04-09,EHYYSK93aHI,أَغرب طرق العِلاَج القديمة 😂 (الجزء الثاني),"Jun 24, 2024",855,0
2022-04-10,EHYYSK93aHI,أَغرب طرق العِلاَج القديمة 😂 (الجزء الثاني),"Jun 24, 2024",855,0
2022-04-11,EHYYSK93aHI,أَغرب طرق العِلاَج القديمة 😂 (الجزء الثاني),"Jun 24, 2024",855,0
2022-04-12,EHYYSK93aHI,أَغرب طرق العِلاَج القديمة 😂 (الجزء الثاني),"Jun 24, 2024",855,0
2022-04-13,EHYYSK93aHI,أَغرب طرق العِلاَج القديمة 😂 (الجزء الثاني),"Jun 24, 2024",855,0
2022-04-14,EHYYSK93aHI,أَغرب طرق العِلاَج القديمة 😂 (الجزء الثاني),"Jun 24, 2024",855,0
2022-04-15,EHYYSK93aHI,أَغرب طرق العِلاَج القديمة 😂 (الجزء الثاني),"Jun 24, 2024",855,0
2022-04-16,EHYYSK93aHI,أَغرب طرق العِلاَج القديمة 😂 (الجزء الثاني),"Jun 24, 2024",855,0
2022-04-17,EHYYSK93aHI,أَغرب طرق العِلاَج القديمة 😂 (الجزء الثاني),"Jun 24, 2024",855,0
2022-04-18,EHYYSK93aHI,أَغرب طرق العِلاَج القديمة 😂 (الجزء الثاني),"Jun 24, 2024",855,0
2022-04-19,EHYYSK93aHI,أَغرب طرق العِلاَج القديمة 😂 (الجزء الثاني),"Jun 24, 2024",855,0
2022-04-20,EHYYSK93aHI,أَغرب طرق العِلاَج القديمة 😂 (الجزء الثاني),"Jun 24, 2024",855,0
2022-04-21,EHYYSK93aHI,أَغرب طرق العِلاَج القديمة 😂 (الجزء الثاني),"Jun 24, 2024",855,0
2022-04-22,EHYYSK93aHI,أَغرب طرق العِلاَج القديمة 😂 (الجزء الثاني),"Jun 24, 2024",855,0
2022-04-23,EHYYSK93aHI,أَغرب طرق العِلاَج القديمة 😂 (الجزء الثاني),"Jun 24, 2024",855,0
2022-04-24,EHYYSK93aHI,أَغرب طرق العِلاَج القديمة 😂 (الجزء الثاني),"Jun 24, 2024",855,0
2022-04-25,EHYYSK93aHI,أَغرب طرق العِلاَج القديمة 😂 (الجزء الثاني),"Jun 24, 2024",855,0
2022-04-26,EHYYSK93aHI,أَغرب طرق العِلاَج القديمة 😂 (الجزء الثاني),"Jun 24, 2024",855,0
2022-04-27,EHYYSK93aHI,أَغرب طرق العِلاَج القديمة 😂 (الجزء الثاني),"Jun 24, 2024",855,0
2022-04-28,EHYYSK93aHI,أَغرب طرق العِلاَج القديمة 😂 (الجزء الثاني),"Jun 24, 2024",855,0
2022-04-29,EHYYSK93aHI,أَغرب طرق العِلاَج القديمة 😂 (الجزء الثاني),"Jun 24, 2024",855,0
2022-04-30,EHYYSK93aHI,أَغرب طرق العِلاَج القديمة 😂 (الجزء الثاني),"Jun 24, 2024",855,0
2022-05-01,EHYYSK93aHI,أَغرب طرق العِلاَج القديمة 😂 (الجزء الثاني),"Jun 24, 2024",855,0
2022-05-02,EHYYSK93aHI,أَغرب طرق العِلاَج القديمة 😂 (الجزء الثاني),"Jun 24, 2024",855,0
2022-05-03,EHYYSK93aHI,أَغرب طرق العِلاَج القديمة 😂 (الجزء الثاني),"Jun 24, 2024",855,0
2022-05-04,EHYYSK93aHI,أَغرب طرق العِلاَج القديمة 😂 (الجزء الثاني),"Jun 24, 2024",855,0
2022-05-05,EHYYSK93aHI,أَغرب طرق العِلاَج القديمة 😂 (الجزء الثاني),"Jun 24, 2024",855,0
2022-05-06,EHYYSK93aHI,أَغرب طرق العِلاَج القديمة 😂 (الجزء الثاني),"Jun 24, 2024",855,0
2022-05-07,EHYYSK93aHI,أَغرب طرق العِلاَج القديمة 😂 (الجزء الثاني),"Jun 24, 2024",855,0
2022-05-08,EHYYSK93aHI,أَغرب طرق العِلاَج القديمة 😂 (الجزء الثاني),"Jun 24, 2024",855,0
2022-05-09,EHYYSK93aHI,أَغرب طرق العِلاَج القديمة 😂 (الجزء الثاني),"Jun 24, 2024",855,0
2022-05-10,EHYYSK93aHI,أَغرب طرق العِلاَج القديمة 😂 (الجزء الثاني),"Jun 24, 2024",855,0
2022-05-11,EHYYSK93aHI,أَغرب طرق العِلاَج القديمة 😂 (الجزء الثاني),"Jun 24, 2024",855,0
2022-05-12,EHYYSK93aHI,أَغرب طرق العِلاَج القديمة 😂 (الجزء الثاني),"Jun 24, 2024",855,0
2022-05-13,EHYYSK93aHI,أَغرب طرق العِلاَج القديمة 😂 (الجزء الثاني),"Jun 24, 2024",855,0
2022-05-14,EHYYSK93aHI,أَغرب طرق العِلاَج القديمة 😂 (الجزء الثاني),"Jun 24, 2024",855,0
2022-05-15,EHYYSK93aHI,أَغرب طرق العِلاَج القديمة 😂 (الجزء الثاني),"Jun 24, 2024",855,0
2022-05-16,EHYYSK93aHI,أَغرب طرق العِلاَج القديمة 😂 (الجزء الثاني),"Jun 24, 2024",855,0
2022-05-17,EHYYSK93aHI,أَغرب طرق العِلاَج القديمة 😂 (الجزء الثاني),"Jun 24, 2024",855,0
2022-05-18,EHYYSK93aHI,أَغرب طرق العِلاَج القديمة 😂 (الجزء الثاني),"Jun 24, 2024",855,0
2022-05-19,EHYYSK93aHI,أَغرب طرق العِلاَج القديمة 😂 (الجزء الثاني),"Jun 24, 2024",855,0
2022-05-20,EHYYSK93aHI,أَغرب طرق العِلاَج القديمة 😂 (الجزء الثاني),"Jun 24, 2024",855,0
2022-05-21,EHYYSK93aHI,أَغرب طرق العِلاَج القديمة 😂 (الجزء الثاني),"Jun 24, 2024",855,0
2022-05-22,EHYYSK93aHI,أَغرب طرق العِلاَج القديمة 😂 (الجزء الثاني),"Jun 24, 2024",855,0
2022-05-23,EHYYSK93aHI,أَغرب طرق العِلاَج القديمة 😂 (الجزء الثاني),"Jun 24, 2024",855,0
2022-05-24,EHYYSK93aHI,أَغرب طرق العِلاَج القديمة 😂 (الجزء الثاني),"Jun 24, 2024",855,0
2022-05-25,EHYYSK93aHI,أَغرب طرق العِلاَج القديمة 😂 (الجزء الثاني),"Jun 24, 2024",855,0
2022-05-26,EHYYSK93aHI,أَغرب طرق العِلاَج القديمة 😂 (الجزء الثاني),"Jun 24, 2024",855,0
2022-05-27,EHYYSK93aHI,أَغرب طرق العِلاَج القديمة 😂 (الجزء الثاني),"Jun 24, 2024",855,0
2022-05-28,EHYYSK93aHI,أَغرب طرق العِلاَج القديمة 😂 (الجزء الثاني),"Jun 24, 2024",855,0
2022-05-29,EHYYSK93aHI,أَغرب طرق العِلاَج القديمة 😂 (الجزء الثاني),"Jun 24, 2024",855,0
2022-05-30,EHYYSK93aHI,أَغرب طرق العِلاَج القديمة 😂 (الجزء الثاني),"Jun 24, 2024",855,0
2022-05-31,EHYYSK93aHI,أَغرب طرق العِلاَج القديمة 😂 (الجزء الثاني),"Jun 24, 2024",855,0
2022-06-01,EHYYSK93aHI,أَغرب طرق العِلاَج القديمة 😂 (الجزء الثاني),"Jun 24, 2024",855,0
2022-06-02,EHYYSK93aHI,أَغرب طرق العِلاَج القديمة 😂 (الجزء الثاني),"Jun 24, 2024",855,0
2022-06-03,EHYYSK93aHI,أَغرب طرق العِلاَج القديمة 😂 (الجزء الثاني),"Jun 24, 2024",855,0
2022-06-04,EHYYSK93aHI,أَغرب طرق العِلاَج القديمة 😂 (الجزء الثاني),"Jun 24, 2024",855,0
2022-06-05,EHYYSK93aHI,أَغرب طرق العِلاَج القديمة 😂 (الجزء الثاني),"Jun 24, 2024",855,0
2022-06-06,EHYYSK93aHI,أَغرب طرق العِلاَج القديمة 😂 (الجزء الثاني),"Jun 24, 2024",855,0
2022-06-07,EHYYSK93aHI,أَغرب طرق العِلاَج القديمة 😂 (الجزء الثاني),"Jun 24, 2024",855,0
2022-06-08,EHYYSK93aHI,أَغرب طرق العِلاَج القديمة 😂 (الجزء الثاني),"Jun 24, 2024",855,0
2022-06-09,EHYYSK93aHI,أَغرب طرق العِلاَج القديمة 😂 (الجزء الثاني),"Jun 24, 2024",855,0
2022-06-10,EHYYSK93aHI,أَغرب طرق العِلاَج القديمة 😂 (الجزء الثاني),"Jun 24, 2024",855,0
2022-06-11,EHYYSK93aHI,أَغرب طرق العِلاَج القديمة 😂 (الجزء الثاني),"Jun 24, 2024",855,0
2022-06-12,EHYYSK93aHI,أَغرب طرق العِلاَج القديمة 😂 (الجزء الثاني),"Jun 24, 2024",855,0
2022-06-13,EHYYSK93aHI,أَغرب طرق العِلاَج القديمة 😂 (الجزء الثاني),"Jun 24, 2024",855,0
2022-06-14,EHYYSK93aHI,أَغرب طرق العِلاَج القديمة 😂 (الجزء الثاني),"Jun 24, 2024",855,0
2022-06-15,EHYYSK93aHI,أَغرب طرق العِلاَج القديمة 😂 (الجزء الثاني),"Jun 24, 2024",855,0
2022-06-16,EHYYSK93aHI,أَغرب طرق العِلاَج القديمة 😂 (الجزء الثاني),"Jun 24, 2024",855,0
2022-06-17,EHYYSK93aHI,أَغرب طرق العِلاَج القديمة 😂 (الجزء الثاني),"Jun 24, 2024",855,0
2022-06-18,EHYYSK93aHI,أَغرب طرق العِلاَج القديمة 😂 (الجزء الثاني),"Jun 24, 2024",855,0
2022-06-19,EHYYSK93aHI,أَغرب طرق العِلاَج القديمة 😂 (الجزء الثاني),"Jun 24, 2024",855,0
2022-06-20,EHYYSK93aHI,أَغرب طرق العِلاَج القديمة 😂 (الجزء الثاني),"Jun 24, 2024",855,0
2022-06-21,EHYYSK93aHI,أَغرب طرق العِلاَج القديمة 😂 (الجزء الثاني),"Jun 24, 2024",855,0
2022-06-22,EHYYSK93aHI,أَغرب طرق العِلاَج القديمة 😂 (الجزء الثاني),"Jun 24, 2024",855,0
2022-06-23,EHYYSK93aHI,أَغرب طرق العِلاَج القديمة 😂 (الجزء الثاني),"Jun 24, 2024",855,0
2022-06-24,EHYYSK93aHI,أَغرب طرق العِلاَج القديمة 😂 (الجزء الثاني),"Jun 24, 2024",855,0
2022-06-25,EHYYSK93aHI,أَغرب طرق العِلاَج القديمة 😂 (الجزء الثاني),"Jun 24, 2024",855,0
2022-06-26,EHYYSK93aHI,أَغرب طرق العِلاَج القديمة 😂 (الجزء الثاني),"Jun 24, 2024",855,0
2022-06-27,EHYYSK93aHI,أَغرب طرق العِلاَج القديمة 😂 (الجزء الثاني),"Jun 24, 2024",855,0
2022-06-28,EHYYSK93aHI,أَغرب طرق العِلاَج القديمة 😂 (الجزء الثاني),"Jun 24, 2024",855,0
2022-06-29,EHYYSK93aHI,أَغرب طرق العِلاَج القديمة 😂 (الجزء الثاني),"Jun 24, 2024",855,0
2022-06-30,EHYYSK93aHI,أَغرب طرق العِلاَج القديمة 😂 (الجزء الثاني),"Jun 24, 2024",855,0
2022-07-01,EHYYSK93aHI,أَغرب طرق العِلاَج القديمة 😂 (الجزء الثاني),"Jun 24, 2024",855,0
2022-07-02,EHYYSK93aHI,أَغرب طرق العِلاَج القديمة 😂 (الجزء الثاني),"Jun 24, 2024",855,0
2022-07-03,EHYYSK93aHI,أَغرب طرق العِلاَج القديمة 😂 (الجزء الثاني),"Jun 24, 2024",855,0
2022-07-04,EHYYSK93aHI,أَغرب طرق العِلاَج القديمة 😂 (الجزء الثاني),"Jun 24, 2024",855,0
2022-07-05,EHYYSK93aHI,أَغرب طرق العِلاَج القديمة 😂 (الجزء الثاني),"Jun 24, 2024",855,0
2022-07-06,EHYYSK93aHI,أَغرب طرق العِلاَج القديمة 😂 (الجزء الثاني),"Jun 24, 2024",855,0
2022-07-07,EHYYSK93aHI,أَغرب طرق العِلاَج القديمة 😂 (الجزء الثاني),"Jun 24, 2024",855,0
2022-07-08,EHYYSK93aHI,أَغرب طرق العِلاَج القديمة 😂 (الجزء الثاني),"Jun 24, 2024",855,0
2022-07-09,EHYYSK93aHI,أَغرب طرق العِلاَج القديمة 😂 (الجزء الثاني),"Jun 24, 2024",855,0
2022-07-10,EHYYSK93aHI,أَغرب طرق العِلاَج القديمة 😂 (الجزء الثاني),"Jun 24, 2024",855,0
2022-07-11,EHYYSK93aHI,أَغرب طرق العِلاَج القديمة 😂 (الجزء الثاني),"Jun 24, 2024",855,0
2022-07-12,EHYYSK93aHI,أَغرب طرق العِلاَج القديمة 😂 (الجزء الثاني),"Jun 24, 2024",855,0
2022-07-13,EHYYSK93aHI,أَغرب طرق العِلاَج القديمة 😂 (الجزء الثاني),"Jun 24, 2024",855,0
2022-07-14,EHYYSK93aHI,أَغرب طرق العِلاَج القديمة 😂 (الجزء الثاني),"Jun 24, 2024",855,0
2022-07-15,EHYYSK93aHI,أَغرب طرق العِلاَج القديمة 😂 (الجزء الثاني),"Jun 24, 2024",855,0
2022-07-16,EHYYSK93aHI,أَغرب طرق العِلاَج القديمة 😂 (الجزء الثاني),"Jun 24, 2024",855,0
2022-07-17,EHYYSK93aHI,أَغرب طرق العِلاَج القديمة 😂 (الجزء الثاني),"Jun 24, 2024",855,0
2022-07-18,EHYYSK93aHI,أَغرب طرق العِلاَج القديمة 😂 (الجزء الثاني),"Jun 24, 2024",855,0
2022-07-19,EHYYSK93aHI,أَغرب طرق العِلاَج القديمة 😂 (الجزء الثاني),"Jun 24, 2024",855,0
2022-07-20,EHYYSK93aHI,أَغرب طرق العِلاَج القديمة 😂 (الجزء الثاني),"Jun 24, 2024",855,0
2022-07-21,EHYYSK93aHI,أَغرب طرق العِلاَج القديمة 😂 (الجزء الثاني),"Jun 24, 2024",855,0
2022-07-22,EHYYSK93aHI,أَغرب طرق العِلاَج القديمة 😂 (الجزء الثاني),"Jun 24, 2024",855,0
2022-07-23,EHYYSK93aHI,أَغرب طرق العِلاَج القديمة 😂 (الجزء الثاني),"Jun 24, 2024",855,0
2022-07-24,EHYYSK93aHI,أَغرب طرق العِلاَج القديمة 😂 (الجزء الثاني),"Jun 24, 2024",855,0
2022-07-25,EHYYSK93aHI,أَغرب طرق العِلاَج القديمة 😂 (الجزء الثاني),"Jun 24, 2024",855,0
2022-07-26,EHYYSK93aHI,أَغرب طرق العِلاَج القديمة 😂 (الجزء الثاني),"Jun 24, 2024",855,0
2022-07-27,EHYYSK93aHI,أَغرب طرق العِلاَج القديمة 😂 (الجزء الثاني),"Jun 24, 2024",855,0
2022-07-28,EHYYSK93aHI,أَغرب طرق العِلاَج القديمة 😂 (الجزء الثاني),"Jun 24, 2024",855,0
2022-07-29,EHYYSK93aHI,أَغرب طرق العِلاَج القديمة 😂 (الجزء الثاني),"Jun 24, 2024",855,0
2022-07-30,EHYYSK93aHI,أَغرب طرق العِلاَج القديمة 😂 (الجزء الثاني),"Jun 24, 2024",855,0
2022-07-31,EHYYSK93aHI,أَغرب طرق العِلاَج القديمة 😂 (الجزء الثاني),"Jun 24, 2024",855,0
2022-08-01,EHYYSK93aHI,أَغرب طرق العِلاَج القديمة 😂 (الجزء الثاني),"Jun 24, 2024",855,0
2022-08-02,EHYYSK93aHI,أَغرب طرق العِلاَج القديمة 😂 (الجزء الثاني),"Jun 24, 2024",855,0
2022-08-03,EHYYSK93aHI,أَغرب طرق العِلاَج القديمة 😂 (الجزء الثاني),"Jun 24, 2024",855,0
2022-08-04,EHYYSK93aHI,أَغرب طرق العِلاَج القديمة 😂 (الجزء الثاني),"Jun 24, 2024",855,0
2022-08-05,EHYYSK93aHI,أَغرب طرق العِلاَج القديمة 😂 (الجزء الثاني),"Jun 24, 2024",855,0
2022-08-06,EHYYSK93aHI,أَغرب طرق العِلاَج القديمة 😂 (الجزء الثاني),"Jun 24, 2024",855,0
2022-08-07,EHYYSK93aHI,أَغرب طرق العِلاَج القديمة 😂 (الجزء الثاني),"Jun 24, 2024",855,0
2022-08-08,EHYYSK93aHI,أَغرب طرق العِلاَج القديمة 😂 (الجزء الثاني),"Jun 24, 2024",855,0
2022-08-09,EHYYSK93aHI,أَغرب طرق العِلاَج القديمة 😂 (الجزء الثاني),"Jun 24, 2024",855,0
2022-08-10,EHYYSK93aHI,أَغرب طرق العِلاَج القديمة 😂 (الجزء الثاني),"Jun 24, 2024",855,0
2022-08-11,EHYYSK93aHI,أَغرب طرق العِلاَج القديمة 😂 (الجزء الثاني),"Jun 24, 2024",855,0
2022-08-12,EHYYSK93aHI,أَغرب طرق العِلاَج القديمة 😂 (الجزء الثاني),"Jun 24, 2024",855,0
2022-08-13,EHYYSK93aHI,أَغرب طرق العِلاَج القديمة 😂 (الجزء الثاني),"Jun 24, 2024",855,0
2022-08-14,EHYYSK93aHI,أَغرب طرق العِلاَج القديمة 😂 (الجزء الثاني),"Jun 24, 2024",855,0
2022-08-15,EHYYSK93aHI,أَغرب طرق العِلاَج القديمة 😂 (الجزء الثاني),"Jun 24, 2024",855,0
2022-08-16,EHYYSK93aHI,أَغرب طرق العِلاَج القديمة 😂 (الجزء الثاني),"Jun 24, 2024",855,0
2022-08-17,EHYYSK93aHI,أَغرب طرق العِلاَج القديمة 😂 (الجزء الثاني),"Jun 24, 2024",855,0
2022-08-18,EHYYSK93aHI,أَغرب طرق العِلاَج القديمة 😂 (الجزء الثاني),"Jun 24, 2024",855,0
2022-08-19,EHYYSK93aHI,أَغرب طرق العِلاَج القديمة 😂 (الجزء الثاني),"Jun 24, 2024",855,0
2022-08-20,EHYYSK93aHI,أَغرب طرق العِلاَج القديمة 😂 (الجزء الثاني),"Jun 24, 2024",855,0
2022-08-21,EHYYSK93aHI,أَغرب طرق العِلاَج القديمة 😂 (الجزء الثاني),"Jun 24, 2024",855,0
2022-08-22,EHYYSK93aHI,أَغرب طرق العِلاَج القديمة 😂 (الجزء الثاني),"Jun 24, 2024",855,0
2022-08-23,EHYYSK93aHI,أَغرب طرق العِلاَج القديمة 😂 (الجزء الثاني),"Jun 24, 2024",855,0
2022-08-24,EHYYSK93aHI,أَغرب طرق العِلاَج القديمة 😂 (الجزء الثاني),"Jun 24, 2024",855,0
2022-08-25,EHYYSK93aHI,أَغرب طرق العِلاَج القديمة 😂 (الجزء الثاني),"Jun 24, 2024",855,0
2022-08-26,EHYYSK93aHI,أَغرب طرق العِلاَج القديمة 😂 (الجزء الثاني),"Jun 24, 2024",855,0
2022-08-27,EHYYSK93aHI,أَغرب طرق العِلاَج القديمة 😂 (الجزء الثاني),"Jun 24, 2024",855,0
2022-08-28,EHYYSK93aHI,أَغرب طرق العِلاَج القديمة 😂 (الجزء الثاني),"Jun 24, 2024",855,0
2022-08-29,EHYYSK93aHI,أَغرب طرق العِلاَج القديمة 😂 (الجزء الثاني),"Jun 24, 2024",855,0
2022-08-30,EHYYSK93aHI,أَغرب طرق العِلاَج القديمة 😂 (الجزء الثاني),"Jun 24, 2024",855,0
2022-08-31,EHYYSK93aHI,أَغرب طرق العِلاَج القديمة 😂 (الجزء الثاني),"Jun 24, 2024",855,0
2022-09-01,EHYYSK93aHI,أَغرب طرق العِلاَج القديمة 😂 (الجزء الثاني),"Jun 24, 2024",855,0
2022-09-02,EHYYSK93aHI,أَغرب طرق العِلاَج القديمة 😂 (الجزء الثاني),"Jun 24, 2024",855,0
2022-09-03,EHYYSK93aHI,أَغرب طرق العِلاَج القديمة 😂 (الجزء الثاني),"Jun 24, 2024",855,0
2022-09-04,EHYYSK93aHI,أَغرب طرق العِلاَج القديمة 😂 (الجزء الثاني),"Jun 24, 2024",855,0
2022-09-05,EHYYSK93aHI,أَغرب طرق العِلاَج القديمة 😂 (الجزء الثاني),"Jun 24, 2024",855,0
2022-09-06,EHYYSK93aHI,أَغرب طرق العِلاَج القديمة 😂 (الجزء الثاني),"Jun 24, 2024",855,0
2022-09-07,EHYYSK93aHI,أَغرب طرق العِلاَج القديمة 😂 (الجزء الثاني),"Jun 24, 2024",855,0
2022-09-08,EHYYSK93aHI,أَغرب طرق العِلاَج القديمة 😂 (الجزء الثاني),"Jun 24, 2024",855,0
2022-09-09,EHYYSK93aHI,أَغرب طرق العِلاَج القديمة 😂 (الجزء الثاني),"Jun 24, 2024",855,0
2022-09-10,EHYYSK93aHI,أَغرب طرق العِلاَج القديمة 😂 (الجزء الثاني),"Jun 24, 2024",855,0
2022-09-11,EHYYSK93aHI,أَغرب طرق العِلاَج القديمة 😂 (الجزء الثاني),"Jun 24, 2024",855,0
2022-09-12,EHYYSK93aHI,أَغرب طرق العِلاَج القديمة 😂 (الجزء الثاني),"Jun 24, 2024",855,0
2022-09-13,EHYYSK93aHI,أَغرب طرق العِلاَج القديمة 😂 (الجزء الثاني),"Jun 24, 2024",855,0
2022-09-14,EHYYSK93aHI,أَغرب طرق العِلاَج القديمة 😂 (الجزء الثاني),"Jun 24, 2024",855,0
2022-09-15,EHYYSK93aHI,أَغرب طرق العِلاَج القديمة 😂 (الجزء الثاني),"Jun 24, 2024",855,0
2022-09-16,EHYYSK93aHI,أَغرب طرق العِلاَج القديمة 😂 (الجزء الثاني),"Jun 24, 2024",855,0
2022-09-17,EHYYSK93aHI,أَغرب طرق العِلاَج القديمة 😂 (الجزء الثاني),"Jun 24, 2024",855,0
2022-09-18,EHYYSK93aHI,أَغرب طرق العِلاَج القديمة 😂 (الجزء الثاني),"Jun 24, 2024",855,0
2022-09-19,EHYYSK93aHI,أَغرب طرق العِلاَج القديمة 😂 (الجزء الثاني),"Jun 24, 2024",855,0
2022-09-20,EHYYSK93aHI,أَغرب طرق العِلاَج القديمة 😂 (الجزء الثاني),"Jun 24, 2024",855,0
2022-09-21,EHYYSK93aHI,أَغرب طرق العِلاَج القديمة 😂 (الجزء الثاني),"Jun 24, 2024",855,0
2022-09-22,EHYYSK93aHI,أَغرب طرق العِلاَج القديمة 😂 (الجزء الثاني),"Jun 24, 2024",855,0
2022-09-23,EHYYSK93aHI,أَغرب طرق العِلاَج القديمة 😂 (الجزء الثاني),"Jun 24, 2024",855,0
2022-09-24,EHYYSK93aHI,أَغرب طرق العِلاَج القديمة 😂 (الجزء الثاني),"Jun 24, 2024",855,0
2022-09-25,EHYYSK93aHI,أَغرب طرق العِلاَج القديمة 😂 (الجزء الثاني),"Jun 24, 2024",855,0
2022-09-26,EHYYSK93aHI,أَغرب طرق العِلاَج القديمة 😂 (الجزء الثاني),"Jun 24, 2024",855,0
2022-09-27,EHYYSK93aHI,أَغرب طرق العِلاَج القديمة 😂 (الجزء الثاني),"Jun 24, 2024",855,0
2022-09-28,EHYYSK93aHI,أَغرب طرق العِلاَج القديمة 😂 (الجزء الثاني),"Jun 24, 2024",855,0
2022-09-29,EHYYSK93aHI,أَغرب طرق العِلاَج القديمة 😂 (الجزء الثاني),"Jun 24, 2024",855,0
2022-09-30,EHYYSK93aHI,أَغرب طرق العِلاَج القديمة 😂 (الجزء الثاني),"Jun 24, 2024",855,0
2022-10-01,EHYYSK93aHI,أَغرب طرق العِلاَج القديمة 😂 (الجزء الثاني),"Jun 24, 2024",855,0
2022-10-02,EHYYSK93aHI,أَغرب طرق العِلاَج القديمة 😂 (الجزء الثاني),"Jun 24, 2024",855,0
2022-10-03,EHYYSK93aHI,أَغرب طرق العِلاَج القديمة 😂 (الجزء الثاني),"Jun 24, 2024",855,0
2022-10-04,EHYYSK93aHI,أَغرب طرق العِلاَج القديمة 😂 (الجزء الثاني),"Jun 24, 2024",855,0
2022-10-05,EHYYSK93aHI,أَغرب طرق العِلاَج القديمة 😂 (الجزء الثاني),"Jun 24, 2024",855,0
2022-10-06,EHYYSK93aHI,أَغرب طرق العِلاَج القديمة 😂 (الجزء الثاني),"Jun 24, 2024",855,0
2022-10-07,EHYYSK93aHI,أَغرب طرق العِلاَج القديمة 😂 (الجزء الثاني),"Jun 24, 2024",855,0
2022-10-08,EHYYSK93aHI,أَغرب طرق العِلاَج القديمة 😂 (الجزء الثاني),"Jun 24, 2024",855,0
2022-10-09,EHYYSK93aHI,أَغرب طرق العِلاَج القديمة 😂 (الجزء الثاني),"Jun 24, 2024",855,0
2022-10-10,EHYYSK93aHI,أَغرب طرق العِلاَج القديمة 😂 (الجزء الثاني),"Jun 24, 2024",855,0
2022-10-11,EHYYSK93aHI,أَغرب طرق العِلاَج القديمة 😂 (الجزء الثاني),"Jun 24, 2024",855,0
2022-10-12,EHYYSK93aHI,أَغرب طرق العِلاَج القديمة 😂 (الجزء الثاني),"Jun 24, 2024",855,0
2022-10-13,EHYYSK93aHI,أَغرب طرق العِلاَج القديمة 😂 (الجزء الثاني),"Jun 24, 2024",855,0
2022-10-14,EHYYSK93aHI,أَغرب طرق العِلاَج القديمة 😂 (الجزء الثاني),"Jun 24, 2024",855,0
2022-10-15,EHYYSK93aHI,أَغرب طرق العِلاَج القديمة 😂 (الجزء الثاني),"Jun 24, 2024",855,0
2022-10-16,EHYYSK93aHI,أَغرب طرق العِلاَج القديمة 😂 (الجزء الثاني),"Jun 24, 2024",855,0
2022-10-17,EHYYSK93aHI,أَغرب طرق العِلاَج القديمة 😂 (الجزء الثاني),"Jun 24, 2024",855,0
2022-10-18,EHYYSK93aHI,أَغرب طرق العِلاَج القديمة 😂 (الجزء الثاني),"Jun 24, 2024",855,0
2022-10-19,EHYYSK93aHI,أَغرب طرق العِلاَج القديمة 😂 (الجزء الثاني),"Jun 24, 2024",855,0
2022-10-20,EHYYSK93aHI,أَغرب طرق العِلاَج القديمة 😂 (الجزء الثاني),"Jun 24, 2024",855,0
2022-10-21,EHYYSK93aHI,أَغرب طرق العِلاَج القديمة 😂 (الجزء الثاني),"Jun 24, 2024",855,0
2022-10-22,EHYYSK93aHI,أَغرب طرق العِلاَج القديمة 😂 (الجزء الثاني),"Jun 24, 2024",855,0
2022-10-23,EHYYSK93aHI,أَغرب طرق العِلاَج القديمة 😂 (الجزء الثاني),"Jun 24, 2024",855,0
2022-10-24,EHYYSK93aHI,أَغرب طرق العِلاَج القديمة 😂 (الجزء الثاني),"Jun 24, 2024",855,0
2022-10-25,EHYYSK93aHI,أَغرب طرق العِلاَج القديمة 😂 (الجزء الثاني),"Jun 24, 2024",855,0
2022-10-26,EHYYSK93aHI,أَغرب طرق العِلاَج القديمة 😂 (الجزء الثاني),"Jun 24, 2024",855,0
2022-10-27,EHYYSK93aHI,أَغرب طرق العِلاَج القديمة 😂 (الجزء الثاني),"Jun 24, 2024",855,0
2022-10-28,EHYYSK93aHI,أَغرب طرق العِلاَج القديمة 😂 (الجزء الثاني),"Jun 24, 2024",855,0
2022-10-29,EHYYSK93aHI,أَغرب طرق العِلاَج القديمة 😂 (الجزء الثاني),"Jun 24, 2024",855,0
2022-10-30,EHYYSK93aHI,أَغرب طرق العِلاَج القديمة 😂 (الجزء الثاني),"Jun 24, 2024",855,0
2022-10-31,EHYYSK93aHI,أَغرب طرق العِلاَج القديمة 😂 (الجزء الثاني),"Jun 24, 2024",855,0
2022-11-01,EHYYSK93aHI,أَغرب طرق العِلاَج القديمة 😂 (الجزء الثاني),"Jun 24, 2024",855,0
2022-11-02,EHYYSK93aHI,أَغرب طرق العِلاَج القديمة 😂 (الجزء الثاني),"Jun 24, 2024",855,0
2022-11-03,EHYYSK93aHI,أَغرب طرق العِلاَج القديمة 😂 (الجزء الثاني),"Jun 24, 2024",855,0
2022-11-04,EHYYSK93aHI,أَغرب طرق العِلاَج القديمة 😂 (الجزء الثاني),"Jun 24, 2024",855,0
2022-11-05,EHYYSK93aHI,أَغرب طرق العِلاَج القديمة 😂 (الجزء الثاني),"Jun 24, 2024",855,0
2022-11-06,EHYYSK93aHI,أَغرب طرق العِلاَج القديمة 😂 (الجزء الثاني),"Jun 24, 2024",855,0
2022-11-07,EHYYSK93aHI,أَغرب طرق العِلاَج القديمة 😂 (الجزء الثاني),"Jun 24, 2024",855,0
2022-11-08,EHYYSK93aHI,أَغرب طرق العِلاَج القديمة 😂 (الجزء الثاني),"Jun 24, 2024",855,0
2022-11-09,EHYYSK93aHI,أَغرب طرق العِلاَج القديمة 😂 (الجزء الثاني),"Jun 24, 2024",855,0
2022-11-10,EHYYSK93aHI,أَغرب طرق العِلاَج القديمة 😂 (الجزء الثاني),"Jun 24, 2024",855,0
2022-11-11,EHYYSK93aHI,أَغرب طرق العِلاَج القديمة 😂 (الجزء الثاني),"Jun 24, 2024",855,0
2022-11-12,EHYYSK93aHI,أَغرب طرق العِلاَج القديمة 😂 (الجزء الثاني),"Jun 24, 2024",855,0
2022-11-13,EHYYSK93aHI,أَغرب طرق العِلاَج القديمة 😂 (الجزء الثاني),"Jun 24, 2024",855,0
2022-11-14,EHYYSK93aHI,أَغرب طرق العِلاَج القديمة 😂 (الجزء الثاني),"Jun 24, 2024",855,0
2022-11-15,EHYYSK93aHI,أَغرب طرق العِلاَج القديمة 😂 (الجزء الثاني),"Jun 24, 2024",855,0
2022-11-16,EHYYSK93aHI,أَغرب طرق العِلاَج القديمة 😂 (الجزء الثاني),"Jun 24, 2024",855,0
2022-11-17,EHYYSK93aHI,أَغرب طرق العِلاَج القديمة 😂 (الجزء الثاني),"Jun 24, 2024",855,0
2022-11-18,EHYYSK93aHI,أَغرب طرق العِلاَج القديمة 😂 (الجزء الثاني),"Jun 24, 2024",855,0
2022-11-19,EHYYSK93aHI,أَغرب طرق العِلاَج القديمة 😂 (الجزء الثاني),"Jun 24, 2024",855,0
2022-11-20,EHYYSK93aHI,أَغرب طرق العِلاَج القديمة 😂 (الجزء الثاني),"Jun 24, 2024",855,0
2022-11-21,EHYYSK93aHI,أَغرب طرق العِلاَج القديمة 😂 (الجزء الثاني),"Jun 24, 2024",855,0
2022-11-22,EHYYSK93aHI,أَغرب طرق العِلاَج القديمة 😂 (الجزء الثاني),"Jun 24, 2024",855,0
2022-11-23,EHYYSK93aHI,أَغرب طرق العِلاَج القديمة 😂 (الجزء الثاني),"Jun 24, 2024",855,0
2022-11-24,EHYYSK93aHI,أَغرب طرق العِلاَج القديمة 😂 (الجزء الثاني),"Jun 24, 2024",855,0
2022-11-25,EHYYSK93aHI,أَغرب طرق العِلاَج القديمة 😂 (الجزء الثاني),"Jun 24, 2024",855,0
2022-11-26,EHYYSK93aHI,أَغرب طرق العِلاَج القديمة 😂 (الجزء الثاني),"Jun 24, 2024",855,0
2022-11-27,EHYYSK93aHI,أَغرب طرق العِلاَج القديمة 😂 (الجزء الثاني),"Jun 24, 2024",855,0
2022-11-28,EHYYSK93aHI,أَغرب طرق العِلاَج القديمة 😂 (الجزء الثاني),"Jun 24, 2024",855,0
2022-11-29,EHYYSK93aHI,أَغرب طرق العِلاَج القديمة 😂 (الجزء الثاني),"Jun 24, 2024",855,0
2022-11-30,EHYYSK93aHI,أَغرب طرق العِلاَج القديمة 😂 (الجزء الثاني),"Jun 24, 2024",855,0
2022-12-01,EHYYSK93aHI,أَغرب طرق العِلاَج القديمة 😂 (الجزء الثاني),"Jun 24, 2024",855,0
2022-12-02,EHYYSK93aHI,أَغرب طرق العِلاَج القديمة 😂 (الجزء الثاني),"Jun 24, 2024",855,0
2022-12-03,EHYYSK93aHI,أَغرب طرق العِلاَج القديمة 😂 (الجزء الثاني),"Jun 24, 2024",855,0
2022-12-04,EHYYSK93aHI,أَغرب طرق العِلاَج القديمة 😂 (الجزء الثاني),"Jun 24, 2024",855,0
2022-12-05,EHYYSK93aHI,أَغرب طرق العِلاَج القديمة 😂 (الجزء الثاني),"Jun 24, 2024",855,0
2022-12-06,EHYYSK93aHI,أَغرب طرق العِلاَج القديمة 😂 (الجزء الثاني),"Jun 24, 2024",855,0
2022-12-07,EHYYSK93aHI,أَغرب طرق العِلاَج القديمة 😂 (الجزء الثاني),"Jun 24, 2024",855,0
2022-12-08,EHYYSK93aHI,أَغرب طرق العِلاَج القديمة 😂 (الجزء الثاني),"Jun 24, 2024",855,0
2022-12-09,EHYYSK93aHI,أَغرب طرق العِلاَج القديمة 😂 (الجزء الثاني),"Jun 24, 2024",855,0
2022-12-10,EHYYSK93aHI,أَغرب طرق العِلاَج القديمة 😂 (الجزء الثاني),"Jun 24, 2024",855,0
2022-12-11,EHYYSK93aHI,أَغرب طرق العِلاَج القديمة 😂 (الجزء الثاني),"Jun 24, 2024",855,0
2022-12-12,EHYYSK93aHI,أَغرب طرق العِلاَج القديمة 😂 (الجزء الثاني),"Jun 24, 2024",855,0
2022-12-13,EHYYSK93aHI,أَغرب طرق العِلاَج القديمة 😂 (الجزء الثاني),"Jun 24, 2024",855,0
2022-12-14,EHYYSK93aHI,أَغرب طرق العِلاَج القديمة 😂 (الجزء الثاني),"Jun 24, 2024",855,0
2022-12-15,EHYYSK93aHI,أَغرب طرق العِلاَج القديمة 😂 (الجزء الثاني),"Jun 24, 2024",855,0
2022-12-16,EHYYSK93aHI,أَغرب طرق العِلاَج القديمة 😂 (الجزء الثاني),"Jun 24, 2024",855,0
2022-12-17,EHYYSK93aHI,أَغرب طرق العِلاَج القديمة 😂 (الجزء الثاني),"Jun 24, 2024",855,0
2022-12-18,EHYYSK93aHI,أَغرب طرق العِلاَج القديمة 😂 (الجزء الثاني),"Jun 24, 2024",855,0
2022-12-19,EHYYSK93aHI,أَغرب طرق العِلاَج القديمة 😂 (الجزء الثاني),"Jun 24, 2024",855,0
2022-12-20,EHYYSK93aHI,أَغرب طرق العِلاَج القديمة 😂 (الجزء الثاني),"Jun 24, 2024",855,0
2022-12-21,EHYYSK93aHI,أَغرب طرق العِلاَج القديمة 😂 (الجزء الثاني),"Jun 24, 2024",855,0
2022-12-22,EHYYSK93aHI,أَغرب طرق العِلاَج القديمة 😂 (الجزء الثاني),"Jun 24, 2024",855,0
2022-12-23,EHYYSK93aHI,أَغرب طرق العِلاَج القديمة 😂 (الجزء الثاني),"Jun 24, 2024",855,0
2022-12-24,EHYYSK93aHI,أَغرب طرق العِلاَج القديمة 😂 (الجزء الثاني),"Jun 24, 2024",855,0
2022-12-25,EHYYSK93aHI,أَغرب طرق العِلاَج القديمة 😂 (الجزء الثاني),"Jun 24, 2024",855,0
2022-12-26,EHYYSK93aHI,أَغرب طرق العِلاَج القديمة 😂 (الجزء الثاني),"Jun 24, 2024",855,0
2022-12-27,EHYYSK93aHI,أَغرب طرق العِلاَج القديمة 😂 (الجزء الثاني),"Jun 24, 2024",855,0
2022-12-28,EHYYSK93aHI,أَغرب طرق العِلاَج القديمة 😂 (الجزء الثاني),"Jun 24, 2024",855,0
2022-12-29,EHYYSK93aHI,أَغرب طرق العِلاَج القديمة 😂 (الجزء الثاني),"Jun 24, 2024",855,0
2022-12-30,EHYYSK93aHI,أَغرب طرق العِلاَج القديمة 😂 (الجزء الثاني),"Jun 24, 2024",855,0
2022-12-31,EHYYSK93aHI,أَغرب طرق العِلاَج القديمة 😂 (الجزء الثاني),"Jun 24, 2024",855,0
2023-01-01,EHYYSK93aHI,أَغرب طرق العِلاَج القديمة 😂 (الجزء الثاني),"Jun 24, 2024",855,0
2023-01-02,EHYYSK93aHI,أَغرب طرق العِلاَج القديمة 😂 (الجزء الثاني),"Jun 24, 2024",855,0
2023-01-03,EHYYSK93aHI,أَغرب طرق العِلاَج القديمة 😂 (الجزء الثاني),"Jun 24, 2024",855,0
2023-01-04,EHYYSK93aHI,أَغرب طرق العِلاَج القديمة 😂 (الجزء الثاني),"Jun 24, 2024",855,0
2023-01-05,EHYYSK93aHI,أَغرب طرق العِلاَج القديمة 😂 (الجزء الثاني),"Jun 24, 2024",855,0
2023-01-06,EHYYSK93aHI,أَغرب طرق العِلاَج القديمة 😂 (الجزء الثاني),"Jun 24, 2024",855,0
2023-01-07,EHYYSK93aHI,أَغرب طرق العِلاَج القديمة 😂 (الجزء الثاني),"Jun 24, 2024",855,0
2023-01-08,EHYYSK93aHI,أَغرب طرق العِلاَج القديمة 😂 (الجزء الثاني),"Jun 24, 2024",855,0
2023-01-09,EHYYSK93aHI,أَغرب طرق العِلاَج القديمة 😂 (الجزء الثاني),"Jun 24, 2024",855,0
2023-01-10,EHYYSK93aHI,أَغرب طرق العِلاَج القديمة 😂 (الجزء الثاني),"Jun 24, 2024",855,0
2023-01-11,EHYYSK93aHI,أَغرب طرق العِلاَج القديمة 😂 (الجزء الثاني),"Jun 24, 2024",855,0
2023-01-12,EHYYSK93aHI,أَغرب طرق العِلاَج القديمة 😂 (الجزء الثاني),"Jun 24, 2024",855,0
2023-01-13,EHYYSK93aHI,أَغرب طرق العِلاَج القديمة 😂 (الجزء الثاني),"Jun 24, 2024",855,0
2023-01-14,EHYYSK93aHI,أَغرب طرق العِلاَج القديمة 😂 (الجزء الثاني),"Jun 24, 2024",855,0
2023-01-15,EHYYSK93aHI,أَغرب طرق العِلاَج القديمة 😂 (الجزء الثاني),"Jun 24, 2024",855,0
2023-01-16,EHYYSK93aHI,أَغرب طرق العِلاَج القديمة 😂 (الجزء الثاني),"Jun 24, 2024",855,0
2023-01-17,EHYYSK93aHI,أَغرب طرق العِلاَج القديمة 😂 (الجزء الثاني),"Jun 24, 2024",855,0
2023-01-18,EHYYSK93aHI,أَغرب طرق العِلاَج القديمة 😂 (الجزء الثاني),"Jun 24, 2024",855,0
2023-01-19,EHYYSK93aHI,أَغرب طرق العِلاَج القديمة 😂 (الجزء الثاني),"Jun 24, 2024",855,0
2023-01-20,EHYYSK93aHI,أَغرب طرق العِلاَج القديمة 😂 (الجزء الثاني),"Jun 24, 2024",855,0
2023-01-21,EHYYSK93aHI,أَغرب طرق العِلاَج القديمة 😂 (الجزء الثاني),"Jun 24, 2024",855,0
2023-01-22,EHYYSK93aHI,أَغرب طرق العِلاَج القديمة 😂 (الجزء الثاني),"Jun 24, 2024",855,0
2023-01-23,EHYYSK93aHI,أَغرب طرق العِلاَج القديمة 😂 (الجزء الثاني),"Jun 24, 2024",855,0
2023-01-24,EHYYSK93aHI,أَغرب طرق العِلاَج القديمة 😂 (الجزء الثاني),"Jun 24, 2024",855,0
2023-01-25,EHYYSK93aHI,أَغرب طرق العِلاَج القديمة 😂 (الجزء الثاني),"Jun 24, 2024",855,0
2023-01-26,EHYYSK93aHI,أَغرب طرق العِلاَج القديمة 😂 (الجزء الثاني),"Jun 24, 2024",855,0
2023-01-27,EHYYSK93aHI,أَغرب طرق العِلاَج القديمة 😂 (الجزء الثاني),"Jun 24, 2024",855,0
2023-01-28,EHYYSK93aHI,أَغرب طرق العِلاَج القديمة 😂 (الجزء الثاني),"Jun 24, 2024",855,0
2023-01-29,EHYYSK93aHI,أَغرب طرق العِلاَج القديمة 😂 (الجزء الثاني),"Jun 24, 2024",855,0
2023-01-30,EHYYSK93aHI,أَغرب طرق العِلاَج القديمة 😂 (الجزء الثاني),"Jun 24, 2024",855,0
2023-01-31,EHYYSK93aHI,أَغرب طرق العِلاَج القديمة 😂 (الجزء الثاني),"Jun 24, 2024",855,0
2023-02-01,EHYYSK93aHI,أَغرب طرق العِلاَج القديمة 😂 (الجزء الثاني),"Jun 24, 2024",855,0
2023-02-02,EHYYSK93aHI,أَغرب طرق العِلاَج القديمة 😂 (الجزء الثاني),"Jun 24, 2024",855,0
2023-02-03,EHYYSK93aHI,أَغرب طرق العِلاَج القديمة 😂 (الجزء الثاني),"Jun 24, 2024",855,0
2023-02-04,EHYYSK93aHI,أَغرب طرق العِلاَج القديمة 😂 (الجزء الثاني),"Jun 24, 2024",855,0
2023-02-05,EHYYSK93aHI,أَغرب طرق العِلاَج القديمة 😂 (الجزء الثاني),"Jun 24, 2024",855,0
2023-02-06,EHYYSK93aHI,أَغرب طرق العِلاَج القديمة 😂 (الجزء الثاني),"Jun 24, 2024",855,0
2023-02-07,EHYYSK93aHI,أَغرب طرق العِلاَج القديمة 😂 (الجزء الثاني),"Jun 24, 2024",855,0
2023-02-08,EHYYSK93aHI,أَغرب طرق العِلاَج القديمة 😂 (الجزء الثاني),"Jun 24, 2024",855,0
2023-02-09,EHYYSK93aHI,أَغرب طرق العِلاَج القديمة 😂 (الجزء الثاني),"Jun 24, 2024",855,0
2023-02-10,EHYYSK93aHI,أَغرب طرق العِلاَج القديمة 😂 (الجزء الثاني),"Jun 24, 2024",855,0
2023-02-11,EHYYSK93aHI,أَغرب طرق العِلاَج القديمة 😂 (الجزء الثاني),"Jun 24, 2024",855,0
2023-02-12,EHYYSK93aHI,أَغرب طرق العِلاَج القديمة 😂 (الجزء الثاني),"Jun 24, 2024",855,0
2023-02-13,EHYYSK93aHI,أَغرب طرق العِلاَج القديمة 😂 (الجزء الثاني),"Jun 24, 2024",855,0
2023-02-14,EHYYSK93aHI,أَغرب طرق العِلاَج القديمة 😂 (الجزء الثاني),"Jun 24, 2024",855,0
2023-02-15,EHYYSK93aHI,أَغرب طرق العِلاَج القديمة 😂 (الجزء الثاني),"Jun 24, 2024",855,0
2023-02-16,EHYYSK93aHI,أَغرب طرق العِلاَج القديمة 😂 (الجزء الثاني),"Jun 24, 2024",855,0
2023-02-17,EHYYSK93aHI,أَغرب طرق العِلاَج القديمة 😂 (الجزء الثاني),"Jun 24, 2024",855,0
2023-02-18,EHYYSK93aHI,أَغرب طرق العِلاَج القديمة 😂 (الجزء الثاني),"Jun 24, 2024",855,0
2023-02-19,EHYYSK93aHI,أَغرب طرق العِلاَج القديمة 😂 (الجزء الثاني),"Jun 24, 2024",855,0
2023-02-20,EHYYSK93aHI,أَغرب طرق العِلاَج القديمة 😂 (الجزء الثاني),"Jun 24, 2024",855,0
2023-02-21,EHYYSK93aHI,أَغرب طرق العِلاَج القديمة 😂 (الجزء الثاني),"Jun 24, 2024",855,0
2023-02-22,EHYYSK93aHI,أَغرب طرق العِلاَج القديمة 😂 (الجزء الثاني),"Jun 24, 2024",855,0
2023-02-23,EHYYSK93aHI,أَغرب طرق العِلاَج القديمة 😂 (الجزء الثاني),"Jun 24, 2024",855,0
2023-02-24,EHYYSK93aHI,أَغرب طرق العِلاَج القديمة 😂 (الجزء الثاني),"Jun 24, 2024",855,0
2023-02-25,EHYYSK93aHI,أَغرب طرق العِلاَج القديمة 😂 (الجزء الثاني),"Jun 24, 2024",855,0
2023-02-26,EHYYSK93aHI,أَغرب طرق العِلاَج القديمة 😂 (الجزء الثاني),"Jun 24, 2024",855,0
2023-02-27,EHYYSK93aHI,أَغرب طرق العِلاَج القديمة 😂 (الجزء الثاني),"Jun 24, 2024",855,0
2023-02-28,EHYYSK93aHI,أَغرب طرق العِلاَج القديمة 😂 (الجزء الثاني),"Jun 24, 2024",855,0
2023-03-01,EHYYSK93aHI,أَغرب طرق العِلاَج القديمة 😂 (الجزء الثاني),"Jun 24, 2024",855,0
2023-03-02,EHYYSK93aHI,أَغرب طرق العِلاَج القديمة 😂 (الجزء الثاني),"Jun 24, 2024",855,0
2023-03-03,EHYYSK93aHI,أَغرب طرق العِلاَج القديمة 😂 (الجزء الثاني),"Jun 24, 2024",855,0
2023-03-04,EHYYSK93aHI,أَغرب طرق العِلاَج القديمة 😂 (الجزء الثاني),"Jun 24, 2024",855,0
2023-03-05,EHYYSK93aHI,أَغرب طرق العِلاَج القديمة 😂 (الجزء الثاني),"Jun 24, 2024",855,0
2023-03-06,EHYYSK93aHI,أَغرب طرق العِلاَج القديمة 😂 (الجزء الثاني),"Jun 24, 2024",855,0
2023-03-07,EHYYSK93aHI,أَغرب طرق العِلاَج القديمة 😂 (الجزء الثاني),"Jun 24, 2024",855,0
2023-03-08,EHYYSK93aHI,أَغرب طرق العِلاَج القديمة 😂 (الجزء الثاني),"Jun 24, 2024",855,0
2023-03-09,EHYYSK93aHI,أَغرب طرق العِلاَج القديمة 😂 (الجزء الثاني),"Jun 24, 2024",855,0
2023-03-10,EHYYSK93aHI,أَغرب طرق العِلاَج القديمة 😂 (الجزء الثاني),"Jun 24, 2024",855,0
2023-03-11,EHYYSK93aHI,أَغرب طرق العِلاَج القديمة 😂 (الجزء الثاني),"Jun 24, 2024",855,0
2023-03-12,EHYYSK93aHI,أَغرب طرق العِلاَج القديمة 😂 (الجزء الثاني),"Jun 24, 2024",855,0
2023-03-13,EHYYSK93aHI,أَغرب طرق العِلاَج القديمة 😂 (الجزء الثاني),"Jun 24, 2024",855,0
2023-03-14,EHYYSK93aHI,أَغرب طرق العِلاَج القديمة 😂 (الجزء الثاني),"Jun 24, 2024",855,0
2023-03-15,EHYYSK93aHI,أَغرب طرق العِلاَج القديمة 😂 (الجزء الثاني),"Jun 24, 2024",855,0
2023-03-16,EHYYSK93aHI,أَغرب طرق العِلاَج القديمة 😂 (الجزء الثاني),"Jun 24, 2024",855,0
2023-03-17,EHYYSK93aHI,أَغرب طرق العِلاَج القديمة 😂 (الجزء الثاني),"Jun 24, 2024",855,0
2023-03-18,EHYYSK93aHI,أَغرب طرق العِلاَج القديمة 😂 (الجزء الثاني),"Jun 24, 2024",855,0
2023-03-19,EHYYSK93aHI,أَغرب طرق العِلاَج القديمة 😂 (الجزء الثاني),"Jun 24, 2024",855,0
2023-03-20,EHYYSK93aHI,أَغرب طرق العِلاَج القديمة 😂 (الجزء الثاني),"Jun 24, 2024",855,0
2023-03-21,EHYYSK93aHI,أَغرب طرق العِلاَج القديمة 😂 (الجزء الثاني),"Jun 24, 2024",855,0
2023-03-22,EHYYSK93aHI,أَغرب طرق العِلاَج القديمة 😂 (الجزء الثاني),"Jun 24, 2024",855,0
2023-03-23,EHYYSK93aHI,أَغرب طرق العِلاَج القديمة 😂 (الجزء الثاني),"Jun 24, 2024",855,0
2023-03-24,EHYYSK93aHI,أَغرب طرق العِلاَج القديمة 😂 (الجزء الثاني),"Jun 24, 2024",855,0
2023-03-25,EHYYSK93aHI,أَغرب طرق العِلاَج القديمة 😂 (الجزء الثاني),"Jun 24, 2024",855,0
2023-03-26,EHYYSK93aHI,أَغرب طرق العِلاَج القديمة 😂 (الجزء الثاني),"Jun 24, 2024",855,0
2023-03-27,EHYYSK93aHI,أَغرب طرق العِلاَج القديمة 😂 (الجزء الثاني),"Jun 24, 2024",855,0
2023-03-28,EHYYSK93aHI,أَغرب طرق العِلاَج القديمة 😂 (الجزء الثاني),"Jun 24, 2024",855,0
2023-03-29,EHYYSK93aHI,أَغرب طرق العِلاَج القديمة 😂 (الجزء الثاني),"Jun 24, 2024",855,0
2023-03-30,EHYYSK93aHI,أَغرب طرق العِلاَج القديمة 😂 (الجزء الثاني),"Jun 24, 2024",855,0
2023-03-31,EHYYSK93aHI,أَغرب طرق العِلاَج القديمة 😂 (الجزء الثاني),"Jun 24, 2024",855,0
2023-04-01,EHYYSK93aHI,أَغرب طرق العِلاَج القديمة 😂 (الجزء الثاني),"Jun 24, 2024",855,0
2023-04-02,EHYYSK93aHI,أَغرب طرق العِلاَج القديمة 😂 (الجزء الثاني),"Jun 24, 2024",855,0
2023-04-03,EHYYSK93aHI,أَغرب طرق العِلاَج القديمة 😂 (الجزء الثاني),"Jun 24, 2024",855,0
2023-04-04,EHYYSK93aHI,أَغرب طرق العِلاَج القديمة 😂 (الجزء الثاني),"Jun 24, 2024",855,0
2023-04-05,EHYYSK93aHI,أَغرب طرق العِلاَج القديمة 😂 (الجزء الثاني),"Jun 24, 2024",855,0
2023-04-06,EHYYSK93aHI,أَغرب طرق العِلاَج القديمة 😂 (الجزء الثاني),"Jun 24, 2024",855,0
2023-04-07,EHYYSK93aHI,أَغرب طرق العِلاَج القديمة 😂 (الجزء الثاني),"Jun 24, 2024",855,0
2023-04-08,EHYYSK93aHI,أَغرب طرق العِلاَج القديمة 😂 (الجزء الثاني),"Jun 24, 2024",855,0
2023-04-09,EHYYSK93aHI,أَغرب طرق العِلاَج القديمة 😂 (الجزء الثاني),"Jun 24, 2024",855,0
2023-04-10,EHYYSK93aHI,أَغرب طرق العِلاَج القديمة 😂 (الجزء الثاني),"Jun 24, 2024",855,0
2023-04-11,EHYYSK93aHI,أَغرب طرق العِلاَج القديمة 😂 (الجزء الثاني),"Jun 24, 2024",855,0
2023-04-12,EHYYSK93aHI,أَغرب طرق العِلاَج القديمة 😂 (الجزء الثاني),"Jun 24, 2024",855,0
2023-04-13,EHYYSK93aHI,أَغرب طرق العِلاَج القديمة 😂 (الجزء الثاني),"Jun 24, 2024",855,0
2023-04-14,EHYYSK93aHI,أَغرب طرق العِلاَج القديمة 😂 (الجزء الثاني),"Jun 24, 2024",855,0
2023-04-15,EHYYSK93aHI,أَغرب طرق العِلاَج القديمة 😂 (الجزء الثاني),"Jun 24, 2024",855,0
2023-04-16,EHYYSK93aHI,أَغرب طرق العِلاَج القديمة 😂 (الجزء الثاني),"Jun 24, 2024",855,0
2023-04-17,EHYYSK93aHI,أَغرب طرق العِلاَج القديمة 😂 (الجزء الثاني),"Jun 24, 2024",855,0
2023-04-18,EHYYSK93aHI,أَغرب طرق العِلاَج القديمة 😂 (الجزء الثاني),"Jun 24, 2024",855,0
2023-04-19,EHYYSK93aHI,أَغرب طرق العِلاَج القديمة 😂 (الجزء الثاني),"Jun 24, 2024",855,0
2023-04-20,EHYYSK93aHI,أَغرب طرق العِلاَج القديمة 😂 (الجزء الثاني),"Jun 24, 2024",855,0
2023-04-21,EHYYSK93aHI,أَغرب طرق العِلاَج القديمة 😂 (الجزء الثاني),"Jun 24, 2024",855,0
2023-04-22,EHYYSK93aHI,أَغرب طرق العِلاَج القديمة 😂 (الجزء الثاني),"Jun 24, 2024",855,0
2023-04-23,EHYYSK93aHI,أَغرب طرق العِلاَج القديمة 😂 (الجزء الثاني),"Jun 24, 2024",855,0
2023-04-24,EHYYSK93aHI,أَغرب طرق العِلاَج القديمة 😂 (الجزء الثاني),"Jun 24, 2024",855,0
2023-04-25,EHYYSK93aHI,أَغرب طرق العِلاَج القديمة 😂 (الجزء الثاني),"Jun 24, 2024",855,0
2023-04-26,EHYYSK93aHI,أَغرب طرق العِلاَج القديمة 😂 (الجزء الثاني),"Jun 24, 2024",855,0
2023-04-27,EHYYSK93aHI,أَغرب طرق العِلاَج القديمة 😂 (الجزء الثاني),"Jun 24, 2024",855,0
2023-04-28,EHYYSK93aHI,أَغرب طرق العِلاَج القديمة 😂 (الجزء الثاني),"Jun 24, 2024",855,0
2023-04-29,EHYYSK93aHI,أَغرب طرق العِلاَج القديمة 😂 (الجزء الثاني),"Jun 24, 2024",855,0
2023-04-30,EHYYSK93aHI,أَغرب طرق العِلاَج القديمة 😂 (الجزء الثاني),"Jun 24, 2024",855,0
2023-05-01,EHYYSK93aHI,أَغرب طرق العِلاَج القديمة 😂 (الجزء الثاني),"Jun 24, 2024",855,0
2023-05-02,EHYYSK93aHI,أَغرب طرق العِلاَج القديمة 😂 (الجزء الثاني),"Jun 24, 2024",855,0
2023-05-03,EHYYSK93aHI,أَغرب طرق العِلاَج القديمة 😂 (الجزء الثاني),"Jun 24, 2024",855,0
2023-05-04,EHYYSK93aHI,أَغرب طرق العِلاَج القديمة 😂 (الجزء الثاني),"Jun 24, 2024",855,0
2023-05-05,EHYYSK93aHI,أَغرب طرق العِلاَج القديمة 😂 (الجزء الثاني),"Jun 24, 2024",855,0
2023-05-06,EHYYSK93aHI,أَغرب طرق العِلاَج القديمة 😂 (الجزء الثاني),"Jun 24, 2024",855,0
2023-05-07,EHYYSK93aHI,أَغرب طرق العِلاَج القديمة 😂 (الجزء الثاني),"Jun 24, 2024",855,0
2023-05-08,EHYYSK93aHI,أَغرب طرق العِلاَج القديمة 😂 (الجزء الثاني),"Jun 24, 2024",855,0
2023-05-09,EHYYSK93aHI,أَغرب طرق العِلاَج القديمة 😂 (الجزء الثاني),"Jun 24, 2024",855,0
2023-05-10,EHYYSK93aHI,أَغرب طرق العِلاَج القديمة 😂 (الجزء الثاني),"Jun 24, 2024",855,0
2023-05-11,EHYYSK93aHI,أَغرب طرق العِلاَج القديمة 😂 (الجزء الثاني),"Jun 24, 2024",855,0
2023-05-12,EHYYSK93aHI,أَغرب طرق العِلاَج القديمة 😂 (الجزء الثاني),"Jun 24, 2024",855,0
2023-05-13,EHYYSK93aHI,أَغرب طرق العِلاَج القديمة 😂 (الجزء الثاني),"Jun 24, 2024",855,0
2023-05-14,EHYYSK93aHI,أَغرب طرق العِلاَج القديمة 😂 (الجزء الثاني),"Jun 24, 2024",855,0
2023-05-15,EHYYSK93aHI,أَغرب طرق العِلاَج القديمة 😂 (الجزء الثاني),"Jun 24, 2024",855,0
2023-05-16,EHYYSK93aHI,أَغرب طرق العِلاَج القديمة 😂 (الجزء الثاني),"Jun 24, 2024",855,0
2023-05-17,EHYYSK93aHI,أَغرب طرق العِلاَج القديمة 😂 (الجزء الثاني),"Jun 24, 2024",855,0
2023-05-18,EHYYSK93aHI,أَغرب طرق العِلاَج القديمة 😂 (الجزء الثاني),"Jun 24, 2024",855,0
2023-05-19,EHYYSK93aHI,أَغرب طرق العِلاَج القديمة 😂 (الجزء الثاني),"Jun 24, 2024",855,0
2023-05-20,EHYYSK93aHI,أَغرب طرق العِلاَج القديمة 😂 (الجزء الثاني),"Jun 24, 2024",855,0
2023-05-21,EHYYSK93aHI,أَغرب طرق العِلاَج القديمة 😂 (الجزء الثاني),"Jun 24, 2024",855,0
2023-05-22,EHYYSK93aHI,أَغرب طرق العِلاَج القديمة 😂 (الجزء الثاني),"Jun 24, 2024",855,0
2023-05-23,EHYYSK93aHI,أَغرب طرق العِلاَج القديمة 😂 (الجزء الثاني),"Jun 24, 2024",855,0
2023-05-24,EHYYSK93aHI,أَغرب طرق العِلاَج القديمة 😂 (الجزء الثاني),"Jun 24, 2024",855,0
2023-05-25,EHYYSK93aHI,أَغرب طرق العِلاَج القديمة 😂 (الجزء الثاني),"Jun 24, 2024",855,0
2023-05-26,EHYYSK93aHI,أَغرب طرق العِلاَج القديمة 😂 (الجزء الثاني),"Jun 24, 2024",855,0
2023-05-27,EHYYSK93aHI,أَغرب طرق العِلاَج القديمة 😂 (الجزء الثاني),"Jun 24, 2024",855,0
2023-05-28,EHYYSK93aHI,أَغرب طرق العِلاَج القديمة 😂 (الجزء الثاني),"Jun 24, 2024",855,0
2023-05-29,EHYYSK93aHI,أَغرب طرق العِلاَج القديمة 😂 (الجزء الثاني),"Jun 24, 2024",855,0
2023-05-30,EHYYSK93aHI,أَغرب طرق العِلاَج القديمة 😂 (الجزء الثاني),"Jun 24, 2024",855,0
2023-05-31,EHYYSK93aHI,أَغرب طرق العِلاَج القديمة 😂 (الجزء الثاني),"Jun 24, 2024",855,0
2023-06-01,EHYYSK93aHI,أَغرب طرق العِلاَج القديمة 😂 (الجزء الثاني),"Jun 24, 2024",855,0
2023-06-02,EHYYSK93aHI,أَغرب طرق العِلاَج القديمة 😂 (الجزء الثاني),"Jun 24, 2024",855,0
2023-06-03,EHYYSK93aHI,أَغرب طرق العِلاَج القديمة 😂 (الجزء الثاني),"Jun 24, 2024",855,0
2023-06-04,EHYYSK93aHI,أَغرب طرق العِلاَج القديمة 😂 (الجزء الثاني),"Jun 24, 2024",855,0
2023-06-05,EHYYSK93aHI,أَغرب طرق العِلاَج القديمة 😂 (الجزء الثاني),"Jun 24, 2024",855,0
2023-06-06,EHYYSK93aHI,أَغرب طرق العِلاَج القديمة 😂 (الجزء الثاني),"Jun 24, 2024",855,0
2023-06-07,EHYYSK93aHI,أَغرب طرق العِلاَج القديمة 😂 (الجزء الثاني),"Jun 24, 2024",855,0
2023-06-08,EHYYSK93aHI,أَغرب طرق العِلاَج القديمة 😂 (الجزء الثاني),"Jun 24, 2024",855,0
2023-06-09,EHYYSK93aHI,أَغرب طرق العِلاَج القديمة 😂 (الجزء الثاني),"Jun 24, 2024",855,0
2023-06-10,EHYYSK93aHI,أَغرب طرق العِلاَج القديمة 😂 (الجزء الثاني),"Jun 24, 2024",855,0
2023-06-11,EHYYSK93aHI,أَغرب طرق العِلاَج القديمة 😂 (الجزء الثاني),"Jun 24, 2024",855,0
2023-06-12,EHYYSK93aHI,أَغرب طرق العِلاَج القديمة 😂 (الجزء الثاني),"Jun 24, 2024",855,0
2023-06-13,EHYYSK93aHI,أَغرب طرق العِلاَج القديمة 😂 (الجزء الثاني),"Jun 24, 2024",855,0
2023-06-14,EHYYSK93aHI,أَغرب طرق العِلاَج القديمة 😂 (الجزء الثاني),"Jun 24, 2024",855,0
2023-06-15,EHYYSK93aHI,أَغرب طرق العِلاَج القديمة 😂 (الجزء الثاني),"Jun 24, 2024",855,0
2023-06-16,EHYYSK93aHI,أَغرب طرق العِلاَج القديمة 😂 (الجزء الثاني),"Jun 24, 2024",855,0
2023-06-17,EHYYSK93aHI,أَغرب طرق العِلاَج القديمة 😂 (الجزء الثاني),"Jun 24, 2024",855,0
2023-06-18,EHYYSK93aHI,أَغرب طرق العِلاَج القديمة 😂 (الجزء الثاني),"Jun 24, 2024",855,0
2023-06-19,EHYYSK93aHI,أَغرب طرق العِلاَج القديمة 😂 (الجزء الثاني),"Jun 24, 2024",855,0
2023-06-20,EHYYSK93aHI,أَغرب طرق العِلاَج القديمة 😂 (الجزء الثاني),"Jun 24, 2024",855,0
2023-06-21,EHYYSK93aHI,أَغرب طرق العِلاَج القديمة 😂 (الجزء الثاني),"Jun 24, 2024",855,0
2023-06-22,EHYYSK93aHI,أَغرب طرق العِلاَج القديمة 😂 (الجزء الثاني),"Jun 24, 2024",855,0
2023-06-23,EHYYSK93aHI,أَغرب طرق العِلاَج القديمة 😂 (الجزء الثاني),"Jun 24, 2024",855,0
2023-06-24,EHYYSK93aHI,أَغرب طرق العِلاَج القديمة 😂 (الجزء الثاني),"Jun 24, 2024",855,0
2023-06-25,EHYYSK93aHI,أَغرب طرق العِلاَج القديمة 😂 (الجزء الثاني),"Jun 24, 2024",855,0
2023-06-26,EHYYSK93aHI,أَغرب طرق العِلاَج القديمة 😂 (الجزء الثاني),"Jun 24, 2024",855,0
2023-06-27,EHYYSK93aHI,أَغرب طرق العِلاَج القديمة 😂 (الجزء الثاني),"Jun 24, 2024",855,0
2023-06-28,EHYYSK93aHI,أَغرب طرق العِلاَج القديمة 😂 (الجزء الثاني),"Jun 24, 2024",855,0
2023-06-29,EHYYSK93aHI,أَغرب طرق العِلاَج القديمة 😂 (الجزء الثاني),"Jun 24, 2024",855,0
2023-06-30,EHYYSK93aHI,أَغرب طرق العِلاَج القديمة 😂 (الجزء الثاني),"Jun 24, 2024",855,0
2023-07-01,EHYYSK93aHI,أَغرب طرق العِلاَج القديمة 😂 (الجزء الثاني),"Jun 24, 2024",855,0
2023-07-02,EHYYSK93aHI,أَغرب طرق العِلاَج القديمة 😂 (الجزء الثاني),"Jun 24, 2024",855,0
2023-07-03,EHYYSK93aHI,أَغرب طرق العِلاَج القديمة 😂 (الجزء الثاني),"Jun 24, 2024",855,0
2023-07-04,EHYYSK93aHI,أَغرب طرق العِلاَج القديمة 😂 (الجزء الثاني),"Jun 24, 2024",855,0
2023-07-05,EHYYSK93aHI,أَغرب طرق العِلاَج القديمة 😂 (الجزء الثاني),"Jun 24, 2024",855,0
2023-07-06,EHYYSK93aHI,أَغرب طرق العِلاَج القديمة 😂 (الجزء الثاني),"Jun 24, 2024",855,0
2023-07-07,EHYYSK93aHI,أَغرب طرق العِلاَج القديمة 😂 (الجزء الثاني),"Jun 24, 2024",855,0
2023-07-08,EHYYSK93aHI,أَغرب طرق العِلاَج القديمة 😂 (الجزء الثاني),"Jun 24, 2024",855,0
2023-07-09,EHYYSK93aHI,أَغرب طرق العِلاَج القديمة 😂 (الجزء الثاني),"Jun 24, 2024",855,0
2023-07-10,EHYYSK93aHI,أَغرب طرق العِلاَج القديمة 😂 (الجزء الثاني),"Jun 24, 2024",855,0
2023-07-11,EHYYSK93aHI,أَغرب طرق العِلاَج القديمة 😂 (الجزء الثاني),"Jun 24, 2024",855,0
2023-07-12,EHYYSK93aHI,أَغرب طرق العِلاَج القديمة 😂 (الجزء الثاني),"Jun 24, 2024",855,0
2023-07-13,EHYYSK93aHI,أَغرب طرق العِلاَج القديمة 😂 (الجزء الثاني),"Jun 24, 2024",855,0
2023-07-14,EHYYSK93aHI,أَغرب طرق العِلاَج القديمة 😂 (الجزء الثاني),"Jun 24, 2024",855,0
2023-07-15,EHYYSK93aHI,أَغرب طرق العِلاَج القديمة 😂 (الجزء الثاني),"Jun 24, 2024",855,0
2023-07-16,EHYYSK93aHI,أَغرب طرق العِلاَج القديمة 😂 (الجزء الثاني),"Jun 24, 2024",855,0
2023-07-17,EHYYSK93aHI,أَغرب طرق العِلاَج القديمة 😂 (الجزء الثاني),"Jun 24, 2024",855,0
2023-07-18,EHYYSK93aHI,أَغرب طرق العِلاَج القديمة 😂 (الجزء الثاني),"Jun 24, 2024",855,0
2023-07-19,EHYYSK93aHI,أَغرب طرق العِلاَج القديمة 😂 (الجزء الثاني),"Jun 24, 2024",855,0
2023-07-20,EHYYSK93aHI,أَغرب طرق العِلاَج القديمة 😂 (الجزء الثاني),"Jun 24, 2024",855,0
2023-07-21,EHYYSK93aHI,أَغرب طرق العِلاَج القديمة 😂 (الجزء الثاني),"Jun 24, 2024",855,0
2023-07-22,EHYYSK93aHI,أَغرب طرق العِلاَج القديمة 😂 (الجزء الثاني),"Jun 24, 2024",855,0
2023-07-23,EHYYSK93aHI,أَغرب طرق العِلاَج القديمة 😂 (الجزء الثاني),"Jun 24, 2024",855,0
2023-07-24,EHYYSK93aHI,أَغرب طرق العِلاَج القديمة 😂 (الجزء الثاني),"Jun 24, 2024",855,0
2023-07-25,EHYYSK93aHI,أَغرب طرق العِلاَج القديمة 😂 (الجزء الثاني),"Jun 24, 2024",855,0
2023-07-26,EHYYSK93aHI,أَغرب طرق العِلاَج القديمة 😂 (الجزء الثاني),"Jun 24, 2024",855,0
2023-07-27,EHYYSK93aHI,أَغرب طرق العِلاَج القديمة 😂 (الجزء الثاني),"Jun 24, 2024",855,0
2023-07-28,EHYYSK93aHI,أَغرب طرق العِلاَج القديمة 😂 (الجزء الثاني),"Jun 24, 2024",855,0
2023-07-29,EHYYSK93aHI,أَغرب طرق العِلاَج القديمة 😂 (الجزء الثاني),"Jun 24, 2024",855,0
2023-07-30,EHYYSK93aHI,أَغرب طرق العِلاَج القديمة 😂 (الجزء الثاني),"Jun 24, 2024",855,0
2023-07-31,EHYYSK93aHI,أَغرب طرق العِلاَج القديمة 😂 (الجزء الثاني),"Jun 24, 2024",855,0
2023-08-01,EHYYSK93aHI,أَغرب طرق العِلاَج القديمة 😂 (الجزء الثاني),"Jun 24, 2024",855,0
2023-08-02,EHYYSK93aHI,أَغرب طرق العِلاَج القديمة 😂 (الجزء الثاني),"Jun 24, 2024",855,0
2023-08-03,EHYYSK93aHI,أَغرب طرق العِلاَج القديمة 😂 (الجزء الثاني),"Jun 24, 2024",855,0
2023-08-04,EHYYSK93aHI,أَغرب طرق العِلاَج القديمة 😂 (الجزء الثاني),"Jun 24, 2024",855,0
2023-08-05,EHYYSK93aHI,أَغرب طرق العِلاَج القديمة 😂 (الجزء الثاني),"Jun 24, 2024",855,0
2023-08-06,EHYYSK93aHI,أَغرب طرق العِلاَج القديمة 😂 (الجزء الثاني),"Jun 24, 2024",855,0
2023-08-07,EHYYSK93aHI,أَغرب طرق العِلاَج القديمة 😂 (الجزء الثاني),"Jun 24, 2024",855,0
2023-08-08,EHYYSK93aHI,أَغرب طرق العِلاَج القديمة 😂 (الجزء الثاني),"Jun 24, 2024",855,0
2023-08-09,EHYYSK93aHI,أَغرب طرق العِلاَج القديمة 😂 (الجزء الثاني),"Jun 24, 2024",855,0
2023-08-10,EHYYSK93aHI,أَغرب طرق العِلاَج القديمة 😂 (الجزء الثاني),"Jun 24, 2024",855,0
2023-08-11,EHYYSK93aHI,أَغرب طرق العِلاَج القديمة 😂 (الجزء الثاني),"Jun 24, 2024",855,0
2023-08-12,EHYYSK93aHI,أَغرب طرق العِلاَج القديمة 😂 (الجزء الثاني),"Jun 24, 2024",855,0
2023-08-13,EHYYSK93aHI,أَغرب طرق العِلاَج القديمة 😂 (الجزء الثاني),"Jun 24, 2024",855,0
2023-08-14,EHYYSK93aHI,أَغرب طرق العِلاَج القديمة 😂 (الجزء الثاني),"Jun 24, 2024",855,0
2023-08-15,EHYYSK93aHI,أَغرب طرق العِلاَج القديمة 😂 (الجزء الثاني),"Jun 24, 2024",855,0
2023-08-16,EHYYSK93aHI,أَغرب طرق العِلاَج القديمة 😂 (الجزء الثاني),"Jun 24, 2024",855,0
2023-08-17,EHYYSK93aHI,أَغرب طرق العِلاَج القديمة 😂 (الجزء الثاني),"Jun 24, 2024",855,0
2023-08-18,EHYYSK93aHI,أَغرب طرق العِلاَج القديمة 😂 (الجزء الثاني),"Jun 24, 2024",855,0
2023-08-19,EHYYSK93aHI,أَغرب طرق العِلاَج القديمة 😂 (الجزء الثاني),"Jun 24, 2024",855,0
2023-08-20,EHYYSK93aHI,أَغرب طرق العِلاَج القديمة 😂 (الجزء الثاني),"Jun 24, 2024",855,0
2023-08-21,EHYYSK93aHI,أَغرب طرق العِلاَج القديمة 😂 (الجزء الثاني),"Jun 24, 2024",855,0
2023-08-22,EHYYSK93aHI,أَغرب طرق العِلاَج القديمة 😂 (الجزء الثاني),"Jun 24, 2024",855,0
2023-08-23,EHYYSK93aHI,أَغرب طرق العِلاَج القديمة 😂 (الجزء الثاني),"Jun 24, 2024",855,0
2023-08-24,EHYYSK93aHI,أَغرب طرق العِلاَج القديمة 😂 (الجزء الثاني),"Jun 24, 2024",855,0
2023-08-25,EHYYSK93aHI,أَغرب طرق العِلاَج القديمة 😂 (الجزء الثاني),"Jun 24, 2024",855,0
2023-08-26,EHYYSK93aHI,أَغرب طرق العِلاَج القديمة 😂 (الجزء الثاني),"Jun 24, 2024",855,0
2023-08-27,EHYYSK93aHI,أَغرب طرق العِلاَج القديمة 😂 (الجزء الثاني),"Jun 24, 2024",855,0
2023-08-28,EHYYSK93aHI,أَغرب طرق العِلاَج القديمة 😂 (الجزء الثاني),"Jun 24, 2024",855,0
2023-08-29,EHYYSK93aHI,أَغرب طرق العِلاَج القديمة 😂 (الجزء الثاني),"Jun 24, 2024",855,0
2023-08-30,EHYYSK93aHI,أَغرب طرق العِلاَج القديمة 😂 (الجزء الثاني),"Jun 24, 2024",855,0
2023-08-31,EHYYSK93aHI,أَغرب طرق العِلاَج القديمة 😂 (الجزء الثاني),"Jun 24, 2024",855,0
2023-09-01,EHYYSK93aHI,أَغرب طرق العِلاَج القديمة 😂 (الجزء الثاني),"Jun 24, 2024",855,0
2023-09-02,EHYYSK93aHI,أَغرب طرق العِلاَج القديمة 😂 (الجزء الثاني),"Jun 24, 2024",855,0
2023-09-03,EHYYSK93aHI,أَغرب طرق العِلاَج القديمة 😂 (الجزء الثاني),"Jun 24, 2024",855,0
2023-09-04,EHYYSK93aHI,أَغرب طرق العِلاَج القديمة 😂 (الجزء الثاني),"Jun 24, 2024",855,0
2023-09-05,EHYYSK93aHI,أَغرب طرق العِلاَج القديمة 😂 (الجزء الثاني),"Jun 24, 2024",855,0
2023-09-06,EHYYSK93aHI,أَغرب طرق العِلاَج القديمة 😂 (الجزء الثاني),"Jun 24, 2024",855,0
2023-09-07,EHYYSK93aHI,أَغرب طرق العِلاَج القديمة 😂 (الجزء الثاني),"Jun 24, 2024",855,0
2023-09-08,EHYYSK93aHI,أَغرب طرق العِلاَج القديمة 😂 (الجزء الثاني),"Jun 24, 2024",855,0
2023-09-09,EHYYSK93aHI,أَغرب طرق العِلاَج القديمة 😂 (الجزء الثاني),"Jun 24, 2024",855,0
2023-09-10,EHYYSK93aHI,أَغرب طرق العِلاَج القديمة 😂 (الجزء الثاني),"Jun 24, 2024",855,0
2023-09-11,EHYYSK93aHI,أَغرب طرق العِلاَج القديمة 😂 (الجزء الثاني),"Jun 24, 2024",855,0
2023-09-12,EHYYSK93aHI,أَغرب طرق العِلاَج القديمة 😂 (الجزء الثاني),"Jun 24, 2024",855,0
2023-09-13,EHYYSK93aHI,أَغرب طرق العِلاَج القديمة 😂 (الجزء الثاني),"Jun 24, 2024",855,0
2023-09-14,EHYYSK93aHI,أَغرب طرق العِلاَج القديمة 😂 (الجزء الثاني),"Jun 24, 2024",855,0
2023-09-15,EHYYSK93aHI,أَغرب طرق العِلاَج القديمة 😂 (الجزء الثاني),"Jun 24, 2024",855,0
2023-09-16,EHYYSK93aHI,أَغرب طرق العِلاَج القديمة 😂 (الجزء الثاني),"Jun 24, 2024",855,0
2023-09-17,EHYYSK93aHI,أَغرب طرق العِلاَج القديمة 😂 (الجزء الثاني),"Jun 24, 2024",855,0
2023-09-18,EHYYSK93aHI,أَغرب طرق العِلاَج القديمة 😂 (الجزء الثاني),"Jun 24, 2024",855,0
2023-09-19,EHYYSK93aHI,أَغرب طرق العِلاَج القديمة 😂 (الجزء الثاني),"Jun 24, 2024",855,0
2023-09-20,EHYYSK93aHI,أَغرب طرق العِلاَج القديمة 😂 (الجزء الثاني),"Jun 24, 2024",855,0
2023-09-21,EHYYSK93aHI,أَغرب طرق العِلاَج القديمة 😂 (الجزء الثاني),"Jun 24, 2024",855,0
2023-09-22,EHYYSK93aHI,أَغرب طرق العِلاَج القديمة 😂 (الجزء الثاني),"Jun 24, 2024",855,0
2023-09-23,EHYYSK93aHI,أَغرب طرق العِلاَج القديمة 😂 (الجزء الثاني),"Jun 24, 2024",855,0
2023-09-24,EHYYSK93aHI,أَغرب طرق العِلاَج القديمة 😂 (الجزء الثاني),"Jun 24, 2024",855,0
2023-09-25,EHYYSK93aHI,أَغرب طرق العِلاَج القديمة 😂 (الجزء الثاني),"Jun 24, 2024",855,0
2023-09-26,EHYYSK93aHI,أَغرب طرق العِلاَج القديمة 😂 (الجزء الثاني),"Jun 24, 2024",855,0
2023-09-27,EHYYSK93aHI,أَغرب طرق العِلاَج القديمة 😂 (الجزء الثاني),"Jun 24, 2024",855,0
2023-09-28,EHYYSK93aHI,أَغرب طرق العِلاَج القديمة 😂 (الجزء الثاني),"Jun 24, 2024",855,0
2023-09-29,EHYYSK93aHI,أَغرب طرق العِلاَج القديمة 😂 (الجزء الثاني),"Jun 24, 2024",855,0
2023-09-30,EHYYSK93aHI,أَغرب طرق العِلاَج القديمة 😂 (الجزء الثاني),"Jun 24, 2024",855,0
2023-10-01,EHYYSK93aHI,أَغرب طرق العِلاَج القديمة 😂 (الجزء الثاني),"Jun 24, 2024",855,0
2023-10-02,EHYYSK93aHI,أَغرب طرق العِلاَج القديمة 😂 (الجزء الثاني),"Jun 24, 2024",855,0
2023-10-03,EHYYSK93aHI,أَغرب طرق العِلاَج القديمة 😂 (الجزء الثاني),"Jun 24, 2024",855,0
2023-10-04,EHYYSK93aHI,أَغرب طرق العِلاَج القديمة 😂 (الجزء الثاني),"Jun 24, 2024",855,0
2023-10-05,EHYYSK93aHI,أَغرب طرق العِلاَج القديمة 😂 (الجزء الثاني),"Jun 24, 2024",855,0
2023-10-06,EHYYSK93aHI,أَغرب طرق العِلاَج القديمة 😂 (الجزء الثاني),"Jun 24, 2024",855,0
2023-10-07,EHYYSK93aHI,أَغرب طرق العِلاَج القديمة 😂 (الجزء الثاني),"Jun 24, 2024",855,0
2023-10-08,EHYYSK93aHI,أَغرب طرق العِلاَج القديمة 😂 (الجزء الثاني),"Jun 24, 2024",855,0
2023-10-09,EHYYSK93aHI,أَغرب طرق العِلاَج القديمة 😂 (الجزء الثاني),"Jun 24, 2024",855,0
2023-10-10,EHYYSK93aHI,أَغرب طرق العِلاَج القديمة 😂 (الجزء الثاني),"Jun 24, 2024",855,0
2023-10-11,EHYYSK93aHI,أَغرب طرق العِلاَج القديمة 😂 (الجزء الثاني),"Jun 24, 2024",855,0
2023-10-12,EHYYSK93aHI,أَغرب طرق العِلاَج القديمة 😂 (الجزء الثاني),"Jun 24, 2024",855,0
2023-10-13,EHYYSK93aHI,أَغرب طرق العِلاَج القديمة 😂 (الجزء الثاني),"Jun 24, 2024",855,0
2023-10-14,EHYYSK93aHI,أَغرب طرق العِلاَج القديمة 😂 (الجزء الثاني),"Jun 24, 2024",855,0
2023-10-15,EHYYSK93aHI,أَغرب طرق العِلاَج القديمة 😂 (الجزء الثاني),"Jun 24, 2024",855,0
2023-10-16,EHYYSK93aHI,أَغرب طرق العِلاَج القديمة 😂 (الجزء الثاني),"Jun 24, 2024",855,0
2023-10-17,EHYYSK93aHI,أَغرب طرق العِلاَج القديمة 😂 (الجزء الثاني),"Jun 24, 2024",855,0
2023-10-18,EHYYSK93aHI,أَغرب طرق العِلاَج القديمة 😂 (الجزء الثاني),"Jun 24, 2024",855,0
2023-10-19,EHYYSK93aHI,أَغرب طرق العِلاَج القديمة 😂 (الجزء الثاني),"Jun 24, 2024",855,0
2023-10-20,EHYYSK93aHI,أَغرب طرق العِلاَج القديمة 😂 (الجزء الثاني),"Jun 24, 2024",855,0
2023-10-21,EHYYSK93aHI,أَغرب طرق العِلاَج القديمة 😂 (الجزء الثاني),"Jun 24, 2024",855,0
2023-10-22,EHYYSK93aHI,أَغرب طرق العِلاَج القديمة 😂 (الجزء الثاني),"Jun 24, 2024",855,0
2023-10-23,EHYYSK93aHI,أَغرب طرق العِلاَج القديمة 😂 (الجزء الثاني),"Jun 24, 2024",855,0
2023-10-24,EHYYSK93aHI,أَغرب طرق العِلاَج القديمة 😂 (الجزء الثاني),"Jun 24, 2024",855,0
2023-10-25,EHYYSK93aHI,أَغرب طرق العِلاَج القديمة 😂 (الجزء الثاني),"Jun 24, 2024",855,0
2023-10-26,EHYYSK93aHI,أَغرب طرق العِلاَج القديمة 😂 (الجزء الثاني),"Jun 24, 2024",855,0
2023-10-27,EHYYSK93aHI,أَغرب طرق العِلاَج القديمة 😂 (الجزء الثاني),"Jun 24, 2024",855,0
2023-10-28,EHYYSK93aHI,أَغرب طرق العِلاَج القديمة 😂 (الجزء الثاني),"Jun 24, 2024",855,0
2023-10-29,EHYYSK93aHI,أَغرب طرق العِلاَج القديمة 😂 (الجزء الثاني),"Jun 24, 2024",855,0
2023-10-30,EHYYSK93aHI,أَغرب طرق العِلاَج القديمة 😂 (الجزء الثاني),"Jun 24, 2024",855,0
2023-10-31,EHYYSK93aHI,أَغرب طرق العِلاَج القديمة 😂 (الجزء الثاني),"Jun 24, 2024",855,0
2023-11-01,EHYYSK93aHI,أَغرب طرق العِلاَج القديمة 😂 (الجزء الثاني),"Jun 24, 2024",855,0
2023-11-02,EHYYSK93aHI,أَغرب طرق العِلاَج القديمة 😂 (الجزء الثاني),"Jun 24, 2024",855,0
2023-11-03,EHYYSK93aHI,أَغرب طرق العِلاَج القديمة 😂 (الجزء الثاني),"Jun 24, 2024",855,0
2023-11-04,EHYYSK93aHI,أَغرب طرق العِلاَج القديمة 😂 (الجزء الثاني),"Jun 24, 2024",855,0
2023-11-05,EHYYSK93aHI,أَغرب طرق العِلاَج القديمة 😂 (الجزء الثاني),"Jun 24, 2024",855,0
2023-11-06,EHYYSK93aHI,أَغرب طرق العِلاَج القديمة 😂 (الجزء الثاني),"Jun 24, 2024",855,0
2023-11-07,EHYYSK93aHI,أَغرب طرق العِلاَج القديمة 😂 (الجزء الثاني),"Jun 24, 2024",855,0
2023-11-08,EHYYSK93aHI,أَغرب طرق العِلاَج القديمة 😂 (الجزء الثاني),"Jun 24, 2024",855,0
2023-11-09,EHYYSK93aHI,أَغرب طرق العِلاَج القديمة 😂 (الجزء الثاني),"Jun 24, 2024",855,0
2023-11-10,EHYYSK93aHI,أَغرب طرق العِلاَج القديمة 😂 (الجزء الثاني),"Jun 24, 2024",855,0
2023-11-11,EHYYSK93aHI,أَغرب طرق العِلاَج القديمة 😂 (الجزء الثاني),"Jun 24, 2024",855,0
2023-11-12,EHYYSK93aHI,أَغرب طرق العِلاَج القديمة 😂 (الجزء الثاني),"Jun 24, 2024",855,0
2023-11-13,EHYYSK93aHI,أَغرب طرق العِلاَج القديمة 😂 (الجزء الثاني),"Jun 24, 2024",855,0
2023-11-14,EHYYSK93aHI,أَغرب طرق العِلاَج القديمة 😂 (الجزء الثاني),"Jun 24, 2024",855,0
2023-11-15,EHYYSK93aHI,أَغرب طرق العِلاَج القديمة 😂 (الجزء الثاني),"Jun 24, 2024",855,0
2023-11-16,EHYYSK93aHI,أَغرب طرق العِلاَج القديمة 😂 (الجزء الثاني),"Jun 24, 2024",855,0
2023-11-17,EHYYSK93aHI,أَغرب طرق العِلاَج القديمة 😂 (الجزء الثاني),"Jun 24, 2024",855,0
2023-11-18,EHYYSK93aHI,أَغرب طرق العِلاَج القديمة 😂 (الجزء الثاني),"Jun 24, 2024",855,0
2023-11-19,EHYYSK93aHI,أَغرب طرق العِلاَج القديمة 😂 (الجزء الثاني),"Jun 24, 2024",855,0
2023-11-20,EHYYSK93aHI,أَغرب طرق العِلاَج القديمة 😂 (الجزء الثاني),"Jun 24, 2024",855,0
2023-11-21,EHYYSK93aHI,أَغرب طرق العِلاَج القديمة 😂 (الجزء الثاني),"Jun 24, 2024",855,0
2023-11-22,EHYYSK93aHI,أَغرب طرق العِلاَج القديمة 😂 (الجزء الثاني),"Jun 24, 2024",855,0
2023-11-23,EHYYSK93aHI,أَغرب طرق العِلاَج القديمة 😂 (الجزء الثاني),"Jun 24, 2024",855,0
2023-11-24,EHYYSK93aHI,أَغرب طرق العِلاَج القديمة 😂 (الجزء الثاني),"Jun 24, 2024",855,0
2023-11-25,EHYYSK93aHI,أَغرب طرق العِلاَج القديمة 😂 (الجزء الثاني),"Jun 24, 2024",855,0
2023-11-26,EHYYSK93aHI,أَغرب طرق العِلاَج القديمة 😂 (الجزء الثاني),"Jun 24, 2024",855,0
2023-11-27,EHYYSK93aHI,أَغرب طرق العِلاَج القديمة 😂 (الجزء الثاني),"Jun 24, 2024",855,0
2023-11-28,EHYYSK93aHI,أَغرب طرق العِلاَج القديمة 😂 (الجزء الثاني),"Jun 24, 2024",855,0
2023-11-29,EHYYSK93aHI,أَغرب طرق العِلاَج القديمة 😂 (الجزء الثاني),"Jun 24, 2024",855,0
2023-11-30,EHYYSK93aHI,أَغرب طرق العِلاَج القديمة 😂 (الجزء الثاني),"Jun 24, 2024",855,0
2023-12-01,EHYYSK93aHI,أَغرب طرق العِلاَج القديمة 😂 (الجزء الثاني),"Jun 24, 2024",855,0
2023-12-02,EHYYSK93aHI,أَغرب طرق العِلاَج القديمة 😂 (الجزء الثاني),"Jun 24, 2024",855,0
2023-12-03,EHYYSK93aHI,أَغرب طرق العِلاَج القديمة 😂 (الجزء الثاني),"Jun 24, 2024",855,0
2023-12-04,EHYYSK93aHI,أَغرب طرق العِلاَج القديمة 😂 (الجزء الثاني),"Jun 24, 2024",855,0
2023-12-05,EHYYSK93aHI,أَغرب طرق العِلاَج القديمة 😂 (الجزء الثاني),"Jun 24, 2024",855,0
2023-12-06,EHYYSK93aHI,أَغرب طرق العِلاَج القديمة 😂 (الجزء الثاني),"Jun 24, 2024",855,0
2023-12-07,EHYYSK93aHI,أَغرب طرق العِلاَج القديمة 😂 (الجزء الثاني),"Jun 24, 2024",855,0
2023-12-08,EHYYSK93aHI,أَغرب طرق العِلاَج القديمة 😂 (الجزء الثاني),"Jun 24, 2024",855,0
2023-12-09,EHYYSK93aHI,أَغرب طرق العِلاَج القديمة 😂 (الجزء الثاني),"Jun 24, 2024",855,0
2023-12-10,EHYYSK93aHI,أَغرب طرق العِلاَج القديمة 😂 (الجزء الثاني),"Jun 24, 2024",855,0
2023-12-11,EHYYSK93aHI,أَغرب طرق العِلاَج القديمة 😂 (الجزء الثاني),"Jun 24, 2024",855,0
2023-12-12,EHYYSK93aHI,أَغرب طرق العِلاَج القديمة 😂 (الجزء الثاني),"Jun 24, 2024",855,0
2023-12-13,EHYYSK93aHI,أَغرب طرق العِلاَج القديمة 😂 (الجزء الثاني),"Jun 24, 2024",855,0
2023-12-14,EHYYSK93aHI,أَغرب طرق العِلاَج القديمة 😂 (الجزء الثاني),"Jun 24, 2024",855,0
2023-12-15,EHYYSK93aHI,أَغرب طرق العِلاَج القديمة 😂 (الجزء الثاني),"Jun 24, 2024",855,0
2023-12-16,EHYYSK93aHI,أَغرب طرق العِلاَج القديمة 😂 (الجزء الثاني),"Jun 24, 2024",855,0
2023-12-17,EHYYSK93aHI,أَغرب طرق العِلاَج القديمة 😂 (الجزء الثاني),"Jun 24, 2024",855,0
2023-12-18,EHYYSK93aHI,أَغرب طرق العِلاَج القديمة 😂 (الجزء الثاني),"Jun 24, 2024",855,0
2023-12-19,EHYYSK93aHI,أَغرب طرق العِلاَج القديمة 😂 (الجزء الثاني),"Jun 24, 2024",855,0
2023-12-20,EHYYSK93aHI,أَغرب طرق العِلاَج القديمة 😂 (الجزء الثاني),"Jun 24, 2024",855,0
2023-12-21,EHYYSK93aHI,أَغرب طرق العِلاَج القديمة 😂 (الجزء الثاني),"Jun 24, 2024",855,0
2023-12-22,EHYYSK93aHI,أَغرب طرق العِلاَج القديمة 😂 (الجزء الثاني),"Jun 24, 2024",855,0
2023-12-23,EHYYSK93aHI,أَغرب طرق العِلاَج القديمة 😂 (الجزء الثاني),"Jun 24, 2024",855,0
2023-12-24,EHYYSK93aHI,أَغرب طرق العِلاَج القديمة 😂 (الجزء الثاني),"Jun 24, 2024",855,0
2023-12-25,EHYYSK93aHI,أَغرب طرق العِلاَج القديمة 😂 (الجزء الثاني),"Jun 24, 2024",855,0
2023-12-26,EHYYSK93aHI,أَغرب طرق العِلاَج القديمة 😂 (الجزء الثاني),"Jun 24, 2024",855,0
2023-12-27,EHYYSK93aHI,أَغرب طرق العِلاَج القديمة 😂 (الجزء الثاني),"Jun 24, 2024",855,0
2023-12-28,EHYYSK93aHI,أَغرب طرق العِلاَج القديمة 😂 (الجزء الثاني),"Jun 24, 2024",855,0
2023-12-29,EHYYSK93aHI,أَغرب طرق العِلاَج القديمة 😂 (الجزء الثاني),"Jun 24, 2024",855,0
2023-12-30,EHYYSK93aHI,أَغرب طرق العِلاَج القديمة 😂 (الجزء الثاني),"Jun 24, 2024",855,0
2023-12-31,EHYYSK93aHI,أَغرب طرق العِلاَج القديمة 😂 (الجزء الثاني),"Jun 24, 2024",855,0
2024-01-01,EHYYSK93aHI,أَغرب طرق العِلاَج القديمة 😂 (الجزء الثاني),"Jun 24, 2024",855,0
2024-01-02,EHYYSK93aHI,أَغرب طرق العِلاَج القديمة 😂 (الجزء الثاني),"Jun 24, 2024",855,0
2024-01-03,EHYYSK93aHI,أَغرب طرق العِلاَج القديمة 😂 (الجزء الثاني),"Jun 24, 2024",855,0
2024-01-04,EHYYSK93aHI,أَغرب طرق العِلاَج القديمة 😂 (الجزء الثاني),"Jun 24, 2024",855,0
2024-01-05,EHYYSK93aHI,أَغرب طرق العِلاَج القديمة 😂 (الجزء الثاني),"Jun 24, 2024",855,0
2024-01-06,EHYYSK93aHI,أَغرب طرق العِلاَج القديمة 😂 (الجزء الثاني),"Jun 24, 2024",855,0
2024-01-07,EHYYSK93aHI,أَغرب طرق العِلاَج القديمة 😂 (الجزء الثاني),"Jun 24, 2024",855,0
2024-01-08,EHYYSK93aHI,أَغرب طرق العِلاَج القديمة 😂 (الجزء الثاني),"Jun 24, 2024",855,0
2024-01-09,EHYYSK93aHI,أَغرب طرق العِلاَج القديمة 😂 (الجزء الثاني),"Jun 24, 2024",855,0
2024-01-10,EHYYSK93aHI,أَغرب طرق العِلاَج القديمة 😂 (الجزء الثاني),"Jun 24, 2024",855,0
2024-01-11,EHYYSK93aHI,أَغرب طرق العِلاَج القديمة 😂 (الجزء الثاني),"Jun 24, 2024",855,0
2024-01-12,EHYYSK93aHI,أَغرب طرق العِلاَج القديمة 😂 (الجزء الثاني),"Jun 24, 2024",855,0
2024-01-13,EHYYSK93aHI,أَغرب طرق العِلاَج القديمة 😂 (الجزء الثاني),"Jun 24, 2024",855,0
2024-01-14,EHYYSK93aHI,أَغرب طرق العِلاَج القديمة 😂 (الجزء الثاني),"Jun 24, 2024",855,0
2024-01-15,EHYYSK93aHI,أَغرب طرق العِلاَج القديمة 😂 (الجزء الثاني),"Jun 24, 2024",855,0
2024-01-16,EHYYSK93aHI,أَغرب طرق العِلاَج القديمة 😂 (الجزء الثاني),"Jun 24, 2024",855,0
2024-01-17,EHYYSK93aHI,أَغرب طرق العِلاَج القديمة 😂 (الجزء الثاني),"Jun 24, 2024",855,0
2024-01-18,EHYYSK93aHI,أَغرب طرق العِلاَج القديمة 😂 (الجزء الثاني),"Jun 24, 2024",855,0
2024-01-19,EHYYSK93aHI,أَغرب طرق العِلاَج القديمة 😂 (الجزء الثاني),"Jun 24, 2024",855,0
2024-01-20,EHYYSK93aHI,أَغرب طرق العِلاَج القديمة 😂 (الجزء الثاني),"Jun 24, 2024",855,0
2024-01-21,EHYYSK93aHI,أَغرب طرق العِلاَج القديمة 😂 (الجزء الثاني),"Jun 24, 2024",855,0
2024-01-22,EHYYSK93aHI,أَغرب طرق العِلاَج القديمة 😂 (الجزء الثاني),"Jun 24, 2024",855,0
2024-01-23,EHYYSK93aHI,أَغرب طرق العِلاَج القديمة 😂 (الجزء الثاني),"Jun 24, 2024",855,0
2024-01-24,EHYYSK93aHI,أَغرب طرق العِلاَج القديمة 😂 (الجزء الثاني),"Jun 24, 2024",855,0
2024-01-25,EHYYSK93aHI,أَغرب طرق العِلاَج القديمة 😂 (الجزء الثاني),"Jun 24, 2024",855,0
2024-01-26,EHYYSK93aHI,أَغرب طرق العِلاَج القديمة 😂 (الجزء الثاني),"Jun 24, 2024",855,0
2024-01-27,EHYYSK93aHI,أَغرب طرق العِلاَج القديمة 😂 (الجزء الثاني),"Jun 24, 2024",855,0
2024-01-28,EHYYSK93aHI,أَغرب طرق العِلاَج القديمة 😂 (الجزء الثاني),"Jun 24, 2024",855,0
2024-01-29,EHYYSK93aHI,أَغرب طرق العِلاَج القديمة 😂 (الجزء الثاني),"Jun 24, 2024",855,0
2024-01-30,EHYYSK93aHI,أَغرب طرق العِلاَج القديمة 😂 (الجزء الثاني),"Jun 24, 2024",855,0
2024-01-31,EHYYSK93aHI,أَغرب طرق العِلاَج القديمة 😂 (الجزء الثاني),"Jun 24, 2024",855,0
2024-02-01,EHYYSK93aHI,أَغرب طرق العِلاَج القديمة 😂 (الجزء الثاني),"Jun 24, 2024",855,0
2024-02-02,EHYYSK93aHI,أَغرب طرق العِلاَج القديمة 😂 (الجزء الثاني),"Jun 24, 2024",855,0
2024-02-03,EHYYSK93aHI,أَغرب طرق العِلاَج القديمة 😂 (الجزء الثاني),"Jun 24, 2024",855,0
2024-02-04,EHYYSK93aHI,أَغرب طرق العِلاَج القديمة 😂 (الجزء الثاني),"Jun 24, 2024",855,0
2024-02-05,EHYYSK93aHI,أَغرب طرق العِلاَج القديمة 😂 (الجزء الثاني),"Jun 24, 2024",855,0
2024-02-06,EHYYSK93aHI,أَغرب طرق العِلاَج القديمة 😂 (الجزء الثاني),"Jun 24, 2024",855,0
2024-02-07,EHYYSK93aHI,أَغرب طرق العِلاَج القديمة 😂 (الجزء الثاني),"Jun 24, 2024",855,0
2024-02-08,EHYYSK93aHI,أَغرب طرق العِلاَج القديمة 😂 (الجزء الثاني),"Jun 24, 2024",855,0
2024-02-09,EHYYSK93aHI,أَغرب طرق العِلاَج القديمة 😂 (الجزء الثاني),"Jun 24, 2024",855,0
2024-02-10,EHYYSK93aHI,أَغرب طرق العِلاَج القديمة 😂 (الجزء الثاني),"Jun 24, 2024",855,0
2024-02-11,EHYYSK93aHI,أَغرب طرق العِلاَج القديمة 😂 (الجزء الثاني),"Jun 24, 2024",855,0
2024-02-12,EHYYSK93aHI,أَغرب طرق العِلاَج القديمة 😂 (الجزء الثاني),"Jun 24, 2024",855,0
2024-02-13,EHYYSK93aHI,أَغرب طرق العِلاَج القديمة 😂 (الجزء الثاني),"Jun 24, 2024",855,0
2024-02-14,EHYYSK93aHI,أَغرب طرق العِلاَج القديمة 😂 (الجزء الثاني),"Jun 24, 2024",855,0
2024-02-15,EHYYSK93aHI,أَغرب طرق العِلاَج القديمة 😂 (الجزء الثاني),"Jun 24, 2024",855,0
2024-02-16,EHYYSK93aHI,أَغرب طرق العِلاَج القديمة 😂 (الجزء الثاني),"Jun 24, 2024",855,0
2024-02-17,EHYYSK93aHI,أَغرب طرق العِلاَج القديمة 😂 (الجزء الثاني),"Jun 24, 2024",855,0
2024-02-18,EHYYSK93aHI,أَغرب طرق العِلاَج القديمة 😂 (الجزء الثاني),"Jun 24, 2024",855,0
2024-02-19,EHYYSK93aHI,أَغرب طرق العِلاَج القديمة 😂 (الجزء الثاني),"Jun 24, 2024",855,0
2024-02-20,EHYYSK93aHI,أَغرب طرق العِلاَج القديمة 😂 (الجزء الثاني),"Jun 24, 2024",855,0
2024-02-21,EHYYSK93aHI,أَغرب طرق العِلاَج القديمة 😂 (الجزء الثاني),"Jun 24, 2024",855,0
2024-02-22,EHYYSK93aHI,أَغرب طرق العِلاَج القديمة 😂 (الجزء الثاني),"Jun 24, 2024",855,0
2024-02-23,EHYYSK93aHI,أَغرب طرق العِلاَج القديمة 😂 (الجزء الثاني),"Jun 24, 2024",855,0
2024-02-24,EHYYSK93aHI,أَغرب طرق العِلاَج القديمة 😂 (الجزء الثاني),"Jun 24, 2024",855,0
2024-02-25,EHYYSK93aHI,أَغرب طرق العِلاَج القديمة 😂 (الجزء الثاني),"Jun 24, 2024",855,0
2024-02-26,EHYYSK93aHI,أَغرب طرق العِلاَج القديمة 😂 (الجزء الثاني),"Jun 24, 2024",855,0
2024-02-27,EHYYSK93aHI,أَغرب طرق العِلاَج القديمة 😂 (الجزء الثاني),"Jun 24, 2024",855,0
2024-02-28,EHYYSK93aHI,أَغرب طرق العِلاَج القديمة 😂 (الجزء الثاني),"Jun 24, 2024",855,0
2024-02-29,EHYYSK93aHI,أَغرب طرق العِلاَج القديمة 😂 (الجزء الثاني),"Jun 24, 2024",855,0
2024-03-01,EHYYSK93aHI,أَغرب طرق العِلاَج القديمة 😂 (الجزء الثاني),"Jun 24, 2024",855,0
2024-03-02,EHYYSK93aHI,أَغرب طرق العِلاَج القديمة 😂 (الجزء الثاني),"Jun 24, 2024",855,0
2024-03-03,EHYYSK93aHI,أَغرب طرق العِلاَج القديمة 😂 (الجزء الثاني),"Jun 24, 2024",855,0
2024-03-04,EHYYSK93aHI,أَغرب طرق العِلاَج القديمة 😂 (الجزء الثاني),"Jun 24, 2024",855,0
2024-03-05,EHYYSK93aHI,أَغرب طرق العِلاَج القديمة 😂 (الجزء الثاني),"Jun 24, 2024",855,0
2024-03-06,EHYYSK93aHI,أَغرب طرق العِلاَج القديمة 😂 (الجزء الثاني),"Jun 24, 2024",855,0
2024-03-07,EHYYSK93aHI,أَغرب طرق العِلاَج القديمة 😂 (الجزء الثاني),"Jun 24, 2024",855,0
2024-03-08,EHYYSK93aHI,أَغرب طرق العِلاَج القديمة 😂 (الجزء الثاني),"Jun 24, 2024",855,0
2024-03-09,EHYYSK93aHI,أَغرب طرق العِلاَج القديمة 😂 (الجزء الثاني),"Jun 24, 2024",855,0
2024-03-10,EHYYSK93aHI,أَغرب طرق العِلاَج القديمة 😂 (الجزء الثاني),"Jun 24, 2024",855,0
2024-03-11,EHYYSK93aHI,أَغرب طرق العِلاَج القديمة 😂 (الجزء الثاني),"Jun 24, 2024",855,0
2024-03-12,EHYYSK93aHI,أَغرب طرق العِلاَج القديمة 😂 (الجزء الثاني),"Jun 24, 2024",855,0
2024-03-13,EHYYSK93aHI,أَغرب طرق العِلاَج القديمة 😂 (الجزء الثاني),"Jun 24, 2024",855,0
2024-03-14,EHYYSK93aHI,أَغرب طرق العِلاَج القديمة 😂 (الجزء الثاني),"Jun 24, 2024",855,0
2024-03-15,EHYYSK93aHI,أَغرب طرق العِلاَج القديمة 😂 (الجزء الثاني),"Jun 24, 2024",855,0
2024-03-16,EHYYSK93aHI,أَغرب طرق العِلاَج القديمة 😂 (الجزء الثاني),"Jun 24, 2024",855,0
2024-03-17,EHYYSK93aHI,أَغرب طرق العِلاَج القديمة 😂 (الجزء الثاني),"Jun 24, 2024",855,0
2024-03-18,EHYYSK93aHI,أَغرب طرق العِلاَج القديمة 😂 (الجزء الثاني),"Jun 24, 2024",855,0
2024-03-19,EHYYSK93aHI,أَغرب طرق العِلاَج القديمة 😂 (الجزء الثاني),"Jun 24, 2024",855,0
2024-03-20,EHYYSK93aHI,أَغرب طرق العِلاَج القديمة 😂 (الجزء الثاني),"Jun 24, 2024",855,0
2024-03-21,EHYYSK93aHI,أَغرب طرق العِلاَج القديمة 😂 (الجزء الثاني),"Jun 24, 2024",855,0
2024-03-22,EHYYSK93aHI,أَغرب طرق العِلاَج القديمة 😂 (الجزء الثاني),"Jun 24, 2024",855,0
2024-03-23,EHYYSK93aHI,أَغرب طرق العِلاَج القديمة 😂 (الجزء الثاني),"Jun 24, 2024",855,0
2024-03-24,EHYYSK93aHI,أَغرب طرق العِلاَج القديمة 😂 (الجزء الثاني),"Jun 24, 2024",855,0
2024-03-25,EHYYSK93aHI,أَغرب طرق العِلاَج القديمة 😂 (الجزء الثاني),"Jun 24, 2024",855,0
2024-03-26,EHYYSK93aHI,أَغرب طرق العِلاَج القديمة 😂 (الجزء الثاني),"Jun 24, 2024",855,0
2024-03-27,EHYYSK93aHI,أَغرب طرق العِلاَج القديمة 😂 (الجزء الثاني),"Jun 24, 2024",855,0
2024-03-28,EHYYSK93aHI,أَغرب طرق العِلاَج القديمة 😂 (الجزء الثاني),"Jun 24, 2024",855,0
2024-03-29,EHYYSK93aHI,أَغرب طرق العِلاَج القديمة 😂 (الجزء الثاني),"Jun 24, 2024",855,0
2024-03-30,EHYYSK93aHI,أَغرب طرق العِلاَج القديمة 😂 (الجزء الثاني),"Jun 24, 2024",855,0
2024-03-31,EHYYSK93aHI,أَغرب طرق العِلاَج القديمة 😂 (الجزء الثاني),"Jun 24, 2024",855,0
2024-04-01,EHYYSK93aHI,أَغرب طرق العِلاَج القديمة 😂 (الجزء الثاني),"Jun 24, 2024",855,0
2024-04-02,EHYYSK93aHI,أَغرب طرق العِلاَج القديمة 😂 (الجزء الثاني),"Jun 24, 2024",855,0
2024-04-03,EHYYSK93aHI,أَغرب طرق العِلاَج القديمة 😂 (الجزء الثاني),"Jun 24, 2024",855,0
2024-04-04,EHYYSK93aHI,أَغرب طرق العِلاَج القديمة 😂 (الجزء الثاني),"Jun 24, 2024",855,0
2024-04-05,EHYYSK93aHI,أَغرب طرق العِلاَج القديمة 😂 (الجزء الثاني),"Jun 24, 2024",855,0
2024-04-06,EHYYSK93aHI,أَغرب طرق العِلاَج القديمة 😂 (الجزء الثاني),"Jun 24, 2024",855,0
2024-04-07,EHYYSK93aHI,أَغرب طرق العِلاَج القديمة 😂 (الجزء الثاني),"Jun 24, 2024",855,0
2024-04-08,EHYYSK93aHI,أَغرب طرق العِلاَج القديمة 😂 (الجزء الثاني),"Jun 24, 2024",855,0
2024-04-09,EHYYSK93aHI,أَغرب طرق العِلاَج القديمة 😂 (الجزء الثاني),"Jun 24, 2024",855,0
2024-04-10,EHYYSK93aHI,أَغرب طرق العِلاَج القديمة 😂 (الجزء الثاني),"Jun 24, 2024",855,0
2024-04-11,EHYYSK93aHI,أَغرب طرق العِلاَج القديمة 😂 (الجزء الثاني),"Jun 24, 2024",855,0
2024-04-12,EHYYSK93aHI,أَغرب طرق العِلاَج القديمة 😂 (الجزء الثاني),"Jun 24, 2024",855,0
2024-04-13,EHYYSK93aHI,أَغرب طرق العِلاَج القديمة 😂 (الجزء الثاني),"Jun 24, 2024",855,0
2024-04-14,EHYYSK93aHI,أَغرب طرق العِلاَج القديمة 😂 (الجزء الثاني),"Jun 24, 2024",855,0
2024-04-15,EHYYSK93aHI,أَغرب طرق العِلاَج القديمة 😂 (الجزء الثاني),"Jun 24, 2024",855,0
2024-04-16,EHYYSK93aHI,أَغرب طرق العِلاَج القديمة 😂 (الجزء الثاني),"Jun 24, 2024",855,0
2024-04-17,EHYYSK93aHI,أَغرب طرق العِلاَج القديمة 😂 (الجزء الثاني),"Jun 24, 2024",855,0
2024-04-18,EHYYSK93aHI,أَغرب طرق العِلاَج القديمة 😂 (الجزء الثاني),"Jun 24, 2024",855,0
2024-04-19,EHYYSK93aHI,أَغرب طرق العِلاَج القديمة 😂 (الجزء الثاني),"Jun 24, 2024",855,0
2024-04-20,EHYYSK93aHI,أَغرب طرق العِلاَج القديمة 😂 (الجزء الثاني),"Jun 24, 2024",855,0
2024-04-21,EHYYSK93aHI,أَغرب طرق العِلاَج القديمة 😂 (الجزء الثاني),"Jun 24, 2024",855,0
2024-04-22,EHYYSK93aHI,أَغرب طرق العِلاَج القديمة 😂 (الجزء الثاني),"Jun 24, 2024",855,0
2024-04-23,EHYYSK93aHI,أَغرب طرق العِلاَج القديمة 😂 (الجزء الثاني),"Jun 24, 2024",855,0
2024-04-24,EHYYSK93aHI,أَغرب طرق العِلاَج القديمة 😂 (الجزء الثاني),"Jun 24, 2024",855,0
2024-04-25,EHYYSK93aHI,أَغرب طرق العِلاَج القديمة 😂 (الجزء الثاني),"Jun 24, 2024",855,0
2024-04-26,EHYYSK93aHI,أَغرب طرق العِلاَج القديمة 😂 (الجزء الثاني),"Jun 24, 2024",855,0
2024-04-27,EHYYSK93aHI,أَغرب طرق العِلاَج القديمة 😂 (الجزء الثاني),"Jun 24, 2024",855,0
2024-04-28,EHYYSK93aHI,أَغرب طرق العِلاَج القديمة 😂 (الجزء الثاني),"Jun 24, 2024",855,0
2024-04-29,EHYYSK93aHI,أَغرب طرق العِلاَج القديمة 😂 (الجزء الثاني),"Jun 24, 2024",855,0
2024-04-30,EHYYSK93aHI,أَغرب طرق العِلاَج القديمة 😂 (الجزء الثاني),"Jun 24, 2024",855,0
2024-05-01,EHYYSK93aHI,أَغرب طرق العِلاَج القديمة 😂 (الجزء الثاني),"Jun 24, 2024",855,0
2024-05-02,EHYYSK93aHI,أَغرب طرق العِلاَج القديمة 😂 (الجزء الثاني),"Jun 24, 2024",855,0
2024-05-03,EHYYSK93aHI,أَغرب طرق العِلاَج القديمة 😂 (الجزء الثاني),"Jun 24, 2024",855,0
2024-05-04,EHYYSK93aHI,أَغرب طرق العِلاَج القديمة 😂 (الجزء الثاني),"Jun 24, 2024",855,0
2024-05-05,EHYYSK93aHI,أَغرب طرق العِلاَج القديمة 😂 (الجزء الثاني),"Jun 24, 2024",855,0
2024-05-06,EHYYSK93aHI,أَغرب طرق العِلاَج القديمة 😂 (الجزء الثاني),"Jun 24, 2024",855,0
2024-05-07,EHYYSK93aHI,أَغرب طرق العِلاَج القديمة 😂 (الجزء الثاني),"Jun 24, 2024",855,0
2024-05-08,EHYYSK93aHI,أَغرب طرق العِلاَج القديمة 😂 (الجزء الثاني),"Jun 24, 2024",855,0
2024-05-09,EHYYSK93aHI,أَغرب طرق العِلاَج القديمة 😂 (الجزء الثاني),"Jun 24, 2024",855,0
2024-05-10,EHYYSK93aHI,أَغرب طرق العِلاَج القديمة 😂 (الجزء الثاني),"Jun 24, 2024",855,0
2024-05-11,EHYYSK93aHI,أَغرب طرق العِلاَج القديمة 😂 (الجزء الثاني),"Jun 24, 2024",855,0
2024-05-12,EHYYSK93aHI,أَغرب طرق العِلاَج القديمة 😂 (الجزء الثاني),"Jun 24, 2024",855,0
2024-05-13,EHYYSK93aHI,أَغرب طرق العِلاَج القديمة 😂 (الجزء الثاني),"Jun 24, 2024",855,0
2024-05-14,EHYYSK93aHI,أَغرب طرق العِلاَج القديمة 😂 (الجزء الثاني),"Jun 24, 2024",855,0
2024-05-15,EHYYSK93aHI,أَغرب طرق العِلاَج القديمة 😂 (الجزء الثاني),"Jun 24, 2024",855,0
2024-05-16,EHYYSK93aHI,أَغرب طرق العِلاَج القديمة 😂 (الجزء الثاني),"Jun 24, 2024",855,0
2024-05-17,EHYYSK93aHI,أَغرب طرق العِلاَج القديمة 😂 (الجزء الثاني),"Jun 24, 2024",855,0
2024-05-18,EHYYSK93aHI,أَغرب طرق العِلاَج القديمة 😂 (الجزء الثاني),"Jun 24, 2024",855,0
2024-05-19,EHYYSK93aHI,أَغرب طرق العِلاَج القديمة 😂 (الجزء الثاني),"Jun 24, 2024",855,0
2024-05-20,EHYYSK93aHI,أَغرب طرق العِلاَج القديمة 😂 (الجزء الثاني),"Jun 24, 2024",855,0
2024-05-21,EHYYSK93aHI,أَغرب طرق العِلاَج القديمة 😂 (الجزء الثاني),"Jun 24, 2024",855,0
2024-05-22,EHYYSK93aHI,أَغرب طرق العِلاَج القديمة 😂 (الجزء الثاني),"Jun 24, 2024",855,0
2024-05-23,EHYYSK93aHI,أَغرب طرق العِلاَج القديمة 😂 (الجزء الثاني),"Jun 24, 2024",855,0
2024-05-24,EHYYSK93aHI,أَغرب طرق العِلاَج القديمة 😂 (الجزء الثاني),"Jun 24, 2024",855,0
2024-05-25,EHYYSK93aHI,أَغرب طرق العِلاَج القديمة 😂 (الجزء الثاني),"Jun 24, 2024",855,0
2024-05-26,EHYYSK93aHI,أَغرب طرق العِلاَج القديمة 😂 (الجزء الثاني),"Jun 24, 2024",855,0
2024-05-27,EHYYSK93aHI,أَغرب طرق العِلاَج القديمة 😂 (الجزء الثاني),"Jun 24, 2024",855,0
2024-05-28,EHYYSK93aHI,أَغرب طرق العِلاَج القديمة 😂 (الجزء الثاني),"Jun 24, 2024",855,0
2024-05-29,EHYYSK93aHI,أَغرب طرق العِلاَج القديمة 😂 (الجزء الثاني),"Jun 24, 2024",855,0
2024-05-30,EHYYSK93aHI,أَغرب طرق العِلاَج القديمة 😂 (الجزء الثاني),"Jun 24, 2024",855,0
2024-05-31,EHYYSK93aHI,أَغرب طرق العِلاَج القديمة 😂 (الجزء الثاني),"Jun 24, 2024",855,0
2024-06-01,EHYYSK93aHI,أَغرب طرق العِلاَج القديمة 😂 (الجزء الثاني),"Jun 24, 2024",855,0
2024-06-02,EHYYSK93aHI,أَغرب طرق العِلاَج القديمة 😂 (الجزء الثاني),"Jun 24, 2024",855,0
2024-06-03,EHYYSK93aHI,أَغرب طرق العِلاَج القديمة 😂 (الجزء الثاني),"Jun 24, 2024",855,0
2024-06-04,EHYYSK93aHI,أَغرب طرق العِلاَج القديمة 😂 (الجزء الثاني),"Jun 24, 2024",855,0
2024-06-05,EHYYSK93aHI,أَغرب طرق العِلاَج القديمة 😂 (الجزء الثاني),"Jun 24, 2024",855,0
2024-06-06,EHYYSK93aHI,أَغرب طرق العِلاَج القديمة 😂 (الجزء الثاني),"Jun 24, 2024",855,0
2024-06-07,EHYYSK93aHI,أَغرب طرق العِلاَج القديمة 😂 (الجزء الثاني),"Jun 24, 2024",855,0
2024-06-08,EHYYSK93aHI,أَغرب طرق العِلاَج القديمة 😂 (الجزء الثاني),"Jun 24, 2024",855,0
2024-06-09,EHYYSK93aHI,أَغرب طرق العِلاَج القديمة 😂 (الجزء الثاني),"Jun 24, 2024",855,0
2024-06-10,EHYYSK93aHI,أَغرب طرق العِلاَج القديمة 😂 (الجزء الثاني),"Jun 24, 2024",855,0
2024-06-11,EHYYSK93aHI,أَغرب طرق العِلاَج القديمة 😂 (الجزء الثاني),"Jun 24, 2024",855,0
2024-06-12,EHYYSK93aHI,أَغرب طرق العِلاَج القديمة 😂 (الجزء الثاني),"Jun 24, 2024",855,0
2024-06-13,EHYYSK93aHI,أَغرب طرق العِلاَج القديمة 😂 (الجزء الثاني),"Jun 24, 2024",855,0
2024-06-14,EHYYSK93aHI,أَغرب طرق العِلاَج القديمة 😂 (الجزء الثاني),"Jun 24, 2024",855,0
2024-06-15,EHYYSK93aHI,أَغرب طرق العِلاَج القديمة 😂 (الجزء الثاني),"Jun 24, 2024",855,0
2024-06-16,EHYYSK93aHI,أَغرب طرق العِلاَج القديمة 😂 (الجزء الثاني),"Jun 24, 2024",855,0
2024-06-17,EHYYSK93aHI,أَغرب طرق العِلاَج القديمة 😂 (الجزء الثاني),"Jun 24, 2024",855,0
2024-06-18,EHYYSK93aHI,أَغرب طرق العِلاَج القديمة 😂 (الجزء الثاني),"Jun 24, 2024",855,0
2024-06-19,EHYYSK93aHI,أَغرب طرق العِلاَج القديمة 😂 (الجزء الثاني),"Jun 24, 2024",855,0
2024-06-20,EHYYSK93aHI,أَغرب طرق العِلاَج القديمة 😂 (الجزء الثاني),"Jun 24, 2024",855,0
2024-06-21,EHYYSK93aHI,أَغرب طرق العِلاَج القديمة 😂 (الجزء الثاني),"Jun 24, 2024",855,0
2024-06-22,EHYYSK93aHI,أَغرب طرق العِلاَج القديمة 😂 (الجزء الثاني),"Jun 24, 2024",855,0
2024-06-23,EHYYSK93aHI,أَغرب طرق العِلاَج القديمة 😂 (الجزء الثاني),"Jun 24, 2024",855,0
2024-06-24,EHYYSK93aHI,أَغرب طرق العِلاَج القديمة 😂 (الجزء الثاني),"Jun 24, 2024",855,52.25
2024-06-25,EHYYSK93aHI,أَغرب طرق العِلاَج القديمة 😂 (الجزء الثاني),"Jun 24, 2024",855,49.74
2024-06-26,EHYYSK93aHI,أَغرب طرق العِلاَج القديمة 😂 (الجزء الثاني),"Jun 24, 2024",855,46.81
2024-06-27,EHYYSK93aHI,أَغرب طرق العِلاَج القديمة 😂 (الجزء الثاني),"Jun 24, 2024",855,44.55
2024-06-28,EHYYSK93aHI,أَغرب طرق العِلاَج القديمة 😂 (الجزء الثاني),"Jun 24, 2024",855,43.01
2024-06-29,EHYYSK93aHI,أَغرب طرق العِلاَج القديمة 😂 (الجزء الثاني),"Jun 24, 2024",855,43.05
2024-06-30,EHYYSK93aHI,أَغرب طرق العِلاَج القديمة 😂 (الجزء الثاني),"Jun 24, 2024",855,42.79
2024-07-01,EHYYSK93aHI,أَغرب طرق العِلاَج القديمة 😂 (الجزء الثاني),"Jun 24, 2024",855,42.48
2024-07-02,EHYYSK93aHI,أَغرب طرق العِلاَج القديمة 😂 (الجزء الثاني),"Jun 24, 2024",855,41.74
2024-07-03,EHYYSK93aHI,أَغرب طرق العِلاَج القديمة 😂 (الجزء الثاني),"Jun 24, 2024",855,41.66
2024-07-04,EHYYSK93aHI,أَغرب طرق العِلاَج القديمة 😂 (الجزء الثاني),"Jun 24, 2024",855,41.52
2024-07-05,EHYYSK93aHI,أَغرب طرق العِلاَج القديمة 😂 (الجزء الثاني),"Jun 24, 2024",855,42.75
2024-07-06,EHYYSK93aHI,أَغرب طرق العِلاَج القديمة 😂 (الجزء الثاني),"Jun 24, 2024",855,43.07
2024-07-07,EHYYSK93aHI,أَغرب طرق العِلاَج القديمة 😂 (الجزء الثاني),"Jun 24, 2024",855,43.18
2024-07-08,EHYYSK93aHI,أَغرب طرق العِلاَج القديمة 😂 (الجزء الثاني),"Jun 24, 2024",855,46.5
2024-07-09,EHYYSK93aHI,أَغرب طرق العِلاَج القديمة 😂 (الجزء الثاني),"Jun 24, 2024",855,46.55
2024-07-10,EHYYSK93aHI,أَغرب طرق العِلاَج القديمة 😂 (الجزء الثاني),"Jun 24, 2024",855,46.54
2024-07-11,EHYYSK93aHI,أَغرب طرق العِلاَج القديمة 😂 (الجزء الثاني),"Jun 24, 2024",855,46.54
2024-07-12,EHYYSK93aHI,أَغرب طرق العِلاَج القديمة 😂 (الجزء الثاني),"Jun 24, 2024",855,44.4
2024-07-13,EHYYSK93aHI,أَغرب طرق العِلاَج القديمة 😂 (الجزء الثاني),"Jun 24, 2024",855,44.57
2024-07-14,EHYYSK93aHI,أَغرب طرق العِلاَج القديمة 😂 (الجزء الثاني),"Jun 24, 2024",855,44.7
2024-07-15,EHYYSK93aHI,أَغرب طرق العِلاَج القديمة 😂 (الجزء الثاني),"Jun 24, 2024",855,44.75
2024-07-16,EHYYSK93aHI,أَغرب طرق العِلاَج القديمة 😂 (الجزء الثاني),"Jun 24, 2024",855,45.23
2024-07-17,EHYYSK93aHI,أَغرب طرق العِلاَج القديمة 😂 (الجزء الثاني),"Jun 24, 2024",855,43.88
2024-07-18,EHYYSK93aHI,أَغرب طرق العِلاَج القديمة 😂 (الجزء الثاني),"Jun 24, 2024",855,44.21
2024-07-19,EHYYSK93aHI,أَغرب طرق العِلاَج القديمة 😂 (الجزء الثاني),"Jun 24, 2024",855,45.52
2024-07-20,EHYYSK93aHI,أَغرب طرق العِلاَج القديمة 😂 (الجزء الثاني),"Jun 24, 2024",855,42.97
2024-07-21,EHYYSK93aHI,أَغرب طرق العِلاَج القديمة 😂 (الجزء الثاني),"Jun 24, 2024",855,43.76
2024-07-22,EHYYSK93aHI,أَغرب طرق العِلاَج القديمة 😂 (الجزء الثاني),"Jun 24, 2024",855,43.77
2024-07-23,EHYYSK93aHI,أَغرب طرق العِلاَج القديمة 😂 (الجزء الثاني),"Jun 24, 2024",855,42.46
2024-07-24,EHYYSK93aHI,أَغرب طرق العِلاَج القديمة 😂 (الجزء الثاني),"Jun 24, 2024",855,43.08
2024-07-25,EHYYSK93aHI,أَغرب طرق العِلاَج القديمة 😂 (الجزء الثاني),"Jun 24, 2024",855,40.51
2024-07-26,EHYYSK93aHI,أَغرب طرق العِلاَج القديمة 😂 (الجزء الثاني),"Jun 24, 2024",855,41.34
2024-07-27,EHYYSK93aHI,أَغرب طرق العِلاَج القديمة 😂 (الجزء الثاني),"Jun 24, 2024",855,41.71
2024-07-28,EHYYSK93aHI,أَغرب طرق العِلاَج القديمة 😂 (الجزء الثاني),"Jun 24, 2024",855,43.57
2024-07-29,EHYYSK93aHI,أَغرب طرق العِلاَج القديمة 😂 (الجزء الثاني),"Jun 24, 2024",855,41.06
2024-07-30,EHYYSK93aHI,أَغرب طرق العِلاَج القديمة 😂 (الجزء الثاني),"Jun 24, 2024",855,41.07
2024-07-31,EHYYSK93aHI,أَغرب طرق العِلاَج القديمة 😂 (الجزء الثاني),"Jun 24, 2024",855,41.19
2024-08-01,EHYYSK93aHI,أَغرب طرق العِلاَج القديمة 😂 (الجزء الثاني),"Jun 24, 2024",855,24.08
2024-08-02,EHYYSK93aHI,أَغرب طرق العِلاَج القديمة 😂 (الجزء الثاني),"Jun 24, 2024",855,35.49
2024-08-03,EHYYSK93aHI,أَغرب طرق العِلاَج القديمة 😂 (الجزء الثاني),"Jun 24, 2024",855,61.77
2024-08-04,EHYYSK93aHI,أَغرب طرق العِلاَج القديمة 😂 (الجزء الثاني),"Jun 24, 2024",855,
2024-08-05,EHYYSK93aHI,أَغرب طرق العِلاَج القديمة 😂 (الجزء الثاني),"Jun 24, 2024",855,57.61
2024-08-06,EHYYSK93aHI,أَغرب طرق العِلاَج القديمة 😂 (الجزء الثاني),"Jun 24, 2024",855,42.08
2024-08-07,EHYYSK93aHI,أَغرب طرق العِلاَج القديمة 😂 (الجزء الثاني),"Jun 24, 2024",855,92.67
2024-08-08,EHYYSK93aHI,أَغرب طرق العِلاَج القديمة 😂 (الجزء الثاني),"Jun 24, 2024",855,
2024-08-09,EHYYSK93aHI,أَغرب طرق العِلاَج القديمة 😂 (الجزء الثاني),"Jun 24, 2024",855,102.23
2024-08-10,EHYYSK93aHI,أَغرب طرق العِلاَج القديمة 😂 (الجزء الثاني),"Jun 24, 2024",855,36.37
2024-08-11,EHYYSK93aHI,أَغرب طرق العِلاَج القديمة 😂 (الجزء الثاني),"Jun 24, 2024",855,
2024-08-12,EHYYSK93aHI,أَغرب طرق العِلاَج القديمة 😂 (الجزء الثاني),"Jun 24, 2024",855,98.21
2024-08-13,EHYYSK93aHI,أَغرب طرق العِلاَج القديمة 😂 (الجزء الثاني),"Jun 24, 2024",855,6.13
2024-08-14,EHYYSK93aHI,أَغرب طرق العِلاَج القديمة 😂 (الجزء الثاني),"Jun 24, 2024",855,
2024-08-15,EHYYSK93aHI,أَغرب طرق العِلاَج القديمة 😂 (الجزء الثاني),"Jun 24, 2024",855,84.15
2024-08-16,EHYYSK93aHI,أَغرب طرق العِلاَج القديمة 😂 (الجزء الثاني),"Jun 24, 2024",855,0.12
2024-08-17,EHYYSK93aHI,أَغرب طرق العِلاَج القديمة 😂 (الجزء الثاني),"Jun 24, 2024",855,
2024-08-18,EHYYSK93aHI,أَغرب طرق العِلاَج القديمة 😂 (الجزء الثاني),"Jun 24, 2024",855,0
2024-08-19,EHYYSK93aHI,أَغرب طرق العِلاَج القديمة 😂 (الجزء الثاني),"Jun 24, 2024",855,35.43
2024-08-20,EHYYSK93aHI,أَغرب طرق العِلاَج القديمة 😂 (الجزء الثاني),"Jun 24, 2024",855,
2024-08-21,EHYYSK93aHI,أَغرب طرق العِلاَج القديمة 😂 (الجزء الثاني),"Jun 24, 2024",855,0
2024-08-22,EHYYSK93aHI,أَغرب طرق العِلاَج القديمة 😂 (الجزء الثاني),"Jun 24, 2024",855,
2024-08-23,EHYYSK93aHI,أَغرب طرق العِلاَج القديمة 😂 (الجزء الثاني),"Jun 24, 2024",855,
2024-08-24,EHYYSK93aHI,أَغرب طرق العِلاَج القديمة 😂 (الجزء الثاني),"Jun 24, 2024",855,82.22
2024-08-25,EHYYSK93aHI,أَغرب طرق العِلاَج القديمة 😂 (الجزء الثاني),"Jun 24, 2024",855,
2024-08-26,EHYYSK93aHI,أَغرب طرق العِلاَج القديمة 😂 (الجزء الثاني),"Jun 24, 2024",855,
2024-08-27,EHYYSK93aHI,أَغرب طرق العِلاَج القديمة 😂 (الجزء الثاني),"Jun 24, 2024",855,
2024-08-28,EHYYSK93aHI,أَغرب طرق العِلاَج القديمة 😂 (الجزء الثاني),"Jun 24, 2024",855,0
2024-08-29,EHYYSK93aHI,أَغرب طرق العِلاَج القديمة 😂 (الجزء الثاني),"Jun 24, 2024",855,
2024-08-30,EHYYSK93aHI,أَغرب طرق العِلاَج القديمة 😂 (الجزء الثاني),"Jun 24, 2024",855,
2024-08-31,EHYYSK93aHI,أَغرب طرق العِلاَج القديمة 😂 (الجزء الثاني),"Jun 24, 2024",855,
2024-09-01,EHYYSK93aHI,أَغرب طرق العِلاَج القديمة 😂 (الجزء الثاني),"Jun 24, 2024",855,
2024-09-02,EHYYSK93aHI,أَغرب طرق العِلاَج القديمة 😂 (الجزء الثاني),"Jun 24, 2024",855,0
2024-09-03,EHYYSK93aHI,أَغرب طرق العِلاَج القديمة 😂 (الجزء الثاني),"Jun 24, 2024",855,
2024-09-04,EHYYSK93aHI,أَغرب طرق العِلاَج القديمة 😂 (الجزء الثاني),"Jun 24, 2024",855,
2024-09-05,EHYYSK93aHI,أَغرب طرق العِلاَج القديمة 😂 (الجزء الثاني),"Jun 24, 2024",855,
2024-09-06,EHYYSK93aHI,أَغرب طرق العِلاَج القديمة 😂 (الجزء الثاني),"Jun 24, 2024",855,
2024-09-07,EHYYSK93aHI,أَغرب طرق العِلاَج القديمة 😂 (الجزء الثاني),"Jun 24, 2024",855,
2024-09-08,EHYYSK93aHI,أَغرب طرق العِلاَج القديمة 😂 (الجزء الثاني),"Jun 24, 2024",855,0
2024-09-09,EHYYSK93aHI,أَغرب طرق العِلاَج القديمة 😂 (الجزء الثاني),"Jun 24, 2024",855,
2024-09-10,EHYYSK93aHI,أَغرب طرق العِلاَج القديمة 😂 (الجزء الثاني),"Jun 24, 2024",855,
2024-09-11,EHYYSK93aHI,أَغرب طرق العِلاَج القديمة 😂 (الجزء الثاني),"Jun 24, 2024",855,0
2024-09-12,EHYYSK93aHI,أَغرب طرق العِلاَج القديمة 😂 (الجزء الثاني),"Jun 24, 2024",855,
2024-09-13,EHYYSK93aHI,أَغرب طرق العِلاَج القديمة 😂 (الجزء الثاني),"Jun 24, 2024",855,
2024-09-14,EHYYSK93aHI,أَغرب طرق العِلاَج القديمة 😂 (الجزء الثاني),"Jun 24, 2024",855,
2024-09-15,EHYYSK93aHI,أَغرب طرق العِلاَج القديمة 😂 (الجزء الثاني),"Jun 24, 2024",855,
2024-09-16,EHYYSK93aHI,أَغرب طرق العِلاَج القديمة 😂 (الجزء الثاني),"Jun 24, 2024",855,
2024-09-17,EHYYSK93aHI,أَغرب طرق العِلاَج القديمة 😂 (الجزء الثاني),"Jun 24, 2024",855,0
2024-09-18,EHYYSK93aHI,أَغرب طرق العِلاَج القديمة 😂 (الجزء الثاني),"Jun 24, 2024",855,
2024-09-19,EHYYSK93aHI,أَغرب طرق العِلاَج القديمة 😂 (الجزء الثاني),"Jun 24, 2024",855,
2024-09-20,EHYYSK93aHI,أَغرب طرق العِلاَج القديمة 😂 (الجزء الثاني),"Jun 24, 2024",855,
2024-09-21,EHYYSK93aHI,أَغرب طرق العِلاَج القديمة 😂 (الجزء الثاني),"Jun 24, 2024",855,
2024-09-22,EHYYSK93aHI,أَغرب طرق العِلاَج القديمة 😂 (الجزء الثاني),"Jun 24, 2024",855,
2024-09-23,EHYYSK93aHI,أَغرب طرق العِلاَج القديمة 😂 (الجزء الثاني),"Jun 24, 2024",855,
2024-09-24,EHYYSK93aHI,أَغرب طرق العِلاَج القديمة 😂 (الجزء الثاني),"Jun 24, 2024",855,
2024-09-25,EHYYSK93aHI,أَغرب طرق العِلاَج القديمة 😂 (الجزء الثاني),"Jun 24, 2024",855,
2024-09-26,EHYYSK93aHI,أَغرب طرق العِلاَج القديمة 😂 (الجزء الثاني),"Jun 24, 2024",855,
2024-09-27,EHYYSK93aHI,أَغرب طرق العِلاَج القديمة 😂 (الجزء الثاني),"Jun 24, 2024",855,
2024-09-28,EHYYSK93aHI,أَغرب طرق العِلاَج القديمة 😂 (الجزء الثاني),"Jun 24, 2024",855,
2024-09-29,EHYYSK93aHI,أَغرب طرق العِلاَج القديمة 😂 (الجزء الثاني),"Jun 24, 2024",855,0
2024-09-30,EHYYSK93aHI,أَغرب طرق العِلاَج القديمة 😂 (الجزء الثاني),"Jun 24, 2024",855,
2024-10-01,EHYYSK93aHI,أَغرب طرق العِلاَج القديمة 😂 (الجزء الثاني),"Jun 24, 2024",855,
2024-10-02,EHYYSK93aHI,أَغرب طرق العِلاَج القديمة 😂 (الجزء الثاني),"Jun 24, 2024",855,
2024-10-03,EHYYSK93aHI,أَغرب طرق العِلاَج القديمة 😂 (الجزء الثاني),"Jun 24, 2024",855,
2024-10-04,EHYYSK93aHI,أَغرب طرق العِلاَج القديمة 😂 (الجزء الثاني),"Jun 24, 2024",855,
2024-10-05,EHYYSK93aHI,أَغرب طرق العِلاَج القديمة 😂 (الجزء الثاني),"Jun 24, 2024",855,
2024-10-06,EHYYSK93aHI,أَغرب طرق العِلاَج القديمة 😂 (الجزء الثاني),"Jun 24, 2024",855,
2024-10-07,EHYYSK93aHI,أَغرب طرق العِلاَج القديمة 😂 (الجزء الثاني),"Jun 24, 2024",855,0
2024-10-08,EHYYSK93aHI,أَغرب طرق العِلاَج القديمة 😂 (الجزء الثاني),"Jun 24, 2024",855,
2024-10-09,EHYYSK93aHI,أَغرب طرق العِلاَج القديمة 😂 (الجزء الثاني),"Jun 24, 2024",855,
2024-10-10,EHYYSK93aHI,أَغرب طرق العِلاَج القديمة 😂 (الجزء الثاني),"Jun 24, 2024",855,0
2024-10-11,EHYYSK93aHI,أَغرب طرق العِلاَج القديمة 😂 (الجزء الثاني),"Jun 24, 2024",855,0
2024-10-12,EHYYSK93aHI,أَغرب طرق العِلاَج القديمة 😂 (الجزء الثاني),"Jun 24, 2024",855,
2024-10-13,EHYYSK93aHI,أَغرب طرق العِلاَج القديمة 😂 (الجزء الثاني),"Jun 24, 2024",855,
2024-10-14,EHYYSK93aHI,أَغرب طرق العِلاَج القديمة 😂 (الجزء الثاني),"Jun 24, 2024",855,0
2024-10-15,EHYYSK93aHI,أَغرب طرق العِلاَج القديمة 😂 (الجزء الثاني),"Jun 24, 2024",855,0
2024-10-16,EHYYSK93aHI,أَغرب طرق العِلاَج القديمة 😂 (الجزء الثاني),"Jun 24, 2024",855,
2024-10-17,EHYYSK93aHI,أَغرب طرق العِلاَج القديمة 😂 (الجزء الثاني),"Jun 24, 2024",855,0
2024-10-18,EHYYSK93aHI,أَغرب طرق العِلاَج القديمة 😂 (الجزء الثاني),"Jun 24, 2024",855,
2024-10-19,EHYYSK93aHI,أَغرب طرق العِلاَج القديمة 😂 (الجزء الثاني),"Jun 24, 2024",855,0
2024-10-20,EHYYSK93aHI,أَغرب طرق العِلاَج القديمة 😂 (الجزء الثاني),"Jun 24, 2024",855,
2024-10-21,EHYYSK93aHI,أَغرب طرق العِلاَج القديمة 😂 (الجزء الثاني),"Jun 24, 2024",855,0
2024-10-22,EHYYSK93aHI,أَغرب طرق العِلاَج القديمة 😂 (الجزء الثاني),"Jun 24, 2024",855,0
2024-10-23,EHYYSK93aHI,أَغرب طرق العِلاَج القديمة 😂 (الجزء الثاني),"Jun 24, 2024",855,
2024-10-24,EHYYSK93aHI,أَغرب طرق العِلاَج القديمة 😂 (الجزء الثاني),"Jun 24, 2024",855,
2024-10-25,EHYYSK93aHI,أَغرب طرق العِلاَج القديمة 😂 (الجزء الثاني),"Jun 24, 2024",855,
2024-10-26,EHYYSK93aHI,أَغرب طرق العِلاَج القديمة 😂 (الجزء الثاني),"Jun 24, 2024",855,
2024-10-27,EHYYSK93aHI,أَغرب طرق العِلاَج القديمة 😂 (الجزء الثاني),"Jun 24, 2024",855,
2024-10-28,EHYYSK93aHI,أَغرب طرق العِلاَج القديمة 😂 (الجزء الثاني),"Jun 24, 2024",855,
2024-10-29,EHYYSK93aHI,أَغرب طرق العِلاَج القديمة 😂 (الجزء الثاني),"Jun 24, 2024",855,
2024-10-30,EHYYSK93aHI,أَغرب طرق العِلاَج القديمة 😂 (الجزء الثاني),"Jun 24, 2024",855,
2024-10-31,EHYYSK93aHI,أَغرب طرق العِلاَج القديمة 😂 (الجزء الثاني),"Jun 24, 2024",855,0
2024-11-01,EHYYSK93aHI,أَغرب طرق العِلاَج القديمة 😂 (الجزء الثاني),"Jun 24, 2024",855,
2024-11-02,EHYYSK93aHI,أَغرب طرق العِلاَج القديمة 😂 (الجزء الثاني),"Jun 24, 2024",855,
2024-11-03,EHYYSK93aHI,أَغرب طرق العِلاَج القديمة 😂 (الجزء الثاني),"Jun 24, 2024",855,
2024-11-04,EHYYSK93aHI,أَغرب طرق العِلاَج القديمة 😂 (الجزء الثاني),"Jun 24, 2024",855,0
2024-11-05,EHYYSK93aHI,أَغرب طرق العِلاَج القديمة 😂 (الجزء الثاني),"Jun 24, 2024",855,
2024-11-06,EHYYSK93aHI,أَغرب طرق العِلاَج القديمة 😂 (الجزء الثاني),"Jun 24, 2024",855,
2024-11-07,EHYYSK93aHI,أَغرب طرق العِلاَج القديمة 😂 (الجزء الثاني),"Jun 24, 2024",855,
2024-11-08,EHYYSK93aHI,أَغرب طرق العِلاَج القديمة 😂 (الجزء الثاني),"Jun 24, 2024",855,
2024-11-09,EHYYSK93aHI,أَغرب طرق العِلاَج القديمة 😂 (الجزء الثاني),"Jun 24, 2024",855,
2024-11-10,EHYYSK93aHI,أَغرب طرق العِلاَج القديمة 😂 (الجزء الثاني),"Jun 24, 2024",855,
2024-11-11,EHYYSK93aHI,أَغرب طرق العِلاَج القديمة 😂 (الجزء الثاني),"Jun 24, 2024",855,
2024-11-12,EHYYSK93aHI,أَغرب طرق العِلاَج القديمة 😂 (الجزء الثاني),"Jun 24, 2024",855,
2024-11-13,EHYYSK93aHI,أَغرب طرق العِلاَج القديمة 😂 (الجزء الثاني),"Jun 24, 2024",855,
2024-11-14,EHYYSK93aHI,أَغرب طرق العِلاَج القديمة 😂 (الجزء الثاني),"Jun 24, 2024",855,0
2024-11-15,EHYYSK93aHI,أَغرب طرق العِلاَج القديمة 😂 (الجزء الثاني),"Jun 24, 2024",855,0
2024-11-16,EHYYSK93aHI,أَغرب طرق العِلاَج القديمة 😂 (الجزء الثاني),"Jun 24, 2024",855,
2024-11-17,EHYYSK93aHI,أَغرب طرق العِلاَج القديمة 😂 (الجزء الثاني),"Jun 24, 2024",855,
2024-11-18,EHYYSK93aHI,أَغرب طرق العِلاَج القديمة 😂 (الجزء الثاني),"Jun 24, 2024",855,0
2024-11-19,EHYYSK93aHI,أَغرب طرق العِلاَج القديمة 😂 (الجزء الثاني),"Jun 24, 2024",855,
2024-11-20,EHYYSK93aHI,أَغرب طرق العِلاَج القديمة 😂 (الجزء الثاني),"Jun 24, 2024",855,0
2024-11-21,EHYYSK93aHI,أَغرب طرق العِلاَج القديمة 😂 (الجزء الثاني),"Jun 24, 2024",855,
2024-11-22,EHYYSK93aHI,أَغرب طرق العِلاَج القديمة 😂 (الجزء الثاني),"Jun 24, 2024",855,
2024-11-23,EHYYSK93aHI,أَغرب طرق العِلاَج القديمة 😂 (الجزء الثاني),"Jun 24, 2024",855,
2024-11-24,EHYYSK93aHI,أَغرب طرق العِلاَج القديمة 😂 (الجزء الثاني),"Jun 24, 2024",855,0
2024-11-25,EHYYSK93aHI,أَغرب طرق العِلاَج القديمة 😂 (الجزء الثاني),"Jun 24, 2024",855,
2024-11-26,EHYYSK93aHI,أَغرب طرق العِلاَج القديمة 😂 (الجزء الثاني),"Jun 24, 2024",855,
2024-11-27,EHYYSK93aHI,أَغرب طرق العِلاَج القديمة 😂 (الجزء الثاني),"Jun 24, 2024",855,0
2024-11-28,EHYYSK93aHI,أَغرب طرق العِلاَج القديمة 😂 (الجزء الثاني),"Jun 24, 2024",855,
2024-11-29,EHYYSK93aHI,أَغرب طرق العِلاَج القديمة 😂 (الجزء الثاني),"Jun 24, 2024",855,
2024-11-30,EHYYSK93aHI,أَغرب طرق العِلاَج القديمة 😂 (الجزء الثاني),"Jun 24, 2024",855,0
2024-12-01,EHYYSK93aHI,أَغرب طرق العِلاَج القديمة 😂 (الجزء الثاني),"Jun 24, 2024",855,0
2024-12-02,EHYYSK93aHI,أَغرب طرق العِلاَج القديمة 😂 (الجزء الثاني),"Jun 24, 2024",855,
2024-12-03,EHYYSK93aHI,أَغرب طرق العِلاَج القديمة 😂 (الجزء الثاني),"Jun 24, 2024",855,
2024-12-04,EHYYSK93aHI,أَغرب طرق العِلاَج القديمة 😂 (الجزء الثاني),"Jun 24, 2024",855,
2024-12-05,EHYYSK93aHI,أَغرب طرق العِلاَج القديمة 😂 (الجزء الثاني),"Jun 24, 2024",855,0
2024-12-06,EHYYSK93aHI,أَغرب طرق العِلاَج القديمة 😂 (الجزء الثاني),"Jun 24, 2024",855,
2024-12-07,EHYYSK93aHI,أَغرب طرق العِلاَج القديمة 😂 (الجزء الثاني),"Jun 24, 2024",855,
2024-12-08,EHYYSK93aHI,أَغرب طرق العِلاَج القديمة 😂 (الجزء الثاني),"Jun 24, 2024",855,
2024-12-09,EHYYSK93aHI,أَغرب طرق العِلاَج القديمة 😂 (الجزء الثاني),"Jun 24, 2024",855,
2024-12-10,EHYYSK93aHI,أَغرب طرق العِلاَج القديمة 😂 (الجزء الثاني),"Jun 24, 2024",855,
2024-12-11,EHYYSK93aHI,أَغرب طرق العِلاَج القديمة 😂 (الجزء الثاني),"Jun 24, 2024",855,
2024-12-12,EHYYSK93aHI,أَغرب طرق العِلاَج القديمة 😂 (الجزء الثاني),"Jun 24, 2024",855,
2024-12-13,EHYYSK93aHI,أَغرب طرق العِلاَج القديمة 😂 (الجزء الثاني),"Jun 24, 2024",855,
2024-12-14,EHYYSK93aHI,أَغرب طرق العِلاَج القديمة 😂 (الجزء الثاني),"Jun 24, 2024",855,
2024-12-15,EHYYSK93aHI,أَغرب طرق العِلاَج القديمة 😂 (الجزء الثاني),"Jun 24, 2024",855,
2024-12-16,EHYYSK93aHI,أَغرب طرق العِلاَج القديمة 😂 (الجزء الثاني),"Jun 24, 2024",855,
2024-12-17,EHYYSK93aHI,أَغرب طرق العِلاَج القديمة 😂 (الجزء الثاني),"Jun 24, 2024",855,
2024-12-18,EHYYSK93aHI,أَغرب طرق العِلاَج القديمة 😂 (الجزء الثاني),"Jun 24, 2024",855,
2024-12-19,EHYYSK93aHI,أَغرب طرق العِلاَج القديمة 😂 (الجزء الثاني),"Jun 24, 2024",855,
2024-12-20,EHYYSK93aHI,أَغرب طرق العِلاَج القديمة 😂 (الجزء الثاني),"Jun 24, 2024",855,
2024-12-21,EHYYSK93aHI,أَغرب طرق العِلاَج القديمة 😂 (الجزء الثاني),"Jun 24, 2024",855,0
2024-12-22,EHYYSK93aHI,أَغرب طرق العِلاَج القديمة 😂 (الجزء الثاني),"Jun 24, 2024",855,
2024-12-23,EHYYSK93aHI,أَغرب طرق العِلاَج القديمة 😂 (الجزء الثاني),"Jun 24, 2024",855,
2024-12-24,EHYYSK93aHI,أَغرب طرق العِلاَج القديمة 😂 (الجزء الثاني),"Jun 24, 2024",855,
2024-12-25,EHYYSK93aHI,أَغرب طرق العِلاَج القديمة 😂 (الجزء الثاني),"Jun 24, 2024",855,
2024-12-26,EHYYSK93aHI,أَغرب طرق العِلاَج القديمة 😂 (الجزء الثاني),"Jun 24, 2024",855,
2024-12-27,EHYYSK93aHI,أَغرب طرق العِلاَج القديمة 😂 (الجزء الثاني),"Jun 24, 2024",855,
2024-12-28,EHYYSK93aHI,أَغرب طرق العِلاَج القديمة 😂 (الجزء الثاني),"Jun 24, 2024",855,
2024-12-29,EHYYSK93aHI,أَغرب طرق العِلاَج القديمة 😂 (الجزء الثاني),"Jun 24, 2024",855,
2024-12-30,EHYYSK93aHI,أَغرب طرق العِلاَج القديمة 😂 (الجزء الثاني),"Jun 24, 2024",855,
2024-12-31,EHYYSK93aHI,أَغرب طرق العِلاَج القديمة 😂 (الجزء الثاني),"Jun 24, 2024",855,0
2025-01-01,EHYYSK93aHI,أَغرب طرق العِلاَج القديمة 😂 (الجزء الثاني),"Jun 24, 2024",855,0
2025-01-02,EHYYSK93aHI,أَغرب طرق العِلاَج القديمة 😂 (الجزء الثاني),"Jun 24, 2024",855,
2025-01-03,EHYYSK93aHI,أَغرب طرق العِلاَج القديمة 😂 (الجزء الثاني),"Jun 24, 2024",855,
2025-01-04,EHYYSK93aHI,أَغرب طرق العِلاَج القديمة 😂 (الجزء الثاني),"Jun 24, 2024",855,
2025-01-05,EHYYSK93aHI,أَغرب طرق العِلاَج القديمة 😂 (الجزء الثاني),"Jun 24, 2024",855,
2025-01-06,EHYYSK93aHI,أَغرب طرق العِلاَج القديمة 😂 (الجزء الثاني),"Jun 24, 2024",855,0
2025-01-07,EHYYSK93aHI,أَغرب طرق العِلاَج القديمة 😂 (الجزء الثاني),"Jun 24, 2024",855,0
2025-01-08,EHYYSK93aHI,أَغرب طرق العِلاَج القديمة 😂 (الجزء الثاني),"Jun 24, 2024",855,
2025-01-09,EHYYSK93aHI,أَغرب طرق العِلاَج القديمة 😂 (الجزء الثاني),"Jun 24, 2024",855,
2025-01-10,EHYYSK93aHI,أَغرب طرق العِلاَج القديمة 😂 (الجزء الثاني),"Jun 24, 2024",855,
2025-01-11,EHYYSK93aHI,أَغرب طرق العِلاَج القديمة 😂 (الجزء الثاني),"Jun 24, 2024",855,
2025-01-12,EHYYSK93aHI,أَغرب طرق العِلاَج القديمة 😂 (الجزء الثاني),"Jun 24, 2024",855,
2025-01-13,EHYYSK93aHI,أَغرب طرق العِلاَج القديمة 😂 (الجزء الثاني),"Jun 24, 2024",855,0
2025-01-14,EHYYSK93aHI,أَغرب طرق العِلاَج القديمة 😂 (الجزء الثاني),"Jun 24, 2024",855,
2025-01-15,EHYYSK93aHI,أَغرب طرق العِلاَج القديمة 😂 (الجزء الثاني),"Jun 24, 2024",855,
2025-01-16,EHYYSK93aHI,أَغرب طرق العِلاَج القديمة 😂 (الجزء الثاني),"Jun 24, 2024",855,
2025-01-17,EHYYSK93aHI,أَغرب طرق العِلاَج القديمة 😂 (الجزء الثاني),"Jun 24, 2024",855,
2025-01-18,EHYYSK93aHI,أَغرب طرق العِلاَج القديمة 😂 (الجزء الثاني),"Jun 24, 2024",855,
2025-01-19,EHYYSK93aHI,أَغرب طرق العِلاَج القديمة 😂 (الجزء الثاني),"Jun 24, 2024",855,
2025-01-20,EHYYSK93aHI,أَغرب طرق العِلاَج القديمة 😂 (الجزء الثاني),"Jun 24, 2024",855,0
2025-01-21,EHYYSK93aHI,أَغرب طرق العِلاَج القديمة 😂 (الجزء الثاني),"Jun 24, 2024",855,
2025-01-22,EHYYSK93aHI,أَغرب طرق العِلاَج القديمة 😂 (الجزء الثاني),"Jun 24, 2024",855,0
2025-01-23,EHYYSK93aHI,أَغرب طرق العِلاَج القديمة 😂 (الجزء الثاني),"Jun 24, 2024",855,
2025-01-24,EHYYSK93aHI,أَغرب طرق العِلاَج القديمة 😂 (الجزء الثاني),"Jun 24, 2024",855,
2025-01-25,EHYYSK93aHI,أَغرب طرق العِلاَج القديمة 😂 (الجزء الثاني),"Jun 24, 2024",855,
2025-01-26,EHYYSK93aHI,أَغرب طرق العِلاَج القديمة 😂 (الجزء الثاني),"Jun 24, 2024",855,
2025-01-27,EHYYSK93aHI,أَغرب طرق العِلاَج القديمة 😂 (الجزء الثاني),"Jun 24, 2024",855,
2025-01-28,EHYYSK93aHI,أَغرب طرق العِلاَج القديمة 😂 (الجزء الثاني),"Jun 24, 2024",855,
2025-01-29,EHYYSK93aHI,أَغرب طرق العِلاَج القديمة 😂 (الجزء الثاني),"Jun 24, 2024",855,0
2025-01-30,EHYYSK93aHI,أَغرب طرق العِلاَج القديمة 😂 (الجزء الثاني),"Jun 24, 2024",855,
2025-01-31,EHYYSK93aHI,أَغرب طرق العِلاَج القديمة 😂 (الجزء الثاني),"Jun 24, 2024",855,
2025-02-01,EHYYSK93aHI,أَغرب طرق العِلاَج القديمة 😂 (الجزء الثاني),"Jun 24, 2024",855,
2025-02-02,EHYYSK93aHI,أَغرب طرق العِلاَج القديمة 😂 (الجزء الثاني),"Jun 24, 2024",855,
2025-02-03,EHYYSK93aHI,أَغرب طرق العِلاَج القديمة 😂 (الجزء الثاني),"Jun 24, 2024",855,
2025-02-04,EHYYSK93aHI,أَغرب طرق العِلاَج القديمة 😂 (الجزء الثاني),"Jun 24, 2024",855,
2025-02-05,EHYYSK93aHI,أَغرب طرق العِلاَج القديمة 😂 (الجزء الثاني),"Jun 24, 2024",855,0
2025-02-06,EHYYSK93aHI,أَغرب طرق العِلاَج القديمة 😂 (الجزء الثاني),"Jun 24, 2024",855,0
2025-02-07,EHYYSK93aHI,أَغرب طرق العِلاَج القديمة 😂 (الجزء الثاني),"Jun 24, 2024",855,
2025-02-08,EHYYSK93aHI,أَغرب طرق العِلاَج القديمة 😂 (الجزء الثاني),"Jun 24, 2024",855,
2025-02-09,EHYYSK93aHI,أَغرب طرق العِلاَج القديمة 😂 (الجزء الثاني),"Jun 24, 2024",855,
2025-02-10,EHYYSK93aHI,أَغرب طرق العِلاَج القديمة 😂 (الجزء الثاني),"Jun 24, 2024",855,0
2025-02-11,EHYYSK93aHI,أَغرب طرق العِلاَج القديمة 😂 (الجزء الثاني),"Jun 24, 2024",855,
2025-02-12,EHYYSK93aHI,أَغرب طرق العِلاَج القديمة 😂 (الجزء الثاني),"Jun 24, 2024",855,
2025-02-13,EHYYSK93aHI,أَغرب طرق العِلاَج القديمة 😂 (الجزء الثاني),"Jun 24, 2024",855,
2025-02-14,EHYYSK93aHI,أَغرب طرق العِلاَج القديمة 😂 (الجزء الثاني),"Jun 24, 2024",855,0
2025-02-15,EHYYSK93aHI,أَغرب طرق العِلاَج القديمة 😂 (الجزء الثاني),"Jun 24, 2024",855,
2025-02-16,EHYYSK93aHI,أَغرب طرق العِلاَج القديمة 😂 (الجزء الثاني),"Jun 24, 2024",855,
2025-02-17,EHYYSK93aHI,أَغرب طرق العِلاَج القديمة 😂 (الجزء الثاني),"Jun 24, 2024",855,
2025-02-18,EHYYSK93aHI,أَغرب طرق العِلاَج القديمة 😂 (الجزء الثاني),"Jun 24, 2024",855,
2025-02-19,EHYYSK93aHI,أَغرب طرق العِلاَج القديمة 😂 (الجزء الثاني),"Jun 24, 2024",855,
2025-02-20,EHYYSK93aHI,أَغرب طرق العِلاَج القديمة 😂 (الجزء الثاني),"Jun 24, 2024",855,
2025-02-21,EHYYSK93aHI,أَغرب طرق العِلاَج القديمة 😂 (الجزء الثاني),"Jun 24, 2024",855,
2025-02-22,EHYYSK93aHI,أَغرب طرق العِلاَج القديمة 😂 (الجزء الثاني),"Jun 24, 2024",855,0
2025-02-23,EHYYSK93aHI,أَغرب طرق العِلاَج القديمة 😂 (الجزء الثاني),"Jun 24, 2024",855,
2025-02-24,EHYYSK93aHI,أَغرب طرق العِلاَج القديمة 😂 (الجزء الثاني),"Jun 24, 2024",855,
2025-02-25,EHYYSK93aHI,أَغرب طرق العِلاَج القديمة 😂 (الجزء الثاني),"Jun 24, 2024",855,
2025-02-26,EHYYSK93aHI,أَغرب طرق العِلاَج القديمة 😂 (الجزء الثاني),"Jun 24, 2024",855,0
2025-02-27,EHYYSK93aHI,أَغرب طرق العِلاَج القديمة 😂 (الجزء الثاني),"Jun 24, 2024",855,
2025-02-28,EHYYSK93aHI,أَغرب طرق العِلاَج القديمة 😂 (الجزء الثاني),"Jun 24, 2024",855,
2025-03-01,EHYYSK93aHI,أَغرب طرق العِلاَج القديمة 😂 (الجزء الثاني),"Jun 24, 2024",855,0
2025-03-02,EHYYSK93aHI,أَغرب طرق العِلاَج القديمة 😂 (الجزء الثاني),"Jun 24, 2024",855,
2025-03-03,EHYYSK93aHI,أَغرب طرق العِلاَج القديمة 😂 (الجزء الثاني),"Jun 24, 2024",855,
2025-03-04,EHYYSK93aHI,أَغرب طرق العِلاَج القديمة 😂 (الجزء الثاني),"Jun 24, 2024",855,
2025-03-05,EHYYSK93aHI,أَغرب طرق العِلاَج القديمة 😂 (الجزء الثاني),"Jun 24, 2024",855,
2025-03-06,EHYYSK93aHI,أَغرب طرق العِلاَج القديمة 😂 (الجزء الثاني),"Jun 24, 2024",855,0
2025-03-07,EHYYSK93aHI,أَغرب طرق العِلاَج القديمة 😂 (الجزء الثاني),"Jun 24, 2024",855,
2025-03-08,EHYYSK93aHI,أَغرب طرق العِلاَج القديمة 😂 (الجزء الثاني),"Jun 24, 2024",855,
2025-03-09,EHYYSK93aHI,أَغرب طرق العِلاَج القديمة 😂 (الجزء الثاني),"Jun 24, 2024",855,0
2025-03-10,EHYYSK93aHI,أَغرب طرق العِلاَج القديمة 😂 (الجزء الثاني),"Jun 24, 2024",855,
2025-03-11,EHYYSK93aHI,أَغرب طرق العِلاَج القديمة 😂 (الجزء الثاني),"Jun 24, 2024",855,0
2025-03-12,EHYYSK93aHI,أَغرب طرق العِلاَج القديمة 😂 (الجزء الثاني),"Jun 24, 2024",855,0
2025-03-13,EHYYSK93aHI,أَغرب طرق العِلاَج القديمة 😂 (الجزء الثاني),"Jun 24, 2024",855,
2025-03-14,EHYYSK93aHI,أَغرب طرق العِلاَج القديمة 😂 (الجزء الثاني),"Jun 24, 2024",855,
2025-03-15,EHYYSK93aHI,أَغرب طرق العِلاَج القديمة 😂 (الجزء الثاني),"Jun 24, 2024",855,
2025-03-16,EHYYSK93aHI,أَغرب طرق العِلاَج القديمة 😂 (الجزء الثاني),"Jun 24, 2024",855,
2025-03-17,EHYYSK93aHI,أَغرب طرق العِلاَج القديمة 😂 (الجزء الثاني),"Jun 24, 2024",855,0
2025-03-18,EHYYSK93aHI,أَغرب طرق العِلاَج القديمة 😂 (الجزء الثاني),"Jun 24, 2024",855,
2025-03-19,EHYYSK93aHI,أَغرب طرق العِلاَج القديمة 😂 (الجزء الثاني),"Jun 24, 2024",855,
2025-03-20,EHYYSK93aHI,أَغرب طرق العِلاَج القديمة 😂 (الجزء الثاني),"Jun 24, 2024",855,
2025-03-21,EHYYSK93aHI,أَغرب طرق العِلاَج القديمة 😂 (الجزء الثاني),"Jun 24, 2024",855,
2025-03-22,EHYYSK93aHI,أَغرب طرق العِلاَج القديمة 😂 (الجزء الثاني),"Jun 24, 2024",855,
2025-03-23,EHYYSK93aHI,أَغرب طرق العِلاَج القديمة 😂 (الجزء الثاني),"Jun 24, 2024",855,
2025-03-24,EHYYSK93aHI,أَغرب طرق العِلاَج القديمة 😂 (الجزء الثاني),"Jun 24, 2024",855,
2025-03-25,EHYYSK93aHI,أَغرب طرق العِلاَج القديمة 😂 (الجزء الثاني),"Jun 24, 2024",855,0
2025-03-26,EHYYSK93aHI,أَغرب طرق العِلاَج القديمة 😂 (الجزء الثاني),"Jun 24, 2024",855,
2025-03-27,EHYYSK93aHI,أَغرب طرق العِلاَج القديمة 😂 (الجزء الثاني),"Jun 24, 2024",855,
2025-03-28,EHYYSK93aHI,أَغرب طرق العِلاَج القديمة 😂 (الجزء الثاني),"Jun 24, 2024",855,
2025-03-29,EHYYSK93aHI,أَغرب طرق العِلاَج القديمة 😂 (الجزء الثاني),"Jun 24, 2024",855,0
2025-03-30,EHYYSK93aHI,أَغرب طرق العِلاَج القديمة 😂 (الجزء الثاني),"Jun 24, 2024",855,
2025-03-31,EHYYSK93aHI,أَغرب طرق العِلاَج القديمة 😂 (الجزء الثاني),"Jun 24, 2024",855,
2025-04-01,EHYYSK93aHI,أَغرب طرق العِلاَج القديمة 😂 (الجزء الثاني),"Jun 24, 2024",855,
2025-04-02,EHYYSK93aHI,أَغرب طرق العِلاَج القديمة 😂 (الجزء الثاني),"Jun 24, 2024",855,
2025-04-03,EHYYSK93aHI,أَغرب طرق العِلاَج القديمة 😂 (الجزء الثاني),"Jun 24, 2024",855,
2025-04-04,EHYYSK93aHI,أَغرب طرق العِلاَج القديمة 😂 (الجزء الثاني),"Jun 24, 2024",855,
2025-04-05,EHYYSK93aHI,أَغرب طرق العِلاَج القديمة 😂 (الجزء الثاني),"Jun 24, 2024",855,
2025-04-06,EHYYSK93aHI,أَغرب طرق العِلاَج القديمة 😂 (الجزء الثاني),"Jun 24, 2024",855,0
2025-04-07,EHYYSK93aHI,أَغرب طرق العِلاَج القديمة 😂 (الجزء الثاني),"Jun 24, 2024",855,0
2025-04-08,EHYYSK93aHI,أَغرب طرق العِلاَج القديمة 😂 (الجزء الثاني),"Jun 24, 2024",855,
2025-04-09,EHYYSK93aHI,أَغرب طرق العِلاَج القديمة 😂 (الجزء الثاني),"Jun 24, 2024",855,
2025-04-10,EHYYSK93aHI,أَغرب طرق العِلاَج القديمة 😂 (الجزء الثاني),"Jun 24, 2024",855,
2025-04-11,EHYYSK93aHI,أَغرب طرق العِلاَج القديمة 😂 (الجزء الثاني),"Jun 24, 2024",855,
2025-04-12,EHYYSK93aHI,أَغرب طرق العِلاَج القديمة 😂 (الجزء الثاني),"Jun 24, 2024",855,
2025-04-13,EHYYSK93aHI,أَغرب طرق العِلاَج القديمة 😂 (الجزء الثاني),"Jun 24, 2024",855,
2025-04-14,EHYYSK93aHI,أَغرب طرق العِلاَج القديمة 😂 (الجزء الثاني),"Jun 24, 2024",855,
2025-04-15,EHYYSK93aHI,أَغرب طرق العِلاَج القديمة 😂 (الجزء الثاني),"Jun 24, 2024",855,
2025-04-16,EHYYSK93aHI,أَغرب طرق العِلاَج القديمة 😂 (الجزء الثاني),"Jun 24, 2024",855,
2025-04-17,EHYYSK93aHI,أَغرب طرق العِلاَج القديمة 😂 (الجزء الثاني),"Jun 24, 2024",855,0
2025-04-18,EHYYSK93aHI,أَغرب طرق العِلاَج القديمة 😂 (الجزء الثاني),"Jun 24, 2024",855,
2025-04-19,EHYYSK93aHI,أَغرب طرق العِلاَج القديمة 😂 (الجزء الثاني),"Jun 24, 2024",855,0
2025-04-20,EHYYSK93aHI,أَغرب طرق العِلاَج القديمة 😂 (الجزء الثاني),"Jun 24, 2024",855,
2025-04-21,EHYYSK93aHI,أَغرب طرق العِلاَج القديمة 😂 (الجزء الثاني),"Jun 24, 2024",855,
2025-04-22,EHYYSK93aHI,أَغرب طرق العِلاَج القديمة 😂 (الجزء الثاني),"Jun 24, 2024",855,0
2025-04-23,EHYYSK93aHI,أَغرب طرق العِلاَج القديمة 😂 (الجزء الثاني),"Jun 24, 2024",855,
2025-04-24,EHYYSK93aHI,أَغرب طرق العِلاَج القديمة 😂 (الجزء الثاني),"Jun 24, 2024",855,0
2025-04-25,EHYYSK93aHI,أَغرب طرق العِلاَج القديمة 😂 (الجزء الثاني),"Jun 24, 2024",855,
2025-04-26,EHYYSK93aHI,أَغرب طرق العِلاَج القديمة 😂 (الجزء الثاني),"Jun 24, 2024",855,
2025-04-27,EHYYSK93aHI,أَغرب طرق العِلاَج القديمة 😂 (الجزء الثاني),"Jun 24, 2024",855,
2025-04-28,EHYYSK93aHI,أَغرب طرق العِلاَج القديمة 😂 (الجزء الثاني),"Jun 24, 2024",855,
2025-04-29,EHYYSK93aHI,أَغرب طرق العِلاَج القديمة 😂 (الجزء الثاني),"Jun 24, 2024",855,
2025-04-30,EHYYSK93aHI,أَغرب طرق العِلاَج القديمة 😂 (الجزء الثاني),"Jun 24, 2024",855,
2025-05-01,EHYYSK93aHI,أَغرب طرق العِلاَج القديمة 😂 (الجزء الثاني),"Jun 24, 2024",855,0
2025-05-02,EHYYSK93aHI,أَغرب طرق العِلاَج القديمة 😂 (الجزء الثاني),"Jun 24, 2024",855,
2025-05-03,EHYYSK93aHI,أَغرب طرق العِلاَج القديمة 😂 (الجزء الثاني),"Jun 24, 2024",855,0
2025-05-04,EHYYSK93aHI,أَغرب طرق العِلاَج القديمة 😂 (الجزء الثاني),"Jun 24, 2024",855,
2025-05-05,EHYYSK93aHI,أَغرب طرق العِلاَج القديمة 😂 (الجزء الثاني),"Jun 24, 2024",855,
2025-05-06,EHYYSK93aHI,أَغرب طرق العِلاَج القديمة 😂 (الجزء الثاني),"Jun 24, 2024",855,
2025-05-07,EHYYSK93aHI,أَغرب طرق العِلاَج القديمة 😂 (الجزء الثاني),"Jun 24, 2024",855,
2025-05-08,EHYYSK93aHI,أَغرب طرق العِلاَج القديمة 😂 (الجزء الثاني),"Jun 24, 2024",855,
2025-05-09,EHYYSK93aHI,أَغرب طرق العِلاَج القديمة 😂 (الجزء الثاني),"Jun 24, 2024",855,
2025-05-10,EHYYSK93aHI,أَغرب طرق العِلاَج القديمة 😂 (الجزء الثاني),"Jun 24, 2024",855,
2025-05-11,EHYYSK93aHI,أَغرب طرق العِلاَج القديمة 😂 (الجزء الثاني),"Jun 24, 2024",855,
2025-05-12,EHYYSK93aHI,أَغرب طرق العِلاَج القديمة 😂 (الجزء الثاني),"Jun 24, 2024",855,
2025-05-13,EHYYSK93aHI,أَغرب طرق العِلاَج القديمة 😂 (الجزء الثاني),"Jun 24, 2024",855,
2025-05-14,EHYYSK93aHI,أَغرب طرق العِلاَج القديمة 😂 (الجزء الثاني),"Jun 24, 2024",855,
2025-05-15,EHYYSK93aHI,أَغرب طرق العِلاَج القديمة 😂 (الجزء الثاني),"Jun 24, 2024",855,
2025-05-16,EHYYSK93aHI,أَغرب طرق العِلاَج القديمة 😂 (الجزء الثاني),"Jun 24, 2024",855,
2025-05-17,EHYYSK93aHI,أَغرب طرق العِلاَج القديمة 😂 (الجزء الثاني),"Jun 24, 2024",855,0
2025-05-18,EHYYSK93aHI,أَغرب طرق العِلاَج القديمة 😂 (الجزء الثاني),"Jun 24, 2024",855,
2025-05-19,EHYYSK93aHI,أَغرب طرق العِلاَج القديمة 😂 (الجزء الثاني),"Jun 24, 2024",855,
2025-05-20,EHYYSK93aHI,أَغرب طرق العِلاَج القديمة 😂 (الجزء الثاني),"Jun 24, 2024",855,
2025-05-21,EHYYSK93aHI,أَغرب طرق العِلاَج القديمة 😂 (الجزء الثاني),"Jun 24, 2024",855,
2025-05-22,EHYYSK93aHI,أَغرب طرق العِلاَج القديمة 😂 (الجزء الثاني),"Jun 24, 2024",855,
2025-05-23,EHYYSK93aHI,أَغرب طرق العِلاَج القديمة 😂 (الجزء الثاني),"Jun 24, 2024",855,
2025-05-24,EHYYSK93aHI,أَغرب طرق العِلاَج القديمة 😂 (الجزء الثاني),"Jun 24, 2024",855,
2025-05-25,EHYYSK93aHI,أَغرب طرق العِلاَج القديمة 😂 (الجزء الثاني),"Jun 24, 2024",855,
2025-05-26,EHYYSK93aHI,أَغرب طرق العِلاَج القديمة 😂 (الجزء الثاني),"Jun 24, 2024",855,
2025-05-27,EHYYSK93aHI,أَغرب طرق العِلاَج القديمة 😂 (الجزء الثاني),"Jun 24, 2024",855,0
2025-05-28,EHYYSK93aHI,أَغرب طرق العِلاَج القديمة 😂 (الجزء الثاني),"Jun 24, 2024",855,0
2025-05-29,EHYYSK93aHI,أَغرب طرق العِلاَج القديمة 😂 (الجزء الثاني),"Jun 24, 2024",855,0
2025-05-30,EHYYSK93aHI,أَغرب طرق العِلاَج القديمة 😂 (الجزء الثاني),"Jun 24, 2024",855,
2025-05-31,EHYYSK93aHI,أَغرب طرق العِلاَج القديمة 😂 (الجزء الثاني),"Jun 24, 2024",855,
2025-06-01,EHYYSK93aHI,أَغرب طرق العِلاَج القديمة 😂 (الجزء الثاني),"Jun 24, 2024",855,
2025-06-02,EHYYSK93aHI,أَغرب طرق العِلاَج القديمة 😂 (الجزء الثاني),"Jun 24, 2024",855,
2025-06-03,EHYYSK93aHI,أَغرب طرق العِلاَج القديمة 😂 (الجزء الثاني),"Jun 24, 2024",855,0
2025-06-04,EHYYSK93aHI,أَغرب طرق العِلاَج القديمة 😂 (الجزء الثاني),"Jun 24, 2024",855,
2025-06-05,EHYYSK93aHI,أَغرب طرق العِلاَج القديمة 😂 (الجزء الثاني),"Jun 24, 2024",855,0
2025-06-06,EHYYSK93aHI,أَغرب طرق العِلاَج القديمة 😂 (الجزء الثاني),"Jun 24, 2024",855,
2025-06-07,EHYYSK93aHI,أَغرب طرق العِلاَج القديمة 😂 (الجزء الثاني),"Jun 24, 2024",855,0
2025-06-08,EHYYSK93aHI,أَغرب طرق العِلاَج القديمة 😂 (الجزء الثاني),"Jun 24, 2024",855,
2025-06-09,EHYYSK93aHI,أَغرب طرق العِلاَج القديمة 😂 (الجزء الثاني),"Jun 24, 2024",855,
2025-06-10,EHYYSK93aHI,أَغرب طرق العِلاَج القديمة 😂 (الجزء الثاني),"Jun 24, 2024",855,
2025-06-11,EHYYSK93aHI,أَغرب طرق العِلاَج القديمة 😂 (الجزء الثاني),"Jun 24, 2024",855,
2025-06-12,EHYYSK93aHI,أَغرب طرق العِلاَج القديمة 😂 (الجزء الثاني),"Jun 24, 2024",855,0
2025-06-13,EHYYSK93aHI,أَغرب طرق العِلاَج القديمة 😂 (الجزء الثاني),"Jun 24, 2024",855,0
2025-06-14,EHYYSK93aHI,أَغرب طرق العِلاَج القديمة 😂 (الجزء الثاني),"Jun 24, 2024",855,
2025-06-15,EHYYSK93aHI,أَغرب طرق العِلاَج القديمة 😂 (الجزء الثاني),"Jun 24, 2024",855,0
2025-06-16,EHYYSK93aHI,أَغرب طرق العِلاَج القديمة 😂 (الجزء الثاني),"Jun 24, 2024",855,
2025-06-17,EHYYSK93aHI,أَغرب طرق العِلاَج القديمة 😂 (الجزء الثاني),"Jun 24, 2024",855,
2025-06-18,EHYYSK93aHI,أَغرب طرق العِلاَج القديمة 😂 (الجزء الثاني),"Jun 24, 2024",855,0
2025-06-19,EHYYSK93aHI,أَغرب طرق العِلاَج القديمة 😂 (الجزء الثاني),"Jun 24, 2024",855,
2025-06-20,EHYYSK93aHI,أَغرب طرق العِلاَج القديمة 😂 (الجزء الثاني),"Jun 24, 2024",855,
2025-06-21,EHYYSK93aHI,أَغرب طرق العِلاَج القديمة 😂 (الجزء الثاني),"Jun 24, 2024",855,
2025-06-22,EHYYSK93aHI,أَغرب طرق العِلاَج القديمة 😂 (الجزء الثاني),"Jun 24, 2024",855,0
2025-06-23,EHYYSK93aHI,أَغرب طرق العِلاَج القديمة 😂 (الجزء الثاني),"Jun 24, 2024",855,0
2025-06-24,EHYYSK93aHI,أَغرب طرق العِلاَج القديمة 😂 (الجزء الثاني),"Jun 24, 2024",855,0
2025-06-25,EHYYSK93aHI,أَغرب طرق العِلاَج القديمة 😂 (الجزء الثاني),"Jun 24, 2024",855,
2025-06-26,EHYYSK93aHI,أَغرب طرق العِلاَج القديمة 😂 (الجزء الثاني),"Jun 24, 2024",855,
2025-06-27,EHYYSK93aHI,أَغرب طرق العِلاَج القديمة 😂 (الجزء الثاني),"Jun 24, 2024",855,
2025-06-28,EHYYSK93aHI,أَغرب طرق العِلاَج القديمة 😂 (الجزء الثاني),"Jun 24, 2024",855,
2025-06-29,EHYYSK93aHI,أَغرب طرق العِلاَج القديمة 😂 (الجزء الثاني),"Jun 24, 2024",855,
2025-06-30,EHYYSK93aHI,أَغرب طرق العِلاَج القديمة 😂 (الجزء الثاني),"Jun 24, 2024",855,
2025-07-01,EHYYSK93aHI,أَغرب طرق العِلاَج القديمة 😂 (الجزء الثاني),"Jun 24, 2024",855,
2025-07-02,EHYYSK93aHI,أَغرب طرق العِلاَج القديمة 😂 (الجزء الثاني),"Jun 24, 2024",855,
2025-07-03,EHYYSK93aHI,أَغرب طرق العِلاَج القديمة 😂 (الجزء الثاني),"Jun 24, 2024",855,
2025-07-04,EHYYSK93aHI,أَغرب طرق العِلاَج القديمة 😂 (الجزء الثاني),"Jun 24, 2024",855,0
2025-07-05,EHYYSK93aHI,أَغرب طرق العِلاَج القديمة 😂 (الجزء الثاني),"Jun 24, 2024",855,
2025-07-06,EHYYSK93aHI,أَغرب طرق العِلاَج القديمة 😂 (الجزء الثاني),"Jun 24, 2024",855,
2025-07-07,EHYYSK93aHI,أَغرب طرق العِلاَج القديمة 😂 (الجزء الثاني),"Jun 24, 2024",855,
2025-07-08,EHYYSK93aHI,أَغرب طرق العِلاَج القديمة 😂 (الجزء الثاني),"Jun 24, 2024",855,
2025-07-09,EHYYSK93aHI,أَغرب طرق العِلاَج القديمة 😂 (الجزء الثاني),"Jun 24, 2024",855,
2025-07-10,EHYYSK93aHI,أَغرب طرق العِلاَج القديمة 😂 (الجزء الثاني),"Jun 24, 2024",855,0
2025-07-11,EHYYSK93aHI,أَغرب طرق العِلاَج القديمة 😂 (الجزء الثاني),"Jun 24, 2024",855,
2025-07-12,EHYYSK93aHI,أَغرب طرق العِلاَج القديمة 😂 (الجزء الثاني),"Jun 24, 2024",855,
2025-07-13,EHYYSK93aHI,أَغرب طرق العِلاَج القديمة 😂 (الجزء الثاني),"Jun 24, 2024",855,0
2025-07-14,EHYYSK93aHI,أَغرب طرق العِلاَج القديمة 😂 (الجزء الثاني),"Jun 24, 2024",855,0
2025-07-15,EHYYSK93aHI,أَغرب طرق العِلاَج القديمة 😂 (الجزء الثاني),"Jun 24, 2024",855,
2025-07-16,EHYYSK93aHI,أَغرب طرق العِلاَج القديمة 😂 (الجزء الثاني),"Jun 24, 2024",855,
2025-07-17,EHYYSK93aHI,أَغرب طرق العِلاَج القديمة 😂 (الجزء الثاني),"Jun 24, 2024",855,0
2025-07-18,EHYYSK93aHI,أَغرب طرق العِلاَج القديمة 😂 (الجزء الثاني),"Jun 24, 2024",855,
2025-07-19,EHYYSK93aHI,أَغرب طرق العِلاَج القديمة 😂 (الجزء الثاني),"Jun 24, 2024",855,
2025-07-20,EHYYSK93aHI,أَغرب طرق العِلاَج القديمة 😂 (الجزء الثاني),"Jun 24, 2024",855,
2025-07-21,EHYYSK93aHI,أَغرب طرق العِلاَج القديمة 😂 (الجزء الثاني),"Jun 24, 2024",855,
2025-07-22,EHYYSK93aHI,أَغرب طرق العِلاَج القديمة 😂 (الجزء الثاني),"Jun 24, 2024",855,0
2025-07-23,EHYYSK93aHI,أَغرب طرق العِلاَج القديمة 😂 (الجزء الثاني),"Jun 24, 2024",855,0
2025-07-24,EHYYSK93aHI,أَغرب طرق العِلاَج القديمة 😂 (الجزء الثاني),"Jun 24, 2024",855,
2025-07-25,EHYYSK93aHI,أَغرب طرق العِلاَج القديمة 😂 (الجزء الثاني),"Jun 24, 2024",855,0
2025-07-26,EHYYSK93aHI,أَغرب طرق العِلاَج القديمة 😂 (الجزء الثاني),"Jun 24, 2024",855,
2025-07-27,EHYYSK93aHI,أَغرب طرق العِلاَج القديمة 😂 (الجزء الثاني),"Jun 24, 2024",855,
2025-07-28,EHYYSK93aHI,أَغرب طرق العِلاَج القديمة 😂 (الجزء الثاني),"Jun 24, 2024",855,
2025-07-29,EHYYSK93aHI,أَغرب طرق العِلاَج القديمة 😂 (الجزء الثاني),"Jun 24, 2024",855,0
2025-07-30,EHYYSK93aHI,أَغرب طرق العِلاَج القديمة 😂 (الجزء الثاني),"Jun 24, 2024",855,0
2025-07-31,EHYYSK93aHI,أَغرب طرق العِلاَج القديمة 😂 (الجزء الثاني),"Jun 24, 2024",855,0
2025-08-01,EHYYSK93aHI,أَغرب طرق العِلاَج القديمة 😂 (الجزء الثاني),"Jun 24, 2024",855,
2025-08-02,EHYYSK93aHI,أَغرب طرق العِلاَج القديمة 😂 (الجزء الثاني),"Jun 24, 2024",855,
2025-08-03,EHYYSK93aHI,أَغرب طرق العِلاَج القديمة 😂 (الجزء الثاني),"Jun 24, 2024",855,
2025-08-04,EHYYSK93aHI,أَغرب طرق العِلاَج القديمة 😂 (الجزء الثاني),"Jun 24, 2024",855,
2025-08-05,EHYYSK93aHI,أَغرب طرق العِلاَج القديمة 😂 (الجزء الثاني),"Jun 24, 2024",855,0
2025-08-06,EHYYSK93aHI,أَغرب طرق العِلاَج القديمة 😂 (الجزء الثاني),"Jun 24, 2024",855,
2025-08-07,EHYYSK93aHI,أَغرب طرق العِلاَج القديمة 😂 (الجزء الثاني),"Jun 24, 2024",855,
2025-08-08,EHYYSK93aHI,أَغرب طرق العِلاَج القديمة 😂 (الجزء الثاني),"Jun 24, 2024",855,0
2025-08-09,EHYYSK93aHI,أَغرب طرق العِلاَج القديمة 😂 (الجزء الثاني),"Jun 24, 2024",855,
2025-08-10,EHYYSK93aHI,أَغرب طرق العِلاَج القديمة 😂 (الجزء الثاني),"Jun 24, 2024",855,
2025-08-11,EHYYSK93aHI,أَغرب طرق العِلاَج القديمة 😂 (الجزء الثاني),"Jun 24, 2024",855,
2025-08-12,EHYYSK93aHI,أَغرب طرق العِلاَج القديمة 😂 (الجزء الثاني),"Jun 24, 2024",855,0
2025-08-13,EHYYSK93aHI,أَغرب طرق العِلاَج القديمة 😂 (الجزء الثاني),"Jun 24, 2024",855,0
2025-08-14,EHYYSK93aHI,أَغرب طرق العِلاَج القديمة 😂 (الجزء الثاني),"Jun 24, 2024",855,0
2025-08-15,EHYYSK93aHI,أَغرب طرق العِلاَج القديمة 😂 (الجزء الثاني),"Jun 24, 2024",855,
2025-08-16,EHYYSK93aHI,أَغرب طرق العِلاَج القديمة 😂 (الجزء الثاني),"Jun 24, 2024",855,0
2025-08-17,EHYYSK93aHI,أَغرب طرق العِلاَج القديمة 😂 (الجزء الثاني),"Jun 24, 2024",855,
2025-08-18,EHYYSK93aHI,أَغرب طرق العِلاَج القديمة 😂 (الجزء الثاني),"Jun 24, 2024",855,0
2025-08-19,EHYYSK93aHI,أَغرب طرق العِلاَج القديمة 😂 (الجزء الثاني),"Jun 24, 2024",855,
2025-08-20,EHYYSK93aHI,أَغرب طرق العِلاَج القديمة 😂 (الجزء الثاني),"Jun 24, 2024",855,0
2025-08-21,EHYYSK93aHI,أَغرب طرق العِلاَج القديمة 😂 (الجزء الثاني),"Jun 24, 2024",855,
2025-08-22,EHYYSK93aHI,أَغرب طرق العِلاَج القديمة 😂 (الجزء الثاني),"Jun 24, 2024",855,
2025-08-23,EHYYSK93aHI,أَغرب طرق العِلاَج القديمة 😂 (الجزء الثاني),"Jun 24, 2024",855,
2025-08-24,EHYYSK93aHI,أَغرب طرق العِلاَج القديمة 😂 (الجزء الثاني),"Jun 24, 2024",855,
2025-08-25,EHYYSK93aHI,أَغرب طرق العِلاَج القديمة 😂 (الجزء الثاني),"Jun 24, 2024",855,
2025-08-26,EHYYSK93aHI,أَغرب طرق العِلاَج القديمة 😂 (الجزء الثاني),"Jun 24, 2024",855,
2025-08-27,EHYYSK93aHI,أَغرب طرق العِلاَج القديمة 😂 (الجزء الثاني),"Jun 24, 2024",855,
2025-08-28,EHYYSK93aHI,أَغرب طرق العِلاَج القديمة 😂 (الجزء الثاني),"Jun 24, 2024",855,
2025-08-29,EHYYSK93aHI,أَغرب طرق العِلاَج القديمة 😂 (الجزء الثاني),"Jun 24, 2024",855,
2025-08-30,EHYYSK93aHI,أَغرب طرق العِلاَج القديمة 😂 (الجزء الثاني),"Jun 24, 2024",855,0
2025-08-31,EHYYSK93aHI,أَغرب طرق العِلاَج القديمة 😂 (الجزء الثاني),"Jun 24, 2024",855,0
2025-09-01,EHYYSK93aHI,أَغرب طرق العِلاَج القديمة 😂 (الجزء الثاني),"Jun 24, 2024",855,
2025-09-02,EHYYSK93aHI,أَغرب طرق العِلاَج القديمة 😂 (الجزء الثاني),"Jun 24, 2024",855,0
2025-09-03,EHYYSK93aHI,أَغرب طرق العِلاَج القديمة 😂 (الجزء الثاني),"Jun 24, 2024",855,
2025-09-04,EHYYSK93aHI,أَغرب طرق العِلاَج القديمة 😂 (الجزء الثاني),"Jun 24, 2024",855,
2025-09-05,EHYYSK93aHI,أَغرب طرق العِلاَج القديمة 😂 (الجزء الثاني),"Jun 24, 2024",855,
2025-09-06,EHYYSK93aHI,أَغرب طرق العِلاَج القديمة 😂 (الجزء الثاني),"Jun 24, 2024",855,
2025-09-07,EHYYSK93aHI,أَغرب طرق العِلاَج القديمة 😂 (الجزء الثاني),"Jun 24, 2024",855,
2025-09-08,EHYYSK93aHI,أَغرب طرق العِلاَج القديمة 😂 (الجزء الثاني),"Jun 24, 2024",855,0
2025-09-09,EHYYSK93aHI,أَغرب طرق العِلاَج القديمة 😂 (الجزء الثاني),"Jun 24, 2024",855,0
2025-09-10,EHYYSK93aHI,أَغرب طرق العِلاَج القديمة 😂 (الجزء الثاني),"Jun 24, 2024",855,
2025-09-11,EHYYSK93aHI,أَغرب طرق العِلاَج القديمة 😂 (الجزء الثاني),"Jun 24, 2024",855,
2025-09-12,EHYYSK93aHI,أَغرب طرق العِلاَج القديمة 😂 (الجزء الثاني),"Jun 24, 2024",855,
2025-09-13,EHYYSK93aHI,أَغرب طرق العِلاَج القديمة 😂 (الجزء الثاني),"Jun 24, 2024",855,
2025-09-14,EHYYSK93aHI,أَغرب طرق العِلاَج القديمة 😂 (الجزء الثاني),"Jun 24, 2024",855,
2025-09-15,EHYYSK93aHI,أَغرب طرق العِلاَج القديمة 😂 (الجزء الثاني),"Jun 24, 2024",855,
2025-09-16,EHYYSK93aHI,أَغرب طرق العِلاَج القديمة 😂 (الجزء الثاني),"Jun 24, 2024",855,
2025-09-17,EHYYSK93aHI,أَغرب طرق العِلاَج القديمة 😂 (الجزء الثاني),"Jun 24, 2024",855,
2025-09-18,EHYYSK93aHI,أَغرب طرق العِلاَج القديمة 😂 (الجزء الثاني),"Jun 24, 2024",855,
2025-09-19,EHYYSK93aHI,أَغرب طرق العِلاَج القديمة 😂 (الجزء الثاني),"Jun 24, 2024",855,
2025-09-20,EHYYSK93aHI,أَغرب طرق العِلاَج القديمة 😂 (الجزء الثاني),"Jun 24, 2024",855,0
2025-09-21,EHYYSK93aHI,أَغرب طرق العِلاَج القديمة 😂 (الجزء الثاني),"Jun 24, 2024",855,0
2025-09-22,EHYYSK93aHI,أَغرب طرق العِلاَج القديمة 😂 (الجزء الثاني),"Jun 24, 2024",855,0
2025-09-23,EHYYSK93aHI,أَغرب طرق العِلاَج القديمة 😂 (الجزء الثاني),"Jun 24, 2024",855,0
2025-09-24,EHYYSK93aHI,أَغرب طرق العِلاَج القديمة 😂 (الجزء الثاني),"Jun 24, 2024",855,
2025-09-25,EHYYSK93aHI,أَغرب طرق العِلاَج القديمة 😂 (الجزء الثاني),"Jun 24, 2024",855,
2025-09-26,EHYYSK93aHI,أَغرب طرق العِلاَج القديمة 😂 (الجزء الثاني),"Jun 24, 2024",855,0
2025-09-27,EHYYSK93aHI,أَغرب طرق العِلاَج القديمة 😂 (الجزء الثاني),"Jun 24, 2024",855,0
2025-09-28,EHYYSK93aHI,أَغرب طرق العِلاَج القديمة 😂 (الجزء الثاني),"Jun 24, 2024",855,
2025-09-29,EHYYSK93aHI,أَغرب طرق العِلاَج القديمة 😂 (الجزء الثاني),"Jun 24, 2024",855,0
2025-09-30,EHYYSK93aHI,أَغرب طرق العِلاَج القديمة 😂 (الجزء الثاني),"Jun 24, 2024",855,0
2025-10-01,EHYYSK93aHI,أَغرب طرق العِلاَج القديمة 😂 (الجزء الثاني),"Jun 24, 2024",855,0
2025-10-02,EHYYSK93aHI,أَغرب طرق العِلاَج القديمة 😂 (الجزء الثاني),"Jun 24, 2024",855,
2025-10-03,EHYYSK93aHI,أَغرب طرق العِلاَج القديمة 😂 (الجزء الثاني),"Jun 24, 2024",855,0
2025-10-04,EHYYSK93aHI,أَغرب طرق العِلاَج القديمة 😂 (الجزء الثاني),"Jun 24, 2024",855,
2025-10-05,EHYYSK93aHI,أَغرب طرق العِلاَج القديمة 😂 (الجزء الثاني),"Jun 24, 2024",855,
2025-10-06,EHYYSK93aHI,أَغرب طرق العِلاَج القديمة 😂 (الجزء الثاني),"Jun 24, 2024",855,
2025-10-07,EHYYSK93aHI,أَغرب طرق العِلاَج القديمة 😂 (الجزء الثاني),"Jun 24, 2024",855,0
2025-10-08,EHYYSK93aHI,أَغرب طرق العِلاَج القديمة 😂 (الجزء الثاني),"Jun 24, 2024",855,
2025-10-09,EHYYSK93aHI,أَغرب طرق العِلاَج القديمة 😂 (الجزء الثاني),"Jun 24, 2024",855,0
2025-10-10,EHYYSK93aHI,أَغرب طرق العِلاَج القديمة 😂 (الجزء الثاني),"Jun 24, 2024",855,0
2025-10-11,EHYYSK93aHI,أَغرب طرق العِلاَج القديمة 😂 (الجزء الثاني),"Jun 24, 2024",855,
2025-10-12,EHYYSK93aHI,أَغرب طرق العِلاَج القديمة 😂 (الجزء الثاني),"Jun 24, 2024",855,0
2025-10-13,EHYYSK93aHI,أَغرب طرق العِلاَج القديمة 😂 (الجزء الثاني),"Jun 24, 2024",855,
2025-10-14,EHYYSK93aHI,أَغرب طرق العِلاَج القديمة 😂 (الجزء الثاني),"Jun 24, 2024",855,0
2025-10-15,EHYYSK93aHI,أَغرب طرق العِلاَج القديمة 😂 (الجزء الثاني),"Jun 24, 2024",855,0
2025-10-16,EHYYSK93aHI,أَغرب طرق العِلاَج القديمة 😂 (الجزء الثاني),"Jun 24, 2024",855,
2025-10-17,EHYYSK93aHI,أَغرب طرق العِلاَج القديمة 😂 (الجزء الثاني),"Jun 24, 2024",855,0
2025-10-18,EHYYSK93aHI,أَغرب طرق العِلاَج القديمة 😂 (الجزء الثاني),"Jun 24, 2024",855,
2025-10-19,EHYYSK93aHI,أَغرب طرق العِلاَج القديمة 😂 (الجزء الثاني),"Jun 24, 2024",855,0
2025-10-20,EHYYSK93aHI,أَغرب طرق العِلاَج القديمة 😂 (الجزء الثاني),"Jun 24, 2024",855,
2025-10-21,EHYYSK93aHI,أَغرب طرق العِلاَج القديمة 😂 (الجزء الثاني),"Jun 24, 2024",855,
2025-10-22,EHYYSK93aHI,أَغرب طرق العِلاَج القديمة 😂 (الجزء الثاني),"Jun 24, 2024",855,0
2025-10-23,EHYYSK93aHI,أَغرب طرق العِلاَج القديمة 😂 (الجزء الثاني),"Jun 24, 2024",855,
2025-10-24,EHYYSK93aHI,أَغرب طرق العِلاَج القديمة 😂 (الجزء الثاني),"Jun 24, 2024",855,
2025-10-25,EHYYSK93aHI,أَغرب طرق العِلاَج القديمة 😂 (الجزء الثاني),"Jun 24, 2024",855,
2025-10-26,EHYYSK93aHI,أَغرب طرق العِلاَج القديمة 😂 (الجزء الثاني),"Jun 24, 2024",855,
2025-10-27,EHYYSK93aHI,أَغرب طرق العِلاَج القديمة 😂 (الجزء الثاني),"Jun 24, 2024",855,
2025-10-28,EHYYSK93aHI,أَغرب طرق العِلاَج القديمة 😂 (الجزء الثاني),"Jun 24, 2024",855,0
2025-10-29,EHYYSK93aHI,أَغرب طرق العِلاَج القديمة 😂 (الجزء الثاني),"Jun 24, 2024",855,
2025-10-30,EHYYSK93aHI,أَغرب طرق العِلاَج القديمة 😂 (الجزء الثاني),"Jun 24, 2024",855,
2025-10-31,EHYYSK93aHI,أَغرب طرق العِلاَج القديمة 😂 (الجزء الثاني),"Jun 24, 2024",855,0
2025-11-01,EHYYSK93aHI,أَغرب طرق العِلاَج القديمة 😂 (الجزء الثاني),"Jun 24, 2024",855,0
2025-11-02,EHYYSK93aHI,أَغرب طرق العِلاَج القديمة 😂 (الجزء الثاني),"Jun 24, 2024",855,0
2025-11-03,EHYYSK93aHI,أَغرب طرق العِلاَج القديمة 😂 (الجزء الثاني),"Jun 24, 2024",855,0
2025-11-04,EHYYSK93aHI,أَغرب طرق العِلاَج القديمة 😂 (الجزء الثاني),"Jun 24, 2024",855,0
2025-11-05,EHYYSK93aHI,أَغرب طرق العِلاَج القديمة 😂 (الجزء الثاني),"Jun 24, 2024",855,0
2025-11-06,EHYYSK93aHI,أَغرب طرق العِلاَج القديمة 😂 (الجزء الثاني),"Jun 24, 2024",855,0
2025-11-07,EHYYSK93aHI,أَغرب طرق العِلاَج القديمة 😂 (الجزء الثاني),"Jun 24, 2024",855,0
2025-11-08,EHYYSK93aHI,أَغرب طرق العِلاَج القديمة 😂 (الجزء الثاني),"Jun 24, 2024",855,0
2025-11-09,EHYYSK93aHI,أَغرب طرق العِلاَج القديمة 😂 (الجزء الثاني),"Jun 24, 2024",855,0
2025-11-10,EHYYSK93aHI,أَغرب طرق العِلاَج القديمة 😂 (الجزء الثاني),"Jun 24, 2024",855,
2025-11-11,EHYYSK93aHI,أَغرب طرق العِلاَج القديمة 😂 (الجزء الثاني),"Jun 24, 2024",855,
2025-11-12,EHYYSK93aHI,أَغرب طرق العِلاَج القديمة 😂 (الجزء الثاني),"Jun 24, 2024",855,0
2025-11-13,EHYYSK93aHI,أَغرب طرق العِلاَج القديمة 😂 (الجزء الثاني),"Jun 24, 2024",855,
2025-11-14,EHYYSK93aHI,أَغرب طرق العِلاَج القديمة 😂 (الجزء الثاني),"Jun 24, 2024",855,0
2025-11-15,EHYYSK93aHI,أَغرب طرق العِلاَج القديمة 😂 (الجزء الثاني),"Jun 24, 2024",855,
2025-11-16,EHYYSK93aHI,أَغرب طرق العِلاَج القديمة 😂 (الجزء الثاني),"Jun 24, 2024",855,0
2025-11-17,EHYYSK93aHI,أَغرب طرق العِلاَج القديمة 😂 (الجزء الثاني),"Jun 24, 2024",855,0
2025-11-18,EHYYSK93aHI,أَغرب طرق العِلاَج القديمة 😂 (الجزء الثاني),"Jun 24, 2024",855,
2025-11-19,EHYYSK93aHI,أَغرب طرق العِلاَج القديمة 😂 (الجزء الثاني),"Jun 24, 2024",855,
2025-11-20,EHYYSK93aHI,أَغرب طرق العِلاَج القديمة 😂 (الجزء الثاني),"Jun 24, 2024",855,
2025-11-21,EHYYSK93aHI,أَغرب طرق العِلاَج القديمة 😂 (الجزء الثاني),"Jun 24, 2024",855,
2025-11-22,EHYYSK93aHI,أَغرب طرق العِلاَج القديمة 😂 (الجزء الثاني),"Jun 24, 2024",855,0
2025-11-23,EHYYSK93aHI,أَغرب طرق العِلاَج القديمة 😂 (الجزء الثاني),"Jun 24, 2024",855,0
2025-11-24,EHYYSK93aHI,أَغرب طرق العِلاَج القديمة 😂 (الجزء الثاني),"Jun 24, 2024",855,
2025-11-25,EHYYSK93aHI,أَغرب طرق العِلاَج القديمة 😂 (الجزء الثاني),"Jun 24, 2024",855,0
2025-11-26,EHYYSK93aHI,أَغرب طرق العِلاَج القديمة 😂 (الجزء الثاني),"Jun 24, 2024",855,0
2025-11-27,EHYYSK93aHI,أَغرب طرق العِلاَج القديمة 😂 (الجزء الثاني),"Jun 24, 2024",855,
2025-11-28,EHYYSK93aHI,أَغرب طرق العِلاَج القديمة 😂 (الجزء الثاني),"Jun 24, 2024",855,0
2025-11-29,EHYYSK93aHI,أَغرب طرق العِلاَج القديمة 😂 (الجزء الثاني),"Jun 24, 2024",855,
2025-11-30,EHYYSK93aHI,أَغرب طرق العِلاَج القديمة 😂 (الجزء الثاني),"Jun 24, 2024",855,0
2025-12-01,EHYYSK93aHI,أَغرب طرق العِلاَج القديمة 😂 (الجزء الثاني),"Jun 24, 2024",855,
2025-12-02,EHYYSK93aHI,أَغرب طرق العِلاَج القديمة 😂 (الجزء الثاني),"Jun 24, 2024",855,0
2025-12-03,EHYYSK93aHI,أَغرب طرق العِلاَج القديمة 😂 (الجزء الثاني),"Jun 24, 2024",855,0
2025-12-04,EHYYSK93aHI,أَغرب طرق العِلاَج القديمة 😂 (الجزء الثاني),"Jun 24, 2024",855,0
2025-12-05,EHYYSK93aHI,أَغرب طرق العِلاَج القديمة 😂 (الجزء الثاني),"Jun 24, 2024",855,
2025-12-06,EHYYSK93aHI,أَغرب طرق العِلاَج القديمة 😂 (الجزء الثاني),"Jun 24, 2024",855,
2025-12-07,EHYYSK93aHI,أَغرب طرق العِلاَج القديمة 😂 (الجزء الثاني),"Jun 24, 2024",855,
2025-12-08,EHYYSK93aHI,أَغرب طرق العِلاَج القديمة 😂 (الجزء الثاني),"Jun 24, 2024",855,
2025-12-09,EHYYSK93aHI,أَغرب طرق العِلاَج القديمة 😂 (الجزء الثاني),"Jun 24, 2024",855,
2025-12-10,EHYYSK93aHI,أَغرب طرق العِلاَج القديمة 😂 (الجزء الثاني),"Jun 24, 2024",855,0
2025-12-11,EHYYSK93aHI,أَغرب طرق العِلاَج القديمة 😂 (الجزء الثاني),"Jun 24, 2024",855,
2025-12-12,EHYYSK93aHI,أَغرب طرق العِلاَج القديمة 😂 (الجزء الثاني),"Jun 24, 2024",855,
2025-12-13,EHYYSK93aHI,أَغرب طرق العِلاَج القديمة 😂 (الجزء الثاني),"Jun 24, 2024",855,
2025-12-14,EHYYSK93aHI,أَغرب طرق العِلاَج القديمة 😂 (الجزء الثاني),"Jun 24, 2024",855,0
2025-12-15,EHYYSK93aHI,أَغرب طرق العِلاَج القديمة 😂 (الجزء الثاني),"Jun 24, 2024",855,0
2025-12-16,EHYYSK93aHI,أَغرب طرق العِلاَج القديمة 😂 (الجزء الثاني),"Jun 24, 2024",855,0
2025-12-17,EHYYSK93aHI,أَغرب طرق العِلاَج القديمة 😂 (الجزء الثاني),"Jun 24, 2024",855,
2025-12-18,EHYYSK93aHI,أَغرب طرق العِلاَج القديمة 😂 (الجزء الثاني),"Jun 24, 2024",855,
2025-12-19,EHYYSK93aHI,أَغرب طرق العِلاَج القديمة 😂 (الجزء الثاني),"Jun 24, 2024",855,
2025-12-20,EHYYSK93aHI,أَغرب طرق العِلاَج القديمة 😂 (الجزء الثاني),"Jun 24, 2024",855,
2025-12-21,EHYYSK93aHI,أَغرب طرق العِلاَج القديمة 😂 (الجزء الثاني),"Jun 24, 2024",855,
2025-12-22,EHYYSK93aHI,أَغرب طرق العِلاَج القديمة 😂 (الجزء الثاني),"Jun 24, 2024",855,0
2025-12-23,EHYYSK93aHI,أَغرب طرق العِلاَج القديمة 😂 (الجزء الثاني),"Jun 24, 2024",855,0
2025-12-24,EHYYSK93aHI,أَغرب طرق العِلاَج القديمة 😂 (الجزء الثاني),"Jun 24, 2024",855,
2025-12-25,EHYYSK93aHI,أَغرب طرق العِلاَج القديمة 😂 (الجزء الثاني),"Jun 24, 2024",855,0
2025-12-26,EHYYSK93aHI,أَغرب طرق العِلاَج القديمة 😂 (الجزء الثاني),"Jun 24, 2024",855,0
2025-12-27,EHYYSK93aHI,أَغرب طرق العِلاَج القديمة 😂 (الجزء الثاني),"Jun 24, 2024",855,
2025-12-28,EHYYSK93aHI,أَغرب طرق العِلاَج القديمة 😂 (الجزء الثاني),"Jun 24, 2024",855,0
2025-12-29,EHYYSK93aHI,أَغرب طرق العِلاَج القديمة 😂 (الجزء الثاني),"Jun 24, 2024",855,0
2025-12-30,EHYYSK93aHI,أَغرب طرق العِلاَج القديمة 😂 (الجزء الثاني),"Jun 24, 2024",855,
2025-12-31,EHYYSK93aHI,أَغرب طرق العِلاَج القديمة 😂 (الجزء الثاني),"Jun 24, 2024",855,
2026-01-01,EHYYSK93aHI,أَغرب طرق العِلاَج القديمة 😂 (الجزء الثاني),"Jun 24, 2024",855,
2026-01-02,EHYYSK93aHI,أَغرب طرق العِلاَج القديمة 😂 (الجزء الثاني),"Jun 24, 2024",855,
2026-01-03,EHYYSK93aHI,أَغرب طرق العِلاَج القديمة 😂 (الجزء الثاني),"Jun 24, 2024",855,
2026-01-04,EHYYSK93aHI,أَغرب طرق العِلاَج القديمة 😂 (الجزء الثاني),"Jun 24, 2024",855,0
2026-01-05,EHYYSK93aHI,أَغرب طرق العِلاَج القديمة 😂 (الجزء الثاني),"Jun 24, 2024",855,0
2026-01-06,EHYYSK93aHI,أَغرب طرق العِلاَج القديمة 😂 (الجزء الثاني),"Jun 24, 2024",855,0
2026-01-07,EHYYSK93aHI,أَغرب طرق العِلاَج القديمة 😂 (الجزء الثاني),"Jun 24, 2024",855,
2026-01-08,EHYYSK93aHI,أَغرب طرق العِلاَج القديمة 😂 (الجزء الثاني),"Jun 24, 2024",855,
2026-01-09,EHYYSK93aHI,أَغرب طرق العِلاَج القديمة 😂 (الجزء الثاني),"Jun 24, 2024",855,0
2026-01-10,EHYYSK93aHI,أَغرب طرق العِلاَج القديمة 😂 (الجزء الثاني),"Jun 24, 2024",855,
2026-01-11,EHYYSK93aHI,أَغرب طرق العِلاَج القديمة 😂 (الجزء الثاني),"Jun 24, 2024",855,0
2026-01-12,EHYYSK93aHI,أَغرب طرق العِلاَج القديمة 😂 (الجزء الثاني),"Jun 24, 2024",855,0
2026-01-13,EHYYSK93aHI,أَغرب طرق العِلاَج القديمة 😂 (الجزء الثاني),"Jun 24, 2024",855,
2026-01-14,EHYYSK93aHI,أَغرب طرق العِلاَج القديمة 😂 (الجزء الثاني),"Jun 24, 2024",855,0
2026-01-15,EHYYSK93aHI,أَغرب طرق العِلاَج القديمة 😂 (الجزء الثاني),"Jun 24, 2024",855,
2026-01-16,EHYYSK93aHI,أَغرب طرق العِلاَج القديمة 😂 (الجزء الثاني),"Jun 24, 2024",855,
2026-01-17,EHYYSK93aHI,أَغرب طرق العِلاَج القديمة 😂 (الجزء الثاني),"Jun 24, 2024",855,0
2026-01-18,EHYYSK93aHI,أَغرب طرق العِلاَج القديمة 😂 (الجزء الثاني),"Jun 24, 2024",855,
2026-01-19,EHYYSK93aHI,أَغرب طرق العِلاَج القديمة 😂 (الجزء الثاني),"Jun 24, 2024",855,0
2026-01-20,EHYYSK93aHI,أَغرب طرق العِلاَج القديمة 😂 (الجزء الثاني),"Jun 24, 2024",855,
2026-01-21,EHYYSK93aHI,أَغرب طرق العِلاَج القديمة 😂 (الجزء الثاني),"Jun 24, 2024",855,
2026-01-22,EHYYSK93aHI,أَغرب طرق العِلاَج القديمة 😂 (الجزء الثاني),"Jun 24, 2024",855,
2026-01-23,EHYYSK93aHI,أَغرب طرق العِلاَج القديمة 😂 (الجزء الثاني),"Jun 24, 2024",855,0
2026-01-24,EHYYSK93aHI,أَغرب طرق العِلاَج القديمة 😂 (الجزء الثاني),"Jun 24, 2024",855,
2026-01-25,EHYYSK93aHI,أَغرب طرق العِلاَج القديمة 😂 (الجزء الثاني),"Jun 24, 2024",855,0
2026-01-26,EHYYSK93aHI,أَغرب طرق العِلاَج القديمة 😂 (الجزء الثاني),"Jun 24, 2024",855,0
2026-01-27,EHYYSK93aHI,أَغرب طرق العِلاَج القديمة 😂 (الجزء الثاني),"Jun 24, 2024",855,0
2026-01-28,EHYYSK93aHI,أَغرب طرق العِلاَج القديمة 😂 (الجزء الثاني),"Jun 24, 2024",855,0
2026-01-29,EHYYSK93aHI,أَغرب طرق العِلاَج القديمة 😂 (الجزء الثاني),"Jun 24, 2024",855,0
2026-01-30,EHYYSK93aHI,أَغرب طرق العِلاَج القديمة 😂 (الجزء الثاني),"Jun 24, 2024",855,
2026-01-31,EHYYSK93aHI,أَغرب طرق العِلاَج القديمة 😂 (الجزء الثاني),"Jun 24, 2024",855,
2026-02-01,EHYYSK93aHI,أَغرب طرق العِلاَج القديمة 😂 (الجزء الثاني),"Jun 24, 2024",855,
2026-02-02,EHYYSK93aHI,أَغرب طرق العِلاَج القديمة 😂 (الجزء الثاني),"Jun 24, 2024",855,0
2026-02-03,EHYYSK93aHI,أَغرب طرق العِلاَج القديمة 😂 (الجزء الثاني),"Jun 24, 2024",855,
2026-02-04,EHYYSK93aHI,أَغرب طرق العِلاَج القديمة 😂 (الجزء الثاني),"Jun 24, 2024",855,
2026-02-05,EHYYSK93aHI,أَغرب طرق العِلاَج القديمة 😂 (الجزء الثاني),"Jun 24, 2024",855,0
2026-02-06,EHYYSK93aHI,أَغرب طرق العِلاَج القديمة 😂 (الجزء الثاني),"Jun 24, 2024",855,0
2026-02-07,EHYYSK93aHI,أَغرب طرق العِلاَج القديمة 😂 (الجزء الثاني),"Jun 24, 2024",855,0
2026-02-08,EHYYSK93aHI,أَغرب طرق العِلاَج القديمة 😂 (الجزء الثاني),"Jun 24, 2024",855,
2026-02-09,EHYYSK93aHI,أَغرب طرق العِلاَج القديمة 😂 (الجزء الثاني),"Jun 24, 2024",855,0
2026-02-10,EHYYSK93aHI,أَغرب طرق العِلاَج القديمة 😂 (الجزء الثاني),"Jun 24, 2024",855,
2026-02-11,EHYYSK93aHI,أَغرب طرق العِلاَج القديمة 😂 (الجزء الثاني),"Jun 24, 2024",855,
2026-02-12,EHYYSK93aHI,أَغرب طرق العِلاَج القديمة 😂 (الجزء الثاني),"Jun 24, 2024",855,
2026-02-13,EHYYSK93aHI,أَغرب طرق العِلاَج القديمة 😂 (الجزء الثاني),"Jun 24, 2024",855,0
2026-02-14,EHYYSK93aHI,أَغرب طرق العِلاَج القديمة 😂 (الجزء الثاني),"Jun 24, 2024",855,0
2026-02-15,EHYYSK93aHI,أَغرب طرق العِلاَج القديمة 😂 (الجزء الثاني),"Jun 24, 2024",855,0
2026-02-16,EHYYSK93aHI,أَغرب طرق العِلاَج القديمة 😂 (الجزء الثاني),"Jun 24, 2024",855,
2026-02-17,EHYYSK93aHI,أَغرب طرق العِلاَج القديمة 😂 (الجزء الثاني),"Jun 24, 2024",855,0
2026-02-18,EHYYSK93aHI,أَغرب طرق العِلاَج القديمة 😂 (الجزء الثاني),"Jun 24, 2024",855,
2026-02-19,EHYYSK93aHI,أَغرب طرق العِلاَج القديمة 😂 (الجزء الثاني),"Jun 24, 2024",855,0
2026-02-20,EHYYSK93aHI,أَغرب طرق العِلاَج القديمة 😂 (الجزء الثاني),"Jun 24, 2024",855,
2026-02-21,EHYYSK93aHI,أَغرب طرق العِلاَج القديمة 😂 (الجزء الثاني),"Jun 24, 2024",855,
2026-02-22,EHYYSK93aHI,أَغرب طرق العِلاَج القديمة 😂 (الجزء الثاني),"Jun 24, 2024",855,0
2026-02-23,EHYYSK93aHI,أَغرب طرق العِلاَج القديمة 😂 (الجزء الثاني),"Jun 24, 2024",855,
2026-02-24,EHYYSK93aHI,أَغرب طرق العِلاَج القديمة 😂 (الجزء الثاني),"Jun 24, 2024",855,
2026-02-25,EHYYSK93aHI,أَغرب طرق العِلاَج القديمة 😂 (الجزء الثاني),"Jun 24, 2024",855,0
2026-02-26,EHYYSK93aHI,أَغرب طرق العِلاَج القديمة 😂 (الجزء الثاني),"Jun 24, 2024",855,0
2026-02-27,EHYYSK93aHI,أَغرب طرق العِلاَج القديمة 😂 (الجزء الثاني),"Jun 24, 2024",855,
2026-02-28,EHYYSK93aHI,أَغرب طرق العِلاَج القديمة 😂 (الجزء الثاني),"Jun 24, 2024",855,
2026-03-01,EHYYSK93aHI,أَغرب طرق العِلاَج القديمة 😂 (الجزء الثاني),"Jun 24, 2024",855,
2026-03-02,EHYYSK93aHI,أَغرب طرق العِلاَج القديمة 😂 (الجزء الثاني),"Jun 24, 2024",855,
2026-03-03,EHYYSK93aHI,أَغرب طرق العِلاَج القديمة 😂 (الجزء الثاني),"Jun 24, 2024",855,
2026-03-04,EHYYSK93aHI,أَغرب طرق العِلاَج القديمة 😂 (الجزء الثاني),"Jun 24, 2024",855,0
2026-03-05,EHYYSK93aHI,أَغرب طرق العِلاَج القديمة 😂 (الجزء الثاني),"Jun 24, 2024",855,0
2026-03-06,EHYYSK93aHI,أَغرب طرق العِلاَج القديمة 😂 (الجزء الثاني),"Jun 24, 2024",855,
2026-03-07,EHYYSK93aHI,أَغرب طرق العِلاَج القديمة 😂 (الجزء الثاني),"Jun 24, 2024",855,
2026-03-08,EHYYSK93aHI,أَغرب طرق العِلاَج القديمة 😂 (الجزء الثاني),"Jun 24, 2024",855,
2026-03-09,EHYYSK93aHI,أَغرب طرق العِلاَج القديمة 😂 (الجزء الثاني),"Jun 24, 2024",855,
2026-03-10,EHYYSK93aHI,أَغرب طرق العِلاَج القديمة 😂 (الجزء الثاني),"Jun 24, 2024",855,0
2026-03-11,EHYYSK93aHI,أَغرب طرق العِلاَج القديمة 😂 (الجزء الثاني),"Jun 24, 2024",855,
2026-03-12,EHYYSK93aHI,أَغرب طرق العِلاَج القديمة 😂 (الجزء الثاني),"Jun 24, 2024",855,
2026-03-13,EHYYSK93aHI,أَغرب طرق العِلاَج القديمة 😂 (الجزء الثاني),"Jun 24, 2024",855,
2026-03-14,EHYYSK93aHI,أَغرب طرق العِلاَج القديمة 😂 (الجزء الثاني),"Jun 24, 2024",855,
2026-03-15,EHYYSK93aHI,أَغرب طرق العِلاَج القديمة 😂 (الجزء الثاني),"Jun 24, 2024",855,
2026-03-16,EHYYSK93aHI,أَغرب طرق العِلاَج القديمة 😂 (الجزء الثاني),"Jun 24, 2024",855,
2026-03-17,EHYYSK93aHI,أَغرب طرق العِلاَج القديمة 😂 (الجزء الثاني),"Jun 24, 2024",855,
2026-03-18,EHYYSK93aHI,أَغرب طرق العِلاَج القديمة 😂 (الجزء الثاني),"Jun 24, 2024",855,0
2026-03-19,EHYYSK93aHI,أَغرب طرق العِلاَج القديمة 😂 (الجزء الثاني),"Jun 24, 2024",855,
2026-03-20,EHYYSK93aHI,أَغرب طرق العِلاَج القديمة 😂 (الجزء الثاني),"Jun 24, 2024",855,0
2026-03-21,EHYYSK93aHI,أَغرب طرق العِلاَج القديمة 😂 (الجزء الثاني),"Jun 24, 2024",855,0
2026-03-22,EHYYSK93aHI,أَغرب طرق العِلاَج القديمة 😂 (الجزء الثاني),"Jun 24, 2024",855,0
2026-03-23,EHYYSK93aHI,أَغرب طرق العِلاَج القديمة 😂 (الجزء الثاني),"Jun 24, 2024",855,0
2026-03-24,EHYYSK93aHI,أَغرب طرق العِلاَج القديمة 😂 (الجزء الثاني),"Jun 24, 2024",855,
2026-03-25,EHYYSK93aHI,أَغرب طرق العِلاَج القديمة 😂 (الجزء الثاني),"Jun 24, 2024",855,
2026-03-26,EHYYSK93aHI,أَغرب طرق العِلاَج القديمة 😂 (الجزء الثاني),"Jun 24, 2024",855,0
2026-03-27,EHYYSK93aHI,أَغرب طرق العِلاَج القديمة 😂 (الجزء الثاني),"Jun 24, 2024",855,
2026-03-28,EHYYSK93aHI,أَغرب طرق العِلاَج القديمة 😂 (الجزء الثاني),"Jun 24, 2024",855,
2026-03-29,EHYYSK93aHI,أَغرب طرق العِلاَج القديمة 😂 (الجزء الثاني),"Jun 24, 2024",855,
2026-03-30,EHYYSK93aHI,أَغرب طرق العِلاَج القديمة 😂 (الجزء الثاني),"Jun 24, 2024",855,0
2026-03-31,EHYYSK93aHI,أَغرب طرق العِلاَج القديمة 😂 (الجزء الثاني),"Jun 24, 2024",855,
2026-04-01,EHYYSK93aHI,أَغرب طرق العِلاَج القديمة 😂 (الجزء الثاني),"Jun 24, 2024",855,0
2026-04-02,EHYYSK93aHI,أَغرب طرق العِلاَج القديمة 😂 (الجزء الثاني),"Jun 24, 2024",855,
2026-04-03,EHYYSK93aHI,أَغرب طرق العِلاَج القديمة 😂 (الجزء الثاني),"Jun 24, 2024",855,
2026-04-04,EHYYSK93aHI,أَغرب طرق العِلاَج القديمة 😂 (الجزء الثاني),"Jun 24, 2024",855,
2026-04-05,EHYYSK93aHI,أَغرب طرق العِلاَج القديمة 😂 (الجزء الثاني),"Jun 24, 2024",855,
2026-04-06,EHYYSK93aHI,أَغرب طرق العِلاَج القديمة 😂 (الجزء الثاني),"Jun 24, 2024",855,
2026-04-07,EHYYSK93aHI,أَغرب طرق العِلاَج القديمة 😂 (الجزء الثاني),"Jun 24, 2024",855,
2026-04-08,EHYYSK93aHI,أَغرب طرق العِلاَج القديمة 😂 (الجزء الثاني),"Jun 24, 2024",855,0
2026-04-09,EHYYSK93aHI,أَغرب طرق العِلاَج القديمة 😂 (الجزء الثاني),"Jun 24, 2024",855,0
2026-04-10,EHYYSK93aHI,أَغرب طرق العِلاَج القديمة 😂 (الجزء الثاني),"Jun 24, 2024",855,
2026-04-11,EHYYSK93aHI,أَغرب طرق العِلاَج القديمة 😂 (الجزء الثاني),"Jun 24, 2024",855,0
2026-04-12,EHYYSK93aHI,أَغرب طرق العِلاَج القديمة 😂 (الجزء الثاني),"Jun 24, 2024",855,0
2026-04-13,EHYYSK93aHI,أَغرب طرق العِلاَج القديمة 😂 (الجزء الثاني),"Jun 24, 2024",855,
2026-04-14,EHYYSK93aHI,أَغرب طرق العِلاَج القديمة 😂 (الجزء الثاني),"Jun 24, 2024",855,0
2026-04-15,EHYYSK93aHI,أَغرب طرق العِلاَج القديمة 😂 (الجزء الثاني),"Jun 24, 2024",855,0
2026-04-16,EHYYSK93aHI,أَغرب طرق العِلاَج القديمة 😂 (الجزء الثاني),"Jun 24, 2024",855,
2026-04-17,EHYYSK93aHI,أَغرب طرق العِلاَج القديمة 😂 (الجزء الثاني),"Jun 24, 2024",855,0
2026-04-18,EHYYSK93aHI,أَغرب طرق العِلاَج القديمة 😂 (الجزء الثاني),"Jun 24, 2024",855,
2026-04-19,EHYYSK93aHI,أَغرب طرق العِلاَج القديمة 😂 (الجزء الثاني),"Jun 24, 2024",855,
2026-04-20,EHYYSK93aHI,أَغرب طرق العِلاَج القديمة 😂 (الجزء الثاني),"Jun 24, 2024",855,0
2026-04-21,EHYYSK93aHI,أَغرب طرق العِلاَج القديمة 😂 (الجزء الثاني),"Jun 24, 2024",855,
2026-04-22,EHYYSK93aHI,أَغرب طرق العِلاَج القديمة 😂 (الجزء الثاني),"Jun 24, 2024",855,
2026-04-23,EHYYSK93aHI,أَغرب طرق العِلاَج القديمة 😂 (الجزء الثاني),"Jun 24, 2024",855,0
2019-03-27,MaERVzdxaZQ,حفرة كتوصّل لعالم آخر,"Aug 23, 2025",1161,0
2019-03-28,MaERVzdxaZQ,حفرة كتوصّل لعالم آخر,"Aug 23, 2025",1161,0
2019-03-29,MaERVzdxaZQ,حفرة كتوصّل لعالم آخر,"Aug 23, 2025",1161,0
2019-03-30,MaERVzdxaZQ,حفرة كتوصّل لعالم آخر,"Aug 23, 2025",1161,0
2019-03-31,MaERVzdxaZQ,حفرة كتوصّل لعالم آخر,"Aug 23, 2025",1161,0
2019-04-01,MaERVzdxaZQ,حفرة كتوصّل لعالم آخر,"Aug 23, 2025",1161,0
2019-04-02,MaERVzdxaZQ,حفرة كتوصّل لعالم آخر,"Aug 23, 2025",1161,0
2019-04-03,MaERVzdxaZQ,حفرة كتوصّل لعالم آخر,"Aug 23, 2025",1161,0
2019-04-04,MaERVzdxaZQ,حفرة كتوصّل لعالم آخر,"Aug 23, 2025",1161,0
2019-04-05,MaERVzdxaZQ,حفرة كتوصّل لعالم آخر,"Aug 23, 2025",1161,0
2019-04-06,MaERVzdxaZQ,حفرة كتوصّل لعالم آخر,"Aug 23, 2025",1161,0
2019-04-07,MaERVzdxaZQ,حفرة كتوصّل لعالم آخر,"Aug 23, 2025",1161,0
2019-04-08,MaERVzdxaZQ,حفرة كتوصّل لعالم آخر,"Aug 23, 2025",1161,0
2019-04-09,MaERVzdxaZQ,حفرة كتوصّل لعالم آخر,"Aug 23, 2025",1161,0
2019-04-10,MaERVzdxaZQ,حفرة كتوصّل لعالم آخر,"Aug 23, 2025",1161,0
2019-04-11,MaERVzdxaZQ,حفرة كتوصّل لعالم آخر,"Aug 23, 2025",1161,0
2019-04-12,MaERVzdxaZQ,حفرة كتوصّل لعالم آخر,"Aug 23, 2025",1161,0
2019-04-13,MaERVzdxaZQ,حفرة كتوصّل لعالم آخر,"Aug 23, 2025",1161,0
2019-04-14,MaERVzdxaZQ,حفرة كتوصّل لعالم آخر,"Aug 23, 2025",1161,0
2019-04-15,MaERVzdxaZQ,حفرة كتوصّل لعالم آخر,"Aug 23, 2025",1161,0
2019-04-16,MaERVzdxaZQ,حفرة كتوصّل لعالم آخر,"Aug 23, 2025",1161,0
2019-04-17,MaERVzdxaZQ,حفرة كتوصّل لعالم آخر,"Aug 23, 2025",1161,0
2019-04-18,MaERVzdxaZQ,حفرة كتوصّل لعالم آخر,"Aug 23, 2025",1161,0
2019-04-19,MaERVzdxaZQ,حفرة كتوصّل لعالم آخر,"Aug 23, 2025",1161,0
2019-04-20,MaERVzdxaZQ,حفرة كتوصّل لعالم آخر,"Aug 23, 2025",1161,0
2019-04-21,MaERVzdxaZQ,حفرة كتوصّل لعالم آخر,"Aug 23, 2025",1161,0
2019-04-22,MaERVzdxaZQ,حفرة كتوصّل لعالم آخر,"Aug 23, 2025",1161,0
2019-04-23,MaERVzdxaZQ,حفرة كتوصّل لعالم آخر,"Aug 23, 2025",1161,0
2019-04-24,MaERVzdxaZQ,حفرة كتوصّل لعالم آخر,"Aug 23, 2025",1161,0
2019-04-25,MaERVzdxaZQ,حفرة كتوصّل لعالم آخر,"Aug 23, 2025",1161,0
2019-04-26,MaERVzdxaZQ,حفرة كتوصّل لعالم آخر,"Aug 23, 2025",1161,0
2019-04-27,MaERVzdxaZQ,حفرة كتوصّل لعالم آخر,"Aug 23, 2025",1161,0
2019-04-28,MaERVzdxaZQ,حفرة كتوصّل لعالم آخر,"Aug 23, 2025",1161,0
2019-04-29,MaERVzdxaZQ,حفرة كتوصّل لعالم آخر,"Aug 23, 2025",1161,0
2019-04-30,MaERVzdxaZQ,حفرة كتوصّل لعالم آخر,"Aug 23, 2025",1161,0
2019-05-01,MaERVzdxaZQ,حفرة كتوصّل لعالم آخر,"Aug 23, 2025",1161,0
2019-05-02,MaERVzdxaZQ,حفرة كتوصّل لعالم آخر,"Aug 23, 2025",1161,0
2019-05-03,MaERVzdxaZQ,حفرة كتوصّل لعالم آخر,"Aug 23, 2025",1161,0
2019-05-04,MaERVzdxaZQ,حفرة كتوصّل لعالم آخر,"Aug 23, 2025",1161,0
2019-05-05,MaERVzdxaZQ,حفرة كتوصّل لعالم آخر,"Aug 23, 2025",1161,0
2019-05-06,MaERVzdxaZQ,حفرة كتوصّل لعالم آخر,"Aug 23, 2025",1161,0
2019-05-07,MaERVzdxaZQ,حفرة كتوصّل لعالم آخر,"Aug 23, 2025",1161,0
2019-05-08,MaERVzdxaZQ,حفرة كتوصّل لعالم آخر,"Aug 23, 2025",1161,0
2019-05-09,MaERVzdxaZQ,حفرة كتوصّل لعالم آخر,"Aug 23, 2025",1161,0
2019-05-10,MaERVzdxaZQ,حفرة كتوصّل لعالم آخر,"Aug 23, 2025",1161,0
2019-05-11,MaERVzdxaZQ,حفرة كتوصّل لعالم آخر,"Aug 23, 2025",1161,0
2019-05-12,MaERVzdxaZQ,حفرة كتوصّل لعالم آخر,"Aug 23, 2025",1161,0
2019-05-13,MaERVzdxaZQ,حفرة كتوصّل لعالم آخر,"Aug 23, 2025",1161,0
2019-05-14,MaERVzdxaZQ,حفرة كتوصّل لعالم آخر,"Aug 23, 2025",1161,0
2019-05-15,MaERVzdxaZQ,حفرة كتوصّل لعالم آخر,"Aug 23, 2025",1161,0
2019-05-16,MaERVzdxaZQ,حفرة كتوصّل لعالم آخر,"Aug 23, 2025",1161,0
2019-05-17,MaERVzdxaZQ,حفرة كتوصّل لعالم آخر,"Aug 23, 2025",1161,0
2019-05-18,MaERVzdxaZQ,حفرة كتوصّل لعالم آخر,"Aug 23, 2025",1161,0
2019-05-19,MaERVzdxaZQ,حفرة كتوصّل لعالم آخر,"Aug 23, 2025",1161,0
2019-05-20,MaERVzdxaZQ,حفرة كتوصّل لعالم آخر,"Aug 23, 2025",1161,0
2019-05-21,MaERVzdxaZQ,حفرة كتوصّل لعالم آخر,"Aug 23, 2025",1161,0
2019-05-22,MaERVzdxaZQ,حفرة كتوصّل لعالم آخر,"Aug 23, 2025",1161,0
2019-05-23,MaERVzdxaZQ,حفرة كتوصّل لعالم آخر,"Aug 23, 2025",1161,0
2019-05-24,MaERVzdxaZQ,حفرة كتوصّل لعالم آخر,"Aug 23, 2025",1161,0
2019-05-25,MaERVzdxaZQ,حفرة كتوصّل لعالم آخر,"Aug 23, 2025",1161,0
2019-05-26,MaERVzdxaZQ,حفرة كتوصّل لعالم آخر,"Aug 23, 2025",1161,0
2019-05-27,MaERVzdxaZQ,حفرة كتوصّل لعالم آخر,"Aug 23, 2025",1161,0
2019-05-28,MaERVzdxaZQ,حفرة كتوصّل لعالم آخر,"Aug 23, 2025",1161,0
2019-05-29,MaERVzdxaZQ,حفرة كتوصّل لعالم آخر,"Aug 23, 2025",1161,0
2019-05-30,MaERVzdxaZQ,حفرة كتوصّل لعالم آخر,"Aug 23, 2025",1161,0
2019-05-31,MaERVzdxaZQ,حفرة كتوصّل لعالم آخر,"Aug 23, 2025",1161,0
2019-06-01,MaERVzdxaZQ,حفرة كتوصّل لعالم آخر,"Aug 23, 2025",1161,0
2019-06-02,MaERVzdxaZQ,حفرة كتوصّل لعالم آخر,"Aug 23, 2025",1161,0
2019-06-03,MaERVzdxaZQ,حفرة كتوصّل لعالم آخر,"Aug 23, 2025",1161,0
2019-06-04,MaERVzdxaZQ,حفرة كتوصّل لعالم آخر,"Aug 23, 2025",1161,0
2019-06-05,MaERVzdxaZQ,حفرة كتوصّل لعالم آخر,"Aug 23, 2025",1161,0
2019-06-06,MaERVzdxaZQ,حفرة كتوصّل لعالم آخر,"Aug 23, 2025",1161,0
2019-06-07,MaERVzdxaZQ,حفرة كتوصّل لعالم آخر,"Aug 23, 2025",1161,0
2019-06-08,MaERVzdxaZQ,حفرة كتوصّل لعالم آخر,"Aug 23, 2025",1161,0
2019-06-09,MaERVzdxaZQ,حفرة كتوصّل لعالم آخر,"Aug 23, 2025",1161,0
2019-06-10,MaERVzdxaZQ,حفرة كتوصّل لعالم آخر,"Aug 23, 2025",1161,0
2019-06-11,MaERVzdxaZQ,حفرة كتوصّل لعالم آخر,"Aug 23, 2025",1161,0
2019-06-12,MaERVzdxaZQ,حفرة كتوصّل لعالم آخر,"Aug 23, 2025",1161,0
2019-06-13,MaERVzdxaZQ,حفرة كتوصّل لعالم آخر,"Aug 23, 2025",1161,0
2019-06-14,MaERVzdxaZQ,حفرة كتوصّل لعالم آخر,"Aug 23, 2025",1161,0
2019-06-15,MaERVzdxaZQ,حفرة كتوصّل لعالم آخر,"Aug 23, 2025",1161,0
2019-06-16,MaERVzdxaZQ,حفرة كتوصّل لعالم آخر,"Aug 23, 2025",1161,0
2019-06-17,MaERVzdxaZQ,حفرة كتوصّل لعالم آخر,"Aug 23, 2025",1161,0
2019-06-18,MaERVzdxaZQ,حفرة كتوصّل لعالم آخر,"Aug 23, 2025",1161,0
2019-06-19,MaERVzdxaZQ,حفرة كتوصّل لعالم آخر,"Aug 23, 2025",1161,0
2019-06-20,MaERVzdxaZQ,حفرة كتوصّل لعالم آخر,"Aug 23, 2025",1161,0
2019-06-21,MaERVzdxaZQ,حفرة كتوصّل لعالم آخر,"Aug 23, 2025",1161,0
2019-06-22,MaERVzdxaZQ,حفرة كتوصّل لعالم آخر,"Aug 23, 2025",1161,0
2019-06-23,MaERVzdxaZQ,حفرة كتوصّل لعالم آخر,"Aug 23, 2025",1161,0
2019-06-24,MaERVzdxaZQ,حفرة كتوصّل لعالم آخر,"Aug 23, 2025",1161,0
2019-06-25,MaERVzdxaZQ,حفرة كتوصّل لعالم آخر,"Aug 23, 2025",1161,0
2019-06-26,MaERVzdxaZQ,حفرة كتوصّل لعالم آخر,"Aug 23, 2025",1161,0
2019-06-27,MaERVzdxaZQ,حفرة كتوصّل لعالم آخر,"Aug 23, 2025",1161,0
2019-06-28,MaERVzdxaZQ,حفرة كتوصّل لعالم آخر,"Aug 23, 2025",1161,0
2019-06-29,MaERVzdxaZQ,حفرة كتوصّل لعالم آخر,"Aug 23, 2025",1161,0
2019-06-30,MaERVzdxaZQ,حفرة كتوصّل لعالم آخر,"Aug 23, 2025",1161,0
2019-07-01,MaERVzdxaZQ,حفرة كتوصّل لعالم آخر,"Aug 23, 2025",1161,0
2019-07-02,MaERVzdxaZQ,حفرة كتوصّل لعالم آخر,"Aug 23, 2025",1161,0
2019-07-03,MaERVzdxaZQ,حفرة كتوصّل لعالم آخر,"Aug 23, 2025",1161,0
2019-07-04,MaERVzdxaZQ,حفرة كتوصّل لعالم آخر,"Aug 23, 2025",1161,0
2019-07-05,MaERVzdxaZQ,حفرة كتوصّل لعالم آخر,"Aug 23, 2025",1161,0
2019-07-06,MaERVzdxaZQ,حفرة كتوصّل لعالم آخر,"Aug 23, 2025",1161,0
2019-07-07,MaERVzdxaZQ,حفرة كتوصّل لعالم آخر,"Aug 23, 2025",1161,0
2019-07-08,MaERVzdxaZQ,حفرة كتوصّل لعالم آخر,"Aug 23, 2025",1161,0
2019-07-09,MaERVzdxaZQ,حفرة كتوصّل لعالم آخر,"Aug 23, 2025",1161,0
2019-07-10,MaERVzdxaZQ,حفرة كتوصّل لعالم آخر,"Aug 23, 2025",1161,0
2019-07-11,MaERVzdxaZQ,حفرة كتوصّل لعالم آخر,"Aug 23, 2025",1161,0
2019-07-12,MaERVzdxaZQ,حفرة كتوصّل لعالم آخر,"Aug 23, 2025",1161,0
2019-07-13,MaERVzdxaZQ,حفرة كتوصّل لعالم آخر,"Aug 23, 2025",1161,0
2019-07-14,MaERVzdxaZQ,حفرة كتوصّل لعالم آخر,"Aug 23, 2025",1161,0
2019-07-15,MaERVzdxaZQ,حفرة كتوصّل لعالم آخر,"Aug 23, 2025",1161,0
2019-07-16,MaERVzdxaZQ,حفرة كتوصّل لعالم آخر,"Aug 23, 2025",1161,0
2019-07-17,MaERVzdxaZQ,حفرة كتوصّل لعالم آخر,"Aug 23, 2025",1161,0
2019-07-18,MaERVzdxaZQ,حفرة كتوصّل لعالم آخر,"Aug 23, 2025",1161,0
2019-07-19,MaERVzdxaZQ,حفرة كتوصّل لعالم آخر,"Aug 23, 2025",1161,0
2019-07-20,MaERVzdxaZQ,حفرة كتوصّل لعالم آخر,"Aug 23, 2025",1161,0
2019-07-21,MaERVzdxaZQ,حفرة كتوصّل لعالم آخر,"Aug 23, 2025",1161,0
2019-07-22,MaERVzdxaZQ,حفرة كتوصّل لعالم آخر,"Aug 23, 2025",1161,0
2019-07-23,MaERVzdxaZQ,حفرة كتوصّل لعالم آخر,"Aug 23, 2025",1161,0
2019-07-24,MaERVzdxaZQ,حفرة كتوصّل لعالم آخر,"Aug 23, 2025",1161,0
2019-07-25,MaERVzdxaZQ,حفرة كتوصّل لعالم آخر,"Aug 23, 2025",1161,0
2019-07-26,MaERVzdxaZQ,حفرة كتوصّل لعالم آخر,"Aug 23, 2025",1161,0
2019-07-27,MaERVzdxaZQ,حفرة كتوصّل لعالم آخر,"Aug 23, 2025",1161,0
2019-07-28,MaERVzdxaZQ,حفرة كتوصّل لعالم آخر,"Aug 23, 2025",1161,0
2019-07-29,MaERVzdxaZQ,حفرة كتوصّل لعالم آخر,"Aug 23, 2025",1161,0
2019-07-30,MaERVzdxaZQ,حفرة كتوصّل لعالم آخر,"Aug 23, 2025",1161,0
2019-07-31,MaERVzdxaZQ,حفرة كتوصّل لعالم آخر,"Aug 23, 2025",1161,0
2019-08-01,MaERVzdxaZQ,حفرة كتوصّل لعالم آخر,"Aug 23, 2025",1161,0
2019-08-02,MaERVzdxaZQ,حفرة كتوصّل لعالم آخر,"Aug 23, 2025",1161,0
2019-08-03,MaERVzdxaZQ,حفرة كتوصّل لعالم آخر,"Aug 23, 2025",1161,0
2019-08-04,MaERVzdxaZQ,حفرة كتوصّل لعالم آخر,"Aug 23, 2025",1161,0
2019-08-05,MaERVzdxaZQ,حفرة كتوصّل لعالم آخر,"Aug 23, 2025",1161,0
2019-08-06,MaERVzdxaZQ,حفرة كتوصّل لعالم آخر,"Aug 23, 2025",1161,0
2019-08-07,MaERVzdxaZQ,حفرة كتوصّل لعالم آخر,"Aug 23, 2025",1161,0
2019-08-08,MaERVzdxaZQ,حفرة كتوصّل لعالم آخر,"Aug 23, 2025",1161,0
2019-08-09,MaERVzdxaZQ,حفرة كتوصّل لعالم آخر,"Aug 23, 2025",1161,0
2019-08-10,MaERVzdxaZQ,حفرة كتوصّل لعالم آخر,"Aug 23, 2025",1161,0
2019-08-11,MaERVzdxaZQ,حفرة كتوصّل لعالم آخر,"Aug 23, 2025",1161,0
2019-08-12,MaERVzdxaZQ,حفرة كتوصّل لعالم آخر,"Aug 23, 2025",1161,0
2019-08-13,MaERVzdxaZQ,حفرة كتوصّل لعالم آخر,"Aug 23, 2025",1161,0
2019-08-14,MaERVzdxaZQ,حفرة كتوصّل لعالم آخر,"Aug 23, 2025",1161,0
2019-08-15,MaERVzdxaZQ,حفرة كتوصّل لعالم آخر,"Aug 23, 2025",1161,0
2019-08-16,MaERVzdxaZQ,حفرة كتوصّل لعالم آخر,"Aug 23, 2025",1161,0
2019-08-17,MaERVzdxaZQ,حفرة كتوصّل لعالم آخر,"Aug 23, 2025",1161,0
2019-08-18,MaERVzdxaZQ,حفرة كتوصّل لعالم آخر,"Aug 23, 2025",1161,0
2019-08-19,MaERVzdxaZQ,حفرة كتوصّل لعالم آخر,"Aug 23, 2025",1161,0
2019-08-20,MaERVzdxaZQ,حفرة كتوصّل لعالم آخر,"Aug 23, 2025",1161,0
2019-08-21,MaERVzdxaZQ,حفرة كتوصّل لعالم آخر,"Aug 23, 2025",1161,0
2019-08-22,MaERVzdxaZQ,حفرة كتوصّل لعالم آخر,"Aug 23, 2025",1161,0
2019-08-23,MaERVzdxaZQ,حفرة كتوصّل لعالم آخر,"Aug 23, 2025",1161,0
2019-08-24,MaERVzdxaZQ,حفرة كتوصّل لعالم آخر,"Aug 23, 2025",1161,0
2019-08-25,MaERVzdxaZQ,حفرة كتوصّل لعالم آخر,"Aug 23, 2025",1161,0
2019-08-26,MaERVzdxaZQ,حفرة كتوصّل لعالم آخر,"Aug 23, 2025",1161,0
2019-08-27,MaERVzdxaZQ,حفرة كتوصّل لعالم آخر,"Aug 23, 2025",1161,0
2019-08-28,MaERVzdxaZQ,حفرة كتوصّل لعالم آخر,"Aug 23, 2025",1161,0
2019-08-29,MaERVzdxaZQ,حفرة كتوصّل لعالم آخر,"Aug 23, 2025",1161,0
2019-08-30,MaERVzdxaZQ,حفرة كتوصّل لعالم آخر,"Aug 23, 2025",1161,0
2019-08-31,MaERVzdxaZQ,حفرة كتوصّل لعالم آخر,"Aug 23, 2025",1161,0
2019-09-01,MaERVzdxaZQ,حفرة كتوصّل لعالم آخر,"Aug 23, 2025",1161,0
2019-09-02,MaERVzdxaZQ,حفرة كتوصّل لعالم آخر,"Aug 23, 2025",1161,0
2019-09-03,MaERVzdxaZQ,حفرة كتوصّل لعالم آخر,"Aug 23, 2025",1161,0
2019-09-04,MaERVzdxaZQ,حفرة كتوصّل لعالم آخر,"Aug 23, 2025",1161,0
2019-09-05,MaERVzdxaZQ,حفرة كتوصّل لعالم آخر,"Aug 23, 2025",1161,0
2019-09-06,MaERVzdxaZQ,حفرة كتوصّل لعالم آخر,"Aug 23, 2025",1161,0
2019-09-07,MaERVzdxaZQ,حفرة كتوصّل لعالم آخر,"Aug 23, 2025",1161,0
2019-09-08,MaERVzdxaZQ,حفرة كتوصّل لعالم آخر,"Aug 23, 2025",1161,0
2019-09-09,MaERVzdxaZQ,حفرة كتوصّل لعالم آخر,"Aug 23, 2025",1161,0
2019-09-10,MaERVzdxaZQ,حفرة كتوصّل لعالم آخر,"Aug 23, 2025",1161,0
2019-09-11,MaERVzdxaZQ,حفرة كتوصّل لعالم آخر,"Aug 23, 2025",1161,0
2019-09-12,MaERVzdxaZQ,حفرة كتوصّل لعالم آخر,"Aug 23, 2025",1161,0
2019-09-13,MaERVzdxaZQ,حفرة كتوصّل لعالم آخر,"Aug 23, 2025",1161,0
2019-09-14,MaERVzdxaZQ,حفرة كتوصّل لعالم آخر,"Aug 23, 2025",1161,0
2019-09-15,MaERVzdxaZQ,حفرة كتوصّل لعالم آخر,"Aug 23, 2025",1161,0
2019-09-16,MaERVzdxaZQ,حفرة كتوصّل لعالم آخر,"Aug 23, 2025",1161,0
2019-09-17,MaERVzdxaZQ,حفرة كتوصّل لعالم آخر,"Aug 23, 2025",1161,0
2019-09-18,MaERVzdxaZQ,حفرة كتوصّل لعالم آخر,"Aug 23, 2025",1161,0
2019-09-19,MaERVzdxaZQ,حفرة كتوصّل لعالم آخر,"Aug 23, 2025",1161,0
2019-09-20,MaERVzdxaZQ,حفرة كتوصّل لعالم آخر,"Aug 23, 2025",1161,0
2019-09-21,MaERVzdxaZQ,حفرة كتوصّل لعالم آخر,"Aug 23, 2025",1161,0
2019-09-22,MaERVzdxaZQ,حفرة كتوصّل لعالم آخر,"Aug 23, 2025",1161,0
2019-09-23,MaERVzdxaZQ,حفرة كتوصّل لعالم آخر,"Aug 23, 2025",1161,0
2019-09-24,MaERVzdxaZQ,حفرة كتوصّل لعالم آخر,"Aug 23, 2025",1161,0
2019-09-25,MaERVzdxaZQ,حفرة كتوصّل لعالم آخر,"Aug 23, 2025",1161,0
2019-09-26,MaERVzdxaZQ,حفرة كتوصّل لعالم آخر,"Aug 23, 2025",1161,0
2019-09-27,MaERVzdxaZQ,حفرة كتوصّل لعالم آخر,"Aug 23, 2025",1161,0
2019-09-28,MaERVzdxaZQ,حفرة كتوصّل لعالم آخر,"Aug 23, 2025",1161,0
2019-09-29,MaERVzdxaZQ,حفرة كتوصّل لعالم آخر,"Aug 23, 2025",1161,0
2019-09-30,MaERVzdxaZQ,حفرة كتوصّل لعالم آخر,"Aug 23, 2025",1161,0
2019-10-01,MaERVzdxaZQ,حفرة كتوصّل لعالم آخر,"Aug 23, 2025",1161,0
2019-10-02,MaERVzdxaZQ,حفرة كتوصّل لعالم آخر,"Aug 23, 2025",1161,0
2019-10-03,MaERVzdxaZQ,حفرة كتوصّل لعالم آخر,"Aug 23, 2025",1161,0
2019-10-04,MaERVzdxaZQ,حفرة كتوصّل لعالم آخر,"Aug 23, 2025",1161,0
2019-10-05,MaERVzdxaZQ,حفرة كتوصّل لعالم آخر,"Aug 23, 2025",1161,0
2019-10-06,MaERVzdxaZQ,حفرة كتوصّل لعالم آخر,"Aug 23, 2025",1161,0
2019-10-07,MaERVzdxaZQ,حفرة كتوصّل لعالم آخر,"Aug 23, 2025",1161,0
2019-10-08,MaERVzdxaZQ,حفرة كتوصّل لعالم آخر,"Aug 23, 2025",1161,0
2019-10-09,MaERVzdxaZQ,حفرة كتوصّل لعالم آخر,"Aug 23, 2025",1161,0
2019-10-10,MaERVzdxaZQ,حفرة كتوصّل لعالم آخر,"Aug 23, 2025",1161,0
2019-10-11,MaERVzdxaZQ,حفرة كتوصّل لعالم آخر,"Aug 23, 2025",1161,0
2019-10-12,MaERVzdxaZQ,حفرة كتوصّل لعالم آخر,"Aug 23, 2025",1161,0
2019-10-13,MaERVzdxaZQ,حفرة كتوصّل لعالم آخر,"Aug 23, 2025",1161,0
2019-10-14,MaERVzdxaZQ,حفرة كتوصّل لعالم آخر,"Aug 23, 2025",1161,0
2019-10-15,MaERVzdxaZQ,حفرة كتوصّل لعالم آخر,"Aug 23, 2025",1161,0
2019-10-16,MaERVzdxaZQ,حفرة كتوصّل لعالم آخر,"Aug 23, 2025",1161,0
2019-10-17,MaERVzdxaZQ,حفرة كتوصّل لعالم آخر,"Aug 23, 2025",1161,0
2019-10-18,MaERVzdxaZQ,حفرة كتوصّل لعالم آخر,"Aug 23, 2025",1161,0
2019-10-19,MaERVzdxaZQ,حفرة كتوصّل لعالم آخر,"Aug 23, 2025",1161,0
2019-10-20,MaERVzdxaZQ,حفرة كتوصّل لعالم آخر,"Aug 23, 2025",1161,0
2019-10-21,MaERVzdxaZQ,حفرة كتوصّل لعالم آخر,"Aug 23, 2025",1161,0
2019-10-22,MaERVzdxaZQ,حفرة كتوصّل لعالم آخر,"Aug 23, 2025",1161,0
2019-10-23,MaERVzdxaZQ,حفرة كتوصّل لعالم آخر,"Aug 23, 2025",1161,0
2019-10-24,MaERVzdxaZQ,حفرة كتوصّل لعالم آخر,"Aug 23, 2025",1161,0
2019-10-25,MaERVzdxaZQ,حفرة كتوصّل لعالم آخر,"Aug 23, 2025",1161,0
2019-10-26,MaERVzdxaZQ,حفرة كتوصّل لعالم آخر,"Aug 23, 2025",1161,0
2019-10-27,MaERVzdxaZQ,حفرة كتوصّل لعالم آخر,"Aug 23, 2025",1161,0
2019-10-28,MaERVzdxaZQ,حفرة كتوصّل لعالم آخر,"Aug 23, 2025",1161,0
2019-10-29,MaERVzdxaZQ,حفرة كتوصّل لعالم آخر,"Aug 23, 2025",1161,0
2019-10-30,MaERVzdxaZQ,حفرة كتوصّل لعالم آخر,"Aug 23, 2025",1161,0
2019-10-31,MaERVzdxaZQ,حفرة كتوصّل لعالم آخر,"Aug 23, 2025",1161,0
2019-11-01,MaERVzdxaZQ,حفرة كتوصّل لعالم آخر,"Aug 23, 2025",1161,0
2019-11-02,MaERVzdxaZQ,حفرة كتوصّل لعالم آخر,"Aug 23, 2025",1161,0
2019-11-03,MaERVzdxaZQ,حفرة كتوصّل لعالم آخر,"Aug 23, 2025",1161,0
2019-11-04,MaERVzdxaZQ,حفرة كتوصّل لعالم آخر,"Aug 23, 2025",1161,0
2019-11-05,MaERVzdxaZQ,حفرة كتوصّل لعالم آخر,"Aug 23, 2025",1161,0
2019-11-06,MaERVzdxaZQ,حفرة كتوصّل لعالم آخر,"Aug 23, 2025",1161,0
2019-11-07,MaERVzdxaZQ,حفرة كتوصّل لعالم آخر,"Aug 23, 2025",1161,0
2019-11-08,MaERVzdxaZQ,حفرة كتوصّل لعالم آخر,"Aug 23, 2025",1161,0
2019-11-09,MaERVzdxaZQ,حفرة كتوصّل لعالم آخر,"Aug 23, 2025",1161,0
2019-11-10,MaERVzdxaZQ,حفرة كتوصّل لعالم آخر,"Aug 23, 2025",1161,0
2019-11-11,MaERVzdxaZQ,حفرة كتوصّل لعالم آخر,"Aug 23, 2025",1161,0
2019-11-12,MaERVzdxaZQ,حفرة كتوصّل لعالم آخر,"Aug 23, 2025",1161,0
2019-11-13,MaERVzdxaZQ,حفرة كتوصّل لعالم آخر,"Aug 23, 2025",1161,0
2019-11-14,MaERVzdxaZQ,حفرة كتوصّل لعالم آخر,"Aug 23, 2025",1161,0
2019-11-15,MaERVzdxaZQ,حفرة كتوصّل لعالم آخر,"Aug 23, 2025",1161,0
2019-11-16,MaERVzdxaZQ,حفرة كتوصّل لعالم آخر,"Aug 23, 2025",1161,0
2019-11-17,MaERVzdxaZQ,حفرة كتوصّل لعالم آخر,"Aug 23, 2025",1161,0
2019-11-18,MaERVzdxaZQ,حفرة كتوصّل لعالم آخر,"Aug 23, 2025",1161,0
2019-11-19,MaERVzdxaZQ,حفرة كتوصّل لعالم آخر,"Aug 23, 2025",1161,0
2019-11-20,MaERVzdxaZQ,حفرة كتوصّل لعالم آخر,"Aug 23, 2025",1161,0
2019-11-21,MaERVzdxaZQ,حفرة كتوصّل لعالم آخر,"Aug 23, 2025",1161,0
2019-11-22,MaERVzdxaZQ,حفرة كتوصّل لعالم آخر,"Aug 23, 2025",1161,0
2019-11-23,MaERVzdxaZQ,حفرة كتوصّل لعالم آخر,"Aug 23, 2025",1161,0
2019-11-24,MaERVzdxaZQ,حفرة كتوصّل لعالم آخر,"Aug 23, 2025",1161,0
2019-11-25,MaERVzdxaZQ,حفرة كتوصّل لعالم آخر,"Aug 23, 2025",1161,0
2019-11-26,MaERVzdxaZQ,حفرة كتوصّل لعالم آخر,"Aug 23, 2025",1161,0
2019-11-27,MaERVzdxaZQ,حفرة كتوصّل لعالم آخر,"Aug 23, 2025",1161,0
2019-11-28,MaERVzdxaZQ,حفرة كتوصّل لعالم آخر,"Aug 23, 2025",1161,0
2019-11-29,MaERVzdxaZQ,حفرة كتوصّل لعالم آخر,"Aug 23, 2025",1161,0
2019-11-30,MaERVzdxaZQ,حفرة كتوصّل لعالم آخر,"Aug 23, 2025",1161,0
2019-12-01,MaERVzdxaZQ,حفرة كتوصّل لعالم آخر,"Aug 23, 2025",1161,0
2019-12-02,MaERVzdxaZQ,حفرة كتوصّل لعالم آخر,"Aug 23, 2025",1161,0
2019-12-03,MaERVzdxaZQ,حفرة كتوصّل لعالم آخر,"Aug 23, 2025",1161,0
2019-12-04,MaERVzdxaZQ,حفرة كتوصّل لعالم آخر,"Aug 23, 2025",1161,0
2019-12-05,MaERVzdxaZQ,حفرة كتوصّل لعالم آخر,"Aug 23, 2025",1161,0
2019-12-06,MaERVzdxaZQ,حفرة كتوصّل لعالم آخر,"Aug 23, 2025",1161,0
2019-12-07,MaERVzdxaZQ,حفرة كتوصّل لعالم آخر,"Aug 23, 2025",1161,0
2019-12-08,MaERVzdxaZQ,حفرة كتوصّل لعالم آخر,"Aug 23, 2025",1161,0
2019-12-09,MaERVzdxaZQ,حفرة كتوصّل لعالم آخر,"Aug 23, 2025",1161,0
2019-12-10,MaERVzdxaZQ,حفرة كتوصّل لعالم آخر,"Aug 23, 2025",1161,0
2019-12-11,MaERVzdxaZQ,حفرة كتوصّل لعالم آخر,"Aug 23, 2025",1161,0
2019-12-12,MaERVzdxaZQ,حفرة كتوصّل لعالم آخر,"Aug 23, 2025",1161,0
2019-12-13,MaERVzdxaZQ,حفرة كتوصّل لعالم آخر,"Aug 23, 2025",1161,0
2019-12-14,MaERVzdxaZQ,حفرة كتوصّل لعالم آخر,"Aug 23, 2025",1161,0
2019-12-15,MaERVzdxaZQ,حفرة كتوصّل لعالم آخر,"Aug 23, 2025",1161,0
2019-12-16,MaERVzdxaZQ,حفرة كتوصّل لعالم آخر,"Aug 23, 2025",1161,0
2019-12-17,MaERVzdxaZQ,حفرة كتوصّل لعالم آخر,"Aug 23, 2025",1161,0
2019-12-18,MaERVzdxaZQ,حفرة كتوصّل لعالم آخر,"Aug 23, 2025",1161,0
2019-12-19,MaERVzdxaZQ,حفرة كتوصّل لعالم آخر,"Aug 23, 2025",1161,0
2019-12-20,MaERVzdxaZQ,حفرة كتوصّل لعالم آخر,"Aug 23, 2025",1161,0
2019-12-21,MaERVzdxaZQ,حفرة كتوصّل لعالم آخر,"Aug 23, 2025",1161,0
2019-12-22,MaERVzdxaZQ,حفرة كتوصّل لعالم آخر,"Aug 23, 2025",1161,0
2019-12-23,MaERVzdxaZQ,حفرة كتوصّل لعالم آخر,"Aug 23, 2025",1161,0
2019-12-24,MaERVzdxaZQ,حفرة كتوصّل لعالم آخر,"Aug 23, 2025",1161,0
2019-12-25,MaERVzdxaZQ,حفرة كتوصّل لعالم آخر,"Aug 23, 2025",1161,0
2019-12-26,MaERVzdxaZQ,حفرة كتوصّل لعالم آخر,"Aug 23, 2025",1161,0
2019-12-27,MaERVzdxaZQ,حفرة كتوصّل لعالم آخر,"Aug 23, 2025",1161,0
2019-12-28,MaERVzdxaZQ,حفرة كتوصّل لعالم آخر,"Aug 23, 2025",1161,0
2019-12-29,MaERVzdxaZQ,حفرة كتوصّل لعالم آخر,"Aug 23, 2025",1161,0
2019-12-30,MaERVzdxaZQ,حفرة كتوصّل لعالم آخر,"Aug 23, 2025",1161,0
2019-12-31,MaERVzdxaZQ,حفرة كتوصّل لعالم آخر,"Aug 23, 2025",1161,0
2020-01-01,MaERVzdxaZQ,حفرة كتوصّل لعالم آخر,"Aug 23, 2025",1161,0
2020-01-02,MaERVzdxaZQ,حفرة كتوصّل لعالم آخر,"Aug 23, 2025",1161,0
2020-01-03,MaERVzdxaZQ,حفرة كتوصّل لعالم آخر,"Aug 23, 2025",1161,0
2020-01-04,MaERVzdxaZQ,حفرة كتوصّل لعالم آخر,"Aug 23, 2025",1161,0
2020-01-05,MaERVzdxaZQ,حفرة كتوصّل لعالم آخر,"Aug 23, 2025",1161,0
2020-01-06,MaERVzdxaZQ,حفرة كتوصّل لعالم آخر,"Aug 23, 2025",1161,0
2020-01-07,MaERVzdxaZQ,حفرة كتوصّل لعالم آخر,"Aug 23, 2025",1161,0
2020-01-08,MaERVzdxaZQ,حفرة كتوصّل لعالم آخر,"Aug 23, 2025",1161,0
2020-01-09,MaERVzdxaZQ,حفرة كتوصّل لعالم آخر,"Aug 23, 2025",1161,0
2020-01-10,MaERVzdxaZQ,حفرة كتوصّل لعالم آخر,"Aug 23, 2025",1161,0
2020-01-11,MaERVzdxaZQ,حفرة كتوصّل لعالم آخر,"Aug 23, 2025",1161,0
2020-01-12,MaERVzdxaZQ,حفرة كتوصّل لعالم آخر,"Aug 23, 2025",1161,0
2020-01-13,MaERVzdxaZQ,حفرة كتوصّل لعالم آخر,"Aug 23, 2025",1161,0
2020-01-14,MaERVzdxaZQ,حفرة كتوصّل لعالم آخر,"Aug 23, 2025",1161,0
2020-01-15,MaERVzdxaZQ,حفرة كتوصّل لعالم آخر,"Aug 23, 2025",1161,0
2020-01-16,MaERVzdxaZQ,حفرة كتوصّل لعالم آخر,"Aug 23, 2025",1161,0
2020-01-17,MaERVzdxaZQ,حفرة كتوصّل لعالم آخر,"Aug 23, 2025",1161,0
2020-01-18,MaERVzdxaZQ,حفرة كتوصّل لعالم آخر,"Aug 23, 2025",1161,0
2020-01-19,MaERVzdxaZQ,حفرة كتوصّل لعالم آخر,"Aug 23, 2025",1161,0
2020-01-20,MaERVzdxaZQ,حفرة كتوصّل لعالم آخر,"Aug 23, 2025",1161,0
2020-01-21,MaERVzdxaZQ,حفرة كتوصّل لعالم آخر,"Aug 23, 2025",1161,0
2020-01-22,MaERVzdxaZQ,حفرة كتوصّل لعالم آخر,"Aug 23, 2025",1161,0
2020-01-23,MaERVzdxaZQ,حفرة كتوصّل لعالم آخر,"Aug 23, 2025",1161,0
2020-01-24,MaERVzdxaZQ,حفرة كتوصّل لعالم آخر,"Aug 23, 2025",1161,0
2020-01-25,MaERVzdxaZQ,حفرة كتوصّل لعالم آخر,"Aug 23, 2025",1161,0
2020-01-26,MaERVzdxaZQ,حفرة كتوصّل لعالم آخر,"Aug 23, 2025",1161,0
2020-01-27,MaERVzdxaZQ,حفرة كتوصّل لعالم آخر,"Aug 23, 2025",1161,0
2020-01-28,MaERVzdxaZQ,حفرة كتوصّل لعالم آخر,"Aug 23, 2025",1161,0
2020-01-29,MaERVzdxaZQ,حفرة كتوصّل لعالم آخر,"Aug 23, 2025",1161,0
2020-01-30,MaERVzdxaZQ,حفرة كتوصّل لعالم آخر,"Aug 23, 2025",1161,0
2020-01-31,MaERVzdxaZQ,حفرة كتوصّل لعالم آخر,"Aug 23, 2025",1161,0
2020-02-01,MaERVzdxaZQ,حفرة كتوصّل لعالم آخر,"Aug 23, 2025",1161,0
2020-02-02,MaERVzdxaZQ,حفرة كتوصّل لعالم آخر,"Aug 23, 2025",1161,0
2020-02-03,MaERVzdxaZQ,حفرة كتوصّل لعالم آخر,"Aug 23, 2025",1161,0
2020-02-04,MaERVzdxaZQ,حفرة كتوصّل لعالم آخر,"Aug 23, 2025",1161,0
2020-02-05,MaERVzdxaZQ,حفرة كتوصّل لعالم آخر,"Aug 23, 2025",1161,0
2020-02-06,MaERVzdxaZQ,حفرة كتوصّل لعالم آخر,"Aug 23, 2025",1161,0
2020-02-07,MaERVzdxaZQ,حفرة كتوصّل لعالم آخر,"Aug 23, 2025",1161,0
2020-02-08,MaERVzdxaZQ,حفرة كتوصّل لعالم آخر,"Aug 23, 2025",1161,0
2020-02-09,MaERVzdxaZQ,حفرة كتوصّل لعالم آخر,"Aug 23, 2025",1161,0
2020-02-10,MaERVzdxaZQ,حفرة كتوصّل لعالم آخر,"Aug 23, 2025",1161,0
2020-02-11,MaERVzdxaZQ,حفرة كتوصّل لعالم آخر,"Aug 23, 2025",1161,0
2020-02-12,MaERVzdxaZQ,حفرة كتوصّل لعالم آخر,"Aug 23, 2025",1161,0
2020-02-13,MaERVzdxaZQ,حفرة كتوصّل لعالم آخر,"Aug 23, 2025",1161,0
2020-02-14,MaERVzdxaZQ,حفرة كتوصّل لعالم آخر,"Aug 23, 2025",1161,0
2020-02-15,MaERVzdxaZQ,حفرة كتوصّل لعالم آخر,"Aug 23, 2025",1161,0
2020-02-16,MaERVzdxaZQ,حفرة كتوصّل لعالم آخر,"Aug 23, 2025",1161,0
2020-02-17,MaERVzdxaZQ,حفرة كتوصّل لعالم آخر,"Aug 23, 2025",1161,0
2020-02-18,MaERVzdxaZQ,حفرة كتوصّل لعالم آخر,"Aug 23, 2025",1161,0
2020-02-19,MaERVzdxaZQ,حفرة كتوصّل لعالم آخر,"Aug 23, 2025",1161,0
2020-02-20,MaERVzdxaZQ,حفرة كتوصّل لعالم آخر,"Aug 23, 2025",1161,0
2020-02-21,MaERVzdxaZQ,حفرة كتوصّل لعالم آخر,"Aug 23, 2025",1161,0
2020-02-22,MaERVzdxaZQ,حفرة كتوصّل لعالم آخر,"Aug 23, 2025",1161,0
2020-02-23,MaERVzdxaZQ,حفرة كتوصّل لعالم آخر,"Aug 23, 2025",1161,0
2020-02-24,MaERVzdxaZQ,حفرة كتوصّل لعالم آخر,"Aug 23, 2025",1161,0
2020-02-25,MaERVzdxaZQ,حفرة كتوصّل لعالم آخر,"Aug 23, 2025",1161,0
2020-02-26,MaERVzdxaZQ,حفرة كتوصّل لعالم آخر,"Aug 23, 2025",1161,0
2020-02-27,MaERVzdxaZQ,حفرة كتوصّل لعالم آخر,"Aug 23, 2025",1161,0
2020-02-28,MaERVzdxaZQ,حفرة كتوصّل لعالم آخر,"Aug 23, 2025",1161,0
2020-02-29,MaERVzdxaZQ,حفرة كتوصّل لعالم آخر,"Aug 23, 2025",1161,0
2020-03-01,MaERVzdxaZQ,حفرة كتوصّل لعالم آخر,"Aug 23, 2025",1161,0
2020-03-02,MaERVzdxaZQ,حفرة كتوصّل لعالم آخر,"Aug 23, 2025",1161,0
2020-03-03,MaERVzdxaZQ,حفرة كتوصّل لعالم آخر,"Aug 23, 2025",1161,0
2020-03-04,MaERVzdxaZQ,حفرة كتوصّل لعالم آخر,"Aug 23, 2025",1161,0
2020-03-05,MaERVzdxaZQ,حفرة كتوصّل لعالم آخر,"Aug 23, 2025",1161,0
2020-03-06,MaERVzdxaZQ,حفرة كتوصّل لعالم آخر,"Aug 23, 2025",1161,0
2020-03-07,MaERVzdxaZQ,حفرة كتوصّل لعالم آخر,"Aug 23, 2025",1161,0
2020-03-08,MaERVzdxaZQ,حفرة كتوصّل لعالم آخر,"Aug 23, 2025",1161,0
2020-03-09,MaERVzdxaZQ,حفرة كتوصّل لعالم آخر,"Aug 23, 2025",1161,0
2020-03-10,MaERVzdxaZQ,حفرة كتوصّل لعالم آخر,"Aug 23, 2025",1161,0
2020-03-11,MaERVzdxaZQ,حفرة كتوصّل لعالم آخر,"Aug 23, 2025",1161,0
2020-03-12,MaERVzdxaZQ,حفرة كتوصّل لعالم آخر,"Aug 23, 2025",1161,0
2020-03-13,MaERVzdxaZQ,حفرة كتوصّل لعالم آخر,"Aug 23, 2025",1161,0
2020-03-14,MaERVzdxaZQ,حفرة كتوصّل لعالم آخر,"Aug 23, 2025",1161,0
2020-03-15,MaERVzdxaZQ,حفرة كتوصّل لعالم آخر,"Aug 23, 2025",1161,0
2020-03-16,MaERVzdxaZQ,حفرة كتوصّل لعالم آخر,"Aug 23, 2025",1161,0
2020-03-17,MaERVzdxaZQ,حفرة كتوصّل لعالم آخر,"Aug 23, 2025",1161,0
2020-03-18,MaERVzdxaZQ,حفرة كتوصّل لعالم آخر,"Aug 23, 2025",1161,0
2020-03-19,MaERVzdxaZQ,حفرة كتوصّل لعالم آخر,"Aug 23, 2025",1161,0
2020-03-20,MaERVzdxaZQ,حفرة كتوصّل لعالم آخر,"Aug 23, 2025",1161,0
2020-03-21,MaERVzdxaZQ,حفرة كتوصّل لعالم آخر,"Aug 23, 2025",1161,0
2020-03-22,MaERVzdxaZQ,حفرة كتوصّل لعالم آخر,"Aug 23, 2025",1161,0
2020-03-23,MaERVzdxaZQ,حفرة كتوصّل لعالم آخر,"Aug 23, 2025",1161,0
2020-03-24,MaERVzdxaZQ,حفرة كتوصّل لعالم آخر,"Aug 23, 2025",1161,0
2020-03-25,MaERVzdxaZQ,حفرة كتوصّل لعالم آخر,"Aug 23, 2025",1161,0
2020-03-26,MaERVzdxaZQ,حفرة كتوصّل لعالم آخر,"Aug 23, 2025",1161,0
2020-03-27,MaERVzdxaZQ,حفرة كتوصّل لعالم آخر,"Aug 23, 2025",1161,0
2020-03-28,MaERVzdxaZQ,حفرة كتوصّل لعالم آخر,"Aug 23, 2025",1161,0
2020-03-29,MaERVzdxaZQ,حفرة كتوصّل لعالم آخر,"Aug 23, 2025",1161,0
2020-03-30,MaERVzdxaZQ,حفرة كتوصّل لعالم آخر,"Aug 23, 2025",1161,0
2020-03-31,MaERVzdxaZQ,حفرة كتوصّل لعالم آخر,"Aug 23, 2025",1161,0
2020-04-01,MaERVzdxaZQ,حفرة كتوصّل لعالم آخر,"Aug 23, 2025",1161,0
2020-04-02,MaERVzdxaZQ,حفرة كتوصّل لعالم آخر,"Aug 23, 2025",1161,0
2020-04-03,MaERVzdxaZQ,حفرة كتوصّل لعالم آخر,"Aug 23, 2025",1161,0
2020-04-04,MaERVzdxaZQ,حفرة كتوصّل لعالم آخر,"Aug 23, 2025",1161,0
2020-04-05,MaERVzdxaZQ,حفرة كتوصّل لعالم آخر,"Aug 23, 2025",1161,0
2020-04-06,MaERVzdxaZQ,حفرة كتوصّل لعالم آخر,"Aug 23, 2025",1161,0
2020-04-07,MaERVzdxaZQ,حفرة كتوصّل لعالم آخر,"Aug 23, 2025",1161,0
2020-04-08,MaERVzdxaZQ,حفرة كتوصّل لعالم آخر,"Aug 23, 2025",1161,0
2020-04-09,MaERVzdxaZQ,حفرة كتوصّل لعالم آخر,"Aug 23, 2025",1161,0
2020-04-10,MaERVzdxaZQ,حفرة كتوصّل لعالم آخر,"Aug 23, 2025",1161,0
2020-04-11,MaERVzdxaZQ,حفرة كتوصّل لعالم آخر,"Aug 23, 2025",1161,0
2020-04-12,MaERVzdxaZQ,حفرة كتوصّل لعالم آخر,"Aug 23, 2025",1161,0
2020-04-13,MaERVzdxaZQ,حفرة كتوصّل لعالم آخر,"Aug 23, 2025",1161,0
2020-04-14,MaERVzdxaZQ,حفرة كتوصّل لعالم آخر,"Aug 23, 2025",1161,0
2020-04-15,MaERVzdxaZQ,حفرة كتوصّل لعالم آخر,"Aug 23, 2025",1161,0
2020-04-16,MaERVzdxaZQ,حفرة كتوصّل لعالم آخر,"Aug 23, 2025",1161,0
2020-04-17,MaERVzdxaZQ,حفرة كتوصّل لعالم آخر,"Aug 23, 2025",1161,0
2020-04-18,MaERVzdxaZQ,حفرة كتوصّل لعالم آخر,"Aug 23, 2025",1161,0
2020-04-19,MaERVzdxaZQ,حفرة كتوصّل لعالم آخر,"Aug 23, 2025",1161,0
2020-04-20,MaERVzdxaZQ,حفرة كتوصّل لعالم آخر,"Aug 23, 2025",1161,0
2020-04-21,MaERVzdxaZQ,حفرة كتوصّل لعالم آخر,"Aug 23, 2025",1161,0
2020-04-22,MaERVzdxaZQ,حفرة كتوصّل لعالم آخر,"Aug 23, 2025",1161,0
2020-04-23,MaERVzdxaZQ,حفرة كتوصّل لعالم آخر,"Aug 23, 2025",1161,0
2020-04-24,MaERVzdxaZQ,حفرة كتوصّل لعالم آخر,"Aug 23, 2025",1161,0
2020-04-25,MaERVzdxaZQ,حفرة كتوصّل لعالم آخر,"Aug 23, 2025",1161,0
2020-04-26,MaERVzdxaZQ,حفرة كتوصّل لعالم آخر,"Aug 23, 2025",1161,0
2020-04-27,MaERVzdxaZQ,حفرة كتوصّل لعالم آخر,"Aug 23, 2025",1161,0
2020-04-28,MaERVzdxaZQ,حفرة كتوصّل لعالم آخر,"Aug 23, 2025",1161,0
2020-04-29,MaERVzdxaZQ,حفرة كتوصّل لعالم آخر,"Aug 23, 2025",1161,0
2020-04-30,MaERVzdxaZQ,حفرة كتوصّل لعالم آخر,"Aug 23, 2025",1161,0
2020-05-01,MaERVzdxaZQ,حفرة كتوصّل لعالم آخر,"Aug 23, 2025",1161,0
2020-05-02,MaERVzdxaZQ,حفرة كتوصّل لعالم آخر,"Aug 23, 2025",1161,0
2020-05-03,MaERVzdxaZQ,حفرة كتوصّل لعالم آخر,"Aug 23, 2025",1161,0
2020-05-04,MaERVzdxaZQ,حفرة كتوصّل لعالم آخر,"Aug 23, 2025",1161,0
2020-05-05,MaERVzdxaZQ,حفرة كتوصّل لعالم آخر,"Aug 23, 2025",1161,0
2020-05-06,MaERVzdxaZQ,حفرة كتوصّل لعالم آخر,"Aug 23, 2025",1161,0
2020-05-07,MaERVzdxaZQ,حفرة كتوصّل لعالم آخر,"Aug 23, 2025",1161,0
2020-05-08,MaERVzdxaZQ,حفرة كتوصّل لعالم آخر,"Aug 23, 2025",1161,0
2020-05-09,MaERVzdxaZQ,حفرة كتوصّل لعالم آخر,"Aug 23, 2025",1161,0
2020-05-10,MaERVzdxaZQ,حفرة كتوصّل لعالم آخر,"Aug 23, 2025",1161,0
2020-05-11,MaERVzdxaZQ,حفرة كتوصّل لعالم آخر,"Aug 23, 2025",1161,0
2020-05-12,MaERVzdxaZQ,حفرة كتوصّل لعالم آخر,"Aug 23, 2025",1161,0
2020-05-13,MaERVzdxaZQ,حفرة كتوصّل لعالم آخر,"Aug 23, 2025",1161,0
2020-05-14,MaERVzdxaZQ,حفرة كتوصّل لعالم آخر,"Aug 23, 2025",1161,0
2020-05-15,MaERVzdxaZQ,حفرة كتوصّل لعالم آخر,"Aug 23, 2025",1161,0
2020-05-16,MaERVzdxaZQ,حفرة كتوصّل لعالم آخر,"Aug 23, 2025",1161,0
2020-05-17,MaERVzdxaZQ,حفرة كتوصّل لعالم آخر,"Aug 23, 2025",1161,0
2020-05-18,MaERVzdxaZQ,حفرة كتوصّل لعالم آخر,"Aug 23, 2025",1161,0
2020-05-19,MaERVzdxaZQ,حفرة كتوصّل لعالم آخر,"Aug 23, 2025",1161,0
2020-05-20,MaERVzdxaZQ,حفرة كتوصّل لعالم آخر,"Aug 23, 2025",1161,0
2020-05-21,MaERVzdxaZQ,حفرة كتوصّل لعالم آخر,"Aug 23, 2025",1161,0
2020-05-22,MaERVzdxaZQ,حفرة كتوصّل لعالم آخر,"Aug 23, 2025",1161,0
2020-05-23,MaERVzdxaZQ,حفرة كتوصّل لعالم آخر,"Aug 23, 2025",1161,0
2020-05-24,MaERVzdxaZQ,حفرة كتوصّل لعالم آخر,"Aug 23, 2025",1161,0
2020-05-25,MaERVzdxaZQ,حفرة كتوصّل لعالم آخر,"Aug 23, 2025",1161,0
2020-05-26,MaERVzdxaZQ,حفرة كتوصّل لعالم آخر,"Aug 23, 2025",1161,0
2020-05-27,MaERVzdxaZQ,حفرة كتوصّل لعالم آخر,"Aug 23, 2025",1161,0
2020-05-28,MaERVzdxaZQ,حفرة كتوصّل لعالم آخر,"Aug 23, 2025",1161,0
2020-05-29,MaERVzdxaZQ,حفرة كتوصّل لعالم آخر,"Aug 23, 2025",1161,0
2020-05-30,MaERVzdxaZQ,حفرة كتوصّل لعالم آخر,"Aug 23, 2025",1161,0
2020-05-31,MaERVzdxaZQ,حفرة كتوصّل لعالم آخر,"Aug 23, 2025",1161,0
2020-06-01,MaERVzdxaZQ,حفرة كتوصّل لعالم آخر,"Aug 23, 2025",1161,0
2020-06-02,MaERVzdxaZQ,حفرة كتوصّل لعالم آخر,"Aug 23, 2025",1161,0
2020-06-03,MaERVzdxaZQ,حفرة كتوصّل لعالم آخر,"Aug 23, 2025",1161,0
2020-06-04,MaERVzdxaZQ,حفرة كتوصّل لعالم آخر,"Aug 23, 2025",1161,0
2020-06-05,MaERVzdxaZQ,حفرة كتوصّل لعالم آخر,"Aug 23, 2025",1161,0
2020-06-06,MaERVzdxaZQ,حفرة كتوصّل لعالم آخر,"Aug 23, 2025",1161,0
2020-06-07,MaERVzdxaZQ,حفرة كتوصّل لعالم آخر,"Aug 23, 2025",1161,0
2020-06-08,MaERVzdxaZQ,حفرة كتوصّل لعالم آخر,"Aug 23, 2025",1161,0
2020-06-09,MaERVzdxaZQ,حفرة كتوصّل لعالم آخر,"Aug 23, 2025",1161,0
2020-06-10,MaERVzdxaZQ,حفرة كتوصّل لعالم آخر,"Aug 23, 2025",1161,0
2020-06-11,MaERVzdxaZQ,حفرة كتوصّل لعالم آخر,"Aug 23, 2025",1161,0
2020-06-12,MaERVzdxaZQ,حفرة كتوصّل لعالم آخر,"Aug 23, 2025",1161,0
2020-06-13,MaERVzdxaZQ,حفرة كتوصّل لعالم آخر,"Aug 23, 2025",1161,0
2020-06-14,MaERVzdxaZQ,حفرة كتوصّل لعالم آخر,"Aug 23, 2025",1161,0
2020-06-15,MaERVzdxaZQ,حفرة كتوصّل لعالم آخر,"Aug 23, 2025",1161,0
2020-06-16,MaERVzdxaZQ,حفرة كتوصّل لعالم آخر,"Aug 23, 2025",1161,0
2020-06-17,MaERVzdxaZQ,حفرة كتوصّل لعالم آخر,"Aug 23, 2025",1161,0
2020-06-18,MaERVzdxaZQ,حفرة كتوصّل لعالم آخر,"Aug 23, 2025",1161,0
2020-06-19,MaERVzdxaZQ,حفرة كتوصّل لعالم آخر,"Aug 23, 2025",1161,0
2020-06-20,MaERVzdxaZQ,حفرة كتوصّل لعالم آخر,"Aug 23, 2025",1161,0
2020-06-21,MaERVzdxaZQ,حفرة كتوصّل لعالم آخر,"Aug 23, 2025",1161,0
2020-06-22,MaERVzdxaZQ,حفرة كتوصّل لعالم آخر,"Aug 23, 2025",1161,0
2020-06-23,MaERVzdxaZQ,حفرة كتوصّل لعالم آخر,"Aug 23, 2025",1161,0
2020-06-24,MaERVzdxaZQ,حفرة كتوصّل لعالم آخر,"Aug 23, 2025",1161,0
2020-06-25,MaERVzdxaZQ,حفرة كتوصّل لعالم آخر,"Aug 23, 2025",1161,0
2020-06-26,MaERVzdxaZQ,حفرة كتوصّل لعالم آخر,"Aug 23, 2025",1161,0
2020-06-27,MaERVzdxaZQ,حفرة كتوصّل لعالم آخر,"Aug 23, 2025",1161,0
2020-06-28,MaERVzdxaZQ,حفرة كتوصّل لعالم آخر,"Aug 23, 2025",1161,0
2020-06-29,MaERVzdxaZQ,حفرة كتوصّل لعالم آخر,"Aug 23, 2025",1161,0
2020-06-30,MaERVzdxaZQ,حفرة كتوصّل لعالم آخر,"Aug 23, 2025",1161,0
2020-07-01,MaERVzdxaZQ,حفرة كتوصّل لعالم آخر,"Aug 23, 2025",1161,0
2020-07-02,MaERVzdxaZQ,حفرة كتوصّل لعالم آخر,"Aug 23, 2025",1161,0
2020-07-03,MaERVzdxaZQ,حفرة كتوصّل لعالم آخر,"Aug 23, 2025",1161,0
2020-07-04,MaERVzdxaZQ,حفرة كتوصّل لعالم آخر,"Aug 23, 2025",1161,0
2020-07-05,MaERVzdxaZQ,حفرة كتوصّل لعالم آخر,"Aug 23, 2025",1161,0
2020-07-06,MaERVzdxaZQ,حفرة كتوصّل لعالم آخر,"Aug 23, 2025",1161,0
2020-07-07,MaERVzdxaZQ,حفرة كتوصّل لعالم آخر,"Aug 23, 2025",1161,0
2020-07-08,MaERVzdxaZQ,حفرة كتوصّل لعالم آخر,"Aug 23, 2025",1161,0
2020-07-09,MaERVzdxaZQ,حفرة كتوصّل لعالم آخر,"Aug 23, 2025",1161,0
2020-07-10,MaERVzdxaZQ,حفرة كتوصّل لعالم آخر,"Aug 23, 2025",1161,0
2020-07-11,MaERVzdxaZQ,حفرة كتوصّل لعالم آخر,"Aug 23, 2025",1161,0
2020-07-12,MaERVzdxaZQ,حفرة كتوصّل لعالم آخر,"Aug 23, 2025",1161,0
2020-07-13,MaERVzdxaZQ,حفرة كتوصّل لعالم آخر,"Aug 23, 2025",1161,0
2020-07-14,MaERVzdxaZQ,حفرة كتوصّل لعالم آخر,"Aug 23, 2025",1161,0
2020-07-15,MaERVzdxaZQ,حفرة كتوصّل لعالم آخر,"Aug 23, 2025",1161,0
2020-07-16,MaERVzdxaZQ,حفرة كتوصّل لعالم آخر,"Aug 23, 2025",1161,0
2020-07-17,MaERVzdxaZQ,حفرة كتوصّل لعالم آخر,"Aug 23, 2025",1161,0
2020-07-18,MaERVzdxaZQ,حفرة كتوصّل لعالم آخر,"Aug 23, 2025",1161,0
2020-07-19,MaERVzdxaZQ,حفرة كتوصّل لعالم آخر,"Aug 23, 2025",1161,0
2020-07-20,MaERVzdxaZQ,حفرة كتوصّل لعالم آخر,"Aug 23, 2025",1161,0
2020-07-21,MaERVzdxaZQ,حفرة كتوصّل لعالم آخر,"Aug 23, 2025",1161,0
2020-07-22,MaERVzdxaZQ,حفرة كتوصّل لعالم آخر,"Aug 23, 2025",1161,0
2020-07-23,MaERVzdxaZQ,حفرة كتوصّل لعالم آخر,"Aug 23, 2025",1161,0
2020-07-24,MaERVzdxaZQ,حفرة كتوصّل لعالم آخر,"Aug 23, 2025",1161,0
2020-07-25,MaERVzdxaZQ,حفرة كتوصّل لعالم آخر,"Aug 23, 2025",1161,0
2020-07-26,MaERVzdxaZQ,حفرة كتوصّل لعالم آخر,"Aug 23, 2025",1161,0
2020-07-27,MaERVzdxaZQ,حفرة كتوصّل لعالم آخر,"Aug 23, 2025",1161,0
2020-07-28,MaERVzdxaZQ,حفرة كتوصّل لعالم آخر,"Aug 23, 2025",1161,0
2020-07-29,MaERVzdxaZQ,حفرة كتوصّل لعالم آخر,"Aug 23, 2025",1161,0
2020-07-30,MaERVzdxaZQ,حفرة كتوصّل لعالم آخر,"Aug 23, 2025",1161,0
2020-07-31,MaERVzdxaZQ,حفرة كتوصّل لعالم آخر,"Aug 23, 2025",1161,0
2020-08-01,MaERVzdxaZQ,حفرة كتوصّل لعالم آخر,"Aug 23, 2025",1161,0
2020-08-02,MaERVzdxaZQ,حفرة كتوصّل لعالم آخر,"Aug 23, 2025",1161,0
2020-08-03,MaERVzdxaZQ,حفرة كتوصّل لعالم آخر,"Aug 23, 2025",1161,0
2020-08-04,MaERVzdxaZQ,حفرة كتوصّل لعالم آخر,"Aug 23, 2025",1161,0
2020-08-05,MaERVzdxaZQ,حفرة كتوصّل لعالم آخر,"Aug 23, 2025",1161,0
2020-08-06,MaERVzdxaZQ,حفرة كتوصّل لعالم آخر,"Aug 23, 2025",1161,0
2020-08-07,MaERVzdxaZQ,حفرة كتوصّل لعالم آخر,"Aug 23, 2025",1161,0
2020-08-08,MaERVzdxaZQ,حفرة كتوصّل لعالم آخر,"Aug 23, 2025",1161,0
2020-08-09,MaERVzdxaZQ,حفرة كتوصّل لعالم آخر,"Aug 23, 2025",1161,0
2020-08-10,MaERVzdxaZQ,حفرة كتوصّل لعالم آخر,"Aug 23, 2025",1161,0
2020-08-11,MaERVzdxaZQ,حفرة كتوصّل لعالم آخر,"Aug 23, 2025",1161,0
2020-08-12,MaERVzdxaZQ,حفرة كتوصّل لعالم آخر,"Aug 23, 2025",1161,0
2020-08-13,MaERVzdxaZQ,حفرة كتوصّل لعالم آخر,"Aug 23, 2025",1161,0
2020-08-14,MaERVzdxaZQ,حفرة كتوصّل لعالم آخر,"Aug 23, 2025",1161,0
2020-08-15,MaERVzdxaZQ,حفرة كتوصّل لعالم آخر,"Aug 23, 2025",1161,0
2020-08-16,MaERVzdxaZQ,حفرة كتوصّل لعالم آخر,"Aug 23, 2025",1161,0
2020-08-17,MaERVzdxaZQ,حفرة كتوصّل لعالم آخر,"Aug 23, 2025",1161,0
2020-08-18,MaERVzdxaZQ,حفرة كتوصّل لعالم آخر,"Aug 23, 2025",1161,0
2020-08-19,MaERVzdxaZQ,حفرة كتوصّل لعالم آخر,"Aug 23, 2025",1161,0
2020-08-20,MaERVzdxaZQ,حفرة كتوصّل لعالم آخر,"Aug 23, 2025",1161,0
2020-08-21,MaERVzdxaZQ,حفرة كتوصّل لعالم آخر,"Aug 23, 2025",1161,0
2020-08-22,MaERVzdxaZQ,حفرة كتوصّل لعالم آخر,"Aug 23, 2025",1161,0
2020-08-23,MaERVzdxaZQ,حفرة كتوصّل لعالم آخر,"Aug 23, 2025",1161,0
2020-08-24,MaERVzdxaZQ,حفرة كتوصّل لعالم آخر,"Aug 23, 2025",1161,0
2020-08-25,MaERVzdxaZQ,حفرة كتوصّل لعالم آخر,"Aug 23, 2025",1161,0
2020-08-26,MaERVzdxaZQ,حفرة كتوصّل لعالم آخر,"Aug 23, 2025",1161,0
2020-08-27,MaERVzdxaZQ,حفرة كتوصّل لعالم آخر,"Aug 23, 2025",1161,0
2020-08-28,MaERVzdxaZQ,حفرة كتوصّل لعالم آخر,"Aug 23, 2025",1161,0
2020-08-29,MaERVzdxaZQ,حفرة كتوصّل لعالم آخر,"Aug 23, 2025",1161,0
2020-08-30,MaERVzdxaZQ,حفرة كتوصّل لعالم آخر,"Aug 23, 2025",1161,0
2020-08-31,MaERVzdxaZQ,حفرة كتوصّل لعالم آخر,"Aug 23, 2025",1161,0
2020-09-01,MaERVzdxaZQ,حفرة كتوصّل لعالم آخر,"Aug 23, 2025",1161,0
2020-09-02,MaERVzdxaZQ,حفرة كتوصّل لعالم آخر,"Aug 23, 2025",1161,0
2020-09-03,MaERVzdxaZQ,حفرة كتوصّل لعالم آخر,"Aug 23, 2025",1161,0
2020-09-04,MaERVzdxaZQ,حفرة كتوصّل لعالم آخر,"Aug 23, 2025",1161,0
2020-09-05,MaERVzdxaZQ,حفرة كتوصّل لعالم آخر,"Aug 23, 2025",1161,0
2020-09-06,MaERVzdxaZQ,حفرة كتوصّل لعالم آخر,"Aug 23, 2025",1161,0
2020-09-07,MaERVzdxaZQ,حفرة كتوصّل لعالم آخر,"Aug 23, 2025",1161,0
2020-09-08,MaERVzdxaZQ,حفرة كتوصّل لعالم آخر,"Aug 23, 2025",1161,0
2020-09-09,MaERVzdxaZQ,حفرة كتوصّل لعالم آخر,"Aug 23, 2025",1161,0
2020-09-10,MaERVzdxaZQ,حفرة كتوصّل لعالم آخر,"Aug 23, 2025",1161,0
2020-09-11,MaERVzdxaZQ,حفرة كتوصّل لعالم آخر,"Aug 23, 2025",1161,0
2020-09-12,MaERVzdxaZQ,حفرة كتوصّل لعالم آخر,"Aug 23, 2025",1161,0
2020-09-13,MaERVzdxaZQ,حفرة كتوصّل لعالم آخر,"Aug 23, 2025",1161,0
2020-09-14,MaERVzdxaZQ,حفرة كتوصّل لعالم آخر,"Aug 23, 2025",1161,0
2020-09-15,MaERVzdxaZQ,حفرة كتوصّل لعالم آخر,"Aug 23, 2025",1161,0
2020-09-16,MaERVzdxaZQ,حفرة كتوصّل لعالم آخر,"Aug 23, 2025",1161,0
2020-09-17,MaERVzdxaZQ,حفرة كتوصّل لعالم آخر,"Aug 23, 2025",1161,0
2020-09-18,MaERVzdxaZQ,حفرة كتوصّل لعالم آخر,"Aug 23, 2025",1161,0
2020-09-19,MaERVzdxaZQ,حفرة كتوصّل لعالم آخر,"Aug 23, 2025",1161,0
2020-09-20,MaERVzdxaZQ,حفرة كتوصّل لعالم آخر,"Aug 23, 2025",1161,0
2020-09-21,MaERVzdxaZQ,حفرة كتوصّل لعالم آخر,"Aug 23, 2025",1161,0
2020-09-22,MaERVzdxaZQ,حفرة كتوصّل لعالم آخر,"Aug 23, 2025",1161,0
2020-09-23,MaERVzdxaZQ,حفرة كتوصّل لعالم آخر,"Aug 23, 2025",1161,0
2020-09-24,MaERVzdxaZQ,حفرة كتوصّل لعالم آخر,"Aug 23, 2025",1161,0
2020-09-25,MaERVzdxaZQ,حفرة كتوصّل لعالم آخر,"Aug 23, 2025",1161,0
2020-09-26,MaERVzdxaZQ,حفرة كتوصّل لعالم آخر,"Aug 23, 2025",1161,0
2020-09-27,MaERVzdxaZQ,حفرة كتوصّل لعالم آخر,"Aug 23, 2025",1161,0
2020-09-28,MaERVzdxaZQ,حفرة كتوصّل لعالم آخر,"Aug 23, 2025",1161,0
2020-09-29,MaERVzdxaZQ,حفرة كتوصّل لعالم آخر,"Aug 23, 2025",1161,0
2020-09-30,MaERVzdxaZQ,حفرة كتوصّل لعالم آخر,"Aug 23, 2025",1161,0
2020-10-01,MaERVzdxaZQ,حفرة كتوصّل لعالم آخر,"Aug 23, 2025",1161,0
2020-10-02,MaERVzdxaZQ,حفرة كتوصّل لعالم آخر,"Aug 23, 2025",1161,0
2020-10-03,MaERVzdxaZQ,حفرة كتوصّل لعالم آخر,"Aug 23, 2025",1161,0
2020-10-04,MaERVzdxaZQ,حفرة كتوصّل لعالم آخر,"Aug 23, 2025",1161,0
2020-10-05,MaERVzdxaZQ,حفرة كتوصّل لعالم آخر,"Aug 23, 2025",1161,0
2020-10-06,MaERVzdxaZQ,حفرة كتوصّل لعالم آخر,"Aug 23, 2025",1161,0
2020-10-07,MaERVzdxaZQ,حفرة كتوصّل لعالم آخر,"Aug 23, 2025",1161,0
2020-10-08,MaERVzdxaZQ,حفرة كتوصّل لعالم آخر,"Aug 23, 2025",1161,0
2020-10-09,MaERVzdxaZQ,حفرة كتوصّل لعالم آخر,"Aug 23, 2025",1161,0
2020-10-10,MaERVzdxaZQ,حفرة كتوصّل لعالم آخر,"Aug 23, 2025",1161,0
2020-10-11,MaERVzdxaZQ,حفرة كتوصّل لعالم آخر,"Aug 23, 2025",1161,0
2020-10-12,MaERVzdxaZQ,حفرة كتوصّل لعالم آخر,"Aug 23, 2025",1161,0
2020-10-13,MaERVzdxaZQ,حفرة كتوصّل لعالم آخر,"Aug 23, 2025",1161,0
2020-10-14,MaERVzdxaZQ,حفرة كتوصّل لعالم آخر,"Aug 23, 2025",1161,0
2020-10-15,MaERVzdxaZQ,حفرة كتوصّل لعالم آخر,"Aug 23, 2025",1161,0
2020-10-16,MaERVzdxaZQ,حفرة كتوصّل لعالم آخر,"Aug 23, 2025",1161,0
2020-10-17,MaERVzdxaZQ,حفرة كتوصّل لعالم آخر,"Aug 23, 2025",1161,0
2020-10-18,MaERVzdxaZQ,حفرة كتوصّل لعالم آخر,"Aug 23, 2025",1161,0
2020-10-19,MaERVzdxaZQ,حفرة كتوصّل لعالم آخر,"Aug 23, 2025",1161,0
2020-10-20,MaERVzdxaZQ,حفرة كتوصّل لعالم آخر,"Aug 23, 2025",1161,0
2020-10-21,MaERVzdxaZQ,حفرة كتوصّل لعالم آخر,"Aug 23, 2025",1161,0
2020-10-22,MaERVzdxaZQ,حفرة كتوصّل لعالم آخر,"Aug 23, 2025",1161,0
2020-10-23,MaERVzdxaZQ,حفرة كتوصّل لعالم آخر,"Aug 23, 2025",1161,0
2020-10-24,MaERVzdxaZQ,حفرة كتوصّل لعالم آخر,"Aug 23, 2025",1161,0
2020-10-25,MaERVzdxaZQ,حفرة كتوصّل لعالم آخر,"Aug 23, 2025",1161,0
2020-10-26,MaERVzdxaZQ,حفرة كتوصّل لعالم آخر,"Aug 23, 2025",1161,0
2020-10-27,MaERVzdxaZQ,حفرة كتوصّل لعالم آخر,"Aug 23, 2025",1161,0
2020-10-28,MaERVzdxaZQ,حفرة كتوصّل لعالم آخر,"Aug 23, 2025",1161,0
2020-10-29,MaERVzdxaZQ,حفرة كتوصّل لعالم آخر,"Aug 23, 2025",1161,0
2020-10-30,MaERVzdxaZQ,حفرة كتوصّل لعالم آخر,"Aug 23, 2025",1161,0
2020-10-31,MaERVzdxaZQ,حفرة كتوصّل لعالم آخر,"Aug 23, 2025",1161,0
2020-11-01,MaERVzdxaZQ,حفرة كتوصّل لعالم آخر,"Aug 23, 2025",1161,0
2020-11-02,MaERVzdxaZQ,حفرة كتوصّل لعالم آخر,"Aug 23, 2025",1161,0
2020-11-03,MaERVzdxaZQ,حفرة كتوصّل لعالم آخر,"Aug 23, 2025",1161,0
2020-11-04,MaERVzdxaZQ,حفرة كتوصّل لعالم آخر,"Aug 23, 2025",1161,0
2020-11-05,MaERVzdxaZQ,حفرة كتوصّل لعالم آخر,"Aug 23, 2025",1161,0
2020-11-06,MaERVzdxaZQ,حفرة كتوصّل لعالم آخر,"Aug 23, 2025",1161,0
2020-11-07,MaERVzdxaZQ,حفرة كتوصّل لعالم آخر,"Aug 23, 2025",1161,0
2020-11-08,MaERVzdxaZQ,حفرة كتوصّل لعالم آخر,"Aug 23, 2025",1161,0
2020-11-09,MaERVzdxaZQ,حفرة كتوصّل لعالم آخر,"Aug 23, 2025",1161,0
2020-11-10,MaERVzdxaZQ,حفرة كتوصّل لعالم آخر,"Aug 23, 2025",1161,0
2020-11-11,MaERVzdxaZQ,حفرة كتوصّل لعالم آخر,"Aug 23, 2025",1161,0
2020-11-12,MaERVzdxaZQ,حفرة كتوصّل لعالم آخر,"Aug 23, 2025",1161,0
2020-11-13,MaERVzdxaZQ,حفرة كتوصّل لعالم آخر,"Aug 23, 2025",1161,0
2020-11-14,MaERVzdxaZQ,حفرة كتوصّل لعالم آخر,"Aug 23, 2025",1161,0
2020-11-15,MaERVzdxaZQ,حفرة كتوصّل لعالم آخر,"Aug 23, 2025",1161,0
2020-11-16,MaERVzdxaZQ,حفرة كتوصّل لعالم آخر,"Aug 23, 2025",1161,0
2020-11-17,MaERVzdxaZQ,حفرة كتوصّل لعالم آخر,"Aug 23, 2025",1161,0
2020-11-18,MaERVzdxaZQ,حفرة كتوصّل لعالم آخر,"Aug 23, 2025",1161,0
2020-11-19,MaERVzdxaZQ,حفرة كتوصّل لعالم آخر,"Aug 23, 2025",1161,0
2020-11-20,MaERVzdxaZQ,حفرة كتوصّل لعالم آخر,"Aug 23, 2025",1161,0
2020-11-21,MaERVzdxaZQ,حفرة كتوصّل لعالم آخر,"Aug 23, 2025",1161,0
2020-11-22,MaERVzdxaZQ,حفرة كتوصّل لعالم آخر,"Aug 23, 2025",1161,0
2020-11-23,MaERVzdxaZQ,حفرة كتوصّل لعالم آخر,"Aug 23, 2025",1161,0
2020-11-24,MaERVzdxaZQ,حفرة كتوصّل لعالم آخر,"Aug 23, 2025",1161,0
2020-11-25,MaERVzdxaZQ,حفرة كتوصّل لعالم آخر,"Aug 23, 2025",1161,0
2020-11-26,MaERVzdxaZQ,حفرة كتوصّل لعالم آخر,"Aug 23, 2025",1161,0
2020-11-27,MaERVzdxaZQ,حفرة كتوصّل لعالم آخر,"Aug 23, 2025",1161,0
2020-11-28,MaERVzdxaZQ,حفرة كتوصّل لعالم آخر,"Aug 23, 2025",1161,0
2020-11-29,MaERVzdxaZQ,حفرة كتوصّل لعالم آخر,"Aug 23, 2025",1161,0
2020-11-30,MaERVzdxaZQ,حفرة كتوصّل لعالم آخر,"Aug 23, 2025",1161,0
2020-12-01,MaERVzdxaZQ,حفرة كتوصّل لعالم آخر,"Aug 23, 2025",1161,0
2020-12-02,MaERVzdxaZQ,حفرة كتوصّل لعالم آخر,"Aug 23, 2025",1161,0
2020-12-03,MaERVzdxaZQ,حفرة كتوصّل لعالم آخر,"Aug 23, 2025",1161,0
2020-12-04,MaERVzdxaZQ,حفرة كتوصّل لعالم آخر,"Aug 23, 2025",1161,0
2020-12-05,MaERVzdxaZQ,حفرة كتوصّل لعالم آخر,"Aug 23, 2025",1161,0
2020-12-06,MaERVzdxaZQ,حفرة كتوصّل لعالم آخر,"Aug 23, 2025",1161,0
2020-12-07,MaERVzdxaZQ,حفرة كتوصّل لعالم آخر,"Aug 23, 2025",1161,0
2020-12-08,MaERVzdxaZQ,حفرة كتوصّل لعالم آخر,"Aug 23, 2025",1161,0
2020-12-09,MaERVzdxaZQ,حفرة كتوصّل لعالم آخر,"Aug 23, 2025",1161,0
2020-12-10,MaERVzdxaZQ,حفرة كتوصّل لعالم آخر,"Aug 23, 2025",1161,0
2020-12-11,MaERVzdxaZQ,حفرة كتوصّل لعالم آخر,"Aug 23, 2025",1161,0
2020-12-12,MaERVzdxaZQ,حفرة كتوصّل لعالم آخر,"Aug 23, 2025",1161,0
2020-12-13,MaERVzdxaZQ,حفرة كتوصّل لعالم آخر,"Aug 23, 2025",1161,0
2020-12-14,MaERVzdxaZQ,حفرة كتوصّل لعالم آخر,"Aug 23, 2025",1161,0
2020-12-15,MaERVzdxaZQ,حفرة كتوصّل لعالم آخر,"Aug 23, 2025",1161,0
2020-12-16,MaERVzdxaZQ,حفرة كتوصّل لعالم آخر,"Aug 23, 2025",1161,0
2020-12-17,MaERVzdxaZQ,حفرة كتوصّل لعالم آخر,"Aug 23, 2025",1161,0
2020-12-18,MaERVzdxaZQ,حفرة كتوصّل لعالم آخر,"Aug 23, 2025",1161,0
2020-12-19,MaERVzdxaZQ,حفرة كتوصّل لعالم آخر,"Aug 23, 2025",1161,0
2020-12-20,MaERVzdxaZQ,حفرة كتوصّل لعالم آخر,"Aug 23, 2025",1161,0
2020-12-21,MaERVzdxaZQ,حفرة كتوصّل لعالم آخر,"Aug 23, 2025",1161,0
2020-12-22,MaERVzdxaZQ,حفرة كتوصّل لعالم آخر,"Aug 23, 2025",1161,0
2020-12-23,MaERVzdxaZQ,حفرة كتوصّل لعالم آخر,"Aug 23, 2025",1161,0
2020-12-24,MaERVzdxaZQ,حفرة كتوصّل لعالم آخر,"Aug 23, 2025",1161,0
2020-12-25,MaERVzdxaZQ,حفرة كتوصّل لعالم آخر,"Aug 23, 2025",1161,0
2020-12-26,MaERVzdxaZQ,حفرة كتوصّل لعالم آخر,"Aug 23, 2025",1161,0
2020-12-27,MaERVzdxaZQ,حفرة كتوصّل لعالم آخر,"Aug 23, 2025",1161,0
2020-12-28,MaERVzdxaZQ,حفرة كتوصّل لعالم آخر,"Aug 23, 2025",1161,0
2020-12-29,MaERVzdxaZQ,حفرة كتوصّل لعالم آخر,"Aug 23, 2025",1161,0
2020-12-30,MaERVzdxaZQ,حفرة كتوصّل لعالم آخر,"Aug 23, 2025",1161,0
2020-12-31,MaERVzdxaZQ,حفرة كتوصّل لعالم آخر,"Aug 23, 2025",1161,0
2021-01-01,MaERVzdxaZQ,حفرة كتوصّل لعالم آخر,"Aug 23, 2025",1161,0
2021-01-02,MaERVzdxaZQ,حفرة كتوصّل لعالم آخر,"Aug 23, 2025",1161,0
2021-01-03,MaERVzdxaZQ,حفرة كتوصّل لعالم آخر,"Aug 23, 2025",1161,0
2021-01-04,MaERVzdxaZQ,حفرة كتوصّل لعالم آخر,"Aug 23, 2025",1161,0
2021-01-05,MaERVzdxaZQ,حفرة كتوصّل لعالم آخر,"Aug 23, 2025",1161,0
2021-01-06,MaERVzdxaZQ,حفرة كتوصّل لعالم آخر,"Aug 23, 2025",1161,0
2021-01-07,MaERVzdxaZQ,حفرة كتوصّل لعالم آخر,"Aug 23, 2025",1161,0
2021-01-08,MaERVzdxaZQ,حفرة كتوصّل لعالم آخر,"Aug 23, 2025",1161,0
2021-01-09,MaERVzdxaZQ,حفرة كتوصّل لعالم آخر,"Aug 23, 2025",1161,0
2021-01-10,MaERVzdxaZQ,حفرة كتوصّل لعالم آخر,"Aug 23, 2025",1161,0
2021-01-11,MaERVzdxaZQ,حفرة كتوصّل لعالم آخر,"Aug 23, 2025",1161,0
2021-01-12,MaERVzdxaZQ,حفرة كتوصّل لعالم آخر,"Aug 23, 2025",1161,0
2021-01-13,MaERVzdxaZQ,حفرة كتوصّل لعالم آخر,"Aug 23, 2025",1161,0
2021-01-14,MaERVzdxaZQ,حفرة كتوصّل لعالم آخر,"Aug 23, 2025",1161,0
2021-01-15,MaERVzdxaZQ,حفرة كتوصّل لعالم آخر,"Aug 23, 2025",1161,0
2021-01-16,MaERVzdxaZQ,حفرة كتوصّل لعالم آخر,"Aug 23, 2025",1161,0
2021-01-17,MaERVzdxaZQ,حفرة كتوصّل لعالم آخر,"Aug 23, 2025",1161,0
2021-01-18,MaERVzdxaZQ,حفرة كتوصّل لعالم آخر,"Aug 23, 2025",1161,0
2021-01-19,MaERVzdxaZQ,حفرة كتوصّل لعالم آخر,"Aug 23, 2025",1161,0
2021-01-20,MaERVzdxaZQ,حفرة كتوصّل لعالم آخر,"Aug 23, 2025",1161,0
2021-01-21,MaERVzdxaZQ,حفرة كتوصّل لعالم آخر,"Aug 23, 2025",1161,0
2021-01-22,MaERVzdxaZQ,حفرة كتوصّل لعالم آخر,"Aug 23, 2025",1161,0
2021-01-23,MaERVzdxaZQ,حفرة كتوصّل لعالم آخر,"Aug 23, 2025",1161,0
2021-01-24,MaERVzdxaZQ,حفرة كتوصّل لعالم آخر,"Aug 23, 2025",1161,0
2021-01-25,MaERVzdxaZQ,حفرة كتوصّل لعالم آخر,"Aug 23, 2025",1161,0
2021-01-26,MaERVzdxaZQ,حفرة كتوصّل لعالم آخر,"Aug 23, 2025",1161,0
2021-01-27,MaERVzdxaZQ,حفرة كتوصّل لعالم آخر,"Aug 23, 2025",1161,0
2021-01-28,MaERVzdxaZQ,حفرة كتوصّل لعالم آخر,"Aug 23, 2025",1161,0
2021-01-29,MaERVzdxaZQ,حفرة كتوصّل لعالم آخر,"Aug 23, 2025",1161,0
2021-01-30,MaERVzdxaZQ,حفرة كتوصّل لعالم آخر,"Aug 23, 2025",1161,0
2021-01-31,MaERVzdxaZQ,حفرة كتوصّل لعالم آخر,"Aug 23, 2025",1161,0
2021-02-01,MaERVzdxaZQ,حفرة كتوصّل لعالم آخر,"Aug 23, 2025",1161,0
2021-02-02,MaERVzdxaZQ,حفرة كتوصّل لعالم آخر,"Aug 23, 2025",1161,0
2021-02-03,MaERVzdxaZQ,حفرة كتوصّل لعالم آخر,"Aug 23, 2025",1161,0
2021-02-04,MaERVzdxaZQ,حفرة كتوصّل لعالم آخر,"Aug 23, 2025",1161,0
2021-02-05,MaERVzdxaZQ,حفرة كتوصّل لعالم آخر,"Aug 23, 2025",1161,0
2021-02-06,MaERVzdxaZQ,حفرة كتوصّل لعالم آخر,"Aug 23, 2025",1161,0
2021-02-07,MaERVzdxaZQ,حفرة كتوصّل لعالم آخر,"Aug 23, 2025",1161,0
2021-02-08,MaERVzdxaZQ,حفرة كتوصّل لعالم آخر,"Aug 23, 2025",1161,0
2021-02-09,MaERVzdxaZQ,حفرة كتوصّل لعالم آخر,"Aug 23, 2025",1161,0
2021-02-10,MaERVzdxaZQ,حفرة كتوصّل لعالم آخر,"Aug 23, 2025",1161,0
2021-02-11,MaERVzdxaZQ,حفرة كتوصّل لعالم آخر,"Aug 23, 2025",1161,0
2021-02-12,MaERVzdxaZQ,حفرة كتوصّل لعالم آخر,"Aug 23, 2025",1161,0
2021-02-13,MaERVzdxaZQ,حفرة كتوصّل لعالم آخر,"Aug 23, 2025",1161,0
2021-02-14,MaERVzdxaZQ,حفرة كتوصّل لعالم آخر,"Aug 23, 2025",1161,0
2021-02-15,MaERVzdxaZQ,حفرة كتوصّل لعالم آخر,"Aug 23, 2025",1161,0
2021-02-16,MaERVzdxaZQ,حفرة كتوصّل لعالم آخر,"Aug 23, 2025",1161,0
2021-02-17,MaERVzdxaZQ,حفرة كتوصّل لعالم آخر,"Aug 23, 2025",1161,0
2021-02-18,MaERVzdxaZQ,حفرة كتوصّل لعالم آخر,"Aug 23, 2025",1161,0
2021-02-19,MaERVzdxaZQ,حفرة كتوصّل لعالم آخر,"Aug 23, 2025",1161,0
2021-02-20,MaERVzdxaZQ,حفرة كتوصّل لعالم آخر,"Aug 23, 2025",1161,0
2021-02-21,MaERVzdxaZQ,حفرة كتوصّل لعالم آخر,"Aug 23, 2025",1161,0
2021-02-22,MaERVzdxaZQ,حفرة كتوصّل لعالم آخر,"Aug 23, 2025",1161,0
2021-02-23,MaERVzdxaZQ,حفرة كتوصّل لعالم آخر,"Aug 23, 2025",1161,0
2021-02-24,MaERVzdxaZQ,حفرة كتوصّل لعالم آخر,"Aug 23, 2025",1161,0
2021-02-25,MaERVzdxaZQ,حفرة كتوصّل لعالم آخر,"Aug 23, 2025",1161,0
2021-02-26,MaERVzdxaZQ,حفرة كتوصّل لعالم آخر,"Aug 23, 2025",1161,0
2021-02-27,MaERVzdxaZQ,حفرة كتوصّل لعالم آخر,"Aug 23, 2025",1161,0
2021-02-28,MaERVzdxaZQ,حفرة كتوصّل لعالم آخر,"Aug 23, 2025",1161,0
2021-03-01,MaERVzdxaZQ,حفرة كتوصّل لعالم آخر,"Aug 23, 2025",1161,0
2021-03-02,MaERVzdxaZQ,حفرة كتوصّل لعالم آخر,"Aug 23, 2025",1161,0
2021-03-03,MaERVzdxaZQ,حفرة كتوصّل لعالم آخر,"Aug 23, 2025",1161,0
2021-03-04,MaERVzdxaZQ,حفرة كتوصّل لعالم آخر,"Aug 23, 2025",1161,0
2021-03-05,MaERVzdxaZQ,حفرة كتوصّل لعالم آخر,"Aug 23, 2025",1161,0
2021-03-06,MaERVzdxaZQ,حفرة كتوصّل لعالم آخر,"Aug 23, 2025",1161,0
2021-03-07,MaERVzdxaZQ,حفرة كتوصّل لعالم آخر,"Aug 23, 2025",1161,0
2021-03-08,MaERVzdxaZQ,حفرة كتوصّل لعالم آخر,"Aug 23, 2025",1161,0
2021-03-09,MaERVzdxaZQ,حفرة كتوصّل لعالم آخر,"Aug 23, 2025",1161,0
2021-03-10,MaERVzdxaZQ,حفرة كتوصّل لعالم آخر,"Aug 23, 2025",1161,0
2021-03-11,MaERVzdxaZQ,حفرة كتوصّل لعالم آخر,"Aug 23, 2025",1161,0
2021-03-12,MaERVzdxaZQ,حفرة كتوصّل لعالم آخر,"Aug 23, 2025",1161,0
2021-03-13,MaERVzdxaZQ,حفرة كتوصّل لعالم آخر,"Aug 23, 2025",1161,0
2021-03-14,MaERVzdxaZQ,حفرة كتوصّل لعالم آخر,"Aug 23, 2025",1161,0
2021-03-15,MaERVzdxaZQ,حفرة كتوصّل لعالم آخر,"Aug 23, 2025",1161,0
2021-03-16,MaERVzdxaZQ,حفرة كتوصّل لعالم آخر,"Aug 23, 2025",1161,0
2021-03-17,MaERVzdxaZQ,حفرة كتوصّل لعالم آخر,"Aug 23, 2025",1161,0
2021-03-18,MaERVzdxaZQ,حفرة كتوصّل لعالم آخر,"Aug 23, 2025",1161,0
2021-03-19,MaERVzdxaZQ,حفرة كتوصّل لعالم آخر,"Aug 23, 2025",1161,0
2021-03-20,MaERVzdxaZQ,حفرة كتوصّل لعالم آخر,"Aug 23, 2025",1161,0
2021-03-21,MaERVzdxaZQ,حفرة كتوصّل لعالم آخر,"Aug 23, 2025",1161,0
2021-03-22,MaERVzdxaZQ,حفرة كتوصّل لعالم آخر,"Aug 23, 2025",1161,0
2021-03-23,MaERVzdxaZQ,حفرة كتوصّل لعالم آخر,"Aug 23, 2025",1161,0
2021-03-24,MaERVzdxaZQ,حفرة كتوصّل لعالم آخر,"Aug 23, 2025",1161,0
2021-03-25,MaERVzdxaZQ,حفرة كتوصّل لعالم آخر,"Aug 23, 2025",1161,0
2021-03-26,MaERVzdxaZQ,حفرة كتوصّل لعالم آخر,"Aug 23, 2025",1161,0
2021-03-27,MaERVzdxaZQ,حفرة كتوصّل لعالم آخر,"Aug 23, 2025",1161,0
2021-03-28,MaERVzdxaZQ,حفرة كتوصّل لعالم آخر,"Aug 23, 2025",1161,0
2021-03-29,MaERVzdxaZQ,حفرة كتوصّل لعالم آخر,"Aug 23, 2025",1161,0
2021-03-30,MaERVzdxaZQ,حفرة كتوصّل لعالم آخر,"Aug 23, 2025",1161,0
2021-03-31,MaERVzdxaZQ,حفرة كتوصّل لعالم آخر,"Aug 23, 2025",1161,0
2021-04-01,MaERVzdxaZQ,حفرة كتوصّل لعالم آخر,"Aug 23, 2025",1161,0
2021-04-02,MaERVzdxaZQ,حفرة كتوصّل لعالم آخر,"Aug 23, 2025",1161,0
2021-04-03,MaERVzdxaZQ,حفرة كتوصّل لعالم آخر,"Aug 23, 2025",1161,0
2021-04-04,MaERVzdxaZQ,حفرة كتوصّل لعالم آخر,"Aug 23, 2025",1161,0
2021-04-05,MaERVzdxaZQ,حفرة كتوصّل لعالم آخر,"Aug 23, 2025",1161,0
2021-04-06,MaERVzdxaZQ,حفرة كتوصّل لعالم آخر,"Aug 23, 2025",1161,0
2021-04-07,MaERVzdxaZQ,حفرة كتوصّل لعالم آخر,"Aug 23, 2025",1161,0
2021-04-08,MaERVzdxaZQ,حفرة كتوصّل لعالم آخر,"Aug 23, 2025",1161,0
2021-04-09,MaERVzdxaZQ,حفرة كتوصّل لعالم آخر,"Aug 23, 2025",1161,0
2021-04-10,MaERVzdxaZQ,حفرة كتوصّل لعالم آخر,"Aug 23, 2025",1161,0
2021-04-11,MaERVzdxaZQ,حفرة كتوصّل لعالم آخر,"Aug 23, 2025",1161,0
2021-04-12,MaERVzdxaZQ,حفرة كتوصّل لعالم آخر,"Aug 23, 2025",1161,0
2021-04-13,MaERVzdxaZQ,حفرة كتوصّل لعالم آخر,"Aug 23, 2025",1161,0
2021-04-14,MaERVzdxaZQ,حفرة كتوصّل لعالم آخر,"Aug 23, 2025",1161,0
2021-04-15,MaERVzdxaZQ,حفرة كتوصّل لعالم آخر,"Aug 23, 2025",1161,0
2021-04-16,MaERVzdxaZQ,حفرة كتوصّل لعالم آخر,"Aug 23, 2025",1161,0
2021-04-17,MaERVzdxaZQ,حفرة كتوصّل لعالم آخر,"Aug 23, 2025",1161,0
2021-04-18,MaERVzdxaZQ,حفرة كتوصّل لعالم آخر,"Aug 23, 2025",1161,0
2021-04-19,MaERVzdxaZQ,حفرة كتوصّل لعالم آخر,"Aug 23, 2025",1161,0
2021-04-20,MaERVzdxaZQ,حفرة كتوصّل لعالم آخر,"Aug 23, 2025",1161,0
2021-04-21,MaERVzdxaZQ,حفرة كتوصّل لعالم آخر,"Aug 23, 2025",1161,0
2021-04-22,MaERVzdxaZQ,حفرة كتوصّل لعالم آخر,"Aug 23, 2025",1161,0
2021-04-23,MaERVzdxaZQ,حفرة كتوصّل لعالم آخر,"Aug 23, 2025",1161,0
2021-04-24,MaERVzdxaZQ,حفرة كتوصّل لعالم آخر,"Aug 23, 2025",1161,0
2021-04-25,MaERVzdxaZQ,حفرة كتوصّل لعالم آخر,"Aug 23, 2025",1161,0
2021-04-26,MaERVzdxaZQ,حفرة كتوصّل لعالم آخر,"Aug 23, 2025",1161,0
2021-04-27,MaERVzdxaZQ,حفرة كتوصّل لعالم آخر,"Aug 23, 2025",1161,0
2021-04-28,MaERVzdxaZQ,حفرة كتوصّل لعالم آخر,"Aug 23, 2025",1161,0
2021-04-29,MaERVzdxaZQ,حفرة كتوصّل لعالم آخر,"Aug 23, 2025",1161,0
2021-04-30,MaERVzdxaZQ,حفرة كتوصّل لعالم آخر,"Aug 23, 2025",1161,0
2021-05-01,MaERVzdxaZQ,حفرة كتوصّل لعالم آخر,"Aug 23, 2025",1161,0
2021-05-02,MaERVzdxaZQ,حفرة كتوصّل لعالم آخر,"Aug 23, 2025",1161,0
2021-05-03,MaERVzdxaZQ,حفرة كتوصّل لعالم آخر,"Aug 23, 2025",1161,0
2021-05-04,MaERVzdxaZQ,حفرة كتوصّل لعالم آخر,"Aug 23, 2025",1161,0
2021-05-05,MaERVzdxaZQ,حفرة كتوصّل لعالم آخر,"Aug 23, 2025",1161,0
2021-05-06,MaERVzdxaZQ,حفرة كتوصّل لعالم آخر,"Aug 23, 2025",1161,0
2021-05-07,MaERVzdxaZQ,حفرة كتوصّل لعالم آخر,"Aug 23, 2025",1161,0
2021-05-08,MaERVzdxaZQ,حفرة كتوصّل لعالم آخر,"Aug 23, 2025",1161,0
2021-05-09,MaERVzdxaZQ,حفرة كتوصّل لعالم آخر,"Aug 23, 2025",1161,0
2021-05-10,MaERVzdxaZQ,حفرة كتوصّل لعالم آخر,"Aug 23, 2025",1161,0
2021-05-11,MaERVzdxaZQ,حفرة كتوصّل لعالم آخر,"Aug 23, 2025",1161,0
2021-05-12,MaERVzdxaZQ,حفرة كتوصّل لعالم آخر,"Aug 23, 2025",1161,0
2021-05-13,MaERVzdxaZQ,حفرة كتوصّل لعالم آخر,"Aug 23, 2025",1161,0
2021-05-14,MaERVzdxaZQ,حفرة كتوصّل لعالم آخر,"Aug 23, 2025",1161,0
2021-05-15,MaERVzdxaZQ,حفرة كتوصّل لعالم آخر,"Aug 23, 2025",1161,0
2021-05-16,MaERVzdxaZQ,حفرة كتوصّل لعالم آخر,"Aug 23, 2025",1161,0
2021-05-17,MaERVzdxaZQ,حفرة كتوصّل لعالم آخر,"Aug 23, 2025",1161,0
2021-05-18,MaERVzdxaZQ,حفرة كتوصّل لعالم آخر,"Aug 23, 2025",1161,0
2021-05-19,MaERVzdxaZQ,حفرة كتوصّل لعالم آخر,"Aug 23, 2025",1161,0
2021-05-20,MaERVzdxaZQ,حفرة كتوصّل لعالم آخر,"Aug 23, 2025",1161,0
2021-05-21,MaERVzdxaZQ,حفرة كتوصّل لعالم آخر,"Aug 23, 2025",1161,0
2021-05-22,MaERVzdxaZQ,حفرة كتوصّل لعالم آخر,"Aug 23, 2025",1161,0
2021-05-23,MaERVzdxaZQ,حفرة كتوصّل لعالم آخر,"Aug 23, 2025",1161,0
2021-05-24,MaERVzdxaZQ,حفرة كتوصّل لعالم آخر,"Aug 23, 2025",1161,0
2021-05-25,MaERVzdxaZQ,حفرة كتوصّل لعالم آخر,"Aug 23, 2025",1161,0
2021-05-26,MaERVzdxaZQ,حفرة كتوصّل لعالم آخر,"Aug 23, 2025",1161,0
2021-05-27,MaERVzdxaZQ,حفرة كتوصّل لعالم آخر,"Aug 23, 2025",1161,0
2021-05-28,MaERVzdxaZQ,حفرة كتوصّل لعالم آخر,"Aug 23, 2025",1161,0
2021-05-29,MaERVzdxaZQ,حفرة كتوصّل لعالم آخر,"Aug 23, 2025",1161,0
2021-05-30,MaERVzdxaZQ,حفرة كتوصّل لعالم آخر,"Aug 23, 2025",1161,0
2021-05-31,MaERVzdxaZQ,حفرة كتوصّل لعالم آخر,"Aug 23, 2025",1161,0
2021-06-01,MaERVzdxaZQ,حفرة كتوصّل لعالم آخر,"Aug 23, 2025",1161,0
2021-06-02,MaERVzdxaZQ,حفرة كتوصّل لعالم آخر,"Aug 23, 2025",1161,0
2021-06-03,MaERVzdxaZQ,حفرة كتوصّل لعالم آخر,"Aug 23, 2025",1161,0
2021-06-04,MaERVzdxaZQ,حفرة كتوصّل لعالم آخر,"Aug 23, 2025",1161,0
2021-06-05,MaERVzdxaZQ,حفرة كتوصّل لعالم آخر,"Aug 23, 2025",1161,0
2021-06-06,MaERVzdxaZQ,حفرة كتوصّل لعالم آخر,"Aug 23, 2025",1161,0
2021-06-07,MaERVzdxaZQ,حفرة كتوصّل لعالم آخر,"Aug 23, 2025",1161,0
2021-06-08,MaERVzdxaZQ,حفرة كتوصّل لعالم آخر,"Aug 23, 2025",1161,0
2021-06-09,MaERVzdxaZQ,حفرة كتوصّل لعالم آخر,"Aug 23, 2025",1161,0
2021-06-10,MaERVzdxaZQ,حفرة كتوصّل لعالم آخر,"Aug 23, 2025",1161,0
2021-06-11,MaERVzdxaZQ,حفرة كتوصّل لعالم آخر,"Aug 23, 2025",1161,0
2021-06-12,MaERVzdxaZQ,حفرة كتوصّل لعالم آخر,"Aug 23, 2025",1161,0
2021-06-13,MaERVzdxaZQ,حفرة كتوصّل لعالم آخر,"Aug 23, 2025",1161,0
2021-06-14,MaERVzdxaZQ,حفرة كتوصّل لعالم آخر,"Aug 23, 2025",1161,0
2021-06-15,MaERVzdxaZQ,حفرة كتوصّل لعالم آخر,"Aug 23, 2025",1161,0
2021-06-16,MaERVzdxaZQ,حفرة كتوصّل لعالم آخر,"Aug 23, 2025",1161,0
2021-06-17,MaERVzdxaZQ,حفرة كتوصّل لعالم آخر,"Aug 23, 2025",1161,0
2021-06-18,MaERVzdxaZQ,حفرة كتوصّل لعالم آخر,"Aug 23, 2025",1161,0
2021-06-19,MaERVzdxaZQ,حفرة كتوصّل لعالم آخر,"Aug 23, 2025",1161,0
2021-06-20,MaERVzdxaZQ,حفرة كتوصّل لعالم آخر,"Aug 23, 2025",1161,0
2021-06-21,MaERVzdxaZQ,حفرة كتوصّل لعالم آخر,"Aug 23, 2025",1161,0
2021-06-22,MaERVzdxaZQ,حفرة كتوصّل لعالم آخر,"Aug 23, 2025",1161,0
2021-06-23,MaERVzdxaZQ,حفرة كتوصّل لعالم آخر,"Aug 23, 2025",1161,0
2021-06-24,MaERVzdxaZQ,حفرة كتوصّل لعالم آخر,"Aug 23, 2025",1161,0
2021-06-25,MaERVzdxaZQ,حفرة كتوصّل لعالم آخر,"Aug 23, 2025",1161,0
2021-06-26,MaERVzdxaZQ,حفرة كتوصّل لعالم آخر,"Aug 23, 2025",1161,0
2021-06-27,MaERVzdxaZQ,حفرة كتوصّل لعالم آخر,"Aug 23, 2025",1161,0
2021-06-28,MaERVzdxaZQ,حفرة كتوصّل لعالم آخر,"Aug 23, 2025",1161,0
2021-06-29,MaERVzdxaZQ,حفرة كتوصّل لعالم آخر,"Aug 23, 2025",1161,0
2021-06-30,MaERVzdxaZQ,حفرة كتوصّل لعالم آخر,"Aug 23, 2025",1161,0
2021-07-01,MaERVzdxaZQ,حفرة كتوصّل لعالم آخر,"Aug 23, 2025",1161,0
2021-07-02,MaERVzdxaZQ,حفرة كتوصّل لعالم آخر,"Aug 23, 2025",1161,0
2021-07-03,MaERVzdxaZQ,حفرة كتوصّل لعالم آخر,"Aug 23, 2025",1161,0
2021-07-04,MaERVzdxaZQ,حفرة كتوصّل لعالم آخر,"Aug 23, 2025",1161,0
2021-07-05,MaERVzdxaZQ,حفرة كتوصّل لعالم آخر,"Aug 23, 2025",1161,0
2021-07-06,MaERVzdxaZQ,حفرة كتوصّل لعالم آخر,"Aug 23, 2025",1161,0
2021-07-07,MaERVzdxaZQ,حفرة كتوصّل لعالم آخر,"Aug 23, 2025",1161,0
2021-07-08,MaERVzdxaZQ,حفرة كتوصّل لعالم آخر,"Aug 23, 2025",1161,0
2021-07-09,MaERVzdxaZQ,حفرة كتوصّل لعالم آخر,"Aug 23, 2025",1161,0
2021-07-10,MaERVzdxaZQ,حفرة كتوصّل لعالم آخر,"Aug 23, 2025",1161,0
2021-07-11,MaERVzdxaZQ,حفرة كتوصّل لعالم آخر,"Aug 23, 2025",1161,0
2021-07-12,MaERVzdxaZQ,حفرة كتوصّل لعالم آخر,"Aug 23, 2025",1161,0
2021-07-13,MaERVzdxaZQ,حفرة كتوصّل لعالم آخر,"Aug 23, 2025",1161,0
2021-07-14,MaERVzdxaZQ,حفرة كتوصّل لعالم آخر,"Aug 23, 2025",1161,0
2021-07-15,MaERVzdxaZQ,حفرة كتوصّل لعالم آخر,"Aug 23, 2025",1161,0
2021-07-16,MaERVzdxaZQ,حفرة كتوصّل لعالم آخر,"Aug 23, 2025",1161,0
2021-07-17,MaERVzdxaZQ,حفرة كتوصّل لعالم آخر,"Aug 23, 2025",1161,0
2021-07-18,MaERVzdxaZQ,حفرة كتوصّل لعالم آخر,"Aug 23, 2025",1161,0
2021-07-19,MaERVzdxaZQ,حفرة كتوصّل لعالم آخر,"Aug 23, 2025",1161,0
2021-07-20,MaERVzdxaZQ,حفرة كتوصّل لعالم آخر,"Aug 23, 2025",1161,0
2021-07-21,MaERVzdxaZQ,حفرة كتوصّل لعالم آخر,"Aug 23, 2025",1161,0
2021-07-22,MaERVzdxaZQ,حفرة كتوصّل لعالم آخر,"Aug 23, 2025",1161,0
2021-07-23,MaERVzdxaZQ,حفرة كتوصّل لعالم آخر,"Aug 23, 2025",1161,0
2021-07-24,MaERVzdxaZQ,حفرة كتوصّل لعالم آخر,"Aug 23, 2025",1161,0
2021-07-25,MaERVzdxaZQ,حفرة كتوصّل لعالم آخر,"Aug 23, 2025",1161,0
2021-07-26,MaERVzdxaZQ,حفرة كتوصّل لعالم آخر,"Aug 23, 2025",1161,0
2021-07-27,MaERVzdxaZQ,حفرة كتوصّل لعالم آخر,"Aug 23, 2025",1161,0
2021-07-28,MaERVzdxaZQ,حفرة كتوصّل لعالم آخر,"Aug 23, 2025",1161,0
2021-07-29,MaERVzdxaZQ,حفرة كتوصّل لعالم آخر,"Aug 23, 2025",1161,0
2021-07-30,MaERVzdxaZQ,حفرة كتوصّل لعالم آخر,"Aug 23, 2025",1161,0
2021-07-31,MaERVzdxaZQ,حفرة كتوصّل لعالم آخر,"Aug 23, 2025",1161,0
2021-08-01,MaERVzdxaZQ,حفرة كتوصّل لعالم آخر,"Aug 23, 2025",1161,0
2021-08-02,MaERVzdxaZQ,حفرة كتوصّل لعالم آخر,"Aug 23, 2025",1161,0
2021-08-03,MaERVzdxaZQ,حفرة كتوصّل لعالم آخر,"Aug 23, 2025",1161,0
2021-08-04,MaERVzdxaZQ,حفرة كتوصّل لعالم آخر,"Aug 23, 2025",1161,0
2021-08-05,MaERVzdxaZQ,حفرة كتوصّل لعالم آخر,"Aug 23, 2025",1161,0
2021-08-06,MaERVzdxaZQ,حفرة كتوصّل لعالم آخر,"Aug 23, 2025",1161,0
2021-08-07,MaERVzdxaZQ,حفرة كتوصّل لعالم آخر,"Aug 23, 2025",1161,0
2021-08-08,MaERVzdxaZQ,حفرة كتوصّل لعالم آخر,"Aug 23, 2025",1161,0
2021-08-09,MaERVzdxaZQ,حفرة كتوصّل لعالم آخر,"Aug 23, 2025",1161,0
2021-08-10,MaERVzdxaZQ,حفرة كتوصّل لعالم آخر,"Aug 23, 2025",1161,0
2021-08-11,MaERVzdxaZQ,حفرة كتوصّل لعالم آخر,"Aug 23, 2025",1161,0
2021-08-12,MaERVzdxaZQ,حفرة كتوصّل لعالم آخر,"Aug 23, 2025",1161,0
2021-08-13,MaERVzdxaZQ,حفرة كتوصّل لعالم آخر,"Aug 23, 2025",1161,0
2021-08-14,MaERVzdxaZQ,حفرة كتوصّل لعالم آخر,"Aug 23, 2025",1161,0
2021-08-15,MaERVzdxaZQ,حفرة كتوصّل لعالم آخر,"Aug 23, 2025",1161,0
2021-08-16,MaERVzdxaZQ,حفرة كتوصّل لعالم آخر,"Aug 23, 2025",1161,0
2021-08-17,MaERVzdxaZQ,حفرة كتوصّل لعالم آخر,"Aug 23, 2025",1161,0
2021-08-18,MaERVzdxaZQ,حفرة كتوصّل لعالم آخر,"Aug 23, 2025",1161,0
2021-08-19,MaERVzdxaZQ,حفرة كتوصّل لعالم آخر,"Aug 23, 2025",1161,0
2021-08-20,MaERVzdxaZQ,حفرة كتوصّل لعالم آخر,"Aug 23, 2025",1161,0
2021-08-21,MaERVzdxaZQ,حفرة كتوصّل لعالم آخر,"Aug 23, 2025",1161,0
2021-08-22,MaERVzdxaZQ,حفرة كتوصّل لعالم آخر,"Aug 23, 2025",1161,0
2021-08-23,MaERVzdxaZQ,حفرة كتوصّل لعالم آخر,"Aug 23, 2025",1161,0
2021-08-24,MaERVzdxaZQ,حفرة كتوصّل لعالم آخر,"Aug 23, 2025",1161,0
2021-08-25,MaERVzdxaZQ,حفرة كتوصّل لعالم آخر,"Aug 23, 2025",1161,0
2021-08-26,MaERVzdxaZQ,حفرة كتوصّل لعالم آخر,"Aug 23, 2025",1161,0
2021-08-27,MaERVzdxaZQ,حفرة كتوصّل لعالم آخر,"Aug 23, 2025",1161,0
2021-08-28,MaERVzdxaZQ,حفرة كتوصّل لعالم آخر,"Aug 23, 2025",1161,0
2021-08-29,MaERVzdxaZQ,حفرة كتوصّل لعالم آخر,"Aug 23, 2025",1161,0
2021-08-30,MaERVzdxaZQ,حفرة كتوصّل لعالم آخر,"Aug 23, 2025",1161,0
2021-08-31,MaERVzdxaZQ,حفرة كتوصّل لعالم آخر,"Aug 23, 2025",1161,0
2021-09-01,MaERVzdxaZQ,حفرة كتوصّل لعالم آخر,"Aug 23, 2025",1161,0
2021-09-02,MaERVzdxaZQ,حفرة كتوصّل لعالم آخر,"Aug 23, 2025",1161,0
2021-09-03,MaERVzdxaZQ,حفرة كتوصّل لعالم آخر,"Aug 23, 2025",1161,0
2021-09-04,MaERVzdxaZQ,حفرة كتوصّل لعالم آخر,"Aug 23, 2025",1161,0
2021-09-05,MaERVzdxaZQ,حفرة كتوصّل لعالم آخر,"Aug 23, 2025",1161,0
2021-09-06,MaERVzdxaZQ,حفرة كتوصّل لعالم آخر,"Aug 23, 2025",1161,0
2021-09-07,MaERVzdxaZQ,حفرة كتوصّل لعالم آخر,"Aug 23, 2025",1161,0
2021-09-08,MaERVzdxaZQ,حفرة كتوصّل لعالم آخر,"Aug 23, 2025",1161,0
2021-09-09,MaERVzdxaZQ,حفرة كتوصّل لعالم آخر,"Aug 23, 2025",1161,0
2021-09-10,MaERVzdxaZQ,حفرة كتوصّل لعالم آخر,"Aug 23, 2025",1161,0
2021-09-11,MaERVzdxaZQ,حفرة كتوصّل لعالم آخر,"Aug 23, 2025",1161,0
2021-09-12,MaERVzdxaZQ,حفرة كتوصّل لعالم آخر,"Aug 23, 2025",1161,0
2021-09-13,MaERVzdxaZQ,حفرة كتوصّل لعالم آخر,"Aug 23, 2025",1161,0
2021-09-14,MaERVzdxaZQ,حفرة كتوصّل لعالم آخر,"Aug 23, 2025",1161,0
2021-09-15,MaERVzdxaZQ,حفرة كتوصّل لعالم آخر,"Aug 23, 2025",1161,0
2021-09-16,MaERVzdxaZQ,حفرة كتوصّل لعالم آخر,"Aug 23, 2025",1161,0
2021-09-17,MaERVzdxaZQ,حفرة كتوصّل لعالم آخر,"Aug 23, 2025",1161,0
2021-09-18,MaERVzdxaZQ,حفرة كتوصّل لعالم آخر,"Aug 23, 2025",1161,0
2021-09-19,MaERVzdxaZQ,حفرة كتوصّل لعالم آخر,"Aug 23, 2025",1161,0
2021-09-20,MaERVzdxaZQ,حفرة كتوصّل لعالم آخر,"Aug 23, 2025",1161,0
2021-09-21,MaERVzdxaZQ,حفرة كتوصّل لعالم آخر,"Aug 23, 2025",1161,0
2021-09-22,MaERVzdxaZQ,حفرة كتوصّل لعالم آخر,"Aug 23, 2025",1161,0
2021-09-23,MaERVzdxaZQ,حفرة كتوصّل لعالم آخر,"Aug 23, 2025",1161,0
2021-09-24,MaERVzdxaZQ,حفرة كتوصّل لعالم آخر,"Aug 23, 2025",1161,0
2021-09-25,MaERVzdxaZQ,حفرة كتوصّل لعالم آخر,"Aug 23, 2025",1161,0
2021-09-26,MaERVzdxaZQ,حفرة كتوصّل لعالم آخر,"Aug 23, 2025",1161,0
2021-09-27,MaERVzdxaZQ,حفرة كتوصّل لعالم آخر,"Aug 23, 2025",1161,0
2021-09-28,MaERVzdxaZQ,حفرة كتوصّل لعالم آخر,"Aug 23, 2025",1161,0
2021-09-29,MaERVzdxaZQ,حفرة كتوصّل لعالم آخر,"Aug 23, 2025",1161,0
2021-09-30,MaERVzdxaZQ,حفرة كتوصّل لعالم آخر,"Aug 23, 2025",1161,0
2021-10-01,MaERVzdxaZQ,حفرة كتوصّل لعالم آخر,"Aug 23, 2025",1161,0
2021-10-02,MaERVzdxaZQ,حفرة كتوصّل لعالم آخر,"Aug 23, 2025",1161,0
2021-10-03,MaERVzdxaZQ,حفرة كتوصّل لعالم آخر,"Aug 23, 2025",1161,0
2021-10-04,MaERVzdxaZQ,حفرة كتوصّل لعالم آخر,"Aug 23, 2025",1161,0
2021-10-05,MaERVzdxaZQ,حفرة كتوصّل لعالم آخر,"Aug 23, 2025",1161,0
2021-10-06,MaERVzdxaZQ,حفرة كتوصّل لعالم آخر,"Aug 23, 2025",1161,0
2021-10-07,MaERVzdxaZQ,حفرة كتوصّل لعالم آخر,"Aug 23, 2025",1161,0
2021-10-08,MaERVzdxaZQ,حفرة كتوصّل لعالم آخر,"Aug 23, 2025",1161,0
2021-10-09,MaERVzdxaZQ,حفرة كتوصّل لعالم آخر,"Aug 23, 2025",1161,0
2021-10-10,MaERVzdxaZQ,حفرة كتوصّل لعالم آخر,"Aug 23, 2025",1161,0
2021-10-11,MaERVzdxaZQ,حفرة كتوصّل لعالم آخر,"Aug 23, 2025",1161,0
2021-10-12,MaERVzdxaZQ,حفرة كتوصّل لعالم آخر,"Aug 23, 2025",1161,0
2021-10-13,MaERVzdxaZQ,حفرة كتوصّل لعالم آخر,"Aug 23, 2025",1161,0
2021-10-14,MaERVzdxaZQ,حفرة كتوصّل لعالم آخر,"Aug 23, 2025",1161,0
2021-10-15,MaERVzdxaZQ,حفرة كتوصّل لعالم آخر,"Aug 23, 2025",1161,0
2021-10-16,MaERVzdxaZQ,حفرة كتوصّل لعالم آخر,"Aug 23, 2025",1161,0
2021-10-17,MaERVzdxaZQ,حفرة كتوصّل لعالم آخر,"Aug 23, 2025",1161,0
2021-10-18,MaERVzdxaZQ,حفرة كتوصّل لعالم آخر,"Aug 23, 2025",1161,0
2021-10-19,MaERVzdxaZQ,حفرة كتوصّل لعالم آخر,"Aug 23, 2025",1161,0
2021-10-20,MaERVzdxaZQ,حفرة كتوصّل لعالم آخر,"Aug 23, 2025",1161,0
2021-10-21,MaERVzdxaZQ,حفرة كتوصّل لعالم آخر,"Aug 23, 2025",1161,0
2021-10-22,MaERVzdxaZQ,حفرة كتوصّل لعالم آخر,"Aug 23, 2025",1161,0
2021-10-23,MaERVzdxaZQ,حفرة كتوصّل لعالم آخر,"Aug 23, 2025",1161,0
2021-10-24,MaERVzdxaZQ,حفرة كتوصّل لعالم آخر,"Aug 23, 2025",1161,0
2021-10-25,MaERVzdxaZQ,حفرة كتوصّل لعالم آخر,"Aug 23, 2025",1161,0
2021-10-26,MaERVzdxaZQ,حفرة كتوصّل لعالم آخر,"Aug 23, 2025",1161,0
2021-10-27,MaERVzdxaZQ,حفرة كتوصّل لعالم آخر,"Aug 23, 2025",1161,0
2021-10-28,MaERVzdxaZQ,حفرة كتوصّل لعالم آخر,"Aug 23, 2025",1161,0
2021-10-29,MaERVzdxaZQ,حفرة كتوصّل لعالم آخر,"Aug 23, 2025",1161,0
2021-10-30,MaERVzdxaZQ,حفرة كتوصّل لعالم آخر,"Aug 23, 2025",1161,0
2021-10-31,MaERVzdxaZQ,حفرة كتوصّل لعالم آخر,"Aug 23, 2025",1161,0
2021-11-01,MaERVzdxaZQ,حفرة كتوصّل لعالم آخر,"Aug 23, 2025",1161,0
2021-11-02,MaERVzdxaZQ,حفرة كتوصّل لعالم آخر,"Aug 23, 2025",1161,0
2021-11-03,MaERVzdxaZQ,حفرة كتوصّل لعالم آخر,"Aug 23, 2025",1161,0
2021-11-04,MaERVzdxaZQ,حفرة كتوصّل لعالم آخر,"Aug 23, 2025",1161,0
2021-11-05,MaERVzdxaZQ,حفرة كتوصّل لعالم آخر,"Aug 23, 2025",1161,0
2021-11-06,MaERVzdxaZQ,حفرة كتوصّل لعالم آخر,"Aug 23, 2025",1161,0
2021-11-07,MaERVzdxaZQ,حفرة كتوصّل لعالم آخر,"Aug 23, 2025",1161,0
2021-11-08,MaERVzdxaZQ,حفرة كتوصّل لعالم آخر,"Aug 23, 2025",1161,0
2021-11-09,MaERVzdxaZQ,حفرة كتوصّل لعالم آخر,"Aug 23, 2025",1161,0
2021-11-10,MaERVzdxaZQ,حفرة كتوصّل لعالم آخر,"Aug 23, 2025",1161,0
2021-11-11,MaERVzdxaZQ,حفرة كتوصّل لعالم آخر,"Aug 23, 2025",1161,0
2021-11-12,MaERVzdxaZQ,حفرة كتوصّل لعالم آخر,"Aug 23, 2025",1161,0
2021-11-13,MaERVzdxaZQ,حفرة كتوصّل لعالم آخر,"Aug 23, 2025",1161,0
2021-11-14,MaERVzdxaZQ,حفرة كتوصّل لعالم آخر,"Aug 23, 2025",1161,0
2021-11-15,MaERVzdxaZQ,حفرة كتوصّل لعالم آخر,"Aug 23, 2025",1161,0
2021-11-16,MaERVzdxaZQ,حفرة كتوصّل لعالم آخر,"Aug 23, 2025",1161,0
2021-11-17,MaERVzdxaZQ,حفرة كتوصّل لعالم آخر,"Aug 23, 2025",1161,0
2021-11-18,MaERVzdxaZQ,حفرة كتوصّل لعالم آخر,"Aug 23, 2025",1161,0
2021-11-19,MaERVzdxaZQ,حفرة كتوصّل لعالم آخر,"Aug 23, 2025",1161,0
2021-11-20,MaERVzdxaZQ,حفرة كتوصّل لعالم آخر,"Aug 23, 2025",1161,0
2021-11-21,MaERVzdxaZQ,حفرة كتوصّل لعالم آخر,"Aug 23, 2025",1161,0
2021-11-22,MaERVzdxaZQ,حفرة كتوصّل لعالم آخر,"Aug 23, 2025",1161,0
2021-11-23,MaERVzdxaZQ,حفرة كتوصّل لعالم آخر,"Aug 23, 2025",1161,0
2021-11-24,MaERVzdxaZQ,حفرة كتوصّل لعالم آخر,"Aug 23, 2025",1161,0
2021-11-25,MaERVzdxaZQ,حفرة كتوصّل لعالم آخر,"Aug 23, 2025",1161,0
2021-11-26,MaERVzdxaZQ,حفرة كتوصّل لعالم آخر,"Aug 23, 2025",1161,0
2021-11-27,MaERVzdxaZQ,حفرة كتوصّل لعالم آخر,"Aug 23, 2025",1161,0
2021-11-28,MaERVzdxaZQ,حفرة كتوصّل لعالم آخر,"Aug 23, 2025",1161,0
2021-11-29,MaERVzdxaZQ,حفرة كتوصّل لعالم آخر,"Aug 23, 2025",1161,0
2021-11-30,MaERVzdxaZQ,حفرة كتوصّل لعالم آخر,"Aug 23, 2025",1161,0
2021-12-01,MaERVzdxaZQ,حفرة كتوصّل لعالم آخر,"Aug 23, 2025",1161,0
2021-12-02,MaERVzdxaZQ,حفرة كتوصّل لعالم آخر,"Aug 23, 2025",1161,0
2021-12-03,MaERVzdxaZQ,حفرة كتوصّل لعالم آخر,"Aug 23, 2025",1161,0
2021-12-04,MaERVzdxaZQ,حفرة كتوصّل لعالم آخر,"Aug 23, 2025",1161,0
2021-12-05,MaERVzdxaZQ,حفرة كتوصّل لعالم آخر,"Aug 23, 2025",1161,0
2021-12-06,MaERVzdxaZQ,حفرة كتوصّل لعالم آخر,"Aug 23, 2025",1161,0
2021-12-07,MaERVzdxaZQ,حفرة كتوصّل لعالم آخر,"Aug 23, 2025",1161,0
2021-12-08,MaERVzdxaZQ,حفرة كتوصّل لعالم آخر,"Aug 23, 2025",1161,0
2021-12-09,MaERVzdxaZQ,حفرة كتوصّل لعالم آخر,"Aug 23, 2025",1161,0
2021-12-10,MaERVzdxaZQ,حفرة كتوصّل لعالم آخر,"Aug 23, 2025",1161,0
2021-12-11,MaERVzdxaZQ,حفرة كتوصّل لعالم آخر,"Aug 23, 2025",1161,0
2021-12-12,MaERVzdxaZQ,حفرة كتوصّل لعالم آخر,"Aug 23, 2025",1161,0
2021-12-13,MaERVzdxaZQ,حفرة كتوصّل لعالم آخر,"Aug 23, 2025",1161,0
2021-12-14,MaERVzdxaZQ,حفرة كتوصّل لعالم آخر,"Aug 23, 2025",1161,0
2021-12-15,MaERVzdxaZQ,حفرة كتوصّل لعالم آخر,"Aug 23, 2025",1161,0
2021-12-16,MaERVzdxaZQ,حفرة كتوصّل لعالم آخر,"Aug 23, 2025",1161,0
2021-12-17,MaERVzdxaZQ,حفرة كتوصّل لعالم آخر,"Aug 23, 2025",1161,0
2021-12-18,MaERVzdxaZQ,حفرة كتوصّل لعالم آخر,"Aug 23, 2025",1161,0
2021-12-19,MaERVzdxaZQ,حفرة كتوصّل لعالم آخر,"Aug 23, 2025",1161,0
2021-12-20,MaERVzdxaZQ,حفرة كتوصّل لعالم آخر,"Aug 23, 2025",1161,0
2021-12-21,MaERVzdxaZQ,حفرة كتوصّل لعالم آخر,"Aug 23, 2025",1161,0
2021-12-22,MaERVzdxaZQ,حفرة كتوصّل لعالم آخر,"Aug 23, 2025",1161,0
2021-12-23,MaERVzdxaZQ,حفرة كتوصّل لعالم آخر,"Aug 23, 2025",1161,0
2021-12-24,MaERVzdxaZQ,حفرة كتوصّل لعالم آخر,"Aug 23, 2025",1161,0
2021-12-25,MaERVzdxaZQ,حفرة كتوصّل لعالم آخر,"Aug 23, 2025",1161,0
2021-12-26,MaERVzdxaZQ,حفرة كتوصّل لعالم آخر,"Aug 23, 2025",1161,0
2021-12-27,MaERVzdxaZQ,حفرة كتوصّل لعالم آخر,"Aug 23, 2025",1161,0
2021-12-28,MaERVzdxaZQ,حفرة كتوصّل لعالم آخر,"Aug 23, 2025",1161,0
2021-12-29,MaERVzdxaZQ,حفرة كتوصّل لعالم آخر,"Aug 23, 2025",1161,0
2021-12-30,MaERVzdxaZQ,حفرة كتوصّل لعالم آخر,"Aug 23, 2025",1161,0
2021-12-31,MaERVzdxaZQ,حفرة كتوصّل لعالم آخر,"Aug 23, 2025",1161,0
2022-01-01,MaERVzdxaZQ,حفرة كتوصّل لعالم آخر,"Aug 23, 2025",1161,0
2022-01-02,MaERVzdxaZQ,حفرة كتوصّل لعالم آخر,"Aug 23, 2025",1161,0
2022-01-03,MaERVzdxaZQ,حفرة كتوصّل لعالم آخر,"Aug 23, 2025",1161,0
2022-01-04,MaERVzdxaZQ,حفرة كتوصّل لعالم آخر,"Aug 23, 2025",1161,0
2022-01-05,MaERVzdxaZQ,حفرة كتوصّل لعالم آخر,"Aug 23, 2025",1161,0
2022-01-06,MaERVzdxaZQ,حفرة كتوصّل لعالم آخر,"Aug 23, 2025",1161,0
2022-01-07,MaERVzdxaZQ,حفرة كتوصّل لعالم آخر,"Aug 23, 2025",1161,0
2022-01-08,MaERVzdxaZQ,حفرة كتوصّل لعالم آخر,"Aug 23, 2025",1161,0
2022-01-09,MaERVzdxaZQ,حفرة كتوصّل لعالم آخر,"Aug 23, 2025",1161,0
2022-01-10,MaERVzdxaZQ,حفرة كتوصّل لعالم آخر,"Aug 23, 2025",1161,0
2022-01-11,MaERVzdxaZQ,حفرة كتوصّل لعالم آخر,"Aug 23, 2025",1161,0
2022-01-12,MaERVzdxaZQ,حفرة كتوصّل لعالم آخر,"Aug 23, 2025",1161,0
2022-01-13,MaERVzdxaZQ,حفرة كتوصّل لعالم آخر,"Aug 23, 2025",1161,0
2022-01-14,MaERVzdxaZQ,حفرة كتوصّل لعالم آخر,"Aug 23, 2025",1161,0
2022-01-15,MaERVzdxaZQ,حفرة كتوصّل لعالم آخر,"Aug 23, 2025",1161,0
2022-01-16,MaERVzdxaZQ,حفرة كتوصّل لعالم آخر,"Aug 23, 2025",1161,0
2022-01-17,MaERVzdxaZQ,حفرة كتوصّل لعالم آخر,"Aug 23, 2025",1161,0
2022-01-18,MaERVzdxaZQ,حفرة كتوصّل لعالم آخر,"Aug 23, 2025",1161,0
2022-01-19,MaERVzdxaZQ,حفرة كتوصّل لعالم آخر,"Aug 23, 2025",1161,0
2022-01-20,MaERVzdxaZQ,حفرة كتوصّل لعالم آخر,"Aug 23, 2025",1161,0
2022-01-21,MaERVzdxaZQ,حفرة كتوصّل لعالم آخر,"Aug 23, 2025",1161,0
2022-01-22,MaERVzdxaZQ,حفرة كتوصّل لعالم آخر,"Aug 23, 2025",1161,0
2022-01-23,MaERVzdxaZQ,حفرة كتوصّل لعالم آخر,"Aug 23, 2025",1161,0
2022-01-24,MaERVzdxaZQ,حفرة كتوصّل لعالم آخر,"Aug 23, 2025",1161,0
2022-01-25,MaERVzdxaZQ,حفرة كتوصّل لعالم آخر,"Aug 23, 2025",1161,0
2022-01-26,MaERVzdxaZQ,حفرة كتوصّل لعالم آخر,"Aug 23, 2025",1161,0
2022-01-27,MaERVzdxaZQ,حفرة كتوصّل لعالم آخر,"Aug 23, 2025",1161,0
2022-01-28,MaERVzdxaZQ,حفرة كتوصّل لعالم آخر,"Aug 23, 2025",1161,0
2022-01-29,MaERVzdxaZQ,حفرة كتوصّل لعالم آخر,"Aug 23, 2025",1161,0
2022-01-30,MaERVzdxaZQ,حفرة كتوصّل لعالم آخر,"Aug 23, 2025",1161,0
2022-01-31,MaERVzdxaZQ,حفرة كتوصّل لعالم آخر,"Aug 23, 2025",1161,0
2022-02-01,MaERVzdxaZQ,حفرة كتوصّل لعالم آخر,"Aug 23, 2025",1161,0
2022-02-02,MaERVzdxaZQ,حفرة كتوصّل لعالم آخر,"Aug 23, 2025",1161,0
2022-02-03,MaERVzdxaZQ,حفرة كتوصّل لعالم آخر,"Aug 23, 2025",1161,0
2022-02-04,MaERVzdxaZQ,حفرة كتوصّل لعالم آخر,"Aug 23, 2025",1161,0
2022-02-05,MaERVzdxaZQ,حفرة كتوصّل لعالم آخر,"Aug 23, 2025",1161,0
2022-02-06,MaERVzdxaZQ,حفرة كتوصّل لعالم آخر,"Aug 23, 2025",1161,0
2022-02-07,MaERVzdxaZQ,حفرة كتوصّل لعالم آخر,"Aug 23, 2025",1161,0
2022-02-08,MaERVzdxaZQ,حفرة كتوصّل لعالم آخر,"Aug 23, 2025",1161,0
2022-02-09,MaERVzdxaZQ,حفرة كتوصّل لعالم آخر,"Aug 23, 2025",1161,0
2022-02-10,MaERVzdxaZQ,حفرة كتوصّل لعالم آخر,"Aug 23, 2025",1161,0
2022-02-11,MaERVzdxaZQ,حفرة كتوصّل لعالم آخر,"Aug 23, 2025",1161,0
2022-02-12,MaERVzdxaZQ,حفرة كتوصّل لعالم آخر,"Aug 23, 2025",1161,0
2022-02-13,MaERVzdxaZQ,حفرة كتوصّل لعالم آخر,"Aug 23, 2025",1161,0
2022-02-14,MaERVzdxaZQ,حفرة كتوصّل لعالم آخر,"Aug 23, 2025",1161,0
2022-02-15,MaERVzdxaZQ,حفرة كتوصّل لعالم آخر,"Aug 23, 2025",1161,0
2022-02-16,MaERVzdxaZQ,حفرة كتوصّل لعالم آخر,"Aug 23, 2025",1161,0
2022-02-17,MaERVzdxaZQ,حفرة كتوصّل لعالم آخر,"Aug 23, 2025",1161,0
2022-02-18,MaERVzdxaZQ,حفرة كتوصّل لعالم آخر,"Aug 23, 2025",1161,0
2022-02-19,MaERVzdxaZQ,حفرة كتوصّل لعالم آخر,"Aug 23, 2025",1161,0
2022-02-20,MaERVzdxaZQ,حفرة كتوصّل لعالم آخر,"Aug 23, 2025",1161,0
2022-02-21,MaERVzdxaZQ,حفرة كتوصّل لعالم آخر,"Aug 23, 2025",1161,0
2022-02-22,MaERVzdxaZQ,حفرة كتوصّل لعالم آخر,"Aug 23, 2025",1161,0
2022-02-23,MaERVzdxaZQ,حفرة كتوصّل لعالم آخر,"Aug 23, 2025",1161,0
2022-02-24,MaERVzdxaZQ,حفرة كتوصّل لعالم آخر,"Aug 23, 2025",1161,0
2022-02-25,MaERVzdxaZQ,حفرة كتوصّل لعالم آخر,"Aug 23, 2025",1161,0
2022-02-26,MaERVzdxaZQ,حفرة كتوصّل لعالم آخر,"Aug 23, 2025",1161,0
2022-02-27,MaERVzdxaZQ,حفرة كتوصّل لعالم آخر,"Aug 23, 2025",1161,0
2022-02-28,MaERVzdxaZQ,حفرة كتوصّل لعالم آخر,"Aug 23, 2025",1161,0
2022-03-01,MaERVzdxaZQ,حفرة كتوصّل لعالم آخر,"Aug 23, 2025",1161,0
2022-03-02,MaERVzdxaZQ,حفرة كتوصّل لعالم آخر,"Aug 23, 2025",1161,0
2022-03-03,MaERVzdxaZQ,حفرة كتوصّل لعالم آخر,"Aug 23, 2025",1161,0
2022-03-04,MaERVzdxaZQ,حفرة كتوصّل لعالم آخر,"Aug 23, 2025",1161,0
2022-03-05,MaERVzdxaZQ,حفرة كتوصّل لعالم آخر,"Aug 23, 2025",1161,0
2022-03-06,MaERVzdxaZQ,حفرة كتوصّل لعالم آخر,"Aug 23, 2025",1161,0
2022-03-07,MaERVzdxaZQ,حفرة كتوصّل لعالم آخر,"Aug 23, 2025",1161,0
2022-03-08,MaERVzdxaZQ,حفرة كتوصّل لعالم آخر,"Aug 23, 2025",1161,0
2022-03-09,MaERVzdxaZQ,حفرة كتوصّل لعالم آخر,"Aug 23, 2025",1161,0
2022-03-10,MaERVzdxaZQ,حفرة كتوصّل لعالم آخر,"Aug 23, 2025",1161,0
2022-03-11,MaERVzdxaZQ,حفرة كتوصّل لعالم آخر,"Aug 23, 2025",1161,0
2022-03-12,MaERVzdxaZQ,حفرة كتوصّل لعالم آخر,"Aug 23, 2025",1161,0
2022-03-13,MaERVzdxaZQ,حفرة كتوصّل لعالم آخر,"Aug 23, 2025",1161,0
2022-03-14,MaERVzdxaZQ,حفرة كتوصّل لعالم آخر,"Aug 23, 2025",1161,0
2022-03-15,MaERVzdxaZQ,حفرة كتوصّل لعالم آخر,"Aug 23, 2025",1161,0
2022-03-16,MaERVzdxaZQ,حفرة كتوصّل لعالم آخر,"Aug 23, 2025",1161,0
2022-03-17,MaERVzdxaZQ,حفرة كتوصّل لعالم آخر,"Aug 23, 2025",1161,0
2022-03-18,MaERVzdxaZQ,حفرة كتوصّل لعالم آخر,"Aug 23, 2025",1161,0
2022-03-19,MaERVzdxaZQ,حفرة كتوصّل لعالم آخر,"Aug 23, 2025",1161,0
2022-03-20,MaERVzdxaZQ,حفرة كتوصّل لعالم آخر,"Aug 23, 2025",1161,0
2022-03-21,MaERVzdxaZQ,حفرة كتوصّل لعالم آخر,"Aug 23, 2025",1161,0
2022-03-22,MaERVzdxaZQ,حفرة كتوصّل لعالم آخر,"Aug 23, 2025",1161,0
2022-03-23,MaERVzdxaZQ,حفرة كتوصّل لعالم آخر,"Aug 23, 2025",1161,0
2022-03-24,MaERVzdxaZQ,حفرة كتوصّل لعالم آخر,"Aug 23, 2025",1161,0
2022-03-25,MaERVzdxaZQ,حفرة كتوصّل لعالم آخر,"Aug 23, 2025",1161,0
2022-03-26,MaERVzdxaZQ,حفرة كتوصّل لعالم آخر,"Aug 23, 2025",1161,0
2022-03-27,MaERVzdxaZQ,حفرة كتوصّل لعالم آخر,"Aug 23, 2025",1161,0
2022-03-28,MaERVzdxaZQ,حفرة كتوصّل لعالم آخر,"Aug 23, 2025",1161,0
2022-03-29,MaERVzdxaZQ,حفرة كتوصّل لعالم آخر,"Aug 23, 2025",1161,0
2022-03-30,MaERVzdxaZQ,حفرة كتوصّل لعالم آخر,"Aug 23, 2025",1161,0
2022-03-31,MaERVzdxaZQ,حفرة كتوصّل لعالم آخر,"Aug 23, 2025",1161,0
2022-04-01,MaERVzdxaZQ,حفرة كتوصّل لعالم آخر,"Aug 23, 2025",1161,0
2022-04-02,MaERVzdxaZQ,حفرة كتوصّل لعالم آخر,"Aug 23, 2025",1161,0
2022-04-03,MaERVzdxaZQ,حفرة كتوصّل لعالم آخر,"Aug 23, 2025",1161,0
2022-04-04,MaERVzdxaZQ,حفرة كتوصّل لعالم آخر,"Aug 23, 2025",1161,0
2022-04-05,MaERVzdxaZQ,حفرة كتوصّل لعالم آخر,"Aug 23, 2025",1161,0
2022-04-06,MaERVzdxaZQ,حفرة كتوصّل لعالم آخر,"Aug 23, 2025",1161,0
2022-04-07,MaERVzdxaZQ,حفرة كتوصّل لعالم آخر,"Aug 23, 2025",1161,0
2022-04-08,MaERVzdxaZQ,حفرة كتوصّل لعالم آخر,"Aug 23, 2025",1161,0
2022-04-09,MaERVzdxaZQ,حفرة كتوصّل لعالم آخر,"Aug 23, 2025",1161,0
2022-04-10,MaERVzdxaZQ,حفرة كتوصّل لعالم آخر,"Aug 23, 2025",1161,0
2022-04-11,MaERVzdxaZQ,حفرة كتوصّل لعالم آخر,"Aug 23, 2025",1161,0
2022-04-12,MaERVzdxaZQ,حفرة كتوصّل لعالم آخر,"Aug 23, 2025",1161,0
2022-04-13,MaERVzdxaZQ,حفرة كتوصّل لعالم آخر,"Aug 23, 2025",1161,0
2022-04-14,MaERVzdxaZQ,حفرة كتوصّل لعالم آخر,"Aug 23, 2025",1161,0
2022-04-15,MaERVzdxaZQ,حفرة كتوصّل لعالم آخر,"Aug 23, 2025",1161,0
2022-04-16,MaERVzdxaZQ,حفرة كتوصّل لعالم آخر,"Aug 23, 2025",1161,0
2022-04-17,MaERVzdxaZQ,حفرة كتوصّل لعالم آخر,"Aug 23, 2025",1161,0
2022-04-18,MaERVzdxaZQ,حفرة كتوصّل لعالم آخر,"Aug 23, 2025",1161,0
2022-04-19,MaERVzdxaZQ,حفرة كتوصّل لعالم آخر,"Aug 23, 2025",1161,0
2022-04-20,MaERVzdxaZQ,حفرة كتوصّل لعالم آخر,"Aug 23, 2025",1161,0
2022-04-21,MaERVzdxaZQ,حفرة كتوصّل لعالم آخر,"Aug 23, 2025",1161,0
2022-04-22,MaERVzdxaZQ,حفرة كتوصّل لعالم آخر,"Aug 23, 2025",1161,0
2022-04-23,MaERVzdxaZQ,حفرة كتوصّل لعالم آخر,"Aug 23, 2025",1161,0
2022-04-24,MaERVzdxaZQ,حفرة كتوصّل لعالم آخر,"Aug 23, 2025",1161,0
2022-04-25,MaERVzdxaZQ,حفرة كتوصّل لعالم آخر,"Aug 23, 2025",1161,0
2022-04-26,MaERVzdxaZQ,حفرة كتوصّل لعالم آخر,"Aug 23, 2025",1161,0
2022-04-27,MaERVzdxaZQ,حفرة كتوصّل لعالم آخر,"Aug 23, 2025",1161,0
2022-04-28,MaERVzdxaZQ,حفرة كتوصّل لعالم آخر,"Aug 23, 2025",1161,0
2022-04-29,MaERVzdxaZQ,حفرة كتوصّل لعالم آخر,"Aug 23, 2025",1161,0
2022-04-30,MaERVzdxaZQ,حفرة كتوصّل لعالم آخر,"Aug 23, 2025",1161,0
2022-05-01,MaERVzdxaZQ,حفرة كتوصّل لعالم آخر,"Aug 23, 2025",1161,0
2022-05-02,MaERVzdxaZQ,حفرة كتوصّل لعالم آخر,"Aug 23, 2025",1161,0
2022-05-03,MaERVzdxaZQ,حفرة كتوصّل لعالم آخر,"Aug 23, 2025",1161,0
2022-05-04,MaERVzdxaZQ,حفرة كتوصّل لعالم آخر,"Aug 23, 2025",1161,0
2022-05-05,MaERVzdxaZQ,حفرة كتوصّل لعالم آخر,"Aug 23, 2025",1161,0
2022-05-06,MaERVzdxaZQ,حفرة كتوصّل لعالم آخر,"Aug 23, 2025",1161,0
2022-05-07,MaERVzdxaZQ,حفرة كتوصّل لعالم آخر,"Aug 23, 2025",1161,0
2022-05-08,MaERVzdxaZQ,حفرة كتوصّل لعالم آخر,"Aug 23, 2025",1161,0
2022-05-09,MaERVzdxaZQ,حفرة كتوصّل لعالم آخر,"Aug 23, 2025",1161,0
2022-05-10,MaERVzdxaZQ,حفرة كتوصّل لعالم آخر,"Aug 23, 2025",1161,0
2022-05-11,MaERVzdxaZQ,حفرة كتوصّل لعالم آخر,"Aug 23, 2025",1161,0
2022-05-12,MaERVzdxaZQ,حفرة كتوصّل لعالم آخر,"Aug 23, 2025",1161,0
2022-05-13,MaERVzdxaZQ,حفرة كتوصّل لعالم آخر,"Aug 23, 2025",1161,0
2022-05-14,MaERVzdxaZQ,حفرة كتوصّل لعالم آخر,"Aug 23, 2025",1161,0
2022-05-15,MaERVzdxaZQ,حفرة كتوصّل لعالم آخر,"Aug 23, 2025",1161,0
2022-05-16,MaERVzdxaZQ,حفرة كتوصّل لعالم آخر,"Aug 23, 2025",1161,0
2022-05-17,MaERVzdxaZQ,حفرة كتوصّل لعالم آخر,"Aug 23, 2025",1161,0
2022-05-18,MaERVzdxaZQ,حفرة كتوصّل لعالم آخر,"Aug 23, 2025",1161,0
2022-05-19,MaERVzdxaZQ,حفرة كتوصّل لعالم آخر,"Aug 23, 2025",1161,0
2022-05-20,MaERVzdxaZQ,حفرة كتوصّل لعالم آخر,"Aug 23, 2025",1161,0
2022-05-21,MaERVzdxaZQ,حفرة كتوصّل لعالم آخر,"Aug 23, 2025",1161,0
2022-05-22,MaERVzdxaZQ,حفرة كتوصّل لعالم آخر,"Aug 23, 2025",1161,0
2022-05-23,MaERVzdxaZQ,حفرة كتوصّل لعالم آخر,"Aug 23, 2025",1161,0
2022-05-24,MaERVzdxaZQ,حفرة كتوصّل لعالم آخر,"Aug 23, 2025",1161,0
2022-05-25,MaERVzdxaZQ,حفرة كتوصّل لعالم آخر,"Aug 23, 2025",1161,0
2022-05-26,MaERVzdxaZQ,حفرة كتوصّل لعالم آخر,"Aug 23, 2025",1161,0
2022-05-27,MaERVzdxaZQ,حفرة كتوصّل لعالم آخر,"Aug 23, 2025",1161,0
2022-05-28,MaERVzdxaZQ,حفرة كتوصّل لعالم آخر,"Aug 23, 2025",1161,0
2022-05-29,MaERVzdxaZQ,حفرة كتوصّل لعالم آخر,"Aug 23, 2025",1161,0
2022-05-30,MaERVzdxaZQ,حفرة كتوصّل لعالم آخر,"Aug 23, 2025",1161,0
2022-05-31,MaERVzdxaZQ,حفرة كتوصّل لعالم آخر,"Aug 23, 2025",1161,0
2022-06-01,MaERVzdxaZQ,حفرة كتوصّل لعالم آخر,"Aug 23, 2025",1161,0
2022-06-02,MaERVzdxaZQ,حفرة كتوصّل لعالم آخر,"Aug 23, 2025",1161,0
2022-06-03,MaERVzdxaZQ,حفرة كتوصّل لعالم آخر,"Aug 23, 2025",1161,0
2022-06-04,MaERVzdxaZQ,حفرة كتوصّل لعالم آخر,"Aug 23, 2025",1161,0
2022-06-05,MaERVzdxaZQ,حفرة كتوصّل لعالم آخر,"Aug 23, 2025",1161,0
2022-06-06,MaERVzdxaZQ,حفرة كتوصّل لعالم آخر,"Aug 23, 2025",1161,0
2022-06-07,MaERVzdxaZQ,حفرة كتوصّل لعالم آخر,"Aug 23, 2025",1161,0
2022-06-08,MaERVzdxaZQ,حفرة كتوصّل لعالم آخر,"Aug 23, 2025",1161,0
2022-06-09,MaERVzdxaZQ,حفرة كتوصّل لعالم آخر,"Aug 23, 2025",1161,0
2022-06-10,MaERVzdxaZQ,حفرة كتوصّل لعالم آخر,"Aug 23, 2025",1161,0
2022-06-11,MaERVzdxaZQ,حفرة كتوصّل لعالم آخر,"Aug 23, 2025",1161,0
2022-06-12,MaERVzdxaZQ,حفرة كتوصّل لعالم آخر,"Aug 23, 2025",1161,0
2022-06-13,MaERVzdxaZQ,حفرة كتوصّل لعالم آخر,"Aug 23, 2025",1161,0
2022-06-14,MaERVzdxaZQ,حفرة كتوصّل لعالم آخر,"Aug 23, 2025",1161,0
2022-06-15,MaERVzdxaZQ,حفرة كتوصّل لعالم آخر,"Aug 23, 2025",1161,0
2022-06-16,MaERVzdxaZQ,حفرة كتوصّل لعالم آخر,"Aug 23, 2025",1161,0
2022-06-17,MaERVzdxaZQ,حفرة كتوصّل لعالم آخر,"Aug 23, 2025",1161,0
2022-06-18,MaERVzdxaZQ,حفرة كتوصّل لعالم آخر,"Aug 23, 2025",1161,0
2022-06-19,MaERVzdxaZQ,حفرة كتوصّل لعالم آخر,"Aug 23, 2025",1161,0
2022-06-20,MaERVzdxaZQ,حفرة كتوصّل لعالم آخر,"Aug 23, 2025",1161,0
2022-06-21,MaERVzdxaZQ,حفرة كتوصّل لعالم آخر,"Aug 23, 2025",1161,0
2022-06-22,MaERVzdxaZQ,حفرة كتوصّل لعالم آخر,"Aug 23, 2025",1161,0
2022-06-23,MaERVzdxaZQ,حفرة كتوصّل لعالم آخر,"Aug 23, 2025",1161,0
2022-06-24,MaERVzdxaZQ,حفرة كتوصّل لعالم آخر,"Aug 23, 2025",1161,0
2022-06-25,MaERVzdxaZQ,حفرة كتوصّل لعالم آخر,"Aug 23, 2025",1161,0
2022-06-26,MaERVzdxaZQ,حفرة كتوصّل لعالم آخر,"Aug 23, 2025",1161,0
2022-06-27,MaERVzdxaZQ,حفرة كتوصّل لعالم آخر,"Aug 23, 2025",1161,0
2022-06-28,MaERVzdxaZQ,حفرة كتوصّل لعالم آخر,"Aug 23, 2025",1161,0
2022-06-29,MaERVzdxaZQ,حفرة كتوصّل لعالم آخر,"Aug 23, 2025",1161,0
2022-06-30,MaERVzdxaZQ,حفرة كتوصّل لعالم آخر,"Aug 23, 2025",1161,0
2022-07-01,MaERVzdxaZQ,حفرة كتوصّل لعالم آخر,"Aug 23, 2025",1161,0
2022-07-02,MaERVzdxaZQ,حفرة كتوصّل لعالم آخر,"Aug 23, 2025",1161,0
2022-07-03,MaERVzdxaZQ,حفرة كتوصّل لعالم آخر,"Aug 23, 2025",1161,0
2022-07-04,MaERVzdxaZQ,حفرة كتوصّل لعالم آخر,"Aug 23, 2025",1161,0
2022-07-05,MaERVzdxaZQ,حفرة كتوصّل لعالم آخر,"Aug 23, 2025",1161,0
2022-07-06,MaERVzdxaZQ,حفرة كتوصّل لعالم آخر,"Aug 23, 2025",1161,0
2022-07-07,MaERVzdxaZQ,حفرة كتوصّل لعالم آخر,"Aug 23, 2025",1161,0
2022-07-08,MaERVzdxaZQ,حفرة كتوصّل لعالم آخر,"Aug 23, 2025",1161,0
2022-07-09,MaERVzdxaZQ,حفرة كتوصّل لعالم آخر,"Aug 23, 2025",1161,0
2022-07-10,MaERVzdxaZQ,حفرة كتوصّل لعالم آخر,"Aug 23, 2025",1161,0
2022-07-11,MaERVzdxaZQ,حفرة كتوصّل لعالم آخر,"Aug 23, 2025",1161,0
2022-07-12,MaERVzdxaZQ,حفرة كتوصّل لعالم آخر,"Aug 23, 2025",1161,0
2022-07-13,MaERVzdxaZQ,حفرة كتوصّل لعالم آخر,"Aug 23, 2025",1161,0
2022-07-14,MaERVzdxaZQ,حفرة كتوصّل لعالم آخر,"Aug 23, 2025",1161,0
2022-07-15,MaERVzdxaZQ,حفرة كتوصّل لعالم آخر,"Aug 23, 2025",1161,0
2022-07-16,MaERVzdxaZQ,حفرة كتوصّل لعالم آخر,"Aug 23, 2025",1161,0
2022-07-17,MaERVzdxaZQ,حفرة كتوصّل لعالم آخر,"Aug 23, 2025",1161,0
2022-07-18,MaERVzdxaZQ,حفرة كتوصّل لعالم آخر,"Aug 23, 2025",1161,0
2022-07-19,MaERVzdxaZQ,حفرة كتوصّل لعالم آخر,"Aug 23, 2025",1161,0
2022-07-20,MaERVzdxaZQ,حفرة كتوصّل لعالم آخر,"Aug 23, 2025",1161,0
2022-07-21,MaERVzdxaZQ,حفرة كتوصّل لعالم آخر,"Aug 23, 2025",1161,0
2022-07-22,MaERVzdxaZQ,حفرة كتوصّل لعالم آخر,"Aug 23, 2025",1161,0
2022-07-23,MaERVzdxaZQ,حفرة كتوصّل لعالم آخر,"Aug 23, 2025",1161,0
2022-07-24,MaERVzdxaZQ,حفرة كتوصّل لعالم آخر,"Aug 23, 2025",1161,0
2022-07-25,MaERVzdxaZQ,حفرة كتوصّل لعالم آخر,"Aug 23, 2025",1161,0
2022-07-26,MaERVzdxaZQ,حفرة كتوصّل لعالم آخر,"Aug 23, 2025",1161,0
2022-07-27,MaERVzdxaZQ,حفرة كتوصّل لعالم آخر,"Aug 23, 2025",1161,0
2022-07-28,MaERVzdxaZQ,حفرة كتوصّل لعالم آخر,"Aug 23, 2025",1161,0
2022-07-29,MaERVzdxaZQ,حفرة كتوصّل لعالم آخر,"Aug 23, 2025",1161,0
2022-07-30,MaERVzdxaZQ,حفرة كتوصّل لعالم آخر,"Aug 23, 2025",1161,0
2022-07-31,MaERVzdxaZQ,حفرة كتوصّل لعالم آخر,"Aug 23, 2025",1161,0
2022-08-01,MaERVzdxaZQ,حفرة كتوصّل لعالم آخر,"Aug 23, 2025",1161,0
2022-08-02,MaERVzdxaZQ,حفرة كتوصّل لعالم آخر,"Aug 23, 2025",1161,0
2022-08-03,MaERVzdxaZQ,حفرة كتوصّل لعالم آخر,"Aug 23, 2025",1161,0
2022-08-04,MaERVzdxaZQ,حفرة كتوصّل لعالم آخر,"Aug 23, 2025",1161,0
2022-08-05,MaERVzdxaZQ,حفرة كتوصّل لعالم آخر,"Aug 23, 2025",1161,0
2022-08-06,MaERVzdxaZQ,حفرة كتوصّل لعالم آخر,"Aug 23, 2025",1161,0
2022-08-07,MaERVzdxaZQ,حفرة كتوصّل لعالم آخر,"Aug 23, 2025",1161,0
2022-08-08,MaERVzdxaZQ,حفرة كتوصّل لعالم آخر,"Aug 23, 2025",1161,0
2022-08-09,MaERVzdxaZQ,حفرة كتوصّل لعالم آخر,"Aug 23, 2025",1161,0
2022-08-10,MaERVzdxaZQ,حفرة كتوصّل لعالم آخر,"Aug 23, 2025",1161,0
2022-08-11,MaERVzdxaZQ,حفرة كتوصّل لعالم آخر,"Aug 23, 2025",1161,0
2022-08-12,MaERVzdxaZQ,حفرة كتوصّل لعالم آخر,"Aug 23, 2025",1161,0
2022-08-13,MaERVzdxaZQ,حفرة كتوصّل لعالم آخر,"Aug 23, 2025",1161,0
2022-08-14,MaERVzdxaZQ,حفرة كتوصّل لعالم آخر,"Aug 23, 2025",1161,0
2022-08-15,MaERVzdxaZQ,حفرة كتوصّل لعالم آخر,"Aug 23, 2025",1161,0
2022-08-16,MaERVzdxaZQ,حفرة كتوصّل لعالم آخر,"Aug 23, 2025",1161,0
2022-08-17,MaERVzdxaZQ,حفرة كتوصّل لعالم آخر,"Aug 23, 2025",1161,0
2022-08-18,MaERVzdxaZQ,حفرة كتوصّل لعالم آخر,"Aug 23, 2025",1161,0
2022-08-19,MaERVzdxaZQ,حفرة كتوصّل لعالم آخر,"Aug 23, 2025",1161,0
2022-08-20,MaERVzdxaZQ,حفرة كتوصّل لعالم آخر,"Aug 23, 2025",1161,0
2022-08-21,MaERVzdxaZQ,حفرة كتوصّل لعالم آخر,"Aug 23, 2025",1161,0
2022-08-22,MaERVzdxaZQ,حفرة كتوصّل لعالم آخر,"Aug 23, 2025",1161,0
2022-08-23,MaERVzdxaZQ,حفرة كتوصّل لعالم آخر,"Aug 23, 2025",1161,0
2022-08-24,MaERVzdxaZQ,حفرة كتوصّل لعالم آخر,"Aug 23, 2025",1161,0
2022-08-25,MaERVzdxaZQ,حفرة كتوصّل لعالم آخر,"Aug 23, 2025",1161,0
2022-08-26,MaERVzdxaZQ,حفرة كتوصّل لعالم آخر,"Aug 23, 2025",1161,0
2022-08-27,MaERVzdxaZQ,حفرة كتوصّل لعالم آخر,"Aug 23, 2025",1161,0
2022-08-28,MaERVzdxaZQ,حفرة كتوصّل لعالم آخر,"Aug 23, 2025",1161,0
2022-08-29,MaERVzdxaZQ,حفرة كتوصّل لعالم آخر,"Aug 23, 2025",1161,0
2022-08-30,MaERVzdxaZQ,حفرة كتوصّل لعالم آخر,"Aug 23, 2025",1161,0
2022-08-31,MaERVzdxaZQ,حفرة كتوصّل لعالم آخر,"Aug 23, 2025",1161,0
2022-09-01,MaERVzdxaZQ,حفرة كتوصّل لعالم آخر,"Aug 23, 2025",1161,0
2022-09-02,MaERVzdxaZQ,حفرة كتوصّل لعالم آخر,"Aug 23, 2025",1161,0
2022-09-03,MaERVzdxaZQ,حفرة كتوصّل لعالم آخر,"Aug 23, 2025",1161,0
2022-09-04,MaERVzdxaZQ,حفرة كتوصّل لعالم آخر,"Aug 23, 2025",1161,0
2022-09-05,MaERVzdxaZQ,حفرة كتوصّل لعالم آخر,"Aug 23, 2025",1161,0
2022-09-06,MaERVzdxaZQ,حفرة كتوصّل لعالم آخر,"Aug 23, 2025",1161,0
2022-09-07,MaERVzdxaZQ,حفرة كتوصّل لعالم آخر,"Aug 23, 2025",1161,0
2022-09-08,MaERVzdxaZQ,حفرة كتوصّل لعالم آخر,"Aug 23, 2025",1161,0
2022-09-09,MaERVzdxaZQ,حفرة كتوصّل لعالم آخر,"Aug 23, 2025",1161,0
2022-09-10,MaERVzdxaZQ,حفرة كتوصّل لعالم آخر,"Aug 23, 2025",1161,0
2022-09-11,MaERVzdxaZQ,حفرة كتوصّل لعالم آخر,"Aug 23, 2025",1161,0
2022-09-12,MaERVzdxaZQ,حفرة كتوصّل لعالم آخر,"Aug 23, 2025",1161,0
2022-09-13,MaERVzdxaZQ,حفرة كتوصّل لعالم آخر,"Aug 23, 2025",1161,0
2022-09-14,MaERVzdxaZQ,حفرة كتوصّل لعالم آخر,"Aug 23, 2025",1161,0
2022-09-15,MaERVzdxaZQ,حفرة كتوصّل لعالم آخر,"Aug 23, 2025",1161,0
2022-09-16,MaERVzdxaZQ,حفرة كتوصّل لعالم آخر,"Aug 23, 2025",1161,0
2022-09-17,MaERVzdxaZQ,حفرة كتوصّل لعالم آخر,"Aug 23, 2025",1161,0
2022-09-18,MaERVzdxaZQ,حفرة كتوصّل لعالم آخر,"Aug 23, 2025",1161,0
2022-09-19,MaERVzdxaZQ,حفرة كتوصّل لعالم آخر,"Aug 23, 2025",1161,0
2022-09-20,MaERVzdxaZQ,حفرة كتوصّل لعالم آخر,"Aug 23, 2025",1161,0
2022-09-21,MaERVzdxaZQ,حفرة كتوصّل لعالم آخر,"Aug 23, 2025",1161,0
2022-09-22,MaERVzdxaZQ,حفرة كتوصّل لعالم آخر,"Aug 23, 2025",1161,0
2022-09-23,MaERVzdxaZQ,حفرة كتوصّل لعالم آخر,"Aug 23, 2025",1161,0
2022-09-24,MaERVzdxaZQ,حفرة كتوصّل لعالم آخر,"Aug 23, 2025",1161,0
2022-09-25,MaERVzdxaZQ,حفرة كتوصّل لعالم آخر,"Aug 23, 2025",1161,0
2022-09-26,MaERVzdxaZQ,حفرة كتوصّل لعالم آخر,"Aug 23, 2025",1161,0
2022-09-27,MaERVzdxaZQ,حفرة كتوصّل لعالم آخر,"Aug 23, 2025",1161,0
2022-09-28,MaERVzdxaZQ,حفرة كتوصّل لعالم آخر,"Aug 23, 2025",1161,0
2022-09-29,MaERVzdxaZQ,حفرة كتوصّل لعالم آخر,"Aug 23, 2025",1161,0
2022-09-30,MaERVzdxaZQ,حفرة كتوصّل لعالم آخر,"Aug 23, 2025",1161,0
2022-10-01,MaERVzdxaZQ,حفرة كتوصّل لعالم آخر,"Aug 23, 2025",1161,0
2022-10-02,MaERVzdxaZQ,حفرة كتوصّل لعالم آخر,"Aug 23, 2025",1161,0
2022-10-03,MaERVzdxaZQ,حفرة كتوصّل لعالم آخر,"Aug 23, 2025",1161,0
2022-10-04,MaERVzdxaZQ,حفرة كتوصّل لعالم آخر,"Aug 23, 2025",1161,0
2022-10-05,MaERVzdxaZQ,حفرة كتوصّل لعالم آخر,"Aug 23, 2025",1161,0
2022-10-06,MaERVzdxaZQ,حفرة كتوصّل لعالم آخر,"Aug 23, 2025",1161,0
2022-10-07,MaERVzdxaZQ,حفرة كتوصّل لعالم آخر,"Aug 23, 2025",1161,0
2022-10-08,MaERVzdxaZQ,حفرة كتوصّل لعالم آخر,"Aug 23, 2025",1161,0
2022-10-09,MaERVzdxaZQ,حفرة كتوصّل لعالم آخر,"Aug 23, 2025",1161,0
2022-10-10,MaERVzdxaZQ,حفرة كتوصّل لعالم آخر,"Aug 23, 2025",1161,0
2022-10-11,MaERVzdxaZQ,حفرة كتوصّل لعالم آخر,"Aug 23, 2025",1161,0
2022-10-12,MaERVzdxaZQ,حفرة كتوصّل لعالم آخر,"Aug 23, 2025",1161,0
2022-10-13,MaERVzdxaZQ,حفرة كتوصّل لعالم آخر,"Aug 23, 2025",1161,0
2022-10-14,MaERVzdxaZQ,حفرة كتوصّل لعالم آخر,"Aug 23, 2025",1161,0
2022-10-15,MaERVzdxaZQ,حفرة كتوصّل لعالم آخر,"Aug 23, 2025",1161,0
2022-10-16,MaERVzdxaZQ,حفرة كتوصّل لعالم آخر,"Aug 23, 2025",1161,0
2022-10-17,MaERVzdxaZQ,حفرة كتوصّل لعالم آخر,"Aug 23, 2025",1161,0
2022-10-18,MaERVzdxaZQ,حفرة كتوصّل لعالم آخر,"Aug 23, 2025",1161,0
2022-10-19,MaERVzdxaZQ,حفرة كتوصّل لعالم آخر,"Aug 23, 2025",1161,0
2022-10-20,MaERVzdxaZQ,حفرة كتوصّل لعالم آخر,"Aug 23, 2025",1161,0
2022-10-21,MaERVzdxaZQ,حفرة كتوصّل لعالم آخر,"Aug 23, 2025",1161,0
2022-10-22,MaERVzdxaZQ,حفرة كتوصّل لعالم آخر,"Aug 23, 2025",1161,0
2022-10-23,MaERVzdxaZQ,حفرة كتوصّل لعالم آخر,"Aug 23, 2025",1161,0
2022-10-24,MaERVzdxaZQ,حفرة كتوصّل لعالم آخر,"Aug 23, 2025",1161,0
2022-10-25,MaERVzdxaZQ,حفرة كتوصّل لعالم آخر,"Aug 23, 2025",1161,0
2022-10-26,MaERVzdxaZQ,حفرة كتوصّل لعالم آخر,"Aug 23, 2025",1161,0
2022-10-27,MaERVzdxaZQ,حفرة كتوصّل لعالم آخر,"Aug 23, 2025",1161,0
2022-10-28,MaERVzdxaZQ,حفرة كتوصّل لعالم آخر,"Aug 23, 2025",1161,0
2022-10-29,MaERVzdxaZQ,حفرة كتوصّل لعالم آخر,"Aug 23, 2025",1161,0
2022-10-30,MaERVzdxaZQ,حفرة كتوصّل لعالم آخر,"Aug 23, 2025",1161,0
2022-10-31,MaERVzdxaZQ,حفرة كتوصّل لعالم آخر,"Aug 23, 2025",1161,0
2022-11-01,MaERVzdxaZQ,حفرة كتوصّل لعالم آخر,"Aug 23, 2025",1161,0
2022-11-02,MaERVzdxaZQ,حفرة كتوصّل لعالم آخر,"Aug 23, 2025",1161,0
2022-11-03,MaERVzdxaZQ,حفرة كتوصّل لعالم آخر,"Aug 23, 2025",1161,0
2022-11-04,MaERVzdxaZQ,حفرة كتوصّل لعالم آخر,"Aug 23, 2025",1161,0
2022-11-05,MaERVzdxaZQ,حفرة كتوصّل لعالم آخر,"Aug 23, 2025",1161,0
2022-11-06,MaERVzdxaZQ,حفرة كتوصّل لعالم آخر,"Aug 23, 2025",1161,0
2022-11-07,MaERVzdxaZQ,حفرة كتوصّل لعالم آخر,"Aug 23, 2025",1161,0
2022-11-08,MaERVzdxaZQ,حفرة كتوصّل لعالم آخر,"Aug 23, 2025",1161,0
2022-11-09,MaERVzdxaZQ,حفرة كتوصّل لعالم آخر,"Aug 23, 2025",1161,0
2022-11-10,MaERVzdxaZQ,حفرة كتوصّل لعالم آخر,"Aug 23, 2025",1161,0
2022-11-11,MaERVzdxaZQ,حفرة كتوصّل لعالم آخر,"Aug 23, 2025",1161,0
2022-11-12,MaERVzdxaZQ,حفرة كتوصّل لعالم آخر,"Aug 23, 2025",1161,0
2022-11-13,MaERVzdxaZQ,حفرة كتوصّل لعالم آخر,"Aug 23, 2025",1161,0
2022-11-14,MaERVzdxaZQ,حفرة كتوصّل لعالم آخر,"Aug 23, 2025",1161,0
2022-11-15,MaERVzdxaZQ,حفرة كتوصّل لعالم آخر,"Aug 23, 2025",1161,0
2022-11-16,MaERVzdxaZQ,حفرة كتوصّل لعالم آخر,"Aug 23, 2025",1161,0
2022-11-17,MaERVzdxaZQ,حفرة كتوصّل لعالم آخر,"Aug 23, 2025",1161,0
2022-11-18,MaERVzdxaZQ,حفرة كتوصّل لعالم آخر,"Aug 23, 2025",1161,0
2022-11-19,MaERVzdxaZQ,حفرة كتوصّل لعالم آخر,"Aug 23, 2025",1161,0
2022-11-20,MaERVzdxaZQ,حفرة كتوصّل لعالم آخر,"Aug 23, 2025",1161,0
2022-11-21,MaERVzdxaZQ,حفرة كتوصّل لعالم آخر,"Aug 23, 2025",1161,0
2022-11-22,MaERVzdxaZQ,حفرة كتوصّل لعالم آخر,"Aug 23, 2025",1161,0
2022-11-23,MaERVzdxaZQ,حفرة كتوصّل لعالم آخر,"Aug 23, 2025",1161,0
2022-11-24,MaERVzdxaZQ,حفرة كتوصّل لعالم آخر,"Aug 23, 2025",1161,0
2022-11-25,MaERVzdxaZQ,حفرة كتوصّل لعالم آخر,"Aug 23, 2025",1161,0
2022-11-26,MaERVzdxaZQ,حفرة كتوصّل لعالم آخر,"Aug 23, 2025",1161,0
2022-11-27,MaERVzdxaZQ,حفرة كتوصّل لعالم آخر,"Aug 23, 2025",1161,0
2022-11-28,MaERVzdxaZQ,حفرة كتوصّل لعالم آخر,"Aug 23, 2025",1161,0
2022-11-29,MaERVzdxaZQ,حفرة كتوصّل لعالم آخر,"Aug 23, 2025",1161,0
2022-11-30,MaERVzdxaZQ,حفرة كتوصّل لعالم آخر,"Aug 23, 2025",1161,0
2022-12-01,MaERVzdxaZQ,حفرة كتوصّل لعالم آخر,"Aug 23, 2025",1161,0
2022-12-02,MaERVzdxaZQ,حفرة كتوصّل لعالم آخر,"Aug 23, 2025",1161,0
2022-12-03,MaERVzdxaZQ,حفرة كتوصّل لعالم آخر,"Aug 23, 2025",1161,0
2022-12-04,MaERVzdxaZQ,حفرة كتوصّل لعالم آخر,"Aug 23, 2025",1161,0
2022-12-05,MaERVzdxaZQ,حفرة كتوصّل لعالم آخر,"Aug 23, 2025",1161,0
2022-12-06,MaERVzdxaZQ,حفرة كتوصّل لعالم آخر,"Aug 23, 2025",1161,0
2022-12-07,MaERVzdxaZQ,حفرة كتوصّل لعالم آخر,"Aug 23, 2025",1161,0
2022-12-08,MaERVzdxaZQ,حفرة كتوصّل لعالم آخر,"Aug 23, 2025",1161,0
2022-12-09,MaERVzdxaZQ,حفرة كتوصّل لعالم آخر,"Aug 23, 2025",1161,0
2022-12-10,MaERVzdxaZQ,حفرة كتوصّل لعالم آخر,"Aug 23, 2025",1161,0
2022-12-11,MaERVzdxaZQ,حفرة كتوصّل لعالم آخر,"Aug 23, 2025",1161,0
2022-12-12,MaERVzdxaZQ,حفرة كتوصّل لعالم آخر,"Aug 23, 2025",1161,0
2022-12-13,MaERVzdxaZQ,حفرة كتوصّل لعالم آخر,"Aug 23, 2025",1161,0
2022-12-14,MaERVzdxaZQ,حفرة كتوصّل لعالم آخر,"Aug 23, 2025",1161,0
2022-12-15,MaERVzdxaZQ,حفرة كتوصّل لعالم آخر,"Aug 23, 2025",1161,0
2022-12-16,MaERVzdxaZQ,حفرة كتوصّل لعالم آخر,"Aug 23, 2025",1161,0
2022-12-17,MaERVzdxaZQ,حفرة كتوصّل لعالم آخر,"Aug 23, 2025",1161,0
2022-12-18,MaERVzdxaZQ,حفرة كتوصّل لعالم آخر,"Aug 23, 2025",1161,0
2022-12-19,MaERVzdxaZQ,حفرة كتوصّل لعالم آخر,"Aug 23, 2025",1161,0
2022-12-20,MaERVzdxaZQ,حفرة كتوصّل لعالم آخر,"Aug 23, 2025",1161,0
2022-12-21,MaERVzdxaZQ,حفرة كتوصّل لعالم آخر,"Aug 23, 2025",1161,0
2022-12-22,MaERVzdxaZQ,حفرة كتوصّل لعالم آخر,"Aug 23, 2025",1161,0
2022-12-23,MaERVzdxaZQ,حفرة كتوصّل لعالم آخر,"Aug 23, 2025",1161,0
2022-12-24,MaERVzdxaZQ,حفرة كتوصّل لعالم آخر,"Aug 23, 2025",1161,0
2022-12-25,MaERVzdxaZQ,حفرة كتوصّل لعالم آخر,"Aug 23, 2025",1161,0
2022-12-26,MaERVzdxaZQ,حفرة كتوصّل لعالم آخر,"Aug 23, 2025",1161,0
2022-12-27,MaERVzdxaZQ,حفرة كتوصّل لعالم آخر,"Aug 23, 2025",1161,0
2022-12-28,MaERVzdxaZQ,حفرة كتوصّل لعالم آخر,"Aug 23, 2025",1161,0
2022-12-29,MaERVzdxaZQ,حفرة كتوصّل لعالم آخر,"Aug 23, 2025",1161,0
2022-12-30,MaERVzdxaZQ,حفرة كتوصّل لعالم آخر,"Aug 23, 2025",1161,0
2022-12-31,MaERVzdxaZQ,حفرة كتوصّل لعالم آخر,"Aug 23, 2025",1161,0
2023-01-01,MaERVzdxaZQ,حفرة كتوصّل لعالم آخر,"Aug 23, 2025",1161,0
2023-01-02,MaERVzdxaZQ,حفرة كتوصّل لعالم آخر,"Aug 23, 2025",1161,0
2023-01-03,MaERVzdxaZQ,حفرة كتوصّل لعالم آخر,"Aug 23, 2025",1161,0
2023-01-04,MaERVzdxaZQ,حفرة كتوصّل لعالم آخر,"Aug 23, 2025",1161,0
2023-01-05,MaERVzdxaZQ,حفرة كتوصّل لعالم آخر,"Aug 23, 2025",1161,0
2023-01-06,MaERVzdxaZQ,حفرة كتوصّل لعالم آخر,"Aug 23, 2025",1161,0
2023-01-07,MaERVzdxaZQ,حفرة كتوصّل لعالم آخر,"Aug 23, 2025",1161,0
2023-01-08,MaERVzdxaZQ,حفرة كتوصّل لعالم آخر,"Aug 23, 2025",1161,0
2023-01-09,MaERVzdxaZQ,حفرة كتوصّل لعالم آخر,"Aug 23, 2025",1161,0
2023-01-10,MaERVzdxaZQ,حفرة كتوصّل لعالم آخر,"Aug 23, 2025",1161,0
2023-01-11,MaERVzdxaZQ,حفرة كتوصّل لعالم آخر,"Aug 23, 2025",1161,0
2023-01-12,MaERVzdxaZQ,حفرة كتوصّل لعالم آخر,"Aug 23, 2025",1161,0
2023-01-13,MaERVzdxaZQ,حفرة كتوصّل لعالم آخر,"Aug 23, 2025",1161,0
2023-01-14,MaERVzdxaZQ,حفرة كتوصّل لعالم آخر,"Aug 23, 2025",1161,0
2023-01-15,MaERVzdxaZQ,حفرة كتوصّل لعالم آخر,"Aug 23, 2025",1161,0
2023-01-16,MaERVzdxaZQ,حفرة كتوصّل لعالم آخر,"Aug 23, 2025",1161,0
2023-01-17,MaERVzdxaZQ,حفرة كتوصّل لعالم آخر,"Aug 23, 2025",1161,0
2023-01-18,MaERVzdxaZQ,حفرة كتوصّل لعالم آخر,"Aug 23, 2025",1161,0
2023-01-19,MaERVzdxaZQ,حفرة كتوصّل لعالم آخر,"Aug 23, 2025",1161,0
2023-01-20,MaERVzdxaZQ,حفرة كتوصّل لعالم آخر,"Aug 23, 2025",1161,0
2023-01-21,MaERVzdxaZQ,حفرة كتوصّل لعالم آخر,"Aug 23, 2025",1161,0
2023-01-22,MaERVzdxaZQ,حفرة كتوصّل لعالم آخر,"Aug 23, 2025",1161,0
2023-01-23,MaERVzdxaZQ,حفرة كتوصّل لعالم آخر,"Aug 23, 2025",1161,0
2023-01-24,MaERVzdxaZQ,حفرة كتوصّل لعالم آخر,"Aug 23, 2025",1161,0
2023-01-25,MaERVzdxaZQ,حفرة كتوصّل لعالم آخر,"Aug 23, 2025",1161,0
2023-01-26,MaERVzdxaZQ,حفرة كتوصّل لعالم آخر,"Aug 23, 2025",1161,0
2023-01-27,MaERVzdxaZQ,حفرة كتوصّل لعالم آخر,"Aug 23, 2025",1161,0
2023-01-28,MaERVzdxaZQ,حفرة كتوصّل لعالم آخر,"Aug 23, 2025",1161,0
2023-01-29,MaERVzdxaZQ,حفرة كتوصّل لعالم آخر,"Aug 23, 2025",1161,0
2023-01-30,MaERVzdxaZQ,حفرة كتوصّل لعالم آخر,"Aug 23, 2025",1161,0
2023-01-31,MaERVzdxaZQ,حفرة كتوصّل لعالم آخر,"Aug 23, 2025",1161,0
2023-02-01,MaERVzdxaZQ,حفرة كتوصّل لعالم آخر,"Aug 23, 2025",1161,0
2023-02-02,MaERVzdxaZQ,حفرة كتوصّل لعالم آخر,"Aug 23, 2025",1161,0
2023-02-03,MaERVzdxaZQ,حفرة كتوصّل لعالم آخر,"Aug 23, 2025",1161,0
2023-02-04,MaERVzdxaZQ,حفرة كتوصّل لعالم آخر,"Aug 23, 2025",1161,0
2023-02-05,MaERVzdxaZQ,حفرة كتوصّل لعالم آخر,"Aug 23, 2025",1161,0
2023-02-06,MaERVzdxaZQ,حفرة كتوصّل لعالم آخر,"Aug 23, 2025",1161,0
2023-02-07,MaERVzdxaZQ,حفرة كتوصّل لعالم آخر,"Aug 23, 2025",1161,0
2023-02-08,MaERVzdxaZQ,حفرة كتوصّل لعالم آخر,"Aug 23, 2025",1161,0
2023-02-09,MaERVzdxaZQ,حفرة كتوصّل لعالم آخر,"Aug 23, 2025",1161,0
2023-02-10,MaERVzdxaZQ,حفرة كتوصّل لعالم آخر,"Aug 23, 2025",1161,0
2023-02-11,MaERVzdxaZQ,حفرة كتوصّل لعالم آخر,"Aug 23, 2025",1161,0
2023-02-12,MaERVzdxaZQ,حفرة كتوصّل لعالم آخر,"Aug 23, 2025",1161,0
2023-02-13,MaERVzdxaZQ,حفرة كتوصّل لعالم آخر,"Aug 23, 2025",1161,0
2023-02-14,MaERVzdxaZQ,حفرة كتوصّل لعالم آخر,"Aug 23, 2025",1161,0
2023-02-15,MaERVzdxaZQ,حفرة كتوصّل لعالم آخر,"Aug 23, 2025",1161,0
2023-02-16,MaERVzdxaZQ,حفرة كتوصّل لعالم آخر,"Aug 23, 2025",1161,0
2023-02-17,MaERVzdxaZQ,حفرة كتوصّل لعالم آخر,"Aug 23, 2025",1161,0
2023-02-18,MaERVzdxaZQ,حفرة كتوصّل لعالم آخر,"Aug 23, 2025",1161,0
2023-02-19,MaERVzdxaZQ,حفرة كتوصّل لعالم آخر,"Aug 23, 2025",1161,0
2023-02-20,MaERVzdxaZQ,حفرة كتوصّل لعالم آخر,"Aug 23, 2025",1161,0
2023-02-21,MaERVzdxaZQ,حفرة كتوصّل لعالم آخر,"Aug 23, 2025",1161,0
2023-02-22,MaERVzdxaZQ,حفرة كتوصّل لعالم آخر,"Aug 23, 2025",1161,0
2023-02-23,MaERVzdxaZQ,حفرة كتوصّل لعالم آخر,"Aug 23, 2025",1161,0
2023-02-24,MaERVzdxaZQ,حفرة كتوصّل لعالم آخر,"Aug 23, 2025",1161,0
2023-02-25,MaERVzdxaZQ,حفرة كتوصّل لعالم آخر,"Aug 23, 2025",1161,0
2023-02-26,MaERVzdxaZQ,حفرة كتوصّل لعالم آخر,"Aug 23, 2025",1161,0
2023-02-27,MaERVzdxaZQ,حفرة كتوصّل لعالم آخر,"Aug 23, 2025",1161,0
2023-02-28,MaERVzdxaZQ,حفرة كتوصّل لعالم آخر,"Aug 23, 2025",1161,0
2023-03-01,MaERVzdxaZQ,حفرة كتوصّل لعالم آخر,"Aug 23, 2025",1161,0
2023-03-02,MaERVzdxaZQ,حفرة كتوصّل لعالم آخر,"Aug 23, 2025",1161,0
2023-03-03,MaERVzdxaZQ,حفرة كتوصّل لعالم آخر,"Aug 23, 2025",1161,0
2023-03-04,MaERVzdxaZQ,حفرة كتوصّل لعالم آخر,"Aug 23, 2025",1161,0
2023-03-05,MaERVzdxaZQ,حفرة كتوصّل لعالم آخر,"Aug 23, 2025",1161,0
2023-03-06,MaERVzdxaZQ,حفرة كتوصّل لعالم آخر,"Aug 23, 2025",1161,0
2023-03-07,MaERVzdxaZQ,حفرة كتوصّل لعالم آخر,"Aug 23, 2025",1161,0
2023-03-08,MaERVzdxaZQ,حفرة كتوصّل لعالم آخر,"Aug 23, 2025",1161,0
2023-03-09,MaERVzdxaZQ,حفرة كتوصّل لعالم آخر,"Aug 23, 2025",1161,0
2023-03-10,MaERVzdxaZQ,حفرة كتوصّل لعالم آخر,"Aug 23, 2025",1161,0
2023-03-11,MaERVzdxaZQ,حفرة كتوصّل لعالم آخر,"Aug 23, 2025",1161,0
2023-03-12,MaERVzdxaZQ,حفرة كتوصّل لعالم آخر,"Aug 23, 2025",1161,0
2023-03-13,MaERVzdxaZQ,حفرة كتوصّل لعالم آخر,"Aug 23, 2025",1161,0
2023-03-14,MaERVzdxaZQ,حفرة كتوصّل لعالم آخر,"Aug 23, 2025",1161,0
2023-03-15,MaERVzdxaZQ,حفرة كتوصّل لعالم آخر,"Aug 23, 2025",1161,0
2023-03-16,MaERVzdxaZQ,حفرة كتوصّل لعالم آخر,"Aug 23, 2025",1161,0
2023-03-17,MaERVzdxaZQ,حفرة كتوصّل لعالم آخر,"Aug 23, 2025",1161,0
2023-03-18,MaERVzdxaZQ,حفرة كتوصّل لعالم آخر,"Aug 23, 2025",1161,0
2023-03-19,MaERVzdxaZQ,حفرة كتوصّل لعالم آخر,"Aug 23, 2025",1161,0
2023-03-20,MaERVzdxaZQ,حفرة كتوصّل لعالم آخر,"Aug 23, 2025",1161,0
2023-03-21,MaERVzdxaZQ,حفرة كتوصّل لعالم آخر,"Aug 23, 2025",1161,0
2023-03-22,MaERVzdxaZQ,حفرة كتوصّل لعالم آخر,"Aug 23, 2025",1161,0
2023-03-23,MaERVzdxaZQ,حفرة كتوصّل لعالم آخر,"Aug 23, 2025",1161,0
2023-03-24,MaERVzdxaZQ,حفرة كتوصّل لعالم آخر,"Aug 23, 2025",1161,0
2023-03-25,MaERVzdxaZQ,حفرة كتوصّل لعالم آخر,"Aug 23, 2025",1161,0
2023-03-26,MaERVzdxaZQ,حفرة كتوصّل لعالم آخر,"Aug 23, 2025",1161,0
2023-03-27,MaERVzdxaZQ,حفرة كتوصّل لعالم آخر,"Aug 23, 2025",1161,0
2023-03-28,MaERVzdxaZQ,حفرة كتوصّل لعالم آخر,"Aug 23, 2025",1161,0
2023-03-29,MaERVzdxaZQ,حفرة كتوصّل لعالم آخر,"Aug 23, 2025",1161,0
2023-03-30,MaERVzdxaZQ,حفرة كتوصّل لعالم آخر,"Aug 23, 2025",1161,0
2023-03-31,MaERVzdxaZQ,حفرة كتوصّل لعالم آخر,"Aug 23, 2025",1161,0
2023-04-01,MaERVzdxaZQ,حفرة كتوصّل لعالم آخر,"Aug 23, 2025",1161,0
2023-04-02,MaERVzdxaZQ,حفرة كتوصّل لعالم آخر,"Aug 23, 2025",1161,0
2023-04-03,MaERVzdxaZQ,حفرة كتوصّل لعالم آخر,"Aug 23, 2025",1161,0
2023-04-04,MaERVzdxaZQ,حفرة كتوصّل لعالم آخر,"Aug 23, 2025",1161,0
2023-04-05,MaERVzdxaZQ,حفرة كتوصّل لعالم آخر,"Aug 23, 2025",1161,0
2023-04-06,MaERVzdxaZQ,حفرة كتوصّل لعالم آخر,"Aug 23, 2025",1161,0
2023-04-07,MaERVzdxaZQ,حفرة كتوصّل لعالم آخر,"Aug 23, 2025",1161,0
2023-04-08,MaERVzdxaZQ,حفرة كتوصّل لعالم آخر,"Aug 23, 2025",1161,0
2023-04-09,MaERVzdxaZQ,حفرة كتوصّل لعالم آخر,"Aug 23, 2025",1161,0
2023-04-10,MaERVzdxaZQ,حفرة كتوصّل لعالم آخر,"Aug 23, 2025",1161,0
2023-04-11,MaERVzdxaZQ,حفرة كتوصّل لعالم آخر,"Aug 23, 2025",1161,0
2023-04-12,MaERVzdxaZQ,حفرة كتوصّل لعالم آخر,"Aug 23, 2025",1161,0
2023-04-13,MaERVzdxaZQ,حفرة كتوصّل لعالم آخر,"Aug 23, 2025",1161,0
2023-04-14,MaERVzdxaZQ,حفرة كتوصّل لعالم آخر,"Aug 23, 2025",1161,0
2023-04-15,MaERVzdxaZQ,حفرة كتوصّل لعالم آخر,"Aug 23, 2025",1161,0
2023-04-16,MaERVzdxaZQ,حفرة كتوصّل لعالم آخر,"Aug 23, 2025",1161,0
2023-04-17,MaERVzdxaZQ,حفرة كتوصّل لعالم آخر,"Aug 23, 2025",1161,0
2023-04-18,MaERVzdxaZQ,حفرة كتوصّل لعالم آخر,"Aug 23, 2025",1161,0
2023-04-19,MaERVzdxaZQ,حفرة كتوصّل لعالم آخر,"Aug 23, 2025",1161,0
2023-04-20,MaERVzdxaZQ,حفرة كتوصّل لعالم آخر,"Aug 23, 2025",1161,0
2023-04-21,MaERVzdxaZQ,حفرة كتوصّل لعالم آخر,"Aug 23, 2025",1161,0
2023-04-22,MaERVzdxaZQ,حفرة كتوصّل لعالم آخر,"Aug 23, 2025",1161,0
2023-04-23,MaERVzdxaZQ,حفرة كتوصّل لعالم آخر,"Aug 23, 2025",1161,0
2023-04-24,MaERVzdxaZQ,حفرة كتوصّل لعالم آخر,"Aug 23, 2025",1161,0
2023-04-25,MaERVzdxaZQ,حفرة كتوصّل لعالم آخر,"Aug 23, 2025",1161,0
2023-04-26,MaERVzdxaZQ,حفرة كتوصّل لعالم آخر,"Aug 23, 2025",1161,0
2023-04-27,MaERVzdxaZQ,حفرة كتوصّل لعالم آخر,"Aug 23, 2025",1161,0
2023-04-28,MaERVzdxaZQ,حفرة كتوصّل لعالم آخر,"Aug 23, 2025",1161,0
2023-04-29,MaERVzdxaZQ,حفرة كتوصّل لعالم آخر,"Aug 23, 2025",1161,0
2023-04-30,MaERVzdxaZQ,حفرة كتوصّل لعالم آخر,"Aug 23, 2025",1161,0
2023-05-01,MaERVzdxaZQ,حفرة كتوصّل لعالم آخر,"Aug 23, 2025",1161,0
2023-05-02,MaERVzdxaZQ,حفرة كتوصّل لعالم آخر,"Aug 23, 2025",1161,0
2023-05-03,MaERVzdxaZQ,حفرة كتوصّل لعالم آخر,"Aug 23, 2025",1161,0
2023-05-04,MaERVzdxaZQ,حفرة كتوصّل لعالم آخر,"Aug 23, 2025",1161,0
2023-05-05,MaERVzdxaZQ,حفرة كتوصّل لعالم آخر,"Aug 23, 2025",1161,0
2023-05-06,MaERVzdxaZQ,حفرة كتوصّل لعالم آخر,"Aug 23, 2025",1161,0
2023-05-07,MaERVzdxaZQ,حفرة كتوصّل لعالم آخر,"Aug 23, 2025",1161,0
2023-05-08,MaERVzdxaZQ,حفرة كتوصّل لعالم آخر,"Aug 23, 2025",1161,0
2023-05-09,MaERVzdxaZQ,حفرة كتوصّل لعالم آخر,"Aug 23, 2025",1161,0
2023-05-10,MaERVzdxaZQ,حفرة كتوصّل لعالم آخر,"Aug 23, 2025",1161,0
2023-05-11,MaERVzdxaZQ,حفرة كتوصّل لعالم آخر,"Aug 23, 2025",1161,0
2023-05-12,MaERVzdxaZQ,حفرة كتوصّل لعالم آخر,"Aug 23, 2025",1161,0
2023-05-13,MaERVzdxaZQ,حفرة كتوصّل لعالم آخر,"Aug 23, 2025",1161,0
2023-05-14,MaERVzdxaZQ,حفرة كتوصّل لعالم آخر,"Aug 23, 2025",1161,0
2023-05-15,MaERVzdxaZQ,حفرة كتوصّل لعالم آخر,"Aug 23, 2025",1161,0
2023-05-16,MaERVzdxaZQ,حفرة كتوصّل لعالم آخر,"Aug 23, 2025",1161,0
2023-05-17,MaERVzdxaZQ,حفرة كتوصّل لعالم آخر,"Aug 23, 2025",1161,0
2023-05-18,MaERVzdxaZQ,حفرة كتوصّل لعالم آخر,"Aug 23, 2025",1161,0
2023-05-19,MaERVzdxaZQ,حفرة كتوصّل لعالم آخر,"Aug 23, 2025",1161,0
2023-05-20,MaERVzdxaZQ,حفرة كتوصّل لعالم آخر,"Aug 23, 2025",1161,0
2023-05-21,MaERVzdxaZQ,حفرة كتوصّل لعالم آخر,"Aug 23, 2025",1161,0
2023-05-22,MaERVzdxaZQ,حفرة كتوصّل لعالم آخر,"Aug 23, 2025",1161,0
2023-05-23,MaERVzdxaZQ,حفرة كتوصّل لعالم آخر,"Aug 23, 2025",1161,0
2023-05-24,MaERVzdxaZQ,حفرة كتوصّل لعالم آخر,"Aug 23, 2025",1161,0
2023-05-25,MaERVzdxaZQ,حفرة كتوصّل لعالم آخر,"Aug 23, 2025",1161,0
2023-05-26,MaERVzdxaZQ,حفرة كتوصّل لعالم آخر,"Aug 23, 2025",1161,0
2023-05-27,MaERVzdxaZQ,حفرة كتوصّل لعالم آخر,"Aug 23, 2025",1161,0
2023-05-28,MaERVzdxaZQ,حفرة كتوصّل لعالم آخر,"Aug 23, 2025",1161,0
2023-05-29,MaERVzdxaZQ,حفرة كتوصّل لعالم آخر,"Aug 23, 2025",1161,0
2023-05-30,MaERVzdxaZQ,حفرة كتوصّل لعالم آخر,"Aug 23, 2025",1161,0
2023-05-31,MaERVzdxaZQ,حفرة كتوصّل لعالم آخر,"Aug 23, 2025",1161,0
2023-06-01,MaERVzdxaZQ,حفرة كتوصّل لعالم آخر,"Aug 23, 2025",1161,0
2023-06-02,MaERVzdxaZQ,حفرة كتوصّل لعالم آخر,"Aug 23, 2025",1161,0
2023-06-03,MaERVzdxaZQ,حفرة كتوصّل لعالم آخر,"Aug 23, 2025",1161,0
2023-06-04,MaERVzdxaZQ,حفرة كتوصّل لعالم آخر,"Aug 23, 2025",1161,0
2023-06-05,MaERVzdxaZQ,حفرة كتوصّل لعالم آخر,"Aug 23, 2025",1161,0
2023-06-06,MaERVzdxaZQ,حفرة كتوصّل لعالم آخر,"Aug 23, 2025",1161,0
2023-06-07,MaERVzdxaZQ,حفرة كتوصّل لعالم آخر,"Aug 23, 2025",1161,0
2023-06-08,MaERVzdxaZQ,حفرة كتوصّل لعالم آخر,"Aug 23, 2025",1161,0
2023-06-09,MaERVzdxaZQ,حفرة كتوصّل لعالم آخر,"Aug 23, 2025",1161,0
2023-06-10,MaERVzdxaZQ,حفرة كتوصّل لعالم آخر,"Aug 23, 2025",1161,0
2023-06-11,MaERVzdxaZQ,حفرة كتوصّل لعالم آخر,"Aug 23, 2025",1161,0
2023-06-12,MaERVzdxaZQ,حفرة كتوصّل لعالم آخر,"Aug 23, 2025",1161,0
2023-06-13,MaERVzdxaZQ,حفرة كتوصّل لعالم آخر,"Aug 23, 2025",1161,0
2023-06-14,MaERVzdxaZQ,حفرة كتوصّل لعالم آخر,"Aug 23, 2025",1161,0
2023-06-15,MaERVzdxaZQ,حفرة كتوصّل لعالم آخر,"Aug 23, 2025",1161,0
2023-06-16,MaERVzdxaZQ,حفرة كتوصّل لعالم آخر,"Aug 23, 2025",1161,0
2023-06-17,MaERVzdxaZQ,حفرة كتوصّل لعالم آخر,"Aug 23, 2025",1161,0
2023-06-18,MaERVzdxaZQ,حفرة كتوصّل لعالم آخر,"Aug 23, 2025",1161,0
2023-06-19,MaERVzdxaZQ,حفرة كتوصّل لعالم آخر,"Aug 23, 2025",1161,0
2023-06-20,MaERVzdxaZQ,حفرة كتوصّل لعالم آخر,"Aug 23, 2025",1161,0
2023-06-21,MaERVzdxaZQ,حفرة كتوصّل لعالم آخر,"Aug 23, 2025",1161,0
2023-06-22,MaERVzdxaZQ,حفرة كتوصّل لعالم آخر,"Aug 23, 2025",1161,0
2023-06-23,MaERVzdxaZQ,حفرة كتوصّل لعالم آخر,"Aug 23, 2025",1161,0
2023-06-24,MaERVzdxaZQ,حفرة كتوصّل لعالم آخر,"Aug 23, 2025",1161,0
2023-06-25,MaERVzdxaZQ,حفرة كتوصّل لعالم آخر,"Aug 23, 2025",1161,0
2023-06-26,MaERVzdxaZQ,حفرة كتوصّل لعالم آخر,"Aug 23, 2025",1161,0
2023-06-27,MaERVzdxaZQ,حفرة كتوصّل لعالم آخر,"Aug 23, 2025",1161,0
2023-06-28,MaERVzdxaZQ,حفرة كتوصّل لعالم آخر,"Aug 23, 2025",1161,0
2023-06-29,MaERVzdxaZQ,حفرة كتوصّل لعالم آخر,"Aug 23, 2025",1161,0
2023-06-30,MaERVzdxaZQ,حفرة كتوصّل لعالم آخر,"Aug 23, 2025",1161,0
2023-07-01,MaERVzdxaZQ,حفرة كتوصّل لعالم آخر,"Aug 23, 2025",1161,0
2023-07-02,MaERVzdxaZQ,حفرة كتوصّل لعالم آخر,"Aug 23, 2025",1161,0
2023-07-03,MaERVzdxaZQ,حفرة كتوصّل لعالم آخر,"Aug 23, 2025",1161,0
2023-07-04,MaERVzdxaZQ,حفرة كتوصّل لعالم آخر,"Aug 23, 2025",1161,0
2023-07-05,MaERVzdxaZQ,حفرة كتوصّل لعالم آخر,"Aug 23, 2025",1161,0
2023-07-06,MaERVzdxaZQ,حفرة كتوصّل لعالم آخر,"Aug 23, 2025",1161,0
2023-07-07,MaERVzdxaZQ,حفرة كتوصّل لعالم آخر,"Aug 23, 2025",1161,0
2023-07-08,MaERVzdxaZQ,حفرة كتوصّل لعالم آخر,"Aug 23, 2025",1161,0
2023-07-09,MaERVzdxaZQ,حفرة كتوصّل لعالم آخر,"Aug 23, 2025",1161,0
2023-07-10,MaERVzdxaZQ,حفرة كتوصّل لعالم آخر,"Aug 23, 2025",1161,0
2023-07-11,MaERVzdxaZQ,حفرة كتوصّل لعالم آخر,"Aug 23, 2025",1161,0
2023-07-12,MaERVzdxaZQ,حفرة كتوصّل لعالم آخر,"Aug 23, 2025",1161,0
2023-07-13,MaERVzdxaZQ,حفرة كتوصّل لعالم آخر,"Aug 23, 2025",1161,0
2023-07-14,MaERVzdxaZQ,حفرة كتوصّل لعالم آخر,"Aug 23, 2025",1161,0
2023-07-15,MaERVzdxaZQ,حفرة كتوصّل لعالم آخر,"Aug 23, 2025",1161,0
2023-07-16,MaERVzdxaZQ,حفرة كتوصّل لعالم آخر,"Aug 23, 2025",1161,0
2023-07-17,MaERVzdxaZQ,حفرة كتوصّل لعالم آخر,"Aug 23, 2025",1161,0
2023-07-18,MaERVzdxaZQ,حفرة كتوصّل لعالم آخر,"Aug 23, 2025",1161,0
2023-07-19,MaERVzdxaZQ,حفرة كتوصّل لعالم آخر,"Aug 23, 2025",1161,0
2023-07-20,MaERVzdxaZQ,حفرة كتوصّل لعالم آخر,"Aug 23, 2025",1161,0
2023-07-21,MaERVzdxaZQ,حفرة كتوصّل لعالم آخر,"Aug 23, 2025",1161,0
2023-07-22,MaERVzdxaZQ,حفرة كتوصّل لعالم آخر,"Aug 23, 2025",1161,0
2023-07-23,MaERVzdxaZQ,حفرة كتوصّل لعالم آخر,"Aug 23, 2025",1161,0
2023-07-24,MaERVzdxaZQ,حفرة كتوصّل لعالم آخر,"Aug 23, 2025",1161,0
2023-07-25,MaERVzdxaZQ,حفرة كتوصّل لعالم آخر,"Aug 23, 2025",1161,0
2023-07-26,MaERVzdxaZQ,حفرة كتوصّل لعالم آخر,"Aug 23, 2025",1161,0
2023-07-27,MaERVzdxaZQ,حفرة كتوصّل لعالم آخر,"Aug 23, 2025",1161,0
2023-07-28,MaERVzdxaZQ,حفرة كتوصّل لعالم آخر,"Aug 23, 2025",1161,0
2023-07-29,MaERVzdxaZQ,حفرة كتوصّل لعالم آخر,"Aug 23, 2025",1161,0
2023-07-30,MaERVzdxaZQ,حفرة كتوصّل لعالم آخر,"Aug 23, 2025",1161,0
2023-07-31,MaERVzdxaZQ,حفرة كتوصّل لعالم آخر,"Aug 23, 2025",1161,0
2023-08-01,MaERVzdxaZQ,حفرة كتوصّل لعالم آخر,"Aug 23, 2025",1161,0
2023-08-02,MaERVzdxaZQ,حفرة كتوصّل لعالم آخر,"Aug 23, 2025",1161,0
2023-08-03,MaERVzdxaZQ,حفرة كتوصّل لعالم آخر,"Aug 23, 2025",1161,0
2023-08-04,MaERVzdxaZQ,حفرة كتوصّل لعالم آخر,"Aug 23, 2025",1161,0
2023-08-05,MaERVzdxaZQ,حفرة كتوصّل لعالم آخر,"Aug 23, 2025",1161,0
2023-08-06,MaERVzdxaZQ,حفرة كتوصّل لعالم آخر,"Aug 23, 2025",1161,0
2023-08-07,MaERVzdxaZQ,حفرة كتوصّل لعالم آخر,"Aug 23, 2025",1161,0
2023-08-08,MaERVzdxaZQ,حفرة كتوصّل لعالم آخر,"Aug 23, 2025",1161,0
2023-08-09,MaERVzdxaZQ,حفرة كتوصّل لعالم آخر,"Aug 23, 2025",1161,0
2023-08-10,MaERVzdxaZQ,حفرة كتوصّل لعالم آخر,"Aug 23, 2025",1161,0
2023-08-11,MaERVzdxaZQ,حفرة كتوصّل لعالم آخر,"Aug 23, 2025",1161,0
2023-08-12,MaERVzdxaZQ,حفرة كتوصّل لعالم آخر,"Aug 23, 2025",1161,0
2023-08-13,MaERVzdxaZQ,حفرة كتوصّل لعالم آخر,"Aug 23, 2025",1161,0
2023-08-14,MaERVzdxaZQ,حفرة كتوصّل لعالم آخر,"Aug 23, 2025",1161,0
2023-08-15,MaERVzdxaZQ,حفرة كتوصّل لعالم آخر,"Aug 23, 2025",1161,0
2023-08-16,MaERVzdxaZQ,حفرة كتوصّل لعالم آخر,"Aug 23, 2025",1161,0
2023-08-17,MaERVzdxaZQ,حفرة كتوصّل لعالم آخر,"Aug 23, 2025",1161,0
2023-08-18,MaERVzdxaZQ,حفرة كتوصّل لعالم آخر,"Aug 23, 2025",1161,0
2023-08-19,MaERVzdxaZQ,حفرة كتوصّل لعالم آخر,"Aug 23, 2025",1161,0
2023-08-20,MaERVzdxaZQ,حفرة كتوصّل لعالم آخر,"Aug 23, 2025",1161,0
2023-08-21,MaERVzdxaZQ,حفرة كتوصّل لعالم آخر,"Aug 23, 2025",1161,0
2023-08-22,MaERVzdxaZQ,حفرة كتوصّل لعالم آخر,"Aug 23, 2025",1161,0
2023-08-23,MaERVzdxaZQ,حفرة كتوصّل لعالم آخر,"Aug 23, 2025",1161,0
2023-08-24,MaERVzdxaZQ,حفرة كتوصّل لعالم آخر,"Aug 23, 2025",1161,0
2023-08-25,MaERVzdxaZQ,حفرة كتوصّل لعالم آخر,"Aug 23, 2025",1161,0
2023-08-26,MaERVzdxaZQ,حفرة كتوصّل لعالم آخر,"Aug 23, 2025",1161,0
2023-08-27,MaERVzdxaZQ,حفرة كتوصّل لعالم آخر,"Aug 23, 2025",1161,0
2023-08-28,MaERVzdxaZQ,حفرة كتوصّل لعالم آخر,"Aug 23, 2025",1161,0
2023-08-29,MaERVzdxaZQ,حفرة كتوصّل لعالم آخر,"Aug 23, 2025",1161,0
2023-08-30,MaERVzdxaZQ,حفرة كتوصّل لعالم آخر,"Aug 23, 2025",1161,0
2023-08-31,MaERVzdxaZQ,حفرة كتوصّل لعالم آخر,"Aug 23, 2025",1161,0
2023-09-01,MaERVzdxaZQ,حفرة كتوصّل لعالم آخر,"Aug 23, 2025",1161,0
2023-09-02,MaERVzdxaZQ,حفرة كتوصّل لعالم آخر,"Aug 23, 2025",1161,0
2023-09-03,MaERVzdxaZQ,حفرة كتوصّل لعالم آخر,"Aug 23, 2025",1161,0
2023-09-04,MaERVzdxaZQ,حفرة كتوصّل لعالم آخر,"Aug 23, 2025",1161,0
2023-09-05,MaERVzdxaZQ,حفرة كتوصّل لعالم آخر,"Aug 23, 2025",1161,0
2023-09-06,MaERVzdxaZQ,حفرة كتوصّل لعالم آخر,"Aug 23, 2025",1161,0
2023-09-07,MaERVzdxaZQ,حفرة كتوصّل لعالم آخر,"Aug 23, 2025",1161,0
2023-09-08,MaERVzdxaZQ,حفرة كتوصّل لعالم آخر,"Aug 23, 2025",1161,0
2023-09-09,MaERVzdxaZQ,حفرة كتوصّل لعالم آخر,"Aug 23, 2025",1161,0
2023-09-10,MaERVzdxaZQ,حفرة كتوصّل لعالم آخر,"Aug 23, 2025",1161,0
2023-09-11,MaERVzdxaZQ,حفرة كتوصّل لعالم آخر,"Aug 23, 2025",1161,0
2023-09-12,MaERVzdxaZQ,حفرة كتوصّل لعالم آخر,"Aug 23, 2025",1161,0
2023-09-13,MaERVzdxaZQ,حفرة كتوصّل لعالم آخر,"Aug 23, 2025",1161,0
2023-09-14,MaERVzdxaZQ,حفرة كتوصّل لعالم آخر,"Aug 23, 2025",1161,0
2023-09-15,MaERVzdxaZQ,حفرة كتوصّل لعالم آخر,"Aug 23, 2025",1161,0
2023-09-16,MaERVzdxaZQ,حفرة كتوصّل لعالم آخر,"Aug 23, 2025",1161,0
2023-09-17,MaERVzdxaZQ,حفرة كتوصّل لعالم آخر,"Aug 23, 2025",1161,0
2023-09-18,MaERVzdxaZQ,حفرة كتوصّل لعالم آخر,"Aug 23, 2025",1161,0
2023-09-19,MaERVzdxaZQ,حفرة كتوصّل لعالم آخر,"Aug 23, 2025",1161,0
2023-09-20,MaERVzdxaZQ,حفرة كتوصّل لعالم آخر,"Aug 23, 2025",1161,0
2023-09-21,MaERVzdxaZQ,حفرة كتوصّل لعالم آخر,"Aug 23, 2025",1161,0
2023-09-22,MaERVzdxaZQ,حفرة كتوصّل لعالم آخر,"Aug 23, 2025",1161,0
2023-09-23,MaERVzdxaZQ,حفرة كتوصّل لعالم آخر,"Aug 23, 2025",1161,0
2023-09-24,MaERVzdxaZQ,حفرة كتوصّل لعالم آخر,"Aug 23, 2025",1161,0
2023-09-25,MaERVzdxaZQ,حفرة كتوصّل لعالم آخر,"Aug 23, 2025",1161,0
2023-09-26,MaERVzdxaZQ,حفرة كتوصّل لعالم آخر,"Aug 23, 2025",1161,0
2023-09-27,MaERVzdxaZQ,حفرة كتوصّل لعالم آخر,"Aug 23, 2025",1161,0
2023-09-28,MaERVzdxaZQ,حفرة كتوصّل لعالم آخر,"Aug 23, 2025",1161,0
2023-09-29,MaERVzdxaZQ,حفرة كتوصّل لعالم آخر,"Aug 23, 2025",1161,0
2023-09-30,MaERVzdxaZQ,حفرة كتوصّل لعالم آخر,"Aug 23, 2025",1161,0
2023-10-01,MaERVzdxaZQ,حفرة كتوصّل لعالم آخر,"Aug 23, 2025",1161,0
2023-10-02,MaERVzdxaZQ,حفرة كتوصّل لعالم آخر,"Aug 23, 2025",1161,0
2023-10-03,MaERVzdxaZQ,حفرة كتوصّل لعالم آخر,"Aug 23, 2025",1161,0
2023-10-04,MaERVzdxaZQ,حفرة كتوصّل لعالم آخر,"Aug 23, 2025",1161,0
2023-10-05,MaERVzdxaZQ,حفرة كتوصّل لعالم آخر,"Aug 23, 2025",1161,0
2023-10-06,MaERVzdxaZQ,حفرة كتوصّل لعالم آخر,"Aug 23, 2025",1161,0
2023-10-07,MaERVzdxaZQ,حفرة كتوصّل لعالم آخر,"Aug 23, 2025",1161,0
2023-10-08,MaERVzdxaZQ,حفرة كتوصّل لعالم آخر,"Aug 23, 2025",1161,0
2023-10-09,MaERVzdxaZQ,حفرة كتوصّل لعالم آخر,"Aug 23, 2025",1161,0
2023-10-10,MaERVzdxaZQ,حفرة كتوصّل لعالم آخر,"Aug 23, 2025",1161,0
2023-10-11,MaERVzdxaZQ,حفرة كتوصّل لعالم آخر,"Aug 23, 2025",1161,0
2023-10-12,MaERVzdxaZQ,حفرة كتوصّل لعالم آخر,"Aug 23, 2025",1161,0
2023-10-13,MaERVzdxaZQ,حفرة كتوصّل لعالم آخر,"Aug 23, 2025",1161,0
2023-10-14,MaERVzdxaZQ,حفرة كتوصّل لعالم آخر,"Aug 23, 2025",1161,0
2023-10-15,MaERVzdxaZQ,حفرة كتوصّل لعالم آخر,"Aug 23, 2025",1161,0
2023-10-16,MaERVzdxaZQ,حفرة كتوصّل لعالم آخر,"Aug 23, 2025",1161,0
2023-10-17,MaERVzdxaZQ,حفرة كتوصّل لعالم آخر,"Aug 23, 2025",1161,0
2023-10-18,MaERVzdxaZQ,حفرة كتوصّل لعالم آخر,"Aug 23, 2025",1161,0
2023-10-19,MaERVzdxaZQ,حفرة كتوصّل لعالم آخر,"Aug 23, 2025",1161,0
2023-10-20,MaERVzdxaZQ,حفرة كتوصّل لعالم آخر,"Aug 23, 2025",1161,0
2023-10-21,MaERVzdxaZQ,حفرة كتوصّل لعالم آخر,"Aug 23, 2025",1161,0
2023-10-22,MaERVzdxaZQ,حفرة كتوصّل لعالم آخر,"Aug 23, 2025",1161,0
2023-10-23,MaERVzdxaZQ,حفرة كتوصّل لعالم آخر,"Aug 23, 2025",1161,0
2023-10-24,MaERVzdxaZQ,حفرة كتوصّل لعالم آخر,"Aug 23, 2025",1161,0
2023-10-25,MaERVzdxaZQ,حفرة كتوصّل لعالم آخر,"Aug 23, 2025",1161,0
2023-10-26,MaERVzdxaZQ,حفرة كتوصّل لعالم آخر,"Aug 23, 2025",1161,0
2023-10-27,MaERVzdxaZQ,حفرة كتوصّل لعالم آخر,"Aug 23, 2025",1161,0
2023-10-28,MaERVzdxaZQ,حفرة كتوصّل لعالم آخر,"Aug 23, 2025",1161,0
2023-10-29,MaERVzdxaZQ,حفرة كتوصّل لعالم آخر,"Aug 23, 2025",1161,0
2023-10-30,MaERVzdxaZQ,حفرة كتوصّل لعالم آخر,"Aug 23, 2025",1161,0
2023-10-31,MaERVzdxaZQ,حفرة كتوصّل لعالم آخر,"Aug 23, 2025",1161,0
2023-11-01,MaERVzdxaZQ,حفرة كتوصّل لعالم آخر,"Aug 23, 2025",1161,0
2023-11-02,MaERVzdxaZQ,حفرة كتوصّل لعالم آخر,"Aug 23, 2025",1161,0
2023-11-03,MaERVzdxaZQ,حفرة كتوصّل لعالم آخر,"Aug 23, 2025",1161,0
2023-11-04,MaERVzdxaZQ,حفرة كتوصّل لعالم آخر,"Aug 23, 2025",1161,0
2023-11-05,MaERVzdxaZQ,حفرة كتوصّل لعالم آخر,"Aug 23, 2025",1161,0
2023-11-06,MaERVzdxaZQ,حفرة كتوصّل لعالم آخر,"Aug 23, 2025",1161,0
2023-11-07,MaERVzdxaZQ,حفرة كتوصّل لعالم آخر,"Aug 23, 2025",1161,0
2023-11-08,MaERVzdxaZQ,حفرة كتوصّل لعالم آخر,"Aug 23, 2025",1161,0
2023-11-09,MaERVzdxaZQ,حفرة كتوصّل لعالم آخر,"Aug 23, 2025",1161,0
2023-11-10,MaERVzdxaZQ,حفرة كتوصّل لعالم آخر,"Aug 23, 2025",1161,0
2023-11-11,MaERVzdxaZQ,حفرة كتوصّل لعالم آخر,"Aug 23, 2025",1161,0
2023-11-12,MaERVzdxaZQ,حفرة كتوصّل لعالم آخر,"Aug 23, 2025",1161,0
2023-11-13,MaERVzdxaZQ,حفرة كتوصّل لعالم آخر,"Aug 23, 2025",1161,0
2023-11-14,MaERVzdxaZQ,حفرة كتوصّل لعالم آخر,"Aug 23, 2025",1161,0
2023-11-15,MaERVzdxaZQ,حفرة كتوصّل لعالم آخر,"Aug 23, 2025",1161,0
2023-11-16,MaERVzdxaZQ,حفرة كتوصّل لعالم آخر,"Aug 23, 2025",1161,0
2023-11-17,MaERVzdxaZQ,حفرة كتوصّل لعالم آخر,"Aug 23, 2025",1161,0
2023-11-18,MaERVzdxaZQ,حفرة كتوصّل لعالم آخر,"Aug 23, 2025",1161,0
2023-11-19,MaERVzdxaZQ,حفرة كتوصّل لعالم آخر,"Aug 23, 2025",1161,0
2023-11-20,MaERVzdxaZQ,حفرة كتوصّل لعالم آخر,"Aug 23, 2025",1161,0
2023-11-21,MaERVzdxaZQ,حفرة كتوصّل لعالم آخر,"Aug 23, 2025",1161,0
2023-11-22,MaERVzdxaZQ,حفرة كتوصّل لعالم آخر,"Aug 23, 2025",1161,0
2023-11-23,MaERVzdxaZQ,حفرة كتوصّل لعالم آخر,"Aug 23, 2025",1161,0
2023-11-24,MaERVzdxaZQ,حفرة كتوصّل لعالم آخر,"Aug 23, 2025",1161,0
2023-11-25,MaERVzdxaZQ,حفرة كتوصّل لعالم آخر,"Aug 23, 2025",1161,0
2023-11-26,MaERVzdxaZQ,حفرة كتوصّل لعالم آخر,"Aug 23, 2025",1161,0
2023-11-27,MaERVzdxaZQ,حفرة كتوصّل لعالم آخر,"Aug 23, 2025",1161,0
2023-11-28,MaERVzdxaZQ,حفرة كتوصّل لعالم آخر,"Aug 23, 2025",1161,0
2023-11-29,MaERVzdxaZQ,حفرة كتوصّل لعالم آخر,"Aug 23, 2025",1161,0
2023-11-30,MaERVzdxaZQ,حفرة كتوصّل لعالم آخر,"Aug 23, 2025",1161,0
2023-12-01,MaERVzdxaZQ,حفرة كتوصّل لعالم آخر,"Aug 23, 2025",1161,0
2023-12-02,MaERVzdxaZQ,حفرة كتوصّل لعالم آخر,"Aug 23, 2025",1161,0
2023-12-03,MaERVzdxaZQ,حفرة كتوصّل لعالم آخر,"Aug 23, 2025",1161,0
2023-12-04,MaERVzdxaZQ,حفرة كتوصّل لعالم آخر,"Aug 23, 2025",1161,0
2023-12-05,MaERVzdxaZQ,حفرة كتوصّل لعالم آخر,"Aug 23, 2025",1161,0
2023-12-06,MaERVzdxaZQ,حفرة كتوصّل لعالم آخر,"Aug 23, 2025",1161,0
2023-12-07,MaERVzdxaZQ,حفرة كتوصّل لعالم آخر,"Aug 23, 2025",1161,0
2023-12-08,MaERVzdxaZQ,حفرة كتوصّل لعالم آخر,"Aug 23, 2025",1161,0
2023-12-09,MaERVzdxaZQ,حفرة كتوصّل لعالم آخر,"Aug 23, 2025",1161,0
2023-12-10,MaERVzdxaZQ,حفرة كتوصّل لعالم آخر,"Aug 23, 2025",1161,0
2023-12-11,MaERVzdxaZQ,حفرة كتوصّل لعالم آخر,"Aug 23, 2025",1161,0
2023-12-12,MaERVzdxaZQ,حفرة كتوصّل لعالم آخر,"Aug 23, 2025",1161,0
2023-12-13,MaERVzdxaZQ,حفرة كتوصّل لعالم آخر,"Aug 23, 2025",1161,0
2023-12-14,MaERVzdxaZQ,حفرة كتوصّل لعالم آخر,"Aug 23, 2025",1161,0
2023-12-15,MaERVzdxaZQ,حفرة كتوصّل لعالم آخر,"Aug 23, 2025",1161,0
2023-12-16,MaERVzdxaZQ,حفرة كتوصّل لعالم آخر,"Aug 23, 2025",1161,0
2023-12-17,MaERVzdxaZQ,حفرة كتوصّل لعالم آخر,"Aug 23, 2025",1161,0
2023-12-18,MaERVzdxaZQ,حفرة كتوصّل لعالم آخر,"Aug 23, 2025",1161,0
2023-12-19,MaERVzdxaZQ,حفرة كتوصّل لعالم آخر,"Aug 23, 2025",1161,0
2023-12-20,MaERVzdxaZQ,حفرة كتوصّل لعالم آخر,"Aug 23, 2025",1161,0
2023-12-21,MaERVzdxaZQ,حفرة كتوصّل لعالم آخر,"Aug 23, 2025",1161,0
2023-12-22,MaERVzdxaZQ,حفرة كتوصّل لعالم آخر,"Aug 23, 2025",1161,0
2023-12-23,MaERVzdxaZQ,حفرة كتوصّل لعالم آخر,"Aug 23, 2025",1161,0
2023-12-24,MaERVzdxaZQ,حفرة كتوصّل لعالم آخر,"Aug 23, 2025",1161,0
2023-12-25,MaERVzdxaZQ,حفرة كتوصّل لعالم آخر,"Aug 23, 2025",1161,0
2023-12-26,MaERVzdxaZQ,حفرة كتوصّل لعالم آخر,"Aug 23, 2025",1161,0
2023-12-27,MaERVzdxaZQ,حفرة كتوصّل لعالم آخر,"Aug 23, 2025",1161,0
2023-12-28,MaERVzdxaZQ,حفرة كتوصّل لعالم آخر,"Aug 23, 2025",1161,0
2023-12-29,MaERVzdxaZQ,حفرة كتوصّل لعالم آخر,"Aug 23, 2025",1161,0
2023-12-30,MaERVzdxaZQ,حفرة كتوصّل لعالم آخر,"Aug 23, 2025",1161,0
2023-12-31,MaERVzdxaZQ,حفرة كتوصّل لعالم آخر,"Aug 23, 2025",1161,0
2024-01-01,MaERVzdxaZQ,حفرة كتوصّل لعالم آخر,"Aug 23, 2025",1161,0
2024-01-02,MaERVzdxaZQ,حفرة كتوصّل لعالم آخر,"Aug 23, 2025",1161,0
2024-01-03,MaERVzdxaZQ,حفرة كتوصّل لعالم آخر,"Aug 23, 2025",1161,0
2024-01-04,MaERVzdxaZQ,حفرة كتوصّل لعالم آخر,"Aug 23, 2025",1161,0
2024-01-05,MaERVzdxaZQ,حفرة كتوصّل لعالم آخر,"Aug 23, 2025",1161,0
2024-01-06,MaERVzdxaZQ,حفرة كتوصّل لعالم آخر,"Aug 23, 2025",1161,0
2024-01-07,MaERVzdxaZQ,حفرة كتوصّل لعالم آخر,"Aug 23, 2025",1161,0
2024-01-08,MaERVzdxaZQ,حفرة كتوصّل لعالم آخر,"Aug 23, 2025",1161,0
2024-01-09,MaERVzdxaZQ,حفرة كتوصّل لعالم آخر,"Aug 23, 2025",1161,0
2024-01-10,MaERVzdxaZQ,حفرة كتوصّل لعالم آخر,"Aug 23, 2025",1161,0
2024-01-11,MaERVzdxaZQ,حفرة كتوصّل لعالم آخر,"Aug 23, 2025",1161,0
2024-01-12,MaERVzdxaZQ,حفرة كتوصّل لعالم آخر,"Aug 23, 2025",1161,0
2024-01-13,MaERVzdxaZQ,حفرة كتوصّل لعالم آخر,"Aug 23, 2025",1161,0
2024-01-14,MaERVzdxaZQ,حفرة كتوصّل لعالم آخر,"Aug 23, 2025",1161,0
2024-01-15,MaERVzdxaZQ,حفرة كتوصّل لعالم آخر,"Aug 23, 2025",1161,0
2024-01-16,MaERVzdxaZQ,حفرة كتوصّل لعالم آخر,"Aug 23, 2025",1161,0
2024-01-17,MaERVzdxaZQ,حفرة كتوصّل لعالم آخر,"Aug 23, 2025",1161,0
2024-01-18,MaERVzdxaZQ,حفرة كتوصّل لعالم آخر,"Aug 23, 2025",1161,0
2024-01-19,MaERVzdxaZQ,حفرة كتوصّل لعالم آخر,"Aug 23, 2025",1161,0
2024-01-20,MaERVzdxaZQ,حفرة كتوصّل لعالم آخر,"Aug 23, 2025",1161,0
2024-01-21,MaERVzdxaZQ,حفرة كتوصّل لعالم آخر,"Aug 23, 2025",1161,0
2024-01-22,MaERVzdxaZQ,حفرة كتوصّل لعالم آخر,"Aug 23, 2025",1161,0
2024-01-23,MaERVzdxaZQ,حفرة كتوصّل لعالم آخر,"Aug 23, 2025",1161,0
2024-01-24,MaERVzdxaZQ,حفرة كتوصّل لعالم آخر,"Aug 23, 2025",1161,0
2024-01-25,MaERVzdxaZQ,حفرة كتوصّل لعالم آخر,"Aug 23, 2025",1161,0
2024-01-26,MaERVzdxaZQ,حفرة كتوصّل لعالم آخر,"Aug 23, 2025",1161,0
2024-01-27,MaERVzdxaZQ,حفرة كتوصّل لعالم آخر,"Aug 23, 2025",1161,0
2024-01-28,MaERVzdxaZQ,حفرة كتوصّل لعالم آخر,"Aug 23, 2025",1161,0
2024-01-29,MaERVzdxaZQ,حفرة كتوصّل لعالم آخر,"Aug 23, 2025",1161,0
2024-01-30,MaERVzdxaZQ,حفرة كتوصّل لعالم آخر,"Aug 23, 2025",1161,0
2024-01-31,MaERVzdxaZQ,حفرة كتوصّل لعالم آخر,"Aug 23, 2025",1161,0
2024-02-01,MaERVzdxaZQ,حفرة كتوصّل لعالم آخر,"Aug 23, 2025",1161,0
2024-02-02,MaERVzdxaZQ,حفرة كتوصّل لعالم آخر,"Aug 23, 2025",1161,0
2024-02-03,MaERVzdxaZQ,حفرة كتوصّل لعالم آخر,"Aug 23, 2025",1161,0
2024-02-04,MaERVzdxaZQ,حفرة كتوصّل لعالم آخر,"Aug 23, 2025",1161,0
2024-02-05,MaERVzdxaZQ,حفرة كتوصّل لعالم آخر,"Aug 23, 2025",1161,0
2024-02-06,MaERVzdxaZQ,حفرة كتوصّل لعالم آخر,"Aug 23, 2025",1161,0
2024-02-07,MaERVzdxaZQ,حفرة كتوصّل لعالم آخر,"Aug 23, 2025",1161,0
2024-02-08,MaERVzdxaZQ,حفرة كتوصّل لعالم آخر,"Aug 23, 2025",1161,0
2024-02-09,MaERVzdxaZQ,حفرة كتوصّل لعالم آخر,"Aug 23, 2025",1161,0
2024-02-10,MaERVzdxaZQ,حفرة كتوصّل لعالم آخر,"Aug 23, 2025",1161,0
2024-02-11,MaERVzdxaZQ,حفرة كتوصّل لعالم آخر,"Aug 23, 2025",1161,0
2024-02-12,MaERVzdxaZQ,حفرة كتوصّل لعالم آخر,"Aug 23, 2025",1161,0
2024-02-13,MaERVzdxaZQ,حفرة كتوصّل لعالم آخر,"Aug 23, 2025",1161,0
2024-02-14,MaERVzdxaZQ,حفرة كتوصّل لعالم آخر,"Aug 23, 2025",1161,0
2024-02-15,MaERVzdxaZQ,حفرة كتوصّل لعالم آخر,"Aug 23, 2025",1161,0
2024-02-16,MaERVzdxaZQ,حفرة كتوصّل لعالم آخر,"Aug 23, 2025",1161,0
2024-02-17,MaERVzdxaZQ,حفرة كتوصّل لعالم آخر,"Aug 23, 2025",1161,0
2024-02-18,MaERVzdxaZQ,حفرة كتوصّل لعالم آخر,"Aug 23, 2025",1161,0
2024-02-19,MaERVzdxaZQ,حفرة كتوصّل لعالم آخر,"Aug 23, 2025",1161,0
2024-02-20,MaERVzdxaZQ,حفرة كتوصّل لعالم آخر,"Aug 23, 2025",1161,0
2024-02-21,MaERVzdxaZQ,حفرة كتوصّل لعالم آخر,"Aug 23, 2025",1161,0
2024-02-22,MaERVzdxaZQ,حفرة كتوصّل لعالم آخر,"Aug 23, 2025",1161,0
2024-02-23,MaERVzdxaZQ,حفرة كتوصّل لعالم آخر,"Aug 23, 2025",1161,0
2024-02-24,MaERVzdxaZQ,حفرة كتوصّل لعالم آخر,"Aug 23, 2025",1161,0
2024-02-25,MaERVzdxaZQ,حفرة كتوصّل لعالم آخر,"Aug 23, 2025",1161,0
2024-02-26,MaERVzdxaZQ,حفرة كتوصّل لعالم آخر,"Aug 23, 2025",1161,0
2024-02-27,MaERVzdxaZQ,حفرة كتوصّل لعالم آخر,"Aug 23, 2025",1161,0
2024-02-28,MaERVzdxaZQ,حفرة كتوصّل لعالم آخر,"Aug 23, 2025",1161,0
2024-02-29,MaERVzdxaZQ,حفرة كتوصّل لعالم آخر,"Aug 23, 2025",1161,0
2024-03-01,MaERVzdxaZQ,حفرة كتوصّل لعالم آخر,"Aug 23, 2025",1161,0
2024-03-02,MaERVzdxaZQ,حفرة كتوصّل لعالم آخر,"Aug 23, 2025",1161,0
2024-03-03,MaERVzdxaZQ,حفرة كتوصّل لعالم آخر,"Aug 23, 2025",1161,0
2024-03-04,MaERVzdxaZQ,حفرة كتوصّل لعالم آخر,"Aug 23, 2025",1161,0
2024-03-05,MaERVzdxaZQ,حفرة كتوصّل لعالم آخر,"Aug 23, 2025",1161,0
2024-03-06,MaERVzdxaZQ,حفرة كتوصّل لعالم آخر,"Aug 23, 2025",1161,0
2024-03-07,MaERVzdxaZQ,حفرة كتوصّل لعالم آخر,"Aug 23, 2025",1161,0
2024-03-08,MaERVzdxaZQ,حفرة كتوصّل لعالم آخر,"Aug 23, 2025",1161,0
2024-03-09,MaERVzdxaZQ,حفرة كتوصّل لعالم آخر,"Aug 23, 2025",1161,0
2024-03-10,MaERVzdxaZQ,حفرة كتوصّل لعالم آخر,"Aug 23, 2025",1161,0
2024-03-11,MaERVzdxaZQ,حفرة كتوصّل لعالم آخر,"Aug 23, 2025",1161,0
2024-03-12,MaERVzdxaZQ,حفرة كتوصّل لعالم آخر,"Aug 23, 2025",1161,0
2024-03-13,MaERVzdxaZQ,حفرة كتوصّل لعالم آخر,"Aug 23, 2025",1161,0
2024-03-14,MaERVzdxaZQ,حفرة كتوصّل لعالم آخر,"Aug 23, 2025",1161,0
2024-03-15,MaERVzdxaZQ,حفرة كتوصّل لعالم آخر,"Aug 23, 2025",1161,0
2024-03-16,MaERVzdxaZQ,حفرة كتوصّل لعالم آخر,"Aug 23, 2025",1161,0
2024-03-17,MaERVzdxaZQ,حفرة كتوصّل لعالم آخر,"Aug 23, 2025",1161,0
2024-03-18,MaERVzdxaZQ,حفرة كتوصّل لعالم آخر,"Aug 23, 2025",1161,0
2024-03-19,MaERVzdxaZQ,حفرة كتوصّل لعالم آخر,"Aug 23, 2025",1161,0
2024-03-20,MaERVzdxaZQ,حفرة كتوصّل لعالم آخر,"Aug 23, 2025",1161,0
2024-03-21,MaERVzdxaZQ,حفرة كتوصّل لعالم آخر,"Aug 23, 2025",1161,0
2024-03-22,MaERVzdxaZQ,حفرة كتوصّل لعالم آخر,"Aug 23, 2025",1161,0
2024-03-23,MaERVzdxaZQ,حفرة كتوصّل لعالم آخر,"Aug 23, 2025",1161,0
2024-03-24,MaERVzdxaZQ,حفرة كتوصّل لعالم آخر,"Aug 23, 2025",1161,0
2024-03-25,MaERVzdxaZQ,حفرة كتوصّل لعالم آخر,"Aug 23, 2025",1161,0
2024-03-26,MaERVzdxaZQ,حفرة كتوصّل لعالم آخر,"Aug 23, 2025",1161,0
2024-03-27,MaERVzdxaZQ,حفرة كتوصّل لعالم آخر,"Aug 23, 2025",1161,0
2024-03-28,MaERVzdxaZQ,حفرة كتوصّل لعالم آخر,"Aug 23, 2025",1161,0
2024-03-29,MaERVzdxaZQ,حفرة كتوصّل لعالم آخر,"Aug 23, 2025",1161,0
2024-03-30,MaERVzdxaZQ,حفرة كتوصّل لعالم آخر,"Aug 23, 2025",1161,0
2024-03-31,MaERVzdxaZQ,حفرة كتوصّل لعالم آخر,"Aug 23, 2025",1161,0
2024-04-01,MaERVzdxaZQ,حفرة كتوصّل لعالم آخر,"Aug 23, 2025",1161,0
2024-04-02,MaERVzdxaZQ,حفرة كتوصّل لعالم آخر,"Aug 23, 2025",1161,0
2024-04-03,MaERVzdxaZQ,حفرة كتوصّل لعالم آخر,"Aug 23, 2025",1161,0
2024-04-04,MaERVzdxaZQ,حفرة كتوصّل لعالم آخر,"Aug 23, 2025",1161,0
2024-04-05,MaERVzdxaZQ,حفرة كتوصّل لعالم آخر,"Aug 23, 2025",1161,0
2024-04-06,MaERVzdxaZQ,حفرة كتوصّل لعالم آخر,"Aug 23, 2025",1161,0
2024-04-07,MaERVzdxaZQ,حفرة كتوصّل لعالم آخر,"Aug 23, 2025",1161,0
2024-04-08,MaERVzdxaZQ,حفرة كتوصّل لعالم آخر,"Aug 23, 2025",1161,0
2024-04-09,MaERVzdxaZQ,حفرة كتوصّل لعالم آخر,"Aug 23, 2025",1161,0
2024-04-10,MaERVzdxaZQ,حفرة كتوصّل لعالم آخر,"Aug 23, 2025",1161,0
2024-04-11,MaERVzdxaZQ,حفرة كتوصّل لعالم آخر,"Aug 23, 2025",1161,0
2024-04-12,MaERVzdxaZQ,حفرة كتوصّل لعالم آخر,"Aug 23, 2025",1161,0
2024-04-13,MaERVzdxaZQ,حفرة كتوصّل لعالم آخر,"Aug 23, 2025",1161,0
2024-04-14,MaERVzdxaZQ,حفرة كتوصّل لعالم آخر,"Aug 23, 2025",1161,0
2024-04-15,MaERVzdxaZQ,حفرة كتوصّل لعالم آخر,"Aug 23, 2025",1161,0
2024-04-16,MaERVzdxaZQ,حفرة كتوصّل لعالم آخر,"Aug 23, 2025",1161,0
2024-04-17,MaERVzdxaZQ,حفرة كتوصّل لعالم آخر,"Aug 23, 2025",1161,0
2024-04-18,MaERVzdxaZQ,حفرة كتوصّل لعالم آخر,"Aug 23, 2025",1161,0
2024-04-19,MaERVzdxaZQ,حفرة كتوصّل لعالم آخر,"Aug 23, 2025",1161,0
2024-04-20,MaERVzdxaZQ,حفرة كتوصّل لعالم آخر,"Aug 23, 2025",1161,0
2024-04-21,MaERVzdxaZQ,حفرة كتوصّل لعالم آخر,"Aug 23, 2025",1161,0
2024-04-22,MaERVzdxaZQ,حفرة كتوصّل لعالم آخر,"Aug 23, 2025",1161,0
2024-04-23,MaERVzdxaZQ,حفرة كتوصّل لعالم آخر,"Aug 23, 2025",1161,0
2024-04-24,MaERVzdxaZQ,حفرة كتوصّل لعالم آخر,"Aug 23, 2025",1161,0
2024-04-25,MaERVzdxaZQ,حفرة كتوصّل لعالم آخر,"Aug 23, 2025",1161,0
2024-04-26,MaERVzdxaZQ,حفرة كتوصّل لعالم آخر,"Aug 23, 2025",1161,0
2024-04-27,MaERVzdxaZQ,حفرة كتوصّل لعالم آخر,"Aug 23, 2025",1161,0
2024-04-28,MaERVzdxaZQ,حفرة كتوصّل لعالم آخر,"Aug 23, 2025",1161,0
2024-04-29,MaERVzdxaZQ,حفرة كتوصّل لعالم آخر,"Aug 23, 2025",1161,0
2024-04-30,MaERVzdxaZQ,حفرة كتوصّل لعالم آخر,"Aug 23, 2025",1161,0
2024-05-01,MaERVzdxaZQ,حفرة كتوصّل لعالم آخر,"Aug 23, 2025",1161,0
2024-05-02,MaERVzdxaZQ,حفرة كتوصّل لعالم آخر,"Aug 23, 2025",1161,0
2024-05-03,MaERVzdxaZQ,حفرة كتوصّل لعالم آخر,"Aug 23, 2025",1161,0
2024-05-04,MaERVzdxaZQ,حفرة كتوصّل لعالم آخر,"Aug 23, 2025",1161,0
2024-05-05,MaERVzdxaZQ,حفرة كتوصّل لعالم آخر,"Aug 23, 2025",1161,0
2024-05-06,MaERVzdxaZQ,حفرة كتوصّل لعالم آخر,"Aug 23, 2025",1161,0
2024-05-07,MaERVzdxaZQ,حفرة كتوصّل لعالم آخر,"Aug 23, 2025",1161,0
2024-05-08,MaERVzdxaZQ,حفرة كتوصّل لعالم آخر,"Aug 23, 2025",1161,0
2024-05-09,MaERVzdxaZQ,حفرة كتوصّل لعالم آخر,"Aug 23, 2025",1161,0
2024-05-10,MaERVzdxaZQ,حفرة كتوصّل لعالم آخر,"Aug 23, 2025",1161,0
2024-05-11,MaERVzdxaZQ,حفرة كتوصّل لعالم آخر,"Aug 23, 2025",1161,0
2024-05-12,MaERVzdxaZQ,حفرة كتوصّل لعالم آخر,"Aug 23, 2025",1161,0
2024-05-13,MaERVzdxaZQ,حفرة كتوصّل لعالم آخر,"Aug 23, 2025",1161,0
2024-05-14,MaERVzdxaZQ,حفرة كتوصّل لعالم آخر,"Aug 23, 2025",1161,0
2024-05-15,MaERVzdxaZQ,حفرة كتوصّل لعالم آخر,"Aug 23, 2025",1161,0
2024-05-16,MaERVzdxaZQ,حفرة كتوصّل لعالم آخر,"Aug 23, 2025",1161,0
2024-05-17,MaERVzdxaZQ,حفرة كتوصّل لعالم آخر,"Aug 23, 2025",1161,0
2024-05-18,MaERVzdxaZQ,حفرة كتوصّل لعالم آخر,"Aug 23, 2025",1161,0
2024-05-19,MaERVzdxaZQ,حفرة كتوصّل لعالم آخر,"Aug 23, 2025",1161,0
2024-05-20,MaERVzdxaZQ,حفرة كتوصّل لعالم آخر,"Aug 23, 2025",1161,0
2024-05-21,MaERVzdxaZQ,حفرة كتوصّل لعالم آخر,"Aug 23, 2025",1161,0
2024-05-22,MaERVzdxaZQ,حفرة كتوصّل لعالم آخر,"Aug 23, 2025",1161,0
2024-05-23,MaERVzdxaZQ,حفرة كتوصّل لعالم آخر,"Aug 23, 2025",1161,0
2024-05-24,MaERVzdxaZQ,حفرة كتوصّل لعالم آخر,"Aug 23, 2025",1161,0
2024-05-25,MaERVzdxaZQ,حفرة كتوصّل لعالم آخر,"Aug 23, 2025",1161,0
2024-05-26,MaERVzdxaZQ,حفرة كتوصّل لعالم آخر,"Aug 23, 2025",1161,0
2024-05-27,MaERVzdxaZQ,حفرة كتوصّل لعالم آخر,"Aug 23, 2025",1161,0
2024-05-28,MaERVzdxaZQ,حفرة كتوصّل لعالم آخر,"Aug 23, 2025",1161,0
2024-05-29,MaERVzdxaZQ,حفرة كتوصّل لعالم آخر,"Aug 23, 2025",1161,0
2024-05-30,MaERVzdxaZQ,حفرة كتوصّل لعالم آخر,"Aug 23, 2025",1161,0
2024-05-31,MaERVzdxaZQ,حفرة كتوصّل لعالم آخر,"Aug 23, 2025",1161,0
2024-06-01,MaERVzdxaZQ,حفرة كتوصّل لعالم آخر,"Aug 23, 2025",1161,0
2024-06-02,MaERVzdxaZQ,حفرة كتوصّل لعالم آخر,"Aug 23, 2025",1161,0
2024-06-03,MaERVzdxaZQ,حفرة كتوصّل لعالم آخر,"Aug 23, 2025",1161,0
2024-06-04,MaERVzdxaZQ,حفرة كتوصّل لعالم آخر,"Aug 23, 2025",1161,0
2024-06-05,MaERVzdxaZQ,حفرة كتوصّل لعالم آخر,"Aug 23, 2025",1161,0
2024-06-06,MaERVzdxaZQ,حفرة كتوصّل لعالم آخر,"Aug 23, 2025",1161,0
2024-06-07,MaERVzdxaZQ,حفرة كتوصّل لعالم آخر,"Aug 23, 2025",1161,0
2024-06-08,MaERVzdxaZQ,حفرة كتوصّل لعالم آخر,"Aug 23, 2025",1161,0
2024-06-09,MaERVzdxaZQ,حفرة كتوصّل لعالم آخر,"Aug 23, 2025",1161,0
2024-06-10,MaERVzdxaZQ,حفرة كتوصّل لعالم آخر,"Aug 23, 2025",1161,0
2024-06-11,MaERVzdxaZQ,حفرة كتوصّل لعالم آخر,"Aug 23, 2025",1161,0
2024-06-12,MaERVzdxaZQ,حفرة كتوصّل لعالم آخر,"Aug 23, 2025",1161,0
2024-06-13,MaERVzdxaZQ,حفرة كتوصّل لعالم آخر,"Aug 23, 2025",1161,0
2024-06-14,MaERVzdxaZQ,حفرة كتوصّل لعالم آخر,"Aug 23, 2025",1161,0
2024-06-15,MaERVzdxaZQ,حفرة كتوصّل لعالم آخر,"Aug 23, 2025",1161,0
2024-06-16,MaERVzdxaZQ,حفرة كتوصّل لعالم آخر,"Aug 23, 2025",1161,0
2024-06-17,MaERVzdxaZQ,حفرة كتوصّل لعالم آخر,"Aug 23, 2025",1161,0
2024-06-18,MaERVzdxaZQ,حفرة كتوصّل لعالم آخر,"Aug 23, 2025",1161,0
2024-06-19,MaERVzdxaZQ,حفرة كتوصّل لعالم آخر,"Aug 23, 2025",1161,0
2024-06-20,MaERVzdxaZQ,حفرة كتوصّل لعالم آخر,"Aug 23, 2025",1161,0
2024-06-21,MaERVzdxaZQ,حفرة كتوصّل لعالم آخر,"Aug 23, 2025",1161,0
2024-06-22,MaERVzdxaZQ,حفرة كتوصّل لعالم آخر,"Aug 23, 2025",1161,0
2024-06-23,MaERVzdxaZQ,حفرة كتوصّل لعالم آخر,"Aug 23, 2025",1161,0
2024-06-24,MaERVzdxaZQ,حفرة كتوصّل لعالم آخر,"Aug 23, 2025",1161,0
2024-06-25,MaERVzdxaZQ,حفرة كتوصّل لعالم آخر,"Aug 23, 2025",1161,0
2024-06-26,MaERVzdxaZQ,حفرة كتوصّل لعالم آخر,"Aug 23, 2025",1161,0
2024-06-27,MaERVzdxaZQ,حفرة كتوصّل لعالم آخر,"Aug 23, 2025",1161,0
2024-06-28,MaERVzdxaZQ,حفرة كتوصّل لعالم آخر,"Aug 23, 2025",1161,0
2024-06-29,MaERVzdxaZQ,حفرة كتوصّل لعالم آخر,"Aug 23, 2025",1161,0
2024-06-30,MaERVzdxaZQ,حفرة كتوصّل لعالم آخر,"Aug 23, 2025",1161,0
2024-07-01,MaERVzdxaZQ,حفرة كتوصّل لعالم آخر,"Aug 23, 2025",1161,0
2024-07-02,MaERVzdxaZQ,حفرة كتوصّل لعالم آخر,"Aug 23, 2025",1161,0
2024-07-03,MaERVzdxaZQ,حفرة كتوصّل لعالم آخر,"Aug 23, 2025",1161,0
2024-07-04,MaERVzdxaZQ,حفرة كتوصّل لعالم آخر,"Aug 23, 2025",1161,0
2024-07-05,MaERVzdxaZQ,حفرة كتوصّل لعالم آخر,"Aug 23, 2025",1161,0
2024-07-06,MaERVzdxaZQ,حفرة كتوصّل لعالم آخر,"Aug 23, 2025",1161,0
2024-07-07,MaERVzdxaZQ,حفرة كتوصّل لعالم آخر,"Aug 23, 2025",1161,0
2024-07-08,MaERVzdxaZQ,حفرة كتوصّل لعالم آخر,"Aug 23, 2025",1161,0
2024-07-09,MaERVzdxaZQ,حفرة كتوصّل لعالم آخر,"Aug 23, 2025",1161,0
2024-07-10,MaERVzdxaZQ,حفرة كتوصّل لعالم آخر,"Aug 23, 2025",1161,0
2024-07-11,MaERVzdxaZQ,حفرة كتوصّل لعالم آخر,"Aug 23, 2025",1161,0
2024-07-12,MaERVzdxaZQ,حفرة كتوصّل لعالم آخر,"Aug 23, 2025",1161,0
2024-07-13,MaERVzdxaZQ,حفرة كتوصّل لعالم آخر,"Aug 23, 2025",1161,0
2024-07-14,MaERVzdxaZQ,حفرة كتوصّل لعالم آخر,"Aug 23, 2025",1161,0
2024-07-15,MaERVzdxaZQ,حفرة كتوصّل لعالم آخر,"Aug 23, 2025",1161,0
2024-07-16,MaERVzdxaZQ,حفرة كتوصّل لعالم آخر,"Aug 23, 2025",1161,0
2024-07-17,MaERVzdxaZQ,حفرة كتوصّل لعالم آخر,"Aug 23, 2025",1161,0
2024-07-18,MaERVzdxaZQ,حفرة كتوصّل لعالم آخر,"Aug 23, 2025",1161,0
2024-07-19,MaERVzdxaZQ,حفرة كتوصّل لعالم آخر,"Aug 23, 2025",1161,0
2024-07-20,MaERVzdxaZQ,حفرة كتوصّل لعالم آخر,"Aug 23, 2025",1161,0
2024-07-21,MaERVzdxaZQ,حفرة كتوصّل لعالم آخر,"Aug 23, 2025",1161,0
2024-07-22,MaERVzdxaZQ,حفرة كتوصّل لعالم آخر,"Aug 23, 2025",1161,0
2024-07-23,MaERVzdxaZQ,حفرة كتوصّل لعالم آخر,"Aug 23, 2025",1161,0
2024-07-24,MaERVzdxaZQ,حفرة كتوصّل لعالم آخر,"Aug 23, 2025",1161,0
2024-07-25,MaERVzdxaZQ,حفرة كتوصّل لعالم آخر,"Aug 23, 2025",1161,0
2024-07-26,MaERVzdxaZQ,حفرة كتوصّل لعالم آخر,"Aug 23, 2025",1161,0
2024-07-27,MaERVzdxaZQ,حفرة كتوصّل لعالم آخر,"Aug 23, 2025",1161,0
2024-07-28,MaERVzdxaZQ,حفرة كتوصّل لعالم آخر,"Aug 23, 2025",1161,0
2024-07-29,MaERVzdxaZQ,حفرة كتوصّل لعالم آخر,"Aug 23, 2025",1161,0
2024-07-30,MaERVzdxaZQ,حفرة كتوصّل لعالم آخر,"Aug 23, 2025",1161,0
2024-07-31,MaERVzdxaZQ,حفرة كتوصّل لعالم آخر,"Aug 23, 2025",1161,0
2024-08-01,MaERVzdxaZQ,حفرة كتوصّل لعالم آخر,"Aug 23, 2025",1161,0
2024-08-02,MaERVzdxaZQ,حفرة كتوصّل لعالم آخر,"Aug 23, 2025",1161,0
2024-08-03,MaERVzdxaZQ,حفرة كتوصّل لعالم آخر,"Aug 23, 2025",1161,0
2024-08-04,MaERVzdxaZQ,حفرة كتوصّل لعالم آخر,"Aug 23, 2025",1161,0
2024-08-05,MaERVzdxaZQ,حفرة كتوصّل لعالم آخر,"Aug 23, 2025",1161,0
2024-08-06,MaERVzdxaZQ,حفرة كتوصّل لعالم آخر,"Aug 23, 2025",1161,0
2024-08-07,MaERVzdxaZQ,حفرة كتوصّل لعالم آخر,"Aug 23, 2025",1161,0
2024-08-08,MaERVzdxaZQ,حفرة كتوصّل لعالم آخر,"Aug 23, 2025",1161,0
2024-08-09,MaERVzdxaZQ,حفرة كتوصّل لعالم آخر,"Aug 23, 2025",1161,0
2024-08-10,MaERVzdxaZQ,حفرة كتوصّل لعالم آخر,"Aug 23, 2025",1161,0
2024-08-11,MaERVzdxaZQ,حفرة كتوصّل لعالم آخر,"Aug 23, 2025",1161,0
2024-08-12,MaERVzdxaZQ,حفرة كتوصّل لعالم آخر,"Aug 23, 2025",1161,0
2024-08-13,MaERVzdxaZQ,حفرة كتوصّل لعالم آخر,"Aug 23, 2025",1161,0
2024-08-14,MaERVzdxaZQ,حفرة كتوصّل لعالم آخر,"Aug 23, 2025",1161,0
2024-08-15,MaERVzdxaZQ,حفرة كتوصّل لعالم آخر,"Aug 23, 2025",1161,0
2024-08-16,MaERVzdxaZQ,حفرة كتوصّل لعالم آخر,"Aug 23, 2025",1161,0
2024-08-17,MaERVzdxaZQ,حفرة كتوصّل لعالم آخر,"Aug 23, 2025",1161,0
2024-08-18,MaERVzdxaZQ,حفرة كتوصّل لعالم آخر,"Aug 23, 2025",1161,0
2024-08-19,MaERVzdxaZQ,حفرة كتوصّل لعالم آخر,"Aug 23, 2025",1161,0
2024-08-20,MaERVzdxaZQ,حفرة كتوصّل لعالم آخر,"Aug 23, 2025",1161,0
2024-08-21,MaERVzdxaZQ,حفرة كتوصّل لعالم آخر,"Aug 23, 2025",1161,0
2024-08-22,MaERVzdxaZQ,حفرة كتوصّل لعالم آخر,"Aug 23, 2025",1161,0
2024-08-23,MaERVzdxaZQ,حفرة كتوصّل لعالم آخر,"Aug 23, 2025",1161,0
2024-08-24,MaERVzdxaZQ,حفرة كتوصّل لعالم آخر,"Aug 23, 2025",1161,0
2024-08-25,MaERVzdxaZQ,حفرة كتوصّل لعالم آخر,"Aug 23, 2025",1161,0
2024-08-26,MaERVzdxaZQ,حفرة كتوصّل لعالم آخر,"Aug 23, 2025",1161,0
2024-08-27,MaERVzdxaZQ,حفرة كتوصّل لعالم آخر,"Aug 23, 2025",1161,0
2024-08-28,MaERVzdxaZQ,حفرة كتوصّل لعالم آخر,"Aug 23, 2025",1161,0
2024-08-29,MaERVzdxaZQ,حفرة كتوصّل لعالم آخر,"Aug 23, 2025",1161,0
2024-08-30,MaERVzdxaZQ,حفرة كتوصّل لعالم آخر,"Aug 23, 2025",1161,0
2024-08-31,MaERVzdxaZQ,حفرة كتوصّل لعالم آخر,"Aug 23, 2025",1161,0
2024-09-01,MaERVzdxaZQ,حفرة كتوصّل لعالم آخر,"Aug 23, 2025",1161,0
2024-09-02,MaERVzdxaZQ,حفرة كتوصّل لعالم آخر,"Aug 23, 2025",1161,0
2024-09-03,MaERVzdxaZQ,حفرة كتوصّل لعالم آخر,"Aug 23, 2025",1161,0
2024-09-04,MaERVzdxaZQ,حفرة كتوصّل لعالم آخر,"Aug 23, 2025",1161,0
2024-09-05,MaERVzdxaZQ,حفرة كتوصّل لعالم آخر,"Aug 23, 2025",1161,0
2024-09-06,MaERVzdxaZQ,حفرة كتوصّل لعالم آخر,"Aug 23, 2025",1161,0
2024-09-07,MaERVzdxaZQ,حفرة كتوصّل لعالم آخر,"Aug 23, 2025",1161,0
2024-09-08,MaERVzdxaZQ,حفرة كتوصّل لعالم آخر,"Aug 23, 2025",1161,0
2024-09-09,MaERVzdxaZQ,حفرة كتوصّل لعالم آخر,"Aug 23, 2025",1161,0
2024-09-10,MaERVzdxaZQ,حفرة كتوصّل لعالم آخر,"Aug 23, 2025",1161,0
2024-09-11,MaERVzdxaZQ,حفرة كتوصّل لعالم آخر,"Aug 23, 2025",1161,0
2024-09-12,MaERVzdxaZQ,حفرة كتوصّل لعالم آخر,"Aug 23, 2025",1161,0
2024-09-13,MaERVzdxaZQ,حفرة كتوصّل لعالم آخر,"Aug 23, 2025",1161,0
2024-09-14,MaERVzdxaZQ,حفرة كتوصّل لعالم آخر,"Aug 23, 2025",1161,0
2024-09-15,MaERVzdxaZQ,حفرة كتوصّل لعالم آخر,"Aug 23, 2025",1161,0
2024-09-16,MaERVzdxaZQ,حفرة كتوصّل لعالم آخر,"Aug 23, 2025",1161,0
2024-09-17,MaERVzdxaZQ,حفرة كتوصّل لعالم آخر,"Aug 23, 2025",1161,0
2024-09-18,MaERVzdxaZQ,حفرة كتوصّل لعالم آخر,"Aug 23, 2025",1161,0
2024-09-19,MaERVzdxaZQ,حفرة كتوصّل لعالم آخر,"Aug 23, 2025",1161,0
2024-09-20,MaERVzdxaZQ,حفرة كتوصّل لعالم آخر,"Aug 23, 2025",1161,0
2024-09-21,MaERVzdxaZQ,حفرة كتوصّل لعالم آخر,"Aug 23, 2025",1161,0
2024-09-22,MaERVzdxaZQ,حفرة كتوصّل لعالم آخر,"Aug 23, 2025",1161,0
2024-09-23,MaERVzdxaZQ,حفرة كتوصّل لعالم آخر,"Aug 23, 2025",1161,0
2024-09-24,MaERVzdxaZQ,حفرة كتوصّل لعالم آخر,"Aug 23, 2025",1161,0
2024-09-25,MaERVzdxaZQ,حفرة كتوصّل لعالم آخر,"Aug 23, 2025",1161,0
2024-09-26,MaERVzdxaZQ,حفرة كتوصّل لعالم آخر,"Aug 23, 2025",1161,0
2024-09-27,MaERVzdxaZQ,حفرة كتوصّل لعالم آخر,"Aug 23, 2025",1161,0
2024-09-28,MaERVzdxaZQ,حفرة كتوصّل لعالم آخر,"Aug 23, 2025",1161,0
2024-09-29,MaERVzdxaZQ,حفرة كتوصّل لعالم آخر,"Aug 23, 2025",1161,0
2024-09-30,MaERVzdxaZQ,حفرة كتوصّل لعالم آخر,"Aug 23, 2025",1161,0
2024-10-01,MaERVzdxaZQ,حفرة كتوصّل لعالم آخر,"Aug 23, 2025",1161,0
2024-10-02,MaERVzdxaZQ,حفرة كتوصّل لعالم آخر,"Aug 23, 2025",1161,0
2024-10-03,MaERVzdxaZQ,حفرة كتوصّل لعالم آخر,"Aug 23, 2025",1161,0
2024-10-04,MaERVzdxaZQ,حفرة كتوصّل لعالم آخر,"Aug 23, 2025",1161,0
2024-10-05,MaERVzdxaZQ,حفرة كتوصّل لعالم آخر,"Aug 23, 2025",1161,0
2024-10-06,MaERVzdxaZQ,حفرة كتوصّل لعالم آخر,"Aug 23, 2025",1161,0
2024-10-07,MaERVzdxaZQ,حفرة كتوصّل لعالم آخر,"Aug 23, 2025",1161,0
2024-10-08,MaERVzdxaZQ,حفرة كتوصّل لعالم آخر,"Aug 23, 2025",1161,0
2024-10-09,MaERVzdxaZQ,حفرة كتوصّل لعالم آخر,"Aug 23, 2025",1161,0
2024-10-10,MaERVzdxaZQ,حفرة كتوصّل لعالم آخر,"Aug 23, 2025",1161,0
2024-10-11,MaERVzdxaZQ,حفرة كتوصّل لعالم آخر,"Aug 23, 2025",1161,0
2024-10-12,MaERVzdxaZQ,حفرة كتوصّل لعالم آخر,"Aug 23, 2025",1161,0
2024-10-13,MaERVzdxaZQ,حفرة كتوصّل لعالم آخر,"Aug 23, 2025",1161,0
2024-10-14,MaERVzdxaZQ,حفرة كتوصّل لعالم آخر,"Aug 23, 2025",1161,0
2024-10-15,MaERVzdxaZQ,حفرة كتوصّل لعالم آخر,"Aug 23, 2025",1161,0
2024-10-16,MaERVzdxaZQ,حفرة كتوصّل لعالم آخر,"Aug 23, 2025",1161,0
2024-10-17,MaERVzdxaZQ,حفرة كتوصّل لعالم آخر,"Aug 23, 2025",1161,0
2024-10-18,MaERVzdxaZQ,حفرة كتوصّل لعالم آخر,"Aug 23, 2025",1161,0
2024-10-19,MaERVzdxaZQ,حفرة كتوصّل لعالم آخر,"Aug 23, 2025",1161,0
2024-10-20,MaERVzdxaZQ,حفرة كتوصّل لعالم آخر,"Aug 23, 2025",1161,0
2024-10-21,MaERVzdxaZQ,حفرة كتوصّل لعالم آخر,"Aug 23, 2025",1161,0
2024-10-22,MaERVzdxaZQ,حفرة كتوصّل لعالم آخر,"Aug 23, 2025",1161,0
2024-10-23,MaERVzdxaZQ,حفرة كتوصّل لعالم آخر,"Aug 23, 2025",1161,0
2024-10-24,MaERVzdxaZQ,حفرة كتوصّل لعالم آخر,"Aug 23, 2025",1161,0
2024-10-25,MaERVzdxaZQ,حفرة كتوصّل لعالم آخر,"Aug 23, 2025",1161,0
2024-10-26,MaERVzdxaZQ,حفرة كتوصّل لعالم آخر,"Aug 23, 2025",1161,0
2024-10-27,MaERVzdxaZQ,حفرة كتوصّل لعالم آخر,"Aug 23, 2025",1161,0
2024-10-28,MaERVzdxaZQ,حفرة كتوصّل لعالم آخر,"Aug 23, 2025",1161,0
2024-10-29,MaERVzdxaZQ,حفرة كتوصّل لعالم آخر,"Aug 23, 2025",1161,0
2024-10-30,MaERVzdxaZQ,حفرة كتوصّل لعالم آخر,"Aug 23, 2025",1161,0
2024-10-31,MaERVzdxaZQ,حفرة كتوصّل لعالم آخر,"Aug 23, 2025",1161,0
2024-11-01,MaERVzdxaZQ,حفرة كتوصّل لعالم آخر,"Aug 23, 2025",1161,0
2024-11-02,MaERVzdxaZQ,حفرة كتوصّل لعالم آخر,"Aug 23, 2025",1161,0
2024-11-03,MaERVzdxaZQ,حفرة كتوصّل لعالم آخر,"Aug 23, 2025",1161,0
2024-11-04,MaERVzdxaZQ,حفرة كتوصّل لعالم آخر,"Aug 23, 2025",1161,0
2024-11-05,MaERVzdxaZQ,حفرة كتوصّل لعالم آخر,"Aug 23, 2025",1161,0
2024-11-06,MaERVzdxaZQ,حفرة كتوصّل لعالم آخر,"Aug 23, 2025",1161,0
2024-11-07,MaERVzdxaZQ,حفرة كتوصّل لعالم آخر,"Aug 23, 2025",1161,0
2024-11-08,MaERVzdxaZQ,حفرة كتوصّل لعالم آخر,"Aug 23, 2025",1161,0
2024-11-09,MaERVzdxaZQ,حفرة كتوصّل لعالم آخر,"Aug 23, 2025",1161,0
2024-11-10,MaERVzdxaZQ,حفرة كتوصّل لعالم آخر,"Aug 23, 2025",1161,0
2024-11-11,MaERVzdxaZQ,حفرة كتوصّل لعالم آخر,"Aug 23, 2025",1161,0
2024-11-12,MaERVzdxaZQ,حفرة كتوصّل لعالم آخر,"Aug 23, 2025",1161,0
2024-11-13,MaERVzdxaZQ,حفرة كتوصّل لعالم آخر,"Aug 23, 2025",1161,0
2024-11-14,MaERVzdxaZQ,حفرة كتوصّل لعالم آخر,"Aug 23, 2025",1161,0
2024-11-15,MaERVzdxaZQ,حفرة كتوصّل لعالم آخر,"Aug 23, 2025",1161,0
2024-11-16,MaERVzdxaZQ,حفرة كتوصّل لعالم آخر,"Aug 23, 2025",1161,0
2024-11-17,MaERVzdxaZQ,حفرة كتوصّل لعالم آخر,"Aug 23, 2025",1161,0
2024-11-18,MaERVzdxaZQ,حفرة كتوصّل لعالم آخر,"Aug 23, 2025",1161,0
2024-11-19,MaERVzdxaZQ,حفرة كتوصّل لعالم آخر,"Aug 23, 2025",1161,0
2024-11-20,MaERVzdxaZQ,حفرة كتوصّل لعالم آخر,"Aug 23, 2025",1161,0
2024-11-21,MaERVzdxaZQ,حفرة كتوصّل لعالم آخر,"Aug 23, 2025",1161,0
2024-11-22,MaERVzdxaZQ,حفرة كتوصّل لعالم آخر,"Aug 23, 2025",1161,0
2024-11-23,MaERVzdxaZQ,حفرة كتوصّل لعالم آخر,"Aug 23, 2025",1161,0
2024-11-24,MaERVzdxaZQ,حفرة كتوصّل لعالم آخر,"Aug 23, 2025",1161,0
2024-11-25,MaERVzdxaZQ,حفرة كتوصّل لعالم آخر,"Aug 23, 2025",1161,0
2024-11-26,MaERVzdxaZQ,حفرة كتوصّل لعالم آخر,"Aug 23, 2025",1161,0
2024-11-27,MaERVzdxaZQ,حفرة كتوصّل لعالم آخر,"Aug 23, 2025",1161,0
2024-11-28,MaERVzdxaZQ,حفرة كتوصّل لعالم آخر,"Aug 23, 2025",1161,0
2024-11-29,MaERVzdxaZQ,حفرة كتوصّل لعالم آخر,"Aug 23, 2025",1161,0
2024-11-30,MaERVzdxaZQ,حفرة كتوصّل لعالم آخر,"Aug 23, 2025",1161,0
2024-12-01,MaERVzdxaZQ,حفرة كتوصّل لعالم آخر,"Aug 23, 2025",1161,0
2024-12-02,MaERVzdxaZQ,حفرة كتوصّل لعالم آخر,"Aug 23, 2025",1161,0
2024-12-03,MaERVzdxaZQ,حفرة كتوصّل لعالم آخر,"Aug 23, 2025",1161,0
2024-12-04,MaERVzdxaZQ,حفرة كتوصّل لعالم آخر,"Aug 23, 2025",1161,0
2024-12-05,MaERVzdxaZQ,حفرة كتوصّل لعالم آخر,"Aug 23, 2025",1161,0
2024-12-06,MaERVzdxaZQ,حفرة كتوصّل لعالم آخر,"Aug 23, 2025",1161,0
2024-12-07,MaERVzdxaZQ,حفرة كتوصّل لعالم آخر,"Aug 23, 2025",1161,0
2024-12-08,MaERVzdxaZQ,حفرة كتوصّل لعالم آخر,"Aug 23, 2025",1161,0
2024-12-09,MaERVzdxaZQ,حفرة كتوصّل لعالم آخر,"Aug 23, 2025",1161,0
2024-12-10,MaERVzdxaZQ,حفرة كتوصّل لعالم آخر,"Aug 23, 2025",1161,0
2024-12-11,MaERVzdxaZQ,حفرة كتوصّل لعالم آخر,"Aug 23, 2025",1161,0
2024-12-12,MaERVzdxaZQ,حفرة كتوصّل لعالم آخر,"Aug 23, 2025",1161,0
2024-12-13,MaERVzdxaZQ,حفرة كتوصّل لعالم آخر,"Aug 23, 2025",1161,0
2024-12-14,MaERVzdxaZQ,حفرة كتوصّل لعالم آخر,"Aug 23, 2025",1161,0
2024-12-15,MaERVzdxaZQ,حفرة كتوصّل لعالم آخر,"Aug 23, 2025",1161,0
2024-12-16,MaERVzdxaZQ,حفرة كتوصّل لعالم آخر,"Aug 23, 2025",1161,0
2024-12-17,MaERVzdxaZQ,حفرة كتوصّل لعالم آخر,"Aug 23, 2025",1161,0
2024-12-18,MaERVzdxaZQ,حفرة كتوصّل لعالم آخر,"Aug 23, 2025",1161,0
2024-12-19,MaERVzdxaZQ,حفرة كتوصّل لعالم آخر,"Aug 23, 2025",1161,0
2024-12-20,MaERVzdxaZQ,حفرة كتوصّل لعالم آخر,"Aug 23, 2025",1161,0
2024-12-21,MaERVzdxaZQ,حفرة كتوصّل لعالم آخر,"Aug 23, 2025",1161,0
2024-12-22,MaERVzdxaZQ,حفرة كتوصّل لعالم آخر,"Aug 23, 2025",1161,0
2024-12-23,MaERVzdxaZQ,حفرة كتوصّل لعالم آخر,"Aug 23, 2025",1161,0
2024-12-24,MaERVzdxaZQ,حفرة كتوصّل لعالم آخر,"Aug 23, 2025",1161,0
2024-12-25,MaERVzdxaZQ,حفرة كتوصّل لعالم آخر,"Aug 23, 2025",1161,0
2024-12-26,MaERVzdxaZQ,حفرة كتوصّل لعالم آخر,"Aug 23, 2025",1161,0
2024-12-27,MaERVzdxaZQ,حفرة كتوصّل لعالم آخر,"Aug 23, 2025",1161,0
2024-12-28,MaERVzdxaZQ,حفرة كتوصّل لعالم آخر,"Aug 23, 2025",1161,0
2024-12-29,MaERVzdxaZQ,حفرة كتوصّل لعالم آخر,"Aug 23, 2025",1161,0
2024-12-30,MaERVzdxaZQ,حفرة كتوصّل لعالم آخر,"Aug 23, 2025",1161,0
2024-12-31,MaERVzdxaZQ,حفرة كتوصّل لعالم آخر,"Aug 23, 2025",1161,0
2025-01-01,MaERVzdxaZQ,حفرة كتوصّل لعالم آخر,"Aug 23, 2025",1161,0
2025-01-02,MaERVzdxaZQ,حفرة كتوصّل لعالم آخر,"Aug 23, 2025",1161,0
2025-01-03,MaERVzdxaZQ,حفرة كتوصّل لعالم آخر,"Aug 23, 2025",1161,0
2025-01-04,MaERVzdxaZQ,حفرة كتوصّل لعالم آخر,"Aug 23, 2025",1161,0
2025-01-05,MaERVzdxaZQ,حفرة كتوصّل لعالم آخر,"Aug 23, 2025",1161,0
2025-01-06,MaERVzdxaZQ,حفرة كتوصّل لعالم آخر,"Aug 23, 2025",1161,0
2025-01-07,MaERVzdxaZQ,حفرة كتوصّل لعالم آخر,"Aug 23, 2025",1161,0
2025-01-08,MaERVzdxaZQ,حفرة كتوصّل لعالم آخر,"Aug 23, 2025",1161,0
2025-01-09,MaERVzdxaZQ,حفرة كتوصّل لعالم آخر,"Aug 23, 2025",1161,0
2025-01-10,MaERVzdxaZQ,حفرة كتوصّل لعالم آخر,"Aug 23, 2025",1161,0
2025-01-11,MaERVzdxaZQ,حفرة كتوصّل لعالم آخر,"Aug 23, 2025",1161,0
2025-01-12,MaERVzdxaZQ,حفرة كتوصّل لعالم آخر,"Aug 23, 2025",1161,0
2025-01-13,MaERVzdxaZQ,حفرة كتوصّل لعالم آخر,"Aug 23, 2025",1161,0
2025-01-14,MaERVzdxaZQ,حفرة كتوصّل لعالم آخر,"Aug 23, 2025",1161,0
2025-01-15,MaERVzdxaZQ,حفرة كتوصّل لعالم آخر,"Aug 23, 2025",1161,0
2025-01-16,MaERVzdxaZQ,حفرة كتوصّل لعالم آخر,"Aug 23, 2025",1161,0
2025-01-17,MaERVzdxaZQ,حفرة كتوصّل لعالم آخر,"Aug 23, 2025",1161,0
2025-01-18,MaERVzdxaZQ,حفرة كتوصّل لعالم آخر,"Aug 23, 2025",1161,0
2025-01-19,MaERVzdxaZQ,حفرة كتوصّل لعالم آخر,"Aug 23, 2025",1161,0
2025-01-20,MaERVzdxaZQ,حفرة كتوصّل لعالم آخر,"Aug 23, 2025",1161,0
2025-01-21,MaERVzdxaZQ,حفرة كتوصّل لعالم آخر,"Aug 23, 2025",1161,0
2025-01-22,MaERVzdxaZQ,حفرة كتوصّل لعالم آخر,"Aug 23, 2025",1161,0
2025-01-23,MaERVzdxaZQ,حفرة كتوصّل لعالم آخر,"Aug 23, 2025",1161,0
2025-01-24,MaERVzdxaZQ,حفرة كتوصّل لعالم آخر,"Aug 23, 2025",1161,0
2025-01-25,MaERVzdxaZQ,حفرة كتوصّل لعالم آخر,"Aug 23, 2025",1161,0
2025-01-26,MaERVzdxaZQ,حفرة كتوصّل لعالم آخر,"Aug 23, 2025",1161,0
2025-01-27,MaERVzdxaZQ,حفرة كتوصّل لعالم آخر,"Aug 23, 2025",1161,0
2025-01-28,MaERVzdxaZQ,حفرة كتوصّل لعالم آخر,"Aug 23, 2025",1161,0
2025-01-29,MaERVzdxaZQ,حفرة كتوصّل لعالم آخر,"Aug 23, 2025",1161,0
2025-01-30,MaERVzdxaZQ,حفرة كتوصّل لعالم آخر,"Aug 23, 2025",1161,0
2025-01-31,MaERVzdxaZQ,حفرة كتوصّل لعالم آخر,"Aug 23, 2025",1161,0
2025-02-01,MaERVzdxaZQ,حفرة كتوصّل لعالم آخر,"Aug 23, 2025",1161,0
2025-02-02,MaERVzdxaZQ,حفرة كتوصّل لعالم آخر,"Aug 23, 2025",1161,0
2025-02-03,MaERVzdxaZQ,حفرة كتوصّل لعالم آخر,"Aug 23, 2025",1161,0
2025-02-04,MaERVzdxaZQ,حفرة كتوصّل لعالم آخر,"Aug 23, 2025",1161,0
2025-02-05,MaERVzdxaZQ,حفرة كتوصّل لعالم آخر,"Aug 23, 2025",1161,0
2025-02-06,MaERVzdxaZQ,حفرة كتوصّل لعالم آخر,"Aug 23, 2025",1161,0
2025-02-07,MaERVzdxaZQ,حفرة كتوصّل لعالم آخر,"Aug 23, 2025",1161,0
2025-02-08,MaERVzdxaZQ,حفرة كتوصّل لعالم آخر,"Aug 23, 2025",1161,0
2025-02-09,MaERVzdxaZQ,حفرة كتوصّل لعالم آخر,"Aug 23, 2025",1161,0
2025-02-10,MaERVzdxaZQ,حفرة كتوصّل لعالم آخر,"Aug 23, 2025",1161,0
2025-02-11,MaERVzdxaZQ,حفرة كتوصّل لعالم آخر,"Aug 23, 2025",1161,0
2025-02-12,MaERVzdxaZQ,حفرة كتوصّل لعالم آخر,"Aug 23, 2025",1161,0
2025-02-13,MaERVzdxaZQ,حفرة كتوصّل لعالم آخر,"Aug 23, 2025",1161,0
2025-02-14,MaERVzdxaZQ,حفرة كتوصّل لعالم آخر,"Aug 23, 2025",1161,0
2025-02-15,MaERVzdxaZQ,حفرة كتوصّل لعالم آخر,"Aug 23, 2025",1161,0
2025-02-16,MaERVzdxaZQ,حفرة كتوصّل لعالم آخر,"Aug 23, 2025",1161,0
2025-02-17,MaERVzdxaZQ,حفرة كتوصّل لعالم آخر,"Aug 23, 2025",1161,0
2025-02-18,MaERVzdxaZQ,حفرة كتوصّل لعالم آخر,"Aug 23, 2025",1161,0
2025-02-19,MaERVzdxaZQ,حفرة كتوصّل لعالم آخر,"Aug 23, 2025",1161,0
2025-02-20,MaERVzdxaZQ,حفرة كتوصّل لعالم آخر,"Aug 23, 2025",1161,0
2025-02-21,MaERVzdxaZQ,حفرة كتوصّل لعالم آخر,"Aug 23, 2025",1161,0
2025-02-22,MaERVzdxaZQ,حفرة كتوصّل لعالم آخر,"Aug 23, 2025",1161,0
2025-02-23,MaERVzdxaZQ,حفرة كتوصّل لعالم آخر,"Aug 23, 2025",1161,0
2025-02-24,MaERVzdxaZQ,حفرة كتوصّل لعالم آخر,"Aug 23, 2025",1161,0
2025-02-25,MaERVzdxaZQ,حفرة كتوصّل لعالم آخر,"Aug 23, 2025",1161,0
2025-02-26,MaERVzdxaZQ,حفرة كتوصّل لعالم آخر,"Aug 23, 2025",1161,0
2025-02-27,MaERVzdxaZQ,حفرة كتوصّل لعالم آخر,"Aug 23, 2025",1161,0
2025-02-28,MaERVzdxaZQ,حفرة كتوصّل لعالم آخر,"Aug 23, 2025",1161,0
2025-03-01,MaERVzdxaZQ,حفرة كتوصّل لعالم آخر,"Aug 23, 2025",1161,0
2025-03-02,MaERVzdxaZQ,حفرة كتوصّل لعالم آخر,"Aug 23, 2025",1161,0
2025-03-03,MaERVzdxaZQ,حفرة كتوصّل لعالم آخر,"Aug 23, 2025",1161,0
2025-03-04,MaERVzdxaZQ,حفرة كتوصّل لعالم آخر,"Aug 23, 2025",1161,0
2025-03-05,MaERVzdxaZQ,حفرة كتوصّل لعالم آخر,"Aug 23, 2025",1161,0
2025-03-06,MaERVzdxaZQ,حفرة كتوصّل لعالم آخر,"Aug 23, 2025",1161,0
2025-03-07,MaERVzdxaZQ,حفرة كتوصّل لعالم آخر,"Aug 23, 2025",1161,0
2025-03-08,MaERVzdxaZQ,حفرة كتوصّل لعالم آخر,"Aug 23, 2025",1161,0
2025-03-09,MaERVzdxaZQ,حفرة كتوصّل لعالم آخر,"Aug 23, 2025",1161,0
2025-03-10,MaERVzdxaZQ,حفرة كتوصّل لعالم آخر,"Aug 23, 2025",1161,0
2025-03-11,MaERVzdxaZQ,حفرة كتوصّل لعالم آخر,"Aug 23, 2025",1161,0
2025-03-12,MaERVzdxaZQ,حفرة كتوصّل لعالم آخر,"Aug 23, 2025",1161,0
2025-03-13,MaERVzdxaZQ,حفرة كتوصّل لعالم آخر,"Aug 23, 2025",1161,0
2025-03-14,MaERVzdxaZQ,حفرة كتوصّل لعالم آخر,"Aug 23, 2025",1161,0
2025-03-15,MaERVzdxaZQ,حفرة كتوصّل لعالم آخر,"Aug 23, 2025",1161,0
2025-03-16,MaERVzdxaZQ,حفرة كتوصّل لعالم آخر,"Aug 23, 2025",1161,0
2025-03-17,MaERVzdxaZQ,حفرة كتوصّل لعالم آخر,"Aug 23, 2025",1161,0
2025-03-18,MaERVzdxaZQ,حفرة كتوصّل لعالم آخر,"Aug 23, 2025",1161,0
2025-03-19,MaERVzdxaZQ,حفرة كتوصّل لعالم آخر,"Aug 23, 2025",1161,0
2025-03-20,MaERVzdxaZQ,حفرة كتوصّل لعالم آخر,"Aug 23, 2025",1161,0
2025-03-21,MaERVzdxaZQ,حفرة كتوصّل لعالم آخر,"Aug 23, 2025",1161,0
2025-03-22,MaERVzdxaZQ,حفرة كتوصّل لعالم آخر,"Aug 23, 2025",1161,0
2025-03-23,MaERVzdxaZQ,حفرة كتوصّل لعالم آخر,"Aug 23, 2025",1161,0
2025-03-24,MaERVzdxaZQ,حفرة كتوصّل لعالم آخر,"Aug 23, 2025",1161,0
2025-03-25,MaERVzdxaZQ,حفرة كتوصّل لعالم آخر,"Aug 23, 2025",1161,0
2025-03-26,MaERVzdxaZQ,حفرة كتوصّل لعالم آخر,"Aug 23, 2025",1161,0
2025-03-27,MaERVzdxaZQ,حفرة كتوصّل لعالم آخر,"Aug 23, 2025",1161,0
2025-03-28,MaERVzdxaZQ,حفرة كتوصّل لعالم آخر,"Aug 23, 2025",1161,0
2025-03-29,MaERVzdxaZQ,حفرة كتوصّل لعالم آخر,"Aug 23, 2025",1161,0
2025-03-30,MaERVzdxaZQ,حفرة كتوصّل لعالم آخر,"Aug 23, 2025",1161,0
2025-03-31,MaERVzdxaZQ,حفرة كتوصّل لعالم آخر,"Aug 23, 2025",1161,0
2025-04-01,MaERVzdxaZQ,حفرة كتوصّل لعالم آخر,"Aug 23, 2025",1161,0
2025-04-02,MaERVzdxaZQ,حفرة كتوصّل لعالم آخر,"Aug 23, 2025",1161,0
2025-04-03,MaERVzdxaZQ,حفرة كتوصّل لعالم آخر,"Aug 23, 2025",1161,0
2025-04-04,MaERVzdxaZQ,حفرة كتوصّل لعالم آخر,"Aug 23, 2025",1161,0
2025-04-05,MaERVzdxaZQ,حفرة كتوصّل لعالم آخر,"Aug 23, 2025",1161,0
2025-04-06,MaERVzdxaZQ,حفرة كتوصّل لعالم آخر,"Aug 23, 2025",1161,0
2025-04-07,MaERVzdxaZQ,حفرة كتوصّل لعالم آخر,"Aug 23, 2025",1161,0
2025-04-08,MaERVzdxaZQ,حفرة كتوصّل لعالم آخر,"Aug 23, 2025",1161,0
2025-04-09,MaERVzdxaZQ,حفرة كتوصّل لعالم آخر,"Aug 23, 2025",1161,0
2025-04-10,MaERVzdxaZQ,حفرة كتوصّل لعالم آخر,"Aug 23, 2025",1161,0
2025-04-11,MaERVzdxaZQ,حفرة كتوصّل لعالم آخر,"Aug 23, 2025",1161,0
2025-04-12,MaERVzdxaZQ,حفرة كتوصّل لعالم آخر,"Aug 23, 2025",1161,0
2025-04-13,MaERVzdxaZQ,حفرة كتوصّل لعالم آخر,"Aug 23, 2025",1161,0
2025-04-14,MaERVzdxaZQ,حفرة كتوصّل لعالم آخر,"Aug 23, 2025",1161,0
2025-04-15,MaERVzdxaZQ,حفرة كتوصّل لعالم آخر,"Aug 23, 2025",1161,0
2025-04-16,MaERVzdxaZQ,حفرة كتوصّل لعالم آخر,"Aug 23, 2025",1161,0
2025-04-17,MaERVzdxaZQ,حفرة كتوصّل لعالم آخر,"Aug 23, 2025",1161,0
2025-04-18,MaERVzdxaZQ,حفرة كتوصّل لعالم آخر,"Aug 23, 2025",1161,0
2025-04-19,MaERVzdxaZQ,حفرة كتوصّل لعالم آخر,"Aug 23, 2025",1161,0
2025-04-20,MaERVzdxaZQ,حفرة كتوصّل لعالم آخر,"Aug 23, 2025",1161,0
2025-04-21,MaERVzdxaZQ,حفرة كتوصّل لعالم آخر,"Aug 23, 2025",1161,0
2025-04-22,MaERVzdxaZQ,حفرة كتوصّل لعالم آخر,"Aug 23, 2025",1161,0
2025-04-23,MaERVzdxaZQ,حفرة كتوصّل لعالم آخر,"Aug 23, 2025",1161,0
2025-04-24,MaERVzdxaZQ,حفرة كتوصّل لعالم آخر,"Aug 23, 2025",1161,0
2025-04-25,MaERVzdxaZQ,حفرة كتوصّل لعالم آخر,"Aug 23, 2025",1161,0
2025-04-26,MaERVzdxaZQ,حفرة كتوصّل لعالم آخر,"Aug 23, 2025",1161,0
2025-04-27,MaERVzdxaZQ,حفرة كتوصّل لعالم آخر,"Aug 23, 2025",1161,0
2025-04-28,MaERVzdxaZQ,حفرة كتوصّل لعالم آخر,"Aug 23, 2025",1161,0
2025-04-29,MaERVzdxaZQ,حفرة كتوصّل لعالم آخر,"Aug 23, 2025",1161,0
2025-04-30,MaERVzdxaZQ,حفرة كتوصّل لعالم آخر,"Aug 23, 2025",1161,0
2025-05-01,MaERVzdxaZQ,حفرة كتوصّل لعالم آخر,"Aug 23, 2025",1161,0
2025-05-02,MaERVzdxaZQ,حفرة كتوصّل لعالم آخر,"Aug 23, 2025",1161,0
2025-05-03,MaERVzdxaZQ,حفرة كتوصّل لعالم آخر,"Aug 23, 2025",1161,0
2025-05-04,MaERVzdxaZQ,حفرة كتوصّل لعالم آخر,"Aug 23, 2025",1161,0
2025-05-05,MaERVzdxaZQ,حفرة كتوصّل لعالم آخر,"Aug 23, 2025",1161,0
2025-05-06,MaERVzdxaZQ,حفرة كتوصّل لعالم آخر,"Aug 23, 2025",1161,0
2025-05-07,MaERVzdxaZQ,حفرة كتوصّل لعالم آخر,"Aug 23, 2025",1161,0
2025-05-08,MaERVzdxaZQ,حفرة كتوصّل لعالم آخر,"Aug 23, 2025",1161,0
2025-05-09,MaERVzdxaZQ,حفرة كتوصّل لعالم آخر,"Aug 23, 2025",1161,0
2025-05-10,MaERVzdxaZQ,حفرة كتوصّل لعالم آخر,"Aug 23, 2025",1161,0
2025-05-11,MaERVzdxaZQ,حفرة كتوصّل لعالم آخر,"Aug 23, 2025",1161,0
2025-05-12,MaERVzdxaZQ,حفرة كتوصّل لعالم آخر,"Aug 23, 2025",1161,0
2025-05-13,MaERVzdxaZQ,حفرة كتوصّل لعالم آخر,"Aug 23, 2025",1161,0
2025-05-14,MaERVzdxaZQ,حفرة كتوصّل لعالم آخر,"Aug 23, 2025",1161,0
2025-05-15,MaERVzdxaZQ,حفرة كتوصّل لعالم آخر,"Aug 23, 2025",1161,0
2025-05-16,MaERVzdxaZQ,حفرة كتوصّل لعالم آخر,"Aug 23, 2025",1161,0
2025-05-17,MaERVzdxaZQ,حفرة كتوصّل لعالم آخر,"Aug 23, 2025",1161,0
2025-05-18,MaERVzdxaZQ,حفرة كتوصّل لعالم آخر,"Aug 23, 2025",1161,0
2025-05-19,MaERVzdxaZQ,حفرة كتوصّل لعالم آخر,"Aug 23, 2025",1161,0
2025-05-20,MaERVzdxaZQ,حفرة كتوصّل لعالم آخر,"Aug 23, 2025",1161,0
2025-05-21,MaERVzdxaZQ,حفرة كتوصّل لعالم آخر,"Aug 23, 2025",1161,0
2025-05-22,MaERVzdxaZQ,حفرة كتوصّل لعالم آخر,"Aug 23, 2025",1161,0
2025-05-23,MaERVzdxaZQ,حفرة كتوصّل لعالم آخر,"Aug 23, 2025",1161,0
2025-05-24,MaERVzdxaZQ,حفرة كتوصّل لعالم آخر,"Aug 23, 2025",1161,0
2025-05-25,MaERVzdxaZQ,حفرة كتوصّل لعالم آخر,"Aug 23, 2025",1161,0
2025-05-26,MaERVzdxaZQ,حفرة كتوصّل لعالم آخر,"Aug 23, 2025",1161,0
2025-05-27,MaERVzdxaZQ,حفرة كتوصّل لعالم آخر,"Aug 23, 2025",1161,0
2025-05-28,MaERVzdxaZQ,حفرة كتوصّل لعالم آخر,"Aug 23, 2025",1161,0
2025-05-29,MaERVzdxaZQ,حفرة كتوصّل لعالم آخر,"Aug 23, 2025",1161,0
2025-05-30,MaERVzdxaZQ,حفرة كتوصّل لعالم آخر,"Aug 23, 2025",1161,0
2025-05-31,MaERVzdxaZQ,حفرة كتوصّل لعالم آخر,"Aug 23, 2025",1161,0
2025-06-01,MaERVzdxaZQ,حفرة كتوصّل لعالم آخر,"Aug 23, 2025",1161,0
2025-06-02,MaERVzdxaZQ,حفرة كتوصّل لعالم آخر,"Aug 23, 2025",1161,0
2025-06-03,MaERVzdxaZQ,حفرة كتوصّل لعالم آخر,"Aug 23, 2025",1161,0
2025-06-04,MaERVzdxaZQ,حفرة كتوصّل لعالم آخر,"Aug 23, 2025",1161,0
2025-06-05,MaERVzdxaZQ,حفرة كتوصّل لعالم آخر,"Aug 23, 2025",1161,0
2025-06-06,MaERVzdxaZQ,حفرة كتوصّل لعالم آخر,"Aug 23, 2025",1161,0
2025-06-07,MaERVzdxaZQ,حفرة كتوصّل لعالم آخر,"Aug 23, 2025",1161,0
2025-06-08,MaERVzdxaZQ,حفرة كتوصّل لعالم آخر,"Aug 23, 2025",1161,0
2025-06-09,MaERVzdxaZQ,حفرة كتوصّل لعالم آخر,"Aug 23, 2025",1161,0
2025-06-10,MaERVzdxaZQ,حفرة كتوصّل لعالم آخر,"Aug 23, 2025",1161,0
2025-06-11,MaERVzdxaZQ,حفرة كتوصّل لعالم آخر,"Aug 23, 2025",1161,0
2025-06-12,MaERVzdxaZQ,حفرة كتوصّل لعالم آخر,"Aug 23, 2025",1161,0
2025-06-13,MaERVzdxaZQ,حفرة كتوصّل لعالم آخر,"Aug 23, 2025",1161,0
2025-06-14,MaERVzdxaZQ,حفرة كتوصّل لعالم آخر,"Aug 23, 2025",1161,0
2025-06-15,MaERVzdxaZQ,حفرة كتوصّل لعالم آخر,"Aug 23, 2025",1161,0
2025-06-16,MaERVzdxaZQ,حفرة كتوصّل لعالم آخر,"Aug 23, 2025",1161,0
2025-06-17,MaERVzdxaZQ,حفرة كتوصّل لعالم آخر,"Aug 23, 2025",1161,0
2025-06-18,MaERVzdxaZQ,حفرة كتوصّل لعالم آخر,"Aug 23, 2025",1161,0
2025-06-19,MaERVzdxaZQ,حفرة كتوصّل لعالم آخر,"Aug 23, 2025",1161,0
2025-06-20,MaERVzdxaZQ,حفرة كتوصّل لعالم آخر,"Aug 23, 2025",1161,0
2025-06-21,MaERVzdxaZQ,حفرة كتوصّل لعالم آخر,"Aug 23, 2025",1161,0
2025-06-22,MaERVzdxaZQ,حفرة كتوصّل لعالم آخر,"Aug 23, 2025",1161,0
2025-06-23,MaERVzdxaZQ,حفرة كتوصّل لعالم آخر,"Aug 23, 2025",1161,0
2025-06-24,MaERVzdxaZQ,حفرة كتوصّل لعالم آخر,"Aug 23, 2025",1161,0
2025-06-25,MaERVzdxaZQ,حفرة كتوصّل لعالم آخر,"Aug 23, 2025",1161,0
2025-06-26,MaERVzdxaZQ,حفرة كتوصّل لعالم آخر,"Aug 23, 2025",1161,0
2025-06-27,MaERVzdxaZQ,حفرة كتوصّل لعالم آخر,"Aug 23, 2025",1161,0
2025-06-28,MaERVzdxaZQ,حفرة كتوصّل لعالم آخر,"Aug 23, 2025",1161,0
2025-06-29,MaERVzdxaZQ,حفرة كتوصّل لعالم آخر,"Aug 23, 2025",1161,0
2025-06-30,MaERVzdxaZQ,حفرة كتوصّل لعالم آخر,"Aug 23, 2025",1161,0
2025-07-01,MaERVzdxaZQ,حفرة كتوصّل لعالم آخر,"Aug 23, 2025",1161,0
2025-07-02,MaERVzdxaZQ,حفرة كتوصّل لعالم آخر,"Aug 23, 2025",1161,0
2025-07-03,MaERVzdxaZQ,حفرة كتوصّل لعالم آخر,"Aug 23, 2025",1161,0
2025-07-04,MaERVzdxaZQ,حفرة كتوصّل لعالم آخر,"Aug 23, 2025",1161,0
2025-07-05,MaERVzdxaZQ,حفرة كتوصّل لعالم آخر,"Aug 23, 2025",1161,0
2025-07-06,MaERVzdxaZQ,حفرة كتوصّل لعالم آخر,"Aug 23, 2025",1161,0
2025-07-07,MaERVzdxaZQ,حفرة كتوصّل لعالم آخر,"Aug 23, 2025",1161,0
2025-07-08,MaERVzdxaZQ,حفرة كتوصّل لعالم آخر,"Aug 23, 2025",1161,0
2025-07-09,MaERVzdxaZQ,حفرة كتوصّل لعالم آخر,"Aug 23, 2025",1161,0
2025-07-10,MaERVzdxaZQ,حفرة كتوصّل لعالم آخر,"Aug 23, 2025",1161,0
2025-07-11,MaERVzdxaZQ,حفرة كتوصّل لعالم آخر,"Aug 23, 2025",1161,0
2025-07-12,MaERVzdxaZQ,حفرة كتوصّل لعالم آخر,"Aug 23, 2025",1161,0
2025-07-13,MaERVzdxaZQ,حفرة كتوصّل لعالم آخر,"Aug 23, 2025",1161,0
2025-07-14,MaERVzdxaZQ,حفرة كتوصّل لعالم آخر,"Aug 23, 2025",1161,0
2025-07-15,MaERVzdxaZQ,حفرة كتوصّل لعالم آخر,"Aug 23, 2025",1161,0
2025-07-16,MaERVzdxaZQ,حفرة كتوصّل لعالم آخر,"Aug 23, 2025",1161,0
2025-07-17,MaERVzdxaZQ,حفرة كتوصّل لعالم آخر,"Aug 23, 2025",1161,0
2025-07-18,MaERVzdxaZQ,حفرة كتوصّل لعالم آخر,"Aug 23, 2025",1161,0
2025-07-19,MaERVzdxaZQ,حفرة كتوصّل لعالم آخر,"Aug 23, 2025",1161,0
2025-07-20,MaERVzdxaZQ,حفرة كتوصّل لعالم آخر,"Aug 23, 2025",1161,0
2025-07-21,MaERVzdxaZQ,حفرة كتوصّل لعالم آخر,"Aug 23, 2025",1161,0
2025-07-22,MaERVzdxaZQ,حفرة كتوصّل لعالم آخر,"Aug 23, 2025",1161,0
2025-07-23,MaERVzdxaZQ,حفرة كتوصّل لعالم آخر,"Aug 23, 2025",1161,0
2025-07-24,MaERVzdxaZQ,حفرة كتوصّل لعالم آخر,"Aug 23, 2025",1161,0
2025-07-25,MaERVzdxaZQ,حفرة كتوصّل لعالم آخر,"Aug 23, 2025",1161,0
2025-07-26,MaERVzdxaZQ,حفرة كتوصّل لعالم آخر,"Aug 23, 2025",1161,0
2025-07-27,MaERVzdxaZQ,حفرة كتوصّل لعالم آخر,"Aug 23, 2025",1161,0
2025-07-28,MaERVzdxaZQ,حفرة كتوصّل لعالم آخر,"Aug 23, 2025",1161,0
2025-07-29,MaERVzdxaZQ,حفرة كتوصّل لعالم آخر,"Aug 23, 2025",1161,0
2025-07-30,MaERVzdxaZQ,حفرة كتوصّل لعالم آخر,"Aug 23, 2025",1161,0
2025-07-31,MaERVzdxaZQ,حفرة كتوصّل لعالم آخر,"Aug 23, 2025",1161,0
2025-08-01,MaERVzdxaZQ,حفرة كتوصّل لعالم آخر,"Aug 23, 2025",1161,0
2025-08-02,MaERVzdxaZQ,حفرة كتوصّل لعالم آخر,"Aug 23, 2025",1161,0
2025-08-03,MaERVzdxaZQ,حفرة كتوصّل لعالم آخر,"Aug 23, 2025",1161,0
2025-08-04,MaERVzdxaZQ,حفرة كتوصّل لعالم آخر,"Aug 23, 2025",1161,0
2025-08-05,MaERVzdxaZQ,حفرة كتوصّل لعالم آخر,"Aug 23, 2025",1161,0
2025-08-06,MaERVzdxaZQ,حفرة كتوصّل لعالم آخر,"Aug 23, 2025",1161,0
2025-08-07,MaERVzdxaZQ,حفرة كتوصّل لعالم آخر,"Aug 23, 2025",1161,0
2025-08-08,MaERVzdxaZQ,حفرة كتوصّل لعالم آخر,"Aug 23, 2025",1161,0
2025-08-09,MaERVzdxaZQ,حفرة كتوصّل لعالم آخر,"Aug 23, 2025",1161,0
2025-08-10,MaERVzdxaZQ,حفرة كتوصّل لعالم آخر,"Aug 23, 2025",1161,0
2025-08-11,MaERVzdxaZQ,حفرة كتوصّل لعالم آخر,"Aug 23, 2025",1161,0
2025-08-12,MaERVzdxaZQ,حفرة كتوصّل لعالم آخر,"Aug 23, 2025",1161,0
2025-08-13,MaERVzdxaZQ,حفرة كتوصّل لعالم آخر,"Aug 23, 2025",1161,0
2025-08-14,MaERVzdxaZQ,حفرة كتوصّل لعالم آخر,"Aug 23, 2025",1161,0
2025-08-15,MaERVzdxaZQ,حفرة كتوصّل لعالم آخر,"Aug 23, 2025",1161,0
2025-08-16,MaERVzdxaZQ,حفرة كتوصّل لعالم آخر,"Aug 23, 2025",1161,0
2025-08-17,MaERVzdxaZQ,حفرة كتوصّل لعالم آخر,"Aug 23, 2025",1161,0
2025-08-18,MaERVzdxaZQ,حفرة كتوصّل لعالم آخر,"Aug 23, 2025",1161,0
2025-08-19,MaERVzdxaZQ,حفرة كتوصّل لعالم آخر,"Aug 23, 2025",1161,0
2025-08-20,MaERVzdxaZQ,حفرة كتوصّل لعالم آخر,"Aug 23, 2025",1161,0
2025-08-21,MaERVzdxaZQ,حفرة كتوصّل لعالم آخر,"Aug 23, 2025",1161,0
2025-08-22,MaERVzdxaZQ,حفرة كتوصّل لعالم آخر,"Aug 23, 2025",1161,0
2025-08-23,MaERVzdxaZQ,حفرة كتوصّل لعالم آخر,"Aug 23, 2025",1161,48.37
2025-08-24,MaERVzdxaZQ,حفرة كتوصّل لعالم آخر,"Aug 23, 2025",1161,47.22
2025-08-25,MaERVzdxaZQ,حفرة كتوصّل لعالم آخر,"Aug 23, 2025",1161,43.61
2025-08-26,MaERVzdxaZQ,حفرة كتوصّل لعالم آخر,"Aug 23, 2025",1161,40.38
2025-08-27,MaERVzdxaZQ,حفرة كتوصّل لعالم آخر,"Aug 23, 2025",1161,38.76
2025-08-28,MaERVzdxaZQ,حفرة كتوصّل لعالم آخر,"Aug 23, 2025",1161,37.98
2025-08-29,MaERVzdxaZQ,حفرة كتوصّل لعالم آخر,"Aug 23, 2025",1161,35.58
2025-08-30,MaERVzdxaZQ,حفرة كتوصّل لعالم آخر,"Aug 23, 2025",1161,34.68
2025-08-31,MaERVzdxaZQ,حفرة كتوصّل لعالم آخر,"Aug 23, 2025",1161,35.19
2025-09-01,MaERVzdxaZQ,حفرة كتوصّل لعالم آخر,"Aug 23, 2025",1161,34.96
2025-09-02,MaERVzdxaZQ,حفرة كتوصّل لعالم آخر,"Aug 23, 2025",1161,34.63
2025-09-03,MaERVzdxaZQ,حفرة كتوصّل لعالم آخر,"Aug 23, 2025",1161,39.93
2025-09-04,MaERVzdxaZQ,حفرة كتوصّل لعالم آخر,"Aug 23, 2025",1161,40.36
2025-09-05,MaERVzdxaZQ,حفرة كتوصّل لعالم آخر,"Aug 23, 2025",1161,36.39
2025-09-06,MaERVzdxaZQ,حفرة كتوصّل لعالم آخر,"Aug 23, 2025",1161,37.41
2025-09-07,MaERVzdxaZQ,حفرة كتوصّل لعالم آخر,"Aug 23, 2025",1161,37.34
2025-09-08,MaERVzdxaZQ,حفرة كتوصّل لعالم آخر,"Aug 23, 2025",1161,37.82
2025-09-09,MaERVzdxaZQ,حفرة كتوصّل لعالم آخر,"Aug 23, 2025",1161,37.21
2025-09-10,MaERVzdxaZQ,حفرة كتوصّل لعالم آخر,"Aug 23, 2025",1161,37.29
2025-09-11,MaERVzdxaZQ,حفرة كتوصّل لعالم آخر,"Aug 23, 2025",1161,37.81
2025-09-12,MaERVzdxaZQ,حفرة كتوصّل لعالم آخر,"Aug 23, 2025",1161,36.74
2025-09-13,MaERVzdxaZQ,حفرة كتوصّل لعالم آخر,"Aug 23, 2025",1161,34.94
2025-09-14,MaERVzdxaZQ,حفرة كتوصّل لعالم آخر,"Aug 23, 2025",1161,35.4
2025-09-15,MaERVzdxaZQ,حفرة كتوصّل لعالم آخر,"Aug 23, 2025",1161,37.42
2025-09-16,MaERVzdxaZQ,حفرة كتوصّل لعالم آخر,"Aug 23, 2025",1161,37.51
2025-09-17,MaERVzdxaZQ,حفرة كتوصّل لعالم آخر,"Aug 23, 2025",1161,38.1
2025-09-18,MaERVzdxaZQ,حفرة كتوصّل لعالم آخر,"Aug 23, 2025",1161,37.41
2025-09-19,MaERVzdxaZQ,حفرة كتوصّل لعالم آخر,"Aug 23, 2025",1161,36.86
2025-09-20,MaERVzdxaZQ,حفرة كتوصّل لعالم آخر,"Aug 23, 2025",1161,36.8
2025-09-21,MaERVzdxaZQ,حفرة كتوصّل لعالم آخر,"Aug 23, 2025",1161,34.25
2025-09-22,MaERVzdxaZQ,حفرة كتوصّل لعالم آخر,"Aug 23, 2025",1161,37.75
2025-09-23,MaERVzdxaZQ,حفرة كتوصّل لعالم آخر,"Aug 23, 2025",1161,37.31
2025-09-24,MaERVzdxaZQ,حفرة كتوصّل لعالم آخر,"Aug 23, 2025",1161,37.69
2025-09-25,MaERVzdxaZQ,حفرة كتوصّل لعالم آخر,"Aug 23, 2025",1161,35.17
2025-09-26,MaERVzdxaZQ,حفرة كتوصّل لعالم آخر,"Aug 23, 2025",1161,38.22
2025-09-27,MaERVzdxaZQ,حفرة كتوصّل لعالم آخر,"Aug 23, 2025",1161,41.07
2025-09-28,MaERVzdxaZQ,حفرة كتوصّل لعالم آخر,"Aug 23, 2025",1161,38.77
2025-09-29,MaERVzdxaZQ,حفرة كتوصّل لعالم آخر,"Aug 23, 2025",1161,40.55
2025-09-30,MaERVzdxaZQ,حفرة كتوصّل لعالم آخر,"Aug 23, 2025",1161,41.33
2025-10-01,MaERVzdxaZQ,حفرة كتوصّل لعالم آخر,"Aug 23, 2025",1161,38.19
2025-10-02,MaERVzdxaZQ,حفرة كتوصّل لعالم آخر,"Aug 23, 2025",1161,38.6
2025-10-03,MaERVzdxaZQ,حفرة كتوصّل لعالم آخر,"Aug 23, 2025",1161,40.64
2025-10-04,MaERVzdxaZQ,حفرة كتوصّل لعالم آخر,"Aug 23, 2025",1161,40.12
2025-10-05,MaERVzdxaZQ,حفرة كتوصّل لعالم آخر,"Aug 23, 2025",1161,39.07
2025-10-06,MaERVzdxaZQ,حفرة كتوصّل لعالم آخر,"Aug 23, 2025",1161,42.7
2025-10-07,MaERVzdxaZQ,حفرة كتوصّل لعالم آخر,"Aug 23, 2025",1161,44.32
2025-10-08,MaERVzdxaZQ,حفرة كتوصّل لعالم آخر,"Aug 23, 2025",1161,45.07
2025-10-09,MaERVzdxaZQ,حفرة كتوصّل لعالم آخر,"Aug 23, 2025",1161,42.52
2025-10-10,MaERVzdxaZQ,حفرة كتوصّل لعالم آخر,"Aug 23, 2025",1161,45.5
2025-10-11,MaERVzdxaZQ,حفرة كتوصّل لعالم آخر,"Aug 23, 2025",1161,42.14
2025-10-12,MaERVzdxaZQ,حفرة كتوصّل لعالم آخر,"Aug 23, 2025",1161,42.22
2025-10-13,MaERVzdxaZQ,حفرة كتوصّل لعالم آخر,"Aug 23, 2025",1161,43.25
2025-10-14,MaERVzdxaZQ,حفرة كتوصّل لعالم آخر,"Aug 23, 2025",1161,43.79
2025-10-15,MaERVzdxaZQ,حفرة كتوصّل لعالم آخر,"Aug 23, 2025",1161,38.89
2025-10-16,MaERVzdxaZQ,حفرة كتوصّل لعالم آخر,"Aug 23, 2025",1161,40.7
2025-10-17,MaERVzdxaZQ,حفرة كتوصّل لعالم آخر,"Aug 23, 2025",1161,39.54
2025-10-18,MaERVzdxaZQ,حفرة كتوصّل لعالم آخر,"Aug 23, 2025",1161,40.57
2025-10-19,MaERVzdxaZQ,حفرة كتوصّل لعالم آخر,"Aug 23, 2025",1161,38.93
2025-10-20,MaERVzdxaZQ,حفرة كتوصّل لعالم آخر,"Aug 23, 2025",1161,38.96
2025-10-21,MaERVzdxaZQ,حفرة كتوصّل لعالم آخر,"Aug 23, 2025",1161,40.6
2025-10-22,MaERVzdxaZQ,حفرة كتوصّل لعالم آخر,"Aug 23, 2025",1161,39.59
2025-10-23,MaERVzdxaZQ,حفرة كتوصّل لعالم آخر,"Aug 23, 2025",1161,39.68
2025-10-24,MaERVzdxaZQ,حفرة كتوصّل لعالم آخر,"Aug 23, 2025",1161,40.43
2025-10-25,MaERVzdxaZQ,حفرة كتوصّل لعالم آخر,"Aug 23, 2025",1161,38.08
2025-10-26,MaERVzdxaZQ,حفرة كتوصّل لعالم آخر,"Aug 23, 2025",1161,40.5
2025-10-27,MaERVzdxaZQ,حفرة كتوصّل لعالم آخر,"Aug 23, 2025",1161,42.32
2025-10-28,MaERVzdxaZQ,حفرة كتوصّل لعالم آخر,"Aug 23, 2025",1161,38.14
2025-10-29,MaERVzdxaZQ,حفرة كتوصّل لعالم آخر,"Aug 23, 2025",1161,41.07
2025-10-30,MaERVzdxaZQ,حفرة كتوصّل لعالم آخر,"Aug 23, 2025",1161,40.69
2025-10-31,MaERVzdxaZQ,حفرة كتوصّل لعالم آخر,"Aug 23, 2025",1161,39.22
2025-11-01,MaERVzdxaZQ,حفرة كتوصّل لعالم آخر,"Aug 23, 2025",1161,38.21
2025-11-02,MaERVzdxaZQ,حفرة كتوصّل لعالم آخر,"Aug 23, 2025",1161,38.14
2025-11-03,MaERVzdxaZQ,حفرة كتوصّل لعالم آخر,"Aug 23, 2025",1161,36.35
2025-11-04,MaERVzdxaZQ,حفرة كتوصّل لعالم آخر,"Aug 23, 2025",1161,40.51
2025-11-05,MaERVzdxaZQ,حفرة كتوصّل لعالم آخر,"Aug 23, 2025",1161,41.86
2025-11-06,MaERVzdxaZQ,حفرة كتوصّل لعالم آخر,"Aug 23, 2025",1161,41.36
2025-11-07,MaERVzdxaZQ,حفرة كتوصّل لعالم آخر,"Aug 23, 2025",1161,40.26
2025-11-08,MaERVzdxaZQ,حفرة كتوصّل لعالم آخر,"Aug 23, 2025",1161,40.69
2025-11-09,MaERVzdxaZQ,حفرة كتوصّل لعالم آخر,"Aug 23, 2025",1161,39.76
2025-11-10,MaERVzdxaZQ,حفرة كتوصّل لعالم آخر,"Aug 23, 2025",1161,39.29
2025-11-11,MaERVzdxaZQ,حفرة كتوصّل لعالم آخر,"Aug 23, 2025",1161,39.16
2025-11-12,MaERVzdxaZQ,حفرة كتوصّل لعالم آخر,"Aug 23, 2025",1161,41.22
2025-11-13,MaERVzdxaZQ,حفرة كتوصّل لعالم آخر,"Aug 23, 2025",1161,39.45
2025-11-14,MaERVzdxaZQ,حفرة كتوصّل لعالم آخر,"Aug 23, 2025",1161,41.82
2025-11-15,MaERVzdxaZQ,حفرة كتوصّل لعالم آخر,"Aug 23, 2025",1161,39.86
2025-11-16,MaERVzdxaZQ,حفرة كتوصّل لعالم آخر,"Aug 23, 2025",1161,37.74
2025-11-17,MaERVzdxaZQ,حفرة كتوصّل لعالم آخر,"Aug 23, 2025",1161,36.17
2025-11-18,MaERVzdxaZQ,حفرة كتوصّل لعالم آخر,"Aug 23, 2025",1161,37.84
2025-11-19,MaERVzdxaZQ,حفرة كتوصّل لعالم آخر,"Aug 23, 2025",1161,37.11
2025-11-20,MaERVzdxaZQ,حفرة كتوصّل لعالم آخر,"Aug 23, 2025",1161,37.39
2025-11-21,MaERVzdxaZQ,حفرة كتوصّل لعالم آخر,"Aug 23, 2025",1161,38.99
2025-11-22,MaERVzdxaZQ,حفرة كتوصّل لعالم آخر,"Aug 23, 2025",1161,43.34
2025-11-23,MaERVzdxaZQ,حفرة كتوصّل لعالم آخر,"Aug 23, 2025",1161,41.5
2025-11-24,MaERVzdxaZQ,حفرة كتوصّل لعالم آخر,"Aug 23, 2025",1161,42.54
2025-11-25,MaERVzdxaZQ,حفرة كتوصّل لعالم آخر,"Aug 23, 2025",1161,40.07
2025-11-26,MaERVzdxaZQ,حفرة كتوصّل لعالم آخر,"Aug 23, 2025",1161,39.29
2025-11-27,MaERVzdxaZQ,حفرة كتوصّل لعالم آخر,"Aug 23, 2025",1161,39.68
2025-11-28,MaERVzdxaZQ,حفرة كتوصّل لعالم آخر,"Aug 23, 2025",1161,38.29
2025-11-29,MaERVzdxaZQ,حفرة كتوصّل لعالم آخر,"Aug 23, 2025",1161,39.39
2025-11-30,MaERVzdxaZQ,حفرة كتوصّل لعالم آخر,"Aug 23, 2025",1161,38.56
2025-12-01,MaERVzdxaZQ,حفرة كتوصّل لعالم آخر,"Aug 23, 2025",1161,38.46
2025-12-02,MaERVzdxaZQ,حفرة كتوصّل لعالم آخر,"Aug 23, 2025",1161,36.36
2025-12-03,MaERVzdxaZQ,حفرة كتوصّل لعالم آخر,"Aug 23, 2025",1161,38.28
2025-12-04,MaERVzdxaZQ,حفرة كتوصّل لعالم آخر,"Aug 23, 2025",1161,37.08
2025-12-05,MaERVzdxaZQ,حفرة كتوصّل لعالم آخر,"Aug 23, 2025",1161,38.37
2025-12-06,MaERVzdxaZQ,حفرة كتوصّل لعالم آخر,"Aug 23, 2025",1161,35.64
2025-12-07,MaERVzdxaZQ,حفرة كتوصّل لعالم آخر,"Aug 23, 2025",1161,35.7
2025-12-08,MaERVzdxaZQ,حفرة كتوصّل لعالم آخر,"Aug 23, 2025",1161,37.01
2025-12-09,MaERVzdxaZQ,حفرة كتوصّل لعالم آخر,"Aug 23, 2025",1161,40.07
2025-12-10,MaERVzdxaZQ,حفرة كتوصّل لعالم آخر,"Aug 23, 2025",1161,39.67
2025-12-11,MaERVzdxaZQ,حفرة كتوصّل لعالم آخر,"Aug 23, 2025",1161,38.19
2025-12-12,MaERVzdxaZQ,حفرة كتوصّل لعالم آخر,"Aug 23, 2025",1161,39.35
2025-12-13,MaERVzdxaZQ,حفرة كتوصّل لعالم آخر,"Aug 23, 2025",1161,37.58
2025-12-14,MaERVzdxaZQ,حفرة كتوصّل لعالم آخر,"Aug 23, 2025",1161,41.27
2025-12-15,MaERVzdxaZQ,حفرة كتوصّل لعالم آخر,"Aug 23, 2025",1161,40.94
2025-12-16,MaERVzdxaZQ,حفرة كتوصّل لعالم آخر,"Aug 23, 2025",1161,38.22
2025-12-17,MaERVzdxaZQ,حفرة كتوصّل لعالم آخر,"Aug 23, 2025",1161,39.89
2025-12-18,MaERVzdxaZQ,حفرة كتوصّل لعالم آخر,"Aug 23, 2025",1161,39.43
2025-12-19,MaERVzdxaZQ,حفرة كتوصّل لعالم آخر,"Aug 23, 2025",1161,39.7
2025-12-20,MaERVzdxaZQ,حفرة كتوصّل لعالم آخر,"Aug 23, 2025",1161,42.66
2025-12-21,MaERVzdxaZQ,حفرة كتوصّل لعالم آخر,"Aug 23, 2025",1161,40.99
2025-12-22,MaERVzdxaZQ,حفرة كتوصّل لعالم آخر,"Aug 23, 2025",1161,42.3
2025-12-23,MaERVzdxaZQ,حفرة كتوصّل لعالم آخر,"Aug 23, 2025",1161,44.05
2025-12-24,MaERVzdxaZQ,حفرة كتوصّل لعالم آخر,"Aug 23, 2025",1161,39.25
2025-12-25,MaERVzdxaZQ,حفرة كتوصّل لعالم آخر,"Aug 23, 2025",1161,40.64
2025-12-26,MaERVzdxaZQ,حفرة كتوصّل لعالم آخر,"Aug 23, 2025",1161,40.18
2025-12-27,MaERVzdxaZQ,حفرة كتوصّل لعالم آخر,"Aug 23, 2025",1161,40.35
2025-12-28,MaERVzdxaZQ,حفرة كتوصّل لعالم آخر,"Aug 23, 2025",1161,40.83
2025-12-29,MaERVzdxaZQ,حفرة كتوصّل لعالم آخر,"Aug 23, 2025",1161,39.84
2025-12-30,MaERVzdxaZQ,حفرة كتوصّل لعالم آخر,"Aug 23, 2025",1161,39.02
2025-12-31,MaERVzdxaZQ,حفرة كتوصّل لعالم آخر,"Aug 23, 2025",1161,37.98
2026-01-01,MaERVzdxaZQ,حفرة كتوصّل لعالم آخر,"Aug 23, 2025",1161,38.69
2026-01-02,MaERVzdxaZQ,حفرة كتوصّل لعالم آخر,"Aug 23, 2025",1161,37.65
2026-01-03,MaERVzdxaZQ,حفرة كتوصّل لعالم آخر,"Aug 23, 2025",1161,38.95
2026-01-04,MaERVzdxaZQ,حفرة كتوصّل لعالم آخر,"Aug 23, 2025",1161,36.82
2026-01-05,MaERVzdxaZQ,حفرة كتوصّل لعالم آخر,"Aug 23, 2025",1161,40.49
2026-01-06,MaERVzdxaZQ,حفرة كتوصّل لعالم آخر,"Aug 23, 2025",1161,40.49
2026-01-07,MaERVzdxaZQ,حفرة كتوصّل لعالم آخر,"Aug 23, 2025",1161,42.29
2026-01-08,MaERVzdxaZQ,حفرة كتوصّل لعالم آخر,"Aug 23, 2025",1161,39.12
2026-01-09,MaERVzdxaZQ,حفرة كتوصّل لعالم آخر,"Aug 23, 2025",1161,38.76
2026-01-10,MaERVzdxaZQ,حفرة كتوصّل لعالم آخر,"Aug 23, 2025",1161,39.96
2026-01-11,MaERVzdxaZQ,حفرة كتوصّل لعالم آخر,"Aug 23, 2025",1161,41.86
2026-01-12,MaERVzdxaZQ,حفرة كتوصّل لعالم آخر,"Aug 23, 2025",1161,43.63
2026-01-13,MaERVzdxaZQ,حفرة كتوصّل لعالم آخر,"Aug 23, 2025",1161,40.79
2026-01-14,MaERVzdxaZQ,حفرة كتوصّل لعالم آخر,"Aug 23, 2025",1161,39.04
2026-01-15,MaERVzdxaZQ,حفرة كتوصّل لعالم آخر,"Aug 23, 2025",1161,41.49
2026-01-16,MaERVzdxaZQ,حفرة كتوصّل لعالم آخر,"Aug 23, 2025",1161,41.59
2026-01-17,MaERVzdxaZQ,حفرة كتوصّل لعالم آخر,"Aug 23, 2025",1161,38.45
2026-01-18,MaERVzdxaZQ,حفرة كتوصّل لعالم آخر,"Aug 23, 2025",1161,36.58
2026-01-19,MaERVzdxaZQ,حفرة كتوصّل لعالم آخر,"Aug 23, 2025",1161,42.82
2026-01-20,MaERVzdxaZQ,حفرة كتوصّل لعالم آخر,"Aug 23, 2025",1161,38.18
2026-01-21,MaERVzdxaZQ,حفرة كتوصّل لعالم آخر,"Aug 23, 2025",1161,41.87
2026-01-22,MaERVzdxaZQ,حفرة كتوصّل لعالم آخر,"Aug 23, 2025",1161,39.36
2026-01-23,MaERVzdxaZQ,حفرة كتوصّل لعالم آخر,"Aug 23, 2025",1161,37.78
2026-01-24,MaERVzdxaZQ,حفرة كتوصّل لعالم آخر,"Aug 23, 2025",1161,39.35
2026-01-25,MaERVzdxaZQ,حفرة كتوصّل لعالم آخر,"Aug 23, 2025",1161,37.69
2026-01-26,MaERVzdxaZQ,حفرة كتوصّل لعالم آخر,"Aug 23, 2025",1161,38.26
2026-01-27,MaERVzdxaZQ,حفرة كتوصّل لعالم آخر,"Aug 23, 2025",1161,40.49
2026-01-28,MaERVzdxaZQ,حفرة كتوصّل لعالم آخر,"Aug 23, 2025",1161,38.4
2026-01-29,MaERVzdxaZQ,حفرة كتوصّل لعالم آخر,"Aug 23, 2025",1161,38.67
2026-01-30,MaERVzdxaZQ,حفرة كتوصّل لعالم آخر,"Aug 23, 2025",1161,37.26
2026-01-31,MaERVzdxaZQ,حفرة كتوصّل لعالم آخر,"Aug 23, 2025",1161,38.16
2026-02-01,MaERVzdxaZQ,حفرة كتوصّل لعالم آخر,"Aug 23, 2025",1161,36.57
2026-02-02,MaERVzdxaZQ,حفرة كتوصّل لعالم آخر,"Aug 23, 2025",1161,36.21
2026-02-03,MaERVzdxaZQ,حفرة كتوصّل لعالم آخر,"Aug 23, 2025",1161,39.65
2026-02-04,MaERVzdxaZQ,حفرة كتوصّل لعالم آخر,"Aug 23, 2025",1161,35.74
2026-02-05,MaERVzdxaZQ,حفرة كتوصّل لعالم آخر,"Aug 23, 2025",1161,35.53
2026-02-06,MaERVzdxaZQ,حفرة كتوصّل لعالم آخر,"Aug 23, 2025",1161,39.75
2026-02-07,MaERVzdxaZQ,حفرة كتوصّل لعالم آخر,"Aug 23, 2025",1161,35
2026-02-08,MaERVzdxaZQ,حفرة كتوصّل لعالم آخر,"Aug 23, 2025",1161,40.02
2026-02-09,MaERVzdxaZQ,حفرة كتوصّل لعالم آخر,"Aug 23, 2025",1161,38.4
2026-02-10,MaERVzdxaZQ,حفرة كتوصّل لعالم آخر,"Aug 23, 2025",1161,39.86
2026-02-11,MaERVzdxaZQ,حفرة كتوصّل لعالم آخر,"Aug 23, 2025",1161,39.19
2026-02-12,MaERVzdxaZQ,حفرة كتوصّل لعالم آخر,"Aug 23, 2025",1161,37.6
2026-02-13,MaERVzdxaZQ,حفرة كتوصّل لعالم آخر,"Aug 23, 2025",1161,38.45
2026-02-14,MaERVzdxaZQ,حفرة كتوصّل لعالم آخر,"Aug 23, 2025",1161,40.71
2026-02-15,MaERVzdxaZQ,حفرة كتوصّل لعالم آخر,"Aug 23, 2025",1161,39.72
2026-02-16,MaERVzdxaZQ,حفرة كتوصّل لعالم آخر,"Aug 23, 2025",1161,42.57
2026-02-17,MaERVzdxaZQ,حفرة كتوصّل لعالم آخر,"Aug 23, 2025",1161,36.28
2026-02-18,MaERVzdxaZQ,حفرة كتوصّل لعالم آخر,"Aug 23, 2025",1161,37.24
2026-02-19,MaERVzdxaZQ,حفرة كتوصّل لعالم آخر,"Aug 23, 2025",1161,35.78
2026-02-20,MaERVzdxaZQ,حفرة كتوصّل لعالم آخر,"Aug 23, 2025",1161,40.23
2026-02-21,MaERVzdxaZQ,حفرة كتوصّل لعالم آخر,"Aug 23, 2025",1161,41.97
2026-02-22,MaERVzdxaZQ,حفرة كتوصّل لعالم آخر,"Aug 23, 2025",1161,42.57
2026-02-23,MaERVzdxaZQ,حفرة كتوصّل لعالم آخر,"Aug 23, 2025",1161,42.23
2026-02-24,MaERVzdxaZQ,حفرة كتوصّل لعالم آخر,"Aug 23, 2025",1161,37.98
2026-02-25,MaERVzdxaZQ,حفرة كتوصّل لعالم آخر,"Aug 23, 2025",1161,40.76
2026-02-26,MaERVzdxaZQ,حفرة كتوصّل لعالم آخر,"Aug 23, 2025",1161,37.35
2026-02-27,MaERVzdxaZQ,حفرة كتوصّل لعالم آخر,"Aug 23, 2025",1161,40.98
2026-02-28,MaERVzdxaZQ,حفرة كتوصّل لعالم آخر,"Aug 23, 2025",1161,41.7
2026-03-01,MaERVzdxaZQ,حفرة كتوصّل لعالم آخر,"Aug 23, 2025",1161,39.12
2026-03-02,MaERVzdxaZQ,حفرة كتوصّل لعالم آخر,"Aug 23, 2025",1161,41.76
2026-03-03,MaERVzdxaZQ,حفرة كتوصّل لعالم آخر,"Aug 23, 2025",1161,40.32
2026-03-04,MaERVzdxaZQ,حفرة كتوصّل لعالم آخر,"Aug 23, 2025",1161,43.86
2026-03-05,MaERVzdxaZQ,حفرة كتوصّل لعالم آخر,"Aug 23, 2025",1161,39.49
2026-03-06,MaERVzdxaZQ,حفرة كتوصّل لعالم آخر,"Aug 23, 2025",1161,41.81
2026-03-07,MaERVzdxaZQ,حفرة كتوصّل لعالم آخر,"Aug 23, 2025",1161,44.12
2026-03-08,MaERVzdxaZQ,حفرة كتوصّل لعالم آخر,"Aug 23, 2025",1161,44.52
2026-03-09,MaERVzdxaZQ,حفرة كتوصّل لعالم آخر,"Aug 23, 2025",1161,41.18
2026-03-10,MaERVzdxaZQ,حفرة كتوصّل لعالم آخر,"Aug 23, 2025",1161,42.62
2026-03-11,MaERVzdxaZQ,حفرة كتوصّل لعالم آخر,"Aug 23, 2025",1161,44.78
2026-03-12,MaERVzdxaZQ,حفرة كتوصّل لعالم آخر,"Aug 23, 2025",1161,45.53
2026-03-13,MaERVzdxaZQ,حفرة كتوصّل لعالم آخر,"Aug 23, 2025",1161,44.07
2026-03-14,MaERVzdxaZQ,حفرة كتوصّل لعالم آخر,"Aug 23, 2025",1161,40.18
2026-03-15,MaERVzdxaZQ,حفرة كتوصّل لعالم آخر,"Aug 23, 2025",1161,41.17
2026-03-16,MaERVzdxaZQ,حفرة كتوصّل لعالم آخر,"Aug 23, 2025",1161,40.86
2026-03-17,MaERVzdxaZQ,حفرة كتوصّل لعالم آخر,"Aug 23, 2025",1161,38.29
2026-03-18,MaERVzdxaZQ,حفرة كتوصّل لعالم آخر,"Aug 23, 2025",1161,43.18
2026-03-19,MaERVzdxaZQ,حفرة كتوصّل لعالم آخر,"Aug 23, 2025",1161,40.01
2026-03-20,MaERVzdxaZQ,حفرة كتوصّل لعالم آخر,"Aug 23, 2025",1161,36.43
2026-03-21,MaERVzdxaZQ,حفرة كتوصّل لعالم آخر,"Aug 23, 2025",1161,37.23
2026-03-22,MaERVzdxaZQ,حفرة كتوصّل لعالم آخر,"Aug 23, 2025",1161,40.34
2026-03-23,MaERVzdxaZQ,حفرة كتوصّل لعالم آخر,"Aug 23, 2025",1161,40.84
2026-03-24,MaERVzdxaZQ,حفرة كتوصّل لعالم آخر,"Aug 23, 2025",1161,42.54
2026-03-25,MaERVzdxaZQ,حفرة كتوصّل لعالم آخر,"Aug 23, 2025",1161,43.04
2026-03-26,MaERVzdxaZQ,حفرة كتوصّل لعالم آخر,"Aug 23, 2025",1161,41.44
2026-03-27,MaERVzdxaZQ,حفرة كتوصّل لعالم آخر,"Aug 23, 2025",1161,39.74
2026-03-28,MaERVzdxaZQ,حفرة كتوصّل لعالم آخر,"Aug 23, 2025",1161,38.99
2026-03-29,MaERVzdxaZQ,حفرة كتوصّل لعالم آخر,"Aug 23, 2025",1161,39.66
2026-03-30,MaERVzdxaZQ,حفرة كتوصّل لعالم آخر,"Aug 23, 2025",1161,42.31
2026-03-31,MaERVzdxaZQ,حفرة كتوصّل لعالم آخر,"Aug 23, 2025",1161,41.81
2026-04-01,MaERVzdxaZQ,حفرة كتوصّل لعالم آخر,"Aug 23, 2025",1161,40.11
2026-04-02,MaERVzdxaZQ,حفرة كتوصّل لعالم آخر,"Aug 23, 2025",1161,38.33
2026-04-03,MaERVzdxaZQ,حفرة كتوصّل لعالم آخر,"Aug 23, 2025",1161,44.3
2026-04-04,MaERVzdxaZQ,حفرة كتوصّل لعالم آخر,"Aug 23, 2025",1161,43.06
2026-04-05,MaERVzdxaZQ,حفرة كتوصّل لعالم آخر,"Aug 23, 2025",1161,38.65
2026-04-06,MaERVzdxaZQ,حفرة كتوصّل لعالم آخر,"Aug 23, 2025",1161,37.68
2026-04-07,MaERVzdxaZQ,حفرة كتوصّل لعالم آخر,"Aug 23, 2025",1161,42.9
2026-04-08,MaERVzdxaZQ,حفرة كتوصّل لعالم آخر,"Aug 23, 2025",1161,44.34
2026-04-09,MaERVzdxaZQ,حفرة كتوصّل لعالم آخر,"Aug 23, 2025",1161,42.77
2026-04-10,MaERVzdxaZQ,حفرة كتوصّل لعالم آخر,"Aug 23, 2025",1161,41.43
2026-04-11,MaERVzdxaZQ,حفرة كتوصّل لعالم آخر,"Aug 23, 2025",1161,39.67
2026-04-12,MaERVzdxaZQ,حفرة كتوصّل لعالم آخر,"Aug 23, 2025",1161,39.63
2026-04-13,MaERVzdxaZQ,حفرة كتوصّل لعالم آخر,"Aug 23, 2025",1161,39.71
2026-04-14,MaERVzdxaZQ,حفرة كتوصّل لعالم آخر,"Aug 23, 2025",1161,39.54
2026-04-15,MaERVzdxaZQ,حفرة كتوصّل لعالم آخر,"Aug 23, 2025",1161,38.83
2026-04-16,MaERVzdxaZQ,حفرة كتوصّل لعالم آخر,"Aug 23, 2025",1161,40.03
2026-04-17,MaERVzdxaZQ,حفرة كتوصّل لعالم آخر,"Aug 23, 2025",1161,40.75
2026-04-18,MaERVzdxaZQ,حفرة كتوصّل لعالم آخر,"Aug 23, 2025",1161,37.51
2026-04-19,MaERVzdxaZQ,حفرة كتوصّل لعالم آخر,"Aug 23, 2025",1161,37.86
2026-04-20,MaERVzdxaZQ,حفرة كتوصّل لعالم آخر,"Aug 23, 2025",1161,37.51
2026-04-21,MaERVzdxaZQ,حفرة كتوصّل لعالم آخر,"Aug 23, 2025",1161,40.1
2026-04-22,MaERVzdxaZQ,حفرة كتوصّل لعالم آخر,"Aug 23, 2025",1161,39.4
2026-04-23,MaERVzdxaZQ,حفرة كتوصّل لعالم آخر,"Aug 23, 2025",1161,40.94
2019-03-27,Z3L8eLmPM_A,الحلقة 2 : الرسائل رجعات… ولكن💀,"Dec 25, 2025",816,0
2019-03-28,Z3L8eLmPM_A,الحلقة 2 : الرسائل رجعات… ولكن💀,"Dec 25, 2025",816,0
2019-03-29,Z3L8eLmPM_A,الحلقة 2 : الرسائل رجعات… ولكن💀,"Dec 25, 2025",816,0
2019-03-30,Z3L8eLmPM_A,الحلقة 2 : الرسائل رجعات… ولكن💀,"Dec 25, 2025",816,0
2019-03-31,Z3L8eLmPM_A,الحلقة 2 : الرسائل رجعات… ولكن💀,"Dec 25, 2025",816,0
2019-04-01,Z3L8eLmPM_A,الحلقة 2 : الرسائل رجعات… ولكن💀,"Dec 25, 2025",816,0
2019-04-02,Z3L8eLmPM_A,الحلقة 2 : الرسائل رجعات… ولكن💀,"Dec 25, 2025",816,0
2019-04-03,Z3L8eLmPM_A,الحلقة 2 : الرسائل رجعات… ولكن💀,"Dec 25, 2025",816,0
2019-04-04,Z3L8eLmPM_A,الحلقة 2 : الرسائل رجعات… ولكن💀,"Dec 25, 2025",816,0
2019-04-05,Z3L8eLmPM_A,الحلقة 2 : الرسائل رجعات… ولكن💀,"Dec 25, 2025",816,0
2019-04-06,Z3L8eLmPM_A,الحلقة 2 : الرسائل رجعات… ولكن💀,"Dec 25, 2025",816,0
2019-04-07,Z3L8eLmPM_A,الحلقة 2 : الرسائل رجعات… ولكن💀,"Dec 25, 2025",816,0
2019-04-08,Z3L8eLmPM_A,الحلقة 2 : الرسائل رجعات… ولكن💀,"Dec 25, 2025",816,0
2019-04-09,Z3L8eLmPM_A,الحلقة 2 : الرسائل رجعات… ولكن💀,"Dec 25, 2025",816,0
2019-04-10,Z3L8eLmPM_A,الحلقة 2 : الرسائل رجعات… ولكن💀,"Dec 25, 2025",816,0
2019-04-11,Z3L8eLmPM_A,الحلقة 2 : الرسائل رجعات… ولكن💀,"Dec 25, 2025",816,0
2019-04-12,Z3L8eLmPM_A,الحلقة 2 : الرسائل رجعات… ولكن💀,"Dec 25, 2025",816,0
2019-04-13,Z3L8eLmPM_A,الحلقة 2 : الرسائل رجعات… ولكن💀,"Dec 25, 2025",816,0
2019-04-14,Z3L8eLmPM_A,الحلقة 2 : الرسائل رجعات… ولكن💀,"Dec 25, 2025",816,0
2019-04-15,Z3L8eLmPM_A,الحلقة 2 : الرسائل رجعات… ولكن💀,"Dec 25, 2025",816,0
2019-04-16,Z3L8eLmPM_A,الحلقة 2 : الرسائل رجعات… ولكن💀,"Dec 25, 2025",816,0
2019-04-17,Z3L8eLmPM_A,الحلقة 2 : الرسائل رجعات… ولكن💀,"Dec 25, 2025",816,0
2019-04-18,Z3L8eLmPM_A,الحلقة 2 : الرسائل رجعات… ولكن💀,"Dec 25, 2025",816,0
2019-04-19,Z3L8eLmPM_A,الحلقة 2 : الرسائل رجعات… ولكن💀,"Dec 25, 2025",816,0
2019-04-20,Z3L8eLmPM_A,الحلقة 2 : الرسائل رجعات… ولكن💀,"Dec 25, 2025",816,0
2019-04-21,Z3L8eLmPM_A,الحلقة 2 : الرسائل رجعات… ولكن💀,"Dec 25, 2025",816,0
2019-04-22,Z3L8eLmPM_A,الحلقة 2 : الرسائل رجعات… ولكن💀,"Dec 25, 2025",816,0
2019-04-23,Z3L8eLmPM_A,الحلقة 2 : الرسائل رجعات… ولكن💀,"Dec 25, 2025",816,0
2019-04-24,Z3L8eLmPM_A,الحلقة 2 : الرسائل رجعات… ولكن💀,"Dec 25, 2025",816,0
2019-04-25,Z3L8eLmPM_A,الحلقة 2 : الرسائل رجعات… ولكن💀,"Dec 25, 2025",816,0
2019-04-26,Z3L8eLmPM_A,الحلقة 2 : الرسائل رجعات… ولكن💀,"Dec 25, 2025",816,0
2019-04-27,Z3L8eLmPM_A,الحلقة 2 : الرسائل رجعات… ولكن💀,"Dec 25, 2025",816,0
2019-04-28,Z3L8eLmPM_A,الحلقة 2 : الرسائل رجعات… ولكن💀,"Dec 25, 2025",816,0
2019-04-29,Z3L8eLmPM_A,الحلقة 2 : الرسائل رجعات… ولكن💀,"Dec 25, 2025",816,0
2019-04-30,Z3L8eLmPM_A,الحلقة 2 : الرسائل رجعات… ولكن💀,"Dec 25, 2025",816,0
2019-05-01,Z3L8eLmPM_A,الحلقة 2 : الرسائل رجعات… ولكن💀,"Dec 25, 2025",816,0
2019-05-02,Z3L8eLmPM_A,الحلقة 2 : الرسائل رجعات… ولكن💀,"Dec 25, 2025",816,0
2019-05-03,Z3L8eLmPM_A,الحلقة 2 : الرسائل رجعات… ولكن💀,"Dec 25, 2025",816,0
2019-05-04,Z3L8eLmPM_A,الحلقة 2 : الرسائل رجعات… ولكن💀,"Dec 25, 2025",816,0
2019-05-05,Z3L8eLmPM_A,الحلقة 2 : الرسائل رجعات… ولكن💀,"Dec 25, 2025",816,0
2019-05-06,Z3L8eLmPM_A,الحلقة 2 : الرسائل رجعات… ولكن💀,"Dec 25, 2025",816,0
2019-05-07,Z3L8eLmPM_A,الحلقة 2 : الرسائل رجعات… ولكن💀,"Dec 25, 2025",816,0
2019-05-08,Z3L8eLmPM_A,الحلقة 2 : الرسائل رجعات… ولكن💀,"Dec 25, 2025",816,0
2019-05-09,Z3L8eLmPM_A,الحلقة 2 : الرسائل رجعات… ولكن💀,"Dec 25, 2025",816,0
2019-05-10,Z3L8eLmPM_A,الحلقة 2 : الرسائل رجعات… ولكن💀,"Dec 25, 2025",816,0
2019-05-11,Z3L8eLmPM_A,الحلقة 2 : الرسائل رجعات… ولكن💀,"Dec 25, 2025",816,0
2019-05-12,Z3L8eLmPM_A,الحلقة 2 : الرسائل رجعات… ولكن💀,"Dec 25, 2025",816,0
2019-05-13,Z3L8eLmPM_A,الحلقة 2 : الرسائل رجعات… ولكن💀,"Dec 25, 2025",816,0
2019-05-14,Z3L8eLmPM_A,الحلقة 2 : الرسائل رجعات… ولكن💀,"Dec 25, 2025",816,0
2019-05-15,Z3L8eLmPM_A,الحلقة 2 : الرسائل رجعات… ولكن💀,"Dec 25, 2025",816,0
2019-05-16,Z3L8eLmPM_A,الحلقة 2 : الرسائل رجعات… ولكن💀,"Dec 25, 2025",816,0
2019-05-17,Z3L8eLmPM_A,الحلقة 2 : الرسائل رجعات… ولكن💀,"Dec 25, 2025",816,0
2019-05-18,Z3L8eLmPM_A,الحلقة 2 : الرسائل رجعات… ولكن💀,"Dec 25, 2025",816,0
2019-05-19,Z3L8eLmPM_A,الحلقة 2 : الرسائل رجعات… ولكن💀,"Dec 25, 2025",816,0
2019-05-20,Z3L8eLmPM_A,الحلقة 2 : الرسائل رجعات… ولكن💀,"Dec 25, 2025",816,0
2019-05-21,Z3L8eLmPM_A,الحلقة 2 : الرسائل رجعات… ولكن💀,"Dec 25, 2025",816,0
2019-05-22,Z3L8eLmPM_A,الحلقة 2 : الرسائل رجعات… ولكن💀,"Dec 25, 2025",816,0
2019-05-23,Z3L8eLmPM_A,الحلقة 2 : الرسائل رجعات… ولكن💀,"Dec 25, 2025",816,0
2019-05-24,Z3L8eLmPM_A,الحلقة 2 : الرسائل رجعات… ولكن💀,"Dec 25, 2025",816,0
2019-05-25,Z3L8eLmPM_A,الحلقة 2 : الرسائل رجعات… ولكن💀,"Dec 25, 2025",816,0
2019-05-26,Z3L8eLmPM_A,الحلقة 2 : الرسائل رجعات… ولكن💀,"Dec 25, 2025",816,0
2019-05-27,Z3L8eLmPM_A,الحلقة 2 : الرسائل رجعات… ولكن💀,"Dec 25, 2025",816,0
2019-05-28,Z3L8eLmPM_A,الحلقة 2 : الرسائل رجعات… ولكن💀,"Dec 25, 2025",816,0
2019-05-29,Z3L8eLmPM_A,الحلقة 2 : الرسائل رجعات… ولكن💀,"Dec 25, 2025",816,0
2019-05-30,Z3L8eLmPM_A,الحلقة 2 : الرسائل رجعات… ولكن💀,"Dec 25, 2025",816,0
2019-05-31,Z3L8eLmPM_A,الحلقة 2 : الرسائل رجعات… ولكن💀,"Dec 25, 2025",816,0
2019-06-01,Z3L8eLmPM_A,الحلقة 2 : الرسائل رجعات… ولكن💀,"Dec 25, 2025",816,0
2019-06-02,Z3L8eLmPM_A,الحلقة 2 : الرسائل رجعات… ولكن💀,"Dec 25, 2025",816,0
2019-06-03,Z3L8eLmPM_A,الحلقة 2 : الرسائل رجعات… ولكن💀,"Dec 25, 2025",816,0
2019-06-04,Z3L8eLmPM_A,الحلقة 2 : الرسائل رجعات… ولكن💀,"Dec 25, 2025",816,0
2019-06-05,Z3L8eLmPM_A,الحلقة 2 : الرسائل رجعات… ولكن💀,"Dec 25, 2025",816,0
2019-06-06,Z3L8eLmPM_A,الحلقة 2 : الرسائل رجعات… ولكن💀,"Dec 25, 2025",816,0
2019-06-07,Z3L8eLmPM_A,الحلقة 2 : الرسائل رجعات… ولكن💀,"Dec 25, 2025",816,0
2019-06-08,Z3L8eLmPM_A,الحلقة 2 : الرسائل رجعات… ولكن💀,"Dec 25, 2025",816,0
2019-06-09,Z3L8eLmPM_A,الحلقة 2 : الرسائل رجعات… ولكن💀,"Dec 25, 2025",816,0
2019-06-10,Z3L8eLmPM_A,الحلقة 2 : الرسائل رجعات… ولكن💀,"Dec 25, 2025",816,0
2019-06-11,Z3L8eLmPM_A,الحلقة 2 : الرسائل رجعات… ولكن💀,"Dec 25, 2025",816,0
2019-06-12,Z3L8eLmPM_A,الحلقة 2 : الرسائل رجعات… ولكن💀,"Dec 25, 2025",816,0
2019-06-13,Z3L8eLmPM_A,الحلقة 2 : الرسائل رجعات… ولكن💀,"Dec 25, 2025",816,0
2019-06-14,Z3L8eLmPM_A,الحلقة 2 : الرسائل رجعات… ولكن💀,"Dec 25, 2025",816,0
2019-06-15,Z3L8eLmPM_A,الحلقة 2 : الرسائل رجعات… ولكن💀,"Dec 25, 2025",816,0
2019-06-16,Z3L8eLmPM_A,الحلقة 2 : الرسائل رجعات… ولكن💀,"Dec 25, 2025",816,0
2019-06-17,Z3L8eLmPM_A,الحلقة 2 : الرسائل رجعات… ولكن💀,"Dec 25, 2025",816,0
2019-06-18,Z3L8eLmPM_A,الحلقة 2 : الرسائل رجعات… ولكن💀,"Dec 25, 2025",816,0
2019-06-19,Z3L8eLmPM_A,الحلقة 2 : الرسائل رجعات… ولكن💀,"Dec 25, 2025",816,0
2019-06-20,Z3L8eLmPM_A,الحلقة 2 : الرسائل رجعات… ولكن💀,"Dec 25, 2025",816,0
2019-06-21,Z3L8eLmPM_A,الحلقة 2 : الرسائل رجعات… ولكن💀,"Dec 25, 2025",816,0
2019-06-22,Z3L8eLmPM_A,الحلقة 2 : الرسائل رجعات… ولكن💀,"Dec 25, 2025",816,0
2019-06-23,Z3L8eLmPM_A,الحلقة 2 : الرسائل رجعات… ولكن💀,"Dec 25, 2025",816,0
2019-06-24,Z3L8eLmPM_A,الحلقة 2 : الرسائل رجعات… ولكن💀,"Dec 25, 2025",816,0
2019-06-25,Z3L8eLmPM_A,الحلقة 2 : الرسائل رجعات… ولكن💀,"Dec 25, 2025",816,0
2019-06-26,Z3L8eLmPM_A,الحلقة 2 : الرسائل رجعات… ولكن💀,"Dec 25, 2025",816,0
2019-06-27,Z3L8eLmPM_A,الحلقة 2 : الرسائل رجعات… ولكن💀,"Dec 25, 2025",816,0
2019-06-28,Z3L8eLmPM_A,الحلقة 2 : الرسائل رجعات… ولكن💀,"Dec 25, 2025",816,0
2019-06-29,Z3L8eLmPM_A,الحلقة 2 : الرسائل رجعات… ولكن💀,"Dec 25, 2025",816,0
2019-06-30,Z3L8eLmPM_A,الحلقة 2 : الرسائل رجعات… ولكن💀,"Dec 25, 2025",816,0
2019-07-01,Z3L8eLmPM_A,الحلقة 2 : الرسائل رجعات… ولكن💀,"Dec 25, 2025",816,0
2019-07-02,Z3L8eLmPM_A,الحلقة 2 : الرسائل رجعات… ولكن💀,"Dec 25, 2025",816,0
2019-07-03,Z3L8eLmPM_A,الحلقة 2 : الرسائل رجعات… ولكن💀,"Dec 25, 2025",816,0
2019-07-04,Z3L8eLmPM_A,الحلقة 2 : الرسائل رجعات… ولكن💀,"Dec 25, 2025",816,0
2019-07-05,Z3L8eLmPM_A,الحلقة 2 : الرسائل رجعات… ولكن💀,"Dec 25, 2025",816,0
2019-07-06,Z3L8eLmPM_A,الحلقة 2 : الرسائل رجعات… ولكن💀,"Dec 25, 2025",816,0
2019-07-07,Z3L8eLmPM_A,الحلقة 2 : الرسائل رجعات… ولكن💀,"Dec 25, 2025",816,0
2019-07-08,Z3L8eLmPM_A,الحلقة 2 : الرسائل رجعات… ولكن💀,"Dec 25, 2025",816,0
2019-07-09,Z3L8eLmPM_A,الحلقة 2 : الرسائل رجعات… ولكن💀,"Dec 25, 2025",816,0
2019-07-10,Z3L8eLmPM_A,الحلقة 2 : الرسائل رجعات… ولكن💀,"Dec 25, 2025",816,0
2019-07-11,Z3L8eLmPM_A,الحلقة 2 : الرسائل رجعات… ولكن💀,"Dec 25, 2025",816,0
2019-07-12,Z3L8eLmPM_A,الحلقة 2 : الرسائل رجعات… ولكن💀,"Dec 25, 2025",816,0
2019-07-13,Z3L8eLmPM_A,الحلقة 2 : الرسائل رجعات… ولكن💀,"Dec 25, 2025",816,0
2019-07-14,Z3L8eLmPM_A,الحلقة 2 : الرسائل رجعات… ولكن💀,"Dec 25, 2025",816,0
2019-07-15,Z3L8eLmPM_A,الحلقة 2 : الرسائل رجعات… ولكن💀,"Dec 25, 2025",816,0
2019-07-16,Z3L8eLmPM_A,الحلقة 2 : الرسائل رجعات… ولكن💀,"Dec 25, 2025",816,0
2019-07-17,Z3L8eLmPM_A,الحلقة 2 : الرسائل رجعات… ولكن💀,"Dec 25, 2025",816,0
2019-07-18,Z3L8eLmPM_A,الحلقة 2 : الرسائل رجعات… ولكن💀,"Dec 25, 2025",816,0
2019-07-19,Z3L8eLmPM_A,الحلقة 2 : الرسائل رجعات… ولكن💀,"Dec 25, 2025",816,0
2019-07-20,Z3L8eLmPM_A,الحلقة 2 : الرسائل رجعات… ولكن💀,"Dec 25, 2025",816,0
2019-07-21,Z3L8eLmPM_A,الحلقة 2 : الرسائل رجعات… ولكن💀,"Dec 25, 2025",816,0
2019-07-22,Z3L8eLmPM_A,الحلقة 2 : الرسائل رجعات… ولكن💀,"Dec 25, 2025",816,0
2019-07-23,Z3L8eLmPM_A,الحلقة 2 : الرسائل رجعات… ولكن💀,"Dec 25, 2025",816,0
2019-07-24,Z3L8eLmPM_A,الحلقة 2 : الرسائل رجعات… ولكن💀,"Dec 25, 2025",816,0
2019-07-25,Z3L8eLmPM_A,الحلقة 2 : الرسائل رجعات… ولكن💀,"Dec 25, 2025",816,0
2019-07-26,Z3L8eLmPM_A,الحلقة 2 : الرسائل رجعات… ولكن💀,"Dec 25, 2025",816,0
2019-07-27,Z3L8eLmPM_A,الحلقة 2 : الرسائل رجعات… ولكن💀,"Dec 25, 2025",816,0
2019-07-28,Z3L8eLmPM_A,الحلقة 2 : الرسائل رجعات… ولكن💀,"Dec 25, 2025",816,0
2019-07-29,Z3L8eLmPM_A,الحلقة 2 : الرسائل رجعات… ولكن💀,"Dec 25, 2025",816,0
2019-07-30,Z3L8eLmPM_A,الحلقة 2 : الرسائل رجعات… ولكن💀,"Dec 25, 2025",816,0
2019-07-31,Z3L8eLmPM_A,الحلقة 2 : الرسائل رجعات… ولكن💀,"Dec 25, 2025",816,0
2019-08-01,Z3L8eLmPM_A,الحلقة 2 : الرسائل رجعات… ولكن💀,"Dec 25, 2025",816,0
2019-08-02,Z3L8eLmPM_A,الحلقة 2 : الرسائل رجعات… ولكن💀,"Dec 25, 2025",816,0
2019-08-03,Z3L8eLmPM_A,الحلقة 2 : الرسائل رجعات… ولكن💀,"Dec 25, 2025",816,0
2019-08-04,Z3L8eLmPM_A,الحلقة 2 : الرسائل رجعات… ولكن💀,"Dec 25, 2025",816,0
2019-08-05,Z3L8eLmPM_A,الحلقة 2 : الرسائل رجعات… ولكن💀,"Dec 25, 2025",816,0
2019-08-06,Z3L8eLmPM_A,الحلقة 2 : الرسائل رجعات… ولكن💀,"Dec 25, 2025",816,0
2019-08-07,Z3L8eLmPM_A,الحلقة 2 : الرسائل رجعات… ولكن💀,"Dec 25, 2025",816,0
2019-08-08,Z3L8eLmPM_A,الحلقة 2 : الرسائل رجعات… ولكن💀,"Dec 25, 2025",816,0
2019-08-09,Z3L8eLmPM_A,الحلقة 2 : الرسائل رجعات… ولكن💀,"Dec 25, 2025",816,0
2019-08-10,Z3L8eLmPM_A,الحلقة 2 : الرسائل رجعات… ولكن💀,"Dec 25, 2025",816,0
2019-08-11,Z3L8eLmPM_A,الحلقة 2 : الرسائل رجعات… ولكن💀,"Dec 25, 2025",816,0
2019-08-12,Z3L8eLmPM_A,الحلقة 2 : الرسائل رجعات… ولكن💀,"Dec 25, 2025",816,0
2019-08-13,Z3L8eLmPM_A,الحلقة 2 : الرسائل رجعات… ولكن💀,"Dec 25, 2025",816,0
2019-08-14,Z3L8eLmPM_A,الحلقة 2 : الرسائل رجعات… ولكن💀,"Dec 25, 2025",816,0
2019-08-15,Z3L8eLmPM_A,الحلقة 2 : الرسائل رجعات… ولكن💀,"Dec 25, 2025",816,0
2019-08-16,Z3L8eLmPM_A,الحلقة 2 : الرسائل رجعات… ولكن💀,"Dec 25, 2025",816,0
2019-08-17,Z3L8eLmPM_A,الحلقة 2 : الرسائل رجعات… ولكن💀,"Dec 25, 2025",816,0
2019-08-18,Z3L8eLmPM_A,الحلقة 2 : الرسائل رجعات… ولكن💀,"Dec 25, 2025",816,0
2019-08-19,Z3L8eLmPM_A,الحلقة 2 : الرسائل رجعات… ولكن💀,"Dec 25, 2025",816,0
2019-08-20,Z3L8eLmPM_A,الحلقة 2 : الرسائل رجعات… ولكن💀,"Dec 25, 2025",816,0
2019-08-21,Z3L8eLmPM_A,الحلقة 2 : الرسائل رجعات… ولكن💀,"Dec 25, 2025",816,0
2019-08-22,Z3L8eLmPM_A,الحلقة 2 : الرسائل رجعات… ولكن💀,"Dec 25, 2025",816,0
2019-08-23,Z3L8eLmPM_A,الحلقة 2 : الرسائل رجعات… ولكن💀,"Dec 25, 2025",816,0
2019-08-24,Z3L8eLmPM_A,الحلقة 2 : الرسائل رجعات… ولكن💀,"Dec 25, 2025",816,0
2019-08-25,Z3L8eLmPM_A,الحلقة 2 : الرسائل رجعات… ولكن💀,"Dec 25, 2025",816,0
2019-08-26,Z3L8eLmPM_A,الحلقة 2 : الرسائل رجعات… ولكن💀,"Dec 25, 2025",816,0
2019-08-27,Z3L8eLmPM_A,الحلقة 2 : الرسائل رجعات… ولكن💀,"Dec 25, 2025",816,0
2019-08-28,Z3L8eLmPM_A,الحلقة 2 : الرسائل رجعات… ولكن💀,"Dec 25, 2025",816,0
2019-08-29,Z3L8eLmPM_A,الحلقة 2 : الرسائل رجعات… ولكن💀,"Dec 25, 2025",816,0
2019-08-30,Z3L8eLmPM_A,الحلقة 2 : الرسائل رجعات… ولكن💀,"Dec 25, 2025",816,0
2019-08-31,Z3L8eLmPM_A,الحلقة 2 : الرسائل رجعات… ولكن💀,"Dec 25, 2025",816,0
2019-09-01,Z3L8eLmPM_A,الحلقة 2 : الرسائل رجعات… ولكن💀,"Dec 25, 2025",816,0
2019-09-02,Z3L8eLmPM_A,الحلقة 2 : الرسائل رجعات… ولكن💀,"Dec 25, 2025",816,0
2019-09-03,Z3L8eLmPM_A,الحلقة 2 : الرسائل رجعات… ولكن💀,"Dec 25, 2025",816,0
2019-09-04,Z3L8eLmPM_A,الحلقة 2 : الرسائل رجعات… ولكن💀,"Dec 25, 2025",816,0
2019-09-05,Z3L8eLmPM_A,الحلقة 2 : الرسائل رجعات… ولكن💀,"Dec 25, 2025",816,0
2019-09-06,Z3L8eLmPM_A,الحلقة 2 : الرسائل رجعات… ولكن💀,"Dec 25, 2025",816,0
2019-09-07,Z3L8eLmPM_A,الحلقة 2 : الرسائل رجعات… ولكن💀,"Dec 25, 2025",816,0
2019-09-08,Z3L8eLmPM_A,الحلقة 2 : الرسائل رجعات… ولكن💀,"Dec 25, 2025",816,0
2019-09-09,Z3L8eLmPM_A,الحلقة 2 : الرسائل رجعات… ولكن💀,"Dec 25, 2025",816,0
2019-09-10,Z3L8eLmPM_A,الحلقة 2 : الرسائل رجعات… ولكن💀,"Dec 25, 2025",816,0
2019-09-11,Z3L8eLmPM_A,الحلقة 2 : الرسائل رجعات… ولكن💀,"Dec 25, 2025",816,0
2019-09-12,Z3L8eLmPM_A,الحلقة 2 : الرسائل رجعات… ولكن💀,"Dec 25, 2025",816,0
2019-09-13,Z3L8eLmPM_A,الحلقة 2 : الرسائل رجعات… ولكن💀,"Dec 25, 2025",816,0
2019-09-14,Z3L8eLmPM_A,الحلقة 2 : الرسائل رجعات… ولكن💀,"Dec 25, 2025",816,0
2019-09-15,Z3L8eLmPM_A,الحلقة 2 : الرسائل رجعات… ولكن💀,"Dec 25, 2025",816,0
2019-09-16,Z3L8eLmPM_A,الحلقة 2 : الرسائل رجعات… ولكن💀,"Dec 25, 2025",816,0
2019-09-17,Z3L8eLmPM_A,الحلقة 2 : الرسائل رجعات… ولكن💀,"Dec 25, 2025",816,0
2019-09-18,Z3L8eLmPM_A,الحلقة 2 : الرسائل رجعات… ولكن💀,"Dec 25, 2025",816,0
2019-09-19,Z3L8eLmPM_A,الحلقة 2 : الرسائل رجعات… ولكن💀,"Dec 25, 2025",816,0
2019-09-20,Z3L8eLmPM_A,الحلقة 2 : الرسائل رجعات… ولكن💀,"Dec 25, 2025",816,0
2019-09-21,Z3L8eLmPM_A,الحلقة 2 : الرسائل رجعات… ولكن💀,"Dec 25, 2025",816,0
2019-09-22,Z3L8eLmPM_A,الحلقة 2 : الرسائل رجعات… ولكن💀,"Dec 25, 2025",816,0
2019-09-23,Z3L8eLmPM_A,الحلقة 2 : الرسائل رجعات… ولكن💀,"Dec 25, 2025",816,0
2019-09-24,Z3L8eLmPM_A,الحلقة 2 : الرسائل رجعات… ولكن💀,"Dec 25, 2025",816,0
2019-09-25,Z3L8eLmPM_A,الحلقة 2 : الرسائل رجعات… ولكن💀,"Dec 25, 2025",816,0
2019-09-26,Z3L8eLmPM_A,الحلقة 2 : الرسائل رجعات… ولكن💀,"Dec 25, 2025",816,0
2019-09-27,Z3L8eLmPM_A,الحلقة 2 : الرسائل رجعات… ولكن💀,"Dec 25, 2025",816,0
2019-09-28,Z3L8eLmPM_A,الحلقة 2 : الرسائل رجعات… ولكن💀,"Dec 25, 2025",816,0
2019-09-29,Z3L8eLmPM_A,الحلقة 2 : الرسائل رجعات… ولكن💀,"Dec 25, 2025",816,0
2019-09-30,Z3L8eLmPM_A,الحلقة 2 : الرسائل رجعات… ولكن💀,"Dec 25, 2025",816,0
2019-10-01,Z3L8eLmPM_A,الحلقة 2 : الرسائل رجعات… ولكن💀,"Dec 25, 2025",816,0
2019-10-02,Z3L8eLmPM_A,الحلقة 2 : الرسائل رجعات… ولكن💀,"Dec 25, 2025",816,0
2019-10-03,Z3L8eLmPM_A,الحلقة 2 : الرسائل رجعات… ولكن💀,"Dec 25, 2025",816,0
2019-10-04,Z3L8eLmPM_A,الحلقة 2 : الرسائل رجعات… ولكن💀,"Dec 25, 2025",816,0
2019-10-05,Z3L8eLmPM_A,الحلقة 2 : الرسائل رجعات… ولكن💀,"Dec 25, 2025",816,0
2019-10-06,Z3L8eLmPM_A,الحلقة 2 : الرسائل رجعات… ولكن💀,"Dec 25, 2025",816,0
2019-10-07,Z3L8eLmPM_A,الحلقة 2 : الرسائل رجعات… ولكن💀,"Dec 25, 2025",816,0
2019-10-08,Z3L8eLmPM_A,الحلقة 2 : الرسائل رجعات… ولكن💀,"Dec 25, 2025",816,0
2019-10-09,Z3L8eLmPM_A,الحلقة 2 : الرسائل رجعات… ولكن💀,"Dec 25, 2025",816,0
2019-10-10,Z3L8eLmPM_A,الحلقة 2 : الرسائل رجعات… ولكن💀,"Dec 25, 2025",816,0
2019-10-11,Z3L8eLmPM_A,الحلقة 2 : الرسائل رجعات… ولكن💀,"Dec 25, 2025",816,0
2019-10-12,Z3L8eLmPM_A,الحلقة 2 : الرسائل رجعات… ولكن💀,"Dec 25, 2025",816,0
2019-10-13,Z3L8eLmPM_A,الحلقة 2 : الرسائل رجعات… ولكن💀,"Dec 25, 2025",816,0
2019-10-14,Z3L8eLmPM_A,الحلقة 2 : الرسائل رجعات… ولكن💀,"Dec 25, 2025",816,0
2019-10-15,Z3L8eLmPM_A,الحلقة 2 : الرسائل رجعات… ولكن💀,"Dec 25, 2025",816,0
2019-10-16,Z3L8eLmPM_A,الحلقة 2 : الرسائل رجعات… ولكن💀,"Dec 25, 2025",816,0
2019-10-17,Z3L8eLmPM_A,الحلقة 2 : الرسائل رجعات… ولكن💀,"Dec 25, 2025",816,0
2019-10-18,Z3L8eLmPM_A,الحلقة 2 : الرسائل رجعات… ولكن💀,"Dec 25, 2025",816,0
2019-10-19,Z3L8eLmPM_A,الحلقة 2 : الرسائل رجعات… ولكن💀,"Dec 25, 2025",816,0
2019-10-20,Z3L8eLmPM_A,الحلقة 2 : الرسائل رجعات… ولكن💀,"Dec 25, 2025",816,0
2019-10-21,Z3L8eLmPM_A,الحلقة 2 : الرسائل رجعات… ولكن💀,"Dec 25, 2025",816,0
2019-10-22,Z3L8eLmPM_A,الحلقة 2 : الرسائل رجعات… ولكن💀,"Dec 25, 2025",816,0
2019-10-23,Z3L8eLmPM_A,الحلقة 2 : الرسائل رجعات… ولكن💀,"Dec 25, 2025",816,0
2019-10-24,Z3L8eLmPM_A,الحلقة 2 : الرسائل رجعات… ولكن💀,"Dec 25, 2025",816,0
2019-10-25,Z3L8eLmPM_A,الحلقة 2 : الرسائل رجعات… ولكن💀,"Dec 25, 2025",816,0
2019-10-26,Z3L8eLmPM_A,الحلقة 2 : الرسائل رجعات… ولكن💀,"Dec 25, 2025",816,0
2019-10-27,Z3L8eLmPM_A,الحلقة 2 : الرسائل رجعات… ولكن💀,"Dec 25, 2025",816,0
2019-10-28,Z3L8eLmPM_A,الحلقة 2 : الرسائل رجعات… ولكن💀,"Dec 25, 2025",816,0
2019-10-29,Z3L8eLmPM_A,الحلقة 2 : الرسائل رجعات… ولكن💀,"Dec 25, 2025",816,0
2019-10-30,Z3L8eLmPM_A,الحلقة 2 : الرسائل رجعات… ولكن💀,"Dec 25, 2025",816,0
2019-10-31,Z3L8eLmPM_A,الحلقة 2 : الرسائل رجعات… ولكن💀,"Dec 25, 2025",816,0
2019-11-01,Z3L8eLmPM_A,الحلقة 2 : الرسائل رجعات… ولكن💀,"Dec 25, 2025",816,0
2019-11-02,Z3L8eLmPM_A,الحلقة 2 : الرسائل رجعات… ولكن💀,"Dec 25, 2025",816,0
2019-11-03,Z3L8eLmPM_A,الحلقة 2 : الرسائل رجعات… ولكن💀,"Dec 25, 2025",816,0
2019-11-04,Z3L8eLmPM_A,الحلقة 2 : الرسائل رجعات… ولكن💀,"Dec 25, 2025",816,0
2019-11-05,Z3L8eLmPM_A,الحلقة 2 : الرسائل رجعات… ولكن💀,"Dec 25, 2025",816,0
2019-11-06,Z3L8eLmPM_A,الحلقة 2 : الرسائل رجعات… ولكن💀,"Dec 25, 2025",816,0
2019-11-07,Z3L8eLmPM_A,الحلقة 2 : الرسائل رجعات… ولكن💀,"Dec 25, 2025",816,0
2019-11-08,Z3L8eLmPM_A,الحلقة 2 : الرسائل رجعات… ولكن💀,"Dec 25, 2025",816,0
2019-11-09,Z3L8eLmPM_A,الحلقة 2 : الرسائل رجعات… ولكن💀,"Dec 25, 2025",816,0
2019-11-10,Z3L8eLmPM_A,الحلقة 2 : الرسائل رجعات… ولكن💀,"Dec 25, 2025",816,0
2019-11-11,Z3L8eLmPM_A,الحلقة 2 : الرسائل رجعات… ولكن💀,"Dec 25, 2025",816,0
2019-11-12,Z3L8eLmPM_A,الحلقة 2 : الرسائل رجعات… ولكن💀,"Dec 25, 2025",816,0
2019-11-13,Z3L8eLmPM_A,الحلقة 2 : الرسائل رجعات… ولكن💀,"Dec 25, 2025",816,0
2019-11-14,Z3L8eLmPM_A,الحلقة 2 : الرسائل رجعات… ولكن💀,"Dec 25, 2025",816,0
2019-11-15,Z3L8eLmPM_A,الحلقة 2 : الرسائل رجعات… ولكن💀,"Dec 25, 2025",816,0
2019-11-16,Z3L8eLmPM_A,الحلقة 2 : الرسائل رجعات… ولكن💀,"Dec 25, 2025",816,0
2019-11-17,Z3L8eLmPM_A,الحلقة 2 : الرسائل رجعات… ولكن💀,"Dec 25, 2025",816,0
2019-11-18,Z3L8eLmPM_A,الحلقة 2 : الرسائل رجعات… ولكن💀,"Dec 25, 2025",816,0
2019-11-19,Z3L8eLmPM_A,الحلقة 2 : الرسائل رجعات… ولكن💀,"Dec 25, 2025",816,0
2019-11-20,Z3L8eLmPM_A,الحلقة 2 : الرسائل رجعات… ولكن💀,"Dec 25, 2025",816,0
2019-11-21,Z3L8eLmPM_A,الحلقة 2 : الرسائل رجعات… ولكن💀,"Dec 25, 2025",816,0
2019-11-22,Z3L8eLmPM_A,الحلقة 2 : الرسائل رجعات… ولكن💀,"Dec 25, 2025",816,0
2019-11-23,Z3L8eLmPM_A,الحلقة 2 : الرسائل رجعات… ولكن💀,"Dec 25, 2025",816,0
2019-11-24,Z3L8eLmPM_A,الحلقة 2 : الرسائل رجعات… ولكن💀,"Dec 25, 2025",816,0
2019-11-25,Z3L8eLmPM_A,الحلقة 2 : الرسائل رجعات… ولكن💀,"Dec 25, 2025",816,0
2019-11-26,Z3L8eLmPM_A,الحلقة 2 : الرسائل رجعات… ولكن💀,"Dec 25, 2025",816,0
2019-11-27,Z3L8eLmPM_A,الحلقة 2 : الرسائل رجعات… ولكن💀,"Dec 25, 2025",816,0
2019-11-28,Z3L8eLmPM_A,الحلقة 2 : الرسائل رجعات… ولكن💀,"Dec 25, 2025",816,0
2019-11-29,Z3L8eLmPM_A,الحلقة 2 : الرسائل رجعات… ولكن💀,"Dec 25, 2025",816,0
2019-11-30,Z3L8eLmPM_A,الحلقة 2 : الرسائل رجعات… ولكن💀,"Dec 25, 2025",816,0
2019-12-01,Z3L8eLmPM_A,الحلقة 2 : الرسائل رجعات… ولكن💀,"Dec 25, 2025",816,0
2019-12-02,Z3L8eLmPM_A,الحلقة 2 : الرسائل رجعات… ولكن💀,"Dec 25, 2025",816,0
2019-12-03,Z3L8eLmPM_A,الحلقة 2 : الرسائل رجعات… ولكن💀,"Dec 25, 2025",816,0
2019-12-04,Z3L8eLmPM_A,الحلقة 2 : الرسائل رجعات… ولكن💀,"Dec 25, 2025",816,0
2019-12-05,Z3L8eLmPM_A,الحلقة 2 : الرسائل رجعات… ولكن💀,"Dec 25, 2025",816,0
2019-12-06,Z3L8eLmPM_A,الحلقة 2 : الرسائل رجعات… ولكن💀,"Dec 25, 2025",816,0
2019-12-07,Z3L8eLmPM_A,الحلقة 2 : الرسائل رجعات… ولكن💀,"Dec 25, 2025",816,0
2019-12-08,Z3L8eLmPM_A,الحلقة 2 : الرسائل رجعات… ولكن💀,"Dec 25, 2025",816,0
2019-12-09,Z3L8eLmPM_A,الحلقة 2 : الرسائل رجعات… ولكن💀,"Dec 25, 2025",816,0
2019-12-10,Z3L8eLmPM_A,الحلقة 2 : الرسائل رجعات… ولكن💀,"Dec 25, 2025",816,0
2019-12-11,Z3L8eLmPM_A,الحلقة 2 : الرسائل رجعات… ولكن💀,"Dec 25, 2025",816,0
2019-12-12,Z3L8eLmPM_A,الحلقة 2 : الرسائل رجعات… ولكن💀,"Dec 25, 2025",816,0
2019-12-13,Z3L8eLmPM_A,الحلقة 2 : الرسائل رجعات… ولكن💀,"Dec 25, 2025",816,0
2019-12-14,Z3L8eLmPM_A,الحلقة 2 : الرسائل رجعات… ولكن💀,"Dec 25, 2025",816,0
2019-12-15,Z3L8eLmPM_A,الحلقة 2 : الرسائل رجعات… ولكن💀,"Dec 25, 2025",816,0
2019-12-16,Z3L8eLmPM_A,الحلقة 2 : الرسائل رجعات… ولكن💀,"Dec 25, 2025",816,0
2019-12-17,Z3L8eLmPM_A,الحلقة 2 : الرسائل رجعات… ولكن💀,"Dec 25, 2025",816,0
2019-12-18,Z3L8eLmPM_A,الحلقة 2 : الرسائل رجعات… ولكن💀,"Dec 25, 2025",816,0
2019-12-19,Z3L8eLmPM_A,الحلقة 2 : الرسائل رجعات… ولكن💀,"Dec 25, 2025",816,0
2019-12-20,Z3L8eLmPM_A,الحلقة 2 : الرسائل رجعات… ولكن💀,"Dec 25, 2025",816,0
2019-12-21,Z3L8eLmPM_A,الحلقة 2 : الرسائل رجعات… ولكن💀,"Dec 25, 2025",816,0
2019-12-22,Z3L8eLmPM_A,الحلقة 2 : الرسائل رجعات… ولكن💀,"Dec 25, 2025",816,0
2019-12-23,Z3L8eLmPM_A,الحلقة 2 : الرسائل رجعات… ولكن💀,"Dec 25, 2025",816,0
2019-12-24,Z3L8eLmPM_A,الحلقة 2 : الرسائل رجعات… ولكن💀,"Dec 25, 2025",816,0
2019-12-25,Z3L8eLmPM_A,الحلقة 2 : الرسائل رجعات… ولكن💀,"Dec 25, 2025",816,0
2019-12-26,Z3L8eLmPM_A,الحلقة 2 : الرسائل رجعات… ولكن💀,"Dec 25, 2025",816,0
2019-12-27,Z3L8eLmPM_A,الحلقة 2 : الرسائل رجعات… ولكن💀,"Dec 25, 2025",816,0
2019-12-28,Z3L8eLmPM_A,الحلقة 2 : الرسائل رجعات… ولكن💀,"Dec 25, 2025",816,0
2019-12-29,Z3L8eLmPM_A,الحلقة 2 : الرسائل رجعات… ولكن💀,"Dec 25, 2025",816,0
2019-12-30,Z3L8eLmPM_A,الحلقة 2 : الرسائل رجعات… ولكن💀,"Dec 25, 2025",816,0
2019-12-31,Z3L8eLmPM_A,الحلقة 2 : الرسائل رجعات… ولكن💀,"Dec 25, 2025",816,0
2020-01-01,Z3L8eLmPM_A,الحلقة 2 : الرسائل رجعات… ولكن💀,"Dec 25, 2025",816,0
2020-01-02,Z3L8eLmPM_A,الحلقة 2 : الرسائل رجعات… ولكن💀,"Dec 25, 2025",816,0
2020-01-03,Z3L8eLmPM_A,الحلقة 2 : الرسائل رجعات… ولكن💀,"Dec 25, 2025",816,0
2020-01-04,Z3L8eLmPM_A,الحلقة 2 : الرسائل رجعات… ولكن💀,"Dec 25, 2025",816,0
2020-01-05,Z3L8eLmPM_A,الحلقة 2 : الرسائل رجعات… ولكن💀,"Dec 25, 2025",816,0
2020-01-06,Z3L8eLmPM_A,الحلقة 2 : الرسائل رجعات… ولكن💀,"Dec 25, 2025",816,0
2020-01-07,Z3L8eLmPM_A,الحلقة 2 : الرسائل رجعات… ولكن💀,"Dec 25, 2025",816,0
2020-01-08,Z3L8eLmPM_A,الحلقة 2 : الرسائل رجعات… ولكن💀,"Dec 25, 2025",816,0
2020-01-09,Z3L8eLmPM_A,الحلقة 2 : الرسائل رجعات… ولكن💀,"Dec 25, 2025",816,0
2020-01-10,Z3L8eLmPM_A,الحلقة 2 : الرسائل رجعات… ولكن💀,"Dec 25, 2025",816,0
2020-01-11,Z3L8eLmPM_A,الحلقة 2 : الرسائل رجعات… ولكن💀,"Dec 25, 2025",816,0
2020-01-12,Z3L8eLmPM_A,الحلقة 2 : الرسائل رجعات… ولكن💀,"Dec 25, 2025",816,0
2020-01-13,Z3L8eLmPM_A,الحلقة 2 : الرسائل رجعات… ولكن💀,"Dec 25, 2025",816,0
2020-01-14,Z3L8eLmPM_A,الحلقة 2 : الرسائل رجعات… ولكن💀,"Dec 25, 2025",816,0
2020-01-15,Z3L8eLmPM_A,الحلقة 2 : الرسائل رجعات… ولكن💀,"Dec 25, 2025",816,0
2020-01-16,Z3L8eLmPM_A,الحلقة 2 : الرسائل رجعات… ولكن💀,"Dec 25, 2025",816,0
2020-01-17,Z3L8eLmPM_A,الحلقة 2 : الرسائل رجعات… ولكن💀,"Dec 25, 2025",816,0
2020-01-18,Z3L8eLmPM_A,الحلقة 2 : الرسائل رجعات… ولكن💀,"Dec 25, 2025",816,0
2020-01-19,Z3L8eLmPM_A,الحلقة 2 : الرسائل رجعات… ولكن💀,"Dec 25, 2025",816,0
2020-01-20,Z3L8eLmPM_A,الحلقة 2 : الرسائل رجعات… ولكن💀,"Dec 25, 2025",816,0
2020-01-21,Z3L8eLmPM_A,الحلقة 2 : الرسائل رجعات… ولكن💀,"Dec 25, 2025",816,0
2020-01-22,Z3L8eLmPM_A,الحلقة 2 : الرسائل رجعات… ولكن💀,"Dec 25, 2025",816,0
2020-01-23,Z3L8eLmPM_A,الحلقة 2 : الرسائل رجعات… ولكن💀,"Dec 25, 2025",816,0
2020-01-24,Z3L8eLmPM_A,الحلقة 2 : الرسائل رجعات… ولكن💀,"Dec 25, 2025",816,0
2020-01-25,Z3L8eLmPM_A,الحلقة 2 : الرسائل رجعات… ولكن💀,"Dec 25, 2025",816,0
2020-01-26,Z3L8eLmPM_A,الحلقة 2 : الرسائل رجعات… ولكن💀,"Dec 25, 2025",816,0
2020-01-27,Z3L8eLmPM_A,الحلقة 2 : الرسائل رجعات… ولكن💀,"Dec 25, 2025",816,0
2020-01-28,Z3L8eLmPM_A,الحلقة 2 : الرسائل رجعات… ولكن💀,"Dec 25, 2025",816,0
2020-01-29,Z3L8eLmPM_A,الحلقة 2 : الرسائل رجعات… ولكن💀,"Dec 25, 2025",816,0
2020-01-30,Z3L8eLmPM_A,الحلقة 2 : الرسائل رجعات… ولكن💀,"Dec 25, 2025",816,0
2020-01-31,Z3L8eLmPM_A,الحلقة 2 : الرسائل رجعات… ولكن💀,"Dec 25, 2025",816,0
2020-02-01,Z3L8eLmPM_A,الحلقة 2 : الرسائل رجعات… ولكن💀,"Dec 25, 2025",816,0
2020-02-02,Z3L8eLmPM_A,الحلقة 2 : الرسائل رجعات… ولكن💀,"Dec 25, 2025",816,0
2020-02-03,Z3L8eLmPM_A,الحلقة 2 : الرسائل رجعات… ولكن💀,"Dec 25, 2025",816,0
2020-02-04,Z3L8eLmPM_A,الحلقة 2 : الرسائل رجعات… ولكن💀,"Dec 25, 2025",816,0
2020-02-05,Z3L8eLmPM_A,الحلقة 2 : الرسائل رجعات… ولكن💀,"Dec 25, 2025",816,0
2020-02-06,Z3L8eLmPM_A,الحلقة 2 : الرسائل رجعات… ولكن💀,"Dec 25, 2025",816,0
2020-02-07,Z3L8eLmPM_A,الحلقة 2 : الرسائل رجعات… ولكن💀,"Dec 25, 2025",816,0
2020-02-08,Z3L8eLmPM_A,الحلقة 2 : الرسائل رجعات… ولكن💀,"Dec 25, 2025",816,0
2020-02-09,Z3L8eLmPM_A,الحلقة 2 : الرسائل رجعات… ولكن💀,"Dec 25, 2025",816,0
2020-02-10,Z3L8eLmPM_A,الحلقة 2 : الرسائل رجعات… ولكن💀,"Dec 25, 2025",816,0
2020-02-11,Z3L8eLmPM_A,الحلقة 2 : الرسائل رجعات… ولكن💀,"Dec 25, 2025",816,0
2020-02-12,Z3L8eLmPM_A,الحلقة 2 : الرسائل رجعات… ولكن💀,"Dec 25, 2025",816,0
2020-02-13,Z3L8eLmPM_A,الحلقة 2 : الرسائل رجعات… ولكن💀,"Dec 25, 2025",816,0
2020-02-14,Z3L8eLmPM_A,الحلقة 2 : الرسائل رجعات… ولكن💀,"Dec 25, 2025",816,0
2020-02-15,Z3L8eLmPM_A,الحلقة 2 : الرسائل رجعات… ولكن💀,"Dec 25, 2025",816,0
2020-02-16,Z3L8eLmPM_A,الحلقة 2 : الرسائل رجعات… ولكن💀,"Dec 25, 2025",816,0
2020-02-17,Z3L8eLmPM_A,الحلقة 2 : الرسائل رجعات… ولكن💀,"Dec 25, 2025",816,0
2020-02-18,Z3L8eLmPM_A,الحلقة 2 : الرسائل رجعات… ولكن💀,"Dec 25, 2025",816,0
2020-02-19,Z3L8eLmPM_A,الحلقة 2 : الرسائل رجعات… ولكن💀,"Dec 25, 2025",816,0
2020-02-20,Z3L8eLmPM_A,الحلقة 2 : الرسائل رجعات… ولكن💀,"Dec 25, 2025",816,0
2020-02-21,Z3L8eLmPM_A,الحلقة 2 : الرسائل رجعات… ولكن💀,"Dec 25, 2025",816,0
2020-02-22,Z3L8eLmPM_A,الحلقة 2 : الرسائل رجعات… ولكن💀,"Dec 25, 2025",816,0
2020-02-23,Z3L8eLmPM_A,الحلقة 2 : الرسائل رجعات… ولكن💀,"Dec 25, 2025",816,0
2020-02-24,Z3L8eLmPM_A,الحلقة 2 : الرسائل رجعات… ولكن💀,"Dec 25, 2025",816,0
2020-02-25,Z3L8eLmPM_A,الحلقة 2 : الرسائل رجعات… ولكن💀,"Dec 25, 2025",816,0
2020-02-26,Z3L8eLmPM_A,الحلقة 2 : الرسائل رجعات… ولكن💀,"Dec 25, 2025",816,0
2020-02-27,Z3L8eLmPM_A,الحلقة 2 : الرسائل رجعات… ولكن💀,"Dec 25, 2025",816,0
2020-02-28,Z3L8eLmPM_A,الحلقة 2 : الرسائل رجعات… ولكن💀,"Dec 25, 2025",816,0
2020-02-29,Z3L8eLmPM_A,الحلقة 2 : الرسائل رجعات… ولكن💀,"Dec 25, 2025",816,0
2020-03-01,Z3L8eLmPM_A,الحلقة 2 : الرسائل رجعات… ولكن💀,"Dec 25, 2025",816,0
2020-03-02,Z3L8eLmPM_A,الحلقة 2 : الرسائل رجعات… ولكن💀,"Dec 25, 2025",816,0
2020-03-03,Z3L8eLmPM_A,الحلقة 2 : الرسائل رجعات… ولكن💀,"Dec 25, 2025",816,0
2020-03-04,Z3L8eLmPM_A,الحلقة 2 : الرسائل رجعات… ولكن💀,"Dec 25, 2025",816,0
2020-03-05,Z3L8eLmPM_A,الحلقة 2 : الرسائل رجعات… ولكن💀,"Dec 25, 2025",816,0
2020-03-06,Z3L8eLmPM_A,الحلقة 2 : الرسائل رجعات… ولكن💀,"Dec 25, 2025",816,0
2020-03-07,Z3L8eLmPM_A,الحلقة 2 : الرسائل رجعات… ولكن💀,"Dec 25, 2025",816,0
2020-03-08,Z3L8eLmPM_A,الحلقة 2 : الرسائل رجعات… ولكن💀,"Dec 25, 2025",816,0
2020-03-09,Z3L8eLmPM_A,الحلقة 2 : الرسائل رجعات… ولكن💀,"Dec 25, 2025",816,0
2020-03-10,Z3L8eLmPM_A,الحلقة 2 : الرسائل رجعات… ولكن💀,"Dec 25, 2025",816,0
2020-03-11,Z3L8eLmPM_A,الحلقة 2 : الرسائل رجعات… ولكن💀,"Dec 25, 2025",816,0
2020-03-12,Z3L8eLmPM_A,الحلقة 2 : الرسائل رجعات… ولكن💀,"Dec 25, 2025",816,0
2020-03-13,Z3L8eLmPM_A,الحلقة 2 : الرسائل رجعات… ولكن💀,"Dec 25, 2025",816,0
2020-03-14,Z3L8eLmPM_A,الحلقة 2 : الرسائل رجعات… ولكن💀,"Dec 25, 2025",816,0
2020-03-15,Z3L8eLmPM_A,الحلقة 2 : الرسائل رجعات… ولكن💀,"Dec 25, 2025",816,0
2020-03-16,Z3L8eLmPM_A,الحلقة 2 : الرسائل رجعات… ولكن💀,"Dec 25, 2025",816,0
2020-03-17,Z3L8eLmPM_A,الحلقة 2 : الرسائل رجعات… ولكن💀,"Dec 25, 2025",816,0
2020-03-18,Z3L8eLmPM_A,الحلقة 2 : الرسائل رجعات… ولكن💀,"Dec 25, 2025",816,0
2020-03-19,Z3L8eLmPM_A,الحلقة 2 : الرسائل رجعات… ولكن💀,"Dec 25, 2025",816,0
2020-03-20,Z3L8eLmPM_A,الحلقة 2 : الرسائل رجعات… ولكن💀,"Dec 25, 2025",816,0
2020-03-21,Z3L8eLmPM_A,الحلقة 2 : الرسائل رجعات… ولكن💀,"Dec 25, 2025",816,0
2020-03-22,Z3L8eLmPM_A,الحلقة 2 : الرسائل رجعات… ولكن💀,"Dec 25, 2025",816,0
2020-03-23,Z3L8eLmPM_A,الحلقة 2 : الرسائل رجعات… ولكن💀,"Dec 25, 2025",816,0
2020-03-24,Z3L8eLmPM_A,الحلقة 2 : الرسائل رجعات… ولكن💀,"Dec 25, 2025",816,0
2020-03-25,Z3L8eLmPM_A,الحلقة 2 : الرسائل رجعات… ولكن💀,"Dec 25, 2025",816,0
2020-03-26,Z3L8eLmPM_A,الحلقة 2 : الرسائل رجعات… ولكن💀,"Dec 25, 2025",816,0
2020-03-27,Z3L8eLmPM_A,الحلقة 2 : الرسائل رجعات… ولكن💀,"Dec 25, 2025",816,0
2020-03-28,Z3L8eLmPM_A,الحلقة 2 : الرسائل رجعات… ولكن💀,"Dec 25, 2025",816,0
2020-03-29,Z3L8eLmPM_A,الحلقة 2 : الرسائل رجعات… ولكن💀,"Dec 25, 2025",816,0
2020-03-30,Z3L8eLmPM_A,الحلقة 2 : الرسائل رجعات… ولكن💀,"Dec 25, 2025",816,0
2020-03-31,Z3L8eLmPM_A,الحلقة 2 : الرسائل رجعات… ولكن💀,"Dec 25, 2025",816,0
2020-04-01,Z3L8eLmPM_A,الحلقة 2 : الرسائل رجعات… ولكن💀,"Dec 25, 2025",816,0
2020-04-02,Z3L8eLmPM_A,الحلقة 2 : الرسائل رجعات… ولكن💀,"Dec 25, 2025",816,0
2020-04-03,Z3L8eLmPM_A,الحلقة 2 : الرسائل رجعات… ولكن💀,"Dec 25, 2025",816,0
2020-04-04,Z3L8eLmPM_A,الحلقة 2 : الرسائل رجعات… ولكن💀,"Dec 25, 2025",816,0
2020-04-05,Z3L8eLmPM_A,الحلقة 2 : الرسائل رجعات… ولكن💀,"Dec 25, 2025",816,0
2020-04-06,Z3L8eLmPM_A,الحلقة 2 : الرسائل رجعات… ولكن💀,"Dec 25, 2025",816,0
2020-04-07,Z3L8eLmPM_A,الحلقة 2 : الرسائل رجعات… ولكن💀,"Dec 25, 2025",816,0
2020-04-08,Z3L8eLmPM_A,الحلقة 2 : الرسائل رجعات… ولكن💀,"Dec 25, 2025",816,0
2020-04-09,Z3L8eLmPM_A,الحلقة 2 : الرسائل رجعات… ولكن💀,"Dec 25, 2025",816,0
2020-04-10,Z3L8eLmPM_A,الحلقة 2 : الرسائل رجعات… ولكن💀,"Dec 25, 2025",816,0
2020-04-11,Z3L8eLmPM_A,الحلقة 2 : الرسائل رجعات… ولكن💀,"Dec 25, 2025",816,0
2020-04-12,Z3L8eLmPM_A,الحلقة 2 : الرسائل رجعات… ولكن💀,"Dec 25, 2025",816,0
2020-04-13,Z3L8eLmPM_A,الحلقة 2 : الرسائل رجعات… ولكن💀,"Dec 25, 2025",816,0
2020-04-14,Z3L8eLmPM_A,الحلقة 2 : الرسائل رجعات… ولكن💀,"Dec 25, 2025",816,0
2020-04-15,Z3L8eLmPM_A,الحلقة 2 : الرسائل رجعات… ولكن💀,"Dec 25, 2025",816,0
2020-04-16,Z3L8eLmPM_A,الحلقة 2 : الرسائل رجعات… ولكن💀,"Dec 25, 2025",816,0
2020-04-17,Z3L8eLmPM_A,الحلقة 2 : الرسائل رجعات… ولكن💀,"Dec 25, 2025",816,0
2020-04-18,Z3L8eLmPM_A,الحلقة 2 : الرسائل رجعات… ولكن💀,"Dec 25, 2025",816,0
2020-04-19,Z3L8eLmPM_A,الحلقة 2 : الرسائل رجعات… ولكن💀,"Dec 25, 2025",816,0
2020-04-20,Z3L8eLmPM_A,الحلقة 2 : الرسائل رجعات… ولكن💀,"Dec 25, 2025",816,0
2020-04-21,Z3L8eLmPM_A,الحلقة 2 : الرسائل رجعات… ولكن💀,"Dec 25, 2025",816,0
2020-04-22,Z3L8eLmPM_A,الحلقة 2 : الرسائل رجعات… ولكن💀,"Dec 25, 2025",816,0
2020-04-23,Z3L8eLmPM_A,الحلقة 2 : الرسائل رجعات… ولكن💀,"Dec 25, 2025",816,0
2020-04-24,Z3L8eLmPM_A,الحلقة 2 : الرسائل رجعات… ولكن💀,"Dec 25, 2025",816,0
2020-04-25,Z3L8eLmPM_A,الحلقة 2 : الرسائل رجعات… ولكن💀,"Dec 25, 2025",816,0
2020-04-26,Z3L8eLmPM_A,الحلقة 2 : الرسائل رجعات… ولكن💀,"Dec 25, 2025",816,0
2020-04-27,Z3L8eLmPM_A,الحلقة 2 : الرسائل رجعات… ولكن💀,"Dec 25, 2025",816,0
2020-04-28,Z3L8eLmPM_A,الحلقة 2 : الرسائل رجعات… ولكن💀,"Dec 25, 2025",816,0
2020-04-29,Z3L8eLmPM_A,الحلقة 2 : الرسائل رجعات… ولكن💀,"Dec 25, 2025",816,0
2020-04-30,Z3L8eLmPM_A,الحلقة 2 : الرسائل رجعات… ولكن💀,"Dec 25, 2025",816,0
2020-05-01,Z3L8eLmPM_A,الحلقة 2 : الرسائل رجعات… ولكن💀,"Dec 25, 2025",816,0
2020-05-02,Z3L8eLmPM_A,الحلقة 2 : الرسائل رجعات… ولكن💀,"Dec 25, 2025",816,0
2020-05-03,Z3L8eLmPM_A,الحلقة 2 : الرسائل رجعات… ولكن💀,"Dec 25, 2025",816,0
2020-05-04,Z3L8eLmPM_A,الحلقة 2 : الرسائل رجعات… ولكن💀,"Dec 25, 2025",816,0
2020-05-05,Z3L8eLmPM_A,الحلقة 2 : الرسائل رجعات… ولكن💀,"Dec 25, 2025",816,0
2020-05-06,Z3L8eLmPM_A,الحلقة 2 : الرسائل رجعات… ولكن💀,"Dec 25, 2025",816,0
2020-05-07,Z3L8eLmPM_A,الحلقة 2 : الرسائل رجعات… ولكن💀,"Dec 25, 2025",816,0
2020-05-08,Z3L8eLmPM_A,الحلقة 2 : الرسائل رجعات… ولكن💀,"Dec 25, 2025",816,0
2020-05-09,Z3L8eLmPM_A,الحلقة 2 : الرسائل رجعات… ولكن💀,"Dec 25, 2025",816,0
2020-05-10,Z3L8eLmPM_A,الحلقة 2 : الرسائل رجعات… ولكن💀,"Dec 25, 2025",816,0
2020-05-11,Z3L8eLmPM_A,الحلقة 2 : الرسائل رجعات… ولكن💀,"Dec 25, 2025",816,0
2020-05-12,Z3L8eLmPM_A,الحلقة 2 : الرسائل رجعات… ولكن💀,"Dec 25, 2025",816,0
2020-05-13,Z3L8eLmPM_A,الحلقة 2 : الرسائل رجعات… ولكن💀,"Dec 25, 2025",816,0
2020-05-14,Z3L8eLmPM_A,الحلقة 2 : الرسائل رجعات… ولكن💀,"Dec 25, 2025",816,0
2020-05-15,Z3L8eLmPM_A,الحلقة 2 : الرسائل رجعات… ولكن💀,"Dec 25, 2025",816,0
2020-05-16,Z3L8eLmPM_A,الحلقة 2 : الرسائل رجعات… ولكن💀,"Dec 25, 2025",816,0
2020-05-17,Z3L8eLmPM_A,الحلقة 2 : الرسائل رجعات… ولكن💀,"Dec 25, 2025",816,0
2020-05-18,Z3L8eLmPM_A,الحلقة 2 : الرسائل رجعات… ولكن💀,"Dec 25, 2025",816,0
2020-05-19,Z3L8eLmPM_A,الحلقة 2 : الرسائل رجعات… ولكن💀,"Dec 25, 2025",816,0
2020-05-20,Z3L8eLmPM_A,الحلقة 2 : الرسائل رجعات… ولكن💀,"Dec 25, 2025",816,0
2020-05-21,Z3L8eLmPM_A,الحلقة 2 : الرسائل رجعات… ولكن💀,"Dec 25, 2025",816,0
2020-05-22,Z3L8eLmPM_A,الحلقة 2 : الرسائل رجعات… ولكن💀,"Dec 25, 2025",816,0
2020-05-23,Z3L8eLmPM_A,الحلقة 2 : الرسائل رجعات… ولكن💀,"Dec 25, 2025",816,0
2020-05-24,Z3L8eLmPM_A,الحلقة 2 : الرسائل رجعات… ولكن💀,"Dec 25, 2025",816,0
2020-05-25,Z3L8eLmPM_A,الحلقة 2 : الرسائل رجعات… ولكن💀,"Dec 25, 2025",816,0
2020-05-26,Z3L8eLmPM_A,الحلقة 2 : الرسائل رجعات… ولكن💀,"Dec 25, 2025",816,0
2020-05-27,Z3L8eLmPM_A,الحلقة 2 : الرسائل رجعات… ولكن💀,"Dec 25, 2025",816,0
2020-05-28,Z3L8eLmPM_A,الحلقة 2 : الرسائل رجعات… ولكن💀,"Dec 25, 2025",816,0
2020-05-29,Z3L8eLmPM_A,الحلقة 2 : الرسائل رجعات… ولكن💀,"Dec 25, 2025",816,0
2020-05-30,Z3L8eLmPM_A,الحلقة 2 : الرسائل رجعات… ولكن💀,"Dec 25, 2025",816,0
2020-05-31,Z3L8eLmPM_A,الحلقة 2 : الرسائل رجعات… ولكن💀,"Dec 25, 2025",816,0
2020-06-01,Z3L8eLmPM_A,الحلقة 2 : الرسائل رجعات… ولكن💀,"Dec 25, 2025",816,0
2020-06-02,Z3L8eLmPM_A,الحلقة 2 : الرسائل رجعات… ولكن💀,"Dec 25, 2025",816,0
2020-06-03,Z3L8eLmPM_A,الحلقة 2 : الرسائل رجعات… ولكن💀,"Dec 25, 2025",816,0
2020-06-04,Z3L8eLmPM_A,الحلقة 2 : الرسائل رجعات… ولكن💀,"Dec 25, 2025",816,0
2020-06-05,Z3L8eLmPM_A,الحلقة 2 : الرسائل رجعات… ولكن💀,"Dec 25, 2025",816,0
2020-06-06,Z3L8eLmPM_A,الحلقة 2 : الرسائل رجعات… ولكن💀,"Dec 25, 2025",816,0
2020-06-07,Z3L8eLmPM_A,الحلقة 2 : الرسائل رجعات… ولكن💀,"Dec 25, 2025",816,0
2020-06-08,Z3L8eLmPM_A,الحلقة 2 : الرسائل رجعات… ولكن💀,"Dec 25, 2025",816,0
2020-06-09,Z3L8eLmPM_A,الحلقة 2 : الرسائل رجعات… ولكن💀,"Dec 25, 2025",816,0
2020-06-10,Z3L8eLmPM_A,الحلقة 2 : الرسائل رجعات… ولكن💀,"Dec 25, 2025",816,0
2020-06-11,Z3L8eLmPM_A,الحلقة 2 : الرسائل رجعات… ولكن💀,"Dec 25, 2025",816,0
2020-06-12,Z3L8eLmPM_A,الحلقة 2 : الرسائل رجعات… ولكن💀,"Dec 25, 2025",816,0
2020-06-13,Z3L8eLmPM_A,الحلقة 2 : الرسائل رجعات… ولكن💀,"Dec 25, 2025",816,0
2020-06-14,Z3L8eLmPM_A,الحلقة 2 : الرسائل رجعات… ولكن💀,"Dec 25, 2025",816,0
2020-06-15,Z3L8eLmPM_A,الحلقة 2 : الرسائل رجعات… ولكن💀,"Dec 25, 2025",816,0
2020-06-16,Z3L8eLmPM_A,الحلقة 2 : الرسائل رجعات… ولكن💀,"Dec 25, 2025",816,0
2020-06-17,Z3L8eLmPM_A,الحلقة 2 : الرسائل رجعات… ولكن💀,"Dec 25, 2025",816,0
2020-06-18,Z3L8eLmPM_A,الحلقة 2 : الرسائل رجعات… ولكن💀,"Dec 25, 2025",816,0
2020-06-19,Z3L8eLmPM_A,الحلقة 2 : الرسائل رجعات… ولكن💀,"Dec 25, 2025",816,0
2020-06-20,Z3L8eLmPM_A,الحلقة 2 : الرسائل رجعات… ولكن💀,"Dec 25, 2025",816,0
2020-06-21,Z3L8eLmPM_A,الحلقة 2 : الرسائل رجعات… ولكن💀,"Dec 25, 2025",816,0
2020-06-22,Z3L8eLmPM_A,الحلقة 2 : الرسائل رجعات… ولكن💀,"Dec 25, 2025",816,0
2020-06-23,Z3L8eLmPM_A,الحلقة 2 : الرسائل رجعات… ولكن💀,"Dec 25, 2025",816,0
2020-06-24,Z3L8eLmPM_A,الحلقة 2 : الرسائل رجعات… ولكن💀,"Dec 25, 2025",816,0
2020-06-25,Z3L8eLmPM_A,الحلقة 2 : الرسائل رجعات… ولكن💀,"Dec 25, 2025",816,0
2020-06-26,Z3L8eLmPM_A,الحلقة 2 : الرسائل رجعات… ولكن💀,"Dec 25, 2025",816,0
2020-06-27,Z3L8eLmPM_A,الحلقة 2 : الرسائل رجعات… ولكن💀,"Dec 25, 2025",816,0
2020-06-28,Z3L8eLmPM_A,الحلقة 2 : الرسائل رجعات… ولكن💀,"Dec 25, 2025",816,0
2020-06-29,Z3L8eLmPM_A,الحلقة 2 : الرسائل رجعات… ولكن💀,"Dec 25, 2025",816,0
2020-06-30,Z3L8eLmPM_A,الحلقة 2 : الرسائل رجعات… ولكن💀,"Dec 25, 2025",816,0
2020-07-01,Z3L8eLmPM_A,الحلقة 2 : الرسائل رجعات… ولكن💀,"Dec 25, 2025",816,0
2020-07-02,Z3L8eLmPM_A,الحلقة 2 : الرسائل رجعات… ولكن💀,"Dec 25, 2025",816,0
2020-07-03,Z3L8eLmPM_A,الحلقة 2 : الرسائل رجعات… ولكن💀,"Dec 25, 2025",816,0
2020-07-04,Z3L8eLmPM_A,الحلقة 2 : الرسائل رجعات… ولكن💀,"Dec 25, 2025",816,0
2020-07-05,Z3L8eLmPM_A,الحلقة 2 : الرسائل رجعات… ولكن💀,"Dec 25, 2025",816,0
2020-07-06,Z3L8eLmPM_A,الحلقة 2 : الرسائل رجعات… ولكن💀,"Dec 25, 2025",816,0
2020-07-07,Z3L8eLmPM_A,الحلقة 2 : الرسائل رجعات… ولكن💀,"Dec 25, 2025",816,0
2020-07-08,Z3L8eLmPM_A,الحلقة 2 : الرسائل رجعات… ولكن💀,"Dec 25, 2025",816,0
2020-07-09,Z3L8eLmPM_A,الحلقة 2 : الرسائل رجعات… ولكن💀,"Dec 25, 2025",816,0
2020-07-10,Z3L8eLmPM_A,الحلقة 2 : الرسائل رجعات… ولكن💀,"Dec 25, 2025",816,0
2020-07-11,Z3L8eLmPM_A,الحلقة 2 : الرسائل رجعات… ولكن💀,"Dec 25, 2025",816,0
2020-07-12,Z3L8eLmPM_A,الحلقة 2 : الرسائل رجعات… ولكن💀,"Dec 25, 2025",816,0
2020-07-13,Z3L8eLmPM_A,الحلقة 2 : الرسائل رجعات… ولكن💀,"Dec 25, 2025",816,0
2020-07-14,Z3L8eLmPM_A,الحلقة 2 : الرسائل رجعات… ولكن💀,"Dec 25, 2025",816,0
2020-07-15,Z3L8eLmPM_A,الحلقة 2 : الرسائل رجعات… ولكن💀,"Dec 25, 2025",816,0
2020-07-16,Z3L8eLmPM_A,الحلقة 2 : الرسائل رجعات… ولكن💀,"Dec 25, 2025",816,0
2020-07-17,Z3L8eLmPM_A,الحلقة 2 : الرسائل رجعات… ولكن💀,"Dec 25, 2025",816,0
2020-07-18,Z3L8eLmPM_A,الحلقة 2 : الرسائل رجعات… ولكن💀,"Dec 25, 2025",816,0
2020-07-19,Z3L8eLmPM_A,الحلقة 2 : الرسائل رجعات… ولكن💀,"Dec 25, 2025",816,0
2020-07-20,Z3L8eLmPM_A,الحلقة 2 : الرسائل رجعات… ولكن💀,"Dec 25, 2025",816,0
2020-07-21,Z3L8eLmPM_A,الحلقة 2 : الرسائل رجعات… ولكن💀,"Dec 25, 2025",816,0
2020-07-22,Z3L8eLmPM_A,الحلقة 2 : الرسائل رجعات… ولكن💀,"Dec 25, 2025",816,0
2020-07-23,Z3L8eLmPM_A,الحلقة 2 : الرسائل رجعات… ولكن💀,"Dec 25, 2025",816,0
2020-07-24,Z3L8eLmPM_A,الحلقة 2 : الرسائل رجعات… ولكن💀,"Dec 25, 2025",816,0
2020-07-25,Z3L8eLmPM_A,الحلقة 2 : الرسائل رجعات… ولكن💀,"Dec 25, 2025",816,0
2020-07-26,Z3L8eLmPM_A,الحلقة 2 : الرسائل رجعات… ولكن💀,"Dec 25, 2025",816,0
2020-07-27,Z3L8eLmPM_A,الحلقة 2 : الرسائل رجعات… ولكن💀,"Dec 25, 2025",816,0
2020-07-28,Z3L8eLmPM_A,الحلقة 2 : الرسائل رجعات… ولكن💀,"Dec 25, 2025",816,0
2020-07-29,Z3L8eLmPM_A,الحلقة 2 : الرسائل رجعات… ولكن💀,"Dec 25, 2025",816,0
2020-07-30,Z3L8eLmPM_A,الحلقة 2 : الرسائل رجعات… ولكن💀,"Dec 25, 2025",816,0
2020-07-31,Z3L8eLmPM_A,الحلقة 2 : الرسائل رجعات… ولكن💀,"Dec 25, 2025",816,0
2020-08-01,Z3L8eLmPM_A,الحلقة 2 : الرسائل رجعات… ولكن💀,"Dec 25, 2025",816,0
2020-08-02,Z3L8eLmPM_A,الحلقة 2 : الرسائل رجعات… ولكن💀,"Dec 25, 2025",816,0
2020-08-03,Z3L8eLmPM_A,الحلقة 2 : الرسائل رجعات… ولكن💀,"Dec 25, 2025",816,0
2020-08-04,Z3L8eLmPM_A,الحلقة 2 : الرسائل رجعات… ولكن💀,"Dec 25, 2025",816,0
2020-08-05,Z3L8eLmPM_A,الحلقة 2 : الرسائل رجعات… ولكن💀,"Dec 25, 2025",816,0
2020-08-06,Z3L8eLmPM_A,الحلقة 2 : الرسائل رجعات… ولكن💀,"Dec 25, 2025",816,0
2020-08-07,Z3L8eLmPM_A,الحلقة 2 : الرسائل رجعات… ولكن💀,"Dec 25, 2025",816,0
2020-08-08,Z3L8eLmPM_A,الحلقة 2 : الرسائل رجعات… ولكن💀,"Dec 25, 2025",816,0
2020-08-09,Z3L8eLmPM_A,الحلقة 2 : الرسائل رجعات… ولكن💀,"Dec 25, 2025",816,0
2020-08-10,Z3L8eLmPM_A,الحلقة 2 : الرسائل رجعات… ولكن💀,"Dec 25, 2025",816,0
2020-08-11,Z3L8eLmPM_A,الحلقة 2 : الرسائل رجعات… ولكن💀,"Dec 25, 2025",816,0
2020-08-12,Z3L8eLmPM_A,الحلقة 2 : الرسائل رجعات… ولكن💀,"Dec 25, 2025",816,0
2020-08-13,Z3L8eLmPM_A,الحلقة 2 : الرسائل رجعات… ولكن💀,"Dec 25, 2025",816,0
2020-08-14,Z3L8eLmPM_A,الحلقة 2 : الرسائل رجعات… ولكن💀,"Dec 25, 2025",816,0
2020-08-15,Z3L8eLmPM_A,الحلقة 2 : الرسائل رجعات… ولكن💀,"Dec 25, 2025",816,0
2020-08-16,Z3L8eLmPM_A,الحلقة 2 : الرسائل رجعات… ولكن💀,"Dec 25, 2025",816,0
2020-08-17,Z3L8eLmPM_A,الحلقة 2 : الرسائل رجعات… ولكن💀,"Dec 25, 2025",816,0
2020-08-18,Z3L8eLmPM_A,الحلقة 2 : الرسائل رجعات… ولكن💀,"Dec 25, 2025",816,0
2020-08-19,Z3L8eLmPM_A,الحلقة 2 : الرسائل رجعات… ولكن💀,"Dec 25, 2025",816,0
2020-08-20,Z3L8eLmPM_A,الحلقة 2 : الرسائل رجعات… ولكن💀,"Dec 25, 2025",816,0
2020-08-21,Z3L8eLmPM_A,الحلقة 2 : الرسائل رجعات… ولكن💀,"Dec 25, 2025",816,0
2020-08-22,Z3L8eLmPM_A,الحلقة 2 : الرسائل رجعات… ولكن💀,"Dec 25, 2025",816,0
2020-08-23,Z3L8eLmPM_A,الحلقة 2 : الرسائل رجعات… ولكن💀,"Dec 25, 2025",816,0
2020-08-24,Z3L8eLmPM_A,الحلقة 2 : الرسائل رجعات… ولكن💀,"Dec 25, 2025",816,0
2020-08-25,Z3L8eLmPM_A,الحلقة 2 : الرسائل رجعات… ولكن💀,"Dec 25, 2025",816,0
2020-08-26,Z3L8eLmPM_A,الحلقة 2 : الرسائل رجعات… ولكن💀,"Dec 25, 2025",816,0
2020-08-27,Z3L8eLmPM_A,الحلقة 2 : الرسائل رجعات… ولكن💀,"Dec 25, 2025",816,0
2020-08-28,Z3L8eLmPM_A,الحلقة 2 : الرسائل رجعات… ولكن💀,"Dec 25, 2025",816,0
2020-08-29,Z3L8eLmPM_A,الحلقة 2 : الرسائل رجعات… ولكن💀,"Dec 25, 2025",816,0
2020-08-30,Z3L8eLmPM_A,الحلقة 2 : الرسائل رجعات… ولكن💀,"Dec 25, 2025",816,0
2020-08-31,Z3L8eLmPM_A,الحلقة 2 : الرسائل رجعات… ولكن💀,"Dec 25, 2025",816,0
2020-09-01,Z3L8eLmPM_A,الحلقة 2 : الرسائل رجعات… ولكن💀,"Dec 25, 2025",816,0
2020-09-02,Z3L8eLmPM_A,الحلقة 2 : الرسائل رجعات… ولكن💀,"Dec 25, 2025",816,0
2020-09-03,Z3L8eLmPM_A,الحلقة 2 : الرسائل رجعات… ولكن💀,"Dec 25, 2025",816,0
2020-09-04,Z3L8eLmPM_A,الحلقة 2 : الرسائل رجعات… ولكن💀,"Dec 25, 2025",816,0
2020-09-05,Z3L8eLmPM_A,الحلقة 2 : الرسائل رجعات… ولكن💀,"Dec 25, 2025",816,0
2020-09-06,Z3L8eLmPM_A,الحلقة 2 : الرسائل رجعات… ولكن💀,"Dec 25, 2025",816,0
2020-09-07,Z3L8eLmPM_A,الحلقة 2 : الرسائل رجعات… ولكن💀,"Dec 25, 2025",816,0
2020-09-08,Z3L8eLmPM_A,الحلقة 2 : الرسائل رجعات… ولكن💀,"Dec 25, 2025",816,0
2020-09-09,Z3L8eLmPM_A,الحلقة 2 : الرسائل رجعات… ولكن💀,"Dec 25, 2025",816,0
2020-09-10,Z3L8eLmPM_A,الحلقة 2 : الرسائل رجعات… ولكن💀,"Dec 25, 2025",816,0
2020-09-11,Z3L8eLmPM_A,الحلقة 2 : الرسائل رجعات… ولكن💀,"Dec 25, 2025",816,0
2020-09-12,Z3L8eLmPM_A,الحلقة 2 : الرسائل رجعات… ولكن💀,"Dec 25, 2025",816,0
2020-09-13,Z3L8eLmPM_A,الحلقة 2 : الرسائل رجعات… ولكن💀,"Dec 25, 2025",816,0
2020-09-14,Z3L8eLmPM_A,الحلقة 2 : الرسائل رجعات… ولكن💀,"Dec 25, 2025",816,0
2020-09-15,Z3L8eLmPM_A,الحلقة 2 : الرسائل رجعات… ولكن💀,"Dec 25, 2025",816,0
2020-09-16,Z3L8eLmPM_A,الحلقة 2 : الرسائل رجعات… ولكن💀,"Dec 25, 2025",816,0
2020-09-17,Z3L8eLmPM_A,الحلقة 2 : الرسائل رجعات… ولكن💀,"Dec 25, 2025",816,0
2020-09-18,Z3L8eLmPM_A,الحلقة 2 : الرسائل رجعات… ولكن💀,"Dec 25, 2025",816,0
2020-09-19,Z3L8eLmPM_A,الحلقة 2 : الرسائل رجعات… ولكن💀,"Dec 25, 2025",816,0
2020-09-20,Z3L8eLmPM_A,الحلقة 2 : الرسائل رجعات… ولكن💀,"Dec 25, 2025",816,0
2020-09-21,Z3L8eLmPM_A,الحلقة 2 : الرسائل رجعات… ولكن💀,"Dec 25, 2025",816,0
2020-09-22,Z3L8eLmPM_A,الحلقة 2 : الرسائل رجعات… ولكن💀,"Dec 25, 2025",816,0
2020-09-23,Z3L8eLmPM_A,الحلقة 2 : الرسائل رجعات… ولكن💀,"Dec 25, 2025",816,0
2020-09-24,Z3L8eLmPM_A,الحلقة 2 : الرسائل رجعات… ولكن💀,"Dec 25, 2025",816,0
2020-09-25,Z3L8eLmPM_A,الحلقة 2 : الرسائل رجعات… ولكن💀,"Dec 25, 2025",816,0
2020-09-26,Z3L8eLmPM_A,الحلقة 2 : الرسائل رجعات… ولكن💀,"Dec 25, 2025",816,0
2020-09-27,Z3L8eLmPM_A,الحلقة 2 : الرسائل رجعات… ولكن💀,"Dec 25, 2025",816,0
2020-09-28,Z3L8eLmPM_A,الحلقة 2 : الرسائل رجعات… ولكن💀,"Dec 25, 2025",816,0
2020-09-29,Z3L8eLmPM_A,الحلقة 2 : الرسائل رجعات… ولكن💀,"Dec 25, 2025",816,0
2020-09-30,Z3L8eLmPM_A,الحلقة 2 : الرسائل رجعات… ولكن💀,"Dec 25, 2025",816,0
2020-10-01,Z3L8eLmPM_A,الحلقة 2 : الرسائل رجعات… ولكن💀,"Dec 25, 2025",816,0
2020-10-02,Z3L8eLmPM_A,الحلقة 2 : الرسائل رجعات… ولكن💀,"Dec 25, 2025",816,0
2020-10-03,Z3L8eLmPM_A,الحلقة 2 : الرسائل رجعات… ولكن💀,"Dec 25, 2025",816,0
2020-10-04,Z3L8eLmPM_A,الحلقة 2 : الرسائل رجعات… ولكن💀,"Dec 25, 2025",816,0
2020-10-05,Z3L8eLmPM_A,الحلقة 2 : الرسائل رجعات… ولكن💀,"Dec 25, 2025",816,0
2020-10-06,Z3L8eLmPM_A,الحلقة 2 : الرسائل رجعات… ولكن💀,"Dec 25, 2025",816,0
2020-10-07,Z3L8eLmPM_A,الحلقة 2 : الرسائل رجعات… ولكن💀,"Dec 25, 2025",816,0
2020-10-08,Z3L8eLmPM_A,الحلقة 2 : الرسائل رجعات… ولكن💀,"Dec 25, 2025",816,0
2020-10-09,Z3L8eLmPM_A,الحلقة 2 : الرسائل رجعات… ولكن💀,"Dec 25, 2025",816,0
2020-10-10,Z3L8eLmPM_A,الحلقة 2 : الرسائل رجعات… ولكن💀,"Dec 25, 2025",816,0
2020-10-11,Z3L8eLmPM_A,الحلقة 2 : الرسائل رجعات… ولكن💀,"Dec 25, 2025",816,0
2020-10-12,Z3L8eLmPM_A,الحلقة 2 : الرسائل رجعات… ولكن💀,"Dec 25, 2025",816,0
2020-10-13,Z3L8eLmPM_A,الحلقة 2 : الرسائل رجعات… ولكن💀,"Dec 25, 2025",816,0
2020-10-14,Z3L8eLmPM_A,الحلقة 2 : الرسائل رجعات… ولكن💀,"Dec 25, 2025",816,0
2020-10-15,Z3L8eLmPM_A,الحلقة 2 : الرسائل رجعات… ولكن💀,"Dec 25, 2025",816,0
2020-10-16,Z3L8eLmPM_A,الحلقة 2 : الرسائل رجعات… ولكن💀,"Dec 25, 2025",816,0
2020-10-17,Z3L8eLmPM_A,الحلقة 2 : الرسائل رجعات… ولكن💀,"Dec 25, 2025",816,0
2020-10-18,Z3L8eLmPM_A,الحلقة 2 : الرسائل رجعات… ولكن💀,"Dec 25, 2025",816,0
2020-10-19,Z3L8eLmPM_A,الحلقة 2 : الرسائل رجعات… ولكن💀,"Dec 25, 2025",816,0
2020-10-20,Z3L8eLmPM_A,الحلقة 2 : الرسائل رجعات… ولكن💀,"Dec 25, 2025",816,0
2020-10-21,Z3L8eLmPM_A,الحلقة 2 : الرسائل رجعات… ولكن💀,"Dec 25, 2025",816,0
2020-10-22,Z3L8eLmPM_A,الحلقة 2 : الرسائل رجعات… ولكن💀,"Dec 25, 2025",816,0
2020-10-23,Z3L8eLmPM_A,الحلقة 2 : الرسائل رجعات… ولكن💀,"Dec 25, 2025",816,0
2020-10-24,Z3L8eLmPM_A,الحلقة 2 : الرسائل رجعات… ولكن💀,"Dec 25, 2025",816,0
2020-10-25,Z3L8eLmPM_A,الحلقة 2 : الرسائل رجعات… ولكن💀,"Dec 25, 2025",816,0
2020-10-26,Z3L8eLmPM_A,الحلقة 2 : الرسائل رجعات… ولكن💀,"Dec 25, 2025",816,0
2020-10-27,Z3L8eLmPM_A,الحلقة 2 : الرسائل رجعات… ولكن💀,"Dec 25, 2025",816,0
2020-10-28,Z3L8eLmPM_A,الحلقة 2 : الرسائل رجعات… ولكن💀,"Dec 25, 2025",816,0
2020-10-29,Z3L8eLmPM_A,الحلقة 2 : الرسائل رجعات… ولكن💀,"Dec 25, 2025",816,0
2020-10-30,Z3L8eLmPM_A,الحلقة 2 : الرسائل رجعات… ولكن💀,"Dec 25, 2025",816,0
2020-10-31,Z3L8eLmPM_A,الحلقة 2 : الرسائل رجعات… ولكن💀,"Dec 25, 2025",816,0
2020-11-01,Z3L8eLmPM_A,الحلقة 2 : الرسائل رجعات… ولكن💀,"Dec 25, 2025",816,0
2020-11-02,Z3L8eLmPM_A,الحلقة 2 : الرسائل رجعات… ولكن💀,"Dec 25, 2025",816,0
2020-11-03,Z3L8eLmPM_A,الحلقة 2 : الرسائل رجعات… ولكن💀,"Dec 25, 2025",816,0
2020-11-04,Z3L8eLmPM_A,الحلقة 2 : الرسائل رجعات… ولكن💀,"Dec 25, 2025",816,0
2020-11-05,Z3L8eLmPM_A,الحلقة 2 : الرسائل رجعات… ولكن💀,"Dec 25, 2025",816,0
2020-11-06,Z3L8eLmPM_A,الحلقة 2 : الرسائل رجعات… ولكن💀,"Dec 25, 2025",816,0
2020-11-07,Z3L8eLmPM_A,الحلقة 2 : الرسائل رجعات… ولكن💀,"Dec 25, 2025",816,0
2020-11-08,Z3L8eLmPM_A,الحلقة 2 : الرسائل رجعات… ولكن💀,"Dec 25, 2025",816,0
2020-11-09,Z3L8eLmPM_A,الحلقة 2 : الرسائل رجعات… ولكن💀,"Dec 25, 2025",816,0
2020-11-10,Z3L8eLmPM_A,الحلقة 2 : الرسائل رجعات… ولكن💀,"Dec 25, 2025",816,0
2020-11-11,Z3L8eLmPM_A,الحلقة 2 : الرسائل رجعات… ولكن💀,"Dec 25, 2025",816,0
2020-11-12,Z3L8eLmPM_A,الحلقة 2 : الرسائل رجعات… ولكن💀,"Dec 25, 2025",816,0
2020-11-13,Z3L8eLmPM_A,الحلقة 2 : الرسائل رجعات… ولكن💀,"Dec 25, 2025",816,0
2020-11-14,Z3L8eLmPM_A,الحلقة 2 : الرسائل رجعات… ولكن💀,"Dec 25, 2025",816,0
2020-11-15,Z3L8eLmPM_A,الحلقة 2 : الرسائل رجعات… ولكن💀,"Dec 25, 2025",816,0
2020-11-16,Z3L8eLmPM_A,الحلقة 2 : الرسائل رجعات… ولكن💀,"Dec 25, 2025",816,0
2020-11-17,Z3L8eLmPM_A,الحلقة 2 : الرسائل رجعات… ولكن💀,"Dec 25, 2025",816,0
2020-11-18,Z3L8eLmPM_A,الحلقة 2 : الرسائل رجعات… ولكن💀,"Dec 25, 2025",816,0
2020-11-19,Z3L8eLmPM_A,الحلقة 2 : الرسائل رجعات… ولكن💀,"Dec 25, 2025",816,0
2020-11-20,Z3L8eLmPM_A,الحلقة 2 : الرسائل رجعات… ولكن💀,"Dec 25, 2025",816,0
2020-11-21,Z3L8eLmPM_A,الحلقة 2 : الرسائل رجعات… ولكن💀,"Dec 25, 2025",816,0
2020-11-22,Z3L8eLmPM_A,الحلقة 2 : الرسائل رجعات… ولكن💀,"Dec 25, 2025",816,0
2020-11-23,Z3L8eLmPM_A,الحلقة 2 : الرسائل رجعات… ولكن💀,"Dec 25, 2025",816,0
2020-11-24,Z3L8eLmPM_A,الحلقة 2 : الرسائل رجعات… ولكن💀,"Dec 25, 2025",816,0
2020-11-25,Z3L8eLmPM_A,الحلقة 2 : الرسائل رجعات… ولكن💀,"Dec 25, 2025",816,0
2020-11-26,Z3L8eLmPM_A,الحلقة 2 : الرسائل رجعات… ولكن💀,"Dec 25, 2025",816,0
2020-11-27,Z3L8eLmPM_A,الحلقة 2 : الرسائل رجعات… ولكن💀,"Dec 25, 2025",816,0
2020-11-28,Z3L8eLmPM_A,الحلقة 2 : الرسائل رجعات… ولكن💀,"Dec 25, 2025",816,0
2020-11-29,Z3L8eLmPM_A,الحلقة 2 : الرسائل رجعات… ولكن💀,"Dec 25, 2025",816,0
2020-11-30,Z3L8eLmPM_A,الحلقة 2 : الرسائل رجعات… ولكن💀,"Dec 25, 2025",816,0
2020-12-01,Z3L8eLmPM_A,الحلقة 2 : الرسائل رجعات… ولكن💀,"Dec 25, 2025",816,0
2020-12-02,Z3L8eLmPM_A,الحلقة 2 : الرسائل رجعات… ولكن💀,"Dec 25, 2025",816,0
2020-12-03,Z3L8eLmPM_A,الحلقة 2 : الرسائل رجعات… ولكن💀,"Dec 25, 2025",816,0
2020-12-04,Z3L8eLmPM_A,الحلقة 2 : الرسائل رجعات… ولكن💀,"Dec 25, 2025",816,0
2020-12-05,Z3L8eLmPM_A,الحلقة 2 : الرسائل رجعات… ولكن💀,"Dec 25, 2025",816,0
2020-12-06,Z3L8eLmPM_A,الحلقة 2 : الرسائل رجعات… ولكن💀,"Dec 25, 2025",816,0
2020-12-07,Z3L8eLmPM_A,الحلقة 2 : الرسائل رجعات… ولكن💀,"Dec 25, 2025",816,0
2020-12-08,Z3L8eLmPM_A,الحلقة 2 : الرسائل رجعات… ولكن💀,"Dec 25, 2025",816,0
2020-12-09,Z3L8eLmPM_A,الحلقة 2 : الرسائل رجعات… ولكن💀,"Dec 25, 2025",816,0
2020-12-10,Z3L8eLmPM_A,الحلقة 2 : الرسائل رجعات… ولكن💀,"Dec 25, 2025",816,0
2020-12-11,Z3L8eLmPM_A,الحلقة 2 : الرسائل رجعات… ولكن💀,"Dec 25, 2025",816,0
2020-12-12,Z3L8eLmPM_A,الحلقة 2 : الرسائل رجعات… ولكن💀,"Dec 25, 2025",816,0
2020-12-13,Z3L8eLmPM_A,الحلقة 2 : الرسائل رجعات… ولكن💀,"Dec 25, 2025",816,0
2020-12-14,Z3L8eLmPM_A,الحلقة 2 : الرسائل رجعات… ولكن💀,"Dec 25, 2025",816,0
2020-12-15,Z3L8eLmPM_A,الحلقة 2 : الرسائل رجعات… ولكن💀,"Dec 25, 2025",816,0
2020-12-16,Z3L8eLmPM_A,الحلقة 2 : الرسائل رجعات… ولكن💀,"Dec 25, 2025",816,0
2020-12-17,Z3L8eLmPM_A,الحلقة 2 : الرسائل رجعات… ولكن💀,"Dec 25, 2025",816,0
2020-12-18,Z3L8eLmPM_A,الحلقة 2 : الرسائل رجعات… ولكن💀,"Dec 25, 2025",816,0
2020-12-19,Z3L8eLmPM_A,الحلقة 2 : الرسائل رجعات… ولكن💀,"Dec 25, 2025",816,0
2020-12-20,Z3L8eLmPM_A,الحلقة 2 : الرسائل رجعات… ولكن💀,"Dec 25, 2025",816,0
2020-12-21,Z3L8eLmPM_A,الحلقة 2 : الرسائل رجعات… ولكن💀,"Dec 25, 2025",816,0
2020-12-22,Z3L8eLmPM_A,الحلقة 2 : الرسائل رجعات… ولكن💀,"Dec 25, 2025",816,0
2020-12-23,Z3L8eLmPM_A,الحلقة 2 : الرسائل رجعات… ولكن💀,"Dec 25, 2025",816,0
2020-12-24,Z3L8eLmPM_A,الحلقة 2 : الرسائل رجعات… ولكن💀,"Dec 25, 2025",816,0
2020-12-25,Z3L8eLmPM_A,الحلقة 2 : الرسائل رجعات… ولكن💀,"Dec 25, 2025",816,0
2020-12-26,Z3L8eLmPM_A,الحلقة 2 : الرسائل رجعات… ولكن💀,"Dec 25, 2025",816,0
2020-12-27,Z3L8eLmPM_A,الحلقة 2 : الرسائل رجعات… ولكن💀,"Dec 25, 2025",816,0
2020-12-28,Z3L8eLmPM_A,الحلقة 2 : الرسائل رجعات… ولكن💀,"Dec 25, 2025",816,0
2020-12-29,Z3L8eLmPM_A,الحلقة 2 : الرسائل رجعات… ولكن💀,"Dec 25, 2025",816,0
2020-12-30,Z3L8eLmPM_A,الحلقة 2 : الرسائل رجعات… ولكن💀,"Dec 25, 2025",816,0
2020-12-31,Z3L8eLmPM_A,الحلقة 2 : الرسائل رجعات… ولكن💀,"Dec 25, 2025",816,0
2021-01-01,Z3L8eLmPM_A,الحلقة 2 : الرسائل رجعات… ولكن💀,"Dec 25, 2025",816,0
2021-01-02,Z3L8eLmPM_A,الحلقة 2 : الرسائل رجعات… ولكن💀,"Dec 25, 2025",816,0
2021-01-03,Z3L8eLmPM_A,الحلقة 2 : الرسائل رجعات… ولكن💀,"Dec 25, 2025",816,0
2021-01-04,Z3L8eLmPM_A,الحلقة 2 : الرسائل رجعات… ولكن💀,"Dec 25, 2025",816,0
2021-01-05,Z3L8eLmPM_A,الحلقة 2 : الرسائل رجعات… ولكن💀,"Dec 25, 2025",816,0
2021-01-06,Z3L8eLmPM_A,الحلقة 2 : الرسائل رجعات… ولكن💀,"Dec 25, 2025",816,0
2021-01-07,Z3L8eLmPM_A,الحلقة 2 : الرسائل رجعات… ولكن💀,"Dec 25, 2025",816,0
2021-01-08,Z3L8eLmPM_A,الحلقة 2 : الرسائل رجعات… ولكن💀,"Dec 25, 2025",816,0
2021-01-09,Z3L8eLmPM_A,الحلقة 2 : الرسائل رجعات… ولكن💀,"Dec 25, 2025",816,0
2021-01-10,Z3L8eLmPM_A,الحلقة 2 : الرسائل رجعات… ولكن💀,"Dec 25, 2025",816,0
2021-01-11,Z3L8eLmPM_A,الحلقة 2 : الرسائل رجعات… ولكن💀,"Dec 25, 2025",816,0
2021-01-12,Z3L8eLmPM_A,الحلقة 2 : الرسائل رجعات… ولكن💀,"Dec 25, 2025",816,0
2021-01-13,Z3L8eLmPM_A,الحلقة 2 : الرسائل رجعات… ولكن💀,"Dec 25, 2025",816,0
2021-01-14,Z3L8eLmPM_A,الحلقة 2 : الرسائل رجعات… ولكن💀,"Dec 25, 2025",816,0
2021-01-15,Z3L8eLmPM_A,الحلقة 2 : الرسائل رجعات… ولكن💀,"Dec 25, 2025",816,0
2021-01-16,Z3L8eLmPM_A,الحلقة 2 : الرسائل رجعات… ولكن💀,"Dec 25, 2025",816,0
2021-01-17,Z3L8eLmPM_A,الحلقة 2 : الرسائل رجعات… ولكن💀,"Dec 25, 2025",816,0
2021-01-18,Z3L8eLmPM_A,الحلقة 2 : الرسائل رجعات… ولكن💀,"Dec 25, 2025",816,0
2021-01-19,Z3L8eLmPM_A,الحلقة 2 : الرسائل رجعات… ولكن💀,"Dec 25, 2025",816,0
2021-01-20,Z3L8eLmPM_A,الحلقة 2 : الرسائل رجعات… ولكن💀,"Dec 25, 2025",816,0
2021-01-21,Z3L8eLmPM_A,الحلقة 2 : الرسائل رجعات… ولكن💀,"Dec 25, 2025",816,0
2021-01-22,Z3L8eLmPM_A,الحلقة 2 : الرسائل رجعات… ولكن💀,"Dec 25, 2025",816,0
2021-01-23,Z3L8eLmPM_A,الحلقة 2 : الرسائل رجعات… ولكن💀,"Dec 25, 2025",816,0
2021-01-24,Z3L8eLmPM_A,الحلقة 2 : الرسائل رجعات… ولكن💀,"Dec 25, 2025",816,0
2021-01-25,Z3L8eLmPM_A,الحلقة 2 : الرسائل رجعات… ولكن💀,"Dec 25, 2025",816,0
2021-01-26,Z3L8eLmPM_A,الحلقة 2 : الرسائل رجعات… ولكن💀,"Dec 25, 2025",816,0
2021-01-27,Z3L8eLmPM_A,الحلقة 2 : الرسائل رجعات… ولكن💀,"Dec 25, 2025",816,0
2021-01-28,Z3L8eLmPM_A,الحلقة 2 : الرسائل رجعات… ولكن💀,"Dec 25, 2025",816,0
2021-01-29,Z3L8eLmPM_A,الحلقة 2 : الرسائل رجعات… ولكن💀,"Dec 25, 2025",816,0
2021-01-30,Z3L8eLmPM_A,الحلقة 2 : الرسائل رجعات… ولكن💀,"Dec 25, 2025",816,0
2021-01-31,Z3L8eLmPM_A,الحلقة 2 : الرسائل رجعات… ولكن💀,"Dec 25, 2025",816,0
2021-02-01,Z3L8eLmPM_A,الحلقة 2 : الرسائل رجعات… ولكن💀,"Dec 25, 2025",816,0
2021-02-02,Z3L8eLmPM_A,الحلقة 2 : الرسائل رجعات… ولكن💀,"Dec 25, 2025",816,0
2021-02-03,Z3L8eLmPM_A,الحلقة 2 : الرسائل رجعات… ولكن💀,"Dec 25, 2025",816,0
2021-02-04,Z3L8eLmPM_A,الحلقة 2 : الرسائل رجعات… ولكن💀,"Dec 25, 2025",816,0
2021-02-05,Z3L8eLmPM_A,الحلقة 2 : الرسائل رجعات… ولكن💀,"Dec 25, 2025",816,0
2021-02-06,Z3L8eLmPM_A,الحلقة 2 : الرسائل رجعات… ولكن💀,"Dec 25, 2025",816,0
2021-02-07,Z3L8eLmPM_A,الحلقة 2 : الرسائل رجعات… ولكن💀,"Dec 25, 2025",816,0
2021-02-08,Z3L8eLmPM_A,الحلقة 2 : الرسائل رجعات… ولكن💀,"Dec 25, 2025",816,0
2021-02-09,Z3L8eLmPM_A,الحلقة 2 : الرسائل رجعات… ولكن💀,"Dec 25, 2025",816,0
2021-02-10,Z3L8eLmPM_A,الحلقة 2 : الرسائل رجعات… ولكن💀,"Dec 25, 2025",816,0
2021-02-11,Z3L8eLmPM_A,الحلقة 2 : الرسائل رجعات… ولكن💀,"Dec 25, 2025",816,0
2021-02-12,Z3L8eLmPM_A,الحلقة 2 : الرسائل رجعات… ولكن💀,"Dec 25, 2025",816,0
2021-02-13,Z3L8eLmPM_A,الحلقة 2 : الرسائل رجعات… ولكن💀,"Dec 25, 2025",816,0
2021-02-14,Z3L8eLmPM_A,الحلقة 2 : الرسائل رجعات… ولكن💀,"Dec 25, 2025",816,0
2021-02-15,Z3L8eLmPM_A,الحلقة 2 : الرسائل رجعات… ولكن💀,"Dec 25, 2025",816,0
2021-02-16,Z3L8eLmPM_A,الحلقة 2 : الرسائل رجعات… ولكن💀,"Dec 25, 2025",816,0
2021-02-17,Z3L8eLmPM_A,الحلقة 2 : الرسائل رجعات… ولكن💀,"Dec 25, 2025",816,0
2021-02-18,Z3L8eLmPM_A,الحلقة 2 : الرسائل رجعات… ولكن💀,"Dec 25, 2025",816,0
2021-02-19,Z3L8eLmPM_A,الحلقة 2 : الرسائل رجعات… ولكن💀,"Dec 25, 2025",816,0
2021-02-20,Z3L8eLmPM_A,الحلقة 2 : الرسائل رجعات… ولكن💀,"Dec 25, 2025",816,0
2021-02-21,Z3L8eLmPM_A,الحلقة 2 : الرسائل رجعات… ولكن💀,"Dec 25, 2025",816,0
2021-02-22,Z3L8eLmPM_A,الحلقة 2 : الرسائل رجعات… ولكن💀,"Dec 25, 2025",816,0
2021-02-23,Z3L8eLmPM_A,الحلقة 2 : الرسائل رجعات… ولكن💀,"Dec 25, 2025",816,0
2021-02-24,Z3L8eLmPM_A,الحلقة 2 : الرسائل رجعات… ولكن💀,"Dec 25, 2025",816,0
2021-02-25,Z3L8eLmPM_A,الحلقة 2 : الرسائل رجعات… ولكن💀,"Dec 25, 2025",816,0
2021-02-26,Z3L8eLmPM_A,الحلقة 2 : الرسائل رجعات… ولكن💀,"Dec 25, 2025",816,0
2021-02-27,Z3L8eLmPM_A,الحلقة 2 : الرسائل رجعات… ولكن💀,"Dec 25, 2025",816,0
2021-02-28,Z3L8eLmPM_A,الحلقة 2 : الرسائل رجعات… ولكن💀,"Dec 25, 2025",816,0
2021-03-01,Z3L8eLmPM_A,الحلقة 2 : الرسائل رجعات… ولكن💀,"Dec 25, 2025",816,0
2021-03-02,Z3L8eLmPM_A,الحلقة 2 : الرسائل رجعات… ولكن💀,"Dec 25, 2025",816,0
2021-03-03,Z3L8eLmPM_A,الحلقة 2 : الرسائل رجعات… ولكن💀,"Dec 25, 2025",816,0
2021-03-04,Z3L8eLmPM_A,الحلقة 2 : الرسائل رجعات… ولكن💀,"Dec 25, 2025",816,0
2021-03-05,Z3L8eLmPM_A,الحلقة 2 : الرسائل رجعات… ولكن💀,"Dec 25, 2025",816,0
2021-03-06,Z3L8eLmPM_A,الحلقة 2 : الرسائل رجعات… ولكن💀,"Dec 25, 2025",816,0
2021-03-07,Z3L8eLmPM_A,الحلقة 2 : الرسائل رجعات… ولكن💀,"Dec 25, 2025",816,0
2021-03-08,Z3L8eLmPM_A,الحلقة 2 : الرسائل رجعات… ولكن💀,"Dec 25, 2025",816,0
2021-03-09,Z3L8eLmPM_A,الحلقة 2 : الرسائل رجعات… ولكن💀,"Dec 25, 2025",816,0
2021-03-10,Z3L8eLmPM_A,الحلقة 2 : الرسائل رجعات… ولكن💀,"Dec 25, 2025",816,0
2021-03-11,Z3L8eLmPM_A,الحلقة 2 : الرسائل رجعات… ولكن💀,"Dec 25, 2025",816,0
2021-03-12,Z3L8eLmPM_A,الحلقة 2 : الرسائل رجعات… ولكن💀,"Dec 25, 2025",816,0
2021-03-13,Z3L8eLmPM_A,الحلقة 2 : الرسائل رجعات… ولكن💀,"Dec 25, 2025",816,0
2021-03-14,Z3L8eLmPM_A,الحلقة 2 : الرسائل رجعات… ولكن💀,"Dec 25, 2025",816,0
2021-03-15,Z3L8eLmPM_A,الحلقة 2 : الرسائل رجعات… ولكن💀,"Dec 25, 2025",816,0
2021-03-16,Z3L8eLmPM_A,الحلقة 2 : الرسائل رجعات… ولكن💀,"Dec 25, 2025",816,0
2021-03-17,Z3L8eLmPM_A,الحلقة 2 : الرسائل رجعات… ولكن💀,"Dec 25, 2025",816,0
2021-03-18,Z3L8eLmPM_A,الحلقة 2 : الرسائل رجعات… ولكن💀,"Dec 25, 2025",816,0
2021-03-19,Z3L8eLmPM_A,الحلقة 2 : الرسائل رجعات… ولكن💀,"Dec 25, 2025",816,0
2021-03-20,Z3L8eLmPM_A,الحلقة 2 : الرسائل رجعات… ولكن💀,"Dec 25, 2025",816,0
2021-03-21,Z3L8eLmPM_A,الحلقة 2 : الرسائل رجعات… ولكن💀,"Dec 25, 2025",816,0
2021-03-22,Z3L8eLmPM_A,الحلقة 2 : الرسائل رجعات… ولكن💀,"Dec 25, 2025",816,0
2021-03-23,Z3L8eLmPM_A,الحلقة 2 : الرسائل رجعات… ولكن💀,"Dec 25, 2025",816,0
2021-03-24,Z3L8eLmPM_A,الحلقة 2 : الرسائل رجعات… ولكن💀,"Dec 25, 2025",816,0
2021-03-25,Z3L8eLmPM_A,الحلقة 2 : الرسائل رجعات… ولكن💀,"Dec 25, 2025",816,0
2021-03-26,Z3L8eLmPM_A,الحلقة 2 : الرسائل رجعات… ولكن💀,"Dec 25, 2025",816,0
2021-03-27,Z3L8eLmPM_A,الحلقة 2 : الرسائل رجعات… ولكن💀,"Dec 25, 2025",816,0
2021-03-28,Z3L8eLmPM_A,الحلقة 2 : الرسائل رجعات… ولكن💀,"Dec 25, 2025",816,0
2021-03-29,Z3L8eLmPM_A,الحلقة 2 : الرسائل رجعات… ولكن💀,"Dec 25, 2025",816,0
2021-03-30,Z3L8eLmPM_A,الحلقة 2 : الرسائل رجعات… ولكن💀,"Dec 25, 2025",816,0
2021-03-31,Z3L8eLmPM_A,الحلقة 2 : الرسائل رجعات… ولكن💀,"Dec 25, 2025",816,0
2021-04-01,Z3L8eLmPM_A,الحلقة 2 : الرسائل رجعات… ولكن💀,"Dec 25, 2025",816,0
2021-04-02,Z3L8eLmPM_A,الحلقة 2 : الرسائل رجعات… ولكن💀,"Dec 25, 2025",816,0
2021-04-03,Z3L8eLmPM_A,الحلقة 2 : الرسائل رجعات… ولكن💀,"Dec 25, 2025",816,0
2021-04-04,Z3L8eLmPM_A,الحلقة 2 : الرسائل رجعات… ولكن💀,"Dec 25, 2025",816,0
2021-04-05,Z3L8eLmPM_A,الحلقة 2 : الرسائل رجعات… ولكن💀,"Dec 25, 2025",816,0
2021-04-06,Z3L8eLmPM_A,الحلقة 2 : الرسائل رجعات… ولكن💀,"Dec 25, 2025",816,0
2021-04-07,Z3L8eLmPM_A,الحلقة 2 : الرسائل رجعات… ولكن💀,"Dec 25, 2025",816,0
2021-04-08,Z3L8eLmPM_A,الحلقة 2 : الرسائل رجعات… ولكن💀,"Dec 25, 2025",816,0
2021-04-09,Z3L8eLmPM_A,الحلقة 2 : الرسائل رجعات… ولكن💀,"Dec 25, 2025",816,0
2021-04-10,Z3L8eLmPM_A,الحلقة 2 : الرسائل رجعات… ولكن💀,"Dec 25, 2025",816,0
2021-04-11,Z3L8eLmPM_A,الحلقة 2 : الرسائل رجعات… ولكن💀,"Dec 25, 2025",816,0
2021-04-12,Z3L8eLmPM_A,الحلقة 2 : الرسائل رجعات… ولكن💀,"Dec 25, 2025",816,0
2021-04-13,Z3L8eLmPM_A,الحلقة 2 : الرسائل رجعات… ولكن💀,"Dec 25, 2025",816,0
2021-04-14,Z3L8eLmPM_A,الحلقة 2 : الرسائل رجعات… ولكن💀,"Dec 25, 2025",816,0
2021-04-15,Z3L8eLmPM_A,الحلقة 2 : الرسائل رجعات… ولكن💀,"Dec 25, 2025",816,0
2021-04-16,Z3L8eLmPM_A,الحلقة 2 : الرسائل رجعات… ولكن💀,"Dec 25, 2025",816,0
2021-04-17,Z3L8eLmPM_A,الحلقة 2 : الرسائل رجعات… ولكن💀,"Dec 25, 2025",816,0
2021-04-18,Z3L8eLmPM_A,الحلقة 2 : الرسائل رجعات… ولكن💀,"Dec 25, 2025",816,0
2021-04-19,Z3L8eLmPM_A,الحلقة 2 : الرسائل رجعات… ولكن💀,"Dec 25, 2025",816,0
2021-04-20,Z3L8eLmPM_A,الحلقة 2 : الرسائل رجعات… ولكن💀,"Dec 25, 2025",816,0
2021-04-21,Z3L8eLmPM_A,الحلقة 2 : الرسائل رجعات… ولكن💀,"Dec 25, 2025",816,0
2021-04-22,Z3L8eLmPM_A,الحلقة 2 : الرسائل رجعات… ولكن💀,"Dec 25, 2025",816,0
2021-04-23,Z3L8eLmPM_A,الحلقة 2 : الرسائل رجعات… ولكن💀,"Dec 25, 2025",816,0
2021-04-24,Z3L8eLmPM_A,الحلقة 2 : الرسائل رجعات… ولكن💀,"Dec 25, 2025",816,0
2021-04-25,Z3L8eLmPM_A,الحلقة 2 : الرسائل رجعات… ولكن💀,"Dec 25, 2025",816,0
2021-04-26,Z3L8eLmPM_A,الحلقة 2 : الرسائل رجعات… ولكن💀,"Dec 25, 2025",816,0
2021-04-27,Z3L8eLmPM_A,الحلقة 2 : الرسائل رجعات… ولكن💀,"Dec 25, 2025",816,0
2021-04-28,Z3L8eLmPM_A,الحلقة 2 : الرسائل رجعات… ولكن💀,"Dec 25, 2025",816,0
2021-04-29,Z3L8eLmPM_A,الحلقة 2 : الرسائل رجعات… ولكن💀,"Dec 25, 2025",816,0
2021-04-30,Z3L8eLmPM_A,الحلقة 2 : الرسائل رجعات… ولكن💀,"Dec 25, 2025",816,0
2021-05-01,Z3L8eLmPM_A,الحلقة 2 : الرسائل رجعات… ولكن💀,"Dec 25, 2025",816,0
2021-05-02,Z3L8eLmPM_A,الحلقة 2 : الرسائل رجعات… ولكن💀,"Dec 25, 2025",816,0
2021-05-03,Z3L8eLmPM_A,الحلقة 2 : الرسائل رجعات… ولكن💀,"Dec 25, 2025",816,0
2021-05-04,Z3L8eLmPM_A,الحلقة 2 : الرسائل رجعات… ولكن💀,"Dec 25, 2025",816,0
2021-05-05,Z3L8eLmPM_A,الحلقة 2 : الرسائل رجعات… ولكن💀,"Dec 25, 2025",816,0
2021-05-06,Z3L8eLmPM_A,الحلقة 2 : الرسائل رجعات… ولكن💀,"Dec 25, 2025",816,0
2021-05-07,Z3L8eLmPM_A,الحلقة 2 : الرسائل رجعات… ولكن💀,"Dec 25, 2025",816,0
2021-05-08,Z3L8eLmPM_A,الحلقة 2 : الرسائل رجعات… ولكن💀,"Dec 25, 2025",816,0
2021-05-09,Z3L8eLmPM_A,الحلقة 2 : الرسائل رجعات… ولكن💀,"Dec 25, 2025",816,0
2021-05-10,Z3L8eLmPM_A,الحلقة 2 : الرسائل رجعات… ولكن💀,"Dec 25, 2025",816,0
2021-05-11,Z3L8eLmPM_A,الحلقة 2 : الرسائل رجعات… ولكن💀,"Dec 25, 2025",816,0
2021-05-12,Z3L8eLmPM_A,الحلقة 2 : الرسائل رجعات… ولكن💀,"Dec 25, 2025",816,0
2021-05-13,Z3L8eLmPM_A,الحلقة 2 : الرسائل رجعات… ولكن💀,"Dec 25, 2025",816,0
2021-05-14,Z3L8eLmPM_A,الحلقة 2 : الرسائل رجعات… ولكن💀,"Dec 25, 2025",816,0
2021-05-15,Z3L8eLmPM_A,الحلقة 2 : الرسائل رجعات… ولكن💀,"Dec 25, 2025",816,0
2021-05-16,Z3L8eLmPM_A,الحلقة 2 : الرسائل رجعات… ولكن💀,"Dec 25, 2025",816,0
2021-05-17,Z3L8eLmPM_A,الحلقة 2 : الرسائل رجعات… ولكن💀,"Dec 25, 2025",816,0
2021-05-18,Z3L8eLmPM_A,الحلقة 2 : الرسائل رجعات… ولكن💀,"Dec 25, 2025",816,0
2021-05-19,Z3L8eLmPM_A,الحلقة 2 : الرسائل رجعات… ولكن💀,"Dec 25, 2025",816,0
2021-05-20,Z3L8eLmPM_A,الحلقة 2 : الرسائل رجعات… ولكن💀,"Dec 25, 2025",816,0
2021-05-21,Z3L8eLmPM_A,الحلقة 2 : الرسائل رجعات… ولكن💀,"Dec 25, 2025",816,0
2021-05-22,Z3L8eLmPM_A,الحلقة 2 : الرسائل رجعات… ولكن💀,"Dec 25, 2025",816,0
2021-05-23,Z3L8eLmPM_A,الحلقة 2 : الرسائل رجعات… ولكن💀,"Dec 25, 2025",816,0
2021-05-24,Z3L8eLmPM_A,الحلقة 2 : الرسائل رجعات… ولكن💀,"Dec 25, 2025",816,0
2021-05-25,Z3L8eLmPM_A,الحلقة 2 : الرسائل رجعات… ولكن💀,"Dec 25, 2025",816,0
2021-05-26,Z3L8eLmPM_A,الحلقة 2 : الرسائل رجعات… ولكن💀,"Dec 25, 2025",816,0
2021-05-27,Z3L8eLmPM_A,الحلقة 2 : الرسائل رجعات… ولكن💀,"Dec 25, 2025",816,0
2021-05-28,Z3L8eLmPM_A,الحلقة 2 : الرسائل رجعات… ولكن💀,"Dec 25, 2025",816,0
2021-05-29,Z3L8eLmPM_A,الحلقة 2 : الرسائل رجعات… ولكن💀,"Dec 25, 2025",816,0
2021-05-30,Z3L8eLmPM_A,الحلقة 2 : الرسائل رجعات… ولكن💀,"Dec 25, 2025",816,0
2021-05-31,Z3L8eLmPM_A,الحلقة 2 : الرسائل رجعات… ولكن💀,"Dec 25, 2025",816,0
2021-06-01,Z3L8eLmPM_A,الحلقة 2 : الرسائل رجعات… ولكن💀,"Dec 25, 2025",816,0
2021-06-02,Z3L8eLmPM_A,الحلقة 2 : الرسائل رجعات… ولكن💀,"Dec 25, 2025",816,0
2021-06-03,Z3L8eLmPM_A,الحلقة 2 : الرسائل رجعات… ولكن💀,"Dec 25, 2025",816,0
2021-06-04,Z3L8eLmPM_A,الحلقة 2 : الرسائل رجعات… ولكن💀,"Dec 25, 2025",816,0
2021-06-05,Z3L8eLmPM_A,الحلقة 2 : الرسائل رجعات… ولكن💀,"Dec 25, 2025",816,0
2021-06-06,Z3L8eLmPM_A,الحلقة 2 : الرسائل رجعات… ولكن💀,"Dec 25, 2025",816,0
2021-06-07,Z3L8eLmPM_A,الحلقة 2 : الرسائل رجعات… ولكن💀,"Dec 25, 2025",816,0
2021-06-08,Z3L8eLmPM_A,الحلقة 2 : الرسائل رجعات… ولكن💀,"Dec 25, 2025",816,0
2021-06-09,Z3L8eLmPM_A,الحلقة 2 : الرسائل رجعات… ولكن💀,"Dec 25, 2025",816,0
2021-06-10,Z3L8eLmPM_A,الحلقة 2 : الرسائل رجعات… ولكن💀,"Dec 25, 2025",816,0
2021-06-11,Z3L8eLmPM_A,الحلقة 2 : الرسائل رجعات… ولكن💀,"Dec 25, 2025",816,0
2021-06-12,Z3L8eLmPM_A,الحلقة 2 : الرسائل رجعات… ولكن💀,"Dec 25, 2025",816,0
2021-06-13,Z3L8eLmPM_A,الحلقة 2 : الرسائل رجعات… ولكن💀,"Dec 25, 2025",816,0
2021-06-14,Z3L8eLmPM_A,الحلقة 2 : الرسائل رجعات… ولكن💀,"Dec 25, 2025",816,0
2021-06-15,Z3L8eLmPM_A,الحلقة 2 : الرسائل رجعات… ولكن💀,"Dec 25, 2025",816,0
2021-06-16,Z3L8eLmPM_A,الحلقة 2 : الرسائل رجعات… ولكن💀,"Dec 25, 2025",816,0
2021-06-17,Z3L8eLmPM_A,الحلقة 2 : الرسائل رجعات… ولكن💀,"Dec 25, 2025",816,0
2021-06-18,Z3L8eLmPM_A,الحلقة 2 : الرسائل رجعات… ولكن💀,"Dec 25, 2025",816,0
2021-06-19,Z3L8eLmPM_A,الحلقة 2 : الرسائل رجعات… ولكن💀,"Dec 25, 2025",816,0
2021-06-20,Z3L8eLmPM_A,الحلقة 2 : الرسائل رجعات… ولكن💀,"Dec 25, 2025",816,0
2021-06-21,Z3L8eLmPM_A,الحلقة 2 : الرسائل رجعات… ولكن💀,"Dec 25, 2025",816,0
2021-06-22,Z3L8eLmPM_A,الحلقة 2 : الرسائل رجعات… ولكن💀,"Dec 25, 2025",816,0
2021-06-23,Z3L8eLmPM_A,الحلقة 2 : الرسائل رجعات… ولكن💀,"Dec 25, 2025",816,0
2021-06-24,Z3L8eLmPM_A,الحلقة 2 : الرسائل رجعات… ولكن💀,"Dec 25, 2025",816,0
2021-06-25,Z3L8eLmPM_A,الحلقة 2 : الرسائل رجعات… ولكن💀,"Dec 25, 2025",816,0
2021-06-26,Z3L8eLmPM_A,الحلقة 2 : الرسائل رجعات… ولكن💀,"Dec 25, 2025",816,0
2021-06-27,Z3L8eLmPM_A,الحلقة 2 : الرسائل رجعات… ولكن💀,"Dec 25, 2025",816,0
2021-06-28,Z3L8eLmPM_A,الحلقة 2 : الرسائل رجعات… ولكن💀,"Dec 25, 2025",816,0
2021-06-29,Z3L8eLmPM_A,الحلقة 2 : الرسائل رجعات… ولكن💀,"Dec 25, 2025",816,0
2021-06-30,Z3L8eLmPM_A,الحلقة 2 : الرسائل رجعات… ولكن💀,"Dec 25, 2025",816,0
2021-07-01,Z3L8eLmPM_A,الحلقة 2 : الرسائل رجعات… ولكن💀,"Dec 25, 2025",816,0
2021-07-02,Z3L8eLmPM_A,الحلقة 2 : الرسائل رجعات… ولكن💀,"Dec 25, 2025",816,0
2021-07-03,Z3L8eLmPM_A,الحلقة 2 : الرسائل رجعات… ولكن💀,"Dec 25, 2025",816,0
2021-07-04,Z3L8eLmPM_A,الحلقة 2 : الرسائل رجعات… ولكن💀,"Dec 25, 2025",816,0
2021-07-05,Z3L8eLmPM_A,الحلقة 2 : الرسائل رجعات… ولكن💀,"Dec 25, 2025",816,0
2021-07-06,Z3L8eLmPM_A,الحلقة 2 : الرسائل رجعات… ولكن💀,"Dec 25, 2025",816,0
2021-07-07,Z3L8eLmPM_A,الحلقة 2 : الرسائل رجعات… ولكن💀,"Dec 25, 2025",816,0
2021-07-08,Z3L8eLmPM_A,الحلقة 2 : الرسائل رجعات… ولكن💀,"Dec 25, 2025",816,0
2021-07-09,Z3L8eLmPM_A,الحلقة 2 : الرسائل رجعات… ولكن💀,"Dec 25, 2025",816,0
2021-07-10,Z3L8eLmPM_A,الحلقة 2 : الرسائل رجعات… ولكن💀,"Dec 25, 2025",816,0
2021-07-11,Z3L8eLmPM_A,الحلقة 2 : الرسائل رجعات… ولكن💀,"Dec 25, 2025",816,0
2021-07-12,Z3L8eLmPM_A,الحلقة 2 : الرسائل رجعات… ولكن💀,"Dec 25, 2025",816,0
2021-07-13,Z3L8eLmPM_A,الحلقة 2 : الرسائل رجعات… ولكن💀,"Dec 25, 2025",816,0
2021-07-14,Z3L8eLmPM_A,الحلقة 2 : الرسائل رجعات… ولكن💀,"Dec 25, 2025",816,0
2021-07-15,Z3L8eLmPM_A,الحلقة 2 : الرسائل رجعات… ولكن💀,"Dec 25, 2025",816,0
2021-07-16,Z3L8eLmPM_A,الحلقة 2 : الرسائل رجعات… ولكن💀,"Dec 25, 2025",816,0
2021-07-17,Z3L8eLmPM_A,الحلقة 2 : الرسائل رجعات… ولكن💀,"Dec 25, 2025",816,0
2021-07-18,Z3L8eLmPM_A,الحلقة 2 : الرسائل رجعات… ولكن💀,"Dec 25, 2025",816,0
2021-07-19,Z3L8eLmPM_A,الحلقة 2 : الرسائل رجعات… ولكن💀,"Dec 25, 2025",816,0
2021-07-20,Z3L8eLmPM_A,الحلقة 2 : الرسائل رجعات… ولكن💀,"Dec 25, 2025",816,0
2021-07-21,Z3L8eLmPM_A,الحلقة 2 : الرسائل رجعات… ولكن💀,"Dec 25, 2025",816,0
2021-07-22,Z3L8eLmPM_A,الحلقة 2 : الرسائل رجعات… ولكن💀,"Dec 25, 2025",816,0
2021-07-23,Z3L8eLmPM_A,الحلقة 2 : الرسائل رجعات… ولكن💀,"Dec 25, 2025",816,0
2021-07-24,Z3L8eLmPM_A,الحلقة 2 : الرسائل رجعات… ولكن💀,"Dec 25, 2025",816,0
2021-07-25,Z3L8eLmPM_A,الحلقة 2 : الرسائل رجعات… ولكن💀,"Dec 25, 2025",816,0
2021-07-26,Z3L8eLmPM_A,الحلقة 2 : الرسائل رجعات… ولكن💀,"Dec 25, 2025",816,0
2021-07-27,Z3L8eLmPM_A,الحلقة 2 : الرسائل رجعات… ولكن💀,"Dec 25, 2025",816,0
2021-07-28,Z3L8eLmPM_A,الحلقة 2 : الرسائل رجعات… ولكن💀,"Dec 25, 2025",816,0
2021-07-29,Z3L8eLmPM_A,الحلقة 2 : الرسائل رجعات… ولكن💀,"Dec 25, 2025",816,0
2021-07-30,Z3L8eLmPM_A,الحلقة 2 : الرسائل رجعات… ولكن💀,"Dec 25, 2025",816,0
2021-07-31,Z3L8eLmPM_A,الحلقة 2 : الرسائل رجعات… ولكن💀,"Dec 25, 2025",816,0
2021-08-01,Z3L8eLmPM_A,الحلقة 2 : الرسائل رجعات… ولكن💀,"Dec 25, 2025",816,0
2021-08-02,Z3L8eLmPM_A,الحلقة 2 : الرسائل رجعات… ولكن💀,"Dec 25, 2025",816,0
2021-08-03,Z3L8eLmPM_A,الحلقة 2 : الرسائل رجعات… ولكن💀,"Dec 25, 2025",816,0
2021-08-04,Z3L8eLmPM_A,الحلقة 2 : الرسائل رجعات… ولكن💀,"Dec 25, 2025",816,0
2021-08-05,Z3L8eLmPM_A,الحلقة 2 : الرسائل رجعات… ولكن💀,"Dec 25, 2025",816,0
2021-08-06,Z3L8eLmPM_A,الحلقة 2 : الرسائل رجعات… ولكن💀,"Dec 25, 2025",816,0
2021-08-07,Z3L8eLmPM_A,الحلقة 2 : الرسائل رجعات… ولكن💀,"Dec 25, 2025",816,0
2021-08-08,Z3L8eLmPM_A,الحلقة 2 : الرسائل رجعات… ولكن💀,"Dec 25, 2025",816,0
2021-08-09,Z3L8eLmPM_A,الحلقة 2 : الرسائل رجعات… ولكن💀,"Dec 25, 2025",816,0
2021-08-10,Z3L8eLmPM_A,الحلقة 2 : الرسائل رجعات… ولكن💀,"Dec 25, 2025",816,0
2021-08-11,Z3L8eLmPM_A,الحلقة 2 : الرسائل رجعات… ولكن💀,"Dec 25, 2025",816,0
2021-08-12,Z3L8eLmPM_A,الحلقة 2 : الرسائل رجعات… ولكن💀,"Dec 25, 2025",816,0
2021-08-13,Z3L8eLmPM_A,الحلقة 2 : الرسائل رجعات… ولكن💀,"Dec 25, 2025",816,0
2021-08-14,Z3L8eLmPM_A,الحلقة 2 : الرسائل رجعات… ولكن💀,"Dec 25, 2025",816,0
2021-08-15,Z3L8eLmPM_A,الحلقة 2 : الرسائل رجعات… ولكن💀,"Dec 25, 2025",816,0
2021-08-16,Z3L8eLmPM_A,الحلقة 2 : الرسائل رجعات… ولكن💀,"Dec 25, 2025",816,0
2021-08-17,Z3L8eLmPM_A,الحلقة 2 : الرسائل رجعات… ولكن💀,"Dec 25, 2025",816,0
2021-08-18,Z3L8eLmPM_A,الحلقة 2 : الرسائل رجعات… ولكن💀,"Dec 25, 2025",816,0
2021-08-19,Z3L8eLmPM_A,الحلقة 2 : الرسائل رجعات… ولكن💀,"Dec 25, 2025",816,0
2021-08-20,Z3L8eLmPM_A,الحلقة 2 : الرسائل رجعات… ولكن💀,"Dec 25, 2025",816,0
2021-08-21,Z3L8eLmPM_A,الحلقة 2 : الرسائل رجعات… ولكن💀,"Dec 25, 2025",816,0
2021-08-22,Z3L8eLmPM_A,الحلقة 2 : الرسائل رجعات… ولكن💀,"Dec 25, 2025",816,0
2021-08-23,Z3L8eLmPM_A,الحلقة 2 : الرسائل رجعات… ولكن💀,"Dec 25, 2025",816,0
2021-08-24,Z3L8eLmPM_A,الحلقة 2 : الرسائل رجعات… ولكن💀,"Dec 25, 2025",816,0
2021-08-25,Z3L8eLmPM_A,الحلقة 2 : الرسائل رجعات… ولكن💀,"Dec 25, 2025",816,0
2021-08-26,Z3L8eLmPM_A,الحلقة 2 : الرسائل رجعات… ولكن💀,"Dec 25, 2025",816,0
2021-08-27,Z3L8eLmPM_A,الحلقة 2 : الرسائل رجعات… ولكن💀,"Dec 25, 2025",816,0
2021-08-28,Z3L8eLmPM_A,الحلقة 2 : الرسائل رجعات… ولكن💀,"Dec 25, 2025",816,0
2021-08-29,Z3L8eLmPM_A,الحلقة 2 : الرسائل رجعات… ولكن💀,"Dec 25, 2025",816,0
2021-08-30,Z3L8eLmPM_A,الحلقة 2 : الرسائل رجعات… ولكن💀,"Dec 25, 2025",816,0
2021-08-31,Z3L8eLmPM_A,الحلقة 2 : الرسائل رجعات… ولكن💀,"Dec 25, 2025",816,0
2021-09-01,Z3L8eLmPM_A,الحلقة 2 : الرسائل رجعات… ولكن💀,"Dec 25, 2025",816,0
2021-09-02,Z3L8eLmPM_A,الحلقة 2 : الرسائل رجعات… ولكن💀,"Dec 25, 2025",816,0
2021-09-03,Z3L8eLmPM_A,الحلقة 2 : الرسائل رجعات… ولكن💀,"Dec 25, 2025",816,0
2021-09-04,Z3L8eLmPM_A,الحلقة 2 : الرسائل رجعات… ولكن💀,"Dec 25, 2025",816,0
2021-09-05,Z3L8eLmPM_A,الحلقة 2 : الرسائل رجعات… ولكن💀,"Dec 25, 2025",816,0
2021-09-06,Z3L8eLmPM_A,الحلقة 2 : الرسائل رجعات… ولكن💀,"Dec 25, 2025",816,0
2021-09-07,Z3L8eLmPM_A,الحلقة 2 : الرسائل رجعات… ولكن💀,"Dec 25, 2025",816,0
2021-09-08,Z3L8eLmPM_A,الحلقة 2 : الرسائل رجعات… ولكن💀,"Dec 25, 2025",816,0
2021-09-09,Z3L8eLmPM_A,الحلقة 2 : الرسائل رجعات… ولكن💀,"Dec 25, 2025",816,0
2021-09-10,Z3L8eLmPM_A,الحلقة 2 : الرسائل رجعات… ولكن💀,"Dec 25, 2025",816,0
2021-09-11,Z3L8eLmPM_A,الحلقة 2 : الرسائل رجعات… ولكن💀,"Dec 25, 2025",816,0
2021-09-12,Z3L8eLmPM_A,الحلقة 2 : الرسائل رجعات… ولكن💀,"Dec 25, 2025",816,0
2021-09-13,Z3L8eLmPM_A,الحلقة 2 : الرسائل رجعات… ولكن💀,"Dec 25, 2025",816,0
2021-09-14,Z3L8eLmPM_A,الحلقة 2 : الرسائل رجعات… ولكن💀,"Dec 25, 2025",816,0
2021-09-15,Z3L8eLmPM_A,الحلقة 2 : الرسائل رجعات… ولكن💀,"Dec 25, 2025",816,0
2021-09-16,Z3L8eLmPM_A,الحلقة 2 : الرسائل رجعات… ولكن💀,"Dec 25, 2025",816,0
2021-09-17,Z3L8eLmPM_A,الحلقة 2 : الرسائل رجعات… ولكن💀,"Dec 25, 2025",816,0
2021-09-18,Z3L8eLmPM_A,الحلقة 2 : الرسائل رجعات… ولكن💀,"Dec 25, 2025",816,0
2021-09-19,Z3L8eLmPM_A,الحلقة 2 : الرسائل رجعات… ولكن💀,"Dec 25, 2025",816,0
2021-09-20,Z3L8eLmPM_A,الحلقة 2 : الرسائل رجعات… ولكن💀,"Dec 25, 2025",816,0
2021-09-21,Z3L8eLmPM_A,الحلقة 2 : الرسائل رجعات… ولكن💀,"Dec 25, 2025",816,0
2021-09-22,Z3L8eLmPM_A,الحلقة 2 : الرسائل رجعات… ولكن💀,"Dec 25, 2025",816,0
2021-09-23,Z3L8eLmPM_A,الحلقة 2 : الرسائل رجعات… ولكن💀,"Dec 25, 2025",816,0
2021-09-24,Z3L8eLmPM_A,الحلقة 2 : الرسائل رجعات… ولكن💀,"Dec 25, 2025",816,0
2021-09-25,Z3L8eLmPM_A,الحلقة 2 : الرسائل رجعات… ولكن💀,"Dec 25, 2025",816,0
2021-09-26,Z3L8eLmPM_A,الحلقة 2 : الرسائل رجعات… ولكن💀,"Dec 25, 2025",816,0
2021-09-27,Z3L8eLmPM_A,الحلقة 2 : الرسائل رجعات… ولكن💀,"Dec 25, 2025",816,0
2021-09-28,Z3L8eLmPM_A,الحلقة 2 : الرسائل رجعات… ولكن💀,"Dec 25, 2025",816,0
2021-09-29,Z3L8eLmPM_A,الحلقة 2 : الرسائل رجعات… ولكن💀,"Dec 25, 2025",816,0
2021-09-30,Z3L8eLmPM_A,الحلقة 2 : الرسائل رجعات… ولكن💀,"Dec 25, 2025",816,0
2021-10-01,Z3L8eLmPM_A,الحلقة 2 : الرسائل رجعات… ولكن💀,"Dec 25, 2025",816,0
2021-10-02,Z3L8eLmPM_A,الحلقة 2 : الرسائل رجعات… ولكن💀,"Dec 25, 2025",816,0
2021-10-03,Z3L8eLmPM_A,الحلقة 2 : الرسائل رجعات… ولكن💀,"Dec 25, 2025",816,0
2021-10-04,Z3L8eLmPM_A,الحلقة 2 : الرسائل رجعات… ولكن💀,"Dec 25, 2025",816,0
2021-10-05,Z3L8eLmPM_A,الحلقة 2 : الرسائل رجعات… ولكن💀,"Dec 25, 2025",816,0
2021-10-06,Z3L8eLmPM_A,الحلقة 2 : الرسائل رجعات… ولكن💀,"Dec 25, 2025",816,0
2021-10-07,Z3L8eLmPM_A,الحلقة 2 : الرسائل رجعات… ولكن💀,"Dec 25, 2025",816,0
2021-10-08,Z3L8eLmPM_A,الحلقة 2 : الرسائل رجعات… ولكن💀,"Dec 25, 2025",816,0
2021-10-09,Z3L8eLmPM_A,الحلقة 2 : الرسائل رجعات… ولكن💀,"Dec 25, 2025",816,0
2021-10-10,Z3L8eLmPM_A,الحلقة 2 : الرسائل رجعات… ولكن💀,"Dec 25, 2025",816,0
2021-10-11,Z3L8eLmPM_A,الحلقة 2 : الرسائل رجعات… ولكن💀,"Dec 25, 2025",816,0
2021-10-12,Z3L8eLmPM_A,الحلقة 2 : الرسائل رجعات… ولكن💀,"Dec 25, 2025",816,0
2021-10-13,Z3L8eLmPM_A,الحلقة 2 : الرسائل رجعات… ولكن💀,"Dec 25, 2025",816,0
2021-10-14,Z3L8eLmPM_A,الحلقة 2 : الرسائل رجعات… ولكن💀,"Dec 25, 2025",816,0
2021-10-15,Z3L8eLmPM_A,الحلقة 2 : الرسائل رجعات… ولكن💀,"Dec 25, 2025",816,0
2021-10-16,Z3L8eLmPM_A,الحلقة 2 : الرسائل رجعات… ولكن💀,"Dec 25, 2025",816,0
2021-10-17,Z3L8eLmPM_A,الحلقة 2 : الرسائل رجعات… ولكن💀,"Dec 25, 2025",816,0
2021-10-18,Z3L8eLmPM_A,الحلقة 2 : الرسائل رجعات… ولكن💀,"Dec 25, 2025",816,0
2021-10-19,Z3L8eLmPM_A,الحلقة 2 : الرسائل رجعات… ولكن💀,"Dec 25, 2025",816,0
2021-10-20,Z3L8eLmPM_A,الحلقة 2 : الرسائل رجعات… ولكن💀,"Dec 25, 2025",816,0
2021-10-21,Z3L8eLmPM_A,الحلقة 2 : الرسائل رجعات… ولكن💀,"Dec 25, 2025",816,0
2021-10-22,Z3L8eLmPM_A,الحلقة 2 : الرسائل رجعات… ولكن💀,"Dec 25, 2025",816,0
2021-10-23,Z3L8eLmPM_A,الحلقة 2 : الرسائل رجعات… ولكن💀,"Dec 25, 2025",816,0
2021-10-24,Z3L8eLmPM_A,الحلقة 2 : الرسائل رجعات… ولكن💀,"Dec 25, 2025",816,0
2021-10-25,Z3L8eLmPM_A,الحلقة 2 : الرسائل رجعات… ولكن💀,"Dec 25, 2025",816,0
2021-10-26,Z3L8eLmPM_A,الحلقة 2 : الرسائل رجعات… ولكن💀,"Dec 25, 2025",816,0
2021-10-27,Z3L8eLmPM_A,الحلقة 2 : الرسائل رجعات… ولكن💀,"Dec 25, 2025",816,0
2021-10-28,Z3L8eLmPM_A,الحلقة 2 : الرسائل رجعات… ولكن💀,"Dec 25, 2025",816,0
2021-10-29,Z3L8eLmPM_A,الحلقة 2 : الرسائل رجعات… ولكن💀,"Dec 25, 2025",816,0
2021-10-30,Z3L8eLmPM_A,الحلقة 2 : الرسائل رجعات… ولكن💀,"Dec 25, 2025",816,0
2021-10-31,Z3L8eLmPM_A,الحلقة 2 : الرسائل رجعات… ولكن💀,"Dec 25, 2025",816,0
2021-11-01,Z3L8eLmPM_A,الحلقة 2 : الرسائل رجعات… ولكن💀,"Dec 25, 2025",816,0
2021-11-02,Z3L8eLmPM_A,الحلقة 2 : الرسائل رجعات… ولكن💀,"Dec 25, 2025",816,0
2021-11-03,Z3L8eLmPM_A,الحلقة 2 : الرسائل رجعات… ولكن💀,"Dec 25, 2025",816,0
2021-11-04,Z3L8eLmPM_A,الحلقة 2 : الرسائل رجعات… ولكن💀,"Dec 25, 2025",816,0
2021-11-05,Z3L8eLmPM_A,الحلقة 2 : الرسائل رجعات… ولكن💀,"Dec 25, 2025",816,0
2021-11-06,Z3L8eLmPM_A,الحلقة 2 : الرسائل رجعات… ولكن💀,"Dec 25, 2025",816,0
2021-11-07,Z3L8eLmPM_A,الحلقة 2 : الرسائل رجعات… ولكن💀,"Dec 25, 2025",816,0
2021-11-08,Z3L8eLmPM_A,الحلقة 2 : الرسائل رجعات… ولكن💀,"Dec 25, 2025",816,0
2021-11-09,Z3L8eLmPM_A,الحلقة 2 : الرسائل رجعات… ولكن💀,"Dec 25, 2025",816,0
2021-11-10,Z3L8eLmPM_A,الحلقة 2 : الرسائل رجعات… ولكن💀,"Dec 25, 2025",816,0
2021-11-11,Z3L8eLmPM_A,الحلقة 2 : الرسائل رجعات… ولكن💀,"Dec 25, 2025",816,0
2021-11-12,Z3L8eLmPM_A,الحلقة 2 : الرسائل رجعات… ولكن💀,"Dec 25, 2025",816,0
2021-11-13,Z3L8eLmPM_A,الحلقة 2 : الرسائل رجعات… ولكن💀,"Dec 25, 2025",816,0
2021-11-14,Z3L8eLmPM_A,الحلقة 2 : الرسائل رجعات… ولكن💀,"Dec 25, 2025",816,0
2021-11-15,Z3L8eLmPM_A,الحلقة 2 : الرسائل رجعات… ولكن💀,"Dec 25, 2025",816,0
2021-11-16,Z3L8eLmPM_A,الحلقة 2 : الرسائل رجعات… ولكن💀,"Dec 25, 2025",816,0
2021-11-17,Z3L8eLmPM_A,الحلقة 2 : الرسائل رجعات… ولكن💀,"Dec 25, 2025",816,0
2021-11-18,Z3L8eLmPM_A,الحلقة 2 : الرسائل رجعات… ولكن💀,"Dec 25, 2025",816,0
2021-11-19,Z3L8eLmPM_A,الحلقة 2 : الرسائل رجعات… ولكن💀,"Dec 25, 2025",816,0
2021-11-20,Z3L8eLmPM_A,الحلقة 2 : الرسائل رجعات… ولكن💀,"Dec 25, 2025",816,0
2021-11-21,Z3L8eLmPM_A,الحلقة 2 : الرسائل رجعات… ولكن💀,"Dec 25, 2025",816,0
2021-11-22,Z3L8eLmPM_A,الحلقة 2 : الرسائل رجعات… ولكن💀,"Dec 25, 2025",816,0
2021-11-23,Z3L8eLmPM_A,الحلقة 2 : الرسائل رجعات… ولكن💀,"Dec 25, 2025",816,0
2021-11-24,Z3L8eLmPM_A,الحلقة 2 : الرسائل رجعات… ولكن💀,"Dec 25, 2025",816,0
2021-11-25,Z3L8eLmPM_A,الحلقة 2 : الرسائل رجعات… ولكن💀,"Dec 25, 2025",816,0
2021-11-26,Z3L8eLmPM_A,الحلقة 2 : الرسائل رجعات… ولكن💀,"Dec 25, 2025",816,0
2021-11-27,Z3L8eLmPM_A,الحلقة 2 : الرسائل رجعات… ولكن💀,"Dec 25, 2025",816,0
2021-11-28,Z3L8eLmPM_A,الحلقة 2 : الرسائل رجعات… ولكن💀,"Dec 25, 2025",816,0
2021-11-29,Z3L8eLmPM_A,الحلقة 2 : الرسائل رجعات… ولكن💀,"Dec 25, 2025",816,0
2021-11-30,Z3L8eLmPM_A,الحلقة 2 : الرسائل رجعات… ولكن💀,"Dec 25, 2025",816,0
2021-12-01,Z3L8eLmPM_A,الحلقة 2 : الرسائل رجعات… ولكن💀,"Dec 25, 2025",816,0
2021-12-02,Z3L8eLmPM_A,الحلقة 2 : الرسائل رجعات… ولكن💀,"Dec 25, 2025",816,0
2021-12-03,Z3L8eLmPM_A,الحلقة 2 : الرسائل رجعات… ولكن💀,"Dec 25, 2025",816,0
2021-12-04,Z3L8eLmPM_A,الحلقة 2 : الرسائل رجعات… ولكن💀,"Dec 25, 2025",816,0
2021-12-05,Z3L8eLmPM_A,الحلقة 2 : الرسائل رجعات… ولكن💀,"Dec 25, 2025",816,0
2021-12-06,Z3L8eLmPM_A,الحلقة 2 : الرسائل رجعات… ولكن💀,"Dec 25, 2025",816,0
2021-12-07,Z3L8eLmPM_A,الحلقة 2 : الرسائل رجعات… ولكن💀,"Dec 25, 2025",816,0
2021-12-08,Z3L8eLmPM_A,الحلقة 2 : الرسائل رجعات… ولكن💀,"Dec 25, 2025",816,0
2021-12-09,Z3L8eLmPM_A,الحلقة 2 : الرسائل رجعات… ولكن💀,"Dec 25, 2025",816,0
2021-12-10,Z3L8eLmPM_A,الحلقة 2 : الرسائل رجعات… ولكن💀,"Dec 25, 2025",816,0
2021-12-11,Z3L8eLmPM_A,الحلقة 2 : الرسائل رجعات… ولكن💀,"Dec 25, 2025",816,0
2021-12-12,Z3L8eLmPM_A,الحلقة 2 : الرسائل رجعات… ولكن💀,"Dec 25, 2025",816,0
2021-12-13,Z3L8eLmPM_A,الحلقة 2 : الرسائل رجعات… ولكن💀,"Dec 25, 2025",816,0
2021-12-14,Z3L8eLmPM_A,الحلقة 2 : الرسائل رجعات… ولكن💀,"Dec 25, 2025",816,0
2021-12-15,Z3L8eLmPM_A,الحلقة 2 : الرسائل رجعات… ولكن💀,"Dec 25, 2025",816,0
2021-12-16,Z3L8eLmPM_A,الحلقة 2 : الرسائل رجعات… ولكن💀,"Dec 25, 2025",816,0
2021-12-17,Z3L8eLmPM_A,الحلقة 2 : الرسائل رجعات… ولكن💀,"Dec 25, 2025",816,0
2021-12-18,Z3L8eLmPM_A,الحلقة 2 : الرسائل رجعات… ولكن💀,"Dec 25, 2025",816,0
2021-12-19,Z3L8eLmPM_A,الحلقة 2 : الرسائل رجعات… ولكن💀,"Dec 25, 2025",816,0
2021-12-20,Z3L8eLmPM_A,الحلقة 2 : الرسائل رجعات… ولكن💀,"Dec 25, 2025",816,0
2021-12-21,Z3L8eLmPM_A,الحلقة 2 : الرسائل رجعات… ولكن💀,"Dec 25, 2025",816,0
2021-12-22,Z3L8eLmPM_A,الحلقة 2 : الرسائل رجعات… ولكن💀,"Dec 25, 2025",816,0
2021-12-23,Z3L8eLmPM_A,الحلقة 2 : الرسائل رجعات… ولكن💀,"Dec 25, 2025",816,0
2021-12-24,Z3L8eLmPM_A,الحلقة 2 : الرسائل رجعات… ولكن💀,"Dec 25, 2025",816,0
2021-12-25,Z3L8eLmPM_A,الحلقة 2 : الرسائل رجعات… ولكن💀,"Dec 25, 2025",816,0
2021-12-26,Z3L8eLmPM_A,الحلقة 2 : الرسائل رجعات… ولكن💀,"Dec 25, 2025",816,0
2021-12-27,Z3L8eLmPM_A,الحلقة 2 : الرسائل رجعات… ولكن💀,"Dec 25, 2025",816,0
2021-12-28,Z3L8eLmPM_A,الحلقة 2 : الرسائل رجعات… ولكن💀,"Dec 25, 2025",816,0
2021-12-29,Z3L8eLmPM_A,الحلقة 2 : الرسائل رجعات… ولكن💀,"Dec 25, 2025",816,0
2021-12-30,Z3L8eLmPM_A,الحلقة 2 : الرسائل رجعات… ولكن💀,"Dec 25, 2025",816,0
2021-12-31,Z3L8eLmPM_A,الحلقة 2 : الرسائل رجعات… ولكن💀,"Dec 25, 2025",816,0
2022-01-01,Z3L8eLmPM_A,الحلقة 2 : الرسائل رجعات… ولكن💀,"Dec 25, 2025",816,0
2022-01-02,Z3L8eLmPM_A,الحلقة 2 : الرسائل رجعات… ولكن💀,"Dec 25, 2025",816,0
2022-01-03,Z3L8eLmPM_A,الحلقة 2 : الرسائل رجعات… ولكن💀,"Dec 25, 2025",816,0
2022-01-04,Z3L8eLmPM_A,الحلقة 2 : الرسائل رجعات… ولكن💀,"Dec 25, 2025",816,0
2022-01-05,Z3L8eLmPM_A,الحلقة 2 : الرسائل رجعات… ولكن💀,"Dec 25, 2025",816,0
2022-01-06,Z3L8eLmPM_A,الحلقة 2 : الرسائل رجعات… ولكن💀,"Dec 25, 2025",816,0
2022-01-07,Z3L8eLmPM_A,الحلقة 2 : الرسائل رجعات… ولكن💀,"Dec 25, 2025",816,0
2022-01-08,Z3L8eLmPM_A,الحلقة 2 : الرسائل رجعات… ولكن💀,"Dec 25, 2025",816,0
2022-01-09,Z3L8eLmPM_A,الحلقة 2 : الرسائل رجعات… ولكن💀,"Dec 25, 2025",816,0
2022-01-10,Z3L8eLmPM_A,الحلقة 2 : الرسائل رجعات… ولكن💀,"Dec 25, 2025",816,0
2022-01-11,Z3L8eLmPM_A,الحلقة 2 : الرسائل رجعات… ولكن💀,"Dec 25, 2025",816,0
2022-01-12,Z3L8eLmPM_A,الحلقة 2 : الرسائل رجعات… ولكن💀,"Dec 25, 2025",816,0
2022-01-13,Z3L8eLmPM_A,الحلقة 2 : الرسائل رجعات… ولكن💀,"Dec 25, 2025",816,0
2022-01-14,Z3L8eLmPM_A,الحلقة 2 : الرسائل رجعات… ولكن💀,"Dec 25, 2025",816,0
2022-01-15,Z3L8eLmPM_A,الحلقة 2 : الرسائل رجعات… ولكن💀,"Dec 25, 2025",816,0
2022-01-16,Z3L8eLmPM_A,الحلقة 2 : الرسائل رجعات… ولكن💀,"Dec 25, 2025",816,0
2022-01-17,Z3L8eLmPM_A,الحلقة 2 : الرسائل رجعات… ولكن💀,"Dec 25, 2025",816,0
2022-01-18,Z3L8eLmPM_A,الحلقة 2 : الرسائل رجعات… ولكن💀,"Dec 25, 2025",816,0
2022-01-19,Z3L8eLmPM_A,الحلقة 2 : الرسائل رجعات… ولكن💀,"Dec 25, 2025",816,0
2022-01-20,Z3L8eLmPM_A,الحلقة 2 : الرسائل رجعات… ولكن💀,"Dec 25, 2025",816,0
2022-01-21,Z3L8eLmPM_A,الحلقة 2 : الرسائل رجعات… ولكن💀,"Dec 25, 2025",816,0
2022-01-22,Z3L8eLmPM_A,الحلقة 2 : الرسائل رجعات… ولكن💀,"Dec 25, 2025",816,0
2022-01-23,Z3L8eLmPM_A,الحلقة 2 : الرسائل رجعات… ولكن💀,"Dec 25, 2025",816,0
2022-01-24,Z3L8eLmPM_A,الحلقة 2 : الرسائل رجعات… ولكن💀,"Dec 25, 2025",816,0
2022-01-25,Z3L8eLmPM_A,الحلقة 2 : الرسائل رجعات… ولكن💀,"Dec 25, 2025",816,0
2022-01-26,Z3L8eLmPM_A,الحلقة 2 : الرسائل رجعات… ولكن💀,"Dec 25, 2025",816,0
2022-01-27,Z3L8eLmPM_A,الحلقة 2 : الرسائل رجعات… ولكن💀,"Dec 25, 2025",816,0
2022-01-28,Z3L8eLmPM_A,الحلقة 2 : الرسائل رجعات… ولكن💀,"Dec 25, 2025",816,0
2022-01-29,Z3L8eLmPM_A,الحلقة 2 : الرسائل رجعات… ولكن💀,"Dec 25, 2025",816,0
2022-01-30,Z3L8eLmPM_A,الحلقة 2 : الرسائل رجعات… ولكن💀,"Dec 25, 2025",816,0
2022-01-31,Z3L8eLmPM_A,الحلقة 2 : الرسائل رجعات… ولكن💀,"Dec 25, 2025",816,0
2022-02-01,Z3L8eLmPM_A,الحلقة 2 : الرسائل رجعات… ولكن💀,"Dec 25, 2025",816,0
2022-02-02,Z3L8eLmPM_A,الحلقة 2 : الرسائل رجعات… ولكن💀,"Dec 25, 2025",816,0
2022-02-03,Z3L8eLmPM_A,الحلقة 2 : الرسائل رجعات… ولكن💀,"Dec 25, 2025",816,0
2022-02-04,Z3L8eLmPM_A,الحلقة 2 : الرسائل رجعات… ولكن💀,"Dec 25, 2025",816,0
2022-02-05,Z3L8eLmPM_A,الحلقة 2 : الرسائل رجعات… ولكن💀,"Dec 25, 2025",816,0
2022-02-06,Z3L8eLmPM_A,الحلقة 2 : الرسائل رجعات… ولكن💀,"Dec 25, 2025",816,0
2022-02-07,Z3L8eLmPM_A,الحلقة 2 : الرسائل رجعات… ولكن💀,"Dec 25, 2025",816,0
2022-02-08,Z3L8eLmPM_A,الحلقة 2 : الرسائل رجعات… ولكن💀,"Dec 25, 2025",816,0
2022-02-09,Z3L8eLmPM_A,الحلقة 2 : الرسائل رجعات… ولكن💀,"Dec 25, 2025",816,0
2022-02-10,Z3L8eLmPM_A,الحلقة 2 : الرسائل رجعات… ولكن💀,"Dec 25, 2025",816,0
2022-02-11,Z3L8eLmPM_A,الحلقة 2 : الرسائل رجعات… ولكن💀,"Dec 25, 2025",816,0
2022-02-12,Z3L8eLmPM_A,الحلقة 2 : الرسائل رجعات… ولكن💀,"Dec 25, 2025",816,0
2022-02-13,Z3L8eLmPM_A,الحلقة 2 : الرسائل رجعات… ولكن💀,"Dec 25, 2025",816,0
2022-02-14,Z3L8eLmPM_A,الحلقة 2 : الرسائل رجعات… ولكن💀,"Dec 25, 2025",816,0
2022-02-15,Z3L8eLmPM_A,الحلقة 2 : الرسائل رجعات… ولكن💀,"Dec 25, 2025",816,0
2022-02-16,Z3L8eLmPM_A,الحلقة 2 : الرسائل رجعات… ولكن💀,"Dec 25, 2025",816,0
2022-02-17,Z3L8eLmPM_A,الحلقة 2 : الرسائل رجعات… ولكن💀,"Dec 25, 2025",816,0
2022-02-18,Z3L8eLmPM_A,الحلقة 2 : الرسائل رجعات… ولكن💀,"Dec 25, 2025",816,0
2022-02-19,Z3L8eLmPM_A,الحلقة 2 : الرسائل رجعات… ولكن💀,"Dec 25, 2025",816,0
2022-02-20,Z3L8eLmPM_A,الحلقة 2 : الرسائل رجعات… ولكن💀,"Dec 25, 2025",816,0
2022-02-21,Z3L8eLmPM_A,الحلقة 2 : الرسائل رجعات… ولكن💀,"Dec 25, 2025",816,0
2022-02-22,Z3L8eLmPM_A,الحلقة 2 : الرسائل رجعات… ولكن💀,"Dec 25, 2025",816,0
2022-02-23,Z3L8eLmPM_A,الحلقة 2 : الرسائل رجعات… ولكن💀,"Dec 25, 2025",816,0
2022-02-24,Z3L8eLmPM_A,الحلقة 2 : الرسائل رجعات… ولكن💀,"Dec 25, 2025",816,0
2022-02-25,Z3L8eLmPM_A,الحلقة 2 : الرسائل رجعات… ولكن💀,"Dec 25, 2025",816,0
2022-02-26,Z3L8eLmPM_A,الحلقة 2 : الرسائل رجعات… ولكن💀,"Dec 25, 2025",816,0
2022-02-27,Z3L8eLmPM_A,الحلقة 2 : الرسائل رجعات… ولكن💀,"Dec 25, 2025",816,0
2022-02-28,Z3L8eLmPM_A,الحلقة 2 : الرسائل رجعات… ولكن💀,"Dec 25, 2025",816,0
2022-03-01,Z3L8eLmPM_A,الحلقة 2 : الرسائل رجعات… ولكن💀,"Dec 25, 2025",816,0
2022-03-02,Z3L8eLmPM_A,الحلقة 2 : الرسائل رجعات… ولكن💀,"Dec 25, 2025",816,0
2022-03-03,Z3L8eLmPM_A,الحلقة 2 : الرسائل رجعات… ولكن💀,"Dec 25, 2025",816,0
2022-03-04,Z3L8eLmPM_A,الحلقة 2 : الرسائل رجعات… ولكن💀,"Dec 25, 2025",816,0
2022-03-05,Z3L8eLmPM_A,الحلقة 2 : الرسائل رجعات… ولكن💀,"Dec 25, 2025",816,0
2022-03-06,Z3L8eLmPM_A,الحلقة 2 : الرسائل رجعات… ولكن💀,"Dec 25, 2025",816,0
2022-03-07,Z3L8eLmPM_A,الحلقة 2 : الرسائل رجعات… ولكن💀,"Dec 25, 2025",816,0
2022-03-08,Z3L8eLmPM_A,الحلقة 2 : الرسائل رجعات… ولكن💀,"Dec 25, 2025",816,0
2022-03-09,Z3L8eLmPM_A,الحلقة 2 : الرسائل رجعات… ولكن💀,"Dec 25, 2025",816,0
2022-03-10,Z3L8eLmPM_A,الحلقة 2 : الرسائل رجعات… ولكن💀,"Dec 25, 2025",816,0
2022-03-11,Z3L8eLmPM_A,الحلقة 2 : الرسائل رجعات… ولكن💀,"Dec 25, 2025",816,0
2022-03-12,Z3L8eLmPM_A,الحلقة 2 : الرسائل رجعات… ولكن💀,"Dec 25, 2025",816,0
2022-03-13,Z3L8eLmPM_A,الحلقة 2 : الرسائل رجعات… ولكن💀,"Dec 25, 2025",816,0
2022-03-14,Z3L8eLmPM_A,الحلقة 2 : الرسائل رجعات… ولكن💀,"Dec 25, 2025",816,0
2022-03-15,Z3L8eLmPM_A,الحلقة 2 : الرسائل رجعات… ولكن💀,"Dec 25, 2025",816,0
2022-03-16,Z3L8eLmPM_A,الحلقة 2 : الرسائل رجعات… ولكن💀,"Dec 25, 2025",816,0
2022-03-17,Z3L8eLmPM_A,الحلقة 2 : الرسائل رجعات… ولكن💀,"Dec 25, 2025",816,0
2022-03-18,Z3L8eLmPM_A,الحلقة 2 : الرسائل رجعات… ولكن💀,"Dec 25, 2025",816,0
2022-03-19,Z3L8eLmPM_A,الحلقة 2 : الرسائل رجعات… ولكن💀,"Dec 25, 2025",816,0
2022-03-20,Z3L8eLmPM_A,الحلقة 2 : الرسائل رجعات… ولكن💀,"Dec 25, 2025",816,0
2022-03-21,Z3L8eLmPM_A,الحلقة 2 : الرسائل رجعات… ولكن💀,"Dec 25, 2025",816,0
2022-03-22,Z3L8eLmPM_A,الحلقة 2 : الرسائل رجعات… ولكن💀,"Dec 25, 2025",816,0
2022-03-23,Z3L8eLmPM_A,الحلقة 2 : الرسائل رجعات… ولكن💀,"Dec 25, 2025",816,0
2022-03-24,Z3L8eLmPM_A,الحلقة 2 : الرسائل رجعات… ولكن💀,"Dec 25, 2025",816,0
2022-03-25,Z3L8eLmPM_A,الحلقة 2 : الرسائل رجعات… ولكن💀,"Dec 25, 2025",816,0
2022-03-26,Z3L8eLmPM_A,الحلقة 2 : الرسائل رجعات… ولكن💀,"Dec 25, 2025",816,0
2022-03-27,Z3L8eLmPM_A,الحلقة 2 : الرسائل رجعات… ولكن💀,"Dec 25, 2025",816,0
2022-03-28,Z3L8eLmPM_A,الحلقة 2 : الرسائل رجعات… ولكن💀,"Dec 25, 2025",816,0
2022-03-29,Z3L8eLmPM_A,الحلقة 2 : الرسائل رجعات… ولكن💀,"Dec 25, 2025",816,0
2022-03-30,Z3L8eLmPM_A,الحلقة 2 : الرسائل رجعات… ولكن💀,"Dec 25, 2025",816,0
2022-03-31,Z3L8eLmPM_A,الحلقة 2 : الرسائل رجعات… ولكن💀,"Dec 25, 2025",816,0
2022-04-01,Z3L8eLmPM_A,الحلقة 2 : الرسائل رجعات… ولكن💀,"Dec 25, 2025",816,0
2022-04-02,Z3L8eLmPM_A,الحلقة 2 : الرسائل رجعات… ولكن💀,"Dec 25, 2025",816,0
2022-04-03,Z3L8eLmPM_A,الحلقة 2 : الرسائل رجعات… ولكن💀,"Dec 25, 2025",816,0
2022-04-04,Z3L8eLmPM_A,الحلقة 2 : الرسائل رجعات… ولكن💀,"Dec 25, 2025",816,0
2022-04-05,Z3L8eLmPM_A,الحلقة 2 : الرسائل رجعات… ولكن💀,"Dec 25, 2025",816,0
2022-04-06,Z3L8eLmPM_A,الحلقة 2 : الرسائل رجعات… ولكن💀,"Dec 25, 2025",816,0
2022-04-07,Z3L8eLmPM_A,الحلقة 2 : الرسائل رجعات… ولكن💀,"Dec 25, 2025",816,0
2022-04-08,Z3L8eLmPM_A,الحلقة 2 : الرسائل رجعات… ولكن💀,"Dec 25, 2025",816,0
2022-04-09,Z3L8eLmPM_A,الحلقة 2 : الرسائل رجعات… ولكن💀,"Dec 25, 2025",816,0
2022-04-10,Z3L8eLmPM_A,الحلقة 2 : الرسائل رجعات… ولكن💀,"Dec 25, 2025",816,0
2022-04-11,Z3L8eLmPM_A,الحلقة 2 : الرسائل رجعات… ولكن💀,"Dec 25, 2025",816,0
2022-04-12,Z3L8eLmPM_A,الحلقة 2 : الرسائل رجعات… ولكن💀,"Dec 25, 2025",816,0
2022-04-13,Z3L8eLmPM_A,الحلقة 2 : الرسائل رجعات… ولكن💀,"Dec 25, 2025",816,0
2022-04-14,Z3L8eLmPM_A,الحلقة 2 : الرسائل رجعات… ولكن💀,"Dec 25, 2025",816,0
2022-04-15,Z3L8eLmPM_A,الحلقة 2 : الرسائل رجعات… ولكن💀,"Dec 25, 2025",816,0
2022-04-16,Z3L8eLmPM_A,الحلقة 2 : الرسائل رجعات… ولكن💀,"Dec 25, 2025",816,0
2022-04-17,Z3L8eLmPM_A,الحلقة 2 : الرسائل رجعات… ولكن💀,"Dec 25, 2025",816,0
2022-04-18,Z3L8eLmPM_A,الحلقة 2 : الرسائل رجعات… ولكن💀,"Dec 25, 2025",816,0
2022-04-19,Z3L8eLmPM_A,الحلقة 2 : الرسائل رجعات… ولكن💀,"Dec 25, 2025",816,0
2022-04-20,Z3L8eLmPM_A,الحلقة 2 : الرسائل رجعات… ولكن💀,"Dec 25, 2025",816,0
2022-04-21,Z3L8eLmPM_A,الحلقة 2 : الرسائل رجعات… ولكن💀,"Dec 25, 2025",816,0
2022-04-22,Z3L8eLmPM_A,الحلقة 2 : الرسائل رجعات… ولكن💀,"Dec 25, 2025",816,0
2022-04-23,Z3L8eLmPM_A,الحلقة 2 : الرسائل رجعات… ولكن💀,"Dec 25, 2025",816,0
2022-04-24,Z3L8eLmPM_A,الحلقة 2 : الرسائل رجعات… ولكن💀,"Dec 25, 2025",816,0
2022-04-25,Z3L8eLmPM_A,الحلقة 2 : الرسائل رجعات… ولكن💀,"Dec 25, 2025",816,0
2022-04-26,Z3L8eLmPM_A,الحلقة 2 : الرسائل رجعات… ولكن💀,"Dec 25, 2025",816,0
2022-04-27,Z3L8eLmPM_A,الحلقة 2 : الرسائل رجعات… ولكن💀,"Dec 25, 2025",816,0
2022-04-28,Z3L8eLmPM_A,الحلقة 2 : الرسائل رجعات… ولكن💀,"Dec 25, 2025",816,0
2022-04-29,Z3L8eLmPM_A,الحلقة 2 : الرسائل رجعات… ولكن💀,"Dec 25, 2025",816,0
2022-04-30,Z3L8eLmPM_A,الحلقة 2 : الرسائل رجعات… ولكن💀,"Dec 25, 2025",816,0
2022-05-01,Z3L8eLmPM_A,الحلقة 2 : الرسائل رجعات… ولكن💀,"Dec 25, 2025",816,0
2022-05-02,Z3L8eLmPM_A,الحلقة 2 : الرسائل رجعات… ولكن💀,"Dec 25, 2025",816,0
2022-05-03,Z3L8eLmPM_A,الحلقة 2 : الرسائل رجعات… ولكن💀,"Dec 25, 2025",816,0
2022-05-04,Z3L8eLmPM_A,الحلقة 2 : الرسائل رجعات… ولكن💀,"Dec 25, 2025",816,0
2022-05-05,Z3L8eLmPM_A,الحلقة 2 : الرسائل رجعات… ولكن💀,"Dec 25, 2025",816,0
2022-05-06,Z3L8eLmPM_A,الحلقة 2 : الرسائل رجعات… ولكن💀,"Dec 25, 2025",816,0
2022-05-07,Z3L8eLmPM_A,الحلقة 2 : الرسائل رجعات… ولكن💀,"Dec 25, 2025",816,0
2022-05-08,Z3L8eLmPM_A,الحلقة 2 : الرسائل رجعات… ولكن💀,"Dec 25, 2025",816,0
2022-05-09,Z3L8eLmPM_A,الحلقة 2 : الرسائل رجعات… ولكن💀,"Dec 25, 2025",816,0
2022-05-10,Z3L8eLmPM_A,الحلقة 2 : الرسائل رجعات… ولكن💀,"Dec 25, 2025",816,0
2022-05-11,Z3L8eLmPM_A,الحلقة 2 : الرسائل رجعات… ولكن💀,"Dec 25, 2025",816,0
2022-05-12,Z3L8eLmPM_A,الحلقة 2 : الرسائل رجعات… ولكن💀,"Dec 25, 2025",816,0
2022-05-13,Z3L8eLmPM_A,الحلقة 2 : الرسائل رجعات… ولكن💀,"Dec 25, 2025",816,0
2022-05-14,Z3L8eLmPM_A,الحلقة 2 : الرسائل رجعات… ولكن💀,"Dec 25, 2025",816,0
2022-05-15,Z3L8eLmPM_A,الحلقة 2 : الرسائل رجعات… ولكن💀,"Dec 25, 2025",816,0
2022-05-16,Z3L8eLmPM_A,الحلقة 2 : الرسائل رجعات… ولكن💀,"Dec 25, 2025",816,0
2022-05-17,Z3L8eLmPM_A,الحلقة 2 : الرسائل رجعات… ولكن💀,"Dec 25, 2025",816,0
2022-05-18,Z3L8eLmPM_A,الحلقة 2 : الرسائل رجعات… ولكن💀,"Dec 25, 2025",816,0
2022-05-19,Z3L8eLmPM_A,الحلقة 2 : الرسائل رجعات… ولكن💀,"Dec 25, 2025",816,0
2022-05-20,Z3L8eLmPM_A,الحلقة 2 : الرسائل رجعات… ولكن💀,"Dec 25, 2025",816,0
2022-05-21,Z3L8eLmPM_A,الحلقة 2 : الرسائل رجعات… ولكن💀,"Dec 25, 2025",816,0
2022-05-22,Z3L8eLmPM_A,الحلقة 2 : الرسائل رجعات… ولكن💀,"Dec 25, 2025",816,0
2022-05-23,Z3L8eLmPM_A,الحلقة 2 : الرسائل رجعات… ولكن💀,"Dec 25, 2025",816,0
2022-05-24,Z3L8eLmPM_A,الحلقة 2 : الرسائل رجعات… ولكن💀,"Dec 25, 2025",816,0
2022-05-25,Z3L8eLmPM_A,الحلقة 2 : الرسائل رجعات… ولكن💀,"Dec 25, 2025",816,0
2022-05-26,Z3L8eLmPM_A,الحلقة 2 : الرسائل رجعات… ولكن💀,"Dec 25, 2025",816,0
2022-05-27,Z3L8eLmPM_A,الحلقة 2 : الرسائل رجعات… ولكن💀,"Dec 25, 2025",816,0
2022-05-28,Z3L8eLmPM_A,الحلقة 2 : الرسائل رجعات… ولكن💀,"Dec 25, 2025",816,0
2022-05-29,Z3L8eLmPM_A,الحلقة 2 : الرسائل رجعات… ولكن💀,"Dec 25, 2025",816,0
2022-05-30,Z3L8eLmPM_A,الحلقة 2 : الرسائل رجعات… ولكن💀,"Dec 25, 2025",816,0
2022-05-31,Z3L8eLmPM_A,الحلقة 2 : الرسائل رجعات… ولكن💀,"Dec 25, 2025",816,0
2022-06-01,Z3L8eLmPM_A,الحلقة 2 : الرسائل رجعات… ولكن💀,"Dec 25, 2025",816,0
2022-06-02,Z3L8eLmPM_A,الحلقة 2 : الرسائل رجعات… ولكن💀,"Dec 25, 2025",816,0
2022-06-03,Z3L8eLmPM_A,الحلقة 2 : الرسائل رجعات… ولكن💀,"Dec 25, 2025",816,0
2022-06-04,Z3L8eLmPM_A,الحلقة 2 : الرسائل رجعات… ولكن💀,"Dec 25, 2025",816,0
2022-06-05,Z3L8eLmPM_A,الحلقة 2 : الرسائل رجعات… ولكن💀,"Dec 25, 2025",816,0
2022-06-06,Z3L8eLmPM_A,الحلقة 2 : الرسائل رجعات… ولكن💀,"Dec 25, 2025",816,0
2022-06-07,Z3L8eLmPM_A,الحلقة 2 : الرسائل رجعات… ولكن💀,"Dec 25, 2025",816,0
2022-06-08,Z3L8eLmPM_A,الحلقة 2 : الرسائل رجعات… ولكن💀,"Dec 25, 2025",816,0
2022-06-09,Z3L8eLmPM_A,الحلقة 2 : الرسائل رجعات… ولكن💀,"Dec 25, 2025",816,0
2022-06-10,Z3L8eLmPM_A,الحلقة 2 : الرسائل رجعات… ولكن💀,"Dec 25, 2025",816,0
2022-06-11,Z3L8eLmPM_A,الحلقة 2 : الرسائل رجعات… ولكن💀,"Dec 25, 2025",816,0
2022-06-12,Z3L8eLmPM_A,الحلقة 2 : الرسائل رجعات… ولكن💀,"Dec 25, 2025",816,0
2022-06-13,Z3L8eLmPM_A,الحلقة 2 : الرسائل رجعات… ولكن💀,"Dec 25, 2025",816,0
2022-06-14,Z3L8eLmPM_A,الحلقة 2 : الرسائل رجعات… ولكن💀,"Dec 25, 2025",816,0
2022-06-15,Z3L8eLmPM_A,الحلقة 2 : الرسائل رجعات… ولكن💀,"Dec 25, 2025",816,0
2022-06-16,Z3L8eLmPM_A,الحلقة 2 : الرسائل رجعات… ولكن💀,"Dec 25, 2025",816,0
2022-06-17,Z3L8eLmPM_A,الحلقة 2 : الرسائل رجعات… ولكن💀,"Dec 25, 2025",816,0
2022-06-18,Z3L8eLmPM_A,الحلقة 2 : الرسائل رجعات… ولكن💀,"Dec 25, 2025",816,0
2022-06-19,Z3L8eLmPM_A,الحلقة 2 : الرسائل رجعات… ولكن💀,"Dec 25, 2025",816,0
2022-06-20,Z3L8eLmPM_A,الحلقة 2 : الرسائل رجعات… ولكن💀,"Dec 25, 2025",816,0
2022-06-21,Z3L8eLmPM_A,الحلقة 2 : الرسائل رجعات… ولكن💀,"Dec 25, 2025",816,0
2022-06-22,Z3L8eLmPM_A,الحلقة 2 : الرسائل رجعات… ولكن💀,"Dec 25, 2025",816,0
2022-06-23,Z3L8eLmPM_A,الحلقة 2 : الرسائل رجعات… ولكن💀,"Dec 25, 2025",816,0
2022-06-24,Z3L8eLmPM_A,الحلقة 2 : الرسائل رجعات… ولكن💀,"Dec 25, 2025",816,0
2022-06-25,Z3L8eLmPM_A,الحلقة 2 : الرسائل رجعات… ولكن💀,"Dec 25, 2025",816,0
2022-06-26,Z3L8eLmPM_A,الحلقة 2 : الرسائل رجعات… ولكن💀,"Dec 25, 2025",816,0
2022-06-27,Z3L8eLmPM_A,الحلقة 2 : الرسائل رجعات… ولكن💀,"Dec 25, 2025",816,0
2022-06-28,Z3L8eLmPM_A,الحلقة 2 : الرسائل رجعات… ولكن💀,"Dec 25, 2025",816,0
2022-06-29,Z3L8eLmPM_A,الحلقة 2 : الرسائل رجعات… ولكن💀,"Dec 25, 2025",816,0
2022-06-30,Z3L8eLmPM_A,الحلقة 2 : الرسائل رجعات… ولكن💀,"Dec 25, 2025",816,0
2022-07-01,Z3L8eLmPM_A,الحلقة 2 : الرسائل رجعات… ولكن💀,"Dec 25, 2025",816,0
2022-07-02,Z3L8eLmPM_A,الحلقة 2 : الرسائل رجعات… ولكن💀,"Dec 25, 2025",816,0
2022-07-03,Z3L8eLmPM_A,الحلقة 2 : الرسائل رجعات… ولكن💀,"Dec 25, 2025",816,0
2022-07-04,Z3L8eLmPM_A,الحلقة 2 : الرسائل رجعات… ولكن💀,"Dec 25, 2025",816,0
2022-07-05,Z3L8eLmPM_A,الحلقة 2 : الرسائل رجعات… ولكن💀,"Dec 25, 2025",816,0
2022-07-06,Z3L8eLmPM_A,الحلقة 2 : الرسائل رجعات… ولكن💀,"Dec 25, 2025",816,0
2022-07-07,Z3L8eLmPM_A,الحلقة 2 : الرسائل رجعات… ولكن💀,"Dec 25, 2025",816,0
2022-07-08,Z3L8eLmPM_A,الحلقة 2 : الرسائل رجعات… ولكن💀,"Dec 25, 2025",816,0
2022-07-09,Z3L8eLmPM_A,الحلقة 2 : الرسائل رجعات… ولكن💀,"Dec 25, 2025",816,0
2022-07-10,Z3L8eLmPM_A,الحلقة 2 : الرسائل رجعات… ولكن💀,"Dec 25, 2025",816,0
2022-07-11,Z3L8eLmPM_A,الحلقة 2 : الرسائل رجعات… ولكن💀,"Dec 25, 2025",816,0
2022-07-12,Z3L8eLmPM_A,الحلقة 2 : الرسائل رجعات… ولكن💀,"Dec 25, 2025",816,0
2022-07-13,Z3L8eLmPM_A,الحلقة 2 : الرسائل رجعات… ولكن💀,"Dec 25, 2025",816,0
2022-07-14,Z3L8eLmPM_A,الحلقة 2 : الرسائل رجعات… ولكن💀,"Dec 25, 2025",816,0
2022-07-15,Z3L8eLmPM_A,الحلقة 2 : الرسائل رجعات… ولكن💀,"Dec 25, 2025",816,0
2022-07-16,Z3L8eLmPM_A,الحلقة 2 : الرسائل رجعات… ولكن💀,"Dec 25, 2025",816,0
2022-07-17,Z3L8eLmPM_A,الحلقة 2 : الرسائل رجعات… ولكن💀,"Dec 25, 2025",816,0
2022-07-18,Z3L8eLmPM_A,الحلقة 2 : الرسائل رجعات… ولكن💀,"Dec 25, 2025",816,0
2022-07-19,Z3L8eLmPM_A,الحلقة 2 : الرسائل رجعات… ولكن💀,"Dec 25, 2025",816,0
2022-07-20,Z3L8eLmPM_A,الحلقة 2 : الرسائل رجعات… ولكن💀,"Dec 25, 2025",816,0
2022-07-21,Z3L8eLmPM_A,الحلقة 2 : الرسائل رجعات… ولكن💀,"Dec 25, 2025",816,0
2022-07-22,Z3L8eLmPM_A,الحلقة 2 : الرسائل رجعات… ولكن💀,"Dec 25, 2025",816,0
2022-07-23,Z3L8eLmPM_A,الحلقة 2 : الرسائل رجعات… ولكن💀,"Dec 25, 2025",816,0
2022-07-24,Z3L8eLmPM_A,الحلقة 2 : الرسائل رجعات… ولكن💀,"Dec 25, 2025",816,0
2022-07-25,Z3L8eLmPM_A,الحلقة 2 : الرسائل رجعات… ولكن💀,"Dec 25, 2025",816,0
2022-07-26,Z3L8eLmPM_A,الحلقة 2 : الرسائل رجعات… ولكن💀,"Dec 25, 2025",816,0
2022-07-27,Z3L8eLmPM_A,الحلقة 2 : الرسائل رجعات… ولكن💀,"Dec 25, 2025",816,0
2022-07-28,Z3L8eLmPM_A,الحلقة 2 : الرسائل رجعات… ولكن💀,"Dec 25, 2025",816,0
2022-07-29,Z3L8eLmPM_A,الحلقة 2 : الرسائل رجعات… ولكن💀,"Dec 25, 2025",816,0
2022-07-30,Z3L8eLmPM_A,الحلقة 2 : الرسائل رجعات… ولكن💀,"Dec 25, 2025",816,0
2022-07-31,Z3L8eLmPM_A,الحلقة 2 : الرسائل رجعات… ولكن💀,"Dec 25, 2025",816,0
2022-08-01,Z3L8eLmPM_A,الحلقة 2 : الرسائل رجعات… ولكن💀,"Dec 25, 2025",816,0
2022-08-02,Z3L8eLmPM_A,الحلقة 2 : الرسائل رجعات… ولكن💀,"Dec 25, 2025",816,0
2022-08-03,Z3L8eLmPM_A,الحلقة 2 : الرسائل رجعات… ولكن💀,"Dec 25, 2025",816,0
2022-08-04,Z3L8eLmPM_A,الحلقة 2 : الرسائل رجعات… ولكن💀,"Dec 25, 2025",816,0
2022-08-05,Z3L8eLmPM_A,الحلقة 2 : الرسائل رجعات… ولكن💀,"Dec 25, 2025",816,0
2022-08-06,Z3L8eLmPM_A,الحلقة 2 : الرسائل رجعات… ولكن💀,"Dec 25, 2025",816,0
2022-08-07,Z3L8eLmPM_A,الحلقة 2 : الرسائل رجعات… ولكن💀,"Dec 25, 2025",816,0
2022-08-08,Z3L8eLmPM_A,الحلقة 2 : الرسائل رجعات… ولكن💀,"Dec 25, 2025",816,0
2022-08-09,Z3L8eLmPM_A,الحلقة 2 : الرسائل رجعات… ولكن💀,"Dec 25, 2025",816,0
2022-08-10,Z3L8eLmPM_A,الحلقة 2 : الرسائل رجعات… ولكن💀,"Dec 25, 2025",816,0
2022-08-11,Z3L8eLmPM_A,الحلقة 2 : الرسائل رجعات… ولكن💀,"Dec 25, 2025",816,0
2022-08-12,Z3L8eLmPM_A,الحلقة 2 : الرسائل رجعات… ولكن💀,"Dec 25, 2025",816,0
2022-08-13,Z3L8eLmPM_A,الحلقة 2 : الرسائل رجعات… ولكن💀,"Dec 25, 2025",816,0
2022-08-14,Z3L8eLmPM_A,الحلقة 2 : الرسائل رجعات… ولكن💀,"Dec 25, 2025",816,0
2022-08-15,Z3L8eLmPM_A,الحلقة 2 : الرسائل رجعات… ولكن💀,"Dec 25, 2025",816,0
2022-08-16,Z3L8eLmPM_A,الحلقة 2 : الرسائل رجعات… ولكن💀,"Dec 25, 2025",816,0
2022-08-17,Z3L8eLmPM_A,الحلقة 2 : الرسائل رجعات… ولكن💀,"Dec 25, 2025",816,0
2022-08-18,Z3L8eLmPM_A,الحلقة 2 : الرسائل رجعات… ولكن💀,"Dec 25, 2025",816,0
2022-08-19,Z3L8eLmPM_A,الحلقة 2 : الرسائل رجعات… ولكن💀,"Dec 25, 2025",816,0
2022-08-20,Z3L8eLmPM_A,الحلقة 2 : الرسائل رجعات… ولكن💀,"Dec 25, 2025",816,0
2022-08-21,Z3L8eLmPM_A,الحلقة 2 : الرسائل رجعات… ولكن💀,"Dec 25, 2025",816,0
2022-08-22,Z3L8eLmPM_A,الحلقة 2 : الرسائل رجعات… ولكن💀,"Dec 25, 2025",816,0
2022-08-23,Z3L8eLmPM_A,الحلقة 2 : الرسائل رجعات… ولكن💀,"Dec 25, 2025",816,0
2022-08-24,Z3L8eLmPM_A,الحلقة 2 : الرسائل رجعات… ولكن💀,"Dec 25, 2025",816,0
2022-08-25,Z3L8eLmPM_A,الحلقة 2 : الرسائل رجعات… ولكن💀,"Dec 25, 2025",816,0
2022-08-26,Z3L8eLmPM_A,الحلقة 2 : الرسائل رجعات… ولكن💀,"Dec 25, 2025",816,0
2022-08-27,Z3L8eLmPM_A,الحلقة 2 : الرسائل رجعات… ولكن💀,"Dec 25, 2025",816,0
2022-08-28,Z3L8eLmPM_A,الحلقة 2 : الرسائل رجعات… ولكن💀,"Dec 25, 2025",816,0
2022-08-29,Z3L8eLmPM_A,الحلقة 2 : الرسائل رجعات… ولكن💀,"Dec 25, 2025",816,0
2022-08-30,Z3L8eLmPM_A,الحلقة 2 : الرسائل رجعات… ولكن💀,"Dec 25, 2025",816,0
2022-08-31,Z3L8eLmPM_A,الحلقة 2 : الرسائل رجعات… ولكن💀,"Dec 25, 2025",816,0
2022-09-01,Z3L8eLmPM_A,الحلقة 2 : الرسائل رجعات… ولكن💀,"Dec 25, 2025",816,0
2022-09-02,Z3L8eLmPM_A,الحلقة 2 : الرسائل رجعات… ولكن💀,"Dec 25, 2025",816,0
2022-09-03,Z3L8eLmPM_A,الحلقة 2 : الرسائل رجعات… ولكن💀,"Dec 25, 2025",816,0
2022-09-04,Z3L8eLmPM_A,الحلقة 2 : الرسائل رجعات… ولكن💀,"Dec 25, 2025",816,0
2022-09-05,Z3L8eLmPM_A,الحلقة 2 : الرسائل رجعات… ولكن💀,"Dec 25, 2025",816,0
2022-09-06,Z3L8eLmPM_A,الحلقة 2 : الرسائل رجعات… ولكن💀,"Dec 25, 2025",816,0
2022-09-07,Z3L8eLmPM_A,الحلقة 2 : الرسائل رجعات… ولكن💀,"Dec 25, 2025",816,0
2022-09-08,Z3L8eLmPM_A,الحلقة 2 : الرسائل رجعات… ولكن💀,"Dec 25, 2025",816,0
2022-09-09,Z3L8eLmPM_A,الحلقة 2 : الرسائل رجعات… ولكن💀,"Dec 25, 2025",816,0
2022-09-10,Z3L8eLmPM_A,الحلقة 2 : الرسائل رجعات… ولكن💀,"Dec 25, 2025",816,0
2022-09-11,Z3L8eLmPM_A,الحلقة 2 : الرسائل رجعات… ولكن💀,"Dec 25, 2025",816,0
2022-09-12,Z3L8eLmPM_A,الحلقة 2 : الرسائل رجعات… ولكن💀,"Dec 25, 2025",816,0
2022-09-13,Z3L8eLmPM_A,الحلقة 2 : الرسائل رجعات… ولكن💀,"Dec 25, 2025",816,0
2022-09-14,Z3L8eLmPM_A,الحلقة 2 : الرسائل رجعات… ولكن💀,"Dec 25, 2025",816,0
2022-09-15,Z3L8eLmPM_A,الحلقة 2 : الرسائل رجعات… ولكن💀,"Dec 25, 2025",816,0
2022-09-16,Z3L8eLmPM_A,الحلقة 2 : الرسائل رجعات… ولكن💀,"Dec 25, 2025",816,0
2022-09-17,Z3L8eLmPM_A,الحلقة 2 : الرسائل رجعات… ولكن💀,"Dec 25, 2025",816,0
2022-09-18,Z3L8eLmPM_A,الحلقة 2 : الرسائل رجعات… ولكن💀,"Dec 25, 2025",816,0
2022-09-19,Z3L8eLmPM_A,الحلقة 2 : الرسائل رجعات… ولكن💀,"Dec 25, 2025",816,0
2022-09-20,Z3L8eLmPM_A,الحلقة 2 : الرسائل رجعات… ولكن💀,"Dec 25, 2025",816,0
2022-09-21,Z3L8eLmPM_A,الحلقة 2 : الرسائل رجعات… ولكن💀,"Dec 25, 2025",816,0
2022-09-22,Z3L8eLmPM_A,الحلقة 2 : الرسائل رجعات… ولكن💀,"Dec 25, 2025",816,0
2022-09-23,Z3L8eLmPM_A,الحلقة 2 : الرسائل رجعات… ولكن💀,"Dec 25, 2025",816,0
2022-09-24,Z3L8eLmPM_A,الحلقة 2 : الرسائل رجعات… ولكن💀,"Dec 25, 2025",816,0
2022-09-25,Z3L8eLmPM_A,الحلقة 2 : الرسائل رجعات… ولكن💀,"Dec 25, 2025",816,0
2022-09-26,Z3L8eLmPM_A,الحلقة 2 : الرسائل رجعات… ولكن💀,"Dec 25, 2025",816,0
2022-09-27,Z3L8eLmPM_A,الحلقة 2 : الرسائل رجعات… ولكن💀,"Dec 25, 2025",816,0
2022-09-28,Z3L8eLmPM_A,الحلقة 2 : الرسائل رجعات… ولكن💀,"Dec 25, 2025",816,0
2022-09-29,Z3L8eLmPM_A,الحلقة 2 : الرسائل رجعات… ولكن💀,"Dec 25, 2025",816,0
2022-09-30,Z3L8eLmPM_A,الحلقة 2 : الرسائل رجعات… ولكن💀,"Dec 25, 2025",816,0
2022-10-01,Z3L8eLmPM_A,الحلقة 2 : الرسائل رجعات… ولكن💀,"Dec 25, 2025",816,0
2022-10-02,Z3L8eLmPM_A,الحلقة 2 : الرسائل رجعات… ولكن💀,"Dec 25, 2025",816,0
2022-10-03,Z3L8eLmPM_A,الحلقة 2 : الرسائل رجعات… ولكن💀,"Dec 25, 2025",816,0
2022-10-04,Z3L8eLmPM_A,الحلقة 2 : الرسائل رجعات… ولكن💀,"Dec 25, 2025",816,0
2022-10-05,Z3L8eLmPM_A,الحلقة 2 : الرسائل رجعات… ولكن💀,"Dec 25, 2025",816,0
2022-10-06,Z3L8eLmPM_A,الحلقة 2 : الرسائل رجعات… ولكن💀,"Dec 25, 2025",816,0
2022-10-07,Z3L8eLmPM_A,الحلقة 2 : الرسائل رجعات… ولكن💀,"Dec 25, 2025",816,0
2022-10-08,Z3L8eLmPM_A,الحلقة 2 : الرسائل رجعات… ولكن💀,"Dec 25, 2025",816,0
2022-10-09,Z3L8eLmPM_A,الحلقة 2 : الرسائل رجعات… ولكن💀,"Dec 25, 2025",816,0
2022-10-10,Z3L8eLmPM_A,الحلقة 2 : الرسائل رجعات… ولكن💀,"Dec 25, 2025",816,0
2022-10-11,Z3L8eLmPM_A,الحلقة 2 : الرسائل رجعات… ولكن💀,"Dec 25, 2025",816,0
2022-10-12,Z3L8eLmPM_A,الحلقة 2 : الرسائل رجعات… ولكن💀,"Dec 25, 2025",816,0
2022-10-13,Z3L8eLmPM_A,الحلقة 2 : الرسائل رجعات… ولكن💀,"Dec 25, 2025",816,0
2022-10-14,Z3L8eLmPM_A,الحلقة 2 : الرسائل رجعات… ولكن💀,"Dec 25, 2025",816,0
2022-10-15,Z3L8eLmPM_A,الحلقة 2 : الرسائل رجعات… ولكن💀,"Dec 25, 2025",816,0
2022-10-16,Z3L8eLmPM_A,الحلقة 2 : الرسائل رجعات… ولكن💀,"Dec 25, 2025",816,0
2022-10-17,Z3L8eLmPM_A,الحلقة 2 : الرسائل رجعات… ولكن💀,"Dec 25, 2025",816,0
2022-10-18,Z3L8eLmPM_A,الحلقة 2 : الرسائل رجعات… ولكن💀,"Dec 25, 2025",816,0
2022-10-19,Z3L8eLmPM_A,الحلقة 2 : الرسائل رجعات… ولكن💀,"Dec 25, 2025",816,0
2022-10-20,Z3L8eLmPM_A,الحلقة 2 : الرسائل رجعات… ولكن💀,"Dec 25, 2025",816,0
2022-10-21,Z3L8eLmPM_A,الحلقة 2 : الرسائل رجعات… ولكن💀,"Dec 25, 2025",816,0
2022-10-22,Z3L8eLmPM_A,الحلقة 2 : الرسائل رجعات… ولكن💀,"Dec 25, 2025",816,0
2022-10-23,Z3L8eLmPM_A,الحلقة 2 : الرسائل رجعات… ولكن💀,"Dec 25, 2025",816,0
2022-10-24,Z3L8eLmPM_A,الحلقة 2 : الرسائل رجعات… ولكن💀,"Dec 25, 2025",816,0
2022-10-25,Z3L8eLmPM_A,الحلقة 2 : الرسائل رجعات… ولكن💀,"Dec 25, 2025",816,0
2022-10-26,Z3L8eLmPM_A,الحلقة 2 : الرسائل رجعات… ولكن💀,"Dec 25, 2025",816,0
2022-10-27,Z3L8eLmPM_A,الحلقة 2 : الرسائل رجعات… ولكن💀,"Dec 25, 2025",816,0
2022-10-28,Z3L8eLmPM_A,الحلقة 2 : الرسائل رجعات… ولكن💀,"Dec 25, 2025",816,0
2022-10-29,Z3L8eLmPM_A,الحلقة 2 : الرسائل رجعات… ولكن💀,"Dec 25, 2025",816,0
2022-10-30,Z3L8eLmPM_A,الحلقة 2 : الرسائل رجعات… ولكن💀,"Dec 25, 2025",816,0
2022-10-31,Z3L8eLmPM_A,الحلقة 2 : الرسائل رجعات… ولكن💀,"Dec 25, 2025",816,0
2022-11-01,Z3L8eLmPM_A,الحلقة 2 : الرسائل رجعات… ولكن💀,"Dec 25, 2025",816,0
2022-11-02,Z3L8eLmPM_A,الحلقة 2 : الرسائل رجعات… ولكن💀,"Dec 25, 2025",816,0
2022-11-03,Z3L8eLmPM_A,الحلقة 2 : الرسائل رجعات… ولكن💀,"Dec 25, 2025",816,0
2022-11-04,Z3L8eLmPM_A,الحلقة 2 : الرسائل رجعات… ولكن💀,"Dec 25, 2025",816,0
2022-11-05,Z3L8eLmPM_A,الحلقة 2 : الرسائل رجعات… ولكن💀,"Dec 25, 2025",816,0
2022-11-06,Z3L8eLmPM_A,الحلقة 2 : الرسائل رجعات… ولكن💀,"Dec 25, 2025",816,0
2022-11-07,Z3L8eLmPM_A,الحلقة 2 : الرسائل رجعات… ولكن💀,"Dec 25, 2025",816,0
2022-11-08,Z3L8eLmPM_A,الحلقة 2 : الرسائل رجعات… ولكن💀,"Dec 25, 2025",816,0
2022-11-09,Z3L8eLmPM_A,الحلقة 2 : الرسائل رجعات… ولكن💀,"Dec 25, 2025",816,0
2022-11-10,Z3L8eLmPM_A,الحلقة 2 : الرسائل رجعات… ولكن💀,"Dec 25, 2025",816,0
2022-11-11,Z3L8eLmPM_A,الحلقة 2 : الرسائل رجعات… ولكن💀,"Dec 25, 2025",816,0
2022-11-12,Z3L8eLmPM_A,الحلقة 2 : الرسائل رجعات… ولكن💀,"Dec 25, 2025",816,0
2022-11-13,Z3L8eLmPM_A,الحلقة 2 : الرسائل رجعات… ولكن💀,"Dec 25, 2025",816,0
2022-11-14,Z3L8eLmPM_A,الحلقة 2 : الرسائل رجعات… ولكن💀,"Dec 25, 2025",816,0
2022-11-15,Z3L8eLmPM_A,الحلقة 2 : الرسائل رجعات… ولكن💀,"Dec 25, 2025",816,0
2022-11-16,Z3L8eLmPM_A,الحلقة 2 : الرسائل رجعات… ولكن💀,"Dec 25, 2025",816,0
2022-11-17,Z3L8eLmPM_A,الحلقة 2 : الرسائل رجعات… ولكن💀,"Dec 25, 2025",816,0
2022-11-18,Z3L8eLmPM_A,الحلقة 2 : الرسائل رجعات… ولكن💀,"Dec 25, 2025",816,0
2022-11-19,Z3L8eLmPM_A,الحلقة 2 : الرسائل رجعات… ولكن💀,"Dec 25, 2025",816,0
2022-11-20,Z3L8eLmPM_A,الحلقة 2 : الرسائل رجعات… ولكن💀,"Dec 25, 2025",816,0
2022-11-21,Z3L8eLmPM_A,الحلقة 2 : الرسائل رجعات… ولكن💀,"Dec 25, 2025",816,0
2022-11-22,Z3L8eLmPM_A,الحلقة 2 : الرسائل رجعات… ولكن💀,"Dec 25, 2025",816,0
2022-11-23,Z3L8eLmPM_A,الحلقة 2 : الرسائل رجعات… ولكن💀,"Dec 25, 2025",816,0
2022-11-24,Z3L8eLmPM_A,الحلقة 2 : الرسائل رجعات… ولكن💀,"Dec 25, 2025",816,0
2022-11-25,Z3L8eLmPM_A,الحلقة 2 : الرسائل رجعات… ولكن💀,"Dec 25, 2025",816,0
2022-11-26,Z3L8eLmPM_A,الحلقة 2 : الرسائل رجعات… ولكن💀,"Dec 25, 2025",816,0
2022-11-27,Z3L8eLmPM_A,الحلقة 2 : الرسائل رجعات… ولكن💀,"Dec 25, 2025",816,0
2022-11-28,Z3L8eLmPM_A,الحلقة 2 : الرسائل رجعات… ولكن💀,"Dec 25, 2025",816,0
2022-11-29,Z3L8eLmPM_A,الحلقة 2 : الرسائل رجعات… ولكن💀,"Dec 25, 2025",816,0
2022-11-30,Z3L8eLmPM_A,الحلقة 2 : الرسائل رجعات… ولكن💀,"Dec 25, 2025",816,0
2022-12-01,Z3L8eLmPM_A,الحلقة 2 : الرسائل رجعات… ولكن💀,"Dec 25, 2025",816,0
2022-12-02,Z3L8eLmPM_A,الحلقة 2 : الرسائل رجعات… ولكن💀,"Dec 25, 2025",816,0
2022-12-03,Z3L8eLmPM_A,الحلقة 2 : الرسائل رجعات… ولكن💀,"Dec 25, 2025",816,0
2022-12-04,Z3L8eLmPM_A,الحلقة 2 : الرسائل رجعات… ولكن💀,"Dec 25, 2025",816,0
2022-12-05,Z3L8eLmPM_A,الحلقة 2 : الرسائل رجعات… ولكن💀,"Dec 25, 2025",816,0
2022-12-06,Z3L8eLmPM_A,الحلقة 2 : الرسائل رجعات… ولكن💀,"Dec 25, 2025",816,0
2022-12-07,Z3L8eLmPM_A,الحلقة 2 : الرسائل رجعات… ولكن💀,"Dec 25, 2025",816,0
2022-12-08,Z3L8eLmPM_A,الحلقة 2 : الرسائل رجعات… ولكن💀,"Dec 25, 2025",816,0
2022-12-09,Z3L8eLmPM_A,الحلقة 2 : الرسائل رجعات… ولكن💀,"Dec 25, 2025",816,0
2022-12-10,Z3L8eLmPM_A,الحلقة 2 : الرسائل رجعات… ولكن💀,"Dec 25, 2025",816,0
2022-12-11,Z3L8eLmPM_A,الحلقة 2 : الرسائل رجعات… ولكن💀,"Dec 25, 2025",816,0
2022-12-12,Z3L8eLmPM_A,الحلقة 2 : الرسائل رجعات… ولكن💀,"Dec 25, 2025",816,0
2022-12-13,Z3L8eLmPM_A,الحلقة 2 : الرسائل رجعات… ولكن💀,"Dec 25, 2025",816,0
2022-12-14,Z3L8eLmPM_A,الحلقة 2 : الرسائل رجعات… ولكن💀,"Dec 25, 2025",816,0
2022-12-15,Z3L8eLmPM_A,الحلقة 2 : الرسائل رجعات… ولكن💀,"Dec 25, 2025",816,0
2022-12-16,Z3L8eLmPM_A,الحلقة 2 : الرسائل رجعات… ولكن💀,"Dec 25, 2025",816,0
2022-12-17,Z3L8eLmPM_A,الحلقة 2 : الرسائل رجعات… ولكن💀,"Dec 25, 2025",816,0
2022-12-18,Z3L8eLmPM_A,الحلقة 2 : الرسائل رجعات… ولكن💀,"Dec 25, 2025",816,0
2022-12-19,Z3L8eLmPM_A,الحلقة 2 : الرسائل رجعات… ولكن💀,"Dec 25, 2025",816,0
2022-12-20,Z3L8eLmPM_A,الحلقة 2 : الرسائل رجعات… ولكن💀,"Dec 25, 2025",816,0
2022-12-21,Z3L8eLmPM_A,الحلقة 2 : الرسائل رجعات… ولكن💀,"Dec 25, 2025",816,0
2022-12-22,Z3L8eLmPM_A,الحلقة 2 : الرسائل رجعات… ولكن💀,"Dec 25, 2025",816,0
2022-12-23,Z3L8eLmPM_A,الحلقة 2 : الرسائل رجعات… ولكن💀,"Dec 25, 2025",816,0
2022-12-24,Z3L8eLmPM_A,الحلقة 2 : الرسائل رجعات… ولكن💀,"Dec 25, 2025",816,0
2022-12-25,Z3L8eLmPM_A,الحلقة 2 : الرسائل رجعات… ولكن💀,"Dec 25, 2025",816,0
2022-12-26,Z3L8eLmPM_A,الحلقة 2 : الرسائل رجعات… ولكن💀,"Dec 25, 2025",816,0
2022-12-27,Z3L8eLmPM_A,الحلقة 2 : الرسائل رجعات… ولكن💀,"Dec 25, 2025",816,0
2022-12-28,Z3L8eLmPM_A,الحلقة 2 : الرسائل رجعات… ولكن💀,"Dec 25, 2025",816,0
2022-12-29,Z3L8eLmPM_A,الحلقة 2 : الرسائل رجعات… ولكن💀,"Dec 25, 2025",816,0
2022-12-30,Z3L8eLmPM_A,الحلقة 2 : الرسائل رجعات… ولكن💀,"Dec 25, 2025",816,0
2022-12-31,Z3L8eLmPM_A,الحلقة 2 : الرسائل رجعات… ولكن💀,"Dec 25, 2025",816,0
2023-01-01,Z3L8eLmPM_A,الحلقة 2 : الرسائل رجعات… ولكن💀,"Dec 25, 2025",816,0
2023-01-02,Z3L8eLmPM_A,الحلقة 2 : الرسائل رجعات… ولكن💀,"Dec 25, 2025",816,0
2023-01-03,Z3L8eLmPM_A,الحلقة 2 : الرسائل رجعات… ولكن💀,"Dec 25, 2025",816,0
2023-01-04,Z3L8eLmPM_A,الحلقة 2 : الرسائل رجعات… ولكن💀,"Dec 25, 2025",816,0
2023-01-05,Z3L8eLmPM_A,الحلقة 2 : الرسائل رجعات… ولكن💀,"Dec 25, 2025",816,0
2023-01-06,Z3L8eLmPM_A,الحلقة 2 : الرسائل رجعات… ولكن💀,"Dec 25, 2025",816,0
2023-01-07,Z3L8eLmPM_A,الحلقة 2 : الرسائل رجعات… ولكن💀,"Dec 25, 2025",816,0
2023-01-08,Z3L8eLmPM_A,الحلقة 2 : الرسائل رجعات… ولكن💀,"Dec 25, 2025",816,0
2023-01-09,Z3L8eLmPM_A,الحلقة 2 : الرسائل رجعات… ولكن💀,"Dec 25, 2025",816,0
2023-01-10,Z3L8eLmPM_A,الحلقة 2 : الرسائل رجعات… ولكن💀,"Dec 25, 2025",816,0
2023-01-11,Z3L8eLmPM_A,الحلقة 2 : الرسائل رجعات… ولكن💀,"Dec 25, 2025",816,0
2023-01-12,Z3L8eLmPM_A,الحلقة 2 : الرسائل رجعات… ولكن💀,"Dec 25, 2025",816,0
2023-01-13,Z3L8eLmPM_A,الحلقة 2 : الرسائل رجعات… ولكن💀,"Dec 25, 2025",816,0
2023-01-14,Z3L8eLmPM_A,الحلقة 2 : الرسائل رجعات… ولكن💀,"Dec 25, 2025",816,0
2023-01-15,Z3L8eLmPM_A,الحلقة 2 : الرسائل رجعات… ولكن💀,"Dec 25, 2025",816,0
2023-01-16,Z3L8eLmPM_A,الحلقة 2 : الرسائل رجعات… ولكن💀,"Dec 25, 2025",816,0
2023-01-17,Z3L8eLmPM_A,الحلقة 2 : الرسائل رجعات… ولكن💀,"Dec 25, 2025",816,0
2023-01-18,Z3L8eLmPM_A,الحلقة 2 : الرسائل رجعات… ولكن💀,"Dec 25, 2025",816,0
2023-01-19,Z3L8eLmPM_A,الحلقة 2 : الرسائل رجعات… ولكن💀,"Dec 25, 2025",816,0
2023-01-20,Z3L8eLmPM_A,الحلقة 2 : الرسائل رجعات… ولكن💀,"Dec 25, 2025",816,0
2023-01-21,Z3L8eLmPM_A,الحلقة 2 : الرسائل رجعات… ولكن💀,"Dec 25, 2025",816,0
2023-01-22,Z3L8eLmPM_A,الحلقة 2 : الرسائل رجعات… ولكن💀,"Dec 25, 2025",816,0
2023-01-23,Z3L8eLmPM_A,الحلقة 2 : الرسائل رجعات… ولكن💀,"Dec 25, 2025",816,0
2023-01-24,Z3L8eLmPM_A,الحلقة 2 : الرسائل رجعات… ولكن💀,"Dec 25, 2025",816,0
2023-01-25,Z3L8eLmPM_A,الحلقة 2 : الرسائل رجعات… ولكن💀,"Dec 25, 2025",816,0
2023-01-26,Z3L8eLmPM_A,الحلقة 2 : الرسائل رجعات… ولكن💀,"Dec 25, 2025",816,0
2023-01-27,Z3L8eLmPM_A,الحلقة 2 : الرسائل رجعات… ولكن💀,"Dec 25, 2025",816,0
2023-01-28,Z3L8eLmPM_A,الحلقة 2 : الرسائل رجعات… ولكن💀,"Dec 25, 2025",816,0
2023-01-29,Z3L8eLmPM_A,الحلقة 2 : الرسائل رجعات… ولكن💀,"Dec 25, 2025",816,0
2023-01-30,Z3L8eLmPM_A,الحلقة 2 : الرسائل رجعات… ولكن💀,"Dec 25, 2025",816,0
2023-01-31,Z3L8eLmPM_A,الحلقة 2 : الرسائل رجعات… ولكن💀,"Dec 25, 2025",816,0
2023-02-01,Z3L8eLmPM_A,الحلقة 2 : الرسائل رجعات… ولكن💀,"Dec 25, 2025",816,0
2023-02-02,Z3L8eLmPM_A,الحلقة 2 : الرسائل رجعات… ولكن💀,"Dec 25, 2025",816,0
2023-02-03,Z3L8eLmPM_A,الحلقة 2 : الرسائل رجعات… ولكن💀,"Dec 25, 2025",816,0
2023-02-04,Z3L8eLmPM_A,الحلقة 2 : الرسائل رجعات… ولكن💀,"Dec 25, 2025",816,0
2023-02-05,Z3L8eLmPM_A,الحلقة 2 : الرسائل رجعات… ولكن💀,"Dec 25, 2025",816,0
2023-02-06,Z3L8eLmPM_A,الحلقة 2 : الرسائل رجعات… ولكن💀,"Dec 25, 2025",816,0
2023-02-07,Z3L8eLmPM_A,الحلقة 2 : الرسائل رجعات… ولكن💀,"Dec 25, 2025",816,0
2023-02-08,Z3L8eLmPM_A,الحلقة 2 : الرسائل رجعات… ولكن💀,"Dec 25, 2025",816,0
2023-02-09,Z3L8eLmPM_A,الحلقة 2 : الرسائل رجعات… ولكن💀,"Dec 25, 2025",816,0
2023-02-10,Z3L8eLmPM_A,الحلقة 2 : الرسائل رجعات… ولكن💀,"Dec 25, 2025",816,0
2023-02-11,Z3L8eLmPM_A,الحلقة 2 : الرسائل رجعات… ولكن💀,"Dec 25, 2025",816,0
2023-02-12,Z3L8eLmPM_A,الحلقة 2 : الرسائل رجعات… ولكن💀,"Dec 25, 2025",816,0
2023-02-13,Z3L8eLmPM_A,الحلقة 2 : الرسائل رجعات… ولكن💀,"Dec 25, 2025",816,0
2023-02-14,Z3L8eLmPM_A,الحلقة 2 : الرسائل رجعات… ولكن💀,"Dec 25, 2025",816,0
2023-02-15,Z3L8eLmPM_A,الحلقة 2 : الرسائل رجعات… ولكن💀,"Dec 25, 2025",816,0
2023-02-16,Z3L8eLmPM_A,الحلقة 2 : الرسائل رجعات… ولكن💀,"Dec 25, 2025",816,0
2023-02-17,Z3L8eLmPM_A,الحلقة 2 : الرسائل رجعات… ولكن💀,"Dec 25, 2025",816,0
2023-02-18,Z3L8eLmPM_A,الحلقة 2 : الرسائل رجعات… ولكن💀,"Dec 25, 2025",816,0
2023-02-19,Z3L8eLmPM_A,الحلقة 2 : الرسائل رجعات… ولكن💀,"Dec 25, 2025",816,0
2023-02-20,Z3L8eLmPM_A,الحلقة 2 : الرسائل رجعات… ولكن💀,"Dec 25, 2025",816,0
2023-02-21,Z3L8eLmPM_A,الحلقة 2 : الرسائل رجعات… ولكن💀,"Dec 25, 2025",816,0
2023-02-22,Z3L8eLmPM_A,الحلقة 2 : الرسائل رجعات… ولكن💀,"Dec 25, 2025",816,0
2023-02-23,Z3L8eLmPM_A,الحلقة 2 : الرسائل رجعات… ولكن💀,"Dec 25, 2025",816,0
2023-02-24,Z3L8eLmPM_A,الحلقة 2 : الرسائل رجعات… ولكن💀,"Dec 25, 2025",816,0
2023-02-25,Z3L8eLmPM_A,الحلقة 2 : الرسائل رجعات… ولكن💀,"Dec 25, 2025",816,0
2023-02-26,Z3L8eLmPM_A,الحلقة 2 : الرسائل رجعات… ولكن💀,"Dec 25, 2025",816,0
2023-02-27,Z3L8eLmPM_A,الحلقة 2 : الرسائل رجعات… ولكن💀,"Dec 25, 2025",816,0
2023-02-28,Z3L8eLmPM_A,الحلقة 2 : الرسائل رجعات… ولكن💀,"Dec 25, 2025",816,0
2023-03-01,Z3L8eLmPM_A,الحلقة 2 : الرسائل رجعات… ولكن💀,"Dec 25, 2025",816,0
2023-03-02,Z3L8eLmPM_A,الحلقة 2 : الرسائل رجعات… ولكن💀,"Dec 25, 2025",816,0
2023-03-03,Z3L8eLmPM_A,الحلقة 2 : الرسائل رجعات… ولكن💀,"Dec 25, 2025",816,0
2023-03-04,Z3L8eLmPM_A,الحلقة 2 : الرسائل رجعات… ولكن💀,"Dec 25, 2025",816,0
2023-03-05,Z3L8eLmPM_A,الحلقة 2 : الرسائل رجعات… ولكن💀,"Dec 25, 2025",816,0
2023-03-06,Z3L8eLmPM_A,الحلقة 2 : الرسائل رجعات… ولكن💀,"Dec 25, 2025",816,0
2023-03-07,Z3L8eLmPM_A,الحلقة 2 : الرسائل رجعات… ولكن💀,"Dec 25, 2025",816,0
2023-03-08,Z3L8eLmPM_A,الحلقة 2 : الرسائل رجعات… ولكن💀,"Dec 25, 2025",816,0
2023-03-09,Z3L8eLmPM_A,الحلقة 2 : الرسائل رجعات… ولكن💀,"Dec 25, 2025",816,0
2023-03-10,Z3L8eLmPM_A,الحلقة 2 : الرسائل رجعات… ولكن💀,"Dec 25, 2025",816,0
2023-03-11,Z3L8eLmPM_A,الحلقة 2 : الرسائل رجعات… ولكن💀,"Dec 25, 2025",816,0
2023-03-12,Z3L8eLmPM_A,الحلقة 2 : الرسائل رجعات… ولكن💀,"Dec 25, 2025",816,0
2023-03-13,Z3L8eLmPM_A,الحلقة 2 : الرسائل رجعات… ولكن💀,"Dec 25, 2025",816,0
2023-03-14,Z3L8eLmPM_A,الحلقة 2 : الرسائل رجعات… ولكن💀,"Dec 25, 2025",816,0
2023-03-15,Z3L8eLmPM_A,الحلقة 2 : الرسائل رجعات… ولكن💀,"Dec 25, 2025",816,0
2023-03-16,Z3L8eLmPM_A,الحلقة 2 : الرسائل رجعات… ولكن💀,"Dec 25, 2025",816,0
2023-03-17,Z3L8eLmPM_A,الحلقة 2 : الرسائل رجعات… ولكن💀,"Dec 25, 2025",816,0
2023-03-18,Z3L8eLmPM_A,الحلقة 2 : الرسائل رجعات… ولكن💀,"Dec 25, 2025",816,0
2023-03-19,Z3L8eLmPM_A,الحلقة 2 : الرسائل رجعات… ولكن💀,"Dec 25, 2025",816,0
2023-03-20,Z3L8eLmPM_A,الحلقة 2 : الرسائل رجعات… ولكن💀,"Dec 25, 2025",816,0
2023-03-21,Z3L8eLmPM_A,الحلقة 2 : الرسائل رجعات… ولكن💀,"Dec 25, 2025",816,0
2023-03-22,Z3L8eLmPM_A,الحلقة 2 : الرسائل رجعات… ولكن💀,"Dec 25, 2025",816,0
2023-03-23,Z3L8eLmPM_A,الحلقة 2 : الرسائل رجعات… ولكن💀,"Dec 25, 2025",816,0
2023-03-24,Z3L8eLmPM_A,الحلقة 2 : الرسائل رجعات… ولكن💀,"Dec 25, 2025",816,0
2023-03-25,Z3L8eLmPM_A,الحلقة 2 : الرسائل رجعات… ولكن💀,"Dec 25, 2025",816,0
2023-03-26,Z3L8eLmPM_A,الحلقة 2 : الرسائل رجعات… ولكن💀,"Dec 25, 2025",816,0
2023-03-27,Z3L8eLmPM_A,الحلقة 2 : الرسائل رجعات… ولكن💀,"Dec 25, 2025",816,0
2023-03-28,Z3L8eLmPM_A,الحلقة 2 : الرسائل رجعات… ولكن💀,"Dec 25, 2025",816,0
2023-03-29,Z3L8eLmPM_A,الحلقة 2 : الرسائل رجعات… ولكن💀,"Dec 25, 2025",816,0
2023-03-30,Z3L8eLmPM_A,الحلقة 2 : الرسائل رجعات… ولكن💀,"Dec 25, 2025",816,0
2023-03-31,Z3L8eLmPM_A,الحلقة 2 : الرسائل رجعات… ولكن💀,"Dec 25, 2025",816,0
2023-04-01,Z3L8eLmPM_A,الحلقة 2 : الرسائل رجعات… ولكن💀,"Dec 25, 2025",816,0
2023-04-02,Z3L8eLmPM_A,الحلقة 2 : الرسائل رجعات… ولكن💀,"Dec 25, 2025",816,0
2023-04-03,Z3L8eLmPM_A,الحلقة 2 : الرسائل رجعات… ولكن💀,"Dec 25, 2025",816,0
2023-04-04,Z3L8eLmPM_A,الحلقة 2 : الرسائل رجعات… ولكن💀,"Dec 25, 2025",816,0
2023-04-05,Z3L8eLmPM_A,الحلقة 2 : الرسائل رجعات… ولكن💀,"Dec 25, 2025",816,0
2023-04-06,Z3L8eLmPM_A,الحلقة 2 : الرسائل رجعات… ولكن💀,"Dec 25, 2025",816,0
2023-04-07,Z3L8eLmPM_A,الحلقة 2 : الرسائل رجعات… ولكن💀,"Dec 25, 2025",816,0
2023-04-08,Z3L8eLmPM_A,الحلقة 2 : الرسائل رجعات… ولكن💀,"Dec 25, 2025",816,0
2023-04-09,Z3L8eLmPM_A,الحلقة 2 : الرسائل رجعات… ولكن💀,"Dec 25, 2025",816,0
2023-04-10,Z3L8eLmPM_A,الحلقة 2 : الرسائل رجعات… ولكن💀,"Dec 25, 2025",816,0
2023-04-11,Z3L8eLmPM_A,الحلقة 2 : الرسائل رجعات… ولكن💀,"Dec 25, 2025",816,0
2023-04-12,Z3L8eLmPM_A,الحلقة 2 : الرسائل رجعات… ولكن💀,"Dec 25, 2025",816,0
2023-04-13,Z3L8eLmPM_A,الحلقة 2 : الرسائل رجعات… ولكن💀,"Dec 25, 2025",816,0
2023-04-14,Z3L8eLmPM_A,الحلقة 2 : الرسائل رجعات… ولكن💀,"Dec 25, 2025",816,0
2023-04-15,Z3L8eLmPM_A,الحلقة 2 : الرسائل رجعات… ولكن💀,"Dec 25, 2025",816,0
2023-04-16,Z3L8eLmPM_A,الحلقة 2 : الرسائل رجعات… ولكن💀,"Dec 25, 2025",816,0
2023-04-17,Z3L8eLmPM_A,الحلقة 2 : الرسائل رجعات… ولكن💀,"Dec 25, 2025",816,0
2023-04-18,Z3L8eLmPM_A,الحلقة 2 : الرسائل رجعات… ولكن💀,"Dec 25, 2025",816,0
2023-04-19,Z3L8eLmPM_A,الحلقة 2 : الرسائل رجعات… ولكن💀,"Dec 25, 2025",816,0
2023-04-20,Z3L8eLmPM_A,الحلقة 2 : الرسائل رجعات… ولكن💀,"Dec 25, 2025",816,0
2023-04-21,Z3L8eLmPM_A,الحلقة 2 : الرسائل رجعات… ولكن💀,"Dec 25, 2025",816,0
2023-04-22,Z3L8eLmPM_A,الحلقة 2 : الرسائل رجعات… ولكن💀,"Dec 25, 2025",816,0
2023-04-23,Z3L8eLmPM_A,الحلقة 2 : الرسائل رجعات… ولكن💀,"Dec 25, 2025",816,0
2023-04-24,Z3L8eLmPM_A,الحلقة 2 : الرسائل رجعات… ولكن💀,"Dec 25, 2025",816,0
2023-04-25,Z3L8eLmPM_A,الحلقة 2 : الرسائل رجعات… ولكن💀,"Dec 25, 2025",816,0
2023-04-26,Z3L8eLmPM_A,الحلقة 2 : الرسائل رجعات… ولكن💀,"Dec 25, 2025",816,0
2023-04-27,Z3L8eLmPM_A,الحلقة 2 : الرسائل رجعات… ولكن💀,"Dec 25, 2025",816,0
2023-04-28,Z3L8eLmPM_A,الحلقة 2 : الرسائل رجعات… ولكن💀,"Dec 25, 2025",816,0
2023-04-29,Z3L8eLmPM_A,الحلقة 2 : الرسائل رجعات… ولكن💀,"Dec 25, 2025",816,0
2023-04-30,Z3L8eLmPM_A,الحلقة 2 : الرسائل رجعات… ولكن💀,"Dec 25, 2025",816,0
2023-05-01,Z3L8eLmPM_A,الحلقة 2 : الرسائل رجعات… ولكن💀,"Dec 25, 2025",816,0
2023-05-02,Z3L8eLmPM_A,الحلقة 2 : الرسائل رجعات… ولكن💀,"Dec 25, 2025",816,0
2023-05-03,Z3L8eLmPM_A,الحلقة 2 : الرسائل رجعات… ولكن💀,"Dec 25, 2025",816,0
2023-05-04,Z3L8eLmPM_A,الحلقة 2 : الرسائل رجعات… ولكن💀,"Dec 25, 2025",816,0
2023-05-05,Z3L8eLmPM_A,الحلقة 2 : الرسائل رجعات… ولكن💀,"Dec 25, 2025",816,0
2023-05-06,Z3L8eLmPM_A,الحلقة 2 : الرسائل رجعات… ولكن💀,"Dec 25, 2025",816,0
2023-05-07,Z3L8eLmPM_A,الحلقة 2 : الرسائل رجعات… ولكن💀,"Dec 25, 2025",816,0
2023-05-08,Z3L8eLmPM_A,الحلقة 2 : الرسائل رجعات… ولكن💀,"Dec 25, 2025",816,0
2023-05-09,Z3L8eLmPM_A,الحلقة 2 : الرسائل رجعات… ولكن💀,"Dec 25, 2025",816,0
2023-05-10,Z3L8eLmPM_A,الحلقة 2 : الرسائل رجعات… ولكن💀,"Dec 25, 2025",816,0
2023-05-11,Z3L8eLmPM_A,الحلقة 2 : الرسائل رجعات… ولكن💀,"Dec 25, 2025",816,0
2023-05-12,Z3L8eLmPM_A,الحلقة 2 : الرسائل رجعات… ولكن💀,"Dec 25, 2025",816,0
2023-05-13,Z3L8eLmPM_A,الحلقة 2 : الرسائل رجعات… ولكن💀,"Dec 25, 2025",816,0
2023-05-14,Z3L8eLmPM_A,الحلقة 2 : الرسائل رجعات… ولكن💀,"Dec 25, 2025",816,0
2023-05-15,Z3L8eLmPM_A,الحلقة 2 : الرسائل رجعات… ولكن💀,"Dec 25, 2025",816,0
2023-05-16,Z3L8eLmPM_A,الحلقة 2 : الرسائل رجعات… ولكن💀,"Dec 25, 2025",816,0
2023-05-17,Z3L8eLmPM_A,الحلقة 2 : الرسائل رجعات… ولكن💀,"Dec 25, 2025",816,0
2023-05-18,Z3L8eLmPM_A,الحلقة 2 : الرسائل رجعات… ولكن💀,"Dec 25, 2025",816,0
2023-05-19,Z3L8eLmPM_A,الحلقة 2 : الرسائل رجعات… ولكن💀,"Dec 25, 2025",816,0
2023-05-20,Z3L8eLmPM_A,الحلقة 2 : الرسائل رجعات… ولكن💀,"Dec 25, 2025",816,0
2023-05-21,Z3L8eLmPM_A,الحلقة 2 : الرسائل رجعات… ولكن💀,"Dec 25, 2025",816,0
2023-05-22,Z3L8eLmPM_A,الحلقة 2 : الرسائل رجعات… ولكن💀,"Dec 25, 2025",816,0
2023-05-23,Z3L8eLmPM_A,الحلقة 2 : الرسائل رجعات… ولكن💀,"Dec 25, 2025",816,0
2023-05-24,Z3L8eLmPM_A,الحلقة 2 : الرسائل رجعات… ولكن💀,"Dec 25, 2025",816,0
2023-05-25,Z3L8eLmPM_A,الحلقة 2 : الرسائل رجعات… ولكن💀,"Dec 25, 2025",816,0
2023-05-26,Z3L8eLmPM_A,الحلقة 2 : الرسائل رجعات… ولكن💀,"Dec 25, 2025",816,0
2023-05-27,Z3L8eLmPM_A,الحلقة 2 : الرسائل رجعات… ولكن💀,"Dec 25, 2025",816,0
2023-05-28,Z3L8eLmPM_A,الحلقة 2 : الرسائل رجعات… ولكن💀,"Dec 25, 2025",816,0
2023-05-29,Z3L8eLmPM_A,الحلقة 2 : الرسائل رجعات… ولكن💀,"Dec 25, 2025",816,0
2023-05-30,Z3L8eLmPM_A,الحلقة 2 : الرسائل رجعات… ولكن💀,"Dec 25, 2025",816,0
2023-05-31,Z3L8eLmPM_A,الحلقة 2 : الرسائل رجعات… ولكن💀,"Dec 25, 2025",816,0
2023-06-01,Z3L8eLmPM_A,الحلقة 2 : الرسائل رجعات… ولكن💀,"Dec 25, 2025",816,0
2023-06-02,Z3L8eLmPM_A,الحلقة 2 : الرسائل رجعات… ولكن💀,"Dec 25, 2025",816,0
2023-06-03,Z3L8eLmPM_A,الحلقة 2 : الرسائل رجعات… ولكن💀,"Dec 25, 2025",816,0
2023-06-04,Z3L8eLmPM_A,الحلقة 2 : الرسائل رجعات… ولكن💀,"Dec 25, 2025",816,0
2023-06-05,Z3L8eLmPM_A,الحلقة 2 : الرسائل رجعات… ولكن💀,"Dec 25, 2025",816,0
2023-06-06,Z3L8eLmPM_A,الحلقة 2 : الرسائل رجعات… ولكن💀,"Dec 25, 2025",816,0
2023-06-07,Z3L8eLmPM_A,الحلقة 2 : الرسائل رجعات… ولكن💀,"Dec 25, 2025",816,0
2023-06-08,Z3L8eLmPM_A,الحلقة 2 : الرسائل رجعات… ولكن💀,"Dec 25, 2025",816,0
2023-06-09,Z3L8eLmPM_A,الحلقة 2 : الرسائل رجعات… ولكن💀,"Dec 25, 2025",816,0
2023-06-10,Z3L8eLmPM_A,الحلقة 2 : الرسائل رجعات… ولكن💀,"Dec 25, 2025",816,0
2023-06-11,Z3L8eLmPM_A,الحلقة 2 : الرسائل رجعات… ولكن💀,"Dec 25, 2025",816,0
2023-06-12,Z3L8eLmPM_A,الحلقة 2 : الرسائل رجعات… ولكن💀,"Dec 25, 2025",816,0
2023-06-13,Z3L8eLmPM_A,الحلقة 2 : الرسائل رجعات… ولكن💀,"Dec 25, 2025",816,0
2023-06-14,Z3L8eLmPM_A,الحلقة 2 : الرسائل رجعات… ولكن💀,"Dec 25, 2025",816,0
2023-06-15,Z3L8eLmPM_A,الحلقة 2 : الرسائل رجعات… ولكن💀,"Dec 25, 2025",816,0
2023-06-16,Z3L8eLmPM_A,الحلقة 2 : الرسائل رجعات… ولكن💀,"Dec 25, 2025",816,0
2023-06-17,Z3L8eLmPM_A,الحلقة 2 : الرسائل رجعات… ولكن💀,"Dec 25, 2025",816,0
2023-06-18,Z3L8eLmPM_A,الحلقة 2 : الرسائل رجعات… ولكن💀,"Dec 25, 2025",816,0
2023-06-19,Z3L8eLmPM_A,الحلقة 2 : الرسائل رجعات… ولكن💀,"Dec 25, 2025",816,0
2023-06-20,Z3L8eLmPM_A,الحلقة 2 : الرسائل رجعات… ولكن💀,"Dec 25, 2025",816,0
2023-06-21,Z3L8eLmPM_A,الحلقة 2 : الرسائل رجعات… ولكن💀,"Dec 25, 2025",816,0
2023-06-22,Z3L8eLmPM_A,الحلقة 2 : الرسائل رجعات… ولكن💀,"Dec 25, 2025",816,0
2023-06-23,Z3L8eLmPM_A,الحلقة 2 : الرسائل رجعات… ولكن💀,"Dec 25, 2025",816,0
2023-06-24,Z3L8eLmPM_A,الحلقة 2 : الرسائل رجعات… ولكن💀,"Dec 25, 2025",816,0
2023-06-25,Z3L8eLmPM_A,الحلقة 2 : الرسائل رجعات… ولكن💀,"Dec 25, 2025",816,0
2023-06-26,Z3L8eLmPM_A,الحلقة 2 : الرسائل رجعات… ولكن💀,"Dec 25, 2025",816,0
2023-06-27,Z3L8eLmPM_A,الحلقة 2 : الرسائل رجعات… ولكن💀,"Dec 25, 2025",816,0
2023-06-28,Z3L8eLmPM_A,الحلقة 2 : الرسائل رجعات… ولكن💀,"Dec 25, 2025",816,0
2023-06-29,Z3L8eLmPM_A,الحلقة 2 : الرسائل رجعات… ولكن💀,"Dec 25, 2025",816,0
2023-06-30,Z3L8eLmPM_A,الحلقة 2 : الرسائل رجعات… ولكن💀,"Dec 25, 2025",816,0
2023-07-01,Z3L8eLmPM_A,الحلقة 2 : الرسائل رجعات… ولكن💀,"Dec 25, 2025",816,0
2023-07-02,Z3L8eLmPM_A,الحلقة 2 : الرسائل رجعات… ولكن💀,"Dec 25, 2025",816,0
2023-07-03,Z3L8eLmPM_A,الحلقة 2 : الرسائل رجعات… ولكن💀,"Dec 25, 2025",816,0
2023-07-04,Z3L8eLmPM_A,الحلقة 2 : الرسائل رجعات… ولكن💀,"Dec 25, 2025",816,0
2023-07-05,Z3L8eLmPM_A,الحلقة 2 : الرسائل رجعات… ولكن💀,"Dec 25, 2025",816,0
2023-07-06,Z3L8eLmPM_A,الحلقة 2 : الرسائل رجعات… ولكن💀,"Dec 25, 2025",816,0
2023-07-07,Z3L8eLmPM_A,الحلقة 2 : الرسائل رجعات… ولكن💀,"Dec 25, 2025",816,0
2023-07-08,Z3L8eLmPM_A,الحلقة 2 : الرسائل رجعات… ولكن💀,"Dec 25, 2025",816,0
2023-07-09,Z3L8eLmPM_A,الحلقة 2 : الرسائل رجعات… ولكن💀,"Dec 25, 2025",816,0
2023-07-10,Z3L8eLmPM_A,الحلقة 2 : الرسائل رجعات… ولكن💀,"Dec 25, 2025",816,0
2023-07-11,Z3L8eLmPM_A,الحلقة 2 : الرسائل رجعات… ولكن💀,"Dec 25, 2025",816,0
2023-07-12,Z3L8eLmPM_A,الحلقة 2 : الرسائل رجعات… ولكن💀,"Dec 25, 2025",816,0
2023-07-13,Z3L8eLmPM_A,الحلقة 2 : الرسائل رجعات… ولكن💀,"Dec 25, 2025",816,0
2023-07-14,Z3L8eLmPM_A,الحلقة 2 : الرسائل رجعات… ولكن💀,"Dec 25, 2025",816,0
2023-07-15,Z3L8eLmPM_A,الحلقة 2 : الرسائل رجعات… ولكن💀,"Dec 25, 2025",816,0
2023-07-16,Z3L8eLmPM_A,الحلقة 2 : الرسائل رجعات… ولكن💀,"Dec 25, 2025",816,0
2023-07-17,Z3L8eLmPM_A,الحلقة 2 : الرسائل رجعات… ولكن💀,"Dec 25, 2025",816,0
2023-07-18,Z3L8eLmPM_A,الحلقة 2 : الرسائل رجعات… ولكن💀,"Dec 25, 2025",816,0
2023-07-19,Z3L8eLmPM_A,الحلقة 2 : الرسائل رجعات… ولكن💀,"Dec 25, 2025",816,0
2023-07-20,Z3L8eLmPM_A,الحلقة 2 : الرسائل رجعات… ولكن💀,"Dec 25, 2025",816,0
2023-07-21,Z3L8eLmPM_A,الحلقة 2 : الرسائل رجعات… ولكن💀,"Dec 25, 2025",816,0
2023-07-22,Z3L8eLmPM_A,الحلقة 2 : الرسائل رجعات… ولكن💀,"Dec 25, 2025",816,0
2023-07-23,Z3L8eLmPM_A,الحلقة 2 : الرسائل رجعات… ولكن💀,"Dec 25, 2025",816,0
2023-07-24,Z3L8eLmPM_A,الحلقة 2 : الرسائل رجعات… ولكن💀,"Dec 25, 2025",816,0
2023-07-25,Z3L8eLmPM_A,الحلقة 2 : الرسائل رجعات… ولكن💀,"Dec 25, 2025",816,0
2023-07-26,Z3L8eLmPM_A,الحلقة 2 : الرسائل رجعات… ولكن💀,"Dec 25, 2025",816,0
2023-07-27,Z3L8eLmPM_A,الحلقة 2 : الرسائل رجعات… ولكن💀,"Dec 25, 2025",816,0
2023-07-28,Z3L8eLmPM_A,الحلقة 2 : الرسائل رجعات… ولكن💀,"Dec 25, 2025",816,0
2023-07-29,Z3L8eLmPM_A,الحلقة 2 : الرسائل رجعات… ولكن💀,"Dec 25, 2025",816,0
2023-07-30,Z3L8eLmPM_A,الحلقة 2 : الرسائل رجعات… ولكن💀,"Dec 25, 2025",816,0
2023-07-31,Z3L8eLmPM_A,الحلقة 2 : الرسائل رجعات… ولكن💀,"Dec 25, 2025",816,0
2023-08-01,Z3L8eLmPM_A,الحلقة 2 : الرسائل رجعات… ولكن💀,"Dec 25, 2025",816,0
2023-08-02,Z3L8eLmPM_A,الحلقة 2 : الرسائل رجعات… ولكن💀,"Dec 25, 2025",816,0
2023-08-03,Z3L8eLmPM_A,الحلقة 2 : الرسائل رجعات… ولكن💀,"Dec 25, 2025",816,0
2023-08-04,Z3L8eLmPM_A,الحلقة 2 : الرسائل رجعات… ولكن💀,"Dec 25, 2025",816,0
2023-08-05,Z3L8eLmPM_A,الحلقة 2 : الرسائل رجعات… ولكن💀,"Dec 25, 2025",816,0
2023-08-06,Z3L8eLmPM_A,الحلقة 2 : الرسائل رجعات… ولكن💀,"Dec 25, 2025",816,0
2023-08-07,Z3L8eLmPM_A,الحلقة 2 : الرسائل رجعات… ولكن💀,"Dec 25, 2025",816,0
2023-08-08,Z3L8eLmPM_A,الحلقة 2 : الرسائل رجعات… ولكن💀,"Dec 25, 2025",816,0
2023-08-09,Z3L8eLmPM_A,الحلقة 2 : الرسائل رجعات… ولكن💀,"Dec 25, 2025",816,0
2023-08-10,Z3L8eLmPM_A,الحلقة 2 : الرسائل رجعات… ولكن💀,"Dec 25, 2025",816,0
2023-08-11,Z3L8eLmPM_A,الحلقة 2 : الرسائل رجعات… ولكن💀,"Dec 25, 2025",816,0
2023-08-12,Z3L8eLmPM_A,الحلقة 2 : الرسائل رجعات… ولكن💀,"Dec 25, 2025",816,0
2023-08-13,Z3L8eLmPM_A,الحلقة 2 : الرسائل رجعات… ولكن💀,"Dec 25, 2025",816,0
2023-08-14,Z3L8eLmPM_A,الحلقة 2 : الرسائل رجعات… ولكن💀,"Dec 25, 2025",816,0
2023-08-15,Z3L8eLmPM_A,الحلقة 2 : الرسائل رجعات… ولكن💀,"Dec 25, 2025",816,0
2023-08-16,Z3L8eLmPM_A,الحلقة 2 : الرسائل رجعات… ولكن💀,"Dec 25, 2025",816,0
2023-08-17,Z3L8eLmPM_A,الحلقة 2 : الرسائل رجعات… ولكن💀,"Dec 25, 2025",816,0
2023-08-18,Z3L8eLmPM_A,الحلقة 2 : الرسائل رجعات… ولكن💀,"Dec 25, 2025",816,0
2023-08-19,Z3L8eLmPM_A,الحلقة 2 : الرسائل رجعات… ولكن💀,"Dec 25, 2025",816,0
2023-08-20,Z3L8eLmPM_A,الحلقة 2 : الرسائل رجعات… ولكن💀,"Dec 25, 2025",816,0
2023-08-21,Z3L8eLmPM_A,الحلقة 2 : الرسائل رجعات… ولكن💀,"Dec 25, 2025",816,0
2023-08-22,Z3L8eLmPM_A,الحلقة 2 : الرسائل رجعات… ولكن💀,"Dec 25, 2025",816,0
2023-08-23,Z3L8eLmPM_A,الحلقة 2 : الرسائل رجعات… ولكن💀,"Dec 25, 2025",816,0
2023-08-24,Z3L8eLmPM_A,الحلقة 2 : الرسائل رجعات… ولكن💀,"Dec 25, 2025",816,0
2023-08-25,Z3L8eLmPM_A,الحلقة 2 : الرسائل رجعات… ولكن💀,"Dec 25, 2025",816,0
2023-08-26,Z3L8eLmPM_A,الحلقة 2 : الرسائل رجعات… ولكن💀,"Dec 25, 2025",816,0
2023-08-27,Z3L8eLmPM_A,الحلقة 2 : الرسائل رجعات… ولكن💀,"Dec 25, 2025",816,0
2023-08-28,Z3L8eLmPM_A,الحلقة 2 : الرسائل رجعات… ولكن💀,"Dec 25, 2025",816,0
2023-08-29,Z3L8eLmPM_A,الحلقة 2 : الرسائل رجعات… ولكن💀,"Dec 25, 2025",816,0
2023-08-30,Z3L8eLmPM_A,الحلقة 2 : الرسائل رجعات… ولكن💀,"Dec 25, 2025",816,0
2023-08-31,Z3L8eLmPM_A,الحلقة 2 : الرسائل رجعات… ولكن💀,"Dec 25, 2025",816,0
2023-09-01,Z3L8eLmPM_A,الحلقة 2 : الرسائل رجعات… ولكن💀,"Dec 25, 2025",816,0
2023-09-02,Z3L8eLmPM_A,الحلقة 2 : الرسائل رجعات… ولكن💀,"Dec 25, 2025",816,0
2023-09-03,Z3L8eLmPM_A,الحلقة 2 : الرسائل رجعات… ولكن💀,"Dec 25, 2025",816,0
2023-09-04,Z3L8eLmPM_A,الحلقة 2 : الرسائل رجعات… ولكن💀,"Dec 25, 2025",816,0
2023-09-05,Z3L8eLmPM_A,الحلقة 2 : الرسائل رجعات… ولكن💀,"Dec 25, 2025",816,0
2023-09-06,Z3L8eLmPM_A,الحلقة 2 : الرسائل رجعات… ولكن💀,"Dec 25, 2025",816,0
2023-09-07,Z3L8eLmPM_A,الحلقة 2 : الرسائل رجعات… ولكن💀,"Dec 25, 2025",816,0
2023-09-08,Z3L8eLmPM_A,الحلقة 2 : الرسائل رجعات… ولكن💀,"Dec 25, 2025",816,0
2023-09-09,Z3L8eLmPM_A,الحلقة 2 : الرسائل رجعات… ولكن💀,"Dec 25, 2025",816,0
2023-09-10,Z3L8eLmPM_A,الحلقة 2 : الرسائل رجعات… ولكن💀,"Dec 25, 2025",816,0
2023-09-11,Z3L8eLmPM_A,الحلقة 2 : الرسائل رجعات… ولكن💀,"Dec 25, 2025",816,0
2023-09-12,Z3L8eLmPM_A,الحلقة 2 : الرسائل رجعات… ولكن💀,"Dec 25, 2025",816,0
2023-09-13,Z3L8eLmPM_A,الحلقة 2 : الرسائل رجعات… ولكن💀,"Dec 25, 2025",816,0
2023-09-14,Z3L8eLmPM_A,الحلقة 2 : الرسائل رجعات… ولكن💀,"Dec 25, 2025",816,0
2023-09-15,Z3L8eLmPM_A,الحلقة 2 : الرسائل رجعات… ولكن💀,"Dec 25, 2025",816,0
2023-09-16,Z3L8eLmPM_A,الحلقة 2 : الرسائل رجعات… ولكن💀,"Dec 25, 2025",816,0
2023-09-17,Z3L8eLmPM_A,الحلقة 2 : الرسائل رجعات… ولكن💀,"Dec 25, 2025",816,0
2023-09-18,Z3L8eLmPM_A,الحلقة 2 : الرسائل رجعات… ولكن💀,"Dec 25, 2025",816,0
2023-09-19,Z3L8eLmPM_A,الحلقة 2 : الرسائل رجعات… ولكن💀,"Dec 25, 2025",816,0
2023-09-20,Z3L8eLmPM_A,الحلقة 2 : الرسائل رجعات… ولكن💀,"Dec 25, 2025",816,0
2023-09-21,Z3L8eLmPM_A,الحلقة 2 : الرسائل رجعات… ولكن💀,"Dec 25, 2025",816,0
2023-09-22,Z3L8eLmPM_A,الحلقة 2 : الرسائل رجعات… ولكن💀,"Dec 25, 2025",816,0
2023-09-23,Z3L8eLmPM_A,الحلقة 2 : الرسائل رجعات… ولكن💀,"Dec 25, 2025",816,0
2023-09-24,Z3L8eLmPM_A,الحلقة 2 : الرسائل رجعات… ولكن💀,"Dec 25, 2025",816,0
2023-09-25,Z3L8eLmPM_A,الحلقة 2 : الرسائل رجعات… ولكن💀,"Dec 25, 2025",816,0
2023-09-26,Z3L8eLmPM_A,الحلقة 2 : الرسائل رجعات… ولكن💀,"Dec 25, 2025",816,0
2023-09-27,Z3L8eLmPM_A,الحلقة 2 : الرسائل رجعات… ولكن💀,"Dec 25, 2025",816,0
2023-09-28,Z3L8eLmPM_A,الحلقة 2 : الرسائل رجعات… ولكن💀,"Dec 25, 2025",816,0
2023-09-29,Z3L8eLmPM_A,الحلقة 2 : الرسائل رجعات… ولكن💀,"Dec 25, 2025",816,0
2023-09-30,Z3L8eLmPM_A,الحلقة 2 : الرسائل رجعات… ولكن💀,"Dec 25, 2025",816,0
2023-10-01,Z3L8eLmPM_A,الحلقة 2 : الرسائل رجعات… ولكن💀,"Dec 25, 2025",816,0
2023-10-02,Z3L8eLmPM_A,الحلقة 2 : الرسائل رجعات… ولكن💀,"Dec 25, 2025",816,0
2023-10-03,Z3L8eLmPM_A,الحلقة 2 : الرسائل رجعات… ولكن💀,"Dec 25, 2025",816,0
2023-10-04,Z3L8eLmPM_A,الحلقة 2 : الرسائل رجعات… ولكن💀,"Dec 25, 2025",816,0
2023-10-05,Z3L8eLmPM_A,الحلقة 2 : الرسائل رجعات… ولكن💀,"Dec 25, 2025",816,0
2023-10-06,Z3L8eLmPM_A,الحلقة 2 : الرسائل رجعات… ولكن💀,"Dec 25, 2025",816,0
2023-10-07,Z3L8eLmPM_A,الحلقة 2 : الرسائل رجعات… ولكن💀,"Dec 25, 2025",816,0
2023-10-08,Z3L8eLmPM_A,الحلقة 2 : الرسائل رجعات… ولكن💀,"Dec 25, 2025",816,0
2023-10-09,Z3L8eLmPM_A,الحلقة 2 : الرسائل رجعات… ولكن💀,"Dec 25, 2025",816,0
2023-10-10,Z3L8eLmPM_A,الحلقة 2 : الرسائل رجعات… ولكن💀,"Dec 25, 2025",816,0
2023-10-11,Z3L8eLmPM_A,الحلقة 2 : الرسائل رجعات… ولكن💀,"Dec 25, 2025",816,0
2023-10-12,Z3L8eLmPM_A,الحلقة 2 : الرسائل رجعات… ولكن💀,"Dec 25, 2025",816,0
2023-10-13,Z3L8eLmPM_A,الحلقة 2 : الرسائل رجعات… ولكن💀,"Dec 25, 2025",816,0
2023-10-14,Z3L8eLmPM_A,الحلقة 2 : الرسائل رجعات… ولكن💀,"Dec 25, 2025",816,0
2023-10-15,Z3L8eLmPM_A,الحلقة 2 : الرسائل رجعات… ولكن💀,"Dec 25, 2025",816,0
2023-10-16,Z3L8eLmPM_A,الحلقة 2 : الرسائل رجعات… ولكن💀,"Dec 25, 2025",816,0
2023-10-17,Z3L8eLmPM_A,الحلقة 2 : الرسائل رجعات… ولكن💀,"Dec 25, 2025",816,0
2023-10-18,Z3L8eLmPM_A,الحلقة 2 : الرسائل رجعات… ولكن💀,"Dec 25, 2025",816,0
2023-10-19,Z3L8eLmPM_A,الحلقة 2 : الرسائل رجعات… ولكن💀,"Dec 25, 2025",816,0
2023-10-20,Z3L8eLmPM_A,الحلقة 2 : الرسائل رجعات… ولكن💀,"Dec 25, 2025",816,0
2023-10-21,Z3L8eLmPM_A,الحلقة 2 : الرسائل رجعات… ولكن💀,"Dec 25, 2025",816,0
2023-10-22,Z3L8eLmPM_A,الحلقة 2 : الرسائل رجعات… ولكن💀,"Dec 25, 2025",816,0
2023-10-23,Z3L8eLmPM_A,الحلقة 2 : الرسائل رجعات… ولكن💀,"Dec 25, 2025",816,0
2023-10-24,Z3L8eLmPM_A,الحلقة 2 : الرسائل رجعات… ولكن💀,"Dec 25, 2025",816,0
2023-10-25,Z3L8eLmPM_A,الحلقة 2 : الرسائل رجعات… ولكن💀,"Dec 25, 2025",816,0
2023-10-26,Z3L8eLmPM_A,الحلقة 2 : الرسائل رجعات… ولكن💀,"Dec 25, 2025",816,0
2023-10-27,Z3L8eLmPM_A,الحلقة 2 : الرسائل رجعات… ولكن💀,"Dec 25, 2025",816,0
2023-10-28,Z3L8eLmPM_A,الحلقة 2 : الرسائل رجعات… ولكن💀,"Dec 25, 2025",816,0
2023-10-29,Z3L8eLmPM_A,الحلقة 2 : الرسائل رجعات… ولكن💀,"Dec 25, 2025",816,0
2023-10-30,Z3L8eLmPM_A,الحلقة 2 : الرسائل رجعات… ولكن💀,"Dec 25, 2025",816,0
2023-10-31,Z3L8eLmPM_A,الحلقة 2 : الرسائل رجعات… ولكن💀,"Dec 25, 2025",816,0
2023-11-01,Z3L8eLmPM_A,الحلقة 2 : الرسائل رجعات… ولكن💀,"Dec 25, 2025",816,0
2023-11-02,Z3L8eLmPM_A,الحلقة 2 : الرسائل رجعات… ولكن💀,"Dec 25, 2025",816,0
2023-11-03,Z3L8eLmPM_A,الحلقة 2 : الرسائل رجعات… ولكن💀,"Dec 25, 2025",816,0
2023-11-04,Z3L8eLmPM_A,الحلقة 2 : الرسائل رجعات… ولكن💀,"Dec 25, 2025",816,0
2023-11-05,Z3L8eLmPM_A,الحلقة 2 : الرسائل رجعات… ولكن💀,"Dec 25, 2025",816,0
2023-11-06,Z3L8eLmPM_A,الحلقة 2 : الرسائل رجعات… ولكن💀,"Dec 25, 2025",816,0
2023-11-07,Z3L8eLmPM_A,الحلقة 2 : الرسائل رجعات… ولكن💀,"Dec 25, 2025",816,0
2023-11-08,Z3L8eLmPM_A,الحلقة 2 : الرسائل رجعات… ولكن💀,"Dec 25, 2025",816,0
2023-11-09,Z3L8eLmPM_A,الحلقة 2 : الرسائل رجعات… ولكن💀,"Dec 25, 2025",816,0
2023-11-10,Z3L8eLmPM_A,الحلقة 2 : الرسائل رجعات… ولكن💀,"Dec 25, 2025",816,0
2023-11-11,Z3L8eLmPM_A,الحلقة 2 : الرسائل رجعات… ولكن💀,"Dec 25, 2025",816,0
2023-11-12,Z3L8eLmPM_A,الحلقة 2 : الرسائل رجعات… ولكن💀,"Dec 25, 2025",816,0
2023-11-13,Z3L8eLmPM_A,الحلقة 2 : الرسائل رجعات… ولكن💀,"Dec 25, 2025",816,0
2023-11-14,Z3L8eLmPM_A,الحلقة 2 : الرسائل رجعات… ولكن💀,"Dec 25, 2025",816,0
2023-11-15,Z3L8eLmPM_A,الحلقة 2 : الرسائل رجعات… ولكن💀,"Dec 25, 2025",816,0
2023-11-16,Z3L8eLmPM_A,الحلقة 2 : الرسائل رجعات… ولكن💀,"Dec 25, 2025",816,0
2023-11-17,Z3L8eLmPM_A,الحلقة 2 : الرسائل رجعات… ولكن💀,"Dec 25, 2025",816,0
2023-11-18,Z3L8eLmPM_A,الحلقة 2 : الرسائل رجعات… ولكن💀,"Dec 25, 2025",816,0
2023-11-19,Z3L8eLmPM_A,الحلقة 2 : الرسائل رجعات… ولكن💀,"Dec 25, 2025",816,0
2023-11-20,Z3L8eLmPM_A,الحلقة 2 : الرسائل رجعات… ولكن💀,"Dec 25, 2025",816,0
2023-11-21,Z3L8eLmPM_A,الحلقة 2 : الرسائل رجعات… ولكن💀,"Dec 25, 2025",816,0
2023-11-22,Z3L8eLmPM_A,الحلقة 2 : الرسائل رجعات… ولكن💀,"Dec 25, 2025",816,0
2023-11-23,Z3L8eLmPM_A,الحلقة 2 : الرسائل رجعات… ولكن💀,"Dec 25, 2025",816,0
2023-11-24,Z3L8eLmPM_A,الحلقة 2 : الرسائل رجعات… ولكن💀,"Dec 25, 2025",816,0
2023-11-25,Z3L8eLmPM_A,الحلقة 2 : الرسائل رجعات… ولكن💀,"Dec 25, 2025",816,0
2023-11-26,Z3L8eLmPM_A,الحلقة 2 : الرسائل رجعات… ولكن💀,"Dec 25, 2025",816,0
2023-11-27,Z3L8eLmPM_A,الحلقة 2 : الرسائل رجعات… ولكن💀,"Dec 25, 2025",816,0
2023-11-28,Z3L8eLmPM_A,الحلقة 2 : الرسائل رجعات… ولكن💀,"Dec 25, 2025",816,0
2023-11-29,Z3L8eLmPM_A,الحلقة 2 : الرسائل رجعات… ولكن💀,"Dec 25, 2025",816,0
2023-11-30,Z3L8eLmPM_A,الحلقة 2 : الرسائل رجعات… ولكن💀,"Dec 25, 2025",816,0
2023-12-01,Z3L8eLmPM_A,الحلقة 2 : الرسائل رجعات… ولكن💀,"Dec 25, 2025",816,0
2023-12-02,Z3L8eLmPM_A,الحلقة 2 : الرسائل رجعات… ولكن💀,"Dec 25, 2025",816,0
2023-12-03,Z3L8eLmPM_A,الحلقة 2 : الرسائل رجعات… ولكن💀,"Dec 25, 2025",816,0
2023-12-04,Z3L8eLmPM_A,الحلقة 2 : الرسائل رجعات… ولكن💀,"Dec 25, 2025",816,0
2023-12-05,Z3L8eLmPM_A,الحلقة 2 : الرسائل رجعات… ولكن💀,"Dec 25, 2025",816,0
2023-12-06,Z3L8eLmPM_A,الحلقة 2 : الرسائل رجعات… ولكن💀,"Dec 25, 2025",816,0
2023-12-07,Z3L8eLmPM_A,الحلقة 2 : الرسائل رجعات… ولكن💀,"Dec 25, 2025",816,0
2023-12-08,Z3L8eLmPM_A,الحلقة 2 : الرسائل رجعات… ولكن💀,"Dec 25, 2025",816,0
2023-12-09,Z3L8eLmPM_A,الحلقة 2 : الرسائل رجعات… ولكن💀,"Dec 25, 2025",816,0
2023-12-10,Z3L8eLmPM_A,الحلقة 2 : الرسائل رجعات… ولكن💀,"Dec 25, 2025",816,0
2023-12-11,Z3L8eLmPM_A,الحلقة 2 : الرسائل رجعات… ولكن💀,"Dec 25, 2025",816,0
2023-12-12,Z3L8eLmPM_A,الحلقة 2 : الرسائل رجعات… ولكن💀,"Dec 25, 2025",816,0
2023-12-13,Z3L8eLmPM_A,الحلقة 2 : الرسائل رجعات… ولكن💀,"Dec 25, 2025",816,0
2023-12-14,Z3L8eLmPM_A,الحلقة 2 : الرسائل رجعات… ولكن💀,"Dec 25, 2025",816,0
2023-12-15,Z3L8eLmPM_A,الحلقة 2 : الرسائل رجعات… ولكن💀,"Dec 25, 2025",816,0
2023-12-16,Z3L8eLmPM_A,الحلقة 2 : الرسائل رجعات… ولكن💀,"Dec 25, 2025",816,0
2023-12-17,Z3L8eLmPM_A,الحلقة 2 : الرسائل رجعات… ولكن💀,"Dec 25, 2025",816,0
2023-12-18,Z3L8eLmPM_A,الحلقة 2 : الرسائل رجعات… ولكن💀,"Dec 25, 2025",816,0
2023-12-19,Z3L8eLmPM_A,الحلقة 2 : الرسائل رجعات… ولكن💀,"Dec 25, 2025",816,0
2023-12-20,Z3L8eLmPM_A,الحلقة 2 : الرسائل رجعات… ولكن💀,"Dec 25, 2025",816,0
2023-12-21,Z3L8eLmPM_A,الحلقة 2 : الرسائل رجعات… ولكن💀,"Dec 25, 2025",816,0
2023-12-22,Z3L8eLmPM_A,الحلقة 2 : الرسائل رجعات… ولكن💀,"Dec 25, 2025",816,0
2023-12-23,Z3L8eLmPM_A,الحلقة 2 : الرسائل رجعات… ولكن💀,"Dec 25, 2025",816,0
2023-12-24,Z3L8eLmPM_A,الحلقة 2 : الرسائل رجعات… ولكن💀,"Dec 25, 2025",816,0
2023-12-25,Z3L8eLmPM_A,الحلقة 2 : الرسائل رجعات… ولكن💀,"Dec 25, 2025",816,0
2023-12-26,Z3L8eLmPM_A,الحلقة 2 : الرسائل رجعات… ولكن💀,"Dec 25, 2025",816,0
2023-12-27,Z3L8eLmPM_A,الحلقة 2 : الرسائل رجعات… ولكن💀,"Dec 25, 2025",816,0
2023-12-28,Z3L8eLmPM_A,الحلقة 2 : الرسائل رجعات… ولكن💀,"Dec 25, 2025",816,0
2023-12-29,Z3L8eLmPM_A,الحلقة 2 : الرسائل رجعات… ولكن💀,"Dec 25, 2025",816,0
2023-12-30,Z3L8eLmPM_A,الحلقة 2 : الرسائل رجعات… ولكن💀,"Dec 25, 2025",816,0
2023-12-31,Z3L8eLmPM_A,الحلقة 2 : الرسائل رجعات… ولكن💀,"Dec 25, 2025",816,0
2024-01-01,Z3L8eLmPM_A,الحلقة 2 : الرسائل رجعات… ولكن💀,"Dec 25, 2025",816,0
2024-01-02,Z3L8eLmPM_A,الحلقة 2 : الرسائل رجعات… ولكن💀,"Dec 25, 2025",816,0
2024-01-03,Z3L8eLmPM_A,الحلقة 2 : الرسائل رجعات… ولكن💀,"Dec 25, 2025",816,0
2024-01-04,Z3L8eLmPM_A,الحلقة 2 : الرسائل رجعات… ولكن💀,"Dec 25, 2025",816,0
2024-01-05,Z3L8eLmPM_A,الحلقة 2 : الرسائل رجعات… ولكن💀,"Dec 25, 2025",816,0
2024-01-06,Z3L8eLmPM_A,الحلقة 2 : الرسائل رجعات… ولكن💀,"Dec 25, 2025",816,0
2024-01-07,Z3L8eLmPM_A,الحلقة 2 : الرسائل رجعات… ولكن💀,"Dec 25, 2025",816,0
2024-01-08,Z3L8eLmPM_A,الحلقة 2 : الرسائل رجعات… ولكن💀,"Dec 25, 2025",816,0
2024-01-09,Z3L8eLmPM_A,الحلقة 2 : الرسائل رجعات… ولكن💀,"Dec 25, 2025",816,0
2024-01-10,Z3L8eLmPM_A,الحلقة 2 : الرسائل رجعات… ولكن💀,"Dec 25, 2025",816,0
2024-01-11,Z3L8eLmPM_A,الحلقة 2 : الرسائل رجعات… ولكن💀,"Dec 25, 2025",816,0
2024-01-12,Z3L8eLmPM_A,الحلقة 2 : الرسائل رجعات… ولكن💀,"Dec 25, 2025",816,0
2024-01-13,Z3L8eLmPM_A,الحلقة 2 : الرسائل رجعات… ولكن💀,"Dec 25, 2025",816,0
2024-01-14,Z3L8eLmPM_A,الحلقة 2 : الرسائل رجعات… ولكن💀,"Dec 25, 2025",816,0
2024-01-15,Z3L8eLmPM_A,الحلقة 2 : الرسائل رجعات… ولكن💀,"Dec 25, 2025",816,0
2024-01-16,Z3L8eLmPM_A,الحلقة 2 : الرسائل رجعات… ولكن💀,"Dec 25, 2025",816,0
2024-01-17,Z3L8eLmPM_A,الحلقة 2 : الرسائل رجعات… ولكن💀,"Dec 25, 2025",816,0
2024-01-18,Z3L8eLmPM_A,الحلقة 2 : الرسائل رجعات… ولكن💀,"Dec 25, 2025",816,0
2024-01-19,Z3L8eLmPM_A,الحلقة 2 : الرسائل رجعات… ولكن💀,"Dec 25, 2025",816,0
2024-01-20,Z3L8eLmPM_A,الحلقة 2 : الرسائل رجعات… ولكن💀,"Dec 25, 2025",816,0
2024-01-21,Z3L8eLmPM_A,الحلقة 2 : الرسائل رجعات… ولكن💀,"Dec 25, 2025",816,0
2024-01-22,Z3L8eLmPM_A,الحلقة 2 : الرسائل رجعات… ولكن💀,"Dec 25, 2025",816,0
2024-01-23,Z3L8eLmPM_A,الحلقة 2 : الرسائل رجعات… ولكن💀,"Dec 25, 2025",816,0
2024-01-24,Z3L8eLmPM_A,الحلقة 2 : الرسائل رجعات… ولكن💀,"Dec 25, 2025",816,0
2024-01-25,Z3L8eLmPM_A,الحلقة 2 : الرسائل رجعات… ولكن💀,"Dec 25, 2025",816,0
2024-01-26,Z3L8eLmPM_A,الحلقة 2 : الرسائل رجعات… ولكن💀,"Dec 25, 2025",816,0
2024-01-27,Z3L8eLmPM_A,الحلقة 2 : الرسائل رجعات… ولكن💀,"Dec 25, 2025",816,0
2024-01-28,Z3L8eLmPM_A,الحلقة 2 : الرسائل رجعات… ولكن💀,"Dec 25, 2025",816,0
2024-01-29,Z3L8eLmPM_A,الحلقة 2 : الرسائل رجعات… ولكن💀,"Dec 25, 2025",816,0
2024-01-30,Z3L8eLmPM_A,الحلقة 2 : الرسائل رجعات… ولكن💀,"Dec 25, 2025",816,0
2024-01-31,Z3L8eLmPM_A,الحلقة 2 : الرسائل رجعات… ولكن💀,"Dec 25, 2025",816,0
2024-02-01,Z3L8eLmPM_A,الحلقة 2 : الرسائل رجعات… ولكن💀,"Dec 25, 2025",816,0
2024-02-02,Z3L8eLmPM_A,الحلقة 2 : الرسائل رجعات… ولكن💀,"Dec 25, 2025",816,0
2024-02-03,Z3L8eLmPM_A,الحلقة 2 : الرسائل رجعات… ولكن💀,"Dec 25, 2025",816,0
2024-02-04,Z3L8eLmPM_A,الحلقة 2 : الرسائل رجعات… ولكن💀,"Dec 25, 2025",816,0
2024-02-05,Z3L8eLmPM_A,الحلقة 2 : الرسائل رجعات… ولكن💀,"Dec 25, 2025",816,0
2024-02-06,Z3L8eLmPM_A,الحلقة 2 : الرسائل رجعات… ولكن💀,"Dec 25, 2025",816,0
2024-02-07,Z3L8eLmPM_A,الحلقة 2 : الرسائل رجعات… ولكن💀,"Dec 25, 2025",816,0
2024-02-08,Z3L8eLmPM_A,الحلقة 2 : الرسائل رجعات… ولكن💀,"Dec 25, 2025",816,0
2024-02-09,Z3L8eLmPM_A,الحلقة 2 : الرسائل رجعات… ولكن💀,"Dec 25, 2025",816,0
2024-02-10,Z3L8eLmPM_A,الحلقة 2 : الرسائل رجعات… ولكن💀,"Dec 25, 2025",816,0
2024-02-11,Z3L8eLmPM_A,الحلقة 2 : الرسائل رجعات… ولكن💀,"Dec 25, 2025",816,0
2024-02-12,Z3L8eLmPM_A,الحلقة 2 : الرسائل رجعات… ولكن💀,"Dec 25, 2025",816,0
2024-02-13,Z3L8eLmPM_A,الحلقة 2 : الرسائل رجعات… ولكن💀,"Dec 25, 2025",816,0
2024-02-14,Z3L8eLmPM_A,الحلقة 2 : الرسائل رجعات… ولكن💀,"Dec 25, 2025",816,0
2024-02-15,Z3L8eLmPM_A,الحلقة 2 : الرسائل رجعات… ولكن💀,"Dec 25, 2025",816,0
2024-02-16,Z3L8eLmPM_A,الحلقة 2 : الرسائل رجعات… ولكن💀,"Dec 25, 2025",816,0
2024-02-17,Z3L8eLmPM_A,الحلقة 2 : الرسائل رجعات… ولكن💀,"Dec 25, 2025",816,0
2024-02-18,Z3L8eLmPM_A,الحلقة 2 : الرسائل رجعات… ولكن💀,"Dec 25, 2025",816,0
2024-02-19,Z3L8eLmPM_A,الحلقة 2 : الرسائل رجعات… ولكن💀,"Dec 25, 2025",816,0
2024-02-20,Z3L8eLmPM_A,الحلقة 2 : الرسائل رجعات… ولكن💀,"Dec 25, 2025",816,0
2024-02-21,Z3L8eLmPM_A,الحلقة 2 : الرسائل رجعات… ولكن💀,"Dec 25, 2025",816,0
2024-02-22,Z3L8eLmPM_A,الحلقة 2 : الرسائل رجعات… ولكن💀,"Dec 25, 2025",816,0
2024-02-23,Z3L8eLmPM_A,الحلقة 2 : الرسائل رجعات… ولكن💀,"Dec 25, 2025",816,0
2024-02-24,Z3L8eLmPM_A,الحلقة 2 : الرسائل رجعات… ولكن💀,"Dec 25, 2025",816,0
2024-02-25,Z3L8eLmPM_A,الحلقة 2 : الرسائل رجعات… ولكن💀,"Dec 25, 2025",816,0
2024-02-26,Z3L8eLmPM_A,الحلقة 2 : الرسائل رجعات… ولكن💀,"Dec 25, 2025",816,0
2024-02-27,Z3L8eLmPM_A,الحلقة 2 : الرسائل رجعات… ولكن💀,"Dec 25, 2025",816,0
2024-02-28,Z3L8eLmPM_A,الحلقة 2 : الرسائل رجعات… ولكن💀,"Dec 25, 2025",816,0
2024-02-29,Z3L8eLmPM_A,الحلقة 2 : الرسائل رجعات… ولكن💀,"Dec 25, 2025",816,0
2024-03-01,Z3L8eLmPM_A,الحلقة 2 : الرسائل رجعات… ولكن💀,"Dec 25, 2025",816,0
2024-03-02,Z3L8eLmPM_A,الحلقة 2 : الرسائل رجعات… ولكن💀,"Dec 25, 2025",816,0
2024-03-03,Z3L8eLmPM_A,الحلقة 2 : الرسائل رجعات… ولكن💀,"Dec 25, 2025",816,0
2024-03-04,Z3L8eLmPM_A,الحلقة 2 : الرسائل رجعات… ولكن💀,"Dec 25, 2025",816,0
2024-03-05,Z3L8eLmPM_A,الحلقة 2 : الرسائل رجعات… ولكن💀,"Dec 25, 2025",816,0
2024-03-06,Z3L8eLmPM_A,الحلقة 2 : الرسائل رجعات… ولكن💀,"Dec 25, 2025",816,0
2024-03-07,Z3L8eLmPM_A,الحلقة 2 : الرسائل رجعات… ولكن💀,"Dec 25, 2025",816,0
2024-03-08,Z3L8eLmPM_A,الحلقة 2 : الرسائل رجعات… ولكن💀,"Dec 25, 2025",816,0
2024-03-09,Z3L8eLmPM_A,الحلقة 2 : الرسائل رجعات… ولكن💀,"Dec 25, 2025",816,0
2024-03-10,Z3L8eLmPM_A,الحلقة 2 : الرسائل رجعات… ولكن💀,"Dec 25, 2025",816,0
2024-03-11,Z3L8eLmPM_A,الحلقة 2 : الرسائل رجعات… ولكن💀,"Dec 25, 2025",816,0
2024-03-12,Z3L8eLmPM_A,الحلقة 2 : الرسائل رجعات… ولكن💀,"Dec 25, 2025",816,0
2024-03-13,Z3L8eLmPM_A,الحلقة 2 : الرسائل رجعات… ولكن💀,"Dec 25, 2025",816,0
2024-03-14,Z3L8eLmPM_A,الحلقة 2 : الرسائل رجعات… ولكن💀,"Dec 25, 2025",816,0
2024-03-15,Z3L8eLmPM_A,الحلقة 2 : الرسائل رجعات… ولكن💀,"Dec 25, 2025",816,0
2024-03-16,Z3L8eLmPM_A,الحلقة 2 : الرسائل رجعات… ولكن💀,"Dec 25, 2025",816,0
2024-03-17,Z3L8eLmPM_A,الحلقة 2 : الرسائل رجعات… ولكن💀,"Dec 25, 2025",816,0
2024-03-18,Z3L8eLmPM_A,الحلقة 2 : الرسائل رجعات… ولكن💀,"Dec 25, 2025",816,0
2024-03-19,Z3L8eLmPM_A,الحلقة 2 : الرسائل رجعات… ولكن💀,"Dec 25, 2025",816,0
2024-03-20,Z3L8eLmPM_A,الحلقة 2 : الرسائل رجعات… ولكن💀,"Dec 25, 2025",816,0
2024-03-21,Z3L8eLmPM_A,الحلقة 2 : الرسائل رجعات… ولكن💀,"Dec 25, 2025",816,0
2024-03-22,Z3L8eLmPM_A,الحلقة 2 : الرسائل رجعات… ولكن💀,"Dec 25, 2025",816,0
2024-03-23,Z3L8eLmPM_A,الحلقة 2 : الرسائل رجعات… ولكن💀,"Dec 25, 2025",816,0
2024-03-24,Z3L8eLmPM_A,الحلقة 2 : الرسائل رجعات… ولكن💀,"Dec 25, 2025",816,0
2024-03-25,Z3L8eLmPM_A,الحلقة 2 : الرسائل رجعات… ولكن💀,"Dec 25, 2025",816,0
2024-03-26,Z3L8eLmPM_A,الحلقة 2 : الرسائل رجعات… ولكن💀,"Dec 25, 2025",816,0
2024-03-27,Z3L8eLmPM_A,الحلقة 2 : الرسائل رجعات… ولكن💀,"Dec 25, 2025",816,0
2024-03-28,Z3L8eLmPM_A,الحلقة 2 : الرسائل رجعات… ولكن💀,"Dec 25, 2025",816,0
2024-03-29,Z3L8eLmPM_A,الحلقة 2 : الرسائل رجعات… ولكن💀,"Dec 25, 2025",816,0
2024-03-30,Z3L8eLmPM_A,الحلقة 2 : الرسائل رجعات… ولكن💀,"Dec 25, 2025",816,0
2024-03-31,Z3L8eLmPM_A,الحلقة 2 : الرسائل رجعات… ولكن💀,"Dec 25, 2025",816,0
2024-04-01,Z3L8eLmPM_A,الحلقة 2 : الرسائل رجعات… ولكن💀,"Dec 25, 2025",816,0
2024-04-02,Z3L8eLmPM_A,الحلقة 2 : الرسائل رجعات… ولكن💀,"Dec 25, 2025",816,0
2024-04-03,Z3L8eLmPM_A,الحلقة 2 : الرسائل رجعات… ولكن💀,"Dec 25, 2025",816,0
2024-04-04,Z3L8eLmPM_A,الحلقة 2 : الرسائل رجعات… ولكن💀,"Dec 25, 2025",816,0
2024-04-05,Z3L8eLmPM_A,الحلقة 2 : الرسائل رجعات… ولكن💀,"Dec 25, 2025",816,0
2024-04-06,Z3L8eLmPM_A,الحلقة 2 : الرسائل رجعات… ولكن💀,"Dec 25, 2025",816,0
2024-04-07,Z3L8eLmPM_A,الحلقة 2 : الرسائل رجعات… ولكن💀,"Dec 25, 2025",816,0
2024-04-08,Z3L8eLmPM_A,الحلقة 2 : الرسائل رجعات… ولكن💀,"Dec 25, 2025",816,0
2024-04-09,Z3L8eLmPM_A,الحلقة 2 : الرسائل رجعات… ولكن💀,"Dec 25, 2025",816,0
2024-04-10,Z3L8eLmPM_A,الحلقة 2 : الرسائل رجعات… ولكن💀,"Dec 25, 2025",816,0
2024-04-11,Z3L8eLmPM_A,الحلقة 2 : الرسائل رجعات… ولكن💀,"Dec 25, 2025",816,0
2024-04-12,Z3L8eLmPM_A,الحلقة 2 : الرسائل رجعات… ولكن💀,"Dec 25, 2025",816,0
2024-04-13,Z3L8eLmPM_A,الحلقة 2 : الرسائل رجعات… ولكن💀,"Dec 25, 2025",816,0
2024-04-14,Z3L8eLmPM_A,الحلقة 2 : الرسائل رجعات… ولكن💀,"Dec 25, 2025",816,0
2024-04-15,Z3L8eLmPM_A,الحلقة 2 : الرسائل رجعات… ولكن💀,"Dec 25, 2025",816,0
2024-04-16,Z3L8eLmPM_A,الحلقة 2 : الرسائل رجعات… ولكن💀,"Dec 25, 2025",816,0
2024-04-17,Z3L8eLmPM_A,الحلقة 2 : الرسائل رجعات… ولكن💀,"Dec 25, 2025",816,0
2024-04-18,Z3L8eLmPM_A,الحلقة 2 : الرسائل رجعات… ولكن💀,"Dec 25, 2025",816,0
2024-04-19,Z3L8eLmPM_A,الحلقة 2 : الرسائل رجعات… ولكن💀,"Dec 25, 2025",816,0
2024-04-20,Z3L8eLmPM_A,الحلقة 2 : الرسائل رجعات… ولكن💀,"Dec 25, 2025",816,0
2024-04-21,Z3L8eLmPM_A,الحلقة 2 : الرسائل رجعات… ولكن💀,"Dec 25, 2025",816,0
2024-04-22,Z3L8eLmPM_A,الحلقة 2 : الرسائل رجعات… ولكن💀,"Dec 25, 2025",816,0
2024-04-23,Z3L8eLmPM_A,الحلقة 2 : الرسائل رجعات… ولكن💀,"Dec 25, 2025",816,0
2024-04-24,Z3L8eLmPM_A,الحلقة 2 : الرسائل رجعات… ولكن💀,"Dec 25, 2025",816,0
2024-04-25,Z3L8eLmPM_A,الحلقة 2 : الرسائل رجعات… ولكن💀,"Dec 25, 2025",816,0
2024-04-26,Z3L8eLmPM_A,الحلقة 2 : الرسائل رجعات… ولكن💀,"Dec 25, 2025",816,0
2024-04-27,Z3L8eLmPM_A,الحلقة 2 : الرسائل رجعات… ولكن💀,"Dec 25, 2025",816,0
2024-04-28,Z3L8eLmPM_A,الحلقة 2 : الرسائل رجعات… ولكن💀,"Dec 25, 2025",816,0
2024-04-29,Z3L8eLmPM_A,الحلقة 2 : الرسائل رجعات… ولكن💀,"Dec 25, 2025",816,0
2024-04-30,Z3L8eLmPM_A,الحلقة 2 : الرسائل رجعات… ولكن💀,"Dec 25, 2025",816,0
2024-05-01,Z3L8eLmPM_A,الحلقة 2 : الرسائل رجعات… ولكن💀,"Dec 25, 2025",816,0
2024-05-02,Z3L8eLmPM_A,الحلقة 2 : الرسائل رجعات… ولكن💀,"Dec 25, 2025",816,0
2024-05-03,Z3L8eLmPM_A,الحلقة 2 : الرسائل رجعات… ولكن💀,"Dec 25, 2025",816,0
2024-05-04,Z3L8eLmPM_A,الحلقة 2 : الرسائل رجعات… ولكن💀,"Dec 25, 2025",816,0
2024-05-05,Z3L8eLmPM_A,الحلقة 2 : الرسائل رجعات… ولكن💀,"Dec 25, 2025",816,0
2024-05-06,Z3L8eLmPM_A,الحلقة 2 : الرسائل رجعات… ولكن💀,"Dec 25, 2025",816,0
2024-05-07,Z3L8eLmPM_A,الحلقة 2 : الرسائل رجعات… ولكن💀,"Dec 25, 2025",816,0
2024-05-08,Z3L8eLmPM_A,الحلقة 2 : الرسائل رجعات… ولكن💀,"Dec 25, 2025",816,0
2024-05-09,Z3L8eLmPM_A,الحلقة 2 : الرسائل رجعات… ولكن💀,"Dec 25, 2025",816,0
2024-05-10,Z3L8eLmPM_A,الحلقة 2 : الرسائل رجعات… ولكن💀,"Dec 25, 2025",816,0
2024-05-11,Z3L8eLmPM_A,الحلقة 2 : الرسائل رجعات… ولكن💀,"Dec 25, 2025",816,0
2024-05-12,Z3L8eLmPM_A,الحلقة 2 : الرسائل رجعات… ولكن💀,"Dec 25, 2025",816,0
2024-05-13,Z3L8eLmPM_A,الحلقة 2 : الرسائل رجعات… ولكن💀,"Dec 25, 2025",816,0
2024-05-14,Z3L8eLmPM_A,الحلقة 2 : الرسائل رجعات… ولكن💀,"Dec 25, 2025",816,0
2024-05-15,Z3L8eLmPM_A,الحلقة 2 : الرسائل رجعات… ولكن💀,"Dec 25, 2025",816,0
2024-05-16,Z3L8eLmPM_A,الحلقة 2 : الرسائل رجعات… ولكن💀,"Dec 25, 2025",816,0
2024-05-17,Z3L8eLmPM_A,الحلقة 2 : الرسائل رجعات… ولكن💀,"Dec 25, 2025",816,0
2024-05-18,Z3L8eLmPM_A,الحلقة 2 : الرسائل رجعات… ولكن💀,"Dec 25, 2025",816,0
2024-05-19,Z3L8eLmPM_A,الحلقة 2 : الرسائل رجعات… ولكن💀,"Dec 25, 2025",816,0
2024-05-20,Z3L8eLmPM_A,الحلقة 2 : الرسائل رجعات… ولكن💀,"Dec 25, 2025",816,0
2024-05-21,Z3L8eLmPM_A,الحلقة 2 : الرسائل رجعات… ولكن💀,"Dec 25, 2025",816,0
2024-05-22,Z3L8eLmPM_A,الحلقة 2 : الرسائل رجعات… ولكن💀,"Dec 25, 2025",816,0
2024-05-23,Z3L8eLmPM_A,الحلقة 2 : الرسائل رجعات… ولكن💀,"Dec 25, 2025",816,0
2024-05-24,Z3L8eLmPM_A,الحلقة 2 : الرسائل رجعات… ولكن💀,"Dec 25, 2025",816,0
2024-05-25,Z3L8eLmPM_A,الحلقة 2 : الرسائل رجعات… ولكن💀,"Dec 25, 2025",816,0
2024-05-26,Z3L8eLmPM_A,الحلقة 2 : الرسائل رجعات… ولكن💀,"Dec 25, 2025",816,0
2024-05-27,Z3L8eLmPM_A,الحلقة 2 : الرسائل رجعات… ولكن💀,"Dec 25, 2025",816,0
2024-05-28,Z3L8eLmPM_A,الحلقة 2 : الرسائل رجعات… ولكن💀,"Dec 25, 2025",816,0
2024-05-29,Z3L8eLmPM_A,الحلقة 2 : الرسائل رجعات… ولكن💀,"Dec 25, 2025",816,0
2024-05-30,Z3L8eLmPM_A,الحلقة 2 : الرسائل رجعات… ولكن💀,"Dec 25, 2025",816,0
2024-05-31,Z3L8eLmPM_A,الحلقة 2 : الرسائل رجعات… ولكن💀,"Dec 25, 2025",816,0
2024-06-01,Z3L8eLmPM_A,الحلقة 2 : الرسائل رجعات… ولكن💀,"Dec 25, 2025",816,0
2024-06-02,Z3L8eLmPM_A,الحلقة 2 : الرسائل رجعات… ولكن💀,"Dec 25, 2025",816,0
2024-06-03,Z3L8eLmPM_A,الحلقة 2 : الرسائل رجعات… ولكن💀,"Dec 25, 2025",816,0
2024-06-04,Z3L8eLmPM_A,الحلقة 2 : الرسائل رجعات… ولكن💀,"Dec 25, 2025",816,0
2024-06-05,Z3L8eLmPM_A,الحلقة 2 : الرسائل رجعات… ولكن💀,"Dec 25, 2025",816,0
2024-06-06,Z3L8eLmPM_A,الحلقة 2 : الرسائل رجعات… ولكن💀,"Dec 25, 2025",816,0
2024-06-07,Z3L8eLmPM_A,الحلقة 2 : الرسائل رجعات… ولكن💀,"Dec 25, 2025",816,0
2024-06-08,Z3L8eLmPM_A,الحلقة 2 : الرسائل رجعات… ولكن💀,"Dec 25, 2025",816,0
2024-06-09,Z3L8eLmPM_A,الحلقة 2 : الرسائل رجعات… ولكن💀,"Dec 25, 2025",816,0
2024-06-10,Z3L8eLmPM_A,الحلقة 2 : الرسائل رجعات… ولكن💀,"Dec 25, 2025",816,0
2024-06-11,Z3L8eLmPM_A,الحلقة 2 : الرسائل رجعات… ولكن💀,"Dec 25, 2025",816,0
2024-06-12,Z3L8eLmPM_A,الحلقة 2 : الرسائل رجعات… ولكن💀,"Dec 25, 2025",816,0
2024-06-13,Z3L8eLmPM_A,الحلقة 2 : الرسائل رجعات… ولكن💀,"Dec 25, 2025",816,0
2024-06-14,Z3L8eLmPM_A,الحلقة 2 : الرسائل رجعات… ولكن💀,"Dec 25, 2025",816,0
2024-06-15,Z3L8eLmPM_A,الحلقة 2 : الرسائل رجعات… ولكن💀,"Dec 25, 2025",816,0
2024-06-16,Z3L8eLmPM_A,الحلقة 2 : الرسائل رجعات… ولكن💀,"Dec 25, 2025",816,0
2024-06-17,Z3L8eLmPM_A,الحلقة 2 : الرسائل رجعات… ولكن💀,"Dec 25, 2025",816,0
2024-06-18,Z3L8eLmPM_A,الحلقة 2 : الرسائل رجعات… ولكن💀,"Dec 25, 2025",816,0
2024-06-19,Z3L8eLmPM_A,الحلقة 2 : الرسائل رجعات… ولكن💀,"Dec 25, 2025",816,0
2024-06-20,Z3L8eLmPM_A,الحلقة 2 : الرسائل رجعات… ولكن💀,"Dec 25, 2025",816,0
2024-06-21,Z3L8eLmPM_A,الحلقة 2 : الرسائل رجعات… ولكن💀,"Dec 25, 2025",816,0
2024-06-22,Z3L8eLmPM_A,الحلقة 2 : الرسائل رجعات… ولكن💀,"Dec 25, 2025",816,0
2024-06-23,Z3L8eLmPM_A,الحلقة 2 : الرسائل رجعات… ولكن💀,"Dec 25, 2025",816,0
2024-06-24,Z3L8eLmPM_A,الحلقة 2 : الرسائل رجعات… ولكن💀,"Dec 25, 2025",816,0
2024-06-25,Z3L8eLmPM_A,الحلقة 2 : الرسائل رجعات… ولكن💀,"Dec 25, 2025",816,0
2024-06-26,Z3L8eLmPM_A,الحلقة 2 : الرسائل رجعات… ولكن💀,"Dec 25, 2025",816,0
2024-06-27,Z3L8eLmPM_A,الحلقة 2 : الرسائل رجعات… ولكن💀,"Dec 25, 2025",816,0
2024-06-28,Z3L8eLmPM_A,الحلقة 2 : الرسائل رجعات… ولكن💀,"Dec 25, 2025",816,0
2024-06-29,Z3L8eLmPM_A,الحلقة 2 : الرسائل رجعات… ولكن💀,"Dec 25, 2025",816,0
2024-06-30,Z3L8eLmPM_A,الحلقة 2 : الرسائل رجعات… ولكن💀,"Dec 25, 2025",816,0
2024-07-01,Z3L8eLmPM_A,الحلقة 2 : الرسائل رجعات… ولكن💀,"Dec 25, 2025",816,0
2024-07-02,Z3L8eLmPM_A,الحلقة 2 : الرسائل رجعات… ولكن💀,"Dec 25, 2025",816,0
2024-07-03,Z3L8eLmPM_A,الحلقة 2 : الرسائل رجعات… ولكن💀,"Dec 25, 2025",816,0
2024-07-04,Z3L8eLmPM_A,الحلقة 2 : الرسائل رجعات… ولكن💀,"Dec 25, 2025",816,0
2024-07-05,Z3L8eLmPM_A,الحلقة 2 : الرسائل رجعات… ولكن💀,"Dec 25, 2025",816,0
2024-07-06,Z3L8eLmPM_A,الحلقة 2 : الرسائل رجعات… ولكن💀,"Dec 25, 2025",816,0
2024-07-07,Z3L8eLmPM_A,الحلقة 2 : الرسائل رجعات… ولكن💀,"Dec 25, 2025",816,0
2024-07-08,Z3L8eLmPM_A,الحلقة 2 : الرسائل رجعات… ولكن💀,"Dec 25, 2025",816,0
2024-07-09,Z3L8eLmPM_A,الحلقة 2 : الرسائل رجعات… ولكن💀,"Dec 25, 2025",816,0
2024-07-10,Z3L8eLmPM_A,الحلقة 2 : الرسائل رجعات… ولكن💀,"Dec 25, 2025",816,0
2024-07-11,Z3L8eLmPM_A,الحلقة 2 : الرسائل رجعات… ولكن💀,"Dec 25, 2025",816,0
2024-07-12,Z3L8eLmPM_A,الحلقة 2 : الرسائل رجعات… ولكن💀,"Dec 25, 2025",816,0
2024-07-13,Z3L8eLmPM_A,الحلقة 2 : الرسائل رجعات… ولكن💀,"Dec 25, 2025",816,0
2024-07-14,Z3L8eLmPM_A,الحلقة 2 : الرسائل رجعات… ولكن💀,"Dec 25, 2025",816,0
2024-07-15,Z3L8eLmPM_A,الحلقة 2 : الرسائل رجعات… ولكن💀,"Dec 25, 2025",816,0
2024-07-16,Z3L8eLmPM_A,الحلقة 2 : الرسائل رجعات… ولكن💀,"Dec 25, 2025",816,0
2024-07-17,Z3L8eLmPM_A,الحلقة 2 : الرسائل رجعات… ولكن💀,"Dec 25, 2025",816,0
2024-07-18,Z3L8eLmPM_A,الحلقة 2 : الرسائل رجعات… ولكن💀,"Dec 25, 2025",816,0
2024-07-19,Z3L8eLmPM_A,الحلقة 2 : الرسائل رجعات… ولكن💀,"Dec 25, 2025",816,0
2024-07-20,Z3L8eLmPM_A,الحلقة 2 : الرسائل رجعات… ولكن💀,"Dec 25, 2025",816,0
2024-07-21,Z3L8eLmPM_A,الحلقة 2 : الرسائل رجعات… ولكن💀,"Dec 25, 2025",816,0
2024-07-22,Z3L8eLmPM_A,الحلقة 2 : الرسائل رجعات… ولكن💀,"Dec 25, 2025",816,0
2024-07-23,Z3L8eLmPM_A,الحلقة 2 : الرسائل رجعات… ولكن💀,"Dec 25, 2025",816,0
2024-07-24,Z3L8eLmPM_A,الحلقة 2 : الرسائل رجعات… ولكن💀,"Dec 25, 2025",816,0
2024-07-25,Z3L8eLmPM_A,الحلقة 2 : الرسائل رجعات… ولكن💀,"Dec 25, 2025",816,0
2024-07-26,Z3L8eLmPM_A,الحلقة 2 : الرسائل رجعات… ولكن💀,"Dec 25, 2025",816,0
2024-07-27,Z3L8eLmPM_A,الحلقة 2 : الرسائل رجعات… ولكن💀,"Dec 25, 2025",816,0
2024-07-28,Z3L8eLmPM_A,الحلقة 2 : الرسائل رجعات… ولكن💀,"Dec 25, 2025",816,0
2024-07-29,Z3L8eLmPM_A,الحلقة 2 : الرسائل رجعات… ولكن💀,"Dec 25, 2025",816,0
2024-07-30,Z3L8eLmPM_A,الحلقة 2 : الرسائل رجعات… ولكن💀,"Dec 25, 2025",816,0
2024-07-31,Z3L8eLmPM_A,الحلقة 2 : الرسائل رجعات… ولكن💀,"Dec 25, 2025",816,0
2024-08-01,Z3L8eLmPM_A,الحلقة 2 : الرسائل رجعات… ولكن💀,"Dec 25, 2025",816,0
2024-08-02,Z3L8eLmPM_A,الحلقة 2 : الرسائل رجعات… ولكن💀,"Dec 25, 2025",816,0
2024-08-03,Z3L8eLmPM_A,الحلقة 2 : الرسائل رجعات… ولكن💀,"Dec 25, 2025",816,0
2024-08-04,Z3L8eLmPM_A,الحلقة 2 : الرسائل رجعات… ولكن💀,"Dec 25, 2025",816,0
2024-08-05,Z3L8eLmPM_A,الحلقة 2 : الرسائل رجعات… ولكن💀,"Dec 25, 2025",816,0
2024-08-06,Z3L8eLmPM_A,الحلقة 2 : الرسائل رجعات… ولكن💀,"Dec 25, 2025",816,0
2024-08-07,Z3L8eLmPM_A,الحلقة 2 : الرسائل رجعات… ولكن💀,"Dec 25, 2025",816,0
2024-08-08,Z3L8eLmPM_A,الحلقة 2 : الرسائل رجعات… ولكن💀,"Dec 25, 2025",816,0
2024-08-09,Z3L8eLmPM_A,الحلقة 2 : الرسائل رجعات… ولكن💀,"Dec 25, 2025",816,0
2024-08-10,Z3L8eLmPM_A,الحلقة 2 : الرسائل رجعات… ولكن💀,"Dec 25, 2025",816,0
2024-08-11,Z3L8eLmPM_A,الحلقة 2 : الرسائل رجعات… ولكن💀,"Dec 25, 2025",816,0
2024-08-12,Z3L8eLmPM_A,الحلقة 2 : الرسائل رجعات… ولكن💀,"Dec 25, 2025",816,0
2024-08-13,Z3L8eLmPM_A,الحلقة 2 : الرسائل رجعات… ولكن💀,"Dec 25, 2025",816,0
2024-08-14,Z3L8eLmPM_A,الحلقة 2 : الرسائل رجعات… ولكن💀,"Dec 25, 2025",816,0
2024-08-15,Z3L8eLmPM_A,الحلقة 2 : الرسائل رجعات… ولكن💀,"Dec 25, 2025",816,0
2024-08-16,Z3L8eLmPM_A,الحلقة 2 : الرسائل رجعات… ولكن💀,"Dec 25, 2025",816,0
2024-08-17,Z3L8eLmPM_A,الحلقة 2 : الرسائل رجعات… ولكن💀,"Dec 25, 2025",816,0
2024-08-18,Z3L8eLmPM_A,الحلقة 2 : الرسائل رجعات… ولكن💀,"Dec 25, 2025",816,0
2024-08-19,Z3L8eLmPM_A,الحلقة 2 : الرسائل رجعات… ولكن💀,"Dec 25, 2025",816,0
2024-08-20,Z3L8eLmPM_A,الحلقة 2 : الرسائل رجعات… ولكن💀,"Dec 25, 2025",816,0
2024-08-21,Z3L8eLmPM_A,الحلقة 2 : الرسائل رجعات… ولكن💀,"Dec 25, 2025",816,0
2024-08-22,Z3L8eLmPM_A,الحلقة 2 : الرسائل رجعات… ولكن💀,"Dec 25, 2025",816,0
2024-08-23,Z3L8eLmPM_A,الحلقة 2 : الرسائل رجعات… ولكن💀,"Dec 25, 2025",816,0
2024-08-24,Z3L8eLmPM_A,الحلقة 2 : الرسائل رجعات… ولكن💀,"Dec 25, 2025",816,0
2024-08-25,Z3L8eLmPM_A,الحلقة 2 : الرسائل رجعات… ولكن💀,"Dec 25, 2025",816,0
2024-08-26,Z3L8eLmPM_A,الحلقة 2 : الرسائل رجعات… ولكن💀,"Dec 25, 2025",816,0
2024-08-27,Z3L8eLmPM_A,الحلقة 2 : الرسائل رجعات… ولكن💀,"Dec 25, 2025",816,0
2024-08-28,Z3L8eLmPM_A,الحلقة 2 : الرسائل رجعات… ولكن💀,"Dec 25, 2025",816,0
2024-08-29,Z3L8eLmPM_A,الحلقة 2 : الرسائل رجعات… ولكن💀,"Dec 25, 2025",816,0
2024-08-30,Z3L8eLmPM_A,الحلقة 2 : الرسائل رجعات… ولكن💀,"Dec 25, 2025",816,0
2024-08-31,Z3L8eLmPM_A,الحلقة 2 : الرسائل رجعات… ولكن💀,"Dec 25, 2025",816,0
2024-09-01,Z3L8eLmPM_A,الحلقة 2 : الرسائل رجعات… ولكن💀,"Dec 25, 2025",816,0
2024-09-02,Z3L8eLmPM_A,الحلقة 2 : الرسائل رجعات… ولكن💀,"Dec 25, 2025",816,0
2024-09-03,Z3L8eLmPM_A,الحلقة 2 : الرسائل رجعات… ولكن💀,"Dec 25, 2025",816,0
2024-09-04,Z3L8eLmPM_A,الحلقة 2 : الرسائل رجعات… ولكن💀,"Dec 25, 2025",816,0
2024-09-05,Z3L8eLmPM_A,الحلقة 2 : الرسائل رجعات… ولكن💀,"Dec 25, 2025",816,0
2024-09-06,Z3L8eLmPM_A,الحلقة 2 : الرسائل رجعات… ولكن💀,"Dec 25, 2025",816,0
2024-09-07,Z3L8eLmPM_A,الحلقة 2 : الرسائل رجعات… ولكن💀,"Dec 25, 2025",816,0
2024-09-08,Z3L8eLmPM_A,الحلقة 2 : الرسائل رجعات… ولكن💀,"Dec 25, 2025",816,0
2024-09-09,Z3L8eLmPM_A,الحلقة 2 : الرسائل رجعات… ولكن💀,"Dec 25, 2025",816,0
2024-09-10,Z3L8eLmPM_A,الحلقة 2 : الرسائل رجعات… ولكن💀,"Dec 25, 2025",816,0
2024-09-11,Z3L8eLmPM_A,الحلقة 2 : الرسائل رجعات… ولكن💀,"Dec 25, 2025",816,0
2024-09-12,Z3L8eLmPM_A,الحلقة 2 : الرسائل رجعات… ولكن💀,"Dec 25, 2025",816,0
2024-09-13,Z3L8eLmPM_A,الحلقة 2 : الرسائل رجعات… ولكن💀,"Dec 25, 2025",816,0
2024-09-14,Z3L8eLmPM_A,الحلقة 2 : الرسائل رجعات… ولكن💀,"Dec 25, 2025",816,0
2024-09-15,Z3L8eLmPM_A,الحلقة 2 : الرسائل رجعات… ولكن💀,"Dec 25, 2025",816,0
2024-09-16,Z3L8eLmPM_A,الحلقة 2 : الرسائل رجعات… ولكن💀,"Dec 25, 2025",816,0
2024-09-17,Z3L8eLmPM_A,الحلقة 2 : الرسائل رجعات… ولكن💀,"Dec 25, 2025",816,0
2024-09-18,Z3L8eLmPM_A,الحلقة 2 : الرسائل رجعات… ولكن💀,"Dec 25, 2025",816,0
2024-09-19,Z3L8eLmPM_A,الحلقة 2 : الرسائل رجعات… ولكن💀,"Dec 25, 2025",816,0
2024-09-20,Z3L8eLmPM_A,الحلقة 2 : الرسائل رجعات… ولكن💀,"Dec 25, 2025",816,0
2024-09-21,Z3L8eLmPM_A,الحلقة 2 : الرسائل رجعات… ولكن💀,"Dec 25, 2025",816,0
2024-09-22,Z3L8eLmPM_A,الحلقة 2 : الرسائل رجعات… ولكن💀,"Dec 25, 2025",816,0
2024-09-23,Z3L8eLmPM_A,الحلقة 2 : الرسائل رجعات… ولكن💀,"Dec 25, 2025",816,0
2024-09-24,Z3L8eLmPM_A,الحلقة 2 : الرسائل رجعات… ولكن💀,"Dec 25, 2025",816,0
2024-09-25,Z3L8eLmPM_A,الحلقة 2 : الرسائل رجعات… ولكن💀,"Dec 25, 2025",816,0
2024-09-26,Z3L8eLmPM_A,الحلقة 2 : الرسائل رجعات… ولكن💀,"Dec 25, 2025",816,0
2024-09-27,Z3L8eLmPM_A,الحلقة 2 : الرسائل رجعات… ولكن💀,"Dec 25, 2025",816,0
2024-09-28,Z3L8eLmPM_A,الحلقة 2 : الرسائل رجعات… ولكن💀,"Dec 25, 2025",816,0
2024-09-29,Z3L8eLmPM_A,الحلقة 2 : الرسائل رجعات… ولكن💀,"Dec 25, 2025",816,0
2024-09-30,Z3L8eLmPM_A,الحلقة 2 : الرسائل رجعات… ولكن💀,"Dec 25, 2025",816,0
2024-10-01,Z3L8eLmPM_A,الحلقة 2 : الرسائل رجعات… ولكن💀,"Dec 25, 2025",816,0
2024-10-02,Z3L8eLmPM_A,الحلقة 2 : الرسائل رجعات… ولكن💀,"Dec 25, 2025",816,0
2024-10-03,Z3L8eLmPM_A,الحلقة 2 : الرسائل رجعات… ولكن💀,"Dec 25, 2025",816,0
2024-10-04,Z3L8eLmPM_A,الحلقة 2 : الرسائل رجعات… ولكن💀,"Dec 25, 2025",816,0
2024-10-05,Z3L8eLmPM_A,الحلقة 2 : الرسائل رجعات… ولكن💀,"Dec 25, 2025",816,0
2024-10-06,Z3L8eLmPM_A,الحلقة 2 : الرسائل رجعات… ولكن💀,"Dec 25, 2025",816,0
2024-10-07,Z3L8eLmPM_A,الحلقة 2 : الرسائل رجعات… ولكن💀,"Dec 25, 2025",816,0
2024-10-08,Z3L8eLmPM_A,الحلقة 2 : الرسائل رجعات… ولكن💀,"Dec 25, 2025",816,0
2024-10-09,Z3L8eLmPM_A,الحلقة 2 : الرسائل رجعات… ولكن💀,"Dec 25, 2025",816,0
2024-10-10,Z3L8eLmPM_A,الحلقة 2 : الرسائل رجعات… ولكن💀,"Dec 25, 2025",816,0
2024-10-11,Z3L8eLmPM_A,الحلقة 2 : الرسائل رجعات… ولكن💀,"Dec 25, 2025",816,0
2024-10-12,Z3L8eLmPM_A,الحلقة 2 : الرسائل رجعات… ولكن💀,"Dec 25, 2025",816,0
2024-10-13,Z3L8eLmPM_A,الحلقة 2 : الرسائل رجعات… ولكن💀,"Dec 25, 2025",816,0
2024-10-14,Z3L8eLmPM_A,الحلقة 2 : الرسائل رجعات… ولكن💀,"Dec 25, 2025",816,0
2024-10-15,Z3L8eLmPM_A,الحلقة 2 : الرسائل رجعات… ولكن💀,"Dec 25, 2025",816,0
2024-10-16,Z3L8eLmPM_A,الحلقة 2 : الرسائل رجعات… ولكن💀,"Dec 25, 2025",816,0
2024-10-17,Z3L8eLmPM_A,الحلقة 2 : الرسائل رجعات… ولكن💀,"Dec 25, 2025",816,0
2024-10-18,Z3L8eLmPM_A,الحلقة 2 : الرسائل رجعات… ولكن💀,"Dec 25, 2025",816,0
2024-10-19,Z3L8eLmPM_A,الحلقة 2 : الرسائل رجعات… ولكن💀,"Dec 25, 2025",816,0
2024-10-20,Z3L8eLmPM_A,الحلقة 2 : الرسائل رجعات… ولكن💀,"Dec 25, 2025",816,0
2024-10-21,Z3L8eLmPM_A,الحلقة 2 : الرسائل رجعات… ولكن💀,"Dec 25, 2025",816,0
2024-10-22,Z3L8eLmPM_A,الحلقة 2 : الرسائل رجعات… ولكن💀,"Dec 25, 2025",816,0
2024-10-23,Z3L8eLmPM_A,الحلقة 2 : الرسائل رجعات… ولكن💀,"Dec 25, 2025",816,0
2024-10-24,Z3L8eLmPM_A,الحلقة 2 : الرسائل رجعات… ولكن💀,"Dec 25, 2025",816,0
2024-10-25,Z3L8eLmPM_A,الحلقة 2 : الرسائل رجعات… ولكن💀,"Dec 25, 2025",816,0
2024-10-26,Z3L8eLmPM_A,الحلقة 2 : الرسائل رجعات… ولكن💀,"Dec 25, 2025",816,0
2024-10-27,Z3L8eLmPM_A,الحلقة 2 : الرسائل رجعات… ولكن💀,"Dec 25, 2025",816,0
2024-10-28,Z3L8eLmPM_A,الحلقة 2 : الرسائل رجعات… ولكن💀,"Dec 25, 2025",816,0
2024-10-29,Z3L8eLmPM_A,الحلقة 2 : الرسائل رجعات… ولكن💀,"Dec 25, 2025",816,0
2024-10-30,Z3L8eLmPM_A,الحلقة 2 : الرسائل رجعات… ولكن💀,"Dec 25, 2025",816,0
2024-10-31,Z3L8eLmPM_A,الحلقة 2 : الرسائل رجعات… ولكن💀,"Dec 25, 2025",816,0
2024-11-01,Z3L8eLmPM_A,الحلقة 2 : الرسائل رجعات… ولكن💀,"Dec 25, 2025",816,0
2024-11-02,Z3L8eLmPM_A,الحلقة 2 : الرسائل رجعات… ولكن💀,"Dec 25, 2025",816,0
2024-11-03,Z3L8eLmPM_A,الحلقة 2 : الرسائل رجعات… ولكن💀,"Dec 25, 2025",816,0
2024-11-04,Z3L8eLmPM_A,الحلقة 2 : الرسائل رجعات… ولكن💀,"Dec 25, 2025",816,0
2024-11-05,Z3L8eLmPM_A,الحلقة 2 : الرسائل رجعات… ولكن💀,"Dec 25, 2025",816,0
2024-11-06,Z3L8eLmPM_A,الحلقة 2 : الرسائل رجعات… ولكن💀,"Dec 25, 2025",816,0
2024-11-07,Z3L8eLmPM_A,الحلقة 2 : الرسائل رجعات… ولكن💀,"Dec 25, 2025",816,0
2024-11-08,Z3L8eLmPM_A,الحلقة 2 : الرسائل رجعات… ولكن💀,"Dec 25, 2025",816,0
2024-11-09,Z3L8eLmPM_A,الحلقة 2 : الرسائل رجعات… ولكن💀,"Dec 25, 2025",816,0
2024-11-10,Z3L8eLmPM_A,الحلقة 2 : الرسائل رجعات… ولكن💀,"Dec 25, 2025",816,0
2024-11-11,Z3L8eLmPM_A,الحلقة 2 : الرسائل رجعات… ولكن💀,"Dec 25, 2025",816,0
2024-11-12,Z3L8eLmPM_A,الحلقة 2 : الرسائل رجعات… ولكن💀,"Dec 25, 2025",816,0
2024-11-13,Z3L8eLmPM_A,الحلقة 2 : الرسائل رجعات… ولكن💀,"Dec 25, 2025",816,0
2024-11-14,Z3L8eLmPM_A,الحلقة 2 : الرسائل رجعات… ولكن💀,"Dec 25, 2025",816,0
2024-11-15,Z3L8eLmPM_A,الحلقة 2 : الرسائل رجعات… ولكن💀,"Dec 25, 2025",816,0
2024-11-16,Z3L8eLmPM_A,الحلقة 2 : الرسائل رجعات… ولكن💀,"Dec 25, 2025",816,0
2024-11-17,Z3L8eLmPM_A,الحلقة 2 : الرسائل رجعات… ولكن💀,"Dec 25, 2025",816,0
2024-11-18,Z3L8eLmPM_A,الحلقة 2 : الرسائل رجعات… ولكن💀,"Dec 25, 2025",816,0
2024-11-19,Z3L8eLmPM_A,الحلقة 2 : الرسائل رجعات… ولكن💀,"Dec 25, 2025",816,0
2024-11-20,Z3L8eLmPM_A,الحلقة 2 : الرسائل رجعات… ولكن💀,"Dec 25, 2025",816,0
2024-11-21,Z3L8eLmPM_A,الحلقة 2 : الرسائل رجعات… ولكن💀,"Dec 25, 2025",816,0
2024-11-22,Z3L8eLmPM_A,الحلقة 2 : الرسائل رجعات… ولكن💀,"Dec 25, 2025",816,0
2024-11-23,Z3L8eLmPM_A,الحلقة 2 : الرسائل رجعات… ولكن💀,"Dec 25, 2025",816,0
2024-11-24,Z3L8eLmPM_A,الحلقة 2 : الرسائل رجعات… ولكن💀,"Dec 25, 2025",816,0
2024-11-25,Z3L8eLmPM_A,الحلقة 2 : الرسائل رجعات… ولكن💀,"Dec 25, 2025",816,0
2024-11-26,Z3L8eLmPM_A,الحلقة 2 : الرسائل رجعات… ولكن💀,"Dec 25, 2025",816,0
2024-11-27,Z3L8eLmPM_A,الحلقة 2 : الرسائل رجعات… ولكن💀,"Dec 25, 2025",816,0
2024-11-28,Z3L8eLmPM_A,الحلقة 2 : الرسائل رجعات… ولكن💀,"Dec 25, 2025",816,0
2024-11-29,Z3L8eLmPM_A,الحلقة 2 : الرسائل رجعات… ولكن💀,"Dec 25, 2025",816,0
2024-11-30,Z3L8eLmPM_A,الحلقة 2 : الرسائل رجعات… ولكن💀,"Dec 25, 2025",816,0
2024-12-01,Z3L8eLmPM_A,الحلقة 2 : الرسائل رجعات… ولكن💀,"Dec 25, 2025",816,0
2024-12-02,Z3L8eLmPM_A,الحلقة 2 : الرسائل رجعات… ولكن💀,"Dec 25, 2025",816,0
2024-12-03,Z3L8eLmPM_A,الحلقة 2 : الرسائل رجعات… ولكن💀,"Dec 25, 2025",816,0
2024-12-04,Z3L8eLmPM_A,الحلقة 2 : الرسائل رجعات… ولكن💀,"Dec 25, 2025",816,0
2024-12-05,Z3L8eLmPM_A,الحلقة 2 : الرسائل رجعات… ولكن💀,"Dec 25, 2025",816,0
2024-12-06,Z3L8eLmPM_A,الحلقة 2 : الرسائل رجعات… ولكن💀,"Dec 25, 2025",816,0
2024-12-07,Z3L8eLmPM_A,الحلقة 2 : الرسائل رجعات… ولكن💀,"Dec 25, 2025",816,0
2024-12-08,Z3L8eLmPM_A,الحلقة 2 : الرسائل رجعات… ولكن💀,"Dec 25, 2025",816,0
2024-12-09,Z3L8eLmPM_A,الحلقة 2 : الرسائل رجعات… ولكن💀,"Dec 25, 2025",816,0
2024-12-10,Z3L8eLmPM_A,الحلقة 2 : الرسائل رجعات… ولكن💀,"Dec 25, 2025",816,0
2024-12-11,Z3L8eLmPM_A,الحلقة 2 : الرسائل رجعات… ولكن💀,"Dec 25, 2025",816,0
2024-12-12,Z3L8eLmPM_A,الحلقة 2 : الرسائل رجعات… ولكن💀,"Dec 25, 2025",816,0
2024-12-13,Z3L8eLmPM_A,الحلقة 2 : الرسائل رجعات… ولكن💀,"Dec 25, 2025",816,0
2024-12-14,Z3L8eLmPM_A,الحلقة 2 : الرسائل رجعات… ولكن💀,"Dec 25, 2025",816,0
2024-12-15,Z3L8eLmPM_A,الحلقة 2 : الرسائل رجعات… ولكن💀,"Dec 25, 2025",816,0
2024-12-16,Z3L8eLmPM_A,الحلقة 2 : الرسائل رجعات… ولكن💀,"Dec 25, 2025",816,0
2024-12-17,Z3L8eLmPM_A,الحلقة 2 : الرسائل رجعات… ولكن💀,"Dec 25, 2025",816,0
2024-12-18,Z3L8eLmPM_A,الحلقة 2 : الرسائل رجعات… ولكن💀,"Dec 25, 2025",816,0
2024-12-19,Z3L8eLmPM_A,الحلقة 2 : الرسائل رجعات… ولكن💀,"Dec 25, 2025",816,0
2024-12-20,Z3L8eLmPM_A,الحلقة 2 : الرسائل رجعات… ولكن💀,"Dec 25, 2025",816,0
2024-12-21,Z3L8eLmPM_A,الحلقة 2 : الرسائل رجعات… ولكن💀,"Dec 25, 2025",816,0
2024-12-22,Z3L8eLmPM_A,الحلقة 2 : الرسائل رجعات… ولكن💀,"Dec 25, 2025",816,0
2024-12-23,Z3L8eLmPM_A,الحلقة 2 : الرسائل رجعات… ولكن💀,"Dec 25, 2025",816,0
2024-12-24,Z3L8eLmPM_A,الحلقة 2 : الرسائل رجعات… ولكن💀,"Dec 25, 2025",816,0
2024-12-25,Z3L8eLmPM_A,الحلقة 2 : الرسائل رجعات… ولكن💀,"Dec 25, 2025",816,0
2024-12-26,Z3L8eLmPM_A,الحلقة 2 : الرسائل رجعات… ولكن💀,"Dec 25, 2025",816,0
2024-12-27,Z3L8eLmPM_A,الحلقة 2 : الرسائل رجعات… ولكن💀,"Dec 25, 2025",816,0
2024-12-28,Z3L8eLmPM_A,الحلقة 2 : الرسائل رجعات… ولكن💀,"Dec 25, 2025",816,0
2024-12-29,Z3L8eLmPM_A,الحلقة 2 : الرسائل رجعات… ولكن💀,"Dec 25, 2025",816,0
2024-12-30,Z3L8eLmPM_A,الحلقة 2 : الرسائل رجعات… ولكن💀,"Dec 25, 2025",816,0
2024-12-31,Z3L8eLmPM_A,الحلقة 2 : الرسائل رجعات… ولكن💀,"Dec 25, 2025",816,0
2025-01-01,Z3L8eLmPM_A,الحلقة 2 : الرسائل رجعات… ولكن💀,"Dec 25, 2025",816,0
2025-01-02,Z3L8eLmPM_A,الحلقة 2 : الرسائل رجعات… ولكن💀,"Dec 25, 2025",816,0
2025-01-03,Z3L8eLmPM_A,الحلقة 2 : الرسائل رجعات… ولكن💀,"Dec 25, 2025",816,0
2025-01-04,Z3L8eLmPM_A,الحلقة 2 : الرسائل رجعات… ولكن💀,"Dec 25, 2025",816,0
2025-01-05,Z3L8eLmPM_A,الحلقة 2 : الرسائل رجعات… ولكن💀,"Dec 25, 2025",816,0
2025-01-06,Z3L8eLmPM_A,الحلقة 2 : الرسائل رجعات… ولكن💀,"Dec 25, 2025",816,0
2025-01-07,Z3L8eLmPM_A,الحلقة 2 : الرسائل رجعات… ولكن💀,"Dec 25, 2025",816,0
2025-01-08,Z3L8eLmPM_A,الحلقة 2 : الرسائل رجعات… ولكن💀,"Dec 25, 2025",816,0
2025-01-09,Z3L8eLmPM_A,الحلقة 2 : الرسائل رجعات… ولكن💀,"Dec 25, 2025",816,0
2025-01-10,Z3L8eLmPM_A,الحلقة 2 : الرسائل رجعات… ولكن💀,"Dec 25, 2025",816,0
2025-01-11,Z3L8eLmPM_A,الحلقة 2 : الرسائل رجعات… ولكن💀,"Dec 25, 2025",816,0
2025-01-12,Z3L8eLmPM_A,الحلقة 2 : الرسائل رجعات… ولكن💀,"Dec 25, 2025",816,0
2025-01-13,Z3L8eLmPM_A,الحلقة 2 : الرسائل رجعات… ولكن💀,"Dec 25, 2025",816,0
2025-01-14,Z3L8eLmPM_A,الحلقة 2 : الرسائل رجعات… ولكن💀,"Dec 25, 2025",816,0
2025-01-15,Z3L8eLmPM_A,الحلقة 2 : الرسائل رجعات… ولكن💀,"Dec 25, 2025",816,0
2025-01-16,Z3L8eLmPM_A,الحلقة 2 : الرسائل رجعات… ولكن💀,"Dec 25, 2025",816,0
2025-01-17,Z3L8eLmPM_A,الحلقة 2 : الرسائل رجعات… ولكن💀,"Dec 25, 2025",816,0
2025-01-18,Z3L8eLmPM_A,الحلقة 2 : الرسائل رجعات… ولكن💀,"Dec 25, 2025",816,0
2025-01-19,Z3L8eLmPM_A,الحلقة 2 : الرسائل رجعات… ولكن💀,"Dec 25, 2025",816,0
2025-01-20,Z3L8eLmPM_A,الحلقة 2 : الرسائل رجعات… ولكن💀,"Dec 25, 2025",816,0
2025-01-21,Z3L8eLmPM_A,الحلقة 2 : الرسائل رجعات… ولكن💀,"Dec 25, 2025",816,0
2025-01-22,Z3L8eLmPM_A,الحلقة 2 : الرسائل رجعات… ولكن💀,"Dec 25, 2025",816,0
2025-01-23,Z3L8eLmPM_A,الحلقة 2 : الرسائل رجعات… ولكن💀,"Dec 25, 2025",816,0
2025-01-24,Z3L8eLmPM_A,الحلقة 2 : الرسائل رجعات… ولكن💀,"Dec 25, 2025",816,0
2025-01-25,Z3L8eLmPM_A,الحلقة 2 : الرسائل رجعات… ولكن💀,"Dec 25, 2025",816,0
2025-01-26,Z3L8eLmPM_A,الحلقة 2 : الرسائل رجعات… ولكن💀,"Dec 25, 2025",816,0
2025-01-27,Z3L8eLmPM_A,الحلقة 2 : الرسائل رجعات… ولكن💀,"Dec 25, 2025",816,0
2025-01-28,Z3L8eLmPM_A,الحلقة 2 : الرسائل رجعات… ولكن💀,"Dec 25, 2025",816,0
2025-01-29,Z3L8eLmPM_A,الحلقة 2 : الرسائل رجعات… ولكن💀,"Dec 25, 2025",816,0
2025-01-30,Z3L8eLmPM_A,الحلقة 2 : الرسائل رجعات… ولكن💀,"Dec 25, 2025",816,0
2025-01-31,Z3L8eLmPM_A,الحلقة 2 : الرسائل رجعات… ولكن💀,"Dec 25, 2025",816,0
2025-02-01,Z3L8eLmPM_A,الحلقة 2 : الرسائل رجعات… ولكن💀,"Dec 25, 2025",816,0
2025-02-02,Z3L8eLmPM_A,الحلقة 2 : الرسائل رجعات… ولكن💀,"Dec 25, 2025",816,0
2025-02-03,Z3L8eLmPM_A,الحلقة 2 : الرسائل رجعات… ولكن💀,"Dec 25, 2025",816,0
2025-02-04,Z3L8eLmPM_A,الحلقة 2 : الرسائل رجعات… ولكن💀,"Dec 25, 2025",816,0
2025-02-05,Z3L8eLmPM_A,الحلقة 2 : الرسائل رجعات… ولكن💀,"Dec 25, 2025",816,0
2025-02-06,Z3L8eLmPM_A,الحلقة 2 : الرسائل رجعات… ولكن💀,"Dec 25, 2025",816,0
2025-02-07,Z3L8eLmPM_A,الحلقة 2 : الرسائل رجعات… ولكن💀,"Dec 25, 2025",816,0
2025-02-08,Z3L8eLmPM_A,الحلقة 2 : الرسائل رجعات… ولكن💀,"Dec 25, 2025",816,0
2025-02-09,Z3L8eLmPM_A,الحلقة 2 : الرسائل رجعات… ولكن💀,"Dec 25, 2025",816,0
2025-02-10,Z3L8eLmPM_A,الحلقة 2 : الرسائل رجعات… ولكن💀,"Dec 25, 2025",816,0
2025-02-11,Z3L8eLmPM_A,الحلقة 2 : الرسائل رجعات… ولكن💀,"Dec 25, 2025",816,0
2025-02-12,Z3L8eLmPM_A,الحلقة 2 : الرسائل رجعات… ولكن💀,"Dec 25, 2025",816,0
2025-02-13,Z3L8eLmPM_A,الحلقة 2 : الرسائل رجعات… ولكن💀,"Dec 25, 2025",816,0
2025-02-14,Z3L8eLmPM_A,الحلقة 2 : الرسائل رجعات… ولكن💀,"Dec 25, 2025",816,0
2025-02-15,Z3L8eLmPM_A,الحلقة 2 : الرسائل رجعات… ولكن💀,"Dec 25, 2025",816,0
2025-02-16,Z3L8eLmPM_A,الحلقة 2 : الرسائل رجعات… ولكن💀,"Dec 25, 2025",816,0
2025-02-17,Z3L8eLmPM_A,الحلقة 2 : الرسائل رجعات… ولكن💀,"Dec 25, 2025",816,0
2025-02-18,Z3L8eLmPM_A,الحلقة 2 : الرسائل رجعات… ولكن💀,"Dec 25, 2025",816,0
2025-02-19,Z3L8eLmPM_A,الحلقة 2 : الرسائل رجعات… ولكن💀,"Dec 25, 2025",816,0
2025-02-20,Z3L8eLmPM_A,الحلقة 2 : الرسائل رجعات… ولكن💀,"Dec 25, 2025",816,0
2025-02-21,Z3L8eLmPM_A,الحلقة 2 : الرسائل رجعات… ولكن💀,"Dec 25, 2025",816,0
2025-02-22,Z3L8eLmPM_A,الحلقة 2 : الرسائل رجعات… ولكن💀,"Dec 25, 2025",816,0
2025-02-23,Z3L8eLmPM_A,الحلقة 2 : الرسائل رجعات… ولكن💀,"Dec 25, 2025",816,0
2025-02-24,Z3L8eLmPM_A,الحلقة 2 : الرسائل رجعات… ولكن💀,"Dec 25, 2025",816,0
2025-02-25,Z3L8eLmPM_A,الحلقة 2 : الرسائل رجعات… ولكن💀,"Dec 25, 2025",816,0
2025-02-26,Z3L8eLmPM_A,الحلقة 2 : الرسائل رجعات… ولكن💀,"Dec 25, 2025",816,0
2025-02-27,Z3L8eLmPM_A,الحلقة 2 : الرسائل رجعات… ولكن💀,"Dec 25, 2025",816,0
2025-02-28,Z3L8eLmPM_A,الحلقة 2 : الرسائل رجعات… ولكن💀,"Dec 25, 2025",816,0
2025-03-01,Z3L8eLmPM_A,الحلقة 2 : الرسائل رجعات… ولكن💀,"Dec 25, 2025",816,0
2025-03-02,Z3L8eLmPM_A,الحلقة 2 : الرسائل رجعات… ولكن💀,"Dec 25, 2025",816,0
2025-03-03,Z3L8eLmPM_A,الحلقة 2 : الرسائل رجعات… ولكن💀,"Dec 25, 2025",816,0
2025-03-04,Z3L8eLmPM_A,الحلقة 2 : الرسائل رجعات… ولكن💀,"Dec 25, 2025",816,0
2025-03-05,Z3L8eLmPM_A,الحلقة 2 : الرسائل رجعات… ولكن💀,"Dec 25, 2025",816,0
2025-03-06,Z3L8eLmPM_A,الحلقة 2 : الرسائل رجعات… ولكن💀,"Dec 25, 2025",816,0
2025-03-07,Z3L8eLmPM_A,الحلقة 2 : الرسائل رجعات… ولكن💀,"Dec 25, 2025",816,0
2025-03-08,Z3L8eLmPM_A,الحلقة 2 : الرسائل رجعات… ولكن💀,"Dec 25, 2025",816,0
2025-03-09,Z3L8eLmPM_A,الحلقة 2 : الرسائل رجعات… ولكن💀,"Dec 25, 2025",816,0
2025-03-10,Z3L8eLmPM_A,الحلقة 2 : الرسائل رجعات… ولكن💀,"Dec 25, 2025",816,0
2025-03-11,Z3L8eLmPM_A,الحلقة 2 : الرسائل رجعات… ولكن💀,"Dec 25, 2025",816,0
2025-03-12,Z3L8eLmPM_A,الحلقة 2 : الرسائل رجعات… ولكن💀,"Dec 25, 2025",816,0
2025-03-13,Z3L8eLmPM_A,الحلقة 2 : الرسائل رجعات… ولكن💀,"Dec 25, 2025",816,0
2025-03-14,Z3L8eLmPM_A,الحلقة 2 : الرسائل رجعات… ولكن💀,"Dec 25, 2025",816,0
2025-03-15,Z3L8eLmPM_A,الحلقة 2 : الرسائل رجعات… ولكن💀,"Dec 25, 2025",816,0
2025-03-16,Z3L8eLmPM_A,الحلقة 2 : الرسائل رجعات… ولكن💀,"Dec 25, 2025",816,0
2025-03-17,Z3L8eLmPM_A,الحلقة 2 : الرسائل رجعات… ولكن💀,"Dec 25, 2025",816,0
2025-03-18,Z3L8eLmPM_A,الحلقة 2 : الرسائل رجعات… ولكن💀,"Dec 25, 2025",816,0
2025-03-19,Z3L8eLmPM_A,الحلقة 2 : الرسائل رجعات… ولكن💀,"Dec 25, 2025",816,0
2025-03-20,Z3L8eLmPM_A,الحلقة 2 : الرسائل رجعات… ولكن💀,"Dec 25, 2025",816,0
2025-03-21,Z3L8eLmPM_A,الحلقة 2 : الرسائل رجعات… ولكن💀,"Dec 25, 2025",816,0
2025-03-22,Z3L8eLmPM_A,الحلقة 2 : الرسائل رجعات… ولكن💀,"Dec 25, 2025",816,0
2025-03-23,Z3L8eLmPM_A,الحلقة 2 : الرسائل رجعات… ولكن💀,"Dec 25, 2025",816,0
2025-03-24,Z3L8eLmPM_A,الحلقة 2 : الرسائل رجعات… ولكن💀,"Dec 25, 2025",816,0
2025-03-25,Z3L8eLmPM_A,الحلقة 2 : الرسائل رجعات… ولكن💀,"Dec 25, 2025",816,0
2025-03-26,Z3L8eLmPM_A,الحلقة 2 : الرسائل رجعات… ولكن💀,"Dec 25, 2025",816,0
2025-03-27,Z3L8eLmPM_A,الحلقة 2 : الرسائل رجعات… ولكن💀,"Dec 25, 2025",816,0
2025-03-28,Z3L8eLmPM_A,الحلقة 2 : الرسائل رجعات… ولكن💀,"Dec 25, 2025",816,0
2025-03-29,Z3L8eLmPM_A,الحلقة 2 : الرسائل رجعات… ولكن💀,"Dec 25, 2025",816,0
2025-03-30,Z3L8eLmPM_A,الحلقة 2 : الرسائل رجعات… ولكن💀,"Dec 25, 2025",816,0
2025-03-31,Z3L8eLmPM_A,الحلقة 2 : الرسائل رجعات… ولكن💀,"Dec 25, 2025",816,0
2025-04-01,Z3L8eLmPM_A,الحلقة 2 : الرسائل رجعات… ولكن💀,"Dec 25, 2025",816,0
2025-04-02,Z3L8eLmPM_A,الحلقة 2 : الرسائل رجعات… ولكن💀,"Dec 25, 2025",816,0
2025-04-03,Z3L8eLmPM_A,الحلقة 2 : الرسائل رجعات… ولكن💀,"Dec 25, 2025",816,0
2025-04-04,Z3L8eLmPM_A,الحلقة 2 : الرسائل رجعات… ولكن💀,"Dec 25, 2025",816,0
2025-04-05,Z3L8eLmPM_A,الحلقة 2 : الرسائل رجعات… ولكن💀,"Dec 25, 2025",816,0
2025-04-06,Z3L8eLmPM_A,الحلقة 2 : الرسائل رجعات… ولكن💀,"Dec 25, 2025",816,0
2025-04-07,Z3L8eLmPM_A,الحلقة 2 : الرسائل رجعات… ولكن💀,"Dec 25, 2025",816,0
2025-04-08,Z3L8eLmPM_A,الحلقة 2 : الرسائل رجعات… ولكن💀,"Dec 25, 2025",816,0
2025-04-09,Z3L8eLmPM_A,الحلقة 2 : الرسائل رجعات… ولكن💀,"Dec 25, 2025",816,0
2025-04-10,Z3L8eLmPM_A,الحلقة 2 : الرسائل رجعات… ولكن💀,"Dec 25, 2025",816,0
2025-04-11,Z3L8eLmPM_A,الحلقة 2 : الرسائل رجعات… ولكن💀,"Dec 25, 2025",816,0
2025-04-12,Z3L8eLmPM_A,الحلقة 2 : الرسائل رجعات… ولكن💀,"Dec 25, 2025",816,0
2025-04-13,Z3L8eLmPM_A,الحلقة 2 : الرسائل رجعات… ولكن💀,"Dec 25, 2025",816,0
2025-04-14,Z3L8eLmPM_A,الحلقة 2 : الرسائل رجعات… ولكن💀,"Dec 25, 2025",816,0
2025-04-15,Z3L8eLmPM_A,الحلقة 2 : الرسائل رجعات… ولكن💀,"Dec 25, 2025",816,0
2025-04-16,Z3L8eLmPM_A,الحلقة 2 : الرسائل رجعات… ولكن💀,"Dec 25, 2025",816,0
2025-04-17,Z3L8eLmPM_A,الحلقة 2 : الرسائل رجعات… ولكن💀,"Dec 25, 2025",816,0
2025-04-18,Z3L8eLmPM_A,الحلقة 2 : الرسائل رجعات… ولكن💀,"Dec 25, 2025",816,0
2025-04-19,Z3L8eLmPM_A,الحلقة 2 : الرسائل رجعات… ولكن💀,"Dec 25, 2025",816,0
2025-04-20,Z3L8eLmPM_A,الحلقة 2 : الرسائل رجعات… ولكن💀,"Dec 25, 2025",816,0
2025-04-21,Z3L8eLmPM_A,الحلقة 2 : الرسائل رجعات… ولكن💀,"Dec 25, 2025",816,0
2025-04-22,Z3L8eLmPM_A,الحلقة 2 : الرسائل رجعات… ولكن💀,"Dec 25, 2025",816,0
2025-04-23,Z3L8eLmPM_A,الحلقة 2 : الرسائل رجعات… ولكن💀,"Dec 25, 2025",816,0
2025-04-24,Z3L8eLmPM_A,الحلقة 2 : الرسائل رجعات… ولكن💀,"Dec 25, 2025",816,0
2025-04-25,Z3L8eLmPM_A,الحلقة 2 : الرسائل رجعات… ولكن💀,"Dec 25, 2025",816,0
2025-04-26,Z3L8eLmPM_A,الحلقة 2 : الرسائل رجعات… ولكن💀,"Dec 25, 2025",816,0
2025-04-27,Z3L8eLmPM_A,الحلقة 2 : الرسائل رجعات… ولكن💀,"Dec 25, 2025",816,0
2025-04-28,Z3L8eLmPM_A,الحلقة 2 : الرسائل رجعات… ولكن💀,"Dec 25, 2025",816,0
2025-04-29,Z3L8eLmPM_A,الحلقة 2 : الرسائل رجعات… ولكن💀,"Dec 25, 2025",816,0
2025-04-30,Z3L8eLmPM_A,الحلقة 2 : الرسائل رجعات… ولكن💀,"Dec 25, 2025",816,0
2025-05-01,Z3L8eLmPM_A,الحلقة 2 : الرسائل رجعات… ولكن💀,"Dec 25, 2025",816,0
2025-05-02,Z3L8eLmPM_A,الحلقة 2 : الرسائل رجعات… ولكن💀,"Dec 25, 2025",816,0
2025-05-03,Z3L8eLmPM_A,الحلقة 2 : الرسائل رجعات… ولكن💀,"Dec 25, 2025",816,0
2025-05-04,Z3L8eLmPM_A,الحلقة 2 : الرسائل رجعات… ولكن💀,"Dec 25, 2025",816,0
2025-05-05,Z3L8eLmPM_A,الحلقة 2 : الرسائل رجعات… ولكن💀,"Dec 25, 2025",816,0
2025-05-06,Z3L8eLmPM_A,الحلقة 2 : الرسائل رجعات… ولكن💀,"Dec 25, 2025",816,0
2025-05-07,Z3L8eLmPM_A,الحلقة 2 : الرسائل رجعات… ولكن💀,"Dec 25, 2025",816,0
2025-05-08,Z3L8eLmPM_A,الحلقة 2 : الرسائل رجعات… ولكن💀,"Dec 25, 2025",816,0
2025-05-09,Z3L8eLmPM_A,الحلقة 2 : الرسائل رجعات… ولكن💀,"Dec 25, 2025",816,0
2025-05-10,Z3L8eLmPM_A,الحلقة 2 : الرسائل رجعات… ولكن💀,"Dec 25, 2025",816,0
2025-05-11,Z3L8eLmPM_A,الحلقة 2 : الرسائل رجعات… ولكن💀,"Dec 25, 2025",816,0
2025-05-12,Z3L8eLmPM_A,الحلقة 2 : الرسائل رجعات… ولكن💀,"Dec 25, 2025",816,0
2025-05-13,Z3L8eLmPM_A,الحلقة 2 : الرسائل رجعات… ولكن💀,"Dec 25, 2025",816,0
2025-05-14,Z3L8eLmPM_A,الحلقة 2 : الرسائل رجعات… ولكن💀,"Dec 25, 2025",816,0
2025-05-15,Z3L8eLmPM_A,الحلقة 2 : الرسائل رجعات… ولكن💀,"Dec 25, 2025",816,0
2025-05-16,Z3L8eLmPM_A,الحلقة 2 : الرسائل رجعات… ولكن💀,"Dec 25, 2025",816,0
2025-05-17,Z3L8eLmPM_A,الحلقة 2 : الرسائل رجعات… ولكن💀,"Dec 25, 2025",816,0
2025-05-18,Z3L8eLmPM_A,الحلقة 2 : الرسائل رجعات… ولكن💀,"Dec 25, 2025",816,0
2025-05-19,Z3L8eLmPM_A,الحلقة 2 : الرسائل رجعات… ولكن💀,"Dec 25, 2025",816,0
2025-05-20,Z3L8eLmPM_A,الحلقة 2 : الرسائل رجعات… ولكن💀,"Dec 25, 2025",816,0
2025-05-21,Z3L8eLmPM_A,الحلقة 2 : الرسائل رجعات… ولكن💀,"Dec 25, 2025",816,0
2025-05-22,Z3L8eLmPM_A,الحلقة 2 : الرسائل رجعات… ولكن💀,"Dec 25, 2025",816,0
2025-05-23,Z3L8eLmPM_A,الحلقة 2 : الرسائل رجعات… ولكن💀,"Dec 25, 2025",816,0
2025-05-24,Z3L8eLmPM_A,الحلقة 2 : الرسائل رجعات… ولكن💀,"Dec 25, 2025",816,0
2025-05-25,Z3L8eLmPM_A,الحلقة 2 : الرسائل رجعات… ولكن💀,"Dec 25, 2025",816,0
2025-05-26,Z3L8eLmPM_A,الحلقة 2 : الرسائل رجعات… ولكن💀,"Dec 25, 2025",816,0
2025-05-27,Z3L8eLmPM_A,الحلقة 2 : الرسائل رجعات… ولكن💀,"Dec 25, 2025",816,0
2025-05-28,Z3L8eLmPM_A,الحلقة 2 : الرسائل رجعات… ولكن💀,"Dec 25, 2025",816,0
2025-05-29,Z3L8eLmPM_A,الحلقة 2 : الرسائل رجعات… ولكن💀,"Dec 25, 2025",816,0
2025-05-30,Z3L8eLmPM_A,الحلقة 2 : الرسائل رجعات… ولكن💀,"Dec 25, 2025",816,0
2025-05-31,Z3L8eLmPM_A,الحلقة 2 : الرسائل رجعات… ولكن💀,"Dec 25, 2025",816,0
2025-06-01,Z3L8eLmPM_A,الحلقة 2 : الرسائل رجعات… ولكن💀,"Dec 25, 2025",816,0
2025-06-02,Z3L8eLmPM_A,الحلقة 2 : الرسائل رجعات… ولكن💀,"Dec 25, 2025",816,0
2025-06-03,Z3L8eLmPM_A,الحلقة 2 : الرسائل رجعات… ولكن💀,"Dec 25, 2025",816,0
2025-06-04,Z3L8eLmPM_A,الحلقة 2 : الرسائل رجعات… ولكن💀,"Dec 25, 2025",816,0
2025-06-05,Z3L8eLmPM_A,الحلقة 2 : الرسائل رجعات… ولكن💀,"Dec 25, 2025",816,0
2025-06-06,Z3L8eLmPM_A,الحلقة 2 : الرسائل رجعات… ولكن💀,"Dec 25, 2025",816,0
2025-06-07,Z3L8eLmPM_A,الحلقة 2 : الرسائل رجعات… ولكن💀,"Dec 25, 2025",816,0
2025-06-08,Z3L8eLmPM_A,الحلقة 2 : الرسائل رجعات… ولكن💀,"Dec 25, 2025",816,0
2025-06-09,Z3L8eLmPM_A,الحلقة 2 : الرسائل رجعات… ولكن💀,"Dec 25, 2025",816,0
2025-06-10,Z3L8eLmPM_A,الحلقة 2 : الرسائل رجعات… ولكن💀,"Dec 25, 2025",816,0
2025-06-11,Z3L8eLmPM_A,الحلقة 2 : الرسائل رجعات… ولكن💀,"Dec 25, 2025",816,0
2025-06-12,Z3L8eLmPM_A,الحلقة 2 : الرسائل رجعات… ولكن💀,"Dec 25, 2025",816,0
2025-06-13,Z3L8eLmPM_A,الحلقة 2 : الرسائل رجعات… ولكن💀,"Dec 25, 2025",816,0
2025-06-14,Z3L8eLmPM_A,الحلقة 2 : الرسائل رجعات… ولكن💀,"Dec 25, 2025",816,0
2025-06-15,Z3L8eLmPM_A,الحلقة 2 : الرسائل رجعات… ولكن💀,"Dec 25, 2025",816,0
2025-06-16,Z3L8eLmPM_A,الحلقة 2 : الرسائل رجعات… ولكن💀,"Dec 25, 2025",816,0
2025-06-17,Z3L8eLmPM_A,الحلقة 2 : الرسائل رجعات… ولكن💀,"Dec 25, 2025",816,0
2025-06-18,Z3L8eLmPM_A,الحلقة 2 : الرسائل رجعات… ولكن💀,"Dec 25, 2025",816,0
2025-06-19,Z3L8eLmPM_A,الحلقة 2 : الرسائل رجعات… ولكن💀,"Dec 25, 2025",816,0
2025-06-20,Z3L8eLmPM_A,الحلقة 2 : الرسائل رجعات… ولكن💀,"Dec 25, 2025",816,0
2025-06-21,Z3L8eLmPM_A,الحلقة 2 : الرسائل رجعات… ولكن💀,"Dec 25, 2025",816,0
2025-06-22,Z3L8eLmPM_A,الحلقة 2 : الرسائل رجعات… ولكن💀,"Dec 25, 2025",816,0
2025-06-23,Z3L8eLmPM_A,الحلقة 2 : الرسائل رجعات… ولكن💀,"Dec 25, 2025",816,0
2025-06-24,Z3L8eLmPM_A,الحلقة 2 : الرسائل رجعات… ولكن💀,"Dec 25, 2025",816,0
2025-06-25,Z3L8eLmPM_A,الحلقة 2 : الرسائل رجعات… ولكن💀,"Dec 25, 2025",816,0
2025-06-26,Z3L8eLmPM_A,الحلقة 2 : الرسائل رجعات… ولكن💀,"Dec 25, 2025",816,0
2025-06-27,Z3L8eLmPM_A,الحلقة 2 : الرسائل رجعات… ولكن💀,"Dec 25, 2025",816,0
2025-06-28,Z3L8eLmPM_A,الحلقة 2 : الرسائل رجعات… ولكن💀,"Dec 25, 2025",816,0
2025-06-29,Z3L8eLmPM_A,الحلقة 2 : الرسائل رجعات… ولكن💀,"Dec 25, 2025",816,0
2025-06-30,Z3L8eLmPM_A,الحلقة 2 : الرسائل رجعات… ولكن💀,"Dec 25, 2025",816,0
2025-07-01,Z3L8eLmPM_A,الحلقة 2 : الرسائل رجعات… ولكن💀,"Dec 25, 2025",816,0
2025-07-02,Z3L8eLmPM_A,الحلقة 2 : الرسائل رجعات… ولكن💀,"Dec 25, 2025",816,0
2025-07-03,Z3L8eLmPM_A,الحلقة 2 : الرسائل رجعات… ولكن💀,"Dec 25, 2025",816,0
2025-07-04,Z3L8eLmPM_A,الحلقة 2 : الرسائل رجعات… ولكن💀,"Dec 25, 2025",816,0
2025-07-05,Z3L8eLmPM_A,الحلقة 2 : الرسائل رجعات… ولكن💀,"Dec 25, 2025",816,0
2025-07-06,Z3L8eLmPM_A,الحلقة 2 : الرسائل رجعات… ولكن💀,"Dec 25, 2025",816,0
2025-07-07,Z3L8eLmPM_A,الحلقة 2 : الرسائل رجعات… ولكن💀,"Dec 25, 2025",816,0
2025-07-08,Z3L8eLmPM_A,الحلقة 2 : الرسائل رجعات… ولكن💀,"Dec 25, 2025",816,0
2025-07-09,Z3L8eLmPM_A,الحلقة 2 : الرسائل رجعات… ولكن💀,"Dec 25, 2025",816,0
2025-07-10,Z3L8eLmPM_A,الحلقة 2 : الرسائل رجعات… ولكن💀,"Dec 25, 2025",816,0
2025-07-11,Z3L8eLmPM_A,الحلقة 2 : الرسائل رجعات… ولكن💀,"Dec 25, 2025",816,0
2025-07-12,Z3L8eLmPM_A,الحلقة 2 : الرسائل رجعات… ولكن💀,"Dec 25, 2025",816,0
2025-07-13,Z3L8eLmPM_A,الحلقة 2 : الرسائل رجعات… ولكن💀,"Dec 25, 2025",816,0
2025-07-14,Z3L8eLmPM_A,الحلقة 2 : الرسائل رجعات… ولكن💀,"Dec 25, 2025",816,0
2025-07-15,Z3L8eLmPM_A,الحلقة 2 : الرسائل رجعات… ولكن💀,"Dec 25, 2025",816,0
2025-07-16,Z3L8eLmPM_A,الحلقة 2 : الرسائل رجعات… ولكن💀,"Dec 25, 2025",816,0
2025-07-17,Z3L8eLmPM_A,الحلقة 2 : الرسائل رجعات… ولكن💀,"Dec 25, 2025",816,0
2025-07-18,Z3L8eLmPM_A,الحلقة 2 : الرسائل رجعات… ولكن💀,"Dec 25, 2025",816,0
2025-07-19,Z3L8eLmPM_A,الحلقة 2 : الرسائل رجعات… ولكن💀,"Dec 25, 2025",816,0
2025-07-20,Z3L8eLmPM_A,الحلقة 2 : الرسائل رجعات… ولكن💀,"Dec 25, 2025",816,0
2025-07-21,Z3L8eLmPM_A,الحلقة 2 : الرسائل رجعات… ولكن💀,"Dec 25, 2025",816,0
2025-07-22,Z3L8eLmPM_A,الحلقة 2 : الرسائل رجعات… ولكن💀,"Dec 25, 2025",816,0
2025-07-23,Z3L8eLmPM_A,الحلقة 2 : الرسائل رجعات… ولكن💀,"Dec 25, 2025",816,0
2025-07-24,Z3L8eLmPM_A,الحلقة 2 : الرسائل رجعات… ولكن💀,"Dec 25, 2025",816,0
2025-07-25,Z3L8eLmPM_A,الحلقة 2 : الرسائل رجعات… ولكن💀,"Dec 25, 2025",816,0
2025-07-26,Z3L8eLmPM_A,الحلقة 2 : الرسائل رجعات… ولكن💀,"Dec 25, 2025",816,0
2025-07-27,Z3L8eLmPM_A,الحلقة 2 : الرسائل رجعات… ولكن💀,"Dec 25, 2025",816,0
2025-07-28,Z3L8eLmPM_A,الحلقة 2 : الرسائل رجعات… ولكن💀,"Dec 25, 2025",816,0
2025-07-29,Z3L8eLmPM_A,الحلقة 2 : الرسائل رجعات… ولكن💀,"Dec 25, 2025",816,0
2025-07-30,Z3L8eLmPM_A,الحلقة 2 : الرسائل رجعات… ولكن💀,"Dec 25, 2025",816,0
2025-07-31,Z3L8eLmPM_A,الحلقة 2 : الرسائل رجعات… ولكن💀,"Dec 25, 2025",816,0
2025-08-01,Z3L8eLmPM_A,الحلقة 2 : الرسائل رجعات… ولكن💀,"Dec 25, 2025",816,0
2025-08-02,Z3L8eLmPM_A,الحلقة 2 : الرسائل رجعات… ولكن💀,"Dec 25, 2025",816,0
2025-08-03,Z3L8eLmPM_A,الحلقة 2 : الرسائل رجعات… ولكن💀,"Dec 25, 2025",816,0
2025-08-04,Z3L8eLmPM_A,الحلقة 2 : الرسائل رجعات… ولكن💀,"Dec 25, 2025",816,0
2025-08-05,Z3L8eLmPM_A,الحلقة 2 : الرسائل رجعات… ولكن💀,"Dec 25, 2025",816,0
2025-08-06,Z3L8eLmPM_A,الحلقة 2 : الرسائل رجعات… ولكن💀,"Dec 25, 2025",816,0
2025-08-07,Z3L8eLmPM_A,الحلقة 2 : الرسائل رجعات… ولكن💀,"Dec 25, 2025",816,0
2025-08-08,Z3L8eLmPM_A,الحلقة 2 : الرسائل رجعات… ولكن💀,"Dec 25, 2025",816,0
2025-08-09,Z3L8eLmPM_A,الحلقة 2 : الرسائل رجعات… ولكن💀,"Dec 25, 2025",816,0
2025-08-10,Z3L8eLmPM_A,الحلقة 2 : الرسائل رجعات… ولكن💀,"Dec 25, 2025",816,0
2025-08-11,Z3L8eLmPM_A,الحلقة 2 : الرسائل رجعات… ولكن💀,"Dec 25, 2025",816,0
2025-08-12,Z3L8eLmPM_A,الحلقة 2 : الرسائل رجعات… ولكن💀,"Dec 25, 2025",816,0
2025-08-13,Z3L8eLmPM_A,الحلقة 2 : الرسائل رجعات… ولكن💀,"Dec 25, 2025",816,0
2025-08-14,Z3L8eLmPM_A,الحلقة 2 : الرسائل رجعات… ولكن💀,"Dec 25, 2025",816,0
2025-08-15,Z3L8eLmPM_A,الحلقة 2 : الرسائل رجعات… ولكن💀,"Dec 25, 2025",816,0
2025-08-16,Z3L8eLmPM_A,الحلقة 2 : الرسائل رجعات… ولكن💀,"Dec 25, 2025",816,0
2025-08-17,Z3L8eLmPM_A,الحلقة 2 : الرسائل رجعات… ولكن💀,"Dec 25, 2025",816,0
2025-08-18,Z3L8eLmPM_A,الحلقة 2 : الرسائل رجعات… ولكن💀,"Dec 25, 2025",816,0
2025-08-19,Z3L8eLmPM_A,الحلقة 2 : الرسائل رجعات… ولكن💀,"Dec 25, 2025",816,0
2025-08-20,Z3L8eLmPM_A,الحلقة 2 : الرسائل رجعات… ولكن💀,"Dec 25, 2025",816,0
2025-08-21,Z3L8eLmPM_A,الحلقة 2 : الرسائل رجعات… ولكن💀,"Dec 25, 2025",816,0
2025-08-22,Z3L8eLmPM_A,الحلقة 2 : الرسائل رجعات… ولكن💀,"Dec 25, 2025",816,0
2025-08-23,Z3L8eLmPM_A,الحلقة 2 : الرسائل رجعات… ولكن💀,"Dec 25, 2025",816,0
2025-08-24,Z3L8eLmPM_A,الحلقة 2 : الرسائل رجعات… ولكن💀,"Dec 25, 2025",816,0
2025-08-25,Z3L8eLmPM_A,الحلقة 2 : الرسائل رجعات… ولكن💀,"Dec 25, 2025",816,0
2025-08-26,Z3L8eLmPM_A,الحلقة 2 : الرسائل رجعات… ولكن💀,"Dec 25, 2025",816,0
2025-08-27,Z3L8eLmPM_A,الحلقة 2 : الرسائل رجعات… ولكن💀,"Dec 25, 2025",816,0
2025-08-28,Z3L8eLmPM_A,الحلقة 2 : الرسائل رجعات… ولكن💀,"Dec 25, 2025",816,0
2025-08-29,Z3L8eLmPM_A,الحلقة 2 : الرسائل رجعات… ولكن💀,"Dec 25, 2025",816,0
2025-08-30,Z3L8eLmPM_A,الحلقة 2 : الرسائل رجعات… ولكن💀,"Dec 25, 2025",816,0
2025-08-31,Z3L8eLmPM_A,الحلقة 2 : الرسائل رجعات… ولكن💀,"Dec 25, 2025",816,0
2025-09-01,Z3L8eLmPM_A,الحلقة 2 : الرسائل رجعات… ولكن💀,"Dec 25, 2025",816,0
2025-09-02,Z3L8eLmPM_A,الحلقة 2 : الرسائل رجعات… ولكن💀,"Dec 25, 2025",816,0
2025-09-03,Z3L8eLmPM_A,الحلقة 2 : الرسائل رجعات… ولكن💀,"Dec 25, 2025",816,0
2025-09-04,Z3L8eLmPM_A,الحلقة 2 : الرسائل رجعات… ولكن💀,"Dec 25, 2025",816,0
2025-09-05,Z3L8eLmPM_A,الحلقة 2 : الرسائل رجعات… ولكن💀,"Dec 25, 2025",816,0
2025-09-06,Z3L8eLmPM_A,الحلقة 2 : الرسائل رجعات… ولكن💀,"Dec 25, 2025",816,0
2025-09-07,Z3L8eLmPM_A,الحلقة 2 : الرسائل رجعات… ولكن💀,"Dec 25, 2025",816,0
2025-09-08,Z3L8eLmPM_A,الحلقة 2 : الرسائل رجعات… ولكن💀,"Dec 25, 2025",816,0
2025-09-09,Z3L8eLmPM_A,الحلقة 2 : الرسائل رجعات… ولكن💀,"Dec 25, 2025",816,0
2025-09-10,Z3L8eLmPM_A,الحلقة 2 : الرسائل رجعات… ولكن💀,"Dec 25, 2025",816,0
2025-09-11,Z3L8eLmPM_A,الحلقة 2 : الرسائل رجعات… ولكن💀,"Dec 25, 2025",816,0
2025-09-12,Z3L8eLmPM_A,الحلقة 2 : الرسائل رجعات… ولكن💀,"Dec 25, 2025",816,0
2025-09-13,Z3L8eLmPM_A,الحلقة 2 : الرسائل رجعات… ولكن💀,"Dec 25, 2025",816,0
2025-09-14,Z3L8eLmPM_A,الحلقة 2 : الرسائل رجعات… ولكن💀,"Dec 25, 2025",816,0
2025-09-15,Z3L8eLmPM_A,الحلقة 2 : الرسائل رجعات… ولكن💀,"Dec 25, 2025",816,0
2025-09-16,Z3L8eLmPM_A,الحلقة 2 : الرسائل رجعات… ولكن💀,"Dec 25, 2025",816,0
2025-09-17,Z3L8eLmPM_A,الحلقة 2 : الرسائل رجعات… ولكن💀,"Dec 25, 2025",816,0
2025-09-18,Z3L8eLmPM_A,الحلقة 2 : الرسائل رجعات… ولكن💀,"Dec 25, 2025",816,0
2025-09-19,Z3L8eLmPM_A,الحلقة 2 : الرسائل رجعات… ولكن💀,"Dec 25, 2025",816,0
2025-09-20,Z3L8eLmPM_A,الحلقة 2 : الرسائل رجعات… ولكن💀,"Dec 25, 2025",816,0
2025-09-21,Z3L8eLmPM_A,الحلقة 2 : الرسائل رجعات… ولكن💀,"Dec 25, 2025",816,0
2025-09-22,Z3L8eLmPM_A,الحلقة 2 : الرسائل رجعات… ولكن💀,"Dec 25, 2025",816,0
2025-09-23,Z3L8eLmPM_A,الحلقة 2 : الرسائل رجعات… ولكن💀,"Dec 25, 2025",816,0
2025-09-24,Z3L8eLmPM_A,الحلقة 2 : الرسائل رجعات… ولكن💀,"Dec 25, 2025",816,0
2025-09-25,Z3L8eLmPM_A,الحلقة 2 : الرسائل رجعات… ولكن💀,"Dec 25, 2025",816,0
2025-09-26,Z3L8eLmPM_A,الحلقة 2 : الرسائل رجعات… ولكن💀,"Dec 25, 2025",816,0
2025-09-27,Z3L8eLmPM_A,الحلقة 2 : الرسائل رجعات… ولكن💀,"Dec 25, 2025",816,0
2025-09-28,Z3L8eLmPM_A,الحلقة 2 : الرسائل رجعات… ولكن💀,"Dec 25, 2025",816,0
2025-09-29,Z3L8eLmPM_A,الحلقة 2 : الرسائل رجعات… ولكن💀,"Dec 25, 2025",816,0
2025-09-30,Z3L8eLmPM_A,الحلقة 2 : الرسائل رجعات… ولكن💀,"Dec 25, 2025",816,0
2025-10-01,Z3L8eLmPM_A,الحلقة 2 : الرسائل رجعات… ولكن💀,"Dec 25, 2025",816,0
2025-10-02,Z3L8eLmPM_A,الحلقة 2 : الرسائل رجعات… ولكن💀,"Dec 25, 2025",816,0
2025-10-03,Z3L8eLmPM_A,الحلقة 2 : الرسائل رجعات… ولكن💀,"Dec 25, 2025",816,0
2025-10-04,Z3L8eLmPM_A,الحلقة 2 : الرسائل رجعات… ولكن💀,"Dec 25, 2025",816,0
2025-10-05,Z3L8eLmPM_A,الحلقة 2 : الرسائل رجعات… ولكن💀,"Dec 25, 2025",816,0
2025-10-06,Z3L8eLmPM_A,الحلقة 2 : الرسائل رجعات… ولكن💀,"Dec 25, 2025",816,0
2025-10-07,Z3L8eLmPM_A,الحلقة 2 : الرسائل رجعات… ولكن💀,"Dec 25, 2025",816,0
2025-10-08,Z3L8eLmPM_A,الحلقة 2 : الرسائل رجعات… ولكن💀,"Dec 25, 2025",816,0
2025-10-09,Z3L8eLmPM_A,الحلقة 2 : الرسائل رجعات… ولكن💀,"Dec 25, 2025",816,0
2025-10-10,Z3L8eLmPM_A,الحلقة 2 : الرسائل رجعات… ولكن💀,"Dec 25, 2025",816,0
2025-10-11,Z3L8eLmPM_A,الحلقة 2 : الرسائل رجعات… ولكن💀,"Dec 25, 2025",816,0
2025-10-12,Z3L8eLmPM_A,الحلقة 2 : الرسائل رجعات… ولكن💀,"Dec 25, 2025",816,0
2025-10-13,Z3L8eLmPM_A,الحلقة 2 : الرسائل رجعات… ولكن💀,"Dec 25, 2025",816,0
2025-10-14,Z3L8eLmPM_A,الحلقة 2 : الرسائل رجعات… ولكن💀,"Dec 25, 2025",816,0
2025-10-15,Z3L8eLmPM_A,الحلقة 2 : الرسائل رجعات… ولكن💀,"Dec 25, 2025",816,0
2025-10-16,Z3L8eLmPM_A,الحلقة 2 : الرسائل رجعات… ولكن💀,"Dec 25, 2025",816,0
2025-10-17,Z3L8eLmPM_A,الحلقة 2 : الرسائل رجعات… ولكن💀,"Dec 25, 2025",816,0
2025-10-18,Z3L8eLmPM_A,الحلقة 2 : الرسائل رجعات… ولكن💀,"Dec 25, 2025",816,0
2025-10-19,Z3L8eLmPM_A,الحلقة 2 : الرسائل رجعات… ولكن💀,"Dec 25, 2025",816,0
2025-10-20,Z3L8eLmPM_A,الحلقة 2 : الرسائل رجعات… ولكن💀,"Dec 25, 2025",816,0
2025-10-21,Z3L8eLmPM_A,الحلقة 2 : الرسائل رجعات… ولكن💀,"Dec 25, 2025",816,0
2025-10-22,Z3L8eLmPM_A,الحلقة 2 : الرسائل رجعات… ولكن💀,"Dec 25, 2025",816,0
2025-10-23,Z3L8eLmPM_A,الحلقة 2 : الرسائل رجعات… ولكن💀,"Dec 25, 2025",816,0
2025-10-24,Z3L8eLmPM_A,الحلقة 2 : الرسائل رجعات… ولكن💀,"Dec 25, 2025",816,0
2025-10-25,Z3L8eLmPM_A,الحلقة 2 : الرسائل رجعات… ولكن💀,"Dec 25, 2025",816,0
2025-10-26,Z3L8eLmPM_A,الحلقة 2 : الرسائل رجعات… ولكن💀,"Dec 25, 2025",816,0
2025-10-27,Z3L8eLmPM_A,الحلقة 2 : الرسائل رجعات… ولكن💀,"Dec 25, 2025",816,0
2025-10-28,Z3L8eLmPM_A,الحلقة 2 : الرسائل رجعات… ولكن💀,"Dec 25, 2025",816,0
2025-10-29,Z3L8eLmPM_A,الحلقة 2 : الرسائل رجعات… ولكن💀,"Dec 25, 2025",816,0
2025-10-30,Z3L8eLmPM_A,الحلقة 2 : الرسائل رجعات… ولكن💀,"Dec 25, 2025",816,0
2025-10-31,Z3L8eLmPM_A,الحلقة 2 : الرسائل رجعات… ولكن💀,"Dec 25, 2025",816,0
2025-11-01,Z3L8eLmPM_A,الحلقة 2 : الرسائل رجعات… ولكن💀,"Dec 25, 2025",816,0
2025-11-02,Z3L8eLmPM_A,الحلقة 2 : الرسائل رجعات… ولكن💀,"Dec 25, 2025",816,0
2025-11-03,Z3L8eLmPM_A,الحلقة 2 : الرسائل رجعات… ولكن💀,"Dec 25, 2025",816,0
2025-11-04,Z3L8eLmPM_A,الحلقة 2 : الرسائل رجعات… ولكن💀,"Dec 25, 2025",816,0
2025-11-05,Z3L8eLmPM_A,الحلقة 2 : الرسائل رجعات… ولكن💀,"Dec 25, 2025",816,0
2025-11-06,Z3L8eLmPM_A,الحلقة 2 : الرسائل رجعات… ولكن💀,"Dec 25, 2025",816,0
2025-11-07,Z3L8eLmPM_A,الحلقة 2 : الرسائل رجعات… ولكن💀,"Dec 25, 2025",816,0
2025-11-08,Z3L8eLmPM_A,الحلقة 2 : الرسائل رجعات… ولكن💀,"Dec 25, 2025",816,0
2025-11-09,Z3L8eLmPM_A,الحلقة 2 : الرسائل رجعات… ولكن💀,"Dec 25, 2025",816,0
2025-11-10,Z3L8eLmPM_A,الحلقة 2 : الرسائل رجعات… ولكن💀,"Dec 25, 2025",816,0
2025-11-11,Z3L8eLmPM_A,الحلقة 2 : الرسائل رجعات… ولكن💀,"Dec 25, 2025",816,0
2025-11-12,Z3L8eLmPM_A,الحلقة 2 : الرسائل رجعات… ولكن💀,"Dec 25, 2025",816,0
2025-11-13,Z3L8eLmPM_A,الحلقة 2 : الرسائل رجعات… ولكن💀,"Dec 25, 2025",816,0
2025-11-14,Z3L8eLmPM_A,الحلقة 2 : الرسائل رجعات… ولكن💀,"Dec 25, 2025",816,0
2025-11-15,Z3L8eLmPM_A,الحلقة 2 : الرسائل رجعات… ولكن💀,"Dec 25, 2025",816,0
2025-11-16,Z3L8eLmPM_A,الحلقة 2 : الرسائل رجعات… ولكن💀,"Dec 25, 2025",816,0
2025-11-17,Z3L8eLmPM_A,الحلقة 2 : الرسائل رجعات… ولكن💀,"Dec 25, 2025",816,0
2025-11-18,Z3L8eLmPM_A,الحلقة 2 : الرسائل رجعات… ولكن💀,"Dec 25, 2025",816,0
2025-11-19,Z3L8eLmPM_A,الحلقة 2 : الرسائل رجعات… ولكن💀,"Dec 25, 2025",816,0
2025-11-20,Z3L8eLmPM_A,الحلقة 2 : الرسائل رجعات… ولكن💀,"Dec 25, 2025",816,0
2025-11-21,Z3L8eLmPM_A,الحلقة 2 : الرسائل رجعات… ولكن💀,"Dec 25, 2025",816,0
2025-11-22,Z3L8eLmPM_A,الحلقة 2 : الرسائل رجعات… ولكن💀,"Dec 25, 2025",816,0
2025-11-23,Z3L8eLmPM_A,الحلقة 2 : الرسائل رجعات… ولكن💀,"Dec 25, 2025",816,0
2025-11-24,Z3L8eLmPM_A,الحلقة 2 : الرسائل رجعات… ولكن💀,"Dec 25, 2025",816,0
2025-11-25,Z3L8eLmPM_A,الحلقة 2 : الرسائل رجعات… ولكن💀,"Dec 25, 2025",816,0
2025-11-26,Z3L8eLmPM_A,الحلقة 2 : الرسائل رجعات… ولكن💀,"Dec 25, 2025",816,0
2025-11-27,Z3L8eLmPM_A,الحلقة 2 : الرسائل رجعات… ولكن💀,"Dec 25, 2025",816,0
2025-11-28,Z3L8eLmPM_A,الحلقة 2 : الرسائل رجعات… ولكن💀,"Dec 25, 2025",816,0
2025-11-29,Z3L8eLmPM_A,الحلقة 2 : الرسائل رجعات… ولكن💀,"Dec 25, 2025",816,0
2025-11-30,Z3L8eLmPM_A,الحلقة 2 : الرسائل رجعات… ولكن💀,"Dec 25, 2025",816,0
2025-12-01,Z3L8eLmPM_A,الحلقة 2 : الرسائل رجعات… ولكن💀,"Dec 25, 2025",816,0
2025-12-02,Z3L8eLmPM_A,الحلقة 2 : الرسائل رجعات… ولكن💀,"Dec 25, 2025",816,0
2025-12-03,Z3L8eLmPM_A,الحلقة 2 : الرسائل رجعات… ولكن💀,"Dec 25, 2025",816,0
2025-12-04,Z3L8eLmPM_A,الحلقة 2 : الرسائل رجعات… ولكن💀,"Dec 25, 2025",816,0
2025-12-05,Z3L8eLmPM_A,الحلقة 2 : الرسائل رجعات… ولكن💀,"Dec 25, 2025",816,0
2025-12-06,Z3L8eLmPM_A,الحلقة 2 : الرسائل رجعات… ولكن💀,"Dec 25, 2025",816,0
2025-12-07,Z3L8eLmPM_A,الحلقة 2 : الرسائل رجعات… ولكن💀,"Dec 25, 2025",816,0
2025-12-08,Z3L8eLmPM_A,الحلقة 2 : الرسائل رجعات… ولكن💀,"Dec 25, 2025",816,0
2025-12-09,Z3L8eLmPM_A,الحلقة 2 : الرسائل رجعات… ولكن💀,"Dec 25, 2025",816,0
2025-12-10,Z3L8eLmPM_A,الحلقة 2 : الرسائل رجعات… ولكن💀,"Dec 25, 2025",816,0
2025-12-11,Z3L8eLmPM_A,الحلقة 2 : الرسائل رجعات… ولكن💀,"Dec 25, 2025",816,0
2025-12-12,Z3L8eLmPM_A,الحلقة 2 : الرسائل رجعات… ولكن💀,"Dec 25, 2025",816,0
2025-12-13,Z3L8eLmPM_A,الحلقة 2 : الرسائل رجعات… ولكن💀,"Dec 25, 2025",816,0
2025-12-14,Z3L8eLmPM_A,الحلقة 2 : الرسائل رجعات… ولكن💀,"Dec 25, 2025",816,0
2025-12-15,Z3L8eLmPM_A,الحلقة 2 : الرسائل رجعات… ولكن💀,"Dec 25, 2025",816,0
2025-12-16,Z3L8eLmPM_A,الحلقة 2 : الرسائل رجعات… ولكن💀,"Dec 25, 2025",816,0
2025-12-17,Z3L8eLmPM_A,الحلقة 2 : الرسائل رجعات… ولكن💀,"Dec 25, 2025",816,0
2025-12-18,Z3L8eLmPM_A,الحلقة 2 : الرسائل رجعات… ولكن💀,"Dec 25, 2025",816,0
2025-12-19,Z3L8eLmPM_A,الحلقة 2 : الرسائل رجعات… ولكن💀,"Dec 25, 2025",816,0
2025-12-20,Z3L8eLmPM_A,الحلقة 2 : الرسائل رجعات… ولكن💀,"Dec 25, 2025",816,0
2025-12-21,Z3L8eLmPM_A,الحلقة 2 : الرسائل رجعات… ولكن💀,"Dec 25, 2025",816,0
2025-12-22,Z3L8eLmPM_A,الحلقة 2 : الرسائل رجعات… ولكن💀,"Dec 25, 2025",816,0
2025-12-23,Z3L8eLmPM_A,الحلقة 2 : الرسائل رجعات… ولكن💀,"Dec 25, 2025",816,0
2025-12-24,Z3L8eLmPM_A,الحلقة 2 : الرسائل رجعات… ولكن💀,"Dec 25, 2025",816,0
2025-12-25,Z3L8eLmPM_A,الحلقة 2 : الرسائل رجعات… ولكن💀,"Dec 25, 2025",816,55.93
2025-12-26,Z3L8eLmPM_A,الحلقة 2 : الرسائل رجعات… ولكن💀,"Dec 25, 2025",816,55.37
2025-12-27,Z3L8eLmPM_A,الحلقة 2 : الرسائل رجعات… ولكن💀,"Dec 25, 2025",816,55.12
2025-12-28,Z3L8eLmPM_A,الحلقة 2 : الرسائل رجعات… ولكن💀,"Dec 25, 2025",816,53.52
2025-12-29,Z3L8eLmPM_A,الحلقة 2 : الرسائل رجعات… ولكن💀,"Dec 25, 2025",816,52.68
2025-12-30,Z3L8eLmPM_A,الحلقة 2 : الرسائل رجعات… ولكن💀,"Dec 25, 2025",816,51.48
2025-12-31,Z3L8eLmPM_A,الحلقة 2 : الرسائل رجعات… ولكن💀,"Dec 25, 2025",816,50.35
2026-01-01,Z3L8eLmPM_A,الحلقة 2 : الرسائل رجعات… ولكن💀,"Dec 25, 2025",816,50.26
2026-01-02,Z3L8eLmPM_A,الحلقة 2 : الرسائل رجعات… ولكن💀,"Dec 25, 2025",816,51.08
2026-01-03,Z3L8eLmPM_A,الحلقة 2 : الرسائل رجعات… ولكن💀,"Dec 25, 2025",816,51.16
2026-01-04,Z3L8eLmPM_A,الحلقة 2 : الرسائل رجعات… ولكن💀,"Dec 25, 2025",816,48.42
2026-01-05,Z3L8eLmPM_A,الحلقة 2 : الرسائل رجعات… ولكن💀,"Dec 25, 2025",816,48.37
2026-01-06,Z3L8eLmPM_A,الحلقة 2 : الرسائل رجعات… ولكن💀,"Dec 25, 2025",816,57.96
2026-01-07,Z3L8eLmPM_A,الحلقة 2 : الرسائل رجعات… ولكن💀,"Dec 25, 2025",816,57.72
2026-01-08,Z3L8eLmPM_A,الحلقة 2 : الرسائل رجعات… ولكن💀,"Dec 25, 2025",816,53.65
2026-01-09,Z3L8eLmPM_A,الحلقة 2 : الرسائل رجعات… ولكن💀,"Dec 25, 2025",816,53.38
2026-01-10,Z3L8eLmPM_A,الحلقة 2 : الرسائل رجعات… ولكن💀,"Dec 25, 2025",816,55.35
2026-01-11,Z3L8eLmPM_A,الحلقة 2 : الرسائل رجعات… ولكن💀,"Dec 25, 2025",816,55.34
2026-01-12,Z3L8eLmPM_A,الحلقة 2 : الرسائل رجعات… ولكن💀,"Dec 25, 2025",816,54.23
2026-01-13,Z3L8eLmPM_A,الحلقة 2 : الرسائل رجعات… ولكن💀,"Dec 25, 2025",816,53.29
2026-01-14,Z3L8eLmPM_A,الحلقة 2 : الرسائل رجعات… ولكن💀,"Dec 25, 2025",816,53.2
2026-01-15,Z3L8eLmPM_A,الحلقة 2 : الرسائل رجعات… ولكن💀,"Dec 25, 2025",816,55.58
2026-01-16,Z3L8eLmPM_A,الحلقة 2 : الرسائل رجعات… ولكن💀,"Dec 25, 2025",816,55.15
2026-01-17,Z3L8eLmPM_A,الحلقة 2 : الرسائل رجعات… ولكن💀,"Dec 25, 2025",816,55.87
2026-01-18,Z3L8eLmPM_A,الحلقة 2 : الرسائل رجعات… ولكن💀,"Dec 25, 2025",816,53.44
2026-01-19,Z3L8eLmPM_A,الحلقة 2 : الرسائل رجعات… ولكن💀,"Dec 25, 2025",816,55.35
2026-01-20,Z3L8eLmPM_A,الحلقة 2 : الرسائل رجعات… ولكن💀,"Dec 25, 2025",816,54.62
2026-01-21,Z3L8eLmPM_A,الحلقة 2 : الرسائل رجعات… ولكن💀,"Dec 25, 2025",816,54.83
2026-01-22,Z3L8eLmPM_A,الحلقة 2 : الرسائل رجعات… ولكن💀,"Dec 25, 2025",816,52.37
2026-01-23,Z3L8eLmPM_A,الحلقة 2 : الرسائل رجعات… ولكن💀,"Dec 25, 2025",816,53.4
2026-01-24,Z3L8eLmPM_A,الحلقة 2 : الرسائل رجعات… ولكن💀,"Dec 25, 2025",816,51.18
2026-01-25,Z3L8eLmPM_A,الحلقة 2 : الرسائل رجعات… ولكن💀,"Dec 25, 2025",816,54.07
2026-01-26,Z3L8eLmPM_A,الحلقة 2 : الرسائل رجعات… ولكن💀,"Dec 25, 2025",816,53.16
2026-01-27,Z3L8eLmPM_A,الحلقة 2 : الرسائل رجعات… ولكن💀,"Dec 25, 2025",816,54.41
2026-01-28,Z3L8eLmPM_A,الحلقة 2 : الرسائل رجعات… ولكن💀,"Dec 25, 2025",816,52.55
2026-01-29,Z3L8eLmPM_A,الحلقة 2 : الرسائل رجعات… ولكن💀,"Dec 25, 2025",816,51.18
2026-01-30,Z3L8eLmPM_A,الحلقة 2 : الرسائل رجعات… ولكن💀,"Dec 25, 2025",816,59.48
2026-01-31,Z3L8eLmPM_A,الحلقة 2 : الرسائل رجعات… ولكن💀,"Dec 25, 2025",816,58.68
2026-02-01,Z3L8eLmPM_A,الحلقة 2 : الرسائل رجعات… ولكن💀,"Dec 25, 2025",816,59.94
2026-02-02,Z3L8eLmPM_A,الحلقة 2 : الرسائل رجعات… ولكن💀,"Dec 25, 2025",816,59.08
2026-02-03,Z3L8eLmPM_A,الحلقة 2 : الرسائل رجعات… ولكن💀,"Dec 25, 2025",816,58.62
2026-02-04,Z3L8eLmPM_A,الحلقة 2 : الرسائل رجعات… ولكن💀,"Dec 25, 2025",816,58.21
2026-02-05,Z3L8eLmPM_A,الحلقة 2 : الرسائل رجعات… ولكن💀,"Dec 25, 2025",816,57.61
2026-02-06,Z3L8eLmPM_A,الحلقة 2 : الرسائل رجعات… ولكن💀,"Dec 25, 2025",816,56.16
2026-02-07,Z3L8eLmPM_A,الحلقة 2 : الرسائل رجعات… ولكن💀,"Dec 25, 2025",816,55.33
2026-02-08,Z3L8eLmPM_A,الحلقة 2 : الرسائل رجعات… ولكن💀,"Dec 25, 2025",816,55.3
2026-02-09,Z3L8eLmPM_A,الحلقة 2 : الرسائل رجعات… ولكن💀,"Dec 25, 2025",816,56.07
2026-02-10,Z3L8eLmPM_A,الحلقة 2 : الرسائل رجعات… ولكن💀,"Dec 25, 2025",816,56.29
2026-02-11,Z3L8eLmPM_A,الحلقة 2 : الرسائل رجعات… ولكن💀,"Dec 25, 2025",816,57.55
2026-02-12,Z3L8eLmPM_A,الحلقة 2 : الرسائل رجعات… ولكن💀,"Dec 25, 2025",816,56.4
2026-02-13,Z3L8eLmPM_A,الحلقة 2 : الرسائل رجعات… ولكن💀,"Dec 25, 2025",816,56.46
2026-02-14,Z3L8eLmPM_A,الحلقة 2 : الرسائل رجعات… ولكن💀,"Dec 25, 2025",816,56.78
2026-02-15,Z3L8eLmPM_A,الحلقة 2 : الرسائل رجعات… ولكن💀,"Dec 25, 2025",816,57.48
2026-02-16,Z3L8eLmPM_A,الحلقة 2 : الرسائل رجعات… ولكن💀,"Dec 25, 2025",816,58.23
2026-02-17,Z3L8eLmPM_A,الحلقة 2 : الرسائل رجعات… ولكن💀,"Dec 25, 2025",816,56.76
2026-02-18,Z3L8eLmPM_A,الحلقة 2 : الرسائل رجعات… ولكن💀,"Dec 25, 2025",816,57.65
2026-02-19,Z3L8eLmPM_A,الحلقة 2 : الرسائل رجعات… ولكن💀,"Dec 25, 2025",816,56.09
2026-02-20,Z3L8eLmPM_A,الحلقة 2 : الرسائل رجعات… ولكن💀,"Dec 25, 2025",816,57.26
2026-02-21,Z3L8eLmPM_A,الحلقة 2 : الرسائل رجعات… ولكن💀,"Dec 25, 2025",816,59.95
2026-02-22,Z3L8eLmPM_A,الحلقة 2 : الرسائل رجعات… ولكن💀,"Dec 25, 2025",816,58.79
2026-02-23,Z3L8eLmPM_A,الحلقة 2 : الرسائل رجعات… ولكن💀,"Dec 25, 2025",816,58.47
2026-02-24,Z3L8eLmPM_A,الحلقة 2 : الرسائل رجعات… ولكن💀,"Dec 25, 2025",816,61.23
2026-02-25,Z3L8eLmPM_A,الحلقة 2 : الرسائل رجعات… ولكن💀,"Dec 25, 2025",816,57.77
2026-02-26,Z3L8eLmPM_A,الحلقة 2 : الرسائل رجعات… ولكن💀,"Dec 25, 2025",816,55.11
2026-02-27,Z3L8eLmPM_A,الحلقة 2 : الرسائل رجعات… ولكن💀,"Dec 25, 2025",816,55.6
2026-02-28,Z3L8eLmPM_A,الحلقة 2 : الرسائل رجعات… ولكن💀,"Dec 25, 2025",816,53.08
2026-03-01,Z3L8eLmPM_A,الحلقة 2 : الرسائل رجعات… ولكن💀,"Dec 25, 2025",816,55.84
2026-03-02,Z3L8eLmPM_A,الحلقة 2 : الرسائل رجعات… ولكن💀,"Dec 25, 2025",816,56.16
2026-03-03,Z3L8eLmPM_A,الحلقة 2 : الرسائل رجعات… ولكن💀,"Dec 25, 2025",816,58.9
2026-03-04,Z3L8eLmPM_A,الحلقة 2 : الرسائل رجعات… ولكن💀,"Dec 25, 2025",816,60.81
2026-03-05,Z3L8eLmPM_A,الحلقة 2 : الرسائل رجعات… ولكن💀,"Dec 25, 2025",816,56.7
2026-03-06,Z3L8eLmPM_A,الحلقة 2 : الرسائل رجعات… ولكن💀,"Dec 25, 2025",816,56.78
2026-03-07,Z3L8eLmPM_A,الحلقة 2 : الرسائل رجعات… ولكن💀,"Dec 25, 2025",816,54.72
2026-03-08,Z3L8eLmPM_A,الحلقة 2 : الرسائل رجعات… ولكن💀,"Dec 25, 2025",816,61.94
2026-03-09,Z3L8eLmPM_A,الحلقة 2 : الرسائل رجعات… ولكن💀,"Dec 25, 2025",816,59.7
2026-03-10,Z3L8eLmPM_A,الحلقة 2 : الرسائل رجعات… ولكن💀,"Dec 25, 2025",816,60.34
2026-03-11,Z3L8eLmPM_A,الحلقة 2 : الرسائل رجعات… ولكن💀,"Dec 25, 2025",816,61.36
2026-03-12,Z3L8eLmPM_A,الحلقة 2 : الرسائل رجعات… ولكن💀,"Dec 25, 2025",816,60.53
2026-03-13,Z3L8eLmPM_A,الحلقة 2 : الرسائل رجعات… ولكن💀,"Dec 25, 2025",816,60.23
2026-03-14,Z3L8eLmPM_A,الحلقة 2 : الرسائل رجعات… ولكن💀,"Dec 25, 2025",816,59.25
2026-03-15,Z3L8eLmPM_A,الحلقة 2 : الرسائل رجعات… ولكن💀,"Dec 25, 2025",816,58.89
2026-03-16,Z3L8eLmPM_A,الحلقة 2 : الرسائل رجعات… ولكن💀,"Dec 25, 2025",816,59.93
2026-03-17,Z3L8eLmPM_A,الحلقة 2 : الرسائل رجعات… ولكن💀,"Dec 25, 2025",816,57.92
2026-03-18,Z3L8eLmPM_A,الحلقة 2 : الرسائل رجعات… ولكن💀,"Dec 25, 2025",816,60.17
2026-03-19,Z3L8eLmPM_A,الحلقة 2 : الرسائل رجعات… ولكن💀,"Dec 25, 2025",816,57.01
2026-03-20,Z3L8eLmPM_A,الحلقة 2 : الرسائل رجعات… ولكن💀,"Dec 25, 2025",816,56.16
2026-03-21,Z3L8eLmPM_A,الحلقة 2 : الرسائل رجعات… ولكن💀,"Dec 25, 2025",816,57.66
2026-03-22,Z3L8eLmPM_A,الحلقة 2 : الرسائل رجعات… ولكن💀,"Dec 25, 2025",816,52.9
2026-03-23,Z3L8eLmPM_A,الحلقة 2 : الرسائل رجعات… ولكن💀,"Dec 25, 2025",816,57.13
2026-03-24,Z3L8eLmPM_A,الحلقة 2 : الرسائل رجعات… ولكن💀,"Dec 25, 2025",816,57.05
2026-03-25,Z3L8eLmPM_A,الحلقة 2 : الرسائل رجعات… ولكن💀,"Dec 25, 2025",816,60.33
2026-03-26,Z3L8eLmPM_A,الحلقة 2 : الرسائل رجعات… ولكن💀,"Dec 25, 2025",816,56.72
2026-03-27,Z3L8eLmPM_A,الحلقة 2 : الرسائل رجعات… ولكن💀,"Dec 25, 2025",816,56.86
2026-03-28,Z3L8eLmPM_A,الحلقة 2 : الرسائل رجعات… ولكن💀,"Dec 25, 2025",816,57.25
2026-03-29,Z3L8eLmPM_A,الحلقة 2 : الرسائل رجعات… ولكن💀,"Dec 25, 2025",816,54.56
2026-03-30,Z3L8eLmPM_A,الحلقة 2 : الرسائل رجعات… ولكن💀,"Dec 25, 2025",816,55.65
2026-03-31,Z3L8eLmPM_A,الحلقة 2 : الرسائل رجعات… ولكن💀,"Dec 25, 2025",816,54.85
2026-04-01,Z3L8eLmPM_A,الحلقة 2 : الرسائل رجعات… ولكن💀,"Dec 25, 2025",816,57.62
2026-04-02,Z3L8eLmPM_A,الحلقة 2 : الرسائل رجعات… ولكن💀,"Dec 25, 2025",816,52.48
2026-04-03,Z3L8eLmPM_A,الحلقة 2 : الرسائل رجعات… ولكن💀,"Dec 25, 2025",816,57.2
2026-04-04,Z3L8eLmPM_A,الحلقة 2 : الرسائل رجعات… ولكن💀,"Dec 25, 2025",816,57.63
2026-04-05,Z3L8eLmPM_A,الحلقة 2 : الرسائل رجعات… ولكن💀,"Dec 25, 2025",816,53.8
2026-04-06,Z3L8eLmPM_A,الحلقة 2 : الرسائل رجعات… ولكن💀,"Dec 25, 2025",816,48.81
2026-04-07,Z3L8eLmPM_A,الحلقة 2 : الرسائل رجعات… ولكن💀,"Dec 25, 2025",816,53.22
2026-04-08,Z3L8eLmPM_A,الحلقة 2 : الرسائل رجعات… ولكن💀,"Dec 25, 2025",816,57.67
2026-04-09,Z3L8eLmPM_A,الحلقة 2 : الرسائل رجعات… ولكن💀,"Dec 25, 2025",816,58.05
2026-04-10,Z3L8eLmPM_A,الحلقة 2 : الرسائل رجعات… ولكن💀,"Dec 25, 2025",816,56.75
2026-04-11,Z3L8eLmPM_A,الحلقة 2 : الرسائل رجعات… ولكن💀,"Dec 25, 2025",816,60.85
2026-04-12,Z3L8eLmPM_A,الحلقة 2 : الرسائل رجعات… ولكن💀,"Dec 25, 2025",816,60.19
2026-04-13,Z3L8eLmPM_A,الحلقة 2 : الرسائل رجعات… ولكن💀,"Dec 25, 2025",816,61.8
2026-04-14,Z3L8eLmPM_A,الحلقة 2 : الرسائل رجعات… ولكن💀,"Dec 25, 2025",816,54.21
2026-04-15,Z3L8eLmPM_A,الحلقة 2 : الرسائل رجعات… ولكن💀,"Dec 25, 2025",816,55.2
2026-04-16,Z3L8eLmPM_A,الحلقة 2 : الرسائل رجعات… ولكن💀,"Dec 25, 2025",816,53.82
2026-04-17,Z3L8eLmPM_A,الحلقة 2 : الرسائل رجعات… ولكن💀,"Dec 25, 2025",816,53.79
2026-04-18,Z3L8eLmPM_A,الحلقة 2 : الرسائل رجعات… ولكن💀,"Dec 25, 2025",816,53.68
2026-04-19,Z3L8eLmPM_A,الحلقة 2 : الرسائل رجعات… ولكن💀,"Dec 25, 2025",816,55.33
2026-04-20,Z3L8eLmPM_A,الحلقة 2 : الرسائل رجعات… ولكن💀,"Dec 25, 2025",816,52.59
2026-04-21,Z3L8eLmPM_A,الحلقة 2 : الرسائل رجعات… ولكن💀,"Dec 25, 2025",816,55.63
2026-04-22,Z3L8eLmPM_A,الحلقة 2 : الرسائل رجعات… ولكن💀,"Dec 25, 2025",816,52.63
2026-04-23,Z3L8eLmPM_A,الحلقة 2 : الرسائل رجعات… ولكن💀,"Dec 25, 2025",816,53.32
