position,channelId,channelTitle,videoId,publishedAt,publishedAtSQL,videoTitle,videoDescription,tags,videoCategoryId,videoCategoryLabel,topicCategories,duration,durationSec,dimension,definition,caption,defaultLanguage,defaultLAudioLanguage,thumbnail_maxres,licensedContent,hasPaidProductPlacement,locationDescription,latitude,longitude,viewCount,likeCount,dislikeCount,favoriteCount,commentCount
1,UC--sV_rnu94eY4hXFwoVmSA," Nationale Bedarija2-ناشيونال بالدارجة ",BsK693uthsk,2026-04-27T18:42:03Z,"2026-04-27 18:42:03","سخفات ليهم بالغناء! حجيب جاتو رطبة و سخونة فبرنامج النجم الشعبي","🔔 اشترك الآن وكن ضمن أقوى قاعدة على يوتيوب! 💥👑 انضم إلى عائلة الديكتاتوريين واستمتع بمحتوى نقدي وترفيهي لا مثيل له! 🔥🎬","تسركيلة,tserkila,nationalebedarija2,twins,توأم مغربي,ناشيونال بالدارجة,lalla laaroussa,لالة لعروسة,لالة لعروسة 2026,النجم الشعبي,النجم الشعبي 2026,عقارات المغرب,عقارات,ecommerce",23,Comedy,"Entertainment,Television_program",PT16M56S,1016,2d,hd,false,ar,ar,https://i.ytimg.com/vi/BsK693uthsk/maxresdefault.jpg,1,,,,,379640,27920,,0,1442
2,UC--sV_rnu94eY4hXFwoVmSA," Nationale Bedarija2-ناشيونال بالدارجة ",z91tG6kM5Ug,2026-04-21T21:16:17Z,"2026-04-21 21:16:17","ترونات فدار لعرسان! لالة لعروسة بكات حيت حكروها فالفيلا الفاخرة","في هذا الفيديو الجديد من برنامج لالة العروسة، نغوص في كواليس دار العرسان داخل الفيلا الفاخرة، حيث تصاعدت الأحداث بشكل مثير بين المشاركين. نناقش أبرز التطورات التي شهدها الصراع داخل الدار، خاصة المواجهة القوية بين إحدى الأمهات وإحدى العروسات التي شعرت بالظلم، مما خلق أجواء مشحونة بالتوتر والانقسام بين باقي المتسابقين. كما نتوقف عند اللحظة التي تم فيها توجيه نصيحة للعروس الصغيرة بضرورة احترام السن رغم كل الخلافات، وهو ما فتح بابا للنقاش حول حدود الاحترام داخل المنافسة. الحلقة عرفت كذلك تحولات مفاجئة في سلوك بعض المشاركين، توتر كبير داخل الفيلا وتغير في طريقة التعامل بين الأزواج، ما أثر بشكل واضح على أجواء البرنامج ومسار المنافسة 🔔 اشترك الآن وكن ضمن أقوى قاعدة على يوتيوب! 💥👑 انضم إلى عائلة الديكتاتوريين واستمتع بمحتوى نقدي وترفيهي لا مثيل له! 🔥🎬","تسركيلة,tserkila,nationalebedarija2,twins,توأم مغربي,ناشيونال بالدارجة,لالة لعروسة,دار لعرسان,كوبل فاس,كوبل تارودانت,كوبل تاونات,البرايم الثاني لالة لعروسة,lalla la3rousa,dar l3rsan,prime 2,al aoula,2m,princessa,princessa tanger,برنسيسة,دار لعرسان الحلقة 17,السعدية لديب,k1,سلسلة بوليسية,قسمة و نصيب,dar l3ersan ep 17,lalla la3rousa 2026",23,Comedy,"Entertainment,Television_program",PT20M8S,1208,2d,hd,false,ar,ar,https://i.ytimg.com/vi/z91tG6kM5Ug/maxresdefault.jpg,1,,,,,706979,29824,,0,1190
3,UC--sV_rnu94eY4hXFwoVmSA," Nationale Bedarija2-ناشيونال بالدارجة ",oQ1MiUy6-CU,2026-04-14T23:22:24Z,"2026-04-14 23:22:24","لالة لعروسة جهلات! نوضوها فالفيلا الفاخرة و جوعوهم فدار لعرسان","في هذا الفيديو نأخذكم في جولة داخل كواليس برنامج لالة لعروسة، حيث التنافس القوي بين الأزواج داخل دار العرسان يتحول أحيانا إلى لحظات توتر ومشادات حادة! 😮🔥 سنستعرض أبرز الشجارات والمواقف المثيرة التي وقعت بين المشاركين، وكيف تؤثر الضغوط اليومية والتحديات الصعبة على علاقاتهم. هل هي مجرد منافسة أم أن المشاعر تخرج عن السيطرة؟ 🤔 كما سنحلل الأسباب الحقيقية وراء هذه الخلافات، وردود فعل الجمهور، وهل هذه الصراعات طبيعية أم مفتعلة لزيادة الإثارة؟ 💬 شاركونا آراءكم في التعليقات: هل ترون أن ما يحدث حقيقي أم مجرد تمثيل؟ ومن هو الزوج الذي تعاطفتم معه أكثر؟ 🔔 اشترك الآن وكن ضمن أقوى قاعدة على يوتيوب! 💥👑 انضم إلى عائلة الديكتاتوريين واستمتع بمحتوى نقدي وترفيهي لا مثيل له! 🔥🎬","تسركيلة,tserkila,nationalebedarija2,twins,توأم مغربي,ناشيونال بالدارجة,dar l3ersan,dar l3arsan 2026,lalla la3rousa,lalla laarousa 2026,برنسيسة,لالة لعروسة 2026,السعدية لاديب,برايم,النجم الشعبي,دار لعرسان,تارودانت,كوبل طنجة,ايمان و عماد",23,Comedy,Television_program,PT18M33S,1113,2d,hd,false,ar,ar,https://i.ytimg.com/vi/oQ1MiUy6-CU/maxresdefault.jpg,1,,,,,844197,39082,,0,1878
4,UC--sV_rnu94eY4hXFwoVmSA," Nationale Bedarija2-ناشيونال بالدارجة ",MkhLTahJi0Y,2026-03-31T22:26:04Z,"2026-03-31 22:26:04","شبكات بين اللحايا! شفر ليه مراتو المنقبة أسرار خطيرة قالها مول الفوقية قدام الملايين","في هذه الحلقة نناقش جدلا واسعا أثار اهتمام المتابعين، بعد ظهور داعية في أحد البرامج ودخوله في نقاش حاد مع مجموعة من الشيوخ حول قضايا اجتماعية وسلوكية. تطوّر الحوار سريعا إلى تبادل اتهامات وانتقادات علنية، حيث طُرحت تساؤلات حول حدود التعامل والاختلاط، وما يُعد مقبولا أو مرفوضًا في نظر كل طرف. كما نتوقف عند الاتهامات التي تم تداولها خلال النقاش، وكيف تحوّل الخلاف من مجرد اختلاف في الرأي إلى مواجهة شخصية أثارت انقساما بين الجمهور. نحاول في هذا الفيديو تحليل ما حدث بهدوء، وفهم خلفيات كل طرف، وطرح السؤال الأهم: أين تنتهي حرية التصرف وأين تبدأ المسؤولية الأخلاقية؟ حلقة مليئة بالتفاصيل، نعرض فيها مختلف الآراء ونترك الحكم لكم. 🔔 اشترك الآن وكن ضمن أقوى قاعدة على يوتيوب! 💥👑 انضم إلى عائلة الديكتاتوريين واستمتع بمحتوى نقدي وترفيهي لا مثيل له! 🔥🎬","تسركيلة,tserkila,nationalebedarija2,twins,توأم مغربي,ناشيونال بالدارجة,مول الفوقية,برنامج السهم,بنات لالة منانة,لالة لعروسة,المغرب,محمد وهبي,bnat lalla mennana,lalla laarousa",23,Comedy,Society,PT13M40S,820,2d,hd,false,ar,ar,https://i.ytimg.com/vi/MkhLTahJi0Y/maxresdefault.jpg,1,,,,,386508,23890,,0,1459
5,UC--sV_rnu94eY4hXFwoVmSA," Nationale Bedarija2-ناشيونال بالدارجة ",N0CkF_VDBGg,2026-03-20T09:33:18Z,"2026-03-20 09:33:18","عيد مبارك سعيد على الأمة الإسلامية 😍🌙",,,23,Comedy,Religion,PT10S,10,2d,hd,false,ar,ar,https://i.ytimg.com/vi/N0CkF_VDBGg/maxresdefault.jpg,1,,,,,249802,5665,,0,155
6,UC--sV_rnu94eY4hXFwoVmSA," Nationale Bedarija2-ناشيونال بالدارجة ",M9RKg7T-6WQ,2026-03-19T23:26:24Z,"2026-03-19 23:26:24","بغاو ينصبو علينا! تلاقينا جوج خوت عايشين 90 عام بلا ماء صادم و مؤثر","هذا الفيديو مختلف عن باقي رحلاتنا… سافرنا إلى دوار نائي بإقليم تارودانت، مكان معزول يفتقر لأبسط مقومات الحياة: لا ماء، لا طريق، ولا حتى شبكة اتصال. في إطار مبادرة القفف الرمضانية السنوية، قررنا نكونوا حاضرين ونقدموا المساعدة، لكن الواقع اللي شفناه كان أصعب مما توقعنا… معاناة يومية بسبب غياب الماء الصالح للشرب إذا كنتي باغي تكون جزء من هاد الخير تابعنا على انستغرام لباقي التفاصيل و خلينا نديرو تغيير حقيقي www.instagram.com/nationale_bedarija 🔔 اشترك الآن وكن ضمن أقوى قاعدة على يوتيوب! 💥👑 انضم إلى عائلة الديكتاتوريين واستمتع بمحتوى نقدي وترفيهي لا مثيل له! 🔥🎬","تسركيلة,tserkila,nationalebedarija2,twins,توأم مغربي,ناشيونال بالدارجة,قلبي اطمئن,بنات لالة منانة,عش الطمع,محجوبة و التيبارية,رحمة 2,القناة الثانية,عيد الفطر,رمضان 2026,bnat lalla mennana,3ch tme3,2M,al aoula ramadan 2026,توام مغربي,صناع الأمل,كأس افريقيا,محمد وهبي,لائحة المنتخب,وليد الركراكي",23,Comedy,,PT13M35S,815,2d,hd,false,ar,ar,https://i.ytimg.com/vi/M9RKg7T-6WQ/maxresdefault.jpg,1,,,,,236223,16945,,0,898
7,UC--sV_rnu94eY4hXFwoVmSA," Nationale Bedarija2-ناشيونال بالدارجة ",58TW8JIdp3c,2026-03-14T00:11:56Z,"2026-03-14 00:11:56","أشهر مسلسل فرمضان! أخطاء كارثية و مشاهد غير متوقعة فرأس الجبل ضاعت الملايين فالإنتاج","في هذا الفيديو نستعرض أخطاء كارثية لم ينتبه لها الكثير من المشاهدين في أشهر مسلسلات رمضان، بالإضافة إلى تحليل بعض المشاهد التي أثارت الجدل بين الجمهور في مسلسل الهيبة رأس الجبل. سنتحدث بالتفصيل عن الأخطاء في الإخراج، واستمرارية المشاهد، وبعض اللقطات غير المنطقية التي ظهرت في المسلسل، وكيف لاحظها المتابعون بعد التدقيق. كما سنناقش ردود فعل الجمهور على هذه المشاهد، وهل كانت مقصودة أم مجرد أخطاء أثناء التصوير. إذا كنت من محبي المسلسلات الرمضانية وتحب اكتشاف الأسرار والأخطاء الخفية في الكواليس، فهذا الفيديو سيكشف لك تفاصيل ربما لم تلاحظها من قبل. 🔔 اشترك الآن وكن ضمن أقوى قاعدة على يوتيوب! 💥👑 انضم إلى عائلة الديكتاتوريين واستمتع بمحتوى نقدي وترفيهي لا مثيل له! 🔥🎬","تسركيلة,tserkila,nationalebedarija2,twins,توأم مغربي,ناشيونال بالدارجة,ras jbel,ra2s jabal,مسلسل الهيبة رأس الجبل,شاهد,مسلسل,رمضان 2026,مسلسلات رمضان,بنات لالة منانة,عش الطمع,مسلسل جبل شيخ الجبل العودة,مسلسل الهيبة شيخ الجبل,مسلسل الهيبة حمل عليا من جبل,مسلسل الهيبة جميع الحلقات,2m,2m maroc مسلسلات,2m ramadan 2026,bnat lalla mennana,رامز جلال,مسلسلات رمضانية,جينيريك,مي و الباك",23,Comedy,"Entertainment,Film,Television_program",PT16M1S,961,2d,hd,false,ar,ar,https://i.ytimg.com/vi/58TW8JIdp3c/maxresdefault.jpg,1,,,,,521391,31711,,0,1797
8,UC--sV_rnu94eY4hXFwoVmSA," Nationale Bedarija2-ناشيونال بالدارجة ",auqad0IkFrA,2026-03-10T22:13:00Z,"2026-03-10 22:13:00","فرقنا السحور على الناس فالشارع في رمضان😍🌙 #ناشيونال_بالدارجة #الخير_يجمعنا #اكسبلور",,,23,Comedy,,PT59S,59,2d,hd,false,ar,ar,https://i.ytimg.com/vi/auqad0IkFrA/maxresdefault.jpg,1,,,,,648924,17617,,0,391
9,UC--sV_rnu94eY4hXFwoVmSA," Nationale Bedarija2-ناشيونال بالدارجة ",jAebY5bBHgA,2026-02-28T20:56:23Z,"2026-02-28 20:56:23","جرأة غير متوقعة فمسلسل بنات لالة منانة ! صدمة الجمهور مع أشهر الممثلين","🔔 اشترك الآن وكن ضمن أقوى قاعدة على يوتيوب! 💥👑 انضم إلى عائلة الديكتاتوريين واستمتع بمحتوى نقدي وترفيهي لا مثيل له! 🔥🎬","تسركيلة,tserkila,nationalebedarija2,twins,توأم مغربي,ناشيونال بالدارجة",23,Comedy,"Entertainment,Film",PT16M22S,982,2d,hd,false,ar,ar,https://i.ytimg.com/vi/jAebY5bBHgA/maxresdefault.jpg,1,,,,,732991,38130,,0,1629
10,UC--sV_rnu94eY4hXFwoVmSA," Nationale Bedarija2-ناشيونال بالدارجة ",OiyAnm-UlKo,2026-02-20T00:40:52Z,"2026-02-20 00:40:52","النهار لي كرهنا فيه الخير! 😱 أحداث غريبة + مبادرة خيرية","هذا العام مجددا غادي نتجمعو على الخير 🤍 🎁 كل ""Super Thanks"" في هذا الفيديو يساهم في توفير قفة رمضانية لأسرة محتاجة. نسعى إلى أن لا يمر شهر رمضان على أي أسرة دون أن تجد ما يعينها من المواد الغذائية الأساسية. نقطع المسافات الطويلة ونسلك الطرق الوعرة، لكن دعوات الأمهات وابتسامات الأطفال هي أعظم دافع للاستمرار. ساهموا معنا بالدعم أو بمشاركة الفيديو، فالدال على الخير كفاعله. نسأل الله أن يتقبل منا ومنكم، وأن يجعل هذا العمل سببًا في إدخال السرور على قلوب المحتاجين. #مبادرة_القفف_الرمضانية #رمضان_شهر_الخير #الخير_يجمعنا 🔔 اشترك الآن وكن ضمن أقوى قاعدة على يوتيوب! 💥👑 انضم إلى عائلة الديكتاتوريين واستمتع بمحتوى نقدي وترفيهي لا مثيل له! 🔥🎬","ramadan,al aoula,ramdan 2026,lalla mennana,2m,ramadan maher zain,ramadan al aoula,ramadan 2m,رمضان 2026,رمضان 2026 المغرب,رمضان في المغرب,بنات لالة منانة,حكايات شامة,يوميات محجوبة و التيبارية",23,Comedy,,PT13M57S,837,2d,hd,false,ar,ar,https://i.ytimg.com/vi/OiyAnm-UlKo/maxresdefault.jpg,1,,,,,244573,28924,,0,2836
11,UC--sV_rnu94eY4hXFwoVmSA," Nationale Bedarija2-ناشيونال بالدارجة ",r3Kk2sOt9qA,2026-02-13T22:00:48Z,"2026-02-13 22:00:48","جزيرة الأغنياء! كايسرقو البنات و كاياكلو الدراري الصغار فأطباق ذهبية","كيف يمكن لشخص واحد أن يبني شبكة علاقات تمتد إلى أعلى دوائر المال والنفوذ؟ في هذا التحليل المعمّق لقضية جيفري إبستين، نراجع أهم المحطات، الوثائق التي كُشف عنها، والأسئلة التي ما زالت تثير الجدل حتى اليوم. #جيفري_إبستين #تحليل_سياسي #وثائق #فضائح_سياسية #ملفات_سرية #تحقيقات #نفوذ #مال_وسلطة #القضية_الكاملة #تحقيق_موثق الفيديو يقدم قراءة هادئة وموثقة للأحداث وتأثيرها على ثقة الجمهور بالمؤسسات🔔 اشترك الآن وكن ضمن أقوى قاعدة على يوتيوب! 💥👑 انضم إلى عائلة الديكتاتوريين واستمتع بمحتوى نقدي وترفيهي لا مثيل له! 🔥🎬","تسركيلة,tserkila,nationalebedarija2,twins,توأم مغربي,ناشيونال بالدارجة,ابستين,جيفري ابستين,قضية الجزيرة,ملفات سرية,تحقيقات,ترمبب,جزر العذراء,ايلون ماسك جيفري ابستين,ستيفن هوكينغ",23,Comedy,Society,PT14M8S,848,2d,hd,false,ar,ar,https://i.ytimg.com/vi/r3Kk2sOt9qA/maxresdefault.jpg,1,,,,,354326,28567,,0,1623
12,UC--sV_rnu94eY4hXFwoVmSA," Nationale Bedarija2-ناشيونال بالدارجة ",BlA-MkPF7dY,2026-01-26T23:08:46Z,"2026-01-26 23:08:46","تسركيلة فالكان | الحلقة الأخيرة | حقيقة المؤامرة- السينيغال ضحكو علينا و الفيفا باعونا بالملايين ","ما الذي حدث فعلاً في المباراة، من لحظات مثيرة وتحكيم جدلي وحماس لا يوصف. هل هناك مؤامرة ضد المغرب؟ حقيقة الشائعات التي انتشرت على السوشيال ميديا والأدلّة الحقيقية لماذا انسحب منتخب السنغال لحظات من المباراة؟ وما الذي دفع لاعبيه للجري إلى النفق احتجاجاً على قرار تحكيمي؟ شغب الجماهير والدخول العنيف للمشجعين واحتمال العقوبات من الاتحاد الإفريقي لكرة القدم (CAF) وFIFA. واش دياز فعلا مرر الكرة للحارس ميندي؟ هذا السؤال سيبقى في ذهن كل العالم 🔔 اشترك الآن وكن ضمن أقوى قاعدة على يوتيوب! 💥👑 انضم إلى عائلة الديكتاتوريين واستمتع بمحتوى نقدي وترفيهي لا مثيل له! 🔥🎬","تسركيلة,tserkila,nationalebedarija2,twins,توأم مغربي,ناشيونال بالدارجة,كأس افريقيا,فيفا,كأس افريقيا 2025,المغرب السينغال,ملف السينيغال,القجع,ساديو ماني,ضربة جزاء ماني,سحر و شعوذة افريقيا",23,Comedy,"Association_football,Society",PT17M16S,1036,2d,hd,false,ar,ar,https://i.ytimg.com/vi/BlA-MkPF7dY/maxresdefault.jpg,1,,,,,513239,36824,,0,1950
13,UC--sV_rnu94eY4hXFwoVmSA," Nationale Bedarija2-ناشيونال بالدارجة ",jmYBsrQUxvA,2026-01-18T00:02:58Z,"2026-01-18 00:02:58","تسركيلة فالكان| حلقة 4 | عضهوم الناموس فالفندق الفاخر و السينيغال بغات كأس افريقيا","تصريحات مدرب المنتخب المصري حسام حسن و أخوه ابراهيم حسن بخصوص تنظيم المغرب خلقت جو من الجدل… الإعلام المصري جن جنونه و السينيغال في نفس خط الجزائر. ردود الفعل المغربية والصحافة أحرجت مدرب المنتخب المصري وجعلته يبكي في مكانه. تصريحات المدربين الغريبة في كأس افريقيا 2025 ربما تعبوا من التنظيم الخرافي في المملكة المغربيو. 🔔 اشترك الآن وكن ضمن أقوى قاعدة على يوتيوب! 💥👑 انضم إلى عائلة الديكتاتوريين واستمتع بمحتوى نقدي وترفيهي لا مثيل له! 🔥🎬","تسركيلة,tserkila,nationalebedarija2,twins,توأم مغربي,ناشيونال بالدارجة,كأس أمم افريقيا,محمد صلاح,كأس افريقيا 2025",23,Comedy,"Association_football,Society",PT11M10S,670,2d,hd,false,ar,ar,https://i.ytimg.com/vi/jmYBsrQUxvA/maxresdefault.jpg,1,,,,,379349,30400,,0,1734
14,UC--sV_rnu94eY4hXFwoVmSA," Nationale Bedarija2-ناشيونال بالدارجة ",vJ745OSFSkI,2026-01-14T18:19:33Z,"2026-01-14 18:19:33","تسركيلة فالكان| حلقة 3 | شوهة عالمية القجع شرى التأهل بالملايين و الجزائريين بكايين فكأس إفريقيا ","كأس أمم إفريقيا المغرب، الإعلام الجزائري، الجماهير الجزائرية، كأس إفريقيا بالمغرب، الإعلام الرياضي، فضائح الإعلام الرياضي، تحليل رياضي، كرة القدم الإفريقية، المغرب والجزائر، كواليس كأس إفريقيا، أخبار كأس إفريقيا، CAN Morocco، AFCON Morocco 🔔 اشترك الآن وكن ضمن أقوى قاعدة على يوتيوب! 💥👑 انضم إلى عائلة الديكتاتوريين واستمتع بمحتوى نقدي وترفيهي لا مثيل له! 🔥🎬","تسركيلة,tserkila,nationalebedarija2,twins,توأم مغربي,ناشيونال بالدارجة,كأس أمم افريقيا,افكون,المغرب,عقارات المغرب,afcon,afcon2025",23,Comedy,"Association_football,Humour,Society",PT16M12S,972,2d,hd,false,ar,ar,https://i.ytimg.com/vi/vJ745OSFSkI/maxresdefault.jpg,1,,,,,458673,20848,,0,1430
15,UC--sV_rnu94eY4hXFwoVmSA," Nationale Bedarija2-ناشيونال بالدارجة ",Su4pJ26L5aE,2025-12-31T18:17:01Z,"2025-12-31 18:17:01","تسركيلة فالكان | حلقة 2 | خرج على راسو و ضاعت فلوس ديدجي فكأس افريقيا بسبب صاحبو","الحلقة الثانية من برنامجكم الخرافي ""تسركيلة فالكان"" غادي نشوفو كيفاش منتخب المغرب يدخل كأس إفريقيا 2025 فوق أرضه بطموحات كبيرة وعشوائية اختيارات وليد الركراكي في المباريات الأولى. لماذا طردو الديدجي الخاص بكأس افريقيا؟ هل فعلا بسبب الجزائر أم هناك أسباب أخرى؟ اكتشفوا معنا المفاجآت الإفريقية التي ستقلب الموازين. 🔔 اشترك الآن وكن ضمن أقوى قاعدة على يوتيوب! 💥👑 انضم إلى عائلة الديكتاتوريين واستمتع بمحتوى نقدي وترفيهي لا مثيل له! 🔥🎬","تسركيلة,tserkila,nationalebedarija2,twins,توأم مغربي,ناشيونال بالدارجة,كأس افريقيا,كأس افريقيا المغرب,منتخب مغربي,منتهب المغربي,العاصمة الرباط,عقارات المغرب",23,Comedy,Association_football,PT14M23S,863,2d,hd,false,ar,ar,https://i.ytimg.com/vi/Su4pJ26L5aE/maxresdefault.jpg,1,,,,,512402,32799,,0,1248
16,UC--sV_rnu94eY4hXFwoVmSA," Nationale Bedarija2-ناشيونال بالدارجة ",fxHVYNacbFg,2025-12-26T18:00:46Z,"2025-12-26 18:00:46","تسركيلة فالكان| حلقة 1 | بدينا بالتبهديل! الإعلام الجزائري هرب ليه فكأس أمم افريقيا","🇲🇦 تسركيلة في الكان – جديد أحداث كأس إفريقيا 2025! 🏆 برنامجنا الجديد ""تسركيلة في الكان""، غانهضرو عن آخر أخبار ومفاجآت كأس إفريقيا 2025 بالمغرب. من أهداف المنتخب المغربي الرائعة، إلى أبرز اللحظات والمواجهات التي أشعلت المدرجات، و كل التبهديل في انستغرام و فضائح التيكيتات 🔔 اشترك الآن وكن ضمن أقوى قاعدة على يوتيوب! 💥👑 انضم إلى عائلة الديكتاتوريين واستمتع بمحتوى نقدي وترفيهي لا مثيل له! 🔥🎬","تسركيلة,tserkila,nationalebedarija2,twins,توأم مغربي,ناشيونال بالدارجة",23,Comedy,"Association_football,Society",PT14M13S,853,2d,hd,false,ar,ar,https://i.ytimg.com/vi/fxHVYNacbFg/maxresdefault.jpg,1,,,,,683852,24263,,0,1740
17,UC--sV_rnu94eY4hXFwoVmSA," Nationale Bedarija2-ناشيونال بالدارجة ",fwf4k4yFlw0,2025-12-17T23:06:08Z,"2025-12-17 23:06:08","أسماء بيوتي حاملة! شرات آيفون وكانت غاتسطيها الفلوس عالم الثراء صعيب","أسماء بيوتي تنشر أخبار مفرحة مع متابعاتها اشترت الآيفون 17 و الذهب وغيرت شكل الفيلا خاصتها و أن بناتها غيرو النظارات بسبب الثراء الفاحش فهل ستستمر أسماء في صرف الأموال على هلاك عائلتها؟ أم أنها قررت أن تلد طفل جديد ليرث كل شيء؟ 🔔 اشترك الآن وكن ضمن أقوى قاعدة على يوتيوب! 💥👑 انضم إلى عائلة الديكتاتوريين واستمتع بمحتوى نقدي وترفيهي لا مثيل له! 🔥🎬","تسركيلة,tserkila,nationalebedarija2,twins,توأم مغربي,ناشيونال بالدارجة,أسماء بيوتي,كأس افريقيا,عقارات,عقار,فلوغ,فلوغات",23,Comedy,,PT12M1S,721,2d,hd,false,ar,ar,https://i.ytimg.com/vi/fwf4k4yFlw0/maxresdefault.jpg,1,,,,,463486,29125,,0,1565
18,UC--sV_rnu94eY4hXFwoVmSA," Nationale Bedarija2-ناشيونال بالدارجة ",U-DKdWpZ6zQ,2025-12-07T21:31:28Z,"2025-12-07 21:31:28","التوأم معاد و مروان هذا سبب ظهورنا أول مرة!",,,23,Comedy,Entertainment,PT17S,17,2d,hd,false,ar,ar,https://i.ytimg.com/vi/U-DKdWpZ6zQ/maxresdefault.jpg,1,,,,,357440,7477,,0,188
19,UC--sV_rnu94eY4hXFwoVmSA," Nationale Bedarija2-ناشيونال بالدارجة ",tB8gQtH7ynw,2025-11-25T22:09:05Z,"2025-11-25 22:09:05","قصة التوأم معاد ومروان الديكتاتوريين للسيطرة على العالم🌍",,,23,Comedy,,PT56S,56,2d,hd,false,ar,ar,https://i.ytimg.com/vi/tB8gQtH7ynw/maxresdefault.jpg,1,,,,,838928,17718,,0,481
20,UC--sV_rnu94eY4hXFwoVmSA," Nationale Bedarija2-ناشيونال بالدارجة ",fbWZqHI79l8,2025-11-24T23:03:35Z,"2025-11-24 23:03:35","حقيقة التيكتوكر الملون آدم بن شقرون! ماماه تبعات الشهرة و الفلوس تا مشات للسجن","من الشهرة للهاوية… قصة تيكتوكر آدم بن شقرون فتيك توك قبل مايتلون كان قدوة ولا عبرة الحقيقة كاملة ففيديو اليوم 🔔 اشترك الآن وكن ضمن أقوى قاعدة على يوتيوب! 💥👑 انضم إلى عائلة الديكتاتوريين واستمتع بمحتوى نقدي وترفيهي لا مثيل له! 🔥🎬","تسركيلة,tserkila,nationalebedarija2,twins,توأم مغربي,ناشيونال بالدارجة,آدم بن شقرون,حقيقة آدم,تيكتوك,مولينيكس,طالوني,قضية آدم بن شقرون",23,Comedy,,PT12M56S,776,2d,hd,false,ar,ar,https://i.ytimg.com/vi/fbWZqHI79l8/maxresdefault.jpg,1,,,,,848705,44468,,0,2023
21,UC--sV_rnu94eY4hXFwoVmSA," Nationale Bedarija2-ناشيونال بالدارجة ",F6j7O9XuFfU,2025-11-15T21:07:34Z,"2025-11-15 21:07:34","المؤثرات الغليضات! قهراتهوم اللحسة ومشاو لتركيا باش يديرو تكميم المعدة","في السنوات الأخيرة انتشرت ظاهرة بين بعض المؤثرات: السفر إلى تركيا لإجراء تكميم المعدة بالمجان، ثم عرض تجربتهن أمام المتابعين وكأنها خيار شخصي وصحي… بينما الحقيقة مختلفة تمامًا. الكثير من هذه العمليات تتم بالمجان مقابل دعاية وإعلانات للمراكز الطبية، ويتم تقديمها للجمهور على أنها ""تجربة شخصية"" أو ""سر الجمال"". والنتيجة؟ تأثير نفسي كبير على المتابعات، ضغط غير مباشر، وتلاعب بالعقول عبر صور ""قبل وبعد"" المصممة لجذب المشاهدات. 🔔 اشترك الآن وكن ضمن أقوى قاعدة على يوتيوب! 💥👑 انضم إلى عائلة الديكتاتوريين واستمتع بمحتوى نقدي وترفيهي لا مثيل له! 🔥🎬","تسركيلة,tserkila,nationalebedarija2,twins,توأم مغربي,ناشيونال بالدارجة,takmim,taloni,sofia clinic,takmim ma3ida,turkie,turkia,تكميم المعدة,عملية تكميم,رحلة تركيا,رحلتي تركيا,تجميل,تيكتوك,عمليات السمنة,جراحة تكميم",23,Comedy,Health,PT13M25S,805,2d,hd,false,ar,ar,https://i.ytimg.com/vi/F6j7O9XuFfU/maxresdefault.jpg,1,,,,,651135,48562,,0,1813
22,UC--sV_rnu94eY4hXFwoVmSA," Nationale Bedarija2-ناشيونال بالدارجة ",-oVEFR9n2cU,2025-11-08T23:04:20Z,"2025-11-08 23:04:20","الفقيه كايزوج الناس فتيك توك! كايسول البنات واش باقيين عزبات باش يربح الملايين","ظهر ""فقيه التيكتوك"" بلايفات زواج غريبة، يسأل الفتيات أسئلة محرجة ويثير جدلً واسعا بين المتابعين! في هذا الفيديو نغوص معًا في عالم البثوث التي تجمع بين الدين والترفيه والفضول… هل ما يحدث يُعتبر دعوة للزواج بالفعل أم استعراضا باسم الدين؟ 🔔 اشترك الآن وكن ضمن أقوى قاعدة على يوتيوب! 💥👑 انضم إلى عائلة الديكتاتوريين واستمتع بمحتوى نقدي وترفيهي لا مثيل له! 🔥🎬","تسركيلة,tserkila,nationalebedarija2,twins,توأم مغربي,ناشيونال بالدارجة",23,Comedy,,PT17M50S,1070,2d,hd,false,ar,ar,https://i.ytimg.com/vi/-oVEFR9n2cU/maxresdefault.jpg,1,,,,,732128,46517,,0,2302
23,UC--sV_rnu94eY4hXFwoVmSA," Nationale Bedarija2-ناشيونال بالدارجة ",QVqf1lJYkqM,2025-10-26T22:42:56Z,"2025-10-26 22:42:56","المؤثرات شوهونا فالتايلاند! سفر فاخر بالملايين ركبو الفيل و شربو العصير","سافروا المؤثرين والمشاهير المغاربة لجزيرة فتايلاند، ولكن الرحلة ما كانتش عادية! 🤯 في هاد الفيديو، غادي نشوفو كيفاش تصرفاتهم خلقو الجدل وسط المتابعين و حبيبتنا رباب و رجاء و شيك شوب بدعوا من جديد ستوريات ولا في الأحلام مع متابعاتهوم واش هاد النوع من المحتوى كيعكس الواقع، ولا غير تمثيل وتفاهة مغلفة بالفخامة؟ 👀 #المؤثرين_المغاربة #تايلاند #مشاهير_تايلاند #فضيحة_سوشيال_ميديا #فلوك_ساخر #انتقاد_المشاهير #يوتيوبرز_مغاربة 🔔 اشترك الآن وكن ضمن أقوى قاعدة على يوتيوب! 💥👑 انضم إلى عائلة الديكتاتوريين واستمتع بمحتوى نقدي وترفيهي لا مثيل له! 🔥🎬","تسركيلة,tserkila,nationalebedarija2,twins,توأم مغربي,ناشيونال بالدارجة",23,Comedy,,PT16M4S,964,2d,hd,false,ar,ar,https://i.ytimg.com/vi/QVqf1lJYkqM/maxresdefault.jpg,1,,,,,762914,40874,,0,1847
24,UC--sV_rnu94eY4hXFwoVmSA," Nationale Bedarija2-ناشيونال بالدارجة ",jLS2HP0aEWU,2025-10-13T21:41:33Z,"2025-10-13 21:41:33","مشينا فيها! الوزير عايرو ليه مراتو و الشباب الفقير كايهدد الحكومة الغنية لي قمعات ليه الحرية","جيل Z في المغرب لم يعد كما كان.. إنه جيل الوعي، جيل التغيير، وجيل لا يخاف من قول الحقيقة. في هذا الفيديو نغوص في عمق التحولات الاجتماعية والسياسية التي يشهدها المغرب، ونحلل علاقة الحكومة بالشباب، وصوت الاحتجاج الذي بدأ يتحوّل إلى وعيٍ جماعيّ يطالب بالإصلاح والتنمية. هل نحن أمام بداية مرحلة جديدة في تاريخ المغرب؟ #المغرب #جيل_Z #الوعي #الاحتجاجات #الإصلاح #السياسة #التغيير #الشباب #المغرب_الجديد #الاقتصاد #التنمية 🔔 اشترك الآن وكن ضمن أقوى قاعدة على يوتيوب! 💥👑 انضم إلى عائلة الديكتاتوريين واستمتع بمحتوى نقدي وترفيهي لا مثيل له! 🔥🎬","تسركيلة,tserkila,nationalebedarija2,twins,توأم مغربي,ناشيونال بالدارجة",23,Comedy,"Politics,Society",PT18M59S,1139,2d,hd,false,ar,ar,https://i.ytimg.com/vi/jLS2HP0aEWU/maxresdefault.jpg,1,,,,,705078,45668,,0,2147
25,UC--sV_rnu94eY4hXFwoVmSA," Nationale Bedarija2-ناشيونال بالدارجة ",KCXvn_Dovlg,2025-09-29T22:39:15Z,"2025-09-29 22:39:15","معاناة صفاء مع الخدامات! عيات من حياة الأغنياء وبغات تلبس قصير","🔔 اشترك الآن وكن ضمن أقوى قاعدة على يوتيوب! 💥👑 انضم إلى عائلة الديكتاتوريين واستمتع بمحتوى نقدي وترفيهي لا مثيل له! 🔥🎬","تسركيلة,tserkila,nationalebedarija2,twins,توأم مغربي,ناشيونال بالدارجة,عقارات,asma beauty,safaa hbirkou,ecommerce,e commerce maroc",23,Comedy,Society,PT14M18S,858,2d,hd,false,ar,ar,https://i.ytimg.com/vi/KCXvn_Dovlg/maxresdefault.jpg,1,,,,,616637,36392,,0,1617
26,UC--sV_rnu94eY4hXFwoVmSA," Nationale Bedarija2-ناشيونال بالدارجة ",DX0WV3UAkBA,2025-09-18T22:44:26Z,"2025-09-18 22:44:26","ملكة المراهقات طغات! ماماها خلاتها تصاحب وعجباتها القلادة الثمينة..حياة مؤثرة غنية","صوتو علينا من هنا: https://vote.digitalcreatorawards.com/influencer/17/346 أمينة الذهبي-صنف الأعمال الإنسانية: https://vote.digitalcreatorawards.com/influencer/19/305? إيمان المخلوفي-صنف الصحة-: https://vote.digitalcreatorawards.com/category/20 في هذا الفيديو نكشف لكم الوجه الخفي لعالم بعض المؤثرات على السوشيال ميديا، وكيف يتم التلاعب بعقول المراهقات من خلال المحتوى البراق والرسائل المضللة سناء سلاي حبيبتنا ملكة المراهقات 🚨 🔔 اشترك الآن وكن ضمن أقوى قاعدة على يوتيوب! 💥👑 انضم إلى عائلة الديكتاتوريين واستمتع بمحتوى نقدي وترفيهي لا مثيل له! 🔥🎬","تسركيلة,tserkila,nationalebedarija2,twins,توأم مغربي,ناشيونال بالدارجة,ناشيونال بالدارجة 2,ecommerce,سناء سلاي,سناء سلاي 2025,sanae slay,slay save your tears",23,Comedy,,PT17M39S,1059,2d,hd,false,ar,ar,https://i.ytimg.com/vi/DX0WV3UAkBA/maxresdefault.jpg,1,,,,,954407,58162,,0,4582
27,UC--sV_rnu94eY4hXFwoVmSA," Nationale Bedarija2-ناشيونال بالدارجة ",Gt_Hj3OFt7I,2025-08-31T20:06:58Z,"2025-08-31 20:06:58","كاتغوت باش تعنقو! جنون مهرجان القنيطرة و الميلودي خدى الملايين باش يضحكنا","مهرجان القنيطرة 2025 اجتمع فيه الآلاف من الجماهير على إيقاعات سعد المجرد الذي أشعل المنصة بأغانيه الشهيرة! 👑💃 المفاجأة الكبرى كانت تفاعل المعجبات المتهورات مع النجم المغربي، لحظات هستيرية، صرخات، رقص وغناء بلا توقف! 🔔 اشترك الآن وكن ضمن أقوى قاعدة على يوتيوب! 💥👑 انضم إلى عائلة الديكتاتوريين واستمتع بمحتوى نقدي وترفيهي لا مثيل له! 🔥🎬","تسركيلة,tserkila,nationalebedarija2,twins,توأم مغربي,ناشيونال بالدارجة,عقارات,ecommerce,ecommerce maroc,saad lamjarred,مهرجان قنيطرة,مهرجان السويسي 2025,عادل الميلودي,اغاني مغربية,طوطو في القنيطره,طوطو موازين",23,Comedy,Entertainment,PT12M4S,724,2d,hd,false,ar,ar,https://i.ytimg.com/vi/Gt_Hj3OFt7I/maxresdefault.jpg,1,,,,,467920,27316,,0,2226
28,UC--sV_rnu94eY4hXFwoVmSA," Nationale Bedarija2-ناشيونال بالدارجة ",KFPlNzxlLRw,2025-08-26T21:10:23Z,"2025-08-26 21:10:23","بنات أسماء بيوتي كايعانيو فالفيلا الفاخرة! عياو من حياة الأغنياء","أسماء بيوتي عاوتاني كاتشكي وكاتبكي من حياة الأغنياء واش هاد المرة غادي يرضيوها الفنادق الفاخرة ولا عاوتاني غاتنشر الطاقة السلبية على متابعينها؟ 🔔 اشترك الآن وكن ضمن أقوى قاعدة على يوتيوب! 💥👑 انضم إلى عائلة الديكتاتوريين واستمتع بمحتوى نقدي وترفيهي لا مثيل له! 🔥🎬","تسركيلة,tserkila,nationalebedarija2,twins,توأم مغربي,ناشيونال بالدارجة,reaction maroc,أسماء بيوتي,أسماء بيوتي 2025,أسماء بيوتي قديما,أسماء بيوتي خلافها مع عائلة زوجها,أسماء بيوتي روتيني اليومي,أسماء بيوتي شوف تيفي,أسماء بيوتي 2024,أسماء بيوتي روتيني سلمى,اسماء بيوتي,اسماء بيوتي في دبي,اسماء بيوتي اخر فيديو,اسماء بوتيك,ecommerce",23,Comedy,,PT14M28S,868,2d,hd,false,ar,ar,https://i.ytimg.com/vi/KFPlNzxlLRw/maxresdefault.jpg,1,,,,,818545,41312,,0,2607
29,UC--sV_rnu94eY4hXFwoVmSA," Nationale Bedarija2-ناشيونال بالدارجة ",1Q9Sa_mPD_E,2025-07-31T21:43:01Z,"2025-07-31 21:43:01","سافر مع صحاباتو للبحر! دارو ليه الماساج ب 400 درهم فحمام فاخر","🔔 اشترك الآن وكن ضمن أقوى قاعدة على يوتيوب! 💥👑 انضم إلى عائلة الديكتاتوريين واستمتع بمحتوى نقدي وترفيهي لا مثيل له! 🔥🎬","تسركيلة,tserkila,nationalebedarija2,twins,توأم مغربي,ناشيونال بالدارجة,عقارات,dalal zomoroda tiktok,سلمى كوريتا و اسامة,ikbal khadiri,ikbal hiba fati,fati att,jawad achmaoui,tiktok maroc",23,Comedy,,PT12M22S,742,2d,hd,false,ar,ar,https://i.ytimg.com/vi/1Q9Sa_mPD_E/maxresdefault.jpg,1,,,,,567316,40066,,0,1782
30,UC--sV_rnu94eY4hXFwoVmSA," Nationale Bedarija2-ناشيونال بالدارجة ",-EZ8MfzplUE,2025-07-30T18:46:52Z,"2025-07-30 18:46:52","أنا مغربي و كاندور فالصحراء المغربية ديالي🇲🇦 #المغرب #اكسبلور #الصحراء_المغربية",,,23,Comedy,"Lifestyle_(sociology),Tourism",PT26S,26,2d,hd,false,ar,ar,https://i.ytimg.com/vi/-EZ8MfzplUE/maxresdefault.jpg,1,,,,,631449,13002,,0,488
31,UC--sV_rnu94eY4hXFwoVmSA," Nationale Bedarija2-ناشيونال بالدارجة ",Tvi0JOSLHXk,2025-07-18T22:02:33Z,"2025-07-18 22:02:33","حبيبتنا إكرام رجعات! سافرات لتاغازوت و شطحات مع الأفارقة سفر فخم","🔔 اشترك الآن وكن ضمن أقوى قاعدة على يوتيوب! 💥👑 انضم إلى عائلة الديكتاتوريين واستمتع بمحتوى نقدي وترفيهي لا مثيل له! 🔥🎬","تسركيلة,tserkila,nationalebedarija2,twins,توأم مغربي,ناشيونال بالدارجة,dictator,ناشيونال بالدارجة 2,اكرام دغ,ikram dgh,ecommerce,ecommerce maroc,المؤثرين,nationale bedarija,رياكشن",23,Comedy,,PT12M35S,755,2d,hd,false,ar,ar,https://i.ytimg.com/vi/Tvi0JOSLHXk/maxresdefault.jpg,1,,,,,441042,34141,,0,1652
32,UC--sV_rnu94eY4hXFwoVmSA," Nationale Bedarija2-ناشيونال بالدارجة ",nIS93VPOSe0,2025-07-08T23:39:48Z,"2025-07-08 23:39:48","مرات سيدي رشيد طغات! الرفيسة بجوج دالمليون و زمردة فرحات","حساب Siin service : https://www.instagram.com/siinservice... رقم التواصل على الواتساب : +212 690615302 تيكتوكر مغربية تُثير الجدل على مواقع التواصل بعد أن ظهرت في سلسلة فيديوهات وهي تُنادي زوجها بلقب ""سيدي رشيد""، وتنفذ أوامره بحماس منقطع النظير. حيدات الحجاب وقالت بلي تحررات..و أخيرا تصالحات مع ختها زمردة لي كاتقلدها فطقوس طاعة الزوج #تيكتوكر_مغربية #سيدي_رشيد #خلعت_الحجاب #زواج_مصلحي #مشاهير_تيك_توك #المرأة_المغربية 🔔 اشترك الآن وكن ضمن أقوى قاعدة على يوتيوب! 💥👑 انضم إلى عائلة الديكتاتوريين واستمتع بمحتوى نقدي وترفيهي لا مثيل له! 🔥🎬","تسركيلة,tserkila,nationalebedarija2,twins,توأم مغربي,ناشيونال بالدارجة,ععقارات,nationale bedarija2,زمردة,اميمة الحميري,مرات سي رشيد,tiktok 2025,tiktok maroc 2025,ecommerce,dalal zomoroda,dalal zomoroda tiktok,ecommerce maroc,e commerce",23,Comedy,,PT14M10S,850,2d,hd,false,ar,ar,https://i.ytimg.com/vi/nIS93VPOSe0/maxresdefault.jpg,1,,,,,732309,54572,,0,2688
33,UC--sV_rnu94eY4hXFwoVmSA," Nationale Bedarija2-ناشيونال بالدارجة ",HEiit_nopTY,2025-06-30T23:27:44Z,"2025-06-30 23:27:44","شيرين مشات فيها! الناس مقلقين مشات ليهوم لملايين و جمهور طوطو مقرقب","شيرين عبد الوهاب تصدم جمهور موازين بأداء كارثي! الجمهور المغربي غاضب... وأصوات الاستياء تعلو منصات التواصل! 😱 هل فقدت شيرين بريقها؟ أم أن شيئًا ما يحدث خلف الكواليس؟ #شيرين_عبد_الوهاب #مهرجان_موازين #فضيحة_موازين #أداء_سيء #الجمهور_غاضب #موازين2025 #شيرين 🔔 اشترك الآن وكن ضمن أقوى قاعدة على يوتيوب! 💥👑 انضم إلى عائلة الديكتاتوريين واستمتع بمحتوى نقدي وترفيهي لا مثيل له! 🔥🎬","تسركيلة,tserkila,nationalebedarija2,twins,توأم مغربي,ناشيونال بالدارجة,المغرب,القناة الثانية,موازين,شيرين,شيرين موازين 2025,شيرين عبد الوهاب,طوطو,طوطو موازين 2025,toto mawazine,chirin,chirin mawazin 2025,ecommerce",23,Comedy,Society,PT11M46S,706,2d,hd,false,ar,ar,https://i.ytimg.com/vi/HEiit_nopTY/maxresdefault.jpg,1,,,,,806869,37953,,0,2504
34,UC--sV_rnu94eY4hXFwoVmSA," Nationale Bedarija2-ناشيونال بالدارجة ",6Vox5g1b1i4,2025-06-27T20:04:33Z,"2025-06-27 20:04:33","روبي شطحات ليهوم! فوضى كارثية مع المشاهير لي جاو بالملايين","موازين 2025… مهرجان الغناء ولا مهرجان العشوائية؟! التنظيم كان كارثي فوضى ماشي طبيعية! 🔔 اشترك الآن وكن ضمن أقوى قاعدة على يوتيوب! 💥👑 انضم إلى عائلة الديكتاتوريين واستمتع بمحتوى نقدي وترفيهي لا مثيل له! 🔥🎬","تسركيلة,tserkila,nationalebedarija2,twins,توأم مغربي,ناشيونال بالدارجة,tiktok,موازين,موازين 2025,mawazin 2025,ruby,روبي,50 cent",23,Comedy,Entertainment,PT14M15S,855,2d,hd,false,ar,ar,https://i.ytimg.com/vi/6Vox5g1b1i4/maxresdefault.jpg,1,,,,,760624,42637,,0,3009
35,UC--sV_rnu94eY4hXFwoVmSA," Nationale Bedarija2-ناشيونال بالدارجة ",KbY3OWywcn8,2025-06-22T23:38:06Z,"2025-06-22 23:38:06","خولة و علاء دارو فيلم جديد! داها لدبي و شرا ليها لابوبو بمليون","خولة وعلاء يصنعون ""أفلام حب"".. والحقيقة شيء آخر! المتابعون اكتشفوا أن كل اللحظات الرومانسية مجرد سيناريوهات متفق عليها، والنية؟ تحقيق مشاهدات فقط! مشاو لدبي و ضحكو على المتابعين..شراو لابوبو و صاك ب 4 مليون 🔔 اشترك الآن وكن ضمن أقوى قاعدة على يوتيوب! 💥👑 انضم إلى عائلة الديكتاتوريين واستمتع بمحتوى نقدي وترفيهي لا مثيل له! 🔥🎬 #خولة_وعلاء #حقيقة_الكوبل #تمثيل_ولا_حب #كوبل_ترند #خدعة_المتابعين #محتوى_مصطنع #دراما_تيك_توك #فضيحة_السوشيال_ميديا","تسركيلة,tserkila,nationalebedarija2,twins,توأم مغربي,ناشيونال بالدارجة,علاء خولة,ليف علاء خولة,علاء و خولة كوين,خولة وعلاء,علاء زوج خولة كوين,لايف علاء زوج خولة,علاء زوج خولة,علاء الدين خولة,علاء خولي,علاء يطلق خولة,علاء يفضح خولة كوين,علاء يسب خولة,علاء يطلق خولة في مكة,الله يلعنك يا خولة علاء,علاء يرد على خولة,علاء يفضح خولة,علاء يعلن طلاقه من خولة,علاء يفجر حقائق جديدة عن خولة,عقارات الدار البيضاء,ecommerce,labobo,لابوبو في المغرب",23,Comedy,"Entertainment,Film",PT17M7S,1027,2d,hd,false,ar,ar,https://i.ytimg.com/vi/KbY3OWywcn8/maxresdefault.jpg,1,,,,,770049,58128,,0,3355
36,UC--sV_rnu94eY4hXFwoVmSA," Nationale Bedarija2-ناشيونال بالدارجة ",FSiq0DSu2ek,2025-06-17T19:23:52Z,"2025-06-17 19:23:52","كنا غانمشيو فيها! لهجتنا دارت لينا مشكل ومشات عليها الطائرة الفاخرة","في هذا الفيديو الممتع، شاركنا أصدقائنا في تحدي لهجات عربية مشوّق! حاولوا فهم كلمات من الدارجة المغربية لأول مرة، وكانت ردة فعلهم رهيبة 😂 الفيديو يحتوي على لحظات مضحكة، اختلافات لغوية، ومقارنة ثقافية عجيبة#تحدي_اللهجات #لهجات_عربية ##ترند_عرب #المغرب #الجزائر 🔔 اشترك الآن وكن ضمن أقوى قاعدة على يوتيوب! 💥👑 انضم إلى عائلة الديكتاتوريين واستمتع بمحتوى نقدي وترفيهي لا مثيل له! 🔥🎬","تسركيلة,tserkila,nationalebedarija2,twins,توأم مغربي,ناشيونال بالدارجة,عقارات الدار البيضاء,ecommerce,challenge,تحدي لهجات عربية,تحدي",23,Comedy,Entertainment,PT17M49S,1069,2d,hd,false,ar,ar,https://i.ytimg.com/vi/FSiq0DSu2ek/maxresdefault.jpg,1,,,,,475101,19975,,0,724
37,UC--sV_rnu94eY4hXFwoVmSA," Nationale Bedarija2-ناشيونال بالدارجة ",lCK8gNlyXec,2025-06-15T19:15:35Z,"2025-06-15 19:15:35","كلشي ساقط هاد العام! التلاميذ كايبكيو و الدولة كاتشكي باكالوريا 2025","تلاميذ باكالوريا 2025 بغاو ينقلو عاوتاني! حساب Siin service : https://www.instagram.com/siinservice?igsh=aWs3cjVmbmg5em81 رقم التواصل على الواتساب : +212 690615302 استشارات مجانية: https://tidycal.com/sin-service/sinservice 🔔 اشترك الآن وكن ضمن أقوى قاعدة على يوتيوب! 💥👑 انضم إلى عائلة الديكتاتوريين واستمتع بمحتوى نقدي وترفيهي لا مثيل له! 🔥🎬 #باكالوريا2025 #نتائج_الباك #أزمة_التعليم #تحليل_تربوي #المغرب #المنظومة_التعليمية #جيل_الباك #فشل_دراسي #إصلاح_التعليم #التعليم_في_المغرب #مستقبل_الشباب #واقع_التعليم #أرقام_صادمة #نقاش_مجتمعي","تسركيلة,tserkila,nationalebedarija2,twins,توأم مغربي,ناشيونال بالدارجة,باك 2025,تلاميذ الباكالوريا,bac 2025,chouf tv,ecommerce,ecommerce maroc,عقارات الدار البيضاء,عقارات مغربية",23,Comedy,Knowledge,PT14M12S,852,2d,hd,false,ar,ar,https://i.ytimg.com/vi/lCK8gNlyXec/maxresdefault.jpg,1,,,,,582858,29653,,0,1380
38,UC--sV_rnu94eY4hXFwoVmSA," Nationale Bedarija2-ناشيونال بالدارجة ",ZEnftWMMSzk,2025-06-03T18:22:30Z,"2025-06-03 18:22:30","رسميا🇲🇦 الجلباب المغربي حاضر بقوة في تخرج القيادات الإعلامية العربية الشابة بدولة الإمارات",,,23,Comedy,Society,PT40S,40,2d,hd,false,ar,ar,https://i.ytimg.com/vi/ZEnftWMMSzk/maxresdefault.jpg,1,,Dubaï,25.2048493,55.2707828,379471,17937,,0,758
39,UC--sV_rnu94eY4hXFwoVmSA," Nationale Bedarija2-ناشيونال بالدارجة ",rKw1C5Fy9Hg,2025-05-29T22:59:02Z,"2025-05-29 22:59:02","تخصار الهضرة فالتلفزة! أقوى برنامج راب مغربي خسرو الفلوس على الاستوديو","حساب Siin service : https://www.instagram.com/siinservice?igsh=aWs3cjVmbmg5em81 رقم التواصل على الواتساب : +212 690615302 🔔 اشترك الآن وكن ضمن أقوى قاعدة على يوتيوب! 💥👑 انضم إلى عائلة الديكتاتوريين واستمتع بمحتوى نقدي وترفيهي لا مثيل له! 🔥🎬","تسركيلة,tserkila,nationalebedarija2,twins,توأم مغربي,ناشيونال بالدارجة,جام شو,برنامج راب,عقارات دبي,عقارات الرباط,ecommerce",23,Comedy,"Entertainment,Hip_hop_music",PT10M11S,611,2d,hd,false,ar,ar,https://i.ytimg.com/vi/rKw1C5Fy9Hg/maxresdefault.jpg,1,,,,,506888,29985,,0,1494
40,UC--sV_rnu94eY4hXFwoVmSA," Nationale Bedarija2-ناشيونال بالدارجة ",hWfsY419jSk,2025-05-15T23:21:57Z,"2025-05-15 23:21:57","كارثة الموسم في لالة العروسة! سبات عكوزتها و العرسان هرسو تلفازة غالية وشطحو مع زوجاتهم","🔔 اشترك الآن وكن ضمن أقوى قاعدة على يوتيوب! 💥👑 انضم إلى عائلة الديكتاتوريين واستمتع بمحتوى نقدي وترفيهي لا مثيل له! 🔥🎬","تسركيلة,tserkila,nationalebedarija2,twins,توأم مغربي,ناشيونال بالدارجة,لالة العروسة,لالة العروسة 2025 البرايم 3,سعدية لديب,عقارات,ecommerce",23,Comedy,"Entertainment,Television_program",PT14M34S,874,2d,hd,false,ar,ar,https://i.ytimg.com/vi/hWfsY419jSk/maxresdefault.jpg,1,,,,,1120406,57124,,0,1891
41,UC--sV_rnu94eY4hXFwoVmSA," Nationale Bedarija2-ناشيونال بالدارجة ",EKIcJMLYD4o,2025-05-06T22:32:39Z,"2025-05-06 22:32:39","معاناة الأغنياء! كلات المرقة بايتة فالفيلا الفاخرة شيك شوكة الغنية","عائلة ""شيك شوك""... أغنى من بيل غيتس؟ ولا غير زايدين فيه شوية؟ في هذا الفيديو، نغوص في عالم عائلة ""شيك شوك"" اللي قررت تقول لينا: نحن أغنياء ولكننا نأكل المرقة بايتة! سيارات بملايين، فيلات فـي كل قارة، وكل نهار ماركة جديدة... لكن السؤال الحقيقي: واش هذا غنى؟ ولا فيلم من إنتاج إنستغرام؟ #شيك_شوك #الفلوس_في_كل_مكان #السوشيال_ميديا #تمثيل_الثراء #كذب_فاخر #عائلة_مؤثرة #الثراء_الفاحش 🔔 اشترك الآن وكن ضمن أقوى قاعدة على يوتيوب! 💥👑 انضم إلى عائلة الديكتاتوريين واستمتع بمحتوى نقدي وترفيهي لا مثيل له! 🔥🎬","تسركيلة,tserkila,nationalebedarija2,twins,توأم مغربي,ناشيونال بالدارجة,شيك شوك,دنيا بطمة,dunia batma,chic choc",23,Comedy,Entertainment,PT15M,900,2d,hd,false,ar,ar,https://i.ytimg.com/vi/EKIcJMLYD4o/maxresdefault.jpg,1,,,,,1162802,63578,,0,2733
42,UC--sV_rnu94eY4hXFwoVmSA," Nationale Bedarija2-ناشيونال بالدارجة ",uyc_fP568ok,2025-04-29T23:27:51Z,"2025-04-29 23:27:51","لالة العروسة بكات! جمعوهوم فالفيلا الفاخرة ودارو بيهوم محتوى كارثة فدار العرسان","📺 في هذا الفيديو نسلط الضوء على التغييرات الصادمة التي طرأت على برنامج لالة العروسة في نسخته الجديدة، والتي أثارت جدلاً واسعاً بين المتابعين! من برنامج عائلي محبوب إلى نسخة مقلّدة من ""Squid Game""... هل فقد ""لالة العروسة"" هويته المغربية؟ 🤯 نناقش في هذا الفيديو أسباب فشل البرنامج بعد تغيير قوانينه، ونسلط الضوء على التحديات الغريبة التي جعلت المتابعين ينفرون منه. #لالة_العروسة #فشل_لالة_العروسة #SquidGame_بالمغربية #برامج_مغربية #فضائح_التلفاز #لالة_العروسة2025 🔔 اشترك الآن وكن ضمن أقوى قاعدة على يوتيوب! 💥👑 انضم إلى عائلة الديكتاتوريين واستمتع بمحتوى نقدي وترفيهي لا مثيل له! 🔥🎬","تسركيلة,tserkila,nationalebedarija2,twins,توأم مغربي,ناشيونال بالدارجة,dictator twins,lala la3roussa 2025,dar l3rsan,لالة العروسة 2025 البرايم الرابع,لالة لعروسة,عقارات,سعدية لاديب,ecommerce,فيلا,قسمة ونصيب 3",23,Comedy,Television_program,PT18M50S,1130,2d,hd,false,ar,ar,https://i.ytimg.com/vi/uyc_fP568ok/maxresdefault.jpg,1,,,,,1181795,54910,,0,2670
43,UC--sV_rnu94eY4hXFwoVmSA," Nationale Bedarija2-ناشيونال بالدارجة ",YCCwMi9tRp0,2025-04-20T23:12:17Z,"2025-04-20 23:12:17","شيماء شوهاتنا فالتايلاند! سفر فاخر للمؤثرين بالملايين أو ركبو الفيل","سافروا المؤثرين والمشاهير المغاربة لجزيرة فتايلاند، ولكن الرحلة ما كانتش عادية! 🤯 في هاد الفيديو، غادي نشوفو كيفاش تصرفاتهم خلقو الجدل وسط المتابعين و حبيبتنا شيماء شين تبدع من جديد ستوريات ولا في الأحلام مع متابعاتها الكبيدات لي ماعندهوم مايدار واش هاد النوع من المحتوى كيعكس الواقع، ولا غير تمثيل وتفاهة مغلفة بالفخامة؟ 👀 #المؤثرين_المغاربة #تايلاند #مشاهير_تايلاند #فضيحة_سوشيال_ميديا #فلوك_ساخر #انتقاد_المشاهير #يوتيوبرز_مغاربة 🔔 اشترك الآن وكن ضمن أقوى قاعدة على يوتيوب! 💥👑 انضم إلى عائلة الديكتاتوريين واستمتع بمحتوى نقدي وترفيهي لا مثيل له! 🔥🎬","تسركيلة,tserkila,nationalebedarija2,twins,توأم مغربي,ناشيونال بالدارجة,شيماء شين,سفر تايلاند,المغرب,ععقارات,سفر طويل,chaimae chaine,المؤثرين,reaction tiktok,e commerce",23,Comedy,,PT16M38S,998,2d,hd,false,ar,ar,https://i.ytimg.com/vi/YCCwMi9tRp0/maxresdefault.jpg,1,,,,,1199569,78622,,0,3847
44,UC--sV_rnu94eY4hXFwoVmSA," Nationale Bedarija2-ناشيونال بالدارجة ",AGk10DoWxMw,2025-04-14T22:58:51Z,"2025-04-14 22:58:51","مشينا فيها! الشيخ تعصب و عطانا 48 ساعة و إلا غانخلصو الملايين للزاوية","الزاوية الكركرية تهدد ناشيونال بالدارجة بدعوى قضائية... بسبب فيديو!؟ زاوية صوفية... لكنها ليست كأي زاوية! ملابس ملونة، طقوس غريبة، بدع ترتكب باسم الإسلام 🔔 اشترك الآن وكن ضمن أقوى قاعدة على يوتيوب! 💥👑 انضم إلى عائلة الديكتاتوريين واستمتع بمحتوى نقدي وترفيهي لا مثيل له! 🔥🎬","تسركيلة,tserkila,nationalebedarija2,twins,توأم مغربي,ناشيونال بالدارجة,الكركرية,عقارات,سميرة مربوحة tv,عقارات الدار البيضاء,ecommerce,dictator twins,توأم دكتاتور",23,Comedy,,PT14M12S,852,2d,hd,false,ar,ar,https://i.ytimg.com/vi/AGk10DoWxMw/maxresdefault.jpg,1,,,,,915749,81247,,0,8157
45,UC--sV_rnu94eY4hXFwoVmSA," Nationale Bedarija2-ناشيونال بالدارجة ",RxUyojtga7s,2025-04-10T23:07:22Z,"2025-04-10 23:07:22","كايعبدو شيخهوم فالزاوية الكركرية! شافو نور الله ودارو بيه الملايين","🚨 ادعى النسب النبوي.. وخدع مئات الأتباع! في هذا الفيديو نكشف القصة الكاملة لرجل أثار الجدل بادعائه أنه من نسل النبي محمد ﷺ، واستغل ذلك لبناء قاعدة من الأتباع في الزاوية الكركرية . لكن ماذا حدث عندما بدأت الحقيقة تتكشف؟ 😱 🔔 اشترك الآن وكن ضمن أقوى قاعدة على يوتيوب! 💥👑 انضم إلى عائلة الديكتاتوريين واستمتع بمحتوى نقدي وترفيهي لا مثيل له! 🔥🎬","تسركيلة,tserkila,nationalebedarija2,twins,توأم مغربي,ناشيونال بالدارجة,عقارات,الكركرية,الزاوية الكركرية,حفيد رسول الله محمد,التصوف",23,Comedy,,PT15M18S,918,2d,hd,false,ar,ar,https://i.ytimg.com/vi/RxUyojtga7s/maxresdefault.jpg,1,,,,,930769,60272,,0,5311
46,UC--sV_rnu94eY4hXFwoVmSA," Nationale Bedarija2-ناشيونال بالدارجة ",IfTlIeFMsLE,2025-03-31T00:39:24Z,"2025-03-31 00:39:24","جرأة غير متوقعة فمسلسل رحمة.. صدمة للجمهور مع أشهر الممثلين","مسلسل ""رحمة"" يشعل الجدل على MBC 5! في هذا الفيديو، نغوص في تفاصيل مسلسل ""رحمة"" الذي أثار ضجة كبيرة على قناة MBC 5، ونتعرف على الأسباب التي جعلته حديث الساعة. هل هو بسبب القصة الجريئة؟ أم بسبب الأداء الاستثنائي للممثلين؟ اشترك الآن وكن ضمن أقوى قاعدة على يوتيوب! 💥👑 انضم إلى عائلة الديكتاتوريين واستمتع بمحتوى نقدي وترفيهي لا مثيل له! 🔥🎬","تسركيلة,tserkila,nationalebedarija2,twins,توأم مغربي,ناشيونال بالدارجة,رحمة,مسلسل رحمة,mbc5,مسلسل جرح قديم,مسلسل رحمة الحلقة 29",23,Comedy,"Entertainment,Film,Television_program",PT13M1S,781,2d,hd,false,ar,ar,https://i.ytimg.com/vi/IfTlIeFMsLE/maxresdefault.jpg,1,,,,,958554,58639,,0,2020
47,UC--sV_rnu94eY4hXFwoVmSA," Nationale Bedarija2-ناشيونال بالدارجة ",l8-1dJ19NA8,2025-03-25T23:43:46Z,"2025-03-25 23:43:46","أشهر مسلسل فرمضان! أسرار صادمة و بوطازوت ربحات الملايين فالدم المشروك","مسلسل ""الدم المشروك"" المثير للجدل! 🔥 هل المال فعلاً قادر على تفريق الدم؟ 💰🔪 ""الدم المشروك"" هو المسلسل المغربي الذي أشعل الجدل بقصته المشوّقة، حيث تتشابك الخيانة، الطمع، والأسرار العائلية في صراع غير متوقع على النفوذ والميراث! ✨ لا تنسَ الاشتراك في القناة وتفعيل الجرس 🔔 لمتابعة أحدث الحلقات والتحليلات! 🎭🔥 #الدم_المشروك #دراما_مغربية #مسلسل_مشوق #إثارة #قصة_مشوقة انضم إلى عائلة الديكتاتوريين واستمتع بمحتوى نقدي وترفيهي لا مثيل له! 🔥🎬","تسركيلة,tserkila,nationalebedarija2,twins,توأم مغربي,ناشيونال بالدارجة,الدم المشروك,رحمة,مسلسل جرح قديم,مسلسل رحمة,مسلسلات رمضان 2025,الدم المشروك الحلقة 22,الدم المشروك 24,دنيا بوطازوت",23,Comedy,"Entertainment,Film,Television_program",PT15M,900,2d,hd,false,ar,ar,https://i.ytimg.com/vi/l8-1dJ19NA8/maxresdefault.jpg,1,,,,,886228,35895,,0,2180
48,UC--sV_rnu94eY4hXFwoVmSA," Nationale Bedarija2-ناشيونال بالدارجة ",ki_DCoulbCM,2025-03-19T00:36:35Z,"2025-03-19 00:36:35","وقعات لينا أكبر عملية نصب فرمضان! عاونا 200 أسرة","تعرضنا لعملية نصب وطلعنا للجبال باش نعاونو 200 أسرة بفضل مساهماتكم لأول مرة فيا لمغرب مبادرة من خلال ال super thanks. 🔔 اشترك الآن وكن ضمن أقوى قاعدة على يوتيوب! 💥👑 انضم إلى عائلة الديكتاتوريين واستمتع بمحتوى نقدي وترفيهي لا مثيل له! 🔥🎬","تسركيلة,tserkila,nationalebedarija2,twins,توأم مغربي,ناشيونال بالدارجة,رمضان,الدم المشروك,دوزيم,القناة الثانية,مبادرة رمضان,عقارات,عقارات المغرب,رامز جلال,دنيا بوطازوت",23,Comedy,,PT16M17S,977,2d,hd,false,ar,ar,https://i.ytimg.com/vi/ki_DCoulbCM/maxresdefault.jpg,1,,,,,406882,34903,,0,2392
49,UC--sV_rnu94eY4hXFwoVmSA," Nationale Bedarija2-ناشيونال بالدارجة ",ZLIgQOvMrqU,2025-03-13T23:35:50Z,"2025-03-13 23:35:50","أشهر فيلم فهاد رمضان! كوريتا هربات ومها بكات بسبب الفلوس لي مشات","هروب سلميتا كوريتا من دارهوم و أمها تشتمها في الستوريات على الإنستغرام مع انهيارهها بالبكاء بسبب أقوال أمها على أنها معفونة ولجيها علاقات غير شرعية في المقهى المعلومة مع أوس أوس أي أسامة 🔔 اشترك الآن وكن ضمن أقوى قاعدة على يوتيوب! 💥👑 انضم إلى عائلة الديكتاتوريين واستمتع بمحتوى نقدي وترفيهي لا مثيل له! 🔥🎬","تسركيلة,tserkila,nationalebedarija2,twins,توأم مغربي,ناشيونال بالدارجة,كوريتا,عقارات,عقارات المغرب,سلميتا كوريتا,سلمى كوريتا و اسامة,salmita corita,reaction,reaction maroc",23,Comedy,"Entertainment,Film",PT15M12S,912,2d,hd,false,ar,ar,https://i.ytimg.com/vi/ZLIgQOvMrqU/maxresdefault.jpg,1,,,,,760690,41401,,0,1837
50,UC--sV_rnu94eY4hXFwoVmSA," Nationale Bedarija2-ناشيونال بالدارجة ",PjoHeQN-CnM,2025-03-03T00:36:24Z,"2025-03-03 00:36:24","حقيقة مول السردين لي فضح أشهر مافيا! و الملك عصب الجيران بالخرفان","#عبد الإله_مول_الحوت شاب مغربي اشتهر عبر #تيك_توك ببيع السمك بأثمان زهيدة وانتقد جشع التجار وزيادة الأسعار، ليتم إغلاق محله. القرار ضد الشاب أثار جدلا واسعا وتفاعلا شعبيا وصل إلى البرلمان ومخاطبة نائبة لوزير الفلاحة والصيد البحري و ملك المغرب يلغي عيد الأضحى. 🔔 اشترك الآن وكن ضمن أقوى قاعدة على يوتيوب! 💥👑 انضم إلى عائلة الديكتاتوريين واستمتع بمحتوى نقدي وترفيهي لا مثيل له! 🔥🎬","تسركيلة,tserkila,nationalebedarija2,twins,توأم مغربي,ناشيونال بالدارجة,إغلاق محل عبدالإله الحوت,احتجاج,ارتفاع,ارتفاع أسعار الأسماك,البحر المتوسط,العربية,المغرب,برلمان,بيع,تجار الأسماك,تجارة الأسماك,تجفيف الأسماك,تخزين الأسماك,تفاعلكم,تفاعلكم الحلقة كاملة,جدل,سارة الدندراوي,سارة دندراوي,سردين,سمك,سوق سمك,شبك,صيد,صيد السردين,صيد سمك,عبد الإله الحوت,غضب,فاطمة الزهراء التامني,فتح عبد الإله,كيد,مراكش,مضاربة,منافسة,نظافة",23,Comedy,Society,PT14M34S,874,2d,hd,false,ar,ar,https://i.ytimg.com/vi/PjoHeQN-CnM/maxresdefault.jpg,1,,,,,728860,48455,,0,2784
51,UC--sV_rnu94eY4hXFwoVmSA," Nationale Bedarija2-ناشيونال بالدارجة ",zbjgruQxuq4,2025-02-25T00:28:25Z,"2025-02-25 00:28:25","حقيقة طلاق بسمة بوسيل! جنون الإعلام المصري و بكاء تامر حسني المشهور","🔔 اشترك الآن وكن ضمن أقوى قاعدة على يوتيوب! 💥👑 انضم إلى عائلة الديكتاتوريين واستمتع بمحتوى نقدي وترفيهي لا مثيل له! 🔥🎬 بسمة بوسيل, بسمة بوسيل وتامر حسني, بسمة بوسيل ستار اكاديمي, بسمة بوسيل لا ثواني, بسمة بوسيل مع محمد قيس, بسمة بوسيل ستار اكاديمي 6, بسمة بوسيل اغنية الطفولة, بسمة بوسيل انا بدي طير, بسمة بوسيل البدايات, بسمة بوسيل ويحيى صويص, بسمة بوسيل اغاني, بسمة بوسيل يوم بعد يوم, بسمه بوسيل يا خرابة البيوت, بسمة بوسيل يوم ليك, بسمة بوسيل يوميات ستار اكاديمي, بسمة بوسيل ياك جرحي, بسمة بوسيل يا اسوء حاجة حصلتلي, بسمة بوسيل مع يحيى صويص, بسمة بوسيل علاش يا غزالي, بسمه بوسيل اتكلم ولا لا ياقلبي, يوميات بسمة بوسيل في ستار اكاديمي, يوم بعد يوم بسمة بوسيل, يوميات ستار اكاديمي بسمة بوسيل, يا عالم ارضي محروقة بسمة بوسيل, بسمة بوسيل زي مايكون العوض, بسمة بوسيل واش يبقالي, تامر حسني يتجاهل بسمة بوسيل, تامر حسني يتحدث عن بسمة بوسيل, بسمة بوسيل وتامر حسني في ستار اكاديمي, بسمة بوسيل وعمرو دياب, بسمة بوسيل وجليلة, بسمة بوسيل وتامر, بسمة بوسيل ومحمد باش, بسمة بوسيل وتامر حسني متسالنيش, بسمة بوسيل ومحمد قيس, بسمة بوسيل ورضوى الشربيني, وبسمة بوسيل, والدة بسمة بوسيل, والد بسمة بوسيل, واش يبقالي الا راح الغالي بسمة بوسيل, وحالتنا مش جديدة بسمة بوسيل, ولا داري بسمة بوسيل, ولادة بسمة بوسيل, وشوشة بسمة بوسيل, تامر حسني وبسمة بوسيل, مي حلمي وبسمة بوسيل, بسمة بوسيل هبدا اعيش, بسمة بوسيل هلا انا عرفت, بسمة بوسيل هاد الجبال, بسمة بوسيل وهنا الزاهد, بسمة بوسيل وهالة سرحان, بسمة بوسيل هالة سرحان, بسمة بوسيل هاد الجبال تعانق فيا, بسمة بوسيل هنرجع انا وتامر, بسمة بوسيل هد الجبال, بسمة بوسيل هبة طوجي, هل بسمة بوسيل رجعت تامر حسني, هل بسمة بوسيل انفصلت عن تامر حسني, هبدا اعيش بسمة بوسيل, هلا انا عرفت مين اللي بيختار بسمة بوسيل, هاني البحيري بسمة بوسيل, هجوم مي حلمي على بسمة بوسيل, هاد الجبال بسمة بوسيل, هجوم على بسمة بوسيل, هادي الجبال بسمة بوسيل, بسمة بوسيل ناسيني ليه, بسمة بوسيل نعمة الافوكاتو, بسمة بوسيل نعمة الافوكاتو العوض, بسمة بوسيل نبكي بدموع, بسمة بوسيل نار, بسمة بوسيل نعمة الافوكاتو تتر النهاية, بسمة بوسيل ناسيني, بسمة بوسيل نعمة, بسمة بوسيل ندمت, بسمة بوسيل نهائي ستار اكاديمي, ناسيني ليه بسمة بوسيل, نعمة الافوكاتو بسمة بوسيل, نبكي بدموعي بسمة بوسيل, نبكي بدموع سبب مشاكلي بسمة بوسيل, نضال الاحمدية بسمة بوسيل, ناسيني ليه بصوت بسمة بوسيل, نعمة الافوكاتو تتر بسمة بوسيل, بسمة بوسيل في فرح ميرنا نور الدين, بكرا شي نهار بسمة بوسيل, بسمة بوسيل متسألنيش, بسمة بوسيل مع تامر حسني, بسمة بوسيل مين اللي بيختار, بسمة بوسيل مع المدرب, بسمة بوسيل مع اولادها, بسمة بوسيل مسلسل نعمة الافوكاتو, بسمة بوسيل مع كارول, بسمة بوسيل مع تامر, مقابلة بسمة بوسيل, ممكن تسيبني اشتري عمري اللي باقي بسمة بوسيل, مين اللي بيختار بسمة بوسيل, من هي بسمة بوسيل, ماما المجال بسمة بوسيل, مالك بسمة بوسيل, متسالنيش بسمة بوسيل, مي حلمي عن بسمة بوسيل, معلومات عن بسمة بوسيل, منزل بسمة بوسيل, بسمة بوسيل لقاء, بسمة بوسيل لو فعلا بتهمك راحتي, بسمة بوسيل لو بص في عيني, بسمة بوسيل للطفولة, بسمة بوسيل لو بص لي, بسمة بوسيل للطفل, بسمة بوسيل لا سواني, بسمة بوسيل ليلة حبيبي, بسمة بوسيل لقاء صحفي, لقاء بسمة بوسيل, لا ثواني بسمة بوسيل, لو فعلا بتهمك راحتي بسمة بوسيل, لو بص في عيني بسمة بوسيل, ليلة يا حبيبي بسمة بوسيل, لا اخاف من الدنيا بسمة بوسيل, بسمة بوسيل بسمة, لماح بسمة بوسيل, لغة جسد بسمة بوسيل, للطفل والطفولة بسمة بوسيل, بسمة بوسيل كفاياك اعذار, بسمة بوسيل كوفر, بسمة بوسيل كفر, بسمة بوسيل كل سنة وانت طيب, بسمة بوسيل كوفر جروحي, بسمة بوسيل كم عمرها, بسمة بوسيل كارول, بسمة بوسيل كليب, بسمة بوسيل الطفل والطفولة, بدايات بسمة بوسيل, بسمة بوسيل ويحيى ستار اكاديمي 6, بسمة بوسيل ستار اكاديمي 6 ست الحبايب, بسمة بوسيل وتامر حسني ستار اكاديمي 6, الا راح الغالي بسمة بوسيل, بسمة طليقة تامر حسني","تسركيلة,tserkila,nationalebedarija2,twins,توأم مغربي,ناشيونال بالدارجة,بسمة بوسيل,بسمة بوسيل وتامر حسني,بسمة بوسيل ستار اكاديمي,بسمة بوسيل لا ثواني,بسمة بوسيل مع محمد قيس,بسمة بوسيل ستار اكاديمي 6,بسمة بوسيل اغنية الطفولة,بسمة بوسيل انا بدي طير,بسمة بوسيل البدايات,بسمة بوسيل ويحيى صويص,bassma boussel,tamer hosny,bassma boussel star academy,تامر حسني,المشهد بسمة بوسيل,المشهد الاخير",23,Comedy,Entertainment,PT21M31S,1291,2d,hd,false,ar,ar,https://i.ytimg.com/vi/zbjgruQxuq4/maxresdefault.jpg,1,,,,,722313,42046,,0,2639
52,UC--sV_rnu94eY4hXFwoVmSA," Nationale Bedarija2-ناشيونال بالدارجة ",TckNxdO70mM,2025-02-19T22:13:48Z,"2025-02-19 22:13:48","دارت راسها فقيرة وضحكات علينا! غادي نعاونو 100 عائلة","لأول مرة في المغرب مبادرة قفف رمضان بطريقة جديدة. طريقة المساهمة بسيطة يكفي تضغط على زر الsuper thanks وتشتري تعليق من يوتيوب بالقيمة التي تناسبك جعلها الله في ميزان حسناتكم. تقبل الله منا ومنكم","الخير,عقارات,مبادرات خيرية,تسركيلة,ناشيونال بالدارجة,قفف رمضان,مغرب,tserkila,nationale b darija",23,Comedy,,PT12M17S,737,2d,hd,false,ar,ar,https://i.ytimg.com/vi/TckNxdO70mM/maxresdefault.jpg,1,,,,,375742,53472,,0,5959
53,UC--sV_rnu94eY4hXFwoVmSA," Nationale Bedarija2-ناشيونال بالدارجة ",B3YWOvMjHys,2025-02-16T23:26:47Z,"2025-02-16 23:26:47","كاتغسل ليه رجليه بمليون فالنهار! الزوجة المطيعة","مكينة الزريعة لسيدك رشيد: https://share.temu.com/hgCDAbRdeMA","تسركيلة,تيك توك,رياكشن ضحك,morocco,ناشيونال بالدارجة,توام,tiktok,e commerce,ecommerce maroc",23,Comedy,,PT14M16S,856,2d,hd,false,ar,ar,https://i.ytimg.com/vi/B3YWOvMjHys/maxresdefault.jpg,1,,,,,802713,46816,,0,3019
54,UC--sV_rnu94eY4hXFwoVmSA," Nationale Bedarija2-ناشيونال بالدارجة ",jQCkJz4EmBM,2025-02-12T23:27:40Z,"2025-02-12 23:27:40","زواج التيك توك مع الفقيه! بغاتو صلع وعندو الفلوس","الفقيه معاد آيت العين يزوج الناس في لايفات على التيك توك وغالبا لا تنتهي المكالمات بالزواج !","الفقيه الزواج,الفقيه معاد,لايف مع الفقيه,زواج مع الفقيه,لايف زواج فقيه,زواج كيمو,لايف زواج,لايف للزواج,تسركيلة,عقارات,عقارات الدار البيضاء,توأم,nationale bedarija,2m,2m ramadan 2025,ناشيونال بالدارجة,nationale bedarija 2-ناشيونال بالدارجة,nationale bedarija-ناشيونال بالدارجة,dictator,twam mouad marwane",23,Comedy,,PT23M41S,1421,2d,hd,false,ar,ar,https://i.ytimg.com/vi/jQCkJz4EmBM/maxresdefault.jpg,1,,,,,1632417,78358,,0,4210
55,UC--sV_rnu94eY4hXFwoVmSA," Nationale Bedarija2-ناشيونال بالدارجة ",Nyd0ee9OGDU,2025-02-07T23:00:59Z,"2025-02-07 23:00:59","التبهديل فطريق التحدي! جيهان كيداري قمعاتهوم فالبرنامج","برنامج طريق التحدي جميع البرايمات على القناة الثانية المغربية طريق التحدي البرايم, طريق التحدي البرايم الرابع, طريق التحدي البرايم الخامس, طريق التحدي البرايم الثاني, طريق التحدي البرايم الاول, برنامج طريق التحدي البرايم الاول, برنامج طريق التحدي البرايم الثاني, طريق التحدي 2m البرايم الثاني, طريق التحدي 2m البرايم الاول, طريق التحدي 2m البرايم 2, ياك نتي ديما في البال, طريق الاندماج, بطريق الامبراطور, بطريق ازرق, بطريق اصفر, بطريق امبراطور, بطريق جميل, طريق الارتقاء, طريق للعالمية, نادي ضيافة أكاديمية اوران, فترة اعداد فريق كرة قدم, نتائج المسابقه, نطاق التحدي الامثل, نادي بري, طريق الى كره الذهبيه, طريقة التسجيل في medinabet, البرايم الثاني من طريق التحدي, البرايم 2 من طريق التحدي, كم تبعد نقطة الجزاء عن المرمى, كم تبلغ مساحة المرمى, ما هو المضمار, كيف تصبح عداء ماراثون, قيمرستا من الصفر, قوه التحدي, الطريق الى ديفيجن 1, الطريق الى الدفجن 1, الطريق الى الكره الذهبيه 28, في قلبي طاقة كالرياح, غ ٤, غيث مروان التحدي, غيث 1, برومو كود مقابل المشاركة في السباق, طريقة الرهان على المباريات, ض غ ط ارسينك, ظ و ض, ظ ٩, ظ 8, ظ 1, طالع نازل 15, طرز الابرة, طيب الطبع, ض تحديات, ضياء أن غوز, ضياء العبدالله الالوان, ضياء العبدالله 22, ضياء 22, طريقة التصويت, صفحة التحدي, ص صقر, ص 45, صفحة تحدي, شرح انقر مساعد, طريقة الصعود الى الهيرويك, سريع بطيء متوسط, سلسلة التجاوز والتقابل, ستار 12, س اتحاد ص, زد 2000, زد رصيدك 77, زد زر, ريما تحدي رفع درجه الحراره, رفع شيلي رانك 30, رسم نهضة بركان, ذاكرة وزان, درب تحدي 41, حل مشكلة ultimate team, جمعية التحدي, جدول 43, جواد الضرب, جدول 98, تحدي الستين يوم, تحدي طبقات الطعام 100, تحدد 30, طريق الى الكره الذهبيه, 0 1 1, 0 0 1 1, 0 0 1, طريقة لعب مباريات السلسلة في 1xbet, طريقة لعب multi, 3 boltx, الحلقه الثالثه من تحديات رمضان, 4-4-1-1, 4 1 1, 4 4 1, 4 في 1, 4 في 4,","تحديات,طريق التحدي,دوزيم,طريق التحدي برايم 4,تسركيلة,القناة الثانية,اينيغما,رياكشن,مسابقات,جائزة مالية,جوائز مالية,ذهب,طقم ذهب,برنامج مع الفاميلا,برنامج النجم الشعبي,ناشيونال بالدارجة,توأم,توأم مغربي",23,Comedy,"Entertainment,Television_program",PT19M33S,1173,2d,hd,false,ar,ar,https://i.ytimg.com/vi/Nyd0ee9OGDU/maxresdefault.jpg,1,,,,,722110,36662,,0,1620
56,UC--sV_rnu94eY4hXFwoVmSA," Nationale Bedarija2-ناشيونال بالدارجة ",-YZryC2bsaw,2025-01-30T23:00:59Z,"2025-01-30 23:00:59","باك صاحبي فبرنامج النجم الشعبي! اتصلنا بمشاركة وعاودات لينا أسرار خطيرة","حقائق صادمة في برنامج النجم الشعبي تظهر لأول مرة بعد أن أبعدوا مشاركة من المنافسة بدون سبب الأمر الذي أزعج متابعي القناة الثانية","النجم الشعبي,2m tv maroc live en direct,2m,اليرايم التالت نجم الشعبي 2m,morocco,nationale bedarija-ناشيونال بالدارجة,nationale b darija,tsrkila,tserkila",23,Comedy,"Entertainment,Television_program",PT24M59S,1499,2d,hd,false,ar,ar,https://i.ytimg.com/vi/-YZryC2bsaw/maxresdefault.jpg,1,,,,,792949,42963,,0,2323
57,UC--sV_rnu94eY4hXFwoVmSA," Nationale Bedarija2-ناشيونال بالدارجة ",nm4i0aTcE-s,2025-01-25T22:52:46Z,"2025-01-25 22:52:46","شرات لبنتها غير سلسلة ديال الذهب! أسماء بيوتي كاتنفس أحمد","أسماء بيوتي عيات من الغنى الفاحش! اشترت لإبنتها سلسلة من الذهب بثمن مرتفع بعد أن أضاعت سلسلة من قبل في البحر هكذا هي مشاكل الأغنياء.","asmaa,asmaa beauty,beauty,vlog,vlogs,maroc,kenitra,أجواء عاشوراء فداري مع خوتي,شبعنا شطيح ستك ستك,عراضة راقية للعائلة,أجواء رمضانية تقليدي,العملية,حمامات,للبيبي,الجديد,ahmed,ahmed vlog,villa,اسماء,أسماء,اسماء بيوتي,أسماء بيوتي,ڤيلا أسماء بيوتي,احمد,أحمد,الحمد لله,ڤيلا راقي,الجديدة,راجلي,الفيلا,3adyani,حمد,حماتي,دازت عليا فالعطلة بتامارة والروينة,روتين العودة الي المدرسة,روتين العودة الي المدرسة مع بناتي,تسركيلة,توأم تسركيلة,ناشيونال بالدارجة,دكتاتور",23,Comedy,,PT13M6S,786,2d,hd,false,ar,ar,https://i.ytimg.com/vi/nm4i0aTcE-s/maxresdefault.jpg,1,,,,,656307,40899,,0,2488
58,UC--sV_rnu94eY4hXFwoVmSA," Nationale Bedarija2-ناشيونال بالدارجة ",DunCNNRsmTk,2025-01-18T23:11:15Z,"2025-01-18 23:11:15","تحاماو علينا هادي اللخرة لينا! ماماها جات زوينة بالميكاب","salmita corita في فيلمها الجديد يعرض يوميا على تيك توك","salmita corita حيدات الحجاب,salmita corita رعب,salmita korita,salmita corita لعبة مريم,salmita corita اندومي,salmita corita وصفات المتابعين,salmita y oscar,salmita corita نزعت الحجاب,لالة مولاتي salmita corita,bimo,td7ek tkhser,memes,storie time,story time,ecommerce,ecommerce business,ecommerce website,ecommerce business beginners,ecommerce website wordpress,ecommerce 2022,ecommerce course,ecommerce local maroc,ecommerce product,تسركيلة توام",23,Comedy,Entertainment,PT19M38S,1178,2d,hd,false,ar,ar,https://i.ytimg.com/vi/DunCNNRsmTk/maxresdefault.jpg,1,,,,,1466620,93405,,0,6764
59,UC--sV_rnu94eY4hXFwoVmSA," Nationale Bedarija2-ناشيونال بالدارجة ",8GYvjyb_jtE,2025-01-09T23:12:49Z,"2025-01-09 23:12:49","نجاة عتابو بغات تصرفقو! والأمهات بغاو بناتهوم يوليو شيخات فالنجم الشعبي",,"tserkila,nationale bedarija2,dictator,twam,najm cha3bi,2m,anajm achaabi,najat 3tabo,hajib,zina doudia,stati",23,Comedy,"Music,Television_program",PT16M1S,961,2d,hd,false,ar,ar,https://i.ytimg.com/vi/8GYvjyb_jtE/maxresdefault.jpg,1,,,,,844757,50428,,0,2510
60,UC--sV_rnu94eY4hXFwoVmSA," Nationale Bedarija2-ناشيونال بالدارجة ",2BFFUrNj8aM,2024-12-30T22:02:25Z,"2024-12-30 22:02:25","تزوجت فعمرها 12 عام! أسرار العائلة في خطر",,"توأم,تسركيلة توام,ناشيونال بالدارجة 2,بودكاست,بودكاست مغربي,انترفيو,interview,podcast maroc,twins,خديجة بوكرين",23,Comedy,Society,PT15M39S,939,2d,hd,false,ar,ar,https://i.ytimg.com/vi/2BFFUrNj8aM/maxresdefault.jpg,1,,,,,407928,42651,,0,3748
61,UC--sV_rnu94eY4hXFwoVmSA," Nationale Bedarija2-ناشيونال بالدارجة ",Ru_SHIxMn_w,2024-12-28T23:06:25Z,"2024-12-28 23:06:25","منال كانت غاتولد بالفقصة! اللجنة مضاربة و البرنامج فاشل",,"ستار لايت,منال بنشليخة,tv2m,نهائي ستار لايت,morocco,star light,nationale bedarija,national bdarija2,tsrkila,twam,توام,دكتاتور,دكتاتوريين,dictators",23,Comedy,"Entertainment,Television_program",PT14M26S,866,2d,hd,false,ar,ar,https://i.ytimg.com/vi/Ru_SHIxMn_w/maxresdefault.jpg,1,,,,,669071,40150,,0,1894
62,UC--sV_rnu94eY4hXFwoVmSA," Nationale Bedarija2-ناشيونال بالدارجة ",uYd3bSZS6dI,2024-12-19T23:00:57Z,"2024-12-19 23:00:57","حيدات الحجاب وتعرات علينا! هادي اللخرة لينا حيت خوها خنقو البوخار",,"ناشيونال بالدارجة,ناشيونال بالدارجة 2,تسركيلة توام,سالميتا,كوريتا,رياكشن,ردة فعل جونغكوك,تيك توك,هيام ستار,reaction,tserkila,twam,nationale b darija 2,tiktok,salmita corita,dictator",23,Comedy,,PT23M18S,1398,2d,hd,false,ar,ar,https://i.ytimg.com/vi/uYd3bSZS6dI/maxresdefault.jpg,1,,,,,2799105,155293,,0,11293
63,UC--sV_rnu94eY4hXFwoVmSA," Nationale Bedarija2-ناشيونال بالدارجة ",JFHurz_RjWo,2024-12-14T22:39:44Z,"2024-12-14 22:39:44","أرطب ولد! كايخنقو البخار وختو فرحانة بيه توأم مختلف",,,23,Comedy,,PT16M22S,982,2d,hd,false,ar,ar,https://i.ytimg.com/vi/JFHurz_RjWo/maxresdefault.jpg,1,,,,,1106688,63122,,0,3359
64,UC--sV_rnu94eY4hXFwoVmSA," Nationale Bedarija2-ناشيونال بالدارجة ",RfyAyjVdouc,2024-12-08T23:15:02Z,"2024-12-08 23:15:02","ولد الشينوية حيد حوايجو قدام البوليس! خدام بمو عندها 70 عام فتيك توك",,"ولد شنوية,قضية ولد الشنوية,المالكي,ولد الشينوية,رضا ولد الشينويه,شوف تيفي,هالا,تسركيلة التوام,ناشيونال بالدارجة,دنيا بطمة,فاروق لايف,weld chinwiya audio,tata ha,chouf tv,farouk life,twins,tserkila",23,Comedy,,PT17M27S,1047,2d,hd,false,ar,ar,https://i.ytimg.com/vi/RfyAyjVdouc/maxresdefault.jpg,1,,,,,866073,52116,,0,2298
65,UC--sV_rnu94eY4hXFwoVmSA," Nationale Bedarija2-ناشيونال بالدارجة ",75Cqmzf9J4w,2024-12-02T23:06:51Z,"2024-12-02 23:06:51","ميستر كبيدة مابقاش قادر يصبر! واللفيعة جابت ليه مافيا هادي اللخرة ليه",,"ميستر كبيدة,مستر كبيدة تستسترون,رجاء كوين,رجاء اللفيعة,رجاء اللفيعة وعمر,رجاء اللفيعة طلاق,rajaa queen,raja queen omar,raja queen طلاق,reaction pause flow,reaction bns,tserkila,nationale bedarija,twins,تسركيلة التوام,تسركيلة,ردة فعل على بن نسنس,دنيا بطمة,دنيا,دنيا بطمة مطلقة,dounia batma,dounia batma chaabi,weld chinwiya,ولد الشينوية",23,Comedy,Entertainment,PT22M36S,1356,2d,hd,false,ar,ar,https://i.ytimg.com/vi/75Cqmzf9J4w/maxresdefault.jpg,1,,,,,924278,45012,,0,2831
66,UC--sV_rnu94eY4hXFwoVmSA," Nationale Bedarija2-ناشيونال بالدارجة ",OfOGFO7iFk4,2024-11-28T22:09:22Z,"2024-11-28 22:09:22","حقيقة قسمة ونصيب! جاهوم الجوع وبدلو الدين فالفيلا الماجنة",,"قسمة ونصيب,تسركيلة,زكية قسمة ونصيب,وجدان,qesma w naseeb 2,wejden,tserkila,nationale b darija,nationale,dictator",23,Comedy,Society,PT14M18S,858,2d,hd,false,ar,ar,https://i.ytimg.com/vi/OfOGFO7iFk4/maxresdefault.jpg,1,,,,,478052,22568,,0,822
67,UC--sV_rnu94eY4hXFwoVmSA," Nationale Bedarija2-ناشيونال بالدارجة ",VN3EgoIqu2o,2024-11-21T22:12:22Z,"2024-11-21 22:12:22","حقيقة سجن دنيا بطمة! مؤامرة حمزة مون بيبي و كيفاش طاحت فالشبكة",,"المغرب,السنة الجديدة,الحبس,مريم الإدريسي,باطما,بطمة,بطما,باطمة,دنيا,ابتسام,حمزة مون بيبي,hamza mon bb,saida charaf,سعيدة شرف,chouf tv,شوف تيفي,soukaina glamour,سكينة كلامور,سجن دنيا بطمة,سيمو بن بشير,عيشة عياش,dunia batma,batma,btisam batma,nationale bedarija,dictator,tserkila,tsrkila,nationalebedarija2,ديدي,حقيقة ديدي,قصص",23,Comedy,Society,PT24M33S,1473,2d,hd,true,ar,ar,https://i.ytimg.com/vi/VN3EgoIqu2o/maxresdefault.jpg,1,,,,,1070183,40952,,0,2522
68,UC--sV_rnu94eY4hXFwoVmSA," Nationale Bedarija2-ناشيونال بالدارجة ",oRKaDRe5JRE,2024-11-15T23:01:41Z,"2024-11-15 23:01:41","عجباتو المشاركة وبغا يشوفها ولكن! ستار لايت المجنون",,"ستار لايت,أسماء لمنور,سطار لايت,بث مباشر,المنتخب المغربي,وليد الركراكي,تسركيلة,ناشيونال بالدارجة 2,ستار لايت 2024,ستار لايت 2024 البرايم 3,قسمة ونصيب,رياكشن,starlight 2m 2024,starlight 2m 2024 prime 3,2m,2m maroc,reaction,nationale bedarija 2,tserkila,twins,mouad marwane,rachid show,باحة إستراحة,طاليس,starlight,مايك تايسن,المغرب الغابون,هدف الصيباري",23,Comedy,Entertainment,PT15M25S,925,2d,hd,false,ar,ar,https://i.ytimg.com/vi/oRKaDRe5JRE/maxresdefault.jpg,1,,,,,708224,27675,,0,1435
69,UC--sV_rnu94eY4hXFwoVmSA," Nationale Bedarija2-ناشيونال بالدارجة ",7xcXk1uCbP0,2024-11-11T22:40:36Z,"2024-11-11 22:40:36","أسماء بيوتي كاتخسر مليون فالنهار! وبناتها كاياكلو غير البيتزا","الإنستغرام آحبابي https://www.instagram.com/nationale_bedarija","asma beauty,nationale bedarija,tserkila,mouad marwane,asmaa beauty,راجلي,ناشيونال بالدارجة 2,تسركيلة,dictator,dictators,twins,dictator twins,reaction maroc,tiktokmaroc",23,Comedy,,PT16M1S,961,2d,hd,false,ar,ar,https://i.ytimg.com/vi/7xcXk1uCbP0/maxresdefault.jpg,1,,,,,879322,33245,,0,1984
70,UC--sV_rnu94eY4hXFwoVmSA," Nationale Bedarija2-ناشيونال بالدارجة ",Ys708lfPv9Y,2024-11-05T22:57:56Z,"2024-11-05 22:57:56","الحب أعمى حبيبي! هاجر وسيمو فركعو الرمانة وخرجو ليها نيشان Love is Blind Habibi",,"Love is Blind Arab إلهام علي,Love is Blind Arabic حلقة لم الشمل,Love is Blind Habibi,الحب أعمى حبيبي,خالد صقر,مسلسلات نتفلكس,نتفلكس,نتفليكس,تسركيلة,ناشيونال بالدارجة 2,هاجر و سيمو",23,Comedy,"Entertainment,Television_program",PT19M1S,1141,2d,hd,false,ar,ar,https://i.ytimg.com/vi/Ys708lfPv9Y/maxresdefault.jpg,1,,,,,535202,23571,,0,1114
71,UC--sV_rnu94eY4hXFwoVmSA," Nationale Bedarija2-ناشيونال بالدارجة ",WA4QwTspylM,2024-10-31T22:20:29Z,"2024-10-31 22:20:29","حقيقة الشينوي! ها كيفاش استغل المغاربة الحنان و جمع 28 مليون",,"تسركيلة,ناشيونال بالدارجة,ديكتاتور,المالكي,الياس المالكي,نور الدين الشينوي,شينوي,chinwi,tokal,farouk life,توكال,abo hamza,موازين,لالة العروسة,شوف تيفي,ستار لايت,tiktokmaroc,قسمة ونصيب",23,Comedy,,PT13M3S,783,2d,hd,false,ar,ar,https://i.ytimg.com/vi/WA4QwTspylM/maxresdefault.jpg,1,,,,,434458,18481,,0,841
72,UC--sV_rnu94eY4hXFwoVmSA," Nationale Bedarija2-ناشيونال بالدارجة ",1_ZHzTrirmg,2024-10-23T21:07:19Z,"2024-10-23 21:07:19","فاتوا كل الحدود! وجدان و صفاء بوس وعناق في المسبح Qesma w Nasseb","مشاهد قسمة ونصيب,شاهد قسمة ونصيب,الحب والعشق,قسمة ونصيب,منزل الحب,ريتا حرب قسمة ونصيب,منزل قسمة ونصيب,جزيرة الحب,قسمة ونصيب – Qesmanaseeb,برنامج قسمة ونصيب,فرح قسمة ونصيب,جيهان قسمة ونصيب,لارا قسمة ونصيب,ندى قسمة ونصيب,نور قسمة نصيب,مشتركين قسمة زنصيب,ريتا حرب,جميع حلقات قسمة ونصيب,قسمة ونصيب الحلقة الجديدة,احمد قسمة ونصيب,محمد قسمة ونصيب,قسمة ونصيب الموسم 2 الحلقة 31,تغيرت جميع الموازين في قسمة ونصيب,لتبدأ التحالفات!","مشاهد قسمة ونصيب,شاهد قسمة ونصيب,الحب والعشق,قسمة ونصيب,منزل الحب,ريتا حرب قسمة ونصيب,منزل قسمة ونصيب,جزيرة الحب,قسمة ونصيب – Qesmanaseeb,برنامج قسمة ونصيب,فرح قسمة ونصيب,جيهان قسمة ونصيب,لارا قسمة ونصيب,ندى قسمة ونصيب,نور قسمة نصيب,مشتركين قسمة زنصيب,ريتا حرب,جميع حلقات قسمة ونصيب,قسمة ونصيب الحلقة الجديدة,احمد قسمة ونصيب,محمد قسمة ونصيب,قسمة ونصيب الموسم 2 الحلقة 7,تغيرت جميع الموازين في قسمة ونصيب,nationale bedarija,ريتا حرب عروس بيروت",23,Comedy,"Entertainment,Television_program",PT11M16S,676,2d,hd,false,ar,ar,https://i.ytimg.com/vi/1_ZHzTrirmg/maxresdefault.jpg,1,,,,,247576,15141,,0,739
73,UC--sV_rnu94eY4hXFwoVmSA," Nationale Bedarija2-ناشيونال بالدارجة ",fZLJGd_JiIs,2024-10-19T17:35:23Z,"2024-10-19 17:35:23","هادشي كان كايدوز فالتلفازة! نيتفليكس فالمغرب",,"Nationale bedarija,Tserkila,Tsrkila,Tiktok maroc,قسمة ونصيب,Qesmawnaseb",23,Comedy,,PT9M8S,548,2d,hd,false,ar,ar,https://i.ytimg.com/vi/fZLJGd_JiIs/maxresdefault.jpg,1,,,,,426000,19350,,0,1270
74,UC--sV_rnu94eY4hXFwoVmSA," Nationale Bedarija2-ناشيونال بالدارجة ",DV5FNqBagq0,2024-10-17T20:58:08Z,"2024-10-17 20:58:08","Love is Blind Habibi بغات مليونير يصرف عليها! الحب أعمى حبيبي",,,23,Comedy,"Entertainment,Television_program",PT9M24S,564,2d,hd,false,ar,ar,https://i.ytimg.com/vi/DV5FNqBagq0/maxresdefault.jpg,1,,,,,245796,11885,,0,537
75,UC--sV_rnu94eY4hXFwoVmSA," Nationale Bedarija2-ناشيونال بالدارجة ",ms3T_M6xFnw,2024-09-29T22:34:57Z,"2024-09-29 22:34:57","برنامج مقرف! وجدان و زكية دايرين مجهود كبير Qesma w Nasseb","مشاهد قسمة ونصيب,شاهد قسمة ونصيب,الحب والعشق,قسمة ونصيب,منزل الحب,ريتا حرب قسمة ونصيب,منزل قسمة ونصيب,جزيرة الحب,قسمة ونصيب – Qesmanaseeb,برنامج قسمة ونصيب,فرح قسمة ونصيب,جيهان قسمة ونصيب,لارا قسمة ونصيب,ندى قسمة ونصيب,نور قسمة نصيب,مشتركين قسمة زنصيب,ريتا حرب,جميع حلقات قسمة ونصيب,قسمة ونصيب الحلقة الجديدة,احمد قسمة ونصيب,محمد قسمة ونصيب,قسمة ونصيب الموسم 2 الحلقة 7,تغيرت جميع الموازين في قسمة ونصيب,لتبدأ التحالفات!","مشاهد قسمة ونصيب,شاهد قسمة ونصيب,الحب والعشق,قسمة ونصيب,منزل الحب,ريتا حرب قسمة ونصيب,منزل قسمة ونصيب,جزيرة الحب,قسمة ونصيب – Qesmanaseeb,برنامج قسمة ونصيب,فرح قسمة ونصيب,جيهان قسمة ونصيب,لارا قسمة ونصيب,ندى قسمة ونصيب,نور قسمة نصيب,مشتركين قسمة زنصيب,ريتا حرب,جميع حلقات قسمة ونصيب,قسمة ونصيب الحلقة الجديدة,احمد قسمة ونصيب,محمد قسمة ونصيب,قسمة ونصيب الموسم 2 الحلقة 7,تغيرت جميع الموازين في قسمة ونصيب,لتبدأ التحالفات!,nationale bedarija,tserkila",23,Comedy,"Entertainment,Television_program",PT11M5S,665,2d,hd,false,ar,ar,https://i.ytimg.com/vi/ms3T_M6xFnw/maxresdefault.jpg,1,,,,,478490,23528,,0,1780
76,UC--sV_rnu94eY4hXFwoVmSA," Nationale Bedarija2-ناشيونال بالدارجة ",k8e5DP0mpvs,2024-09-27T19:32:20Z,"2024-09-27 19:32:20","نهاية مستر كبيدة و اللفيعة! أسرار خطيرة",,"مستر كبيدة,لفيعة,رجاء,rajaa style,rajaa queen,omar rajae,عمر رجاء كوين,طلاق عمر ورجاء,tiktok maroc,tiktok 2024 maroc,sari cool,المغرب,ناشيونال بالدارجة,تسركيلة,tsrkila,tserkila",23,Comedy,Entertainment,PT9M26S,566,2d,hd,false,ar,ar,https://i.ytimg.com/vi/k8e5DP0mpvs/maxresdefault.jpg,1,,,,,251522,13979,,0,704
77,UC--sV_rnu94eY4hXFwoVmSA," Nationale Bedarija2-ناشيونال بالدارجة ",B7DLKctM2QQ,2024-09-22T21:47:19Z,"2024-09-22 21:47:19","مابغيتش نسكن مع مك! باش نلبس بيكيني فالدار",,"تسركيلة,ماتشي,برنامج تونسي,تصاحيب,تيك توك المغرب,tserkila,tsrkila,matchy matchy,tata,طاطا,tiktok 2024,tiktok maroc,tunisie,تونس,أخبار تونس",23,Comedy,,PT9M55S,595,2d,hd,false,ar,ar,https://i.ytimg.com/vi/B7DLKctM2QQ/maxresdefault.jpg,1,,,,,247119,13506,,0,625
78,UC--sV_rnu94eY4hXFwoVmSA," Nationale Bedarija2-ناشيونال بالدارجة ",1YUXOaOSVTk,2024-09-15T23:05:54Z,"2024-09-15 23:05:54","كولشي هرب من المغرب! 15 سبتمبر لقاء الحراكة",,"تسركيلة,ناشيونال بالدارجة,فنيدق,هجرة سرية,حراكة,اسبانيا,الهجرة الجماعية المغرب,هجرة 15 شتنبر,سبتة,هجرة جماعية سرية إلى سبتة",23,Comedy,"Politics,Society",PT9M29S,569,2d,hd,false,ar,ar,https://i.ytimg.com/vi/1YUXOaOSVTk/maxresdefault.jpg,1,,,,,140529,9819,,0,892
79,UC--sV_rnu94eY4hXFwoVmSA," Nationale Bedarija2-ناشيونال بالدارجة ",YRXRsk6uDSQ,2024-09-12T20:43:22Z,"2024-09-12 20:43:22","مشكل كبير عند أسماء بيوتي بسبب الدخول المدرسي!",,"ناشيونال بالدارجة,تسركيلة,الدخول المدرسي,بن موسى,أسماء بيوتي,asma beauty",23,Comedy,,PT9M53S,593,2d,hd,false,ar,ar,https://i.ytimg.com/vi/YRXRsk6uDSQ/maxresdefault.jpg,1,,,,,514766,19081,,0,966
80,UC--sV_rnu94eY4hXFwoVmSA," Nationale Bedarija2-ناشيونال بالدارجة ",pZQdKbGL90c,2024-09-07T19:50:03Z,"2024-09-07 19:50:03","بغاو يبيعو الدار بالجنون ديالها! غير ب 54 مليون",,"ناشيونال بالدارجة,تسركيلة,دار للبيع,تيك توك,بنسنس,nationale bedarija,tserkila,tsrkila,bnsns,tiktok maroc",23,Comedy,,PT9M41S,581,2d,hd,false,ar,ar,https://i.ytimg.com/vi/pZQdKbGL90c/maxresdefault.jpg,1,,,,,333793,14809,,0,894
81,UC--sV_rnu94eY4hXFwoVmSA," Nationale Bedarija2-ناشيونال بالدارجة ",DqmMpjfG4GQ,2024-08-31T20:17:20Z,"2024-08-31 20:17:20","آخر ما كاين فالعراسات! الحجاب ماكاينش فالدين و حنا متفتحين",,"سعاد صابر,فاطمة خير,أخنوش,ساتيا ساي,المهدي المنتظر,لالة العروسة,صورة الرسول,موسم مولاي عبد الله 2024,موسم مولاي عبد الله امغار,عبد العزيز الستاتي,جماعة مولاي عبد الله,الجديدة,السحر والشعوذة,مصطفى لخصم,أنقدو هشام,خديجة زوجة هشام,الشيخة طراكس,غلاء الاسعار في المغرب,lalla laaroussa,برنامج لالة العروسة 2024,دنيا بوطازوت,nationale bedarija,alaa khaoula,عرس مغربي,اعراس مغربية,رقص,رقص مغربي",23,Comedy,,PT8M25S,505,2d,hd,false,ar,ar,https://i.ytimg.com/vi/DqmMpjfG4GQ/maxresdefault.jpg,1,,,,,614620,22736,,0,1546
82,UC--sV_rnu94eY4hXFwoVmSA," Nationale Bedarija2-ناشيونال بالدارجة ",e4S15osaR-0,2024-08-26T21:30:47Z,"2024-08-26 21:30:47","موسم الشرك و الشعوذة عبد الله أمغار بحال الجنة فالنهار",,"موسم مولاي عبد الله 2024,موسم مولاي عبد الله امغار,عبد العزيز الستاتي,جماعة مولاي عبد الله,الجديدة,السحر والشعوذة,مصطفى لخصم,غلاء الأسعار,انحسار مياه البحر,تسونامي الجديدة,ارتفاع الأسعار,الجامعة الملكية المغربية لألعاب القوى,ليلى عبد اللطيف,سفيان البقالي,البرلماني الشرايبي,خديجة الملالية,خديجة وهشام,أنقدو هشام,خديجة زوجة هشام,الشيخة طراكس,غلاء الاسعار في المغرب,أخنوش,lalla laaroussa,برنامج لالة العروسة 2024,دنيا بوطازوت",23,Comedy,,PT9M10S,550,2d,hd,false,ar,ar,https://i.ytimg.com/vi/e4S15osaR-0/maxresdefault.jpg,1,,,,,309507,19338,,0,1392
83,UC--sV_rnu94eY4hXFwoVmSA," Nationale Bedarija2-ناشيونال بالدارجة ",5PZubnyzUDU,2024-08-09T22:15:17Z,"2024-08-09 22:15:17","سافرات مع صاحبها لتونس! وماماها كاترضي عليها",,"tserkila,nationale bedarija,tiktok maroc,ikbal,ikbal jawad,tiktok maroc 2024,tsarkila",23,Comedy,Tourism,PT12M,720,2d,hd,false,ar,ar,https://i.ytimg.com/vi/5PZubnyzUDU/maxresdefault.jpg,1,,,,,581063,24516,,0,1888
84,UC--sV_rnu94eY4hXFwoVmSA," Nationale Bedarija2-ناشيونال بالدارجة ",3-XW1Ts8sbk,2024-07-25T19:26:30Z,"2024-07-25 19:26:30","فضائح معجبات BTS! قصص واتباد التطبيق البرتقالي",,"tserkila,tsrkila,nationale bedarija,bts,army,reaction maroc,tiktok 2024,tiktok maroc,تسركيلة,بي تي اس,ارمي,بانقتان,قصص واتباد,واتباد,قصص منحرفة واتباد,قصص بي تي اس",23,Comedy,Entertainment,PT9M56S,596,2d,hd,false,ar,ar,https://i.ytimg.com/vi/3-XW1Ts8sbk/maxresdefault.jpg,1,,,,,360907,19504,,0,3411
85,UC--sV_rnu94eY4hXFwoVmSA," Nationale Bedarija2-ناشيونال بالدارجة ",m8rK18NUi9c,2024-07-20T19:17:02Z,"2024-07-20 19:17:02","أوسخ برنامج عربي!😱 Qesma w Naseeb","Qesma w Naseeb #قسمةونصيب #Qesmawnaseeb قسمة ونصيب الحلقة 70 - Qesma w Naseeb أنطلق برنامج تلفزيون الواقع قسمة ونصيب مع النجمة ريتا حرب عبر اليوتيوب ويجمع شابات وشبان من مختلف الوطن العربي في تجربة فريدة بحثاً عن الحب الحقيقي #قسمةونصيب #Qesmawnaseeb","قسمة ونصيب,مشاهدة قسمة ونصيب,برنامج قسمة ونصيب",22,"People & Blogs","Entertainment,Television_program",PT10M3S,603,2d,hd,false,ar,ar,https://i.ytimg.com/vi/m8rK18NUi9c/maxresdefault.jpg,1,,,,,309862,15411,,0,1224
86,UC--sV_rnu94eY4hXFwoVmSA," Nationale Bedarija2-ناشيونال بالدارجة ",AYb02RhkzJw,2024-07-13T20:23:04Z,"2024-07-13 20:23:04","كايشوفو الله بالتبهديل! و البنات بغاو يكونو مدلولات فالزاوية الكركرية",,"الصوفية المغرب,الصوفية المغربية,الحضرة الصوفية المغربية,الفرقة الصوفية المغربية,الزوايا الصوفية بالمغرب,شيوخ الصوفية في المغرب,خرافات الصوفية في المغرب,الطرق الصوفية بالمغرب,بدع الصوفية في المغرب,الطريقة الصوفية في المغرب,التصوف المغربي,التصوف المغرب,الطريقة الكركرية بالمغرب,الطريقة الكركرية الخلوة,الطريقة الكركرية,حقيقة الطريقة الكركرية,ناشيونال بالدارجة,تسركيلة,tiktok,tiktok maroc",22,"People & Blogs",,PT12M3S,723,2d,hd,false,ar,ar,https://i.ytimg.com/vi/AYb02RhkzJw/maxresdefault.jpg,1,,,,,730711,32845,,0,4826
87,UC--sV_rnu94eY4hXFwoVmSA," Nationale Bedarija2-ناشيونال بالدارجة ",3HugqYzehik,2024-07-07T22:37:28Z,"2024-07-07 22:37:28","أخنز فيلم فتاريخ المغرب! البوسان و قلة الحيا مع مروكية حارة",,"ناشيونال بالدارجة,مروكية حارة,هشام العسري,تسركيلة",22,"People & Blogs","Entertainment,Film",PT10M29S,629,2d,hd,false,ar,ar,https://i.ytimg.com/vi/3HugqYzehik/maxresdefault.jpg,1,,,,,537544,21120,,0,1793
88,UC--sV_rnu94eY4hXFwoVmSA," Nationale Bedarija2-ناشيونال بالدارجة ",dPBFmtSXE9w,2024-07-02T19:43:58Z,"2024-07-02 19:43:58","نيكي ميناج غنات بلا سروال! الماسونية و الألوان خرجو ليها نيشان","#موازين #mawazine #festivalmawazine #العيد_الكبير #أخبار_مغربية #lalla_laaroussa #لالة_لعروسة #dounia_boutazout #al_aoula_tv #al_aoula #AlAoula #Aloula #الأولى ,دنيا بوطازوت في لالة لعروسة 2024 لالة العروسة 2024 البرايم Lalla Laaroussa 2024 Prime 4 لالة العروسة البرايم 6 2024, لالة العروسة البرايم 6 2024 al, لالة العروسة البرايم 6 2024 live, lalla laaroussa 2024 prime 7, lalla laaroussa 2024 prime 6, لالة العروسة البرايم 1 2024 maroc, لالة العروسة البرايم 2 2023 new, لالة العروسة البرايم 3 2024 online, لالة العروسة البرايم 6 2024 official, لالة العروسة البرايم 6 2024 part, لالة العروسة البرايم 6 2024 tv, لالة العروسة البرايم 6 2024 video Prime 6 Lalla Laaroussa 2024 | لالة لعروسة البرايم 5 لالة العروسة البرايم 6 2024, لالة العروسة 2024 البرايم 6, لالة العروسة 2024 البرايم 7 لالة العروسة 2024 البرايم 8 لالة العروسة 2024 البرايم 5 لالة العروسة 2024 البرايم السابع لالة العروسة 2024 البرايم النهائي لالة لعروسة البرايم السادس al oula Lalla Laaroussa 2024 - Prime 8 - لالة لعروسة Lalla Laaroussa 2024 - Prime 6 - لالة لعروسة Lalla Laaroussa 2024 - Prime 7 - لالة لعروسة Lalla Laaroussa 2024 - Prime 5 - لالة لعروسة لالة العروسة 2024 البرايم Lalla Laaroussa 2024 Prime 6 لالة العروسة 2024 البرايم Lalla Laaroussa 2024 Prime 4 لالة العروسة 2024 البرايم Lalla Laaroussa 2024 Prime 8 لالة العروسة 2024 البرايم Lalla Laaroussa 2024 Prime 6 لالة العروسة 2024 البرايم Lalla Laaroussa 2024 Prime 7 لالة العروسة 2024 البرايم Lalla Laaroussa 2024 Prime 6 لالة العروسة 2024 البرايم Lalla Laaroussa 2024 Prime 5 Dr. El Hassane Tazi قضية الدكتور التازي وزوجته ٍاعتقال الدكتور التازي اعتقال الدكتور التازي وزوجته طبيب التجميل الحسن التازي قضية الدكتور كريم التازي قضية الدكتور التازي الحسن التازي طبيب الفقراء ابن الدكتور الحسن التازي محامية الدكتور التازي مصحة الدكتور التازي مصحة الشفاء الأسعار الاسعار في المغرب الاسعار في المغرب اليوم انخفاض الأسعار في المغرب غلاء الاسعار في المغرب الوزير اسعار في المغرب اليوم اسعار في المغرب 2024 غلاء الاسعار في المغرب غلاء الاسعار في المغرب 2024 ارتفاع الاسعار في المغرب زيادة الاسعار في المغرب الجاموس البرازيلي Kayna Dorouf - Ep 12- كاينة ظروف الحلقة Kayna Dorouf - Ep 13 - كاينة ظروف الحلقة 13 برامج رمضان : لمكتوب الموسم 2 - الحلقة Kayna Dorouf - Ep 11 - كاينة ظروف الحلقة Kayna Dorouf - Ep 12 - كاينة ظروف الحلقة 13 برامج رمضان : لمكتوب الموسم 2 - الحلقة فاصل ونواصل مراد العشابي #الدكتور_التازي #الدكتور_حسن_التازي #dr_tazi #محمد_مبدع #الفقيه_بنصالح #أخبار_مغربية #الفايد #الدكتور_محمد_الفايد #الفايد_والعلماء #ياسين_العمري #الأستاذ_ياسين_العمري #simo_life #amine_raghib_live #سيمو_لايف #amine_raghib #simolife #غلاء_الأسعار #akhbar_maghribiya #اخنوش #akhbar_maroc #الشرطي_هشام #أخبار_المغرب #آخر_الأخبار #الشرطة_المغربية #dounia_boutazout #al_aoula_tv #al_aoula #غلاء_الأسعار #محمد_الخياري #طارق_البخاري #تحفة_شو #اخبار #دنيا_بطمة #maroc #طارق_البخاري #شوف_تيفي #سعد_المجرد #محمد_الخياري #تضحك_تخسر","نيكي ميناج,محمد رمضان,تسركيلة,امينوكس,هيفاء وهبي,موازين,موازين 2024,تيكتوك,فضيحة موازين,ناشيونال بالدارجة,nicki minage,ateez maroc,شعارات الماسونية,الماسونية المغرب,الماسونية بالمغرب,هل عزيز اخنوش ماسوني,مهرجان موازين,mawazine 2024,ياسين العمري,الشيخة طراكس,سعد لمجرد,مقاطعة موازين,ثمن تذاكر وبطاقات موازين,أثمنة الحولي,ثمن حولي العيد,غلاء الاسعار في المغرب,لالة العروسة,لالة لعروسة,برنامج لالة العروسة 2024",22,"People & Blogs",Entertainment,PT8M4S,484,2d,hd,false,ar,ar,https://i.ytimg.com/vi/dPBFmtSXE9w/maxresdefault.jpg,1,,,,,608875,28931,,0,3533
89,UC--sV_rnu94eY4hXFwoVmSA," Nationale Bedarija2-ناشيونال بالدارجة ",BwIVChOl_ps,2024-06-28T23:21:13Z,"2024-06-28 23:21:13","صافي مشينا فيها أمينوكس بغا يدعينا بسبب موازين!",,,22,"People & Blogs",,PT10M10S,610,2d,hd,false,ar,ar,https://i.ytimg.com/vi/BwIVChOl_ps/maxresdefault.jpg,1,,,,,550949,37164,,0,4771
90,UC--sV_rnu94eY4hXFwoVmSA," Nationale Bedarija2-ناشيونال بالدارجة ",qUbtTdVaqAU,2024-06-25T21:47:42Z,"2024-06-25 21:47:42","فضيحة موازين! البنات كايشطحو و الدراري مبوقين مع صحاباتهوم",,"مهرجان موازين,mawazine 2024,ياسين العمري,الشيخة طراكس,نيكي ميناج,سعد لمجرد,مقاطعة موازين,غلاء الاسعار في المغرب,أخنوش,لالة العروسة,لالة لعروسة,lalla laaroussa,برنامج لالة العروسة 2024,nationale bedarija,ناشيونال بالدارجة,تسركيلة,هيفاء وهبي,الداودية,بلقيس,ateez",22,"People & Blogs",,PT9M22S,562,2d,hd,false,ar,ar,https://i.ytimg.com/vi/qUbtTdVaqAU/maxresdefault.jpg,1,,,,,513623,26053,,0,3546
91,UC--sV_rnu94eY4hXFwoVmSA," Nationale Bedarija2-ناشيونال بالدارجة ",d7--2TLugY4,2024-06-14T23:18:50Z,"2024-06-14 23:18:50","الشيطان و مايقدرش يجاوب على لإمتحان! تلميذة كاتزغرت","امتحانات الباكالوريا 2024 إمتحانات الباكالوريا الإمتحان الجهوي باك حر الإمتحان الوطني baccalauréat باكالوريا آداب, الباك باكالوريا حرة علوم انسانية, باكالوريا علوم اقتصادية, باكالوريا حرة علوم فيزيائية, بكالوريا, باكالوريا اللغة العربية, باكالوريا المغرب, بكالوريا احرار 2024, البكالوريا المهنية, البكالوريا الحرة في المغرب, البكالوريا الدولية, البكالوريا في الجزائر, نتائج البكالوريا معادلة شهادة الباكالوريا في المغرب, شراء شهادة الباكالوريا بالمغرب, شراء الباكالوريا بالمغرب, أخبار التعليم أخبار الدراسة بالمغرب اليوم أخبار التعليم بالمغرب وزارة التعليم بالمغرب وزارة التربية والتعليم المغربية 2023 وزارة التربية والتعليم وزارة التربية الوطنية و التعليم الأولي وزارة التربية الوطنية عاجل وزارة التربية #الباكالوريا #baccalauréat #الإمتحان_الوطني​ #إمتحانات_الباكالوريا​ #الإمتحان_الجهوي #وزارة_التربية_والتعليم #أولى_باك #LBAC​ شجاعة أخنوش ونهاية مهرجان موازين بعد فضيحة اعتقال نيكي ميناج وطرد سعد لمجرد وشجاعة الشيخ ياسين العمري المطالبة ب إلغاء مهرجان موازين و مقاطعة سهرات موازين mawazine 2024 ثمن تذاكر وبطاقات موازين منصة سلا و منصة محمد الخامس والشيخة طراكس و حفلة أم كلثوم Saad Lamjarred | سعد لمجرد فضيحة عيد الأضحى وتبرعات بالملايين وعلاش أخنوش غينقص من ثمن الحولي الصردي من بعد مزاد في البوطة !!! نهاية لالة العروسة بأكبر فضيحة وتطليق متسابقة وانتصار بوطازوت Lalla Laaroussa لالة العروسة دارت أكبر فضيحة فتاريخ قناة الأولى 2024 Lalla Laaroussa يوجد في هذا الفيديو كل ما يتعلق ب '' Lalla Laaroussa - Prime Final - لالة لعروسة دنيا بوطازوت dounia boutazout donia botazot فضيحة برنامج لالة العروسة لالة العروسة كوبل مدينة فاس الدار البيضاء #موازين #mawazine #festivalmawazine #العيد_الكبير #حولي_صردي #عيد_الاضحى #ثمن_الحولي #أخبار_مغربية #lalla_laaroussa #لالة_لعروسة #dounia_boutazout #al_aoula_tv #al_aoula #AlAoula #Aloula #الأولى ,دنيا بوطازوت في لالة لعروسة 2024 لالة العروسة 2024 البرايم Lalla Laaroussa 2024 Prime 4 لالة العروسة البرايم 6 2024, لالة العروسة البرايم 6 2024 al, لالة العروسة البرايم 6 2024 live, lalla laaroussa 2024 prime 7, lalla laaroussa 2024 prime 6, لالة العروسة البرايم 1 2024 maroc, لالة العروسة البرايم 2 2023 new, لالة العروسة البرايم 3 2024 online, لالة العروسة البرايم 6 2024 official, لالة العروسة البرايم 6 2024 part, لالة العروسة البرايم 6 2024 tv, لالة العروسة البرايم 6 2024 video Prime 6 Lalla Laaroussa 2024 | لالة لعروسة البرايم 5 لالة العروسة البرايم 6 2024, لالة العروسة 2024 البرايم 6, لالة العروسة 2024 البرايم 7 لالة العروسة 2024 البرايم 8 لالة العروسة 2024 البرايم 5 Dr. El Hassane Tazi قضية الدكتور التازي وزوجته ٍاعتقال الدكتور التازي اعتقال الدكتور التازي وزوجته طبيب التجميل الحسن التازي قضية الدكتور كريم التازي قضية الدكتور التازي الحسن التازي طبيب الفقراء ابن الدكتور الحسن التازي محامية الدكتور التازي مصحة الدكتور التازي مصحة الشفاء الأسعار الاسعار في المغرب الاسعار في المغرب اليوم انخفاض الأسعار في المغرب غلاء الاسعار في المغرب الوزير اسعار في المغرب اليوم اسعار في المغرب 2024 غلاء الاسعار في المغرب غلاء الاسعار في المغرب 2024 ارتفاع الاسعار في المغرب زيادة الاسعار في المغرب الجاموس البرازيلي Kayna Dorouf - Ep 12- كاينة ظروف الحلقة Kayna Dorouf - Ep 13 - كاينة ظروف الحلقة 13 برامج رمضان : لمكتوب الموسم 2 - الحلقة Kayna Dorouf - Ep 11 - كاينة ظروف الحلقة Kayna Dorouf - Ep 12 - كاينة ظروف الحلقة 13 برامج رمضان : لمكتوب الموسم 2 - الحلقة فاصل ونواصل مراد العشابي #الدكتور_التازي #الدكتور_حسن_التازي #dr_tazi #محمد_مبدع #الفقيه_بنصالح #أخبار_مغربية #الفايد #الدكتور_محمد_الفايد #الفايد_والعلماء #ياسين_العمري #الأستاذ_ياسين_العمري #simo_life #amine_raghib_live #سيمو_لايف #amine_raghib #simolife #غلاء_الأسعار #akhbar_maghribiya #اخنوش #akhbar_maroc #الشرطي_هشام #أخبار_المغرب #آخر_الأخبار #الشرطة_المغربية #dounia_boutazout #al_aoula_tv #al_aoula #غلاء_الأسعار #محمد_الخياري #طارق_البخاري #تحفة_شو #اخبار #دنيا_بطمة #maroc #طارق_البخاري #شوف_تيفي #سعد_المجرد #محمد_الخياري #تضحك_تخسر","الباك 2024,البكالوريا 2024,الباكالوريا,بكالوريا 2024,تلاميذ الباكالوريا,امتحانات الباكالوريا,الامتحان الجهوي,الامتحان الوطني,باك 2024,علوم الحياة والارض svt,lbac 2024,باك حر 2024,باك حر 2024 اللغة العربية,باك اداب 2024,الباك,bac,إمتحانات الباكالوريا,Bac 2024,الوطني,أولى باكالوريا,الإمتحان الجهوي,امتحانات الباكالوريا 2024,امتحان الجهوي اولى باك 2024,lbac,baccalauréat,في الباكالوريا,نتائج البكالوريا,تصحيح امتحان الباك 2024,تصحيح امتحان الجهوي 2024",22,"People & Blogs",,PT9M43S,583,2d,hd,false,ar,ar,https://i.ytimg.com/vi/d7--2TLugY4/maxresdefault.jpg,1,,,,,161718,6988,,0,270
92,UC--sV_rnu94eY4hXFwoVmSA," Nationale Bedarija2-ناشيونال بالدارجة ",nM9OkI3qdiQ,2024-06-12T11:28:17Z,"2024-06-12 11:28:17","تلاميذ الباكالوريا بغاو ينقلو! جا يدوز بعين وحدة Bac 2024",,"تلاميذ الباكالوريا,باك,باك 2024,الوطني,الإمتحان الوطني",22,"People & Blogs","Humour,Society",PT9M30S,570,2d,hd,false,ar,ar,,1,,,,,243058,13525,,0,401
93,UC--sV_rnu94eY4hXFwoVmSA," Nationale Bedarija2-ناشيونال بالدارجة ",S_2wtJO7zYg,2024-06-06T22:16:26Z,"2024-06-06 22:16:26","فضيحة استقبال كريم بنزيما فالجزائر! كايبوسو اليدين للرئيس",,"tserkila,nationale bedarija,reaction,benzima,karim benzima,karim benzema en algérie,قناة الشروق,النهار,الجزائر,استقبال بنزيما,تبون,رئيس الجزائر",22,"People & Blogs",Society,PT9M42S,582,2d,hd,false,ar,ar,,1,,,,,149864,8412,,0,683
94,UC--sV_rnu94eY4hXFwoVmSA," Nationale Bedarija2-ناشيونال بالدارجة ",7E60bWxQRf0,2024-06-01T16:49:05Z,"2024-06-01 16:49:05","الرمضاني بغا يشطح فموازين! و العيد لكبير ماخصوش يكون",,"مهرجان موازين,mawazine 2024,ياسين العمري,نيكي ميناج,سعد لمجرد,مقاطعة موازين,ثمن تذاكر وبطاقات موازين,الخروف الاسباني,الغاء عيد الاضحى 2024,عيد الاضحى,أثمنة الحولي,أثمنة خروف العيد 2024,ثمن حولي العيد,عيد الاضحى 2024 المغرب,العيد الكبير 2024 امتى,اغلى كبش في المغرب 2024,hawli sardi,غلاء أسعار الحولي الصردي,غلاء الاسعار في المغرب,أخنوش,لالة العروسة,لالة لعروسة,lalla laaroussa,برنامج لالة العروسة 2024,دنيا بوطازوت,تسركيلة,ناشيونال بالدارجة",22,"People & Blogs","Politics,Society",PT9M27S,567,2d,hd,false,ar,ar,https://i.ytimg.com/vi/7E60bWxQRf0/maxresdefault.jpg,1,,,,,258246,19576,,0,1466
95,UC--sV_rnu94eY4hXFwoVmSA," Nationale Bedarija2-ناشيونال بالدارجة ",HA2zcluVqao,2024-05-29T19:28:21Z,"2024-05-29 19:28:21","حقيقة السعودي لي حمق المراهقات فمعرض الكتاب! فوضى عارمة","#تسركيلة #أسامة_المسلم #معرض الكتاب #أخبار_مغربية #akhbar_maghribiya #الفايد #الدكتور_محمد_الفايد #الفايد_والعلماء #ياسين_العمري #الأستاذ_ياسين_العمري #simo_life #amine_raghib_live #سيمو_لايف #amine_raghib #simolife #غلاء_الأسعار #اخنوش #akhbar_maroc #الشرطي_هشام #أخبار_المغرب #آخر_الأخبار #الشرطة_المغربية #dounia_boutazout #al_aoula_tv #al_aoula #غلاء_الأسعار #محمد_الخياري #طارق_البخاري #تحفة_شو #اخبار #دنيا_بطمة #maroc #طارق_البخاري #شوف_تيفي #سعد_المجرد #محمد_الخياري #تضحك_تخسر","الخروف الاسباني,الغاء عيد الاضحى 2024,عيد الاضحى,أثمنة الحولي,أثمنة خروف العيد 2024,شراء خروف العيد 2024,ثمن حولي العيد,عيد الاضحى 2024 المغرب,غلاء الاسعار في المغرب,نبيلة منيب,أخنوش,وزير الفلاحة محمد صديقي,الملك محمد السادس,محمد أوزين,ياسين العمري,رضوان بن عبد السلام,موازين,معرض الكتاب,روايات,بساتين عربستان",22,"People & Blogs",Society,PT8M57S,537,2d,hd,false,ar,ar,https://i.ytimg.com/vi/HA2zcluVqao/maxresdefault.jpg,1,,,,,203950,9265,,0,1005
96,UC--sV_rnu94eY4hXFwoVmSA," Nationale Bedarija2-ناشيونال بالدارجة ",hj_vapPQKkE,2024-05-25T17:16:16Z,"2024-05-25 17:16:16","وأخيرا باست محمد رمضان هي وبنتها! غاتخلص 10 دالمليون باش تحضر لموازين 😱",,"nationale bedarija,tsrkila,mawazin,ramadan,mohamed ramadan 2024,mohamed ramadan film,محمد رمضان,موازين,الأولى,بن سعيد,فضيحة,تيكتوك,رياكشن,reaction",22,"People & Blogs",Entertainment,PT8M3S,483,2d,hd,false,ar,ar,https://i.ytimg.com/vi/hj_vapPQKkE/maxresdefault.jpg,1,,,,,123594,6689,,0,771
97,UC--sV_rnu94eY4hXFwoVmSA," Nationale Bedarija2-ناشيونال بالدارجة ",Bhy24sVqI78,2024-05-22T22:56:34Z,"2024-05-22 22:56:34","فضيحة برنامج الراب! تخسار الهضرة فالتلفزة JAM SHOW",,"Dizzy,Dros,Dizz Dros,Toto,Jamshow,Jamila,Jam Show,2M,2M tv,rap maroc,rap marocain,moroccan rap,rap maghribi,hkayn,جامشو,jamshow,2m,الغاء عيد الاضحى 2024,أثمنة خروف العيد 2024,شراء خروف العيد 2024,ثمن حولي العيد,ثمن كبش العيد 2024 المغرب,العيد الكبير 2024 امتى,بنكيران,اغلى كبش في المغرب 2024,hawli sardi,نبيلة منيب,أخنوش,الملك محمد السادس,sofia berbich,pause flow,vira,machi tv",22,"People & Blogs","Hip_hop_music,Music",PT10M4S,604,2d,hd,false,ar,ar,,1,,,,,590492,27333,,0,1222
98,UC--sV_rnu94eY4hXFwoVmSA," Nationale Bedarija2-ناشيونال بالدارجة ",6FoZm-J2Jbs,2024-05-18T18:22:16Z,"2024-05-18 18:22:16","كاتقمش راجلها كل نهار! وشعلات فيه العافية",,"Dizzy,Dros,Dizz Dros,Toto,Jamshow,Jamila,Jam Show,2M,2M tv,rap maroc,rap marocain,moroccan rap,rap maghribi,hkayn,جامشو,jamshow,2m,الخروف الاسباني,الغاء عيد الاضحى 2024,عيد الاضحى,أثمنة الحولي,أثمنة خروف العيد 2024,شراء خروف العيد 2024,ثمن حولي العيد,ثمن كبش العيد 2024 المغرب,العيد الكبير 2024 امتى,بنكيران,اغلى كبش في المغرب 2024,hawli sardi,نبيلة منيب,أخنوش,وزير الفلاحة محمد صديقي,الملك محمد السادس,Habbat Abdelillah,sofia berbich,pause flow",22,"People & Blogs",Society,PT10M6S,606,2d,hd,false,ar,ar,https://i.ytimg.com/vi/6FoZm-J2Jbs/maxresdefault.jpg,1,,,,,310709,16954,,0,689
99,UC--sV_rnu94eY4hXFwoVmSA," Nationale Bedarija2-ناشيونال بالدارجة ",fi2eaGyvFiQ,2024-05-10T22:53:18Z,"2024-05-10 22:53:18","الفنانات طغاو ولاو كايكرهو الرجال! وفركوس فرحان","#تسركيلة #ناشيونال_بالدارجة #المرأة_المثقفة #dounia_boutazout #2m #فاصل_ونواصل #بنات_لحديد #مسلسل_بنات_لحديد #رمضان_يجمعنا #مسلسل_لمكتوب #غلاء_الأسعار #اخنوش #أخبار_مغربية #لمكتوب #akhbar_maghribiya #akhbar_maroc #أخنوش #أخبار_المغرب #آخر_الأخبار #الشرطة_المغربية #al_aoula_tv #al_aoula #محمد_الخياري #طارق_البخاري #تحفة_شو #اخبار #دنيا_بطمة #maroc #طارق_البخاري #شوف_تيفي #سعد_المجرد #محمد_الخياري #تضحك_تخسر #الملك_محمد_السادس #المغرب #أخبار #المغرب_اليوم_اخبار #أخبار_المغرب_اليوم #MOROCCO dégage_akhannouch #al_aoula_tv #al_aoula #غلاء_الأسعار #تضحك_تخسر","lalla laaroussa,tserkila,tsrkila,nationale bedarija,nationale bdarija2,عيد الاضحى,أثمنة الحولي,أثمنة خروف العيد 2024,ثمن حولي العيد,عيد الاضحى 2024 المغرب,العيد الكبير 2024 امتى,خروف العيد في المغرب 2024,hawli sardi,cih bank,البنك الشعبي paypal,cih mobile,اختراق بنك cih,cih bank code 30,Cih Bank,cih bank rib,cih bank شرح,بطاقات cih bank,سياش بنك,عيوب سياش بنك,مزايا code30,code 30,لالة لعروسة,al aoula tv,al aoula live",22,"People & Blogs",Society,PT8M31S,511,2d,hd,false,ar,ar,https://i.ytimg.com/vi/fi2eaGyvFiQ/maxresdefault.jpg,1,,,,,396313,16347,,0,1045
100,UC--sV_rnu94eY4hXFwoVmSA," Nationale Bedarija2-ناشيونال بالدارجة ",BbT8if76rLU,2024-05-09T16:41:07Z,"2024-05-09 16:41:07","فضائح لالة لعروسة بوطازوت تقمعات! و العروسات مناتفين","#تسركيلة #ناشيونال_بالدارجة #لالةالعروسة #dounia_boutazout #2m #فاصل_ونواصل #بنات_لحديد #مسلسل_بنات_لحديد #رمضان_يجمعنا #مسلسل_لمكتوب #غلاء_الأسعار #اخنوش #أخبار_مغربية #لمكتوب #akhbar_maghribiya #akhbar_maroc #أخنوش #أخبار_المغرب #آخر_الأخبار #الشرطة_المغربية #al_aoula_tv #al_aoula #محمد_الخياري #طارق_البخاري #تحفة_شو #اخبار #دنيا_بطمة #maroc #طارق_البخاري #شوف_تيفي #سعد_المجرد #محمد_الخياري #تضحك_تخسر #الملك_محمد_السادس #المغرب #أخبار #المغرب_اليوم_اخبار #أخبار_المغرب_اليوم #MOROCCO dégage_akhannouch #al_aoula_tv #al_aoula #غلاء_الأسعار #تضحك_تخسر","lalla laaroussa,tserkila,tsrkila,nationale bedarija,nationale bdarija2,عيد الاضحى,أثمنة الحولي,أثمنة خروف العيد 2024,ثمن حولي العيد,عيد الاضحى 2024 المغرب,العيد الكبير 2024 امتى,خروف العيد في المغرب 2024,hawli sardi,cih bank,البنك الشعبي paypal,cih mobile,اختراق بنك cih,cih bank code 30,Cih Bank,cih bank rib,cih bank شرح,بطاقات cih bank,سياش بنك,عيوب سياش بنك,مزايا code30,code 30,لالة لعروسة,al aoula tv,al aoula live",22,"People & Blogs",,PT9M29S,569,2d,hd,false,ar,ar,https://i.ytimg.com/vi/BbT8if76rLU/maxresdefault.jpg,1,,,,,431344,17618,,0,564
101,UC--sV_rnu94eY4hXFwoVmSA," Nationale Bedarija2-ناشيونال بالدارجة ",mdx-MFDouSU,2024-04-29T21:30:56Z,"2024-04-29 21:30:56","فضيحة لالة لعروسة تزوجات براجل صاحبتها! و الدار غايسكنو فيها خوتو",,"#المغرب,#شفشاون,#تطوان,#طنجة,#جبالة,#ضحك,#اصدقاء,#خطوبة,#زواج,#عرس,#اكسبلور,#maroc,#fun,#funny,#Tanger,#Rire,#comedy,#comedia,#loveyou,#love,#foryou,#explore,#friends,#wedding,#instafun,#marriage,Lalla Laaroussa,2024- Prime 1 - HD بجودة عالية,لالة لعروسة,blind date,tserkila,tsrkila,nationale bedarija,dictators,الجزائر,المغرب,بركان,خريطة",22,"People & Blogs",,PT10M1S,601,2d,hd,false,ar,ar,https://i.ytimg.com/vi/mdx-MFDouSU/maxresdefault.jpg,1,,,,,503289,16426,,0,983
102,UC--sV_rnu94eY4hXFwoVmSA," Nationale Bedarija2-ناشيونال بالدارجة ",KnrPcdB6tFk,2024-04-25T16:31:37Z,"2024-04-25 16:31:37","هرسات عليه طاجين و صيفطاتو للمستعجلات! أغرب علاقة حب",,"أول نسخة مغربية ديال,blind dating by outfits,The Blind Date Show morocco,مولات الكلبة,صاحبة الكلبة,أخنوش,الحموشي,BISKWIA,KAWALISS,bilal fraiha,ابتسام بنت الكولونيل,نور الدين العطور,الكولونيل نور الدين,المحامية زينب الخيار,عم ابتسام بنت الكولونيل,أخ الكولونيل,قضـية بنت الكولونيل,زوجة الكولونيل,مسلسل جوج وجوه,جوج وجوه,2 وجوه,ولاد ايزة,برامج رمضان,فاصل ونواصل,boutazout,Jouje Woujoh,سي الكالة,باسو,المهداوي,بدر بولجواهل,أشرف صديقي,بركان,الجزائر,الصحراء",22,"People & Blogs",Society,PT10M26S,626,2d,hd,false,ar,ar,https://i.ytimg.com/vi/KnrPcdB6tFk/maxresdefault.jpg,1,,,,,307713,16848,,0,703
103,UC--sV_rnu94eY4hXFwoVmSA," Nationale Bedarija2-ناشيونال بالدارجة ",7JQTiniTb5k,2024-04-13T13:18:04Z,"2024-04-13 13:18:04","فضيحة أول نسخة مغربية ديال Blind Date",,"kawaliss,kawalis,blind dating,blind date morocco reaction,tserkila,tsarkila,tsrkila,nationale bedarija",22,"People & Blogs",,PT14M12S,852,2d,hd,false,ar,ar,https://i.ytimg.com/vi/7JQTiniTb5k/maxresdefault.jpg,1,,,,,901736,52137,,0,5514
104,UC--sV_rnu94eY4hXFwoVmSA," Nationale Bedarija2-ناشيونال بالدارجة ",f8u7khpTLPw,2024-04-11T23:45:47Z,"2024-04-11 23:45:47","صحابات بونو عايرونا حنا المغاربة! واش بصح سرقاتو لمراتو؟😱","#تسركيلة #بونو #فضيحة_بونو #فاصل_ونواصل #لمكتوب #ناشيونال_بالدارجة |فضيحة سي الكالة و نهاية باسو لي ضحك علينا حنا المغاربة!واش باع الماتش؟ باسو - Bassou | الحلقة Episode SALAH ET FATI - EP - صلاح وفاتي الحلقة - تطورات صادمة فقضية دنيا بوطازوت والمتسولة ليبغات رخصة السعاية بعد فضيحة مسلسل 2 وجوه و ولاد ايزة شجاعة أخنوش وتوقيف برامج رمضان ونهاية ولاد ايزة وفضيحة 2 وجوه / وحسن الفد يزلزل دنيا بوطازوت في هذا الفيديو : فضيحة OULED YZZA ولاد ايزة - مسلسل 2 وجوه Jouje Woujoh - برامج رمضان : بنات لحديد dounia boutazout Hassan El Fad : FED TV 3 - Episode حسن الفد : الفد تيفي 3 و فضيحة مراد العشابي في برنامج فاصل ونواصل 2 وعزيز داداس والكاميرا الخفية و برامج رمضان : جيب داركم وبرامج رمضان : الشياطين لا تتوب وحقيقة سي الكالة | باسو - Bassou | SALAH ET FATI - صلاح وفاتي التسول في المغرب و السعاية غلاء الاسعار في المغرب غلاء الاسعار في المغرب 2023 ارتفاع الاسعار في المغرب زيادة الاسعار في المغرب #Ramadan #Al_Aoula#رمضان_الأولى #dounia_boutazout #2m #فاصل_ونواصل #بنات_لحديد #مسلسل_بنات_لحديد #رمضان_يجمعنا #مسلسل_لمكتوب #غلاء_الأسعار #اخنوش #أخبار_مغربية #لمكتوب #akhbar_maghribiya #akhbar_maroc #أخنوش #أخبار_المغرب #آخر_الأخبار #الشرطة_المغربية #al_aoula_tv #al_aoula #محمد_الخياري #طارق_البخاري #تحفة_شو #اخبار #دنيا_بطمة #maroc #طارق_البخاري #شوف_تيفي #سعد_المجرد #محمد_الخياري #تضحك_تخسر #الملك_محمد_السادس #المغرب #أخبار #المغرب_اليوم_اخبار #أخبار_المغرب_اليوم #MOROCCO dégage_akhannouch #al_aoula_tv #al_aoula #غلاء_الأسعار #تضحك_تخسر","مسلسل جوج وجوه,جوج وجوه,2 وجوه,ولاد ايزة,برامج رمضان,فاصل ونواصل,مراد العشابي,boutazout,بنات لحديد,جيب داركم,دار النسا,FED TV,حسن الفد,Jouje Woujoh,أخنوش,الهاكا,فاصل ونواصل mbc5,مسلسل المكتوب,سي الكالة,باسو,المهداوي,إيمان كوين,ايمان كوين,بنت الكولونيل,queen by imane,بدر بولجواهل,أشرف صديقي,ولد الفشوش,يسرى ستايل,بوكريشة,مي ميلودة,اكرام بيلانوفا,سميرة مربوحة tv,اسرة مغربية,أسرة مغربية,سميرة مربوحة,رضى ولد شينوية",22,"People & Blogs",,PT10M15S,615,2d,hd,false,ar,ar,,1,,,,,411476,18765,,0,752
105,UC--sV_rnu94eY4hXFwoVmSA," Nationale Bedarija2-ناشيونال بالدارجة ",CUeRQynIQ8Y,2024-04-05T23:17:05Z,"2024-04-05 23:17:05","فضيحة سي الكالة و نهاية باسو لي ضحك علينا حنا المغاربة!واش باع الماتش هاد رمضان؟","#فاصل_ونواصل #لمكتوب #ناشيونال_بالدارجة |فضيحة سي الكالة و نهاية باسو لي ضحك علينا حنا المغاربة!واش باع الماتش؟ باسو - Bassou | الحلقة Episode SALAH ET FATI - EP - صلاح وفاتي الحلقة - تطورات صادمة فقضية دنيا بوطازوت والمتسولة ليبغات رخصة السعاية بعد فضيحة مسلسل 2 وجوه و ولاد ايزة شجاعة أخنوش وتوقيف برامج رمضان ونهاية ولاد ايزة وفضيحة 2 وجوه / وحسن الفد يزلزل دنيا بوطازوت في هذا الفيديو : فضيحة OULED YZZA ولاد ايزة - مسلسل 2 وجوه Jouje Woujoh - برامج رمضان : بنات لحديد dounia boutazout Hassan El Fad : FED TV 3 - Episode حسن الفد : الفد تيفي 3 و فضيحة مراد العشابي في برنامج فاصل ونواصل 2 وعزيز داداس والكاميرا الخفية و برامج رمضان : جيب داركم وبرامج رمضان : الشياطين لا تتوب وحقيقة سي الكالة | باسو - Bassou | SALAH ET FATI - صلاح وفاتي التسول في المغرب و السعاية غلاء الاسعار في المغرب غلاء الاسعار في المغرب 2023 ارتفاع الاسعار في المغرب زيادة الاسعار في المغرب #Ramadan #Al_Aoula#رمضان_الأولى #dounia_boutazout #2m #فاصل_ونواصل #بنات_لحديد #مسلسل_بنات_لحديد #رمضان_يجمعنا #مسلسل_لمكتوب #غلاء_الأسعار #اخنوش #أخبار_مغربية #لمكتوب #akhbar_maghribiya #akhbar_maroc #أخنوش #أخبار_المغرب #آخر_الأخبار #الشرطة_المغربية #al_aoula_tv #al_aoula #محمد_الخياري #طارق_البخاري #تحفة_شو #اخبار #دنيا_بطمة #maroc #طارق_البخاري #شوف_تيفي #سعد_المجرد #محمد_الخياري #تضحك_تخسر #الملك_محمد_السادس #المغرب #أخبار #المغرب_اليوم_اخبار #أخبار_المغرب_اليوم #MOROCCO dégage_akhannouch #al_aoula_tv #al_aoula #غلاء_الأسعار #تضحك_تخسر","باسو,سي الكالة,صلاح وفاتي,مسلسل جوج وجوه,جوج وجوه,2 وجوه,ولاد ايزة,برامج رمضان,فاصل ونواصل,مراد العشابي,boutazout,بنات لحديد,جيب داركم,الفد تيفي,FED TV,حسن الفد,Jouje Woujoh,أخنوش,الهاكا,فاصل ونواصل mbc5,مسلسل المكتوب,المهداوي,إيمان كوين,ايمان كوين,imane queen,queen by imane,بدر بولجواهل,أشرف صديقي,ولد الفشوش,يسرى ستايل,بوكريشة,مي ميلودة,اكرام بيلانوفا,سميرة مربوحة tv,اسرة مغربية,أسرة مغربية,سميرة مربوحة,رضى ولد شينوية",22,"People & Blogs",Television_program,PT12M4S,724,2d,hd,false,ar,ar,https://i.ytimg.com/vi/CUeRQynIQ8Y/maxresdefault.jpg,1,,,,,456384,19863,,0,580
106,UC--sV_rnu94eY4hXFwoVmSA," Nationale Bedarija2-ناشيونال بالدارجة ",28Lt3vLaHy4,2024-04-03T23:50:05Z,"2024-04-03 23:50:05","حقيقة برنامج المقالب فاصل و نواصل! ولولا عجبات المغاربة😍","#tserkila #تسركيلة #Ramadan #Al_Aoula#رمضان_الأولى #dounia_boutazout #2m #فاصل_ونواصل #بنات_لحديد #مسلسل_بنات_لحديد #رمضان_يجمعنا #مسلسل_لمكتوب #غلاء_الأسعار #اخنوش #أخبار_مغربية #لمكتوب #akhbar_maghribiya #akhbar_maroc #أخنوش #أخبار_المغرب #آخر_الأخبار #الشرطة_المغربية #al_aoula_tv #al_aoula #محمد_الخياري #طارق_البخاري #تحفة_شو #اخبار #دنيا_بطمة #maroc #طارق_البخاري #شوف_تيفي #سعد_المجرد #محمد_الخياري #تضحك_تخسر #الملك_محمد_السادس #المغرب #أخبار #المغرب_اليوم_اخبار #أخبار_المغرب_اليوم #MOROCCO","باسو,سي الكالة,صلاح وفاتي,مسلسل جوج وجوه,جوج وجوه,2 وجوه,ولاد ايزة,برامج رمضان,فاصل ونواصل,مراد العشابي,boutazout,بنات لحديد,جيب داركم,الفد تيفي,FED TV,حسن الفد,Jouje Woujoh,أخنوش,الهاكا,فاصل ونواصل mbc5,مسلسل المكتوب,المهداوي,إيمان كوين,ايمان كوين,imane queen,queen by imane,بدر بولجواهل,أشرف صديقي,ولد الفشوش,يسرى ستايل,بوكريشة,مي ميلودة,اكرام بيلانوفا,سميرة مربوحة tv,اسرة مغربية,أسرة مغربية,سميرة مربوحة,رضى ولد شينوية",22,"People & Blogs","Entertainment,Television_program",PT12M58S,778,2d,hd,false,ar,ar,https://i.ytimg.com/vi/28Lt3vLaHy4/maxresdefault.jpg,1,,,,,537668,20267,,0,555
107,UC--sV_rnu94eY4hXFwoVmSA," Nationale Bedarija2-ناشيونال بالدارجة ",ltpEiCrhsBY,2024-03-29T23:17:55Z,"2024-03-29 23:17:55","فضيحة البرامج الرمضانية! قلة الحيا فالتلفزة والأستاذ كايتبهدل فولاد ايزة😱","في هذا الفيديو : فضيحة OULED YZZA ولاد ايزة - مسلسل 2 وجوه Jouje Woujoh - برامج رمضان : بنات لحديد dounia boutazout Hassan El Fad : FED TV 3 - Episode حسن الفد : الفد تيفي 3 و فضيحة مراد العشابي في برنامج فاصل ونواصل 2 وعزيز داداس والكاميرا الخفية و برامج رمضان : جيب داركم وبرامج رمضان : الشياطين لا تتوب وحقيقة سي الكالة | باسو - Bassou | SALAH ET FATI - صلاح وفاتي التسول في المغرب و السعاية غلاء الاسعار في المغرب غلاء الاسعار في المغرب 2023 ارتفاع الاسعار في المغرب زيادة الاسعار في المغرب #Ramadan #Al_Aoula#رمضان_الأولى #dounia_boutazout #2m #فاصل_ونواصل #بنات_لحديد #مسلسل_بنات_لحديد #رمضان_يجمعنا #مسلسل_لمكتوب #غلاء_الأسعار #اخنوش #أخبار_مغربية #لمكتوب #akhbar_maghribiya #akhbar_maroc #أخنوش #أخبار_المغرب #آخر_الأخبار #الشرطة_المغربية #al_aoula_tv #al_aoula #محمد_الخياري #طارق_البخاري #تحفة_شو #اخبار #دنيا_بطمة #maroc #طارق_البخاري #شوف_تيفي #سعد_المجرد #محمد_الخياري #تضحك_تخسر #الملك_محمد_السادس #المغرب #أخبار #المغرب_اليوم_اخبار #أخبار_المغرب_اليوم #MOROCCO dégage_akhannouch #al_aoula_tv #al_aoula #غلاء_الأسعار #تضحك_تخسر","مسلسل جوج وجوه,جوج وجوه,2 وجوه,ولاد ايزة,برامج رمضان,فاصل ونواصل,مراد العشابي,boutazout,بنات لحديد,جيب داركم,الفد تيفي,FED TV,حسن الفد,Jouje Woujoh,أخنوش,الهاكا,فاصل ونواصل mbc5,مسلسل المكتوب,زواج الكونطرا في المغرب,مدونة الأسرة,المهداوي,إيمان كوين,ايمان كوين,imane queen,queen by imane,بدر بولجواهل,أشرف صديقي,ولد الفشوش,يسرى ستايل,بوكريشة,مي ميلودة,اكرام بيلانوفا,سميرة مربوحة tv,اسرة مغربية,أسرة مغربية,سميرة مربوحة,رضى ولد شينوية",22,"People & Blogs",Entertainment,PT10M14S,614,2d,hd,false,ar,ar,,1,,,,,451876,17463,,0,641
108,UC--sV_rnu94eY4hXFwoVmSA," Nationale Bedarija2-ناشيونال بالدارجة ",VBODIr6BM-U,2024-03-21T21:53:49Z,"2024-03-21 21:53:49","وأخيرا دزنا فالتلفازة! 😱أول مرة نجاوبو على هاد السؤال‼️",,"تسركيلة,ناشيونال بالدارجة,ميدي 1,رمضان,رمضان كريم",22,"People & Blogs","Society,Television_program",PT22M37S,1357,2d,hd,false,ar,ar,https://i.ytimg.com/vi/VBODIr6BM-U/maxresdefault.jpg,1,,,,,223429,8851,,0,281
109,UC--sV_rnu94eY4hXFwoVmSA," Nationale Bedarija2-ناشيونال بالدارجة ",-RK1Y1Fgghs,2024-03-16T20:02:05Z,"2024-03-16 20:02:05","فضيحة برنامج التصاحيب فرمضان! جابو ليهوم ميمة Speed dating show",,"nationale bedarija,nationale bedarija 2,tserkila,tsrkila,reaction,reaction video,tiktok 2024,tiktok maroc,kawaliss",22,"People & Blogs",,PT11M8S,668,2d,hd,false,ar,ar,https://i.ytimg.com/vi/-RK1Y1Fgghs/maxresdefault.jpg,1,,,,,238751,14161,,0,313
110,UC--sV_rnu94eY4hXFwoVmSA," Nationale Bedarija2-ناشيونال بالدارجة ",AWB3-pF1CdE,2024-03-08T19:48:54Z,"2024-03-08 19:48:54","أكبر تقوليبة باع ليهوم تخربيقة ب 11 لمليون!","مشاهير تيك توك تيك توك 2023 تيكتوك 2024 جديد مقاطع تيك توك TIK TOK ALGERIA& MAROC 🇲🇦🇩🇿 M RADI محمد راضي الليلي Ellili Tik tok marocco تيك توك مغربي تجميعة تيك توك جزائريTik tok 2022 Tik tok maroc تيك توك 2023 تيك توك 2022 تيك توك 2021 تيك توك جزائري تيك توك مغربي Tik tok 2023 Tik tok 2024 أكبر صفقة في برنامج آخر ثمن بسبب تحف اليهود بالملايين وظهور الشاب لي قال نصبو عليه في برنامج 2M برنامج آخر ثمن دار أكبر سخاوة فتاريخ قناة دوزيم والشراية تصيدو فتراث اليهود المغاربة بالملايين برنامج آخر ثمن دار أكبر فضيحة فتاريخ قناة دوزيم من بعد ما صيدو الحاجة فاطمة مولات الزربية بالملايين Akhir Taman سامية أقريو Samia Akariou آخر ثمن لالة مليكة اخر ثمن مولات الزربية قناة دوزيم,2m replay,2m tv maroc live en direct التسجيل في دعم السكن 2024 شروط دعم السكن 2024 كيفاش نستافد من دعم السكن 2024 السكن الاقتصادي 25 مليون الدعم الحكومي للاستفادة من الدعم الحكومي الدعم الحكومي للطبقات الهشة رفع الدعم الحكومي قضية رفع الدعم الحكومي الدعم الحكومة الدعم الجديد باقات الدعم السكني زلزال المغرب عاود هزة ارتدادية في الحوز وحكومة أخنوش دارت معجزة | وتوقعات ليلى عبد اللطيف الخطيرة تطورات زلزال المغرب وعدد ضحايا مراكش و أكادير tremblement de terre maroc زلزال المغرب الان ناصر جبور مدير المعهد الوطني للجيوفيزياء ليلى عبد اللطيف وزلزال المغرب Leila Abdellatif دوار تكخت بشيشاوة طفل زلزال المغرب فيسبوكي حر Faysboki TV - Amine iMnir ارسال المغرب مساعدات زلزال المغرب اليوم فاس زلزال المغرب اليوم طنجة زلزال المغرب اليوم سطات زلزال المغرب اليوم اكادير العالم الهولندي بزلزال المغرب عالم الزلازل الهولندي فرانك هوغربيتس وزارة التربية والتعليم بالمغرب اليوم أخيييرا أخنوش زاد فالأجور في المغرب باش يقضي على غلاء الأسعار والمحروقات حكومة عزيز اخنوش الأسعار الاسعار في المغرب الاسعار في المغرب اليوم انخفاض الأسعار في المغرب غلاء الاسعار في المغرب الوزير اسعار في المغرب اليوم اسعار في المغرب 2023 غلاء الاسعار في المغرب غلاء الاسعار في المغرب 2023 ارتفاع الاسعار في المغرب زيادة الاسعار في المغرب الجاموس البرازيلي اسرائيل والمغرب Kayna Dorouf - Ep 12- كاينة ظروف الحلقة Kayna Dorouf - Ep 13 - كاينة ظروف الحلقة 13 برامج رمضان : لمكتوب الموسم 2 - الحلقة Kayna Dorouf - Ep 11 - كاينة ظروف الحلقة Kayna Dorouf - Ep 12 - كاينة ظروف الحلقة 13 برامج رمضان : لمكتوب الموسم 2 - الحلقة فاصل ونواصل مراد العشابي hawli sardi , شراء خروف العيد 2023, سوق كباش العيد 2023 سوق الحولي بطنجة , سوق الحولي , أثمنة خروف العيد 2023, 3id adha 2023 أصغر حولي في المغرب مع مبديع,فضيحة مبديع,,فضيحة مبديع الوزير,محمد مبديع التحقيق #آخر_ثمن #تسركيلة #ناشيونال_بالدارجة #youss45 #طوطو #ريم_فكري #أخبار_مغربية #آخر_الأخبار #سعيد_الناصيري #لطيفة_رأفت #تيك_توك #تيكتوك #tiktok #2m #دوزيم #أخبار_مغربية #اخر_ثمن #الأساتذة_المتعاقدين #بن_موسى #إضراب_الاساتذة #دعم_السكن #دعم_السكن_2024 #طريقة_الاستفادة_من_الدعم #زلزال_المغرب #المغرب #مراكش #هزة_أرضية #زلازل #زلزال #غلاء_الأسعار #اخنوش #اخبار_الدراسة #أخبار_المغرب #الفايد #الدكتور_محمد_الفايد #الفايد_والعلماء #ياسين_العمري #العيد_الكبير #حولي_صردي #عيد_الاضحى #ثمن_الحولي #محمد_مبدع #الفقيه_بنصالح #الأستاذ_ياسين_العمري #simo_life #amine_raghib_live #سيمو_لايف #amine_raghib #simolife #akhbar_maghribiya #akhbar_maroc #الشرطي_هشام #الشرطة_المغربية #dounia_boutazout #al_aoula_tv #al_aoula #غلاء_الأسعار #محمد_الخياري #طارق_البخاري #تحفة_شو #اخبار #دنيا_بطمة #maroc #طارق_البخاري #شوف_تيفي #سعد_المجرد #محمد_الخياري #تضحك_تخسر","nationale bedarija,nationalebedarija2,reaction,reaction maroc,tserkila,tsrkila,تسركيلة,ناشيونال بالدارجة,2m,2mtv,tv2m,soread,soread maroc,maroc,morocco,2m replay,2m tv maroc live en direct,قناة دوزيم,اخر ثمن,برنامج اخر ثمن",22,"People & Blogs",Society,PT10M37S,637,2d,hd,false,ar,ar,https://i.ytimg.com/vi/AWB3-pF1CdE/maxresdefault.jpg,1,,,,,276476,14384,,0,417
111,UC--sV_rnu94eY4hXFwoVmSA," Nationale Bedarija2-ناشيونال بالدارجة ",C_usShSF0Zo,2024-02-29T17:33:21Z,"2024-02-29 17:33:21","أكبر فضيحة برنامج ديال التصاحيب فالمغرب! Speed dating show","جديد مقاطع تيك توك TIK TOK ALGERIA& MAROC 🇲🇦🇩🇿 M RADI محمد راضي الليلي Ellili Tik tok marocco تيك توك مغربي تجميعة تيك توك جزائريTik tok 2022 Tik tok maroc تيك توك 2023 تيك توك 2022 تيك توك 2021 تيك توك جزائري تيك توك مغربي Tik tok 2023 Tik tok 2024 أكبر صفقة في برنامج آخر ثمن بسبب تحف اليهود بالملايين وظهور الشاب لي قال نصبو عليه في برنامج 2M برنامج آخر ثمن دار أكبر سخاوة فتاريخ قناة دوزيم والشراية تصيدو فتراث اليهود المغاربة بالملايين برنامج آخر ثمن دار أكبر فضيحة فتاريخ قناة دوزيم من بعد ما صيدو الحاجة فاطمة مولات الزربية بالملايين Akhir Taman سامية أقريو Samia Akariou آخر ثمن لالة مليكة اخر ثمن مولات الزربية قناة دوزيم,2m replay,2m tv maroc live en direct tremblement de terre maroc زلزال المغرب الان ناصر جبور مدير المعهد الوطني للجيوفيزياء ليلى عبد اللطيف وزلزال المغرب Leila Abdellatif دوار تكخت بشيشاوة طفل زلزال المغرب فيسبوكي حر Faysboki TV - Amine iMnir ارسال المغرب مساعدات زلزال المغرب اليوم فاس زلزال المغرب اليوم طنجة زلزال المغرب اليوم سطات زلزال المغرب اليوم اكادير العالم الهولندي بزلزال المغرب عالم الزلازل الهولندي فرانك هوغربيتس وزارة التربية والتعليم بالمغرب اليوم أخيييرا أخنوش زاد فالأجور في المغرب باش يقضي على غلاء الأسعار والمحروقات حكومة عزيز اخنوش الأسعار الاسعار في المغرب الاسعار في المغرب اليوم انخفاض الأسعار في المغرب غلاء الاسعار في المغرب الوزير اسعار في المغرب اليوم اسعار في المغرب 2023 غلاء الاسعار في المغرب غلاء الاسعار في المغرب 2023 ارتفاع الاسعار في المغرب زيادة الاسعار في المغرب الجاموس البرازيلي اسرائيل والمغرب Kayna Dorouf - Ep 12- كاينة ظروف الحلقة Kayna Dorouf - Ep 13 - كاينة ظروف الحلقة 13 برامج رمضان : لمكتوب الموسم 2 - الحلقة Kayna Dorouf - Ep 11 - كاينة ظروف الحلقة Kayna Dorouf - Ep 12 - كاينة ظروف الحلقة 13 برامج رمضان : لمكتوب الموسم 2 - الحلقة فاصل ونواصل مراد العشابي hawli sardi , شراء خروف العيد 2023, سوق كباش العيد 2023 سوق الحولي بطنجة , سوق الحولي , أثمنة خروف العيد 2023, 3id adha 2023 أصغر حولي في المغرب مع مبديع,فضيحة مبديع,,فضيحة مبديع الوزير,محمد مبديع التحقيق #برنامجالتصاحيب #speeddating #Tserkila #ريم_فكري #أخبار_مغربية #آخر_الأخبار #سعيد_الناصيري #لطيفة_رأفت #تيك_توك #تيكتوك #tiktok #2m #دوزيم #أخبار_مغربية #اخر_ثمن #الأساتذة_المتعاقدين #بن_موسى #إضراب_الاساتذة #دعم_السكن #دعم_السكن_2024 #طريقة_الاستفادة_من_الدعم #زلزال_المغرب #المغرب #مراكش #هزة_أرضية #زلازل #زلزال #غلاء_الأسعار #اخنوش #اخبار_الدراسة #أخبار_المغرب #الفايد #الدكتور_محمد_الفايد #الفايد_والعلماء #ياسين_العمري #العيد_الكبير #حولي_صردي #عيد_الاضحى #ثمن_الحولي #محمد_مبدع #الفقيه_بنصالح #الأستاذ_ياسين_العمري #simo_life #amine_raghib_live #سيمو_لايف #amine_raghib #simolife #akhbar_maghribiya #akhbar_maroc #الشرطي_هشام #الشرطة_المغربية #dounia_boutazout #al_aoula_tv #al_aoula #غلاء_الأسعار #محمد_الخياري #طارق_البخاري #تحفة_شو #اخبار #دنيا_بطمة #maroc #طارق_البخاري #شوف_تيفي #سعد_المجرد #محمد_الخياري #تضحك_تخسر","tserkila,tsrkila,nationale bedarija,nationale bedarija2,speed dating show,dating show,kawaliss,reaction,tiktok maroc,tiktok 2023,tiktok2024,الأفارقة في محطة ولاد زيان,محمد السادس,المغنية ريم فكري,حفل زفاف ريم فكري,زوج المغنية ريم فكري,رضى زوج ريم فكري,RYM - Stylo Warqa,rym fikri,تيربو,رضا أباكريم,رضا فرس,الحموشي,سعيد الناصيري,اسكوبار الصحراء,لطيفة رأفت,Latifa Raafat,نعيمة جوك,عبد اللطيف وهبي,إضراب الأساتذة,النظام الأساسي,أخنوش,إضراب عام",22,"People & Blogs",,PT16M49S,1009,2d,hd,false,ar,ar,https://i.ytimg.com/vi/C_usShSF0Zo/maxresdefault.jpg,1,,,,,717231,40066,,0,1352
112,UC--sV_rnu94eY4hXFwoVmSA," Nationale Bedarija2-ناشيونال بالدارجة ",Xsurul7n3xs,2024-02-01T15:57:06Z,"2024-02-01 15:57:06","بكاء و حسرة الجمهور المغربي بعد الخسارة💔من داخل الملعب🥹 #المغرب #جنوب_إفريقيا #ناشيونال_بالدارجة",,,22,"People & Blogs",Sport,PT31S,31,2d,hd,false,ar,ar,https://i.ytimg.com/vi/Xsurul7n3xs/maxresdefault.jpg,1,,,,,1075800,14852,,0,943
113,UC--sV_rnu94eY4hXFwoVmSA," Nationale Bedarija2-ناشيونال بالدارجة ",x7Tb0KAJ7JQ,2024-02-01T13:12:07Z,"2024-02-01 13:12:07","للأسف..بكاء هستيري للجمهور المغربي💔 إقصاء صادم!🥹",,,22,"People & Blogs",,PT11M20S,680,2d,hd,false,ar,ar,,1,,,,,19097,1190,,0,60
114,UC--sV_rnu94eY4hXFwoVmSA," Nationale Bedarija2-ناشيونال بالدارجة ",LHjQgDVXvQk,2024-01-28T16:53:42Z,"2024-01-28 16:53:42","و أخيرا دخلنا لأخطر سوق شعبي فالكوديفوار!🇨🇮😱 وشطحنا معاهوم الشعبي المغربي🇲🇦",,,22,"People & Blogs",,PT12M39S,759,2d,hd,false,ar,ar,,1,,,,,75674,3008,,0,86
115,UC--sV_rnu94eY4hXFwoVmSA," Nationale Bedarija2-ناشيونال بالدارجة ",l44mJ5T3bjU,2024-01-25T21:42:23Z,"2024-01-25 21:42:23","وأخيرا سافرنا للكوتديفوار🇨🇮 هستيريا الجماهير كانوا غايخطفونا!😱",,,22,"People & Blogs",Tourism,PT10M1S,601,2d,hd,false,ar,ar,,1,,,,,67678,3284,,0,138
116,UC--sV_rnu94eY4hXFwoVmSA," Nationale Bedarija2-ناشيونال بالدارجة ",wSuFM9BFqPc,2024-01-19T18:03:16Z,"2024-01-19 18:03:16","التصاحيب حلال و الوشام ماشي حرام!😱","حظر تيك توك في الاردن حظر تيك توك في امريكا توقيف تيك توك في السعودية مشاهير تيك توك تيك توك 2023 تيكتوك 2024 جديد مقاطع تيك توك TIK TOK ALGERIA& MAROC 🇲🇦🇩🇿 M RADI محمد راضي الليلي Ellili Zakaria Moumni زكرياء مومني تيك توك جزائري تيك توك مغربي Tik tok marocco تيك توك مغربي تجميعة تيك توك جزائريTik tok 2022 Tik tok maroc تيك توك 2023 تيك توك 2022 تيك توك 2021 تيك توك جزائري تيك توك مغربي Tik tok 2023 Tik tok 2024 برنامج آخر ثمن دار أكبر فضيحة فتاريخ قناة دوزيم من بعد ما صيدو الحاجة فاطمة مولات الزربية بالملايين Akhir Taman سامية أقريو Samia Akariou آخر ثمن لالة مليكة اخر ثمن مولات الزربية قناة دوزيم,2m replay,2m tv maroc live en direct أكبر فضيحة لوزارة شكيب بنموسى وانتصار الأساتذة بعد أكبر إضراب عام وحكومة أخنوش ترضخ لمطالب الأستاذ الاساتذة الذين فرض عليهم التعاقد وزير التربية الوطنية والتعليم الأولي والرياضة شكيب بنموسى إضراب الأساتذة و مراجعة النظام الأساسي الخاص بالتعليم شكيب بنموسى شكيب بن موسى وزير التعليم فضيحة دعم السكن في المغرب والدكتور معتوق فضح حكومة أخنوش والوزيرة المنصوري على المباشر التسجيل في دعم السكن 2024 شروط دعم السكن 2024 كيفاش نستافد من دعم السكن 2024 السكن الاقتصادي 25 مليون الدعم الحكومي للاستفادة من الدعم الحكومي الدعم الحكومي للطبقات الهشة رفع الدعم الحكومي قضية رفع الدعم الحكومي الدعم الحكومة الدعم الجديد باقات الدعم السكني تعويضات الزلزال في المغرب وحقيقة فيسبوكي حر وتجار الأزمات بعد زلزال الحوز وتبرع الملك بمبلغ خيالي تطورات زلزال المغرب وعدد ضحايا مراكش و أكادير زلزال المغرب عاود هزة ارتدادية في الحوز وحكومة أخنوش دارت معجزة | وتوقعات ليلى عبد اللطيف الخطيرة تطورات زلزال المغرب وعدد ضحايا مراكش و أكادير زلزال بقوة 7 درجات يهز مناطق من المغرب الهزة الأرضية زلزال المغرب اليوم زلزال المغرب اليوم 2023 زلزال المغرب اليوم مراكش tremblement de terre maroc زلزال المغرب الان ناصر جبور مدير المعهد الوطني للجيوفيزياء ليلى عبد اللطيف وزلزال المغرب Leila Abdellatif دوار تكخت بشيشاوة طفل زلزال المغرب فيسبوكي حر Faysboki TV - Amine iMnir ارسال المغرب مساعدات زلزال المغرب اليوم فاس زلزال المغرب اليوم طنجة زلزال المغرب اليوم سطات زلزال المغرب اليوم اكادير العالم الهولندي بزلزال المغرب عالم الزلازل الهولندي فرانك هوغربيتس وزارة التربية والتعليم بالمغرب اليوم أخيييرا أخنوش زاد فالأجور في المغرب باش يقضي على غلاء الأسعار والمحروقات حكومة عزيز اخنوش الأسعار الاسعار في المغرب الاسعار في المغرب اليوم انخفاض الأسعار في المغرب غلاء الاسعار في المغرب الوزير اسعار في المغرب اليوم اسعار في المغرب 2023 غلاء الاسعار في المغرب غلاء الاسعار في المغرب 2023 ارتفاع الاسعار في المغرب زيادة الاسعار في المغرب الجاموس البرازيلي اسرائيل والمغرب Kayna Dorouf - Ep 12- كاينة ظروف الحلقة Kayna Dorouf - Ep 13 - كاينة ظروف الحلقة 13 برامج رمضان : لمكتوب الموسم 2 - الحلقة Kayna Dorouf - Ep 11 - كاينة ظروف الحلقة Kayna Dorouf - Ep 12 - كاينة ظروف الحلقة 13 برامج رمضان : لمكتوب الموسم 2 - الحلقة فاصل ونواصل مراد العشابي hawli sardi , شراء خروف العيد 2023, سوق كباش العيد 2023 سوق الحولي بطنجة , سوق الحولي , أثمنة خروف العيد 2023, 3id adha 2023 أصغر حولي في المغرب مع مبديع,فضيحة مبديع,,فضيحة مبديع الوزير,محمد مبديع التحقيق #التصاحيب #ناشيونال_بالدارجة #سعيد_الناصيري #لطيفة_رأفت #أخبار_مغربية #آخر_الأخبار #تيك_توك #تيكتوك #tiktok #2m #دوزيم #أخبار_مغربية #اخر_ثمن #الأساتذة_المتعاقدين #بن_موسى #إضراب_الاساتذة #دعم_السكن #دعم_السكن_2024 #طريقة_الاستفادة_من_الدعم #زلزال_المغرب #المغرب #مراكش #هزة_أرضية #زلازل #زلزال #غلاء_الأسعار #اخنوش #اخبار_الدراسة #أخبار_المغرب #الفايد #الدكتور_محمد_الفايد #الفايد_والعلماء #ياسين_العمري #العيد_الكبير #حولي_صردي #عيد_الاضحى #ثمن_الحولي #محمد_مبدع #الفقيه_بنصالح #الأستاذ_ياسين_العمري #simo_life #amine_raghib_live #سيمو_لايف #amine_raghib #simolife #akhbar_maghribiya #akhbar_maroc #الشرطي_هشام #الشرطة_المغربية #dounia_boutazout #al_aoula_tv #al_aoula #غلاء_الأسعار #محمد_الخياري #طارق_البخاري #تحفة_شو #اخبار #دنيا_بطمة #maroc #طارق_البخاري #شوف_تيفي #سعد_المجرد #محمد_الخياري #تضحك_تخسر",,22,"People & Blogs",,PT9M8S,548,2d,hd,false,ar,ar,https://i.ytimg.com/vi/wSuFM9BFqPc/maxresdefault.jpg,1,,,,,196845,10421,,0,410
117,UC--sV_rnu94eY4hXFwoVmSA," Nationale Bedarija2-ناشيونال بالدارجة ",RNWNicpsfro,2024-01-13T23:30:17Z,"2024-01-13 23:30:17","هاد الفيلم ماشي عادي! SIJJIN","sijjin film horror فيلم سجين فيلم سحر و شعوذة حظر تيك توك في الاردن حظر تيك توك في امريكا توقيف تيك توك في السعودية مشاهير تيك توك تيك توك 2023 تيكتوك 2024 جديد مقاطع تيك توك TIK TOK ALGERIA& MAROC 🇲🇦🇩🇿 تيك توك 2021 تيك توك جزائري تيك توك مغربي Tik tok 2023 Tik tok 2024 أكبر صفقة في برنامج آخر ثمن بسبب تحف اليهود بالملايين وظهور الشاب لي قال نصبو عليه في برنامج 2M برنامج آخر ثمن دار أكبر سخاوة فتاريخ قناة دوزيم والشراية تصيدو فتراث اليهود المغاربة بالملايين برنامج آخر ثمن دار أكبر فضيحة فتاريخ قناة دوزيم من بعد ما صيدو الحاجة فاطمة مولات الزربية بالملايين Akhir Taman سامية أقريو Samia Akariou آخر ثمن لالة مليكة اخر ثمن مولات الزربية قناة دوزيم,2m replay,2m tv maroc live en direct أكبر فضيحة لوزارة شكيب بنموسى وانتصار الأساتذة بعد أكبر إضراب عام وحكومة أخنوش ترضخ لمطالب الأستاذ الاساتذة الذين فرض عليهم التعاقد وزير التربية الوطنية والتعليم الأولي والرياضة شكيب بنموسى إضراب الأساتذة و مراجعة النظام الأساسي الخاص بالتعليم شكيب بنموسى شكيب بن موسى وزير التعليم فضيحة دعم السكن في المغرب والدكتور معتوق فضح حكومة أخنوش والوزيرة المنصوري على المباشر التسجيل في دعم السكن 2024 شروط دعم السكن 2024 كيفاش نستافد من دعم السكن 2024 السكن الاقتصادي 25 مليون الدعم الحكومي للاستفادة من الدعم الحكومي الدعم الحكومي للطبقات الهشة رفع الدعم الحكومي قضية رفع الدعم الحكومي الدعم الحكومة الدعم الجديد باقات الدعم السكني تعويضات الزلزال في المغرب وحقيقة فيسبوكي حر وتجار الأزمات بعد زلزال الحوز وتبرع الملك بمبلغ خيالي تطورات زلزال المغرب وعدد ضحايا مراكش و أكادير زلزال المغرب عاود هزة ارتدادية في الحوز وحكومة أخنوش دارت معجزة | وتوقعات ليلى عبد اللطيف الخطيرة تطورات زلزال المغرب وعدد ضحايا مراكش و أكادير زلزال بقوة 7 درجات يهز مناطق من المغرب الهزة الأرضية زلزال المغرب اليوم زلزال المغرب اليوم 2023 زلزال المغرب اليوم مراكش tremblement de terre maroc زلزال المغرب الان ناصر جبور مدير المعهد الوطني للجيوفيزياء ليلى عبد اللطيف وزلزال المغرب Leila Abdellatif دوار تكخت بشيشاوة طفل زلزال المغرب فيسبوكي حر Faysboki TV - Amine iMnir ارسال المغرب مساعدات زلزال المغرب اليوم فاس زلزال المغرب اليوم طنجة زلزال المغرب اليوم سطات زلزال المغرب اليوم اكادير العالم الهولندي بزلزال المغرب عالم الزلازل الهولندي فرانك هوغربيتس وزارة التربية والتعليم بالمغرب اليوم أخيييرا أخنوش زاد فالأجور في المغرب باش يقضي على غلاء الأسعار والمحروقات حكومة عزيز اخنوش الأسعار الاسعار في المغرب الاسعار في المغرب اليوم انخفاض الأسعار في المغرب غلاء الاسعار في المغرب الوزير اسعار في المغرب اليوم اسعار في المغرب 2023 غلاء الاسعار في المغرب غلاء الاسعار في المغرب 2023 ارتفاع الاسعار في المغرب زيادة الاسعار في المغرب الجاموس البرازيلي اسرائيل والمغرب Kayna Dorouf - Ep 12- كاينة ظروف الحلقة Kayna Dorouf - Ep 13 - كاينة ظروف الحلقة 13 برامج رمضان : لمكتوب الموسم 2 - الحلقة Kayna Dorouf - Ep 11 - كاينة ظروف الحلقة Kayna Dorouf - Ep 12 - كاينة ظروف الحلقة 13 برامج رمضان : لمكتوب الموسم 2 - الحلقة فاصل ونواصل مراد العشابي hawli sardi , شراء خروف العيد 2023, سوق كباش العيد 2023 سوق الحولي بطنجة , سوق الحولي , أثمنة خروف العيد 2023, 3id adha 2023 أصغر حولي في المغرب مع مبديع,فضيحة مبديع,,فضيحة مبديع الوزير,محمد مبديع التحقيق #سعيد_الناصيري #لطيفة_رأفت #أخبار_مغربية #آخر_الأخبار #تيك_توك #تيكتوك #tiktok #2m #دوزيم #أخبار_مغربية #اخر_ثمن #الأساتذة_المتعاقدين #بن_موسى #إضراب_الاساتذة #دعم_السكن #دعم_السكن_2024 #طريقة_الاستفادة_من_الدعم #زلزال_المغرب #المغرب #مراكش #هزة_أرضية #زلازل #زلزال #غلاء_الأسعار #اخنوش #اخبار_الدراسة #أخبار_المغرب #الفايد #الدكتور_محمد_الفايد #الفايد_والعلماء #ياسين_العمري #العيد_الكبير #حولي_صردي #عيد_الاضحى #ثمن_الحولي #محمد_مبدع #الفقيه_بنصالح #الأستاذ_ياسين_العمري #simo_life #amine_raghib_live #سيمو_لايف #amine_raghib #simolife #akhbar_maghribiya #akhbar_maroc #الشرطي_هشام #الشرطة_المغربية #dounia_boutazout #al_aoula_tv #al_aoula #غلاء_الأسعار #محمد_الخياري #طارق_البخاري #تحفة_شو #اخبار #دنيا_بطمة #maroc #طارق_البخاري #شوف_تيفي #سعد_المجرد #محمد_الخياري #تضحك_تخسر","سجين,ناشيونال بالدارجة,سحر,شعوذة,فيلم خطير,فيلم تركي,Sijjin,Movie,Film,فلم,فيلم,سيجين,SIJJIN FILM,FaroukLife sijjin,Farouk Life film,فلم سجين,فلم SIJJIN,SIJIN,REDX,Podcasteur,Algerien,Algerie,youtubeur,حكاية,حكايات رعب,حكايات خوف,thread twitter,thread horreur,horror,nationale bedarija,nationale bedarija2,tsrkila,tserkila",22,"People & Blogs","Entertainment,Film",PT8M2S,482,2d,hd,false,ar,ar,https://i.ytimg.com/vi/RNWNicpsfro/maxresdefault.jpg,1,,,,,255920,12046,,0,506
118,UC--sV_rnu94eY4hXFwoVmSA," Nationale Bedarija2-ناشيونال بالدارجة ",pnPYb3IOtgI,2024-01-11T20:05:29Z,"2024-01-11 20:05:29","أكبر مشوهة فالمغرب! كاضحك بالقرآن و كاتدعي مع ميسي","مشاهير تيك توك تيك توك 2023 تيكتوك 2024 جديد مقاطع تيك توك TIK TOK ALGERIA& MAROC 🇲🇦🇩🇿 تيك توك 2021 تيك توك جزائري تيك توك مغربي Tik tok 2023 Tik tok 2024 أكبر صفقة في برنامج آخر ثمن بسبب تحف اليهود بالملايين وظهور الشاب لي قال نصبو عليه في برنامج 2M برنامج آخر ثمن دار أكبر سخاوة فتاريخ قناة دوزيم والشراية تصيدو فتراث اليهود المغاربة بالملايين برنامج آخر ثمن دار أكبر فضيحة فتاريخ قناة دوزيم من بعد ما صيدو الحاجة فاطمة مولات الزربية بالملايين Akhir Taman سامية أقريو Samia Akariou آخر ثمن لالة مليكة اخر ثمن مولات الزربية قناة دوزيم,2m replay,2m tv maroc live en direct أكبر فضيحة لوزارة شكيب بنموسى وانتصار الأساتذة بعد أكبر إضراب عام وحكومة أخنوش ترضخ لمطالب الأستاذ الاساتذة الذين فرض عليهم التعاقد وزير التربية الوطنية والتعليم الأولي والرياضة شكيب بنموسى إضراب الأساتذة و مراجعة النظام الأساسي الخاص بالتعليم شكيب بنموسى شكيب بن موسى وزير التعليم فضيحة دعم السكن في المغرب والدكتور معتوق فضح حكومة أخنوش والوزيرة المنصوري على المباشر التسجيل في دعم السكن 2024 شروط دعم السكن 2024 كيفاش نستافد من دعم السكن 2024 السكن الاقتصادي 25 مليون الدعم الحكومي للاستفادة من الدعم الحكومي الدعم الحكومي للطبقات الهشة رفع الدعم الحكومي قضية رفع الدعم الحكومي الدعم الحكومة الدعم الجديد باقات الدعم السكني تعويضات الزلزال في المغرب وحقيقة فيسبوكي حر وتجار الأزمات بعد زلزال الحوز وتبرع الملك بمبلغ خيالي تطورات زلزال المغرب وعدد ضحايا مراكش و أكادير زلزال المغرب عاود هزة ارتدادية في الحوز وحكومة أخنوش دارت معجزة | وتوقعات ليلى عبد اللطيف الخطيرة تطورات زلزال المغرب وعدد ضحايا مراكش و أكادير زلزال بقوة 7 درجات يهز مناطق من المغرب الهزة الأرضية زلزال المغرب اليوم زلزال المغرب اليوم 2023 زلزال المغرب اليوم مراكش tremblement de terre maroc زلزال المغرب الان ناصر جبور مدير المعهد الوطني للجيوفيزياء ليلى عبد اللطيف وزلزال المغرب Leila Abdellatif دوار تكخت بشيشاوة طفل زلزال المغرب فيسبوكي حر Faysboki TV - Amine iMnir ارسال المغرب مساعدات زلزال المغرب اليوم فاس زلزال المغرب اليوم طنجة زلزال المغرب اليوم سطات زلزال المغرب اليوم اكادير العالم الهولندي بزلزال المغرب عالم الزلازل الهولندي فرانك هوغربيتس وزارة التربية والتعليم بالمغرب اليوم أخيييرا أخنوش زاد فالأجور في المغرب باش يقضي على غلاء الأسعار والمحروقات حكومة عزيز اخنوش الأسعار الاسعار في المغرب الاسعار في المغرب اليوم انخفاض الأسعار في المغرب غلاء الاسعار في المغرب الوزير اسعار في المغرب اليوم اسعار في المغرب 2023 غلاء الاسعار في المغرب غلاء الاسعار في المغرب 2023 ارتفاع الاسعار في المغرب زيادة الاسعار في المغرب الجاموس البرازيلي اسرائيل والمغرب Kayna Dorouf - Ep 12- كاينة ظروف الحلقة Kayna Dorouf - Ep 13 - كاينة ظروف الحلقة 13 برامج رمضان : لمكتوب الموسم 2 - الحلقة Kayna Dorouf - Ep 11 - كاينة ظروف الحلقة Kayna Dorouf - Ep 12 - كاينة ظروف الحلقة 13 برامج رمضان : لمكتوب الموسم 2 - الحلقة فاصل ونواصل مراد العشابي hawli sardi , شراء خروف العيد 2023, سوق كباش العيد 2023 سوق الحولي بطنجة , سوق الحولي , أثمنة خروف العيد 2023, 3id adha 2023 أصغر حولي في المغرب مع مبديع,فضيحة مبديع,,فضيحة مبديع الوزير,محمد مبديع التحقيق #سعيد_الناصيري #لطيفة_رأفت #أخبار_مغربية #آخر_الأخبار #تيك_توك #تيكتوك #tiktok #2m #دوزيم #أخبار_مغربية #اخر_ثمن #الأساتذة_المتعاقدين #بن_موسى #إضراب_الاساتذة #دعم_السكن #دعم_السكن_2024 #طريقة_الاستفادة_من_الدعم #زلزال_المغرب #المغرب #مراكش #هزة_أرضية #زلازل #زلزال #غلاء_الأسعار #اخنوش #اخبار_الدراسة #أخبار_المغرب #الفايد #الدكتور_محمد_الفايد #الفايد_والعلماء #ياسين_العمري #العيد_الكبير #حولي_صردي #عيد_الاضحى #ثمن_الحولي #محمد_مبدع #الفقيه_بنصالح #الأستاذ_ياسين_العمري #simo_life #amine_raghib_live #سيمو_لايف #amine_raghib #simolife #akhbar_maghribiya #akhbar_maroc #الشرطي_هشام #الشرطة_المغربية #dounia_boutazout #al_aoula_tv #al_aoula #غلاء_الأسعار #محمد_الخياري #طارق_البخاري #تحفة_شو #اخبار #دنيا_بطمة #maroc #طارق_البخاري #شوف_تيفي #سعد_المجرد #محمد_الخياري #تضحك_تخسر","nationale bedarija,nationale bedarija2,tserkila,tsrkkila,mi na3ima,مي نعيمة,نعيمة البدوية,سعيدة شرف,دنيا بطمة,شوف تيفي",22,"People & Blogs",,PT8M25S,505,2d,hd,false,ar,ar,https://i.ytimg.com/vi/pnPYb3IOtgI/maxresdefault.jpg,1,,,,,471804,25092,,0,937
119,UC--sV_rnu94eY4hXFwoVmSA," Nationale Bedarija2-ناشيونال بالدارجة ",y739YJcg0zk,2024-01-06T22:39:31Z,"2024-01-06 22:39:31","هادشي داز فالتلفزة؟","Latifa Raafat محمد السيمو وبودريقة رئيس مجلس جهة الشرق عبد النبي بعيوي وبارون المخدرات علاقة أشرف بلمودن بملف اسكوبار الصحراء المالي الحاج بن براهيم الحيداوي قضية بيع تذاكر المونديال بعد فضيحة تيك توك الدكتور معتوق فضح غرامة غير قانونية لشركات الماء على المغاربة ونهاية الكاميرا خفية شنو سبب منع تيك توك من الدول العربية وعلاش نعيمة جوك خرجات وقضية التحقيق مع الحموشي من طرف الانتربول يوجد في هذا الفيديو كل ما يتعلق ب '' حظر تيك توك في الاردن حظر تيك توك في امريكا توقيف تيك توك في السعودية مشاهير تيك توك تيك توك 2023 تيكتوك 2024 جديد مقاطع تيك توك TIK TOK ALGERIA& MAROC 🇲🇦🇩🇿 M RADI محمد راضي الليلي Ellili Zakaria Moumni زكرياء مومني تيك توك جزائري تيك توك مغربي Tik tok marocco تيك توك مغربي تجميعة تيك توك جزائريTik tok 2022 Tik tok maroc تيك توك 2023 تيك توك 2022 تيك توك 2021 تيك توك جزائري تيك توك مغربي Tik tok 2023 Tik tok 2024 أكبر صفقة في برنامج آخر ثمن بسبب تحف اليهود بالملايين وظهور الشاب لي قال نصبو عليه في برنامج 2M برنامج آخر ثمن دار أكبر سخاوة فتاريخ قناة دوزيم والشراية تصيدو فتراث اليهود المغاربة بالملايين برنامج آخر ثمن دار أكبر فضيحة فتاريخ قناة دوزيم من بعد ما صيدو الحاجة فاطمة مولات الزربية بالملايين Akhir Taman سامية أقريو Samia Akariou آخر ثمن لالة مليكة اخر ثمن مولات الزربية قناة دوزيم,2m replay,2m tv maroc live en direct أكبر فضيحة لوزارة شكيب بنموسى وانتصار الأساتذة بعد أكبر إضراب عام وحكومة أخنوش ترضخ لمطالب الأستاذ الاساتذة الذين فرض عليهم التعاقد وزير التربية الوطنية والتعليم الأولي والرياضة شكيب بنموسى إضراب الأساتذة و مراجعة النظام الأساسي الخاص بالتعليم شكيب بنموسى شكيب بن موسى وزير التعليم فضيحة دعم السكن في المغرب والدكتور معتوق فضح حكومة أخنوش والوزيرة المنصوري على المباشر التسجيل في دعم السكن 2024 شروط دعم السكن 2024 كيفاش نستافد من دعم السكن 2024 السكن الاقتصادي 25 مليون الدعم الحكومي للاستفادة من الدعم الحكومي الدعم الحكومي للطبقات الهشة رفع الدعم الحكومي قضية رفع الدعم الحكومي الدعم الحكومة الدعم الجديد باقات الدعم السكني تعويضات الزلزال في المغرب وحقيقة فيسبوكي حر وتجار الأزمات بعد زلزال الحوز وتبرع الملك بمبلغ خيالي تطورات زلزال المغرب وعدد ضحايا مراكش و أكادير زلزال المغرب عاود هزة ارتدادية في الحوز وحكومة أخنوش دارت معجزة | وتوقعات ليلى عبد اللطيف الخطيرة تطورات زلزال المغرب وعدد ضحايا مراكش و أكادير زلزال بقوة 7 درجات يهز مناطق من المغرب الهزة الأرضية زلزال المغرب اليوم زلزال المغرب اليوم 2023 زلزال المغرب اليوم مراكش tremblement de terre maroc زلزال المغرب الان ناصر جبور مدير المعهد الوطني للجيوفيزياء ليلى عبد اللطيف وزلزال المغرب Leila Abdellatif دوار تكخت بشيشاوة طفل زلزال المغرب فيسبوكي حر Faysboki TV - Amine iMnir ارسال المغرب مساعدات زلزال المغرب اليوم فاس زلزال المغرب اليوم طنجة زلزال المغرب اليوم سطات زلزال المغرب اليوم اكادير العالم الهولندي بزلزال المغرب عالم الزلازل الهولندي فرانك هوغربيتس وزارة التربية والتعليم بالمغرب اليوم أخيييرا أخنوش زاد فالأجور في المغرب باش يقضي على غلاء الأسعار والمحروقات حكومة عزيز اخنوش الأسعار الاسعار في المغرب الاسعار في المغرب اليوم انخفاض الأسعار في المغرب غلاء الاسعار في المغرب الوزير اسعار في المغرب اليوم اسعار في المغرب 2023 غلاء الاسعار في المغرب غلاء الاسعار في المغرب 2023 ارتفاع الاسعار في المغرب زيادة الاسعار في المغرب الجاموس البرازيلي اسرائيل والمغرب Kayna Dorouf - Ep 12- كاينة ظروف الحلقة Kayna Dorouf - Ep 13 - كاينة ظروف الحلقة 13 برامج رمضان : لمكتوب الموسم 2 - الحلقة Kayna Dorouf - Ep 11 - كاينة ظروف الحلقة Kayna Dorouf - Ep 12 - كاينة ظروف الحلقة 13 برامج رمضان : لمكتوب الموسم 2 - الحلقة فاصل ونواصل مراد العشابي hawli sardi , شراء خروف العيد 2023, سوق كباش العيد 2023 سوق الحولي بطنجة , سوق الحولي , أثمنة خروف العيد 2023, 3id adha 2023 أصغر حولي في المغرب مع مبديع,فضيحة مبديع,,فضيحة مبديع الوزير,محمد مبديع التحقيق #سعيد_الناصيري #لطيفة_رأفت #أخبار_مغربية #آخر_الأخبار #تيك_توك #تيكتوك #tiktok #2m #دوزيم #أخبار_مغربية #اخر_ثمن #الأساتذة_المتعاقدين #بن_موسى #إضراب_الاساتذة #دعم_السكن #دعم_السكن_2024 #طريقة_الاستفادة_من_الدعم #زلزال_المغرب #المغرب #مراكش #هزة_أرضية #زلازل #زلزال #غلاء_الأسعار #اخنوش #اخبار_الدراسة #أخبار_المغرب #الفايد #الدكتور_محمد_الفايد #الفايد_والعلماء #ياسين_العمري #العيد_الكبير #حولي_صردي #عيد_الاضحى #ثمن_الحولي #محمد_مبدع #الفقيه_بنصالح #الأستاذ_ياسين_العمري #simo_life #amine_raghib_live #سيمو_لايف #amine_raghib #simolife #akhbar_maghribiya #akhbar_maroc #الشرطي_هشام #الشرطة_المغربية #dounia_boutazout #al_aoula_tv #al_aoula #غلاء_الأسعار #محمد_الخياري #طارق_البخاري #تحفة_شو #اخبار #دنيا_بطمة #maroc #طارق_البخاري #شوف_تيفي #سعد_المجرد #محمد_الخياري #تضحك_تخسر",,22,"People & Blogs","Politics,Society",PT8M7S,487,2d,hd,false,ar,ar,https://i.ytimg.com/vi/y739YJcg0zk/maxresdefault.jpg,1,,,,,366541,14018,,0,566
120,UC--sV_rnu94eY4hXFwoVmSA," Nationale Bedarija2-ناشيونال بالدارجة ",9lH-lnNuGV4,2023-12-16T21:26:19Z,"2023-12-16 21:26:19","البنات هرب ليهوم! بغاو سعودي طويل😱","ناشيونال بالدارجة تسركيلة تيك توك Akhir Taman سامية أقريو Samia Akariou آخر ثمن لالة مليكة اخر ثمن مولات الزربية قناة دوزيم,2m replay,2m tv maroc live en direct فاطمة الزهراء المنصوري وزيرة إعداد التراب الوطني والتعمير والإسكان وسياسة المدينة التسجيل في دعم السكن 2024 شروط دعم السكن 2024 كيفاش نستافد من دعم السكن 2024 السكن الاقتصادي 25 مليون الدعم الحكومي للاستفادة من الدعم الحكومي الدعم الحكومي للطبقات الهشة رفع الدعم الحكومي قضية رفع الدعم الحكومي الدعم الحكومة الدعم الجديد باقات الدعم السكني تعويضات الزلزال في المغرب وحقيقة فيسبوكي حر وتجار الأزمات بعد زلزال الحوز وتبرع الملك بمبلغ خيالي أكبر فضيحة في المغرب وحقيقة فيسبوكي حر وتجار الأزمات بعد زلزال الحوز وتبرع الملك بمبلغ خيالي تعويضات الزلزال في المغرب تطورات زلزال المغرب وعدد ضحايا مراكش و أكادير زلزال المغرب عاود هزة ارتدادية في الحوز وحكومة أخنوش دارت معجزة | وتوقعات ليلى عبد اللطيف الخطيرة تطورات زلزال المغرب وعدد ضحايا مراكش و أكادير زلزال بقوة 7 درجات يهز مناطق من المغرب الهزة الأرضية زلزال المغرب اليوم زلزال المغرب اليوم 2023 زلزال المغرب اليوم مراكش tremblement de terre maroc زلزال المغرب الان ناصر جبور مدير المعهد الوطني للجيوفيزياء ليلى عبد اللطيف وزلزال المغرب Leila Abdellatif دوار تكخت بشيشاوة طفل زلزال المغرب فيسبوكي حر Faysboki TV - Amine iMnir ارسال المغرب مساعدات زلزال المغرب اليوم فاس زلزال المغرب اليوم طنجة زلزال المغرب اليوم سطات زلزال المغرب اليوم اكادير العالم الهولندي بزلزال المغرب عالم الزلازل الهولندي فرانك هوغربيتس وزارة التربية والتعليم بالمغرب اليوم أخيييرا أخنوش زاد فالأجور في المغرب باش يقضي على غلاء الأسعار والمحروقات حكومة عزيز اخنوش الأسعار الاسعار في المغرب الاسعار في المغرب اليوم انخفاض الأسعار في المغرب غلاء الاسعار في المغرب الوزير اسعار في المغرب اليوم اسعار في المغرب 2023 غلاء الاسعار في المغرب غلاء الاسعار في المغرب 2023 ارتفاع الاسعار في المغرب زيادة الاسعار في المغرب الجاموس البرازيلي اسرائيل والمغرب Kayna Dorouf - Ep 12- كاينة ظروف الحلقة Kayna Dorouf - Ep 13 - كاينة ظروف الحلقة 13 برامج رمضان : لمكتوب الموسم 2 - الحلقة Kayna Dorouf - Ep 11 - كاينة ظروف الحلقة Kayna Dorouf - Ep 12 - كاينة ظروف الحلقة 13 برامج رمضان : لمكتوب الموسم 2 - الحلقة فاصل ونواصل مراد العشابي hawli sardi , شراء خروف العيد 2023, سوق كباش العيد 2023 سوق الحولي بطنجة , سوق الحولي , أثمنة خروف العيد 2023, 3id adha 2023 أصغر حولي في المغرب مع مبديع,فضيحة مبديع,,فضيحة مبديع الوزير,محمد مبديع التحقيق #الأساتذة_المتعاقدين #النظام_الأساسي #بن_موسى #إضراب_الاساتذة #أخبار_مغربية #آخر_الأخبار #البرلمان_المغربي #اخنوش #2m #دوزيم #أخبار_مغربية #اخر_ثمن #دعم_السكن #دعم_السكن_2024 #طريقة_الاستفادة_من_الدعم #زلزال_المغرب #المغرب #مراكش #هزة_أرضية #زلازل #زلزال #غلاء_الأسعار #اخنوش #اخبار_الدراسة #أخبار_المغرب #الفايد #الدكتور_محمد_الفايد #الفايد_والعلماء #ياسين_العمري #العيد_الكبير #حولي_صردي #عيد_الاضحى #ثمن_الحولي #محمد_مبدع #الفقيه_بنصالح #الأستاذ_ياسين_العمري #simo_life #amine_raghib_live #سيمو_لايف #amine_raghib #simolife #akhbar_maghribiya #akhbar_maroc #الشرطي_هشام #الشرطة_المغربية #dounia_boutazout #al_aoula_tv #al_aoula #غلاء_الأسعار #محمد_الخياري #طارق_البخاري #تحفة_شو #اخبار #دنيا_بطمة #maroc #طارق_البخاري #شوف_تيفي #سعد_المجرد #محمد_الخياري #تضحك_تخسر","تسركيلة,ناشيونال بالدارجة,tiktok,tiktok maroc 2023,reaction,nationalebedarija2",22,"People & Blogs",,PT9M43S,583,2d,hd,false,ar,ar,,1,,,,,209871,9858,,0,364
121,UC--sV_rnu94eY4hXFwoVmSA," Nationale Bedarija2-ناشيونال بالدارجة ",I70uurlTg5I,2023-12-10T13:08:12Z,"2023-12-10 13:08:12","فضائح التيك توك! عطاها 35 مليون AYA BICHRI","ناشيونال بالدارجة تسركيلة أية بيشري Akhir Taman سامية أقريو Samia Akariou آخر ثمن لالة مليكة اخر ثمن مولات الزربية قناة دوزيم,2m replay,2m tv maroc live en direct فاطمة الزهراء المنصوري وزيرة إعداد التراب الوطني والتعمير والإسكان وسياسة المدينة التسجيل في دعم السكن 2024 شروط دعم السكن 2024 كيفاش نستافد من دعم السكن 2024 السكن الاقتصادي 25 مليون الدعم الحكومي للاستفادة من الدعم الحكومي الدعم الحكومي للطبقات الهشة رفع الدعم الحكومي قضية رفع الدعم الحكومي الدعم الحكومة الدعم الجديد باقات الدعم السكني تعويضات الزلزال في المغرب وحقيقة فيسبوكي حر وتجار الأزمات بعد زلزال الحوز وتبرع الملك بمبلغ خيالي أكبر فضيحة في المغرب وحقيقة فيسبوكي حر وتجار الأزمات بعد زلزال الحوز وتبرع الملك بمبلغ خيالي تعويضات الزلزال في المغرب تطورات زلزال المغرب وعدد ضحايا مراكش و أكادير زلزال المغرب عاود هزة ارتدادية في الحوز وحكومة أخنوش دارت معجزة | وتوقعات ليلى عبد اللطيف الخطيرة تطورات زلزال المغرب وعدد ضحايا مراكش و أكادير زلزال بقوة 7 درجات يهز مناطق من المغرب الهزة الأرضية زلزال المغرب اليوم زلزال المغرب اليوم 2023 زلزال المغرب اليوم مراكش tremblement de terre maroc زلزال المغرب الان ناصر جبور مدير المعهد الوطني للجيوفيزياء ليلى عبد اللطيف وزلزال المغرب Leila Abdellatif دوار تكخت بشيشاوة طفل زلزال المغرب فيسبوكي حر Faysboki TV - Amine iMnir ارسال المغرب مساعدات زلزال المغرب اليوم فاس زلزال المغرب اليوم طنجة زلزال المغرب اليوم سطات زلزال المغرب اليوم اكادير العالم الهولندي بزلزال المغرب عالم الزلازل الهولندي فرانك هوغربيتس وزارة التربية والتعليم بالمغرب اليوم أخيييرا أخنوش زاد فالأجور في المغرب باش يقضي على غلاء الأسعار والمحروقات حكومة عزيز اخنوش الأسعار الاسعار في المغرب الاسعار في المغرب اليوم انخفاض الأسعار في المغرب غلاء الاسعار في المغرب الوزير اسعار في المغرب اليوم اسعار في المغرب 2023 غلاء الاسعار في المغرب غلاء الاسعار في المغرب 2023 ارتفاع الاسعار في المغرب زيادة الاسعار في المغرب الجاموس البرازيلي اسرائيل والمغرب Kayna Dorouf - Ep 12- كاينة ظروف الحلقة Kayna Dorouf - Ep 13 - كاينة ظروف الحلقة 13 برامج رمضان : لمكتوب الموسم 2 - الحلقة Kayna Dorouf - Ep 11 - كاينة ظروف الحلقة Kayna Dorouf - Ep 12 - كاينة ظروف الحلقة 13 برامج رمضان : لمكتوب الموسم 2 - الحلقة فاصل ونواصل مراد العشابي hawli sardi , شراء خروف العيد 2023, سوق كباش العيد 2023 سوق الحولي بطنجة , سوق الحولي , أثمنة خروف العيد 2023, 3id adha 2023 أصغر حولي في المغرب مع مبديع,فضيحة مبديع,,فضيحة مبديع الوزير,محمد مبديع التحقيق #الأساتذة_المتعاقدين #النظام_الأساسي #بن_موسى #إضراب_الاساتذة #أخبار_مغربية #آخر_الأخبار #البرلمان_المغربي #اخنوش #2m #دوزيم #أخبار_مغربية #اخر_ثمن #دعم_السكن #دعم_السكن_2024 #طريقة_الاستفادة_من_الدعم #زلزال_المغرب #المغرب #مراكش #هزة_أرضية #زلازل #زلزال #غلاء_الأسعار #اخنوش #اخبار_الدراسة #أخبار_المغرب #الفايد #الدكتور_محمد_الفايد #الفايد_والعلماء #ياسين_العمري #العيد_الكبير #حولي_صردي #عيد_الاضحى #ثمن_الحولي #محمد_مبدع #الفقيه_بنصالح #الأستاذ_ياسين_العمري #simo_life #amine_raghib_live #سيمو_لايف #amine_raghib #simolife #akhbar_maghribiya #akhbar_maroc #الشرطي_هشام #الشرطة_المغربية #dounia_boutazout #al_aoula_tv #al_aoula #غلاء_الأسعار #محمد_الخياري #طارق_البخاري #تحفة_شو #اخبار #دنيا_بطمة #maroc #طارق_البخاري #شوف_تيفي #سعد_المجرد #محمد_الخياري #تضحك_تخسر","aya bichri,tik tok,reaction,tserkila,nationale bedarija2,فضائح تيك توك,رياكشن,بنات,أية بيشري,ولد الشينوية,عرس مغربي,حريودة,تيك توك المغرب",22,"People & Blogs",Society,PT8M18S,498,2d,hd,false,ar,ar,https://i.ytimg.com/vi/I70uurlTg5I/maxresdefault.jpg,1,,,,,339835,17157,,0,628
122,UC--sV_rnu94eY4hXFwoVmSA," Nationale Bedarija2-ناشيونال بالدارجة ",G1rhGFYcLHA,2023-12-05T12:33:41Z,"2023-12-05 12:33:41","حقيقة ماوقع لزياش و فاتي جمالي! قمعها عاوتاني","قضية زياش و فاتي جمالي ناشيونال بالدارجة تسركيلة Akhir Taman سامية أقريو Samia Akariou آخر ثمن لالة مليكة اخر ثمن مولات الزربية قناة دوزيم,2m replay,2m tv maroc live en direct فاطمة الزهراء المنصوري وزيرة إعداد التراب الوطني والتعمير والإسكان وسياسة المدينة التسجيل في دعم السكن 2024 شروط دعم السكن 2024 كيفاش نستافد من دعم السكن 2024 السكن الاقتصادي 25 مليون الدعم الحكومي للاستفادة من الدعم الحكومي الدعم الحكومي للطبقات الهشة رفع الدعم الحكومي قضية رفع الدعم الحكومي الدعم الحكومة الدعم الجديد باقات الدعم السكني تعويضات الزلزال في المغرب وحقيقة فيسبوكي حر وتجار الأزمات بعد زلزال الحوز وتبرع الملك بمبلغ خيالي أكبر فضيحة في المغرب وحقيقة فيسبوكي حر وتجار الأزمات بعد زلزال الحوز وتبرع الملك بمبلغ خيالي تعويضات الزلزال في المغرب تطورات زلزال المغرب وعدد ضحايا مراكش و أكادير زلزال المغرب عاود هزة ارتدادية في الحوز وحكومة أخنوش دارت معجزة | وتوقعات ليلى عبد اللطيف الخطيرة تطورات زلزال المغرب وعدد ضحايا مراكش و أكادير زلزال بقوة 7 درجات يهز مناطق من المغرب الهزة الأرضية زلزال المغرب اليوم زلزال المغرب اليوم 2023 زلزال المغرب اليوم مراكش tremblement de terre maroc زلزال المغرب الان ناصر جبور مدير المعهد الوطني للجيوفيزياء ليلى عبد اللطيف وزلزال المغرب Leila Abdellatif دوار تكخت بشيشاوة طفل زلزال المغرب فيسبوكي حر Faysboki TV - Amine iMnir ارسال المغرب مساعدات زلزال المغرب اليوم فاس زلزال المغرب اليوم طنجة زلزال المغرب اليوم سطات زلزال المغرب اليوم اكادير العالم الهولندي بزلزال المغرب عالم الزلازل الهولندي فرانك هوغربيتس وزارة التربية والتعليم بالمغرب اليوم أخيييرا أخنوش زاد فالأجور في المغرب باش يقضي على غلاء الأسعار والمحروقات حكومة عزيز اخنوش الأسعار الاسعار في المغرب الاسعار في المغرب اليوم انخفاض الأسعار في المغرب غلاء الاسعار في المغرب الوزير اسعار في المغرب اليوم اسعار في المغرب 2023 غلاء الاسعار في المغرب غلاء الاسعار في المغرب 2023 ارتفاع الاسعار في المغرب زيادة الاسعار في المغرب الجاموس البرازيلي اسرائيل والمغرب Kayna Dorouf - Ep 12- كاينة ظروف الحلقة Kayna Dorouf - Ep 13 - كاينة ظروف الحلقة 13 برامج رمضان : لمكتوب الموسم 2 - الحلقة Kayna Dorouf - Ep 11 - كاينة ظروف الحلقة Kayna Dorouf - Ep 12 - كاينة ظروف الحلقة 13 برامج رمضان : لمكتوب الموسم 2 - الحلقة فاصل ونواصل مراد العشابي hawli sardi , شراء خروف العيد 2023, سوق كباش العيد 2023 سوق الحولي بطنجة , سوق الحولي , أثمنة خروف العيد 2023, 3id adha 2023 أصغر حولي في المغرب مع مبديع,فضيحة مبديع,,فضيحة مبديع الوزير,محمد مبديع التحقيق #الأساتذة_المتعاقدين #النظام_الأساسي #بن_موسى #إضراب_الاساتذة #أخبار_مغربية #آخر_الأخبار #البرلمان_المغربي #اخنوش #2m #دوزيم #أخبار_مغربية #اخر_ثمن #دعم_السكن #دعم_السكن_2024 #طريقة_الاستفادة_من_الدعم #زلزال_المغرب #المغرب #مراكش #هزة_أرضية #زلازل #زلزال #غلاء_الأسعار #اخنوش #اخبار_الدراسة #أخبار_المغرب #الفايد #الدكتور_محمد_الفايد #الفايد_والعلماء #ياسين_العمري #العيد_الكبير #حولي_صردي #عيد_الاضحى #ثمن_الحولي #محمد_مبدع #الفقيه_بنصالح #الأستاذ_ياسين_العمري #simo_life #amine_raghib_live #سيمو_لايف #amine_raghib #simolife #akhbar_maghribiya #akhbar_maroc #الشرطي_هشام #الشرطة_المغربية #dounia_boutazout #al_aoula_tv #al_aoula #غلاء_الأسعار #محمد_الخياري #طارق_البخاري #تحفة_شو #اخبار #دنيا_بطمة #maroc #طارق_البخاري #شوف_تيفي #سعد_المجرد #محمد_الخياري #تضحك_تخسر","زياش,حكيم زياش,فاتي جمالي,فاصل و نواصل,لبنج,قمعها,اللعيبة,رد زياش,ziyech,fati jamali,galatasaray,farouklife,tserkila,nayionale bedarija2,reaction,tiktok,maroc,رياكشن,تسركيلة,تيك توك,فضيحة فاتي جمالي,فضائح,كرة القردم,انتقام,حبة المشمش,زياش اليوم,زياش مع غلطة سراي,زياش يقمع,زياش متكبر,bein sport تقديم زياش,حكيم زياش english please,فاتي جمالي ترقص,فاتي جمالي مع زياش,فاتي جمالي طب طب,فاتي جمالي تغني بالتركي,فاتي جمالي قبل عملية التجميل,فاتي جمالي العشابي",22,"People & Blogs",,PT10M10S,610,2d,hd,false,ar,ar,https://i.ytimg.com/vi/G1rhGFYcLHA/maxresdefault.jpg,1,,,,,330354,14727,,0,705
123,UC--sV_rnu94eY4hXFwoVmSA," Nationale Bedarija2-ناشيونال بالدارجة ",fk-sbvjmWyM,2023-12-03T12:35:00Z,"2023-12-03 12:35:00","حبيبتنا إكرام صرفقات باها! أسوأ مؤثرة IKRAM DEBBAGH","اكرام دباغ ناشيونال ابلدارجة تسركيلة Akhir Taman سامية أقريو Samia Akariou آخر ثمن لالة مليكة اخر ثمن مولات الزربية قناة دوزيم,2m replay,2m tv maroc live en direct فاطمة الزهراء المنصوري وزيرة إعداد التراب الوطني والتعمير والإسكان وسياسة المدينة التسجيل في دعم السكن 2024 شروط دعم السكن 2024 كيفاش نستافد من دعم السكن 2024 السكن الاقتصادي 25 مليون الدعم الحكومي للاستفادة من الدعم الحكومي الدعم الحكومي للطبقات الهشة رفع الدعم الحكومي قضية رفع الدعم الحكومي الدعم الحكومة الدعم الجديد باقات الدعم السكني تعويضات الزلزال في المغرب وحقيقة فيسبوكي حر وتجار الأزمات بعد زلزال الحوز وتبرع الملك بمبلغ خيالي أكبر فضيحة في المغرب وحقيقة فيسبوكي حر وتجار الأزمات بعد زلزال الحوز وتبرع الملك بمبلغ خيالي تعويضات الزلزال في المغرب تطورات زلزال المغرب وعدد ضحايا مراكش و أكادير زلزال المغرب عاود هزة ارتدادية في الحوز وحكومة أخنوش دارت معجزة | وتوقعات ليلى عبد اللطيف الخطيرة تطورات زلزال المغرب وعدد ضحايا مراكش و أكادير زلزال بقوة 7 درجات يهز مناطق من المغرب الهزة الأرضية زلزال المغرب اليوم زلزال المغرب اليوم 2023 زلزال المغرب اليوم مراكش tremblement de terre maroc زلزال المغرب الان ناصر جبور مدير المعهد الوطني للجيوفيزياء ليلى عبد اللطيف وزلزال المغرب Leila Abdellatif دوار تكخت بشيشاوة طفل زلزال المغرب فيسبوكي حر Faysboki TV - Amine iMnir ارسال المغرب مساعدات زلزال المغرب اليوم فاس زلزال المغرب اليوم طنجة زلزال المغرب اليوم سطات زلزال المغرب اليوم اكادير العالم الهولندي بزلزال المغرب عالم الزلازل الهولندي فرانك هوغربيتس وزارة التربية والتعليم بالمغرب اليوم أخيييرا أخنوش زاد فالأجور في المغرب باش يقضي على غلاء الأسعار والمحروقات حكومة عزيز اخنوش الأسعار الاسعار في المغرب الاسعار في المغرب اليوم انخفاض الأسعار في المغرب غلاء الاسعار في المغرب الوزير اسعار في المغرب اليوم اسعار في المغرب 2023 غلاء الاسعار في المغرب غلاء الاسعار في المغرب 2023 ارتفاع الاسعار في المغرب زيادة الاسعار في المغرب الجاموس البرازيلي اسرائيل والمغرب Kayna Dorouf - Ep 12- كاينة ظروف الحلقة Kayna Dorouf - Ep 13 - كاينة ظروف الحلقة 13 برامج رمضان : لمكتوب الموسم 2 - الحلقة Kayna Dorouf - Ep 11 - كاينة ظروف الحلقة Kayna Dorouf - Ep 12 - كاينة ظروف الحلقة 13 برامج رمضان : لمكتوب الموسم 2 - الحلقة فاصل ونواصل مراد العشابي hawli sardi , شراء خروف العيد 2023, سوق كباش العيد 2023 سوق الحولي بطنجة , سوق الحولي , أثمنة خروف العيد 2023, 3id adha 2023 أصغر حولي في المغرب مع مبديع,فضيحة مبديع,,فضيحة مبديع الوزير,محمد مبديع التحقيق #الأساتذة_المتعاقدين #النظام_الأساسي #بن_موسى #إضراب_الاساتذة #أخبار_مغربية #آخر_الأخبار #البرلمان_المغربي #اخنوش #2m #دوزيم #أخبار_مغربية #اخر_ثمن #دعم_السكن #دعم_السكن_2024 #طريقة_الاستفادة_من_الدعم #زلزال_المغرب #المغرب #مراكش #هزة_أرضية #زلازل #زلزال #غلاء_الأسعار #اخنوش #اخبار_الدراسة #أخبار_المغرب #الفايد #الدكتور_محمد_الفايد #الفايد_والعلماء #ياسين_العمري #العيد_الكبير #حولي_صردي #عيد_الاضحى #ثمن_الحولي #محمد_مبدع #الفقيه_بنصالح #الأستاذ_ياسين_العمري #simo_life #amine_raghib_live #سيمو_لايف #amine_raghib #simolife #akhbar_maghribiya #akhbar_maroc #الشرطي_هشام #الشرطة_المغربية #dounia_boutazout #al_aoula_tv #al_aoula #غلاء_الأسعار #محمد_الخياري #طارق_البخاري #تحفة_شو #اخبار #دنيا_بطمة #maroc #طارق_البخاري #شوف_تيفي #سعد_المجرد #محمد_الخياري #تضحك_تخسر","nationale bedarija,nationale bedarija2,tsrkila,تسركيلة,ناشيونال بالدارجة,ikram dgh,ikram debagh,مسخوطة باها,رياكشن,tiktok 2023,maroc",22,"People & Blogs",Society,PT9M13S,553,2d,hd,false,ar,ar,https://i.ytimg.com/vi/fk-sbvjmWyM/maxresdefault.jpg,1,,,,,444042,21721,,0,763
124,UC--sV_rnu94eY4hXFwoVmSA," Nationale Bedarija2-ناشيونال بالدارجة ",6pg7A4WE6ns,2023-11-28T18:00:42Z,"2023-11-28 18:00:42","أكبر فضيحة سناء عكرود بغات راجل آخر؟","سناء عكرود سناء sanaa akroud زلزال المغرب اليوم 2023 زلزال المغرب اليوم مراكش tremblement de terre maroc زلزال المغرب الان ناصر جبور مدير المعهد الوطني للجيوفيزياء ليلى عبد اللطيف وزلزال المغرب Leila Abdellatif دوار تكخت بشيشاوة طفل زلزال المغرب فيسبوكي حر Faysboki TV - Amine iMnir ارسال المغرب مساعدات زلزال المغرب اليوم فاس زلزال المغرب اليوم طنجة زلزال المغرب اليوم سطات زلزال المغرب اليوم اكادير العالم الهولندي بزلزال المغرب عالم الزلازل الهولندي فرانك هوغربيتس وزارة التربية والتعليم بالمغرب اليوم أخيييرا أخنوش زاد فالأجور في المغرب باش يقضي على غلاء الأسعار والمحروقات حكومة عزيز اخنوش الأسعار الاسعار في المغرب الاسعار في المغرب اليوم انخفاض الأسعار في المغرب غلاء الاسعار في المغرب الوزير اسعار في المغرب اليوم اسعار في المغرب 2023 غلاء الاسعار في المغرب غلاء الاسعار في المغرب 2023 ارتفاع الاسعار في المغرب زيادة الاسعار في المغرب الجاموس البرازيلي اسرائيل والمغرب Kayna Dorouf - Ep 12- كاينة ظروف الحلقة Kayna Dorouf - Ep 13 - كاينة ظروف الحلقة 13 برامج رمضان : لمكتوب الموسم 2 - الحلقة Kayna Dorouf - Ep 11 - كاينة ظروف الحلقة Kayna Dorouf - Ep 12 - كاينة ظروف الحلقة 13 برامج رمضان : لمكتوب الموسم 2 - الحلقة فاصل ونواصل مراد العشابي hawli sardi , شراء خروف العيد 2023, سوق كباش العيد 2023 سوق الحولي بطنجة , سوق الحولي , أثمنة خروف العيد 2023, 3id adha 2023 أصغر حولي في المغرب مع مبديع,فضيحة مبديع,,فضيحة مبديع الوزير,محمد مبديع التحقيق #الأساتذة_المتعاقدين #النظام_الأساسي #بن_موسى #إضراب_الاساتذة #أخبار_مغربية #آخر_الأخبار #2m #دوزيم #أخبار_مغربية #اخر_ثمن #دعم_السكن #دعم_السكن_2024 #طريقة_الاستفادة_من_الدعم #زلزال_المغرب #المغرب #مراكش #هزة_أرضية #زلازل #زلزال #غلاء_الأسعار #اخنوش #اخبار_الدراسة #أخبار_المغرب #الفايد #الدكتور_محمد_الفايد #الفايد_والعلماء #ياسين_العمري #العيد_الكبير #حولي_صردي #عيد_الاضحى #ثمن_الحولي #محمد_مبدع #الفقيه_بنصالح #الأستاذ_ياسين_العمري #simo_life #amine_raghib_live #سيمو_لايف #amine_raghib #simolife #akhbar_maghribiya #akhbar_maroc #الشرطي_هشام #الشرطة_المغربية #dounia_boutazout #al_aoula_tv #al_aoula #غلاء_الأسعار #محمد_الخياري #طارق_البخاري #تحفة_شو #اخبار #دنيا_بطمة #maroc #طارق_البخاري #شوف_تيفي #سعد_المجرد #محمد_الخياري #تضحك_تخسر","المرأة المتزوجة,سناء عكرود,عكرود,فيديوهات مضحكة,فيديوهات,فيديو سناء عكرود,سناء عكرود و الخيانة الزوجية,الخيانة الزوجية,الخيانة,قصة عن الخيانة الزوجية,خيانة الزوجية,خيانة,سناء,مواقع التواصل الإجتماعي,خيانة الزوجة لزوجها,خيانة المرأة للرجل,المرأة,الرجل,reaction,tserkila,tsrkila,nationale bedarija,احكي يا شهرزاد,فضيحة سناء,nationale bedarija 2,nationale bdarija2,sanaa akroud,sanaa",22,"People & Blogs",,PT10M17S,617,2d,hd,false,ar,ar,https://i.ytimg.com/vi/6pg7A4WE6ns/maxresdefault.jpg,1,,,,,278979,13529,,0,781
