position,channelId,channelTitle,videoId,publishedAt,publishedAtSQL,videoTitle,videoDescription,tags,videoCategoryId,videoCategoryLabel,topicCategories,duration,durationSec,dimension,definition,caption,defaultLanguage,defaultLAudioLanguage,thumbnail_maxres,licensedContent,hasPaidProductPlacement,locationDescription,latitude,longitude,viewCount,likeCount,dislikeCount,favoriteCount,commentCount
1,UC9JNENLelbGff__RYGLP1jA,"Souky Stories",CSF4pNMHsTA,2026-04-21T16:00:16Z,"2026-04-21 16:00:16","تحقيق دام 56 سنة وماغاتصوروش شكون حل القضية ‼️(*للكبار فقط*)⚠️","فعام 1964، تلقات الطفلة ماريس آن شيفيريلا، كان عمرها 9 سنين، مقتولة فواحد البلدة هادئة ديال المناجم فبنسلفانيا. ولسنين طويلة، والمحققين كيقلبو على شي جواب. حافظو على الأدلة، وتبعو كل الخيوط… دازو أجيال، ولكن القضية بقات باردة. حتى تطورات التكنولوجية… وبالفضل ديال طالب جامعي، أخيرًا تشد المجرم… اللي كان طول هاد الوقت غير حداهم ماتنساش تشتارك فالقناة وتفعل الجرس باش يوصلوك فيديوهات وقصص جداد ❤️ الفيديو الثالث من رحلتي بالكرفان على قناتي الجديدة: https://www.youtube.com/watch?v=By_71LWDWUk قناتي الجديدة على اليوتيوب: @SoukaynaSaadi صفحتي على الأنستغرام: https://www.instagram.com/soukaynasaadi1 مرحبا بكم في القناة، الاسم ديالي سكينة و اليوم غادي نكتاشفو خبايا هاد القصة هاد القناة دارت ليك إلى كنتي من عشاق : - قصص حقيقية - قصص رعب - قصص جرائم - قصص غريبة - قصص بوليسية - قصص مؤثرة - قصص ملهمة - قصص واقعية كانحط قصة يوم الإثنين والخميس. مرحبا بيك في عالم القصص المثيرة ❤️ تابعوني ايضا على مواقع التواصل الاجتماعي إذا كنت من محبي القصص القصيرة عبر: الانستغرام : soukystories الفايسبوك : soukystories التيكتوك : soukystories #explore #قصص_بالدرجة #قصص_بالدارجة #قصص_بالدارجة_المغربية #قصص_واقعية #قصص_غريبة #قصص_حقیقية #9isas_wa9i3iya #souky_stories #soukystories #جريمة_اليوم #brasil #البرازيل #غموض Darkest Child by Kevin MacLeod is licensed under a Creative Commons Attribution 4.0 license. https://creativecommons.org/licenses/by/4.0/ Source: http://incompetech.com/music/royalty-free/index.html?isrc=USUAN1100783 Artist: http://incompetech.com/","fait divers maroc,fait divers,jarima,fait divers algerie,enquête,mystère,histoire vraie,enquêtes criminelles,arabic story time,histoire vraie darija,fait divers darija,fait divers arabic,darija,histoire en arabe,histoire de crime en arabe,histoire criminelle racontée en arabe,histoire criminelle racontée en darija,crime story in arabic,crime stories in arabic,arabic true crime story,true crime stories arabic,سوكي ستوريز رعب,قصص جرائم,911",24,Entertainment,,PT27M49S,1669,2d,hd,false,ar,ar,https://i.ytimg.com/vi/CSF4pNMHsTA/maxresdefault.jpg,1,,Morocco,31.791702,-7.09262,72889,6003,,0,527
2,UC9JNENLelbGff__RYGLP1jA,"Souky Stories",fvJ8oioV_cw,2026-04-16T21:00:47Z,"2026-04-16 21:00:47","لغز اختفاء الميلياردير ماركوس وسر الجثة في الاكياس الزرقاء (*للكبار فقط*) ⚠️","شفتو مزيان هاد التسجيل؟ راجل هابط فلسانسور، كياخد بيتزا من عند ليفرور، وكيبان كولشي عادي.. ولكن هاد اللحظة كانت هي آخر مرة غايبان فيها حي! فهاد الفيديو، غانمشيو للبرازيل عام 2012، باش نعرفو قصة الملياردير ماركوس ماتسوناغا ومراتو إليز. قصة فيها الحب، الخيانة، الفلوس، ونهاية مأساوية ما تخيلها حتى واحد. شنو وقع لديك البيتزا؟ وفين مشى ماركوس؟ وشنو السر اللي مخبعاه ""الباليزات"" اللي خرجات بيهم إليز من الدار؟ تفرجو حتى لآخر باش تعرفو الحقيقة الكاملة ديال هاد القضية اللي صدمات العالم. ماتنساش تشتارك فالقناة وتفعل الجرس باش يوصلوك فيديوهات وقصص جداد ❤️ الفيديو الثالث من رحلتي بالكرفان على قناتي الجديدة: https://www.youtube.com/watch?v=By_71LWDWUk قناتي الجديدة على اليوتيوب: @SoukaynaSaadi صفحتي على الأنستغرام: https://www.instagram.com/soukaynasaadi1 مرحبا بكم في القناة، الاسم ديالي سكينة و اليوم غادي نكتاشفو خبايا هاد القصة هاد القناة دارت ليك إلى كنتي من عشاق : - قصص حقيقية - قصص رعب - قصص جرائم - قصص غريبة - قصص بوليسية - قصص مؤثرة - قصص ملهمة - قصص واقعية كانحط قصة يوم الإثنين والخميس. مرحبا بيك في عالم القصص المثيرة ❤️ تابعوني ايضا على مواقع التواصل الاجتماعي إذا كنت من محبي القصص القصيرة عبر: الانستغرام : soukystories الفايسبوك : soukystories التيكتوك : soukystories #explore #قصص_بالدرجة #قصص_بالدارجة #قصص_بالدارجة_المغربية #قصص_واقعية #قصص_غريبة #قصص_حقیقية #9isas_wa9i3iya #souky_stories #soukystories #جريمة_اليوم #brasil #البرازيل #غموض Darkest Child by Kevin MacLeod is licensed under a Creative Commons Attribution 4.0 license. https://creativecommons.org/licenses/by/4.0/ Source: http://incompetech.com/music/royalty-free/index.html?isrc=USUAN1100783 Artist: http://incompetech.com/","fait divers maroc,fait divers,jarima,fait divers algerie,enquête,mystère,histoire vraie,enquêtes criminelles,arabic story time,histoire vraie darija,fait divers darija,fait divers arabic,darija,histoire en arabe,histoire de crime en arabe,histoire criminelle racontée en arabe,histoire criminelle racontée en darija,crime story in arabic,crime stories in arabic,arabic true crime story,true crime stories arabic,سوكي ستوريز رعب,قصص جرائم,911",24,Entertainment,,PT28M35S,1715,2d,hd,false,ar,ar,https://i.ytimg.com/vi/fvJ8oioV_cw/maxresdefault.jpg,1,,Morocco,31.791702,-7.09262,127141,7448,,0,493
3,UC9JNENLelbGff__RYGLP1jA,"Souky Stories",V7pwMrReJ04,2026-04-14T16:00:50Z,"2026-04-14 16:00:50","حافلة عادية لكن النهاية مرعبة - القضية التي غيرت الهند للأبد (*للكبار فقط*)⚠️","شكون كان يتوقع أن رحلة بسيطة فالطوبيس غتحول لجحيم حقيقي وغدير روينة كبيرة فاليند؟ فالليلة ديال 16 ديسيمبر 2012، واحد البنت سميتها جيوتي سينغ، كانت هي وصديقها راجعين من السينما فديلهي. ركبو فطوبيس كيسحاب ليهم غيوصلهم ل ديورهم، ولكن ما كانوش عارفين باللي ركبو مع 6 ديال الوحوش بشرية اللي كانت مخططة ليلة ديال السرقة والإجرام. فهد الفيديو، غنحكيو قصة جيوتي، البنت اللي كانت كتحلم بمستقبل زوين لوالديها، وكيفاش واحد اللحظة ديال غياب الأمن وقلة الضمير غيرات حياتها وحياة عائلتها للأبد. شنو وقع ديك الليلة داخل الطوبيس؟ وكيفاش ردة فعل الشعب الهندي خلات القوانين تتغير؟ وعلاش هاد القضية بقات موشومة فذاكرة العالم كأبشع جريمة اعتداء فالعصر الحديث؟ قصة فيها بزاف ديال العبر، وبزاف ديال الألم، ولكن فيها أيضا صرخة ديال الحق ضد الظلم. ماتنساش تشتارك فالقناة وتفعل الجرس باش يوصلوك فيديوهات وقصص جداد ❤️ الفيديو الثالث من رحلتي بالكرفان على قناتي الجديدة: https://www.youtube.com/watch?v=By_71LWDWUk قناتي الجديدة على اليوتيوب: @SoukaynaSaadi صفحتي على الأنستغرام: https://www.instagram.com/soukaynasaadi1 مرحبا بكم في القناة، الاسم ديالي سكينة و اليوم غادي نكتاشفو خبايا هاد القصة هاد القناة دارت ليك إلى كنتي من عشاق : - قصص حقيقية - قصص رعب - قصص جرائم - قصص غريبة - قصص بوليسية - قصص مؤثرة - قصص ملهمة - قصص واقعية كانحط قصة يوم الإثنين والخميس. مرحبا بيك في عالم القصص المثيرة ❤️ تابعوني ايضا على مواقع التواصل الاجتماعي إذا كنت من محبي القصص القصيرة عبر: الانستغرام : soukystories الفايسبوك : soukystories التيكتوك : soukystories #explore #قصص_بالدرجة #قصص_بالدارجة #قصص_بالدارجة_المغربية #قصص_واقعية #قصص_غريبة #قصص_حقیقية #9isas_wa9i3iya #souky_stories #soukystories #جريمة_اليوم #india #الهند #غموض Darkest Child by Kevin MacLeod is licensed under a Creative Commons Attribution 4.0 license. https://creativecommons.org/licenses/by/4.0/ Source: http://incompetech.com/music/royalty-free/index.html?isrc=USUAN1100783 Artist: http://incompetech.com/","fait divers maroc,fait divers,jarima,fait divers algerie,enquête,mystère,histoire vraie,enquêtes criminelles,arabic story time,histoire vraie darija,fait divers darija,fait divers arabic,darija,histoire en arabe,histoire de crime en arabe,histoire criminelle racontée en arabe,histoire criminelle racontée en darija,crime story in arabic,crime stories in arabic,arabic true crime story,true crime stories arabic,سوكي ستوريز رعب,قصص جرائم,911",24,Entertainment,,PT30M37S,1837,2d,hd,false,ar,ar,https://i.ytimg.com/vi/V7pwMrReJ04/maxresdefault.jpg,1,,Morocco,31.791702,-7.09262,142111,8622,,0,772
4,UC9JNENLelbGff__RYGLP1jA,"Souky Stories",3BGhJa3wd5k,2026-04-09T21:00:04Z,"2026-04-09 21:00:04","مكالمة 911 كشفات أسرار صادمة ومرعبة وسط عائلة هايت! 😱","سمعو مزيان لهاد المكالمة اللي بدات بها القصة.. صوت ""ليندا"" وهي كتقاتل باش تطلب المساعدة من مركز الطوارئ 911، كان كافي باش يجر البوليس لواحد من أعقد مسارح الجريمة في ولاية جورجيا الأمريكية. 🇺🇸 في قلب مقاطعة ""إيفينغهام""، كانت عائلة فيلب هايت معروفة بالنجاح، الفلوس، والمكانة الاجتماعية الكبيرة. فيلب كان رجل أعمال ناجح وجد لـ 7 ديال الأحفاد، وعايش حياة مثالية مع مرتو ليندا وولادو الثلاثة.. لكن هاد الصورة المثالية تهرسات في ليلة 25 غشت 2008. قصة اليوم كاتبين لينا كيفاش ""علاقة غلط"" تقدر تدمر عائلة كاملة في لحظة، وكيفاش المظاهر تقدر تكون خداعة بزاف. تفرجو في الفيديو حتى لليخر باش تعرفو الحكم اللي صدر في حق المجرم، ومصير أفراد العائلة اللي بقاو. ماتنساش تشتارك فالقناة وتفعل الجرس باش يوصلوك فيديوهات وقصص جداد ❤️ الفيديو الثالث من رحلتي بالكرفان على قناتي الجديدة: https://www.youtube.com/watch?v=By_71LWDWUk قناتي الجديدة على اليوتيوب: @SoukaynaSaadi صفحتي على الأنستغرام: https://www.instagram.com/soukaynasaadi1 مرحبا بكم في القناة، الاسم ديالي سكينة و اليوم غادي نكتاشفو خبايا هاد القصة هاد القناة دارت ليك إلى كنتي من عشاق : - قصص حقيقية - قصص رعب - قصص جرائم - قصص غريبة - قصص بوليسية - قصص مؤثرة - قصص ملهمة - قصص واقعية كانحط قصة يوم الإثنين والخميس. مرحبا بيك في عالم القصص المثيرة ❤️ تابعوني ايضا على مواقع التواصل الاجتماعي إذا كنت من محبي القصص القصيرة عبر: الانستغرام : soukystories الفايسبوك : soukystories التيكتوك : soukystories :FR Écoutez attentivement cet appel par lequel l'histoire a commencé... La voix de ""Linda"", luttant pour appeler les secours au 911, a suffi à mener la police vers l'une des scènes de crime les plus complexes de l'État de Géorgie, aux États-Unis. 🇺🇸 Au cœur du comté d'« Effingham », la famille de Philip Heidt était réputée pour sa réussite, sa fortune et son rang social élevé. Philip était un homme d'affaires prospère, grand-père de sept petits-enfants, menant une vie idéale avec sa femme Linda et leurs trois fils... Mais cette image parfaite a volé en éclats la nuit du 25 août 2008. L'histoire d'aujourd'hui nous montre comment une « relation interdite » peut détruire toute une famille en un instant, et à quel point les apparences peuvent être trompeuses. Regardez la vidéo jusqu'au bout pour découvrir le verdict rendu contre le criminel et le sort des membres de la famille restants. :EN Listen closely to this call that started the story... The voice of ""Linda"" as she struggled to call 911 for help was enough to lead the police to one of the most complex crime scenes in the U.S. state of Georgia. 🇺🇸 In the heart of ""Effingham"" County, the Philip Heidt family was known for success, wealth, and high social status. Philip was a successful businessman, a grandfather to seven, and lived an ideal life with his wife Linda and their three sons... But this perfect image was shattered on the night of August 25, 2008. Today's story shows us how a ""wrong relationship"" can destroy an entire family in an instant, and how appearances can be incredibly deceiving. Watch the video until the end to find out the sentence handed down to the criminal and the fate of the remaining family members. #explore #قصص_بالدرجة #قصص_بالدارجة #قصص_بالدارجة_المغربية #قصص_واقعية #قصص_غريبة #قصص_حقیقية #9isas_wa9i3iya #souky_stories #soukystories #جريمة_اليوم #usa #الولايات_المتحدة #غموض Darkest Child by Kevin MacLeod is licensed under a Creative Commons Attribution 4.0 license. https://creativecommons.org/licenses/by/4.0/ Source: http://incompetech.com/music/royalty-free/index.html?isrc=USUAN1100783 Artist: http://incompetech.com/","fait divers maroc,fait divers,jarima,fait divers algerie,enquête,mystère,histoire vraie,enquêtes criminelles,arabic story time,histoire vraie darija,fait divers darija,fait divers arabic,darija,histoire en arabe,histoire de crime en arabe,histoire criminelle racontée en arabe,histoire criminelle racontée en darija,crime story in arabic,crime stories in arabic,arabic true crime story,true crime stories arabic,سوكي ستوريز رعب,قصص جرائم,911",24,Entertainment,,PT31M24S,1884,2d,hd,false,ar,ar,https://i.ytimg.com/vi/3BGhJa3wd5k/maxresdefault.jpg,1,,Morocco,31.791702,-7.09262,155932,8392,,0,520
5,UC9JNENLelbGff__RYGLP1jA,"Souky Stories",tp3MUSAJGAs,2026-04-07T16:36:28Z,"2026-04-07 16:36:28","مجزرة البيت الأبيض 😱🔞 #9isas_wa9i3iya #explore #crime #قصص_بالدارجة #اكسبلور #jarima",,,24,Entertainment,,PT36S,36,2d,hd,false,ar,ar,https://i.ytimg.com/vi/tp3MUSAJGAs/maxresdefault.jpg,1,,Morocco,31.791702,-7.09262,6268,287,,0,15
6,UC9JNENLelbGff__RYGLP1jA,"Souky Stories",n86loBt5loI,2026-04-06T21:30:16Z,"2026-04-06 21:30:16","قصة أكثر القتلة المتسلسلين رعبًا في التاريخ‼️ (*الكبار فقط*)","شكون هو هاد الراجل اللي كيبان درويش ولكن هو وحش حقيقي؟ فهاد الفيديو، غانرجعوا لعام 1924، لواحد اللحظة اللي كانت غاتغير حياة عائلة للأبد. بنت صغيرة كتلعب فأمان الله، حتى كيقرب منها راجل بمواصفات عادية.. ولكن وراء داك ""الموسطاش الشيباني"" كانت كاينتظرها جحيم مكايتخيلوش العقل. 📢 إعلان خاص لمحبين القصص المغربية: بزاف منكم كيسولوني علاش مكنشاركش قصص من المغرب، واليوم جبت ليكم قناة واعرة متخصصة فهاد النوع بأسلوب مشوق وممتع: 🔗 رابط قناة أسماء العيوني: @Asmaelaaouni1 دعموها واشتركوا عندها، أنا متأكدة غاتعجبكم! ماتنساش تشتارك فالقناة وتفعل الجرس باش يوصلوك فيديوهات وقصص جداد ❤️ الفيديو الثالث من رحلتي بالكرفان على قناتي الجديدة: https://www.youtube.com/watch?v=By_71LWDWUk قناتي الجديدة على اليوتيوب: @SoukaynaSaadi صفحتي على الأنستغرام: https://www.instagram.com/soukaynasaadi1 مرحبا بكم في القناة، الاسم ديالي سكينة و اليوم غادي نكتاشفو خبايا هاد القصة هاد القناة دارت ليك إلى كنتي من عشاق : - قصص حقيقية - قصص رعب - قصص جرائم - قصص غريبة - قصص بوليسية - قصص مؤثرة - قصص ملهمة - قصص واقعية كانحط قصة يوم الإثنين والخميس. مرحبا بيك في عالم القصص المثيرة ❤️ تابعوني ايضا على مواقع التواصل الاجتماعي إذا كنت من محبي القصص القصيرة عبر: الانستغرام : soukystories الفايسبوك : soukystories التيكتوك : soukystories :FR Qui est cet homme à l'apparence si inoffensive, mais qui cache un véritable monstre ? Dans cette vidéo, nous remontons en 1924, à un instant précis qui allait bouleverser la vie d’une famille à jamais. Une petite fille joue paisiblement, en toute insouciance, jusqu'à ce qu'un homme à l'allure ordinaire s'approche d'elle... Mais derrière cette ""moustache grise"" se cachait un enfer que l'esprit humain ne peut même pas imaginer. :ENG Who is this man who looks so harmless, yet is a true monster in disguise? In this video, we go back to 1924, to a single moment that would change a family’s life forever. A little girl is playing peacefully, without a care in the world, until an ordinary-looking man approaches her... But behind that ""grey mustache"" lay a living hell that the human mind cannot even begin to comprehend. #explore #قصص_بالدرجة #قصص_بالدارجة #قصص_بالدارجة_المغربية #قصص_واقعية #قصص_غريبة #قصص_حقیقية #9isas_wa9i3iya #souky_stories #soukystories #جريمة_اليوم #usa #الولايات_المتحدة #غموض Darkest Child by Kevin MacLeod is licensed under a Creative Commons Attribution 4.0 license. https://creativecommons.org/licenses/by/4.0/ Source: http://incompetech.com/music/royalty-free/index.html?isrc=USUAN1100783 Artist: http://incompetech.com/","fait divers maroc,fait divers,jarima,fait divers algerie,enquête,mystère,histoire vraie,enquêtes criminelles,arabic story time,histoire vraie darija,fait divers darija,fait divers arabic,darija,histoire en arabe,histoire de crime en arabe,histoire criminelle racontée en arabe,histoire criminelle racontée en darija,crime story in arabic,crime stories in arabic,arabic true crime story,true crime stories arabic,سوكي ستوريز رعب,قصص جرائم,911",24,Entertainment,,PT27M3S,1623,2d,hd,false,ar,ar,https://i.ytimg.com/vi/n86loBt5loI/maxresdefault.jpg,1,,France,46.227638,2.213749,140658,7984,,0,639
7,UC9JNENLelbGff__RYGLP1jA,"Souky Stories",Z1Ps3001oro,2026-04-02T21:50:00Z,"2026-04-02 21:50:00","مجزرة عائلة بامبر: الحقيقة أبشع مما تخيل الجميع! ‼️ (*للكبار فقط*)","قصة اليوم غادية ترجع بنا لعام 1985، لواحد الليلة اللي بدات بمكالمة هاتفية مرعبة مع الـ 3:30 ديال الصباح. أب كايستغيث بولدو وكايقول ليه: ""عتقني، أختك هزات السلاح وباغية تقتلنا كاملين!"" 📞😨 فاش وصلوا البوليس لـ ""المزرعة البيضاء"" في إنجلترا، لقاوا مجزرة حقيقية.. العائلة كاملة مقتولة، والشكوك كلها مشات لجهة الأخت اللي كانت كتعاني من اضطرابات نفسية. ولكن، واش فعلاً هي اللي دارت هادشي؟ إلا كنتي كتحس براسك محقق، ركز معايا فكل دقيقة، حيت الشيطان كاين فالتفاصيل! ماتنساش تشتارك فالقناة وتفعل الجرس باش يوصلوك فيديوهات وقصص جداد ❤️ الفيديو الثالث من رحلتي بالكرفان على قناتي الجديدة: https://www.youtube.com/watch?v=By_71LWDWUk قناتي الجديدة على اليوتيوب: @SoukaynaSaadi صفحتي على الأنستغرام: https://www.instagram.com/soukaynasaadi1 مرحبا بكم في القناة، الاسم ديالي سكينة و اليوم غادي نكتاشفو خبايا هاد القصة هاد القناة دارت ليك إلى كنتي من عشاق : - قصص حقيقية - قصص رعب - قصص جرائم - قصص غريبة - قصص بوليسية - قصص مؤثرة - قصص ملهمة - قصص واقعية كانحط قصة يوم الإثنين والخميس. مرحبا بيك في عالم القصص المثيرة ❤️ تابعوني ايضا على مواقع التواصل الاجتماعي إذا كنت من محبي القصص القصيرة عبر: الانستغرام : soukystories الفايسبوك : soukystories التيكتوك : soukystories :FR Le Mystère de White House Farm : Qui est le vrai coupable ? En août 1985, une famille entière est retrouvée massacrée dans une ferme isolée en Angleterre. Tout portait à croire que la fille, Sheila, atteinte de schizophrénie, avait tué ses parents et ses enfants avant de se donner la mort. Mais un détail insignifiant va tout changer : un silencieux taché de sang retrouvé sous l'escalier. :ENG The White House Farm Murders: A Masterpiece of Deception. In the early hours of August 6, 1985, a horrific crime shook a quiet village in Essex. Five family members were found dead. The prime suspect? The daughter, Sheila. But as investigators dug deeper, they realized the scene was ""too perfect."" #explore #قصص_بالدرجة #قصص_بالدارجة #قصص_بالدارجة_المغربية #قصص_واقعية #قصص_غريبة #قصص_حقیقية #9isas_wa9i3iya #souky_stories #soukystories #جريمة_اليوم #usa #الولايات_المتحدة #غموض Darkest Child by Kevin MacLeod is licensed under a Creative Commons Attribution 4.0 license. https://creativecommons.org/licenses/by/4.0/ Source: http://incompetech.com/music/royalty-free/index.html?isrc=USUAN1100783 Artist: http://incompetech.com/","fait divers maroc,fait divers,jarima,fait divers algerie,enquête,mystère,histoire vraie,enquêtes criminelles,arabic story time,histoire vraie darija,fait divers darija,fait divers arabic,darija,histoire en arabe,histoire de crime en arabe,histoire criminelle racontée en arabe,histoire criminelle racontée en darija,crime story in arabic,crime stories in arabic,arabic true crime story,true crime stories arabic,سوكي ستوريز رعب,قصص جرائم",24,Entertainment,Society,PT31M4S,1864,2d,hd,false,ar,ar,https://i.ytimg.com/vi/Z1Ps3001oro/maxresdefault.jpg,1,,Belgium,50.503887,4.469936,181986,8775,,0,615
8,UC9JNENLelbGff__RYGLP1jA,"Souky Stories",FVTbIQbY4lA,2026-04-02T17:11:15Z,"2026-04-02 17:11:15","رعب أمام أعين الناس😱 #قصص_بالدارجة #explore #9isas_wa9i3iya #crime #crimestory #اكسبلور",,,24,Entertainment,,PT26S,26,2d,hd,false,ar,ar,https://i.ytimg.com/vi/FVTbIQbY4lA/maxresdefault.jpg,1,,,,,5373,214,,0,11
9,UC9JNENLelbGff__RYGLP1jA,"Souky Stories",sC2BsTJJIsg,2026-03-30T22:15:02Z,"2026-03-30 22:15:02","على الشاشة كانت نجمة، لكن في الواقع كان الجحيم والنهاية صادمة 😢","قصة اليوم غادي تصدمكم وتخليكوم تعاودوا الحسابات فبزاف ديال الحاجات. غانكتاشفو قصة ""تيكتوكر"" اللي العالم كامل كايشوف فيديوهاتها وهي ضاحكة وناشطة، ولكن الحقيقة المرة هي أنها كانت عايشة جحيم ما يتخيلوش العقل 💔 واش كتعرفوا بلي كاين ""حب"" اللي يقدر يتحول لسجن؟ وكيفاش بنادم يقدر يستغل الطيبة ديال إنسانة ""ملاك"" باش يربح الفلوس على ظهرها، وفي الأخير النهاية كانت بأبشع طريقة وقدام الناس؟ 😱 القصة ديال ""تشن شاو فونغ"" هي درس لكل واحد فينا باش يعرف مع من كيتمشى، وكيفاش ""الضرافة"" الزايدة تقدر بعض المرات تخرج على ماليها. ماتنساش تشتارك فالقناة وتفعل الجرس باش يوصلوك فيديوهات وقصص جداد ❤️ الفيديو الثالث من رحلتي بالكرفان على قناتي الجديدة: https://www.youtube.com/watch?v=By_71LWDWUk قناتي الجديدة على اليوتيوب: @SoukaynaSaadi صفحتي على الأنستغرام: https://www.instagram.com/soukaynasaadi1 مرحبا بكم في القناة، الاسم ديالي سكينة و اليوم غادي نكتاشفو خبايا هاد القصة هاد القناة دارت ليك إلى كنتي من عشاق : - قصص حقيقية - قصص رعب - قصص جرائم - قصص غريبة - قصص بوليسية - قصص مؤثرة - قصص ملهمة - قصص واقعية كانحط قصة يوم الإثنين والخميس. مرحبا بيك في عالم القصص المثيرة ❤️ تابعوني ايضا على مواقع التواصل الاجتماعي إذا كنت من محبي القصص القصيرة عبر: الانستغرام : soukystories الفايسبوك : soukystories التيكتوك : soukystories :FR L’histoire d’aujourd’hui va vous bouleverser. Nous allons découvrir la vie d'une jeune ""Tiktokeuse"" que tout le monde voyait sourire et danser sur les réseaux sociaux. Mais derrière ces vidéos joyeuses se cachait un véritable enfer. 💔 Découvrez comment l'obsession et la manipulation peuvent transformer une relation en prison, et comment un homme a exploité la gentillesse d'une jeune femme au cœur d'ange pour s'enrichir, avant de commettre l'irréparable en plein public. 😱 L'histoire de ""Chen Xiao Feng"" est un rappel brutal que les apparences sont souvent trompeuses et que la bonté peut parfois être une cible. :ENG Today’s story is deeply moving and shocking. We dive into the life of a young ""TikToker"" whose joyful videos masked a terrifying reality. While the world saw her smiling and dancing, she was living a waking nightmare. 💔 Learn how toxic obsession can turn ""love"" into a cage, and how a manipulator exploited a kind-hearted soul just to profit from her fame, leading to a tragic end that shocked the nation. 😱 The story of ""Chen Xiao Feng"" is a powerful lesson about the dangers of manipulation and how being ""too kind"" can sometimes lead to the most unexpected tragedies. #explore #قصص_بالدرجة #قصص_بالدارجة #قصص_بالدارجة_المغربية #قصص_واقعية #قصص_غريبة #قصص_حقیقية #9isas_wa9i3iya #souky_stories #soukystories #جريمة_اليوم #الصين #china #غموض Darkest Child by Kevin MacLeod is licensed under a Creative Commons Attribution 4.0 license. https://creativecommons.org/licenses/by/4.0/ Source: http://incompetech.com/music/royalty-free/index.html?isrc=USUAN1100783 Artist: http://incompetech.com/","fait divers maroc,fait divers,jarima,fait divers algerie,enquête,mystère,histoire vraie,enquêtes criminelles,arabic story time,histoire vraie darija,fait divers darija,fait divers arabic,darija,histoire en arabe,histoire de crime en arabe,histoire criminelle racontée en arabe,histoire criminelle racontée en darija,crime story in arabic,crime stories in arabic,arabic true crime story,true crime stories arabic,سوكي ستوريز رعب,قصص جرائم",24,Entertainment,,PT33M54S,2034,2d,hd,false,ar,ar,https://i.ytimg.com/vi/sC2BsTJJIsg/maxresdefault.jpg,1,,Belgium,50.503887,4.469936,147403,8583,,0,723
10,UC9JNENLelbGff__RYGLP1jA,"Souky Stories",40lhoCpftBg,2026-03-27T17:00:04Z,"2026-03-27 17:00:04","رجل أعمال يختفي فجأة… ما كشفته التحقيقات كان مرعباً!","قصة اليوم كاتدينا لواحد المدينة فالهند، فين بدات واحد الحكاية غريبة ومرعبة فـيوليوز 2023 فين راجل أعمال لاباس عليه ومشهور، خرج من دارو وما بقاش رجع، حتى لنهار اللي لقاو فيه الطوموبيل ديالو واقفة فوسط المدينة والموطور ديالها باقي مدماري و""لا كليم"" خدامة، وهو جثة هامدة فـالكراسي اللور. الغريب فهاد القصة هو أن البوليس فاش فحصوا الجثة، مالقاو لا أثر ديال قرطاس، لا جرحة ديال موس، ولا حتى نقطة دم وحدة! السيد مات بطريقة اللي ما طيحش ليك على البال، والسر كان مخبي فبلاصة ما يقدر يتوقعها حتى شي حد. ماتنساش تشتارك فالقناة وتفعل الجرس باش يوصلوك فيديوهات وقصص جداد ❤️ الفيديو الثالث من رحلتي بالكرفان على قناتي الجديدة: https://www.youtube.com/watch?v=By_71LWDWUk قناتي الجديدة على اليوتيوب: @SoukaynaSaadi صفحتي على الأنستغرام: https://www.instagram.com/soukaynasaadi1 مرحبا بكم في القناة، الاسم ديالي سكينة و اليوم غادي نكتاشفو خبايا هاد القصة هاد القناة دارت ليك إلى كنتي من عشاق : - قصص حقيقية - قصص رعب - قصص جرائم - قصص غريبة - قصص بوليسية - قصص مؤثرة - قصص ملهمة - قصص واقعية كانحط قصة يوم الإثنين والخميس. مرحبا بيك في عالم القصص المثيرة ❤️ تابعوني ايضا على مواقع التواصل الاجتماعي إذا كنت من محبي القصص القصيرة عبر: الانستغرام : soukystories الفايسبوك : soukystories التيكتوك : soukystories :FR L'histoire d'aujourd'hui nous emmène dans une ville en Inde, où une affaire étrange et terrifiante a débuté en juillet 2023. Un homme d'affaires riche et influent quitte son domicile sans jamais revenir... jusqu'au jour où sa voiture est retrouvée en plein centre-ville, moteur tournant et climatisation en marche. Lui ? Il gît sans vie sur la banquette arrière. Le plus troublant dans cette affaire, c'est que lorsque la police a examiné le corps, elle n'a trouvé aucune trace de balle, aucune blessure à l'arme blanche, pas même une goutte de sang ! Cet homme a été tué d'une manière qui dépasse l'entendement, et le secret de sa mort était caché là où personne n'aurait pu le soupçonner. :ENG Today’s story takes us to a city in India, where a bizarre and chilling mystery unfolded in July 2023. A wealthy and prominent businessman left his home and never returned... until the day his car was discovered in the heart of the city. The engine was still idling, the AC was running, and he was lying lifeless in the backseat. The most shocking part? When the police inspected the body, they found no bullet holes, no stab wounds, and not a single drop of blood! He was killed in a way that defies logic, with a secret weapon hidden in a place no one could have ever imagined. #explore #قصص_بالدرجة #قصص_بالدارجة #قصص_بالدارجة_المغربية #قصص_واقعية #قصص_غريبة #قصص_حقیقية #9isas_wa9i3iya #souky_stories #soukystories #جريمة_اليوم #الهند #india #غموض Darkest Child by Kevin MacLeod is licensed under a Creative Commons Attribution 4.0 license. https://creativecommons.org/licenses/by/4.0/ Source: http://incompetech.com/music/royalty-free/index.html?isrc=USUAN1100783 Artist: http://incompetech.com/","fait divers maroc,fait divers,jarima,fait divers algerie,enquête,mystère,histoire vraie,enquêtes criminelles,arabic story time,histoire vraie darija,fait divers darija,fait divers arabic,darija,histoire en arabe,histoire de crime en arabe,histoire criminelle racontée en arabe,histoire criminelle racontée en darija,crime story in arabic,crime stories in arabic,arabic true crime story,true crime stories arabic,سوكي ستوريز رعب,قصص جرائم",24,Entertainment,,PT28M4S,1684,2d,hd,false,ar,ar,https://i.ytimg.com/vi/40lhoCpftBg/maxresdefault.jpg,1,,Belgium,50.503887,4.469936,121785,6679,,0,448
11,UC9JNENLelbGff__RYGLP1jA,"Souky Stories",b9MDGYEQPgI,2026-03-23T15:00:58Z,"2026-03-23 15:00:58","سر الخيمة المرعب 😱🔞 #قصص_بالدارجة #explore #اكسبلور #9isas_wa9i3iya #crimestory",,,24,Entertainment,,PT44S,44,2d,hd,false,ar,ar,https://i.ytimg.com/vi/b9MDGYEQPgI/maxresdefault.jpg,1,,,,,6759,380,,0,22
12,UC9JNENLelbGff__RYGLP1jA,"Souky Stories",8zWlKI8DacM,2026-03-21T21:30:01Z,"2026-03-21 21:30:01","خيمة غامضة في الغابة كشف سر بشع ! (*للكبار فقط*) ⚠️","في خريف سنة 2020، تدخل بسيط ديال الشرطة داخل غابة معزولة في ولاية نيوهامبشير تحول إلى بداية كشف واحد من أغرب وأخطر الألغاز الجنائية… مخيم صغير وسط الغابة، امرأة تبدو هادئة، وقصة عادية في البداية… لكن جملة واحدة قالتها بهدوء كانت كافية باش تغيّر كلشي. شكون هاد المرأة؟ وشنو العلاقة بينها وبين القضية الغامضة؟ قصة مليئة بالتوتر، الأسرار، والتحقيقات اللي غادي تخليك تبقى متشوق حتى لآخر لحظة ماتنساش تشتارك فالقناة وتفعل الجرس باش يوصلوك فيديوهات وقصص جداد ❤️ الفيديو الثالث من رحلتي بالكرفان على قناتي الجديدة: https://www.youtube.com/watch?v=By_71LWDWUk قناتي الجديدة على اليوتيوب: @SoukaynaSaadi صفحتي على الأنستغرام: https://www.instagram.com/soukaynasaadi1 مرحبا بكم في القناة، الاسم ديالي سكينة و اليوم غادي نكتاشفو خبايا هاد القصة هاد القناة دارت ليك إلى كنتي من عشاق : - قصص حقيقية - قصص رعب - قصص جرائم - قصص غريبة - قصص بوليسية - قصص مؤثرة - قصص ملهمة - قصص واقعية كانحط قصة يوم الإثنين والخميس. مرحبا بيك في عالم القصص المثيرة ❤️ تابعوني ايضا على مواقع التواصل الاجتماعي إذا كنت من محبي القصص القصيرة عبر: الانستغرام : soukystories الفايسبوك : soukystories التيكتوك : soukystories Au cœur d’une forêt isolée, là où le silence règne… une simple intervention de la police s’est transformée en véritable cauchemar. Un campement banal… une femme portant des lunettes de soleil… tout semblait normal. Mais à un moment donné, d’une voix presque inaudible, elle murmure une seule phrase : « Je suis dans de gros ennuis… » Une phrase qui cachait un secret terrifiant… bien plus sombre que ce que les agents pouvaient imaginer. Minute après minute, des détails inquiétants commencent à émerger… des liens étranges, des événements qui se déroulent ailleurs… comme si ce campement n’était qu’une petite pièce d’une histoire beaucoup plus dangereuse. Que se cachait-il réellement dans cette forêt ? Qui est vraiment cette femme ? Et pourquoi avait-elle l’air de déjà connaître la fin ? Une histoire vraie qui vous fera douter de chaque détail… et vous donnera l’impression que le danger est bien plus proche qu’il n’y paraît. Deep in an isolated forest, where silence takes over… what started as a routine police call quickly turned into a real nightmare. A simple campsite… a woman wearing sunglasses… everything seemed normal at first. But then, in a barely audible voice, she whispered one sentence: “I’m in big trouble…” A sentence that hid a terrifying secret… far darker than the officers could have ever imagined. Minute by minute, disturbing details begin to surface… strange connections, events unfolding somewhere else… as if this campsite was only a small piece of a much larger and more dangerous story. What was really hidden in that forest? Who was this woman, truly? And why did it feel like she already knew how it would all end? A true story that will make you question every detail… and leave you feeling like the danger is closer than it seems. #explore #قصص_بالدرجة #قصص_بالدارجة #قصص_بالدارجة_المغربية #قصص_واقعية #قصص_غريبة #قصص_حقیقية #9isas_wa9i3iya #souky_stories #soukystories #جريمة_اليوم #البرازيل #brazil #brasil #brésil #غموض Darkest Child by Kevin MacLeod is licensed under a Creative Commons Attribution 4.0 license. https://creativecommons.org/licenses/by/4.0/ Source: http://incompetech.com/music/royalty-free/index.html?isrc=USUAN1100783 Artist: http://incompetech.com/","fait divers maroc,fait divers,jarima,fait divers algerie,enquête,mystère,histoire vraie,enquêtes criminelles,arabic story time,histoire vraie darija,fait divers darija,fait divers arabic,darija,histoire en arabe,histoire de crime en arabe,histoire criminelle racontée en arabe,histoire criminelle racontée en darija,crime story in arabic,crime stories in arabic,arabic true crime story,true crime stories arabic,سوكي ستوريز رعب,قصص جرائم",24,Entertainment,,PT33M50S,2030,2d,hd,false,ar,ar,https://i.ytimg.com/vi/8zWlKI8DacM/maxresdefault.jpg,1,,,,,156850,8074,,0,498
13,UC9JNENLelbGff__RYGLP1jA,"Souky Stories",iULj7B0y5_Q,2026-03-21T15:01:13Z,"2026-03-21 15:01:13","قصة أخطر قاتل متسلسل في البرازيل 😱🔞 #crimestory #اكسبلور #truecrimecommunity #قصص_بالدارجة",,,24,Entertainment,,PT56S,56,2d,hd,false,ar,ar,https://i.ytimg.com/vi/iULj7B0y5_Q/maxresdefault.jpg,1,,,,,5044,271,,0,16
14,UC9JNENLelbGff__RYGLP1jA,"Souky Stories",K7lOh5EnAjo,2026-03-16T15:45:03Z,"2026-03-16 15:45:03","عندما يصبح ديكستر حقيقة! أخطر قاتل متسلسل في البرازيل وقصته الصادمة (*للكبار فقط*)⚠️","في هذا الفيديو نستعرض القصة الحقيقية لأخطر قاتل متسلسل في البرازيل، الرجل الذي شبّهه الكثيرون ببطل مسلسل Dexter. نتعرف على حياة Pedro Rodrigues Filho، المعروف بلقب Pedrinho Matador، والذي يُعتقد أنه قتل العشرات من الأشخاص، وكان يستهدف غالبًا المجرمين والقتلة مثلما يفعل ديكستر في المسلسل. كيف بدأت قصته؟ وما الذي جعله يصبح واحدًا من أكثر القتلة إثارة للجدل في تاريخ البرازيل؟ ماتنساش تشتارك فالقناة وتفعل الجرس باش يوصلوك فيديوهات وقصص جداد ❤️ الفيديو الثالث من رحلتي بالكرفان على قناتي الجديدة: https://www.youtube.com/watch?v=By_71LWDWUk قناتي الجديدة على اليوتيوب: @SoukaynaSaadi صفحتي على الأنستغرام: https://www.instagram.com/soukaynasaadi1 مرحبا بكم في القناة، الاسم ديالي سكينة و اليوم غادي نكتاشفو خبايا هاد القصة هاد القناة دارت ليك إلى كنتي من عشاق : - قصص حقيقية - قصص رعب - قصص جرائم - قصص غريبة - قصص بوليسية - قصص مؤثرة - قصص ملهمة - قصص واقعية كانحط قصة يوم الإثنين والخميس. مرحبا بيك في عالم القصص المثيرة ❤️ تابعوني ايضا على مواقع التواصل الاجتماعي إذا كنت من محبي القصص القصيرة عبر: الانستغرام : soukystories الفايسبوك : soukystories التيكتوك : soukystories FR: Dans cette vidéo, nous explorons l’histoire vraie de l’un des tueurs en série les plus terrifiants du Brésil, un homme que beaucoup ont comparé au personnage principal de la série Dexter. Nous découvrons la vie de Pedro Rodrigues Filho, également connu sous le nom de Pedrinho Matador, qui aurait tué plus de 100 personnes. Contrairement à la plupart des tueurs en série, il ciblait souvent des criminels et des meurtriers, un peu comme Dexter dans la série. Comment son histoire a-t-elle commencé et qu’est-ce qui l’a transformé en l’un des tueurs les plus controversés de l’histoire du Brésil ? ENG : In this video, we explore the true story of one of the most terrifying serial killers in Brazil, a man many compared to the main character of the TV show Dexter. We dive into the life of Pedro Rodrigues Filho, also known as Pedrinho Matador, who is believed to have killed more than 100 people. Unlike most serial killers, he often targeted criminals and murderers, much like Dexter in the series. How did his story begin, and what turned him into one of the most controversial killers in Brazil’s history? #explore #قصص_بالدرجة #قصص_بالدارجة #قصص_بالدارجة_المغربية #قصص_واقعية #قصص_غريبة #قصص_حقیقية #9isas_wa9i3iya #souky_stories #soukystories #جريمة_اليوم #البرازيل #brazil #brasil #brésil #غموض Darkest Child by Kevin MacLeod is licensed under a Creative Commons Attribution 4.0 license. https://creativecommons.org/licenses/by/4.0/ Source: http://incompetech.com/music/royalty-free/index.html?isrc=USUAN1100783 Artist: http://incompetech.com/","fait divers maroc,fait divers,jarima,fait divers algerie,enquête,mystère,histoire vraie,enquêtes criminelles,arabic story time,histoire vraie darija,fait divers darija,fait divers arabic,darija,histoire en arabe,histoire de crime en arabe,histoire criminelle racontée en arabe,histoire criminelle racontée en darija,crime story in arabic,crime stories in arabic,arabic true crime story,true crime stories arabic,سوكي ستوريز رعب,قصص جرائم,Brazil,Brésil,البرازيل",24,Entertainment,"Entertainment,Film",PT52M5S,3125,2d,hd,false,ar,ar,https://i.ytimg.com/vi/K7lOh5EnAjo/maxresdefault.jpg,1,,,,,167969,9197,,0,954
15,UC9JNENLelbGff__RYGLP1jA,"Souky Stories",IZglrnkhNaY,2026-03-16T12:42:49Z,"2026-03-16 12:42:49","سامحت مجرما خطيرا فعاد لينتقم😱🔞 #9isas_wa9i3iya #crime #explore #قصص_بالدارجة #crimestory",,,24,Entertainment,,PT38S,38,2d,hd,false,ar,ar,https://i.ytimg.com/vi/IZglrnkhNaY/maxresdefault.jpg,1,,,,,5847,341,,0,18
16,UC9JNENLelbGff__RYGLP1jA,"Souky Stories",tGApszS8sGk,2026-03-12T15:01:35Z,"2026-03-12 15:01:35","عاد لينتقم ممن سامحته - قصة منزل سنودن الملعون ‼️ (*للكبار فقط*)⚠️","قصة اليوم على واحد السيدة حتى واحد ما كان يتوقع أنها تسامح الشخص اللي آداها بشكل خطير ولكن هي اختارت طريق مختلف… اختارت تسامح. السنين دازو، وكلشي تنسى وكأنه ولى من الماضي. السيدة رجعات تعيش حياتها بهدوء فدارها الكبيرة، Snowdon House فولاية Arkansas. ولكن فـ2020، الكارثة وقعات… البوليس لقاو جثة السيدة Martha McKay فدارها، مخبية تحت كومة ديال البطانيات. المشهد كان مرعب، وكان باين وواضح أن شي حد قتلها. ومع بداية التحقيق، بدا يبان أن الشخص اللي دار هاد الجريمة… ما كانش غريب عليها أبداً. بل كان شخص من ماضيها… شخص كانت عطاتو فرصة ثانية قرار واحد ديال التسامح… رجع بعد سنوات وتحول لكابوس حقيقي ماتنساش تشتارك فالقناة وتفعل الجرس باش يوصلوك فيديوهات وقصص جداد ❤️ الفيديو الخامس على قناتي الجديدة: https://youtu.be/FXhU08iJ0zc قناتي الجديدة على اليوتيوب: @SoukaynaSaadi صفحتي على الأنستغرام: https://www.instagram.com/soukaynasaadi1 مرحبا بكم في القناة، الاسم ديالي سكينة و اليوم غادي نكتاشفو خبايا هاد القصة هاد القناة دارت ليك إلى كنتي من عشاق : - قصص حقيقية - قصص رعب - قصص جرائم - قصص غريبة - قصص بوليسية - قصص مؤثرة - قصص ملهمة - قصص واقعية كانحط قصة يوم الإثنين والخميس. مرحبا بيك في عالم القصص المثيرة ❤️ تابعوني ايضا على مواقع التواصل الاجتماعي إذا كنت من محبي القصص القصيرة عبر: الانستغرام : soukystories الفايسبوك : soukystories التيكتوك : soukystories :FR L’histoire d’aujourd’hui parle d’une femme dont personne n’aurait imaginé qu’elle puisse pardonner à la personne qui lui avait fait tant de mal. Mais elle a choisi un chemin différent… celui du pardon. Les années ont passé, et tout semblait oublié, comme si cela appartenait au passé. La femme a repris une vie paisible dans sa grande maison, Snowdon House, dans l’Arkansas. Mais en 2020, la tragédie a frappé. La police a retrouvé le corps sans vie de Martha McKay dans sa maison, caché sous une pile de couvertures. La scène était terrifiante, et il était clair qu’elle avait été assassinée. Au fur et à mesure que l’enquête avançait, il est apparu que la personne responsable de ce crime n’était pas du tout une inconnue pour elle. C’était quelqu’un de son passé… quelqu’un à qui elle avait donné une seconde chance. Un simple acte de pardon… qui, des années plus tard, s’est transformé en véritable cauchemar. :ENG Today’s story is about a woman that no one would have expected to forgive the person who had hurt her so seriously. But she chose a different path… she chose forgiveness. Years passed, and everything seemed to be forgotten, as if it had become part of the past. The woman went back to living her life peacefully in her large home, Snowdon House, in Arkansas. But in 2020, tragedy struck. Police found the lifeless body of Martha McKay in her home, hidden under a pile of blankets. The scene was disturbing, and it was clear that someone had murdered her. As the investigation began, it slowly became clear that the person responsible for this crime was not a stranger to her at all. In fact, he was someone from her past… someone she had once given a second chance. One act of forgiveness… that years later turned into a real nightmare. #explore #قصص_بالدرجة #قصص_بالدارجة #قصص_بالدارجة_المغربية #قصص_واقعية #قصص_غريبة #قصص_حقیقية #9isas_wa9i3iya #souky_stories #soukystories #جريمة_اليوم #الولايات_المتحدة #usa #غموض Darkest Child by Kevin MacLeod is licensed under a Creative Commons Attribution 4.0 license. https://creativecommons.org/licenses/by/4.0/ Source: http://incompetech.com/music/royalty-free/index.html?isrc=USUAN1100783 Artist: http://incompetech.com/","fait divers maroc,fait divers,jarima,fait divers algerie,enquête,mystère,histoire vraie,enquêtes criminelles,arabic story time,histoire vraie darija,fait divers darija,fait divers arabic,histoire en arabe,histoire de crime en arabe,histoire criminelle racontée en arabe,histoire criminelle racontée en darija,crime story in arabic,crime stories in arabic,arabic true crime story,true crime stories arabic,سوكي ستوريز رعب,قصص جرائم",24,Entertainment,,PT35M50S,2150,2d,hd,false,ar,ar,https://i.ytimg.com/vi/tGApszS8sGk/maxresdefault.jpg,1,,,,,147822,7501,,0,469
17,UC9JNENLelbGff__RYGLP1jA,"Souky Stories",ZqfTdie2g1E,2026-03-09T15:30:21Z,"2026-03-09 15:30:21","بدأت بتجسس ورسائل مخيفة… وانتهت بجريمة هزت الجميع ‼️ الفاعل مستحيل توقعوه","واحد النهار لقاو البوليس كريستيل كروغ (39 عام) ميتة فدارها، وكان باين على جسدها آثار ديال عراك قوي قبل ما تموت. فالبداية، ما كان حتى واحد فاهم شكون يقدر يدير هاد الشي لمرا كانو كيعرفوها الناس بأنها إنسانة ضريفة، وفية، ومحبوبة بزاف عند العائلة والأصحاب ديالها. ولكن ملي المحققين تعمقو أكثر فالقضية، بداو كيبانو حقائق صادمة: غيرة كبيرة، علاقات سامة، وآثار رقمية خلاها الجاني وراه فالتليفونات والإنترنت. القصة اللي بدات كجريمة مأساوية فحي هادئ… مع الوقت تكشفات وولات أخطر وأظلم بكثير مما كانو الناس كيتصورو ماتنساش تشتارك فالقناة وتفعل الجرس باش يوصلوك فيديوهات وقصص جداد ❤️ الفيديو الخامس على قناتي الجديدة: https://youtu.be/FXhU08iJ0zc قناتي الجديدة على اليوتيوب: @SoukaynaSaadi صفحتي على الأنستغرام: https://www.instagram.com/soukaynasaadi1 مرحبا بكم في القناة، الاسم ديالي سكينة و اليوم غادي نكتاشفو خبايا هاد القصة هاد القناة دارت ليك إلى كنتي من عشاق : - قصص حقيقية - قصص رعب - قصص جرائم - قصص غريبة - قصص بوليسية - قصص مؤثرة - قصص ملهمة - قصص واقعية كانحط قصة يوم الإثنين والخميس. مرحبا بيك في عالم القصص المثيرة ❤️ تابعوني ايضا على مواقع التواصل الاجتماعي إذا كنت من محبي القصص القصيرة عبر: الانستغرام : soukystories الفايسبوك : soukystories التيكتوك : soukystories Un jour, la police a trouvé Kristil Krug (39 ans) morte dans sa maison, et son corps montrait des signes d’une violente lutte avant sa mort. Au début, personne ne comprenait qui aurait pu faire du mal à une femme que tout le monde décrivait comme gentille, loyale et très aimée par sa famille et ses amis. Mais lorsque les enquêteurs ont approfondi l’affaire, des vérités choquantes ont commencé à apparaître : une grande jalousie, des relations toxiques et des traces numériques laissées derrière par le coupable sur les téléphones et sur Internet. Ce qui avait commencé comme un crime tragique dans un quartier calme… s’est révélé, avec le temps, être quelque chose de bien plus sombre et dangereux que ce que tout le monde imaginait. One day, police found Kristil Krug (39 years old) dead in her home, and her body showed signs of a violent struggle before her death. At first, no one could understand who would want to harm a woman everyone described as kind, loyal, and deeply loved by her family and friends. But as investigators looked deeper into the case, shocking truths began to emerge: intense jealousy, toxic relationships, and digital traces the perpetrator had left behind on phones and the internet. What started as a tragic crime in a quiet neighborhood… slowly unraveled into something far darker and more disturbing than anyone had imagined #explore #قصص_بالدرجة #قصص_بالدارجة #قصص_بالدارجة_المغربية #قصص_واقعية #قصص_غريبة #قصص_حقیقية #9isas_wa9i3iya #souky_stories #soukystories #جريمة_اليوم #مالطا #المانيا #ألمانيا #غموض Darkest Child by Kevin MacLeod is licensed under a Creative Commons Attribution 4.0 license. https://creativecommons.org/licenses/by/4.0/ Source: http://incompetech.com/music/royalty-free/index.html?isrc=USUAN1100783 Artist: http://incompetech.com/","fait divers maroc,fait divers,jarima,fait divers algerie,enquête,mystère,histoire vraie,enquêtes criminelles,arabic story time,histoire vraie darija,fait divers darija,fait divers arabic,histoire en arabe,histoire de crime en arabe,histoire criminelle racontée en arabe,histoire criminelle racontée en darija,crime story in arabic,crime stories in arabic,arabic true crime story,true crime stories arabic,سوكي ستوريز رعب,قصص جرائم",24,Entertainment,,PT33M11S,1991,2d,hd,false,ar,ar,https://i.ytimg.com/vi/ZqfTdie2g1E/maxresdefault.jpg,1,,,,,133009,7199,,0,844
18,UC9JNENLelbGff__RYGLP1jA,"Souky Stories",GkU76wRRsME,2026-03-07T18:01:26Z,"2026-03-07 18:01:26","أذكى قا/تل متسلسل 😱🔞 #9isas_wa9i3iya #explore #crime #crimestory#قصص_بالدارجة #قصص_بالدارجة_المغربية",,,24,Entertainment,,PT26S,26,2d,hd,false,ar,ar,https://i.ytimg.com/vi/GkU76wRRsME/maxresdefault.jpg,1,,,,,8434,486,,0,23
19,UC9JNENLelbGff__RYGLP1jA,"Souky Stories",zHF3xClobao,2026-03-05T15:15:14Z,"2026-03-05 15:15:14","مشات لموعد غرامي مع وحش وماعاوداتش رجعات ‼️","منين ميشيل رايتر، أم ديال جوج دراري، اختفات فجأة فـ شتنبر 2012، الشكوك توجهات بسرعة للرجل الجديد والغامض فحياتها، روكي سويتزر. ولكن ورا هاد العلاقة اللي كانت بدات بيناتهم عبر الإنترنت، كان سر مرعب وخطير مخبّي. ماتنساش تشتارك فالقناة وتفعل الجرس باش يوصلوك فيديوهات وقصص جداد ❤️ الفيديو الخامس على قناتي الجديدة: https://youtu.be/FXhU08iJ0zc قناتي الجديدة على اليوتيوب: @SoukaynaSaadi صفحتي على الأنستغرام: https://www.instagram.com/soukaynasaadi1 مرحبا بكم في القناة، الاسم ديالي سكينة و اليوم غادي نكتاشفو خبايا هاد القصة هاد القناة دارت ليك إلى كنتي من عشاق : - قصص حقيقية - قصص رعب - قصص جرائم - قصص غريبة - قصص بوليسية - قصص مؤثرة - قصص ملهمة - قصص واقعية كانحط قصة يوم الإثنين والخميس. مرحبا بيك في عالم القصص المثيرة ❤️ تابعوني ايضا على مواقع التواصل الاجتماعي إذا كنت من محبي القصص القصيرة عبر: الانستغرام : soukystories الفايسبوك : soukystories التيكتوك : soukystories Lorsque Michele Reiter, mère de deux enfants, a soudainement disparu en septembre 2012, l’attention s’est rapidement tournée vers le nouvel homme mystérieux dans sa vie, Rocky Switzer. Cependant, derrière cette relation naissante sur Internet se cachait un secret terrifiant When Michele Reiter, a mother of two, suddenly vanished in September 2012, suspicion quickly turned to the mysterious new man in her life, Rocky Switzer. However, behind their growing online romance was a dark and horrifying secret. #explore #قصص_بالدرجة #قصص_بالدارجة #قصص_بالدارجة_المغربية #قصص_واقعية #قصص_غريبة #قصص_حقیقية #9isas_wa9i3iya #souky_stories #soukystories #جريمة_اليوم #مالطا #المانيا #ألمانيا #غموض Darkest Child by Kevin MacLeod is licensed under a Creative Commons Attribution 4.0 license. https://creativecommons.org/licenses/by/4.0/ Source: http://incompetech.com/music/royalty-free/index.html?isrc=USUAN1100783 Artist: http://incompetech.com/","fait divers maroc,fait divers,jarima,fait divers algerie,enquête,mystère,histoire vraie,enquêtes criminelles,arabic story time,histoire vraie darija,fait divers darija,fait divers arabic,darija,histoire en arabe,histoire de crime en arabe,histoire criminelle racontée en arabe,histoire criminelle racontée en darija,crime story in arabic,crime stories in arabic,arabic true crime story,true crime stories arabic,سوكي ستوريز رعب,قصص جرائم,france,belgique,spain",24,Entertainment,,PT28M55S,1735,2d,hd,false,ar,ar,https://i.ytimg.com/vi/zHF3xClobao/maxresdefault.jpg,1,,,,,134663,7125,,0,391
20,UC9JNENLelbGff__RYGLP1jA,"Souky Stories",fn1caR5JNbU,2026-03-02T14:30:35Z,"2026-03-02 14:30:35","وجدوا أمه في خزانته - قصة أذكى قا/تل متسلسل في العالم (*للكبار فقط*)⚠️","فيديو اليوم كيدينا لواحد من أذكى وأخطر القتلة المتسلسلين في تاريخ الميريكان. ""إيد كيمبر""، الراجل لي كان كيبان ضريف، ضحوكي، ومحترم بزاف لدرجة أن البوليس براسهم كانوا كيتصاحبوا معاه ويجلسوا معاه في لبار... ولكن ماكانوش عارفين شنو مخبي وراء ديك الابتسامة. كيفاش شاب بذكاء خارق وجسم عملاق تحول لوحش ما كيرحمش؟ غادي نرجعوا لسنوات الستينات والسبعينات باش نشوفوا كيفاش بدات هاد الكارثة من الطفولة ديالو، وكيفاش قدر يخدع الأطباء النفسيين ويخرج من المصحة باش يبدا سلسلة من الجرائم لي كتحبس الأنفاس. ماتنساش تشتارك فالقناة وتفعل الجرس باش يوصلوك فيديوهات وقصص جداد ❤️ الفيديو الخامس على قناتي الجديدة: https://youtu.be/FXhU08iJ0zc قناتي الجديدة على اليوتيوب: @SoukaynaSaadi صفحتي على الأنستغرام: https://www.instagram.com/soukaynasaadi1 مرحبا بكم في القناة، الاسم ديالي سكينة و اليوم غادي نكتاشفو خبايا هاد القصة هاد القناة دارت ليك إلى كنتي من عشاق : - قصص حقيقية - قصص رعب - قصص جرائم - قصص غريبة - قصص بوليسية - قصص مؤثرة - قصص ملهمة - قصص واقعية كانحط قصة يوم الإثنين والخميس. مرحبا بيك في عالم القصص المثيرة ❤️ تابعوني ايضا على مواقع التواصل الاجتماعي إذا كنت من محبي القصص القصيرة عبر: الانستغرام : soukystories الفايسبوك : soukystories التيكتوك : soukystories FR: La vidéo d'aujourd'hui nous plonge dans l'histoire de l'un des tueurs en série les plus intelligents et les plus dangereux de l'histoire des États-Unis : Ed Kemper. Un homme qui paraissait gentil, jovial et si respectueux que même les policiers étaient devenus ses amis et traînaient avec lui dans les bars... mais ils n'avaient aucune idée de ce qui se cachait derrière ce sourire. Comment un jeune homme à l'intelligence géniale et au physique de géant s'est-il transformé en un monstre sans merci ? Nous retournons dans les années 60 et 70 pour voir comment cette catastrophe a commencé dès son enfance, et comment il a réussi à tromper les psychiatres pour sortir de l'asile et entamer une série de crimes à couper le souffle. ENG : Today's video takes us to one of the smartest and most dangerous serial killers in American history: Ed Kemper. A man who appeared friendly, cheerful, and so respectful that even the police befriended him and hung out with him at bars... but they had no idea what was hidden behind that smile. How did a young man with genius-level intelligence and a giant physique turn into a merciless monster? We’re going back to the 60s and 70s to see how this catastrophe began in his childhood, and how he managed to deceive psychiatrists to get out of the asylum and start a series of breathtaking crimes. #explore #قصص_بالدرجة #قصص_بالدارجة #قصص_بالدارجة_المغربية #قصص_واقعية #قصص_غريبة #قصص_حقیقية #9isas_wa9i3iya #souky_stories #soukystories #جريمة_اليوم #مالطا #المانيا #ألمانيا #غموض Darkest Child by Kevin MacLeod is licensed under a Creative Commons Attribution 4.0 license. https://creativecommons.org/licenses/by/4.0/ Source: http://incompetech.com/music/royalty-free/index.html?isrc=USUAN1100783 Artist: http://incompetech.com/","fait divers maroc,fait divers,jarima,fait divers algerie,enquête,mystère,histoire vraie,enquêtes criminelles,arabic story time,histoire vraie darija,fait divers darija,fait divers arabic,darija,histoire en arabe,histoire de crime en arabe,histoire criminelle racontée en arabe,histoire criminelle racontée en darija,crime story in arabic,crime stories in arabic,arabic true crime story,true crime stories arabic,سوكي ستوريز رعب,قصص جرائم,france,belgique,spain",24,Entertainment,Society,PT39M17S,2357,2d,hd,false,ar,ar,https://i.ytimg.com/vi/fn1caR5JNbU/maxresdefault.jpg,1,,,,,179211,8931,,0,545
21,UC9JNENLelbGff__RYGLP1jA,"Souky Stories",lZOH1a45STQ,2026-02-28T14:30:42Z,"2026-02-28 14:30:42","جثة فارغة #9isas_wa9i3iya #explore #crimestory #crime #قصص_بالدارجة #قصص #قصص_بالدارجة_المغربية",,,24,Entertainment,,PT31S,31,2d,hd,false,ar,ar,https://i.ytimg.com/vi/lZOH1a45STQ/maxresdefault.jpg,1,,,,,6685,344,,0,18
22,UC9JNENLelbGff__RYGLP1jA,"Souky Stories",Dm2lCygHzWQ,2026-02-26T16:15:01Z,"2026-02-26 16:15:01","الحقيقة الصادمة انكشفت داخل KFC! 😨 (*للكبار فقط*)⚠️","فيوم من أيام الربيع عام 2001، جوج عيالات دخلو لـKFC فـ East Cleveland وكل وحدة عندها حكاية مختلفة ومقلقة على الأخرى… سميتهم Melissa Latham و Tonica Jenkins، وكل وحدة فيهم كانت كتّهم الثانية بجريمة خطيرة. الكلام متناقض… الروايات ما متشابهاش… والحقيقة ضايعة وسط الكذوب والاتهامات. باش يفرّقو بين الصدق والكدوب، البوليس دخلو فمتاهة غريبة بزاف… متاهة عامرة بالأسرار، المفاجآت، والتقلبات اللي ما كان حتى شي حد متوقعها. قضية غادي تبقى من أغرب وأعقد القضايا اللي واجهوها فحياتهم المهنية… ورحلة البحث على الحقيقة كانت أكثر رعباً من الجريمة نفسها. 😳 ماتنساش تشتارك فالقناة وتفعل الجرس باش يوصلوك فيديوهات وقصص جداد ❤️ الفيديو الخامس على قناتي الجديدة: https://youtu.be/FXhU08iJ0zc قناتي الجديدة على اليوتيوب: @SoukaynaSaadi صفحتي على الأنستغرام: https://www.instagram.com/soukaynasaadi1 مرحبا بكم في القناة، الاسم ديالي سكينة و اليوم غادي نكتاشفو خبايا هاد القصة هاد القناة دارت ليك إلى كنتي من عشاق : - قصص حقيقية - قصص رعب - قصص جرائم - قصص غريبة - قصص بوليسية - قصص مؤثرة - قصص ملهمة - قصص واقعية كانحط قصة يوم الإثنين والخميس. مرحبا بيك في عالم القصص المثيرة ❤️ تابعوني ايضا على مواقع التواصل الاجتماعي إذا كنت من محبي القصص القصيرة عبر: الانستغرام : soukystories الفايسبوك : soukystories التيكتوك : soukystories FR: Par un jour de printemps en 2001, deux femmes se sont présentées dans un KFC à East Cleveland, chacune avec une histoire totalement différente… et troublante. Elles s’appelaient Melissa Latham et Tonica Jenkins, et chacune accusait l’autre d’avoir commis un crime grave. Des versions contradictoires. Des accusations croisées. La vérité semblait perdue au milieu des mensonges. Pour démêler le vrai du faux, les détectives se sont retrouvés entraînés dans l’un des dossiers les plus étranges et déroutants de toute leur carrière… Une affaire pleine de mystère, de rebondissements inattendus et de zones d’ombre — où la quête de la vérité s’est révélée presque plus effrayante que le crime lui-même. ENG : On a spring day in 2001, two women walked into a KFC in East Cleveland, each carrying a different — and disturbing — story about the other. Their names were Melissa Latham and Tonica Jenkins, and each accused the other of committing a serious crime. The statements were contradictory… the versions didn’t match… and the truth was lost somewhere between lies and accusations. In order to separate truth from deception, the police found themselves pulled into a very strange maze — one filled with secrets, shocking twists, and unexpected turns. It became one of the strangest and most complex cases of their careers… and the search for the truth was even more terrifying than the crime itself. 😳 #explore #قصص_بالدرجة #قصص_بالدارجة #قصص_بالدارجة_المغربية #قصص_واقعية #قصص_غريبة #قصص_حقیقية #9isas_wa9i3iya #souky_stories #soukystories #جريمة_اليوم #مالطا #المانيا #ألمانيا #غموض Darkest Child by Kevin MacLeod is licensed under a Creative Commons Attribution 4.0 license. https://creativecommons.org/licenses/by/4.0/ Source: http://incompetech.com/music/royalty-free/index.html?isrc=USUAN1100783 Artist: http://incompetech.com/","fait divers maroc,fait divers,jarima,fait divers algerie,enquête,mystère,histoire vraie,enquêtes criminelles,arabic story time,histoire vraie darija,fait divers darija,fait divers arabic,darija,histoire en arabe,histoire de crime en arabe,histoire criminelle racontée en arabe,histoire criminelle racontée en darija,crime story in arabic,crime stories in arabic,arabic true crime story,true crime stories arabic,سوكي ستوريز رعب,قصص جرائم,france,belgique,spain",24,Entertainment,Society,PT33M17S,1997,2d,hd,false,ar,ar,https://i.ytimg.com/vi/Dm2lCygHzWQ/maxresdefault.jpg,1,,,,,146176,7906,,0,629
23,UC9JNENLelbGff__RYGLP1jA,"Souky Stories",hh2ddDuAKjA,2026-02-23T14:30:40Z,"2026-02-23 14:30:40","لقاو الجثة ديالو ولكن كانت كاتوزن سطاش كيلو فقط 😨 (*للكبار فقط*) ⚠️","فيديو اليوم غدي يدينا لواحد من أغرب وأكثر الألغاز لي صدمات ألمانيا ومالطا سنة 2016. قصة ""ميكال""، الشاب لي كان كيحلم يدور العالم، وفاش قرر يسافر لأول مرة بوحدو لجزيرة مالطا باش يستمتع بالصيف، تحولات الرحلة ديالو لكابوس حقيقي مابغى يسالي. شنو وقع لميكال فديك العشية؟ ميكال كرى بيكالا وصيفط ميساج لباه كيقول ليه: ""أنا غادي ندور ونصيفط ليك التصاور""... ولكن ذوك التصاور ماعمرهم وصلوا، وميكال غبر في ظروف غامضة لي خلات البوليس ديال جوج دول مروونين. قصة اليوم مؤلمة وصادمة، كتحذرنا من بزاف ديال الحوايج وكتحط علامات استفهام كبيرة على كيفاش كتم الأمور في بعض المناطق السياحية. ماتنساش تشتارك فالقناة وتفعل الجرس باش يوصلوك فيديوهات وقصص جداد ❤️ الفيديو الخامس على قناتي الجديدة: https://youtu.be/FXhU08iJ0zc قناتي الجديدة على اليوتيوب: @SoukaynaSaadi صفحتي على الأنستغرام: https://www.instagram.com/soukaynasaadi1 مرحبا بكم في القناة، الاسم ديالي سكينة و اليوم غادي نكتاشفو خبايا هاد القصة هاد القناة دارت ليك إلى كنتي من عشاق : - قصص حقيقية - قصص رعب - قصص جرائم - قصص غريبة - قصص بوليسية - قصص مؤثرة - قصص ملهمة - قصص واقعية كانحط قصة يوم الإثنين والخميس. مرحبا بيك في عالم القصص المثيرة ❤️ تابعوني ايضا على مواقع التواصل الاجتماعي إذا كنت من محبي القصص القصيرة عبر: الانستغرام : soukystories الفايسبوك : soukystories التيكتوك : soukystories :FR La vidéo d'aujourd'hui nous emmène vers l'un des mystères les plus étranges et les plus choquants qui ont frappé l'Allemagne et Malte en 2016. C'est l'histoire de « Michael », un jeune homme qui rêvait de faire le tour du monde. Lorsqu'il a décidé de voyager seul pour la première fois sur l'île de Malte pour profiter de l'été, son voyage s'est transformé en un véritable cauchemar sans fin. ?Qu'est-il arrivé à Michael ce soir-là Michael a loué un vélo et a envoyé un message à son père disant : « Je vais faire un tour et je t'enverrai les photos »... mais ces photos ne sont jamais arrivées, et Michael a disparu dans des circonstances mystérieuses qui ont laissé la police de deux pays perplexe. L'histoire d'aujourd'hui est douloureuse et choquante ; elle nous avertit sur beaucoup de choses et pose de grandes questions sur la manière dont les choses se passent dans certaines zones touristiques. :ENG Today's video takes us to one of the strangest and most shocking mysteries that hit Germany and Malta in 2016. This is the story of 'Michael,' a young man who dreamed of traveling the world. When he decided to travel alone for the first time to the island of Malta to enjoy the summer, his trip turned into an endless nightmare. ?What happened to Michael that evening Michael rented a bicycle and sent a message to his father saying: 'I’m going to go around and I’ll send you the photos'... but those photos never arrived, and Michael disappeared under mysterious circumstances that left the police of two countries baffled. Today's story is painful and shocking; it warns us about many things and raises big questions about how things are handled in some tourist areas. #explore #قصص_بالدرجة #قصص_بالدارجة #قصص_بالدارجة_المغربية #قصص_واقعية #قصص_غريبة #قصص_حقیقية #9isas_wa9i3iya #souky_stories #soukystories #جريمة_اليوم #مالطا #المانيا #ألمانيا #غموض Darkest Child by Kevin MacLeod is licensed under a Creative Commons Attribution 4.0 license. https://creativecommons.org/licenses/by/4.0/ Source: http://incompetech.com/music/royalty-free/index.html?isrc=USUAN1100783 Artist: http://incompetech.com/","fait divers maroc,fait divers,jarima,fait divers algerie,enquête,mystère,histoire vraie,enquêtes criminelles,arabic story time,histoire vraie darija,fait divers darija,fait divers arabic,darija,histoire en arabe,histoire de crime en arabe,histoire criminelle racontée en arabe,histoire criminelle racontée en darija,crime story in arabic,crime stories in arabic,arabic true crime story,true crime stories arabic,سوكي ستوريز رعب,قصص جرائم,france,belgique,spain",24,Entertainment,,PT29M55S,1795,2d,hd,false,ar,ar,https://i.ytimg.com/vi/hh2ddDuAKjA/maxresdefault.jpg,1,,,,,149314,8297,,0,537
24,UC9JNENLelbGff__RYGLP1jA,"Souky Stories",t9sJR7mVLTA,2026-02-22T13:50:15Z,"2026-02-22 13:50:15","ذهب للساحر... فاختفى! #9isas_wa9i3iya #explore #crime #souky_stories #crimestory #قصص_بالدارجة #قصص",,,24,Entertainment,,PT39S,39,2d,hd,false,ar,ar,https://i.ytimg.com/vi/t9sJR7mVLTA/maxresdefault.jpg,1,,,,,7317,478,,0,23
25,UC9JNENLelbGff__RYGLP1jA,"Souky Stories",AqrWylLX4QM,2026-02-20T14:30:19Z,"2026-02-20 14:30:19","فاقت من الغيبوبة و فضحات الوحش لي صفاها لولادها 😨 (*للكبار فقط*)⚠️","في هاد الفيديو، غادي نغوصو في وحدة من أكثر القضايا اللي هزات الرأي العام في السويد سنة 2008. قصة ""إيما""، الأم اللي كانت كتحلم غير بحياة هادئة مع وليداتها، حتى لواحد العشية ديال شهر مارس اللي غتغير حياتها للأبد. شنو وقع مورا داك الباب؟ بينما إيما كانت كتوجد العشا وكتواصل مع عائلتها، دقة وحدة في الباب كانت كافية باش تفتح عليها أبواب الجحيم. شكون هاد الشخص اللي دخل لدارها بدم بارد؟ وعلاش استهدف أم وبريئة ووليداتها الصغار؟ في هاد الحلقة غادي تشوفو: 🔍 تفاصيل التحقيقات وكيفاش البوليس السويدي لقى راسو قدام لغز محير. 👤 قائمة المشتبه فيهم: هل هو انتقام من الماضي أم هوس قاتل؟ ⚖️ كيفاش خيط رفيع وشهادة غير متوقعة قلبت موازين القضية كاملة. قصة اليوم ماشي مجرد جريمة، بل هي درس في الهوس، الخيانة، وقوة الصبر والنجاة. الفيديو الخامس على قناتي الجديدة: https://youtu.be/FXhU08iJ0zc قناتي الجديدة على اليوتيوب: @SoukaynaSaadi صفحتي على الأنستغرام: https://www.instagram.com/soukaynasaadi1 مرحبا بكم في القناة، الاسم ديالي سكينة و اليوم غادي نكتاشفو خبايا هاد القصة هاد القناة دارت ليك إلى كنتي من عشاق : - قصص حقيقية - قصص رعب - قصص جرائم - قصص غريبة - قصص بوليسية - قصص مؤثرة - قصص ملهمة - قصص واقعية كانحط قصة يوم الإثنين والخميس. ماتنساش تشتارك فالقناة وتفعل الجرس باش يوصلوك فيديوهات وقصص جداد. مرحبا بيك في عالم القصص المثيرة ❤️ تابعوني ايضا على مواقع التواصل الاجتماعي إذا كنت من محبي القصص القصيرة عبر: الانستغرام : soukystories الفايسبوك : soukystories التيكتوك : soukystories :FR Dans cette vidéo, nous revenons sur l'une des affaires les plus glaçantes qui a secoué la Suède en 2008. C'est l'histoire d'Emma, une mère qui ne rêvait que d'une vie tranquille avec ses enfants, jusqu'à ce qu'un lundi soir de mars ne change son destin à jamais. Que s'est-il passé derrière cette porte ? Alors qu'Emma préparait le dîner tout en discutant avec sa sœur, un simple coup à la porte a fait basculer son univers. Qui était cette personne qui s'est introduite chez elle de sang-froid ? Et pourquoi s'en prendre à une mère et ses deux jeunes enfants ? Dans cet épisode, nous analysons : 🔍 Les détails de l'enquête et comment la police suédoise s'est retrouvée face à une énigme totale. 👤 Le profil des suspects : S'agissait-il d'une vengeance du passé ou d'une obsession meurtrière ? ⚖️ Comment un indice minuscule et un témoignage inattendu ont fini par faire éclater la vérité. L'histoire d'aujourd'hui n'est pas qu'un simple fait divers ; c'est un récit sur l'obsession, la trahison et la force incroyable de la survie. :ENG In this video, we dive into one of the most chilling cases that shook Sweden in 2008. This is the story of Emma, a mother who wanted nothing more than a peaceful life with her children, until one Monday evening in March changed everything forever. What happened behind that door? While Emma was preparing dinner and chatting with her sister, a simple knock on the door changed her world. Who was this person who entered her home with such cold-blooded intent? And why would anyone target an innocent mother and her small children? In this episode, we explore: 🔍 The intense investigation and how Swedish police faced a baffling puzzle. 👤 The list of suspects: Was it a quest for revenge or a deadly obsession? ⚖️ How a tiny clue and an unexpected testimony turned the entire case upside down. Today's story is more than just a crime chronicle; it’s a deep look into obsession, betrayal, and the incredible strength it takes to survive the unthinkable. #explore #قصص_بالدرجة #قصص_بالدارجة #قصص_بالدارجة_المغربية #قصص_واقعية #قصص_غريبة #قصص_حقیقية #9isas_wa9i3iya #souky_stories #soukystories #جريمة_اليوم #السويد #غموض #قصة_إيما Darkest Child by Kevin MacLeod is licensed under a Creative Commons Attribution 4.0 license. https://creativecommons.org/licenses/by/4.0/ Source: http://incompetech.com/music/royalty-free/index.html?isrc=USUAN1100783 Artist: http://incompetech.com/","fait divers maroc,fait divers,jarima,fait divers algerie,enquête,mystère,histoire vraie,enquêtes criminelles,arabic story time,histoire vraie darija,fait divers darija,fait divers arabic,darija,histoire en arabe,histoire de crime en arabe,histoire criminelle racontée en arabe,histoire criminelle racontée en darija,crime story in arabic,crime stories in arabic,arabic true crime story,true crime stories arabic,سوكي ستوريز رعب,قصص جرائم,france,belgique,spain",24,Entertainment,,PT31M25S,1885,2d,hd,false,ar,ar,https://i.ytimg.com/vi/AqrWylLX4QM/maxresdefault.jpg,1,,,,,132122,7321,,0,457
26,UC9JNENLelbGff__RYGLP1jA,"Souky Stories",Zeg4OTwz26U,2026-02-17T21:45:01Z,"2026-02-17 21:45:01","رسالة أخيرة كشفت سر الج//ثث في بيت الساحر ‼️ (*للكبار فقط*) ⚠️","""إيلا ماشفتينيش رجعت، عيط للبوليس.."" هادي كانت آخر رسالة صيفطها أب لولدو قبل ما يغبر فظروف غامضة فإندونيسيا. القصة بدات بـ ""وعد"" خيالي بمضاعفة الفلوس من طرف واحد المشعوذ، ولكن النهاية كانت شي حاجة ما طراش على البال. شنو السر اللي لقات الشرطة مخبي ورا ديك الدار المعزولة؟ وكيفاش لغز بسيط كشف حقيقة مرعبة هزات لبلاد كولها؟ الفيديو الخامس على قناتي الجديدة: https://youtu.be/FXhU08iJ0zc قناتي الجديدة على اليوتيوب: @SoukaynaSaadi صفحتي على الأنستغرام: https://www.instagram.com/soukaynasaadi1 مرحبا بكم في القناة، الاسم ديالي سكينة و اليوم غادي نكتاشفو خبايا هاد القصة هاد القناة دارت ليك إلى كنتي من عشاق : - قصص حقيقية - قصص رعب - قصص جرائم - قصص غريبة - قصص بوليسية - قصص مؤثرة - قصص ملهمة - قصص واقعية كانحط قصة يوم الإثنين والخميس. ماتنساش تشتارك فالقناة وتفعل الجرس باش يوصلوك فيديوهات وقصص جداد. مرحبا بيك في عالم القصص المثيرة ❤️ تابعوني ايضا على مواقع التواصل الاجتماعي إذا كنت من محبي القصص القصيرة عبر: الانستغرام : soukystories الفايسبوك : soukystories التيكتوك : soukystories :FR Si je ne reviens pas, appelle la police."" C'est le dernier message envoyé par un père à son fils avant de disparaître mystérieusement en Indonésie. Tout commence par une promesse incroyable : celle d'un ""Shaman"" capable de multiplier l'argent. Quel secret terrifiant la police a-t-elle découvert derrière cette maison isolée ? Découvrez comment un simple message a levé le voile sur une affaire qui a choqué tout le pays. :ENG ""If I don’t return, call the police."" This was the final message a father sent to his son before vanishing in Indonesia. It all started with an unbelievable promise: a ""Shaman"" who claimed he could multiply money. What dark secret did the police find hidden behind that isolated house? Watch to find out how a single text message exposed a mystery that shocked the entire nation. #explore #قصص_بالدرجة #قصص_بالدارجة #قصص_بالدارجة_المغربية #قصص_واقعية #قصص_غريبة #قصص_حقیقية #9isas_wa9i3iya #souky_stories #soukystories Darkest Child by Kevin MacLeod is licensed under a Creative Commons Attribution 4.0 license. https://creativecommons.org/licenses/by/4.0/ Source: http://incompetech.com/music/royalty-free/index.html?isrc=USUAN1100783 Artist: http://incompetech.com/","fait divers maroc,fait divers,jarima,fait divers algerie,enquête,mystère,histoire vraie,enquêtes criminelles,arabic story time,histoire vraie darija,fait divers darija,fait divers arabic,darija,histoire en arabe,histoire de crime en arabe,histoire criminelle racontée en arabe,histoire criminelle racontée en darija,crime story in arabic,crime stories in arabic,arabic true crime story,true crime stories arabic,سوكي ستوريز رعب,قصص جرائم,france,belgique,spain",24,Entertainment,,PT19M24S,1164,2d,hd,false,ar,ar,https://i.ytimg.com/vi/Zeg4OTwz26U/maxresdefault.jpg,1,,,,,104700,6691,,0,485
27,UC9JNENLelbGff__RYGLP1jA,"Souky Stories",V5O0Bx29xH8,2026-02-16T19:28:21Z,"2026-02-16 19:28:21","طقوس شيطانية 😱 #9isas_wa9i3iya #crime #explore #souky_stories #crimestory #قصص_بالدارجة #قصص",,,24,Entertainment,,PT40S,40,2d,hd,false,ar,ar,https://i.ytimg.com/vi/V5O0Bx29xH8/maxresdefault.jpg,1,,,,,8746,530,,0,25
28,UC9JNENLelbGff__RYGLP1jA,"Souky Stories",R2trQxx4DW4,2026-02-15T21:00:52Z,"2026-02-15 21:00:52","جريمة بش//عة و لي فك اللغز ديالها كان شخص غير متوقع⚠️ #9isas_wa9i3iya #explore #souky_stories #قصص",,,24,Entertainment,,PT54S,54,2d,hd,false,ar,ar,https://i.ytimg.com/vi/R2trQxx4DW4/maxresdefault.jpg,1,,,,,10332,683,,0,38
29,UC9JNENLelbGff__RYGLP1jA,"Souky Stories",dF0GIebf95k,2026-02-13T18:00:44Z,"2026-02-13 18:00:44","شرا دار باش يسكن فيها ولقا فيها مفاجأة مرعبة ‼️ (*للكبار فقط*)⚠️","قصة اليوم كتدّينا لڤيتنام سنة 2019، فين راجل شرا دار وكان متحمس يبدا فيها حياة جديدة… ولكن اللي لقا تما ماكانش فالحسبان. دار مسدودة بالقفول، أوراق برموز غريبة، ريحة خانزة، وبراميل كبار مخبيين سر مرعب… 😨 شنو وقع بالضبط؟ قصة حقيقية غادي تصدمك وتخليك تعاود تفكر فبعض الحوايج… ماتنساش تشتارك فالقناة وتفعل الجرس باش يوصلوك فيديوهات وقصص جداد. الفيديو الكرفان على قناتي الجديدة: https://www.youtube.com/watch?v=JKCtTeBsQa4 قناتي الجديدة على اليوتيوب: @SoukaynaSaadi صفحتي على الأنستغرام: https://www.instagram.com/soukaynasaadi1 مرحبا بكم في القناة، الاسم ديالي سكينة و اليوم غادي نكتاشفو خبايا هاد القصة هاد القناة دارت ليك إلى كنتي من عشاق : - قصص حقيقية - قصص رعب - قصص جرائم - قصص غريبة - قصص بوليسية - قصص مؤثرة - قصص ملهمة - قصص واقعية كانحط قصة يوم الإثنين والخميس. ماتنساش تشتارك فالقناة وتفعل الجرس باش يوصلوك فيديوهات وقصص جداد. مرحبا بيك في عالم القصص المثيرة ❤️ تابعوني ايضا على مواقع التواصل الاجتماعي إذا كنت من محبي القصص القصيرة عبر: الانستغرام : soukystories الفايسبوك : soukystories التيكتوك : soukystories :FR L'histoire d'aujourd'hui nous emmène au Vietnam en 2019, où un homme a acheté une maison, impatient d'y commencer une nouvelle vie… mais ce qu'il a découvert sur place était loin de ce qu'il imaginait. Une maison verrouillée de partout, des papiers remplis de symboles étranges, une odeur fétide et de grands barils cachant un secret terrifiant… 😨 ? Que s'est-il passé exactement Une histoire vraie qui va vous choquer et vous faire réfléchir à deux fois… N'oubliez pas de vous abonner à la chaîne et d'activer la cloche pour ne manquer aucune de nos nouvelles vidéos et histoires. :ENG Today’s story takes us to Vietnam in 2019, where a man bought a house, excited to start a new life… but what he found there was completely unexpected A house locked tight, papers covered in strange symbols, a foul smell, and large barrels hiding a terrifying secret… 😨 ? What exactly happened A true story that will shock you and make you rethink a few things… Don’t forget to subscribe to the channel and hit the bell icon to get all our new videos and stories. #explore #قصص_بالدرجة #قصص_بالدارجة #قصص_بالدارجة_المغربية #قصص_واقعية #قصص_غريبة #قصص_حقیقية #9isas_wa9i3iya #souky_stories #soukystories #faitdivers #france #maroc #algerie #belgique #spain Darkest Child by Kevin MacLeod is licensed under a Creative Commons Attribution 4.0 license. https://creativecommons.org/licenses/by/4.0/ Source: http://incompetech.com/music/royalty-free/index.html?isrc=USUAN1100783 Artist: http://incompetech.com/","fait divers maroc,fait divers,jarima,fait divers algerie,enquête,mystère,histoire vraie,enquêtes criminelles,arabic story time,histoire vraie darija,fait divers darija,fait divers arabic,darija,histoire en arabe,histoire de crime en arabe,histoire criminelle racontée en arabe,histoire criminelle racontée en darija,crime story in arabic,crime stories in arabic,arabic true crime story,true crime stories arabic,سوكي ستوريز رعب,قصص جرائم,france,belgique,spain",24,Entertainment,,PT24M5S,1445,2d,hd,false,ar,ar,https://i.ytimg.com/vi/dF0GIebf95k/maxresdefault.jpg,1,,,,,114235,8019,,0,387
30,UC9JNENLelbGff__RYGLP1jA,"Souky Stories",rJKJ-_MqTvU,2026-02-10T20:21:09Z,"2026-02-10 20:21:09","ما وجدوه داخل الفرن كان رعب حقيقي ‼️ (*للكبار فقط*)⚠️","مرحبا بكم في القناة، الاسم ديالي سكينة و اليوم غادي نكتاشفو خبايا هاد القصة. قصة اليوم غادي تدينا للقلب مدينة نيودلهي فالهند، وبالضبط لواحد الليلة فصيف 1995 اللي غاتحبس الأنفاس. كولشي كان غادي عادي فواحد المطعم مشهور، حتى لواحد اللحظة فاش نيران مجهولة شعلات فواحد الفران تقليدي، ومن تما غايبدا كابوس حقيقي ما يخطرش على البال. فهاد الفيديو، غانكتشفو لغز ""جريمة الفرن"" اللي صدمات الرأي العام، وكيفاش شكوك بسيطة ديال بوليسي دايز بالصدفة كشفات على أبشع منظر ممكن يشوفو إنسان فحياتو. شكون مول هاد الفعلة؟ وعلاش ختار هاد الطريقة المرعبة باش يخبي جريمته؟ 📌 أشنو غاتشوف فهاد القصة: 🔴 المشهد الصادم: اللحظة اللي تفتح فيها الفران وتكشف السر المرعب. 🔴 لغز الهوية: كيفاش البوليس واجهو صعوبة باش يعرفو شكون الضحية. 🔴 خيوط الجريمة: أسرار وخيانات كانت مخبية وراء كواليس السياسة والحب. 🔴 المطاردة: كيفاش تحول بحث بسيط عن مفقود لعملية مطاردة دولية للمجرم. ماتنساش تشتارك فالقناة وتفعل الجرس باش يوصلوك فيديوهات وقصص جداد❤️ الفيديو الكرفان على قناتي الجديدة: https://www.youtube.com/watch?v=JKCtTeBsQa4 قناتي الجديدة على اليوتيوب: @SoukaynaSaadi صفحتي على الأنستغرام: https://www.instagram.com/soukaynasaadi1 هاد القناة دارت ليك إلى كنتي من عشاق : - قصص حقيقية - قصص رعب - قصص جرائم - قصص غريبة - قصص بوليسية - قصص مؤثرة - قصص ملهمة - قصص واقعية كانحط قصة يوم الإثنين والخميس. ماتنساش تشتارك فالقناة وتفعل الجرس باش يوصلوك فيديوهات وقصص جداد. مرحبا بيك في عالم القصص المثيرة ❤️ تابعوني ايضا على مواقع التواصل الاجتماعي إذا كنت من محبي القصص القصيرة عبر: الانستغرام : soukystories الفايسبوك : soukystories التيكتوك : soukystories الى كنتي من محبي القصص المسموعة تقدر تلقاني ف: سبوتيفاي: soukystories أنغامي: soukystories غوغل بودكاست: soukystories #explore #قصص_بالدرجة #قصص_بالدارجة #قصص_بالدارجة_المغربية #قصص_واقعية #قصص_غريبة #قصص_حقیقية #9isas_wa9i3iya #souky_stories #soukystories Darkest Child by Kevin MacLeod is licensed under a Creative Commons Attribution 4.0 license. https://creativecommons.org/licenses/by/4.0/ Source: http://incompetech.com/music/royalty-free/index.html?isrc=USUAN1100783 Artist: http://incompetech.com/","soukystories,souki stories,manar stories,lassakri,العسكري,safaa,الخراز,zineb story,قصص حقيقية,Chaimae Belkhir,Nisrine - نسرين,سوكمان sockman,NADIAS,حكايات رضا,قضايا,meryem story,@kharrazabdelkader,rajaa stories,senpai,خراز,lasakri,laskari,laaskari,3askari,lasskari,لعساكري,العساكري,لعسكاري,العسكاري,لعسكري,kwili,lemo,Kharraz,ليمو,كويلي,alkharraz,l3askri,laasikri,lassakri fz,laskri fatima,NADIA STORIES,قصص مظلمة | dark stories,قصص من التاريخ,سوكي ستوريز,soukaynasaadi",24,Entertainment,Society,PT24M58S,1498,2d,hd,false,ar,ar,https://i.ytimg.com/vi/rJKJ-_MqTvU/maxresdefault.jpg,1,,,,,122538,6954,,0,495
31,UC9JNENLelbGff__RYGLP1jA,"Souky Stories",9nWf4KKrdVE,2026-02-06T21:05:47Z,"2026-02-06 21:05:47","لحظاتهم الأخيرة كانت كابوس حقيقي 😳(*للكبار فقط*)⚠️","فهاد الفيديو، غادي نغوصو فواحد من أغرب ألغاز الاختفاء اللي عرفاتها ولاية يوتا. بيكي بورتير (46 عام) وراجلها ريسل (34 عام) غبرو من قلب دارهم فظروف كتقطع القلب. الغريب هو أنهم خلاو كولشي وراهم: الطوموبيل: باقة فبلاصتها. الفلوس والوراق: كولشي محطوط فوق الطبلة. الدوا: ريسل كان مريض بالسرطان ومايمكنش ليه يعيش بلا دواه.. ومع ذلك الدوا بقى تما! غادي نتبعو مراحل التحقيق خطوة بخطوة، من الشكوك اللي دارت حول العائلة، حتى للمكالمة اللي بدلات مجرى القضية كولها. تفرجو حتى اللخر باش تكتشفو ""رأس الحربة"" اللي دبر لهاد الجريمة البشعة، وشنو هو السر اللي كان مخبي فالمزرعة. الفيديو الكرفان على قناتي الجديدة: https://www.youtube.com/watch?v=JKCtTeBsQa4 قناتي الجديدة على اليوتيوب: @SoukaynaSaadi صفحتي على الأنستغرام: https://www.instagram.com/soukaynasaadi1 مرحبا بكم في القناة، الاسم ديالي سكينة و اليوم غادي نكتاشفو خبايا هاد القصة هاد القناة دارت ليك إلى كنتي من عشاق : - قصص حقيقية - قصص رعب - قصص جرائم - قصص غريبة - قصص بوليسية - قصص مؤثرة - قصص ملهمة - قصص واقعية كانحط قصة يوم الإثنين والخميس. ماتنساش تشتارك فالقناة وتفعل الجرس باش يوصلوك فيديوهات وقصص جداد. مرحبا بيك في عالم القصص المثيرة ❤️ تابعوني ايضا على مواقع التواصل الاجتماعي إذا كنت من محبي القصص القصيرة عبر: الانستغرام : soukystories الفايسبوك : soukystories التيكتوك : soukystories :FR Dans cette vidéo, nous plongeons dans l'un des mystères de disparition les plus troublants de l'Utah. Becky Porter (46 ans) et son mari Russell (34 ans) se sont volatilisés de chez eux dans des conditions déchirantes. Ce qui est terrifiant, c'est qu'ils ont tout laissé derrière eux : La voiture : Toujours garée devant la maison. L'argent et les papiers : Tout était resté sur la table. Le traitement médical : Russell luttait contre un cancer et ne pouvait survivre sans ses médicaments... pourtant, ils étaient toujours là ! Nous allons suivre l'enquête étape par étape, des premiers soupçons pesant sur la famille jusqu'à l'appel téléphonique qui a totalement bouleversé le cours de l'affaire. Regardez jusqu'à la fin pour découvrir le ""cerveau"" qui a orchestré ce crime atroce, et le secret sombre qui était caché dans la ferme. :ENG In this video, we dive into one of the most baffling missing persons cases in Utah's history. Becky Porter (46) and her husband Russell (34) vanished from their home under heartbreaking circumstances. What’s truly haunting is that they left everything behind: The Car: Still parked right where it belonged. Cash and ID: Everything was left sitting on the table. Medicine: Russell was a cancer survivor who couldn't live without his daily medication... yet, it was never touched. We will follow the investigation step-by-step, from the initial suspicions surrounding the family to the one phone call that changed everything. Watch until the end to discover the ""mastermind"" behind this brutal crime and the dark secret that was hidden within the farm. #explore #قصص_بالدرجة #قصص_بالدارجة #قصص_بالدارجة_المغربية #قصص_واقعية #قصص_غريبة #قصص_حقیقية #9isas_wa9i3iya #souky_stories #soukystories #france #maroc #algerie #belgique #spain Darkest Child by Kevin MacLeod is licensed under a Creative Commons Attribution 4.0 license. https://creativecommons.org/licenses/by/4.0/ Source: http://incompetech.com/music/royalty-free/index.html?isrc=USUAN1100783 Artist: http://incompetech.com/","fait divers maroc,fait divers,jarima,fait divers algerie,enquête,mystère,histoire vraie,enquêtes criminelles,arabic story time,histoire vraie darija,fait divers darija,fait divers arabic,darija,histoire en arabe,histoire de crime en arabe,histoire criminelle racontée en arabe,histoire criminelle racontée en darija,crime story in arabic,crime stories in arabic,arabic true crime story,true crime stories arabic,سوكي ستوريز رعب,قصص جرائم,france,belgique,spain",24,Entertainment,,PT28M36S,1716,2d,hd,false,ar,ar,https://i.ytimg.com/vi/9nWf4KKrdVE/maxresdefault.jpg,1,,,,,129104,7521,,0,677
32,UC9JNENLelbGff__RYGLP1jA,"Souky Stories",3jPRigi2zI4,2026-02-03T21:18:45Z,"2026-02-03 21:18:45","جريمة بش//عة ولي فك اللغز ديالها كان شخص غير متوقع ⚠️","الفيديو الكرفان على قناتي الجديدة: https://www.youtube.com/watch?v=JKCtTeBsQa4 قناتي الجديدة على اليوتيوب: @SoukaynaSaadi صفحتي على الأنستغرام: https://www.instagram.com/soukaynasaadi1 مرحبا بكم في القناة، الاسم ديالي سكينة و اليوم غادي نكتاشفو خبايا هاد القصة هاد القناة دارت ليك إلى كنتي من عشاق : - قصص حقيقية - قصص رعب - قصص جرائم - قصص غريبة - قصص بوليسية - قصص مؤثرة - قصص ملهمة - قصص واقعية كانحط قصة يوم الإثنين والخميس. ماتنساش تشتارك فالقناة وتفعل الجرس باش يوصلوك فيديوهات وقصص جداد. مرحبا بيك في عالم القصص المثيرة ❤️ تابعوني ايضا على مواقع التواصل الاجتماعي إذا كنت من محبي القصص القصيرة عبر: الانستغرام : soukystories الفايسبوك : soukystories التيكتوك : soukystories الى كنتي من محبي القصص المسموعة تقدر تلقاني ف: سبوتيفاي: soukystories أنغامي: soukystories غوغل بودكاست: soukystories #explore #قصص_بالدرجة #قصص_بالدارجة #قصص_بالدارجة_المغربية #قصص_واقعية #قصص_غريبة #قصص_حقیقية #9isas_wa9i3iya #souky_stories #soukystories Darkest Child by Kevin MacLeod is licensed under a Creative Commons Attribution 4.0 license. https://creativecommons.org/licenses/by/4.0/ Source: http://incompetech.com/music/royalty-free/index.html?isrc=USUAN1100783 Artist: http://incompetech.com/","soukystories,souki stories,manar stories,lassakri,العسكري,safaa,الخراز,zineb story,قصص حقيقية,Chaimae Belkhir,Nisrine - نسرين,سوكمان sockman,NADIAS,حكايات رضا,قضايا,meryem story,@kharrazabdelkader,rajaa stories,senpai,خراز,lasakri,laskari,laaskari,3askari,lasskari,لعساكري,العساكري,لعسكاري,العسكاري,لعسكري,kwili,lemo,Kharraz,ليمو,كويلي,alkharraz,l3askri,laasikri,lassakri fz,laskri fatima,NADIA STORIES,قصص مظلمة | dark stories,قصص من التاريخ,سوكي ستوريز,soukaynasaadi",24,Entertainment,,PT28M11S,1691,2d,hd,false,ar,ar,,1,,,,,148053,9448,,0,709
33,UC9JNENLelbGff__RYGLP1jA,"Souky Stories",D6IRvfTU540,2026-01-29T20:24:13Z,"2026-01-29 20:24:13","رسالة غريبة فضحات وحش كان عايش بيناتهم ‼️ (*للكبار فقط*) ⚠️","الفيديو الخامس على قناتي الجديدة: https://youtu.be/FXhU08iJ0zc قناتي الجديدة على اليوتيوب: @SoukaynaSaadi صفحتي على الأنستغرام: https://www.instagram.com/soukaynasaadi1 مرحبا بكم في القناة، الاسم ديالي سكينة و اليوم غادي نكتاشفو خبايا هاد القصة هاد القناة دارت ليك إلى كنتي من عشاق : - قصص حقيقية - قصص رعب - قصص جرائم - قصص غريبة - قصص بوليسية - قصص مؤثرة - قصص ملهمة - قصص واقعية كانحط قصة يوم الإثنين والخميس. ماتنساش تشتارك فالقناة وتفعل الجرس باش يوصلوك فيديوهات وقصص جداد. مرحبا بيك في عالم القصص المثيرة ❤️ تابعوني ايضا على مواقع التواصل الاجتماعي إذا كنت من محبي القصص القصيرة عبر: الانستغرام : soukystories الفايسبوك : soukystories التيكتوك : soukystories الى كنتي من محبي القصص المسموعة تقدر تلقاني ف: سبوتيفاي: soukystories أنغامي: soukystories غوغل بودكاست: soukystories #explore #قصص_بالدرجة #قصص_بالدارجة #قصص_بالدارجة_المغربية #قصص_واقعية #قصص_غريبة #قصص_حقیقية #9isas_wa9i3iya #souky_stories #soukystories Darkest Child by Kevin MacLeod is licensed under a Creative Commons Attribution 4.0 license. https://creativecommons.org/licenses/by/4.0/ Source: http://incompetech.com/music/royalty-free/index.html?isrc=USUAN1100783 Artist: http://incompetech.com/","soukystories,souki stories,manar stories,lassakri,العسكري,safaa,الخراز,zineb story,قصص حقيقية,Chaimae Belkhir,Nisrine - نسرين,سوكمان sockman,NADIAS,حكايات رضا,قضايا,meryem story,@kharrazabdelkader,rajaa stories,senpai,خراز,lasakri,laskari,laaskari,3askari,lasskari,لعساكري,العساكري,لعسكاري,العسكاري,لعسكري,kwili,lemo,Kharraz,ليمو,كويلي,alkharraz,l3askri,laasikri,lassakri fz,laskri fatima,NADIA STORIES,قصص مظلمة | dark stories,قصص من التاريخ,سوكي ستوريز,soukaynasaadi",24,Entertainment,,PT26M28S,1588,2d,hd,false,ar,ar,,1,,,,,134344,7571,,0,510
34,UC9JNENLelbGff__RYGLP1jA,"Souky Stories",YDvha6Ep_CM,2026-01-26T20:34:22Z,"2026-01-26 20:34:22","كان عايش بيخير حتى دخلات لفعة لحياتو ‼️","الفيديو الخامس على قناتي الجديدة: https://youtu.be/FXhU08iJ0zc قناتي الجديدة على اليوتيوب: @SoukaynaSaadi صفحتي على الأنستغرام: https://www.instagram.com/soukaynasaadi1 مرحبا بكم في القناة، الاسم ديالي سكينة و اليوم غادي نكتاشفو خبايا هاد القصة هاد القناة دارت ليك إلى كنتي من عشاق : - قصص حقيقية - قصص رعب - قصص جرائم - قصص غريبة - قصص بوليسية - قصص مؤثرة - قصص ملهمة - قصص واقعية كانحط قصة يوم الإثنين والخميس. ماتنساش تشتارك فالقناة وتفعل الجرس باش يوصلوك فيديوهات وقصص جداد. مرحبا بيك في عالم القصص المثيرة ❤️ تابعوني ايضا على مواقع التواصل الاجتماعي إذا كنت من محبي القصص القصيرة عبر: الانستغرام : soukystories الفايسبوك : soukystories التيكتوك : soukystories الى كنتي من محبي القصص المسموعة تقدر تلقاني ف: سبوتيفاي: soukystories أنغامي: soukystories غوغل بودكاست: soukystories #explore #قصص_بالدرجة #قصص_بالدارجة #قصص_بالدارجة_المغربية #قصص_واقعية #قصص_غريبة #قصص_حقیقية #9isas_wa9i3iya #souky_stories #soukystories Darkest Child by Kevin MacLeod is licensed under a Creative Commons Attribution 4.0 license. https://creativecommons.org/licenses/by/4.0/ Source: http://incompetech.com/music/royalty-free/index.html?isrc=USUAN1100783 Artist: http://incompetech.com/","soukystories,souki stories,manar stories,lassakri,العسكري,safaa,الخراز,zineb story,قصص حقيقية,Chaimae Belkhir,Nisrine - نسرين,سوكمان sockman,NADIAS,حكايات رضا,قضايا,meryem story,@kharrazabdelkader,rajaa stories,senpai,خراز,lasakri,laskari,laaskari,3askari,lasskari,لعساكري,العساكري,لعسكاري,العسكاري,لعسكري,kwili,lemo,Kharraz,ليمو,كويلي,alkharraz,l3askri,laasikri,lassakri fz,laskri fatima,NADIA STORIES,قصص مظلمة | dark stories,قصص من التاريخ,سوكي ستوريز,soukaynasaadi",24,Entertainment,,PT24M10S,1450,2d,hd,false,ar,ar,https://i.ytimg.com/vi/YDvha6Ep_CM/maxresdefault.jpg,1,,,,,140829,7287,,0,424
35,UC9JNENLelbGff__RYGLP1jA,"Souky Stories",84Mit_RH5rw,2026-01-23T20:49:56Z,"2026-01-23 20:49:56","بالنهار إنسان عادي وبالليل كايتحول لوحش مرعب‼️ (*للكبار فقط*) ⚠️","الفيديو الخامس على قناتي الجديدة: https://youtu.be/FXhU08iJ0zc قناتي الجديدة على اليوتيوب: @SoukaynaSaadi صفحتي على الأنستغرام: https://www.instagram.com/soukaynasaadi1 مرحبا بكم في القناة، الاسم ديالي سكينة و اليوم غادي نكتاشفو خبايا هاد القصة هاد القناة دارت ليك إلى كنتي من عشاق : - قصص حقيقية - قصص رعب - قصص جرائم - قصص غريبة - قصص بوليسية - قصص مؤثرة - قصص ملهمة - قصص واقعية كانحط قصة يوم الإثنين والخميس. ماتنساش تشتارك فالقناة وتفعل الجرس باش يوصلوك فيديوهات وقصص جداد. مرحبا بيك في عالم القصص المثيرة ❤️ تابعوني ايضا على مواقع التواصل الاجتماعي إذا كنت من محبي القصص القصيرة عبر: الانستغرام : soukystories الفايسبوك : soukystories التيكتوك : soukystories الى كنتي من محبي القصص المسموعة تقدر تلقاني ف: سبوتيفاي: soukystories أنغامي: soukystories غوغل بودكاست: soukystories #explore #قصص_بالدرجة #قصص_بالدارجة #قصص_بالدارجة_المغربية #قصص_واقعية #قصص_غريبة #قصص_حقیقية #9isas_wa9i3iya #souky_stories #soukystories Darkest Child by Kevin MacLeod is licensed under a Creative Commons Attribution 4.0 license. https://creativecommons.org/licenses/by/4.0/ Source: http://incompetech.com/music/royalty-free/index.html?isrc=USUAN1100783 Artist: http://incompetech.com/","soukystories,souki stories,manar stories,lassakri,العسكري,safaa,الخراز,zineb story,قصص حقيقية,Chaimae Belkhir,Nisrine - نسرين,سوكمان sockman,NADIAS,حكايات رضا,قضايا,meryem story,@kharrazabdelkader,rajaa stories,senpai,خراز,lasakri,laskari,laaskari,3askari,lasskari,لعساكري,العساكري,لعسكاري,العسكاري,لعسكري,kwili,lemo,Kharraz,ليمو,كويلي,alkharraz,l3askri,laasikri,lassakri fz,laskri fatima,NADIA STORIES,قصص مظلمة | dark stories,قصص من التاريخ,سوكي ستوريز,soukaynasaadi",24,Entertainment,,PT33M15S,1995,2d,hd,false,ar,ar,https://i.ytimg.com/vi/84Mit_RH5rw/maxresdefault.jpg,1,,,,,148161,7955,,0,549
36,UC9JNENLelbGff__RYGLP1jA,"Souky Stories",G-8HwdVtbGo,2026-01-19T21:17:10Z,"2026-01-19 21:17:10","هوس سري قاد إلى جريمة لم يتوقعها أحد ‼️ (*للكبار فقط*)⚠️","الفيديو الخامس على قناتي الجديدة: https://youtu.be/FXhU08iJ0zc قناتي الجديدة على اليوتيوب: @SoukaynaSaadi صفحتي على الأنستغرام: https://www.instagram.com/soukaynasaadi1 مرحبا بكم في القناة، الاسم ديالي سكينة و اليوم غادي نكتاشفو خبايا هاد القصة هاد القناة دارت ليك إلى كنتي من عشاق : - قصص حقيقية - قصص رعب - قصص جرائم - قصص غريبة - قصص بوليسية - قصص مؤثرة - قصص ملهمة - قصص واقعية كانحط قصة يوم الإثنين والخميس. ماتنساش تشتارك فالقناة وتفعل الجرس باش يوصلوك فيديوهات وقصص جداد. مرحبا بيك في عالم القصص المثيرة ❤️ تابعوني ايضا على مواقع التواصل الاجتماعي إذا كنت من محبي القصص القصيرة عبر: الانستغرام : soukystories الفايسبوك : soukystories التيكتوك : soukystories الى كنتي من محبي القصص المسموعة تقدر تلقاني ف: سبوتيفاي: soukystories أنغامي: soukystories غوغل بودكاست: soukystories #explore #قصص_بالدرجة #قصص_بالدارجة #قصص_بالدارجة_المغربية #قصص_واقعية #قصص_غريبة #قصص_حقیقية #9isas_wa9i3iya #souky_stories #soukystories Darkest Child by Kevin MacLeod is licensed under a Creative Commons Attribution 4.0 license. https://creativecommons.org/licenses/by/4.0/ Source: http://incompetech.com/music/royalty-free/index.html?isrc=USUAN1100783 Artist: http://incompetech.com/","soukystories,souki stories,manar stories,lassakri,العسكري,safaa,الخراز,zineb story,قصص حقيقية,Chaimae Belkhir,Nisrine - نسرين,سوكمان sockman,NADIAS,حكايات رضا,قضايا,meryem story,@kharrazabdelkader,rajaa stories,senpai,خراز,lasakri,laskari,laaskari,3askari,lasskari,لعساكري,العساكري,لعسكاري,العسكاري,لعسكري,kwili,lemo,Kharraz,ليمو,كويلي,alkharraz,l3askri,laasikri,lassakri fz,laskri fatima,NADIA STORIES,قصص مظلمة | dark stories,قصص من التاريخ,سوكي ستوريز,soukaynasaadi",24,Entertainment,,PT28M42S,1722,2d,hd,false,ar,ar,https://i.ytimg.com/vi/G-8HwdVtbGo/maxresdefault.jpg,1,,,,,139539,7574,,0,488
37,UC9JNENLelbGff__RYGLP1jA,"Souky Stories",i5O3x6UMZmU,2026-01-15T21:09:17Z,"2026-01-15 21:09:17","وريث عائلة غنية كان مخبي سر خطير فالقصر ديالو ‼️ (*للكبار فقط*)⚠️","الفيديو الخامس على قناتي الجديدة: https://youtu.be/FXhU08iJ0zc قناتي الجديدة على اليوتيوب: @SoukaynaSaadi صفحتي على الأنستغرام: https://www.instagram.com/soukaynasaadi1 مرحبا بكم في القناة، الاسم ديالي سكينة و اليوم غادي نكتاشفو خبايا هاد القصة هاد القناة دارت ليك إلى كنتي من عشاق : - قصص حقيقية - قصص رعب - قصص جرائم - قصص غريبة - قصص بوليسية - قصص مؤثرة - قصص ملهمة - قصص واقعية كانحط قصة يوم الإثنين والخميس. ماتنساش تشتارك فالقناة وتفعل الجرس باش يوصلوك فيديوهات وقصص جداد. مرحبا بيك في عالم القصص المثيرة ❤️ تابعوني ايضا على مواقع التواصل الاجتماعي إذا كنت من محبي القصص القصيرة عبر: الانستغرام : soukystories الفايسبوك : soukystories التيكتوك : soukystories الى كنتي من محبي القصص المسموعة تقدر تلقاني ف: سبوتيفاي: soukystories أنغامي: soukystories غوغل بودكاست: soukystories #explore #قصص_بالدرجة #قصص_بالدارجة #قصص_بالدارجة_المغربية #قصص_واقعية #قصص_غريبة #قصص_حقیقية #9isas_wa9i3iya #souky_stories #soukystories Darkest Child by Kevin MacLeod is licensed under a Creative Commons Attribution 4.0 license. https://creativecommons.org/licenses/by/4.0/ Source: http://incompetech.com/music/royalty-free/index.html?isrc=USUAN1100783 Artist: http://incompetech.com/","soukystories,souki stories,manar stories,lassakri,العسكري,safaa,الخراز,zineb story,قصص حقيقية,Chaimae Belkhir,Nisrine - نسرين,سوكمان sockman,NADIAS,حكايات رضا,قضايا,meryem story,@kharrazabdelkader,rajaa stories,senpai,خراز,lasakri,laskari,laaskari,3askari,lasskari,لعساكري,العساكري,لعسكاري,العسكاري,لعسكري,kwili,lemo,Kharraz,ليمو,كويلي,alkharraz,l3askri,laasikri,lassakri fz,laskri fatima,NADIA STORIES,قصص مظلمة | dark stories,قصص من التاريخ,سوكي ستوريز,soukaynasaadi",24,Entertainment,,PT29M51S,1791,2d,hd,false,ar,ar,https://i.ytimg.com/vi/i5O3x6UMZmU/maxresdefault.jpg,1,,,,,144793,7898,,0,566
38,UC9JNENLelbGff__RYGLP1jA,"Souky Stories",ZFijsnCNZ0A,2026-01-12T20:34:14Z,"2026-01-12 20:34:14","مطيشة ونظارات كانو سبب فالقبض على وحش عايش بيناتهم ‼️(*للكبار فقط*)⚠️","الفيديو الخامس على قناتي الجديدة: https://youtu.be/FXhU08iJ0zc قناتي الجديدة على اليوتيوب: @SoukaynaSaadi صفحتي على الأنستغرام: https://www.instagram.com/soukaynasaadi1 مرحبا بكم في القناة، الاسم ديالي سكينة و اليوم غادي نكتاشفو خبايا هاد القصة هاد القناة دارت ليك إلى كنتي من عشاق : - قصص حقيقية - قصص رعب - قصص جرائم - قصص غريبة - قصص بوليسية - قصص مؤثرة - قصص ملهمة - قصص واقعية كانحط قصة يوم الإثنين والخميس. ماتنساش تشتارك فالقناة وتفعل الجرس باش يوصلوك فيديوهات وقصص جداد. مرحبا بيك في عالم القصص المثيرة ❤️ تابعوني ايضا على مواقع التواصل الاجتماعي إذا كنت من محبي القصص القصيرة عبر: الانستغرام : soukystories الفايسبوك : soukystories التيكتوك : soukystories الى كنتي من محبي القصص المسموعة تقدر تلقاني ف: سبوتيفاي: soukystories أنغامي: soukystories غوغل بودكاست: soukystories #explore #قصص_بالدرجة #قصص_بالدارجة #قصص_بالدارجة_المغربية #قصص_واقعية #قصص_غريبة #قصص_حقیقية #9isas_wa9i3iya #souky_stories #soukystories Darkest Child by Kevin MacLeod is licensed under a Creative Commons Attribution 4.0 license. https://creativecommons.org/licenses/by/4.0/ Source: http://incompetech.com/music/royalty-free/index.html?isrc=USUAN1100783 Artist: http://incompetech.com/","soukystories,souki stories,manar stories,lassakri,العسكري,safaa,الخراز,zineb story,قصص حقيقية,Chaimae Belkhir,Nisrine - نسرين,سوكمان sockman,NADIAS,حكايات رضا,قضايا,meryem story,@kharrazabdelkader,rajaa stories,senpai,خراز,lasakri,laskari,laaskari,3askari,lasskari,لعساكري,العساكري,لعسكاري,العسكاري,لعسكري,kwili,lemo,Kharraz,ليمو,كويلي,alkharraz,l3askri,laasikri,lassakri fz,laskri fatima,NADIA STORIES,قصص مظلمة | dark stories,قصص من التاريخ,سوكي ستوريز,soukaynasaadi",24,Entertainment,,PT23M36S,1416,2d,hd,false,ar,ar,https://i.ytimg.com/vi/ZFijsnCNZ0A/maxresdefault.jpg,1,,,,,140916,8025,,0,428
39,UC9JNENLelbGff__RYGLP1jA,"Souky Stories",yG4xrIvuYHE,2026-01-08T20:36:57Z,"2026-01-08 20:36:57","منزل هادئ يتحول إلى كابوس مرعب والسبب صادم ‼️ (*للكبار فقط*)⚠️","الفيديو الخامس على قناتي الجديدة: https://youtu.be/FXhU08iJ0zc قناتي الجديدة على اليوتيوب: @SoukaynaSaadi صفحتي على الأنستغرام: https://www.instagram.com/soukaynasaadi1 مرحبا بكم في القناة، الاسم ديالي سكينة و اليوم غادي نكتاشفو خبايا هاد القصة هاد القناة دارت ليك إلى كنتي من عشاق : - قصص حقيقية - قصص رعب - قصص جرائم - قصص غريبة - قصص بوليسية - قصص مؤثرة - قصص ملهمة - قصص واقعية كانحط قصة يوم الإثنين والخميس. ماتنساش تشتارك فالقناة وتفعل الجرس باش يوصلوك فيديوهات وقصص جداد. مرحبا بيك في عالم القصص المثيرة ❤️ تابعوني ايضا على مواقع التواصل الاجتماعي إذا كنت من محبي القصص القصيرة عبر: الانستغرام : soukystories الفايسبوك : soukystories التيكتوك : soukystories الى كنتي من محبي القصص المسموعة تقدر تلقاني ف: سبوتيفاي: soukystories أنغامي: soukystories غوغل بودكاست: soukystories #explore #قصص_بالدرجة #قصص_بالدارجة #قصص_بالدارجة_المغربية #قصص_واقعية #قصص_غريبة #قصص_حقیقية #9isas_wa9i3iya #souky_stories #soukystories Darkest Child by Kevin MacLeod is licensed under a Creative Commons Attribution 4.0 license. https://creativecommons.org/licenses/by/4.0/ Source: http://incompetech.com/music/royalty-free/index.html?isrc=USUAN1100783 Artist: http://incompetech.com/","soukystories,souki stories,manar stories,lassakri,العسكري,safaa,الخراز,zineb story,قصص حقيقية,Chaimae Belkhir,Nisrine - نسرين,سوكمان sockman,NADIAS,حكايات رضا,قضايا,meryem story,@kharrazabdelkader,rajaa stories,senpai,خراز,lasakri,laskari,laaskari,3askari,lasskari,لعساكري,العساكري,لعسكاري,العسكاري,لعسكري,kwili,lemo,Kharraz,ليمو,كويلي,alkharraz,l3askri,laasikri,lassakri fz,laskri fatima,NADIA STORIES,قصص مظلمة | dark stories,قصص من التاريخ,سوكي ستوريز,soukaynasaadi",24,Entertainment,,PT25M39S,1539,2d,hd,false,ar,ar,https://i.ytimg.com/vi/yG4xrIvuYHE/maxresdefault.jpg,1,,,,,136502,7776,,0,568
40,UC9JNENLelbGff__RYGLP1jA,"Souky Stories",mldjXRusY4Y,2026-01-06T20:23:19Z,"2026-01-06 20:23:19","ما ظنه الجميع سرقة… كان شيئاً أكثر رعباً ‼️ (*للكبار فقط*)⚠️","الفيديو الخامس على قناتي الجديدة: https://youtu.be/FXhU08iJ0zc قناتي الجديدة على اليوتيوب: @SoukaynaSaadi صفحتي على الأنستغرام: https://www.instagram.com/soukaynasaadi1 مرحبا بكم في القناة، الاسم ديالي سكينة و اليوم غادي نكتاشفو خبايا هاد القصة هاد القناة دارت ليك إلى كنتي من عشاق : - قصص حقيقية - قصص رعب - قصص جرائم - قصص غريبة - قصص بوليسية - قصص مؤثرة - قصص ملهمة - قصص واقعية كانحط قصة يوم الإثنين والخميس. ماتنساش تشتارك فالقناة وتفعل الجرس باش يوصلوك فيديوهات وقصص جداد. مرحبا بيك في عالم القصص المثيرة ❤️ تابعوني ايضا على مواقع التواصل الاجتماعي إذا كنت من محبي القصص القصيرة عبر: الانستغرام : soukystories الفايسبوك : soukystories التيكتوك : soukystories الى كنتي من محبي القصص المسموعة تقدر تلقاني ف: سبوتيفاي: soukystories أنغامي: soukystories غوغل بودكاست: soukystories #explore #قصص_بالدرجة #قصص_بالدارجة #قصص_بالدارجة_المغربية #قصص_واقعية #قصص_غريبة #قصص_حقیقية #9isas_wa9i3iya #souky_stories #soukystories Darkest Child by Kevin MacLeod is licensed under a Creative Commons Attribution 4.0 license. https://creativecommons.org/licenses/by/4.0/ Source: http://incompetech.com/music/royalty-free/index.html?isrc=USUAN1100783 Artist: http://incompetech.com/","soukystories,souki stories,manar stories,lassakri,العسكري,safaa,الخراز,zineb story,قصص حقيقية,Chaimae Belkhir,Nisrine - نسرين,سوكمان sockman,NADIAS,حكايات رضا,قضايا,meryem story,@kharrazabdelkader,rajaa stories,senpai,خراز,lasakri,laskari,laaskari,3askari,lasskari,لعساكري,العساكري,لعسكاري,العسكاري,لعسكري,kwili,lemo,Kharraz,ليمو,كويلي,alkharraz,l3askri,laasikri,lassakri fz,laskri fatima,NADIA STORIES,قصص مظلمة | dark stories,قصص من التاريخ,سوكي ستوريز,soukaynasaadi",24,Entertainment,,PT31M54S,1914,2d,hd,false,ar,ar,,1,,,,,139397,7738,,0,535
41,UC9JNENLelbGff__RYGLP1jA,"Souky Stories",nlXp_9xMS28,2026-01-01T20:49:50Z,"2026-01-01 20:49:50","كان بريئاً … لكن ما عاشه حوّله إلى وحش ‼️ (*للكبار فقط*) ⚠️","الفيديو الخامس على قناتي الجديدة: https://youtu.be/FXhU08iJ0zc قناتي الجديدة على اليوتيوب: @SoukaynaSaadi صفحتي على الأنستغرام: https://www.instagram.com/soukaynasaadi1 مرحبا بكم في القناة، الاسم ديالي سكينة و اليوم غادي نكتاشفو خبايا هاد القصة هاد القناة دارت ليك إلى كنتي من عشاق : - قصص حقيقية - قصص رعب - قصص جرائم - قصص غريبة - قصص بوليسية - قصص مؤثرة - قصص ملهمة - قصص واقعية كانحط قصة يوم الإثنين والخميس. ماتنساش تشتارك فالقناة وتفعل الجرس باش يوصلوك فيديوهات وقصص جداد. مرحبا بيك في عالم القصص المثيرة ❤️ تابعوني ايضا على مواقع التواصل الاجتماعي إذا كنت من محبي القصص القصيرة عبر: الانستغرام : soukystories الفايسبوك : soukystories التيكتوك : soukystories الى كنتي من محبي القصص المسموعة تقدر تلقاني ف: سبوتيفاي: soukystories أنغامي: soukystories غوغل بودكاست: soukystories #explore #قصص_بالدرجة #قصص_بالدارجة #قصص_بالدارجة_المغربية #قصص_واقعية #قصص_غريبة #قصص_حقیقية #9isas_wa9i3iya #souky_stories #soukystories Darkest Child by Kevin MacLeod is licensed under a Creative Commons Attribution 4.0 license. https://creativecommons.org/licenses/by/4.0/ Source: http://incompetech.com/music/royalty-free/index.html?isrc=USUAN1100783 Artist: http://incompetech.com/","soukystories,souki stories,manar stories,lassakri,العسكري,safaa,الخراز,zineb story,قصص حقيقية,Chaimae Belkhir,Nisrine - نسرين,سوكمان sockman,NADIAS,حكايات رضا,قضايا,meryem story,@kharrazabdelkader,rajaa stories,senpai,خراز,lasakri,laskari,laaskari,3askari,lasskari,لعساكري,العساكري,لعسكاري,العسكاري,لعسكري,kwili,lemo,Kharraz,ليمو,كويلي,alkharraz,l3askri,laasikri,lassakri fz,laskri fatima,NADIA STORIES,قصص مظلمة | dark stories,قصص من التاريخ,سوكي ستوريز,soukaynasaadi",24,Entertainment,Society,PT35M13S,2113,2d,hd,false,ar,ar,,1,,,,,150810,7978,,0,548
42,UC9JNENLelbGff__RYGLP1jA,"Souky Stories",cpr1pc9U5UM,2025-12-30T20:09:24Z,"2025-12-30 20:09:24","سر مظلم والحقيقة أخطر مما تتخيل ‼️ (*للكبار فقط*)⚠️","الفيديو الخامس على قناتي الجديدة: https://youtu.be/FXhU08iJ0zc قناتي الجديدة على اليوتيوب: @SoukaynaSaadi صفحتي على الأنستغرام: https://www.instagram.com/soukaynasaadi1 مرحبا بكم في القناة، الاسم ديالي سكينة و اليوم غادي نكتاشفو خبايا هاد القصة هاد القناة دارت ليك إلى كنتي من عشاق : - قصص حقيقية - قصص رعب - قصص جرائم - قصص غريبة - قصص بوليسية - قصص مؤثرة - قصص ملهمة - قصص واقعية كانحط قصة يوم الإثنين والخميس. ماتنساش تشتارك فالقناة وتفعل الجرس باش يوصلوك فيديوهات وقصص جداد. مرحبا بيك في عالم القصص المثيرة ❤️ تابعوني ايضا على مواقع التواصل الاجتماعي إذا كنت من محبي القصص القصيرة عبر: الانستغرام : soukystories الفايسبوك : soukystories التيكتوك : soukystories الى كنتي من محبي القصص المسموعة تقدر تلقاني ف: سبوتيفاي: soukystories أنغامي: soukystories غوغل بودكاست: soukystories #explore #قصص_بالدرجة #قصص_بالدارجة #قصص_بالدارجة_المغربية #قصص_واقعية #قصص_غريبة #قصص_حقیقية #9isas_wa9i3iya #souky_stories #soukystories Darkest Child by Kevin MacLeod is licensed under a Creative Commons Attribution 4.0 license. https://creativecommons.org/licenses/by/4.0/ Source: http://incompetech.com/music/royalty-free/index.html?isrc=USUAN1100783 Artist: http://incompetech.com/","soukystories,souki stories,manar stories,lassakri,العسكري,safaa,الخراز,zineb story,قصص حقيقية,Chaimae Belkhir,Nisrine - نسرين,سوكمان sockman,NADIAS,حكايات رضا,قضايا,meryem story,@kharrazabdelkader,rajaa stories,senpai,خراز,lasakri,laskari,laaskari,3askari,lasskari,لعساكري,العساكري,لعسكاري,العسكاري,لعسكري,kwili,lemo,Kharraz,ليمو,كويلي,alkharraz,l3askri,laasikri,lassakri fz,laskri fatima,NADIA STORIES,قصص مظلمة | dark stories,قصص من التاريخ,سوكي ستوريز,soukaynasaadi",24,Entertainment,,PT27M4S,1624,2d,hd,false,ar,ar,,1,,,,,126815,7811,,0,563
43,UC9JNENLelbGff__RYGLP1jA,"Souky Stories",9TLhwivImx4,2025-12-27T20:33:40Z,"2025-12-27 20:33:40","الكاهن كان مخبي سر كبير وفاش تفضح العالم تصدم ‼️(*للكبار فقط*)⚠️","الفيديو الرابع على قناتي الجديدة: https://youtu.be/VWM9Zrtwncs قناتي الجديدة على اليوتيوب: @SoukaynaSaadi صفحتي على الأنستغرام: https://www.instagram.com/soukaynasaadi1 مرحبا بكم في القناة، الاسم ديالي سكينة و اليوم غادي نكتاشفو خبايا هاد القصة هاد القناة دارت ليك إلى كنتي من عشاق : - قصص حقيقية - قصص رعب - قصص جرائم - قصص غريبة - قصص بوليسية - قصص مؤثرة - قصص ملهمة - قصص واقعية كانحط قصة يوم الإثنين والخميس. ماتنساش تشتارك فالقناة وتفعل الجرس باش يوصلوك فيديوهات وقصص جداد. مرحبا بيك في عالم القصص المثيرة ❤️ تابعوني ايضا على مواقع التواصل الاجتماعي إذا كنت من محبي القصص القصيرة عبر: الانستغرام : soukystories الفايسبوك : soukystories التيكتوك : soukystories الى كنتي من محبي القصص المسموعة تقدر تلقاني ف: سبوتيفاي: soukystories أنغامي: soukystories غوغل بودكاست: soukystories #explore #قصص_بالدرجة #قصص_بالدارجة #قصص_بالدارجة_المغربية #قصص_واقعية #قصص_غريبة #قصص_حقیقية #9isas_wa9i3iya #souky_stories #soukystories Darkest Child by Kevin MacLeod is licensed under a Creative Commons Attribution 4.0 license. https://creativecommons.org/licenses/by/4.0/ Source: http://incompetech.com/music/royalty-free/index.html?isrc=USUAN1100783 Artist: http://incompetech.com/","soukystories,souki stories,manar stories,lassakri,العسكري,safaa,الخراز,zineb story,قصص حقيقية,Chaimae Belkhir,Nisrine - نسرين,سوكمان sockman,NADIAS,حكايات رضا,قضايا,meryem story,@kharrazabdelkader,rajaa stories,senpai,خراز,lasakri,laskari,laaskari,3askari,lasskari,لعساكري,العساكري,لعسكاري,العسكاري,لعسكري,kwili,lemo,Kharraz,ليمو,كويلي,alkharraz,l3askri,laasikri,lassakri fz,laskri fatima,NADIA STORIES,قصص مظلمة | dark stories,قصص من التاريخ,سوكي ستوريز,soukaynasaadi",24,Entertainment,,PT28M31S,1711,2d,hd,false,ar,ar,https://i.ytimg.com/vi/9TLhwivImx4/maxresdefault.jpg,1,,,,,120373,7234,,0,480
44,UC9JNENLelbGff__RYGLP1jA,"Souky Stories",5oR7BprZifY,2025-12-25T20:10:32Z,"2025-12-25 20:10:32","ظنّوه هجومًا عشوائيًا… لكن الحقيقة كانت مرعبة ‼️","الفيديو الرابع على قناتي الجديدة: https://youtu.be/VWM9Zrtwncs قناتي الجديدة على اليوتيوب: @SoukaynaSaadi صفحتي على الأنستغرام: https://www.instagram.com/soukaynasaadi1 مرحبا بكم في القناة، الاسم ديالي سكينة و اليوم غادي نكتاشفو خبايا هاد القصة هاد القناة دارت ليك إلى كنتي من عشاق : - قصص حقيقية - قصص رعب - قصص جرائم - قصص غريبة - قصص بوليسية - قصص مؤثرة - قصص ملهمة - قصص واقعية كانحط قصة يوم الإثنين والخميس. ماتنساش تشتارك فالقناة وتفعل الجرس باش يوصلوك فيديوهات وقصص جداد. مرحبا بيك في عالم القصص المثيرة ❤️ تابعوني ايضا على مواقع التواصل الاجتماعي إذا كنت من محبي القصص القصيرة عبر: الانستغرام : soukystories الفايسبوك : soukystories التيكتوك : soukystories الى كنتي من محبي القصص المسموعة تقدر تلقاني ف: سبوتيفاي: soukystories أنغامي: soukystories غوغل بودكاست: soukystories #explore #قصص_بالدرجة #قصص_بالدارجة #قصص_بالدارجة_المغربية #قصص_واقعية #قصص_غريبة #قصص_حقیقية #9isas_wa9i3iya #souky_stories #soukystories Darkest Child by Kevin MacLeod is licensed under a Creative Commons Attribution 4.0 license. https://creativecommons.org/licenses/by/4.0/ Source: http://incompetech.com/music/royalty-free/index.html?isrc=USUAN1100783 Artist: http://incompetech.com/","soukystories,souki stories,manar stories,lassakri,العسكري,safaa,الخراز,zineb story,قصص حقيقية,Chaimae Belkhir,Nisrine - نسرين,سوكمان sockman,NADIAS,حكايات رضا,قضايا,meryem story,@kharrazabdelkader,rajaa stories,senpai,خراز,lasakri,laskari,laaskari,3askari,lasskari,لعساكري,العساكري,لعسكاري,العسكاري,لعسكري,kwili,lemo,Kharraz,ليمو,كويلي,alkharraz,l3askri,laasikri,lassakri fz,laskri fatima,NADIA STORIES,قصص مظلمة | dark stories,قصص من التاريخ,سوكي ستوريز,soukaynasaadi",24,Entertainment,,PT29M7S,1747,2d,hd,false,ar,ar,,1,,,,,123150,7617,,0,548
45,UC9JNENLelbGff__RYGLP1jA,"Souky Stories",YhsG3OY1XHs,2025-12-19T20:19:56Z,"2025-12-19 20:19:56","تسجيلات الكاميرا كشفت عن وحوش بشرية بينهم ‼️(*للكبار فقط*) ⚠️","الفيديو الرابع على قناتي الجديدة: https://youtu.be/VWM9Zrtwncs قناتي الجديدة على اليوتيوب: @SoukaynaSaadi صفحتي على الأنستغرام: https://www.instagram.com/soukaynasaadi1 مرحبا بكم في القناة، الاسم ديالي سكينة و اليوم غادي نكتاشفو خبايا هاد القصة هاد القناة دارت ليك إلى كنتي من عشاق : - قصص حقيقية - قصص رعب - قصص جرائم - قصص غريبة - قصص بوليسية - قصص مؤثرة - قصص ملهمة - قصص واقعية كانحط قصة يوم الإثنين والخميس. ماتنساش تشتارك فالقناة وتفعل الجرس باش يوصلوك فيديوهات وقصص جداد. مرحبا بيك في عالم القصص المثيرة ❤️ تابعوني ايضا على مواقع التواصل الاجتماعي إذا كنت من محبي القصص القصيرة عبر: الانستغرام : soukystories الفايسبوك : soukystories التيكتوك : soukystories الى كنتي من محبي القصص المسموعة تقدر تلقاني ف: سبوتيفاي: soukystories أنغامي: soukystories غوغل بودكاست: soukystories #explore #قصص_بالدرجة #قصص_بالدارجة #قصص_بالدارجة_المغربية #قصص_واقعية #قصص_غريبة #قصص_حقیقية #9isas_wa9i3iya #souky_stories #soukystories Darkest Child by Kevin MacLeod is licensed under a Creative Commons Attribution 4.0 license. https://creativecommons.org/licenses/by/4.0/ Source: http://incompetech.com/music/royalty-free/index.html?isrc=USUAN1100783 Artist: http://incompetech.com/","soukystories,souki stories,manar stories,lassakri,العسكري,safaa,الخراز,zineb story,قصص حقيقية,Chaimae Belkhir,Nisrine - نسرين,سوكمان sockman,NADIAS,حكايات رضا,قضايا,meryem story,@kharrazabdelkader,rajaa stories,senpai,خراز,lasakri,laskari,laaskari,3askari,lasskari,لعساكري,العساكري,لعسكاري,العسكاري,لعسكري,kwili,lemo,Kharraz,ليمو,كويلي,alkharraz,l3askri,laasikri,lassakri fz,laskri fatima,NADIA STORIES,قصص مظلمة | dark stories,قصص من التاريخ,سوكي ستوريز,soukaynasaadi",24,Entertainment,,PT27M13S,1633,2d,hd,false,ar,ar,https://i.ytimg.com/vi/YhsG3OY1XHs/maxresdefault.jpg,1,,,,,133527,7252,,0,478
46,UC9JNENLelbGff__RYGLP1jA,"Souky Stories",gK3GtnOWd4s,2025-12-16T21:56:25Z,"2025-12-16 21:56:25","بالشجاعة ديالها قدرات تعاون البوليس في القبض على وحش كان بينهم ‼️ (*للكبار فقط*)⚠️","الفيديو الرابع على قناتي الجديدة: https://youtu.be/VWM9Zrtwncs قناتي الجديدة على اليوتيوب: @SoukaynaSaadi صفحتي على الأنستغرام: https://www.instagram.com/soukaynasaadi1 مرحبا بكم في القناة، الاسم ديالي سكينة و اليوم غادي نكتاشفو خبايا هاد القصة هاد القناة دارت ليك إلى كنتي من عشاق : - قصص حقيقية - قصص رعب - قصص جرائم - قصص غريبة - قصص بوليسية - قصص مؤثرة - قصص ملهمة - قصص واقعية كانحط قصة يوم الإثنين والخميس. ماتنساش تشتارك فالقناة وتفعل الجرس باش يوصلوك فيديوهات وقصص جداد. مرحبا بيك في عالم القصص المثيرة ❤️ تابعوني ايضا على مواقع التواصل الاجتماعي إذا كنت من محبي القصص القصيرة عبر: الانستغرام : soukystories الفايسبوك : soukystories التيكتوك : soukystories الى كنتي من محبي القصص المسموعة تقدر تلقاني ف: سبوتيفاي: soukystories أنغامي: soukystories غوغل بودكاست: soukystories #explore #قصص_بالدرجة #قصص_بالدارجة #قصص_بالدارجة_المغربية #قصص_واقعية #قصص_غريبة #قصص_حقیقية #9isas_wa9i3iya #souky_stories #soukystories Darkest Child by Kevin MacLeod is licensed under a Creative Commons Attribution 4.0 license. https://creativecommons.org/licenses/by/4.0/ Source: http://incompetech.com/music/royalty-free/index.html?isrc=USUAN1100783 Artist: http://incompetech.com/","soukystories,souki stories,manar stories,lassakri,العسكري,safaa,الخراز,zineb story,قصص حقيقية,Chaimae Belkhir,Nisrine - نسرين,سوكمان sockman,NADIAS,حكايات رضا,قضايا,meryem story,@kharrazabdelkader,rajaa stories,senpai,خراز,lasakri,laskari,laaskari,3askari,lasskari,لعساكري,العساكري,لعسكاري,العسكاري,لعسكري,kwili,lemo,Kharraz,ليمو,كويلي,alkharraz,l3askri,laasikri,lassakri fz,laskri fatima,NADIA STORIES,قصص مظلمة | dark stories,قصص من التاريخ,سوكي ستوريز,soukaynasaadi",24,Entertainment,,PT35M44S,2144,2d,hd,false,ar,ar,https://i.ytimg.com/vi/gK3GtnOWd4s/maxresdefault.jpg,1,,,,,197658,12044,,0,616
47,UC9JNENLelbGff__RYGLP1jA,"Souky Stories",aOufslYyzZ4,2025-12-08T20:44:20Z,"2025-12-08 20:44:20","رسائل مجهولة دمرات ليه حياتو والسر من موراهم كان بشع وصادم ‼️ (*للكبار فقط*)⚠️","الفيديو الرابع على قناتي الجديدة: https://youtu.be/VWM9Zrtwncs قناتي الجديدة على اليوتيوب: @SoukaynaSaadi صفحتي على الأنستغرام: https://www.instagram.com/soukaynasaadi1 مرحبا بكم في القناة، الاسم ديالي سكينة و اليوم غادي نكتاشفو خبايا هاد القصة هاد القناة دارت ليك إلى كنتي من عشاق : - قصص حقيقية - قصص رعب - قصص جرائم - قصص غريبة - قصص بوليسية - قصص مؤثرة - قصص ملهمة - قصص واقعية كانحط قصة يوم الإثنين والخميس. ماتنساش تشتارك فالقناة وتفعل الجرس باش يوصلوك فيديوهات وقصص جداد. مرحبا بيك في عالم القصص المثيرة ❤️ تابعوني ايضا على مواقع التواصل الاجتماعي إذا كنت من محبي القصص القصيرة عبر: الانستغرام : soukystories الفايسبوك : soukystories التيكتوك : soukystories الى كنتي من محبي القصص المسموعة تقدر تلقاني ف: سبوتيفاي: soukystories أنغامي: soukystories غوغل بودكاست: soukystories #explore #قصص_بالدرجة #قصص_بالدارجة #قصص_بالدارجة_المغربية #قصص_واقعية #قصص_غريبة #قصص_حقیقية #9isas_wa9i3iya #souky_stories #soukystories Darkest Child by Kevin MacLeod is licensed under a Creative Commons Attribution 4.0 license. https://creativecommons.org/licenses/by/4.0/ Source: http://incompetech.com/music/royalty-free/index.html?isrc=USUAN1100783 Artist: http://incompetech.com/","soukystories,souki stories,manar stories,lassakri,العسكري,safaa,الخراز,zineb story,قصص حقيقية,Chaimae Belkhir,Nisrine - نسرين,سوكمان sockman,NADIAS,حكايات رضا,قضايا,meryem story,@kharrazabdelkader,rajaa stories,senpai,خراز,lasakri,laskari,laaskari,3askari,lasskari,لعساكري,العساكري,لعسكاري,العسكاري,لعسكري,kwili,lemo,Kharraz,ليمو,كويلي,alkharraz,l3askri,laasikri,lassakri fz,laskri fatima,NADIA STORIES,قصص مظلمة | dark stories,قصص من التاريخ,سوكي ستوريز,soukaynasaadi",24,Entertainment,,PT42M46S,2566,2d,hd,false,ar,ar,https://i.ytimg.com/vi/aOufslYyzZ4/maxresdefault.jpg,1,,,,,138117,7245,,0,693
48,UC9JNENLelbGff__RYGLP1jA,"Souky Stories",3158uGcHk0o,2025-12-04T20:06:33Z,"2025-12-04 20:06:33","الصدمة لي ماكانوش متوقعينها الناس ورجال الشرطة ‼️ (*للكبار فقط*)⚠️","الفيديو الرابع على قناتي الجديدة: https://youtu.be/VWM9Zrtwncs قناتي الجديدة على اليوتيوب: @SoukaynaSaadi صفحتي على الأنستغرام: https://www.instagram.com/soukaynasaadi1 مرحبا بكم في القناة، الاسم ديالي سكينة و اليوم غادي نكتاشفو خبايا هاد القصة هاد القناة دارت ليك إلى كنتي من عشاق : - قصص حقيقية - قصص رعب - قصص جرائم - قصص غريبة - قصص بوليسية - قصص مؤثرة - قصص ملهمة - قصص واقعية كانحط قصة يوم الإثنين والخميس. ماتنساش تشتارك فالقناة وتفعل الجرس باش يوصلوك فيديوهات وقصص جداد. مرحبا بيك في عالم القصص المثيرة ❤️ تابعوني ايضا على مواقع التواصل الاجتماعي إذا كنت من محبي القصص القصيرة عبر: الانستغرام : soukystories الفايسبوك : soukystories التيكتوك : soukystories الى كنتي من محبي القصص المسموعة تقدر تلقاني ف: سبوتيفاي: soukystories أنغامي: soukystories غوغل بودكاست: soukystories #explore #قصص_بالدرجة #قصص_بالدارجة #قصص_بالدارجة_المغربية #قصص_واقعية #قصص_غريبة #قصص_حقیقية #9isas_wa9i3iya #souky_stories #soukystories Darkest Child by Kevin MacLeod is licensed under a Creative Commons Attribution 4.0 license. https://creativecommons.org/licenses/by/4.0/ Source: http://incompetech.com/music/royalty-free/index.html?isrc=USUAN1100783 Artist: http://incompetech.com/","soukystories,souki stories,manar stories,lassakri,العسكري,safaa,الخراز,zineb story,قصص حقيقية,Chaimae Belkhir,Nisrine - نسرين,سوكمان sockman,NADIAS,حكايات رضا,قضايا,meryem story,@kharrazabdelkader,rajaa stories,senpai,خراز,lasakri,laskari,laaskari,3askari,lasskari,لعساكري,العساكري,لعسكاري,العسكاري,لعسكري,kwili,lemo,Kharraz,ليمو,كويلي,alkharraz,l3askri,laasikri,lassakri fz,laskri fatima,NADIA STORIES,قصص مظلمة | dark stories,قصص من التاريخ,سوكي ستوريز,soukaynasaadi",24,Entertainment,,PT29M12S,1752,2d,hd,false,ar,ar,https://i.ytimg.com/vi/3158uGcHk0o/maxresdefault.jpg,1,,,,,143693,8010,,0,483
49,UC9JNENLelbGff__RYGLP1jA,"Souky Stories",YYQ-Sg8uMEM,2025-12-01T20:03:02Z,"2025-12-01 20:03:02","كلب كان السبب في حل قضية بشعة ‼️(*للكبار فقط*)⚠️","الفيديو الرابع على قناتي الجديدة: https://youtu.be/VWM9Zrtwncs قناتي الجديدة على اليوتيوب: @SoukaynaSaadi صفحتي على الأنستغرام: https://www.instagram.com/soukaynasaadi1 مرحبا بكم في القناة، الاسم ديالي سكينة و اليوم غادي نكتاشفو خبايا هاد القصة هاد القناة دارت ليك إلى كنتي من عشاق : - قصص حقيقية - قصص رعب - قصص جرائم - قصص غريبة - قصص بوليسية - قصص مؤثرة - قصص ملهمة - قصص واقعية كانحط قصة يوم الإثنين والخميس. ماتنساش تشتارك فالقناة وتفعل الجرس باش يوصلوك فيديوهات وقصص جداد. مرحبا بيك في عالم القصص المثيرة ❤️ تابعوني ايضا على مواقع التواصل الاجتماعي إذا كنت من محبي القصص القصيرة عبر: الانستغرام : soukystories الفايسبوك : soukystories التيكتوك : soukystories الى كنتي من محبي القصص المسموعة تقدر تلقاني ف: سبوتيفاي: soukystories أنغامي: soukystories غوغل بودكاست: soukystories #explore #قصص_بالدرجة #قصص_بالدارجة #قصص_بالدارجة_المغربية #قصص_واقعية #قصص_غريبة #قصص_حقیقية #9isas_wa9i3iya #souky_stories #soukystories Darkest Child by Kevin MacLeod is licensed under a Creative Commons Attribution 4.0 license. https://creativecommons.org/licenses/by/4.0/ Source: http://incompetech.com/music/royalty-free/index.html?isrc=USUAN1100783 Artist: http://incompetech.com/","soukystories,souki stories,manar stories,lassakri,العسكري,safaa,الخراز,zineb story,قصص حقيقية,Chaimae Belkhir,Nisrine - نسرين,سوكمان sockman,NADIAS,حكايات رضا,قضايا,meryem story,@kharrazabdelkader,rajaa stories,senpai,خراز,lasakri,laskari,laaskari,3askari,lasskari,لعساكري,العساكري,لعسكاري,العسكاري,لعسكري,kwili,lemo,Kharraz,ليمو,كويلي,alkharraz,l3askri,laasikri,lassakri fz,laskri fatima,NADIA STORIES,قصص مظلمة | dark stories,قصص من التاريخ,سوكي ستوريز,soukaynasaadi",24,Entertainment,,PT25M58S,1558,2d,hd,false,ar,ar,https://i.ytimg.com/vi/YYQ-Sg8uMEM/maxresdefault.jpg,1,,,,,144671,8160,,0,491
50,UC9JNENLelbGff__RYGLP1jA,"Souky Stories",ujR8eEByVuc,2025-11-28T19:43:30Z,"2025-11-28 19:43:30","داكشي لي لقاو فالدار المهجورة كان رعب حقيقي ‼️ (*للكبار فقط*)⚠️","الفيديو الرابع على قناتي الجديدة: https://youtu.be/VWM9Zrtwncs قناتي الجديدة على اليوتيوب: @SoukaynaSaadi صفحتي على الأنستغرام: https://www.instagram.com/soukaynasaadi1 مرحبا بكم في القناة، الاسم ديالي سكينة و اليوم غادي نكتاشفو خبايا هاد القصة هاد القناة دارت ليك إلى كنتي من عشاق : - قصص حقيقية - قصص رعب - قصص جرائم - قصص غريبة - قصص بوليسية - قصص مؤثرة - قصص ملهمة - قصص واقعية كانحط قصة يوم الإثنين والخميس. ماتنساش تشتارك فالقناة وتفعل الجرس باش يوصلوك فيديوهات وقصص جداد. مرحبا بيك في عالم القصص المثيرة ❤️ تابعوني ايضا على مواقع التواصل الاجتماعي إذا كنت من محبي القصص القصيرة عبر: الانستغرام : soukystories الفايسبوك : soukystories التيكتوك : soukystories الى كنتي من محبي القصص المسموعة تقدر تلقاني ف: سبوتيفاي: soukystories أنغامي: soukystories غوغل بودكاست: soukystories #explore #قصص_بالدرجة #قصص_بالدارجة #قصص_بالدارجة_المغربية #قصص_واقعية #قصص_غريبة #قصص_حقیقية #9isas_wa9i3iya #souky_stories #soukystories Darkest Child by Kevin MacLeod is licensed under a Creative Commons Attribution 4.0 license. https://creativecommons.org/licenses/by/4.0/ Source: http://incompetech.com/music/royalty-free/index.html?isrc=USUAN1100783 Artist: http://incompetech.com/","soukystories,souki stories,manar stories,lassakri,العسكري,safaa,الخراز,zineb story,قصص حقيقية,Chaimae Belkhir,Nisrine - نسرين,سوكمان sockman,NADIAS,حكايات رضا,قضايا,meryem story,@kharrazabdelkader,rajaa stories,senpai,خراز,lasakri,laskari,laaskari,3askari,lasskari,لعساكري,العساكري,لعسكاري,العسكاري,لعسكري,kwili,lemo,Kharraz,ليمو,كويلي,alkharraz,l3askri,laasikri,lassakri fz,laskri fatima,NADIA STORIES,قصص مظلمة | dark stories,قصص من التاريخ,سوكي ستوريز,soukaynasaadi",24,Entertainment,,PT17M39S,1059,2d,hd,false,ar,ar,https://i.ytimg.com/vi/ujR8eEByVuc/maxresdefault.jpg,1,,,,,98552,6355,,0,411
51,UC9JNENLelbGff__RYGLP1jA,"Souky Stories",up1eg0H9oss,2025-11-24T20:25:54Z,"2025-11-24 20:25:54","نجاة ضحية كان السبب في القبض على وحش يُسمي نفسه صديقا‼️ (*للكبار فقط*)⚠️","الفيديو الرابع على قناتي الجديدة: https://youtu.be/VWM9Zrtwncs قناتي الجديدة على اليوتيوب: @SoukaynaSaadi صفحتي على الأنستغرام: https://www.instagram.com/soukaynasaadi1 مرحبا بكم في القناة، الاسم ديالي سكينة و اليوم غادي نكتاشفو خبايا هاد القصة هاد القناة دارت ليك إلى كنتي من عشاق : - قصص حقيقية - قصص رعب - قصص جرائم - قصص غريبة - قصص بوليسية - قصص مؤثرة - قصص ملهمة - قصص واقعية كانحط قصة يوم الإثنين والخميس. ماتنساش تشتارك فالقناة وتفعل الجرس باش يوصلوك فيديوهات وقصص جداد. مرحبا بيك في عالم القصص المثيرة ❤️ تابعوني ايضا على مواقع التواصل الاجتماعي إذا كنت من محبي القصص القصيرة عبر: الانستغرام : soukystories الفايسبوك : soukystories التيكتوك : soukystories الى كنتي من محبي القصص المسموعة تقدر تلقاني ف: سبوتيفاي: soukystories أنغامي: soukystories غوغل بودكاست: soukystories #explore #قصص_بالدرجة #قصص_بالدارجة #قصص_بالدارجة_المغربية #قصص_واقعية #قصص_غريبة #قصص_حقیقية #9isas_wa9i3iya #souky_stories #soukystories Darkest Child by Kevin MacLeod is licensed under a Creative Commons Attribution 4.0 license. https://creativecommons.org/licenses/by/4.0/ Source: http://incompetech.com/music/royalty-free/index.html?isrc=USUAN1100783 Artist: http://incompetech.com/","soukystories,souki stories,manar stories,lassakri,العسكري,safaa,الخراز,zineb story,قصص حقيقية,Chaimae Belkhir,Nisrine - نسرين,سوكمان sockman,NADIAS,حكايات رضا,قضايا,meryem story,@kharrazabdelkader,rajaa stories,senpai,خراز,lasakri,laskari,laaskari,3askari,lasskari,لعساكري,العساكري,لعسكاري,العسكاري,لعسكري,kwili,lemo,Kharraz,ليمو,كويلي,alkharraz,l3askri,laasikri,lassakri fz,laskri fatima,NADIA STORIES,قصص مظلمة | dark stories,قصص من التاريخ,سوكي ستوريز,soukaynasaadi",24,Entertainment,,PT29M27S,1767,2d,hd,false,ar,ar,https://i.ytimg.com/vi/up1eg0H9oss/maxresdefault.jpg,1,,,,,152382,8294,,0,592
52,UC9JNENLelbGff__RYGLP1jA,"Souky Stories",zA4G3Hx3HMM,2025-11-20T20:02:31Z,"2025-11-20 20:02:31","الهالوين الذي تحولت فيه الضحكات إلى صرخات… على يد من أحبّته ‼️(*للكبار فقط*)⚠️","الفيديو الرابع على قناتي الجديدة: https://youtu.be/VWM9Zrtwncs قناتي الجديدة على اليوتيوب: @SoukaynaSaadi صفحتي على الأنستغرام: https://www.instagram.com/soukaynasaadi1 مرحبا بكم في القناة، الاسم ديالي سكينة و اليوم غادي نكتاشفو خبايا هاد القصة هاد القناة دارت ليك إلى كنتي من عشاق : - قصص حقيقية - قصص رعب - قصص جرائم - قصص غريبة - قصص بوليسية - قصص مؤثرة - قصص ملهمة - قصص واقعية كانحط قصة يوم الإثنين والخميس. ماتنساش تشتارك فالقناة وتفعل الجرس باش يوصلوك فيديوهات وقصص جداد. مرحبا بيك في عالم القصص المثيرة ❤️ تابعوني ايضا على مواقع التواصل الاجتماعي إذا كنت من محبي القصص القصيرة عبر: الانستغرام : soukystories الفايسبوك : soukystories التيكتوك : soukystories الى كنتي من محبي القصص المسموعة تقدر تلقاني ف: سبوتيفاي: soukystories أنغامي: soukystories غوغل بودكاست: soukystories #explore #قصص_بالدرجة #قصص_بالدارجة #قصص_بالدارجة_المغربية #قصص_واقعية #قصص_غريبة #قصص_حقیقية #9isas_wa9i3iya #souky_stories #soukystories Darkest Child by Kevin MacLeod is licensed under a Creative Commons Attribution 4.0 license. https://creativecommons.org/licenses/by/4.0/ Source: http://incompetech.com/music/royalty-free/index.html?isrc=USUAN1100783 Artist: http://incompetech.com/","soukystories,souki stories,manar stories,lassakri,العسكري,safaa,الخراز,zineb story,قصص حقيقية,Chaimae Belkhir,Nisrine - نسرين,سوكمان sockman,NADIAS,حكايات رضا,قضايا,meryem story,@kharrazabdelkader,rajaa stories,senpai,خراز,lasakri,laskari,laaskari,3askari,lasskari,لعساكري,العساكري,لعسكاري,العسكاري,لعسكري,kwili,lemo,Kharraz,ليمو,كويلي,alkharraz,l3askri,laasikri,lassakri fz,laskri fatima,NADIA STORIES,قصص مظلمة | dark stories,قصص من التاريخ,سوكي ستوريز,soukaynasaadi",24,Entertainment,,PT27M53S,1673,2d,hd,false,ar,ar,,1,,,,,131242,7483,,0,605
53,UC9JNENLelbGff__RYGLP1jA,"Souky Stories",bSWBdCeHfPA,2025-11-17T20:30:04Z,"2025-11-17 20:30:04","أمام الناس إنسان عادي وفالخفاء وحش نشر الرعب فالمكسيك ‼️ (*للكبار فقط*)⚠️","الفيديو الرابع على قناتي الجديدة: https://youtu.be/VWM9Zrtwncs قناتي الجديدة على اليوتيوب: @SoukaynaSaadi صفحتي على الأنستغرام: https://www.instagram.com/soukaynasaadi1 مرحبا بكم في القناة، الاسم ديالي سكينة و اليوم غادي نكتاشفو خبايا هاد القصة هاد القناة دارت ليك إلى كنتي من عشاق : - قصص حقيقية - قصص رعب - قصص جرائم - قصص غريبة - قصص بوليسية - قصص مؤثرة - قصص ملهمة - قصص واقعية كانحط قصة يوم الإثنين والخميس. ماتنساش تشتارك فالقناة وتفعل الجرس باش يوصلوك فيديوهات وقصص جداد. مرحبا بيك في عالم القصص المثيرة ❤️ تابعوني ايضا على مواقع التواصل الاجتماعي إذا كنت من محبي القصص القصيرة عبر: الانستغرام : soukystories الفايسبوك : soukystories التيكتوك : soukystories الى كنتي من محبي القصص المسموعة تقدر تلقاني ف: سبوتيفاي: soukystories أنغامي: soukystories غوغل بودكاست: soukystories #explore #قصص_بالدرجة #قصص_بالدارجة #قصص_بالدارجة_المغربية #قصص_واقعية #قصص_غريبة #قصص_حقیقية #9isas_wa9i3iya #souky_stories #soukystories Darkest Child by Kevin MacLeod is licensed under a Creative Commons Attribution 4.0 license. https://creativecommons.org/licenses/by/4.0/ Source: http://incompetech.com/music/royalty-free/index.html?isrc=USUAN1100783 Artist: http://incompetech.com/","soukystories,souki stories,manar stories,lassakri,العسكري,safaa,الخراز,zineb story,قصص حقيقية,Chaimae Belkhir,Nisrine - نسرين,سوكمان sockman,NADIAS,حكايات رضا,قضايا,meryem story,@kharrazabdelkader,rajaa stories,senpai,خراز,lasakri,laskari,laaskari,3askari,lasskari,لعساكري,العساكري,لعسكاري,العسكاري,لعسكري,kwili,lemo,Kharraz,ليمو,كويلي,alkharraz,l3askri,laasikri,lassakri fz,laskri fatima,NADIA STORIES,قصص مظلمة | dark stories,قصص من التاريخ,سوكي ستوريز,soukaynasaadi",24,Entertainment,,PT37M39S,2259,2d,hd,false,ar,ar,https://i.ytimg.com/vi/bSWBdCeHfPA/maxresdefault.jpg,1,,,,,191336,8861,,0,648
54,UC9JNENLelbGff__RYGLP1jA,"Souky Stories",NLVH5cwdFk4,2025-11-12T20:30:06Z,"2025-11-12 20:30:06","بعد عامين من الفراق… تلاقاو، ولكن النهاية كانت دموية‼️(*للكبار فقط*)⚠️","الفيديو الرابع على قناتي الجديدة: https://youtu.be/VWM9Zrtwncs قناتي الجديدة على اليوتيوب: @SoukaynaSaadi صفحتي على الأنستغرام: https://www.instagram.com/soukaynasaadi1 مرحبا بكم في القناة، الاسم ديالي سكينة و اليوم غادي نكتاشفو خبايا هاد القصة هاد القناة دارت ليك إلى كنتي من عشاق : - قصص حقيقية - قصص رعب - قصص جرائم - قصص غريبة - قصص بوليسية - قصص مؤثرة - قصص ملهمة - قصص واقعية كانحط قصة يوم الإثنين والخميس. ماتنساش تشتارك فالقناة وتفعل الجرس باش يوصلوك فيديوهات وقصص جداد. مرحبا بيك في عالم القصص المثيرة ❤️ تابعوني ايضا على مواقع التواصل الاجتماعي إذا كنت من محبي القصص القصيرة عبر: الانستغرام : soukystories الفايسبوك : soukystories التيكتوك : soukystories الى كنتي من محبي القصص المسموعة تقدر تلقاني ف: سبوتيفاي: soukystories أنغامي: soukystories غوغل بودكاست: soukystories #explore #قصص_بالدرجة #قصص_بالدارجة #قصص_بالدارجة_المغربية #قصص_واقعية #قصص_غريبة #قصص_حقیقية #9isas_wa9i3iya #souky_stories #soukystories Darkest Child by Kevin MacLeod is licensed under a Creative Commons Attribution 4.0 license. https://creativecommons.org/licenses/by/4.0/ Source: http://incompetech.com/music/royalty-free/index.html?isrc=USUAN1100783 Artist: http://incompetech.com/","soukystories,souki stories,manar stories,lassakri,العسكري,safaa,الخراز,zineb story,قصص حقيقية,Chaimae Belkhir,Nisrine - نسرين,سوكمان sockman,NADIAS,حكايات رضا,قضايا,meryem story,@kharrazabdelkader,rajaa stories,senpai,خراز,lasakri,laskari,laaskari,3askari,lasskari,لعساكري,العساكري,لعسكاري,العسكاري,لعسكري,kwili,lemo,Kharraz,ليمو,كويلي,alkharraz,l3askri,laasikri,lassakri fz,laskri fatima,NADIA STORIES,قصص مظلمة | dark stories,قصص من التاريخ,سوكي ستوريز,soukaynasaadi",24,Entertainment,,PT29M1S,1741,2d,hd,false,ar,ar,https://i.ytimg.com/vi/NLVH5cwdFk4/maxresdefault.jpg,1,,,,,143660,7700,,0,448
55,UC9JNENLelbGff__RYGLP1jA,"Souky Stories",NicH8RPwT-4,2025-11-06T21:15:41Z,"2025-11-06 21:15:41","كاميرات المراقبة كشفت الصدمة… الجاني من أقرب الناس! (*للكبار فقط*) ⚠️","الفيديو الرابع على قناتي الجديدة: https://youtu.be/VWM9Zrtwncs قناتي الجديدة على اليوتيوب: @SoukaynaSaadi صفحتي على الأنستغرام: https://www.instagram.com/soukaynasaadi1 مرحبا بكم في القناة، الاسم ديالي سكينة و اليوم غادي نكتاشفو خبايا هاد القصة هاد القناة دارت ليك إلى كنتي من عشاق : - قصص حقيقية - قصص رعب - قصص جرائم - قصص غريبة - قصص بوليسية - قصص مؤثرة - قصص ملهمة - قصص واقعية كانحط قصة يوم الإثنين والخميس. ماتنساش تشتارك فالقناة وتفعل الجرس باش يوصلوك فيديوهات وقصص جداد. مرحبا بيك في عالم القصص المثيرة ❤️ تابعوني ايضا على مواقع التواصل الاجتماعي إذا كنت من محبي القصص القصيرة عبر: الانستغرام : soukystories الفايسبوك : soukystories التيكتوك : soukystories الى كنتي من محبي القصص المسموعة تقدر تلقاني ف: سبوتيفاي: soukystories أنغامي: soukystories غوغل بودكاست: soukystories #explore #قصص_بالدرجة #قصص_بالدارجة #قصص_بالدارجة_المغربية #قصص_واقعية #قصص_غريبة #قصص_حقیقية #9isas_wa9i3iya #souky_stories #soukystories Darkest Child by Kevin MacLeod is licensed under a Creative Commons Attribution 4.0 license. https://creativecommons.org/licenses/by/4.0/ Source: http://incompetech.com/music/royalty-free/index.html?isrc=USUAN1100783 Artist: http://incompetech.com/","soukystories,souki stories,manar stories,lassakri,العسكري,safaa,الخراز,zineb story,قصص حقيقية,Chaimae Belkhir,Nisrine - نسرين,سوكمان sockman,NADIAS,حكايات رضا,قضايا,meryem story,@kharrazabdelkader,rajaa stories,senpai,خراز,lasakri,laskari,laaskari,3askari,lasskari,لعساكري,العساكري,لعسكاري,العسكاري,لعسكري,kwili,lemo,Kharraz,ليمو,كويلي,alkharraz,l3askri,laasikri,lassakri fz,laskri fatima,NADIA STORIES,قصص مظلمة | dark stories,قصص من التاريخ,سوكي ستوريز,soukaynasaadi",24,Entertainment,,PT30M1S,1801,2d,hd,false,ar,ar,https://i.ytimg.com/vi/NicH8RPwT-4/maxresdefault.jpg,1,,,,,155455,9280,,0,491
56,UC9JNENLelbGff__RYGLP1jA,"Souky Stories",2QGYgmir6Tc,2025-11-04T19:30:01Z,"2025-11-04 19:30:01","الوحش لي نشر الرعب فروسيا وحتى واحد ماتوقع شكون هو ‼️(*للكبار فقط*) ⚠️","الفيديو الرابع على قناتي الجديدة: https://youtu.be/VWM9Zrtwncs قناتي الجديدة على اليوتيوب: @SoukaynaSaadi صفحتي على الأنستغرام: https://www.instagram.com/soukaynasaadi1 مرحبا بكم في القناة، الاسم ديالي سكينة و اليوم غادي نكتاشفو خبايا هاد القصة هاد القناة دارت ليك إلى كنتي من عشاق : - قصص حقيقية - قصص رعب - قصص جرائم - قصص غريبة - قصص بوليسية - قصص مؤثرة - قصص ملهمة - قصص واقعية كانحط قصة يوم الإثنين والخميس. ماتنساش تشتارك فالقناة وتفعل الجرس باش يوصلوك فيديوهات وقصص جداد. مرحبا بيك في عالم القصص المثيرة ❤️ تابعوني ايضا على مواقع التواصل الاجتماعي إذا كنت من محبي القصص القصيرة عبر: الانستغرام : soukystories الفايسبوك : soukystories التيكتوك : soukystories الى كنتي من محبي القصص المسموعة تقدر تلقاني ف: سبوتيفاي: soukystories أنغامي: soukystories غوغل بودكاست: soukystories #explore #قصص_بالدرجة #قصص_بالدارجة #قصص_بالدارجة_المغربية #قصص_واقعية #قصص_غريبة #قصص_حقیقية #9isas_wa9i3iya #souky_stories #soukystories Darkest Child by Kevin MacLeod is licensed under a Creative Commons Attribution 4.0 license. https://creativecommons.org/licenses/by/4.0/ Source: http://incompetech.com/music/royalty-free/index.html?isrc=USUAN1100783 Artist: http://incompetech.com/","soukystories,souki stories,manar stories,lassakri,العسكري,safaa,الخراز,zineb story,قصص حقيقية,Chaimae Belkhir,Nisrine - نسرين,سوكمان sockman,NADIAS,حكايات رضا,قضايا,meryem story,@kharrazabdelkader,rajaa stories,senpai,خراز,lasakri,laskari,laaskari,3askari,lasskari,لعساكري,العساكري,لعسكاري,العسكاري,لعسكري,kwili,lemo,Kharraz,ليمو,كويلي,alkharraz,l3askri,laasikri,lassakri fz,laskri fatima,NADIA STORIES,قصص مظلمة | dark stories,قصص من التاريخ,سوكي ستوريز,soukaynasaadi",24,Entertainment,,PT37M18S,2238,2d,hd,false,ar,ar,https://i.ytimg.com/vi/2QGYgmir6Tc/maxresdefault.jpg,1,,,,,180204,8904,,0,500
57,UC9JNENLelbGff__RYGLP1jA,"Souky Stories",Fg9S12ksx_E,2025-10-30T21:40:53Z,"2025-10-30 21:40:53","كانت مريضة ولكن حتى واحد ماتخيل النهاية البشعة ‼️ (*للكبار فقط*)⚠️","الفيديو الرابع على قناتي الجديدة: https://youtu.be/VWM9Zrtwncs قناتي الجديدة على اليوتيوب: @SoukaynaSaadi صفحتي على الأنستغرام: https://www.instagram.com/soukaynasaadi1 مرحبا بكم في القناة، الاسم ديالي سكينة و اليوم غادي نكتاشفو خبايا هاد القصة هاد القناة دارت ليك إلى كنتي من عشاق : - قصص حقيقية - قصص رعب - قصص جرائم - قصص غريبة - قصص بوليسية - قصص مؤثرة - قصص ملهمة - قصص واقعية كانحط قصة يوم الإثنين والخميس. ماتنساش تشتارك فالقناة وتفعل الجرس باش يوصلوك فيديوهات وقصص جداد. مرحبا بيك في عالم القصص المثيرة ❤️ تابعوني ايضا على مواقع التواصل الاجتماعي إذا كنت من محبي القصص القصيرة عبر: الانستغرام : soukystories الفايسبوك : soukystories التيكتوك : soukystories الى كنتي من محبي القصص المسموعة تقدر تلقاني ف: سبوتيفاي: soukystories أنغامي: soukystories غوغل بودكاست: soukystories #explore #قصص_بالدرجة #قصص_بالدارجة #قصص_بالدارجة_المغربية #قصص_واقعية #قصص_غريبة #قصص_حقیقية #9isas_wa9i3iya #souky_stories #soukystories Darkest Child by Kevin MacLeod is licensed under a Creative Commons Attribution 4.0 license. https://creativecommons.org/licenses/by/4.0/ Source: http://incompetech.com/music/royalty-free/index.html?isrc=USUAN1100783 Artist: http://incompetech.com/","soukystories,souki stories,manar stories,lassakri,العسكري,safaa,الخراز,zineb story,قصص حقيقية,Chaimae Belkhir,Nisrine - نسرين,سوكمان sockman,NADIAS,حكايات رضا,قضايا,meryem story,@kharrazabdelkader,rajaa stories,senpai,خراز,lasakri,laskari,laaskari,3askari,lasskari,لعساكري,العساكري,لعسكاري,العسكاري,لعسكري,kwili,lemo,Kharraz,ليمو,كويلي,alkharraz,l3askri,laasikri,lassakri fz,laskri fatima,NADIA STORIES,قصص مظلمة | dark stories,قصص من التاريخ,سوكي ستوريز,soukaynasaadi",24,Entertainment,,PT31M22S,1882,2d,hd,false,ar,ar,https://i.ytimg.com/vi/Fg9S12ksx_E/maxresdefault.jpg,1,,,,,141736,7532,,0,517
58,UC9JNENLelbGff__RYGLP1jA,"Souky Stories",MHeeKdoIeoY,2025-10-27T22:35:24Z,"2025-10-27 22:35:24","الغيرة حولات حياتو لكابوس والنهاية صادمة ‼️","الفيديو الرابع على قناتي الجديدة: https://youtu.be/VWM9Zrtwncs قناتي الجديدة على اليوتيوب: @SoukaynaSaadi صفحتي على الأنستغرام: https://www.instagram.com/soukaynasaadi1 مرحبا بكم في القناة، الاسم ديالي سكينة و اليوم غادي نكتاشفو خبايا هاد القصة هاد القناة دارت ليك إلى كنتي من عشاق : - قصص حقيقية - قصص رعب - قصص جرائم - قصص غريبة - قصص بوليسية - قصص مؤثرة - قصص ملهمة - قصص واقعية كانحط قصة يوم الإثنين والخميس. ماتنساش تشتارك فالقناة وتفعل الجرس باش يوصلوك فيديوهات وقصص جداد. مرحبا بيك في عالم القصص المثيرة ❤️ تابعوني ايضا على مواقع التواصل الاجتماعي إذا كنت من محبي القصص القصيرة عبر: الانستغرام : soukystories الفايسبوك : soukystories التيكتوك : soukystories الى كنتي من محبي القصص المسموعة تقدر تلقاني ف: سبوتيفاي: soukystories أنغامي: soukystories غوغل بودكاست: soukystories #explore #قصص_بالدرجة #قصص_بالدارجة #قصص_بالدارجة_المغربية #قصص_واقعية #قصص_غريبة #قصص_حقیقية #9isas_wa9i3iya #souky_stories #soukystories Darkest Child by Kevin MacLeod is licensed under a Creative Commons Attribution 4.0 license. https://creativecommons.org/licenses/by/4.0/ Source: http://incompetech.com/music/royalty-free/index.html?isrc=USUAN1100783 Artist: http://incompetech.com/","soukystories,souki stories,manar stories,lassakri,العسكري,safaa,الخراز,zineb story,قصص حقيقية,Chaimae Belkhir,Nisrine - نسرين,سوكمان sockman,NADIAS,حكايات رضا,قضايا,meryem story,@kharrazabdelkader,rajaa stories,senpai,خراز,lasakri,laskari,laaskari,3askari,lasskari,لعساكري,العساكري,لعسكاري,العسكاري,لعسكري,kwili,lemo,Kharraz,ليمو,كويلي,alkharraz,l3askri,laasikri,lassakri fz,laskri fatima,NADIA STORIES,قصص مظلمة | dark stories,قصص من التاريخ,سوكي ستوريز,soukaynasaadi",24,Entertainment,,PT26M16S,1576,2d,hd,false,ar,ar,https://i.ytimg.com/vi/MHeeKdoIeoY/maxresdefault.jpg,1,,,,,127872,7860,,0,619
59,UC9JNENLelbGff__RYGLP1jA,"Souky Stories",XDsV7GFbml4,2025-10-25T20:00:31Z,"2025-10-25 20:00:31","بيتهم كان جميلاً… قبل أن يتحوّل إلى لعنة ‼️ (*نهاية صادمة*)⚠️","الفيديو الرابع على قناتي الجديدة: https://youtu.be/VWM9Zrtwncs قناتي الجديدة على اليوتيوب: @SoukaynaSaadi صفحتي على الأنستغرام: https://www.instagram.com/soukaynasaadi1 مرحبا بكم في القناة، الاسم ديالي سكينة و اليوم غادي نكتاشفو خبايا هاد القصة هاد القناة دارت ليك إلى كنتي من عشاق : - قصص حقيقية - قصص رعب - قصص جرائم - قصص غريبة - قصص بوليسية - قصص مؤثرة - قصص ملهمة - قصص واقعية كانحط قصة يوم الإثنين والخميس. ماتنساش تشتارك فالقناة وتفعل الجرس باش يوصلوك فيديوهات وقصص جداد. مرحبا بيك في عالم القصص المثيرة ❤️ تابعوني ايضا على مواقع التواصل الاجتماعي إذا كنت من محبي القصص القصيرة عبر: الانستغرام : soukystories الفايسبوك : soukystories التيكتوك : soukystories الى كنتي من محبي القصص المسموعة تقدر تلقاني ف: سبوتيفاي: soukystories أنغامي: soukystories غوغل بودكاست: soukystories #explore #قصص_بالدرجة #قصص_بالدارجة #قصص_بالدارجة_المغربية #قصص_واقعية #قصص_غريبة #قصص_حقیقية #9isas_wa9i3iya #souky_stories #soukystories Darkest Child by Kevin MacLeod is licensed under a Creative Commons Attribution 4.0 license. https://creativecommons.org/licenses/by/4.0/ Source: http://incompetech.com/music/royalty-free/index.html?isrc=USUAN1100783 Artist: http://incompetech.com/","soukystories,souki stories,manar stories,lassakri,العسكري,safaa,الخراز,zineb story,قصص حقيقية,Chaimae Belkhir,Nisrine - نسرين,سوكمان sockman,NADIAS,حكايات رضا,قضايا,meryem story,@kharrazabdelkader,rajaa stories,senpai,خراز,lasakri,laskari,laaskari,3askari,lasskari,لعساكري,العساكري,لعسكاري,العسكاري,لعسكري,kwili,lemo,Kharraz,ليمو,كويلي,alkharraz,l3askri,laasikri,lassakri fz,laskri fatima,NADIA STORIES,قصص مظلمة | dark stories,قصص من التاريخ,سوكي ستوريز,soukaynasaadi",24,Entertainment,,PT29M3S,1743,2d,hd,false,ar,ar,https://i.ytimg.com/vi/XDsV7GFbml4/maxresdefault.jpg,1,,,,,157195,7964,,0,423
60,UC9JNENLelbGff__RYGLP1jA,"Souky Stories",Fs6ekLfKqdo,2025-10-21T20:00:12Z,"2025-10-21 20:00:12","بدأت كحفلة عيد ميلاد… وانتهت بكابوس صادم ‼️(*للكبار فقط*) ⚠️","الفيديو الرابع على قناتي الجديدة: https://youtu.be/VWM9Zrtwncs قناتي الجديدة على اليوتيوب: @SoukaynaSaadi صفحتي على الأنستغرام: https://www.instagram.com/soukaynasaadi1 مرحبا بكم في القناة، الاسم ديالي سكينة و اليوم غادي نكتاشفو خبايا هاد القصة هاد القناة دارت ليك إلى كنتي من عشاق : - قصص حقيقية - قصص رعب - قصص جرائم - قصص غريبة - قصص بوليسية - قصص مؤثرة - قصص ملهمة - قصص واقعية كانحط قصة يوم الإثنين والخميس. ماتنساش تشتارك فالقناة وتفعل الجرس باش يوصلوك فيديوهات وقصص جداد. مرحبا بيك في عالم القصص المثيرة ❤️ تابعوني ايضا على مواقع التواصل الاجتماعي إذا كنت من محبي القصص القصيرة عبر: الانستغرام : soukystories الفايسبوك : soukystories التيكتوك : soukystories الى كنتي من محبي القصص المسموعة تقدر تلقاني ف: سبوتيفاي: soukystories أنغامي: soukystories غوغل بودكاست: soukystories #explore #قصص_بالدرجة #قصص_بالدارجة #قصص_بالدارجة_المغربية #قصص_واقعية #قصص_غريبة #قصص_حقیقية #9isas_wa9i3iya #souky_stories #soukystories Darkest Child by Kevin MacLeod is licensed under a Creative Commons Attribution 4.0 license. https://creativecommons.org/licenses/by/4.0/ Source: http://incompetech.com/music/royalty-free/index.html?isrc=USUAN1100783 Artist: http://incompetech.com/","soukystories,souki stories,manar stories,lassakri,العسكري,safaa,الخراز,zineb story,قصص حقيقية,Chaimae Belkhir,Nisrine - نسرين,سوكمان sockman,NADIAS,حكايات رضا,قضايا,meryem story,@kharrazabdelkader,rajaa stories,senpai,خراز,lasakri,laskari,laaskari,3askari,lasskari,لعساكري,العساكري,لعسكاري,العسكاري,لعسكري,kwili,lemo,Kharraz,ليمو,كويلي,alkharraz,l3askri,laasikri,lassakri fz,laskri fatima,NADIA STORIES,قصص مظلمة | dark stories,قصص من التاريخ,سوكي ستوريز,soukaynasaadi",24,Entertainment,,PT30M13S,1813,2d,hd,false,ar,ar,https://i.ytimg.com/vi/Fs6ekLfKqdo/maxresdefault.jpg,1,,,,,145334,8067,,0,495
61,UC9JNENLelbGff__RYGLP1jA,"Souky Stories",HrtV-VaOZ84,2025-10-16T22:08:49Z,"2025-10-16 22:08:49","حتى واحد ماكان عارف السر البشع لي مخبية حتى فات الفوت ‼️","الفيديو الرابع على قناتي الجديدة: https://youtu.be/VWM9Zrtwncs قناتي الجديدة على اليوتيوب: @SoukaynaSaadi صفحتي على الأنستغرام: https://www.instagram.com/soukaynasaadi1 مرحبا بكم في القناة، الاسم ديالي سكينة و اليوم غادي نكتاشفو خبايا هاد القصة هاد القناة دارت ليك إلى كنتي من عشاق : - قصص حقيقية - قصص رعب - قصص جرائم - قصص غريبة - قصص بوليسية - قصص مؤثرة - قصص ملهمة - قصص واقعية كانحط قصة يوم الإثنين والخميس. ماتنساش تشتارك فالقناة وتفعل الجرس باش يوصلوك فيديوهات وقصص جداد. مرحبا بيك في عالم القصص المثيرة ❤️ تابعوني ايضا على مواقع التواصل الاجتماعي إذا كنت من محبي القصص القصيرة عبر: الانستغرام : soukystories الفايسبوك : soukystories التيكتوك : soukystories الى كنتي من محبي القصص المسموعة تقدر تلقاني ف: سبوتيفاي: soukystories أنغامي: soukystories غوغل بودكاست: soukystories #explore #قصص_بالدرجة #قصص_بالدارجة #قصص_بالدارجة_المغربية #قصص_واقعية #قصص_غريبة #قصص_حقیقية #9isas_wa9i3iya #souky_stories #soukystories Darkest Child by Kevin MacLeod is licensed under a Creative Commons Attribution 4.0 license. https://creativecommons.org/licenses/by/4.0/ Source: http://incompetech.com/music/royalty-free/index.html?isrc=USUAN1100783 Artist: http://incompetech.com/","soukystories,souki stories,manar stories,lassakri,العسكري,safaa,الخراز,zineb story,قصص حقيقية,Chaimae Belkhir,Nisrine - نسرين,سوكمان sockman,NADIAS,حكايات رضا,قضايا,meryem story,@kharrazabdelkader,rajaa stories,senpai,خراز,lasakri,laskari,laaskari,3askari,lasskari,لعساكري,العساكري,لعسكاري,العسكاري,لعسكري,kwili,lemo,Kharraz,ليمو,كويلي,alkharraz,l3askri,laasikri,lassakri fz,laskri fatima,NADIA STORIES,قصص مظلمة | dark stories,قصص من التاريخ,سوكي ستوريز,soukaynasaadi",24,Entertainment,,PT28M39S,1719,2d,hd,false,ar,ar,https://i.ytimg.com/vi/HrtV-VaOZ84/maxresdefault.jpg,1,,,,,196481,8973,,0,399
62,UC9JNENLelbGff__RYGLP1jA,"Souky Stories",SX0XfkG_FPk,2025-10-13T21:33:56Z,"2025-10-13 21:33:56","ظنَّ الجميع أنه حادث مأساوي لكن الحقيقة كانت أبشع ‼️","الفيديو الرابع على قناتي الجديدة: https://youtu.be/VWM9Zrtwncs قناتي الجديدة على اليوتيوب: @SoukaynaSaadi صفحتي على الأنستغرام: https://www.instagram.com/soukaynasaadi1 مرحبا بكم في القناة، الاسم ديالي سكينة و اليوم غادي نكتاشفو خبايا هاد القصة هاد القناة دارت ليك إلى كنتي من عشاق : - قصص حقيقية - قصص رعب - قصص جرائم - قصص غريبة - قصص بوليسية - قصص مؤثرة - قصص ملهمة - قصص واقعية كانحط قصة يوم الإثنين والخميس. ماتنساش تشتارك فالقناة وتفعل الجرس باش يوصلوك فيديوهات وقصص جداد. مرحبا بيك في عالم القصص المثيرة ❤️ تابعوني ايضا على مواقع التواصل الاجتماعي إذا كنت من محبي القصص القصيرة عبر: الانستغرام : soukystories الفايسبوك : soukystories التيكتوك : soukystories الى كنتي من محبي القصص المسموعة تقدر تلقاني ف: سبوتيفاي: soukystories أنغامي: soukystories غوغل بودكاست: soukystories #explore #قصص_بالدرجة #قصص_بالدارجة #قصص_بالدارجة_المغربية #قصص_واقعية #قصص_غريبة #قصص_حقیقية #9isas_wa9i3iya #souky_stories #soukystories Darkest Child by Kevin MacLeod is licensed under a Creative Commons Attribution 4.0 license. https://creativecommons.org/licenses/by/4.0/ Source: http://incompetech.com/music/royalty-free/index.html?isrc=USUAN1100783 Artist: http://incompetech.com/","soukystories,souki stories,manar stories,lassakri,العسكري,safaa,الخراز,zineb story,قصص حقيقية,Chaimae Belkhir,Nisrine - نسرين,سوكمان sockman,NADIAS,حكايات رضا,قضايا,meryem story,@kharrazabdelkader,rajaa stories,senpai,خراز,lasakri,laskari,laaskari,3askari,lasskari,لعساكري,العساكري,لعسكاري,العسكاري,لعسكري,kwili,lemo,Kharraz,ليمو,كويلي,alkharraz,l3askri,laasikri,lassakri fz,laskri fatima,NADIA STORIES,قصص مظلمة | dark stories,قصص من التاريخ,سوكي ستوريز,soukaynasaadi",24,Entertainment,,PT32M52S,1972,2d,hd,false,ar,ar,https://i.ytimg.com/vi/SX0XfkG_FPk/maxresdefault.jpg,1,,,,,170455,8124,,0,981
63,UC9JNENLelbGff__RYGLP1jA,"Souky Stories",4bfjFJzU4gw,2025-10-02T21:20:58Z,"2025-10-02 21:20:58","تسجيلات صادمة فضحت مجر/م ⚠️كان كايسحابليه حتى شي واحد ماشافو ‼️","الفيديو الرابع على قناتي الجديدة: https://youtu.be/VWM9Zrtwncs قناتي الجديدة على اليوتيوب: @SoukaynaSaadi صفحتي على الأنستغرام: https://www.instagram.com/soukaynasaadi1 مرحبا بكم في القناة، الاسم ديالي سكينة و اليوم غادي نكتاشفو خبايا هاد القصة هاد القناة دارت ليك إلى كنتي من عشاق : - قصص حقيقية - قصص رعب - قصص جرائم - قصص غريبة - قصص بوليسية - قصص مؤثرة - قصص ملهمة - قصص واقعية كانحط قصة يوم الإثنين والخميس. ماتنساش تشتارك فالقناة وتفعل الجرس باش يوصلوك فيديوهات وقصص جداد. مرحبا بيك في عالم القصص المثيرة ❤️ تابعوني ايضا على مواقع التواصل الاجتماعي إذا كنت من محبي القصص القصيرة عبر: الانستغرام : soukystories الفايسبوك : soukystories التيكتوك : soukystories الى كنتي من محبي القصص المسموعة تقدر تلقاني ف: سبوتيفاي: soukystories أنغامي: soukystories غوغل بودكاست: soukystories #explore #قصص_بالدرجة #قصص_بالدارجة #قصص_بالدارجة_المغربية #قصص_واقعية #قصص_غريبة #قصص_حقیقية #9isas_wa9i3iya #souky_stories #soukystories Darkest Child by Kevin MacLeod is licensed under a Creative Commons Attribution 4.0 license. https://creativecommons.org/licenses/by/4.0/ Source: http://incompetech.com/music/royalty-free/index.html?isrc=USUAN1100783 Artist: http://incompetech.com/","soukystories,souki stories,manar stories,lassakri,العسكري,safaa,الخراز,zineb story,قصص حقيقية,Chaimae Belkhir,Nisrine - نسرين,سوكمان sockman,NADIAS,حكايات رضا,قضايا,meryem story,@kharrazabdelkader,rajaa stories,senpai,خراز,lasakri,laskari,laaskari,3askari,lasskari,لعساكري,العساكري,لعسكاري,العسكاري,لعسكري,kwili,lemo,Kharraz,ليمو,كويلي,alkharraz,l3askri,laasikri,lassakri fz,laskri fatima,NADIA STORIES,قصص مظلمة | dark stories,قصص من التاريخ,سوكي ستوريز,soukaynasaadi",24,Entertainment,,PT20M1S,1201,2d,hd,false,ar,ar,https://i.ytimg.com/vi/4bfjFJzU4gw/maxresdefault.jpg,1,,,,,128983,6567,,0,315
64,UC9JNENLelbGff__RYGLP1jA,"Souky Stories",9oYR8vd3Rx0,2025-09-29T20:56:48Z,"2025-09-29 20:56:48","كانت عايشة بيخير حتى كلات كيك ديال عيد الميلاد ⛔️ مول الفعلة غايصدمكم","الفيديو الرابع على قناتي الجديدة: https://youtu.be/VWM9Zrtwncs قناتي الجديدة على اليوتيوب: @SoukaynaSaadi صفحتي على الأنستغرام: https://www.instagram.com/soukaynasaadi1 مرحبا بكم في القناة، الاسم ديالي سكينة و اليوم غادي نكتاشفو خبايا هاد القصة هاد القناة دارت ليك إلى كنتي من عشاق : - قصص حقيقية - قصص رعب - قصص جرائم - قصص غريبة - قصص بوليسية - قصص مؤثرة - قصص ملهمة - قصص واقعية كانحط قصة يوم الإثنين والخميس. ماتنساش تشتارك فالقناة وتفعل الجرس باش يوصلوك فيديوهات وقصص جداد. مرحبا بيك في عالم القصص المثيرة ❤️ تابعوني ايضا على مواقع التواصل الاجتماعي إذا كنت من محبي القصص القصيرة عبر: الانستغرام : soukystories الفايسبوك : soukystories التيكتوك : soukystories الى كنتي من محبي القصص المسموعة تقدر تلقاني ف: سبوتيفاي: soukystories أنغامي: soukystories غوغل بودكاست: soukystories #explore #قصص_بالدرجة #قصص_بالدارجة #قصص_بالدارجة_المغربية #قصص_واقعية #قصص_غريبة #قصص_حقیقية #9isas_wa9i3iya #souky_stories #soukystories Darkest Child by Kevin MacLeod is licensed under a Creative Commons Attribution 4.0 license. https://creativecommons.org/licenses/by/4.0/ Source: http://incompetech.com/music/royalty-free/index.html?isrc=USUAN1100783 Artist: http://incompetech.com/","soukystories,souki stories,manar stories,lassakri,العسكري,safaa,الخراز,zineb story,قصص حقيقية,Chaimae Belkhir,Nisrine - نسرين,سوكمان sockman,NADIAS,حكايات رضا,قضايا,meryem story,@kharrazabdelkader,rajaa stories,senpai,خراز,lasakri,laskari,laaskari,3askari,lasskari,لعساكري,العساكري,لعسكاري,العسكاري,لعسكري,kwili,lemo,Kharraz,ليمو,كويلي,alkharraz,l3askri,laasikri,lassakri fz,laskri fatima,NADIA STORIES,قصص مظلمة | dark stories,قصص من التاريخ,سوكي ستوريز,soukaynasaadi",24,Entertainment,,PT27M4S,1624,2d,hd,false,ar,ar,https://i.ytimg.com/vi/9oYR8vd3Rx0/maxresdefault.jpg,1,,,,,413112,15459,,0,770
65,UC9JNENLelbGff__RYGLP1jA,"Souky Stories",0jm7uUVawrM,2025-09-25T21:26:55Z,"2025-09-25 21:26:55","القصة لي بدات عادية.. وسالات بكارثة مرعبة ‼️","الفيديو الرابع على قناتي الجديدة: https://youtu.be/VWM9Zrtwncs قناتي الجديدة على اليوتيوب: @SoukaynaSaadi صفحتي على الأنستغرام: https://www.instagram.com/soukaynasaadi1 مرحبا بكم في القناة، الاسم ديالي سكينة و اليوم غادي نكتاشفو خبايا هاد القصة هاد القناة دارت ليك إلى كنتي من عشاق : - قصص حقيقية - قصص رعب - قصص جرائم - قصص غريبة - قصص بوليسية - قصص مؤثرة - قصص ملهمة - قصص واقعية كانحط قصة يوم الإثنين والخميس. ماتنساش تشتارك فالقناة وتفعل الجرس باش يوصلوك فيديوهات وقصص جداد. مرحبا بيك في عالم القصص المثيرة ❤️ تابعوني ايضا على مواقع التواصل الاجتماعي إذا كنت من محبي القصص القصيرة عبر: الانستغرام : soukystories الفايسبوك : soukystories التيكتوك : soukystories الى كنتي من محبي القصص المسموعة تقدر تلقاني ف: سبوتيفاي: soukystories أنغامي: soukystories غوغل بودكاست: soukystories #explore #قصص_بالدرجة #قصص_بالدارجة #قصص_بالدارجة_المغربية #قصص_واقعية #قصص_غريبة #قصص_حقیقية #9isas_wa9i3iya #souky_stories #soukystories Darkest Child by Kevin MacLeod is licensed under a Creative Commons Attribution 4.0 license. https://creativecommons.org/licenses/by/4.0/ Source: http://incompetech.com/music/royalty-free/index.html?isrc=USUAN1100783 Artist: http://incompetech.com/","soukystories,souki stories,manar stories,lassakri,العسكري,safaa,الخراز,zineb story,قصص حقيقية,Chaimae Belkhir,Nisrine - نسرين,سوكمان sockman,NADIAS,حكايات رضا,قضايا,meryem story,@kharrazabdelkader,rajaa stories,senpai,خراز,lasakri,laskari,laaskari,3askari,lasskari,لعساكري,العساكري,لعسكاري,العسكاري,لعسكري,kwili,lemo,Kharraz,ليمو,كويلي,alkharraz,l3askri,laasikri,lassakri fz,laskri fatima,NADIA STORIES,قصص مظلمة | dark stories,قصص من التاريخ,سوكي ستوريز,soukaynasaadi",24,Entertainment,,PT27M45S,1665,2d,hd,false,ar,ar,https://i.ytimg.com/vi/0jm7uUVawrM/maxresdefault.jpg,1,,,,,167085,8223,,0,457
66,UC9JNENLelbGff__RYGLP1jA,"Souky Stories",Q1f5FmQF8ug,2025-09-22T22:09:00Z,"2025-09-22 22:09:00","قطرة ديال الدم كانت السبب فحل قضية بشعة ⚠️ (*للكبار فقط*)‼️","الفيديو الرابع على قناتي الجديدة: https://youtu.be/VWM9Zrtwncs قناتي الجديدة على اليوتيوب: @SoukaynaSaadi صفحتي على الأنستغرام: https://www.instagram.com/soukaynasaadi1 مرحبا بكم في القناة، الاسم ديالي سكينة و اليوم غادي نكتاشفو خبايا هاد القصة هاد القناة دارت ليك إلى كنتي من عشاق : - قصص حقيقية - قصص رعب - قصص جرائم - قصص غريبة - قصص بوليسية - قصص مؤثرة - قصص ملهمة - قصص واقعية كانحط قصة يوم الإثنين والخميس. ماتنساش تشتارك فالقناة وتفعل الجرس باش يوصلوك فيديوهات وقصص جداد. مرحبا بيك في عالم القصص المثيرة ❤️ تابعوني ايضا على مواقع التواصل الاجتماعي إذا كنت من محبي القصص القصيرة عبر: الانستغرام : soukystories الفايسبوك : soukystories التيكتوك : soukystories الى كنتي من محبي القصص المسموعة تقدر تلقاني ف: سبوتيفاي: soukystories أنغامي: soukystories غوغل بودكاست: soukystories #explore #قصص_بالدرجة #قصص_بالدارجة #قصص_بالدارجة_المغربية #قصص_واقعية #قصص_غريبة #قصص_حقیقية #9isas_wa9i3iya #souky_stories #soukystories Darkest Child by Kevin MacLeod is licensed under a Creative Commons Attribution 4.0 license. https://creativecommons.org/licenses/by/4.0/ Source: http://incompetech.com/music/royalty-free/index.html?isrc=USUAN1100783 Artist: http://incompetech.com/","soukystories,souki stories,manar stories,lassakri,العسكري,safaa,الخراز,zineb story,قصص حقيقية,Chaimae Belkhir,Nisrine - نسرين,سوكمان sockman,NADIAS,حكايات رضا,قضايا,meryem story,@kharrazabdelkader,rajaa stories,senpai,خراز,lasakri,laskari,laaskari,3askari,lasskari,لعساكري,العساكري,لعسكاري,العسكاري,لعسكري,kwili,lemo,Kharraz,ليمو,كويلي,alkharraz,l3askri,laasikri,lassakri fz,laskri fatima,NADIA STORIES,قصص مظلمة | dark stories,قصص من التاريخ,سوكي ستوريز,soukaynasaadi",24,Entertainment,,PT29M30S,1770,2d,hd,false,ar,ar,https://i.ytimg.com/vi/Q1f5FmQF8ug/maxresdefault.jpg,1,,,,,171584,8303,,0,362
67,UC9JNENLelbGff__RYGLP1jA,"Souky Stories",zdeucmvQbM4,2025-09-18T22:13:07Z,"2025-09-18 22:13:07","صدفة غريبة حيرات البوليس ديال أمريكا والنهاية غير متوقعة ⚠️ (*للكبار فقط*) ‼️","الفيديو الرابع على قناتي الجديدة: https://youtu.be/VWM9Zrtwncs قناتي الجديدة على اليوتيوب: @SoukaynaSaadi صفحتي على الأنستغرام: https://www.instagram.com/soukaynasaadi1 مرحبا بكم في القناة، الاسم ديالي سكينة و اليوم غادي نكتاشفو خبايا هاد القصة هاد القناة دارت ليك إلى كنتي من عشاق : - قصص حقيقية - قصص رعب - قصص جرائم - قصص غريبة - قصص بوليسية - قصص مؤثرة - قصص ملهمة - قصص واقعية كانحط قصة يوم الإثنين والخميس. ماتنساش تشتارك فالقناة وتفعل الجرس باش يوصلوك فيديوهات وقصص جداد. مرحبا بيك في عالم القصص المثيرة ❤️ تابعوني ايضا على مواقع التواصل الاجتماعي إذا كنت من محبي القصص القصيرة عبر: الانستغرام : soukystories الفايسبوك : soukystories التيكتوك : soukystories الى كنتي من محبي القصص المسموعة تقدر تلقاني ف: سبوتيفاي: soukystories أنغامي: soukystories غوغل بودكاست: soukystories #explore #قصص_بالدرجة #قصص_بالدارجة #قصص_بالدارجة_المغربية #قصص_واقعية #قصص_غريبة #قصص_حقیقية #9isas_wa9i3iya #souky_stories #soukystories Darkest Child by Kevin MacLeod is licensed under a Creative Commons Attribution 4.0 license. https://creativecommons.org/licenses/by/4.0/ Source: http://incompetech.com/music/royalty-free/index.html?isrc=USUAN1100783 Artist: http://incompetech.com/","soukystories,souki stories,manar stories,lassakri,العسكري,safaa,الخراز,zineb story,قصص حقيقية,Chaimae Belkhir,Nisrine - نسرين,سوكمان sockman,NADIAS,حكايات رضا,قضايا,meryem story,@kharrazabdelkader,rajaa stories,senpai,خراز,lasakri,laskari,laaskari,3askari,lasskari,لعساكري,العساكري,لعسكاري,العسكاري,لعسكري,kwili,lemo,Kharraz,ليمو,كويلي,alkharraz,l3askri,laasikri,lassakri fz,laskri fatima,NADIA STORIES,قصص مظلمة | dark stories,قصص من التاريخ,سوكي ستوريز,soukaynasaadi",24,Entertainment,,PT27M18S,1638,2d,hd,false,ar,ar,https://i.ytimg.com/vi/zdeucmvQbM4/maxresdefault.jpg,1,,,,,175237,8089,,0,372
68,UC9JNENLelbGff__RYGLP1jA,"Souky Stories",t_ZN30h_AFM,2025-09-15T19:08:42Z,"2025-09-15 19:08:42","أم صافطات بنتها للجحيم وماكانتش عارفة ⚠️(*للكبار فقط*)‼️","الفيديو الرابع على قناتي الجديدة: https://youtu.be/VWM9Zrtwncs قناتي الجديدة على اليوتيوب: @SoukaynaSaadi صفحتي على الأنستغرام: https://www.instagram.com/soukaynasaadi1 مرحبا بكم في القناة، الاسم ديالي سكينة و اليوم غادي نكتاشفو خبايا هاد القصة هاد القناة دارت ليك إلى كنتي من عشاق : - قصص حقيقية - قصص رعب - قصص جرائم - قصص غريبة - قصص بوليسية - قصص مؤثرة - قصص ملهمة - قصص واقعية كانحط قصة يوم الإثنين والخميس. ماتنساش تشتارك فالقناة وتفعل الجرس باش يوصلوك فيديوهات وقصص جداد. مرحبا بيك في عالم القصص المثيرة ❤️ تابعوني ايضا على مواقع التواصل الاجتماعي إذا كنت من محبي القصص القصيرة عبر: الانستغرام : soukystories الفايسبوك : soukystories التيكتوك : soukystories الى كنتي من محبي القصص المسموعة تقدر تلقاني ف: سبوتيفاي: soukystories أنغامي: soukystories غوغل بودكاست: soukystories #explore #قصص_بالدرجة #قصص_بالدارجة #قصص_بالدارجة_المغربية #قصص_واقعية #قصص_غريبة #قصص_حقیقية #9isas_wa9i3iya #souky_stories #soukystories Darkest Child by Kevin MacLeod is licensed under a Creative Commons Attribution 4.0 license. https://creativecommons.org/licenses/by/4.0/ Source: http://incompetech.com/music/royalty-free/index.html?isrc=USUAN1100783 Artist: http://incompetech.com/","soukystories,souki stories,manar stories,lassakri,العسكري,safaa,الخراز,zineb story,قصص حقيقية,Chaimae Belkhir,Nisrine - نسرين,سوكمان sockman,NADIAS,حكايات رضا,قضايا,meryem story,@kharrazabdelkader,rajaa stories,senpai,خراز,lasakri,laskari,laaskari,3askari,lasskari,لعساكري,العساكري,لعسكاري,العسكاري,لعسكري,kwili,lemo,Kharraz,ليمو,كويلي,alkharraz,l3askri,laasikri,lassakri fz,laskri fatima,NADIA STORIES,قصص مظلمة | dark stories,قصص من التاريخ,سوكي ستوريز,soukaynasaadi",24,Entertainment,,PT27M29S,1649,2d,hd,false,ar,ar,https://i.ytimg.com/vi/t_ZN30h_AFM/maxresdefault.jpg,1,,,,,160892,8160,,0,493
69,UC9JNENLelbGff__RYGLP1jA,"Souky Stories",-vT2cIbdVM8,2025-09-04T18:59:50Z,"2025-09-04 18:59:50","علاقة حب انتهت بكارثة مع تسجيلات صادمة (*للكبار فقط*) ⚠️","الفيديو الرابع على قناتي الجديدة: https://youtu.be/VWM9Zrtwncs قناتي الجديدة على اليوتيوب: @SoukaynaSaadi صفحتي على الأنستغرام: https://www.instagram.com/soukaynasaadi1 مرحبا بكم في القناة، الاسم ديالي سكينة و اليوم غادي نكتاشفو خبايا هاد القصة هاد القناة دارت ليك إلى كنتي من عشاق : - قصص حقيقية - قصص رعب - قصص جرائم - قصص غريبة - قصص بوليسية - قصص مؤثرة - قصص ملهمة - قصص واقعية كانحط قصة يوم الإثنين والخميس. ماتنساش تشتارك فالقناة وتفعل الجرس باش يوصلوك فيديوهات وقصص جداد. مرحبا بيك في عالم القصص المثيرة ❤️ تابعوني ايضا على مواقع التواصل الاجتماعي إذا كنت من محبي القصص القصيرة عبر: الانستغرام : soukystories الفايسبوك : soukystories التيكتوك : soukystories الى كنتي من محبي القصص المسموعة تقدر تلقاني ف: سبوتيفاي: soukystories أنغامي: soukystories غوغل بودكاست: soukystories #explore #قصص_بالدرجة #قصص_بالدارجة #قصص_بالدارجة_المغربية #قصص_واقعية #قصص_غريبة #قصص_حقیقية #9isas_wa9i3iya #souky_stories #soukystories Darkest Child by Kevin MacLeod is licensed under a Creative Commons Attribution 4.0 license. https://creativecommons.org/licenses/by/4.0/ Source: http://incompetech.com/music/royalty-free/index.html?isrc=USUAN1100783 Artist: http://incompetech.com/","soukystories,souki stories,manar stories,lassakri,العسكري,safaa,الخراز,zineb story,قصص حقيقية,Chaimae Belkhir,Nisrine - نسرين,سوكمان sockman,NADIAS,حكايات رضا,قضايا,meryem story,@kharrazabdelkader,rajaa stories,senpai,خراز,lasakri,laskari,laaskari,3askari,lasskari,لعساكري,العساكري,لعسكاري,العسكاري,لعسكري,kwili,lemo,Kharraz,ليمو,كويلي,alkharraz,l3askri,laasikri,lassakri fz,laskri fatima,NADIA STORIES,قصص مظلمة | dark stories,قصص من التاريخ,سوكي ستوريز,soukaynasaadi",24,Entertainment,,PT21M49S,1309,2d,hd,false,ar,ar,https://i.ytimg.com/vi/-vT2cIbdVM8/maxresdefault.jpg,1,,,,,135926,7885,,0,495
70,UC9JNENLelbGff__RYGLP1jA,"Souky Stories",BmaAV7i8FB0,2025-09-01T19:10:43Z,"2025-09-01 19:10:43","كانت عايشة بيخير حتى خرج منها شيطان - القصة لي غاتصدمكم (*للكبار فقط*)‼️","الفيديو الرابع على قناتي الجديدة: https://youtu.be/VWM9Zrtwncs قناتي الجديدة على اليوتيوب: @SoukaynaSaadi صفحتي على الأنستغرام: https://www.instagram.com/soukaynasaadi1 مرحبا بكم في القناة، الاسم ديالي سكينة و اليوم غادي نكتاشفو خبايا هاد القصة هاد القناة دارت ليك إلى كنتي من عشاق : - قصص حقيقية - قصص رعب - قصص جرائم - قصص غريبة - قصص بوليسية - قصص مؤثرة - قصص ملهمة - قصص واقعية كانحط قصة يوم الإثنين والخميس. ماتنساش تشتارك فالقناة وتفعل الجرس باش يوصلوك فيديوهات وقصص جداد. مرحبا بيك في عالم القصص المثيرة ❤️ تابعوني ايضا على مواقع التواصل الاجتماعي إذا كنت من محبي القصص القصيرة عبر: الانستغرام : soukystories الفايسبوك : soukystories التيكتوك : soukystories الى كنتي من محبي القصص المسموعة تقدر تلقاني ف: سبوتيفاي: soukystories أنغامي: soukystories غوغل بودكاست: soukystories #explore #قصص_بالدرجة #قصص_بالدارجة #قصص_بالدارجة_المغربية #قصص_واقعية #قصص_غريبة #قصص_حقیقية #9isas_wa9i3iya #souky_stories #soukystories Darkest Child by Kevin MacLeod is licensed under a Creative Commons Attribution 4.0 license. https://creativecommons.org/licenses/by/4.0/ Source: http://incompetech.com/music/royalty-free/index.html?isrc=USUAN1100783 Artist: http://incompetech.com/","soukystories,souki stories,manar stories,lassakri,العسكري,safaa,الخراز,zineb story,قصص حقيقية,Chaimae Belkhir,Nisrine - نسرين,سوكمان sockman,NADIAS,حكايات رضا,قضايا,meryem story,@kharrazabdelkader,rajaa stories,senpai,خراز,lasakri,laskari,laaskari,3askari,lasskari,لعساكري,العساكري,لعسكاري,العسكاري,لعسكري,kwili,lemo,Kharraz,ليمو,كويلي,alkharraz,l3askri,laasikri,lassakri fz,laskri fatima,NADIA STORIES,قصص مظلمة | dark stories,قصص من التاريخ,سوكي ستوريز,soukaynasaadi",24,Entertainment,,PT26M23S,1583,2d,hd,false,ar,ar,https://i.ytimg.com/vi/BmaAV7i8FB0/maxresdefault.jpg,1,,,,,136266,7102,,0,452
71,UC9JNENLelbGff__RYGLP1jA,"Souky Stories",MuAX80KiFjQ,2025-08-29T18:24:51Z,"2025-08-29 18:24:51","الوحش لي نشر الرعب فقلوب الناس فأمريكا ⚠️ (*للكبار فقط*)‼️ 2","الفيديو الرابع على قناتي الجديدة: https://youtu.be/VWM9Zrtwncs قناتي الجديدة على اليوتيوب: @SoukaynaSaadi صفحتي على الأنستغرام: https://www.instagram.com/soukaynasaadi1 مرحبا بكم في القناة، الاسم ديالي سكينة و اليوم غادي نكتاشفو خبايا هاد القصة هاد القناة دارت ليك إلى كنتي من عشاق : - قصص حقيقية - قصص رعب - قصص جرائم - قصص غريبة - قصص بوليسية - قصص مؤثرة - قصص ملهمة - قصص واقعية كانحط قصة يوم الإثنين والخميس. ماتنساش تشتارك فالقناة وتفعل الجرس باش يوصلوك فيديوهات وقصص جداد. مرحبا بيك في عالم القصص المثيرة ❤️ تابعوني ايضا على مواقع التواصل الاجتماعي إذا كنت من محبي القصص القصيرة عبر: الانستغرام : soukystories الفايسبوك : soukystories التيكتوك : soukystories الى كنتي من محبي القصص المسموعة تقدر تلقاني ف: سبوتيفاي: soukystories أنغامي: soukystories غوغل بودكاست: soukystories #explore #قصص_بالدرجة #قصص_بالدارجة #قصص_بالدارجة_المغربية #قصص_واقعية #قصص_غريبة #قصص_حقیقية #9isas_wa9i3iya #souky_stories #soukystories Darkest Child by Kevin MacLeod is licensed under a Creative Commons Attribution 4.0 license. https://creativecommons.org/licenses/by/4.0/ Source: http://incompetech.com/music/royalty-free/index.html?isrc=USUAN1100783 Artist: http://incompetech.com/","soukystories,souki stories,manar stories,lassakri,العسكري,safaa,الخراز,zineb story,قصص حقيقية,Chaimae Belkhir,Nisrine - نسرين,سوكمان sockman,NADIAS,حكايات رضا,قضايا,meryem story,@kharrazabdelkader,rajaa stories,senpai,خراز,lasakri,laskari,laaskari,3askari,lasskari,لعساكري,العساكري,لعسكاري,العسكاري,لعسكري,kwili,lemo,Kharraz,ليمو,كويلي,alkharraz,l3askri,laasikri,lassakri fz,laskri fatima,NADIA STORIES,قصص مظلمة | dark stories,قصص من التاريخ,سوكي ستوريز,soukaynasaadi",24,Entertainment,"Entertainment,Film",PT30M32S,1832,2d,hd,false,ar,ar,https://i.ytimg.com/vi/MuAX80KiFjQ/maxresdefault.jpg,1,,,,,106469,5997,,0,305
72,UC9JNENLelbGff__RYGLP1jA,"Souky Stories",Q7Je9HmJ5r4,2025-08-25T20:46:57Z,"2025-08-25 20:46:57","من برا إنسان عادي و من الداخل وحش ماكايعرفش الرحمة - كابوس أمريكا (*للكبار فقط*)‼️","الفيديو الرابع على قناتي الجديدة: https://youtu.be/VWM9Zrtwncs قناتي الجديدة على اليوتيوب: @SoukaynaSaadi صفحتي على الأنستغرام: https://www.instagram.com/soukaynasaadi1 مرحبا بكم في القناة، الاسم ديالي سكينة و اليوم غادي نكتاشفو خبايا هاد القصة هاد القناة دارت ليك إلى كنتي من عشاق : - قصص حقيقية - قصص رعب - قصص جرائم - قصص غريبة - قصص بوليسية - قصص مؤثرة - قصص ملهمة - قصص واقعية كانحط قصة يوم الإثنين والخميس. ماتنساش تشتارك فالقناة وتفعل الجرس باش يوصلوك فيديوهات وقصص جداد. مرحبا بيك في عالم القصص المثيرة ❤️ تابعوني ايضا على مواقع التواصل الاجتماعي إذا كنت من محبي القصص القصيرة عبر: الانستغرام : soukystories الفايسبوك : soukystories التيكتوك : soukystories الى كنتي من محبي القصص المسموعة تقدر تلقاني ف: سبوتيفاي: soukystories أنغامي: soukystories غوغل بودكاست: soukystories #explore #قصص_بالدرجة #قصص_بالدارجة #قصص_بالدارجة_المغربية #قصص_واقعية #قصص_غريبة #قصص_حقیقية #9isas_wa9i3iya #souky_stories #soukystories Darkest Child by Kevin MacLeod is licensed under a Creative Commons Attribution 4.0 license. https://creativecommons.org/licenses/by/4.0/ Source: http://incompetech.com/music/royalty-free/index.html?isrc=USUAN1100783 Artist: http://incompetech.com/","soukystories,souki stories,manar stories,lassakri,العسكري,safaa,الخراز,zineb story,قصص حقيقية,Chaimae Belkhir,Nisrine - نسرين,سوكمان sockman,NADIAS,حكايات رضا,قضايا,meryem story,@kharrazabdelkader,rajaa stories,senpai,خراز,lasakri,laskari,laaskari,3askari,lasskari,لعساكري,العساكري,لعسكاري,العسكاري,لعسكري,kwili,lemo,Kharraz,ليمو,كويلي,alkharraz,l3askri,laasikri,lassakri fz,laskri fatima,NADIA STORIES,قصص مظلمة | dark stories,قصص من التاريخ,سوكي ستوريز,soukaynasaadi",24,Entertainment,Society,PT31M37S,1897,2d,hd,false,ar,ar,https://i.ytimg.com/vi/Q7Je9HmJ5r4/maxresdefault.jpg,1,,,,,155156,7783,,0,377
73,UC9JNENLelbGff__RYGLP1jA,"Souky Stories",hZ42uZW1znc,2025-08-21T20:54:45Z,"2025-08-21 20:54:45","دخلات شيطان لحياتها بلا ماتعرف ‼️(*للكبار فقط*) ⚠️","الفيديو الثاني على قناتي الجديدة: https://youtu.be/BBiMVb0atPQ قناتي الجديدة على اليوتيوب: @SoukaynaSaadi صفحتي على الأنستغرام: https://www.instagram.com/soukaynasaadi1 مرحبا بكم في القناة، الاسم ديالي سكينة و اليوم غادي نكتاشفو خبايا هاد القصة هاد القناة دارت ليك إلى كنتي من عشاق : - قصص حقيقية - قصص رعب - قصص جرائم - قصص غريبة - قصص بوليسية - قصص مؤثرة - قصص ملهمة - قصص واقعية كانحط قصة يوم الإثنين والخميس. ماتنساش تشتارك فالقناة وتفعل الجرس باش يوصلوك فيديوهات وقصص جداد. مرحبا بيك في عالم القصص المثيرة ❤️ تابعوني ايضا على مواقع التواصل الاجتماعي إذا كنت من محبي القصص القصيرة عبر: الانستغرام : soukystories الفايسبوك : soukystories التيكتوك : soukystories الى كنتي من محبي القصص المسموعة تقدر تلقاني ف: سبوتيفاي: soukystories أنغامي: soukystories غوغل بودكاست: soukystories #explore #قصص_بالدرجة #قصص_بالدارجة #قصص_بالدارجة_المغربية #قصص_واقعية #قصص_غريبة #قصص_حقیقية #9isas_wa9i3iya #souky_stories #soukystories Darkest Child by Kevin MacLeod is licensed under a Creative Commons Attribution 4.0 license. https://creativecommons.org/licenses/by/4.0/ Source: http://incompetech.com/music/royalty-free/index.html?isrc=USUAN1100783 Artist: http://incompetech.com/","soukystories,souki stories,manar stories,lassakri,العسكري,safaa,الخراز,zineb story,قصص حقيقية,Chaimae Belkhir,Nisrine - نسرين,سوكمان sockman,NADIAS,حكايات رضا,قضايا,meryem story,@kharrazabdelkader,rajaa stories,senpai,خراز,lasakri,laskari,laaskari,3askari,lasskari,لعساكري,العساكري,لعسكاري,العسكاري,لعسكري,kwili,lemo,Kharraz,ليمو,كويلي,alkharraz,l3askri,laasikri,lassakri fz,laskri fatima,NADIA STORIES,قصص مظلمة | dark stories,قصص من التاريخ,سوكي ستوريز,soukaynasaadi",24,Entertainment,,PT25M43S,1543,2d,hd,false,ar,ar,https://i.ytimg.com/vi/hZ42uZW1znc/maxresdefault.jpg,1,,,,,146019,7633,,0,411
74,UC9JNENLelbGff__RYGLP1jA,"Souky Stories",UQbnWT9qOAw,2025-08-14T21:49:19Z,"2025-08-14 21:49:19","قصة صادمة - الوجه الآخر لليابان ‼️ مجز..رة كيوتو انيميشن","الفيديو الثاني على قناتي الجديدة: https://youtu.be/BBiMVb0atPQ قناتي الجديدة على اليوتيوب: @SoukaynaSaadi صفحتي على الأنستغرام: https://www.instagram.com/soukaynasaadi1 مرحبا بكم في القناة، الاسم ديالي سكينة و اليوم غادي نكتاشفو خبايا هاد القصة هاد القناة دارت ليك إلى كنتي من عشاق : - قصص حقيقية - قصص رعب - قصص جرائم - قصص غريبة - قصص بوليسية - قصص مؤثرة - قصص ملهمة - قصص واقعية كانحط قصة يوم الإثنين والخميس. ماتنساش تشتارك فالقناة وتفعل الجرس باش يوصلوك فيديوهات وقصص جداد. مرحبا بيك في عالم القصص المثيرة ❤️ تابعوني ايضا على مواقع التواصل الاجتماعي إذا كنت من محبي القصص القصيرة عبر: الانستغرام : soukystories الفايسبوك : soukystories التيكتوك : soukystories الى كنتي من محبي القصص المسموعة تقدر تلقاني ف: سبوتيفاي: soukystories أنغامي: soukystories غوغل بودكاست: soukystories #explore #قصص_بالدرجة #قصص_بالدارجة #قصص_بالدارجة_المغربية #قصص_واقعية #قصص_غريبة #قصص_حقیقية #9isas_wa9i3iya #souky_stories #soukystories Darkest Child by Kevin MacLeod is licensed under a Creative Commons Attribution 4.0 license. https://creativecommons.org/licenses/by/4.0/ Source: http://incompetech.com/music/royalty-free/index.html?isrc=USUAN1100783 Artist: http://incompetech.com/","soukystories,souki stories,manar stories,lassakri,العسكري,safaa,الخراز,zineb story,قصص حقيقية,Chaimae Belkhir,Nisrine - نسرين,سوكمان sockman,NADIAS,حكايات رضا,قضايا,meryem story,@kharrazabdelkader,rajaa stories,senpai,خراز,lasakri,laskari,laaskari,3askari,lasskari,لعساكري,العساكري,لعسكاري,العسكاري,لعسكري,kwili,lemo,Kharraz,ليمو,كويلي,alkharraz,l3askri,laasikri,lassakri fz,laskri fatima,NADIA STORIES,قصص مظلمة | dark stories,قصص من التاريخ,سوكي ستوريز,soukaynasaadi",24,Entertainment,Society,PT26M50S,1610,2d,hd,false,ar,ar,https://i.ytimg.com/vi/UQbnWT9qOAw/maxresdefault.jpg,1,,,,,155073,7913,,0,466
75,UC9JNENLelbGff__RYGLP1jA,"Souky Stories",HVqxA-t2gdU,2025-08-07T21:13:43Z,"2025-08-07 21:13:43","يوم الكريسماس تحول إلى جحيم حقيقي ⚠️ (*للكبار فقط*) ‼️","الفيديو الثاني على قناتي الجديدة: https://youtu.be/BBiMVb0atPQ قناتي الجديدة على اليوتيوب: @SoukaynaSaadi صفحتي على الأنستغرام: https://www.instagram.com/soukaynasaadi1 مرحبا بكم في القناة، الاسم ديالي سكينة و اليوم غادي نكتاشفو خبايا هاد القصة هاد القناة دارت ليك إلى كنتي من عشاق : - قصص حقيقية - قصص رعب - قصص جرائم - قصص غريبة - قصص بوليسية - قصص مؤثرة - قصص ملهمة - قصص واقعية كانحط قصة يوم الإثنين والخميس. ماتنساش تشتارك فالقناة وتفعل الجرس باش يوصلوك فيديوهات وقصص جداد. مرحبا بيك في عالم القصص المثيرة ❤️ تابعوني ايضا على مواقع التواصل الاجتماعي إذا كنت من محبي القصص القصيرة عبر: الانستغرام : soukystories الفايسبوك : soukystories التيكتوك : soukystories الى كنتي من محبي القصص المسموعة تقدر تلقاني ف: سبوتيفاي: soukystories أنغامي: soukystories غوغل بودكاست: soukystories #explore #قصص_بالدرجة #قصص_بالدارجة #قصص_بالدارجة_المغربية #قصص_واقعية #قصص_غريبة #قصص_حقیقية #9isas_wa9i3iya #souky_stories #soukystories Darkest Child by Kevin MacLeod is licensed under a Creative Commons Attribution 4.0 license. https://creativecommons.org/licenses/by/4.0/ Source: http://incompetech.com/music/royalty-free/index.html?isrc=USUAN1100783 Artist: http://incompetech.com/","soukystories,souki stories,manar stories,lassakri,العسكري,safaa,الخراز,zineb story,قصص حقيقية,Chaimae Belkhir,Nisrine - نسرين,سوكمان sockman,NADIAS,حكايات رضا,قضايا,meryem story,@kharrazabdelkader,rajaa stories,senpai,خراز,lasakri,laskari,laaskari,3askari,lasskari,لعساكري,العساكري,لعسكاري,العسكاري,لعسكري,kwili,lemo,Kharraz,ليمو,كويلي,alkharraz,l3askri,laasikri,lassakri fz,laskri fatima,NADIA STORIES,قصص مظلمة | dark stories,قصص من التاريخ,سوكي ستوريز,soukaynasaadi",24,Entertainment,,PT21M12S,1272,2d,hd,false,ar,ar,https://i.ytimg.com/vi/HVqxA-t2gdU/maxresdefault.jpg,1,,,,,114851,6599,,0,351
76,UC9JNENLelbGff__RYGLP1jA,"Souky Stories",DH9LGfT7oTo,2025-08-04T21:13:53Z,"2025-08-04 21:13:53","داكشي لي دارت على قبل الحب كان صاادم ⚠️ (*للكبار فقط*) ‼️","أول فيديو في قناتي الجديدة: https://youtu.be/mmVi676YC6E قناتي الجديدة على اليوتيوب: @SoukaynaSaadi صفحتي على الأنستغرام: https://www.instagram.com/soukaynasaadi1 مرحبا بكم في القناة، الاسم ديالي سكينة و اليوم غادي نكتاشفو خبايا هاد القصة هاد القناة دارت ليك إلى كنتي من عشاق : - قصص حقيقية - قصص رعب - قصص جرائم - قصص غريبة - قصص بوليسية - قصص مؤثرة - قصص ملهمة - قصص واقعية كانحط قصة يوم الإثنين والخميس. ماتنساش تشتارك فالقناة وتفعل الجرس باش يوصلوك فيديوهات وقصص جداد. مرحبا بيك في عالم القصص المثيرة ❤️ تابعوني ايضا على مواقع التواصل الاجتماعي إذا كنت من محبي القصص القصيرة عبر: الانستغرام : soukystories الفايسبوك : soukystories التيكتوك : soukystories الى كنتي من محبي القصص المسموعة تقدر تلقاني ف: سبوتيفاي: soukystories أنغامي: soukystories غوغل بودكاست: soukystories #explore #قصص_بالدرجة #قصص_بالدارجة #قصص_بالدارجة_المغربية #قصص_واقعية #قصص_غريبة #قصص_حقیقية #9isas_wa9i3iya #souky_stories #soukystories Darkest Child by Kevin MacLeod is licensed under a Creative Commons Attribution 4.0 license. https://creativecommons.org/licenses/by/4.0/ Source: http://incompetech.com/music/royalty-free/index.html?isrc=USUAN1100783 Artist: http://incompetech.com/","soukystories,souki stories,manar stories,lassakri,العسكري,safaa,الخراز,zineb story,قصص حقيقية,Chaimae Belkhir,Nisrine - نسرين,سوكمان sockman,NADIAS,حكايات رضا,قضايا,meryem story,@kharrazabdelkader,rajaa stories,senpai,خراز,lasakri,laskari,laaskari,3askari,lasskari,لعساكري,العساكري,لعسكاري,العسكاري,لعسكري,kwili,lemo,Kharraz,ليمو,كويلي,alkharraz,l3askri,laasikri,lassakri fz,laskri fatima,NADIA STORIES,قصص مظلمة | dark stories,قصص من التاريخ,سوكي ستوريز,soukaynasaadi",24,Entertainment,,PT30M59S,1859,2d,hd,false,ar,ar,https://i.ytimg.com/vi/DH9LGfT7oTo/maxresdefault.jpg,1,,,,,138870,7354,,0,532
77,UC9JNENLelbGff__RYGLP1jA,"Souky Stories",Cd--L-FrL7Y,2025-08-01T20:42:15Z,"2025-08-01 20:42:15","تسجيلات صادمة فضحت أبشع جر..يمة داخل الثانوية ‼️ (*للكبار فقط*)⚠️","أول فيديو في قناتي الجديدة: https://youtu.be/mmVi676YC6E قناتي الجديدة على اليوتيوب: @SoukaynaSaadi صفحتي على الأنستغرام: https://www.instagram.com/soukaynasaadi1 مرحبا بكم في القناة، الاسم ديالي سكينة و اليوم غادي نكتاشفو خبايا هاد القصة هاد القناة دارت ليك إلى كنتي من عشاق : - قصص حقيقية - قصص رعب - قصص جرائم - قصص غريبة - قصص بوليسية - قصص مؤثرة - قصص ملهمة - قصص واقعية كانحط قصة يوم الإثنين والخميس والسبت. ماتنساش تشتارك فالقناة وتفعل الجرس باش يوصلوك فيديوهات وقصص جداد. مرحبا بيك في عالم القصص المثيرة ❤️ تابعوني ايضا على مواقع التواصل الاجتماعي إذا كنت من محبي القصص القصيرة عبر: الانستغرام : soukystories الفايسبوك : soukystories التيكتوك : soukystories الى كنتي من محبي القصص المسموعة تقدر تلقاني ف: سبوتيفاي: soukystories أنغامي: soukystories غوغل بودكاست: soukystories #explore #قصص_بالدرجة #قصص_بالدارجة #قصص_بالدارجة_المغربية #قصص_واقعية #قصص_غريبة #قصص_حقیقية #9isas_wa9i3iya #souky_stories #soukystories Darkest Child by Kevin MacLeod is licensed under a Creative Commons Attribution 4.0 license. https://creativecommons.org/licenses/by/4.0/ Source: http://incompetech.com/music/royalty-free/index.html?isrc=USUAN1100783 Artist: http://incompetech.com/","soukystories,souki stories,manar stories,lassakri,العسكري,safaa,الخراز,zineb story,قصص حقيقية,Chaimae Belkhir,Nisrine - نسرين,سوكمان sockman,NADIAS,حكايات رضا,قضايا,meryem story,@kharrazabdelkader,rajaa stories,senpai,خراز,lasakri,laskari,laaskari,3askari,lasskari,لعساكري,العساكري,لعسكاري,العسكاري,لعسكري,kwili,lemo,Kharraz,ليمو,كويلي,alkharraz,l3askri,laasikri,lassakri fz,laskri fatima,NADIA STORIES,قصص مظلمة | dark stories,قصص من التاريخ,سوكي ستوريز,soukaynasaadi",24,Entertainment,,PT25M11S,1511,2d,hd,false,ar,ar,https://i.ytimg.com/vi/Cd--L-FrL7Y/maxresdefault.jpg,1,,,,,156924,7989,,0,507
78,UC9JNENLelbGff__RYGLP1jA,"Souky Stories",BxUWZIEU4xA,2025-07-28T21:06:29Z,"2025-07-28 21:06:29","اندريا دخلات لدارها وماعاوداتش خرجات والنهاية صادمة ⚠️ (*للكبار فقط*) ‼️","جاوبت على الأسئلة ديالكم فهاد الفيديو: https://www.youtube.com/watch?v=NImNXSKJ7Ig قناتي الجديدة على اليوتيوب: @SoukaynaSaadi صفحتي على الأنستغرام: https://www.instagram.com/soukaynasaadi1 مرحبا بكم في القناة، الاسم ديالي سكينة و اليوم غادي نكتاشفو خبايا هاد القصة هاد القناة دارت ليك إلى كنتي من عشاق : - قصص حقيقية - قصص رعب - قصص جرائم - قصص غريبة - قصص بوليسية - قصص مؤثرة - قصص ملهمة - قصص واقعية كانحط قصة يوم الإثنين والخميس. ماتنساش تشتارك فالقناة وتفعل الجرس باش يوصلوك فيديوهات وقصص جداد. مرحبا بيك في عالم القصص المثيرة ❤️ تابعوني ايضا على مواقع التواصل الاجتماعي إذا كنت من محبي القصص القصيرة عبر: الانستغرام : soukystories الفايسبوك : soukystories التيكتوك : soukystories الى كنتي من محبي القصص المسموعة تقدر تلقاني ف: سبوتيفاي: soukystories أنغامي: soukystories غوغل بودكاست: soukystories #explore #قصص_بالدرجة #قصص_بالدارجة #قصص_بالدارجة_المغربية #قصص_واقعية #قصص_غريبة #قصص_حقیقية #9isas_wa9i3iya #souky_stories #soukystories Darkest Child by Kevin MacLeod is licensed under a Creative Commons Attribution 4.0 license. https://creativecommons.org/licenses/by/4.0/ Source: http://incompetech.com/music/royalty-free/index.html?isrc=USUAN1100783 Artist: http://incompetech.com/","soukystories,souki stories,manar stories,lassakri,العسكري,safaa,الخراز,zineb story,قصص حقيقية,Chaimae Belkhir,Nisrine - نسرين,سوكمان sockman,NADIAS,حكايات رضا,قضايا,meryem story,@kharrazabdelkader,rajaa stories,senpai,خراز,lasakri,laskari,laaskari,3askari,lasskari,لعساكري,العساكري,لعسكاري,العسكاري,لعسكري,kwili,lemo,Kharraz,ليمو,كويلي,alkharraz,l3askri,laasikri,lassakri fz,laskri fatima,NADIA STORIES,قصص مظلمة | dark stories,قصص من التاريخ,سوكي ستوريز,soukaynasaadi",24,Entertainment,,PT25M25S,1525,2d,hd,false,ar,ar,https://i.ytimg.com/vi/BxUWZIEU4xA/maxresdefault.jpg,1,,,,,133290,7406,,0,761
79,UC9JNENLelbGff__RYGLP1jA,"Souky Stories",lK4C1u96CJA,2025-07-24T20:55:13Z,"2025-07-24 20:55:13","أين اختفت إيلي ؟ الحقيقة صدمت رجال الشرطة ⚠️ (*للكبار فقط*)‼️","أول فيديو في قناتي الجديدة: https://youtu.be/mmVi676YC6E قناتي الجديدة على اليوتيوب: @SoukaynaSaadi صفحتي على الأنستغرام: https://www.instagram.com/soukaynasaadi1 مرحبا بكم في القناة، الاسم ديالي سكينة و اليوم غادي نكتاشفو خبايا هاد القصة هاد القناة دارت ليك إلى كنتي من عشاق : - قصص حقيقية - قصص رعب - قصص جرائم - قصص غريبة - قصص بوليسية - قصص مؤثرة - قصص ملهمة - قصص واقعية كانحط قصة يوم الإثنين والخميس والسبت. ماتنساش تشتارك فالقناة وتفعل الجرس باش يوصلوك فيديوهات وقصص جداد. مرحبا بيك في عالم القصص المثيرة ❤️ تابعوني ايضا على مواقع التواصل الاجتماعي إذا كنت من محبي القصص القصيرة عبر: الانستغرام : soukystories الفايسبوك : soukystories التيكتوك : soukystories الى كنتي من محبي القصص المسموعة تقدر تلقاني ف: سبوتيفاي: soukystories أنغامي: soukystories غوغل بودكاست: soukystories #explore #قصص_بالدرجة #قصص_بالدارجة #قصص_بالدارجة_المغربية #قصص_واقعية #قصص_غريبة #قصص_حقیقية #9isas_wa9i3iya #souky_stories #soukystories Darkest Child by Kevin MacLeod is licensed under a Creative Commons Attribution 4.0 license. https://creativecommons.org/licenses/by/4.0/ Source: http://incompetech.com/music/royalty-free/index.html?isrc=USUAN1100783 Artist: http://incompetech.com/","soukystories,souki stories,manar stories,lassakri,العسكري,safaa,الخراز,zineb story,قصص حقيقية,Chaimae Belkhir,Nisrine - نسرين,سوكمان sockman,NADIAS,حكايات رضا,قضايا,meryem story,@kharrazabdelkader,rajaa stories,senpai,خراز,lasakri,laskari,laaskari,3askari,lasskari,لعساكري,العساكري,لعسكاري,العسكاري,لعسكري,kwili,lemo,Kharraz,ليمو,كويلي,alkharraz,l3askri,laasikri,lassakri fz,laskri fatima,NADIA STORIES,قصص مظلمة | dark stories,قصص من التاريخ,سوكي ستوريز,soukaynasaadi",24,Entertainment,,PT28M5S,1685,2d,hd,false,ar,ar,https://i.ytimg.com/vi/lK4C1u96CJA/maxresdefault.jpg,1,,,,,177611,8507,,0,434
80,UC9JNENLelbGff__RYGLP1jA,"Souky Stories",MLmxAj2sVYE,2025-07-22T19:00:18Z,"2025-07-22 19:00:18","نساء كايختفاو فبلدة فكوريا الجنوبية والفاعل وحش مافقلبوش الرحمة ⚠️ (*الكبار فقط*) ‼️","أول فيديو في قناتي الجديدة: https://youtu.be/mmVi676YC6E قناتي الجديدة على اليوتيوب: @SoukaynaSaadi صفحتي على الأنستغرام: https://www.instagram.com/soukaynasaadi1 مرحبا بكم في القناة، الاسم ديالي سكينة و اليوم غادي نكتاشفو خبايا هاد القصة هاد القناة دارت ليك إلى كنتي من عشاق : - قصص حقيقية - قصص رعب - قصص جرائم - قصص غريبة - قصص بوليسية - قصص مؤثرة - قصص ملهمة - قصص واقعية كانحط قصة يوم الإثنين والخميس والسبت. ماتنساش تشتارك فالقناة وتفعل الجرس باش يوصلوك فيديوهات وقصص جداد. مرحبا بيك في عالم القصص المثيرة ❤️ تابعوني ايضا على مواقع التواصل الاجتماعي إذا كنت من محبي القصص القصيرة عبر: الانستغرام : soukystories الفايسبوك : soukystories التيكتوك : soukystories الى كنتي من محبي القصص المسموعة تقدر تلقاني ف: سبوتيفاي: soukystories أنغامي: soukystories غوغل بودكاست: soukystories #explore #قصص_بالدرجة #قصص_بالدارجة #قصص_بالدارجة_المغربية #قصص_واقعية #قصص_غريبة #قصص_حقیقية #9isas_wa9i3iya #souky_stories #soukystories Darkest Child by Kevin MacLeod is licensed under a Creative Commons Attribution 4.0 license. https://creativecommons.org/licenses/by/4.0/ Source: http://incompetech.com/music/royalty-free/index.html?isrc=USUAN1100783 Artist: http://incompetech.com/","soukystories,souki stories,manar stories,lassakri,العسكري,safaa,الخراز,zineb story,قصص حقيقية,Chaimae Belkhir,Nisrine - نسرين,سوكمان sockman,NADIAS,حكايات رضا,قضايا,meryem story,@kharrazabdelkader,rajaa stories,senpai,خراز,lasakri,laskari,laaskari,3askari,lasskari,لعساكري,العساكري,لعسكاري,العسكاري,لعسكري,kwili,lemo,Kharraz,ليمو,كويلي,alkharraz,l3askri,laasikri,lassakri fz,laskri fatima,NADIA STORIES,قصص مظلمة | dark stories,قصص من التاريخ,سوكي ستوريز,soukaynasaadi",24,Entertainment,Entertainment,PT33M23S,2003,2d,hd,false,ar,ar,https://i.ytimg.com/vi/MLmxAj2sVYE/maxresdefault.jpg,1,,,,,147934,7640,,0,382
81,UC9JNENLelbGff__RYGLP1jA,"Souky Stories",YTf2VnoocMY,2025-07-14T20:53:20Z,"2025-07-14 20:53:20","مشات للجحيم برجليها ولكن النهاية صادمة ‼️","قناتي الجديدة على اليوتيوب:@SoukaynaSaadi صفحتي على الأنستغرام: https://www.instagram.com/soukaynasaadi1 مرحبا بكم في القناة، الاسم ديالي سكينة و اليوم غادي نكتاشفو خبايا هاد القصة هاد القناة دارت ليك إلى كنتي من عشاق : - قصص حقيقية - قصص رعب - قصص جرائم - قصص غريبة - قصص بوليسية - قصص مؤثرة - قصص ملهمة - قصص واقعية كانحط قصة يوم الإثنين والخميس والسبت. ماتنساش تشتارك فالقناة وتفعل الجرس باش يوصلوك فيديوهات وقصص جداد. مرحبا بيك في عالم القصص المثيرة ❤️ تابعوني ايضا على مواقع التواصل الاجتماعي إذا كنت من محبي القصص القصيرة عبر: الانستغرام : soukystories الفايسبوك : soukystories التيكتوك : soukystories الى كنتي من محبي القصص المسموعة تقدر تلقاني ف: سبوتيفاي: soukystories أنغامي: soukystories غوغل بودكاست: soukystories #explore #قصص_بالدرجة #قصص_بالدارجة #قصص_بالدارجة_المغربية #قصص_واقعية #قصص_غريبة #قصص_حقیقية #9isas_wa9i3iya #souky_stories #soukystories","soukystories,souki stories,المغرب,manar stories,lassakri,العسكري,safaa,الخراز,zineb story,قصص حقيقية,Chaimae Belkhir,Nisrine - نسرين,سوكمان sockman,NADIAS,حكايات رضا,قضايا,meryem story,@kharrazabdelkader,rajaa stories,senpai,خراز,lasakri,laskari,laaskari,3askari,lasskari,لعساكري,العساكري,لعسكاري,العسكاري,لعسكري,kwili,lemo,Kharraz,ليمو,كويلي,alkharraz,l3askri,laasikri,lassakri fz,laskri fatima,NADIA STORIES,قصص مظلمة | dark stories,قصص من التاريخ,سوكي ستوريز,رمضان",24,Entertainment,,PT26M21S,1581,2d,hd,false,ar,ar,https://i.ytimg.com/vi/YTf2VnoocMY/maxresdefault.jpg,1,,,,,158543,8840,,0,540
82,UC9JNENLelbGff__RYGLP1jA,"Souky Stories",p9ytXgidvzs,2025-07-10T20:00:28Z,"2025-07-10 20:00:28","لقطات مرعبة التقطتها كاميرات المراقبة قبل اختفاء فتاة ‼️ (*للكبار فقط*) ⚠️","مرحبا بكم في القناة، الاسم ديالي سكينة و اليوم غادي نكتاشفو خبايا هاد القصة هاد القناة دارت ليك إلى كنتي من عشاق : - قصص حقيقية - قصص رعب - قصص جرائم - قصص غريبة - قصص بوليسية - قصص مؤثرة - قصص ملهمة - قصص واقعية كانحط قصة يوم الإثنين والخميس والسبت. ماتنساش تشتارك فالقناة وتفعل الجرس باش يوصلوك فيديوهات وقصص جداد. مرحبا بيك في عالم القصص المثيرة ❤️ تابعوني ايضا على مواقع التواصل الاجتماعي إذا كنت من محبي القصص القصيرة عبر: الانستغرام : soukystories الفايسبوك : soukystories التيكتوك : soukystories الى كنتي من محبي القصص المسموعة تقدر تلقاني ف: سبوتيفاي: soukystories أنغامي: soukystories غوغل بودكاست: soukystories #explore #قصص_بالدرجة #قصص_بالدارجة #قصص_بالدارجة_المغربية #قصص_واقعية #قصص_غريبة #قصص_حقیقية #9isas_wa9i3iya #souky_stories #soukystories Darkest Child by Kevin MacLeod is licensed under a Creative Commons Attribution 4.0 license. https://creativecommons.org/licenses/by/4.0/ Source: http://incompetech.com/music/royalty-free/index.html?isrc=USUAN1100783 Artist: http://incompetech.com/","soukystories,souki stories,المغرب,manar stories,lassakri,العسكري,safaa,الخراز,zineb story,قصص حقيقية,Chaimae Belkhir,Nisrine - نسرين,سوكمان sockman,NADIAS,حكايات رضا,قضايا,meryem story,@kharrazabdelkader,rajaa stories,senpai,خراز,lasakri,laskari,laaskari,3askari,lasskari,لعساكري,العساكري,لعسكاري,العسكاري,لعسكري,kwili,lemo,Kharraz,ليمو,كويلي,alkharraz,l3askri,laasikri,lassakri fz,laskri fatima,NADIA STORIES,قصص مظلمة | dark stories,قصص من التاريخ,سوكي ستوريز,رمضان",24,Entertainment,,PT27M21S,1641,2d,hd,false,ar,ar,https://i.ytimg.com/vi/p9ytXgidvzs/maxresdefault.jpg,1,,,,,196275,8816,,0,513
83,UC9JNENLelbGff__RYGLP1jA,"Souky Stories",vT_1sRIV57g,2025-07-07T19:14:17Z,"2025-07-07 19:14:17","جماجم غريبة تحل لغز أخطر وحش فألمانيا ‼️ (*للكبار فقط*) ⚠️","مرحبا بكم في القناة، الاسم ديالي سكينة و اليوم غادي نكتاشفو خبايا هاد القصة هاد القناة دارت ليك إلى كنتي من عشاق : - قصص حقيقية - قصص رعب - قصص جرائم - قصص غريبة - قصص بوليسية - قصص مؤثرة - قصص ملهمة - قصص واقعية كانحط قصة يوم الإثنين والخميس والسبت. ماتنساش تشتارك فالقناة وتفعل الجرس باش يوصلوك فيديوهات وقصص جداد. مرحبا بيك في عالم القصص المثيرة ❤️ تابعوني ايضا على مواقع التواصل الاجتماعي إذا كنت من محبي القصص القصيرة عبر: الانستغرام : soukystories الفايسبوك : soukystories التيكتوك : soukystories الى كنتي من محبي القصص المسموعة تقدر تلقاني ف: سبوتيفاي: soukystories أنغامي: soukystories غوغل بودكاست: soukystories #explore #قصص_بالدرجة #قصص_بالدارجة #قصص_بالدارجة_المغربية #قصص_واقعية #قصص_غريبة #قصص_حقیقية #9isas_wa9i3iya #souky_stories #soukystories","soukystories,souki stories,المغرب,manar stories,lassakri,العسكري,safaa,الخراز,zineb story,قصص حقيقية,Chaimae Belkhir,Nisrine - نسرين,سوكمان sockman,NADIAS,حكايات رضا,قضايا,meryem story,@kharrazabdelkader,rajaa stories,senpai,خراز,lasakri,laskari,laaskari,3askari,lasskari,لعساكري,العساكري,لعسكاري,العسكاري,لعسكري,kwili,lemo,Kharraz,ليمو,كويلي,alkharraz,l3askri,laasikri,lassakri fz,laskri fatima,NADIA STORIES,قصص مظلمة | dark stories,قصص من التاريخ,سوكي ستوريز,رمضان",24,Entertainment,Knowledge,PT44M23S,2663,2d,hd,false,ar,ar,https://i.ytimg.com/vi/vT_1sRIV57g/maxresdefault.jpg,1,,,,,154239,7242,,0,457
84,UC9JNENLelbGff__RYGLP1jA,"Souky Stories",lvt6E43s3Uo,2025-07-03T20:00:37Z,"2025-07-03 20:00:37","تدفنات حية وداكشي لي وقع من بعد كان صادم ‼️ (*للكبار فقط*) ⚠️","مرحبا بكم في القناة، الاسم ديالي سكينة و اليوم غادي نكتاشفو خبايا هاد القصة هاد القناة دارت ليك إلى كنتي من عشاق : - قصص حقيقية - قصص رعب - قصص جرائم - قصص غريبة - قصص بوليسية - قصص مؤثرة - قصص ملهمة - قصص واقعية كانحط قصة يوم الإثنين والخميس والسبت. ماتنساش تشتارك فالقناة وتفعل الجرس باش يوصلوك فيديوهات وقصص جداد. مرحبا بيك في عالم القصص المثيرة ❤️ تابعوني ايضا على مواقع التواصل الاجتماعي إذا كنت من محبي القصص القصيرة عبر: الانستغرام : soukystories الفايسبوك : soukystories التيكتوك : soukystories الى كنتي من محبي القصص المسموعة تقدر تلقاني ف: سبوتيفاي: soukystories أنغامي: soukystories غوغل بودكاست: soukystories #explore #قصص_بالدرجة #قصص_بالدارجة #قصص_بالدارجة_المغربية #قصص_واقعية #قصص_غريبة #قصص_حقیقية #9isas_wa9i3iya #souky_stories #soukystories","soukystories,souki stories,المغرب,manar stories,lassakri,العسكري,safaa,الخراز,zineb story,قصص حقيقية,Chaimae Belkhir,Nisrine - نسرين,سوكمان sockman,NADIAS,حكايات رضا,قضايا,meryem story,@kharrazabdelkader,rajaa stories,senpai,خراز,lasakri,laskari,laaskari,3askari,lasskari,لعساكري,العساكري,لعسكاري,العسكاري,لعسكري,kwili,lemo,Kharraz,ليمو,كويلي,alkharraz,l3askri,laasikri,lassakri fz,laskri fatima,NADIA STORIES,قصص مظلمة | dark stories,قصص من التاريخ,سوكي ستوريز,رمضان",24,Entertainment,,PT21M37S,1297,2d,hd,false,ar,ar,https://i.ytimg.com/vi/lvt6E43s3Uo/maxresdefault.jpg,1,,,,,135845,7346,,0,373
85,UC9JNENLelbGff__RYGLP1jA,"Souky Stories",77FFlw15ATg,2025-06-30T19:00:09Z,"2025-06-30 19:00:09","ضحك على البوليس لسنوات وفاش بانت الحقيقة كلشي تصدم ‼️ (*للكبار فقط*) ⚠️","مرحبا بكم في القناة، الاسم ديالي سكينة و اليوم غادي نكتاشفو خبايا هاد القصة هاد القناة دارت ليك إلى كنتي من عشاق : - قصص حقيقية - قصص رعب - قصص جرائم - قصص غريبة - قصص بوليسية - قصص مؤثرة - قصص ملهمة - قصص واقعية كانحط قصة يوم الإثنين والخميس والسبت. ماتنساش تشتارك فالقناة وتفعل الجرس باش يوصلوك فيديوهات وقصص جداد. مرحبا بيك في عالم القصص المثيرة ❤️ تابعوني ايضا على مواقع التواصل الاجتماعي إذا كنت من محبي القصص القصيرة عبر: الانستغرام : soukystories الفايسبوك : soukystories التيكتوك : soukystories الى كنتي من محبي القصص المسموعة تقدر تلقاني ف: سبوتيفاي: soukystories أنغامي: soukystories غوغل بودكاست: soukystories #explore #قصص_بالدرجة #قصص_بالدارجة #قصص_بالدارجة_المغربية #قصص_واقعية #قصص_غريبة #قصص_حقیقية #9isas_wa9i3iya #souky_stories #soukystories","soukystories,souki stories,المغرب,manar stories,lassakri,العسكري,safaa,الخراز,zineb story,قصص حقيقية,Chaimae Belkhir,Nisrine - نسرين,سوكمان sockman,NADIAS,حكايات رضا,قضايا,meryem story,@kharrazabdelkader,rajaa stories,senpai,خراز,lasakri,laskari,laaskari,3askari,lasskari,لعساكري,العساكري,لعسكاري,العسكاري,لعسكري,kwili,lemo,Kharraz,ليمو,كويلي,alkharraz,l3askri,laasikri,lassakri fz,laskri fatima,NADIA STORIES,قصص مظلمة | dark stories,قصص من التاريخ,سوكي ستوريز,رمضان",24,Entertainment,,PT33M,1980,2d,hd,false,ar,ar,,1,,,,,147722,7685,,0,454
86,UC9JNENLelbGff__RYGLP1jA,"Souky Stories",ixZdLc1Iqd0,2025-06-27T21:59:36Z,"2025-06-27 21:59:36","الزودياك - الوحش لي حمق البوليس فأمريكا لسنوات‼️ (*للكبار فقط*) ⚠️","مرحبا بكم في القناة، الاسم ديالي سكينة و اليوم غادي نكتاشفو خبايا هاد القصة هاد القناة دارت ليك إلى كنتي من عشاق : - قصص حقيقية - قصص رعب - قصص جرائم - قصص غريبة - قصص بوليسية - قصص مؤثرة - قصص ملهمة - قصص واقعية كانحط قصة يوم الإثنين والخميس والسبت. ماتنساش تشتارك فالقناة وتفعل الجرس باش يوصلوك فيديوهات وقصص جداد. مرحبا بيك في عالم القصص المثيرة ❤️ تابعوني ايضا على مواقع التواصل الاجتماعي إذا كنت من محبي القصص القصيرة عبر: الانستغرام : soukystories الفايسبوك : soukystories التيكتوك : soukystories الى كنتي من محبي القصص المسموعة تقدر تلقاني ف: سبوتيفاي: soukystories أنغامي: soukystories غوغل بودكاست: soukystories #explore #قصص_بالدرجة #قصص_بالدارجة #قصص_بالدارجة_المغربية #قصص_واقعية #قصص_غريبة #قصص_حقیقية #9isas_wa9i3iya #souky_stories #soukystories","soukystories,souki stories,المغرب,manar stories,lassakri,العسكري,safaa,الخراز,zineb story,قصص حقيقية,Chaimae Belkhir,Nisrine - نسرين,سوكمان sockman,NADIAS,حكايات رضا,قضايا,meryem story,@kharrazabdelkader,rajaa stories,senpai,خراز,lasakri,laskari,laaskari,3askari,lasskari,لعساكري,العساكري,لعسكاري,العسكاري,لعسكري,kwili,lemo,Kharraz,ليمو,كويلي,alkharraz,l3askri,laasikri,lassakri fz,laskri fatima,NADIA STORIES,قصص مظلمة | dark stories,قصص من التاريخ,سوكي ستوريز,رمضان",24,Entertainment,Entertainment,PT51M25S,3085,2d,hd,false,ar,ar,https://i.ytimg.com/vi/ixZdLc1Iqd0/maxresdefault.jpg,1,,,,,188347,8518,,0,536
87,UC9JNENLelbGff__RYGLP1jA,"Souky Stories",9wDWofOxsp0,2025-06-23T21:40:12Z,"2025-06-23 21:40:12","جار دار كارثة كبيرة وكلشي تشد فالكاميرات 😨 (*للكبار فقط*) ‼️","مرحبا بكم في القناة، الاسم ديالي سكينة و اليوم غادي نكتاشفو خبايا هاد القصة هاد القناة دارت ليك إلى كنتي من عشاق : - قصص حقيقية - قصص رعب - قصص جرائم - قصص غريبة - قصص بوليسية - قصص مؤثرة - قصص ملهمة - قصص واقعية كانحط قصة يوم الإثنين والخميس والسبت. ماتنساش تشتارك فالقناة وتفعل الجرس باش يوصلوك فيديوهات وقصص جداد. مرحبا بيك في عالم القصص المثيرة ❤️ تابعوني ايضا على مواقع التواصل الاجتماعي إذا كنت من محبي القصص القصيرة عبر: الانستغرام : soukystories الفايسبوك : soukystories التيكتوك : soukystories الى كنتي من محبي القصص المسموعة تقدر تلقاني ف: سبوتيفاي: soukystories أنغامي: soukystories غوغل بودكاست: soukystories #explore #قصص_بالدرجة #قصص_بالدارجة #قصص_بالدارجة_المغربية #قصص_واقعية #قصص_غريبة #قصص_حقیقية #9isas_wa9i3iya #souky_stories #soukystories","soukystories,souki stories,المغرب,manar stories,lassakri,العسكري,safaa,الخراز,zineb story,قصص حقيقية,Chaimae Belkhir,Nisrine - نسرين,سوكمان sockman,NADIAS,حكايات رضا,قضايا,meryem story,@kharrazabdelkader,rajaa stories,senpai,خراز,lasakri,laskari,laaskari,3askari,lasskari,لعساكري,العساكري,لعسكاري,العسكاري,لعسكري,kwili,lemo,Kharraz,ليمو,كويلي,alkharraz,l3askri,laasikri,lassakri fz,laskri fatima,NADIA STORIES,قصص مظلمة | dark stories,قصص من التاريخ,سوكي ستوريز,رمضان",24,Entertainment,,PT24M5S,1445,2d,hd,false,ar,ar,https://i.ytimg.com/vi/9wDWofOxsp0/maxresdefault.jpg,1,,,,,133063,7829,,0,601
88,UC9JNENLelbGff__RYGLP1jA,"Souky Stories",j2ZigSQqVsY,2025-06-16T20:32:47Z,"2025-06-16 20:32:47","دخلات الجامعة وماعاوداتش خرجات والصدمة كانت بعد ثلاثة أيام‼️ (*للكبار فقط*) ⚠️","مرحبا بكم في القناة، الاسم ديالي سكينة و اليوم غادي نكتاشفو خبايا هاد القصة هاد القناة دارت ليك إلى كنتي من عشاق : - قصص حقيقية - قصص رعب - قصص جرائم - قصص غريبة - قصص بوليسية - قصص مؤثرة - قصص ملهمة - قصص واقعية كانحط قصة يوم الإثنين والخميس والسبت. ماتنساش تشتارك فالقناة وتفعل الجرس باش يوصلوك فيديوهات وقصص جداد. مرحبا بيك في عالم القصص المثيرة ❤️ تابعوني ايضا على مواقع التواصل الاجتماعي إذا كنت من محبي القصص القصيرة عبر: الانستغرام : soukystories الفايسبوك : soukystories التيكتوك : soukystories الى كنتي من محبي القصص المسموعة تقدر تلقاني ف: سبوتيفاي: soukystories أنغامي: soukystories غوغل بودكاست: soukystories #explore #قصص_بالدرجة #قصص_بالدارجة #قصص_بالدارجة_المغربية #قصص_واقعية #قصص_غريبة #قصص_حقیقية #9isas_wa9i3iya #souky_stories #soukystories","soukystories,souki stories,المغرب,manar stories,lassakri,العسكري,safaa,الخراز,zineb story,قصص حقيقية,Chaimae Belkhir,Nisrine - نسرين,سوكمان sockman,NADIAS,حكايات رضا,قضايا,meryem story,@kharrazabdelkader,rajaa stories,senpai,خراز,lasakri,laskari,laaskari,3askari,lasskari,لعساكري,العساكري,لعسكاري,العسكاري,لعسكري,kwili,lemo,Kharraz,ليمو,كويلي,alkharraz,l3askri,laasikri,lassakri fz,laskri fatima,NADIA STORIES,قصص مظلمة | dark stories,قصص من التاريخ,سوكي ستوريز,رمضان",24,Entertainment,,PT25M17S,1517,2d,hd,false,ar,ar,https://i.ytimg.com/vi/j2ZigSQqVsY/maxresdefault.jpg,1,,,,,139484,7927,,0,482
89,UC9JNENLelbGff__RYGLP1jA,"Souky Stories",t30KnmvFmmQ,2025-06-12T20:09:28Z,"2025-06-12 20:09:28","كانت في بث مباشر حتى وقعت الكارثة ⚠️ (*للكبار فقط*) ‼️","مرحبا بكم في القناة، الاسم ديالي سكينة و اليوم غادي نكتاشفو خبايا هاد القصة هاد القناة دارت ليك إلى كنتي من عشاق : - قصص حقيقية - قصص رعب - قصص جرائم - قصص غريبة - قصص بوليسية - قصص مؤثرة - قصص ملهمة - قصص واقعية كانحط قصة يوم الإثنين والخميس والسبت. ماتنساش تشتارك فالقناة وتفعل الجرس باش يوصلوك فيديوهات وقصص جداد. مرحبا بيك في عالم القصص المثيرة ❤️ تابعوني ايضا على مواقع التواصل الاجتماعي إذا كنت من محبي القصص القصيرة عبر: الانستغرام : soukystories الفايسبوك : soukystories التيكتوك : soukystories الى كنتي من محبي القصص المسموعة تقدر تلقاني ف: سبوتيفاي: soukystories أنغامي: soukystories غوغل بودكاست: soukystories #explore #قصص_بالدرجة #قصص_بالدارجة #قصص_بالدارجة_المغربية #قصص_واقعية #قصص_غريبة #قصص_حقیقية #9isas_wa9i3iya #souky_stories #soukystories","soukystories,souki stories,المغرب,manar stories,lassakri,العسكري,safaa,الخراز,zineb story,قصص حقيقية,Chaimae Belkhir,Nisrine - نسرين,سوكمان sockman,NADIAS,حكايات رضا,قضايا,meryem story,@kharrazabdelkader,rajaa stories,senpai,خراز,lasakri,laskari,laaskari,3askari,lasskari,لعساكري,العساكري,لعسكاري,العسكاري,لعسكري,kwili,lemo,Kharraz,ليمو,كويلي,alkharraz,l3askri,laasikri,lassakri fz,laskri fatima,NADIA STORIES,قصص مظلمة | dark stories,قصص من التاريخ,سوكي ستوريز,رمضان",24,Entertainment,,PT23M34S,1414,2d,hd,false,ar,ar,https://i.ytimg.com/vi/t30KnmvFmmQ/maxresdefault.jpg,1,,,,,142551,7914,,0,478
90,UC9JNENLelbGff__RYGLP1jA,"Souky Stories",ZkY6DI6AGdg,2025-06-09T20:44:56Z,"2025-06-09 20:44:56","قصة الوحش لي نشر الرعب فالعالم ⚠️ (*للكبار فقط*) ‼️","مرحبا بكم في القناة، الاسم ديالي سكينة و اليوم غادي نكتاشفو خبايا هاد القصة هاد القناة دارت ليك إلى كنتي من عشاق : - قصص حقيقية - قصص رعب - قصص جرائم - قصص غريبة - قصص بوليسية - قصص مؤثرة - قصص ملهمة - قصص واقعية كانحط قصة يوم الإثنين والخميس والسبت. ماتنساش تشتارك فالقناة وتفعل الجرس باش يوصلوك فيديوهات وقصص جداد. مرحبا بيك في عالم القصص المثيرة ❤️ تابعوني ايضا على مواقع التواصل الاجتماعي إذا كنت من محبي القصص القصيرة عبر: الانستغرام : soukystories الفايسبوك : soukystories التيكتوك : soukystories الى كنتي من محبي القصص المسموعة تقدر تلقاني ف: سبوتيفاي: soukystories أنغامي: soukystories غوغل بودكاست: soukystories #explore #قصص_بالدرجة #قصص_بالدارجة #قصص_بالدارجة_المغربية #قصص_واقعية #قصص_غريبة #قصص_حقیقية #9isas_wa9i3iya #souky_stories #soukystories","soukystories,souki stories,المغرب,manar stories,lassakri,العسكري,safaa,الخراز,zineb story,قصص حقيقية,Chaimae Belkhir,Nisrine - نسرين,سوكمان sockman,NADIAS,حكايات رضا,قضايا,meryem story,@kharrazabdelkader,rajaa stories,senpai,خراز,lasakri,laskari,laaskari,3askari,lasskari,لعساكري,العساكري,لعسكاري,العسكاري,لعسكري,kwili,lemo,Kharraz,ليمو,كويلي,alkharraz,l3askri,laasikri,lassakri fz,laskri fatima,NADIA STORIES,قصص مظلمة | dark stories,قصص من التاريخ,سوكي ستوريز,رمضان",24,Entertainment,,PT1H8M32S,512,2d,hd,false,ar,ar,https://i.ytimg.com/vi/ZkY6DI6AGdg/maxresdefault.jpg,1,,,,,353444,10561,,0,987
91,UC9JNENLelbGff__RYGLP1jA,"Souky Stories",VNfSVGxgHm4,2025-06-05T18:38:35Z,"2025-06-05 18:38:35","قصة البنت لي دارت مجزرة كبيرة والسبب صادم ‼️","مرحبا بكم في القناة، الاسم ديالي سكينة و اليوم غادي نكتاشفو خبايا هاد القصة هاد القناة دارت ليك إلى كنتي من عشاق : - قصص حقيقية - قصص رعب - قصص جرائم - قصص غريبة - قصص بوليسية - قصص مؤثرة - قصص ملهمة - قصص واقعية كانحط قصة يوم الإثنين والخميس والسبت. ماتنساش تشتارك فالقناة وتفعل الجرس باش يوصلوك فيديوهات وقصص جداد. مرحبا بيك في عالم القصص المثيرة ❤️ تابعوني ايضا على مواقع التواصل الاجتماعي إذا كنت من محبي القصص القصيرة عبر: الانستغرام : soukystories الفايسبوك : soukystories التيكتوك : soukystories الى كنتي من محبي القصص المسموعة تقدر تلقاني ف: سبوتيفاي: soukystories أنغامي: soukystories غوغل بودكاست: soukystories #explore #قصص_بالدرجة #قصص_بالدارجة #قصص_بالدارجة_المغربية #قصص_واقعية #قصص_غريبة #قصص_حقیقية #9isas_wa9i3iya #souky_stories #soukystories","soukystories,souki stories,المغرب,manar stories,lassakri,العسكري,safaa,الخراز,zineb story,قصص حقيقية,Chaimae Belkhir,Nisrine - نسرين,سوكمان sockman,NADIAS,حكايات رضا,قضايا,meryem story,@kharrazabdelkader,rajaa stories,senpai,خراز,lasakri,laskari,laaskari,3askari,lasskari,لعساكري,العساكري,لعسكاري,العسكاري,لعسكري,kwili,lemo,Kharraz,ليمو,كويلي,alkharraz,l3askri,laasikri,lassakri fz,laskri fatima,NADIA STORIES,قصص مظلمة | dark stories,قصص من التاريخ,سوكي ستوريز,رمضان",24,Entertainment,,PT21M57S,1317,2d,hd,false,ar,ar,https://i.ytimg.com/vi/VNfSVGxgHm4/maxresdefault.jpg,1,,,,,163670,8246,,0,524
92,UC9JNENLelbGff__RYGLP1jA,"Souky Stories",Ifmxq5GfyRg,2025-06-02T20:00:22Z,"2025-06-02 20:00:22","السر البشع لي كان مخبي فهاد الدار صدم العالم ⚠️ (*للكبار فقط*) ‼️","مرحبا بكم في القناة، الاسم ديالي سكينة و اليوم غادي نكتاشفو خبايا هاد القصة هاد القناة دارت ليك إلى كنتي من عشاق : - قصص حقيقية - قصص رعب - قصص جرائم - قصص غريبة - قصص بوليسية - قصص مؤثرة - قصص ملهمة - قصص واقعية كانحط قصة يوم الإثنين والخميس والسبت. ماتنساش تشتارك فالقناة وتفعل الجرس باش يوصلوك فيديوهات وقصص جداد. مرحبا بيك في عالم القصص المثيرة ❤️ تابعوني ايضا على مواقع التواصل الاجتماعي إذا كنت من محبي القصص القصيرة عبر: الانستغرام : soukystories الفايسبوك : soukystories التيكتوك : soukystories الى كنتي من محبي القصص المسموعة تقدر تلقاني ف: سبوتيفاي: soukystories أنغامي: soukystories غوغل بودكاست: soukystories #explore #قصص_بالدرجة #قصص_بالدارجة #قصص_بالدارجة_المغربية #قصص_واقعية #قصص_غريبة #قصص_حقیقية #9isas_wa9i3iya #souky_stories #soukystories","soukystories,souki stories,المغرب,manar stories,lassakri,العسكري,safaa,الخراز,zineb story,قصص حقيقية,Chaimae Belkhir,Nisrine - نسرين,سوكمان sockman,NADIAS,حكايات رضا,قضايا,meryem story,@kharrazabdelkader,rajaa stories,senpai,خراز,lasakri,laskari,laaskari,3askari,lasskari,لعساكري,العساكري,لعسكاري,العسكاري,لعسكري,kwili,lemo,Kharraz,ليمو,كويلي,alkharraz,l3askri,laasikri,lassakri fz,laskri fatima,NADIA STORIES,قصص مظلمة | dark stories,قصص من التاريخ,سوكي ستوريز,رمضان",24,Entertainment,,PT22M47S,1367,2d,hd,false,ar,ar,https://i.ytimg.com/vi/Ifmxq5GfyRg/maxresdefault.jpg,1,,,,,146943,7619,,0,430
93,UC9JNENLelbGff__RYGLP1jA,"Souky Stories",f3njvt0AehE,2025-05-30T19:30:04Z,"2025-05-30 19:30:04","قلب من حجر ⚠️قصة الوحش لي نشر الرعب فأستراليا (*للكبار فقط*) ‼️","مرحبا بكم في القناة، الاسم ديالي سكينة و اليوم غادي نكتاشفو خبايا هاد القصة هاد القناة دارت ليك إلى كنتي من عشاق : - قصص حقيقية - قصص رعب - قصص جرائم - قصص غريبة - قصص بوليسية - قصص مؤثرة - قصص ملهمة - قصص واقعية كانحط قصة يوم الإثنين والخميس والسبت. ماتنساش تشتارك فالقناة وتفعل الجرس باش يوصلوك فيديوهات وقصص جداد. مرحبا بيك في عالم القصص المثيرة ❤️ تابعوني ايضا على مواقع التواصل الاجتماعي إذا كنت من محبي القصص القصيرة عبر: الانستغرام : soukystories الفايسبوك : soukystories التيكتوك : soukystories الى كنتي من محبي القصص المسموعة تقدر تلقاني ف: سبوتيفاي: soukystories أنغامي: soukystories غوغل بودكاست: soukystories #explore #قصص_بالدرجة #قصص_بالدارجة #قصص_بالدارجة_المغربية #قصص_واقعية #قصص_غريبة #قصص_حقیقية #9isas_wa9i3iya #souky_stories #soukystories","soukystories,souki stories,المغرب,manar stories,lassakri,العسكري,safaa,الخراز,zineb story,قصص حقيقية,Chaimae Belkhir,Nisrine - نسرين,سوكمان sockman,NADIAS,حكايات رضا,قضايا,meryem story,@kharrazabdelkader,rajaa stories,senpai,خراز,lasakri,laskari,laaskari,3askari,lasskari,لعساكري,العساكري,لعسكاري,العسكاري,لعسكري,kwili,lemo,Kharraz,ليمو,كويلي,alkharraz,l3askri,laasikri,lassakri fz,laskri fatima,NADIA STORIES,قصص مظلمة | dark stories,قصص من التاريخ,سوكي ستوريز,رمضان",24,Entertainment,,PT44M3S,2643,2d,hd,false,ar,ar,https://i.ytimg.com/vi/f3njvt0AehE/maxresdefault.jpg,1,,,,,270702,9976,,0,689
94,UC9JNENLelbGff__RYGLP1jA,"Souky Stories",XtyFz-907gU,2025-05-26T20:42:25Z,"2025-05-26 20:42:25","كاميرات المراقبة فضحات شيطان كان عايش بيناتهم ⚠️ (*للكبار فقط*) ‼️","مرحبا بكم في القناة، الاسم ديالي سكينة و اليوم غادي نكتاشفو خبايا هاد القصة هاد القناة دارت ليك إلى كنتي من عشاق : - قصص حقيقية - قصص رعب - قصص جرائم - قصص غريبة - قصص بوليسية - قصص مؤثرة - قصص ملهمة - قصص واقعية كانحط قصة يوم الإثنين والخميس والسبت. ماتنساش تشتارك فالقناة وتفعل الجرس باش يوصلوك فيديوهات وقصص جداد. مرحبا بيك في عالم القصص المثيرة ❤️ تابعوني ايضا على مواقع التواصل الاجتماعي إذا كنت من محبي القصص القصيرة عبر: الانستغرام : soukystories الفايسبوك : soukystories التيكتوك : soukystories الى كنتي من محبي القصص المسموعة تقدر تلقاني ف: سبوتيفاي: soukystories أنغامي: soukystories غوغل بودكاست: soukystories #explore #قصص_بالدرجة #قصص_بالدارجة #قصص_بالدارجة_المغربية #قصص_واقعية #قصص_غريبة #قصص_حقیقية #9isas_wa9i3iya #souky_stories #soukystories","soukystories,souki stories,المغرب,manar stories,lassakri,العسكري,safaa,الخراز,zineb story,قصص حقيقية,Chaimae Belkhir,Nisrine - نسرين,سوكمان sockman,NADIAS,حكايات رضا,قضايا,meryem story,@kharrazabdelkader,rajaa stories,senpai,خراز,lasakri,laskari,laaskari,3askari,lasskari,لعساكري,العساكري,لعسكاري,العسكاري,لعسكري,kwili,lemo,Kharraz,ليمو,كويلي,alkharraz,l3askri,laasikri,lassakri fz,laskri fatima,NADIA STORIES,قصص مظلمة | dark stories,قصص من التاريخ,سوكي ستوريز,رمضان",24,Entertainment,,PT27M52S,1672,2d,hd,false,ar,ar,https://i.ytimg.com/vi/XtyFz-907gU/maxresdefault.jpg,1,,,,,243748,10125,,0,594
95,UC9JNENLelbGff__RYGLP1jA,"Souky Stories",mbCXjCYqIbA,2025-05-22T21:09:46Z,"2025-05-22 21:09:46","قضية الانترنت المظلم لي دارت ضجة فمصر بالبشاعة ديالها ⚠️ (*للكبار فقط*) ‼️","مرحبا بكم في القناة، الاسم ديالي سكينة و اليوم غادي نكتاشفو خبايا هاد القصة هاد القناة دارت ليك إلى كنتي من عشاق : - قصص حقيقية - قصص رعب - قصص جرائم - قصص غريبة - قصص بوليسية - قصص مؤثرة - قصص ملهمة - قصص واقعية كانحط قصة يوم الإثنين والخميس والسبت. ماتنساش تشتارك فالقناة وتفعل الجرس باش يوصلوك فيديوهات وقصص جداد. مرحبا بيك في عالم القصص المثيرة ❤️ تابعوني ايضا على مواقع التواصل الاجتماعي إذا كنت من محبي القصص القصيرة عبر: الانستغرام : soukystories الفايسبوك : soukystories التيكتوك : soukystories الى كنتي من محبي القصص المسموعة تقدر تلقاني ف: سبوتيفاي: soukystories أنغامي: soukystories غوغل بودكاست: soukystories #explore #قصص_بالدرجة #قصص_بالدارجة #قصص_بالدارجة_المغربية #قصص_واقعية #قصص_غريبة #قصص_حقیقية #9isas_wa9i3iya #souky_stories #soukystories","soukystories,souki stories,المغرب,manar stories,lassakri,العسكري,safaa,الخراز,zineb story,قصص حقيقية,Chaimae Belkhir,Nisrine - نسرين,سوكمان sockman,NADIAS,حكايات رضا,قضايا,meryem story,@kharrazabdelkader,rajaa stories,senpai,خراز,lasakri,laskari,laaskari,3askari,lasskari,لعساكري,العساكري,لعسكاري,العسكاري,لعسكري,kwili,lemo,Kharraz,ليمو,كويلي,alkharraz,l3askri,laasikri,lassakri fz,laskri fatima,NADIA STORIES,قصص مظلمة | dark stories,قصص من التاريخ,سوكي ستوريز,رمضان",24,Entertainment,,PT28M27S,1707,2d,hd,false,ar,ar,https://i.ytimg.com/vi/mbCXjCYqIbA/maxresdefault.jpg,1,,,,,134343,7297,,0,820
96,UC9JNENLelbGff__RYGLP1jA,"Souky Stories",lho_zb1daPc,2025-05-15T21:36:47Z,"2025-05-15 21:36:47","الوحش الذي أرعب مدينة باريس بجرائمه الوحشية ⚠️ (*للكبار فقط*) ‼️","مرحبا بكم في القناة، الاسم ديالي سكينة و اليوم غادي نكتاشفو خبايا هاد القصة هاد القناة دارت ليك إلى كنتي من عشاق : - قصص حقيقية - قصص رعب - قصص جرائم - قصص غريبة - قصص بوليسية - قصص مؤثرة - قصص ملهمة - قصص واقعية كانحط قصة يوم الإثنين والخميس والسبت. ماتنساش تشتارك فالقناة وتفعل الجرس باش يوصلوك فيديوهات وقصص جداد. مرحبا بيك في عالم القصص المثيرة ❤️ تابعوني ايضا على مواقع التواصل الاجتماعي إذا كنت من محبي القصص القصيرة عبر: الانستغرام : soukystories الفايسبوك : soukystories التيكتوك : soukystories الى كنتي من محبي القصص المسموعة تقدر تلقاني ف: سبوتيفاي: soukystories أنغامي: soukystories غوغل بودكاست: soukystories #explore #قصص_بالدرجة #قصص_بالدارجة #قصص_بالدارجة_المغربية #قصص_واقعية #قصص_غريبة #قصص_حقیقية #9isas_wa9i3iya #souky_stories #soukystories","soukystories,souki stories,المغرب,manar stories,lassakri,العسكري,safaa,الخراز,zineb story,قصص حقيقية,Chaimae Belkhir,Nisrine - نسرين,سوكمان sockman,NADIAS,حكايات رضا,قضايا,meryem story,@kharrazabdelkader,rajaa stories,senpai,خراز,lasakri,laskari,laaskari,3askari,lasskari,لعساكري,العساكري,لعسكاري,العسكاري,لعسكري,kwili,lemo,Kharraz,ليمو,كويلي,alkharraz,l3askri,laasikri,lassakri fz,laskri fatima,NADIA STORIES,قصص مظلمة | dark stories,قصص من التاريخ,سوكي ستوريز,رمضان",24,Entertainment,,PT38M1S,2281,2d,hd,false,ar,ar,https://i.ytimg.com/vi/lho_zb1daPc/maxresdefault.jpg,1,,,,,275315,9497,,0,495
97,UC9JNENLelbGff__RYGLP1jA,"Souky Stories",NyMoRpC8cCw,2025-05-12T20:52:40Z,"2025-05-12 20:52:40","شيطان كان مراقبها وهي مافراسهاش والنهاية صادمة ⚠️ (*للكبار فقط*) ‼️","مرحبا بكم في القناة، الاسم ديالي سكينة و اليوم غادي نكتاشفو خبايا هاد القصة هاد القناة دارت ليك إلى كنتي من عشاق : - قصص حقيقية - قصص رعب - قصص جرائم - قصص غريبة - قصص بوليسية - قصص مؤثرة - قصص ملهمة - قصص واقعية كانحط قصة يوم الإثنين والخميس والسبت. ماتنساش تشتارك فالقناة وتفعل الجرس باش يوصلوك فيديوهات وقصص جداد. مرحبا بيك في عالم القصص المثيرة ❤️ تابعوني ايضا على مواقع التواصل الاجتماعي إذا كنت من محبي القصص القصيرة عبر: الانستغرام : soukystories الفايسبوك : soukystories التيكتوك : soukystories الى كنتي من محبي القصص المسموعة تقدر تلقاني ف: سبوتيفاي: soukystories أنغامي: soukystories غوغل بودكاست: soukystories #explore #قصص_بالدرجة #قصص_بالدارجة #قصص_بالدارجة_المغربية #قصص_واقعية #قصص_غريبة #قصص_حقیقية #9isas_wa9i3iya #souky_stories #soukystories","soukystories,souki stories,المغرب,manar stories,lassakri,العسكري,safaa,الخراز,zineb story,قصص حقيقية,Chaimae Belkhir,Nisrine - نسرين,سوكمان sockman,NADIAS,حكايات رضا,قضايا,meryem story,@kharrazabdelkader,rajaa stories,senpai,خراز,lasakri,laskari,laaskari,3askari,lasskari,لعساكري,العساكري,لعسكاري,العسكاري,لعسكري,kwili,lemo,Kharraz,ليمو,كويلي,alkharraz,l3askri,laasikri,lassakri fz,laskri fatima,NADIA STORIES,قصص مظلمة | dark stories,قصص من التاريخ,سوكي ستوريز,رمضان",24,Entertainment,,PT24M6S,1446,2d,hd,false,ar,ar,https://i.ytimg.com/vi/NyMoRpC8cCw/maxresdefault.jpg,1,,,,,152303,9040,,0,706
98,UC9JNENLelbGff__RYGLP1jA,"Souky Stories",eehRGfb5pjk,2025-05-10T19:34:20Z,"2025-05-10 19:34:20","كانو عايشين بيخير حتى تفضح السر ديال واحد فيهم بأبشع طريقة ⚠️ (*للكبار فقط*) ‼️","مرحبا بكم في القناة، الاسم ديالي سكينة و اليوم غادي نكتاشفو خبايا هاد القصة هاد القناة دارت ليك إلى كنتي من عشاق : - قصص حقيقية - قصص رعب - قصص جرائم - قصص غريبة - قصص بوليسية - قصص مؤثرة - قصص ملهمة - قصص واقعية كانحط قصة يوم الإثنين والخميس والسبت. ماتنساش تشتارك فالقناة وتفعل الجرس باش يوصلوك فيديوهات وقصص جداد. مرحبا بيك في عالم القصص المثيرة ❤️ تابعوني ايضا على مواقع التواصل الاجتماعي إذا كنت من محبي القصص القصيرة عبر: الانستغرام : soukystories الفايسبوك : soukystories التيكتوك : soukystories الى كنتي من محبي القصص المسموعة تقدر تلقاني ف: سبوتيفاي: soukystories أنغامي: soukystories غوغل بودكاست: soukystories #explore #قصص_بالدرجة #قصص_بالدارجة #قصص_بالدارجة_المغربية #قصص_واقعية #قصص_غريبة #قصص_حقیقية #9isas_wa9i3iya #souky_stories #soukystories","soukystories,souki stories,المغرب,manar stories,lassakri,العسكري,safaa,الخراز,zineb story,قصص حقيقية,Chaimae Belkhir,Nisrine - نسرين,سوكمان sockman,NADIAS,حكايات رضا,قضايا,meryem story,@kharrazabdelkader,rajaa stories,senpai,خراز,lasakri,laskari,laaskari,3askari,lasskari,لعساكري,العساكري,لعسكاري,العسكاري,لعسكري,kwili,lemo,Kharraz,ليمو,كويلي,alkharraz,l3askri,laasikri,lassakri fz,laskri fatima,NADIA STORIES,قصص مظلمة | dark stories,قصص من التاريخ,سوكي ستوريز,رمضان",24,Entertainment,,PT19M25S,1165,2d,hd,false,ar,ar,https://i.ytimg.com/vi/eehRGfb5pjk/maxresdefault.jpg,1,,,,,121048,6852,,0,364
99,UC9JNENLelbGff__RYGLP1jA,"Souky Stories",j0IflDKWXYU,2025-05-01T20:05:00Z,"2025-05-01 20:05:00","مجزرة ماكدونالدز ‼️ المأساة التي غيرت أمريكا للأبد ⚠️🇺🇸","مرحبا بكم في القناة، الاسم ديالي سكينة و اليوم غادي نكتاشفو خبايا هاد القصة هاد القناة دارت ليك إلى كنتي من عشاق : - قصص حقيقية - قصص رعب - قصص جرائم - قصص غريبة - قصص بوليسية - قصص مؤثرة - قصص ملهمة - قصص واقعية كانحط قصة يوم الإثنين والخميس والسبت. ماتنساش تشتارك فالقناة وتفعل الجرس باش يوصلوك فيديوهات وقصص جداد. مرحبا بيك في عالم القصص المثيرة ❤️ تابعوني ايضا على مواقع التواصل الاجتماعي إذا كنت من محبي القصص القصيرة عبر: الانستغرام : soukystories الفايسبوك : soukystories التيكتوك : soukystories الى كنتي من محبي القصص المسموعة تقدر تلقاني ف: سبوتيفاي: soukystories أنغامي: soukystories غوغل بودكاست: soukystories #explore #قصص_بالدرجة #قصص_بالدارجة #قصص_بالدارجة_المغربية #قصص_واقعية #قصص_غريبة #قصص_حقیقية #9isas_wa9i3iya #souky_stories #soukystories","soukystories,souki stories,المغرب,manar stories,lassakri,العسكري,safaa,الخراز,zineb story,قصص حقيقية,Chaimae Belkhir,Nisrine - نسرين,سوكمان sockman,NADIAS,حكايات رضا,قضايا,meryem story,@kharrazabdelkader,rajaa stories,senpai,خراز,lasakri,laskari,laaskari,3askari,lasskari,لعساكري,العساكري,لعسكاري,العسكاري,لعسكري,kwili,lemo,Kharraz,ليمو,كويلي,alkharraz,l3askri,laasikri,lassakri fz,laskri fatima,NADIA STORIES,قصص مظلمة | dark stories,قصص من التاريخ,سوكي ستوريز,رمضان",24,Entertainment,,PT28M3S,1683,2d,hd,false,ar,ar,https://i.ytimg.com/vi/j0IflDKWXYU/maxresdefault.jpg,1,,,,,191451,8884,,0,424
100,UC9JNENLelbGff__RYGLP1jA,"Souky Stories",smdm1AqFNzE,2025-04-29T19:30:14Z,"2025-04-29 19:30:14","بنات صغار كايختفيو فواحد الفيلاج و الفاعل وحش صغير ⚠️ (*للكبار فقط*) ‼️","مرحبا بكم في القناة، الاسم ديالي سكينة و اليوم غادي نكتاشفو خبايا هاد القصة هاد القناة دارت ليك إلى كنتي من عشاق : - قصص حقيقية - قصص رعب - قصص جرائم - قصص غريبة - قصص بوليسية - قصص مؤثرة - قصص ملهمة - قصص واقعية كانحط قصة يوم الإثنين والخميس والسبت. ماتنساش تشتارك فالقناة وتفعل الجرس باش يوصلوك فيديوهات وقصص جداد. مرحبا بيك في عالم القصص المثيرة ❤️ تابعوني ايضا على مواقع التواصل الاجتماعي إذا كنت من محبي القصص القصيرة عبر: الانستغرام : soukystories الفايسبوك : soukystories التيكتوك : soukystories الى كنتي من محبي القصص المسموعة تقدر تلقاني ف: سبوتيفاي: soukystories أنغامي: soukystories غوغل بودكاست: soukystories #explore #قصص_بالدرجة #قصص_بالدارجة #قصص_بالدارجة_المغربية #قصص_واقعية #قصص_غريبة #قصص_حقیقية #9isas_wa9i3iya #souky_stories #soukystories","soukystories,souki stories,المغرب,manar stories,lassakri,العسكري,safaa,الخراز,zineb story,قصص حقيقية,Chaimae Belkhir,Nisrine - نسرين,سوكمان sockman,NADIAS,حكايات رضا,قضايا,meryem story,@kharrazabdelkader,rajaa stories,senpai,خراز,lasakri,laskari,laaskari,3askari,lasskari,لعساكري,العساكري,لعسكاري,العسكاري,لعسكري,kwili,lemo,Kharraz,ليمو,كويلي,alkharraz,l3askri,laasikri,lassakri fz,laskri fatima,NADIA STORIES,قصص مظلمة | dark stories,قصص من التاريخ,سوكي ستوريز,رمضان",24,Entertainment,,PT18M6S,1086,2d,hd,false,ar,ar,https://i.ytimg.com/vi/smdm1AqFNzE/maxresdefault.jpg,1,,,,,149036,8445,,0,490
101,UC9JNENLelbGff__RYGLP1jA,"Souky Stories",RSf31QIKLwk,2025-04-24T20:21:48Z,"2025-04-24 20:21:48","اختفاء غامض ونهاية بشعة ‼️ الجريمة للي بْكَّات القاضية  فالمحكمة ⚠️","مرحبا بكم في القناة، الاسم ديالي سكينة و اليوم غادي نكتاشفو خبايا هاد القصة هاد القناة دارت ليك إلى كنتي من عشاق : - قصص حقيقية - قصص رعب - قصص جرائم - قصص غريبة - قصص بوليسية - قصص مؤثرة - قصص ملهمة - قصص واقعية كانحط قصة يوم الإثنين والخميس والسبت. ماتنساش تشتارك فالقناة وتفعل الجرس باش يوصلوك فيديوهات وقصص جداد. مرحبا بيك في عالم القصص المثيرة ❤️ تابعوني ايضا على مواقع التواصل الاجتماعي إذا كنت من محبي القصص القصيرة عبر: الانستغرام : soukystories الفايسبوك : soukystories التيكتوك : soukystories الى كنتي من محبي القصص المسموعة تقدر تلقاني ف: سبوتيفاي: soukystories أنغامي: soukystories غوغل بودكاست: soukystories #explore #قصص_بالدرجة #قصص_بالدارجة #قصص_بالدارجة_المغربية #قصص_واقعية #قصص_غريبة #قصص_حقیقية #9isas_wa9i3iya #souky_stories #soukystories","soukystories,souki stories,المغرب,manar stories,lassakri,العسكري,safaa,الخراز,zineb story,قصص حقيقية,Chaimae Belkhir,Nisrine - نسرين,سوكمان sockman,NADIAS,حكايات رضا,قضايا,meryem story,@kharrazabdelkader,rajaa stories,senpai,خراز,lasakri,laskari,laaskari,3askari,lasskari,لعساكري,العساكري,لعسكاري,العسكاري,لعسكري,kwili,lemo,Kharraz,ليمو,كويلي,alkharraz,l3askri,laasikri,lassakri fz,laskri fatima,NADIA STORIES,قصص مظلمة | dark stories,قصص من التاريخ,سوكي ستوريز,رمضان",24,Entertainment,,PT24M22S,1462,2d,hd,false,ar,ar,https://i.ytimg.com/vi/RSf31QIKLwk/maxresdefault.jpg,1,,,,,163641,8473,,0,512
102,UC9JNENLelbGff__RYGLP1jA,"Souky Stories",8YPkFTFeZCs,2025-04-21T20:54:12Z,"2025-04-21 20:54:12","هروب ضحية كان السبب في القبض على شيطان ⚠️ (*للكبار فقط*) ‼️","مرحبا بكم في القناة، الاسم ديالي سكينة و اليوم غادي نكتاشفو خبايا هاد القصة هاد القناة دارت ليك إلى كنتي من عشاق : - قصص حقيقية - قصص رعب - قصص جرائم - قصص غريبة - قصص بوليسية - قصص مؤثرة - قصص ملهمة - قصص واقعية كانحط قصة يوم الإثنين والخميس والسبت. ماتنساش تشتارك فالقناة وتفعل الجرس باش يوصلوك فيديوهات وقصص جداد. مرحبا بيك في عالم القصص المثيرة ❤️ تابعوني ايضا على مواقع التواصل الاجتماعي إذا كنت من محبي القصص القصيرة عبر: الانستغرام : soukystories الفايسبوك : soukystories التيكتوك : soukystories الى كنتي من محبي القصص المسموعة تقدر تلقاني ف: سبوتيفاي: soukystories أنغامي: soukystories غوغل بودكاست: soukystories #explore #قصص_بالدرجة #قصص_بالدارجة #قصص_بالدارجة_المغربية #قصص_واقعية #قصص_غريبة #قصص_حقیقية #9isas_wa9i3iya #souky_stories #soukystories","soukystories,souki stories,المغرب,manar stories,lassakri,العسكري,safaa,الخراز,zineb story,قصص حقيقية,Chaimae Belkhir,Nisrine - نسرين,سوكمان sockman,NADIAS,حكايات رضا,قضايا,meryem story,@kharrazabdelkader,rajaa stories,senpai,خراز,lasakri,laskari,laaskari,3askari,lasskari,لعساكري,العساكري,لعسكاري,العسكاري,لعسكري,kwili,lemo,Kharraz,ليمو,كويلي,alkharraz,l3askri,laasikri,lassakri fz,laskri fatima,NADIA STORIES,قصص مظلمة | dark stories,قصص من التاريخ,سوكي ستوريز,رمضان",24,Entertainment,,PT33M50S,2030,2d,hd,false,ar,ar,https://i.ytimg.com/vi/8YPkFTFeZCs/maxresdefault.jpg,1,,,,,168900,8604,,0,545
103,UC9JNENLelbGff__RYGLP1jA,"Souky Stories",p8IIa0Myt5A,2025-04-17T19:45:02Z,"2025-04-17 19:45:02","خطة خبيثة وقلب من حجر ⚠️ القضية لي صدمات الناس فالهند ‼️🇮🇳","مرحبا بكم في القناة، الاسم ديالي سكينة و اليوم غادي نكتاشفو خبايا هاد القصة هاد القناة دارت ليك إلى كنتي من عشاق : - قصص حقيقية - قصص رعب - قصص جرائم - قصص غريبة - قصص بوليسية - قصص مؤثرة - قصص ملهمة - قصص واقعية كانحط قصة يوم الإثنين والخميس والسبت. ماتنساش تشتارك فالقناة وتفعل الجرس باش يوصلوك فيديوهات وقصص جداد. مرحبا بيك في عالم القصص المثيرة ❤️ تابعوني ايضا على مواقع التواصل الاجتماعي إذا كنت من محبي القصص القصيرة عبر: الانستغرام : soukystories الفايسبوك : soukystories التيكتوك : soukystories الى كنتي من محبي القصص المسموعة تقدر تلقاني ف: سبوتيفاي: soukystories أنغامي: soukystories غوغل بودكاست: soukystories #explore #قصص_بالدرجة #قصص_بالدارجة #قصص_بالدارجة_المغربية #قصص_واقعية #قصص_غريبة #قصص_حقیقية #9isas_wa9i3iya #souky_stories #soukystories","soukystories,souki stories,المغرب,manar stories,lassakri,العسكري,safaa,الخراز,zineb story,قصص حقيقية,Chaimae Belkhir,Nisrine - نسرين,سوكمان sockman,NADIAS,حكايات رضا,قضايا,meryem story,@kharrazabdelkader,rajaa stories,senpai,خراز,lasakri,laskari,laaskari,3askari,lasskari,لعساكري,العساكري,لعسكاري,العسكاري,لعسكري,kwili,lemo,Kharraz,ليمو,كويلي,alkharraz,l3askri,laasikri,lassakri fz,laskri fatima,NADIA STORIES,قصص مظلمة | dark stories,قصص من التاريخ,سوكي ستوريز,رمضان",24,Entertainment,,PT20M41S,1241,2d,hd,false,ar,ar,https://i.ytimg.com/vi/p8IIa0Myt5A/maxresdefault.jpg,1,,,,,156194,8594,,0,519
104,UC9JNENLelbGff__RYGLP1jA,"Souky Stories",hJhiGOzMNj4,2025-04-14T20:30:15Z,"2025-04-14 20:30:15","طاح فالفخ ديال أخطر منظمة والنهاية صادمة ‼️","مرحبا بكم في القناة، الاسم ديالي سكينة و اليوم غادي نكتاشفو خبايا هاد القصة هاد القناة دارت ليك إلى كنتي من عشاق : - قصص حقيقية - قصص رعب - قصص جرائم - قصص غريبة - قصص بوليسية - قصص مؤثرة - قصص ملهمة - قصص واقعية كانحط قصة يوم الإثنين والخميس والسبت. ماتنساش تشتارك فالقناة وتفعل الجرس باش يوصلوك فيديوهات وقصص جداد. مرحبا بيك في عالم القصص المثيرة ❤️ تابعوني ايضا على مواقع التواصل الاجتماعي إذا كنت من محبي القصص القصيرة عبر: الانستغرام : soukystories الفايسبوك : soukystories التيكتوك : soukystories الى كنتي من محبي القصص المسموعة تقدر تلقاني ف: سبوتيفاي: soukystories أنغامي: soukystories غوغل بودكاست: soukystories #explore #قصص_بالدرجة #قصص_بالدارجة #قصص_بالدارجة_المغربية #قصص_واقعية #قصص_غريبة #قصص_حقیقية #9isas_wa9i3iya #souky_stories #soukystories","soukystories,souki stories,المغرب,manar stories,lassakri,العسكري,safaa,الخراز,zineb story,قصص حقيقية,Chaimae Belkhir,Nisrine - نسرين,سوكمان sockman,NADIAS,حكايات رضا,قضايا,meryem story,@kharrazabdelkader,rajaa stories,senpai,خراز,lasakri,laskari,laaskari,3askari,lasskari,لعساكري,العساكري,لعسكاري,العسكاري,لعسكري,kwili,lemo,Kharraz,ليمو,كويلي,alkharraz,l3askri,laasikri,lassakri fz,laskri fatima,NADIA STORIES,قصص مظلمة | dark stories,قصص من التاريخ,سوكي ستوريز,رمضان",24,Entertainment,,PT27M53S,1673,2d,hd,false,ar,ar,https://i.ytimg.com/vi/hJhiGOzMNj4/maxresdefault.jpg,1,,,,,144307,7839,,0,419
105,UC9JNENLelbGff__RYGLP1jA,"Souky Stories",bjUDTyXtk30,2025-04-12T20:30:06Z,"2025-04-12 20:30:06","وحش مبلي بألعاب الفيديو دار شي حاجة كاتصدم ⚠️ (*للكبار فقط*) ‼️","رابط قضية سلمى عند قناة نسرين (Nisrine channel) : https://youtu.be/J6LSjLqwvzM?si=qqLIY7ftDh-2TTaG مرحبا بكم في القناة، الاسم ديالي سكينة و اليوم غادي نكتاشفو خبايا هاد القصة هاد القناة دارت ليك إلى كنتي من عشاق : - قصص حقيقية - قصص رعب - قصص جرائم - قصص غريبة - قصص بوليسية - قصص مؤثرة - قصص ملهمة - قصص واقعية كانحط قصة يوم الإثنين والخميس والسبت. ماتنساش تشتارك فالقناة وتفعل الجرس باش يوصلوك فيديوهات وقصص جداد. مرحبا بيك في عالم القصص المثيرة ❤️ تابعوني ايضا على مواقع التواصل الاجتماعي إذا كنت من محبي القصص القصيرة عبر: الانستغرام : soukystories الفايسبوك : soukystories التيكتوك : soukystories الى كنتي من محبي القصص المسموعة تقدر تلقاني ف: سبوتيفاي: soukystories أنغامي: soukystories غوغل بودكاست: soukystories #explore #قصص_بالدرجة #قصص_بالدارجة #قصص_بالدارجة_المغربية #قصص_واقعية #قصص_غريبة #قصص_حقیقية #9isas_wa9i3iya #souky_stories #soukystories","soukystories,souki stories,المغرب,manar stories,lassakri,العسكري,safaa,الخراز,zineb story,قصص حقيقية,Chaimae Belkhir,Nisrine - نسرين,سوكمان sockman,NADIAS,حكايات رضا,قضايا,meryem story,@kharrazabdelkader,rajaa stories,senpai,خراز,lasakri,laskari,laaskari,3askari,lasskari,لعساكري,العساكري,لعسكاري,العسكاري,لعسكري,kwili,lemo,Kharraz,ليمو,كويلي,alkharraz,l3askri,laasikri,lassakri fz,laskri fatima,NADIA STORIES,قصص مظلمة | dark stories,قصص من التاريخ,سوكي ستوريز,رمضان",24,Entertainment,,PT23M15S,1395,2d,hd,false,ar,ar,https://i.ytimg.com/vi/bjUDTyXtk30/maxresdefault.jpg,1,,,,,127883,7655,,0,561
106,UC9JNENLelbGff__RYGLP1jA,"Souky Stories",6PtzWNmmHnE,2025-04-10T21:11:00Z,"2025-04-10 21:11:00","الوحش وعائلتو لي دارو ضجة فأمريكا فالقرن العشرين ⚠️ (*للكبار فقط*) ‼️","🔍 يمكن للمستخدمين الجدد تنزيل تطبيق TEMU والبحث عن الرمز dwe4556 في شريط البحث للحصول على حزمة قسائم بقيمة 1000 درهم وشراء اختياراتي بخصم يصل إلى 90%، أو باستخدام الرابط: https://app.temu.com/k/etuiliyw68z ✨اطلع على جميع اختياراتي وتسوقها على الويب: https://app.temu.com/k/ez1hqllkx12 #temu #temureview #temufinds #shoptemu روابط لاختياراتي: 1. جهاز لوحي 10.1 بوصة أندرويد 14 - 671 درهم💰 (السعر الأصلي 1,394 درهم💰) https://temu.to/k/evtqs1ux7dk 2. جهاز عرض HY300pro 4K - 240 درهم💰 (السعر الأصلي 848 درهم💰) https://temu.to/k/e4mv4m93wig 3. ضوء حلقة LED 10 بوصات - 10 درهم💰 (السعر الأصلي 176 درهم💰) https://temu.to/k/edzn99i4dqt 4. حقيبة يد خضراء بنية - 10 درهم💰 (السعر الأصلي 250 درهم💰) https://temu.to/k/e4viofaed3g 5. علبة مجوهرات سفر - 10 درهم💰 (السعر الأصلي 218 درهم💰) https://temu.to/k/emk0yd7tefm 6. سويت شيرت برسمة دب - 10 درهم💰 (السعر الأصلي 158 درهم💰) https://temu.to/k/efxqgou97qo 7. مصباح شجرة البونساي - 10 درهم💰 (السعر الأصلي 119 درهم💰) https://temu.to/k/e5i2pk0hpwx 8. طقم قلادة شمس وقمر - 10 درهم💰 (السعر الأصلي 13 درهم💰) https://temu.to/k/eeu2zb1yr1x 9. أقراط زجاجية بأربعة أزهار - 10 درهم💰 (السعر الأصلي 14 درهم💰) https://temu.to/k/e9a77ngs5p1 10. قلادة نجمة لامعة - 9 درهم💰 https://temu.to/k/emz3tc3gg08 11. تنورة مدرسية للفتيات - 10 درهم💰 (السعر الأصلي 105 درهم💰) https://temu.to/k/eyz5tz34t1n 12. زجاجات رذاذ عطر صغيرة - 10 درهم💰 (السعر الأصلي 11 درهم💰) https://temu.to/k/eyfo76f5dv4 13. حقيبة ظهر كابيبارا - 10 درهم💰 (السعر الأصلي 100 درهم💰) https://temu.to/k/e0yaly2r0us 14. جهاز إزالة شعر الوجه - 10 درهم💰 (السعر الأصلي 27 درهم💰) https://temu.to/k/e4xak72619s 15. خواتم شعر 40 قطعة - 10 درهم💰 (السعر الأصلي 12 درهم💰) https://temu.to/k/emkzn5w9yrr 16. حامل هاتف أرنب - 10 درهم💰 (السعر الأصلي 13 درهم💰) https://temu.to/k/e8xshjw0nue 17. رباط رأس بوهيمي - 10 درهم💰 (السعر الأصلي 17 درهم💰) https://temu.to/k/et7mip2jcvi 18. آلة ختم حراري يدوية - 10 درهم💰 (السعر الأصلي 27 درهم💰) https://temu.to/k/emwm2bfl598 مرحبا بكم في القناة، الاسم ديالي سكينة و اليوم غادي نكتاشفو خبايا هاد القصة هاد القناة دارت ليك إلى كنتي من عشاق : - قصص حقيقية - قصص رعب - قصص جرائم - قصص غريبة - قصص بوليسية - قصص مؤثرة - قصص ملهمة - قصص واقعية كانحط قصة يوم الإثنين والخميس والسبت. ماتنساش تشتارك فالقناة وتفعل الجرس باش يوصلوك فيديوهات وقصص جداد. مرحبا بيك في عالم القصص المثيرة ❤️ تابعوني ايضا على مواقع التواصل الاجتماعي إذا كنت من محبي القصص القصيرة عبر: الانستغرام : soukystories الفايسبوك : soukystories التيكتوك : soukystories الى كنتي من محبي القصص المسموعة تقدر تلقاني ف: سبوتيفاي: soukystories أنغامي: soukystories غوغل بودكاست: soukystories #explore #قصص_بالدرجة #قصص_بالدارجة #قصص_بالدارجة_المغربية #قصص_واقعية #قصص_غريبة #قصص_حقیقية #9isas_wa9i3iya #souky_stories #soukystories","soukystories,souki stories,المغرب,manar stories,lassakri,العسكري,safaa,الخراز,zineb story,قصص حقيقية,Nisrine - نسرين,سوكمان sockman,NADIAS,حكايات رضا,قضايا,meryem story,@kharrazabdelkader,rajaa stories,senpai,خراز,lasakri,laskari,laaskari,3askari,lasskari,لعساكري,العساكري,لعسكاري,العسكاري,لعسكري,kwili,lemo,Kharraz,ليمو,كويلي,alkharraz,l3askri,laasikri,lassakri fz,laskri fatima,NADIA STORIES,قصص مظلمة | dark stories,سوكي ستوريز,temu maroc شرح,تيمو المغرب,temu,تيمو",24,Entertainment,,PT36M28S,2188,2d,hd,false,ar,ar,https://i.ytimg.com/vi/6PtzWNmmHnE/maxresdefault.jpg,1,1,,,,223518,8884,,0,626
107,UC9JNENLelbGff__RYGLP1jA,"Souky Stories",EGOpCaxHlfk,2025-04-08T19:45:00Z,"2025-04-08 19:45:00","شيطان كان عايش وسط الناس بوجه ملاك ⚠️ (*للكبار فقط*) ‼️","مرحبا بكم في القناة، الاسم ديالي سكينة و اليوم غادي نكتاشفو خبايا هاد القصة هاد القناة دارت ليك إلى كنتي من عشاق : - قصص حقيقية - قصص رعب - قصص جرائم - قصص غريبة - قصص بوليسية - قصص مؤثرة - قصص ملهمة - قصص واقعية كانحط قصة يوم الإثنين والخميس والسبت. ماتنساش تشتارك فالقناة وتفعل الجرس باش يوصلوك فيديوهات وقصص جداد. مرحبا بيك في عالم القصص المثيرة ❤️ تابعوني ايضا على مواقع التواصل الاجتماعي إذا كنت من محبي القصص القصيرة عبر: الانستغرام : soukystories الفايسبوك : soukystories التيكتوك : soukystories الى كنتي من محبي القصص المسموعة تقدر تلقاني ف: سبوتيفاي: soukystories أنغامي: soukystories غوغل بودكاست: soukystories #explore #قصص_بالدرجة #قصص_بالدارجة #قصص_بالدارجة_المغربية #قصص_واقعية #قصص_غريبة #قصص_حقیقية #9isas_wa9i3iya #souky_stories #soukystories","soukystories,souki stories,المغرب,manar stories,lassakri,العسكري,safaa,الخراز,zineb story,قصص حقيقية,Chaimae Belkhir,Nisrine - نسرين,سوكمان sockman,NADIAS,حكايات رضا,قضايا,meryem story,@kharrazabdelkader,rajaa stories,senpai,خراز,lasakri,laskari,laaskari,3askari,lasskari,لعساكري,العساكري,لعسكاري,العسكاري,لعسكري,kwili,lemo,Kharraz,ليمو,كويلي,alkharraz,l3askri,laasikri,lassakri fz,laskri fatima,NADIA STORIES,قصص مظلمة | dark stories,قصص من التاريخ,سوكي ستوريز,رمضان",24,Entertainment,,PT24M1S,1441,2d,hd,false,ar,ar,https://i.ytimg.com/vi/EGOpCaxHlfk/maxresdefault.jpg,1,,,,,167607,8197,,0,441
108,UC9JNENLelbGff__RYGLP1jA,"Souky Stories",8byZeBRvIRY,2025-04-05T20:00:03Z,"2025-04-05 20:00:03","صدفة غريبة كانت السبب في القبض على مجرم ذكي ⚠️ (*للكبار فقط*) ‼️","مرحبا بكم في القناة، الاسم ديالي سكينة و اليوم غادي نكتاشفو خبايا هاد القصة هاد القناة دارت ليك إلى كنتي من عشاق : - قصص حقيقية - قصص رعب - قصص جرائم - قصص غريبة - قصص بوليسية - قصص مؤثرة - قصص ملهمة - قصص واقعية كانحط قصة يوم الإثنين والخميس والسبت. ماتنساش تشتارك فالقناة وتفعل الجرس باش يوصلوك فيديوهات وقصص جداد. مرحبا بيك في عالم القصص المثيرة ❤️ تابعوني ايضا على مواقع التواصل الاجتماعي إذا كنت من محبي القصص القصيرة عبر: الانستغرام : soukystories الفايسبوك : soukystories التيكتوك : soukystories الى كنتي من محبي القصص المسموعة تقدر تلقاني ف: سبوتيفاي: soukystories أنغامي: soukystories غوغل بودكاست: soukystories #explore #قصص_بالدرجة #قصص_بالدارجة #قصص_بالدارجة_المغربية #قصص_واقعية #قصص_غريبة #قصص_حقیقية #9isas_wa9i3iya #souky_stories #soukystories","soukystories,souki stories,المغرب,manar stories,lassakri,العسكري,safaa,الخراز,zineb story,قصص حقيقية,Chaimae Belkhir,Nisrine - نسرين,سوكمان sockman,NADIAS,حكايات رضا,قضايا,meryem story,@kharrazabdelkader,rajaa stories,senpai,خراز,lasakri,laskari,laaskari,3askari,lasskari,لعساكري,العساكري,لعسكاري,العسكاري,لعسكري,kwili,lemo,Kharraz,ليمو,كويلي,alkharraz,l3askri,laasikri,lassakri fz,laskri fatima,NADIA STORIES,قصص مظلمة | dark stories,قصص من التاريخ,سوكي ستوريز,رمضان",24,Entertainment,,PT28M3S,1683,2d,hd,false,ar,ar,https://i.ytimg.com/vi/8byZeBRvIRY/maxresdefault.jpg,1,,,,,155607,7926,,0,441
109,UC9JNENLelbGff__RYGLP1jA,"Souky Stories",Au5k9fLfZVU,2025-03-29T15:44:44Z,"2025-03-29 15:44:44","عائلة عاشو فكذبة كبيرة بسباب فرد منهم ⚠️ (*للكبار فقط*) ‼️","مرحبا بكم في القناة، الاسم ديالي سكينة و اليوم غادي نكتاشفو خبايا هاد القصة هاد القناة دارت ليك إلى كنتي من عشاق : - قصص حقيقية - قصص رعب - قصص جرائم - قصص غريبة - قصص بوليسية - قصص مؤثرة - قصص ملهمة - قصص واقعية كانحط قصة يوم الإثنين والخميس والسبت. ماتنساش تشتارك فالقناة وتفعل الجرس باش يوصلوك فيديوهات وقصص جداد. مرحبا بيك في عالم القصص المثيرة ❤️ تابعوني ايضا على مواقع التواصل الاجتماعي إذا كنت من محبي القصص القصيرة عبر: الانستغرام : soukystories الفايسبوك : soukystories التيكتوك : soukystories الى كنتي من محبي القصص المسموعة تقدر تلقاني ف: سبوتيفاي: soukystories أنغامي: soukystories غوغل بودكاست: soukystories #explore #قصص_بالدرجة #قصص_بالدارجة #قصص_بالدارجة_المغربية #قصص_واقعية #قصص_غريبة #قصص_حقیقية #9isas_wa9i3iya #souky_stories #soukystories","soukystories,souki stories,المغرب,manar stories,lassakri,العسكري,safaa,الخراز,zineb story,قصص حقيقية,Chaimae Belkhir,Nisrine - نسرين,سوكمان sockman,NADIAS,حكايات رضا,قضايا,meryem story,@kharrazabdelkader,rajaa stories,senpai,خراز,lasakri,laskari,laaskari,3askari,lasskari,لعساكري,العساكري,لعسكاري,العسكاري,لعسكري,kwili,lemo,Kharraz,ليمو,كويلي,alkharraz,l3askri,laasikri,lassakri fz,laskri fatima,NADIA STORIES,قصص مظلمة | dark stories,قصص من التاريخ,سوكي ستوريز,رمضان",24,Entertainment,,PT31M4S,1864,2d,hd,false,ar,ar,https://i.ytimg.com/vi/Au5k9fLfZVU/maxresdefault.jpg,1,,,,,175762,8252,,0,592
110,UC9JNENLelbGff__RYGLP1jA,"Souky Stories",uBYEJPvZIo8,2025-03-24T15:26:05Z,"2025-03-24 15:26:05","اختفى في طريقه إلى المدرسة وكاميرات المراقبة فضحت الفاعل ‼️","مرحبا بكم في القناة، الاسم ديالي سكينة و اليوم غادي نكتاشفو خبايا هاد القصة هاد القناة دارت ليك إلى كنتي من عشاق : - قصص حقيقية - قصص رعب - قصص جرائم - قصص غريبة - قصص بوليسية - قصص مؤثرة - قصص ملهمة - قصص واقعية كانحط قصة يوم الإثنين والخميس والسبت. ماتنساش تشتارك فالقناة وتفعل الجرس باش يوصلوك فيديوهات وقصص جداد. مرحبا بيك في عالم القصص المثيرة ❤️ تابعوني ايضا على مواقع التواصل الاجتماعي إذا كنت من محبي القصص القصيرة عبر: الانستغرام : soukystories الفايسبوك : soukystories التيكتوك : soukystories الى كنتي من محبي القصص المسموعة تقدر تلقاني ف: سبوتيفاي: soukystories أنغامي: soukystories غوغل بودكاست: soukystories #explore #قصص_بالدرجة #قصص_بالدارجة #قصص_بالدارجة_المغربية #قصص_واقعية #قصص_غريبة #قصص_حقیقية #9isas_wa9i3iya #souky_stories #soukystories","soukystories,souki stories,المغرب,manar stories,lassakri,العسكري,safaa,الخراز,zineb story,قصص حقيقية,Chaimae Belkhir,Nisrine - نسرين,سوكمان sockman,NADIAS,حكايات رضا,قضايا,meryem story,@kharrazabdelkader,rajaa stories,senpai,خراز,lasakri,laskari,laaskari,3askari,lasskari,لعساكري,العساكري,لعسكاري,العسكاري,لعسكري,kwili,lemo,Kharraz,ليمو,كويلي,alkharraz,l3askri,laasikri,lassakri fz,laskri fatima,NADIA STORIES,قصص مظلمة | dark stories,قصص من التاريخ,سوكي ستوريز,رمضان",24,Entertainment,,PT24M4S,1444,2d,hd,false,ar,ar,https://i.ytimg.com/vi/uBYEJPvZIo8/maxresdefault.jpg,1,,,,,155484,8335,,0,548
111,UC9JNENLelbGff__RYGLP1jA,"Souky Stories",LIEwjl4ztsc,2025-03-22T16:00:22Z,"2025-03-22 16:00:22","دخلات لدارو وماعاوداتش خرجات ولي عاشتو تما كان صادم ⚠️ (*للكبار فقط*) ‼️","مرحبا بكم في القناة، الاسم ديالي سكينة و اليوم غادي نكتاشفو خبايا هاد القصة هاد القناة دارت ليك إلى كنتي من عشاق : - قصص حقيقية - قصص رعب - قصص جرائم - قصص غريبة - قصص بوليسية - قصص مؤثرة - قصص ملهمة - قصص واقعية كانحط قصة يوم الإثنين والخميس والسبت. ماتنساش تشتارك فالقناة وتفعل الجرس باش يوصلوك فيديوهات وقصص جداد. مرحبا بيك في عالم القصص المثيرة ❤️ تابعوني ايضا على مواقع التواصل الاجتماعي إذا كنت من محبي القصص القصيرة عبر: الانستغرام : soukystories الفايسبوك : soukystories التيكتوك : soukystories الى كنتي من محبي القصص المسموعة تقدر تلقاني ف: سبوتيفاي: soukystories أنغامي: soukystories غوغل بودكاست: soukystories #explore #قصص_بالدرجة #قصص_بالدارجة #قصص_بالدارجة_المغربية #قصص_واقعية #قصص_غريبة #قصص_حقیقية #9isas_wa9i3iya #souky_stories #soukystories","soukystories,souki stories,المغرب,manar stories,lassakri,العسكري,safaa,الخراز,zineb story,قصص حقيقية,Chaimae Belkhir,Nisrine - نسرين,سوكمان sockman,NADIAS,حكايات رضا,قضايا,meryem story,@kharrazabdelkader,rajaa stories,senpai,خراز,lasakri,laskari,laaskari,3askari,lasskari,لعساكري,العساكري,لعسكاري,العسكاري,لعسكري,kwili,lemo,Kharraz,ليمو,كويلي,alkharraz,l3askri,laasikri,lassakri fz,laskri fatima,NADIA STORIES,قصص مظلمة | dark stories,قصص من التاريخ,سوكي ستوريز,رمضان",24,Entertainment,,PT22M1S,1321,2d,hd,false,ar,ar,https://i.ytimg.com/vi/LIEwjl4ztsc/maxresdefault.jpg,1,,,,,153391,8064,,0,393
112,UC9JNENLelbGff__RYGLP1jA,"Souky Stories",m54SDuLt9W4,2025-03-20T16:41:00Z,"2025-03-20 16:41:00","شيطان ذكي كان كايصحابليه ماغايحصلش ولكن كان غالط ⚠️ (*للكبار فقط*) ‼️","مرحبا بكم في القناة، الاسم ديالي سكينة و اليوم غادي نكتاشفو خبايا هاد القصة هاد القناة دارت ليك إلى كنتي من عشاق : - قصص حقيقية - قصص رعب - قصص جرائم - قصص غريبة - قصص بوليسية - قصص مؤثرة - قصص ملهمة - قصص واقعية كانحط قصة يوم الإثنين والخميس والسبت. ماتنساش تشتارك فالقناة وتفعل الجرس باش يوصلوك فيديوهات وقصص جداد. مرحبا بيك في عالم القصص المثيرة ❤️ تابعوني ايضا على مواقع التواصل الاجتماعي إذا كنت من محبي القصص القصيرة عبر: الانستغرام : soukystories الفايسبوك : soukystories التيكتوك : soukystories الى كنتي من محبي القصص المسموعة تقدر تلقاني ف: سبوتيفاي: soukystories أنغامي: soukystories غوغل بودكاست: soukystories #explore #قصص_بالدرجة #قصص_بالدارجة #قصص_بالدارجة_المغربية #قصص_واقعية #قصص_غريبة #قصص_حقیقية #9isas_wa9i3iya #souky_stories #soukystories","soukystories,souki stories,المغرب,manar stories,lassakri,العسكري,safaa,الخراز,zineb story,قصص حقيقية,Chaimae Belkhir,Nisrine - نسرين,سوكمان sockman,NADIAS,حكايات رضا,قضايا,meryem story,@kharrazabdelkader,rajaa stories,senpai,خراز,lasakri,laskari,laaskari,3askari,lasskari,لعساكري,العساكري,لعسكاري,العسكاري,لعسكري,kwili,lemo,Kharraz,ليمو,كويلي,alkharraz,l3askri,laasikri,lassakri fz,laskri fatima,NADIA STORIES,قصص مظلمة | dark stories,قصص من التاريخ,سوكي ستوريز,رمضان",24,Entertainment,,PT31M37S,1897,2d,hd,false,ar,ar,https://i.ytimg.com/vi/m54SDuLt9W4/maxresdefault.jpg,1,,,,,207291,9460,,0,486
113,UC9JNENLelbGff__RYGLP1jA,"Souky Stories",jN6JKQaxDEk,2025-03-17T15:00:55Z,"2025-03-17 15:00:55","تاقو فيه وغدرهم بأبشع طريقة ⚠️ (*للكبار فقط*) ‼️","مرحبا بكم في القناة، الاسم ديالي سكينة و اليوم غادي نكتاشفو خبايا هاد القصة هاد القناة دارت ليك إلى كنتي من عشاق : - قصص حقيقية - قصص رعب - قصص جرائم - قصص غريبة - قصص بوليسية - قصص مؤثرة - قصص ملهمة - قصص واقعية كانحط قصة يوم الإثنين والخميس والسبت. ماتنساش تشتارك فالقناة وتفعل الجرس باش يوصلوك فيديوهات وقصص جداد. مرحبا بيك في عالم القصص المثيرة ❤️ تابعوني ايضا على مواقع التواصل الاجتماعي إذا كنت من محبي القصص القصيرة عبر: الانستغرام : soukystories الفايسبوك : soukystories التيكتوك : soukystories الى كنتي من محبي القصص المسموعة تقدر تلقاني ف: سبوتيفاي: soukystories أنغامي: soukystories غوغل بودكاست: soukystories #explore #قصص_بالدرجة #قصص_بالدارجة #قصص_بالدارجة_المغربية #قصص_واقعية #قصص_غريبة #قصص_حقیقية #9isas_wa9i3iya #souky_stories #soukystories","soukystories,souki stories,المغرب,manar stories,lassakri,العسكري,safaa,الخراز,zineb story,قصص حقيقية,Chaimae Belkhir,Nisrine - نسرين,سوكمان sockman,NADIAS,حكايات رضا,قضايا,meryem story,@kharrazabdelkader,rajaa stories,senpai,خراز,lasakri,laskari,laaskari,3askari,lasskari,لعساكري,العساكري,لعسكاري,العسكاري,لعسكري,kwili,lemo,Kharraz,ليمو,كويلي,alkharraz,l3askri,laasikri,lassakri fz,laskri fatima,NADIA STORIES,قصص مظلمة | dark stories,قصص من التاريخ,سوكي ستوريز,رمضان",24,Entertainment,,PT28M32S,1712,2d,hd,false,ar,ar,https://i.ytimg.com/vi/jN6JKQaxDEk/maxresdefault.jpg,1,,,,,173528,8627,,0,439
114,UC9JNENLelbGff__RYGLP1jA,"Souky Stories",Augk3Ew0zc0,2025-03-15T16:00:12Z,"2025-03-15 16:00:12","وحش نشر الرعب فقلوب ناس مدينة بوستن ⚠️ (*للكبار فقط*) ‼️","مرحبا بكم في القناة، الاسم ديالي سكينة و اليوم غادي نكتاشفو خبايا هاد القصة هاد القناة دارت ليك إلى كنتي من عشاق : - قصص حقيقية - قصص رعب - قصص جرائم - قصص غريبة - قصص بوليسية - قصص مؤثرة - قصص ملهمة - قصص واقعية كانحط قصة يوم الإثنين والخميس والسبت. ماتنساش تشتارك فالقناة وتفعل الجرس باش يوصلوك فيديوهات وقصص جداد. مرحبا بيك في عالم القصص المثيرة ❤️ تابعوني ايضا على مواقع التواصل الاجتماعي إذا كنت من محبي القصص القصيرة عبر: الانستغرام : soukystories الفايسبوك : soukystories التيكتوك : soukystories الى كنتي من محبي القصص المسموعة تقدر تلقاني ف: سبوتيفاي: soukystories أنغامي: soukystories غوغل بودكاست: soukystories #explore #قصص_بالدرجة #قصص_بالدارجة #قصص_بالدارجة_المغربية #قصص_واقعية #قصص_غريبة #قصص_حقیقية #9isas_wa9i3iya #souky_stories #soukystories","soukystories,souki stories,المغرب,manar stories,lassakri,العسكري,safaa,الخراز,zineb story,قصص حقيقية,Chaimae Belkhir,Nisrine - نسرين,سوكمان sockman,NADIAS,حكايات رضا,قضايا,meryem story,@kharrazabdelkader,rajaa stories,senpai,خراز,lasakri,laskari,laaskari,3askari,lasskari,لعساكري,العساكري,لعسكاري,العسكاري,لعسكري,kwili,lemo,Kharraz,ليمو,كويلي,alkharraz,l3askri,laasikri,lassakri fz,laskri fatima,NADIA STORIES,قصص مظلمة | dark stories,قصص من التاريخ,سوكي ستوريز,رمضان",24,Entertainment,,PT24M20S,1460,2d,hd,false,ar,ar,https://i.ytimg.com/vi/Augk3Ew0zc0/maxresdefault.jpg,1,,,,,121758,6445,,0,351
115,UC9JNENLelbGff__RYGLP1jA,"Souky Stories",s8m-KQmPBPw,2025-03-13T16:01:05Z,"2025-03-13 16:01:05","ليلة الكريسماس تحولات لفاجعة كبيرة ⚠️ (*للكبار فقط*) ‼️","مرحبا بكم في القناة، الاسم ديالي سكينة و اليوم غادي نكتاشفو خبايا هاد القصة هاد القناة دارت ليك إلى كنتي من عشاق : - قصص حقيقية - قصص رعب - قصص جرائم - قصص غريبة - قصص بوليسية - قصص مؤثرة - قصص ملهمة - قصص واقعية كانحط قصة يوم الإثنين والخميس والسبت. ماتنساش تشتارك فالقناة وتفعل الجرس باش يوصلوك فيديوهات وقصص جداد. مرحبا بيك في عالم القصص المثيرة ❤️ تابعوني ايضا على مواقع التواصل الاجتماعي إذا كنت من محبي القصص القصيرة عبر: الانستغرام : soukystories الفايسبوك : soukystories التيكتوك : soukystories الى كنتي من محبي القصص المسموعة تقدر تلقاني ف: سبوتيفاي: soukystories أنغامي: soukystories غوغل بودكاست: soukystories #explore #قصص_بالدرجة #قصص_بالدارجة #قصص_بالدارجة_المغربية #قصص_واقعية #قصص_غريبة #قصص_حقیقية #9isas_wa9i3iya #souky_stories #soukystories","soukystories,souki stories,المغرب,manar stories,lassakri,العسكري,safaa,الخراز,zineb story,قصص حقيقية,Chaimae Belkhir,Nisrine - نسرين,سوكمان sockman,NADIAS,حكايات رضا,قضايا,meryem story,@kharrazabdelkader,rajaa stories,senpai,خراز,lasakri,laskari,laaskari,3askari,lasskari,لعساكري,العساكري,لعسكاري,العسكاري,لعسكري,kwili,lemo,Kharraz,ليمو,كويلي,alkharraz,l3askri,laasikri,lassakri fz,laskri fatima,NADIA STORIES,قصص مظلمة | dark stories,قصص من التاريخ,سوكي ستوريز",24,Entertainment,,PT25M20S,1520,2d,hd,false,ar,ar,https://i.ytimg.com/vi/s8m-KQmPBPw/maxresdefault.jpg,1,,,,,128812,7013,,0,362
116,UC9JNENLelbGff__RYGLP1jA,"Souky Stories",8_qEC2B1P8o,2025-03-10T16:00:08Z,"2025-03-10 16:00:08","قبلات المساعدة من عند وحوش وهي ماعارفاش والنهاية صادمة ‼️","مرحبا بكم في القناة، الاسم ديالي سكينة و اليوم غادي نكتاشفو خبايا هاد القصة هاد القناة دارت ليك إلى كنتي من عشاق : - قصص حقيقية - قصص رعب - قصص جرائم - قصص غريبة - قصص بوليسية - قصص مؤثرة - قصص ملهمة - قصص واقعية كانحط قصة يوم الإثنين والخميس والسبت. ماتنساش تشتارك فالقناة وتفعل الجرس باش يوصلوك فيديوهات وقصص جداد. مرحبا بيك في عالم القصص المثيرة ❤️ تابعوني ايضا على مواقع التواصل الاجتماعي إذا كنت من محبي القصص القصيرة عبر: الانستغرام : soukystories الفايسبوك : soukystories التيكتوك : soukystories الى كنتي من محبي القصص المسموعة تقدر تلقاني ف: سبوتيفاي: soukystories أنغامي: soukystories غوغل بودكاست: soukystories #explore #قصص_بالدرجة #قصص_بالدارجة #قصص_بالدارجة_المغربية #قصص_واقعية #قصص_غريبة #قصص_حقیقية #9isas_wa9i3iya #souky_stories #soukystories","soukystories,souki stories,المغرب,manar stories,lassakri,العسكري,safaa,الخراز,zineb story,قصص حقيقية,Chaimae Belkhir,Nisrine - نسرين,سوكمان sockman,NADIAS,حكايات رضا,قضايا,meryem story,@kharrazabdelkader,rajaa stories,senpai,خراز,lasakri,laskari,laaskari,3askari,lasskari,لعساكري,العساكري,لعسكاري,العسكاري,لعسكري,kwili,lemo,Kharraz,ليمو,كويلي,alkharraz,l3askri,laasikri,lassakri fz,laskri fatima,NADIA STORIES,قصص مظلمة | dark stories,قصص من التاريخ,سوكي ستوريز",24,Entertainment,,PT23M12S,1392,2d,hd,false,ar,ar,https://i.ytimg.com/vi/8_qEC2B1P8o/maxresdefault.jpg,1,,,,,205680,9003,,0,507
117,UC9JNENLelbGff__RYGLP1jA,"Souky Stories",LU6UXLG64KQ,2025-03-08T15:30:14Z,"2025-03-08 15:30:14","كلشي كان كايشوفهوم صحاب عزاز ولكن واحد فيهم كان مخبي سر خطير ⚠️ (نهاية صادمة)‼️","مرحبا بكم في القناة، الاسم ديالي سكينة و اليوم غادي نكتاشفو خبايا هاد القصة هاد القناة دارت ليك إلى كنتي من عشاق : - قصص حقيقية - قصص رعب - قصص جرائم - قصص غريبة - قصص بوليسية - قصص مؤثرة - قصص ملهمة - قصص واقعية كانحط قصة يوم الإثنين والخميس والسبت. ماتنساش تشتارك فالقناة وتفعل الجرس باش يوصلوك فيديوهات وقصص جداد. مرحبا بيك في عالم القصص المثيرة ❤️ تابعوني ايضا على مواقع التواصل الاجتماعي إذا كنت من محبي القصص القصيرة عبر: الانستغرام : soukystories الفايسبوك : soukystories التيكتوك : soukystories الى كنتي من محبي القصص المسموعة تقدر تلقاني ف: سبوتيفاي: soukystories أنغامي: soukystories غوغل بودكاست: soukystories #explore #قصص_بالدرجة #قصص_بالدارجة #قصص_بالدارجة_المغربية #قصص_واقعية #قصص_غريبة #قصص_حقیقية #9isas_wa9i3iya #souky_stories #soukystories","soukystories,souki stories,المغرب,manar stories,lassakri,العسكري,safaa,الخراز,zineb story,قصص حقيقية,Chaimae Belkhir,Nisrine - نسرين,سوكمان sockman,NADIAS,حكايات رضا,قضايا,meryem story,@kharrazabdelkader,rajaa stories,senpai,خراز,lasakri,laskari,laaskari,3askari,lasskari,لعساكري,العساكري,لعسكاري,العسكاري,لعسكري,kwili,lemo,Kharraz,ليمو,كويلي,alkharraz,l3askri,laasikri,lassakri fz,laskri fatima,NADIA STORIES,قصص مظلمة | dark stories,قصص من التاريخ,سوكي ستوريز",24,Entertainment,,PT20M5S,1205,2d,hd,false,ar,ar,https://i.ytimg.com/vi/LU6UXLG64KQ/maxresdefault.jpg,1,,,,,117445,7309,,0,432
118,UC9JNENLelbGff__RYGLP1jA,"Souky Stories",gABDJ9F8cus,2025-03-06T15:31:07Z,"2025-03-06 15:31:07","القضية لي صدمات الناس فبريطانيا بالبشاعة ديالها ⚠️ (*للكبار فقط*) ‼️","مرحبا بكم في القناة، الاسم ديالي سكينة و اليوم غادي نكتاشفو خبايا هاد القصة هاد القناة دارت ليك إلى كنتي من عشاق : - قصص حقيقية - قصص رعب - قصص جرائم - قصص غريبة - قصص بوليسية - قصص مؤثرة - قصص ملهمة - قصص واقعية كانحط قصة يوم الإثنين والخميس والسبت. ماتنساش تشتارك فالقناة وتفعل الجرس باش يوصلوك فيديوهات وقصص جداد. مرحبا بيك في عالم القصص المثيرة ❤️ تابعوني ايضا على مواقع التواصل الاجتماعي إذا كنت من محبي القصص القصيرة عبر: الانستغرام : soukystories الفايسبوك : soukystories التيكتوك : soukystories الى كنتي من محبي القصص المسموعة تقدر تلقاني ف: سبوتيفاي: soukystories أنغامي: soukystories غوغل بودكاست: soukystories #explore #قصص_بالدرجة #قصص_بالدارجة #قصص_بالدارجة_المغربية #قصص_واقعية #قصص_غريبة #قصص_حقیقية #9isas_wa9i3iya #souky_stories #soukystories","soukystories,souki stories,المغرب,manar stories,lassakri,العسكري,safaa,الخراز,zineb story,قصص حقيقية,Chaimae Belkhir,Nisrine - نسرين,سوكمان sockman,NADIAS,حكايات رضا,قضايا,meryem story,@kharrazabdelkader,rajaa stories,senpai,خراز,lasakri,laskari,laaskari,3askari,lasskari,لعساكري,العساكري,لعسكاري,العسكاري,لعسكري,kwili,lemo,Kharraz,ليمو,كويلي,alkharraz,l3askri,laasikri,lassakri fz,laskri fatima,NADIA STORIES,قصص مظلمة | dark stories,قصص من التاريخ,سوكي ستوريز",24,Entertainment,,PT30M7S,1807,2d,hd,false,ar,ar,https://i.ytimg.com/vi/gABDJ9F8cus/maxresdefault.jpg,1,,,,,258087,9887,,0,482
119,UC9JNENLelbGff__RYGLP1jA,"Souky Stories",_EBpk4coJ78,2025-03-03T15:06:51Z,"2025-03-03 15:06:51","الضرافة ديالها تسالات بكارثة غير متوقعة ‼️","مرحبا بكم في القناة، الاسم ديالي سكينة و اليوم غادي نكتاشفو خبايا هاد القصة هاد القناة دارت ليك إلى كنتي من عشاق : - قصص حقيقية - قصص رعب - قصص جرائم - قصص غريبة - قصص بوليسية - قصص مؤثرة - قصص ملهمة - قصص واقعية كانحط قصة يوم الإثنين والخميس والسبت. ماتنساش تشتارك فالقناة وتفعل الجرس باش يوصلوك فيديوهات وقصص جداد. مرحبا بيك في عالم القصص المثيرة ❤️ تابعوني ايضا على مواقع التواصل الاجتماعي إذا كنت من محبي القصص القصيرة عبر: الانستغرام : soukystories الفايسبوك : soukystories التيكتوك : soukystories الى كنتي من محبي القصص المسموعة تقدر تلقاني ف: سبوتيفاي: soukystories أنغامي: soukystories غوغل بودكاست: soukystories #explore #قصص_بالدرجة #قصص_بالدارجة #قصص_بالدارجة_المغربية #قصص_واقعية #قصص_غريبة #قصص_حقیقية #9isas_wa9i3iya #souky_stories #soukystories","soukystories,souki stories,المغرب,manar stories,lassakri,العسكري,safaa,الخراز,zineb story,قصص حقيقية,Chaimae Belkhir,Nisrine - نسرين,سوكمان sockman,NADIAS,حكايات رضا,قضايا,meryem story,@kharrazabdelkader,rajaa stories,senpai,خراز,lasakri,laskari,laaskari,3askari,lasskari,لعساكري,العساكري,لعسكاري,العسكاري,لعسكري,kwili,lemo,Kharraz,ليمو,كويلي,alkharraz,l3askri,laasikri,lassakri fz,laskri fatima,NADIA STORIES,قصص مظلمة | dark stories,قصص من التاريخ,سوكي ستوريز",24,Entertainment,,PT22M11S,1331,2d,hd,false,ar,ar,https://i.ytimg.com/vi/_EBpk4coJ78/maxresdefault.jpg,1,,,,,115574,6639,,0,326
120,UC9JNENLelbGff__RYGLP1jA,"Souky Stories",XIvgD-e-_ZU,2025-03-01T21:30:05Z,"2025-03-01 21:30:05","اختفت بعد خروجها من المنزل ⚠️ القضية لي نشرات الرعب في لندن فأواخر القرن 19 ‼️","مرحبا بكم في القناة، الاسم ديالي سكينة و اليوم غادي نكتاشفو خبايا هاد القصة هاد القناة دارت ليك إلى كنتي من عشاق : - قصص حقيقية - قصص رعب - قصص جرائم - قصص غريبة - قصص بوليسية - قصص مؤثرة - قصص ملهمة - قصص واقعية كانحط قصة يوم الإثنين والخميس والسبت. ماتنساش تشتارك فالقناة وتفعل الجرس باش يوصلوك فيديوهات وقصص جداد. مرحبا بيك في عالم القصص المثيرة ❤️ تابعوني ايضا على مواقع التواصل الاجتماعي إذا كنت من محبي القصص القصيرة عبر: الانستغرام : soukystories الفايسبوك : soukystories التيكتوك : soukystories الى كنتي من محبي القصص المسموعة تقدر تلقاني ف: سبوتيفاي: soukystories أنغامي: soukystories غوغل بودكاست: soukystories #explore #قصص_بالدرجة #قصص_بالدارجة #قصص_بالدارجة_المغربية #قصص_واقعية #قصص_غريبة #قصص_حقیقية #9isas_wa9i3iya #souky_stories #soukystories","soukystories,souki stories,المغرب,manar stories,lassakri,العسكري,safaa,الخراز,zineb story,قصص حقيقية,Chaimae Belkhir,Nisrine - نسرين,سوكمان sockman,NADIAS,حكايات رضا,قضايا,meryem story,@kharrazabdelkader,rajaa stories,senpai,خراز,lasakri,laskari,laaskari,3askari,lasskari,لعساكري,العساكري,لعسكاري,العسكاري,لعسكري,kwili,lemo,Kharraz,ليمو,كويلي,alkharraz,l3askri,laasikri,lassakri fz,laskri fatima,NADIA STORIES,قصص مظلمة | dark stories,قصص من التاريخ,سوكي ستوريز",24,Entertainment,,PT31M9S,1869,2d,hd,false,ar,ar,https://i.ytimg.com/vi/XIvgD-e-_ZU/maxresdefault.jpg,1,,,,,143616,8205,,0,740
121,UC9JNENLelbGff__RYGLP1jA,"Souky Stories",IdaHgdPj4ps,2025-02-27T21:00:13Z,"2025-02-27 21:00:13","الهوس المريض فين ممكن يوصل ⚠️ (*للكبار فقط*)‼️","مرحبا بكم في القناة، الاسم ديالي سكينة و اليوم غادي نكتاشفو خبايا هاد القصة هاد القناة دارت ليك إلى كنتي من عشاق : - قصص حقيقية - قصص رعب - قصص جرائم - قصص غريبة - قصص بوليسية - قصص مؤثرة - قصص ملهمة - قصص واقعية كانحط قصة يوم الإثنين والخميس والسبت. ماتنساش تشتارك فالقناة وتفعل الجرس باش يوصلوك فيديوهات وقصص جداد. مرحبا بيك في عالم القصص المثيرة ❤️ تابعوني ايضا على مواقع التواصل الاجتماعي إذا كنت من محبي القصص القصيرة عبر: الانستغرام : soukystories الفايسبوك : soukystories التيكتوك : soukystories الى كنتي من محبي القصص المسموعة تقدر تلقاني ف: سبوتيفاي: soukystories أنغامي: soukystories غوغل بودكاست: soukystories #explore #قصص_بالدرجة #قصص_بالدارجة #قصص_بالدارجة_المغربية #قصص_واقعية #قصص_غريبة #قصص_حقیقية #9isas_wa9i3iya #souky_stories #soukystories","soukystories,souki stories,المغرب,manar stories,lassakri,العسكري,safaa,الخراز,zineb story,قصص حقيقية,Chaimae Belkhir,Nisrine - نسرين,سوكمان sockman,NADIAS,حكايات رضا,قضايا,meryem story,@kharrazabdelkader,rajaa stories,senpai,خراز,lasakri,laskari,laaskari,3askari,lasskari,لعساكري,العساكري,لعسكاري,العسكاري,لعسكري,kwili,lemo,Kharraz,ليمو,كويلي,alkharraz,l3askri,laasikri,lassakri fz,laskri fatima,NADIA STORIES,قصص مظلمة | dark stories,قصص من التاريخ,سوكي ستوريز",24,Entertainment,,PT28M34S,1714,2d,hd,false,ar,ar,https://i.ytimg.com/vi/IdaHgdPj4ps/maxresdefault.jpg,1,,,,,279365,11579,,0,648
122,UC9JNENLelbGff__RYGLP1jA,"Souky Stories",DT9M9dAOcZs,2025-02-24T20:54:20Z,"2025-02-24 20:54:20","أخطر امرأة في التاريخ - اليزابيث باثوري ⚠️ (*للكبار فقط*) ‼️","مرحبا بكم في القناة، الاسم ديالي سكينة و اليوم غادي نكتاشفو خبايا هاد القصة هاد القناة دارت ليك إلى كنتي من عشاق : - قصص حقيقية - قصص رعب - قصص جرائم - قصص غريبة - قصص بوليسية - قصص مؤثرة - قصص ملهمة - قصص واقعية كانحط قصة يوم الإثنين والخميس والسبت. ماتنساش تشتارك فالقناة وتفعل الجرس باش يوصلوك فيديوهات وقصص جداد. مرحبا بيك في عالم القصص المثيرة ❤️ تابعوني ايضا على مواقع التواصل الاجتماعي إذا كنت من محبي القصص القصيرة عبر: الانستغرام : soukystories الفايسبوك : soukystories التيكتوك : soukystories الى كنتي من محبي القصص المسموعة تقدر تلقاني ف: سبوتيفاي: soukystories أنغامي: soukystories غوغل بودكاست: soukystories #explore #قصص_بالدرجة #قصص_بالدارجة #قصص_بالدارجة_المغربية #قصص_واقعية #قصص_غريبة #قصص_حقیقية #9isas_wa9i3iya #souky_stories #soukystories","soukystories,souki stories,المغرب,manar stories,lassakri,العسكري,safaa,الخراز,zineb story,قصص حقيقية,Chaimae Belkhir,Nisrine - نسرين,سوكمان sockman,NADIAS,حكايات رضا,قضايا,meryem story,@kharrazabdelkader,rajaa stories,senpai,خراز,lasakri,laskari,laaskari,3askari,lasskari,لعساكري,العساكري,لعسكاري,العسكاري,لعسكري,kwili,lemo,Kharraz,ليمو,كويلي,alkharraz,l3askri,laasikri,lassakri fz,laskri fatima,NADIA STORIES,قصص مظلمة | dark stories,قصص من التاريخ,سوكي ستوريز",24,Entertainment,Knowledge,PT23M10S,1390,2d,hd,false,ar,ar,https://i.ytimg.com/vi/DT9M9dAOcZs/maxresdefault.jpg,1,,,,,161225,8008,,0,694
123,UC9JNENLelbGff__RYGLP1jA,"Souky Stories",eCWYPgIT-VI,2025-02-22T20:00:31Z,"2025-02-22 20:00:31","خرجات من الدار ومارجعاتش ⚠️ القضية لي خدات من البوليس ثلاتين عام باش حلوها (*للكبار فقط*) ‼️","مرحبا بكم في القناة، الاسم ديالي سكينة و اليوم غادي نكتاشفو خبايا هاد القصة هاد القناة دارت ليك إلى كنتي من عشاق : - قصص حقيقية - قصص رعب - قصص جرائم - قصص غريبة - قصص بوليسية - قصص مؤثرة - قصص ملهمة - قصص واقعية كانحط قصة يوم الإثنين والخميس والسبت. ماتنساش تشتارك فالقناة وتفعل الجرس باش يوصلوك فيديوهات وقصص جداد. مرحبا بيك في عالم القصص المثيرة ❤️ تابعوني ايضا على مواقع التواصل الاجتماعي إذا كنت من محبي القصص القصيرة عبر: الانستغرام : soukystories الفايسبوك : soukystories التيكتوك : soukystories الى كنتي من محبي القصص المسموعة تقدر تلقاني ف: سبوتيفاي: soukystories أنغامي: soukystories غوغل بودكاست: soukystories #explore #قصص_بالدرجة #قصص_بالدارجة #قصص_بالدارجة_المغربية #قصص_واقعية #قصص_غريبة #قصص_حقیقية #9isas_wa9i3iya #souky_stories #soukystories","soukystories,souki stories,المغرب,manar stories,lassakri,العسكري,safaa,الخراز,zineb story,قصص حقيقية,Chaimae Belkhir,Nisrine - نسرين,سوكمان sockman,NADIAS,حكايات رضا,قضايا,meryem story,@kharrazabdelkader,rajaa stories,senpai,خراز,lasakri,laskari,laaskari,3askari,lasskari,لعساكري,العساكري,لعسكاري,العسكاري,لعسكري,kwili,lemo,Kharraz,ليمو,كويلي,alkharraz,l3askri,laasikri,lassakri fz,laskri fatima,NADIA STORIES,قصص مظلمة | dark stories,قصص من التاريخ,سوكي ستوريز",24,Entertainment,,PT21M41S,1301,2d,hd,false,ar,ar,https://i.ytimg.com/vi/eCWYPgIT-VI/maxresdefault.jpg,1,,,,,123755,7315,,0,398
124,UC9JNENLelbGff__RYGLP1jA,"Souky Stories",2sK4lklVFMg,2025-02-20T20:00:04Z,"2025-02-20 20:00:04","كانت عايشة بيخير حتى دخلات لفعة لحياتها ‼️ نهاية صادمة","مرحبا بكم في القناة، الاسم ديالي سكينة و اليوم غادي نكتاشفو خبايا هاد القصة هاد القناة دارت ليك إلى كنتي من عشاق : - قصص حقيقية - قصص رعب - قصص جرائم - قصص غريبة - قصص بوليسية - قصص مؤثرة - قصص ملهمة - قصص واقعية كانحط قصة يوم الإثنين والخميس والسبت. ماتنساش تشتارك فالقناة وتفعل الجرس باش يوصلوك فيديوهات وقصص جداد. مرحبا بيك في عالم القصص المثيرة ❤️ تابعوني ايضا على مواقع التواصل الاجتماعي إذا كنت من محبي القصص القصيرة عبر: الانستغرام : soukystories الفايسبوك : soukystories التيكتوك : soukystories الى كنتي من محبي القصص المسموعة تقدر تلقاني ف: سبوتيفاي: soukystories أنغامي: soukystories غوغل بودكاست: soukystories #explore #قصص_بالدرجة #قصص_بالدارجة #قصص_بالدارجة_المغربية #قصص_واقعية #قصص_غريبة #قصص_حقیقية #9isas_wa9i3iya #souky_stories #soukystories","soukystories,souki stories,المغرب,manar stories,lassakri,العسكري,safaa,الخراز,zineb story,قصص حقيقية,Chaimae Belkhir,Nisrine - نسرين,سوكمان sockman,NADIAS,حكايات رضا,قضايا,meryem story,@kharrazabdelkader,rajaa stories,senpai,خراز,lasakri,laskari,laaskari,3askari,lasskari,لعساكري,العساكري,لعسكاري,العسكاري,لعسكري,kwili,lemo,Kharraz,ليمو,كويلي,alkharraz,l3askri,laasikri,lassakri fz,laskri fatima,NADIA STORIES,قصص مظلمة | dark stories,قصص من التاريخ,سوكي ستوريز",24,Entertainment,,PT31M10S,1870,2d,hd,false,ar,ar,https://i.ytimg.com/vi/2sK4lklVFMg/maxresdefault.jpg,1,,,,,505584,16250,,0,870
125,UC9JNENLelbGff__RYGLP1jA,"Souky Stories",FuIbsvzL75Y,2025-02-17T19:30:02Z,"2025-02-17 19:30:02","حَوَّلَ حياتها للجحيم والسبب صادم ⚠️ (*للكبار فقط*) ‼️","مرحبا بكم في القناة، الاسم ديالي سكينة و اليوم غادي نكتاشفو خبايا هاد القصة هاد القناة دارت ليك إلى كنتي من عشاق : - قصص حقيقية - قصص رعب - قصص جرائم - قصص غريبة - قصص بوليسية - قصص مؤثرة - قصص ملهمة - قصص واقعية كانحط قصة يوم الإثنين والخميس والسبت. ماتنساش تشتارك فالقناة وتفعل الجرس باش يوصلوك فيديوهات وقصص جداد. مرحبا بيك في عالم القصص المثيرة ❤️ تابعوني ايضا على مواقع التواصل الاجتماعي إذا كنت من محبي القصص القصيرة عبر: الانستغرام : soukystories الفايسبوك : soukystories التيكتوك : soukystories الى كنتي من محبي القصص المسموعة تقدر تلقاني ف: سبوتيفاي: soukystories أنغامي: soukystories غوغل بودكاست: soukystories #explore #قصص_بالدرجة #قصص_بالدارجة #قصص_بالدارجة_المغربية #قصص_واقعية #قصص_غريبة #قصص_حقیقية #9isas_wa9i3iya #souky_stories #soukystories","soukystories,souki stories,المغرب,manar stories,lassakri,العسكري,safaa,الخراز,zineb story,قصص حقيقية,Chaimae Belkhir,Nisrine - نسرين,سوكمان sockman,NADIAS,حكايات رضا,قضايا,meryem story,@kharrazabdelkader,rajaa stories,senpai,خراز,lasakri,laskari,laaskari,3askari,lasskari,لعساكري,العساكري,لعسكاري,العسكاري,لعسكري,kwili,lemo,Kharraz,ليمو,كويلي,alkharraz,l3askri,laasikri,lassakri fz,laskri fatima,NADIA STORIES,قصص مظلمة | dark stories,قصص من التاريخ,سوكي ستوريز",24,Entertainment,,PT22M1S,1321,2d,hd,false,ar,ar,https://i.ytimg.com/vi/FuIbsvzL75Y/maxresdefault.jpg,1,,,,,130215,7485,,0,435
126,UC9JNENLelbGff__RYGLP1jA,"Souky Stories",bDrQUAiRTco,2025-02-13T20:05:00Z,"2025-02-13 20:05:00","داكشي لي لقاو فالشقة ديالهم كابوس حقيقي ⚠️ (*للكبار فقط*) ‼️","مرحبا بكم في القناة، الاسم ديالي سكينة و اليوم غادي نكتاشفو خبايا هاد القصة هاد القناة دارت ليك إلى كنتي من عشاق : - قصص حقيقية - قصص رعب - قصص جرائم - قصص غريبة - قصص بوليسية - قصص مؤثرة - قصص ملهمة - قصص واقعية كانحط قصة يوم الإثنين والخميس والسبت. ماتنساش تشتارك فالقناة وتفعل الجرس باش يوصلوك فيديوهات وقصص جداد. مرحبا بيك في عالم القصص المثيرة ❤️ تابعوني ايضا على مواقع التواصل الاجتماعي إذا كنت من محبي القصص القصيرة عبر: الانستغرام : soukystories الفايسبوك : soukystories التيكتوك : soukystories الى كنتي من محبي القصص المسموعة تقدر تلقاني ف: سبوتيفاي: soukystories أنغامي: soukystories غوغل بودكاست: soukystories #explore #قصص_بالدرجة #قصص_بالدارجة #قصص_بالدارجة_المغربية #قصص_واقعية #قصص_غريبة #قصص_حقیقية #9isas_wa9i3iya #souky_stories #soukystories","soukystories,souki stories,المغرب,manar stories,lassakri,العسكري,safaa,الخراز,zineb story,قصص حقيقية,Chaimae Belkhir,Nisrine - نسرين,سوكمان sockman,NADIAS,حكايات رضا,قضايا,meryem story,@kharrazabdelkader,rajaa stories,senpai,خراز,lasakri,laskari,laaskari,3askari,lasskari,لعساكري,العساكري,لعسكاري,العسكاري,لعسكري,kwili,lemo,Kharraz,ليمو,كويلي,alkharraz,l3askri,laasikri,lassakri fz,laskri fatima,NADIA STORIES,قصص مظلمة | dark stories,قصص من التاريخ,سوكي ستوريز",24,Entertainment,,PT28M9S,1689,2d,hd,false,ar,ar,https://i.ytimg.com/vi/bDrQUAiRTco/maxresdefault.jpg,1,,,,,153890,8331,,0,535
127,UC9JNENLelbGff__RYGLP1jA,"Souky Stories",_oZwcuwYku0,2025-02-10T21:00:23Z,"2025-02-10 21:00:23","استغلو كورونا لإخفاء فعلتهم البشعة⚠️ (*للكبار فقط*) ‼️","مرحبا بكم في القناة، الاسم ديالي سكينة و اليوم غادي نكتاشفو خبايا هاد القصة هاد القناة دارت ليك إلى كنتي من عشاق : - قصص حقيقية - قصص رعب - قصص جرائم - قصص غريبة - قصص بوليسية - قصص مؤثرة - قصص ملهمة - قصص واقعية كانحط قصة يوم الإثنين والخميس والسبت. ماتنساش تشتارك فالقناة وتفعل الجرس باش يوصلوك فيديوهات وقصص جداد. مرحبا بيك في عالم القصص المثيرة ❤️ تابعوني ايضا على مواقع التواصل الاجتماعي إذا كنت من محبي القصص القصيرة عبر: الانستغرام : soukystories الفايسبوك : soukystories التيكتوك : soukystories الى كنتي من محبي القصص المسموعة تقدر تلقاني ف: سبوتيفاي: soukystories أنغامي: soukystories غوغل بودكاست: soukystories #explore #قصص_بالدرجة #قصص_بالدارجة #قصص_بالدارجة_المغربية #قصص_واقعية #قصص_غريبة #قصص_حقیقية #9isas_wa9i3iya #souky_stories #soukystories","soukystories,souki stories,المغرب,manar stories,lassakri,العسكري,safaa,الخراز,zineb story,قصص حقيقية,Chaimae Belkhir,Nisrine - نسرين,سوكمان sockman,NADIAS,حكايات رضا,قضايا,meryem story,@kharrazabdelkader,rajaa stories,senpai,خراز,lasakri,laskari,laaskari,3askari,lasskari,لعساكري,العساكري,لعسكاري,العسكاري,لعسكري,kwili,lemo,Kharraz,ليمو,كويلي,alkharraz,l3askri,laasikri,lassakri fz,laskri fatima,NADIA STORIES,قصص مظلمة | dark stories,قصص من التاريخ,سوكي ستوريز",24,Entertainment,,PT19M13S,1153,2d,hd,false,ar,ar,https://i.ytimg.com/vi/_oZwcuwYku0/maxresdefault.jpg,1,,,,,120993,7143,,0,436
128,UC9JNENLelbGff__RYGLP1jA,"Souky Stories",zjuTvFaAg0o,2025-02-08T20:00:28Z,"2025-02-08 20:00:28","اختفت ليلا في طريقها إلى منزلها ⚠️ (*للكبار فقط*) ‼️","مرحبا بكم في القناة، الاسم ديالي سكينة و اليوم غادي نكتاشفو خبايا هاد القصة هاد القناة دارت ليك إلى كنتي من عشاق : - قصص حقيقية - قصص رعب - قصص جرائم - قصص غريبة - قصص بوليسية - قصص مؤثرة - قصص ملهمة - قصص واقعية كانحط قصة يوم الإثنين والخميس والسبت. ماتنساش تشتارك فالقناة وتفعل الجرس باش يوصلوك فيديوهات وقصص جداد. مرحبا بيك في عالم القصص المثيرة ❤️ تابعوني ايضا على مواقع التواصل الاجتماعي إذا كنت من محبي القصص القصيرة عبر: الانستغرام : soukystories الفايسبوك : soukystories التيكتوك : soukystories الى كنتي من محبي القصص المسموعة تقدر تلقاني ف: سبوتيفاي: soukystories أنغامي: soukystories غوغل بودكاست: soukystories #explore #قصص_بالدرجة #قصص_بالدارجة #قصص_بالدارجة_المغربية #قصص_واقعية #قصص_غريبة #قصص_حقیقية #9isas_wa9i3iya #souky_stories #soukystories","soukystories,souki stories,المغرب,manar stories,lassakri,العسكري,safaa,الخراز,zineb story,قصص حقيقية,Chaimae Belkhir,Nisrine - نسرين,سوكمان sockman,NADIAS,حكايات رضا,قضايا,meryem story,@kharrazabdelkader,rajaa stories,senpai,خراز,lasakri,laskari,laaskari,3askari,lasskari,لعساكري,العساكري,لعسكاري,العسكاري,لعسكري,kwili,lemo,Kharraz,ليمو,كويلي,alkharraz,l3askri,laasikri,lassakri fz,laskri fatima,NADIA STORIES,قصص مظلمة | dark stories,قصص من التاريخ,سوكي ستوريز",24,Entertainment,,PT21M1S,1261,2d,hd,false,ar,ar,https://i.ytimg.com/vi/zjuTvFaAg0o/maxresdefault.jpg,1,,,,,182364,8620,,0,520
129,UC9JNENLelbGff__RYGLP1jA,"Souky Stories",cxU4WOS5sx4,2025-02-06T20:30:09Z,"2025-02-06 20:30:09","الشخص الوحيد لي ماشك فيه حتى واحد طلع هو الوحش ‼️","مرحبا بكم في القناة، الاسم ديالي سكينة و اليوم غادي نكتاشفو خبايا هاد القصة هاد القناة دارت ليك إلى كنتي من عشاق : - قصص حقيقية - قصص رعب - قصص جرائم - قصص غريبة - قصص بوليسية - قصص مؤثرة - قصص ملهمة - قصص واقعية كانحط قصة يوم الإثنين والخميس والسبت. ماتنساش تشتارك فالقناة وتفعل الجرس باش يوصلوك فيديوهات وقصص جداد. مرحبا بيك في عالم القصص المثيرة ❤️ تابعوني ايضا على مواقع التواصل الاجتماعي إذا كنت من محبي القصص القصيرة عبر: الانستغرام : soukystories الفايسبوك : soukystories التيكتوك : soukystories الى كنتي من محبي القصص المسموعة تقدر تلقاني ف: سبوتيفاي: soukystories أنغامي: soukystories غوغل بودكاست: soukystories #explore #قصص_بالدرجة #قصص_بالدارجة #قصص_بالدارجة_المغربية #قصص_واقعية #قصص_غريبة #قصص_حقیقية #9isas_wa9i3iya #souky_stories #soukystories","soukystories,souki stories,المغرب,manar stories,lassakri,العسكري,safaa,الخراز,zineb story,قصص حقيقية,Chaimae Belkhir,Nisrine - نسرين,سوكمان sockman,NADIAS,حكايات رضا,قضايا,meryem story,@kharrazabdelkader,rajaa stories,senpai,خراز,lasakri,laskari,laaskari,3askari,lasskari,لعساكري,العساكري,لعسكاري,العسكاري,لعسكري,kwili,lemo,Kharraz,ليمو,كويلي,alkharraz,l3askri,laasikri,lassakri fz,laskri fatima,NADIA STORIES,قصص مظلمة | dark stories,قصص من التاريخ,سوكي ستوريز",24,Entertainment,,PT27M56S,1676,2d,hd,false,ar,ar,https://i.ytimg.com/vi/cxU4WOS5sx4/maxresdefault.jpg,1,,,,,160389,8305,,0,435
130,UC9JNENLelbGff__RYGLP1jA,"Souky Stories",OTxRao4JvgQ,2025-02-03T20:55:00Z,"2025-02-03 20:55:00","الوحش الذي أرعب نساء مدينةٍ بأكملها ⚠️ (*للكبار فقط*) ‼️","مرحبا بكم في القناة، الاسم ديالي سكينة و اليوم غادي نكتاشفو خبايا هاد القصة هاد القناة دارت ليك إلى كنتي من عشاق : - قصص حقيقية - قصص رعب - قصص جرائم - قصص غريبة - قصص بوليسية - قصص مؤثرة - قصص ملهمة - قصص واقعية كانحط قصة يوم الإثنين والخميس والسبت. ماتنساش تشتارك فالقناة وتفعل الجرس باش يوصلوك فيديوهات وقصص جداد. مرحبا بيك في عالم القصص المثيرة ❤️ تابعوني ايضا على مواقع التواصل الاجتماعي إذا كنت من محبي القصص القصيرة عبر: الانستغرام : soukystories الفايسبوك : soukystories التيكتوك : soukystories الى كنتي من محبي القصص المسموعة تقدر تلقاني ف: سبوتيفاي: soukystories أنغامي: soukystories غوغل بودكاست: soukystories #explore #قصص_بالدرجة #قصص_بالدارجة #قصص_بالدارجة_المغربية #قصص_واقعية #قصص_غريبة #قصص_حقیقية #9isas_wa9i3iya #souky_stories #soukystories","soukystories,souki stories,المغرب,manar stories,lassakri,العسكري,safaa,الخراز,zineb story,قصص حقيقية,Chaimae Belkhir,Nisrine - نسرين,سوكمان sockman,NADIAS,حكايات رضا,قضايا,meryem story,@kharrazabdelkader,rajaa stories,senpai,خراز,lasakri,laskari,laaskari,3askari,lasskari,لعساكري,العساكري,لعسكاري,العسكاري,لعسكري,kwili,lemo,Kharraz,ليمو,كويلي,alkharraz,l3askri,laasikri,lassakri fz,laskri fatima,NADIA STORIES,قصص مظلمة | dark stories,قصص من التاريخ,سوكي ستوريز",24,Entertainment,,PT37M22S,2242,2d,hd,false,ar,ar,https://i.ytimg.com/vi/OTxRao4JvgQ/maxresdefault.jpg,1,,,,,222811,9961,,0,701
131,UC9JNENLelbGff__RYGLP1jA,"Souky Stories",5p07EkiNlcc,2025-01-30T19:30:00Z,"2025-01-30 19:30:00","عيشاتو شي حاجة أبشع من المو..ت والسبب صادم ⚠️ (*للكبار فقط*) ‼️","مرحبا بكم في القناة، الاسم ديالي سكينة و اليوم غادي نكتاشفو خبايا هاد القصة هاد القناة دارت ليك إلى كنتي من عشاق : - قصص حقيقية - قصص رعب - قصص جرائم - قصص غريبة - قصص بوليسية - قصص مؤثرة - قصص ملهمة - قصص واقعية كانحط قصة يوم الإثنين والخميس والسبت. ماتنساش تشتارك فالقناة وتفعل الجرس باش يوصلوك فيديوهات وقصص جداد. مرحبا بيك في عالم القصص المثيرة ❤️ تابعوني ايضا على مواقع التواصل الاجتماعي إذا كنت من محبي القصص القصيرة عبر: الانستغرام : soukystories الفايسبوك : soukystories التيكتوك : soukystories الى كنتي من محبي القصص المسموعة تقدر تلقاني ف: سبوتيفاي: soukystories أنغامي: soukystories غوغل بودكاست: soukystories #explore #قصص_بالدرجة #قصص_بالدارجة #قصص_بالدارجة_المغربية #قصص_واقعية #قصص_غريبة #قصص_حقیقية #9isas_wa9i3iya #souky_stories #soukystories","soukystories,souki stories,المغرب,manar stories,lassakri,العسكري,safaa,الخراز,zineb story,قصص حقيقية,Chaimae Belkhir,Nisrine - نسرين,سوكمان sockman,NADIAS,حكايات رضا,قضايا,meryem story,@kharrazabdelkader,rajaa stories,senpai,خراز,lasakri,laskari,laaskari,3askari,lasskari,لعساكري,العساكري,لعسكاري,العسكاري,لعسكري,kwili,lemo,Kharraz,ليمو,كويلي,alkharraz,l3askri,laasikri,lassakri fz,laskri fatima,NADIA STORIES,قصص مظلمة | dark stories,قصص من التاريخ,سوكي ستوريز",24,Entertainment,,PT27M7S,1627,2d,hd,false,ar,ar,https://i.ytimg.com/vi/5p07EkiNlcc/maxresdefault.jpg,1,,,,,207929,17517,,0,1176
132,UC9JNENLelbGff__RYGLP1jA,"Souky Stories",-eqMFg7w9zE,2025-01-27T20:00:00Z,"2025-01-27 20:00:00","مشا ينعس وماعاودش بان والنهاية صادمة ⚠️ (*للكبار فقط*) ‼️","مرحبا بكم في القناة، الاسم ديالي سكينة و اليوم غادي نكتاشفو خبايا هاد القصة هاد القناة دارت ليك إلى كنتي من عشاق : - قصص حقيقية - قصص رعب - قصص جرائم - قصص غريبة - قصص بوليسية - قصص مؤثرة - قصص ملهمة - قصص واقعية كانحط قصة يوم الإثنين والخميس والسبت. ماتنساش تشتارك فالقناة وتفعل الجرس باش يوصلوك فيديوهات وقصص جداد. مرحبا بيك في عالم القصص المثيرة ❤️ تابعوني ايضا على مواقع التواصل الاجتماعي إذا كنت من محبي القصص القصيرة عبر: الانستغرام : soukystories الفايسبوك : soukystories التيكتوك : soukystories الى كنتي من محبي القصص المسموعة تقدر تلقاني ف: سبوتيفاي: soukystories أنغامي: soukystories غوغل بودكاست: soukystories #explore #قصص_بالدرجة #قصص_بالدارجة #قصص_بالدارجة_المغربية #قصص_واقعية #قصص_غريبة #قصص_حقیقية #9isas_wa9i3iya #souky_stories #soukystories","soukystories,souki stories,المغرب,manar stories,lassakri,العسكري,safaa,الخراز,zineb story,قصص حقيقية,Chaimae Belkhir,Nisrine - نسرين,سوكمان sockman,NADIAS,حكايات رضا,قضايا,meryem story,@kharrazabdelkader,rajaa stories,senpai,خراز,lasakri,laskari,laaskari,3askari,lasskari,لعساكري,العساكري,لعسكاري,العسكاري,لعسكري,kwili,lemo,Kharraz,ليمو,كويلي,alkharraz,l3askri,laasikri,lassakri fz,laskri fatima,NADIA STORIES,قصص مظلمة | dark stories,قصص من التاريخ,سوكي ستوريز",24,Entertainment,,PT25M27S,1527,2d,hd,false,ar,ar,https://i.ytimg.com/vi/-eqMFg7w9zE/maxresdefault.jpg,1,,,,,148836,7926,,0,454
133,UC9JNENLelbGff__RYGLP1jA,"Souky Stories",e8kxwsiSwTs,2025-01-23T19:30:04Z,"2025-01-23 19:30:04","داكشي لي لقاو عندو فالدار رعب حقيقي ⚠️ (*للكبار فقط*) ‼️","مرحبا بكم في القناة، الاسم ديالي سكينة و اليوم غادي نكتاشفو خبايا هاد القصة هاد القناة دارت ليك إلى كنتي من عشاق : - قصص حقيقية - قصص رعب - قصص جرائم - قصص غريبة - قصص بوليسية - قصص مؤثرة - قصص ملهمة - قصص واقعية كانحط قصة يوم الإثنين والخميس والسبت. ماتنساش تشتارك فالقناة وتفعل الجرس باش يوصلوك فيديوهات وقصص جداد. مرحبا بيك في عالم القصص المثيرة ❤️ تابعوني ايضا على مواقع التواصل الاجتماعي إذا كنت من محبي القصص القصيرة عبر: الانستغرام : soukystories الفايسبوك : soukystories التيكتوك : soukystories الى كنتي من محبي القصص المسموعة تقدر تلقاني ف: سبوتيفاي: soukystories أنغامي: soukystories غوغل بودكاست: soukystories #explore #قصص_بالدرجة #قصص_بالدارجة #قصص_بالدارجة_المغربية #قصص_واقعية #قصص_غريبة #قصص_حقیقية #9isas_wa9i3iya #souky_stories #soukystories","soukystories,souki stories,المغرب,manar stories,lassakri,العسكري,safaa,الخراز,zineb story,قصص حقيقية,Chaimae Belkhir,Nisrine - نسرين,سوكمان sockman,NADIAS,حكايات رضا,قضايا,meryem story,@kharrazabdelkader,rajaa stories,senpai,خراز,lasakri,laskari,laaskari,3askari,lasskari,لعساكري,العساكري,لعسكاري,العسكاري,لعسكري,kwili,lemo,Kharraz,ليمو,كويلي,alkharraz,l3askri,laasikri,lassakri fz,laskri fatima,NADIA STORIES,قصص مظلمة | dark stories,قصص من التاريخ,سوكي ستوريز",24,Entertainment,,PT30M25S,1825,2d,hd,false,ar,ar,https://i.ytimg.com/vi/e8kxwsiSwTs/maxresdefault.jpg,1,,,,,177983,9208,,0,594
134,UC9JNENLelbGff__RYGLP1jA,"Souky Stories",AY0bJBhJuNw,2025-01-20T20:00:06Z,"2025-01-20 20:00:06","دخل لحياتو شيطان وماكانش عارف ⚠️","مرحبا بكم في القناة، الاسم ديالي سكينة و اليوم غادي نكتاشفو خبايا هاد القصة هاد القناة دارت ليك إلى كنتي من عشاق : - قصص حقيقية - قصص رعب - قصص جرائم - قصص غريبة - قصص بوليسية - قصص مؤثرة - قصص ملهمة - قصص واقعية كانحط قصة يوم الإثنين والخميس والسبت. ماتنساش تشتارك فالقناة وتفعل الجرس باش يوصلوك فيديوهات وقصص جداد. مرحبا بيك في عالم القصص المثيرة ❤️ تابعوني ايضا على مواقع التواصل الاجتماعي إذا كنت من محبي القصص القصيرة عبر: الانستغرام : soukystories الفايسبوك : soukystories التيكتوك : soukystories الى كنتي من محبي القصص المسموعة تقدر تلقاني ف: سبوتيفاي: soukystories أنغامي: soukystories غوغل بودكاست: soukystories #explore #قصص_بالدرجة #قصص_بالدارجة #قصص_بالدارجة_المغربية #قصص_واقعية #قصص_غريبة #قصص_حقیقية #9isas_wa9i3iya #souky_stories #soukystories","soukystories,souki stories,المغرب,manar stories,lassakri,العسكري,safaa,الخراز,zineb story,قصص حقيقية,Chaimae Belkhir,Nisrine - نسرين,سوكمان sockman,NADIAS,حكايات رضا,قضايا,meryem story,@kharrazabdelkader,rajaa stories,senpai,خراز,lasakri,laskari,laaskari,3askari,lasskari,لعساكري,العساكري,لعسكاري,العسكاري,لعسكري,kwili,lemo,Kharraz,ليمو,كويلي,alkharraz,l3askri,laasikri,lassakri fz,laskri fatima,NADIA STORIES,قصص مظلمة | dark stories,قصص من التاريخ,سوكي ستوريز",24,Entertainment,,PT26M12S,1572,2d,hd,false,ar,ar,https://i.ytimg.com/vi/AY0bJBhJuNw/maxresdefault.jpg,1,,,,,194777,10177,,0,548
135,UC9JNENLelbGff__RYGLP1jA,"Souky Stories",fFVk1nNOn6M,2025-01-18T20:15:02Z,"2025-01-18 20:15:02","من ضحية إلى مج.رمة محكومة بالاعدام ⚠️ (*للكبار فقط*) ‼️","مرحبا بكم في القناة، الاسم ديالي سكينة و اليوم غادي نكتاشفو خبايا هاد القصة هاد القناة دارت ليك إلى كنتي من عشاق : - قصص حقيقية - قصص رعب - قصص جرائم - قصص غريبة - قصص بوليسية - قصص مؤثرة - قصص ملهمة - قصص واقعية كانحط قصة يوم الإثنين والخميس والسبت. ماتنساش تشتارك فالقناة وتفعل الجرس باش يوصلوك فيديوهات وقصص جداد. مرحبا بيك في عالم القصص المثيرة ❤️ تابعوني ايضا على مواقع التواصل الاجتماعي إذا كنت من محبي القصص القصيرة عبر: الانستغرام : soukystories الفايسبوك : soukystories التيكتوك : soukystories الى كنتي من محبي القصص المسموعة تقدر تلقاني ف: سبوتيفاي: soukystories أنغامي: soukystories غوغل بودكاست: soukystories #explore #قصص_بالدرجة #قصص_بالدارجة #قصص_بالدارجة_المغربية #قصص_واقعية #قصص_غريبة #قصص_حقیقية #9isas_wa9i3iya #souky_stories #soukystories","soukystories,souki stories,المغرب,manar stories,lassakri,العسكري,safaa,الخراز,zineb story,قصص حقيقية,Chaimae Belkhir,Nisrine - نسرين,سوكمان sockman,NADIAS,حكايات رضا,قضايا,meryem story,@kharrazabdelkader,rajaa stories,senpai,خراز,lasakri,laskari,laaskari,3askari,lasskari,لعساكري,العساكري,لعسكاري,العسكاري,لعسكري,kwili,lemo,Kharraz,ليمو,كويلي,alkharraz,l3askri,laasikri,lassakri fz,laskri fatima,NADIA STORIES,قصص مظلمة | dark stories,قصص من التاريخ,سوكي ستوريز",24,Entertainment,,PT30M36S,1836,2d,hd,false,ar,ar,https://i.ytimg.com/vi/fFVk1nNOn6M/maxresdefault.jpg,1,,,,,182550,9091,,0,632
136,UC9JNENLelbGff__RYGLP1jA,"Souky Stories",v6_F5-qk1Lk,2025-01-13T20:00:35Z,"2025-01-13 20:00:35","كان عايش بخير حتى دخل شيطان لحياتو ⚠️ (*للكبار فقط*)‼️","مرحبا بكم في القناة، الاسم ديالي سكينة و اليوم غادي نكتاشفو خبايا هاد القصة هاد القناة دارت ليك إلى كنتي من عشاق : - قصص حقيقية - قصص رعب - قصص جرائم - قصص غريبة - قصص بوليسية - قصص مؤثرة - قصص ملهمة - قصص واقعية كانحط قصة يوم الإثنين والخميس والسبت. ماتنساش تشتارك فالقناة وتفعل الجرس باش يوصلوك فيديوهات وقصص جداد. مرحبا بيك في عالم القصص المثيرة ❤️ تابعوني ايضا على مواقع التواصل الاجتماعي إذا كنت من محبي القصص القصيرة عبر: الانستغرام : soukystories الفايسبوك : soukystories التيكتوك : soukystories الى كنتي من محبي القصص المسموعة تقدر تلقاني ف: سبوتيفاي: soukystories أنغامي: soukystories غوغل بودكاست: soukystories #explore #قصص_بالدرجة #قصص_بالدارجة #قصص_بالدارجة_المغربية #قصص_واقعية #قصص_غريبة #قصص_حقیقية #9isas_wa9i3iya #souky_stories #soukystories","soukystories,souki stories,المغرب,manar stories,lassakri,العسكري,safaa,الخراز,zineb story,قصص حقيقية,Chaimae Belkhir,Nisrine - نسرين,سوكمان sockman,NADIAS,حكايات رضا,قضايا,meryem story,@kharrazabdelkader,rajaa stories,senpai,خراز,lasakri,laskari,laaskari,3askari,lasskari,لعساكري,العساكري,لعسكاري,العسكاري,لعسكري,kwili,lemo,Kharraz,ليمو,كويلي,alkharraz,l3askri,laasikri,lassakri fz,laskri fatima,NADIA STORIES,قصص مظلمة | dark stories,قصص من التاريخ,سوكي ستوريز",24,Entertainment,,PT23M42S,1422,2d,hd,false,ar,ar,https://i.ytimg.com/vi/v6_F5-qk1Lk/maxresdefault.jpg,1,,,,,120093,7327,,0,403
137,UC9JNENLelbGff__RYGLP1jA,"Souky Stories",nmt_eajY8LY,2025-01-11T19:00:26Z,"2025-01-11 19:00:26","ورقة نقدية حلت لغز قضية بشعة في الهند 🇮🇳 (*للكبار فقط*) ‼️","مرحبا بكم في القناة، الاسم ديالي سكينة و اليوم غادي نكتاشفو خبايا هاد القصة هاد القناة دارت ليك إلى كنتي من عشاق : - قصص حقيقية - قصص رعب - قصص جرائم - قصص غريبة - قصص بوليسية - قصص مؤثرة - قصص ملهمة - قصص واقعية كانحط قصة يوم الإثنين والخميس والسبت. ماتنساش تشتارك فالقناة وتفعل الجرس باش يوصلوك فيديوهات وقصص جداد. مرحبا بيك في عالم القصص المثيرة ❤️ تابعوني ايضا على مواقع التواصل الاجتماعي إذا كنت من محبي القصص القصيرة عبر: الانستغرام : soukystories الفايسبوك : soukystories التيكتوك : soukystories الى كنتي من محبي القصص المسموعة تقدر تلقاني ف: سبوتيفاي: soukystories أنغامي: soukystories غوغل بودكاست: soukystories #explore #قصص_بالدرجة #قصص_بالدارجة #قصص_بالدارجة_المغربية #قصص_واقعية #قصص_غريبة #قصص_حقیقية #9isas_wa9i3iya #souky_stories #soukystories","soukystories,souki stories,المغرب,manar stories,lassakri,العسكري,safaa,الخراز,zineb story,قصص حقيقية,Chaimae Belkhir,Nisrine - نسرين,سوكمان sockman,NADIAS,حكايات رضا,قضايا,meryem story,@kharrazabdelkader,rajaa stories,senpai,خراز,lasakri,laskari,laaskari,3askari,lasskari,لعساكري,العساكري,لعسكاري,العسكاري,لعسكري,kwili,lemo,Kharraz,ليمو,كويلي,alkharraz,l3askri,laasikri,lassakri fz,laskri fatima,NADIA STORIES,قصص مظلمة | dark stories,قصص من التاريخ,سوكي ستوريز",24,Entertainment,,PT21M41S,1301,2d,hd,false,ar,ar,https://i.ytimg.com/vi/nmt_eajY8LY/maxresdefault.jpg,1,,,,,126666,7202,,0,357
138,UC9JNENLelbGff__RYGLP1jA,"Souky Stories",ved23VX1Nc0,2025-01-06T20:05:00Z,"2025-01-06 20:05:00","مشاو فرحلة ومارجعوش ⚠️ القضية لي صدمات الناس في كندا","مرحبا بكم في القناة، الاسم ديالي سكينة و اليوم غادي نكتاشفو خبايا هاد القصة هاد القناة دارت ليك إلى كنتي من عشاق : - قصص حقيقية - قصص رعب - قصص جرائم - قصص غريبة - قصص بوليسية - قصص مؤثرة - قصص ملهمة - قصص واقعية كانحط قصة يوم الإثنين والخميس والسبت. ماتنساش تشتارك فالقناة وتفعل الجرس باش يوصلوك فيديوهات وقصص جداد. مرحبا بيك في عالم القصص المثيرة ❤️ تابعوني ايضا على مواقع التواصل الاجتماعي إذا كنت من محبي القصص القصيرة عبر: الانستغرام : soukystories الفايسبوك : soukystories التيكتوك : soukystories الى كنتي من محبي القصص المسموعة تقدر تلقاني ف: سبوتيفاي: soukystories أنغامي: soukystories غوغل بودكاست: soukystories #explore #قصص_بالدرجة #قصص_بالدارجة #قصص_بالدارجة_المغربية #قصص_واقعية #قصص_غريبة #قصص_حقیقية #9isas_wa9i3iya #souky_stories #soukystories","soukystories,souki stories,المغرب,manar stories,lassakri,العسكري,safaa,الخراز,zineb story,قصص حقيقية,Chaimae Belkhir,Nisrine - نسرين,سوكمان sockman,NADIAS,حكايات رضا,قضايا,meryem story,@kharrazabdelkader,rajaa stories,senpai,خراز,lasakri,laskari,laaskari,3askari,lasskari,لعساكري,العساكري,لعسكاري,العسكاري,لعسكري,kwili,lemo,Kharraz,ليمو,كويلي,alkharraz,l3askri,laasikri,lassakri fz,laskri fatima,NADIA STORIES,قصص مظلمة | dark stories,قصص من التاريخ,سوكي ستوريز",24,Entertainment,,PT27M6S,1626,2d,hd,false,ar,ar,https://i.ytimg.com/vi/ved23VX1Nc0/maxresdefault.jpg,1,,,,,255605,10439,,0,541
139,UC9JNENLelbGff__RYGLP1jA,"Souky Stories",9GczfALFB_w,2025-01-04T19:01:00Z,"2025-01-04 19:01:00","كان يظن أنه في مهمة سرية ولكن ما حدث كان صادم ⚠️ (*للكبار فقط*) ‼️","مرحبا بكم في القناة، الاسم ديالي سكينة و اليوم غادي نكتاشفو خبايا هاد القصة هاد القناة دارت ليك إلى كنتي من عشاق : - قصص حقيقية - قصص رعب - قصص جرائم - قصص غريبة - قصص بوليسية - قصص مؤثرة - قصص ملهمة - قصص واقعية كانحط قصة يوم الإثنين والخميس والسبت. ماتنساش تشتارك فالقناة وتفعل الجرس باش يوصلوك فيديوهات وقصص جداد. مرحبا بيك في عالم القصص المثيرة ❤️ تابعوني ايضا على مواقع التواصل الاجتماعي إذا كنت من محبي القصص القصيرة عبر: الانستغرام : soukystories الفايسبوك : soukystories التيكتوك : soukystories الى كنتي من محبي القصص المسموعة تقدر تلقاني ف: سبوتيفاي: soukystories أنغامي: soukystories غوغل بودكاست: soukystories #explore #قصص_بالدرجة #قصص_بالدارجة #قصص_بالدارجة_المغربية #قصص_واقعية #قصص_غريبة #قصص_حقیقية #9isas_wa9i3iya #souky_stories #soukystories","soukystories,souki stories,المغرب,manar stories,lassakri,العسكري,safaa,الخراز,zineb story,قصص حقيقية,Chaimae Belkhir,Nisrine - نسرين,سوكمان sockman,NADIAS,حكايات رضا,قضايا,meryem story,@kharrazabdelkader,rajaa stories,senpai,خراز,lasakri,laskari,laaskari,3askari,lasskari,لعساكري,العساكري,لعسكاري,العسكاري,لعسكري,kwili,lemo,Kharraz,ليمو,كويلي,alkharraz,l3askri,laasikri,lassakri fz,laskri fatima,NADIA STORIES,قصص مظلمة | dark stories,قصص من التاريخ,سوكي ستوريز",24,Entertainment,,PT28M42S,1722,2d,hd,false,ar,ar,https://i.ytimg.com/vi/9GczfALFB_w/maxresdefault.jpg,1,,,,,229558,9022,,0,449
140,UC9JNENLelbGff__RYGLP1jA,"Souky Stories",WgyZ6nMF_1U,2025-01-02T20:45:01Z,"2025-01-02 20:45:01","كيفاش طبيب صفاها لكتر من مئتين وخمسين شخص ⚠️ (*للكبار فقط*)‼️","مرحبا بكم في القناة، الاسم ديالي سكينة و اليوم غادي نكتاشفو خبايا هاد القصة هاد القناة دارت ليك إلى كنتي من عشاق : - قصص حقيقية - قصص رعب - قصص جرائم - قصص غريبة - قصص بوليسية - قصص مؤثرة - قصص ملهمة - قصص واقعية كانحط قصة يوم الإثنين والخميس والسبت. ماتنساش تشتارك فالقناة وتفعل الجرس باش يوصلوك فيديوهات وقصص جداد. مرحبا بيك في عالم القصص المثيرة ❤️ تابعوني ايضا على مواقع التواصل الاجتماعي إذا كنت من محبي القصص القصيرة عبر: الانستغرام : soukystories الفايسبوك : soukystories التيكتوك : soukystories الى كنتي من محبي القصص المسموعة تقدر تلقاني ف: سبوتيفاي: soukystories أنغامي: soukystories غوغل بودكاست: soukystories #explore #قصص_بالدرجة #قصص_بالدارجة #قصص_بالدارجة_المغربية #قصص_واقعية #قصص_غريبة #قصص_حقیقية #9isas_wa9i3iya #souky_stories #soukystories","soukystories,souki stories,المغرب,manar stories,lassakri,العسكري,safaa,الخراز,zineb story,قصص حقيقية,Chaimae Belkhir,Nisrine - نسرين,سوكمان sockman,NADIAS,حكايات رضا,قضايا,meryem story,@kharrazabdelkader,rajaa stories,senpai,خراز,lasakri,laskari,laaskari,3askari,lasskari,لعساكري,العساكري,لعسكاري,العسكاري,لعسكري,kwili,lemo,Kharraz,ليمو,كويلي,alkharraz,l3askri,laasikri,lassakri fz,laskri fatima,NADIA STORIES,قصص مظلمة | dark stories,قصص من التاريخ,هارولد شيبمان",24,Entertainment,,PT34M27S,2067,2d,hd,false,ar,ar,https://i.ytimg.com/vi/WgyZ6nMF_1U/maxresdefault.jpg,1,,,,,115066,6411,,0,479
141,UC9JNENLelbGff__RYGLP1jA,"Souky Stories",Tsx0rS-wY1Q,2024-12-30T19:50:00Z,"2024-12-30 19:50:00","طبيب الموت - واحد من أبشع الوحوش في بريطانيا ⚠️ (*للكبار فقط*) ‼️","مرحبا بكم في القناة، الاسم ديالي سكينة و اليوم غادي نكتاشفو خبايا هاد القصة هاد القناة دارت ليك إلى كنتي من عشاق : - قصص حقيقية - قصص رعب - قصص جرائم - قصص غريبة - قصص بوليسية - قصص مؤثرة - قصص ملهمة - قصص واقعية كانحط قصة يوم الإثنين والخميس والسبت. ماتنساش تشتارك فالقناة وتفعل الجرس باش يوصلوك فيديوهات وقصص جداد. مرحبا بيك في عالم القصص المثيرة ❤️ تابعوني ايضا على مواقع التواصل الاجتماعي إذا كنت من محبي القصص القصيرة عبر: الانستغرام : soukystories الفايسبوك : soukystories التيكتوك : soukystories الى كنتي من محبي القصص المسموعة تقدر تلقاني ف: سبوتيفاي: soukystories أنغامي: soukystories غوغل بودكاست: soukystories #explore #قصص_بالدرجة #قصص_بالدارجة #قصص_بالدارجة_المغربية #قصص_واقعية #قصص_غريبة #قصص_حقیقية #9isas_wa9i3iya #souky_stories #soukystories","soukystories,souki stories,المغرب,manar stories,lassakri,العسكري,safaa,الخراز,zineb story,قصص حقيقية,Chaimae Belkhir,Nisrine - نسرين,سوكمان sockman,NADIAS,حكايات رضا,قضايا,meryem story,@kharrazabdelkader,rajaa stories,senpai,خراز,lasakri,laskari,laaskari,3askari,lasskari,لعساكري,العساكري,لعسكاري,العسكاري,لعسكري,kwili,lemo,Kharraz,ليمو,كويلي,alkharraz,l3askri,laasikri,lassakri fz,laskri fatima,NADIA STORIES,قصص مظلمة | dark stories,قصص من التاريخ",24,Entertainment,,PT26M22S,1582,2d,hd,false,ar,ar,https://i.ytimg.com/vi/Tsx0rS-wY1Q/maxresdefault.jpg,1,,,,,128856,9028,,0,471
142,UC9JNENLelbGff__RYGLP1jA,"Souky Stories",yteFmSg15Zg,2024-12-23T19:15:01Z,"2024-12-23 19:15:01","ليلة في الجحيم - شنو وقع لعائلة رينا ⚠️ (*للكبار فقط*) ‼️","مرحبا بكم في القناة، الاسم ديالي سكينة و اليوم غادي نكتاشفو خبايا هاد القصة هاد القناة دارت ليك إلى كنتي من عشاق : - قصص حقيقية - قصص رعب - قصص جرائم - قصص غريبة - قصص بوليسية - قصص مؤثرة - قصص ملهمة - قصص واقعية كانحط قصة يوم الإثنين والخميس والسبت. ماتنساش تشتارك فالقناة وتفعل الجرس باش يوصلوك فيديوهات وقصص جداد. مرحبا بيك في عالم القصص المثيرة ❤️ تابعوني ايضا على مواقع التواصل الاجتماعي إذا كنت من محبي القصص القصيرة عبر: الانستغرام : soukystories الفايسبوك : soukystories التيكتوك : soukystories الى كنتي من محبي القصص المسموعة تقدر تلقاني ف: سبوتيفاي: soukystories أنغامي: soukystories غوغل بودكاست: soukystories #explore #قصص_بالدرجة #قصص_بالدارجة #قصص_بالدارجة_المغربية #قصص_واقعية #قصص_غريبة #قصص_حقیقية #9isas_wa9i3iya #souky_stories #soukystories","soukystories,souki stories,المغرب,manar stories,lassakri,العسكري,safaa,الخراز,zineb story,قصص حقيقية,Chaimae Belkhir,Nisrine - نسرين,سوكمان sockman,NADIAS,حكايات رضا,قضايا,meryem story,@kharrazabdelkader,rajaa stories,senpai,خراز,lasakri,laskari,laaskari,3askari,lasskari,لعساكري,العساكري,لعسكاري,العسكاري,لعسكري,kwili,lemo,Kharraz,ليمو,كويلي,alkharraz,l3askri,laasikri,lassakri fz,laskri fatima,NADIA STORIES,قصص مظلمة | dark stories,قصص من التاريخ",24,Entertainment,,PT20M5S,1205,2d,hd,false,ar,ar,https://i.ytimg.com/vi/yteFmSg15Zg/maxresdefault.jpg,1,,,,,120215,7217,,0,383
143,UC9JNENLelbGff__RYGLP1jA,"Souky Stories",Mn7tCjV8xz8,2024-12-21T19:15:00Z,"2024-12-21 19:15:00","وحش كان يراقبهم والنهاية صادمة ⚠️ (*للكبار فقط*)‼️","مرحبا بكم في القناة، الاسم ديالي سكينة و اليوم غادي نكتاشفو خبايا هاد القصة هاد القناة دارت ليك إلى كنتي من عشاق : - قصص حقيقية - قصص رعب - قصص جرائم - قصص غريبة - قصص بوليسية - قصص مؤثرة - قصص ملهمة - قصص واقعية كانحط قصة يوم الإثنين والخميس والسبت. ماتنساش تشتارك فالقناة وتفعل الجرس باش يوصلوك فيديوهات وقصص جداد. مرحبا بيك في عالم القصص المثيرة ❤️ تابعوني ايضا على مواقع التواصل الاجتماعي إذا كنت من محبي القصص القصيرة عبر: الانستغرام : soukystories الفايسبوك : soukystories التيكتوك : soukystories الى كنتي من محبي القصص المسموعة تقدر تلقاني ف: سبوتيفاي: soukystories أنغامي: soukystories غوغل بودكاست: soukystories #explore #قصص_بالدرجة #قصص_بالدارجة #قصص_بالدارجة_المغربية #قصص_واقعية #قصص_غريبة #قصص_حقیقية #9isas_wa9i3iya #souky_stories #soukystories","soukystories,souki stories,المغرب,manar stories,lassakri,العسكري,safaa,الخراز,zineb story,قصص حقيقية,Chaimae Belkhir,Nisrine - نسرين,سوكمان sockman,NADIAS,حكايات رضا,قضايا,meryem story,@kharrazabdelkader,rajaa stories,senpai,خراز,lasakri,laskari,laaskari,3askari,lasskari,لعساكري,العساكري,لعسكاري,العسكاري,لعسكري,kwili,lemo,Kharraz,ليمو,كويلي,alkharraz,l3askri,laasikri,lassakri fz,laskri fatima,NADIA STORIES,قصص مظلمة | dark stories,قصص من التاريخ",24,Entertainment,,PT26M21S,1581,2d,hd,false,ar,ar,https://i.ytimg.com/vi/Mn7tCjV8xz8/maxresdefault.jpg,1,,,,,154214,7731,,0,354
144,UC9JNENLelbGff__RYGLP1jA,"Souky Stories",jzy0YjnA7LQ,2024-12-19T20:00:19Z,"2024-12-19 20:00:19","بالنهار شخص عادي وبالليل وحش خطير ⚠️ (*للكبار فقط*) ‼️","مرحبا بكم في القناة، الاسم ديالي سكينة و اليوم غادي نكتاشفو خبايا هاد القصة هاد القناة دارت ليك إلى كنتي من عشاق : - قصص حقيقية - قصص رعب - قصص جرائم - قصص غريبة - قصص بوليسية - قصص مؤثرة - قصص ملهمة - قصص واقعية كانحط قصة يوم الإثنين والخميس والسبت. ماتنساش تشتارك فالقناة وتفعل الجرس باش يوصلوك فيديوهات وقصص جداد. مرحبا بيك في عالم القصص المثيرة ❤️ تابعوني ايضا على مواقع التواصل الاجتماعي إذا كنت من محبي القصص القصيرة عبر: الانستغرام : soukystories الفايسبوك : soukystories التيكتوك : soukystories الى كنتي من محبي القصص المسموعة تقدر تلقاني ف: سبوتيفاي: soukystories أنغامي: soukystories غوغل بودكاست: soukystories #explore #قصص_بالدرجة #قصص_بالدارجة #قصص_بالدارجة_المغربية #قصص_واقعية #قصص_غريبة #قصص_حقیقية #9isas_wa9i3iya #souky_stories #soukystories","soukystories,souki stories,المغرب,manar stories,lassakri,العسكري,safaa,الخراز,zineb story,قصص حقيقية,Chaimae Belkhir,Nisrine - نسرين,سوكمان sockman,NADIAS,حكايات رضا,قضايا,meryem story,@kharrazabdelkader,rajaa stories,senpai,خراز,lasakri,laskari,laaskari,3askari,lasskari,لعساكري,العساكري,لعسكاري,العسكاري,لعسكري,kwili,lemo,Kharraz,ليمو,كويلي,alkharraz,l3askri,laasikri,lassakri fz,laskri fatima,NADIA STORIES,قصص مظلمة | dark stories,قصص من التاريخ",24,Entertainment,,PT29M33S,1773,2d,hd,false,ar,ar,https://i.ytimg.com/vi/jzy0YjnA7LQ/maxresdefault.jpg,1,,,,,166764,7950,,0,674
145,UC9JNENLelbGff__RYGLP1jA,"Souky Stories",OEUATFjf71s,2024-12-16T19:45:02Z,"2024-12-16 19:45:02","قصة ضحية من ضحايا ملاجئ الأيتام في رومانيا ⚠️ (*للكبار فقط*) ‼️ الجزء 2","مرحبا بكم في القناة، الاسم ديالي سكينة و اليوم غادي نكتاشفو خبايا هاد القصة هاد القناة دارت ليك إلى كنتي من عشاق : - قصص حقيقية - قصص رعب - قصص جرائم - قصص غريبة - قصص بوليسية - قصص مؤثرة - قصص ملهمة - قصص واقعية كانحط قصة يوم الإثنين والخميس والسبت. ماتنساش تشتارك فالقناة وتفعل الجرس باش يوصلوك فيديوهات وقصص جداد. مرحبا بيك في عالم القصص المثيرة ❤️ تابعوني ايضا على مواقع التواصل الاجتماعي إذا كنت من محبي القصص القصيرة عبر: الانستغرام : soukystories الفايسبوك : soukystories التيكتوك : soukystories الى كنتي من محبي القصص المسموعة تقدر تلقاني ف: سبوتيفاي: soukystories أنغامي: soukystories غوغل بودكاست: soukystories #explore #قصص_بالدرجة #قصص_بالدارجة #قصص_بالدارجة_المغربية #قصص_واقعية #قصص_غريبة #قصص_حقیقية #9isas_wa9i3iya #souky_stories #soukystories","soukystories,souki stories,المغرب,manar stories,lassakri,العسكري,safaa,الخراز,zineb story,قصص حقيقية,Chaimae Belkhir,Nisrine - نسرين,سوكمان sockman,NADIAS,حكايات رضا,قضايا,meryem story,@kharrazabdelkader,rajaa stories,senpai,خراز,lasakri,laskari,laaskari,3askari,lasskari,لعساكري,العساكري,لعسكاري,العسكاري,لعسكري,kwili,lemo,Kharraz,ليمو,كويلي,alkharraz,l3askri,laasikri,lassakri fz,laskri fatima,NADIA STORIES,قصص مظلمة | dark stories,قصص من التاريخ,أيتام رومانيا",24,Entertainment,,PT20M56S,1256,2d,hd,false,ar,ar,https://i.ytimg.com/vi/OEUATFjf71s/maxresdefault.jpg,1,,,,,101638,6042,,0,359
146,UC9JNENLelbGff__RYGLP1jA,"Souky Stories",vbkzolveaSc,2024-12-12T19:46:00Z,"2024-12-12 19:46:00","السر البشع لي خبات رومانيا على العالم ⚠️ (*للكبار فقط*)‼️ الجزء ١","مرحبا بكم في القناة، الاسم ديالي سكينة و اليوم غادي نكتاشفو خبايا هاد القصة هاد القناة دارت ليك إلى كنتي من عشاق : - قصص حقيقية - قصص رعب - قصص جرائم - قصص غريبة - قصص بوليسية - قصص مؤثرة - قصص ملهمة - قصص واقعية كانحط قصة يوم الإثنين والخميس والسبت. ماتنساش تشتارك فالقناة وتفعل الجرس باش يوصلوك فيديوهات وقصص جداد. مرحبا بيك في عالم القصص المثيرة ❤️ تابعوني ايضا على مواقع التواصل الاجتماعي إذا كنت من محبي القصص القصيرة عبر: الانستغرام : soukystories الفايسبوك : soukystories التيكتوك : soukystories الى كنتي من محبي القصص المسموعة تقدر تلقاني ف: سبوتيفاي: soukystories أنغامي: soukystories غوغل بودكاست: soukystories #explore #قصص_بالدرجة #قصص_بالدارجة #قصص_بالدارجة_المغربية #قصص_واقعية #قصص_غريبة #قصص_حقیقية #9isas_wa9i3iya #souky_stories #soukystories","soukystories,souki stories,المغرب,manar stories,lassakri,العسكري,safaa,الخراز,zineb story,قصص حقيقية,Chaimae Belkhir,Nisrine - نسرين,سوكمان sockman,NADIAS,حكايات رضا,قضايا,meryem story,@kharrazabdelkader,rajaa stories,senpai,خراز,lasakri,laskari,laaskari,3askari,lasskari,لعساكري,العساكري,لعسكاري,العسكاري,لعسكري,kwili,lemo,Kharraz,ليمو,كويلي,alkharraz,l3askri,laasikri,lassakri fz,laskri fatima,NADIA STORIES,قصص مظلمة | dark stories,قصص من التاريخ,أيتام رومانيا",24,Entertainment,Society,PT23M2S,1382,2d,hd,false,ar,ar,https://i.ytimg.com/vi/vbkzolveaSc/maxresdefault.jpg,1,,,,,126416,6799,,0,456
147,UC9JNENLelbGff__RYGLP1jA,"Souky Stories",wQ9u4MyUdmY,2024-12-09T19:45:01Z,"2024-12-09 19:45:01","رسائل كشفت أخبت وحش كان بينهم ⚠️ (*للكبار فقط*)‼️","مرحبا بكم في القناة، الاسم ديالي سكينة و اليوم غادي نكتاشفو خبايا هاد القصة هاد القناة دارت ليك إلى كنتي من عشاق : - قصص حقيقية - قصص رعب - قصص جرائم - قصص غريبة - قصص بوليسية - قصص مؤثرة - قصص ملهمة - قصص واقعية كانحط قصة يوم الإثنين والخميس والسبت. ماتنساش تشتارك فالقناة وتفعل الجرس باش يوصلوك فيديوهات وقصص جداد. مرحبا بيك في عالم القصص المثيرة ❤️ تابعوني ايضا على مواقع التواصل الاجتماعي إذا كنت من محبي القصص القصيرة عبر: الانستغرام : soukystories الفايسبوك : soukystories التيكتوك : soukystories الى كنتي من محبي القصص المسموعة تقدر تلقاني ف: سبوتيفاي: soukystories أنغامي: soukystories غوغل بودكاست: soukystories #explore #قصص_بالدرجة #قصص_بالدارجة #قصص_بالدارجة_المغربية #قصص_واقعية #قصص_غريبة #قصص_حقیقية #9isas_wa9i3iya #souky_stories #soukystories","soukystories,souki stories,المغرب,manar stories,lassakri,العسكري,safaa,الخراز,zineb story,قصص حقيقية,Chaimae Belkhir,Nisrine - نسرين,سوكمان sockman,NADIAS,حكايات رضا,قضايا,meryem story,@kharrazabdelkader,rajaa stories,senpai,خراز,lasakri,laskari,laaskari,3askari,lasskari,لعساكري,العساكري,لعسكاري,العسكاري,لعسكري,kwili,lemo,Kharraz,ليمو,كويلي,alkharraz,l3askri,laasikri,lassakri fz,laskri fatima,NADIA STORIES,قصص مظلمة | dark stories,قصص من التاريخ,ed gein,اد جين",24,Entertainment,,PT22M51S,1371,2d,hd,false,ar,ar,https://i.ytimg.com/vi/wQ9u4MyUdmY/maxresdefault.jpg,1,,,,,147008,7855,,0,409
148,UC9JNENLelbGff__RYGLP1jA,"Souky Stories",ATseZsx0C78,2024-12-07T19:15:00Z,"2024-12-07 19:15:00","خطأ بسيط كلَّفه حياته ‼️","مرحبا بكم في القناة، الاسم ديالي سكينة و اليوم غادي نكتاشفو خبايا هاد القصة هاد القناة دارت ليك إلى كنتي من عشاق : - قصص حقيقية - قصص رعب - قصص جرائم - قصص غريبة - قصص بوليسية - قصص مؤثرة - قصص ملهمة - قصص واقعية كانحط قصة يوم الإثنين والخميس والسبت. ماتنساش تشتارك فالقناة وتفعل الجرس باش يوصلوك فيديوهات وقصص جداد. مرحبا بيك في عالم القصص المثيرة ❤️ تابعوني ايضا على مواقع التواصل الاجتماعي إذا كنت من محبي القصص القصيرة عبر: الانستغرام : soukystories الفايسبوك : soukystories التيكتوك : soukystories الى كنتي من محبي القصص المسموعة تقدر تلقاني ف: سبوتيفاي: soukystories أنغامي: soukystories غوغل بودكاست: soukystories #explore #قصص_بالدرجة #قصص_بالدارجة #قصص_بالدارجة_المغربية #قصص_واقعية #قصص_غريبة #قصص_حقیقية #9isas_wa9i3iya #souky_stories #soukystories","soukystories,souki stories,المغرب,manar stories,lassakri,العسكري,safaa,الخراز,zineb story,قصص حقيقية,Chaimae Belkhir,Nisrine - نسرين,سوكمان sockman,NADIAS,حكايات رضا,قضايا,meryem story,@kharrazabdelkader,rajaa stories,senpai,خراز,lasakri,laskari,laaskari,3askari,lasskari,لعساكري,العساكري,لعسكاري,العسكاري,لعسكري,kwili,lemo,Kharraz,ليمو,كويلي,alkharraz,l3askri,laasikri,lassakri fz,laskri fatima,NADIA STORIES,قصص مظلمة | dark stories,قصص من التاريخ,ed gein,اد جين",24,Entertainment,,PT19M12S,1152,2d,hd,false,ar,ar,https://i.ytimg.com/vi/ATseZsx0C78/maxresdefault.jpg,1,,,,,99991,6626,,0,358
149,UC9JNENLelbGff__RYGLP1jA,"Souky Stories",y_RDT0FQ-zU,2024-12-05T20:20:00Z,"2024-12-05 20:20:00","ما وجدوه في منزله كان رعبا حقيقياًّ ⚠️ (*للكبار فقط*) ‼️","مرحبا بكم في القناة، الاسم ديالي سكينة و اليوم غادي نكتاشفو خبايا هاد القصة هاد القناة دارت ليك إلى كنتي من عشاق : - قصص حقيقية - قصص رعب - قصص جرائم - قصص غريبة - قصص بوليسية - قصص مؤثرة - قصص ملهمة - قصص واقعية كانحط قصة يوم الإثنين والخميس والسبت. ماتنساش تشتارك فالقناة وتفعل الجرس باش يوصلوك فيديوهات وقصص جداد. مرحبا بيك في عالم القصص المثيرة ❤️ تابعوني ايضا على مواقع التواصل الاجتماعي إذا كنت من محبي القصص القصيرة عبر: الانستغرام : soukystories الفايسبوك : soukystories التيكتوك : soukystories الى كنتي من محبي القصص المسموعة تقدر تلقاني ف: سبوتيفاي: soukystories أنغامي: soukystories غوغل بودكاست: soukystories #explore #قصص_بالدرجة #قصص_بالدارجة #قصص_بالدارجة_المغربية #قصص_واقعية #قصص_غريبة #قصص_حقیقية #9isas_wa9i3iya #souky_stories #soukystories","soukystories,souki stories,المغرب,manar stories,lassakri,العسكري,safaa,الخراز,zineb story,قصص حقيقية,Chaimae Belkhir,Nisrine - نسرين,سوكمان sockman,NADIAS,حكايات رضا,قضايا,meryem story,@kharrazabdelkader,rajaa stories,senpai,خراز,lasakri,laskari,laaskari,3askari,lasskari,لعساكري,العساكري,لعسكاري,العسكاري,لعسكري,kwili,lemo,Kharraz,ليمو,كويلي,alkharraz,l3askri,laasikri,lassakri fz,laskri fatima,NADIA STORIES,قصص مظلمة | dark stories,قصص من التاريخ,ed gein,اد جين",24,Entertainment,,PT30M47S,1847,2d,hd,false,ar,ar,https://i.ytimg.com/vi/y_RDT0FQ-zU/maxresdefault.jpg,1,,,,,162528,8696,,0,653
150,UC9JNENLelbGff__RYGLP1jA,"Souky Stories",k619kaJkd7g,2024-12-02T19:32:51Z,"2024-12-02 19:32:51","زوجوها بزز منها والنهاية غاتصدمكم ⚠️ (*للكبار فقط*) ‼️","مرحبا بكم في القناة، الاسم ديالي سكينة و اليوم غادي نكتاشفو خبايا هاد القصة هاد القناة دارت ليك إلى كنتي من عشاق : - قصص حقيقية - قصص رعب - قصص جرائم - قصص غريبة - قصص بوليسية - قصص مؤثرة - قصص ملهمة - قصص واقعية كانحط قصة يوم الإثنين والخميس والسبت. ماتنساش تشتارك فالقناة وتفعل الجرس باش يوصلوك فيديوهات وقصص جداد. مرحبا بيك في عالم القصص المثيرة ❤️ تابعوني ايضا على مواقع التواصل الاجتماعي إذا كنت من محبي القصص القصيرة عبر: الانستغرام : soukystories الفايسبوك : soukystories التيكتوك : soukystories الى كنتي من محبي القصص المسموعة تقدر تلقاني ف: سبوتيفاي: soukystories أنغامي: soukystories غوغل بودكاست: soukystories #explore #قصص_بالدرجة #قصص_بالدارجة #قصص_بالدارجة_المغربية #قصص_واقعية #قصص_غريبة #قصص_حقیقية #9isas_wa9i3iya #souky_stories #soukystories","soukystories,souki stories,المغرب,manar stories,lassakri,العسكري,safaa,الخراز,zineb story,قصص حقيقية,Chaimae Belkhir,Nisrine - نسرين,سوكمان sockman,NADIAS,حكايات رضا,قضايا,meryem story,@kharrazabdelkader,rajaa stories,senpai,خراز,lasakri,laskari,laaskari,3askari,lasskari,لعساكري,العساكري,لعسكاري,العسكاري,لعسكري,kwili,lemo,Kharraz,ليمو,كويلي,alkharraz,l3askri,laasikri,lassakri fz,laskri fatima,NADIA STORIES,قصص مظلمة | dark stories,قصص من التاريخ",24,Entertainment,,PT24M50S,1490,2d,hd,false,ar,ar,https://i.ytimg.com/vi/k619kaJkd7g/maxresdefault.jpg,1,,,,,144839,8136,,0,552
151,UC9JNENLelbGff__RYGLP1jA,"Souky Stories",EYzVXitrZns,2024-11-30T19:30:01Z,"2024-11-30 19:30:01","علاقة حب انتهت بمأساة والسبب صادم ⚠️(*للكبار فقط*) ‼️","مرحبا بكم في القناة، الاسم ديالي سكينة و اليوم غادي نكتاشفو خبايا هاد القصة هاد القناة دارت ليك إلى كنتي من عشاق : - قصص حقيقية - قصص رعب - قصص جرائم - قصص غريبة - قصص بوليسية - قصص مؤثرة - قصص ملهمة - قصص واقعية كانحط قصة يوم الإثنين والخميس والسبت. ماتنساش تشتارك فالقناة وتفعل الجرس باش يوصلوك فيديوهات وقصص جداد. مرحبا بيك في عالم القصص المثيرة ❤️ تابعوني ايضا على مواقع التواصل الاجتماعي إذا كنت من محبي القصص القصيرة عبر: الانستغرام : soukystories الفايسبوك : soukystories التيكتوك : soukystories الى كنتي من محبي القصص المسموعة تقدر تلقاني ف: سبوتيفاي: soukystories أنغامي: soukystories غوغل بودكاست: soukystories #explore #قصص_بالدرجة #قصص_بالدارجة #قصص_بالدارجة_المغربية #قصص_واقعية #قصص_غريبة #قصص_حقیقية #9isas_wa9i3iya #souky_stories #soukystories","soukystories,souki stories,المغرب,manar stories,lassakri,العسكري,safaa,الخراز,zineb story,قصص حقيقية,Chaimae Belkhir,Nisrine - نسرين,سوكمان sockman,NADIAS,حكايات رضا,قضايا,meryem story,@kharrazabdelkader,rajaa stories,senpai,خراز,lasakri,laskari,laaskari,3askari,lasskari,لعساكري,العساكري,لعسكاري,العسكاري,لعسكري,kwili,lemo,Kharraz,ليمو,كويلي,alkharraz,l3askri,laasikri,lassakri fz,laskri fatima,NADIA STORIES,قصص مظلمة | dark stories,قصص من التاريخ",24,Entertainment,,PT25M11S,1511,2d,hd,false,ar,ar,https://i.ytimg.com/vi/EYzVXitrZns/maxresdefault.jpg,1,,,,,156028,7988,,0,363
152,UC9JNENLelbGff__RYGLP1jA,"Souky Stories",WsdIkXCdEhE,2024-11-28T20:36:00Z,"2024-11-28 20:36:00","القضية التي صدمت الرأي العام في إسبانيا (نهاية صادمة)‼️","مرحبا بكم في القناة، الاسم ديالي سكينة و اليوم غادي نكتاشفو خبايا هاد القصة هاد القناة دارت ليك إلى كنتي من عشاق : - قصص حقيقية - قصص رعب - قصص جرائم - قصص غريبة - قصص بوليسية - قصص مؤثرة - قصص ملهمة - قصص واقعية كانحط قصة يوم الإثنين والخميس والسبت. ماتنساش تشتارك فالقناة وتفعل الجرس باش يوصلوك فيديوهات وقصص جداد. مرحبا بيك في عالم القصص المثيرة ❤️ تابعوني ايضا على مواقع التواصل الاجتماعي إذا كنت من محبي القصص القصيرة عبر: الانستغرام : soukystories الفايسبوك : soukystories التيكتوك : soukystories الى كنتي من محبي القصص المسموعة تقدر تلقاني ف: سبوتيفاي: soukystories أنغامي: soukystories غوغل بودكاست: soukystories #explore #قصص_بالدرجة #قصص_بالدارجة #قصص_بالدارجة_المغربية #قصص_واقعية #قصص_غريبة #قصص_حقیقية #9isas_wa9i3iya #souky_stories #soukystories","soukystories,souki stories,المغرب,manar stories,lassakri,العسكري,safaa,الخراز,zineb story,قصص حقيقية,Chaimae Belkhir,Nisrine - نسرين,سوكمان sockman,NADIAS,حكايات رضا,قضايا,meryem story,@kharrazabdelkader,rajaa stories,senpai,خراز,lasakri,laskari,laaskari,3askari,lasskari,لعساكري,العساكري,لعسكاري,العسكاري,لعسكري,kwili,lemo,Kharraz,ليمو,كويلي,alkharraz,l3askri,laasikri,lassakri fz,laskri fatima,NADIA STORIES,قصص مظلمة | dark stories,قصص من التاريخ",24,Entertainment,,PT29M10S,1750,2d,hd,false,ar,ar,https://i.ytimg.com/vi/WsdIkXCdEhE/maxresdefault.jpg,1,,,,,175115,9034,,0,563
153,UC9JNENLelbGff__RYGLP1jA,"Souky Stories",6rRSFrvTsGo,2024-11-26T19:30:00Z,"2024-11-26 19:30:00","أب محترم مخبي سر صادم ⚠️ (*للكبار فقط*)‼️","مرحبا بكم في القناة، الاسم ديالي سكينة و اليوم غادي نكتاشفو خبايا هاد القصة هاد القناة دارت ليك إلى كنتي من عشاق : - قصص حقيقية - قصص رعب - قصص جرائم - قصص غريبة - قصص بوليسية - قصص مؤثرة - قصص ملهمة - قصص واقعية كانحط قصة يوم الإثنين والخميس والسبت. ماتنساش تشتارك فالقناة وتفعل الجرس باش يوصلوك فيديوهات وقصص جداد. مرحبا بيك في عالم القصص المثيرة ❤️ تابعوني ايضا على مواقع التواصل الاجتماعي إذا كنت من محبي القصص القصيرة عبر: الانستغرام : soukystories الفايسبوك : soukystories التيكتوك : soukystories الى كنتي من محبي القصص المسموعة تقدر تلقاني ف: سبوتيفاي: soukystories أنغامي: soukystories غوغل بودكاست: soukystories #explore #قصص_بالدرجة #قصص_بالدارجة #قصص_بالدارجة_المغربية #قصص_واقعية #قصص_غريبة #قصص_حقیقية #9isas_wa9i3iya #souky_stories #soukystories","soukystories,souki stories,المغرب,manar stories,lassakri,العسكري,safaa,الخراز,zineb story,قصص حقيقية,Chaimae Belkhir,Nisrine - نسرين,سوكمان sockman,NADIAS,حكايات رضا,قضايا,meryem story,@kharrazabdelkader,rajaa stories,senpai,خراز,lasakri,laskari,laaskari,3askari,lasskari,لعساكري,العساكري,لعسكاري,العسكاري,لعسكري,kwili,lemo,Kharraz,ليمو,كويلي,alkharraz,l3askri,laasikri,lassakri fz,laskri fatima,NADIA STORIES,قصص مظلمة | dark stories,قصص من التاريخ",24,Entertainment,,PT28M1S,1681,2d,hd,false,ar,ar,https://i.ytimg.com/vi/6rRSFrvTsGo/maxresdefault.jpg,1,,,,,203877,8882,,0,417
154,UC9JNENLelbGff__RYGLP1jA,"Souky Stories",M4M-6zBNEtc,2024-11-23T19:30:02Z,"2024-11-23 19:30:02","قضية غامضة تحلات غي بالصدفة ⚠️ (*للكبار فقط*)‼️","مرحبا بكم في القناة، الاسم ديالي سكينة و اليوم غادي نكتاشفو خبايا هاد القصة هاد القناة دارت ليك إلى كنتي من عشاق : - قصص حقيقية - قصص رعب - قصص جرائم - قصص غريبة - قصص بوليسية - قصص مؤثرة - قصص ملهمة - قصص واقعية كانحط قصة يوم الإثنين والخميس والسبت. ماتنساش تشتارك فالقناة وتفعل الجرس باش يوصلوك فيديوهات وقصص جداد. مرحبا بيك في عالم القصص المثيرة ❤️ تابعوني ايضا على مواقع التواصل الاجتماعي إذا كنت من محبي القصص القصيرة عبر: الانستغرام : soukystories الفايسبوك : soukystories التيكتوك : soukystories الى كنتي من محبي القصص المسموعة تقدر تلقاني ف: سبوتيفاي: soukystories أنغامي: soukystories غوغل بودكاست: soukystories #explore #قصص_بالدرجة #قصص_بالدارجة #قصص_بالدارجة_المغربية #قصص_واقعية #قصص_غريبة #قصص_حقیقية #9isas_wa9i3iya #souky_stories #soukystories","soukystories,souki stories,المغرب,manar stories,lassakri,العسكري,safaa,الخراز,zineb story,قصص حقيقية,Chaimae Belkhir,Nisrine - نسرين,سوكمان sockman,NADIAS,حكايات رضا,قضايا,meryem story,@kharrazabdelkader,rajaa stories,senpai,خراز,lasakri,laskari,laaskari,3askari,lasskari,لعساكري,العساكري,لعسكاري,العسكاري,لعسكري,kwili,lemo,Kharraz,ليمو,كويلي,alkharraz,l3askri,laasikri,lassakri fz,laskri fatima,NADIA STORIES,قصص مظلمة | dark stories,قصص من التاريخ",24,Entertainment,,PT22M3S,1323,2d,hd,false,ar,ar,https://i.ytimg.com/vi/M4M-6zBNEtc/maxresdefault.jpg,1,,,,,119881,6833,,0,366
155,UC9JNENLelbGff__RYGLP1jA,"Souky Stories",zmQpKYP_c2M,2024-11-21T19:45:02Z,"2024-11-21 19:45:02","طباخة فين ما خدمات كايمرضو الناس وكايموتو والسبب غريب جدا ‼️","مرحبا بكم في القناة، الاسم ديالي سكينة و اليوم غادي نكتاشفو خبايا هاد القصة هاد القناة دارت ليك إلى كنتي من عشاق : - قصص حقيقية - قصص رعب - قصص جرائم - قصص غريبة - قصص بوليسية - قصص مؤثرة - قصص ملهمة - قصص واقعية كانحط قصة يوم الإثنين والخميس والسبت. ماتنساش تشتارك فالقناة وتفعل الجرس باش يوصلوك فيديوهات وقصص جداد. مرحبا بيك في عالم القصص المثيرة ❤️ تابعوني ايضا على مواقع التواصل الاجتماعي إذا كنت من محبي القصص القصيرة عبر: الانستغرام : soukystories الفايسبوك : soukystories التيكتوك : soukystories الى كنتي من محبي القصص المسموعة تقدر تلقاني ف: سبوتيفاي: soukystories أنغامي: soukystories غوغل بودكاست: soukystories #explore #قصص_بالدرجة #قصص_بالدارجة #قصص_بالدارجة_المغربية #قصص_واقعية #قصص_غريبة #قصص_حقیقية #9isas_wa9i3iya #souky_stories #soukystories","soukystories,souki stories,المغرب,manar stories,lassakri,العسكري,safaa,الخراز,zineb story,قصص حقيقية,Chaimae Belkhir,Nisrine - نسرين,سوكمان sockman,NADIAS,حكايات رضا,قضايا,meryem story,@kharrazabdelkader,rajaa stories,senpai,خراز,lasakri,laskari,laaskari,3askari,lasskari,لعساكري,العساكري,لعسكاري,العسكاري,لعسكري,kwili,lemo,Kharraz,ليمو,كويلي,alkharraz,l3askri,laasikri,lassakri fz,laskri fatima,NADIA STORIES,قصص مظلمة | dark stories,قصص من التاريخ",24,Entertainment,,PT26M1S,1561,2d,hd,false,ar,ar,https://i.ytimg.com/vi/zmQpKYP_c2M/maxresdefault.jpg,1,,,,,142986,7476,,0,439
156,UC9JNENLelbGff__RYGLP1jA,"Souky Stories",bgdSMa9YkY0,2024-11-18T19:15:02Z,"2024-11-18 19:15:02","تفاصيل صغيرة كشفت إحدى أبشع القضايا في أمريكا ⚠️ (*للكبار فقط*)‼️","مرحبا بكم في القناة، الاسم ديالي سكينة و اليوم غادي نكتاشفو خبايا هاد القصة هاد القناة دارت ليك إلى كنتي من عشاق : - قصص حقيقية - قصص رعب - قصص جرائم - قصص غريبة - قصص بوليسية - قصص مؤثرة - قصص ملهمة - قصص واقعية كانحط قصة يوم الإثنين والخميس والسبت. ماتنساش تشتارك فالقناة وتفعل الجرس باش يوصلوك فيديوهات وقصص جداد. مرحبا بيك في عالم القصص المثيرة ❤️ تابعوني ايضا على مواقع التواصل الاجتماعي إذا كنت من محبي القصص القصيرة عبر: الانستغرام : soukystories الفايسبوك : soukystories التيكتوك : soukystories الى كنتي من محبي القصص المسموعة تقدر تلقاني ف: سبوتيفاي: soukystories أنغامي: soukystories غوغل بودكاست: soukystories #explore #قصص_بالدرجة #قصص_بالدارجة #قصص_بالدارجة_المغربية #قصص_واقعية #قصص_غريبة #قصص_حقیقية #9isas_wa9i3iya #souky_stories #soukystories","soukystories,souki stories,المغرب,manar stories,lassakri,العسكري,safaa,الخراز,zineb story,قصص حقيقية,Chaimae Belkhir,Nisrine - نسرين,سوكمان sockman,NADIAS,حكايات رضا,قضايا,meryem story,@kharrazabdelkader,rajaa stories,senpai,خراز,lasakri,laskari,laaskari,3askari,lasskari,لعساكري,العساكري,لعسكاري,العسكاري,لعسكري,kwili,lemo,Kharraz,ليمو,كويلي,alkharraz,l3askri,laasikri,lassakri fz,laskri fatima,NADIA STORIES,قصص مظلمة | dark stories",24,Entertainment,,PT27M7S,1627,2d,hd,false,ar,ar,https://i.ytimg.com/vi/bgdSMa9YkY0/maxresdefault.jpg,1,,,,,168282,8652,,0,337
157,UC9JNENLelbGff__RYGLP1jA,"Souky Stories",44aM7bTs7jk,2024-11-16T19:15:00Z,"2024-11-16 19:15:00","ما وجدته في خزانة ابنها كان صدمة ⚠️ (*للكبار فقط*)‼️","مرحبا بكم في القناة، الاسم ديالي سكينة و اليوم غادي نكتاشفو خبايا هاد القصة هاد القناة دارت ليك إلى كنتي من عشاق : - قصص حقيقية - قصص رعب - قصص جرائم - قصص غريبة - قصص بوليسية - قصص مؤثرة - قصص ملهمة - قصص واقعية كانحط قصة يوم الإثنين والخميس والسبت. ماتنساش تشتارك فالقناة وتفعل الجرس باش يوصلوك فيديوهات وقصص جداد. مرحبا بيك في عالم القصص المثيرة ❤️ تابعوني ايضا على مواقع التواصل الاجتماعي إذا كنت من محبي القصص القصيرة عبر: الانستغرام : soukystories الفايسبوك : soukystories التيكتوك : soukystories الى كنتي من محبي القصص المسموعة تقدر تلقاني ف: سبوتيفاي: soukystories أنغامي: soukystories غوغل بودكاست: soukystories #explore #قصص_بالدرجة #قصص_بالدارجة #قصص_بالدارجة_المغربية #قصص_واقعية #قصص_غريبة #قصص_حقیقية #9isas_wa9i3iya #souky_stories #soukystories","soukystories,souki stories,المغرب,manar stories,lassakri,العسكري,safaa,الخراز,zineb story,قصص حقيقية,Chaimae Belkhir,Nisrine - نسرين,سوكمان sockman,NADIAS,حكايات رضا,قضايا,meryem story,@kharrazabdelkader,rajaa stories,senpai,خراز,lasakri,laskari,laaskari,3askari,lasskari,لعساكري,العساكري,لعسكاري,العسكاري,لعسكري,kwili,lemo,Kharraz,ليمو,كويلي,alkharraz,l3askri,laasikri,lassakri fz,laskri fatima,NADIA STORIES,قصص مظلمة | dark stories,قصص هندية,قصص هنديه واقعيه",24,Entertainment,,PT24M54S,1494,2d,hd,false,ar,ar,https://i.ytimg.com/vi/44aM7bTs7jk/maxresdefault.jpg,1,,,,,147355,7841,,0,352
158,UC9JNENLelbGff__RYGLP1jA,"Souky Stories",Mm9Zir8gXpE,2024-11-14T19:45:02Z,"2024-11-14 19:45:02","سر خطير في مستشفى العمليات تسبب في كارثة ⚠️","مرحبا بكم في القناة، الاسم ديالي سكينة و اليوم غادي نكتاشفو خبايا هاد القصة هاد القناة دارت ليك إلى كنتي من عشاق : - قصص حقيقية - قصص رعب - قصص جرائم - قصص غريبة - قصص بوليسية - قصص مؤثرة - قصص ملهمة - قصص واقعية كانحط قصة يوم الإثنين والخميس والسبت. ماتنساش تشتارك فالقناة وتفعل الجرس باش يوصلوك فيديوهات وقصص جداد. مرحبا بيك في عالم القصص المثيرة ❤️ تابعوني ايضا على مواقع التواصل الاجتماعي إذا كنت من محبي القصص القصيرة عبر: الانستغرام : soukystories الفايسبوك : soukystories التيكتوك : soukystories الى كنتي من محبي القصص المسموعة تقدر تلقاني ف: سبوتيفاي: soukystories أنغامي: soukystories غوغل بودكاست: soukystories #explore #قصص_بالدرجة #قصص_بالدارجة #قصص_بالدارجة_المغربية #قصص_واقعية #قصص_غريبة #قصص_حقیقية #9isas_wa9i3iya #souky_stories #soukystories","soukystories,souki stories,المغرب,manar stories,lassakri,العسكري,safaa,الخراز,zineb story,قصص حقيقية,Chaimae Belkhir,Nisrine - نسرين,سوكمان sockman,NADIAS,حكايات رضا,قضايا,meryem story,@kharrazabdelkader,rajaa stories,senpai,خراز,lasakri,laskari,laaskari,3askari,lasskari,لعساكري,العساكري,لعسكاري,العسكاري,لعسكري,kwili,lemo,Kharraz,ليمو,كويلي,alkharraz,l3askri,laasikri,lassakri fz,laskri fatima,NADIA STORIES,قصص مظلمة | dark stories,قصص هندية,قصص هنديه واقعيه",24,Entertainment,,PT22M34S,1354,2d,hd,false,ar,ar,https://i.ytimg.com/vi/Mm9Zir8gXpE/maxresdefault.jpg,1,,,,,131251,8136,,0,390
159,UC9JNENLelbGff__RYGLP1jA,"Souky Stories",0pgWnMRtVE4,2024-11-11T19:30:00Z,"2024-11-11 19:30:00","حياتها كانت مثالية حتى انتهت فجأة بطريقة مرعبة ⚠️ (*للكبار فقط*)‼️","مرحبا بكم في القناة، الاسم ديالي سكينة و اليوم غادي نكتاشفو خبايا هاد القصة هاد القناة دارت ليك إلى كنتي من عشاق : - قصص حقيقية - قصص رعب - قصص جرائم - قصص غريبة - قصص بوليسية - قصص مؤثرة - قصص ملهمة - قصص واقعية كانحط قصة يوم الإثنين والخميس والسبت. ماتنساش تشتارك فالقناة وتفعل الجرس باش يوصلوك فيديوهات وقصص جداد. مرحبا بيك في عالم القصص المثيرة ❤️ تابعوني ايضا على مواقع التواصل الاجتماعي إذا كنت من محبي القصص القصيرة عبر: الانستغرام : soukystories الفايسبوك : soukystories التيكتوك : soukystories الى كنتي من محبي القصص المسموعة تقدر تلقاني ف: سبوتيفاي: soukystories أنغامي: soukystories غوغل بودكاست: soukystories #explore #قصص_بالدرجة #قصص_بالدارجة #قصص_بالدارجة_المغربية #قصص_واقعية #قصص_غريبة #قصص_حقیقية #9isas_wa9i3iya #souky_stories #soukystories","soukystories,souki stories,المغرب,manar stories,lassakri,العسكري,safaa,الخراز,zineb story,قصص حقيقية,Chaimae Belkhir,Nisrine - نسرين,سوكمان sockman,NADIAS,حكايات رضا,قضايا,meryem story,@kharrazabdelkader,rajaa stories,senpai,خراز,lasakri,laskari,laaskari,3askari,lasskari,لعساكري,العساكري,لعسكاري,العسكاري,لعسكري,kwili,lemo,Kharraz,ليمو,كويلي,alkharraz,l3askri,laasikri,lassakri fz,laskri fatima,NADIA STORIES,قصص مظلمة | dark stories,قصص هندية,قصص هنديه واقعيه",24,Entertainment,,PT24M42S,1482,2d,hd,false,ar,ar,https://i.ytimg.com/vi/0pgWnMRtVE4/maxresdefault.jpg,1,,,,,143644,8426,,0,470
160,UC9JNENLelbGff__RYGLP1jA,"Souky Stories",GxdBEMtLWIE,2024-11-09T19:45:00Z,"2024-11-09 19:45:00","بنات الليل كايختفاو كل مرة والسبب صادم ⚠️ (*للكبار فقط*)‼️","مرحبا بكم في القناة، الاسم ديالي سكينة و اليوم غادي نكتاشفو خبايا هاد القصة هاد القناة دارت ليك إلى كنتي من عشاق : - قصص حقيقية - قصص رعب - قصص جرائم - قصص غريبة - قصص بوليسية - قصص مؤثرة - قصص ملهمة - قصص واقعية كانحط قصة يوم الإثنين والخميس والسبت. ماتنساش تشتارك فالقناة وتفعل الجرس باش يوصلوك فيديوهات وقصص جداد. مرحبا بيك في عالم القصص المثيرة ❤️ تابعوني ايضا على مواقع التواصل الاجتماعي إذا كنت من محبي القصص القصيرة عبر: الانستغرام : soukystories الفايسبوك : soukystories التيكتوك : soukystories الى كنتي من محبي القصص المسموعة تقدر تلقاني ف: سبوتيفاي: soukystories أنغامي: soukystories غوغل بودكاست: soukystories #explore #قصص_بالدرجة #قصص_بالدارجة #قصص_بالدارجة_المغربية #قصص_واقعية #قصص_غريبة #قصص_حقیقية #9isas_wa9i3iya #souky_stories #soukystories","soukystories,souki stories,المغرب,manar stories,lassakri,العسكري,safaa,الخراز,zineb story,قصص حقيقية,Chaimae Belkhir,Nisrine - نسرين,سوكمان sockman,NADIAS,حكايات رضا,قضايا,meryem story,@kharrazabdelkader,rajaa stories,senpai,خراز,lasakri,laskari,laaskari,3askari,lasskari,لعساكري,العساكري,لعسكاري,العسكاري,لعسكري,kwili,lemo,Kharraz,ليمو,كويلي,alkharraz,l3askri,laasikri,lassakri fz,laskri fatima,NADIA STORIES,قصص مظلمة | dark stories,جرائم برادفورد,ستيفن شون جريفيثس",24,Entertainment,,PT35M9S,2109,2d,hd,false,ar,ar,https://i.ytimg.com/vi/GxdBEMtLWIE/maxresdefault.jpg,1,,,,,290990,10733,,0,770
161,UC9JNENLelbGff__RYGLP1jA,"Souky Stories",wqOUB-VV4vA,2024-11-05T19:10:00Z,"2024-11-05 19:10:00","اختفت تسعة أشهر ورجعات من الجحيم ⚠️ (*للكبار فقط*)‼️","مرحبا بكم في القناة، الاسم ديالي سكينة و اليوم غادي نكتاشفو خبايا هاد القصة هاد القناة دارت ليك إلى كنتي من عشاق : - قصص حقيقية - قصص رعب - قصص جرائم - قصص غريبة - قصص بوليسية - قصص مؤثرة - قصص ملهمة - قصص واقعية كانحط قصة يوم الإثنين والخميس والسبت. ماتنساش تشتارك فالقناة وتفعل الجرس باش يوصلوك فيديوهات وقصص جداد. مرحبا بيك في عالم القصص المثيرة ❤️ تابعوني ايضا على مواقع التواصل الاجتماعي إذا كنت من محبي القصص القصيرة عبر: الانستغرام : soukystories الفايسبوك : soukystories التيكتوك : soukystories الى كنتي من محبي القصص المسموعة تقدر تلقاني ف: سبوتيفاي: soukystories أنغامي: soukystories غوغل بودكاست: soukystories #explore #قصص_بالدرجة #قصص_بالدارجة #قصص_بالدارجة_المغربية #قصص_واقعية #قصص_غريبة #قصص_حقیقية #9isas_wa9i3iya #souky_stories #soukystories","soukystories,souki stories,المغرب,manar stories,lassakri,العسكري,safaa,الخراز,zineb story,قصص حقيقية,Chaimae Belkhir,Nisrine - نسرين,سوكمان sockman,NADIAS,SAFAA,حكايات رضا,الجزائر,قضايا,meryem story,@kharrazabdelkader,rajaa stories,senpai,خراز,lasakri,laskari,laaskari,3askari,lasskari,لعساكري,العساكري,لعسكاري,العسكاري,لعسكري,kwili,lemo,Kharraz,ليمو,كويلي,alkharraz,laasri,l3askri,laasikri,lassakri fz,laskri fatima,علوم خفية,NADIA STORIES,قصص مظلمة | dark stories,تونس",24,Entertainment,,PT28M39S,1719,2d,hd,false,ar,ar,https://i.ytimg.com/vi/wqOUB-VV4vA/maxresdefault.jpg,1,,,,,265756,11428,,0,489
162,UC9JNENLelbGff__RYGLP1jA,"Souky Stories",rgDEJ4yUT6w,2024-11-02T19:30:06Z,"2024-11-02 19:30:06","داكشي لي عاشوه رعب حقيقي ⚠️ (*للكبار فقط*)‼️","مرحبا بكم في القناة، الاسم ديالي سكينة و اليوم غادي نكتاشفو خبايا هاد القصة هاد القناة دارت ليك إلى كنتي من عشاق : - قصص حقيقية - قصص رعب - قصص جرائم - قصص غريبة - قصص بوليسية - قصص مؤثرة - قصص ملهمة - قصص واقعية كانحط قصة يوم الإثنين والخميس والسبت. ماتنساش تشتارك فالقناة وتفعل الجرس باش يوصلوك فيديوهات وقصص جداد. مرحبا بيك في عالم القصص المثيرة ❤️ تابعوني ايضا على مواقع التواصل الاجتماعي إذا كنت من محبي القصص القصيرة عبر: الانستغرام : soukystories الفايسبوك : soukystories التيكتوك : soukystories الى كنتي من محبي القصص المسموعة تقدر تلقاني ف: سبوتيفاي: soukystories أنغامي: soukystories غوغل بودكاست: soukystories #explore #قصص_بالدرجة #قصص_بالدارجة #قصص_بالدارجة_المغربية #قصص_واقعية #قصص_غريبة #قصص_حقیقية #9isas_wa9i3iya #souky_stories #soukystories","soukystories,souki stories,المغرب,manar stories,lassakri,العسكري,safaa,الخراز,zineb story,قصص حقيقية,Chaimae Belkhir,Nisrine - نسرين,سوكمان sockman,NADIAS,SAFAA,حكايات رضا,الجزائر,قضايا,meryem story,@kharrazabdelkader,rajaa stories,senpai,خراز,lasakri,laskari,laaskari,3askari,lasskari,لعساكري,العساكري,لعسكاري,العسكاري,لعسكري,kwili,lemo,Kharraz,ليمو,كويلي,alkharraz,laasri,l3askri,laasikri,lassakri fz,laskri fatima,علوم خفية,NADIA STORIES,قصص مظلمة | dark stories,تونس",24,Entertainment,"Entertainment,Film",PT24M9S,1449,2d,hd,false,ar,ar,https://i.ytimg.com/vi/rgDEJ4yUT6w/maxresdefault.jpg,1,,,,,142324,8116,,0,359
163,UC9JNENLelbGff__RYGLP1jA,"Souky Stories",l_sZbxyQYQk,2024-10-31T19:30:05Z,"2024-10-31 19:30:05","كيم رجعات لدارها بالليل واختفت فالطريق والفاعل مستحيل توقعوه ⚠️ (*للكبار فقط*)‼️","مرحبا بكم في القناة، الاسم ديالي سكينة و اليوم غادي نكتاشفو خبايا هاد القصة هاد القناة دارت ليك إلى كنتي من عشاق : - قصص حقيقية - قصص رعب - قصص جرائم - قصص غريبة - قصص بوليسية - قصص مؤثرة - قصص ملهمة - قصص واقعية كانحط قصة يوم الإثنين والخميس والسبت. ماتنساش تشتارك فالقناة وتفعل الجرس باش يوصلوك فيديوهات وقصص جداد. مرحبا بيك في عالم القصص المثيرة ❤️ تابعوني ايضا على مواقع التواصل الاجتماعي إذا كنت من محبي القصص القصيرة عبر: الانستغرام : soukystories الفايسبوك : soukystories التيكتوك : soukystories الى كنتي من محبي القصص المسموعة تقدر تلقاني ف: سبوتيفاي: soukystories أنغامي: soukystories غوغل بودكاست: soukystories #explore #قصص_بالدرجة #قصص_بالدارجة #قصص_بالدارجة_المغربية #قصص_واقعية #قصص_غريبة #قصص_حقیقية #9isas_wa9i3iya #souky_stories #soukystories","soukystories,souki stories,المغرب,manar stories,lassakri,العسكري,safaa,الخراز,zineb story,قصص حقيقية,Chaimae Belkhir,Nisrine - نسرين,سوكمان sockman,NADIAS,SAFAA,حكايات رضا,الجزائر,قضايا,meryem story,@kharrazabdelkader,rajaa stories,senpai,خراز,lasakri,laskari,laaskari,3askari,lasskari,لعساكري,العساكري,لعسكاري,العسكاري,لعسكري,kwili,lemo,Kharraz,ليمو,كويلي,alkharraz,laasri,l3askri,laasikri,lassakri fz,laskri fatima,علوم خفية,NADIA STORIES,قصص مظلمة | dark stories,تونس",24,Entertainment,,PT24M11S,1451,2d,hd,false,ar,ar,https://i.ytimg.com/vi/l_sZbxyQYQk/maxresdefault.jpg,1,,,,,139165,7373,,0,351
164,UC9JNENLelbGff__RYGLP1jA,"Souky Stories",MOOdVbKE2gU,2024-10-28T19:00:22Z,"2024-10-28 19:00:22","حياتها كانت غادة مزيان ولكن وبسباب الغيرة تحولات الجحيم ⚠️ (*للكبار فقط*)‼️","مرحبا بكم في القناة، الاسم ديالي سكينة و اليوم غادي نكتاشفو خبايا هاد القصة هاد القناة دارت ليك إلى كنتي من عشاق : - قصص حقيقية - قصص رعب - قصص جرائم - قصص غريبة - قصص بوليسية - قصص مؤثرة - قصص ملهمة - قصص واقعية كانحط قصة يوم الإثنين والخميس والسبت. ماتنساش تشتارك فالقناة وتفعل الجرس باش يوصلوك فيديوهات وقصص جداد. مرحبا بيك في عالم القصص المثيرة ❤️ تابعوني ايضا على مواقع التواصل الاجتماعي إذا كنت من محبي القصص القصيرة عبر: الانستغرام : soukystories الفايسبوك : soukystories التيكتوك : soukystories الى كنتي من محبي القصص المسموعة تقدر تلقاني ف: سبوتيفاي: soukystories أنغامي: soukystories غوغل بودكاست: soukystories #explore #قصص_بالدرجة #قصص_بالدارجة #قصص_بالدارجة_المغربية #قصص_واقعية #قصص_غريبة #قصص_حقیقية #9isas_wa9i3iya #souky_stories #soukystories","soukystories,souki stories,المغرب,manar stories,lassakri,العسكري,safaa,الخراز,zineb story,قصص حقيقية,Chaimae Belkhir,Nisrine - نسرين,سوكمان sockman,NADIAS,SAFAA,حكايات رضا,الجزائر,قضايا,meryem story,@kharrazabdelkader,rajaa stories,senpai,خراز,lasakri,laskari,laaskari,3askari,lasskari,لعساكري,العساكري,لعسكاري,العسكاري,لعسكري,kwili,lemo,Kharraz,ليمو,كويلي,alkharraz,laasri,l3askri,laasikri,lassakri fz,laskri fatima,علوم خفية,NADIA STORIES,قصص مظلمة | dark stories,تونس",24,Entertainment,,PT19M48S,1188,2d,hd,false,ar,ar,https://i.ytimg.com/vi/MOOdVbKE2gU/maxresdefault.jpg,1,,,,,129979,6777,,0,304
165,UC9JNENLelbGff__RYGLP1jA,"Souky Stories",j4kGNj5cQQQ,2024-10-24T19:00:19Z,"2024-10-24 19:00:19","السر المظلم لليابان ⚠️ مجزرة الأشخاص من ذوي الاحتياجات الخاصة ‼️","مرحبا بكم في القناة، الاسم ديالي سكينة و اليوم غادي نكتاشفو خبايا هاد القصة هاد القناة دارت ليك إلى كنتي من عشاق : - قصص حقيقية - قصص رعب - قصص جرائم - قصص غريبة - قصص بوليسية - قصص مؤثرة - قصص ملهمة - قصص واقعية كانحط قصة يوم الإثنين والخميس والسبت. ماتنساش تشتارك فالقناة وتفعل الجرس باش يوصلوك فيديوهات وقصص جداد. مرحبا بيك في عالم القصص المثيرة ❤️ تابعوني ايضا على مواقع التواصل الاجتماعي إذا كنت من محبي القصص القصيرة عبر: الانستغرام : soukystories الفايسبوك : soukystories التيكتوك : soukystories الى كنتي من محبي القصص المسموعة تقدر تلقاني ف: سبوتيفاي: soukystories أنغامي: soukystories غوغل بودكاست: soukystories #explore #قصص_بالدرجة #قصص_بالدارجة #قصص_بالدارجة_المغربية #قصص_واقعية #قصص_غريبة #قصص_حقیقية #9isas_wa9i3iya #souky_stories #soukystories","soukystories,souki stories,المغرب,manar stories,lassakri,العسكري,safaa,الخراز,zineb story,قصص حقيقية,Chaimae Belkhir,Nisrine - نسرين,سوكمان sockman,NADIAS,SAFAA,حكايات رضا,الجزائر,قضايا,meryem story,@kharrazabdelkader,rajaa stories,senpai,خراز,lasakri,laskari,laaskari,3askari,lasskari,لعساكري,العساكري,لعسكاري,العسكاري,لعسكري,kwili,lemo,Kharraz,ليمو,كويلي,alkharraz,laasri,l3askri,laasikri,lassakri fz,laskri fatima,علوم خفية,NADIA STORIES,قصص مظلمة | dark stories,تونس",24,Entertainment,,PT20M33S,1233,2d,hd,false,ar,ar,https://i.ytimg.com/vi/j4kGNj5cQQQ/maxresdefault.jpg,1,,,,,121900,6843,,0,317
166,UC9JNENLelbGff__RYGLP1jA,"Souky Stories",Bz8dJaqaWLw,2024-10-22T19:00:05Z,"2024-10-22 19:00:05","وحش كان يراقبها بدون علمها (*للكبار فقط*)","مرحبا بكم في القناة، الاسم ديالي سكينة و اليوم غادي نكتاشفو خبايا هاد القصة هاد القناة دارت ليك إلى كنتي من عشاق : - قصص حقيقية - قصص رعب - قصص جرائم - قصص غريبة - قصص بوليسية - قصص مؤثرة - قصص ملهمة - قصص واقعية كانحط قصة يوم الإثنين والخميس والسبت. ماتنساش تشتارك فالقناة وتفعل الجرس باش يوصلوك فيديوهات وقصص جداد. مرحبا بيك في عالم القصص المثيرة ❤️ تابعوني ايضا على مواقع التواصل الاجتماعي إذا كنت من محبي القصص القصيرة عبر: الانستغرام : soukystories الفايسبوك : soukystories التيكتوك : soukystories الى كنتي من محبي القصص المسموعة تقدر تلقاني ف: سبوتيفاي: soukystories أنغامي: soukystories غوغل بودكاست: soukystories #explore #قصص_بالدرجة #قصص_بالدارجة #قصص_بالدارجة_المغربية #قصص_واقعية #قصص_غريبة #قصص_حقیقية #9isas_wa9i3iya #souky_stories #soukystories","soukystories,souki stories,المغرب,manar stories,lassakri,العسكري,safaa,الخراز,zineb story,قصص حقيقية,Chaimae Belkhir,Nisrine - نسرين,سوكمان sockman,NADIAS,SAFAA,حكايات رضا,الجزائر,قضايا,meryem story,@kharrazabdelkader,rajaa stories,senpai,خراز,lasakri,laskari,laaskari,3askari,lasskari,لعساكري,العساكري,لعسكاري,العسكاري,لعسكري,kwili,lemo,Kharraz,ليمو,كويلي,alkharraz,laasri,l3askri,laasikri,lassakri fz,laskri fatima,علوم خفية,NADIA STORIES,قصص مظلمة | dark stories,تونس",24,Entertainment,,PT25M36S,1536,2d,hd,false,ar,ar,https://i.ytimg.com/vi/Bz8dJaqaWLw/maxresdefault.jpg,1,,,,,173841,8904,,0,427
167,UC9JNENLelbGff__RYGLP1jA,"Souky Stories",GuOEFvV9UKA,2024-10-19T20:00:05Z,"2024-10-19 20:00:05","كلشي صحابليهم كلاوه التماسيح حتى بانت الحقيقة لي صدمات العالم ⚠️(*للكبار فقط*)‼️","مرحبا بكم في القناة، الاسم ديالي سكينة و اليوم غادي نكتاشفو خبايا هاد القصة هاد القناة دارت ليك إلى كنتي من عشاق : - قصص حقيقية - قصص رعب - قصص جرائم - قصص غريبة - قصص بوليسية - قصص مؤثرة - قصص ملهمة - قصص واقعية كانحط قصة يوم الإثنين والخميس والسبت. ماتنساش تشتارك فالقناة وتفعل الجرس باش يوصلوك فيديوهات وقصص جداد. مرحبا بيك في عالم القصص المثيرة ❤️ تابعوني ايضا على مواقع التواصل الاجتماعي إذا كنت من محبي القصص القصيرة عبر: الانستغرام : soukystories الفايسبوك : soukystories التيكتوك : soukystories الى كنتي من محبي القصص المسموعة تقدر تلقاني ف: سبوتيفاي: soukystories أنغامي: soukystories غوغل بودكاست: soukystories #explore #قصص_بالدرجة #قصص_بالدارجة #قصص_بالدارجة_المغربية #قصص_واقعية #قصص_غريبة #قصص_حقیقية #9isas_wa9i3iya #souky_stories #soukystories","soukystories,souki stories,المغرب,manar stories,lassakri,العسكري,safaa,الخراز,zineb story,قصص حقيقية,Chaimae Belkhir,Nisrine - نسرين,سوكمان sockman,NADIAS,SAFAA,حكايات رضا,الجزائر,قضايا,meryem story,@kharrazabdelkader,rajaa stories,senpai,خراز,lasakri,laskari,laaskari,3askari,lasskari,لعساكري,العساكري,لعسكاري,العسكاري,لعسكري,kwili,lemo,Kharraz,ليمو,كويلي,alkharraz,laasri,l3askri,laasikri,lassakri fz,laskri fatima,علوم خفية,NADIA STORIES,قصص مظلمة | dark stories,تونس",24,Entertainment,,PT36M2S,2162,2d,hd,false,ar,ar,https://i.ytimg.com/vi/GuOEFvV9UKA/maxresdefault.jpg,1,,,,,222722,9391,,0,449
168,UC9JNENLelbGff__RYGLP1jA,"Souky Stories",SI__RwoQIZ0,2024-10-17T19:00:18Z,"2024-10-17 19:00:18","من فتاة ناجحة إلى مج.. رمة محكومة بالمؤ.. بد⚠️ (*للكبار فقط*)‼️","مرحبا بكم في القناة، الاسم ديالي سكينة و اليوم غادي نكتاشفو خبايا هاد القصة هاد القناة دارت ليك إلى كنتي من عشاق : - قصص حقيقية - قصص رعب - قصص جرائم - قصص غريبة - قصص بوليسية - قصص مؤثرة - قصص ملهمة - قصص واقعية كانحط قصة يوم الإثنين والخميس والسبت. ماتنساش تشتارك فالقناة وتفعل الجرس باش يوصلوك فيديوهات وقصص جداد. مرحبا بيك في عالم القصص المثيرة ❤️ تابعوني ايضا على مواقع التواصل الاجتماعي إذا كنت من محبي القصص القصيرة عبر: الانستغرام : soukystories الفايسبوك : soukystories التيكتوك : soukystories الى كنتي من محبي القصص المسموعة تقدر تلقاني ف: سبوتيفاي: soukystories أنغامي: soukystories غوغل بودكاست: soukystories #explore #قصص_بالدرجة #قصص_بالدارجة #قصص_بالدارجة_المغربية #قصص_واقعية #قصص_غريبة #قصص_حقیقية #9isas_wa9i3iya #souky_stories #soukystories","soukystories,souki stories,المغرب,manar stories,lassakri,العسكري,safaa,الخراز,zineb story,قصص حقيقية,Chaimae Belkhir,Nisrine - نسرين,سوكمان sockman,NADIAS,SAFAA,حكايات رضا,الجزائر,قضايا,meryem story,@kharrazabdelkader,rajaa stories,senpai,خراز,lasakri,laskari,laaskari,3askari,lasskari,لعساكري,العساكري,لعسكاري,العسكاري,لعسكري,kwili,lemo,Kharraz,ليمو,كويلي,alkharraz,laasri,l3askri,laasikri,lassakri fz,laskri fatima,علوم خفية,NADIA STORIES,قصص مظلمة | dark stories,تونس",24,Entertainment,,PT21M16S,1276,2d,hd,false,ar,ar,https://i.ytimg.com/vi/SI__RwoQIZ0/maxresdefault.jpg,1,,,,,259711,9904,,0,567
169,UC9JNENLelbGff__RYGLP1jA,"Souky Stories",BpW8gGRl4fc,2024-10-14T19:10:00Z,"2024-10-14 19:10:00","الخادمة التي صدمت لندن ببشاعة ما فعلته في القرن التاسع عشر ⚠️ (*للكبار فقط*)‼️","مرحبا بكم في القناة، الاسم ديالي سكينة و اليوم غادي نكتاشفو خبايا هاد القصة هاد القناة دارت ليك إلى كنتي من عشاق : - قصص حقيقية - قصص رعب - قصص جرائم - قصص غريبة - قصص بوليسية - قصص مؤثرة - قصص ملهمة - قصص واقعية كانحط قصة يوم الإثنين والخميس والسبت. ماتنساش تشتارك فالقناة وتفعل الجرس باش يوصلوك فيديوهات وقصص جداد. مرحبا بيك في عالم القصص المثيرة ❤️ تابعوني ايضا على مواقع التواصل الاجتماعي إذا كنت من محبي القصص القصيرة عبر: الانستغرام : soukystories الفايسبوك : soukystories التيكتوك : soukystories الى كنتي من محبي القصص المسموعة تقدر تلقاني ف: سبوتيفاي: soukystories أنغامي: soukystories غوغل بودكاست: soukystories #explore #قصص_بالدرجة #قصص_بالدارجة #قصص_بالدارجة_المغربية #قصص_واقعية #قصص_غريبة #قصص_حقیقية #9isas_wa9i3iya #souky_stories #soukystories","soukystories,souki stories,المغرب,manar stories,lassakri,العسكري,safaa,الخراز,zineb story,قصص حقيقية,Chaimae Belkhir,Nisrine - نسرين,سوكمان sockman,NADIAS,SAFAA,حكايات رضا,الجزائر,قضايا,meryem story,@kharrazabdelkader,rajaa stories,senpai,خراز,lasakri,laskari,laaskari,3askari,lasskari,لعساكري,العساكري,لعسكاري,العسكاري,لعسكري,kwili,lemo,Kharraz,ليمو,كويلي,alkharraz,laasri,l3askri,laasikri,lassakri fz,laskri fatima,علوم خفية,NADIA STORIES,قصص مظلمة | dark stories,تونس",24,Entertainment,,PT23M2S,1382,2d,hd,false,ar,ar,https://i.ytimg.com/vi/BpW8gGRl4fc/maxresdefault.jpg,1,,,,,108186,6033,,0,262
170,UC9JNENLelbGff__RYGLP1jA,"Souky Stories",MTcL6crGfv4,2024-10-07T19:00:11Z,"2024-10-07 19:00:11","من وحش خطير إلى مشهور على التيكتوك ⚠️ (*للكبار فقط*)‼️","مرحبا بكم في القناة، الاسم ديالي سكينة و اليوم غادي نكتاشفو خبايا هاد القصة هاد القناة دارت ليك إلى كنتي من عشاق : - قصص حقيقية - قصص رعب - قصص جرائم - قصص غريبة - قصص بوليسية - قصص مؤثرة - قصص ملهمة - قصص واقعية كانحط قصة يوم الإثنين والخميس والسبت. ماتنساش تشتارك فالقناة وتفعل الجرس باش يوصلوك فيديوهات وقصص جداد. مرحبا بيك في عالم القصص المثيرة ❤️ تابعوني ايضا على مواقع التواصل الاجتماعي إذا كنت من محبي القصص القصيرة عبر: الانستغرام : soukystories الفايسبوك : soukystories التيكتوك : soukystories الى كنتي من محبي القصص المسموعة تقدر تلقاني ف: سبوتيفاي: soukystories أنغامي: soukystories غوغل بودكاست: soukystories #explore #قصص_بالدرجة #قصص_بالدارجة #قصص_بالدارجة_المغربية #قصص_واقعية #قصص_غريبة #قصص_حقیقية #9isas_wa9i3iya #souky_stories #soukystories","soukystories,souki stories,المغرب,manar stories,lassakri,العسكري,safaa,الخراز,zineb story,قصص حقيقية,Chaimae Belkhir,Nisrine - نسرين,سوكمان sockman,NADIAS,SAFAA,حكايات رضا,الجزائر,قضايا,meryem story,@kharrazabdelkader,rajaa stories,senpai,خراز,lasakri,laskari,laaskari,3askari,lasskari,لعساكري,العساكري,لعسكاري,العسكاري,لعسكري,kwili,lemo,Kharraz,ليمو,كويلي,alkharraz,laasri,l3askri,laasikri,lassakri fz,laskri fatima,علوم خفية,NADIA STORIES,قصص مظلمة | dark stories,تونس",24,Entertainment,,PT31M2S,1862,2d,hd,false,ar,ar,https://i.ytimg.com/vi/MTcL6crGfv4/maxresdefault.jpg,1,,,,,445940,14381,,0,745
171,UC9JNENLelbGff__RYGLP1jA,"Souky Stories",4l6hJ732d9s,2024-10-05T19:00:02Z,"2024-10-05 19:00:02","شاب طموح مشى ضحية ديال مختل عطشان للشهرة ⚠️","مرحبا بكم في القناة، الاسم ديالي سكينة و اليوم غادي نكتاشفو خبايا هاد القصة هاد القناة دارت ليك إلى كنتي من عشاق : - قصص حقيقية - قصص رعب - قصص جرائم - قصص غريبة - قصص بوليسية - قصص مؤثرة - قصص ملهمة - قصص واقعية كانحط قصة يوم الإثنين والخميس والسبت. ماتنساش تشتارك فالقناة وتفعل الجرس باش يوصلوك فيديوهات وقصص جداد. مرحبا بيك في عالم القصص المثيرة ❤️ تابعوني ايضا على مواقع التواصل الاجتماعي إذا كنت من محبي القصص القصيرة عبر: الانستغرام : soukystories الفايسبوك : soukystories التيكتوك : soukystories الى كنتي من محبي القصص المسموعة تقدر تلقاني ف: سبوتيفاي: soukystories أنغامي: soukystories غوغل بودكاست: soukystories #explore #قصص_بالدرجة #قصص_بالدارجة #قصص_بالدارجة_المغربية #قصص_واقعية #قصص_غريبة #قصص_حقیقية #9isas_wa9i3iya #souky_stories #soukystories","soukystories,souki stories,المغرب,manar stories,lassakri,العسكري,safaa,الخراز,zineb story,قصص حقيقية,Chaimae Belkhir,Nisrine - نسرين,سوكمان sockman,NADIAS,SAFAA,حكايات رضا,الجزائر,قضايا,meryem story,@kharrazabdelkader,rajaa stories,senpai,خراز,lasakri,laskari,laaskari,3askari,lasskari,لعساكري,العساكري,لعسكاري,العسكاري,لعسكري,kwili,lemo,Kharraz,ليمو,كويلي,alkharraz,laasri,l3askri,laasikri,lassakri fz,laskri fatima,علوم خفية,NADIA STORIES,قصص مظلمة | dark stories,تونس",24,Entertainment,,PT20M4S,1204,2d,hd,false,ar,ar,https://i.ytimg.com/vi/4l6hJ732d9s/maxresdefault.jpg,1,,,,,96093,5948,,0,275
172,UC9JNENLelbGff__RYGLP1jA,"Souky Stories",N_DkZKywUOw,2024-10-03T19:00:13Z,"2024-10-03 19:00:13","كانو عايشين بيخير حتى تفضح سر كبير مخبيه واحد منهم ⚠️ (*للكبار فقط*)‼️","مرحبا بكم في القناة، الاسم ديالي سكينة و اليوم غادي نكتاشفو خبايا هاد القصة هاد القناة دارت ليك إلى كنتي من عشاق : - قصص حقيقية - قصص رعب - قصص جرائم - قصص غريبة - قصص بوليسية - قصص مؤثرة - قصص ملهمة - قصص واقعية كانحط قصة يوم الإثنين والخميس والسبت. ماتنساش تشتارك فالقناة وتفعل الجرس باش يوصلوك فيديوهات وقصص جداد. مرحبا بيك في عالم القصص المثيرة ❤️ تابعوني ايضا على مواقع التواصل الاجتماعي إذا كنت من محبي القصص القصيرة عبر: الانستغرام : soukystories الفايسبوك : soukystories التيكتوك : soukystories الى كنتي من محبي القصص المسموعة تقدر تلقاني ف: سبوتيفاي: soukystories أنغامي: soukystories غوغل بودكاست: soukystories #explore #قصص_بالدرجة #قصص_بالدارجة #قصص_بالدارجة_المغربية #قصص_واقعية #قصص_غريبة #قصص_حقیقية #9isas_wa9i3iya #souky_stories #soukystories","soukystories,souki stories,المغرب,manar stories,lassakri,العسكري,safaa,الخراز,zineb story,قصص حقيقية,Chaimae Belkhir,Nisrine - نسرين,سوكمان sockman,NADIAS,SAFAA,حكايات رضا,الجزائر,قضايا,meryem story,@kharrazabdelkader,rajaa stories,senpai,خراز,lasakri,laskari,laaskari,3askari,lasskari,لعساكري,العساكري,لعسكاري,العسكاري,لعسكري,kwili,lemo,Kharraz,ليمو,كويلي,alkharraz,laasri,l3askri,laasikri,lassakri fz,laskri fatima,علوم خفية,NADIA STORIES,قصص مظلمة | dark stories,تونس",24,Entertainment,,PT22M35S,1355,2d,hd,false,ar,ar,https://i.ytimg.com/vi/N_DkZKywUOw/maxresdefault.jpg,1,,,,,138521,7702,,0,436
173,UC9JNENLelbGff__RYGLP1jA,"Souky Stories",DBBW58b6WnI,2024-09-30T19:00:07Z,"2024-09-30 19:00:07","كلشي تصدم فاش عرفو الفاعل ⚠️ المعنى الحقيقي للخبث ‼️","مرحبا بكم في القناة، الاسم ديالي سكينة و اليوم غادي نكتاشفو خبايا هاد القصة هاد القناة دارت ليك إلى كنتي من عشاق : - قصص حقيقية - قصص رعب - قصص جرائم - قصص غريبة - قصص بوليسية - قصص مؤثرة - قصص ملهمة - قصص واقعية كانحط قصة يوم الإثنين والخميس والسبت. ماتنساش تشتارك فالقناة وتفعل الجرس باش يوصلوك فيديوهات وقصص جداد. مرحبا بيك في عالم القصص المثيرة ❤️ تابعوني ايضا على مواقع التواصل الاجتماعي إذا كنت من محبي القصص القصيرة عبر: الانستغرام : soukystories الفايسبوك : soukystories التيكتوك : soukystories الى كنتي من محبي القصص المسموعة تقدر تلقاني ف: سبوتيفاي: soukystories أنغامي: soukystories غوغل بودكاست: soukystories #explore #قصص_بالدرجة #قصص_بالدارجة #قصص_بالدارجة_المغربية #قصص_واقعية #قصص_غريبة #قصص_حقیقية #9isas_wa9i3iya #souky_stories #soukystories","soukystories,souki stories,المغرب,manar stories,lassakri,العسكري,safaa,الخراز,zineb story,قصص حقيقية,Chaimae Belkhir,Nisrine - نسرين,سوكمان sockman,NADIAS,SAFAA,حكايات رضا,الجزائر,قضايا,meryem story,@kharrazabdelkader,rajaa stories,senpai,خراز,lasakri,laskari,laaskari,3askari,lasskari,لعساكري,العساكري,لعسكاري,العسكاري,لعسكري,kwili,lemo,Kharraz,ليمو,كويلي,alkharraz,laasri,l3askri,laasikri,lassakri fz,laskri fatima,علوم خفية,NADIA STORIES,قصص مظلمة | dark stories,تونس",24,Entertainment,,PT17M4S,1024,2d,hd,false,ar,ar,https://i.ytimg.com/vi/DBBW58b6WnI/maxresdefault.jpg,1,,,,,107347,6320,,0,265
174,UC9JNENLelbGff__RYGLP1jA,"Souky Stories",XhbSDXR3TiY,2024-09-28T19:00:14Z,"2024-09-28 19:00:14","اختفاء أخوين كان السبب في اكتشاف سر خطير ⚠️ (*للكبار فقط*) ‼️","مرحبا بكم في القناة، الاسم ديالي سكينة و اليوم غادي نكتاشفو خبايا هاد القصة هاد القناة دارت ليك إلى كنتي من عشاق : - قصص حقيقية - قصص رعب - قصص جرائم - قصص غريبة - قصص بوليسية - قصص مؤثرة - قصص ملهمة - قصص واقعية كانحط قصة يوم الإثنين والخميس والسبت. ماتنساش تشتارك فالقناة وتفعل الجرس باش يوصلوك فيديوهات وقصص جداد. مرحبا بيك في عالم القصص المثيرة ❤️ تابعوني ايضا على مواقع التواصل الاجتماعي إذا كنت من محبي القصص القصيرة عبر: الانستغرام : soukystories الفايسبوك : soukystories التيكتوك : soukystories الى كنتي من محبي القصص المسموعة تقدر تلقاني ف: سبوتيفاي: soukystories أنغامي: soukystories غوغل بودكاست: soukystories #explore #قصص_بالدرجة #قصص_بالدارجة #قصص_بالدارجة_المغربية #قصص_واقعية #قصص_غريبة #قصص_حقیقية #9isas_wa9i3iya #souky_stories #soukystories","soukystories,souki stories,المغرب,manar stories,lassakri,العسكري,safaa,الخراز,zineb story,قصص حقيقية,Chaimae Belkhir,Nisrine - نسرين,سوكمان sockman,NADIAS,SAFAA,حكايات رضا,الجزائر,قضايا,meryem story,@kharrazabdelkader,rajaa stories,senpai,خراز,lasakri,laskari,laaskari,3askari,lasskari,لعساكري,العساكري,لعسكاري,العسكاري,لعسكري,kwili,lemo,Kharraz,ليمو,كويلي,alkharraz,laasri,l3askri,laasikri,lassakri fz,laskri fatima,علوم خفية,NADIA STORIES,قصص مظلمة | dark stories,تونس",24,Entertainment,,PT19M35S,1175,2d,hd,false,ar,ar,https://i.ytimg.com/vi/XhbSDXR3TiY/maxresdefault.jpg,1,,,,,138726,7093,,0,292
175,UC9JNENLelbGff__RYGLP1jA,"Souky Stories",Hd15ryrgpDQ,2024-09-26T19:30:01Z,"2024-09-26 19:30:01","القضية لي صدمات الرأي العام فكندا ⚠️ (*للكبار فقط*) ‼️","مرحبا بكم في القناة، الاسم ديالي سكينة و اليوم غادي نكتاشفو خبايا هاد القصة هاد القناة دارت ليك إلى كنتي من عشاق : - قصص حقيقية - قصص رعب - قصص جرائم - قصص غريبة - قصص بوليسية - قصص مؤثرة - قصص ملهمة - قصص واقعية كانحط قصة يوم الإثنين والخميس والسبت. ماتنساش تشتارك فالقناة وتفعل الجرس باش يوصلوك فيديوهات وقصص جداد. مرحبا بيك في عالم القصص المثيرة ❤️ تابعوني ايضا على مواقع التواصل الاجتماعي إذا كنت من محبي القصص القصيرة عبر: الانستغرام : soukystories الفايسبوك : soukystories التيكتوك : soukystories الى كنتي من محبي القصص المسموعة تقدر تلقاني ف: سبوتيفاي: soukystories أنغامي: soukystories غوغل بودكاست: soukystories #explore #قصص_بالدرجة #قصص_بالدارجة #قصص_بالدارجة_المغربية #قصص_واقعية #قصص_غريبة #قصص_حقیقية #9isas_wa9i3iya #souky_stories #soukystories","soukystories,souki stories,المغرب,manar stories,lassakri,العسكري,safaa,الخراز,zineb story,قصص حقيقية,Chaimae Belkhir,Nisrine - نسرين,سوكمان sockman,NADIAS,SAFAA,حكايات رضا,الجزائر,قضايا,meryem story,@kharrazabdelkader,rajaa stories,senpai,خراز,lasakri,laskari,laaskari,3askari,lasskari,لعساكري,العساكري,لعسكاري,العسكاري,لعسكري,kwili,lemo,Kharraz,ليمو,كويلي,alkharraz,laasri,l3askri,laasikri,lassakri fz,laskri fatima,علوم خفية,NADIA STORIES,قصص مظلمة | dark stories,تونس",24,Entertainment,,PT22M18S,1338,2d,hd,false,ar,ar,https://i.ytimg.com/vi/Hd15ryrgpDQ/maxresdefault.jpg,1,,,,,107003,6718,,0,326
176,UC9JNENLelbGff__RYGLP1jA,"Souky Stories",AgmF7U3ZvOg,2024-09-23T19:30:02Z,"2024-09-23 19:30:02","نهاية صادمة وراء اختفاء فتاة من أمام منزلها ⚠️ (*للكبار فقط*) ‼️","مرحبا بكم في القناة، الاسم ديالي سكينة و اليوم غادي نكتاشفو خبايا هاد القصة هاد القناة دارت ليك إلى كنتي من عشاق : - قصص حقيقية - قصص رعب - قصص جرائم - قصص غريبة - قصص بوليسية - قصص مؤثرة - قصص ملهمة - قصص واقعية كانحط قصة يوم الإثنين والخميس والسبت. ماتنساش تشتارك فالقناة وتفعل الجرس باش يوصلوك فيديوهات وقصص جداد. مرحبا بيك في عالم القصص المثيرة ❤️ تابعوني ايضا على مواقع التواصل الاجتماعي إذا كنت من محبي القصص القصيرة عبر: الانستغرام : soukystories الفايسبوك : soukystories التيكتوك : soukystories الى كنتي من محبي القصص المسموعة تقدر تلقاني ف: سبوتيفاي: soukystories أنغامي: soukystories غوغل بودكاست: soukystories #explore #قصص_بالدرجة #قصص_بالدارجة #قصص_بالدارجة_المغربية #قصص_واقعية #قصص_غريبة #قصص_حقیقية #9isas_wa9i3iya #souky_stories #soukystories","soukystories,souki stories,المغرب,manar stories,lassakri,العسكري,safaa,الخراز,zineb story,قصص حقيقية,Chaimae Belkhir,Nisrine - نسرين,سوكمان sockman,NADIAS,SAFAA,حكايات رضا,الجزائر,قضايا,meryem story,@kharrazabdelkader,rajaa stories,senpai,خراز,lasakri,laskari,laaskari,3askari,lasskari,لعساكري,العساكري,لعسكاري,العسكاري,لعسكري,kwili,lemo,Kharraz,ليمو,كويلي,alkharraz,laasri,l3askri,laasikri,lassakri fz,laskri fatima,علوم خفية,NADIA STORIES,قصص مظلمة | dark stories,تونس",24,Entertainment,,PT23M5S,1385,2d,hd,false,ar,ar,https://i.ytimg.com/vi/AgmF7U3ZvOg/maxresdefault.jpg,1,,,,,186407,8712,,0,345
177,UC9JNENLelbGff__RYGLP1jA,"Souky Stories",yRLXpNqyaAk,2024-09-21T20:00:25Z,"2024-09-21 20:00:25","سر خطير دمر عائلة باكستانية ⚠️ (*للكبار فقط*)‼️","مرحبا بكم في القناة، الاسم ديالي سكينة و اليوم غادي نكتاشفو خبايا هاد القصة هاد القناة دارت ليك إلى كنتي من عشاق : - قصص حقيقية - قصص رعب - قصص جرائم - قصص غريبة - قصص بوليسية - قصص مؤثرة - قصص ملهمة - قصص واقعية كانحط قصة يوم الإثنين والخميس والسبت. ماتنساش تشتارك فالقناة وتفعل الجرس باش يوصلوك فيديوهات وقصص جداد. مرحبا بيك في عالم القصص المثيرة ❤️ تابعوني ايضا على مواقع التواصل الاجتماعي إذا كنت من محبي القصص القصيرة عبر: الانستغرام : soukystories الفايسبوك : soukystories التيكتوك : soukystories الى كنتي من محبي القصص المسموعة تقدر تلقاني ف: سبوتيفاي: soukystories أنغامي: soukystories غوغل بودكاست: soukystories #explore #قصص_بالدرجة #قصص_بالدارجة #قصص_بالدارجة_المغربية #قصص_واقعية #قصص_غريبة #قصص_حقیقية #9isas_wa9i3iya #souky_stories #soukystories","soukystories,souki stories,المغرب,manar stories,lassakri,العسكري,safaa,الخراز,zineb story,قصص حقيقية,Chaimae Belkhir,Nisrine - نسرين,سوكمان sockman,NADIAS,SAFAA,حكايات رضا,الجزائر,قضايا,meryem story,@kharrazabdelkader,rajaa stories,senpai,خراز,lasakri,laskari,laaskari,3askari,lasskari,لعساكري,العساكري,لعسكاري,العسكاري,لعسكري,kwili,lemo,Kharraz,ليمو,كويلي,alkharraz,laasri,l3askri,laasikri,lassakri fz,laskri fatima,علوم خفية,NADIA STORIES,قصص مظلمة | dark stories,تونس",24,Entertainment,,PT25M52S,1552,2d,hd,false,ar,ar,https://i.ytimg.com/vi/yRLXpNqyaAk/maxresdefault.jpg,1,,,,,155525,7915,,0,424
178,UC9JNENLelbGff__RYGLP1jA,"Souky Stories",lwyaVknuMsk,2024-09-19T19:30:04Z,"2024-09-19 19:30:04","الناس ديال فيلاج كامل اختفاو والسبب مُرعب ⚠️ (*للكبار فقط*)‼️","مرحبا بكم في القناة، الاسم ديالي سكينة و اليوم غادي نكتاشفو خبايا هاد القصة هاد القناة دارت ليك إلى كنتي من عشاق : - قصص حقيقية - قصص رعب - قصص جرائم - قصص غريبة - قصص بوليسية - قصص مؤثرة - قصص ملهمة - قصص واقعية كانحط قصة يوم الإثنين والخميس والسبت. ماتنساش تشتارك فالقناة وتفعل الجرس باش يوصلوك فيديوهات وقصص جداد. مرحبا بيك في عالم القصص المثيرة ❤️ تابعوني ايضا على مواقع التواصل الاجتماعي إذا كنت من محبي القصص القصيرة عبر: الانستغرام : soukystories الفايسبوك : soukystories التيكتوك : soukystories الى كنتي من محبي القصص المسموعة تقدر تلقاني ف: سبوتيفاي: soukystories أنغامي: soukystories غوغل بودكاست: soukystories #explore #قصص_بالدرجة #قصص_بالدارجة #قصص_بالدارجة_المغربية #قصص_واقعية #قصص_غريبة #قصص_حقیقية #9isas_wa9i3iya #souky_stories #soukystories","soukystories,souki stories,المغرب,manar stories,lassakri,العسكري,safaa,الخراز,zineb story,قصص حقيقية,Chaimae Belkhir,Nisrine - نسرين,سوكمان sockman,NADIAS,SAFAA,حكايات رضا,الجزائر,قضايا,meryem story,@kharrazabdelkader,rajaa stories,senpai,خراز,lasakri,laskari,laaskari,3askari,lasskari,لعساكري,العساكري,لعسكاري,العسكاري,لعسكري,kwili,lemo,Kharraz,ليمو,كويلي,alkharraz,laasri,l3askri,laasikri,lassakri fz,laskri fatima,علوم خفية,NADIA STORIES,قصص مظلمة | dark stories,تونس",24,Entertainment,,PT28M24S,1704,2d,hd,false,ar,ar,https://i.ytimg.com/vi/lwyaVknuMsk/maxresdefault.jpg,1,,,,,128586,6598,,0,305
179,UC9JNENLelbGff__RYGLP1jA,"Souky Stories",UlM4CxobSr4,2024-09-16T19:00:25Z,"2024-09-16 19:00:25","خواتم كانوا السبب في حل لغز قضية بشعة ⚠️ (*للكبار فقط*)‼️","مرحبا بكم في القناة، الاسم ديالي سكينة و اليوم غادي نكتاشفو خبايا هاد القصة هاد القناة دارت ليك إلى كنتي من عشاق : - قصص حقيقية - قصص رعب - قصص جرائم - قصص غريبة - قصص بوليسية - قصص مؤثرة - قصص ملهمة - قصص واقعية كانحط قصة يوم الإثنين والخميس والسبت. ماتنساش تشتارك فالقناة وتفعل الجرس باش يوصلوك فيديوهات وقصص جداد. مرحبا بيك في عالم القصص المثيرة ❤️ تابعوني ايضا على مواقع التواصل الاجتماعي إذا كنت من محبي القصص القصيرة عبر: الانستغرام : soukystories الفايسبوك : soukystories التيكتوك : soukystories الى كنتي من محبي القصص المسموعة تقدر تلقاني ف: سبوتيفاي: soukystories أنغامي: soukystories غوغل بودكاست: soukystories #explore #قصص_بالدرجة #قصص_بالدارجة #قصص_بالدارجة_المغربية #قصص_واقعية #قصص_غريبة #قصص_حقیقية #9isas_wa9i3iya #souky_stories #soukystories","soukystories,souki stories,المغرب,manar stories,lassakri,العسكري,safaa,الخراز,zineb story,قصص حقيقية,Chaimae Belkhir,Nisrine - نسرين,سوكمان sockman,NADIAS,SAFAA,حكايات رضا,الجزائر,قضايا,meryem story,@kharrazabdelkader,rajaa stories,senpai,خراز,lasakri,laskari,laaskari,3askari,lasskari,لعساكري,العساكري,لعسكاري,العسكاري,لعسكري,kwili,lemo,Kharraz,ليمو,كويلي,alkharraz,laasri,l3askri,laasikri,lassakri fz,laskri fatima,علوم خفية,NADIA STORIES,قصص مظلمة | dark stories,تونس",24,Entertainment,,PT27M3S,1623,2d,hd,false,ar,ar,https://i.ytimg.com/vi/UlM4CxobSr4/maxresdefault.jpg,1,,,,,129980,7033,,0,315
180,UC9JNENLelbGff__RYGLP1jA,"Souky Stories",0E_3izh1cP4,2024-09-14T19:00:01Z,"2024-09-14 19:00:01","داكشي لي لقاو فالشقة ديالو رعب حقيقي ⚠️ (*للكبار فقط*)‼️","مرحبا بكم في القناة، الاسم ديالي سكينة و اليوم غادي نكتاشفو خبايا هاد القصة هاد القناة دارت ليك إلى كنتي من عشاق : - قصص حقيقية - قصص رعب - قصص جرائم - قصص غريبة - قصص بوليسية - قصص مؤثرة - قصص ملهمة - قصص واقعية كانحط قصة يوم الإثنين والخميس والسبت. ماتنساش تشتارك فالقناة وتفعل الجرس باش يوصلوك فيديوهات وقصص جداد. مرحبا بيك في عالم القصص المثيرة ❤️ تابعوني ايضا على مواقع التواصل الاجتماعي إذا كنت من محبي القصص القصيرة عبر: الانستغرام : soukystories الفايسبوك : soukystories التيكتوك : soukystories الى كنتي من محبي القصص المسموعة تقدر تلقاني ف: سبوتيفاي: soukystories أنغامي: soukystories غوغل بودكاست: soukystories #explore #قصص_بالدرجة #قصص_بالدارجة #قصص_بالدارجة_المغربية #قصص_واقعية #قصص_غريبة #قصص_حقیقية #9isas_wa9i3iya #souky_stories #soukystories","soukystories,souki stories,المغرب,manar stories,lassakri,العسكري,safaa,الخراز,zineb story,قصص حقيقية,Chaimae Belkhir,Nisrine - نسرين,سوكمان sockman,NADIAS,SAFAA,حكايات رضا,الجزائر,قضايا,meryem story,@kharrazabdelkader,rajaa stories,senpai,خراز,lasakri,laskari,laaskari,3askari,lasskari,لعساكري,العساكري,لعسكاري,العسكاري,لعسكري,kwili,lemo,Kharraz,ليمو,كويلي,alkharraz,laasri,l3askri,laasikri,lassakri fz,laskri fatima,علوم خفية,NADIA STORIES,قصص مظلمة | dark stories,تونس",24,Entertainment,,PT19M6S,1146,2d,hd,false,ar,ar,https://i.ytimg.com/vi/0E_3izh1cP4/maxresdefault.jpg,1,,,,,104018,5962,,0,251
181,UC9JNENLelbGff__RYGLP1jA,"Souky Stories",mwwiNJidLP0,2024-09-12T19:15:02Z,"2024-09-12 19:15:02","وجدت نفسها داخل فيلم رعب حقيقي ⚠️ (*للكبار فقط*)‼️","مرحبا بكم في القناة، الاسم ديالي سكينة و اليوم غادي نكتاشفو خبايا هاد القصة هاد القناة دارت ليك إلى كنتي من عشاق : - قصص حقيقية - قصص رعب - قصص جرائم - قصص غريبة - قصص بوليسية - قصص مؤثرة - قصص ملهمة - قصص واقعية كانحط قصة يوم الإثنين والخميس والسبت. ماتنساش تشتارك فالقناة وتفعل الجرس باش يوصلوك فيديوهات وقصص جداد. مرحبا بيك في عالم القصص المثيرة ❤️ تابعوني ايضا على مواقع التواصل الاجتماعي إذا كنت من محبي القصص القصيرة عبر: الانستغرام : soukystories الفايسبوك : soukystories التيكتوك : soukystories الى كنتي من محبي القصص المسموعة تقدر تلقاني ف: سبوتيفاي: soukystories أنغامي: soukystories غوغل بودكاست: soukystories #explore #قصص_بالدرجة #قصص_بالدارجة #قصص_بالدارجة_المغربية #قصص_واقعية #قصص_غريبة #قصص_حقیقية #9isas_wa9i3iya #souky_stories #soukystories","soukystories,souki stories,المغرب,manar stories,lassakri,العسكري,safaa,الخراز,zineb story,قصص حقيقية,Chaimae Belkhir,Nisrine - نسرين,سوكمان sockman,NADIAS,SAFAA,حكايات رضا,الجزائر,قضايا,meryem story,@kharrazabdelkader,rajaa stories,senpai,خراز,lasakri,laskari,laaskari,3askari,lasskari,لعساكري,العساكري,لعسكاري,العسكاري,لعسكري,kwili,lemo,Kharraz,ليمو,كويلي,alkharraz,laasri,l3askri,laasikri,lassakri fz,laskri fatima,علوم خفية,NADIA STORIES,قصص مظلمة | dark stories,تونس",24,Entertainment,"Entertainment,Film",PT27M22S,1642,2d,hd,false,ar,ar,https://i.ytimg.com/vi/mwwiNJidLP0/maxresdefault.jpg,1,,,,,182297,8164,,0,379
182,UC9JNENLelbGff__RYGLP1jA,"Souky Stories",ntBormrl6GU,2024-09-09T19:05:00Z,"2024-09-09 19:05:00","شيطان كان مراقبهم وحتى واحد مارد البال ⚠️ (*للكبار فقط*) ‼️","مرحبا بكم في القناة، الاسم ديالي سكينة و اليوم غادي نكتاشفو خبايا هاد القصة هاد القناة دارت ليك إلى كنتي من عشاق : - قصص حقيقية - قصص رعب - قصص جرائم - قصص غريبة - قصص بوليسية - قصص مؤثرة - قصص ملهمة - قصص واقعية كانحط قصة يوم الإثنين والخميس والسبت. ماتنساش تشتارك فالقناة وتفعل الجرس باش يوصلوك فيديوهات وقصص جداد. مرحبا بيك في عالم القصص المثيرة ❤️ تابعوني ايضا على مواقع التواصل الاجتماعي إذا كنت من محبي القصص القصيرة عبر: الانستغرام : soukystories الفايسبوك : soukystories التيكتوك : soukystories الى كنتي من محبي القصص المسموعة تقدر تلقاني ف: سبوتيفاي: soukystories أنغامي: soukystories غوغل بودكاست: soukystories #explore #قصص_بالدرجة #قصص_بالدارجة #قصص_بالدارجة_المغربية #قصص_واقعية #قصص_غريبة #قصص_حقیقية #9isas_wa9i3iya #souky_stories #soukystories","soukystories,souki stories,المغرب,manar stories,lassakri,العسكري,safaa,الخراز,zineb story,قصص حقيقية,Chaimae Belkhir,Nisrine - نسرين,سوكمان sockman,NADIAS,SAFAA,حكايات رضا,الجزائر,قضايا,meryem story,@kharrazabdelkader,rajaa stories,senpai,خراز,lasakri,laskari,laaskari,3askari,lasskari,لعساكري,العساكري,لعسكاري,العسكاري,لعسكري,kwili,lemo,Kharraz,ليمو,كويلي,alkharraz,laasri,l3askri,laasikri,lassakri fz,laskri fatima,علوم خفية,NADIA STORIES,قصص مظلمة | dark stories,تونس",24,Entertainment,,PT22M5S,1325,2d,hd,false,ar,ar,https://i.ytimg.com/vi/ntBormrl6GU/maxresdefault.jpg,1,,,,,101557,6099,,0,308
183,UC9JNENLelbGff__RYGLP1jA,"Souky Stories",dGSiv33DyKk,2024-09-05T19:36:39Z,"2024-09-05 19:36:39","من طفل بريئ إلى وحش حاقد على المجتمع ⚠️ (*للكبار فقط*)‼️","مرحبا بكم في القناة، الاسم ديالي سكينة و اليوم غادي نكتاشفو خبايا هاد القصة هاد القناة دارت ليك إلى كنتي من عشاق : - قصص حقيقية - قصص رعب - قصص جرائم - قصص غريبة - قصص بوليسية - قصص مؤثرة - قصص ملهمة - قصص واقعية كانحط قصة يوم الإثنين والخميس والسبت. ماتنساش تشتارك فالقناة وتفعل الجرس باش يوصلوك فيديوهات وقصص جداد. مرحبا بيك في عالم القصص المثيرة ❤️ تابعوني ايضا على مواقع التواصل الاجتماعي إذا كنت من محبي القصص القصيرة عبر: الانستغرام : soukystories الفايسبوك : soukystories التيكتوك : soukystories الى كنتي من محبي القصص المسموعة تقدر تلقاني ف: سبوتيفاي: soukystories أنغامي: soukystories غوغل بودكاست: soukystories #explore #قصص_بالدرجة #قصص_بالدارجة #قصص_بالدارجة_المغربية #قصص_واقعية #قصص_غريبة #قصص_حقیقية #9isas_wa9i3iya #souky_stories #soukystories","soukystories,souki stories,المغرب,manar stories,lassakri,العسكري,safaa,الخراز,zineb story,قصص حقيقية,Chaimae Belkhir,Nisrine - نسرين,سوكمان sockman,NADIAS,SAFAA,حكايات رضا,الجزائر,قضايا,meryem story,@kharrazabdelkader,rajaa stories,senpai,خراز,lasakri,laskari,laaskari,3askari,lasskari,لعساكري,العساكري,لعسكاري,العسكاري,لعسكري,kwili,lemo,Kharraz,ليمو,كويلي,alkharraz,laasri,l3askri,laasikri,lassakri fz,laskri fatima,علوم خفية,NADIA STORIES,قصص مظلمة | dark stories,تونس",24,Entertainment,,PT24M8S,1448,2d,hd,false,ar,ar,https://i.ytimg.com/vi/dGSiv33DyKk/maxresdefault.jpg,1,,,,,118302,6861,,0,514
184,UC9JNENLelbGff__RYGLP1jA,"Souky Stories",MlU5SK7A8Xk,2024-09-02T19:00:13Z,"2024-09-02 19:00:13","قصة الأب لي دار المستحيل باش ياخد الحق لبنتو ⚠️ (*للكبار فقط*)‼️","مرحبا بكم في القناة، الاسم ديالي سكينة و اليوم غادي نكتاشفو خبايا هاد القصة هاد القناة دارت ليك إلى كنتي من عشاق : - قصص حقيقية - قصص رعب - قصص جرائم - قصص غريبة - قصص بوليسية - قصص مؤثرة - قصص ملهمة - قصص واقعية كانحط قصة يوم الإثنين والخميس والسبت. ماتنساش تشتارك فالقناة وتفعل الجرس باش يوصلوك فيديوهات وقصص جداد. مرحبا بيك في عالم القصص المثيرة ❤️ تابعوني ايضا على مواقع التواصل الاجتماعي إذا كنت من محبي القصص القصيرة عبر: الانستغرام : soukystories الفايسبوك : soukystories التيكتوك : soukystories الى كنتي من محبي القصص المسموعة تقدر تلقاني ف: سبوتيفاي: soukystories أنغامي: soukystories غوغل بودكاست: soukystories #explore #قصص_بالدرجة #قصص_بالدارجة #قصص_بالدارجة_المغربية #قصص_واقعية #قصص_غريبة #قصص_حقیقية #9isas_wa9i3iya #souky_stories #soukystories","soukystories,souki stories,المغرب,manar stories,lassakri,العسكري,safaa,الخراز,zineb story,قصص حقيقية,Chaimae Belkhir,Nisrine - نسرين,سوكمان sockman,NADIAS,SAFAA,حكايات رضا,الجزائر,قضايا,meryem story,@kharrazabdelkader,rajaa stories,senpai,خراز,lasakri,laskari,laaskari,3askari,lasskari,لعساكري,العساكري,لعسكاري,العسكاري,لعسكري,kwili,lemo,Kharraz,ليمو,كويلي,alkharraz,laasri,l3askri,laasikri,lassakri fz,laskri fatima,علوم خفية,NADIA STORIES,قصص مظلمة | dark stories,تونس",24,Entertainment,Entertainment,PT21M20S,1280,2d,hd,false,ar,ar,https://i.ytimg.com/vi/MlU5SK7A8Xk/maxresdefault.jpg,1,,,,,115237,6734,,0,318
185,UC9JNENLelbGff__RYGLP1jA,"Souky Stories",HzatP51_0I8,2024-08-31T19:02:55Z,"2024-08-31 19:02:55","هروب ضحية كشف إحدى أبشع القضايا في تاريخ اليابان ⚠️ (*للكبار فقط*)‼️","مرحبا بكم في القناة، الاسم ديالي سكينة و اليوم غادي نكتاشفو خبايا هاد القصة هاد القناة دارت ليك إلى كنتي من عشاق : - قصص حقيقية - قصص رعب - قصص جرائم - قصص غريبة - قصص بوليسية - قصص مؤثرة - قصص ملهمة - قصص واقعية كانحط قصة يوم الإثنين والخميس والسبت. ماتنساش تشتارك فالقناة وتفعل الجرس باش يوصلوك فيديوهات وقصص جداد. مرحبا بيك في عالم القصص المثيرة ❤️ تابعوني ايضا على مواقع التواصل الاجتماعي إذا كنت من محبي القصص القصيرة عبر: الانستغرام : soukystories الفايسبوك : soukystories التيكتوك : soukystories الى كنتي من محبي القصص المسموعة تقدر تلقاني ف: سبوتيفاي: soukystories أنغامي: soukystories غوغل بودكاست: soukystories #explore #قصص_بالدرجة #قصص_بالدارجة #قصص_بالدارجة_المغربية #قصص_واقعية #قصص_غريبة #قصص_حقیقية #9isas_wa9i3iya #souky_stories #soukystories","soukystories,souki stories,المغرب,manar stories,lassakri,العسكري,safaa,الخراز,zineb story,قصص حقيقية,Chaimae Belkhir,Nisrine - نسرين,سوكمان sockman,NADIAS,SAFAA,حكايات رضا,الجزائر,قضايا,meryem story,@kharrazabdelkader,rajaa stories,senpai,خراز,lasakri,laskari,laaskari,3askari,lasskari,لعساكري,العساكري,لعسكاري,العسكاري,لعسكري,kwili,lemo,Kharraz,ليمو,كويلي,alkharraz,laasri,l3askri,laasikri,lassakri fz,laskri fatima,علوم خفية,NADIA STORIES,قصص مظلمة | dark stories,تونس",24,Entertainment,,PT25M23S,1523,2d,hd,false,ar,ar,https://i.ytimg.com/vi/HzatP51_0I8/maxresdefault.jpg,1,,,,,165242,7988,,0,311
186,UC9JNENLelbGff__RYGLP1jA,"Souky Stories",TbiFlfRSn4g,2024-08-29T19:00:17Z,"2024-08-29 19:00:17","فتاة لوحدها مع 32رجل في جزيرة مهجورة ⚠️ (*للكبار فقط*) ‼️","مرحبا بكم في القناة، الاسم ديالي سكينة و اليوم غادي نكتاشفو خبايا هاد القصة هاد القناة دارت ليك إلى كنتي من عشاق : - قصص حقيقية - قصص رعب - قصص جرائم - قصص غريبة - قصص بوليسية - قصص مؤثرة - قصص ملهمة - قصص واقعية كانحط قصة يوم الإثنين والخميس والسبت. ماتنساش تشتارك فالقناة وتفعل الجرس باش يوصلوك فيديوهات وقصص جداد. مرحبا بيك في عالم القصص المثيرة ❤️ تابعوني ايضا على مواقع التواصل الاجتماعي إذا كنت من محبي القصص القصيرة عبر: الانستغرام : soukystories الفايسبوك : soukystories التيكتوك : soukystories الى كنتي من محبي القصص المسموعة تقدر تلقاني ف: سبوتيفاي: soukystories أنغامي: soukystories غوغل بودكاست: soukystories #explore #قصص_بالدرجة #قصص_بالدارجة #قصص_بالدارجة_المغربية #قصص_واقعية #قصص_غريبة #قصص_حقیقية #9isas_wa9i3iya #souky_stories #soukystories","soukystories,souki stories,المغرب,manar stories,lassakri,العسكري,safaa,الخراز,zineb story,قصص حقيقية,Chaimae Belkhir,Nisrine - نسرين,سوكمان sockman,NADIAS,SAFAA,حكايات رضا,الجزائر,قضايا,meryem story,@kharrazabdelkader,rajaa stories,senpai,خراز,lasakri,laskari,laaskari,3askari,lasskari,لعساكري,العساكري,لعسكاري,العسكاري,لعسكري,kwili,lemo,Kharraz,ليمو,كويلي,alkharraz,laasri,l3askri,laasikri,lassakri fz,laskri fatima,علوم خفية,NADIA STORIES,قصص مظلمة | dark stories,تونس",24,Entertainment,,PT23M13S,1393,2d,hd,false,ar,ar,https://i.ytimg.com/vi/TbiFlfRSn4g/maxresdefault.jpg,1,,,,,483791,16175,,0,911
187,UC9JNENLelbGff__RYGLP1jA,"Souky Stories",dMQsOUTwS60,2024-08-26T19:30:03Z,"2024-08-26 19:30:03","القضية لي خدات من البوليس عشرين عام باش حلوها ⚠️ (*للكبار فقط*)‼️","مرحبا بكم في القناة، الاسم ديالي سكينة و اليوم غادي نكتاشفو خبايا هاد القصة هاد القناة دارت ليك إلى كنتي من عشاق : - قصص حقيقية - قصص رعب - قصص جرائم - قصص غريبة - قصص بوليسية - قصص مؤثرة - قصص ملهمة - قصص واقعية كانحط قصة يوم الإثنين والخميس والسبت. ماتنساش تشتارك فالقناة وتفعل الجرس باش يوصلوك فيديوهات وقصص جداد. مرحبا بيك في عالم القصص المثيرة ❤️ تابعوني ايضا على مواقع التواصل الاجتماعي إذا كنت من محبي القصص القصيرة عبر: الانستغرام : soukystories الفايسبوك : soukystories التيكتوك : soukystories الى كنتي من محبي القصص المسموعة تقدر تلقاني ف: سبوتيفاي: soukystories أنغامي: soukystories غوغل بودكاست: soukystories #explore #قصص_بالدرجة #قصص_بالدارجة #قصص_بالدارجة_المغربية #قصص_واقعية #قصص_غريبة #قصص_حقیقية #9isas_wa9i3iya #souky_stories #soukystories","soukystories,souki stories,المغرب,manar stories,lassakri,العسكري,safaa,الخراز,zineb story,قصص حقيقية,Chaimae Belkhir,Nisrine - نسرين,سوكمان sockman,NADIAS,SAFAA,حكايات رضا,الجزائر,قضايا,meryem story,@kharrazabdelkader,rajaa stories,senpai,خراز,lasakri,laskari,laaskari,3askari,lasskari,لعساكري,العساكري,لعسكاري,العسكاري,لعسكري,kwili,lemo,Kharraz,ليمو,كويلي,alkharraz,laasri,l3askri,laasikri,lassakri fz,laskri fatima,علوم خفية,NADIA STORIES,قصص مظلمة | dark stories,تونس",24,Entertainment,,PT26M16S,1576,2d,hd,false,ar,ar,https://i.ytimg.com/vi/dMQsOUTwS60/maxresdefault.jpg,1,,,,,145812,7487,,0,374
188,UC9JNENLelbGff__RYGLP1jA,"Souky Stories",G-5uRCz2x7A,2024-08-24T19:00:08Z,"2024-08-24 19:00:08","البوليس تصدمو فاش عرفو شنو وقع 😱 وحدة من أغرب القضايا فتاريخ أمريكا (*للكبار فقط*)‼️","مرحبا بكم في القناة، الاسم ديالي سكينة و اليوم غادي نكتاشفو خبايا هاد القصة هاد القناة دارت ليك إلى كنتي من عشاق : - قصص حقيقية - قصص رعب - قصص جرائم - قصص غريبة - قصص بوليسية - قصص مؤثرة - قصص ملهمة - قصص واقعية كانحط قصة يوم الإثنين والخميس والسبت. ماتنساش تشتارك فالقناة وتفعل الجرس باش يوصلوك فيديوهات وقصص جداد. مرحبا بيك في عالم القصص المثيرة ❤️ تابعوني ايضا على مواقع التواصل الاجتماعي إذا كنت من محبي القصص القصيرة عبر: الانستغرام : soukystories الفايسبوك : soukystories التيكتوك : soukystories الى كنتي من محبي القصص المسموعة تقدر تلقاني ف: سبوتيفاي: soukystories أنغامي: soukystories غوغل بودكاست: soukystories #explore #قصص_بالدرجة #قصص_بالدارجة #قصص_بالدارجة_المغربية #قصص_واقعية #قصص_غريبة #قصص_حقیقية #9isas_wa9i3iya #souky_stories #soukystories","soukystories,souki stories,المغرب,manar stories,lassakri,العسكري,safaa,الخراز,zineb story,قصص حقيقية,Chaimae Belkhir,Nisrine - نسرين,سوكمان sockman,NADIAS,SAFAA,حكايات رضا,الجزائر,قضايا,meryem story,@kharrazabdelkader,rajaa stories,senpai,خراز,lasakri,laskari,laaskari,3askari,lasskari,لعساكري,العساكري,لعسكاري,العسكاري,لعسكري,kwili,lemo,Kharraz,ليمو,كويلي,alkharraz,laasri,l3askri,laasikri,lassakri fz,laskri fatima,علوم خفية,NADIA STORIES,قصص مظلمة | dark stories,تونس",24,Entertainment,,PT26M18S,1578,2d,hd,false,ar,ar,https://i.ytimg.com/vi/G-5uRCz2x7A/maxresdefault.jpg,1,,,,,152006,7405,,0,279
189,UC9JNENLelbGff__RYGLP1jA,"Souky Stories",x_dlN0y5dr0,2024-08-22T19:00:35Z,"2024-08-22 19:00:35","شهر عسل تحول لفاجعة والسبب صادم ⚠️ (*للكبار فقط*)‼️","مرحبا بكم في القناة، الاسم ديالي سكينة و اليوم غادي نكتاشفو خبايا هاد القصة هاد القناة دارت ليك إلى كنتي من عشاق : - قصص حقيقية - قصص رعب - قصص جرائم - قصص غريبة - قصص بوليسية - قصص مؤثرة - قصص ملهمة - قصص واقعية كانحط قصة يوم الإثنين والخميس والسبت. ماتنساش تشتارك فالقناة وتفعل الجرس باش يوصلوك فيديوهات وقصص جداد. مرحبا بيك في عالم القصص المثيرة ❤️ تابعوني ايضا على مواقع التواصل الاجتماعي إذا كنت من محبي القصص القصيرة عبر: الانستغرام : soukystories الفايسبوك : soukystories التيكتوك : soukystories الى كنتي من محبي القصص المسموعة تقدر تلقاني ف: سبوتيفاي: soukystories أنغامي: soukystories غوغل بودكاست: soukystories #explore #قصص_بالدرجة #قصص_بالدارجة #قصص_بالدارجة_المغربية #قصص_واقعية #قصص_غريبة #قصص_حقیقية #9isas_wa9i3iya #souky_stories #soukystories","soukystories,souki stories,المغرب,manar stories,lassakri,العسكري,safaa,الخراز,zineb story,قصص حقيقية,Chaimae Belkhir,Nisrine - نسرين,سوكمان sockman,NADIAS,SAFAA,حكايات رضا,الجزائر,قضايا,meryem story,@kharrazabdelkader,rajaa stories,senpai,خراز,lasakri,laskari,laaskari,3askari,lasskari,لعساكري,العساكري,لعسكاري,العسكاري,لعسكري,kwili,lemo,Kharraz,ليمو,كويلي,alkharraz,laasri,l3askri,laasikri,lassakri fz,laskri fatima,علوم خفية,NADIA STORIES,قصص مظلمة | dark stories,تونس",24,Entertainment,,PT22M30S,1350,2d,hd,false,ar,ar,https://i.ytimg.com/vi/x_dlN0y5dr0/maxresdefault.jpg,1,,,,,125514,6793,,0,279
190,UC9JNENLelbGff__RYGLP1jA,"Souky Stories",hSzgrRSBubs,2024-08-18T19:00:31Z,"2024-08-18 19:00:31","كلشي تصدم فاش الحقيقة تكشفات ⚠️ (*للكبار فقط*) ‼️","مرحبا بكم في القناة، الاسم ديالي سكينة و اليوم غادي نكتاشفو خبايا هاد القصة هاد القناة دارت ليك إلى كنتي من عشاق : - قصص حقيقية - قصص رعب - قصص جرائم - قصص غريبة - قصص بوليسية - قصص مؤثرة - قصص ملهمة - قصص واقعية كانحط قصة يوم الإثنين والخميس والسبت. ماتنساش تشتارك فالقناة وتفعل الجرس باش يوصلوك فيديوهات وقصص جداد. مرحبا بيك في عالم القصص المثيرة ❤️ تابعوني ايضا على مواقع التواصل الاجتماعي إذا كنت من محبي القصص القصيرة عبر: الانستغرام : soukystories الفايسبوك : soukystories التيكتوك : soukystories الى كنتي من محبي القصص المسموعة تقدر تلقاني ف: سبوتيفاي: soukystories أنغامي: soukystories غوغل بودكاست: soukystories #explore #قصص_بالدرجة #قصص_بالدارجة #قصص_بالدارجة_المغربية #قصص_واقعية #قصص_غريبة #قصص_حقیقية #9isas_wa9i3iya #souky_stories #soukystories","soukystories,souki stories,المغرب,manar stories,lassakri,العسكري,safaa,الخراز,zineb story,قصص حقيقية,Chaimae Belkhir,Nisrine - نسرين,سوكمان sockman,NADIAS,SAFAA,حكايات رضا,الجزائر,قضايا,meryem story,@kharrazabdelkader,rajaa stories,senpai,خراز,lasakri,laskari,laaskari,3askari,lasskari,لعساكري,العساكري,لعسكاري,العسكاري,لعسكري,kwili,lemo,Kharraz,ليمو,كويلي,alkharraz,laasri,l3askri,laasikri,lassakri fz,laskri fatima,علوم خفية,NADIA STORIES,قصص مظلمة | dark stories,تونس",24,Entertainment,,PT25M25S,1525,2d,hd,false,ar,ar,https://i.ytimg.com/vi/hSzgrRSBubs/maxresdefault.jpg,1,,,,,170839,7555,,0,298
191,UC9JNENLelbGff__RYGLP1jA,"Souky Stories",bUDImMN7Oa4,2024-08-15T19:44:29Z,"2024-08-15 19:44:29","كانو عايشين بيخير حتى اتكشف سر خطير مخبياه الأم ‼️⚠️","مرحبا بكم في القناة، الاسم ديالي سكينة و اليوم غادي نكتاشفو خبايا هاد القصة هاد القناة دارت ليك إلى كنتي من عشاق : - قصص حقيقية - قصص رعب - قصص جرائم - قصص غريبة - قصص بوليسية - قصص مؤثرة - قصص ملهمة - قصص واقعية كانحط قصة يوم الإثنين والخميس والسبت. ماتنساش تشتارك فالقناة وتفعل الجرس باش يوصلوك فيديوهات وقصص جداد. مرحبا بيك في عالم القصص المثيرة ❤️ تابعوني ايضا على مواقع التواصل الاجتماعي إذا كنت من محبي القصص القصيرة عبر: الانستغرام : soukystories الفايسبوك : soukystories التيكتوك : soukystories الى كنتي من محبي القصص المسموعة تقدر تلقاني ف: سبوتيفاي: soukystories أنغامي: soukystories غوغل بودكاست: soukystories #explore #قصص_بالدرجة #قصص_بالدارجة #قصص_بالدارجة_المغربية #قصص_واقعية #قصص_غريبة #قصص_حقیقية #9isas_wa9i3iya #souky_stories #soukystories","soukystories,souki stories,المغرب,manar stories,lassakri,العسكري,safaa,الخراز,zineb story,قصص حقيقية,Chaimae Belkhir,Nisrine - نسرين,سوكمان sockman,NADIAS,SAFAA,حكايات رضا,الجزائر,قضايا,meryem story,@kharrazabdelkader,rajaa stories,senpai,خراز,lasakri,laskari,laaskari,3askari,lasskari,لعساكري,العساكري,لعسكاري,العسكاري,لعسكري,kwili,lemo,Kharraz,ليمو,كويلي,alkharraz,laasri,l3askri,laasikri,lassakri fz,laskri fatima,علوم خفية,NADIA STORIES,قصص مظلمة | dark stories,تونس",24,Entertainment,,PT27M30S,1650,2d,hd,false,ar,ar,https://i.ytimg.com/vi/bUDImMN7Oa4/maxresdefault.jpg,1,,,,,155999,7397,,0,235
192,UC9JNENLelbGff__RYGLP1jA,"Souky Stories",rEXysburmt8,2024-08-12T19:00:35Z,"2024-08-12 19:00:35","الوحش الذي أرعب فرنسا في القرن التاسع عشر ⚠️ (*للكبار فقط*)‼️","مرحبا بكم في القناة، الاسم ديالي سكينة و اليوم غادي نكتاشفو خبايا هاد القصة هاد القناة دارت ليك إلى كنتي من عشاق : - قصص حقيقية - قصص رعب - قصص جرائم - قصص غريبة - قصص بوليسية - قصص مؤثرة - قصص ملهمة - قصص واقعية كانحط قصة يوم الإثنين والخميس والسبت. ماتنساش تشتارك فالقناة وتفعل الجرس باش يوصلوك فيديوهات وقصص جداد. مرحبا بيك في عالم القصص المثيرة ❤️ تابعوني ايضا على مواقع التواصل الاجتماعي إذا كنت من محبي القصص القصيرة عبر: الانستغرام : soukystories الفايسبوك : soukystories التيكتوك : soukystories الى كنتي من محبي القصص المسموعة تقدر تلقاني ف: سبوتيفاي: soukystories أنغامي: soukystories غوغل بودكاست: soukystories #explore #قصص_بالدرجة #قصص_بالدارجة #قصص_بالدارجة_المغربية #قصص_واقعية #قصص_غريبة #قصص_حقیقية #9isas_wa9i3iya #souky_stories #soukystories قناة سارة ماركوتينغ - sara marketing https://youtube.com/@sara_marketing?si=HmXjE8tvvBPXquSy","soukystories,souki stories,المغرب,manar stories,lassakri,العسكري,safaa,الخراز,zineb story,قصص حقيقية,Chaimae Belkhir,Nisrine - نسرين,سوكمان sockman,NADIAS,SAFAA,حكايات رضا,الجزائر,قضايا,meryem story,@kharrazabdelkader,rajaa stories,senpai,خراز,lasakri,laskari,laaskari,3askari,lasskari,لعساكري,العساكري,لعسكاري,العسكاري,لعسكري,kwili,lemo,Kharraz,ليمو,كويلي,alkharraz,laasri,l3askri,laasikri,lassakri fz,laskri fatima,علوم خفية,NADIA STORIES,قصص مظلمة | dark stories,تونس",24,Entertainment,Entertainment,PT45M21S,2721,2d,hd,false,ar,ar,https://i.ytimg.com/vi/rEXysburmt8/maxresdefault.jpg,1,,,,,304644,10154,,0,443
193,UC9JNENLelbGff__RYGLP1jA,"Souky Stories",XcvPAsbOi-A,2024-08-08T20:00:11Z,"2024-08-08 20:00:11","سرقوا الملايين ولكن حولت حياتهم لجحيم 🔥 أضخم سرقة في الصين","مرحبا بكم في القناة، الاسم ديالي سكينة و اليوم غادي نكتاشفو خبايا هاد القصة هاد القناة دارت ليك إلى كنتي من عشاق : - قصص حقيقية - قصص رعب - قصص جرائم - قصص غريبة - قصص بوليسية - قصص مؤثرة - قصص ملهمة - قصص واقعية كانحط قصة يوم الإثنين والخميس والسبت. ماتنساش تشتارك فالقناة وتفعل الجرس باش يوصلوك فيديوهات وقصص جداد. مرحبا بيك في عالم القصص المثيرة ❤️ تابعوني ايضا على مواقع التواصل الاجتماعي إذا كنت من محبي القصص القصيرة عبر: الانستغرام : soukystories الفايسبوك : soukystories التيكتوك : soukystories الى كنتي من محبي القصص المسموعة تقدر تلقاني ف: سبوتيفاي: soukystories أنغامي: soukystories غوغل بودكاست: soukystories #explore #قصص_بالدرجة #قصص_بالدارجة #قصص_بالدارجة_المغربية #قصص_واقعية #قصص_غريبة #قصص_حقیقية #9isas_wa9i3iya #souky_stories #soukystories قناة سارة ماركوتينغ - sara marketing https://youtube.com/@sara_marketing?si=HmXjE8tvvBPXquSy","soukystories,souki stories,المغرب,manar stories,lassakri,العسكري,safaa,الخراز,zineb story,قصص حقيقية,Chaimae Belkhir,Nisrine - نسرين,سوكمان sockman,NADIAS,SAFAA,حكايات رضا,الجزائر,قضايا,meryem story,@kharrazabdelkader,rajaa stories,senpai,خراز,lasakri,laskari,laaskari,3askari,lasskari,لعساكري,العساكري,لعسكاري,العسكاري,لعسكري,kwili,lemo,Kharraz,ليمو,كويلي,alkharraz,laasri,l3askri,laasikri,lassakri fz,laskri fatima,علوم خفية,NADIA STORIES,قصص مظلمة | dark stories,تونس",24,Entertainment,,PT27M20S,1640,2d,hd,false,ar,ar,https://i.ytimg.com/vi/XcvPAsbOi-A/maxresdefault.jpg,1,,,,,118848,6049,,0,314
194,UC9JNENLelbGff__RYGLP1jA,"Souky Stories",myC_Z6doac4,2024-08-05T19:00:33Z,"2024-08-05 19:00:33","كانو عايشين مزيان حتى اكتاشفو سر خطير مخبيه الأب ‼️⚠️","مرحبا بكم في القناة، الاسم ديالي سكينة و اليوم غادي نكتاشفو خبايا هاد القصة هاد القناة دارت ليك إلى كنتي من عشاق : - قصص حقيقية - قصص رعب - قصص جرائم - قصص غريبة - قصص بوليسية - قصص مؤثرة - قصص ملهمة - قصص واقعية كانحط قصة يوم الإثنين والخميس والسبت. ماتنساش تشتارك فالقناة وتفعل الجرس باش يوصلوك فيديوهات وقصص جداد. مرحبا بيك في عالم القصص المثيرة ❤️ تابعوني ايضا على مواقع التواصل الاجتماعي إذا كنت من محبي القصص القصيرة عبر: الانستغرام : soukystories الفايسبوك : soukystories التيكتوك : soukystories الى كنتي من محبي القصص المسموعة تقدر تلقاني ف: سبوتيفاي: soukystories أنغامي: soukystories غوغل بودكاست: soukystories #explore #قصص_بالدرجة #قصص_بالدارجة #قصص_بالدارجة_المغربية #قصص_واقعية #قصص_غريبة #قصص_حقیقية #9isas_wa9i3iya #souky_stories #soukystories","soukystories,souki stories,المغرب,manar stories,lassakri,العسكري,safaa,الخراز,zineb story,قصص حقيقية,Chaimae Belkhir,Nisrine - نسرين,سوكمان sockman,NADIAS,SAFAA,حكايات رضا,الجزائر,قضايا,meryem story,@kharrazabdelkader,rajaa stories,senpai,خراز,lasakri,laskari,laaskari,3askari,lasskari,لعساكري,العساكري,لعسكاري,العسكاري,لعسكري,kwili,lemo,Kharraz,ليمو,كويلي,alkharraz,laasri,l3askri,laasikri,lassakri fz,laskri fatima,علوم خفية,NADIA STORIES,قصص مظلمة | dark stories,تونس",24,Entertainment,,PT20M14S,1214,2d,hd,false,ar,ar,https://i.ytimg.com/vi/myC_Z6doac4/maxresdefault.jpg,1,,,,,135643,6512,,0,249
195,UC9JNENLelbGff__RYGLP1jA,"Souky Stories",-WFgrDlGHgQ,2024-08-03T19:25:14Z,"2024-08-03 19:25:14","الرجل الذي هرب من السجن أربع مرات بطرق عبقرية 🔥","مرحبا بكم في القناة، الاسم ديالي سكينة و اليوم غادي نكتاشفو خبايا هاد القصة هاد القناة دارت ليك إلى كنتي من عشاق : - قصص حقيقية - قصص رعب - قصص جرائم - قصص غريبة - قصص بوليسية - قصص مؤثرة - قصص ملهمة - قصص واقعية كانحط قصة يوم الإثنين والخميس والسبت. ماتنساش تشتارك فالقناة وتفعل الجرس باش يوصلوك فيديوهات وقصص جداد. مرحبا بيك في عالم القصص المثيرة ❤️ تابعوني ايضا على مواقع التواصل الاجتماعي إذا كنت من محبي القصص القصيرة عبر: الانستغرام : soukystories الفايسبوك : soukystories التيكتوك : soukystories الى كنتي من محبي القصص المسموعة تقدر تلقاني ف: سبوتيفاي: soukystories أنغامي: soukystories غوغل بودكاست: soukystories #explore #قصص_بالدرجة #قصص_بالدارجة #قصص_بالدارجة_المغربية #قصص_واقعية #قصص_غريبة #قصص_حقیقية #9isas_wa9i3iya #souky_stories #soukystories","soukystories,souki stories,المغرب,manar stories,lassakri,العسكري,safaa,الخراز,zineb story,قصص حقيقية,Chaimae Belkhir,Nisrine - نسرين,سوكمان sockman,NADIAS,SAFAA,حكايات رضا,الجزائر,قضايا,meryem story,@kharrazabdelkader,rajaa stories,senpai,خراز,lasakri,laskari,laaskari,3askari,lasskari,لعساكري,العساكري,لعسكاري,العسكاري,لعسكري,kwili,lemo,Kharraz,ليمو,كويلي,alkharraz,laasri,l3askri,laasikri,lassakri fz,laskri fatima,علوم خفية,NADIA STORIES,قصص مظلمة | dark stories,تونس",24,Entertainment,,PT31M36S,1896,2d,hd,false,ar,ar,https://i.ytimg.com/vi/-WFgrDlGHgQ/maxresdefault.jpg,1,,,,,144420,6237,,0,314
196,UC9JNENLelbGff__RYGLP1jA,"Souky Stories",93UmMAOmWtg,2024-08-01T19:15:00Z,"2024-08-01 19:15:00","اختفاء مرعب لفتاة من منزلها والنهاية غير متوقعة⚠️ (*للكبار فقط*)‼️","مرحبا بكم في القناة، الاسم ديالي سكينة و اليوم غادي نكتاشفو خبايا هاد القصة هاد القناة دارت ليك إلى كنتي من عشاق : - قصص حقيقية - قصص رعب - قصص جرائم - قصص غريبة - قصص بوليسية - قصص مؤثرة - قصص ملهمة - قصص واقعية كانحط قصة يوم الإثنين والخميس والسبت. ماتنساش تشتارك فالقناة وتفعل الجرس باش يوصلوك فيديوهات وقصص جداد. مرحبا بيك في عالم القصص المثيرة ❤️ تابعوني ايضا على مواقع التواصل الاجتماعي إذا كنت من محبي القصص القصيرة عبر: الانستغرام : soukystories الفايسبوك : soukystories التيكتوك : soukystories الى كنتي من محبي القصص المسموعة تقدر تلقاني ف: سبوتيفاي: soukystories أنغامي: soukystories غوغل بودكاست: soukystories #explore #قصص_بالدرجة #قصص_بالدارجة #قصص_بالدارجة_المغربية #قصص_واقعية #قصص_غريبة #قصص_حقیقية #9isas_wa9i3iya #souky_stories #soukystories","soukystories,souki stories,المغرب,manar stories,lassakri,العسكري,safaa,الخراز,zineb story,قصص حقيقية,Chaimae Belkhir,Nisrine - نسرين,سوكمان sockman,NADIAS,SAFAA,حكايات رضا,الجزائر,قضايا,meryem story,@kharrazabdelkader,rajaa stories,senpai,خراز,lasakri,laskari,laaskari,3askari,lasskari,لعساكري,العساكري,لعسكاري,العسكاري,لعسكري,kwili,lemo,Kharraz,ليمو,كويلي,alkharraz,laasri,l3askri,laasikri,lassakri fz,laskri fatima,علوم خفية,NADIA STORIES,قصص مظلمة | dark stories,تونس",24,Entertainment,,PT23M30S,1410,2d,hd,false,ar,ar,https://i.ytimg.com/vi/93UmMAOmWtg/maxresdefault.jpg,1,,,,,143365,7358,,0,297
197,UC9JNENLelbGff__RYGLP1jA,"Souky Stories",B30BDaR1gpc,2024-07-29T19:15:00Z,"2024-07-29 19:15:00","كانت عايشة مزيان ولكن فجأة كلشي ضاع ⚠️ (*للكبار فقط*)‼️","مرحبا بكم في القناة، الاسم ديالي سكينة و اليوم غادي نكتاشفو خبايا هاد القصة هاد القناة دارت ليك إلى كنتي من عشاق : - قصص حقيقية - قصص رعب - قصص جرائم - قصص غريبة - قصص بوليسية - قصص مؤثرة - قصص ملهمة - قصص واقعية كانحط قصة يوم الإثنين والخميس والسبت. ماتنساش تشتارك فالقناة وتفعل الجرس باش يوصلوك فيديوهات وقصص جداد. مرحبا بيك في عالم القصص المثيرة ❤️ تابعوني ايضا على مواقع التواصل الاجتماعي إذا كنت من محبي القصص القصيرة عبر: الانستغرام : soukystories الفايسبوك : soukystories التيكتوك : soukystories الى كنتي من محبي القصص المسموعة تقدر تلقاني ف: سبوتيفاي: soukystories أنغامي: soukystories غوغل بودكاست: soukystories #explore #قصص_بالدرجة #قصص_بالدارجة #قصص_بالدارجة_المغربية #قصص_واقعية #قصص_غريبة #قصص_حقیقية #9isas_wa9i3iya #souky_stories #soukystories","soukystories,souki stories,المغرب,manar stories,lassakri,العسكري,safaa,الخراز,zineb story,قصص حقيقية,Chaimae Belkhir,Nisrine - نسرين,سوكمان sockman,NADIAS,SAFAA,حكايات رضا,الجزائر,قضايا,meryem story,@kharrazabdelkader,rajaa stories,senpai,خراز,lasakri,laskari,laaskari,3askari,lasskari,لعساكري,العساكري,لعسكاري,العسكاري,لعسكري,kwili,lemo,Kharraz,ليمو,كويلي,alkharraz,laasri,l3askri,laasikri,lassakri fz,laskri fatima,علوم خفية,NADIA STORIES,قصص مظلمة | dark stories,تونس",24,Entertainment,,PT24M1S,1441,2d,hd,false,ar,ar,https://i.ytimg.com/vi/B30BDaR1gpc/maxresdefault.jpg,1,,,,,189573,8393,,0,301
198,UC9JNENLelbGff__RYGLP1jA,"Souky Stories",wPrJS8A7uLI,2024-07-27T19:32:53Z,"2024-07-27 19:32:53","تسجيلات صادمة صورتها الكاميرا فضحت شيطان حقيقي 😨","مرحبا بكم في القناة، الاسم ديالي سكينة و اليوم غادي نكتاشفو خبايا هاد القصة هاد القناة دارت ليك إلى كنتي من عشاق : - قصص حقيقية - قصص رعب - قصص جرائم - قصص غريبة - قصص بوليسية - قصص مؤثرة - قصص ملهمة - قصص واقعية كانحط قصة يوم الإثنين والخميس والسبت. ماتنساش تشتارك فالقناة وتفعل الجرس باش يوصلوك فيديوهات وقصص جداد. مرحبا بيك في عالم القصص المثيرة ❤️ تابعوني ايضا على مواقع التواصل الاجتماعي إذا كنت من محبي القصص القصيرة عبر: الانستغرام : soukystories الفايسبوك : soukystories التيكتوك : soukystories الى كنتي من محبي القصص المسموعة تقدر تلقاني ف: سبوتيفاي: soukystories أنغامي: soukystories غوغل بودكاست: soukystories #explore #قصص_بالدرجة #قصص_بالدارجة #قصص_بالدارجة_المغربية #قصص_واقعية #قصص_غريبة #قصص_حقیقية #9isas_wa9i3iya #souky_stories #soukystories","soukystories,souki stories,المغرب,manar stories,lassakri,العسكري,safaa,الخراز,zineb story,قصص حقيقية,Chaimae Belkhir,Nisrine - نسرين,سوكمان sockman,NADIAS,SAFAA,حكايات رضا,الجزائر,قضايا,meryem story,@kharrazabdelkader,rajaa stories,senpai,خراز,lasakri,laskari,laaskari,3askari,lasskari,لعساكري,العساكري,لعسكاري,العسكاري,لعسكري,kwili,lemo,Kharraz,ليمو,كويلي,alkharraz,laasri,l3askri,laasikri,lassakri fz,laskri fatima,علوم خفية,NADIA STORIES,قصص مظلمة | dark stories,تونس",24,Entertainment,,PT18M14S,1094,2d,hd,false,ar,ar,https://i.ytimg.com/vi/wPrJS8A7uLI/maxresdefault.jpg,1,,,,,137187,7429,,0,309
199,UC9JNENLelbGff__RYGLP1jA,"Souky Stories",WtQJekJYWNE,2024-07-23T19:00:27Z,"2024-07-23 19:00:27","أم كتاشفات أن ولدها وحش وبلغات بيه البوليس ⚠️ (*للكبار فقط*)‼️","مرحبا بكم في القناة، الاسم ديالي سكينة و اليوم غادي نكتاشفو خبايا هاد القصة هاد القناة دارت ليك إلى كنتي من عشاق : - قصص حقيقية - قصص رعب - قصص جرائم - قصص غريبة - قصص بوليسية - قصص مؤثرة - قصص ملهمة - قصص واقعية كانحط قصة يوم الإثنين والخميس والسبت. ماتنساش تشتارك فالقناة وتفعل الجرس باش يوصلوك فيديوهات وقصص جداد. مرحبا بيك في عالم القصص المثيرة ❤️ تابعوني ايضا على مواقع التواصل الاجتماعي إذا كنت من محبي القصص القصيرة عبر: الانستغرام : soukystories الفايسبوك : soukystories التيكتوك : soukystories الى كنتي من محبي القصص المسموعة تقدر تلقاني ف: سبوتيفاي: soukystories أنغامي: soukystories غوغل بودكاست: soukystories #explore #قصص_بالدرجة #قصص_بالدارجة #قصص_بالدارجة_المغربية #قصص_واقعية #قصص_غريبة #قصص_حقیقية #9isas_wa9i3iya #souky_stories #soukystories","soukystories,souki stories,المغرب,manar stories,lassakri,العسكري,safaa,الخراز,zineb story,قصص حقيقية,Chaimae Belkhir,Nisrine - نسرين,سوكمان sockman,NADIAS,SAFAA,حكايات رضا,الجزائر,قضايا,meryem story,@kharrazabdelkader,rajaa stories,senpai,خراز,lasakri,laskari,laaskari,3askari,lasskari,لعساكري,العساكري,لعسكاري,العسكاري,لعسكري,kwili,lemo,Kharraz,ليمو,كويلي,alkharraz,laasri,l3askri,laasikri,lassakri fz,laskri fatima,علوم خفية,NADIA STORIES,قصص مظلمة | dark stories,تونس",24,Entertainment,,PT39M11S,2351,2d,hd,false,ar,ar,https://i.ytimg.com/vi/WtQJekJYWNE/maxresdefault.jpg,1,,,,,268690,10321,,0,337
200,UC9JNENLelbGff__RYGLP1jA,"Souky Stories",AqG1ENjQNGY,2024-07-20T19:00:04Z,"2024-07-20 19:00:04","واحد من الناس لي فهاد الصورة شيطان ⚠️","مرحبا بكم في القناة، الاسم ديالي سكينة و اليوم غادي نكتاشفو خبايا هاد القصة هاد القناة دارت ليك إلى كنتي من عشاق : - قصص حقيقية - قصص رعب - قصص جرائم - قصص غريبة - قصص بوليسية - قصص مؤثرة - قصص ملهمة - قصص واقعية كانحط قصة يوم الإثنين والخميس والسبت. ماتنساش تشتارك فالقناة وتفعل الجرس باش يوصلوك فيديوهات وقصص جداد. مرحبا بيك في عالم القصص المثيرة ❤️ تابعوني ايضا على مواقع التواصل الاجتماعي إذا كنت من محبي القصص القصيرة عبر: الانستغرام : soukystories الفايسبوك : soukystories التيكتوك : soukystories الى كنتي من محبي القصص المسموعة تقدر تلقاني ف: سبوتيفاي: soukystories أنغامي: soukystories غوغل بودكاست: soukystories #explore #قصص_بالدرجة #قصص_بالدارجة #قصص_بالدارجة_المغربية #قصص_واقعية #قصص_غريبة #قصص_حقیقية #9isas_wa9i3iya #souky_stories #soukystories","soukystories,souki stories,المغرب,manar stories,lassakri,العسكري,safaa,الخراز,zineb story,قصص حقيقية,Chaimae Belkhir,Nisrine - نسرين,سوكمان sockman,NADIAS,SAFAA,حكايات رضا,الجزائر,قضايا,meryem story,@kharrazabdelkader,rajaa stories,senpai,خراز,lasakri,laskari,laaskari,3askari,lasskari,لعساكري,العساكري,لعسكاري,العسكاري,لعسكري,kwili,lemo,Kharraz,ليمو,كويلي,alkharraz,laasri,l3askri,laasikri,lassakri fz,laskri fatima,علوم خفية,NADIA STORIES,قصص مظلمة | dark stories,تونس",24,Entertainment,,PT23M47S,1427,2d,hd,false,ar,ar,https://i.ytimg.com/vi/AqG1ENjQNGY/maxresdefault.jpg,1,,,,,235385,10057,,0,420
201,UC9JNENLelbGff__RYGLP1jA,"Souky Stories",P8tgOcOKhHU,2024-07-18T19:00:09Z,"2024-07-18 19:00:09","خطأ بسيط كان السبب في حل لغز قضية بشعة ⚠️ (*للكبار فقط*)‼️","مرحبا بكم في القناة، الاسم ديالي سكينة و اليوم غادي نكتاشفو خبايا هاد القصة هاد القناة دارت ليك إلى كنتي من عشاق : - قصص حقيقية - قصص رعب - قصص جرائم - قصص غريبة - قصص بوليسية - قصص مؤثرة - قصص ملهمة - قصص واقعية كانحط قصة يوم الإثنين والخميس والسبت. ماتنساش تشتارك فالقناة وتفعل الجرس باش يوصلوك فيديوهات وقصص جداد. مرحبا بيك في عالم القصص المثيرة ❤️ تابعوني ايضا على مواقع التواصل الاجتماعي إذا كنت من محبي القصص القصيرة عبر: الانستغرام : soukystories الفايسبوك : soukystories التيكتوك : soukystories الى كنتي من محبي القصص المسموعة تقدر تلقاني ف: سبوتيفاي: soukystories أنغامي: soukystories غوغل بودكاست: soukystories #explore #قصص_بالدرجة #قصص_بالدارجة #قصص_بالدارجة_المغربية #قصص_واقعية #قصص_غريبة #قصص_حقیقية #9isas_wa9i3iya #souky_stories #soukystories","soukystories,souki stories,المغرب,manar stories,lassakri,العسكري,safaa,الخراز,zineb story,قصص حقيقية,Chaimae Belkhir,Nisrine - نسرين,سوكمان sockman,NADIAS,SAFAA,حكايات رضا,الجزائر,قضايا,meryem story,@kharrazabdelkader,rajaa stories,senpai,خراز,lasakri,laskari,laaskari,3askari,lasskari,لعساكري,العساكري,لعسكاري,العسكاري,لعسكري,kwili,lemo,Kharraz,ليمو,كويلي,alkharraz,laasri,l3askri,laasikri,lassakri fz,laskri fatima,علوم خفية,NADIA STORIES,قصص مظلمة | dark stories,تونس",24,Entertainment,,PT32M35S,1955,2d,hd,false,ar,ar,https://i.ytimg.com/vi/P8tgOcOKhHU/maxresdefault.jpg,1,,,,,213319,9050,,0,364
202,UC9JNENLelbGff__RYGLP1jA,"Souky Stories",tISxSlPFCds,2024-07-11T20:30:07Z,"2024-07-11 20:30:07","دخلو لدارهم وحش بلا مايعرفو ⚠️ (*للكبار فقط*)‼️","مرحبا بكم في القناة، الاسم ديالي سكينة و اليوم غادي نكتاشفو خبايا هاد القصة هاد القناة دارت ليك إلى كنتي من عشاق : - قصص حقيقية - قصص رعب - قصص جرائم - قصص غريبة - قصص بوليسية - قصص مؤثرة - قصص ملهمة - قصص واقعية كانحط قصة يوم الإثنين والخميس والسبت. ماتنساش تشتارك فالقناة وتفعل الجرس باش يوصلوك فيديوهات وقصص جداد. مرحبا بيك في عالم القصص المثيرة ❤️ تابعوني ايضا على مواقع التواصل الاجتماعي إذا كنت من محبي القصص القصيرة عبر: الانستغرام : soukystories الفايسبوك : soukystories التيكتوك : soukystories الى كنتي من محبي القصص المسموعة تقدر تلقاني ف: سبوتيفاي: soukystories أنغامي: soukystories غوغل بودكاست: soukystories #explore #قصص_بالدرجة #قصص_بالدارجة #قصص_بالدارجة_المغربية #قصص_واقعية #قصص_غريبة #قصص_حقیقية #9isas_wa9i3iya #souky_stories #soukystories","soukystories,souki stories,المغرب,manar stories,lassakri,العسكري,safaa,الخراز,zineb story,قصص حقيقية,Chaimae Belkhir,Nisrine - نسرين,سوكمان sockman,NADIAS,SAFAA,حكايات رضا,الجزائر,قضايا,meryem story,@kharrazabdelkader,rajaa stories,senpai,خراز,lasakri,laskari,laaskari,3askari,lasskari,لعساكري,العساكري,لعسكاري,العسكاري,لعسكري,kwili,lemo,Kharraz,ليمو,كويلي,alkharraz,laasri,l3askri,laasikri,lassakri fz,laskri fatima,علوم خفية,NADIA STORIES,قصص مظلمة | dark stories,تونس",24,Entertainment,,PT27M12S,1632,2d,hd,false,ar,ar,https://i.ytimg.com/vi/tISxSlPFCds/maxresdefault.jpg,1,,,,,156356,7036,,0,288
203,UC9JNENLelbGff__RYGLP1jA,"Souky Stories",bq_aA_1BHcE,2024-07-08T19:00:17Z,"2024-07-08 19:00:17","كوبل مشاو الغابة يفوجو حتى لقاو راسهم فمصيبة كبيرة ⚠️ (*للكبار فقط*)‼️","مرحبا بكم في القناة، الاسم ديالي سكينة و اليوم غادي نكتاشفو خبايا هاد القصة هاد القناة دارت ليك إلى كنتي من عشاق : - قصص حقيقية - قصص رعب - قصص جرائم - قصص غريبة - قصص بوليسية - قصص مؤثرة - قصص ملهمة - قصص واقعية كانحط قصة يوم الإثنين والخميس والسبت. ماتنساش تشتارك فالقناة وتفعل الجرس باش يوصلوك فيديوهات وقصص جداد. مرحبا بيك في عالم القصص المثيرة ❤️ تابعوني ايضا على مواقع التواصل الاجتماعي إذا كنت من محبي القصص القصيرة عبر: الانستغرام : soukystories الفايسبوك : soukystories التيكتوك : soukystories الى كنتي من محبي القصص المسموعة تقدر تلقاني ف: سبوتيفاي: soukystories أنغامي: soukystories غوغل بودكاست: soukystories #explore #قصص_بالدرجة #قصص_بالدارجة #قصص_بالدارجة_المغربية #قصص_واقعية #قصص_غريبة #قصص_حقیقية #9isas_wa9i3iya #souky_stories #soukystories","soukystories,souki stories,المغرب,manar stories,lassakri,العسكري,safaa,الخراز,zineb story,قصص حقيقية,Chaimae Belkhir,Nisrine - نسرين,سوكمان sockman,NADIAS,SAFAA,حكايات رضا,الجزائر,قضايا,meryem story,@kharrazabdelkader,rajaa stories,senpai,خراز,lasakri,laskari,laaskari,3askari,lasskari,لعساكري,العساكري,لعسكاري,العسكاري,لعسكري,kwili,lemo,Kharraz,ليمو,كويلي,alkharraz,laasri,l3askri,laasikri,lassakri fz,laskri fatima,علوم خفية,NADIA STORIES,قصص مظلمة | dark stories,تونس",24,Entertainment,,PT28M13S,1693,2d,hd,false,ar,ar,https://i.ytimg.com/vi/bq_aA_1BHcE/maxresdefault.jpg,1,,,,,107199,6339,,0,355
204,UC9JNENLelbGff__RYGLP1jA,"Souky Stories",h9Ofkcry1Uk,2024-07-04T19:00:30Z,"2024-07-04 19:00:30","جوج ديال الناس دخلو لدارهم وماعاودوش خرجو ⚠️ (*للكبار فقط*)‼️","مرحبا بكم في القناة، الاسم ديالي سكينة و اليوم غادي نكتاشفو خبايا هاد القصة هاد القناة دارت ليك إلى كنتي من عشاق : - قصص حقيقية - قصص رعب - قصص جرائم - قصص غريبة - قصص بوليسية - قصص مؤثرة - قصص ملهمة - قصص واقعية كانحط قصة يوم الإثنين والخميس والسبت. ماتنساش تشتارك فالقناة وتفعل الجرس باش يوصلوك فيديوهات وقصص جداد. مرحبا بيك في عالم القصص المثيرة ❤️ تابعوني ايضا على مواقع التواصل الاجتماعي إذا كنت من محبي القصص القصيرة عبر: الانستغرام : soukystories الفايسبوك : soukystories التيكتوك : soukystories الى كنتي من محبي القصص المسموعة تقدر تلقاني ف: سبوتيفاي: soukystories أنغامي: soukystories غوغل بودكاست: soukystories #explore #قصص_بالدرجة #قصص_بالدارجة #قصص_بالدارجة_المغربية #قصص_واقعية #قصص_غريبة #قصص_حقیقية #9isas_wa9i3iya #souky_stories #soukystories","soukystories,souki stories,المغرب,manar stories,lassakri,العسكري,safaa,الخراز,zineb story,قصص حقيقية,Chaimae Belkhir,Nisrine - نسرين,سوكمان sockman,NADIAS,SAFAA,حكايات رضا,الجزائر,قضايا,meryem story,@kharrazabdelkader,rajaa stories,senpai,خراز,lasakri,laskari,laaskari,3askari,lasskari,لعساكري,العساكري,لعسكاري,العسكاري,لعسكري,kwili,lemo,Kharraz,ليمو,كويلي,alkharraz,laasri,l3askri,laasikri,lassakri fz,laskri fatima,علوم خفية,NADIA STORIES,قصص مظلمة | dark stories,تونس",24,Entertainment,,PT25M37S,1537,2d,hd,false,ar,ar,https://i.ytimg.com/vi/h9Ofkcry1Uk/maxresdefault.jpg,1,,,,,163367,10732,,0,386
205,UC9JNENLelbGff__RYGLP1jA,"Souky Stories",or-mhHdWGuU,2024-07-01T19:00:20Z,"2024-07-01 19:00:20","الوحيد لي حتى شي واحد ماشك فيه صدق هو مول الفعلة ⚠️ (*للكبار فقط*)‼️","مرحبا بكم في القناة، الاسم ديالي سكينة و اليوم غادي نكتاشفو خبايا هاد القصة هاد القناة دارت ليك إلى كنتي من عشاق : - قصص حقيقية - قصص رعب - قصص جرائم - قصص غريبة - قصص بوليسية - قصص مؤثرة - قصص ملهمة - قصص واقعية كانحط قصة يوم الإثنين والخميس والسبت. ماتنساش تشتارك فالقناة وتفعل الجرس باش يوصلوك فيديوهات وقصص جداد. مرحبا بيك في عالم القصص المثيرة ❤️ تابعوني ايضا على مواقع التواصل الاجتماعي إذا كنت من محبي القصص القصيرة عبر: الانستغرام : soukystories الفايسبوك : soukystories التيكتوك : soukystories الى كنتي من محبي القصص المسموعة تقدر تلقاني ف: سبوتيفاي: soukystories أنغامي: soukystories غوغل بودكاست: soukystories #explore #قصص_بالدرجة #قصص_بالدارجة #قصص_بالدارجة_المغربية #قصص_واقعية #قصص_غريبة #قصص_حقیقية #9isas_wa9i3iya #souky_stories #soukystories","soukystories,souki stories,المغرب,manar stories,lassakri,العسكري,safaa,الخراز,zineb story,قصص حقيقية,Chaimae Belkhir,Nisrine - نسرين,سوكمان sockman,NADIAS,SAFAA,حكايات رضا,الجزائر,قضايا,meryem story,@kharrazabdelkader,rajaa stories,senpai,خراز,lasakri,laskari,laaskari,3askari,lasskari,لعساكري,العساكري,لعسكاري,العسكاري,لعسكري,kwili,lemo,Kharraz,ليمو,كويلي,alkharraz,laasri,l3askri,laasikri,lassakri fz,laskri fatima,علوم خفية,NADIA STORIES,قصص مظلمة | dark stories,تونس",24,Entertainment,,PT24M19S,1459,2d,hd,false,ar,ar,https://i.ytimg.com/vi/or-mhHdWGuU/maxresdefault.jpg,1,,,,,123574,6583,,0,463
206,UC9JNENLelbGff__RYGLP1jA,"Souky Stories",F0GoUIcx7qw,2024-06-29T19:00:06Z,"2024-06-29 19:00:06","من شخص عادي إلى مؤسس أخطر موقع على الأنترنت المظلم 🔥","مرحبا بكم في القناة، الاسم ديالي سكينة و اليوم غادي نكتاشفو خبايا هاد القصة هاد القناة دارت ليك إلى كنتي من عشاق : - قصص حقيقية - قصص رعب - قصص جرائم - قصص غريبة - قصص بوليسية - قصص مؤثرة - قصص ملهمة - قصص واقعية كانحط قصة يوم الإثنين والخميس والسبت. ماتنساش تشتارك فالقناة وتفعل الجرس باش يوصلوك فيديوهات وقصص جداد. مرحبا بيك في عالم القصص المثيرة ❤️ تابعوني ايضا على مواقع التواصل الاجتماعي إذا كنت من محبي القصص القصيرة عبر: الانستغرام : soukystories الفايسبوك : soukystories التيكتوك : soukystories الى كنتي من محبي القصص المسموعة تقدر تلقاني ف: سبوتيفاي: soukystories أنغامي: soukystories غوغل بودكاست: soukystories #explore #قصص_بالدرجة #قصص_بالدارجة #قصص_بالدارجة_المغربية #قصص_واقعية #قصص_غريبة #قصص_حقیقية #9isas_wa9i3iya #souky_stories #soukystories","soukystories,souki stories,المغرب,manar stories,lassakri,العسكري,safaa,الخراز,zineb story,قصص حقيقية,Chaimae Belkhir,Nisrine - نسرين,سوكمان sockman,NADIAS,SAFAA,حكايات رضا,الجزائر,قضايا,meryem story,@kharrazabdelkader,rajaa stories,senpai,خراز,lasakri,laskari,laaskari,3askari,lasskari,لعساكري,العساكري,لعسكاري,العسكاري,لعسكري,kwili,lemo,Kharraz,ليمو,كويلي,alkharraz,laasri,l3askri,laasikri,lassakri fz,laskri fatima,علوم خفية,NADIA STORIES,قصص مظلمة | dark stories,تونس",24,Entertainment,,PT42M28S,2548,2d,hd,false,ar,ar,https://i.ytimg.com/vi/F0GoUIcx7qw/maxresdefault.jpg,1,,,,,263580,9560,,0,594
207,UC9JNENLelbGff__RYGLP1jA,"Souky Stories",EnGi27s2JoM,2024-06-27T19:00:12Z,"2024-06-27 19:00:12","القضية التي هزت الرأي العام في تايوان ⚠️ (*للكبار فقط*)‼️","مرحبا بكم في القناة، الاسم ديالي سكينة و اليوم غادي نكتاشفو خبايا هاد القصة هاد القناة دارت ليك إلى كنتي من عشاق : - قصص حقيقية - قصص رعب - قصص جرائم - قصص غريبة - قصص بوليسية - قصص مؤثرة - قصص ملهمة - قصص واقعية كانحط قصة يوم الإثنين والخميس والسبت. ماتنساش تشتارك فالقناة وتفعل الجرس باش يوصلوك فيديوهات وقصص جداد. مرحبا بيك في عالم القصص المثيرة ❤️ تابعوني ايضا على مواقع التواصل الاجتماعي إذا كنت من محبي القصص القصيرة عبر: الانستغرام : soukystories الفايسبوك : soukystories التيكتوك : soukystories الى كنتي من محبي القصص المسموعة تقدر تلقاني ف: سبوتيفاي: soukystories أنغامي: soukystories غوغل بودكاست: soukystories #explore #قصص_بالدرجة #قصص_بالدارجة #قصص_بالدارجة_المغربية #قصص_واقعية #قصص_غريبة #قصص_حقیقية #9isas_wa9i3iya #souky_stories #soukystories","soukystories,souki stories,المغرب,manar stories,lassakri,العسكري,safaa,الخراز,zineb story,قصص حقيقية,Chaimae Belkhir,Nisrine - نسرين,سوكمان sockman,NADIAS,SAFAA,حكايات رضا,الجزائر,قضايا,meryem story,@kharrazabdelkader,rajaa stories,senpai,خراز,lasakri,laskari,laaskari,3askari,lasskari,لعساكري,العساكري,لعسكاري,العسكاري,لعسكري,kwili,lemo,Kharraz,ليمو,كويلي,alkharraz,laasri,l3askri,laasikri,lassakri fz,laskri fatima,علوم خفية,NADIA STORIES,قصص مظلمة | dark stories,تونس",24,Entertainment,,PT22M48S,1368,2d,hd,false,ar,ar,https://i.ytimg.com/vi/EnGi27s2JoM/maxresdefault.jpg,1,,,,,117268,6642,,0,268
208,UC9JNENLelbGff__RYGLP1jA,"Souky Stories",TXH6HBrVAa4,2024-06-24T19:00:15Z,"2024-06-24 19:00:15","اختفاء فتاة كان السبب في القبض على أخطر امرأة في العالم ⚠️ (*للكبار فقط*)‼️","مرحبا بكم في القناة، الاسم ديالي سكينة و اليوم غادي نكتاشفو خبايا هاد القصة هاد القناة دارت ليك إلى كنتي من عشاق : - قصص حقيقية - قصص رعب - قصص جرائم - قصص غريبة - قصص بوليسية - قصص مؤثرة - قصص ملهمة - قصص واقعية كانحط قصة يوم الإثنين والخميس والسبت. ماتنساش تشتارك فالقناة وتفعل الجرس باش يوصلوك فيديوهات وقصص جداد. مرحبا بيك في عالم القصص المثيرة ❤️ تابعوني ايضا على مواقع التواصل الاجتماعي إذا كنت من محبي القصص القصيرة عبر: الانستغرام : soukystories الفايسبوك : soukystories التيكتوك : soukystories الى كنتي من محبي القصص المسموعة تقدر تلقاني ف: سبوتيفاي: soukystories أنغامي: soukystories غوغل بودكاست: soukystories #explore #قصص_بالدرجة #قصص_بالدارجة #قصص_بالدارجة_المغربية #قصص_واقعية #قصص_غريبة #قصص_حقیقية #9isas_wa9i3iya #souky_stories #soukystories","soukystories,souki stories,المغرب,manar stories,lassakri,العسكري,safaa,الخراز,zineb story,قصص حقيقية,Chaimae Belkhir,Nisrine - نسرين,سوكمان sockman,NADIAS,SAFAA,حكايات رضا,الجزائر,قضايا,meryem story,@kharrazabdelkader,rajaa stories,senpai,خراز,lasakri,laskari,laaskari,3askari,lasskari,لعساكري,العساكري,لعسكاري,العسكاري,لعسكري,kwili,lemo,Kharraz,ليمو,كويلي,alkharraz,laasri,l3askri,laasikri,lassakri fz,laskri fatima,علوم خفية,NADIA STORIES,قصص مظلمة | dark stories,تونس",24,Entertainment,,PT30M23S,1823,2d,hd,false,ar,ar,https://i.ytimg.com/vi/TXH6HBrVAa4/maxresdefault.jpg,1,,,,,251770,9539,,0,310
209,UC9JNENLelbGff__RYGLP1jA,"Souky Stories",B0vPFsndfnY,2024-06-20T20:00:05Z,"2024-06-20 20:00:05","السبب الغريب وراء موت الدب في الغابة 🔥","مرحبا بكم في القناة، الاسم ديالي سكينة و اليوم غادي نكتاشفو خبايا هاد القصة هاد القناة دارت ليك إلى كنتي من عشاق : - قصص حقيقية - قصص رعب - قصص جرائم - قصص غريبة - قصص بوليسية - قصص مؤثرة - قصص ملهمة - قصص واقعية كانحط قصة يوم الإثنين والخميس والسبت. ماتنساش تشتارك فالقناة وتفعل الجرس باش يوصلوك فيديوهات وقصص جداد. مرحبا بيك في عالم القصص المثيرة ❤️ تابعوني ايضا على مواقع التواصل الاجتماعي إذا كنت من محبي القصص القصيرة عبر: الانستغرام : soukystories الفايسبوك : soukystories التيكتوك : soukystories الى كنتي من محبي القصص المسموعة تقدر تلقاني ف: سبوتيفاي: soukystories أنغامي: soukystories غوغل بودكاست: soukystories #explore #قصص_بالدرجة #قصص_بالدارجة #قصص_بالدارجة_المغربية #قصص_واقعية #قصص_غريبة #قصص_حقیقية #9isas_wa9i3iya #souky_stories #soukystories","soukystories,souki stories,المغرب,manar stories,lassakri,العسكري,safaa,الخراز,zineb story,قصص حقيقية,Chaimae Belkhir,Nisrine - نسرين,سوكمان sockman,NADIAS,SAFAA,حكايات رضا,الجزائر,قضايا,meryem story,@kharrazabdelkader,rajaa stories,senpai,خراز,lasakri,laskari,laaskari,3askari,lasskari,لعساكري,العساكري,لعسكاري,العسكاري,لعسكري,kwili,lemo,Kharraz,ليمو,كويلي,alkharraz,laasri,l3askri,laasikri,lassakri fz,laskri fatima,علوم خفية,NADIA STORIES,قصص مظلمة | dark stories,تونس",24,Entertainment,,PT17M1S,1021,2d,hd,false,ar,ar,https://i.ytimg.com/vi/B0vPFsndfnY/maxresdefault.jpg,1,,,,,75420,4745,,0,300
210,UC9JNENLelbGff__RYGLP1jA,"Souky Stories",cEoMDv3lAJ8,2024-06-18T21:00:18Z,"2024-06-18 21:00:18","السر المرعب وراء الصوت القادم من قبو المنزل ⚠️ (*للكبار فقط*)‼️","مرحبا بكم في القناة، الاسم ديالي سكينة و اليوم غادي نكتاشفو خبايا هاد القصة هاد القناة دارت ليك إلى كنتي من عشاق : - قصص حقيقية - قصص رعب - قصص جرائم - قصص غريبة - قصص بوليسية - قصص مؤثرة - قصص ملهمة - قصص واقعية كانحط قصة يوم الإثنين والخميس والسبت. ماتنساش تشتارك فالقناة وتفعل الجرس باش يوصلوك فيديوهات وقصص جداد. مرحبا بيك في عالم القصص المثيرة ❤️ تابعوني ايضا على مواقع التواصل الاجتماعي إذا كنت من محبي القصص القصيرة عبر: الانستغرام : soukystories الفايسبوك : soukystories التيكتوك : soukystories الى كنتي من محبي القصص المسموعة تقدر تلقاني ف: سبوتيفاي: soukystories أنغامي: soukystories غوغل بودكاست: soukystories #explore #قصص_بالدرجة #قصص_بالدارجة #قصص_بالدارجة_المغربية #قصص_واقعية #قصص_غريبة #قصص_حقیقية #9isas_wa9i3iya #souky_stories #soukystories","soukystories,souki stories,المغرب,manar stories,lassakri,العسكري,safaa,الخراز,zineb story,قصص حقيقية,Chaimae Belkhir,Nisrine - نسرين,سوكمان sockman,NADIAS,SAFAA,حكايات رضا,الجزائر,قضايا,meryem story,@kharrazabdelkader,rajaa stories,senpai,خراز,lasakri,laskari,laaskari,3askari,lasskari,لعساكري,العساكري,لعسكاري,العسكاري,لعسكري,kwili,lemo,Kharraz,ليمو,كويلي,alkharraz,laasri,l3askri,laasikri,lassakri fz,laskri fatima,علوم خفية,NADIA STORIES,قصص مظلمة | dark stories,تونس",24,Entertainment,,PT24M21S,1461,2d,hd,false,ar,ar,https://i.ytimg.com/vi/cEoMDv3lAJ8/maxresdefault.jpg,1,,,,,118537,6159,,0,223
211,UC9JNENLelbGff__RYGLP1jA,"Souky Stories",3dA2mNUu53Y,2024-06-13T21:10:43Z,"2024-06-13 21:10:43","ماعمر خرجات بوحدها ونهار خرجات مارجعاتش ⚠️ (*للكبار فقط*)‼️","مرحبا بكم في القناة، الاسم ديالي سكينة و اليوم غادي نكتاشفو خبايا هاد القصة هاد القناة دارت ليك إلى كنتي من عشاق : - قصص حقيقية - قصص رعب - قصص جرائم - قصص غريبة - قصص بوليسية - قصص مؤثرة - قصص ملهمة - قصص واقعية كانحط قصة يوم الإثنين والخميس والسبت. ماتنساش تشتارك فالقناة وتفعل الجرس باش يوصلوك فيديوهات وقصص جداد. مرحبا بيك في عالم القصص المثيرة ❤️ تابعوني ايضا على مواقع التواصل الاجتماعي إذا كنت من محبي القصص القصيرة عبر: الانستغرام : soukystories الفايسبوك : soukystories التيكتوك : soukystories الى كنتي من محبي القصص المسموعة تقدر تلقاني ف: سبوتيفاي: soukystories أنغامي: soukystories غوغل بودكاست: soukystories #explore #قصص_بالدرجة #قصص_بالدارجة #قصص_بالدارجة_المغربية #قصص_واقعية #قصص_غريبة #قصص_حقیقية #9isas_wa9i3iya #souky_stories #soukystories","soukystories,souki stories,المغرب,manar stories,lassakri,العسكري,safaa,الخراز,zineb story,قصص حقيقية,Chaimae Belkhir,Nisrine - نسرين,سوكمان sockman,NADIAS,SAFAA,حكايات رضا,الجزائر,قضايا,meryem story,@kharrazabdelkader,rajaa stories,senpai,خراز,lasakri,laskari,laaskari,3askari,lasskari,لعساكري,العساكري,لعسكاري,العسكاري,لعسكري,kwili,lemo,Kharraz,ليمو,كويلي,alkharraz,laasri,l3askri,laasikri,lassakri fz,laskri fatima,علوم خفية,NADIA STORIES,قصص مظلمة | dark stories,تونس",24,Entertainment,,PT22M1S,1321,2d,hd,false,ar,ar,https://i.ytimg.com/vi/3dA2mNUu53Y/maxresdefault.jpg,1,,,,,95591,5777,,0,294
212,UC9JNENLelbGff__RYGLP1jA,"Souky Stories",4dm5ytVC_cM,2024-06-10T21:41:35Z,"2024-06-10 21:41:35","عائلة سعيدة دمرات بسباب شخص مجهول مراقبهم والنهاية غاتصدمكم ⚠️ (*للكبار فقط*)‼️","مرحبا بكم في القناة، الاسم ديالي سكينة و اليوم غادي نكتاشفو خبايا هاد القصة هاد القناة دارت ليك إلى كنتي من عشاق : - قصص حقيقية - قصص رعب - قصص جرائم - قصص غريبة - قصص بوليسية - قصص مؤثرة - قصص ملهمة - قصص واقعية كانحط قصة يوم الإثنين والخميس والسبت. ماتنساش تشتارك فالقناة وتفعل الجرس باش يوصلوك فيديوهات وقصص جداد. مرحبا بيك في عالم القصص المثيرة ❤️ تابعوني ايضا على مواقع التواصل الاجتماعي إذا كنت من محبي القصص القصيرة عبر: الانستغرام : soukystories الفايسبوك : soukystories التيكتوك : soukystories الى كنتي من محبي القصص المسموعة تقدر تلقاني ف: سبوتيفاي: soukystories أنغامي: soukystories غوغل بودكاست: soukystories #explore #قصص_بالدرجة #قصص_بالدارجة #قصص_بالدارجة_المغربية #قصص_واقعية #قصص_غريبة #قصص_حقیقية #9isas_wa9i3iya #souky_stories #soukystories","soukystories,souki stories,المغرب,manar stories,lassakri,العسكري,safaa,الخراز,zineb story,قصص حقيقية,Chaimae Belkhir,Nisrine - نسرين,سوكمان sockman,NADIAS,SAFAA,حكايات رضا,الجزائر,قضايا,meryem story,@kharrazabdelkader,rajaa stories,senpai,خراز,lasakri,laskari,laaskari,3askari,lasskari,لعساكري,العساكري,لعسكاري,العسكاري,لعسكري,kwili,lemo,Kharraz,ليمو,كويلي,alkharraz,laasri,l3askri,laasikri,lassakri fz,laskri fatima,علوم خفية,NADIA STORIES,قصص مظلمة | dark stories,تونس",24,Entertainment,,PT27M2S,1622,2d,hd,false,ar,ar,https://i.ytimg.com/vi/4dm5ytVC_cM/maxresdefault.jpg,1,,,,,127626,6681,,0,341
213,UC9JNENLelbGff__RYGLP1jA,"Souky Stories",4J51xUwXZ88,2024-06-08T19:30:00Z,"2024-06-08 19:30:00","داكشي لي لقاو عندو البوليس فالقبو ديال دارو صدم المدينة كاملة ⚠️ (*للكبار فقط*) ‼️","مرحبا بكم في القناة، الاسم ديالي سكينة و اليوم غادي نكتاشفو خبايا هاد القصة هاد القناة دارت ليك إلى كنتي من عشاق : - قصص حقيقية - قصص رعب - قصص جرائم - قصص غريبة - قصص بوليسية - قصص مؤثرة - قصص ملهمة - قصص واقعية كانحط قصة يوم الإثنين والخميس والسبت. ماتنساش تشتارك فالقناة وتفعل الجرس باش يوصلوك فيديوهات وقصص جداد. مرحبا بيك في عالم القصص المثيرة ❤️ تابعوني ايضا على مواقع التواصل الاجتماعي إذا كنت من محبي القصص القصيرة عبر: الانستغرام : soukystories الفايسبوك : soukystories التيكتوك : soukystories الى كنتي من محبي القصص المسموعة تقدر تلقاني ف: سبوتيفاي: soukystories أنغامي: soukystories غوغل بودكاست: soukystories #explore #قصص_بالدرجة #قصص_بالدارجة #قصص_بالدارجة_المغربية #قصص_واقعية #قصص_غريبة #قصص_حقیقية #9isas_wa9i3iya #souky_stories #soukystories","soukystories,souki stories,المغرب,manar stories,lassakri,العسكري,safaa,الخراز,zineb story,قصص حقيقية,Chaimae Belkhir,Nisrine - نسرين,سوكمان sockman,NADIAS,SAFAA,حكايات رضا,الجزائر,قضايا,meryem story,@kharrazabdelkader,rajaa stories,senpai,خراز,lasakri,laskari,laaskari,3askari,lasskari,لعساكري,العساكري,لعسكاري,العسكاري,لعسكري,kwili,lemo,Kharraz,ليمو,كويلي,alkharraz,laasri,l3askri,laasikri,lassakri fz,laskri fatima,علوم خفية,NADIA STORIES,قصص مظلمة | dark stories,تونس",24,Entertainment,,PT24M2S,1442,2d,hd,false,ar,ar,https://i.ytimg.com/vi/4J51xUwXZ88/maxresdefault.jpg,1,,,,,138605,7275,,0,335
214,UC9JNENLelbGff__RYGLP1jA,"Souky Stories",wqmRN55NblY,2024-06-06T19:00:28Z,"2024-06-06 19:00:28","كانو مُراقَبين ومافخبارهومش ⚠️ (*نهاية غير متوقعة*)‼️","مرحبا بكم في القناة، الاسم ديالي سكينة و اليوم غادي نكتاشفو خبايا هاد القصة هاد القناة دارت ليك إلى كنتي من عشاق : - قصص حقيقية - قصص رعب - قصص جرائم - قصص غريبة - قصص بوليسية - قصص مؤثرة - قصص ملهمة - قصص واقعية كانحط قصة يوم الإثنين والخميس والسبت. ماتنساش تشتارك فالقناة وتفعل الجرس باش يوصلوك فيديوهات وقصص جداد. مرحبا بيك في عالم القصص المثيرة ❤️ تابعوني ايضا على مواقع التواصل الاجتماعي إذا كنت من محبي القصص القصيرة عبر: الانستغرام : soukystories الفايسبوك : soukystories التيكتوك : soukystories الى كنتي من محبي القصص المسموعة تقدر تلقاني ف: سبوتيفاي: soukystories أنغامي: soukystories غوغل بودكاست: soukystories #explore #قصص_بالدرجة #قصص_بالدارجة #قصص_بالدارجة_المغربية #قصص_واقعية #قصص_غريبة #قصص_حقیقية #9isas_wa9i3iya #souky_stories #soukystories","soukystories,souki stories,المغرب,manar stories,lassakri,العسكري,safaa,الخراز,zineb story,قصص حقيقية,Chaimae Belkhir,Nisrine - نسرين,سوكمان sockman,NADIAS,SAFAA,حكايات رضا,الجزائر,قضايا,meryem story,@kharrazabdelkader,rajaa stories,senpai,خراز,lasakri,laskari,laaskari,3askari,lasskari,لعساكري,العساكري,لعسكاري,العسكاري,لعسكري,kwili,lemo,Kharraz,ليمو,كويلي,alkharraz,laasri,l3askri,laasikri,lassakri fz,laskri fatima,علوم خفية,NADIA STORIES,قصص مظلمة | dark stories,تونس",24,Entertainment,,PT26M41S,1601,2d,hd,false,ar,ar,https://i.ytimg.com/vi/wqmRN55NblY/maxresdefault.jpg,1,,,,,188660,7769,,0,290
215,UC9JNENLelbGff__RYGLP1jA,"Souky Stories",KH08bq2WObY,2024-06-03T20:15:00Z,"2024-06-03 20:15:00","أرملة مشات تنعس وماكانتش عارفة الجحيم لي كايتسناها ⚠️ (*للكبار فقط*)‼️","مرحبا بكم في القناة، الاسم ديالي سكينة و اليوم غادي نكتاشفو خبايا هاد القصة هاد القناة دارت ليك إلى كنتي من عشاق : - قصص حقيقية - قصص رعب - قصص جرائم - قصص غريبة - قصص بوليسية - قصص مؤثرة - قصص ملهمة - قصص واقعية كانحط قصة يوم الإثنين والخميس والسبت. ماتنساش تشتارك فالقناة وتفعل الجرس باش يوصلوك فيديوهات وقصص جداد. مرحبا بيك في عالم القصص المثيرة ❤️ تابعوني ايضا على مواقع التواصل الاجتماعي إذا كنت من محبي القصص القصيرة عبر: الانستغرام : soukystories الفايسبوك : soukystories التيكتوك : soukystories الى كنتي من محبي القصص المسموعة تقدر تلقاني ف: سبوتيفاي: soukystories أنغامي: soukystories غوغل بودكاست: soukystories #explore #قصص_بالدرجة #قصص_بالدارجة #قصص_بالدارجة_المغربية #قصص_واقعية #قصص_غريبة #قصص_حقیقية #9isas_wa9i3iya #souky_stories #soukystories","soukystories,souki stories,المغرب,manar stories,lassakri,العسكري,safaa,الخراز,zineb story,قصص حقيقية,Chaimae Belkhir,Nisrine - نسرين,سوكمان sockman,NADIAS,SAFAA,حكايات رضا,الجزائر,قضايا,meryem story,@kharrazabdelkader,rajaa stories,senpai,خراز,lasakri,laskari,laaskari,3askari,lasskari,لعساكري,العساكري,لعسكاري,العسكاري,لعسكري,kwili,lemo,Kharraz,ليمو,كويلي,alkharraz,laasri,l3askri,laasikri,lassakri fz,laskri fatima,علوم خفية,NADIA STORIES,قصص مظلمة | dark stories,تونس",24,Entertainment,,PT28M2S,1682,2d,hd,false,ar,ar,https://i.ytimg.com/vi/KH08bq2WObY/maxresdefault.jpg,1,,,,,227160,9204,,0,362
216,UC9JNENLelbGff__RYGLP1jA,"Souky Stories",SNc-GE7z8U8,2024-05-31T18:00:13Z,"2024-05-31 18:00:13","النساء فقبيلة بدائية كيموتو وحدة بوحدة والسبب غايصدمكم ⚠️ (*للكبار فقط*)‼️","مرحبا بكم في القناة، الاسم ديالي سكينة و اليوم غادي نكتاشفو خبايا هاد القصة هاد القناة دارت ليك إلى كنتي من عشاق : - قصص حقيقية - قصص رعب - قصص جرائم - قصص غريبة - قصص بوليسية - قصص مؤثرة - قصص ملهمة - قصص واقعية كانحط قصة يوم الإثنين والخميس والسبت. ماتنساش تشتارك فالقناة وتفعل الجرس باش يوصلوك فيديوهات وقصص جداد. مرحبا بيك في عالم القصص المثيرة ❤️ تابعوني ايضا على مواقع التواصل الاجتماعي إذا كنت من محبي القصص القصيرة عبر: الانستغرام : soukystories الفايسبوك : soukystories التيكتوك : soukystories الى كنتي من محبي القصص المسموعة تقدر تلقاني ف: سبوتيفاي: soukystories أنغامي: soukystories غوغل بودكاست: soukystories #explore #قصص_بالدرجة #قصص_بالدارجة #قصص_بالدارجة_المغربية #قصص_واقعية #قصص_غريبة #قصص_حقیقية #9isas_wa9i3iya #souky_stories #soukystories","soukystories,souki stories,المغرب,manar stories,lassakri,العسكري,safaa,الخراز,zineb story,قصص حقيقية,Chaimae Belkhir,Nisrine - نسرين,سوكمان sockman,NADIAS,SAFAA,حكايات رضا,الجزائر,قضايا,meryem story,@kharrazabdelkader,rajaa stories,senpai,خراز,lasakri,laskari,laaskari,3askari,lasskari,لعساكري,العساكري,لعسكاري,العسكاري,لعسكري,kwili,lemo,Kharraz,ليمو,كويلي,alkharraz,laasri,l3askri,laasikri,lassakri fz,laskri fatima,علوم خفية,NADIA STORIES,قصص مظلمة | dark stories,تونس",24,Entertainment,,PT19M40S,1180,2d,hd,false,ar,ar,https://i.ytimg.com/vi/SNc-GE7z8U8/maxresdefault.jpg,1,,,,,89812,5762,,0,298
217,UC9JNENLelbGff__RYGLP1jA,"Souky Stories",lH7_v44qtKY,2024-05-27T20:30:03Z,"2024-05-27 20:30:03","مونيكا رجعات لدارها وماكانتش عارفة شكون كايتسناها ⚠️ (*للكبار فقط*)‼️","مرحبا بكم في القناة، الاسم ديالي سكينة و اليوم غادي نكتاشفو خبايا هاد القصة هاد القناة دارت ليك إلى كنتي من عشاق : - قصص حقيقية - قصص رعب - قصص جرائم - قصص غريبة - قصص بوليسية - قصص مؤثرة - قصص ملهمة - قصص واقعية كانحط قصة يوم الإثنين والخميس والسبت. ماتنساش تشتارك فالقناة وتفعل الجرس باش يوصلوك فيديوهات وقصص جداد. مرحبا بيك في عالم القصص المثيرة ❤️ تابعوني ايضا على مواقع التواصل الاجتماعي إذا كنت من محبي القصص القصيرة عبر: الانستغرام : soukystories الفايسبوك : soukystories التيكتوك : soukystories الى كنتي من محبي القصص المسموعة تقدر تلقاني ف: سبوتيفاي: soukystories أنغامي: soukystories غوغل بودكاست: soukystories #explore #قصص_بالدرجة #قصص_بالدارجة #قصص_بالدارجة_المغربية #قصص_واقعية #قصص_غريبة #قصص_حقیقية #9isas_wa9i3iya #souky_stories #soukystories","soukystories,souki stories,المغرب,manar stories,lassakri,العسكري,safaa,الخراز,zineb story,قصص حقيقية,Chaimae Belkhir,Nisrine - نسرين,سوكمان sockman,NADIAS,SAFAA,حكايات رضا,الجزائر,قضايا,meryem story,@kharrazabdelkader,rajaa stories,senpai,خراز,lasakri,laskari,laaskari,3askari,lasskari,لعساكري,العساكري,لعسكاري,العسكاري,لعسكري,kwili,lemo,Kharraz,ليمو,كويلي,alkharraz,laasri,l3askri,laasikri,lassakri fz,laskri fatima,علوم خفية,NADIA STORIES,قصص مظلمة | dark stories,تونس",24,Entertainment,,PT20M19S,1219,2d,hd,false,ar,ar,https://i.ytimg.com/vi/lH7_v44qtKY/maxresdefault.jpg,1,,,,,102467,6255,,0,261
218,UC9JNENLelbGff__RYGLP1jA,"Souky Stories",eYEIjXC2JCI,2024-05-26T19:30:03Z,"2024-05-26 19:30:03","كلشي تصدم فاش عرفو شكون المجرم ⚠️ (*للكبار فقط*) ‼️","مرحبا بكم في القناة، الاسم ديالي سكينة و اليوم غادي نكتاشفو خبايا هاد القصة هاد القناة دارت ليك إلى كنتي من عشاق : - قصص حقيقية - قصص رعب - قصص جرائم - قصص غريبة - قصص بوليسية - قصص مؤثرة - قصص ملهمة - قصص واقعية كانحط قصة يوم الإثنين والخميس والسبت. ماتنساش تشتارك فالقناة وتفعل الجرس باش يوصلوك فيديوهات وقصص جداد. مرحبا بيك في عالم القصص المثيرة ❤️ تابعوني ايضا على مواقع التواصل الاجتماعي إذا كنت من محبي القصص القصيرة عبر: الانستغرام : soukystories الفايسبوك : soukystories التيكتوك : soukystories الى كنتي من محبي القصص المسموعة تقدر تلقاني ف: سبوتيفاي: soukystories أنغامي: soukystories غوغل بودكاست: soukystories #explore #قصص_بالدرجة #قصص_بالدارجة #قصص_بالدارجة_المغربية #قصص_واقعية #قصص_غريبة #قصص_حقیقية #9isas_wa9i3iya #souky_stories #soukystories","soukystories,souki stories,المغرب,manar stories,lassakri,العسكري,safaa,الخراز,zineb story,قصص حقيقية,Chaimae Belkhir,Nisrine - نسرين,سوكمان sockman,NADIAS,SAFAA,حكايات رضا,الجزائر,قضايا,meryem story,@kharrazabdelkader,rajaa stories,senpai,خراز,lasakri,laskari,laaskari,3askari,lasskari,لعساكري,العساكري,لعسكاري,العسكاري,لعسكري,kwili,lemo,Kharraz,ليمو,كويلي,alkharraz,laasri,l3askri,laasikri,lassakri fz,laskri fatima,علوم خفية,NADIA STORIES,قصص مظلمة | dark stories,تونس",24,Entertainment,,PT29M25S,1765,2d,hd,false,ar,ar,https://i.ytimg.com/vi/eYEIjXC2JCI/maxresdefault.jpg,1,,,,,119607,7277,,0,299
219,UC9JNENLelbGff__RYGLP1jA,"Souky Stories",MLc2Venf4ac,2024-05-24T19:30:03Z,"2024-05-24 19:30:03","الرغبة في الانتقام كان السبب في ولادة واحد من أخطر الرجال في أمريكا ⚠️ (*للكبار فقط*) ‼️","مرحبا بكم في القناة، الاسم ديالي سكينة و اليوم غادي نكتاشفو خبايا هاد القصة هاد القناة دارت ليك إلى كنتي من عشاق : - قصص حقيقية - قصص رعب - قصص جرائم - قصص غريبة - قصص بوليسية - قصص مؤثرة - قصص ملهمة - قصص واقعية كانحط قصة يوم الإثنين والخميس والسبت. ماتنساش تشتارك فالقناة وتفعل الجرس باش يوصلوك فيديوهات وقصص جداد. مرحبا بيك في عالم القصص المثيرة ❤️ تابعوني ايضا على مواقع التواصل الاجتماعي إذا كنت من محبي القصص القصيرة عبر: الانستغرام : soukystories الفايسبوك : soukystories التيكتوك : soukystories الى كنتي من محبي القصص المسموعة تقدر تلقاني ف: سبوتيفاي: soukystories أنغامي: soukystories غوغل بودكاست: soukystories #explore #قصص_بالدرجة #قصص_بالدارجة #قصص_بالدارجة_المغربية #قصص_واقعية #قصص_غريبة #قصص_حقیقية #9isas_wa9i3iya #souky_stories #soukystories","soukystories,souki stories,المغرب,manar stories,lassakri,العسكري,safaa,الخراز,zineb story,قصص حقيقية,Chaimae Belkhir,Nisrine - نسرين,سوكمان sockman,NADIAS,SAFAA,حكايات رضا,الجزائر,قضايا,meryem story,@kharrazabdelkader,rajaa stories,senpai,خراز,lasakri,laskari,laaskari,3askari,lasskari,لعساكري,العساكري,لعسكاري,العسكاري,لعسكري,kwili,lemo,Kharraz,ليمو,كويلي,alkharraz,laasri,l3askri,laasikri,lassakri fz,laskri fatima,علوم خفية,NADIA STORIES,قصص مظلمة | dark stories,تونس",24,Entertainment,,PT26M49S,1609,2d,hd,false,ar,ar,https://i.ytimg.com/vi/MLc2Venf4ac/maxresdefault.jpg,1,,,,,163070,7173,,0,274
220,UC9JNENLelbGff__RYGLP1jA,"Souky Stories",qi9Qb99aauc,2024-05-20T20:00:16Z,"2024-05-20 20:00:16","تفاصيل بسيطة كانت سبب في حل لغز قضية صادمة ⚠️ (*للكبار فقط*) ‼️","مرحبا بكم في القناة، الاسم ديالي سكينة و اليوم غادي نكتاشفو خبايا هاد القصة هاد القناة دارت ليك إلى كنتي من عشاق : - قصص حقيقية - قصص رعب - قصص جرائم - قصص غريبة - قصص بوليسية - قصص مؤثرة - قصص ملهمة - قصص واقعية كانحط قصة يوم الإثنين والخميس والسبت. ماتنساش تشتارك فالقناة وتفعل الجرس باش يوصلوك فيديوهات وقصص جداد. مرحبا بيك في عالم القصص المثيرة ❤️ تابعوني ايضا على مواقع التواصل الاجتماعي إذا كنت من محبي القصص القصيرة عبر: الانستغرام : soukystories الفايسبوك : soukystories التيكتوك : soukystories الى كنتي من محبي القصص المسموعة تقدر تلقاني ف: سبوتيفاي: soukystories أنغامي: soukystories غوغل بودكاست: soukystories #explore #قصص_بالدرجة #قصص_بالدارجة #قصص_بالدارجة_المغربية #قصص_واقعية #قصص_غريبة #قصص_حقیقية #9isas_wa9i3iya #souky_stories #soukystories","soukystories,souki stories,المغرب,manar stories,lassakri,العسكري,safaa,الخراز,zineb story,قصص حقيقية,Chaimae Belkhir,Nisrine - نسرين,سوكمان sockman,NADIAS,SAFAA,حكايات رضا,الجزائر,قضايا,meryem story,@kharrazabdelkader,rajaa stories,senpai,خراز,lasakri,laskari,laaskari,3askari,lasskari,لعساكري,العساكري,لعسكاري,العسكاري,لعسكري,kwili,lemo,Kharraz,ليمو,كويلي,alkharraz,laasri,l3askri,laasikri,lassakri fz,laskri fatima,علوم خفية,NADIA STORIES,قصص مظلمة | dark stories,تونس",24,Entertainment,,PT25M34S,1534,2d,hd,false,ar,ar,https://i.ytimg.com/vi/qi9Qb99aauc/maxresdefault.jpg,1,,,,,106979,6903,,0,332
221,UC9JNENLelbGff__RYGLP1jA,"Souky Stories",sPyYC4Y91CA,2024-05-17T19:30:09Z,"2024-05-17 19:30:09","القصة المرعبة وراء لوحة ميدوسا ⚠️ (*للكبار فقط*) ‼️","مرحبا بكم في القناة، الاسم ديالي سكينة و اليوم غادي نكتاشفو خبايا هاد القصة هاد القناة دارت ليك إلى كنتي من عشاق : - قصص حقيقية - قصص رعب - قصص جرائم - قصص غريبة - قصص بوليسية - قصص مؤثرة - قصص ملهمة - قصص واقعية كانحط قصة يوم الإثنين والخميس والسبت. ماتنساش تشتارك فالقناة وتفعل الجرس باش يوصلوك فيديوهات وقصص جداد. مرحبا بيك في عالم القصص المثيرة ❤️ تابعوني ايضا على مواقع التواصل الاجتماعي إذا كنت من محبي القصص القصيرة عبر: الانستغرام : soukystories الفايسبوك : soukystories التيكتوك : soukystories الى كنتي من محبي القصص المسموعة تقدر تلقاني ف: سبوتيفاي: soukystories أنغامي: soukystories غوغل بودكاست: soukystories #explore #قصص_بالدرجة #قصص_بالدارجة #قصص_بالدارجة_المغربية #قصص_واقعية #قصص_غريبة #قصص_حقیقية #9isas_wa9i3iya #souky_stories #soukystories","soukystories,souki stories,المغرب,manar stories,lassakri,العسكري,safaa,الخراز,zineb story,قصص حقيقية,Chaimae Belkhir,Nisrine - نسرين,سوكمان sockman,NADIAS,SAFAA,حكايات رضا,الجزائر,قضايا,meryem story,@kharrazabdelkader,rajaa stories,senpai,خراز,lasakri,laskari,laaskari,3askari,lasskari,لعساكري,العساكري,لعسكاري,العسكاري,لعسكري,kwili,lemo,Kharraz,ليمو,كويلي,alkharraz,laasri,l3askri,laasikri,lassakri fz,laskri fatima,علوم خفية,NADIA STORIES,قصص مظلمة | dark stories,تونس",24,Entertainment,Entertainment,PT23M45S,1425,2d,hd,false,ar,ar,https://i.ytimg.com/vi/sPyYC4Y91CA/maxresdefault.jpg,1,,,,,97810,6093,,0,343
222,UC9JNENLelbGff__RYGLP1jA,"Souky Stories",dw3NBn_GsmI,2024-05-13T20:10:37Z,"2024-05-13 20:10:37","فاش كتاشف الحقيقة ديال الشخص لي دخل للدار كان فات الفوت ⚠️ (*للكبار فقط*) ‼️","مرحبا بكم في القناة، الاسم ديالي سكينة و اليوم غادي نكتاشفو خبايا هاد القصة هاد القناة دارت ليك إلى كنتي من عشاق : - قصص حقيقية - قصص رعب - قصص جرائم - قصص غريبة - قصص بوليسية - قصص مؤثرة - قصص ملهمة - قصص واقعية كانحط قصة يوم الإثنين والخميس والسبت. ماتنساش تشتارك فالقناة وتفعل الجرس باش يوصلوك فيديوهات وقصص جداد. مرحبا بيك في عالم القصص المثيرة ❤️ تابعوني ايضا على مواقع التواصل الاجتماعي إذا كنت من محبي القصص القصيرة عبر: الانستغرام : soukystories الفايسبوك : soukystories التيكتوك : soukystories الى كنتي من محبي القصص المسموعة تقدر تلقاني ف: سبوتيفاي: soukystories أنغامي: soukystories غوغل بودكاست: soukystories #explore #قصص_بالدرجة #قصص_بالدارجة #قصص_بالدارجة_المغربية #قصص_واقعية #قصص_غريبة #قصص_حقیقية #9isas_wa9i3iya #souky_stories #soukystories","soukystories,souki stories,المغرب,manar stories,lassakri,العسكري,safaa,الخراز,zineb story,قصص حقيقية,Chaimae Belkhir,Nisrine - نسرين,سوكمان sockman,NADIAS,SAFAA,حكايات رضا,الجزائر,قضايا,meryem story,@kharrazabdelkader,rajaa stories,senpai,خراز,lasakri,laskari,laaskari,3askari,lasskari,لعساكري,العساكري,لعسكاري,العسكاري,لعسكري,kwili,lemo,Kharraz,ليمو,كويلي,alkharraz,laasri,l3askri,laasikri,lassakri fz,laskri fatima,علوم خفية,NADIA STORIES,قصص مظلمة | dark stories,تونس",24,Entertainment,,PT30M1S,1801,2d,hd,false,ar,ar,https://i.ytimg.com/vi/dw3NBn_GsmI/maxresdefault.jpg,1,,,,,166793,7615,,0,296
223,UC9JNENLelbGff__RYGLP1jA,"Souky Stories",QjvATM9j75I,2024-05-11T19:30:01Z,"2024-05-11 19:30:01","جوليان الفتاة التي سقطت من السماء حية 🤯 (*قصة حقيقية*)‼️","مرحبا بكم في القناة، الاسم ديالي سكينة و اليوم غادي نكتاشفو خبايا هاد القصة هاد القناة دارت ليك إلى كنتي من عشاق : - قصص حقيقية - قصص رعب - قصص جرائم - قصص غريبة - قصص بوليسية - قصص مؤثرة - قصص ملهمة - قصص واقعية كانحط قصة يوم الإثنين والخميس والسبت. ماتنساش تشتارك فالقناة وتفعل الجرس باش يوصلوك فيديوهات وقصص جداد. مرحبا بيك في عالم القصص المثيرة ❤️ تابعوني ايضا على مواقع التواصل الاجتماعي إذا كنت من محبي القصص القصيرة عبر: الانستغرام : soukystories الفايسبوك : soukystories التيكتوك : soukystories الى كنتي من محبي القصص المسموعة تقدر تلقاني ف: سبوتيفاي: soukystories أنغامي: soukystories غوغل بودكاست: soukystories #explore #قصص_بالدرجة #قصص_بالدارجة #قصص_بالدارجة_المغربية #قصص_واقعية #قصص_غريبة #قصص_حقیقية #9isas_wa9i3iya #souky_stories #soukystories","soukystories,souki stories,المغرب,manar stories,lassakri,العسكري,safaa,الخراز,zineb story,قصص حقيقية,Chaimae Belkhir,Nisrine - نسرين,سوكمان sockman,NADIAS,SAFAA,حكايات رضا,الجزائر,قضايا,meryem story,@kharrazabdelkader,rajaa stories,senpai,خراز,lasakri,laskari,laaskari,3askari,lasskari,لعساكري,العساكري,لعسكاري,العسكاري,لعسكري,kwili,lemo,Kharraz,ليمو,كويلي,alkharraz,laasri,l3askri,laasikri,lassakri fz,laskri fatima,علوم خفية,NADIA STORIES,قصص مظلمة | dark stories,تونس",24,Entertainment,,PT24M30S,1470,2d,hd,false,ar,ar,https://i.ytimg.com/vi/QjvATM9j75I/maxresdefault.jpg,1,,,,,156128,8255,,0,338
224,UC9JNENLelbGff__RYGLP1jA,"Souky Stories",_ayZFbnSTao,2024-05-06T19:30:02Z,"2024-05-06 19:30:02","من طفلة بريئة إلى أخطر زعيمة في عالم العصابات 🔥","مرحبا بكم في القناة، الاسم ديالي سكينة و اليوم غادي نكتاشفو خبايا هاد القصة هاد القناة دارت ليك إلى كنتي من عشاق : - قصص حقيقية - قصص رعب - قصص جرائم - قصص غريبة - قصص بوليسية - قصص مؤثرة - قصص ملهمة - قصص واقعية كانحط قصة يوم الإثنين والخميس والسبت. ماتنساش تشتارك فالقناة وتفعل الجرس باش يوصلوك فيديوهات وقصص جداد. مرحبا بيك في عالم القصص المثيرة ❤️ تابعوني ايضا على مواقع التواصل الاجتماعي إذا كنت من محبي القصص القصيرة عبر: الانستغرام : soukystories الفايسبوك : soukystories التيكتوك : soukystories الى كنتي من محبي القصص المسموعة تقدر تلقاني ف: سبوتيفاي: soukystories أنغامي: soukystories غوغل بودكاست: soukystories #explore #قصص_بالدرجة #قصص_بالدارجة #قصص_بالدارجة_المغربية #قصص_واقعية #قصص_غريبة #قصص_حقیقية #9isas_wa9i3iya #souky_stories #soukystories","soukystories,souki stories,المغرب,manar stories,lassakri,العسكري,safaa,الخراز,zineb story,قصص حقيقية,Chaimae Belkhir,Nisrine - نسرين,سوكمان sockman,NADIAS,SAFAA,حكايات رضا,الجزائر,قضايا,meryem story,@kharrazabdelkader,rajaa stories,senpai,خراز,lasakri,laskari,laaskari,3askari,lasskari,لعساكري,العساكري,لعسكاري,العسكاري,لعسكري,kwili,lemo,Kharraz,ليمو,كويلي,alkharraz,laasri,l3askri,laasikri,lassakri fz,laskri fatima,علوم خفية,NADIA STORIES,قصص مظلمة | dark stories,تونس",24,Entertainment,,PT24M48S,1488,2d,hd,false,ar,ar,https://i.ytimg.com/vi/_ayZFbnSTao/maxresdefault.jpg,1,,,,,181058,7723,,0,335
225,UC9JNENLelbGff__RYGLP1jA,"Souky Stories",-BpTEnJLr38,2024-05-04T18:00:00Z,"2024-05-04 18:00:00","كورتي خرجات من الدار باش تمشي للخدمة واختفت فالطريق ⚠️ (*للكبار فقط*)‼️","مرحبا بكم في القناة، الاسم ديالي سكينة و اليوم غادي نكتاشفو خبايا هاد القصة هاد القناة دارت ليك إلى كنتي من عشاق : - قصص حقيقية - قصص رعب - قصص جرائم - قصص غريبة - قصص بوليسية - قصص مؤثرة - قصص ملهمة - قصص واقعية كانحط قصة يوم الإثنين والخميس والسبت. ماتنساش تشتارك فالقناة وتفعل الجرس باش يوصلوك فيديوهات وقصص جداد. مرحبا بيك في عالم القصص المثيرة ❤️ تابعوني ايضا على مواقع التواصل الاجتماعي إذا كنت من محبي القصص القصيرة عبر: الانستغرام : soukystories الفايسبوك : soukystories التيكتوك : soukystories الى كنتي من محبي القصص المسموعة تقدر تلقاني ف: سبوتيفاي: soukystories أنغامي: soukystories غوغل بودكاست: soukystories #explore #قصص_بالدرجة #قصص_بالدارجة #قصص_بالدارجة_المغربية #قصص_واقعية #قصص_غريبة #قصص_حقیقية #9isas_wa9i3iya #souky_stories #soukystories","soukystories,souki stories,المغرب,manar stories,lassakri,العسكري,safaa,الخراز,zineb story,قصص حقيقية,Chaimae Belkhir,Nisrine - نسرين,سوكمان sockman,NADIAS,SAFAA,حكايات رضا,الجزائر,قضايا,meryem story,@kharrazabdelkader,rajaa stories,senpai,خراز,lasakri,laskari,laaskari,3askari,lasskari,لعساكري,العساكري,لعسكاري,العسكاري,لعسكري,kwili,lemo,Kharraz,ليمو,كويلي,alkharraz,laasri,l3askri,laasikri,lassakri fz,laskri fatima,علوم خفية,NADIA STORIES,قصص مظلمة | dark stories,تونس",24,Entertainment,,PT14M25S,865,2d,hd,false,ar,ar,https://i.ytimg.com/vi/-BpTEnJLr38/maxresdefault.jpg,1,,,,,115699,6272,,0,252
226,UC9JNENLelbGff__RYGLP1jA,"Souky Stories",WYQxuY-g_e0,2024-05-02T18:00:15Z,"2024-05-02 18:00:15","من عائلة بسيطة إلى إحدى أغرب العائلات في التاريخ ⚠️ (*للكبار فقط*)‼️","مرحبا بكم في القناة، الاسم ديالي سكينة و اليوم غادي نكتاشفو خبايا هاد القصة هاد القناة دارت ليك إلى كنتي من عشاق : - قصص حقيقية - قصص رعب - قصص جرائم - قصص غريبة - قصص بوليسية - قصص مؤثرة - قصص ملهمة - قصص واقعية كانحط قصة يوم الإثنين والخميس والسبت. ماتنساش تشتارك فالقناة وتفعل الجرس باش يوصلوك فيديوهات وقصص جداد. مرحبا بيك في عالم القصص المثيرة ❤️ تابعوني ايضا على مواقع التواصل الاجتماعي إذا كنت من محبي القصص القصيرة عبر: الانستغرام : soukystories الفايسبوك : soukystories التيكتوك : soukystories الى كنتي من محبي القصص المسموعة تقدر تلقاني ف: سبوتيفاي: soukystories أنغامي: soukystories غوغل بودكاست: soukystories #explore #قصص_بالدرجة #قصص_بالدارجة #قصص_بالدارجة_المغربية #قصص_واقعية #قصص_غريبة #قصص_حقیقية #9isas_wa9i3iya #souky_stories #soukystories","soukystories,souki stories,المغرب,manar stories,lassakri,العسكري,safaa,الخراز,zineb story,قصص حقيقية,Chaimae Belkhir,Nisrine - نسرين,سوكمان sockman,NADIAS,SAFAA,حكايات رضا,الجزائر,قضايا,meryem story,@kharrazabdelkader,rajaa stories,senpai,خراز,lasakri,laskari,laaskari,3askari,lasskari,لعساكري,العساكري,لعسكاري,العسكاري,لعسكري,kwili,lemo,Kharraz,ليمو,كويلي,alkharraz,laasri,l3askri,laasikri,lassakri fz,laskri fatima,علوم خفية,NADIA STORIES,قصص مظلمة | dark stories,تونس",24,Entertainment,,PT21M26S,1286,2d,hd,false,ar,ar,https://i.ytimg.com/vi/WYQxuY-g_e0/maxresdefault.jpg,1,,,,,148100,8401,,0,429
227,UC9JNENLelbGff__RYGLP1jA,"Souky Stories",49bDMQlhGyo,2024-04-29T18:00:03Z,"2024-04-29 18:00:03","رواية كشفت عن واحدة من أغرب القضايا في بولندا ⚠️ (*للكبار فقط*) ‼️","مرحبا بكم في القناة، الاسم ديالي سكينة و اليوم غادي نكتاشفو خبايا هاد القصة هاد القناة دارت ليك إلى كنتي من عشاق : - قصص حقيقية - قصص رعب - قصص جرائم - قصص غريبة - قصص بوليسية - قصص مؤثرة - قصص ملهمة - قصص واقعية كانحط قصة يوم الإثنين والخميس والسبت. ماتنساش تشتارك فالقناة وتفعل الجرس باش يوصلوك فيديوهات وقصص جداد. مرحبا بيك في عالم القصص المثيرة ❤️ تابعوني ايضا على مواقع التواصل الاجتماعي إذا كنت من محبي القصص القصيرة عبر: الانستغرام : soukystories الفايسبوك : soukystories التيكتوك : soukystories الى كنتي من محبي القصص المسموعة تقدر تلقاني ف: سبوتيفاي: soukystories أنغامي: soukystories غوغل بودكاست: soukystories #explore #قصص_بالدرجة #قصص_بالدارجة #قصص_بالدارجة_المغربية #قصص_واقعية #قصص_غريبة #قصص_حقیقية #9isas_wa9i3iya #souky_stories #soukystories","soukystories,souki stories,المغرب,manar stories,lassakri,العسكري,safaa,الخراز,zineb story,قصص حقيقية,Chaimae Belkhir,Nisrine - نسرين,سوكمان sockman,NADIAS,SAFAA,حكايات رضا,الجزائر,قضايا,meryem story,@kharrazabdelkader,rajaa stories,senpai,خراز,lasakri,laskari,laaskari,3askari,lasskari,لعساكري,العساكري,لعسكاري,العسكاري,لعسكري,kwili,lemo,Kharraz,ليمو,كويلي,alkharraz,laasri,l3askri,laasikri,lassakri fz,laskri fatima,علوم خفية,NADIA STORIES,قصص مظلمة | dark stories,تونس",24,Entertainment,,PT27M3S,1623,2d,hd,false,ar,ar,https://i.ytimg.com/vi/49bDMQlhGyo/maxresdefault.jpg,1,,,,,199837,8596,,0,365
228,UC9JNENLelbGff__RYGLP1jA,"Souky Stories",GH4XWRTQfVs,2024-04-25T18:15:01Z,"2024-04-25 18:15:01","بسبب خطأ بسيط تم القبض على شيطان كان بينهم ⚠️ (*للكبار فقط*) ‼️","مرحبا بكم في القناة، الاسم ديالي سكينة و اليوم غادي نكتاشفو خبايا هاد القصة هاد القناة دارت ليك إلى كنتي من عشاق : - قصص حقيقية - قصص رعب - قصص جرائم - قصص غريبة - قصص بوليسية - قصص مؤثرة - قصص ملهمة - قصص واقعية كانحط قصة يوم الإثنين والخميس والسبت. ماتنساش تشتارك فالقناة وتفعل الجرس باش يوصلوك فيديوهات وقصص جداد. مرحبا بيك في عالم القصص المثيرة ❤️ تابعوني ايضا على مواقع التواصل الاجتماعي إذا كنت من محبي القصص القصيرة عبر: الانستغرام : soukystories الفايسبوك : soukystories التيكتوك : soukystories الى كنتي من محبي القصص المسموعة تقدر تلقاني ف: سبوتيفاي: soukystories أنغامي: soukystories غوغل بودكاست: soukystories #explore #قصص_بالدرجة #قصص_بالدارجة #قصص_بالدارجة_المغربية #قصص_واقعية #قصص_غريبة #قصص_حقیقية #9isas_wa9i3iya #souky_stories #soukystories","soukystories,souki stories,المغرب,manar stories,lassakri,العسكري,safaa,الخراز,zineb story,قصص حقيقية,Chaimae Belkhir,Nisrine - نسرين,سوكمان sockman,NADIAS,SAFAA,حكايات رضا,الجزائر,قضايا,meryem story,@kharrazabdelkader,rajaa stories,senpai,خراز,lasakri,laskari,laaskari,3askari,lasskari,لعساكري,العساكري,لعسكاري,العسكاري,لعسكري,kwili,lemo,Kharraz,ليمو,كويلي,alkharraz,laasri,l3askri,laasikri,lassakri fz,laskri fatima,علوم خفية,NADIA STORIES,قصص مظلمة | dark stories,تونس",24,Entertainment,,PT26M8S,1568,2d,hd,false,ar,ar,https://i.ytimg.com/vi/GH4XWRTQfVs/maxresdefault.jpg,1,,,,,178945,8663,,0,662
229,UC9JNENLelbGff__RYGLP1jA,"Souky Stories",V_kK9SKUkCM,2024-04-22T19:15:02Z,"2024-04-22 19:15:02","كارول والبنات مشاو يفوجو فالغابة وماكانوش عارفين أنهم مُرَاقَبين من طرف وحش ⚠️ (*للكبار فقط*)‼️","مرحبا بكم في القناة، الاسم ديالي سكينة و اليوم غادي نكتاشفو خبايا هاد القصة هاد القناة دارت ليك إلى كنتي من عشاق : - قصص حقيقية - قصص رعب - قصص جرائم - قصص غريبة - قصص بوليسية - قصص مؤثرة - قصص ملهمة - قصص واقعية كانحط قصة يوم الإثنين والخميس والسبت. ماتنساش تشتارك فالقناة وتفعل الجرس باش يوصلوك فيديوهات وقصص جداد. مرحبا بيك في عالم القصص المثيرة ❤️ تابعوني ايضا على مواقع التواصل الاجتماعي إذا كنت من محبي القصص القصيرة عبر: الانستغرام : soukystories الفايسبوك : soukystories التيكتوك : soukystories الى كنتي من محبي القصص المسموعة تقدر تلقاني ف: سبوتيفاي: soukystories أنغامي: soukystories غوغل بودكاست: soukystories #explore #قصص_بالدرجة #قصص_بالدارجة #قصص_بالدارجة_المغربية #قصص_واقعية #قصص_غريبة #قصص_حقیقية #9isas_wa9i3iya #souky_stories #soukystories","soukystories,souki stories,المغرب,manar stories,lassakri,العسكري,safaa,الخراز,zineb story,قصص حقيقية,Chaimae Belkhir,Nisrine - نسرين,سوكمان sockman,NADIAS,SAFAA,حكايات رضا,الجزائر,قضايا,meryem story,@kharrazabdelkader,rajaa stories,senpai,خراز,lasakri,laskari,laaskari,3askari,lasskari,لعساكري,العساكري,لعسكاري,العسكاري,لعسكري,kwili,lemo,Kharraz,ليمو,كويلي,alkharraz,laasri,l3askri,laasikri,lassakri fz,laskri fatima,علوم خفية,NADIA STORIES,قصص مظلمة | dark stories,تونس",24,Entertainment,,PT30M27S,1827,2d,hd,false,ar,ar,https://i.ytimg.com/vi/V_kK9SKUkCM/maxresdefault.jpg,1,,,,,236503,10271,,0,453
230,UC9JNENLelbGff__RYGLP1jA,"Souky Stories",7SfSXzSJZjI,2024-04-20T18:00:04Z,"2024-04-20 18:00:04","خمسة ديال الناس مشاو ينعسو ولكن غي ربعة منهم لي فاقو ⚠️ (*الليلة السوداء*) ‼️","مرحبا بكم في القناة، الاسم ديالي سكينة و اليوم غادي نكتاشفو خبايا هاد القصة هاد القناة دارت ليك إلى كنتي من عشاق : - قصص حقيقية - قصص رعب - قصص جرائم - قصص غريبة - قصص بوليسية - قصص مؤثرة - قصص ملهمة - قصص واقعية كانحط قصة يوم الإثنين والخميس والسبت. ماتنساش تشتارك فالقناة وتفعل الجرس باش يوصلوك فيديوهات وقصص جداد. مرحبا بيك في عالم القصص المثيرة ❤️ تابعوني ايضا على مواقع التواصل الاجتماعي إذا كنت من محبي القصص القصيرة عبر: الانستغرام : soukystories الفايسبوك : soukystories التيكتوك : soukystories الى كنتي من محبي القصص المسموعة تقدر تلقاني ف: سبوتيفاي: soukystories أنغامي: soukystories غوغل بودكاست: soukystories #explore #قصص_بالدرجة #قصص_بالدارجة #قصص_بالدارجة_المغربية #قصص_واقعية #قصص_غريبة #قصص_حقیقية #9isas_wa9i3iya #souky_stories #soukystories","soukystories,souki stories,المغرب,manar stories,lassakri,العسكري,safaa,الخراز,zineb story,قصص حقيقية,Chaimae Belkhir,Nisrine - نسرين,سوكمان sockman,NADIAS,SAFAA,حكايات رضا,الجزائر,قضايا,meryem story,@kharrazabdelkader,rajaa stories,senpai,خراز,lasakri,laskari,laaskari,3askari,lasskari,لعساكري,العساكري,لعسكاري,العسكاري,لعسكري,kwili,lemo,Kharraz,ليمو,كويلي,alkharraz,laasri,l3askri,laasikri,lassakri fz,laskri fatima,علوم خفية,NADIA STORIES,قصص مظلمة | dark stories,تونس",24,Entertainment,,PT23M2S,1382,2d,hd,false,ar,ar,https://i.ytimg.com/vi/7SfSXzSJZjI/maxresdefault.jpg,1,,,,,131534,6836,,0,440
231,UC9JNENLelbGff__RYGLP1jA,"Souky Stories",SAAOSnrRso0,2024-04-18T18:00:21Z,"2024-04-18 18:00:21","الطمع ديال خادم في قصر الامير تسبب في كارثة بين دولتين 🔥","مرحبا بكم في القناة، الاسم ديالي سكينة و اليوم غادي نكتاشفو خبايا هاد القصة هاد القناة دارت ليك إلى كنتي من عشاق : - قصص حقيقية - قصص رعب - قصص جرائم - قصص غريبة - قصص بوليسية - قصص مؤثرة - قصص ملهمة - قصص واقعية كانحط قصة يوم الإثنين والخميس والسبت. ماتنساش تشتارك فالقناة وتفعل الجرس باش يوصلوك فيديوهات وقصص جداد. مرحبا بيك في عالم القصص المثيرة ❤️ تابعوني ايضا على مواقع التواصل الاجتماعي إذا كنت من محبي القصص القصيرة عبر: الانستغرام : soukystories الفايسبوك : soukystories التيكتوك : soukystories الى كنتي من محبي القصص المسموعة تقدر تلقاني ف: سبوتيفاي: soukystories أنغامي: soukystories غوغل بودكاست: soukystories #explore #قصص_بالدرجة #قصص_بالدارجة #قصص_بالدارجة_المغربية #قصص_واقعية #قصص_غريبة #قصص_حقیقية #9isas_wa9i3iya #souky_stories #soukystories","soukystories,souki stories,المغرب,manar stories,lassakri,العسكري,safaa,الخراز,zineb story,قصص حقيقية,Chaimae Belkhir,Nisrine - نسرين,سوكمان sockman,NADIAS,SAFAA,حكايات رضا,الجزائر,قضايا,meryem story,@kharrazabdelkader,rajaa stories,senpai,خراز,lasakri,laskari,laaskari,3askari,lasskari,لعساكري,العساكري,لعسكاري,العسكاري,لعسكري,kwili,lemo,Kharraz,ليمو,كويلي,alkharraz,laasri,l3askri,laasikri,lassakri fz,laskri fatima,علوم خفية,NADIA STORIES,قصص مظلمة | dark stories,تونس",24,Entertainment,,PT22M19S,1339,2d,hd,false,ar,ar,https://i.ytimg.com/vi/SAAOSnrRso0/maxresdefault.jpg,1,,,,,118259,7781,,0,306
232,UC9JNENLelbGff__RYGLP1jA,"Souky Stories",3za7S_LkZgE,2024-04-15T18:00:01Z,"2024-04-15 18:00:01","هروب شخصين من مصحة عقلية وما فعلوه كان صادم ⚠️ (*للكبار فقط*) ‼️","مرحبا بكم في القناة، الاسم ديالي سكينة و اليوم غادي نكتاشفو خبايا هاد القصة هاد القناة دارت ليك إلى كنتي من عشاق : - قصص حقيقية - قصص رعب - قصص جرائم - قصص غريبة - قصص بوليسية - قصص مؤثرة - قصص ملهمة - قصص واقعية كانحط قصة كل إثنين وخميس. ماتنساش تشتارك فالقناة وتفعل الجرس باش يوصلوك فيديوهات وقصص جداد. مرحبا بيك في عالم القصص المثيرة ❤️ تابعوني ايضا على مواقع التواصل الاجتماعي إذا كنت من محبي القصص القصيرة عبر: الانستغرام : soukystories الفايسبوك : soukystories التيكتوك : soukystories الى كنتي من محبي القصص المسموعة تقدر تلقاني ف: سبوتيفاي: soukystories أنغامي: soukystories غوغل بودكاست: soukystories #explore #قصص_بالدرجة #قصص_بالدارجة #قصص_بالدارجة_المغربية #قصص_واقعية #قصص_غريبة #قصص_حقیقية #9isas_wa9i3iya #souky_stories #soukystories","soukystories,souki stories,المغرب,manar stories,lassakri,العسكري,safaa,الخراز,zineb story,قصص حقيقية,Chaimae Belkhir,Nisrine - نسرين,سوكمان sockman,NADIAS,SAFAA,حكايات رضا,الجزائر,قضايا,meryem story,@kharrazabdelkader,rajaa stories,senpai,خراز,lasakri,laskari,laaskari,3askari,lasskari,لعساكري,العساكري,لعسكاري,العسكاري,لعسكري,kwili,lemo,Kharraz,ليمو,كويلي,alkharraz,laasri,l3askri,laasikri,lassakri fz,laskri fatima,علوم خفية,NADIA STORIES,قصص مظلمة | dark stories,تونس",24,Entertainment,,PT29M26S,1766,2d,hd,false,ar,ar,https://i.ytimg.com/vi/3za7S_LkZgE/maxresdefault.jpg,1,,,,,226664,8975,,0,370
233,UC9JNENLelbGff__RYGLP1jA,"Souky Stories",3uwmn94ow2o,2024-04-13T20:00:02Z,"2024-04-13 20:00:02","اختفاء سامانتا يكشف احدى أغرب القضايا في تاريخ أمريكا⚠️ (*للكبار فقط*)‼️","مرحبا بكم في القناة، الاسم ديالي سكينة و اليوم غادي نكتاشفو خبايا هاد القصة هاد القناة دارت ليك إلى كنتي من عشاق : - قصص حقيقية - قصص رعب - قصص جرائم - قصص غريبة - قصص بوليسية - قصص مؤثرة - قصص ملهمة - قصص واقعية كانحط قصة كل إثنين وخميس. ماتنساش تشتارك فالقناة وتفعل الجرس باش يوصلوك فيديوهات وقصص جداد. مرحبا بيك في عالم القصص المثيرة ❤️ تابعوني ايضا على مواقع التواصل الاجتماعي إذا كنت من محبي القصص القصيرة عبر: الانستغرام : soukystories الفايسبوك : soukystories التيكتوك : soukystories الى كنتي من محبي القصص المسموعة تقدر تلقاني ف: سبوتيفاي: soukystories أنغامي: soukystories غوغل بودكاست: soukystories #explore #قصص_بالدرجة #قصص_بالدارجة #قصص_بالدارجة_المغربية #قصص_واقعية #قصص_غريبة #قصص_حقیقية #9isas_wa9i3iya #souky_stories #soukystories","soukystories,souki stories,المغرب,manar stories,lassakri,العسكري,safaa,الخراز,zineb story,قصص حقيقية,Chaimae Belkhir,Nisrine - نسرين,سوكمان sockman,NADIAS,SAFAA,حكايات رضا,الجزائر,قضايا,meryem story,@kharrazabdelkader,rajaa stories,senpai,خراز,lasakri,laskari,laaskari,3askari,lasskari,لعساكري,العساكري,لعسكاري,العسكاري,لعسكري,kwili,lemo,Kharraz,ليمو,كويلي,alkharraz,laasri,l3askri,laasikri,lassakri fz,laskri fatima,علوم خفية,NADIA STORIES,قصص مظلمة | dark stories,تونس",24,Entertainment,,PT30M44S,1844,2d,hd,false,ar,ar,https://i.ytimg.com/vi/3uwmn94ow2o/maxresdefault.jpg,1,,,,,347316,11766,,0,458
234,UC9JNENLelbGff__RYGLP1jA,"Souky Stories",KRtPtnIw31I,2024-04-09T15:30:05Z,"2024-04-09 15:30:05","حساء لحم يحل لغز قضية صادمة في الهند ⚠️ (*للكبار فقط*)‼️","مرحبا بكم في القناة، الاسم ديالي سكينة و اليوم غادي نكتاشفو خبايا هاد القصة هاد القناة دارت ليك إلى كنتي من عشاق : - قصص حقيقية - قصص رعب - قصص جرائم - قصص غريبة - قصص بوليسية - قصص مؤثرة - قصص ملهمة - قصص واقعية كانحط قصة كل إثنين وخميس. ماتنساش تشتارك فالقناة وتفعل الجرس باش يوصلوك فيديوهات وقصص جداد. مرحبا بيك في عالم القصص المثيرة ❤️ تابعوني ايضا على مواقع التواصل الاجتماعي إذا كنت من محبي القصص القصيرة عبر: الانستغرام : soukystories الفايسبوك : soukystories التيكتوك : soukystories الى كنتي من محبي القصص المسموعة تقدر تلقاني ف: سبوتيفاي: soukystories أنغامي: soukystories غوغل بودكاست: soukystories #explore #قصص_بالدرجة #قصص_بالدارجة #قصص_بالدارجة_المغربية #قصص_واقعية #قصص_غريبة #قصص_حقیقية #9isas_wa9i3iya #souky_stories #soukystories","soukystories,souki stories,المغرب,manar stories,lassakri,العسكري,safaa,الخراز,zineb story,قصص حقيقية,Chaimae Belkhir,Nisrine - نسرين,سوكمان sockman,NADIAS,SAFAA,حكايات رضا,الجزائر,قضايا,meryem story,@kharrazabdelkader,rajaa stories,senpai,خراز,lasakri,laskari,laaskari,3askari,lasskari,لعساكري,العساكري,لعسكاري,العسكاري,لعسكري,kwili,lemo,Kharraz,ليمو,كويلي,alkharraz,laasri,l3askri,laasikri,lassakri fz,laskri fatima,علوم خفية,NADIA STORIES,قصص مظلمة | dark stories,تونس",24,Entertainment,,PT20M2S,1202,2d,hd,false,ar,ar,https://i.ytimg.com/vi/KRtPtnIw31I/maxresdefault.jpg,1,,,,,214841,10325,,0,729
235,UC9JNENLelbGff__RYGLP1jA,"Souky Stories",Lj0yAdcRpWE,2024-04-08T14:00:22Z,"2024-04-08 14:00:22","قصة الخواتات لي بسباب قساوة الحياة تحولو لوحوش ⚠️ (*للكبار فقط*)‼️","مرحبا بكم في القناة، الاسم ديالي سكينة و اليوم غادي نكتاشفو خبايا هاد القصة هاد القناة دارت ليك إلى كنتي من عشاق : - قصص حقيقية - قصص رعب - قصص جرائم - قصص غريبة - قصص بوليسية - قصص مؤثرة - قصص ملهمة - قصص واقعية كانحط قصة كل إثنين وخميس. ماتنساش تشتارك فالقناة وتفعل الجرس باش يوصلوك فيديوهات وقصص جداد. مرحبا بيك في عالم القصص المثيرة ❤️ تابعوني ايضا على مواقع التواصل الاجتماعي إذا كنت من محبي القصص القصيرة عبر: الانستغرام : soukystories الفايسبوك : soukystories التيكتوك : soukystories الى كنتي من محبي القصص المسموعة تقدر تلقاني ف: سبوتيفاي: soukystories أنغامي: soukystories غوغل بودكاست: soukystories #explore #قصص_بالدرجة #قصص_بالدارجة #قصص_بالدارجة_المغربية #قصص_واقعية #قصص_غريبة #قصص_حقیقية #9isas_wa9i3iya #souky_stories #soukystories","soukystories,souki stories,المغرب,manar stories,lassakri,العسكري,safaa,الخراز,zineb story,قصص حقيقية,Chaimae Belkhir,Nisrine - نسرين,سوكمان sockman,NADIAS,SAFAA,حكايات رضا,الجزائر,قضايا,meryem story,@kharrazabdelkader,rajaa stories,senpai,خراز,lasakri,laskari,laaskari,3askari,lasskari,لعساكري,العساكري,لعسكاري,العسكاري,لعسكري,kwili,lemo,Kharraz,ليمو,كويلي,alkharraz,laasri,l3askri,laasikri,lassakri fz,laskri fatima,علوم خفية,NADIA STORIES,قصص مظلمة | dark stories,تونس",24,Entertainment,,PT21M51S,1311,2d,hd,false,ar,ar,https://i.ytimg.com/vi/Lj0yAdcRpWE/maxresdefault.jpg,1,,,,,151531,7006,,0,296
236,UC9JNENLelbGff__RYGLP1jA,"Souky Stories",vKMxAxTT-5A,2024-04-07T14:00:41Z,"2024-04-07 14:00:41","فاش البوليس اكتاشفو أن واحد من الشهود هو نيت المجرم ⚠️ (*للكبار فقط*) ‼️","مرحبا بكم في القناة، الاسم ديالي سكينة و اليوم غادي نكتاشفو خبايا هاد القصة هاد القناة دارت ليك إلى كنتي من عشاق : - قصص حقيقية - قصص رعب - قصص جرائم - قصص غريبة - قصص بوليسية - قصص مؤثرة - قصص ملهمة - قصص واقعية كانحط قصة كل إثنين وخميس. ماتنساش تشتارك فالقناة وتفعل الجرس باش يوصلوك فيديوهات وقصص جداد. مرحبا بيك في عالم القصص المثيرة ❤️ تابعوني ايضا على مواقع التواصل الاجتماعي إذا كنت من محبي القصص القصيرة عبر: الانستغرام : soukystories الفايسبوك : soukystories التيكتوك : soukystories الى كنتي من محبي القصص المسموعة تقدر تلقاني ف: سبوتيفاي: soukystories أنغامي: soukystories غوغل بودكاست: soukystories #explore #قصص_بالدرجة #قصص_بالدارجة #قصص_بالدارجة_المغربية #قصص_واقعية #قصص_غريبة #قصص_حقیقية #9isas_wa9i3iya #souky_stories #soukystories","soukystories,souki stories,المغرب,manar stories,lassakri,العسكري,safaa,الخراز,zineb story,قصص حقيقية,Chaimae Belkhir,Nisrine - نسرين,سوكمان sockman,NADIAS,SAFAA,حكايات رضا,الجزائر,قضايا,meryem story,@kharrazabdelkader,rajaa stories,senpai,خراز,lasakri,laskari,laaskari,3askari,lasskari,لعساكري,العساكري,لعسكاري,العسكاري,لعسكري,kwili,lemo,Kharraz,ليمو,كويلي,alkharraz,laasri,l3askri,laasikri,lassakri fz,laskri fatima,علوم خفية,NADIA STORIES,قصص مظلمة | dark stories,تونس",24,Entertainment,,PT19M1S,1141,2d,hd,false,ar,ar,https://i.ytimg.com/vi/vKMxAxTT-5A/maxresdefault.jpg,1,,,,,124158,6440,,0,289
237,UC9JNENLelbGff__RYGLP1jA,"Souky Stories",kmx-sWp-Juc,2024-04-06T14:00:36Z,"2024-04-06 14:00:36","الفاجعة التي هزت الرأي العام في بنكلاديش ⚠️ (*للكبار فقط*) ‼️","مرحبا بكم في القناة، الاسم ديالي سكينة و اليوم غادي نكتاشفو خبايا هاد القصة هاد القناة دارت ليك إلى كنتي من عشاق : - قصص حقيقية - قصص رعب - قصص جرائم - قصص غريبة - قصص بوليسية - قصص مؤثرة - قصص ملهمة - قصص واقعية كانحط قصة كل إثنين وخميس. ماتنساش تشتارك فالقناة وتفعل الجرس باش يوصلوك فيديوهات وقصص جداد. مرحبا بيك في عالم القصص المثيرة ❤️ تابعوني ايضا على مواقع التواصل الاجتماعي إذا كنت من محبي القصص القصيرة عبر: الانستغرام : soukystories الفايسبوك : soukystories التيكتوك : soukystories الى كنتي من محبي القصص المسموعة تقدر تلقاني ف: سبوتيفاي: soukystories أنغامي: soukystories غوغل بودكاست: soukystories #explore #قصص_بالدرجة #قصص_بالدارجة #قصص_بالدارجة_المغربية #قصص_واقعية #قصص_غريبة #قصص_حقیقية #9isas_wa9i3iya #souky_stories #soukystories","soukystories,souki stories,المغرب,manar stories,lassakri,العسكري,safaa,الخراز,zineb story,قصص حقيقية,Chaimae Belkhir,Nisrine - نسرين,سوكمان sockman,NADIAS,SAFAA,حكايات رضا,الجزائر,قضايا,meryem story,@kharrazabdelkader,rajaa stories,senpai,خراز,lasakri,laskari,laaskari,3askari,lasskari,لعساكري,العساكري,لعسكاري,العسكاري,لعسكري,kwili,lemo,Kharraz,ليمو,كويلي,alkharraz,laasri,l3askri,laasikri,lassakri fz,laskri fatima,علوم خفية,NADIA STORIES,قصص مظلمة | dark stories,تونس",24,Entertainment,,PT16M19S,979,2d,hd,false,ar,ar,https://i.ytimg.com/vi/kmx-sWp-Juc/maxresdefault.jpg,1,,,,,138127,7139,,0,313
238,UC9JNENLelbGff__RYGLP1jA,"Souky Stories",2jBRj1vuTmg,2024-04-05T14:00:02Z,"2024-04-05 14:00:02","فرانسيس اختفى من بيت النعاس والفاعل واحد من مالين الدار ⚠️ (*للكبار فقط*) ‼️","مرحبا بكم في القناة، الاسم ديالي سكينة و اليوم غادي نكتاشفو خبايا هاد القصة هاد القناة دارت ليك إلى كنتي من عشاق : - قصص حقيقية - قصص رعب - قصص جرائم - قصص غريبة - قصص بوليسية - قصص مؤثرة - قصص ملهمة - قصص واقعية كانحط قصة كل إثنين وخميس. ماتنساش تشتارك فالقناة وتفعل الجرس باش يوصلوك فيديوهات وقصص جداد. مرحبا بيك في عالم القصص المثيرة ❤️ تابعوني ايضا على مواقع التواصل الاجتماعي إذا كنت من محبي القصص القصيرة عبر: الانستغرام : soukystories الفايسبوك : soukystories التيكتوك : soukystories الى كنتي من محبي القصص المسموعة تقدر تلقاني ف: سبوتيفاي: soukystories أنغامي: soukystories غوغل بودكاست: soukystories #explore #قصص_بالدرجة #قصص_بالدارجة #قصص_بالدارجة_المغربية #قصص_واقعية #قصص_غريبة #قصص_حقیقية #9isas_wa9i3iya #souky_stories #soukystories","soukystories,souki stories,المغرب,manar stories,lassakri,العسكري,safaa,الخراز,zineb story,قصص حقيقية,Chaimae Belkhir,Nisrine - نسرين,سوكمان sockman,NADIAS,SAFAA,حكايات رضا,الجزائر,قضايا,meryem story,@kharrazabdelkader,rajaa stories,senpai,خراز,lasakri,laskari,laaskari,3askari,lasskari,لعساكري,العساكري,لعسكاري,العسكاري,لعسكري,kwili,lemo,Kharraz,ليمو,كويلي,alkharraz,laasri,l3askri,laasikri,lassakri fz,laskri fatima,علوم خفية,NADIA STORIES,قصص مظلمة | dark stories,تونس",24,Entertainment,,PT18M18S,1098,2d,hd,false,ar,ar,https://i.ytimg.com/vi/2jBRj1vuTmg/maxresdefault.jpg,1,,,,,111920,6115,,0,245
239,UC9JNENLelbGff__RYGLP1jA,"Souky Stories",uTqXe7GO3TA,2024-04-04T14:00:42Z,"2024-04-04 14:00:42","عجائز نفذوا أذكى عملية سرقة ولكن بسبب خطأ بسيط تم القبض عليهم 🔥","مرحبا بكم في القناة، الاسم ديالي سكينة و اليوم غادي نكتاشفو خبايا هاد القصة هاد القناة دارت ليك إلى كنتي من عشاق : - قصص حقيقية - قصص رعب - قصص جرائم - قصص غريبة - قصص بوليسية - قصص مؤثرة - قصص ملهمة - قصص واقعية كانحط قصة كل إثنين وخميس. ماتنساش تشتارك فالقناة وتفعل الجرس باش يوصلوك فيديوهات وقصص جداد. مرحبا بيك في عالم القصص المثيرة ❤️ تابعوني ايضا على مواقع التواصل الاجتماعي إذا كنت من محبي القصص القصيرة عبر: الانستغرام : soukystories الفايسبوك : soukystories التيكتوك : soukystories الى كنتي من محبي القصص المسموعة تقدر تلقاني ف: سبوتيفاي: soukystories أنغامي: soukystories غوغل بودكاست: soukystories #explore #قصص_بالدرجة #قصص_بالدارجة #قصص_بالدارجة_المغربية #قصص_واقعية #قصص_غريبة #قصص_حقیقية #9isas_wa9i3iya #souky_stories #soukystories","soukystories,souki stories,المغرب,manar stories,lassakri,العسكري,safaa,الخراز,zineb story,قصص حقيقية,Chaimae Belkhir,Nisrine - نسرين,سوكمان sockman,NADIAS,SAFAA,حكايات رضا,الجزائر,قضايا,meryem story,@kharrazabdelkader,rajaa stories,senpai,خراز,lasakri,laskari,laaskari,3askari,lasskari,لعساكري,العساكري,لعسكاري,العسكاري,لعسكري,kwili,lemo,Kharraz,ليمو,كويلي,alkharraz,laasri,l3askri,laasikri,lassakri fz,laskri fatima,علوم خفية,NADIA STORIES,قصص مظلمة | dark stories,تونس",24,Entertainment,,PT22M4S,1324,2d,hd,false,ar,ar,https://i.ytimg.com/vi/uTqXe7GO3TA/maxresdefault.jpg,1,,,,,95799,5015,,0,254
240,UC9JNENLelbGff__RYGLP1jA,"Souky Stories",ASywB_XP_0I,2024-04-03T14:00:14Z,"2024-04-03 14:00:14","كارط ميموار بينات الحقيقة ديال وحش ⚠️ (للكبار فقط) ‼️","مرحبا بكم في القناة، الاسم ديالي سكينة و اليوم غادي نكتاشفو خبايا هاد القصة هاد القناة دارت ليك إلى كنتي من عشاق : - قصص حقيقية - قصص رعب - قصص جرائم - قصص غريبة - قصص بوليسية - قصص مؤثرة - قصص ملهمة - قصص واقعية كانحط قصة كل إثنين وخميس. ماتنساش تشتارك فالقناة وتفعل الجرس باش يوصلوك فيديوهات وقصص جداد. مرحبا بيك في عالم القصص المثيرة ❤️ تابعوني ايضا على مواقع التواصل الاجتماعي إذا كنت من محبي القصص القصيرة عبر: الانستغرام : soukystories الفايسبوك : soukystories التيكتوك : soukystories الى كنتي من محبي القصص المسموعة تقدر تلقاني ف: سبوتيفاي: soukystories أنغامي: soukystories غوغل بودكاست: soukystories #explore #قصص_بالدرجة #قصص_بالدارجة #قصص_بالدارجة_المغربية #قصص_واقعية #قصص_غريبة #قصص_حقیقية #9isas_wa9i3iya #souky_stories #soukystories","soukystories,souki stories,المغرب,manar stories,lassakri,العسكري,safaa,الخراز,zineb story,قصص حقيقية,Chaimae Belkhir,Nisrine - نسرين,سوكمان sockman,NADIAS,SAFAA,حكايات رضا,الجزائر,قضايا,meryem story,@kharrazabdelkader,rajaa stories,senpai,خراز,lasakri,laskari,laaskari,3askari,lasskari,لعساكري,العساكري,لعسكاري,العسكاري,لعسكري,kwili,lemo,Kharraz,ليمو,كويلي,alkharraz,laasri,l3askri,laasikri,lassakri fz,laskri fatima,علوم خفية,NADIA STORIES,قصص مظلمة | dark stories,تونس",24,Entertainment,,PT21M2S,1262,2d,hd,false,ar,ar,https://i.ytimg.com/vi/ASywB_XP_0I/maxresdefault.jpg,1,,,,,144871,7535,,0,322
241,UC9JNENLelbGff__RYGLP1jA,"Souky Stories",IfTIy0pPZQU,2024-04-02T14:00:21Z,"2024-04-02 14:00:21","حياتها تحولات لجحيم بسباب الورث والنهاية صادمة ⚠️ (*للكبار فقط*)‼️","مرحبا بكم في القناة، الاسم ديالي سكينة و اليوم غادي نكتاشفو خبايا هاد القصة هاد القناة دارت ليك إلى كنتي من عشاق : - قصص حقيقية - قصص رعب - قصص جرائم - قصص غريبة - قصص بوليسية - قصص مؤثرة - قصص ملهمة - قصص واقعية كانحط قصة كل إثنين وخميس. ماتنساش تشتارك فالقناة وتفعل الجرس باش يوصلوك فيديوهات وقصص جداد. مرحبا بيك في عالم القصص المثيرة ❤️ تابعوني ايضا على مواقع التواصل الاجتماعي إذا كنت من محبي القصص القصيرة عبر: الانستغرام : soukystories الفايسبوك : soukystories التيكتوك : soukystories الى كنتي من محبي القصص المسموعة تقدر تلقاني ف: سبوتيفاي: soukystories أنغامي: soukystories غوغل بودكاست: soukystories #explore #قصص_بالدرجة #قصص_بالدارجة #قصص_بالدارجة_المغربية #قصص_واقعية #قصص_غريبة #قصص_حقیقية #9isas_wa9i3iya #souky_stories #soukystories","soukystories,souki stories,المغرب,manar stories,lassakri,العسكري,safaa,الخراز,zineb story,قصص حقيقية,Chaimae Belkhir,Nisrine - نسرين,سوكمان sockman,NADIAS,SAFAA,حكايات رضا,الجزائر,قضايا,meryem story,@kharrazabdelkader,rajaa stories,senpai,خراز,lasakri,laskari,laaskari,3askari,lasskari,لعساكري,العساكري,لعسكاري,العسكاري,لعسكري,kwili,lemo,Kharraz,ليمو,كويلي,alkharraz,laasri,l3askri,laasikri,lassakri fz,laskri fatima,علوم خفية,NADIA STORIES,قصص مظلمة | dark stories,تونس",24,Entertainment,,PT18M16S,1096,2d,hd,false,ar,ar,https://i.ytimg.com/vi/IfTIy0pPZQU/maxresdefault.jpg,1,,,,,108068,6056,,0,245
242,UC9JNENLelbGff__RYGLP1jA,"Souky Stories",ZNlUoUyoIw8,2024-04-01T14:00:32Z,"2024-04-01 14:00:32","ثلاثة ديال الصحابات خرجوا القهوة ولكن غي جوج لي رجعو ⚠️(*مع تسجيلات الكاميرا*)‼️","مرحبا بكم في القناة، الاسم ديالي سكينة و اليوم غادي نكتاشفو خبايا هاد القصة هاد القناة دارت ليك إلى كنتي من عشاق : - قصص حقيقية - قصص رعب - قصص جرائم - قصص غريبة - قصص بوليسية - قصص مؤثرة - قصص ملهمة - قصص واقعية كانحط قصة كل إثنين وخميس. ماتنساش تشتارك فالقناة وتفعل الجرس باش يوصلوك فيديوهات وقصص جداد. مرحبا بيك في عالم القصص المثيرة ❤️ تابعوني ايضا على مواقع التواصل الاجتماعي إذا كنت من محبي القصص القصيرة عبر: الانستغرام : soukystories الفايسبوك : soukystories التيكتوك : soukystories الى كنتي من محبي القصص المسموعة تقدر تلقاني ف: سبوتيفاي: soukystories أنغامي: soukystories غوغل بودكاست: soukystories #explore #قصص_بالدرجة #قصص_بالدارجة #قصص_بالدارجة_المغربية #قصص_واقعية #قصص_غريبة #قصص_حقیقية #9isas_wa9i3iya #souky_stories #soukystories","soukystories,souki stories,المغرب,manar stories,lassakri,العسكري,safaa,الخراز,zineb story,قصص حقيقية,Chaimae Belkhir,Nisrine - نسرين,سوكمان sockman,NADIAS,SAFAA,حكايات رضا,الجزائر,قضايا,meryem story,@kharrazabdelkader,rajaa stories,senpai,خراز,lasakri,laskari,laaskari,3askari,lasskari,لعساكري,العساكري,لعسكاري,العسكاري,لعسكري,kwili,lemo,Kharraz,ليمو,كويلي,alkharraz,laasri,l3askri,laasikri,lassakri fz,laskri fatima,علوم خفية,NADIA STORIES,قصص مظلمة | dark stories,تونس",24,Entertainment,,PT18M1S,1081,2d,hd,false,ar,ar,https://i.ytimg.com/vi/ZNlUoUyoIw8/maxresdefault.jpg,1,,,,,167936,8344,,0,324
243,UC9JNENLelbGff__RYGLP1jA,"Souky Stories",s3UiEIm7Gcs,2024-03-31T14:00:37Z,"2024-03-31 14:00:37","الدار لي سكن فيها كيسمع تما بالليل أصوات مرعبة والسبب صادم ⚠️ (*للكبار فقط*) ‼️","مرحبا بكم في القناة، الاسم ديالي سكينة و اليوم غادي نكتاشفو خبايا هاد القصة هاد القناة دارت ليك إلى كنتي من عشاق : - قصص حقيقية - قصص رعب - قصص جرائم - قصص غريبة - قصص بوليسية - قصص مؤثرة - قصص ملهمة - قصص واقعية كانحط قصة كل إثنين وخميس. ماتنساش تشتارك فالقناة وتفعل الجرس باش يوصلوك فيديوهات وقصص جداد. مرحبا بيك في عالم القصص المثيرة ❤️ تابعوني ايضا على مواقع التواصل الاجتماعي إذا كنت من محبي القصص القصيرة عبر: الانستغرام : soukystories الفايسبوك : soukystories التيكتوك : soukystories الى كنتي من محبي القصص المسموعة تقدر تلقاني ف: سبوتيفاي: soukystories أنغامي: soukystories غوغل بودكاست: soukystories #explore #قصص_بالدرجة #قصص_بالدارجة #قصص_بالدارجة_المغربية #قصص_واقعية #قصص_غريبة #قصص_حقیقية #9isas_wa9i3iya #souky_stories #soukystories","soukystories,souki stories,المغرب,manar stories,lassakri,العسكري,safaa,الخراز,zineb story,قصص حقيقية,Chaimae Belkhir,Nisrine - نسرين,سوكمان sockman,NADIAS,SAFAA,حكايات رضا,الجزائر,قضايا,meryem story,@kharrazabdelkader,rajaa stories,senpai,خراز,lasakri,laskari,laaskari,3askari,lasskari,لعساكري,العساكري,لعسكاري,العسكاري,لعسكري,kwili,lemo,Kharraz,ليمو,كويلي,alkharraz,laasri,l3askri,laasikri,lassakri fz,laskri fatima,علوم خفية,NADIA STORIES,قصص مظلمة | dark stories,تونس",24,Entertainment,,PT25M24S,1524,2d,hd,false,ar,ar,https://i.ytimg.com/vi/s3UiEIm7Gcs/maxresdefault.jpg,1,,,,,131388,7288,,0,418
244,UC9JNENLelbGff__RYGLP1jA,"Souky Stories",myj34c66AQI,2024-03-30T14:00:38Z,"2024-03-30 14:00:38","قصة الأم لي نتاقمات لبنتها بطريقة ذكية ⚠️ (*للكبار فقط*) ‼️","مرحبا بكم في القناة، الاسم ديالي سكينة و اليوم غادي نكتاشفو خبايا هاد القصة هاد القناة دارت ليك إلى كنتي من عشاق : - قصص حقيقية - قصص رعب - قصص جرائم - قصص غريبة - قصص بوليسية - قصص مؤثرة - قصص ملهمة - قصص واقعية كانحط قصة كل إثنين وخميس. ماتنساش تشتارك فالقناة وتفعل الجرس باش يوصلوك فيديوهات وقصص جداد. مرحبا بيك في عالم القصص المثيرة ❤️ تابعوني ايضا على مواقع التواصل الاجتماعي إذا كنت من محبي القصص القصيرة عبر: الانستغرام : soukystories الفايسبوك : soukystories التيكتوك : soukystories الى كنتي من محبي القصص المسموعة تقدر تلقاني ف: سبوتيفاي: soukystories أنغامي: soukystories غوغل بودكاست: soukystories #explore #قصص_بالدرجة #قصص_بالدارجة #قصص_بالدارجة_المغربية #قصص_واقعية #قصص_غريبة #قصص_حقیقية #9isas_wa9i3iya #souky_stories #soukystories","soukystories,souki stories,المغرب,manar stories,lassakri,العسكري,safaa,الخراز,zineb story,قصص حقيقية,Chaimae Belkhir,Nisrine - نسرين,سوكمان sockman,NADIAS,SAFAA,حكايات رضا,الجزائر,قضايا,meryem story,@kharrazabdelkader,rajaa stories,senpai,خراز,lasakri,laskari,laaskari,3askari,lasskari,لعساكري,العساكري,لعسكاري,العسكاري,لعسكري,kwili,lemo,Kharraz,ليمو,كويلي,alkharraz,laasri,l3askri,laasikri,lassakri fz,laskri fatima,علوم خفية,NADIA STORIES,قصص مظلمة | dark stories,تونس",24,Entertainment,,PT30M3S,1803,2d,hd,false,ar,ar,https://i.ytimg.com/vi/myj34c66AQI/maxresdefault.jpg,1,,,,,232599,10053,,0,356
245,UC9JNENLelbGff__RYGLP1jA,"Souky Stories",ign9cziqs7c,2024-03-29T14:00:37Z,"2024-03-29 14:00:37","أعظم عملية سرقة في أمريكا 🔥 البوليس تصدمو فاش عرفو شكون دارها","مرحبا بكم في القناة، الاسم ديالي سكينة و اليوم غادي نكتاشفو خبايا هاد القصة هاد القناة دارت ليك إلى كنتي من عشاق : - قصص حقيقية - قصص رعب - قصص جرائم - قصص غريبة - قصص بوليسية - قصص مؤثرة - قصص ملهمة - قصص واقعية كانحط قصة كل إثنين وخميس. ماتنساش تشتارك فالقناة وتفعل الجرس باش يوصلوك فيديوهات وقصص جداد. مرحبا بيك في عالم القصص المثيرة ❤️ تابعوني ايضا على مواقع التواصل الاجتماعي إذا كنت من محبي القصص القصيرة عبر: الانستغرام : soukystories الفايسبوك : soukystories التيكتوك : soukystories الى كنتي من محبي القصص المسموعة تقدر تلقاني ف: سبوتيفاي: soukystories أنغامي: soukystories غوغل بودكاست: soukystories #explore #قصص_بالدرجة #قصص_بالدارجة #قصص_بالدارجة_المغربية #قصص_واقعية #قصص_غريبة #قصص_حقیقية #9isas_wa9i3iya #souky_stories #soukystories","soukystories,souki stories,المغرب,manar stories,lassakri,العسكري,safaa,الخراز,zineb story,قصص حقيقية,Chaimae Belkhir,Nisrine - نسرين,سوكمان sockman,NADIAS,SAFAA,حكايات رضا,الجزائر,قضايا,meryem story,@kharrazabdelkader,rajaa stories,senpai,خراز,lasakri,laskari,laaskari,3askari,lasskari,لعساكري,العساكري,لعسكاري,العسكاري,لعسكري,kwili,lemo,Kharraz,ليمو,كويلي,alkharraz,laasri,l3askri,laasikri,lassakri fz,laskri fatima,علوم خفية,NADIA STORIES,قصص مظلمة | dark stories,تونس",24,Entertainment,,PT29M28S,1768,2d,hd,false,ar,ar,https://i.ytimg.com/vi/ign9cziqs7c/maxresdefault.jpg,1,,,,,115139,5541,,0,281
246,UC9JNENLelbGff__RYGLP1jA,"Souky Stories",BV3WjfpxUh4,2024-03-28T14:00:07Z,"2024-03-28 14:00:07","كيفاش قدر شاب يعيش فواحد من أخطر السجون فأمريكا ⚠️ (*للكبار فقط*)‼️","مرحبا بكم في القناة، الاسم ديالي سكينة و اليوم غادي نكتاشفو خبايا هاد القصة هاد القناة دارت ليك إلى كنتي من عشاق : - قصص حقيقية - قصص رعب - قصص جرائم - قصص غريبة - قصص بوليسية - قصص مؤثرة - قصص ملهمة - قصص واقعية كانحط قصة كل إثنين وخميس. ماتنساش تشتارك فالقناة وتفعل الجرس باش يوصلوك فيديوهات وقصص جداد. مرحبا بيك في عالم القصص المثيرة ❤️ تابعوني ايضا على مواقع التواصل الاجتماعي إذا كنت من محبي القصص القصيرة عبر: الانستغرام : soukystories الفايسبوك : soukystories التيكتوك : soukystories الى كنتي من محبي القصص المسموعة تقدر تلقاني ف: سبوتيفاي: soukystories أنغامي: soukystories غوغل بودكاست: soukystories #explore #قصص_بالدرجة #قصص_بالدارجة #قصص_بالدارجة_المغربية #قصص_واقعية #قصص_غريبة #قصص_حقیقية #9isas_wa9i3iya #souky_stories #soukystories","soukystories,souki stories,المغرب,manar stories,lassakri,العسكري,safaa,الخراز,zineb story,قصص حقيقية,Chaimae Belkhir,Nisrine - نسرين,سوكمان sockman,NADIAS,SAFAA,حكايات رضا,الجزائر,قضايا,meryem story,@kharrazabdelkader,rajaa stories,senpai,خراز,lasakri,laskari,laaskari,3askari,lasskari,لعساكري,العساكري,لعسكاري,العسكاري,لعسكري,kwili,lemo,Kharraz,ليمو,كويلي,alkharraz,laasri,l3askri,laasikri,lassakri fz,laskri fatima,علوم خفية,NADIA STORIES,قصص مظلمة | dark stories,تونس",24,Entertainment,Society,PT28M42S,1722,2d,hd,false,ar,ar,https://i.ytimg.com/vi/BV3WjfpxUh4/maxresdefault.jpg,1,,,,,171721,7910,,0,283
247,UC9JNENLelbGff__RYGLP1jA,"Souky Stories",vrV4dQz1ksc,2024-03-27T14:00:41Z,"2024-03-27 14:00:41","ربح ثلاتين مليون دولار فالقمر وتحولات للعنة على حياتو ⚠️ (*للكبار فقط*) ‼️","مرحبا بكم في القناة، الاسم ديالي سكينة و اليوم غادي نكتاشفو خبايا هاد القصة هاد القناة دارت ليك إلى كنتي من عشاق : - قصص حقيقية - قصص رعب - قصص جرائم - قصص غريبة - قصص بوليسية - قصص مؤثرة - قصص ملهمة - قصص واقعية كانحط قصة كل إثنين وخميس. ماتنساش تشتارك فالقناة وتفعل الجرس باش يوصلوك فيديوهات وقصص جداد. مرحبا بيك في عالم القصص المثيرة ❤️ تابعوني ايضا على مواقع التواصل الاجتماعي إذا كنت من محبي القصص القصيرة عبر: الانستغرام : soukystories الفايسبوك : soukystories التيكتوك : soukystories الى كنتي من محبي القصص المسموعة تقدر تلقاني ف: سبوتيفاي: soukystories أنغامي: soukystories غوغل بودكاست: soukystories #explore #قصص_بالدرجة #قصص_بالدارجة #قصص_بالدارجة_المغربية #قصص_واقعية #قصص_غريبة #قصص_حقیقية #9isas_wa9i3iya #souky_stories #soukystories","soukystories,souki stories,المغرب,manar stories,lassakri,العسكري,safaa,الخراز,zineb story,قصص حقيقية,Chaimae Belkhir,Nisrine - نسرين,سوكمان sockman,NADIAS,SAFAA,حكايات رضا,الجزائر,قضايا,meryem story,@kharrazabdelkader,rajaa stories,senpai,خراز,lasakri,laskari,laaskari,3askari,lasskari,لعساكري,العساكري,لعسكاري,العسكاري,لعسكري,kwili,lemo,Kharraz,ليمو,كويلي,alkharraz,laasri,l3askri,laasikri,lassakri fz,laskri fatima,علوم خفية,NADIA STORIES,قصص مظلمة | dark stories,تونس",24,Entertainment,,PT32M35S,1955,2d,hd,false,ar,ar,https://i.ytimg.com/vi/vrV4dQz1ksc/maxresdefault.jpg,1,,,,,158699,6757,,0,323
248,UC9JNENLelbGff__RYGLP1jA,"Souky Stories",OMeE5zsVDTk,2024-03-26T14:00:14Z,"2024-03-26 14:00:14","ماذا وقع تلك الليلة لعائلة بان ⚠️ (*قصة حقيقية صادمة*) ‼️","مرحبا بكم في القناة، الاسم ديالي سكينة و اليوم غادي نكتاشفو خبايا هاد القصة هاد القناة دارت ليك إلى كنتي من عشاق : - قصص حقيقية - قصص رعب - قصص جرائم - قصص غريبة - قصص بوليسية - قصص مؤثرة - قصص ملهمة - قصص واقعية كانحط قصة كل إثنين وخميس. ماتنساش تشتارك فالقناة وتفعل الجرس باش يوصلوك فيديوهات وقصص جداد. مرحبا بيك في عالم القصص المثيرة ❤️ تابعوني ايضا على مواقع التواصل الاجتماعي إذا كنت من محبي القصص القصيرة عبر: الانستغرام : soukystories الفايسبوك : soukystories التيكتوك : soukystories الى كنتي من محبي القصص المسموعة تقدر تلقاني ف: سبوتيفاي: soukystories أنغامي: soukystories غوغل بودكاست: soukystories #explore #قصص_بالدرجة #قصص_بالدارجة #قصص_بالدارجة_المغربية #قصص_واقعية #قصص_غريبة #قصص_حقیقية #9isas_wa9i3iya #souky_stories #soukystories","soukystories,souki stories,المغرب,manar stories,lassakri,العسكري,safaa,الخراز,zineb story,قصص حقيقية,Chaimae Belkhir,Nisrine - نسرين,سوكمان sockman,NADIAS,SAFAA,حكايات رضا,الجزائر,قضايا,meryem story,@kharrazabdelkader,rajaa stories,senpai,خراز,lasakri,laskari,laaskari,3askari,lasskari,لعساكري,العساكري,لعسكاري,العسكاري,لعسكري,kwili,lemo,Kharraz,ليمو,كويلي,alkharraz,laasri,l3askri,laasikri,lassakri fz,laskri fatima,علوم خفية,NADIA STORIES,قصص مظلمة | dark stories,تونس",24,Entertainment,,PT29M22S,1762,2d,hd,false,ar,ar,https://i.ytimg.com/vi/OMeE5zsVDTk/maxresdefault.jpg,1,,,,,177673,8113,,0,386
249,UC9JNENLelbGff__RYGLP1jA,"Souky Stories",ac3NwwSpJYo,2024-03-25T21:30:00Z,"2024-03-25 21:30:00","كيفاش تسرق الألماس من أكثر بنك محروس في العالم 🔥 (*خطة عبقرية*)","مرحبا بكم في القناة، الاسم ديالي سكينة و اليوم غادي نكتاشفو خبايا هاد القصة هاد القناة دارت ليك إلى كنتي من عشاق : - قصص حقيقية - قصص رعب - قصص جرائم - قصص غريبة - قصص بوليسية - قصص مؤثرة - قصص ملهمة - قصص واقعية كانحط قصة كل إثنين وخميس. ماتنساش تشتارك فالقناة وتفعل الجرس باش يوصلوك فيديوهات وقصص جداد. مرحبا بيك في عالم القصص المثيرة ❤️ تابعوني ايضا على مواقع التواصل الاجتماعي إذا كنت من محبي القصص القصيرة عبر: الانستغرام : soukystories الفايسبوك : soukystories التيكتوك : soukystories الى كنتي من محبي القصص المسموعة تقدر تلقاني ف: سبوتيفاي: soukystories أنغامي: soukystories غوغل بودكاست: soukystories #explore #قصص_بالدرجة #قصص_بالدارجة #قصص_بالدارجة_المغربية #قصص_واقعية #قصص_غريبة #قصص_حقیقية #9isas_wa9i3iya #souky_stories #soukystories","soukystories,souki stories,المغرب,manar stories,lassakri,العسكري,safaa,الخراز,zineb story,قصص حقيقية,Chaimae Belkhir,Nisrine - نسرين,سوكمان sockman,NADIAS,SAFAA,حكايات رضا,الجزائر,قضايا,meryem story,@kharrazabdelkader,rajaa stories,senpai,خراز,lasakri,laskari,laaskari,3askari,lasskari,لعساكري,العساكري,لعسكاري,العسكاري,لعسكري,kwili,lemo,Kharraz,ليمو,كويلي,alkharraz,laasri,l3askri,laasikri,lassakri fz,laskri fatima,علوم خفية,NADIA STORIES,قصص مظلمة | dark stories,تونس",24,Entertainment,,PT43M1S,2581,2d,hd,false,ar,ar,https://i.ytimg.com/vi/ac3NwwSpJYo/maxresdefault.jpg,1,,,,,148258,4676,,0,304
250,UC9JNENLelbGff__RYGLP1jA,"Souky Stories",HoBNfH8bJ1g,2024-03-25T14:00:10Z,"2024-03-25 14:00:10","هرب ليحقق أحلامه ولكن وجد نفسه لوحده وسط البحر ‼️","مرحبا بكم في القناة، الاسم ديالي سكينة و اليوم غادي نكتاشفو خبايا هاد القصة هاد القناة دارت ليك إلى كنتي من عشاق : - قصص حقيقية - قصص رعب - قصص جرائم - قصص غريبة - قصص بوليسية - قصص مؤثرة - قصص ملهمة - قصص واقعية كانحط قصة كل إثنين وخميس. ماتنساش تشتارك فالقناة وتفعل الجرس باش يوصلوك فيديوهات وقصص جداد. مرحبا بيك في عالم القصص المثيرة ❤️ تابعوني ايضا على مواقع التواصل الاجتماعي إذا كنت من محبي القصص القصيرة عبر: الانستغرام : soukystories الفايسبوك : soukystories التيكتوك : soukystories الى كنتي من محبي القصص المسموعة تقدر تلقاني ف: سبوتيفاي: soukystories أنغامي: soukystories غوغل بودكاست: soukystories #explore #قصص_بالدرجة #قصص_بالدارجة #قصص_بالدارجة_المغربية #قصص_واقعية #قصص_غريبة #قصص_حقیقية #9isas_wa9i3iya #souky_stories #soukystories","soukystories,souki stories,المغرب,manar stories,lassakri,العسكري,safaa,الخراز,zineb story,قصص حقيقية,Chaimae Belkhir,Nisrine - نسرين,سوكمان sockman,NADIAS,SAFAA,حكايات رضا,الجزائر,قضايا,meryem story,@kharrazabdelkader,rajaa stories,senpai,خراز,lasakri,laskari,laaskari,3askari,lasskari,لعساكري,العساكري,لعسكاري,العسكاري,لعسكري,kwili,lemo,Kharraz,ليمو,كويلي,alkharraz,laasri,l3askri,laasikri,lassakri fz,laskri fatima,علوم خفية,NADIA STORIES,قصص مظلمة | dark stories,تونس",24,Entertainment,,PT22M2S,1322,2d,hd,false,ar,ar,https://i.ytimg.com/vi/HoBNfH8bJ1g/maxresdefault.jpg,1,,,,,109424,6151,,0,317
251,UC9JNENLelbGff__RYGLP1jA,"Souky Stories",q3_XWrqptRE,2024-03-24T14:00:39Z,"2024-03-24 14:00:39","قساوة الحياة جعلت منه شخص بلا مشاعر ⚠️ (*للكبار فقط*) ‼️","مرحبا بكم في القناة، الاسم ديالي سكينة و اليوم غادي نكتاشفو خبايا هاد القصة هاد القناة دارت ليك إلى كنتي من عشاق : - قصص حقيقية - قصص رعب - قصص جرائم - قصص غريبة - قصص بوليسية - قصص مؤثرة - قصص ملهمة - قصص واقعية كانحط قصة كل إثنين وخميس. ماتنساش تشتارك فالقناة وتفعل الجرس باش يوصلوك فيديوهات وقصص جداد. مرحبا بيك في عالم القصص المثيرة ❤️ تابعوني ايضا على مواقع التواصل الاجتماعي إذا كنت من محبي القصص القصيرة عبر: الانستغرام : soukystories الفايسبوك : soukystories التيكتوك : soukystories الى كنتي من محبي القصص المسموعة تقدر تلقاني ف: سبوتيفاي: soukystories أنغامي: soukystories غوغل بودكاست: soukystories #explore #قصص_بالدرجة #قصص_بالدارجة #قصص_بالدارجة_المغربية #قصص_واقعية #قصص_غريبة #قصص_حقیقية #9isas_wa9i3iya #souky_stories #soukystories","soukystories,souki stories,المغرب,manar stories,lassakri,العسكري,safaa,الخراز,zineb story,قصص حقيقية,Chaimae Belkhir,Nisrine - نسرين,سوكمان sockman,NADIAS,SAFAA,حكايات رضا,الجزائر,قضايا,meryem story,@kharrazabdelkader,rajaa stories,senpai,خراز,lasakri,laskari,laaskari,3askari,lasskari,لعساكري,العساكري,لعسكاري,العسكاري,لعسكري,kwili,lemo,Kharraz,ليمو,كويلي,alkharraz,laasri,l3askri,laasikri,lassakri fz,laskri fatima,علوم خفية,NADIA STORIES,قصص مظلمة | dark stories,تونس",24,Entertainment,,PT27M20S,1640,2d,hd,false,ar,ar,https://i.ytimg.com/vi/q3_XWrqptRE/maxresdefault.jpg,1,,,,,150824,7906,,0,393
252,UC9JNENLelbGff__RYGLP1jA,"Souky Stories",Xk_hUkTgvL0,2024-03-23T14:00:19Z,"2024-03-23 14:00:19","شكون كان من مور هاد الكارثة غادي يصدمكم ⚠️ (*نهاية صادمة*) ‼️","مرحبا بكم في القناة، الاسم ديالي سكينة و اليوم غادي نكتاشفو خبايا هاد القصة هاد القناة دارت ليك إلى كنتي من عشاق : - قصص حقيقية - قصص رعب - قصص جرائم - قصص غريبة - قصص بوليسية - قصص مؤثرة - قصص ملهمة - قصص واقعية كانحط قصة كل إثنين وخميس. ماتنساش تشتارك فالقناة وتفعل الجرس باش يوصلوك فيديوهات وقصص جداد. مرحبا بيك في عالم القصص المثيرة ❤️ تابعوني ايضا على مواقع التواصل الاجتماعي إذا كنت من محبي القصص القصيرة عبر: الانستغرام : soukystories الفايسبوك : soukystories التيكتوك : soukystories الى كنتي من محبي القصص المسموعة تقدر تلقاني ف: سبوتيفاي: soukystories أنغامي: soukystories غوغل بودكاست: soukystories #explore #قصص_بالدرجة #قصص_بالدارجة #قصص_بالدارجة_المغربية #قصص_واقعية #قصص_غريبة #قصص_حقیقية #9isas_wa9i3iya #souky_stories #soukystories","soukystories,souki stories,المغرب,manar stories,lassakri,العسكري,safaa,الخراز,zineb story,قصص حقيقية,Chaimae Belkhir,Nisrine - نسرين,سوكمان sockman,NADIAS,SAFAA,حكايات رضا,الجزائر,قضايا,meryem story,@kharrazabdelkader,rajaa stories,senpai,خراز,lasakri,laskari,laaskari,3askari,lasskari,لعساكري,العساكري,لعسكاري,العسكاري,لعسكري,kwili,lemo,Kharraz,ليمو,كويلي,alkharraz,laasri,l3askri,laasikri,lassakri fz,laskri fatima,علوم خفية,NADIA STORIES,قصص مظلمة | dark stories,تونس",24,Entertainment,,PT27M34S,1654,2d,hd,false,ar,ar,https://i.ytimg.com/vi/Xk_hUkTgvL0/maxresdefault.jpg,1,,,,,254936,10429,,0,420
253,UC9JNENLelbGff__RYGLP1jA,"Souky Stories",qFooJzdVJ7g,2024-03-22T14:00:43Z,"2024-03-22 14:00:43","رسائل مجهولة حولت حياتهم لجحيم والنهاية صادمة ⚠️ (*للكبار فقط*) ‼️","مرحبا بكم في القناة، الاسم ديالي سكينة و اليوم غادي نكتاشفو خبايا هاد القصة هاد القناة دارت ليك إلى كنتي من عشاق : - قصص حقيقية - قصص رعب - قصص جرائم - قصص غريبة - قصص بوليسية - قصص مؤثرة - قصص ملهمة - قصص واقعية كانحط قصة كل إثنين وخميس. ماتنساش تشتارك فالقناة وتفعل الجرس باش يوصلوك فيديوهات وقصص جداد. مرحبا بيك في عالم القصص المثيرة ❤️ تابعوني ايضا على مواقع التواصل الاجتماعي إذا كنت من محبي القصص القصيرة عبر: الانستغرام : soukystories الفايسبوك : soukystories التيكتوك : soukystories الى كنتي من محبي القصص المسموعة تقدر تلقاني ف: سبوتيفاي: soukystories أنغامي: soukystories غوغل بودكاست: soukystories #explore #قصص_بالدرجة #قصص_بالدارجة #قصص_بالدارجة_المغربية #قصص_واقعية #قصص_غريبة #قصص_حقیقية #9isas_wa9i3iya #souky_stories #soukystories","soukystories,souki stories,المغرب,manar stories,lassakri,العسكري,safaa,الخراز,zineb story,قصص حقيقية,Chaimae Belkhir,Nisrine - نسرين,سوكمان sockman,NADIAS,SAFAA,حكايات رضا,الجزائر,قضايا,meryem story,@kharrazabdelkader,rajaa stories,senpai,خراز,lasakri,laskari,laaskari,3askari,lasskari,لعساكري,العساكري,لعسكاري,العسكاري,لعسكري,kwili,lemo,Kharraz,ليمو,كويلي,alkharraz,laasri,l3askri,laasikri,lassakri fz,laskri fatima,علوم خفية,NADIA STORIES,قصص مظلمة | dark stories,تونس",24,Entertainment,,PT20M3S,1203,2d,hd,false,ar,ar,https://i.ytimg.com/vi/qFooJzdVJ7g/maxresdefault.jpg,1,,,,,81998,5620,,0,280
254,UC9JNENLelbGff__RYGLP1jA,"Souky Stories",TXXKTry1qfg,2024-03-21T14:00:21Z,"2024-03-21 14:00:21","قدام الناس رجل عادي ولكن فالحقيقة شيطان ⚠️(*للكبار فقط*) ‼️","مرحبا بكم في القناة، الاسم ديالي سكينة و اليوم غادي نكتاشفو خبايا هاد القصة هاد القناة دارت ليك إلى كنتي من عشاق : - قصص حقيقية - قصص رعب - قصص جرائم - قصص غريبة - قصص بوليسية - قصص مؤثرة - قصص ملهمة - قصص واقعية كانحط قصة كل إثنين وخميس. ماتنساش تشتارك فالقناة وتفعل الجرس باش يوصلوك فيديوهات وقصص جداد. مرحبا بيك في عالم القصص المثيرة ❤️ تابعوني ايضا على مواقع التواصل الاجتماعي إذا كنت من محبي القصص القصيرة عبر: الانستغرام : soukystories الفايسبوك : soukystories التيكتوك : soukystories الى كنتي من محبي القصص المسموعة تقدر تلقاني ف: سبوتيفاي: soukystories أنغامي: soukystories غوغل بودكاست: soukystories #explore #قصص_بالدرجة #قصص_بالدارجة #قصص_بالدارجة_المغربية #قصص_واقعية #قصص_غريبة #قصص_حقیقية #9isas_wa9i3iya #souky_stories #soukystories","soukystories,souki stories,المغرب,manar stories,lassakri,العسكري,safaa,الخراز,zineb story,قصص حقيقية,Chaimae Belkhir,Nisrine - نسرين,سوكمان sockman,NADIAS,SAFAA,حكايات رضا,الجزائر,قضايا,meryem story,@kharrazabdelkader,rajaa stories,senpai,خراز,lasakri,laskari,laaskari,3askari,lasskari,لعساكري,العساكري,لعسكاري,العسكاري,لعسكري,kwili,lemo,Kharraz,ليمو,كويلي,alkharraz,laasri,l3askri,laasikri,lassakri fz,laskri fatima,علوم خفية,NADIA STORIES,قصص مظلمة | dark stories,تونس",24,Entertainment,,PT40M31S,2431,2d,hd,false,ar,ar,https://i.ytimg.com/vi/TXXKTry1qfg/maxresdefault.jpg,1,,,,,328252,11281,,0,478
255,UC9JNENLelbGff__RYGLP1jA,"Souky Stories",tN0pCTuoNls,2024-03-20T21:15:02Z,"2024-03-20 21:15:02","مشاو غي باش يخيمو فالغابة وصدقو فمصيبة كبيرة ⚠️ (*للكبار فقط*)‼️","مرحبا بكم في القناة، الاسم ديالي سكينة و اليوم غادي نكتاشفو خبايا هاد القصة هاد القناة دارت ليك إلى كنتي من عشاق : - قصص حقيقية - قصص رعب - قصص جرائم - قصص غريبة - قصص بوليسية - قصص مؤثرة - قصص ملهمة - قصص واقعية كانحط قصة كل إثنين وخميس. ماتنساش تشتارك فالقناة وتفعل الجرس باش يوصلوك فيديوهات وقصص جداد. مرحبا بيك في عالم القصص المثيرة ❤️ تابعوني ايضا على مواقع التواصل الاجتماعي إذا كنت من محبي القصص القصيرة عبر: الانستغرام : soukystories الفايسبوك : soukystories التيكتوك : soukystories الى كنتي من محبي القصص المسموعة تقدر تلقاني ف: سبوتيفاي: soukystories أنغامي: soukystories غوغل بودكاست: soukystories #explore #قصص_بالدرجة #قصص_بالدارجة #قصص_بالدارجة_المغربية #قصص_واقعية #قصص_غريبة #قصص_حقیقية #9isas_wa9i3iya #souky_stories #soukystories","soukystories,souki stories,المغرب,manar stories,lassakri,العسكري,safaa,الخراز,zineb story,قصص حقيقية,Chaimae Belkhir,Nisrine - نسرين,سوكمان sockman,NADIAS,SAFAA,حكايات رضا,الجزائر,قضايا,meryem story,@kharrazabdelkader,rajaa stories,senpai,خراز,lasakri,laskari,laaskari,3askari,lasskari,لعساكري,العساكري,لعسكاري,العسكاري,لعسكري,kwili,lemo,Kharraz,ليمو,كويلي,alkharraz,laasri,l3askri,laasikri,lassakri fz,laskri fatima,علوم خفية,NADIA STORIES,قصص مظلمة | dark stories,تونس",24,Entertainment,,PT21M17S,1277,2d,hd,false,ar,ar,https://i.ytimg.com/vi/tN0pCTuoNls/maxresdefault.jpg,1,,,,,85615,6016,,0,440
256,UC9JNENLelbGff__RYGLP1jA,"Souky Stories",UEssw-h_6MI,2024-03-19T14:00:17Z,"2024-03-19 14:00:17","رحلة إلى اليابان تحولت لكارثة والنهاية صادمة ⚠️ (*للكبار فقط*)‼️","مرحبا بكم في القناة، الاسم ديالي سكينة و اليوم غادي نكتاشفو خبايا هاد القصة هاد القناة دارت ليك إلى كنتي من عشاق : - قصص حقيقية - قصص رعب - قصص جرائم - قصص غريبة - قصص بوليسية - قصص مؤثرة - قصص ملهمة - قصص واقعية كانحط قصة كل إثنين وخميس. ماتنساش تشتارك فالقناة وتفعل الجرس باش يوصلوك فيديوهات وقصص جداد. مرحبا بيك في عالم القصص المثيرة ❤️ تابعوني ايضا على مواقع التواصل الاجتماعي إذا كنت من محبي القصص القصيرة عبر: الانستغرام : soukystories الفايسبوك : soukystories التيكتوك : soukystories الى كنتي من محبي القصص المسموعة تقدر تلقاني ف: سبوتيفاي: soukystories أنغامي: soukystories غوغل بودكاست: soukystories #explore #قصص_بالدرجة #قصص_بالدارجة #قصص_بالدارجة_المغربية #قصص_واقعية #قصص_غريبة #قصص_حقیقية #9isas_wa9i3iya #souky_stories #soukystories","soukystories,souki stories,المغرب,manar stories,lassakri,العسكري,safaa,الخراز,zineb story,قصص حقيقية,Chaimae Belkhir,Nisrine - نسرين,سوكمان sockman,NADIAS,SAFAA,حكايات رضا,الجزائر,قضايا,meryem story,@kharrazabdelkader,rajaa stories,senpai,خراز,lasakri,laskari,laaskari,3askari,lasskari,لعساكري,العساكري,لعسكاري,العسكاري,لعسكري,kwili,lemo,Kharraz,ليمو,كويلي,alkharraz,laasri,l3askri,laasikri,lassakri fz,laskri fatima,علوم خفية,NADIA STORIES,قصص مظلمة | dark stories,تونس",24,Entertainment,,PT28M13S,1693,2d,hd,false,ar,ar,https://i.ytimg.com/vi/UEssw-h_6MI/maxresdefault.jpg,1,,,,,133976,7428,,0,473
257,UC9JNENLelbGff__RYGLP1jA,"Souky Stories",dcDRvlewZy0,2024-03-18T14:00:25Z,"2024-03-18 14:00:25","عاش صدمة كبيرة فصغرو خلاتو ينتقم بطريقة صادمة ⚠️ (*للكبار فقط*)‼️","مرحبا بكم في القناة، الاسم ديالي سكينة و اليوم غادي نكتاشفو خبايا هاد القصة هاد القناة دارت ليك إلى كنتي من عشاق : - قصص حقيقية - قصص رعب - قصص جرائم - قصص غريبة - قصص بوليسية - قصص مؤثرة - قصص ملهمة - قصص واقعية كانحط قصة كل إثنين وخميس. ماتنساش تشتارك فالقناة وتفعل الجرس باش يوصلوك فيديوهات وقصص جداد. مرحبا بيك في عالم القصص المثيرة ❤️ تابعوني ايضا على مواقع التواصل الاجتماعي إذا كنت من محبي القصص القصيرة عبر: الانستغرام : soukystories الفايسبوك : soukystories التيكتوك : soukystories الى كنتي من محبي القصص المسموعة تقدر تلقاني ف: سبوتيفاي: soukystories أنغامي: soukystories غوغل بودكاست: soukystories #explore #قصص_بالدرجة #قصص_بالدارجة #قصص_بالدارجة_المغربية #قصص_واقعية #قصص_غريبة #قصص_حقیقية #9isas_wa9i3iya #souky_stories #soukystories","soukystories,souki stories,المغرب,manar stories,lassakri,العسكري,safaa,الخراز,zineb story,قصص حقيقية,Chaimae Belkhir,Nisrine - نسرين,سوكمان sockman,NADIAS,SAFAA,حكايات رضا,الجزائر,قضايا,meryem story,@kharrazabdelkader,rajaa stories,senpai,خراز,lasakri,laskari,laaskari,3askari,lasskari,لعساكري,العساكري,لعسكاري,العسكاري,لعسكري,kwili,lemo,Kharraz,ليمو,كويلي,alkharraz,laasri,l3askri,laasikri,lassakri fz,laskri fatima,علوم خفية,NADIA STORIES,قصص مظلمة | dark stories,تونس",24,Entertainment,,PT36M3S,2163,2d,hd,false,ar,ar,https://i.ytimg.com/vi/dcDRvlewZy0/maxresdefault.jpg,1,,,,,239325,11166,,0,669
258,UC9JNENLelbGff__RYGLP1jA,"Souky Stories",Xan9diLNzSM,2024-03-16T14:00:23Z,"2024-03-16 14:00:23","ليلة عيد الحب تتحول لفاجعة والفاعل شخص غير متوقع ⚠️(*للكبار فقط*) ‼️","مرحبا بكم في القناة، الاسم ديالي سكينة و اليوم غادي نكتاشفو خبايا هاد القصة هاد القناة دارت ليك إلى كنتي من عشاق : - قصص حقيقية - قصص رعب - قصص جرائم - قصص غريبة - قصص بوليسية - قصص مؤثرة - قصص ملهمة - قصص واقعية كانحط قصة كل إثنين وخميس. ماتنساش تشتارك فالقناة وتفعل الجرس باش يوصلوك فيديوهات وقصص جداد. مرحبا بيك في عالم القصص المثيرة ❤️ تابعوني ايضا على مواقع التواصل الاجتماعي إذا كنت من محبي القصص القصيرة عبر: الانستغرام : soukystories الفايسبوك : soukystories التيكتوك : soukystories الى كنتي من محبي القصص المسموعة تقدر تلقاني ف: سبوتيفاي: soukystories أنغامي: soukystories غوغل بودكاست: soukystories #explore #قصص_بالدرجة #قصص_بالدارجة #قصص_بالدارجة_المغربية #قصص_واقعية #قصص_غريبة #قصص_حقیقية #9isas_wa9i3iya #souky_stories #soukystories","soukystories,souki stories,المغرب,manar stories,lassakri,العسكري,safaa,الخراز,zineb story,قصص حقيقية,Chaimae Belkhir,Nisrine - نسرين,سوكمان sockman,NADIAS,SAFAA,حكايات رضا,الجزائر,قضايا,meryem story,@kharrazabdelkader,rajaa stories,senpai,خراز,lasakri,laskari,laaskari,3askari,lasskari,لعساكري,العساكري,لعسكاري,العسكاري,لعسكري,kwili,lemo,Kharraz,ليمو,كويلي,alkharraz,laasri,l3askri,laasikri,lassakri fz,laskri fatima,علوم خفية,NADIA STORIES,قصص مظلمة | dark stories,تونس",24,Entertainment,,PT26M9S,1569,2d,hd,false,ar,ar,https://i.ytimg.com/vi/Xan9diLNzSM/maxresdefault.jpg,1,,,,,150127,8184,,0,440
259,UC9JNENLelbGff__RYGLP1jA,"Souky Stories",YZn31e-Qfvc,2024-03-15T14:00:25Z,"2024-03-15 14:00:25","دخلات للشقة ديالها واختفت ⚠️ القضية لي حيرات الشرطة اليابانية (*للكبار فقط*)‼️","مرحبا بكم في القناة، الاسم ديالي سكينة و اليوم غادي نكتاشفو خبايا هاد القصة هاد القناة دارت ليك إلى كنتي من عشاق : - قصص حقيقية - قصص رعب - قصص جرائم - قصص غريبة - قصص بوليسية - قصص مؤثرة - قصص ملهمة - قصص واقعية كانحط قصة كل إثنين وخميس. ماتنساش تشتارك فالقناة وتفعل الجرس باش يوصلوك فيديوهات وقصص جداد. مرحبا بيك في عالم القصص المثيرة ❤️ تابعوني ايضا على مواقع التواصل الاجتماعي إذا كنت من محبي القصص القصيرة عبر: الانستغرام : soukystories الفايسبوك : soukystories التيكتوك : soukystories الى كنتي من محبي القصص المسموعة تقدر تلقاني ف: سبوتيفاي: soukystories أنغامي: soukystories غوغل بودكاست: soukystories #explore #قصص_بالدرجة #قصص_بالدارجة #قصص_بالدارجة_المغربية #قصص_واقعية #قصص_غريبة #قصص_حقیقية #9isas_wa9i3iya #souky_stories #soukystories","soukystories,souki stories,المغرب,manar stories,lassakri,العسكري,safaa,الخراز,zineb story,قصص حقيقية,Chaimae Belkhir,Nisrine - نسرين,سوكمان sockman,NADIAS,SAFAA,حكايات رضا,الجزائر,قضايا,meryem story,@kharrazabdelkader,rajaa stories,senpai,خراز,lasakri,laskari,laaskari,3askari,lasskari,لعساكري,العساكري,لعسكاري,العسكاري,لعسكري,kwili,lemo,Kharraz,ليمو,كويلي,alkharraz,laasri,l3askri,laasikri,lassakri fz,laskri fatima,علوم خفية,NADIA STORIES,قصص مظلمة | dark stories,تونس",24,Entertainment,,PT23M46S,1426,2d,hd,false,ar,ar,https://i.ytimg.com/vi/YZn31e-Qfvc/maxresdefault.jpg,1,,,,,309591,13064,,0,542
260,UC9JNENLelbGff__RYGLP1jA,"Souky Stories",BRW1RrPBuPI,2024-03-14T14:00:08Z,"2024-03-14 14:00:08","اختفاء بيلامور المفاجئ ولكن الصدمة كانت بعد مئة عام ⚠️ (*للكبار فقط*)‼️","مرحبا بكم في القناة، الاسم ديالي سكينة و اليوم غادي نكتاشفو خبايا هاد القصة هاد القناة دارت ليك إلى كنتي من عشاق : - قصص حقيقية - قصص رعب - قصص جرائم - قصص غريبة - قصص بوليسية - قصص مؤثرة - قصص ملهمة - قصص واقعية كانحط قصة كل إثنين وخميس. ماتنساش تشتارك فالقناة وتفعل الجرس باش يوصلوك فيديوهات وقصص جداد. مرحبا بيك في عالم القصص المثيرة ❤️ تابعوني ايضا على مواقع التواصل الاجتماعي إذا كنت من محبي القصص القصيرة عبر: الانستغرام : soukystories الفايسبوك : soukystories التيكتوك : soukystories الى كنتي من محبي القصص المسموعة تقدر تلقاني ف: سبوتيفاي: soukystories أنغامي: soukystories غوغل بودكاست: soukystories #explore #قصص_بالدرجة #قصص_بالدارجة #قصص_بالدارجة_المغربية #قصص_واقعية #قصص_غريبة #قصص_حقیقية #9isas_wa9i3iya #souky_stories #soukystories","soukystories,souki stories,المغرب,manar stories,lassakri,العسكري,safaa,الخراز,zineb story,قصص حقيقية,Chaimae Belkhir,Nisrine - نسرين,سوكمان sockman,NADIAS,SAFAA,حكايات رضا,الجزائر,قضايا,meryem story,@kharrazabdelkader,rajaa stories,senpai,خراز,lasakri,laskari,laaskari,3askari,lasskari,لعساكري,العساكري,لعسكاري,العسكاري,لعسكري,kwili,lemo,Kharraz,ليمو,كويلي,alkharraz,laasri,l3askri,laasikri,lassakri fz,laskri fatima,علوم خفية,NADIA STORIES,قصص مظلمة | dark stories,تونس",24,Entertainment,,PT21M17S,1277,2d,hd,false,ar,ar,https://i.ytimg.com/vi/BRW1RrPBuPI/maxresdefault.jpg,1,,,,,114747,6610,,0,369
261,UC9JNENLelbGff__RYGLP1jA,"Souky Stories",n-J-Bi-xUYU,2024-03-13T15:00:45Z,"2024-03-13 15:00:45","أعظم عملية هروب من السجن فالتاريخ 🔥 بخطة عبقرية ماطيحش على البال ‼️","مرحبا بكم في القناة، الاسم ديالي سكينة و اليوم غادي نكتاشفو خبايا هاد القصة هاد القناة دارت ليك إلى كنتي من عشاق : - قصص حقيقية - قصص رعب - قصص جرائم - قصص غريبة - قصص بوليسية - قصص مؤثرة - قصص ملهمة - قصص واقعية كانحط قصة كل إثنين وخميس. ماتنساش تشتارك فالقناة وتفعل الجرس باش يوصلوك فيديوهات وقصص جداد. مرحبا بيك في عالم القصص المثيرة ❤️ تابعوني ايضا على مواقع التواصل الاجتماعي إذا كنت من محبي القصص القصيرة عبر: الانستغرام : soukystories الفايسبوك : soukystories التيكتوك : soukystories الى كنتي من محبي القصص المسموعة تقدر تلقاني ف: سبوتيفاي: soukystories أنغامي: soukystories غوغل بودكاست: soukystories #explore #قصص_بالدرجة #قصص_بالدارجة #قصص_بالدارجة_المغربية #قصص_واقعية #قصص_غريبة #قصص_حقیقية #9isas_wa9i3iya #souky_stories #soukystories","soukystories,souki stories,المغرب,manar stories,lassakri,العسكري,safaa,الخراز,zineb story,قصص حقيقية,Chaimae Belkhir,Nisrine - نسرين,سوكمان sockman,NADIAS,SAFAA,حكايات رضا,الجزائر,قضايا,meryem story,@kharrazabdelkader,rajaa stories,senpai,خراز,lasakri,laskari,laaskari,3askari,lasskari,لعساكري,العساكري,لعسكاري,العسكاري,لعسكري,kwili,lemo,Kharraz,ليمو,كويلي,alkharraz,laasri,l3askri,laasikri,lassakri fz,laskri fatima,علوم خفية,NADIA STORIES,قصص مظلمة | dark stories,تونس",24,Entertainment,Society,PT22M31S,1351,2d,hd,false,ar,ar,https://i.ytimg.com/vi/n-J-Bi-xUYU/maxresdefault.jpg,1,,,,,121188,6924,,0,363
262,UC9JNENLelbGff__RYGLP1jA,"Souky Stories",MatOrw39P48,2024-03-12T15:00:14Z,"2024-03-12 15:00:14","القضية التي صدمت الرأي العام في الفليبين ⚠️ (*للكبار فقط*)‼️","مرحبا بكم في القناة، الاسم ديالي سكينة و اليوم غادي نكتاشفو خبايا هاد القصة هاد القناة دارت ليك إلى كنتي من عشاق : - قصص حقيقية - قصص رعب - قصص جرائم - قصص غريبة - قصص بوليسية - قصص مؤثرة - قصص ملهمة - قصص واقعية كانحط قصة كل إثنين وخميس. ماتنساش تشتارك فالقناة وتفعل الجرس باش يوصلوك فيديوهات وقصص جداد. مرحبا بيك في عالم القصص المثيرة ❤️ تابعوني ايضا على مواقع التواصل الاجتماعي إذا كنت من محبي القصص القصيرة عبر: الانستغرام : soukystories الفايسبوك : soukystories التيكتوك : soukystories الى كنتي من محبي القصص المسموعة تقدر تلقاني ف: سبوتيفاي: soukystories أنغامي: soukystories غوغل بودكاست: soukystories #explore #قصص_بالدرجة #قصص_بالدارجة #قصص_بالدارجة_المغربية #قصص_واقعية #قصص_غريبة #قصص_حقیقية #9isas_wa9i3iya #souky_stories #soukystories","soukystories,souki stories,المغرب,manar stories,lassakri,العسكري,safaa,الخراز,zineb story,قصص حقيقية,Chaimae Belkhir,Nisrine - نسرين,سوكمان sockman,NADIAS,SAFAA,حكايات رضا,الجزائر,قضايا,meryem story,@kharrazabdelkader,rajaa stories,senpai,خراز,lasakri,laskari,laaskari,3askari,lasskari,لعساكري,العساكري,لعسكاري,العسكاري,لعسكري,kwili,lemo,Kharraz,ليمو,كويلي,alkharraz,laasri,l3askri,laasikri,lassakri fz,laskri fatima,علوم خفية,NADIA STORIES,قصص مظلمة | dark stories,تونس",24,Entertainment,,PT36M5S,2165,2d,hd,false,ar,ar,https://i.ytimg.com/vi/MatOrw39P48/maxresdefault.jpg,1,,,,,224253,10443,,0,590
263,UC9JNENLelbGff__RYGLP1jA,"Souky Stories",UIUlV4aI9Lw,2024-03-07T18:00:23Z,"2024-03-07 18:00:23","هربوا من المدرسة لعيش حياة أفضل لكن وجدوا أنفسهم لوحدهم في جزيرة مهجورة ‼️","مرحبا بكم في القناة، الاسم ديالي سكينة و اليوم غادي نكتاشفو خبايا هاد القصة هاد القناة دارت ليك إلى كنتي من عشاق : - قصص حقيقية - قصص رعب - قصص جرائم - قصص غريبة - قصص بوليسية - قصص مؤثرة - قصص ملهمة - قصص واقعية كانحط قصة كل إثنين وخميس. ماتنساش تشتارك فالقناة وتفعل الجرس باش يوصلوك فيديوهات وقصص جداد. مرحبا بيك في عالم القصص المثيرة ❤️ تابعوني ايضا على مواقع التواصل الاجتماعي إذا كنت من محبي القصص القصيرة عبر: الانستغرام : soukystories الفايسبوك : soukystories التيكتوك : soukystories الى كنتي من محبي القصص المسموعة تقدر تلقاني ف: سبوتيفاي: soukystories أنغامي: soukystories غوغل بودكاست: soukystories #explore #قصص_بالدرجة #قصص_بالدارجة #قصص_بالدارجة_المغربية #قصص_واقعية #قصص_غريبة #قصص_حقیقية #9isas_wa9i3iya #souky_stories #soukystories","soukystories,souki stories,المغرب,manar stories,lassakri,العسكري,safaa,الخراز,zineb story,قصص حقيقية,Chaimae Belkhir,Nisrine - نسرين,سوكمان sockman,NADIAS,SAFAA,حكايات رضا,الجزائر,قضايا,meryem story,@kharrazabdelkader,rajaa stories,senpai,خراز,lasakri,laskari,laaskari,3askari,lasskari,لعساكري,العساكري,لعسكاري,العسكاري,لعسكري,kwili,lemo,Kharraz,ليمو,كويلي,alkharraz,laasri,l3askri,laasikri,lassakri fz,laskri fatima,علوم خفية,NADIA STORIES,قصص مظلمة | dark stories,تونس",24,Entertainment,,PT25M42S,1542,2d,hd,false,ar,ar,https://i.ytimg.com/vi/UIUlV4aI9Lw/maxresdefault.jpg,1,,,,,317181,13323,,0,936
264,UC9JNENLelbGff__RYGLP1jA,"Souky Stories",HdQbdgi030k,2024-03-04T18:00:07Z,"2024-03-04 18:00:07","مشاو بتلاتة ولكن غير جوج لي رجعو ⚠️ (*للكبار فقط*)‼️","مرحبا بكم في القناة، الاسم ديالي سكينة و اليوم غادي نكتاشفو خبايا هاد القصة هاد القناة دارت ليك إلى كنتي من عشاق : - قصص حقيقية - قصص رعب - قصص جرائم - قصص غريبة - قصص بوليسية - قصص مؤثرة - قصص ملهمة - قصص واقعية كانحط قصة كل إثنين وخميس. ماتنساش تشتارك فالقناة وتفعل الجرس باش يوصلوك فيديوهات وقصص جداد. مرحبا بيك في عالم القصص المثيرة ❤️ تابعوني ايضا على مواقع التواصل الاجتماعي إذا كنت من محبي القصص القصيرة عبر: الانستغرام : soukystories الفايسبوك : soukystories التيكتوك : soukystories الى كنتي من محبي القصص المسموعة تقدر تلقاني ف: سبوتيفاي: soukystories أنغامي: soukystories غوغل بودكاست: soukystories #explore #قصص_بالدرجة #قصص_بالدارجة #قصص_بالدارجة_المغربية #قصص_واقعية #قصص_غريبة #قصص_حقیقية #9isas_wa9i3iya #souky_stories #soukystories","soukystories,souki stories,المغرب,manar stories,lassakri,العسكري,safaa,الخراز,zineb story,قصص حقيقية,Chaimae Belkhir,Nisrine - نسرين,سوكمان sockman,NADIAS,SAFAA,حكايات رضا,الجزائر,قضايا,meryem story,@kharrazabdelkader,rajaa stories,senpai,خراز,lasakri,laskari,laaskari,3askari,lasskari,لعساكري,العساكري,لعسكاري,العسكاري,لعسكري,kwili,lemo,Kharraz,ليمو,كويلي,alkharraz,laasri,l3askri,laasikri,lassakri fz,laskri fatima,علوم خفية,NADIA STORIES,قصص مظلمة | dark stories,تونس",24,Entertainment,,PT30M34S,1834,2d,hd,false,ar,ar,https://i.ytimg.com/vi/HdQbdgi030k/maxresdefault.jpg,1,,,,,234140,9925,,0,391
265,UC9JNENLelbGff__RYGLP1jA,"Souky Stories",-ffjjSyL6jk,2024-02-29T18:00:01Z,"2024-02-29 18:00:01","قصة شبيهة بقصة غرق سفينة التايتانيك ⚠️ (*مع تسجيلات حقيقية*)‼️","مرحبا بكم في القناة، الاسم ديالي سكينة و اليوم غادي نكتاشفو خبايا هاد القصة هاد القناة دارت ليك إلى كنتي من عشاق : - قصص حقيقية - قصص رعب - قصص جرائم - قصص غريبة - قصص بوليسية - قصص مؤثرة - قصص ملهمة - قصص واقعية كانحط قصة كل إثنين وخميس. ماتنساش تشتارك فالقناة وتفعل الجرس باش يوصلوك فيديوهات وقصص جداد. مرحبا بيك في عالم القصص المثيرة ❤️ تابعوني ايضا على مواقع التواصل الاجتماعي إذا كنت من محبي القصص القصيرة عبر: الانستغرام : soukystories الفايسبوك : soukystories التيكتوك : soukystories الى كنتي من محبي القصص المسموعة تقدر تلقاني ف: سبوتيفاي: soukystories أنغامي: soukystories غوغل بودكاست: soukystories #explore #قصص_بالدرجة #قصص_بالدارجة #قصص_بالدارجة_المغربية #قصص_واقعية #قصص_غريبة #قصص_حقیقية #9isas_wa9i3iya #souky_stories #soukystories","soukystories,souki stories,المغرب,manar stories,lassakri,العسكري,safaa,الخراز,zineb story,قصص حقيقية,Chaimae Belkhir,Nisrine - نسرين,سوكمان sockman,NADIAS,SAFAA,حكايات رضا,الجزائر,قضايا,meryem story,@kharrazabdelkader,rajaa stories,senpai,خراز,lasakri,laskari,laaskari,3askari,lasskari,لعساكري,العساكري,لعسكاري,العسكاري,لعسكري,kwili,lemo,Kharraz,ليمو,كويلي,alkharraz,laasri,l3askri,laasikri,lassakri fz,laskri fatima,علوم خفية,NADIA STORIES,قصص مظلمة | dark stories,تونس",24,Entertainment,,PT20M2S,1202,2d,hd,false,ar,ar,https://i.ytimg.com/vi/-ffjjSyL6jk/maxresdefault.jpg,1,,,,,121564,6839,,0,360
266,UC9JNENLelbGff__RYGLP1jA,"Souky Stories",xPtRmas-9B4,2024-02-26T18:00:27Z,"2024-02-26 18:00:27","رسائل مجهولة تسببت لأسرة في مأساة كبيرة ⚠️ (للكبار فقط) ‼️","مرحبا بكم في القناة، الاسم ديالي سكينة و اليوم غادي نكتاشفو خبايا هاد القصة هاد القناة دارت ليك إلى كنتي من عشاق : - قصص حقيقية - قصص رعب - قصص جرائم - قصص غريبة - قصص بوليسية - قصص مؤثرة - قصص ملهمة - قصص واقعية كانحط قصة كل إثنين وخميس. ماتنساش تشتارك فالقناة وتفعل الجرس باش يوصلوك فيديوهات وقصص جداد. مرحبا بيك في عالم القصص المثيرة ❤️ تابعوني ايضا على مواقع التواصل الاجتماعي إذا كنت من محبي القصص القصيرة عبر: الانستغرام : soukystories الفايسبوك : soukystories التيكتوك : soukystories الى كنتي من محبي القصص المسموعة تقدر تلقاني ف: سبوتيفاي: soukystories أنغامي: soukystories غوغل بودكاست: soukystories #explore #قصص_بالدرجة #قصص_بالدارجة #قصص_بالدارجة_المغربية #قصص_واقعية #قصص_غريبة #قصص_حقیقية #9isas_wa9i3iya #souky_stories #soukystories","soukystories,souki stories,المغرب,manar stories,lassakri,العسكري,safaa,الخراز,zineb story,قصص حقيقية,Chaimae Belkhir,Nisrine - نسرين,سوكمان sockman,NADIAS,SAFAA,حكايات رضا,الجزائر,قضايا,meryem story,@kharrazabdelkader,rajaa stories,senpai,خراز,lasakri,laskari,laaskari,3askari,lasskari,لعساكري,العساكري,لعسكاري,العسكاري,لعسكري,kwili,lemo,Kharraz,ليمو,كويلي,alkharraz,laasri,l3askri,laasikri,lassakri fz,laskri fatima,علوم خفية,NADIA STORIES,قصص مظلمة | dark stories,تونس",24,Entertainment,,PT30M37S,1837,2d,hd,false,ar,ar,https://i.ytimg.com/vi/xPtRmas-9B4/maxresdefault.jpg,1,,,,,239338,10056,,0,668
267,UC9JNENLelbGff__RYGLP1jA,"Souky Stories",iTsG1hncVuE,2024-02-22T18:00:27Z,"2024-02-22 18:00:27","أفراد عائلة يختفون واحد بواحد والسبب مرعب ⚠️ (للكبار فقط)‼️","مرحبا بكم في القناة، الاسم ديالي سكينة و اليوم غادي نكتاشفو خبايا هاد القصة هاد القناة دارت ليك إلى كنتي من عشاق : - قصص حقيقية - قصص رعب - قصص جرائم - قصص غريبة - قصص بوليسية - قصص مؤثرة - قصص ملهمة - قصص واقعية كانحط قصة كل إثنين وخميس. ماتنساش تشتارك فالقناة وتفعل الجرس باش يوصلوك فيديوهات وقصص جداد. مرحبا بيك في عالم القصص المثيرة ❤️ تابعوني ايضا على مواقع التواصل الاجتماعي إذا كنت من محبي القصص القصيرة عبر: الانستغرام : soukystories الفايسبوك : soukystories التيكتوك : soukystories الى كنتي من محبي القصص المسموعة تقدر تلقاني ف: سبوتيفاي: soukystories أنغامي: soukystories غوغل بودكاست: soukystories #explore #قصص_بالدرجة #قصص_بالدارجة #قصص_بالدارجة_المغربية #قصص_واقعية #قصص_غريبة #قصص_حقیقية #9isas_wa9i3iya #souky_stories #soukystories","soukystories,souki stories,المغرب,manar stories,lassakri,العسكري,safaa,الخراز,zineb story,قصص حقيقية,Chaimae Belkhir,Nisrine - نسرين,سوكمان sockman,NADIAS,SAFAA,حكايات رضا,الجزائر,قضايا,meryem story,@kharrazabdelkader,rajaa stories,senpai,خراز,lasakri,laskari,laaskari,3askari,lasskari,لعساكري,العساكري,لعسكاري,العسكاري,لعسكري,kwili,lemo,Kharraz,ليمو,كويلي,alkharraz,laasri,l3askri,laasikri,lassakri fz,laskri fatima,علوم خفية,NADIA STORIES,قصص مظلمة | dark stories,تونس",24,Entertainment,,PT23M50S,1430,2d,hd,false,ar,ar,https://i.ytimg.com/vi/iTsG1hncVuE/maxresdefault.jpg,1,,,,,166127,8694,,0,482
268,UC9JNENLelbGff__RYGLP1jA,"Souky Stories",omuPNRISuTU,2024-02-19T18:00:24Z,"2024-02-19 18:00:24","الراجل لي تزوجات بيه كايموت والسبب صادم ⚠️(*نهاية غير متوقعة*)‼️","مرحبا بكم في القناة، الاسم ديالي سكينة و اليوم غادي نكتاشفو خبايا هاد القصة هاد القناة دارت ليك إلى كنتي من عشاق : - قصص حقيقية - قصص رعب - قصص جرائم - قصص غريبة - قصص بوليسية - قصص مؤثرة - قصص ملهمة - قصص واقعية كانحط قصة كل إثنين وخميس. ماتنساش تشتارك فالقناة وتفعل الجرس باش يوصلوك فيديوهات وقصص جداد. مرحبا بيك في عالم القصص المثيرة ❤️ تابعوني ايضا على مواقع التواصل الاجتماعي إذا كنت من محبي القصص القصيرة عبر: الانستغرام : soukystories الفايسبوك : soukystories التيكتوك : soukystories الى كنتي من محبي القصص المسموعة تقدر تلقاني ف: سبوتيفاي: soukystories أنغامي: soukystories غوغل بودكاست: soukystories #explore #قصص_بالدرجة #قصص_بالدارجة #قصص_بالدارجة_المغربية #قصص_واقعية #قصص_غريبة #قصص_حقیقية #9isas_wa9i3iya #souky_stories #soukystories","soukystories,souki stories,المغرب,manar stories,lassakri,العسكري,safaa,الخراز,zineb story,قصص حقيقية,Chaimae Belkhir,Nisrine - نسرين,سوكمان sockman,NADIAS,SAFAA,حكايات رضا,الجزائر,قضايا,meryem story,@kharrazabdelkader,rajaa stories,senpai,خراز,lasakri,laskari,laaskari,3askari,lasskari,لعساكري,العساكري,لعسكاري,العسكاري,لعسكري,kwili,lemo,Kharraz,ليمو,كويلي,alkharraz,laasri,l3askri,laasikri,lassakri fz,laskri fatima,علوم خفية,NADIA STORIES,قصص مظلمة | dark stories,تونس",24,Entertainment,,PT29M21S,1761,2d,hd,false,ar,ar,https://i.ytimg.com/vi/omuPNRISuTU/maxresdefault.jpg,1,,,,,226296,9282,,0,509
269,UC9JNENLelbGff__RYGLP1jA,"Souky Stories",QDSiih0FGkI,2024-02-15T18:00:12Z,"2024-02-15 18:00:12","شنو كادير بنت صغيرة بوحدها فوسط البحر😨 (*قصة صادمة*)‼️","مرحبا بكم في القناة، الاسم ديالي سكينة و اليوم غادي نكتاشفو خبايا هاد القصة هاد القناة دارت ليك إلى كنتي من عشاق : - قصص حقيقية - قصص رعب - قصص جرائم - قصص غريبة - قصص بوليسية - قصص مؤثرة - قصص ملهمة - قصص واقعية كانحط قصة كل إثنين وخميس. ماتنساش تشتارك فالقناة وتفعل الجرس باش يوصلوك فيديوهات وقصص جداد. مرحبا بيك في عالم القصص المثيرة ❤️ تابعوني ايضا على مواقع التواصل الاجتماعي إذا كنت من محبي القصص القصيرة عبر: الانستغرام : soukystories الفايسبوك : soukystories التيكتوك : soukystories الى كنتي من محبي القصص المسموعة تقدر تلقاني ف: سبوتيفاي: soukystories أنغامي: soukystories غوغل بودكاست: soukystories #explore #قصص_بالدرجة #قصص_بالدارجة #قصص_بالدارجة_المغربية #قصص_واقعية #قصص_غريبة #قصص_حقیقية #9isas_wa9i3iya #souky_stories #soukystories","soukystories,souki stories,المغرب,manar stories,lassakri,العسكري,safaa,الخراز,zineb story,قصص حقيقية,Chaimae Belkhir,Nisrine - نسرين,سوكمان sockman,NADIAS,SAFAA,حكايات رضا,الجزائر,قضايا,meryem story,@kharrazabdelkader,rajaa stories,senpai,خراز,lasakri,laskari,laaskari,3askari,lasskari,لعساكري,العساكري,لعسكاري,العسكاري,لعسكري,kwili,lemo,Kharraz,ليمو,كويلي,alkharraz,laasri,l3askri,laasikri,lassakri fz,laskri fatima,علوم خفية,NADIA STORIES,قصص مظلمة | dark stories,تونس",24,Entertainment,,PT23M8S,1388,2d,hd,false,ar,ar,https://i.ytimg.com/vi/QDSiih0FGkI/maxresdefault.jpg,1,,,,,177071,9027,,0,342
270,UC9JNENLelbGff__RYGLP1jA,"Souky Stories",z3TIUbCbsPQ,2024-02-08T18:00:35Z,"2024-02-08 18:00:35","المرأة التي نشرت الرعب في المستشفى حتى بعد موتها ‼️😨","مرحبا بكم في القناة، الاسم ديالي سكينة و اليوم غادي نكتاشفو خبايا هاد القصة هاد القناة دارت ليك إلى كنتي من عشاق : - قصص حقيقية - قصص رعب - قصص جرائم - قصص غريبة - قصص بوليسية - قصص مؤثرة - قصص ملهمة - قصص واقعية كانحط قصة كل إثنين وخميس. ماتنساش تشتارك فالقناة وتفعل الجرس باش يوصلوك فيديوهات وقصص جداد. مرحبا بيك في عالم القصص المثيرة ❤️ تابعوني ايضا على مواقع التواصل الاجتماعي إذا كنت من محبي القصص القصيرة عبر: الانستغرام : soukystories الفايسبوك : soukystories التيكتوك : soukystories الى كنتي من محبي القصص المسموعة تقدر تلقاني ف: سبوتيفاي: soukystories أنغامي: soukystories غوغل بودكاست: soukystories #explore #قصص_بالدرجة #قصص_بالدارجة #قصص_بالدارجة_المغربية #قصص_واقعية #قصص_غريبة #قصص_حقیقية #9isas_wa9i3iya #souky_stories #soukystories","soukystories,souki stories,المغرب,manar stories,lassakri,العسكري,safaa,الخراز,zineb story,قصص حقيقية,Chaimae Belkhir,Nisrine - نسرين,سوكمان sockman,NADIAS,SAFAA,حكايات رضا,الجزائر,قضايا,meryem story,@kharrazabdelkader,rajaa stories,senpai,خراز,lasakri,laskari,laaskari,3askari,lasskari,لعساكري,العساكري,لعسكاري,العسكاري,لعسكري,kwili,lemo,Kharraz,ليمو,كويلي,alkharraz,laasri,l3askri,laasikri,lassakri fz,laskri fatima,علوم خفية,NADIA STORIES,قصص مظلمة | dark stories,تونس",24,Entertainment,,PT20M7S,1207,2d,hd,false,ar,ar,https://i.ytimg.com/vi/z3TIUbCbsPQ/maxresdefault.jpg,1,,,,,155404,8421,,0,375
271,UC9JNENLelbGff__RYGLP1jA,"Souky Stories",JyUma8vlSGE,2024-02-05T18:00:16Z,"2024-02-05 18:00:16","هروب ضحية كشف إحدى أبشع القضايا في تاريخ أمريكا ⚠️ (*للكبار فقط*) ‼️","مرحبا بكم في القناة، الاسم ديالي سكينة و اليوم غادي نكتاشفو خبايا هاد القصة هاد القناة دارت ليك إلى كنتي من عشاق : - قصص حقيقية - قصص رعب - قصص جرائم - قصص غريبة - قصص بوليسية - قصص مؤثرة - قصص ملهمة - قصص واقعية كانحط قصة كل إثنين وخميس. ماتنساش تشتارك فالقناة وتفعل الجرس باش يوصلوك فيديوهات وقصص جداد. مرحبا بيك في عالم القصص المثيرة ❤️ تابعوني ايضا على مواقع التواصل الاجتماعي إذا كنت من محبي القصص القصيرة عبر: الانستغرام : soukystories الفايسبوك : soukystories التيكتوك : soukystories الى كنتي من محبي القصص المسموعة تقدر تلقاني ف: سبوتيفاي: soukystories أنغامي: soukystories غوغل بودكاست: soukystories #explore #قصص_بالدرجة #قصص_بالدارجة #قصص_بالدارجة_المغربية #قصص_واقعية #قصص_غريبة #قصص_حقیقية #9isas_wa9i3iya #souky_stories #soukystories","soukystories,souki stories,المغرب,manar stories,lassakri,العسكري,safaa,الخراز,zineb story,قصص حقيقية,Chaimae Belkhir,Nisrine - نسرين,سوكمان sockman,NADIAS,SAFAA,حكايات رضا,الجزائر,قضايا,meryem story,@kharrazabdelkader,rajaa stories,senpai,خراز,lasakri,laskari,laaskari,3askari,lasskari,لعساكري,العساكري,لعسكاري,العسكاري,لعسكري,kwili,lemo,Kharraz,ليمو,كويلي,alkharraz,laasri,l3askri,laasikri,lassakri fz,laskri fatima,علوم خفية,NADIA STORIES,قصص مظلمة | dark stories,تونس",24,Entertainment,,PT32M12S,1932,2d,hd,false,ar,ar,https://i.ytimg.com/vi/JyUma8vlSGE/maxresdefault.jpg,1,,,,,175156,9626,,0,422
272,UC9JNENLelbGff__RYGLP1jA,"Souky Stories",op8Pajvn5K8,2024-02-01T18:00:33Z,"2024-02-01 18:00:33","قصة القرية لي ماتو الناس ديالها كاملين فليلة وحدة ⚠️ (*قصة حقيقية صادمة*) ‼️","مرحبا بكم في القناة، الاسم ديالي سكينة و اليوم غادي نكتاشفو خبايا هاد القصة هاد القناة دارت ليك إلى كنتي من عشاق : - قصص حقيقية - قصص رعب - قصص جرائم - قصص غريبة - قصص بوليسية - قصص مؤثرة - قصص ملهمة - قصص واقعية كانحط قصة كل إثنين وخميس. ماتنساش تشتارك فالقناة وتفعل الجرس باش يوصلوك فيديوهات وقصص جداد. مرحبا بيك في عالم القصص المثيرة ❤️ تابعوني ايضا على مواقع التواصل الاجتماعي إذا كنت من محبي القصص القصيرة عبر: الانستغرام : soukystories الفايسبوك : soukystories التيكتوك : soukystories الى كنتي من محبي القصص المسموعة تقدر تلقاني ف: سبوتيفاي: soukystories أنغامي: soukystories غوغل بودكاست: soukystories #explore #قصص_بالدرجة #قصص_بالدارجة #قصص_بالدارجة_المغربية #قصص_واقعية #قصص_غريبة #قصص_حقیقية #9isas_wa9i3iya #souky_stories #soukystories","soukystories,souki stories,المغرب,manar stories,lassakri,العسكري,safaa,الخراز,zineb story,قصص حقيقية,Chaimae Belkhir,Nisrine - نسرين,سوكمان sockman,NADIAS,SAFAA,حكايات رضا,الجزائر,قضايا,meryem story,@kharrazabdelkader,rajaa stories,senpai,خراز,lasakri,laskari,laaskari,3askari,lasskari,لعساكري,العساكري,لعسكاري,العسكاري,لعسكري,kwili,lemo,Kharraz,ليمو,كويلي,alkharraz,laasri,l3askri,laasikri,lassakri fz,laskri fatima,علوم خفية,NADIA STORIES,قصص مظلمة | dark stories,تونس",24,Entertainment,,PT23M2S,1382,2d,hd,false,ar,ar,https://i.ytimg.com/vi/op8Pajvn5K8/maxresdefault.jpg,1,,,,,218488,10328,,0,539
273,UC9JNENLelbGff__RYGLP1jA,"Souky Stories",8ARpxiM16h0,2024-01-29T18:00:04Z,"2024-01-29 18:00:04","مشا للحديقة باش يلعب وماعاودش رجع.. ⚠️ (*للكبار فقط*) ‼️","مرحبا بكم في القناة، الاسم ديالي سكينة و اليوم غادي نكتاشفو خبايا هاد القصة هاد القناة دارت ليك إلى كنتي من عشاق : - قصص حقيقية - قصص رعب - قصص جرائم - قصص غريبة - قصص بوليسية - قصص مؤثرة - قصص ملهمة - قصص واقعية كانحط قصة كل إثنين وخميس. ماتنساش تشتارك فالقناة وتفعل الجرس باش يوصلوك فيديوهات وقصص جداد. مرحبا بيك في عالم القصص المثيرة ❤️ تابعوني ايضا على مواقع التواصل الاجتماعي إذا كنت من محبي القصص القصيرة عبر: الانستغرام : soukystories الفايسبوك : soukystories التيكتوك : soukystories الى كنتي من محبي القصص المسموعة تقدر تلقاني ف: سبوتيفاي: soukystories أنغامي: soukystories غوغل بودكاست: soukystories #explore #قصص_بالدرجة #قصص_بالدارجة #قصص_بالدارجة_المغربية #قصص_واقعية #قصص_غريبة #قصص_حقیقية #9isas_wa9i3iya #souky_stories #soukystories","soukystories,souki stories,المغرب,manar stories,lassakri,العسكري,safaa,الخراز,zineb story,قصص حقيقية,Chaimae Belkhir,Nisrine - نسرين,سوكمان sockman,NADIAS,SAFAA,حكايات رضا,الجزائر,قضايا,meryem story,@kharrazabdelkader,rajaa stories,senpai,خراز,lasakri,laskari,laaskari,3askari,lasskari,لعساكري,العساكري,لعسكاري,العسكاري,لعسكري,kwili,lemo,Kharraz,ليمو,كويلي,alkharraz,laasri,l3askri,laasikri,lassakri fz,laskri fatima,علوم خفية,NADIA STORIES,قصص مظلمة | dark stories,تونس",24,Entertainment,,PT28M30S,1710,2d,hd,false,ar,ar,https://i.ytimg.com/vi/8ARpxiM16h0/maxresdefault.jpg,1,,,,,187903,9546,,0,597
274,UC9JNENLelbGff__RYGLP1jA,"Souky Stories",cVNahhhcb_Q,2024-01-22T18:00:30Z,"2024-01-22 18:00:30","رسالة فوسط الجبال نقدات أشخاص من الموت ⚠️‼️","مرحبا بكم في القناة، الاسم ديالي سكينة و اليوم غادي نكتاشفو خبايا هاد القصة هاد القناة دارت ليك إلى كنتي من عشاق : - قصص حقيقية - قصص رعب - قصص جرائم - قصص غريبة - قصص بوليسية - قصص مؤثرة - قصص ملهمة - قصص واقعية كانحط قصة كل إثنين وخميس. ماتنساش تشتارك فالقناة وتفعل الجرس باش يوصلوك فيديوهات وقصص جداد. مرحبا بيك في عالم القصص المثيرة ❤️ تابعوني ايضا على مواقع التواصل الاجتماعي إذا كنت من محبي القصص القصيرة عبر: الانستغرام : soukystories الفايسبوك : soukystories التيكتوك : soukystories الى كنتي من محبي القصص المسموعة تقدر تلقاني ف: سبوتيفاي: soukystories أنغامي: soukystories غوغل بودكاست: soukystories #explore #قصص_بالدرجة #قصص_بالدارجة #قصص_بالدارجة_المغربية #قصص_واقعية #قصص_غريبة #قصص_حقیقية #9isas_wa9i3iya #souky_stories #soukystories","soukystories,souki stories,المغرب,manar stories,lassakri,العسكري,safaa,الخراز,zineb story,قصص حقيقية,Chaimae Belkhir,Nisrine - نسرين,سوكمان sockman,NADIAS,SAFAA,حكايات رضا,الجزائر,قضايا,meryem story,@kharrazabdelkader,rajaa stories,senpai,خراز,lasakri,laskari,laaskari,3askari,lasskari,لعساكري,العساكري,لعسكاري,العسكاري,لعسكري,kwili,lemo,Kharraz,ليمو,كويلي,alkharraz,laasri,l3askri,laasikri,lassakri fz,laskri fatima,علوم خفية,NADIA STORIES,قصص مظلمة | dark stories,تونس",24,Entertainment,,PT33M15S,1995,2d,hd,false,ar,ar,https://i.ytimg.com/vi/cVNahhhcb_Q/maxresdefault.jpg,1,,,,,307267,13291,,0,603
275,UC9JNENLelbGff__RYGLP1jA,"Souky Stories",Zm9ImoyDpWA,2024-01-15T18:00:18Z,"2024-01-15 18:00:18","اكتشفات سر خطير فالخزانة ديال الصديق ديالها ⚠️ (*للكبار فقط*)‼️","مرحبا بكم في القناة، الاسم ديالي سكينة و اليوم غادي نكتاشفو خبايا هاد القصة هاد القناة دارت ليك إلى كنتي من عشاق : - قصص حقيقية - قصص رعب - قصص جرائم - قصص غريبة - قصص بوليسية - قصص مؤثرة - قصص ملهمة - قصص واقعية كانحط قصة كل إثنين وخميس. ماتنساش تشتارك فالقناة وتفعل الجرس باش يوصلوك فيديوهات وقصص جداد. مرحبا بيك في عالم القصص المثيرة ❤️ تابعوني ايضا على مواقع التواصل الاجتماعي إذا كنت من محبي القصص القصيرة عبر: الانستغرام : soukystories الفايسبوك : soukystories التيكتوك : soukystories الى كنتي من محبي القصص المسموعة تقدر تلقاني ف: سبوتيفاي: soukystories أنغامي: soukystories غوغل بودكاست: soukystories #explore #قصص_بالدرجة #قصص_بالدارجة #قصص_بالدارجة_المغربية #قصص_واقعية #قصص_غريبة #قصص_حقیقية #9isas_wa9i3iya #souky_stories #soukystories","soukystories,souki stories,المغرب,manar stories,lassakri,العسكري,safaa,الخراز,zineb story,قصص حقيقية,Chaimae Belkhir,Nisrine - نسرين,سوكمان sockman,NADIAS,SAFAA,حكايات رضا,الجزائر,قضايا,meryem story,@kharrazabdelkader,rajaa stories,senpai,خراز,lasakri,laskari,laaskari,3askari,lasskari,لعساكري,العساكري,لعسكاري,العسكاري,لعسكري,kwili,lemo,Kharraz,ليمو,كويلي,alkharraz,laasri,l3askri,laasikri,lassakri fz,laskri fatima,علوم خفية,NADIA STORIES,قصص مظلمة | dark stories,تونس",24,Entertainment,,PT24M40S,1480,2d,hd,false,ar,ar,https://i.ytimg.com/vi/Zm9ImoyDpWA/maxresdefault.jpg,1,,,,,157150,8658,,0,467
276,UC9JNENLelbGff__RYGLP1jA,"Souky Stories",eTr4mh00uiM,2024-01-11T18:00:17Z,"2024-01-11 18:00:17","سر خطير خباتو جزيرة يابانية ستين عام ⚠️ (*للكبار فقط*)‼️","مرحبا بكم في القناة، الاسم ديالي سكينة و اليوم غادي نكتاشفو خبايا هاد القصة هاد القناة دارت ليك إلى كنتي من عشاق : - قصص حقيقية - قصص رعب - قصص جرائم - قصص غريبة - قصص بوليسية - قصص مؤثرة - قصص ملهمة - قصص واقعية كانحط قصة كل إثنين وخميس. ماتنساش تشتارك فالقناة وتفعل الجرس باش يوصلوك فيديوهات وقصص جداد. مرحبا بيك في عالم القصص المثيرة ❤️ تابعوني ايضا على مواقع التواصل الاجتماعي إذا كنت من محبي القصص القصيرة عبر: الانستغرام : soukystories الفايسبوك : soukystories التيكتوك : soukystories الى كنتي من محبي القصص المسموعة تقدر تلقاني ف: سبوتيفاي: soukystories أنغامي: soukystories غوغل بودكاست: soukystories #explore #قصص_بالدرجة #قصص_بالدارجة #قصص_بالدارجة_المغربية #قصص_واقعية #قصص_غريبة #قصص_حقیقية #9isas_wa9i3iya #souky_stories #soukystories","soukystories,souki stories,المغرب,manar stories,lassakri,العسكري,safaa,الخراز,zineb story,قصص حقيقية,Chaimae Belkhir,Nisrine - نسرين,سوكمان sockman,NADIAS,SAFAA,حكايات رضا,الجزائر,قضايا,meryem story,@kharrazabdelkader,rajaa stories,senpai,خراز,lasakri,laskari,laaskari,3askari,lasskari,لعساكري,العساكري,لعسكاري,العسكاري,لعسكري,kwili,lemo,Kharraz,ليمو,كويلي,alkharraz,laasri,l3askri,laasikri,lassakri fz,laskri fatima,علوم خفية,NADIA STORIES,قصص مظلمة | dark stories,تونس",22,"People & Blogs",,PT19M48S,1188,2d,hd,false,ar,ar,https://i.ytimg.com/vi/eTr4mh00uiM/maxresdefault.jpg,1,,,,,94495,6329,,0,396
277,UC9JNENLelbGff__RYGLP1jA,"Souky Stories",fkeaC1xg6Og,2024-01-08T18:00:27Z,"2024-01-08 18:00:27","هاد البنت غادي دوز أكفس ليلة فحياتها كاملة⚠️ (*للكبارفقط*)‼️","مرحبا بكم في القناة، الاسم ديالي سكينة و اليوم غادي نكتاشفو خبايا هاد القصة هاد القناة دارت ليك إلى كنتي من عشاق : - قصص حقيقية - قصص رعب - قصص جرائم - قصص غريبة - قصص بوليسية - قصص مؤثرة - قصص ملهمة - قصص واقعية كانحط قصة كل إثنين وخميس. ماتنساش تشتارك فالقناة وتفعل الجرس باش يوصلوك فيديوهات وقصص جداد. مرحبا بيك في عالم القصص المثيرة ❤️ تابعوني ايضا على مواقع التواصل الاجتماعي إذا كنت من محبي القصص القصيرة عبر: الانستغرام : soukystories الفايسبوك : soukystories التيكتوك : soukystories الى كنتي من محبي القصص المسموعة تقدر تلقاني ف: سبوتيفاي: soukystories أنغامي: soukystories غوغل بودكاست: soukystories #explore #قصص_بالدرجة #قصص_بالدارجة #قصص_بالدارجة_المغربية #قصص_واقعية #قصص_غريبة #قصص_حقیقية #9isas_wa9i3iya #souky_stories #soukystories","قصص الجرائم الحقيقية,soukystories,قصص واقعية بالدارجة,قصص واقعية بالدارجة المغربية,قصص حقيقية واقعية,souki stories,9isas wa9i3iya,المغرب,قصص واقعية,قصص رعب,قصص,lassakri - لعسكري,المحققين,manar stories,manar,lassakri,العسكري,safaa,الخراز,zineb story,سوالف طريق,قصص كويلي,قصص بوليسية,قصص حقيقية,Chaimae Belkhir,Nisrine - نسرين,سوكمان sockman,قصص مظلمة | dark stories,NADIAS,SAFAA,كيفاش حصل,حكايات رضا,اخطر المجرمين,الجزائر,قضايا,ouafaestory,meryem story",22,"People & Blogs",,PT30M45S,1845,2d,hd,false,ar,ar,https://i.ytimg.com/vi/fkeaC1xg6Og/maxresdefault.jpg,1,,,,,246087,10641,,0,548
278,UC9JNENLelbGff__RYGLP1jA,"Souky Stories",Hxb1XLzXSe4,2024-01-06T14:00:10Z,"2024-01-06 14:00:10","ميسي ركبات فسيارة وماعاوداتش رجعات ⚠️ (للكبار فقط)‼️","مرحبا بكم في القناة، الاسم ديالي سكينة و اليوم غادي نكتاشفو خبايا هاد القصة هاد القناة دارت ليك إلى كنتي من عشاق : - قصص حقيقية - قصص رعب - قصص جرائم - قصص غريبة - قصص بوليسية - قصص مؤثرة - قصص ملهمة - قصص واقعية كانحط قصة كل إثنين وخميس. ماتنساش تشتارك فالقناة وتفعل الجرس باش يوصلوك فيديوهات وقصص جداد. مرحبا بيك في عالم القصص المثيرة ❤️ تابعوني ايضا على مواقع التواصل الاجتماعي إذا كنت من محبي القصص القصيرة عبر: الانستغرام : soukystories الفايسبوك : soukystories التيكتوك : soukystories الى كنتي من محبي القصص المسموعة تقدر تلقاني ف: سبوتيفاي: soukystories أنغامي: soukystories غوغل بودكاست: soukystories #explore #قصص_بالدرجة #قصص_بالدارجة #قصص_بالدارجة_المغربية #قصص_واقعية #قصص_غريبة #قصص_حقیقية #9isas_wa9i3iya #souky_stories #soukystories","soukystories,souki stories,المغرب,manar stories,lassakri,العسكري,safaa,الخراز,zineb story,قصص حقيقية,Chaimae Belkhir,Nisrine - نسرين,سوكمان sockman,NADIAS,SAFAA,حكايات رضا,الجزائر,قضايا,meryem story,@kharrazabdelkader,rajaa stories,senpai,خراز,lasakri,laskari,laaskari,3askari,lasskari,لعساكري,العساكري,لعسكاري,العسكاري,لعسكري,kwili,lemo,Kharraz,ليمو,كويلي,alkharraz,laasri,l3askri,laasikri,lassakri fz,laskri fatima,علوم خفية,NADIA STORIES,قصص مظلمة | dark stories,تونس",24,Entertainment,,PT31M5S,1865,2d,hd,false,ar,ar,https://i.ytimg.com/vi/Hxb1XLzXSe4/maxresdefault.jpg,1,,,,,163588,8443,,0,411
279,UC9JNENLelbGff__RYGLP1jA,"Souky Stories",unGMwjGG5ak,2024-01-04T18:00:33Z,"2024-01-04 18:00:33","دخلوا أرض غامضة وماعاودوش خرجوا منها ⚠️ (*للكبار فقط*)‼️","مرحبا بكم في القناة، الاسم ديالي سكينة و اليوم غادي نكتاشفو خبايا هاد القصة هاد القناة دارت ليك إلى كنتي من عشاق : - قصص حقيقية - قصص رعب - قصص جرائم - قصص غريبة - قصص بوليسية - قصص مؤثرة - قصص ملهمة - قصص واقعية كانحط قصة كل إثنين وخميس. ماتنساش تشتارك فالقناة وتفعل الجرس باش يوصلوك فيديوهات وقصص جداد. مرحبا بيك في عالم القصص المثيرة ❤️ تابعوني ايضا على مواقع التواصل الاجتماعي إذا كنت من محبي القصص القصيرة عبر: الانستغرام : soukystories الفايسبوك : soukystories التيكتوك : soukystories الى كنتي من محبي القصص المسموعة تقدر تلقاني ف: سبوتيفاي: soukystories أنغامي: soukystories غوغل بودكاست: soukystories #explore #قصص_بالدرجة #قصص_بالدارجة #قصص_بالدارجة_المغربية #قصص_واقعية #قصص_غريبة #قصص_حقیقية #9isas_wa9i3iya #souky_stories #soukystories","soukystories,souki stories,المغرب,manar stories,lassakri,العسكري,safaa,الخراز,zineb story,قصص حقيقية,Chaimae Belkhir,Nisrine - نسرين,سوكمان sockman,NADIAS,SAFAA,حكايات رضا,الجزائر,قضايا,meryem story,@kharrazabdelkader,rajaa stories,senpai,خراز,lasakri,laskari,laaskari,3askari,lasskari,لعساكري,العساكري,لعسكاري,العسكاري,لعسكري,kwili,lemo,Kharraz,ليمو,كويلي,alkharraz,laasri,l3askri,laasikri,lassakri fz,laskri fatima,علوم خفية,NADIA STORIES,قصص مظلمة | dark stories,تونس",24,Entertainment,,PT34M37S,2077,2d,hd,false,ar,ar,https://i.ytimg.com/vi/unGMwjGG5ak/maxresdefault.jpg,1,,,,,303969,12601,,0,572
280,UC9JNENLelbGff__RYGLP1jA,"Souky Stories",2U0diDoUzNQ,2024-01-01T18:00:03Z,"2024-01-01 18:00:03","الطائفة الدينية الأكثر رعبا في العالم ⚠️ (للكبار فقط)‼️","مرحبا بكم في القناة، الاسم ديالي سكينة و اليوم غادي نكتاشفو خبايا هاد القصة هاد القناة دارت ليك إلى كنتي من عشاق : - قصص حقيقية - قصص رعب - قصص جرائم - قصص غريبة - قصص بوليسية - قصص مؤثرة - قصص ملهمة - قصص واقعية كانحط قصة كل إثنين وخميس. ماتنساش تشتارك فالقناة وتفعل الجرس باش يوصلوك فيديوهات وقصص جداد. مرحبا بيك في عالم القصص المثيرة ❤️ تابعوني ايضا على مواقع التواصل الاجتماعي إذا كنت من محبي القصص القصيرة عبر: الانستغرام : soukystories الفايسبوك : soukystories التيكتوك : soukystories الى كنتي من محبي القصص المسموعة تقدر تلقاني ف: سبوتيفاي: soukystories أنغامي: soukystories غوغل بودكاست: soukystories #explore #قصص_بالدرجة #قصص_بالدارجة #قصص_بالدارجة_المغربية #قصص_واقعية #قصص_غريبة #قصص_حقیقية #9isas_wa9i3iya #souky_stories #soukystories","soukystories,souki stories,المغرب,manar stories,lassakri,العسكري,safaa,الخراز,zineb story,قصص حقيقية,Chaimae Belkhir,Nisrine - نسرين,سوكمان sockman,NADIAS,SAFAA,حكايات رضا,الجزائر,قضايا,meryem story,@kharrazabdelkader,rajaa stories,senpai,خراز,lasakri,laskari,laaskari,3askari,lasskari,لعساكري,العساكري,لعسكاري,العسكاري,لعسكري,kwili,lemo,Kharraz,ليمو,كويلي,alkharraz,laasri,l3askri,laasikri,lassakri fz,laskri fatima,علوم خفية,NADIA STORIES,قصص مظلمة | dark stories,تونس",24,Entertainment,,PT29M29S,1769,2d,hd,false,ar,ar,https://i.ytimg.com/vi/2U0diDoUzNQ/maxresdefault.jpg,1,,,,,151176,7969,,0,413
281,UC9JNENLelbGff__RYGLP1jA,"Souky Stories",gbwF6RzRzzQ,2023-12-28T18:00:19Z,"2023-12-28 18:00:19","الحادثة لي غيرات القانون في بريطانيا للأبد ⚠️ (*النهاية غاتصدمكوم*)‼️","مرحبا بكم في القناة، الاسم ديالي سكينة و اليوم غادي نكتاشفو خبايا هاد القصة هاد القناة دارت ليك إلى كنتي من عشاق : - قصص حقيقية - قصص رعب - قصص جرائم - قصص غريبة - قصص بوليسية - قصص مؤثرة - قصص ملهمة - قصص واقعية كانحط قصة كل إثنين وخميس. ماتنساش تشتارك فالقناة وتفعل الجرس باش يوصلوك فيديوهات وقصص جداد. مرحبا بيك في عالم القصص المثيرة ❤️ تابعوني ايضا على مواقع التواصل الاجتماعي إذا كنت من محبي القصص القصيرة عبر: الانستغرام : soukystories الفايسبوك : soukystories التيكتوك : soukystories الى كنتي من محبي القصص المسموعة تقدر تلقاني ف: سبوتيفاي: soukystories أنغامي: soukystories غوغل بودكاست: soukystories #explore #قصص_بالدرجة #قصص_بالدارجة #قصص_بالدارجة_المغربية #قصص_واقعية #قصص_غريبة #قصص_حقیقية #9isas_wa9i3iya #souky_stories #soukystories","soukystories,souki stories,المغرب,manar stories,lassakri,العسكري,safaa,الخراز,zineb story,قصص حقيقية,Chaimae Belkhir,Nisrine - نسرين,سوكمان sockman,NADIAS,SAFAA,حكايات رضا,الجزائر,قضايا,meryem story,@kharrazabdelkader,rajaa stories,senpai,خراز,lasakri,laskari,laaskari,3askari,lasskari,لعساكري,العساكري,لعسكاري,العسكاري,لعسكري,kwili,lemo,Kharraz,ليمو,كويلي,alkharraz,laasri,l3askri,laasikri,lassakri fz,laskri fatima,علوم خفية,NADIA STORIES,قصص مظلمة | dark stories,تونس",24,Entertainment,,PT31M11S,1871,2d,hd,false,ar,ar,https://i.ytimg.com/vi/gbwF6RzRzzQ/maxresdefault.jpg,1,,,,,247988,10544,,0,440
282,UC9JNENLelbGff__RYGLP1jA,"Souky Stories",G0-4i_PxlOs,2023-12-25T18:00:07Z,"2023-12-25 18:00:07","بنت روسية اختفت من بعدما سافرات لأمريكا باش تزوج ⚠️‼️","مرحبا بكم في القناة، الاسم ديالي سكينة و اليوم غادي نكتاشفو خبايا هاد القصة هاد القناة دارت ليك إلى كنتي من عشاق : - قصص حقيقية - قصص رعب - قصص جرائم - قصص غريبة - قصص بوليسية - قصص مؤثرة - قصص ملهمة - قصص واقعية كانحط قصة كل إثنين وخميس. ماتنساش تشتارك فالقناة وتفعل الجرس باش يوصلوك فيديوهات وقصص جداد. مرحبا بيك في عالم القصص المثيرة ❤️ تابعوني ايضا على مواقع التواصل الاجتماعي إذا كنت من محبي القصص القصيرة عبر: الانستغرام : soukystories الفايسبوك : soukystories التيكتوك : soukystories الى كنتي من محبي القصص المسموعة تقدر تلقاني ف: سبوتيفاي: soukystories أنغامي: soukystories غوغل بودكاست: soukystories #explore #قصص_بالدرجة #قصص_بالدارجة #قصص_بالدارجة_المغربية #قصص_واقعية #قصص_غريبة #قصص_حقیقية #9isas_wa9i3iya #souky_stories #soukystories","soukystories,souki stories,المغرب,manar stories,lassakri,العسكري,safaa,الخراز,zineb story,قصص حقيقية,Chaimae Belkhir,Nisrine - نسرين,سوكمان sockman,NADIAS,SAFAA,حكايات رضا,الجزائر,قضايا,meryem story,@kharrazabdelkader,rajaa stories,senpai,خراز,lasakri,laskari,laaskari,3askari,lasskari,لعساكري,العساكري,لعسكاري,العسكاري,لعسكري,kwili,lemo,Kharraz,ليمو,كويلي,alkharraz,laasri,l3askri,laasikri,lassakri fz,laskri fatima,علوم خفية,NADIA STORIES,قصص مظلمة | dark stories,تونس",24,Entertainment,,PT21M44S,1304,2d,hd,false,ar,ar,https://i.ytimg.com/vi/G0-4i_PxlOs/maxresdefault.jpg,1,,,,,147319,8054,,0,419
283,UC9JNENLelbGff__RYGLP1jA,"Souky Stories",9ezxDjDlSwQ,2023-12-18T18:00:08Z,"2023-12-18 18:00:08","الحقد خلاه يكون وحش بلا رحمة (*للكبار فقط*)‼️⚠️","مرحبا بكم في القناة، الاسم ديالي سكينة و اليوم غادي نكتاشفو خبايا هاد القصة هاد القناة دارت ليك إلى كنتي من عشاق : - قصص حقيقية - قصص رعب - قصص جرائم - قصص غريبة - قصص بوليسية - قصص مؤثرة - قصص ملهمة - قصص واقعية كانحط قصة كل إثنين وخميس. ماتنساش تشتارك فالقناة وتفعل الجرس باش يوصلوك فيديوهات وقصص جداد. مرحبا بيك في عالم القصص المثيرة ❤️ تابعوني ايضا على مواقع التواصل الاجتماعي إذا كنت من محبي القصص القصيرة عبر: الانستغرام : soukystories الفايسبوك : soukystories التيكتوك : soukystories الى كنتي من محبي القصص المسموعة تقدر تلقاني ف: سبوتيفاي: soukystories أنغامي: soukystories غوغل بودكاست: soukystories #explore #قصص_بالدرجة #قصص_بالدارجة #قصص_بالدارجة_المغربية #قصص_واقعية #قصص_غريبة #قصص_حقیقية #9isas_wa9i3iya #souky_stories #soukystories","soukystories,souki stories,المغرب,manar stories,lassakri,العسكري,safaa,الخراز,zineb story,قصص حقيقية,Chaimae Belkhir,Nisrine - نسرين,سوكمان sockman,NADIAS,SAFAA,حكايات رضا,الجزائر,قضايا,meryem story,@kharrazabdelkader,rajaa stories,senpai,خراز,lasakri,laskari,laaskari,3askari,lasskari,لعساكري,العساكري,لعسكاري,العسكاري,لعسكري,kwili,lemo,Kharraz,ليمو,كويلي,alkharraz,laasri,l3askri,laasikri,lassakri fz,laskri fatima,علوم خفية,NADIA STORIES,قصص مظلمة | dark stories,تونس",24,Entertainment,,PT28M11S,1691,2d,hd,false,ar,ar,https://i.ytimg.com/vi/9ezxDjDlSwQ/maxresdefault.jpg,1,,,,,231444,10433,,0,604
284,UC9JNENLelbGff__RYGLP1jA,"Souky Stories",TTR3QDUV56A,2023-12-14T18:00:21Z,"2023-12-14 18:00:21","صيادة شافو شي حاجة فالبحر لي ماكانش خاصهوم يشوفوها (*قصة صادمة*) ‼️🔥","مرحبا بكم في القناة، الاسم ديالي سكينة و اليوم غادي نكتاشفو خبايا هاد القصة هاد القناة دارت ليك إلى كنتي من عشاق : - قصص حقيقية - قصص رعب - قصص جرائم - قصص غريبة - قصص بوليسية - قصص مؤثرة - قصص ملهمة - قصص واقعية كانحط قصة كل إثنين وخميس. ماتنساش تشتارك فالقناة وتفعل الجرس باش يوصلوك فيديوهات وقصص جداد. مرحبا بيك في عالم القصص المثيرة ❤️ تابعوني ايضا على مواقع التواصل الاجتماعي إذا كنت من محبي القصص القصيرة عبر: الانستغرام : soukystories الفايسبوك : soukystories التيكتوك : soukystories الى كنتي من محبي القصص المسموعة تقدر تلقاني ف: سبوتيفاي: soukystories أنغامي: soukystories غوغل بودكاست: soukystories #explore #قصص_بالدرجة #قصص_بالدارجة #قصص_بالدارجة_المغربية #قصص_واقعية #قصص_غريبة #قصص_حقیقية #9isas_wa9i3iya #souky_stories #soukystories","soukystories,souki stories,المغرب,manar stories,lassakri,العسكري,safaa,الخراز,zineb story,قصص حقيقية,Chaimae Belkhir,Nisrine - نسرين,سوكمان sockman,NADIAS,SAFAA,حكايات رضا,الجزائر,قضايا,meryem story,@kharrazabdelkader,rajaa stories,senpai,خراز,lasakri,laskari,laaskari,3askari,lasskari,لعساكري,العساكري,لعسكاري,العسكاري,لعسكري,kwili,lemo,Kharraz,ليمو,كويلي,alkharraz,laasri,l3askri,laasikri,lassakri fz,laskri fatima,علوم خفية,NADIA STORIES,قصص مظلمة | dark stories,تونس",24,Entertainment,,PT21M52S,1312,2d,hd,false,ar,ar,https://i.ytimg.com/vi/TTR3QDUV56A/maxresdefault.jpg,1,,,,,312589,13725,,0,491
285,UC9JNENLelbGff__RYGLP1jA,"Souky Stories",jddXZwk2gLQ,2023-12-11T18:00:31Z,"2023-12-11 18:00:31","فيلم رعب تحول لحقيقة والسبب صادم (*للكبار فقط*) ‼️⚠️","مرحبا بكم في القناة، الاسم ديالي سكينة و اليوم غادي نكتاشفو خبايا هاد القصة هاد القناة دارت ليك إلى كنتي من عشاق : - قصص حقيقية - قصص رعب - قصص جرائم - قصص غريبة - قصص بوليسية - قصص مؤثرة - قصص ملهمة - قصص واقعية كانحط قصة كل إثنين وخميس. ماتنساش تشتارك فالقناة وتفعل الجرس باش يوصلوك فيديوهات وقصص جداد. مرحبا بيك في عالم القصص المثيرة ❤️ تابعوني ايضا على مواقع التواصل الاجتماعي إذا كنت من محبي القصص القصيرة عبر: الانستغرام : soukystories الفايسبوك : soukystories التيكتوك : soukystories الى كنتي من محبي القصص المسموعة تقدر تلقاني ف: سبوتيفاي: soukystories أنغامي: soukystories غوغل بودكاست: soukystories #explore #قصص_بالدرجة #قصص_بالدارجة #قصص_بالدارجة_المغربية #قصص_واقعية #قصص_غريبة #قصص_حقیقية #9isas_wa9i3iya #souky_stories #soukystories","soukystories,souki stories,المغرب,manar stories,lassakri,العسكري,safaa,الخراز,zineb story,قصص حقيقية,Chaimae Belkhir,Nisrine - نسرين,سوكمان sockman,NADIAS,SAFAA,حكايات رضا,الجزائر,قضايا,meryem story,@kharrazabdelkader,rajaa stories,senpai,خراز,lasakri,laskari,laaskari,3askari,lasskari,لعساكري,العساكري,لعسكاري,العسكاري,لعسكري,kwili,lemo,Kharraz,ليمو,كويلي,alkharraz,laasri,l3askri,laasikri,lassakri fz,laskri fatima,علوم خفية,NADIA STORIES,قصص مظلمة | dark stories,تونس",24,Entertainment,"Entertainment,Film",PT30M49S,1849,2d,hd,false,ar,ar,https://i.ytimg.com/vi/jddXZwk2gLQ/maxresdefault.jpg,1,,,,,258625,11839,,0,461
286,UC9JNENLelbGff__RYGLP1jA,"Souky Stories",0S2kADYn2BE,2023-12-07T18:00:00Z,"2023-12-07 18:00:00","اختفاء زوجين بعدما اكتشفوا سر كبير (*نهاية صادمة*) ⚠️‼️","مرحبا بكم في القناة، الاسم ديالي سكينة و اليوم غادي نكتاشفو خبايا هاد القصة هاد القناة دارت ليك إلى كنتي من عشاق : - قصص حقيقية - قصص رعب - قصص جرائم - قصص غريبة - قصص بوليسية - قصص مؤثرة - قصص ملهمة - قصص واقعية كانحط قصة كل إثنين وخميس. ماتنساش تشتارك فالقناة وتفعل الجرس باش يوصلوك فيديوهات وقصص جداد. مرحبا بيك في عالم القصص المثيرة ❤️ تابعوني ايضا على مواقع التواصل الاجتماعي إذا كنت من محبي القصص القصيرة عبر: الانستغرام : soukystories الفايسبوك : soukystories التيكتوك : soukystories الى كنتي من محبي القصص المسموعة تقدر تلقاني ف: سبوتيفاي: soukystories أنغامي: soukystories غوغل بودكاست: soukystories #explore #قصص_بالدرجة #قصص_بالدارجة #قصص_بالدارجة_المغربية #قصص_واقعية #قصص_غريبة #قصص_حقیقية #9isas_wa9i3iya #souky_stories #soukystories","soukystories,souki stories,المغرب,manar stories,lassakri,العسكري,safaa,الخراز,zineb story,قصص حقيقية,Chaimae Belkhir,Nisrine - نسرين,سوكمان sockman,NADIAS,SAFAA,حكايات رضا,الجزائر,قضايا,meryem story,@kharrazabdelkader,rajaa stories,senpai,خراز,lasakri,laskari,laaskari,3askari,lasskari,لعساكري,العساكري,لعسكاري,العسكاري,لعسكري,kwili,lemo,Kharraz,ليمو,كويلي,alkharraz,laasri,l3askri,laasikri,lassakri fz,laskri fatima,علوم خفية,NADIA STORIES,قصص مظلمة | dark stories,تونس",24,Entertainment,,PT30M30S,1830,2d,hd,false,ar,ar,https://i.ytimg.com/vi/0S2kADYn2BE/maxresdefault.jpg,1,,,,,194165,8425,,0,336
287,UC9JNENLelbGff__RYGLP1jA,"Souky Stories",RMRzMs87VU8,2023-12-04T18:00:23Z,"2023-12-04 18:00:23","قرار أناني كان سبب فمأساة كبيرة (*قصة صادمة*) ‼️⚠️","مرحبا بكم في القناة، الاسم ديالي سكينة و اليوم غادي نكتاشفو خبايا هاد القصة هاد القناة دارت ليك إلى كنتي من عشاق : - قصص حقيقية - قصص رعب - قصص جرائم - قصص غريبة - قصص بوليسية - قصص مؤثرة - قصص ملهمة - قصص واقعية كانحط قصة كل إثنين وخميس. ماتنساش تشتارك فالقناة وتفعل الجرس باش يوصلوك فيديوهات وقصص جداد. مرحبا بيك في عالم القصص المثيرة ❤️ تابعوني ايضا على مواقع التواصل الاجتماعي إذا كنت من محبي القصص القصيرة عبر: الانستغرام : soukystories الفايسبوك : soukystories التيكتوك : soukystories الى كنتي من محبي القصص المسموعة تقدر تلقاني ف: سبوتيفاي: soukystories أنغامي: soukystories غوغل بودكاست: soukystories #explore #قصص_بالدرجة #قصص_بالدارجة #قصص_بالدارجة_المغربية #قصص_واقعية #قصص_غريبة #قصص_حقیقية #9isas_wa9i3iya #souky_stories #soukystories","soukystories,souki stories,المغرب,manar stories,lassakri,العسكري,safaa,الخراز,zineb story,قصص حقيقية,Chaimae Belkhir,Nisrine - نسرين,سوكمان sockman,NADIAS,SAFAA,حكايات رضا,الجزائر,قضايا,meryem story,@kharrazabdelkader,rajaa stories,senpai,خراز,lasakri,laskari,laaskari,3askari,lasskari,لعساكري,العساكري,لعسكاري,العسكاري,لعسكري,kwili,lemo,Kharraz,ليمو,كويلي,alkharraz,laasri,l3askri,laasikri,lassakri fz,laskri fatima,علوم خفية,NADIA STORIES,قصص مظلمة | dark stories,تونس",24,Entertainment,,PT25M12S,1512,2d,hd,false,ar,ar,https://i.ytimg.com/vi/RMRzMs87VU8/maxresdefault.jpg,1,,,,,178669,8251,,0,344
288,UC9JNENLelbGff__RYGLP1jA,"Souky Stories",pIFBL1moNH8,2023-11-30T18:00:25Z,"2023-11-30 18:00:25","قصة الوحش لي نشر الرعب فروسيا (*للكبار فقط*)","مرحبا بكم في القناة، الاسم ديالي سكينة و اليوم غادي نكتاشفو خبايا هاد القصة هاد القناة دارت ليك إلى كنتي من عشاق : - قصص حقيقية - قصص رعب - قصص جرائم - قصص غريبة - قصص بوليسية - قصص مؤثرة - قصص ملهمة - قصص واقعية كانحط قصة كل إثنين وخميس. ماتنساش تشتارك فالقناة وتفعل الجرس باش يوصلوك فيديوهات وقصص جداد. مرحبا بيك في عالم القصص المثيرة ❤️ تابعوني ايضا على مواقع التواصل الاجتماعي إذا كنت من محبي القصص القصيرة عبر: الانستغرام : soukystories الفايسبوك : soukystories التيكتوك : soukystories الى كنتي من محبي القصص المسموعة تقدر تلقاني ف: سبوتيفاي: soukystories أنغامي: soukystories غوغل بودكاست: soukystories #explore #قصص_بالدرجة #قصص_بالدارجة #قصص_بالدارجة_المغربية #قصص_واقعية #قصص_غريبة #قصص_حقیقية #9isas_wa9i3iya #souky_stories #soukystories","soukystories,souki stories,المغرب,manar stories,lassakri,العسكري,safaa,الخراز,zineb story,قصص حقيقية,Chaimae Belkhir,Nisrine - نسرين,سوكمان sockman,NADIAS,SAFAA,حكايات رضا,الجزائر,قضايا,meryem story,@kharrazabdelkader,rajaa stories,senpai,خراز,lasakri,laskari,laaskari,3askari,lasskari,لعساكري,العساكري,لعسكاري,العسكاري,لعسكري,kwili,lemo,Kharraz,ليمو,كويلي,alkharraz,laasri,l3askri,laasikri,lassakri fz,laskri fatima,علوم خفية,NADIA STORIES,قصص مظلمة | dark stories,تونس",24,Entertainment,,PT39M30S,2370,2d,hd,false,ar,ar,https://i.ytimg.com/vi/pIFBL1moNH8/maxresdefault.jpg,1,,,,,616848,23077,,0,1065
289,UC9JNENLelbGff__RYGLP1jA,"Souky Stories",Mq1oUHbSoig,2023-11-27T18:00:11Z,"2023-11-27 18:00:11","ماغاتيقوش شنو دار هاد السيد باش تكون عندو صديقة 😨‼️(*للكبار فقط*)","مرحبا بكم في القناة، الاسم ديالي سكينة و اليوم غادي نكتاشفو خبايا هاد القصة هاد القناة دارت ليك إلى كنتي من عشاق : - قصص حقيقية - قصص رعب - قصص جرائم - قصص غريبة - قصص بوليسية - قصص مؤثرة - قصص ملهمة - قصص واقعية كانحط قصة كل إثنين وخميس. ماتنساش تشتارك فالقناة وتفعل الجرس باش يوصلوك فيديوهات وقصص جداد. مرحبا بيك في عالم القصص المثيرة ❤️ تابعوني ايضا على مواقع التواصل الاجتماعي إذا كنت من محبي القصص القصيرة عبر: الانستغرام : soukystories الفايسبوك : soukystories التيكتوك : soukystories الى كنتي من محبي القصص المسموعة تقدر تلقاني ف: سبوتيفاي: soukystories أنغامي: soukystories غوغل بودكاست: soukystories #explore #قصص_بالدرجة #قصص_بالدارجة #قصص_بالدارجة_المغربية #قصص_واقعية #قصص_غريبة #قصص_حقیقية #9isas_wa9i3iya #souky_stories #soukystories","soukystories,souki stories,المغرب,manar stories,lassakri,العسكري,safaa,الخراز,zineb story,قصص حقيقية,Chaimae Belkhir,Nisrine - نسرين,سوكمان sockman,NADIAS,SAFAA,حكايات رضا,الجزائر,قضايا,meryem story,@kharrazabdelkader,rajaa stories,senpai,خراز,lasakri,laskari,laaskari,3askari,lasskari,لعساكري,العساكري,لعسكاري,العسكاري,لعسكري,kwili,lemo,Kharraz,ليمو,كويلي,alkharraz,laasri,l3askri,laasikri,lassakri fz,laskri fatima,علوم خفية,NADIA STORIES,قصص مظلمة | dark stories,تونس",24,Entertainment,,PT20M23S,1223,2d,hd,false,ar,ar,https://i.ytimg.com/vi/Mq1oUHbSoig/maxresdefault.jpg,1,,,,,174980,9104,,0,330
290,UC9JNENLelbGff__RYGLP1jA,"Souky Stories",yp4_pHWG7Zc,2023-11-23T18:00:29Z,"2023-11-23 18:00:29","خطأ بسيط حول حياتهوم لجحيم (*قصة حقيقية صادمة*) ‼️⚠️","مرحبا بكم في القناة، الاسم ديالي سكينة و اليوم غادي نكتاشفو خبايا هاد القصة هاد القناة دارت ليك إلى كنتي من عشاق : - قصص حقيقية - قصص رعب - قصص جرائم - قصص غريبة - قصص بوليسية - قصص مؤثرة - قصص ملهمة - قصص واقعية كانحط قصة كل إثنين وخميس. ماتنساش تشتارك فالقناة وتفعل الجرس باش يوصلوك فيديوهات وقصص جداد. مرحبا بيك في عالم القصص المثيرة ❤️ تابعوني ايضا على مواقع التواصل الاجتماعي إذا كنت من محبي القصص القصيرة عبر: الانستغرام : soukystories الفايسبوك : soukystories التيكتوك : soukystories الى كنتي من محبي القصص المسموعة تقدر تلقاني ف: سبوتيفاي: soukystories أنغامي: soukystories غوغل بودكاست: soukystories #explore #قصص_بالدرجة #قصص_بالدارجة #قصص_بالدارجة_المغربية #قصص_واقعية #قصص_غريبة #قصص_حقیقية #9isas_wa9i3iya #souky_stories #soukystories","soukystories,souki stories,المغرب,manar stories,lassakri,العسكري,safaa,الخراز,zineb story,قصص حقيقية,Chaimae Belkhir,Nisrine - نسرين,سوكمان sockman,NADIAS,SAFAA,حكايات رضا,الجزائر,قضايا,meryem story,@kharrazabdelkader,rajaa stories,senpai,خراز,lasakri,laskari,laaskari,3askari,lasskari,لعساكري,العساكري,لعسكاري,العسكاري,لعسكري,kwili,lemo,Kharraz,ليمو,كويلي,alkharraz,laasri,l3askri,laasikri,lassakri fz,laskri fatima,علوم خفية,NADIA STORIES,قصص مظلمة | dark stories,تونس",24,Entertainment,,PT37M4S,2224,2d,hd,false,ar,ar,https://i.ytimg.com/vi/yp4_pHWG7Zc/maxresdefault.jpg,1,,,,,336065,13352,,0,534
291,UC9JNENLelbGff__RYGLP1jA,"Souky Stories",epdqPAns52A,2023-11-20T18:00:28Z,"2023-11-20 18:00:28","ماغاتيقوش شنو دارت هاد الأم على قبل ولدها قصة حقيقية صادمة ‼️⚠️","مرحبا بكم في القناة، الاسم ديالي سكينة و اليوم غادي نكتاشفو خبايا هاد القصة هاد القناة دارت ليك إلى كنتي من عشاق : - قصص حقيقية - قصص رعب - قصص جرائم - قصص غريبة - قصص بوليسية - قصص مؤثرة - قصص ملهمة - قصص واقعية كانحط قصة كل إثنين وخميس. ماتنساش تشتارك فالقناة وتفعل الجرس باش يوصلوك فيديوهات وقصص جداد. مرحبا بيك في عالم القصص المثيرة ❤️ تابعوني ايضا على مواقع التواصل الاجتماعي إذا كنت من محبي القصص القصيرة عبر: الانستغرام : soukystories الفايسبوك : soukystories التيكتوك : soukystories الى كنتي من محبي القصص المسموعة تقدر تلقاني ف: سبوتيفاي: soukystories أنغامي: soukystories غوغل بودكاست: soukystories #explore #قصص_بالدرجة #قصص_بالدارجة #قصص_بالدارجة_المغربية #قصص_واقعية #قصص_غريبة #قصص_حقیقية #9isas_wa9i3iya #souky_stories #soukystories","soukystories,souki stories,المغرب,manar stories,lassakri,العسكري,safaa,الخراز,zineb story,قصص حقيقية,Chaimae Belkhir,Nisrine - نسرين,سوكمان sockman,NADIAS,SAFAA,حكايات رضا,الجزائر,قضايا,meryem story,@kharrazabdelkader,rajaa stories,senpai,خراز,lasakri,laskari,laaskari,3askari,lasskari,لعساكري,العساكري,لعسكاري,العسكاري,لعسكري,kwili,lemo,Kharraz,ليمو,كويلي,alkharraz,laasri,l3askri,laasikri,lassakri fz,laskri fatima,علوم خفية,NADIA STORIES,قصص مظلمة | dark stories,تونس",24,Entertainment,,PT29M23S,1763,2d,hd,false,ar,ar,https://i.ytimg.com/vi/epdqPAns52A/maxresdefault.jpg,1,,,,,336979,12539,,0,556
292,UC9JNENLelbGff__RYGLP1jA,"Souky Stories",2utuG68Pvy4,2023-11-16T19:00:02Z,"2023-11-16 19:00:02","اختفاء دينيس وتصرفات صديقها تثير الشكوك ‼️⚠️","مرحبا بكم في القناة، الاسم ديالي سكينة و اليوم غادي نكتاشفو خبايا هاد القصة هاد القناة دارت ليك إلى كنتي من عشاق : - قصص حقيقية - قصص رعب - قصص جرائم - قصص غريبة - قصص بوليسية - قصص مؤثرة - قصص ملهمة - قصص واقعية كانحط قصة كل إثنين وخميس. ماتنساش تشتارك فالقناة وتفعل الجرس باش يوصلوك فيديوهات وقصص جداد. مرحبا بيك في عالم القصص المثيرة ❤️ تابعوني ايضا على مواقع التواصل الاجتماعي إذا كنت من محبي القصص القصيرة عبر: الانستغرام : soukystories الفايسبوك : soukystories التيكتوك : soukystories الى كنتي من محبي القصص المسموعة تقدر تلقاني ف: سبوتيفاي: soukystories أنغامي: soukystories غوغل بودكاست: soukystories #explore #قصص_بالدرجة #قصص_بالدارجة #قصص_بالدارجة_المغربية #قصص_واقعية #قصص_غريبة #قصص_حقیقية #9isas_wa9i3iya #souky_stories #soukystories","soukystories,souki stories,المغرب,manar stories,lassakri,العسكري,safaa,الخراز,zineb story,قصص حقيقية,Chaimae Belkhir,Nisrine - نسرين,سوكمان sockman,NADIAS,SAFAA,حكايات رضا,الجزائر,قضايا,meryem story,@kharrazabdelkader,rajaa stories,senpai,خراز,lasakri,laskari,laaskari,3askari,lasskari,لعساكري,العساكري,لعسكاري,العسكاري,لعسكري,kwili,lemo,Kharraz,ليمو,كويلي,alkharraz,laasri,l3askri,laasikri,lassakri fz,laskri fatima,علوم خفية,NADIA STORIES,قصص مظلمة | dark stories,تونس",24,Entertainment,,PT24M55S,1495,2d,hd,false,ar,ar,https://i.ytimg.com/vi/2utuG68Pvy4/maxresdefault.jpg,1,,,,,122358,6185,,0,284
293,UC9JNENLelbGff__RYGLP1jA,"Souky Stories",FYtNLnY6Tg8,2023-11-13T19:00:07Z,"2023-11-13 19:00:07","اختفاء امرأة مسنة وكاميرات المراقبة فضحت الفاعل (*مع تسجيلات صادمة*) ‼️⚠️","مرحبا بكم في القناة، الاسم ديالي سكينة و اليوم غادي نكتاشفو خبايا هاد القصة هاد القناة دارت ليك إلى كنتي من عشاق : - قصص حقيقية - قصص رعب - قصص جرائم - قصص غريبة - قصص بوليسية - قصص مؤثرة - قصص ملهمة - قصص واقعية كانحط قصة كل إثنين وخميس. ماتنساش تشتارك فالقناة وتفعل الجرس باش يوصلوك فيديوهات وقصص جداد. مرحبا بيك في عالم القصص المثيرة ❤️ تابعوني ايضا على مواقع التواصل الاجتماعي إذا كنت من محبي القصص القصيرة عبر: الانستغرام : soukystories الفايسبوك : soukystories التيكتوك : soukystories الى كنتي من محبي القصص المسموعة تقدر تلقاني ف: سبوتيفاي: soukystories أنغامي: soukystories غوغل بودكاست: soukystories #explore #قصص_بالدرجة #قصص_بالدارجة #قصص_بالدارجة_المغربية #قصص_واقعية #قصص_غريبة #قصص_حقیقية #9isas_wa9i3iya #souky_stories #soukystories","soukystories,souki stories,المغرب,manar stories,lassakri,العسكري,safaa,الخراز,zineb story,قصص حقيقية,Chaimae Belkhir,Nisrine - نسرين,سوكمان sockman,NADIAS,SAFAA,حكايات رضا,الجزائر,قضايا,meryem story,@kharrazabdelkader,rajaa stories,senpai,خراز,lasakri,laskari,laaskari,3askari,lasskari,لعساكري,العساكري,لعسكاري,العسكاري,لعسكري,kwili,lemo,Kharraz,ليمو,كويلي,alkharraz,laasri,l3askri,laasikri,lassakri fz,laskri fatima,علوم خفية,NADIA STORIES,قصص مظلمة | dark stories,تونس",24,Entertainment,,PT22M1S,1321,2d,hd,false,ar,ar,https://i.ytimg.com/vi/FYtNLnY6Tg8/maxresdefault.jpg,1,,,,,145754,6985,,0,249
294,UC9JNENLelbGff__RYGLP1jA,"Souky Stories",gy5z-4FjjFo,2023-11-09T18:00:20Z,"2023-11-09 18:00:20","شنو السر لي كانت مخبياه رينا فالبيت ديالها (*قصة حقيقية صادمة*) ‼️⚠️","مرحبا بكم في القناة، الاسم ديالي سكينة و اليوم غادي نكتاشفو خبايا هاد القصة هاد القناة دارت ليك إلى كنتي من عشاق : - قصص حقيقية - قصص رعب - قصص جرائم - قصص غريبة - قصص بوليسية - قصص مؤثرة - قصص ملهمة - قصص واقعية كانحط قصة كل إثنين وخميس. ماتنساش تشتارك فالقناة وتفعل الجرس باش يوصلوك فيديوهات وقصص جداد. مرحبا بيك في عالم القصص المثيرة ❤️ تابعوني ايضا على مواقع التواصل الاجتماعي إذا كنت من محبي القصص القصيرة عبر: الانستغرام : soukystories الفايسبوك : soukystories التيكتوك : soukystories الى كنتي من محبي القصص المسموعة تقدر تلقاني ف: سبوتيفاي: soukystories أنغامي: soukystories غوغل بودكاست: soukystories #explore #قصص_بالدرجة #قصص_بالدارجة #قصص_بالدارجة_المغربية #قصص_واقعية #قصص_غريبة #قصص_حقیقية #9isas_wa9i3iya #souky_stories #soukystories","soukystories,souki stories,المغرب,manar stories,lassakri,العسكري,safaa,الخراز,zineb story,قصص حقيقية,Chaimae Belkhir,Nisrine - نسرين,سوكمان sockman,NADIAS,SAFAA,حكايات رضا,الجزائر,قضايا,meryem story,@kharrazabdelkader,rajaa stories,senpai,خراز,lasakri,laskari,laaskari,3askari,lasskari,لعساكري,العساكري,لعسكاري,العسكاري,لعسكري,kwili,lemo,Kharraz,ليمو,كويلي,alkharraz,laasri,l3askri,laasikri,lassakri fz,laskri fatima,علوم خفية,NADIA STORIES,قصص مظلمة | dark stories,تونس",24,Entertainment,,PT26M4S,1564,2d,hd,false,ar,ar,https://i.ytimg.com/vi/gy5z-4FjjFo/maxresdefault.jpg,1,,,,,186082,8445,,0,360
295,UC9JNENLelbGff__RYGLP1jA,"Souky Stories",U8zy-VINZq0,2023-11-06T18:00:14Z,"2023-11-06 18:00:14","الساحرة للي حيرات البوليس بالخبث ديالها","مرحبا بكم في القناة، الاسم ديالي سكينة و اليوم غادي نكتاشفو خبايا هاد القصة هاد القناة دارت ليك إلى كنتي من عشاق : - قصص حقيقية - قصص رعب - قصص جرائم - قصص غريبة - قصص بوليسية - قصص مؤثرة - قصص ملهمة - قصص واقعية كانحط قصة كل إثنين وخميس. ماتنساش تشتارك فالقناة وتفعل الجرس باش يوصلوك فيديوهات وقصص جداد. مرحبا بيك في عالم القصص المثيرة ❤️ تابعوني ايضا على مواقع التواصل الاجتماعي إذا كنت من محبي القصص القصيرة عبر: الانستغرام : soukystories الفايسبوك : soukystories التيكتوك : soukystories الى كنتي من محبي القصص المسموعة تقدر تلقاني ف: سبوتيفاي: soukystories أنغامي: soukystories غوغل بودكاست: soukystories #explore #قصص_بالدرجة #قصص_بالدارجة #قصص_بالدارجة_المغربية #قصص_واقعية #قصص_غريبة #قصص_حقیقية #9isas_wa9i3iya #souky_stories #soukystories","soukystories,souki stories,المغرب,manar stories,lassakri,العسكري,safaa,الخراز,zineb story,قصص حقيقية,Chaimae Belkhir,Nisrine - نسرين,سوكمان sockman,NADIAS,SAFAA,حكايات رضا,الجزائر,قضايا,meryem story,@kharrazabdelkader,rajaa stories,senpai,خراز,lasakri,laskari,laaskari,3askari,lasskari,لعساكري,العساكري,لعسكاري,العسكاري,لعسكري,kwili,lemo,Kharraz,ليمو,كويلي,alkharraz,laasri,l3askri,laasikri,lassakri fz,laskri fatima,علوم خفية,NADIA STORIES,قصص مظلمة | dark stories,تونس",24,Entertainment,,PT22M33S,1353,2d,hd,false,ar,ar,https://i.ytimg.com/vi/U8zy-VINZq0/maxresdefault.jpg,1,,,,,169917,7756,,0,315
296,UC9JNENLelbGff__RYGLP1jA,"Souky Stories",FlgSEODRjJA,2023-11-02T18:00:06Z,"2023-11-02 18:00:06","السر الخطير لي كان مخبي تفضح وكلشي تصدم ‼️😱","مرحبا بكم في القناة، الاسم ديالي سكينة و اليوم غادي نكتاشفو خبايا هاد القصة هاد القناة دارت ليك إلى كنتي من عشاق : - قصص حقيقية - قصص رعب - قصص جرائم - قصص غريبة - قصص بوليسية - قصص مؤثرة - قصص ملهمة - قصص واقعية كانحط قصة كل إثنين وخميس. ماتنساش تشتارك فالقناة وتفعل الجرس باش يوصلوك فيديوهات وقصص جداد. مرحبا بيك في عالم القصص المثيرة ❤️ تابعوني ايضا على مواقع التواصل الاجتماعي إذا كنت من محبي القصص القصيرة عبر: الانستغرام : soukystories الفايسبوك : soukystories التيكتوك : soukystories الى كنتي من محبي القصص المسموعة تقدر تلقاني ف: سبوتيفاي: soukystories أنغامي: soukystories غوغل بودكاست: soukystories #explore #قصص_بالدرجة #قصص_بالدارجة #قصص_بالدارجة_المغربية #قصص_واقعية #قصص_غريبة #قصص_حقیقية #9isas_wa9i3iya #souky_stories #soukystories","soukystories,souki stories,المغرب,manar stories,lassakri,العسكري,safaa,الخراز,zineb story,قصص حقيقية,Chaimae Belkhir,Nisrine - نسرين,سوكمان sockman,NADIAS,SAFAA,حكايات رضا,الجزائر,قضايا,meryem story,@kharrazabdelkader,rajaa stories,senpai,خراز,lasakri,laskari,laaskari,3askari,lasskari,لعساكري,العساكري,لعسكاري,العسكاري,لعسكري,kwili,lemo,Kharraz,ليمو,كويلي,alkharraz,laasri,l3askri,laasikri,lassakri fz,laskri fatima,علوم خفية,NADIA STORIES,قصص مظلمة | dark stories,تونس",24,Entertainment,,PT23M37S,1417,2d,hd,false,ar,ar,https://i.ytimg.com/vi/FlgSEODRjJA/maxresdefault.jpg,1,,,,,158856,6975,,0,194
297,UC9JNENLelbGff__RYGLP1jA,"Souky Stories",7UyO2-5SAUA,2023-10-30T18:00:03Z,"2023-10-30 18:00:03","القصة الحقيقية وراء فيلم الرعب الشهير سكريم scream (*للكبار فقط*) ⚠️‼️","مرحبا بكم في القناة، الاسم ديالي سكينة و اليوم غادي نكتاشفو خبايا هاد القصة هاد القناة دارت ليك إلى كنتي من عشاق : - قصص حقيقية - قصص رعب - قصص جرائم - قصص غريبة - قصص بوليسية - قصص مؤثرة - قصص ملهمة - قصص واقعية كانحط قصة كل إثنين وخميس. ماتنساش تشتارك فالقناة وتفعل الجرس باش يوصلوك فيديوهات وقصص جداد. مرحبا بيك في عالم القصص المثيرة ❤️ تابعوني ايضا على مواقع التواصل الاجتماعي إذا كنت من محبي القصص القصيرة عبر: الانستغرام : soukystories الفايسبوك : soukystories التيكتوك : soukystories الى كنتي من محبي القصص المسموعة تقدر تلقاني ف: سبوتيفاي: soukystories أنغامي: soukystories غوغل بودكاست: soukystories #explore #قصص_بالدرجة #قصص_بالدارجة #قصص_بالدارجة_المغربية #قصص_واقعية #قصص_غريبة #قصص_حقیقية #9isas_wa9i3iya #souky_stories #soukystories","soukystories,souki stories,المغرب,manar stories,lassakri,العسكري,safaa,الخراز,zineb story,قصص حقيقية,Chaimae Belkhir,Nisrine - نسرين,سوكمان sockman,NADIAS,SAFAA,حكايات رضا,الجزائر,قضايا,meryem story,@kharrazabdelkader,rajaa stories,senpai,خراز,lasakri,laskari,laaskari,3askari,lasskari,لعساكري,العساكري,لعسكاري,العسكاري,لعسكري,kwili,lemo,Kharraz,ليمو,كويلي,alkharraz,laasri,l3askri,laasikri,lassakri fz,laskri fatima,علوم خفية,NADIA STORIES,قصص مظلمة | dark stories,تونس",24,Entertainment,"Entertainment,Film",PT35M36S,2136,2d,hd,false,ar,ar,https://i.ytimg.com/vi/7UyO2-5SAUA/maxresdefault.jpg,1,,,,,157922,8594,,0,377
298,UC9JNENLelbGff__RYGLP1jA,"Souky Stories",OgMEbHxBvuo,2023-10-26T18:00:08Z,"2023-10-26 18:00:08","بسباب مقلب تحولات حياتهوم إلى جحيم 🔥‼️","مرحبا بكم في القناة، الاسم ديالي سكينة و اليوم غادي نكتاشفو خبايا هاد القصة هاد القناة دارت ليك إلى كنتي من عشاق : - قصص حقيقية - قصص رعب - قصص جرائم - قصص غريبة - قصص بوليسية - قصص مؤثرة - قصص ملهمة - قصص واقعية كانحط قصة كل إثنين وخميس. ماتنساش تشتارك فالقناة وتفعل الجرس باش يوصلوك فيديوهات وقصص جداد. مرحبا بيك في عالم القصص المثيرة ❤️ تابعوني ايضا على مواقع التواصل الاجتماعي إذا كنت من محبي القصص القصيرة عبر: الانستغرام : soukystories الفايسبوك : soukystories التيكتوك : soukystories الى كنتي من محبي القصص المسموعة تقدر تلقاني ف: سبوتيفاي: soukystories أنغامي: soukystories غوغل بودكاست: soukystories #explore #قصص_بالدرجة #قصص_بالدارجة #قصص_بالدارجة_المغربية #قصص_واقعية #قصص_غريبة #قصص_حقیقية #9isas_wa9i3iya #souky_stories #soukystories","soukystories,souki stories,المغرب,manar stories,lassakri,العسكري,safaa,الخراز,zineb story,قصص حقيقية,Chaimae Belkhir,Nisrine - نسرين,سوكمان sockman,NADIAS,SAFAA,حكايات رضا,الجزائر,قضايا,meryem story,@kharrazabdelkader,rajaa stories,senpai,خراز,lasakri,laskari,laaskari,3askari,lasskari,لعساكري,العساكري,لعسكاري,العسكاري,لعسكري,kwili,lemo,Kharraz,ليمو,كويلي,alkharraz,laasri,l3askri,laasikri,lassakri fz,laskri fatima,علوم خفية,NADIA STORIES,قصص مظلمة | dark stories,تونس",24,Entertainment,,PT21M38S,1298,2d,hd,false,ar,ar,https://i.ytimg.com/vi/OgMEbHxBvuo/maxresdefault.jpg,1,,,,,203518,9467,,0,233
299,UC9JNENLelbGff__RYGLP1jA,"Souky Stories",MmeFDEnXWsk,2023-10-23T18:00:13Z,"2023-10-23 18:00:13","داكشي لي وقع فاش مشاوا اخيموا كان صادم⚠️","مرحبا بكم في القناة، الاسم ديالي سكينة و اليوم غادي نكتاشفو خبايا هاد القصة هاد القناة دارت ليك إلى كنتي من عشاق : - قصص حقيقية - قصص رعب - قصص جرائم - قصص غريبة - قصص بوليسية - قصص مؤثرة - قصص ملهمة - قصص واقعية كانحط قصة كل إثنين وخميس. ماتنساش تشتارك فالقناة وتفعل الجرس باش يوصلوك فيديوهات وقصص جداد. مرحبا بيك في عالم القصص المثيرة ❤️ تابعوني ايضا على مواقع التواصل الاجتماعي إذا كنت من محبي القصص القصيرة عبر: الانستغرام : soukystories الفايسبوك : soukystories التيكتوك : soukystories الى كنتي من محبي القصص المسموعة تقدر تلقاني ف: سبوتيفاي: soukystories أنغامي: soukystories غوغل بودكاست: soukystories #explore #قصص_بالدرجة #قصص_بالدارجة #قصص_بالدارجة_المغربية #قصص_واقعية #قصص_غريبة #قصص_حقیقية #9isas_wa9i3iya #souky_stories #soukystories","soukystories,souki stories,المغرب,manar stories,lassakri,العسكري,safaa,الخراز,zineb story,قصص حقيقية,Chaimae Belkhir,Nisrine - نسرين,سوكمان sockman,NADIAS,SAFAA,حكايات رضا,الجزائر,قضايا,meryem story,@kharrazabdelkader,rajaa stories,senpai,خراز,lasakri,laskari,laaskari,3askari,lasskari,لعساكري,العساكري,لعسكاري,العسكاري,لعسكري,kwili,lemo,Kharraz,ليمو,كويلي,alkharraz,laasri,l3askri,laasikri,lassakri fz,laskri fatima,علوم خفية,NADIA STORIES,قصص مظلمة | dark stories,تونس",24,Entertainment,,PT18M2S,1082,2d,hd,false,ar,ar,https://i.ytimg.com/vi/MmeFDEnXWsk/maxresdefault.jpg,1,,,,,145276,6836,,0,273
300,UC9JNENLelbGff__RYGLP1jA,"Souky Stories",IYbYEC8BE4I,2023-10-20T15:00:25Z,"2023-10-20 15:00:25","شنو وقع لجيسي فالغرفة ديالها (للكبار فقط) ⚠️","مرحبا بكم في القناة، الاسم ديالي سكينة و اليوم غادي نكتاشفو خبايا هاد القصة هاد القناة دارت ليك إلى كنتي من عشاق : - قصص حقيقية - قصص رعب - قصص جرائم - قصص غريبة - قصص بوليسية - قصص مؤثرة - قصص ملهمة - قصص واقعية كانحط قصة كل إثنين وخميس. ماتنساش تشتارك فالقناة وتفعل الجرس باش يوصلوك فيديوهات وقصص جداد. مرحبا بيك في عالم القصص المثيرة ❤️ تابعوني ايضا على مواقع التواصل الاجتماعي إذا كنت من محبي القصص القصيرة عبر: الانستغرام : soukystories الفايسبوك : soukystories التيكتوك : soukystories الى كنتي من محبي القصص المسموعة تقدر تلقاني ف: سبوتيفاي: soukystories أنغامي: soukystories غوغل بودكاست: soukystories #explore #قصص_بالدرجة #قصص_بالدارجة #قصص_بالدارجة_المغربية #قصص_واقعية #قصص_غريبة #قصص_حقیقية #9isas_wa9i3iya #souky_stories #soukystories","soukystories,souki stories,المغرب,manar stories,lassakri,العسكري,safaa,الخراز,zineb story,قصص حقيقية,Chaimae Belkhir,Nisrine - نسرين,سوكمان sockman,NADIAS,SAFAA,حكايات رضا,الجزائر,قضايا,meryem story,@kharrazabdelkader,rajaa stories,senpai,خراز,lasakri,laskari,laaskari,3askari,lasskari,لعساكري,العساكري,لعسكاري,العسكاري,لعسكري,kwili,lemo,Kharraz,ليمو,كويلي,alkharraz,laasri,l3askri,laasikri,lassakri fz,laskri fatima,علوم خفية,NADIA STORIES,قصص مظلمة | dark stories,تونس",24,Entertainment,,PT26M16S,1576,2d,hd,false,ar,ar,https://i.ytimg.com/vi/IYbYEC8BE4I/maxresdefault.jpg,1,,,,,148151,7437,,0,246
301,UC9JNENLelbGff__RYGLP1jA,"Souky Stories",ygsIo-10QTo,2023-10-16T18:24:19Z,"2023-10-16 18:24:19","داكشي للي كايبزز عليهوم يديروه صادم (*للكبار فقط*) ⚠️","مرحبا بكم في القناة، الاسم ديالي سكينة و اليوم غادي نكتاشفو خبايا هاد القصة هاد القناة دارت ليك إلى كنتي من عشاق : - قصص حقيقية - قصص رعب - قصص جرائم - قصص غريبة - قصص بوليسية - قصص مؤثرة - قصص ملهمة - قصص واقعية كانحط قصة كل إثنين وخميس. ماتنساش تشتارك فالقناة وتفعل الجرس باش يوصلوك فيديوهات وقصص جداد. مرحبا بيك في عالم القصص المثيرة ❤️ تابعوني ايضا على مواقع التواصل الاجتماعي إذا كنت من محبي القصص القصيرة عبر: الانستغرام : soukystories الفايسبوك : soukystories التيكتوك : soukystories الى كنتي من محبي القصص المسموعة تقدر تلقاني ف: سبوتيفاي: soukystories أنغامي: soukystories غوغل بودكاست: soukystories #explore #قصص_بالدرجة #قصص_بالدارجة #قصص_بالدارجة_المغربية #قصص_واقعية #قصص_غريبة #قصص_حقیقية #9isas_wa9i3iya #souky_stories #soukystories","soukystories,souki stories,المغرب,manar stories,lassakri,العسكري,safaa,الخراز,zineb story,قصص حقيقية,Chaimae Belkhir,Nisrine - نسرين,سوكمان sockman,NADIAS,SAFAA,حكايات رضا,الجزائر,قضايا,meryem story,@kharrazabdelkader,rajaa stories,senpai,خراز,lasakri,laskari,laaskari,3askari,lasskari,لعساكري,العساكري,لعسكاري,العسكاري,لعسكري,kwili,lemo,Kharraz,ليمو,كويلي,alkharraz,laasri,l3askri,laasikri,lassakri fz,laskri fatima,علوم خفية,NADIA STORIES,قصص مظلمة | dark stories,تونس",24,Entertainment,,PT23M7S,1387,2d,hd,false,ar,ar,https://i.ytimg.com/vi/ygsIo-10QTo/maxresdefault.jpg,1,,,,,150576,8203,,0,309
302,UC9JNENLelbGff__RYGLP1jA,"Souky Stories",u-bRHmzSbLg,2023-10-12T19:31:08Z,"2023-10-12 19:31:08","الضرافة ديالهوم خرجات عليهوم (للكبار فقط) ⚠️","مرحبا بكم في القناة، الاسم ديالي سكينة و اليوم غادي نكتاشفو خبايا هاد القصة هاد القناة دارت ليك إلى كنتي من عشاق : - قصص حقيقية - قصص رعب - قصص جرائم - قصص غريبة - قصص بوليسية - قصص مؤثرة - قصص ملهمة - قصص واقعية كانحط قصة كل إثنين وخميس. ماتنساش تشتارك فالقناة وتفعل الجرس باش يوصلوك فيديوهات وقصص جداد. مرحبا بيك في عالم القصص المثيرة ❤️ تابعوني ايضا على مواقع التواصل الاجتماعي إذا كنت من محبي القصص القصيرة عبر: الانستغرام : soukystories الفايسبوك : soukystories التيكتوك : soukystories الى كنتي من محبي القصص المسموعة تقدر تلقاني ف: سبوتيفاي: soukystories أنغامي: soukystories غوغل بودكاست: soukystories #explore #قصص_بالدرجة #قصص_بالدارجة #قصص_بالدارجة_المغربية #قصص_واقعية #قصص_غريبة #قصص_حقیقية #9isas_wa9i3iya #souky_stories #soukystories","soukystories,souki stories,المغرب,manar stories,lassakri,العسكري,safaa,الخراز,zineb story,قصص حقيقية,Chaimae Belkhir,Nisrine - نسرين,سوكمان sockman,NADIAS,SAFAA,حكايات رضا,الجزائر,قضايا,meryem story,@kharrazabdelkader,rajaa stories,senpai,خراز,lasakri,laskari,laaskari,3askari,lasskari,لعساكري,العساكري,لعسكاري,العسكاري,لعسكري,kwili,lemo,Kharraz,ليمو,كويلي,alkharraz,laasri,l3askri,laasikri,lassakri fz,laskri fatima,علوم خفية,NADIA STORIES,قصص مظلمة | dark stories,تونس",24,Entertainment,,PT25M53S,1553,2d,hd,false,ar,ar,https://i.ytimg.com/vi/u-bRHmzSbLg/maxresdefault.jpg,1,,,,,155199,6801,,0,301
303,UC9JNENLelbGff__RYGLP1jA,"Souky Stories",i8kTHNN_yus,2023-10-09T19:24:07Z,"2023-10-09 19:24:07","شنو وقع لدانيال وعلاش البوليس شاكين فعائلتو (للكبار فقط) ⚠️","مرحبا بكم في القناة، الاسم ديالي سكينة و اليوم غادي نكتاشفو خبايا هاد القصة هاد القناة دارت ليك إلى كنتي من عشاق : - قصص حقيقية - قصص رعب - قصص جرائم - قصص غريبة - قصص بوليسية - قصص مؤثرة - قصص ملهمة - قصص واقعية كانحط قصة كل إثنين وخميس. ماتنساش تشتارك فالقناة وتفعل الجرس باش يوصلوك فيديوهات وقصص جداد. مرحبا بيك في عالم القصص المثيرة ❤️ تابعوني ايضا على مواقع التواصل الاجتماعي إذا كنت من محبي القصص القصيرة عبر: الانستغرام : soukystories الفايسبوك : soukystories التيكتوك : soukystories الى كنتي من محبي القصص المسموعة تقدر تلقاني ف: سبوتيفاي: soukystories أنغامي: soukystories غوغل بودكاست: soukystories #explore #قصص_بالدرجة #قصص_بالدارجة #قصص_بالدارجة_المغربية #قصص_واقعية #قصص_غريبة #قصص_حقیقية #9isas_wa9i3iya #souky_stories #soukystories","soukystories,souki stories,المغرب,manar stories,lassakri,العسكري,safaa,الخراز,zineb story,قصص حقيقية,Chaimae Belkhir,Nisrine - نسرين,سوكمان sockman,NADIAS,SAFAA,حكايات رضا,الجزائر,قضايا,meryem story,@kharrazabdelkader,rajaa stories,senpai,خراز,lasakri,laskari,laaskari,3askari,lasskari,لعساكري,العساكري,لعسكاري,العسكاري,لعسكري,kwili,lemo,Kharraz,ليمو,كويلي,alkharraz,laasri,l3askri,laasikri,lassakri fz,laskri fatima,علوم خفية,NADIA STORIES,قصص مظلمة | dark stories,تونس",24,Entertainment,,PT26M1S,1561,2d,hd,false,ar,ar,https://i.ytimg.com/vi/i8kTHNN_yus/maxresdefault.jpg,1,,,,,201638,8761,,0,322
304,UC9JNENLelbGff__RYGLP1jA,"Souky Stories",SO1uwT_5iXs,2023-10-05T20:16:54Z,"2023-10-05 20:16:54","شكون كان السبب فاختفاء الزوجين هاوكس (للكبار فقط) ⚠️","مرحبا بكم في القناة، الاسم ديالي سكينة و اليوم غادي نكتاشفو خبايا هاد القصة هاد القناة دارت ليك إلى كنتي من عشاق : - قصص حقيقية - قصص رعب - قصص جرائم - قصص غريبة - قصص بوليسية - قصص مؤثرة - قصص ملهمة - قصص واقعية كانحط قصة كل إثنين وخميس. ماتنساش تشتارك فالقناة وتفعل الجرس باش يوصلوك فيديوهات وقصص جداد. مرحبا بيك في عالم القصص المثيرة ❤️ تابعوني ايضا على مواقع التواصل الاجتماعي إذا كنت من محبي القصص القصيرة عبر: الانستغرام : soukystories الفايسبوك : soukystories التيكتوك : soukystories الى كنتي من محبي القصص المسموعة تقدر تلقاني ف: سبوتيفاي: soukystories أنغامي: soukystories غوغل بودكاست: soukystories #explore #قصص_بالدرجة #قصص_بالدارجة #قصص_بالدارجة_المغربية #قصص_واقعية #قصص_غريبة #قصص_حقیقية #9isas_wa9i3iya #souky_stories #soukystories","soukystories,souki stories,المغرب,manar stories,lassakri,العسكري,safaa,الخراز,zineb story,قصص حقيقية,Chaimae Belkhir,Nisrine - نسرين,سوكمان sockman,NADIAS,SAFAA,حكايات رضا,الجزائر,قضايا,meryem story,@kharrazabdelkader,rajaa stories,senpai,خراز,lasakri,laskari,laaskari,3askari,lasskari,لعساكري,العساكري,لعسكاري,العسكاري,لعسكري,kwili,lemo,Kharraz,ليمو,كويلي,alkharraz,laasri,l3askri,laasikri,lassakri fz,laskri fatima,علوم خفية,NADIA STORIES,قصص مظلمة | dark stories,تونس",24,Entertainment,,PT20M,1200,2d,hd,false,ar,ar,https://i.ytimg.com/vi/SO1uwT_5iXs/maxresdefault.jpg,1,,,,,99174,4673,,0,159
305,UC9JNENLelbGff__RYGLP1jA,"Souky Stories",bPla-dpHPbE,2023-10-02T20:42:50Z,"2023-10-02 20:42:50","اختفاء شيرال الغامض والعالم تصدم بالغباء ديال الفاعل","مرحبا بكم في القناة، الاسم ديالي سكينة و اليوم غادي نكتاشفو خبايا هاد القصة هاد القناة دارت ليك إلى كنتي من عشاق : - قصص حقيقية - قصص رعب - قصص جرائم - قصص غريبة - قصص بوليسية - قصص مؤثرة - قصص ملهمة - قصص واقعية كانحط قصة كل إثنين وخميس. ماتنساش تشتارك فالقناة وتفعل الجرس باش يوصلوك فيديوهات وقصص جداد. مرحبا بيك في عالم القصص المثيرة ❤️ تابعوني ايضا على مواقع التواصل الاجتماعي إذا كنت من محبي القصص القصيرة عبر: الانستغرام : soukystories الفايسبوك : soukystories التيكتوك : soukystories الى كنتي من محبي القصص المسموعة تقدر تلقاني ف: سبوتيفاي: soukystories أنغامي: soukystories غوغل بودكاست: soukystories #explore #قصص_بالدرجة #قصص_بالدارجة #قصص_بالدارجة_المغربية #قصص_واقعية #قصص_غريبة #قصص_حقیقية #9isas_wa9i3iya #souky_stories #soukystories","soukystories,souki stories,المغرب,manar stories,lassakri,العسكري,safaa,الخراز,zineb story,قصص حقيقية,Chaimae Belkhir,Nisrine - نسرين,سوكمان sockman,NADIAS,SAFAA,حكايات رضا,الجزائر,قضايا,meryem story,@kharrazabdelkader,rajaa stories,senpai,خراز,lasakri,laskari,laaskari,3askari,lasskari,لعساكري,العساكري,لعسكاري,العسكاري,لعسكري,kwili,lemo,Kharraz,ليمو,كويلي,alkharraz,laasri,l3askri,laasikri,lassakri fz,laskri fatima,علوم خفية,NADIA STORIES,قصص مظلمة | dark stories,تونس",24,Entertainment,,PT23M19S,1399,2d,hd,false,ar,ar,https://i.ytimg.com/vi/bPla-dpHPbE/maxresdefault.jpg,1,,,,,155001,6586,,0,230
306,UC9JNENLelbGff__RYGLP1jA,"Souky Stories",jyoItWm57fI,2023-09-28T20:53:18Z,"2023-09-28 20:53:18","قصة الممرضة لي صدمات العالم بالأفعال ديالها 😱","ممرضة حنينة وضريفة، هادشي لي كانوا الناس كايقولوا على لوسي قبل مايكتاشفوا الحقيقة ديالها لي صدمات العالم مرحبا بكم في القناة، الاسم ديالي سكينة و اليوم غادي نكتاشفو خبايا هاد القصة هاد القناة دارت ليك إلى كنتي من عشاق : - قصص حقيقية - قصص رعب - قصص جرائم - قصص غريبة - قصص بوليسية - قصص مؤثرة - قصص ملهمة - قصص واقعية كانحط قصة كل إثنين وخميس. ماتنساش تشتارك فالقناة وتفعل الجرس باش يوصلوك فيديوهات وقصص جداد. مرحبا بيك في عالم القصص المثيرة ❤️ تابعوني ايضا على مواقع التواصل الاجتماعي إذا كنت من محبي القصص القصيرة عبر: الانستغرام : soukystories الفايسبوك : soukystories التيكتوك : soukystories الى كنتي من محبي القصص المسموعة تقدر تلقاني ف: سبوتيفاي: soukystories أنغامي: soukystories غوغل بودكاست: soukystories #explore #قصص_بالدرجة #قصص_بالدارجة #قصص_بالدارجة_المغربية #قصص_واقعية #قصص_غريبة #قصص_حقیقية #9isas_wa9i3iya #souky_stories #soukystories","soukystories,souki stories,المغرب,manar stories,lassakri,العسكري,safaa,الخراز,zineb story,قصص حقيقية,Chaimae Belkhir,Nisrine - نسرين,سوكمان sockman,NADIAS,SAFAA,حكايات رضا,الجزائر,قضايا,meryem story,@kharrazabdelkader,rajaa stories,senpai,خراز,lasakri,laskari,laaskari,3askari,lasskari,لعساكري,العساكري,لعسكاري,العسكاري,لعسكري,kwili,lemo,Kharraz,ليمو,كويلي,alkharraz,laasri,l3askri,laasikri,lassakri fz,laskri fatima,علوم خفية,NADIA STORIES,قصص مظلمة | dark stories,تونس",24,Entertainment,,PT20M1S,1201,2d,hd,false,ar,ar,https://i.ytimg.com/vi/jyoItWm57fI/maxresdefault.jpg,1,,,,,138902,7579,,0,214
307,UC9JNENLelbGff__RYGLP1jA,"Souky Stories",-1zHRg0tVn4,2023-09-25T18:51:58Z,"2023-09-25 18:51:58","عندها غي 8 سنين وبالذكاء ديالها قدرات توصلو للبوليس ⚠️","واحد النهار ف 2005، واحد البنيتة هي وباها دخلوا لمطعم باش يتغداوا، الناس لي كانوا فالمطعم لاحظوا بيلي شي حاجة ماشي حتى لهيه، البنت كانت كاتبان خايفة ومتوترة والسيد لي معاها ماكايبانش باها، كايبان شخص غريب وفعلا كان عندهوم الصح، داك البنيتة دوزات الويل ولكن بالذكاء ديالها قدرات توصلو للبوليس مرحبا بكم في القناة، الاسم ديالي سكينة و اليوم غادي نكتاشفو خبايا هاد القصة هاد القناة دارت ليك إلى كنتي من عشاق : - قصص حقيقية - قصص رعب - قصص جرائم - قصص غريبة - قصص بوليسية - قصص مؤثرة - قصص ملهمة - قصص واقعية كانحط قصة كل إثنين وخميس. ماتنساش تشتارك فالقناة وتفعل الجرس باش يوصلوك فيديوهات وقصص جداد. مرحبا بيك في عالم القصص المثيرة ❤️ تابعوني ايضا على مواقع التواصل الاجتماعي إذا كنت من محبي القصص القصيرة عبر: الانستغرام : soukystories الفايسبوك : soukystories التيكتوك : soukystories الى كنتي من محبي القصص المسموعة تقدر تلقاني ف: سبوتيفاي: soukystories أنغامي: soukystories غوغل بودكاست: soukystories #explore #قصص_بالدرجة #قصص_بالدارجة #قصص_بالدارجة_المغربية #قصص_واقعية #قصص_غريبة #قصص_حقیقية #9isas_wa9i3iya #souky_stories #soukystories","soukystories,souki stories,المغرب,manar stories,lassakri,العسكري,safaa,الخراز,zineb story,قصص حقيقية,Chaimae Belkhir,Nisrine - نسرين,سوكمان sockman,NADIAS,SAFAA,حكايات رضا,الجزائر,قضايا,meryem story,@kharrazabdelkader,rajaa stories,senpai,خراز,lasakri,laskari,laaskari,3askari,lasskari,لعساكري,العساكري,لعسكاري,العسكاري,لعسكري,kwili,lemo,Kharraz,ليمو,كويلي,alkharraz,laasri,l3askri,laasikri,lassakri fz,laskri fatima,علوم خفية,NADIA STORIES,قصص مظلمة | dark stories,تونس",24,Entertainment,,PT22M35S,1355,2d,hd,false,ar,ar,https://i.ytimg.com/vi/-1zHRg0tVn4/maxresdefault.jpg,1,,,,,522069,16514,,0,395
308,UC9JNENLelbGff__RYGLP1jA,"Souky Stories",tdExObCYTIc,2023-09-22T20:09:40Z,"2023-09-22 20:09:40","شنو طرا لكيرا هارت فاش مشات تبات عند صحاباتها 😱🚫","واحد البنت سميتها كيرا هارت عرضوها صحاباتها باش تبات معاهوم فالدار. كيرا كانت متحمسة وعاجبها الحال ولكن ماكانتش عارفة أن داك ليلة غاتكون أسوء ليلة غاتعيشها فحياتها كاملة مرحبا بكم في القناة، الاسم ديالي سكينة و اليوم غادي نكتاشفو خبايا هاد القصة هاد القناة دارت ليك إلى كنتي من عشاق : - قصص حقيقية - قصص رعب - قصص جرائم - قصص غريبة - قصص بوليسية - قصص مؤثرة - قصص ملهمة - قصص واقعية كانحط قصة كل إثنين وخميس. ماتنساش تشتارك فالقناة وتفعل الجرس باش يوصلوك فيديوهات وقصص جداد. مرحبا بيك في عالم القصص المثيرة ❤️ تابعوني ايضا على مواقع التواصل الاجتماعي إذا كنت من محبي القصص القصيرة عبر: الانستغرام : soukystories الفايسبوك : soukystories التيكتوك : soukystories الى كنتي من محبي القصص المسموعة تقدر تلقاني ف: سبوتيفاي: soukystories أنغامي: soukystories غوغل بودكاست: soukystories #explore #قصص_بالدرجة #قصص_بالدارجة #قصص_بالدارجة_المغربية #قصص_واقعية #قصص_غريبة #قصص_حقیقية #9isas_wa9i3iya #souky_stories #soukystories","soukystories,souki stories,المغرب,manar stories,lassakri,العسكري,safaa,الخراز,zineb story,قصص حقيقية,Chaimae Belkhir,Nisrine - نسرين,سوكمان sockman,NADIAS,SAFAA,حكايات رضا,الجزائر,قضايا,meryem story,@kharrazabdelkader,rajaa stories,senpai,خراز,lasakri,laskari,laaskari,3askari,lasskari,لعساكري,العساكري,لعسكاري,العسكاري,لعسكري,kwili,lemo,Kharraz,ليمو,كويلي,alkharraz,laasri,l3askri,laasikri,lassakri fz,laskri fatima,علوم خفية,NADIA STORIES,قصص مظلمة | dark stories,تونس",24,Entertainment,,PT14M8S,848,2d,hd,false,ar,ar,https://i.ytimg.com/vi/tdExObCYTIc/maxresdefault.jpg,1,,,,,248241,11374,,0,328
309,UC9JNENLelbGff__RYGLP1jA,"Souky Stories",VXln76gfVzQ,2023-09-18T19:53:43Z,"2023-09-18 19:53:43","ليلة عرس تحولات إلى مأساة بسباب الغيرة⚠️","واحد السيد كان مزوج وبغا يزيد المرا الثانية، وفليلة عرسو لي من المفترض تكون أحسن ليلة تحولات لكارثة مرحبا بكم في القناة، الاسم ديالي سكينة و اليوم غادي نكتاشفو خبايا هاد القصة هاد القناة دارت ليك إلى كنتي من عشاق : - قصص حقيقية - قصص رعب - قصص جرائم - قصص غريبة - قصص بوليسية - قصص مؤثرة - قصص ملهمة - قصص واقعية كانحط قصة كل إثنين وخميس. ماتنساش تشتارك فالقناة وتفعل الجرس باش يوصلوك فيديوهات وقصص جداد. مرحبا بيك في عالم القصص المثيرة ❤️ تابعوني ايضا على مواقع التواصل الاجتماعي إذا كنت من محبي القصص القصيرة عبر: الانستغرام : soukystories الفايسبوك : soukystories التيكتوك : soukystories الى كنتي من محبي القصص المسموعة تقدر تلقاني ف: سبوتيفاي: soukystories أنغامي: soukystories غوغل بودكاست: soukystories #explore #قصص_بالدرجة #قصص_بالدارجة #قصص_بالدارجة_المغربية #قصص_واقعية #قصص_غريبة #قصص_حقیقية #9isas_wa9i3iya #souky_stories #soukystories","مجزرة الكويت,مجزرة عرس الكويت,عرس النار,عرس الكويت,عرس الكويت حريق,souki stories,المغرب,manar stories,العسكري,safaa,الخراز,zineb story,قصص حقيقية,Chaimae Belkhir,Nisrine - نسرين,سوكمان sockman,NADIAS,SAFAA,حكايات رضا,قضايا,meryem story,@kharrazabdelkader,rajaa stories,senpai,lasakri,laskari,laaskari,3askari,lasskari,لعساكري,العساكري,لعسكاري,لعسكري,Kharraz,كويلي,alkharraz,l3askri,laasikri,lassakri fz,laskri fatima,NADIA STORIES,قصص مظلمة | dark stories",24,Entertainment,,PT15M47S,947,2d,hd,false,ar,ar,https://i.ytimg.com/vi/VXln76gfVzQ/maxresdefault.jpg,1,,,,,130002,5471,,0,219
310,UC9JNENLelbGff__RYGLP1jA,"Souky Stories",m5SPNY2oPrg,2023-09-01T00:08:42Z,"2023-09-01 00:08:42","فاجعة الغرفة 1025 مشاو بجوج وغي واحد لي رجع 🔞⚠️","مرحبا بكم في القناة، الاسم ديالي سكينة و اليوم غادي نكتاشفو خبايا هاد القصة هاد القناة دارت ليك إلى كنتي من عشاق : - قصص حقيقية - قصص رعب - قصص جرائم - قصص غريبة - قصص بوليسية - قصص مؤثرة - قصص ملهمة - قصص واقعية كانحط قصة كل إثنين وخميس. ماتنساش تشتارك فالقناة وتفعل الجرس باش يوصلوك فيديوهات وقصص جداد. مرحبا بيك في عالم القصص المثيرة ❤️ تابعوني ايضا على مواقع التواصل الاجتماعي إذا كنت من محبي القصص القصيرة عبر: الانستغرام : soukystories الفايسبوك : soukystories التيكتوك : soukystories الى كنتي من محبي القصص المسموعة تقدر تلقاني ف: سبوتيفاي: soukystories أنغامي: soukystories غوغل بودكاست: soukystories #explore #قصص_بالدرجة #قصص_بالدارجة #قصص_بالدارجة_المغربية #قصص_واقعية #قصص_غريبة #قصص_حقیقية #9isas_wa9i3iya #souky_stories #soukystories","soukystories,souki stories,المغرب,manar stories,lassakri,العسكري,safaa,الخراز,zineb story,قصص حقيقية,Chaimae Belkhir,Nisrine - نسرين,سوكمان sockman,NADIAS,SAFAA,حكايات رضا,الجزائر,قضايا,meryem story,@kharrazabdelkader,rajaa stories,senpai,خراز,lasakri,laskari,laaskari,3askari,lasskari,لعساكري,العساكري,لعسكاري,العسكاري,لعسكري,kwili,lemo,Kharraz,ليمو,كويلي,alkharraz,laasri,l3askri,laasikri,lassakri fz,laskri fatima,علوم خفية,NADIA STORIES,قصص مظلمة | dark stories,تونس",24,Entertainment,,PT10M12S,612,2d,hd,false,ar,ar,https://i.ytimg.com/vi/m5SPNY2oPrg/maxresdefault.jpg,1,,,,,85085,3971,,0,80
311,UC9JNENLelbGff__RYGLP1jA,"Souky Stories",b__3DbvO3fM,2023-08-28T19:58:35Z,"2023-08-28 19:58:35","قصة رندا الملقبة بأحقر زوجة فمصر- قصة صادمة 🔞","واحد السيد سميتو وليد كان باغي يتزوج، دارتليه الأم ديالو قائمة ديال البنات باش يختار منهوم، وفعلا ختار رندا ولي رفضاتو فالأول ولكن مع الضغط د عائلتها وافقات وفاللخر طلعات من أخبث الناس مرحبا بكم في القناة، الاسم ديالي سكينة و اليوم غادي نكتاشفو خبايا هاد القصة هاد القناة دارت ليك إلى كنتي من عشاق : - قصص حقيقية - قصص رعب - قصص جرائم - قصص غريبة - قصص بوليسية - قصص مؤثرة - قصص ملهمة - قصص واقعية كانحط قصة كل إثنين وخميس. ماتنساش تشتارك فالقناة وتفعل الجرس باش يوصلوك فيديوهات وقصص جداد. مرحبا بيك في عالم القصص المثيرة ❤️ تابعوني ايضا على مواقع التواصل الاجتماعي إذا كنت من محبي القصص القصيرة عبر: الانستغرام : soukystories الفايسبوك : soukystories التيكتوك : soukystories الى كنتي من محبي القصص المسموعة تقدر تلقاني ف: سبوتيفاي: soukystories أنغامي: soukystories غوغل بودكاست: soukystories #explore #قصص_بالدرجة #قصص_بالدارجة #قصص_بالدارجة_المغربية #قصص_واقعية #قصص_غريبة #قصص_حقیقية #9isas_wa9i3iya #souky_stories #soukystories","soukystories,souki stories,المغرب,manar stories,lassakri,العسكري,safaa,الخراز,zineb story,قصص حقيقية,Chaimae Belkhir,Nisrine - نسرين,سوكمان sockman,NADIAS,SAFAA,حكايات رضا,الجزائر,قضايا,meryem story,@kharrazabdelkader,rajaa stories,senpai,خراز,lasakri,laskari,laaskari,3askari,lasskari,لعساكري,العساكري,لعسكاري,العسكاري,لعسكري,kwili,lemo,Kharraz,ليمو,كويلي,alkharraz,laasri,l3askri,laasikri,lassakri fz,laskri fatima,علوم خفية,NADIA STORIES,قصص مظلمة | dark stories,تونس",24,Entertainment,,PT12M29S,749,2d,hd,false,ar,ar,https://i.ytimg.com/vi/b__3DbvO3fM/maxresdefault.jpg,1,,,,,120154,5336,,0,191
312,UC9JNENLelbGff__RYGLP1jA,"Souky Stories",OW23QLSSgH4,2023-08-21T20:54:28Z,"2023-08-21 20:54:28","قصة المجرم لي حمق شرطة أستراليا كثر من ثلاثين عام 🔞⚠️","واحد السيدة هي وبنتها كانوا عايشين فرعب حقيقي، فين ما مشاوا كايتبعوعوم المصايب وأي واحد عاونهوم كايمشي فيها.. هاد القضية كاتعتابر أطول قضية فتاريخ أستراليا، خدات منهوم كثر من ثلاثين عام باش يحلوها مرحبا بكم في القناة، الاسم ديالي سكينة و اليوم غادي نكتاشفو خبايا هاد القصة هاد القناة دارت ليك إلى كنتي من عشاق : - قصص حقيقية - قصص رعب - قصص جرائم - قصص غريبة - قصص بوليسية - قصص مؤثرة - قصص ملهمة - قصص واقعية كانحط قصة كل إثنين وخميس. ماتنساش تشتارك فالقناة وتفعل الجرس باش يوصلوك فيديوهات وقصص جداد. مرحبا بيك في عالم القصص المثيرة ❤️ تابعوني ايضا على مواقع التواصل الاجتماعي إذا كنت من محبي القصص القصيرة عبر: الانستغرام : soukystories الفايسبوك : soukystories التيكتوك : soukystories الى كنتي من محبي القصص المسموعة تقدر تلقاني ف: سبوتيفاي: soukystories أنغامي: soukystories غوغل بودكاست: soukystories #explore #قصص_بالدرجة #قصص_بالدارجة #قصص_بالدارجة_المغربية #قصص_واقعية #قصص_غريبة #قصص_حقیقية #9isas_wa9i3iya #souky_stories #soukystories","soukystories,souki stories,المغرب,manar stories,lassakri,العسكري,safaa,الخراز,zineb story,قصص حقيقية,Chaimae Belkhir,Nisrine - نسرين,سوكمان sockman,NADIAS,SAFAA,حكايات رضا,الجزائر,قضايا,meryem story,@kharrazabdelkader,rajaa stories,senpai,خراز,lasakri,laskari,laaskari,3askari,lasskari,لعساكري,العساكري,لعسكاري,العسكاري,لعسكري,kwili,lemo,Kharraz,ليمو,كويلي,alkharraz,laasri,l3askri,laasikri,lassakri fz,laskri fatima,علوم خفية,NADIA STORIES,قصص مظلمة | dark stories,تونس",24,Entertainment,,PT22M47S,1367,2d,hd,false,ar,ar,https://i.ytimg.com/vi/OW23QLSSgH4/maxresdefault.jpg,1,,,,,218542,9005,,0,300
313,UC9JNENLelbGff__RYGLP1jA,"Souky Stories",zB5MM37Vivg,2023-08-07T20:06:45Z,"2023-08-07 20:06:45","مشا ينعس وماعاودش فاق والفاعل كان قريب ليه بزاف🔞😨","مرحبا بكم في القناة، الاسم ديالي سكينة و اليوم غادي نكتاشفو خبايا هاد القصة هاد القناة دارت ليك إلى كنتي من عشاق : - قصص حقيقية - قصص رعب - قصص جرائم - قصص غريبة - قصص بوليسية - قصص مؤثرة - قصص ملهمة - قصص واقعية كانحط قصة كل إثنين وخميس. ماتنساش تشتارك فالقناة وتفعل الجرس باش يوصلوك فيديوهات وقصص جداد. مرحبا بيك في عالم القصص المثيرة ❤️ تابعوني ايضا على مواقع التواصل الاجتماعي إذا كنت من محبي القصص القصيرة عبر: الانستغرام : soukystories الفايسبوك : soukystories التيكتوك : soukystories الى كنتي من محبي القصص المسموعة تقدر تلقاني ف: سبوتيفاي: soukystories أنغامي: soukystories غوغل بودكاست: soukystories #explore #قصص_بالدرجة #قصص_بالدارجة #قصص_بالدارجة_المغربية #قصص_واقعية #قصص_غريبة #قصص_حقیقية #9isas_wa9i3iya #souky_stories #soukystories","soukystories,souki stories,المغرب,manar stories,lassakri,العسكري,safaa,الخراز,zineb story,قصص حقيقية,Chaimae Belkhir,Nisrine - نسرين,سوكمان sockman,NADIAS,SAFAA,حكايات رضا,الجزائر,قضايا,meryem story,@kharrazabdelkader,rajaa stories,senpai,خراز,lasakri,laskari,laaskari,3askari,lasskari,لعساكري,العساكري,لعسكاري,العسكاري,لعسكري,kwili,lemo,Kharraz,ليمو,كويلي,alkharraz,laasri,l3askri,laasikri,lassakri fz,laskri fatima,علوم خفية,NADIA STORIES,قصص مظلمة | dark stories,تونس",24,Entertainment,,PT17M1S,1021,2d,hd,false,ar,ar,https://i.ytimg.com/vi/zB5MM37Vivg/maxresdefault.jpg,1,,,,,113060,5164,,0,154
314,UC9JNENLelbGff__RYGLP1jA,"Souky Stories",I0uJm8tLlgg,2023-07-31T18:01:37Z,"2023-07-31 18:01:37","لغز اختفاء أشلي الغامض والنهاية صادمة (للكبار فقط)🔞","واحد البنت كانت عايشة مزيان مع عائلتها ولكن بسباب الثقة الزايدة فالشخص الخطأ خرجات على راسها وخلصات الثمن غالي مرحبا بكم في القناة، الاسم ديالي سكينة و اليوم غادي نكتاشفو خبايا هاد القصة هاد القناة دارت ليك إلى كنتي من عشاق : - قصص حقيقية - قصص رعب - قصص جرائم - قصص غريبة - قصص بوليسية - قصص مؤثرة - قصص ملهمة - قصص واقعية كانحط قصة كل إثنين وخميس. ماتنساش تشتارك فالقناة وتفعل الجرس باش يوصلوك فيديوهات وقصص جداد. مرحبا بيك في عالم القصص المثيرة ❤️ تابعوني ايضا على مواقع التواصل الاجتماعي إذا كنت من محبي القصص القصيرة عبر: الانستغرام : soukystories الفايسبوك : soukystories التيكتوك : soukystories الى كنتي من محبي القصص المسموعة تقدر تلقاني ف: سبوتيفاي: soukystories أنغامي: soukystories غوغل بودكاست: soukystories #explore #قصص_بالدرجة #قصص_بالدارجة #قصص_بالدارجة_المغربية #قصص_واقعية #قصص_غريبة #قصص_حقیقية #9isas_wa9i3iya #souky_stories #soukystories","soukystories,souki stories,المغرب,manar stories,lassakri,العسكري,safaa,الخراز,zineb story,قصص حقيقية,Chaimae Belkhir,Nisrine - نسرين,سوكمان sockman,NADIAS,SAFAA,حكايات رضا,الجزائر,قضايا,meryem story,@kharrazabdelkader,rajaa stories,senpai,خراز,lasakri,laskari,laaskari,3askari,lasskari,لعساكري,العساكري,لعسكاري,العسكاري,لعسكري,kwili,lemo,Kharraz,ليمو,كويلي,alkharraz,laasri,l3askri,laasikri,lassakri fz,laskri fatima,علوم خفية,NADIA STORIES,قصص مظلمة | dark stories,تونس",24,Entertainment,,PT13M47S,827,2d,hd,false,ar,ar,https://i.ytimg.com/vi/I0uJm8tLlgg/maxresdefault.jpg,1,,,,,102708,5017,,0,134
315,UC9JNENLelbGff__RYGLP1jA,"Souky Stories",tRl7v0-64dM,2023-07-24T18:13:17Z,"2023-07-24 18:13:17","صفاها ليها من بعدما اكتاشفات السر لي مخبي 🔞😨","مرحبا بكم في القناة، الاسم ديالي سكينة و اليوم غادي نكتاشفو خبايا هاد القصة هاد القناة دارت ليك إلى كنتي من عشاق : - قصص حقيقية - قصص رعب - قصص جرائم - قصص غريبة - قصص بوليسية - قصص مؤثرة - قصص ملهمة - قصص واقعية كانحط قصة كل إثنين وخميس. ماتنساش تشتارك فالقناة وتفعل الجرس باش يوصلوك فيديوهات وقصص جداد. مرحبا بيك في عالم القصص المثيرة ❤️ تابعوني ايضا على مواقع التواصل الاجتماعي إذا كنت من محبي القصص القصيرة عبر: الانستغرام : soukystories الفايسبوك : soukystories التيكتوك : soukystories الى كنتي من محبي القصص المسموعة تقدر تلقاني ف: سبوتيفاي: soukystories أنغامي: soukystories غوغل بودكاست: soukystories #explore #قصص_بالدرجة #قصص_بالدارجة #قصص_بالدارجة_المغربية #قصص_واقعية #قصص_غريبة #قصص_حقیقية #9isas_wa9i3iya #souky_stories #soukystories #قصص_بالدرجة #قصص_غريبة #قصص_واقعية #قصص_حقیقية #9isas_wa9i3iya #souky_stories #soukystories","soukystories,souki stories,المغرب,manar stories,lassakri,العسكري,safaa,الخراز,zineb story,قصص حقيقية,Chaimae Belkhir,Nisrine - نسرين,سوكمان sockman,NADIAS,SAFAA,حكايات رضا,الجزائر,قضايا,meryem story,@kharrazabdelkader,rajaa stories,senpai,خراز,lasakri,laskari,laaskari,3askari,lasskari,لعساكري,العساكري,لعسكاري,العسكاري,لعسكري,kwili,lemo,Kharraz,ليمو,كويلي,alkharraz,laasri,l3askri,laasikri,lassakri fz,laskri fatima,علوم خفية,NADIA STORIES,قصص مظلمة | dark stories,تونس",24,Entertainment,,PT14M25S,865,2d,hd,false,ar,ar,https://i.ytimg.com/vi/tRl7v0-64dM/maxresdefault.jpg,1,,,,,91337,4635,,0,121
316,UC9JNENLelbGff__RYGLP1jA,"Souky Stories",MnzZEotNLEY,2023-07-10T19:34:37Z,"2023-07-10 19:34:37","القصة الحقيقية وراء فيلم الرعب كاندي مان 😱😨","واحد المرا كانت عايشة بوحدها فواحد الشقة، وكانت كاتسمع الأصوات جايين من الدوش ديالها وديما كانت كاتنبه الناس بيلي شي حاجة كاينة فالدوش، ولكن حتى واحد ماكان كايتيقها حيت كانت مريضة عقليا، وحتى واحد ماكان عارف أن داكشي لي كاتقول راه بصح. مرحبا بكم في القناة، الاسم ديالي سكينة و اليوم غادي نكتاشفو خبايا هاد القصة هاد القناة دارت ليك إلى كنتي من عشاق : - قصص حقيقية - قصص رعب - قصص جرائم - قصص غريبة - قصص بوليسية - قصص مؤثرة - قصص ملهمة - قصص واقعية كانحط قصة كل إثنين وخميس. ماتنساش تشتارك فالقناة وتفعل الجرس باش يوصلوك فيديوهات وقصص جداد. مرحبا بيك في عالم القصص المثيرة ❤️ تابعوني ايضا على مواقع التواصل الاجتماعي إذا كنت من محبي القصص القصيرة عبر: الانستغرام : soukystories الفايسبوك : soukystories التيكتوك : soukystories الى كنتي من محبي القصص المسموعة تقدر تلقاني ف: سبوتيفاي: soukystories أنغامي: soukystories غوغل بودكاست: soukystories #explore #قصص_بالدرجة #قصص_بالدارجة #قصص_بالدارجة_المغربية #قصص_واقعية #قصص_غريبة #قصص_حقیقية #9isas_wa9i3iya #souky_stories #soukystories","soukystories,souki stories,المغرب,manar stories,lassakri,العسكري,safaa,الخراز,zineb story,قصص حقيقية,Chaimae Belkhir,Nisrine - نسرين,سوكمان sockman,NADIAS,SAFAA,حكايات رضا,الجزائر,قضايا,meryem story,@kharrazabdelkader,rajaa stories,senpai,خراز,lasakri,laskari,laaskari,3askari,lasskari,لعساكري,العساكري,لعسكاري,العسكاري,لعسكري,kwili,lemo,Kharraz,ليمو,كويلي,alkharraz,laasri,l3askri,laasikri,lassakri fz,laskri fatima,علوم خفية,NADIA STORIES,قصص مظلمة | dark stories,تونس",24,Entertainment,"Entertainment,Film",PT14M19S,859,2d,hd,false,ar,ar,https://i.ytimg.com/vi/MnzZEotNLEY/maxresdefault.jpg,1,,,,,126188,5798,,0,169
317,UC9JNENLelbGff__RYGLP1jA,"Souky Stories",ULH2Aebg5Uo,2023-06-27T22:09:11Z,"2023-06-27 22:09:11","القصة الحقيقية وراء اختفاء غواصة تيتان😨","خمسة من أغنياء العالم قرروا يديرو رحلة لأعماق المحيط فغواصة تيتان باش يشوفوا حطام سفينة التايتانيك ولكن للأسف الرحلة ديالهوم تحولات لمأساة مرحبا بكم في القناة، الاسم ديالي سكينة و اليوم غادي نكتاشفو خبايا هاد القصة هاد القناة دارت ليك إلى كنتي من عشاق : - قصص حقيقية - قصص رعب - قصص جرائم - قصص غريبة - قصص بوليسية - قصص مؤثرة - قصص ملهمة - قصص واقعية كانحط قصة كل إثنين وخميس. ماتنساش تشتارك فالقناة وتفعل الجرس باش يوصلوك فيديوهات وقصص جداد. مرحبا بيك في عالم القصص المثيرة ❤️ تابعوني ايضا على مواقع التواصل الاجتماعي إذا كنت من محبي القصص القصيرة عبر: الانستغرام : soukystories الفايسبوك : soukystories التيكتوك : soukystories الى كنتي من محبي القصص المسموعة تقدر تلقاني ف: سبوتيفاي: soukystories أنغامي: soukystories غوغل بودكاست: soukystories #explore #قصص_بالدرجة #قصص_بالدارجة #قصص_بالدارجة_المغربية #قصص_واقعية #قصص_غريبة #قصص_حقیقية #9isas_wa9i3iya #souky_stories #soukystories #غواصة_تيتان #تيتانيك","soukystories,souki stories,المغرب,manar stories,lassakri,العسكري,safaa,الخراز,zineb story,قصص حقيقية,Chaimae Belkhir,Nisrine - نسرين,سوكمان sockman,NADIAS,SAFAA,حكايات رضا,الجزائر,قضايا,meryem story,@kharrazabdelkader,rajaa stories,senpai,خراز,lasakri,laskari,laaskari,3askari,lasskari,لعساكري,العساكري,لعسكاري,العسكاري,لعسكري,kwili,lemo,Kharraz,ليمو,كويلي,alkharraz,laasri,l3askri,laasikri,lassakri fz,laskri fatima,علوم خفية,NADIA STORIES,قصص مظلمة | dark stories,تونس",24,Entertainment,,PT9M44S,584,2d,hd,false,ar,ar,https://i.ytimg.com/vi/ULH2Aebg5Uo/maxresdefault.jpg,1,,,,,74405,3549,,0,118
318,UC9JNENLelbGff__RYGLP1jA,"Souky Stories",q-MrfnKeL58,2023-06-19T20:34:28Z,"2023-06-19 20:34:28","ماغاتيقوش شنو لقاو عندهوم البوليس فالقبو ديال الدار😱😨 صادم","واحد الراجل وجوج بناتو كانوا كايسكنوا فواحد الدار، داك الدار كانت عادية حتى لواحد النهار بداو كايسمعوا الدقان فالحيط و الحوايج كايتحركوا بوحدهوم وفاش جاو البوليس لقاو عندهوم نفق فالقبو ... مرحبا بكم في القناة، الاسم ديالي سكينة و اليوم غادي نكتاشفو خبايا هاد القصة هاد القناة دارت ليك إلى كنتي من عشاق : - قصص حقيقية - قصص رعب - قصص جرائم - قصص غريبة - قصص بوليسية - قصص مؤثرة - قصص ملهمة - قصص واقعية كانحط قصة كل إثنين وخميس. ماتنساش تشتارك فالقناة وتفعل الجرس باش يوصلوك فيديوهات وقصص جداد. مرحبا بيك في عالم القصص المثيرة ❤️ تابعوني ايضا على مواقع التواصل الاجتماعي إذا كنت من محبي القصص القصيرة عبر: الانستغرام : soukystories الفايسبوك : soukystories التيكتوك : soukystories الى كنتي من محبي القصص المسموعة تقدر تلقاني ف: سبوتيفاي: soukystories أنغامي: soukystories غوغل بودكاست: soukystories #explore #قصص_بالدرجة #قصص_بالدارجة #قصص_بالدارجة_المغربية #قصص_واقعية #قصص_غريبة #قصص_حقیقية #9isas_wa9i3iya #souky_stories #soukystories","soukystories,souki stories,المغرب,manar stories,lassakri,العسكري,safaa,الخراز,zineb story,قصص حقيقية,Chaimae Belkhir,Nisrine - نسرين,سوكمان sockman,NADIAS,SAFAA,حكايات رضا,الجزائر,قضايا,meryem story,@kharrazabdelkader,rajaa stories,senpai,خراز,lasakri,laskari,laaskari,3askari,lasskari,لعساكري,العساكري,لعسكاري,العسكاري,لعسكري,kwili,lemo,Kharraz,ليمو,كويلي,alkharraz,laasri,l3askri,laasikri,lassakri fz,laskri fatima,علوم خفية,NADIA STORIES,قصص مظلمة | dark stories,تونس",24,Entertainment,,PT21M59S,1319,2d,hd,false,ar,ar,https://i.ytimg.com/vi/q-MrfnKeL58/maxresdefault.jpg,1,,,,,206770,8091,,0,282
319,UC9JNENLelbGff__RYGLP1jA,"Souky Stories",1VWLCRsjgso,2023-06-12T20:26:47Z,"2023-06-12 20:26:47","😱🔞ق.تل مراة صاحبو غي على مليون ونص","فشتوكة ايت باها كانت عايشة واحد الأسرة متواضعة مكونة من أب و أم وعندهوم بنيتة صغيرة. داك الأب كان عندو صاحبو عزيز عليه شاركوا الحلوة والمرة وداك صاحبو نيت غدرو مرحبا بكم في القناة، الاسم ديالي سكينة و اليوم غادي نكتاشفو خبايا هاد القصة هاد القناة دارت ليك إلى كنتي من عشاق : - قصص حقيقية - قصص رعب - قصص جرائم - قصص غريبة - قصص بوليسية - قصص مؤثرة - قصص ملهمة - قصص واقعية كانحط قصة كل إثنين وخميس. ماتنساش تشتارك فالقناة وتفعل الجرس باش يوصلوك فيديوهات وقصص جداد. مرحبا بيك في عالم القصص المثيرة ❤️ تابعوني ايضا على مواقع التواصل الاجتماعي إذا كنت من محبي القصص القصيرة عبر: الانستغرام : soukystories الفايسبوك : soukystories التيكتوك : soukystories الى كنتي من محبي القصص المسموعة تقدر تلقاني ف: سبوتيفاي: soukystories أنغامي: soukystories غوغل بودكاست: soukystories #explore #قصص_بالدرجة #قصص_بالدارجة #قصص_بالدارجة_المغربية #قصص_واقعية #قصص_غريبة #قصص_حقیقية #9isas_wa9i3iya #souky_stories #soukystories","soukystories,souki stories,المغرب,manar stories,lassakri,العسكري,safaa,الخراز,zineb story,قصص حقيقية,Chaimae Belkhir,Nisrine - نسرين,سوكمان sockman,NADIAS,SAFAA,حكايات رضا,الجزائر,قضايا,meryem story,@kharrazabdelkader,rajaa stories,senpai,خراز,lasakri,laskari,laaskari,3askari,lasskari,لعساكري,العساكري,لعسكاري,العسكاري,لعسكري,kwili,lemo,Kharraz,ليمو,كويلي,alkharraz,laasri,l3askri,laasikri,lassakri fz,laskri fatima,علوم خفية,NADIA STORIES,قصص مظلمة | dark stories,تونس",24,Entertainment,,PT8M50S,530,2d,hd,false,ar,ar,https://i.ytimg.com/vi/1VWLCRsjgso/maxresdefault.jpg,1,,,,,59684,2825,,0,130
320,UC9JNENLelbGff__RYGLP1jA,"Souky Stories",j5idj7fMjBA,2023-06-08T20:00:01Z,"2023-06-08 20:00:01","😞😱قصة البنت لي تخطفات وتحبسات 18 العام عند وحش ومراتو","هاد القصة كاتهضر على بنت صغيرة سميتها جايسي لي دوكارد كانت عندها غي 11 العام فاش تخطفات من حدا دارهوم وماخلاو حتى بلاصة ماقلبوش فيها ووالو غبر ليها الآثار حتى دازت 18 العام عاد بانت، والطريقة باش بانت كانت غريبة بزاف مرحبا بكم في القناة، الاسم ديالي سكينة و اليوم غادي نكتاشفو خبايا هاد القصة هاد القناة دارت ليك إلى كنتي من عشاق : - قصص حقيقية - قصص رعب - قصص جرائم - قصص غريبة - قصص بوليسية - قصص مؤثرة - قصص ملهمة - قصص واقعية كانحط قصة كل إثنين وخميس. ماتنساش تشتارك فالقناة وتفعل الجرس باش يوصلوك فيديوهات وقصص جداد. مرحبا بيك في عالم القصص المثيرة ❤️ تابعوني ايضا على مواقع التواصل الاجتماعي إذا كنت من محبي القصص القصيرة عبر: الانستغرام : soukystories الفايسبوك : soukystories التيكتوك : soukystories الى كنتي من محبي القصص المسموعة تقدر تلقاني ف: سبوتيفاي: soukystories أنغامي: soukystories غوغل بودكاست: soukystories #explore #قصص_بالدرجة #قصص_بالدارجة #قصص_بالدارجة_المغربية #قصص_واقعية #قصص_غريبة #قصص_حقیقية #9isas_wa9i3iya #souky_stories #soukystories","soukystories,souki stories,المغرب,manar stories,lassakri,العسكري,safaa,الخراز,zineb story,قصص حقيقية,Chaimae Belkhir,Nisrine - نسرين,سوكمان sockman,NADIAS,SAFAA,حكايات رضا,الجزائر,قضايا,meryem story,@kharrazabdelkader,rajaa stories,senpai,خراز,lasakri,laskari,laaskari,3askari,lasskari,لعساكري,العساكري,لعسكاري,العسكاري,لعسكري,kwili,lemo,Kharraz,ليمو,كويلي,alkharraz,laasri,l3askri,laasikri,lassakri fz,laskri fatima,علوم خفية,NADIA STORIES,قصص مظلمة | dark stories,تونس",24,Entertainment,,PT16M21S,981,2d,hd,false,ar,ar,https://i.ytimg.com/vi/j5idj7fMjBA/maxresdefault.jpg,1,,,,,130113,5793,,0,149
321,UC9JNENLelbGff__RYGLP1jA,"Souky Stories",E5aaSCdyIwA,2023-05-24T21:22:28Z,"2023-05-24 21:22:28","🔞تنمروا عليه فق.تلهم😱 قضية كوستا","مرحبا بكم في القناة، الاسم ديالي سكينة و اليوم غادي نكتاشفو خبايا هاد القصة هاد القناة دارت ليك إلى كنتي من عشاق : - قصص حقيقية - قصص رعب - قصص جرائم - قصص غريبة - قصص بوليسية - قصص مؤثرة - قصص ملهمة - قصص واقعية كانحط قصة كل إثنين وخميس. ماتنساش تشتارك فالقناة وتفعل الجرس باش يوصلوك فيديوهات وقصص جداد. مرحبا بيك في عالم القصص المثيرة ❤️ تابعوني ايضا على مواقع التواصل الاجتماعي إذا كنت من محبي القصص القصيرة عبر: الانستغرام : soukystories الفايسبوك : soukystories التيكتوك : soukystories الى كنتي من محبي القصص المسموعة تقدر تلقاني ف: سبوتيفاي: soukystories أنغامي: soukystories غوغل بودكاست: soukystories #explore #قصص_بالدرجة #قصص_بالدارجة #قصص_بالدارجة_المغربية #قصص_واقعية #قصص_غريبة #قصص_حقیقية #9isas_wa9i3iya #souky_stories #soukystories #costa #kosta #كوستا","soukystories,costa,كوستا,كوستا الطالب الصربي,كوستا صربيا,souki stories,المغرب,manar stories,lassakri,العسكري,safaa,الخراز,zineb story,Chaimae Belkhir,Nisrine - نسرين,سوكمان sockman,NADIAS,SAFAA,حكايات رضا,الجزائر,قضايا,meryem story,@kharrazabdelkader,rajaa stories,senpai,خراز,lasakri,laaskari,3askari,lasskari,لعساكري,العساكري,لعسكاري,العسكاري,لعسكري,kwili,Kharraz,ليمو,كويلي,alkharraz,laasri,l3askri,lassakri fz,laskri fatima,NADIA STORIES,قصص مظلمة | dark stories",24,Entertainment,,PT10M30S,630,2d,hd,false,ar,ar,https://i.ytimg.com/vi/E5aaSCdyIwA/maxresdefault.jpg,1,,,,,136151,5039,,0,250
322,UC9JNENLelbGff__RYGLP1jA,"Souky Stories",d_GXYhMivvk,2023-05-18T20:51:13Z,"2023-05-18 20:51:13","🔞😱قت.لات راجل مها من بعد ما اكتاشفات السر الخطير لي كان مخبيه","واحد البنت كانت قريبة بزاف من راجل مها، كان عزيز عليها وكاتعتابرو بحال باها ولكن واحد النهار اكتاشفات واحد السر خطير مخبيه، وفلحظة، كاع الحب لي كانت كاتحس بيه من جيهتو تحول للكره مرحبا بكم في القناة، الاسم ديالي سكينة و اليوم غادي نكتاشفو خبايا هاد القصة هاد القناة دارت ليك إلى كنتي من عشاق : - قصص حقيقية - قصص رعب - قصص جرائم - قصص غريبة - قصص بوليسية - قصص مؤثرة - قصص ملهمة - قصص واقعية كانحط قصة كل إثنين وخميس. ماتنساش تشتارك فالقناة وتفعل الجرس باش يوصلوك فيديوهات وقصص جداد. مرحبا بيك في عالم القصص المثيرة ❤️ تابعوني ايضا على مواقع التواصل الاجتماعي إذا كنت من محبي القصص القصيرة عبر: الانستغرام : soukystories الفايسبوك : soukystories التيكتوك : soukystories الى كنتي من محبي القصص المسموعة تقدر تلقاني ف: سبوتيفاي: soukystories أنغامي: soukystories غوغل بودكاست: soukystories #explore #قصص_بالدرجة #قصص_بالدارجة #قصص_بالدارجة_المغربية #قصص_واقعية #قصص_غريبة #قصص_حقیقية #9isas_wa9i3iya #souky_stories #soukystories","soukystories,souki stories,المغرب,manar stories,lassakri,العسكري,safaa,الخراز,zineb story,قصص حقيقية,Chaimae Belkhir,Nisrine - نسرين,سوكمان sockman,NADIAS,SAFAA,حكايات رضا,الجزائر,قضايا,meryem story,@kharrazabdelkader,rajaa stories,senpai,خراز,lasakri,laskari,laaskari,3askari,lasskari,لعساكري,العساكري,لعسكاري,العسكاري,لعسكري,kwili,lemo,Kharraz,ليمو,كويلي,alkharraz,laasri,l3askri,laasikri,lassakri fz,laskri fatima,علوم خفية,NADIA STORIES,قصص مظلمة | dark stories,تونس",24,Entertainment,,PT12M4S,724,2d,hd,false,ar,ar,https://i.ytimg.com/vi/d_GXYhMivvk/maxresdefault.jpg,1,,,,,97753,4336,,0,113
323,UC9JNENLelbGff__RYGLP1jA,"Souky Stories",F6XAflfRP00,2023-04-27T19:00:05Z,"2023-04-27 19:00:05","🔞😱لغز اختفاء رايلي الغامض من بيتها والفاعل صدم كلشي","واحد البنت سميتها رايلي كروسمان مشات فالليل لبيتها باش تنعس وفالصباح مشات مها باش تفيقها ولكن مالقاتهاش، البوليس و الإف بي اي وبزاف ديال الناس خرجو كايقلبو على رايلي والنهاية كانت صادمة بمعنى الكلمة مرحبا بكم في القناة، الاسم ديالي سكينة و اليوم غادي نكتاشفو خبايا هاد القصة هاد القناة دارت ليك إلى كنتي من عشاق : - قصص حقيقية - قصص رعب - قصص جرائم - قصص غريبة - قصص بوليسية - قصص مؤثرة - قصص ملهمة - قصص واقعية كانحط قصة كل إثنين وخميس. ماتنساش تشتارك فالقناة وتفعل الجرس باش يوصلوك فيديوهات وقصص جداد. مرحبا بيك في عالم القصص المثيرة ❤️ تابعوني ايضا على مواقع التواصل الاجتماعي إذا كنت من محبي القصص القصيرة عبر: الانستغرام : soukystories الفايسبوك : soukystories التيكتوك : soukystories الى كنتي من محبي القصص المسموعة تقدر تلقاني ف: سبوتيفاي: soukystories أنغامي: soukystories غوغل بودكاست: soukystories #explore #قصص_بالدرجة #قصص_بالدارجة #قصص_بالدارجة_المغربية #قصص_واقعية #قصص_غريبة #قصص_حقیقية #9isas_wa9i3iya #souky_stories #soukystories","soukystories,souki stories,المغرب,manar stories,lassakri,العسكري,safaa,الخراز,zineb story,قصص حقيقية,Chaimae Belkhir,Nisrine - نسرين,سوكمان sockman,NADIAS,SAFAA,حكايات رضا,الجزائر,قضايا,meryem story,@kharrazabdelkader,rajaa stories,senpai,خراز,lasakri,laskari,laaskari,3askari,lasskari,لعساكري,العساكري,لعسكاري,العسكاري,لعسكري,kwili,lemo,Kharraz,ليمو,كويلي,alkharraz,laasri,l3askri,laasikri,lassakri fz,laskri fatima,علوم خفية,NADIA STORIES,قصص مظلمة | dark stories,تونس",24,Entertainment,,PT14M10S,850,2d,hd,false,ar,ar,https://i.ytimg.com/vi/F6XAflfRP00/maxresdefault.jpg,1,,,,,103748,5156,,0,159
324,UC9JNENLelbGff__RYGLP1jA,"Souky Stories",a6mJ-NsMhnc,2023-04-11T21:33:25Z,"2023-04-11 21:33:25","😱😨كاميرات المراقبة تفضح أغرب جر*يمة قت*ل مع تسجيلات صادمة","مرحبا بكم في القناة، الاسم ديالي سكينة و اليوم غادي نكتاشفو خبايا هاد القصة هاد القناة دارت ليك إلى كنتي من عشاق : - قصص حقيقية - قصص رعب - قصص جرائم - قصص غريبة - قصص بوليسية - قصص مؤثرة - قصص ملهمة - قصص واقعية كانحط قصة كل إثنين وخميس. ماتنساش تشتارك فالقناة وتفعل الجرس باش يوصلوك فيديوهات وقصص جداد. مرحبا بيك في عالم القصص المثيرة ❤️ تابعوني ايضا على مواقع التواصل الاجتماعي إذا كنت من محبي القصص القصيرة عبر: الانستغرام : soukystories الفايسبوك : soukystories التيكتوك : soukystories الى كنتي من محبي القصص المسموعة تقدر تلقاني ف: سبوتيفاي: soukystories أنغامي: soukystories غوغل بودكاست: soukystories #explore #قصص_بالدرجة #قصص_بالدارجة #قصص_بالدارجة_المغربية #قصص_واقعية #قصص_غريبة #قصص_حقیقية #9isas_wa9i3iya #souky_stories #soukystories","soukystories,souki stories,المغرب,manar stories,lassakri,العسكري,safaa,الخراز,zineb story,قصص حقيقية,Chaimae Belkhir,Nisrine - نسرين,سوكمان sockman,NADIAS,SAFAA,حكايات رضا,الجزائر,قضايا,meryem story,@kharrazabdelkader,rajaa stories,senpai,خراز,lasakri,laskari,laaskari,3askari,lasskari,لعساكري,العساكري,لعسكاري,العسكاري,لعسكري,kwili,lemo,Kharraz,ليمو,كويلي,alkharraz,laasri,l3askri,laasikri,lassakri fz,laskri fatima,علوم خفية,NADIA STORIES,قصص مظلمة | dark stories,تونس",24,Entertainment,,PT13M2S,782,2d,hd,false,ar,ar,https://i.ytimg.com/vi/a6mJ-NsMhnc/maxresdefault.jpg,1,,,,,140315,6438,,0,167
325,UC9JNENLelbGff__RYGLP1jA,"Souky Stories",FO9wsi4rh2k,2023-04-05T21:49:08Z,"2023-04-05 21:49:08","😭😞ليندا خرجات من المدرسة واختفت فمرة، والنهاية صادمة","قصة هاد الفيديو ديال واحد البنت سميتها ليندا خرجات من المدرسة واختفت فمرة، و خدات من البوليس 45 عام باش يعرفو اش وقع مرحبا بكم في القناة، الاسم ديالي سكينة و اليوم غادي نكتاشفو خبايا هاد القصة هاد القناة دارت ليك إلى كنتي من عشاق : - قصص حقيقية - قصص رعب - قصص جرائم - قصص غريبة - قصص بوليسية - قصص مؤثرة - قصص ملهمة - قصص واقعية كانحط قصة كل إثنين وخميس. ماتنساش تشتارك فالقناة وتفعل الجرس باش يوصلوك فيديوهات وقصص جداد. مرحبا بيك في عالم القصص المثيرة ❤️ تابعوني ايضا على مواقع التواصل الاجتماعي إذا كنت من محبي القصص القصيرة عبر: الانستغرام : soukystories الفايسبوك : soukystories التيكتوك : soukystories الى كنتي من محبي القصص المسموعة تقدر تلقاني ف: سبوتيفاي: soukystories أنغامي: soukystories غوغل بودكاست: soukystories #explore #قصص_بالدرجة #قصص_بالدارجة #قصص_بالدارجة_المغربية #قصص_واقعية #قصص_غريبة #قصص_حقیقية #9isas_wa9i3iya #souky_stories #soukystories","soukystories,souki stories,المغرب,manar stories,lassakri,العسكري,safaa,الخراز,zineb story,قصص حقيقية,Chaimae Belkhir,Nisrine - نسرين,سوكمان sockman,NADIAS,SAFAA,حكايات رضا,الجزائر,قضايا,meryem story,@kharrazabdelkader,rajaa stories,senpai,خراز,lasakri,laskari,laaskari,3askari,lasskari,لعساكري,العساكري,لعسكاري,العسكاري,لعسكري,kwili,lemo,Kharraz,ليمو,كويلي,alkharraz,laasri,l3askri,laasikri,lassakri fz,laskri fatima,علوم خفية,NADIA STORIES,قصص مظلمة | dark stories,تونس",24,Entertainment,,PT13M49S,829,2d,hd,false,ar,ar,https://i.ytimg.com/vi/FO9wsi4rh2k/maxresdefault.jpg,1,,,,,158666,6251,,0,132
326,UC9JNENLelbGff__RYGLP1jA,"Souky Stories",Gp8BhW-54HU,2023-04-03T18:42:39Z,"2023-04-03 18:42:39","😨😞بسبب الطمع، ممرضة قت*لات كثر من 300 طفل قصة حقيقية","مرحبا بكم في القناة، الاسم ديالي سكينة و اليوم غادي نكتاشفو خبايا هاد القصة هاد القناة دارت ليك إلى كنتي من عشاق : - قصص حقيقية - قصص رعب - قصص جرائم - قصص غريبة - قصص بوليسية - قصص مؤثرة - قصص ملهمة - قصص واقعية كانحط قصة كل إثنين وخميس. ماتنساش تشتارك فالقناة وتفعل الجرس باش يوصلوك فيديوهات وقصص جداد. مرحبا بيك في عالم القصص المثيرة ❤️ تابعوني ايضا على مواقع التواصل الاجتماعي إذا كنت من محبي القصص القصيرة عبر: الانستغرام : soukystories الفايسبوك : soukystories التيكتوك : soukystories الى كنتي من محبي القصص المسموعة تقدر تلقاني ف: سبوتيفاي: soukystories أنغامي: soukystories غوغل بودكاست: soukystories #explore #قصص_بالدرجة #قصص_بالدارجة #قصص_بالدارجة_المغربية #قصص_واقعية #قصص_غريبة #قصص_حقیقية #9isas_wa9i3iya #souky_stories #soukystories","soukystories,souki stories,المغرب,manar stories,lassakri,العسكري,safaa,الخراز,zineb story,قصص حقيقية,Chaimae Belkhir,Nisrine - نسرين,سوكمان sockman,NADIAS,SAFAA,حكايات رضا,الجزائر,قضايا,meryem story,@kharrazabdelkader,rajaa stories,senpai,خراز,lasakri,laskari,laaskari,3askari,lasskari,لعساكري,العساكري,لعسكاري,العسكاري,لعسكري,kwili,lemo,Kharraz,ليمو,كويلي,alkharraz,laasri,l3askri,laasikri,lassakri fz,laskri fatima,علوم خفية,NADIA STORIES,قصص مظلمة | dark stories,تونس",24,Entertainment,,PT12M56S,776,2d,hd,false,ar,ar,https://i.ytimg.com/vi/Gp8BhW-54HU/maxresdefault.jpg,1,,,,,105008,4707,,0,193
