position,channelId,channelTitle,videoId,publishedAt,publishedAtSQL,videoTitle,videoDescription,tags,videoCategoryId,videoCategoryLabel,topicCategories,duration,durationSec,dimension,definition,caption,defaultLanguage,defaultLAudioLanguage,thumbnail_maxres,licensedContent,hasPaidProductPlacement,locationDescription,latitude,longitude,viewCount,likeCount,dislikeCount,favoriteCount,commentCount
1,UCHyKqXsJU6qvQWlAFRfh4HA,B3A9Lii,IY-LPW7lgPA,2026-04-25T21:13:47Z,"2026-04-25 21:13:47","مستر كبيدة كيطلب فرجاء باش تحيد ليه دعوة و يرجع المغرب ...","🍯 مرحبا بكم فالموقع الخاص بمنتجات العسل الطبيعي ❤️ ✅ زوروا الموقع الرسمي: https://7or100.ma/ 📦 جودة عالية وتوصيل لجميع المدن المغربية 📞 للطلبات أو الاستفسار المباشر عبر واتساب: 📲 https://wa.me/212633206876 📩 للإعلانات والتعاونات: 📧 Email: abdelouahedbenomar213@gmail.com 🔗 تابعوني على إنستغرام: 📸 https://www.instagram.com/abdelouahed_benomar 💰 الدعم على بايبال (PayPal Support): ➡️ https://www.paypal.me/abdelouahedbenomar",,22,"People & Blogs",,PT13M37S,817,2d,hd,false,ar,ar,https://i.ytimg.com/vi/IY-LPW7lgPA/maxresdefault.jpg,1,,,,,101352,6144,,0,357
2,UCHyKqXsJU6qvQWlAFRfh4HA,B3A9Lii,Sz40UQ0TcIM,2026-04-24T21:15:33Z,"2026-04-24 21:15:33","تعدات على راجلها وسط ناس و ضر.باتو واش هادشي نورمال ؟","🍯 مرحبا بكم فالموقع الخاص بمنتجات العسل الطبيعي ❤️ ✅ زوروا الموقع الرسمي: https://7or100.ma/ 📦 جودة عالية وتوصيل لجميع المدن المغربية 📞 للطلبات أو الاستفسار المباشر عبر واتساب: 📲 https://wa.me/212633206876 📩 للإعلانات والتعاونات: 📧 Email: abdelouahedbenomar213@gmail.com 🔗 تابعوني على إنستغرام: 📸 https://www.instagram.com/abdelouahed_benomar 💰 الدعم على بايبال (PayPal Support): ➡️ https://www.paypal.me/abdelouahedbenomar",,22,"People & Blogs",,PT13M47S,827,2d,hd,false,ar,ar,https://i.ytimg.com/vi/Sz40UQ0TcIM/maxresdefault.jpg,1,,,,,97020,5871,,0,304
3,UCHyKqXsJU6qvQWlAFRfh4HA,B3A9Lii,H16Bk7MBL8Q,2026-04-18T20:05:04Z,"2026-04-18 20:05:04","حسدو و ماحملوش ... و مشا دار نفس المشروع ديال طون","🍯 مرحبا بكم فالموقع الخاص بمنتجات العسل الطبيعي ❤️ ✅ زوروا الموقع الرسمي: https://7or100.ma/ 📦 جودة عالية وتوصيل لجميع المدن المغربية 📞 للطلبات أو الاستفسار المباشر عبر واتساب: 📲 https://wa.me/212633206876 📩 للإعلانات والتعاونات: 📧 Email: abdelouahedbenomar213@gmail.com 🔗 تابعوني على إنستغرام: 📸 https://www.instagram.com/abdelouahed_benomar 💰 الدعم على بايبال (PayPal Support): ➡️ https://www.paypal.me/abdelouahedbenomar",,22,"People & Blogs",,PT11M51S,711,2d,hd,false,ar,ar,https://i.ytimg.com/vi/H16Bk7MBL8Q/maxresdefault.jpg,1,,,,,182637,10377,,0,344
4,UCHyKqXsJU6qvQWlAFRfh4HA,B3A9Lii,R2vY5HSFeOY,2026-04-18T13:44:26Z,"2026-04-18 13:44:26","روينة شاعلة فلالة لعروسة.. برانسيسة واجهت العڭوزة والصدمة كانت كبيرة!","🍯 مرحبا بكم فالموقع الخاص بمنتجات العسل الطبيعي ❤️ ✅ زوروا الموقع الرسمي: https://7or100.ma/ 📦 جودة عالية وتوصيل لجميع المدن المغربية 📞 للطلبات أو الاستفسار المباشر عبر واتساب: 📲 https://wa.me/212633206876 📩 للإعلانات والتعاونات: 📧 Email: abdelouahedbenomar213@gmail.com 🔗 تابعوني على إنستغرام: 📸 https://www.instagram.com/abdelouahed_benomar 💰 الدعم على بايبال (PayPal Support): ➡️ https://www.paypal.me/abdelouahedbenomar",,22,"People & Blogs",,PT11M46S,706,2d,hd,false,ar,ar,https://i.ytimg.com/vi/R2vY5HSFeOY/maxresdefault.jpg,1,,,,,164745,6979,,0,354
5,UCHyKqXsJU6qvQWlAFRfh4HA,B3A9Lii,vUNtiYRgoi4,2026-04-17T19:25:48Z,"2026-04-17 19:25:48","أجي تشوفو كفاش حضرت الجبن الفينزويلي ... واش كيستاهل هاد ضجة و هاد تامارا","🍯 مرحبا بكم فالموقع الخاص بمنتجات العسل الطبيعي ❤️ ✅ زوروا الموقع الرسمي: https://7or100.ma/ 📦 جودة عالية وتوصيل لجميع المدن المغربية 📞 للطلبات أو الاستفسار المباشر عبر واتساب: 📲 https://wa.me/212633206876 📩 للإعلانات والتعاونات: 📧 Email: abdelouahedbenomar213@gmail.com 🔗 تابعوني على إنستغرام: 📸 https://www.instagram.com/abdelouahed_benomar 💰 الدعم على بايبال (PayPal Support): ➡️ https://www.paypal.me/abdelouahedbenomar",,22,"People & Blogs","Food,Lifestyle_(sociology)",PT13M4S,784,2d,hd,false,ar,ar,https://i.ytimg.com/vi/vUNtiYRgoi4/maxresdefault.jpg,1,,,,,115470,5275,,0,217
6,UCHyKqXsJU6qvQWlAFRfh4HA,B3A9Lii,QK2H7WhtuW4,2026-04-14T20:46:20Z,"2026-04-14 20:46:20","مستر كبيدة بقا كيطير تا خرج ليه فوجهو","🍯 مرحبا بكم فالموقع الخاص بمنتجات العسل الطبيعي ❤️ ✅ زوروا الموقع الرسمي: https://7or100.ma/ 📦 جودة عالية وتوصيل لجميع المدن المغربية 📞 للطلبات أو الاستفسار المباشر عبر واتساب: 📲 https://wa.me/212633206876 📩 للإعلانات والتعاونات: 📧 Email: abdelouahedbenomar213@gmail.com 🔗 تابعوني على إنستغرام: 📸 https://www.instagram.com/abdelouahed_benomar 💰 الدعم على بايبال (PayPal Support): ➡️ https://www.paypal.me/abdelouahedbenomar",,22,"People & Blogs",,PT9M52S,592,2d,hd,false,ar,ar,https://i.ytimg.com/vi/QK2H7WhtuW4/maxresdefault.jpg,1,,,,,160375,9692,,0,707
7,UCHyKqXsJU6qvQWlAFRfh4HA,B3A9Lii,vvBCUO6N1lg,2026-04-13T18:35:23Z,"2026-04-13 18:35:23","كفاش كيدوز عندي نهار ديال الخدمة 🤑💸 لقيت مشكل مع واحد سيدة 🤦‍♂️","🍯 مرحبا بكم فالموقع الخاص بمنتجات العسل الطبيعي ❤️ ✅ زوروا الموقع الرسمي: https://7or100.ma/ 📦 جودة عالية وتوصيل لجميع المدن المغربية 📞 للطلبات أو الاستفسار المباشر عبر واتساب: 📲 https://wa.me/212633206876 📩 للإعلانات والتعاونات: 📧 Email: abdelouahedbenomar213@gmail.com 🔗 تابعوني على إنستغرام: 📸 https://www.instagram.com/abdelouahed_benomar 💰 الدعم على بايبال (PayPal Support): ➡️ https://www.paypal.me/abdelouahedbenomar",,22,"People & Blogs",Lifestyle_(sociology),PT21M41S,1301,2d,hd,false,ar,ar,https://i.ytimg.com/vi/vvBCUO6N1lg/maxresdefault.jpg,1,,,,,102647,6281,,0,484
8,UCHyKqXsJU6qvQWlAFRfh4HA,B3A9Lii,X_wSJ9c2kgM,2026-04-10T18:20:01Z,"2026-04-10 18:20:01","جا الوقت باش نحبس ... و نتمى انكم تشجعوني","🍯 مرحبا بكم فالموقع الخاص بمنتجات العسل الطبيعي ❤️ ✅ زوروا الموقع الرسمي: https://7or100.ma/ 📦 جودة عالية وتوصيل لجميع المدن المغربية 📞 للطلبات أو الاستفسار المباشر عبر واتساب: 📲 https://wa.me/212633206876 📩 للإعلانات والتعاونات: 📧 Email: abdelouahedbenomar213@gmail.com 🔗 تابعوني على إنستغرام: 📸 https://www.instagram.com/abdelouahed_benomar 💰 الدعم على بايبال (PayPal Support): ➡️ https://www.paypal.me/abdelouahedbenomar",,22,"People & Blogs",,PT9M12S,552,2d,hd,false,ar,ar,https://i.ytimg.com/vi/X_wSJ9c2kgM/maxresdefault.jpg,1,,,,,115786,9829,,0,964
9,UCHyKqXsJU6qvQWlAFRfh4HA,B3A9Lii,IFl1lKVr3RU,2026-03-13T21:35:49Z,"2026-03-13 21:35:49","سحار طلب ليا 2000 درهم و بغا يصيفطني الحبس","🍯 مرحبا بكم فالموقع الخاص بمنتجات العسل الطبيعي ❤️ ✅ زوروا الموقع الرسمي: https://7or100.ma/ 📦 جودة عالية وتوصيل لجميع المدن المغربية 📞 للطلبات أو الاستفسار المباشر عبر واتساب: 📲 https://wa.me/212633206876 📩 للإعلانات والتعاونات: 📧 Email: abdelouahedbenomar213@gmail.com 🔗 تابعوني على إنستغرام: 📸 https://www.instagram.com/abdelouahed_benomar 💰 الدعم على بايبال (PayPal Support): ➡️ https://www.paypal.me/abdelouahedbenomar",,22,"People & Blogs",,PT15M24S,924,2d,hd,false,ar,ar,,1,,,,,170581,10018,,0,349
10,UCHyKqXsJU6qvQWlAFRfh4HA,B3A9Lii,ZYX2r6IeXq4,2026-03-09T22:33:23Z,"2026-03-09 22:33:23","وحدة كتصاوب فطور لراجلها ب 1000 درهم فنهار و وحدة عطاوها مليون على قبل رقم الهاتف ديالها 😑","🍯 مرحبا بكم فالموقع الخاص بمنتجات العسل الطبيعي ❤️ ✅ زوروا الموقع الرسمي: https://7or100.ma/ 📦 جودة عالية وتوصيل لجميع المدن المغربية 📞 للطلبات أو الاستفسار المباشر عبر واتساب: 📲 https://wa.me/212633206876 📩 للإعلانات والتعاونات: 📧 Email: abdelouahedbenomar213@gmail.com 🔗 تابعوني على إنستغرام: 📸 https://www.instagram.com/abdelouahed_benomar 💰 الدعم على بايبال (PayPal Support): ➡️ https://www.paypal.me/abdelouahedbenomar",,22,"People & Blogs",,PT19M8S,1148,2d,hd,false,ar,ar,https://i.ytimg.com/vi/ZYX2r6IeXq4/maxresdefault.jpg,1,,,,,174060,7851,,0,297
11,UCHyKqXsJU6qvQWlAFRfh4HA,B3A9Lii,s7sKatrewXE,2026-03-06T22:48:13Z,"2026-03-06 22:48:13","CHKON 7SEN #2 - BLJ VS ALLO ANASS","🍯 مرحبا بكم فالموقع الخاص بمنتجات العسل الطبيعي ❤️ ✅ زوروا الموقع الرسمي: https://7or100.ma/ 📦 جودة عالية وتوصيل لجميع المدن المغربية 📞 للطلبات أو الاستفسار المباشر عبر واتساب: 📲 https://wa.me/212633206876 📩 للإعلانات والتعاونات: 📧 Email: abdelouahedbenomar213@gmail.com 🔗 تابعوني على إنستغرام: 📸 https://www.instagram.com/abdelouahed_benomar 💰 الدعم على بايبال (PayPal Support): ➡️ https://www.paypal.me/abdelouahedbenomar",,22,"People & Blogs",Lifestyle_(sociology),PT19M35S,1175,2d,hd,false,ar,ar,https://i.ytimg.com/vi/s7sKatrewXE/maxresdefault.jpg,1,,,,,193496,9118,,0,269
12,UCHyKqXsJU6qvQWlAFRfh4HA,B3A9Lii,PLIhA_UamKw,2026-02-24T22:00:33Z,"2026-02-24 22:00:33","دخلو عندي جوج من شركة inwi و نصبو عليا ...","🍯 مرحبا بكم فالموقع الخاص بمنتجات العسل الطبيعي ❤️ ✅ زوروا الموقع الرسمي: https://7or100.ma/ 📦 جودة عالية وتوصيل لجميع المدن المغربية 📞 للطلبات أو الاستفسار المباشر عبر واتساب: 📲 https://wa.me/212633206876 📩 للإعلانات والتعاونات: 📧 Email: abdelouahedbenomar213@gmail.com 🔗 تابعوني على إنستغرام: 📸 https://www.instagram.com/abdelouahed_benomar 💰 الدعم على بايبال (PayPal Support): ➡️ https://www.paypal.me/abdelouahedbenomar",,22,"People & Blogs",,PT25M57S,1557,2d,hd,false,ar,ar,https://i.ytimg.com/vi/PLIhA_UamKw/maxresdefault.jpg,1,,,,,294488,15958,,0,1229
13,UCHyKqXsJU6qvQWlAFRfh4HA,B3A9Lii,OuGsoRNM7h4,2026-02-22T21:00:31Z,"2026-02-22 21:00:31","لي ضحك فينا يخلص🤑 ...","🍯 مرحبا بكم فالموقع الخاص بمنتجات العسل الطبيعي ❤️ ✅ زوروا الموقع الرسمي: https://7or100.ma/ 📦 جودة عالية وتوصيل لجميع المدن المغربية 📞 للطلبات أو الاستفسار المباشر عبر واتساب: 📲 https://wa.me/212633206876 📩 للإعلانات والتعاونات: 📧 Email: abdelouahedbenomar213@gmail.com 🔗 تابعوني على إنستغرام: 📸 https://www.instagram.com/abdelouahed_benomar 💰 الدعم على بايبال (PayPal Support): ➡️ https://www.paypal.me/abdelouahedbenomar",,22,"People & Blogs",,PT18M7S,1087,2d,hd,false,ar,ar,https://i.ytimg.com/vi/OuGsoRNM7h4/maxresdefault.jpg,1,,,,,149150,8390,,0,315
14,UCHyKqXsJU6qvQWlAFRfh4HA,B3A9Lii,mgKJddOV34M,2026-02-14T20:35:33Z,"2026-02-14 20:35:33","خسرت ملايين ديال لفلوس فمشروعي بسباب سمسار","🍯 مرحبا بكم فالموقع الخاص بمنتجات العسل الطبيعي ❤️ ✅ زوروا الموقع الرسمي: https://7or100.ma/ 📦 جودة عالية وتوصيل لجميع المدن المغربية 📞 للطلبات أو الاستفسار المباشر عبر واتساب: 📲 https://wa.me/212633206876 📩 للإعلانات والتعاونات: 📧 Email: abdelouahedbenomar213@gmail.com 🔗 تابعوني على إنستغرام: 📸 https://www.instagram.com/abdelouahed_benomar 💰 الدعم على بايبال (PayPal Support): ➡️ https://www.paypal.me/abdelouahedbenomar",,22,"People & Blogs","Hobby,Lifestyle_(sociology)",PT23M37S,1417,2d,hd,false,ar,ar,https://i.ytimg.com/vi/mgKJddOV34M/maxresdefault.jpg,1,,,,,193756,10372,,0,321
15,UCHyKqXsJU6qvQWlAFRfh4HA,B3A9Lii,OpzrzNxfqNU,2026-02-09T19:40:38Z,"2026-02-09 19:40:38","علاش درتو ليها هادشي كامل ...؟","🍯 مرحبا بكم فالموقع الخاص بمنتجات العسل الطبيعي ❤️ ✅ زوروا الموقع الرسمي: https://7or100.ma/ 📦 جودة عالية وتوصيل لجميع المدن المغربية 📞 للطلبات أو الاستفسار المباشر عبر واتساب: 📲 https://wa.me/212633206876 📩 للإعلانات والتعاونات: 📧 Email: abdelouahedbenomar213@gmail.com 🔗 تابعوني على إنستغرام: 📸 https://www.instagram.com/abdelouahed_benomar 💰 الدعم على بايبال (PayPal Support): ➡️ https://www.paypal.me/abdelouahedbenomar",,22,"People & Blogs",Lifestyle_(sociology),PT15M49S,949,2d,hd,false,ar,ar,https://i.ytimg.com/vi/OpzrzNxfqNU/maxresdefault.jpg,1,,,,,484452,24783,,0,1159
16,UCHyKqXsJU6qvQWlAFRfh4HA,B3A9Lii,lD5e6xYgAUI,2026-02-04T18:54:44Z,"2026-02-04 18:54:44","المواقف المحرجة لي وقعو ليا مع شي عيالات فالمحل ديال الماكياج لي حليت جديد","🍯 مرحبا بكم فالموقع الخاص بمنتجات العسل الطبيعي ❤️ ✅ زوروا الموقع الرسمي: https://7or100.ma/ 📦 جودة عالية وتوصيل لجميع المدن المغربية 📞 للطلبات أو الاستفسار المباشر عبر واتساب: 📲 https://wa.me/212633206876 📩 للإعلانات والتعاونات: 📧 Email: abdelouahedbenomar213@gmail.com 🔗 تابعوني على إنستغرام: 📸 https://www.instagram.com/abdelouahed_benomar 💰 الدعم على بايبال (PayPal Support): ➡️ https://www.paypal.me/abdelouahedbenomar",,22,"People & Blogs",Lifestyle_(sociology),PT27M50S,1670,2d,hd,false,ar,ar,https://i.ytimg.com/vi/lD5e6xYgAUI/maxresdefault.jpg,1,,,,,284787,14489,,0,539
17,UCHyKqXsJU6qvQWlAFRfh4HA,B3A9Lii,UNUrgCrysiw,2026-01-31T20:36:58Z,"2026-01-31 20:36:58","مستر كبيدة خرج ليها نيشان ول كيدير الأفلام الإباح... و مرونها مع ناس وجدة","🍯 مرحبا بكم فالموقع الخاص بمنتجات العسل الطبيعي ❤️ ✅ زوروا الموقع الرسمي: https://7or100.ma/ 📦 جودة عالية وتوصيل لجميع المدن المغربية 📞 للطلبات أو الاستفسار المباشر عبر واتساب: 📲 https://wa.me/212633206876 📩 للإعلانات والتعاونات: 📧 Email: abdelouahedbenomar213@gmail.com 🔗 تابعوني على إنستغرام: 📸 https://www.instagram.com/abdelouahed_benomar 💰 الدعم على بايبال (PayPal Support): ➡️ https://www.paypal.me/abdelouahedbenomar",,22,"People & Blogs",,PT17M45S,1065,2d,hd,false,ar,ar,https://i.ytimg.com/vi/UNUrgCrysiw/maxresdefault.jpg,1,,,,,219062,11673,,0,447
18,UCHyKqXsJU6qvQWlAFRfh4HA,B3A9Lii,geQ29bhA5yU,2026-01-31T17:40:08Z,"2026-01-31 17:40:08","CHKON 7SEN #1 - 9ACHTOTA VS B LABAN","🍯 مرحبا بكم فالموقع الخاص بمنتجات العسل الطبيعي ❤️ ✅ زوروا الموقع الرسمي: https://7or100.ma/ 📦 جودة عالية وتوصيل لجميع المدن المغربية 📞 للطلبات أو الاستفسار المباشر عبر واتساب: 📲 https://wa.me/212633206876 📩 للإعلانات والتعاونات: 📧 Email: abdelouahedbenomar213@gmail.com 🔗 تابعوني على إنستغرام: 📸 https://www.instagram.com/abdelouahed_benomar 💰 الدعم على بايبال (PayPal Support): ➡️ https://www.paypal.me/abdelouahedbenomar",,22,"People & Blogs","Food,Lifestyle_(sociology)",PT18M21S,1101,2d,hd,false,ar,ar,https://i.ytimg.com/vi/geQ29bhA5yU/maxresdefault.jpg,1,,,,,244016,9761,,0,419
19,UCHyKqXsJU6qvQWlAFRfh4HA,B3A9Lii,YYXo7iUQ0Ng,2026-01-22T21:07:55Z,"2026-01-22 21:07:55","ليلى عبداللطيف كتقول بلي المغرب غيربح كأس العالم ف 2026","🍯 مرحبا بكم فالموقع الخاص بمنتجات العسل الطبيعي ❤️ ✅ زوروا الموقع الرسمي: https://7or100.ma/ 📦 جودة عالية وتوصيل لجميع المدن المغربية 📞 للطلبات أو الاستفسار المباشر عبر واتساب: 📲 https://wa.me/212633206876 📩 للإعلانات والتعاونات: 📧 Email: abdelouahedbenomar213@gmail.com 🔗 تابعوني على إنستغرام: 📸 https://www.instagram.com/abdelouahed_benomar 💰 الدعم على بايبال (PayPal Support): ➡️ https://www.paypal.me/abdelouahedbenomar",,22,"People & Blogs",,PT20M9S,1209,2d,hd,false,ar,ar,https://i.ytimg.com/vi/YYXo7iUQ0Ng/maxresdefault.jpg,1,,,,,165211,9195,,0,588
20,UCHyKqXsJU6qvQWlAFRfh4HA,B3A9Lii,2pUpCwqDtDU,2026-01-20T19:58:55Z,"2026-01-20 19:58:55","أخيب قمعة ممكن تشوفها فحياتك","🍯 مرحبا بكم فالموقع الخاص بمنتجات العسل الطبيعي ❤️ ✅ زوروا الموقع الرسمي: https://7or100.ma/ 📦 جودة عالية وتوصيل لجميع المدن المغربية 📞 للطلبات أو الاستفسار المباشر عبر واتساب: 📲 https://wa.me/212633206876 📩 للإعلانات والتعاونات: 📧 Email: abdelouahedbenomar213@gmail.com 🔗 تابعوني على إنستغرام: 📸 https://www.instagram.com/abdelouahed_benomar 💰 الدعم على بايبال (PayPal Support): ➡️ https://www.paypal.me/abdelouahedbenomar",,22,"People & Blogs",,PT14M32S,872,2d,hd,false,ar,ar,https://i.ytimg.com/vi/2pUpCwqDtDU/maxresdefault.jpg,1,,,,,161933,9890,,0,505
21,UCHyKqXsJU6qvQWlAFRfh4HA,B3A9Lii,Cd1hwpwdwJM,2026-01-13T20:57:11Z,"2026-01-13 20:57:11","الجزائر خرجو على سيطرة من بعد ما تقصاو و قطعو العملة المغربية","🍯 مرحبا بكم فالموقع الخاص بمنتجات العسل الطبيعي ❤️ ✅ زوروا الموقع الرسمي: https://7or100.ma/ 📦 جودة عالية وتوصيل لجميع المدن المغربية 📞 للطلبات أو الاستفسار المباشر عبر واتساب: 📲 https://wa.me/212633206876 📩 للإعلانات والتعاونات: 📧 Email: abdelouahedbenomar213@gmail.com 🔗 تابعوني على إنستغرام: 📸 https://www.instagram.com/abdelouahed_benomar 💰 الدعم على بايبال (PayPal Support): ➡️ https://www.paypal.me/abdelouahedbenomar",,22,"People & Blogs","Politics,Society",PT22M34S,1354,2d,hd,false,ar,ar,https://i.ytimg.com/vi/Cd1hwpwdwJM/maxresdefault.jpg,1,,,,,141325,8208,,0,599
22,UCHyKqXsJU6qvQWlAFRfh4HA,B3A9Lii,uONjw692T7Q,2026-01-11T19:16:56Z,"2026-01-11 19:16:56","المشجعين جداد ديال المنتخب المغربي 2026","🍯 مرحبا بكم فالموقع الخاص بمنتجات العسل الطبيعي ❤️ ✅ زوروا الموقع الرسمي: https://7or100.ma/ 📦 جودة عالية وتوصيل لجميع المدن المغربية 📞 للطلبات أو الاستفسار المباشر عبر واتساب: 📲 https://wa.me/212633206876 📩 للإعلانات والتعاونات: 📧 Email: abdelouahedbenomar213@gmail.com 🔗 تابعوني على إنستغرام: 📸 https://www.instagram.com/abdelouahed_benomar 💰 الدعم على بايبال (PayPal Support): ➡️ https://www.paypal.me/abdelouahedbenomar",,22,"People & Blogs",,PT19M9S,1149,2d,hd,false,ar,ar,https://i.ytimg.com/vi/uONjw692T7Q/maxresdefault.jpg,1,,,,,202962,9770,,0,271
23,UCHyKqXsJU6qvQWlAFRfh4HA,B3A9Lii,TLpwrE3Qz1o,2025-12-25T19:40:29Z,"2025-12-25 19:40:29","جربنا شكلاط ديال راس العام","🍯 مرحبا بكم فالموقع الخاص بمنتجات العسل الطبيعي ❤️ ✅ زوروا الموقع الرسمي: https://7or100.ma/ 📦 جودة عالية وتوصيل لجميع المدن المغربية 📞 للطلبات أو الاستفسار المباشر عبر واتساب: 📲 https://wa.me/212633206876 📩 للإعلانات والتعاونات: 📧 Email: abdelouahedbenomar213@gmail.com 🔗 تابعوني على إنستغرام: 📸 https://www.instagram.com/abdelouahed_benomar 💰 الدعم على بايبال (PayPal Support): ➡️ https://www.paypal.me/abdelouahedbenomar",,22,"People & Blogs","Food,Lifestyle_(sociology)",PT16M26S,986,2d,hd,false,ar,ar,https://i.ytimg.com/vi/TLpwrE3Qz1o/maxresdefault.jpg,1,,,,,142034,8166,,0,596
24,UCHyKqXsJU6qvQWlAFRfh4HA,B3A9Lii,Z-3mFtSEGbk,2025-12-24T18:02:18Z,"2025-12-24 18:02:18","أنا داخل سوق راسي و هاد المل..حد كيجبدني","🍯 مرحبا بكم فالموقع الخاص بمنتجات العسل الطبيعي ❤️ ✅ زوروا الموقع الرسمي: https://7or100.ma/ 📦 جودة عالية وتوصيل لجميع المدن المغربية 📞 للطلبات أو الاستفسار المباشر عبر واتساب: 📲 https://wa.me/212633206876 📩 للإعلانات والتعاونات: 📧 Email: abdelouahedbenomar213@gmail.com 🔗 تابعوني على إنستغرام: 📸 https://www.instagram.com/abdelouahed_benomar 💰 الدعم على بايبال (PayPal Support): ➡️ https://www.paypal.me/abdelouahedbenomar",,22,"People & Blogs",,PT19M34S,1174,2d,hd,false,ar,ar,https://i.ytimg.com/vi/Z-3mFtSEGbk/maxresdefault.jpg,1,,,,,121714,8110,,0,563
25,UCHyKqXsJU6qvQWlAFRfh4HA,B3A9Lii,rKNQx20K3WQ,2025-12-20T17:54:11Z,"2025-12-20 17:54:11","و أخيييرا بديت مشروعي الجديد الخاص بالكوسميتيك","🍯 مرحبا بكم فالموقع الخاص بمنتجات العسل الطبيعي ❤️ ✅ زوروا الموقع الرسمي: https://7or100.ma/ 📦 جودة عالية وتوصيل لجميع المدن المغربية 📞 للطلبات أو الاستفسار المباشر عبر واتساب: 📲 https://wa.me/212633206876 📩 للإعلانات والتعاونات: 📧 Email: abdelouahedbenomar213@gmail.com 🔗 تابعوني على إنستغرام: 📸 https://www.instagram.com/abdelouahed_benomar 💰 الدعم على بايبال (PayPal Support): ➡️ https://www.paypal.me/abdelouahedbenomar",,22,"People & Blogs",Lifestyle_(sociology),PT18M35S,1115,2d,hd,false,ar,ar,https://i.ytimg.com/vi/rKNQx20K3WQ/maxresdefault.jpg,1,,,,,107827,6644,,0,658
26,UCHyKqXsJU6qvQWlAFRfh4HA,B3A9Lii,ajRpkjnDQ4g,2025-12-11T19:43:52Z,"2025-12-11 19:43:52","صباغ بغا ينصب عليا و طبيب بغا يدي ليا رزقي","🍯 مرحبا بكم فالموقع الخاص بمنتجات العسل الطبيعي ❤️ ✅ زوروا الموقع الرسمي: https://7or100.ma/ 📦 جودة عالية وتوصيل لجميع المدن المغربية 📞 للطلبات أو الاستفسار المباشر عبر واتساب: 📲 https://wa.me/212633206876 📩 للإعلانات والتعاونات: 📧 Email: abdelouahedbenomar213@gmail.com 🔗 تابعوني على إنستغرام: 📸 https://www.instagram.com/abdelouahed_benomar 💰 الدعم على بايبال (PayPal Support): ➡️ https://www.paypal.me/abdelouahedbenomar",,22,"People & Blogs",,PT23M4S,1384,2d,hd,false,ar,ar,https://i.ytimg.com/vi/ajRpkjnDQ4g/maxresdefault.jpg,1,,,,,237009,12296,,0,558
27,UCHyKqXsJU6qvQWlAFRfh4HA,B3A9Lii,sD443WFihC8,2025-12-02T20:00:03Z,"2025-12-02 20:00:03","بجوج طلقو ... و بجوج تسطاو","🍯 مرحبا بكم فالموقع الخاص بمنتجات العسل الطبيعي ❤️ ✅ زوروا الموقع الرسمي: https://7or100.ma/ 📦 جودة عالية وتوصيل لجميع المدن المغربية 📞 للطلبات أو الاستفسار المباشر عبر واتساب: 📲 https://wa.me/212633206876 📩 للإعلانات والتعاونات: 📧 Email: abdelouahedbenomar213@gmail.com 🔗 تابعوني على إنستغرام: 📸 https://www.instagram.com/abdelouahed_benomar 💰 الدعم على بايبال (PayPal Support): ➡️ https://www.paypal.me/abdelouahedbenomar",,22,"People & Blogs","Humour,Lifestyle_(sociology)",PT20M28S,1228,2d,hd,false,ar,ar,https://i.ytimg.com/vi/sD443WFihC8/maxresdefault.jpg,1,,,,,234542,11006,,0,466
28,UCHyKqXsJU6qvQWlAFRfh4HA,B3A9Lii,3HCykS8Qrw8,2025-11-29T19:10:43Z,"2025-11-29 19:10:43","منسمحش ليكم","🍯 مرحبا بكم فالموقع الخاص بمنتجات العسل الطبيعي ❤️ ✅ زوروا الموقع الرسمي: https://7or100.ma/ 📦 جودة عالية وتوصيل لجميع المدن المغربية 📞 للطلبات أو الاستفسار المباشر عبر واتساب: 📲 https://wa.me/212633206876 📩 للإعلانات والتعاونات: 📧 Email: abdelouahedbenomar213@gmail.com 🔗 تابعوني على إنستغرام: 📸 https://www.instagram.com/abdelouahed_benomar 💰 الدعم على بايبال (PayPal Support): ➡️ https://www.paypal.me/abdelouahedbenomar",,22,"People & Blogs",,PT19M38S,1178,2d,hd,false,ar,ar,https://i.ytimg.com/vi/3HCykS8Qrw8/maxresdefault.jpg,1,,,,,528901,25873,,0,1318
29,UCHyKqXsJU6qvQWlAFRfh4HA,B3A9Lii,OOtXNqteWno,2025-11-27T20:55:43Z,"2025-11-27 20:55:43","تحديات المتابعين #1 : قبلت تحديات ديالكم","🍯 مرحبا بكم فالموقع الخاص بمنتجات العسل الطبيعي ❤️ ✅ زوروا الموقع الرسمي: https://7or100.ma/ 📦 جودة عالية وتوصيل لجميع المدن المغربية 📞 للطلبات أو الاستفسار المباشر عبر واتساب: 📲 https://wa.me/212633206876 📩 للإعلانات والتعاونات: 📧 Email: abdelouahedbenomar213@gmail.com 🔗 تابعوني على إنستغرام: 📸 https://www.instagram.com/abdelouahed_benomar 💰 الدعم على بايبال (PayPal Support): ➡️ https://www.paypal.me/abdelouahedbenomar",,22,"People & Blogs",Lifestyle_(sociology),PT10M54S,654,2d,hd,false,ar,ar,https://i.ytimg.com/vi/OOtXNqteWno/maxresdefault.jpg,1,,,,,121381,7828,,0,647
30,UCHyKqXsJU6qvQWlAFRfh4HA,B3A9Lii,MnM-kOtt_QY,2025-11-25T18:22:09Z,"2025-11-25 18:22:09","كلشي غيدخل للحبس ... نوبة ديال مولينيكس جات غايضرب شي 20 عام","🍯 مرحبا بكم فالموقع الخاص بمنتجات العسل الطبيعي ❤️ ✅ زوروا الموقع الرسمي: https://7or100.ma/ 📦 جودة عالية وتوصيل لجميع المدن المغربية 📞 للطلبات أو الاستفسار المباشر عبر واتساب: 📲 https://wa.me/212633206876 📩 للإعلانات والتعاونات: 📧 Email: abdelouahedbenomar213@gmail.com 🔗 تابعوني على إنستغرام: 📸 https://www.instagram.com/abdelouahed_benomar 💰 الدعم على بايبال (PayPal Support): ➡️ https://www.paypal.me/abdelouahedbenomar",,22,"People & Blogs",,PT19M27S,1167,2d,hd,false,ar,ar,,1,,,,,290585,14052,,0,685
31,UCHyKqXsJU6qvQWlAFRfh4HA,B3A9Lii,jAKZFbd-xCI,2025-11-18T21:06:49Z,"2025-11-18 21:06:49","الكوبل الجديد بداو كيلوحو الهضرة البعضياتهم و مستر كبيدة تبعاتو مغربية تل تايلند ههه","🍯 مرحبا بكم فالموقع الخاص بمنتجات العسل الطبيعي ❤️ ✅ زوروا الموقع الرسمي: https://7or100.ma/ 📦 جودة عالية وتوصيل لجميع المدن المغربية 📞 للطلبات أو الاستفسار المباشر عبر واتساب: 📲 https://wa.me/212633206876 📩 للإعلانات والتعاونات: 📧 Email: abdelouahedbenomar213@gmail.com 🔗 تابعوني على إنستغرام: 📸 https://www.instagram.com/abdelouahed_benomar 💰 الدعم على بايبال (PayPal Support): ➡️ https://www.paypal.me/abdelouahedbenomar",,22,"People & Blogs",,PT16M14S,974,2d,hd,false,ar,ar,https://i.ytimg.com/vi/jAKZFbd-xCI/maxresdefault.jpg,1,,,,,347284,15405,,0,586
32,UCHyKqXsJU6qvQWlAFRfh4HA,B3A9Lii,Wsda9ePw1N4,2025-11-17T19:56:40Z,"2025-11-17 19:56:40","بقا كيطير تا جاب لمو 30 عام ديال الحبس","🍯 مرحبا بكم فالموقع الخاص بمنتجات العسل الطبيعي ❤️ ✅ زوروا الموقع الرسمي: https://7or100.ma/ 📦 جودة عالية وتوصيل لجميع المدن المغربية 📞 للطلبات أو الاستفسار المباشر عبر واتساب: 📲 https://wa.me/212633206876 📩 للإعلانات والتعاونات: 📧 Email: abdelouahedbenomar213@gmail.com 🔗 تابعوني على إنستغرام: 📸 https://www.instagram.com/abdelouahed_benomar 💰 الدعم على بايبال (PayPal Support): ➡️ https://www.paypal.me/abdelouahedbenomar",,22,"People & Blogs",,PT17M,1020,2d,hd,false,ar,ar,https://i.ytimg.com/vi/Wsda9ePw1N4/maxresdefault.jpg,1,,,,,632788,26500,,0,1193
33,UCHyKqXsJU6qvQWlAFRfh4HA,B3A9Lii,Nowrjw1wswc,2025-11-08T21:14:20Z,"2025-11-08 21:14:20","Story Time : جارة كتشفر ليا لحوايج من سطح و حصلتها","🍯 مرحبا بكم فالموقع الخاص بمنتجات العسل الطبيعي ❤️ ✅ زوروا الموقع الرسمي: https://7or100.ma/ 📦 جودة عالية وتوصيل لجميع المدن المغربية 📞 للطلبات أو الاستفسار المباشر عبر واتساب: 📲 https://wa.me/212633206876 📩 للإعلانات والتعاونات: 📧 Email: abdelouahedbenomar213@gmail.com 🔗 تابعوني على إنستغرام: 📸 https://www.instagram.com/abdelouahed_benomar 💰 الدعم على بايبال (PayPal Support): ➡️ https://www.paypal.me/abdelouahedbenomar",,22,"People & Blogs",Lifestyle_(sociology),PT20M46S,1246,2d,hd,false,ar,ar,https://i.ytimg.com/vi/Nowrjw1wswc/maxresdefault.jpg,1,,,,,459601,22686,,0,978
34,UCHyKqXsJU6qvQWlAFRfh4HA,B3A9Lii,FmOq1aFOB1M,2025-11-07T19:57:37Z,"2025-11-07 19:57:37","شاف ليالي كيخونها راجلها 🤦‍♂️","🍯 مرحبا بكم فالموقع الخاص بمنتجات العسل الطبيعي ❤️ ✅ زوروا الموقع الرسمي: https://7or100.ma/ 📦 جودة عالية وتوصيل لجميع المدن المغربية 📞 للطلبات أو الاستفسار المباشر عبر واتساب: 📲 https://wa.me/212633206876 📩 للإعلانات والتعاونات: 📧 Email: abdelouahedbenomar213@gmail.com 🔗 تابعوني على إنستغرام: 📸 https://www.instagram.com/abdelouahed_benomar 💰 الدعم على بايبال (PayPal Support): ➡️ https://www.paypal.me/abdelouahedbenomar",,22,"People & Blogs",,PT11M58S,718,2d,hd,false,ar,ar,https://i.ytimg.com/vi/FmOq1aFOB1M/maxresdefault.jpg,1,,,,,150642,7570,,0,273
35,UCHyKqXsJU6qvQWlAFRfh4HA,B3A9Lii,i2CTy8gWS38,2025-11-06T19:14:17Z,"2025-11-06 19:14:17","نعيمة و بناتها غيضربوهم ب 20 عام حبس","🍯 مرحبا بكم فالموقع الخاص بمنتجات العسل الطبيعي ❤️ ✅ زوروا الموقع الرسمي: https://7or100.ma/ 📦 جودة عالية وتوصيل لجميع المدن المغربية 📞 للطلبات أو الاستفسار المباشر عبر واتساب: 📲 https://wa.me/212633206876 📩 للإعلانات والتعاونات: 📧 Email: abdelouahedbenomar213@gmail.com 🔗 تابعوني على إنستغرام: 📸 https://www.instagram.com/abdelouahed_benomar 💰 الدعم على بايبال (PayPal Support): ➡️ https://www.paypal.me/abdelouahedbenomar",,22,"People & Blogs",,PT21M10S,1270,2d,hd,false,ar,ar,https://i.ytimg.com/vi/i2CTy8gWS38/maxresdefault.jpg,1,,,,,362682,13981,,0,1073
36,UCHyKqXsJU6qvQWlAFRfh4HA,B3A9Lii,9Uzdl49PRR0,2025-10-29T21:07:54Z,"2025-10-29 21:07:54","مشيت شفت علاش كيقلبو المغاربة ف تيك توك","🍯 مرحبا بكم فالموقع الخاص بمنتجات العسل الطبيعي ❤️ ✅ زوروا الموقع الرسمي: https://7or100.ma/ 📦 جودة عالية وتوصيل لجميع المدن المغربية 📞 للطلبات أو الاستفسار المباشر عبر واتساب: 📲 https://wa.me/212633206876 📩 للإعلانات والتعاونات: 📧 Email: abdelouahedbenomar213@gmail.com 🔗 تابعوني على إنستغرام: 📸 https://www.instagram.com/abdelouahed_benomar 💰 الدعم على بايبال (PayPal Support): ➡️ https://www.paypal.me/abdelouahedbenomar",,22,"People & Blogs",,PT15M41S,941,2d,hd,false,ar,ar,https://i.ytimg.com/vi/9Uzdl49PRR0/maxresdefault.jpg,1,,,,,161860,9976,,0,384
37,UCHyKqXsJU6qvQWlAFRfh4HA,B3A9Lii,qFEsBWvZiBU,2025-10-26T19:10:31Z,"2025-10-26 19:10:31","ذلك شبل من ذلك الأسد ... كاع طروتينات لي شفرهم باعهم ب 100 درهم ههههههه","🍯 مرحبا بكم فالموقع الخاص بمنتجات العسل الطبيعي ❤️ ✅ زوروا الموقع الرسمي: https://7or100.ma/ 📦 جودة عالية وتوصيل لجميع المدن المغربية 📞 للطلبات أو الاستفسار المباشر عبر واتساب: 📲 https://wa.me/212633206876 📩 للإعلانات والتعاونات: 📧 Email: abdelouahedbenomar213@gmail.com 🔗 تابعوني على إنستغرام: 📸 https://www.instagram.com/abdelouahed_benomar 💰 الدعم على بايبال (PayPal Support): ➡️ https://www.paypal.me/abdelouahedbenomar",,22,"People & Blogs",,PT19M37S,1177,2d,hd,false,ar,ar,https://i.ytimg.com/vi/qFEsBWvZiBU/maxresdefault.jpg,1,,,,,235403,11104,,0,479
38,UCHyKqXsJU6qvQWlAFRfh4HA,B3A9Lii,5_euPptVCjk,2025-10-24T20:00:54Z,"2025-10-24 20:00:54","تجربة العيش ب صالير ديال 2500 درهم لمدة شهر فالمغرب","🍯 مرحبا بكم فالموقع الخاص بمنتجات العسل الطبيعي ❤️ ✅ زوروا الموقع الرسمي: https://7or100.ma/ 📦 جودة عالية وتوصيل لجميع المدن المغربية 📞 للطلبات أو الاستفسار المباشر عبر واتساب: 📲 https://wa.me/212633206876 📩 للإعلانات والتعاونات: 📧 Email: abdelouahedbenomar213@gmail.com 🔗 تابعوني على إنستغرام: 📸 https://www.instagram.com/abdelouahed_benomar 💰 الدعم على بايبال (PayPal Support): ➡️ https://www.paypal.me/abdelouahedbenomar",,22,"People & Blogs",,PT16M11S,971,2d,hd,false,ar,ar,https://i.ytimg.com/vi/5_euPptVCjk/maxresdefault.jpg,1,,,,,361465,21398,,0,1699
39,UCHyKqXsJU6qvQWlAFRfh4HA,B3A9Lii,i30EGHONOJU,2025-10-19T21:15:18Z,"2025-10-19 21:15:18","لقاوه شافر 5 المانطات و كروصة ديال داوي الإحتياجات الخاصة ههههههه","🍯 مرحبا بكم فالموقع الخاص بمنتجات العسل الطبيعي ❤️ ✅ زوروا الموقع الرسمي: https://7or100.ma/ 📦 جودة عالية وتوصيل لجميع المدن المغربية 📞 للطلبات أو الاستفسار المباشر عبر واتساب: 📲 https://wa.me/212633206876 📩 للإعلانات والتعاونات: 📧 Email: abdelouahedbenomar213@gmail.com 🔗 تابعوني على إنستغرام: 📸 https://www.instagram.com/abdelouahed_benomar 💰 الدعم على بايبال (PayPal Support): ➡️ https://www.paypal.me/abdelouahedbenomar",,22,"People & Blogs",,PT13M55S,835,2d,hd,false,ar,ar,https://i.ytimg.com/vi/i30EGHONOJU/maxresdefault.jpg,1,,,,,228564,11097,,0,334
40,UCHyKqXsJU6qvQWlAFRfh4HA,B3A9Lii,TRBdusDAC1g,2025-10-18T19:37:32Z,"2025-10-18 19:37:32","فتيات القوة مشاو لتايلند دارو شوها","🍯 مرحبا بكم فالموقع الخاص بمنتجات العسل الطبيعي ❤️ ✅ زوروا الموقع الرسمي: https://7or100.ma/ 📦 جودة عالية وتوصيل لجميع المدن المغربية 📞 للطلبات أو الاستفسار المباشر عبر واتساب: 📲 https://wa.me/212633206876 📩 للإعلانات والتعاونات: 📧 Email: abdelouahedbenomar213@gmail.com 🔗 تابعوني على إنستغرام: 📸 https://www.instagram.com/abdelouahed_benomar 💰 الدعم على بايبال (PayPal Support): ➡️ https://www.paypal.me/abdelouahedbenomar",,22,"People & Blogs",,PT11M56S,716,2d,hd,false,ar,ar,https://i.ytimg.com/vi/TRBdusDAC1g/maxresdefault.jpg,1,,,,,264387,12479,,0,442
41,UCHyKqXsJU6qvQWlAFRfh4HA,B3A9Lii,VKtGNFSXtJ0,2025-10-14T18:14:07Z,"2025-10-14 18:14:07","جربت أغلى داند فيمي 🤢","🍯 مرحبا بكم فالموقع الخاص بمنتجات العسل الطبيعي ❤️ ✅ زوروا الموقع الرسمي: https://7or100.ma/ 📦 جودة عالية وتوصيل لجميع المدن المغربية 📞 للطلبات أو الاستفسار المباشر عبر واتساب: 📲 https://wa.me/212633206876 📩 للإعلانات والتعاونات: 📧 Email: abdelouahedbenomar213@gmail.com 🔗 تابعوني على إنستغرام: 📸 https://www.instagram.com/abdelouahed_benomar 💰 الدعم على بايبال (PayPal Support): ➡️ https://www.paypal.me/abdelouahedbenomar",,22,"People & Blogs","Food,Lifestyle_(sociology)",PT21M43S,1303,2d,hd,false,ar,ar,https://i.ytimg.com/vi/VKtGNFSXtJ0/maxresdefault.jpg,1,,,,,226639,11638,,0,616
42,UCHyKqXsJU6qvQWlAFRfh4HA,B3A9Lii,6LGqK22Oh3I,2025-10-10T19:58:53Z,"2025-10-10 19:58:53","ها علاش رجال فالمغرب مابقاوش بغاو يتزوجو","🍯 مرحبا بكم فالموقع الخاص بمنتجات العسل الطبيعي ❤️ ✅ زوروا الموقع الرسمي: https://7or100.ma/ 📦 جودة عالية وتوصيل لجميع المدن المغربية 📞 للطلبات أو الاستفسار المباشر عبر واتساب: 📲 https://wa.me/212633206876 📩 للإعلانات والتعاونات: 📧 Email: abdelouahedbenomar213@gmail.com 🔗 تابعوني على إنستغرام: 📸 https://www.instagram.com/abdelouahed_benomar 💰 الدعم على بايبال (PayPal Support): ➡️ https://www.paypal.me/abdelouahedbenomar",,22,"People & Blogs",,PT13M15S,795,2d,hd,false,ar,ar,https://i.ytimg.com/vi/6LGqK22Oh3I/maxresdefault.jpg,1,,,,,166035,8790,,0,369
43,UCHyKqXsJU6qvQWlAFRfh4HA,B3A9Lii,SAT1yS7JAN0,2025-10-07T19:16:39Z,"2025-10-07 19:16:39","هذا هو سبب علاش المشاهير ديال المغرب ماقدروش يهضرو على المظاهرة","🍯 مرحبا بكم فالموقع الخاص بمنتجات العسل الطبيعي ❤️ ✅ زوروا الموقع الرسمي: https://7or100.ma/ 📦 جودة عالية وتوصيل لجميع المدن المغربية 📞 للطلبات أو الاستفسار المباشر عبر واتساب: 📲 https://wa.me/212633206876 📩 للإعلانات والتعاونات: 📧 Email: abdelouahedbenomar213@gmail.com 🔗 تابعوني على إنستغرام: 📸 https://www.instagram.com/abdelouahed_benomar 💰 الدعم على بايبال (PayPal Support): ➡️ https://www.paypal.me/abdelouahedbenomar",,22,"People & Blogs",Society,PT23M50S,1430,2d,hd,false,ar,ar,https://i.ytimg.com/vi/SAT1yS7JAN0/maxresdefault.jpg,1,,,,,240930,11365,,0,524
44,UCHyKqXsJU6qvQWlAFRfh4HA,B3A9Lii,9GfRRbq6bgg,2025-10-02T19:15:41Z,"2025-10-02 19:15:41","ليلى عبداللطيف كانت عارفة المظاهرات ديال المغرب و المغاربة مطلعينها على حاتم عمور حيت تضامن معانا هه","🍯 مرحبا بكم فالموقع الخاص بمنتجات العسل الطبيعي ❤️ ✅ زوروا الموقع الرسمي: https://7or100.ma/ 📦 جودة عالية وتوصيل لجميع المدن المغربية 📞 للطلبات أو الاستفسار المباشر عبر واتساب: 📲 https://wa.me/212633206876 📩 للإعلانات والتعاونات: 📧 Email: abdelouahedbenomar213@gmail.com 🔗 تابعوني على إنستغرام: 📸 https://www.instagram.com/abdelouahed_benomar 💰 الدعم على بايبال (PayPal Support): ➡️ https://www.paypal.me/abdelouahedbenomar",,22,"People & Blogs","Politics,Society",PT12M23S,743,2d,hd,false,ar,ar,https://i.ytimg.com/vi/9GfRRbq6bgg/maxresdefault.jpg,1,,,,,236451,11466,,0,739
45,UCHyKqXsJU6qvQWlAFRfh4HA,B3A9Lii,AucCJmJcTuw,2025-10-01T17:16:44Z,"2025-10-01 17:16:44","سبب الحقيقي للكارثة لي وقعات فالمظاهرة ديال وجدة و أكادير","🍯 مرحبا بكم فالموقع الخاص بمنتجات العسل الطبيعي ❤️ ✅ زوروا الموقع الرسمي: https://7or100.ma/ 📦 جودة عالية وتوصيل لجميع المدن المغربية 📞 للطلبات أو الاستفسار المباشر عبر واتساب: 📲 https://wa.me/212633206876 📩 للإعلانات والتعاونات: 📧 Email: abdelouahedbenomar213@gmail.com 🔗 تابعوني على إنستغرام: 📸 https://www.instagram.com/abdelouahed_benomar 💰 الدعم على بايبال (PayPal Support): ➡️ https://www.paypal.me/abdelouahedbenomar",,22,"People & Blogs","Politics,Society",PT11M44S,704,2d,hd,false,ar,ar,https://i.ytimg.com/vi/AucCJmJcTuw/maxresdefault.jpg,1,,,,,252735,13512,,0,842
46,UCHyKqXsJU6qvQWlAFRfh4HA,B3A9Lii,jOFC6G1ivbc,2025-09-29T20:24:49Z,"2025-09-29 20:24:49","بسبب المظاهرات مابقيناش غنظمو كأس العالم و الفقيه كون غي بقيتي ساكت أحسن","🍯 مرحبا بكم فالموقع الخاص بمنتجات العسل الطبيعي ❤️ ✅ زوروا الموقع الرسمي: https://7or100.ma/ 📦 جودة عالية وتوصيل لجميع المدن المغربية 📞 للطلبات أو الاستفسار المباشر عبر واتساب: 📲 https://wa.me/212633206876 📩 للإعلانات والتعاونات: 📧 Email: abdelouahedbenomar213@gmail.com 🔗 تابعوني على إنستغرام: 📸 https://www.instagram.com/abdelouahed_benomar 💰 الدعم على بايبال (PayPal Support): ➡️ https://www.paypal.me/abdelouahedbenomar",,22,"People & Blogs","Politics,Society",PT17M36S,1056,2d,hd,false,ar,ar,https://i.ytimg.com/vi/jOFC6G1ivbc/maxresdefault.jpg,1,,,,,345141,18471,,0,1811
47,UCHyKqXsJU6qvQWlAFRfh4HA,B3A9Lii,uHX3a8q6te0,2025-09-28T20:26:15Z,"2025-09-28 20:26:15","زلايجي خرج وسط المظاهرة و ماعجبوش الحال حيت ناس ناضو و دارو المظاهرة 🤦‍♂️","🍯 مرحبا بكم فالموقع الخاص بمنتجات العسل الطبيعي ❤️ ✅ زوروا الموقع الرسمي: https://7or100.ma/ 📦 جودة عالية وتوصيل لجميع المدن المغربية 📞 للطلبات أو الاستفسار المباشر عبر واتساب: 📲 https://wa.me/212633206876 📩 للإعلانات والتعاونات: 📧 Email: abdelouahedbenomar213@gmail.com 🔗 تابعوني على إنستغرام: 📸 https://www.instagram.com/abdelouahed_benomar 💰 الدعم على بايبال (PayPal Support): ➡️ https://www.paypal.me/abdelouahedbenomar",,22,"People & Blogs",,PT17M55S,1075,2d,hd,false,ar,ar,https://i.ytimg.com/vi/uHX3a8q6te0/maxresdefault.jpg,1,,,,,185242,10287,,0,665
48,UCHyKqXsJU6qvQWlAFRfh4HA,B3A9Lii,jM6BDMTCZFU,2025-09-26T17:55:49Z,"2025-09-26 17:55:49","واش ممكن توقع شي كارثة بسباب المظاهرات نهار 27 - 28 فالمغرب ؟","🍯 مرحبا بكم فالموقع الخاص بمنتجات العسل الطبيعي ❤️ ✅ زوروا الموقع الرسمي: https://7or100.ma/ 📦 جودة عالية وتوصيل لجميع المدن المغربية 📞 للطلبات أو الاستفسار المباشر عبر واتساب: 📲 https://wa.me/212633206876 📩 للإعلانات والتعاونات: 📧 Email: abdelouahedbenomar213@gmail.com 🔗 تابعوني على إنستغرام: 📸 https://www.instagram.com/abdelouahed_benomar 💰 الدعم على بايبال (PayPal Support): ➡️ https://www.paypal.me/abdelouahedbenomar",,22,"People & Blogs","Politics,Society",PT13M24S,804,2d,hd,false,ar,ar,,1,,,,,243778,14552,,0,1271
49,UCHyKqXsJU6qvQWlAFRfh4HA,B3A9Lii,-Lh-nA1l1rA,2025-09-24T19:53:17Z,"2025-09-24 19:53:17","جربت أغلى جبنة لقيت فالمغرب و أنواع أخرى","🍯 مرحبا بكم فالموقع الخاص بمنتجات العسل الطبيعي ❤️ ✅ زوروا الموقع الرسمي: https://7or100.ma/ 📦 جودة عالية وتوصيل لجميع المدن المغربية 📞 للطلبات أو الاستفسار المباشر عبر واتساب: 📲 https://wa.me/212633206876 📩 للإعلانات والتعاونات: 📧 Email: abdelouahedbenomar213@gmail.com 🔗 تابعوني على إنستغرام: 📸 https://www.instagram.com/abdelouahed_benomar 💰 الدعم على بايبال (PayPal Support): ➡️ https://www.paypal.me/abdelouahedbenomar",,22,"People & Blogs","Food,Lifestyle_(sociology)",PT21M47S,1307,2d,hd,false,ar,ar,https://i.ytimg.com/vi/-Lh-nA1l1rA/maxresdefault.jpg,1,,,,,298455,14126,,0,896
50,UCHyKqXsJU6qvQWlAFRfh4HA,B3A9Lii,341kWx6g34I,2025-09-23T20:30:50Z,"2025-09-23 20:30:50","عبدة الشيطان رجعو المغرب عاوتاني و هاد المرة جهلو كثر من لول","🍯 مرحبا بكم فالموقع الخاص بمنتجات العسل الطبيعي ❤️ ✅ زوروا الموقع الرسمي: https://7or100.ma/ 📦 جودة عالية وتوصيل لجميع المدن المغربية 📞 للطلبات أو الاستفسار المباشر عبر واتساب: 📲 https://wa.me/212633206876 📩 للإعلانات والتعاونات: 📧 Email: abdelouahedbenomar213@gmail.com 🔗 تابعوني على إنستغرام: 📸 https://www.instagram.com/abdelouahed_benomar 💰 الدعم على بايبال (PayPal Support): ➡️ https://www.paypal.me/abdelouahedbenomar",,22,"People & Blogs",,PT13M57S,837,2d,hd,false,ar,ar,https://i.ytimg.com/vi/341kWx6g34I/maxresdefault.jpg,1,,,,,232228,11740,,0,891
51,UCHyKqXsJU6qvQWlAFRfh4HA,B3A9Lii,b3kxHfk45KI,2025-09-18T19:07:21Z,"2025-09-18 19:07:21","إلياس المالكي كان بغا يدير الفتنة بين الجمهور","🍯 مرحبا بكم فالموقع الخاص بمنتجات العسل الطبيعي ❤️ ✅ زوروا الموقع الرسمي: https://7or100.ma/ 📦 جودة عالية وتوصيل لجميع المدن المغربية 📞 للطلبات أو الاستفسار المباشر عبر واتساب: 📲 https://wa.me/212633206876 📩 للإعلانات والتعاونات: 📧 Email: abdelouahedbenomar213@gmail.com 🔗 تابعوني على إنستغرام: 📸 https://www.instagram.com/abdelouahed_benomar 💰 الدعم على بايبال (PayPal Support): ➡️ https://www.paypal.me/abdelouahedbenomar",,22,"People & Blogs",,PT14M46S,886,2d,hd,false,ar,ar,https://i.ytimg.com/vi/b3kxHfk45KI/maxresdefault.jpg,1,,,,,200199,11184,,0,554
52,UCHyKqXsJU6qvQWlAFRfh4HA,B3A9Lii,X4syHyle9-o,2025-09-16T19:35:45Z,"2025-09-16 19:35:45","سحر و شعودة نايضا فمكناس فموسم سيدي علي","🍯 مرحبا بكم فالموقع الخاص بمنتجات العسل الطبيعي ❤️ ✅ زوروا الموقع الرسمي: https://7or100.ma/ 📦 جودة عالية وتوصيل لجميع المدن المغربية 📞 للطلبات أو الاستفسار المباشر عبر واتساب: 📲 https://wa.me/212633206876 📩 للإعلانات والتعاونات: 📧 Email: abdelouahedbenomar213@gmail.com 🔗 تابعوني على إنستغرام: 📸 https://www.instagram.com/abdelouahed_benomar 💰 الدعم على بايبال (PayPal Support): ➡️ https://www.paypal.me/abdelouahedbenomar",,22,"People & Blogs",,PT18M17S,1097,2d,hd,false,ar,ar,https://i.ytimg.com/vi/X4syHyle9-o/maxresdefault.jpg,1,,,,,229958,9887,,0,712
53,UCHyKqXsJU6qvQWlAFRfh4HA,B3A9Lii,qFuHP_eopMo,2025-09-11T20:39:44Z,"2025-09-11 20:39:44","شيماء هق هق و قصة الحب الفاشلة","🍯 مرحبا بكم فالموقع الخاص بمنتجات العسل الطبيعي ❤️ ✅ زوروا الموقع الرسمي: https://7or100.ma/ 📦 جودة عالية وتوصيل لجميع المدن المغربية 📞 للطلبات أو الاستفسار المباشر عبر واتساب: 📲 https://wa.me/212633206876 📩 للإعلانات والتعاونات: 📧 Email: abdelouahedbenomar213@gmail.com 🔗 تابعوني على إنستغرام: 📸 https://www.instagram.com/abdelouahed_benomar 💰 الدعم على بايبال (PayPal Support): ➡️ https://www.paypal.me/abdelouahedbenomar",,22,"People & Blogs",,PT16M29S,989,2d,hd,false,ar,ar,https://i.ytimg.com/vi/qFuHP_eopMo/maxresdefault.jpg,1,,,,,248812,11106,,0,441
54,UCHyKqXsJU6qvQWlAFRfh4HA,B3A9Lii,nKRPEmLgdhg,2025-09-10T21:02:45Z,"2025-09-10 21:02:45","دريات ولاو كيتقلقو حيت كتقولو ليهم قهويات و شيماء هق هق تزوجات و طلقات فشهر ماكاملش","🍯 مرحبا بكم فالموقع الخاص بمنتجات العسل الطبيعي ❤️ ✅ زوروا الموقع الرسمي: https://7or100.ma/ 📦 جودة عالية وتوصيل لجميع المدن المغربية 📞 للطلبات أو الاستفسار المباشر عبر واتساب: 📲 https://wa.me/212633206876 📩 للإعلانات والتعاونات: 📧 Email: abdelouahedbenomar213@gmail.com 🔗 تابعوني على إنستغرام: 📸 https://www.instagram.com/abdelouahed_benomar 💰 الدعم على بايبال (PayPal Support): ➡️ https://www.paypal.me/abdelouahedbenomar",,22,"People & Blogs",,PT22M17S,1337,2d,hd,false,ar,ar,https://i.ytimg.com/vi/nKRPEmLgdhg/maxresdefault.jpg,1,,,,,207849,10538,,0,525
55,UCHyKqXsJU6qvQWlAFRfh4HA,B3A9Lii,dsOOuMyeaQE,2025-09-09T20:31:02Z,"2025-09-09 20:31:02","جربت جميع انواع ( طون ، الإسقمري ، سردين ) من الأرخص إلى الأغلى","🍯 مرحبا بكم فالموقع الخاص بمنتجات العسل الطبيعي ❤️ ✅ زوروا الموقع الرسمي: https://7or100.ma/ 📦 جودة عالية وتوصيل لجميع المدن المغربية 📞 للطلبات أو الاستفسار المباشر عبر واتساب: 📲 https://wa.me/212633206876 📩 للإعلانات والتعاونات: 📧 Email: abdelouahedbenomar213@gmail.com 🔗 تابعوني على إنستغرام: 📸 https://www.instagram.com/abdelouahed_benomar 💰 الدعم على بايبال (PayPal Support): ➡️ https://www.paypal.me/abdelouahedbenomar",,22,"People & Blogs","Food,Lifestyle_(sociology)",PT23M55S,1435,2d,hd,false,ar,ar,https://i.ytimg.com/vi/dsOOuMyeaQE/maxresdefault.jpg,1,,,,,347401,15527,,0,741
56,UCHyKqXsJU6qvQWlAFRfh4HA,B3A9Lii,S17E-6xRpqg,2025-09-02T20:07:34Z,"2025-09-02 20:07:34","حياتي من بعد ما تزاد عندي ولدي","🍯 مرحبا بكم فالموقع الخاص بمنتجات العسل الطبيعي ❤️ ✅ زوروا الموقع الرسمي: https://7or100.ma/ 📦 جودة عالية وتوصيل لجميع المدن المغربية 📞 للطلبات أو الاستفسار المباشر عبر واتساب: 📲 https://wa.me/212633206876 📩 للإعلانات والتعاونات: 📧 Email: bookb3a9li@gmail.com 🔗 تابعوني على إنستغرام: 📸 https://www.instagram.com/abdelouahed_benomar 💰 الدعم على بايبال (PayPal Support): ➡️ https://www.paypal.me/abdelouahedbenomar",,22,"People & Blogs",,PT31M25S,1885,2d,hd,false,ar,ar,https://i.ytimg.com/vi/S17E-6xRpqg/maxresdefault.jpg,1,,,,,295213,19673,,0,1408
57,UCHyKqXsJU6qvQWlAFRfh4HA,B3A9Lii,uohosgFAc-c,2025-08-08T21:04:32Z,"2025-08-08 21:04:32","مغربية مشات تزوجات بنيجيري دفل الماكلة من فمو و كلاتها 😨","🍯 مرحبا بكم فالموقع الخاص بمنتجات العسل الطبيعي ❤️ ✅ زوروا الموقع الرسمي: https://7or100.ma/ 📦 جودة عالية وتوصيل لجميع المدن المغربية 📞 للطلبات أو الاستفسار المباشر عبر واتساب: 📲 https://wa.me/212633206876 📩 للإعلانات والتعاونات: 📧 Email: bookb3a9li@gmail.com 🔗 تابعوني على إنستغرام: 📸 https://www.instagram.com/abdelouahed_benomar 💰 الدعم على بايبال (PayPal Support): ➡️ https://www.paypal.me/abdelouahedbenomar",,22,"People & Blogs",,PT19M25S,1165,2d,hd,false,ar,ar,https://i.ytimg.com/vi/uohosgFAc-c/maxresdefault.jpg,1,,,,,207230,9746,,0,702
58,UCHyKqXsJU6qvQWlAFRfh4HA,B3A9Lii,ZvkZPbDR3-Q,2025-08-06T19:58:30Z,"2025-08-06 19:58:30","مشكل ديال سماسرية طونوبيلات فالمغرب","🍯 مرحبا بكم فالموقع الخاص بمنتجات العسل الطبيعي ❤️ ✅ زوروا الموقع الرسمي: https://7or100.ma/ 📦 جودة عالية وتوصيل لجميع المدن المغربية 📞 للطلبات أو الاستفسار المباشر عبر واتساب: 📲 https://wa.me/212633206876 📩 للإعلانات والتعاونات: 📧 Email: bookb3a9li@gmail.com 🔗 تابعوني على إنستغرام: 📸 https://www.instagram.com/abdelouahed_benomar 💰 الدعم على بايبال (PayPal Support): ➡️ https://www.paypal.me/abdelouahedbenomar",,22,"People & Blogs",,PT19M53S,1193,2d,hd,false,ar,ar,https://i.ytimg.com/vi/ZvkZPbDR3-Q/maxresdefault.jpg,1,,,,,177691,9446,,0,402
59,UCHyKqXsJU6qvQWlAFRfh4HA,B3A9Lii,1rz_OWenlLk,2025-08-01T21:33:36Z,"2025-08-01 21:33:36","أخيراً اشتريت سيارة أحلامي","🍯 مرحبا بكم فالموقع الخاص بمنتجات العسل الطبيعي ❤️ ✅ زوروا الموقع الرسمي: https://7or100.ma/ 📦 جودة عالية وتوصيل لجميع المدن المغربية 📞 للطلبات أو الاستفسار المباشر عبر واتساب: 📲 https://wa.me/212633206876 📩 للإعلانات والتعاونات: 📧 Email: bookb3a9li@gmail.com 🔗 تابعوني على إنستغرام: 📸 https://www.instagram.com/abdelouahed_benomar 💰 الدعم على بايبال (PayPal Support): ➡️ https://www.paypal.me/abdelouahedbenomar",,22,"People & Blogs",Lifestyle_(sociology),PT16M13S,973,2d,hd,false,ar,ar,https://i.ytimg.com/vi/1rz_OWenlLk/maxresdefault.jpg,1,,,,,378460,16650,,0,1106
60,UCHyKqXsJU6qvQWlAFRfh4HA,B3A9Lii,abOyCKSboW0,2025-07-27T20:27:14Z,"2025-07-27 20:27:14","لمغاربة صاوبو مجموعة سميتها المحسادة ههههههههههه","🍯 مرحبا بكم فالموقع الخاص بمنتجات العسل الطبيعي ❤️ ✅ زوروا الموقع الرسمي: https://7or100.ma/ 📦 جودة عالية وتوصيل لجميع المدن المغربية 📞 للطلبات أو الاستفسار المباشر عبر واتساب: 📲 https://wa.me/212633206876 📩 للإعلانات والتعاونات: 📧 Email: bookb3a9li@gmail.com 🔗 تابعوني على إنستغرام: 📸 https://www.instagram.com/abdelouahed_benomar 💰 الدعم على بايبال (PayPal Support): ➡️ https://www.paypal.me/abdelouahedbenomar",,22,"People & Blogs",,PT12M18S,738,2d,hd,false,ar,ar,https://i.ytimg.com/vi/abOyCKSboW0/maxresdefault.jpg,1,,,,,231356,13202,,0,623
61,UCHyKqXsJU6qvQWlAFRfh4HA,B3A9Lii,AcfERZSM4lo,2025-07-22T23:16:47Z,"2025-07-22 23:16:47","أول مرة نجرب الماكلة ديال مرجان ... طاكوس ديال مرجان","🍯 مرحبا بكم فالموقع الخاص بمنتجات العسل الطبيعي ❤️ ✅ زوروا الموقع الرسمي: https://7or100.ma/ 📦 جودة عالية وتوصيل لجميع المدن المغربية 📞 للطلبات أو الاستفسار المباشر عبر واتساب: 📲 https://wa.me/212633206876 📩 للإعلانات والتعاونات: 📧 Email: bookb3a9li@gmail.com 🔗 تابعوني على إنستغرام: 📸 https://www.instagram.com/abdelouahed_benomar 💰 الدعم على بايبال (PayPal Support): ➡️ https://www.paypal.me/abdelouahedbenomar",,22,"People & Blogs","Food,Lifestyle_(sociology)",PT19M15S,1155,2d,hd,false,ar,ar,https://i.ytimg.com/vi/AcfERZSM4lo/maxresdefault.jpg,1,,,,,416835,17766,,0,1275
62,UCHyKqXsJU6qvQWlAFRfh4HA,B3A9Lii,XspKtH3E3gA,2025-07-17T20:59:11Z,"2025-07-17 20:59:11","لقيت راسي كنوزن 131 كيلو 😨","🍯 مرحبا بكم فالموقع الخاص بمنتجات العسل الطبيعي ❤️ ✅ زوروا الموقع الرسمي: https://7or100.ma/ 📦 جودة عالية وتوصيل لجميع المدن المغربية 📞 للطلبات أو الاستفسار المباشر عبر واتساب: 📲 https://wa.me/212633206876 📩 للإعلانات والتعاونات: 📧 Email: bookb3a9li@gmail.com 🔗 تابعوني على إنستغرام: 📸 https://www.instagram.com/abdelouahed_benomar 💰 الدعم على بايبال (PayPal Support): ➡️ https://www.paypal.me/abdelouahedbenomar",,22,"People & Blogs",,PT11M3S,663,2d,hd,false,ar,ar,https://i.ytimg.com/vi/XspKtH3E3gA/maxresdefault.jpg,1,,,,,231173,10602,,0,889
63,UCHyKqXsJU6qvQWlAFRfh4HA,B3A9Lii,Hr26BF2KgMU,2025-07-15T22:35:03Z,"2025-07-15 22:35:03","جربت العروض ديال 50 درهم فأكل شوارع","🍯 مرحبا بكم فالموقع الخاص بمنتجات العسل الطبيعي ❤️ ✅ زوروا الموقع الرسمي: https://7or100.ma/ 📦 جودة عالية وتوصيل لجميع المدن المغربية 📞 للطلبات أو الاستفسار المباشر عبر واتساب: 📲 https://wa.me/212633206876 📩 للإعلانات والتعاونات: 📧 Email: bookb3a9li@gmail.com 🔗 تابعوني على إنستغرام: 📸 https://www.instagram.com/abdelouahed_benomar 💰 الدعم على بايبال (PayPal Support): ➡️ https://www.paypal.me/abdelouahedbenomar",,22,"People & Blogs","Food,Lifestyle_(sociology)",PT16M38S,998,2d,hd,false,ar,ar,https://i.ytimg.com/vi/Hr26BF2KgMU/maxresdefault.jpg,1,,,,,607003,21328,,0,913
64,UCHyKqXsJU6qvQWlAFRfh4HA,B3A9Lii,6wyiUCmGijQ,2025-07-13T19:23:47Z,"2025-07-13 19:23:47","المؤثرة ديالنا كتعرا و كتقول انا حرة","🍯 مرحبا بكم فالموقع الخاص بمنتجات العسل الطبيعي ❤️ ✅ زوروا الموقع الرسمي: https://7or100.ma/ 📦 جودة عالية وتوصيل لجميع المدن المغربية 📞 للطلبات أو الاستفسار المباشر عبر واتساب: 📲 https://wa.me/212633206876 📩 للإعلانات والتعاونات: 📧 Email: bookb3a9li@gmail.com 🔗 تابعوني على إنستغرام: 📸 https://www.instagram.com/abdelouahed_benomar 💰 الدعم على بايبال (PayPal Support): ➡️ https://www.paypal.me/abdelouahedbenomar",,22,"People & Blogs",,PT14M43S,883,2d,hd,false,ar,ar,https://i.ytimg.com/vi/6wyiUCmGijQ/maxresdefault.jpg,1,,,,,373520,15684,,0,996
65,UCHyKqXsJU6qvQWlAFRfh4HA,B3A9Lii,Tz4ZHho4Tb0,2025-07-12T21:50:21Z,"2025-07-12 21:50:21","كارثة غير مسبوقة تهز اولاد يوسف نواحي بني ملال .. تفاصيل كاملة","🍯 مرحبا بكم فالموقع الخاص بمنتجات العسل الطبيعي ❤️ ✅ زوروا الموقع الرسمي: https://7or100.ma/ 📦 جودة عالية وتوصيل لجميع المدن المغربية 📞 للطلبات أو الاستفسار المباشر عبر واتساب: 📲 https://wa.me/212633206876 📩 للإعلانات والتعاونات: 📧 Email: bookb3a9li@gmail.com 🔗 تابعوني على إنستغرام: 📸 https://www.instagram.com/abdelouahed_benomar 💰 الدعم على بايبال (PayPal Support): ➡️ https://www.paypal.me/abdelouahedbenomar",,22,"People & Blogs",,PT8M25S,505,2d,hd,false,ar,ar,https://i.ytimg.com/vi/Tz4ZHho4Tb0/maxresdefault.jpg,1,,,,,287312,11406,,0,461
66,UCHyKqXsJU6qvQWlAFRfh4HA,B3A9Lii,3S26jqNkiwU,2025-07-12T12:59:35Z,"2025-07-12 12:59:35","رايبي تا هوما دارو مسابقة بحال دانون","🍯 مرحبا بكم فالموقع الخاص بمنتجات العسل الطبيعي ❤️ ✅ زوروا الموقع الرسمي: https://7or100.ma/ 📦 جودة عالية وتوصيل لجميع المدن المغربية 📞 للطلبات أو الاستفسار المباشر عبر واتساب: 📲 https://wa.me/212633206876 📩 للإعلانات والتعاونات: 📧 Email: bookb3a9li@gmail.com 🔗 تابعوني على إنستغرام: 📸 https://www.instagram.com/abdelouahed_benomar 💰 الدعم على بايبال (PayPal Support): ➡️ https://www.paypal.me/abdelouahedbenomar",,22,"People & Blogs",,PT11M3S,663,2d,hd,false,ar,ar,https://i.ytimg.com/vi/3S26jqNkiwU/maxresdefault.jpg,1,,,,,326335,11079,,0,403
67,UCHyKqXsJU6qvQWlAFRfh4HA,B3A9Lii,wQJSqwR1lpM,2025-07-03T21:48:18Z,"2025-07-03 21:48:18","تناقشت أنا و مرتي على تعدد بسباب الحالة المدنية","🍯 مرحبا بكم فالموقع الخاص بمنتجات العسل الطبيعي ❤️ ✅ زوروا الموقع الرسمي: https://7or100.ma/ 📦 جودة عالية وتوصيل لجميع المدن المغربية 📞 للطلبات أو الاستفسار المباشر عبر واتساب: 📲 https://wa.me/212633206876 📩 للإعلانات والتعاونات: 📧 Email: bookb3a9li@gmail.com 🔗 تابعوني على إنستغرام: 📸 https://www.instagram.com/abdelouahed_benomar 💰 الدعم على بايبال (PayPal Support): ➡️ https://www.paypal.me/abdelouahedbenomar",,22,"People & Blogs",,PT21M38S,1298,2d,hd,false,ar,ar,https://i.ytimg.com/vi/wQJSqwR1lpM/maxresdefault.jpg,1,,,,,125152,6727,,0,596
68,UCHyKqXsJU6qvQWlAFRfh4HA,B3A9Lii,Iog_h2YDy60,2025-06-30T21:48:45Z,"2025-06-30 21:48:45","محمد راعي الغنم لقاوه مقتول و غيثة باغين يغمقو على الحادثة لي وقعات ليها","🍯 مرحبا بكم فالموقع الخاص بمنتجات العسل الطبيعي ❤️ ✅ زوروا الموقع الرسمي: https://7or100.ma/ 📦 جودة عالية وتوصيل لجميع المدن المغربية 📞 للطلبات أو الاستفسار المباشر عبر واتساب: 📲 https://wa.me/212633206876 📩 للإعلانات والتعاونات: 📧 Email: bookb3a9li@gmail.com 🔗 تابعوني على إنستغرام: 📸 https://www.instagram.com/abdelouahed_benomar 💰 الدعم على بايبال (PayPal Support): ➡️ https://www.paypal.me/abdelouahedbenomar",,22,"People & Blogs",,PT19M5S,1145,2d,hd,false,ar,ar,https://i.ytimg.com/vi/Iog_h2YDy60/maxresdefault.jpg,1,,,,,183878,10149,,0,387
69,UCHyKqXsJU6qvQWlAFRfh4HA,B3A9Lii,oA2cszTw0lM,2025-06-28T20:28:44Z,"2025-06-28 20:28:44","شوها واقعة فموازين : بنادم كيضرب يدو بزيزوار و زحام بين دراري والبنات","🍯 مرحبا بكم فالموقع الخاص بمنتجات العسل الطبيعي ❤️ ✅ زوروا الموقع الرسمي: https://7or100.ma/ 📦 جودة عالية وتوصيل لجميع المدن المغربية 📞 للطلبات أو الاستفسار المباشر عبر واتساب: 📲 https://wa.me/212633206876 📩 للإعلانات والتعاونات: 📧 Email: bookb3a9li@gmail.com 🔗 تابعوني على إنستغرام: 📸 https://www.instagram.com/abdelouahed_benomar 💰 الدعم على بايبال (PayPal Support): ➡️ https://www.paypal.me/abdelouahedbenomar",,22,"People & Blogs",,PT14M7S,847,2d,hd,false,ar,ar,https://i.ytimg.com/vi/oA2cszTw0lM/maxresdefault.jpg,1,,,,,337793,14841,,0,879
70,UCHyKqXsJU6qvQWlAFRfh4HA,B3A9Lii,jShyso_Pff0,2025-06-26T21:27:00Z,"2025-06-26 21:27:00","الأصدقاء ديال ولد لفشوش لي داز على غيثة كيدافعو عليه بطريقة غريبة","🍯 مرحبا بكم فالموقع الخاص بمنتجات العسل الطبيعي ❤️ ✅ زوروا الموقع الرسمي: https://7or100.ma/ 📦 جودة عالية وتوصيل لجميع المدن المغربية 📞 للطلبات أو الاستفسار المباشر عبر واتساب: 📲 https://wa.me/212633206876 📩 للإعلانات والتعاونات: 📧 Email: bookb3a9li@gmail.com 🔗 تابعوني على إنستغرام: 📸 https://www.instagram.com/abdelouahed_benomar 💰 الدعم على بايبال (PayPal Support): ➡️ https://www.paypal.me/abdelouahedbenomar",,22,"People & Blogs",,PT22M35S,1355,2d,hd,false,ar,ar,https://i.ytimg.com/vi/jShyso_Pff0/maxresdefault.jpg,1,,,,,240534,11489,,0,589
71,UCHyKqXsJU6qvQWlAFRfh4HA,B3A9Lii,xEWwA_9Y74s,2025-06-20T21:00:42Z,"2025-06-20 21:00:42","تجربة أكل الشوارع : بزاف ديال الماكلة ب 100 درهم","🍯 مرحبا بكم فالموقع الخاص بمنتجات العسل الطبيعي ❤️ ✅ زوروا الموقع الرسمي: https://7or100.ma/ 📦 جودة عالية وتوصيل لجميع المدن المغربية 📞 للطلبات أو الاستفسار المباشر عبر واتساب: 📲 https://wa.me/212633206876 📩 للإعلانات والتعاونات: 📧 Email: bookb3a9li@gmail.com 🔗 تابعوني على إنستغرام: 📸 https://www.instagram.com/abdelouahed_benomar 💰 الدعم على بايبال (PayPal Support): ➡️ https://www.paypal.me/abdelouahedbenomar",,22,"People & Blogs","Food,Lifestyle_(sociology)",PT19M52S,1192,2d,hd,false,ar,ar,https://i.ytimg.com/vi/xEWwA_9Y74s/maxresdefault.jpg,1,,,,,663699,25981,,0,928
72,UCHyKqXsJU6qvQWlAFRfh4HA,B3A9Lii,wspEuDyJeLg,2025-06-14T20:56:03Z,"2025-06-14 20:56:03","نتائج ديال الباك خرجو و أعلى معدل فالمغرب بان و كاين لي مات قبل ميشوف نقطة ديالو 😢","🍯 مرحبا بكم فالموقع الخاص بمنتجات العسل الطبيعي ❤️ ✅ زوروا الموقع الرسمي: https://7or100.ma/ 📦 جودة عالية وتوصيل لجميع المدن المغربية 📞 للطلبات أو الاستفسار المباشر عبر واتساب: 📲 https://wa.me/212633206876 📩 للإعلانات والتعاونات: 📧 Email: bookb3a9li@gmail.com 🔗 تابعوني على إنستغرام: 📸 https://www.instagram.com/abdelouahed_benomar 💰 الدعم على بايبال (PayPal Support): ➡️ https://www.paypal.me/abdelouahedbenomar",,22,"People & Blogs",,PT11M43S,703,2d,hd,false,ar,ar,https://i.ytimg.com/vi/wspEuDyJeLg/maxresdefault.jpg,1,,,,,212086,9426,,0,637
73,UCHyKqXsJU6qvQWlAFRfh4HA,B3A9Lii,5zntF7ADt2U,2025-06-13T21:28:20Z,"2025-06-13 21:28:20","مستر كبيدة وصل ل 81 بنت و الأمهات خايفين على ولادهم من الفصل ديال 507","🍯 مرحبا بكم فالموقع الخاص بمنتجات العسل الطبيعي ❤️ ✅ زوروا الموقع الرسمي: https://7or100.ma/ 📦 جودة عالية وتوصيل لجميع المدن المغربية 📞 للطلبات أو الاستفسار المباشر عبر واتساب: 📲 https://wa.me/212633206876 📩 للإعلانات والتعاونات: 📧 Email: bookb3a9li@gmail.com 🔗 تابعوني على إنستغرام: 📸 https://www.instagram.com/abdelouahed_benomar 💰 الدعم على بايبال (PayPal Support): ➡️ https://www.paypal.me/abdelouahedbenomar",,22,"People & Blogs",,PT15M21S,921,2d,hd,false,ar,ar,https://i.ytimg.com/vi/5zntF7ADt2U/maxresdefault.jpg,1,,,,,195087,10565,,0,322
74,UCHyKqXsJU6qvQWlAFRfh4HA,B3A9Lii,t_TjM21ERos,2025-06-12T20:22:26Z,"2025-06-12 20:22:26","القصة كاملة وراء إختفاء مروان المقدم في باخرة إسبانيا","🍯 مرحبا بكم فالموقع الخاص بمنتجات العسل الطبيعي ❤️ ✅ زوروا الموقع الرسمي: https://7or100.ma/ 📦 جودة عالية وتوصيل لجميع المدن المغربية 📞 للطلبات أو الاستفسار المباشر عبر واتساب: 📲 https://wa.me/212633206876 📩 للإعلانات والتعاونات: 📧 Email: bookb3a9li@gmail.com 🔗 تابعوني على إنستغرام: 📸 https://www.instagram.com/abdelouahed_benomar 💰 الدعم على بايبال (PayPal Support): ➡️ https://www.paypal.me/abdelouahedbenomar",,22,"People & Blogs",,PT13M36S,816,2d,hd,false,ar,ar,https://i.ytimg.com/vi/t_TjM21ERos/maxresdefault.jpg,1,,,,,187046,11929,,0,419
75,UCHyKqXsJU6qvQWlAFRfh4HA,B3A9Lii,hHQiHMaYzfI,2025-06-04T21:43:12Z,"2025-06-04 21:43:12","داو ليه لحوالة كاملين ... و ها شنو غيوقع ليك إلى دبحتي الحولي نهار العيد","🍯 مرحبا بكم فالموقع الخاص بمنتجات العسل الطبيعي ❤️ ✅ زوروا الموقع الرسمي: https://7or100.ma/ 📦 جودة عالية وتوصيل لجميع المدن المغربية 📞 للطلبات أو الاستفسار المباشر عبر واتساب: 📲 https://wa.me/212633206876 📩 للإعلانات والتعاونات: 📧 Email: bookb3a9li@gmail.com 🔗 تابعوني على إنستغرام: 📸 https://www.instagram.com/abdelouahed_benomar 💰 الدعم على بايبال (PayPal Support): ➡️ https://www.paypal.me/abdelouahedbenomar",,22,"People & Blogs",,PT13M7S,787,2d,hd,false,ar,ar,https://i.ytimg.com/vi/hHQiHMaYzfI/maxresdefault.jpg,1,,,,,172459,9926,,0,543
76,UCHyKqXsJU6qvQWlAFRfh4HA,B3A9Lii,4DV9ygJbBsc,2025-06-03T20:16:03Z,"2025-06-03 20:16:03","مشيت المزرعة السعيدة ديال الواليد","🍯 مرحبا بكم فالموقع الخاص بمنتجات العسل الطبيعي ❤️ ✅ زوروا الموقع الرسمي: https://7or100.ma/ 📦 جودة عالية وتوصيل لجميع المدن المغربية 📞 للطلبات أو الاستفسار المباشر عبر واتساب: 📲 https://wa.me/212633206876 📩 للإعلانات والتعاونات: 📧 Email: bookb3a9li@gmail.com 🔗 تابعوني على إنستغرام: 📸 https://www.instagram.com/abdelouahed_benomar 💰 الدعم على بايبال (PayPal Support): ➡️ https://www.paypal.me/abdelouahedbenomar",,22,"People & Blogs",Lifestyle_(sociology),PT14M26S,866,2d,hd,false,ar,ar,https://i.ytimg.com/vi/4DV9ygJbBsc/maxresdefault.jpg,1,,,,,104317,6092,,0,264
77,UCHyKqXsJU6qvQWlAFRfh4HA,B3A9Lii,tU5BMgcJ9HU,2025-05-28T21:21:47Z,"2025-05-28 21:21:47","بدر سلطان دار كنازة للكلب ديالو و أول رجل جزائري غيولد بنت من كرشو فتاريخ","🍯 مرحبا بكم فالموقع الخاص بمنتجات العسل الطبيعي ❤️ ✅ زوروا الموقع الرسمي: https://7or100.ma/ 📦 جودة عالية وتوصيل لجميع المدن المغربية 📞 للطلبات أو الاستفسار المباشر عبر واتساب: 📲 https://wa.me/212633206876 📩 للإعلانات والتعاونات: 📧 Email: bookb3a9li@gmail.com 🔗 تابعوني على إنستغرام: 📸 https://www.instagram.com/abdelouahed_benomar 💰 الدعم على بايبال (PayPal Support): ➡️ https://www.paypal.me/abdelouahedbenomar",,22,"People & Blogs",,PT14M16S,856,2d,hd,false,ar,ar,https://i.ytimg.com/vi/tU5BMgcJ9HU/maxresdefault.jpg,1,,,,,149741,8907,,0,450
78,UCHyKqXsJU6qvQWlAFRfh4HA,B3A9Lii,Sax2Bvm6CbQ,2025-05-27T20:40:48Z,"2025-05-27 20:40:48","الفرق بين نقطة ديالي 11 فالباك و بين نقطة ديال مرتي 17 فالباك","🍯 مرحبا بكم فالموقع الخاص بمنتجات العسل الطبيعي ❤️ ✅ زوروا الموقع الرسمي: https://7or100.ma/ 📦 جودة عالية وتوصيل لجميع المدن المغربية 📞 للطلبات أو الاستفسار المباشر عبر واتساب: 📲 https://wa.me/212633206876 📩 للإعلانات والتعاونات: 📧 Email: bookb3a9li@gmail.com 🔗 تابعوني على إنستغرام: 📸 https://www.instagram.com/abdelouahed_benomar 💰 الدعم على بايبال (PayPal Support): ➡️ https://www.paypal.me/abdelouahedbenomar",,22,"People & Blogs",Health,PT30M10S,1810,2d,hd,false,ar,ar,https://i.ytimg.com/vi/Sax2Bvm6CbQ/maxresdefault.jpg,1,,,,,288346,14770,,0,938
79,UCHyKqXsJU6qvQWlAFRfh4HA,B3A9Lii,2nrDMXEyu8w,2025-05-25T20:21:43Z,"2025-05-25 20:21:43","كوبل ديال ميني بلوك ماتوليهم 5 دراري 😢","🍯 مرحبا بكم فالموقع الخاص بمنتجات العسل الطبيعي ❤️ ✅ زوروا الموقع الرسمي: https://7or100.ma/ 📦 جودة عالية وتوصيل لجميع المدن المغربية 📞 للطلبات أو الاستفسار المباشر عبر واتساب: 📲 https://wa.me/212633206876 📩 للإعلانات والتعاونات: 📧 Email: bookb3a9li@gmail.com 🔗 تابعوني على إنستغرام: 📸 https://www.instagram.com/abdelouahed_benomar 💰 الدعم على بايبال (PayPal Support): ➡️ https://www.paypal.me/abdelouahedbenomar",,22,"People & Blogs",Lifestyle_(sociology),PT17M26S,1046,2d,hd,false,ar,ar,https://i.ytimg.com/vi/2nrDMXEyu8w/maxresdefault.jpg,1,,,,,198861,10299,,0,461
80,UCHyKqXsJU6qvQWlAFRfh4HA,B3A9Lii,haFQf6_t3LQ,2025-05-20T19:30:18Z,"2025-05-20 19:30:18","حقيقة القبر المتواجد بفاس لي مقدر يحيدو تا حد و علاقتو بالملك الراحل الحسن الثاني","🍯 مرحبا بكم فالموقع الخاص بمنتجات العسل الطبيعي ❤️ ✅ زوروا الموقع الرسمي: https://7or100.ma/ 📦 جودة عالية وتوصيل لجميع المدن المغربية 📞 للطلبات أو الاستفسار المباشر عبر واتساب: 📲 https://wa.me/212633206876 📩 للإعلانات والتعاونات: 📧 Email: bookb3a9li@gmail.com 🔗 تابعوني على إنستغرام: 📸 https://www.instagram.com/abdelouahed_benomar 💰 الدعم على بايبال (PayPal Support): ➡️ https://www.paypal.me/abdelouahedbenomar",,22,"People & Blogs",,PT9M58S,598,2d,hd,false,ar,ar,https://i.ytimg.com/vi/haFQf6_t3LQ/maxresdefault.jpg,1,,,,,196498,10837,,0,521
81,UCHyKqXsJU6qvQWlAFRfh4HA,B3A9Lii,aL2w1R9T4o8,2025-05-17T20:52:15Z,"2025-05-17 20:52:15","تحدي الذكاء مع زوجتي ... طلعنا بجوج مكلخين 😂","🍯 مرحبا بكم فالموقع الخاص بمنتجات العسل الطبيعي ❤️ ✅ زوروا الموقع الرسمي: https://7or100.ma/ 📦 جودة عالية وتوصيل لجميع المدن المغربية 📞 للطلبات أو الاستفسار المباشر عبر واتساب: 📲 https://wa.me/212633206876 📩 للإعلانات والتعاونات: 📧 Email: bookb3a9li@gmail.com 🔗 تابعوني على إنستغرام: 📸 https://www.instagram.com/abdelouahed_benomar 💰 الدعم على بايبال (PayPal Support): ➡️ https://www.paypal.me/abdelouahedbenomar",,22,"People & Blogs",,PT21M1S,1261,2d,hd,false,ar,ar,https://i.ytimg.com/vi/aL2w1R9T4o8/maxresdefault.jpg,1,,,,,252064,12071,,0,698
82,UCHyKqXsJU6qvQWlAFRfh4HA,B3A9Lii,GEPAiy1eKYc,2025-05-14T20:46:43Z,"2025-05-14 20:46:43","كلاب ضالة حيدو لدري صغير راسو و كوثر بامو كدافع على كلاب الشوارع","🍯 مرحبا بكم فالموقع الخاص بمنتجات العسل الطبيعي ❤️ ✅ زوروا الموقع الرسمي: https://7or100.ma/ 📦 جودة عالية وتوصيل لجميع المدن المغربية 📞 للطلبات أو الاستفسار المباشر عبر واتساب: 📲 https://wa.me/212633206876 📩 للإعلانات والتعاونات: 📧 Email: bookb3a9li@gmail.com 🔗 تابعوني على إنستغرام: 📸 https://www.instagram.com/abdelouahed_benomar 💰 الدعم على بايبال (PayPal Support): ➡️ https://www.paypal.me/abdelouahedbenomar",,22,"People & Blogs",,PT8M56S,536,2d,hd,false,ar,ar,https://i.ytimg.com/vi/GEPAiy1eKYc/maxresdefault.jpg,1,,,,,291175,15627,,0,1096
83,UCHyKqXsJU6qvQWlAFRfh4HA,B3A9Lii,VaH40y3hV98,2025-05-11T19:40:54Z,"2025-05-11 19:40:54","جربت جميع أنواع مشروبات الطاقة 🔥 و شربت كثر من لتر و نصف منها","🍯 مرحبا بكم فالموقع الخاص بمنتجات العسل الطبيعي ❤️ ✅ زوروا الموقع الرسمي: https://7or100.ma/ 📦 جودة عالية وتوصيل لجميع المدن المغربية 📞 للطلبات أو الاستفسار المباشر عبر واتساب: 📲 https://wa.me/212633206876 📩 للإعلانات والتعاونات: 📧 Email: bookb3a9li@gmail.com 🔗 تابعوني على إنستغرام: 📸 https://www.instagram.com/abdelouahed_benomar 💰 الدعم على بايبال (PayPal Support): ➡️ https://www.paypal.me/abdelouahedbenomar",,22,"People & Blogs","Food,Lifestyle_(sociology)",PT15M55S,955,2d,hd,false,ar,ar,https://i.ytimg.com/vi/VaH40y3hV98/maxresdefault.jpg,1,,,,,475625,17809,,0,783
84,UCHyKqXsJU6qvQWlAFRfh4HA,B3A9Lii,cupTM6RvTHA,2025-05-08T20:15:08Z,"2025-05-08 20:15:08","هاد القمارة هرب ليهم","🍯 مرحبا بكم فالموقع الخاص بمنتجات العسل الطبيعي ❤️ ✅ زوروا الموقع الرسمي: https://7or100.ma/ 📦 جودة عالية وتوصيل لجميع المدن المغربية 📞 للطلبات أو الاستفسار المباشر عبر واتساب: 📲 https://wa.me/212633206876 📩 للإعلانات والتعاونات: 📧 Email: bookb3a9li@gmail.com 🔗 تابعوني على إنستغرام: 📸 https://www.instagram.com/abdelouahed_benomar 💰 الدعم على بايبال (PayPal Support): ➡️ https://www.paypal.me/abdelouahedbenomar",,22,"People & Blogs",,PT13M35S,815,2d,hd,false,ar,ar,https://i.ytimg.com/vi/cupTM6RvTHA/maxresdefault.jpg,1,,,,,254693,14663,,0,619
85,UCHyKqXsJU6qvQWlAFRfh4HA,B3A9Lii,gShTP9amqyM,2025-05-03T20:56:06Z,"2025-05-03 20:56:06","طفل ياسين و حقيقة الإعت.داء عليه من طرف المدير لمدة عام ( قصة كاملة )","🍯 مرحبا بكم فالموقع الخاص بمنتجات العسل الطبيعي ❤️ ✅ زوروا الموقع الرسمي: https://7or100.ma/ 📦 جودة عالية وتوصيل لجميع المدن المغربية 📞 للطلبات أو الاستفسار المباشر عبر واتساب: 📲 https://wa.me/212633206876 📩 للإعلانات والتعاونات: 📧 Email: bookb3a9li@gmail.com 🔗 تابعوني على إنستغرام: 📸 https://www.instagram.com/abdelouahed_benomar 💰 الدعم على بايبال (PayPal Support): ➡️ https://www.paypal.me/abdelouahedbenomar",,22,"People & Blogs",,PT13M10S,790,2d,hd,false,ar,ar,https://i.ytimg.com/vi/gShTP9amqyM/maxresdefault.jpg,1,,,,,244631,13153,,0,507
86,UCHyKqXsJU6qvQWlAFRfh4HA,B3A9Lii,OTKMQqSbfDI,2025-04-29T20:10:00Z,"2025-04-29 20:10:00","أش واقع فالمغرب ؟ لقاو جمجمة ديال دري صغير ، و سفاح ديال بن حمد خسرو عليه كثر من 20 مليون","🍯 مرحبا بكم فالموقع الخاص بمنتجات العسل الطبيعي ❤️ ✅ زوروا الموقع الرسمي: https://7or100.ma/ 📦 جودة عالية وتوصيل لجميع المدن المغربية 📞 للطلبات أو الاستفسار المباشر عبر واتساب: 📲 https://wa.me/212633206876 📩 للإعلانات والتعاونات: 📧 Email: bookb3a9li@gmail.com 🔗 تابعوني على إنستغرام: 📸 https://www.instagram.com/abdelouahed_benomar 💰 الدعم على بايبال (PayPal Support): ➡️ https://www.paypal.me/abdelouahedbenomar",,22,"People & Blogs",,PT11M30S,690,2d,hd,false,ar,ar,https://i.ytimg.com/vi/OTKMQqSbfDI/maxresdefault.jpg,1,,,,,388681,19992,,0,645
87,UCHyKqXsJU6qvQWlAFRfh4HA,B3A9Lii,f0YYJGaqIHM,2025-04-27T14:25:37Z,"2025-04-27 14:25:37","أول مرة نلعب أنا و مرتي فري فاير | FREE FIRE ... الموت ديال ضحك 😂😂","🍯 مرحبا بكم فالموقع الخاص بمنتجات العسل الطبيعي ❤️ ✅ زوروا الموقع الرسمي: https://7or100.ma/ 📦 جودة عالية وتوصيل لجميع المدن المغربية 📞 للطلبات أو الاستفسار المباشر عبر واتساب: 📲 https://wa.me/212633206876 📩 للإعلانات والتعاونات: 📧 Email: bookb3a9li@gmail.com 🔗 تابعوني على إنستغرام: 📸 https://www.instagram.com/abdelouahed_benomar 💰 الدعم على بايبال (PayPal Support): ➡️ https://www.paypal.me/abdelouahedbenomar",,22,"People & Blogs","Action-adventure_game,Action_game,Role-playing_video_game,Video_game_culture",PT15M,900,2d,hd,false,ar,ar,https://i.ytimg.com/vi/f0YYJGaqIHM/maxresdefault.jpg,1,,,,,333443,23994,,0,1618
88,UCHyKqXsJU6qvQWlAFRfh4HA,B3A9Lii,fVB5iAYQiUE,2025-04-24T16:59:15Z,"2025-04-24 16:59:15","تفاصيل جديدة في قضية سفاح بن حمد ... ممكن عدد ضحاية يكون كثر من 5 أشخاص","🍯 مرحبا بكم فالموقع الخاص بمنتجات العسل الطبيعي ❤️ ✅ زوروا الموقع الرسمي: https://7or100.ma/ 📦 جودة عالية وتوصيل لجميع المدن المغربية 📞 للطلبات أو الاستفسار المباشر عبر واتساب: 📲 https://wa.me/212633206876 📩 للإعلانات والتعاونات: 📧 Email: bookb3a9li@gmail.com 🔗 تابعوني على إنستغرام: 📸 https://www.instagram.com/abdelouahed_benomar 💰 الدعم على بايبال (PayPal Support): ➡️ https://www.paypal.me/abdelouahedbenomar",,22,"People & Blogs",,PT11M27S,687,2d,hd,false,ar,ar,https://i.ytimg.com/vi/fVB5iAYQiUE/maxresdefault.jpg,1,,,,,649823,27100,,0,1333
89,UCHyKqXsJU6qvQWlAFRfh4HA,B3A9Lii,y_hAvG-51sc,2025-04-22T21:04:18Z,"2025-04-22 21:04:18","حقيقة الفاجعة لي وقعات ف ابن حمد","مرحبا بكم فالموقع الخاص بمنتجات العسل ❤️🍯 https://7or100.ma/ whatss : https://wa.me/212633206876 youtube 2: https://www.youtube.com/watch?v=HLOsAUgWJHI PYPL / https://www.paypal.me/abdelouahedbenomar PUB : benomarabdelouahed71@gmail.com INSTA / https://www.instagram.com/abdelouahed_benomar/",,22,"People & Blogs",Society,PT8M2S,482,2d,hd,false,ar,ar,https://i.ytimg.com/vi/y_hAvG-51sc/maxresdefault.jpg,1,,,,,588204,25303,,0,1125
90,UCHyKqXsJU6qvQWlAFRfh4HA,B3A9Lii,3sj32Y9tGyw,2025-04-20T18:40:44Z,"2025-04-20 18:40:44","واش بصح الكودات لي كيعطيو المؤثريين غتخدو بيهم منتجات فابور من TEMU","مرحبا بكم فالموقع الخاص بمنتجات العسل ❤️🍯 https://7or100.ma/ whatss : https://wa.me/212633206876 youtube 2: https://www.youtube.com/watch?v=HLOsAUgWJHI PYPL / https://www.paypal.me/abdelouahedbenomar PUB : benomarabdelouahed71@gmail.com INSTA / https://www.instagram.com/abdelouahed_benomar/",,22,"People & Blogs",,PT15M56S,956,2d,hd,false,ar,ar,https://i.ytimg.com/vi/3sj32Y9tGyw/maxresdefault.jpg,1,,,,,490234,22395,,0,776
91,UCHyKqXsJU6qvQWlAFRfh4HA,B3A9Lii,kWsFEzNa4u4,2025-04-16T21:12:01Z,"2025-04-16 21:12:01","نوفل غادي يدعم أدم بنشقرون و مستر كبيدة لقا حب جديد من الفيليبين","مرحبا بكم فالموقع الخاص بمنتجات العسل ❤️🍯 https://7or100.ma/ whatss : https://wa.me/212633206876 youtube 2: https://www.youtube.com/watch?v=HLOsAUgWJHI PYPL / https://www.paypal.me/abdelouahedbenomar PUB : benomarabdelouahed71@gmail.com INSTA / https://www.instagram.com/abdelouahed_benomar/",,22,"People & Blogs",,PT12M6S,726,2d,hd,false,ar,ar,https://i.ytimg.com/vi/kWsFEzNa4u4/maxresdefault.jpg,1,,,,,280349,14026,,0,455
92,UCHyKqXsJU6qvQWlAFRfh4HA,B3A9Lii,abfToL1INaE,2025-04-15T20:23:29Z,"2025-04-15 20:23:29","هذا هو سبب لي خلا تلميذ يق.تل الأستاذة ديالو و القادم أسوء","مرحبا بكم فالموقع الخاص بمنتجات العسل ❤️🍯 https://7or100.ma/ whatss : https://wa.me/212633206876 youtube 2: https://www.youtube.com/watch?v=HLOsAUgWJHI PYPL / https://www.paypal.me/abdelouahedbenomar PUB : benomarabdelouahed71@gmail.com INSTA / https://www.instagram.com/abdelouahed_benomar/",,22,"People & Blogs",,PT10M3S,603,2d,hd,false,ar,ar,https://i.ytimg.com/vi/abfToL1INaE/maxresdefault.jpg,1,,,,,420597,25214,,0,1732
93,UCHyKqXsJU6qvQWlAFRfh4HA,B3A9Lii,ZGxVZKTtp5w,2025-04-13T21:33:38Z,"2025-04-13 21:33:38","صحابي دارو ليا لحشيش بغاو يضحكو معاية و كانو غيخرجو عليا","مرحبا بكم فالموقع الخاص بمنتجات العسل ❤️🍯 https://7or100.ma/ whatss : https://wa.me/212633206876 youtube 2: https://www.youtube.com/watch?v=HLOsAUgWJHI PYPL / https://www.paypal.me/abdelouahedbenomar PUB : benomarabdelouahed71@gmail.com INSTA / https://www.instagram.com/abdelouahed_benomar/",,22,"People & Blogs",,PT15M53S,953,2d,hd,false,ar,ar,https://i.ytimg.com/vi/ZGxVZKTtp5w/maxresdefault.jpg,1,,,,,343485,18625,,0,374
94,UCHyKqXsJU6qvQWlAFRfh4HA,B3A9Lii,o0hrfzy_qEI,2025-04-11T21:26:51Z,"2025-04-11 21:26:51","المراكشية عطاوها شهراين و لي صرفقات القايد عطاوها عامين . واش بصح كاين العدل فالمغرب ؟","مرحبا بكم فالموقع الخاص بمنتجات العسل ❤️🍯 https://7or100.ma/ whatss : https://wa.me/212633206876 youtube 2: https://www.youtube.com/watch?v=HLOsAUgWJHI PYPL / https://www.paypal.me/abdelouahedbenomar PUB : benomarabdelouahed71@gmail.com INSTA / https://www.instagram.com/abdelouahed_benomar/",,22,"People & Blogs",Society,PT14M38S,878,2d,hd,false,ar,ar,https://i.ytimg.com/vi/o0hrfzy_qEI/maxresdefault.jpg,1,,,,,189899,9998,,0,687
95,UCHyKqXsJU6qvQWlAFRfh4HA,B3A9Lii,PjjBCAkY-5U,2025-03-28T20:45:00Z,"2025-03-28 20:45:00","لبنات جعرو و صايبو مجموعة فالفيسبوك سميتها "" خلي المصدي يزيد يصدي ""","مرحبا بكم فالموقع الخاص بمنتجات العسل ❤️🍯 https://7or100.ma/ whatss : https://wa.me/212633206876 youtube 2: https://www.youtube.com/watch?v=HLOsAUgWJHI PYPL / https://www.paypal.me/abdelouahedbenomar PUB : benomarabdelouahed71@gmail.com INSTA / https://www.instagram.com/abdelouahed_benomar/",,22,"People & Blogs",,PT10M40S,640,2d,hd,false,ar,ar,https://i.ytimg.com/vi/PjjBCAkY-5U/maxresdefault.jpg,1,,,,,175841,9978,,0,770
96,UCHyKqXsJU6qvQWlAFRfh4HA,B3A9Lii,iWDtHXhS944,2025-03-26T00:48:13Z,"2025-03-26 00:48:13","مسلسلات ديال رمضان خرجو على سيطرة","مرحبا بكم فالموقع الخاص بمنتجات العسل ❤️🍯 https://7or100.ma/ whatss : https://wa.me/212633206876 youtube 2: https://www.youtube.com/watch?v=HLOsAUgWJHI PYPL / https://www.paypal.me/abdelouahedbenomar PUB : benomarabdelouahed71@gmail.com INSTA / https://www.instagram.com/abdelouahed_benomar/",,22,"People & Blogs",,PT16M11S,971,2d,hd,false,ar,ar,https://i.ytimg.com/vi/iWDtHXhS944/maxresdefault.jpg,1,,,,,202337,11155,,0,356
97,UCHyKqXsJU6qvQWlAFRfh4HA,B3A9Lii,FpyxhEkZXcU,2025-03-21T23:19:17Z,"2025-03-21 23:19:17","أش وقع الإكرام دغ على قبل 5000 درهم","مرحبا بكم فالموقع الخاص بمنتجات العسل ❤️🍯 https://7or100.ma/ whatss : https://wa.me/212633206876 youtube 2: https://www.youtube.com/watch?v=HLOsAUgWJHI PYPL / https://www.paypal.me/abdelouahedbenomar PUB : benomarabdelouahed71@gmail.com INSTA / https://www.instagram.com/abdelouahed_benomar/",,22,"People & Blogs",,PT10M4S,604,2d,hd,false,ar,ar,https://i.ytimg.com/vi/FpyxhEkZXcU/maxresdefault.jpg,1,,,,,277828,13520,,0,442
98,UCHyKqXsJU6qvQWlAFRfh4HA,B3A9Lii,mMonUowOq3k,2025-03-20T20:51:18Z,"2025-03-20 20:51:18","حقيقة جائزة دانون ... واش بصح كاين لي كيربح ول كلشي كذوب ؟","مرحبا بكم فالموقع الخاص بمنتجات العسل ❤️🍯 https://7or100.ma/ whatss : https://wa.me/212633206876 youtube 2: https://www.youtube.com/watch?v=HLOsAUgWJHI PYPL / https://www.paypal.me/abdelouahedbenomar PUB : benomarabdelouahed71@gmail.com INSTA / https://www.instagram.com/abdelouahed_benomar/",,22,"People & Blogs",,PT11M25S,685,2d,hd,false,ar,ar,https://i.ytimg.com/vi/mMonUowOq3k/maxresdefault.jpg,1,,,,,193548,11038,,0,704
99,UCHyKqXsJU6qvQWlAFRfh4HA,B3A9Lii,ZUcHuzq3h9I,2025-03-18T21:58:21Z,"2025-03-18 21:58:21","سيد الرجال تا هو طلق و طانجوية خرجات على سيطرة","مرحبا بكم فالموقع الخاص بمنتجات العسل ❤️🍯 https://7or100.ma/ whatss : https://wa.me/212633206876 youtube 2: https://www.youtube.com/watch?v=HLOsAUgWJHI PYPL / https://www.paypal.me/abdelouahedbenomar PUB : benomarabdelouahed71@gmail.com INSTA / https://www.instagram.com/abdelouahed_benomar/",,22,"People & Blogs",,PT16M10S,970,2d,hd,false,ar,ar,https://i.ytimg.com/vi/ZUcHuzq3h9I/maxresdefault.jpg,1,,,,,185542,9496,,0,447
100,UCHyKqXsJU6qvQWlAFRfh4HA,B3A9Lii,ktV2nXzD4QE,2025-03-15T21:50:42Z,"2025-03-15 21:50:42","أغرب السرقات لي وقعات فالمغرب","مرحبا بكم فالموقع الخاص بمنتجات العسل ❤️🍯 https://7or100.ma/ whatss : https://wa.me/212633206876 youtube 2: https://www.youtube.com/watch?v=HLOsAUgWJHI PYPL / https://www.paypal.me/abdelouahedbenomar PUB : benomarabdelouahed71@gmail.com INSTA / https://www.instagram.com/abdelouahed_benomar/",,22,"People & Blogs",,PT11M44S,704,2d,hd,false,ar,ar,https://i.ytimg.com/vi/ktV2nXzD4QE/maxresdefault.jpg,1,,,,,312157,13369,,0,243
101,UCHyKqXsJU6qvQWlAFRfh4HA,B3A9Lii,WH6uYhNRHg4,2025-03-13T16:52:43Z,"2025-03-13 16:52:43","رحلة البحث عن حرف الياء في جائزة دانون","مرحبا بكم فالموقع الخاص بمنتجات العسل ❤️🍯 https://7or100.ma/ whatss : https://wa.me/212633206876 youtube 2: https://www.youtube.com/watch?v=HLOsAUgWJHI PYPL / https://www.paypal.me/abdelouahedbenomar PUB : benomarabdelouahed71@gmail.com INSTA / https://www.instagram.com/abdelouahed_benomar/",,22,"People & Blogs",Lifestyle_(sociology),PT14M48S,888,2d,hd,false,ar,ar,https://i.ytimg.com/vi/WH6uYhNRHg4/maxresdefault.jpg,1,,,,,1083763,31091,,0,1617
102,UCHyKqXsJU6qvQWlAFRfh4HA,B3A9Lii,5IzfctnfP8c,2025-03-11T20:45:01Z,"2025-03-11 20:45:01","مستر كبيدة رونها مع طاليقتو بسباب دراري لي كانو معاها فدار هههه","مرحبا بكم فالموقع الخاص بمنتجات العسل ❤️🍯 https://7or100.ma/ whatss : https://wa.me/212633206876 youtube 2: https://www.youtube.com/watch?v=HLOsAUgWJHI PYPL / https://www.paypal.me/abdelouahedbenomar PUB : benomarabdelouahed71@gmail.com INSTA / https://www.instagram.com/abdelouahed_benomar/",,22,"People & Blogs",,PT21M9S,1269,2d,hd,false,ar,ar,https://i.ytimg.com/vi/5IzfctnfP8c/maxresdefault.jpg,1,,,,,281496,13753,,0,430
103,UCHyKqXsJU6qvQWlAFRfh4HA,B3A9Lii,H0zPhn0LGzY,2025-02-28T20:04:27Z,"2025-02-28 20:04:27","شنو واقع للمؤثرين ديال المغرب؟ كولشي كيطلق و كينوضو روينااا","مرحبا بكم فالموقع الخاص بمنتجات العسل ❤️🍯 https://7or100.ma/ whatss : https://wa.me/212633206876 youtube 2: https://www.youtube.com/watch?v=HLOsAUgWJHI PYPL / https://www.paypal.me/abdelouahedbenomar PUB : benomarabdelouahed71@gmail.com INSTA / https://www.instagram.com/abdelouahed_benomar/",,22,"People & Blogs",,PT18M7S,1087,2d,hd,false,ar,ar,https://i.ytimg.com/vi/H0zPhn0LGzY/maxresdefault.jpg,1,,,,,242543,12525,,0,318
104,UCHyKqXsJU6qvQWlAFRfh4HA,B3A9Lii,-UOFvXE3KDY,2025-02-27T19:22:38Z,"2025-02-27 19:22:38","بسباب المراكشي مول سرديل ديال 5 درهم لمغاربة فاقو على المقاطعة","مرحبا بكم فالموقع الخاص بمنتجات العسل ❤️🍯 https://7or100.ma/ whatss : https://wa.me/212633206876 youtube 2: https://www.youtube.com/watch?v=HLOsAUgWJHI PYPL / https://www.paypal.me/abdelouahedbenomar PUB : benomarabdelouahed71@gmail.com INSTA / https://www.instagram.com/abdelouahed_benomar/",,22,"People & Blogs",,PT18M12S,1092,2d,hd,false,ar,ar,https://i.ytimg.com/vi/-UOFvXE3KDY/maxresdefault.jpg,1,,,,,215838,13497,,0,404
105,UCHyKqXsJU6qvQWlAFRfh4HA,B3A9Lii,t_DSOoQBPxs,2025-02-24T19:51:03Z,"2025-02-24 19:51:03","أول مرة نصاوب الحلوة ديال باتيسري ميلفاي و كرواسو ...","مرحبا بكم فالموقع الخاص بمنتجات العسل ❤️🍯 https://7or100.ma/ whatss : https://wa.me/212633206876 youtube 2: https://www.youtube.com/watch?v=HLOsAUgWJHI PYPL / https://www.paypal.me/abdelouahedbenomar PUB : benomarabdelouahed71@gmail.com INSTA / https://www.instagram.com/abdelouahed_benomar/",,22,"People & Blogs","Food,Lifestyle_(sociology)",PT22M,1320,2d,hd,false,ar,ar,https://i.ytimg.com/vi/t_DSOoQBPxs/maxresdefault.jpg,1,,,,,310576,14231,,0,761
106,UCHyKqXsJU6qvQWlAFRfh4HA,B3A9Lii,kZohAH7gyUM,2025-02-19T19:31:31Z,"2025-02-19 19:31:31","نهار غرق صاحبي الله يرحمو و ما.تو ربعة ديال صحابي خرين","مرحبا بكم فالموقع الخاص بمنتجات العسل ❤️🍯 https://7or100.ma/ whatss : https://wa.me/212633206876 youtube 2: https://www.youtube.com/watch?v=HLOsAUgWJHI PYPL / https://www.paypal.me/abdelouahedbenomar PUB : benomarabdelouahed71@gmail.com INSTA / https://www.instagram.com/abdelouahed_benomar/",,22,"People & Blogs",,PT21M46S,1306,2d,hd,false,ar,ar,https://i.ytimg.com/vi/kZohAH7gyUM/maxresdefault.jpg,1,,,,,230480,18210,,0,846
107,UCHyKqXsJU6qvQWlAFRfh4HA,B3A9Lii,4YmTWPhOz7w,2025-02-13T20:37:33Z,"2025-02-13 20:37:33","كملنا عام على زواجنا مشينا الإفران و لقينا لكرا ب 1300 درهم ليلة","مرحبا بكم فالموقع الخاص بمنتجات العسل ❤️🍯 https://7or100.ma/ whatss : https://wa.me/212633206876 youtube 2: https://www.youtube.com/watch?v=HLOsAUgWJHI PYPL / https://www.paypal.me/abdelouahedbenomar PUB : benomarabdelouahed71@gmail.com INSTA / https://www.instagram.com/abdelouahed_benomar/",,22,"People & Blogs",Lifestyle_(sociology),PT18M16S,1096,2d,hd,false,ar,ar,https://i.ytimg.com/vi/4YmTWPhOz7w/maxresdefault.jpg,1,,,,,211093,14738,,0,779
108,UCHyKqXsJU6qvQWlAFRfh4HA,B3A9Lii,fac-8kM8FQk,2025-02-08T23:01:47Z,"2025-02-08 23:01:47","والله تا أخر مرة ندوي هههه","مرحبا بكم فالموقع الخاص بمنتجات العسل ❤️🍯 https://7or100.ma/ whatss : https://wa.me/212633206876 youtube 2: https://www.youtube.com/watch?v=HLOsAUgWJHI PYPL / https://www.paypal.me/abdelouahedbenomar PUB : benomarabdelouahed71@gmail.com INSTA / https://www.instagram.com/abdelouahed_benomar/",,22,"People & Blogs",,PT26M49S,1609,2d,hd,false,ar,ar,https://i.ytimg.com/vi/fac-8kM8FQk/maxresdefault.jpg,1,,,,,370088,37567,,0,3640
109,UCHyKqXsJU6qvQWlAFRfh4HA,B3A9Lii,7Tpndwg82LQ,2025-02-08T21:13:24Z,"2025-02-08 21:13:24","مستر كبيدة ول كيهدد ف طليقتو عن بعد","مرحبا بكم فالموقع الخاص بمنتجات العسل ❤️🍯 https://7or100.ma/ whatss : https://wa.me/212633206876 youtube 2: https://www.youtube.com/watch?v=HLOsAUgWJHI PYPL / https://www.paypal.me/abdelouahedbenomar PUB : benomarabdelouahed71@gmail.com INSTA / https://www.instagram.com/abdelouahed_benomar/",,22,"People & Blogs",,PT14M14S,854,2d,hd,false,ar,ar,https://i.ytimg.com/vi/7Tpndwg82LQ/maxresdefault.jpg,1,,,,,271468,17675,,0,1061
110,UCHyKqXsJU6qvQWlAFRfh4HA,B3A9Lii,vik2uxFVaDY,2025-02-06T18:58:41Z,"2025-02-06 18:58:41","كون راجل و مرحبا بك فالمغرب","مرحبا بكم فالموقع الخاص بمنتجات العسل ❤️🍯 https://7or100.ma/ whatss : https://wa.me/212633206876 youtube 2: https://www.youtube.com/watch?v=HLOsAUgWJHI PYPL / https://www.paypal.me/abdelouahedbenomar PUB : benomarabdelouahed71@gmail.com INSTA / https://www.instagram.com/abdelouahed_benomar/",,22,"People & Blogs",,PT33M26S,2006,2d,hd,false,ar,ar,https://i.ytimg.com/vi/vik2uxFVaDY/maxresdefault.jpg,1,,,,,662541,51458,,0,3881
111,UCHyKqXsJU6qvQWlAFRfh4HA,B3A9Lii,kRz4cYbusKk,2025-01-29T19:04:31Z,"2025-01-29 19:04:31","كون غي مدويتوش كان غيكون أحسن","مرحبا بكم فالموقع الخاص بمنتجات العسل ❤️🍯 https://7or100.ma/ whatss : https://wa.me/212633206876 youtube 2: https://www.youtube.com/watch?v=HLOsAUgWJHI PYPL / https://www.paypal.me/abdelouahedbenomar PUB : benomarabdelouahed71@gmail.com INSTA / https://www.instagram.com/abdelouahed_benomar/",,22,"People & Blogs",,PT32M50S,1970,2d,hd,false,ar,ar,https://i.ytimg.com/vi/kRz4cYbusKk/maxresdefault.jpg,1,,,,,725008,59797,,0,5790
112,UCHyKqXsJU6qvQWlAFRfh4HA,B3A9Lii,zpPT_L896t4,2025-01-26T20:05:56Z,"2025-01-26 20:05:56","تا أنا غندير إشهار لقمر نجمع لفلوس و نتوب ساهلة","مرحبا بكم فالموقع الخاص بمنتجات العسل ❤️🍯 https://7or100.ma/ whatss : https://wa.me/212633206876 youtube 2: https://www.youtube.com/watch?v=HLOsAUgWJHI PYPL / https://www.paypal.me/abdelouahedbenomar PUB : benomarabdelouahed71@gmail.com INSTA / https://www.instagram.com/abdelouahed_benomar/",,22,"People & Blogs",,PT15M34S,934,2d,hd,false,ar,ar,https://i.ytimg.com/vi/zpPT_L896t4/maxresdefault.jpg,1,,,,,227197,20132,,0,1348
113,UCHyKqXsJU6qvQWlAFRfh4HA,B3A9Lii,Yf6hvp9JWKI,2025-01-23T19:02:05Z,"2025-01-23 19:02:05","تحدي تخمين الصور مع زوجتي ... طلعت مكللللخ","مرحبا بكم فالموقع الخاص بمنتجات العسل ❤️🍯 https://7or100.ma/ whatss : https://wa.me/212633206876 youtube 2: https://www.youtube.com/watch?v=HLOsAUgWJHI PYPL / https://www.paypal.me/abdelouahedbenomar PUB : benomarabdelouahed71@gmail.com INSTA / https://www.instagram.com/abdelouahed_benomar/",,22,"People & Blogs",Lifestyle_(sociology),PT26M52S,1612,2d,hd,false,ar,ar,https://i.ytimg.com/vi/Yf6hvp9JWKI/maxresdefault.jpg,1,,,,,377481,16981,,0,592
114,UCHyKqXsJU6qvQWlAFRfh4HA,B3A9Lii,2aAeWbqSzBg,2025-01-21T19:57:16Z,"2025-01-21 19:57:16","هادو صف طلقو و خرجو بداو يبكيو علينا و مستر كبيدة خرج ليها نيشان هاد المرة ههه","مرحبا بكم فالموقع الخاص بمنتجات العسل ❤️🍯 https://7or100.ma/ whatss : https://wa.me/212633206876 youtube 2: https://www.youtube.com/watch?v=HLOsAUgWJHI PYPL / https://www.paypal.me/abdelouahedbenomar PUB : benomarabdelouahed71@gmail.com INSTA / https://www.instagram.com/abdelouahed_benomar/",,22,"People & Blogs",,PT13M34S,814,2d,hd,false,ar,ar,https://i.ytimg.com/vi/2aAeWbqSzBg/maxresdefault.jpg,1,,,,,346052,16436,,0,533
115,UCHyKqXsJU6qvQWlAFRfh4HA,B3A9Lii,GTw5jb-1cjo,2025-01-19T13:15:02Z,"2025-01-19 13:15:02","أول مرة نشري من TEMU ... طابليط ب 400 درهم ؟","مرحبا بكم فالموقع الخاص بمنتجات العسل ❤️🍯 https://7or100.ma/ whatss : https://wa.me/212633206876 youtube 2: https://www.youtube.com/watch?v=HLOsAUgWJHI PYPL / https://www.paypal.me/abdelouahedbenomar PUB : benomarabdelouahed71@gmail.com INSTA / https://www.instagram.com/abdelouahed_benomar/",,22,"People & Blogs",Lifestyle_(sociology),PT17M4S,1024,2d,hd,false,ar,ar,https://i.ytimg.com/vi/GTw5jb-1cjo/maxresdefault.jpg,1,,,,,549581,20072,,0,869
116,UCHyKqXsJU6qvQWlAFRfh4HA,B3A9Lii,6N0g9bP7-tY,2025-01-17T20:16:21Z,"2025-01-17 20:16:21","واش بصح صاري كول مريضة بالمرض الخايب ...","مرحبا بكم فالموقع الخاص بمنتجات العسل ❤️🍯 https://7or100.ma/ whatss : https://wa.me/212633206876 youtube 2: https://www.youtube.com/watch?v=HLOsAUgWJHI PYPL / https://www.paypal.me/abdelouahedbenomar PUB : benomarabdelouahed71@gmail.com INSTA / https://www.instagram.com/abdelouahed_benomar/",,22,"People & Blogs",,PT17M3S,1023,2d,hd,false,ar,ar,https://i.ytimg.com/vi/6N0g9bP7-tY/maxresdefault.jpg,1,,,,,303569,18307,,0,511
117,UCHyKqXsJU6qvQWlAFRfh4HA,B3A9Lii,hz0MSoJ4MF4,2025-01-15T19:05:20Z,"2025-01-15 19:05:20","لبنات هجمو عليا فالكمونطيرات بدون سبب","مرحبا بكم فالموقع الخاص بمنتجات العسل ❤️🍯 https://7or100.ma/ whatss : https://wa.me/212633206876 youtube 2: https://www.youtube.com/watch?v=HLOsAUgWJHI PYPL / https://www.paypal.me/abdelouahedbenomar PUB : benomarabdelouahed71@gmail.com INSTA / https://www.instagram.com/abdelouahed_benomar/",,22,"People & Blogs",,PT19M33S,1173,2d,hd,false,ar,ar,https://i.ytimg.com/vi/hz0MSoJ4MF4/maxresdefault.jpg,1,,,,,158227,12424,,0,2121
118,UCHyKqXsJU6qvQWlAFRfh4HA,B3A9Lii,sgIuGxIMjas,2025-01-14T18:58:55Z,"2025-01-14 18:58:55","وصلني صندوق عامر بسقاطة و تحديات ...","مرحبا بكم فالموقع الخاص بمنتجات العسل ❤️🍯 https://7or100.ma/ whatss : https://wa.me/212633206876 youtube 2: https://www.youtube.com/watch?v=HLOsAUgWJHI PYPL / https://www.paypal.me/abdelouahedbenomar PUB : benomarabdelouahed71@gmail.com INSTA / https://www.instagram.com/abdelouahed_benomar/",,22,"People & Blogs","Food,Lifestyle_(sociology)",PT16M18S,978,2d,hd,false,ar,ar,https://i.ytimg.com/vi/sgIuGxIMjas/maxresdefault.jpg,1,,,,,281322,20390,,0,719
119,UCHyKqXsJU6qvQWlAFRfh4HA,B3A9Lii,JSRQF5GfeKc,2025-01-08T19:22:26Z,"2025-01-08 19:22:26","صوفيا طالوني ترجل و فاروق خرج عليه يوتيوب و لبنات حضيو راسكم ماتبقاوش تلوحو أولويز","مرحبا بكم فالموقع الخاص بمنتجات العسل ❤️🍯 https://7or100.ma/ whatss : https://wa.me/212633206876 youtube 2: https://www.youtube.com/watch?v=HLOsAUgWJHI PYPL / https://www.paypal.me/abdelouahedbenomar PUB : benomarabdelouahed71@gmail.com INSTA / https://www.instagram.com/abdelouahed_benomar/",,22,"People & Blogs",,PT11M29S,689,2d,hd,false,ar,ar,https://i.ytimg.com/vi/JSRQF5GfeKc/maxresdefault.jpg,1,,,,,259350,15556,,0,1424
120,UCHyKqXsJU6qvQWlAFRfh4HA,B3A9Lii,7z2nE-tiFsY,2024-12-26T19:43:39Z,"2024-12-26 19:43:39","مستر كبيدة مابقاش كيحشم و المدونة خرجات و غتخرج على المتزوجين","مرحبا بكم فالموقع الخاص بمنتجات العسل ❤️🍯 https://7or100.ma/ whatss : https://wa.me/212633206876 youtube 2: https://www.youtube.com/watch?v=HLOsAUgWJHI PYPL / https://www.paypal.me/abdelouahedbenomar PUB : benomarabdelouahed71@gmail.com INSTA / https://www.instagram.com/abdelouahed_benomar/",,22,"People & Blogs",,PT17M26S,1046,2d,hd,false,ar,ar,https://i.ytimg.com/vi/7z2nE-tiFsY/maxresdefault.jpg,1,,,,,260294,15051,,0,839
121,UCHyKqXsJU6qvQWlAFRfh4HA,B3A9Lii,7NuxascYMic,2024-12-25T18:49:42Z,"2024-12-25 18:49:42","جابوهم باش يناقشو الموضوع ديال العذرية","مرحبا بكم فالموقع الخاص بمنتجات العسل ❤️🍯 https://7or100.ma/ whatss : https://wa.me/212633206876 youtube 2: https://www.youtube.com/watch?v=HLOsAUgWJHI PYPL / https://www.paypal.me/abdelouahedbenomar PUB : benomarabdelouahed71@gmail.com INSTA / https://www.instagram.com/abdelouahed_benomar/",,22,"People & Blogs",Society,PT17M14S,1034,2d,hd,false,ar,ar,https://i.ytimg.com/vi/7NuxascYMic/maxresdefault.jpg,1,,,,,215060,13067,,0,563
122,UCHyKqXsJU6qvQWlAFRfh4HA,B3A9Lii,akcUcozl59A,2024-12-24T19:22:36Z,"2024-12-24 19:22:36","تجربة المطاعم : أول مرة نجيبو هاد الكم ديال سوندويشات","مرحبا بكم فالموقع الخاص بمنتجات العسل ❤️🍯 https://7or100.ma/ whatss : https://wa.me/212633206876 youtube 2: https://www.youtube.com/watch?v=HLOsAUgWJHI PYPL / https://www.paypal.me/abdelouahedbenomar PUB : benomarabdelouahed71@gmail.com INSTA / https://www.instagram.com/abdelouahed_benomar/",,22,"People & Blogs","Food,Lifestyle_(sociology)",PT14M59S,899,2d,hd,false,ar,ar,https://i.ytimg.com/vi/akcUcozl59A/maxresdefault.jpg,1,,,,,418617,20506,,0,534
123,UCHyKqXsJU6qvQWlAFRfh4HA,B3A9Lii,I9yRcZejGUg,2024-12-21T18:30:18Z,"2024-12-21 18:30:18","جات عندي و قالت ليا نصبتي على ولدي ...","مرحبا بكم فالموقع الخاص بمنتجات العسل ❤️🍯 https://7or100.ma/ whatss : https://wa.me/212633206876 youtube 2: https://www.youtube.com/watch?v=HLOsAUgWJHI PYPL / https://www.paypal.me/abdelouahedbenomar PUB : benomarabdelouahed71@gmail.com INSTA / https://www.instagram.com/abdelouahed_benomar/",,22,"People & Blogs",,PT15M33S,933,2d,hd,false,ar,ar,https://i.ytimg.com/vi/I9yRcZejGUg/maxresdefault.jpg,1,,,,,315843,22480,,0,682
124,UCHyKqXsJU6qvQWlAFRfh4HA,B3A9Lii,Nkhr9692Avw,2024-12-20T18:16:35Z,"2024-12-20 18:16:35","مستر كبيدة كيضحكو عليه فزنقة ... مابلانش","مرحبا بكم فالموقع الخاص بمنتجات العسل ❤️🍯 https://7or100.ma/ whatss : https://wa.me/212633206876 youtube 2: https://www.youtube.com/watch?v=HLOsAUgWJHI PYPL / https://www.paypal.me/abdelouahedbenomar PUB : benomarabdelouahed71@gmail.com INSTA / https://www.instagram.com/abdelouahed_benomar/",,22,"People & Blogs",,PT14M37S,877,2d,hd,false,ar,ar,https://i.ytimg.com/vi/Nkhr9692Avw/maxresdefault.jpg,1,,,,,285538,18242,,0,684
125,UCHyKqXsJU6qvQWlAFRfh4HA,B3A9Lii,pEMWkZovOFE,2024-12-17T19:27:45Z,"2024-12-17 19:27:45","دخلت شفت ريلات لي كتصيفط ليا مرتي فالأنستاغرام ... المووووت ديال ضحك","مرحبا بكم فالموقع الخاص بمنتجات العسل ❤️🍯 https://7or100.ma/ whatss : https://wa.me/212633206876 youtube 2: https://www.youtube.com/watch?v=HLOsAUgWJHI PYPL / https://www.paypal.me/abdelouahedbenomar PUB : benomarabdelouahed71@gmail.com INSTA / https://www.instagram.com/abdelouahed_benomar/",,22,"People & Blogs",,PT17M37S,1057,2d,hd,false,ar,ar,https://i.ytimg.com/vi/pEMWkZovOFE/maxresdefault.jpg,1,,,,,397262,24172,,0,773
126,UCHyKqXsJU6qvQWlAFRfh4HA,B3A9Lii,UKFBS4fBoHg,2024-12-16T18:38:23Z,"2024-12-16 18:38:23","جربت أحرر حار 🌶 كاين فالمغرب","مرحبا بكم فالموقع الخاص بمنتجات العسل ❤️🍯 https://7or100.ma/ whatss : https://wa.me/212633206876 youtube 2: https://www.youtube.com/watch?v=HLOsAUgWJHI PYPL / https://www.paypal.me/abdelouahedbenomar PUB : benomarabdelouahed71@gmail.com INSTA / https://www.instagram.com/abdelouahed_benomar/",,22,"People & Blogs","Food,Lifestyle_(sociology)",PT16M46S,1006,2d,hd,false,ar,ar,https://i.ytimg.com/vi/UKFBS4fBoHg/maxresdefault.jpg,1,,,,,327707,19785,,0,637
127,UCHyKqXsJU6qvQWlAFRfh4HA,B3A9Lii,jlAWQzt921A,2024-12-13T18:00:29Z,"2024-12-13 18:00:29","لبنات ولاو كيحتافلو بالطلاق و مستر كبيدة طلع ليه تيستوستيرون و جاب 3 البنات لدار دقة وحدة هههه","مرحبا بكم فالموقع الخاص بمنتجات العسل ❤️🍯 https://7or100.ma/ whatss : https://wa.me/212633206876 youtube 2: https://www.youtube.com/watch?v=HLOsAUgWJHI PYPL / https://www.paypal.me/abdelouahedbenomar PUB : benomarabdelouahed71@gmail.com INSTA / https://www.instagram.com/abdelouahed_benomar/",,22,"People & Blogs",,PT20M21S,1221,2d,hd,false,ar,ar,https://i.ytimg.com/vi/jlAWQzt921A/maxresdefault.jpg,1,,,,,364639,21015,,0,568
128,UCHyKqXsJU6qvQWlAFRfh4HA,B3A9Lii,2DDiRXBtnEY,2024-12-12T20:25:59Z,"2024-12-12 20:25:59","ديكلارات بيا ...","مرحبا بكم فالموقع الخاص بمنتجات العسل ❤️🍯 https://7or100.ma/ whatss : https://wa.me/212633206876 youtube 2: https://www.youtube.com/watch?v=HLOsAUgWJHI PYPL / https://www.paypal.me/abdelouahedbenomar PUB : benomarabdelouahed71@gmail.com INSTA / https://www.instagram.com/abdelouahed_benomar/",,22,"People & Blogs",,PT27M22S,1642,2d,hd,false,ar,ar,https://i.ytimg.com/vi/2DDiRXBtnEY/maxresdefault.jpg,1,,,,,604852,39526,,0,2444
129,UCHyKqXsJU6qvQWlAFRfh4HA,B3A9Lii,WIiOiZKA2Gs,2024-12-10T18:56:27Z,"2024-12-10 18:56:27","أجي ناقشو موضوع تحر.ش مع هاد لبنات ...","مرحبا بكم فالموقع الخاص بمنتجات العسل ❤️🍯 https://7or100.ma/ whatss : https://wa.me/212633206876 youtube 2: https://www.youtube.com/watch?v=HLOsAUgWJHI PYPL / https://www.paypal.me/abdelouahedbenomar PUB : benomarabdelouahed71@gmail.com INSTA / https://www.instagram.com/abdelouahed_benomar/",,22,"People & Blogs",,PT24M22S,1462,2d,hd,false,ar,ar,https://i.ytimg.com/vi/WIiOiZKA2Gs/maxresdefault.jpg,1,,,,,204828,11378,,0,757
130,UCHyKqXsJU6qvQWlAFRfh4HA,B3A9Lii,eOnC5nhB_GY,2024-12-07T16:59:26Z,"2024-12-07 16:59:26","شلح و شلحة خرجو أغنية خارجة على سيطرة و سيدة ماعجبهاش الحال حيت باست المغني 🤦‍♂️","مرحبا بكم فالموقع الخاص بمنتجات العسل ❤️🍯 https://7or100.ma/ whatss : https://wa.me/212633206876 youtube 2: https://www.youtube.com/watch?v=HLOsAUgWJHI PYPL / https://www.paypal.me/abdelouahedbenomar PUB : benomarabdelouahed71@gmail.com INSTA / https://www.instagram.com/abdelouahed_benomar/",,22,"People & Blogs",,PT15M32S,932,2d,hd,false,ar,ar,https://i.ytimg.com/vi/eOnC5nhB_GY/maxresdefault.jpg,1,,,,,195038,10694,,0,698
131,UCHyKqXsJU6qvQWlAFRfh4HA,B3A9Lii,c9o8slENFXM,2024-12-06T17:51:32Z,"2024-12-06 17:51:32","جربت جوج ديال المطاعم ف دقة وحدة ... واش كانو مزيانين ول غي زواق فالإشهارات","مرحبا بكم فالصفحة ديالنا المختصة فالعسل الحر page face : https://www.facebook.com/profile.php?id=61560439144693&mibextid=ZbWKwL page insta : https://www.instagram.com/7or.100?igsh=MThjMG5nY2UwMjg1eA== whatss : https://wa.me/212633206876 youtube 2: https://www.youtube.com/watch?v=HLOsAUgWJHI PYPL / https://www.paypal.me/abdelouahedbenomar PUB : benomarabdelouahed71@gmail.com INSTA / https://www.instagram.com/abdelouahed_benomar/",,22,"People & Blogs","Food,Lifestyle_(sociology)",PT20M55S,1255,2d,hd,false,ar,ar,https://i.ytimg.com/vi/c9o8slENFXM/maxresdefault.jpg,1,,,,,718318,29648,,0,935
132,UCHyKqXsJU6qvQWlAFRfh4HA,B3A9Lii,NaZ8mqi0e3s,2024-12-02T18:27:44Z,"2024-12-02 18:27:44","جزء ثاني من مسلسل مستر كبيدة و لفيعة و تدخل مايا راقصة ههه","مرحبا بكم فالصفحة ديالنا المختصة فالعسل الحر page face : https://www.facebook.com/profile.php?id=61560439144693&mibextid=ZbWKwL page insta : https://www.instagram.com/7or.100?igsh=MThjMG5nY2UwMjg1eA== whatss : https://wa.me/212633206876 youtube 2: https://www.youtube.com/watch?v=HLOsAUgWJHI PYPL / https://www.paypal.me/abdelouahedbenomar PUB : benomarabdelouahed71@gmail.com INSTA / https://www.instagram.com/abdelouahed_benomar/",,22,"People & Blogs",Entertainment,PT21M21S,1281,2d,hd,false,ar,ar,https://i.ytimg.com/vi/NaZ8mqi0e3s/maxresdefault.jpg,1,,,,,390203,18180,,0,879
133,UCHyKqXsJU6qvQWlAFRfh4HA,B3A9Lii,tgzGrmmUs_k,2024-11-30T19:43:03Z,"2024-11-30 19:43:03","مستر كبيدة🦞 VS رجاء لفيعة 🐍","مرحبا بكم فالصفحة ديالنا المختصة فالعسل الحر page face : https://www.facebook.com/profile.php?id=61560439144693&mibextid=ZbWKwL page insta : https://www.instagram.com/7or.100?igsh=MThjMG5nY2UwMjg1eA== whatss : https://wa.me/212633206876 youtube 2: https://www.youtube.com/watch?v=HLOsAUgWJHI PYPL / https://www.paypal.me/abdelouahedbenomar PUB : benomarabdelouahed71@gmail.com INSTA / https://www.instagram.com/abdelouahed_benomar/",,22,"People & Blogs",,PT23M58S,1438,2d,hd,false,ar,ar,https://i.ytimg.com/vi/tgzGrmmUs_k/maxresdefault.jpg,1,,,,,651355,34152,,0,1312
134,UCHyKqXsJU6qvQWlAFRfh4HA,B3A9Lii,3SdYRGoS6DA,2024-11-29T19:23:35Z,"2024-11-29 19:23:35","جربت الماكلة ديال صحاب الإشهارات ... واش داكشي لي كيقولو بصح ؟","مرحبا بكم فالصفحة ديالنا المختصة فالعسل الحر page face : https://www.facebook.com/profile.php?id=61560439144693&mibextid=ZbWKwL page insta : https://www.instagram.com/7or.100?igsh=MThjMG5nY2UwMjg1eA== whatss : https://wa.me/212633206876 youtube 2: https://www.youtube.com/watch?v=HLOsAUgWJHI PYPL / https://www.paypal.me/abdelouahedbenomar PUB : benomarabdelouahed71@gmail.com INSTA / https://www.instagram.com/abdelouahed_benomar/",,22,"People & Blogs","Food,Lifestyle_(sociology)",PT14M8S,848,2d,hd,false,ar,ar,https://i.ytimg.com/vi/3SdYRGoS6DA/maxresdefault.jpg,1,,,,,491642,25506,,0,637
135,UCHyKqXsJU6qvQWlAFRfh4HA,B3A9Lii,TlRnK9j2InM,2024-11-28T18:00:27Z,"2024-11-28 18:00:27","أخنز برنامج ممكن تشوفو فحياتك ""قصمة و نصيب""","مرحبا بكم فالصفحة ديالنا المختصة فالعسل الحر page face : https://www.facebook.com/profile.php?id=61560439144693&mibextid=ZbWKwL page insta : https://www.instagram.com/7or.100?igsh=MThjMG5nY2UwMjg1eA== whatss : https://wa.me/212633206876 youtube 2: https://www.youtube.com/watch?v=HLOsAUgWJHI PYPL / https://www.paypal.me/abdelouahedbenomar PUB : benomarabdelouahed71@gmail.com INSTA / https://www.instagram.com/abdelouahed_benomar/",,22,"People & Blogs",,PT12M42S,762,2d,hd,false,ar,ar,https://i.ytimg.com/vi/TlRnK9j2InM/maxresdefault.jpg,1,,,,,217596,18741,,0,334
136,UCHyKqXsJU6qvQWlAFRfh4HA,B3A9Lii,eK1JLTzro3g,2024-11-23T14:01:05Z,"2024-11-23 14:01:05","جربت أغلى المشروبات فالمغرب و معاهم حتا شراب ...","مرحبا بكم فالصفحة ديالنا المختصة فالعسل الحر page face : https://www.facebook.com/profile.php?id=61560439144693&mibextid=ZbWKwL page insta : https://www.instagram.com/7or.100?igsh=MThjMG5nY2UwMjg1eA== whatss : https://wa.me/212633206876 youtube 2: https://www.youtube.com/watch?v=HLOsAUgWJHI PYPL / https://www.paypal.me/abdelouahedbenomar PUB : benomarabdelouahed71@gmail.com INSTA / https://www.instagram.com/abdelouahed_benomar/",,22,"People & Blogs","Food,Lifestyle_(sociology)",PT17M34S,1054,2d,hd,false,ar,ar,https://i.ytimg.com/vi/eK1JLTzro3g/maxresdefault.jpg,1,,,,,549275,23232,,0,628
137,UCHyKqXsJU6qvQWlAFRfh4HA,B3A9Lii,72XHZgss-5w,2024-11-22T19:13:21Z,"2024-11-22 19:13:21","ولد شينوية غيضرب 10 سنين ديال الحبس إلى تبتات عليه تهمة","مرحبا بكم فالصفحة ديالنا المختصة فالعسل الحر page face : https://www.facebook.com/profile.php?id=61560439144693&mibextid=ZbWKwL page insta : https://www.instagram.com/7or.100?igsh=MThjMG5nY2UwMjg1eA== whatss : https://wa.me/212633206876 youtube 2: https://www.youtube.com/watch?v=HLOsAUgWJHI PYPL / https://www.paypal.me/abdelouahedbenomar PUB : benomarabdelouahed71@gmail.com INSTA / https://www.instagram.com/abdelouahed_benomar/",,22,"People & Blogs",,PT16M36S,996,2d,hd,false,ar,ar,https://i.ytimg.com/vi/72XHZgss-5w/maxresdefault.jpg,1,,,,,238379,11813,,0,450
138,UCHyKqXsJU6qvQWlAFRfh4HA,B3A9Lii,oiN9L-mZdF0,2024-11-21T19:03:22Z,"2024-11-21 19:03:22","ناس ديال الفيسبوك هرب ليهم ... ( باردي لكتاف vs سخان لكتاف )","مرحبا بكم فالصفحة ديالنا المختصة فالعسل الحر page face : https://www.facebook.com/profile.php?id=61560439144693&mibextid=ZbWKwL page insta : https://www.instagram.com/7or.100?igsh=MThjMG5nY2UwMjg1eA== whatss : https://wa.me/212633206876 youtube 2: https://www.youtube.com/watch?v=HLOsAUgWJHI PYPL / https://www.paypal.me/abdelouahedbenomar PUB : benomarabdelouahed71@gmail.com INSTA / https://www.instagram.com/abdelouahed_benomar/",,22,"People & Blogs",,PT13M3S,783,2d,hd,false,ar,ar,https://i.ytimg.com/vi/oiN9L-mZdF0/maxresdefault.jpg,1,,,,,279341,28392,,0,511
139,UCHyKqXsJU6qvQWlAFRfh4HA,B3A9Lii,YV6dazDkns8,2024-11-18T18:28:52Z,"2024-11-18 18:28:52","رضى ولد شينوية حصلوه كيدير التجارة في الب.شر ...للمغاربة ب 1500 درهم و لسواعدة ب 3000 درهم","مرحبا بكم هذا رابط فيه كاع داكشي ديال العسل و مشتقاته الخاص بنا مرحبا whatss : https://wa.me/212633206876 whatss : https://wa.me/212633206876 youtube 2: https://www.youtube.com/watch?v=HLOsAUgWJHI PYPL / https://www.paypal.me/abdelouahedbenomar PUB : benomarabdelouahed71@gmail.com INSTA / https://www.instagram.com/abdelouahed_benomar/",,22,"People & Blogs",,PT12M35S,755,2d,hd,false,ar,ar,https://i.ytimg.com/vi/YV6dazDkns8/maxresdefault.jpg,1,,,,,284774,14749,,0,405
140,UCHyKqXsJU6qvQWlAFRfh4HA,B3A9Lii,DGwWHW4qmgQ,2024-11-15T20:45:55Z,"2024-11-15 20:45:55","متابع نصب عليا مع الجوندارم و كان غيصيفطني الحبس","مرحبا بكم فالصفحة ديالنا المختصة فالعسل الحر page face : https://www.facebook.com/profile.php?id=61560439144693&mibextid=ZbWKwL page insta : https://www.instagram.com/7or.100?igsh=MThjMG5nY2UwMjg1eA== whatss : https://wa.me/212633206876 youtube 2: https://www.youtube.com/watch?v=HLOsAUgWJHI PYPL / https://www.paypal.me/abdelouahedbenomar PUB : benomarabdelouahed71@gmail.com INSTA / https://www.instagram.com/abdelouahed_benomar/",,22,"People & Blogs",,PT16M6S,966,2d,hd,false,ar,ar,https://i.ytimg.com/vi/DGwWHW4qmgQ/maxresdefault.jpg,1,,,,,233468,14973,,0,405
141,UCHyKqXsJU6qvQWlAFRfh4HA,B3A9Lii,LWzDDpBtUUE,2024-11-13T19:13:29Z,"2024-11-13 19:13:29","REACTION #1 : واش فخباركم مابقيناش جوج أجناس ولينا كثر من 32 جنس","مرحبا بكم فالصفحة ديالنا المختصة فالعسل الحر page face : https://www.facebook.com/profile.php?id=61560439144693&mibextid=ZbWKwL page insta : https://www.instagram.com/7or.100?igsh=MThjMG5nY2UwMjg1eA== whatss : https://wa.me/212633206876 youtube 2: https://www.youtube.com/watch?v=HLOsAUgWJHI PYPL / https://www.paypal.me/abdelouahedbenomar PUB : benomarabdelouahed71@gmail.com INSTA / https://www.instagram.com/abdelouahed_benomar/",,22,"People & Blogs",,PT10M56S,656,2d,hd,false,ar,ar,https://i.ytimg.com/vi/LWzDDpBtUUE/maxresdefault.jpg,1,,,,,217293,13223,,0,442
142,UCHyKqXsJU6qvQWlAFRfh4HA,B3A9Lii,RIw8iq8Ur7k,2024-11-04T20:13:09Z,"2024-11-04 20:13:09","طلبت زواج من chatgpt و سولتو على ناس لي كيشدو صالير ديال 2000 درهم","مرحبا بكم فالصفحة ديالنا المختصة فالعسل الحر page face : https://www.facebook.com/profile.php?id=61560439144693&mibextid=ZbWKwL page insta : https://www.instagram.com/7or.100?igsh=MThjMG5nY2UwMjg1eA== whatss : https://wa.me/212633206876 youtube 2: https://www.youtube.com/watch?v=HLOsAUgWJHI PYPL / https://www.paypal.me/abdelouahedbenomar PUB : benomarabdelouahed71@gmail.com INSTA / https://www.instagram.com/abdelouahed_benomar/",,22,"People & Blogs",,PT16M41S,1001,2d,hd,false,ar,ar,https://i.ytimg.com/vi/RIw8iq8Ur7k/maxresdefault.jpg,1,,,,,198570,14100,,0,510
143,UCHyKqXsJU6qvQWlAFRfh4HA,B3A9Lii,NeewqAX57v4,2024-10-28T18:00:14Z,"2024-10-28 18:00:14","إلياس المالكي شدوه البوليس ولكن ماغيمشيش لحبس","مرحبا بكم فالصفحة ديالنا المختصة فالعسل الحر page face : https://www.facebook.com/profile.php?id=61560439144693&mibextid=ZbWKwL page insta : https://www.instagram.com/7or.100?igsh=MThjMG5nY2UwMjg1eA== whatss : https://wa.me/212633206876 youtube 2: https://www.youtube.com/watch?v=HLOsAUgWJHI PYPL / https://www.paypal.me/abdelouahedbenomar PUB : benomarabdelouahed71@gmail.com INSTA / https://www.instagram.com/abdelouahed_benomar/",,22,"People & Blogs",,PT16M19S,979,2d,hd,false,ar,ar,https://i.ytimg.com/vi/NeewqAX57v4/maxresdefault.jpg,1,,,,,272547,17884,,0,724
144,UCHyKqXsJU6qvQWlAFRfh4HA,B3A9Lii,a5K91Dg4tZY,2024-10-19T21:18:56Z,"2024-10-19 21:18:56","كنخدم 16 ساعة فنهار","مرحبا بكم فالصفحة ديالنا المختصة فالعسل الحر page face : https://www.facebook.com/profile.php?id=61560439144693&mibextid=ZbWKwL page insta : https://www.instagram.com/7or.100?igsh=MThjMG5nY2UwMjg1eA== whatss : https://wa.me/212633206876 youtube 2: https://www.youtube.com/watch?v=HLOsAUgWJHI PYPL / https://www.paypal.me/abdelouahedbenomar PUB : benomarabdelouahed71@gmail.com INSTA / https://www.instagram.com/abdelouahed_benomar/",,22,"People & Blogs",,PT21M46S,1306,2d,hd,false,ar,ar,https://i.ytimg.com/vi/a5K91Dg4tZY/maxresdefault.jpg,1,,,,,318842,17092,,0,922
145,UCHyKqXsJU6qvQWlAFRfh4HA,B3A9Lii,KbShsGGiIEI,2024-10-14T19:40:03Z,"2024-10-14 19:40:03","جربت عصير جديد جاي من أسيا","Whatsapp +212 6 66 04 73 25 https://www.instagram.com/glosky_official https://linktr.ee/Glosky مرحبا بكم فالصفحة ديالنا المختصة فالعسل الحر page face : https://www.facebook.com/profile.php?id=61560439144693&mibextid=ZbWKwL page insta : https://www.instagram.com/7or.100?igsh=MThjMG5nY2UwMjg1eA== whatss : https://wa.me/212633206876 youtube 2: https://www.youtube.com/watch?v=HLOsAUgWJHI PYPL / https://www.paypal.me/abdelouahedbenomar PUB : benomarabdelouahed71@gmail.com INSTA / https://www.instagram.com/abdelouahed_benomar/",,22,"People & Blogs","Food,Lifestyle_(sociology)",PT16M13S,973,2d,hd,false,ar,ar,https://i.ytimg.com/vi/KbShsGGiIEI/maxresdefault.jpg,1,,,,,208648,10893,,0,297
146,UCHyKqXsJU6qvQWlAFRfh4HA,B3A9Lii,g7FmPj9CD7g,2024-10-09T18:57:51Z,"2024-10-09 18:57:51","ضاربت مع لفقيه / STORY TiME","مرحبا بكم فالصفحة ديالنا المختصة فالعسل الحر page face : https://www.facebook.com/profile.php?id=61560439144693&mibextid=ZbWKwL page insta : https://www.instagram.com/7or.100?igsh=MThjMG5nY2UwMjg1eA== whatss : https://wa.me/212633206876 youtube 2: https://www.youtube.com/watch?v=HLOsAUgWJHI PYPL / https://www.paypal.me/abdelouahedbenomar PUB : benomarabdelouahed71@gmail.com INSTA / https://www.instagram.com/abdelouahed_benomar/",,22,"People & Blogs",,PT17M41S,1061,2d,hd,false,ar,ar,https://i.ytimg.com/vi/g7FmPj9CD7g/maxresdefault.jpg,1,,,,,432190,21136,,0,605
147,UCHyKqXsJU6qvQWlAFRfh4HA,B3A9Lii,C9FVIzQw4Ao,2024-09-29T17:32:00Z,"2024-09-29 17:32:00","واخا طلقو ولكن باقي كيبغيو بعضياتهم ❤️","مرحبا بكم فالصفحة ديالنا المختصة فالعسل الحر page face : https://www.facebook.com/profile.php?id=61560439144693&mibextid=ZbWKwL page insta : https://www.instagram.com/7or.100?igsh=MThjMG5nY2UwMjg1eA== whatss : https://wa.me/212633206876 youtube 2: https://www.youtube.com/watch?v=HLOsAUgWJHI PYPL / https://www.paypal.me/abdelouahedbenomar PUB : benomarabdelouahed71@gmail.com INSTA / https://www.instagram.com/abdelouahed_benomar/",,22,"People & Blogs",,PT15M32S,932,2d,hd,false,ar,ar,https://i.ytimg.com/vi/C9FVIzQw4Ao/maxresdefault.jpg,1,,,,,258352,17654,,0,331
148,UCHyKqXsJU6qvQWlAFRfh4HA,B3A9Lii,tGhBtBMl7sQ,2024-09-24T20:18:09Z,"2024-09-24 20:18:09","درية فطنجة عراوها كامل ... تا من بنت صغيرة حيدات ليها حوايجها !!!!!","مرحبا بكم فالصفحة ديالنا المختصة فالعسل الحر page face : https://www.facebook.com/profile.php?id=61560439144693&mibextid=ZbWKwL page insta : https://www.instagram.com/7or.100?igsh=MThjMG5nY2UwMjg1eA== whatss : https://wa.me/212633206876 youtube 2: https://www.youtube.com/watch?v=HLOsAUgWJHI PYPL / https://www.paypal.me/abdelouahedbenomar PUB : benomarabdelouahed71@gmail.com INSTA / https://www.instagram.com/abdelouahed_benomar/",,22,"People & Blogs",,PT17M55S,1075,2d,hd,false,ar,ar,https://i.ytimg.com/vi/tGhBtBMl7sQ/maxresdefault.jpg,1,,,,,466868,25949,,0,1462
149,UCHyKqXsJU6qvQWlAFRfh4HA,B3A9Lii,U1n_SV_5k6c,2024-09-22T12:45:02Z,"2024-09-22 12:45:02","قصة المغربية نعيمة جيلال ... من بائعة الخضر إلى أكبر تاجرة مخدرات في أوروبا","مرحبا بكم فالصفحة ديالنا المختصة فالعسل الحر page face : https://www.facebook.com/profile.php?id=61560439144693&mibextid=ZbWKwL page insta : https://www.instagram.com/7or.100?igsh=MThjMG5nY2UwMjg1eA== whatss : https://wa.me/212633206876 youtube 2: https://www.youtube.com/watch?v=HLOsAUgWJHI PYPL / https://www.paypal.me/abdelouahedbenomar PUB : benomarabdelouahed71@gmail.com INSTA / https://www.instagram.com/abdelouahed_benomar/",,22,"People & Blogs",Society,PT14M58S,898,2d,hd,false,ar,ar,https://i.ytimg.com/vi/U1n_SV_5k6c/maxresdefault.jpg,1,,,,,195986,14126,,0,547
150,UCHyKqXsJU6qvQWlAFRfh4HA,B3A9Lii,OK3Mg3skG58,2024-09-20T20:08:12Z,"2024-09-20 20:08:12","أنا ماقلتش ديك الهضرة ...","مرحبا بكم فالصفحة ديالنا المختصة فالعسل الحر page face : https://www.facebook.com/profile.php?id=61560439144693&mibextid=ZbWKwL page insta : https://www.instagram.com/7or.100?igsh=MThjMG5nY2UwMjg1eA== whatss : https://wa.me/212633206876 youtube 2: https://www.youtube.com/watch?v=HLOsAUgWJHI PYPL / https://www.paypal.me/abdelouahedbenomar PUB : benomarabdelouahed71@gmail.com INSTA / https://www.instagram.com/abdelouahed_benomar/",,22,"People & Blogs",,PT17M20S,1040,2d,hd,false,ar,ar,https://i.ytimg.com/vi/OK3Mg3skG58/maxresdefault.jpg,1,,,,,261996,20612,,0,702
151,UCHyKqXsJU6qvQWlAFRfh4HA,B3A9Lii,ZZQtRduuaBM,2024-09-19T19:22:06Z,"2024-09-19 19:22:06","موقف محرج وقع لك مع طبيب ... تعليقات ديال لبنات راه بزاااف ههه","مرحبا بكم فالصفحة ديالنا المختصة فالعسل الحر page face : https://www.facebook.com/profile.php?id=61560439144693&mibextid=ZbWKwL page insta : https://www.instagram.com/7or.100?igsh=MThjMG5nY2UwMjg1eA== whatss : https://wa.me/212633206876 youtube 2: https://www.youtube.com/watch?v=HLOsAUgWJHI PYPL / https://www.paypal.me/abdelouahedbenomar PUB : benomarabdelouahed71@gmail.com INSTA / https://www.instagram.com/abdelouahed_benomar/",,22,"People & Blogs",Health,PT13M14S,794,2d,hd,false,ar,ar,https://i.ytimg.com/vi/ZZQtRduuaBM/maxresdefault.jpg,1,,,,,278062,16188,,0,476
152,UCHyKqXsJU6qvQWlAFRfh4HA,B3A9Lii,22Bau0cvSoU,2024-09-01T17:55:45Z,"2024-09-01 17:55:45","دخول المدرسي بادي ب شكارة ساوية 854 درهم ... و الكفيل المغربي لي معدب لمغاربة ههه","HalaMe، تطبيق مواعدة يمكنك من خلاله الدردشة وجهًا لوجه مع الملايين من الأولاد والبنات العرب. إنه مجاني تمامًا، مع محادثات صوتية مثيرة وألعاب مثيرة للاهتمام. قم بتحميل وتجربة HalaMe الآن من خلال هذا الموقع: https://bit.ly/3Z3hHnI مرحبا بكم فالصفحة ديالنا المختصة فالعسل الحر page face : https://www.facebook.com/profile.php?id=61560439144693&mibextid=ZbWKwL page insta : https://www.instagram.com/7or.100?igsh=MThjMG5nY2UwMjg1eA== whatss : https://wa.me/212633206876 youtube 2: https://www.youtube.com/watch?v=HLOsAUgWJHI PYPL / https://www.paypal.me/abdelouahedbenomar PUB : benomarabdelouahed71@gmail.com INSTA / https://www.instagram.com/abdelouahed_benomar/",,22,"People & Blogs",,PT16M25S,985,2d,hd,false,ar,ar,https://i.ytimg.com/vi/22Bau0cvSoU/maxresdefault.jpg,1,,,,,247793,15502,,0,677
153,UCHyKqXsJU6qvQWlAFRfh4HA,B3A9Lii,enJdLzbmgww,2024-08-26T20:55:45Z,"2024-08-26 20:55:45","جربت أكل شوارع : 2 بيتزات و 2 باستيشيو و 5 طاكوس ب 200 درهم ... واش زوين ؟","مرحبا بكم فالصفحة ديالنا المختصة فالعسل الحر page face : https://www.facebook.com/profile.php?id=61560439144693&mibextid=ZbWKwL page insta : https://www.instagram.com/7or.100?igsh=MThjMG5nY2UwMjg1eA== whatss : https://wa.me/212633206876 youtube 2: https://www.youtube.com/watch?v=HLOsAUgWJHI PYPL / https://www.paypal.me/abdelouahedbenomar PUB : benomarabdelouahed71@gmail.com INSTA / https://www.instagram.com/abdelouahed_benomar/",,22,"People & Blogs","Food,Lifestyle_(sociology)",PT10M20S,620,2d,hd,false,ar,ar,https://i.ytimg.com/vi/enJdLzbmgww/maxresdefault.jpg,1,,,,,775347,33658,,0,741
154,UCHyKqXsJU6qvQWlAFRfh4HA,B3A9Lii,Q_CjQF9u1vg,2024-08-23T20:23:59Z,"2024-08-23 20:23:59","كولشي سالا 💔","مرحبا بكم فالصفحة ديالنا المختصة فالعسل الحر page face : https://www.facebook.com/profile.php?id=61560439144693&mibextid=ZbWKwL page insta : https://www.instagram.com/7or.100?igsh=MThjMG5nY2UwMjg1eA== whatss : https://wa.me/212633206876 youtube 2: https://www.youtube.com/watch?v=HLOsAUgWJHI PYPL / https://www.paypal.me/abdelouahedbenomar PUB : benomarabdelouahed71@gmail.com INSTA / https://www.instagram.com/abdelouahed_benomar/",,22,"People & Blogs",Lifestyle_(sociology),PT14M30S,870,2d,hd,false,ar,ar,https://i.ytimg.com/vi/Q_CjQF9u1vg/maxresdefault.jpg,1,,,,,282102,17360,,0,746
155,UCHyKqXsJU6qvQWlAFRfh4HA,B3A9Lii,iHZI0fLzBxQ,2024-08-19T21:09:11Z,"2024-08-19 21:09:11","نصائح لناس لي باغيين يتزوجو ...","مرحبا بكم فالصفحة ديالنا المختصة فالعسل الحر page face : https://www.facebook.com/profile.php?id=61560439144693&mibextid=ZbWKwL page insta : https://www.instagram.com/7or.100?igsh=MThjMG5nY2UwMjg1eA== whatss : https://wa.me/212633206876 youtube 2: https://www.youtube.com/watch?v=HLOsAUgWJHI PYPL / https://www.paypal.me/abdelouahedbenomar PUB : benomarabdelouahed71@gmail.com INSTA / https://www.instagram.com/abdelouahed_benomar/",,22,"People & Blogs",Lifestyle_(sociology),PT14M50S,890,2d,hd,false,ar,ar,https://i.ytimg.com/vi/iHZI0fLzBxQ/maxresdefault.jpg,1,,,,,245198,18300,,0,752
156,UCHyKqXsJU6qvQWlAFRfh4HA,B3A9Lii,bOuB0RX8jwo,2024-08-17T21:00:17Z,"2024-08-17 21:00:17","محطة ولاد زيان ... روينة والبلبالة / المغرب زوين الجزء 3","مرحبا بكم فالصفحة ديالنا المختصة فالعسل الحر page face : https://www.facebook.com/profile.php?id=61560439144693&mibextid=ZbWKwL page insta : https://www.instagram.com/7or.100?igsh=MThjMG5nY2UwMjg1eA== whatss : https://wa.me/212633206876 youtube 2: https://www.youtube.com/watch?v=HLOsAUgWJHI PYPL / https://www.paypal.me/abdelouahedbenomar PUB : benomarabdelouahed71@gmail.com INSTA / https://www.instagram.com/abdelouahed_benomar/",,22,"People & Blogs",,PT16M17S,977,2d,hd,false,ar,ar,https://i.ytimg.com/vi/bOuB0RX8jwo/maxresdefault.jpg,1,,,,,279104,19266,,0,663
157,UCHyKqXsJU6qvQWlAFRfh4HA,B3A9Lii,tejlKvCSuFc,2024-08-14T19:52:46Z,"2024-08-14 19:52:46","زربات على فركوس","مرحبا بكم فالصفحة ديالنا المختصة فالعسل الحر page face : https://www.facebook.com/profile.php?id=61560439144693&mibextid=ZbWKwL page insta : https://www.instagram.com/7or.100?igsh=MThjMG5nY2UwMjg1eA== whatss : https://wa.me/212633206876 youtube 2: https://www.youtube.com/watch?v=HLOsAUgWJHI PYPL / https://www.paypal.me/abdelouahedbenomar PUB : benomarabdelouahed71@gmail.com INSTA / https://www.instagram.com/abdelouahed_benomar/",,22,"People & Blogs",,PT16M12S,972,2d,hd,false,ar,ar,https://i.ytimg.com/vi/tejlKvCSuFc/maxresdefault.jpg,1,,,,,240155,18565,,0,502
158,UCHyKqXsJU6qvQWlAFRfh4HA,B3A9Lii,uD9-YZORwwY,2024-08-11T20:00:16Z,"2024-08-11 20:00:16","طلعت الطنجة ندمت ... لكرة ب 1000 درهم و موناضا صغيرة ب 56 درهم","مرحبا بكم فالصفحة ديالنا المختصة فالعسل الحر page face : https://www.facebook.com/profile.php?id=61560439144693&mibextid=ZbWKwL page insta : https://www.instagram.com/7or.100?igsh=MThjMG5nY2UwMjg1eA== whatss : https://wa.me/212633206876 youtube 2: https://www.youtube.com/watch?v=HLOsAUgWJHI PYPL / https://www.paypal.me/abdelouahedbenomar PUB : benomarabdelouahed71@gmail.com INSTA / https://www.instagram.com/abdelouahed_benomar/",,22,"People & Blogs",,PT16M47S,1007,2d,hd,false,ar,ar,https://i.ytimg.com/vi/uD9-YZORwwY/maxresdefault.jpg,1,,,,,404827,23347,,0,1396
159,UCHyKqXsJU6qvQWlAFRfh4HA,B3A9Lii,B96oN5o-l7U,2024-07-31T20:29:07Z,"2024-07-31 20:29:07","جربت أنا و زوجة ديالي ألة كشف الكذب","مرحبا بكم فالصفحة ديالنا المختصة فالعسل الحر page face : https://www.facebook.com/profile.php?id=61560439144693&mibextid=ZbWKwL page insta : https://www.instagram.com/7or.100?igsh=MThjMG5nY2UwMjg1eA== whatss : https://wa.me/212633206876 youtube 2: https://www.youtube.com/watch?v=HLOsAUgWJHI PYPL / https://www.paypal.me/abdelouahedbenomar PUB : benomarabdelouahed71@gmail.com INSTA / https://www.instagram.com/abdelouahed_benomar/",,22,"People & Blogs",Lifestyle_(sociology),PT14M46S,886,2d,hd,false,ar,ar,https://i.ytimg.com/vi/B96oN5o-l7U/maxresdefault.jpg,1,,,,,732478,42709,,0,1122
160,UCHyKqXsJU6qvQWlAFRfh4HA,B3A9Lii,3l_PVmfJgG0,2024-07-29T20:37:17Z,"2024-07-29 20:37:17","هاد البطل دويت معاه بأدب و سيد بغا ياكلني","مرحبا بكم فالصفحة ديالنا المختصة فالعسل الحر page face : https://www.facebook.com/profile.php?id=61560439144693&mibextid=ZbWKwL page insta : https://www.instagram.com/7or.100?igsh=MThjMG5nY2UwMjg1eA== whatss : https://wa.me/212633206876 youtube 2: https://www.youtube.com/watch?v=HLOsAUgWJHI PYPL / https://www.paypal.me/abdelouahedbenomar PUB : benomarabdelouahed71@gmail.com INSTA / https://www.instagram.com/abdelouahed_benomar/",,22,"People & Blogs",Lifestyle_(sociology),PT12M11S,731,2d,hd,false,ar,ar,https://i.ytimg.com/vi/3l_PVmfJgG0/maxresdefault.jpg,1,,,,,213144,15765,,0,448
161,UCHyKqXsJU6qvQWlAFRfh4HA,B3A9Lii,7vHIK5QMLx0,2024-07-25T20:00:00Z,"2024-07-25 20:00:00","خاصك تشري تيكي ب 3000 درهم باش تولي مليونير ... لبنات شدتهم الهبلة","مرحبا بكم فالصفحة ديالنا المختصة فالعسل الحر page face : https://www.facebook.com/profile.php?id=61560439144693&mibextid=ZbWKwL page insta : https://www.instagram.com/7or.100?igsh=MThjMG5nY2UwMjg1eA== whatss : https://wa.me/212633206876 youtube 2: https://www.youtube.com/watch?v=HLOsAUgWJHI PYPL / https://www.paypal.me/abdelouahedbenomar PUB : benomarabdelouahed71@gmail.com INSTA / https://www.instagram.com/abdelouahed_benomar/",,22,"People & Blogs",,PT18M33S,1113,2d,hd,false,ar,ar,https://i.ytimg.com/vi/7vHIK5QMLx0/maxresdefault.jpg,1,,,,,476052,26493,,0,674
162,UCHyKqXsJU6qvQWlAFRfh4HA,B3A9Lii,YkrOJlV8bBo,2024-07-22T20:45:06Z,"2024-07-22 20:45:06","كفاش كيتعاملو الجدارمية مع لبنات إلى شدوهم فطريق ...","مرحبا بكم فالصفحة ديالنا المختصة فالعسل الحر page face : https://www.facebook.com/profile.php?id=61560439144693&mibextid=ZbWKwL page insta : https://www.instagram.com/7or.100?igsh=MThjMG5nY2UwMjg1eA== whatss : https://wa.me/212633206876 youtube 2: https://www.youtube.com/watch?v=HLOsAUgWJHI PYPL / https://www.paypal.me/abdelouahedbenomar PUB : benomarabdelouahed71@gmail.com INSTA / https://www.instagram.com/abdelouahed_benomar/",,22,"People & Blogs",,PT14M3S,843,2d,hd,false,ar,ar,https://i.ytimg.com/vi/YkrOJlV8bBo/maxresdefault.jpg,1,,,,,355309,23522,,0,638
163,UCHyKqXsJU6qvQWlAFRfh4HA,B3A9Lii,Z5_aF3kuTzE,2024-07-20T20:37:22Z,"2024-07-20 20:37:22","كلشي كان كيتسنا نوبا ديالو معاها ... صدق كلشي غادي لحبس","مرحبا بكم فالصفحة ديالنا المختصة فالعسل الحر page face : https://www.facebook.com/profile.php?id=61560439144693&mibextid=ZbWKwL page insta : https://www.instagram.com/7or.100?igsh=MThjMG5nY2UwMjg1eA== whatss : https://wa.me/212633206876 youtube 2: https://www.youtube.com/watch?v=HLOsAUgWJHI PYPL / https://www.paypal.me/abdelouahedbenomar PUB : benomarabdelouahed71@gmail.com INSTA / https://www.instagram.com/abdelouahed_benomar/",,22,"People & Blogs",Lifestyle_(sociology),PT12M44S,764,2d,hd,false,ar,ar,https://i.ytimg.com/vi/Z5_aF3kuTzE/maxresdefault.jpg,1,,,,,324849,24966,,0,554
164,UCHyKqXsJU6qvQWlAFRfh4HA,B3A9Lii,38zXjXR3R74,2024-07-18T19:49:09Z,"2024-07-18 19:49:09","عندها 11 عام و مصاحبة مع واحد عندو 20 عام ... والممثلة صفاء كتقلب على قلب لباها !!","مرحبا بكم فالصفحة ديالنا المختصة فالعسل الحر page face : https://www.facebook.com/profile.php?id=61560439144693&mibextid=ZbWKwL page insta : https://www.instagram.com/7or.100?igsh=MThjMG5nY2UwMjg1eA== whatss : https://wa.me/212633206876 youtube 2: https://www.youtube.com/watch?v=HLOsAUgWJHI PYPL / https://www.paypal.me/abdelouahedbenomar PUB : benomarabdelouahed71@gmail.com INSTA / https://www.instagram.com/abdelouahed_benomar/",,22,"People & Blogs",,PT15M35S,935,2d,hd,false,ar,ar,https://i.ytimg.com/vi/38zXjXR3R74/maxresdefault.jpg,1,,,,,339202,18141,,0,793
165,UCHyKqXsJU6qvQWlAFRfh4HA,B3A9Lii,feC3JsX0lKc,2024-07-16T19:57:16Z,"2024-07-16 19:57:16","دويت مع واحد سحار و طلب ليا مليون باش يخدم ليا ... حضيو راسكم فهاد لعواشر","مرحبا بكم فالصفحة ديالنا المختصة فالعسل الحر page face : https://www.facebook.com/profile.php?id=61560439144693&mibextid=ZbWKwL page insta : https://www.instagram.com/7or.100?igsh=MThjMG5nY2UwMjg1eA== whatss : https://wa.me/212633206876 youtube 2: https://www.youtube.com/watch?v=HLOsAUgWJHI PYPL / https://www.paypal.me/abdelouahedbenomar PUB : benomarabdelouahed71@gmail.com INSTA / https://www.instagram.com/abdelouahed_benomar/",,22,"People & Blogs",,PT14M21S,861,2d,hd,false,ar,ar,https://i.ytimg.com/vi/feC3JsX0lKc/maxresdefault.jpg,1,,,,,440906,21759,,0,900
166,UCHyKqXsJU6qvQWlAFRfh4HA,B3A9Lii,kMd81RVoqFs,2024-07-15T20:10:01Z,"2024-07-15 20:10:01","جربت الفانيد ديال سوبر مارشي ...","مرحبا بكم فالصفحة ديالنا المختصة فالعسل الحر page face : https://www.facebook.com/profile.php?id=61560439144693&mibextid=ZbWKwL page insta : https://www.instagram.com/7or.100?igsh=MThjMG5nY2UwMjg1eA== whatss : https://wa.me/212633206876 youtube 2: https://www.youtube.com/watch?v=HLOsAUgWJHI PYPL / https://www.paypal.me/abdelouahedbenomar PUB : benomarabdelouahed71@gmail.com INSTA / https://www.instagram.com/abdelouahed_benomar/",,22,"People & Blogs","Food,Lifestyle_(sociology)",PT12M38S,758,2d,hd,false,ar,ar,https://i.ytimg.com/vi/kMd81RVoqFs/maxresdefault.jpg,1,,,,,551543,35876,,0,857
167,UCHyKqXsJU6qvQWlAFRfh4HA,B3A9Lii,O-uhsZH4x3g,2024-07-12T19:44:29Z,"2024-07-12 19:44:29","شينوي ضبر على راسو","مرحبا بكم فالصفحة ديالنا المختصة فالعسل الحر page face : https://www.facebook.com/profile.php?id=61560439144693&mibextid=ZbWKwL page insta : https://www.instagram.com/7or.100?igsh=MThjMG5nY2UwMjg1eA== whatss : https://wa.me/212633206876 youtube 2: https://www.youtube.com/watch?v=HLOsAUgWJHI PYPL / https://www.paypal.me/abdelouahedbenomar PUB : benomarabdelouahed71@gmail.com INSTA / https://www.instagram.com/abdelouahed_benomar/",,22,"People & Blogs",,PT14M31S,871,2d,hd,false,ar,ar,https://i.ytimg.com/vi/O-uhsZH4x3g/maxresdefault.jpg,1,,,,,218810,16332,,0,1224
168,UCHyKqXsJU6qvQWlAFRfh4HA,B3A9Lii,rMZdwEon0xs,2024-07-11T20:30:04Z,"2024-07-11 20:30:04","من كثرة ما كتبغيه ولات كتشبه ليه","مرحبا بكم فالصفحة ديالنا المختصة فالعسل الحر page face : https://www.facebook.com/profile.php?id=61560439144693&mibextid=ZbWKwL page insta : https://www.instagram.com/7or.100?igsh=MThjMG5nY2UwMjg1eA== whatss : https://wa.me/212633206876 youtube 2: https://www.youtube.com/watch?v=HLOsAUgWJHI PYPL / https://www.paypal.me/abdelouahedbenomar PUB : benomarabdelouahed71@gmail.com INSTA / https://www.instagram.com/abdelouahed_benomar/",,22,"People & Blogs",,PT15M27S,927,2d,hd,false,ar,ar,https://i.ytimg.com/vi/rMZdwEon0xs/maxresdefault.jpg,1,,,,,202303,13162,,0,355
169,UCHyKqXsJU6qvQWlAFRfh4HA,B3A9Lii,ShbhElnkc7w,2024-07-07T20:03:31Z,"2024-07-07 20:03:31","لبنات مابغاوش يقصمو معاك صالير و بغاو يقصمو معاك شقة ديال دار هههه","مرحبا بكم فالصفحة ديالنا المختصة فالعسل الحر page face : https://www.facebook.com/profile.php?id=61560439144693&mibextid=ZbWKwL page insta : https://www.instagram.com/7or.100?igsh=MThjMG5nY2UwMjg1eA== whatss : https://wa.me/212633206876 youtube 2: https://www.youtube.com/watch?v=HLOsAUgWJHI PYPL / https://www.paypal.me/abdelouahedbenomar PUB : benomarabdelouahed71@gmail.com INSTA / https://www.instagram.com/abdelouahed_benomar/",,22,"People & Blogs",,PT14M6S,846,2d,hd,false,ar,ar,https://i.ytimg.com/vi/ShbhElnkc7w/maxresdefault.jpg,1,,,,,191813,14522,,0,1010
170,UCHyKqXsJU6qvQWlAFRfh4HA,B3A9Lii,8msp39ICIaA,2024-07-06T20:49:56Z,"2024-07-06 20:49:56","جربت أغلى أنواع الياغورت فالمغرب ... ميمكنش","مرحبا بكم فالصفحة ديالنا المختصة فالعسل الحر page face : https://www.facebook.com/profile.php?id=61560439144693&mibextid=ZbWKwL page insta : https://www.instagram.com/7or.100?igsh=MThjMG5nY2UwMjg1eA== whatss : https://wa.me/212633206876 youtube 2: https://www.youtube.com/watch?v=HLOsAUgWJHI PYPL / https://www.paypal.me/abdelouahedbenomar PUB : benomarabdelouahed71@gmail.com INSTA / https://www.instagram.com/abdelouahed_benomar/",,22,"People & Blogs","Food,Lifestyle_(sociology)",PT19M25S,1165,2d,hd,false,ar,ar,https://i.ytimg.com/vi/8msp39ICIaA/maxresdefault.jpg,1,,,,,751369,32299,,0,1427
171,UCHyKqXsJU6qvQWlAFRfh4HA,B3A9Lii,y95ezadiFw0,2024-07-04T15:52:10Z,"2024-07-04 15:52:10","حمدلله فتحت المتجر ديالي","مرحبا بكم فالصفحة ديالنا المختصة فالعسل الحر page face : https://www.facebook.com/profile.php?id=61560439144693&mibextid=ZbWKwL page insta : https://www.instagram.com/7or.100?igsh=MThjMG5nY2UwMjg1eA==== whatss : https://wa.me/212633206876 youtube 2: https://www.youtube.com/watch?v=HLOsAUgWJHI PYPL / https://www.paypal.me/abdelouahedbenomar PUB : benomarabdelouahed71@gmail.com INSTA / https://www.instagram.com/abdelouahed_benomar/",,22,"People & Blogs",Lifestyle_(sociology),PT9M27S,567,2d,hd,false,ar,ar,https://i.ytimg.com/vi/y95ezadiFw0/maxresdefault.jpg,1,,,,,160996,7947,,0,591
172,UCHyKqXsJU6qvQWlAFRfh4HA,B3A9Lii,7k6Guo0Cu3k,2024-07-03T19:39:50Z,"2024-07-03 19:39:50","تحدي تعرف إسم الدولة من الصورة ... مووووت ديال ضحك هههه","مرحبا بكم فالصفحة ديالنا المختصة فالعسل الحر page face : https://www.facebook.com/profile.php?id=61560439144693&mibextid=ZbWKwL page insta : https://www.instagram.com/ygold.1?igsh=MThjMG5nY2UwMjg1eA== whatss : https://wa.me/212633206876 youtube 2: https://www.youtube.com/watch?v=HLOsAUgWJHI PYPL / https://www.paypal.me/abdelouahedbenomar PUB : benomarabdelouahed71@gmail.com INSTA / https://www.instagram.com/abdelouahed_benomar/",,22,"People & Blogs",,PT17M1S,1021,2d,hd,false,ar,ar,https://i.ytimg.com/vi/7k6Guo0Cu3k/maxresdefault.jpg,1,,,,,544385,32794,,0,909
173,UCHyKqXsJU6qvQWlAFRfh4HA,B3A9Lii,9CV5o3Astk8,2024-06-23T13:09:54Z,"2024-06-23 13:09:54","متصورش شنو طرا ليهم ... تعدا عليهم 16 واحد","مرحبا بكم فالصفحة ديالنا المختصة فالعسل الحر page face : https://www.facebook.com/profile.php?id=61560439144693&mibextid=ZbWKwL page insta : https://www.instagram.com/ygold.1?igsh=MThjMG5nY2UwMjg1eA== whatss : https://wa.me/212633206876 youtube 2: https://www.youtube.com/watch?v=HLOsAUgWJHI PYPL / https://www.paypal.me/abdelouahedbenomar PUB : benomarabdelouahed71@gmail.com INSTA / https://www.instagram.com/abdelouahed_benomar/",,22,"People & Blogs",,PT13M52S,832,2d,hd,false,ar,ar,https://i.ytimg.com/vi/9CV5o3Astk8/maxresdefault.jpg,1,,,,,207119,15921,,0,558
174,UCHyKqXsJU6qvQWlAFRfh4HA,B3A9Lii,kTX1CMcQxFo,2024-06-19T13:11:02Z,"2024-06-19 13:11:02","لحوالة جعرو هاد العام ...","مرحبا بكم فالصفحة ديالنا المختصة فالعسل الحر page face : https://www.facebook.com/profile.php?id=61560439144693&mibextid=ZbWKwL page insta : https://www.instagram.com/ygold.1?igsh=MThjMG5nY2UwMjg1eA== whatss : https://wa.me/212633206876 youtube 2: https://www.youtube.com/watch?v=HLOsAUgWJHI PYPL / https://www.paypal.me/abdelouahedbenomar PUB : benomarabdelouahed71@gmail.com INSTA / https://www.instagram.com/abdelouahed_benomar/",,22,"People & Blogs",,PT14M44S,884,2d,hd,false,ar,ar,https://i.ytimg.com/vi/kTX1CMcQxFo/maxresdefault.jpg,1,,,,,323280,24277,,0,739
175,UCHyKqXsJU6qvQWlAFRfh4HA,B3A9Lii,nh1vlJ2rZlc,2024-06-13T12:21:29Z,"2024-06-13 12:21:29","والله تا حشومة","مرحبا بكم فالصفحة ديالنا المختصة فالعسل الحر page face : https://www.facebook.com/profile.php?id=61560439144693&mibextid=ZbWKwL page insta : https://www.instagram.com/ygold.1?igsh=MThjMG5nY2UwMjg1eA== whatss : https://wa.me/212633206876 youtube 2: https://www.youtube.com/watch?v=HLOsAUgWJHI PYPL / https://www.paypal.me/abdelouahedbenomar PUB : benomarabdelouahed71@gmail.com INSTA / https://www.instagram.com/abdelouahed_benomar/",,22,"People & Blogs",,PT13M8S,788,2d,hd,false,ar,ar,https://i.ytimg.com/vi/nh1vlJ2rZlc/maxresdefault.jpg,1,,,,,302233,21390,,0,659
176,UCHyKqXsJU6qvQWlAFRfh4HA,B3A9Lii,EDjGfM-rUjw,2024-06-12T18:55:49Z,"2024-06-12 18:55:49","لقاء الجبابرة ... أحسن جوج ديال ناس كيعرفو لمعاطية","مرحبا بكم فالصفحة ديالنا المختصة فالعسل الحر page face : https://www.facebook.com/profile.php?id=61560439144693&mibextid=ZbWKwL page insta : https://www.instagram.com/ygold.1?igsh=MThjMG5nY2UwMjg1eA== whatss : https://wa.me/212633206876 youtube 2: https://www.youtube.com/watch?v=HLOsAUgWJHI PYPL / https://www.paypal.me/abdelouahedbenomar PUB : benomarabdelouahed71@gmail.com INSTA / https://www.instagram.com/abdelouahed_benomar/",,22,"People & Blogs",,PT13M29S,809,2d,hd,false,ar,ar,https://i.ytimg.com/vi/EDjGfM-rUjw/maxresdefault.jpg,1,,,,,402896,28711,,0,611
177,UCHyKqXsJU6qvQWlAFRfh4HA,B3A9Lii,K7A83oSFueE,2024-06-08T18:50:04Z,"2024-06-08 18:50:04","أول مرة فحياتي غناخد الميدالية الذهبية 🏅","مرحبا بكم فالصفحة ديالنا المختصة فالعسل الحر https://www.facebook.com/profile.php?id=61560439144693&mibextid=ZbWKwL https://www.instagram.com/ygold.1?igsh=MThjMG5nY2UwMjg1eA== youtube 2: https://www.youtube.com/watch?v=HLOsAUgWJHI PYPL / https://www.paypal.me/abdelouahedbenomar PUB : benomarabdelouahed71@gmail.com INSTA / https://www.instagram.com/abdelouahed_benomar/",,22,"People & Blogs",Lifestyle_(sociology),PT12M7S,727,2d,hd,false,ar,ar,https://i.ytimg.com/vi/K7A83oSFueE/maxresdefault.jpg,1,,,,,153069,11087,,0,279
178,UCHyKqXsJU6qvQWlAFRfh4HA,B3A9Lii,rbjusYYvV_0,2024-06-06T18:36:31Z,"2024-06-06 18:36:31","حضيو من المخبزات ... كيبيعو الخبز معمر بسراق زيت","youtube 2: https://www.youtube.com/watch?v=HLOsAUgWJHI PYPL / https://www.paypal.me/abdelouahedbenomar PUB : benomarabdelouahed71@gmail.com INSTA / https://www.instagram.com/abdelouahed_benomar/",,22,"People & Blogs",,PT11M44S,704,2d,hd,false,ar,ar,,1,,,,,211714,15070,,0,476
179,UCHyKqXsJU6qvQWlAFRfh4HA,B3A9Lii,sHxweDMhFis,2024-06-01T18:41:30Z,"2024-06-01 18:41:30","الأزواج ديال تيك توك مضاربين بيناتهم","youtube 2: https://www.youtube.com/watch?v=HLOsAUgWJHI PYPL / https://www.paypal.me/abdelouahedbenomar PUB : benomarabdelouahed71@gmail.com INSTA / https://www.instagram.com/abdelouahed_benomar/",,22,"People & Blogs",,PT12M47S,767,2d,hd,false,ar,ar,https://i.ytimg.com/vi/sHxweDMhFis/maxresdefault.jpg,1,,,,,325209,24565,,0,545
180,UCHyKqXsJU6qvQWlAFRfh4HA,B3A9Lii,F_E2qIjyCCA,2024-05-31T19:17:31Z,"2024-05-31 19:17:31","عادي راها غي خالتو","youtube 2: https://www.youtube.com/watch?v=HLOsAUgWJHI PYPL / https://www.paypal.me/abdelouahedbenomar PUB : benomarabdelouahed71@gmail.com INSTA / https://www.instagram.com/abdelouahed_benomar/",,22,"People & Blogs",,PT12M27S,747,2d,hd,false,ar,ar,https://i.ytimg.com/vi/F_E2qIjyCCA/maxresdefault.jpg,1,,,,,673136,51655,,0,1157
181,UCHyKqXsJU6qvQWlAFRfh4HA,B3A9Lii,RHWgbEEhcww,2024-05-29T16:57:37Z,"2024-05-29 16:57:37","تحدي | شنو كيقول المثل المغربي ؟","youtube 2: https://www.youtube.com/watch?v=HLOsAUgWJHI PYPL / https://www.paypal.me/abdelouahedbenomar PUB : benomarabdelouahed71@gmail.com INSTA / https://www.instagram.com/abdelouahed_benomar/",,22,"People & Blogs",,PT14M11S,851,2d,hd,false,ar,ar,https://i.ytimg.com/vi/RHWgbEEhcww/maxresdefault.jpg,1,,,,,545440,41329,,0,1417
182,UCHyKqXsJU6qvQWlAFRfh4HA,B3A9Lii,FZ4xC3SWGAw,2024-05-23T17:28:51Z,"2024-05-23 17:28:51","برنامج لالة لعروسة جهلو تاني","PYPL / https://www.paypal.me/abdelouahedbenomar STORE / https://www.merchy.ma/stores/abdo PUB : benomarabdelouahed71@gmail.com TROVO / https://trovo.live/s/b3a9lii INSTA / https://www.instagram.com/abdelouahed_benomar/ FACE / https://www.facebook.com/profile.php?id=100083432174759&mibextid=ZbWKwL DISCR / https://discord.gg/zysbnRgY",,22,"People & Blogs",,PT9M54S,594,2d,hd,false,ar,ar,https://i.ytimg.com/vi/FZ4xC3SWGAw/maxresdefault.jpg,1,,,,,244280,17491,,0,753
183,UCHyKqXsJU6qvQWlAFRfh4HA,B3A9Lii,clxC9kQrERM,2024-05-21T20:04:02Z,"2024-05-21 20:04:02","أسوء 5 أغاني مغربية في تاريخ المغرب","PYPL / https://www.paypal.me/abdelouahedbenomar STORE / https://www.merchy.ma/stores/abdo PUB : benomarabdelouahed71@gmail.com TROVO / https://trovo.live/s/b3a9lii INSTA / https://www.instagram.com/abdelouahed_benomar/ FACE / https://www.facebook.com/profile.php?id=100083432174759&mibextid=ZbWKwL DISCR / https://discord.gg/zysbnRgY",,22,"People & Blogs",Music,PT12M41S,761,2d,hd,false,ar,ar,https://i.ytimg.com/vi/clxC9kQrERM/maxresdefault.jpg,1,,,,,215110,16514,,0,1347
184,UCHyKqXsJU6qvQWlAFRfh4HA,B3A9Lii,pxHs_2NnEL8,2024-05-16T17:30:07Z,"2024-05-16 17:30:07","القصة الحقيقية وراء إختطاف الجزائري عمر بن عمران منذ 26 سنة","PYPL / https://www.paypal.me/abdelouahedbenomar STORE / https://www.merchy.ma/stores/abdo PUB : benomarabdelouahed71@gmail.com TROVO / https://trovo.live/s/b3a9lii INSTA / https://www.instagram.com/abdelouahed_benomar/ FACE / https://www.facebook.com/profile.php?id=100083432174759&mibextid=ZbWKwL DISCR / https://discord.gg/zysbnRgY",,22,"People & Blogs",Society,PT8M2S,482,2d,hd,false,ar,ar,https://i.ytimg.com/vi/pxHs_2NnEL8/maxresdefault.jpg,1,,,,,289081,13819,,0,682
185,UCHyKqXsJU6qvQWlAFRfh4HA,B3A9Lii,XsraVngBJ0A,2024-05-14T18:00:15Z,"2024-05-14 18:00:15","أغبى حاجة درتيها على قبل الحب ... تزوجات بلا مَدِير العقد 😂... تعليقات هربانين","PYPL / https://www.paypal.me/abdelouahedbenomar STORE / https://www.merchy.ma/stores/abdo PUB : benomarabdelouahed71@gmail.com TROVO / https://trovo.live/s/b3a9lii INSTA / https://www.instagram.com/abdelouahed_benomar/ FACE / https://www.facebook.com/profile.php?id=100083432174759&mibextid=ZbWKwL DISCR / https://discord.gg/zysbnRgY",,22,"People & Blogs",,PT10M43S,643,2d,hd,false,ar,ar,https://i.ytimg.com/vi/XsraVngBJ0A/maxresdefault.jpg,1,,,,,208115,18513,,0,2110
186,UCHyKqXsJU6qvQWlAFRfh4HA,B3A9Lii,eifNGfdAaV0,2024-05-11T13:05:49Z,"2024-05-11 13:05:49","تعليقاتكم : إلا حصلتي راجلك كيخونك و عندك القرار تحكمي عليه، باش غتحكمي عليه ؟","PYPL / https://www.paypal.me/abdelouahedbenomar STORE / https://www.merchy.ma/stores/abdo PUB : benomarabdelouahed71@gmail.com TROVO / https://trovo.live/s/b3a9lii INSTA / https://www.instagram.com/abdelouahed_benomar/ FACE / https://www.facebook.com/profile.php?id=100083432174759&mibextid=ZbWKwL DISCR / https://discord.gg/zysbnRgY",,22,"People & Blogs",,PT10M19S,619,2d,hd,false,ar,ar,https://i.ytimg.com/vi/eifNGfdAaV0/maxresdefault.jpg,1,,,,,213893,17063,,0,410
187,UCHyKqXsJU6qvQWlAFRfh4HA,B3A9Lii,vdhUGoQevgg,2024-05-10T19:00:28Z,"2024-05-10 19:00:28","أمجنن فيديو دارتو شوف تيفي على صحاب تيك توك هههه","PYPL / https://www.paypal.me/abdelouahedbenomar STORE / https://www.merchy.ma/stores/abdo PUB : benomarabdelouahed71@gmail.com TROVO / https://trovo.live/s/b3a9lii INSTA / https://www.instagram.com/abdelouahed_benomar/ FACE / https://www.facebook.com/profile.php?id=100083432174759&mibextid=ZbWKwL DISCR / https://discord.gg/zysbnRgY",,22,"People & Blogs",,PT13M1S,781,2d,hd,false,ar,ar,https://i.ytimg.com/vi/vdhUGoQevgg/maxresdefault.jpg,1,,,,,380025,20289,,0,552
188,UCHyKqXsJU6qvQWlAFRfh4HA,B3A9Lii,OYVkY0_8L6M,2024-05-08T19:30:03Z,"2024-05-08 19:30:03","لبنات هذا راه سميتو نصب والإحتيال","Website : -https://blackcardcoin.com/ Buy it from Okx & PancakeSwap: -https://shorturl.at/fuJPT -https://shorturl.at/qJQ18 PYPL / https://www.paypal.me/abdelouahedbenomar STORE / https://www.merchy.ma/stores/abdo PUB : benomarabdelouahed71@gmail.com TROVO / https://trovo.live/s/b3a9lii INSTA / https://www.instagram.com/abdelouahed_benomar/ FACE / https://www.facebook.com/profile.php?id=100083432174759&mibextid=ZbWKwL DISCR / https://discord.gg/zysbnRgY",,22,"People & Blogs",,PT15M11S,911,2d,hd,false,ar,ar,https://i.ytimg.com/vi/OYVkY0_8L6M/maxresdefault.jpg,1,,,,,300930,18710,,0,453
189,UCHyKqXsJU6qvQWlAFRfh4HA,B3A9Lii,nsBDhHy2H68,2024-05-01T12:57:50Z,"2024-05-01 12:57:50","تجربة تربية الكتكوت لمدة 35 يوم ... واش غادي يولي دجاجة ؟","PYPL / https://www.paypal.me/abdelouahedbenomar STORE / https://www.merchy.ma/stores/abdo PUB : benomarabdelouahed71@gmail.com TROVO / https://trovo.live/s/b3a9lii INSTA / https://www.instagram.com/abdelouahed_benomar/ FACE / https://www.facebook.com/profile.php?id=100083432174759&mibextid=ZbWKwL DISCR / https://discord.gg/zysbnRgY",,22,"People & Blogs",Lifestyle_(sociology),PT8M24S,504,2d,hd,false,ar,ar,https://i.ytimg.com/vi/nsBDhHy2H68/maxresdefault.jpg,1,,,,,457986,26199,,0,1083
190,UCHyKqXsJU6qvQWlAFRfh4HA,B3A9Lii,kSm_GTM4Cdc,2024-04-28T13:00:42Z,"2024-04-28 13:00:42","بسباب برهوش ضاربت مع الأم ديالو / Story Time","PYPL / https://www.paypal.me/abdelouahedbenomar STORE / https://www.merchy.ma/stores/abdo PUB : benomarabdelouahed71@gmail.com TROVO / https://trovo.live/s/b3a9lii INSTA / https://www.instagram.com/abdelouahed_benomar/ FACE / https://www.facebook.com/profile.php?id=100083432174759&mibextid=ZbWKwL DISCR / https://discord.gg/zysbnRgY",,22,"People & Blogs",,PT10M44S,644,2d,hd,false,ar,ar,https://i.ytimg.com/vi/kSm_GTM4Cdc/maxresdefault.jpg,1,,,,,293869,23868,,0,
191,UCHyKqXsJU6qvQWlAFRfh4HA,B3A9Lii,4uxlbUJANAE,2024-04-27T12:42:36Z,"2024-04-27 12:42:36","الحب ديال بلعاني ...كولشي طَلَّقْ","PYPL / https://www.paypal.me/abdelouahedbenomar STORE / https://www.merchy.ma/stores/abdo PUB : benomarabdelouahed71@gmail.com TROVO / https://trovo.live/s/b3a9lii INSTA / https://www.instagram.com/abdelouahed_benomar/ FACE / https://www.facebook.com/profile.php?id=100083432174759&mibextid=ZbWKwL DISCR / https://discord.gg/zysbnRgY",,22,"People & Blogs",,PT14M34S,874,2d,hd,false,ar,ar,https://i.ytimg.com/vi/4uxlbUJANAE/maxresdefault.jpg,1,,,,,311855,19414,,0,538
192,UCHyKqXsJU6qvQWlAFRfh4HA,B3A9Lii,G9L5xSTS7Mw,2024-04-26T18:14:58Z,"2024-04-26 18:14:58","واش فخباركم لحوالة شحال وصلو فثمن؟ ... ميييمكنش !!","PYPL / https://www.paypal.me/abdelouahedbenomar STORE / https://www.merchy.ma/stores/abdo PUB : benomarabdelouahed71@gmail.com TROVO / https://trovo.live/s/b3a9lii INSTA / https://www.instagram.com/abdelouahed_benomar/ FACE / https://www.facebook.com/profile.php?id=100083432174759&mibextid=ZbWKwL DISCR / https://discord.gg/zysbnRgY",,22,"People & Blogs",,PT12M20S,740,2d,hd,false,ar,ar,https://i.ytimg.com/vi/G9L5xSTS7Mw/maxresdefault.jpg,1,,,,,241927,17990,,0,437
193,UCHyKqXsJU6qvQWlAFRfh4HA,B3A9Lii,0wYakq7LIXE,2024-04-24T20:23:51Z,"2024-04-24 20:23:51","أجي تشوفو الجزائريين أش تيقولو علينا بسباب خريطة المغرب هههههه","PYPL / https://www.paypal.me/abdelouahedbenomar STORE / https://www.merchy.ma/stores/abdo PUB : benomarabdelouahed71@gmail.com TROVO / https://trovo.live/s/b3a9lii INSTA / https://www.instagram.com/abdelouahed_benomar/ FACE / https://www.facebook.com/profile.php?id=100083432174759&mibextid=ZbWKwL DISCR / https://discord.gg/zysbnRgY",,22,"People & Blogs","Politics,Society",PT21M50S,1310,2d,hd,false,ar,ar,https://i.ytimg.com/vi/0wYakq7LIXE/maxresdefault.jpg,1,,,,,242590,17440,,0,1445
194,UCHyKqXsJU6qvQWlAFRfh4HA,B3A9Lii,qjywB9K-rZQ,2024-04-21T15:56:34Z,"2024-04-21 15:56:34","شيخ ديالنا صايب تطبيق ديال الزواج والمواعدة حلال... واش بصح حلال ؟؟","PYPL / https://www.paypal.me/abdelouahedbenomar STORE / https://www.merchy.ma/stores/abdo PUB : benomarabdelouahed71@gmail.com TROVO / https://trovo.live/s/b3a9lii INSTA / https://www.instagram.com/abdelouahed_benomar/ FACE / https://www.facebook.com/profile.php?id=100083432174759&mibextid=ZbWKwL DISCR / https://discord.gg/zysbnRgY",,22,"People & Blogs",,PT11M4S,664,2d,hd,false,ar,ar,https://i.ytimg.com/vi/qjywB9K-rZQ/maxresdefault.jpg,1,,,,,192061,15581,,0,637
195,UCHyKqXsJU6qvQWlAFRfh4HA,B3A9Lii,bYeUMMmwmWQ,2024-04-20T13:04:18Z,"2024-04-20 13:04:18","نزار غناه الله ... ولكن","PYPL / https://www.paypal.me/abdelouahedbenomar STORE / https://www.merchy.ma/stores/abdo PUB : benomarabdelouahed71@gmail.com TROVO / https://trovo.live/s/b3a9lii INSTA / https://www.instagram.com/abdelouahed_benomar/ FACE / https://www.facebook.com/profile.php?id=100083432174759&mibextid=ZbWKwL DISCR / https://discord.gg/zysbnRgY",,22,"People & Blogs",Religion,PT12M57S,777,2d,hd,false,ar,ar,https://i.ytimg.com/vi/bYeUMMmwmWQ/maxresdefault.jpg,1,,,,,273071,20480,,0,570
196,UCHyKqXsJU6qvQWlAFRfh4HA,B3A9Lii,I7LTwZd8Njc,2024-04-18T18:10:19Z,"2024-04-18 18:10:19","لبنات تقلقو حيت دخلت المجموعات فيسبوك خاصة ديالهم هههه","PYPL / https://www.paypal.me/abdelouahedbenomar STORE / https://www.merchy.ma/stores/abdo PUB : benomarabdelouahed71@gmail.com TROVO / https://trovo.live/s/b3a9lii INSTA / https://www.instagram.com/abdelouahed_benomar/ FACE / https://www.facebook.com/profile.php?id=100083432174759&mibextid=ZbWKwL DISCR / https://discord.gg/zysbnRgY",,22,"People & Blogs",,PT11M10S,670,2d,hd,false,ar,ar,https://i.ytimg.com/vi/I7LTwZd8Njc/maxresdefault.jpg,1,,,,,249827,22365,,0,734
197,UCHyKqXsJU6qvQWlAFRfh4HA,B3A9Lii,LodQe2j25cA,2024-04-16T18:07:11Z,"2024-04-16 18:07:11","دخلت تجسست على مجموعة فيسبوك ديال لبنات بريفي ... لقيت لعجب ههه","PYPL / https://www.paypal.me/abdelouahedbenomar STORE / https://www.merchy.ma/stores/abdo PUB : benomarabdelouahed71@gmail.com TROVO / https://trovo.live/s/b3a9lii INSTA / https://www.instagram.com/abdelouahed_benomar/ FACE / https://www.facebook.com/profile.php?id=100083432174759&mibextid=ZbWKwL DISCR / https://discord.gg/zysbnRgY",,22,"People & Blogs",,PT10M55S,655,2d,hd,false,ar,ar,https://i.ytimg.com/vi/LodQe2j25cA/maxresdefault.jpg,1,,,,,378762,26052,,0,1058
198,UCHyKqXsJU6qvQWlAFRfh4HA,B3A9Lii,fZXqet8nw8o,2024-04-15T19:01:24Z,"2024-04-15 19:01:24","القصة لي غتخليك عمرك تبقى تزعم ... JOHN JONES","PYPL / https://www.paypal.me/abdelouahedbenomar STORE / https://www.merchy.ma/stores/abdo PUB : benomarabdelouahed71@gmail.com TROVO / https://trovo.live/s/b3a9lii INSTA / https://www.instagram.com/abdelouahed_benomar/ FACE / https://www.facebook.com/profile.php?id=100083432174759&mibextid=ZbWKwL DISCR / https://discord.gg/zysbnRgY",,22,"People & Blogs",,PT10M13S,613,2d,hd,false,ar,ar,https://i.ytimg.com/vi/fZXqet8nw8o/maxresdefault.jpg,1,,,,,273309,21816,,0,1129
199,UCHyKqXsJU6qvQWlAFRfh4HA,B3A9Lii,D_lxVuRkNnc,2024-04-14T14:18:48Z,"2024-04-14 14:18:48","صف شدوهم ... Blind Dating","PYPL / https://www.paypal.me/abdelouahedbenomar STORE / https://www.merchy.ma/stores/abdo PUB : benomarabdelouahed71@gmail.com TROVO / https://trovo.live/s/b3a9lii INSTA / https://www.instagram.com/abdelouahed_benomar/ FACE / https://www.facebook.com/profile.php?id=100083432174759&mibextid=ZbWKwL DISCR / https://discord.gg/zysbnRgY",,22,"People & Blogs",,PT15M5S,905,2d,hd,false,en,ar,https://i.ytimg.com/vi/D_lxVuRkNnc/maxresdefault.jpg,1,,,,,225595,19937,,0,867
200,UCHyKqXsJU6qvQWlAFRfh4HA,B3A9Lii,rL7ynYbrKws,2024-04-13T15:21:49Z,"2024-04-13 15:21:49","هاد المرة جابو بنات ... Blind dating by outfits","PYPL / https://www.paypal.me/abdelouahedbenomar STORE / https://www.merchy.ma/stores/abdo PUB : benomarabdelouahed71@gmail.com TROVO / https://trovo.live/s/b3a9lii INSTA / https://www.instagram.com/abdelouahed_benomar/ FACE / https://www.facebook.com/profile.php?id=100083432174759&mibextid=ZbWKwL DISCR / https://discord.gg/zysbnRgY",,22,"People & Blogs",,PT20M4S,1204,2d,hd,false,ar,ar,https://i.ytimg.com/vi/rL7ynYbrKws/maxresdefault.jpg,1,,,,,481521,26097,,0,1508
201,UCHyKqXsJU6qvQWlAFRfh4HA,B3A9Lii,4D1ZhRdVTFw,2024-04-12T15:11:14Z,"2024-04-12 15:11:14","صدق اولا تصدق هادشي فالمغرب - Blind dating by outfits","PYPL / https://www.paypal.me/abdelouahedbenomar STORE / https://www.merchy.ma/stores/abdo PUB : benomarabdelouahed71@gmail.com TROVO / https://trovo.live/s/b3a9lii INSTA / https://www.instagram.com/abdelouahed_benomar/ FACE / https://www.facebook.com/profile.php?id=100083432174759&mibextid=ZbWKwL DISCR / https://discord.gg/zysbnRgY",,22,"People & Blogs",Fashion,PT26M26S,1586,2d,hd,false,ar,ar,https://i.ytimg.com/vi/4D1ZhRdVTFw/maxresdefault.jpg,1,,,,,520498,33282,,0,1425
202,UCHyKqXsJU6qvQWlAFRfh4HA,B3A9Lii,Q7xAvl4SiZ0,2024-04-11T20:39:54Z,"2024-04-11 20:39:54","تعليقاتكم : لبنات عندهم شي أسرار فشكاااال","PYPL / https://www.paypal.me/abdelouahedbenomar STORE / https://www.merchy.ma/stores/abdo PUB : benomarabdelouahed71@gmail.com TROVO / https://trovo.live/s/b3a9lii INSTA / https://www.instagram.com/abdelouahed_benomar/ FACE / https://www.facebook.com/profile.php?id=100083432174759&mibextid=ZbWKwL DISCR / https://discord.gg/zysbnRgY",,22,"People & Blogs",,PT13M14S,794,2d,hd,false,ar,ar,https://i.ytimg.com/vi/Q7xAvl4SiZ0/maxresdefault.jpg,1,,,,,409381,33751,,0,981
203,UCHyKqXsJU6qvQWlAFRfh4HA,B3A9Lii,LxhshcyhnSU,2024-04-10T13:00:16Z,"2024-04-10 13:00:16","كلشي كيسبني ؟؟؟؟","PYPL / https://www.paypal.me/abdelouahedbenomar STORE / https://www.merchy.ma/stores/abdo PUB : benomarabdelouahed71@gmail.com TROVO / https://trovo.live/s/b3a9lii INSTA / https://www.instagram.com/abdelouahed_benomar/ FACE / https://www.facebook.com/profile.php?id=100083432174759&mibextid=ZbWKwL DISCR / https://discord.gg/zysbnRgY",,22,"People & Blogs",,PT14M18S,858,2d,hd,false,fr,ar,https://i.ytimg.com/vi/LxhshcyhnSU/maxresdefault.jpg,1,,,,,438962,35894,,0,1147
204,UCHyKqXsJU6qvQWlAFRfh4HA,B3A9Lii,MMHqqPIsyoE,2024-03-20T17:30:04Z,"2024-03-20 17:30:04","جربت جميع أنواع البيموات ديال بروتين","PYPL / https://www.paypal.me/abdelouahedbenomar STORE / https://www.merchy.ma/stores/abdo PUB : benomarabdelouahed71@gmail.com TROVO / https://trovo.live/s/b3a9lii INSTA / https://www.instagram.com/abdelouahed_benomar/ FACE / https://www.facebook.com/profile.php?id=100083432174759&mibextid=ZbWKwL DISCR / https://discord.gg/zysbnRgY",,22,"People & Blogs",Lifestyle_(sociology),PT16M53S,1013,2d,hd,false,ar,ar,https://i.ytimg.com/vi/MMHqqPIsyoE/maxresdefault.jpg,1,,,,,421982,28941,,0,900
205,UCHyKqXsJU6qvQWlAFRfh4HA,B3A9Lii,2l1LqiwEnaI,2024-03-17T14:30:01Z,"2024-03-17 14:30:01","المغرب زوين والله ... جزء2","PYPL / https://www.paypal.me/abdelouahedbenomar STORE / https://www.merchy.ma/stores/abdo PUB : benomarabdelouahed71@gmail.com TROVO / https://trovo.live/s/b3a9lii INSTA / https://www.instagram.com/abdelouahed_benomar/ FACE / https://www.facebook.com/profile.php?id=100083432174759&mibextid=ZbWKwL DISCR / https://discord.gg/zysbnRgY",,22,"People & Blogs",,PT16M56S,1016,2d,hd,false,ar,ar,https://i.ytimg.com/vi/2l1LqiwEnaI/maxresdefault.jpg,1,,,,,375675,25382,,0,1427
206,UCHyKqXsJU6qvQWlAFRfh4HA,B3A9Lii,19XMJLaQCgY,2024-03-14T20:00:00Z,"2024-03-14 20:00:00","RAMADAN 2014 VS 2024","PYPL / https://www.paypal.me/abdelouahedbenomar STORE / https://www.merchy.ma/stores/abdo PUB : benomarabdelouahed71@gmail.com TROVO / https://trovo.live/s/b3a9lii INSTA / https://www.instagram.com/abdelouahed_benomar/ FACE / https://www.facebook.com/profile.php?id=100083432174759&mibextid=ZbWKwL DISCR / https://discord.gg/zysbnRgY",,22,"People & Blogs",,PT15M37S,937,2d,hd,false,fr,ar,https://i.ytimg.com/vi/19XMJLaQCgY/maxresdefault.jpg,1,,,,,236396,24484,,0,618
207,UCHyKqXsJU6qvQWlAFRfh4HA,B3A9Lii,gKqvazhcirM,2024-03-14T16:00:29Z,"2024-03-14 16:00:29","صاوبت كاشير و الفرماج غي فدار","PYPL / https://www.paypal.me/abdelouahedbenomar STORE / https://www.merchy.ma/stores/abdo PUB : benomarabdelouahed71@gmail.com TROVO / https://trovo.live/s/b3a9lii INSTA / https://www.instagram.com/abdelouahed_benomar/ FACE / https://www.facebook.com/profile.php?id=100083432174759&mibextid=ZbWKwL DISCR / https://discord.gg/zysbnRgY",,22,"People & Blogs","Food,Lifestyle_(sociology)",PT17M4S,1024,2d,hd,false,ar,ar,https://i.ytimg.com/vi/gKqvazhcirM/maxresdefault.jpg,1,,,,,395418,25784,,0,927
208,UCHyKqXsJU6qvQWlAFRfh4HA,B3A9Lii,xwfYd4pE7WY,2024-03-10T17:45:01Z,"2024-03-10 17:45:01","اللهجات العربية هربانيييين هههههه","PYPL / https://www.paypal.me/abdelouahedbenomar STORE / https://www.merchy.ma/stores/abdo PUB : benomarabdelouahed71@gmail.com TROVO / https://trovo.live/s/b3a9lii INSTA / https://www.instagram.com/abdelouahed_benomar/ FACE / https://www.facebook.com/profile.php?id=100083432174759&mibextid=ZbWKwL DISCR / https://discord.gg/zysbnRgY",,22,"People & Blogs",,PT12M54S,774,2d,hd,false,ar,ar,https://i.ytimg.com/vi/xwfYd4pE7WY/maxresdefault.jpg,1,,,,,274754,33412,,0,1094
209,UCHyKqXsJU6qvQWlAFRfh4HA,B3A9Lii,z7dHtnf8krE,2024-03-08T20:00:31Z,"2024-03-08 20:00:31","رجعت قريت الميساجات ديالي لقدااام... ميمكنش ههه","PYPL / https://www.paypal.me/abdelouahedbenomar STORE / https://www.merchy.ma/stores/abdo PUB : benomarabdelouahed71@gmail.com TROVO / https://trovo.live/s/b3a9lii INSTA / https://www.instagram.com/abdelouahed_benomar/ FACE / https://www.facebook.com/profile.php?id=100083432174759&mibextid=ZbWKwL DISCR / https://discord.gg/zysbnRgY",,22,"People & Blogs",,PT17M9S,1029,2d,hd,false,ar,ar,https://i.ytimg.com/vi/z7dHtnf8krE/maxresdefault.jpg,1,,,,,676540,44225,,0,849
210,UCHyKqXsJU6qvQWlAFRfh4HA,B3A9Lii,NJdquSAzKTU,2024-03-06T18:30:23Z,"2024-03-06 18:30:23","ميييمكنش على لعبة ... شفار ديال جومياا ههه","PYPL / https://www.paypal.me/abdelouahedbenomar STORE / https://www.merchy.ma/stores/abdo PUB : benomarabdelouahed71@gmail.com TROVO / https://trovo.live/s/b3a9lii INSTA / https://www.instagram.com/abdelouahed_benomar/ FACE / https://www.facebook.com/profile.php?id=100083432174759&mibextid=ZbWKwL DISCR / https://discord.gg/zysbnRgY",,22,"People & Blogs","Action-adventure_game,Action_game",PT17M40S,1060,2d,hd,false,ar,ar,https://i.ytimg.com/vi/NJdquSAzKTU/maxresdefault.jpg,1,,,,,181786,18247,,0,945
211,UCHyKqXsJU6qvQWlAFRfh4HA,B3A9Lii,YNcdDIv-Pwo,2024-03-04T18:26:56Z,"2024-03-04 18:26:56","واش فخباركم البنات تقدري تكوني حاملة و نتي مافراسكش 🙂","PYPL / https://www.paypal.me/abdelouahedbenomar STORE / https://www.merchy.ma/stores/abdo PUB : benomarabdelouahed71@gmail.com TROVO / https://trovo.live/s/b3a9lii INSTA / https://www.instagram.com/abdelouahed_benomar/ FACE / https://www.facebook.com/profile.php?id=100083432174759&mibextid=ZbWKwL DISCR / https://discord.gg/zysbnRgY",,22,"People & Blogs",,PT13M37S,817,2d,hd,false,ar,ar,https://i.ytimg.com/vi/YNcdDIv-Pwo/maxresdefault.jpg,1,,,,,247351,22041,,0,692
212,UCHyKqXsJU6qvQWlAFRfh4HA,B3A9Lii,gw5RQGKjV78,2024-03-02T18:03:48Z,"2024-03-02 18:03:48","شنق عليا جدارمي ... كنت غنمشي الحبس","PYPL / https://www.paypal.me/abdelouahedbenomar STORE / https://www.merchy.ma/stores/abdo PUB : benomarabdelouahed71@gmail.com TROVO / https://trovo.live/s/b3a9lii INSTA / https://www.instagram.com/abdelouahed_benomar/ FACE / https://www.facebook.com/profile.php?id=100083432174759&mibextid=ZbWKwL DISCR / https://discord.gg/zysbnRgY",,22,"People & Blogs",Society,PT19M10S,1150,2d,hd,false,ar,ar,https://i.ytimg.com/vi/gw5RQGKjV78/maxresdefault.jpg,1,,,,,498214,52216,,0,612
213,UCHyKqXsJU6qvQWlAFRfh4HA,B3A9Lii,SlZy0t-olQM,2024-03-01T18:00:14Z,"2024-03-01 18:00:14","سهل عليه الله و غيتزوج ساعودي ههه 🇸🇦","PYPL / https://www.paypal.me/abdelouahedbenomar STORE / https://www.merchy.ma/stores/abdo PUB : benomarabdelouahed71@gmail.com TROVO / https://trovo.live/s/b3a9lii INSTA / https://www.instagram.com/abdelouahed_benomar/ FACE / https://www.facebook.com/profile.php?id=100083432174759&mibextid=ZbWKwL DISCR / https://discord.gg/zysbnRgY",,22,"People & Blogs",Humour,PT17M26S,1046,2d,hd,false,ar,ar,https://i.ytimg.com/vi/SlZy0t-olQM/maxresdefault.jpg,1,,,,,388588,23608,,0,503
214,UCHyKqXsJU6qvQWlAFRfh4HA,B3A9Lii,9rg7JbS1bcU,2024-02-28T18:01:22Z,"2024-02-28 18:01:22","سولاتني أسئلة ميمكنش ههه ... شي حوايج أول مرة تعرفوهم عليا","PYPL / https://www.paypal.me/abdelouahedbenomar STORE / https://www.merchy.ma/stores/abdo PUB : benomarabdelouahed71@gmail.com TROVO / https://trovo.live/s/b3a9lii INSTA / https://www.instagram.com/abdelouahed_benomar/ FACE / https://www.facebook.com/profile.php?id=100083432174759&mibextid=ZbWKwL DISCR / https://discord.gg/zysbnRgY",,22,"People & Blogs",,PT16M11S,971,2d,hd,false,ar,ar,https://i.ytimg.com/vi/9rg7JbS1bcU/maxresdefault.jpg,1,,,,,612191,46328,,0,1266
215,UCHyKqXsJU6qvQWlAFRfh4HA,B3A9Lii,AMre82XjCA4,2024-02-24T19:00:04Z,"2024-02-24 19:00:04","كفتة بايتا و ثمر مصبوغ ... أجي تشوفو اش كتاكلو","PYPL / https://www.paypal.me/abdelouahedbenomar STORE / https://www.merchy.ma/stores/abdo PUB : benomarabdelouahed71@gmail.com TROVO / https://trovo.live/s/b3a9lii INSTA / https://www.instagram.com/abdelouahed_benomar/ FACE / https://www.facebook.com/profile.php?id=100083432174759&mibextid=ZbWKwL DISCR / https://discord.gg/zysbnRgY",,22,"People & Blogs",Food,PT13M15S,795,2d,hd,false,ar,ar,https://i.ytimg.com/vi/AMre82XjCA4/maxresdefault.jpg,1,,,,,307523,24666,,0,642
216,UCHyKqXsJU6qvQWlAFRfh4HA,B3A9Lii,amT2rX0NznE,2024-02-22T18:00:03Z,"2024-02-22 18:00:03","تعليقاتكم ... كفاش كيبان ليكم زواج ؟","PYPL / https://www.paypal.me/abdelouahedbenomar STORE / https://www.merchy.ma/stores/abdo PUB : benomarabdelouahed71@gmail.com TROVO / https://trovo.live/s/b3a9lii INSTA / https://www.instagram.com/abdelouahed_benomar/ FACE / https://www.facebook.com/profile.php?id=100083432174759&mibextid=ZbWKwL DISCR / https://discord.gg/zysbnRgY",,22,"People & Blogs",Society,PT15M18S,918,2d,hd,false,ar,ar,https://i.ytimg.com/vi/amT2rX0NznE/maxresdefault.jpg,1,,,,,313709,23033,,0,604
217,UCHyKqXsJU6qvQWlAFRfh4HA,B3A9Lii,AOXB5hasUO4,2024-02-20T18:00:11Z,"2024-02-20 18:00:11","المطبخ الجزائري الأول عربيا و ثاني عالميا ...","PYPL / https://www.paypal.me/abdelouahedbenomar STORE / https://www.merchy.ma/stores/abdo PUB : benomarabdelouahed71@gmail.com TROVO / https://trovo.live/s/b3a9lii INSTA / https://www.instagram.com/abdelouahed_benomar/ FACE / https://www.facebook.com/profile.php?id=100083432174759&mibextid=ZbWKwL DISCR / https://discord.gg/zysbnRgY",,22,"People & Blogs","Food,Lifestyle_(sociology)",PT13M50S,830,2d,hd,false,ar,ar,https://i.ytimg.com/vi/AOXB5hasUO4/maxresdefault.jpg,1,,,,,279932,23707,,0,710
218,UCHyKqXsJU6qvQWlAFRfh4HA,B3A9Lii,Em1TNiJGq7A,2024-02-19T18:00:10Z,"2024-02-19 18:00:10","جربت جميع أنواع البيموات ديال 2 دراهم و 3 دراهم","PYPL / https://www.paypal.me/abdelouahedbenomar STORE / https://www.merchy.ma/stores/abdo PUB : benomarabdelouahed71@gmail.com TROVO / https://trovo.live/s/b3a9lii INSTA / https://www.instagram.com/abdelouahed_benomar/ FACE / https://www.facebook.com/profile.php?id=100083432174759&mibextid=ZbWKwL DISCR / https://discord.gg/zysbnRgY",,22,"People & Blogs","Food,Lifestyle_(sociology)",PT18M43S,1123,2d,hd,false,ar,ar,https://i.ytimg.com/vi/Em1TNiJGq7A/maxresdefault.jpg,1,,,,,817797,48415,,0,1634
219,UCHyKqXsJU6qvQWlAFRfh4HA,B3A9Lii,xFmOw0GXRwQ,2024-02-13T18:45:01Z,"2024-02-13 18:45:01","بحال شطحة لي درت فالعرس هههه","PYPL / https://www.paypal.me/abdelouahedbenomar STORE / https://www.merchy.ma/stores/abdo PUB : benomarabdelouahed71@gmail.com TROVO / https://trovo.live/s/b3a9lii INSTA / https://www.instagram.com/abdelouahed_benomar/ FACE / https://www.facebook.com/profile.php?id=100083432174759&mibextid=ZbWKwL DISCR / https://discord.gg/zysbnRgY",,22,"People & Blogs",,PT15M45S,945,2d,hd,false,ar,ar,https://i.ytimg.com/vi/xFmOw0GXRwQ/maxresdefault.jpg,1,,,,,459270,33866,,0,686
220,UCHyKqXsJU6qvQWlAFRfh4HA,B3A9Lii,MCaz8ViUW1c,2024-02-09T18:15:01Z,"2024-02-09 18:15:01","وصلني صندوق ديال الأكل الكوري","PYPL / https://www.paypal.me/abdelouahedbenomar STORE / https://www.merchy.ma/stores/abdo PUB : benomarabdelouahed71@gmail.com TROVO / https://trovo.live/s/b3a9lii INSTA / https://www.instagram.com/abdelouahed_benomar/ FACE / https://www.facebook.com/profile.php?id=100083432174759&mibextid=ZbWKwL DISCR / https://discord.gg/zysbnRgY",,22,"People & Blogs","Food,Lifestyle_(sociology)",PT19M30S,1170,2d,hd,false,ar,ar,https://i.ytimg.com/vi/MCaz8ViUW1c/maxresdefault.jpg,1,,,,,463496,37516,,0,1172
221,UCHyKqXsJU6qvQWlAFRfh4HA,B3A9Lii,K-zktf9ENAk,2024-02-07T18:00:09Z,"2024-02-07 18:00:09","شهر العسل","PYPL / https://www.paypal.me/abdelouahedbenomar STORE / https://www.merchy.ma/stores/abdo PUB : benomarabdelouahed71@gmail.com TROVO / https://trovo.live/s/b3a9lii INSTA / https://www.instagram.com/abdelouahed_benomar/ FACE / https://www.facebook.com/profile.php?id=100083432174759&mibextid=ZbWKwL DISCR / https://discord.gg/zysbnRgY",,22,"People & Blogs","Lifestyle_(sociology),Tourism",PT13M39S,819,2d,hd,false,fr,ar,https://i.ytimg.com/vi/K-zktf9ENAk/maxresdefault.jpg,1,,,,,454160,34748,,0,1549
222,UCHyKqXsJU6qvQWlAFRfh4HA,B3A9Lii,v4ASrc2loYI,2024-02-06T18:00:29Z,"2024-02-06 18:00:29","و أخيييرا صايبت سيتاب ...","PYPL / https://www.paypal.me/abdelouahedbenomar STORE / https://www.merchy.ma/stores/abdo PUB : benomarabdelouahed71@gmail.com TROVO / https://trovo.live/s/b3a9lii INSTA / https://www.instagram.com/abdelouahed_benomar/ FACE / https://www.facebook.com/profile.php?id=100083432174759&mibextid=ZbWKwL DISCR / https://discord.gg/zysbnRgY",,22,"People & Blogs",,PT16M36S,996,2d,hd,false,ar,ar,https://i.ytimg.com/vi/v4ASrc2loYI/maxresdefault.jpg,1,,,,,295006,29268,,0,902
223,UCHyKqXsJU6qvQWlAFRfh4HA,B3A9Lii,CvZsu1hq4Lw,2024-02-02T18:30:14Z,"2024-02-02 18:30:14",تزوجت...,"PYPL / https://www.paypal.me/abdelouahedbenomar STORE / https://www.merchy.ma/stores/abdo PUB : benomarabdelouahed71@gmail.com TROVO / https://trovo.live/s/b3a9lii INSTA / https://www.instagram.com/abdelouahed_benomar/ FACE / https://www.facebook.com/profile.php?id=100083432174759&mibextid=ZbWKwL DISCR / https://discord.gg/zysbnRgY",,22,"People & Blogs",,PT14M15S,855,2d,hd,false,fr,ar,https://i.ytimg.com/vi/CvZsu1hq4Lw/maxresdefault.jpg,1,,,,,1117864,95349,,0,5672
224,UCHyKqXsJU6qvQWlAFRfh4HA,B3A9Lii,eyZRylKsgAU,2024-01-10T19:00:14Z,"2024-01-10 19:00:14","دنيا بطمة كحلاتها فلوس ... و راجل منال كيغير عليها بزاف 🙂","PYPL / https://www.paypal.me/abdelouahedbenomar STORE / https://www.merchy.ma/stores/abdo PUB : benomarabdelouahed71@gmail.com TROVO / https://trovo.live/s/b3a9lii INSTA / https://www.instagram.com/abdelouahed_benomar/ FACE / https://www.facebook.com/profile.php?id=100083432174759&mibextid=ZbWKwL DISCR / https://discord.gg/zysbnRgY",,22,"People & Blogs",,PT17M14S,1034,2d,hd,false,ar,ar,https://i.ytimg.com/vi/eyZRylKsgAU/maxresdefault.jpg,1,,,,,515957,35028,,0,1323
225,UCHyKqXsJU6qvQWlAFRfh4HA,B3A9Lii,YzC5s1Q0ZSU,2024-01-09T19:19:12Z,"2024-01-09 19:19:12","ناضت روينة عند مول شفنج - لموت ديال ضحك 😂","PYPL / https://www.paypal.me/abdelouahedbenomar STORE / https://www.merchy.ma/stores/abdo PUB : benomarabdelouahed71@gmail.com TROVO / https://trovo.live/s/b3a9lii INSTA / https://www.instagram.com/abdelouahed_benomar/ FACE / https://www.facebook.com/profile.php?id=100083432174759&mibextid=ZbWKwL DISCR / https://discord.gg/zysbnRgY",,22,"People & Blogs",Lifestyle_(sociology),PT14M38S,878,2d,hd,false,ar,ar,https://i.ytimg.com/vi/YzC5s1Q0ZSU/maxresdefault.jpg,1,,,,,220289,18954,,0,649
226,UCHyKqXsJU6qvQWlAFRfh4HA,B3A9Lii,4A0Yzwc7O3s,2024-01-08T19:15:00Z,"2024-01-08 19:15:00","توقعات كأس إفريقيا / واش المغرب غتأهل ؟","PYPL / https://www.paypal.me/abdelouahedbenomar STORE / https://www.merchy.ma/stores/abdo PUB : benomarabdelouahed71@gmail.com TROVO / https://trovo.live/s/b3a9lii INSTA / https://www.instagram.com/abdelouahed_benomar/ FACE / https://www.facebook.com/profile.php?id=100083432174759&mibextid=ZbWKwL DISCR / https://discord.gg/zysbnRgY",,22,"People & Blogs",Association_football,PT11M19S,679,2d,hd,false,ar,ar,https://i.ytimg.com/vi/4A0Yzwc7O3s/maxresdefault.jpg,1,,,,,222366,22276,,0,944
227,UCHyKqXsJU6qvQWlAFRfh4HA,B3A9Lii,I00GwcCSd5I,2023-12-31T16:00:11Z,"2023-12-31 16:00:11","جربت الذكاء الاصطناعي ديال تيك توك","PYPL / https://www.paypal.me/abdelouahedbenomar STORE / https://www.merchy.ma/stores/abdo PUB : benomarabdelouahed71@gmail.com TROVO / https://trovo.live/s/b3a9lii INSTA / https://www.instagram.com/abdelouahed_benomar/ FACE / https://www.facebook.com/profile.php?id=100083432174759&mibextid=ZbWKwL DISCR / https://discord.gg/zysbnRgY",,22,"People & Blogs",Technology,PT10M58S,658,2d,hd,false,ar,ar,https://i.ytimg.com/vi/I00GwcCSd5I/maxresdefault.jpg,1,,,,,395574,28689,,0,848
228,UCHyKqXsJU6qvQWlAFRfh4HA,B3A9Lii,WlIE13uo7ow,2023-12-30T19:15:00Z,"2023-12-30 19:15:00","المغرب زوين والله","PYPL / https://www.paypal.me/abdelouahedbenomar STORE / https://www.merchy.ma/stores/abdo PUB : benomarabdelouahed71@gmail.com TROVO / https://trovo.live/s/b3a9lii INSTA / https://www.instagram.com/abdelouahed_benomar/ FACE / https://www.facebook.com/profile.php?id=100083432174759&mibextid=ZbWKwL DISCR / https://discord.gg/zysbnRgY",,22,"People & Blogs",,PT12M1S,721,2d,hd,false,ar,ar,https://i.ytimg.com/vi/WlIE13uo7ow/maxresdefault.jpg,1,,,,,450683,38573,,0,1393
229,UCHyKqXsJU6qvQWlAFRfh4HA,B3A9Lii,RcrnS23j4N8,2023-12-29T18:15:01Z,"2023-12-29 18:15:01","تعليقاتكم ... بلان خايب طراليك في 2023","PYPL / https://www.paypal.me/abdelouahedbenomar STORE / https://www.merchy.ma/stores/abdo PUB : benomarabdelouahed71@gmail.com TROVO / https://trovo.live/s/b3a9lii INSTA / https://www.instagram.com/abdelouahed_benomar/ FACE / https://www.facebook.com/profile.php?id=100083432174759&mibextid=ZbWKwL DISCR / https://discord.gg/zysbnRgY",,22,"People & Blogs",,PT17M34S,1054,2d,hd,false,ar,ar,https://i.ytimg.com/vi/RcrnS23j4N8/maxresdefault.jpg,1,,,,,818828,66501,,0,2369
230,UCHyKqXsJU6qvQWlAFRfh4HA,B3A9Lii,IMAI82dDtWs,2023-12-28T18:00:14Z,"2023-12-28 18:00:14","دخلت نقلب على بنت للزواج","PYPL / https://www.paypal.me/abdelouahedbenomar STORE / https://www.merchy.ma/stores/abdo PUB : benomarabdelouahed71@gmail.com TROVO / https://trovo.live/s/b3a9lii INSTA / https://www.instagram.com/abdelouahed_benomar/ FACE / https://www.facebook.com/profile.php?id=100083432174759&mibextid=ZbWKwL DISCR / https://discord.gg/zysbnRgY",,22,"People & Blogs",,PT11M28S,688,2d,hd,false,ar,ar,https://i.ytimg.com/vi/IMAI82dDtWs/maxresdefault.jpg,1,,,,,407637,37657,,0,1170
231,UCHyKqXsJU6qvQWlAFRfh4HA,B3A9Lii,SIB1xkjVAK4,2023-12-23T18:30:15Z,"2023-12-23 18:30:15","كنت غندخل الحبس باطل","HalaMe، تطبيق مواعدة يمكنك من خلاله الدردشة وجهًا لوجه مع الملايين من الأولاد والبنات العرب. إنه مجاني تمامًا، مع محادثات صوتية مثيرة وألعاب مثيرة للاهتمام. قم بتحميل وتجربة HalaMe الآن من خلال هذا الموقع:https://bit.ly/3tA7OjI PYPL / https://www.paypal.me/abdelouahedbenomar STORE / https://www.merchy.ma/stores/abdo PUB : benomarabdelouahed71@gmail.com TROVO / https://trovo.live/s/b3a9lii INSTA / https://www.instagram.com/abdelouahed_benomar/ FACE / https://www.facebook.com/profile.php?id=100083432174759&mibextid=ZbWKwL DISCR / https://discord.gg/zysbnRgY",,22,"People & Blogs",,PT13M38S,818,2d,hd,false,ar,ar,https://i.ytimg.com/vi/SIB1xkjVAK4/maxresdefault.jpg,1,,,,,386609,41197,,0,1376
232,UCHyKqXsJU6qvQWlAFRfh4HA,B3A9Lii,td4D92AyZWc,2023-12-20T18:00:35Z,"2023-12-20 18:00:35","تحدي أكل 100 بيضة...","PYPL / https://www.paypal.me/abdelouahedbenomar STORE / https://www.merchy.ma/stores/abdo PUB : benomarabdelouahed71@gmail.com TROVO / https://trovo.live/s/b3a9lii INSTA / https://www.instagram.com/abdelouahed_benomar/ FACE / https://www.facebook.com/profile.php?id=100083432174759&mibextid=ZbWKwL DISCR / https://discord.gg/zysbnRgY",,22,"People & Blogs","Food,Lifestyle_(sociology)",PT15M53S,953,2d,hd,false,fr,ar,https://i.ytimg.com/vi/td4D92AyZWc/maxresdefault.jpg,1,,,,,528285,37155,,0,2311
233,UCHyKqXsJU6qvQWlAFRfh4HA,B3A9Lii,y-dk2qPtPiI,2023-12-19T18:30:38Z,"2023-12-19 18:30:38","دراري تا هوما ولاو كيسحرو...","PYPL / https://www.paypal.me/abdelouahedbenomar STORE / https://www.merchy.ma/stores/abdo PUB : benomarabdelouahed71@gmail.com TROVO / https://trovo.live/s/b3a9lii INSTA / https://www.instagram.com/abdelouahed_benomar/ FACE / https://www.facebook.com/profile.php?id=100083432174759&mibextid=ZbWKwL DISCR / https://discord.gg/zysbnRgY",,22,"People & Blogs",,PT13M22S,802,2d,hd,false,ar,ar,https://i.ytimg.com/vi/y-dk2qPtPiI/maxresdefault.jpg,1,,,,,246102,27272,,0,713
234,UCHyKqXsJU6qvQWlAFRfh4HA,B3A9Lii,nHaWP0MbX7Y,2023-12-16T19:00:30Z,"2023-12-16 19:00:30","تزعطت ...","PYPL / https://www.paypal.me/abdelouahedbenomar STORE / https://www.merchy.ma/stores/abdo PUB : benomarabdelouahed71@gmail.com TROVO / https://trovo.live/s/b3a9lii INSTA / https://www.instagram.com/abdelouahed_benomar/ FACE / https://www.facebook.com/profile.php?id=100083432174759&mibextid=ZbWKwL DISCR / https://discord.gg/zysbnRgY",,22,"People & Blogs",,PT11M36S,696,2d,hd,false,fr,ar,https://i.ytimg.com/vi/nHaWP0MbX7Y/maxresdefault.jpg,1,,,,,304077,32537,,0,731
235,UCHyKqXsJU6qvQWlAFRfh4HA,B3A9Lii,VRX9exc1aLw,2023-12-08T18:00:26Z,"2023-12-08 18:00:26","قريت الأجوبة ديالكم / تصرفات لي ماكتحملهمش فداركم ...","PYPL / https://www.paypal.me/abdelouahedbenomar STORE / https://www.merchy.ma/stores/abdo PUB : benomarabdelouahed71@gmail.com TROVO / https://trovo.live/s/b3a9lii INSTA / https://www.instagram.com/abdelouahed_benomar/ FACE / https://www.facebook.com/profile.php?id=100083432174759&mibextid=ZbWKwL DISCR / https://discord.gg/zysbnRgY",,22,"People & Blogs",,PT13M55S,835,2d,hd,false,ar,ar,https://i.ytimg.com/vi/VRX9exc1aLw/maxresdefault.jpg,1,,,,,586448,53685,,0,1330
236,UCHyKqXsJU6qvQWlAFRfh4HA,B3A9Lii,qcaeepABFe8,2023-12-06T19:00:25Z,"2023-12-06 19:00:25","أحسن لعبة لدراري لكبار هههههه","PYPL / https://www.paypal.me/abdelouahedbenomar STORE / https://www.merchy.ma/stores/abdo PUB : benomarabdelouahed71@gmail.com TROVO / https://trovo.live/s/b3a9lii INSTA / https://www.instagram.com/abdelouahed_benomar/ FACE / https://www.facebook.com/profile.php?id=100083432174759&mibextid=ZbWKwL DISCR / https://discord.gg/zysbnRgY",,22,"People & Blogs","Hobby,Lifestyle_(sociology)",PT12M28S,748,2d,hd,false,ar,ar,https://i.ytimg.com/vi/qcaeepABFe8/maxresdefault.jpg,1,,,,,392125,34378,,0,1180
237,UCHyKqXsJU6qvQWlAFRfh4HA,B3A9Lii,CpPqO7sSE94,2023-12-04T18:15:00Z,"2023-12-04 18:15:00","حب في زمن الخيانة هههههه","PYPL / https://www.paypal.me/abdelouahedbenomar STORE / https://www.merchy.ma/stores/abdo PUB : benomarabdelouahed71@gmail.com TROVO / https://trovo.live/s/b3a9lii INSTA / https://www.instagram.com/abdelouahed_benomar/ FACE / https://www.facebook.com/profile.php?id=100083432174759&mibextid=ZbWKwL DISCR / https://discord.gg/zysbnRgY",,22,"People & Blogs",,PT11M51S,711,2d,hd,false,ar,ar,https://i.ytimg.com/vi/CpPqO7sSE94/maxresdefault.jpg,1,,,,,487231,37879,,0,951
238,UCHyKqXsJU6qvQWlAFRfh4HA,B3A9Lii,ku6CwWKhTFk,2023-11-29T19:00:31Z,"2023-11-29 19:00:31","لبنات واش هرب ليكم ؟؟؟؟ ... أش هادشي ؟؟؟","PYPL / https://www.paypal.me/abdelouahedbenomar STORE / https://www.merchy.ma/stores/abdo PUB : benomarabdelouahed71@gmail.com TROVO / https://trovo.live/s/b3a9lii INSTA / https://www.instagram.com/abdelouahed_benomar/ FACE / https://www.facebook.com/profile.php?id=100083432174759&mibextid=ZbWKwL DISCR / https://discord.gg/zysbnRgY",,22,"People & Blogs",,PT11M7S,667,2d,hd,false,ar,ar,https://i.ytimg.com/vi/ku6CwWKhTFk/maxresdefault.jpg,1,,,,,515475,51050,,0,1433
239,UCHyKqXsJU6qvQWlAFRfh4HA,B3A9Lii,LxH0fxXZF7Y,2023-11-26T18:00:08Z,"2023-11-26 18:00:08","جربت المشروبات الأسيوية ... 🤢","PYPL / https://www.paypal.me/abdelouahedbenomar STORE / https://www.merchy.ma/stores/abdo PUB : benomarabdelouahed71@gmail.com TROVO / https://trovo.live/s/b3a9lii INSTA / https://www.instagram.com/abdelouahed_benomar/ FACE / https://www.facebook.com/profile.php?id=100083432174759&mibextid=ZbWKwL DISCR / https://discord.gg/zysbnRgY",,22,"People & Blogs","Food,Lifestyle_(sociology)",PT15M26S,926,2d,hd,false,ar,ar,https://i.ytimg.com/vi/LxH0fxXZF7Y/maxresdefault.jpg,1,,,,,646096,61196,,0,1491
240,UCHyKqXsJU6qvQWlAFRfh4HA,B3A9Lii,KetJXQmPlls,2023-11-25T20:15:00Z,"2023-11-25 20:15:00","أجي تعلم كفاش طيح لبنات غي ب 300 درهم مع الكوتش المعجزة","STORE / https://www.merchy.ma/stores/abdo PUB : benomarabdelouahed71@gmail.com TROVO / https://trovo.live/s/b3a9lii INSTA / https://www.instagram.com/abdelouahed_benomar/ FACE / https://www.facebook.com/profile.php?id=100083432174759&mibextid=ZbWKwL DISCR / https://discord.gg/zysbnRgY",,22,"People & Blogs",,PT10M35S,635,2d,hd,false,ar,ar,https://i.ytimg.com/vi/KetJXQmPlls/maxresdefault.jpg,1,,,,,226502,20782,,0,1043
241,UCHyKqXsJU6qvQWlAFRfh4HA,B3A9Lii,sOY5aoxPw1I,2023-11-22T18:00:28Z,"2023-11-22 18:00:28","أخيب خدمة خدمتها فحياتي","PYPL / https://www.paypal.com/qrcodes/p2pqrc/PY4DYJEZVXUMS STORE / https://www.merchy.ma/stores/abdo PUB : benomarabdelouahed71@gmail.com TROVO / https://trovo.live/s/b3a9lii INSTA / https://www.instagram.com/abdelouahed_benomar/ FACE / https://www.facebook.com/profile.php?id=100083432174759&mibextid=ZbWKwL DISCR / https://discord.gg/zysbnRgY",,22,"People & Blogs",,PT12M58S,778,2d,hd,false,ar,ar,https://i.ytimg.com/vi/sOY5aoxPw1I/maxresdefault.jpg,1,,,,,366059,33521,,0,1130
242,UCHyKqXsJU6qvQWlAFRfh4HA,B3A9Lii,7jRzi1Y3-gM,2023-11-19T13:00:06Z,"2023-11-19 13:00:06","سناء عكرود خرجات على سيطرة ... كتقلب على راجل ثاني","PYPL / https://www.paypal.com/qrcodes/p2pqrc/PY4DYJEZVXUMS STORE / https://www.merchy.ma/stores/abdo PUB : benomarabdelouahed71@gmail.com TROVO / https://trovo.live/s/b3a9lii INSTA / https://www.instagram.com/abdelouahed_benomar/ FACE / https://www.facebook.com/profile.php?id=100083432174759&mibextid=ZbWKwL DISCR / https://discord.gg/zysbnRgY",,22,"People & Blogs",,PT8M16S,496,2d,hd,false,ar,ar,,1,,,,,367807,30947,,0,791
243,UCHyKqXsJU6qvQWlAFRfh4HA,B3A9Lii,zWOGH-ZVwfc,2023-11-16T18:00:35Z,"2023-11-16 18:00:35","أول مرة نجرب سوشي فحياتي ...🤢","STORE / https://www.merchy.ma/stores/abdo PUB : benomarabdelouahed71@gmail.com TROVO / https://trovo.live/s/b3a9lii INSTA / https://www.instagram.com/abdelouahed_benomar/ FACE / https://www.facebook.com/profile.php?id=100083432174759&mibextid=ZbWKwL DISCR / https://discord.gg/zysbnRgY",,22,"People & Blogs","Food,Lifestyle_(sociology)",PT8M5S,485,2d,hd,false,ar,ar,,1,,,,,543552,43440,,0,1250
244,UCHyKqXsJU6qvQWlAFRfh4HA,B3A9Lii,7jtbIXjpxig,2023-11-15T18:30:07Z,"2023-11-15 18:30:07","كانو غينصبو عليا و عليكم","STORE / https://www.merchy.ma/stores/abdo PUB : benomarabdelouahed71@gmail.com TROVO / https://trovo.live/s/b3a9lii INSTA / https://www.instagram.com/abdelouahed_benomar/ FACE / https://www.facebook.com/profile.php?id=100083432174759&mibextid=ZbWKwL DISCR / https://discord.gg/zysbnRgY",,22,"People & Blogs",,PT12M55S,775,2d,hd,false,ar,ar,,1,,,,,283021,29372,,0,834
245,UCHyKqXsJU6qvQWlAFRfh4HA,B3A9Lii,fsnh2sVd56I,2023-11-11T13:45:02Z,"2023-11-11 13:45:02","قالك خلص 1500 درهم باش يرجعك راجل ... لقاء الجبابرة","STORE / https://www.merchy.ma/stores/abdo PUB : benomarabdelouahed71@gmail.com TROVO / https://trovo.live/s/b3a9lii INSTA / https://www.instagram.com/abdelouahed_benomar/ FACE / https://www.facebook.com/profile.php?id=100083432174759&mibextid=ZbWKwL DISCR / https://discord.gg/zysbnRgY",,22,"People & Blogs",,PT11M39S,699,2d,hd,false,ar,ar,,1,,,,,243083,23264,,0,725
246,UCHyKqXsJU6qvQWlAFRfh4HA,B3A9Lii,OBmGwLVRTFY,2023-11-10T18:15:00Z,"2023-11-10 18:15:00","تحديت زروق و صاوبت احسن ماكلة فحياتي @abdellahzarouk","ورك(ي) على الرابط غيدخلك عند الفيديو ديال زروق 👇👇👇👇 https://youtu.be/a1g0kA4rBg0?si=e27Ju44Igq3la0Gt STORE / https://www.merchy.ma/stores/abdo PUB : benomarabdelouahed71@gmail.com TROVO / https://trovo.live/s/b3a9lii INSTA / https://www.instagram.com/abdelouahed_benomar/ FACE / https://www.facebook.com/profile.php?id=100083432174759&mibextid=ZbWKwL DISCR / https://discord.gg/zysbnRgY",,22,"People & Blogs","Food,Lifestyle_(sociology)",PT13M10S,790,2d,hd,false,ar,ar,,1,,,,,317601,26691,,0,601
247,UCHyKqXsJU6qvQWlAFRfh4HA,B3A9Lii,Chx1wzwmLE8,2023-11-06T18:00:06Z,"2023-11-06 18:00:06","أجي نتعلمو نلبسو مع المغربي ديالنا ... غنبانو مهيبين","STORE / https://www.merchy.ma/stores/abdo PUB : benomarabdelouahed71@gmail.com TROVO / https://trovo.live/s/b3a9lii INSTA / https://www.instagram.com/abdelouahed_benomar/ FACE / https://www.facebook.com/profile.php?id=100083432174759&mibextid=ZbWKwL DISCR / https://discord.gg/zysbnRgY",,22,"People & Blogs",,PT11M26S,686,2d,hd,false,ar,ar,,1,,,,,357943,31448,,0,1031
248,UCHyKqXsJU6qvQWlAFRfh4HA,B3A9Lii,hqDP1zJEe_w,2023-11-04T13:15:04Z,"2023-11-04 13:15:04","جربت الماكلة ديال الفيسبوك ... ميمكنش 🙂","STORE / https://www.merchy.ma/stores/abdo PUB : benomarabdelouahed71@gmail.com TROVO / https://trovo.live/s/b3a9lii INSTA / https://www.instagram.com/abdelouahed_benomar/ FACE / https://www.facebook.com/profile.php?id=100083432174759&mibextid=ZbWKwL DISCR / https://discord.gg/zysbnRgY",,22,"People & Blogs","Food,Lifestyle_(sociology)",PT10M52S,652,2d,hd,false,ar,ar,,1,,,,,746863,43056,,0,933
249,UCHyKqXsJU6qvQWlAFRfh4HA,B3A9Lii,sKusPh4shUA,2023-11-03T18:30:42Z,"2023-11-03 18:30:42","مغاربة هرب ليهم ... كان غيموت على شوييية","STORE / https://www.merchy.ma/stores/abdo PUB : benomarabdelouahed71@gmail.com TROVO / https://trovo.live/s/b3a9lii INSTA / https://www.instagram.com/abdelouahed_benomar/ FACE / https://www.facebook.com/profile.php?id=100083432174759&mibextid=ZbWKwL DISCR / https://discord.gg/zysbnRgY",,22,"People & Blogs",,PT11M47S,707,2d,hd,false,ar,ar,,1,,,,,283458,26638,,0,671
250,UCHyKqXsJU6qvQWlAFRfh4HA,B3A9Lii,XzPVowyL3CY,2023-11-01T17:56:14Z,"2023-11-01 17:56:14","مشيت شفت شنو كيقلبو المغاربة فيوتيوب ... لقيت لعجب 😂","STORE / https://www.merchy.ma/stores/abdo PUB : benomarabdelouahed71@gmail.com TROVO / https://trovo.live/s/b3a9lii INSTA / https://www.instagram.com/abdelouahed_benomar/ FACE / https://www.facebook.com/profile.php?id=100083432174759&mibextid=ZbWKwL DISCR / https://discord.gg/zysbnRgY",,22,"People & Blogs",,PT10M49S,649,2d,hd,false,ar,ar,https://i.ytimg.com/vi/XzPVowyL3CY/maxresdefault.jpg,1,,,,,422078,38433,,0,841
251,UCHyKqXsJU6qvQWlAFRfh4HA,B3A9Lii,uI1UG0gC_HE,2023-10-25T19:56:06Z,"2023-10-25 19:56:06","جربت الأكل الأسياوي ... ميييييمكنش","STORE / https://www.merchy.ma/stores/abdo PUB : benomarabdelouahed71@gmail.com TROVO / https://trovo.live/s/b3a9lii INSTA / https://www.instagram.com/abdelouahed_benomar/ FACE / https://www.facebook.com/profile.php?id=100083432174759&mibextid=ZbWKwL DISCR / https://discord.gg/zysbnRgY",,22,"People & Blogs","Food,Lifestyle_(sociology)",PT12M53S,773,2d,hd,false,ar,ar,,1,,,,,938799,61181,,0,1924
252,UCHyKqXsJU6qvQWlAFRfh4HA,B3A9Lii,lhCWactfGY8,2023-10-24T17:36:46Z,"2023-10-24 17:36:46","لو خيروك بين توقف الحر.ب أو تاخد مليون دولار","STORE / https://www.merchy.ma/stores/abdo PUB : benomarabdelouahed71@gmail.com TROVO / https://trovo.live/s/b3a9lii INSTA / https://www.instagram.com/abdelouahed_benomar/ FACE / https://www.facebook.com/profile.php?id=100083432174759&mibextid=ZbWKwL DISCR / https://discord.gg/zysbnRgY",,22,"People & Blogs",,PT10M10S,610,2d,hd,false,ar,ar,,1,,,,,236086,22629,,0,586
253,UCHyKqXsJU6qvQWlAFRfh4HA,B3A9Lii,DGJ-qw1g-is,2023-10-22T13:43:23Z,"2023-10-22 13:43:23","دوزام 2M دارو برنامج ديال الفن و جابو هاد الفنان","STORE / https://www.merchy.ma/stores/abdo PUB : benomarabdelouahed71@gmail.com TROVO / https://trovo.live/s/b3a9lii INSTA / https://www.instagram.com/abdelouahed_benomar/ FACE / https://www.facebook.com/profile.php?id=100083432174759&mibextid=ZbWKwL DISCR / https://discord.gg/zysbnRgY",,22,"People & Blogs",,PT12M17S,737,2d,hd,false,ar,ar,,1,,,,,466020,28179,,0,836
254,UCHyKqXsJU6qvQWlAFRfh4HA,B3A9Lii,LyIia01TXRE,2023-10-21T12:54:30Z,"2023-10-21 12:54:30","بغا يعبر سخانة ولكن غلط فالبلاصة","STORE / https://www.merchy.ma/stores/abdo PUB : benomarabdelouahed71@gmail.com TROVO / https://trovo.live/s/b3a9lii INSTA / https://www.instagram.com/abdelouahed_benomar/ FACE / https://www.facebook.com/profile.php?id=100083432174759&mibextid=ZbWKwL DISCR / https://discord.gg/zysbnRgY",,22,"People & Blogs",,PT8M41S,521,2d,hd,false,ar,ar,,1,,,,,452286,29105,,0,582
255,UCHyKqXsJU6qvQWlAFRfh4HA,B3A9Lii,iW_VQzLfcZQ,2023-10-17T13:19:45Z,"2023-10-17 13:19:45","هادشي خرج على سيطرة ...بنادم ول كيتقيااا فلايفات ديال تيكتوك🤢","STORE / https://www.merchy.ma/stores/abdo PUB : benomarabdelouahed71@gmail.com TROVO / https://trovo.live/s/b3a9lii INSTA / https://www.instagram.com/abdelouahed_benomar/ FACE / https://www.facebook.com/profile.php?id=100083432174759&mibextid=ZbWKwL DISCR / https://discord.gg/zysbnRgY",,22,"People & Blogs",,PT16M22S,982,2d,hd,false,ar,ar,,1,,,,,476804,31962,,0,958
256,UCHyKqXsJU6qvQWlAFRfh4HA,B3A9Lii,xJd0-MsgN_Q,2023-10-12T18:19:18Z,"2023-10-12 18:19:18","هاد راجل قدر يولد أكثر من 500 ولد بلا ميعرف 😂","STORE / https://www.merchy.ma/stores/abdo PUB : benomarabdelouahed71@gmail.com TROVO / https://trovo.live/s/b3a9lii INSTA / https://www.instagram.com/abdelouahed_benomar/ FACE / https://www.facebook.com/profile.php?id=100083432174759&mibextid=ZbWKwL DISCR / https://discord.gg/zysbnRgY",,22,"People & Blogs",,PT8M55S,535,2d,hd,false,ar,ar,,1,,,,,197025,19073,,0,581
257,UCHyKqXsJU6qvQWlAFRfh4HA,B3A9Lii,lQrvsTgmtgg,2023-10-11T18:00:14Z,"2023-10-11 18:00:14","واش بصح كنت كنشرب شراب 🍾","STORE / https://www.merchy.ma/stores/abdo PUB : benomarabdelouahed71@gmail.com TROVO / https://trovo.live/s/b3a9lii INSTA / https://www.instagram.com/abdelouahed_benomar/ FACE / https://www.facebook.com/profile.php?id=100083432174759&mibextid=ZbWKwL DISCR / https://discord.gg/zysbnRgY",,22,"People & Blogs",,PT10M17S,617,2d,hd,false,ar,ar,,1,,,,,471252,63909,,0,828
258,UCHyKqXsJU6qvQWlAFRfh4HA,B3A9Lii,UKrDoD2q6-g,2023-10-07T18:00:00Z,"2023-10-07 18:00:00","عطاوني 9 المليون باش ندير ليهم إشهار","STORE / https://www.merchy.ma/stores/abdo PUB : benomarabdelouahed71@gmail.com TROVO / https://trovo.live/s/b3a9lii INSTA / https://www.instagram.com/abdelouahed_benomar/ FACE / https://www.facebook.com/profile.php?id=100083432174759&mibextid=ZbWKwL DISCR / https://discord.gg/zysbnRgY",,22,"People & Blogs",,PT11M11S,671,2d,hd,false,ar,ar,,1,,,,,324828,41340,,0,1983
259,UCHyKqXsJU6qvQWlAFRfh4HA,B3A9Lii,dTCPqmZlrQ4,2023-10-06T18:27:08Z,"2023-10-06 18:27:08","هاد وصال ضصرات شوية كتقلب على القرعة🍾","STORE / https://www.merchy.ma/stores/abdo PUB : benomarabdelouahed71@gmail.com TROVO / https://trovo.live/s/b3a9lii INSTA / https://www.instagram.com/abdelouahed_benomar/ FACE / https://www.facebook.com/profile.php?id=100083432174759&mibextid=ZbWKwL DISCR / https://discord.gg/zysbnRgY",,22,"People & Blogs",,PT12M22S,742,2d,hd,false,ar,ar,,1,,,,,492160,34050,,0,950
260,UCHyKqXsJU6qvQWlAFRfh4HA,B3A9Lii,SBzrJVrqZCY,2023-10-05T17:51:06Z,"2023-10-05 17:51:06","Story Time _ ضاربت مع مول طاكسي فتركيا و كانت غتفوتني طيارة","STORE / https://www.merchy.ma/stores/abdo PUB : benomarabdelouahed71@gmail.com TROVO / https://trovo.live/s/b3a9lii INSTA / https://www.instagram.com/abdelouahed_benomar/ FACE / https://www.facebook.com/profile.php?id=100083432174759&mibextid=ZbWKwL DISCR / https://discord.gg/zysbnRgY",,22,"People & Blogs",,PT9M53S,593,2d,hd,false,ar,ar,,1,,,,,294090,20211,,0,455
261,UCHyKqXsJU6qvQWlAFRfh4HA,B3A9Lii,4klSggVTivA,2023-09-27T19:21:43Z,"2023-09-27 19:21:43","كنت كنبان شمكااار ... طلعتوها عليا مزيااان هه","PUB : benomarabdelouahed71@gmail.com TROVO / https://trovo.live/s/b3a9lii INSTA / https://www.instagram.com/abdelouahed_benomar/ FACE / https://www.facebook.com/profile.php?id=100083432174759&mibextid=ZbWKwL DISCR / https://discord.gg/zysbnRgY",,22,"People & Blogs",,PT10M13S,613,2d,hd,false,ar,ar,,1,,,,,409847,40531,,0,1330
262,UCHyKqXsJU6qvQWlAFRfh4HA,B3A9Lii,TIjNRW7xPD8,2023-09-26T17:17:53Z,"2023-09-26 17:17:53","قاليكم سي وهبي عادي يدخل دري مع درية لدار واخا مامزوجينش","PUB : benomarabdelouahed71@gmail.com TROVO / https://trovo.live/s/b3a9lii INSTA / https://www.instagram.com/abdelouahed_benomar/ FACE / https://www.facebook.com/profile.php?id=100083432174759&mibextid=ZbWKwL DISCR / https://discord.gg/zysbnRgY",,22,"People & Blogs",,PT12M15S,735,2d,hd,false,ar,ar,,1,,,,,258335,24022,,0,760
263,UCHyKqXsJU6qvQWlAFRfh4HA,B3A9Lii,hEkK_0IqLY8,2023-09-23T17:15:03Z,"2023-09-23 17:15:03","أجي تشوفو ثروة ديال بنت أخنوش 🤑","PUB : benomarabdelouahed71@gmail.com TROVO / https://trovo.live/s/b3a9lii INSTA / https://www.instagram.com/abdelouahed_benomar/ FACE / https://www.facebook.com/profile.php?id=100083432174759&mibextid=ZbWKwL DISCR / https://discord.gg/zysbnRgY",,22,"People & Blogs",,PT18M11S,1091,2d,hd,false,ar,ar,,1,,,,,872702,58070,,0,1951
264,UCHyKqXsJU6qvQWlAFRfh4HA,B3A9Lii,kOkJLw4kiMU,2023-09-18T18:50:48Z,"2023-09-18 18:50:48","قوة فتاة عمرها 25 سنة = قوة رجل عمره 65 سنة","PUB : benomarabdelouahed71@gmail.com TROVO / https://trovo.live/s/b3a9lii INSTA / https://www.instagram.com/abdelouahed_benomar/ FACE / https://www.facebook.com/profile.php?id=100083432174759&mibextid=ZbWKwL DISCR / https://discord.gg/zysbnRgY",,22,"People & Blogs",Health,PT10M37S,637,2d,hd,false,ar,ar,,1,,,,,266097,41126,,0,884
265,UCHyKqXsJU6qvQWlAFRfh4HA,B3A9Lii,cbfXmrEas6o,2023-09-16T18:44:32Z,"2023-09-16 18:44:32","دريات خرجو على سيطرة - قالت لك الراجل بزز منو يخلص على لبنت","PUB : benomarabdelouahed71@gmail.com TROVO / https://trovo.live/s/b3a9lii INSTA / https://www.instagram.com/abdelouahed_benomar/ FACE / https://www.facebook.com/profile.php?id=100083432174759&mibextid=ZbWKwL DISCR / https://discord.gg/zysbnRgY",,22,"People & Blogs",,PT12M54S,774,2d,hd,false,ar,ar,,1,,,,,401249,41137,,0,3100
266,UCHyKqXsJU6qvQWlAFRfh4HA,B3A9Lii,oXBL7rp5AtA,2023-09-12T17:46:25Z,"2023-09-12 17:46:25","واش بصح ليلى عبداللطيف توقعات زلزا.ل المغرب؟ و شكون كيقولها ليها؟","PUB : benomarabdelouahed71@gmail.com TROVO / https://trovo.live/s/b3a9lii INSTA / https://www.instagram.com/abdelouahed_benomar/ FACE / https://www.facebook.com/profile.php?id=100083432174759&mibextid=ZbWKwL DISCR / https://discord.gg/zysbnRgY",,22,"People & Blogs","Politics,Society",PT8M44S,524,2d,hd,false,ar,ar,,1,,,,,347937,30864,,0,1317
267,UCHyKqXsJU6qvQWlAFRfh4HA,B3A9Lii,1GXavR7cwgY,2023-09-09T21:34:54Z,"2023-09-09 21:34:54","زلزال ضرب المغرب و بنادم ناشط","PUB : benomarabdelouahed71@gmail.com TROVO / https://trovo.live/s/b3a9lii INSTA / https://www.instagram.com/abdelouahed_benomar/ FACE / https://www.facebook.com/profile.php?id=100083432174759&mibextid=ZbWKwL DISCR / https://discord.gg/zysbnRgY",,22,"People & Blogs",Society,PT8M56S,536,2d,hd,false,ar,ar,,,,,,,592345,51197,,0,1952
268,UCHyKqXsJU6qvQWlAFRfh4HA,B3A9Lii,rWiT40_-9ZI,2023-09-07T20:42:17Z,"2023-09-07 20:42:17","مغربي مصدوم من مميزات السيارة الكهربائية الجزائرية","PUB : benomarabdelouahed71@gmail.com TROVO / https://trovo.live/s/b3a9lii INSTA / https://www.instagram.com/abdelouahed_benomar/ FACE / https://www.facebook.com/profile.php?id=100094224713954&mibextid=ZbWKwL DISCR / https://discord.gg/zysbnRgY INSTA / https://www.instagram.com/abdelouahed_benomar/ FACE / https://www.facebook.com/profile.php?id=100094224713954&mibextid=ZbWKwL DISCR / https://discord.gg/zysbnRgY",,22,"People & Blogs",Vehicle,PT11M,660,2d,hd,false,ar,ar,,1,,,,,300261,31882,,0,1069
269,UCHyKqXsJU6qvQWlAFRfh4HA,B3A9Lii,wiHkZ9MnurE,2023-09-03T14:18:02Z,"2023-09-03 14:18:02","قالت لك الى كمات البنت و شربات عادي","TROVO / https://trovo.live/s/b3a9lii INSTA / https://www.instagram.com/abdelouahed_benomar/ FACE / https://www.facebook.com/profile.php?id=100094224713954&mibextid=ZbWKwL DISCR / https://discord.gg/zysbnRgY INSTA / https://www.instagram.com/abdelouahed_benomar/ FACE / https://www.facebook.com/profile.php?id=100094224713954&mibextid=ZbWKwL DISCR / https://discord.gg/zysbnRgY",,22,"People & Blogs",,PT13M13S,793,2d,hd,false,ar,ar,,1,,,,,283216,25589,,0,756
270,UCHyKqXsJU6qvQWlAFRfh4HA,B3A9Lii,dGc3_WwVFLg,2023-09-01T13:50:11Z,"2023-09-01 13:50:11","بسبب أنها طلقاتو ولات أغنى إمرأة فالعالم 😲","TROVO / https://trovo.live/s/b3a9lii INSTA / https://www.instagram.com/abdelouahed_benomar/ FACE / https://www.facebook.com/profile.php?id=100094224713954&mibextid=ZbWKwL DISCR / https://discord.gg/zysbnRgY INSTA / https://www.instagram.com/abdelouahed_benomar/ FACE / https://www.facebook.com/profile.php?id=100094224713954&mibextid=ZbWKwL DISCR / https://discord.gg/zysbnRgY",,22,"People & Blogs",,PT12M38S,758,2d,hd,false,ar,ar,,1,,,,,249798,22221,,0,718
271,UCHyKqXsJU6qvQWlAFRfh4HA,B3A9Lii,pfEHJ3T2_ko,2023-08-24T13:12:56Z,"2023-08-24 13:12:56","أغرب الأشياء لقاوها في جسم الإنسان / راجل لقاو فيه دري صغير","TROVO / https://trovo.live/s/b3a9lii INSTA / https://www.instagram.com/abdelouahed_benomar/ FACE / https://www.facebook.com/profile.php?id=100094224713954&mibextid=ZbWKwL DISCR / https://discord.gg/zysbnRgY INSTA / https://www.instagram.com/abdelouahed_benomar/ FACE / https://www.facebook.com/profile.php?id=100094224713954&mibextid=ZbWKwL DISCR / https://discord.gg/zysbnRgY",,22,"People & Blogs",Health,PT9M44S,584,2d,hd,false,ar,ar,https://i.ytimg.com/vi/pfEHJ3T2_ko/maxresdefault.jpg,1,,,,,332218,33901,,0,1196
272,UCHyKqXsJU6qvQWlAFRfh4HA,B3A9Lii,2GggFAqSzEQ,2023-08-20T19:53:24Z,"2023-08-20 19:53:24","المعانات ديال المغاربة فالبحر مع صحاب الباراسول","TROVO / https://trovo.live/s/b3a9lii INSTA / https://www.instagram.com/abdelouahed_benomar/ FACE / DISCR / https://discord.gg/zysbnRgY INSTA / https://www.instagram.com/abdelouahed_benomar/ FACE / DISCR / https://discord.gg/zysbnRgY",,22,"People & Blogs",,PT12M17S,737,2d,hd,false,ar,ar,https://i.ytimg.com/vi/2GggFAqSzEQ/maxresdefault.jpg,1,,,,,324585,32729,,0,1153
273,UCHyKqXsJU6qvQWlAFRfh4HA,B3A9Lii,P7K0DPAYZ_o,2023-08-19T13:46:01Z,"2023-08-19 13:46:01","ربيت فراخ من صغرهم و منين كبرو شوفو شنو طرا ❤️❤️","TROVO / https://trovo.live/s/b3a9lii INSTA / https://www.instagram.com/abdelouahed_benomar/ FACE / DISCR / https://discord.gg/zysbnRgY INSTA / https://www.instagram.com/abdelouahed_benomar/ FACE / DISCR / https://discord.gg/zysbnRgY",,22,"People & Blogs",Lifestyle_(sociology),PT14M49S,889,2d,hd,false,ar,ar,https://i.ytimg.com/vi/P7K0DPAYZ_o/maxresdefault.jpg,1,,,,,315149,19227,,0,614
274,UCHyKqXsJU6qvQWlAFRfh4HA,B3A9Lii,QovUhfYq0xY,2023-08-09T14:21:14Z,"2023-08-09 14:21:14","جاوبت على الأسئلة ديالكم","TROVO / https://trovo.live/s/b3a9lii INSTA / https://www.instagram.com/abdelouahed_benomar/ FACE / https://www.facebook.com/profile.php?id=100094224713954&mibextid=ZbWKwL DISCR / https://discord.gg/zysbnRgY INSTA / https://www.instagram.com/abdelouahed_benomar/ FACE / https://www.facebook.com/profile.php?id=100094224713954&mibextid=ZbWKwL DISCR / https://discord.gg/zysbnRgY",,22,"People & Blogs",,PT12M17S,737,2d,hd,false,ar,ar,https://i.ytimg.com/vi/QovUhfYq0xY/maxresdefault.jpg,1,,,,,371920,46832,,0,1722
275,UCHyKqXsJU6qvQWlAFRfh4HA,B3A9Lii,il8Z12IGoo8,2023-08-05T14:00:56Z,"2023-08-05 14:00:56","هذا راه جهل هذا","TROVO / https://trovo.live/s/b3a9lii INSTA / https://www.instagram.com/abdelouahed_benomar/ FACE / https://www.facebook.com/B3A9Li-106478945100452 DISCR / https://discord.gg/zysbnRgY INSTA / https://www.instagram.com/abdelouahed_benomar/ FACE / https://www.facebook.com/B3A9Li-106478945100452 DISCR / https://discord.gg/zysbnRgY",,22,"People & Blogs",,PT12M52S,772,2d,hd,false,ar,ar,https://i.ytimg.com/vi/il8Z12IGoo8/maxresdefault.jpg,1,,,,,552996,40670,,0,976
276,UCHyKqXsJU6qvQWlAFRfh4HA,B3A9Lii,Mrl26L4EXlU,2023-08-01T20:05:45Z,"2023-08-01 20:05:45","هاد لبنات خرجو على سيطرة ... أغرب لمضاربات دازو فالويب المغربي","TROVO / https://trovo.live/s/b3a9lii INSTA / https://www.instagram.com/abdelouahed_benomar/ FACE / https://www.facebook.com/B3A9Li-106478945100452 DISCR / https://discord.gg/zysbnRgY INSTA / https://www.instagram.com/abdelouahed_benomar/ FACE / https://www.facebook.com/B3A9Li-106478945100452 DISCR / https://discord.gg/zysbnRgY",,22,"People & Blogs",,PT12M24S,744,2d,hd,false,ar,ar,https://i.ytimg.com/vi/Mrl26L4EXlU/maxresdefault.jpg,1,,,,,348056,35148,,0,1119
277,UCHyKqXsJU6qvQWlAFRfh4HA,B3A9Lii,lFw35sa6OGc,2023-07-30T20:01:42Z,"2023-07-30 20:01:42","Story Time / خرجات ليا درية فليل و هربات","HalaMe ، وهو تطبيق تكوين صداقات بالصوت يستخدمه أكثر من مليون فتى وفتاة عربي ، وله العديد من الوظائف الشيقة وهو مجاني تحميل HalaMe: http://bit.ly/3KeLkKd TROVO / https://trovo.live/s/b3a9lii INSTA / https://www.instagram.com/abdelouahed_benomar/ FACE / https://www.facebook.com/profile.php?id=100094224713954&mibextid=ZbWKwL DISCR / https://discord.gg/zysbnRgY INSTA / https://www.instagram.com/abdelouahed_benomar/ FACE / https://www.facebook.com/profile.php?id=100094224713954&mibextid=ZbWKwL DISCR / https://discord.gg/zysbnRgY",,22,"People & Blogs",,PT12M47S,767,2d,hd,false,ar,ar,https://i.ytimg.com/vi/lFw35sa6OGc/maxresdefault.jpg,1,,,,,549606,46614,,0,1974
278,UCHyKqXsJU6qvQWlAFRfh4HA,B3A9Lii,yUd9z6D0ZOU,2023-07-29T12:46:07Z,"2023-07-29 12:46:07","مغربي بسبب أنه دافع على مرتو غيتعذب فحياتو","TROVO / https://trovo.live/s/b3a9lii INSTA / https://www.instagram.com/abdelouahed_benomar/ FACE / https://www.facebook.com/B3A9Li-106478945100452 DISCR / https://discord.gg/zysbnRgY INSTA / https://www.instagram.com/abdelouahed_benomar/ FACE / https://www.facebook.com/B3A9Li-106478945100452 DISCR / https://discord.gg/zysbnRgY",,22,"People & Blogs",Society,PT10M8S,608,2d,hd,false,ar,ar,https://i.ytimg.com/vi/yUd9z6D0ZOU/maxresdefault.jpg,1,,,,,387041,36444,,0,899
279,UCHyKqXsJU6qvQWlAFRfh4HA,B3A9Lii,eJFkfz6a8pI,2023-07-24T21:18:20Z,"2023-07-24 21:18:20","ها سبب لي خرج على المنتخب الوطني نسوي و خلاهم يخسرو ب 6","TROVO / https://trovo.live/s/b3a9lii INSTA / https://www.instagram.com/abdelouahed_benomar/ FACE / https://www.facebook.com/profile.php?id=100094224713954&mibextid=ZbWKwL DISCR / https://discord.gg/zysbnRgY INSTA / https://www.instagram.com/abdelouahed_benomar/ FACE / https://www.facebook.com/profile.php?id=100094224713954&mibextid=ZbWKwL DISCR / https://discord.gg/zysbnRgY",,22,"People & Blogs",,PT9M56S,596,2d,hd,false,ar,ar,https://i.ytimg.com/vi/eJFkfz6a8pI/maxresdefault.jpg,1,,,,,229594,28244,,0,884
280,UCHyKqXsJU6qvQWlAFRfh4HA,B3A9Lii,g2XfE9bJA1g,2023-07-22T14:25:29Z,"2023-07-22 14:25:29","ضاربت مع منقبة فطاكسي كبير 🙂","TROVO / https://trovo.live/s/b3a9lii INSTA / https://www.instagram.com/abdelouahed_benomar/ FACE / https://www.facebook.com/B3A9Li-106478945100452 DISCR / https://discord.gg/zysbnRgY INSTA / https://www.instagram.com/abdelouahed_benomar/ FACE / https://www.facebook.com/B3A9Li-106478945100452 DISCR / https://discord.gg/zysbnRgY",,22,"People & Blogs",,PT13M57S,837,2d,hd,false,ar,ar,https://i.ytimg.com/vi/g2XfE9bJA1g/maxresdefault.jpg,1,,,,,593475,50545,,0,1685
281,UCHyKqXsJU6qvQWlAFRfh4HA,B3A9Lii,tFtZcBtA640,2023-07-16T19:32:27Z,"2023-07-16 19:32:27","بنادم تبعتووه على فلوسو ..","TROVO / https://trovo.live/s/b3a9lii INSTA / https://www.instagram.com/abdelouahed_benomar/ FACE / https://www.facebook.com/profile.php?id=100094224713954&mibextid=ZbWKwL DISCR / https://discord.gg/zysbnRgY INSTA / https://www.instagram.com/abdelouahed_benomar/ FACE / https://www.facebook.com/profile.php?id=100094224713954&mibextid=ZbWKwL DISCR / https://discord.gg/zysbnRgY",,22,"People & Blogs",,PT11M1S,661,2d,hd,false,ar,ar,https://i.ytimg.com/vi/tFtZcBtA640/maxresdefault.jpg,1,,,,,427007,42074,,0,1277
282,UCHyKqXsJU6qvQWlAFRfh4HA,B3A9Lii,OUfGOo1qKz0,2023-07-12T18:24:14Z,"2023-07-12 18:24:14","أغرب حاجة لقيت فجوطية ... 😂😂😂","TROVO / https://trovo.live/s/b3a9lii INSTA / https://www.instagram.com/abdelouahed_benomar/ FACE / https://www.facebook.com/profile.php?id=100094224713954&mibextid=ZbWKwL DISCR / https://discord.gg/zysbnRgY INSTA / https://www.instagram.com/abdelouahed_benomar/ FACE / https://www.facebook.com/profile.php?id=100094224713954&mibextid=ZbWKwL DISCR / https://discord.gg/zysbnRgY",,22,"People & Blogs",,PT11M56S,716,2d,hd,false,ar,ar,https://i.ytimg.com/vi/OUfGOo1qKz0/maxresdefault.jpg,1,,,,,308115,45964,,0,2077
283,UCHyKqXsJU6qvQWlAFRfh4HA,B3A9Lii,YtU2tYWQk6E,2023-07-05T19:13:26Z,"2023-07-05 19:13:26","بنادم جعر و خرج على سيطرة 😡","TROVO / https://trovo.live/s/b3a9lii INSTA / https://www.instagram.com/abdelouahed_benomar/ FACE / https://www.facebook.com/B3A9Li-106478945100452 DISCR / https://discord.gg/zysbnRgY INSTA / https://www.instagram.com/abdelouahed_benomar/ FACE / https://www.facebook.com/B3A9Li-106478945100452 DISCR / https://discord.gg/zysbnRgY",,22,"People & Blogs",,PT18M5S,1085,2d,hd,false,ar,ar,https://i.ytimg.com/vi/YtU2tYWQk6E/maxresdefault.jpg,1,,,,,952779,83277,,0,2766
284,UCHyKqXsJU6qvQWlAFRfh4HA,B3A9Lii,IRDz03XC9ns,2023-07-03T17:26:09Z,"2023-07-03 17:26:09","ها منين كتجي البنة ديال ماكلة زنقة","TROVO / https://trovo.live/s/b3a9lii INSTA / https://www.instagram.com/abdelouahed_benomar/ FACE / https://www.facebook.com/B3A9Li-106478945100452 DISCR / https://discord.gg/zysbnRgY INSTA / https://www.instagram.com/abdelouahed_benomar/ FACE / https://www.facebook.com/B3A9Li-106478945100452 DISCR / https://discord.gg/zysbnRgY",,22,"People & Blogs",Food,PT12M9S,729,2d,hd,false,ar,ar,https://i.ytimg.com/vi/IRDz03XC9ns/maxresdefault.jpg,1,,,,,369908,38621,,0,1148
285,UCHyKqXsJU6qvQWlAFRfh4HA,B3A9Lii,JDty7cTttlA,2023-07-01T17:15:00Z,"2023-07-01 17:15:00","شوطت ريوس ديال الحوالة انا و إسراء 😂 لموووت ديال ضحك","TROVO / https://trovo.live/s/b3a9lii INSTA / https://www.instagram.com/abdelouahed_benomar/ FACE / https://www.facebook.com/B3A9Li-106478945100452 DISCR / https://discord.gg/zysbnRgY INSTA / https://www.instagram.com/abdelouahed_benomar/ FACE / https://www.facebook.com/B3A9Li-106478945100452 DISCR / https://discord.gg/zysbnRgY",,22,"People & Blogs",,PT8M43S,523,2d,hd,false,ar,ar,https://i.ytimg.com/vi/JDty7cTttlA/maxresdefault.jpg,1,,,,,146077,15118,,0,559
286,UCHyKqXsJU6qvQWlAFRfh4HA,B3A9Lii,G3AtY6VArhE,2023-06-17T17:15:51Z,"2023-06-17 17:15:51","دوزت أحسن نهار فالغابة","TROVO / https://trovo.live/s/b3a9lii INSTA / https://www.instagram.com/abdelouahed_benomar/ FACE / https://www.facebook.com/B3A9Li-106478945100452 DISCR / https://discord.gg/zysbnRgY INSTA / https://www.instagram.com/abdelouahed_benomar/ FACE / https://www.facebook.com/B3A9Li-106478945100452 DISCR / https://discord.gg/zysbnRgY",,22,"People & Blogs",Lifestyle_(sociology),PT11M25S,685,2d,hd,false,ar,ar,https://i.ytimg.com/vi/G3AtY6VArhE/maxresdefault.jpg,1,,,,,130540,14199,,0,715
287,UCHyKqXsJU6qvQWlAFRfh4HA,B3A9Lii,4zlaLrn4yg0,2023-06-15T14:35:05Z,"2023-06-15 14:35:05","و سير نتا شري الخبز من المخبازة","TROVO / https://trovo.live/s/b3a9lii INSTA / https://www.instagram.com/abdelouahed_benomar/ FACE / https://www.facebook.com/B3A9Li-106478945100452 DISCR / https://discord.gg/zysbnRgY INSTA / https://www.instagram.com/abdelouahed_benomar/ FACE / https://www.facebook.com/B3A9Li-106478945100452 DISCR / https://discord.gg/zysbnRgY",,22,"People & Blogs",,PT13M9S,789,2d,hd,false,ar,ar,https://i.ytimg.com/vi/4zlaLrn4yg0/maxresdefault.jpg,1,,,,,698545,53287,,0,1399
288,UCHyKqXsJU6qvQWlAFRfh4HA,B3A9Lii,xLSMXucV4Uo,2023-06-12T13:40:37Z,"2023-06-12 13:40:37","Story Time / يوتيوب بغاو يرجعو ليا القناة ديالي ولكن بشرط","TROVO / https://trovo.live/s/b3a9lii INSTA / https://www.instagram.com/abdelouahed_benomar/ FACE / https://www.facebook.com/B3A9Li-106478945100452 DISCR / https://discord.gg/zysbnRgY",,22,"People & Blogs",,PT14M39S,879,2d,hd,false,ar,ar,https://i.ytimg.com/vi/xLSMXucV4Uo/maxresdefault.jpg,1,,,,,387278,50763,,0,2410
289,UCHyKqXsJU6qvQWlAFRfh4HA,B3A9Lii,60akToNGmaM,2023-05-23T17:24:29Z,"2023-05-23 17:24:29","تحديت صاحبي باش نحسن ليه ... مقابل ياخد لي بغا",,,22,"People & Blogs",Lifestyle_(sociology),PT15M22S,922,2d,hd,false,ar,ar,https://i.ytimg.com/vi/60akToNGmaM/maxresdefault.jpg,1,,,,,237676,25576,,0,1190
