position,channelId,channelTitle,videoId,publishedAt,publishedAtSQL,videoTitle,videoDescription,tags,videoCategoryId,videoCategoryLabel,topicCategories,duration,durationSec,dimension,definition,caption,defaultLanguage,defaultLAudioLanguage,thumbnail_maxres,licensedContent,hasPaidProductPlacement,locationDescription,latitude,longitude,viewCount,likeCount,dislikeCount,favoriteCount,commentCount
1,UCJCVxCW1dzEvFnzqDUU498g,BIMO,b9QQviGyI-4,2026-04-08T17:54:07Z,"2026-04-08 17:54:07","رجعت لعائلة ماشي ديالي… وكنت السبب فكارثة","Sendwave : https://try.sendwave.com/kjap/r1o7hqdg ------------------------------------------------- Instagram : https://www.instagram.com/bilal_mouhouch","bimo,bimogamer,bilal,morrocan,youtuber,gamer,td7ek tkhser,memes,trolat,funny videos,stori time,storie time,story time",28,"Science & Technology",Action-adventure_game,PT11M16S,676,2d,hd,false,en,ar,https://i.ytimg.com/vi/b9QQviGyI-4/maxresdefault.jpg,1,,,,,316275,19109,,0,659
2,UCJCVxCW1dzEvFnzqDUU498g,BIMO,O1JMBFHBMoM,2026-03-18T22:42:36Z,"2026-03-18 22:42:36","المِصْرِيين عَالم آخر، أَغرَب تَعلِيقَاتْ قرِيت فحيِاتِي","احصل على 10 دولارات عند استخدام رمز الدعوة : BIMO Sendwave : https://try.sendwave.com/kjap/r1o7hqdg ------------------------------------------------- Facebook : https://web.facebook.com/biiilalo Instagram : https://www.instagram.com/bilal_mouhouch -------------------------------------------------","bimo,td7ek tkhser,memes,storie time,story time,ecommerce,ecommerce business,ecommerce website,ecommerce business beginners,ecommerce website wordpress,ecommerce 2022,ecommerce course,ecommerce dropshipping,ecommerce local maroc,ecommerce product,ecommerce laravel,ecommerce website in laravel,e commerce business,e commerce شرح,assurance vie,assurance de stage maroc,assurance voiture maroc,assurance moto maroc,Facebook market place,theoldestvuew,egypt",28,"Science & Technology",,PT11M1S,661,2d,hd,false,en,ar,https://i.ytimg.com/vi/O1JMBFHBMoM/maxresdefault.jpg,1,,,,,452820,27359,,0,1018
3,UCJCVxCW1dzEvFnzqDUU498g,BIMO,wjFQ0-Jnt7M,2026-03-10T21:40:39Z,"2026-03-10 21:40:39","صنعو بشر ما كيموتوش","Facebook : https://web.facebook.com/biiilalo Instagram : https://www.instagram.com/bilal_mouhouch -------------------------------------------------","bimo,td7ek tkhser,memes,storie time,story time,ecommerce,ecommerce business,ecommerce website,ecommerce business beginners,ecommerce website wordpress,ecommerce 2022,ecommerce course,ecommerce dropshipping,ecommerce local maroc,ecommerce product,ecommerce laravel,ecommerce website in laravel,e commerce business,e commerce شرح,assurance vie,assurance de stage maroc,assurance voiture maroc,assurance moto maroc,Facebook market place,theoldestvuew",28,"Science & Technology",Society,PT10M55S,655,2d,hd,false,en,ar,https://i.ytimg.com/vi/wjFQ0-Jnt7M/maxresdefault.jpg,1,,,,,471365,25369,,0,723
4,UCJCVxCW1dzEvFnzqDUU498g,BIMO,CT3-UFe3YeI,2026-03-08T15:40:13Z,"2026-03-08 15:40:13","القانون الوحيد فدارنا: ما نهضرش مع الأم ديالي… حتى خالفتو💀","Facebook : https://web.facebook.com/biiilalo Instagram : https://www.instagram.com/bilal_mouhouch -------------------------------------------------","bimo,td7ek tkhser,memes,storie time,story time,ecommerce,ecommerce business,ecommerce website,ecommerce business beginners,ecommerce website wordpress,ecommerce 2022,ecommerce course,ecommerce dropshipping,ecommerce local maroc,ecommerce product,ecommerce laravel,ecommerce website in laravel,e commerce business,e commerce شرح,assurance vie,assurance de stage maroc,assurance voiture maroc,assurance moto maroc,Facebook market place,theoldestvuew",28,"Science & Technology",,PT13M44S,824,2d,hd,false,en,ar,https://i.ytimg.com/vi/CT3-UFe3YeI/maxresdefault.jpg,1,,,,,531450,28862,,0,921
5,UCJCVxCW1dzEvFnzqDUU498g,BIMO,Bcjti-jVaxU,2026-02-24T16:24:16Z,"2026-02-24 16:24:16","بيمو الفلاح #1 : غنصَوبْ المَزرعَة السعِيدَة","Facebook : https://web.facebook.com/biiilalo Instagram : https://www.instagram.com/bilal_mouhouch -------------------------------------------------","bimo,td7ek tkhser,memes,storie time,story time,ecommerce,ecommerce business,ecommerce website,ecommerce business beginners,ecommerce website wordpress,ecommerce 2022,ecommerce course,ecommerce dropshipping,ecommerce local maroc,ecommerce product,ecommerce laravel,ecommerce website in laravel,e commerce business,e commerce شرح,assurance vie,assurance de stage maroc,assurance voiture maroc,assurance moto maroc,Facebook market place,theoldestvuew",28,"Science & Technology",Lifestyle_(sociology),PT6M26S,386,2d,hd,false,en,ar,https://i.ytimg.com/vi/Bcjti-jVaxU/maxresdefault.jpg,1,,,,,211708,13984,,0,429
6,UCJCVxCW1dzEvFnzqDUU498g,BIMO,qgWMCiWFV8I,2026-02-23T21:03:10Z,"2026-02-23 21:03:10","FROM 0 TO HERO #1 : اكتشفت موهبة ضائعة 🤣","Facebook : https://web.facebook.com/biiilalo Instagram : https://www.instagram.com/bilal_mouhouch -------------------------------------------------","bimo,td7ek tkhser,memes,storie time,story time,ecommerce,ecommerce business,ecommerce business beginners,ecommerce website wordpress,ecommerce 2022,ecommerce course,ecommerce dropshipping,ecommerce local maroc,ecommerce product,ecommerce laravel,ecommerce website in laravel,e commerce business,e commerce شرح,assurance vie,assurance de stage maroc,assurance moto maroc,Facebook market place,theoldestvuew,freefire,freefire bimo,freefire maroc,freefirearabe",28,"Science & Technology","Action-adventure_game,Action_game,Role-playing_video_game,Video_game_culture",PT9M9S,549,2d,hd,false,en,ar,https://i.ytimg.com/vi/qgWMCiWFV8I/maxresdefault.jpg,1,,,,,198226,18030,,0,1499
7,UCJCVxCW1dzEvFnzqDUU498g,BIMO,ZXlyqHz6Fwo,2026-02-11T17:47:59Z,"2026-02-11 17:47:59","STORY TIME | سافرت لتركيا","Facebook : https://web.facebook.com/biiilalo Instagram : https://www.instagram.com/bilal_mouhouch -------------------------------------------------","bimo,td7ek tkhser,memes,storie time,story time,ecommerce,ecommerce business,ecommerce website,ecommerce business beginners,ecommerce website wordpress,ecommerce 2022,ecommerce course,ecommerce dropshipping,ecommerce local maroc,ecommerce product,ecommerce laravel,ecommerce website in laravel,e commerce business,e commerce شرح,assurance vie,assurance de stage maroc,assurance voiture maroc,assurance moto maroc,Facebook market place,theoldestvuew",28,"Science & Technology",,PT18M37S,1117,2d,hd,false,en,ar,https://i.ytimg.com/vi/ZXlyqHz6Fwo/maxresdefault.jpg,1,,,,,592519,28734,,0,625
8,UCJCVxCW1dzEvFnzqDUU498g,BIMO,S4YFGyUZuGU,2026-02-01T17:00:43Z,"2026-02-01 17:00:43","هَاد لبلاَن كَتْعيشُو كُل نهَار","Facebook : https://web.facebook.com/biiilalo Instagram : https://www.instagram.com/bilal_mouhouch -------------------------------------------------","bimo,td7ek tkhser,memes,storie time,story time,ecommerce,ecommerce business,ecommerce website,ecommerce business beginners,ecommerce website wordpress,ecommerce 2022,ecommerce course,ecommerce dropshipping,ecommerce local maroc,ecommerce product,ecommerce laravel,ecommerce website in laravel,e commerce business,e commerce شرح,assurance vie,assurance de stage maroc,assurance voiture maroc,assurance moto maroc,Facebook market place,theoldestvuew",28,"Science & Technology",,PT14M56S,896,2d,hd,false,en,ar,https://i.ytimg.com/vi/S4YFGyUZuGU/maxresdefault.jpg,1,,,,,353076,23915,,0,899
9,UCJCVxCW1dzEvFnzqDUU498g,BIMO,fVmTzouMv_s,2026-01-30T16:40:46Z,"2026-01-30 16:40:46","الحلقة الأخيرة : الحقيقة 💀","Facebook : https://web.facebook.com/biiilalo Instagram : https://www.instagram.com/bilal_mouhouch -------------------------------------------------","bimo,td7ek tkhser,memes,storie time,story time,ecommerce,ecommerce business,ecommerce website,ecommerce business beginners,ecommerce website wordpress,ecommerce 2022,ecommerce course,ecommerce dropshipping,ecommerce local maroc,ecommerce product,ecommerce laravel,ecommerce website in laravel,e commerce business,e commerce شرح,assurance vie,assurance de stage maroc,assurance voiture maroc,assurance moto maroc,Facebook market place,theoldestvuew",28,"Science & Technology",,PT1H1M47S,107,2d,hd,false,en,ar,https://i.ytimg.com/vi/fVmTzouMv_s/maxresdefault.jpg,1,,,,,479690,24204,,0,1861
10,UCJCVxCW1dzEvFnzqDUU498g,BIMO,pyapyKNgRng,2026-01-06T19:40:38Z,"2026-01-06 19:40:38","الحلقة 3 : السِّر اللّي مخبّى تحت الدار💀","Facebook : https://web.facebook.com/biiilalo Instagram : https://www.instagram.com/bilal_mouhouch -------------------------------------------------","bimo,td7ek tkhser,memes,storie time,story time,ecommerce,ecommerce business,ecommerce website,ecommerce business beginners,ecommerce website wordpress,ecommerce 2022,ecommerce course,ecommerce dropshipping,ecommerce local maroc,ecommerce product,ecommerce laravel,ecommerce website in laravel,e commerce business,e commerce شرح,assurance vie,assurance de stage maroc,assurance voiture maroc,assurance moto maroc,Facebook market place,theoldestvuew,penpal",28,"Science & Technology",,PT18M16S,1096,2d,hd,false,en,ar,https://i.ytimg.com/vi/pyapyKNgRng/maxresdefault.jpg,1,,,,,382321,20089,,0,1097
11,UCJCVxCW1dzEvFnzqDUU498g,BIMO,Z3L8eLmPM_A,2025-12-25T21:15:55Z,"2025-12-25 21:15:55","الحلقة 2 : الرسائل رجعات… ولكن💀","Facebook : https://web.facebook.com/biiilalo Instagram : https://www.instagram.com/bilal_mouhouch -------------------------------------------------","bimo,td7ek tkhser,memes,storie time,story time,ecommerce,ecommerce business,ecommerce website,ecommerce business beginners,ecommerce website wordpress,ecommerce 2022,ecommerce course,ecommerce dropshipping,ecommerce local maroc,ecommerce product,ecommerce laravel,ecommerce website in laravel,e commerce business,e commerce شرح,assurance vie,assurance de stage maroc,assurance voiture maroc,assurance moto maroc,Facebook market place,theoldestvuew,penpal",28,"Science & Technology",,PT13M36S,816,2d,hd,false,en,ar,https://i.ytimg.com/vi/Z3L8eLmPM_A/maxresdefault.jpg,1,,,,,454894,23645,,0,971
12,UCJCVxCW1dzEvFnzqDUU498g,BIMO,t_YgQPGh_g4,2025-12-20T17:59:39Z,"2025-12-20 17:59:39"," الحلقة 1 : كنت كنظن غير وهم… حتى ولات رعب💀","Instagram : https://www.instagram.com/bilal_mouhouch -------------------------------------------------","bimo,bimogamer,bilal,morrocan,youtuber,gamer,td7ek tkhser,memes,trolat,funny videos,stori time,storie time,story time",28,"Science & Technology",,PT9M23S,563,2d,hd,false,en,ar,https://i.ytimg.com/vi/t_YgQPGh_g4/maxresdefault.jpg,1,,,,,545201,30225,,0,1155
13,UCJCVxCW1dzEvFnzqDUU498g,BIMO,mJcEjU7Xbh8,2025-12-19T21:33:35Z,"2025-12-19 21:33:35","AKHIR VIDEO F INSTAGRAM","Facebook : https://web.facebook.com/biiilalo Instagram : https://www.instagram.com/bilal_mouhouch","bimo,td7ek tkhser,memes,storie time,story time,ecommerce,ecommerce business,ecommerce website,ecommerce business beginners,ecommerce website wordpress,ecommerce 2022,ecommerce course,ecommerce dropshipping,ecommerce local maroc,ecommerce product,ecommerce laravel,ecommerce website in laravel,e commerce business,e commerce شرح,assurance vie,assurance de stage maroc,assurance voiture maroc,assurance moto maroc,Facebook market place,theoldestvuew",28,"Science & Technology",Lifestyle_(sociology),PT11M50S,710,2d,hd,false,en,ar,https://i.ytimg.com/vi/mJcEjU7Xbh8/maxresdefault.jpg,,,,,,404594,26681,,0,746
14,UCJCVxCW1dzEvFnzqDUU498g,BIMO,wGC82UnyLNE,2025-11-28T19:14:33Z,"2025-11-28 19:14:33","الواليدة ديالي 6 سنين وهي غابرة… وانا ما لاحظتش","Facebook : https://web.facebook.com/biiilalo Instagram : https://www.instagram.com/bilal_mouhouch -------------------------------------------------","bimo,td7ek tkhser,memes,storie time,story time,ecommerce,ecommerce business,ecommerce website,ecommerce business beginners,ecommerce website wordpress,ecommerce 2022,ecommerce course,ecommerce dropshipping,ecommerce local maroc,ecommerce product,ecommerce laravel,ecommerce website in laravel,e commerce business,e commerce شرح,assurance vie,assurance de stage maroc,assurance voiture maroc,assurance moto maroc,Facebook market place,theoldestvuew",28,"Science & Technology",,PT16M27S,987,2d,hd,false,en,ar,https://i.ytimg.com/vi/wGC82UnyLNE/maxresdefault.jpg,1,,,,,529455,30504,,0,1011
15,UCJCVxCW1dzEvFnzqDUU498g,BIMO,M-nx5k2w2xc,2025-11-21T18:55:17Z,"2025-11-21 18:55:17","دخلت تجربة بـ 5000 دولار… و لقيت راسي محبوس فالجحيم","المستخدمين الجداد لي كيحمّلو تطبيق TEMU، غير قلّبو على الكود dyj2868 فـ""search bar"" باش تاخدو باك ديال الكوبونات بـ 1000 درهم وزيدو تشريو الاختيارات ديالي بـ 70% تخفيض. ولا استعملو هاد الرابط: https://app.temu.com/k/epvel60e1xh ✨شوفو وجربو كامل الاختيارات ديالي من الويب: https://app.temu.com/k/efbh7q41e3a #Temu #temureview #temufinds #shoptemu 🔗 الروابط ديال الاختيارات ديالي: 1️⃣ تابلت بـ 575 درهم 💰 (الثمن الأصلي: 1,150 درهم 💰) https://temu.to/k/exu0vi7qepd 2️⃣ سماعات Siindoo Hybrid Active Noise Cancelling مع شاشة اللمس، بـ 164 درهم 💰 (الثمن الأصلي: 564 درهم 💰) https://temu.to/k/edcyaciz3ya 3️⃣ شفّاط ديال الطوموبيل بقوة السحب بـ 66 درهم 💰 (الثمن الأصلي: 223 درهم 💰) https://temu.to/k/ethkkki1o2i","bimo,td7ek tkhser,memes,storie time,story time,ecommerce,ecommerce business,ecommerce website,ecommerce business beginners,ecommerce website wordpress,ecommerce 2022,ecommerce course,ecommerce dropshipping,ecommerce local maroc,ecommerce product,ecommerce laravel,ecommerce website in laravel,e commerce business,e commerce شرح,assurance vie,assurance de stage maroc,assurance voiture maroc,assurance moto maroc,Facebook market place,theoldestvuew",28,"Science & Technology",,PT20M26S,1226,2d,hd,false,en,ar,https://i.ytimg.com/vi/M-nx5k2w2xc/maxresdefault.jpg,1,,,,,894240,45053,,0,1240
16,UCJCVxCW1dzEvFnzqDUU498g,BIMO,ijOY-ai021M,2025-11-15T18:51:31Z,"2025-11-15 18:51:31","السمسار فالمغرب 🤣 .. الحقيقة لي ما كيعرفها حتى واحد💀!","Facebook : https://web.facebook.com/biiilalo Instagram : https://www.instagram.com/bilal_mouhouch -------------------------------------------------","bimo,td7ek tkhser,memes,storie time,story time,ecommerce,ecommerce business,ecommerce website,ecommerce business beginners,ecommerce website wordpress,ecommerce 2022,ecommerce course,ecommerce dropshipping,ecommerce local maroc,ecommerce product,ecommerce laravel,ecommerce website in laravel,e commerce business,e commerce شرح,assurance vie,assurance de stage maroc,assurance voiture maroc,assurance moto maroc,Facebook market place,theoldestvuew",28,"Science & Technology",,PT14M8S,848,2d,hd,false,en,ar,https://i.ytimg.com/vi/ijOY-ai021M/maxresdefault.jpg,1,,,,,592469,34308,,0,1108
17,UCJCVxCW1dzEvFnzqDUU498g,BIMO,kN_kpzc52a0,2025-10-09T20:43:31Z,"2025-10-09 20:43:31","أغرب الأسئلة لي كيطرحوهم المغاربة على GOOGLE","Facebook : https://web.facebook.com/biiilalo Instagram : https://www.instagram.com/bilal_mouhouch -------------------------------------------------","bimo,td7ek tkhser,memes,storie time,story time,ecommerce,ecommerce business,ecommerce website,ecommerce business beginners,ecommerce website wordpress,ecommerce 2022,ecommerce course,ecommerce dropshipping,ecommerce local maroc,ecommerce product,ecommerce laravel,ecommerce website in laravel,e commerce business,e commerce شرح,assurance vie,assurance de stage maroc,assurance voiture maroc,assurance moto maroc,Facebook market place,theoldestvuew",28,"Science & Technology",,PT7M51S,471,2d,hd,false,en,ar,https://i.ytimg.com/vi/kN_kpzc52a0/maxresdefault.jpg,1,,,,,617439,34361,,0,1795
18,UCJCVxCW1dzEvFnzqDUU498g,BIMO,J4PPkfsPVgE,2025-10-06T20:21:37Z,"2025-10-06 20:21:37","كَان عْندنَا كنْز فالدّار💀 | STORY TIME","Facebook : https://web.facebook.com/biiilalo Instagram : https://www.instagram.com/bilal_mouhouch -------------------------------------------------","bimo,td7ek tkhser,memes,storie time,story time,ecommerce,ecommerce business,ecommerce website,ecommerce business beginners,ecommerce website wordpress,ecommerce 2022,ecommerce course,ecommerce dropshipping,ecommerce local maroc,ecommerce product,ecommerce laravel,ecommerce website in laravel,e commerce business,e commerce شرح,assurance vie,assurance de stage maroc,assurance voiture maroc,assurance moto maroc,Facebook market place,theoldestvuew",28,"Science & Technology",,PT16M56S,1016,2d,hd,false,en,ar,https://i.ytimg.com/vi/J4PPkfsPVgE/maxresdefault.jpg,1,,,,,946556,44359,,0,1306
19,UCJCVxCW1dzEvFnzqDUU498g,BIMO,wx_khUJG810,2025-09-26T17:16:19Z,"2025-09-26 17:16:19","لَائِحة لقِيتْهَا مْكتُوبَة بخَط يدِي و ما عَاقْلش علِيهَا","Facebook : https://web.facebook.com/biiilalo Instagram : https://www.instagram.com/bilal_mouhouch -------------------------------------------------","bimo,td7ek tkhser,memes,storie time,story time,ecommerce,ecommerce business,ecommerce website,ecommerce business beginners,ecommerce website wordpress,ecommerce 2022,ecommerce course,ecommerce dropshipping,ecommerce local maroc,ecommerce product,ecommerce laravel,ecommerce website in laravel,e commerce business,e commerce شرح,assurance vie,assurance de stage maroc,assurance voiture maroc,assurance moto maroc,Facebook market place,theoldestvuew",28,"Science & Technology",,PT21M48S,1308,2d,hd,false,en,ar,https://i.ytimg.com/vi/wx_khUJG810/maxresdefault.jpg,1,,,,,719739,39487,,0,1180
20,UCJCVxCW1dzEvFnzqDUU498g,BIMO,o27C8KQ_hxg,2025-09-03T18:14:38Z,"2025-09-03 18:14:38","حفرة كتوصّل لعالم آخر ( الجزء الثاني )","Facebook : https://web.facebook.com/biiilalo Instagram : https://www.instagram.com/bilal_mouhouch -------------------------------------------------","bimo,td7ek tkhser,memes,storie time,story time,ecommerce,ecommerce business,ecommerce website,ecommerce business beginners,ecommerce website wordpress,ecommerce 2022,ecommerce course,ecommerce dropshipping,ecommerce local maroc,ecommerce product,ecommerce laravel,ecommerce website in laravel,e commerce business,e commerce شرح,assurance vie,assurance de stage maroc,assurance voiture maroc,assurance moto maroc,Facebook market place,theoldestvuew",28,"Science & Technology",,PT20M43S,1243,2d,hd,false,en,ar,https://i.ytimg.com/vi/o27C8KQ_hxg/maxresdefault.jpg,1,,,,,672289,48897,,0,2328
21,UCJCVxCW1dzEvFnzqDUU498g,BIMO,MaERVzdxaZQ,2025-08-23T18:59:42Z,"2025-08-23 18:59:42","حفرة كتوصّل لعالم آخر","Facebook : https://web.facebook.com/biiilalo Instagram : https://www.instagram.com/bilal_mouhouch -------------------------------------------------","bimo,td7ek tkhser,memes,storie time,story time,ecommerce,ecommerce business,ecommerce website,ecommerce business beginners,ecommerce website wordpress,ecommerce 2022,ecommerce course,ecommerce dropshipping,ecommerce local maroc,ecommerce product,ecommerce laravel,ecommerce website in laravel,e commerce business,e commerce شرح,assurance vie,assurance de stage maroc,assurance voiture maroc,assurance moto maroc,Facebook market place,theoldestvuew",28,"Science & Technology",Action-adventure_game,PT19M21S,1161,2d,hd,false,en,ar,https://i.ytimg.com/vi/MaERVzdxaZQ/maxresdefault.jpg,1,,,,,1103215,51295,,0,4086
22,UCJCVxCW1dzEvFnzqDUU498g,BIMO,mhjSaWDd1N8,2025-08-14T21:49:33Z,"2025-08-14 21:49:33","شْرِيت دَار كَان سَاكن فِيهَا سحّار","Yoxo : https://oran.ge/3TZfHZQ Instagram : https://www.instagram.com/bilal_mouhouch -------------------------------------------------","bimo,td7ek tkhser,memes,storie time,story time,ecommerce,ecommerce business,ecommerce website,ecommerce business beginners,ecommerce website wordpress,ecommerce 2022,ecommerce course,ecommerce dropshipping,ecommerce local maroc,ecommerce product,ecommerce laravel,ecommerce website in laravel,e commerce business,e commerce شرح,assurance vie,assurance de stage maroc,assurance voiture maroc,assurance moto maroc,Facebook market place,Facebook market",28,"Science & Technology",,PT26M37S,1597,2d,hd,false,en,ar,https://i.ytimg.com/vi/mhjSaWDd1N8/maxresdefault.jpg,1,,,,,1083809,49864,,0,2123
23,UCJCVxCW1dzEvFnzqDUU498g,BIMO,75xxBnTy544,2025-08-10T17:13:53Z,"2025-08-10 17:13:53","FAWDA 01 - (ft Kawtar Bamo & Milfaya)","FAWDA EPISODE 1 : Milfaya : https://www.instagram.com/milfaya__ Kawtar Bamo : https://www.instagram.com/kawtarbamo -------------------------------------------------","bimo,td7ek tkhser,storie time,ecommerce,ecommerce business,ecommerce business beginners,ecommerce website wordpress,ecommerce 2022,ecommerce course,ecommerce dropshipping,ecommerce local maroc,ecommerce product,ecommerce laravel,ecommerce website in laravel,e commerce business,e commerce شرح,assurance vie,assurance voiture maroc,assurance moto maroc,Facebook market place,Facebook market,kawtar bamo,milfaya,Milfaya bimo,kawtar bamo bimo,fawda bimo",24,Entertainment,"Food,Lifestyle_(sociology)",PT33M8S,1988,2d,hd,false,en,ar,https://i.ytimg.com/vi/75xxBnTy544/maxresdefault.jpg,1,,,,,1178748,53555,,0,1641
24,UCJCVxCW1dzEvFnzqDUU498g,BIMO,cA2nvipUR08,2025-07-24T21:39:01Z,"2025-07-24 21:39:01","زونا... رجعات من القبر باش تفضح اللي قتلها","Instagram : https://www.instagram.com/bilal_mouhouch -------------------------------------------------","bimo,td7ek tkhser,memes,storie time,story time,ecommerce,ecommerce business,ecommerce website,ecommerce business beginners,ecommerce website wordpress,ecommerce 2022,ecommerce course,ecommerce dropshipping,ecommerce local maroc,ecommerce product,ecommerce laravel,ecommerce website in laravel,e commerce business,e commerce شرح,assurance vie,assurance de stage maroc,assurance voiture maroc,assurance moto maroc,Facebook market place,Facebook market",28,"Science & Technology",,PT11M43S,703,2d,hd,false,en,ar,https://i.ytimg.com/vi/cA2nvipUR08/maxresdefault.jpg,1,,,,,658576,37687,,0,1091
25,UCJCVxCW1dzEvFnzqDUU498g,BIMO,jNmYcM785co,2025-07-16T21:20:44Z,"2025-07-16 21:20:44","الخدمة ديالي هي نتفرج فالناس كيموتو","My Instagram : https://www.instagram.com/bilal_mouhouch -------------------------------------------------","bimo,td7ek tkhser,memes,storie time,story time,ecommerce,ecommerce business,ecommerce website,ecommerce business beginners,ecommerce website wordpress,ecommerce 2022,ecommerce course,ecommerce dropshipping,ecommerce local maroc,ecommerce product,ecommerce laravel,ecommerce website in laravel,e commerce business,e commerce شرح,assurance vie,assurance de stage maroc,assurance voiture maroc,assurance moto maroc,Facebook market place,Facebook market",28,"Science & Technology",,PT19M6S,1146,2d,hd,false,en,ar,https://i.ytimg.com/vi/jNmYcM785co/maxresdefault.jpg,1,,,,,1059576,56762,,0,1335
26,UCJCVxCW1dzEvFnzqDUU498g,BIMO,usN-aAHEuf0,2025-07-13T18:29:04Z,"2025-07-13 18:29:04","STORY TIME | تسَافِيرة معَ العَائِلة","My Instagram : https://www.instagram.com/bilal_mouhouch -------------------------------------------------","bimo,td7ek tkhser,memes,storie time,story time,ecommerce,ecommerce business,ecommerce website,ecommerce business beginners,ecommerce website wordpress,ecommerce 2022,ecommerce course,ecommerce dropshipping,ecommerce local maroc,ecommerce product,ecommerce laravel,ecommerce website in laravel,e commerce business,e commerce شرح,assurance vie,assurance de stage maroc,assurance voiture maroc,assurance moto maroc,Facebook market place,Facebook market",28,"Science & Technology",,PT18M40S,1120,2d,hd,false,en,ar,https://i.ytimg.com/vi/usN-aAHEuf0/maxresdefault.jpg,1,,,,,1010815,54196,,0,1485
27,UCJCVxCW1dzEvFnzqDUU498g,BIMO,QbJUgqD7G5Q,2025-06-21T20:04:54Z,"2025-06-21 20:04:54","عمي ... ولكن عمره ما كان موجود","Instagram : https://www.instagram.com/bilal_mouhouch -------------------------------------------------","bimo,td7ek tkhser,memes,storie time,story time,ecommerce,ecommerce business,ecommerce website,ecommerce business beginners,ecommerce website wordpress,ecommerce 2022,ecommerce course,ecommerce dropshipping,ecommerce local maroc,ecommerce product,ecommerce laravel,ecommerce website in laravel,e commerce business,e commerce شرح,assurance vie,assurance de stage maroc,assurance voiture maroc,assurance moto maroc,Facebook market place,Facebook market",28,"Science & Technology",,PT10M45S,645,2d,hd,false,en,ar,https://i.ytimg.com/vi/QbJUgqD7G5Q/maxresdefault.jpg,1,,,,,719092,40875,,0,1622
28,UCJCVxCW1dzEvFnzqDUU498g,BIMO,T9nMYnlTuNk,2025-06-12T17:20:23Z,"2025-06-12 17:20:23","STORY TIME ❌ النميمة ✅","My Instagram : https://www.instagram.com/bilal_mouhouch -------------------------------------------------","bimo,td7ek tkhser,memes,storie time,story time,ecommerce,ecommerce business,ecommerce website,ecommerce business beginners,ecommerce website wordpress,ecommerce 2022,ecommerce course,ecommerce dropshipping,ecommerce local maroc,ecommerce product,ecommerce laravel,ecommerce website in laravel,e commerce business,e commerce شرح,assurance vie,assurance de stage maroc,assurance voiture maroc,assurance moto maroc,Facebook market place,Facebook market",28,"Science & Technology",,PT11M31S,691,2d,hd,false,en,ar,https://i.ytimg.com/vi/T9nMYnlTuNk/maxresdefault.jpg,1,,,,,659029,38469,,0,1098
29,UCJCVxCW1dzEvFnzqDUU498g,BIMO,XnBtbaSUWU0,2025-06-07T20:28:36Z,"2025-06-07 20:28:36","الليلة اللي تبدلات فيها مراتي للأبد...","Instagram : https://www.instagram.com/bilal_mouhouch -------------------------------------------------","bimo,td7ek tkhser,memes,storie time,story time,ecommerce,ecommerce business,ecommerce website,ecommerce business beginners,ecommerce website wordpress,ecommerce 2022,ecommerce course,ecommerce dropshipping,ecommerce local maroc,ecommerce product,ecommerce laravel,ecommerce website in laravel,e commerce business,e commerce شرح,assurance vie,assurance de stage maroc,assurance voiture maroc,assurance moto maroc,Facebook market place,Facebook market",28,"Science & Technology",,PT19M12S,1152,2d,hd,false,en,ar,https://i.ytimg.com/vi/XnBtbaSUWU0/maxresdefault.jpg,1,,,,,978606,47750,,0,1805
30,UCJCVxCW1dzEvFnzqDUU498g,BIMO,wburgJal5sk,2025-06-05T18:54:32Z,"2025-06-05 18:54:32","Morocco vs المغرب IRL 😭💰(على أرض الواقع)","Raid : https://www.instagram.com/raidbenzidia Bimo : https://www.instagram.com/bilal_mouhouch -------------------------------------------------","bimo,td7ek tkhser,memes,storie time,story time,ecommerce,ecommerce business,ecommerce business beginners,ecommerce website wordpress,ecommerce course,ecommerce dropshipping,ecommerce local maroc,ecommerce product,ecommerce laravel,ecommerce website in laravel,e commerce شرح,assurance vie,assurance de stage maroc,assurance voiture maroc,assurance moto maroc,Facebook market place,Facebook market,العائلة التانية,raid benzidia,Morocco vs المغرب,bimo raid",28,"Science & Technology","Food,Lifestyle_(sociology)",PT32M55S,1975,2d,hd,false,en,ar,https://i.ytimg.com/vi/wburgJal5sk/maxresdefault.jpg,1,,,,,1413721,64905,,0,2566
31,UCJCVxCW1dzEvFnzqDUU498g,BIMO,uyNDXYf0tQI,2025-05-15T19:37:19Z,"2025-05-15 19:37:19","هدي ماشي قصة رعب… هدي لعنة الزمن","My Instagram : https://www.instagram.com/bilal_mouhouch -------------------------------------------------","bimo,td7ek tkhser,memes,storie time,story time,ecommerce,ecommerce business,ecommerce website,ecommerce business beginners,ecommerce website wordpress,ecommerce 2022,ecommerce course,ecommerce dropshipping,ecommerce local maroc,ecommerce product,ecommerce laravel,ecommerce website in laravel,e commerce business,e commerce شرح,assurance vie,assurance de stage maroc,assurance voiture maroc,assurance moto maroc,Facebook market place,Facebook market",28,"Science & Technology",,PT17M22S,1042,2d,hd,false,en,ar,https://i.ytimg.com/vi/uyNDXYf0tQI/maxresdefault.jpg,1,,,,,1293108,56272,,0,2060
32,UCJCVxCW1dzEvFnzqDUU498g,BIMO,Yk8JLO-9ZaA,2025-05-08T18:20:54Z,"2025-05-08 18:20:54","""3:03 ديال الصباح… وممنوع تشوف… وإلا ☠","My Instagram : https://www.instagram.com/bilal_mouhouch -------------------------------------------------","bimo,td7ek tkhser,memes,storie time,story time,ecommerce,ecommerce business,ecommerce website,ecommerce business beginners,ecommerce website wordpress,ecommerce 2022,ecommerce course,ecommerce dropshipping,ecommerce local maroc,ecommerce product,ecommerce laravel,ecommerce website in laravel,e commerce business,e commerce شرح,assurance vie,assurance de stage maroc,assurance voiture maroc,assurance moto maroc,Facebook market place,Facebook market",28,"Science & Technology",,PT10M7S,607,2d,hd,false,en,ar,https://i.ytimg.com/vi/Yk8JLO-9ZaA/maxresdefault.jpg,1,,,,,857570,44949,,0,1544
33,UCJCVxCW1dzEvFnzqDUU498g,BIMO,5EUQEjmYJlA,2025-04-27T21:20:52Z,"2025-04-27 21:20:52","ممنوع تهضر على الجزيرة الثانية... وإلا ☠","My Instagram : https://www.instagram.com/bilal_mouhouch -------------------------------------------------","bimo,td7ek tkhser,memes,storie time,story time,ecommerce,ecommerce business,ecommerce website,ecommerce business beginners,ecommerce website wordpress,ecommerce 2022,ecommerce course,ecommerce dropshipping,ecommerce local maroc,ecommerce product,ecommerce laravel,ecommerce website in laravel,e commerce business,e commerce شرح,assurance vie,assurance de stage maroc,assurance voiture maroc,assurance moto maroc,Facebook market place,Facebook market",28,"Science & Technology",,PT24M46S,1486,2d,hd,false,en,ar,https://i.ytimg.com/vi/5EUQEjmYJlA/maxresdefault.jpg,1,,,,,1555550,68179,,0,2254
34,UCJCVxCW1dzEvFnzqDUU498g,BIMO,IbyQsDIh2_c,2025-04-20T20:10:51Z,"2025-04-20 20:10:51","3 قصص حقيقية أغرب من الخيال… وكلها نهايتها مأساوية 💔","⚠️ الفيديو هذا فيه 3 قصص حقيقية مرعبة وغريبة، وكل وحدة كتخليك تفكر فالقسوة اللي ممكن يقدر يوصل ليها الإنسان… 🩸 القصة الأولى: جون برايس وكاثرين نايت علاقة حب سامة سالات بواحدة من أبشع الجرائم… طعن، سلخ، ووجبة ""عشاء"" من جسد الضحية! 💔 القصة الثانية: داكوتا ستيفنز طفل عندو 10 سنين، مات مختنق بعدما جلست عليه الأم بالتبني ديالو كعقاب… جريمة صادمة بكل المقاييس! 🔥 القصة الثالثة: حريق عرس الجهراء ليلة فرح فالكويت تحوّلات لكارثة… 57 امرأة وطفل ماتوا محترقين، بسبب الغيرة والانتقام. 📌 هاد الفيديو مناسب لعشاق القصص المرعبة، الجرائم الحقيقية، والناس اللي كيبغيو يفهمو الجانب المظلم من النفس البشرية. متنساش تخلي رأيك فالكومنتيرات: 👉 شنو هي القصة اللي صدماتك أكثر؟ ❤️ اشترك فالقناة ودير لايك باش نوصلو لأكبر عدد ديال الناس ✊ #قصص_آخر_الليل #قصص_حقيقية #قصص_مرعبة #جرائم_واقعية","قصص مرعبة,قصص حقيقية,قصص آخر الليل,حريق عرس الجهراء,نصره العنزي,داكوتا ستيفنز,جنيفر لي ويلسون,جون برايس,كاثرين نايت,جرائم واقعية,جرائم مرعبة,عقاب قاتل,الغيرة القاتلة,رعب واقعي,قصص مغربية,ستوري تايم مرعب,قصص تقطع القلب,قصص رعب بالعربية,قصص واقعية مرعبة,قصص حقيقية عربية,جرائم قتل بشعة,قصص غريبة ولكن حقيقية,قصص غريبة واقعية,bimo stories,bimo story time",28,"Science & Technology",,PT14M14S,854,2d,hd,false,en,ar,https://i.ytimg.com/vi/IbyQsDIh2_c/maxresdefault.jpg,1,,,,,687790,35947,,0,709
35,UCJCVxCW1dzEvFnzqDUU498g,BIMO,IcfF0gx7hTw,2025-04-18T19:46:05Z,"2025-04-18 19:46:05","أمجنن التعليقات😂","My Instagram : https://www.instagram.com/bilal_mouhouch -------------------------------------------------","bimo,td7ek tkhser,memes,storie time,story time,ecommerce,ecommerce business,ecommerce website,ecommerce business beginners,ecommerce website wordpress,ecommerce 2022,ecommerce course,ecommerce dropshipping,ecommerce local maroc,ecommerce product,ecommerce laravel,ecommerce website in laravel,e commerce business,e commerce شرح,assurance vie,assurance de stage maroc,assurance voiture maroc,assurance moto maroc,Facebook market place,Facebook market,temu",28,"Science & Technology",,PT8M56S,536,2d,hd,false,en,ar,https://i.ytimg.com/vi/IcfF0gx7hTw/maxresdefault.jpg,1,,,,,748717,34225,,0,801
36,UCJCVxCW1dzEvFnzqDUU498g,BIMO,C6XcmH8vMqc,2025-04-08T18:51:45Z,"2025-04-08 18:51:45","أخطر التجارب السرية لي داروها على البشر","🎁 حمّل تطبيق Temu، وابحث عن الرمز 【dwh8263】 في شريط بحث Temu، لتحصل على باقة قسائم بقيمة 1000 درهم مجانًا (صالحة للاستخدام العالمي)، واحصل على أحد اختياراتي بخصم يصل إلى 50%، أو استخدم الرابط: https://app.temu.com/k/em9apavud9z 🎁 New users download Temu App, Search code【dwh8263】in Temu search-bar, to get 1000DH coupon bundle for free (valid for global use) and get one of my picks for up to 50%off, or using link: https://app.temu.com/k/em9apavud9z العناصر المذكورة في هذا الفيديو: تحكم ألعاب لاسلكي تفاعلي بدون انحراف للشاشات لـiOS/PC/SwitchAndroid/Steam Deck 291 DH💰 (Original Price 583 DH💰)https://temu.to/k/e4sjtqfvg1u جهاز عرض محمول صغير HY300 Pro 310 DH💰 (Original Price 620 DH💰)https://temu.to/k/e255ml9yoih قناع خوذة Cyberpunk للرجال من CyberPK 179 DH💰 (Original Price 359 DH💰)https://temu.to/k/eyv6w10lbaf","bimo,td7ek tkhser,memes,storie time,story time,ecommerce,ecommerce business,ecommerce website,ecommerce business beginners,ecommerce website wordpress,ecommerce 2022,ecommerce course,ecommerce dropshipping,ecommerce local maroc,ecommerce product,ecommerce laravel,ecommerce website in laravel,e commerce business,e commerce شرح,assurance vie,assurance de stage maroc,assurance voiture maroc,assurance moto maroc,Facebook market place,Facebook market,temu",28,"Science & Technology",,PT16M29S,989,2d,hd,false,en,ar,https://i.ytimg.com/vi/C6XcmH8vMqc/maxresdefault.jpg,1,,,,,918887,42895,,0,834
37,UCJCVxCW1dzEvFnzqDUU498g,BIMO,9kkfm9f0XH4,2025-04-03T18:53:12Z,"2025-04-03 18:53:12","بغا يجرب إحساس الق*ل","My Instagram : https://www.instagram.com/bilal_mouhouch -------------------------------------------------","bimo,td7ek tkhser,memes,storie time,story time,ecommerce,ecommerce business,ecommerce website,ecommerce business beginners,ecommerce website wordpress,ecommerce 2022,ecommerce course,ecommerce dropshipping,ecommerce local maroc,ecommerce product,ecommerce laravel,ecommerce website in laravel,e commerce business,e commerce شرح,assurance vie,assurance de stage maroc,assurance voiture maroc,assurance moto maroc,Facebook market place,Facebook market",28,"Science & Technology",,PT7M11S,431,2d,hd,false,en,ar,https://i.ytimg.com/vi/9kkfm9f0XH4/maxresdefault.jpg,1,,,,,534844,28493,,0,696
38,UCJCVxCW1dzEvFnzqDUU498g,BIMO,SZqnYmb_Le0,2025-03-31T19:50:41Z,"2025-03-31 19:50:41","أغرب و أظلم قصتين فالتاريخ : التوأم الصامت و عصابة الريبر","My Instagram : https://www.instagram.com/bilal_mouhouch -------------------------------------------------","bimo,td7ek tkhser,memes,storie time,story time,ecommerce,ecommerce business,ecommerce website,ecommerce business beginners,ecommerce website wordpress,ecommerce 2022,ecommerce course,ecommerce dropshipping,ecommerce local maroc,ecommerce product,ecommerce laravel,ecommerce website in laravel,e commerce business,e commerce شرح,assurance vie,assurance de stage maroc,assurance voiture maroc,assurance moto maroc,Facebook market place,Facebook market",28,"Science & Technology",,PT9M42S,582,2d,hd,false,en,ar,https://i.ytimg.com/vi/SZqnYmb_Le0/maxresdefault.jpg,1,,,,,658583,38507,,0,667
39,UCJCVxCW1dzEvFnzqDUU498g,BIMO,HaSPIdPqKvI,2025-03-19T18:40:07Z,"2025-03-19 18:40:07","النّيَة : تشِيزْ كِيكْ ، النّتيجَة : خْر...🤣🤣","My Instagram : https://www.instagram.com/bilal_mouhouch -------------------------------------------------","bimo,td7ek tkhser,memes,storie time,story time,ecommerce,ecommerce business,ecommerce website,ecommerce business beginners,ecommerce website wordpress,ecommerce 2022,ecommerce course,ecommerce dropshipping,ecommerce local maroc,ecommerce product,ecommerce laravel,ecommerce website in laravel,e commerce business,e commerce شرح,assurance vie,assurance de stage maroc,assurance voiture maroc,assurance moto maroc,Facebook market place,Facebook market",28,"Science & Technology","Food,Lifestyle_(sociology)",PT18M2S,1082,2d,hd,false,en,ar,https://i.ytimg.com/vi/HaSPIdPqKvI/maxresdefault.jpg,1,,,,,672894,27914,,0,914
40,UCJCVxCW1dzEvFnzqDUU498g,BIMO,hRfJFKaLmWg,2025-03-10T22:34:54Z,"2025-03-10 22:34:54","FACEBOOK MARKET PLACE و المُعَانَات","Instagram : https://www.instagram.com/bilal_mouhouch -------------------------------------------------","bimo,td7ek tkhser,memes,storie time,story time,ecommerce,ecommerce business,ecommerce website,ecommerce business beginners,ecommerce website wordpress,ecommerce 2022,ecommerce course,ecommerce dropshipping,ecommerce local maroc,ecommerce product,ecommerce laravel,ecommerce website in laravel,e commerce business,e commerce شرح,assurance vie,assurance de stage maroc,assurance voiture maroc,assurance moto maroc,Facebook market place,Facebook market",28,"Science & Technology",,PT14M42S,882,2d,hd,false,en,ar,https://i.ytimg.com/vi/hRfJFKaLmWg/maxresdefault.jpg,1,,,,,728034,30311,,0,651
41,UCJCVxCW1dzEvFnzqDUU498g,BIMO,OdUmYjUiNuw,2025-03-04T18:31:54Z,"2025-03-04 18:31:54","الرياضيات لي مقراوناش","My Instagram : https://www.instagram.com/bilal_mouhouch -------------------------------------------------","bimo,td7ek tkhser,memes,storie time,story time,ecommerce,ecommerce business,ecommerce website,ecommerce business beginners,ecommerce website wordpress,ecommerce 2022,ecommerce course,ecommerce dropshipping,ecommerce local maroc,ecommerce product,ecommerce laravel,ecommerce website in laravel,e commerce business,e commerce شرح,assurance vie,assurance de stage maroc,assurance voiture maroc,assurance moto maroc,assurance tous risques maroc,Lbnat,Storytime",28,"Science & Technology",Knowledge,PT19M54S,1194,2d,hd,false,en,ar,https://i.ytimg.com/vi/OdUmYjUiNuw/maxresdefault.jpg,1,,,,,709263,33583,,0,933
42,UCJCVxCW1dzEvFnzqDUU498g,BIMO,LZiDl9GXSic,2025-02-16T21:21:55Z,"2025-02-16 21:21:55","ذِكْرَيَاتْ الطّفُولَة❌ ، كَوارِث الطّفُولَة✅","My Instagram : https://www.instagram.com/bilal_mouhouch -------------------------------------------------","bimo,td7ek tkhser,memes,storie time,story time,ecommerce,ecommerce business,ecommerce website,ecommerce business beginners,ecommerce website wordpress,ecommerce 2022,ecommerce course,ecommerce dropshipping,ecommerce local maroc,ecommerce product,ecommerce laravel,ecommerce website in laravel,e commerce business,e commerce شرح,assurance vie,assurance de stage maroc,assurance voiture maroc,assurance moto maroc,assurance tous risques maroc,Lbnat,Storytime",28,"Science & Technology",Lifestyle_(sociology),PT16M39S,999,2d,hd,false,en,ar,https://i.ytimg.com/vi/LZiDl9GXSic/maxresdefault.jpg,1,,,,,671460,32559,,0,496
43,UCJCVxCW1dzEvFnzqDUU498g,BIMO,HWbPUdmTqU0,2025-02-11T18:10:53Z,"2025-02-11 18:10:53","كِفَاشْ تصَاوْبو الرّايَات ديَالْ الدُّوَلْ🥲🤣","My Instagram : https://www.instagram.com/bilal_mouhouch -------------------------------------------------","bimo,td7ek tkhser,memes,storie time,story time,ecommerce,ecommerce business,ecommerce website,ecommerce business beginners,ecommerce website wordpress,ecommerce 2022,ecommerce course,ecommerce dropshipping,ecommerce local maroc,ecommerce product,ecommerce laravel,ecommerce website in laravel,e commerce business,e commerce شرح,assurance vie,assurance de stage maroc,assurance voiture maroc,assurance moto maroc,assurance tous risques maroc,Lbnat,Storytime",28,"Science & Technology",,PT14M49S,889,2d,hd,false,en,ar,https://i.ytimg.com/vi/HWbPUdmTqU0/maxresdefault.jpg,1,,,,,512955,28011,,0,1052
44,UCJCVxCW1dzEvFnzqDUU498g,BIMO,ji9Vn-GGlqk,2025-01-29T18:35:30Z,"2025-01-29 18:35:30","لفيديوهات لملاح","My Instagram : https://www.instagram.com/bilal_mouhouch -------------------------------------------------","bimo,td7ek tkhser,memes,storie time,story time,ecommerce,ecommerce business,ecommerce website,ecommerce business beginners,ecommerce website wordpress,ecommerce 2022,ecommerce course,ecommerce dropshipping,ecommerce local maroc,ecommerce product,ecommerce laravel,ecommerce website in laravel,e commerce business,e commerce شرح,assurance vie,assurance de stage maroc,assurance voiture maroc,assurance moto maroc,assurance tous risques maroc,Lbnat,Storytime",28,"Science & Technology",,PT11M2S,662,2d,hd,false,en,ar,https://i.ytimg.com/vi/ji9Vn-GGlqk/maxresdefault.jpg,1,,,,,478071,26950,,0,765
45,UCJCVxCW1dzEvFnzqDUU498g,BIMO,TSXLEEuMZ5U,2025-01-22T19:28:36Z,"2025-01-22 19:28:36","طفِي عقْلك ، عَاد تفرّجْ","My Instagram : https://www.instagram.com/bilal_mouhouch -------------------------------------------------","bimo,td7ek tkhser,memes,storie time,story time,ecommerce,ecommerce business,ecommerce website,ecommerce business beginners,ecommerce website wordpress,ecommerce 2022,ecommerce course,ecommerce dropshipping,ecommerce local maroc,ecommerce product,ecommerce laravel,ecommerce website in laravel,e commerce business,e commerce شرح,assurance vie,assurance de stage maroc,assurance voiture maroc,assurance moto maroc,assurance tous risques maroc,Lbnat,Storytime",28,"Science & Technology",,PT13M48S,828,2d,hd,false,en,ar,https://i.ytimg.com/vi/TSXLEEuMZ5U/maxresdefault.jpg,1,,,,,413000,21914,,0,694
46,UCJCVxCW1dzEvFnzqDUU498g,BIMO,CuI9OLIp8Xk,2025-01-18T21:17:28Z,"2025-01-18 21:17:28","حمام تركي VS حمام بلدي","My Instagram : https://www.instagram.com/bilal_mouhouch -------------------------------------------------","bimo,td7ek tkhser,memes,storie time,story time,ecommerce,ecommerce business,ecommerce website,ecommerce business beginners,ecommerce website wordpress,ecommerce 2022,ecommerce course,ecommerce dropshipping,ecommerce local maroc,ecommerce product,ecommerce laravel,ecommerce website in laravel,e commerce business,e commerce شرح,assurance vie,assurance de stage maroc,assurance voiture maroc,assurance moto maroc,assurance tous risques maroc,Lbnat,Storytime",28,"Science & Technology",Lifestyle_(sociology),PT15M59S,959,2d,hd,false,en,ar,https://i.ytimg.com/vi/CuI9OLIp8Xk/maxresdefault.jpg,1,,,,,792884,32685,,0,1107
47,UCJCVxCW1dzEvFnzqDUU498g,BIMO,q9IbK89OIHA,2025-01-15T21:33:18Z,"2025-01-15 21:33:18",البرد,"My Instagram : https://www.instagram.com/bilal_mouhouch -------------------------------------------------","bimo,td7ek tkhser,memes,storie time,story time,ecommerce,ecommerce business,ecommerce website,ecommerce business beginners,ecommerce website wordpress,ecommerce 2022,ecommerce course,ecommerce dropshipping,ecommerce local maroc,ecommerce product,ecommerce laravel,ecommerce website in laravel,e commerce business,e commerce شرح,assurance vie,assurance de stage maroc,assurance voiture maroc,assurance moto maroc,assurance tous risques maroc,Lbnat,Storytime",28,"Science & Technology",Humour,PT16M24S,984,2d,hd,false,en,ar,https://i.ytimg.com/vi/q9IbK89OIHA/maxresdefault.jpg,1,,,,,670690,34879,,0,1586
48,UCJCVxCW1dzEvFnzqDUU498g,BIMO,sHNdv2d3n-I,2025-01-04T18:44:46Z,"2025-01-04 18:44:46","الطّلِيعة على كُولشِي","My Instagram : https://www.instagram.com/bilal_mouhouch -------------------------------------------------","bimo,td7ek tkhser,memes,storie time,story time,ecommerce,ecommerce business,ecommerce website,ecommerce business beginners,ecommerce website wordpress,ecommerce 2022,ecommerce course,ecommerce dropshipping,ecommerce local maroc,ecommerce product,ecommerce laravel,ecommerce website in laravel,e commerce business,e commerce شرح,assurance vie,assurance de stage maroc,assurance voiture maroc,assurance moto maroc,assurance tous risques maroc,Lbnat,Storytime",28,"Science & Technology",,PT9M34S,574,2d,hd,false,en,ar,https://i.ytimg.com/vi/sHNdv2d3n-I/maxresdefault.jpg,1,,,,,1095915,35297,,0,623
49,UCJCVxCW1dzEvFnzqDUU498g,BIMO,jqwgkoU1PhY,2025-01-01T19:26:49Z,"2025-01-01 19:26:49","المغرب Vs Morocco","My Instagram : https://www.instagram.com/bilal_mouhouch -------------------------------------------------","bimo,td7ek tkhser,memes,storie time,story time,ecommerce,ecommerce business,ecommerce website,ecommerce business beginners,ecommerce website wordpress,ecommerce 2022,ecommerce course,ecommerce dropshipping,ecommerce local maroc,ecommerce product,ecommerce laravel,ecommerce website in laravel,e commerce business,e commerce شرح,assurance vie,assurance de stage maroc,assurance voiture maroc,assurance moto maroc,assurance tous risques maroc,Lbnat,Storytime",28,"Science & Technology",Lifestyle_(sociology),PT18M20S,1100,2d,hd,false,en,ar,https://i.ytimg.com/vi/jqwgkoU1PhY/maxresdefault.jpg,1,,,,,1198702,49792,,0,1252
50,UCJCVxCW1dzEvFnzqDUU498g,BIMO,uvu1wEl3E0o,2024-12-20T20:01:17Z,"2024-12-20 20:01:17","أغرب تقاليد الزواج في العالم 🤣","Instagram : https://www.instagram.com/bilal_mouhouch -------------------------------------------------","bimo,td7ek tkhser,memes,storie time,story time,ecommerce,ecommerce business,ecommerce website,ecommerce business beginners,ecommerce website wordpress,ecommerce 2022,ecommerce course,ecommerce dropshipping,ecommerce local maroc,ecommerce product,ecommerce laravel,ecommerce website in laravel,e commerce business,e commerce شرح,assurance vie,assurance de stage maroc,assurance voiture maroc,assurance moto maroc,assurance tous risques maroc,Lbnat,Storytime",28,"Science & Technology",,PT13M25S,805,2d,hd,false,en,ar,https://i.ytimg.com/vi/uvu1wEl3E0o/maxresdefault.jpg,1,,,,,700777,29888,,0,630
51,UCJCVxCW1dzEvFnzqDUU498g,BIMO,KiekeRaCiww,2024-12-07T18:11:26Z,"2024-12-07 18:11:26","كون كنت البطل ديال شي فلم رعب ؟","Formulaire d'inscription 👇🏻 https://forms.gle/Wv6JadmkbL64GvoD7 ‎تواصل معنا: 📨 +212 6 63 41 65 81 Instagram: https://www.instagram.com/nebaconsulting/ 🌐www.nebaconsulting.ma 📍 Boulevard bordeaux 40, Casablanca 📍Bd Yaakoub el mansour Imm Espace Gueliz N23 bureau N24 3ème étage, Marrakech 📍BD chawki, Rue Mimouna, lot Hassania 3, block 2, Beni mellal 📍Espace bureau el houda, N° 26 Rue Amira Aïcha App 28, Kénitra 📍Angle almowahidine rue ibno rochd 5ème étage bureau 19, Oujda. 📍Rue Kaddi Ayad Projet Loqmane Immeuble B 4ème étage N401, Agadir 📍18 Rue Al moutanabi N7 3ème étage, Tanger 📍Résidence Riad Essalam, 9 avenue des fars, Fès","bimo,bimogamer,bilal,morrocan,youtuber,gamer,td7ek tkhser,memes,trolat,funny videos,stori time,storie time,story time",28,"Science & Technology","Entertainment,Film",PT22M24S,1344,2d,hd,false,en,ar,https://i.ytimg.com/vi/KiekeRaCiww/maxresdefault.jpg,1,,,,,808153,40406,,0,1275
52,UCJCVxCW1dzEvFnzqDUU498g,BIMO,_3RC_BlZVXU,2024-11-22T22:42:56Z,"2024-11-22 22:42:56","أول مرة غتسمع هاد المعلومة","Kick : https://kick.com/bilalmouhouch Instagram : https://www.instagram.com/bilal_mouhouch -------------------------------------------------","bimo,td7ek tkhser,memes,storie time,story time,ecommerce,ecommerce business,ecommerce website,ecommerce business beginners,ecommerce website wordpress,ecommerce 2022,ecommerce course,ecommerce dropshipping,ecommerce local maroc,ecommerce product,ecommerce laravel,ecommerce website in laravel,e commerce business,e commerce شرح,assurance vie,assurance de stage maroc,assurance voiture maroc,assurance moto maroc,assurance tous risques maroc,Lbnat,Storytime",28,"Science & Technology",,PT16M55S,1015,2d,hd,false,en,ar,https://i.ytimg.com/vi/_3RC_BlZVXU/maxresdefault.jpg,1,,,,,628546,32625,,0,878
53,UCJCVxCW1dzEvFnzqDUU498g,BIMO,v0vK5bih9e0,2024-11-13T20:18:52Z,"2024-11-13 20:18:52","ثالتة ديال الجرائم مرعبة فاليابان مزال مالقاولها الحل💀","Kick : https://kick.com/bilalmouhouch Instagram : https://www.instagram.com/bilal_mouhouch -------------------------------------------------","bimo,td7ek tkhser,memes,storie time,story time,ecommerce,ecommerce business,ecommerce website,ecommerce business beginners,ecommerce website wordpress,ecommerce 2022,ecommerce course,ecommerce dropshipping,ecommerce local maroc,ecommerce product,ecommerce laravel,ecommerce website in laravel,e commerce business,e commerce شرح,assurance vie,assurance de stage maroc,assurance voiture maroc,assurance moto maroc,assurance tous risques maroc,Lbnat,Storytime",28,"Science & Technology",,PT18M11S,1091,2d,hd,false,en,ar,https://i.ytimg.com/vi/v0vK5bih9e0/maxresdefault.jpg,1,,,,,1064856,47665,,0,1209
54,UCJCVxCW1dzEvFnzqDUU498g,BIMO,nUz9gLt67bU,2024-10-29T17:24:14Z,"2024-10-29 17:24:14","أغرب القوانين في العالم","اتبع الرابط وابدأ الكسب على Pocket Broker. استخدم رمز الترويج أثناء التسجيل BIMO24 لزيادة إيداعك الأول بنسبة 100%! https://luckypocket.click/pocket?inf=BIMO24&number=2&int=2 ______________________________ Kick : https://kick.com/bilalmouhouch Instagram : https://www.instagram.com/bilal_mouhouch -------------------------------------------------","bimo,td7ek tkhser,memes,storie time,story time,ecommerce,ecommerce business,ecommerce website,ecommerce business beginners,ecommerce website wordpress,ecommerce 2022,ecommerce course,ecommerce dropshipping,ecommerce local maroc,ecommerce product,ecommerce laravel,ecommerce website in laravel,e commerce business,e commerce شرح,assurance vie,assurance de stage maroc,assurance voiture maroc,assurance moto maroc,assurance tous risques maroc,Lbnat,Storytime",28,"Science & Technology",,PT13M49S,829,2d,hd,false,en,ar,https://i.ytimg.com/vi/nUz9gLt67bU/maxresdefault.jpg,1,1,,,,1069058,41906,,0,961
55,UCJCVxCW1dzEvFnzqDUU498g,BIMO,pPdj4VUoa48,2024-10-16T18:27:28Z,"2024-10-16 18:27:28","أغرب الديانات عبر التاريخ","Follow the link and start earning on Pocket Broker. Use the promo code while registering BIMO24 to boost your first deposit by 100%! https://luckypocket.click/pocket?inf=BIMO24&number=2&int=1","bimo,td7ek tkhser,memes,storie time,story time,ecommerce,ecommerce business,ecommerce website,ecommerce business beginners,ecommerce website wordpress,ecommerce 2022,ecommerce course,ecommerce dropshipping,ecommerce local maroc,ecommerce product,ecommerce laravel,ecommerce website in laravel,e commerce business,e commerce شرح,assurance vie,assurance de stage maroc,assurance voiture maroc,assurance moto maroc,assurance tous risques maroc,Lbnat,Storytime",28,"Science & Technology",,PT18M30S,1110,2d,hd,false,en,ar,https://i.ytimg.com/vi/pPdj4VUoa48/maxresdefault.jpg,1,,,,,1116550,48428,,0,1220
56,UCJCVxCW1dzEvFnzqDUU498g,BIMO,T6IFNex4VYc,2024-10-11T19:49:17Z,"2024-10-11 19:49:17","STORY TIME | المشكل ديالي مع الفرنسية (الجزء الثاني)","🚨Kick : https://kick.com/bilalmouhouch 🚨MY Instagram : https://www.instagram.com/bilal_mouhouch -------------------------------------------------","bimo,td7ek tkhser,memes,storie time,story time,ecommerce,ecommerce business,ecommerce website,ecommerce business beginners,ecommerce website wordpress,ecommerce 2022,ecommerce course,ecommerce dropshipping,ecommerce local maroc,ecommerce product,ecommerce laravel,ecommerce website in laravel,e commerce business,e commerce شرح,assurance vie,assurance de stage maroc,assurance voiture maroc,assurance moto maroc,assurance tous risques maroc,Lbnat,Storytime",28,"Science & Technology",,PT17M,1020,2d,hd,false,en,ar,https://i.ytimg.com/vi/T6IFNex4VYc/maxresdefault.jpg,1,,,,,671560,31352,,0,829
57,UCJCVxCW1dzEvFnzqDUU498g,BIMO,z6FJQtJUa6M,2024-10-06T18:41:38Z,"2024-10-06 18:41:38","قصة حقيقية : جريمة قتل سببها الفضول (DARK WEB)","🚨Kick : https://kick.com/bilalmouhouch 🚨MY Instagram : https://www.instagram.com/bilal_mouhouch -------------------------------------------------","bimo,td7ek tkhser,memes,storie time,story time,ecommerce,ecommerce business,ecommerce website,ecommerce business beginners,ecommerce website wordpress,ecommerce 2022,ecommerce course,ecommerce dropshipping,ecommerce local maroc,ecommerce product,ecommerce laravel,ecommerce website in laravel,e commerce business,e commerce شرح,assurance vie,assurance de stage maroc,assurance voiture maroc,assurance moto maroc,assurance tous risques maroc,Lbnat,Storytime",28,"Science & Technology",,PT14M28S,868,2d,hd,false,en,ar,https://i.ytimg.com/vi/z6FJQtJUa6M/maxresdefault.jpg,1,,,,,797497,39901,,0,1112
58,UCJCVxCW1dzEvFnzqDUU498g,BIMO,bFn9tC8THf8,2024-09-27T19:19:08Z,"2024-09-27 19:19:08","أَمْجنن حَيوانْ","🚨Kick : https://kick.com/bilalmouhouch 🚨MY Instagram : https://www.instagram.com/bilal_mouhouch -------------------------------------------------","bimo,td7ek tkhser,memes,storie time,story time,ecommerce,ecommerce business,ecommerce website,ecommerce business beginners,ecommerce website wordpress,ecommerce 2022,ecommerce course,ecommerce dropshipping,ecommerce local maroc,ecommerce product,ecommerce laravel,ecommerce website in laravel,e commerce business,e commerce شرح,assurance vie,assurance de stage maroc,assurance voiture maroc,assurance moto maroc,assurance tous risques maroc,Lbnat,Storytime",28,"Science & Technology",,PT13M56S,836,2d,hd,false,en,ar,https://i.ytimg.com/vi/bFn9tC8THf8/maxresdefault.jpg,1,,,,,706797,37071,,0,1021
59,UCJCVxCW1dzEvFnzqDUU498g,BIMO,56mAGTP0Iuk,2024-09-24T19:18:55Z,"2024-09-24 19:18:55","ها علاش نتا ديما فوضوي 🤣","🚨Kick : https://kick.com/bilalmouhouch 🚨MY Instagram : https://www.instagram.com/bilal_mouhouch -------------------------------------------------","bimo,td7ek tkhser,memes,storie time,story time,ecommerce,ecommerce business,ecommerce website,ecommerce business beginners,ecommerce website wordpress,ecommerce 2022,ecommerce course,ecommerce dropshipping,ecommerce local maroc,ecommerce product,ecommerce laravel,ecommerce website in laravel,e commerce business,e commerce شرح,assurance vie,assurance de stage maroc,assurance voiture maroc,assurance moto maroc,assurance tous risques maroc,Lbnat,Storytime",28,"Science & Technology",,PT15M32S,932,2d,hd,false,en,ar,https://i.ytimg.com/vi/56mAGTP0Iuk/maxresdefault.jpg,1,,,,,526924,28765,,0,840
60,UCJCVxCW1dzEvFnzqDUU498g,BIMO,Rw43q2IDFrc,2024-09-13T21:03:05Z,"2024-09-13 21:03:05","تعليقاتكم : تعرات عليا بنت خالتي و مديتهاش فيها ، هو 🫃🏻","🚨Kick : https://kick.com/bilalmouhouch 🚨MY Instagram : https://www.instagram.com/bilal_mouhouch -------------------------------------------------","bimo,td7ek tkhser,memes,storie time,story time,ecommerce,ecommerce business,ecommerce website,ecommerce business beginners,ecommerce website wordpress,ecommerce 2022,ecommerce course,ecommerce dropshipping,ecommerce local maroc,ecommerce product,ecommerce laravel,ecommerce website in laravel,e commerce business,e commerce شرح,assurance vie,assurance de stage maroc,assurance voiture maroc,assurance moto maroc,assurance tous risques maroc,Lbnat,Storytime",28,"Science & Technology",,PT13M19S,799,2d,hd,false,en,ar,https://i.ytimg.com/vi/Rw43q2IDFrc/maxresdefault.jpg,1,,,,,786975,42859,,0,1212
61,UCJCVxCW1dzEvFnzqDUU498g,BIMO,hvBNhQJzk0g,2024-09-09T21:30:50Z,"2024-09-09 21:30:50","قصتي مع DENTISTE","🚨Kick : https://kick.com/bilalmouhouch 🚨MY Instagram : https://www.instagram.com/bilal_mouhouch -------------------------------------------------","bimo,td7ek tkhser,memes,storie time,story time,ecommerce,ecommerce business,ecommerce website,ecommerce business beginners,ecommerce website wordpress,ecommerce 2022,ecommerce course,ecommerce dropshipping,ecommerce local maroc,ecommerce product,ecommerce laravel,ecommerce website in laravel,e commerce business,e commerce شرح,assurance vie,assurance de stage maroc,assurance voiture maroc,assurance moto maroc,assurance tous risques maroc,Lbnat,Storytime",28,"Science & Technology",,PT8M43S,523,2d,hd,false,en,ar,https://i.ytimg.com/vi/hvBNhQJzk0g/maxresdefault.jpg,1,,,,,550465,30140,,0,825
62,UCJCVxCW1dzEvFnzqDUU498g,BIMO,v2pzesaKsQ4,2024-08-31T18:25:24Z,"2024-08-31 18:25:24","STORY TIME | أَول مرّة نتكْرِيسا فحيَاتِي","🚨Kick : https://kick.com/bilalmouhouch 🚨MY Instagram : https://www.instagram.com/bilal_mouhouch -------------------------------------------------","bimo,td7ek tkhser,memes,storie time,story time,ecommerce,ecommerce business,ecommerce website,ecommerce business beginners,ecommerce website wordpress,ecommerce 2022,ecommerce course,ecommerce dropshipping,ecommerce local maroc,ecommerce product,ecommerce laravel,ecommerce website in laravel,e commerce business,e commerce شرح,assurance vie,assurance de stage maroc,assurance voiture maroc,assurance moto maroc,assurance tous risques maroc,Lbnat,Storytime",28,"Science & Technology",,PT16M21S,981,2d,hd,false,en,ar,https://i.ytimg.com/vi/v2pzesaKsQ4/maxresdefault.jpg,1,,,,,1088881,50511,,0,1574
63,UCJCVxCW1dzEvFnzqDUU498g,BIMO,MLNMHLMnIYw,2024-08-28T20:38:40Z,"2024-08-28 20:38:40","محتاج الدعم ديالكم","🚨Kick : https://kick.com/bilalmouhouch مرحبا بكم ، و شكرا على الدعم ديالكم","bimo,td7ek tkhser,memes,storie time,story time,ecommerce,ecommerce business,ecommerce website,ecommerce business beginners,ecommerce website wordpress,ecommerce 2022,ecommerce course,ecommerce dropshipping,ecommerce local maroc,ecommerce product,ecommerce laravel,ecommerce website in laravel,e commerce business,e commerce شرح,assurance vie,assurance de stage maroc,assurance voiture maroc,assurance moto maroc,assurance tous risques maroc,Lbnat,Storytime",28,"Science & Technology",,PT3M26S,206,2d,hd,false,en,ar,https://i.ytimg.com/vi/MLNMHLMnIYw/maxresdefault.jpg,1,,,,,221010,26504,,0,1248
64,UCJCVxCW1dzEvFnzqDUU498g,BIMO,HsR9jsLAOHM,2024-08-21T20:40:01Z,"2024-08-21 20:40:01","أَغربْ الطّرُق لِي ماتُو بِها النَّاس : جلست عليه💀","🚨LIVE F Kick : https://kick.com/bilalmouhouch 🚨MY Instagram : https://www.instagram.com/bilal_mouhouch -------------------------------------------------","bimo,td7ek tkhser,memes,storie time,story time,ecommerce,ecommerce business,ecommerce website,ecommerce business beginners,ecommerce website wordpress,ecommerce 2022,ecommerce course,ecommerce dropshipping,ecommerce local maroc,ecommerce product,ecommerce laravel,ecommerce website in laravel,e commerce business,e commerce شرح,assurance vie,assurance de stage maroc,assurance voiture maroc,assurance moto maroc,assurance tous risques maroc,Lbnat,Storytime",28,"Science & Technology",,PT15M33S,933,2d,hd,false,en,ar,https://i.ytimg.com/vi/HsR9jsLAOHM/maxresdefault.jpg,1,,,,,1108952,43913,,0,1186
65,UCJCVxCW1dzEvFnzqDUU498g,BIMO,YciXkb7NO4s,2024-08-18T20:51:53Z,"2024-08-18 20:51:53","أَنوَاع الناسْ لي كِيتسلْفو من عندكْ 💰","🚨LIVE F Kick : https://kick.com/bilalmouhouch 🚨MY Instagram : https://www.instagram.com/bilal_mouhouch -------------------------------------------------","bimo,td7ek tkhser,memes,storie time,story time,ecommerce,ecommerce business,ecommerce website,ecommerce business beginners,ecommerce website wordpress,ecommerce 2022,ecommerce course,ecommerce dropshipping,ecommerce local maroc,ecommerce product,ecommerce laravel,ecommerce website in laravel,e commerce business,e commerce شرح,assurance vie,assurance de stage maroc,assurance voiture maroc,assurance moto maroc,assurance tous risques maroc,Lbnat,Storytime",28,"Science & Technology",,PT20M32S,1232,2d,hd,false,en,ar,https://i.ytimg.com/vi/YciXkb7NO4s/maxresdefault.jpg,1,,,,,927739,40431,,0,1260
66,UCJCVxCW1dzEvFnzqDUU498g,BIMO,xle_WfC_VOM,2024-08-13T19:29:31Z,"2024-08-13 19:29:31","شريِتْ PC GAMER ، هَا بشْحَال تقَام عليَا.","🚨LIVE F Kick : https://kick.com/bilalmouhouch 🚨MY Instagram : https://www.instagram.com/bilal_mouhouch -------------------------------------------------","bimo,td7ek tkhser,memes,storie time,story time,ecommerce,ecommerce business,ecommerce website,ecommerce business beginners,ecommerce website wordpress,ecommerce 2022,ecommerce course,ecommerce dropshipping,ecommerce local maroc,ecommerce product,ecommerce laravel,ecommerce website in laravel,e commerce business,e commerce شرح,assurance vie,assurance de stage maroc,assurance moto maroc,assurance tous risques maroc,Lbnat,Storytime,RTX 4070,PG GAMER MAROC",28,"Science & Technology",Technology,PT11M36S,696,2d,hd,false,en,ar,https://i.ytimg.com/vi/xle_WfC_VOM/maxresdefault.jpg,1,,,,,563518,35285,,0,1654
67,UCJCVxCW1dzEvFnzqDUU498g,BIMO,H38gGDnW7Z0,2024-08-08T20:45:52Z,"2024-08-08 20:45:52","الظَاهِرة لِي كَنشُوفُهَا بزَاف ف SOCIAL MEDIA","My Instagram : https://www.instagram.com/bilal_mouhouch -------------------------------------------------","bimo,td7ek tkhser,memes,storie time,story time,ecommerce,ecommerce business,ecommerce website,ecommerce business beginners,ecommerce website wordpress,ecommerce 2022,ecommerce course,ecommerce dropshipping,ecommerce local maroc,ecommerce product,ecommerce laravel,ecommerce website in laravel,e commerce business,e commerce شرح,assurance vie,assurance de stage maroc,assurance voiture maroc,assurance moto maroc,assurance tous risques maroc,Lbnat,Storytime",28,"Science & Technology",,PT15M53S,953,2d,hd,false,en,ar,https://i.ytimg.com/vi/H38gGDnW7Z0/maxresdefault.jpg,1,,,,,600369,32173,,0,877
68,UCJCVxCW1dzEvFnzqDUU498g,BIMO,HRv7VclzOcU,2024-08-01T20:46:19Z,"2024-08-01 20:46:19","STORY TIME | (Addictive behavior) المُعَانَات ديَالِي معَ السّلُوكْ الِإدْمانِي","My Instagram : https://www.instagram.com/bilal_mouhouch -------------------------------------------------","bimo,td7ek tkhser,memes,storie time,story time,ecommerce,ecommerce business,ecommerce website,ecommerce business beginners,ecommerce website wordpress,ecommerce 2022,ecommerce course,ecommerce dropshipping,ecommerce local maroc,ecommerce product,ecommerce laravel,ecommerce website in laravel,e commerce business,e commerce شرح,assurance vie,assurance de stage maroc,assurance voiture maroc,assurance moto maroc,assurance tous risques maroc,Lbnat,Storytime",28,"Science & Technology",,PT12M3S,723,2d,hd,false,en,ar,https://i.ytimg.com/vi/HRv7VclzOcU/maxresdefault.jpg,1,,,,,634493,35294,,0,2610
69,UCJCVxCW1dzEvFnzqDUU498g,BIMO,AXvkvYERvFE,2024-07-23T20:17:06Z,"2024-07-23 20:17:06","رَسمنَا بعضِياتنَا ، جَات كَتشْبه لِلرَّسمَة 🤣🤣","My Instagram : https://www.instagram.com/bilal_mouhouch -------------------------------------------------","bimo,td7ek tkhser,memes,storie time,story time,ecommerce,ecommerce business,ecommerce website,ecommerce business beginners,ecommerce website wordpress,ecommerce 2022,ecommerce course,ecommerce dropshipping,ecommerce local maroc,ecommerce product,ecommerce laravel,ecommerce website in laravel,e commerce business,e commerce شرح,assurance vie,assurance de stage maroc,assurance voiture maroc,assurance moto maroc,assurance tous risques maroc,Lbnat,Storytime",28,"Science & Technology",Lifestyle_(sociology),PT16M27S,987,2d,hd,false,en,ar,https://i.ytimg.com/vi/AXvkvYERvFE/maxresdefault.jpg,1,,,,,755905,35447,,0,1427
70,UCJCVxCW1dzEvFnzqDUU498g,BIMO,AytjbqvhoLM,2024-07-16T20:57:27Z,"2024-07-16 20:57:27","🧑🏼‍🍳 صاوبت طبق هندي مشهور 🇮🇳 ، وبدون مساعدة زوجتي","My Instagram : https://www.instagram.com/bilal_mouhouch -------------------------------------------------","bimo,td7ek tkhser,memes,storie time,story time,ecommerce,ecommerce business,ecommerce website,ecommerce business beginners,ecommerce website wordpress,ecommerce 2022,ecommerce course,ecommerce dropshipping,ecommerce local maroc,ecommerce product,ecommerce laravel,ecommerce website in laravel,e commerce business,e commerce شرح,assurance vie,assurance de stage maroc,assurance voiture maroc,assurance moto maroc,assurance tous risques maroc,Lbnat,Storytime",28,"Science & Technology","Food,Lifestyle_(sociology)",PT16M39S,999,2d,hd,false,en,ar,https://i.ytimg.com/vi/AytjbqvhoLM/maxresdefault.jpg,1,,,,,783618,41749,,0,1682
71,UCJCVxCW1dzEvFnzqDUU498g,BIMO,xiiUrewKHIM,2024-07-11T19:25:13Z,"2024-07-11 19:25:13","أغرب إدمان ( لبْليَاتْ ) في العالم 🤦‍♂️ الجزء الثاني","My instagram : https://www.instagram.com/bilal_mouhouch -------------------------------------------------","bimo,td7ek tkhser,memes,storie time,story time,ecommerce,ecommerce business,ecommerce website,ecommerce business beginners,ecommerce website wordpress,ecommerce 2022,ecommerce course,ecommerce dropshipping,ecommerce local maroc,ecommerce product,ecommerce laravel,ecommerce website in laravel,e commerce business,e commerce شرح,assurance vie,assurance de stage maroc,assurance voiture maroc,assurance moto maroc,assurance tous risques maroc,Lbnat,Storytime",28,"Science & Technology",Lifestyle_(sociology),PT16M7S,967,2d,hd,false,en,ar,https://i.ytimg.com/vi/xiiUrewKHIM/maxresdefault.jpg,1,,,,,1092970,47020,,0,1698
72,UCJCVxCW1dzEvFnzqDUU498g,BIMO,GTwpHIZVGUY,2024-07-08T18:14:23Z,"2024-07-08 18:14:23","الثّروة ديَالها $ 5.000.000 و كَتعِيش حَياة الفُقراء","My Instagram : https://www.instagram.com/bilal_mouhouch -------------------------------------------------","bimo,td7ek tkhser,memes,storie time,story time,ecommerce,ecommerce business,ecommerce website,ecommerce business beginners,ecommerce website wordpress,ecommerce 2022,ecommerce course,ecommerce dropshipping,ecommerce local maroc,ecommerce product,ecommerce laravel,ecommerce website in laravel,e commerce business,e commerce شرح,assurance vie,assurance de stage maroc,assurance voiture maroc,assurance moto maroc,assurance tous risques maroc,Lbnat,Storytime",28,"Science & Technology",Lifestyle_(sociology),PT12M46S,766,2d,hd,false,en,ar,https://i.ytimg.com/vi/GTwpHIZVGUY/maxresdefault.jpg,1,,,,,886812,36746,,0,880
73,UCJCVxCW1dzEvFnzqDUU498g,BIMO,yt1828_DZdU,2024-07-04T21:00:24Z,"2024-07-04 21:00:24","STORY TIME | تسَافِيرَة معَ العائِلة السّعِيدَة 🤣🤣🤣","My Instagram : https://www.instagram.com/bilal_mouhouch -------------------------------------------------","bimo,bimogamer,bilal,morrocan,youtuber,gamer,td7ek tkhser,memes,trolat,funny videos,stori time,storie time,story time",28,"Science & Technology",,PT24M22S,1462,2d,hd,false,en,ar,https://i.ytimg.com/vi/yt1828_DZdU/maxresdefault.jpg,1,,,,,1480322,56753,,0,1618
74,UCJCVxCW1dzEvFnzqDUU498g,BIMO,7hOJThrWlj0,2024-06-15T20:57:07Z,"2024-06-15 20:57:07","الفرقة لي كتلعب معاها كوورة ⚽️","رابط التسجيل : https://bit.ly/3XmAf19 -------------------------------------------- للاستفسار أو المزيد من المعلومات : 📞هواتف المركز : * الرباط : 0537660309☎ 0634807176📱 0602858095📱ا - الدار البيضاء : 0522220000☎ 0607162626📱 0634390172📱ا - الدار البيضاء الفرع الثاني : 0635656070📱ا - القنيطرة : 0537397878☎ 0661878800📱 0661890090📱ا 📍عناوين المركز : * الرباط : عمارة السعادة، المدخل 5، شارع الحسن الثاني، شقة 509، الطابق الثاني، مركز المدينة - الرباط - الدار البيضاء : المركز التجاري علال بن عبدالله، زنقة علال بن عبدالله، الطابق السابع، مكتب رقم 45،شارع محمد الخامس, مركز المدينة، - الدار البيضاء الفرع الثاني : عمارة رقم 70، زنقة علال بن عبد الله، الطابق الأول، شارع محمد الخامس، مركز المدينة - القنيطرة : المركز التجاري القنيطرة مول شارع محمد الديوري إقامة مركز المدينة أ رقم 22,الطابق الأول------------------------------------------------- My Instagram : https://www.instagram.com/bilal_mouhouch -------------------------------------------------","bimo,td7ek tkhser,memes,storie time,story time,ecommerce,ecommerce business,ecommerce business beginners,ecommerce website wordpress,ecommerce 2022,ecommerce course,ecommerce dropshipping,ecommerce local maroc,ecommerce product,ecommerce laravel,ecommerce website in laravel,e commerce business,e commerce شرح,assurance vie,assurance de stage maroc,assurance voiture maroc,assurance moto maroc,assurance tous risques maroc,Lbnat,Storytime,ocean videos,trolat",28,"Science & Technology",Association_football,PT14M45S,885,2d,hd,false,en,ar,https://i.ytimg.com/vi/7hOJThrWlj0/maxresdefault.jpg,1,,,,,551193,29076,,0,852
75,UCJCVxCW1dzEvFnzqDUU498g,BIMO,-Y2Q97SKRM4,2024-06-04T21:46:36Z,"2024-06-04 21:46:36","STORY TIME | ☀️🥲أول تسافيرة بوحدي","My Instagram : https://www.instagram.com/bilal_mouhouch -------------------------------------------------","bimo,td7ek tkhser,memes,storie time,story time,ecommerce,ecommerce business,ecommerce business beginners,ecommerce website wordpress,ecommerce 2022,ecommerce course,ecommerce dropshipping,ecommerce local maroc,ecommerce product,ecommerce laravel,ecommerce website in laravel,e commerce business,e commerce شرح,assurance vie,assurance de stage maroc,assurance voiture maroc,assurance moto maroc,assurance tous risques maroc,Lbnat,Storytime,ocean videos,trolat",28,"Science & Technology",Lifestyle_(sociology),PT23M46S,1426,2d,hd,false,en,ar,https://i.ytimg.com/vi/-Y2Q97SKRM4/maxresdefault.jpg,1,,,,,1255724,50145,,0,1547
76,UCJCVxCW1dzEvFnzqDUU498g,BIMO,fGEKiiJFUt4,2024-05-30T19:02:10Z,"2024-05-30 19:02:10","فِيديُوهَات المُحِيط 😂😂 : 4# MEMES","My Instagram : https://www.instagram.com/bilal_mouhouch -------------------------------------------------","bimo,td7ek tkhser,memes,storie time,story time,ecommerce,ecommerce business,ecommerce business beginners,ecommerce website wordpress,ecommerce 2022,ecommerce course,ecommerce dropshipping,ecommerce local maroc,ecommerce product,ecommerce laravel,ecommerce website in laravel,e commerce business,e commerce شرح,assurance vie,assurance de stage maroc,assurance voiture maroc,assurance moto maroc,assurance tous risques maroc,Lbnat,Storytime,ocean videos,trolat",28,"Science & Technology",,PT11M55S,715,2d,hd,false,en,ar,https://i.ytimg.com/vi/fGEKiiJFUt4/maxresdefault.jpg,1,,,,,639013,29993,,0,781
77,UCJCVxCW1dzEvFnzqDUU498g,BIMO,5w_zDjGmyGw,2024-05-26T18:07:50Z,"2024-05-26 18:07:50","أغرب 10 رياضات ⚽️ حول العالم 🤣","My Instagram : https://www.instagram.com/bilal_mouhouch -------------------------------------------------","bimo,td7ek tkhser,memes,storie time,story time,ecommerce,ecommerce business,ecommerce business beginners,ecommerce website wordpress,ecommerce 2022,ecommerce course,ecommerce dropshipping,ecommerce local maroc,ecommerce product,ecommerce laravel,ecommerce website in laravel,e commerce business,e commerce شرح,assurance vie,assurance de stage maroc,assurance voiture maroc,assurance moto maroc,assurance tous risques maroc,Lbnat,Storytime,ocean videos,trolat",28,"Science & Technology",Sport,PT12M11S,731,2d,hd,false,en,ar,https://i.ytimg.com/vi/5w_zDjGmyGw/maxresdefault.jpg,1,,,,,342645,33256,,0,826
78,UCJCVxCW1dzEvFnzqDUU498g,BIMO,SawrQlZgWcE,2024-05-17T19:28:06Z,"2024-05-17 19:28:06","مُشكِلتي معَ السّكنْ الإقتِصادي و الجِّيرَان🥲🥲","My Instagram : https://www.instagram.com/bilal_mouhouch -------------------------------------------------","bimo,td7ek tkhser,memes,storie time,story time,ecommerce,ecommerce business,ecommerce business beginners,ecommerce website wordpress,ecommerce 2022,ecommerce course,ecommerce dropshipping,ecommerce local maroc,ecommerce product,ecommerce laravel,ecommerce website in laravel,e commerce business,e commerce شرح,assurance vie,assurance de stage maroc,assurance voiture maroc,assurance moto maroc,assurance tous risques maroc,Lbnat,Storytime,ocean videos,trolat",28,"Science & Technology",,PT13M59S,839,2d,hd,false,en,ar,https://i.ytimg.com/vi/SawrQlZgWcE/maxresdefault.jpg,1,,,,,1199053,59815,,0,1888
79,UCJCVxCW1dzEvFnzqDUU498g,BIMO,cmjj_OlV7hY,2024-05-04T14:59:43Z,"2024-05-04 14:59:43","الرحلة الملعونة : دوزنا احسن نهار فالجحيم 🥲","My Instagram : https://www.instagram.com/bilal_mouhouch -------------------------------------------------","bimo,td7ek tkhser,memes,storie time,story time,ecommerce,ecommerce business,ecommerce business beginners,ecommerce website wordpress,ecommerce 2022,ecommerce course,ecommerce dropshipping,ecommerce local maroc,ecommerce product,ecommerce laravel,ecommerce website in laravel,e commerce business,e commerce شرح,assurance vie,assurance de stage maroc,assurance voiture maroc,assurance moto maroc,assurance tous risques maroc,Lbnat,Storytime,ocean videos,trolat",28,"Science & Technology",,PT21M14S,1274,2d,hd,false,en,ar,https://i.ytimg.com/vi/cmjj_OlV7hY/maxresdefault.jpg,1,,,,,1080195,59986,,0,1845
80,UCJCVxCW1dzEvFnzqDUU498g,BIMO,RqzCH0b57UI,2024-04-27T19:25:09Z,"2024-04-27 19:25:09","أَخيراً لقِيت المَوْهِبة الضّائِعة ديَالِي 😂😂","My Instagram : https://www.instagram.com/bilal_mouhouch -------------------------------------------------","bimo,td7ek tkhser,memes,storie time,story time,ecommerce,ecommerce business,ecommerce business beginners,ecommerce website wordpress,ecommerce 2022,ecommerce course,ecommerce dropshipping,ecommerce local maroc,ecommerce product,ecommerce laravel,ecommerce website in laravel,e commerce business,e commerce شرح,assurance vie,assurance de stage maroc,assurance voiture maroc,assurance moto maroc,assurance tous risques maroc,Lbnat,Storytime,ocean videos,trolat",28,"Science & Technology",,PT19M27S,1167,2d,hd,false,en,ar,https://i.ytimg.com/vi/RqzCH0b57UI/maxresdefault.jpg,1,,,,,868841,43577,,0,2353
81,UCJCVxCW1dzEvFnzqDUU498g,BIMO,zwX-6Uu-3Jc,2024-04-23T18:59:11Z,"2024-04-23 18:59:11","الفيديوهات لي كايصيفطلك صاحبك 🤣🤣","My Instagram : https://www.instagram.com/bilal_mouhouch -------------------------------------------------","bimo,td7ek tkhser,memes,storie time,story time,ecommerce,ecommerce business,ecommerce business beginners,ecommerce website wordpress,ecommerce 2022,ecommerce course,ecommerce dropshipping,ecommerce local maroc,ecommerce product,ecommerce laravel,ecommerce website in laravel,e commerce business,e commerce شرح,assurance vie,assurance de stage maroc,assurance voiture maroc,assurance moto maroc,assurance tous risques maroc,Lbnat,Storytime,ocean videos,trolat",28,"Science & Technology",,PT10M10S,610,2d,hd,false,en,ar,https://i.ytimg.com/vi/zwX-6Uu-3Jc/maxresdefault.jpg,1,,,,,559818,29866,,0,720
82,UCJCVxCW1dzEvFnzqDUU498g,BIMO,Iil8JEfNros,2024-04-20T20:00:48Z,"2024-04-20 20:00:48","الفقير VS الغني | PART 2","My Instagram : https://www.instagram.com/bilal_mouhouch -------------------------------------------------","bimo,td7ek tkhser,memes,storie time,story time,ecommerce,ecommerce business,ecommerce business beginners,ecommerce website wordpress,ecommerce 2022,ecommerce course,ecommerce dropshipping,ecommerce local maroc,ecommerce product,ecommerce laravel,ecommerce website in laravel,e commerce business,e commerce شرح,assurance vie,assurance de stage maroc,assurance voiture maroc,assurance moto maroc,assurance tous risques maroc,Lbnat,Storytime,ocean videos,trolat",28,"Science & Technology",Lifestyle_(sociology),PT18M17S,1097,2d,hd,false,en,ar,https://i.ytimg.com/vi/Iil8JEfNros/maxresdefault.jpg,1,,,,,1156210,48914,,0,1687
83,UCJCVxCW1dzEvFnzqDUU498g,BIMO,QqUvwdIisrI,2024-04-16T18:41:58Z,"2024-04-16 18:41:58","تعليقاتكم : تفسير الأحلام مع المتابعين 😂😂","My Instagram : https://www.instagram.com/bilal_mouhouch -------------------------------------------------","bimo,td7ek tkhser,memes,storie time,story time,ecommerce,ecommerce business,ecommerce business beginners,ecommerce website wordpress,ecommerce 2022,ecommerce course,ecommerce dropshipping,ecommerce local maroc,ecommerce product,ecommerce laravel,ecommerce website in laravel,e commerce business,e commerce شرح,assurance vie,assurance de stage maroc,assurance voiture maroc,assurance moto maroc,assurance tous risques maroc,Lbnat,Storytime,ocean videos,trolat",28,"Science & Technology",,PT8M35S,515,2d,hd,false,en,ar,https://i.ytimg.com/vi/QqUvwdIisrI/maxresdefault.jpg,1,,,,,948155,45843,,0,2409
84,UCJCVxCW1dzEvFnzqDUU498g,BIMO,LTvyx2YzTxU,2024-04-09T19:57:24Z,"2024-04-09 19:57:24","أغرب الأحلام لي كاملين كنحلموهم 🤣💤","My Instagram : https://www.instagram.com/bilal_mouhouch -------------------------------------------------","bimo,td7ek tkhser,memes,storie time,story time,ecommerce,ecommerce business,ecommerce business beginners,ecommerce website wordpress,ecommerce 2022,ecommerce course,ecommerce dropshipping,ecommerce local maroc,ecommerce product,ecommerce laravel,ecommerce website in laravel,e commerce business,e commerce شرح,assurance vie,assurance de stage maroc,assurance voiture maroc,assurance moto maroc,assurance tous risques maroc,Lbnat,Storytime,ocean videos,trolat",28,"Science & Technology",,PT10M1S,601,2d,hd,false,en,ar,https://i.ytimg.com/vi/LTvyx2YzTxU/maxresdefault.jpg,1,,,,,969218,48590,,0,2106
85,UCJCVxCW1dzEvFnzqDUU498g,BIMO,EsedIh3RvA4,2024-04-03T21:35:19Z,"2024-04-03 21:35:19","أغرب الصدف لي تقدر تشوف فحياتك 💀","My Instagram : https://www.instagram.com/bilal_mouhouch -------------------------------------------------","bimo,bimogamer,bilal,morrocan,youtuber,gamer,td7ek tkhser,memes,trolat,funny videos,stori time,storie time,story time,Bimo setup,Setup gaming,Maroc setup,Setup ikia,Setup cheap,Japan setup,China setup,Aliexpress,Decor home,Story time bimo,Assurance maroc,Ecomerce,E-commerce maroc,Auto assurance",28,"Science & Technology",,PT8M8S,488,2d,hd,false,en,ar,https://i.ytimg.com/vi/EsedIh3RvA4/maxresdefault.jpg,1,,,,,662693,35473,,0,1006
86,UCJCVxCW1dzEvFnzqDUU498g,BIMO,7b1Ow4qHmEw,2024-03-26T21:18:01Z,"2024-03-26 21:18:01","مُلوك الأناقة : الجيل الذهبي 😂 😂","My Instagram : https://www.instagram.com/bilal_mouhouch -------------------------------------------------","bimo,td7ek tkhser,memes,storie time,story time,ecommerce,ecommerce business,ecommerce business beginners,ecommerce website wordpress,ecommerce 2022,ecommerce course,ecommerce dropshipping,ecommerce local maroc,ecommerce product,ecommerce laravel,ecommerce website in laravel,e commerce business,e commerce شرح,assurance vie,assurance de stage maroc,assurance voiture maroc,assurance moto maroc,assurance tous risques maroc,Lbnat,Storytime,ocean videos,trolat",28,"Science & Technology",,PT10M40S,640,2d,hd,false,en,ar,https://i.ytimg.com/vi/7b1Ow4qHmEw/maxresdefault.jpg,1,,,,,651790,40421,,0,1139
87,UCJCVxCW1dzEvFnzqDUU498g,BIMO,2r6HuOyhzC0,2024-03-19T17:01:05Z,"2024-03-19 17:01:05","LEVEL DEVIL | تلعبها ونتا صائم ، تفطر 😂","My Instagram : https://www.instagram.com/bilal_mouhouch -------------------------------------------------","bimo,bimogamer,bilal,morrocan,youtuber,gamer,td7ek tkhser,memes,trolat,funny videos,stori time,storie time,story time",28,"Science & Technology","Action_game,Puzzle_video_game,Video_game_culture",PT12M30S,750,2d,hd,false,en,ar,https://i.ytimg.com/vi/2r6HuOyhzC0/maxresdefault.jpg,1,,,,,933780,41162,,0,1041
88,UCJCVxCW1dzEvFnzqDUU498g,BIMO,mCSzwfHHZYg,2024-03-12T16:10:57Z,"2024-03-12 16:10:57","MEMES #3 : 🔥تضحك🤣 = تفطر رمضان","My Instagram : https://www.instagram.com/bilal_mouhouch -------------------------------------------------","bimo,td7ek tkhser,memes,storie time,story time,ecommerce,ecommerce business,ecommerce business beginners,ecommerce website wordpress,ecommerce 2022,ecommerce course,ecommerce dropshipping,ecommerce local maroc,ecommerce product,ecommerce laravel,ecommerce website in laravel,e commerce business,e commerce شرح,assurance vie,assurance de stage maroc,assurance voiture maroc,assurance moto maroc,assurance tous risques maroc,Lbnat,Storytime,ocean videos,trolat",28,"Science & Technology",,PT11M18S,678,2d,hd,false,en,ar,https://i.ytimg.com/vi/mCSzwfHHZYg/maxresdefault.jpg,,,,,,932522,38618,,0,1496
89,UCJCVxCW1dzEvFnzqDUU498g,BIMO,zHxbm7MZXVE,2024-03-08T20:01:09Z,"2024-03-08 20:01:09","تناسخ الأرواح : قصة البنت لي رجعات من الموت ولكن …","My Instagram : https://www.instagram.com/bilal_mouhouch -------------------------------------------------","bimo,bimogamer,bilal,morrocan,youtuber,gamer,td7ek tkhser,memes,trolat,funny videos,stori time,storie time,story time,Bimo setup,Setup gaming,Maroc setup,Setup ikia,Setup cheap,Japan setup,China setup,Aliexpress,Decor home,Story time bimo,Assurance maroc,Ecomerce,E-commerce maroc,Auto assurance",28,"Science & Technology",,PT13M58S,838,2d,hd,false,en,ar,https://i.ytimg.com/vi/zHxbm7MZXVE/maxresdefault.jpg,1,,,,,835720,43780,,0,1115
90,UCJCVxCW1dzEvFnzqDUU498g,BIMO,LMEZ276Uid8,2024-02-26T17:54:29Z,"2024-02-26 17:54:29","STORY TIME | السبب علاش عندي فوبيا من الطيارة 💀","7na un centre de langues et de formations, un peu focalisé sur la langue et culture japonaises. 3ndna un espace co-work fin nass y9edrou yjiw y9raw wla ykhedmou tranquilles w kandirou des workshops w parfois des parties de jeux de sociétés. Ay wahed intéressé, contactez-nous sur : ☎️ Tele : 0771711176 📱 Insta : https://www.instagram.com/espace.culturel.mirai/ 📧 Mail : ec.mirai.ecm@gmail.com 📱Tiktok : https://www.tiktok.com/@espace.culturel.mirai?_t=8kD0iXKp3xe&_r=1 📱Facebook : https://www.facebook.com/profile.php?id=61554890972553&mibextid=ZbWKwL","bimo,bimogamer,bilal,morrocan,youtuber,gamer,td7ek tkhser,memes,trolat,funny videos,stori time,storie time,story time,Bimo setup,Setup gaming,Maroc setup,Setup ikia,Setup cheap,Japan setup,China setup,Aliexpress,Decor home,Story time bimo,Assurance maroc,Ecomerce,E-commerce maroc,Auto assurance",28,"Science & Technology",,PT22M12S,1332,2d,hd,false,en,ar,https://i.ytimg.com/vi/LMEZ276Uid8/maxresdefault.jpg,1,,,,,1332580,52921,,0,1424
91,UCJCVxCW1dzEvFnzqDUU498g,BIMO,M6pk-F1mUT8,2024-02-19T18:05:25Z,"2024-02-19 18:05:25","شرِينَا أَغربْ المُنتجَات اليَابانِية 🤣🤣","My Instagram : https://www.instagram.com/bilal_mouhouch -------------------------------------------------","bimo,bimogamer,bilal,morrocan,youtuber,gamer,td7ek tkhser,memes,trolat,funny videos,stori time,storie time,story time,Bimo setup,Setup gaming,Maroc setup,Setup ikia,Setup cheap,Japan setup,China setup,Aliexpress,Decor home,Story time bimo,Assurance maroc,Ecomerce,E-commerce maroc,Auto assurance,japan,akihabara",28,"Science & Technology",Lifestyle_(sociology),PT8M35S,515,2d,hd,false,en,ar,https://i.ytimg.com/vi/M6pk-F1mUT8/maxresdefault.jpg,1,,,,,728672,40139,,0,925
92,UCJCVxCW1dzEvFnzqDUU498g,BIMO,e6Hag6EeasE,2024-02-13T17:02:20Z,"2024-02-13 17:02:20","أول وآخر مرة نجرب هاد الرياضة ⛷️","My Instagram : https://www.instagram.com/bilal_mouhouch -------------------------------------------------","bimo,bimogamer,bilal,morrocan,youtuber,gamer,td7ek tkhser,memes,trolat,funny videos,stori time,storie time,story time,Bimo setup,Setup gaming,Maroc setup,Setup ikia,Setup cheap,Japan setup,China setup,Aliexpress,Decor home,Story time bimo,Assurance maroc,Ecomerce,E-commerce maroc,Auto assurance",28,"Science & Technology",Lifestyle_(sociology),PT13M23S,803,2d,hd,false,en,ar,https://i.ytimg.com/vi/e6Hag6EeasE/maxresdefault.jpg,1,,,,,369311,23687,,0,588
93,UCJCVxCW1dzEvFnzqDUU498g,BIMO,JklzuKUm6UM,2024-02-11T15:51:12Z,"2024-02-11 15:51:12","DAY 5 IN JAPAN : لبسوني لقفطان ديالهوم 😂😂","MY Instagram : https://www.instagram.com/bilal_mouhouch -------------------------------------------------","bimo,bimogamer,bilal,morrocan,youtuber,gamer,td7ek tkhser,memes,trolat,funny videos,stori time,storie time,story time,Bimo setup,Setup gaming,Maroc setup,Setup ikia,Setup cheap,Japan setup,China setup,Aliexpress,Decor home,Story time bimo,Assurance maroc,Ecomerce,E-commerce maroc,Auto assurance,jpan,tokyo,anime,japan,shibuya,ramen,kyoto,akihabara,station tokyo,shunjuku,to do in morocco,morocco,anime moroco,bimo anime,bimo japan,manga art hotel,manga",28,"Science & Technology","Lifestyle_(sociology),Tourism",PT11M1S,661,2d,hd,false,en,ar,https://i.ytimg.com/vi/JklzuKUm6UM/maxresdefault.jpg,,,,,,369194,23508,,0,867
94,UCJCVxCW1dzEvFnzqDUU498g,BIMO,5YJ5Na8fHLI,2024-02-10T19:36:14Z,"2024-02-10 19:36:14","DAY 4 IN JAPAN 🇯🇵 : أقدم مدينة في اليابان ، كيوتو","MY Instagram : https://www.instagram.com/bilal_mouhouch -------------------------------------------------","bimo,bimogamer,bilal,morrocan,youtuber,gamer,td7ek tkhser,memes,trolat,funny videos,stori time,storie time,story time,Bimo setup,Setup gaming,Maroc setup,Setup ikia,Setup cheap,Japan setup,China setup,Aliexpress,Decor home,Story time bimo,Assurance maroc,Ecomerce,E-commerce maroc,Auto assurance,jpan,tokyo,anime,japan,shibuya,ramen,kyoto,akihabara,station tokyo,shunjuku,to do in morocco,morocco,anime moroco,bimo anime,bimo japan,manga art hotel,manga",28,"Science & Technology",Lifestyle_(sociology),PT14M44S,884,2d,hd,false,en,ar,https://i.ytimg.com/vi/5YJ5Na8fHLI/maxresdefault.jpg,,,,,,342425,22437,,0,547
95,UCJCVxCW1dzEvFnzqDUU498g,BIMO,Mmd9YtZnZE8,2024-02-08T17:54:30Z,"2024-02-08 17:54:30","DAY 3 IN JAPAN 🇯🇵 : تقاطع شيبويا طوكيو الشهير + فندق المانغا","My Instagram : https://www.instagram.com/bilal_mouhouch","bimo,bimogamer,bilal,morrocan,youtuber,gamer,td7ek tkhser,memes,trolat,funny videos,stori time,storie time,story time,Bimo setup,Setup gaming,Maroc setup,Setup ikia,Setup cheap,Japan setup,China setup,Aliexpress,Decor home,Story time bimo,Assurance maroc,Ecomerce,E-commerce maroc,Auto assurance,jpan,tokyo,anime,japan,shibuya,ramen,kyoto,akihabara,station tokyo,shunjuku,to do in morocco,morocco,anime moroco,bimo anime,bimo japan,manga art hotel,manga",28,"Science & Technology",Lifestyle_(sociology),PT17M35S,1055,2d,hd,false,en,ar,https://i.ytimg.com/vi/Mmd9YtZnZE8/maxresdefault.jpg,,,,,,568597,32581,,0,736
96,UCJCVxCW1dzEvFnzqDUU498g,BIMO,VVGUmqyn1Ms,2024-02-06T18:08:49Z,"2024-02-06 18:08:49","DAY 2 IN JAPAN 🇯🇵 : جربنا الكبسولات + متحف الأضواء","سلام لخوت نتمنا لفيديو تكون عجباتكوم ، شكرا بزاف على دعم ديالكوم. نتشاوفو ففيديو جاي انشاء الله بيييييييييس. ------------------------------------------------- Instagram : https://www.instagram.com/bilal_mouhouch -------------------------------------------------","bimo,bimogamer,bilal,morrocan,youtuber,gamer,td7ek tkhser,memes,trolat,funny videos,stori time,storie time,story time,Bimo setup,Setup gaming,Maroc setup,Setup ikia,Setup cheap,Japan setup,China setup,Aliexpress,Decor home,Story time bimo,Assurance maroc,Ecomerce,E-commerce maroc,Auto assurance,jpan,tokyo,anime,japan,shibuya,ramen,kyoto,akihabara,station tokyo",28,"Science & Technology","Hobby,Lifestyle_(sociology)",PT18M49S,1129,2d,hd,false,en,ar,https://i.ytimg.com/vi/VVGUmqyn1Ms/maxresdefault.jpg,,,,,,644545,40764,,0,873
97,UCJCVxCW1dzEvFnzqDUU498g,BIMO,AL_UU3klRwA,2024-02-04T18:09:54Z,"2024-02-04 18:09:54","DAY 1 IN JAPAN 🇯🇵 : تحقق الحلم الحمدلله","سلام لخوت نتمنا لفيديو تكون عجباتكوم ، شكرا بزاف على دعم ديالكوم. نتشاوفو ففيديو جاي انشاء الله بيييييييييس. ------------------------------------------------- Instagram : https://www.instagram.com/bilal_mouhouch -------------------------------------------------","bimo,bimogamer,bilal,morrocan,youtuber,gamer,td7ek tkhser,memes,trolat,funny videos,stori time,storie time,story time,Bimo setup,Setup gaming,Maroc setup,Setup ikia,Setup cheap,Japan setup,China setup,Aliexpress,Decor home,Story time bimo,Assurance maroc,Ecomerce,E-commerce maroc,Auto assurance,jpan,tokyo,anime,japan,shibuya,ramen,kyoto,akihabara,station tokyo",28,"Science & Technology","Food,Lifestyle_(sociology)",PT19M26S,1166,2d,hd,false,en,ar,https://i.ytimg.com/vi/AL_UU3klRwA/maxresdefault.jpg,,,,,,1075471,62798,,0,1680
98,UCJCVxCW1dzEvFnzqDUU498g,BIMO,yNjg9ztsvI0,2024-01-09T20:53:04Z,"2024-01-09 20:53:04","STORY TIME | 😂😂 عضني حنش","شكرا بزاف على دعم ديالكوم","bimo,bimogamer,bilal,morrocan,youtuber,gamer,td7ek tkhser,memes,trolat,funny videos,stori time,storie time,story time,Bimo setup,Setup gaming,Maroc setup,Setup ikia,Setup cheap,Japan setup,China setup,Aliexpress,Decor home,Story time bimo,Assurance maroc,Ecomerce,E-commerce maroc,Auto assurance",28,"Science & Technology",,PT18M5S,1085,2d,hd,false,en,ar,https://i.ytimg.com/vi/yNjg9ztsvI0/maxresdefault.jpg,1,,,,,1429238,76411,,0,2489
99,UCJCVxCW1dzEvFnzqDUU498g,BIMO,VcwO2d54_mI,2023-12-28T18:38:52Z,"2023-12-28 18:38:52","قصة الطفل الصغير المفقود , Ryker webb 😨","شكرا بزاف على دعم ديالكوم lien : https://guest.link/21d Code promo : BIMO11 use it and get 130$ bonus","bimo,bimogamer,bilal,morrocan,youtuber,gamer,td7ek tkhser,memes,trolat,funny videos,stori time,storie time,story time,Bimo setup,Setup gaming,Maroc setup,Setup ikia,Setup cheap,Japan setup,China setup,Aliexpress,Decor home,Story time bimo,Assurance maroc,Ecomerce,E-commerce maroc,Auto assurance",28,"Science & Technology",,PT10M8S,608,2d,hd,false,en,ar,https://i.ytimg.com/vi/VcwO2d54_mI/maxresdefault.jpg,1,,,,,878029,50243,,0,1691
100,UCJCVxCW1dzEvFnzqDUU498g,BIMO,eT6XlQX3D4c,2023-12-20T17:32:37Z,"2023-12-20 17:32:37","بيمو فتمازيغت 🥸","نمرة ديال سي توفيق +212 677-833737 شكرا بزاف على دعم ديالكوم lien : https://guest.link/21d Code promo : BIMO11 use it and get 130$ bonus","bimo,bimogamer,bilal,morrocan,youtuber,gamer,td7ek tkhser,memes,trolat,funny videos,stori time,storie time,story time,Bimo setup,Setup gaming,Maroc setup,Setup ikia,Setup cheap,Japan setup,China setup,Aliexpress,Decor home,Story time bimo,Assurance maroc,Ecomerce,E-commerce maroc,Auto assurance",28,"Science & Technology","Lifestyle_(sociology),Tourism",PT23M55S,1435,2d,hd,false,en,ar,https://i.ytimg.com/vi/eT6XlQX3D4c/maxresdefault.jpg,1,,,,,793234,51384,,0,2205
101,UCJCVxCW1dzEvFnzqDUU498g,BIMO,1KAZr3B4M84,2023-12-15T19:15:03Z,"2023-12-15 19:15:03","تعليقاتكم : أغرب سبب علاش تفارقتو ؟ 😂😂","شكرا بزاف على دعم ديالكوم lien : https://guest.link/21d Code promo : BIMO11 use it and get 130$ bonus","bimo,bimogamer,bilal,morrocan,youtuber,gamer,td7ek tkhser,memes,trolat,funny videos,stori time,storie time,story time,Bimo setup,Setup gaming,Maroc setup,Setup ikia,Setup cheap,Japan setup,China setup,Aliexpress,Decor home,Story time bimo,Assurance maroc,Ecomerce,E-commerce maroc,Auto assurance",28,"Science & Technology",,PT16M15S,975,2d,hd,false,en,ar,https://i.ytimg.com/vi/1KAZr3B4M84/maxresdefault.jpg,1,,,,,1684354,87203,,0,2138
102,UCJCVxCW1dzEvFnzqDUU498g,BIMO,5cCZkHFwPPY,2023-12-09T18:51:55Z,"2023-12-09 18:51:55","MEMES #4 : مضادات الكآبة 😞","شكرا بزاف على دعم ديالكوم lien : https://guest.link/21d Code promo : BIMO11 use it and get 130$ bonus -------------------------------------------------------------------------------------------------- Instagram : https://www.instagram.com/bilal_mouhouch -------------------------------------------------","bimo,bimogamer,bilal,morrocan,youtuber,gamer,td7ek tkhser,memes,trolat,funny videos,stori time,storie time,story time,Bimo setup,Setup gaming,Maroc setup,Setup ikia,Setup cheap,Japan setup,China setup,Aliexpress,Decor home,Story time bimo,Assurance maroc,Ecomerce,E-commerce maroc,Auto assurance",28,"Science & Technology",,PT16M24S,984,2d,hd,false,en,ar,https://i.ytimg.com/vi/5cCZkHFwPPY/maxresdefault.jpg,1,,,,,1090658,54811,,0,1929
103,UCJCVxCW1dzEvFnzqDUU498g,BIMO,plkDxJD1_1I,2023-11-28T20:15:27Z,"2023-11-28 20:15:27","أَغرَب الأحْدَاث : مُسَابقةْ الحَزْقَة المُوسِيقِيَة 😂😂","شكرا بزاف على دعم ديالكوم -------------------------------------------------------------------------------------------------- Instagram : https://www.instagram.com/bilal_mouhouch -------------------------------------------------","bimo,bimogamer,bilal,morrocan,youtuber,gamer,td7ek tkhser,memes,trolat,funny videos,stori time,storie time,story time,Bimo setup,Setup gaming,Maroc setup,Setup ikia,Setup cheap,Japan setup,China setup,Aliexpress,Decor home,Story time bimo,Assurance maroc,Ecomerce,E-commerce maroc,Auto assurance",28,"Science & Technology",,PT18M42S,1122,2d,hd,false,en,ar,https://i.ytimg.com/vi/plkDxJD1_1I/maxresdefault.jpg,1,,,,,1201651,62074,,0,2020
104,UCJCVxCW1dzEvFnzqDUU498g,BIMO,HdTXCB4HnLc,2023-11-23T20:24:39Z,"2023-11-23 20:24:39","تعليقاتكم : فاش كنت صغير كان كيسحابلي …😂😂","شكرا بزاف على دعم ديالكوم -------------------------------------------------------------------------------------------------- Instagram : https://www.instagram.com/bilal_mouhouch -------------------------------------------------","bimo,bimogamer,bilal,morrocan,youtuber,gamer,td7ek tkhser,memes,trolat,funny videos,stori time,storie time,story time,Bimo setup,Setup gaming,Maroc setup,Setup ikia,Setup cheap,Japan setup,China setup,Aliexpress,Decor home,Story time bimo,Assurance maroc,Ecomerce,E-commerce maroc,Auto assurance",28,"Science & Technology",,PT16M20S,980,2d,hd,false,en,ar,https://i.ytimg.com/vi/HdTXCB4HnLc/maxresdefault.jpg,1,,,,,1515966,98830,,0,5452
105,UCJCVxCW1dzEvFnzqDUU498g,BIMO,FsDscK3v0V8,2023-11-16T19:38:52Z,"2023-11-16 19:38:52","STORY TIME | 😂😂 أَغرَب فَتْرة عشْتهَا فحْيَاتِي","شكرا بزاف على دعم ديالكوم LINK : ------------------------------------------------- اشترك في Cambly مجانًا اليوم واحصل على درسك الأول مجانًا. مع الرمز الترويجي BIMO60 يمكنك أيضًا الحصول على خصم %60 : https://cambly.biz/bimo60 ------------------------------------------------- سلام لخوت نتمنا لفيديو تكون عجباتكوم ، شكرا بزاف على دعم ديالكوم. نتشاوفو ففيديو جاي انشاء الله بيييييييييس. ------------------------------------------------- Instagram : https://www.instagram.com/bilal_mouhouch -------------------------------------------------","bimo,bimogamer,bilal,morrocan,youtuber,gamer,td7ek tkhser,memes,trolat,funny videos,stori time,storie time,story time,Bimo setup,Setup gaming,Maroc setup,Setup ikia,Setup cheap,Japan setup,China setup,Aliexpress,Decor home,Story time bimo,Assurance maroc,Ecomerce,E-commerce maroc,Auto assurance",28,"Science & Technology",,PT26M38S,1598,2d,hd,false,en,ar,https://i.ytimg.com/vi/FsDscK3v0V8/maxresdefault.jpg,1,,,,,1567369,65387,,0,1697
106,UCJCVxCW1dzEvFnzqDUU498g,BIMO,7RJvtzzjXlI,2023-11-10T19:03:13Z,"2023-11-10 19:03:13","NEW SETUP | روتيني اليومي 😂","شكرا بزاف على دعم ديالكوم lien : https://guest.link/21d Code promo : BIMO11 use it and get 130$ bonus -------------------------------------------------------------------------------------------------- Instagram : https://www.instagram.com/bilal_mouhouch -------------------------------------------------","bimo,bimogamer,bilal,morrocan,youtuber,gamer,td7ek tkhser,memes,trolat,funny videos,stori time,storie time,story time,Bimo setup,Setup gaming,Maroc setup,Setup ikia,Setup cheap,Japan setup,China setup,Aliexpress,Decor home,Story time bimo,Assurance maroc,Ecomerce,E-commerce maroc,Auto assurance",28,"Science & Technology",Lifestyle_(sociology),PT35M20S,2120,2d,hd,false,en,ar,https://i.ytimg.com/vi/7RJvtzzjXlI/maxresdefault.jpg,1,,,,,1263806,69515,,0,2196
107,UCJCVxCW1dzEvFnzqDUU498g,BIMO,dnp4nxtnQwE,2023-10-31T22:19:40Z,"2023-10-31 22:19:40","Ajiw l twitch , nreactiw ela videos mjmo3in ❤️😂 ( bimo36 )","سلام لخوت نتمنا لفيديو تكون عجباتكوم ، شكرا بزاف على دعم ديالكوم. نتشاوفو ففيديو جاي انشاء الله بيييييييييس. ------------------------------------------------- Instagram : https://www.instagram.com/bilal_mouhouch -------------------------------------------------",,28,"Science & Technology",,PT1M,60,2d,hd,false,en,ar,https://i.ytimg.com/vi/dnp4nxtnQwE/maxresdefault.jpg,1,,,,,322616,17112,,0,291
108,UCJCVxCW1dzEvFnzqDUU498g,BIMO,Ij8BiL2wfyc,2023-10-31T18:23:35Z,"2023-10-31 18:23:35","القصة لي خربقات العالم","سلام لخوت نتمنا لفيديو تكون عجباتكوم ، شكرا بزاف على دعم ديالكوم. نتشاوفو ففيديو جاي انشاء الله بيييييييييس. ------------------------------------------------- Instagram : https://www.instagram.com/bilal_mouhouch -------------------------------------------------","japanese to english,japanese restaurant near me,japanese food near me,japan time,japan anime,japanese names,sbt japan,japan time now,japan map,japan airlines flight 123,japan air 123,japan age of consent 2023,about japan flag,japan baseball scores,japan baseball standings,best places to visit in japan,badminton japan open 2023,croatia vs japan,japan dog man,japan esim,england vs japan,japan fest nyc,japan fest 2023,fc japan,BIMO,BILAL MOUHOUCH",28,"Science & Technology",,PT17M2S,1022,2d,hd,false,en,ar,https://i.ytimg.com/vi/Ij8BiL2wfyc/maxresdefault.jpg,1,,,,,1128514,54596,,0,1651
109,UCJCVxCW1dzEvFnzqDUU498g,BIMO,bg-htC6WdHY,2023-10-24T17:27:25Z,"2023-10-24 17:27:25","20 FACTS : 🇯🇵 فقط في اليابان ( PART 2 )","سلام لخوت نتمنا لفيديو تكون عجباتكوم ، شكرا بزاف على دعم ديالكوم. نتشاوفو ففيديو جاي انشاء الله بيييييييييس. ------------------------------------------------- Instagram : https://www.instagram.com/bilal_mouhouch -------------------------------------------------","japanese to english,japanese restaurant near me,japanese food near me,japan time,japan anime,japanese names,sbt japan,japan time now,japan map,japan airlines flight 123,japan air 123,japan age of consent 2023,about japan flag,japan baseball scores,japan baseball standings,best places to visit in japan,badminton japan open 2023,croatia vs japan,japan dog man,japan esim,england vs japan,japan fest nyc,japan fest 2023,fc japan,BIMO,BILAL MOUHOUCH",28,"Science & Technology",,PT11M1S,661,2d,hd,false,en,ar,https://i.ytimg.com/vi/bg-htC6WdHY/maxresdefault.jpg,1,,,,,311486,24921,,0,539
110,UCJCVxCW1dzEvFnzqDUU498g,BIMO,2lzcl_KVwts,2023-10-22T19:26:32Z,"2023-10-22 19:26:32","20 FACTS : 🇯🇵 فقط في اليابان ( PART 1 )","سلام لخوت نتمنا لفيديو تكون عجباتكوم ، شكرا بزاف على دعم ديالكوم. نتشاوفو ففيديو جاي انشاء الله بيييييييييس. ------------------------------------------------- Instagram : https://www.instagram.com/bilal_mouhouch -------------------------------------------------","japanese to english,japanese restaurant near me,japanese food near me,japan time,japan anime,japanese names,sbt japan,japan time now,japan map,japan airlines flight 123,japan air 123,japan age of consent 2023,about japan flag,japan baseball scores,japan baseball standings,best places to visit in japan,badminton japan open 2023,croatia vs japan,japan dog man,japan esim,england vs japan,japan fest nyc,japan fest 2023,fc japan,BIMO,BILAL MOUHOUCH",28,"Science & Technology",,PT9M56S,596,2d,hd,false,en,ar,https://i.ytimg.com/vi/2lzcl_KVwts/maxresdefault.jpg,1,,,,,602662,35838,,0,1068
111,UCJCVxCW1dzEvFnzqDUU498g,BIMO,D4UqwhPBl9c,2023-10-15T19:34:05Z,"2023-10-15 19:34:05","جائزة أفضل سائق تذهب إلى...💁🏻‍♀️","سلام لخوت نتمنا لفيديو تكون عجباتكوم ، شكرا بزاف على دعم ديالكوم. نتشاوفو ففيديو جاي انشاء الله بيييييييييس. ------------------------------------------------- Instagram : https://www.instagram.com/bilal_mouhouch -------------------------------------------------","bimo,td7ek tkhser,memes,storie time,story time,ecommerce,ecommerce business,ecommerce website,ecommerce business beginners,ecommerce website wordpress,ecommerce 2022,ecommerce course,ecommerce dropshipping,ecommerce local maroc,ecommerce product,ecommerce laravel,ecommerce website in laravel,e commerce business,e commerce شرح,assurance vie,assurance de stage maroc,assurance voiture maroc,assurance moto maroc,assurance tous risques maroc,Lbnat,Storytime",28,"Science & Technology",,PT9M22S,562,2d,hd,false,en,ar,https://i.ytimg.com/vi/D4UqwhPBl9c/maxresdefault.jpg,1,,,,,401731,23605,,0,494
112,UCJCVxCW1dzEvFnzqDUU498g,BIMO,1r5QATpqUnQ,2023-10-12T21:50:04Z,"2023-10-12 21:50:04","أَغْرب الِإختراعَات فِي اليَابَان 🎌😂","سلام لخوت نتمنا لفيديو تكون عجباتكوم ، شكرا بزاف على دعم ديالكوم. نتشاوفو ففيديو جاي انشاء الله بيييييييييس. ------------------------------------------------- Instagram : https://www.instagram.com/bilal_mouhouch -------------------------------------------------","bimo,td7ek tkhser,memes,storie time,story time,ecommerce,ecommerce business,ecommerce website,ecommerce business beginners,ecommerce website wordpress,ecommerce 2022,ecommerce course,ecommerce dropshipping,ecommerce local maroc,ecommerce product,ecommerce laravel,ecommerce website in laravel,e commerce business,e commerce شرح,assurance vie,assurance de stage maroc,assurance voiture maroc,assurance moto maroc,assurance tous risques maroc,Lbnat,Storytime",28,"Science & Technology",,PT17M19S,1039,2d,hd,false,en,ar,https://i.ytimg.com/vi/1r5QATpqUnQ/maxresdefault.jpg,1,,,,,1160928,53789,,0,1461
113,UCJCVxCW1dzEvFnzqDUU498g,BIMO,WNSGc-I7YFM,2023-10-09T19:41:24Z,"2023-10-09 19:41:24","المعانات ديالي مع SECURITE","سلام لخوت نتمنا لفيديو تكون عجباتكوم ، شكرا بزاف على دعم ديالكوم. نتشاوفو ففيديو جاي انشاء الله بيييييييييس. ------------------------------------------------- Instagram : https://www.instagram.com/bilal_mouhouch -------------------------------------------------","bimo,td7ek tkhser,memes,storie time,story time,ecommerce,ecommerce business,ecommerce website,ecommerce business beginners,ecommerce website wordpress,ecommerce 2022,ecommerce course,ecommerce dropshipping,ecommerce local maroc,ecommerce product,ecommerce laravel,ecommerce website in laravel,e commerce business,e commerce شرح,assurance vie,assurance de stage maroc,assurance voiture maroc,assurance moto maroc,assurance tous risques maroc,Lbnat,Storytime",28,"Science & Technology",,PT11M37S,697,2d,hd,false,en,ar,https://i.ytimg.com/vi/WNSGc-I7YFM/maxresdefault.jpg,1,,,,,663908,35016,,0,721
114,UCJCVxCW1dzEvFnzqDUU498g,BIMO,rT7MabSqDCE,2023-10-09T19:24:55Z,"2023-10-09 19:24:55","RANDOM VIDEOS | فيديوهات عشوائية","سلام لخوت نتمنا لفيديو تكون عجباتكوم ، شكرا بزاف على دعم ديالكوم. نتشاوفو ففيديو جاي انشاء الله بيييييييييس. ------------------------------------------------- Instagram : https://www.instagram.com/bilal_mouhouch -------------------------------------------------","bimo,td7ek tkhser,memes,storie time,story time,ecommerce,ecommerce business,ecommerce website,ecommerce business beginners,ecommerce website wordpress,ecommerce 2022,ecommerce course,ecommerce dropshipping,ecommerce local maroc,ecommerce product,ecommerce laravel,ecommerce website in laravel,e commerce business,e commerce شرح,assurance vie,assurance de stage maroc,assurance voiture maroc,assurance moto maroc,assurance tous risques maroc,Lbnat,Storytime",28,"Science & Technology",,PT10M30S,630,2d,hd,false,en,ar,https://i.ytimg.com/vi/rT7MabSqDCE/maxresdefault.jpg,1,,,,,896949,33773,,0,555
115,UCJCVxCW1dzEvFnzqDUU498g,BIMO,HT3FOFr8M0s,2023-10-01T19:37:31Z,"2023-10-01 19:37:31","المرأة : إنزعو مَلابسكم ومارِسو الفاحشة ، قِصّة أَغرب قاتِلة متسلسلة (MAGDALENA SOLIS)","سلام لخوت نتمنا لفيديو تكون عجباتكوم ، شكرا بزاف على دعم ديالكوم. نتشاوفو ففيديو جاي انشاء الله بيييييييييس. ------------------------------------------------- Instagram : https://www.instagram.com/bilal_mouhouch -------------------------------------------------","bimo,memes,storie time,story time,ecommerce,ecommerce business,ecommerce website,ecommerce business beginners,ecommerce website wordpress,ecommerce 2022,ecommerce course,ecommerce dropshipping,ecommerce local maroc,ecommerce product,ecommerce laravel,ecommerce website in laravel,e commerce business,assurance vie,assurance de stage maroc,assurance voiture maroc,assurance moto maroc,assurance tous risques maroc,Lbnat,Storytime,magdalina solis,magdalenasolis",28,"Science & Technology",,PT12M49S,769,2d,hd,false,en,ar,https://i.ytimg.com/vi/HT3FOFr8M0s/maxresdefault.jpg,1,,,,,751729,39215,,0,888
116,UCJCVxCW1dzEvFnzqDUU498g,BIMO,FHfQX4CzY2g,2023-09-30T18:58:34Z,"2023-09-30 18:58:34","MEMES #3 : الفيديوهات لي مخصناش نضحكو عليهم 🤣","سلام لخوت نتمنا لفيديو تكون عجباتكوم ، شكرا بزاف على دعم ديالكوم. نتشاوفو ففيديو جاي انشاء الله بيييييييييس. ------------------------------------------------- Instagram : https://www.instagram.com/bilal_mouhouch -------------------------------------------------","bimo,td7ek tkhser,memes,storie time,story time,ecommerce,ecommerce business,ecommerce website,ecommerce business beginners,ecommerce website wordpress,ecommerce 2022,ecommerce course,ecommerce dropshipping,ecommerce local maroc,ecommerce product,ecommerce laravel,ecommerce website in laravel,e commerce business,e commerce شرح,assurance vie,assurance de stage maroc,assurance voiture maroc,assurance moto maroc,assurance tous risques maroc,Lbnat,Storytime",28,"Science & Technology",Entertainment,PT9M21S,561,2d,hd,false,en,ar,https://i.ytimg.com/vi/FHfQX4CzY2g/maxresdefault.jpg,1,,,,,1137422,56729,,0,846
117,UCJCVxCW1dzEvFnzqDUU498g,BIMO,uAfQgPfofLs,2023-09-26T20:24:13Z,"2023-09-26 20:24:13","MOTIVATION ( ديَال لْعْبَار ) أول خطوة للنجاح 🤦‍♂️","سلام لخوت نتمنا لفيديو تكون عجباتكوم ، شكرا بزاف على دعم ديالكوم. نتشاوفو ففيديو جاي انشاء الله بيييييييييس. ------------------------------------------------- Instagram : https://www.instagram.com/bilal_mouhouch -------------------------------------------------","bimo,td7ek tkhser,memes,storie time,story time,ecommerce,ecommerce business,ecommerce website,ecommerce business beginners,ecommerce website wordpress,ecommerce 2022,ecommerce course,ecommerce dropshipping,ecommerce local maroc,ecommerce product,ecommerce laravel,ecommerce website in laravel,e commerce business,e commerce شرح,assurance vie,assurance de stage maroc,assurance voiture maroc,assurance moto maroc,assurance tous risques maroc,Lbnat,Storytime",28,"Science & Technology",,PT16M35S,995,2d,hd,false,en,ar,https://i.ytimg.com/vi/uAfQgPfofLs/maxresdefault.jpg,1,,,,,587368,31844,,0,863
118,UCJCVxCW1dzEvFnzqDUU498g,BIMO,9yco_XSQfCY,2023-09-22T20:37:49Z,"2023-09-22 20:37:49","MEMES #2 : 🔥تضحك🤣 = جهنم","سلام لخوت نتمنا لفيديو تكون عجباتكوم ، شكرا بزاف على دعم ديالكوم. نتشاوفو ففيديو جاي انشاء الله بيييييييييس. ------------------------------------------------- Instagram : https://www.instagram.com/bilal_mouhouch -------------------------------------------------","bimo,td7ek tkhser,memes,storie time,story time,ecommerce,ecommerce business,ecommerce website,ecommerce business beginners,ecommerce website wordpress,ecommerce 2022,ecommerce course,ecommerce dropshipping,ecommerce local maroc,ecommerce product,ecommerce laravel,ecommerce website in laravel,e commerce business,e commerce شرح,assurance vie,assurance de stage maroc,assurance voiture maroc,assurance moto maroc,assurance tous risques maroc,Lbnat,Storytime",28,"Science & Technology",,PT12M32S,752,2d,hd,false,en,ar,https://i.ytimg.com/vi/9yco_XSQfCY/maxresdefault.jpg,1,,,,,2680823,74210,,0,1411
119,UCJCVxCW1dzEvFnzqDUU498g,BIMO,KvAyPcqzed0,2023-09-20T19:56:28Z,"2023-09-20 19:56:28","كيدوشو بنفس الماء ، و كياكلو ... 😨","سلام لخوت نتمنا لفيديو تكون عجباتكوم ، شكرا بزاف على دعم ديالكوم. نتشاوفو ففيديو جاي انشاء الله بيييييييييس. ------------------------------------------------- Instagram : https://www.instagram.com/bilal_mouhouch -------------------------------------------------","bimo,td7ek tkhser,memes,storie time,story time,ecommerce,ecommerce business,ecommerce website,ecommerce business beginners,ecommerce website wordpress,ecommerce 2022,ecommerce course,ecommerce dropshipping,ecommerce local maroc,ecommerce product,ecommerce laravel,ecommerce website in laravel,e commerce business,e commerce شرح,assurance vie,assurance de stage maroc,assurance voiture maroc,assurance moto maroc,assurance tous risques maroc,Lbnat,Storytime",28,"Science & Technology",Humour,PT14M1S,841,2d,hd,false,en,ar,https://i.ytimg.com/vi/KvAyPcqzed0/maxresdefault.jpg,1,,,,,1115893,46759,,0,1432
120,UCJCVxCW1dzEvFnzqDUU498g,BIMO,5gIyLClLJuk,2023-09-17T20:41:30Z,"2023-09-17 20:41:30","وَاش زْهَايمر ولا ذَكاءْ ؟","سلام لخوت نتمنا لفيديو تكون عجباتكوم ، شكرا بزاف على دعم ديالكوم. نتشاوفو ففيديو جاي انشاء الله بيييييييييس. ------------------------------------------------- Instagram : https://www.instagram.com/bilal_mouhouch -------------------------------------------------","bimo,td7ek tkhser,memes,storie time,story time,ecommerce,ecommerce business,ecommerce website,ecommerce business beginners,ecommerce website wordpress,ecommerce 2022,ecommerce course,ecommerce dropshipping,ecommerce local maroc,ecommerce product,ecommerce laravel,ecommerce website in laravel,e commerce business,e commerce شرح,assurance vie,assurance de stage maroc,assurance voiture maroc,assurance moto maroc,assurance tous risques maroc,Lbnat,Storytime",28,"Science & Technology",Religion,PT15M32S,932,2d,hd,false,en,ar,https://i.ytimg.com/vi/5gIyLClLJuk/maxresdefault.jpg,1,,,,,635835,34772,,0,1299
121,UCJCVxCW1dzEvFnzqDUU498g,BIMO,Emejao-KRbA,2023-09-15T17:13:37Z,"2023-09-15 17:13:37","أغرب إدمان ( لبْليَاتْ ) في العالم 🤦‍♂️","سلام لخوت نتمنا لفيديو تكون عجباتكوم ، شكرا بزاف على دعم ديالكوم. نتشاوفو ففيديو جاي انشاء الله بيييييييييس. ------------------------------------------------- Instagram : https://www.instagram.com/bilal_mouhouch -------------------------------------------------","bimo,td7ek tkhser,memes,storie time,story time,ecommerce,ecommerce business,ecommerce website,ecommerce business beginners,ecommerce website wordpress,ecommerce 2022,ecommerce course,ecommerce dropshipping,ecommerce local maroc,ecommerce product,ecommerce laravel,ecommerce website in laravel,e commerce business,e commerce شرح,assurance vie,assurance de stage maroc,assurance voiture maroc,assurance moto maroc,assurance tous risques maroc,Lbnat,Storytime",28,"Science & Technology",Health,PT12M35S,755,2d,hd,false,en,ar,https://i.ytimg.com/vi/Emejao-KRbA/maxresdefault.jpg,1,,,,,1442456,70850,,0,3803
122,UCJCVxCW1dzEvFnzqDUU498g,BIMO,iCWLZVHzTTg,2023-09-14T19:22:33Z,"2023-09-14 19:22:33",08/09/2023,"سلام لخوت نتمنا لفيديو تكون عجباتكوم ، شكرا بزاف على دعم ديالكوم. نتشاوفو ففيديو جاي انشاء الله بيييييييييس. ------------------------------------------------- Instagram : https://www.instagram.com/bilal_mouhouch -------------------------------------------------","bimo,bimogamer,bilal,morrocan,youtuber,gamer,td7ek tkhser,memes,trolat,funny videos,stori time,storie time,story time",28,"Science & Technology",,PT9M54S,594,2d,hd,false,en,ar,,,,,,,167749,23247,,0,687
123,UCJCVxCW1dzEvFnzqDUU498g,BIMO,l2d7WKJlOEw,2023-09-07T21:07:21Z,"2023-09-07 21:07:21","أَغرب طرق العِلاَج القديمة 😂","سلام لخوت نتمنا لفيديو تكون عجباتكوم ، شكرا بزاف على دعم ديالكوم. نتشاوفو ففيديو جاي انشاء الله بيييييييييس. ------------------------------------------------- Instagram : https://www.instagram.com/bilal_mouhouch -------------------------------------------------","bimo,td7ek tkhser,memes,storie time,story time,ecommerce,ecommerce business,ecommerce website,ecommerce business beginners,ecommerce website wordpress,ecommerce 2022,ecommerce course,ecommerce dropshipping,ecommerce local maroc,ecommerce product,ecommerce laravel,ecommerce website in laravel,e commerce business,e commerce شرح,assurance vie,assurance de stage maroc,assurance voiture maroc,assurance moto maroc,assurance tous risques maroc,Lbnat,Storytime",28,"Science & Technology",,PT18M26S,1106,2d,hd,false,en,ar,https://i.ytimg.com/vi/l2d7WKJlOEw/maxresdefault.jpg,1,,,,,1303288,61745,,0,1363
124,UCJCVxCW1dzEvFnzqDUU498g,BIMO,pGSknK9mcE0,2023-09-04T20:56:03Z,"2023-09-04 20:56:03","أبشع أنواع العقوبات فالتاريخ ☠️","سلام لخوت نتمنا لفيديو تكون عجباتكوم ، شكرا بزاف على دعم ديالكوم. نتشاوفو ففيديو جاي انشاء الله بيييييييييس. ------------------------------------------------- Instagram : https://www.instagram.com/bilal_mouhouch -------------------------------------------------","bimo,td7ek tkhser,memes,storie time,story time,ecommerce,ecommerce business,ecommerce website,ecommerce business beginners,ecommerce website wordpress,ecommerce 2022,ecommerce course,ecommerce dropshipping,ecommerce local maroc,ecommerce product,ecommerce laravel,ecommerce website in laravel,e commerce business,e commerce شرح,assurance vie,assurance de stage maroc,assurance voiture maroc,assurance moto maroc,assurance tous risques maroc,Lbnat,Storytime",28,"Science & Technology",,PT14M37S,877,2d,hd,false,en,ar,https://i.ytimg.com/vi/pGSknK9mcE0/maxresdefault.jpg,1,,,,,1438613,85298,,0,1366
125,UCJCVxCW1dzEvFnzqDUU498g,BIMO,oJb9dRrzqrQ,2023-08-25T19:19:30Z,"2023-08-25 19:19:30","شنو نقدر ندير ب 10 فالباك ؟","Formulaire : https://forms.gle/e5CLiH3SgF5eTPy89 ‎للتواصل: 📞+212 6 01 99 99 98 📨 +212 6 68 10 10 88 📧contact@nebaconsulting.ma 🌐www.nebaconsulting.ma 📍Residence Aymen avenue des far 3 ème étage app 8, Mohammedia. 📍 Boulevard bordeaux 40 2ème étage, Casablanca. 📍Imm Isis 6 rue Arrigui app 12 2ème étage Gueliz, Marrakech. 📍BD chawki, Rue Mimouna, lot Hassania 3, block 2, Beni mellal. 📍Espace bureau el houda, N° 26 Rue Amira Aïcha App 28,Kénitra. 📍Angle almowahidine rue ibno rochd 5ème étage bureau 19, Oujda Sinon vous pouvez postuler enligne www.nebaconsulting.ma Plateforme d'inscription Enligne App.nebaconsulting.ma","bimo,td7ek tkhser,memes,storie time,story time,ecommerce,ecommerce business,ecommerce website,ecommerce business beginners,ecommerce website wordpress,ecommerce 2022,ecommerce course,ecommerce dropshipping,ecommerce local maroc,ecommerce product,ecommerce laravel,ecommerce website in laravel,e commerce business,e commerce شرح,assurance vie,assurance de stage maroc,assurance voiture maroc,assurance moto maroc,assurance tous risques maroc,Lbnat,Storytime",28,"Science & Technology",,PT14M33S,873,2d,hd,false,en,ar,https://i.ytimg.com/vi/oJb9dRrzqrQ/maxresdefault.jpg,1,,,,,218254,17084,,0,521
126,UCJCVxCW1dzEvFnzqDUU498g,BIMO,Ex1fJbauKgc,2023-08-18T20:15:03Z,"2023-08-18 20:15:03","أغرب أنواع الفوبيا الموثقة 🤣","سلام لخوت نتمنا لفيديو تكون عجباتكوم ، شكرا بزاف على دعم ديالكوم. نتشاوفو ففيديو جاي انشاء الله بيييييييييس. ------------------------------------------------- Instagram : https://www.instagram.com/bilal_mouhouch -------------------------------------------------","bimo,td7ek tkhser,memes,storie time,story time,ecommerce,ecommerce business,ecommerce website,ecommerce business beginners,ecommerce website wordpress,ecommerce 2022,ecommerce course,ecommerce dropshipping,ecommerce local maroc,ecommerce product,ecommerce laravel,ecommerce website in laravel,e commerce business,e commerce شرح,assurance vie,assurance de stage maroc,assurance voiture maroc,assurance moto maroc,assurance tous risques maroc,Lbnat,Storytime",28,"Science & Technology",,PT15M50S,950,2d,hd,false,en,ar,https://i.ytimg.com/vi/Ex1fJbauKgc/maxresdefault.jpg,1,,,,,1132335,52750,,0,1893
127,UCJCVxCW1dzEvFnzqDUU498g,BIMO,YGWL-Jsia6A,2023-08-16T20:09:32Z,"2023-08-16 20:09:32","إمتى غدير دراري ؟ إمتى غنشوفوك بولادك ؟ إمتى .....","سلام لخوت نتمنا لفيديو تكون عجباتكوم ، شكرا بزاف على دعم ديالكوم. نتشاوفو ففيديو جاي انشاء الله بيييييييييس. ------------------------------------------------- Instagram : https://www.instagram.com/bilal_mouhouch -------------------------------------------------","bimo,td7ek tkhser,memes,storie time,story time,ecommerce,ecommerce business,ecommerce website,ecommerce business beginners,ecommerce website wordpress,ecommerce 2022,ecommerce course,ecommerce dropshipping,ecommerce local maroc,ecommerce product,ecommerce laravel,ecommerce website in laravel,e commerce business,e commerce شرح,assurance vie,assurance de stage maroc,assurance voiture maroc,assurance moto maroc,assurance tous risques maroc,Lbnat,Storytime",28,"Science & Technology",,PT14M33S,873,2d,hd,false,en,ar,https://i.ytimg.com/vi/YGWL-Jsia6A/maxresdefault.jpg,1,,,,,771296,42418,,0,1479
128,UCJCVxCW1dzEvFnzqDUU498g,BIMO,kBYBkNEetC8,2023-08-16T20:09:02Z,"2023-08-16 20:09:02","المرأة : أنا حججت سبع مرات ولم أرى الكعبه حتى الان( قصة واقعية )","سلام لخوت نتمنا لفيديو تكون عجباتكوم ، شكرا بزاف على دعم ديالكوم. نتشاوفو ففيديو جاي انشاء الله بيييييييييس. ------------------------------------------------- Instagram : https://www.instagram.com/bilal_mouhouch -------------------------------------------------","bimo,td7ek tkhser,memes,storie time,story time,ecommerce,ecommerce business,ecommerce website,ecommerce business beginners,ecommerce website wordpress,ecommerce 2022,ecommerce course,ecommerce dropshipping,ecommerce local maroc,ecommerce product,ecommerce laravel,ecommerce website in laravel,e commerce business,e commerce شرح,assurance vie,assurance de stage maroc,assurance voiture maroc,assurance moto maroc,assurance tous risques maroc,Lbnat,Storytime",28,"Science & Technology",,PT10M41S,641,2d,hd,false,en,ar,https://i.ytimg.com/vi/kBYBkNEetC8/maxresdefault.jpg,1,,,,,983497,55669,,0,1044
129,UCJCVxCW1dzEvFnzqDUU498g,BIMO,FRzKovUq5ao,2023-08-11T20:43:05Z,"2023-08-11 20:43:05","STORY TIME | لحوايج الخايبين لي عشناهم فتايلاند","سلام لخوت نتمنا لفيديو تكون عجباتكوم ، شكرا بزاف على دعم ديالكوم. نتشاوفو ففيديو جاي انشاء الله بيييييييييس. ------------------------------------------------- Instagram : https://www.instagram.com/bilal_mouhouch -------------------------------------------------","bimo,td7ek tkhser,memes,storie time,story time,ecommerce,ecommerce business,ecommerce website,ecommerce business beginners,ecommerce website wordpress,ecommerce 2022,ecommerce course,ecommerce dropshipping,ecommerce local maroc,ecommerce product,ecommerce laravel,ecommerce website in laravel,e commerce business,e commerce شرح,assurance vie,assurance de stage maroc,assurance voiture maroc,assurance moto maroc,assurance tous risques maroc,Lbnat,Storytime",28,"Science & Technology",Lifestyle_(sociology),PT20M55S,1255,2d,hd,false,en,ar,https://i.ytimg.com/vi/FRzKovUq5ao/maxresdefault.jpg,1,,,,,1512755,70900,,0,1098
130,UCJCVxCW1dzEvFnzqDUU498g,BIMO,Zh_Z0s7QA4E,2023-08-03T21:17:02Z,"2023-08-03 21:17:02","أَغرب 10 وَظائِف في العالم 🤑🤣","سلام لخوت نتمنا لفيديو تكون عجباتكوم ، شكرا بزاف على دعم ديالكوم. نتشاوفو ففيديو جاي انشاء الله بيييييييييس. ------------------------------------------------- Instagram : https://www.instagram.com/bilal_mouhouch -------------------------------------------------","bimo,td7ek tkhser,memes,storie time,story time,ecommerce,ecommerce business,ecommerce website,ecommerce business beginners,ecommerce website wordpress,ecommerce 2022,ecommerce course,ecommerce dropshipping,ecommerce local maroc,ecommerce product,ecommerce laravel,ecommerce website in laravel,e commerce business,e commerce شرح,assurance vie,assurance de stage maroc,assurance voiture maroc,assurance moto maroc,assurance tous risques maroc,Lbnat,Storytime",28,"Science & Technology",,PT17M36S,1056,2d,hd,false,en,ar,https://i.ytimg.com/vi/Zh_Z0s7QA4E/maxresdefault.jpg,1,,,,,1521302,61644,,0,1172
131,UCJCVxCW1dzEvFnzqDUU498g,BIMO,MHOjO1_rQT8,2023-07-27T21:00:13Z,"2023-07-27 21:00:13","The forbidden experiment | التّجربة المُحرمَة","سلام لخوت نتمنا لفيديو تكون عجباتكوم ، شكرا بزاف على دعم ديالكوم. نتشاوفو ففيديو جاي انشاء الله بيييييييييس. ------------------------------------------------- Instagram : https://www.instagram.com/bilal_mouhouch -------------------------------------------------","bimo,td7ek tkhser,memes,storie time,story time,ecommerce,ecommerce business,ecommerce website,ecommerce business beginners,ecommerce website wordpress,ecommerce 2022,ecommerce course,ecommerce dropshipping,ecommerce local maroc,ecommerce product,ecommerce laravel,ecommerce website in laravel,e commerce business,e commerce شرح,assurance vie,assurance de stage maroc,assurance voiture maroc,assurance moto maroc,assurance tous risques maroc,Lbnat,Storytime",28,"Science & Technology",,PT12M49S,769,2d,hd,false,en,ar,https://i.ytimg.com/vi/MHOjO1_rQT8/maxresdefault.jpg,1,,,,,959494,51711,,0,844
132,UCJCVxCW1dzEvFnzqDUU498g,BIMO,jqfq1k7Nwlc,2023-07-20T19:37:01Z,"2023-07-20 19:37:01","بسبب حوادث خطيرة ، ولات عندهم قوة خارقة 😨","سلام لخوت نتمنا لفيديو تكون عجباتكوم ، شكرا بزاف على دعم ديالكوم. نتشاوفو ففيديو جاي انشاء الله بيييييييييس. ------------------------------------------------- Instagram : https://www.instagram.com/bilal_mouhouch ------------------------------------------------- lien : https://guest.link/21d Code promo : BIMO11 use it and get 130$ bonus ------------------------------------------------- سلام لخوت نتمنا لفيديو تكون عجباتكوم ، شكرا بزاف على دعم ديالكوم. نتشاوفو ففيديو جاي انشاء الله بيييييييييس. ------------------------------------------------- Instagram : https://www.instagram.com/bilal_mouhouch -------------------------------------------------","bimo,td7ek tkhser,memes,storie time,story time,ecommerce,ecommerce business,ecommerce website,ecommerce business beginners,ecommerce website wordpress,ecommerce 2022,ecommerce course,ecommerce dropshipping,ecommerce local maroc,ecommerce product,ecommerce laravel,ecommerce website in laravel,e commerce business,e commerce شرح,assurance vie,assurance de stage maroc,assurance voiture maroc,assurance moto maroc,assurance tous risques maroc,Lbnat,Storytime",28,"Science & Technology",,PT19M50S,1190,2d,hd,false,en,ar,https://i.ytimg.com/vi/jqfq1k7Nwlc/maxresdefault.jpg,1,,,,,1248096,49482,,0,1063
133,UCJCVxCW1dzEvFnzqDUU498g,BIMO,tLvqBvwvWcs,2023-07-17T16:04:27Z,"2023-07-17 16:04:27","STORY TIME | المشكل ديالي مع طواليط","سلام لخوت نتمنا لفيديو تكون عجباتكوم ، شكرا بزاف على دعم ديالكوم. نتشاوفو ففيديو جاي انشاء الله بيييييييييس. ------------------------------------------------- Instagram : https://www.instagram.com/bilal_mouhouch ------------------------------------------------- lien : https://guest.link/21d Code promo : BIMO11 use it and get 130$ bonus ------------------------------------------------- سلام لخوت نتمنا لفيديو تكون عجباتكوم ، شكرا بزاف على دعم ديالكوم. نتشاوفو ففيديو جاي انشاء الله بيييييييييس. ------------------------------------------------- Instagram : https://www.instagram.com/bilal_mouhouch -------------------------------------------------","bimo,td7ek tkhser,memes,storie time,story time,ecommerce,ecommerce business,ecommerce website,ecommerce business beginners,ecommerce website wordpress,ecommerce 2022,ecommerce course,ecommerce dropshipping,ecommerce local maroc,ecommerce product,ecommerce laravel,ecommerce website in laravel,e commerce business,e commerce شرح,assurance vie,assurance de stage maroc,assurance voiture maroc,assurance moto maroc,assurance tous risques maroc,Lbnat,Storytime",28,"Science & Technology",,PT12M29S,749,2d,hd,false,en,ar,https://i.ytimg.com/vi/tLvqBvwvWcs/maxresdefault.jpg,1,,,,,1049686,50877,,0,1481
134,UCJCVxCW1dzEvFnzqDUU498g,BIMO,rvSZHeYTwVg,2023-07-06T10:53:54Z,"2023-07-06 10:53:54","مكنحملش ...😡😡😡","سلام لخوت نتمنا لفيديو تكون عجباتكوم ، شكرا بزاف على دعم ديالكوم. نتشاوفو ففيديو جاي انشاء الله بيييييييييس. ------------------------------------------------- Instagram : https://www.instagram.com/bilal_mouhouch ------------------------------------------------- lien : https://guest.link/21d Code promo : BIMO11 use it and get 130$ bonus ------------------------------------------------- سلام لخوت نتمنا لفيديو تكون عجباتكوم ، شكرا بزاف على دعم ديالكوم. نتشاوفو ففيديو جاي انشاء الله بيييييييييس. ------------------------------------------------- Instagram : https://www.instagram.com/bilal_mouhouch -------------------------------------------------","bimo,td7ek tkhser,memes,storie time,story time,ecommerce,ecommerce business,ecommerce website,ecommerce business beginners,ecommerce website wordpress,ecommerce 2022,ecommerce course,ecommerce dropshipping,ecommerce local maroc,ecommerce product,ecommerce laravel,ecommerce website in laravel,e commerce business,e commerce شرح,assurance vie,assurance de stage maroc,assurance voiture maroc,assurance moto maroc,assurance tous risques maroc,Lbnat,Storytime",28,"Science & Technology",,PT10M39S,639,2d,hd,false,en,ar,https://i.ytimg.com/vi/rvSZHeYTwVg/maxresdefault.jpg,1,,,,,782395,43606,,0,1420
135,UCJCVxCW1dzEvFnzqDUU498g,BIMO,m3Eo2SXl9ok,2023-07-05T20:12:04Z,"2023-07-05 20:12:04","مميزات الجسم البشري : كيكبرلهم لقرون ؟","سلام لخوت نتمنا لفيديو تكون عجباتكوم ، شكرا بزاف على دعم ديالكوم. نتشاوفو ففيديو جاي انشاء الله بيييييييييس. ------------------------------------------------- Instagram : https://www.instagram.com/bilal_mouhouch ------------------------------------------------- lien : https://guest.link/21d Code promo : BIMO11 use it and get 130$ bonus ------------------------------------------------- سلام لخوت نتمنا لفيديو تكون عجباتكوم ، شكرا بزاف على دعم ديالكوم. نتشاوفو ففيديو جاي انشاء الله بيييييييييس. ------------------------------------------------- Instagram : https://www.instagram.com/bilal_mouhouch -------------------------------------------------","bimo,td7ek tkhser,memes,storie time,story time,ecommerce,ecommerce business,ecommerce website,ecommerce business beginners,ecommerce website wordpress,ecommerce 2022,ecommerce course,ecommerce dropshipping,ecommerce local maroc,ecommerce product,ecommerce laravel,ecommerce website in laravel,e commerce business,e commerce شرح,assurance vie,assurance de stage maroc,assurance voiture maroc,assurance moto maroc,assurance tous risques maroc,Lbnat,Storytime",28,"Science & Technology",Health,PT11M16S,676,2d,hd,false,en,ar,https://i.ytimg.com/vi/m3Eo2SXl9ok/maxresdefault.jpg,,,,,,763641,47407,,0,1329
136,UCJCVxCW1dzEvFnzqDUU498g,BIMO,vycnCHRTFSE,2023-06-27T17:43:37Z,"2023-06-27 17:43:37","STORY TIME | 😂😂 تسافيرة مع العائلة","سلام لخوت نتمنا لفيديو تكون عجباتكوم ، شكرا بزاف على دعم ديالكوم. نتشاوفو ففيديو جاي انشاء الله بيييييييييس. ------------------------------------------------- Instagram : https://www.instagram.com/bilal_mouhouch ------------------------------------------------- lien : https://guest.link/21d Code promo : BIMO11 use it and get 130$ bonus ------------------------------------------------- سلام لخوت نتمنا لفيديو تكون عجباتكوم ، شكرا بزاف على دعم ديالكوم. نتشاوفو ففيديو جاي انشاء الله بيييييييييس. ------------------------------------------------- Instagram : https://www.instagram.com/bilal_mouhouch -------------------------------------------------","bimo,td7ek tkhser,memes,storie time,story time,ecommerce,ecommerce business,ecommerce website,ecommerce business beginners,ecommerce website wordpress,ecommerce 2022,ecommerce course,ecommerce dropshipping,ecommerce local maroc,ecommerce product,ecommerce laravel,ecommerce website in laravel,e commerce business,e commerce شرح,assurance vie,assurance de stage maroc,assurance voiture maroc,assurance moto maroc,assurance tous risques maroc,Lbnat,Storytime",28,"Science & Technology",,PT18M59S,1139,2d,hd,false,en,ar,https://i.ytimg.com/vi/vycnCHRTFSE/maxresdefault.jpg,1,,,,,1862157,92741,,0,2105
137,UCJCVxCW1dzEvFnzqDUU498g,BIMO,N0a40uZArkU,2023-06-19T11:20:04Z,"2023-06-19 11:20:04","إعلان هام : ختي غتسقط فلباك 🚨🚨🚨🚨","اشترك في Cambly مجانًا اليوم واحصل على درسك الأول مجانًا. مع الرمز الترويجي BIMO يمكنك أيضًا الحصول على خصم 50٪: https://cambly.biz/bimo ------------------------------------------------- سلام لخوت نتمنا لفيديو تكون عجباتكوم ، شكرا بزاف على دعم ديالكوم. نتشاوفو ففيديو جاي انشاء الله بيييييييييس. ------------------------------------------------- Instagram : https://www.instagram.com/bilal_mouhouch -------------------------------------------------","bimo,td7ek tkhser,memes,storie time,story time,ecommerce,ecommerce business,ecommerce website,ecommerce business beginners,ecommerce website wordpress,ecommerce 2022,ecommerce course,ecommerce dropshipping,ecommerce local maroc,ecommerce product,ecommerce laravel,ecommerce website in laravel,e commerce business,e commerce شرح,assurance vie,assurance de stage maroc,assurance voiture maroc,assurance moto maroc,assurance tous risques maroc,Lbnat,Storytime",28,"Science & Technology",,PT14M12S,852,2d,hd,false,en,ar,https://i.ytimg.com/vi/N0a40uZArkU/maxresdefault.jpg,1,,,,,2199278,103178,,0,3810
138,UCJCVxCW1dzEvFnzqDUU498g,BIMO,8aMqBPp_Jmw,2023-06-08T18:34:03Z,"2023-06-08 18:34:03","لعيالات و لفراش ديال الدار قصة عشق لا تنتهي","سلام لخوت نتمنا لفيديو تكون عجباتكوم ، شكرا بزاف على دعم ديالكوم. نتشاوفو ففيديو جاي انشاء الله بيييييييييس. ------------------------------------------------- Instagram : https://www.instagram.com/bilal_mouhouch ------------------------------------------------- lien : https://guest.link/21d Code promo : BIMO11 use it and get 130$ bonus ------------------------------------------------- سلام لخوت نتمنا لفيديو تكون عجباتكوم ، شكرا بزاف على دعم ديالكوم. نتشاوفو ففيديو جاي انشاء الله بيييييييييس. ------------------------------------------------- Instagram : https://www.instagram.com/bilal_mouhouch -------------------------------------------------","bimo,td7ek tkhser,memes,storie time,story time,ecommerce,ecommerce business,ecommerce website,ecommerce business beginners,ecommerce website wordpress,ecommerce 2022,ecommerce course,ecommerce dropshipping,ecommerce local maroc,ecommerce product,ecommerce laravel,ecommerce website in laravel,e commerce business,e commerce شرح,assurance vie,assurance de stage maroc,assurance voiture maroc,assurance moto maroc,assurance tous risques maroc,Lbnat,Storytime",28,"Science & Technology",,PT12M32S,752,2d,hd,false,en,ar,https://i.ytimg.com/vi/8aMqBPp_Jmw/maxresdefault.jpg,1,,,,,1008725,48876,,0,1235
139,UCJCVxCW1dzEvFnzqDUU498g,BIMO,DMxEY0XCdOA,2023-05-31T20:58:42Z,"2023-05-31 20:58:42","تجربة جديدة فدوار تادوت","لرابط هنا انقر للتسجيل المجاني في Olymp Trade https://olymptrade.onelink.me/Y8Xk/BIMO1 بداية سهلة في التداول - Olymp Trade ------------------------------------------------- سلام لخوت نتمنا لفيديو تكون عجباتكوم ، شكرا بزاف على دعم ديالكوم. نتشاوفو ففيديو جاي انشاء الله بيييييييييس. ------------------------------------------------- Instagram : https://www.instagram.com/bilal_mouhouch -------------------------------------------------","bimo,td7ek tkhser,memes,storie time,story time,ecommerce,ecommerce business,ecommerce website,ecommerce business beginners,ecommerce website wordpress,ecommerce 2022,ecommerce course,ecommerce dropshipping,ecommerce local maroc,ecommerce product,ecommerce laravel,ecommerce website in laravel,e commerce business,e commerce شرح,assurance vie,assurance de stage maroc,assurance voiture maroc,assurance moto maroc,assurance tous risques maroc,Lbnat,Storytime",28,"Science & Technology",,PT15M20S,920,2d,hd,false,en,ar,https://i.ytimg.com/vi/DMxEY0XCdOA/maxresdefault.jpg,1,,,,,493866,34967,,0,775
140,UCJCVxCW1dzEvFnzqDUU498g,BIMO,zt7ord1BTsM,2023-05-28T18:35:07Z,"2023-05-28 18:35:07","😘تعلم كيف تحصل على حبيبة مع ملك الغَمَزَات","سلام لخوت نتمنا لفيديو تكون عجباتكوم ، شكرا بزاف على دعم ديالكوم. نتشاوفو ففيديو جاي انشاء الله بيييييييييس. ------------------------------------------------- Instagram : https://www.instagram.com/bilal_mouhouch ------------------------------------------------- lien : https://guest.link/21d Code promo : BIMO11 use it and get 130$ bonus ------------------------------------------------- سلام لخوت نتمنا لفيديو تكون عجباتكوم ، شكرا بزاف على دعم ديالكوم. نتشاوفو ففيديو جاي انشاء الله بيييييييييس. ------------------------------------------------- Instagram : https://www.instagram.com/bilal_mouhouch -------------------------------------------------","bimo,td7ek tkhser,memes,storie time,story time,ecommerce,ecommerce business,ecommerce website,ecommerce business beginners,ecommerce website wordpress,ecommerce 2022,ecommerce course,ecommerce dropshipping,ecommerce local maroc,ecommerce product,ecommerce laravel,ecommerce website in laravel,e commerce business,e commerce شرح,assurance vie,assurance de stage maroc,assurance voiture maroc,assurance moto maroc,assurance tous risques maroc,Lbnat,Storytime",28,"Science & Technology",,PT7M51S,471,2d,hd,false,en,ar,https://i.ytimg.com/vi/zt7ord1BTsM/maxresdefault.jpg,1,,,,,354334,24473,,0,771
141,UCJCVxCW1dzEvFnzqDUU498g,BIMO,9mu6ZgqO5So,2023-05-19T17:01:20Z,"2023-05-19 17:01:20","PART 2 : 5 مواقف حرجة عشتهم 🤦‍♂️","سلام لخوت نتمنا لفيديو تكون عجباتكوم ، شكرا بزاف على دعم ديالكوم. نتشاوفو ففيديو جاي انشاء الله بيييييييييس. ------------------------------------------------- Instagram : https://www.instagram.com/bilal_mouhouch ------------------------------------------------- lien : https://guest.link/21d Code promo : BIMO11 use it and get 130$ bonus ------------------------------------------------- سلام لخوت نتمنا لفيديو تكون عجباتكوم ، شكرا بزاف على دعم ديالكوم. نتشاوفو ففيديو جاي انشاء الله بيييييييييس. ------------------------------------------------- Instagram : https://www.instagram.com/bilal_mouhouch -------------------------------------------------","bimo,td7ek tkhser,memes,storie time,story time,ecommerce,ecommerce business,ecommerce website,ecommerce business beginners,ecommerce website wordpress,ecommerce 2022,ecommerce course,ecommerce dropshipping,ecommerce local maroc,ecommerce product,ecommerce laravel,ecommerce website in laravel,e commerce business,e commerce شرح,assurance vie,assurance de stage maroc,assurance voiture maroc,assurance moto maroc,assurance tous risques maroc,Lbnat,Storytime",28,"Science & Technology",,PT11M56S,716,2d,hd,false,en,ar,https://i.ytimg.com/vi/9mu6ZgqO5So/maxresdefault.jpg,1,,,,,1605053,81344,,0,1614
142,UCJCVxCW1dzEvFnzqDUU498g,BIMO,P134XFkD2bw,2023-05-12T19:16:13Z,"2023-05-12 19:16:13","NATIONAL BIMO GRAPHIC | 20 معلومة مكتقبلهاش العقل","سلام لخوت نتمنا لفيديو تكون عجباتكوم ، شكرا بزاف على دعم ديالكوم. نتشاوفو ففيديو جاي انشاء الله بيييييييييس. ------------------------------------------------- Instagram : https://www.instagram.com/bilal_mouhouch ------------------------------------------------- lien : https://guest.link/21d Code promo : BIMO11 use it and get 130$ bonus ------------------------------------------------- سلام لخوت نتمنا لفيديو تكون عجباتكوم ، شكرا بزاف على دعم ديالكوم. نتشاوفو ففيديو جاي انشاء الله بيييييييييس. ------------------------------------------------- Instagram : https://www.instagram.com/bilal_mouhouch -------------------------------------------------","bimo,bimogamer,bilal,youtuber,td7ek tkhser,memes,trolat,funny videos,stori time,storie time,story time,new studio,new setup,setup maroc,setup youtuber,maroc setup youtube,اغرب الاسماء المغربية,اغرب الاسماء,ecommerce business,ecommerce website,ecommerce website wordpress,ecommerce 2022,ecommerce course,ecommerce dropshipping,ecommerce local maroc,ecommerce product,e commerce شرح,assurance vie,assurance de stage maroc,assurance voiture maroc",28,"Science & Technology",,PT10M55S,655,2d,hd,false,en,ar,https://i.ytimg.com/vi/P134XFkD2bw/maxresdefault.jpg,1,,,,,882076,50247,,0,1294
143,UCJCVxCW1dzEvFnzqDUU498g,BIMO,NfTGmN8WimU,2023-05-03T18:46:06Z,"2023-05-03 18:46:06","الأبراج الفلكية ( بُرج القُرَيْدِس🦞)","سلام لخوت نتمنا لفيديو تكون عجباتكوم ، شكرا بزاف على دعم ديالكوم. نتشاوفو ففيديو جاي انشاء الله بيييييييييس. ------------------------------------------------- Instagram : https://www.instagram.com/bilal_mouhouch ------------------------------------------------- lien : https://guest.link/21d Code promo : BIMO11 use it and get 130$ bonus ------------------------------------------------- سلام لخوت نتمنا لفيديو تكون عجباتكوم ، شكرا بزاف على دعم ديالكوم. نتشاوفو ففيديو جاي انشاء الله بيييييييييس. ------------------------------------------------- Instagram : https://www.instagram.com/bilal_mouhouch -------------------------------------------------------------","bimo,bimogamer,bilal,morrocan,youtuber,gamer,td7ek tkhser,memes,trolat,funny videos,stori time,storie time,story time",28,"Science & Technology",,PT8M1S,481,2d,hd,false,en,ar,https://i.ytimg.com/vi/NfTGmN8WimU/maxresdefault.jpg,1,,,,,681963,41849,,0,1393
144,UCJCVxCW1dzEvFnzqDUU498g,BIMO,cnhAGvJJkfQ,2023-04-27T18:06:13Z,"2023-04-27 18:06:13","قريت تعليقاتكم 😂","سلام لخوت نتمنا لفيديو تكون عجباتكوم ، شكرا بزاف على دعم ديالكوم. نتشاوفو ففيديو جاي انشاء الله بيييييييييس. ------------------------------------------------- Instagram : https://www.instagram.com/bilal_mouhouch ------------------------------------------------- lien : https://guest.link/21d Code promo : BIMO11 use it and get 130$ bonus ------------------------------------------------ سلام لخوت نتمنا لفيديو تكون عجباتكوم ، شكرا بزاف على دعم ديالكوم. نتشاوفو ففيديو جاي انشاء الله بيييييييييس. ------------------------------------------------- Instagram : https://www.instagram.com/bilal_mouhouch -------------------------------------------------","bimo,bimogamer,bilal,youtuber,td7ek tkhser,memes,trolat,funny videos,stori time,storie time,story time,new studio,new setup,setup maroc,setup youtuber,maroc setup youtube,اغرب الاسماء المغربية,اغرب الاسماء,ecommerce business,ecommerce website,ecommerce website wordpress,ecommerce 2022,ecommerce course,ecommerce dropshipping,ecommerce local maroc,ecommerce product,e commerce شرح,assurance vie,assurance de stage maroc,assurance voiture maroc",28,"Science & Technology",,PT10M46S,646,2d,hd,false,en,ar,https://i.ytimg.com/vi/cnhAGvJJkfQ/maxresdefault.jpg,1,,,,,1109282,69973,,0,2188
145,UCJCVxCW1dzEvFnzqDUU498g,BIMO,EUxW_d08Cvc,2023-04-20T20:46:55Z,"2023-04-20 20:46:55","ها علاش بدلت 🤷‍♂️!","سلام لخوت نتمنا لفيديو تكون عجباتكوم ، شكرا بزاف على دعم ديالكوم. نتشاوفو ففيديو جاي انشاء الله بيييييييييس. ------------------------------------------------- Instagram : https://www.instagram.com/bilal_mouhouch ------------------------------------------------- lien : https://guest.link/21d Code promo : BIMO11 use it and get 130$ bonus ------------------------------------------------- سلام لخوت نتمنا لفيديو تكون عجباتكوم ، شكرا بزاف على دعم ديالكوم. نتشاوفو ففيديو جاي انشاء الله بيييييييييس. ------------------------------------------------- Instagram : https://www.instagram.com/bilal_mouhouch -------------------------------------------------","bimo,bimogamer,bilal,youtuber,td7ek tkhser,memes,trolat,funny videos,stori time,storie time,story time,new studio,new setup,setup maroc,setup youtuber,maroc setup youtube,اغرب الاسماء المغربية,اغرب الاسماء,ecommerce business,ecommerce website,ecommerce website wordpress,ecommerce 2022,ecommerce course,ecommerce dropshipping,ecommerce local maroc,ecommerce product,e commerce شرح,assurance vie,assurance de stage maroc,assurance voiture maroc",28,"Science & Technology",,PT4M46S,286,2d,hd,false,en,ar,https://i.ytimg.com/vi/EUxW_d08Cvc/maxresdefault.jpg,1,,,,,365838,32434,,0,4476
146,UCJCVxCW1dzEvFnzqDUU498g,BIMO,dCyR8hnjse4,2023-04-13T20:50:09Z,"2023-04-13 20:50:09","أسماء مَغرِبِية عمْرك سمعتِهم من قبل","سلام لخوت نتمنا لفيديو تكون عجباتكوم ، شكرا بزاف على دعم ديالكوم. نتشاوفو ففيديو جاي انشاء الله بيييييييييس. ------------------------------------------------- Instagram : https://www.instagram.com/bilal_mouhouch ------------------------------------------------- سلام لخوت نتمنا لفيديو تكون عجباتكوم ، شكرا بزاف على دعم ديالكوم. نتشاوفو ففيديو جاي انشاء الله بيييييييييس. ------------------------------------------------- Instagram : https://www.instagram.com/bilal_mouhouch -------------------------------------------------","bimo,bimogamer,bilal,morrocan,youtuber,gamer,td7ek tkhser,memes,trolat,funny videos,stori time,storie time,story time,اغرب الاسماء المغربية,اغرب الاسماء,ecommerce business,ecommerce website,ecommerce website wordpress,ecommerce 2022,ecommerce course,ecommerce dropshipping,ecommerce local maroc,ecommerce product,e commerce شرح,assurance vie,assurance de stage maroc,assurance voiture maroc,assurance moto maroc,assurance tous risques maroc",28,"Science & Technology",,PT13M37S,817,2d,hd,false,en,ar,https://i.ytimg.com/vi/dCyR8hnjse4/maxresdefault.jpg,1,,,,,1037149,51147,,0,1966
147,UCJCVxCW1dzEvFnzqDUU498g,BIMO,qTxv9zGYKkY,2023-04-08T21:00:01Z,"2023-04-08 21:00:01","الماكلة : المغرب VS اليابان","سلام لخوت نتمنا لفيديو تكون عجباتكوم ، شكرا بزاف على دعم ديالكوم. نتشاوفو ففيديو جاي انشاء الله بيييييييييس. ------------------------------------------------- Instagram : https://www.instagram.com/bilal_mouhouch ------------------------------------------------- سلام لخوت نتمنا لفيديو تكون عجباتكوم ، شكرا بزاف على دعم ديالكوم. نتشاوفو ففيديو جاي انشاء الله بيييييييييس. ------------------------------------------------- Instagram : https://www.instagram.com/bilal_mouhouch -------------------------------------------------","bimo,td7ek tkhser,memes,storie time,story time,ecommerce,ecommerce business,ecommerce website,ecommerce business beginners,ecommerce website wordpress,ecommerce 2022,ecommerce course,ecommerce dropshipping,ecommerce local maroc,ecommerce product,ecommerce laravel,ecommerce website in laravel,e commerce business,e commerce شرح,assurance vie,assurance de stage maroc,assurance voiture maroc,assurance moto maroc,assurance tous risques maroc,Lbnat,Storytime",28,"Science & Technology",,PT14M38S,878,2d,hd,false,en,ar,https://i.ytimg.com/vi/qTxv9zGYKkY/maxresdefault.jpg,1,,,,,1717193,73990,,0,1316
148,UCJCVxCW1dzEvFnzqDUU498g,BIMO,gJfarL4mg0c,2023-04-04T21:14:39Z,"2023-04-04 21:14:39","عزيزي دافيد (الحلقة 4) و الأخيرة : لحقيقة ديال دافيد","سلام لخوت نتمنا لفيديو تكون عجباتكوم ، شكرا بزاف على دعم ديالكوم. نتشاوفو ففيديو جاي انشاء الله بيييييييييس. ------------------------------------------------- Instagram : https://www.instagram.com/bilal_mouhouch ------------------------------------------------- lien : https://cutt.ly/Qk19C97 Code promo : BIMO11 use it and get 130$ bonus ------------------------------------------------- سلام لخوت نتمنا لفيديو تكون عجباتكوم ، شكرا بزاف على دعم ديالكوم. نتشاوفو ففيديو جاي انشاء الله بيييييييييس. ------------------------------------------------- Instagram : https://www.instagram.com/bilal_mouhouch -------------------------------------------------","bimo,td7ek tkhser,memes,storie time,story time,ecommerce,ecommerce business,ecommerce website,ecommerce business beginners,ecommerce website wordpress,ecommerce 2022,ecommerce course,ecommerce dropshipping,ecommerce local maroc,ecommerce product,ecommerce laravel,ecommerce website in laravel,e commerce business,e commerce شرح,assurance vie,assurance de stage maroc,assurance voiture maroc,assurance moto maroc,assurance tous risques maroc,Lbnat,Storytime",28,"Science & Technology",,PT13M9S,789,2d,hd,false,en,ar,https://i.ytimg.com/vi/gJfarL4mg0c/maxresdefault.jpg,1,,,,,499110,34754,,0,1620
149,UCJCVxCW1dzEvFnzqDUU498g,BIMO,CqGuFHh0bv0,2023-04-01T21:13:05Z,"2023-04-01 21:13:05","عزيزي دافيد (الحلقة 3) : هادشي كامل مكانش حلم ؟","سلام لخوت نتمنا لفيديو تكون عجباتكوم ، شكرا بزاف على دعم ديالكوم. نتشاوفو ففيديو جاي انشاء الله بيييييييييس. ------------------------------------------------- Instagram : https://www.instagram.com/bilal_mouhouch ------------------------------------------------- lien : https://cutt.ly/Qk19C97 Code promo : BIMO11 use it and get 130$ bonus ------------------------------------------------- سلام لخوت نتمنا لفيديو تكون عجباتكوم ، شكرا بزاف على دعم ديالكوم. نتشاوفو ففيديو جاي انشاء الله بيييييييييس. ------------------------------------------------- Instagram : https://www.instagram.com/bilal_mouhouch -------------------------------------------------","bimo,td7ek tkhser,memes,storie time,story time,ecommerce,ecommerce business,ecommerce website,ecommerce business beginners,ecommerce website wordpress,ecommerce 2022,ecommerce course,ecommerce dropshipping,ecommerce local maroc,ecommerce product,ecommerce laravel,ecommerce website in laravel,e commerce business,e commerce شرح,assurance vie,assurance de stage maroc,assurance voiture maroc,assurance moto maroc,assurance tous risques maroc,Lbnat,Storytime",28,"Science & Technology",,PT9M55S,595,2d,hd,false,en,ar,https://i.ytimg.com/vi/CqGuFHh0bv0/maxresdefault.jpg,1,,,,,436271,29030,,0,787
150,UCJCVxCW1dzEvFnzqDUU498g,BIMO,5FcW0KCmr4g,2023-03-30T16:20:06Z,"2023-03-30 16:20:06","عزيزي دافيد (الحلقة 2) : شنو كاين من مورا لباب ؟","سلام لخوت نتمنا لفيديو تكون عجباتكوم ، شكرا بزاف على دعم ديالكوم. نتشاوفو ففيديو جاي انشاء الله بيييييييييس. ------------------------------------------------- Instagram : https://www.instagram.com/bilal_mouhouch ------------------------------------------------- lien : https://cutt.ly/Qk19C97 Code promo : BIMO11 use it and get 130$ bonus ------------------------------------------------- سلام لخوت نتمنا لفيديو تكون عجباتكوم ، شكرا بزاف على دعم ديالكوم. نتشاوفو ففيديو جاي انشاء الله بيييييييييس. ------------------------------------------------- Instagram : https://www.instagram.com/bilal_mouhouch -------------------------------------------------","bimo,td7ek tkhser,memes,storie time,story time,ecommerce,ecommerce business,ecommerce website,ecommerce business beginners,ecommerce website wordpress,ecommerce 2022,ecommerce course,ecommerce dropshipping,ecommerce local maroc,ecommerce product,ecommerce laravel,ecommerce website in laravel,e commerce business,e commerce شرح,assurance vie,assurance de stage maroc,assurance voiture maroc,assurance moto maroc,assurance tous risques maroc,Lbnat,Storytime",28,"Science & Technology",,PT10M7S,607,2d,hd,false,en,ar,https://i.ytimg.com/vi/5FcW0KCmr4g/maxresdefault.jpg,1,,,,,502278,30914,,0,709
151,UCJCVxCW1dzEvFnzqDUU498g,BIMO,T7JpuPEYGvw,2023-03-29T21:01:20Z,"2023-03-29 21:01:20","عزيزي دافيد (الحلقة 1) : شكون هو دافيد ؟","سلام لخوت نتمنا لفيديو تكون عجباتكوم ، شكرا بزاف على دعم ديالكوم. نتشاوفو ففيديو جاي انشاء الله بيييييييييس. ------------------------------------------------- Instagram : https://www.instagram.com/bilal_mouhouch ------------------------------------------------- lien : https://cutt.ly/Qk19C97 Code promo : BIMO11 use it and get 130$ bonus ------------------------------------------------- سلام لخوت نتمنا لفيديو تكون عجباتكوم ، شكرا بزاف على دعم ديالكوم. نتشاوفو ففيديو جاي انشاء الله بيييييييييس. ------------------------------------------------- Instagram : https://www.instagram.com/bilal_mouhouch -------------------------------------------------","bimo,td7ek tkhser,memes,storie time,story time,ecommerce,ecommerce business,ecommerce website,ecommerce business beginners,ecommerce website wordpress,ecommerce 2022,ecommerce course,ecommerce dropshipping,ecommerce local maroc,ecommerce product,ecommerce laravel,ecommerce website in laravel,e commerce business,e commerce شرح,assurance vie,assurance de stage maroc,assurance voiture maroc,assurance moto maroc,assurance tous risques maroc,Lbnat,Storytime",28,"Science & Technology",,PT8M32S,512,2d,hd,false,en,ar,https://i.ytimg.com/vi/T7JpuPEYGvw/maxresdefault.jpg,1,,,,,650869,39446,,0,1013
152,UCJCVxCW1dzEvFnzqDUU498g,BIMO,vgvtRJmE81Q,2023-03-09T18:49:40Z,"2023-03-09 18:49:40","STORY TIME | دخلت نتريني ل BOX","سلام لخوت نتمنا لفيديو تكون عجباتكوم ، شكرا بزاف على دعم ديالكوم. نتشاوفو ففيديو جاي انشاء الله بيييييييييس. ------------------------------------------------- Instagram : https://www.instagram.com/bilal_mouhouch ------------------------------------------------- lien : https://cutt.ly/Qk19C97 Code promo : BIMO11 use it and get 130$ bonus ------------------------------------------------- سلام لخوت نتمنا لفيديو تكون عجباتكوم ، شكرا بزاف على دعم ديالكوم. نتشاوفو ففيديو جاي انشاء الله بيييييييييس. ------------------------------------------------- Instagram : https://www.instagram.com/bilal_mouhouch -------------------------------------------------","bimo,td7ek tkhser,memes,storie time,story time,ecommerce,ecommerce business,ecommerce website,ecommerce business beginners,ecommerce website wordpress,ecommerce 2022,ecommerce course,ecommerce dropshipping,ecommerce local maroc,ecommerce product,ecommerce laravel,ecommerce website in laravel,e commerce business,e commerce شرح,assurance vie,assurance de stage maroc,assurance voiture maroc,assurance moto maroc,assurance tous risques maroc,Lbnat,Storytime",28,"Science & Technology",,PT8M55S,535,2d,hd,false,en,ar,https://i.ytimg.com/vi/vgvtRJmE81Q/maxresdefault.jpg,1,,,,,935198,53371,,0,873
153,UCJCVxCW1dzEvFnzqDUU498g,BIMO,NoeXJYoC93Q,2023-03-05T18:49:53Z,"2023-03-05 18:49:53","شكون أنا ؟","سلام لخوت نتمنا لفيديو تكون عجباتكوم ، شكرا بزاف على دعم ديالكوم. نتشاوفو ففيديو جاي انشاء الله بيييييييييس. ------------------------------------------------- Instagram : https://www.instagram.com/bilal_mouhouch ------------------------------------------------- lien : https://cutt.ly/Qk19C97 Code promo : BIMO11 use it and get 130$ bonus ------------------------------------------------- سلام لخوت نتمنا لفيديو تكون عجباتكوم ، شكرا بزاف على دعم ديالكوم. نتشاوفو ففيديو جاي انشاء الله بيييييييييس. ------------------------------------------------- Instagram : https://www.instagram.com/bilal_mouhouch -------------------------------------------------","bimo,td7ek tkhser,memes,storie time,story time,ecommerce,ecommerce business,ecommerce website,ecommerce business beginners,ecommerce website wordpress,ecommerce 2022,ecommerce course,ecommerce dropshipping,ecommerce local maroc,ecommerce product,ecommerce laravel,ecommerce website in laravel,e commerce business,e commerce شرح,assurance vie,assurance de stage maroc,assurance voiture maroc,assurance moto maroc,assurance tous risques maroc,Lbnat,Storytime",28,"Science & Technology",Humour,PT10M59S,659,2d,hd,false,en,ar,https://i.ytimg.com/vi/NoeXJYoC93Q/maxresdefault.jpg,1,,,,,924820,54341,,0,1266
154,UCJCVxCW1dzEvFnzqDUU498g,BIMO,Ibw1Xu2d0UA,2023-02-20T19:00:46Z,"2023-02-20 19:00:46","5 مواقف حرجة عشتهم 🤦‍♂️","سلام لخوت نتمنا لفيديو تكون عجباتكوم ، شكرا بزاف على دعم ديالكوم. نتشاوفو ففيديو جاي انشاء الله بيييييييييس. ------------------------------------------------- Instagram : https://www.instagram.com/bilal_mouhouch ------------------------------------------------- lien : https://cutt.ly/Qk19C97 Code promo : BIMO11 use it and get 130$ bonus ------------------------------------------------- سلام لخوت نتمنا لفيديو تكون عجباتكوم ، شكرا بزاف على دعم ديالكوم. نتشاوفو ففيديو جاي انشاء الله بيييييييييس. ------------------------------------------------- Instagram : https://www.instagram.com/bilal_mouhouch -------------------------------------------------","bimo,td7ek tkhser,memes,storie time,story time,ecommerce,ecommerce business,ecommerce website,ecommerce business beginners,ecommerce website wordpress,ecommerce 2022,ecommerce course,ecommerce dropshipping,ecommerce local maroc,ecommerce product,ecommerce laravel,ecommerce website in laravel,e commerce business,e commerce شرح,assurance vie,assurance de stage maroc,assurance voiture maroc,assurance moto maroc,assurance tous risques maroc,Lbnat,Storytime",28,"Science & Technology",,PT13M26S,806,2d,hd,false,en,ar,https://i.ytimg.com/vi/Ibw1Xu2d0UA/maxresdefault.jpg,1,,,,,1837955,83663,,0,1409
155,UCJCVxCW1dzEvFnzqDUU498g,BIMO,6xvEWVDYZqI,2023-02-14T17:14:02Z,"2023-02-14 17:14:02","أغرب أسماء الأكلات الجزائرية 😂","سلام لخوت نتمنا لفيديو تكون عجباتكوم ، شكرا بزاف على دعم ديالكوم. نتشاوفو ففيديو جاي انشاء الله بيييييييييس. ------------------------------------------------- Instagram : https://www.instagram.com/bilal_mouhouch -------------------------------------------------","bimo,td7ek tkhser,memes,storie time,story time,ecommerce,ecommerce business,ecommerce website,ecommerce business beginners,ecommerce website wordpress,ecommerce 2022,ecommerce course,ecommerce dropshipping,ecommerce local maroc,ecommerce product,ecommerce laravel,ecommerce website in laravel,e commerce business,e commerce شرح,assurance vie,assurance de stage maroc,assurance voiture maroc,assurance moto maroc,assurance tous risques maroc,Lbnat,Storytime",28,"Science & Technology","Food,Lifestyle_(sociology)",PT7M20S,440,2d,hd,false,en,ar,https://i.ytimg.com/vi/6xvEWVDYZqI/maxresdefault.jpg,1,,,,,879112,48545,,0,1640
156,UCJCVxCW1dzEvFnzqDUU498g,BIMO,nXRaQLcvo5Q,2023-02-06T17:28:37Z,"2023-02-06 17:28:37","كملنا عام ديال زواج + نصائح غير مفيدة على الزواج","انقر للتسجيل المجاني في Olymp Trade الرابط هنا:https://olymptrade.onelink.me/qNXS/BIMO استخدم رمز الرمز الترويجي BIMO واحصل على 3 في 1: %33 إضافية بونص على إيداعك و 100 ألف إضافية بدالً من 10 آالف في حسابك التجريبي وتجربة لحالة Expert لمدة يومين بداية ------------------------------------------------- سلام لخوت نتمنا لفيديو تكون عجباتكوم ، شكرا بزاف على دعم ديالكوم. نتشاوفو ففيديو جاي انشاء الله بيييييييييس. ------------------------------------------------- Instagram : https://www.instagram.com/bilal_mouhouch -------------------------------------------------","bimo,td7ek tkhser,memes,storie time,story time,ecommerce,ecommerce business,ecommerce website,ecommerce business beginners,ecommerce website wordpress,ecommerce 2022,ecommerce course,ecommerce dropshipping,ecommerce local maroc,ecommerce product,ecommerce laravel,ecommerce website in laravel,e commerce business,e commerce شرح,assurance vie,assurance de stage maroc,assurance voiture maroc,assurance moto maroc,assurance tous risques maroc,Lbnat,Storytime",28,"Science & Technology",,PT10M2S,602,2d,hd,false,en,ar,https://i.ytimg.com/vi/nXRaQLcvo5Q/maxresdefault.jpg,1,,,,,724144,50936,,0,833
157,UCJCVxCW1dzEvFnzqDUU498g,BIMO,ropImfJYAm8,2023-01-26T18:20:52Z,"2023-01-26 18:20:52","STORY TIME | أغرب طريقة تقدر تفارق بها مع شي بنت","سلام لخوت نتمنا لفيديو تكون عجباتكوم ، شكرا بزاف على دعم ديالكوم. نتشاوفو ففيديو جاي انشاء الله بيييييييييس. ------------------------------------------------- Instagram : https://www.instagram.com/bilal_mouhouch -------------------------------------------------","bimo,td7ek tkhser,memes,storie time,story time,ecommerce,ecommerce business,ecommerce website,ecommerce business beginners,ecommerce website wordpress,ecommerce 2022,ecommerce course,ecommerce dropshipping,ecommerce local maroc,ecommerce product,ecommerce laravel,ecommerce website in laravel,e commerce business,e commerce شرح,assurance vie,assurance de stage maroc,assurance voiture maroc,assurance moto maroc,assurance tous risques maroc,Lbnat,Storytime",28,"Science & Technology",,PT11M11S,671,2d,hd,false,en,ar,https://i.ytimg.com/vi/ropImfJYAm8/maxresdefault.jpg,1,,,,,901536,55149,,0,1302
158,UCJCVxCW1dzEvFnzqDUU498g,BIMO,wAKFBuTq36o,2023-01-18T18:12:02Z,"2023-01-18 18:12:02","إختراعات لن تغير حياتك 😂😂","سلام لخوت نتمنا لفيديو تكون عجباتكوم ، شكرا بزاف على دعم ديالكوم. نتشاوفو ففيديو جاي انشاء الله بيييييييييس. ------------------------------------------------- Instagram : https://www.instagram.com/bilal_mouhouch -------------------------------------------------","bimo,td7ek tkhser,memes,storie time,story time,ecommerce,ecommerce business,ecommerce website,ecommerce business beginners,ecommerce website wordpress,ecommerce 2022,ecommerce course,ecommerce dropshipping,ecommerce local maroc,ecommerce product,ecommerce laravel,ecommerce website in laravel,e commerce business,e commerce شرح,assurance vie,assurance de stage maroc,assurance voiture maroc,assurance moto maroc,assurance tous risques maroc,Lbnat,Storytime",28,"Science & Technology",,PT12M29S,749,2d,hd,false,en,ar,https://i.ytimg.com/vi/wAKFBuTq36o/maxresdefault.jpg,1,,,,,1302201,59348,,0,1172
159,UCJCVxCW1dzEvFnzqDUU498g,BIMO,cNyGStM4T1w,2023-01-12T18:38:34Z,"2023-01-12 18:38:34","😂✔تم تعذيب اللغة الفرنسية بنجاح","سلام لخوت نتمنا لفيديو تكون عجباتكوم ، شكرا بزاف على دعم ديالكوم. نتشاوفو ففيديو جاي انشاء الله بيييييييييس. ------------------------------------------------- Instagram : https://www.instagram.com/bilal_mouhouch -------------------------------------------------","bimo,td7ek tkhser,memes,storie time,story time,ecommerce,ecommerce business,ecommerce website,ecommerce business beginners,ecommerce website wordpress,ecommerce 2022,ecommerce course,ecommerce dropshipping,ecommerce local maroc,ecommerce product,ecommerce laravel,ecommerce website in laravel,e commerce business,e commerce شرح,assurance vie,assurance de stage maroc,assurance voiture maroc,assurance moto maroc,assurance tous risques maroc,Lbnat,Storytime",28,"Science & Technology",,PT11M56S,716,2d,hd,false,en,ar,https://i.ytimg.com/vi/cNyGStM4T1w/maxresdefault.jpg,1,,,,,1389461,61796,,0,2625
160,UCJCVxCW1dzEvFnzqDUU498g,BIMO,Ri5_lDZKbQI,2023-01-09T20:43:33Z,"2023-01-09 20:43:33","بو صفير","سلام لخوت نتمنا لفيديو تكون عجباتكوم ، شكرا بزاف على دعم ديالكوم. نتشاوفو ففيديو جاي انشاء الله بيييييييييس. ------------------------------------------------- Instagram : https://www.instagram.com/bilal_mouhouch -------------------------------------------------","health and fitness,health and fitness tips,health and fitness channel,health and fitness speech in english,health and fitness products,health and fitness animation,health and fitness affiliate marketing,health and fitness affiliate programs,health and fitness advertisements,health and fitness articles,health and fitness ads,health and fitness apple watch,amit health and fitness weight gain,best app for health and fitness android,best book for health and fitness 2023",17,Sports,,PT8M31S,511,2d,hd,false,en,ar,https://i.ytimg.com/vi/Ri5_lDZKbQI/maxresdefault.jpg,1,,,,,830925,46925,,0,1020
161,UCJCVxCW1dzEvFnzqDUU498g,BIMO,Y42x1RAcCRw,2023-01-05T18:50:30Z,"2023-01-05 18:50:30","STORY TIME | نهار العائلة ديالي يسحابليهم غرقت فالبحر","سلام لخوت نتمنا لفيديو تكون عجباتكوم ، شكرا بزاف على دعم ديالكوم. نتشاوفو ففيديو جاي انشاء الله بيييييييييس. ------------------------------------------------- Instagram : https://www.instagram.com/bilal_mouhouch -------------------------------------------------","story time,storytime kids,storytime animated,story time morocco,storytime bac,storytime bimo,storytime maroc,storytime b3a9li,storytime lbac,storytime sabiri,storytime francais,storytime asmr,storytime arabic,story time anime,storytime art,storytime alae,storytime abdo,story time american,story time aya,storytime b39li,storytime bdarija,storytime bac 2022,storytime boys,bedtime storytime,bedtime story,break up storytime,storytime crush",28,"Science & Technology",,PT10M40S,640,2d,hd,false,en,ar,https://i.ytimg.com/vi/Y42x1RAcCRw/maxresdefault.jpg,1,,,,,1219170,63982,,0,1092
162,UCJCVxCW1dzEvFnzqDUU498g,BIMO,aDu-xQHsr3c,2023-01-03T19:40:36Z,"2023-01-03 19:40:36","من 0 إلى أساطير سباق الدراجات بسبب هاد الطريقة","سلام لخوت نتمنا لفيديو تكون عجباتكوم ، شكرا بزاف على دعم ديالكوم. نتشاوفو ففيديو جاي انشاء الله بيييييييييس. ------------------------------------------------- Instagram : https://www.instagram.com/bilal_mouhouch -------------------------------------------------","bimo,td7ek tkhser,memes,storie time,story time,ecommerce,ecommerce website,ecommerce website wordpress,ecommerce 2022,ecommerce course,ecommerce dropshipping,ecommerce local maroc,ecommerce product,ecommerce laravel,ecommerce website in laravel,e commerce business,e commerce شرح,assurance vie,assurance de stage maroc,assurance voiture maroc,assurance moto maroc,assurance tous risques maroc,Lbnat,Storytime,The Aggregation of Marginal Gains",28,"Science & Technology",,PT7M59S,479,2d,hd,false,en,ar,https://i.ytimg.com/vi/aDu-xQHsr3c/maxresdefault.jpg,1,,,,,307220,26280,,0,678
163,UCJCVxCW1dzEvFnzqDUU498g,BIMO,IF89dvsCzE8,2022-12-28T17:35:13Z,"2022-12-28 17:35:13","زيادة الهبة و القوة للرجال فقط","سلام لخوت نتمنا لفيديو تكون عجباتكوم ، شكرا بزاف على دعم ديالكوم. نتشاوفو ففيديو جاي انشاء الله بيييييييييس. ------------------------------------------------- Instagram : https://www.instagram.com/bilal_mouhouch -------------------------------------------------","bimo,td7ek tkhser,memes,storie time,story time,ecommerce,ecommerce business,ecommerce website,ecommerce business beginners,ecommerce website wordpress,ecommerce 2022,ecommerce course,ecommerce dropshipping,ecommerce local maroc,ecommerce product,ecommerce laravel,ecommerce website in laravel,e commerce business,e commerce شرح,assurance vie,assurance de stage maroc,assurance voiture maroc,assurance moto maroc,assurance tous risques maroc,Lbnat,Storytime",28,"Science & Technology",Health,PT9M36S,576,2d,hd,false,en,ar,https://i.ytimg.com/vi/IF89dvsCzE8/maxresdefault.jpg,1,,Morocco,31.791702,-7.09262,711613,51634,,0,1050
164,UCJCVxCW1dzEvFnzqDUU498g,BIMO,O8ihsdPM6Gs,2022-12-15T18:09:48Z,"2022-12-15 18:09:48","👏🇲🇦❤ كأس العالم 2022 ، وصلنا لنصف النهائي","سلام لخوت نتمنا لفيديو تكون عجباتكوم ، شكرا بزاف على دعم ديالكوم. نتشاوفو ففيديو جاي انشاء الله بيييييييييس. ------------------------------------------------- Instagram : https://www.instagram.com/bilal_mouhouch -------------------------------------------------","bimo,td7ek tkhser,memes,storie time,story time,ecommerce,ecommerce business,ecommerce website,ecommerce business beginners,ecommerce website wordpress,ecommerce 2022,ecommerce course,ecommerce dropshipping,ecommerce local maroc,ecommerce product,ecommerce laravel,ecommerce website in laravel,e commerce business,e commerce شرح,assurance vie,assurance de stage maroc,assurance voiture maroc,assurance moto maroc,assurance tous risques maroc,Lbnat,Storytime",28,"Science & Technology","Association_football,Sport",PT8M25S,505,2d,hd,false,en,ar,https://i.ytimg.com/vi/O8ihsdPM6Gs/maxresdefault.jpg,1,,,,,483580,39387,,0,529
165,UCJCVxCW1dzEvFnzqDUU498g,BIMO,SrfNOcdMWgU,2022-11-29T18:37:29Z,"2022-11-29 18:37:29","#TheSunVanished الحلقة 3 : الحقيقة","سلام لخوت نتمنا لفيديو تكون عجباتكوم ، شكرا بزاف على دعم ديالكوم. نتشاوفو ففيديو جاي انشاء الله بيييييييييس. ------------------------------------------------- Instagram : https://www.instagram.com/bilal_mouhouch -------------------------------------------------","credit and debit,credit agricole,credit auto entrepreneur maroc,credit agricole du maroc application,credit auto maroc,credit attijariwafa bank maroc,credit amana,credit agricole du maroc,a credit card,a credit card code,a credit coaster,credit bank,credit bmce,credit by meme,credit bancaire halal ou haram,best credit cards 2022,credit du maroc,credit du maroc application,credit de consommation maroc,credit electroplanet,credit economics,assurance,qatar",28,"Science & Technology",,PT11M53S,713,2d,hd,false,en,ar,https://i.ytimg.com/vi/SrfNOcdMWgU/maxresdefault.jpg,1,,,,,819923,51039,,0,3439
166,UCJCVxCW1dzEvFnzqDUU498g,BIMO,FhaVil6QhB4,2022-11-24T18:12:35Z,"2022-11-24 18:12:35","أنواع المتابعين 😂😂","سلام لخوت نتمنا لفيديو تكون عجباتكوم ، شكرا بزاف على دعم ديالكوم. نتشاوفو ففيديو جاي انشاء الله بيييييييييس. ------------------------------------------------- Instagram : https://www.instagram.com/bilal_mouhouch -------------------------------------------------","credit and debit,credit agricole,credit auto entrepreneur maroc,credit agricole du maroc application,credit auto maroc,credit attijariwafa bank maroc,credit amana,credit agricole du maroc,a credit card,a credit card code,a credit coaster,credit bank,credit bmce,credit by meme,credit bancaire halal ou haram,best credit cards 2022,credit du maroc,credit du maroc application,credit de consommation maroc,credit electroplanet,credit economics,assurance,qatar",28,"Science & Technology",,PT14M7S,847,2d,hd,false,en,ar,https://i.ytimg.com/vi/FhaVil6QhB4/maxresdefault.jpg,1,,,,,940051,64535,,0,1270
167,UCJCVxCW1dzEvFnzqDUU498g,BIMO,8LykqwaNBnc,2022-11-22T21:17:18Z,"2022-11-22 21:17:18","5 قصص واقعية : كنفيق من النعاس كنلقا ... ؟","سلام لخوت نتمنا لفيديو تكون عجباتكوم ، شكرا بزاف على دعم ديالكوم. نتشاوفو ففيديو جاي انشاء الله بيييييييييس. ------------------------------------------------- Instagram : https://www.instagram.com/bilal_mouhouch -------------------------------------------------","world cup 2022 song,world cup 2022 highlights today,world cup 2022 england vs iran,world cup 2022 live match today,world cup 2022 ceremony,world cup 2022 opening ceremony full,world cup 2022 argentina vs saudi arabia live,world cup 2022 arabic song,world cup 2022 ads,world cup 2022 argentina saudi arabia,world cup 2022 analysis,archery world cup 2022,world cup 2022 bein sport,world cup 2022 ball,world cup 2022 bts,world cup 2022 ball design,maroc 2022,storytim",17,Sports,,PT11M18S,678,2d,hd,false,en,ar,https://i.ytimg.com/vi/8LykqwaNBnc/maxresdefault.jpg,1,,,,,1418558,77751,,0,2162
168,UCJCVxCW1dzEvFnzqDUU498g,BIMO,8TaArddWPqc,2022-11-09T18:14:30Z,"2022-11-09 18:14:30","#TheSunVanished الحلقة 2 : شي واحد دخل عليا للدار","سلام لخوت نتمنا لفيديو تكون عجباتكوم ، شكرا بزاف على دعم ديالكوم. نتشاوفو ففيديو جاي انشاء الله بيييييييييس. ------------------------------------------------- Instagram : https://www.instagram.com/bilal_mouhouch -------------------------------------------------","credit and debit,credit agricole,credit auto entrepreneur maroc,credit agricole du maroc application,credit auto maroc,credit attijariwafa bank maroc,credit amana,credit agricole du maroc,a credit card,a credit card code,a credit coaster,credit bank,credit bmce,credit by meme,credit bancaire halal ou haram,best credit cards 2022,credit du maroc,credit du maroc application,credit de consommation maroc,credit electroplanet,credit economics,assurance",28,"Science & Technology",,PT9M58S,598,2d,hd,false,en,ar,https://i.ytimg.com/vi/8TaArddWPqc/maxresdefault.jpg,1,,,,,830870,50767,,0,2318
169,UCJCVxCW1dzEvFnzqDUU498g,BIMO,HCRZ-VpDCAg,2022-11-05T20:57:56Z,"2022-11-05 20:57:56","#TheSunVanished الحلقة 1 : قصة الشمس المختفية ، أشنو غيوقع لعمر ؟","سلام لخوت نتمنا لفيديو تكون عجباتكوم ، شكرا بزاف على دعم ديالكوم. نتشاوفو ففيديو جاي انشاء الله بيييييييييس. ------------------------------------------------- Instagram : https://www.instagram.com/bilal_mouhouch -------------------------------------------------","bimo,td7ek tkhser,memes,storie time,story time,ecommerce,ecommerce business,ecommerce website,ecommerce business beginners,ecommerce website wordpress,ecommerce 2022,ecommerce course,ecommerce dropshipping,ecommerce local maroc,ecommerce product,ecommerce laravel,ecommerce website in laravel,e commerce business,e commerce شرح,assurance vie,assurance de stage maroc,assurance voiture maroc,assurance moto maroc,assurance tous risques maroc,thesunvanished",28,"Science & Technology",,PT10M19S,619,2d,hd,false,en,ar,https://i.ytimg.com/vi/HCRZ-VpDCAg/maxresdefault.jpg,1,,,,,1045803,60369,,0,2134
170,UCJCVxCW1dzEvFnzqDUU498g,BIMO,IY6lP00ephE,2022-10-31T21:19:57Z,"2022-10-31 21:19:57","!! 😂😂😂 ميمكنش مضحكش #24 : فاش كتدوي مع العائلة و كيجبدولك لقراية","اضغط هنا و سجل على منصة Olymp Trade https://olymptrade.onelink.me/CT8U/BIMO30 إستعمل هذا البروموكود BIMO30 و احصل على زيادة بنسبة 30 % على إيداعك زائد 100 ألف بدلا من 10 آلاف في حسابك التجريبي ------------------------------------------------- سلام لخوت نتمنا لفيديو تكون عجباتكوم ، شكرا بزاف على دعم ديالكوم. نتشاوفو ففيديو جاي انشاء الله بيييييييييس. ------------------------------------------------- Instagram : https://www.instagram.com/bilal_mouhouch -------------------------------------------------","bimo,td7ek tkhser,memes,storie time,story time,ecommerce,ecommerce business,ecommerce website,ecommerce business beginners,ecommerce website wordpress,ecommerce 2022,ecommerce course,ecommerce dropshipping,ecommerce local maroc,ecommerce product,ecommerce laravel,ecommerce website in laravel,e commerce business,e commerce شرح,assurance vie,assurance de stage maroc,assurance voiture maroc,assurance moto maroc,assurance tous risques maroc,Lbnat,Storytime",28,"Science & Technology","Entertainment,Film",PT8M34S,514,2d,hd,false,en,ar,https://i.ytimg.com/vi/IY6lP00ephE/maxresdefault.jpg,,,,,,229549,25960,,0,475
171,UCJCVxCW1dzEvFnzqDUU498g,BIMO,RLS6vcHmt2U,2022-10-31T10:53:50Z,"2022-10-31 10:53:50","THAILAND 🇹🇭 #4 : PHi PHI ISLANDS عمنا مع القرش في أجمل الجزر فالعالم 🦈🏝","سلام لخوت نتمنا لفيديو تكون عجباتكوم ، شكرا بزاف على دعم ديالكوم. نتشاوفو ففيديو جاي انشاء الله بيييييييييس. ------------------------------------------------- Instagram : https://www.instagram.com/bilal_mouhouch -------------------------------------------------","bimo,td7ek tkhser,memes,storie time,story time,ecommerce,ecommerce business,ecommerce website,ecommerce business beginners,ecommerce website wordpress,ecommerce 2022,ecommerce course,ecommerce dropshipping,ecommerce local maroc,ecommerce product,ecommerce laravel,ecommerce website in laravel,e commerce business,e commerce شرح,assurance vie,assurance de stage maroc,assurance voiture maroc,assurance moto maroc,assurance tous risques maroc,Lbnat,Storytime",28,"Science & Technology","Lifestyle_(sociology),Tourism",PT8M3S,483,2d,hd,false,en,ar,https://i.ytimg.com/vi/RLS6vcHmt2U/maxresdefault.jpg,1,,,,,477451,31991,,0,509
172,UCJCVxCW1dzEvFnzqDUU498g,BIMO,UYh15hRZrPk,2022-10-25T18:41:22Z,"2022-10-25 18:41:22","البنات كيقدرو يـ...","سلام لخوت نتمنا لفيديو تكون عجباتكوم ، شكرا بزاف على دعم ديالكوم. نتشاوفو ففيديو جاي انشاء الله بيييييييييس. ------------------------------------------------- Instagram : https://www.instagram.com/bilal_mouhouch -------------------------------------------------","bimo,td7ek tkhser,memes,storie time,story time,ecommerce,ecommerce business,ecommerce website,ecommerce business beginners,ecommerce website wordpress,ecommerce 2022,ecommerce course,ecommerce dropshipping,ecommerce local maroc,ecommerce product,ecommerce laravel,ecommerce website in laravel,e commerce business,e commerce شرح,assurance vie,assurance de stage maroc,assurance voiture maroc,assurance moto maroc,assurance tous risques maroc,Lbnat,Storytime",28,"Science & Technology",,PT8M29S,509,2d,hd,false,en,ar,https://i.ytimg.com/vi/UYh15hRZrPk/maxresdefault.jpg,1,,,,,1340398,77721,,0,1235
173,UCJCVxCW1dzEvFnzqDUU498g,BIMO,5BKRekm_ElA,2022-10-21T10:59:09Z,"2022-10-21 10:59:09","THAILAND 🇹🇭 #3 ( VLOG ) : PHUKET بلاصة على قد الحال ف","سلام لخوت نتمنا لفيديو تكون عجباتكوم ، شكرا بزاف على دعم ديالكوم. نتشاوفو ففيديو جاي انشاء الله بيييييييييس. ------------------------------------------------- Instagram : https://www.instagram.com/bilal_mouhouch -------------------------------------------------","bimo,td7ek tkhser,memes,storie time,story time,ecommerce,ecommerce business,ecommerce website,ecommerce business beginners,ecommerce website wordpress,ecommerce 2022,ecommerce course,ecommerce dropshipping,ecommerce local maroc,ecommerce product,ecommerce laravel,ecommerce website in laravel,e commerce business,e commerce شرح,assurance vie,assurance de stage maroc,assurance voiture maroc,assurance moto maroc,assurance tous risques maroc,Thailand,phuket",28,"Science & Technology","Lifestyle_(sociology),Tourism",PT14M24S,864,2d,hd,false,en,ar,https://i.ytimg.com/vi/5BKRekm_ElA/maxresdefault.jpg,1,,,,,883616,49878,,0,1079
174,UCJCVxCW1dzEvFnzqDUU498g,BIMO,1GF1HIhbTG0,2022-10-18T18:04:46Z,"2022-10-18 18:04:46","THAILAND 🇹🇭 #2 : مشينا شفنا أكبر تمثال بودا (من الذهب) في العالم","سلام لخوت نتمنا لفيديو تكون عجباتكوم ، شكرا بزاف على دعم ديالكوم. نتشاوفو ففيديو جاي انشاء الله بيييييييييس. ------------------------------------------------- Instagram : https://www.instagram.com/bilal_mouhouch -------------------------------------------------","bimo,td7ek tkhser,memes,storie time,story time,ecommerce,ecommerce business,ecommerce website,ecommerce business beginners,ecommerce website wordpress,ecommerce 2022,ecommerce course,ecommerce dropshipping,ecommerce local maroc,ecommerce product,ecommerce laravel,ecommerce website in laravel,e commerce business,e commerce شرح,assurance vie,assurance de stage maroc,assurance voiture maroc,assurance moto maroc,assurance tous risques maroc,Thailand,airplane",28,"Science & Technology","Lifestyle_(sociology),Tourism",PT10M19S,619,2d,hd,false,en,ar,https://i.ytimg.com/vi/1GF1HIhbTG0/maxresdefault.jpg,1,,,,,544594,43603,,0,535
175,UCJCVxCW1dzEvFnzqDUU498g,BIMO,RYmcfnGSDsI,2022-10-06T16:51:15Z,"2022-10-06 16:51:15","THAILAND 🇹🇭 #1 : أول مرة غنركب فالطيارة ( 17 لساعة فالسماء )","سلام لخوت نتمنا لفيديو تكون عجباتكوم ، شكرا بزاف على دعم ديالكوم. نتشاوفو ففيديو جاي انشاء الله بيييييييييس. ------------------------------------------------- Instagram : https://www.instagram.com/bilal_mouhouch -------------------------------------------------","bimo,td7ek tkhser,memes,storie time,story time,ecommerce,ecommerce business,ecommerce website,ecommerce business beginners,ecommerce website wordpress,ecommerce 2022,ecommerce course,ecommerce dropshipping,ecommerce local maroc,ecommerce product,ecommerce laravel,ecommerce website in laravel,e commerce business,e commerce شرح,assurance vie,assurance de stage maroc,assurance voiture maroc,assurance moto maroc,assurance tous risques maroc,Thailand,airplane",28,"Science & Technology","Hobby,Lifestyle_(sociology)",PT13M36S,816,2d,hd,false,en,ar,https://i.ytimg.com/vi/RYmcfnGSDsI/maxresdefault.jpg,1,,,,,861373,67252,,0,1053
176,UCJCVxCW1dzEvFnzqDUU498g,BIMO,cItfpMJuItg,2022-09-28T19:09:21Z,"2022-09-28 19:09:21","كفاش تكون راجل ؟","سلام لخوت نتمنا لفيديو تكون عجباتكوم ، شكرا بزاف على دعم ديالكوم. نتشاوفو ففيديو جاي انشاء الله بيييييييييس. ------------------------------------------------- Instagram : https://www.instagram.com/bilal_mouhouch -------------------------------------------------","bimo,td7ek tkhser,memes,storie time,story time,ecommerce,ecommerce business,ecommerce website,ecommerce business beginners,ecommerce website wordpress,ecommerce 2022,ecommerce course,ecommerce dropshipping,ecommerce local maroc,ecommerce product,ecommerce laravel,ecommerce website in laravel,e commerce business,e commerce شرح,assurance,assurance vie,assurance de stage maroc,assurance voiture maroc,assurance moto maroc,assurance tous risques maroc",28,"Science & Technology",,PT9M49S,589,2d,hd,false,en,ar,https://i.ytimg.com/vi/cItfpMJuItg/maxresdefault.jpg,1,,,,,978475,66520,,0,1150
177,UCJCVxCW1dzEvFnzqDUU498g,BIMO,nl_jRVjkmjM,2022-09-19T17:58:54Z,"2022-09-19 17:58:54","TOP 10 : أغرب الطرق لي ماتو بها الناس","10 : https://mb.com.ph/2021/08/13/man-20-dies-after-falling-coconut-hits-head-during-7-1-quake/ 9 : https://www.bbc.com/news/uk-england-18542377 8 : https://unrealfacts.com/adolph-frederick-of-sweden-is-known-as-the-king-who-ate-himself-to-death/ 7 : https://www.thedailybeast.com/man-threatens-suicide-police-kill-him 6 : https://www.portablepress.com/blog/2019/09/historys-weirdest-deaths-a-model-way-to-go/ 5 : https://fakehistoryhunter.net/2019/11/01/not-hans-staininger-killed-by-his-beard/#:~:text=Hans%20Staininger%20(or%20Steininger)%20really,yes%20the%20birthplace%20of%20Hitler. 4 : https://www.wistv.com/story/2234401/ga-man-charged-with-vehicular-homicide-dui-after-passenger-decapitated-by-wire/ 3 : https://gorillacool.com/died-in-a-fold-away-bed/ 2 : https://camisard23.rssing.com/chan-12362980/article16.html 1 : https://7news.com.au/news/world/desperate-bid-to-escape-bees-forces-brazilian-fishermen-into-piranha-filled-lake--c-4415004#:~:text=A%20weekend%20fishing%20trip%20took,de%20Minas%2C%20local%20media%20reported. ------------------------------------------------ سلام لخوت نتمنا لفيديو تكون عجباتكوم ، شكرا بزاف على دعم ديالكوم. نتشاوفو ففيديو جاي انشاء الله بيييييييييس. ------------------------------------------------- Instagram : https://www.instagram.com/bilal_mouhouch -------------------------------------------------","bimo,td7ek tkhser,memes,storie time,story time,ecommerce,ecommerce business,ecommerce website,ecommerce business beginners,ecommerce website wordpress,ecommerce 2022,ecommerce course,ecommerce dropshipping,ecommerce local maroc,ecommerce product,ecommerce laravel,ecommerce website in laravel,e commerce business,e commerce شرح,assurance,assurance vie,assurance de stage maroc,assurance voiture maroc,assurance moto maroc,assurance tous risques maroc",28,"Science & Technology",,PT12M46S,766,2d,hd,false,en,ar,https://i.ytimg.com/vi/nl_jRVjkmjM/maxresdefault.jpg,1,,,,,1812501,95633,,0,1494
178,UCJCVxCW1dzEvFnzqDUU498g,BIMO,NdsGnmdlKoA,2022-09-10T20:09:10Z,"2022-09-10 20:09:10","ها علاش مكنحملش اللغة الفرنسية🤣","HALAME LINK : https://bit.ly/3RqhILw ------------------------------------------------- سلام لخوت نتمنا لفيديو تكون عجباتكوم ، شكرا بزاف على دعم ديالكوم. نتشاوفو ففيديو جاي انشاء الله بيييييييييس. ------------------------------------------------- Instagram : https://www.instagram.com/bilal_mouhouch -------------------------------------------------","bimo,td7ek tkhser,memes,storie time,story time,ecommerce,ecommerce business,ecommerce website,ecommerce business beginners,ecommerce website wordpress,ecommerce 2022,ecommerce course,ecommerce dropshipping,ecommerce local maroc,ecommerce product,ecommerce laravel,ecommerce website in laravel,e commerce business,e commerce شرح,assurance,assurance vie,assurance de stage maroc,assurance voiture maroc,assurance moto maroc,assurance tous risques maroc",28,"Science & Technology",,PT11M23S,683,2d,hd,false,en,ar,https://i.ytimg.com/vi/NdsGnmdlKoA/maxresdefault.jpg,1,,,,,1697135,88524,,0,2143
179,UCJCVxCW1dzEvFnzqDUU498g,BIMO,Ty96VL79HgE,2022-08-26T21:31:05Z,"2022-08-26 21:31:05","ولاد ختي بغاو يحيدولي عيني","سلام لخوت نتمنا لفيديو تكون عجباتكوم ، شكرا بزاف على دعم ديالكوم. نتشاوفو ففيديو جاي انشاء الله بيييييييييس. ------------------------------------------------- Instagram : https://www.instagram.com/bilal_mouhouch -------------------------------------------------","bimo,td7ek tkhser,memes,storie time,story time,ecommerce,ecommerce business,ecommerce website,ecommerce business beginners,ecommerce website wordpress,ecommerce 2022,ecommerce course,ecommerce dropshipping,ecommerce local maroc,ecommerce product,ecommerce laravel,ecommerce website in laravel,e commerce business,e commerce شرح,assurance,assurance vie,assurance de stage maroc,assurance voiture maroc,assurance moto maroc,assurance tous risques maroc",28,"Science & Technology",,PT7M47S,467,2d,hd,false,en,ar,https://i.ytimg.com/vi/Ty96VL79HgE/maxresdefault.jpg,1,,,,,1309299,71784,,0,1562
180,UCJCVxCW1dzEvFnzqDUU498g,BIMO,zhSD07XXEPQ,2022-08-26T10:54:44Z,"2022-08-26 10:54:44","STORY TIME |كنحط تصاوري باش يجي عندي تيتيز ، كيجيو عندي ال…. 🥲","سلام لخوت نتمنا لفيديو تكون عجباتكوم ، شكرا بزاف على دعم ديالكوم. نتشاوفو ففيديو جاي انشاء الله بيييييييييس. ------------------------------------------------- Instagram : https://www.instagram.com/bilal_mouhouch -------------------------------------------------","ecommerce,ecommerce business,ecommerce website,ecommerce business beginners,ecommerce website wordpress,ecommerce 2022,ecommerce course,ecommerce dropshipping,ecommerce local maroc,ecommerce 101,ecommerce product,ecommerce laravel,ecommerce website in laravel,e commerce business,e commerce شرح,assurance,assurance davido,assurance vie,assurance de stage maroc,assurance voiture maroc,assurance moto maroc,assurance tous risques maroc,assurance maroc,bimo",28,"Science & Technology",Lifestyle_(sociology),PT7M46S,466,2d,hd,false,en,ar,https://i.ytimg.com/vi/zhSD07XXEPQ/maxresdefault.jpg,1,,,,,525170,43991,,0,603
181,UCJCVxCW1dzEvFnzqDUU498g,BIMO,eYtO9qMfkHw,2022-08-09T17:42:56Z,"2022-08-09 17:42:56","أنواع لعيالات فالصوگان 💁🏻‍♀️","سلام لخوت نتمنا لفيديو تكون عجباتكوم ، شكرا بزاف على دعم ديالكوم. نتشاوفو ففيديو جاي انشاء الله بيييييييييس. ------------------------------------------------- Instagram : https://www.instagram.com/bilal_mouhouch -------------------------------------------------","ecommerce,ecommerce business,ecommerce website,ecommerce business beginners,ecommerce website wordpress,ecommerce 2022,ecommerce course,ecommerce dropshipping,ecommerce local maroc,ecommerce 101,ecommerce product,ecommerce laravel,ecommerce website in laravel,e commerce business,e commerce شرح,assurance,assurance davido,assurance vie,assurance de stage maroc,assurance voiture maroc,assurance moto maroc,assurance tous risques maroc,assurance maroc",28,"Science & Technology",,PT12M37S,757,2d,hd,false,en,ar,https://i.ytimg.com/vi/eYtO9qMfkHw/maxresdefault.jpg,1,,Morocco,31.791702,-7.09262,1233607,85242,,0,1567
182,UCJCVxCW1dzEvFnzqDUU498g,BIMO,VKezV1zW2NY,2022-08-02T12:17:07Z,"2022-08-02 12:17:07","(الجزء الثاني ) أصعب لغة فالعالم 🇲🇦😂","سلام لخوت نتمنا لفيديو تكون عجباتكوم ، شكرا بزاف على دعم ديالكوم. نتشاوفو ففيديو جاي انشاء الله بيييييييييس. ------------------------------------------------- Instagram : https://www.instagram.com/bilal_mouhouch -------------------------------------------------","bimo,bimogamer,bilal,morrocan,youtuber,gamer,td7ek tkhser,memes,trolat,funny videos,stori time,storie time,story time,akhbar maroc,storytelling,story of my life,a story you won't believe,a story for kids,story baby,story book,story bilal,story before sleep,story bedtime,storybots,story birthday instagram",20,Gaming,,PT8M30S,510,2d,hd,false,en,ar,https://i.ytimg.com/vi/VKezV1zW2NY/maxresdefault.jpg,1,1,,,,1232325,70164,,0,2239
183,UCJCVxCW1dzEvFnzqDUU498g,BIMO,xe0_5ohoOV0,2022-07-24T20:09:46Z,"2022-07-24 20:09:46","كدير هادشي = نتا عبقري","سلام لخوت نتمنا لفيديو تكون عجباتكوم ، شكرا بزاف على دعم ديالكوم. نتشاوفو ففيديو جاي انشاء الله بيييييييييس. ------------------------------------------------- Instagram : https://www.instagram.com/bilal_mouhouch -------------------------------------------------","bimo,bimogamer,bilal,morrocan,youtuber,gamer,td7ek tkhser,memes,trolat,funny videos,stori time,storie time,story time,akhbar maroc,storytelling,story of my life,a story you won't believe,a story for kids,story baby,story book,story bilal,story before sleep,story bedtime,storybots,story birthday instagram",20,Gaming,,PT11M26S,686,2d,hd,false,en,ar,https://i.ytimg.com/vi/xe0_5ohoOV0/maxresdefault.jpg,1,,,,,597417,47383,,0,696
184,UCJCVxCW1dzEvFnzqDUU498g,BIMO,uUJddwHNXww,2022-07-19T20:03:33Z,"2022-07-19 20:03:33","تعلم اللغة الفرنسية في 17 دقيقة فقط مع بيمو و صديقه","سلام لخوت نتمنا لفيديو تكون عجباتكوم ، شكرا بزاف على دعم ديالكوم. نتشاوفو ففيديو جاي انشاء الله بيييييييييس. ------------------------------------------------- Instagram : https://www.instagram.com/bilal_mouhouch -------------------------------------------------","bimo,bimogamer,bilal,morrocan,youtuber,gamer,td7ek tkhser,memes,trolat,funny videos,stori time,storie time,story time,tiktok mashup 2022,tiktok mashup,tiktok mashup 2021,tiktok 2022,tiktok speed up songs,tiktok audios sped up,tiktok anime,tiktok asmr,tiktok arabic song,tiktok ads شرح,tiktok algorithm,tiktok ads dropshipping,a tiktok dance,a tiktok playlist,a tiktok video,a tiktok song,memes maroc,traduction,bimo traduction",20,Gaming,,PT17M32S,1052,2d,hd,false,en,ar,https://i.ytimg.com/vi/uUJddwHNXww/maxresdefault.jpg,1,,,,,476099,43201,,0,983
185,UCJCVxCW1dzEvFnzqDUU498g,BIMO,0lNshCd0X8I,2022-07-06T12:24:58Z,"2022-07-06 12:24:58","أصعب لغة فالعالم 🇲🇦😂","سلام لخوت نتمنا لفيديو تكون عجباتكوم ، شكرا بزاف على دعم ديالكوم. نتشاوفو ففيديو جاي انشاء الله بيييييييييس. ------------------------------------------------- Instagram : https://www.instagram.com/bilal_mouhouch -------------------------------------------------","bimo,bimogamer,bilal,morrocan,youtuber,gamer,td7ek tkhser,memes,trolat,funny videos,stori time,storie time,story time,akhbar maroc,storytelling,story of my life,a story you won't believe,a story for kids,story baby,story book,story bilal,story before sleep,story bedtime,storybots,story birthday instagram",20,Gaming,,PT11M52S,712,2d,hd,false,en,ar,https://i.ytimg.com/vi/0lNshCd0X8I/maxresdefault.jpg,1,,,,,1615958,93972,,0,5548
186,UCJCVxCW1dzEvFnzqDUU498g,BIMO,9MT1qY7pLcc,2022-06-26T16:59:43Z,"2022-06-26 16:59:43","STORY TIME | 😂😂😂 لأول مرة SURF جربت","سلام لخوت نتمنا لفيديو تكون عجباتكوم ، شكرا بزاف على دعم ديالكوم. نتشاوفو ففيديو جاي انشاء الله بيييييييييس. ------------------------------------------------- Instagram : https://www.instagram.com/bilal_mouhouch -------------------------------------------------","bimo,bimogamer,bilal,morrocan,youtuber,gamer,td7ek tkhser,memes,trolat,funny videos,stori time,storie time,story time,storytime animated,storytime asmr,storytime animated for kids,a story time i've been hiding,storytime bedtime stories,bedtime stories",20,Gaming,Lifestyle_(sociology),PT15M22S,922,2d,hd,false,en,ar,https://i.ytimg.com/vi/9MT1qY7pLcc/maxresdefault.jpg,1,1,,,,1252564,75684,,0,1177
187,UCJCVxCW1dzEvFnzqDUU498g,BIMO,ZcAmckEMXeU,2022-06-10T19:55:39Z,"2022-06-10 19:55:39","العرس = الدجاج","سلام لخوت نتمنا لفيديو تكون عجباتكوم ، شكرا بزاف على دعم ديالكوم. نتشاوفو ففيديو جاي انشاء الله بيييييييييس. ------------------------------------------------- Instagram : https://www.instagram.com/bilal_mouhouch -------------------------------------------------","bimo,bimogamer,bilal,morrocan,youtuber,gamer,td7ek tkhser,memes,trolat,funny videos,stori time,storie time,story time",20,Gaming,,PT12M26S,746,2d,hd,false,en,ar,https://i.ytimg.com/vi/ZcAmckEMXeU/maxresdefault.jpg,1,1,,,,1693103,89167,,0,1516
188,UCJCVxCW1dzEvFnzqDUU498g,BIMO,uS94ASa2FvE,2022-06-02T21:41:03Z,"2022-06-02 21:41:03","الرحلة الملعونة (الجزء الثاني) : الريح طير لينا الخيمة","سلام لخوت نتمنا لفيديو تكون عجباتكوم ، شكرا بزاف على دعم ديالكوم. نتشاوفو ففيديو جاي انشاء الله بيييييييييس. ------------------------------------------------- Instagram : https://www.instagram.com/bilal_mouhouch -------------------------------------------------","bimo,bimogamer,bilal,morrocan,youtuber,gamer,td7ek tkhser,memes,trolat,funny videos,stori time,storie time,story time",20,Gaming,,PT13M26S,806,2d,hd,false,en,ar,https://i.ytimg.com/vi/uS94ASa2FvE/maxresdefault.jpg,1,1,,,,1201195,76980,,0,1371
189,UCJCVxCW1dzEvFnzqDUU498g,BIMO,JfPCVn_cYlc,2022-06-02T21:36:31Z,"2022-06-02 21:36:31","الرحلة الملعونة (الجزء الأول) : أكفس صيف دوزتو فحياتي","سلام لخوت نتمنا لفيديو تكون عجباتكوم ، شكرا بزاف على دعم ديالكوم. نتشاوفو ففيديو جاي انشاء الله بيييييييييس. ------------------------------------------------- Instagram : https://www.instagram.com/bilal_mouhouch -------------------------------------------------","bimo,bimogamer,bilal,morrocan,youtuber,gamer,td7ek tkhser,memes,trolat,funny videos,stori time,storie time,story time,imsouane,trip bimo,voyage marc",20,Gaming,,PT13M53S,833,2d,hd,false,en,ar,https://i.ytimg.com/vi/JfPCVn_cYlc/maxresdefault.jpg,1,1,,,,1579010,82202,,0,1423
190,UCJCVxCW1dzEvFnzqDUU498g,BIMO,4Nvv-soqE_M,2022-05-18T19:00:01Z,"2022-05-18 19:00:01","إختبار العقل","سلام لخوت نتمنا لفيديو تكون عجباتكوم ، شكرا بزاف على دعم ديالكوم. نتشاوفو ففيديو جاي انشاء الله بيييييييييس. ------------------------------------------------- Instagram : https://www.instagram.com/bilal_mouhouch -------------------------------------------------","bimo,bimogamer,bilal,morrocan,youtuber,gamer,td7ek tkhser,memes,trolat,funny videos,stori time,storie time,story time,quiz",20,Gaming,,PT8M54S,534,2d,hd,false,en,ar,https://i.ytimg.com/vi/4Nvv-soqE_M/maxresdefault.jpg,1,,,,,739895,64441,,0,1034
191,UCJCVxCW1dzEvFnzqDUU498g,BIMO,FxmSmCFq7y8,2022-05-10T19:12:09Z,"2022-05-10 19:12:09","البحر فالمغرب","سلام لخوت نتمنا لفيديو تكون عجباتكوم ، شكرا بزاف على دعم ديالكوم. نتشاوفو ففيديو جاي انشاء الله بيييييييييس. ------------------------------------------------- Instagram : https://www.instagram.com/bilal_mouhouch -------------------------------------------------","bimo,bimogamer,bilal,morrocan,youtuber,gamer,td7ek tkhser,memes,trolat,funny videos,stori time,storie time,story time,la plage maroc,beach moroco,البحر فالمغرب",20,Gaming,,PT8M20S,500,2d,hd,false,en,ar,https://i.ytimg.com/vi/FxmSmCFq7y8/maxresdefault.jpg,1,,,,,938890,71443,,0,2707
192,UCJCVxCW1dzEvFnzqDUU498g,BIMO,olRK95t554M,2022-05-07T21:00:43Z,"2022-05-07 21:00:43","لحوايج لي كديرهم المرأة ، و الراجل مكيقدرش !","سلام لخوت نتمنا لفيديو تكون عجباتكوم ، شكرا بزاف على دعم ديالكوم. نتشاوفو ففيديو جاي انشاء الله بيييييييييس. ------------------------------------------------- Instagram : https://www.instagram.com/bilal_mouhouch -------------------------------------------------","bimo,bimogamer,bilal,morrocan,youtuber,gamer,td7ek tkhser,memes,trolat,funny videos,stori time,storie time,story time",20,Gaming,,PT7M39S,459,2d,hd,false,en,ar,https://i.ytimg.com/vi/olRK95t554M/maxresdefault.jpg,1,,,,,1143174,84841,,0,1474
193,UCJCVxCW1dzEvFnzqDUU498g,BIMO,q2CRJfomz30,2022-05-04T22:02:01Z,"2022-05-04 22:02:01","STORY TIME | 🙂🙂🙂 المعاناة مع الطاكسيات تدوم و تدوم و تدووووم","سلام لخوت نتمنا لفيديو تكون عجباتكوم ، شكرا بزاف على دعم ديالكوم. نتشاوفو ففيديو جاي انشاء الله بيييييييييس. ------------------------------------------------- Instagram : https://www.instagram.com/bilal_mouhouch -------------------------------------------------","bimo,bimogamer,bilal,morrocan,youtuber,gamer,td7ek tkhser,memes,trolat,funny videos,stori time,storie time,story time,permis de conduire maroc,permis maroc,bimo permis,bimo taxi,taxi maroc",20,Gaming,,PT13M1S,781,2d,hd,false,en,ar,https://i.ytimg.com/vi/q2CRJfomz30/maxresdefault.jpg,1,,,,,1481137,82802,,0,1364
194,UCJCVxCW1dzEvFnzqDUU498g,BIMO,z7kfDIQUFQM,2022-04-11T20:53:36Z,"2022-04-11 20:53:36","قصص واقعية : ناس عاشت تجارب مع الجن ، واش بصح ؟","سلام لخوت نتمنا لفيديو تكون عجباتكوم ، شكرا بزاف على دعم ديالكوم. نتشاوفو ففيديو جاي انشاء الله بيييييييييس. ------------------------------------------------- Instagram : https://www.instagram.com/bilal_mouhouch -------------------------------------------------","bimo,bimogamer,bilal,morrocan,youtuber,gamer,td7ek tkhser,memes,trolat,funny videos,stori time,storie time,story time,قصص الجن,الجن",20,Gaming,,PT6M25S,385,2d,hd,false,en,ar,https://i.ytimg.com/vi/z7kfDIQUFQM/maxresdefault.jpg,1,1,,,,859956,63888,,0,1389
195,UCJCVxCW1dzEvFnzqDUU498g,BIMO,QuOiC9RiPZg,2022-04-05T22:24:14Z,"2022-04-05 22:24:14","STORY TIME | 🙂🙂🙂 Tinder أكبر شمس العشية عشتها ، بسباب","سلام لخوت نتمنا لفيديو تكون عجباتكوم ، شكرا بزاف على دعم ديالكوم. نتشاوفو ففيديو جاي انشاء الله بيييييييييس. ------------------------------------------------- Instagram : https://www.instagram.com/bilal_mouhouch -------------------------------------------------","bimo,bimogamer,bilal,morrocan,youtuber,gamer,td7ek tkhser,memes,trolat,funny videos,stori time,storie time,story time,catfished,bimo tinder",20,Gaming,,PT12M5S,725,2d,hd,false,en,ar,https://i.ytimg.com/vi/QuOiC9RiPZg/maxresdefault.jpg,,,,,,1244932,85830,,0,1411
196,UCJCVxCW1dzEvFnzqDUU498g,BIMO,NdbyXfB6LM8,2022-04-03T21:46:20Z,"2022-04-03 21:46:20","YES YES NOO !","سلام لخوت نتمنا لفيديو تكون عجباتكوم ، شكرا بزاف على دعم ديالكوم. نتشاوفو ففيديو جاي انشاء الله بيييييييييس. ------------------------------------------------- Instagram : https://www.instagram.com/bilal_mouhouch -------------------------------------------------","bimo,bimogamer,bilal,morrocan,youtuber,gamer,td7ek tkhser,memes,trolat,funny videos,stori time,storie time,story time",20,Gaming,"Entertainment,Film",PT7M16S,436,2d,hd,false,en,ar,https://i.ytimg.com/vi/NdbyXfB6LM8/maxresdefault.jpg,1,,,,,423060,44614,,0,661
197,UCJCVxCW1dzEvFnzqDUU498g,BIMO,EVIpum-Rmns,2022-04-01T20:51:54Z,"2022-04-01 20:51:54","STORY TIME | أكفس سطاج دوزت فحياتي","سلام لخوت نتمنا لفيديو تكون عجباتكوم ، شكرا بزاف على دعم ديالكوم. نتشاوفو ففيديو جاي انشاء الله بيييييييييس. ------------------------------------------------- Instagram : https://www.instagram.com/bilal_mouhouch -------------------------------------------------","bimo,bimogamer,bilal,morrocan,youtuber,gamer,td7ek tkhser,memes,trolat,funny videos,stori time,storie time,story time",20,Gaming,,PT19M4S,1144,2d,hd,false,en,ar,https://i.ytimg.com/vi/EVIpum-Rmns/maxresdefault.jpg,1,,,,,1809409,95659,,0,1326
198,UCJCVxCW1dzEvFnzqDUU498g,BIMO,bhajer45qgY,2022-03-25T18:30:58Z,"2022-03-25 18:30:58","JOTIA TIME ( VLOG ) | ضربنا البياس المزيان من الجوطية","سلام لخوت نتمنا لفيديو تكون عجباتكوم ، شكرا بزاف على دعم ديالكوم. نتشاوفو ففيديو جاي انشاء الله بيييييييييس. ------------------------------------------------- Instagram : https://www.instagram.com/bilal_mouhouch -------------------------------------------------","bimo,bimogamer,bilal,morrocan,youtuber,gamer,td7ek tkhser,memes,trolat,funny videos,stori time,storie time,story time,sou9 l7ed taza,souq taza,taza souq,taza bimo,best vlog maroc,vlog maroc,vlog,funny vlog,funny maroc,meme maroc",20,Gaming,Lifestyle_(sociology),PT11M55S,715,2d,hd,false,en,ar,https://i.ytimg.com/vi/bhajer45qgY/maxresdefault.jpg,1,,,,,1045698,89069,,0,2052
199,UCJCVxCW1dzEvFnzqDUU498g,BIMO,Yf47SjUTr_0,2022-03-19T17:59:04Z,"2022-03-19 17:59:04",الجنازة,"سلام لخوت نتمنا لفيديو تكون عجباتكوم ، شكرا بزاف على دعم ديالكوم. نتشاوفو ففيديو جاي انشاء الله بيييييييييس. ------------------------------------------------- Instagram : https://www.instagram.com/bilal_mouhouch -------------------------------------------------","bimo,bimogamer,bilal,morrocan,youtuber,gamer,td7ek tkhser,memes,trolat,funny videos,stori time,storie time,story time",20,Gaming,,PT9M15S,555,2d,hd,false,en,ar,https://i.ytimg.com/vi/Yf47SjUTr_0/maxresdefault.jpg,1,,,,,843594,70522,,0,1413
200,UCJCVxCW1dzEvFnzqDUU498g,BIMO,CjGDO5QoIvw,2022-03-11T20:59:51Z,"2022-03-11 20:59:51","جاوبناكم أنا و مراتي","سلام لخوت نتمنا لفيديو تكون عجباتكوم ، شكرا بزاف على دعم ديالكوم. نتشاوفو ففيديو جاي انشاء الله بيييييييييس. ------------------------------------------------- Instagram : https://www.instagram.com/bilal_mouhouch -------------------------------------------------","bimo,bimogamer,bilal,morrocan,youtuber,gamer,td7ek tkhser,memes,trolat,funny videos,stori time,storie time,story time,mrat bimo,bimo w mrato,bimo wife,zawjat bimo,bimo marriage",20,Gaming,,PT8M12S,492,2d,hd,false,en,ar,https://i.ytimg.com/vi/CjGDO5QoIvw/maxresdefault.jpg,1,,,,,1820224,151917,,0,4191
201,UCJCVxCW1dzEvFnzqDUU498g,BIMO,Q0vANrzet60,2022-02-27T17:24:25Z,"2022-02-27 17:24:25","ندمت حيت مقريتش","سلام لخوت نتمنا لفيديو تكون عجباتكوم ، شكرا بزاف على دعم ديالكوم. نتشاوفو ففيديو جاي انشاء الله بيييييييييس. ------------------------------------------------- Instagram : https://www.instagram.com/bilal_mouhouch -------------------------------------------------","bimo,bimogamer,bilal,morrocan,youtuber,gamer,td7ek tkhser,memes,trolat,funny videos,stori time,storie time,story time,food,food time,restaurant class,buffet",20,Gaming,,PT8M39S,519,2d,hd,false,en,ar,https://i.ytimg.com/vi/Q0vANrzet60/maxresdefault.jpg,1,,,,,1015941,77914,,0,1337
202,UCJCVxCW1dzEvFnzqDUU498g,BIMO,yQ3tkHVzCn4,2022-02-08T20:48:32Z,"2022-02-08 20:48:32",تزوجت,"سلام لخوت نتمنا لفيديو تكون عجباتكوم ، شكرا بزاف على دعم ديالكوم. نتشاوفو ففيديو جاي انشاء الله بيييييييييس. ------------------------------------------------- Instagram : https://www.instagram.com/bilal_mouhouch -------------------------------------------------","bimo,bimogamer,bilal,morrocan,youtuber,gamer,td7ek tkhser,memes,trolat,funny videos,stori time,storie time,story time,zwaj,mariage,merried,wife,bimo wife,bimo tzewej",20,Gaming,,PT8M49S,529,2d,hd,false,en,ar,https://i.ytimg.com/vi/yQ3tkHVzCn4/maxresdefault.jpg,1,,,,,1459417,143315,,0,4935
203,UCJCVxCW1dzEvFnzqDUU498g,BIMO,GiGAHvRYwH4,2022-01-19T20:07:44Z,"2022-01-19 20:07:44","رحلتي من مهندس إلى يد عاملة","سلام لخوت نتمنا لفيديو تكون عجباتكوم ، شكرا بزاف على دعم ديالكوم. نتشاوفو ففيديو جاي انشاء الله بيييييييييس. ------------------------------------------------- Instagram : https://www.instagram.com/bilal_mouhouch -------------------------------------------------","bimo,bimogamer,bilal,morrocan,youtuber,gamer,td7ek tkhser,memes,trolat,funny videos,stori time,storie time,story time",20,Gaming,,PT20M25S,1225,2d,hd,false,en,ar,https://i.ytimg.com/vi/GiGAHvRYwH4/maxresdefault.jpg,1,,,,,1830996,125774,,0,2053
204,UCJCVxCW1dzEvFnzqDUU498g,BIMO,jzu2DbzLNDc,2021-12-25T17:40:05Z,"2021-12-25 17:40:05","STORY TIME | يامات 0/20 فالإعدادي","سلام لخوت نتمنا لفيديو تكون عجباتكوم ، شكرا بزاف على دعم ديالكوم. نتشاوفو ففيديو جاي انشاء الله بيييييييييس. ------------------------------------------------- Instagram : https://www.instagram.com/bilal_mouhouch -------------------------------------------------","bimo,bimogamer,bilal,morrocan,youtuber,gamer,td7ek tkhser,memes,trolat,funny videos,stori time,storie time,story time,college maroc",20,Gaming,,PT12M48S,768,2d,hd,false,en,ar,https://i.ytimg.com/vi/jzu2DbzLNDc/maxresdefault.jpg,1,,,,,2279687,127402,,0,2482
205,UCJCVxCW1dzEvFnzqDUU498g,BIMO,1RE_fiB_shk,2021-12-12T20:00:45Z,"2021-12-12 20:00:45","الفلسفة ؟","سلام لخوت نتمنا لفيديو تكون عجباتكوم ، شكرا بزاف على دعم ديالكوم. نتشاوفو ففيديو جاي انشاء الله بيييييييييس. ------------------------------------------------- Instagram : https://www.instagram.com/bilal_mouhouch -------------------------------------------------","bimo,bimogamer,bilal,morrocan,youtuber,gamer,td7ek tkhser,memes,trolat,funny videos,stori time,storie time,story time,الفلسفة ؟",20,Gaming,,PT8M1S,481,2d,hd,false,en,ar,https://i.ytimg.com/vi/1RE_fiB_shk/maxresdefault.jpg,1,,,,,1439150,102549,,0,2370
206,UCJCVxCW1dzEvFnzqDUU498g,BIMO,tKVl4p78p78,2021-12-10T17:30:37Z,"2021-12-10 17:30:37","😂😂😂 أحسن مكين فالفيديوات","سلام لخوت نتمنا لفيديو تكون عجباتكوم ، شكرا بزاف على دعم ديالكوم. نتشاوفو ففيديو جاي انشاء الله بيييييييييس. ------------------------------------------------- Instagram : https://www.instagram.com/bilal_mouhouch -------------------------------------------------","bimo,bimogamer,bilal,morrocan,youtuber,gamer,td7ek tkhser,memes,trolat,funny videos,stori time,storie time,story time,Reditt,try not to laugh maroc,watch people die inside,unexpected videos,best memes,memes maroc,memes 2021,trolat 2022",20,Gaming,Humour,PT11M1S,661,2d,hd,false,en,ar,https://i.ytimg.com/vi/tKVl4p78p78/maxresdefault.jpg,1,1,,,,758024,57394,,0,836
207,UCJCVxCW1dzEvFnzqDUU498g,BIMO,E3iby9IEjiU,2021-12-04T22:05:01Z,"2021-12-04 22:05:01","Watch People Die Inside | يوميات البيست فريند","سلام لخوت نتمنا لفيديو تكون عجباتكوم ، شكرا بزاف على دعم ديالكوم. نتشاوفو ففيديو جاي انشاء الله بيييييييييس. ------------------------------------------------- Instagram : https://www.instagram.com/bilal_mouhouch -------------------------------------------------","bimo,bimogamer,bilal,morrocan,youtuber,gamer,td7ek tkhser,memes,trolat,funny videos,stori time,storie time,story time,best friend,bestiie,besty,البيست فريند,watch people die inside,reditt",20,Gaming,,PT8M1S,481,2d,hd,false,en,ar,https://i.ytimg.com/vi/E3iby9IEjiU/maxresdefault.jpg,1,,,,,486500,49787,,0,607
208,UCJCVxCW1dzEvFnzqDUU498g,BIMO,fp7N9UrGVzk,2021-12-01T21:00:26Z,"2021-12-01 21:00:26","STORY TIME | لحوايج لي كنت كنلبس ف 2011","سلام لخوت نتمنا لفيديو تكون عجباتكوم ، شكرا بزاف على دعم ديالكوم. نتشاوفو ففيديو جاي انشاء الله بيييييييييس. ------------------------------------------------- Instagram : https://www.instagram.com/bilal_mouhouch -------------------------------------------------","bimo,bimogamer,bilal,morrocan,youtuber,gamer,td7ek tkhser,memes,trolat,funny videos,stori time,storie time,story time,2011",20,Gaming,,PT8M7S,487,2d,hd,false,en,ar,https://i.ytimg.com/vi/fp7N9UrGVzk/maxresdefault.jpg,1,1,,,,740525,69072,,0,973
209,UCJCVxCW1dzEvFnzqDUU498g,BIMO,k862rYOsAK4,2021-11-20T20:09:37Z,"2021-11-20 20:09:37","إعترافات ليلية : حاولت ن... بالمرقة !","سلام لخوت نتمنا لفيديو تكون عجباتكوم ، شكرا بزاف على دعم ديالكوم. نتشاوفو ففيديو جاي انشاء الله بيييييييييس. ------------------------------------------------- Instagram : https://www.instagram.com/bilal_mouhouch -------------------------------------------------","bimo,bimogamer,bilal,morrocan,youtuber,gamer,td7ek tkhser,memes,trolat,funny videos,stori time,storie time,story time,instagram",20,Gaming,,PT8M2S,482,2d,hd,false,en,ar,https://i.ytimg.com/vi/k862rYOsAK4/maxresdefault.jpg,1,,,,,1504063,169855,,0,2202
210,UCJCVxCW1dzEvFnzqDUU498g,BIMO,g8h9elGzJ_c,2021-11-12T18:54:49Z,"2021-11-12 18:54:49","STORY TIME | مشيت للبحر مع العائلة","سلام لخوت نتمنا لفيديو تكون عجباتكوم ، شكرا بزاف على دعم ديالكوم. نتشاوفو ففيديو جاي انشاء الله بيييييييييس. ------------------------------------------------- Instagram : https://www.instagram.com/bilal_mouhouch -------------------------------------------------","bimo,bimogamer,bilal,morrocan,youtuber,gamer,td7ek tkhser,memes,trolat,funny videos,stori time,storie time,story time",20,Gaming,,PT13M42S,822,2d,hd,false,en,ar,https://i.ytimg.com/vi/g8h9elGzJ_c/maxresdefault.jpg,1,,,,,1558663,103995,,0,1629
211,UCJCVxCW1dzEvFnzqDUU498g,BIMO,5i85LUIuFhY,2021-10-20T19:05:25Z,"2021-10-20 19:05:25","STORY TIME | مكنحملش التركية","سلام لخوت نتمنا لفيديو تكون عجباتكوم ، شكرا بزاف على دعم ديالكوم. نتشاوفو ففيديو جاي انشاء الله بيييييييييس. ------------------------------------------------- Instagram : https://www.instagram.com/bilal_mouhouch -------------------------------------------------","bimo,bimogamer,bilal,morrocan,youtuber,gamer,td7ek tkhser,memes,trolat,funny videos,stori time,storie time,story time,turkish,turkia,maroc turkia",20,Gaming,,PT9M58S,598,2d,hd,false,en,ar,https://i.ytimg.com/vi/5i85LUIuFhY/maxresdefault.jpg,1,,,,,969963,81004,,0,1511
212,UCJCVxCW1dzEvFnzqDUU498g,BIMO,nPP1VMVWoD8,2021-10-20T14:57:22Z,"2021-10-20 14:57:22","MOBILE STREAM FROM ANDROID ?","Download Turnip Now - https://get.turnip.gg/Bilal Download Turnip Now - https://get.turnip.gg/Bilal You can use Turnip App to livestream on Youtube, Twitch,Facebook, NimoTV & more right through your mobile device at 1080P that too for free! It's the best mobile streaming application I've come across, and recommend everyone to try it! Features In Turnip 1080P Livestreaming Custom Overlay Custom Thumbnail Donations & Subscriber Alerts RTMP Streaming Live Casting Proffessional LagFree Quality ------------------------------------------------- سلام لخوت نتمنا لفيديو تكون عجباتكوم ، شكرا بزاف على دعم ديالكوم. نتشاوفو ففيديو جاي انشاء الله بيييييييييس. ------------------------------------------------- Instagram : https://www.instagram.com/bilal_mouhouch -------------------------------------------------","bimo,bimogamer,bilal,morrocan,youtuber,gamer,td7ek tkhser,memes,trolat,funny videos,stori time,storie time,story time,turnip,steaming,mobile stream,freefire,twitch stream mobile",20,Gaming,,PT5M1S,301,2d,hd,false,en,ar,https://i.ytimg.com/vi/nPP1VMVWoD8/maxresdefault.jpg,1,,,,,126543,18410,,0,678
213,UCJCVxCW1dzEvFnzqDUU498g,BIMO,kLq-trgV59k,2021-10-09T19:50:24Z,"2021-10-09 19:50:24","SQUID GAME ( PERFECT SPOILER ) | لعبة الحبار","سلام لخوت نتمنا لفيديو تكون عجباتكوم ، شكرا بزاف على دعم ديالكوم. نتشاوفو ففيديو جاي انشاء الله بيييييييييس. ------------------------------------------------- Instagram : https://www.instagram.com/bilal_mouhouch -------------------------------------------------","bimo,bimogamer,bilal,morrocan,youtuber,gamer,td7ek tkhser,memes,trolat,funny videos,stori time,storie time,story time,squid game,لعبة الحبار",20,Gaming,,PT10M16S,616,2d,hd,false,en,ar,https://i.ytimg.com/vi/kLq-trgV59k/maxresdefault.jpg,1,,,,,758275,71496,,0,2261
214,UCJCVxCW1dzEvFnzqDUU498g,BIMO,pz2zGR-Brfs,2021-10-05T20:26:35Z,"2021-10-05 20:26:35","STORY TIME | (Sleep walking) كنتمشا و أنا ناعس","سلام لخوت نتمنا لفيديو تكون عجباتكوم ، شكرا بزاف على دعم ديالكوم. نتشاوفو ففيديو جاي انشاء الله بيييييييييس. ------------------------------------------------- Instagram : https://www.instagram.com/bilal_mouhouch -------------------------------------------------","bimo,bimogamer,bilal,morrocan,youtuber,gamer,td7ek tkhser,memes,trolat,funny videos,stori time,storie time,story time,sleep walking",20,Gaming,,PT8M1S,481,2d,hd,false,en,ar,https://i.ytimg.com/vi/pz2zGR-Brfs/maxresdefault.jpg,1,,,,,1224989,86882,,0,2437
215,UCJCVxCW1dzEvFnzqDUU498g,BIMO,WAI7Ri_xLyQ,2021-09-27T18:01:16Z,"2021-09-27 18:01:16","STORY TIME | شفت الجنون","سلام لخوت نتمنا لفيديو تكون عجباتكوم ، شكرا بزاف على دعم ديالكوم. نتشاوفو ففيديو جاي انشاء الله بيييييييييس. ------------------------------------------------- Instagram : https://www.instagram.com/bilal_mouhouch -------------------------------------------------","bimo,bimogamer,bilal,morrocan,youtuber,gamer,td7ek tkhser,memes,trolat,funny videos,stori time,storie time,story time,jnoun,ghost,جن",20,Gaming,,PT9M31S,571,2d,hd,false,en,ar,https://i.ytimg.com/vi/WAI7Ri_xLyQ/maxresdefault.jpg,1,,,,,1138448,88315,,0,1640
216,UCJCVxCW1dzEvFnzqDUU498g,BIMO,0mMxndwW1lk,2021-08-30T17:00:03Z,"2021-08-30 17:00:03","STORY TIME | الغلط كيوقع","سلام لخوت نتمنا لفيديو تكون عجباتكوم ، شكرا بزاف على دعم ديالكوم. نتشاوفو ففيديو جاي انشاء الله بيييييييييس. ------------------------------------------------- Instagram : https://www.instagram.com/bilal_mouhouch -------------------------------------------------","bimo,bimogamer,bilal,morrocan,youtuber,gamer,td7ek tkhser,memes,trolat,funny videos,stori time,storie time,story time",20,Gaming,,PT8M2S,482,2d,hd,false,en,ar,https://i.ytimg.com/vi/0mMxndwW1lk/maxresdefault.jpg,1,,,,,1172231,88284,,0,1956
217,UCJCVxCW1dzEvFnzqDUU498g,BIMO,TFflMCsaixw,2021-08-24T20:15:10Z,"2021-08-24 20:15:10","! رحلتي من ، طيحة عادية إلى خاصني ندير عملية","سلام لخوت نتمنا لفيديو تكون عجباتكوم ، شكرا بزاف على دعم ديالكوم. نتشاوفو ففيديو جاي انشاء الله بيييييييييس. ------------------------------------------------- Instagram : https://www.instagram.com/bilal_mouhouch -------------------------------------------------","bimo,bimogamer,bilal,morrocan,youtuber,gamer,td7ek tkhser,memes,trolat,funny videos,stori time,storie time,story time",20,Gaming,,PT10M15S,615,2d,hd,false,en,ar,https://i.ytimg.com/vi/TFflMCsaixw/maxresdefault.jpg,1,,,,,940452,80134,,0,2286
218,UCJCVxCW1dzEvFnzqDUU498g,BIMO,dXYiHF8tokE,2021-08-22T19:54:08Z,"2021-08-22 19:54:08","MY DAD | الأب ديالي","سلام لخوت نتمنا لفيديو تكون عجباتكوم ، شكرا بزاف على دعم ديالكوم. نتشاوفو ففيديو جاي انشاء الله بيييييييييس. ------------------------------------------------- Instagram : https://www.instagram.com/bilal_mouhouch -------------------------------------------------","bimo,bimogamer,bilal,morrocan,youtuber,gamer,td7ek tkhser,memes,trolat,funny videos,stori time,storie time,story time",20,Gaming,,PT9M20S,560,2d,hd,false,en,ar,https://i.ytimg.com/vi/dXYiHF8tokE/maxresdefault.jpg,1,,,,,1232028,90040,,0,1532
219,UCJCVxCW1dzEvFnzqDUU498g,BIMO,YV0u_1dzQEw,2021-08-17T21:17:14Z,"2021-08-17 21:17:14","الحزقة المدمرة","سلام لخوت نتمنا لفيديو تكون عجباتكوم ، شكرا بزاف على دعم ديالكوم. نتشاوفو ففيديو جاي انشاء الله بيييييييييس. ------------------------------------------------- Instagram : https://www.instagram.com/bilal_mouhouch -------------------------------------------------","bimo,bimogamer,bilal,morrocan,youtuber,gamer",20,Gaming,,PT9M8S,548,2d,hd,false,en,ar,https://i.ytimg.com/vi/YV0u_1dzQEw/maxresdefault.jpg,1,1,,,,1280023,93346,,0,1912
220,UCJCVxCW1dzEvFnzqDUU498g,BIMO,N9zO8k8JmXs,2021-08-08T20:46:28Z,"2021-08-08 20:46:28","دوزت أكفس قصة حب فاش كنت صغير","سلام لخوت نتمنا لفيديو تكون عجباتكوم ، شكرا بزاف على دعم ديالكوم. نتشاوفو ففيديو جاي انشاء الله بيييييييييس. ------------------------------------------------- Instagram : https://www.instagram.com/bilal_mouhouch -------------------------------------------------","bimo,bimogamer,bilal,morrocan,youtuber,gamer,دوزت أكفس قصة حب فاش كنت صغير,story time,real stories,funny stories",20,Gaming,,PT8M20S,500,2d,hd,false,en,ar,https://i.ytimg.com/vi/N9zO8k8JmXs/maxresdefault.jpg,1,,,,,1347138,96998,,0,2184
221,UCJCVxCW1dzEvFnzqDUU498g,BIMO,DbIqsUJF5pU,2021-08-05T17:00:17Z,"2021-08-05 17:00:17","كيفاش تبان مأذب قدام الناس ؟","سلام لخوت نتمنا لفيديو تكون عجباتكوم ، شكرا بزاف على دعم ديالكوم. نتشاوفو ففيديو جاي انشاء الله بيييييييييس. ------------------------------------------------- Instagram : https://www.instagram.com/bilal_mouhouch -------------------------------------------------","bimo,bimogamer,bilal,morrocan,youtuber,gamer,stories,story time bimo,comedy,memes,fun,real stories maroc,true stories maroc",20,Gaming,,PT8M13S,493,2d,hd,false,en,ar,https://i.ytimg.com/vi/DbIqsUJF5pU/maxresdefault.jpg,1,,,,,712534,57504,,0,1562
222,UCJCVxCW1dzEvFnzqDUU498g,BIMO,wJ2N8d1CDMc,2021-07-21T18:14:11Z,"2021-07-21 18:14:11","OMEGLE : كيفاش طيح تيتيز غي بالضحك","سلام لخوت نتمنا لفيديو تكون عجباتكوم ، شكرا بزاف على دعم ديالكوم. نتشاوفو ففيديو جاي انشاء الله بيييييييييس. ------------------------------------------------- Instagram : https://www.instagram.com/bilal_mouhouch -------------------------------------------------","bimo,bimogamer,bilal,morrocan,youtuber,gamer,omegle,tiktok omegl,girls omegl,snap filter omegle",20,Gaming,,PT9M52S,592,2d,hd,false,en,ar,https://i.ytimg.com/vi/wJ2N8d1CDMc/maxresdefault.jpg,1,,,,,569046,54931,,0,820
223,UCJCVxCW1dzEvFnzqDUU498g,BIMO,9pKWOpGdhZA,2021-07-18T17:42:55Z,"2021-07-18 17:42:55","STORY TIME | تلاقيت معا المتابعين","سلام لخوت نتمنا لفيديو تكون عجباتكوم ، شكرا بزاف على دعم ديالكوم. نتشاوفو ففيديو جاي انشاء الله بيييييييييس. ------------------------------------------------- Instagram : https://www.instagram.com/bilal_mouhouch -------------------------------------------------","bimo,bimogamer,bilal,morrocan,youtuber,gamer,story time,taza",20,Gaming,,PT10M37S,637,2d,hd,false,en,ar,https://i.ytimg.com/vi/9pKWOpGdhZA/maxresdefault.jpg,1,,,,,855605,74499,,0,1519
224,UCJCVxCW1dzEvFnzqDUU498g,BIMO,iVx6ETWe6kM,2021-07-12T20:43:32Z,"2021-07-12 20:43:32","قصص واقعية : خلل في المصفوفة ، حنا عايشين فعالم إفتراضي؟","سلام لخوت نتمنا لفيديو تكون عجباتكوم ، شكرا بزاف على دعم ديالكوم. نتشاوفو ففيديو جاي انشاء الله بيييييييييس. ------------------------------------------------- Instagram : https://www.instagram.com/bilal_mouhouch -------------------------------------------------","bimo,bimogamer,bilal,morrocan,youtuber,gamer,glitch in the matrix,glitch,reditt story,reditt stories,true stories",20,Gaming,,PT8M25S,505,2d,hd,false,en,ar,https://i.ytimg.com/vi/iVx6ETWe6kM/maxresdefault.jpg,1,,,,,613021,58023,,0,3244
225,UCJCVxCW1dzEvFnzqDUU498g,BIMO,UMj68uzzIes,2021-05-19T17:56:39Z,"2021-05-19 17:56:39","FREFAYER ( BlueStacks 5) | قتلنا الأعداء الأشرار","Blue Stacks 5 : https://bstk.me/sYe2sw3AY ------------------------------------------------- سلام لخوت نتمنا لفيديو تكون عجباتكوم ، شكرا بزاف على دعم ديالكوم. نتشاوفو ففيديو جاي انشاء الله بيييييييييس. ------------------------------------------------- Instagram : https://www.instagram.com/bilal_mouhouch ------------------------------------------------- Donations Paypal : https://www.paypal.me/MouhouchBilal Cih : 3961492211019300 Thanks for supporting ""CHABAB"" ! If you couldn't donate that's okay too I still love you anyway","bimo,bimogamer,bilal,morrocan,youtuber,gamer,Freefire,bluestacks 5,telecharger bluestacks,bluestacks download,frefire heroshima",20,Gaming,"Action-adventure_game,Action_game,Role-playing_video_game,Video_game_culture",PT6M49S,409,2d,hd,false,en,ar,https://i.ytimg.com/vi/UMj68uzzIes/maxresdefault.jpg,1,,,,,182371,25924,,0,1158
226,UCJCVxCW1dzEvFnzqDUU498g,BIMO,WTdh2CLu1ss,2021-05-03T19:30:16Z,"2021-05-03 19:30:16","! ها شنو غيوقع إذا خطفوني","سلام لخوت نتمنا لفيديو تكون عجباتكوم ، شكرا بزاف على دعم ديالكوم. نتشاوفو ففيديو جاي انشاء الله بيييييييييس. ------------------------------------------------- Instagram : https://www.instagram.com/bilal_mouhouch -------------------------------------------------","bimo,bimogamer,bilal,morrocan,youtuber,gamer",20,Gaming,,PT6M1S,361,2d,hd,false,en,ar,https://i.ytimg.com/vi/WTdh2CLu1ss/maxresdefault.jpg,1,,,,,796195,73753,,0,1432
227,UCJCVxCW1dzEvFnzqDUU498g,BIMO,kNf2xdf0x-I,2021-04-22T22:33:04Z,"2021-04-22 22:33:04","شي حوايج كيوقعو ونتا كتصلي فالمسجد","سلام لخوت نتمنا لفيديو تكون عجباتكوم ، شكرا بزاف على دعم ديالكوم. نتشاوفو ففيديو جاي انشاء الله بيييييييييس. ------------------------------------------------- Instagram : https://www.instagram.com/bilal_mouhouch -------------------------------------------------","bimo,bimogamer,bilal,morrocan,youtuber,gamer,ramadan,tarawih,salat tarawih,salat l3id,leid,صلات التراويح,المسجد,رمضان",20,Gaming,,PT8M16S,496,2d,hd,false,en,ar,https://i.ytimg.com/vi/kNf2xdf0x-I/maxresdefault.jpg,1,,,,,1137617,98443,,0,2245
228,UCJCVxCW1dzEvFnzqDUU498g,BIMO,0r7zYzmytc0,2021-04-19T16:29:11Z,"2021-04-19 16:29:11","صحاب داصية خرجو على السيطرة","سلام لخوت نتمنا لفيديو تكون عجباتكوم ، شكرا بزاف على دعم ديالكوم. نتشاوفو ففيديو جاي انشاء الله بيييييييييس. ------------------------------------------------- Instagram : https://www.instagram.com/bilal_mouhouch -------------------------------------------------","bimo,bimogamer,bilal,morrocan,youtuber,gamer,dacia maroc,avito dacia",20,Gaming,,PT8M21S,501,2d,hd,false,en,ar,https://i.ytimg.com/vi/0r7zYzmytc0/maxresdefault.jpg,1,,,,,422995,56552,,0,1594
229,UCJCVxCW1dzEvFnzqDUU498g,BIMO,HHQ424esatY,2021-04-14T19:49:27Z,"2021-04-14 19:49:27","OMEGLE : كنعلم الكاوريات الدارجة ، شاخدة تيتيز","سلام لخوت نتمنا لفيديو تكون عجباتكوم ، شكرا بزاف على دعم ديالكوم. نتشاوفو ففيديو جاي انشاء الله بيييييييييس. ------------------------------------------------- Instagram : https://www.instagram.com/bilal_mouhouch -------------------------------------------------","bimo,bimogamer,bilal,morrocan,youtuber,gamer,omegle,girls,maroc omegle,gils omegle,tiktok omegle",20,Gaming,,PT10M59S,659,2d,hd,false,en,ar,https://i.ytimg.com/vi/HHQ424esatY/maxresdefault.jpg,1,,,,,831982,80500,,0,1914
230,UCJCVxCW1dzEvFnzqDUU498g,BIMO,DTJfWcTm5gU,2021-04-11T19:13:30Z,"2021-04-11 19:13:30","كليت قتله ديال لعصا بسباب حبة د بطاطة","سلام لخوت نتمنا لفيديو تكون عجباتكوم ، شكرا بزاف على دعم ديالكوم. نتشاوفو ففيديو جاي انشاء الله بيييييييييس. ------------------------------------------------- Instagram : https://www.instagram.com/bilal_mouhouch -------------------------------------------------","bimo,bimogamer,bilal,morrocan,youtuber,gamer,stories,trollat,memes,maroc",20,Gaming,,PT9M36S,576,2d,hd,false,en,ar,https://i.ytimg.com/vi/DTJfWcTm5gU/maxresdefault.jpg,1,,,,,1630146,112748,,0,2189
231,UCJCVxCW1dzEvFnzqDUU498g,BIMO,-m-frCciswQ,2021-04-08T21:31:26Z,"2021-04-08 21:31:26","CYBER F 2009 - PART 2 | MSN يامات","سلام لخوت نتمنا لفيديو تكون عجباتكوم ، شكرا بزاف على دعم ديالكوم. نتشاوفو ففيديو جاي انشاء الله بيييييييييس. ------------------------------------------------- Instagram : https://www.instagram.com/bilal_mouhouch -------------------------------------------------","bimo,bimogamer,bilal,morrocan,youtuber,gamer,MSN,cyber 2000,cyber 2010,chat,reaction,stories,story time,bimo cyber",20,Gaming,,PT10M59S,659,2d,hd,false,en,ar,https://i.ytimg.com/vi/-m-frCciswQ/maxresdefault.jpg,1,,,,,647479,70074,,0,2414
232,UCJCVxCW1dzEvFnzqDUU498g,BIMO,Vl5kz9_Orc8,2021-03-28T19:06:11Z,"2021-03-28 19:06:11","!! لا للتنمر : صبعي مربع","سلام لخوت نتمنا لفيديو تكون عجباتكوم ، شكرا بزاف على دعم ديالكوم. نتشاوفو ففيديو جاي انشاء الله بيييييييييس. ------------------------------------------------- Instagram : https://www.instagram.com/bilal_mouhouch -------------------------------------------------","bimo,bimogamer,bilal,morrocan,youtuber,gamer,tiktok,isnta maroc,bimo reactions,chakhda,memes,trolat",20,Gaming,,PT5M49S,349,2d,hd,false,en,ar,https://i.ytimg.com/vi/Vl5kz9_Orc8/maxresdefault.jpg,1,,,,,402673,56305,,0,1473
233,UCJCVxCW1dzEvFnzqDUU498g,BIMO,eyQbYiGcf0o,2021-03-21T21:25:22Z,"2021-03-21 21:25:22","مكتشجعوش الشباب يتزوج","سلام لخوت نتمنا لفيديو تكون عجباتكوم ، شكرا بزاف على دعم ديالكوم. نتشاوفو ففيديو جاي انشاء الله بيييييييييس. ------------------------------------------------- Instagram : https://www.instagram.com/bilal_mouhouch -------------------------------------------------","bimo,bimogamer,bilal,morrocan,youtuber,gamer,مكتشجعوش الشباب يتزوج,الزواج,الزواج في المغرب",20,Gaming,,PT12M34S,754,2d,hd,false,en,ar,https://i.ytimg.com/vi/eyQbYiGcf0o/maxresdefault.jpg,1,,,,,857242,84118,,0,2892
234,UCJCVxCW1dzEvFnzqDUU498g,BIMO,9d0o3piCosA,2021-03-14T12:50:40Z,"2021-03-14 12:50:40","أش هادشي كنقراو فالباك ؟","سلام لخوت نتمنا لفيديو تكون عجباتكوم ، شكرا بزاف على دعم ديالكوم. نتشاوفو ففيديو جاي انشاء الله بيييييييييس. ------------------------------------------------- Instagram : https://www.instagram.com/bilal_mouhouch -------------------------------------------------","bimo,bimogamer,bilal,morrocan,youtuber,gamer,bac 2020,bac 2021,الباك",20,Gaming,,PT10M20S,620,2d,hd,false,en,ar,https://i.ytimg.com/vi/9d0o3piCosA/maxresdefault.jpg,1,,,,,925146,83070,,0,2013
235,UCJCVxCW1dzEvFnzqDUU498g,BIMO,2v-rUS2k0cY,2021-03-09T17:57:17Z,"2021-03-09 17:57:17","CYBER F 2009 - PART 1","Site : https://www.myway.ma/ ------------------------------------------------- Instagram : https://www.instagram.com/bilal_mouhouch ------------------------------------------------- Donations Paypal : https://www.paypal.me/MouhouchBilal Thanks for supporting ""CHABAB"" ! If you couldn't donate that's okay too I still love you anyway","bimo,bimogamer,bilal,morrocan,youtuber,gamer,cyber,internet 2009,msn 2009,story time,pc",20,Gaming,,PT8M1S,481,2d,hd,false,en,ar,,1,,,,,799663,77344,,0,2292
236,UCJCVxCW1dzEvFnzqDUU498g,BIMO,bD3JTRUXugU,2021-03-02T17:44:57Z,"2021-03-02 17:44:57","STORY TIME / ...أنا مريض ب","سلام لخوت نتمنا لفيديو تكون عجباتكوم ، شكرا بزاف على دعم ديالكوم. نتشاوفو ففيديو جاي انشاء الله بيييييييييس. ------------------------------------------------- Instagram : https://www.instagram.com/bilal_mouhouch -------------------------------------------------","bimo,bimogamer,bilal,morrocan,youtuber,gamer,story time",20,Gaming,Health,PT8M2S,482,2d,hd,false,en,ar,https://i.ytimg.com/vi/bD3JTRUXugU/maxresdefault.jpg,1,,,,,559764,62850,,0,1866
237,UCJCVxCW1dzEvFnzqDUU498g,BIMO,WQ0yaYRSVQY,2021-03-01T19:57:17Z,"2021-03-01 19:57:17","STORY TIME / فاش كنت صغييير","سلام لخوت نتمنا لفيديو تكون عجباتكوم ، شكرا بزاف على دعم ديالكوم. نتشاوفو ففيديو جاي انشاء الله بيييييييييس. ------------------------------------------------- Instagram : https://www.instagram.com/bilal_mouhouch -------------------------------------------------","bimo,bimogamer,bilal,morrocan,youtuber,gamer,الطفولة,story time,maroc",20,Gaming,,PT9M37S,577,2d,hd,false,en,ar,https://i.ytimg.com/vi/WQ0yaYRSVQY/maxresdefault.jpg,1,,,,,1301484,103595,,0,2335
238,UCJCVxCW1dzEvFnzqDUU498g,BIMO,Bc0Ew8RbIcE,2021-02-15T13:54:19Z,"2021-02-15 13:54:19","ZAHIA FREE FAYER ( BLUESTACKS 5)","Bluestacks 5 : https://bstk.me/nIdAMZq7e ------------------------------------------------- Instagram : https://www.instagram.com/bilal_mouhouch ------------------------------------------------- Donations Paypal : https://www.paypal.me/MouhouchBilal Cih : 3961492211019300 Thanks for supporting ""CHABAB"" ! If you couldn't donate that's okay too I still love you anyway","bimo,bimogamer,bilal,morrocan,youtuber,gamer",20,Gaming,"Action-adventure_game,Action_game,Video_game_culture",PT5M19S,319,2d,hd,false,en,ar,https://i.ytimg.com/vi/Bc0Ew8RbIcE/maxresdefault.jpg,1,,,,,231020,41795,,0,2096
239,UCJCVxCW1dzEvFnzqDUU498g,BIMO,v_-T0Rz4ie4,2021-02-15T13:53:57Z,"2021-02-15 13:53:57","SPACETOON | أيام الزمن الجميل مع سبيستون","Bluestacks 5 : https://bstk.me/tfc9aMRDW ------------------------------------------------- Instagram : https://www.instagram.com/bilal_mouhouch ------------------------------------------------- Donations Paypal : https://www.paypal.me/MouhouchBilal Cih : 3961492211019300 Thanks for supporting ""CHABAB"" ! If you couldn't donate that's okay too I still love you anyway","bimo,bimogamer,bilal,morrocan,youtuber,gamer",20,Gaming,Music,PT12M21S,741,2d,hd,false,en,ar,https://i.ytimg.com/vi/v_-T0Rz4ie4/maxresdefault.jpg,,,,,,917317,98741,,0,5004
240,UCJCVxCW1dzEvFnzqDUU498g,BIMO,cP5cpnCPSnk,2021-02-08T19:57:11Z,"2021-02-08 19:57:11","تعلم الحروف الأبجدية مع بيمو","سلام لخوت نتمنا لفيديو تكون عجباتكوم ، شكرا بزاف على دعم ديالكوم. نتشاوفو ففيديو جاي انشاء الله بيييييييييس. ------------------------------------------------- Instagram : https://www.instagram.com/bilal_mouhouch -------------------------------------------------","bimo,bimogamer,bilal,morrocan,youtuber,gamer,تعلم الحروف الأبجدية مع بيمو,alphabet,fun,chill,trolls,comedy,lord abe,tiktok",20,Gaming,Knowledge,PT3M17S,197,2d,hd,false,en,ar,https://i.ytimg.com/vi/cP5cpnCPSnk/maxresdefault.jpg,1,,,,,303241,49319,,0,1197
241,UCJCVxCW1dzEvFnzqDUU498g,BIMO,t1FDtfzo0rk,2021-02-06T21:03:06Z,"2021-02-06 21:03:06","باراكا من التنمر","سلام لخوت نتمنا لفيديو تكون عجباتكوم ، شكرا بزاف على دعم ديالكوم. نتشاوفو ففيديو جاي انشاء الله بيييييييييس. ------------------------------------------------- Instagram : https://www.instagram.com/bilal_mouhouch -------------------------------------------------","bimo,bimogamer,bilal,morrocan,youtuber,gamer,chakhda,instagram,reactions bimo",20,Gaming,,PT8M3S,483,2d,hd,false,en,ar,https://i.ytimg.com/vi/t1FDtfzo0rk/maxresdefault.jpg,1,,,,,537061,69246,,0,2169
242,UCJCVxCW1dzEvFnzqDUU498g,BIMO,YpbgV4-MtJY,2021-01-24T18:48:54Z,"2021-01-24 18:48:54","FOOOOOOD TIME","سلام لخوت نتمنا لفيديو تكون عجباتكوم ، شكرا بزاف على دعم ديالكوم. نتشاوفو ففيديو جاي انشاء الله بيييييييييس. ------------------------------------------------- Instagram : https://www.instagram.com/bilal_mouhouch -------------------------------------------------","bimo,bimogamer,bilal,morrocan,youtuber,gamer,food,vlog,fun",26,"Howto & Style","Food,Lifestyle_(sociology)",PT8M57S,537,2d,hd,false,en,ar,https://i.ytimg.com/vi/YpbgV4-MtJY/maxresdefault.jpg,1,,,,,360058,52022,,0,1774
243,UCJCVxCW1dzEvFnzqDUU498g,BIMO,snhgaL-jCZ0,2021-01-12T19:05:41Z,"2021-01-12 19:05:41","!! فيلم قصير قمة في الإبداع","سلام لخوت نتمنا لفيديو تكون عجباتكوم ، شكرا بزاف على دعم ديالكوم. نتشاوفو ففيديو جاي انشاء الله بيييييييييس. ------------------------------------------------- Instagram : https://www.instagram.com/bilal_mouhouch -------------------------------------------------","bimo,bimogamer,bilal,morrocan,youtuber,gamer,filme qasir maroc,film qasir taza,courte metrage maroc,comedy action,courte metrage maroc action,maroc,fun,taza",20,Gaming,Film,PT9M46S,586,2d,hd,false,en,ar,https://i.ytimg.com/vi/snhgaL-jCZ0/maxresdefault.jpg,1,,,,,577170,70911,,0,1746
244,UCJCVxCW1dzEvFnzqDUU498g,BIMO,TFW1X_kEiXs,2021-01-05T18:57:41Z,"2021-01-05 18:57:41","SANDWICH D LGER3A !! WTF","سلام لخوت نتمنا لفيديو تكون عجباتكوم ، شكرا بزاف على دعم ديالكوم. نتشاوفو ففيديو جاي انشاء الله بيييييييييس. ------------------------------------------------- Instagram : https://www.instagram.com/bilal_mouhouch -------------------------------------------------","bimo,bimogamer,bilal,morrocan,youtuber,gamer,food,ger3a,courgette,legume,story time",20,Gaming,,PT8M2S,482,2d,hd,false,en,ar,https://i.ytimg.com/vi/TFW1X_kEiXs/maxresdefault.jpg,1,,,,,478807,65673,,0,1884
245,UCJCVxCW1dzEvFnzqDUU498g,BIMO,lMd5TZ060nU,2020-12-15T18:06:11Z,"2020-12-15 18:06:11","BELMEZ FACES | وجوه أشباح حقيقية ؟","Sources/Further Reading: The Encyclopedia of Ghosts and Spirits. John and Ann Spencer. BCA. 1992. The Seen and the Unseen: A Study of Presences, Apparitions and Other Paranormal Phenomena. Andrew MacKenzie. Weidenfeld & Nicolson. 1987 Collage Images: http://www.assombrado.com.br/2018/01/as-rostos-de-belmez-um-dos-melhores.html Historic Mysteries – https://www.historicmysteries.com/belmez-faces/ Unexplained Mysteries – https://www.unexplained-mysteries.com/forum/topic/89033-the-house-of-faces/ Euro Paranormal – https://europaranormal.com/paranormal-powers/images-of-the-dead/ https://hubpages.com/religion-philosophy/The-Faces-Of-Belmez-Ghost-Faces-And-A-Spanish-Mystery https://www.tripadvisor.co.uk/Attraction_Review-g2445299-d12362265-Reviews-Casa_de_las_Caras-Belmez_de_la_Moraleda_Province_of_Jaen_Andalucia.html","bimo,bimogamer,bilal,morrocan,youtuber,gamer,قصص واقعية,the house of faces,belmez house,belmz,story,horror story,قصص رعب,منزل بيلميز",27,Education,,PT11M14S,674,2d,hd,false,en,ar,https://i.ytimg.com/vi/lMd5TZ060nU/maxresdefault.jpg,1,,,,,772841,79670,,0,2868
246,UCJCVxCW1dzEvFnzqDUU498g,BIMO,CZW1MAvQpm8,2020-11-26T21:03:19Z,"2020-11-26 21:03:19","PREMIER BAC","سلام لخوت نتمنا لفيديو تكون عجباتكوم ، شكرا بزاف على دعم ديالكوم. نتشاوفو ففيديو جاي انشاء الله بيييييييييس. ------------------------------------------------- Instagram : https://www.instagram.com/bilal_mouhouch -------------------------------------------------","bimo,bimogamer,bilal,morrocan,youtuber,gamer",20,Gaming,,PT13M55S,835,2d,hd,false,en,ar,https://i.ytimg.com/vi/CZW1MAvQpm8/maxresdefault.jpg,1,,,,,1475270,120639,,0,3521
247,UCJCVxCW1dzEvFnzqDUU498g,BIMO,2PkWSsFAE3c,2020-11-21T17:40:17Z,"2020-11-21 17:40:17","STORY TIME / عندي مشكل مع لمشاش","سلام لخوت نتمنا لفيديو تكون عجباتكوم ، شكرا بزاف على دعم ديالكوم. نتشاوفو ففيديو جاي انشاء الله بيييييييييس. ------------------------------------------------- Instagram : https://www.instagram.com/bilal_mouhouch -------------------------------------------------","bimo,bimogamer,bilal,morrocan,youtuber,gamer,قطط,cats,story time,cats stories,cuties,kities",20,Gaming,,PT8M37S,517,2d,hd,false,en,ar,https://i.ytimg.com/vi/2PkWSsFAE3c/maxresdefault.jpg,1,,,,,798703,78391,,0,2077
248,UCJCVxCW1dzEvFnzqDUU498g,BIMO,FyL7ZyXKgB4,2020-11-06T19:13:08Z,"2020-11-06 19:13:08","OMEGLE #2 عايشين غاية ، واخا كيقمعونا الساطات","سلام لخوت نتمنا لفيديو تكون عجباتكوم ، شكرا بزاف على دعم ديالكوم. نتشاوفو ففيديو جاي انشاء الله بيييييييييس. ------------------------------------------------- Instagram : https://www.instagram.com/bilal_mouhouch -------------------------------------------------","bimo,bimogamer,bilal,morrocan,youtuber,gamer,omegel,maroc omegel,titiz maroc",20,Gaming,,PT9M33S,573,2d,hd,false,en,ar,https://i.ytimg.com/vi/FyL7ZyXKgB4/maxresdefault.jpg,1,,,,,794561,95873,,0,1816
249,UCJCVxCW1dzEvFnzqDUU498g,BIMO,F4doTFbVLaU,2020-10-05T22:17:45Z,"2020-10-05 22:17:45","جاوبت على الأسئلة ديالكم ، أشنو كندير فحياتي ؟","سلام لخوت نتمنا لفيديو تكون عجباتكوم ، شكرا بزاف على دعم ديالكوم. نتشاوفو ففيديو جاي انشاء الله بيييييييييس. ------------------------------------------------- Instagram : https://www.instagram.com/bilal_mouhouch -------------------------------------------------","bimo,bimogamer,bilal,morrocan,youtuber,gamer,tiktok maroc,reaction maroc,trolat,memes maroc",20,Gaming,,PT8M6S,486,2d,hd,false,en,ar,https://i.ytimg.com/vi/F4doTFbVLaU/maxresdefault.jpg,1,,,,,680284,93977,,0,2283
250,UCJCVxCW1dzEvFnzqDUU498g,BIMO,nRSt3pRkaJs,2020-09-30T17:00:08Z,"2020-09-30 17:00:08","OMEGLE طلعتها مزيان على تيتيز ف","سلام لخوت نتمنا لفيديو تكون عجباتكوم ، شكرا بزاف على دعم ديالكوم. نتشاوفو ففيديو جاي انشاء الله بيييييييييس. ------------------------------------------------- Instagram : https://www.instagram.com/bilal_mouhouch -------------------------------------------------","bimo,bimogamer,bilal,morrocan,youtuber,gamer,omegle maroc,omegle,titiz",20,Gaming,,PT8M55S,535,2d,hd,false,en,ar,https://i.ytimg.com/vi/nRSt3pRkaJs/maxresdefault.jpg,1,,,,,893350,90951,,0,1692
251,UCJCVxCW1dzEvFnzqDUU498g,BIMO,GKLO0CjRXmg,2020-09-02T23:30:26Z,"2020-09-02 23:30:26","فاش كتمشي للبنك وكيندموك","سلام لخوت نتمنا لفيديو تكون عجباتكوم ، شكرا بزاف على دعم ديالكوم. نتشاوفو ففيديو جاي انشاء الله بيييييييييس. ------------------------------------------------- Instagram : https://www.instagram.com/bilal_mouhouch -------------------------------------------------","bimo,bimogamer,bilal,morrocan,youtuber,gamer",22,"People & Blogs",,PT6M17S,377,2d,hd,false,en,ar,https://i.ytimg.com/vi/GKLO0CjRXmg/maxresdefault.jpg,1,,,,,560858,66565,,0,1274
252,UCJCVxCW1dzEvFnzqDUU498g,BIMO,eWxTEPD9w7M,2020-08-26T16:57:15Z,"2020-08-26 16:57:15",DELA7A.exe,"سلام لخوت نتمنا لفيديو تكون عجباتكوم ، شكرا بزاف على دعم ديالكوم. نتشاوفو ففيديو جاي انشاء الله بيييييييييس. ------------------------------------------------- Instagram : https://www.instagram.com/bilal_mouhouch -------------------------------------------------","bimo,bimogamer,bilal,morrocan,youtuber,gamer,water mellon,water mellon challenge,morrocan challenge,challenge maghribi,dela7 challenge",20,Gaming,Lifestyle_(sociology),PT9M40S,580,2d,hd,false,en,ar,https://i.ytimg.com/vi/eWxTEPD9w7M/maxresdefault.jpg,1,,,,,1069490,105905,,0,2842
253,UCJCVxCW1dzEvFnzqDUU498g,BIMO,6DtVVltRAck,2020-08-21T19:24:38Z,"2020-08-21 19:24:38","بغيت بلاصتي بليز","سلام لخوت نتمنا لفيديو تكون عجباتكوم ، شكرا بزاف على دعم ديالكوم. نتشاوفو ففيديو جاي انشاء الله بيييييييييس. ------------------------------------------------- Instagram : https://www.instagram.com/bilal_mouhouch -------------------------------------------------","bimo,bimogamer,bilal,morrocan,youtuber,gamer",20,Gaming,,PT8M13S,493,2d,hd,false,en,ar,https://i.ytimg.com/vi/6DtVVltRAck/maxresdefault.jpg,1,,,,,1012460,93536,,0,2075
254,UCJCVxCW1dzEvFnzqDUU498g,BIMO,SCG50N21tc4,2020-08-14T20:55:34Z,"2020-08-14 20:55:34","فاش كدخل فيسبوك أول مرة ، الله يشافي لقلووووووب","سلام لخوت نتمنا لفيديو تكون عجباتكوم ، شكرا بزاف على دعم ديالكوم. نتشاوفو ففيديو جاي انشاء الله بيييييييييس. ------------------------------------------------- Instagram : https://www.instagram.com/bilal_mouhouch -------------------------------------------------","bimo,bimogamer,bilal,morrocan,youtuber,gamer,الله يشافي لقلوب,miloud,salam caba,salam cb,l9loub,ميلود",20,Gaming,,PT6M25S,385,2d,hd,false,en,ar,https://i.ytimg.com/vi/SCG50N21tc4/maxresdefault.jpg,1,,,,,431504,61038,,0,1505
255,UCJCVxCW1dzEvFnzqDUU498g,BIMO,M1qLh42Dd60,2020-08-04T20:54:16Z,"2020-08-04 20:54:16","! أغرب عرض أزياء تقدر تشوفو فحياتك","سلام لخوت نتمنا لفيديو تكون عجباتكوم ، شكرا بزاف على دعم ديالكوم. نتشاوفو ففيديو جاي انشاء الله بيييييييييس. ------------------------------------------------- Instagram : https://www.instagram.com/bilal_mouhouch -------------------------------------------------","bimo,bimogamer,bilal,morrocan,youtuber,gamer,run way fashion,wtf run way,weird run way,أغرب عرض أزياء,عرض أزياء",20,Gaming,"Fashion,Lifestyle_(sociology)",PT10M53S,653,2d,hd,false,en,ar,https://i.ytimg.com/vi/M1qLh42Dd60/maxresdefault.jpg,1,,,,,628619,81334,,0,1420
256,UCJCVxCW1dzEvFnzqDUU498g,BIMO,wf1bv_RkgnU,2020-08-01T16:16:45Z,"2020-08-01 16:16:45","STORY TIME / قصتي مع ضرسة","سلام لخوت نتمنا لفيديو تكون عجباتكوم ، شكرا بزاف على دعم ديالكوم. نتشاوفو ففيديو جاي انشاء الله بيييييييييس. ------------------------------------------------- Instagram : https://www.instagram.com/bilal_mouhouch -------------------------------------------------","bimo,bimogamer,bilal,morrocan,youtuber,gamer,dentiste,dersa,drous,dents,teeth,tooth",20,Gaming,,PT7M33S,453,2d,hd,false,en,ar,https://i.ytimg.com/vi/wf1bv_RkgnU/maxresdefault.jpg,1,,,,,818928,83667,,0,2019
257,UCJCVxCW1dzEvFnzqDUU498g,BIMO,j-f1fZfF7AY,2020-07-15T11:12:48Z,"2020-07-15 11:12:48","CHEF BIMO","سلام لخوت نتمنا لفيديو تكون عجباتكوم ، شكرا بزاف على دعم ديالكوم. نتشاوفو ففيديو جاي انشاء الله بيييييييييس. ------------------------------------------------- Instagram : https://www.instagram.com/bilal_mouhouch -------------------------------------------------","bimo,bimogamer,bilal,morrocan,youtuber,gamer,food,etiquets",20,Gaming,"Food,Lifestyle_(sociology)",PT10M34S,634,2d,hd,false,en,ar,https://i.ytimg.com/vi/j-f1fZfF7AY/maxresdefault.jpg,1,,,,,586984,74682,,0,2434
258,UCJCVxCW1dzEvFnzqDUU498g,BIMO,EoasLGwQA-0,2020-06-27T19:00:37Z,"2020-06-27 19:00:37","الطريقة الصحيحة كفاش كتلبس لكمامة","سلام لخوت نتمنا لفيديو تكون عجباتكوم ، شكرا بزاف على دعم ديالكوم. نتشاوفو ففيديو جاي انشاء الله بيييييييييس. ------------------------------------------------- Instagram : https://www.instagram.com/bilal_mouhouch -------------------------------------------------","bimo,bimogamer,bilal,morrocan,youtuber,gamer,bavette,الطريقة الصحيحة باش تلبس لكمامة",20,Gaming,,PT7M30S,450,2d,hd,false,en,ar,https://i.ytimg.com/vi/EoasLGwQA-0/maxresdefault.jpg,1,,,,,603851,81518,,0,1983
259,UCJCVxCW1dzEvFnzqDUU498g,BIMO,vqzf1uNBM90,2020-06-25T22:51:42Z,"2020-06-25 22:51:42","STORY TIME / قصتي مع الجن","سلام لخوت نتمنا لفيديو تكون عجباتكوم ، شكرا بزاف على دعم ديالكوم. نتشاوفو ففيديو جاي انشاء الله بيييييييييس. ------------------------------------------------- Instagram : https://www.instagram.com/bilal_mouhouch -------------------------------------------------","bimo,bimogamer,bilal,morrocan,youtuber,gamer,story time,ghosts,jin",20,Gaming,,PT7M,420,2d,hd,false,en,ar,https://i.ytimg.com/vi/vqzf1uNBM90/maxresdefault.jpg,1,,,,,802724,95842,,0,3941
260,UCJCVxCW1dzEvFnzqDUU498g,BIMO,oRN8DFCzwRA,2020-06-24T15:38:29Z,"2020-06-24 15:38:29","TOILETTE MOTANA9IL","سلام لخوت نتمنا لفيديو تكون عجباتكوم ، شكرا بزاف على دعم ديالكوم. نتشاوفو ففيديو جاي انشاء الله بيييييييييس. ------------------------------------------------- Instagram : https://www.instagram.com/bilal_mouhouch -------------------------------------------------","bimo,bimogamer,bilal,morrocan,youtuber,gamer,gaming maroc,scap mecanic,scrap mecanic 2020 survival,scap mecanic maroc",20,Gaming,"Action-adventure_game,Action_game,Role-playing_video_game,Simulation_video_game,Video_game_culture",PT10M1S,601,2d,hd,false,en,ar,https://i.ytimg.com/vi/oRN8DFCzwRA/maxresdefault.jpg,1,,,,,277622,46673,,0,1822
261,UCJCVxCW1dzEvFnzqDUU498g,BIMO,VEjkz7mB_YA,2020-06-15T16:33:06Z,"2020-06-15 16:33:06","ZIT و ATAY","سلام لخوت نتمنا لفيديو تكون عجباتكوم ، شكرا بزاف على دعم ديالكوم. نتشاوفو ففيديو جاي انشاء الله بيييييييييس. ------------------------------------------------- Instagram : https://www.instagram.com/bilal_mouhouch -------------------------------------------------","bimo,bilal,morrocan,youtuber,WIT,ZIT,ATAY,FOOD,MAROCAN FOOD,MOROCAN FOOD,زيت و اتاي",20,Gaming,Lifestyle_(sociology),PT10M1S,601,2d,hd,false,en,ar,https://i.ytimg.com/vi/VEjkz7mB_YA/maxresdefault.jpg,1,,,,,980174,101787,,0,3021
262,UCJCVxCW1dzEvFnzqDUU498g,BIMO,_JRnuFpq83I,2020-06-10T15:03:38Z,"2020-06-10 15:03:38","أشنو كيعجب لبنت فالراجل ؟","سلام لخوت نتمنا لفيديو تكون عجباتكوم ، شكرا بزاف على دعم ديالكوم. نتشاوفو ففيديو جاي انشاء الله بيييييييييس. ------------------------------------------------- Instagram : https://www.instagram.com/bilal_mouhouch -------------------------------------------------","bimo,bimogamer,bilal,morrocan,youtuber,gamer",20,Gaming,,PT6M3S,363,2d,hd,false,en,ar,https://i.ytimg.com/vi/_JRnuFpq83I/maxresdefault.jpg,1,,,,,525880,76832,,0,2342
263,UCJCVxCW1dzEvFnzqDUU498g,BIMO,NBYfIGLk1l0,2020-06-05T08:58:44Z,"2020-06-05 08:58:44","أشنو هي أول حاجة كيشوفها الراجل فالبنت ؟","سلام لخوت نتمنا لفيديو تكون عجباتكوم ، شكرا بزاف على دعم ديالكوم. نتشاوفو ففيديو جاي انشاء الله بيييييييييس. ------------------------------------------------- Instagram : https://www.instagram.com/bilal_mouhouch -------------------------------------------------","bimo,bilal,morrocan,youtuber,gamer,DZ,ra2is jaza2ir,rais jazair,algeri president,DZ president",20,Gaming,,PT7M3S,423,2d,hd,false,en,ar,https://i.ytimg.com/vi/NBYfIGLk1l0/maxresdefault.jpg,1,,,,,507250,64581,,0,3910
264,UCJCVxCW1dzEvFnzqDUU498g,BIMO,NHYym7K5Xu0,2020-06-02T21:33:43Z,"2020-06-02 21:33:43","الناس ديال الجزائر هاربين بزآآآآف","سلام لخوت نتمنا لفيديو تكون عجباتكوم ، شكرا بزاف على دعم ديالكوم. نتشاوفو ففيديو جاي انشاء الله بيييييييييس. ------------------------------------------------- Instagram : https://www.instagram.com/bilal_mouhouch -------------------------------------------------","bimo,bimogamer,bilal,morrocan,youtuber,gamer,DZ,Jazair,الجزائر",20,Gaming,,PT10M2S,602,2d,hd,false,en,ar,https://i.ytimg.com/vi/NHYym7K5Xu0/maxresdefault.jpg,1,,,,,521942,71429,,0,2244
265,UCJCVxCW1dzEvFnzqDUU498g,BIMO,KWUTEJIi7ak,2020-05-30T16:11:44Z,"2020-05-30 16:11:44","STORY TIME","سلام لخوت نتمنا لفيديو تكون عجباتكوم ، شكرا بزاف على دعم ديالكوم. نتشاوفو ففيديو جاي انشاء الله بيييييييييس. ------------------------------------------------- Instagram : https://www.instagram.com/bilal_mouhouch -------------------------------------------------","bimo,bimogamer,bilal,morrocan,youtuber,gamer",20,Gaming,Lifestyle_(sociology),PT10M4S,604,2d,hd,false,en,ar,https://i.ytimg.com/vi/KWUTEJIi7ak/maxresdefault.jpg,1,,,,,1206332,113730,,0,2960
266,UCJCVxCW1dzEvFnzqDUU498g,BIMO,JYqTp9QSVMo,2020-05-25T19:50:59Z,"2020-05-25 19:50:59","قرينا انا و ختي التعليقات ديالكوم","سلام لخوت نتمنا لفيديو تكون عجباتكوم ، شكرا بزاف على دعم ديالكوم. نتشاوفو ففيديو جاي انشاء الله بيييييييييس. ------------------------------------------------- Instagram : https://www.instagram.com/bilal_mouhouch -------------------------------------------------","bimo,bilal,morrocan,youtuber,khawla,bimo sister",20,Gaming,Lifestyle_(sociology),PT10M2S,602,2d,hd,false,en,ar,https://i.ytimg.com/vi/JYqTp9QSVMo/maxresdefault.jpg,1,,,,,2393409,204184,,0,6112
267,UCJCVxCW1dzEvFnzqDUU498g,BIMO,xtItvl7qGUI,2020-05-19T00:01:30Z,"2020-05-19 00:01:30","آسف ، لا يوجد عنوان","سلام لخوت نتمنا لفيديو تكون عجباتكوم ، شكرا بزاف على دعم ديالكوم. نتشاوفو ففيديو جاي انشاء الله بيييييييييس. ------------------------------------------------- Instagram : https://www.instagram.com/bilal_mouhouch -------------------------------------------------","bimo,bilal,morrocan,youtuber,humeur,humor,comedie,fun,troll,memes,morrocan memes,meme maroc,troll maroc",22,"People & Blogs",,PT4M59S,299,2d,hd,false,en,ar,https://i.ytimg.com/vi/xtItvl7qGUI/maxresdefault.jpg,1,,,,,528471,77607,,0,5656
268,UCJCVxCW1dzEvFnzqDUU498g,BIMO,slnZhqxsXJY,2020-05-17T22:26:01Z,"2020-05-17 22:26:01","الفقير VS الغني","سلام لخوت نتمنا لفيديو تكون عجباتكوم ، شكرا بزاف على دعم ديالكوم. نتشاوفو ففيديو جاي انشاء الله بيييييييييس. ------------------------------------------------- Instagram : https://www.instagram.com/bilal_mouhouch -------------------------------------------------","bimo,bimogamer,bilal,morrocan,youtuber,gamer,rich,poor,rich vs poor maroc,rich poor arabe",22,"People & Blogs",,PT5M53S,353,2d,hd,false,en,ar,https://i.ytimg.com/vi/slnZhqxsXJY/maxresdefault.jpg,1,,,,,702480,96950,,0,2548
269,UCJCVxCW1dzEvFnzqDUU498g,BIMO,c2kjSq68OZk,2020-05-12T16:02:17Z,"2020-05-12 16:02:17","رمضان و الحجر الصحي ؟","سلام لخوت نتمنا لفيديو تكون عجباتكوم ، شكرا بزاف على دعم ديالكوم. نتشاوفو ففيديو جاي انشاء الله بيييييييييس. ------------------------------------------------- Instagram : https://www.instagram.com/bilal_mouhouch -------------------------------------------------","bimo,morrocan,youtuber,ramadan,confinement,ramadan maroc,iftar maroc,comedie maroc,sarcasm maroc,iftar,رمضان,الحجر الصحي",23,Comedy,,PT7M17S,437,2d,hd,false,en,ar,https://i.ytimg.com/vi/c2kjSq68OZk/maxresdefault.jpg,1,,,,,441121,52330,,0,1109
270,UCJCVxCW1dzEvFnzqDUU498g,BIMO,PHoX-F_tSm0,2020-05-09T23:15:59Z,"2020-05-09 23:15:59","قصة اعتناقي للإسلام","سلام لخوت نتمنا لفيديو تكون عجباتكوم ، شكرا بزاف على دعم ديالكوم. نتشاوفو ففيديو جاي انشاء الله بيييييييييس. ------------------------------------------------- Instagram : https://www.instagram.com/bilal_mouhouch -------------------------------------------------","bimo,bimogamer,bilal,morrocan,youtuber,gamer",22,"People & Blogs",Religion,PT8M1S,481,2d,hd,false,en,ar,https://i.ytimg.com/vi/PHoX-F_tSm0/maxresdefault.jpg,1,,,,,716423,79664,,0,2562
271,UCJCVxCW1dzEvFnzqDUU498g,BIMO,a9J5-kNxbNs,2020-05-01T21:09:48Z,"2020-05-01 21:09:48","THANK YOUUUU 300 000 TIME","سلام لخوت نتمنا لفيديو تكون عجباتكوم ، شكرا بزاف على دعم ديالكوم. نتشاوفو ففيديو جاي انشاء الله بيييييييييس. ------------------------------------------------- Instagram : https://www.instagram.com/bilal_mouhouch -------------------------------------------------","bimo,bimogamer,bilal,morrocan,youtuber,gamer",23,Comedy,,PT8M6S,486,2d,hd,false,en,ar,https://i.ytimg.com/vi/a9J5-kNxbNs/maxresdefault.jpg,,,,,,246682,48900,,0,1903
272,UCJCVxCW1dzEvFnzqDUU498g,BIMO,XEWuw_8nKaY,2020-04-21T16:30:41Z,"2020-04-21 16:30:41","الحجر الصحي","سلام لخوت نتمنا لفيديو تكون عجباتكوم ، شكرا بزاف على دعم ديالكوم. نتشاوفو ففيديو جاي انشاء الله بيييييييييس. ------------------------------------------------- Instagram : https://www.instagram.com/bilal_mouhouch -------------------------------------------------","bimo,bimogamer,bilal,morrocan,youtuber,gamer",23,Comedy,Health,PT6M37S,397,2d,hd,false,en,ar,https://i.ytimg.com/vi/XEWuw_8nKaY/maxresdefault.jpg,1,,,,,491364,58974,,0,1260
273,UCJCVxCW1dzEvFnzqDUU498g,BIMO,qQVvgz5j0YM,2020-04-16T16:09:35Z,"2020-04-16 16:09:35","أجي تشوف أغرب حلاق فالعالم","سلام لخوت نتمنا لفيديو تكون عجباتكوم ، شكرا بزاف على دعم ديالكوم. نتشاوفو ففيديو جاي انشاء الله بيييييييييس. ------------------------------------------------- Instagram : https://www.instagram.com/bilal_mouhouch -------------------------------------------------","bimo,bilal,morrocan,youtuber",23,Comedy,,PT13M25S,805,2d,hd,false,en,ar,https://i.ytimg.com/vi/qQVvgz5j0YM/maxresdefault.jpg,1,,,,,619577,64570,,0,1734
274,UCJCVxCW1dzEvFnzqDUU498g,BIMO,LrjlM1KYqCQ,2020-03-19T22:15:00Z,"2020-03-19 22:15:00","MUSCULATION ?","سلام لخوت نتمنا لفيديو تكون عجباتكوم ، شكرا بزاف على دعم ديالكوم. نتشاوفو ففيديو جاي انشاء الله بيييييييييس. ------------------------------------------------- Instagram : https://www.instagram.com/bilal_mouhouch -------------------------------------------------","bimo,bimogamer,bilal,morrocan,youtuber,gamer,la salle,musculation maroc,gym,sale,salle",23,Comedy,"Health,Lifestyle_(sociology),Physical_fitness",PT11M3S,663,2d,hd,false,en,ar,https://i.ytimg.com/vi/LrjlM1KYqCQ/maxresdefault.jpg,1,,,,,723259,74679,,0,1814
275,UCJCVxCW1dzEvFnzqDUU498g,BIMO,OGLA7DDz0Uk,2020-03-12T21:00:09Z,"2020-03-12 21:00:09",CHOOOOHRAAAA,"سلام لخوت نتمنا لفيديو تكون عجباتكوم ، شكرا بزاف على دعم ديالكوم. نتشاوفو ففيديو جاي انشاء الله بيييييييييس. ------------------------------------------------- Instagram : https://www.instagram.com/bilal_mouhouch -------------------------------------------------","bimo,bimogamer,bilal,morrocan,youtuber,gamer",23,Comedy,,PT10M37S,637,2d,hd,false,en,ar,https://i.ytimg.com/vi/OGLA7DDz0Uk/maxresdefault.jpg,1,,,,,844630,80323,,0,1350
276,UCJCVxCW1dzEvFnzqDUU498g,BIMO,ZpqFJWsdf8g,2020-03-08T16:48:24Z,"2020-03-08 16:48:24","l'hopital / طبيب فالمغرب","سلام لخوت نتمنا لفيديو تكون عجباتكوم ، شكرا بزاف على دعم ديالكوم. نتشاوفو ففيديو جاي انشاء الله بيييييييييس. ------------------------------------------------- Instagram : https://www.instagram.com/bilal_mouhouch -------------------------------------------------","bimo,bimogamer,bilal,morrocan,youtuber,gamer,l'hopitale,Tbib,الطبيب في المغرب",23,Comedy,Health,PT6M29S,389,2d,hd,false,en,ar,https://i.ytimg.com/vi/ZpqFJWsdf8g/maxresdefault.jpg,1,,,,,832944,137077,,0,1466
277,UCJCVxCW1dzEvFnzqDUU498g,BIMO,CqyMOABDI_g,2020-03-02T21:08:21Z,"2020-03-02 21:08:21",L3GEZ.exe,"سلام لخوت نتمنا لفيديو تكون عجباتكوم ، شكرا بزاف على دعم ديالكوم. نتشاوفو ففيديو جاي انشاء الله بيييييييييس. ------------------------------------------------- Instagram : https://www.instagram.com/bilal_mouhouch -------------------------------------------------","bimo,bimogamer,bilal,morrocan,youtuber,gamer",23,Comedy,,PT7M3S,423,2d,hd,false,en,ar,https://i.ytimg.com/vi/CqyMOABDI_g/maxresdefault.jpg,1,,,,,757919,71107,,0,1611
278,UCJCVxCW1dzEvFnzqDUU498g,BIMO,7U5Ti0EoqCg,2020-02-14T08:30:00Z,"2020-02-14 08:30:00","هاد ناس عايشين ف 2030","سلام لخوت نتمنا لفيديو تكون عجباتكوم ، شكرا بزاف على دعم ديالكوم. نتشاوفو ففيديو جاي انشاء الله بيييييييييس. ------------------------------------------------- Instagram : https://www.instagram.com/bilal_mouhouch -------------------------------------------------","bimo,bimogamer,bilal,morrocan,youtuber,gamer,reditt,reaction",23,Comedy,"Hobby,Lifestyle_(sociology)",PT10M13S,613,2d,hd,false,en,ar,https://i.ytimg.com/vi/7U5Ti0EoqCg/maxresdefault.jpg,1,,,,,417870,42992,,0,752
279,UCJCVxCW1dzEvFnzqDUU498g,BIMO,3udOM4HzXNk,2020-02-12T19:45:01Z,"2020-02-12 19:45:01","GRAND TAXI / طاكسي كبير","سلام لخوت نتمنا لفيديو تكون عجباتكوم ، شكرا بزاف على دعم ديالكوم. نتشاوفو ففيديو جاي انشاء الله بيييييييييس. ------------------------------------------------- Instagram : https://www.instagram.com/bilal_mouhouch -------------------------------------------------","bimo,bimogamer,bilal,morrocan,youtuber,gamer,taxi,taxi maroc,koulshi,طاكسي كبير",23,Comedy,,PT8M25S,505,2d,hd,false,en,ar,https://i.ytimg.com/vi/3udOM4HzXNk/maxresdefault.jpg,1,,,,,834469,96063,,0,1518
280,UCJCVxCW1dzEvFnzqDUU498g,BIMO,Pw3xk_Q26GA,2020-02-07T17:15:00Z,"2020-02-07 17:15:00","آش هاد الأسئلة ؟؟؟؟؟؟؟؟؟؟","سلام لخوت نتمنا لفيديو تكون عجباتكوم ، شكرا بزاف على دعم ديالكوم. نتشاوفو ففيديو جاي انشاء الله بيييييييييس. ------------------------------------------------- Instagram : https://www.instagram.com/bilal_mouhouch -------------------------------------------------","bimo,bimogamer,bilal,morrocan,youtuber,gamer,bimo stories,koulchi,comedia maroc,troll maroc,fun,laugh,darija,أسئلة",23,Comedy,,PT10M14S,614,2d,hd,false,en,ar,https://i.ytimg.com/vi/Pw3xk_Q26GA/maxresdefault.jpg,1,,,,,759840,75529,,0,1958
281,UCJCVxCW1dzEvFnzqDUU498g,BIMO,xI6xWRtdqRA,2020-01-30T17:30:02Z,"2020-01-30 17:30:02","!! لحلاق عندنا فالمغرب ، تكرفص عليا","سلام لخوت نتمنا لفيديو تكون عجباتكوم ، شكرا بزاف على دعم ديالكوم. نتشاوفو ففيديو جاي انشاء الله بيييييييييس. ------------------------------------------------- Instagram : https://www.instagram.com/bilal_mouhouch -------------------------------------------------","bimo,bimogamer,bilal,morrocan,youtuber,gamer,لحلاق,حرة,المغتصب هو نتا lmoghtasib howa nta,coiffeur maroc,barber maroc",23,Comedy,,PT10M25S,625,2d,hd,false,en,ar,https://i.ytimg.com/vi/xI6xWRtdqRA/maxresdefault.jpg,1,,,,,651223,63258,,0,1380
282,UCJCVxCW1dzEvFnzqDUU498g,BIMO,YdnXwTko1dI,2020-01-26T17:00:11Z,"2020-01-26 17:00:11","SUNDAY GAMING #1 : A SHORT LIFE !","سلام لخوت نتمنا لفيديو تكون عجباتكوم ، شكرا بزاف على دعم ديالكوم. نتشاوفو ففيديو جاي انشاء الله بيييييييييس. ------------------------------------------------- Instagram : https://www.instagram.com/bilal_mouhouch -------------------------------------------------","bimo,bimogamer,bilal,morrocan,youtuber,gamer",20,Gaming,,PT10M6S,606,2d,hd,false,en,ar,https://i.ytimg.com/vi/YdnXwTko1dI/maxresdefault.jpg,1,,,,,448549,51481,,0,1139
283,UCJCVxCW1dzEvFnzqDUU498g,BIMO,9ssvkxe45I4,2020-01-22T21:20:55Z,"2020-01-22 21:20:55","L'internat / الحي الجامعي في المغرب","سلام لخوت نتمنا لفيديو تكون عجباتكوم ، شكرا بزاف على دعم ديالكوم. نتشاوفو ففيديو جاي انشاء الله بيييييييييس. ------------------------------------------------- Instagram : https://www.instagram.com/bilal_mouhouch -------------------------------------------------","bimo,bimogamer,bilal,morrocan,youtuber,gamer,الداخلية في المغرب,الداخلية,التعليم الجامعي,الحي الجامعي,الجامعة,المدرسة",23,Comedy,,PT11M1S,661,2d,hd,false,en,ar,https://i.ytimg.com/vi/9ssvkxe45I4/maxresdefault.jpg,1,,,,,1885802,131589,,0,2352
284,UCJCVxCW1dzEvFnzqDUU498g,BIMO,5vpdRnnWuIM,2020-01-12T19:45:59Z,"2020-01-12 19:45:59","2 3AM MAJIT LMEGHRIB","سلام لخوت نتمنا لفيديو تكون عجباتكوم ، شكرا بزاف على دعم ديالكوم. نتشاوفو ففيديو جاي انشاء الله بيييييييييس. ------------------------------------------------- Instagram : https://www.instagram.com/bilal_mouhouch -------------------------------------------------","bimo,bimogamer,bilal,morrocan,youtuber,gamer,zmagri,comedia maroc,2 3am,jouj 3am majit lmeghrib,2 عام ماجيت,black comedy maroc",23,Comedy,Lifestyle_(sociology),PT8M25S,505,2d,hd,false,en,ar,https://i.ytimg.com/vi/5vpdRnnWuIM/maxresdefault.jpg,1,,,,,652902,65541,,0,1775
285,UCJCVxCW1dzEvFnzqDUU498g,BIMO,audxWEQrfqw,2020-01-09T21:10:22Z,"2020-01-09 21:10:22","! قصتي فلحمام ، مشيت مع لواليدا فاش كانت عندي 10 سنين","سلام لخوت نتمنا لفيديو تكون عجباتكوم ، شكرا بزاف على دعم ديالكوم. نتشاوفو ففيديو جاي انشاء الله بيييييييييس. ------------------------------------------------- Instagram : https://www.instagram.com/bilal_mouhouch -------------------------------------------------","bimo,bimogamer,bilal,morrocan,youtuber,gamer",23,Comedy,Lifestyle_(sociology),PT6M22S,382,2d,hd,false,en,ar,https://i.ytimg.com/vi/audxWEQrfqw/maxresdefault.jpg,1,,,,,1027968,83990,,0,1111
286,UCJCVxCW1dzEvFnzqDUU498g,BIMO,OSJirXqmdpg,2020-01-06T20:12:51Z,"2020-01-06 20:12:51","! ضروري تكون جداتك دايرا بحال هاكا","سلام لخوت نتمنا لفيديو تكون عجباتكوم ، شكرا بزاف على دعم ديالكوم. نتشاوفو ففيديو جاي انشاء الله بيييييييييس. ------------------------------------------------- Instagram : https://www.instagram.com/bilal_mouhouch -------------------------------------------------","bimo,bimogamer,bilal,morrocan,youtuber,gamer",23,Comedy,,PT8M46S,526,2d,hd,false,en,ar,https://i.ytimg.com/vi/OSJirXqmdpg/maxresdefault.jpg,1,,,,,694775,61910,,0,1246
287,UCJCVxCW1dzEvFnzqDUU498g,BIMO,kbA17slK1XM,2019-12-21T15:04:34Z,"2019-12-21 15:04:34",OUSTAD.exe,"سلام لخوت نتمنا لفيديو تكون عجباتكوم ، شكرا بزاف على دعم ديالكوم. نتشاوفو ففيديو جاي انشاء الله بيييييييييس. ------------------------------------------------- Instagram : https://www.instagram.com/bilal_mouhouch -------------------------------------------------","bimo,bimogamer,bilal,morrocan,youtuber,gamer,teacher,استاد مغربي,معلم,school,madrasa,مدرسة,جامعة,university,jamiaa,fac",23,Comedy,,PT7M33S,453,2d,hd,false,en,ar,https://i.ytimg.com/vi/kbA17slK1XM/maxresdefault.jpg,1,,,,,815044,70706,,0,1050
288,UCJCVxCW1dzEvFnzqDUU498g,BIMO,VuE4aVTl6C0,2019-12-16T16:30:01Z,"2019-12-16 16:30:01","شفتو هادشي ؟","سلام لخوت نتمنا لفيديو تكون عجباتكوم ، شكرا بزاف على دعم ديالكوم. نتشاوفو ففيديو جاي انشاء الله بيييييييييس. ------------------------------------------------- Instagram : https://www.instagram.com/bilal_mouhouch -------------------------------------------------","bimo,bimogamer,bilal,morrocan,youtuber,gamer",23,Comedy,,PT7M5S,425,2d,hd,false,en,ar,https://i.ytimg.com/vi/VuE4aVTl6C0/maxresdefault.jpg,1,,,,,370439,42082,,0,397
289,UCJCVxCW1dzEvFnzqDUU498g,BIMO,TpW_oxT_y1s,2019-12-12T17:48:27Z,"2019-12-12 17:48:27","!! شوفو هاد الناس باش مزوجين","سلام لخوت نتمنا لفيديو تكون عجباتكوم ، شكرا بزاف على دعم ديالكوم. نتشاوفو ففيديو جاي انشاء الله بيييييييييس. ------------------------------------------------- Instagram : https://www.instagram.com/bilal_mouhouch -------------------------------------------------","bimo,bimogamer,bilal,morrocan,youtuber,gamer",23,Comedy,,PT6M1S,361,2d,hd,false,en,ar,https://i.ytimg.com/vi/TpW_oxT_y1s/maxresdefault.jpg,1,,,,,324871,38690,,0,445
290,UCJCVxCW1dzEvFnzqDUU498g,BIMO,O88AKIy1Ck8,2019-12-07T17:45:29Z,"2019-12-07 17:45:29","كفاش كنا كنطيحو تيتيز ف 2011 ؟؟","سلام لخوت نتمنا لفيديو تكون عجباتكوم ، شكرا بزاف على دعم ديالكوم. نتشاوفو ففيديو جاي انشاء الله بيييييييييس. ------------------------------------------------- Instagram : https://www.instagram.com/bilal_mouhouch -------------------------------------------------","bimo,bimogamer,bilal,morrocan,youtuber,gamer",23,Comedy,,PT6M54S,414,2d,hd,false,en,ar,https://i.ytimg.com/vi/O88AKIy1Ck8/maxresdefault.jpg,1,,,,,1130008,99291,,0,1570
291,UCJCVxCW1dzEvFnzqDUU498g,BIMO,r2U84Baq-KA,2019-11-30T22:34:33Z,"2019-11-30 22:34:33","أغنى طفل في المغرب","سلام لخوت نتمنا لفيديو تكون عجباتكوم ، شكرا بزاف على دعم ديالكوم. نتشاوفو ففيديو جاي انشاء الله بيييييييييس. ------------------------------------------------- Instagram : https://www.instagram.com/bilal_mouhouch -------------------------------------------------","bimo,bimogamer,bilal,morrocan,youtuber,gamer",23,Comedy,,PT10M1S,601,2d,hd,false,en,ar,https://i.ytimg.com/vi/r2U84Baq-KA/maxresdefault.jpg,1,,,,,548149,57054,,0,1081
292,UCJCVxCW1dzEvFnzqDUU498g,BIMO,SdlDwimoP5g,2019-11-23T11:42:00Z,"2019-11-23 11:42:00","الأب المثالي / THE PERFECT DAD","سلام لخوت نتمنا لفيديو تكون عجباتكوم ، شكرا بزاف على دعم ديالكوم. نتشاوفو ففيديو جاي انشاء الله بيييييييييس. ------------------------------------------------- Instagram : https://www.instagram.com/bilal_mouhouch -------------------------------------------------","bimo,bimogamer,bilal,morrocan,youtuber,gamer",23,Comedy,Society,PT4M18S,258,2d,hd,false,en,ar,https://i.ytimg.com/vi/SdlDwimoP5g/maxresdefault.jpg,1,,,,,371774,39234,,0,502
293,UCJCVxCW1dzEvFnzqDUU498g,BIMO,aqQFyPOS-pU,2019-11-06T21:39:18Z,"2019-11-06 21:39:18","L CAR.exe","سلام لخوت نتمنا لفيديو تكون عجباتكوم ، شكرا بزاف على دعم ديالكوم. نتشاوفو ففيديو جاي انشاء الله بيييييييييس. ------------------------------------------------- Instagram : https://www.instagram.com/bilal_mouhouch -------------------------------------------------","bimo,bimogamer,bilal,morrocan,youtuber,gamer",22,"People & Blogs",,PT5M52S,352,2d,hd,false,en,ar,https://i.ytimg.com/vi/aqQFyPOS-pU/maxresdefault.jpg,1,,,,,461251,54377,,0,872
294,UCJCVxCW1dzEvFnzqDUU498g,BIMO,AuW0tA7iT5w,2019-11-02T18:00:00Z,"2019-11-02 18:00:00",FOOD.exe,"سلام لخوت نتمنا لفيديو تكون عجباتكوم ، شكرا بزاف على دعم ديالكوم. نتشاوفو ففيديو جاي انشاء الله بيييييييييس. ------------------------------------------------- Instagram : https://www.instagram.com/bilal_mouhouch -------------------------------------------------","bimo,bimogamer,bilal,mouhouch,morrocan,youtuber,gamer,bimo food",22,"People & Blogs",,PT8M20S,500,2d,hd,false,en,ar,https://i.ytimg.com/vi/AuW0tA7iT5w/maxresdefault.jpg,,,,,,507716,47940,,0,1181
295,UCJCVxCW1dzEvFnzqDUU498g,BIMO,apkKfYDdJqw,2019-10-10T19:38:41Z,"2019-10-10 19:38:41","STREAM HIGHLIGHTS","سلام لخوت نتمنا لفيديو تكون عجباتكوم ، شكرا بزاف على دعم ديالكوم. نتشاوفو ففيديو جاي انشاء الله بيييييييييس. ------------------------------------------------- Instagram : https://www.instagram.com/bilal_mouhouch -------------------------------------------------","bimo,bimogamer,bilal,mouhouch,morrocan,youtuber,gamer,twitch,bimo twitch,bimo lol,bimo league of legends,lol maroc,league of legends maroc",20,Gaming,"Action-adventure_game,Action_game,Role-playing_video_game,Video_game_culture",PT4M44S,284,2d,hd,false,fr,ar,https://i.ytimg.com/vi/apkKfYDdJqw/maxresdefault.jpg,1,,,,,102167,7526,,0,219
296,UCJCVxCW1dzEvFnzqDUU498g,BIMO,h6H3-owVnM0,2019-09-28T22:14:38Z,"2019-09-28 22:14:38","MOROCCAN TYLER 1 / LEAGUE OF BIMO","سلام لخوت نتمنا لفيديو تكون عجباتكوم ، شكرا بزاف على دعم ديالكوم. نتشاوفو ففيديو جاي انشاء الله بيييييييييس. ------------------------------------------------- Instagram : https://www.instagram.com/bilal_mouhouch -------------------------------------------------","bimo,bimogamer,bilal,mouhouch,morrocan,youtuber,gamer,league of legends,draven otp,best draven maroc,league of legends maroc",20,Gaming,"Action-adventure_game,Action_game,Role-playing_video_game,Video_game_culture",PT7M5S,425,2d,hd,false,fr,ar,https://i.ytimg.com/vi/h6H3-owVnM0/maxresdefault.jpg,,,,,,209908,14764,,0,951
297,UCJCVxCW1dzEvFnzqDUU498g,BIMO,WnyEL8uvViA,2016-12-05T15:41:25Z,"2016-12-05 15:41:25","Diffusion en direct de BIMO",,,20,Gaming,,P0D,0,2d,sd,false,fr,ar,https://i.ytimg.com/vi/WnyEL8uvViA/maxresdefault_live.jpg,,,,,,0,0,,0,0
