position,channelId,channelTitle,videoId,publishedAt,publishedAtSQL,videoTitle,videoDescription,tags,videoCategoryId,videoCategoryLabel,topicCategories,duration,durationSec,dimension,definition,caption,defaultLanguage,defaultLAudioLanguage,thumbnail_maxres,licensedContent,hasPaidProductPlacement,locationDescription,latitude,longitude,viewCount,likeCount,dislikeCount,favoriteCount,commentCount
1,UCLcXeKotX5iu7nIjDUkRUyQ,SAFAA,8qeLctB9Rco,2026-04-18T20:15:57Z,"2026-04-18 20:15:57","نهاية صاادمة لممثل مشهور بسبب خيانته لزوجته 🇰🇷","HEY HBIZAT & HBIZIN 📸 MY INSTAGRAM : thisissafaa 📧 MY EMAIL: inspiresafaa@gmail.com ♥ I LOVE YOU ALL","safaa,sofy,SAFAA,kwili,senpai,lemo,khalafzone,Kharraz,stories",24,Entertainment,Lifestyle_(sociology),PT44M29S,2669,2d,hd,false,ar,ar,,1,,,,,988918,51276,,0,7273
2,UCLcXeKotX5iu7nIjDUkRUyQ,SAFAA,dDl6V9TWA5o,2026-04-09T19:00:29Z,"2026-04-09 19:00:29","علاقة مع ممثلة إبا حية تنتهي بجريـمه صاادمة ‼️","HEY HBIZAT & HBIZIN 📸 MY INSTAGRAM : thisissafaa 📧 MY EMAIL: inspiresafaa@gmail.com ♥ I LOVE YOU ALL","safaa,sofy,SAFAA,kwili,senpai,lemo,khalafzone,Kharraz,stories",24,Entertainment,,PT43M23S,2603,2d,hd,false,ar,ar,https://i.ytimg.com/vi/dDl6V9TWA5o/maxresdefault.jpg,1,,,,,1364300,81855,,0,11376
3,UCLcXeKotX5iu7nIjDUkRUyQ,SAFAA,yfsJFaNGjwE,2026-02-08T19:30:09Z,"2026-02-08 19:30:09","اختفاء مارك يكشف سِر اخطر طائفة في العالم 🪦💀","HEY HBIZAT & HBIZIN 📸 MY INSTAGRAM : thisissafaa 📧 MY EMAIL: inspiresafaa@gmail.com ♥ I LOVE YOU ALL","safaa,sofy,SAFAA,kwili,senpai,lemo,khalafzone,Kharraz,stories",24,Entertainment,Society,PT1H48M48S,2928,2d,hd,false,ar,ar,,1,,,,,2175168,81989,,0,7871
4,UCLcXeKotX5iu7nIjDUkRUyQ,SAFAA,Ty86vscBr74,2026-01-20T19:17:24Z,"2026-01-20 19:17:24","جثـة في سَيارة مغنّي مشهور مع ڤيديوات و صُوَر صاادمة 💀","HEY HBIZAT & HBIZIN 📸 MY INSTAGRAM : thisissafaa 📧 MY EMAIL: inspiresafaa@gmail.com ♥ I LOVE YOU ALL","safaa,sofy,SAFAA,kwili,senpai,lemo,khalafzone,Kharraz,stories",24,Entertainment,,PT1H2M54S,174,2d,hd,false,ar,ar,,1,,,,,1785969,63429,,0,6061
5,UCLcXeKotX5iu7nIjDUkRUyQ,SAFAA,3CdO8ZraQA4,2025-12-31T20:00:02Z,"2025-12-31 20:00:02","شنو وقع فالعشاء الاخير ديال أشهر ممثل صيني؟ 🇨🇳","HEY HBIZAT & HBIZIN 📸 MY INSTAGRAM : thisissafaa 📧 MY EMAIL: inspiresafaa@gmail.com ♥ I LOVE YOU ALL","safaa,sofy,SAFAA,kwili,senpai,lemo,khalafzone,Kharraz,stories",24,Entertainment,Entertainment,PT1H13M27S,807,2d,hd,false,ar,ar,,1,,,,,2094371,88303,,0,6857
6,UCLcXeKotX5iu7nIjDUkRUyQ,SAFAA,MgnBz6RR_WM,2025-12-21T21:11:09Z,"2025-12-21 21:11:09","رسالة مجهولة تحل لغز مقتل ماري بسُمّ نادر ✉️💊","Sahar Makar ⬇️ WhatsApp: https://wa.me/message/XWXTJS7ZE5LOP1 Instagram: https://www.instagram.com/sahar_nutritionniste?igsh=MXB4dzcwM3VtNG1yNA%3D%3D&utm_source=qr Youtube: https://youtube.com/@Sahardiet?si=9sUtKw0tiuIM1ie-","safaa,sofy,SAFAA,kwili,senpai,lemo,khalafzone,Kharraz,stories",24,Entertainment,Society,PT33M4S,1984,2d,hd,false,ar,ar,,1,,,,,1331672,53446,,0,5111
7,UCLcXeKotX5iu7nIjDUkRUyQ,SAFAA,X5OYMgtxHy8,2025-12-17T20:44:29Z,"2025-12-17 20:44:29","شنو وقع للمؤثرة الجميلة كتالينا؟ + قضية عائشة الغامضة 🇲🇦🇦🇷","HEY HBIZAT & HBIZIN 📸 MY INSTAGRAM : thisissafaa 📧 MY EMAIL: inspiresafaa@gmail.com ♥ I LOVE YOU ALL","safaa,sofy,SAFAA,kwili,senpai,lemo,khalafzone,Kharraz,stories",24,Entertainment,,PT37M36S,2256,2d,hd,false,ar,ar,,1,,,,,1625574,63807,,0,6731
8,UCLcXeKotX5iu7nIjDUkRUyQ,SAFAA,fkeTAhc4Cwo,2025-12-07T21:17:39Z,"2025-12-07 21:17:39","اتصال 911 صاادم يحل لغز مقتل بيتسي بعد سنوات 🔪☎️","HEY HBIZAT & HBIZIN 📸 MY INSTAGRAM : thisissafaa 📧 MY EMAIL: inspiresafaa@gmail.com ♥ I LOVE YOU ALL","safaa,sofy,SAFAA,kwili,senpai,lemo,khalafzone,Kharraz,stories",24,Entertainment,,PT46M27S,2787,2d,hd,false,ar,ar,,1,,,,,1444601,61572,,0,4574
9,UCLcXeKotX5iu7nIjDUkRUyQ,SAFAA,uW7X8On5Kiw,2025-11-28T20:32:54Z,"2025-11-28 20:32:54","اختفاء مايكل بعد موعد غرامي في المقبرة و النهاية صادمة 🪦","HEY HBIZAT & HBIZIN 📸 MY INSTAGRAM : thisissafaa 📧 MY EMAIL: inspiresafaa@gmail.com ♥ I LOVE YOU ALL","safaa,sofy,SAFAA,kwili,senpai,lemo,khalafzone,Kharraz,stories",24,Entertainment,Entertainment,PT47M33S,2853,2d,hd,false,ar,ar,,1,,,,,1559244,63717,,0,4122
10,UCLcXeKotX5iu7nIjDUkRUyQ,SAFAA,CPglyxrQrnA,2025-11-12T19:30:04Z,"2025-11-12 19:30:04","مشهورة برازيلية تزوجات بولدها و تبناو 55 طفل لسبب خطيير و صاادم 🇧🇷","HEY HBIZAT & HBIZIN 📸 MY INSTAGRAM : thisissafaa 📧 MY EMAIL: inspiresafaa@gmail.com ♥ I LOVE YOU ALL","safaa,sofy,SAFAA,kwili,senpai,lemo,khalafzone,Kharraz,stories",24,Entertainment,Lifestyle_(sociology),PT43M1S,2581,2d,hd,false,ar,ar,,1,,,,,1535829,67239,,0,8319
11,UCLcXeKotX5iu7nIjDUkRUyQ,SAFAA,l3k9MCYwjcQ,2025-11-08T19:00:43Z,"2025-11-08 19:00:43","شيماء لقاوها مْعـلقة فالسطح و تيليفونها كشف سِر صاادم 🇲🇦🔞","HEY HBIZAT & HBIZIN 📸 MY INSTAGRAM : thisissafaa 📧 MY EMAIL: inspiresafaa@gmail.com ♥ I LOVE YOU ALL","safaa,sofy,SAFAA,kwili,senpai,lemo,khalafzone,Kharraz,stories",24,Entertainment,,PT22M1S,1321,2d,hd,false,ar,ar,,1,,,,,2042685,83345,,0,5045
12,UCLcXeKotX5iu7nIjDUkRUyQ,SAFAA,MiAZ2bGmXFQ,2025-10-30T21:00:03Z,"2025-10-30 21:00:03","جدّة حنونة أم أخطر قااتلة متسلسلة؟ ⚰️👵🏻","HEY HBIZAT & HBIZIN 📸 MY INSTAGRAM : thisissafaa 📧 MY EMAIL: inspiresafaa@gmail.com ♥ I LOVE YOU ALL","safaa,sofy,SAFAA,kwili,senpai,lemo,khalafzone,Kharraz,stories",24,Entertainment,,PT1H18M39S,1119,2d,hd,false,ar,ar,,1,,,,,2146614,120365,,0,10771
13,UCLcXeKotX5iu7nIjDUkRUyQ,SAFAA,Pe2Ombe4u0M,2025-10-22T19:30:04Z,"2025-10-22 19:30:04","دُمَى بشـرية مُخيفة في بيت أستاد جامعي و السبب صاادم ⚰️🧸","HEY HBIZAT & HBIZIN 📸 MY INSTAGRAM : thisissafaa 📧 MY EMAIL: inspiresafaa@gmail.com ♥ I LOVE YOU ALL","safaa,sofy,SAFAA,kwili,senpai,lemo,khalafzone,Kharraz,stories",24,Entertainment,,PT35M5S,2105,2d,hd,false,ar,ar,,1,,,,,1523067,110517,,0,8011
14,UCLcXeKotX5iu7nIjDUkRUyQ,SAFAA,RcuWCSHI2pY,2025-10-17T20:46:18Z,"2025-10-17 20:46:18","قصة حب بين أشهر ممثل صيني و فان ديالو سالات بكاارثة 🇨🇳‼️","HEY HBIZAT & HBIZIN 📸 MY INSTAGRAM : thisissafaa 📧 MY EMAIL: inspiresafaa@gmail.com ♥ I LOVE YOU ALL","safaa,sofy,SAFAA,kwili,senpai,lemo,khalafzone,Kharraz,stories",24,Entertainment,Entertainment,PT25M35S,1535,2d,hd,false,ar,ar,,1,,,,,1314963,63217,,0,7348
15,UCLcXeKotX5iu7nIjDUkRUyQ,SAFAA,jpHAaTMeKZA,2025-09-22T20:58:56Z,"2025-09-22 20:58:56","ريان غرق في البحيرة و بان فتيكتوك من بعد شهرين.. نهاية صاادمة 🎥‼️","HEY HBIZAT & HBIZIN 📸 MY INSTAGRAM : thisissafaa 📧 MY EMAIL: inspiresafaa@gmail.com ♥ I LOVE YOU ALL","safaa,sofy,SAFAA,kwili,senpai,lemo,khalafzone,Kharraz,stories",24,Entertainment,,PT24M4S,1444,2d,hd,false,ar,ar,,1,,,,,1234968,53727,,0,4508
16,UCLcXeKotX5iu7nIjDUkRUyQ,SAFAA,S_MyNT2ei18,2025-09-14T22:06:49Z,"2025-09-14 22:06:49","دفتر غريب و صادم يحل لغز اخطر قضية هندية 🇮🇳🤯","HEY HBIZAT & HBIZIN 📸 MY INSTAGRAM : thisissafaa 📧 MY EMAIL: inspiresafaa@gmail.com ♥ I LOVE YOU ALL","safaa,sofy,SAFAA,kwili,senpai,lemo,khalafzone,Kharraz,stories",24,Entertainment,Society,PT24M6S,1446,2d,hd,false,ar,ar,,1,,,,,904022,67115,,0,11560
17,UCLcXeKotX5iu7nIjDUkRUyQ,SAFAA,U1XN58UFoC4,2025-09-06T21:17:15Z,"2025-09-06 21:17:15","أشهر يوتيوبر فكوريا صدمات المتابعين بسِر خطيير على المباشر (+ قضية مغربية صاادمة) 🇰🇷🎥","HEY HBIZAT & HBIZIN 📸 MY INSTAGRAM : thisissafaa 📧 MY EMAIL: inspiresafaa@gmail.com ♥ I LOVE YOU ALL","safaa,sofy,SAFAA,kwili,senpai,lemo,khalafzone,Kharraz,stories",24,Entertainment,Lifestyle_(sociology),PT35M28S,2128,2d,hd,false,ar,ar,,1,,,,,1972956,82496,,0,5798
18,UCLcXeKotX5iu7nIjDUkRUyQ,SAFAA,_uJlcWXNTCs,2025-09-01T20:11:51Z,"2025-09-01 20:11:51","شيري ماتت مباشرة بعد زواجها ولكن اللغز تحل من مور 20 عام 👰🏻‍♀️🩸","HEY HBIZAT & HBIZIN 📸 MY INSTAGRAM : thisissafaa 📧 MY EMAIL: inspiresafaa@gmail.com ♥ I LOVE YOU ALL","safaa,sofy,SAFAA,kwili,senpai,lemo,khalafzone,Kharraz,stories",24,Entertainment,Entertainment,PT35M27S,2127,2d,hd,false,ar,ar,,1,,,,,1560299,56923,,0,4513
19,UCLcXeKotX5iu7nIjDUkRUyQ,SAFAA,BezwCqJbOS0,2025-08-17T20:00:13Z,"2025-08-17 20:00:13","خطيير!! كامرة المراقبة تكشف لغر مقتل سامي قدام ماكدو بموطور ماشي ديالو 🏍️📹","HEY HBIZAT & HBIZIN 📸 MY INSTAGRAM : thisissafaa 📧 MY EMAIL: inspiresafaa@gmail.com ♥ I LOVE YOU ALL","safaa,sofy,SAFAA,kwili,senpai,lemo,khalafzone,Kharraz,stories",24,Entertainment,,PT22M6S,1326,2d,hd,false,ar,ar,,1,,,,,1887773,135671,,0,8017
20,UCLcXeKotX5iu7nIjDUkRUyQ,SAFAA,YFrSwJ7COI4,2025-08-02T20:04:16Z,"2025-08-02 20:04:16","برنامج مشهور ينتهي بجُثة في الحمّام… والسبب صادم جداً 🛀🏼🩸","HEY HBIZAT & HBIZIN 📸 MY INSTAGRAM : thisissafaa 📧 MY EMAIL: inspiresafaa@gmail.com ♥ I LOVE YOU ALL","safaa,sofy,SAFAA,kwili,senpai,lemo,khalafzone,Kharraz,stories",24,Entertainment,,PT23M33S,1413,2d,hd,false,ar,ar,,1,,,,,1224913,46951,,0,5420
21,UCLcXeKotX5iu7nIjDUkRUyQ,SAFAA,uO1zNUjQ7UA,2025-07-26T20:00:23Z,"2025-07-26 20:00:23","اختفاء تايلي و جوش بعد زواج أمهم الخامس.. مع فيديوهات، اتصالات و دلائل خطييرة ⚰️☎️","HEY HBIZAT & HBIZIN 📸 MY INSTAGRAM : thisissafaa 📧 MY EMAIL: inspiresafaa@gmail.com ♥ I LOVE YOU ALL","safaa,sofy,SAFAA,kwili,senpai,lemo,khalafzone,Kharraz,stories",24,Entertainment,,PT49M1S,2941,2d,hd,false,ar,ar,,1,,,,,1453738,51269,,0,2481
22,UCLcXeKotX5iu7nIjDUkRUyQ,SAFAA,Wxn-xmrvO_k,2025-07-13T21:10:56Z,"2025-07-13 21:10:56","مقتل شوگر دادي بعد موعد غرامي مع عارضة ازياء و كاميرا المراقبة تحل اللغز💉🔞","HEY HBIZAT & HBIZIN 📸 MY INSTAGRAM : thisissafaa 📧 MY EMAIL: inspiresafaa@gmail.com ♥ I LOVE YOU ALL","safaa,sofy,SAFAA,kwili,senpai,lemo,khalafzone,Kharraz,stories",24,Entertainment,,PT31M26S,1886,2d,hd,false,ar,ar,,1,,,,,1380968,49587,,0,3129
23,UCLcXeKotX5iu7nIjDUkRUyQ,SAFAA,0yyMtYD4LAQ,2025-07-02T20:00:01Z,"2025-07-02 20:00:01","نبتة تحل لغز اختفاء مونگشي الغامض عام بعد زواجها 🌱👰🏻‍♀️","HEY HBIZAT & HBIZIN 📸 MY INSTAGRAM : thisissafaa 📧 MY EMAIL: inspiresafaa@gmail.com ♥ I LOVE YOU ALL","safaa,sofy,SAFAA,kwili,senpai,lemo,khalafzone,Kharraz,stories",24,Entertainment,,PT31M34S,1894,2d,hd,false,ar,ar,,1,,,,,1576602,55792,,0,5972
24,UCLcXeKotX5iu7nIjDUkRUyQ,SAFAA,qQHJVpgGEGQ,2025-06-18T22:06:35Z,"2025-06-18 22:06:35","‎ وارينا طاحت من الطابق 14 بعد موعد من تيندر مع تسجيلات صاادمة 📱🚨","HEY HBIZAT & HBIZIN 📸 MY INSTAGRAM : thisissafaa 📧 MY EMAIL: inspiresafaa@gmail.com ♥ I LOVE YOU ALL","safaa,sofy,SAFAA,kwili,senpai,lemo,khalafzone,Kharraz,stories",24,Entertainment,,PT59M2S,3542,2d,hd,false,ar,ar,,1,,,,,1703504,61725,,0,4702
25,UCLcXeKotX5iu7nIjDUkRUyQ,SAFAA,ppWXZhNv3bg,2025-05-31T18:31:08Z,"2025-05-31 18:31:08","عملية تكبير الصدر تحل مقتل عارضة الأزياء جاسمين.. نهاية صادمة 💉🧳","HEY HBIZAT & HBIZIN 📸 MY INSTAGRAM : thisissafaa 📧 MY EMAIL: inspiresafaa@gmail.com ♥ I LOVE YOU ALL","safaa,sofy,SAFAA,kwili,senpai,lemo,khalafzone,Kharraz,stories",24,Entertainment,,PT33M9S,1989,2d,hd,false,ar,ar,,1,,,,,1595810,61593,,0,6580
26,UCLcXeKotX5iu7nIjDUkRUyQ,SAFAA,Fci2vaOfvAg,2025-05-25T19:39:25Z,"2025-05-25 19:39:25","اتصال 911 و تسجيلات كامرة المراقبة يحلون مقتل كيڤين مباشرة بعد خطوبته ☎️💍","HEY HBIZAT & HBIZIN 📸 MY INSTAGRAM : thisissafaa 📧 MY EMAIL: inspiresafaa@gmail.com ♥ I LOVE YOU ALL","safaa,sofy,SAFAA,kwili,senpai,lemo,khalafzone,Kharraz,stories",24,Entertainment,,PT25M4S,1504,2d,hd,false,ar,ar,,1,,,,,1313259,49766,,0,3277
27,UCLcXeKotX5iu7nIjDUkRUyQ,SAFAA,XWM8cHJRXdU,2025-05-14T20:30:06Z,"2025-05-14 20:30:06","التيكتوكر بريانا خرجات و ما رجعاتش لسبب جد غريب و صاادم ‼️🤯","HEY HBIZAT & HBIZIN 📸 MY INSTAGRAM : thisissafaa 📧 MY EMAIL: inspiresafaa@gmail.com ♥ I LOVE YOU ALL","safaa,sofy,SAFAA,kwili,senpai,lemo,khalafzone,Kharraz,stories",24,Entertainment,,PT39M35S,2375,2d,hd,false,ar,ar,https://i.ytimg.com/vi/XWM8cHJRXdU/maxresdefault.jpg,1,,,,,1592745,60959,,0,7192
28,UCLcXeKotX5iu7nIjDUkRUyQ,SAFAA,QNMvT25SPaA,2025-04-18T19:40:22Z,"2025-04-18 19:40:22","رسائل غريبة من هاتف كاري بعد اختفائها من منزل حبيبها.. نهاية صاادمة 📱‼️","HEY HBIZAT & HBIZIN 📸 MY INSTAGRAM : thisissafaa 📧 MY EMAIL: inspiresafaa@gmail.com ♥ I LOVE YOU ALL","safaa,sofy,SAFAA,kwili,senpai,lemo,khalafzone,Kharraz,stories",24,Entertainment,,PT46M59S,2819,2d,hd,false,ar,ar,,1,,,,,1738875,66708,,0,3623
29,UCLcXeKotX5iu7nIjDUkRUyQ,SAFAA,mpb1Le4IICA,2025-04-10T18:32:56Z,"2025-04-10 18:32:56","باليزة غريبة حلات لغز اختفاء جوج كوريات فلندن 🇰🇷🧳","HEY HBIZAT & HBIZIN 📸 MY INSTAGRAM : thisissafaa 📧 MY EMAIL: inspiresafaa@gmail.com ♥ I LOVE YOU ALL","safaa,sofy,SAFAA,kwili,senpai,lemo,khalafzone,Kharraz,stories",24,Entertainment,Lifestyle_(sociology),PT22M21S,1341,2d,hd,false,ar,ar,,1,,,,,1498135,65598,,0,8982
30,UCLcXeKotX5iu7nIjDUkRUyQ,SAFAA,xVCDJN6OSEw,2025-03-20T21:23:37Z,"2025-03-20 21:23:37","خيانة زوجية انتهت بكاارثة و القضية تحلات منين مات المـجرم 💔🔥",". HEY HBIZAT & HBIZIN 📸 MY INSTAGRAM : thisissafaa https://www.instagram.com/thisissafaa/ 📧 MY EMAIL inspiresafaa@gmail.com ♥ I LOVE YOU ALL SAFAA","safaa,sofy,SAFAA,kwili,senpai,lemo,khalafzone,Kharraz,stories",24,Entertainment,,PT30M16S,1816,2d,hd,false,ar,ar,,1,,,,,1362119,61398,,0,7653
31,UCLcXeKotX5iu7nIjDUkRUyQ,SAFAA,5iK37zF6pow,2025-03-15T22:19:52Z,"2025-03-15 22:19:52","مقتل المؤثرة الجزائرية خديجة بسبب إشهار على إنستغرام.. نهاية صاادمة 🎥🇩🇿",". HEY HBIZAT & HBIZIN 📸 MY INSTAGRAM : thisissafaa https://www.instagram.com/thisissafaa/ 📧 MY EMAIL inspiresafaa@gmail.com ♥ I LOVE YOU ALL SAFAA","safaa,sofy,SAFAA,kwili,senpai,lemo,khalafzone,Kharraz,stories",24,Entertainment,,PT37M24S,2244,2d,hd,false,ar,ar,,1,,,,,2201926,72909,,0,4345
32,UCLcXeKotX5iu7nIjDUkRUyQ,SAFAA,EBtLaB3dRdA,2025-03-10T21:30:04Z,"2025-03-10 21:30:04","اختفاء كايلي و اندريا الصاادم مع فيديوات و اتصالات ٩١١ ☎️🩸",". HEY HBIZAT & HBIZIN 📸 MY INSTAGRAM : thisissafaa https://www.instagram.com/thisissafaa/ 📧 MY EMAIL inspiresafaa@gmail.com ♥ I LOVE YOU ALL SAFAA","safaa,sofy,SAFAA,kwili,lemo,khalafzone,stories,story",24,Entertainment,,PT53M,3180,2d,hd,false,ar,ar,,1,,,,,1936576,62641,,0,3215
33,UCLcXeKotX5iu7nIjDUkRUyQ,SAFAA,zUqOmVXhueA,2025-02-23T21:51:30Z,"2025-02-23 21:51:30","واش ريني انتاحرات على قبل حبيبها أو تقتلات؟ نهاية صاادمة 📱🌊",". HEY HBIZAT & HBIZIN 📸 MY INSTAGRAM : thisissafaa https://www.instagram.com/thisissafaa/ 📧 MY EMAIL inspiresafaa@gmail.com ♥ I LOVE YOU ALL SAFAA","safaa,sofy,SAFAA,kwili,senpai,lemo,khalafzone,Kharraz,stories",24,Entertainment,,PT27M32S,1652,2d,hd,false,ar,ar,,1,,,,,1508310,66054,,0,5149
34,UCLcXeKotX5iu7nIjDUkRUyQ,SAFAA,wQiUa4OcxMU,2025-01-25T18:30:47Z,"2025-01-25 18:30:47","بطاقة بنكية تحُلّ لغز اختفاء المُمرّضة ميندي الغريب بألاسكا 🎥💳",". HEY HBIZAT & HBIZIN 📸 MY INSTAGRAM : thisissafaa https://www.instagram.com/thisissafaa/ 📧 MY EMAIL inspiresafaa@gmail.com ♥ I LOVE YOU ALL SAFAA","safaa,sofy,SAFAA,kwili,senpai,lemo,khalafzone,Kharraz,stories",24,Entertainment,,PT31M30S,1890,2d,hd,false,ar,ar,,1,,,,,1759338,69843,,0,3370
35,UCLcXeKotX5iu7nIjDUkRUyQ,SAFAA,nZlKeghxiyk,2025-01-11T18:00:35Z,"2025-01-11 18:00:35","كامرة المراقبة تَحُل مقتل مورايا دقيقة بعد موعدها مع حبيبها السابق 🎥✈️",". HEY HBIZAT & HBIZIN 📸 MY INSTAGRAM : thisissafaa https://www.instagram.com/thisissafaa/ 📧 MY EMAIL inspiresafaa@gmail.com ♥ I LOVE YOU ALL SAFAA","safaa,sofy,SAFAA,kwili,senpai,lemo,khalafzone,Kharraz,stories",24,Entertainment,,PT32M20S,1940,2d,hd,false,ar,ar,,1,,,,,1659963,65174,,0,4356
36,UCLcXeKotX5iu7nIjDUkRUyQ,SAFAA,csGRfrPRio4,2024-12-19T18:46:51Z,"2024-12-19 18:46:51","من لاعب كرة مشهور إلى قاتل مُتسَلسِل و النهاية صاادمة جداً 🏈🎥",". HEY HBIZAT & HBIZIN 📸 MY INSTAGRAM : thisissafaa https://www.instagram.com/thisissafaa/ 📧 MY EMAIL inspiresafaa@gmail.com ♥ I LOVE YOU ALL SAFAA","safaa,sofy,SAFAA,kwili,senpai,lemo,khalafzone,Kharraz,stories",24,Entertainment,"American_football,Lifestyle_(sociology)",PT52M39S,3159,2d,hd,false,ar,ar,,1,,,,,2028761,76891,,0,5633
37,UCLcXeKotX5iu7nIjDUkRUyQ,SAFAA,JPgI_VlmimA,2024-11-17T19:21:46Z,"2024-11-17 19:21:46","شنو علاقة طلاق حنان بالمقتل الصاادم ديال خوها؟ ( مع العائلة)🔪🇲🇦","HBIZAT & HBIZIN ♥","safaa,sofy,SAFAA,kwili,senpai,lemo,khalafzone,Kharraz,stories",24,Entertainment,,PT17M4S,1024,2d,hd,false,ar,ar,,1,,,,,1275492,61488,,0,6439
38,UCLcXeKotX5iu7nIjDUkRUyQ,SAFAA,6ZNIxFNH6aE,2024-11-15T22:26:16Z,"2024-11-15 22:26:16","شيئ غريب يحل مقتل روبين في مطعم KFC يوم هالوين 🔪🩸","HBIZAT & HBIZIN ♥","safaa,sofy,SAFAA,kwili,senpai,lemo,khalafzone,Kharraz,stories",24,Entertainment,,PT55M21S,3321,2d,hd,false,ar,ar,https://i.ytimg.com/vi/6ZNIxFNH6aE/maxresdefault.jpg,1,,,,,2204836,85899,,0,5227
39,UCLcXeKotX5iu7nIjDUkRUyQ,SAFAA,TpimmThVeGo,2024-11-04T20:20:52Z,"2024-11-04 20:20:52","خطيير! خديجة ولدات و خشات بنتها فباليزا لسبب صاادم (مع تصريحها من داخل السجن) 🇲🇦🩸",". HEY HBIZAT & HBIZIN 📸 MY INSTAGRAM : thisissafaa https://www.instagram.com/thisissafaa/ 📧 MY EMAIL inspiresafaa@gmail.com ♥ I LOVE YOU ALL SAFAA","safaa,sofy,SAFAA,kwili,senpai,lemo,khalafzone,Kharraz,stories",24,Entertainment,,PT19M1S,1141,2d,hd,false,ar,ar,https://i.ytimg.com/vi/TpimmThVeGo/maxresdefault.jpg,1,,,,,1999942,67687,,0,5424
40,UCLcXeKotX5iu7nIjDUkRUyQ,SAFAA,-4Q8Tar4vk4,2024-10-23T19:00:00Z,"2024-10-23 19:00:00","جُوج اتصالات 911 فنفس الصباح و السبب جد مُخِيف 🩸☎️",". HEY HBIZAT & HBIZIN 📸 MY INSTAGRAM : thisissafaa https://www.instagram.com/thisissafaa/ 📧 MY EMAIL inspiresafaa@gmail.com ♥ I LOVE YOU ALL SAFAA","safaa,sofy,SAFAA,kwili,senpai,lemo,khalafzone,Kharraz,stories",24,Entertainment,Health,PT44M5S,2645,2d,hd,false,ar,ar,,1,,,,,1919653,68387,,0,3308
41,UCLcXeKotX5iu7nIjDUkRUyQ,SAFAA,bCubAixZFQA,2024-09-19T20:44:47Z,"2024-09-19 20:44:47","حقيقة مقتل جيهان على يد زوجة عمها و خروجها بعفو ملكي (مع عائلة جيهان) 🇲🇦‼️",". HEY HBIZAT & HBIZIN 📸 MY INSTAGRAM : thisissafaa https://www.instagram.com/thisissafaa/ 📧 MY EMAIL inspiresafaa@gmail.com ♥ I LOVE YOU ALL SAFAA","safaa,sofy,SAFAA,kwili,senpai,lemo,khalafzone,Kharraz,stories",24,Entertainment,,PT17M1S,1021,2d,hd,false,ar,ar,https://i.ytimg.com/vi/bCubAixZFQA/maxresdefault.jpg,1,,,,,2372658,182778,,0,13192
42,UCLcXeKotX5iu7nIjDUkRUyQ,SAFAA,rE116qyZqX0,2024-09-15T21:30:03Z,"2024-09-15 21:30:03","برنامج تلفزي مشهور يفـضح أخطر مجرمة فكوريا.. قضية جد صاادمة 📺🇰🇷",". HEY HBIZAT & HBIZIN 📸 MY INSTAGRAM : thisissafaa https://www.instagram.com/thisissafaa/ 📧 MY EMAIL inspiresafaa@gmail.com ♥ I LOVE YOU ALL SAFAA","safaa,sofy,SAFAA,kwili,senpai,lemo,khalafzone,Kharraz,stories",24,Entertainment,Television_program,PT37M10S,2230,2d,hd,false,ar,ar,,1,,,,,2092544,77466,,0,5541
43,UCLcXeKotX5iu7nIjDUkRUyQ,SAFAA,SscVb2MV_wQ,2024-08-31T21:10:57Z,"2024-08-31 21:10:57","حُب ممنوع ينتهي بكاارثة.. و المُجـرم غير متوقَّع 💔🇮🇳",". HEY HBIZAT & HBIZIN 📸 MY INSTAGRAM : thisissafaa https://www.instagram.com/thisissafaa/ 📧 MY EMAIL inspiresafaa@gmail.com ♥ I LOVE YOU ALL SAFAA","safaa,sofy,SAFAA,kwili,senpai,lemo,khalafzone,Kharraz,stories",24,Entertainment,,PT20M14S,1214,2d,hd,false,ar,ar,,1,,,,,1370500,61930,,0,7667
44,UCLcXeKotX5iu7nIjDUkRUyQ,SAFAA,dASZsfC10Lo,2024-08-28T19:00:18Z,"2024-08-28 19:00:18","شنو علاقة الجزائري آدم باختفاء نادية؟ الجواب فكاميرات المراقبة 🇩🇿🎥",". HEY HBIZAT & HBIZIN 📸 MY INSTAGRAM : thisissafaa https://www.instagram.com/thisissafaa/ 📧 MY EMAIL inspiresafaa@gmail.com ♥ I LOVE YOU ALL SAFAA","safaa,sofy,SAFAA,kwili,senpai,lemo,khalafzone,Kharraz,stories",24,Entertainment,,PT27M17S,1637,2d,hd,false,ar,ar,https://i.ytimg.com/vi/dASZsfC10Lo/maxresdefault.jpg,1,,,,,1622228,80298,,0,8950
45,UCLcXeKotX5iu7nIjDUkRUyQ,SAFAA,RfpAgH20IWM,2024-08-18T21:51:05Z,"2024-08-18 21:51:05","صورة على سناب شات تحُل اختفاء زوجين بطريقة غريبة.. النهاية صاااادمة 🎥⚠️",". HEY HBIZAT & HBIZIN 📸 MY INSTAGRAM : thisissafaa https://www.instagram.com/thisissafaa/ 📧 MY EMAIL inspiresafaa@gmail.com ♥ I LOVE YOU ALL SAFAA","safaa,sofy,SAFAA,kwili,senpai,lemo,khalafzone,Kharraz,stories",24,Entertainment,,PT32M6S,1926,2d,hd,false,ar,ar,,1,,,,,1756655,93524,,0,7198
46,UCLcXeKotX5iu7nIjDUkRUyQ,SAFAA,Q-0_GT6eDwU,2024-08-13T17:58:38Z,"2024-08-13 17:58:38","مِن تكتوكر مشهورة إلى أخطر مجرمه لسبب صاااادم و كاميرات المراقبة تحل القضية 🤯🎥",". HEY HBIZAT & HBIZIN 📸 MY INSTAGRAM : thisissafaa https://www.instagram.com/thisissafaa/ 📧 MY EMAIL inspiresafaa@gmail.com ♥ I LOVE YOU ALL SAFAA","safaa,sofy,SAFAA,kwili,senpai,lemo,khalafzone,Kharraz,stories",24,Entertainment,,PT44M52S,2692,2d,hd,false,ar,ar,,1,,,,,2457477,95420,,0,6608
47,UCLcXeKotX5iu7nIjDUkRUyQ,SAFAA,8aLuzHb0Hv4,2024-08-02T22:04:52Z,"2024-08-02 22:04:52","هل اختفاء كريستال يوم الإعصار صدفة أم جريـمه مدروسة؟ مع تسجيلات خطييره 🎥🌪️",". HEY HBIZAT & HBIZIN 📸 MY INSTAGRAM : thisissafaa https://www.instagram.com/thisissafaa/ 📧 MY EMAIL inspiresafaa@gmail.com ♥ I LOVE YOU ALL SAFAA","safaa,sofy,SAFAA,kwili,senpai,lemo,khalafzone,Kharraz,stories",24,Entertainment,,PT22M1S,1321,2d,hd,false,ar,ar,,1,,,,,1329901,59032,,0,6920
48,UCLcXeKotX5iu7nIjDUkRUyQ,SAFAA,vbdCs3k69_4,2024-07-12T19:28:46Z,"2024-07-12 19:28:46","ياسر خرج مع الجوج و رجع مع الستة فحالة صااادمة و السبب غريب 🩸🇲🇦",". HEY HBIZAT & HBIZIN 📸 MY INSTAGRAM : thisissafaa https://www.instagram.com/thisissafaa/ 📧 MY EMAIL inspiresafaa@gmail.com ♥ I LOVE YOU ALL SAFAA","safaa,sofy,SAFAA,kwili,senpai,lemo,khalafzone,Kharraz,stories",24,Entertainment,Lifestyle_(sociology),PT28M2S,1682,2d,hd,false,ar,ar,https://i.ytimg.com/vi/vbdCs3k69_4/maxresdefault.jpg,1,,,,,1914869,87710,,0,6604
49,UCLcXeKotX5iu7nIjDUkRUyQ,SAFAA,Y8OdtdnvcCw,2024-05-23T19:00:25Z,"2024-05-23 19:00:25","مشاهير الكيبوب يتورّطون في أخطر جريـمه في كوريا و هاتف يَحُل القضيه 🇰🇷🔞",". HEY HBIZAT & HBIZIN 📸 MY INSTAGRAM : thisissafaa https://www.instagram.com/thisissafaa/ 📧 MY EMAIL inspiresafaa@gmail.com ♥ I LOVE YOU ALL SAFAA","safaa,sofy,SAFAA,kwili,senpai,lemo,khalafzone,Kharraz,stories",24,Entertainment,Entertainment,PT43M12S,2592,2d,hd,false,ar,ar,https://i.ytimg.com/vi/Y8OdtdnvcCw/maxresdefault.jpg,1,,,,,2353785,85609,,0,11569
50,UCLcXeKotX5iu7nIjDUkRUyQ,SAFAA,-LLZSrAJrKQ,2024-04-17T18:57:25Z,"2024-04-17 18:57:25","سقوط روندا من الجبل.. جريـ مه أم حادث؟ (مع مغربية كانت تعمل مع حبيبها) 🇲🇦⛰️",". HEY HBIZAT & HBIZIN 📸 MY INSTAGRAM : thisissafaa https://www.instagram.com/thisissafaa/ 📧 MY EMAIL inspiresafaa@gmail.com ♥ I LOVE YOU ALL SAFAA","safaa,sofy,SAFAA,kwili,senpai,lemo,khalafzone,Kharraz,stories",24,Entertainment,Lifestyle_(sociology),PT38M42S,2322,2d,hd,false,ar,ar,https://i.ytimg.com/vi/-LLZSrAJrKQ/maxresdefault.jpg,1,,,,,2063388,68765,,0,4531
51,UCLcXeKotX5iu7nIjDUkRUyQ,SAFAA,V2gZDHwzwqk,2024-03-01T19:46:28Z,"2024-03-01 19:46:28","كاميرا المراقبة تكشف أبشع جريـمه في كوريا الجنوبية.. نهاية جِد غريبة 📹🇰🇷",". HEY HBIZAT & HBIZIN 📸 MY INSTAGRAM : thisissafaa https://www.instagram.com/thisissafaa/ 📧 MY EMAIL inspiresafaa@gmail.com ♥ I LOVE YOU ALL SAFAA","safaa,sofy,SAFAA,kwili,senpai,lemo,khalafzone,Kharraz,stories",24,Entertainment,Society,PT30M1S,1801,2d,hd,false,ar,ar,https://i.ytimg.com/vi/V2gZDHwzwqk/maxresdefault.jpg,1,,,,,2296837,84900,,0,5248
52,UCLcXeKotX5iu7nIjDUkRUyQ,SAFAA,aw6Pw4jo04A,2024-02-23T20:24:34Z,"2024-02-23 20:24:34","اتصال غريب من أنَس الثاني قبل اختفائِه في نفس الحفل اللي اختفى فيه أنَس الاول (مع عائلته) 🇲🇦‼️",". HEY HBIZAT & HBIZIN 📸 MY INSTAGRAM : thisissafaa https://www.instagram.com/thisissafaa/ 📧 MY EMAIL inspiresafaa@gmail.com ♥ I LOVE YOU ALL SAFAA","safaa,sofy,SAFAA,kwili,senpai,lemo,khalafzone,Kharraz,stories",24,Entertainment,,PT20M13S,1213,2d,hd,false,ar,ar,https://i.ytimg.com/vi/aw6Pw4jo04A/maxresdefault.jpg,1,,,,,1282045,85785,,0,6638
53,UCLcXeKotX5iu7nIjDUkRUyQ,SAFAA,wMGez3PFks4,2024-02-14T20:44:59Z,"2024-02-14 20:44:59","مقتل مشهورة هوليوود يوم عيد الحب و تسجيلات كاميرا المراقبة تحل القضية 💔💉",". HEY HBIZAT & HBIZIN 📸 MY INSTAGRAM : thisissafaa https://www.instagram.com/thisissafaa/ 📧 MY EMAIL inspiresafaa@gmail.com ♥ I LOVE YOU ALL SAFAA","safaa,sofy,SAFAA,kwili,senpai,lemo,khalafzone,Kharraz,stories",24,Entertainment,,PT20M1S,1201,2d,hd,false,ar,ar,https://i.ytimg.com/vi/wMGez3PFks4/maxresdefault.jpg,1,,,,,1613606,67943,,0,4176
54,UCLcXeKotX5iu7nIjDUkRUyQ,SAFAA,OXPpEwHMWUU,2024-02-11T19:32:19Z,"2024-02-11 19:32:19","أنَس عيّط لباباه و عطاه جوج أسماء قبل اختِفائه في حفل غريب.. (فيديو مع امه) 🇲🇦‼️",". HEY HBIZAT & HBIZIN 📸 MY INSTAGRAM : thisissafaa https://www.instagram.com/thisissafaa/ 📧 MY EMAIL inspiresafaa@gmail.com ♥ I LOVE YOU ALL SAFAA","safaa,sofy,SAFAA,kwili,senpai,lemo,khalafzone,Kharraz,stories",24,Entertainment,Lifestyle_(sociology),PT23M6S,1386,2d,hd,false,ar,ar,https://i.ytimg.com/vi/OXPpEwHMWUU/maxresdefault.jpg,1,,,,,1685250,92335,,0,7558
55,UCLcXeKotX5iu7nIjDUkRUyQ,SAFAA,djVkqE183gI,2024-02-02T19:02:06Z,"2024-02-02 19:02:06","جسيكا اختفت فضروف غامضة و عائلتها لقاوها ولكن.. 🤯🔞",". HEY HBIZAT & HBIZIN 📸 MY INSTAGRAM : thisissafaa https://www.instagram.com/thisissafaa/ 📧 MY EMAIL inspiresafaa@gmail.com ♥ I LOVE YOU ALL SAFAA","safaa,sofy,SAFAA,kwili,senpai,lemo,khalafzone,Kharraz,stories",24,Entertainment,,PT24M25S,1465,2d,hd,false,ar,ar,https://i.ytimg.com/vi/djVkqE183gI/maxresdefault.jpg,1,,,,,1446175,60856,,0,3001
56,UCLcXeKotX5iu7nIjDUkRUyQ,SAFAA,Q2NmgFMEhRU,2024-01-18T19:11:21Z,"2024-01-18 19:11:21","شنو علاقة طه و زكرياء باختفاء إيڤا؟ دلائل مخيفة و نهاية صاادمة 🇲🇦🔞",". HEY HBIZAT & HBIZIN 📸 MY INSTAGRAM : thisissafaa https://www.instagram.com/thisissafaa/ 📧 MY EMAIL inspiresafaa@gmail.com ♥ I LOVE YOU ALL SAFAA","safaa,sofy,SAFAA,kwili,senpai,lemo,khalafzone,Kharraz,stories",24,Entertainment,,PT42M42S,2562,2d,hd,false,ar,ar,https://i.ytimg.com/vi/Q2NmgFMEhRU/maxresdefault.jpg,1,,,,,2670330,88599,,0,5367
57,UCLcXeKotX5iu7nIjDUkRUyQ,SAFAA,WjIiPf4KcVk,2023-12-06T20:00:33Z,"2023-12-06 20:00:33","الدار تحرقات و ديليمار اختفت.. ولكن الصدمة بعد 6 سنوات 🔥🤯",". HEY HBIZAT & HBIZIN 📸 MY INSTAGRAM : thisissafaa https://www.instagram.com/thisissafaa/ 📧 MY EMAIL inspiresafaa@gmail.com ♥ I LOVE YOU ALL SAFAA Formation Zedenya Academy: http://www.zedenyaacademy.com Whatsapp: 0667025464 Instagram: zedenyaacademy","safaa,sofy,SAFAA,kwili,senpai,lemo,khalafzone,Kharraz,stories",24,Entertainment,,PT24M24S,1464,2d,hd,false,ar,ar,https://i.ytimg.com/vi/WjIiPf4KcVk/maxresdefault.jpg,1,,,,,1607968,76687,,0,4760
58,UCLcXeKotX5iu7nIjDUkRUyQ,SAFAA,3iQ9n97EkwA,2023-12-01T20:41:19Z,"2023-12-01 20:41:19","مقتل المشهورة ليتل كيتي لايڤ على تيك توك.. نهاية صاادمة ⚠️🇨🇳",". HEY HBIZAT & HBIZIN 📸 MY INSTAGRAM : thisissafaa https://www.instagram.com/thisissafaa/ 📧 MY EMAIL inspiresafaa@gmail.com ♥ I LOVE YOU ALL SAFAA","safaa,sofy,SAFAA,kwili,senpai,lemo,khalafzone,Kharraz,stories",24,Entertainment,,PT26M23S,1583,2d,hd,false,ar,ar,https://i.ytimg.com/vi/3iQ9n97EkwA/maxresdefault.jpg,1,,,,,2473143,99660,,0,4793
59,UCLcXeKotX5iu7nIjDUkRUyQ,SAFAA,-w8D5Yt5ssg,2023-11-28T21:35:30Z,"2023-11-28 21:35:30","اتصال 911 غريب يكشف أسرار ترايسي الصاادمة و سبب مقتل جارها في بيتها ☎️🚨",". HEY HBIZAT & HBIZIN 📸 MY INSTAGRAM : thisissafaa https://www.instagram.com/thisissafaa/ 📧 MY EMAIL inspiresafaa@gmail.com ♥ I LOVE YOU ALL SAFAA","safaa,sofy,SAFAA,kwili,senpai,lemo,khalafzone,Kharraz,stories",24,Entertainment,,PT33M39S,2019,2d,hd,false,ar,ar,https://i.ytimg.com/vi/-w8D5Yt5ssg/maxresdefault.jpg,1,,,,,1790221,96996,,0,3840
60,UCLcXeKotX5iu7nIjDUkRUyQ,SAFAA,1QkWgMY0V8o,2023-11-09T19:00:02Z,"2023-11-09 19:00:02","لغز الغرفة رقم 1216.. شنو وقع لجونغ فالرحلة المدرسية؟ 🇰🇷",". HEY HBIZAT & HBIZIN 📸 MY INSTAGRAM : thisissafaa https://www.instagram.com/thisissafaa/ 📧 MY EMAIL inspiresafaa@gmail.com ♥ I LOVE YOU ALL SAFAA","safaa,sofy,SAFAA,kwili,senpai,lemo,khalafzone,Kharraz,stories",24,Entertainment,,PT22M38S,1358,2d,hd,false,ar,ar,https://i.ytimg.com/vi/1QkWgMY0V8o/maxresdefault.jpg,1,,,,,2152725,88323,,0,5967
61,UCLcXeKotX5iu7nIjDUkRUyQ,SAFAA,PUUHNm4Bd40,2023-10-28T17:50:28Z,"2023-10-28 17:50:28","نهاية صااادمة لاختفاء مشهورة الانستغرام ألِكسيس شاركي 😨⚠️","https://nsayblik.com HEY HBIZAT & HBIZIN 📸 MY INSTAGRAM : thisissafaa https://www.instagram.com/thisissafaa/ 📧 MY EMAIL inspiresafaa@gmail.com ♥ I LOVE YOU ALL SAFAA","safaa,sofy,SAFAA,kwili,senpai,lemo,khalafzone,Kharraz,stories",24,Entertainment,Lifestyle_(sociology),PT37M46S,2266,2d,hd,false,ar,ar,https://i.ytimg.com/vi/PUUHNm4Bd40/maxresdefault.jpg,1,,,,,1948645,73174,,0,3486
62,UCLcXeKotX5iu7nIjDUkRUyQ,SAFAA,xAqiOeHU3Ig,2023-10-15T20:45:05Z,"2023-10-15 20:45:05","سيلفي و تشيزكيك حلّو قضية الروسية فيكتوريا و شبيهتها 📸🚨",". HEY HBIZAT & HBIZIN 📸 MY INSTAGRAM : thisissafaa https://www.instagram.com/thisissafaa/ 📧 MY EMAIL inspiresafaa@gmail.com ♥ I LOVE YOU ALL SAFAA","safaa,sofy,SAFAA,kwili,senpai,lemo,khalafzone,Kharraz,stories",24,Entertainment,,PT29M1S,1741,2d,hd,false,ar,ar,https://i.ytimg.com/vi/xAqiOeHU3Ig/maxresdefault.jpg,1,,,,,1899785,74648,,0,5060
63,UCLcXeKotX5iu7nIjDUkRUyQ,SAFAA,M1fQNJtJvAI,2023-10-08T21:13:00Z,"2023-10-08 21:13:00","اتصال 911 يحل قضية مقتل تيفاني الغاامض في سيارتها (مع دلائل و فيديوات) 📞🚙",". HEY HBIZAT & HBIZIN 📸 MY INSTAGRAM : thisissafaa https://www.instagram.com/thisissafaa/ 📧 MY EMAIL inspiresafaa@gmail.com ♥ I LOVE YOU ALL SAFAA","safaa,sofy,SAFAA,kwili,senpai,lemo,khalafzone,Kharraz,stories",24,Entertainment,,PT29M13S,1753,2d,hd,false,ar,ar,https://i.ytimg.com/vi/M1fQNJtJvAI/maxresdefault.jpg,1,,,,,1519003,64577,,0,3817
64,UCLcXeKotX5iu7nIjDUkRUyQ,SAFAA,oxrkxywQWd8,2023-08-19T22:14:32Z,"2023-08-19 22:14:32","مقتل بَدر الصااادم على يد ولد الفشوش (مع عائلتو و صحابو) 🇲🇦‼️",". HEY HBIZAT & HBIZIN 📸 MY INSTAGRAM : thisissafaa https://www.instagram.com/thisissafaa/ 📧 MY EMAIL inspiresafaa@gmail.com ♥ I LOVE YOU ALL SAFAA","safaa,sofy,SAFAA,kwili,senpai,lemo,khalafzone,Kharraz,stories",24,Entertainment,,PT35M20S,2120,2d,hd,false,ar,ar,https://i.ytimg.com/vi/oxrkxywQWd8/maxresdefault.jpg,1,,,,,1790293,83618,,0,6345
65,UCLcXeKotX5iu7nIjDUkRUyQ,SAFAA,tH-zzfFzeC4,2023-07-31T22:35:00Z,"2023-07-31 22:35:00","اختفاء سيِيرا الغريب من محطة الحافلة و هاتف يحل القضيه 🚍📱",". HEY HBIZAT & HBIZIN 📸 MY INSTAGRAM : thisissafaa https://www.instagram.com/thisissafaa/ 📧 MY EMAIL inspiresafaa@gmail.com ♥ I LOVE YOU ALL SAFAA","safaa,sofy,SAFAA,kwili,senpai,lemo,khalafzone,Kharraz,stories",24,Entertainment,,PT27M10S,1630,2d,hd,false,ar,ar,https://i.ytimg.com/vi/tH-zzfFzeC4/maxresdefault.jpg,1,,,,,1849279,76068,,0,4261
66,UCLcXeKotX5iu7nIjDUkRUyQ,SAFAA,qbDMl2U-M_c,2023-07-01T18:52:00Z,"2023-07-01 18:52:00","صورة على سناب شات تحل لغز اختفاء سيدني الغامض 📸🚨",". HEY HBIZAT & HBIZIN 📸 MY INSTAGRAM : thisissafaa https://www.instagram.com/thisissafaa/ 📧 MY EMAIL inspiresafaa@gmail.com ♥ I LOVE YOU ALL SAFAA","safaa,sofy,SAFAA,kwili,senpai,lemo,khalafzone,Kharraz,stories",24,Entertainment,,PT27M34S,1654,2d,hd,false,ar,ar,,1,,,,,1812573,75677,,0,5041
67,UCLcXeKotX5iu7nIjDUkRUyQ,SAFAA,hFHsGo5-22I,2023-05-18T18:00:28Z,"2023-05-18 18:00:28","مَقتل المغنية المشهورة اڤريل لاڤين و استبدالها بشبيهتها 🤯⚠️",". HEY HBIZAT & HBIZIN 📸 MY INSTAGRAM : thisissafaa https://www.instagram.com/thisissafaa/ 📧 MY EMAIL inspiresafaa@gmail.com ♥ I LOVE YOU ALL SAFAA","safaa,sofy,SAFAA,kwili,senpai,lemo,khalafzone,Kharraz,stories",24,Entertainment,"Music,Pop_music",PT17M16S,1036,2d,hd,false,ar,ar,https://i.ytimg.com/vi/hFHsGo5-22I/maxresdefault.jpg,1,,,,,1735919,77184,,0,5477
68,UCLcXeKotX5iu7nIjDUkRUyQ,SAFAA,q75STMQRiAI,2023-04-11T22:46:04Z,"2023-04-11 22:46:04","حقيقة مقتل أنور الغامض على يد فتاة قاصر (مع أمه) 🇲🇦🔞","هدا هو lien باش تقدرو تسيفطو الفلوس مع taptap send 💸 https://taptapsend.onelink.me/Lrab/SAFAA HEY HBIZAT & HBIZIN 📸 MY INSTAGRAM : thisissafaa https://www.instagram.com/thisissafaa/ 📧 MY EMAIL inspiresafaa@gmail.com ♥ I LOVE YOU ALL SAFAA","safaa,sofy,SAFAA,kwili,senpai,lemo,khalafzone,Kharraz,stories",24,Entertainment,,PT23M5S,1385,2d,hd,false,ar,ar,https://i.ytimg.com/vi/q75STMQRiAI/maxresdefault.jpg,1,,,,,2232631,119973,,0,7373
69,UCLcXeKotX5iu7nIjDUkRUyQ,SAFAA,h3qZxdqDhIY,2023-03-16T19:20:45Z,"2023-03-16 19:20:45","ليديا خرجات و ما رجعاتش و تصرفات عائلتها الغريبة تثير الشّكوك ‼️🚨",". HEY HBIZAT & HBIZIN 📸 MY INSTAGRAM : thisissafaa https://www.instagram.com/thisissafaa/ 📧 MY EMAIL inspiresafaa@gmail.com ♥ I LOVE YOU ALL SAFAA","safaa,sofy,SAFAA,kwili,senpai,lemo,khalafzone,Kharraz,stories",24,Entertainment,,PT20M1S,1201,2d,hd,false,ar,ar,https://i.ytimg.com/vi/h3qZxdqDhIY/maxresdefault.jpg,1,,,,,1371045,59852,,0,3815
70,UCLcXeKotX5iu7nIjDUkRUyQ,SAFAA,k9x50J2SJrs,2023-03-02T21:41:56Z,"2023-03-02 21:41:56","شنو دارت عارضة الأزياء المشهورة كورتني فميامي؟ مع تسجيلات صاادمة و اتصال 911 🎥☎️",". HEY HBIZAT & HBIZIN 📸 MY INSTAGRAM : thisissafaa https://www.instagram.com/thisissafaa/ 📧 MY EMAIL inspiresafaa@gmail.com ♥ I LOVE YOU ALL SAFAA","safaa,sofy,SAFAA,kwili,senpai,lemo,khalafzone,Kharraz,stories",24,Entertainment,,PT32M33S,1953,2d,hd,false,ar,ar,https://i.ytimg.com/vi/k9x50J2SJrs/maxresdefault.jpg,1,,,,,2239268,90848,,0,4678
71,UCLcXeKotX5iu7nIjDUkRUyQ,SAFAA,nbMmF7FYXuY,2023-02-22T18:30:40Z,"2023-02-22 18:30:40","اتصال ٩١١ يحُل قَضيه مُولِي الغامِضه📱",". HEY HBIZAT & HBIZIN 📸 MY INSTAGRAM : thisissafaa https://www.instagram.com/thisissafaa/ 📧 MY EMAIL inspiresafaa@gmail.com ♥ I LOVE YOU ALL SAFAA","safaa,sofy,SAFAA,kwili,senpai,lemo,khalafzone,Kharraz,stories",24,Entertainment,,PT23M28S,1408,2d,hd,false,ar,ar,https://i.ytimg.com/vi/nbMmF7FYXuY/maxresdefault.jpg,1,,,,,1859403,78731,,0,3973
72,UCLcXeKotX5iu7nIjDUkRUyQ,SAFAA,WetTJPX9SFg,2023-02-17T21:10:28Z,"2023-02-17 21:10:28","مقتل كريستينا صديقة سيلينا غوميز خلال حفلها الغنائي لسبب صاادم 🩸🎤",". HEY HBIZAT & HBIZIN 📸 MY INSTAGRAM : thisissafaa https://www.instagram.com/thisissafaa/ 📧 MY EMAIL inspiresafaa@gmail.com ♥ I LOVE YOU ALL SAFAA","safaa,sofy,SAFAA,kwili,senpai,lemo,khalafzone,Kharraz,stories",24,Entertainment,Entertainment,PT20M12S,1212,2d,hd,false,ar,ar,https://i.ytimg.com/vi/WetTJPX9SFg/maxresdefault.jpg,1,,,,,1457941,91178,,0,4282
73,UCLcXeKotX5iu7nIjDUkRUyQ,SAFAA,wGa2wHZTSU4,2023-02-10T21:16:20Z,"2023-02-10 21:16:20","تسجيلات كاميرات المراقبة تَحل لغز اختفاء ساشا الغامض 🔑🎥",". HEY HBIZAT & HBIZIN 📸 MY INSTAGRAM : thisissafaa https://www.instagram.com/thisissafaa/ 📧 MY EMAIL inspiresafaa@gmail.com ♥ I LOVE YOU ALL SAFAA","safaa,sofy,SAFAA,kwili,senpai,lemo,khalafzone,Kharraz,stories",24,Entertainment,,PT24M22S,1462,2d,hd,false,ar,ar,https://i.ytimg.com/vi/wGa2wHZTSU4/maxresdefault.jpg,1,,,,,1652857,80559,,0,4769
74,UCLcXeKotX5iu7nIjDUkRUyQ,SAFAA,xis1jOtDxeQ,2023-01-30T19:15:43Z,"2023-01-30 19:15:43","أول خروج لعائلة المعتقل الرئيسي في قضيه التهامي 🇲🇦🔥",". HEY HBIZAT & HBIZIN 📸 MY INSTAGRAM : thisissafaa https://www.instagram.com/thisissafaa/ 📧 MY EMAIL inspiresafaa@gmail.com ♥ I LOVE YOU ALL SAFAA","safaa,sofy,SAFAA,kwili,senpai,lemo,khalafzone,Kharraz,stories",24,Entertainment,,PT31M48S,1908,2d,hd,false,ar,ar,https://i.ytimg.com/vi/xis1jOtDxeQ/maxresdefault.jpg,1,,,,,2229900,110742,,0,13289
75,UCLcXeKotX5iu7nIjDUkRUyQ,SAFAA,GTqwOUC6EB4,2023-01-16T20:59:38Z,"2023-01-16 20:59:38","اختفاء ايميلي الغريب يوم عيد زواجها الأول 🎂🚐",". HEY HBIZAT & HBIZIN 📸 MY INSTAGRAM : thisissafaa https://www.instagram.com/thisissafaa/ 📧 MY EMAIL inspiresafaa@gmail.com ♥ I LOVE YOU ALL SAFAA","safaa,sofy,SAFAA,kwili,senpai,lemo,khalafzone,Kharraz,stories",24,Entertainment,Lifestyle_(sociology),PT18M5S,1085,2d,hd,false,ar,ar,https://i.ytimg.com/vi/GTqwOUC6EB4/maxresdefault.jpg,1,,,,,1497313,78462,,0,4291
76,UCLcXeKotX5iu7nIjDUkRUyQ,SAFAA,zrae7z81Wgg,2023-01-07T19:16:02Z,"2023-01-07 19:16:02","إِنجي لقاوها مقتـ وله فوق الأريكة و تصرفات حبيبها الغامضة تثير الشكوك 🛋🔨",". HEY HBIZAT & HBIZIN 📸 MY INSTAGRAM : thisissafaa https://www.instagram.com/thisissafaa/ 📧 MY EMAIL inspiresafaa@gmail.com ♥ I LOVE YOU ALL SAFAA","safaa,sofy,SAFAA,kwili,senpai,lemo,khalafzone,Kharraz,stories",24,Entertainment,,PT36M26S,2186,2d,hd,false,ar,ar,https://i.ytimg.com/vi/zrae7z81Wgg/maxresdefault.jpg,1,,,,,2596006,80398,,0,4344
77,UCLcXeKotX5iu7nIjDUkRUyQ,SAFAA,9kjbQ6dfeRg,2022-12-31T21:44:25Z,"2022-12-31 21:44:25","بلانكا مشات تشوف حبيبها و ما رجعاتش و خاتم يحل القضية ف2022 💍⛔️",". HEY HBIZAT & HBIZIN 📸 MY INSTAGRAM : thisissafaa https://www.instagram.com/thisissafaa/ 📧 MY EMAIL inspiresafaa@gmail.com ♥ I LOVE YOU ALL SAFAA","safaa,sofy,SAFAA,kwili,senpai,lemo,khalafzone,Kharraz,stories",24,Entertainment,,PT18M27S,1107,2d,hd,false,ar,ar,https://i.ytimg.com/vi/9kjbQ6dfeRg/maxresdefault.jpg,1,,,,,1379048,68750,,0,4164
78,UCLcXeKotX5iu7nIjDUkRUyQ,SAFAA,dYjjw6gL1ek,2022-12-29T18:00:24Z,"2022-12-29 18:00:24","اختفاء ملكة جمال الهندوراس و أختها في ضروف غامضة و النهاية صاادمه 🇭🇳⚠️",". HEY HBIZAT & HBIZIN 📸 MY INSTAGRAM : thisissafaa https://www.instagram.com/thisissafaa/ 📧 MY EMAIL inspiresafaa@gmail.com ♥ I LOVE YOU ALL SAFAA","safaa,sofy,SAFAA,kwili,senpai,lemo,khalafzone,Kharraz,stories",24,Entertainment,Entertainment,PT34M6S,2046,2d,hd,false,ar,ar,https://i.ytimg.com/vi/dYjjw6gL1ek/maxresdefault.jpg,1,,,,,2366990,90876,,0,4423
79,UCLcXeKotX5iu7nIjDUkRUyQ,SAFAA,ALTG5cPjB9o,2022-12-01T20:40:07Z,"2022-12-01 20:40:07","شنو علاقة عدنان باختفاء حبيبته السابقة و كيفاش پودكاست حل القضية ف2022 ؟ 🎤⚠️",". HEY HBIZAT & HBIZIN 📸 MY INSTAGRAM : thisissafaa https://www.instagram.com/thisissafaa/ 📧 MY EMAIL inspiresafaa@gmail.com ♥ I LOVE YOU ALL SAFAA","safaa,sofy,SAFAA,kwili,senpai,lemo,khalafzone,Kharraz,stories",24,Entertainment,,PT32M33S,1953,2d,hd,false,ar,ar,https://i.ytimg.com/vi/ALTG5cPjB9o/maxresdefault.jpg,1,,,,,2335584,79591,,0,4818
80,UCLcXeKotX5iu7nIjDUkRUyQ,SAFAA,NQ3XkiaS8gk,2022-11-26T18:45:50Z,"2022-11-26 18:45:50","أليسون خرجات توصل صاحبتها و ما رجعاتش و النهاية صاادمه 🤯🔞",". HEY HBIZAT & HBIZIN 📸 MY INSTAGRAM : thisissafaa https://www.instagram.com/thisissafaa/ 📧 MY EMAIL inspiresafaa@gmail.com ♥ I LOVE YOU ALL SAFAA","safaa,sofy,SAFAA,kwili,senpai,lemo,khalafzone,Kharraz,stories",24,Entertainment,Lifestyle_(sociology),PT24M46S,1486,2d,hd,false,ar,ar,https://i.ytimg.com/vi/NQ3XkiaS8gk/maxresdefault.jpg,1,,,,,2358523,98901,,0,4858
81,UCLcXeKotX5iu7nIjDUkRUyQ,SAFAA,-zPkzn950UY,2022-11-18T21:11:55Z,"2022-11-18 21:11:55","نهاية مايكل جاكسون الغامضة مع اتصال 911 و تسجيلات صادمه ☠️⚠️",". HEY HBIZAT & HBIZIN 📸 MY INSTAGRAM : thisissafaa https://www.instagram.com/thisissafaa/ 📧 MY EMAIL inspiresafaa@gmail.com ♥ I LOVE YOU ALL SAFAA","safaa,sofy,SAFAA,kwili,senpai,lemo,khalafzone,Kharraz,stories",24,Entertainment,Entertainment,PT28M16S,1696,2d,hd,false,ar,ar,https://i.ytimg.com/vi/-zPkzn950UY/maxresdefault.jpg,1,,,,,3722736,122440,,0,5313
82,UCLcXeKotX5iu7nIjDUkRUyQ,SAFAA,50xa2frmOtA,2022-11-12T20:51:26Z,"2022-11-12 20:51:26","قضية أنجيلا اللي تشهرات فتيكتوك من بعد ما دخلات للحبس 👨🏻‍🦽🔥",". HEY HBIZAT & HBIZIN 📸 MY INSTAGRAM : thisissafaa https://www.instagram.com/thisissafaa/ 📧 MY EMAIL inspiresafaa@gmail.com ♥ I LOVE YOU ALL SAFAA","safaa,sofy,SAFAA,kwili,senpai,lemo,khalafzone,Kharraz,stories",24,Entertainment,,PT14M11S,851,2d,hd,false,ar,ar,https://i.ytimg.com/vi/50xa2frmOtA/maxresdefault.jpg,1,,,,,1288757,63494,,0,2744
83,UCLcXeKotX5iu7nIjDUkRUyQ,SAFAA,ZJ9ATsnp128,2022-11-06T21:26:36Z,"2022-11-06 21:26:36","توران خرج يتسخر لمراتو ولكن ما رجعش و اتصال غريب يحل القضية ☎️🇹🇷",". HEY HBIZAT & HBIZIN 📸 MY INSTAGRAM : thisissafaa https://www.instagram.com/thisissafaa/ 📧 MY EMAIL inspiresafaa@gmail.com ♥ I LOVE YOU ALL SAFAA","safaa,sofy,SAFAA,kwili,senpai,lemo,khalafzone,Kharraz,stories",24,Entertainment,,PT27M1S,1621,2d,hd,false,ar,ar,https://i.ytimg.com/vi/ZJ9ATsnp128/maxresdefault.jpg,1,,,,,1995100,81573,,0,5074
84,UCLcXeKotX5iu7nIjDUkRUyQ,SAFAA,A2psNfoG73U,2022-10-31T22:06:53Z,"2022-10-31 22:06:53","فيديوات مرعبة سجلتها كاميرات المراقبة 📹",". HEY HBIZAT & HBIZIN 📸 MY INSTAGRAM : thisissafaa https://www.instagram.com/thisissafaa/ 📧 MY EMAIL inspiresafaa@gmail.com ♥ I LOVE YOU ALL SAFAA","safaa,sofy,SAFAA,kwili,senpai,lemo,khalafzone,Kharraz,stories",24,Entertainment,,PT22M14S,1334,2d,hd,false,ar,ar,https://i.ytimg.com/vi/A2psNfoG73U/maxresdefault.jpg,1,,,,,2032614,80985,,0,6232
85,UCLcXeKotX5iu7nIjDUkRUyQ,SAFAA,xn0H8zPA9rk,2022-10-20T20:17:15Z,"2022-10-20 20:17:15","صحفية مشهورة تثير الشكوك بعد مـا راجلها توفى في ظروف غريبة 🧣⚰️",". HEY HBIZAT & HBIZIN 📸 MY INSTAGRAM : thisissafaa https://www.instagram.com/thisissafaa/ 📧 MY EMAIL inspiresafaa@gmail.com ♥ I LOVE YOU ALL SAFAA","safaa,sofy,SAFAA,kwili,senpai,lemo,khalafzone,Kharraz,stories",24,Entertainment,,PT35M36S,2136,2d,hd,false,ar,ar,https://i.ytimg.com/vi/xn0H8zPA9rk/maxresdefault.jpg,1,,,,,2048832,90493,,0,5234
86,UCLcXeKotX5iu7nIjDUkRUyQ,SAFAA,fn-v1KxQl2I,2022-10-07T20:10:16Z,"2022-10-07 20:10:16","مقتل أمين شاريز على يد صحابو و خروجهم براءة رغم الدلائل الصادمة (مع عائلتو)",". HEY HBIZAT & HBIZIN 📸 MY INSTAGRAM : thisissafaa https://www.instagram.com/thisissafaa/ 📧 MY EMAIL inspiresafaa@gmail.com ♥ I LOVE YOU ALL SAFAA","safaa,sofy,SAFAA,kwili,senpai,lemo,khalafzone,Kharraz,stories",24,Entertainment,,PT17M1S,1021,2d,hd,false,ar,ar,https://i.ytimg.com/vi/fn-v1KxQl2I/maxresdefault.jpg,1,,,,,1793864,99254,,0,7292
87,UCLcXeKotX5iu7nIjDUkRUyQ,SAFAA,qhRxJV1gK-E,2022-09-27T19:10:17Z,"2022-09-27 19:10:17","مقتل مشهورة السوشل ميديا بيانكا ديڤينز لايڤ على الانستغرام 📸🔞",". HEY HBIZAT & HBIZIN 📸 MY INSTAGRAM : thisissafaa https://www.instagram.com/thisissafaa/ 📧 MY EMAIL inspiresafaa@gmail.com ♥ I LOVE YOU ALL SAFAA","safaa,sofy,SAFAA,kwili,senpai,lemo,khalafzone,Kharraz,stories",24,Entertainment,Lifestyle_(sociology),PT27M50S,1670,2d,hd,false,ar,ar,https://i.ytimg.com/vi/qhRxJV1gK-E/maxresdefault.jpg,1,,,,,2227890,96869,,0,3970
88,UCLcXeKotX5iu7nIjDUkRUyQ,SAFAA,zQouz5sDsQg,2022-09-19T19:41:36Z,"2022-09-19 19:41:36","شنو وقع لمولي من بعد ما تعرفات على جوش فتيندر؟ 🔪⚠️",". HEY HBIZAT & HBIZIN 📸 MY INSTAGRAM : thisissafaa https://www.instagram.com/thisissafaa/ 📧 MY EMAIL inspiresafaa@gmail.com ♥ I LOVE YOU ALL SAFAA","safaa,sofy,SAFAA,kwili,senpai,lemo,khalafzone,Kharraz,stories",24,Entertainment,Lifestyle_(sociology),PT21M26S,1286,2d,hd,false,ar,ar,https://i.ytimg.com/vi/zQouz5sDsQg/maxresdefault.jpg,1,,,,,1660038,80142,,0,4101
89,UCLcXeKotX5iu7nIjDUkRUyQ,SAFAA,p5_DpE0TtZo,2022-09-14T21:20:48Z,"2022-09-14 21:20:48","لقاو المجـ ـرم من بعد سنين ولكن البصمات مختالفين 😱☢️",". HEY HBIZAT & HBIZIN 📸 MY INSTAGRAM : thisissafaa https://www.instagram.com/thisissafaa/ 📧 MY EMAIL inspiresafaa@gmail.com ♥ I LOVE YOU ALL SAFAA","safaa,sofy,SAFAA,kwili,senpai,lemo,khalafzone,Kharraz,stories",24,Entertainment,,PT25M7S,1507,2d,hd,false,ar,ar,https://i.ytimg.com/vi/p5_DpE0TtZo/maxresdefault.jpg,1,,,,,1782365,103884,,0,6383
90,UCLcXeKotX5iu7nIjDUkRUyQ,SAFAA,Qp1fsnkn4xk,2022-09-08T18:00:11Z,"2022-09-08 18:00:11","كاميرات المراقبة تحل أغرب قضية اختفاء في آيسلاندا 🎥🇮🇸",". HEY HBIZAT & HBIZIN 📸 MY INSTAGRAM : thisissafaa https://www.instagram.com/thisissafaa/ 📧 MY EMAIL inspiresafaa@gmail.com ♥ I LOVE YOU ALL SAFAA","safaa,sofy,SAFAA,kwili,senpai,lemo,khalafzone,Kharraz,stories",24,Entertainment,,PT20M5S,1205,2d,hd,false,ar,ar,https://i.ytimg.com/vi/Qp1fsnkn4xk/maxresdefault.jpg,1,,,,,1808369,76356,,0,3103
91,UCLcXeKotX5iu7nIjDUkRUyQ,SAFAA,0T7gHDufQ00,2022-09-03T18:00:00Z,"2022-09-03 18:00:00","ثلاجة تكشِف عن أبشع جـر يمة وقعات فكوريا 🧊🇰🇷","HEY HBIZAT & HBIZIN 📸 MY INSTAGRAM : thisissafaa https://www.instagram.com/thisissafaa/ 📧 MY EMAIL inspiresafaa@gmail.com ♥ I LOVE YOU ALL SAFAA","safaa,sofy,SAFAA,kwili,senpai,lemo,khalafzone,Kharraz,stories",24,Entertainment,Society,PT23M3S,1383,2d,hd,false,ar,ar,https://i.ytimg.com/vi/0T7gHDufQ00/maxresdefault.jpg,1,,,,,1679664,82376,,0,4624
92,UCLcXeKotX5iu7nIjDUkRUyQ,SAFAA,x5_xZjvBWLs,2022-08-31T20:08:33Z,"2022-08-31 20:08:33","شنو وقع لأدلِين فمستشفى الامراض العقليه فسويسرا؟ 🇨🇭","HEY HBIZAT & HBIZIN 📸 MY INSTAGRAM : thisissafaa https://www.instagram.com/thisissafaa/ 📧 MY EMAIL inspiresafaa@gmail.com ♥ I LOVE YOU ALL SAFAA","safaa,sofy,SAFAA,kwili,senpai,lemo,khalafzone,Kharraz,stories",24,Entertainment,"Health,Lifestyle_(sociology)",PT22M24S,1344,2d,hd,false,ar,ar,https://i.ytimg.com/vi/x5_xZjvBWLs/maxresdefault.jpg,1,,,,,1718988,73274,,0,4152
93,UCLcXeKotX5iu7nIjDUkRUyQ,SAFAA,JBFh-JdX-iI,2022-08-25T19:48:31Z,"2022-08-25 19:48:31","اختفاء كارابو الغامض مع تسجيلات مرعبة من كاميرات المراقبة 🎥❎","HEY HBIZAT & HBIZIN 📸 MY INSTAGRAM : thisissafaa https://www.instagram.com/thisissafaa/ 📧 MY EMAIL inspiresafaa@gmail.com ♥ I LOVE YOU ALL SAFAA","safaa,sofy,SAFAA,kwili,senpai,lemo,khalafzone,Kharraz,stories",24,Entertainment,,PT23M51S,1431,2d,hd,false,ar,ar,https://i.ytimg.com/vi/JBFh-JdX-iI/maxresdefault.jpg,1,,,,,1940212,80812,,0,3445
94,UCLcXeKotX5iu7nIjDUkRUyQ,SAFAA,bxhHkMJNcbo,2022-08-17T20:03:03Z,"2022-08-17 20:03:03","اتصال صاادم للشرطة بعد شهور من تعرف إيڤا على حبيبها في لعبة اونلاين 🎮⚠️","HEY HBIZAT & HBIZIN 📸 MY INSTAGRAM : thisissafaa https://www.instagram.com/thisissafaa/ 📧 MY EMAIL inspiresafaa@gmail.com ♥ I LOVE YOU ALL SAFAA","safaa,sofy,SAFAA,kwili,senpai,lemo,khalafzone,Kharraz,stories",24,Entertainment,,PT23M45S,1425,2d,hd,false,ar,ar,https://i.ytimg.com/vi/bxhHkMJNcbo/maxresdefault.jpg,1,,,,,1618199,68847,,0,3415
95,UCLcXeKotX5iu7nIjDUkRUyQ,SAFAA,IgwJ7y-avXo,2022-08-14T22:26:24Z,"2022-08-14 22:26:24","قصص المتابعين الحقيقية مع الجن 6 👻","HEY HBIZAT & HBIZIN 📸 MY INSTAGRAM : thisissafaa https://www.instagram.com/thisissafaa/ 📧 MY EMAIL inspiresafaa@gmail.com ♥ I LOVE YOU ALL SAFAA","safaa,sofy,SAFAA,kwili,senpai,lemo,khalafzone,Kharraz,stories",24,Entertainment,,PT35M38S,2138,2d,hd,false,ar,ar,https://i.ytimg.com/vi/IgwJ7y-avXo/maxresdefault.jpg,1,,,,,2761394,101960,,0,7513
96,UCLcXeKotX5iu7nIjDUkRUyQ,SAFAA,kX4LrCKuChE,2022-08-10T18:35:24Z,"2022-08-10 18:35:24","اختفاء المغربي الوسيم إيلان حليمي في ظروف غامضة و النهاية صاادمه ⛔️🇲🇦","HEY HBIZAT & HBIZIN 📸 MY INSTAGRAM : thisissafaa https://www.instagram.com/thisissafaa/ 📧 MY EMAIL inspiresafaa@gmail.com ♥ I LOVE YOU ALL SAFAA","safaa,sofy,SAFAA,kwili,senpai,lemo,khalafzone,Kharraz,stories",24,Entertainment,,PT32M43S,1963,2d,hd,false,ar,ar,https://i.ytimg.com/vi/kX4LrCKuChE/maxresdefault.jpg,1,,,,,2320679,90011,,0,4359
97,UCLcXeKotX5iu7nIjDUkRUyQ,SAFAA,FYEqrfht5wo,2022-08-04T20:30:35Z,"2022-08-04 20:30:35","شنو دارت زوجة بوشعيب منين مشا للمغرب عطلة و خلاها فبلجيكا؟ 🔪🇲🇦","HEY HBIZAT & HBIZIN 📸 MY INSTAGRAM : thisissafaa https://www.instagram.com/thisissafaa/ 📧 MY EMAIL inspiresafaa@gmail.com ♥ I LOVE YOU ALL SAFAA","safaa,sofy,SAFAA,kwili,senpai,lemo,khalafzone,Kharraz,stories",24,Entertainment,Lifestyle_(sociology),PT27M41S,1661,2d,hd,false,ar,ar,https://i.ytimg.com/vi/FYEqrfht5wo/maxresdefault.jpg,1,,,,,1734204,73460,,0,5148
98,UCLcXeKotX5iu7nIjDUkRUyQ,SAFAA,eGf9fdeYl-E,2022-07-30T19:29:10Z,"2022-07-30 19:29:10","لغز اختفاء ليندزي في مدينة طوكيو و رسمة غريبة تحل القضية 🇯🇵","HEY HBIZAT & HBIZIN 📸 MY INSTAGRAM : thisissafaa https://www.instagram.com/thisissafaa/ 📧 MY EMAIL inspiresafaa@gmail.com ♥ I LOVE YOU ALL SAFAA","safaa,sofy,SAFAA,kwili,senpai,lemo,khalafzone,Kharraz,stories",24,Entertainment,Lifestyle_(sociology),PT23M48S,1428,2d,hd,false,ar,ar,https://i.ytimg.com/vi/eGf9fdeYl-E/maxresdefault.jpg,1,,,,,1950198,87979,,0,3298
99,UCLcXeKotX5iu7nIjDUkRUyQ,SAFAA,545-YvqA7_I,2022-07-22T17:54:48Z,"2022-07-22 17:54:48","قضية مريم بدوي اللي حيرات فرنسا.. كدابة أو ضحية؟ 🇩🇿","HEY HBIZAT & HBIZIN 📸 MY INSTAGRAM : thisissafaa https://www.instagram.com/thisissafaa/ 📧 MY EMAIL inspiresafaa@gmail.com ♥ I LOVE YOU ALL SAFAA","safaa,sofy,SAFAA,kwili,senpai,lemo,khalafzone,Kharraz",24,Entertainment,,PT28M4S,1684,2d,hd,false,ar,ar,https://i.ytimg.com/vi/545-YvqA7_I/maxresdefault.jpg,1,,,,,1608273,65569,,0,3921
100,UCLcXeKotX5iu7nIjDUkRUyQ,SAFAA,Dm_wtcWXUc0,2022-07-12T17:31:41Z,"2022-07-12 17:31:41","عبد الكريم هرب من فرنسا للمغرب بالخمار لسبب صادم 🇲🇦","HEY HBIZAT & HBIZIN 📸 MY INSTAGRAM : thisissafaa https://www.instagram.com/thisissafaa/ 📧 MY EMAIL inspiresafaa@gmail.com ♥ I LOVE YOU ALL SAFAA","safaa,sofy,SAFAA,kwili,senpai,lemo,khalafzone,Kharraz",24,Entertainment,,PT17M4S,1024,2d,hd,false,ar,ar,https://i.ytimg.com/vi/Dm_wtcWXUc0/maxresdefault.jpg,1,,,,,1316510,67789,,0,3698
101,UCLcXeKotX5iu7nIjDUkRUyQ,SAFAA,338kvf38PAA,2022-07-05T19:05:46Z,"2022-07-05 19:05:46","رسالة اعتراف صادمة من براين قبل انتـ ـحاره تقلب قضية غابي بيتيتو ✉️⚠️","HEY HBIZAT & HBIZIN 📸 MY INSTAGRAM : thisissafaa https://www.instagram.com/thisissafaa/ 📧 MY EMAIL inspiresafaa@gmail.com ♥ I LOVE YOU ALL SAFAA","safaa,sofy,SAFAA,kwili,senpai,lemo,khalafzone,Kharraz",24,Entertainment,,PT14M1S,841,2d,hd,false,ar,ar,https://i.ytimg.com/vi/338kvf38PAA/maxresdefault.jpg,1,,,,,1056293,58739,,0,2831
102,UCLcXeKotX5iu7nIjDUkRUyQ,SAFAA,Dhn2bB9JagM,2022-07-03T16:54:39Z,"2022-07-03 16:54:39","اختفاء نبيل في ضروف غامضة بعد موعده مع صديقته الفرنسية 🇲🇦","HEY HBIZAT & HBIZIN 📸 MY INSTAGRAM : thisissafaa https://www.instagram.com/thisissafaa/ 📧 MY EMAIL inspiresafaa@gmail.com ♥ I LOVE YOU ALL SAFAA","safaa,sofy,SAFAA,kwili,senpai,lemo,khalafzone,Kharraz",24,Entertainment,,PT12M9S,729,2d,hd,false,ar,ar,https://i.ytimg.com/vi/Dhn2bB9JagM/maxresdefault.jpg,1,,,,,1156554,67181,,0,3725
103,UCLcXeKotX5iu7nIjDUkRUyQ,SAFAA,Ivjaqut4CU4,2022-06-27T17:00:10Z,"2022-06-27 17:00:10","اكتشاف جـ ـثـ ـة سـارة مباشرة على التلفزيون بعد اختفائها الغامض 📺⚠️","HEY HBIZAT & HBIZIN 📸 MY INSTAGRAM : thisissafaa https://www.instagram.com/thisissafaa/ 📧 MY EMAIL inspiresafaa@gmail.com ♥ I LOVE YOU ALL SAFAA","safaa,sofy,SAFAA,kwili,senpai,lemo,khalafzone,Kharraz",24,Entertainment,,PT39M30S,2370,2d,hd,false,ar,ar,https://i.ytimg.com/vi/Ivjaqut4CU4/maxresdefault.jpg,1,,,,,2621038,96667,,0,4277
104,UCLcXeKotX5iu7nIjDUkRUyQ,SAFAA,pfN_Y-z2kEs,2022-06-18T18:00:41Z,"2022-06-18 18:00:41","حقيقة الحكم بالإعدام على ابراهيم سعدون مع دلائل و وثائق حصرية 🇲🇦","HEY HBIZAT & HBIZIN 📸 MY INSTAGRAM : thisissafaa https://www.instagram.com/thisissafaa/ 📧 MY EMAIL inspiresafaa@gmail.com ♥ I LOVE YOU ALL SAFAA","safaa,sofy,SAFAA,kwili,senpai,lemo,khalafzone,Kharraz",24,Entertainment,Society,PT10M21S,621,2d,hd,false,ar,ar,https://i.ytimg.com/vi/pfN_Y-z2kEs/maxresdefault.jpg,1,,,,,1632391,96245,,0,7916
105,UCLcXeKotX5iu7nIjDUkRUyQ,SAFAA,z7bACQzDw5Y,2022-06-15T18:00:18Z,"2022-06-15 18:00:18","يوتيوبر اختطفات راجلها من أجل الشهرة مع فيديوهات و دلائل صـادمه 🇺🇸","HEY HBIZAT & HBIZIN 📸 MY INSTAGRAM : thisissafaa https://www.instagram.com/thisissafaa/ 📧 MY EMAIL inspiresafaa@gmail.com ♥ I LOVE YOU ALL SAFAA","safaa,sofy,SAFAA,kwili,senpai,lemo,khalafzone,Kharraz",24,Entertainment,Lifestyle_(sociology),PT22M41S,1361,2d,hd,false,ar,ar,https://i.ytimg.com/vi/z7bACQzDw5Y/maxresdefault.jpg,1,,,,,1526954,69764,,0,2826
106,UCLcXeKotX5iu7nIjDUkRUyQ,SAFAA,CIpUm4-VtSY,2022-06-09T19:30:25Z,"2022-06-09 19:30:25","شنو دار أب نعيمة من بعد ما هـربات مع حبيبها لمدة 5 سنوات؟ 🚨","HEY HBIZAT & HBIZIN 📸 MY INSTAGRAM : thisissafaa https://www.instagram.com/thisissafaa/ 📧 MY EMAIL inspiresafaa@gmail.com ♥ I LOVE YOU ALL SAFAA","safaa,sofy,SAFAA,kwili,senpai,lemo,khalafzone,Kharraz",24,Entertainment,,PT13M2S,782,2d,hd,false,ar,ar,https://i.ytimg.com/vi/CIpUm4-VtSY/maxresdefault.jpg,1,,,,,1399147,68697,,0,3270
107,UCLcXeKotX5iu7nIjDUkRUyQ,SAFAA,SKz8FQnCGAA,2022-06-04T18:57:05Z,"2022-06-04 18:57:05","شنو دارت الجزائرية صابرينا قويدر و حبيبها وسام لمربية الأطفال؟ 🇩🇿","HEY HBIZAT & HBIZIN 📸 MY INSTAGRAM : thisissafaa https://www.instagram.com/thisissafaa/ 📧 MY EMAIL inspiresafaa@gmail.com ♥ I LOVE YOU ALL SAFAA","safaa,sofy,SAFAA,kwili,senpai,lemo,khalafzone,Kharraz",24,Entertainment,,PT24M31S,1471,2d,hd,false,ar,ar,https://i.ytimg.com/vi/SKz8FQnCGAA/maxresdefault.jpg,1,,,,,1893862,78272,,0,5145
108,UCLcXeKotX5iu7nIjDUkRUyQ,SAFAA,JxsNPgnYgLs,2022-05-28T16:49:37Z,"2022-05-28 16:49:37","نهاية صادمه و غير متوقَّعة لعلاقة حب دامت عشر سنوات ⚠️","HEY HBIZAT & HBIZIN 📸 MY INSTAGRAM : thisissafaa https://www.instagram.com/thisissafaa/ 📧 MY EMAIL inspiresafaa@gmail.com ♥ I LOVE YOU ALL SAFAA","safaa,sofy,SAFAA,kwili,senpai,lemo,khalafzone,Kharraz",24,Entertainment,,PT23M40S,1420,2d,hd,false,ar,ar,https://i.ytimg.com/vi/JxsNPgnYgLs/maxresdefault.jpg,1,,,,,1976527,80048,,0,4025
109,UCLcXeKotX5iu7nIjDUkRUyQ,SAFAA,XFGB_QrEvDg,2022-05-20T21:29:35Z,"2022-05-20 21:29:35","أغرب قضية اختفاء في أمريكا مع صور حقيقية و نهاية صادمه 🇺🇸","HEY HBIZAT & HBIZIN 📸 MY INSTAGRAM : thisissafaa https://www.instagram.com/thisissafaa/ 📧 MY EMAIL inspiresafaa@gmail.com ♥ I LOVE YOU ALL SAFAA","safaa,sofy,SAFAA,kwili,senpai,lemo,khalafzone,Kharraz",24,Entertainment,Lifestyle_(sociology),PT32M53S,1973,2d,hd,false,ar,ar,https://i.ytimg.com/vi/XFGB_QrEvDg/maxresdefault.jpg,1,,,,,2633517,114119,,0,5058
110,UCLcXeKotX5iu7nIjDUkRUyQ,SAFAA,L_UBvB0qtbg,2022-05-12T16:59:54Z,"2022-05-12 16:59:54","حقيقة مقتل يوسف الغامض على يد الشرطة (مباشرة مع الأم ديالو) 👮🏻‍♂️🇲🇦","HEY HBIZAT & HBIZIN 📸 MY INSTAGRAM : thisissafaa https://www.instagram.com/thisissafaa/ 📧 MY EMAIL inspiresafaa@gmail.com ♥ I LOVE YOU ALL SAFAA","safaa,sofy,SAFAA,kwili,senpai,lemo,khalafzone,Kharraz",24,Entertainment,,PT19M30S,1170,2d,hd,false,ar,ar,https://i.ytimg.com/vi/L_UBvB0qtbg/maxresdefault.jpg,1,,,,,1405954,88208,,0,5341
111,UCLcXeKotX5iu7nIjDUkRUyQ,SAFAA,WWYQR_lrC54,2022-05-05T20:09:53Z,"2022-05-05 20:09:53","غزلان دخلت لمستشفى الامراض النفسية و سرقو ليها بنتها بطريقة غريبة 🇲🇦","HEY HBIZAT & HBIZIN 📸 MY INSTAGRAM : thisissafaa https://www.instagram.com/thisissafaa/ 📧 MY EMAIL inspiresafaa@gmail.com ♥ I LOVE YOU ALL SAFAA","safaa,sofy,SAFAA,kwili,senpai,lemo,khalafzone,Kharraz",24,Entertainment,Lifestyle_(sociology),PT14M29S,869,2d,hd,false,ar,ar,https://i.ytimg.com/vi/WWYQR_lrC54/maxresdefault.jpg,1,,,,,1210553,85888,,0,6278
112,UCLcXeKotX5iu7nIjDUkRUyQ,SAFAA,i7SSbuvUOUY,2022-04-24T21:30:01Z,"2022-04-24 21:30:01","لغز مقتل فايث مع دلائل صادمه و اتصال 911 ☎️","HEY HBIZAT & HBIZIN 📸 MY INSTAGRAM : thisissafaa https://www.instagram.com/thisissafaa/ 📧 MY EMAIL inspiresafaa@gmail.com ♥ I LOVE YOU ALL SAFAA","safaa,sofy,SAFAA,kwili,senpai,lemo,khalafzone,Kharraz",24,Entertainment,,PT29M21S,1761,2d,hd,false,ar,ar,https://i.ytimg.com/vi/i7SSbuvUOUY/maxresdefault.jpg,1,,,,,2927844,104918,,0,4935
113,UCLcXeKotX5iu7nIjDUkRUyQ,SAFAA,4_7fqHgyNL0,2022-04-16T20:50:25Z,"2022-04-16 20:50:25","اختفاء جواهر حجّي الغامض مع تصريحات حصرية من أمها و خطيبها 🔞","HEY HBIZAT & HBIZIN 📸 MY INSTAGRAM : thisissafaa https://www.instagram.com/thisissafaa/ 📧 MY EMAIL inspiresafaa@gmail.com ♥ I LOVE YOU ALL SAFAA","safaa,sofy,SAFAA,kwili,senpai,lemo,khalafzone,Kharraz,جواهر,جواهر حجي,Jawaher,Jawaher hejji",24,Entertainment,,PT29M11S,1751,2d,hd,false,ar,ar,https://i.ytimg.com/vi/4_7fqHgyNL0/maxresdefault.jpg,1,,,,,1852883,93097,,0,4910
114,UCLcXeKotX5iu7nIjDUkRUyQ,SAFAA,1lIMdcQySMg,2022-04-06T20:57:03Z,"2022-04-06 20:57:03","شنو وقع للجزائري جمال و حبيبته في مراكش؟ 🇩🇿🇲🇦","HEY HBIZAT & HBIZIN 📸 MY INSTAGRAM : thisissafaa https://www.instagram.com/thisissafaa/ 📧 MY EMAIL inspiresafaa@gmail.com ♥ I LOVE YOU ALL SAFAA","safaa,sofy,SAFAA,kwili,senpai,lemo,khalafzone,Kharraz",24,Entertainment,Lifestyle_(sociology),PT39M27S,2367,2d,hd,false,ar,ar,https://i.ytimg.com/vi/1lIMdcQySMg/maxresdefault.jpg,1,,,,,3212162,131252,,0,9341
115,UCLcXeKotX5iu7nIjDUkRUyQ,SAFAA,kFCDBuM_OnU,2022-03-26T16:52:49Z,"2022-03-26 16:52:49","اختطاف آني في ضروف غريبة خلال رحلة شهر العسل مع زوجها 👰🏻‍♀️🤵🏻‍♂️","HEY HBIZAT & HBIZIN 📸 MY INSTAGRAM : thisissafaa https://www.instagram.com/thisissafaa/ 📧 MY EMAIL inspiresafaa@gmail.com ♥ I LOVE YOU ALL SAFAA","safaa,sofy,SAFAA,kwili,senpai,lemo,khalafzone,Kharraz",24,Entertainment,,PT21M4S,1264,2d,hd,false,ar,ar,https://i.ytimg.com/vi/kFCDBuM_OnU/maxresdefault.jpg,1,,,,,1575898,80159,,0,5323
116,UCLcXeKotX5iu7nIjDUkRUyQ,SAFAA,c2h2-za4H9Y,2022-03-12T14:02:55Z,"2022-03-12 14:02:55","قضية المغربية الجميلة جيهان العجوري 🇲🇦","HEY HBIZAT & HBIZIN 📸 MY INSTAGRAM : thisissafaa https://www.instagram.com/thisissafaa/ 📧 MY EMAIL inspiresafaa@gmail.com ♥ I LOVE YOU ALL SAFAA","safaa,sofy,SAFAA,kwili,senpai,lemo,khalafzone,Kharraz",24,Entertainment,,PT28M9S,1689,2d,hd,false,ar,ar,https://i.ytimg.com/vi/c2h2-za4H9Y/maxresdefault.jpg,1,,,,,2938268,164172,,0,11995
117,UCLcXeKotX5iu7nIjDUkRUyQ,SAFAA,9M1P_wiEWfM,2022-02-20T15:30:33Z,"2022-02-20 15:30:33","اختفاء سعاد الغامض بعد زواجها من مغربي مقيم بإيطاليا (مباشرة من منزل والديها) 🇲🇦","HEY HBIZAT & HBIZIN 📸 MY INSTAGRAM : thisissafaa https://www.instagram.com/thisissafaa/ 📧 MY EMAIL inspiresafaa@gmail.com ♥ I LOVE YOU ALL SAFAA","safaa,sofy,SAFAA,kwili,senpai,lemo,khalafzone,Kharraz",24,Entertainment,,PT44M4S,2644,2d,hd,false,ar,ar,https://i.ytimg.com/vi/9M1P_wiEWfM/maxresdefault.jpg,1,,,,,4828096,215444,,0,19232
118,UCLcXeKotX5iu7nIjDUkRUyQ,SAFAA,TbQ64B37l_M,2022-02-12T15:00:14Z,"2022-02-12 15:00:14","صديق التهامي بناني اللي حل msn يدلي بتصريحات في القضية ⛔️","HEY HBIZAT & HBIZIN 📸 MY INSTAGRAM : thisissafaa https://www.instagram.com/thisissafaa/ 📧 MY EMAIL inspiresafaa@gmail.com ♥ I LOVE YOU ALL SAFAA","safaa,sofy,SAFAA,kwili,senpai,lemo,khalafzone,Kharraz",24,Entertainment,,PT12M54S,774,2d,hd,false,ar,ar,https://i.ytimg.com/vi/TbQ64B37l_M/maxresdefault.jpg,1,,,,,1958664,175942,,0,9278
119,UCLcXeKotX5iu7nIjDUkRUyQ,SAFAA,kMIjLy3d1Gs,2022-01-20T17:00:26Z,"2022-01-20 17:00:26","لغز أشهَر قضية اختفاء في المغرب مع أم المختفي التهامي بناني ⚠️","HEY HBIZAT & HBIZIN 📸 MY INSTAGRAM : thisissafaa https://www.instagram.com/thisissafaa/ 📧 MY EMAIL inspiresafaa@gmail.com ♥ I LOVE YOU ALL SAFAA","safaa,sofy,SAFAA,kwili,senpai,lemo,khalafzone,Kharraz",24,Entertainment,,PT30M41S,1841,2d,hd,false,ar,ar,,1,,,,,6876087,392548,,0,23252
120,UCLcXeKotX5iu7nIjDUkRUyQ,SAFAA,xlU_2DUTb4o,2022-01-12T17:43:57Z,"2022-01-12 17:43:57","يوتيوبر يحل قضية اختفاء غامضة دامت 21 سنة 🚗","HEY HBIZAT & HBIZIN 📸 MY INSTAGRAM : thisissafaa https://www.instagram.com/thisissafaa/ 🎬 SEND ME YOUR VIDEO IDEAS inspiresafaa@gmail.com 📧 COLLABS safaacollab@gmail.com ♥ I LOVE YOU ALL SAFAA","safaa,sofy,SAFAA,kwili,senpai,lemo,khalafzone,Kharraz",24,Entertainment,,PT13M40S,820,2d,hd,false,ar,ar,https://i.ytimg.com/vi/xlU_2DUTb4o/maxresdefault.jpg,1,,,,,2027122,94737,,0,3054
121,UCLcXeKotX5iu7nIjDUkRUyQ,SAFAA,6nVReh21NOw,2022-01-05T21:04:45Z,"2022-01-05 21:04:45","حوار حصري مع ربيعة زوجة قربال تُدلي فيه بتصريحات صادمه 🇲🇦","HEY HBIZAT & HBIZIN 📸 MY INSTAGRAM : thisissafaa https://www.instagram.com/thisissafaa/ 📧 MY EMAIL inspiresafaa@gmail.com ♥ I LOVE YOU ALL SAFAA","safaa,sofy,SAFAA,kwili,senpai,lemo,khalafzone,Kharraz",24,Entertainment,,PT39M22S,2362,2d,hd,false,ar,ar,https://i.ytimg.com/vi/6nVReh21NOw/maxresdefault.jpg,1,,,,,1729033,72300,,0,9885
122,UCLcXeKotX5iu7nIjDUkRUyQ,SAFAA,WwjLOkNM0NY,2021-12-25T18:30:53Z,"2021-12-25 18:30:53","اختفاء جوهانا في كريسماس و اتصال غامض يحل القضية 🎄","HEY HBIZAT & HBIZIN 📸 MY INSTAGRAM : thisissafaa https://www.instagram.com/thisissafaa/ 🎬 SEND ME YOUR VIDEO IDEAS inspiresafaa@gmail.com 📧 COLLABS safaacollab@gmail.com ♥ I LOVE YOU ALL SAFAA","safaa,sofy,SAFAA,kwili,senpai,lemo,khalafzone,Kharraz",24,Entertainment,Entertainment,PT18M19S,1099,2d,hd,false,ar,ar,,1,,,,,1540149,83055,,0,3088
123,UCLcXeKotX5iu7nIjDUkRUyQ,SAFAA,b5SEoR0sdTQ,2021-12-22T17:20:21Z,"2021-12-22 17:20:21","حوار حصري مع قربال مباشرة من داخل السجن في فرنسا 🇲🇦","HEY HBIZAT & HBIZIN 📸 MY INSTAGRAM : thisissafaa https://www.instagram.com/thisissafaa/ 📧 MY EMAIL inspiresafaa@gmail.com ♥ I LOVE YOU ALL SAFAA","safaa,sofy,SAFAA,kwili,senpai,lemo,khalafzone,Kharraz",24,Entertainment,,PT44M19S,2659,2d,hd,false,ar,ar,https://i.ytimg.com/vi/b5SEoR0sdTQ/maxresdefault.jpg,1,,,,,2134766,98870,,0,10163
124,UCLcXeKotX5iu7nIjDUkRUyQ,SAFAA,UYTY5gJqu0g,2021-12-15T18:28:05Z,"2021-12-15 18:28:05","اختفاء لاتيشي خمسة أيام بعد انتقالها للعيش مع حبيبها ⚠️","HEY HBIZAT & HBIZIN 📸 MY INSTAGRAM : thisissafaa https://www.instagram.com/thisissafaa/ 🎬 SEND ME YOUR VIDEO IDEAS inspiresafaa@gmail.com 📧 COLLABS safaacollab@gmail.com ♥ I LOVE YOU ALL SAFAA","safaa,sofy,SAFAA,kwili,senpai,lemo,khalafzone,Kharraz",24,Entertainment,Lifestyle_(sociology),PT21M7S,1267,2d,hd,false,ar,ar,https://i.ytimg.com/vi/UYTY5gJqu0g/maxresdefault.jpg,1,,,,,1741631,91307,,0,4432
125,UCLcXeKotX5iu7nIjDUkRUyQ,SAFAA,N7MWQkFTI5s,2021-12-08T22:14:03Z,"2021-12-08 22:14:03","قصص المتابعين الحقيقية مع الجن 5 👻","HEY HBIZAT & HBIZIN 📸 MY INSTAGRAM : thisissafaa https://www.instagram.com/thisissafaa/ 🎬 SEND ME YOUR VIDEO IDEAS inspiresafaa@gmail.com 📧 COLLABS safaacollab@gmail.com ♥ I LOVE YOU ALL SAFAA","safaa,sofy,SAFAA,kwili,senpai,lemo,khalafzone,Kharraz",24,Entertainment,,PT30M17S,1817,2d,hd,false,it,ar,https://i.ytimg.com/vi/N7MWQkFTI5s/maxresdefault.jpg,1,,,,,1759336,77904,,0,6405
126,UCLcXeKotX5iu7nIjDUkRUyQ,SAFAA,3vgGNndzexE,2021-12-05T19:21:36Z,"2021-12-05 19:21:36","مستجدات خطيره فالقضية ديال غابي بيتيتو 💀⚰️","HEY HBIZAT & HBIZIN 📸 MY INSTAGRAM : thisissafaa https://www.instagram.com/thisissafaa/ 🎬 SEND ME YOUR VIDEO IDEAS inspiresafaa@gmail.com 📧 COLLABS safaacollab@gmail.com ♥ I LOVE YOU ALL SAFAA","safaa,sofy,SAFAA,kwili,senpai,lemo,khalafzone,Kharraz",24,Entertainment,,PT18M10S,1090,2d,hd,false,ar,ar,https://i.ytimg.com/vi/3vgGNndzexE/maxresdefault.jpg,1,,,,,1041242,55352,,0,3315
127,UCLcXeKotX5iu7nIjDUkRUyQ,SAFAA,khUqBSBV7Js,2021-11-27T17:00:35Z,"2021-11-27 17:00:35","إيرين مشات للغابة مع 6 ديال الصباح لسبب غريب ولكن ما رجعاتش 😨","HEY HBIZAT & HBIZIN 📸 MY INSTAGRAM : thisissafaa https://www.instagram.com/thisissafaa/ 🎬 SEND ME YOUR VIDEO IDEAS inspiresafaa@gmail.com 📧 COLLABS safaacollab@gmail.com ♥ I LOVE YOU ALL SAFAA","safaa,sofy,SAFAA,kwili,senpai,lemo,khalafzone,Kharraz",24,Entertainment,Lifestyle_(sociology),PT18M57S,1137,2d,hd,false,ar,ar,https://i.ytimg.com/vi/khUqBSBV7Js/maxresdefault.jpg,1,,,,,1508816,73700,,0,3084
128,UCLcXeKotX5iu7nIjDUkRUyQ,SAFAA,ZkQxKgrio1o,2021-11-24T18:37:03Z,"2021-11-24 18:37:03","فين اختفت كايتلين و شنو علاقتها بالفيديو الغريب اللي تنشر فيوتيوب؟ 🎥","HEY HBIZAT & HBIZIN 📸 MY INSTAGRAM : thisissafaa https://www.instagram.com/thisissafaa/ 🎬 SEND ME YOUR VIDEO IDEAS inspiresafaa@gmail.com 📧 COLLABS safaacollab@gmail.com ♥ I LOVE YOU ALL SAFAA","safaa,sofy,SAFAA,kwili,senpai,lemo,khalafzone,Kharraz",24,Entertainment,Lifestyle_(sociology),PT16M3S,963,2d,hd,false,ar,ar,https://i.ytimg.com/vi/ZkQxKgrio1o/maxresdefault.jpg,1,,,,,1291293,64303,,0,3103
129,UCLcXeKotX5iu7nIjDUkRUyQ,SAFAA,Tj_kmA2gSQM,2021-11-16T17:00:15Z,"2021-11-16 17:00:15","شنو وقع لرايان و علاش هدا أغرب تحقيق سجلاتو كاميرات المراقبة؟ 📹","HEY HBIZAT & HBIZIN 📸 MY INSTAGRAM : thisissafaa https://www.instagram.com/thisissafaa/ 🎬 SEND ME YOUR VIDEO IDEAS inspiresafaa@gmail.com 📧 COLLABS safaacollab@gmail.com ♥ I LOVE YOU ALL SAFAA","safaa,sofy,SAFAA,kwili,senpai,lemo,khalafzone,Kharraz",24,Entertainment,,PT24M36S,1476,2d,hd,false,ar,ar,https://i.ytimg.com/vi/Tj_kmA2gSQM/maxresdefault.jpg,1,,,,,1853758,99070,,0,4694
130,UCLcXeKotX5iu7nIjDUkRUyQ,SAFAA,QdW-ztZ1NFo,2021-11-10T18:00:07Z,"2021-11-10 18:00:07","اختفاء مايا يوم 7 يناير 2021 و حاسوب زوجها يكشف أسرار صادمه 💻","HEY HBIZAT & HBIZIN 📸 MY INSTAGRAM : thisissafaa https://www.instagram.com/thisissafaa/ 🎬 SEND ME YOUR VIDEO IDEAS inspiresafaa@gmail.com 📧 COLLABS safaacollab@gmail.com ♥ I LOVE YOU ALL SAFAA",,24,Entertainment,,PT22M32S,1352,2d,hd,false,ar,ar,https://i.ytimg.com/vi/QdW-ztZ1NFo/maxresdefault.jpg,1,,,,,1956473,80115,,0,3223
131,UCLcXeKotX5iu7nIjDUkRUyQ,SAFAA,ryYndMig9V8,2021-11-04T18:00:31Z,"2021-11-04 18:00:31","اختفاء المغربية كريمة في ظروف غامضة خلال رحلة مع زوجها 🇲🇦","HEY HBIZAT & HBIZIN 📸 MY INSTAGRAM : thisissafaa https://www.instagram.com/thisissafaa/ 🎬 SEND ME YOUR VIDEO IDEAS inspiresafaa@gmail.com 📧 COLLABS safaacollab@gmail.com ♥ I LOVE YOU ALL SAFAA","safaa,sofy,SAFAA,kwili,senpai,lemo,khalafzone,Kharraz",24,Entertainment,,PT28M40S,1720,2d,hd,false,ar,ar,https://i.ytimg.com/vi/ryYndMig9V8/maxresdefault.jpg,1,,,,,2611237,95182,,0,5216
132,UCLcXeKotX5iu7nIjDUkRUyQ,SAFAA,EhwbOqttAdQ,2021-10-30T18:34:07Z,"2021-10-30 18:34:07","تطورات خطيره في قضية غابي بيتيتو مع دلائل جديدة و صادمة ⛔️","HEY HBIZAT & HBIZIN 📸 MY INSTAGRAM : thisissafaa https://www.instagram.com/thisissafaa/ 🎬 SEND ME YOUR VIDEO IDEAS inspiresafaa@gmail.com 📧 COLLABS safaacollab@gmail.com ♥ I LOVE YOU ALL SAFAA",,24,Entertainment,,PT26M9S,1569,2d,hd,false,ar,ar,https://i.ytimg.com/vi/EhwbOqttAdQ/maxresdefault.jpg,1,,,,,1396150,72203,,0,3420
133,UCLcXeKotX5iu7nIjDUkRUyQ,SAFAA,LJOWr-6KwUk,2021-10-23T18:30:38Z,"2021-10-23 18:30:38","روبرت دمية عادية أو شيء آخر؟ و شنو سر مستشفى الدمى المرعب باستراليا؟ 🧸🔪","HEY HBIZAT & HBIZIN 📸 MY INSTAGRAM : thisissafaa https://www.instagram.com/thisissafaa/ 🎬 SEND ME YOUR VIDEO IDEAS inspiresafaa@gmail.com 📧 COLLABS safaacollab@gmail.com ♥ I LOVE YOU ALL SAFAA",,24,Entertainment,Lifestyle_(sociology),PT11M41S,701,2d,hd,false,ar,ar,https://i.ytimg.com/vi/LJOWr-6KwUk/maxresdefault.jpg,1,,,,,1030535,56181,,0,3430
134,UCLcXeKotX5iu7nIjDUkRUyQ,SAFAA,MLeqxUz2D-k,2021-10-20T17:00:14Z,"2021-10-20 17:00:14","أشهر منزل مسكون في العالم مع صور حقيقية و مرعبة 🪦💀","HEY HBIZAT & HBIZIN 📸 MY INSTAGRAM : thisissafaa https://www.instagram.com/thisissafaa/ 🎬 SEND ME YOUR VIDEO IDEAS inspiresafaa@gmail.com 📧 COLLABS safaacollab@gmail.com ♥ I LOVE YOU ALL SAFAA",,24,Entertainment,"Entertainment,Film",PT13M46S,826,2d,hd,false,ar,ar,https://i.ytimg.com/vi/MLeqxUz2D-k/maxresdefault.jpg,1,,,,,1905954,99849,,0,4453
135,UCLcXeKotX5iu7nIjDUkRUyQ,SAFAA,cpkWyof2NOE,2021-10-16T18:00:08Z,"2021-10-16 18:00:08","اختفاء سارة المفاجئ في لندن و كاميرات المراقبة تسجل دلائل صادمة 🎥🏴󠁧󠁢󠁥󠁮󠁧󠁿","HEY HBIZAT & HBIZIN 📸 MY INSTAGRAM : thisissafaa https://www.instagram.com/thisissafaa/ 🎬 SEND ME YOUR VIDEO IDEAS inspiresafaa@gmail.com 📧 COLLABS safaacollab@gmail.com ♥ I LOVE YOU ALL SAFAA","safaa,sofy,SAFAA,kwili,senpai,lemo,khalafzone,Kharraz",24,Entertainment,,PT14M7S,847,2d,hd,false,ar,ar,https://i.ytimg.com/vi/cpkWyof2NOE/maxresdefault.jpg,1,,,,,1362299,61236,,0,2785
136,UCLcXeKotX5iu7nIjDUkRUyQ,SAFAA,Cnr4SRz6kF8,2021-10-13T18:00:04Z,"2021-10-13 18:00:04","رسائل و إيميلات حقيقيّة و مخيفة من أشخاص بعد موتهم ⚰️🪦","HI HBIZAT & HBIZIN 📸 INSTAGRAM : thisissafaa https://www.instagram.com/thisissafaa/ 🎬 VIDEO IDEAS inspiresafaa@gmail.com 📧 COLLABS safaacollab@gmail.com ♥ I LOVE YOU ALL SAFAA",,24,Entertainment,,PT15M22S,922,2d,hd,false,ar,ar,https://i.ytimg.com/vi/Cnr4SRz6kF8/maxresdefault.jpg,1,,,,,972376,56163,,0,3591
137,UCLcXeKotX5iu7nIjDUkRUyQ,SAFAA,G5b0Z-BQIcc,2021-10-07T17:00:19Z,"2021-10-07 17:00:19","شنو سر الرسالة الغريبة اللي كتبات هاد الممثلة المشهورة فبوليوود ✉️🇮🇳","HI HBIZAT & HBIZIN 📸 INSTAGRAM : thisissafaa https://www.instagram.com/thisissafaa/ 🎬 VIDEO IDEAS inspiresafaa@gmail.com 📧 COLLABS safaacollab@gmail.com ♥ I LOVE YOU ALL SAFAA",,24,Entertainment,Lifestyle_(sociology),PT19M56S,1196,2d,hd,false,ar,ar,https://i.ytimg.com/vi/G5b0Z-BQIcc/maxresdefault.jpg,1,,,,,1350299,66492,,0,3307
138,UCLcXeKotX5iu7nIjDUkRUyQ,SAFAA,hNLUs19xG3M,2021-09-30T18:30:46Z,"2021-09-30 18:30:46","اختفاء غابي بيتيتو في رحلة مع خطيبها مع تسجيلات و دلائل صادمة 🇺🇸","HI HBIZAT & HBIZIN 📸 INSTAGRAM : thisissafaa https://www.instagram.com/thisissafaa/ 🎬 VIDEO IDEAS inspiresafaa@gmail.com 📧 COLLABS safaacollab@gmail.com ♥ I LOVE YOU ALL SAFAA",,24,Entertainment,Lifestyle_(sociology),PT29M5S,1745,2d,hd,false,ar,ar,https://i.ytimg.com/vi/hNLUs19xG3M/maxresdefault.jpg,1,,,,,1848353,81857,,0,4000
139,UCLcXeKotX5iu7nIjDUkRUyQ,SAFAA,AyFmRX97mTY,2021-09-20T17:56:31Z,"2021-09-20 17:56:31","شنو وقع لأناليز من بعد الطقوس الغريبة لطرد الشياطين من جسدها؟ ⚰️","HI HBIZAT & HBIZIN 📸 INSTAGRAM : thisissafaa https://www.instagram.com/thisissafaa/ 🎬 VIDEO IDEAS inspiresafaa@gmail.com 📧 COLLABS safaacollab@gmail.com ♥ I LOVE YOU ALL SAFAA",,24,Entertainment,,PT15M49S,949,2d,hd,false,ar,ar,https://i.ytimg.com/vi/AyFmRX97mTY/maxresdefault.jpg,1,,,,,998325,53957,,0,4149
140,UCLcXeKotX5iu7nIjDUkRUyQ,SAFAA,7yVYiGIZMD0,2021-09-15T19:13:09Z,"2021-09-15 19:13:09","قضية العارضة الجميلة رودا عطيف مع صور و دلائل مرعبة 🇲🇻","HI HBIZAT & HBIZIN 📸 INSTAGRAM : thisissafaa https://www.instagram.com/thisissafaa/ 🎬 VIDEO IDEAS inspiresafaa@gmail.com 📧 COLLABS safaacollab@gmail.com ♥ I LOVE YOU ALL SAFAA",,26,"Howto & Style",Lifestyle_(sociology),PT16M31S,991,2d,hd,false,ar,ar,https://i.ytimg.com/vi/7yVYiGIZMD0/maxresdefault.jpg,1,,,,,1811035,83067,,0,4575
141,UCLcXeKotX5iu7nIjDUkRUyQ,SAFAA,ao12Vesg_k8,2021-09-11T21:15:01Z,"2021-09-11 21:15:01","قصص المتابعين الحقيقية مع الجِن 4 👻","HI HBIZAT & HBIZIN 📸 INSTAGRAM : thisissafaa https://www.instagram.com/thisissafaa/ 🎬 VIDEO IDEAS inspiresafaa@gmail.com 📧 COLLABS safaacollab@gmail.com ♥ I LOVE YOU ALL SAFAA","safaa,sofy,SAFAA,kwili,senpai,lemo,khalafzone,Kharraz",26,"Howto & Style",Lifestyle_(sociology),PT27M32S,1652,2d,hd,false,it,ar,https://i.ytimg.com/vi/ao12Vesg_k8/maxresdefault.jpg,1,,,,,1494819,75458,,0,6333
142,UCLcXeKotX5iu7nIjDUkRUyQ,SAFAA,CJMMjAgV1sg,2021-09-02T18:00:05Z,"2021-09-02 18:00:05","شنو وقع لكارولين يوم 11 ماي 2021 و كيفاش تحلات القضية بسبب أيفون 📱🇬🇷","HI HBIZAT & HBIZIN 📸 INSTAGRAM : thisissafaa https://www.instagram.com/thisissafaa/ 🎬 VIDEO IDEAS inspiresafaa@gmail.com 📧 COLLABS safaacollab@gmail.com ♥ I LOVE YOU ALL SAFAA","safaa,sofy,SAFAA,kwili,senpai,lemo,khalafzone,Kharraz",26,"Howto & Style",Lifestyle_(sociology),PT14M6S,846,2d,hd,false,ar,ar,https://i.ytimg.com/vi/CJMMjAgV1sg/maxresdefault.jpg,1,,,,,2102037,86144,,0,4331
143,UCLcXeKotX5iu7nIjDUkRUyQ,SAFAA,0_DVALOZi18,2021-08-28T18:00:00Z,"2021-08-28 18:00:00","اختفاء لارس في مطار بلغاريا و كاميرات المراقبة تسجل تصرفاتة الغريبة ✈️","HI HBIZAT & HBIZIN 📸 INSTAGRAM : thisissafaa https://www.instagram.com/thisissafaa/ 🎬 VIDEO IDEAS inspiresafaa@gmail.com 📧 COLLABS safaacollab@gmail.com ♥ I LOVE YOU ALL SAFAA","safaa,sofy,SAFAA,kwili,senpai,lemo,khalafzone,Kharraz",26,"Howto & Style",Lifestyle_(sociology),PT18M38S,1118,2d,hd,false,ar,ar,https://i.ytimg.com/vi/0_DVALOZi18/maxresdefault.jpg,1,,,,,1389297,62217,,0,3702
144,UCLcXeKotX5iu7nIjDUkRUyQ,SAFAA,KP1XX7mypeI,2021-08-24T18:06:35Z,"2021-08-24 18:06:35","الشرطة الأسترالية تتوصل برسالة غريبة بعد 5 سنوات من اختفاء ناتاشا 🇦🇺","HI HBIZAT & HBIZIN 📸 INSTAGRAM : thisissafaa https://www.instagram.com/thisissafaa/ 🎬 VIDEO IDEAS inspiresafaa@gmail.com 📧 COLLABS safaacollab@gmail.com ♥ I LOVE YOU ALL SAFAA",,26,"Howto & Style",,PT14M1S,841,2d,hd,false,ar,ar,https://i.ytimg.com/vi/KP1XX7mypeI/maxresdefault.jpg,1,,,,,1739022,87009,,0,4764
145,UCLcXeKotX5iu7nIjDUkRUyQ,SAFAA,npbFe8bnMkc,2021-08-16T18:08:48Z,"2021-08-16 18:08:48","هل فاطمة المغربية الجميلة هي السبب في اختفاء أزواجها؟ 🇲🇦","HI HBIZAT & HBIZIN 📸 INSTAGRAM : thisissafaa https://www.instagram.com/thisissafaa/ 🎬 VIDEO IDEAS inspiresafaa@gmail.com 📧 COLLABS safaacollab@gmail.com ♥ I LOVE YOU ALL SAFAA","safaa,sofy,SAFAA,kwili,senpai,lemo,khalafzone,Kharraz",26,"Howto & Style",Lifestyle_(sociology),PT23M19S,1399,2d,hd,false,ar,ar,https://i.ytimg.com/vi/npbFe8bnMkc/maxresdefault.jpg,1,,,,,2000286,75427,,0,4835
146,UCLcXeKotX5iu7nIjDUkRUyQ,SAFAA,YNj_9n1eBog,2021-08-10T20:29:50Z,"2021-08-10 20:29:50","اختفاء سارة الغامض و صديقها يكشف أسرار مرعبة للشرطة 🚔","HI HBIZAT & HBIZIN 📸 INSTAGRAM : thisissafaa https://www.instagram.com/thisissafaa/ 🎬 VIDEO IDEAS inspiresafaa@gmail.com 📧 COLLABS safaacollab@gmail.com ♥ I LOVE YOU ALL SAFAA","safaa,sofy,SAFAA,kwili,senpai,lemo,khalafzone,Kharraz",26,"Howto & Style",,PT17M21S,1041,2d,hd,false,ar,ar,https://i.ytimg.com/vi/YNj_9n1eBog/maxresdefault.jpg,1,,,,,1398806,66763,,0,3485
147,UCLcXeKotX5iu7nIjDUkRUyQ,SAFAA,FzEGfHIySNo,2021-08-01T17:28:42Z,"2021-08-01 17:28:42","اختفاء شينا في ظروف غامضة بعد وقوعها في حب الرجل الخطأ 🇮🇳","HI HBIZAT & HBIZIN 📸 INSTAGRAM : thisissafaa https://www.instagram.com/thisissafaa/ 📧 VIDEO IDEAS inspiresafaa@gmail.com 📧 COLLABS safaacollab@gmail.com ♥ I LOVE YOU ALL SAFAA","safaa,sofy,SAFAA,kwili,senpai,lemo,khalafzone,Kharraz",26,"Howto & Style",Lifestyle_(sociology),PT21M2S,1262,2d,hd,false,ar,ar,https://i.ytimg.com/vi/FzEGfHIySNo/maxresdefault.jpg,1,,,,,1201864,58897,,0,4651
148,UCLcXeKotX5iu7nIjDUkRUyQ,SAFAA,RckrZqf35cc,2021-07-25T17:00:24Z,"2021-07-25 17:00:24","ابن زوج ممثلة مغربية مشهورة تحوّل من طفل بريء لمجرم ‼️ الجزء الأخير","HI HBIZAT & HBIZIN 📸 INSTAGRAM : thisissafaa https://www.instagram.com/thisissafaa/ 📧 VIDEO IDEAS inspiresafaa@gmail.com 📧 COLLABS safaacollab@gmail.com ♥ I LOVE YOU ALL","safaa,sofy,SAFAA,kwili,senpai,lemo,khalafzone,Kharraz",26,"Howto & Style",,PT35M42S,2142,2d,hd,false,ar,ar,https://i.ytimg.com/vi/RckrZqf35cc/maxresdefault.jpg,1,,,,,1701175,70125,,0,8464
149,UCLcXeKotX5iu7nIjDUkRUyQ,SAFAA,rapOl8Aycjs,2021-07-21T19:38:01Z,"2021-07-21 19:38:01","ابن زوج ممثلة مغربية مشهورة تحوّل من طفل بريء لمجرم ‼️ الجزء الثالث","الجزء الاول: https://youtu.be/0ISGXKlSYNo الجزء الثاني: https://youtu.be/Zu8isD2tyKs 📸 INSTAGRAM : thisissafaa https://www.instagram.com/thisissafaa/ 📧 E-MAIL : safaacollab@gmail.com ♥ DON’T FORGET TO LIKE & SUBSCRIBE I LOVE YOU BABES SAFAA","safaa,sofy,SAFAA,kwili,senpai,lemo,khalafzone,Kharraz",26,"Howto & Style",,PT26M11S,1571,2d,hd,false,ar,ar,https://i.ytimg.com/vi/rapOl8Aycjs/maxresdefault.jpg,1,,,,,1432273,55169,,0,4113
150,UCLcXeKotX5iu7nIjDUkRUyQ,SAFAA,Zu8isD2tyKs,2021-07-19T18:00:19Z,"2021-07-19 18:00:19","ابن زوج ممثلة مغربية مشهورة تحوّل من طفل بريء لمجرم ‼️ الجزء الثاني","📸 INSTAGRAM : thisissafaa https://www.instagram.com/thisissafaa/ 📧 E-MAIL : safaacollab@gmail.com ♥ DON’T FORGET TO LIKE & SUBSCRIBE I LOVE YOU BABES SAFAA","safaa,sofy,SAFAA,kwili,senpai,lemo,khalafzone,Kharraz",26,"Howto & Style",,PT13M39S,819,2d,hd,false,ar,ar,https://i.ytimg.com/vi/Zu8isD2tyKs/maxresdefault.jpg,1,,,,,1269372,48341,,0,2559
151,UCLcXeKotX5iu7nIjDUkRUyQ,SAFAA,0ISGXKlSYNo,2021-07-18T18:00:00Z,"2021-07-18 18:00:00","ابن زوج ممثلة مغربية مشهورة تحوّل من طفل بريء لمجرم ‼️ الجزء الاول","📸 INSTAGRAM : thisissafaa https://www.instagram.com/thisissafaa/ 📧 E-MAIL : safaacollab@gmail.com ♥ DON’T FORGET TO LIKE & SUBSCRIBE I LOVE YOU BABES SAFAA","safaa,sofy,SAFAA,kwili,senpai,lemo,khalafzone,Kharraz",26,"Howto & Style",,PT14M21S,861,2d,hd,false,ar,ar,https://i.ytimg.com/vi/0ISGXKlSYNo/maxresdefault.jpg,1,,,,,1924121,72806,,0,3814
152,UCLcXeKotX5iu7nIjDUkRUyQ,SAFAA,sopwi-NW6uk,2021-07-14T19:49:17Z,"2021-07-14 19:49:17","لا پاسكواليتا.. مانيكان أو جثة محنّطة لعروس حقيقية؟ 👰🏻‍♀️","📸 INSTAGRAM : thisissafaa https://www.instagram.com/thisissafaa/ 📧 E-MAIL : safaacollab@gmail.com ♥ DON’T FORGET TO LIKE & SUBSCRIBE I LOVE YOU BABES SAFAA","safaa,sofy,SAFAA,kwili,senpai,lemo,khalafzone,Kharraz",26,"Howto & Style",Lifestyle_(sociology),PT13M32S,812,2d,hd,false,ar,ar,https://i.ytimg.com/vi/sopwi-NW6uk/maxresdefault.jpg,1,,,,,1231721,57181,,0,3985
153,UCLcXeKotX5iu7nIjDUkRUyQ,SAFAA,3ifeBfrdEmA,2021-07-10T17:59:15Z,"2021-07-10 17:59:15","الحقيقة وراء سجن كاميرون هيرين الوسيم لمدة 24 سنة ⚠️","📸 INSTAGRAM : thisissafaa https://www.instagram.com/thisissafaa/ 📧 E-MAIL : safaacollab@gmail.com ♥ DON’T FORGET TO LIKE & SUBSCRIBE I LOVE YOU BABES SAFAA","safaa,sofy,SAFAA,kwili,senpai,lemo,khalafzone,Kharraz",26,"Howto & Style",,PT19M3S,1143,2d,hd,false,ar,ar,https://i.ytimg.com/vi/3ifeBfrdEmA/maxresdefault.jpg,1,,,,,1732489,93275,,0,5754
154,UCLcXeKotX5iu7nIjDUkRUyQ,SAFAA,RbDLlGOsP7M,2021-07-07T18:03:53Z,"2021-07-07 18:03:53","اتصال 911 مرعب لأم تحولت إلى كانيبال لسبب غريب ☎️","📸 INSTAGRAM : thisissafaa https://www.instagram.com/thisissafaa/ 📧 E-MAIL : safaacollab@gmail.com ♥ DON’T FORGET TO LIKE & SUBSCRIBE I LOVE YOU BABES SAFAA","safaa,sofy,SAFAA,kwili,senpai,lemo,khalafzone,Kharraz",26,"Howto & Style",,PT15M42S,942,2d,hd,false,ar,ar,https://i.ytimg.com/vi/RbDLlGOsP7M/maxresdefault.jpg,1,,,,,1043945,51137,,0,3121
155,UCLcXeKotX5iu7nIjDUkRUyQ,SAFAA,8oK0u3dlJ1k,2021-07-03T19:19:33Z,"2021-07-03 19:19:33","تحديث قضية أمينة و سارة بعد النطق بالحكم الأخير 👨🏻‍⚖️","📸 INSTAGRAM : thisissafaa https://www.instagram.com/thisissafaa/ 📧 E-MAIL : safaacollab@gmail.com ♥ DON’T FORGET TO LIKE & SUBSCRIBE I LOVE YOU BABES SAFAA","safaa,sofy,SAFAA,kwili,senpai,lemo,khalafzone,Kharraz",26,"Howto & Style",,PT5M7S,307,2d,hd,false,ar,ar,https://i.ytimg.com/vi/8oK0u3dlJ1k/maxresdefault.jpg,1,,,,,665890,44925,,0,3156
156,UCLcXeKotX5iu7nIjDUkRUyQ,SAFAA,bdSzd4KUPMo,2021-07-01T18:14:05Z,"2021-07-01 18:14:05","علاقة حب بدأت على الفايسبوك و انتهت في المقبرة 🪦💔","📸 INSTAGRAM : thisissafaa https://www.instagram.com/thisissafaa/ 📧 E-MAIL : safaacollab@gmail.com ♥ DON’T FORGET TO LIKE & SUBSCRIBE I LOVE YOU BABES SAFAA","safaa,sofy,SAFAA,kwili,senpai,lemo,khalafzone,Kharraz",26,"Howto & Style",,PT21M43S,1303,2d,hd,false,ar,ar,https://i.ytimg.com/vi/bdSzd4KUPMo/maxresdefault.jpg,1,,,,,1534818,63854,,0,3019
157,UCLcXeKotX5iu7nIjDUkRUyQ,SAFAA,Pj-rAQ8IWMw,2021-06-27T19:19:16Z,"2021-06-27 19:19:16","مهندس في شركة ناسا يسكن مع مخلوقات شيطانية غريبة 👹","📸 INSTAGRAM : thisissafaa https://www.instagram.com/thisissafaa/ 📧 E-MAIL : safaacollab@gmail.com ♥ DON’T FORGET TO LIKE & SUBSCRIBE I LOVE YOU BABES SAFAA","safaa,sofy,SAFAA,kwili,senpai,lemo,khalafzone,Kharraz",26,"Howto & Style",,PT21M21S,1281,2d,hd,false,ar,ar,https://i.ytimg.com/vi/Pj-rAQ8IWMw/maxresdefault.jpg,1,,,,,1299928,75004,,0,5082
158,UCLcXeKotX5iu7nIjDUkRUyQ,SAFAA,qQlUfDgR0XA,2021-06-23T19:11:26Z,"2021-06-23 19:11:26","اختفاء لايسي و هي حامل و تصرفات زوجها الغريبة تثير الشكوك 🤰🏻🔞","📸 INSTAGRAM : thisissafaa https://www.instagram.com/thisissafaa/ 📧 E-MAIL : safaacollab@gmail.com ♥ DON’T FORGET TO LIKE & SUBSCRIBE I LOVE YOU BABES SAFAA","safaa,sofy,SAFAA,kwili,senpai,lemo,khalafzone,Kharraz",26,"Howto & Style",Lifestyle_(sociology),PT26M15S,1575,2d,hd,false,ar,ar,https://i.ytimg.com/vi/qQlUfDgR0XA/maxresdefault.jpg,1,,,,,1919133,62426,,0,3510
159,UCLcXeKotX5iu7nIjDUkRUyQ,SAFAA,9n73zRfGfPc,2021-06-19T18:34:03Z,"2021-06-19 18:34:03","اختفاء ليزا هولم الغامض بعد ظهور قناة بإسمها على اليوتيوب 🇸🇪","📸 INSTAGRAM : thisissafaa https://www.instagram.com/thisissafaa/ 📧 E-MAIL : safaacollab@gmail.com ♥ DON’T FORGET TO LIKE & SUBSCRIBE I LOVE YOU BABES SAFAA","safaa,sofy,SAFAA,kwili,senpai,lemo,khalafzone,Kharraz",26,"Howto & Style",Lifestyle_(sociology),PT23M42S,1422,2d,hd,false,ar,ar,https://i.ytimg.com/vi/9n73zRfGfPc/maxresdefault.jpg,1,,,,,2037566,94449,,0,3664
160,UCLcXeKotX5iu7nIjDUkRUyQ,SAFAA,MjlyE-xlSJE,2021-06-12T18:31:24Z,"2021-06-12 18:31:24","موقع وايفير الأمريكي للأثاث كيتاجر فالمراهقات 🆘","📸 INSTAGRAM : thisissafaa https://www.instagram.com/thisissafaa/ 📧 E-MAIL : safaacollab@gmail.com ♥ DON’T FORGET TO LIKE & SUBSCRIBE I LOVE YOU BABES SAFAA","safaa,sofy,SAFAA,kwili,senpai,lemo,khalafzone,Kharraz",26,"Howto & Style",Lifestyle_(sociology),PT14M30S,870,2d,hd,false,ar,ar,https://i.ytimg.com/vi/MjlyE-xlSJE/maxresdefault.jpg,1,,,,,1063924,56541,,0,2964
161,UCLcXeKotX5iu7nIjDUkRUyQ,SAFAA,D-qTrgRQr7o,2021-06-09T18:21:47Z,"2021-06-09 18:21:47","أغرب الرسائل اللي خلاوها الناس قبل ما ينتاحرو ⚰️","📸 INSTAGRAM : thisissafaa https://www.instagram.com/thisissafaa/ 📧 E-MAIL : safaacollab@gmail.com ♥ DON’T FORGET TO LIKE & SUBSCRIBE I LOVE YOU BABES SAFAA","safaa,sofy,SAFAA,kwili,senpai,lemo,khalafzone,Kharraz",26,"Howto & Style",Lifestyle_(sociology),PT16M24S,984,2d,hd,false,ar,ar,https://i.ytimg.com/vi/D-qTrgRQr7o/maxresdefault.jpg,1,,,,,1367698,77972,,0,4617
162,UCLcXeKotX5iu7nIjDUkRUyQ,SAFAA,UgN1C1lEVps,2021-06-05T17:45:39Z,"2021-06-05 17:45:39","اختفاء مورا الغامض و ظهور مشتبه فيه على اليوتيوب بعد 8 سنوات❗️","📸 INSTAGRAM : thisissafaa https://www.instagram.com/thisissafaa/ 📧 E-MAIL : safaacollab@gmail.com ♥ DON’T FORGET TO LIKE & SUBSCRIBE I LOVE YOU BABES SAFAA","safaa,sofy,SAFAA,kwili,senpai,lemo,khalafzone,Kharraz",26,"Howto & Style",,PT24M48S,1488,2d,hd,false,ar,ar,https://i.ytimg.com/vi/UgN1C1lEVps/maxresdefault.jpg,1,,,,,1904357,70908,,0,3957
163,UCLcXeKotX5iu7nIjDUkRUyQ,SAFAA,FPj-FD-rXm8,2021-06-03T17:29:18Z,"2021-06-03 17:29:18","حادثة الأجداد السود في قرية داووتلو التّركية المسكونة بالجن 🇹🇷","📸 INSTAGRAM : thisissafaa https://www.instagram.com/thisissafaa/ 📧 E-MAIL : safaacollab@gmail.com ♥ DON’T FORGET TO LIKE & SUBSCRIBE I LOVE YOU BABES SAFAA","safaa,sofy,SAFAA,kwili,senpai,lemo,khalafzone,Kharraz",26,"Howto & Style",,PT13M42S,822,2d,hd,false,ar,ar,https://i.ytimg.com/vi/FPj-FD-rXm8/maxresdefault.jpg,1,,,,,1105823,54606,,0,3650
164,UCLcXeKotX5iu7nIjDUkRUyQ,SAFAA,QN_C3KDuje0,2021-05-29T15:13:27Z,"2021-05-29 15:13:27","عارضة أزياء برازيلية باعوها صديقاتها لرجُل ثري باش يغتاصبها 🇧🇷","📸 INSTAGRAM : thisissafaa https://www.instagram.com/thisissafaa/ 📧 E-MAIL : safaacollab@gmail.com ♥ DON’T FORGET TO LIKE & SUBSCRIBE I LOVE YOU BABES SAFAA","safaa,sofy,SAFAA,kwili,senpai,lemo,khalafzone,Kharraz",26,"Howto & Style",Lifestyle_(sociology),PT18M41S,1121,2d,hd,false,ar,ar,https://i.ytimg.com/vi/QN_C3KDuje0/maxresdefault.jpg,1,,,,,2080049,94781,,0,4872
165,UCLcXeKotX5iu7nIjDUkRUyQ,SAFAA,CWu09U-ko04,2021-05-26T19:02:41Z,"2021-05-26 19:02:41","التاريخ المضلم لفندق سِيسل الملعون و المُرعب 🔞","📸 INSTAGRAM : thisissafaa https://www.instagram.com/thisissafaa/ 📧 E-MAIL : safaacollab@gmail.com ♥ DON’T FORGET TO LIKE & SUBSCRIBE I LOVE YOU BABES SAFAA","safaa,sofy,SAFAA,kwili,senpai,lemo,khalafzone,Kharraz",26,"Howto & Style",Lifestyle_(sociology),PT18M47S,1127,2d,hd,false,ar,ar,https://i.ytimg.com/vi/CWu09U-ko04/maxresdefault.jpg,1,,,,,694658,44230,,0,4059
166,UCLcXeKotX5iu7nIjDUkRUyQ,SAFAA,bbJlzshbI1M,2021-05-22T17:55:12Z,"2021-05-22 17:55:12","عائلة أمريكية تبنّات طفلة أكرانيّة عندها 6 سنوات و كتاشفو أنها قزمة نصّابة ‼️","📸 INSTAGRAM : thisissafaa https://www.instagram.com/thisissafaa/ 📧 E-MAIL : safaacollab@gmail.com ♥ DON’T FORGET TO LIKE & SUBSCRIBE I LOVE YOU BABES SAFAA","safaa,sofy,SAFAA,kwili,senpai,lemo,khalafzone,Kharraz",26,"Howto & Style",Lifestyle_(sociology),PT12M43S,763,2d,hd,false,ar,ar,https://i.ytimg.com/vi/bbJlzshbI1M/maxresdefault.jpg,1,,,,,1330922,61249,,0,3914
167,UCLcXeKotX5iu7nIjDUkRUyQ,SAFAA,LE1aTXkhzEs,2021-05-20T18:01:15Z,"2021-05-20 18:01:15","اختفاء كارلي الغريب و تصرفات زوجة أبيها تثير الشكوك ⚠️","📸 INSTAGRAM : thisissafaa https://www.instagram.com/thisissafaa/ 📧 E-MAIL : safaacollab@gmail.com ♥ DON’T FORGET TO LIKE & SUBSCRIBE I LOVE YOU BABES SAFAA","safaa,sofy,SAFAA,kwili,senpai,lemo,khalafzone,Kharraz",26,"Howto & Style",Lifestyle_(sociology),PT20M25S,1225,2d,hd,false,ar,ar,https://i.ytimg.com/vi/LE1aTXkhzEs/maxresdefault.jpg,1,,,,,1318611,58599,,0,3132
168,UCLcXeKotX5iu7nIjDUkRUyQ,SAFAA,czbCH3VSC0M,2021-05-15T18:58:40Z,"2021-05-15 18:58:40","اتصال 911 أغرب من الخيال لرَجل تعرّض لهجوم شيطاني تسبَّب في موت حبيبته ☎️","📸 INSTAGRAM : thisissafaa https://www.instagram.com/thisissafaa/ 📧 E-MAIL : safaacollab@gmail.com ♥ DON’T FORGET TO LIKE & SUBSCRIBE I LOVE YOU BABES SAFAA","safaa,sofy,SAFAA,kwili,senpai,lemo,khalafzone,Kharraz",26,"Howto & Style",,PT16M46S,1006,2d,hd,false,ar,ar,https://i.ytimg.com/vi/czbCH3VSC0M/maxresdefault.jpg,1,,,,,912476,45820,,0,2977
169,UCLcXeKotX5iu7nIjDUkRUyQ,SAFAA,-KMYrbVOSvo,2021-05-12T20:57:31Z,"2021-05-12 20:57:31","لقيت قنوات يوتيوب غريبة تُخفي أسرار مرعبة 🎥","📸 INSTAGRAM : thisissafaa https://www.instagram.com/thisissafaa/ 📧 E-MAIL : safaacollab@gmail.com ♥ DON’T FORGET TO LIKE & SUBSCRIBE I LOVE YOU BABES SAFAA","safaa,sofy,SAFAA,kwili,senpai,lemo,khalafzone,Kharraz",26,"Howto & Style",Lifestyle_(sociology),PT12M58S,778,2d,hd,false,ar,ar,https://i.ytimg.com/vi/-KMYrbVOSvo/maxresdefault.jpg,1,,,,,1033074,53714,,0,2094
170,UCLcXeKotX5iu7nIjDUkRUyQ,SAFAA,VNmutM_-3YQ,2021-05-08T21:01:45Z,"2021-05-08 21:01:45","اللغز وراء غرفة التيليجرام الكورية المُرعبة 🇰🇷","📸 INSTAGRAM : thisissafaa https://www.instagram.com/thisissafaa/ 📧 E-MAIL : safaacollab@gmail.com ♥ DON’T FORGET TO LIKE & SUBSCRIBE I LOVE YOU BABES SAFAA","safaa,sofy,SAFAA,kwili,senpai,lemo,khalafzone,Kharraz",26,"Howto & Style",Lifestyle_(sociology),PT18M24S,1104,2d,hd,false,ar,ar,https://i.ytimg.com/vi/VNmutM_-3YQ/maxresdefault.jpg,1,,,,,1272964,55257,,0,3158
171,UCLcXeKotX5iu7nIjDUkRUyQ,SAFAA,WKdiOyglmnk,2021-05-01T21:06:36Z,"2021-05-01 21:06:36","اتصال 911 غريب مِن روبي قبل اختفائها بأسابيع ☎️","📸 INSTAGRAM : thisissafaa https://www.instagram.com/thisissafaa/ 📧 E-MAIL : safaacollab@gmail.com ♥ DON’T FORGET TO LIKE & SUBSCRIBE I LOVE YOU BABES SAFAA","safaa,sofy,SAFAA,kwili,senpai,lemo,khalafzone,Kharraz",26,"Howto & Style",,PT15M4S,904,2d,hd,false,ar,ar,https://i.ytimg.com/vi/WKdiOyglmnk/maxresdefault.jpg,1,,,,,1067969,49573,,0,3165
172,UCLcXeKotX5iu7nIjDUkRUyQ,SAFAA,34HeEf4H0QQ,2021-04-29T21:01:48Z,"2021-04-29 21:01:48","اتصال 911 خطير و مُرعب من مُراهق عندو انفصام فالشخصية ☎️","📸 INSTAGRAM : thisissafaa https://www.instagram.com/thisissafaa/ 📧 E-MAIL : safaacollab@gmail.com ♥ DON’T FORGET TO LIKE & SUBSCRIBE I LOVE YOU BABES SAFAA","safaa,sofy,SAFAA,kwili,senpai,lemo,khalafzone,Kharraz",26,"Howto & Style",,PT17M23S,1043,2d,hd,false,ar,ar,https://i.ytimg.com/vi/34HeEf4H0QQ/maxresdefault.jpg,1,,,,,1015893,51631,,0,3143
173,UCLcXeKotX5iu7nIjDUkRUyQ,SAFAA,8PVzPzPs0mE,2021-04-28T21:01:57Z,"2021-04-28 21:01:57","قِصص المتابِعين الحقِيقيّة مع الجِن 3 👻","📸 INSTAGRAM : thisissafaa https://www.instagram.com/thisissafaa/ 📧 E-MAIL : safaacollab@gmail.com ♥ DON’T FORGET TO LIKE & SUBSCRIBE I LOVE YOU BABES SAFAA","safaa,sofy,SAFAA,kwili,senpai,lemo,khalafzone,Kharraz",26,"Howto & Style",Lifestyle_(sociology),PT25M11S,1511,2d,hd,false,ar,ar,https://i.ytimg.com/vi/8PVzPzPs0mE/maxresdefault.jpg,1,,,,,1565395,69662,,0,7037
174,UCLcXeKotX5iu7nIjDUkRUyQ,SAFAA,vkJqpXjjKuI,2021-04-24T20:29:42Z,"2021-04-24 20:29:42","فين سكايلر و شنو علاقة صديقاتها المقربات باختفائها؟ 🔪","📸 INSTAGRAM : thisissafaa https://www.instagram.com/thisissafaa/ 📧 E-MAIL : safaacollab@gmail.com ♥ DON’T FORGET TO LIKE & SUBSCRIBE I LOVE YOU BABES SAFAA","safaa,sofy,SAFAA,kwili,senpai,lemo,khalafzone,Kharraz",26,"Howto & Style",Lifestyle_(sociology),PT17M50S,1070,2d,hd,false,ar,ar,https://i.ytimg.com/vi/vkJqpXjjKuI/maxresdefault.jpg,1,,,,,1453717,61561,,0,2618
175,UCLcXeKotX5iu7nIjDUkRUyQ,SAFAA,Xsbfi7twWf8,2021-04-22T20:26:07Z,"2021-04-22 20:26:07","علاش إليزابيت بقات محبوسة فالقَبو لمدة 24 سنة؟ 🔒","📸 INSTAGRAM : thisissafaa https://www.instagram.com/thisissafaa/ 📧 E-MAIL : safaacollab@gmail.com ♥ DON’T FORGET TO LIKE & SUBSCRIBE I LOVE YOU BABES SAFAA","safaa,sofy,SAFAA,kwili,senpai,lemo,khalafzone,Kharraz",26,"Howto & Style",Lifestyle_(sociology),PT28M43S,1723,2d,hd,false,ar,ar,https://i.ytimg.com/vi/Xsbfi7twWf8/maxresdefault.jpg,1,,,,,2628109,150840,,0,6076
176,UCLcXeKotX5iu7nIjDUkRUyQ,SAFAA,qppApUYMLRA,2021-04-17T22:24:44Z,"2021-04-17 22:24:44","اختفاء شَنايا ديڤيس لسبب صادم و غير مُتوقّع مع اتصال 911 ☎️","📸 INSTAGRAM : thisissafaa https://www.instagram.com/thisissafaa/ 📧 E-MAIL : safaacollab@gmail.com ♥ DON’T FORGET TO LIKE & SUBSCRIBE I LOVE YOU BABES SAFAA","safaa,sofy,SAFAA,kwili,senpai,lemo,khalafzone,Kharraz",26,"Howto & Style",,PT20M43S,1243,2d,hd,false,ar,ar,https://i.ytimg.com/vi/qppApUYMLRA/maxresdefault.jpg,1,,,,,1332157,62417,,0,3180
177,UCLcXeKotX5iu7nIjDUkRUyQ,SAFAA,eOl3tPLuYrg,2021-04-14T21:01:42Z,"2021-04-14 21:01:42","علاقة حب في موقع للتعارف تنتهي بمأساة مُرعبة 💔","📸 INSTAGRAM : thisissafaa https://www.instagram.com/thisissafaa/ 📧 E-MAIL : safaacollab@gmail.com ♥ DON’T FORGET TO LIKE & SUBSCRIBE I LOVE YOU BABES SAFAA","safaa,sofy,SAFAA,kwili,senpai,lemo,khalafzone,Kharraz",26,"Howto & Style",Lifestyle_(sociology),PT19M33S,1173,2d,hd,false,ar,ar,https://i.ytimg.com/vi/eOl3tPLuYrg/maxresdefault.jpg,1,,,,,1150839,57553,,0,3129
178,UCLcXeKotX5iu7nIjDUkRUyQ,SAFAA,JEzQgYAOnP0,2021-04-11T12:59:40Z,"2021-04-11 12:59:40","لغز اختفاء ريبيكا بمدينة بِرلين و ردّة فِعل عائلتها تثير الشكوك 🇩🇪","📸 INSTAGRAM : thisissafaa https://www.instagram.com/thisissafaa/ 📧 E-MAIL : safaacollab@gmail.com ♥ DON’T FORGET TO LIKE & SUBSCRIBE I LOVE YOU BABES SAFAA","safaa,sofy,SAFAA,kwili,senpai,lemo,khalafzone,Kharraz",26,"Howto & Style",Lifestyle_(sociology),PT34M19S,2059,2d,hd,false,ar,ar,https://i.ytimg.com/vi/JEzQgYAOnP0/maxresdefault.jpg,1,,,,,2849904,95728,,0,7448
179,UCLcXeKotX5iu7nIjDUkRUyQ,SAFAA,nOgyOokuxzk,2021-03-30T17:20:42Z,"2021-03-30 17:20:42","اختبار السيكوپاتية 🤯 PSYCOPATH TEST","📸 INSTAGRAM : thisissafaa https://www.instagram.com/thisissafaa/ 📧 E-MAIL : safaacollab@gmail.com ♥ DON’T FORGET TO LIKE & SUBSCRIBE I LOVE YOU BABES SAFAA","safaa,sofy,SAFAA,kwili,senpai,lemo,khalafzone,Kharraz",26,"Howto & Style",,PT9M42S,582,2d,hd,false,en,ar,https://i.ytimg.com/vi/nOgyOokuxzk/maxresdefault.jpg,1,,,,,1434811,78040,,0,29690
180,UCLcXeKotX5iu7nIjDUkRUyQ,SAFAA,HUoKbvcneII,2021-03-28T14:38:06Z,"2021-03-28 14:38:06","لغز اختفاء غرايس بعد موعد غرامي مع تسجيلات مُرعبة من كاميرات المراقبة 🔞","📸 INSTAGRAM : thisissafaa https://www.instagram.com/thisissafaa/ 📧 E-MAIL : safaacollab@gmail.com ♥ DON’T FORGET TO LIKE & SUBSCRIBE I LOVE YOU BABES SAFAA","safaa,sofy,SAFAA,kwili,senpai,lemo,khalafzone,Kharraz",26,"Howto & Style",,PT25M36S,1536,2d,hd,false,ar,ar,https://i.ytimg.com/vi/HUoKbvcneII/maxresdefault.jpg,1,,,,,2014617,74058,,0,4209
181,UCLcXeKotX5iu7nIjDUkRUyQ,SAFAA,NGvd16OggUk,2021-03-21T18:35:30Z,"2021-03-21 18:35:30","لقيت صفحات انستغرام مخيفة و غريبة صدماتني 🔞","📸 INSTAGRAM : thisissafaa https://www.instagram.com/thisissafaa/ 📧 E-MAIL : safaacollab@gmail.com ♥ DON’T FORGET TO LIKE & SUBSCRIBE I LOVE YOU BABES SAFAA","safaa,sofy,SAFAA,kwili,senpai,lemo,khalafzone,Kharraz",26,"Howto & Style","Hobby,Lifestyle_(sociology)",PT12M11S,731,2d,hd,false,ar,ar,https://i.ytimg.com/vi/NGvd16OggUk/maxresdefault.jpg,1,,,,,846564,48780,,0,3480
182,UCLcXeKotX5iu7nIjDUkRUyQ,SAFAA,Mf_2SCsrl7I,2021-03-19T19:09:23Z,"2021-03-19 19:09:23","قضيّة امينة و سارة الغريبة مع اتصال 911 صادم ☎️","📸 INSTAGRAM : thisissafaa https://www.instagram.com/thisissafaa/ 📧 E-MAIL : safaacollab@gmail.com ♥ DON’T FORGET TO LIKE & SUBSCRIBE I LOVE YOU BABES SAFAA","safaa,sofy,SAFAA,kwili,senpai,lemo,khalafzone,Kharraz",26,"Howto & Style",,PT27M4S,1624,2d,hd,false,ar,ar,https://i.ytimg.com/vi/Mf_2SCsrl7I/maxresdefault.jpg,1,,,,,2211199,82775,,0,4865
183,UCLcXeKotX5iu7nIjDUkRUyQ,SAFAA,y9IdE2LjkDE,2021-03-16T16:37:44Z,"2021-03-16 16:37:44","قضية أخطر فتاة سَيْكوباتية عرفتها كوريا 🇰🇷","📸 INSTAGRAM : thisissafaa https://www.instagram.com/thisissafaa/ 📧 E-MAIL : safaacollab@gmail.com ♥ DON’T FORGET TO LIKE & SUBSCRIBE I LOVE YOU BABES SAFAA","safaa,sofy,SAFAA,kwili,senpai,lemo,khalafzone,Kharraz",26,"Howto & Style",Society,PT25M9S,1509,2d,hd,false,ar,ar,https://i.ytimg.com/vi/y9IdE2LjkDE/maxresdefault.jpg,1,,,,,2547520,91086,,0,4229
184,UCLcXeKotX5iu7nIjDUkRUyQ,SAFAA,E8iRKiMZMN0,2021-03-14T11:44:05Z,"2021-03-14 11:44:05","الرسائل الصّادمة وراء رسوم الأطفال المخيفة 🎨🔞","📸 INSTAGRAM : thisissafaa https://www.instagram.com/thisissafaa/ 📧 E-MAIL : safaacollab@gmail.com ♥ DON’T FORGET TO LIKE & SUBSCRIBE I LOVE YOU BABES SAFAA","safaa,sofy,SAFAA,kwili,senpai,lemo,khalafzone,Kharraz",26,"Howto & Style",,PT12M22S,742,2d,hd,false,ar,ar,https://i.ytimg.com/vi/E8iRKiMZMN0/maxresdefault.jpg,1,,,,,1232253,54372,,0,3687
185,UCLcXeKotX5iu7nIjDUkRUyQ,SAFAA,QWwWuBFfAxs,2021-03-10T16:42:00Z,"2021-03-10 16:42:00","لغز اختفاء كِنيكا مع تسجيلات صادمة من كاميرات الفندق ⚠️","📸 INSTAGRAM : thisissafaa https://www.instagram.com/thisissafaa/ 📧 E-MAIL : safaacollab@gmail.com ♥ DON’T FORGET TO LIKE & SUBSCRIBE I LOVE YOU BABES SAFAA","safaa,sofy,SAFAA,kwili,senpai,lemo,khalafzone,Kharraz",26,"Howto & Style",,PT20M28S,1228,2d,hd,false,ar,ar,https://i.ytimg.com/vi/QWwWuBFfAxs/maxresdefault.jpg,1,,,,,1437587,56123,,0,3240
186,UCLcXeKotX5iu7nIjDUkRUyQ,SAFAA,nKULXb8LlvU,2021-03-04T14:18:48Z,"2021-03-04 14:18:48","نظرية اختفاء مدينة آشلي مع اتصال 911 مُرعب قبل أسبوع ☎️","Compte Instagram Shemsi: https://www.instagram.com/myshemsi/ 📸 INSTAGRAM : thisissafaa https://www.instagram.com/thisissafaa/ 📧 E-MAIL : safaacollab@gmail.com ♥ DON’T FORGET TO LIKE & SUBSCRIBE I LOVE YOU BABES SAFAA","safaa,sofy,SAFAA,kwili,senpai,lemo,khalafzone,Kharraz",26,"Howto & Style",,PT12M3S,723,2d,hd,false,ar,ar,https://i.ytimg.com/vi/nKULXb8LlvU/maxresdefault.jpg,1,,,,,1006371,47041,,0,3884
187,UCLcXeKotX5iu7nIjDUkRUyQ,SAFAA,Fwtdey_TTRU,2021-02-26T14:51:14Z,"2021-02-26 14:51:14","طبيب ناجح شعل العافية فعائلتو بسبب كذبة 🔥","📸 INSTAGRAM : thisissafaa https://www.instagram.com/thisissafaa/ 📧 E-MAIL : safaacollab@gmail.com ♥ DON’T FORGET TO LIKE & SUBSCRIBE I LOVE YOU BABES SAFAA","safaa,sofy,SAFAA,kwili,senpai,lemo,khalafzone,Kharraz",26,"Howto & Style",,PT13M46S,826,2d,hd,false,ar,ar,,1,,,,,1100357,43138,,0,2234
188,UCLcXeKotX5iu7nIjDUkRUyQ,SAFAA,qOQ808uG8Sk,2021-02-21T12:21:12Z,"2021-02-21 12:21:12","بنت مشلولة انتقمت من امها لسبب صادم (قضية جيپسي روز) 👩🏻‍🦽","📸 INSTAGRAM : thisissafaa https://www.instagram.com/thisissafaa/ 📧 E-MAIL : safaacollab@gmail.com ♥ DON’T FORGET TO LIKE & SUBSCRIBE I LOVE YOU BABES SAFAA","safaa,sofy,SAFAA,kwili,senpai,lemo,khalafzone,Kharraz",26,"Howto & Style",,PT27M15S,1635,2d,hd,false,ar,ar,https://i.ytimg.com/vi/qOQ808uG8Sk/maxresdefault.jpg,1,,,,,1707850,61634,,0,2578
189,UCLcXeKotX5iu7nIjDUkRUyQ,SAFAA,wPis6m_HDiA,2021-02-14T12:17:26Z,"2021-02-14 12:17:26","عيد الحب يتحول إلى مأساة (قضية سوزان هاميلتون) 💔","📸 INSTAGRAM : thisissafaa https://www.instagram.com/thisissafaa/ 📧 E-MAIL : safaacollab@gmail.com ♥ DON’T FORGET TO LIKE & SUBSCRIBE I LOVE YOU BABES SAFAA","safaa,sofy,SAFAA,kwili,senpai,lemo,khalafzone,Kharraz",26,"Howto & Style",Society,PT19M7S,1147,2d,hd,false,ar,ar,https://i.ytimg.com/vi/wPis6m_HDiA/maxresdefault.jpg,1,,,,,1293632,52444,,0,2604
190,UCLcXeKotX5iu7nIjDUkRUyQ,SAFAA,hc-yjZLOjQI,2021-02-11T16:59:16Z,"2021-02-11 16:59:16","قصة الرَّجُل المخيف الّذي يزور الاحلام 🕯","📸 INSTAGRAM : thisissafaa https://www.instagram.com/thisissafaa/ 📧 E-MAIL : safaacollab@gmail.com ♥ DON’T FORGET TO LIKE & SUBSCRIBE I LOVE YOU BABES SAFAA","safaa,sofy,SAFAA,kwili,senpai,lemo,khalafzone,Kharraz",26,"Howto & Style",,PT11M48S,708,2d,hd,false,ar,ar,https://i.ytimg.com/vi/hc-yjZLOjQI/maxresdefault.jpg,1,,,,,757929,50532,,0,4205
191,UCLcXeKotX5iu7nIjDUkRUyQ,SAFAA,SnPc9KV5dp8,2021-02-04T11:21:52Z,"2021-02-04 11:21:52","كانيبال يصنع برغر من لَحم ضحاياه و يبيعُه 🍔","📸 INSTAGRAM : thisissafaa https://www.instagram.com/thisissafaa/ 📧 E-MAIL : safaacollab@gmail.com ♥ DON’T FORGET TO LIKE & SUBSCRIBE I LOVE YOU BABES SAFAA","safaa,sofy,SAFAA,kwili,senpai,lemo,khalafzone,Kharraz",26,"Howto & Style",Lifestyle_(sociology),PT24M17S,1457,2d,hd,false,ar,ar,https://i.ytimg.com/vi/SnPc9KV5dp8/maxresdefault.jpg,1,,,,,1850488,74058,,0,5389
192,UCLcXeKotX5iu7nIjDUkRUyQ,SAFAA,TA-bZ-YituM,2021-01-30T11:57:21Z,"2021-01-30 11:57:21","قصص حقيقيّة ديال المتابِعين مع الجِن 2 👻","📸 INSTAGRAM : thisissafaa https://www.instagram.com/thisissafaa/ 📧 E-MAIL : safaacollab@gmail.com ♥ DON’T FORGET TO LIKE & SUBSCRIBE I LOVE YOU BABES SAFAA","safaa,sofy,SAFAA,kwili,senpai,lemo,khalafzone,Kharraz",26,"Howto & Style",Lifestyle_(sociology),PT24M11S,1451,2d,hd,false,ar,ar,,1,,,,,820999,36909,,0,4276
193,UCLcXeKotX5iu7nIjDUkRUyQ,SAFAA,5MhTytoCOZY,2021-01-16T12:00:20Z,"2021-01-16 12:00:20","النظرية المُخيفة وراء برنامج الأطفال تيليتابيز 🤯","📸 INSTAGRAM : thisissafaa https://www.instagram.com/thisissafaa/ 📧 E-MAIL : safaacollab@gmail.com ♥ DON’T FORGET TO LIKE & SUBSCRIBE I LOVE YOU BABES SAFAA","safaa,sofy,SAFAA,kwili,senpai,lemo,khalafzone,Kharraz",26,"Howto & Style",,PT13M39S,819,2d,hd,false,ar,ar,https://i.ytimg.com/vi/5MhTytoCOZY/maxresdefault.jpg,1,,,,,1774718,84805,,0,4727
194,UCLcXeKotX5iu7nIjDUkRUyQ,SAFAA,67hxN5Pl8LE,2021-01-14T13:40:26Z,"2021-01-14 13:40:26","قصص حقيقيّة ديال المتابِعين مع الجِن 1 👻","📸 INSTAGRAM : thisissafaa https://www.instagram.com/thisissafaa/ 📧 E-MAIL : safaacollab@gmail.com ♥ DON’T FORGET TO LIKE & SUBSCRIBE I LOVE YOU BABES SAFAA","safaa,sofy,SAFAA,kwili,senpai,lemo,khalafzone,Kharraz",26,"Howto & Style",Lifestyle_(sociology),PT35M47S,2147,2d,hd,false,ar,ar,,1,,,,,1316029,74179,,0,6088
195,UCLcXeKotX5iu7nIjDUkRUyQ,SAFAA,RdncGonkKww,2021-01-04T17:00:29Z,"2021-01-04 17:00:29","لُغز اختفاء الِيزا لام في فندق سِيسِل مع أدلّة مُرعبة 😰","📸 INSTAGRAM : thisissafaa https://www.instagram.com/thisissafaa/ 📧 E-MAIL : safaacollab@gmail.com ♥ DON’T FORGET TO LIKE & SUBSCRIBE I LOVE YOU BABES SAFAA","safaa,sofy,SAFAA,kwili,senpai,lemo,khalafzone,Kharraz",26,"Howto & Style",,PT19M42S,1182,2d,hd,false,ar,ar,https://i.ytimg.com/vi/RdncGonkKww/maxresdefault.jpg,1,,,,,1288343,53513,,0,2485
196,UCLcXeKotX5iu7nIjDUkRUyQ,SAFAA,0W8ba2PXDUg,2021-01-01T12:18:44Z,"2021-01-01 12:18:44","أشخاص اختفاو ليلة رأس السنة فظروف غامضة ⚠️","📸 INSTAGRAM : thisissafaa https://www.instagram.com/thisissafaa/ 📧 E-MAIL : safaacollab@gmail.com ♥ DON’T FORGET TO LIKE & SUBSCRIBE I LOVE YOU BABES SAFAA","safaa,sofy,SAFAA,kwili,senpai,lemo,khalafzone,Kharraz",26,"Howto & Style",,PT18M58S,1138,2d,hd,false,ar,ar,https://i.ytimg.com/vi/0W8ba2PXDUg/maxresdefault.jpg,1,,,,,988916,44065,,0,2075
197,UCLcXeKotX5iu7nIjDUkRUyQ,SAFAA,2LPqM4zPWPY,2020-12-27T10:57:53Z,"2020-12-27 10:57:53","السبب اللي خلّا جينيفر تنتاقم من ولادها أبشع انتقام ☎️ 911","📸 INSTAGRAM : thisissafaa https://www.instagram.com/thisissafaa/ 📧 E-MAIL : safaacollab@gmail.com ♥ DON’T FORGET TO LIKE & SUBSCRIBE I LOVE YOU BABES SAFAA","safaa,sofy,SAFAA,kwili,senpai,lemo,khalafzone,Kharraz",26,"Howto & Style",,PT11M39S,699,2d,hd,false,ar,ar,https://i.ytimg.com/vi/2LPqM4zPWPY/maxresdefault.jpg,1,,,,,1426260,59919,,0,2301
198,UCLcXeKotX5iu7nIjDUkRUyQ,SAFAA,4QL5wEokrek,2020-12-24T17:22:10Z,"2020-12-24 17:22:10","قصص حقيقِيّة و مُخِيفة وقعات فانستغرام 2 📷🔞","📸 INSTAGRAM : thisissafaa https://www.instagram.com/thisissafaa/ 📧 E-MAIL : safaacollab@gmail.com ♥ DON’T FORGET TO LIKE & SUBSCRIBE I LOVE YOU BABES SAFAA","safaa,sofy,SAFAA,kwili,senpai,lemo,khalafzone,Kharraz",26,"Howto & Style",Lifestyle_(sociology),PT11M20S,680,2d,hd,false,ar,ar,https://i.ytimg.com/vi/4QL5wEokrek/maxresdefault.jpg,1,,,,,870217,55667,,0,2761
199,UCLcXeKotX5iu7nIjDUkRUyQ,SAFAA,Az4Ziqc9X7M,2020-12-20T19:37:11Z,"2020-12-20 19:37:11","من طفل بريء إلى أشهَر كانيبال في العالم 💉 Jeffrey Dahmer","📸 INSTAGRAM : thisissafaa https://www.instagram.com/thisissafaa/ 📧 E-MAIL : safaacollab@gmail.com ♥ DON’T FORGET TO LIKE & SUBSCRIBE I LOVE YOU BABES SAFAA","safaa,sofy,SAFAA,kwili,senpai,lemo,khalafzone,Kharraz",26,"Howto & Style",Health,PT33M11S,1991,2d,hd,false,ar,ar,https://i.ytimg.com/vi/Az4Ziqc9X7M/maxresdefault.jpg,1,,,,,2474135,88481,,0,3329
200,UCLcXeKotX5iu7nIjDUkRUyQ,SAFAA,E8uMS4EeYnw,2020-12-17T11:17:13Z,"2020-12-17 11:17:13","تعمّقت فالجانب المظلم و المخيف ديال يوتيوب و ندمت 🔞","📸 INSTAGRAM : thisissafaa https://www.instagram.com/thisissafaa/ 📧 E-MAIL : safaacollab@gmail.com ♥ DON’T FORGET TO LIKE & SUBSCRIBE I LOVE YOU BABES SAFAA","safaa,sofy,SAFAA,kwili,senpai,lemo,khalafzone,Kharraz,bimo,الرعب,قصص الرعب,قصص الجن",26,"Howto & Style",,PT16M38S,998,2d,hd,false,ar,ar,https://i.ytimg.com/vi/E8uMS4EeYnw/maxresdefault.jpg,1,,,,,894024,57262,,0,2848
201,UCLcXeKotX5iu7nIjDUkRUyQ,SAFAA,LekuHWD8zTg,2020-12-13T13:46:14Z,"2020-12-13 13:46:14","لُغز اختفاء كرِيس و لِيزان في غابات بانَما مع أدِلّة مُرعِبة 😰🔞","📸 INSTAGRAM : thisissafaa https://www.instagram.com/thisissafaa/ 📧 E-MAIL : safaacollab@gmail.com ♥ DON’T FORGET TO LIKE & SUBSCRIBE I LOVE YOU BABES SAFAA","safaa,sofy,SAFAA,kwili,senpai,lemo,khalafzone,Kharraz,قصص,قصص الرعب,قصص الجن",26,"Howto & Style",Lifestyle_(sociology),PT30M45S,1845,2d,hd,false,ar,ar,https://i.ytimg.com/vi/LekuHWD8zTg/maxresdefault.jpg,1,,,,,1886431,66162,,0,3530
202,UCLcXeKotX5iu7nIjDUkRUyQ,SAFAA,5e5hrs6SQm0,2020-12-09T12:57:27Z,"2020-12-09 12:57:27","يوتيوبر مخطوفة و مجبورة تصور فيديوات و تاكل سمك غير مطبوخ 🤢🔞","📸 INSTAGRAM : thisissafaa https://www.instagram.com/thisissafaa/ 📧 E-MAIL : safaacollab@gmail.com ♥ DON’T FORGET TO LIKE & SUBSCRIBE I LOVE YOU BABES SAFAA","safaa,sofy,SAFAA,kwili,senpai,lemo,khalafzone,Kharraz,kate yup,youtuber,قصص الرعب,قصص,قصص الجن",26,"Howto & Style","Lifestyle_(sociology),Pet",PT22M41S,1361,2d,hd,false,ar,ar,https://i.ytimg.com/vi/5e5hrs6SQm0/maxresdefault.jpg,1,,,,,2494865,94268,,0,4973
203,UCLcXeKotX5iu7nIjDUkRUyQ,SAFAA,CCaIRKlOH5A,2020-12-03T11:31:20Z,"2020-12-03 11:31:20","القصة المؤثرة للرجل الذي تَحوّل للمرأة التِّنين 🐉","📸 INSTAGRAM : thisissafaa https://www.instagram.com/thisissafaa/ 📧 E-MAIL : safaacollab@gmail.com ♥ DON’T FORGET TO LIKE & SUBSCRIBE I LOVE YOU BABES SAFAA","safaa,sofy,SAFAA,kwili,lemo,khalaf zone,senpai,taha essou,nouhaila,ikram bellanova,الرعب,قصص الرعب,قصص الجن",26,"Howto & Style",,PT18M13S,1093,2d,hd,false,ar,ar,https://i.ytimg.com/vi/CCaIRKlOH5A/maxresdefault.jpg,1,,,,,988358,37148,,0,1424
204,UCLcXeKotX5iu7nIjDUkRUyQ,SAFAA,f9-DDHiMEvA,2020-11-29T14:28:42Z,"2020-11-29 14:28:42","فتاة كانت رجُلا في حياتِها السّابقة (تَناسُخ الأرواح) 😱","📸 INSTAGRAM : thisissafaa https://www.instagram.com/thisissafaa/ 📧 E-MAIL : safaacollab@gmail.com ♥ DON’T FORGET TO LIKE & SUBSCRIBE I LOVE YOU BABES SAFAA","safaa,sofy,SAFAA,kwili,lemo,ayman senpai,taha essou,nouhaila,youtube,قصص الرعب,قصص الجن",26,"Howto & Style",,PT17M19S,1039,2d,hd,false,ar,ar,https://i.ytimg.com/vi/f9-DDHiMEvA/maxresdefault.jpg,1,,,,,897783,35515,,0,2657
205,UCLcXeKotX5iu7nIjDUkRUyQ,SAFAA,KGLAQKoeVHI,2020-11-26T19:18:41Z,"2020-11-26 19:18:41","تلاقيت مع واحد فموقع للتعارف و صدق كدّاب 💔😂","📸 INSTAGRAM : thisissafaa https://www.instagram.com/thisissafaa/ 📧 E-MAIL : safaacollab@gmail.com ♥ DON’T FORGET TO LIKE & SUBSCRIBE I LOVE YOU BABES SAFAA","safaa,sofy,SAFAA,kwili,senpai,lemo,قصص الرعب,قصص الجن,قصص",26,"Howto & Style",Lifestyle_(sociology),PT12M43S,763,2d,hd,false,ar,ar,https://i.ytimg.com/vi/KGLAQKoeVHI/maxresdefault.jpg,1,,,,,848121,36990,,0,1218
206,UCLcXeKotX5iu7nIjDUkRUyQ,SAFAA,kKwNSwSWz3A,2020-11-24T12:13:55Z,"2020-11-24 12:13:55","قصة ابراهيم أنزا سفّاح السجون المغربية 🔪🔞","📸 INSTAGRAM : thisissafaa https://www.instagram.com/thisissafaa/ 📧 E-MAIL : safaacollab@gmail.com ♥ DON’T FORGET TO LIKE & SUBSCRIBE I LOVE YOU BABES SAFAA","safaa,sofy,SAFAA,senpai,kwili,lemo,الخراز,الرعب,قصص",26,"Howto & Style",,PT17M36S,1056,2d,hd,false,ar,ar,https://i.ytimg.com/vi/kKwNSwSWz3A/maxresdefault.jpg,1,,,,,1799195,68953,,0,
207,UCLcXeKotX5iu7nIjDUkRUyQ,SAFAA,B1HUJdjPrxQ,2020-11-22T12:14:12Z,"2020-11-22 12:14:12","من شاب وسيم إلى وحش مخيف 👽 Anthony Loffredo","📸 INSTAGRAM : thisissafaa https://www.instagram.com/thisissafaa/ 📧 E-MAIL : safaacollab@gmail.com ♥ DON’T FORGET TO LIKE & SUBSCRIBE I LOVE YOU BABES SAFAA","safaa,sofy,SAFAA,senpai,kwili,الرعب,قصص,قصص الرعب,lemo",26,"Howto & Style",Lifestyle_(sociology),PT16M44S,1004,2d,hd,false,ar,ar,https://i.ytimg.com/vi/B1HUJdjPrxQ/maxresdefault.jpg,1,,,,,962761,43472,,0,2041
208,UCLcXeKotX5iu7nIjDUkRUyQ,SAFAA,OvjTNpUY6SE,2020-11-05T14:42:48Z,"2020-11-05 14:42:48","هدرت مع راسي منين كانت عندي 16 عام 💔","📸 INSTAGRAM : thisissafaa https://www.instagram.com/thisissafaa/ 📧 E-MAIL : safaacollab@gmail.com ♥ DON’T FORGET TO LIKE & SUBSCRIBE I LOVE YOU BABES SAFAA","safaa,sofy,SAFAA",26,"Howto & Style",Lifestyle_(sociology),PT7M24S,444,2d,hd,false,ar,ar,https://i.ytimg.com/vi/OvjTNpUY6SE/maxresdefault.jpg,1,,,,,906369,72029,,0,2638
209,UCLcXeKotX5iu7nIjDUkRUyQ,SAFAA,-VCIHaxzHzc,2020-10-30T15:41:09Z,"2020-10-30 15:41:09","رفضتو و هددني يصيفط تصاوري لبابا 📸🔞","📸 INSTAGRAM : thisissafaa https://www.instagram.com/thisissafaa/ 📧 E-MAIL : itssofybabes@gmail.com ♥ DON’T FORGET TO LIKE & SUBSCRIBE I LOVE YOU BABES","safaa,sofy,قصص الرعب,قصص الجن,قصص,الرعب,الجن,story time,storytime",26,"Howto & Style",Lifestyle_(sociology),PT10M43S,643,2d,hd,false,ar,ar,https://i.ytimg.com/vi/-VCIHaxzHzc/maxresdefault.jpg,1,,,,,965716,61961,,0,1371
210,UCLcXeKotX5iu7nIjDUkRUyQ,SAFAA,uGTbjDtO0Ik,2020-10-24T20:30:05Z,"2020-10-24 20:30:05","مغنية أَحْيَت عرس للجن مع الفرقة ديالها 😱🔞","📸 INSTAGRAM : thisissafaa https://www.instagram.com/thisissafaa/ 📧 E-MAIL : itssofybabes@gmail.com ♥ DON’T FORGET TO LIKE & SUBSCRIBE I LOVE YOU BABES","safaa,sofy",26,"Howto & Style",Lifestyle_(sociology),PT12M46S,766,2d,hd,false,ar,ar,https://i.ytimg.com/vi/uGTbjDtO0Ik/maxresdefault.jpg,1,,,,,1704626,69830,,0,2745
211,UCLcXeKotX5iu7nIjDUkRUyQ,SAFAA,TbQORCHinmw,2020-10-21T15:42:30Z,"2020-10-21 15:42:30","كَانُو ساكنين حدايا الجنون فتركيا 🤯🔞","📸 INSTAGRAM : thisissafaa https://www.instagram.com/thisissafaa/ 📧 E-MAIL : itssofybabes@gmail.com ♥ DON’T FORGET TO LIKE & SUBSCRIBE I LOVE YOU BABES",,26,"Howto & Style",Lifestyle_(sociology),PT12M33S,753,2d,hd,false,ar,ar,https://i.ytimg.com/vi/TbQORCHinmw/maxresdefault.jpg,1,,,,,460305,25087,,0,715
212,UCLcXeKotX5iu7nIjDUkRUyQ,SAFAA,H5RQhoKY8So,2020-10-17T16:18:34Z,"2020-10-17 16:18:34","نهار أنا و اختي شفنا جن 😱🔞","📸 INSTAGRAM : thisissafaa https://www.instagram.com/thisissafaa/ 📧 E-MAIL : itssofybabes@gmail.com ♥ DON’T FORGET TO LIKE & SUBSCRIBE I LOVE YOU BABES","ikram bellanova,asmaa beauty,taha essou,raw soueelt,souhail,nouhaila,cheveux,masque,lookbook,haul,shein,asos",26,"Howto & Style",Lifestyle_(sociology),PT11M34S,694,2d,hd,false,it,ar,https://i.ytimg.com/vi/H5RQhoKY8So/maxresdefault.jpg,1,,,,,481365,24712,,0,1090
213,UCLcXeKotX5iu7nIjDUkRUyQ,SAFAA,yqRJmIS9o1M,2020-10-14T10:47:30Z,"2020-10-14 10:47:30","حفلة توديع العزوبية ديالي تحولت لكابوس 😨🔞","📸 INSTAGRAM : thisissafaa https://www.instagram.com/thisissafaa/ 📧 E-MAIL : itssofybabes@gmail.com ♥ DON’T FORGET TO LIKE & SUBSCRIBE I LOVE YOU BABES","ikram bellanova,lookbook,haul,vlog,taha essou,saad lamjarred,nouhaila,nouhaila l,routine,cheveux,peau,masque,الشعر,البشرة,ملابس,ikram bellanova,lookbook,haul,vlog,taha essou,saad lamjarred,nouhaila,nouhaila l,routine,cheveux,peau,masque,الشعر,البشرة,ملابس",26,"Howto & Style",Lifestyle_(sociology),PT11M42S,702,2d,hd,false,ar,ar,https://i.ytimg.com/vi/yqRJmIS9o1M/maxresdefault.jpg,1,,,,,1000901,44790,,0,1164
