position,channelId,channelTitle,videoId,publishedAt,publishedAtSQL,videoTitle,videoDescription,tags,videoCategoryId,videoCategoryLabel,topicCategories,duration,durationSec,dimension,definition,caption,defaultLanguage,defaultLAudioLanguage,thumbnail_maxres,licensedContent,hasPaidProductPlacement,locationDescription,latitude,longitude,viewCount,likeCount,dislikeCount,favoriteCount,commentCount
1,UCFqnvxz2f7J2cmTo_j0XMpA,"Mambah Fit",6EuDpBEn7yg,2026-04-18T11:51:26Z,"2026-04-18 11:51:26","𝐇𝐎𝐔𝐒𝐄 𝐑𝐄𝐍𝐎𝐕𝐀𝐓𝐈𝐎𝐍 “𝐂𝐇𝐀𝐍𝐆𝐈𝐍𝐆 𝐓𝐇𝐄 𝐓𝐈𝐋𝐄𝐒” 👷‍♂️ #morocco #renovation","𝐇𝐎𝐔𝐒𝐄 𝐑𝐄𝐍𝐎𝐕𝐀𝐓𝐈𝐎𝐍 “𝐂𝐇𝐀𝐍𝐆𝐈𝐍𝐆 𝐓𝐇𝐄 𝐓𝐈𝐋𝐄𝐒” 👷‍♂️ I first thought that this renovation would take me 3 months but I’ve been proven wrong 😅 but finally, after 8 months, I can show you a big change and a first impression of what the house will look like 🏠 thanks to the tiles from Mall Zellij They have all types of tiles, from small to big, in every color and style, while having great prices. 🤩 We changed all the bathrooms to look more modern and calm, changed the entrance and living room to make it look bigger and of course, our terrace to give us that Bali vibe that we always wanted 🌴 ⚡️ 𝐌𝐀𝐓𝐙𝐀𝐏𝐄𝐒𝐇 ⚡️ #healthy #lifestyle #renovation #hometransformation #homerenovation",,19,"Travel & Events","Hobby,Lifestyle_(sociology)",PT1M6S,66,2d,hd,false,en,ar,https://i.ytimg.com/vi/6EuDpBEn7yg/maxresdefault.jpg,1,,,,,322168,5331,,0,82
2,UCFqnvxz2f7J2cmTo_j0XMpA,"Mambah Fit",YIsGRZ2AerE,2026-04-13T11:37:32Z,"2026-04-13 11:37:32","𝐒𝐌𝐀𝐋𝐋 𝐇𝐀𝐁𝐈𝐓𝐒 𝐀𝐑𝐄 𝐓𝐇𝐄 𝐎𝐍𝐄𝐒 𝐓𝐇𝐀𝐓 𝐌𝐀𝐊𝐄 𝐓𝐇𝐄 𝐃𝐈𝐅𝐅𝐄𝐑𝐄𝐍𝐂𝐄 🪥","𝐒𝐌𝐀𝐋𝐋 𝐇𝐀𝐁𝐈𝐓𝐒 𝐀𝐑𝐄 𝐓𝐇𝐄 𝐎𝐍𝐄𝐒 𝐓𝐇𝐀𝐓 𝐌𝐀𝐊𝐄 𝐓𝐇𝐄 𝐃𝐈𝐅𝐅𝐄𝐑𝐄𝐍𝐂𝐄 🪥 As kids, we always want to do what we want and rarely listen to our parents 😂 — especially when it comes to brushing our teeth 🦷. I was definitely one of them, always avoiding brushing, and now that I think about it… it’s a bit meeeeh. For a while now, I’ve been using electric toothbrushes, and they’re honestly a game changer! I’m currently using the Oral-B iO 3 🪥 by OralB Maroc, which makes everything easier thanks to its pressure sensor, 2-minute timer, and 3 brushing modes 🙌🏽. I can definitely recommend it — even after just one week, your teeth already feel 100% cleaner, and it’s clinically proven 👌🏼 ⚡️𝐌𝐀𝐓𝐙𝐀𝐏𝐄𝐒𝐇⚡️",,19,"Travel & Events",Lifestyle_(sociology),PT53S,53,2d,hd,false,en,ar,https://i.ytimg.com/vi/YIsGRZ2AerE/maxresdefault.jpg,1,,,,,484311,8676,,0,87
3,UCFqnvxz2f7J2cmTo_j0XMpA,"Mambah Fit",XVJVMPdO_04,2026-04-12T11:48:16Z,"2026-04-12 11:48:16","𝐀 𝐃𝐀𝐘 𝐈𝐍 𝐌𝐘 𝐋𝐈𝐅𝐄 “𝐁𝐔𝐒𝐘 𝐖𝐄𝐄𝐊𝐄𝐍𝐃” 😎 #healthylifestyle #vlog #goodvibes #fun","𝐀 𝐃𝐀𝐘 𝐈𝐍 𝐌𝐘 𝐋𝐈𝐅𝐄 “𝐁𝐔𝐒𝐘 𝐖𝐄𝐄𝐊𝐄𝐍𝐃” 😎 It’s been a while since I posted a mini vlog… To be honest, I got lazy filming these type of videos because I felt like it was always the same thing, same angles 📹, same food 🌮, same dance 🕺🏽, same work 👨🏽‍💻… but at the end of the day, that’s my life 😂 I recently read a message on my DM’s of someone telling me: Why is the “influencer life” so perfect? And my honest answer was: It’s not, we only show exciting things that happen maybe 20% of the time, the rest is just boring daily to do’s 😆 Sooo I got inspired and wanted to film a new mini vlog again, sharing good vibes, good food and a few dance moves 🕺🏽 How is your day going ? ⚡️ 𝐌𝐀𝐓𝐙𝐀𝐏𝐄𝐒𝐇 ⚡️ #healthy #lifestyle #goodvibes #vlog #adayinthelife",,19,"Travel & Events","Food,Lifestyle_(sociology)",PT57S,57,2d,hd,false,en,ar,https://i.ytimg.com/vi/XVJVMPdO_04/maxresdefault.jpg,1,,,,,318016,5939,,0,117
4,UCFqnvxz2f7J2cmTo_j0XMpA,"Mambah Fit",wAQLLOfHk2I,2026-04-11T11:52:57Z,"2026-04-11 11:52:57","Épisode jdid fe la chaîne 🤩 #morocco #fun #funny #arabic #mahamawda #mambahfit",,,19,"Travel & Events","Entertainment,Film",PT35S,35,2d,hd,false,fr,ar,https://i.ytimg.com/vi/wAQLLOfHk2I/maxresdefault.jpg,1,,,,,14738,195,,0,4
5,UCFqnvxz2f7J2cmTo_j0XMpA,"Mambah Fit",zfsONSTwFgI,2026-04-11T11:31:00Z,"2026-04-11 11:31:00","TIK TIK TELEBOUTIK EP5 ☎️ ft Mahamawda","مرحبا بكم في Tik Tik Teleboutik! 📞🔥 جوج ديال الكرياتورز، تليفون حمر، والـ community ديالي هي اللي كتحكم فاللّعبة. فهاد الحلقة معايا @moodinmaze فكل راوند، كنعيطو لواحد من المتابعين. كيجينا واحد الكلمة، وممنوع نقولوها، وخاصنا نخليّو اللي فالتليفون يگول الكلمة بلا ما نذكروها. كتبان سهلة… حتى كتبدأ تعصّب 😂 كل كلمة صحيحة = بوان. وفالآخر، اللي كيجمع أكثر نقاط هو اللي كيربح. 🏆 ⚡️ 𝐌𝐀𝐓𝐙𝐀𝐏𝐄𝐒𝐇 ⚡️ #fun #funny #entretainement #morocco #mahamawda #mambahfit #arabic","lifestyle,entertainment,fun,funny,game,games,morocco,arabic,teleboutique,mambah fit,mamba,mamba fit,matzapesh,matzapich,matzapech,matzapish,concept,creators,moroccan creators,moroccan influencers,TikTikTeleboutik,GuessTheWord,RedPhoneChallenge,PhoneGame,FunnyMoments,MoroccanYouTube,GameShow,ArabicContent,VibesOnly,good vibes,Darija,mahamawda,reactions",24,Entertainment,,PT31M55S,1915,2d,hd,false,ar,ar,https://i.ytimg.com/vi/zfsONSTwFgI/maxresdefault.jpg,1,,,,,135941,5788,,0,257
6,UCFqnvxz2f7J2cmTo_j0XMpA,"Mambah Fit",5725re-yg6s,2026-04-07T12:38:34Z,"2026-04-07 12:38:34","Having fun is part of the process 🤣 #morocco #funny #renovation #fun #houserenovation","This is the reason why the home renovation is taking sooo long 🤣 #lifestyle #renovation #fun #funny #homerenovation",,19,"Travel & Events",Lifestyle_(sociology),PT9S,9,2d,hd,false,en,ar,https://i.ytimg.com/vi/5725re-yg6s/maxresdefault.jpg,1,,,,,367168,2665,,0,47
7,UCFqnvxz2f7J2cmTo_j0XMpA,"Mambah Fit",33Ymxevf5Cg,2026-04-02T11:30:02Z,"2026-04-02 11:30:02","𝐇𝐈𝐆𝐇 𝐏𝐑𝐎𝐓𝐄𝐈𝐍 𝐁𝐔𝐑𝐑𝐈𝐓𝐎 🌯 #food #cooking #fun #recipe #funny #protein #easyrecipe","𝐇𝐈𝐆𝐇 𝐏𝐑𝐎𝐓𝐄𝐈𝐍 𝐁𝐔𝐑𝐑𝐈𝐓𝐎 🌯 First time I made this was during Ramadan, and after that I think I made it over 6-7 times 🤣 Quick tip 💡: start by grabbing all your ingredients, and weight them, it makes the preparation easier and faster. 𝐈𝐧𝐠𝐫𝐞𝐝𝐢𝐞𝐧𝐭𝐬 𝐟𝐨𝐫 𝐨𝐧𝐞 𝐬𝐞𝐫𝐯𝐢𝐧𝐠: - 150g low fat meat - 1 Corn Tortilla - 1 red pepper - 1/2 ognion - A little bit of Corn - Some red lentils - Green salade - Mexican spice 𝐈𝐧𝐠𝐫𝐞𝐝𝐢𝐞𝐧𝐭𝐬 𝐟𝐨𝐫 𝐭𝐡𝐞 𝐠𝐮𝐚𝐜𝐚𝐦𝐨𝐥𝐞 🥑 - 1 avocado - 1 Tomato - Garlic/Ognion/Salt spice - Lemon juice Make sure to cook the meat for at least 30 minutes 🔥 ⚡️𝐌𝐀𝐓𝐙𝐀𝐏𝐄𝐒𝐇⚡️ #healthy #recipe #cooking",,19,"Travel & Events","Food,Lifestyle_(sociology)",PT1M5S,65,2d,hd,false,en,ar,https://i.ytimg.com/vi/33Ymxevf5Cg/maxresdefault.jpg,1,,,,,31563,1030,,0,22
8,UCFqnvxz2f7J2cmTo_j0XMpA,"Mambah Fit",YBsu24PQ_mc,2026-04-01T12:18:10Z,"2026-04-01 12:18:10","En poste likoum el recette? 🤪 #cooking #burrito #healthy #food #lifestyle",,,19,"Travel & Events","Food,Lifestyle_(sociology)",PT13S,13,2d,hd,false,fr,ar,https://i.ytimg.com/vi/YBsu24PQ_mc/maxresdefault.jpg,1,,,,,35765,409,,0,6
9,UCFqnvxz2f7J2cmTo_j0XMpA,"Mambah Fit",8Fbtg0M56fE,2026-03-30T16:45:57Z,"2026-03-30 16:45:57","Chkoun bgha atay? 😎🕺🏽 #morocco #fun #dance #arabic #atay #food","I can eat everything as long as there is Atay 🫖🤣 #fun #funny #morocco #food #atay",,19,"Travel & Events","Entertainment,Food",PT14S,14,2d,hd,false,en,ar,https://i.ytimg.com/vi/8Fbtg0M56fE/maxresdefault.jpg,1,,,,,1346309,7993,,0,69
10,UCFqnvxz2f7J2cmTo_j0XMpA,"Mambah Fit",3L_dj1nffc4,2026-03-28T11:42:42Z,"2026-03-28 11:42:42","QTA3T EL CAR MEN DAR 🇲🇦 - EP3 - أحسن بلاصة فالمغرب #morocco #travel #taghazout #fun #beach #surf","𝐓𝐑𝐀𝐕𝐄𝐋 𝐀𝐑𝐎𝐔𝐍𝐃 𝐌𝐎𝐑𝐎𝐂𝐂𝐎 🇲🇦 When I first started this journey, I didn’t think it was going to be that intense 🤩 Everywhere I go, I end up meeting so many of you guys, get to experience different activities and discover my country in a gamified way 🕺🏽 This episode was all about Taghazout 🌴, one of my favorite places in Morocco! I got to surf with Elhfaoui, cook a tajine at the beach with Simo Taki and finish the day with an amazing campfire 🔥 Special thanks to @markoub.ma for supporting this journey 🚌! If you want to book a bus ticket, the best way to do it is using Markoub.ma with the CODE: MAMBAH10 for 10% OFF your first booking! This offer is available till end of April 🙏🏽 ⚡️𝐌𝐀𝐓𝐙𝐀𝐏𝐄𝐒𝐇⚡️ #healthy #lifestyle #travel #morocco #fun",,19,"Travel & Events","Lifestyle_(sociology),Tourism",PT47S,47,2d,hd,false,en,ar,https://i.ytimg.com/vi/3L_dj1nffc4/maxresdefault.jpg,1,,,,,129854,2448,,0,50
11,UCFqnvxz2f7J2cmTo_j0XMpA,"Mambah Fit",SF64CKOidbU,2026-03-28T11:33:07Z,"2026-03-28 11:33:07","QTA3T EL CAR MEN DAR 🇲🇦 - EP3 - أحسن بلاصة فالمغرب","This episode marks the end of an incredible journey across Morocco… or maybe just the beginning 🌍 I started this travel vlog in Morocco with no plan — just a camera and the desire to explore. From Safi to Essaouira to Fez and Mekness, and now Taghazout, this Morocco 🇲🇦 adventure turned into something much deeper. I met amazing people, faced unexpected challenges, and discovered the real beauty of traveling in Morocco. Because in the end, it’s not just about the places… it’s about the people you meet along the way 🤝 A huge thank you to Markoub.ma for supporting this journey 🙏 If you’re planning to travel across Morocco, you can easily book bus tickets using their platform. 🎁 Special offer: 𝐔𝐬𝐞 𝐭𝐡𝐞 𝐜𝐨𝐝𝐞 𝐌𝐀𝐌𝐁𝐀𝐇𝟏𝟎 to get a discount on your first booking (valid until the end of April). This might be the last episode of this series… but the journey never really ends. If you enjoyed this Morocco vlog, don’t forget to like, comment, and subscribe — and tell me where I should go next 👀✨ ⚡️𝐌𝐀𝐓𝐙𝐀𝐏𝐄𝐒𝐇⚡️ _________________________________ هذ الحلقة تمثل نهاية رحلة رائعة عبر المغرب… أو ربما مجرد البداية 🌍 بدأت هذه المغامرة في المغرب بدون أي خطة، فقط بكاميرا ورغبة في الاكتشاف. من آسفي إلى الصويرة إلى تاغازوت، تحولت هذه الرحلة في المغرب إلى تجربة أعمق بكثير. تعرفت على ناس رائعين، عشت تحديات غير متوقعة، واكتشفت أن جمال السفر في المغرب ماشي غير في الأماكن… ولكن في الناس 🤝 شكراً جزيلاً لـ Markoub.ma على دعمهم لهذه المغامرة 🙏 إذا كنت باغي تسافر داخل المغرب بسهولة، تقدر تحجز تذاكر الحافلات عبر المنصة ديالهم بكل سهولة. 🎁 عرض خاص: استعمل الكود MAMBAH10 للحصول على تخفيض في أول حجز ديالك (صالح حتى نهاية أبريل). يمكن تكون هذه آخر حلقة من السلسلة… ولكن الرحلة ما عندهاش نهاية. إذا عجبك هذا الفلوغ في المغرب، ما تنساش دير لايك، كومنت وسبسكرايب، وقولي فين بغيتي نمشي فالمرة الجاية 👀✨ ⚡️𝐌𝐀𝐓𝐙𝐀𝐏𝐄𝐒𝐇⚡️ #morocco #travel #vlog #discovering #goodvibes #arabic #fun","morocco,maghreb,travel,discover,adventure,moroccan,discovering,traveling,arabic,community,TravelMorocco,mambah,mambahfit,mamba,matzapesh,matzapech,matzapich,matzapish,challenge,challenges,moroccan cities,morocco trip,road trip,explore morocco,maghreb vlog,مدن المغرب,رحلة المغرب,تحديات,فلوغ,مغامرات,رحلات,سفر,المغرب,سياحة,حلة_غير_متوقعة,مغامراتي,moroccan vlogger,content creator,moroccan content creator,youtuber,influencer,taghazout,agadir,surfing,surf,beach,cooking,tajine",19,"Travel & Events","Lifestyle_(sociology),Tourism",PT30M44S,1844,2d,hd,false,ar,ar,https://i.ytimg.com/vi/SF64CKOidbU/maxresdefault.jpg,1,,,,,124762,4085,,0,333
12,UCFqnvxz2f7J2cmTo_j0XMpA,"Mambah Fit",RPC4ZHzTPcI,2026-03-26T12:16:35Z,"2026-03-26 12:16:35","𝐏𝐑𝐎𝐓𝐄𝐈𝐍 𝐂𝐇𝐎𝐂𝐎𝐋𝐀𝐓𝐄 𝐂𝐀𝐊𝐄 🍰 #morocco #arabic #cake #protein #weightloss","𝐏𝐑𝐎𝐓𝐄𝐈𝐍 𝐂𝐇𝐎𝐂𝐎𝐋𝐀𝐓𝐄 𝐂𝐀𝐊𝐄 🍰 This is one of the easiest cakes I had to make so far 🤩 and it’s sooo good for 150 calories per slice 🕺🏽 Quick tip 💡: start by grabbing all your ingredients, and weight them, it makes the preparation easier and faster. 𝐈𝐧𝐠𝐫𝐞𝐝𝐢𝐞𝐧𝐭𝐬 𝐟𝐨𝐫 𝐭𝐡𝐞 𝐜𝐚𝐤𝐞: - 130g oat flower - 35g protein powder - 25g cocoa powder - 1 tsp baking powder - Pinch of salt - 250g greek yogurt - 2 eggs - 60 ml milk 𝐈𝐧𝐠𝐫𝐞𝐝𝐢𝐞𝐧𝐭𝐬 𝐟𝐨𝐫 𝐭𝐡𝐞 𝐟𝐫𝐨𝐬𝐭𝐢𝐧𝐠: - 200g greek yogurt - 30g protein powder - 10g cocoa powder - Splash of milk For the cake, mix everything till well combined and put it in the oven at 180º for 25 minutes 🔥 ⚡️𝐌𝐀𝐓𝐙𝐀𝐏𝐄𝐒𝐇⚡️ #healthy #recipe #cooking #healthyrecipes #cake",,26,"Howto & Style","Food,Lifestyle_(sociology)",PT40S,40,2d,hd,false,en,ar,https://i.ytimg.com/vi/RPC4ZHzTPcI/maxresdefault.jpg,1,,,,,157431,2686,,0,64
13,UCFqnvxz2f7J2cmTo_j0XMpA,"Mambah Fit",Yg60WvtdFtg,2026-03-24T16:50:30Z,"2026-03-24 16:50:30","𝐈𝐓’𝐒 𝐓𝐈𝐌𝐄 𝐓𝐎 𝐆𝐄𝐓 𝐁𝐀𝐂𝐊 𝐎𝐍 𝐓𝐑𝐀𝐂𝐊 💪🏽 #morocco #arabic #weightloss #cooking","𝐈𝐓’𝐒 𝐓𝐈𝐌𝐄 𝐓𝐎 𝐆𝐄𝐓 𝐁𝐀𝐂𝐊 𝐎𝐍 𝐓𝐑𝐀𝐂𝐊 💪🏽 To be 100% honest with you, it’s been over 8 months that’s I didn’t follow a specific diet and I’ve been eating a little bit too much 🤣 Yes, I’m still going to the gym 5 times a week 🏋🏽, but my nutrition hasn’t been following… and that’s totally oke as long as I get back on track on time! 3 months till summer sooo I feel like I should get back to my healthy routine 🤪 And you? Are you getting ready for summer? ☀️ ⚡️ 𝐌𝐀𝐓𝐙𝐀𝐏𝐄𝐒𝐇 ⚡️ #healthy #lifestyle #food #lowcalories #mealprep",,26,"Howto & Style","Food,Health,Lifestyle_(sociology)",PT50S,50,2d,hd,false,en,ar,https://i.ytimg.com/vi/Yg60WvtdFtg/maxresdefault.jpg,1,,,,,136693,2435,,0,50
14,UCFqnvxz2f7J2cmTo_j0XMpA,"Mambah Fit",2yXVmZ1_S34,2026-03-23T14:49:52Z,"2026-03-23 14:49:52","Always good vibes 🕺🏽😇 #morocco #dance #vibes #lifestyle #fun",,,26,"Howto & Style","Entertainment,Performing_arts",PT15S,15,2d,hd,false,en,ar,https://i.ytimg.com/vi/2yXVmZ1_S34/maxresdefault.jpg,1,,,,,37686,483,,0,12
15,UCFqnvxz2f7J2cmTo_j0XMpA,"Mambah Fit",bf5YWPbV_6Q,2026-03-19T20:06:38Z,"2026-03-19 20:06:38","عيد مبارك سعيد 🤍✨",,,26,"Howto & Style",Food,PT25S,25,2d,hd,false,ar,ar,https://i.ytimg.com/vi/bf5YWPbV_6Q/maxresdefault.jpg,1,,,,,54642,1655,,0,51
16,UCFqnvxz2f7J2cmTo_j0XMpA,"Mambah Fit",Sh6i_V6M4rM,2026-03-18T22:02:08Z,"2026-03-18 22:02:08","Ach banlikoum fe had el burrito 🌯 ? #food #iftar #ramadan #healthy #food #cooking",,,26,"Howto & Style","Food,Lifestyle_(sociology)",PT16S,16,2d,hd,false,en,ar,https://i.ytimg.com/vi/Sh6i_V6M4rM/maxresdefault.jpg,1,,,,,415472,4522,,0,64
17,UCFqnvxz2f7J2cmTo_j0XMpA,"Mambah Fit",CFfoDaGKe2E,2026-03-15T15:46:28Z,"2026-03-15 15:46:28","Les problèmes de couples ep-7 🤣 #morocco #funny #fun #comedy #arabic #couple",,,26,"Howto & Style","Entertainment,Film",PT1M6S,66,2d,hd,false,fr,ar,https://i.ytimg.com/vi/CFfoDaGKe2E/maxresdefault.jpg,1,,,,,583763,8650,,0,86
18,UCFqnvxz2f7J2cmTo_j0XMpA,"Mambah Fit",UOJAwt06WmU,2026-03-14T16:09:02Z,"2026-03-14 16:09:02","Iftar with Dounia ✨ is out! #morocco #iftar #ramadan #food #arabic #dubai #podcast",,,26,"Howto & Style","Food,Lifestyle_(sociology)",PT49S,49,2d,hd,false,en,ar,https://i.ytimg.com/vi/UOJAwt06WmU/maxresdefault.jpg,1,,,,,54381,976,,0,24
19,UCFqnvxz2f7J2cmTo_j0XMpA,"Mambah Fit",jSgRSR_hqqg,2026-03-14T16:01:07Z,"2026-03-14 16:01:07","Iftar with Dounia Bomba ✨ كلام صريح بلا فلترة","مرحبا بيكم فـ SEASON 3 ديال FTOUR M3A MAMBAH ✨ ضفتنا في هذه الحلقة هي @douniabomba جلسنا على طابلة الفطور، ضحكنا، وهضرنا فمواضيع 🕺🏽 حلقة خفيفة، زوينة، وبأجواء رمضانية مميزة 🌙 متنساوش تكتبوا لينا فالكومنتيرات شنو رأيكم #lifestyle #ramadan #podcast #morocco #arabic #douniabomba","darija,mambah,matzapesh,mamba,healthy,maghreb,morocco,maroc,moroccan vloger,arabic,مغربية,مغربي,trivia,podcast,ramadan,food,cooking,actress,dounia bomba,love is blind,love is blind habibi,reality tv,reality show,love",26,"Howto & Style",,PT1H2M12S,132,2d,hd,false,ar,ar,https://i.ytimg.com/vi/jSgRSR_hqqg/maxresdefault.jpg,1,,,,,176277,4556,,0,707
20,UCFqnvxz2f7J2cmTo_j0XMpA,"Mambah Fit",crp_FtWYrlk,2026-03-12T17:38:44Z,"2026-03-12 17:38:44","Ach banlikoum ntouma? 🤣 #morocco #fun #funny #funnyshorts #lifestyle","Daba wela koulchi moura el Eid 🤣 #funny #fun #homerenovation #arabic #morocco",,26,"Howto & Style","Entertainment,Film",PT11S,11,2d,hd,false,en,ar,https://i.ytimg.com/vi/crp_FtWYrlk/maxresdefault.jpg,1,,,,,531028,3840,,0,16
21,UCFqnvxz2f7J2cmTo_j0XMpA,"Mambah Fit",ZOWxMEYOor4,2026-03-11T13:33:56Z,"2026-03-11 13:33:56","𝐎𝐕𝐄𝐑𝐍𝐈𝐆𝐇𝐓 𝐎𝐀𝐓𝐒 🍒 #iftar #ramadan #recipes #cooking #healthy #lifestyle #food #arabic","𝐇𝐄𝐀𝐋𝐓𝐇𝐘 𝐑𝐄𝐂𝐈𝐏𝐄𝐒 ✨ 𝐎𝐕𝐄𝐑𝐍𝐈𝐆𝐇𝐓 𝐎𝐀𝐓𝐒 🍒 This is an easy, tasty and quick recipe to do for your dessert 🍮 to satisfy your cravings 🤩 Quick tip 💡: start by grabbing all your ingredients, and weight them, it makes the preparation easier and faster. 𝐈𝐧𝐠𝐫𝐞𝐝𝐢𝐞𝐧𝐭𝐬: - 130g oats - 90ml milk (I used coconut milk) - Danone triple 0 @danon - Any fruits (I used blueberry 🫐 and strawberry 🍓 ) - 30g Chocolat chips Mix everything till well combined and let it sit in the fridge 🧊 for at least 2-3h. ⚡️𝐌𝐀𝐓𝐙𝐀𝐏𝐄𝐒𝐇⚡️ #healthy #recipe #cooking #ramadan #iftar",,26,"Howto & Style","Food,Lifestyle_(sociology)",PT37S,37,2d,hd,false,en,ar,https://i.ytimg.com/vi/ZOWxMEYOor4/maxresdefault.jpg,1,,,,,52265,1081,,0,22
22,UCFqnvxz2f7J2cmTo_j0XMpA,"Mambah Fit",j4VeqptN7Bg,2026-03-09T12:56:13Z,"2026-03-09 12:56:13","𝐓𝐇𝐄 𝐁𝐀𝐍𝐀𝐍𝐀/𝐃𝐀𝐓𝐄𝐒 𝐁𝐎𝐌𝐁 🍌 #food #morocco #arabic #cooking #ramadan","𝐓𝐇𝐄 𝐁𝐀𝐍𝐀𝐍𝐀/𝐃𝐀𝐓𝐄𝐒 𝐁𝐎𝐌𝐁 🍌 This recipe will satisfy your sugar cravings 100% 😎 First, I want to let you know that this recipe is not low in calories 🤣, but it’s soooo good, and it’s a healthier alternative than any other sugar treats you can find in the table 😏 Give it a try and let me know how you like it 🙌🏽 ⚡️ 𝐌𝐀𝐓𝐙𝐀𝐏𝐄𝐒𝐇 ⚡️ #healthy #recipe #cooking #iftar #ramadan",,26,"Howto & Style","Food,Lifestyle_(sociology)",PT46S,46,2d,hd,false,en,ar,https://i.ytimg.com/vi/j4VeqptN7Bg/maxresdefault.jpg,1,,,,,252521,5385,,0,40
23,UCFqnvxz2f7J2cmTo_j0XMpA,"Mambah Fit",1Ia7Bgnoc1I,2026-03-08T12:36:28Z,"2026-03-08 12:36:28","HIDE AND SEEK EP2 ⚡️ #morocco #fun #games #entertainment #arabic #contentcreator #funny #cachecache",,,26,"Howto & Style",Video_game_culture,PT32S,32,2d,hd,false,en,ar,https://i.ytimg.com/vi/1Ia7Bgnoc1I/maxresdefault.jpg,1,,,,,18153,336,,0,4
24,UCFqnvxz2f7J2cmTo_j0XMpA,"Mambah Fit",01JIpWoXFr0,2026-03-08T12:30:42Z,"2026-03-08 12:30:42","CACHE CACHE GÉANT EP2 🇲🇦 أكبر كاش كاش في المغرب","Welcome to episode 2 of one of the biggest Hide & Seek in Morocco 🇲🇦, five creators, @SimoSedraty @Majdoulinsr @amin @omarelmekkaoui7405 @imanchraibii each team up with a member of their community for a chance to win 10,000 MAD 💰 This time, the game takes place inside Partners clothing factory 👕 I’ll be the one searching for them, with a member of my own community. Who will hide the best? And who will get caught? 👀 Watch the full episode and let me know in the comments who had the best hiding spot. Special thanks to Partners for supporting and sponsoring this this episode 🤍 (https://www.instagram.com/partners_ma/ ) ⚡️ 𝐌𝐀𝐓𝐙𝐀𝐏𝐄𝐒𝐇 ⚡️ #games #morocco #funny #fun #arabic #hideandseek #entertainment __________________________________________________________________ ‏مرحبا بكم فالحلقة الثانية من واحد من أكبر كاش كاش فالمغرب 🇲🇦 صُنّاع المحتوى، كل واحد فيهم مع واحد من الكوميونيتي ديالو، و كيلعبو على فرصة يربحو 10.000💰 درهم هاد المرة لاعبين في واحد👕 لوزين ديال حويج و حتى أنا معايا واحد من الكوميونيتي ديالي وغادي نقلب عليهم كاملي شكون غادي يعرف يتخبا مزيان؟ 👀 وشكون غادي يتشد؟ تفرجو فالحلقة كاملة وقولو ليا فالكومنتيرات 👇 شكون كان عندو أحسن بلاصة يختبأ فيها شكر كبير لـ Partners على دعمهم لهاذ الحلقة 🤍 ماتزابيش ⚡️","morocco,games,hide and seek,cache cache,mambahfit,mambah,mambafit,simo sedraty,majdoulin sr,iman chraibi,amine belghazi,omar el mekkaoui,fun,funny,arabic,entertainment,content creation,concept,giveaway,dirhams,10.000,money,money prize",26,"Howto & Style",Entertainment,PT41M24S,2484,2d,hd,false,ar,ar,https://i.ytimg.com/vi/01JIpWoXFr0/maxresdefault.jpg,1,,,,,659794,19308,,0,962
25,UCFqnvxz2f7J2cmTo_j0XMpA,"Mambah Fit",D_LIZao2BS4,2026-03-07T12:51:19Z,"2026-03-07 12:51:19","Wa fiya jouuu3 🤣 #healthy #lifestyle #food #ramadan #iftar #recipes #funny #fun","Who agrees? 🤣 #ramadan #food #cooking #funny #fun",,26,"Howto & Style",Entertainment,PT12S,12,2d,hd,false,en,ar,https://i.ytimg.com/vi/D_LIZao2BS4/maxresdefault.jpg,1,,,,,44845,763,,0,24
26,UCFqnvxz2f7J2cmTo_j0XMpA,"Mambah Fit",wzh6GnjXT6k,2026-03-05T19:16:38Z,"2026-03-05 19:16:38","𝐋𝐄𝐓’𝐒 𝐏𝐑𝐄𝐏𝐀𝐑𝐄 𝐈𝐅𝐓𝐀𝐑 𝐓𝐎𝐆𝐄𝐓𝐇𝐄𝐑 ✨ #iftar #ramadan #recipe #cooking #food","𝐋𝐄𝐓’𝐒 𝐏𝐑𝐄𝐏𝐀𝐑𝐄 𝐈𝐅𝐓𝐀𝐑 𝐓𝐎𝐆𝐄𝐓𝐇𝐄𝐑 ✨ To be honest, that was the first time I tried cooking this meat 🥩 and veggies 🥕 tagine, and I can assure you it won’t be the last 🤩! It was such an easy and healthy meal prep that I now want to do it every day! On top of that, finishing with the perfect low calories, 0% added sugar, fat free, and lactose free dessert from @danone makes my Iftar even better 🚀 Try if for yourself and let me know 🕺🏽 ⚡️ 𝐌𝐀𝐓𝐙𝐀𝐏𝐄𝐒𝐇 ⚡️ #healthy #lifestyle #iftar #ramadan #cooking",,26,"Howto & Style","Food,Lifestyle_(sociology)",PT56S,56,2d,hd,false,en,ar,https://i.ytimg.com/vi/wzh6GnjXT6k/maxresdefault.jpg,1,,,,,85029,2213,,0,63
27,UCFqnvxz2f7J2cmTo_j0XMpA,"Mambah Fit",mRzAn4P0uEc,2026-03-04T13:12:12Z,"2026-03-04 13:12:12","𝐇𝐄𝐀𝐋𝐓𝐇𝐘 𝐑𝐄𝐂𝐈𝐏𝐄𝐒 𝐂𝐇𝐈𝐂𝐊𝐄𝐍 𝐂𝐇𝐈𝐏𝐒 #healthy #recipes #morocco #food #ramadan","𝐇𝐄𝐀𝐋𝐓𝐇𝐘 𝐑𝐄𝐂𝐈𝐏𝐄𝐒 ✨ 𝐂𝐇𝐈𝐂𝐊𝐄𝐍 𝐂𝐇𝐈𝐏𝐒 🍟 I saw this recipe in my FYP multiple times and had to give it a try! Honestly it’s a strong 6/10, but I might have done something wrong 🤣 Quick tip 💡: start by grabbing all your ingredients, and weight them, it makes the preparation easier and faster. 𝐈𝐧𝐠𝐫𝐞𝐝𝐢𝐞𝐧𝐭𝐬: - 300g chicken - Spices of your choice 🍳 Cook in the oven at 190° for 30-35 min 🔥 ⚡️𝐌𝐀𝐓𝐙𝐀𝐏𝐄𝐒𝐇⚡️ #healthy #recipe #cooking #ramadan #iftar",,26,"Howto & Style","Food,Lifestyle_(sociology)",PT47S,47,2d,hd,false,en,ar,https://i.ytimg.com/vi/mRzAn4P0uEc/maxresdefault.jpg,1,,,,,312658,6166,,0,57
28,UCFqnvxz2f7J2cmTo_j0XMpA,"Mambah Fit",borxmeQVlT4,2026-03-01T13:21:31Z,"2026-03-01 13:21:31","We still have a long way to go I guess 🤣 #hometransormation #renovation #construction #house #home","When I thought it was almost over, weeeell I was wrong 😑🤣 #renovation #houserenovation #funny #fun #hometransformation",,26,"Howto & Style",Lifestyle_(sociology),PT11S,11,2d,hd,false,en,ar,https://i.ytimg.com/vi/borxmeQVlT4/maxresdefault.jpg,1,,,,,186661,1948,,0,18
29,UCFqnvxz2f7J2cmTo_j0XMpA,"Mambah Fit",jF560bhBTwo,2026-02-28T12:37:21Z,"2026-02-28 12:37:21","IFTAR WITH DRAGANOV 🔥 #iftar #ramadan #food #cooking #podcast #morocco #arabic",,,26,"Howto & Style","Food,Lifestyle_(sociology)",PT28S,28,2d,hd,false,en,ar,https://i.ytimg.com/vi/jF560bhBTwo/maxresdefault.jpg,1,,,,,31762,444,,0,11
30,UCFqnvxz2f7J2cmTo_j0XMpA,"Mambah Fit",DNxgYXRZYEw,2026-02-28T12:30:34Z,"2026-02-28 12:30:34","Iftar with Draganov 🔥 كلام ما تسمعوش كل نهار","مرحبا بيكم فـ SEASON 3 ديال FTOUR M3A MAMBAH ✨ فهاد الحلقة ضيفي هو Draganov 🔥 جلسنا على طابلة الفطور، هضرنا على الموسيقى، الحياة، وتجارب من المسيرة ديالو 🎤 حلقة فيها صراحة، ضحك، وأجواء رمضانية 🌙 شوفو الحلقة كاملة وقولو لينا فالكومنتيرات شنو أكثر حاجة عجباتكم 👇 شكر كبير لـ Jebli Maroc على دعمهم لهاذ الحلقة : https://www.instagram.com/jebli_maroc/ #lifestyle #ramadan #podcast #morocco #arabic #draganov","darija,mambah,matzapesh,mamba,healthy,maghreb,morocco,maroc,moroccan vloger,arabic,مغربية,مغربي,trivia,podcast,ramadan,food,cooking,moroccan singer,singer,draganov,rappeur,rapper,moroccan rapper,music,rap",26,"Howto & Style","Food,Lifestyle_(sociology)",PT1H16M28S,988,2d,hd,false,ar,ar,https://i.ytimg.com/vi/DNxgYXRZYEw/maxresdefault.jpg,1,,,,,203680,5519,,0,420
31,UCFqnvxz2f7J2cmTo_j0XMpA,"Mambah Fit",HuRtazlZqzg,2026-02-27T12:30:21Z,"2026-02-27 12:30:21","𝐑𝐀𝐌𝐀𝐃𝐀𝐍 𝐑𝐄𝐂𝐈𝐏𝐄𝐒 ✨𝐅𝐈𝐋𝐋𝐄𝐃 𝐌𝐒𝐄𝐌𝐄𝐍 🧇 #iftar #ramadan #healthy #food #cooking","𝐑𝐀𝐌𝐀𝐃𝐀𝐍 𝐑𝐄𝐂𝐈𝐏𝐄𝐒 ✨ 𝐅𝐈𝐋𝐋𝐄𝐃 𝐌𝐒𝐄𝐌𝐄𝐍 🧇 This recipe is a banger !! To be honest I didn’t think it will be that good at the beginning 😅 Quick tip 💡: start by grabbing all your ingredients, and weight them, it makes the preparation easier and faster. 𝐌𝐀𝐂𝐑𝐎𝐒 𝐏𝐄𝐑 𝐒𝐄𝐑𝐕𝐈𝐍𝐆: 𝟏𝟎𝟔 𝐊𝐂𝐀𝐋 / 𝟖𝐠 𝐏 / 𝟏𝟎,𝟏𝐠 𝐂 / 𝟑,𝟒𝐠 𝐅 𝐈𝐧𝐠𝐫𝐞𝐝𝐢𝐞𝐧𝐭𝐬 𝐟𝐨𝐫 𝟓 𝐬𝐞𝐫𝐯𝐢𝐧𝐠𝐬: - 180g minced plain meat - 90g carrots - 220g bell peppers - 2 eggs - 100g rice paper - 75g Jebli light 🍳 Cook on medium heat in a pan, and make sure to flip it before it burns 🔥 ⚡️𝐌𝐀𝐓𝐙𝐀𝐏𝐄𝐒𝐇⚡️ #healthy #recipe #cooking #ramadan #iftar",,26,"Howto & Style","Food,Lifestyle_(sociology)",PT1M1S,61,2d,hd,false,en,ar,https://i.ytimg.com/vi/HuRtazlZqzg/maxresdefault.jpg,1,,,,,198452,4267,,0,97
32,UCFqnvxz2f7J2cmTo_j0XMpA,"Mambah Fit",rSTXCuHCPfM,2026-02-26T20:02:59Z,"2026-02-26 20:02:59","HEALTHY MOROCCAN IFTAR 🇲🇦 #ramadan #iftar #cooking #food #arabic #healthy","Ach banlikoum fe had el ftour? 😏 #ramadan #iftar #cooking #morocco #arabic #lifestyle",,26,"Howto & Style","Food,Lifestyle_(sociology)",PT55S,55,2d,hd,false,en,ar,https://i.ytimg.com/vi/rSTXCuHCPfM/maxresdefault.jpg,1,,,,,338281,8307,,0,150
33,UCFqnvxz2f7J2cmTo_j0XMpA,"Mambah Fit",n2Cu2_rASTA,2026-02-23T12:51:57Z,"2026-02-23 12:51:57","𝐇𝐄𝐀𝐋𝐓𝐇𝐘 𝐂𝐇𝐎𝐂𝐎 𝐃𝐀𝐓𝐄𝐒 𝐁𝐑𝐎𝐖𝐍𝐈𝐄 🍪 #iftar #ramadan #food #cooking #snacks","𝐑𝐀𝐌𝐀𝐃𝐀𝐍 𝐑𝐄𝐂𝐈𝐏𝐄𝐒 ✨ 𝐇𝐄𝐀𝐋𝐓𝐇𝐘 𝐂𝐇𝐎𝐂𝐎 𝐃𝐀𝐓𝐄𝐒 𝐁𝐑𝐎𝐖𝐍𝐈𝐄 🍪 At first I wasn’t the biggest fan of dates, but when I tried this cake… 🤩 Quick tip 💡: start by grabbing all your ingredients, and weight them, it makes the preparation easier and faster. 𝐌𝐀𝐂𝐑𝐎𝐒 𝐏𝐄𝐑 𝐒𝐄𝐑𝐕𝐈𝐍𝐆: 𝟏𝟕𝟓 𝐊𝐂𝐀𝐋 / 𝟑,𝟖𝐠 𝐏 / 𝟑𝟔𝐠 𝐂 / 𝟐,𝟒𝐠 𝐅 𝐈𝐧𝐠𝐫𝐞𝐝𝐢𝐞𝐧𝐭𝐬 𝐟𝐨𝐫 𝟔 𝐬𝐞𝐫𝐯𝐢𝐧𝐠𝐬: - 150g dates - 2 whole bananas - 50g cacao powder - 2 eggs - Baking powder 🌡️ Bake at 175º for 30 min and then let it cool down for 2 to 3 hours in the fridge 😁 ⚡️𝐌𝐀𝐓𝐙𝐀𝐏𝐄𝐒𝐇⚡️ #healthy #recipe #cooking #ramadan #iftar",,26,"Howto & Style","Food,Lifestyle_(sociology)",PT58S,58,2d,hd,false,en,ar,https://i.ytimg.com/vi/n2Cu2_rASTA/maxresdefault.jpg,1,,,,,268016,6920,,0,95
34,UCFqnvxz2f7J2cmTo_j0XMpA,"Mambah Fit",qPo4Y02mxfU,2026-02-22T22:05:48Z,"2026-02-22 22:05:48","Kas dial atay c’est la claaaasse 😏 #morocco #ramadan #arabic #iftar #podcast",,,26,"Howto & Style","Food,Lifestyle_(sociology)",PT14S,14,2d,hd,false,fr,ar,https://i.ytimg.com/vi/qPo4Y02mxfU/maxresdefault.jpg,1,,,,,371118,4262,,0,86
35,UCFqnvxz2f7J2cmTo_j0XMpA,"Mambah Fit",oXZqcGAR2IM,2026-02-22T12:20:24Z,"2026-02-22 12:20:24","FTOUR M3A MARIA ✨ FULL EPISODE ONLINE! #ramadan #food #podcast #ftour #morocco #arabic",,,26,"Howto & Style",Lifestyle_(sociology),PT33S,33,2d,hd,false,en,ar,https://i.ytimg.com/vi/oXZqcGAR2IM/maxresdefault.jpg,1,,,,,55397,1197,,0,37
36,UCFqnvxz2f7J2cmTo_j0XMpA,"Mambah Fit",ONgHnG8HB3U,2026-02-22T12:00:40Z,"2026-02-22 12:00:40","Iftar with Maria Nadim ✨ هضرة من القلب","مرحبا بيكم فـ SEASON 3 ديال FTOUR M3A MAMBAH ✨ ضيفتنا فالحلقة الأولى هي @MariaNadimusic جلسنا على طابلة الفطور، ضحكنا، وهضرنا فمواضيع يمكن أول مرة تسمعوهم 👀 حلقة خفيفة، زوينة، وبأجواء رمضانية مميزة 🌙 متنساوش تكتبوا لينا فالكومنتيرات شنو رأيكم #lifestyle #ramadan #podcast #morocco #arabic #marianadim","darija,mambah,matzapesh,mamba,healthy,maghreb,morocco,maroc,moroccan vloger,arabic,مغربية,مغربي,trivia,podcast,ramadan,food,cooking,maria nadim,moroccan actress,moroccan singer,singer,actress",26,"Howto & Style",Food,PT1H55M3S,3303,2d,hd,false,ar,ar,https://i.ytimg.com/vi/ONgHnG8HB3U/maxresdefault.jpg,1,,,,,478556,8669,,0,926
37,UCFqnvxz2f7J2cmTo_j0XMpA,"Mambah Fit",ItW3ZjWgni4,2026-02-19T17:30:05Z,"2026-02-19 17:30:05","TIQ OULA MA TIQCH? 😏 ft Simo Sedraty #fun #funny #morocco #arabic #entertainment",,,24,Entertainment,Entertainment,PT36S,36,2d,hd,false,en,ar,https://i.ytimg.com/vi/ItW3ZjWgni4/maxresdefault.jpg,1,,,,,22140,352,,0,4
38,UCFqnvxz2f7J2cmTo_j0XMpA,"Mambah Fit",cp0kJHAezwo,2026-02-16T12:57:32Z,"2026-02-16 12:57:32","POV: less thinking, more living 🚀 #morocco #healthy #lifestyle #arabic #fun #adventure",,,24,Entertainment,Lifestyle_(sociology),PT24S,24,2d,hd,false,en,ar,https://i.ytimg.com/vi/cp0kJHAezwo/maxresdefault.jpg,1,,,,,56157,1115,,0,24
39,UCFqnvxz2f7J2cmTo_j0XMpA,"Mambah Fit",TsTNScktArs,2026-02-12T18:00:35Z,"2026-02-12 18:00:35","TIQ OULA MA TIQCH EP4 😏 ft @SimoSedraty","مرحبا بيكم فـ TIQ OULA MA TIQCH 😏 أنا وضيف ديالي كنكونو وجهاً لوجه قدّام جوج طواجين 👀 فواحد فيهم كاين تحدي زوين وساهل… وفالآخر كاين تحدي خايب ولا معقّد 😈 عندنا 3 جولات، وفي كل جولة خاص كل واحد فينا يقنع الآخر يختار الطاجين… ولكن هنا السؤال هو: تيق… ولا ما تيقش؟ 🤔 فهاد الكونسبت، الكذوب ممكن يكون ستراتيجية 🧠 والصدق ممكن يكون فخ 😅 شكون غادي يكون أذكى؟ وشكون غادي يطيح فالفخ؟ كتبوا لينا فالكومنتيرات: فبلاصة الضيف… واش كنتو غادي تتيقو ولا لا؟ 👇🔥 ⚡️ 𝐌𝐀𝐓𝐙𝐀𝐏𝐄𝐒𝐇 ⚡️ #morocco #games #entertainment #lifestyle #simosedraty #mambahfit #arabic","mambahfit,mamba,matzapesh,matzapish,tiq oula ma tiqch,games,morocco,maghreb,المغرب,arabic,darija,قوالب,entertainment,عربية,كذب,تبق ولا ماتيقش,confiance,maroc,simo sedraty,simo sedrati,fun,funnx,kedab",24,Entertainment,,PT24M41S,1481,2d,hd,false,ar,ar,https://i.ytimg.com/vi/TsTNScktArs/maxresdefault.jpg,1,,,,,184361,4954,,0,160
40,UCFqnvxz2f7J2cmTo_j0XMpA,"Mambah Fit",4Xuz_goiY_E,2026-02-05T11:30:04Z,"2026-02-05 11:30:04","Start taking care of yourself 🙏🏼 #lifestyle #healthy #habits #motivation #discipline","It’s crazy how powerful marketing can be… The things that are so called “normal” are the ones that harms us, mentally, physically and emotionally! But the things that are called “crazy” are the ones that we need in life, to live better, longer and happier 🙌🏽 Think about it 😉 ⚡️ 𝐌𝐀𝐓𝐙𝐀𝐏𝐄𝐒𝐇 ⚡️ #healthy #lifestyle #habits #routine #motivation",,19,"Travel & Events","Health,Lifestyle_(sociology)",PT16S,16,2d,hd,false,en,ar,https://i.ytimg.com/vi/4Xuz_goiY_E/maxresdefault.jpg,1,,,,,46283,850,,0,14
41,UCFqnvxz2f7J2cmTo_j0XMpA,"Mambah Fit",9tECC7PdB00,2026-02-04T18:00:23Z,"2026-02-04 18:00:23","TIK TIK TELEBOUTIK EP3 ☎️ ft Selma Feida","مرحبا بكم في Tik Tik Teleboutik! 📞🔥 جوج ديال الكرياتورز، تليفون حمر، والـ community ديالي هي اللي كتحكم فاللّعبة. فهاد الحلقة معايا Selma Feida فكل راوند، كنعيطو لواحد من المتابعين. كيجينا واحد الكلمة، وممنوع نقولوها، وخاصنا نخليّو اللي فالتليفون يگول الكلمة بلا ما نذكروها. كتبان سهلة… حتى كتبدأ تعصّب 😂 كل كلمة صحيحة = بوان. وفالآخر، اللي كيجمع أكثر نقاط هو اللي كيربح. 🏆 ⚡️ 𝐌𝐀𝐓𝐙𝐀𝐏𝐄𝐒𝐇 ⚡️ #fun #funny #entretainement #morocco #selmafeida #mambahfit #arabic","lifestyle,entertainment,fun,funny,game,games,morocco,arabic,teleboutique,mambah fit,mamba,mamba fit,matzapesh,matzapich,matzapech,matzapish,concept,creators,moroccan creators,moroccan influencers,TikTikTeleboutik,GuessTheWord,RedPhoneChallenge,PhoneGame,FunnyMoments,MoroccanYouTube,GameShow,ArabicContent,VibesOnly,good vibes,Darija,selma feida",24,Entertainment,,PT25M28S,1528,2d,hd,false,ar,ar,https://i.ytimg.com/vi/9tECC7PdB00/maxresdefault.jpg,1,,,,,184604,6086,,0,315
42,UCFqnvxz2f7J2cmTo_j0XMpA,"Mambah Fit",8ENxjNWc2Fg,2026-02-03T12:13:28Z,"2026-02-03 12:13:28","𝐂𝐇𝐈𝐋𝐋 𝐌𝐎𝐑𝐍𝐈𝐍𝐆 𝐑𝐎𝐔𝐓𝐈𝐍𝐄 🙌🏽 #morocco #healthy #lifestyle #workout #vlog #minivlog",,,19,"Travel & Events","Lifestyle_(sociology),Physical_fitness",PT44S,44,2d,hd,false,en,ar,https://i.ytimg.com/vi/8ENxjNWc2Fg/maxresdefault.jpg,1,,,,,159779,2883,,0,56
43,UCFqnvxz2f7J2cmTo_j0XMpA,"Mambah Fit",XMLOkQOfQMw,2026-02-01T20:36:09Z,"2026-02-01 20:36:09","A wili el flous mchat 😂 #morocco #fun #funny #renovation #arabic",,,19,"Travel & Events",Entertainment,PT10S,10,2d,hd,false,en,ar,https://i.ytimg.com/vi/XMLOkQOfQMw/maxresdefault.jpg,1,,,,,680356,4156,,0,71
44,UCFqnvxz2f7J2cmTo_j0XMpA,"Mambah Fit",ENIIjE-vKsM,2026-02-01T11:21:02Z,"2026-02-01 11:21:02","DISCOVERING FES & MEKNES 🇲🇦 #morocco #travel #vlog #adventure #arabic #fun",,,19,"Travel & Events",Lifestyle_(sociology),PT46S,46,2d,hd,false,en,ar,https://i.ytimg.com/vi/ENIIjE-vKsM/maxresdefault.jpg,1,,,,,42677,1101,,0,24
45,UCFqnvxz2f7J2cmTo_j0XMpA,"Mambah Fit",jJBpoJHCfCA,2026-01-28T18:14:19Z,"2026-01-28 18:14:19","New video is out! 🤩 #morocco #travel #lifestyle #healthy #arabic #challenges",,,19,"Travel & Events","Lifestyle_(sociology),Tourism",PT30S,30,2d,hd,false,en,ar,https://i.ytimg.com/vi/jJBpoJHCfCA/maxresdefault.jpg,1,,,,,22486,476,,0,22
46,UCFqnvxz2f7J2cmTo_j0XMpA,"Mambah Fit",T_6fsD5Vak0,2026-01-28T18:00:29Z,"2026-01-28 18:00:29","QTA3T EL CAR MEN DAR 🚌 - EP2 | مشيت لفاس ومكناس… وتصدّمت","Ever wondered what it’s like to travel across Morocco with no plan at all? 🌍 In Episode 2 of Travel with 0 Plans, I dive into the beautiful cities of Fes and Mekness 🇲🇦. From wandering through ancient medinas 🏰, meeting incredible locals 😎, tasting amazing food 🍴, and facing unexpected surprises — this journey proves that the best adventures happen when you let life guide you 👀 A huge thanks to 𝗠𝗮𝗿𝗸𝗼𝘂𝗯.𝗺𝗮 for making traveling by bus 🚌 across Morocco so easy — connecting cities and people in just a few clicks 🙏 This is only Episode 2… the adventure is just getting started, and you won’t want to miss what comes next! ⚡️𝐌𝐀𝐓𝐙𝐀𝐏𝐄𝐒𝐇⚡️ _________________________________ 🇲🇦 فـ الحلقة 2 غادي نكتاشف فاس ومكناس من التجوال فـ المدن القديمة 🏰، لقاء ناس رائعين 😎، تجربة أكلات مغربية لذيذة 🍴، ومواقف غير متوقعة — هاد الرحلة كتبين باللي أجمل المغامرات كتجي ملي كتخلي الحياة تقودك 👀 شكراً كبير لـ ماركوب اللي سهّل علينا السفر بالبااص 🚌 عبر المغرب — كيخلي التنقل بين المدن ولقاء الناس أسهل من أي وقت 🙏 وهاد غير الحلقة 2… المغامرة مازالت بداياتها، وما غتقدروش تفلتو شنو غادي يجي من بعد! ⚡️𝐌𝐀𝐓𝐙𝐀𝐏𝐄𝐒𝐇⚡️ #travel #lifestyle #morocco #fun #challenge #arabic #maghreb","morocco,maghreb,travel,discover,adventure,moroccan,discovering,traveling,arabic,community,TravelMorocco,mambah,mambahfit,mamba,matzapesh,matzapech,matzapich,matzapish,challenge,challenges,moroccan cities,morocco trip,road trip,explore morocco,maghreb vlog,مدن المغرب,رحلة المغرب,تحديات,فلوغ,مغامرات,رحلات,سفر,المغرب,سياحة,حلة_غير_متوقعة,مغامراتي,moroccan vlogger,content creator,moroccan content creator,youtuber,influencer,fes,mekness,Habs qara",19,"Travel & Events",Lifestyle_(sociology),PT42M27S,2547,2d,hd,false,ar,ar,https://i.ytimg.com/vi/T_6fsD5Vak0/maxresdefault.jpg,1,,,,,135923,4625,,0,480
47,UCFqnvxz2f7J2cmTo_j0XMpA,"Mambah Fit",gqMqAQZpzdk,2026-01-22T12:38:50Z,"2026-01-22 12:38:50","CHILDHOOD DREAM 🙏🏼 we made it to 1M on YouTube! #lifestyle #healthy #goals #dream #hardwork",,,24,Entertainment,Lifestyle_(sociology),PT13S,13,2d,hd,false,en,ar,https://i.ytimg.com/vi/gqMqAQZpzdk/maxresdefault.jpg,1,,,,,155147,3057,,0,86
48,UCFqnvxz2f7J2cmTo_j0XMpA,"Mambah Fit",FboygWmb0Ps,2026-01-21T18:00:26Z,"2026-01-21 18:00:26","YALLAH N'QESROU EP4 🎲 ft (Bimo, Marouane & Mahamawda)","🚀 مرحبا بيكم فـ 𝐘𝐀𝐋𝐋𝐀𝐇 𝐍’𝐐𝐄𝐒𝐑𝐎𝐔 🎮🔥 برنامج كنجربو فيه ألعاب الطفولة، الضحك، الحماس… والفضائح 😂 والأجمل؟ حتى نتوما تقدرو تلعبو معانا فـ نفس الوقت! فـ هاد الحلقة 4، معانا @BIMO1 @Nbalsi @moodinmaze أجواء نار، منافسة قوية، وضحك حتى للآخر 😅 شنو اللعبة اللي عجباتكم أكثر؟ وشنو اللحظة اللي ضحكاتكم بزاف؟ قولوها لينا فالكومنتيرات 👇 ⚡️ 𝐌𝐀𝐓𝐙𝐀𝐏𝐄𝐒𝐇 ⚡️ #fun #games #morocco #funny #gamenight #arabic #morocco","morocco,maghreb,maroc,game,game night,bimo,mahamawda,marouane nbalsi,fun,funny,entertainment,games,ألعاب_الطفولة,تحديات,ضحك,المغرب,moroccocreators,المغرب_العربي,مضحك,صوات_المغاربة,عرب",24,Entertainment,Lifestyle_(sociology),PT26M41S,1601,2d,hd,false,ar,ar,https://i.ytimg.com/vi/FboygWmb0Ps/maxresdefault.jpg,1,,,,,384115,14962,,0,245
49,UCFqnvxz2f7J2cmTo_j0XMpA,"Mambah Fit",ZkdCE8wLDHg,2026-01-11T11:07:48Z,"2026-01-11 11:07:48","SUNDAY VIBES 🕺🏽 #morocco #dance #fun #goodvibes",,,24,Entertainment,"Entertainment,Performing_arts",PT11S,11,2d,hd,false,en,ar,https://i.ytimg.com/vi/ZkdCE8wLDHg/maxresdefault.jpg,1,,,,,57577,1140,,0,44
50,UCFqnvxz2f7J2cmTo_j0XMpA,"Mambah Fit",ABv9-F4byg8,2026-01-08T11:30:05Z,"2026-01-08 11:30:05","HOUSE UPDATE 🏡 #renovation #houserenovation #homedecor #lifestyle #transformation",,,24,Entertainment,Lifestyle_(sociology),PT47S,47,2d,hd,false,en,ar,https://i.ytimg.com/vi/ABv9-F4byg8/maxresdefault.jpg,1,,,,,236912,3802,,0,70
51,UCFqnvxz2f7J2cmTo_j0XMpA,"Mambah Fit",ZZiBLK3rzSE,2026-01-07T12:05:53Z,"2026-01-07 12:05:53","LAT’S GO PLAY FOOTBALL ⚽️ #lifestyle #vlog #minivlog #morocco #arabic #football",,,24,Entertainment,"Association_football,Lifestyle_(sociology)",PT43S,43,2d,hd,false,en,ar,https://i.ytimg.com/vi/ZZiBLK3rzSE/maxresdefault.jpg,1,,,,,2506174,28782,,0,167
52,UCFqnvxz2f7J2cmTo_j0XMpA,"Mambah Fit",L-Rm8OqG-oY,2026-01-04T11:56:00Z,"2026-01-04 11:56:00","𝐀 𝐃𝐀𝐘 𝐈𝐍 𝐌𝐘 𝐋𝐈𝐅𝐄 “𝐖𝐄 𝐌𝐀𝐃𝐄 𝐈𝐓 𝐓𝐎 𝟏𝐌” 🥳 #fun #lifestyle #minivlog #vlog",,,24,Entertainment,"Food,Lifestyle_(sociology)",PT57S,57,2d,hd,false,en,ar,https://i.ytimg.com/vi/L-Rm8OqG-oY/maxresdefault.jpg,1,,,,,131750,3453,,0,83
53,UCFqnvxz2f7J2cmTo_j0XMpA,"Mambah Fit",WbIVTav8Ss0,2026-01-04T00:37:08Z,"2026-01-04 00:37:08","تلفازات، تيليفونات، كاميرات… عطيت كلشي 🎁😱","وصلنا لـ 1 مليون… وهاد الشي ما كانش يحلم بيه بوحدي ❤️ هاد اللايف كان غير باش نقول شكراً لكل واحد فيكم كان جزء من هاد الرحلة. شكراً لكل واحد دخل للايف، شارك، ضحك معانا، وتفاعل… حتى اللي ما قدّرش يحضر، راه القلب معاكم كاملين 🙏 شكراً بزاف للناس اللي شاركو فـ الgiveaway، وشكراً لفريقي اللي خدم من القلب باش هاد اللايف يخرج بهاد الطريقة… بلاهم ما يكون والو 💪❤️ الصراحة؟ كان لايف واعر، طاقة زوينة، وضحك بزاف… وما كنتش نقدر نحلم بأحسن من هكا كأول لايف ديال giveback معاكم. هاد 1 مليون راه غير البداية… واللي جاي إن شاء الله يكون أقوى، وبكم كاملين ❤️🔥 ماتزابيش ⚡️","live,morocco,matzapesh,mambah,mambahfit,matzapish,matzapech,mamba,giveaway,giveback,maghreb,community",24,Entertainment,,PT3H40M51S,2451,2d,hd,false,ar,ar,,1,,,,,99131,5641,,0,174
54,UCFqnvxz2f7J2cmTo_j0XMpA,"Mambah Fit",DlRweWLJZBM,2026-01-01T13:04:43Z,"2026-01-01 13:04:43","Hada message el crush ta3i 🤣 #fun #funny #arabic #lifestyle",,,24,Entertainment,,PT11S,11,2d,hd,false,en,ar,https://i.ytimg.com/vi/DlRweWLJZBM/maxresdefault.jpg,1,,,,,283398,3884,,0,126
55,UCFqnvxz2f7J2cmTo_j0XMpA,"Mambah Fit",kdgG9mVtpLo,2025-12-31T15:14:32Z,"2025-12-31 15:14:32","MAKE THE CHANGE AND BECOME BETTER 🙌🏽 #morocco #arabic #motivation #lifestyle #healthy",,,24,Entertainment,Health,PT51S,51,2d,hd,false,en,ar,https://i.ytimg.com/vi/kdgG9mVtpLo/maxresdefault.jpg,1,,,,,67917,2114,,0,70
56,UCFqnvxz2f7J2cmTo_j0XMpA,"Mambah Fit",-KH_IOxjexc,2025-12-29T11:24:24Z,"2025-12-29 11:24:24","DIMA MAGHREB 🇲🇦 #lifestyle #football #can #morocco #maroc #fun",,,24,Entertainment,Lifestyle_(sociology),PT15S,15,2d,hd,false,fr,ar,https://i.ytimg.com/vi/-KH_IOxjexc/maxresdefault.jpg,1,,,,,159978,3033,,0,78
57,UCFqnvxz2f7J2cmTo_j0XMpA,"Mambah Fit",7WEp72V_oKE,2025-12-25T12:09:12Z,"2025-12-25 12:09:12","𝐋𝐄𝐓’𝐒 𝐆𝐎 𝐓𝐎 𝐓𝐇𝐄 𝐅𝐀𝐍 𝐏𝐀𝐑𝐊 𝐅𝐎𝐑 𝐓𝐇𝐄 𝐎𝐏𝐄𝐍𝐈𝐍𝐆 𝐎𝐅 𝐂𝐀𝐍 🇲🇦 #football",,,24,Entertainment,Entertainment,PT51S,51,2d,hd,false,en,ar,https://i.ytimg.com/vi/7WEp72V_oKE/maxresdefault.jpg,1,,,,,235519,5364,,0,67
58,UCFqnvxz2f7J2cmTo_j0XMpA,"Mambah Fit",2Zd6AIbSjUI,2025-12-20T12:09:15Z,"2025-12-20 12:09:15","BATAL AL COUSINA EP5 🤣 #fun #cooking #cake #recipe #funny #funnyvideo",,,24,Entertainment,"Entertainment,Food",PT46S,46,2d,hd,false,en,ar,https://i.ytimg.com/vi/2Zd6AIbSjUI/maxresdefault.jpg,1,,,,,54902,1231,,0,18
59,UCFqnvxz2f7J2cmTo_j0XMpA,"Mambah Fit",M0R9XFzyVWU,2025-12-20T12:00:42Z,"2025-12-20 12:00:42","بطل الكوزينة 🧑‍🍳 مع Selma Feida و Marouane Nbalsi","🔥 كيكة كارثية في بطل الكوزينة! 🔥 وقت الحقيقة وصل! تحديت اليوم Selma Feida في معركة ديال الكيك، ولكن الأمور خرجت عن السيطرة وولات ""شوهة"" في الكوزينة! 😱 واش الحكم الصارم @Nbalsi غادي يرحمنا، ولا غادي تكون هادي هي أسوأ حلقة في تاريخ البرنامج؟ 🤔 ⚡️𝐌𝐀𝐓𝐙𝐀𝐏𝐄𝐒𝐇⚡️ #morocco #cooking #mambahfit #arabic","mambahfit,mamba,matzapesh,matzapish,games,morocco,maghreb,المغرب,arabic,darija,entertainment,عربية,maroc,cooking,cuisine,tabaj,food,طعام,طبخ,مطبخ,challenge,Tahadi,selma feida,salma feida",24,Entertainment,"Food,Lifestyle_(sociology)",PT22M3S,1323,2d,hd,false,ar,ar,https://i.ytimg.com/vi/M0R9XFzyVWU/maxresdefault.jpg,1,,,,,626248,16352,,0,564
60,UCFqnvxz2f7J2cmTo_j0XMpA,"Mambah Fit",8Vm-G5Uyxp8,2025-12-14T12:05:09Z,"2025-12-14 12:05:09","Don’t take life too seriously 🤣🇲🇦 #fun #funny #dance #morocco #arabic",,,24,Entertainment,"Entertainment,Performing_arts",PT10S,10,2d,hd,false,en,ar,https://i.ytimg.com/vi/8Vm-G5Uyxp8/maxresdefault.jpg,1,,,,,500526,4327,,0,110
61,UCFqnvxz2f7J2cmTo_j0XMpA,"Mambah Fit",SW-hlli5lzA,2025-12-13T11:35:21Z,"2025-12-13 11:35:21","TIK TIK TELEBOUTIK EP2 ☎️ #morocco #fun #arabic #funny #gameplay #games",,,24,Entertainment,Entertainment,PT32S,32,2d,hd,false,en,ar,https://i.ytimg.com/vi/SW-hlli5lzA/maxresdefault.jpg,1,,,,,25836,400,,0,8
62,UCFqnvxz2f7J2cmTo_j0XMpA,"Mambah Fit",RRHwvoRJOkc,2025-12-13T11:30:31Z,"2025-12-13 11:30:31","ناري ما غادي يتيقوش شنو قالوه فالتلفون ☎️","مرحبا بكم فالحلقة الثانية من Tik Tik Teleboutik! 📞🔥 فهاد الكونسبت جوج ديال الكرياتورز، تليفون حمر، والـ community ديالي هي اللي كتحكم فاللّعبة. اليوم معايا @Amine.Belghazi ‎فكل راوند، كنعيطو لواحد من المتابعين. كيجينا واحد الكلمة، وممنوع نقولوها، وخاصنا نخليّو اللي فالتليفون يگول الكلمة بلا ما نذكروها. كتبان سهلة… حتى كتبدأ تعصّب 😂 كل كلمة صحيحة = بوان. وفالآخر، اللي كيجمع أكثر نقاط هو اللي كيربح. 🏆 ⚡️ 𝐌𝐀𝐓𝐙𝐀𝐏𝐄𝐒𝐇 ⚡️ #fun #funny #entretainement #morocco #mambahfit #arabic","lifestyle,entertainment,fun,funny,game,games,morocco,arabic,teleboutique,mambah fit,mamba,mamba fit,matzapesh,matzapich,matzapech,matzapish,concept,creators,moroccan creators,moroccan influencers,TikTikTeleboutik,FunnyMoments,MoroccanYouTube,ArabicContent,good vibes,Darija,amine belghazi",24,Entertainment,Health,PT30M7S,1807,2d,hd,false,ar,ar,https://i.ytimg.com/vi/RRHwvoRJOkc/maxresdefault.jpg,1,,,,,158282,7579,,0,450
63,UCFqnvxz2f7J2cmTo_j0XMpA,"Mambah Fit",MxthhG3NKhs,2025-12-11T11:30:21Z,"2025-12-11 11:30:21","𝐋𝐄𝐓’𝐒 𝐏𝐑𝐄𝐏𝐀𝐑𝐄 𝐁𝐑𝐄𝐀𝐊𝐅𝐀𝐒𝐓 “𝐘𝐎𝐆𝐔𝐑𝐓 𝐁𝐎𝐖𝐋” #food #cooking #healthy #recipe",,,19,"Travel & Events","Food,Lifestyle_(sociology)",PT33S,33,2d,hd,false,en,ar,https://i.ytimg.com/vi/MxthhG3NKhs/maxresdefault.jpg,1,,,,,56296,1240,,0,27
64,UCFqnvxz2f7J2cmTo_j0XMpA,"Mambah Fit",_vDHg3iU8Ts,2025-12-07T19:20:41Z,"2025-12-07 19:20:41","هاد التريند بقات لاسقة ليا فدماغي 🤣 #morocco",,,19,"Travel & Events",,PT14S,14,2d,hd,false,ar,ar,https://i.ytimg.com/vi/_vDHg3iU8Ts/maxresdefault.jpg,1,,,,,1818087,17334,,0,346
65,UCFqnvxz2f7J2cmTo_j0XMpA,"Mambah Fit",p9sdi8yshkQ,2025-12-07T12:08:43Z,"2025-12-07 12:08:43","𝐇𝐎𝐔𝐒𝐄 𝐑𝐄𝐍𝐎𝐕𝐀𝐓𝐈𝐎𝐍 𝐔𝐏𝐃𝐀𝐓𝐄 🧱 #transformation #homedecor #home #arabic #lifestyle",,,19,"Travel & Events","Hobby,Lifestyle_(sociology)",PT38S,38,2d,hd,false,en,ar,https://i.ytimg.com/vi/p9sdi8yshkQ/maxresdefault.jpg,1,,,,,381535,5216,,0,85
66,UCFqnvxz2f7J2cmTo_j0XMpA,"Mambah Fit",q8jqDPoF1Xs,2025-12-06T12:05:59Z,"2025-12-06 12:05:59","YALLAH N’QESROU EP3 🎲 #morocco #games #arabic #fun #funny #entertainment",,,19,"Travel & Events",Entertainment,PT37S,37,2d,hd,false,en,ar,https://i.ytimg.com/vi/q8jqDPoF1Xs/maxresdefault.jpg,1,,,,,42165,752,,0,16
67,UCFqnvxz2f7J2cmTo_j0XMpA,"Mambah Fit",GeVw95abNKg,2025-12-06T11:30:21Z,"2025-12-06 11:30:21","YALLAH N'QESROU 🎲 03 ft (Hala Aouads, Selma Feida, Amine Belghazi)","🚀 مرحبا بيكم فـ 𝐘𝐀𝐋𝐋𝐀𝐇 𝐍'𝐐𝐄𝐒𝐑𝐎𝐔 🎮🔥 هاد برنامج كنلعبو فيه ألعاب ديال الطفولة مع ضيوف مختلفين. وحتى نتوما تقدرو تلعبو معانا فـ نفس الوقت! ‏في هاد الحلقة معانا @Halaaouads Selma Feida و @Amine.Belghazi متنساوش تديرو أبوني باش متفلتوش الجاي! ⚡️𝐌𝐀𝐓𝐙𝐀𝐏𝐄𝐒𝐇⚡️ #morocco #arabic #fun #funny #games #games #mambahfit #gameplay","mambahfit,mamba,matzapesh,matzapish,games,morocco,maghreb,المغرب,arabic,darija,entertainment,عربية,maroc,game night,fun,funny,mambafit,reactions,dahk,laugh,laughing meme,jokes,amine belghazi,hala aouads,selma feida",24,Entertainment,Lifestyle_(sociology),PT29M6S,1746,2d,hd,false,ar,ar,https://i.ytimg.com/vi/GeVw95abNKg/maxresdefault.jpg,1,,,,,282539,10464,,0,446
68,UCFqnvxz2f7J2cmTo_j0XMpA,"Mambah Fit",fvJDU0ygFD8,2025-12-03T11:47:00Z,"2025-12-03 11:47:00","𝐋𝐄𝐓’𝐒 𝐂𝐎𝐎𝐊 𝐓𝐎𝐆𝐄𝐓𝐇𝐄𝐑 “𝐁𝐀𝐊𝐄𝐃 𝐅𝐀𝐉𝐈𝐓𝐀” 🌮 #morocco #recipe #food #healthy",,,19,"Travel & Events","Food,Lifestyle_(sociology)",PT55S,55,2d,hd,false,en,ar,https://i.ytimg.com/vi/fvJDU0ygFD8/maxresdefault.jpg,1,,,,,258188,5166,,0,71
69,UCFqnvxz2f7J2cmTo_j0XMpA,"Mambah Fit",_t3C3AEcPA8,2025-11-29T13:18:22Z,"2025-11-29 13:18:22","🤣🤣🤣 #funny #fun #morocco #dance #lifestyle",,,19,"Travel & Events","Entertainment,Film",PT15S,15,2d,hd,false,en,ar,https://i.ytimg.com/vi/_t3C3AEcPA8/maxresdefault.jpg,1,,,,,50888,892,,0,48
70,UCFqnvxz2f7J2cmTo_j0XMpA,"Mambah Fit",9MTOjEMmyI0,2025-11-29T11:38:06Z,"2025-11-29 11:38:06","𝐓𝐑𝐀𝐕𝐄𝐋𝐈𝐍𝐆 𝐀𝐑𝐎𝐔𝐍𝐃 𝐌𝐎𝐑𝐎𝐂𝐂𝐎 🚌 #travel #fun #challenge #morocco #arabic",,,19,"Travel & Events","Lifestyle_(sociology),Tourism",PT52S,52,2d,hd,false,en,ar,https://i.ytimg.com/vi/9MTOjEMmyI0/maxresdefault.jpg,1,,,,,38066,1021,,0,24
71,UCFqnvxz2f7J2cmTo_j0XMpA,"Mambah Fit",AqI14RK9pCE,2025-11-29T11:30:11Z,"2025-11-29 11:30:11","QTA3T EL CAR MEN DAR 🚌 - EP1 | سافرت بـ والو… و شوف شنو وقع 🇲🇦","Ever wondered what it’s like to travel across Morocco without a strict plan? 🌍 In this first episode of my new adventure series, I explore Morocco 🇲🇦, meet amazing people 😎, face unexpected challenges, and discover the true spirit of our country — all while letting the journey surprise me 👀 A huge thanks to 𝗠𝗮𝗿𝗸𝗼𝘂𝗯.𝗺𝗮 for making this adventure possible! 🙏 Their platform makes traveling by bus 🚌 across Morocco easier than ever, connecting cities and people in just a few clicks. This is only Episode 1… the journey continues, and you won’t want to miss what happens next! ⚡️𝐌𝐀𝐓𝐙𝐀𝐏𝐄𝐒𝐇⚡️ _________________________________ “تخيلوا السفر في المغرب بدون خطة واضحة 🌍 في أول حلقة من سلسلة مغامراتي الجديدة، اكتشفت المغرب، تعرفت على ناس رائعين، واجهت تحديات غير متوقعة، وحسّيت بالروح الحقيقية لكل مدينة ودفء الناس. شكراً جزيلاً لـ 𝗠𝗮𝗿𝗸𝗼𝘂𝗯.𝗺𝗮 اللي جعلوا هذي المغامرة ممكنة! 🙏 المنصة ديالهم كتسهل السفر بالحافلة في المغرب بكل سهولة، وكتقرب المدن والناس ببضع نقرات فقط. وهذي مجرد الحلقة الأولى… الرحلة مستمرة، وما تفوتوش المفاجآت القادمة! ⚡️𝐌𝐀𝐓𝐙𝐀𝐏𝐄𝐒𝐇⚡️","morocco,maghreb,travel,discover,adventure,moroccan,discovering,traveling,arabic,community,TravelMorocco,mambah,mambahfit,mamba,matzapesh,matzapech,matzapich,matzapish,mersa,port,fishing,safi,essaouira,challenge,challenges,moroccan cities,morocco trip,road trip,explore morocco,maghreb vlog,مدن المغرب,رحلة المغرب,تحديات,فلوغ,مغامرات,رحلات,سفر,المغرب,سياحة,حلة_غير_متوقعة,مغامراتي,moroccan vlogger,content creator,moroccan content creator,youtuber,influencer",19,"Travel & Events","Lifestyle_(sociology),Tourism",PT37M6S,2226,2d,hd,false,ar,ar,https://i.ytimg.com/vi/AqI14RK9pCE/maxresdefault.jpg,1,,,,,288284,7100,,0,669
72,UCFqnvxz2f7J2cmTo_j0XMpA,"Mambah Fit",WVeQkZ44EkE,2025-11-23T13:54:30Z,"2025-11-23 13:54:30","TIK TIK TELEBOUTIK ☎️ EP1 m3a Simo! #morocco #arabic #fun #funny #entertainment",,,24,Entertainment,Entertainment,PT28S,28,2d,hd,false,en,ar,https://i.ytimg.com/vi/WVeQkZ44EkE/maxresdefault.jpg,1,,,,,26888,441,,0,13
73,UCFqnvxz2f7J2cmTo_j0XMpA,"Mambah Fit",-wEnqYp_T2I,2025-11-22T16:30:00Z,"2025-11-22 16:30:00","TIK TIK TELEBOUTIK ☎️ EP1 ft @SimoSedraty","مرحبا بكم فالحلقة الأولى من Tik Tik Teleboutik! 📞🔥 كونسيبت جديد: جوج ديال الكرياتورز، تليفون حمر، والـ community ديالي هي اللي كتحكم فاللّعبة. وفهاد الحلقة معايا @SimoSedraty ‎فكل راوند، كنعيطو لواحد من المتابعين. كيجينا واحد الكلمة، وممنوع نقولوها، وخاصنا نخليّو اللي فالتليفون يگول الكلمة بلا ما نذكروها. كتبان سهلة… حتى كتبدأ تعصّب 😂 كل كلمة صحيحة = بوان. وفالآخر، اللي كيجمع أكثر نقاط هو اللي كيربح. 🏆 ! 🎥 Big thanks to CAM7 for sponsoring this episode with the new Nikon ZR camera ⚡️ 𝐌𝐀𝐓𝐙𝐀𝐏𝐄𝐒𝐇 ⚡️ #fun #funny #entretainement #morocco #simosedtraty #mambahfit #arabic","lifestyle,entertainment,fun,funny,game,games,morocco,arabic,teleboutique,simo sedraty,mambah fit,mamba,mamba fit,matzapesh,matzapich,matzapech,matzapish,concept,creators,moroccan creators,moroccan influencers,TikTikTeleboutik,GuessTheWord,RedPhoneChallenge,PhoneGame,FunnyMoments,MoroccanYouTube,GameShow,ArabicContent,VibesOnly,good vibes,Darija",24,Entertainment,,PT30M1S,1801,2d,hd,false,ar,ar,https://i.ytimg.com/vi/-wEnqYp_T2I/maxresdefault.jpg,1,,,,,311082,12253,,0,621
74,UCFqnvxz2f7J2cmTo_j0XMpA,"Mambah Fit",r01qr-0lxZo,2025-11-18T11:37:50Z,"2025-11-18 11:37:50","When your mom says: Lunch is ready and you can already smell the chicken tajine 🍗 with fries 🍟🤪",,,24,Entertainment,Entertainment,PT15S,15,2d,hd,false,en,ar,https://i.ytimg.com/vi/r01qr-0lxZo/maxresdefault.jpg,1,,,,,51032,817,,0,29
75,UCFqnvxz2f7J2cmTo_j0XMpA,"Mambah Fit",g7ULOK7itC4,2025-11-16T12:30:11Z,"2025-11-16 12:30:11","𝐀 𝐃𝐀𝐘 𝐈𝐍 𝐌𝐘 𝐋𝐈𝐅𝐄 “𝐒𝐀𝐔𝐃𝐈 𝐄𝐃𝐈𝐓𝐈𝐎𝐍 𝐃𝐀𝐘 𝟐” 🇸🇦 #lifestyle #vlog #minivlog",,,24,Entertainment,Lifestyle_(sociology),PT55S,55,2d,hd,false,en,ar,https://i.ytimg.com/vi/g7ULOK7itC4/maxresdefault.jpg,1,,,,,67105,1638,,0,46
76,UCFqnvxz2f7J2cmTo_j0XMpA,"Mambah Fit",bArabSK2UUE,2025-11-15T11:43:28Z,"2025-11-15 11:43:28","𝐀 𝐃𝐀𝐘 𝐈𝐍 𝐌𝐘 𝐋𝐈𝐅𝐄 “𝐒𝐀𝐔𝐃𝐈 𝐄𝐃𝐈𝐓𝐈𝐎𝐍” 🇸🇦 #vlog #minivlog #adayinmylife #arabic",,,24,Entertainment,Lifestyle_(sociology),PT46S,46,2d,hd,false,en,ar,https://i.ytimg.com/vi/bArabSK2UUE/maxresdefault.jpg,1,,,,,107346,2290,,0,53
77,UCFqnvxz2f7J2cmTo_j0XMpA,"Mambah Fit",0nWovccFTcY,2025-11-08T11:11:27Z,"2025-11-08 11:11:27","𝐒𝐓𝐔𝐅𝐅𝐄𝐃 𝐒𝐖𝐄𝐄𝐓 𝐏𝐎𝐓𝐀𝐓𝐎𝐒 🍠 #food #cooking #morocco #healthy #recipe",,,24,Entertainment,"Food,Lifestyle_(sociology)",PT55S,55,2d,hd,false,en,ar,https://i.ytimg.com/vi/0nWovccFTcY/maxresdefault.jpg,1,,,,,247174,4983,,0,77
78,UCFqnvxz2f7J2cmTo_j0XMpA,"Mambah Fit",HiPXTaOXrYc,2025-11-07T18:05:54Z,"2025-11-07 18:05:54","Chkoun ghadi yteyeb ahsan couscous? 🇲🇦 EP4 ft Bimo #food #cooking #morocco #arabic",,,24,Entertainment,"Food,Lifestyle_(sociology)",PT33S,33,2d,hd,false,en,ar,https://i.ytimg.com/vi/HiPXTaOXrYc/maxresdefault.jpg,1,,,,,54044,1152,,0,16
79,UCFqnvxz2f7J2cmTo_j0XMpA,"Mambah Fit",yA2gLLpOmIQ,2025-11-07T18:01:14Z,"2025-11-07 18:01:14","بطل الكوزينة EP4 @BIMO1 👨🏽‍🍳 كسكس وصدمة كبيرة","كنعتذر، ولكن ماقدّرتش نتقبل الهزيمة ديالي المرة اللي فاتت ضد @BIMO1 😤 دونك قررنا نديرو ريماااتش 👨🏽‍🍳 … وماشي أي تحدي! اليوم غادي نطيبو الكسكس المغربي 🇲🇦، وبصراحة، كنعتذر من دابا لجميع الطهاة المغاربة 🤣 شكر كبييير ل Indrive اللي سبونسورات هاد الحلقة 🙏 إلا كنتي غادي للسوق تشري المكونات ولا مزروب على التحدي الجاي، Indrive غادي توصلّك بسرعة وبسهولة! 🚗💨 📲 حمّل التطبيق دابا فـ iOS و Android: https://share.indrive.com/lhG6/mambahfitytb شنو بان ليكم؟ واش كنستاهلو نطيبو الكسكس؟ 😋 #morocco #food #arabic #bimo #mambahfit #fun #cooking #funny","mambahfit,mamba,matzapesh,matzapish,games,morocco,maghreb,المغرب,arabic,darija,entertainment,عربية,maroc,bimo,bilal mouhouch,cooking,cuisine,tabaj,food,طعام,طبخ,مطبخ,challenge,couscous,fun,funny,moroccan culture",24,Entertainment,"Food,Lifestyle_(sociology)",PT29M20S,1760,2d,hd,false,ar,ar,https://i.ytimg.com/vi/yA2gLLpOmIQ/maxresdefault.jpg,1,,,,,499630,15254,,0,807
80,UCFqnvxz2f7J2cmTo_j0XMpA,"Mambah Fit",3__Fi0TrPXA,2025-11-04T16:00:07Z,"2025-11-04 16:00:07","𝐇𝐄𝐀𝐋𝐓𝐇𝐘 𝐇𝐈𝐆𝐇 𝐕𝐎𝐋𝐔𝐌𝐄 𝐌𝐄𝐗𝐈𝐂𝐀𝐍 𝐒𝐀𝐋𝐀𝐃 🥗 #morocco #food #recipe #arabic",,,24,Entertainment,"Food,Lifestyle_(sociology)",PT40S,40,2d,hd,false,en,ar,https://i.ytimg.com/vi/3__Fi0TrPXA/maxresdefault.jpg,1,,,,,57955,1657,,0,25
81,UCFqnvxz2f7J2cmTo_j0XMpA,"Mambah Fit",uAs3JlSDd1U,2025-10-30T11:22:25Z,"2025-10-30 11:22:25","𝐇𝐎𝐔𝐒𝐄 𝐑𝐄𝐍𝐎𝐕𝐀𝐓𝐈𝐎𝐍 𝐔𝐏𝐃𝐀𝐓𝐄 👷‍♂️ #morocco #renovation #house #arabic",,,24,Entertainment,,PT43S,43,2d,hd,false,en,ar,https://i.ytimg.com/vi/uAs3JlSDd1U/maxresdefault.jpg,1,,,,,96001,1935,,0,40
82,UCFqnvxz2f7J2cmTo_j0XMpA,"Mambah Fit",3c-3L2xDRPM,2025-10-27T11:30:03Z,"2025-10-27 11:30:03","𝐒𝐓𝐎𝐏 𝐂𝐀𝐑𝐈𝐍𝐆 𝐀𝐁𝐎𝐔𝐓 𝐖𝐇𝐀𝐓 𝐏𝐄𝐎𝐏𝐋𝐄 𝐓𝐇𝐈𝐍𝐊 🥸 #morocco #motivation #arabic",,,24,Entertainment,"Health,Lifestyle_(sociology)",PT46S,46,2d,hd,false,en,ar,https://i.ytimg.com/vi/3c-3L2xDRPM/maxresdefault.jpg,1,,,,,54512,1754,,0,55
83,UCFqnvxz2f7J2cmTo_j0XMpA,"Mambah Fit",ZuW_u6iGIuY,2025-10-25T12:17:34Z,"2025-10-25 12:17:34","YALLAH N’QESROU EP2 🎲 #fun #funny #entertainment #morocco #arabic",,,24,Entertainment,Entertainment,PT22S,22,2d,hd,false,en,ar,https://i.ytimg.com/vi/ZuW_u6iGIuY/maxresdefault.jpg,1,,,,,29048,399,,0,4
84,UCFqnvxz2f7J2cmTo_j0XMpA,"Mambah Fit",Edq3KBaSeAg,2025-10-25T11:30:27Z,"2025-10-25 11:30:27","YALLAH N'QESROU 🎲 EP2 ft (Rajaa Belmir, Fatima Zahra El Ibrahimi & Salim Hammoumi)","🚀 مرحبا بيكم فـ 𝐘𝐀𝐋𝐋𝐀𝐇 𝐍'𝐐𝐄𝐒𝐑𝐎𝐔 🎮🔥 هاد برنامج كنلعبو فيه ألعاب ديال الطفولة مع ضيوف مختلفين. وحتى نتوما تقدرو تلعبو معانا فـ نفس الوقت! ‎فـي هاد الحلقة كانو معايا @BelmirsVlogs @FatimaZahraElIbrahimi1 و @HammoumiSalim1 شكراً ليهم حيث دارو الحلقة زوينة بزاف ❤️ متنساوش تديرو أبوني باش متفلتوش الجاي! ⚡️𝐌𝐀𝐓𝐙𝐀𝐏𝐄𝐒𝐇⚡️ #morocco #arabic #fun #funny #games #mambahfit #gameplay","mambahfit,mamba,matzapesh,matzapish,games,morocco,maghreb,المغرب,arabic,darija,entertainment,عربية,maroc,game night,fun,funny,mambafit,reactions,dahk,laugh,laughing meme,jokes,rajaa belmir,fatima zahra el ibrahimi,salim hammoumi",24,Entertainment,Lifestyle_(sociology),PT26M3S,1563,2d,hd,false,ar,ar,https://i.ytimg.com/vi/Edq3KBaSeAg/maxresdefault.jpg,1,,,,,279372,9102,,0,200
85,UCFqnvxz2f7J2cmTo_j0XMpA,"Mambah Fit",owPsD02gdPw,2025-10-15T11:31:01Z,"2025-10-15 11:31:01","𝐈𝐓’𝐒 𝐓𝐈𝐌𝐄 𝐓𝐎 𝐃𝐈𝐒𝐂𝐎𝐕𝐄𝐑 𝐓𝐇𝐄 𝟑𝐃 𝐏𝐋𝐀𝐍𝐒 🏠 #morocco #renovation #arabic #fun",,,24,Entertainment,"Hobby,Lifestyle_(sociology)",PT39S,39,2d,hd,false,en,ar,https://i.ytimg.com/vi/owPsD02gdPw/maxresdefault.jpg,1,,,,,81730,1468,,0,21
86,UCFqnvxz2f7J2cmTo_j0XMpA,"Mambah Fit",9METucoIZ6Y,2025-10-11T11:35:38Z,"2025-10-11 11:35:38","HAWEL TAHREB 😰 تخطّفنا لمدة 48 ساعة #morocco #adventure #arabic #fun #funny",,,24,Entertainment,Entertainment,PT48S,48,2d,hd,false,ar,ar,https://i.ytimg.com/vi/9METucoIZ6Y/maxresdefault.jpg,1,,,,,63876,2025,,0,19
87,UCFqnvxz2f7J2cmTo_j0XMpA,"Mambah Fit",rSCMbzLZBHk,2025-10-11T11:30:48Z,"2025-10-11 11:30:48","HAWEL TAHREB 😰 تخطّفنا لمدة 48 ساعة","We got kidnapped for 48 hours 😱 They dropped me and @BIMO1 in the middle of the mountains ⛰ — no phone, no food, no plan, nothing! To make it back home, we had to survive 48 hours in the wild, completing tough challenges set by the kidnapper 😨 Each challenge we completed gave us a small reward to help us stay alive 🙏🏽 And honestly… Aïn Soltane water was the real lifesaver 💧 Big thanks to Aïn Soltane for supporting this adventure 💙 Will we survive until the end? Will we find our way back home? 🏠 Watch the full video to live the adventure with us 😬👇 ⚡️ 𝐌𝐀𝐓𝐙𝐀𝐏𝐄𝐒𝐇 ⚡️ --------------------------------------------------------------------------------- تخطّفنا أنا و @BIMO1 لمدة 48 ساعة 😱 رمّونا فوسط الجبال، بلا تليفون، بلا ماكلة، بلا والو! باش نقدروا نرجعوا للدار، خاصنا نعيشوا هاد 48 ساعة فالغابة، ونكمّلوا تحدّيات صعيبة دارهم لينا “الخاطف” 😨 كل تحدّي كنديروه كيعطينا Reward باش نقدروا نبقاو عايشين 🙏🏽 وما غاديش نكذبو عليكم… الما ديال Aïn Soltane كان هو المنقذ الحقيقي 💧 شكراً لـ Aïn Soltane اللي رافقاتنا فهاد المغامرة 💙 هل غادي نقدروا نصبروا حتى للآخر؟ واش غادي نلقاو الطريق للدار؟ 🏠 شاهد الفيديو كامل باش تعيش معانا المغامرة 😬👇 ⚡️ 𝐌𝐀𝐓𝐙𝐀𝐏𝐄𝐒𝐇 ⚡️ #morocco #adventure #arabic #fun #funny #lifestyle #nature #bimo #mambahfit 〰️ 𝐋𝐈𝐍𝐊𝐒 𝐓𝐎 𝐀𝐈𝐍 𝐒𝐎𝐋𝐓𝐀𝐍𝐄 ↳ Instagram ➭ https://www.instagram.com/ain.soltane/ ↳ Facebook ➭ https://web.facebook.com/AinSoltaneMaroc ↳ TikTok ➭https://www.tiktok.com/@ainsoltane_eau 〰️ 𝐁𝐈𝐆 𝐓𝐇𝐀𝐍𝐊𝐒 𝐓𝐎 𝐌𝐘 𝐓𝐄𝐀𝐌 ↳ Impact Lab Agency ➭ https://www.instagram.com/impactlabagency/","mambahfit,mamba,matzapesh,matzapish,tiq oula ma tiqch,games,morocco,maghreb,المغرب,arabic,darija,entertainment,عربية,maroc,bimo,bilal mouhouch,challenge,wildlife,wild,adventure,outdoor challenge,yassine amor,casa de papel",24,Entertainment,"Hobby,Lifestyle_(sociology)",PT56M28S,3388,2d,hd,false,ar,ar,https://i.ytimg.com/vi/rSCMbzLZBHk/maxresdefault.jpg,1,,,,,794784,31534,,0,1281
88,UCFqnvxz2f7J2cmTo_j0XMpA,"Mambah Fit",-ORfYT5Nrug,2025-10-08T11:59:29Z,"2025-10-08 11:59:29","𝐖𝐄 𝐒𝐓𝐀𝐑𝐓𝐄𝐃 𝐁𝐑𝐄𝐀𝐊𝐈𝐍𝐆 𝐓𝐇𝐄 𝐖𝐀𝐋𝐋𝐒 👷‍♂️ #renovation #construction #morocco",,,24,Entertainment,"Hobby,Lifestyle_(sociology)",PT48S,48,2d,hd,false,en,ar,https://i.ytimg.com/vi/-ORfYT5Nrug/maxresdefault.jpg,1,,,,,1008299,12448,,0,57
89,UCFqnvxz2f7J2cmTo_j0XMpA,"Mambah Fit",pXfLLfwAIFE,2025-09-25T11:31:00Z,"2025-09-25 11:31:00","𝐈𝐓’𝐒 𝐀𝐋𝐋 𝐀𝐁𝐎𝐔𝐓 𝐏𝐄𝐑𝐒𝐏𝐄𝐂𝐓𝐈𝐕𝐄 🤣 #morocco #arabic #fun #funny #reaction",,,24,Entertainment,Entertainment,PT34S,34,2d,hd,false,en,ar,https://i.ytimg.com/vi/pXfLLfwAIFE/maxresdefault.jpg,1,,,,,55723,1616,,0,57
90,UCFqnvxz2f7J2cmTo_j0XMpA,"Mambah Fit",LlzyY4aPMS8,2025-09-23T11:30:17Z,"2025-09-23 11:30:17","𝐇𝐄𝐀𝐋𝐓𝐇𝐘 𝐌𝐒𝐄𝐌𝐄𝐍 🥞 #cooking #morocco #healthy #arabic #recipe #food #eating",,,24,Entertainment,"Food,Lifestyle_(sociology)",PT44S,44,2d,hd,false,en,ar,https://i.ytimg.com/vi/LlzyY4aPMS8/maxresdefault.jpg,1,,,,,284959,6449,,0,128
91,UCFqnvxz2f7J2cmTo_j0XMpA,"Mambah Fit",ARwrKNKb-K8,2025-09-20T11:54:11Z,"2025-09-20 11:54:11","CHKOUN KA Y TEYEB HSEN? 😏 #morocco #cooking #food #tajine #arabic #fun",,,24,Entertainment,"Food,Lifestyle_(sociology)",PT40S,40,2d,hd,false,en,ar,https://i.ytimg.com/vi/ARwrKNKb-K8/maxresdefault.jpg,1,,,,,49718,1296,,0,20
92,UCFqnvxz2f7J2cmTo_j0XMpA,"Mambah Fit",rWkRh-_Zf3Y,2025-09-20T11:30:46Z,"2025-09-20 11:30:46","BATAL AL COUSINA ft TAHA ESSOU 👨🏽‍🍳 مسابقة الطبخ مع EP3","🔥 أخيراً المعركة اللي كتسناوها! 🔥 وقت الحقيقة وصل! تحديت اليوتيوبر @tahaessou94 فمعركة طاجين حقيقية! كل واحد فينا غادي يطيب طاجين مختلف، وغادي يحكمو علينا 3 ديال الحكّامات من الطراز الرفيع. واش غادي يقدر الطاجين ديالي يربح التحدي؟ ولا غادي يكون طاجين طه هو الأقوى؟ 🤔 المعركة بدات! شوفوا الحلقة كاملة باش تعرفوا شكون هو بطل الكوزينة! ⚡️𝐌𝐀𝐓𝐙𝐀𝐏𝐄𝐒𝐇⚡️ #morocco #cooking #tahaessou #mambahfit #arabic #tajine","mambahfit,mamba,matzapesh,matzapish,games,morocco,maghreb,المغرب,arabic,darija,entertainment,عربية,maroc,cooking,cuisine,tabaj,food,طعام,طبخ,مطبخ,challenge,Taha Essou,Tajine,Tahadi,‏طاجين",24,Entertainment,"Food,Lifestyle_(sociology)",PT27M21S,1641,2d,hd,false,ar,ar,https://i.ytimg.com/vi/rWkRh-_Zf3Y/maxresdefault.jpg,1,,,,,662657,18038,,0,715
93,UCFqnvxz2f7J2cmTo_j0XMpA,"Mambah Fit",YIwnBi0WOv8,2025-09-16T11:45:47Z,"2025-09-16 11:45:47","𝐀 𝐃𝐀𝐘 𝐈𝐍 𝐌𝐘 𝐋𝐈𝐅𝐄 “𝐁𝐔𝐒𝐘 𝐂𝐑𝐄𝐀𝐓𝐈𝐍𝐆” 📽️ #morocco #arabic #minivlog #cooking",,,24,Entertainment,"Food,Lifestyle_(sociology)",PT57S,57,2d,hd,false,en,ar,https://i.ytimg.com/vi/YIwnBi0WOv8/maxresdefault.jpg,1,,,,,483823,11982,,0,58
94,UCFqnvxz2f7J2cmTo_j0XMpA,"Mambah Fit",DiTRj0IljQQ,2025-09-13T11:41:06Z,"2025-09-13 11:41:06","SUCCESS STORY 🥊 من صفر إلى النجاح #morocco #boxing #arabic #story",,,24,Entertainment,"Boxing,Sport",PT22S,22,2d,hd,false,ar,ar,https://i.ytimg.com/vi/DiTRj0IljQQ/maxresdefault.jpg,1,,,,,35109,719,,0,15
95,UCFqnvxz2f7J2cmTo_j0XMpA,"Mambah Fit",Ow05S5uKZiY,2025-09-13T11:30:32Z,"2025-09-13 11:30:32","BOXING IN MOROCCO 🇲🇦 من صفر إلى النجاح","HIKAYA DIAL NAJAH 🏆 هاد الفيديو هوا أول فيديو من واحد سيري جديدة ديال الفيديوات اللي غادي نشارك معاكوم قصة نجاح ديال ناس بداو من والو ودارو شيحاجة كبيرة. فهاد الحلقة غلست مع الكوتش ديالي لقديم ربيع الليمي. كان كايمشي للدار ديال ناس يعطي لهم حصص ديال البوكس🥊، و دابا دار لاصال ديالوا فالحومة فين ساكن. قصة شغف، خدمة، و العزيمة ⚡️𝐌𝐀𝐓𝐙𝐀𝐏𝐄𝐒𝐇⚡️ #morocco #lifestyle #vlog #success #arabic #story #mambahfit #moroccans 〰️ 𝐅𝐈𝐍𝐃 𝐇𝐈𝐌 𝐎𝐍 𝐒𝐎𝐂𝐈𝐀𝐋 𝐌𝐄𝐃𝐈𝐀 ↳ Instagram ➭ https://www.instagram.com/limirabii2016/ 〰️ 𝐅𝐈𝐍𝐃 𝐌𝐄 𝐎𝐍 𝐒𝐎𝐂𝐈𝐀𝐋 𝐌𝐄𝐃𝐈𝐀 ↳ Instagram ➭ https://www.instagram.com/mambahfit/ ↳ TikTok ➭ https://www.tiktok.com/@mambahfit ↳ Website ➭ https://www.mambahfit.com/ 〰️ 𝐌𝐔𝐒𝐈𝐂 𝐅𝐑𝐎𝐌 𝐄𝐏𝐈𝐃𝐄𝐌𝐈𝐂 𝐒𝐎𝐔𝐍𝐃 ↳ 7 day free trial ➭ https://share.epidemicsound.com/jjir8n","mambahfit,mamba,matzapesh,matzapish,morocco,maghreb,المغرب,arabic,darija,entertainment,عربية,maroc,mambafit,story,success,discipline",24,Entertainment,"Boxing,Lifestyle_(sociology)",PT23M14S,1394,2d,hd,false,ar,ar,https://i.ytimg.com/vi/Ow05S5uKZiY/maxresdefault.jpg,1,,,,,41525,1683,,0,151
96,UCFqnvxz2f7J2cmTo_j0XMpA,"Mambah Fit",e5bn-x24Q8c,2025-09-10T11:30:40Z,"2025-09-10 11:30:40","𝐋𝐄𝐓’𝐒 𝐒𝐓𝐀𝐑𝐓 𝐀 𝐍𝐄𝐖 𝐏𝐑𝐎𝐉𝐄𝐂𝐓 🛠️ #morocco #renovation #construction #arabic",,,24,Entertainment,"Hobby,Lifestyle_(sociology)",PT43S,43,2d,hd,false,en,ar,https://i.ytimg.com/vi/e5bn-x24Q8c/maxresdefault.jpg,1,,,,,240885,4604,,0,148
97,UCFqnvxz2f7J2cmTo_j0XMpA,"Mambah Fit",Rue7tfHTPZ8,2025-09-02T11:30:32Z,"2025-09-02 11:30:32","𝐄𝐀𝐒𝐘 & 𝐇𝐄𝐀𝐋𝐓𝐇𝐘 𝐂𝐔𝐂𝐔𝐌𝐁𝐄𝐑 𝐒𝐀𝐋𝐀𝐃 🥗","This might be one of the easiest and quickest salads I’ve ever made, and it’s sooo tasty 🤩 𝐈𝐍𝐆𝐑𝐄𝐃𝐈𝐄𝐍𝐓𝐒: - 1 cucumber 🥒 - 1 carrot 🥕 - 1 red onion 🧅 - 50g corn - 150g tuna 🐟 - Sauce: greek yogurt, salt, pepper, garlic powder, sriracha mayo 𝐄𝐍𝐉𝐎𝐘 𝐎𝐔 𝐌𝐀𝐓𝐙𝐀𝐏𝐄𝐒𝐇 ⚡️ #healthy #lifestyle #cooking #recipe #morocco #arabic #fun #salad","healthy,lifestyle,recipe,salad,cooking,cook,morocco,maghreb,arabic,recipes,fun,funny,easy cooking,salade,quick recipe,healthy food,mambah,mambah fit,mamba,mamba fit,matzapesh,matzapish,matzapech",24,Entertainment,"Food,Lifestyle_(sociology)",PT43S,43,2d,hd,false,en,ar,https://i.ytimg.com/vi/Rue7tfHTPZ8/maxresdefault.jpg,1,,,,,394524,8279,,0,105
98,UCFqnvxz2f7J2cmTo_j0XMpA,"Mambah Fit",Ir2bGTHkiH8,2025-08-26T11:05:00Z,"2025-08-26 11:05:00","𝐈 𝐍𝐄𝐄𝐃 𝐓𝐎 𝐋𝐄𝐀𝐑𝐍 𝐇𝐎𝐖 𝐓𝐎 𝐏𝐋𝐀𝐘 𝐅𝐎𝐎𝐓𝐁𝐀𝐋𝐋 ⚽️ #lifestyle #football #morocco",,,24,Entertainment,"Association_football,Sport",PT57S,57,2d,hd,false,en,ar,https://i.ytimg.com/vi/Ir2bGTHkiH8/maxresdefault.jpg,1,,,,,964325,22178,,0,148
99,UCFqnvxz2f7J2cmTo_j0XMpA,"Mambah Fit",y_2BbWqGGj4,2025-08-23T17:08:20Z,"2025-08-23 17:08:20","Sorry I had to hop on this trend 🤣 #morocco #fun #funny #arabic #humour #maroc",,,24,Entertainment,"Humour,Lifestyle_(sociology)",PT6S,6,2d,hd,false,en,ar,https://i.ytimg.com/vi/y_2BbWqGGj4/maxresdefault.jpg,1,,,,,776313,7322,,0,135
100,UCFqnvxz2f7J2cmTo_j0XMpA,"Mambah Fit",gY3HUI2biUA,2025-08-23T11:07:53Z,"2025-08-23 11:07:53","YALLAH N’QESROU EP1 🎲 #morocco #games #fun #funny #entrepreneur #arabic #gameplay #humor",,,24,Entertainment,"Entertainment,Humour",PT26S,26,2d,hd,false,en,ar,https://i.ytimg.com/vi/gY3HUI2biUA/maxresdefault.jpg,1,,,,,59776,1278,,0,24
101,UCFqnvxz2f7J2cmTo_j0XMpA,"Mambah Fit",p4KrSdFCFpc,2025-08-23T11:01:26Z,"2025-08-23 11:01:26","YALLAH N'QESROU 🎲 01 ft (Kawtar Bamo, Milfaya, Simo Sedraty)","🚀 مرحبا بيكم فـ 𝐘𝐀𝐋𝐋𝐀𝐇 𝐍'𝐐𝐄𝐒𝐑𝐎𝐔 🎮🔥 هاد برنامج جديد كنلعبو فيه ألعاب ديال الطفولة مع ضيوف مختلفين. وحتى نتوما تقدرو تلعبو معانا فـ نفس الوقت! فـ أول حلقة كانو معايا @milfaya101 @KawtarBamo و @SimoSedraty شكراً ليهم حيث دارو الحلقة زوينة بزاف ❤️ متنساوش تديرو أبوني باش متفلتوش الجاي! ⚡️𝐌𝐀𝐓𝐙𝐀𝐏𝐄𝐒𝐇⚡️ #morocco #arabic #fun #funny #games #games #mambahfit #gameplay","mambahfit,mamba,matzapesh,matzapish,games,morocco,maghreb,المغرب,arabic,darija,entertainment,عربية,maroc,game night,fun,funny,mambafit,simo sedraty,kawtar bamo,milfaya,reactions,dahk,laugh,laughing meme,jokes",24,Entertainment,Lifestyle_(sociology),PT34M43S,2083,2d,hd,false,ar,ar,https://i.ytimg.com/vi/p4KrSdFCFpc/maxresdefault.jpg,1,,,,,957116,30611,,0,1027
102,UCFqnvxz2f7J2cmTo_j0XMpA,"Mambah Fit",hmzNRjmRCpE,2025-08-19T18:00:46Z,"2025-08-19 18:00:46","𝐀 𝐃𝐀𝐘 𝐈𝐍 𝐌𝐘 𝐋𝐈𝐅𝐄 “𝐍𝐄𝐖 𝐓𝐇𝐈𝐍𝐆𝐒 𝐀𝐑𝐄 𝐂𝐎𝐌𝐈𝐍𝐆” 🛠️","Even tho I’m not sharing my daily routine as much anymore, I still prioritize my health every morning, go to the gym 🏋🏽, eat healthy 🍳and work on some new projects as usual 🛠️. Personally, a routine is one of the most important things to have to make your road to success easier 🙌🏽. It’s ok not to follow your routine 7 days a week, but at least 80% of the time, so that you can stay focused on your goal 🎯 and become better every week. I’m working on something new that I can’t wait to share with you 🤩, something personal, but that will also affect the visuals of my future videos 🕺🏽 ⚡️ 𝐌𝐀𝐓𝐙𝐀𝐏𝐄𝐒𝐇 ⚡️ #healthy #lifestyle #morocco #maghreb #arabic #vlog #adayinthelife","morocco,maghreb,a day in my life,a day in life,arabic,darija,maroc,lifestyle,healthy,casablanca,food,cooking",24,Entertainment,"Health,Lifestyle_(sociology)",PT49S,49,2d,hd,false,en,ar,https://i.ytimg.com/vi/hmzNRjmRCpE/maxresdefault.jpg,1,,,,,270987,5033,,0,28
103,UCFqnvxz2f7J2cmTo_j0XMpA,"Mambah Fit",TEcSgGT_-JQ,2025-08-13T18:00:25Z,"2025-08-13 18:00:25","Got stuck in the elevator again 😅 #funny #fun #morocco #lifestyle #arabic #storytime #story",,,24,Entertainment,"Entertainment,Humour",PT1M,60,2d,hd,false,en,ar,https://i.ytimg.com/vi/TEcSgGT_-JQ/maxresdefault.jpg,1,,,,,1145994,19910,,0,149
104,UCFqnvxz2f7J2cmTo_j0XMpA,"Mambah Fit",188VzTrAeHc,2025-08-12T18:00:02Z,"2025-08-12 18:00:02","THIS AND 0 STRESS 🤩 #healthy #lifestyle #morocco #summer #sun #goodvibes #arabic #beach #moroccan",,,24,Entertainment,Lifestyle_(sociology),PT14S,14,2d,hd,false,en,ar,https://i.ytimg.com/vi/188VzTrAeHc/maxresdefault.jpg,1,,,,,242437,2107,,0,66
105,UCFqnvxz2f7J2cmTo_j0XMpA,"Mambah Fit",WbPxTD9r4FI,2025-08-07T18:00:36Z,"2025-08-07 18:00:36","SOCIAL MEDIA IN REAL LIFE 🤣","I wish life was that easy 🤣 #healthy #lifestyle #morocco #arabic #fun #funny #food","healthy,lifestyle,mambah,mamba fit,mamba,mambah fit,food,fun,funny,morocco,arabic,darija,maghreb",24,Entertainment,Entertainment,PT13S,13,2d,hd,false,en,ar,https://i.ytimg.com/vi/WbPxTD9r4FI/maxresdefault.jpg,1,,,,,3767509,26800,,0,87
106,UCFqnvxz2f7J2cmTo_j0XMpA,"Mambah Fit",78E_nMtnOTo,2025-08-04T18:00:09Z,"2025-08-04 18:00:09","𝐇𝐄𝐀𝐋𝐓𝐇𝐘 𝐇𝐎𝐌𝐄𝐌𝐀𝐃𝐄 𝐂𝐇𝐈𝐏𝐒 🥔","If you’re looking for a healthy snack to treat yourself on the go, this s for youuu! It’s super easy and takes a few steps to make 👨🏽‍🍳 𝐌𝐀𝐂𝐑𝐎𝐒 : 𝟐𝟑𝟏 𝐊𝐂𝐀𝐋 / 𝟓𝟐,𝟒𝐠 𝐂𝐀𝐑𝐁𝐒 / 𝟔,𝟏𝐠 𝐏𝐑𝐎𝐓 / 𝟎,𝟑𝐠 𝐅𝐀𝐓 𝐈𝐍𝐆𝐑𝐄𝐃𝐈𝐄𝐍𝐓𝐒: - 300g potatoes - Cooking Spray - Seasoning: Salt, garlic powder, paprika & onion powder 45 min in the oven at 180°C 𝐄𝐍𝐉𝐎𝐘 𝐎𝐔 𝐌𝐀𝐓𝐙𝐀𝐏𝐄𝐒𝐇 ⚡️ #healthy #lifestyle #cooking #recipe #chips #snack #morocco #arabic #fun","snack,healthy,food,recipe,mambah,mambah fit,mamba,mamba fit,matzapesh,matzapish,matzapech,cooking,fun,chips,healthy snacks,air fryer recipes,air fryer",24,Entertainment,"Food,Lifestyle_(sociology)",PT56S,56,2d,hd,false,en,ar,https://i.ytimg.com/vi/78E_nMtnOTo/maxresdefault.jpg,1,,,,,2280236,37500,,0,212
107,UCFqnvxz2f7J2cmTo_j0XMpA,"Mambah Fit",eP-XeyYdGRw,2025-08-02T21:12:31Z,"2025-08-02 21:12:31","BATAL AL COUSINA EP2 🤩 #morocco #arabic #cooking #darija #maroc #fun #funny #food",,,24,Entertainment,"Food,Lifestyle_(sociology)",PT15S,15,2d,hd,false,fr,ar,https://i.ytimg.com/vi/eP-XeyYdGRw/maxresdefault.jpg,1,,,,,123530,1710,,0,18
108,UCFqnvxz2f7J2cmTo_j0XMpA,"Mambah Fit",Wzcmb0AAtUU,2025-08-02T10:16:56Z,"2025-08-02 10:16:56","BATAL AL COUSINA EP2 m3a Kawtar Bamo #morocco #cooking #fun #game #arabic #humour #funny #maroc",,,24,Entertainment,"Food,Lifestyle_(sociology)",PT26S,26,2d,hd,false,fr,ar,https://i.ytimg.com/vi/Wzcmb0AAtUU/maxresdefault.jpg,1,,,,,87916,1376,,0,21
109,UCFqnvxz2f7J2cmTo_j0XMpA,"Mambah Fit",IDa3ayucA60,2025-08-02T10:00:29Z,"2025-08-02 10:00:29","BATAL AL COUSINA ft @KawtarBamo 👩‍🍳 مسابقة الطبخ مع EP2","🔥 مرحبا بكم في الحلقة n°2 من Batal الكوزينة! أنا و @KawtarBamo دخلنا فمعركة طبخ باش نرضيو 3 حكّام صغار! 3 أطباق، 3 أطفال، ومفاجآت بزاف! واش غادي تعجبهم الماكلة؟ ولا غادي يرفضو يذوقو حتى؟ 😂 ⚡️𝐌𝐀𝐓𝐙𝐀𝐏𝐄𝐒𝐇⚡️ #كوزينة #cookingchallenge #humor #morocco #cooking #kawtarbamo #mambahfit # BatalAlKouzina #cookbattle #cookingforkids #funnycooking","mambahfit,mamba,matzapesh,matzapish,games,morocco,maghreb,المغرب,arabic,darija,entertainment,عربية,maroc,cooking,cuisine,tabaj,food,طعام,طبخ,مطبخ,challenge,kawtar,kawtar bamo,bamo,mac n cheese,burger,chicken fingers,kids,drari sghar,cuisine marocaine,bride,wedding,3ars,عرس",24,Entertainment,"Food,Lifestyle_(sociology)",PT23M29S,1409,2d,hd,false,ar,ar,https://i.ytimg.com/vi/IDa3ayucA60/maxresdefault.jpg,1,,,,,853035,14787,,0,610
110,UCFqnvxz2f7J2cmTo_j0XMpA,"Mambah Fit",KRXn7Bn_sBM,2025-07-30T10:00:29Z,"2025-07-30 10:00:29","BATAL COUZINA EP2 (Saturday 11 AM) #morocco #cooking #fun #funny #arabic #food #lifestyle #humour",,,24,Entertainment,"Food,Lifestyle_(sociology)",PT16S,16,2d,hd,false,en,ar,https://i.ytimg.com/vi/KRXn7Bn_sBM/maxresdefault.jpg,1,,,,,179001,2667,,0,19
111,UCFqnvxz2f7J2cmTo_j0XMpA,"Mambah Fit",uImJch2vs7o,2025-07-29T18:00:56Z,"2025-07-29 18:00:56","𝐅𝐈𝐍𝐀𝐋𝐋𝐘 𝐁𝐀𝐂𝐊 𝐇𝐎𝐌𝐄 🙌🏽","I spent over 20 days on vacation with my family between Albania 🇦🇱 and Corfu 🇬🇷 and I enjoyed it 100%! I decided not to create any content so that I could really rest and be able to enjoy 🤩 Honestly that was the best decision I could have made! Now I feel recharged and ready to create again 🕺🏽 Gained a bit of weight 🙄 but that’s fine because I know I’ll get back to my healthy lifestyle 🍏 ⚡️ 𝐌𝐀𝐓𝐙𝐀𝐏𝐄𝐒𝐇 ⚡️ #healthy #lifestyle #morocco #arabic #maghreb #travel",,24,Entertainment,"Health,Lifestyle_(sociology),Tourism",PT54S,54,2d,hd,false,en,ar,https://i.ytimg.com/vi/uImJch2vs7o/maxresdefault.jpg,1,,,,,202023,3765,,0,77
112,UCFqnvxz2f7J2cmTo_j0XMpA,"Mambah Fit",hvFQnQmj49Q,2025-07-26T10:15:09Z,"2025-07-26 10:15:09","IS ALBANIA WORTH IT? 🇦🇱 واش خاصك فيزا؟ (Story time)","فهاد الفيديو كنشارك معاكم storytime ديال الرحلة ديالي لألبانيا مع العائلة: كيفاش تمشيو، الفيزا للمغاربة 🇲🇦، الbudget، الماكلة، التنقل، وحتى الأماكن اللي عجبونا واللي ماعجبوناشش 😅 إذا كتفكر تمشي لألبانيا هاد الصيف، هاد الفيديو غادي يعاونك بزاف ✈️ 🎁 eSIM link with 5% and $5 off ➭ https://go.saily.site/aff_c?offer_id=101&aff_id=9917 ✈️ E-visa link: https://e-visa.al/apply ⚡️𝐌𝐀𝐓𝐙𝐀𝐏𝐄𝐒𝐇⚡️ #morocco #lifestyle #arabic #mambahfit #storytime #albania 〰️ 𝐅𝐈𝐍𝐃 𝐌𝐄 𝐎𝐍 𝐒𝐎𝐂𝐈𝐀𝐋 𝐌𝐄𝐃𝐈𝐀 ↳ Instagram ➭ https://www.instagram.com/mambahfit/ ↳ TikTok ➭ https://www.tiktok.com/@mambahfit ↳ Website ➭ https://www.mambahfit.com/ 〰️ 𝐌𝐔𝐒𝐈𝐂 𝐅𝐑𝐎𝐌 𝐄𝐏𝐈𝐃𝐄𝐌𝐈𝐂 𝐒𝐎𝐔𝐍𝐃 ↳ 7 day free trial ➭ https://share.epidemicsound.com/jjir8n","Adventure,Albania,Budget,Explore,Travel,Travel deals,Travel story,Travel tips,Visa,adventure tips,adventure travel,affordable destinations,albania tourism,albania travel,backpacking albania,backpacking tips,budget travel,cultural experience,explore albania,hidden gems,local secrets,nomadic lifestyle,offbeat travel,tourism tips,travel budget,travel diary,travel inspiration,travel vlog,visa requirements",24,Entertainment,Lifestyle_(sociology),PT15M51S,951,2d,hd,false,ar,ar,https://i.ytimg.com/vi/hvFQnQmj49Q/maxresdefault.jpg,1,,,,,77453,2030,,0,145
113,UCFqnvxz2f7J2cmTo_j0XMpA,"Mambah Fit",986-OkSLsGg,2025-07-19T10:10:16Z,"2025-07-19 10:10:16","STORY TIME 🙌🏽 Wash hyati sahla… #lifestyle #vlog #travel #morocco #arabic",,,24,Entertainment,"Lifestyle_(sociology),Tourism",PT29S,29,2d,hd,false,en,ar,https://i.ytimg.com/vi/986-OkSLsGg/maxresdefault.jpg,1,,,,,53130,1064,,0,28
114,UCFqnvxz2f7J2cmTo_j0XMpA,"Mambah Fit",S8tj39Gx6p8,2025-07-19T10:00:53Z,"2025-07-19 10:00:53","THE TRUTH 🫣 ناس ما عارفينهاش","𝐆𝐞𝐭 𝐭𝐡𝐞 𝐞-𝐛𝐨𝐨𝐤 𝐰𝐢𝐭𝐡 𝟓𝟎% 𝐎𝐅𝐅 ➭ https://www.mambahfit.com/product-page/healthy-inside-out 🎒 خلال واحد الهايك بوحدي فماربيا، قررت نجاوب على واحد من أكثر الكومنتيرات لي كنسمع: “واش حياتك ساهلة؟” فهاد الستوري تايم، حكيت على كيفاش بديت فالسوشيال ميديا، وعلى الحقيقة لي ورا الرحلة، والأشياء لي ما كيبانووش للناس. ما كانتش مخططة، ما كانتش سهلة… ولكن بدلات حياتي. ⛰️ طاقة هادئة، هضرة من القلب، وتجربة ما عمرني شاركتها. ⚡️𝐌𝐀𝐓𝐙𝐀𝐏𝐄𝐒𝐇 ⚡️ #healthy #lifestyle #morocco #vlog #storytime #mambahfit","mambahfit,mamba,matzapesh,matzapish,morocco,maghreb,المغرب,arabic,darija,entertainment,عربية,maroc,yassine,yassine amor,vlog,adventure,matzapech,matzapich,travel,story time,hayat,hiking,storytime,Mambah,‎السفر الرخيص,فيزا,‎صانع محتوى,‎عربي,‎المغرب,Darija,Arabic,Moroccan vlogger,Moroccan vlogger,Vlogger,Vlog,Maghreb,Morocco,Matzapech,Matzapish,Matzapich,MATZAPESH,Mamba fit,Mambah fit",22,"People & Blogs",Lifestyle_(sociology),PT17M44S,1064,2d,hd,false,ar,ar,https://i.ytimg.com/vi/S8tj39Gx6p8/maxresdefault.jpg,1,,,,,66622,2409,,0,225
115,UCFqnvxz2f7J2cmTo_j0XMpA,"Mambah Fit",FRpTh9UJxAo,2025-07-12T10:03:16Z,"2025-07-12 10:03:16","ZERO TO MILLIONS 🇲🇦 كيفاش يوتيوب بدّل حياتنا؟","#morocco #arabic #vlog #lifestyle",,24,Entertainment,,PT29S,29,2d,hd,false,ar,ar,https://i.ytimg.com/vi/FRpTh9UJxAo/maxresdefault.jpg,1,,,,,72718,1480,,0,16
116,UCFqnvxz2f7J2cmTo_j0XMpA,"Mambah Fit",_-D1-2WIevI,2025-07-12T10:01:01Z,"2025-07-12 10:01:01","ZERO TO MILLIONS 🇲🇦 كيفاش يوتيوب بدّل حياتنا؟","مشيت ليوتيوب event كبير فالمغرب 🎥✨ سولّت ال YouTubers: واش YouTube باقي كيدخل فلوس؟ 💸 وشنو تبدّل؟ 🔥 ضحك، real talk، وطاقة زوينة 🤝 ماشي بحال باقي الفيديوهات! ⚡️ 𝐌𝐀𝐓𝐙𝐀𝐏𝐄𝐒𝐇 ⚡️ #morocco #lifestyle #vlog #arabic #mambahfit","mambahfit,mambah,mamba,mambah fit,yassine amor,taha essou,kawtar bamo,Milfaya,Bimo,Bilal,Reda el Wahabi,simo sedraty,youtube,vlog,lifestyle,morocco,maghreb,arabic,content creators,youtuber,MoroccanCreators,vlog maroc,يوتيوبرز المغرب,صناع المحتوى,يومياتي,المغرب,الحياة فالمغرب,vlogger,دارجة,قصص",22,"People & Blogs",Lifestyle_(sociology),PT15M1S,901,2d,hd,false,ar,ar,https://i.ytimg.com/vi/_-D1-2WIevI/maxresdefault.jpg,1,,,,,194480,6011,,0,209
117,UCFqnvxz2f7J2cmTo_j0XMpA,"Mambah Fit",NKJ8KA-w4kc,2025-07-11T18:18:49Z,"2025-07-11 18:18:49","11 July 2025",,,24,Entertainment,Entertainment,PT25S,25,2d,hd,false,fr,ar,https://i.ytimg.com/vi/NKJ8KA-w4kc/maxresdefault.jpg,1,,,,,127117,2720,,0,214
118,UCFqnvxz2f7J2cmTo_j0XMpA,"Mambah Fit",JsDsSjEtSW0,2025-07-09T18:00:17Z,"2025-07-09 18:00:17","𝐋𝐎𝐖 𝐊𝐂𝐀𝐋 𝐂𝐀𝐑𝐑𝐎𝐓 𝐓𝐀𝐂𝐎𝐒 🌮 #morocco #healthy #recipe #food #lifestyle #highprotein",,,24,Entertainment,"Food,Lifestyle_(sociology)",PT37S,37,2d,hd,false,en,ar,https://i.ytimg.com/vi/JsDsSjEtSW0/maxresdefault.jpg,1,,,,,878097,13348,,0,113
119,UCFqnvxz2f7J2cmTo_j0XMpA,"Mambah Fit",OXHi3uXlECg,2025-07-07T18:00:21Z,"2025-07-07 18:00:21","𝐓𝐇𝐄 𝐎𝐍𝐋𝐘 𝐎𝐍𝐄 𝐓𝐇𝐀𝐓 𝐒𝐇𝐎𝐔𝐋𝐃 𝐁𝐄 𝐏𝐑𝐎𝐔𝐃 𝐈𝐒 𝐘𝐎𝐔 🙌🏽 #morocco #arabic",,,24,Entertainment,,PT34S,34,2d,hd,false,en,ar,https://i.ytimg.com/vi/OXHi3uXlECg/maxresdefault.jpg,1,,,,,45548,2290,,0,67
120,UCFqnvxz2f7J2cmTo_j0XMpA,"Mambah Fit",XYdoFN00o74,2025-07-05T10:03:49Z,"2025-07-05 10:03:49","BATAL AL COUSINA ft Bimo & Chef Bidda 👨🏽‍🍳 #morocco #humour #cooking #arabic #cookingrecipes",,,24,Entertainment,"Food,Lifestyle_(sociology)",PT43S,43,2d,hd,false,fr,ar,https://i.ytimg.com/vi/XYdoFN00o74/maxresdefault.jpg,1,,,,,71249,1604,,0,18
121,UCFqnvxz2f7J2cmTo_j0XMpA,"Mambah Fit",OZdOznvICVQ,2025-07-05T10:00:41Z,"2025-07-05 10:00:41","BATAL AL COUSINA ft @BIMO1 👨🏽‍🍳 مسابقة الطبخ مع","🔥 مرحبا بكم فـ أول حلقة من Batal الكوزينة! @BIMO1 و أنا دخلنا فـ معركة ديال الطبخ، والحكم ماشي أي واحد… @Houssam_bidda هو اللي غادي يذوق ويحكم! شكون غادي يربح؟ وشكون غادي يحرق الطنجرة؟ ⚡️𝐌𝐀𝐓𝐙𝐀𝐏𝐄𝐒𝐇⚡️ #morocco #cooking #bimo #mambahfit","mambahfit,mamba,matzapesh,matzapish,tiq oula ma tiqch,games,morocco,maghreb,المغرب,arabic,darija,entertainment,عربية,maroc,bimo,bilal mouhouch,cooking,cuisine,tabaj,food,طعام,طبخ,مطبخ,chef bidda,challenge",24,Entertainment,"Food,Lifestyle_(sociology)",PT23M30S,1410,2d,hd,false,ar,ar,https://i.ytimg.com/vi/OZdOznvICVQ/maxresdefault.jpg,1,,,,,876192,25022,,0,834
122,UCFqnvxz2f7J2cmTo_j0XMpA,"Mambah Fit",MVV2-Vw8bnA,2025-07-03T22:44:26Z,"2025-07-03 22:44:26","Making trends with all the creators 🕺🏽 #arabic #morocco #youtubecreatorcollective #dance",,,22,"People & Blogs",Music,PT17S,17,2d,hd,false,en,ar,https://i.ytimg.com/vi/MVV2-Vw8bnA/maxresdefault.jpg,1,,,,,80253,1055,,0,28
123,UCFqnvxz2f7J2cmTo_j0XMpA,"Mambah Fit",xIps9REQrsM,2025-07-02T20:05:52Z,"2025-07-02 20:05:52","𝐀 𝐃𝐀𝐘 𝐈𝐍 𝐌𝐘 𝐋𝐈𝐅𝐄 “𝐄𝐍𝐉𝐎𝐘𝐈𝐍𝐆 𝐌𝐘 𝐇𝐎𝐋𝐈𝐃𝐀𝐘𝐒” ☀️ #vlog #summer #holiday",,,22,"People & Blogs",Lifestyle_(sociology),PT47S,47,2d,hd,false,en,ar,https://i.ytimg.com/vi/xIps9REQrsM/maxresdefault.jpg,1,,,,,581607,14833,,0,198
124,UCFqnvxz2f7J2cmTo_j0XMpA,"Mambah Fit",Pqji2DNv8QY,2025-06-28T16:59:14Z,"2025-06-28 16:59:14","BIRTHDAY WEEK 🎉 أسبوع في حياة صانع محتوى","‎الأسبوع اللي فات كان عيد ميلادي 🎉 وقررت نصور معاكم سيمانة كاملة من حياتي باش نورِّيكم الكواليس ديال حياة صانع محتوى 🎥 ‎كانت سيمانة عامرة، فيها طاقة إيجابية 🕺🏽، انضباط مع الرياضة 🏋🏽، ماكلة بنينة وصحية 🍱، وصحبة زوينة بزاف. ‎كنتمنا تعجبكم، وقولوا ليا فالكومنتيرات واش بغيتو نشوفو ‎بزاف بحال هاد النوع ⚡️ 𝐌𝐀𝐓𝐙𝐀𝐏𝐄𝐒𝐇 ⚡️ #vlog #morocco #maghreb #arabic #mambahfit #adayinthelife #lifestyle #healthy",,22,"People & Blogs","Health,Lifestyle_(sociology)",PT29S,29,2d,hd,false,ar,ar,https://i.ytimg.com/vi/Pqji2DNv8QY/maxresdefault.jpg,1,,,,,44534,1071,,0,19
125,UCFqnvxz2f7J2cmTo_j0XMpA,"Mambah Fit",Do3uR9FGbN8,2025-06-28T16:47:11Z,"2025-06-28 16:47:11","WEEK IN MOROCCO 🇲🇦 أسبوع في حياة صانع محتوى","𝐆𝐞𝐭 𝐭𝐡𝐞 𝐞-𝐛𝐨𝐨𝐤 𝐰𝐢𝐭𝐡 𝟓𝟎% 𝐎𝐅𝐅 ➭ https://www.mambahfit.com/product-page/healthy-inside-out‎ الأسبوع اللي فات كان عيد ميلادي 🎉 وقررت نصور معاكم سيمانة كاملة من حياتي باش نورِّيكم الكواليس ديال حياة صانع محتوى 🎥 ‎كانت سيمانة عامرة، فيها طاقة إيجابية 🕺🏽، انضباط مع الرياضة 🏋🏽، ماكلة بنينة وصحية 🍱، وصحبة زوينة بزاف. ‎كنتمنا تعجبكم، وقولوا ليا فالكومنتيرات واش بغيتو نشوفو ‎بزاف بحال هاد النوع ⚡️ 𝐌𝐀𝐓𝐙𝐀𝐏𝐄𝐒𝐇 ⚡️ #vlog #morocco #maghreb #arabic #mambahfit #adayinthelife #lifestyle #healthy","mambahfit,mamba,matzapesh,matzapish,morocco,maghreb,المغرب,arabic,darija,قوالب,entertainment,عربية,confiance,maroc,yassine,yassine amor,michou,atlas,vlog,adventure,Week in the life,Content creator,‏أسبوع في حياتي,‏روتيني اليومي,‏عربية,صانع محتوى,حياة صانع محتوى",22,"People & Blogs",Lifestyle_(sociology),PT26M13S,1573,2d,hd,false,ar,ar,https://i.ytimg.com/vi/Do3uR9FGbN8/maxresdefault.jpg,1,,,,,75562,2132,,0,242
126,UCFqnvxz2f7J2cmTo_j0XMpA,"Mambah Fit",jnJRSWUxv8U,2025-06-23T14:55:11Z,"2025-06-23 14:55:11","Weeell… that was unexpected 🥵🤣 #healthy #lifestyle #sports #discipline #lagree",,,19,"Travel & Events","Health,Lifestyle_(sociology),Physical_fitness",PT13S,13,2d,hd,false,en,ar,https://i.ytimg.com/vi/jnJRSWUxv8U/maxresdefault.jpg,1,,,,,62009,652,,0,23
127,UCFqnvxz2f7J2cmTo_j0XMpA,"Mambah Fit",zgFSPm_MF00,2025-06-22T17:45:20Z,"2025-06-22 17:45:20","TRAVEL WITH MAMBAH “LET’S GO TO MARBELLA” 🇪🇸 #morocco #arabic #travel #vlog #minivlog #lifestyle",,,19,"Travel & Events","Lifestyle_(sociology),Tourism",PT44S,44,2d,hd,false,en,ar,https://i.ytimg.com/vi/zgFSPm_MF00/maxresdefault.jpg,1,,,,,788674,14499,,0,203
128,UCFqnvxz2f7J2cmTo_j0XMpA,"Mambah Fit",0dNgh9awW3g,2025-06-22T13:39:23Z,"2025-06-22 13:39:23","24h m3a Michou fe l’Atlas 🇲🇦 #morocco #lifestyle #vlog #travel #atlas",,,19,"Travel & Events",Lifestyle_(sociology),PT39S,39,2d,hd,false,es,ar,https://i.ytimg.com/vi/0dNgh9awW3g/maxresdefault.jpg,1,,,,,50627,1316,,0,21
129,UCFqnvxz2f7J2cmTo_j0XMpA,"Mambah Fit",MZslVtLeNuU,2025-06-22T12:00:09Z,"2025-06-22 12:00:09","24H avec Michou dans l’Atlas 🇲🇦 واش لقينا الفهد الأطلس؟","الانطلاق في مغامرة فجبال الأطلس المغربية مع @Michou والتعرف على الفهد البربري 🐆 كانت تجربة غير متوقعة ولكن رائعة بزاف 🤩 كنتمنى يعجبكم هاد النوع ديال الفيديوهات، وما تنساوش تكتبوا ليا رأيكم فالكومنتيرات ✍. ⚡️𝐌𝐀𝐓𝐙𝐀𝐏𝐄𝐒𝐇⚡️ #morocco #mambahfit #lifestyle #entertainment #michou #vlog #atlas","mambahfit,mamba,matzapesh,matzapish,morocco,maghreb,المغرب,arabic,darija,قوالب,entertainment,عربية,confiance,maroc,yassine,yassine amor,michou,atlas,vlog,adventure",19,"Travel & Events",Lifestyle_(sociology),PT50M29S,3029,2d,hd,false,ar,fr,https://i.ytimg.com/vi/MZslVtLeNuU/maxresdefault.jpg,1,,,,,165333,5200,,0,464
130,UCFqnvxz2f7J2cmTo_j0XMpA,"Mambah Fit",iOB3LtxKovw,2025-06-19T18:00:45Z,"2025-06-19 18:00:45","𝐅𝐎𝐂𝐔𝐒 𝐎𝐍 𝐘𝐎𝐔𝐑𝐒𝐄𝐋𝐅 𝐈𝐍𝐒𝐓𝐄𝐀𝐃 𝐎𝐅 𝐖𝐀𝐓𝐂𝐇𝐈𝐍𝐆 𝐎𝐓𝐇𝐄𝐑𝐒 #morocco #arabic",,,24,Entertainment,,PT32S,32,2d,hd,false,en,ar,https://i.ytimg.com/vi/iOB3LtxKovw/maxresdefault.jpg,1,,,,,117637,4671,,0,138
131,UCFqnvxz2f7J2cmTo_j0XMpA,"Mambah Fit",H00ncKOBcD4,2025-06-17T16:11:22Z,"2025-06-17 16:11:22","ARE YOU TEAM MAMBAH OR TEAM BIMO 🙄 #morocco #fun #lifestyle #funny",,,24,Entertainment,Entertainment,PT34S,34,2d,hd,false,en,ar,https://i.ytimg.com/vi/H00ncKOBcD4/maxresdefault.jpg,1,,,,,695331,23060,,0,153
132,UCFqnvxz2f7J2cmTo_j0XMpA,"Mambah Fit",VErWRwdaxZg,2025-06-14T20:32:02Z,"2025-06-14 20:32:02","NEW VIDEO M3A BIMO 🤣 #morocco #maghreb #arabic #fun #funny #game",,,24,Entertainment,Entertainment,PT16S,16,2d,hd,false,en,ar,https://i.ytimg.com/vi/VErWRwdaxZg/maxresdefault.jpg,1,,,,,160844,2982,,0,16
133,UCFqnvxz2f7J2cmTo_j0XMpA,"Mambah Fit",e93UuqIajag,2025-06-14T20:26:37Z,"2025-06-14 20:26:37","TIQ OULA MA TIQCH 🤣 w/ @BIMO1","Welcome back to my channel La Mambah Fam 😇 What an exciting episode! This concept is getting crazier and crazier 🤩! Please welcome @BIMO1 for the next round of TIQ OULA MA TIQCH 🙌🏽 Produced by 𝐈𝐦𝐩𝐚𝐜𝐭 𝐋𝐚𝐛 𝐀𝐠𝐞𝐧𝐜𝐲 ➭ https://www.instagram.com/impactlab_agency/ ⚡️𝐌𝐀𝐓𝐙𝐀𝐏𝐄𝐒𝐇⚡️ #game #morocco #arabic #casablanca #mambahfit #lifestyle #entertainment #bimo 〰️ 𝐅𝐈𝐍𝐃 𝐇𝐈𝐌 𝐎𝐍 𝐒𝐎𝐂𝐈𝐀𝐋 𝐌𝐄𝐃𝐈𝐀 ↳ Instagram ➭ https://www.instagram.com/bilal_mouhouch/ ↳ YouTube ➭ https://www.youtube.com/@BIMO1 〰️ 𝐅𝐈𝐍𝐃 𝐌𝐄 𝐎𝐍 𝐒𝐎𝐂𝐈𝐀𝐋 𝐌𝐄𝐃𝐈𝐀 ↳ Instagram ➭ https://www.instagram.com/mambahfit/ ↳ TikTok ➭ https://www.tiktok.com/@mambahfit ↳ Website ➭ https://www.mambahfit.com/ 〰️ 𝐌𝐔𝐒𝐈𝐂 𝐅𝐑𝐎𝐌 𝐄𝐏𝐈𝐃𝐄𝐌𝐈𝐂 𝐒𝐎𝐔𝐍𝐃 ↳ 7 day free trial ➭ https://share.epidemicsound.com/jjir8n","mambahfit,mamba,matzapesh,matzapish,tiq oula ma tiqch,games,morocco,maghreb,المغرب,arabic,darija,قوالب,entertainment,عربية,كذب,تبق ولا ماتيقش,confiance,maroc,bimo,bilal mouhouch",24,Entertainment,Lifestyle_(sociology),PT29M6S,1746,2d,hd,false,en,ar,https://i.ytimg.com/vi/e93UuqIajag/maxresdefault.jpg,1,,,,,628322,30543,,0,806
134,UCFqnvxz2f7J2cmTo_j0XMpA,"Mambah Fit",ed_8M7m-IaE,2025-06-13T12:01:22Z,"2025-06-13 12:01:22","Tferejtou fel video ? 🙄 #morocco #arabic #lifestyle #healthylifestyle #love #parents #goals",,,24,Entertainment,"Health,Lifestyle_(sociology)",PT50S,50,2d,hd,false,en,ar,https://i.ytimg.com/vi/ed_8M7m-IaE/maxresdefault.jpg,1,,,,,62634,2251,,0,75
135,UCFqnvxz2f7J2cmTo_j0XMpA,"Mambah Fit",568n1s658cE,2025-06-11T15:40:07Z,"2025-06-11 15:40:07","𝐀 𝐃𝐀𝐘 𝐈𝐍 𝐌𝐘 𝐋𝐈𝐅𝐄 “𝐒𝐏𝐄𝐍𝐃𝐈𝐍𝐆 𝐓𝐈𝐌𝐄 𝐈𝐍 𝐌𝐀𝐑𝐑𝐀𝐊𝐄𝐂𝐇” 🌴 #morocco",,,24,Entertainment,Lifestyle_(sociology),PT48S,48,2d,hd,false,en,ar,https://i.ytimg.com/vi/568n1s658cE/maxresdefault.jpg,1,,,,,147847,3667,,0,68
136,UCFqnvxz2f7J2cmTo_j0XMpA,"Mambah Fit",IxzrCj9hygY,2025-06-09T13:05:47Z,"2025-06-09 13:05:47","AM I MARRIED? 💍 شنو مخبي عليكم #morocco #arabic #lifestyle #vlog #storytime",,,24,Entertainment,Lifestyle_(sociology),PT22S,22,2d,hd,false,ar,ar,https://i.ytimg.com/vi/IxzrCj9hygY/maxresdefault.jpg,1,,,,,70116,1219,,0,19
137,UCFqnvxz2f7J2cmTo_j0XMpA,"Mambah Fit",sTo2I71PNVM,2025-06-09T13:01:33Z,"2025-06-09 13:01:33","واش انا مسلم؟ 🤫 WHAT AM I HIDING","Welcome back to my channel La Mambah Fam 😇 You’ve been asking me so many questions ❓on social media, so here’s a video to answer to some of them 🙌🏽 It’s been a while that I didn’t do this type of videos and I missed it so much 🤩 Hope you’ll enjoy 🤪 ⚡️𝐌𝐀𝐓𝐙𝐀𝐏𝐄𝐒𝐇⚡️ #vlog #morocco #lifestyle #adayinthelife 〰️ 𝐅𝐈𝐍𝐃 𝐌𝐄 𝐎𝐍 𝐒𝐎𝐂𝐈𝐀𝐋 𝐌𝐄𝐃𝐈𝐀 ↳ Instagram ➭ https://www.instagram.com/mambahfit/ ↳ TikTok ➭ https://www.tiktok.com/@mambahfit ↳ Website ➭ https://www.mambahfit.com/ 〰️ 𝐌𝐔𝐒𝐈𝐂 𝐅𝐑𝐎𝐌 𝐄𝐏𝐈𝐃𝐄𝐌𝐈𝐂 𝐒𝐎𝐔𝐍𝐃 ↳ 7 day free trial ➭ https://share.epidemicsound.com/jjir8n 〰️ 𝐍𝐄𝐗𝐓 𝐖𝐀𝐕𝐄 𝐏𝐎𝐃𝐂𝐀𝐒𝐓 ↳ w/ Karim Amor ➭ www.youtube.com/watch?v=dEP8CEodv1w&t=171s","lifestyle,vlog,morocco,maghreb,maroc,healthy,a day in my life,a day in the life,vlogging,unscripted,arabic,darija,wedding,marriage,casablanca,content creator,vlogger,q&a,question,answers",24,Entertainment,"Health,Lifestyle_(sociology),Physical_fitness",PT18M49S,1129,2d,hd,false,en,ar,https://i.ytimg.com/vi/sTo2I71PNVM/maxresdefault.jpg,1,,,,,178672,7370,,0,587
138,UCFqnvxz2f7J2cmTo_j0XMpA,"Mambah Fit",6NMBOrtMK-E,2025-05-31T19:24:06Z,"2025-05-31 19:24:06","NEW VIDEO IS OUT NOW 🤩🙌🏽! #morocco #fun #maroc #arabic",,,24,Entertainment,Lifestyle_(sociology),PT20S,20,2d,hd,false,en,ar,https://i.ytimg.com/vi/6NMBOrtMK-E/maxresdefault.jpg,1,,,,,55266,1064,,0,35
139,UCFqnvxz2f7J2cmTo_j0XMpA,"Mambah Fit",nHsUjRA1io4,2025-05-31T18:09:50Z,"2025-05-31 18:09:50","TIQ OULA MA TIQCH EP2 😋 #morocco #fun #game #arabic #entertainment",,,24,Entertainment,"Entertainment,Television_program",PT45S,45,2d,hd,false,en,ar,https://i.ytimg.com/vi/nHsUjRA1io4/maxresdefault.jpg,1,,,,,42033,755,,0,8
140,UCFqnvxz2f7J2cmTo_j0XMpA,"Mambah Fit",NdvLb7SJ_rk,2025-05-31T18:00:15Z,"2025-05-31 18:00:15","TIQ OULA MA TIQCH 🥵 w/ @Majdoulinsr ‎لعبة التقة مع","Welcome back to my channel La Mambah Fam 😇 Finally here is the episode 2 of TIQ OULA MA TIQCH with a guest you’ve all been requesting, someone that has nooo limits and that normally I should know and she also should know if one of us is lying 🤣 I have the pleasure to welcome ‪@Majdoulinsr for an exciting episode 📺 Hope you’ll enjoy, and let me know in the comments who I should invite next 🙌🏽 Produced by 𝐈𝐦𝐩𝐚𝐜𝐭 𝐋𝐚𝐛 𝐀𝐠𝐞𝐧𝐜𝐲 ➭ https://www.instagram.com/impactlabagency/ ⚡️𝐌𝐀𝐓𝐙𝐀𝐏𝐄𝐒𝐇⚡️ #game #morocco #arabic #casablanca #mambahfit #lifestyle #entertainment 〰️ 𝐅𝐈𝐍𝐃 𝐇𝐄𝐑 𝐎𝐍 𝐒𝐎𝐂𝐈𝐀𝐋 𝐌𝐄𝐃𝐈𝐀 ↳ Majdouline ➭  https://www.instagram.com/majdoulinsr/ 〰️ 𝐅𝐈𝐍𝐃 𝐌𝐄 𝐎𝐍 𝐒𝐎𝐂𝐈𝐀𝐋 𝐌𝐄𝐃𝐈𝐀 ↳ Instagram ➭ https://www.instagram.com/mambahfit/ ↳ TikTok ➭ https://www.tiktok.com/@mambahfit ↳ Website ➭ https://www.mambahfit.com/ 〰️ 𝐌𝐔𝐒𝐈𝐂 𝐅𝐑𝐎𝐌 𝐄𝐏𝐈𝐃𝐄𝐌𝐈𝐂 𝐒𝐎𝐔𝐍𝐃 ↳ 7 day free trial ➭ https://share.epidemicsound.com/jjir8n","mambahfit,mamba,matzapesh,matzapish,tiq oula ma tiqch,games,morocco,maghreb,المغرب,arabic,darija,قوالب,entertainment,عربية,كذب,maroc,majdouline,tiqa",24,Entertainment,Lifestyle_(sociology),PT25M36S,1536,2d,hd,false,en,ar,https://i.ytimg.com/vi/NdvLb7SJ_rk/maxresdefault.jpg,1,,,,,202556,5438,,0,981
141,UCFqnvxz2f7J2cmTo_j0XMpA,"Mambah Fit",WDvHcOBWsPw,2025-05-30T18:00:26Z,"2025-05-30 18:00:26","MEN LI KAT KHEREJ 3EYNEK BEZAF… 👀 #morocco #fun #funny #reaction",,,24,Entertainment,Entertainment,PT25S,25,2d,hd,false,en,ar,https://i.ytimg.com/vi/WDvHcOBWsPw/maxresdefault.jpg,1,,,,,10201583,78387,,0,215
142,UCFqnvxz2f7J2cmTo_j0XMpA,"Mambah Fit",EEN8hFFHGbM,2025-05-24T17:00:14Z,"2025-05-24 17:00:14","🇲🇦🏜️ !اخطر مغامرة في وسط الصحراء المغربية","Welcome back to my channel La Mambah Fam 😇 What an amazing adventure we had 🤩 spent over 10 days in the desert 🏜️ driving through the Moroccan landscape. 10 days of pure joy, laugh, gathering, racing and discovering 🙌🏽. I’ve involved myself alongside my team on an epic Rally that started in Plage Blanche and ended in Merzouga 🐪. We documented the whole experience, from morning ☀️ till evening 🌖 taking you with us inside the car through the desert. I want to thank Afriquia who made this adventure possible and sponsored the entire concept 🙌🏽 Are you ready to take the road with us? 🚙 Don’t forget to count how many Afriquia logos you'll see in the video (the ones added during the editing) for a chance to win a GIFT CARD from them, and leave your Instagram handle so that I can contact you 🤩 ⚡️𝐌𝐀𝐓𝐙𝐀𝐏𝐄𝐒𝐇⚡️ #vlog #morocco #lifestyle #travel #arabic #maghrib 〰️ 𝐒𝐏𝐎𝐍𝐒𝐎𝐑 𝐎𝐅 𝐓𝐇𝐄 𝐕𝐈𝐃𝐄𝐎 ↳ Afriquia ➭ https://www.instagram.com/afriquia_officiel/ 〰️ 𝐏𝐑𝐎𝐃𝐔𝐂𝐓𝐈𝐎𝐍 𝐀𝐆𝐄𝐍𝐂𝐘 ↳ Impact Lab ➭ https://www.instagram.com/impactlabagency/ 〰️ 𝐅𝐈𝐍𝐃 𝐌𝐄 𝐎𝐍 𝐒𝐎𝐂𝐈𝐀𝐋 𝐌𝐄𝐃𝐈𝐀 ↳ Instagram ➭ https://www.instagram.com/mambahfit/ ↳ TikTok ➭ https://www.tiktok.com/@mambahfit ↳ Website ➭ https://www.mambahfit.com/ 〰️ 𝐌𝐔𝐒𝐈𝐂 𝐅𝐑𝐎𝐌 𝐄𝐏𝐈𝐃𝐄𝐌𝐈𝐂 𝐒𝐎𝐔𝐍𝐃 ↳ 7 day free trial ➭ https://share.epidemicsound.com/jjir8n","mambah,mamba,matzapesh,matzapish,sahara,morocco,maghreb,rally,racing,traveling,vlog,discovering,adventure,arabic,youtuber,desert,visitmorocco,moroccandesert,سياحة_المغرب,الصحراء_المغربية,مغامرة_فالمغرب,cinematicvlog,travelvlogger,VlogMaghribi,DocumentYourJourney,المغرب,عربي",24,Entertainment,"Lifestyle_(sociology),Motorsport",PT36M11S,2171,2d,hd,false,en,ar,https://i.ytimg.com/vi/EEN8hFFHGbM/maxresdefault.jpg,1,,,,,86481,1863,,0,529
143,UCFqnvxz2f7J2cmTo_j0XMpA,"Mambah Fit",nwQPcUxTo3I,2025-05-20T18:00:53Z,"2025-05-20 18:00:53","𝐓𝐑𝐀𝐕𝐄𝐋 𝐖𝐈𝐓𝐇 𝐌𝐄 “𝐋𝐄𝐓’𝐒 𝐆𝐎 𝐓𝐎 𝐎𝐍𝐄 𝐎𝐅 𝐌𝐘 𝐅𝐀𝐕𝐎𝐑𝐈𝐓𝐄 𝐏𝐋𝐀𝐂𝐄𝐒” 🇪🇸","You may not see it 😅, but these past months have been tough! Lots of work, filming 🎥, creating new concepts, and more… To be honest I reached a creative burnout 🔥again… I have no more inspiration, I am tired of filming and creating, and I feel like I needed to disconnect and take some time off 🙌🏽 And for this, I’ve decided to take the plane ✈ and travel to one of my favorite cities 🤪 Can you guess where I am? 😏 ⚡️𝐌𝐀𝐓𝐙𝐀𝐏𝐄𝐒𝐇⚡️ #healthy #lifestyle #morocco #arabic #travel #vlog #minivlog",,24,Entertainment,"Lifestyle_(sociology),Tourism",PT40S,40,2d,hd,false,en,ar,https://i.ytimg.com/vi/nwQPcUxTo3I/maxresdefault.jpg,1,,,,,203745,4357,,0,198
144,UCFqnvxz2f7J2cmTo_j0XMpA,"Mambah Fit",p4YqpckwxHw,2025-05-18T18:00:47Z,"2025-05-18 18:00:47","𝐋𝐄𝐓’𝐒 𝐂𝐎𝐎𝐊 𝐓𝐎𝐆𝐄𝐓𝐇𝐄𝐑 “𝐒𝐖𝐄𝐄𝐓 𝐏𝐎𝐓𝐀𝐓𝐎 𝐒𝐊𝐈𝐋𝐋𝐄𝐓” 🍠","Here’s an easy and tasty high protein meal 🍽️ you can make for the next days! WARNING: I made 2 portions and ate it all 😅 𝐌𝐀𝐂𝐑𝐎𝐒 𝐏𝐄𝐑 𝐏𝐎𝐑𝐓𝐈𝐎𝐍: 𝟓𝟗𝟖 𝐤𝐜𝐚𝐥 / 𝟒𝟗,𝟑𝐠 𝐂 / 𝟓𝟓,𝟗𝐠 𝐏 /𝟏𝟗𝐠 𝐅 𝐈𝐍𝐆𝐑𝐄𝐃𝐈𝐄𝐍𝐓𝐒 𝐅𝐎𝐑 𝟐 𝐒𝐄𝐑𝐕𝐈𝐍𝐆 : - 400g sweet potato - 400g fat free menaced meat - 1/2 onion - 1 yellow pepper - 200g chopped tomatoes - Salt, pepper, garlic powder, paprika, etc - 60g of Emmental cheese Cook in low/medium heat 🌡️ ⚡️ 𝐌𝐀𝐓𝐙𝐀𝐏𝐄𝐒𝐇 ⚡️ #healthy #lifestyle #cooking #arabic #recipe #food #protein #morocco #weightloss",,24,Entertainment,"Food,Lifestyle_(sociology)",PT41S,41,2d,hd,false,en,ar,https://i.ytimg.com/vi/p4YqpckwxHw/maxresdefault.jpg,1,,,,,317744,5359,,0,70
145,UCFqnvxz2f7J2cmTo_j0XMpA,"Mambah Fit",ohlFCTnSgPQ,2025-05-15T17:42:10Z,"2025-05-15 17:42:10","𝐀 𝐃𝐀𝐘 𝐈𝐍 𝐌𝐘 𝐋𝐈𝐅𝐄 “𝐄𝐍𝐉𝐎𝐘𝐈𝐍𝐆 𝐖𝐈𝐓𝐇 𝐀 𝐒𝐌𝐀𝐋𝐋 𝐓𝐄𝐍𝐓𝐀𝐓𝐈𝐎𝐍 ” 🍫",,,24,Entertainment,"Food,Lifestyle_(sociology)",PT58S,58,2d,hd,false,en,ar,https://i.ytimg.com/vi/ohlFCTnSgPQ/maxresdefault.jpg,1,,,,,142932,3564,,0,77
146,UCFqnvxz2f7J2cmTo_j0XMpA,"Mambah Fit",t8b7MqKHI78,2025-05-13T18:00:52Z,"2025-05-13 18:00:52","𝐖𝐇𝐀𝐓 𝐈 𝐄𝐀𝐓 𝐈𝐍 𝐀 𝐃𝐀𝐘 “𝐋𝐎𝐖 𝐂𝐀𝐋𝐎𝐑𝐈𝐄𝐒 & 𝐇𝐈𝐆𝐇 𝐏𝐑𝐎𝐓𝐄𝐈𝐍” 💪🏾","I missed these kind of videos! I kind of stopped these “What I eat in a day” videos because people tend to compare themselves to my calorie intake 😅 and that’s not at all the purpose of those videos. In the contrary, you should get some inspo for your next meals 🍽️ Remember that everyone is different 👊🏽 and everyone has different nutritional needs depending on their lifestyle 🙌🏽 Anyways, first time trying this chicken banger salad 🥗, and to be honest it was sooo tasty and filling 🤩, definitely a must try. Just to give you a general info, my day of eating was around 1800 kcals with over 140g of protein 😋 ⚡️ 𝐌𝐀𝐓𝐙𝐀𝐏𝐄𝐒𝐇 ⚡️ #healthy #lifestyle #arabic #recipe #food #protein #morocco #arabic #whatieat #whatieatinaday",,24,Entertainment,"Food,Lifestyle_(sociology)",PT51S,51,2d,hd,false,en,ar,https://i.ytimg.com/vi/t8b7MqKHI78/maxresdefault.jpg,1,,,,,386685,8844,,0,121
147,UCFqnvxz2f7J2cmTo_j0XMpA,"Mambah Fit",849GMxrgKds,2025-05-12T19:14:50Z,"2025-05-12 19:14:50","Life is short! Enjoy it 🙌🏽 #morocco #lifestyle #healthy #arabic",,,24,Entertainment,Lifestyle_(sociology),PT13S,13,2d,hd,false,en,ar,https://i.ytimg.com/vi/849GMxrgKds/maxresdefault.jpg,1,,,,,60448,,,0,12
148,UCFqnvxz2f7J2cmTo_j0XMpA,"Mambah Fit",BbjiFYTWlHg,2025-05-10T17:29:31Z,"2025-05-10 17:29:31","Full vlog online 🤩🏜️ #morocco #lifestyle #vlog #travel #travelvlog",,,24,Entertainment,Lifestyle_(sociology),PT31S,31,2d,hd,false,en,ar,https://i.ytimg.com/vi/BbjiFYTWlHg/maxresdefault.jpg,1,,,,,53333,1147,,0,9
149,UCFqnvxz2f7J2cmTo_j0XMpA,"Mambah Fit",n5i2h8obcKA,2025-05-10T17:01:03Z,"2025-05-10 17:01:03","I’M NOT READY 🤯 شنو جابني لأكادير","Welcome back to my channel La Mambah Fam 😇 I missed vlogging 🎥 and today I’m taking you with me in the BTS of an amazing project that we’re working on 🙄. We stayed in Taghazout 🌴 for a few days before heading to the desert 🏜️ of Morocco! I’ve involved myself in a Rally 🚙 for the first time and decided to document the whole adventure! I want to thank Afriquia who made this adventure possible and sponsored the entire concept 🙌🏽 Don’t forget to count how many Afriquia logos you'll see in the video for a chance to win a GIFT CARD from them 🤩 ⚡️𝐌𝐀𝐓𝐙𝐀𝐏𝐄𝐒𝐇⚡️ #vlog #morocco #lifestyle #travel 〰️ 𝐒𝐏𝐎𝐍𝐒𝐎𝐑 𝐎𝐅 𝐓𝐇𝐄 𝐕𝐈𝐃𝐄𝐎 ↳ Afriquia ➭ https://www.instagram.com/afriquia_officiel/ 〰️ 𝐅𝐈𝐍𝐃 𝐌𝐄 𝐎𝐍 𝐒𝐎𝐂𝐈𝐀𝐋 𝐌𝐄𝐃𝐈𝐀 ↳ Instagram ➭ https://www.instagram.com/mambahfit/ ↳ TikTok ➭ https://www.tiktok.com/@mambahfit ↳ Website ➭ https://www.mambahfit.com/ 〰️ 𝐌𝐔𝐒𝐈𝐂 𝐅𝐑𝐎𝐌 𝐄𝐏𝐈𝐃𝐄𝐌𝐈𝐂 𝐒𝐎𝐔𝐍𝐃 ↳ 7 day free trial ➭ https://share.epidemicsound.com/jjir8n","vlogger,darija,mambah,matzapesh,mamba,chteha,healthy,maghreb,morocco,maroc,vlog,vlogging,moroccan vloger,arabic,مغربية,مغربي,fun,community,taghazout,agadir,good vibes,summer,challenge",24,Entertainment,"Lifestyle_(sociology),Tourism",PT9M57S,597,2d,hd,false,en,ar,https://i.ytimg.com/vi/n5i2h8obcKA/maxresdefault.jpg,1,,,,,61027,1850,,0,632
150,UCFqnvxz2f7J2cmTo_j0XMpA,"Mambah Fit",Qy1_IC8nkUg,2025-05-09T18:00:22Z,"2025-05-09 18:00:22","Tferejtou fel video m3a Milfaya ? 🤩 #fun #game #morocco #humour",,,26,"Howto & Style","Entertainment,Humour",PT29S,29,2d,hd,false,hu,ar,https://i.ytimg.com/vi/Qy1_IC8nkUg/maxresdefault.jpg,1,,,,,74990,1293,,0,4
151,UCFqnvxz2f7J2cmTo_j0XMpA,"Mambah Fit",stfLZYztbJc,2025-05-08T18:01:00Z,"2025-05-08 18:01:00","𝐋𝐄𝐓’𝐒 𝐂𝐎𝐎𝐊 𝐓𝐎𝐆𝐄𝐓𝐇𝐄𝐑 “𝐒𝐇𝐀𝐊𝐒𝐇𝐔𝐊𝐀” 🍅 #healthy #cooking #food #breakfast",,,26,"Howto & Style","Food,Lifestyle_(sociology)",PT45S,45,2d,hd,false,en,ar,https://i.ytimg.com/vi/stfLZYztbJc/maxresdefault.jpg,1,,,,,263957,5257,,0,86
152,UCFqnvxz2f7J2cmTo_j0XMpA,"Mambah Fit",Ei5Ovxp5gTE,2025-05-03T18:00:12Z,"2025-05-03 18:00:12","𝐓𝐑𝐄𝐀𝐓 𝐘𝐎𝐔𝐑𝐒𝐄𝐋𝐅 𝐓𝐇𝐄 𝐒𝐌𝐀𝐑𝐓 𝐖𝐀𝐘 💪🏾 #healthy #lifestyle #food #fun #morocco","How many times have we been in that situation? 🤔 Lazy, hungry, and one step away from giving up on our goals… Just because “we don’t have time” ⌚️, “we’re tired” 😖, or “we don’t feel like cooking” 👨🏽‍🍳. But here’s the thing: instead of grabbing a random snack when the cravings hit, better to grab a nutritious one. And we finally have a protein bar that actually fits our lifestyle, @joyfuel.maroc just landed in Morocco 🇲🇦— available in most supermarkets 🛒 and gas stations ⛽️ It’s a new way of snacking: ✔️ 20g of protein ✔️ Less than 2g of sugar ✔️ 200% pleasure ✔️ 5 crazy delicious flavors What are you waiting for? GO GET YOURS!! ⚡️ 𝐌𝐀𝐓𝐙𝐀𝐏𝐄𝐒𝐇 ⚡️ #healthy #lifestyle #morocco #snack #snacking #proteinbar #Joyfuel #fuelgood",,26,"Howto & Style","Entertainment,Health",PT42S,42,2d,hd,false,en,ar,https://i.ytimg.com/vi/Ei5Ovxp5gTE/maxresdefault.jpg,1,,,,,6548571,88032,,0,334
153,UCFqnvxz2f7J2cmTo_j0XMpA,"Mambah Fit",ZYSYdmPhqBc,2025-05-01T18:00:35Z,"2025-05-01 18:00:35","𝐀 𝐃𝐀𝐘 𝐈𝐍 𝐌𝐘 𝐋𝐈𝐅𝐄 “𝐁𝐀𝐂𝐊 𝐎𝐍 𝐓𝐑𝐀𝐂𝐊” 🙌🏽 #healthy #lifestyle #morocco #minivlog",,,26,"Howto & Style","Lifestyle_(sociology),Physical_fitness",PT50S,50,2d,hd,false,en,ar,https://i.ytimg.com/vi/ZYSYdmPhqBc/maxresdefault.jpg,1,,,,,99732,2453,,0,39
154,UCFqnvxz2f7J2cmTo_j0XMpA,"Mambah Fit",o0wxW9lxUhI,2025-04-27T16:39:50Z,"2025-04-27 16:39:50","𝐎𝐔𝐓𝐒𝐈𝐃𝐄 𝐎𝐔𝐑 𝐇𝐎𝐌𝐄 𝐈𝐒 𝐀𝐋𝐒𝐎 𝐎𝐔𝐑 𝐑𝐄𝐒𝐏𝐎𝐍𝐒𝐀𝐁𝐈𝐋𝐈𝐓𝐘 #morocco #lifestyle",,,26,"Howto & Style",Entertainment,PT41S,41,2d,hd,false,en,ar,https://i.ytimg.com/vi/o0wxW9lxUhI/maxresdefault.jpg,1,,,,,199928,,,0,209
155,UCFqnvxz2f7J2cmTo_j0XMpA,"Mambah Fit",wnDatExEiHU,2025-04-27T13:01:40Z,"2025-04-27 13:01:40","TIQ OULA MA TOQCH EPISODE 1 w/ Milfaya 🕺🏽 #morocco #fun #arabic #lifestyle #game",,,26,"Howto & Style",Entertainment,PT33S,33,2d,hd,false,en,ar,https://i.ytimg.com/vi/wnDatExEiHU/maxresdefault.jpg,1,,,,,66068,970,,0,1
156,UCFqnvxz2f7J2cmTo_j0XMpA,"Mambah Fit",SaPTkjyQEdc,2025-04-27T13:00:44Z,"2025-04-27 13:00:44","TIQ OULA MA TIQCH 🥵 w/ @milfaya101","Welcome back to my channel La Mambah Fam 😇 Today we’re playing an exciting game based on trust and who’s the best liar 😏. For the first episode of TIQ OULA MA TIQCH, I have the pleasure to welcome @milfaya101 for an exciting episode 📺 Hope you’ll enjoy, and let me know in the comments who I should invite next 🙌🏽 Produced by 𝐈𝐦𝐩𝐚𝐜𝐭 𝐋𝐚𝐛 𝐀𝐠𝐞𝐧𝐜𝐲 ➭ https://www.instagram.com/impactlab_agency/ *this game was inspired by @Michou with a small Moroccan twist 🇲🇦 ⚡️𝐌𝐀𝐓𝐙𝐀𝐏𝐄𝐒𝐇⚡️ #game #morocco #arabic #casablanca #mambahfit #lifestyle #entertainment 〰️ 𝐅𝐈𝐍𝐃 𝐇𝐄𝐑 𝐎𝐍 𝐒𝐎𝐂𝐈𝐀𝐋 𝐌𝐄𝐃𝐈𝐀 ↳ Milfaya ➭ https://www.instagram.com/milfaya__/ 〰️ 𝐅𝐈𝐍𝐃 𝐌𝐄 𝐎𝐍 𝐒𝐎𝐂𝐈𝐀𝐋 𝐌𝐄𝐃𝐈𝐀 ↳ Instagram ➭ https://www.instagram.com/mambahfit/ ↳ TikTok ➭ https://www.tiktok.com/@mambahfit ↳ Website ➭ https://www.mambahfit.com/ 〰️ 𝐌𝐔𝐒𝐈𝐂 𝐅𝐑𝐎𝐌 𝐄𝐏𝐈𝐃𝐄𝐌𝐈𝐂 𝐒𝐎𝐔𝐍𝐃 ↳ 7 day free trial ➭ https://share.epidemicsound.com/jjir8n","mambahfit,mamba,milfaya,matzapesh,matzapish,tiq oula ma tiqch,games,morocco,maghreb,المغرب,arabic,darija,قوالب,entertainment,عربية,كذب,تبق ولا ماتيقش,confiance,maroc",24,Entertainment,Lifestyle_(sociology),PT32M13S,1933,2d,hd,false,en,ar,https://i.ytimg.com/vi/SaPTkjyQEdc/maxresdefault.jpg,1,,,,,556790,14867,,0,414
157,UCFqnvxz2f7J2cmTo_j0XMpA,"Mambah Fit",w1D5YUMvLbY,2025-04-12T14:08:59Z,"2025-04-12 14:08:59","MEAL PREP VIDEO IS OUT ⚡️👨🏽‍🍳 #lifestyle #food #morocco #arabic #cooking",,,26,"Howto & Style","Food,Lifestyle_(sociology)",PT22S,22,2d,hd,false,en,ar,https://i.ytimg.com/vi/w1D5YUMvLbY/maxresdefault.jpg,1,,,,,57861,1101,,0,16
158,UCFqnvxz2f7J2cmTo_j0XMpA,"Mambah Fit",8Rt1Ghr5MWc,2025-04-12T14:00:23Z,"2025-04-12 14:00:23","طيبوا معايا مكلة ديال Morocco 🇲🇦","Welcome back to my channel La Mambah Fam 😇 𝐆𝐞𝐭 𝐭𝐡𝐞 𝐞-𝐛𝐨𝐨𝐤 𝐰𝐢𝐭𝐡 𝟓𝟎% 𝐎𝐅𝐅 ➭ https://www.mambahfit.com/product-page/healthy-inside-out Today we’re back with another mean prep video 🤩 with some easy and tasty recipes 🥗 Here is everything you need to know: 👨🏽‍🍳 𝐑𝐄𝐂𝐈𝐏𝐄 𝟏 (𝐋𝐀𝐒𝐀𝐆𝐍𝐀) 508 kcals / 44,3g P 45,5g C 17,4g F (4 servings) - 600g fat free meat - 3 tomatoes - 150g sauce solis - Tomato paste - 150g Lasagna pasta - 150g Creme freche legere 4% - 500g carrots - 100g Emmental cheese 👨🏽‍🍳 𝐑𝐄𝐂𝐈𝐏𝐄 𝟐 (𝐓𝐔𝐍𝐀 𝐒𝐀𝐋𝐀𝐃𝐄) 546 kcals / 63,7g P 54,4g C 7g F (3 servings) - 600g tuna - 300g mais - Lettuce - 3 tomatoes - 2 cucumbers - 150g pasta - 3 perly nature 👨🏽‍🍳 𝐑𝐄𝐂𝐈𝐏𝐄 𝟑( 𝐏𝐑𝐎𝐓𝐄𝐈𝐍 𝐁𝐀𝐍𝐀𝐍𝐀 𝐁𝐑𝐄𝐀𝐃) 153 kcals / 11,2g P 20,4g C 3,3g F (8 servings) - 2 bananas - 2 eggs - 100g soya milk - Vanilla extract - 100g self raising flower - 70g protein powder - 30g chocolate cheeps - Pinch salt - Baking powder 👨🏽‍🍳 𝐑𝐄𝐂𝐈𝐏𝐄 𝟒 (𝐅𝐀𝐉𝐈𝐓𝐀𝐒) 263 calories / 41g P 8,8g C 4,8g F (4 servings) - 700 Chicken - 1 Red pepper - 1 Green pepper - 1 yellow pepper - 1 Red onion - 1/2 Fajita sauce (or fajita seasoning) - Add on: 4 fajita tortillas ⚡️𝐌𝐀𝐓𝐙𝐀𝐏𝐄𝐒𝐇⚡️ #food #morocco #arabic #casablanca #mambahfit #lifestyle #entertainment 〰️ 𝐅𝐈𝐍𝐃 𝐌𝐄 𝐎𝐍 𝐒𝐎𝐂𝐈𝐀𝐋 𝐌𝐄𝐃𝐈𝐀 ↳ Instagram ➭ https://www.instagram.com/mambahfit/ ↳ TikTok ➭ https://www.tiktok.com/@mambahfit ↳ Website ➭ https://www.mambahfit.com/ 〰️ 𝐌𝐔𝐒𝐈𝐂 𝐅𝐑𝐎𝐌 𝐄𝐏𝐈𝐃𝐄𝐌𝐈𝐂 𝐒𝐎𝐔𝐍𝐃 ↳ 7 day free trial ➭ https://share.epidemicsound.com/jjir8n","healthy,meal prep,food,cooking,morocco,arabic,maghreb,maroc,vlog,moroccan vlogger,lifestyle,eating,weight loss,loosing weight",26,"Howto & Style","Food,Lifestyle_(sociology)",PT14M39S,879,2d,hd,false,en,ar,https://i.ytimg.com/vi/8Rt1Ghr5MWc/maxresdefault.jpg,1,,,,,121138,4272,,0,218
159,UCFqnvxz2f7J2cmTo_j0XMpA,"Mambah Fit",r-DbKauprwU,2025-04-07T18:31:01Z,"2025-04-07 18:31:01","𝐅𝐈𝐕𝐄 𝐋𝐄𝐒𝐒𝐎𝐍𝐒 𝐈’𝐕𝐄 𝐋𝐄𝐀𝐑𝐍𝐄𝐃 - 𝐋𝐄𝐒𝐒𝐎𝐍 𝐍°𝟑 🙌🏽 #lifestyle #motivation",,,26,"Howto & Style",Lifestyle_(sociology),PT45S,45,2d,hd,false,en,ar,https://i.ytimg.com/vi/r-DbKauprwU/maxresdefault.jpg,1,,,,,58842,2141,,0,40
160,UCFqnvxz2f7J2cmTo_j0XMpA,"Mambah Fit",vWVXpi5LVyU,2025-03-26T17:24:30Z,"2025-03-26 17:24:30","𝐅𝐈𝐋𝐋𝐄𝐃 𝐁𝐀𝐓𝐁𝐎𝐔𝐓 🤩 #iftar #ramadan #morocco #arabic #fun","I’ve been wanting to try this recipe for a long time now! And actually, apart from filming 🎬it, it was super easy to do! To be even healthier, you can use whole wheat flour (which I didn’t 🫣) but let me tell you, it’s a banger 💣 𝐌𝐀𝐂𝐑𝐎𝐒 𝐏𝐄𝐑 𝐏𝐎𝐑𝐓𝐈𝐎𝐍: 𝟑𝟔𝟐 𝐤𝐜𝐚𝐥 / 𝟒𝟐,𝟔𝐠 𝐂 / 𝟐𝟕,𝟑𝐠 𝐏 / 𝟗,𝟔𝐠 𝐅 𝐈𝐍𝐆𝐑𝐄𝐃𝐈𝐄𝐍𝐓𝐒 𝐅𝐎𝐑 𝟔 𝐒𝐄𝐑𝐕𝐈𝐍𝐆𝐒 : - 300g lean minced meat (5% fat) - 4 eggs - 60g emmental cheese - 300g all purpose flour - 300g natural yogurt - Baking powder - Onion and garlic powder - Other seasoning of your choice Cook in the pan, medium heat for 5 minutes each side ⏱️ ⚡️ 𝐌𝐀𝐓𝐙𝐀𝐏𝐄𝐒𝐇 ⚡️ #healthy #lifestyle #arabic #recipe #ramadan #iftar #food #protein #morocco #arabic",,26,"Howto & Style","Food,Lifestyle_(sociology)",PT49S,49,2d,hd,false,en,ar,https://i.ytimg.com/vi/vWVXpi5LVyU/maxresdefault.jpg,1,,,,,237089,8723,,0,203
161,UCFqnvxz2f7J2cmTo_j0XMpA,"Mambah Fit",Q4b0AG6a_nw,2025-03-25T23:01:24Z,"2025-03-25 23:01:24","Full episode on YouTube 🔥🕺🏽 @MrAdilTaouil #iftar #ramadan #food #healthy #lifestyle",,,26,"Howto & Style","Food,Lifestyle_(sociology)",PT34S,34,2d,hd,false,en,ar,https://i.ytimg.com/vi/Q4b0AG6a_nw/maxresdefault.jpg,1,,,,,37072,961,,0,5
162,UCFqnvxz2f7J2cmTo_j0XMpA,"Mambah Fit",Xms17yfdFdY,2025-03-23T17:00:37Z,"2025-03-23 17:00:37","𝐘𝐎𝐔𝐑 𝐇𝐄𝐀𝐋𝐓𝐇𝐘 𝐑𝐎𝐔𝐓𝐈𝐍𝐄 𝐒𝐇𝐎𝐔𝐋𝐃 𝐒𝐓𝐀𝐑𝐓 𝐈𝐍 𝐁𝐄𝐃 🛌","You can’t even imagine the importance of the environment where you sleep 💤 . We tend to neglect sleep, especially during Ramadan ✨ Ramadan shouldn’t be an excuse to change our habits, on the contrary, we have to use this month to become better, mentally 🧠, physically 🏋🏼‍♂️ and spiritually. But everything starts from your bedroom 🛏️ and the environment you’re creating. #healthy #lifestyle #sleep #morocco #ramadan #routine",,26,"Howto & Style",Lifestyle_(sociology),PT53S,53,2d,hd,false,en,ar,https://i.ytimg.com/vi/Xms17yfdFdY/maxresdefault.jpg,1,,,,,130725,6294,,0,84
163,UCFqnvxz2f7J2cmTo_j0XMpA,"Mambah Fit",Db22Jm1-b1A,2025-03-22T19:35:54Z,"2025-03-22 19:35:54","Ftour m3a Saber 🇲🇦 #iftar #ramadan #healthy #lifestyle #food #arabic #morocco",,,26,"Howto & Style","Food,Lifestyle_(sociology)",PT31S,31,2d,hd,false,en,ar,https://i.ytimg.com/vi/Db22Jm1-b1A/maxresdefault.jpg,1,,,,,279476,8263,,0,111
164,UCFqnvxz2f7J2cmTo_j0XMpA,"Mambah Fit",NKnnPNr1t_M,2025-03-22T19:30:03Z,"2025-03-22 19:30:03","Iftar with @saberchawni. 🇲🇦 Dakchi dial Morocco","Welcome back to my channel La Mambah Fam 😇 Final episode of the season! We're already coming to the end of Ramadan soon and for this episode I'm welcoming @saberchawni. who has a lot to say 🙌🏽 Saber's Instagram ➭ www.instagram.com/saber_chawni/ Saber's YouTube ➭ www.youtube.com/@saberchawni. 𝐌𝐀𝐓𝐙𝐀𝐏𝐄𝐒𝐇 ⚡️ #ramadan #iftar #mambahfit #healthy #food #morocco 〰️ 𝐅𝐈𝐍𝐃 𝐌𝐄 𝐎𝐍 𝐒𝐎𝐂𝐈𝐀𝐋 𝐌𝐄𝐃𝐈𝐀 ↳ Instagram ➭ https://www.instagram.com/mambahfit/ ↳ Tiktok ➭ https://www.tiktok.com/@mambahfit ↳ Website ➭ https://www.mambahfit.com/ 〰️ 𝐌𝐔𝐒𝐈𝐂 𝐅𝐑𝐎𝐌 𝐄𝐏𝐈𝐃𝐄𝐌𝐈𝐂 𝐒𝐎𝐔𝐍𝐃 ↳ 7 day free trial ➭ https://share.epidemicsound.com/jjir8n","darija,mambah,matzapesh,mamba,healthy,maghreb,morocco,maroc,moroccan vloger,arabic,مغربية,مغربي,trivia,podcast,ramadan,food,cooking,saber chawni,iftar,ftour,harira,tajine",26,"Howto & Style","Food,Lifestyle_(sociology)",PT47M30S,2850,2d,hd,false,en,ar,https://i.ytimg.com/vi/NKnnPNr1t_M/maxresdefault.jpg,1,,,,,101524,3483,,0,265
165,UCFqnvxz2f7J2cmTo_j0XMpA,"Mambah Fit",48rPdYPgMX8,2025-03-17T20:03:11Z,"2025-03-17 20:03:11","𝐇𝐄𝐀𝐋𝐓𝐇𝐘 𝐀𝐏𝐏𝐋𝐄 𝐂𝐇𝐎𝐂𝐎𝐋𝐀𝐓𝐄 𝐂𝐀𝐊𝐄 🍫 #food #healthy #lifestyle #fun","Did you know that you can make a healthy and tasty chocolate cake 🍰 using only apples 🍏and melted chocolate 🍫 Well, the first time I tried it I was skeptical 😅, but noooow OMG! One of the easiest and healthiest chocolate cakes I’ve ever made! Credit to my mom ❤️, who made me try this 1 year ago and was too lazy to film this video back then 🤣 Give it a try, and let me know how you like it 🙌🏽 ⚡️ 𝐌𝐀𝐓𝐙𝐀𝐏𝐄𝐒𝐇 ⚡️ #healthy #lifestyle #morocco #ramadan #food #recipe #iftar #chocolate #cake",,26,"Howto & Style","Food,Lifestyle_(sociology)",PT47S,47,2d,hd,false,en,ar,https://i.ytimg.com/vi/48rPdYPgMX8/maxresdefault.jpg,1,,,,,1471778,41570,,0,178
166,UCFqnvxz2f7J2cmTo_j0XMpA,"Mambah Fit",SyoyUv6TMKM,2025-03-15T17:09:58Z,"2025-03-15 17:09:58","Ftour m3a Bahae 🤩 #morocco #iftar #ramadan #lifestyle #maroc #arabic",,,26,"Howto & Style","Food,Lifestyle_(sociology)",PT30S,30,2d,hd,false,fr,ar,https://i.ytimg.com/vi/SyoyUv6TMKM/maxresdefault.jpg,1,,,,,219032,8617,,0,41
167,UCFqnvxz2f7J2cmTo_j0XMpA,"Mambah Fit",o8NmWSELAgQ,2025-03-15T17:00:54Z,"2025-03-15 17:00:54","Iftar with@BahaeSanari 🇲🇦 فطور مغريبي","Welcome back to my channel La Mambah Fam 😇 Here we are with episode 3 of ""Ftour with Mambah"" and today is all about story telling with @BahaeSanari 🤩 Bahae's Instagram ➭ www.instagram.com/bahae.sanari/ Bahae's YouTube ➭ www.youtube.com/@UCos7BdGmJdRzXkIF6RJZ_TA 𝐌𝐀𝐓𝐙𝐀𝐏𝐄𝐒𝐇 ⚡️ #ramadan #iftar #mambahfit #bahae_sanari #healthy #food #morocco 〰️ 𝐅𝐈𝐍𝐃 𝐌𝐄 𝐎𝐍 𝐒𝐎𝐂𝐈𝐀𝐋 𝐌𝐄𝐃𝐈𝐀 ↳ Instagram ➭ https://www.instagram.com/mambahfit/ ↳ Tiktok ➭ https://www.tiktok.com/@mambahfit ↳ Website ➭ https://www.mambahfit.com/ 〰️ 𝐌𝐔𝐒𝐈𝐂 𝐅𝐑𝐎𝐌 𝐄𝐏𝐈𝐃𝐄𝐌𝐈𝐂 𝐒𝐎𝐔𝐍𝐃 ↳ 7 day free trial ➭ https://share.epidemicsound.com/jjir8n","darija,mambah,matzapesh,mamba,healthy,maghreb,morocco,maroc,moroccan vloger,arabic,مغربية,مغربي,trivia,podcast,ramadan,food,cooking,bahae sanari,story telling",26,"Howto & Style","Food,Lifestyle_(sociology)",PT1H15M30S,930,2d,hd,false,en,ar,https://i.ytimg.com/vi/o8NmWSELAgQ/maxresdefault.jpg,1,,,,,252302,7520,,0,398
168,UCFqnvxz2f7J2cmTo_j0XMpA,"Mambah Fit",JBzTlL3_G08,2025-03-13T17:42:44Z,"2025-03-13 17:42:44","𝐓𝐇𝐄 𝐁𝐀𝐍𝐀𝐍𝐀 𝐁𝐎𝐌𝐁 🍌 #food #morocco #arabic","I’ve been seeing 👀 this recipe all over my instagram and had to give it a try! First, I want to let you know that this recipe is not low in calories 🤣, but daaamn it’s good, and it’s a healthier alternative than chebakiya for example 😋 Give it a try and let me know how you like it 🙌🏽 ⚡️ 𝐌𝐀𝐓𝐙𝐀𝐏𝐄𝐒𝐇 ⚡️ #healthy #lifestyle #morocco #ramadan #food #recipe #iftar",,26,"Howto & Style","Food,Lifestyle_(sociology)",PT50S,50,2d,hd,false,en,ar,https://i.ytimg.com/vi/JBzTlL3_G08/maxresdefault.jpg,1,,,,,691324,27252,,0,335
169,UCFqnvxz2f7J2cmTo_j0XMpA,"Mambah Fit",XykyuHHHBzs,2025-03-13T16:08:55Z,"2025-03-13 16:08:55","NEW EPISODE DIAL FTOUR M3A MAMBAH ✨ #food #iftar #morocco #healthyfood",,,26,"Howto & Style","Food,Lifestyle_(sociology)",PT35S,35,2d,hd,false,en,ar,https://i.ytimg.com/vi/XykyuHHHBzs/maxresdefault.jpg,1,,,,,124930,4074,,0,50
170,UCFqnvxz2f7J2cmTo_j0XMpA,"Mambah Fit",HWdW_SsfCAo,2025-03-11T18:13:24Z,"2025-03-11 18:13:24","Machakil zawjiya 🤣 ki jitkoum? Moumatil oula la 😏 #fun #funny #lifestyle #iftar #ramadan",,,26,"Howto & Style","Entertainment,Film",PT1M5S,65,2d,hd,false,en,ar,https://i.ytimg.com/vi/HWdW_SsfCAo/maxresdefault.jpg,1,,,,,2489470,60417,,0,411
171,UCFqnvxz2f7J2cmTo_j0XMpA,"Mambah Fit",EtuAiy1F-cI,2025-03-11T18:00:18Z,"2025-03-11 18:00:18","Iftar with @LoubnaJaouhari ✨ شكون هي","Welcome back to my channel La Mambah Fam 😇 Today's guest for ""Ftour m3a Mambah"" is someone you already know and with whom I filmed many short form videos 🚀 @LoubnaJaouhari Loubna's Instagram ➭ www.instagram.com/loubnaeljr/ Loubna's YouTube ➭ www.youtube.com/@UCxtg3GpDXSPoE33haniiTlQ 𝐌𝐀𝐓𝐙𝐀𝐏𝐄𝐒𝐇 ⚡️ #ramadan #iftar #mambahfit #healthy #food 〰️ 𝐅𝐈𝐍𝐃 𝐌𝐄 𝐎𝐍 𝐒𝐎𝐂𝐈𝐀𝐋 𝐌𝐄𝐃𝐈𝐀 ↳ Instagram ➭ https://www.instagram.com/mambahfit/ ↳ Tiktok ➭ https://www.tiktok.com/@mambahfit ↳ Website ➭ https://www.mambahfit.com/","darija,mambah,matzapesh,mamba,healthy,maghreb,morocco,maroc,moroccan vloger,arabic,مغربية,مغربي,trivia,podcast,ramadan,food,cooking,loubna jaouhari",26,"Howto & Style","Food,Lifestyle_(sociology)",PT41M22S,2482,2d,hd,false,en,ar,https://i.ytimg.com/vi/EtuAiy1F-cI/maxresdefault.jpg,1,,,,,197446,4384,,0,318
172,UCFqnvxz2f7J2cmTo_j0XMpA,"Mambah Fit",52Sypc_D2QI,2025-03-10T20:29:02Z,"2025-03-10 20:29:02","𝐇𝐎𝐖 𝐈𝐒 𝐑𝐀𝐌𝐀𝐃𝐀𝐍 𝐆𝐎𝐈𝐍𝐆? 😅 #arabic #food #ramadan","Before ramadan, we all set ourselves crazy fitness goals 🎯, buuuut after breaking the fast, mmm everything changes 🤣 It’s easy to fall in the trap of “I’ll just do it later” rather than sticking to what you said 🗣️ to yourself at the beginning. That’s why, to be able to stick to a certain goal, it’s important to make it measurable 📏 and attainable. Instead of wanting to go ALL IN right at the beginning, start small, and build from there 🙌🏽 ⚡️ 𝐌𝐀𝐓𝐙𝐀𝐏𝐄𝐒𝐇 ⚡️ #healthy #lifestyle #morocco #ramadan #tips #weightloss",,26,"Howto & Style",Entertainment,PT42S,42,2d,hd,false,en,ar,https://i.ytimg.com/vi/52Sypc_D2QI/maxresdefault.jpg,1,,,,,113017,5383,,0,59
173,UCFqnvxz2f7J2cmTo_j0XMpA,"Mambah Fit",y467FFrJTlI,2025-03-09T19:30:07Z,"2025-03-09 19:30:07","Men li sahbek ka y tsala lik flous 🤣 #fun #funny #morocco #arabic #money",,,26,"Howto & Style","Entertainment,Film",PT1M1S,61,2d,hd,false,en,ar,https://i.ytimg.com/vi/y467FFrJTlI/maxresdefault.jpg,1,,,,,146007,6125,,0,143
174,UCFqnvxz2f7J2cmTo_j0XMpA,"Mambah Fit",cDKheqdXmGs,2025-03-07T19:41:51Z,"2025-03-07 19:41:51","𝐋𝐄𝐓’𝐒 𝐏𝐑𝐄𝐏𝐀𝐑𝐄 𝐅𝐓𝐎𝐔𝐑 𝐓𝐎𝐆𝐄𝐓𝐇𝐄𝐑 𝐄𝐏𝟐 #iftar #ramadan #healthy #food #morocco","It’s super easy to binge eat during ramadan after your first meal 😅, that’s why, I always prioritize high protein meals with low calorie combinations such as eggplant 🍆 and carrots 🥕. This allows me to have a healthy high volume meal for my Iftar ✨ and feel full and good afterwards, always leaving some space for dessert 😋 Just to let you know, I finished the full plate 🙃 which means it was gooood! What did you have for Iftar today? ⚡️ 𝐌𝐀𝐓𝐙𝐀𝐏𝐄𝐒𝐇 ⚡️ #healthy #lifestyle #morocco #ramadan #food #ftour #recipe",,26,"Howto & Style","Food,Lifestyle_(sociology)",PT49S,49,2d,hd,false,en,ar,https://i.ytimg.com/vi/cDKheqdXmGs/maxresdefault.jpg,1,,,,,288647,12231,,0,113
175,UCFqnvxz2f7J2cmTo_j0XMpA,"Mambah Fit",nrGgtyfhHW0,2025-03-05T18:06:08Z,"2025-03-05 18:06:08","FTOUR M3A MAMBAH EP1 🤩 #ramadan #ftour #iftar #food #morocco",,,26,"Howto & Style","Food,Lifestyle_(sociology)",PT42S,42,2d,hd,false,fr,ar,https://i.ytimg.com/vi/nrGgtyfhHW0/maxresdefault.jpg,1,,,,,91449,3455,,0,16
176,UCFqnvxz2f7J2cmTo_j0XMpA,"Mambah Fit",F0p3_Qs-41k,2025-03-05T18:00:19Z,"2025-03-05 18:00:19","Iftar with @MrAdilTaouil 🇲🇦 فطور مغريبي","Welcome back to my channel La Mambah Fam 😇 We're coming back with Season 2 of ""Ftour m3a Mambah"" and there is no better way to start this season than with @MrAdilTaouil Adil's Instagram ➭ www.instagram.com/adiltaouil/ Adil’s YouTube ➭ www.youtube.com/@UCuvhvj28Vx9-eqDS0mScLhA 𝐌𝐀𝐓𝐙𝐀𝐏𝐄𝐒𝐇 ⚡️ #ramadan #iftar #mambahfit #healthy #food 〰️ 𝐅𝐈𝐍𝐃 𝐌𝐄 𝐎𝐍 𝐒𝐎𝐂𝐈𝐀𝐋 𝐌𝐄𝐃𝐈𝐀 ↳ Instagram ➭ https://www.instagram.com/mambahfit/ ↳ Tiktok ➭ https://www.tiktok.com/@mambahfit ↳ Website ➭ https://www.mambahfit.com/ 〰️ 𝐌𝐔𝐒𝐈𝐂 𝐅𝐑𝐎𝐌 𝐄𝐏𝐈𝐃𝐄𝐌𝐈𝐂 𝐒𝐎𝐔𝐍𝐃 ↳ 7 day free trial ➭ https://share.epidemicsound.com/jjir8n","darija,mambah,matzapesh,mamba,healthy,maghreb,morocco,maroc,moroccan vloger,arabic,مغربية,مغربي,trivia,podcast,adil taouil,ramadan,food,cooking",26,"Howto & Style","Food,Lifestyle_(sociology)",PT1H11M37S,697,2d,hd,false,en,ar,https://i.ytimg.com/vi/F0p3_Qs-41k/maxresdefault.jpg,1,,,,,243440,7919,,0,379
177,UCFqnvxz2f7J2cmTo_j0XMpA,"Mambah Fit",Hx_nqheYJIg,2025-03-04T20:32:55Z,"2025-03-04 20:32:55","𝐋𝐄𝐓’𝐒 𝐏𝐑𝐄𝐏𝐀𝐑𝐄 𝐅𝐓𝐎𝐔𝐑 𝐓𝐎𝐆𝐄𝐓𝐇𝐄𝐑 ✨ #ramadan #healthy #food","For me Kefta Tajine stays one of my favorite tajines ever 🤩. What about you? What’s your favorite tajine? During ramadan, I always prioritize high protein and high fiber nutrition 🥦 to avoid binge eating after dinner, and most importantly, to avoid sugar cravings 🍩 One of my techniques to stay on track is to prepare my favorite food in a “healthier” way + a nice little dessert to satisfy my cravings 👊🏽 How’s ramadan going for you? ⚡️ 𝐌𝐀𝐓𝐙𝐀𝐏𝐄𝐒𝐇 ⚡️ #healthy #lifestyle #morocco #ramadan #food #ftour #recipe",,24,Entertainment,"Food,Lifestyle_(sociology)",PT56S,56,2d,hd,false,en,ar,https://i.ytimg.com/vi/Hx_nqheYJIg/maxresdefault.jpg,1,,,,,1102948,43838,,0,419
178,UCFqnvxz2f7J2cmTo_j0XMpA,"Mambah Fit",65ZH0pHvt2A,2025-03-03T18:05:54Z,"2025-03-03 18:05:54","MAHKAMA 👨‍⚖ شكون المتهم؟ #game #fun #morocco #maroc #funny #funnyvideo",,,24,Entertainment,"Entertainment,Film",PT38S,38,2d,hd,false,ar,ar,https://i.ytimg.com/vi/65ZH0pHvt2A/maxresdefault.jpg,1,,,,,43039,1620,,0,14
179,UCFqnvxz2f7J2cmTo_j0XMpA,"Mambah Fit",z1yIMftvcQI,2025-03-02T12:01:26Z,"2025-03-02 12:01:26","MAHKAMA 👨‍⚖ شكون المتهم؟ (ft Simo Sedraty & Sarah Perles)","Welcome back to my channel La Mambah Fam 😇 Today we’re playing a new game called “MAHKAMA”. 3 creators, 1 courtroom, and a whole lot of fun! ⚖️😂 One of us is the judge, the other two are accused of a crime—but who’s actually guilty? 🤔 With 6 rounds and a new judge each time, will the guilty one escape justice, or will the judge see through the lies? 👀 Let me know who’s the best lier in the comments 👇😂 Big thanks to Sarah Perles & @SimoSedraty for playing and making this video epic 🕺🏽 ⚠️ Disclaimer: This video is for entertainment purposes only! We respect all professions and this is just for fun. Produced by 𝐈𝐦𝐩𝐚𝐜𝐭 𝐋𝐚𝐛 𝐀𝐠𝐞𝐧𝐜𝐲 ➭ https://www.instagram.com/impactlab_agency/ ⚡️𝐌𝐀𝐓𝐙𝐀𝐏𝐄𝐒𝐇⚡️ #mambahfit #game #morocco #arabic #casablanca #lifestyle #entertainment #trivia 〰️ 𝐅𝐈𝐍𝐃 𝐓𝐇𝐄𝐌 𝐎𝐍 𝐒𝐎𝐂𝐈𝐀𝐋 𝐌𝐄𝐃𝐈𝐀 ↳ Simo Sedraty ➭ https://www.instagram.com/simosedraty/ ↳ Sarah Perles ➭ https://www.instagram.com/sarahperles/ 〰️ 𝐅𝐈𝐍𝐃 𝐌𝐄 𝐎𝐍 𝐒𝐎𝐂𝐈𝐀𝐋 𝐌𝐄𝐃𝐈𝐀 ↳ Instagram ➭ https://www.instagram.com/mambahfit/ ↳ TikTok ➭ https://www.tiktok.com/@mambahfit ↳ Website ➭ https://www.mambahfit.com/ 〰️ 𝐌𝐔𝐒𝐈𝐂 𝐅𝐑𝐎𝐌 𝐄𝐏𝐈𝐃𝐄𝐌𝐈𝐂 𝐒𝐎𝐔𝐍𝐃 ↳ 7 day free trial ➭ https://share.epidemicsound.com/jjir8n","vlogger,darija,mambah,matzapesh,mamba,chteha,healthy,maghreb,morocco,maroc,vlog,vlogging,moroccan vloger,arabic,مغربية,مغربي,games,funny,fun,simo sedraty,sarah perles,mahkama,MAHKAMA 👨‍⚖ شكون المتهم؟,trivia",24,Entertainment,"Entertainment,Film",PT58M50S,3530,2d,hd,false,en,ar,https://i.ytimg.com/vi/z1yIMftvcQI/maxresdefault.jpg,1,,,,,694634,18494,,0,679
180,UCFqnvxz2f7J2cmTo_j0XMpA,"Mambah Fit",gFm96O2phqg,2025-02-27T19:30:09Z,"2025-02-27 19:30:09","𝐀𝐑𝐄 𝐘𝐎𝐔 𝐑𝐄𝐀𝐃𝐘 𝐅𝐎𝐑 𝐑𝐀𝐌𝐀𝐃𝐀𝐍? 😏 #arabic #fun #lifestyle","We all have big goals during ramadan, especially when it comes to going back to a healthy routine kind of 😅 I know it’s hard to resist sugar 🍫 cravings, overeating 🍽️ and training regularly, even tho you specifically told yourself that this year, is the one 🤣 Let me give you a small tip, DON’T OVERTHINK IT. Things start to go wrong when you think too much 🧠 Make a plan, break it down into achievable steps, and just follow your plan 🗺️. And one more advice, don’t set your goal too high, keep it simple 🙌🏽 ⚡️ 𝐌𝐀𝐓𝐙𝐀𝐏𝐄𝐒𝐇 ⚡️ #healthy #lifestyle #morocco #ramadan #tips #weightloss",,24,Entertainment,"Health,Lifestyle_(sociology)",PT44S,44,2d,hd,false,en,ar,https://i.ytimg.com/vi/gFm96O2phqg/maxresdefault.jpg,1,,,,,80767,4050,,0,49
181,UCFqnvxz2f7J2cmTo_j0XMpA,"Mambah Fit",q1Qh8bh3bKM,2025-02-26T19:00:41Z,"2025-02-26 19:00:41","𝐀 𝐃𝐀𝐘 𝐈𝐍 𝐌𝐘 𝐋𝐈𝐅𝐄 “𝐅𝐈𝐋𝐌𝐈𝐍𝐆 𝐒𝐎𝐌𝐄𝐓𝐇𝐈𝐍𝐆 𝐄𝐗𝐂𝐈𝐓𝐈𝐍𝐆 #vlog #adayinmylife","It’s been a while since I’ve done one of these mini vlogs 😅 and to be honest it feels good to be back at it 🕺🏽 Today was a big day, because my team and I filmed a fun concept that will be posted very soon 🙌🏽 Can’t wait for you to watch it and read your feedback! 𝐀𝐋 𝐌𝐀𝐇𝐊𝐀𝐌𝐀 « 𝟎𝟏/𝟎𝟑/𝟐𝟎𝟐𝟓 » ⚡️ 𝐌𝐀𝐓𝐙𝐀𝐏𝐄𝐒𝐇 ⚡️ #healthy #lifestyle #morocco #adayinlife #minivlog",,24,Entertainment,Lifestyle_(sociology),PT50S,50,2d,hd,false,en,ar,https://i.ytimg.com/vi/q1Qh8bh3bKM/maxresdefault.jpg,1,,,,,77595,3657,,0,38
182,UCFqnvxz2f7J2cmTo_j0XMpA,"Mambah Fit",ww3OKmcsCmI,2025-02-25T19:00:47Z,"2025-02-25 19:00:47","𝐖𝐇𝐎 𝐂𝐀𝐍 𝐑𝐄𝐋𝐀𝐓𝐄 𝐓𝐎 𝐓𝐇𝐈𝐒? 🤣 #fun #funny #ramadan #healthy #food","Ok, so Ramadan is coming ✨ and a lot of us are taking advantage of it to “try” to lose weight 😅, but every time it’s the same… After 1 week or even 2 days in, we give up. Why is that? Well, the main reason is because we’re jumping into a goal 🎯 without a plan, thinking that it will work. My simple advice here, if you have a goal, write it down ✏, break it into actionable steps 👣 with smaller goals, so that you can have a roadmap 🗺️ to follow. I can guarantee you, it’s easier that way. What’s your goal this Ramadan? 🙌🏽 ⚡️ 𝐌𝐀𝐓𝐙𝐀𝐏𝐄𝐒𝐇 ⚡️ #healthy #lifestyle #morocco #ramadan #goals #discipline #weightloss #maroc",,24,Entertainment,"Entertainment,Health",PT37S,37,2d,hd,false,en,ar,https://i.ytimg.com/vi/ww3OKmcsCmI/maxresdefault.jpg,1,,,,,128425,5632,,0,84
183,UCFqnvxz2f7J2cmTo_j0XMpA,"Mambah Fit",_gfGKCrVI7E,2025-02-22T18:00:24Z,"2025-02-22 18:00:24","𝐅𝐈𝐕𝐄 𝐋𝐄𝐒𝐒𝐎𝐍𝐒 𝐈’𝐕𝐄 𝐋𝐄𝐀𝐑𝐍𝐄𝐃 - 𝐋𝐄𝐒𝐒𝐎𝐍 𝐍°𝟐 💰 #business #goals #motivation","Even tho I’m only 27 years old, here is the second thing I’ve learned that make my days more enjoyable 🙌🏽 Money shouldn’t be the ultimate goal 🎯 (yes, easy to say, but hard to imagine). When you focus only on money 🤑, you forget about your real purpose in life, which is doing what you love “kind of every day”. Before thinking about money, start learning a skill that you could offer as a service later. This only requires your time and an internet connection to learn. You’ll start working for free (2-3 times) to get credibility and testimonials, and slowly build up your portfolio 📖 to start asking for money and perfect your skills. Remember, when you want to offer something, YOU HAVE TO BE THE BEST AT IT! ⚡️ 𝐌𝐀𝐓𝐙𝐀𝐏𝐄𝐒𝐇 ⚡️ #healthy #lifestyle #arabic #discipline #motivation #health",,24,Entertainment,Lifestyle_(sociology),PT41S,41,2d,hd,false,en,ar,https://i.ytimg.com/vi/_gfGKCrVI7E/maxresdefault.jpg,1,,,,,99359,4613,,0,86
184,UCFqnvxz2f7J2cmTo_j0XMpA,"Mambah Fit",AAu0B33yUb4,2025-02-20T18:30:08Z,"2025-02-20 18:30:08","Monsieur li tay fhem f kolchi 😂 #lifestyle #fun #funny #business #morocco #maroc",,,24,Entertainment,Entertainment,PT48S,48,2d,hd,false,fr,ar,https://i.ytimg.com/vi/AAu0B33yUb4/maxresdefault.jpg,1,,,,,333337,12817,,0,108
185,UCFqnvxz2f7J2cmTo_j0XMpA,"Mambah Fit",-HxQe7Sc9KQ,2025-02-15T18:34:06Z,"2025-02-15 18:34:06","GO WATCH THE FULL VIDEO 🎁 #moroccan #fun #funny #lifestyle #question",,,24,Entertainment,Entertainment,PT30S,30,2d,hd,false,en,ar,https://i.ytimg.com/vi/-HxQe7Sc9KQ/maxresdefault.jpg,1,,,,,65730,3237,,0,34
186,UCFqnvxz2f7J2cmTo_j0XMpA,"Mambah Fit",6r6JO_w6ApA,2025-02-15T18:28:50Z,"2025-02-15 18:28:50","REBHA OULA SFENJA 🎁 تحدي جاوب على الاسئلة و ربح جوائز","Welcome back to my channel La Mambah Fam 😇 Today I’m trying something new 🙌🏽. We went out on the streets of Casablanca to ask some questions and gift some presents 🎁 6 gits to offer and one big winner 🏆 that will live an amazing experience ✈️. This year is all about gibing back to the community, soooo ⚡️𝐌𝐀𝐓𝐙𝐀𝐏𝐄𝐒𝐇⚡️ Thanks to 𝐅𝐥𝐲 𝐒𝐤𝐲 𝐌𝐨𝐫𝐨𝐜𝐜𝐨 for the amazing experience: https://www.instagram.com/flyskymorocco_/ 〰️ 𝐅𝐈𝐍𝐃 𝐌𝐄 𝐎𝐍 𝐒𝐎𝐂𝐈𝐀𝐋 𝐌𝐄𝐃𝐈𝐀 ↳ Instagram ➭ https://www.instagram.com/mambahfit/ ↳ TikTok ➭ https://www.tiktok.com/@mambahfit ↳ Website ➭ https://www.mambahfit.com/ 〰️ 𝐌𝐔𝐒𝐈𝐂 𝐅𝐑𝐎𝐌 𝐄𝐏𝐈𝐃𝐄𝐌𝐈𝐂 𝐒𝐎𝐔𝐍𝐃 ↳ 7 day free trial ➭ https://share.epidemicsound.com/jjir8n ______________________________________________ OTHER VIDEOS: 🎬 VAN LIFE IN MOROCCO 🇲🇦 أحسن لحظات الويكاند مع الصحاب || https://www.youtube.com/watch?v=hxsLRJCAYsQ&t=1s&ab_channel=MambahFit 🎬A DAY IN MOROCCO 😱 مايمكنش واش هذا هو المغرب؟ || https://youtu.be/WgeKmxW7Kps 🎬CACHE CACHE GÉANT 😱 🇲🇦 أكبر كاش كاش في المغرب || https://youtu.be/66lZM36tQM4 🎬Iftar with @SimoSedraty 🌮 ضحك ونشاط || https://youtu.be/UjPX4qF1c5s 🎬NORTH OF MOROCCO 🇲🇦 فشمال F' lvan ها علاش مقدرتش نبات || https://youtu.be/9m0mRX6apz8 ___________________________________________________ #maroc #arabic #casablanca #entertainment #lifestyle #flying #entertainment #morocco #Aventure #Viral #funny #mambahfit","vlogger,darija,mambah,matzapesh,mamba,chteha,marrakech morocco,healthy,maghreb,morocco,maroc,vlog,vlogging,moroccan vloger,arabic,مغربية,مغربي,games,funny,fun,rebha,REBHA OULA SFENJA 🎁 تحدي جاوب على الاسئلة و ربح جوائز,casablanca,community",24,Entertainment,Lifestyle_(sociology),PT23M43S,1423,2d,hd,false,ar,ar,https://i.ytimg.com/vi/6r6JO_w6ApA/maxresdefault.jpg,1,,,,,190330,7324,,0,606
187,UCFqnvxz2f7J2cmTo_j0XMpA,"Mambah Fit",0o18c4tjVew,2025-02-14T18:00:02Z,"2025-02-14 18:00:02","𝐇𝐄𝐀𝐋𝐓𝐇𝐘 𝐂𝐇𝐈𝐂𝐊𝐄𝐍 𝐂𝐀𝐋𝐙𝐎𝐍𝐄 𝐰𝐢𝐭𝐡𝐨𝐮𝐭 𝐛𝐫𝐞𝐚𝐝 #healthy #lifestyle #recipe","Ok this one was not expected at all, but it tuned out amazing 🤩 and super easy to make. Closing my chicken 🍗 calzone was a bit tricky tho, so take it slow 🙌🏽 𝐌𝐀𝐂𝐑𝐎𝐒 𝐏𝐄𝐑 𝐏𝐎𝐑𝐓𝐈𝐎𝐍: 𝟓𝟓𝟎 𝐤𝐜𝐚𝐥 / 𝟐𝟖,𝟏𝐠 𝐂 / 𝟕𝟒𝐠 𝐏 / 𝟏𝟒,𝟒𝐠 𝐅 𝐈𝐍𝐆𝐑𝐄𝐃𝐈𝐄𝐍𝐓𝐒 𝐅𝐎𝐑 𝟏 𝐒𝐄𝐑𝐕𝐈𝐍𝐆 : - 250g chicken breast - 50g mozzarella - 25g spinach - 30g tomato - 30g panko - Seasoning of your choice Air fry or put in the oven at 180° for 15 minutes ⏱️ I hope you’ll enjoy this high protein recipe 😋 ⚡️ 𝐌𝐀𝐓𝐙𝐀𝐏𝐄𝐒𝐇 ⚡️ #healthy #lifestyle #arabic #recipe #chicken #food #protein #highprotein",,24,Entertainment,"Food,Lifestyle_(sociology)",PT45S,45,2d,hd,false,en,ar,https://i.ytimg.com/vi/0o18c4tjVew/maxresdefault.jpg,1,,,,,961627,36597,,0,204
188,UCFqnvxz2f7J2cmTo_j0XMpA,"Mambah Fit",nsslGpOoZW8,2025-02-13T18:30:43Z,"2025-02-13 18:30:43","𝐀𝐑𝐄 𝐘𝐎𝐔 𝐒𝐓𝐈𝐋𝐋 𝐖𝐀𝐈𝐓𝐈𝐍𝐆 𝐅𝐎𝐑 𝐒𝐔𝐂𝐂𝐄𝐒𝐒? 🤨 #moroccan #discipline #motivation","I wish for my whole community to achieve their dreams 🎯, no matter how big or small they are 🙌🏽 But wishing won’t make it happen 😖. What will make your dreams come true is working for them every single day, no excuses 👊🏽, no postponing, no doubts. One of my dreams was to build a big community 👥, and look at us now, after 5 years working for it, we’re over 2.5M across all platforms 📱 I know it’s easy to say and harder to achieve, but step by step 👣 you’ll achieve great things. What are your goals? 😋 ⚡️ 𝐌𝐀𝐓𝐙𝐀𝐏𝐄𝐒𝐇 ⚡️ #healthy #lifestyle #morocco #motivation #discipline #goals #arabic #maroc",,24,Entertainment,"Health,Lifestyle_(sociology)",PT28S,28,2d,hd,false,en,ar,https://i.ytimg.com/vi/nsslGpOoZW8/maxresdefault.jpg,1,,,,,41301,3299,,0,96
189,UCFqnvxz2f7J2cmTo_j0XMpA,"Mambah Fit",qWRqUgC8pDo,2025-02-06T18:30:45Z,"2025-02-06 18:30:45","𝐅𝐈𝐍𝐀𝐋𝐋𝐘 𝐑𝐄𝐍𝐎𝐕𝐀𝐓𝐄𝐃 𝐌𝐘 𝐎𝐅𝐅𝐈𝐂𝐄 𝐒𝐏𝐀𝐂𝐄 🔨 #renovation #lifestyle #home #fun","After 3 years living in my appartement 🏢 and using my second room as a “hybrid” room with no real purpose 😅 I finally decided to change it. The perfect combination was a closet 👔 / office space where I can leave my stuff organized and still have my creative space to work 💻 I want to thank Interlux for making this possible and bringing life to my second room 🙌🏽. What do you think about it? 🥹 ⚡️ 𝐌𝐀𝐓𝐙𝐀𝐏𝐄𝐒𝐇 ⚡️ #healthy #lifestyle #morocco #renovation #clauset #transformation #homedecor",,24,Entertainment,"Fashion,Hobby,Lifestyle_(sociology)",PT53S,53,2d,hd,false,en,ar,https://i.ytimg.com/vi/qWRqUgC8pDo/maxresdefault.jpg,1,,,,,106597,4259,,0,77
190,UCFqnvxz2f7J2cmTo_j0XMpA,"Mambah Fit",e69-LxmVdro,2025-02-03T18:30:30Z,"2025-02-03 18:30:30","𝐋𝐎𝐖 𝐊𝐂𝐀𝐋 𝐂𝐇𝐈𝐂𝐊𝐄𝐍 𝐌𝐀𝐂 & 𝐂𝐇𝐄𝐄𝐒𝐄 🧀 #healthy #recipe #food #cooking #morocco","It’s all about making your favorite comfort food in a healthier way 🤩 It was my first time trying this one, and to be honest 🙌🏽, one of my favorites because it’s easy, quick and tasty 😋 𝐌𝐀𝐂𝐑𝐎𝐒 𝐏𝐄𝐑 𝐏𝐎𝐑𝐓𝐈𝐎𝐍: 𝟔𝟕𝟔 𝐤𝐜𝐚𝐥 / 𝟔𝟗,𝟖𝐠 𝐂 / 𝟔𝟎,𝟔𝐠 𝐏 / 𝟏𝟐,𝟕𝐠 𝐅 𝐈𝐍𝐆𝐑𝐄𝐃𝐈𝐄𝐍𝐓𝐒 𝐅𝐎𝐑 𝟐 𝐒𝐄𝐑𝐕𝐈𝐍𝐆𝐒 : - 180G Pasta of your choice - 400g Chicken breast - 100ml Fat Free Milk - 40g Jben - 60g Cheddar cheese - Paprika seasoning - Onion and garlic seasoning - Salt and pepper Try it and send me a picture 📸 ⚡️ 𝐌𝐀𝐓𝐙𝐀𝐏𝐄𝐒𝐇 ⚡️ #healthy #lifestyle #arabic #recipe #macandcheese #mac&cheese #chicken #food",,24,Entertainment,"Food,Lifestyle_(sociology)",PT56S,56,2d,hd,false,en,ar,https://i.ytimg.com/vi/e69-LxmVdro/maxresdefault.jpg,1,,,,,74055,4240,,0,39
191,UCFqnvxz2f7J2cmTo_j0XMpA,"Mambah Fit",65w4MI-cO0w,2025-02-01T19:00:03Z,"2025-02-01 19:00:03","𝐈𝐓’𝐒 𝐀𝐋𝐋 𝐀𝐁𝐎𝐔𝐓 𝐏𝐄𝐑𝐒𝐏𝐄𝐂𝐓𝐈𝐕𝐄 𝐀𝐍𝐃 𝐂𝐎𝐍𝐓𝐄𝐗𝐓 🤣 #fun #funny #reaction","It’s not like I’m not used to memes by now, but every time there is a new one it makes my day 🤣. You guys are gold! When I first started speaking 🗣️ Arabic on my social media 📱I made a loot of mistakes, which is normal and actually good, because that’s how you learn. Thanks to all of you, I’ve learned Darija like I would have never done if I wasn’t on social media 😅, soooo keep on correcting me, because that’s how I become better 🙌🏽 Buuuut, don’t forget, take it easy 🤓 ⚡️ 𝐌𝐀𝐓𝐙𝐀𝐏𝐄𝐒𝐇 ⚡️ #lifestyle #healthy #morocco #darija #arabic #fun #reaction",,24,Entertainment,Entertainment,PT39S,39,2d,hd,false,en,ar,https://i.ytimg.com/vi/65w4MI-cO0w/maxresdefault.jpg,1,,,,,68194,3805,,0,101
192,UCFqnvxz2f7J2cmTo_j0XMpA,"Mambah Fit",y3fc1Z2Gwo8,2025-01-30T19:00:48Z,"2025-01-30 19:00:48","𝐈𝐓’𝐒 𝐓𝐈𝐌𝐄 𝐓𝐎 𝐈𝐍𝐓𝐑𝐎𝐃𝐔𝐂𝐄 𝐌𝐘𝐒𝐄𝐋𝐅 𝐀𝐆𝐀𝐈𝐍 👦🏽 #maroc #about #matzapesh","Hi there 👋🏽, I’m Yassine, also known as Mambah oooor Matzapesh. I’ve been here for a while now, and figured it was a good time to reintroduce myself since the community grew a lot this past year 🚀. I’ve been on social media 📱for 5 years now, and would have never imagined it to be my job. I first started my life trying out many things, such as e-commerce 💻 , waiter 🤵🏽‍♂️, many small business and even real estate 🏢 for a few years. But something felt wrong at that time, something was missing. That’s when I started social media - first as a fitness coach, but eventually turned into a healthy lifestyle entertainment platform 🙌🏽. Motivating and inspiring millions of people to do better, and helping them achieve their goals 🎯. I’m lucky enough to have found my passion and make a living out of it at such a young age 🙏🏽 Now it’s time to make a bigger impact 👊🏽, so get ready…. ⚡️ 𝐌𝐀𝐓𝐙𝐀𝐏𝐄𝐒𝐇 ⚡️ #recipe #food #morocco #darija #arabic #introduction #aboutme",,24,Entertainment,"Health,Lifestyle_(sociology)",PT1M20S,80,2d,hd,false,en,ar,https://i.ytimg.com/vi/y3fc1Z2Gwo8/maxresdefault.jpg,1,,,,,140500,10393,,0,159
193,UCFqnvxz2f7J2cmTo_j0XMpA,"Mambah Fit",a45ijIN4wgM,2025-01-25T19:00:00Z,"2025-01-25 19:00:00","The perfect couple 🤣🇲🇦 #funny #fun #morocco #lifestyle #arabic #maroc",,,24,Entertainment,"Entertainment,Film",PT1M23S,83,2d,hd,false,fr,ar,https://i.ytimg.com/vi/a45ijIN4wgM/maxresdefault.jpg,1,,,,,187818,7918,,0,250
194,UCFqnvxz2f7J2cmTo_j0XMpA,"Mambah Fit",yA50InJti0k,2025-01-22T19:00:42Z,"2025-01-22 19:00:42","𝐇𝐄𝐀𝐋𝐓𝐇𝐘 𝐂𝐀𝐔𝐋𝐈𝐅𝐋𝐎𝐖𝐄𝐑 𝐏𝐎𝐏𝐂𝐎𝐑𝐍 🍿 #morocco #recipe #food #healthy #arabic","That’s a recipe I’ve wanted to try for sooo long, and to be honest wasn’t expecting much 😅. Buuuut it’s a baaaanger 🤩 This is a healthy alternative for a side dish 😏 or even a snack during the day. After trying it and seeing how easy it is to do it, I’ve been making it for the past 3 days. 𝐈𝐍𝐆𝐑𝐄𝐃𝐈𝐄𝐍𝐓𝐒: - Cauliflower (I used less than half) - Flour (any kind) - Paprika seasoning - Onion and garlic seasoning - Almond milk (to keep calories low) - Bread crumbs or panko Try it and send me a picture 📸 ⚡️ 𝐌𝐀𝐓𝐙𝐀𝐏𝐄𝐒𝐇 ⚡️ #healthy #lifestyle #arabic #recipe #cauliflower #food",,24,Entertainment,"Food,Lifestyle_(sociology)",PT45S,45,2d,hd,false,en,ar,https://i.ytimg.com/vi/yA50InJti0k/maxresdefault.jpg,1,,,,,639679,22395,,0,185
195,UCFqnvxz2f7J2cmTo_j0XMpA,"Mambah Fit",pzkG_bNzBtc,2025-01-19T17:06:40Z,"2025-01-19 17:06:40","𝐒𝐓𝐀𝐑𝐓 𝐄𝐍𝐉𝐎𝐘𝐈𝐍𝐆 𝐖𝐇𝐀𝐓 𝐘𝐎𝐔 𝐀𝐋𝐑𝐄𝐀𝐃𝐘 𝐇𝐀𝐕𝐄 🙌🏽 #motivation #arabic",,,24,Entertainment,,PT46S,46,2d,hd,false,en,ar,https://i.ytimg.com/vi/pzkG_bNzBtc/maxresdefault.jpg,1,,,,,54815,3473,,0,76
196,UCFqnvxz2f7J2cmTo_j0XMpA,"Mambah Fit",t7UINt5II2A,2025-01-18T19:57:46Z,"2025-01-18 19:57:46","Podcast jdid fe la chaîne m3a el oualid 🤩🇲🇦 #morocco #lifestyle #podcast #arabic",,,24,Entertainment,,PT25S,25,2d,hd,false,fr,ar,https://i.ytimg.com/vi/t7UINt5II2A/maxresdefault.jpg,1,,,,,151898,8472,,0,119
197,UCFqnvxz2f7J2cmTo_j0XMpA,"Mambah Fit",kpgv18ZPFR8,2025-01-18T18:07:57Z,"2025-01-18 18:07:57","WIN IN 2025 🚀 شنو خاصك باش تنجح ؟ #podcast #healthy #lifestyle #goals #2025 #arabic #morocco",,,24,Entertainment,Health,PT45S,45,2d,hd,false,ar,ar,https://i.ytimg.com/vi/kpgv18ZPFR8/maxresdefault.jpg,1,,,,,604146,21518,,0,321
198,UCFqnvxz2f7J2cmTo_j0XMpA,"Mambah Fit",9HPigc9UX7Q,2025-01-18T18:00:05Z,"2025-01-18 18:00:05","كيفاش تربح فـ2025؟ نصائح غادي تبدل حياتك! 🚀","WIN IN 2025 🚀 شنو خاصك باش تنجح ؟ || Mambah Fit Welcome back to my channel La Mambah Fam 😇 There is no better way to start the year than a good chill podcast between my dad and I 🤩. We’re diving into several ways on how to make your 2025 a better year 🙌🏽, setting clear and achievable goals. I’ve always looked up to my dad, and being able to share his knowledge 🧠 and experience with all of you is priceless. So sit back 🛋️ and enjoy this podcast 🎙️ ⚡️𝐌𝐀𝐓𝐙𝐀𝐏𝐄𝐒𝐇⚡️ 〰️ 𝐅𝐈𝐍𝐃 𝐌𝐄 𝐎𝐍 𝐒𝐎𝐂𝐈𝐀𝐋 𝐌𝐄𝐃𝐈𝐀 ↳ Instagram ➭ https://www.instagram.com/mambahfit/ ↳ TikTok ➭ https://www.tiktok.com/@mambahfit ↳ Website ➭ https://www.mambahfit.com/ Karim Amor ↳ Instagram: https://www.instagram.com/karimamor_/ ↳ Linkedin: https://www.linkedin.com/in/karim-amor/ 〰️ 𝐌𝐔𝐒𝐈𝐂 𝐅𝐑𝐎𝐌 𝐄𝐏𝐈𝐃𝐄𝐌𝐈𝐂 𝐒𝐎𝐔𝐍𝐃 ↳ 7 day free trial ➭ https://share.epidemicsound.com/jjir8n S U B S C R I B E so that we can be together for a long time!! Thank you so much for watching! ___________________________________________________ OTHER VIDEOS: 🎬 VAN LIFE IN MOROCCO 🇲🇦 أحسن لحظات الويكاند مع الصحاب || https://www.youtube.com/watch?v=hxsLRJCAYsQ&t=1s&ab_channel=MambahFit 🎬A DAY IN MOROCCO 😱 مايمكنش واش هذا هو المغرب؟ || https://youtu.be/WgeKmxW7Kps 🎬WELCOME TO THE DESERT 🏜️ الصحراء المغربية 🇲🇦 || https://youtu.be/wwJqxRYj2z0 🎬Iftar with @SimoSedraty 🌮 ضحك ونشاط || https://youtu.be/UjPX4qF1c5s 🎬NORTH OF MOROCCO 🇲🇦 فشمال F' lvan ها علاش مقدرتش نبات || https://youtu.be/9m0mRX6apz8 ___________________________________________________ Thank you for watching Please like, comment, subscribe, and hit the bell 🔔 so you never miss any videos! 👉Subscribe to our channel: https://www.youtube.com/@mambahfit #podcast #goals #2025 #morocco #arabic #Success2025 #WinningMindset #Motivation #PersonalDevelopment","healthy lifestyle,morocco,maghreb,maroc,vlog,vlogging,moroccan vloger,vlogger,arabic,darija,traveling,مغربية,مغربي,mambah,matzapesh,mambah fit,podcast,parents,2025,goals,شنو خاصك باش تنجح ؟ || mambah fit,mambah fit - win in 2025 🚀,win in 2025 🚀 شنو خاصك باش تنجح ؟ || mambah fit,mambah fit - win in 2025 🚀 شنو خاصك باش تنجح ؟,win in 2025 🚀 شنو خاصك باش تنجح ؟,mambah fit - شنو خاصك باش تنجح ؟,morocco travel vlog,things to do in morocco,moroccan food",26,"Howto & Style",,PT53M12S,3192,2d,hd,false,ar,ar,https://i.ytimg.com/vi/9HPigc9UX7Q/maxresdefault.jpg,1,,,,,296250,14329,,0,972
199,UCFqnvxz2f7J2cmTo_j0XMpA,"Mambah Fit",fSnUfOcuGu0,2025-01-17T19:00:33Z,"2025-01-17 19:00:33","Ma bghatch El cadeau diali 🤣 chkoun baghih? 🚐 #fun #funny #morocoo #moroccan",,,24,Entertainment,"Entertainment,Film,Humour",PT1M30S,90,2d,hd,false,fr,ar,https://i.ytimg.com/vi/fSnUfOcuGu0/maxresdefault.jpg,1,,,,,2927148,81826,,0,531
200,UCFqnvxz2f7J2cmTo_j0XMpA,"Mambah Fit",m_lUNq6bQQw,2025-01-08T19:00:34Z,"2025-01-08 19:00:34","𝐅𝐈𝐕𝐄 𝐋𝐄𝐒𝐒𝐎𝐍𝐒 𝐈’𝐕𝐄 𝐋𝐄𝐀𝐑𝐍𝐄𝐃 - 𝐋𝐄𝐒𝐒𝐎𝐍 𝐍°𝟏 #morocco #arabic #motivation",,,24,Entertainment,Lifestyle_(sociology),PT46S,46,2d,hd,false,en,ar,https://i.ytimg.com/vi/m_lUNq6bQQw/maxresdefault.jpg,1,,,,,232489,9499,,0,284
201,UCFqnvxz2f7J2cmTo_j0XMpA,"Mambah Fit",l3vm39BnfEc,2025-01-05T20:52:13Z,"2025-01-05 20:52:13","Safi mchiiiit fiha 🤣 #fun #humour #moroccan #funny",,,24,Entertainment,"Entertainment,Humour",PT1M30S,90,2d,hd,false,fr,ar,https://i.ytimg.com/vi/l3vm39BnfEc/maxresdefault.jpg,1,,,,,13923583,228927,,0,2054
202,UCFqnvxz2f7J2cmTo_j0XMpA,"Mambah Fit",ZvUfvV2bRGY,2025-01-02T17:00:35Z,"2025-01-02 17:00:35","𝐅𝐈𝐑𝐒𝐓 𝐘𝐎𝐔 𝐂𝐇𝐀𝐍𝐆𝐄, 𝐓𝐇𝐄𝐍 𝐂𝐇𝐀𝐍𝐆𝐄 𝐖𝐈𝐋𝐋 𝐂𝐎𝐌𝐄 🙌🏽 #arabic #motivation",,,24,Entertainment,Religion,PT39S,39,2d,hd,false,en,ar,https://i.ytimg.com/vi/ZvUfvV2bRGY/maxresdefault.jpg,1,,,,,85560,7959,,0,159
203,UCFqnvxz2f7J2cmTo_j0XMpA,"Mambah Fit",Ykup1IiMfW8,2024-12-31T11:18:12Z,"2024-12-31 11:18:12","Thank you 🙏🏼🇲🇦 #arabic #morocco #moroccan #lifestyle #fun",,,24,Entertainment,,PT36S,36,2d,hd,false,en,ar,https://i.ytimg.com/vi/Ykup1IiMfW8/maxresdefault.jpg,1,,,,,40740,3579,,0,124
204,UCFqnvxz2f7J2cmTo_j0XMpA,"Mambah Fit",Il8fjBQDNXo,2024-12-30T16:57:45Z,"2024-12-30 16:57:45","TRY TO WIN 10.000 DHS 🚀 #game #fun #funny #arabic #comedy",,,24,Entertainment,"Entertainment,Humour",PT50S,50,2d,hd,false,en,ar,https://i.ytimg.com/vi/Il8fjBQDNXo/maxresdefault.jpg,1,,,,,41405,1171,,0,22
205,UCFqnvxz2f7J2cmTo_j0XMpA,"Mambah Fit",8k4Mg0n9ma0,2024-12-28T17:45:17Z,"2024-12-28 17:45:17","CACHE CACHE GÉANT 🇲🇦 ‎أكبر كاش كاش في المغرب #arabic #fun #funny #morocco #cachecache",,,24,Entertainment,"Humour,Lifestyle_(sociology)",PT30S,30,2d,hd,false,ar,ar,https://i.ytimg.com/vi/8k4Mg0n9ma0/maxresdefault.jpg,1,,,,,47640,1983,,0,52
206,UCFqnvxz2f7J2cmTo_j0XMpA,"Mambah Fit",66lZM36tQM4,2024-12-28T17:30:00Z,"2024-12-28 17:30:00","CACHE CACHE GÉANT 😱 🇲🇦 أكبر كاش كاش في المغرب","Welcome back to my channel La Mambah Fam 😇 I gathered 5 content creators ​⁠@milfaya101 ​⁠@Nouamaneelabiarii ​⁠@Majdoulinsr ​⁠@Lacurly & ​⁠@HammoumiSalim1 to film the biggest hide & seek video in Morocco 🇲🇦. We all played this game when we were kids 👦🏽 and making a video out of it in a 10.000 m2 space is a dream come true! I want to thank all of my team that helped me organize, film and produce this project 🎥 and a special thanks to ​⁠@KITEAgroup 🛋️ and their team who trusted me and sponsored this video 🙏🏼 because without them, this would not have been possible. 2024 you’ve been amazing, now it’s time to make even bigger things in 2025 🚀 ⚡️𝐌𝐀𝐓𝐙𝐀𝐏𝐄𝐒𝐇⚡️ 〰️ 𝐂𝐑𝐄𝐃𝐈𝐓 𝐓𝐎 𝐓𝐇𝐄 𝐂𝐑𝐄𝐀𝐓𝐎𝐑𝐒 ↳ LaCurly ➭ https://www.instagram.com/lacurlymorocco?igsh=NG1rOWFoM2pyemVv ↳ Nouamane ➭ https://www.instagram.com/nouamaneelabiari?igsh=MTNhZnp3bGRrNWZ5dw== ↳ Majdouline ➭ https://www.instagram.com/majdoulinsr?igsh=OW5rc2llN296N29p ↳ Salim ➭ https://www.instagram.com/salimhammoumii?igsh=MTgzcTM5cnVkbzY0Mg== ↳ Milfaya ➭ https://www.instagram.com/milfaya__?igsh=YjF5dXRlYTd5ZjRs 〰️ 𝐒𝐏𝐎𝐍𝐒𝐎𝐑𝐄𝐃 𝐁𝐘 ↳ KITEA Maroc ➭ https://www.instagram.com/kiteamaroc/ 〰️ 𝐅𝐈𝐍𝐃 𝐌𝐄 𝐎𝐍 𝐒𝐎𝐂𝐈𝐀𝐋 𝐌𝐄𝐃𝐈𝐀 ↳ Instagram ➭ https://www.instagram.com/mambahfit/ ↳ TikTok ➭ https://www.tiktok.com/@mambahfit ↳ Website ➭ https://www.mambahfit.com/ 〰️ 𝐌𝐔𝐒𝐈𝐂 𝐅𝐑𝐎𝐌 𝐄𝐏𝐈𝐃𝐄𝐌𝐈𝐂 𝐒𝐎𝐔𝐍𝐃 ↳ 7 day free trial ➭ https://share.epidemicsound.com/jjir8n S U B S C R I B E so that we can be together for a long time!! Thank you so much for watching! ___________________________________________________ OTHER VIDEOS: 🎬 VAN LIFE IN MOROCCO 🇲🇦 أحسن لحظات الويكاند مع الصحاب || https://www.youtube.com/watch?v=hxsLRJCAYsQ&t=1s&ab_channel=MambahFit 🎬A DAY IN MOROCCO 😱 مايمكنش واش هذا هو المغرب؟ || https://youtu.be/WgeKmxW7Kps 🎬WELCOME TO THE DESERT 🏜️ الصحراء المغربية 🇲🇦 || https://youtu.be/wwJqxRYj2z0 🎬Iftar with @SimoSedraty 🌮 ضحك ونشاط || https://youtu.be/UjPX4qF1c5s 🎬NORTH OF MOROCCO 🇲🇦 فشمال F' lvan ها علاش مقدرتش نبات || https://youtu.be/9m0mRX6apz8 ___________________________________________________ Thank you for watching Please like, comment, subscribe, and hit the bell 🔔 so you never miss any videos! 👉Subscribe to our channel: https://www.youtube.com/@mambahfit #CacheCache #Maroc #Aventure #Viral #funny #ChasseAuTresor #CacheCacheGéant","vlogger,darija,mambah,matzapesh,mamba,chteha,marrakech morocco,healthy,maghreb,morocco,maroc,vlog,vlogging,moroccan vloger,arabic,مغربية,مغربي,milfaya,majdouline,lacurly morocco,salim hammoumi,cache cache,kitea,hide and seek,games,funny,fun,give away,أكبر كاش كاش في المغرب || mambah fit,mambah fit - cache cache géant 😱 🇲🇦,cache cache géant 😱 🇲🇦 || mambah fit,mambah fit - 🇲🇦 أكبر كاش كاش في المغرب,cache cache géant 😱 🇲🇦 أكبر كاش كاش في المغرب",24,Entertainment,Lifestyle_(sociology),PT43M51S,2631,2d,hd,false,en,ar,https://i.ytimg.com/vi/66lZM36tQM4/maxresdefault.jpg,1,,,,,2017823,52981,,0,4695
207,UCFqnvxz2f7J2cmTo_j0XMpA,"Mambah Fit",-RN6SV5JqNU,2024-12-26T17:41:44Z,"2024-12-26 17:41:44","Get ready for Saturday 28 of December 🇲🇦 YOU CAN WIN 10.000 DHS 🚨 #arabic #humour #moroccan #fun",,,26,"Howto & Style","Entertainment,Humour",PT32S,32,2d,hd,false,en,ar,https://i.ytimg.com/vi/-RN6SV5JqNU/maxresdefault.jpg,1,,,,,1645433,40488,,0,102
208,UCFqnvxz2f7J2cmTo_j0XMpA,"Mambah Fit",HgeV-MncGlg,2024-12-25T16:37:38Z,"2024-12-25 16:37:38","𝐓𝐇𝐄 𝐁𝐄𝐒𝐓 𝐘𝐄𝐀𝐑 𝐎𝐅 𝐌𝐘 𝐋𝐈𝐅𝐄 “𝟐𝟎𝟐𝟒 𝐑𝐄𝐂𝐀𝐏” 🚀 #moroccan #goals #morocoo",,,26,"Howto & Style","Lifestyle_(sociology),Tourism",PT43S,43,2d,hd,false,en,ar,https://i.ytimg.com/vi/HgeV-MncGlg/maxresdefault.jpg,1,,,,,41564,1605,,0,15
209,UCFqnvxz2f7J2cmTo_j0XMpA,"Mambah Fit",K-rUlZF1p_g,2024-12-24T16:47:48Z,"2024-12-24 16:47:48","Ach banlikoum de had el bit 🤩🛏️#moroccan #morocco #lifestyle #roomtour #roomtransformation #arabic",,,26,"Howto & Style","Hobby,Lifestyle_(sociology)",PT50S,50,2d,hd,false,en,ar,https://i.ytimg.com/vi/K-rUlZF1p_g/maxresdefault.jpg,1,,,,,1314999,40701,,0,227
210,UCFqnvxz2f7J2cmTo_j0XMpA,"Mambah Fit",A4f9bjBxrQg,2024-12-22T16:43:05Z,"2024-12-22 16:43:05","SELEK BE N3ALA HTA Y JIB LAH SEBAT 🚀 #morocco #lifestyle #motivation #arabic",,,26,"Howto & Style","Health,Lifestyle_(sociology)",PT57S,57,2d,hd,false,en,ar,https://i.ytimg.com/vi/A4f9bjBxrQg/maxresdefault.jpg,1,,,,,112660,6276,,0,95
211,UCFqnvxz2f7J2cmTo_j0XMpA,"Mambah Fit",cigynZbdafE,2024-12-20T17:03:21Z,"2024-12-20 17:03:21","Mariage problems EP2 🤣🇲🇦 #humour #moroccan #fun #arabic",,,26,"Howto & Style","Entertainment,Film,Humour",PT1M30S,90,2d,hd,false,fr,ar,https://i.ytimg.com/vi/cigynZbdafE/maxresdefault.jpg,1,,,,,501304,21585,,0,626
212,UCFqnvxz2f7J2cmTo_j0XMpA,"Mambah Fit",z8iftrcztyA,2024-12-18T17:01:08Z,"2024-12-18 17:01:08","Always good vibes 🤣🕺🏽 #arabic #humour #moroccan #darija #morocco",,,26,"Howto & Style","Entertainment,Film,Humour",PT1M19S,79,2d,hd,false,en,ar,https://i.ytimg.com/vi/z8iftrcztyA/maxresdefault.jpg,1,,,,,9349031,169654,,0,1821
213,UCFqnvxz2f7J2cmTo_j0XMpA,"Mambah Fit",jUb7EVkXjnU,2024-12-15T16:37:09Z,"2024-12-15 16:37:09","𝐋𝐈𝐅𝐄 𝐀𝐓 𝐓𝐇𝐄 𝐌𝐎𝐌𝐄𝐍𝐓 “𝐖𝐎𝐑𝐊𝐈𝐍𝐆 𝐎𝐍 𝐒𝐎𝐌𝐄𝐓𝐇𝐈𝐍𝐆” #arabic #minivlog #vlog",,,26,"Howto & Style",Lifestyle_(sociology),PT47S,47,2d,hd,false,en,ar,https://i.ytimg.com/vi/jUb7EVkXjnU/maxresdefault.jpg,1,,,,,162468,6660,,0,53
214,UCFqnvxz2f7J2cmTo_j0XMpA,"Mambah Fit",SqXlDg1Qp60,2024-12-03T16:44:02Z,"2024-12-03 16:44:02","𝐋𝐄𝐓’𝐒 𝐂𝐎𝐎𝐊 𝐓𝐎𝐆𝐄𝐓𝐇𝐄𝐑 “𝐌𝐎𝐑𝐎𝐂𝐂𝐀𝐍 𝐏𝐀𝐒𝐓𝐈𝐋𝐋𝐀 🇲🇦 #arabic #moroccan #food",,,26,"Howto & Style","Food,Lifestyle_(sociology)",PT58S,58,2d,hd,false,en,ar,https://i.ytimg.com/vi/SqXlDg1Qp60/maxresdefault.jpg,1,,,,,614527,29278,,0,180
215,UCFqnvxz2f7J2cmTo_j0XMpA,"Mambah Fit",8-agbEFgs_E,2024-12-01T16:39:22Z,"2024-12-01 16:39:22","𝐓𝐇𝐄 𝐌𝐈𝐒𝐂𝐎𝐍𝐂𝐄𝐏𝐓𝐈𝐎𝐍 𝐎𝐅 𝐄𝐀𝐓𝐈𝐍𝐆 𝐇𝐄𝐀𝐋𝐓𝐇𝐘😳 #arabic #darija #food #healthy",,,26,"Howto & Style","Food,Lifestyle_(sociology)",PT57S,57,2d,hd,false,en,ar,https://i.ytimg.com/vi/8-agbEFgs_E/maxresdefault.jpg,1,,,,,282551,14081,,0,89
216,UCFqnvxz2f7J2cmTo_j0XMpA,"Mambah Fit",8jGGzgPn9Os,2024-11-29T17:22:31Z,"2024-11-29 17:22:31","𝐋𝐈𝐅𝐄 𝐈𝐒 𝐌𝐄𝐀𝐍𝐓 𝐓𝐎 𝐁𝐄 𝐋𝐈𝐕𝐄𝐃, 𝐍𝐎𝐓 𝐖𝐀𝐒𝐓𝐄𝐃 🙌🏽 #arabic #moroccan #morocco",,,26,"Howto & Style","Humour,Lifestyle_(sociology)",PT54S,54,2d,hd,false,en,ar,https://i.ytimg.com/vi/8jGGzgPn9Os/maxresdefault.jpg,1,,,,,47113,3172,,0,59
217,UCFqnvxz2f7J2cmTo_j0XMpA,"Mambah Fit",2ZushcnO908,2024-11-26T16:43:04Z,"2024-11-26 16:43:04","Let’s cook together “Zucchini Fries” 🍟 #arabic #recipes #healthy #food #morocco",,,26,"Howto & Style","Food,Lifestyle_(sociology)",PT51S,51,2d,hd,false,en,ar,https://i.ytimg.com/vi/2ZushcnO908/maxresdefault.jpg,1,,,,,69824,2757,,0,227
218,UCFqnvxz2f7J2cmTo_j0XMpA,"Mambah Fit",UTF1ttrECo4,2024-11-22T17:03:19Z,"2024-11-22 17:03:19","THE MOROCCAN MEETING “ANA JAY, ANA FE DOURA” #arabic #moroccan #morocco #goodvibes",,,26,"Howto & Style",Lifestyle_(sociology),PT56S,56,2d,hd,false,en,ar,https://i.ytimg.com/vi/UTF1ttrECo4/maxresdefault.jpg,1,,,,,7925730,156572,,0,265
219,UCFqnvxz2f7J2cmTo_j0XMpA,"Mambah Fit",7yhHdbLKZXU,2024-11-19T16:33:20Z,"2024-11-19 16:33:20","LI BGHA LA3SEL Y SBER KRES NHEL 🐝 #arabic #motivation #morocco #discipline #goals",,,26,"Howto & Style","Health,Lifestyle_(sociology),Physical_fitness",PT38S,38,2d,hd,false,en,ar,https://i.ytimg.com/vi/7yhHdbLKZXU/maxresdefault.jpg,1,,,,,42899,2079,,0,18
220,UCFqnvxz2f7J2cmTo_j0XMpA,"Mambah Fit",b2g_Idk9OYk,2024-11-18T17:15:47Z,"2024-11-18 17:15:47","THE TOUBKAL VLOG IS ONLINE 🤩🇲🇦 #arabic #vlog #morocco #travel #hiking",,,26,"Howto & Style","Hobby,Lifestyle_(sociology),Tourism",PT34S,34,2d,hd,false,en,ar,https://i.ytimg.com/vi/b2g_Idk9OYk/maxresdefault.jpg,1,,,,,25059,1473,,0,19
221,UCFqnvxz2f7J2cmTo_j0XMpA,"Mambah Fit",2waaDUiBops,2024-11-16T16:30:06Z,"2024-11-16 16:30:06","TOUBKAL 🏔️🇲🇦 أعلى قمة في شمال إفريقيا || Mambah Fit","TOUBKAL 🏔️🇲🇦 أعلى قمة في شمال إفريقيا || Mambah Fit What an adventure! Over 15h walking + hiking 🥾, a sleepless night 💤 and countless encounters 🫂. I’ve been dreaming of mounting the Toubkal for a while now, the highest mountain 🏔️ in North Africa, the top of Morocco 🇲🇦 YouTube makes me go the extra mile 🏋🏽, pushes my limits and makes me go out of my comfort zone. If I wouldn’t have all of you behind, supporting me every single day to create, I don’t think I would be doing these challenges. To be honest, it was mentally 🧠 tough, several hours walking 🚶🏽 without seeing the finish line, hiking in the dark, in the cold 🥶, with a heavy backpack 🎒 carrying all the camera equipment🎥 to vlog the whole experience! This adventure taught me that we never have to take anything for granted 🙏🏽, that we need to go out of our comfort zone to discover new feelings, to achieve new goals, and to grow 🚀 as a human being. I’m grateful to be alive, and grateful to share these adventures with all of you ❤️ La MambahFam, this is only the beginning, GREAT THINGS ARE COMING, soooo ⚡️𝐌𝐀𝐓𝐙𝐀𝐏𝐄𝐒𝐇 ⚡️ 〰️ 𝐁𝐈𝐆 𝐓𝐇𝐀𝐍𝐊𝐒 𝐓𝐎 ↳ Othmane ➭ https://www.instagram.com/otbenhayoun/ ↳ Larbi ➭ https://www.instagram.com/larbito/ ↳ Adam ➭ https://www.instagram.com/aditri_visual/ ↳ Omar ➭ https://www.instagram.com/omarbenhayoun/ ↳ Mohamed ➭ https://www.instagram.com/gite_ogog_tacheddirt/ 〰️ 𝐅𝐈𝐍𝐃 𝐌𝐄 𝐎𝐍 𝐒𝐎𝐂𝐈𝐀𝐋 𝐌𝐄𝐃𝐈𝐀 ↳ Instagram ➭ https://www.instagram.com/mambahfit/ ↳ TikTok ➭ https://www.tiktok.com/@mambahfit ↳ Website ➭ https://www.mambahfit.com/ 〰️ 𝐌𝐔𝐒𝐈𝐂 𝐅𝐑𝐎𝐌 𝐄𝐏𝐈𝐃𝐄𝐌𝐈𝐂 𝐒𝐎𝐔𝐍𝐃 ↳ 7 day free trial ➭ https://share.epidemicsound.com/jjir8n S U B S C R I B E so that we can be together for a long time!! Thank you so much for watching! ___________________________________________________ OTHER VIDEOS: 🎬أكل الشوارع في الفيتنام 🇻🇳 مع الاثمنة || https://youtu.be/SDx2biyCJmM 🎬A DAY IN MOROCCO 😱 مايمكنش واش هذا هو المغرب؟ || https://youtu.be/WgeKmxW7Kps 🎬WELCOME TO THE DESERT 🏜️ الصحراء المغربية 🇲🇦 || https://youtu.be/wwJqxRYj2z0 🎬Iftar with @SimoSedraty 🌮 ضحك ونشاط || https://youtu.be/UjPX4qF1c5s 🎬NORTH OF MOROCCO 🇲🇦 فشمال F' lvan ها علاش مقدرتش نبات || https://youtu.be/9m0mRX6apz8 ___________________________________________________ Thank you for watching Please like, comment, subscribe, and hit the bell 🔔 so you never miss any videos! 👉Subscribe to our channel: https://www.youtube.com/@mambahfit #arabic #morocco #hiking #maghreb #moroccan #toubkal #vlog #vlogger #goodvibes #healthy #lifestyle #darija","mambah fit,vlogger,darija,mambah,matzapesh,mamba,chteha,a day in my life,fitness,dronescapes,marrakech morocco,healthy,healthy lifestyle,maghreb,morocco,maroc,vlog,vlogging,moroccan vloger,arabic,toubkal,toubkal 🏔️🇲🇦,أعلى قمة فشمال إفريقياs || mambah fit,toubkal 🏔️🇲🇦 أعلى قمة فشمال إفريقياs || mambah fit,أعلى قمة في شمال إفريقيا || mambah fit,أعلى قمة في شمال إفريقيا,مغربية,مغربي,toubkal 🏔️🇲🇦 أعلى قمة فشمال إفريقياs,شمال إفريقيا,أعلى قمة في,toubkal 🏔️🇲🇦mambah fit",26,"Howto & Style","Hobby,Lifestyle_(sociology),Tourism",PT32M50S,1970,2d,hd,false,en,ar,https://i.ytimg.com/vi/2waaDUiBops/maxresdefault.jpg,1,,,,,424233,8456,,0,537
222,UCFqnvxz2f7J2cmTo_j0XMpA,"Mambah Fit",B9pOXEIUKtE,2024-11-02T16:30:01Z,"2024-11-02 16:30:01","A DAY IN MOROCCO 🇲🇦 حياة صانع محتوى مغربي! || Mambah Fit","A DAY IN MOROCCO 🇲🇦 حياة صانع محتوى مغربي! || Mambah Fit Life in Morocco 🇲🇦 as a healthy 27 years old content creator spreading good vibes, positive energy, and healthy tips along the way. This vlog is nothing fancy, just a representation of a typical day in my life as a young entrepreneur & content creator 📹. Sometimes I feel like I need to show you how my days look like, unscripted and totally natural. When starting my day, I prioritize my health 🏋🏽, physically and mentally 🧠. Waking up at 6 am every morning to enjoy 3 hours of focusing only on myself, without any distraction. Meaning, I go to the gym for 1h30, exercises and then come back home for a healthy breakfast 🍳 while watching a podcast or learning something new before starting to work. Having this routine, allows me to stay discipline 💪🏾 in the long term and achieve my goals almost every day. I hope you’ll enjoy and get inspired, and if this video helped you in some way, don’t forget to like ❤️ and leave a comment, it means the world to me 🤩 ⚡️𝐌𝐀𝐓𝐙𝐀𝐏𝐄𝐒𝐇⚡️ 〰️ 𝐅𝐈𝐍𝐃 𝐌𝐄 𝐎𝐍 𝐒𝐎𝐂𝐈𝐀𝐋 𝐌𝐄𝐃𝐈𝐀 ↳ Instagram ➭ https://www.instagram.com/mambahfit/ ↳ TikTok ➭ https://www.tiktok.com/@mambahfit ↳ Website ➭ https://www.mambahfit.com/ 〰️ 𝐌𝐔𝐒𝐈𝐂 𝐅𝐑𝐎𝐌 𝐄𝐏𝐈𝐃𝐄𝐌𝐈𝐂 𝐒𝐎𝐔𝐍𝐃 ↳ 7 day free trial ➭ https://share.epidemicsound.com/jjir8n S U B S C R I B E so that we can be together for a long time!! Thank you so much for watching! ___________________________________________________ OTHER VIDEOS: 🎬 VAN LIFE IN MOROCCO 🇲🇦 أحسن لحظات الويكاند مع الصحاب || https://www.youtube.com/watch?v=hxsLRJCAYsQ&t=1s&ab_channel=MambahFit 🎬A DAY IN MOROCCO 😱 مايمكنش واش هذا هو المغرب؟ || https://youtu.be/WgeKmxW7Kps 🎬WELCOME TO THE DESERT 🏜️ الصحراء المغربية 🇲🇦 || https://youtu.be/wwJqxRYj2z0 🎬Iftar with @SimoSedraty 🌮 ضحك ونشاط || https://youtu.be/UjPX4qF1c5s 🎬NORTH OF MOROCCO 🇲🇦 فشمال F' lvan ها علاش مقدرتش نبات || https://youtu.be/9m0mRX6apz8 ___________________________________________________ Thank you for watching Please like, comment, subscribe, and hit the bell 🔔 so you never miss any videos! 👉Subscribe to our channel: https://www.youtube.com/@mambahfit #arabic #morocco #maghreb #moroccan #vlog #vlogger #goodvibes #healthy #lifestyle #darija #2m #gym #motivation","healthy,fitness,healthy lifestyle,morocco,maghreb,maroc,vlog,vlogging,moroccan vloger,vlogger,arabic,darija,مغربية,مغربي,mambah,matzapesh,mambah fit,mamba,chteha,a day in my life,money online,millionaire,van,van life,campervan,caravan,أحسن لحظات الويكاند مع الصحاب || mambah fit,morocco 🇲🇦 أحسن لحظات الويكاند مع الصحاب || mambah fit,morocco 🇲🇦 حياة صانع محتوى مغربي! || mambah fit,a day in morocco 🇲🇦 حياة صانع محتوى مغربي! || mambah fit",26,"Howto & Style","Lifestyle_(sociology),Physical_fitness",PT11M5S,665,2d,hd,false,en,ar,https://i.ytimg.com/vi/B9pOXEIUKtE/maxresdefault.jpg,1,,,,,82812,2472,,0,100
223,UCFqnvxz2f7J2cmTo_j0XMpA,"Mambah Fit",woGpR8OLg5c,2024-10-29T11:50:04Z,"2024-10-29 11:50:04","CHEFTOU EL VLOG? 🤓 #arabic #van #vanlife #morocco #taghazout #vlog",,,26,"Howto & Style",Lifestyle_(sociology),PT33S,33,2d,hd,false,fr,ar,https://i.ytimg.com/vi/woGpR8OLg5c/maxresdefault.jpg,1,,,,,37109,1452,,0,15
224,UCFqnvxz2f7J2cmTo_j0XMpA,"Mambah Fit",eVWTfW58YGY,2024-10-27T10:06:37Z,"2024-10-27 10:06:37","NEW VLOG IS OUT 🤩 #arabic #vlog #morocco #van #vanlife #adventure",,,26,"Howto & Style","Lifestyle_(sociology),Tourism",PT54S,54,2d,hd,false,en,ar,https://i.ytimg.com/vi/eVWTfW58YGY/maxresdefault.jpg,1,,,,,2297980,67571,,0,293
225,UCFqnvxz2f7J2cmTo_j0XMpA,"Mambah Fit",hxsLRJCAYsQ,2024-10-27T10:00:45Z,"2024-10-27 10:00:45","VAN LIFE IN MOROCCO 🇲🇦 أحسن لحظات الويكاند مع الصحاب || Mambah Fit","VAN LIFE IN MOROCCO 🇲🇦 أحسن لحظات الويكاند مع الصحاب || Mambah Fit Van Life is good 🚐, but it's even better with friends around that also decide to rent a tent and set it up right next to your van, to live the experience 💯 In this episode, we're hopping on the Flifla Van again 🤩. After several months fixing all the issues that we had on our first trip around Morocco 🇲🇦, we are finally ready to test Van Life again! This time I've decided to take it slow, and just go to my favorite place in Morocco, Taghazout 🌴 to get some sun ☀️, surf and enjoy my time with friends 🤪 Now i'll let you enjoy this episode, and can't wait to read your feedback on the comments 🕺🏽 ⚡️𝐌𝐀𝐓𝐙𝐀𝐏𝐄𝐒𝐇⚡️ 〰️ 𝐅𝐈𝐍𝐃 𝐌𝐄 𝐎𝐍 𝐒𝐎𝐂𝐈𝐀𝐋 𝐌𝐄𝐃𝐈𝐀 ↳ Instagram ➭ https://www.instagram.com/mambahfit/ ↳ TikTok ➭ https://www.tiktok.com/@mambahfit ↳ Website ➭ https://www.mambahfit.com/ 〰️ 𝐌𝐔𝐒𝐈𝐂 𝐅𝐑𝐎𝐌 𝐄𝐏𝐈𝐃𝐄𝐌𝐈𝐂 𝐒𝐎𝐔𝐍𝐃 ↳ 7 day free trial ➭ https://share.epidemicsound.com/jjir8n S U B S C R I B E so that we can be together for a long time!! Thank you so much for watching! ___________________________________________________ OTHER VIDEOS: 🎬أكل الشوارع في الفيتنام 🇻🇳 مع الاثمنة || https://youtu.be/SDx2biyCJmM 🎬A DAY IN MOROCCO 😱 مايمكنش واش هذا هو المغرب؟ || https://youtu.be/WgeKmxW7Kps 🎬WELCOME TO THE DESERT 🏜️ الصحراء المغربية 🇲🇦 || https://youtu.be/wwJqxRYj2z0 🎬Iftar with @SimoSedraty 🌮 ضحك ونشاط || https://youtu.be/UjPX4qF1c5s 🎬NORTH OF MOROCCO 🇲🇦 فشمال F' lvan ها علاش مقدرتش نبات || https://youtu.be/9m0mRX6apz8 ___________________________________________________ Thank you for watching Please like, comment, subscribe, and hit the bell 🔔 so you never miss any videos! 👉Subscribe to our channel: https://www.youtube.com/@mambahfit #arabic #morocco #van #vanlife #campervan #caravan #taghazout #maghreb #moroccan #vlog #vlogger #goodvibes #healthy #lifestyle #darija","healthy,fitness,healthy lifestyle,morocco,maghreb,maroc,vlog,vlogging,moroccan vloger,vlogger,arabic,darija,مغربية,مغربي,mambah,matzapesh,mambah fit,mamba,chteha,a day in my life,money online,millionaire,van,van life,campervan,caravan,أحسن لحظات الويكاند مع الصحاب || mambah fit,van life in morocco 🇲🇦 أحسن لحظات الويكاند مع الصحاب,morocco 🇲🇦 أحسن لحظات الويكاند مع الصحاب || mambah fit,van life in morocco 🇲🇦 || mambah fit,life in morocco 🇲🇦 أحسن لحظات الويكاند مع الصحاب",26,"Howto & Style","Lifestyle_(sociology),Tourism",PT35M33S,2133,2d,hd,false,en,ar,https://i.ytimg.com/vi/hxsLRJCAYsQ/maxresdefault.jpg,1,,,,,218761,4624,,0,166
226,UCFqnvxz2f7J2cmTo_j0XMpA,"Mambah Fit",YRPVDOyaDQQ,2024-10-21T17:13:44Z,"2024-10-21 17:13:44","𝐆𝐄𝐓𝐓𝐈𝐍𝐆 𝐑𝐄𝐀𝐃𝐘 𝐅𝐎𝐑 𝐀 𝐕𝐀𝐍 𝐖𝐄𝐄𝐊𝐄𝐍𝐃 𝐆𝐄𝐓𝐀𝐖𝐀𝐘 🚐 #arabic #van #morocco",,,26,"Howto & Style",Lifestyle_(sociology),PT43S,43,2d,hd,false,en,ar,https://i.ytimg.com/vi/YRPVDOyaDQQ/maxresdefault.jpg,1,,,,,681588,23318,,0,75
227,UCFqnvxz2f7J2cmTo_j0XMpA,"Mambah Fit",-vYY75VcdMo,2024-10-20T09:28:30Z,"2024-10-20 09:28:30","‎الأجوبة اللي كلكم كاتسناو #arabic #moroccan #vlog #morocco",,,26,"Howto & Style",,PT17S,17,2d,hd,false,ar,ar,https://i.ytimg.com/vi/-vYY75VcdMo/maxresdefault.jpg,1,,,,,62757,2180,,0,44
228,UCFqnvxz2f7J2cmTo_j0XMpA,"Mambah Fit",XbKB_-bwrdE,2024-10-19T16:30:06Z,"2024-10-19 16:30:06","AM I REALLY A MILLIONAIRE? 💸 الأجوبة اللي كلكم كاتسناو || Mambah Fit","AM I REALLY A MILLIONAIRE? 💸 الأجوبة اللي كلكم كاتسناو || Mambah Fit Welcome back to my channel La Mambah Fam 😇 It's been a while since I answered a Q&A! But here it iiiis, here are the answers to the questions you've been asking me for so long 😅 Instead of just replying with a simple story, I've decided to reply with a video while going through my day 🤪, it makes things more interesting. Sooo, ""What's my job?"" ""Am I a millionaire?"" ""When am I going to get married?"" ""Where's the Van?"", I'm answering the most common questions you've asked me 🙌🏾 I hope you'll enjoy this vlog, and don't forget to let me know what you think about it on the comments 🤩 ⚡️𝐌𝐀𝐓𝐙𝐀𝐏𝐄𝐒𝐇⚡️ 〰️ 𝐅𝐈𝐍𝐃 𝐌𝐄 𝐎𝐍 𝐒𝐎𝐂𝐈𝐀𝐋 𝐌𝐄𝐃𝐈𝐀 ↳ Instagram ➭ https://www.instagram.com/mambahfit/ ↳ TikTok ➭ https://www.tiktok.com/@mambahfit ↳ Website ➭ https://www.mambahfit.com/ 〰️ 𝐌𝐔𝐒𝐈𝐂 𝐅𝐑𝐎𝐌 𝐄𝐏𝐈𝐃𝐄𝐌𝐈𝐂 𝐒𝐎𝐔𝐍𝐃 ↳ 7 day free trial ➭ https://share.epidemicsound.com/jjir8n S U B S C R I B E so that we can be together for a long time!! Thank you so much for watching! ___________________________________________________ OTHER VIDEOS: 🎬أكل الشوارع في الفيتنام 🇻🇳 مع الاثمنة || https://youtu.be/SDx2biyCJmM 🎬A DAY IN MOROCCO 😱 مايمكنش واش هذا هو المغرب؟ || https://youtu.be/WgeKmxW7Kps 🎬WELCOME TO THE DESERT 🏜️ الصحراء المغربية 🇲🇦 || https://youtu.be/wwJqxRYj2z0 🎬Iftar with @SimoSedraty 🌮 ضحك ونشاط || https://youtu.be/UjPX4qF1c5s 🎬NORTH OF MOROCCO 🇲🇦 فشمال F' lvan ها علاش مقدرتش نبات || https://youtu.be/9m0mRX6apz8 ___________________________________________________ Thank you for watching Please like, comment, subscribe, and hit the bell 🔔 so you never miss any videos! 👉Subscribe to our channel: https://www.youtube.com/@mambahfit #MillionaireMindset #Wealth #Finances #WealthBuilding #FinancialFreedom #FinanceWisdom","healthy,fitness,healthy lifestyle,morocco,vlog,vlogging,moroccan vloger,vlogger,arabic,mambah,mambah fit,entrepreneur,money,money online,millionaire,millionaire? 💸 الأجوبة اللي كلكم كاتسناو || mambah fit,am i really a millionaire?,am i really a millionaire? || mambah fit,am i really a millionaire? 💸 الأجوبة اللي كلكم كاتسناو || mambah fit,really a millionaire? || mambah fit,really a millionaire,lifestyle,vloger",26,"Howto & Style",Lifestyle_(sociology),PT25M20S,1520,2d,hd,false,en,ar,https://i.ytimg.com/vi/XbKB_-bwrdE/maxresdefault.jpg,1,,,,,255319,11161,,0,683
229,UCFqnvxz2f7J2cmTo_j0XMpA,"Mambah Fit",iQKdBfasNGw,2024-10-18T16:54:10Z,"2024-10-18 16:54:10","𝟓𝟎/𝟓𝟎 𝐈𝐍 𝐀 𝐑𝐄𝐋𝐀𝐓𝐈𝐎𝐍𝐒𝐇𝐈𝐏 𝐈𝐒 𝐓𝐇𝐄 𝐊𝐄𝐘 𝐓𝐎 𝐀 𝐇𝐀𝐏𝐏𝐘 𝐋𝐈𝐅𝐄 #arabic",,,26,"Howto & Style","Entertainment,Humour",PT50S,50,2d,hd,false,en,ar,https://i.ytimg.com/vi/iQKdBfasNGw/maxresdefault.jpg,1,,,,,154608,7238,,0,230
230,UCFqnvxz2f7J2cmTo_j0XMpA,"Mambah Fit",NLVCxn7MGfk,2024-10-14T16:02:43Z,"2024-10-14 16:02:43","NEW VLOG IS OUT 🤩 #arabic #moroccan #adayinmylife #morocco #vlog #vlogger",,,26,"Howto & Style",Lifestyle_(sociology),PT12S,12,2d,hd,false,en,ar,https://i.ytimg.com/vi/NLVCxn7MGfk/maxresdefault.jpg,1,,,,,20030,665,,0,6
231,UCFqnvxz2f7J2cmTo_j0XMpA,"Mambah Fit",aCWCyZV0C4s,2024-10-12T13:31:27Z,"2024-10-12 13:31:27","New Vlog is out! 🇲🇦 #arabic #goodvibes #moroccon #vlog #maghrib",,,26,"Howto & Style","Entertainment,Humour",PT15S,15,2d,hd,false,en,ar,https://i.ytimg.com/vi/aCWCyZV0C4s/maxresdefault.jpg,1,,,,,45311,1873,,0,36
232,UCFqnvxz2f7J2cmTo_j0XMpA,"Mambah Fit",k2JP1bPPiDI,2024-10-12T12:01:00Z,"2024-10-12 12:01:00","MOROCCO 🇲🇦 نهار عامر بالطاقة الإيجابية في || Mambah Fit","MOROCCO 🇲🇦 نهار عامر بالطاقة الإيجابية في || Mambah Fit Welcome back to my channel La Mambah Fam 😇 Since you've loved this concept, here I am, back with a new exciting Day In my Life as a Moroccan leaving in ""Morocco"" 🇲🇦 First of all, what a day 🤩! Just to give you a heads up, not all my days are like this. My typical days are at home working on some new videos or concepts to then shoot them once or twice a week 😅 Today was special, because I finally offered the Apple Watch to the winner of the previous giveaway, and it made me as happy as it made him to receive it!! I love meeting with all of you and getting to know you in person 🙏🏽 Now, I've decided that every month, I'll pick one of you to spend an amazing day with me, and experiencing crazy activities everywhere in morocco 🚀 ⚡️𝐌𝐀𝐓𝐙𝐀𝐏𝐄𝐒𝐇⚡️ 〰️ 𝐅𝐈𝐍𝐃 𝐌𝐄 𝐎𝐍 𝐒𝐎𝐂𝐈𝐀𝐋 𝐌𝐄𝐃𝐈𝐀 ↳ Instagram ➭ https://www.instagram.com/mambahfit/ ↳ TikTok ➭ https://www.tiktok.com/@mambahfit ↳ Website ➭ https://www.mambahfit.com/ 〰️ 𝐌𝐔𝐒𝐈𝐂 𝐅𝐑𝐎𝐌 𝐄𝐏𝐈𝐃𝐄𝐌𝐈𝐂 𝐒𝐎𝐔𝐍𝐃 ↳ 7 day free trial ➭ https://share.epidemicsound.com/jjir8n S U B S C R I B E so that we can be together for a long time!! Thank you so much for watching! ___________________________________________________ OTHER VIDEOS: 🎬أكل الشوارع في الفيتنام 🇻🇳 مع الاثمنة || https://youtu.be/SDx2biyCJmM 🎬A DAY IN MOROCCO 😱 مايمكنش واش هذا هو المغرب؟ || https://youtu.be/WgeKmxW7Kps 🎬WELCOME TO THE DESERT 🏜️ الصحراء المغربية 🇲🇦 || https://youtu.be/wwJqxRYj2z0 🎬Iftar with @SimoSedraty 🌮 ضحك ونشاط || https://youtu.be/UjPX4qF1c5s 🎬NORTH OF MOROCCO 🇲🇦 فشمال F' lvan ها علاش مقدرتش نبات || https://youtu.be/9m0mRX6apz8 ___________________________________________________ Thank you for watching Please like, comment, subscribe, and hit the bell 🔔 so you never miss any videos! 👉Subscribe to our channel: https://www.youtube.com/@mambahfit #Morocco #PositiveEnergy #TravelVlog #moroccan #moroccofood #moroccancuisine","healthy,fitness,healthy lifestyle,morocco,travel,maghreb,maroc,vlog,vlogging,moroccan vloger,vlogger,arabic,darija,مغربية,سياحة,مغربي,mambah,matzapesh,mambah fit,مكان,entrepreneur,money,mamba,chteha,a day in my life,money online,tijara electronia,padel,giveaway,نهار عامر بالطاقة الإيجابية في || mambah fit,morocco 🇲🇦 نهار عامر بالطاقة الإيجابية في || mambah fit,morocco 🇲🇦 نهار عامر بالطاقة الإيجابية في,mambah fit - morocco 🇲🇦 نهار عامر بالطاقة الإيجابية في",26,"Howto & Style",Lifestyle_(sociology),PT17M49S,1069,2d,hd,false,en,ar,https://i.ytimg.com/vi/k2JP1bPPiDI/maxresdefault.jpg,1,,,,,132576,3456,,0,182
233,UCFqnvxz2f7J2cmTo_j0XMpA,"Mambah Fit",W2t62K0tMHg,2024-10-11T16:59:07Z,"2024-10-11 16:59:07","What are your thoughts? 🤪 #arabic #motivation #discipline #goals #morocco",,,26,"Howto & Style","Food,Lifestyle_(sociology)",PT41S,41,2d,hd,false,en,ar,https://i.ytimg.com/vi/W2t62K0tMHg/maxresdefault.jpg,1,,,,,159075,7811,,0,119
234,UCFqnvxz2f7J2cmTo_j0XMpA,"Mambah Fit",pHo58vsIOI8,2024-10-07T17:01:41Z,"2024-10-07 17:01:41","𝐍𝐎 𝐎𝐍𝐄 𝐖𝐀𝐍𝐓𝐒 𝐘𝐎𝐔 𝐓𝐎 𝐖𝐈𝐍 𝐈𝐍 𝐋𝐈𝐅𝐄 #arabic #morocco #lifestyle #goals #darija",,,26,"Howto & Style",Lifestyle_(sociology),PT40S,40,2d,hd,false,en,ar,https://i.ytimg.com/vi/pHo58vsIOI8/maxresdefault.jpg,1,,,,,85739,4199,,0,68
235,UCFqnvxz2f7J2cmTo_j0XMpA,"Mambah Fit",cqrVi4fnWOg,2024-10-05T19:36:31Z,"2024-10-05 19:36:31","NEW VLOG 🤩 #arabic #cooking #goodvibes #fajitas #humour #moroccan",,,26,"Howto & Style","Food,Humour,Lifestyle_(sociology)",PT37S,37,2d,hd,false,en,ar,https://i.ytimg.com/vi/cqrVi4fnWOg/maxresdefault.jpg,1,,,,,54474,1681,,0,12
236,UCFqnvxz2f7J2cmTo_j0XMpA,"Mambah Fit",A32nW2EPaDg,2024-10-05T12:00:10Z,"2024-10-05 12:00:10","SHE CAME INTO MY HOUSE 🏠 !دخلت ليا للدار وبدات طيب || Mambah Fit","SHE CAME INTO MY HOUSE 🏠 !دخلت ليا للدار وبدات طيب || Mambah Fit Welcome back to my channel La Mambah Fam 😇 Today is all about giving back to you 🤩! Remember when I did the fajitas 🌮 giveaway during Ramadan? Well I finally had time to be able to film this video and spend a good time with one of you 💪🏾 @Elleaditnon Sharing a meal 🥘 is always a good idea to discuss and learn about someone, and I can't wait to start Season 2 of Ftour with Mambah 🚀 Hope you'll enjoy this vlog, and can't wait to read your feedback. ⚡️𝐌𝐀𝐓𝐙𝐀𝐏𝐄𝐒𝐇⚡️ 〰️ 𝐅𝐈𝐍𝐃 𝐌𝐄 𝐎𝐍 𝐒𝐎𝐂𝐈𝐀𝐋 𝐌𝐄𝐃𝐈𝐀 ↳ Instagram ➭ https://www.instagram.com/mambahfit/ ↳ TikTok ➭ https://www.tiktok.com/@mambahfit ↳ Website ➭ https://www.mambahfit.com/ 〰️ 𝐌𝐔𝐒𝐈𝐂 𝐅𝐑𝐎𝐌 𝐄𝐏𝐈𝐃𝐄𝐌𝐈𝐂 𝐒𝐎𝐔𝐍𝐃 ↳ 7 day free trial ➭ https://share.epidemicsound.com/jjir8n S U B S C R I B E so that we can be together for a long time!! Thank you so much for watching! ___________________________________________________ OTHER VIDEOS: 🎬أكل الشوارع في الفيتنام 🇻🇳 مع الاثمنة || https://youtu.be/SDx2biyCJmM 🎬A DAY IN MOROCCO 😱 مايمكنش واش هذا هو المغرب؟ || https://youtu.be/WgeKmxW7Kps 🎬WELCOME TO THE DESERT 🏜️ الصحراء المغربية 🇲🇦 || https://youtu.be/wwJqxRYj2z0 🎬Iftar with @SimoSedraty 🌮 ضحك ونشاط || https://youtu.be/UjPX4qF1c5s 🎬NORTH OF MOROCCO 🇲🇦 فشمال F' lvan ها علاش مقدرتش نبات || https://youtu.be/9m0mRX6apz8 ___________________________________________________ Thank you for watching Please like, comment, subscribe, and hit the bell 🔔 so you never miss any videos! 👉Subscribe to our channel: https://www.youtube.com/@mambahfit #Comedy #CookingChallenge #UnexpectedVisitor #HouseVlog #GoodEats #ViralMoments #CookingWithFriends #HomeCookingAdventure","healthy,fitness,healthy lifestyle,morocco,maghreb,maroc,vlog,vlogging,moroccan vloger,vlogger,arabic,darija,مغربية,سياحة,مغربي,mambah,matzapesh,mambah fit,مكان,entrepreneur,money,mamba,chteha,giveaway,parodie,food,dahk,nachat,my house 🏠 !دخلت ليا للدار وبدات طيب || mambah fit,she came into my house 🏠 !دخلت ليا للدار وبدات طيب || mambah fit,!دخلت ليا للدار وبدات طيب || mambah fi,mambah fit - she came into my house 🏠,mambah fit - she came into my house 🏠 !دخلت ليا للدار وبدات طيب",26,"Howto & Style",Lifestyle_(sociology),PT18M3S,1083,2d,hd,false,en,ar,https://i.ytimg.com/vi/A32nW2EPaDg/maxresdefault.jpg,1,,,,,90917,3071,,0,121
237,UCFqnvxz2f7J2cmTo_j0XMpA,"Mambah Fit",4FubqaV_Ci8,2024-10-04T17:11:37Z,"2024-10-04 17:11:37","Chocolate oat brownie 🧁 #arabic #moroccan #humour #brownie #food #recipe",,,26,"Howto & Style","Food,Lifestyle_(sociology)",PT40S,40,2d,hd,false,en,ar,https://i.ytimg.com/vi/4FubqaV_Ci8/maxresdefault.jpg,1,,,,,52519,2601,,0,51
238,UCFqnvxz2f7J2cmTo_j0XMpA,"Mambah Fit",Ap-TYViPuLk,2024-10-01T16:56:52Z,"2024-10-01 16:56:52","𝐈 𝐋𝐎𝐕𝐄 𝐘𝐎𝐔𝐑 𝐂𝐑𝐄𝐀𝐓𝐈𝐕𝐈𝐓𝐘 🤣 #arabic #humour #moroccan #morocco #goodvibes",,,26,"Howto & Style","Entertainment,Humour",PT40S,40,2d,hd,false,en,ar,https://i.ytimg.com/vi/Ap-TYViPuLk/maxresdefault.jpg,1,,,,,470733,19246,,0,377
239,UCFqnvxz2f7J2cmTo_j0XMpA,"Mambah Fit",qoLDUTStxNU,2024-09-29T17:25:10Z,"2024-09-29 17:25:10","NEW YOUTUBE VLOG 🤩 #arabic #sunset #vlog #moroccan",,,26,"Howto & Style",Lifestyle_(sociology),PT24S,24,2d,hd,false,en,ar,https://i.ytimg.com/vi/qoLDUTStxNU/maxresdefault.jpg,1,,,,,25171,679,,0,15
240,UCFqnvxz2f7J2cmTo_j0XMpA,"Mambah Fit",rD-nU_VSV-8,2024-09-28T13:03:38Z,"2024-09-28 13:03:38","VLOG JDID FE LA CHAÎNE 🌴 #arabic #moroccan #travel #vlog",,,26,"Howto & Style",Lifestyle_(sociology),PT33S,33,2d,hd,false,fr,ar,https://i.ytimg.com/vi/rD-nU_VSV-8/maxresdefault.jpg,1,,,,,30447,1302,,0,16
241,UCFqnvxz2f7J2cmTo_j0XMpA,"Mambah Fit",0xTqjuvWJ2o,2024-09-28T12:00:01Z,"2024-09-28 12:00:01","BALI IN 2024 🌴 قدرت تعيش نهار فبالي بهاد الثمن؟ || Mambah Fit","BALI IN 2024 🌴 قدرت تعيش نهار فبالي بهاد الثمن؟ || Mambah Fit Welcome back to my channel La Mambah Fam 😇 Is Bali really cheap 💰or is that a lie… Well I’m finally able to share with you a day in the life in Bali 🌴, including my expenses for the month. I’ve spent the entire month of August there, enjoying my time with friends 👥, surfing 🏄🏽‍♂️ almost every single day, drinking cappuccinos ☕️ at the beach, and just disconnecting. I know I haven’t been posting a lot of content in Bali, but because this month was all about focusing on myself, and taking time off social media 🙏🏽 But now I’m finally happy to share with you A Day In My Life in Bali 🤩 Hope you’ll enjoy this vlog, and can’t wait to read all your comments. ⚡️𝐌𝐀𝐓𝐙𝐀𝐏𝐄𝐒𝐇⚡️ 〰️ 𝐅𝐈𝐍𝐃 𝐌𝐄 𝐎𝐍 𝐒𝐎𝐂𝐈𝐀𝐋 𝐌𝐄𝐃𝐈𝐀 ↳ Instagram ➭ https://www.instagram.com/mambahfit/ ↳ TikTok ➭ https://www.tiktok.com/@mambahfit ↳ Website ➭ https://www.mambahfit.com/ 〰️ 𝐌𝐔𝐒𝐈𝐂 𝐅𝐑𝐎𝐌 𝐄𝐏𝐈𝐃𝐄𝐌𝐈𝐂 𝐒𝐎𝐔𝐍𝐃 ↳ 7 day free trial ➭ https://share.epidemicsound.com/jjir8n S U B S C R I B E so that we can be together for a long time!! Thank you so much for watching! ___________________________________________________ OTHER VIDEOS: 🎬أكل الشوارع في الفيتنام 🇻🇳 مع الاثمنة || https://youtu.be/SDx2biyCJmM 🎬A DAY IN MOROCCO 😱 مايمكنش واش هذا هو المغرب؟ || https://youtu.be/WgeKmxW7Kps 🎬WELCOME TO THE DESERT 🏜️ الصحراء المغربية 🇲🇦 || https://youtu.be/wwJqxRYj2z0 🎬Iftar with @SimoSedraty 🌮 ضحك ونشاط || https://youtu.be/UjPX4qF1c5s 🎬NORTH OF MOROCCO 🇲🇦 فشمال F' lvan ها علاش مقدرتش نبات || https://youtu.be/9m0mRX6apz8 ___________________________________________________ Thank you for watching Please like, comment, subscribe, and hit the bell 🔔 so you never miss any videos! 👉Subscribe to our channel: https://www.youtube.com/@mambahfit #Bali2024 #TravelOnABudget #Wanderlust #travel #vlog #balitravelvlog #balitravelguide","healthy,fitness,healthy lifestyle,morocco,travel,maghreb,maroc,vlog,vlogging,moroccan vloger,vlogger,arabic,darija,moroccoinfluencer,مغربية,سياحة,مغربي,mambah,matzapesh,mambah fit,مكان,entrepreneur,mamba,chteha,money,bali,a day in the life,قدرت تعيش نهار فبالي بهاد الثمن؟ || mambah fit,mambah fit - bali in 2024 🌴 قدرت تعيش نهار فبالي بهاد الثمن؟,bali in 2024 🌴 قدرت تعيش نهار فبالي بهاد الثمن؟ || mambah fit,BALI IN 2024 🌴 قدرت تعيش نهار فبالي بهاد الثمن؟",26,"Howto & Style","Lifestyle_(sociology),Tourism",PT15M55S,955,2d,hd,false,en,ar,https://i.ytimg.com/vi/0xTqjuvWJ2o/maxresdefault.jpg,1,,,,,114517,3017,,0,144
242,UCFqnvxz2f7J2cmTo_j0XMpA,"Mambah Fit",q-Y27Yi0aOo,2024-09-27T20:37:21Z,"2024-09-27 20:37:21","𝐓𝐇𝐄𝐑𝐄 𝐈𝐒 𝐍𝐎 𝐄𝐀𝐒𝐘 𝐖𝐀𝐘 𝐓𝐎 𝐌𝐀𝐊𝐄 𝐌𝐎𝐍𝐄𝐘 #arabic #moroccan #goals #discipline",,,26,"Howto & Style",Lifestyle_(sociology),PT54S,54,2d,hd,false,en,ar,https://i.ytimg.com/vi/q-Y27Yi0aOo/maxresdefault.jpg,1,,,,,139487,5417,,0,79
243,UCFqnvxz2f7J2cmTo_j0XMpA,"Mambah Fit",rTX-yHDsF3c,2024-09-25T18:49:35Z,"2024-09-25 18:49:35","𝐍𝐎𝐑𝐌𝐀𝐋𝐈𝐙𝐈𝐍𝐆 𝐇𝐄𝐀𝐋𝐓𝐇𝐘 𝐅𝐎𝐎𝐃 🥗 #arabic #moroccan #food #morocco",,,26,"Howto & Style",Humour,PT42S,42,2d,hd,false,en,ar,https://i.ytimg.com/vi/rTX-yHDsF3c/maxresdefault.jpg,1,,,,,957328,29444,,0,174
244,UCFqnvxz2f7J2cmTo_j0XMpA,"Mambah Fit",m8evSaTZKCY,2024-09-25T12:07:17Z,"2024-09-25 12:07:17","Fin ghadin? 🙌🏽🚐🇲🇦 #arabic #lifestyle #morocco #van #caravan #roadtrip",,,26,"Howto & Style","Humour,Lifestyle_(sociology)",PT13S,13,2d,hd,false,fr,ar,https://i.ytimg.com/vi/m8evSaTZKCY/maxresdefault.jpg,1,,,,,36029,1248,,0,20
245,UCFqnvxz2f7J2cmTo_j0XMpA,"Mambah Fit",lOvWF1_LNFw,2024-09-23T16:53:21Z,"2024-09-23 16:53:21","LET’S COOK TOGETHER “HEALTHY SALMON PASTA” 🍝 #arabic #recipe #cooking #pasta",,,26,"Howto & Style","Food,Lifestyle_(sociology)",PT48S,48,2d,hd,false,en,ar,https://i.ytimg.com/vi/lOvWF1_LNFw/maxresdefault.jpg,1,,,,,64149,3269,,0,50
246,UCFqnvxz2f7J2cmTo_j0XMpA,"Mambah Fit",p98hkQQXPHA,2024-09-22T11:04:45Z,"2024-09-22 11:04:45","Enjoying my Sunday ☀️🐠 #arabic #moroccan #morocco #sun",,,26,"Howto & Style","Lifestyle_(sociology),Tourism",PT19S,19,2d,hd,false,en,ar,https://i.ytimg.com/vi/p98hkQQXPHA/maxresdefault.jpg,1,,,,,24119,900,,0,17
247,UCFqnvxz2f7J2cmTo_j0XMpA,"Mambah Fit",rVp1ZH9FwSI,2024-09-21T12:36:16Z,"2024-09-21 12:36:16","TAGINE 100% MAGHRIBI 🇲🇦 #arabic #tajine #cooking #recipe #morocco #moroccan",,,26,"Howto & Style","Food,Lifestyle_(sociology)",PT28S,28,2d,hd,false,en,ar,https://i.ytimg.com/vi/rVp1ZH9FwSI/maxresdefault.jpg,1,,,,,63712,3146,,0,62
248,UCFqnvxz2f7J2cmTo_j0XMpA,"Mambah Fit",f2Vlwb6eBlk,2024-09-21T11:59:10Z,"2024-09-21 11:59:10","TOP CHEF 👨🏽‍🍳 الطعم كان فوق الخيال || Mambah Fit","TOP CHEF 👨🏽‍🍳 الطعم كان فوق الخيال || Mambah Fit Welcome back to my channel La Mambah Fam 😇 Today is all about learn how to cook a good moroccan tajine 🇲🇦 with @Houssam_bidda From buying the veggies to sharing the meal together, every step was captured 🤩 I met @Houssam_bidda at the beginning of the year while we were collaborating together for a brand, and since kept contact and promised each other that we will film 🎥 a video together, sooo here it is! The tajine tasted amazing and now I’m happy to say that I can do it by myself 🤣 ⚡️𝐌𝐀𝐓𝐙𝐀𝐏𝐄𝐒𝐇⚡️ 〰️ 𝐅𝐈𝐍𝐃 𝐌𝐄 𝐎𝐍 𝐒𝐎𝐂𝐈𝐀𝐋 𝐌𝐄𝐃𝐈𝐀 ↳ Instagram ➭ https://www.instagram.com/mambahfit/ ↳ TikTok ➭ https://www.tiktok.com/@mambahfit ↳ Website ➭ https://www.mambahfit.com/ 〰️ 𝐌𝐔𝐒𝐈𝐂 𝐅𝐑𝐎𝐌 𝐄𝐏𝐈𝐃𝐄𝐌𝐈𝐂 𝐒𝐎𝐔𝐍𝐃 ↳ 7 day free trial ➭ https://share.epidemicsound.com/jjir8n S U B S C R I B E so that we can be together for a long time!! Thank you so much for watching! ___________________________________________________ OTHER VIDEOS: 🎬أكل الشوارع في الفيتنام 🇻🇳 مع الاثمنة || https://youtu.be/SDx2biyCJmM 🎬A DAY IN MOROCCO 😱 مايمكنش واش هذا هو المغرب؟ || https://youtu.be/WgeKmxW7Kps 🎬WELCOME TO THE DESERT 🏜️ الصحراء المغربية 🇲🇦 || https://youtu.be/wwJqxRYj2z0 🎬Iftar with @SimoSedraty 🌮 ضحك ونشاط || https://youtu.be/UjPX4qF1c5s 🎬NORTH OF MOROCCO 🇲🇦 فشمال F' lvan ها علاش مقدرتش نبات || https://youtu.be/9m0mRX6apz8 ___________________________________________________ Thank you for watching Please like, comment, subscribe, and hit the bell 🔔 so you never miss any videos! 👉Subscribe to our channel: https://www.youtube.com/@mambahfit #TopChef #وصفات #طعا # مذاق #CulinaryMagic #FoodLovers #Delicious #FoodieDreams","healthy,fitness,healthy lifestyle,morocco,travel,maghreb,maroc,vlog,vlogging,moroccan vloger,vlogger,arabic,darija,moroccoinfluencer,مغربية,سياحة,مغربي,mambah,matzapesh,mambah fit,مكان,entrepreneur,money,mamba,trading,chteha,a day in my life,money online,chef 👨🏽‍🍳 الطعم كان فوق الخيال || mambah fit,mambah fit - top chef 👨🏽‍🍳 الطعم كان فوق الخيال,top chef 👨🏽‍🍳 الطعم كان فوق الخيال || mambah fit,top chef 👨🏽‍🍳 الطعم كان فوق الخيال",26,"Howto & Style","Food,Lifestyle_(sociology)",PT26M22S,1582,2d,hd,false,ar,ar,https://i.ytimg.com/vi/f2Vlwb6eBlk/maxresdefault.jpg,1,,,,,188094,4608,,0,206
249,UCFqnvxz2f7J2cmTo_j0XMpA,"Mambah Fit",-9K7HH7euTU,2024-09-20T21:05:28Z,"2024-09-20 21:05:28","الحمدلله 🙏🏼 #arabic #vlog #moroccan",,,26,"Howto & Style",,PT19S,19,2d,hd,false,ar,ar,https://i.ytimg.com/vi/-9K7HH7euTU/maxresdefault.jpg,1,,,,,12283,770,,0,18
250,UCFqnvxz2f7J2cmTo_j0XMpA,"Mambah Fit",uN__pBndqBo,2024-09-20T16:55:48Z,"2024-09-20 16:55:48","𝐈 𝐅𝐎𝐔𝐍𝐃 𝐎𝐔𝐑 𝐏𝐑𝐎𝐁𝐋𝐄𝐌… 𝐖𝐄’𝐑𝐄 𝐓𝐎𝐎 𝐋𝐀𝐙𝐘 😖 #arabic #motivation",,,26,"Howto & Style",Health,PT53S,53,2d,hd,false,en,ar,https://i.ytimg.com/vi/uN__pBndqBo/maxresdefault.jpg,1,,,,,269373,12978,,0,353
251,UCFqnvxz2f7J2cmTo_j0XMpA,"Mambah Fit",9XovuUITNls,2024-09-19T17:23:25Z,"2024-09-19 17:23:25","𝐘𝐎𝐔𝐑 𝐓𝐈𝐌𝐄 𝐈𝐒 𝐓𝐇𝐄 𝐌𝐎𝐒𝐓 𝐕𝐀𝐋𝐔𝐀𝐁𝐋𝐄 𝐓𝐇𝐈𝐍𝐆 𝐘𝐎𝐔 𝐇𝐀𝐕𝐄 ⏳ #arabic",,,26,"Howto & Style",Lifestyle_(sociology),PT36S,36,2d,hd,false,en,ar,https://i.ytimg.com/vi/9XovuUITNls/maxresdefault.jpg,1,,,,,32119,2246,,0,40
252,UCFqnvxz2f7J2cmTo_j0XMpA,"Mambah Fit",hiTTrVIsM6I,2024-09-18T13:27:46Z,"2024-09-18 13:27:46","VEGAN PORK ?! 😳 ما كنتش متوقع ناكل هادشي || Mambah Fit","VEGAN PORK ?! 😳 ما كنتش متوقع ناكل هادشي || Mambah Fit Welcome back to my channel La Mambah Fam 😇 For our last episode of Vietnam’s adventures 🇻🇳, I’ve decided to do a second street food tasting but in a different way 🤪. Today I’m hopping on a bike 🛵 to do a tour of Ho Ci Min City while trying their local street food 🥙, and on of the things that caught my attention was the Vegan Pork Ban mi! To be honest it didn’t taste like meat, but it was quite good 😅 It has been quite an adventure, and ending it driving around with a pure local 👤 was the best way for me to finish my trip in Vietnam! I hope you guys enjoyed the Vietnam’s series, and I’ll see you on the next one 🙌🏾 ⚡️𝐌𝐀𝐓𝐙𝐀𝐏𝐄𝐒𝐇⚡️ 〰️ 𝐅𝐈𝐍𝐃 𝐌𝐄 𝐎𝐍 𝐒𝐎𝐂𝐈𝐀𝐋 𝐌𝐄𝐃𝐈𝐀 ↳ Instagram ➭ https://www.instagram.com/mambahfit/ ↳ TikTok ➭ https://www.tiktok.com/@mambahfit ↳ Website ➭ https://www.mambahfit.com/ 〰️ 𝐌𝐔𝐒𝐈𝐂 𝐅𝐑𝐎𝐌 𝐄𝐏𝐈𝐃𝐄𝐌𝐈𝐂 𝐒𝐎𝐔𝐍𝐃 ↳ 7 day free trial ➭ https://share.epidemicsound.com/jjir8n S U B S C R I B E so that we can be together for a long time!! Thank you so much for watching! ___________________________________________________ OTHER VIDEOS: 🎬أكل الشوارع في الفيتنام 🇻🇳 مع الاثمنة || https://youtu.be/SDx2biyCJmM 🎬A DAY IN MOROCCO 😱 مايمكنش واش هذا هو المغرب؟ || https://youtu.be/WgeKmxW7Kps 🎬WELCOME TO THE DESERT 🏜️ الصحراء المغربية 🇲🇦 || https://youtu.be/wwJqxRYj2z0 🎬Iftar with @SimoSedraty 🌮 ضحك ونشاط || https://youtu.be/UjPX4qF1c5s 🎬NORTH OF MOROCCO 🇲🇦 فشمال F' lvan ها علاش مقدرتش نبات || https://youtu.be/9m0mRX6apz8 ___________________________________________________ Thank you for watching Please like, comment, subscribe, and hit the bell 🔔 so you never miss any videos! 👉Subscribe to our channel: https://www.youtube.com/@mambahfit #VeganPork #PlantBased #VeganRecipes #FoodSurprises#FoodAdventure #PlantBasedCooking","healthy lifestyle,morocco,travel,maghreb,maroc,vlog,vlogging,moroccan vloger,vlogger,arabic,darija,moroccoinfluencer,مغربية,سياحة,مغربي,mambah,matzapesh,mambah fit,مكان,entrepreneur,money,mamba,chteha,a day in my life,vietnam,traveling,food,food tour,ما كنتش متوقع ناكل هادشي || mambah fit,mambah fit - vegan pork ?! 😳 ما كنتش متوقع ناكل هادشي,vegan pork ?! 😳 ما كنتش متوقع ناكل هادشي || mambah fi,mambah fit - vegan pork ?!",26,"Howto & Style","Food,Lifestyle_(sociology),Tourism",PT10M16S,616,2d,hd,false,en,ar,https://i.ytimg.com/vi/hiTTrVIsM6I/maxresdefault.jpg,1,,,,,43159,1261,,0,47
253,UCFqnvxz2f7J2cmTo_j0XMpA,"Mambah Fit",3gQMIuOQPoQ,2024-09-18T12:06:40Z,"2024-09-18 12:06:40","I TRIED VEGAN PORK 🤯 #arabic #travel #food #streetfood #travelvlog",,,26,"Howto & Style","Food,Lifestyle_(sociology)",PT14S,14,2d,hd,false,en,ar,https://i.ytimg.com/vi/3gQMIuOQPoQ/maxresdefault.jpg,1,,,,,24526,929,,0,16
254,UCFqnvxz2f7J2cmTo_j0XMpA,"Mambah Fit",y1taCep1B28,2024-09-17T17:48:55Z,"2024-09-17 17:48:55","𝐅𝐀𝐈𝐋𝐔𝐑𝐄 𝐈𝐒 𝐏𝐀𝐑𝐓 𝐎𝐅 𝐓𝐇𝐄 𝐏𝐑𝐎𝐂𝐄𝐒𝐒 “𝐄𝐌𝐁𝐑𝐀𝐂𝐄 𝐈𝐓” #arabic",,,24,Entertainment,"Entertainment,Food",PT46S,46,2d,hd,false,en,ar,https://i.ytimg.com/vi/y1taCep1B28/maxresdefault.jpg,1,,,,,238149,11407,,0,189
255,UCFqnvxz2f7J2cmTo_j0XMpA,"Mambah Fit",JC9a8dPJNTk,2024-09-16T17:43:10Z,"2024-09-16 17:43:10","𝐋𝐄𝐀𝐑𝐍𝐈𝐍𝐆 𝐀𝐑𝐀𝐁𝐈𝐂 “𝐆𝐈𝐕𝐄 𝐌𝐄 𝟔 𝐌𝐎𝐍𝐓𝐇𝐒” 🙌🏽 #arabic #moroccan #learning",,,24,Entertainment,Health,PT39S,39,2d,hd,false,en,ar,https://i.ytimg.com/vi/JC9a8dPJNTk/maxresdefault.jpg,1,,,,,23323,1298,,0,44
256,UCFqnvxz2f7J2cmTo_j0XMpA,"Mambah Fit",2hO9R6pALEQ,2024-09-15T11:19:53Z,"2024-09-15 11:19:53","Ma bghach y ched el flous 😂💵 #arabic #travel #moroccan #arabicdialect #travel",,,24,Entertainment,Lifestyle_(sociology),PT25S,25,2d,hd,false,en,ar,https://i.ytimg.com/vi/2hO9R6pALEQ/maxresdefault.jpg,1,,,,,10461,357,,0,6
257,UCFqnvxz2f7J2cmTo_j0XMpA,"Mambah Fit",8geWi7__wxE,2024-09-14T18:07:41Z,"2024-09-14 18:07:41","VLOG JDID TLAH 🇻🇳 #arabic #travel #moroccan #arabicdialect #healthy #vlog",,,24,Entertainment,"Lifestyle_(sociology),Tourism",PT27S,27,2d,hd,false,en,ar,https://i.ytimg.com/vi/8geWi7__wxE/maxresdefault.jpg,1,,,,,7024,369,,0,6
258,UCFqnvxz2f7J2cmTo_j0XMpA,"Mambah Fit",hplT9XQXU6k,2024-09-14T18:00:31Z,"2024-09-14 18:00:31","Vietnam 🇻🇳 تسافيرة في || Mambah Fit","Vietnam 🇻🇳 تسافيرة في || Mambah Fit Welcome to the episode 4 of our adventures in Vietnam 🇻🇳 In this episode, we're going to discover the beautiful Hội An, immerse ourselves in their traditions during full moon 🌚, bike 🚴🏽‍♂️ around the rice fields and enjoy a kind of boat ride on the river 🛶 So now just seat back, relax and enjoy this episode 🤩 ⚡️𝐌𝐀𝐓𝐙𝐀𝐏𝐄𝐒𝐇⚡️ 〰️ 𝐅𝐈𝐍𝐃 𝐌𝐄 𝐎𝐍 𝐒𝐎𝐂𝐈𝐀𝐋 𝐌𝐄𝐃𝐈𝐀 ↳ Instagram ➭ https://www.instagram.com/mambahfit/ ↳ TikTok ➭ https://www.tiktok.com/@mambahfit ↳ Website ➭ https://www.mambahfit.com/ 〰️ 𝐌𝐔𝐒𝐈𝐂 𝐅𝐑𝐎𝐌 𝐄𝐏𝐈𝐃𝐄𝐌𝐈𝐂 𝐒𝐎𝐔𝐍𝐃 ↳ 7 day free trial ➭ https://share.epidemicsound.com/jjir8n S U B S C R I B E so that we can be together for a long time!! Thank you so much for watching! ___________________________________________________ OTHER VIDEOS: 🎬أكل الشوارع في الفيتنام 🇻🇳 مع الاثمنة || https://youtu.be/SDx2biyCJmM 🎬A DAY IN MOROCCO 😱 مايمكنش واش هذا هو المغرب؟ || https://youtu.be/WgeKmxW7Kps 🎬WELCOME TO THE DESERT 🏜️ الصحراء المغربية 🇲🇦 || https://youtu.be/wwJqxRYj2z0 🎬Iftar with @SimoSedraty 🌮 ضحك ونشاط || https://youtu.be/UjPX4qF1c5s 🎬NORTH OF MOROCCO 🇲🇦 فشمال F' lvan ها علاش مقدرتش نبات || https://youtu.be/9m0mRX6apz8 ___________________________________________________ Thank you for watching Please like, comment, subscribe, and hit the bell 🔔 so you never miss any videos! 👉Subscribe to our channel: https://www.youtube.com/@mambahfit #healthy #morocco #food #travel #arabic #darija #maroc #vlog #vlogger #vlogginglife #vlogging #lifestyle #vietnam","healthy,morocco,travel,vlog,vitnam,traveling,mambah,mambah fit,mamba fit,mamba,vlogging,moroccan,moroccan vloger,moroccan traveler,مكان,maghreb,سياحة,مغربية,arabic,darija,asia,تسافيرة في || mambah fit,vietnam 🇻🇳 تسافيرة في || mambah fit,mambah fit - vietnam 🇻🇳,lifestyle,vietnam 🇻🇳 تسافيرة في,vietnam 🇻🇳 || mambah fit,mambah fit - vietnam,vietnam 🇻🇳 || mambah fit - vietnam 🇻🇳 تسافيرة في",24,Entertainment,"Lifestyle_(sociology),Tourism",PT9M22S,562,2d,hd,false,en,zxx,https://i.ytimg.com/vi/hplT9XQXU6k/maxresdefault.jpg,1,,,,,28811,897,,0,34
259,UCFqnvxz2f7J2cmTo_j0XMpA,"Mambah Fit",pAYW-7_KICw,2024-09-13T17:40:20Z,"2024-09-13 17:40:20","𝐋𝐄𝐓’𝐒 𝐂𝐎𝐎𝐊 𝐓𝐎𝐆𝐄𝐓𝐇𝐄𝐑 “𝐇𝐄𝐀𝐋𝐓𝐇𝐘 𝐃𝐎𝐔𝐁𝐋𝐄 𝐂𝐇𝐄𝐄𝐒𝐄 𝐁𝐔𝐑𝐆𝐄𝐑” 🍔",,,24,Entertainment,"Food,Lifestyle_(sociology)",PT55S,55,2d,hd,false,en,ar,https://i.ytimg.com/vi/pAYW-7_KICw/maxresdefault.jpg,1,,,,,110387,4523,,0,59
260,UCFqnvxz2f7J2cmTo_j0XMpA,"Mambah Fit",1-ro-PScn-4,2024-09-11T17:37:18Z,"2024-09-11 17:37:18","𝐀 𝐃𝐀𝐘 𝐈𝐍 𝐌𝐘 𝐋𝐈𝐅𝐄 “𝐁𝐀𝐂𝐊 𝐓𝐎 𝐌𝐎𝐑𝐎𝐂𝐂𝐎” 🇲🇦 #healthy #lifestyle #vlog #minivlog",,,24,Entertainment,"Food,Lifestyle_(sociology)",PT52S,52,2d,hd,false,en,ar,https://i.ytimg.com/vi/1-ro-PScn-4/maxresdefault.jpg,1,,,,,112760,5579,,0,70
261,UCFqnvxz2f7J2cmTo_j0XMpA,"Mambah Fit",hf0cM6ERtxw,2024-09-11T15:27:15Z,"2024-09-11 15:27:15","Tferejtou Oula bake? #arabic #travel #moroccan #healthy #vlog",,,24,Entertainment,"Lifestyle_(sociology),Tourism",PT27S,27,2d,hd,false,en,ar,https://i.ytimg.com/vi/hf0cM6ERtxw/maxresdefault.jpg,1,,,,,24613,1120,,0,11
262,UCFqnvxz2f7J2cmTo_j0XMpA,"Mambah Fit",CrZ6_owknEc,2024-09-10T18:45:54Z,"2024-09-10 18:45:54","Give me 6 months and I’ll be fluent 😇🇲🇦 #arabic #moroccan #healthy #lifestyle",,,24,Entertainment,Lifestyle_(sociology),PT24S,24,2d,hd,false,en,ar,https://i.ytimg.com/vi/CrZ6_owknEc/maxresdefault.jpg,1,,,,,46462,2352,,0,77
263,UCFqnvxz2f7J2cmTo_j0XMpA,"Mambah Fit",lGCUW9hsG_g,2024-09-09T17:59:01Z,"2024-09-09 17:59:01","Finally back home 🇲🇦 #arabic #moroccan #morocco #goodvibes #healthy",,,24,Entertainment,Lifestyle_(sociology),PT14S,14,2d,hd,false,en,ar,https://i.ytimg.com/vi/lGCUW9hsG_g/maxresdefault.jpg,1,,,,,23885,1046,,0,50
264,UCFqnvxz2f7J2cmTo_j0XMpA,"Mambah Fit",l75e7BssDD8,2024-09-08T09:26:38Z,"2024-09-08 09:26:38","New vlog is out 🤩 #travel #arabic #lifestyle #moroccan #healthy #food","Tferjou vlog jdid!!",,24,Entertainment,"Lifestyle_(sociology),Tourism",PT17S,17,2d,hd,false,en,ar,https://i.ytimg.com/vi/l75e7BssDD8/maxresdefault.jpg,1,,,,,16066,735,,0,9
265,UCFqnvxz2f7J2cmTo_j0XMpA,"Mambah Fit",UxVChcYg3pE,2024-09-07T18:00:24Z,"2024-09-07 18:00:24","WEEKEND WITH FRIENDS 🐬 ! لقينا راسنا وسط الدلافين || Mambah Fit","WEEKEND WITH FRIENDS 🐬 ! لقينا راسنا وسط الدلافين || Mambah Fit spent an amazing weekend with my friends next to Bali, and we swam with dolphins! 🤩 While in Bali, we decided to escape to Nusa Lembongan, a stunning island known for its turquoise waters and vibrant marine life. From snorkeling in crystal-clear waters to encountering playful dolphins, this trip was full of unforgettable moments. Join us as we explore the hidden gems of Nusa Lembongan, discover breathtaking underwater worlds, and share some laughs along the way! 🌊🐬 ---------------------------------------------------------------------------------------------------------------------------- دوزت واحد عطلة واعرة مع صحابي حدا بالي , وعمنا مع دلافين! . وملي كنا فبالي , قررنا نمشوا لجزيرة نوسا ليمبونجان,واحد الجزيرة لواعرة لمشهورة بلون البحر والحيونات البحرية والطبيعة .جربنا العوم في مياه صافية ومع الدلافين النشيطة,هد التجربة كانت عامرة باللحظات لي عمري نساها.تفرجوا باش تكتشفوا كثر جزيرة نوسا ليمبونجان , وتعوموا معنا تحت الماء وضحكوا ! ⚡️𝐌𝐀𝐓𝐙𝐀𝐏𝐄𝐒𝐇⚡️ 〰️ 𝐅𝐈𝐍𝐃 𝐌𝐄 𝐎𝐍 𝐒𝐎𝐂𝐈𝐀𝐋 𝐌𝐄𝐃𝐈𝐀 ↳ https://www.instagram.com/mambahfit/ ↳ https://www.tiktok.com/@mambahfiit ↳ https://www.mambahfit.com/ 〰️ 𝐌𝐔𝐒𝐈𝐂 𝐅𝐑𝐎𝐌 𝐄𝐏𝐈𝐃𝐄𝐌𝐈𝐂 𝐒𝐎𝐔𝐍𝐃 ↳ https://share.epidemicsound.com/jjir8n S U B S C R I B E so that we can be together for a long time!! Thank you so much for watching! ___________________________________________________ OTHER VIDEOS: 🎬أكل الشوارع في الفيتنام 🇻🇳 مع الاثمنة || https://youtu.be/SDx2biyCJmM 🎬A DAY IN MOROCCO 😱 مايمكنش واش هذا هو المغرب؟ || https://youtu.be/WgeKmxW7Kps 🎬WELCOME TO THE DESERT 🏜️ الصحراء المغربية 🇲🇦 || https://youtu.be/wwJqxRYj2z0 🎬Iftar with @SimoSedraty 🌮 ضحك ونشاط || https://youtu.be/UjPX4qF1c5s 🎬NORTH OF MOROCCO 🇲🇦 فشمال F' lvan ها علاش مقدرتش نبات || https://youtu.be/9m0mRX6apz8 ___________________________________________________ Thank you for watching Please like, comment, subscribe, and hit the bell 🔔 so you never miss any videos! 👉Subscribe to our channel: https://www.youtube.com/@mambahfit #Dolphins #WeekendVibes #FriendshipGoals #DolphinAdventure #Friendship #WeekendFun","mambah fit,mamba,mamba fit,chteha,maghreb,dolphin,adventure,good vibes,vlog,لقينا راسنا وسط الدلافين || mambah fit,weekend with friends 🐬 ! لقينا راسنا وسط الدلافين,mambah fit - weekend with friends 🐬,home workout,mambah fit - weekend with friends 🐬 ! لقينا راسنا وسط الدلافين,weekend with friends 🐬 ! لقينا راسنا وسط الدلافين || mambah fit,the weeknd,tell your friends,weeknd,the weekend,weeknd tell your friends,we cant be friends",24,Entertainment,"Hobby,Lifestyle_(sociology),Tourism",PT21M15S,1275,2d,hd,false,ar,ar,https://i.ytimg.com/vi/UxVChcYg3pE/maxresdefault.jpg,1,,,,,124482,2340,,0,90
266,UCFqnvxz2f7J2cmTo_j0XMpA,"Mambah Fit",lAulmKJAKt0,2024-09-04T17:38:06Z,"2024-09-04 17:38:06","𝐋𝐄𝐓’𝐒 𝐆𝐎 𝐄𝐗𝐏𝐋𝐎𝐑𝐄 𝐓𝐇𝐄 𝐈𝐒𝐋𝐀𝐍𝐃 🌾 #arabic #travel #goodvibes #adayinmylife",,,24,Entertainment,"Lifestyle_(sociology),Tourism",PT50S,50,2d,hd,false,en,ar,https://i.ytimg.com/vi/lAulmKJAKt0/maxresdefault.jpg,1,,,,,395913,12299,,0,60
267,UCFqnvxz2f7J2cmTo_j0XMpA,"Mambah Fit",giePFUw5KjE,2024-09-01T17:49:25Z,"2024-09-01 17:49:25","A DAY IN MY LIFE IN BALI 🏝️ #arabic #travel #moroccan #goodvibes #vlog #minivlog #adayinmylife",,,24,Entertainment,"Lifestyle_(sociology),Tourism",PT45S,45,2d,hd,false,en,ar,https://i.ytimg.com/vi/giePFUw5KjE/maxresdefault.jpg,1,,,,,282312,11046,,0,64
268,UCFqnvxz2f7J2cmTo_j0XMpA,"Mambah Fit",S9ssISch4yM,2024-08-20T13:52:31Z,"2024-08-20 13:52:31","𝐌𝐘 𝐋𝐈𝐅𝐄 𝐋𝐀𝐓𝐄𝐋𝐘 🤙🏽 #travel #healthy #lifestyle #goodvibes #summer #beach #vibes",,,24,Entertainment,"Lifestyle_(sociology),Tourism",PT14S,14,2d,hd,false,en,ar,https://i.ytimg.com/vi/S9ssISch4yM/maxresdefault.jpg,1,,,,,66787,2728,,0,30
269,UCFqnvxz2f7J2cmTo_j0XMpA,"Mambah Fit",SDx2biyCJmM,2024-08-04T15:30:08Z,"2024-08-04 15:30:08","أكل الشوارع في الفيتنام 🇻🇳 مع الاثمنة","Welcome back to my channel La Mambah Fam 😇 What would be a trip to Vietnam 🇻🇳 without doing a street food vlog 🤳🏽 I was sooo excited and scared at the same time for this one… In the first vlog I gave you a heads up with the food 🍗 and that you should be careful where and what you eat… Well I went all in and tried “almost” everything 🤣. While being at the beach in Da Nang, I’ve decided to go to a Street Night Market (recommended by social media 😏) and I was quite surprised with the quality of the food to be honest! It was definitely very good 🤩 So now just sit back and enjoy this food vlog in Vietnam 😋 ⚡️𝐌𝐀𝐓𝐙𝐀𝐏𝐄𝐒𝐇⚡️ 〰️ 𝐅𝐈𝐍𝐃 𝐌𝐄 𝐎𝐍 𝐒𝐎𝐂𝐈𝐀𝐋 𝐌𝐄𝐃𝐈𝐀 ↳ Instagram ➭ https://www.instagram.com/mambahfit/ ↳ TikTok ➭ https://www.tiktok.com/@mambahfit ↳ Website ➭ https://www.mambahfit.com/ 〰️ 𝐌𝐔𝐒𝐈𝐂 𝐅𝐑𝐎𝐌 𝐄𝐏𝐈𝐃𝐄𝐌𝐈𝐂 𝐒𝐎𝐔𝐍𝐃 ↳ 7 day free trial ➭ https://share.epidemicsound.com/jjir8n #healthy #morocco #food #travel #arabic #darija #halal #streetfood #foodlover #maghreb #maroc #vlog #vlogger #vlogging","healthy,Lifestyle,morocco,travel,vlog,food,food vlog,street food,vitnam,traveling,mambah,mambah fit,mamba fit,mamba,matzapech,matzapish,matzapewch,makla,vlogging,moroccan,moroccan vloger,moroccan traveler,مكان,maghreb,سياحة,مغربية,arabic,darija,asia,entrepreneur",24,Entertainment,"Food,Lifestyle_(sociology),Tourism",PT10M12S,612,2d,hd,false,ar,zxx,https://i.ytimg.com/vi/SDx2biyCJmM/maxresdefault.jpg,1,,,,,131443,3554,,0,106
270,UCFqnvxz2f7J2cmTo_j0XMpA,"Mambah Fit",Dp4UcGoO1eg,2024-07-31T18:00:11Z,"2024-07-31 18:00:11","I’M FLYING ✈️ عشت تجربة واعرة","Welcome back to my channel La Mambah Fam 😇 I couldn’t do this experience without filming 📹and capturing every single moment of it! After our 2 day boat trip 🛥️ we had the chance to experience an amazing flight above Ha Long Bay ⛰️ to see the islands from up high, and this was a once in a lifetime experience! I’ll let you enjoy the view, even tho you already watched it through the lens of the drone 😅 in my past vlog. ⚡️𝐌𝐀𝐓𝐙𝐀𝐏𝐄𝐒𝐇⚡️ 〰️ 𝐅𝐈𝐍𝐃 𝐌𝐄 𝐎𝐍 𝐒𝐎𝐂𝐈𝐀𝐋 𝐌𝐄𝐃𝐈𝐀 ↳ Instagram ➭ https://www.instagram.com/mambahfit/ ↳ TikTok ➭ https://www.tiktok.com/@mambahfit ↳ Website ➭ https://www.mambahfit.com/ 〰️ 𝐌𝐔𝐒𝐈𝐂 𝐅𝐑𝐎𝐌 𝐄𝐏𝐈𝐃𝐄𝐌𝐈𝐂 𝐒𝐎𝐔𝐍𝐃 ↳ 7 day free trial ➭ https://share.epidemicsound.com/jjir8n","healthy,fitness,healthy lifestyle,morocco,travel,maghreb,maroc,vlog,vlogging,moroccan vloger,vlogger,arabic,darija,moroccoinfluencer,مغربية,سياحة,مغربي,mambah,matzapesh,mambah fit,مكان,entrepreneur,mamba,a day in my life,vietnam,traveling,island,جزيرة,تجربة السفر,السفر الى الفيتنام,السفر الى أسيا",19,"Travel & Events","Hobby,Lifestyle_(sociology),Tourism",PT6M45S,405,2d,hd,false,en,zxx,https://i.ytimg.com/vi/Dp4UcGoO1eg/maxresdefault.jpg,1,,,,,47462,1445,,0,70
271,UCFqnvxz2f7J2cmTo_j0XMpA,"Mambah Fit",lU_02fNUSBU,2024-07-31T00:00:38Z,"2024-07-31 00:00:38","Have you seen the new vlog 🇻🇳🤩 #lifestyle #travel #healthy #food #arabic #morocco #motivation",,,26,"Howto & Style","Lifestyle_(sociology),Tourism",PT15S,15,2d,hd,false,en,ar,https://i.ytimg.com/vi/lU_02fNUSBU/maxresdefault.jpg,1,,,,,23676,1005,,0,8
272,UCFqnvxz2f7J2cmTo_j0XMpA,"Mambah Fit",sW3BZMsVxp8,2024-07-29T16:12:19Z,"2024-07-29 16:12:19","TRAVEL WITH MAMBAH “HA LONG BAY” 🛶 #lifestyle #travel #healthy #arabic #morocco",,,26,"Howto & Style","Lifestyle_(sociology),Tourism",PT32S,32,2d,hd,false,en,ar,https://i.ytimg.com/vi/sW3BZMsVxp8/maxresdefault.jpg,1,,,,,26887,1073,,0,7
273,UCFqnvxz2f7J2cmTo_j0XMpA,"Mambah Fit",K0G7WaDUEGo,2024-07-28T14:45:20Z,"2024-07-28 14:45:20","Vlog Jdid 🤩🇻🇳 #lifestyle #travel #healthy #arabic #traveling #morocco",,,26,"Howto & Style","Lifestyle_(sociology),Tourism",PT12S,12,2d,hd,false,en,ar,https://i.ytimg.com/vi/K0G7WaDUEGo/maxresdefault.jpg,1,,,,,21762,886,,0,7
274,UCFqnvxz2f7J2cmTo_j0XMpA,"Mambah Fit",KvsmJ0EQgu0,2024-07-27T17:00:11Z,"2024-07-27 17:00:11","‎ مانصحكش تمشي لهاد البلاصة 🇻🇳 Vietnam's Paradise","Welcome back to my channel La Mambah Fam 😇 Vietnam 🇻🇳 has been treating me pretty well this past week! I’ve been enjoying every second of it 🤩. Good food, good people, amazing landscapes, and most of all, a loooot of content 🎥 to capture for you all! This episode is all about Hą Long Bay, located in northeast Vietnam and known for its stunning waters and rocks full of rainforest ⛰️. We spent 2 days on a boat 🛥️ cruising the different islands 🏝️, discovering new landscapes and sipping some virgin piña coladas 🍍 while enjoying the sunset 🌅. Not only that, but we also biked 🚴🏽 through a stunning island meeting locals and learning about their way of life. I hope you’ll enjoy watching this episode and have a good time 😉 ⚡️𝐌𝐀𝐓𝐙𝐀𝐏𝐄𝐒𝐇⚡️ 〰️ 𝐅𝐈𝐍𝐃 𝐌𝐄 𝐎𝐍 𝐒𝐎𝐂𝐈𝐀𝐋 𝐌𝐄𝐃𝐈𝐀 ↳ Instagram ➭ https://www.instagram.com/mambahfit/ ↳ TikTok ➭ https://www.tiktok.com/@mambahfit ↳ Website ➭ https://www.mambahfit.com/ 〰️ 𝐌𝐔𝐒𝐈𝐂 𝐅𝐑𝐎𝐌 𝐄𝐏𝐈𝐃𝐄𝐌𝐈𝐂 𝐒𝐎𝐔𝐍𝐃 ↳ 7 day free trial ➭ https://share.epidemicsound.com/jjir8n","healthy,fitness,healthy lifestyle,morocco,travel,maghreb,maroc,vlog,vlogging,moroccan vloger,vlogger,arabic,darija,moroccoinfluencer,مغربية,سياحة,مغربي,mambah,matzapesh,mambah fit,مكان,entrepreneur,mamba,chteha,a day in my life,vietnam,traveling,island,جزيرة,cruise,تجربة السفر,السفر الى الفيتنام,السفر الى أسيا",26,"Howto & Style","Lifestyle_(sociology),Tourism",PT15M53S,953,2d,hd,false,en,ar,https://i.ytimg.com/vi/KvsmJ0EQgu0/maxresdefault.jpg,1,,,,,82214,2361,,0,116
275,UCFqnvxz2f7J2cmTo_j0XMpA,"Mambah Fit",XsijWg-FgXY,2024-07-25T13:33:02Z,"2024-07-25 13:33:02","TFEREJTOU FEL VLOG DIAL VIETNAM 🇻🇳? #lifestyle #healthy #vlog #travel #traveling #arabic #darija",,,26,"Howto & Style","Lifestyle_(sociology),Tourism",PT28S,28,2d,hd,false,hu,ar,https://i.ytimg.com/vi/XsijWg-FgXY/maxresdefault.jpg,1,,,,,23378,1029,,0,10
276,UCFqnvxz2f7J2cmTo_j0XMpA,"Mambah Fit",IvP7tDhbaBc,2024-07-22T14:57:20Z,"2024-07-22 14:57:20","THE VIETNAM VLOG IS OUT 🤩🇻🇳 #lifestyle #healthy #vlog #travel #traveling #arabic",,,26,"Howto & Style","Lifestyle_(sociology),Tourism",PT57S,57,2d,hd,false,en,ar,https://i.ytimg.com/vi/IvP7tDhbaBc/maxresdefault.jpg,1,,,,,39295,1837,,0,30
277,UCFqnvxz2f7J2cmTo_j0XMpA,"Mambah Fit",ZksXTulHO7M,2024-07-21T16:02:02Z,"2024-07-21 16:02:02","A DAY IN VIETNAM 🇻🇳: عجائب و غرائب عاصمة الفيتنام Hanoï","Welcome back to my channel La Mambah Fam 😇 Finally! After several years wanting to visit this part of the world, we made it to Vietnam 🇻🇳 It took us 2 planes ✈️ and over 19h of traveling 🧳 to arrive to the vibrant city of Hanoi, the capital of Vietnam, where I spent 3 days discovering the city 🌆 enjoying their food 🍲 and most importantly, meeting so many amazing locals 🙏🏼 This is only the beginning of this trip 🤩 there will be many vlogs to come, so sit down, and enjooooy 🙌🏽 ⚡️𝐌𝐀𝐓𝐙𝐀𝐏𝐄𝐒𝐇⚡️ 〰️ 𝐅𝐈𝐍𝐃 𝐌𝐄 𝐎𝐍 𝐒𝐎𝐂𝐈𝐀𝐋 𝐌𝐄𝐃𝐈𝐀 ↳ Instagram ➭ https://www.instagram.com/mambahfit/ ↳ TikTok ➭ https://www.tiktok.com/@mambahfit ↳ Website ➭ https://www.mambahfit.com/ 〰️ 𝐌𝐔𝐒𝐈𝐂 𝐅𝐑𝐎𝐌 𝐄𝐏𝐈𝐃𝐄𝐌𝐈𝐂 𝐒𝐎𝐔𝐍𝐃 ↳ 7 day free trial ➭ https://share.epidemicsound.com/jjir8n","healthy,fitness,healthy lifestyle,morocco,travel,maghreb,maroc,vlog,vlogging,moroccan vloger,vlogger,arabic,darija,moroccoinfluencer,مغربية,سياحة,مغربي,mambah,matzapesh,mambah fit,مكان,entrepreneur,money,mamba,trading,chteha,a day in my life,vietnam,traveling,hanoi",26,"Howto & Style","Lifestyle_(sociology),Tourism",PT20M20S,1220,2d,hd,false,en,ar,https://i.ytimg.com/vi/ZksXTulHO7M/maxresdefault.jpg,1,,,,,176903,4661,,0,291
278,UCFqnvxz2f7J2cmTo_j0XMpA,"Mambah Fit",QFPaNJk_93A,2024-07-14T16:36:55Z,"2024-07-14 16:36:55","TRAVEL WITH MAMBAH “LET’S GO TO VIETNAM” 🇻🇳 #healthy #lifestyle #minivlog #travel #arabic",,,26,"Howto & Style","Lifestyle_(sociology),Tourism",PT40S,40,2d,hd,false,en,ar,https://i.ytimg.com/vi/QFPaNJk_93A/maxresdefault.jpg,1,,,,,108475,5686,,0,78
279,UCFqnvxz2f7J2cmTo_j0XMpA,"Mambah Fit",tz6y7XMZ25k,2024-07-13T15:57:21Z,"2024-07-13 15:57:21","Check out the new vlog 🤩🍿 #lifestyle #vlog #morocco #arabic #darija #content #maroc #maghreb",,,26,"Howto & Style",Lifestyle_(sociology),PT29S,29,2d,hd,false,fr,ar,https://i.ytimg.com/vi/tz6y7XMZ25k/maxresdefault.jpg,1,,,,,21990,1045,,0,8
280,UCFqnvxz2f7J2cmTo_j0XMpA,"Mambah Fit",KfqloYm8bFM,2024-07-13T15:53:38Z,"2024-07-13 15:53:38","IT’S FINALLY OUT 🤩🍿🎥 #healthy #lifestyle #morocco #darija #arabic #vlog",,,26,"Howto & Style",Lifestyle_(sociology),PT24S,24,2d,hd,false,en,ar,https://i.ytimg.com/vi/KfqloYm8bFM/maxresdefault.jpg,1,,,,,28580,1405,,0,9
281,UCFqnvxz2f7J2cmTo_j0XMpA,"Mambah Fit",oIE178YED8o,2024-07-13T15:30:13Z,"2024-07-13 15:30:13","CREATORS TALK 🤩 أجي تشوف معامن تلاقيت","Welcome back to my channel La Mambah Fam 😇 Today is not a normal vlog, today is all about the creators 🤩, more importantly the Moroccan 🇲🇦 content creators! I had the honor to be invited by @SimoSedraty to talk about my journey as a content creator 🤳🏽 and how I deal with negativity on social media. But I wasn’t alone, I was with 2 other amazing big content creators @amineaouni @Mustaphaswingaofficiel who have been in the Moroccan creators space for over 10 years already 🤯. Soooo standing next to them, and giving advice to young & fresh content creators was an honor 🙏🏽 I’ve been in this space for over 4 years now, and it’s been a blast! So if you’re reading this, and thinking about starting, you should! It’s never too late, shoot your shot, and go for it 🚀 ⚡️𝐌𝐀𝐓𝐙𝐀𝐏𝐄𝐒𝐇⚡️ 〰️ 𝐅𝐈𝐍𝐃 𝐌𝐄 𝐎𝐍 𝐒𝐎𝐂𝐈𝐀𝐋 𝐌𝐄𝐃𝐈𝐀 ↳ Instagram ➭ https://www.instagram.com/mambahfit/ ↳ TikTok ➭ https://www.tiktok.com/@mambahfit ↳ Website ➭ https://www.mambahfit.com/ 〰️ 𝐌𝐔𝐒𝐈𝐂 𝐅𝐑𝐎𝐌 𝐄𝐏𝐈𝐃𝐄𝐌𝐈𝐂 𝐒𝐎𝐔𝐍𝐃 ↳ 7 day free trial ➭ https://share.epidemicsound.com/jjir8n","healthy,fitness,healthy lifestyle,morocco,travel,maghreb,maroc,vlog,vlogging,moroccan vloger,vlogger,arabic,darija,moroccoinfluencer,مغربية,سياحة,مغربي,mambah,matzapesh,mambah fit,مكان,entrepreneur,mamba,chteha,tijara electronia,simo sedrati,mustapha swinga,Amine Aouni,content creators",26,"Howto & Style",Lifestyle_(sociology),PT19M27S,1167,2d,hd,false,en,ar,https://i.ytimg.com/vi/oIE178YED8o/maxresdefault.jpg,1,,,,,79573,2218,,0,148
282,UCFqnvxz2f7J2cmTo_j0XMpA,"Mambah Fit",wlf070hENDQ,2024-07-12T17:55:09Z,"2024-07-12 17:55:09","LET’S BAKE TOGETHER “CAULIFLOWER BROWNIE” 🧁 #healthy #lifestyle #recipes #arabic #darija #morocco",,,26,"Howto & Style","Food,Lifestyle_(sociology)",PT57S,57,2d,hd,false,en,ar,https://i.ytimg.com/vi/wlf070hENDQ/maxresdefault.jpg,1,,,,,311544,10886,,0,150
283,UCFqnvxz2f7J2cmTo_j0XMpA,"Mambah Fit",fQPOT--taqk,2024-07-11T13:58:56Z,"2024-07-11 13:58:56","Tajine waaaa3er 🤩 #cooking #morocco #lifestyle #healthy #arabic #moroc",,,26,"Howto & Style","Food,Lifestyle_(sociology)",PT18S,18,2d,hd,false,en,ar,https://i.ytimg.com/vi/fQPOT--taqk/maxresdefault.jpg,1,,,,,68439,3321,,0,64
284,UCFqnvxz2f7J2cmTo_j0XMpA,"Mambah Fit",c7tOMMzybWI,2024-07-10T17:53:19Z,"2024-07-10 17:53:19","𝐒𝐓𝐎𝐏 𝐏𝐎𝐒𝐓𝐏𝐎𝐍𝐈𝐍𝐆, 𝐌𝐀𝐊𝐄 𝐘𝐎𝐔𝐑 𝐋𝐈𝐅𝐄 𝐄𝐀𝐒𝐈𝐄𝐑 #lifestyle #morocco #humour",,,26,"Howto & Style","Entertainment,Humour",PT47S,47,2d,hd,false,en,ar,https://i.ytimg.com/vi/c7tOMMzybWI/maxresdefault.jpg,1,,,,,795415,30134,,0,160
285,UCFqnvxz2f7J2cmTo_j0XMpA,"Mambah Fit",YLb5XgR0_Dk,2024-07-08T17:35:17Z,"2024-07-08 17:35:17","LETS MAKE SOME GOOD VIBES FAJITAS 🌮 #humour #morocco #darija #recipe #healthy #food #foodie #arabic",,,26,"Howto & Style","Food,Humour,Lifestyle_(sociology)",PT47S,47,2d,hd,false,en,ar,https://i.ytimg.com/vi/YLb5XgR0_Dk/maxresdefault.jpg,1,,,,,126836,5518,,0,87
286,UCFqnvxz2f7J2cmTo_j0XMpA,"Mambah Fit",IoaQsNliBUA,2024-07-07T15:51:45Z,"2024-07-07 15:51:45","VLOG JDID 🤩🚀 TFERJOOOOO 🇲🇦 #lifestyle #morocco #arabic #healthy #vlog",,,26,"Howto & Style",Lifestyle_(sociology),PT29S,29,2d,hd,false,en,ar,https://i.ytimg.com/vi/IoaQsNliBUA/maxresdefault.jpg,1,,,,,40125,2012,,0,23
287,UCFqnvxz2f7J2cmTo_j0XMpA,"Mambah Fit",WgeKmxW7Kps,2024-07-07T15:30:14Z,"2024-07-07 15:30:14","A DAY IN MOROCCO 😱 مايمكنش واش هذا هو المغرب؟","Welcome back to my channel La Mambah Fam 😇 It’s been a while since I posted in here 😅 but I’m back with some fresh new ideas 💡, and today is all about an unscripted day in my life. I’ve started YouTube mainly with daily simple vlogs 📹 and that’s how I made this channel grow! Sooo let’s get back at it 🚀. BTW let me know if you would like to see more of those videos. Also, I’ve started trading 📉these past days just to learn something new and try to get a new source of revenue 🤑, buuuut it’s not going as expected at the moment 🤣 Anyways, I hope you’ll enjoy this little moment with me, and don’t forget to SUBSCRIBE because there is a loooot coming this summer ☀️ ⚡️𝐌𝐀𝐓𝐙𝐀𝐏𝐄𝐒𝐇⚡️ 〰️ 𝐅𝐈𝐍𝐃 𝐌𝐄 𝐎𝐍 𝐒𝐎𝐂𝐈𝐀𝐋 𝐌𝐄𝐃𝐈𝐀 ↳ Instagram ➭ https://www.instagram.com/mambahfit/ ↳ TikTok ➭ https://www.tiktok.com/@mambahfit ↳ Website ➭ https://www.mambahfit.com/ 〰️ 𝐌𝐔𝐒𝐈𝐂 𝐅𝐑𝐎𝐌 𝐄𝐏𝐈𝐃𝐄𝐌𝐈𝐂 𝐒𝐎𝐔𝐍𝐃 ↳ 7 day free trial ➭ https://share.epidemicsound.com/jjir8n","healthy,fitness,healthy lifestyle,morocco,travel,maghreb,maroc,vlog,vlogging,moroccan vloger,vlogger,arabic,darija,moroccoinfluencer,مغربية,سياحة,مغربي,mambah,matzapesh,mambah fit,مكان,entrepreneur,money,mamba,trading,chteha,a day in my life,nhar fel maghreb,nhar fe morocco,money online,tijara electronia",26,"Howto & Style","Lifestyle_(sociology),Tourism",PT21M23S,1283,2d,hd,false,en,ar,https://i.ytimg.com/vi/WgeKmxW7Kps/maxresdefault.jpg,1,,,,,317094,6713,,0,414
288,UCFqnvxz2f7J2cmTo_j0XMpA,"Mambah Fit",DeCxgUvcGyU,2024-07-06T17:35:00Z,"2024-07-06 17:35:00","A DAY IN MY LIFE “DRIVING A DS4” 🚙 #lifestyle #minivlog #vlog #morocco #arabic #goodvibes #family",,,26,"Howto & Style",Lifestyle_(sociology),PT49S,49,2d,hd,false,en,ar,https://i.ytimg.com/vi/DeCxgUvcGyU/maxresdefault.jpg,1,,,,,106674,5615,,0,76
289,UCFqnvxz2f7J2cmTo_j0XMpA,"Mambah Fit",xbq1-RYATl0,2024-07-02T17:55:55Z,"2024-07-02 17:55:55","LET’S COOK TOGETHER “HEALTHY MEAT WOK” 🥩 #recipe #healthy #morocco #arabic #humour #food",,,26,"Howto & Style","Food,Lifestyle_(sociology)",PT44S,44,2d,hd,false,en,ar,https://i.ytimg.com/vi/xbq1-RYATl0/maxresdefault.jpg,1,,,,,1701008,46503,,0,319
290,UCFqnvxz2f7J2cmTo_j0XMpA,"Mambah Fit",ULQTTiIpluc,2024-07-01T16:43:36Z,"2024-07-01 16:43:36","La machine dial Morocco 🤣🇲🇦 #vlog #minivlog #healthy #lifestyle #morocco #arabic #adayinmylife",,,26,"Howto & Style",Lifestyle_(sociology),PT51S,51,2d,hd,false,en,ar,https://i.ytimg.com/vi/ULQTTiIpluc/maxresdefault.jpg,1,,,,,2386509,78494,,0,777
291,UCFqnvxz2f7J2cmTo_j0XMpA,"Mambah Fit",5Zm4T28TebA,2024-06-30T18:08:20Z,"2024-06-30 18:08:20","𝐘𝐎𝐔’𝐑𝐄 𝐈𝐍 𝐀 𝐁𝐄𝐓𝐓𝐄𝐑 𝐏𝐎𝐒𝐈𝐓𝐈𝐎𝐍 𝐓𝐇𝐀𝐍 𝐘𝐎𝐔 𝐓𝐇𝐈𝐍𝐊 🙏🏼 #healthy #morocco",,,26,"Howto & Style","Health,Lifestyle_(sociology)",PT1M1S,61,2d,hd,false,en,ar,https://i.ytimg.com/vi/5Zm4T28TebA/maxresdefault.jpg,1,,,,,60401,5991,,0,184
292,UCFqnvxz2f7J2cmTo_j0XMpA,"Mambah Fit",6kzu4axNmEQ,2024-06-29T12:35:18Z,"2024-06-29 12:35:18","Only good vibes 🕺🏽🇲🇦 #morocco #fun #healthy #lifestyle #goodvibes #dance",,,26,"Howto & Style","Health,Hobby,Lifestyle_(sociology)",PT29S,29,2d,hd,false,en,fr,https://i.ytimg.com/vi/6kzu4axNmEQ/maxresdefault.jpg,1,,,,,107076,4067,,0,159
293,UCFqnvxz2f7J2cmTo_j0XMpA,"Mambah Fit",v1ABP-yD4Jc,2024-06-24T21:43:29Z,"2024-06-24 21:43:29","The famous Dubai Chocolate 🍫 Bar #morocco #lifestyle #recipe #cuisine #darija",,,26,"Howto & Style","Food,Lifestyle_(sociology)",PT1M1S,61,2d,hd,false,en,ar,https://i.ytimg.com/vi/v1ABP-yD4Jc/maxresdefault.jpg,1,,,,,3129857,122838,,0,522
294,UCFqnvxz2f7J2cmTo_j0XMpA,"Mambah Fit",UAfw2Lzr058,2024-06-17T17:22:43Z,"2024-06-17 17:22:43","𝐌𝐀𝐊𝐈𝐍𝐆 𝐂𝐇𝐖𝐀 𝐀𝐓 𝐇𝐎𝐌𝐄 “𝐆𝐘𝐑𝐎𝐒 𝐄𝐈𝐃 𝐒𝐓𝐘𝐋𝐄” 🥙 #recipe #protein #goodvibes",,,26,"Howto & Style","Food,Health,Lifestyle_(sociology)",PT49S,49,2d,hd,false,en,ar,https://i.ytimg.com/vi/UAfw2Lzr058/maxresdefault.jpg,1,,,,,748428,36269,,0,368
295,UCFqnvxz2f7J2cmTo_j0XMpA,"Mambah Fit",fCblEDZezrY,2024-06-16T20:03:34Z,"2024-06-16 20:03:34","TRAVEL WITH MAMBAH “LET’S EAT TAPAS” 🇪🇸 #travel #moroco #lifestyle #healthy #vlog #minivlog",,,26,"Howto & Style","Food,Lifestyle_(sociology)",PT46S,46,2d,hd,false,es,ar,https://i.ytimg.com/vi/fCblEDZezrY/maxresdefault.jpg,1,,,,,209366,10835,,0,95
296,UCFqnvxz2f7J2cmTo_j0XMpA,"Mambah Fit",5cRFT4t4u2k,2024-06-12T21:30:10Z,"2024-06-12 21:30:10","LET’S MAKE A TAJINE “THE HEALTHY WAY” 🥘 #morocco #lifestyle #food #recipe #cooking",,,26,"Howto & Style","Food,Lifestyle_(sociology)",PT1M1S,61,2d,hd,false,en,ar,https://i.ytimg.com/vi/5cRFT4t4u2k/maxresdefault.jpg,1,,,,,734835,38617,,0,380
297,UCFqnvxz2f7J2cmTo_j0XMpA,"Mambah Fit",k6-9mQJwoF4,2024-06-07T17:57:27Z,"2024-06-07 17:57:27","Who can relate? 😅 Are you ready for summer? #moroco #healthy #lifestyle #fitness #lifelessons",,,26,"Howto & Style","Health,Lifestyle_(sociology)",PT56S,56,2d,hd,false,en,ar,https://i.ytimg.com/vi/k6-9mQJwoF4/maxresdefault.jpg,1,,,,,225996,12066,,0,138
298,UCFqnvxz2f7J2cmTo_j0XMpA,"Mambah Fit",cN-T0GW5Kv4,2024-06-05T17:41:58Z,"2024-06-05 17:41:58","Summer is coming! ☀️ Let’s get ready 💪🏽 #healthy #lifestyle #whatieat #fitness #recipes",,,26,"Howto & Style","Food,Health,Lifestyle_(sociology),Physical_fitness",PT47S,47,2d,hd,false,en,ar,https://i.ytimg.com/vi/cN-T0GW5Kv4/maxresdefault.jpg,1,,,,,274501,11699,,0,83
299,UCFqnvxz2f7J2cmTo_j0XMpA,"Mambah Fit",JEkdEYh1rRU,2024-06-03T17:06:20Z,"2024-06-03 17:06:20","VLOG JDID FE LA CHAÎNE 🇲🇦 #morocco #vlog #lifestyle #travel #dakhla #darija",,,26,"Howto & Style",Lifestyle_(sociology),PT19S,19,2d,hd,false,fr,ar,https://i.ytimg.com/vi/JEkdEYh1rRU/maxresdefault.jpg,1,,,,,250968,10175,,0,163
300,UCFqnvxz2f7J2cmTo_j0XMpA,"Mambah Fit",TWKsLXz2uMs,2024-06-02T16:17:52Z,"2024-06-02 16:17:52","Discovering Dakhla 🇲🇦 #travelmode #travel #morocco #magreb #darija #lifestyle #dakhla",,,26,"Howto & Style",Lifestyle_(sociology),PT18S,18,2d,hd,false,en,ar,https://i.ytimg.com/vi/TWKsLXz2uMs/maxresdefault.jpg,1,,,,,27188,1403,,0,20
301,UCFqnvxz2f7J2cmTo_j0XMpA,"Mambah Fit",7Zw0eLBlt4M,2024-06-02T16:00:04Z,"2024-06-02 16:00:04","DAKHLA 🇲🇦 الصحراء المغربية: شدوني البوليسفالداخلة؟","Welcome back to my channel La Mambah Fam 😇 One last episode of this crazy adventure 🤩. We finally made it to our last destination of the trip, Dakhla 🇲🇦. After over 24h of driving 🚐, coming from Tangier which is in the north of Morocco, till Dakhla, one of the Southeast point, we can finally say that we made it thought all the main regions of our country 😎. This experience taught me so much about my country, I met so many of you 👥 along the way, created amazing memories 💭, and discovered the beauty of Morocco. I’m glad I had the chance to experience that and share it with all of you through my videos 🎞️ This last vlog 🎥 is a bit different from the other ones, because I had the chance to meet and talk with a lot of locals who opened the door of their businesses and houses 🙏🏽. I want to thank each one of you who helped me make this experience an unforgettable one. ⚡️𝐌𝐀𝐓𝐙𝐀𝐏𝐄𝐒𝐇⚡️ 〰️ 𝐒𝐏𝐄𝐂𝐈𝐀𝐋 𝐓𝐇𝐀𝐍𝐊𝐒 𝐓𝐎: ↳ Travel Wing Morocco ➭ www.instagram.com/travelwingsmorocco/ ↳ CIH Bank ➭ www.instagram.com/cihbankma/ 𝐌𝐀𝐓𝐙𝐀𝐏𝐄𝐒𝐇 ⚡️ 〰️ 𝐅𝐈𝐍𝐃 𝐌𝐄 𝐎𝐍 𝐒𝐎𝐂𝐈𝐀𝐋 𝐌𝐄𝐃𝐈𝐀 ↳ Instagram ➭ https://www.instagram.com/mambahfit/ ↳ TikTok ➭ https://www.tiktok.com/@mambahfit ↳ Website ➭ https://www.mambahfit.com/ 〰️ 𝐌𝐔𝐒𝐈𝐂 𝐅𝐑𝐎𝐌 𝐄𝐏𝐈𝐃𝐄𝐌𝐈𝐂 𝐒𝐎𝐔𝐍𝐃 ↳ 7 day free trial ➭ https://share.epidemicsound.com/jjir8n","healthy,fitness,healthy lifestyle,morocco,travel,maghreb,maroc,barcelona,vlog,vlogging,moroccan vloger,vlogger,arabic,darija,traveling,moroccoinfluencer,مغربية,سفر,سياحة,مغربي,mambah,matzapesh,mambah fit,مكان,mamba,caravan,campingcar,campervan,camper,van,dakhla,safar,south morocco,الداخلة,good vibes",26,"Howto & Style","Lifestyle_(sociology),Tourism",PT13M28S,808,2d,hd,false,en,ar,https://i.ytimg.com/vi/7Zw0eLBlt4M/maxresdefault.jpg,1,,,,,236451,10056,,0,651
302,UCFqnvxz2f7J2cmTo_j0XMpA,"Mambah Fit",YH9xFLWN2AI,2024-05-24T18:29:05Z,"2024-05-24 18:29:05","𝐖𝐄 𝐇𝐀𝐕𝐄 𝐃𝐈𝐅𝐅𝐄𝐑𝐄𝐍𝐓 𝐎𝐏𝐓𝐈𝐎𝐍𝐒 𝐈𝐍 𝐋𝐈𝐅𝐄 #motivation #discipline #morocco",,,26,"Howto & Style",Lifestyle_(sociology),PT58S,58,2d,hd,false,en,ar,https://i.ytimg.com/vi/YH9xFLWN2AI/maxresdefault.jpg,1,,,,,111572,6249,,0,136
303,UCFqnvxz2f7J2cmTo_j0XMpA,"Mambah Fit",eEDfzl5rPkk,2024-05-23T17:05:15Z,"2024-05-23 17:05:15","GRATEFULL TO HAVE EXPERIENCED THIS 🤩 #travel #moroco #van #darija #vanlife #darija",,,26,"Howto & Style","Lifestyle_(sociology),Tourism",PT57S,57,2d,hd,false,en,en,https://i.ytimg.com/vi/eEDfzl5rPkk/maxresdefault.jpg,1,,,,,61386,4715,,0,86
304,UCFqnvxz2f7J2cmTo_j0XMpA,"Mambah Fit",9m0mRX6apz8,2024-05-21T18:00:04Z,"2024-05-21 18:00:04","NORTH OF MOROCCO 🇲🇦 فشمال F' lvan ها علاش مقدرتش نبات","Welcome back to my channel La Mambah Fam 😇 This time we're heading towards the north of Morocco 🇲🇦, which is completely different from the south. I felt like being in two different countries at once 😅. We've decided to head to the north because my friend, Kevin, had to leave back to Germany, and it was easier for him if we were already close to the Moroccan border 🚧. To be honest, my favorite place in the north was Chefchaouen 💙, and you can notice it on the vlog 😅, I think it was the main focus! This city in the middle of the mountains is amazing, filled with good energy! I definitely recommend visiting if you're up north! Something else that you might have to know if you're planning on doing a van trip in Morocco 🇲🇦, I would recommend doing it in the south, because the north is not that appealing for caravans 🚐. We didn't feel the van vibe over there... Anyway, I hope you'll enjoy this episode, and I can't wait to read your comments 💬 ↳ 𝐅𝐥𝐢𝐟𝐥𝐚 𝐕𝐚𝐧 ➭ https://www.instagram.com/fliflavan/ 〰️ 𝐒𝐏𝐄𝐂𝐈𝐀𝐋 𝐓𝐇𝐀𝐍𝐊𝐒 𝐓𝐎: ↳ Travel Wing Morocco ➭ www.instagram.com/travelwingsmorocco/ ↳ CIH Bank ➭ www.instagram.com/cihbankma/ ↳ Group Accor ➭ www.instagram.com/all/ @All_AccorLiveLimitless 𝐌𝐀𝐓𝐙𝐀𝐏𝐄𝐒𝐇 ⚡️ 〰️ 𝐅𝐈𝐍𝐃 𝐌𝐄 𝐎𝐍 𝐒𝐎𝐂𝐈𝐀𝐋 𝐌𝐄𝐃𝐈𝐀 ↳ Instagram ➭ https://www.instagram.com/mambahfit/ ↳ Tiktok ➭ https://www.tiktok.com/@mambahfit ↳ Website ➭ https://www.mambahfit.com/ 〰️ 𝐌𝐔𝐒𝐈𝐂 𝐅𝐑𝐎𝐌 𝐄𝐏𝐈𝐃𝐄𝐌𝐈𝐂 𝐒𝐎𝐔𝐍𝐃 ↳ 7 day free trial ➭ https://share.epidemicsound.com/jjir8n","healthy,fitness,healthy lifestyle,morocco,travel,maghreb,maroc,barcelona,vlog,vlogging,moroccan vloger,vlogger,arabic,darija,traveling,moroccoinfluencer,مغربية,جزائري,سفر,سياحة,مغربي,mambah,matzapesh,mambah fit,مكان,entrepreneur,money,ceo,mamba,caravan,campingcar,campervan,camper,van,camion",26,"Howto & Style","Lifestyle_(sociology),Tourism",PT13M15S,795,2d,hd,false,en,ar,https://i.ytimg.com/vi/9m0mRX6apz8/maxresdefault.jpg,1,,,,,253453,9079,,0,385
305,UCFqnvxz2f7J2cmTo_j0XMpA,"Mambah Fit",95X6R1QCjls,2024-05-15T17:21:08Z,"2024-05-15 17:21:08","𝐓𝐑𝐀𝐕𝐄𝐋 𝐀𝐑𝐎𝐔𝐍𝐃 𝐌𝐎𝐑𝐎𝐂𝐂𝐎 𝐎𝐍 𝐓𝐇𝐄 𝐖𝐀𝐘 𝐓𝐎 𝐃𝐀𝐊𝐇𝐋𝐀” #travel #morocco #van",,,26,"Howto & Style","Lifestyle_(sociology),Tourism",PT39S,39,2d,hd,false,en,ar,https://i.ytimg.com/vi/95X6R1QCjls/maxresdefault.jpg,1,,,,,243170,11891,,0,110
306,UCFqnvxz2f7J2cmTo_j0XMpA,"Mambah Fit",wwJqxRYj2z0,2024-05-12T18:00:33Z,"2024-05-12 18:00:33","WELCOME TO THE DESERT 🏜️ الصحراء المغربية 🇲🇦","Welcome back to my channel La Mambah Fam 😇 The second episode of the series is all about the desert 🏜️ and its beauties! A place where there is barely any service 📱, no one around you 🧍, warm sand and just simple activities to keep you entertained 🏂. PS: don't make fun of me because of my golfing skills 🏌🏼 Spending time in this kind of environment gives you the chance⏳ to reflect on many things, and disconnect from city problems 😅 In Morocco 🇲🇦 we have the chance to have many different landscapes in the same country, and this time we are discovering the mountains 🏔️, sea 🌊, & desert 🏜️ during the same trip. Now sit back, and enjoy this desert 🐪 episode, and don't forget to leave a comment 😇 〰️ 𝐒𝐏𝐄𝐂𝐈𝐀𝐋 𝐓𝐇𝐀𝐍𝐊𝐒 𝐓𝐎: ↳ Travel Wing Morocco ➭ www.instagram.com/travelwingsmorocco/ ↳ CIH Bank ➭ www.instagram.com/cihbankma/ 𝐌𝐀𝐓𝐙𝐀𝐏𝐄𝐒𝐇 ⚡️ 〰️ 𝐅𝐈𝐍𝐃 𝐌𝐄 𝐎𝐍 𝐒𝐎𝐂𝐈𝐀𝐋 𝐌𝐄𝐃𝐈𝐀 ↳ Instagram ➭ https://www.instagram.com/mambahfit/ ↳ TikTok ➭ https://www.tiktok.com/@mambahfit ↳ Website ➭ https://www.mambahfit.com/ 〰️ 𝐌𝐔𝐒𝐈𝐂 𝐅𝐑𝐎𝐌 𝐄𝐏𝐈𝐃𝐄𝐌𝐈𝐂 𝐒𝐎𝐔𝐍𝐃 ↳ 7 day free trial ➭ https://share.epidemicsound.com/jjir8n","healthy,fitness,healthy lifestyle,morocco,travel,maghreb,maroc,vlog,vlogging,moroccan vloger,vlogger,arabic,darija,traveling,moroccoinfluencer,مغربية,سفر,سياحة,مغربي,mambah,matzapesh,mambah fit,مكان,mamba,caravan,campingcar,campervan,camper,van,camion,ouarzazate,taghazout,agadir,sahara,camels",26,"Howto & Style","Lifestyle_(sociology),Tourism",PT10M28S,628,2d,hd,false,en,en,https://i.ytimg.com/vi/wwJqxRYj2z0/maxresdefault.jpg,1,,,,,144189,8231,,0,519
307,UCFqnvxz2f7J2cmTo_j0XMpA,"Mambah Fit",Da8f6-i30F8,2024-05-11T18:06:05Z,"2024-05-11 18:06:05","𝐓𝐑𝐀𝐕𝐄𝐋 𝐀𝐑𝐎𝐔𝐍𝐃 𝐌𝐎𝐑𝐎𝐂𝐂𝐎 “𝐀 𝐃𝐀𝐘 𝐈𝐍 𝐌’𝐃𝐈𝐐” 🏖️ #morocco #vlog #lifestyle",,,26,"Howto & Style","Lifestyle_(sociology),Tourism",PT44S,44,2d,hd,false,en,ar,https://i.ytimg.com/vi/Da8f6-i30F8/maxresdefault.jpg,1,,,,,268081,12459,,0,144
308,UCFqnvxz2f7J2cmTo_j0XMpA,"Mambah Fit",Jc3XsNlu2CM,2024-05-09T17:07:56Z,"2024-05-09 17:07:56","𝐓𝐑𝐀𝐕𝐄𝐋 𝐀𝐑𝐎𝐔𝐍𝐃 𝐌𝐎𝐑𝐎𝐂𝐂𝐎 “𝐂𝐇𝐄𝐅𝐂𝐇𝐀𝐎𝐔𝐄𝐍” 💙 #travel #morocco #lifestyle",,,26,"Howto & Style","Lifestyle_(sociology),Tourism",PT47S,47,2d,hd,false,en,ar,https://i.ytimg.com/vi/Jc3XsNlu2CM/maxresdefault.jpg,1,,,,,215148,10972,,0,137
309,UCFqnvxz2f7J2cmTo_j0XMpA,"Mambah Fit",3ONWTzJ2BzA,2024-05-05T17:30:00Z,"2024-05-05 17:30:00","STARTING WITH PROBLEMS 🇲🇦 مشيت لواحات المغرب","Welcome back to my channel La Mambah Fam 😇 Finally, the day has come, the day I've been waiting for since I was a kid 👦🏽. I've been dreaming of this moment, dreaming of driving a van 🚐 through our beautiful country 🇲🇦. Let the 1-month journey begin 🤩, one month of driving, discovering, getting lost, sharing and much more. In this first episode, you'll come with me towards the desert 🏜️. Our starting point was Agadir, Taghazout 🌴, passing by beautiful roads between mountains 🌄, crazy landscapes, camels 🐪 and some problems... Enjoy the first episode called OASIS 🏝️ MARHABA BIKOUM FEL MAGHREB 🇲🇦 〰️ 𝐒𝐏𝐄𝐂𝐈𝐀𝐋 𝐓𝐇𝐀𝐍𝐊𝐒 𝐓𝐎: ↳ Travel Wing Morocco ➭ www.instagram.com/travelwingsmorocco/ ↳ CIH Bank ➭ www.instagram.com/cihbankma/ 𝐌𝐀𝐓𝐙𝐀𝐏𝐄𝐒𝐇 ⚡️ 〰️ 𝐅𝐈𝐍𝐃 𝐌𝐄 𝐎𝐍 𝐒𝐎𝐂𝐈𝐀𝐋 𝐌𝐄𝐃𝐈𝐀 ↳ Instagram ➭ https://www.instagram.com/mambahfit/ ↳ Tiktok ➭ https://www.tiktok.com/@mambahfit ↳ Website ➭ https://www.mambahfit.com/ 〰️ 𝐌𝐔𝐒𝐈𝐂 𝐅𝐑𝐎𝐌 𝐄𝐏𝐈𝐃𝐄𝐌𝐈𝐂 𝐒𝐎𝐔𝐍𝐃 ↳ 7 day free trial ➭ https://share.epidemicsound.com/jjir8n","healthy,fitness,healthy lifestyle,morocco,travel,maghreb,maroc,vlog,vlogging,moroccan vloger,vlogger,arabic,darija,traveling,moroccoinfluencer,مغربية,سفر,سياحة,مغربي,mambah,matzapesh,mambah fit,مكان,mamba,caravan,campingcar,campervan,camper,van,camion,ouarzazate,taghazout,agadir,marrakech",26,"Howto & Style","Lifestyle_(sociology),Tourism",PT11M30S,690,2d,hd,false,en,ar,https://i.ytimg.com/vi/3ONWTzJ2BzA/maxresdefault.jpg,1,,,,,351709,17270,,0,678
310,UCFqnvxz2f7J2cmTo_j0XMpA,"Mambah Fit",sWC0K7uK08A,2024-05-03T17:38:34Z,"2024-05-03 17:38:34","𝐓𝐑𝐀𝐕𝐄𝐋 𝐀𝐑𝐎𝐔𝐍𝐃 𝐌𝐎𝐑𝐎𝐂𝐂𝐎 “𝐈𝐌𝐒𝐎𝐔𝐀𝐍𝐄 & 𝐄𝐒𝐒𝐀𝐎𝐔𝐈𝐑𝐀” 🐟 #morocco #van",,,26,"Howto & Style","Lifestyle_(sociology),Tourism",PT42S,42,2d,hd,false,en,ar,https://i.ytimg.com/vi/sWC0K7uK08A/maxresdefault.jpg,1,,,,,272133,14644,,0,200
311,UCFqnvxz2f7J2cmTo_j0XMpA,"Mambah Fit",7sRBwvs0BhQ,2024-05-01T17:00:02Z,"2024-05-01 17:00:02","𝐓𝐑𝐀𝐕𝐄𝐋 𝐀𝐑𝐎𝐔𝐍𝐃 𝐌𝐎𝐑𝐎𝐂𝐂𝐎 “𝐃𝐄𝐒𝐄𝐑𝐓” 🌵 #darija #vlog #desert #morocco #sahara",,,26,"Howto & Style","Lifestyle_(sociology),Tourism",PT37S,37,2d,hd,false,en,ar,https://i.ytimg.com/vi/7sRBwvs0BhQ/maxresdefault.jpg,1,,,,,571536,24113,,0,183
312,UCFqnvxz2f7J2cmTo_j0XMpA,"Mambah Fit",yHl2ttQYB5c,2024-04-29T17:35:58Z,"2024-04-29 17:35:58","𝐓𝐑𝐀𝐕𝐄𝐋 𝐀𝐑𝐎𝐔𝐍𝐃 𝐌𝐎𝐑𝐎𝐂𝐂𝐎 “𝐆𝐎𝐑𝐆𝐄 𝐃𝐔 𝐃𝐀𝐃𝐄𝐒” ⛰️ #van #lifestyle #morocco",,,26,"Howto & Style","Lifestyle_(sociology),Tourism",PT44S,44,2d,hd,false,fr,ar,https://i.ytimg.com/vi/yHl2ttQYB5c/maxresdefault.jpg,1,,,,,167140,9645,,0,150
313,UCFqnvxz2f7J2cmTo_j0XMpA,"Mambah Fit",P94PZMUTQAY,2024-04-27T18:00:37Z,"2024-04-27 18:00:37","𝐓𝐑𝐀𝐕𝐄𝐋 𝐀𝐑𝐎𝐔𝐍𝐃 𝐌𝐎𝐑𝐎𝐂𝐂𝐎 “𝐎𝐔𝐀𝐑𝐙𝐀𝐙𝐀𝐓𝐄” 🏜️ #darija #van #morocco #lifestyle",,,26,"Howto & Style","Lifestyle_(sociology),Tourism",PT41S,41,2d,hd,false,en,ar,https://i.ytimg.com/vi/P94PZMUTQAY/maxresdefault.jpg,1,,,,,613797,28611,,0,396
314,UCFqnvxz2f7J2cmTo_j0XMpA,"Mambah Fit",j-YdRhOQ7QE,2024-04-27T18:00:16Z,"2024-04-27 18:00:16","ALONE IN A HOTEL 👻 الاستعداد لأهم رحلة في حياتي","Welcome back to my channel La Mambah Fam 😇 Have you ever wondered what it’s like to be alone in a hotel 🏨? No staff, no open kitchen, no one in the rooms, just by yourself 😅 Well I got to experience that in the Sofitel Royal Bay of Agadir before starting my roadtrip around Morocco 🇲🇦 and it was a crazy experience! A little bit scary 😈 at night but still a once in a lifetime experience I would say. ↳ Sofitel Royal Bay Instagram ➭ https://www.instagram.com/sofitelroyalbayagadir/ ↳Accor Group ➭ @All_AccorLiveLimitless 𝐌𝐀𝐓𝐙𝐀𝐏𝐄𝐒𝐇 ⚡️ 〰️ 𝐅𝐈𝐍𝐃 𝐌𝐄 𝐎𝐍 𝐒𝐎𝐂𝐈𝐀𝐋 𝐌𝐄𝐃𝐈𝐀 ↳ Instagram ➭ https://www.instagram.com/mambahfit/ ↳ Tiktok ➭ https://www.tiktok.com/@mambahfit ↳ Website ➭ https://www.mambahfit.com/ 〰️ 𝐌𝐔𝐒𝐈𝐂 𝐅𝐑𝐎𝐌 𝐄𝐏𝐈𝐃𝐄𝐌𝐈𝐂 𝐒𝐎𝐔𝐍𝐃 ↳ 7 day free trial ➭ https://share.epidemicsound.com/jjir8n","healthy,fitness,healthy lifestyle,morocco,travel,maghreb,maroc,vlog,vlogging,moroccan vloger,vlogger,arabic,darija,traveling,moroccoinfluencer,مغربية,سفر,سياحة,مغربي,mambah,matzapesh,mambah fit,مكان,entrepreneur,money,ceo,mamba,caravan,van,hotel,agadir,sofitel",26,"Howto & Style","Lifestyle_(sociology),Tourism",PT8M19S,499,2d,hd,false,en,ar,https://i.ytimg.com/vi/j-YdRhOQ7QE/maxresdefault.jpg,1,,,,,216139,9242,,0,324
315,UCFqnvxz2f7J2cmTo_j0XMpA,"Mambah Fit",lWf4JNVzUlk,2024-04-24T17:21:13Z,"2024-04-24 17:21:13","LET’S START THE ROADTRIP ADVENTURE 🤩 #darija #van #vanlife #morocco #maghreb #lifestyle",,,26,"Howto & Style","Lifestyle_(sociology),Tourism",PT37S,37,2d,hd,false,en,ar,https://i.ytimg.com/vi/lWf4JNVzUlk/maxresdefault.jpg,1,,,,,713511,23426,,0,199
316,UCFqnvxz2f7J2cmTo_j0XMpA,"Mambah Fit",2iokA7rYCIM,2024-04-20T18:00:01Z,"2024-04-20 18:00:01","THE VAN IS READY 🌶️ !اخيرا وجدات","Welcome back to my channel La Mambah Fam 😇 Finally, here it iiiiis 🤩 The final result of the van, which today we call, the Flifla Van 🌶️. We are finally done ✅ with our first version to start our road trip around Morocco 🇲🇦, and let me tell you, I’m super excited to start sharing this adventure with all of you 😋. I’m realizing one of my dreams since I was a kid 👶🏽, and this wouldn’t be possible without all of you , the Mambah Fam ❤️. So thanks to all who believed in me throughout all these years, welcome to the new members of this community, and let's get started with this crazy adventure 🗺️. ↳ 𝐅𝐥𝐢𝐟𝐥𝐚 𝐕𝐚𝐧 ➭ https://www.instagram.com/fliflavan/ 𝐌𝐀𝐓𝐙𝐀𝐏𝐄𝐒𝐇 ⚡️ 〰️ 𝐅𝐈𝐍𝐃 𝐌𝐄 𝐎𝐍 𝐒𝐎𝐂𝐈𝐀𝐋 𝐌𝐄𝐃𝐈𝐀 ↳ Instagram ➭ https://www.instagram.com/mambahfit/ ↳ Tiktok ➭ https://www.tiktok.com/@mambahfit ↳ Website ➭ https://www.mambahfit.com/ 〰️ 𝐌𝐔𝐒𝐈𝐂 𝐅𝐑𝐎𝐌 𝐄𝐏𝐈𝐃𝐄𝐌𝐈𝐂 𝐒𝐎𝐔𝐍𝐃 ↳ 7 day free trial ➭ https://share.epidemicsound.com/jjir8n","healthy,fitness,healthy lifestyle,morocco,travel,maghreb,maroc,barcelona,vlog,vlogging,moroccan vloger,vlogger,arabic,darija,traveling,moroccoinfluencer,مغربية,جزائري,سفر,سياحة,مغربي,mambah,matzapesh,mambah fit,مكان,entrepreneur,money,ceo,mamba,caravan,campingcar,campervan,camper,van,camion",26,"Howto & Style",Lifestyle_(sociology),PT10M8S,608,2d,hd,false,en,ar,https://i.ytimg.com/vi/2iokA7rYCIM/maxresdefault.jpg,1,,,,,732992,43848,,0,35167
317,UCFqnvxz2f7J2cmTo_j0XMpA,"Mambah Fit",7WmZBNzr_ok,2024-04-20T17:11:32Z,"2024-04-20 17:11:32","𝐖𝐄𝐋𝐂𝐎𝐌𝐄 𝐓𝐎 𝐓𝐇𝐄 𝐅𝐋𝐈𝐅𝐋𝐀 𝐕𝐀𝐍 🚐 New reveal video tonight 🤩 #darija #morocco #van",,,26,"Howto & Style",Lifestyle_(sociology),PT53S,53,2d,hd,false,en,ar,https://i.ytimg.com/vi/7WmZBNzr_ok/maxresdefault.jpg,1,,,,,965384,46452,,0,723
318,UCFqnvxz2f7J2cmTo_j0XMpA,"Mambah Fit",APTil5lgnoU,2024-04-10T18:00:04Z,"2024-04-10 18:00:04","VAN TRANSFORMATION 🚐 غادي تسطاو!","Welcome back to my channel La Mambah Fam 😇 5 weeks of pure joy and stress summarized in 23 minutes 😅. We've been building this van day and night to be able to finish it before the end of Ramadan. Ups ⬆️ and downs ⬇️ throughout the whole process. You must know that building a van in a month is not easy, and on top of that during ramadan... I let you imagine the struggle and pressure we had 😆. From waiting for the electrical components to arrive from abroad (1-week expected delivery 📦 turned in one month) to getting bailed by the painters last minute 👨🏽‍🎨, I think we went through everything with this project ⛏️. I'm pretty sure I wouldn't be able to do it without the help of Med & Mao Concept, who's making this dream a reality 😇 I can't wait to show you the final result 🚐 because I really think this is going to be epic 🤩 Don't forget, this is only the beginning, it's soon time to start our road trip 🛣️ across Morocco 🌅 〰️ 𝐒𝐏𝐄𝐂𝐈𝐀𝐋 𝐓𝐇𝐀𝐍𝐊𝐒 𝐓𝐎: ↳ Med & Mao Concept ➭ https://www.instagram.com/mednmao_concept/ ↳ KBS Wheels ➭ https://www.instagram.com/kbs.wheels/ 𝐌𝐀𝐓𝐙𝐀𝐏𝐄𝐒𝐇 ⚡️ 〰️ 𝐅𝐈𝐍𝐃 𝐌𝐄 𝐎𝐍 𝐒𝐎𝐂𝐈𝐀𝐋 𝐌𝐄𝐃𝐈𝐀 ↳ Instagram ➭ https://www.instagram.com/mambahfit/ ↳ Tiktok ➭ https://www.tiktok.com/@mambahfit ↳ Website ➭ https://www.mambahfit.com/ 〰️ 𝐌𝐔𝐒𝐈𝐂 𝐅𝐑𝐎𝐌 𝐄𝐏𝐈𝐃𝐄𝐌𝐈𝐂 𝐒𝐎𝐔𝐍𝐃 ↳ 7 day free trial ➭ https://share.epidemicsound.com/jjir8n","healthy,fitness,healthy lifestyle,morocco,travel,maghreb,maroc,barcelona,vlog,vlogging,moroccan vloger,vlogger,arabic,darija,traveling,moroccoinfluencer,مغربية,جزائري,سفر,سياحة,مغربي,mambah,matzapesh,mambah fit,مكان,entrepreneur,money,ceo,mamba,caravan,campingcar,campervan,camper,van,camion",26,"Howto & Style","Hobby,Lifestyle_(sociology)",PT23M8S,1388,2d,hd,false,en,ar,https://i.ytimg.com/vi/APTil5lgnoU/maxresdefault.jpg,1,,,,,996647,50335,,0,1123
319,UCFqnvxz2f7J2cmTo_j0XMpA,"Mambah Fit",QKhZhKRfE7A,2024-04-08T17:30:02Z,"2024-04-08 17:30:02","Iftar with Amine 🤣 ضحك بلا حدود","Welcome back to my channel La Mambah Fam 😇 Humor and good vibes on the menu for today’s episode 🤩. We are welcoming Amine, also known as the duo from @LesInqualifiables an amazing humorist and radio co-host 🎙️. I met Amine 1 year ago, when him and his team invited me to the radio 📻 for one of their morning shown and decided to invite him for this last episode of the “Ftour m3a Mambah” series. There is no better way to conclude this series than with a funny episode filled with positivity and inspiring life lessons 🙏🏽, with a yummy Lebanese 🇱🇧Ftour. I hope you’ll enjoy this last episode, and let me know in the comments if you would like to have a Season 2 next year 🤪 Amine’s Instagram ➭ https://www.instagram.com/aminebelghazii/ 𝐌𝐀𝐓𝐙𝐀𝐏𝐄𝐒𝐇 ⚡️ 〰️ 𝐅𝐈𝐍𝐃 𝐌𝐄 𝐎𝐍 𝐒𝐎𝐂𝐈𝐀𝐋 𝐌𝐄𝐃𝐈𝐀 ↳ Instagram ➭ https://www.instagram.com/mambahfit/ ↳ Tiktok ➭ https://www.tiktok.com/@mambahfit ↳ Website ➭ https://www.mambahfit.com/ 〰️ 𝐌𝐔𝐒𝐈𝐂 𝐅𝐑𝐎𝐌 𝐄𝐏𝐈𝐃𝐄𝐌𝐈𝐂 𝐒𝐎𝐔𝐍𝐃 ↳ 7 day free trial ➭ https://share.epidemicsound.com/jjir8n","healthy,fitness,healthy lifestyle,morocco,travel,maghreb,maroc,vlog,vlogging,moroccan vloger,vlogger,arabic,darija,traveling,moroccoinfluencer,مغربية,جزائري,سفر,سياحة,مغربي,mambah,matzapesh,mambah fit,مكان,entrepreneur,money,mamba,ftour,ramadan,les inqualifiables,humour,humor,laught,healthy ftour,podcast,chill talk",26,"Howto & Style","Food,Humour,Lifestyle_(sociology)",PT58M15S,3495,2d,hd,false,en,ar,https://i.ytimg.com/vi/QKhZhKRfE7A/maxresdefault.jpg,1,,,,,354164,8911,,0,1446
320,UCFqnvxz2f7J2cmTo_j0XMpA,"Mambah Fit",A16hNVCZjR0,2024-04-03T17:40:37Z,"2024-04-03 17:40:37","NEW EPISODE M3A @milfaya101 is out 🤩 #darija #healthy #morocco #ftour #ramadan",,,26,"Howto & Style",Entertainment,PT31S,31,2d,hd,false,en,ar,https://i.ytimg.com/vi/A16hNVCZjR0/maxresdefault.jpg,1,,,,,253401,8108,,0,100
321,UCFqnvxz2f7J2cmTo_j0XMpA,"Mambah Fit",bkjHN6xU_Yw,2024-04-03T17:30:08Z,"2024-04-03 17:30:08","Iftar with @milfaya101 🇲🇦 فطور مغريبي","Welcome back to my channel La Mambah Fam 😇 Would be crazy to do this Ftour concept and not bring the tagine 🇲🇦 on the table 😅. Soooo for this episode, I’ve decided to invite a very special guest, the perfect fit for this moroccan ftour, @milfaya101 I knew @milfaya101 about 1 year ago on social media 📱, and used to watch her videos, telling myself, woof this girl is creative on her videos, she’s going to make it no doubt in this content creation world 🤩. We followed each other’s content, but never really talked or met. And now it was about time 👀 This ftour is all about good vibes, sharing stories and learning from each other, sooo sit back and enjoy 🤪 Milfaya’s Instagram ➭ https://www.instagram.com/milfaya__/ Milafaya’s YouTube ➭ https://www.youtube.com/@milfaya101 𝐌𝐀𝐓𝐙𝐀𝐏𝐄𝐒𝐇 ⚡️ 〰️ 𝐅𝐈𝐍𝐃 𝐌𝐄 𝐎𝐍 𝐒𝐎𝐂𝐈𝐀𝐋 𝐌𝐄𝐃𝐈𝐀 ↳ Instagram ➭ https://www.instagram.com/mambahfit/ ↳ Tiktok ➭ https://www.tiktok.com/@mambahfit ↳ Website ➭ https://www.mambahfit.com/ 〰️ 𝐌𝐔𝐒𝐈𝐂 𝐅𝐑𝐎𝐌 𝐄𝐏𝐈𝐃𝐄𝐌𝐈𝐂 𝐒𝐎𝐔𝐍𝐃 ↳ 7 day free trial ➭ https://share.epidemicsound.com/jjir8n",,26,"Howto & Style","Food,Lifestyle_(sociology)",PT51M58S,3118,2d,hd,false,en,ar,https://i.ytimg.com/vi/bkjHN6xU_Yw/maxresdefault.jpg,1,,,,,962772,28549,,0,1307
322,UCFqnvxz2f7J2cmTo_j0XMpA,"Mambah Fit",9Bfg9ZVrcVQ,2024-04-03T13:34:55Z,"2024-04-03 13:34:55","3etqouniiii 😂 🇲🇦 #darija #goodvibes #van #vanlife #morocco",,,26,"Howto & Style",Entertainment,PT19S,19,2d,hd,false,fr,en,https://i.ytimg.com/vi/9Bfg9ZVrcVQ/maxresdefault.jpg,1,,,,,1037164,30568,,0,297
323,UCFqnvxz2f7J2cmTo_j0XMpA,"Mambah Fit",s-oaAv6SYAU,2024-04-01T18:24:49Z,"2024-04-01 18:24:49","𝐂𝐀𝐍’𝐓 𝐖𝐀𝐈𝐓 𝐓𝐎 𝐒𝐇𝐎𝐖 𝐘𝐎𝐔 𝐓𝐇𝐄 𝐅𝐈𝐍𝐀𝐋 𝐑𝐄𝐒𝐔𝐋𝐓 🚐 #darija #morocco #van",,,26,"Howto & Style",Lifestyle_(sociology),PT39S,39,2d,hd,false,en,ar,https://i.ytimg.com/vi/s-oaAv6SYAU/maxresdefault.jpg,1,,,,,473892,26149,,0,231
324,UCFqnvxz2f7J2cmTo_j0XMpA,"Mambah Fit",ZoF5V77FTTs,2024-03-30T17:15:01Z,"2024-03-30 17:15:01","Iftar with @saocurious 🍣 فطور رمضان ياباني","Welcome back to my channel La Mambah Fam 😇 I’ve known @saocurious for few years now and always loved her content 📱on social media. We badly see each other or even talk 🗣️, but always like and comment on each other’s posts, and that’s the real spirit of content creators, always here to support one another. Today I’ve decided to invite her for ftour 🌙 at my place to catch up and discuss about several topics, and more specifically, content creation in Morocco 🇲🇦 So sit back and enjoy this not so little conversation 🤩 Don’t forget to leave your opinion 💭on the comments. Sao’s Instagram ➭ https://www.instagram.com/saocurious/ Sao’s YouTube ➭ https://www.youtube.com/@saocurious 𝐌𝐀𝐓𝐙𝐀𝐏𝐄𝐒𝐇 ⚡️ 〰️ 𝐅𝐈𝐍𝐃 𝐌𝐄 𝐎𝐍 𝐒𝐎𝐂𝐈𝐀𝐋 𝐌𝐄𝐃𝐈𝐀 ↳ Instagram ➭ https://www.instagram.com/mambahfit/ ↳ Tiktok ➭ https://www.tiktok.com/@mambahfit ↳ Website ➭ https://www.mambahfit.com/ 〰️ 𝐌𝐔𝐒𝐈𝐂 𝐅𝐑𝐎𝐌 𝐄𝐏𝐈𝐃𝐄𝐌𝐈𝐂 𝐒𝐎𝐔𝐍𝐃 ↳ 7 day free trial ➭ https://share.epidemicsound.com/jjir8n","healthy,fitness,healthy lifestyle,morocco,travel,maghreb,maroc,vlog,vlogging,moroccan vloger,vlogger,arabic,darija,moroccoinfluencer,مغربية,سياحة,مغربي,mambah,matzapesh,mambah fit,مكان,entrepreneur,money,ceo,mamba,caravan,campingcar,campervan,camper,van,camion,sao,saocourious,women content",26,"Howto & Style","Food,Lifestyle_(sociology)",PT48M45S,2925,2d,hd,false,en,ar,https://i.ytimg.com/vi/ZoF5V77FTTs/maxresdefault.jpg,1,,,,,334356,9221,,0,816
325,UCFqnvxz2f7J2cmTo_j0XMpA,"Mambah Fit",UjPX4qF1c5s,2024-03-24T17:15:01Z,"2024-03-24 17:15:01","Iftar with @SimoSedraty 🌮 ضحك ونشاط","Welcome back to my channel La Mambah Fam 😇 I’ve invited @SimoSedraty to eat ftour at my place today, and guess what 😏 I’ve made him some special Mambah fajitas 🌮, mainly because that’s one of my favorite dishes and I wanted him to try them. This video is only about good vibes 🤙🏾, laugh 🤪, learning from each other and just having a good time. It’s the first episode of many, so I hope you’ll like the concept and can’t wait to read your comments 💬 𝐌𝐀𝐓𝐙𝐀𝐏𝐄𝐒𝐇 ⚡️ 〰️ 𝐅𝐈𝐍𝐃 𝐌𝐄 𝐎𝐍 𝐒𝐎𝐂𝐈𝐀𝐋 𝐌𝐄𝐃𝐈𝐀 ↳ Instagram ➭ https://www.instagram.com/mambahfit/ ↳ Tiktok ➭ https://www.tiktok.com/@mambahfit ↳ Website ➭ https://www.mambahfit.com/ 〰️ 𝐌𝐔𝐒𝐈𝐂 𝐅𝐑𝐎𝐌 𝐄𝐏𝐈𝐃𝐄𝐌𝐈𝐂 𝐒𝐎𝐔𝐍𝐃 ↳ 7 day free trial ➭ https://share.epidemicsound.com/jjir8n","healthy,fitness,healthy lifestyle,morocco,travel,maghreb,maroc,barcelona,vlog,vlogging,moroccan vloger,vlogger,arabic,darija,traveling,moroccoinfluencer,مغربية,جزائري,سفر,سياحة,مغربي,mambah,matzapesh,mambah fit,مكان,entrepreneur,money,ceo,mamba,caravan,campingcar,campervan,camper,van,camion",26,"Howto & Style","Food,Lifestyle_(sociology)",PT44M39S,2679,2d,hd,false,en,ar,https://i.ytimg.com/vi/UjPX4qF1c5s/maxresdefault.jpg,1,,,,,940769,33862,,0,5388
326,UCFqnvxz2f7J2cmTo_j0XMpA,"Mambah Fit",P3NuzW1m45k,2024-03-23T18:02:12Z,"2024-03-23 18:02:12","𝐓𝐇𝐄 𝐕𝐀𝐍 𝐈𝐒 𝐒𝐋𝐎𝐖𝐋𝐘 𝐂𝐎𝐌𝐈𝐍𝐆 𝐓𝐎𝐆𝐄𝐓𝐇𝐄𝐑 🤩 #darija #morocco #healthy #van",,,26,"Howto & Style",Lifestyle_(sociology),PT43S,43,2d,hd,false,en,ar,https://i.ytimg.com/vi/P3NuzW1m45k/maxresdefault.jpg,1,,,,,1073503,41979,,0,317
327,UCFqnvxz2f7J2cmTo_j0XMpA,"Mambah Fit",VU-_3oAF33k,2024-03-22T17:50:44Z,"2024-03-22 17:50:44","NEW PODCAST IS OUT 🎙️ GO CHECK IT OUT 🤩 #darija #healthy #fasting #morocco #mindset",,,26,"Howto & Style","Entertainment,Health",PT36S,36,2d,hd,false,en,ar,https://i.ytimg.com/vi/VU-_3oAF33k/maxresdefault.jpg,1,,,,,244646,10758,,0,153
328,UCFqnvxz2f7J2cmTo_j0XMpA,"Mambah Fit",Wf6gHasT6j4,2024-03-20T19:15:01Z,"2024-03-20 19:15:01","كيفاش تستغل رمضان باش تكون حسن 🤩","Welcome back to my channel La Mambah Fam 😇 You’ve been asking for it for a loooong time now 😅 and finally here it is. We finally filmed a second podcast with my dad, Karim Amor. Today’s podcast is all about fasting 🌯 and the benefits of it. Since we are in a period of fasting with Ramadan, there was no better moment than this one to do this podcast 🎙️ We also have a big news 🚨 We are launching our brand new podcast channel together 🤩 called “𝐖𝐞𝐥𝐥𝐧𝐞𝐬𝐬 𝐁𝐢𝐥𝐥𝐢𝐨𝐧”. Go check it out here: https://www.youtube.com/@wellnessbillion I hope you’ll enjoy this little talk between two generations 🧑🏽👱🏽‍♂️ and can’t wait to read your feedback on the comments. 𝐌𝐀𝐓𝐙𝐀𝐏𝐄𝐒𝐇 ⚡️ 〰️ 𝐅𝐈𝐍𝐃 𝐌𝐄 𝐎𝐍 𝐒𝐎𝐂𝐈𝐀𝐋 𝐌𝐄𝐃𝐈𝐀 ↳ Instagram ➭ https://www.instagram.com/mambahfit/ ↳ Tiktok ➭ https://www.tiktok.com/@mambahfit ↳ Website ➭ https://www.mambahfit.com/ 〰️ 𝐌𝐔𝐒𝐈𝐂 𝐅𝐑𝐎𝐌 𝐄𝐏𝐈𝐃𝐄𝐌𝐈𝐂 𝐒𝐎𝐔𝐍𝐃 ↳ 7 day free trial ➭ https://share.epidemicsound.com/jjir8n","healthy,fitness,healthy lifestyle,morocco,travel,maghreb,maroc,barcelona,barcelone,vlog,vlogging,moroccan vloger,vlogger,arabic,darija,traveling,moroccoinfluencer,برشلونة,مغربية,جزائري,زواج,سفر,سياحة,مغربي,mambah,matzapesh,mambah fit,مكان,ramadan",26,"Howto & Style",Health,PT46M19S,2779,2d,hd,false,en,ar,https://i.ytimg.com/vi/Wf6gHasT6j4/maxresdefault.jpg,1,,,,,394247,19071,,0,1541
329,UCFqnvxz2f7J2cmTo_j0XMpA,"Mambah Fit",R09pGWBskdY,2024-03-16T18:14:59Z,"2024-03-16 18:14:59","VAN UPDATE “AM I GOING TO FINISH IT ON TIME?” 🚐 #darija #healthy #lovemorocco #moroc #vanlife",,,26,"Howto & Style",Lifestyle_(sociology),PT46S,46,2d,hd,false,en,ar,https://i.ytimg.com/vi/R09pGWBskdY/maxresdefault.jpg,1,,,,,1054428,46950,,0,327
330,UCFqnvxz2f7J2cmTo_j0XMpA,"Mambah Fit",5oi0KxL9_FU,2024-03-15T17:53:07Z,"2024-03-15 17:53:07","A DAY IN MY LIFE “RAMADAN VIBES” 🌙 #darija #lovemorocco #healthy #ramadan #darija",,,26,"Howto & Style","Hobby,Lifestyle_(sociology)",PT52S,52,2d,hd,false,en,ar,https://i.ytimg.com/vi/5oi0KxL9_FU/maxresdefault.jpg,1,,,,,534550,24733,,0,430
331,UCFqnvxz2f7J2cmTo_j0XMpA,"Mambah Fit",KeHFiHH8bkg,2024-03-11T18:51:39Z,"2024-03-11 18:51:39","RAMADAN MUBARAK TO ALL OF YOU ☪️ #darija #ramadan #morocco #maghreb #arabic",,,26,"Howto & Style",Religion,PT55S,55,2d,hd,false,en,ar,https://i.ytimg.com/vi/KeHFiHH8bkg/maxresdefault.jpg,1,,,,,323259,19393,,0,311
332,UCFqnvxz2f7J2cmTo_j0XMpA,"Mambah Fit",ApDpAvjz3TI,2024-03-09T17:18:22Z,"2024-03-09 17:18:22","𝐖𝐇𝐎 𝐀𝐌 𝐈? 𝐖𝐇𝐀𝐓 𝐃𝐎 𝐈 𝐃𝐎? 🧐 #darija #healthy #lifestyle #storytelling #vlog #morocco",,,26,"Howto & Style","Health,Lifestyle_(sociology)",PT52S,52,2d,hd,false,en,pt-PT,https://i.ytimg.com/vi/ApDpAvjz3TI/maxresdefault.jpg,1,,,,,208950,12360,,0,243
333,UCFqnvxz2f7J2cmTo_j0XMpA,"Mambah Fit",Zx7e9Dm1otQ,2024-03-08T12:11:05Z,"2024-03-08 12:11:05","Don’t forget to enjoy small things in life 🤩🕺🏽 #healthy #rocknroll #morocco #maghrib",,,26,"Howto & Style","Hobby,Lifestyle_(sociology)",PT18S,18,2d,hd,false,en,en,https://i.ytimg.com/vi/Zx7e9Dm1otQ/maxresdefault.jpg,1,,,,,199369,9787,,0,194
334,UCFqnvxz2f7J2cmTo_j0XMpA,"Mambah Fit",6d9Ei_E5SqU,2024-03-07T17:36:38Z,"2024-03-07 17:36:38","Taking care of your skin is very important, never neglect the effect of daily exposure ☀️ #morocco",,,26,"Howto & Style","Health,Lifestyle_(sociology)",PT46S,46,2d,hd,false,en,ar,https://i.ytimg.com/vi/6d9Ei_E5SqU/maxresdefault.jpg,1,,,,,152705,7953,,0,94
335,UCFqnvxz2f7J2cmTo_j0XMpA,"Mambah Fit",TVx1AhhuM-Y,2024-03-06T17:32:14Z,"2024-03-06 17:32:14","𝐓𝐇𝐄 𝐃𝐈𝐅𝐅𝐄𝐑𝐄𝐍𝐂𝐄 𝐁𝐄𝐓𝐖𝐄𝐄𝐍 𝐓𝐇𝐈𝐍𝐊𝐈𝐍𝐆 𝐀𝐍𝐃 𝐃𝐎𝐈𝐍𝐆 😇 #darija #motivation",,,26,"Howto & Style",Health,PT33S,33,2d,hd,false,en,ar,https://i.ytimg.com/vi/TVx1AhhuM-Y/maxresdefault.jpg,1,,,,,66422,4718,,0,46
336,UCFqnvxz2f7J2cmTo_j0XMpA,"Mambah Fit",-js3HmJnmgg,2024-03-05T18:18:34Z,"2024-03-05 18:18:34","𝐋𝐄𝐓’𝐒 𝐆𝐎 𝐆𝐑𝐎𝐂𝐄𝐑𝐘 𝐒𝐇𝐎𝐏𝐏𝐈𝐍𝐆 “𝐅𝐈𝐋𝐋𝐈𝐍𝐆 𝐌𝐘 𝐅𝐑𝐈𝐃𝐆𝐄” #darija #maghrib",,,26,"Howto & Style",,PT42S,42,2d,hd,false,en,ar,https://i.ytimg.com/vi/-js3HmJnmgg/maxresdefault.jpg,1,,,,,290518,12180,,0,107
337,UCFqnvxz2f7J2cmTo_j0XMpA,"Mambah Fit",JAsQTE9MuUk,2024-03-03T17:30:05Z,"2024-03-03 17:30:05","‎مشيييييت فييهااا- 😈 TRAINING WITH @HabbatAbdelillah","Welcome back to my channel La Mambah Fam 😇 Today’s video is all about good vibes 😎 learning 🧠 from each other and having a good time while training 🏋🏽 We were planning on doing a boxing 🥊 video with @HabbatAbdelillah on December 2023, but due to the amount of work 🤓 we both had, we couldn’t do it, so we’ve decided to do a normal workout today while discussing certain interesting topics ✌🏽 Hope you’ll enjooooy 🕺🏽 Thanks to @𝐞𝐬𝐜𝐚𝐩𝐞𝐡𝐞𝐚𝐥𝐭𝐡.𝐜𝐥𝐮𝐛 for their warm welcome at their gym 💪🏾 𝐌𝐀𝐓𝐙𝐀𝐏𝐄𝐒𝐇 ⚡️ ↳ Habbat Abdelillah Instagram ➭ https://www.instagram.com/habbatabdelillah/ ↳ Habbat Abdelillah Youtube Channel ➭ @HabbatAbdelillah ↳ Escape Health Club Instagram ➭ https://www.instagram.com/escapehealth.club/ ↳ Filmed & Edited by Adam ➭ https://www.instagram.com/adam_abdourabbih?igsh=MXFhZDB4dG9zaTc3YQ== 〰️ 𝐅𝐈𝐍𝐃 𝐌𝐄 𝐎𝐍 𝐒𝐎𝐂𝐈𝐀𝐋 𝐌𝐄𝐃𝐈𝐀 ↳ Instagram ➭ https://www.instagram.com/mambahfit/ ↳ Tiktok ➭ https://www.tiktok.com/@mambahfit ↳ Website ➭ https://www.mambahfit.com/ 〰️ 𝐌𝐔𝐒𝐈𝐂 𝐅𝐑𝐎𝐌 𝐄𝐏𝐈𝐃𝐄𝐌𝐈𝐂 𝐒𝐎𝐔𝐍𝐃 ↳ 7 day free trial ➭ https://share.epidemicsound.com/jjir8n","healthy,fitness,healthy lifestyle,morocco,travel,maghreb,maroc,barcelona,vlog,vlogging,moroccan vloger,vlogger,arabic,darija,traveling,moroccoinfluencer,مغربية,جزائري,سفر,سياحة,مغربي,mambah,matzapesh,mambah fit,مكان,entrepreneur,money,ceo,mamba,habbat,workout,training,documentaire,abdellilah,habbatabdellilah",26,"Howto & Style","Boxing,Health,Lifestyle_(sociology),Physical_fitness",PT42M2S,2522,2d,hd,false,en,ar,,1,,,,,451712,21095,,0,665
338,UCFqnvxz2f7J2cmTo_j0XMpA,"Mambah Fit",PbKTJqTKVVM,2024-03-03T11:02:41Z,"2024-03-03 11:02:41","NEW VLOG TONIGHT WITH @HabbatAbdelillah 🎞️ #darija #healthy #training #workout #morocco",,,26,"Howto & Style","Health,Lifestyle_(sociology),Physical_fitness",PT51S,51,2d,hd,false,en,ar,https://i.ytimg.com/vi/PbKTJqTKVVM/maxresdefault.jpg,1,,,,,89394,5338,,0,36
339,UCFqnvxz2f7J2cmTo_j0XMpA,"Mambah Fit",TYA-l1NKlV8,2024-03-01T17:37:52Z,"2024-03-01 17:37:52","𝐈 𝐋𝐎𝐕𝐄 𝐇𝐎𝐖 𝐘𝐎𝐔’𝐑𝐄 𝐂𝐑𝐄𝐀𝐓𝐈𝐍𝐆 𝐌𝐘 𝐎𝐖𝐍 𝐋𝐈𝐅𝐄 🤣 #darija #healthy #morocco",,,26,"Howto & Style","Entertainment,Health",PT44S,44,2d,hd,false,en,ar,https://i.ytimg.com/vi/TYA-l1NKlV8/maxresdefault.jpg,1,,,,,264876,17106,,0,293
340,UCFqnvxz2f7J2cmTo_j0XMpA,"Mambah Fit",yGDjU73o0eg,2024-02-29T17:36:55Z,"2024-02-29 17:36:55","We did it 🤩 We reached 1M on Instagram A dream come true 🙏🏼 #motivation #darija #discipline",,,26,"Howto & Style","Health,Lifestyle_(sociology)",PT45S,45,2d,hd,false,en,ar,https://i.ytimg.com/vi/yGDjU73o0eg/maxresdefault.jpg,1,,,,,134152,13607,,0,211
341,UCFqnvxz2f7J2cmTo_j0XMpA,"Mambah Fit",aEUBn4U7-mw,2024-02-28T18:00:00Z,"2024-02-28 18:00:00","شريت كاميُّو باش نرضو كارافان 🚐 🇲🇦","Welcome back to my channel La Mambah Fam 😇 We are starting a new adventure together 🤩!! I bought an empty Van 🚐 to renovate it and transform it completely into a camper van. I’m planning on traveling around Morocco 🇲🇦 to discover the beauties of my country, and there is no better way to do It than with a van 🛣️. This is the first episode of many, because I’ll be documenting 📹 the whole journey so I can share it with all of you. Are you ready to embark in this adventure with me? 🕺🏽 𝐌𝐀𝐓𝐙𝐀𝐏𝐄𝐒𝐇 ⚡️ 〰️ 𝐅𝐈𝐍𝐃 𝐌𝐄 𝐎𝐍 𝐒𝐎𝐂𝐈𝐀𝐋 𝐌𝐄𝐃𝐈𝐀 ↳ Instagram ➭ https://www.instagram.com/mambahfit/ ↳ Tiktok ➭ https://www.tiktok.com/@mambahfit ↳ Website ➭ https://www.mambahfit.com/ 〰️ 𝐌𝐔𝐒𝐈𝐂 𝐅𝐑𝐎𝐌 𝐄𝐏𝐈𝐃𝐄𝐌𝐈𝐂 𝐒𝐎𝐔𝐍𝐃 ↳ 7 day free trial ➭ https://share.epidemicsound.com/jjir8n","healthy,fitness,healthy lifestyle,morocco,travel,maghreb,maroc,barcelona,vlog,vlogging,moroccan vloger,vlogger,arabic,darija,traveling,moroccoinfluencer,مغربية,جزائري,سفر,سياحة,مغربي,mambah,matzapesh,mambah fit,مكان,entrepreneur,money,ceo,mamba,caravan,campingcar,campervan,camper,van,camion",26,"Howto & Style",Lifestyle_(sociology),PT11M29S,689,2d,hd,false,en,ar,https://i.ytimg.com/vi/aEUBn4U7-mw/maxresdefault.jpg,1,,,,,573879,29766,,0,1109
342,UCFqnvxz2f7J2cmTo_j0XMpA,"Mambah Fit",hsrEkJ0WDdU,2024-02-27T17:39:05Z,"2024-02-27 17:39:05","NEW VIDEO COMING SOON 🔥🤩🎥 #healthy #lifestyle #darija #discipline #workout #vlog",,,26,"Howto & Style","Health,Lifestyle_(sociology),Physical_fitness",PT54S,54,2d,hd,false,en,ar,https://i.ytimg.com/vi/hsrEkJ0WDdU/maxresdefault.jpg,1,,,,,120202,7424,,0,117
343,UCFqnvxz2f7J2cmTo_j0XMpA,"Mambah Fit",t7vhgdcvG54,2024-02-25T17:57:56Z,"2024-02-25 17:57:56","25 February 2024",,,26,"Howto & Style","Lifestyle_(sociology),Physical_fitness",PT42S,42,2d,hd,false,fr,ar,https://i.ytimg.com/vi/t7vhgdcvG54/maxresdefault.jpg,1,,,,,223989,13119,,0,88
344,UCFqnvxz2f7J2cmTo_j0XMpA,"Mambah Fit",jTzDSsoG9U0,2024-02-24T18:00:28Z,"2024-02-24 18:00:28","فاش خدام؟ 🎤 A DAY IN MY LIFE","Welcome back to my channel La Mambah Fam 😇 Today's vlog is going to be super casual 🙏🏽 nothing too crazy, to show you how a day in my life looks like. A lot of you have been asking me, what do I do for a living 💲. Well, I'm a full-time content creator 🤳🏽 and have several businesses in morocco 🇲🇦 as well. Creating content is not easy, and you won't believe it till you start trying 😅. Trust me, this is a full-time job. My mission here, is to inspire and help as many people as I can through my long form and short form content 📱 Sooo sit back and enjoy this little moment with me 🕺🏽 𝐌𝐀𝐓𝐙𝐀𝐏𝐄𝐒𝐇 ⚡️ 〰️ 𝐅𝐈𝐍𝐃 𝐌𝐄 𝐎𝐍 𝐒𝐎𝐂𝐈𝐀𝐋 𝐌𝐄𝐃𝐈𝐀 ↳ Instagram ➭ https://www.instagram.com/mambahfit/ ↳ Tiktok ➭ https://www.tiktok.com/@mambahfit ↳ Website ➭ https://www.mambahfit.com/ 〰️ 𝐌𝐔𝐒𝐈𝐂 𝐅𝐑𝐎𝐌 𝐄𝐏𝐈𝐃𝐄𝐌𝐈𝐂 𝐒𝐎𝐔𝐍𝐃 ↳ 7 day free trial ➭ https://share.epidemicsound.com/jjir8n","healthy,fitness,healthy lifestyle,morocco,travel,maghreb,maroc,barcelona,vlog,vlogging,moroccan vloger,vlogger,arabic,darija,traveling,moroccoinfluencer,مغربية,جزائري,سفر,سياحة,مغربي,mambah,matzapesh,mambah fit,مكان,entrepreneur,money,ceo,mamba",26,"Howto & Style","Health,Lifestyle_(sociology)",PT7M1S,421,2d,hd,false,en,ar,https://i.ytimg.com/vi/jTzDSsoG9U0/maxresdefault.jpg,1,,,,,98019,3781,,0,187
345,UCFqnvxz2f7J2cmTo_j0XMpA,"Mambah Fit",1UmqgoESe50,2024-02-23T17:34:40Z,"2024-02-23 17:34:40","23 February 2024",,,26,"Howto & Style",Lifestyle_(sociology),PT41S,41,2d,hd,false,fr,ar,https://i.ytimg.com/vi/1UmqgoESe50/maxresdefault.jpg,1,,,,,333555,20110,,0,235
346,UCFqnvxz2f7J2cmTo_j0XMpA,"Mambah Fit",ZrYBNiSXl2U,2024-02-21T17:26:43Z,"2024-02-21 17:26:43","21 February 2024",,,26,"Howto & Style",,PT47S,47,2d,hd,false,fr,ar,https://i.ytimg.com/vi/ZrYBNiSXl2U/maxresdefault.jpg,1,,,,,85475,5977,,0,73
347,UCFqnvxz2f7J2cmTo_j0XMpA,"Mambah Fit",ap5NYSO1ZIg,2024-02-21T09:11:41Z,"2024-02-21 09:11:41","New adventures coming 🤩🚐 #healthy #lovemorocco #travel #morocco #darija #van #vanlife",,,26,"Howto & Style",Lifestyle_(sociology),PT20S,20,2d,hd,false,en,en,https://i.ytimg.com/vi/ap5NYSO1ZIg/maxresdefault.jpg,1,,,,,262903,12405,,0,141
348,UCFqnvxz2f7J2cmTo_j0XMpA,"Mambah Fit",njOej5C_t-Y,2024-02-18T17:24:58Z,"2024-02-18 17:24:58","18 February 2024",,,26,"Howto & Style","Food,Lifestyle_(sociology)",PT44S,44,2d,hd,false,fr,ar,https://i.ytimg.com/vi/njOej5C_t-Y/maxresdefault.jpg,1,,,,,264832,13678,,0,127
349,UCFqnvxz2f7J2cmTo_j0XMpA,"Mambah Fit",m3LWEaRWkHU,2024-02-17T18:00:18Z,"2024-02-17 18:00:18","تجربة البقاء في الثلج 🥶","Welcome back to my channel La Mambah Fam 😇 What an amazing experience 🤩! We came to south Argentina 🇦🇷 in Patagonia to visit the famous Perito Moreno Glaciar 🧊 Knowing about it or watching it on Youtube is one thing, but experiencing it in real life is a whole other level. We booked the Mini Trekking in advance right when we landed in El Chalten to be sure that we get our spot to walk 🚶🏽 on the Glaciar. If you’re planning on going, I definitely recommend to do the same, knowing that prices can be quite expensive online. For this mini trekking we paid 210 euros 🤑 I hope you’ll enjoy this little vlog and don’t forget to leave a comment 🤓 𝐌𝐀𝐓𝐙𝐀𝐏𝐄𝐒𝐇 ⚡️ 〰️ 𝐅𝐈𝐍𝐃 𝐌𝐄 𝐎𝐍 𝐒𝐎𝐂𝐈𝐀𝐋 𝐌𝐄𝐃𝐈𝐀 ↳ Instagram ➭ https://www.instagram.com/mambahfit/ ↳ Tiktok ➭ https://www.tiktok.com/@mambahfit ↳ Website ➭ https://www.mambahfit.com/","healthy,fitness,healthy lifestyle,morocco,travel,maghreb,maroc,vlog,vlogging,moroccan vloger,vlogger,arabic,darija,traveling,moroccoinfluencer,برشلونة,مغربية,جزائري,سفر,سياحة,مغربي,mambah,matzapesh,mambah fit,مكان,argentina,latino,america,perito moreno,glaciar,south",26,"Howto & Style","Hobby,Lifestyle_(sociology),Tourism",PT6M43S,403,2d,hd,false,en,ar,https://i.ytimg.com/vi/m3LWEaRWkHU/maxresdefault.jpg,1,,,,,26495,1191,,0,47
350,UCFqnvxz2f7J2cmTo_j0XMpA,"Mambah Fit",gOm4i3ExzNg,2024-02-16T17:37:57Z,"2024-02-16 17:37:57","16 February 2024",,,19,"Travel & Events","Lifestyle_(sociology),Physical_fitness",PT38S,38,2d,hd,false,fr,ar,https://i.ytimg.com/vi/gOm4i3ExzNg/maxresdefault.jpg,1,,,,,905356,34521,,0,177
351,UCFqnvxz2f7J2cmTo_j0XMpA,"Mambah Fit",KNETAF7-Hy8,2024-02-14T17:48:44Z,"2024-02-14 17:48:44","14 February 2024",,,19,"Travel & Events","Hobby,Lifestyle_(sociology)",PT44S,44,2d,hd,false,fr,fr,https://i.ytimg.com/vi/KNETAF7-Hy8/maxresdefault.jpg,1,,,,,485345,27274,,0,195
352,UCFqnvxz2f7J2cmTo_j0XMpA,"Mambah Fit",oi-k8yVVc08,2024-02-10T18:30:39Z,"2024-02-10 18:30:39","BUENOS AIRES 🇦🇷 - علاش الارجنتين بلد النشاط؟","Welcome back to my channel La Mambah Fam 😇 I’ve been in Argentina 🇦🇷 for the past 2 weeks now and it has been a crazy memorable experience 🤩 From discovering the local streets to eating amazing meat 🥩, we enjoyed every second of this trip. I came here with 6 other friends 👥 from all around the world 🌍 to enjoy the Latino culture, capture 📸 memorable moments, aaaand learn some tango 💃 (but the last part didn’t happen 🤣) In this vlog you’ll discover the beauty of La Boca, in Buenos Aires, which is a colorful neighborhood, and a must if you come to BA 🇦🇷 Now sit back, and enjoy this little vlog 😇 𝐌𝐀𝐓𝐙𝐀𝐏𝐄𝐒𝐇 ⚡️ 〰️ 𝐅𝐈𝐍𝐃 𝐌𝐄 𝐎𝐍 𝐒𝐎𝐂𝐈𝐀𝐋 𝐌𝐄𝐃𝐈𝐀 ↳ Instagram ➭ https://www.instagram.com/mambahfit/ ↳ Tiktok ➭ https://www.tiktok.com/@mambahfit ↳ Website ➭ https://www.mambahfit.com/","healthy,lifestyle,morocco,vlog,vlogger,a day in life,a day in the life,travel vlog,Buenos aires,la boca,el caminito,colorful neighborhood,darija,arabic,moroccan,travel,traveling,Argentina,latino,culture,tango,tango show,argentinian meat,food,argentinian restaurant,المغرب,الدارجة,السفر,صانع المحتوى,sani3 mouhtawa,chill vlog",19,"Travel & Events","Lifestyle_(sociology),Tourism",PT10M45S,645,2d,hd,false,en,ar,https://i.ytimg.com/vi/oi-k8yVVc08/maxresdefault.jpg,1,,,,,85571,2459,,0,123
353,UCFqnvxz2f7J2cmTo_j0XMpA,"Mambah Fit",qjP9Sh6TYEA,2024-02-10T07:07:43Z,"2024-02-10 07:07:43","What a crazy experience 🤩 New vlog coming soon 🕺🏽 #healthy #vlog #travel #peritomoreno #glaciar",,,19,"Travel & Events","Lifestyle_(sociology),Tourism",PT19S,19,2d,hd,false,en,ar,https://i.ytimg.com/vi/qjP9Sh6TYEA/maxresdefault.jpg,1,,,,,133735,4831,,0,57
354,UCFqnvxz2f7J2cmTo_j0XMpA,"Mambah Fit",Hb4R2nGq99w,2024-01-31T20:50:10Z,"2024-01-31 20:50:10","31 January 2024",,,19,"Travel & Events","Food,Lifestyle_(sociology)",PT44S,44,2d,hd,false,fr,ar,https://i.ytimg.com/vi/Hb4R2nGq99w/maxresdefault.jpg,1,,,,,207894,9330,,0,118
355,UCFqnvxz2f7J2cmTo_j0XMpA,"Mambah Fit",KWQ5RzR_w14,2024-01-29T18:53:42Z,"2024-01-29 18:53:42","29 January 2024",,,19,"Travel & Events",Lifestyle_(sociology),PT47S,47,2d,hd,false,fr,ar,https://i.ytimg.com/vi/KWQ5RzR_w14/maxresdefault.jpg,1,,,,,108013,6058,,0,108
356,UCFqnvxz2f7J2cmTo_j0XMpA,"Mambah Fit",s9x6ygxlJ5U,2024-01-27T21:16:21Z,"2024-01-27 21:16:21","27 January 2024",,,19,"Travel & Events",Lifestyle_(sociology),PT47S,47,2d,hd,false,fr,ar,https://i.ytimg.com/vi/s9x6ygxlJ5U/maxresdefault.jpg,1,,,,,577376,28386,,0,216
357,UCFqnvxz2f7J2cmTo_j0XMpA,"Mambah Fit",d-LDN7aelDY,2024-01-26T21:29:16Z,"2024-01-26 21:29:16","25 January 2024",,,19,"Travel & Events",Lifestyle_(sociology),PT45S,45,2d,hd,false,fr,fr,https://i.ytimg.com/vi/d-LDN7aelDY/maxresdefault.jpg,1,,,,,254983,14296,,0,90
358,UCFqnvxz2f7J2cmTo_j0XMpA,"Mambah Fit",SQnsN7Y7TI0,2024-01-24T17:36:21Z,"2024-01-24 17:36:21","24 January 2024",,,19,"Travel & Events",Entertainment,PT30S,30,2d,hd,false,fr,ar,https://i.ytimg.com/vi/SQnsN7Y7TI0/maxresdefault.jpg,1,,,,,1123954,46611,,0,182
359,UCFqnvxz2f7J2cmTo_j0XMpA,"Mambah Fit",yM0MqrZ5h40,2024-01-22T20:46:27Z,"2024-01-22 20:46:27","22 January 2024",,,19,"Travel & Events","Food,Lifestyle_(sociology)",PT41S,41,2d,hd,false,fr,ar,https://i.ytimg.com/vi/yM0MqrZ5h40/maxresdefault.jpg,1,,,,,131611,6227,,0,73
360,UCFqnvxz2f7J2cmTo_j0XMpA,"Mambah Fit",bOC1DZH7yGc,2024-01-20T17:17:05Z,"2024-01-20 17:17:05","20 January 2024",,,19,"Travel & Events",Lifestyle_(sociology),PT13S,13,2d,hd,false,fr,en,https://i.ytimg.com/vi/bOC1DZH7yGc/maxresdefault.jpg,1,,,,,110144,3199,,0,429
361,UCFqnvxz2f7J2cmTo_j0XMpA,"Mambah Fit",UkXeA6AViY4,2024-01-18T17:41:52Z,"2024-01-18 17:41:52","18 January 2024",,,19,"Travel & Events",Lifestyle_(sociology),PT49S,49,2d,hd,false,fr,ar,https://i.ytimg.com/vi/UkXeA6AViY4/maxresdefault.jpg,1,,,,,297352,14824,,0,194
362,UCFqnvxz2f7J2cmTo_j0XMpA,"Mambah Fit",UhWK0rGxzi8,2024-01-15T18:03:58Z,"2024-01-15 18:03:58","15 January 2024",,,19,"Travel & Events","Lifestyle_(sociology),Tourism",PT52S,52,2d,hd,false,fr,ar,https://i.ytimg.com/vi/UhWK0rGxzi8/maxresdefault.jpg,1,,,,,111146,5553,,0,57
363,UCFqnvxz2f7J2cmTo_j0XMpA,"Mambah Fit",ahI0kTORim0,2024-01-13T18:30:04Z,"2024-01-13 18:30:04","LIFE IN DUBAI 💰 واش دبي غالية بزااااف ؟","Welcome back to my channel La Mambah Fam 😇 Today is all about discovering Dubai 🏙️ and its amazing skyscrapers. I came here for a week to discover this breathtaking city, filled with activities, restaurants, shows and much more that everyone is talking about 🤩. And let me tell you, I’m amazed by it!! But I also decided to do things that not everyone is doing when coming to Dubai 🇦🇪, like going to see the first ever building, going to Global Village to taste the food of many different countries, etc. Like I said, there is soooo much to do here, it’s insane 🤯 Now sit back, and enjoy this little vlog about Dubai 😇 𝐌𝐀𝐓𝐙𝐀𝐏𝐄𝐒𝐇 ⚡️ 〰️ 𝐅𝐈𝐍𝐃 𝐌𝐄 𝐎𝐍 𝐒𝐎𝐂𝐈𝐀𝐋 𝐌𝐄𝐃𝐈𝐀 ↳ Instagram ➭ https://www.instagram.com/mambahfit/ ↳ TikTok ➭ https://www.tiktok.com/@mambahfit ↳ Website ➭ https://www.mambahfit.com/","healthy,fitness,healthy lifestyle,morocco,travel,maghreb,maroc,vlog,vlogging,moroccan vloger,vlogger,arabic,darija,traveling,moroccoinfluencer,مغربية,جزائري,سفر,سياحة,مغربي,mambah,matzapesh,mambah fit,مكان,dubai,دبي,burj khalifa,burj al arab,luxury life,expensive dubai,cheap dubai",19,"Travel & Events","Lifestyle_(sociology),Tourism",PT9M42S,582,2d,hd,false,en,ar,https://i.ytimg.com/vi/ahI0kTORim0/maxresdefault.jpg,1,,,,,122790,3682,,0,138
364,UCFqnvxz2f7J2cmTo_j0XMpA,"Mambah Fit",ZvZDU9yxv-E,2024-01-08T18:27:36Z,"2024-01-08 18:27:36","8 January 2024",,,26,"Howto & Style","Lifestyle_(sociology),Tourism",PT52S,52,2d,hd,false,ar,ar,https://i.ytimg.com/vi/ZvZDU9yxv-E/maxresdefault.jpg,1,,,,,130169,6744,,0,89
365,UCFqnvxz2f7J2cmTo_j0XMpA,"Mambah Fit",WL9YcYGg7Lc,2024-01-05T18:04:36Z,"2024-01-05 18:04:36","5 January 2024",,,26,"Howto & Style","Hobby,Lifestyle_(sociology)",PT51S,51,2d,hd,false,ar,ar,https://i.ytimg.com/vi/WL9YcYGg7Lc/maxresdefault.jpg,1,,,,,239530,13559,,0,123
366,UCFqnvxz2f7J2cmTo_j0XMpA,"Mambah Fit",5PWWkqKaWWY,2024-01-03T17:46:00Z,"2024-01-03 17:46:00","3 January 2024",,,26,"Howto & Style","Food,Lifestyle_(sociology)",PT44S,44,2d,hd,false,fr,ar,https://i.ytimg.com/vi/5PWWkqKaWWY/maxresdefault.jpg,1,,,,,2051476,83928,,0,376
367,UCFqnvxz2f7J2cmTo_j0XMpA,"Mambah Fit",0aQ7HsjPd10,2023-12-31T20:03:31Z,"2023-12-31 20:03:31","Bye bye 👋🏽 2023 #healthy #lifestyle #explore #newyear #discipline #discovery",,,26,"Howto & Style",Lifestyle_(sociology),PT18S,18,2d,hd,false,en,en,https://i.ytimg.com/vi/0aQ7HsjPd10/maxresdefault.jpg,1,,,,,67804,2815,,0,26
368,UCFqnvxz2f7J2cmTo_j0XMpA,"Mambah Fit",Z4egbnZEv3E,2023-12-31T12:02:39Z,"2023-12-31 12:02:39","31 December 2023",,,26,"Howto & Style",Entertainment,PT42S,42,2d,hd,false,fr,ar,https://i.ytimg.com/vi/Z4egbnZEv3E/maxresdefault.jpg,1,,,,,109502,8845,,0,163
369,UCFqnvxz2f7J2cmTo_j0XMpA,"Mambah Fit",_G727WCWhXE,2023-12-30T18:30:23Z,"2023-12-30 18:30:23","KOULCHI TBEDEL FE 2023 🤩","Welcome back to my channel La Mambah Fam 😇 What an amazing year it has been 🤩 full of experiences, adventures 🎒, traveling ✈️ and much more. 2023 taught me to enjoy life at it's fullest while working for your dreams. This year was the year of growth 📈 for me. We managed to build a big and strong community, spreading love and good vibes 🕺🏽. I'm happy to have you all part of my life 🫡, sharing with you positive energy and learning from all of you every single day. Remember, it's only the beginning 💪🏾 Thanks to all of you that believed in me, followed me and made this year possible ❤️ 𝐌𝐀𝐓𝐙𝐀𝐏𝐄𝐒𝐇 ⚡️ 〰️ 𝐅𝐈𝐍𝐃 𝐌𝐄 𝐎𝐍 𝐒𝐎𝐂𝐈𝐀𝐋 𝐌𝐄𝐃𝐈𝐀 ↳ Instagram ➭ https://www.instagram.com/mambahfit/ ↳ Tiktok ➭ https://www.tiktok.com/@mambahfit ↳ Website ➭ https://www.mambahfit.com/","healthy,fitness,healthy lifestyle,morocco,travel,maghreb,maroc,vlog,vlogging,moroccan vloger,vlogger,arabic,darija,traveling,moroccoinfluencer,wedding,مغربية,جزائري,زواج,سفر,سياحة,مغربي,mambah,matzapesh,mambah fit,مكان,2023 recap,goals,achievements",26,"Howto & Style",,PT14M50S,890,2d,hd,false,en,ar,https://i.ytimg.com/vi/_G727WCWhXE/maxresdefault.jpg,1,,,,,40983,2541,,0,164
370,UCFqnvxz2f7J2cmTo_j0XMpA,"Mambah Fit",_R99APP0u3U,2023-12-27T17:34:20Z,"2023-12-27 17:34:20","27 December 2023",,,26,"Howto & Style",Lifestyle_(sociology),PT55S,55,2d,hd,false,fr,ar,https://i.ytimg.com/vi/_R99APP0u3U/maxresdefault.jpg,1,,,,,90298,5711,,0,86
371,UCFqnvxz2f7J2cmTo_j0XMpA,"Mambah Fit",IUP1mcDs0hw,2023-12-23T18:30:18Z,"2023-12-23 18:30:18","WINTER IN GERMANY 🥶 عيد في ألمانيا","Welcome back to my channel La Mambah Fam 😇 Guess what? This time last year, I was chilling in Germany 🇩🇪 and stumbled upon something pretty cool - their tradition of hunting down the freshest Christmas tree. Yep, did it again this year and loved every bit of it! 🤩 And hey, just a heads-up, these trees are from a special park where they're grown just for the festive season, so no worries there. 😉 Immersing myself in new cultures is just amazing, right? Although I didn't grow up with this tradition (shoutout to my roots in Morocco 🇲🇦), I'm all about exploring and learning. And did you know I've got some German heritage? Yep! So diving into the German way of life, from yummy food to cool habits, is like getting to know another part of my family. It's an adventure I love 😇 Join me on this journey and let's explore more together! 🙏🏼 𝐌𝐀𝐓𝐙𝐀𝐏𝐄𝐒𝐇 ⚡️ 〰️ 𝐅𝐈𝐍𝐃 𝐌𝐄 𝐎𝐍 𝐒𝐎𝐂𝐈𝐀𝐋 𝐌𝐄𝐃𝐈𝐀 ↳ Instagram ➭ https://www.instagram.com/mambahfit/ ↳ Tiktok ➭ https://www.tiktok.com/@mambahfit ↳ Website ➭ https://www.mambahfit.com/","healthy,fitness,healthy lifestyle,morocco,travel,maghreb,maroc,barcelone,vlog,vlogging,moroccan vloger,vlogger,arabic,darija,traveling,moroccoinfluencer,مغربية,جزائري,سفر,سياحة,مغربي,mambah,matzapesh,mambah fit,مكان,germany,frankfurt,dusseldurf,allemagne,voyage,ألمانيا",26,"Howto & Style","Hobby,Lifestyle_(sociology),Tourism",PT8M47S,527,2d,hd,false,en,ar,https://i.ytimg.com/vi/IUP1mcDs0hw/maxresdefault.jpg,1,,,,,57200,2336,,0,339
372,UCFqnvxz2f7J2cmTo_j0XMpA,"Mambah Fit",eKPMovRIX6Y,2023-12-23T17:48:54Z,"2023-12-23 17:48:54","23 December 2023",,,26,"Howto & Style","Food,Lifestyle_(sociology)",PT37S,37,2d,hd,false,fr,ar,https://i.ytimg.com/vi/eKPMovRIX6Y/maxresdefault.jpg,1,,,,,117885,5227,,0,70
373,UCFqnvxz2f7J2cmTo_j0XMpA,"Mambah Fit",QSiRn-PgUFE,2023-12-23T13:10:29Z,"2023-12-23 13:10:29","Habibiiii! Come to Morocco 🇲🇦🤣 #healthy #lovemorocco #lifestyle #morocco #atay #marrakech",,,26,"Howto & Style","Lifestyle_(sociology),Tourism",PT10S,10,2d,hd,false,fr,ar,https://i.ytimg.com/vi/QSiRn-PgUFE/maxresdefault.jpg,1,,,,,43230,1719,,0,37
374,UCFqnvxz2f7J2cmTo_j0XMpA,"Mambah Fit",UgVwp-py-t4,2023-12-21T17:59:05Z,"2023-12-21 17:59:05","21 December 2023",,,26,"Howto & Style",Lifestyle_(sociology),PT9S,9,2d,hd,false,fr,ar,https://i.ytimg.com/vi/UgVwp-py-t4/maxresdefault.jpg,1,,,,,60125,2421,,0,63
375,UCFqnvxz2f7J2cmTo_j0XMpA,"Mambah Fit",k6pMV8ddyUE,2023-12-19T17:59:45Z,"2023-12-19 17:59:45","19 December 2023",,,26,"Howto & Style",,PT40S,40,2d,hd,false,fr,ar,https://i.ytimg.com/vi/k6pMV8ddyUE/maxresdefault.jpg,1,,,,,112338,8622,,0,264
376,UCFqnvxz2f7J2cmTo_j0XMpA,"Mambah Fit",X-u7jMO5TtQ,2023-12-17T17:53:36Z,"2023-12-17 17:53:36","17 December 2023",,,26,"Howto & Style",Lifestyle_(sociology),PT47S,47,2d,hd,false,fr,ar,https://i.ytimg.com/vi/X-u7jMO5TtQ/maxresdefault.jpg,1,,,,,232654,12918,,0,383
377,UCFqnvxz2f7J2cmTo_j0XMpA,"Mambah Fit",UYvPHn9-Q9s,2023-12-16T18:30:14Z,"2023-12-16 18:30:14","“A DAY IN MY LIFE - SURF 🏄🏽‍♂️ مشيت ندير” 🇲🇦","Welcome back to my channel La MambahFam ! 😇 Today I'm taking you with me through a quick & exciting morning ☀️ Every morning has to start by moving my body, and there is no better way to start your morning than fresh air, an amazing surfing 🏄🏽‍♂️ session and good company ⚡️ Oh, and I almost forgot a detail, protein pancakes 🥞 are a must after a crazy surfing session to kick start your day with lots of energy 💪🏾 Anyways, hope you’ll enjoy this short vlog and I’ll see you on the next one 🫡 𝐌𝐀𝐓𝐙𝐀𝐏𝐄𝐒𝐇 ⚡️ 〰️ 𝐓𝐇𝐈𝐍𝐆𝐒 𝐈 𝐌𝐄𝐍𝐓𝐈𝐎𝐍𝐄𝐃 ↳ Mavericks Media Agency ➭ www.instagram.com/mavricksmediaagency 〰️ 𝐅𝐈𝐍𝐃 𝐌𝐄 𝐎𝐍 𝐒𝐎𝐂𝐈𝐀𝐋 𝐌𝐄𝐃𝐈𝐀 ↳ Instagram ➭ https://www.instagram.com/mambahfit/ ↳ Tiktok ➭ https://www.tiktok.com/@mambahfit ↳ Website ➭ https://www.mambahfit.com/ 〰️ 𝐂𝐎𝐍𝐓𝐀𝐂𝐓 𝐌𝐄 ✉️ y.amor@mambahfit.com","morocco,surf,couscous,maghreb,healthy,lifestyle,healthylifestyle,a day in my life,vlog,morocco vlog,نهار معايا,المغرب,matzapesh,mamba,يوميات,رحلة,مغربي,سفر,مغرب الجمال",26,"Howto & Style",Lifestyle_(sociology),PT5M45S,345,2d,hd,false,en,ar,https://i.ytimg.com/vi/UYvPHn9-Q9s/maxresdefault.jpg,1,,,,,34077,1341,,0,89
378,UCFqnvxz2f7J2cmTo_j0XMpA,"Mambah Fit",fc__wtwpgns,2023-12-15T09:34:28Z,"2023-12-15 09:34:28","Happy Friday 😇🇲🇦 #healthy #lifestyle #morocco #darija #goodvibes",,,19,"Travel & Events","Health,Lifestyle_(sociology)",PT40S,40,2d,hd,false,en,ar,https://i.ytimg.com/vi/fc__wtwpgns/maxresdefault.jpg,1,,,,,59581,3547,,0,71
379,UCFqnvxz2f7J2cmTo_j0XMpA,"Mambah Fit",bo1g3XqfILU,2023-12-09T18:00:27Z,"2023-12-09 18:00:27","10,000 سعرة حرارية في اليوم 🤮 -DON’T TRY THIS AT HOME","Welcome back to my channel La Mambah Fam 😇 I've always wanted to try this famous 10.000 calories 🤯 challenge but never got the chance to. This time, I was like, it's now or never! I think I've never felt that bad because of food... can you imagine having a burger 🍔 in front of you but can't eat it because you're just sick of food? Well that happened to me that day, even thos I looove triple cheese burgers 🤣 If you ever thought about trying this challenge, DON'T! I'ts sooo unhealthy and not worth it at all 😖 Now sit back, and enjoy this vlog 😇 BTW, you must try Caribou Coffee, ( https://www.instagram.com/cariboucoffeemaroc/ ). I think I've never had a coffee drink like that one 🙃 𝐌𝐀𝐓𝐙𝐀𝐏𝐄𝐒𝐇 ⚡️ 〰️ 𝐅𝐈𝐍𝐃 𝐌𝐄 𝐎𝐍 𝐒𝐎𝐂𝐈𝐀𝐋 𝐌𝐄𝐃𝐈𝐀 ↳ Instagram ➭ https://www.instagram.com/mambahfit/ ↳ Tiktok ➭ https://www.tiktok.com/@mambahfit ↳ Website ➭ https://www.mambahfit.com/","healthy,fitness,healthy lifestyle,morocco,travel,maghreb,maroc,barcelona,barcelone,vlog,vlogging,moroccan vloger,vlogger,arabic,darija,traveling,moroccoinfluencer,wedding,برشلونة,مغربية,جزائري,زواج,سفر,سياحة,مغربي,mambah,matzapesh,mambah fit,مكان",26,"Howto & Style","Food,Lifestyle_(sociology)",PT15M35S,935,2d,hd,false,en,ar,https://i.ytimg.com/vi/bo1g3XqfILU/maxresdefault.jpg,1,,,,,349040,15727,,0,665
380,UCFqnvxz2f7J2cmTo_j0XMpA,"Mambah Fit",BwDo1X7GZTI,2023-12-07T17:28:55Z,"2023-12-07 17:28:55","7 December 2023",,,19,"Travel & Events",,PT1M1S,61,2d,hd,false,fr,ar,https://i.ytimg.com/vi/BwDo1X7GZTI/maxresdefault.jpg,1,,,,,1324588,62429,,0,650
381,UCFqnvxz2f7J2cmTo_j0XMpA,"Mambah Fit",Io-2jDTqBzA,2023-12-05T17:50:10Z,"2023-12-05 17:50:10","5 December 2023",,,19,"Travel & Events",,PT26S,26,2d,hd,false,fr,ar,https://i.ytimg.com/vi/Io-2jDTqBzA/maxresdefault.jpg,1,,,,,77548,6390,,0,126
382,UCFqnvxz2f7J2cmTo_j0XMpA,"Mambah Fit",D9WrSsmc3dE,2023-12-03T18:03:51Z,"2023-12-03 18:03:51","3 December 2023",,,19,"Travel & Events","Food,Lifestyle_(sociology)",PT38S,38,2d,hd,false,fr,ar,https://i.ytimg.com/vi/D9WrSsmc3dE/maxresdefault.jpg,1,,,,,116601,6467,,0,65
383,UCFqnvxz2f7J2cmTo_j0XMpA,"Mambah Fit",FNMmRA9qZbg,2023-12-03T10:19:46Z,"2023-12-03 10:19:46","Pancakes anyone? 🥞 #healthy #lifestyle #morocco #arabic #darija #breakfast",,,19,"Travel & Events","Food,Lifestyle_(sociology)",PT23S,23,2d,hd,false,en,en,https://i.ytimg.com/vi/FNMmRA9qZbg/maxresdefault.jpg,1,,,,,68043,3634,,0,137
384,UCFqnvxz2f7J2cmTo_j0XMpA,"Mambah Fit",8cM7TF3Xaw0,2023-12-02T18:00:07Z,"2023-12-02 18:00:07","THE EXPENSIVE CITY 🇬🇧 - تصدمت في لندن","Welcome back to my channel La Mambah Fam 😇 The past week I’ve been on a business trip to London 🇬🇧 to attend a conference about “How to grow/scale your business” 🤑. What I love about these kind of events is the networking 🗣️ side of it & specially the mindset and vibe of people you get to meet. I’ve spent 3 full days in London in which 2 was for the conference 👀 and 1 to enjoy the beauty of London in Christmas season 🎄. And let me tell you, the last day was epic, because I’ve decided to take the camera 📹 and start vlogging while visiting the most famous places there. Even tho I was freezing 🥶 I enjoyed 100% and of course, when I travel, I need to take at least a day to vlog my experience and make you discover the country/city with me 😇 Soooo sit back, and enjoy watching this vlog 😉 𝐌𝐀𝐓𝐙𝐀𝐏𝐄𝐒𝐇 ⚡️ 〰️ 𝐅𝐈𝐍𝐃 𝐌𝐄 𝐎𝐍 𝐒𝐎𝐂𝐈𝐀𝐋 𝐌𝐄𝐃𝐈𝐀 ↳ Instagram ➭ https://www.instagram.com/mambahfit/ ↳ Tiktok ➭ https://www.tiktok.com/@mambahfit ↳ Website ➭ https://www.mambahfit.com/","healthy,fitness,healthy lifestyle,morocco,travel,maghreb,maroc,vlog,vlogging,moroccan vloger,vlogger,arabic,darija,traveling,moroccoinfluencer,برشلونة,مغربية,جزائري,سفر,سياحة,مغربي,mambah,matzapesh,mambah fit,مكان,london",19,"Travel & Events","Lifestyle_(sociology),Tourism",PT9M58S,598,2d,hd,false,en,ar,https://i.ytimg.com/vi/8cM7TF3Xaw0/maxresdefault.jpg,1,,,,,71813,3388,,0,254
385,UCFqnvxz2f7J2cmTo_j0XMpA,"Mambah Fit",RFhvr6srMZ4,2023-11-29T18:08:11Z,"2023-11-29 18:08:11","29 November 2023",,,26,"Howto & Style","Food,Lifestyle_(sociology),Physical_fitness",PT53S,53,2d,hd,false,fr,ar,https://i.ytimg.com/vi/RFhvr6srMZ4/maxresdefault.jpg,1,,,,,324091,20411,,0,247
386,UCFqnvxz2f7J2cmTo_j0XMpA,"Mambah Fit",Znn6-aF7fOs,2023-11-29T18:00:17Z,"2023-11-29 18:00:17","THIS CHANGED MY LIFE 🤑 - كيفاش تنجح","Welcome back to my channel La Mambah Fam 😇 In this video, I will share with you my top 3 books 📚 that changed my perspective in business and helped me through my journey. Everyone will say that reading is one of the most important things to do to be successful, but if you don't apply what you learned, you'll never move forward. Personally, I like to listen 👂🏽 to the books, it's faster and more convenient. After this video, do me a favor and write ✍🏽 down your takeaways. Once that's done, start building a plan to achieve your dreams, break it down into steps and start acting TODAY 💪🏾 𝐌𝐀𝐓𝐙𝐀𝐏𝐄𝐒𝐇 ⚡️ 〰️ 𝐇𝐄𝐑𝐄 𝐀𝐑𝐄 𝐓𝐇𝐄 𝟑 𝐁𝐎𝐎𝐊𝐒 ↳ Atomic Habits ↳ Rich Dad Poor Dad ↳ Mindset, the new psychology of success 〰️ 𝐅𝐈𝐍𝐃 𝐌𝐄 𝐎𝐍 𝐒𝐎𝐂𝐈𝐀𝐋 𝐌𝐄𝐃𝐈𝐀 ↳ instagram ➭ https://www.instagram.com/mambahfit/ ↳ tiktok ➭ https://www.tiktok.com/@mambahfit ↳ website ➭ https://www.mambahfit.com/",,26,"Howto & Style",,PT16M29S,989,2d,hd,false,en,ar,https://i.ytimg.com/vi/Znn6-aF7fOs/maxresdefault.jpg,1,,,,,103351,7150,,0,565
387,UCFqnvxz2f7J2cmTo_j0XMpA,"Mambah Fit",N4yxB_mBzNE,2023-11-29T09:37:44Z,"2023-11-29 09:37:44","IT’S YOUR CHOICE 🙏🏼💪🏽 #healthy #lifestyle #morocco #darija #motivation #discipline",,,26,"Howto & Style","Health,Lifestyle_(sociology)",PT11S,11,2d,hd,false,en,ar,https://i.ytimg.com/vi/N4yxB_mBzNE/maxresdefault.jpg,1,,,,,129216,7198,,0,136
388,UCFqnvxz2f7J2cmTo_j0XMpA,"Mambah Fit",qckHv9K4LQ4,2023-11-27T17:57:02Z,"2023-11-27 17:57:02","27 November 2023",,,26,"Howto & Style",Lifestyle_(sociology),PT48S,48,2d,hd,false,fr,fr,https://i.ytimg.com/vi/qckHv9K4LQ4/maxresdefault.jpg,1,,,,,1227953,54075,,0,762
389,UCFqnvxz2f7J2cmTo_j0XMpA,"Mambah Fit",_WFA1MCnOnk,2023-11-25T18:00:28Z,"2023-11-25 18:00:28","Drive & Talk 🎙️ - تعرفو مع الواليد","Welcome back to my channel La Mambah Fam 😇 This video is a special one 🤩 because you're going to meet the person who taught me almost everything I know about business 🙏🏽 In this episode, you'll learn 🧠 valuable lessons about business & entrepreneurship with real life examples from Karim Amor, CEO of Jet Group As you may already know, I used to work in real estate 🏢 with my dad for 3 years while I was building my community at the same time. These 3 years working with him helped me become what I am today and was worth over 10 years of studying 🤪. Remember, studying is one thing, but real life lessons are worth way more 💪🏾 Now sit back, and enjoy this little talk, hoping you'll learn many useful things for your life 😇 𝐌𝐀𝐓𝐙𝐀𝐏𝐄𝐒𝐇 ⚡️ 〰️ 𝐃𝐎𝐖𝐍𝐋𝐎𝐀𝐃 𝐓𝐇𝐄 𝐁𝐎𝐎𝐊 𝐅𝐎𝐑 𝐅𝐑𝐄𝐄 📚 ↳ Click here: https://www.mambahfit.com/surprenantsentrepreneurs 〰️ 𝐅𝐈𝐍𝐃 𝐌𝐄 𝐎𝐍 𝐒𝐎𝐂𝐈𝐀𝐋 𝐌𝐄𝐃𝐈𝐀 ↳ Instagram ➭ https://www.instagram.com/mambahfit/ ↳ Tiktok ➭ https://www.tiktok.com/@mambahfit ↳ Website ➭ https://www.mambahfit.com/","healthy,fitness,healthy lifestyle,morocco,travel,maghreb,maroc,barcelona,barcelone,vlog,vlogging,moroccan vloger,vlogger,arabic,darija,traveling,moroccoinfluencer,wedding,برشلونة,مغربية,جزائري,زواج,سفر,سياحة,مغربي,mambah,matzapesh,mambah fit,مكان",26,"Howto & Style",,PT22M52S,1372,2d,hd,false,en,ar,https://i.ytimg.com/vi/_WFA1MCnOnk/maxresdefault.jpg,1,,,,,969387,50043,,0,3502
390,UCFqnvxz2f7J2cmTo_j0XMpA,"Mambah Fit",qbLCRgG8muI,2023-11-22T11:21:04Z,"2023-11-22 11:21:04","22 November 2023",,,26,"Howto & Style",,PT24S,24,2d,hd,false,fr,ar,https://i.ytimg.com/vi/qbLCRgG8muI/maxresdefault.jpg,1,,,,,76488,6329,,0,158
391,UCFqnvxz2f7J2cmTo_j0XMpA,"Mambah Fit",tJBncdd9MDs,2023-11-21T17:50:52Z,"2023-11-21 17:50:52","21 November 2023",,,26,"Howto & Style","Food,Lifestyle_(sociology)",PT46S,46,2d,hd,false,fr,ar,https://i.ytimg.com/vi/tJBncdd9MDs/maxresdefault.jpg,1,,,,,274485,16263,,0,177
392,UCFqnvxz2f7J2cmTo_j0XMpA,"Mambah Fit",WruLeaQX8BA,2023-11-21T09:54:37Z,"2023-11-21 09:54:37","Happy Tuesday 🕺🏽 #healthy #lifestyle #morocco #goodvibes #moroccan",,,26,"Howto & Style",Lifestyle_(sociology),PT33S,33,2d,hd,false,en,ar,https://i.ytimg.com/vi/WruLeaQX8BA/maxresdefault.jpg,1,,,,,71437,4744,,0,60
393,UCFqnvxz2f7J2cmTo_j0XMpA,"Mambah Fit",qgqsMpt3AV0,2023-11-19T17:14:32Z,"2023-11-19 17:14:32","19 November 2023",,,26,"Howto & Style","Lifestyle_(sociology),Physical_fitness",PT40S,40,2d,hd,false,fr,en,https://i.ytimg.com/vi/qgqsMpt3AV0/maxresdefault.jpg,1,,,,,85076,4364,,0,104
394,UCFqnvxz2f7J2cmTo_j0XMpA,"Mambah Fit",Je9VZqs6m8o,2023-11-18T17:33:44Z,"2023-11-18 17:33:44","18 November 2023",,,26,"Howto & Style",Lifestyle_(sociology),PT53S,53,2d,hd,false,fr,ar,https://i.ytimg.com/vi/Je9VZqs6m8o/maxresdefault.jpg,1,,,,,142431,8912,,0,173
395,UCFqnvxz2f7J2cmTo_j0XMpA,"Mambah Fit",wt3XeIXgVfU,2023-11-17T17:47:58Z,"2023-11-17 17:47:58","17 November 2023",,,26,"Howto & Style","Lifestyle_(sociology),Physical_fitness",PT34S,34,2d,hd,false,fr,ar,https://i.ytimg.com/vi/wt3XeIXgVfU/maxresdefault.jpg,1,,,,,77619,6259,,0,86
396,UCFqnvxz2f7J2cmTo_j0XMpA,"Mambah Fit",XeACGAyz8O8,2023-11-15T18:23:40Z,"2023-11-15 18:23:40","15 November 2023",,,26,"Howto & Style","Food,Lifestyle_(sociology)",PT43S,43,2d,hd,false,fr,ar,https://i.ytimg.com/vi/XeACGAyz8O8/maxresdefault.jpg,1,,,,,146445,8058,,0,82
397,UCFqnvxz2f7J2cmTo_j0XMpA,"Mambah Fit",DlPQ0nOBnDY,2023-11-14T17:43:22Z,"2023-11-14 17:43:22","What do you think about the outfit 😎 #healthy #lifestyle #morocco #outfit",,,26,"Howto & Style","Fashion,Lifestyle_(sociology)",PT13S,13,2d,hd,false,en,en,https://i.ytimg.com/vi/DlPQ0nOBnDY/maxresdefault.jpg,1,,,,,72971,3365,,0,172
398,UCFqnvxz2f7J2cmTo_j0XMpA,"Mambah Fit",A8gT1wNbaZU,2023-11-13T09:54:08Z,"2023-11-13 09:54:08","HAPPY MONDAY FAM 🤩 #healthy #lovemorocco #lifestyle #morocco",,,26,"Howto & Style","Food,Lifestyle_(sociology)",PT33S,33,2d,hd,false,en,ar,https://i.ytimg.com/vi/A8gT1wNbaZU/maxresdefault.jpg,1,,,,,54258,3738,,0,83
399,UCFqnvxz2f7J2cmTo_j0XMpA,"Mambah Fit",9iAcN-pdWIo,2023-11-12T17:18:17Z,"2023-11-12 17:18:17","𝐒𝐄𝐍𝐃 𝐓𝐇𝐈𝐒 𝐓𝐎 𝐀 𝐅𝐑𝐈𝐄𝐍𝐃 𝐖𝐇𝐎 𝐘𝐎𝐔 𝐀𝐑𝐄 𝐏𝐑𝐎𝐔𝐃 𝐎𝐅 #healthy #lifestyle",,,26,"Howto & Style","Entertainment,Health",PT20S,20,2d,hd,false,en,ar,https://i.ytimg.com/vi/9iAcN-pdWIo/maxresdefault.jpg,1,,,,,73530,4577,,0,86
400,UCFqnvxz2f7J2cmTo_j0XMpA,"Mambah Fit",9kkTSxPaan8,2023-11-11T16:00:05Z,"2023-11-11 16:00:05","TRAINING WITH @Majdoulinsr - مابقيتش كانقدر نتمشا 😰","Welcome back to my channel La Mambah Fam 😇 What an amazing training I had with Majdoulin Sr the Queen of Glutes 👸🏽 @Majdoulinsr This vlog is all about training 🏋🏾, having fun 🤪 and learning 💪🏾at the same time. So I hope you’ll enjoy while learning the basics of a proper glute workout 🍑 I’m super happy to be able to start this series “TRAIN WITH” with Majdoulin, because she’s an inspiration 🚀 for me. We’ve known each other for a few years now, and watching each other grow is a blessing 🙏🏽 I hope you’ll enjoy this vlog, and let me know in the comments who should I train with next 🕺🏽 Thanks to @𝐞𝐬𝐜𝐚𝐩𝐞𝐡𝐞𝐚𝐥𝐭𝐡.𝐜𝐥𝐮𝐛 for their warm welcome at their gym 💪🏾 𝐌𝐀𝐓𝐙𝐀𝐏𝐄𝐒𝐇 ⚡️ ↳ Majdoulin instagram ➭ https://www.instagram.com/majdoulinsr/ ↳ Happy body officiel ➭ https://www.instagram.com/happybody.officiel/ ↳ Escape Health Club ➭ https://www.instagram.com/escapehealth.club/ 〰️ 𝐅𝐈𝐍𝐃 𝐌𝐄 𝐎𝐍 𝐒𝐎𝐂𝐈𝐀𝐋 𝐌𝐄𝐃𝐈𝐀 ↳ instagram ➭ https://www.instagram.com/mambahfit/ ↳ tiktok ➭ https://www.tiktok.com/@mambahfit ↳ website ➭ https://www.mambahfit.com/","morocco,maghreb,maroc,moroccan,vlog,vlogger,moroccan vlogger,a day in life,new challenge,mambah fit,mambah,mamba,matzapesh,chtiha,casablanca,healthy,lifestyle,المغرب,الدار البيضاء,منشئ محتوى,majdoulin,majdoulin sr,glute workout,training,workout,glutes,gym motivation,discipline",26,"Howto & Style","Health,Lifestyle_(sociology),Physical_fitness",PT20M31S,1231,2d,hd,false,en,ar,https://i.ytimg.com/vi/9kkTSxPaan8/maxresdefault.jpg,1,,,,,160075,3976,,0,312
401,UCFqnvxz2f7J2cmTo_j0XMpA,"Mambah Fit",5Cf95ilP9FI,2023-11-06T17:41:39Z,"2023-11-06 17:41:39","6 November 2023",,,26,"Howto & Style","Food,Lifestyle_(sociology)",PT48S,48,2d,hd,false,fr,ar,https://i.ytimg.com/vi/5Cf95ilP9FI/maxresdefault.jpg,1,,,,,152231,7932,,0,195
402,UCFqnvxz2f7J2cmTo_j0XMpA,"Mambah Fit",pzM9geRp8N4,2023-11-06T11:00:26Z,"2023-11-06 11:00:26","I wish you an amazing Monday 🤩🇲🇦 #healthy #morocco #goodvibes",,,26,"Howto & Style",Lifestyle_(sociology),PT11S,11,2d,hd,false,en,ar,https://i.ytimg.com/vi/pzM9geRp8N4/maxresdefault.jpg,1,,,,,57378,2720,,0,52
403,UCFqnvxz2f7J2cmTo_j0XMpA,"Mambah Fit",qWWOzH2FpQE,2023-11-04T17:19:57Z,"2023-11-04 17:19:57","NEW VLOG ONLINE 🤩 🏃🏽 #healthy #run #marathon #lifestyle #challenge",,,26,"Howto & Style","Health,Lifestyle_(sociology)",PT52S,52,2d,hd,false,en,fr,https://i.ytimg.com/vi/qWWOzH2FpQE/maxresdefault.jpg,1,,,,,146636,11205,,0,90
404,UCFqnvxz2f7J2cmTo_j0XMpA,"Mambah Fit",rKFdkafAHEk,2023-11-04T16:30:09Z,"2023-11-04 16:30:09","I RAN A MARATHON 🏃🏽‍♂️ - 42km شاركت فماراطون","Welcome back to my channel La Mambah Fam 😇 This video was unexpected 😅. While I was working, I’ve decided to register myself to a marathon 🏃🏽‍♂️happening 4 days later, take the camera and vlog the whole process. This was one, if not THE hardest challenge I’ve ever taken 💪🏾. With no running skills or any previous training for that 😆, I’ve decided to take this challenge and just go for it., whatever happens, I’ll learn from it. Aaaaand today, I’m alive 😁, sharing this vlog with emotions, sooo I hope you’ll enjoy it 😇 𝐌𝐀𝐓𝐙𝐀𝐏𝐄𝐒𝐇 ⚡️ 〰️ 𝐅𝐈𝐍𝐃 𝐌𝐄 𝐎𝐍 𝐒𝐎𝐂𝐈𝐀𝐋 𝐌𝐄𝐃𝐈𝐀 ↳ instagram ➭ https://www.instagram.com/mambahfit/ ↳ tiktok ➭ https://www.tiktok.com/@mambahfit ↳ website ➭ https://www.mambahfit.com/","healthy,fitness,healthy lifestyle,morocco,maghreb,maroc,vlog,vlogging,moroccan vloger,vlogger,arabic,darija,moroccoinfluencer,مغربية,مغربي,mambah,matzapesh,mambah fit,مكان,marathon,challenge,casablanca,first time running,maraton,training,workout",26,"Howto & Style","Health,Lifestyle_(sociology)",PT9M16S,556,2d,hd,false,en,ar,https://i.ytimg.com/vi/rKFdkafAHEk/maxresdefault.jpg,1,,,,,40220,2577,,0,152
405,UCFqnvxz2f7J2cmTo_j0XMpA,"Mambah Fit",Vdv_atoLc2Q,2023-11-03T17:36:20Z,"2023-11-03 17:36:20","𝐀 𝐃𝐀𝐘 𝐈𝐍 𝐌𝐘 𝐋𝐈𝐅𝐄 “𝐁𝐀𝐂𝐊 𝐓𝐎 𝐂𝐀𝐒𝐀𝐁𝐋𝐀𝐍𝐂𝐀” 🇲🇦 #lifestyle #healthy #morocco",,,26,"Howto & Style",Lifestyle_(sociology),PT49S,49,2d,hd,false,en,ar,https://i.ytimg.com/vi/Vdv_atoLc2Q/maxresdefault.jpg,1,,,,,376138,18248,,0,225
406,UCFqnvxz2f7J2cmTo_j0XMpA,"Mambah Fit",Kju7BgGQte0,2023-11-01T17:25:47Z,"2023-11-01 17:25:47","1 November 2023",,,26,"Howto & Style",Entertainment,PT48S,48,2d,hd,false,fr,ar,https://i.ytimg.com/vi/Kju7BgGQte0/maxresdefault.jpg,1,,,,,87607,6305,,0,109
407,UCFqnvxz2f7J2cmTo_j0XMpA,"Mambah Fit",P5qiW9FuLow,2023-10-31T10:39:25Z,"2023-10-31 10:39:25","Happy Tuesday fam 🕺🏽😇 #healthy #morocco #lifestyle #goodvibes",,,26,"Howto & Style","Food,Lifestyle_(sociology)",PT34S,34,2d,hd,false,en,ar,https://i.ytimg.com/vi/P5qiW9FuLow/maxresdefault.jpg,1,,,,,77276,5012,,0,66
408,UCFqnvxz2f7J2cmTo_j0XMpA,"Mambah Fit",r3ql5Lwe5l8,2023-10-29T13:06:54Z,"2023-10-29 13:06:54","𝐈 𝐃𝐈𝐃 𝐈𝐓! 𝟒𝟐.𝟐𝐊𝐌 🏃🏽 𝐖𝐇𝐀𝐓 𝐀 𝐂𝐇𝐀𝐋𝐋𝐄𝐍𝐆𝐄 🤩 #moroccan #healthy #running",,,26,"Howto & Style","Health,Lifestyle_(sociology)",PT40S,40,2d,hd,false,en,en,https://i.ytimg.com/vi/r3ql5Lwe5l8/maxresdefault.jpg,1,,,,,288712,16761,,0,222
409,UCFqnvxz2f7J2cmTo_j0XMpA,"Mambah Fit",0jWCSJUP_f0,2023-10-28T16:14:52Z,"2023-10-28 16:14:52","New vlog on the channel 🤩 #moroccan #lifestyle #motivation #healthy #morocco #vlog #darija",,,26,"Howto & Style",Lifestyle_(sociology),PT27S,27,2d,hd,false,en,ar,https://i.ytimg.com/vi/0jWCSJUP_f0/maxresdefault.jpg,1,,,,,56139,2859,,0,36
410,UCFqnvxz2f7J2cmTo_j0XMpA,"Mambah Fit",cmTBEHTtiqw,2023-10-28T14:00:26Z,"2023-10-28 14:00:26","YOU CONTROLLED MY DAY - تحكمتو فنهار ديالي 🤯","Welcome back to my channel La Mambah Fam 😇 This new vlog is special, because you are the ones who decided how should I spend my day 🤯. To be honest, I’m kind of proud of all of you, because you’re choices made me happy and go out of my comfort zone, I meaaaan in some cases 🤣 I’m not going to tell you more about it, instead, I’ll let you enjoy every moment of it 🤩 Let me know in the comments if you want me to do more videos like this one 🤙🏾 𝐌𝐀𝐓𝐙𝐀𝐏𝐄𝐒𝐇 ⚡️ 〰️ 𝐅𝐈𝐍𝐃 𝐌𝐄 𝐎𝐍 𝐒𝐎𝐂𝐈𝐀𝐋 𝐌𝐄𝐃𝐈𝐀 ↳ instagram ➭ https://www.instagram.com/mambahfit/ ↳ tiktok ➭ https://www.tiktok.com/@mambahfit ↳ website ➭ https://www.mambahfit.com/","morocco,maghreb,maroc,moroccan,vlog,vlogger,moroccan vlogger,a day in life,new challenge,mambah fit,mambah,mamba,matzapesh,chtiha,karting,casablanca,chwa,grillades,healthy,lifestyle,المغرب,الدار البيضاء,منشئ محتوى,يوم في حياتي",26,"Howto & Style","Health,Lifestyle_(sociology),Physical_fitness",PT17M9S,1029,2d,hd,false,en,ar,https://i.ytimg.com/vi/cmTBEHTtiqw/maxresdefault.jpg,1,,,,,55556,2658,,0,255
411,UCFqnvxz2f7J2cmTo_j0XMpA,"Mambah Fit",tIdCNHf02BM,2023-10-27T17:26:13Z,"2023-10-27 17:26:13","A DAY IN MY LIFE “MARRAKECH VIBES” 🌴 #moroccan #lifestyle #motivation #healthy #morocco #marrakech",,,26,"Howto & Style",Lifestyle_(sociology),PT49S,49,2d,hd,false,fr,ar,https://i.ytimg.com/vi/tIdCNHf02BM/maxresdefault.jpg,1,,,,,123859,7538,,0,78
412,UCFqnvxz2f7J2cmTo_j0XMpA,"Mambah Fit",l8OVBZ4glU8,2023-10-26T12:15:41Z,"2023-10-26 12:15:41","Do you think I will manage ? 😂 #moroccan #lifestyle #motivation #marathon #morocco",,,26,"Howto & Style",Lifestyle_(sociology),PT38S,38,2d,hd,false,en,ar,https://i.ytimg.com/vi/l8OVBZ4glU8/maxresdefault.jpg,1,,Casablanca,33.5731104,-7.5898434,61639,3547,,0,79
413,UCFqnvxz2f7J2cmTo_j0XMpA,"Mambah Fit",MveaOGVqOfo,2023-10-23T17:34:38Z,"2023-10-23 17:34:38","𝐘𝐎𝐔 𝐀𝐑𝐄 𝐓𝐇𝐄 𝐀𝐔𝐓𝐇𝐎𝐑 𝐎𝐅 𝐘𝐎𝐔𝐑 𝐎𝐖𝐍 𝐋𝐈𝐅𝐄 😉 #healthy #moroccan #lifestyle",,,26,"Howto & Style","Health,Lifestyle_(sociology)",PT24S,24,2d,hd,false,en,ar,https://i.ytimg.com/vi/MveaOGVqOfo/maxresdefault.jpg,1,,,,,162611,8340,,0,120
414,UCFqnvxz2f7J2cmTo_j0XMpA,"Mambah Fit",M6z-oH3ajnE,2023-10-21T16:30:05Z,"2023-10-21 16:30:05","BEST CITY IN EUROPE - فين غادي؟ ✈️","Welcome back to my channel La Mambah Fam 😇 I spent the last weekend in my second home, Barcelona 🇪🇸 As you may know, I lived in Barcelona for 4 years, to do my studies 🙇🏽‍♂️ and work for a bit. While I was there, I built a social life and made many friends. Now, those friends are getting married 💍 and just to think about it is crazy 😅, time flies. The main reason I went to Barcelona was to attend a wedding 💒 of one of my oldest friends there, and I decided to take the camera 📹 and vlog my whole weekend to share it with you. Now sit comfortably, and enjoy this vlog 🤩 𝐌𝐀𝐓𝐙𝐀𝐏𝐄𝐒𝐇 ⚡️ 〰️ 𝐅𝐈𝐍𝐃 𝐌𝐄 𝐎𝐍 𝐒𝐎𝐂𝐈𝐀𝐋 𝐌𝐄𝐃𝐈𝐀 ↳ instagram ➭ https://www.instagram.com/mambahfit/ ↳ tiktok ➭ https://www.tiktok.com/@mambahfit ↳ website ➭ https://www.mambahfit.com/","healthy,fitness,healthy lifestyle,morocco,travel,maghreb,maroc,barcelona,barcelone,vlog,vlogging,moroccan vloger,vlogger,arabic,darija,traveling,moroccoinfluencer,wedding,برشلونة,مغربية,جزائري,زواج,سفر,سياحة,مغربي,mambah,matzapesh,mambah fit,مكان",26,"Howto & Style","Lifestyle_(sociology),Tourism",PT15M14S,914,2d,hd,false,en,ar,https://i.ytimg.com/vi/M6z-oH3ajnE/maxresdefault.jpg,1,,,,,143007,6284,,0,452
415,UCFqnvxz2f7J2cmTo_j0XMpA,"Mambah Fit",CbIgfuLPCfU,2023-10-14T10:26:16Z,"2023-10-14 10:26:16","14 October 2023",,,26,"Howto & Style","Food,Lifestyle_(sociology)",PT31S,31,2d,hd,false,fr,ar,https://i.ytimg.com/vi/CbIgfuLPCfU/maxresdefault.jpg,1,,,,,106840,6370,,0,110
416,UCFqnvxz2f7J2cmTo_j0XMpA,"Mambah Fit",rkcWcQYqiTM,2023-10-13T14:54:52Z,"2023-10-13 14:54:52","That’s how you can eat healthy and still enjoy your food 🤩🍔 #healthy #food #moroccan #lifestyle",,,26,"Howto & Style","Food,Lifestyle_(sociology)",PT30S,30,2d,hd,false,en,ar,https://i.ytimg.com/vi/rkcWcQYqiTM/maxresdefault.jpg,1,,,,,102512,6107,,0,41
417,UCFqnvxz2f7J2cmTo_j0XMpA,"Mambah Fit",jYiD1uspNJI,2023-10-10T14:27:02Z,"2023-10-10 14:27:02","How is your day going ? 🇲🇦 #healthy #moroccan",,,26,"Howto & Style","Health,Lifestyle_(sociology)",PT22S,22,2d,hd,false,en,en,https://i.ytimg.com/vi/jYiD1uspNJI/maxresdefault.jpg,1,,,,,55625,2684,,0,49
418,UCFqnvxz2f7J2cmTo_j0XMpA,"Mambah Fit",qRa8ssS0mvI,2023-10-10T09:50:21Z,"2023-10-10 09:50:21","HAPPY TUESDAY 😇 #healthy #moroccan #lifestyle #motivation",,,26,"Howto & Style","Food,Health,Lifestyle_(sociology)",PT31S,31,2d,hd,false,fr,ar,https://i.ytimg.com/vi/qRa8ssS0mvI/maxresdefault.jpg,1,,,,,63965,4365,,0,63
419,UCFqnvxz2f7J2cmTo_j0XMpA,"Mambah Fit",JweYZCfLsPM,2023-10-05T17:08:34Z,"2023-10-05 17:08:34","𝐏𝐑𝐎𝐓𝐄𝐈𝐍 𝐁𝐀𝐍𝐀𝐍𝐀 𝐌𝐔𝐅𝐅𝐈𝐍𝐒 🧁","If you love muffins like I do, these ones are for you 🤩 They are high in protein and low in calories. First of all, prepare all the ingredients, so you have everything ready before starting to cook 👨🏽‍🍳 𝐌𝐀𝐂𝐑𝐎𝐒 𝐏𝐄𝐑 𝐏𝐎𝐑𝐓𝐈𝐎𝐍 : 𝟏𝟒𝟐 𝐊𝐂𝐀𝐋 / 𝟏𝟗,𝟓𝐠 𝐂𝐀𝐑𝐁𝐒 / 𝟏𝟐,𝟔𝐠 𝐏𝐑𝐎𝐓 / 𝟏,𝟔𝐠 𝐅𝐀𝐓 𝐈𝐍𝐆𝐑𝐄𝐃𝐈𝐄𝐍𝐓𝐒 : - 2 bananas (about 240g) - 50g whey protein - 30g oat flower - Baking powder - Chocolate chips (Optional) 𝐄𝐍𝐉𝐎𝐘 𝐎𝐔 𝐌𝐀𝐓𝐙𝐀𝐏𝐄𝐒𝐇 ⚡️ #healthyrecipes #highprotein #easyrecipes #weightloss #healthy #lifestyle",,26,"Howto & Style","Food,Lifestyle_(sociology)",PT47S,47,2d,hd,false,en,fr,https://i.ytimg.com/vi/JweYZCfLsPM/maxresdefault.jpg,1,,,,,260033,10413,,0,117
420,UCFqnvxz2f7J2cmTo_j0XMpA,"Mambah Fit",-5LpqnbcGCo,2023-10-05T09:42:07Z,"2023-10-05 09:42:07","HAPPY THURSDAY 🤩 #healthy #lifestyle #moroccan #morocco",,,26,"Howto & Style","Food,Lifestyle_(sociology)",PT35S,35,2d,hd,false,en,en,https://i.ytimg.com/vi/-5LpqnbcGCo/maxresdefault.jpg,1,,,,,122771,8451,,0,150
421,UCFqnvxz2f7J2cmTo_j0XMpA,"Mambah Fit",fLMe1HIo1x8,2023-10-04T17:33:58Z,"2023-10-04 17:33:58","4 October 2023",,,26,"Howto & Style",,PT1M,60,2d,hd,false,fr,ar,https://i.ytimg.com/vi/fLMe1HIo1x8/maxresdefault.jpg,1,,,,,68325,5173,,0,80
422,UCFqnvxz2f7J2cmTo_j0XMpA,"Mambah Fit",3Kdd_HUM7Is,2023-10-03T17:45:44Z,"2023-10-03 17:45:44","𝐀 𝐃𝐀𝐘 𝐈𝐍 𝐌𝐘 𝐋𝐈𝐅𝐄 “𝐖𝐎𝐑𝐒𝐓 𝐒𝐓𝐀𝐑𝐓 𝐄𝐕𝐄𝐑” 🤯","This morning I thought that I lost everything… my work, my content, my data, eeeeverything 😫 By now you should know the importance of a phone for a content creator 📱, I mean, without a phone, how can you post, create, engage, etc. So when I woke up and saw that my phone was OFF and didn’t want to turn on, I kind of panicked 😅. You can leave me alone on a deserted island 🏝️ with my phone📱and I’ll find a way to survive 🤣. But, after a few minutes, I’ve decided to go on with my day, and not let a small event affect my mood 🙏🏽 or my productivity. Went through my day, and after trying many times to recover my phone, I finally did it 💪🏾 𝐌𝐎𝐑𝐀𝐋 𝐎𝐅 𝐓𝐇𝐄 𝐒𝐎𝐓𝐑𝐘: never give up fam, always find ways to fix your problems 🤙🏾 (and don’t forget to backup your phones 😂) ⚡️𝐌𝐀𝐓𝐙𝐀𝐏𝐄𝐒𝐇 ⚡️",,26,"Howto & Style",Lifestyle_(sociology),PT56S,56,2d,hd,false,en,ar,https://i.ytimg.com/vi/3Kdd_HUM7Is/maxresdefault.jpg,1,,,,,1695354,75954,,0,422
423,UCFqnvxz2f7J2cmTo_j0XMpA,"Mambah Fit",kAGtRf97BG8,2023-10-02T18:03:36Z,"2023-10-02 18:03:36","2 October 2023",,,26,"Howto & Style",,PT44S,44,2d,hd,false,fr,ar,https://i.ytimg.com/vi/kAGtRf97BG8/maxresdefault.jpg,1,,,,,41877,3321,,0,40
424,UCFqnvxz2f7J2cmTo_j0XMpA,"Mambah Fit",UMewpUi0CQg,2023-10-02T14:17:56Z,"2023-10-02 14:17:56","Happy Monday beautiful people 🤩 #healthy #lifestyle #darija #morocco #food",,,26,"Howto & Style","Food,Lifestyle_(sociology)",PT29S,29,2d,hd,false,en,ar,https://i.ytimg.com/vi/UMewpUi0CQg/maxresdefault.jpg,1,,,,,62169,4346,,0,58
425,UCFqnvxz2f7J2cmTo_j0XMpA,"Mambah Fit",_QysxJwo9rs,2023-09-30T17:58:47Z,"2023-09-30 17:58:47","30 September 2023",,,26,"Howto & Style","Food,Lifestyle_(sociology)",PT50S,50,2d,hd,false,fr,ar,https://i.ytimg.com/vi/_QysxJwo9rs/maxresdefault.jpg,1,,,,,118735,5647,,0,61
426,UCFqnvxz2f7J2cmTo_j0XMpA,"Mambah Fit",lsxKj-16AcY,2023-09-30T09:35:48Z,"2023-09-30 09:35:48","GOOOOD MOOORNING 🤩 #healthy #morocco #darija #vlog #lifestyle",,,26,"Howto & Style","Food,Health,Lifestyle_(sociology)",PT33S,33,2d,hd,false,en,ar,https://i.ytimg.com/vi/lsxKj-16AcY/maxresdefault.jpg,1,,,,,137087,9816,,0,95
427,UCFqnvxz2f7J2cmTo_j0XMpA,"Mambah Fit",nbzyOYC97cc,2023-09-29T18:00:18Z,"2023-09-29 18:00:18","BALI'S WATERFALLS 🌴 - داروري خاصكم تجيو لهنا","Welcome back to my channel La MambahFam ! 😇 What an amazing discovery we made during this adventure ⛰ We woke up super early to leave Canggu and go discover the Sekumpul waterfall before anyone could get there, so we can enjoy 100%, and take content 📸 Since I started vlogging 🤳🏽, I went out of my comfort zone so many times and discovered a lot of different places, and I couldn't be happier 🤩 In this vlog 🎥 I'm taking you with me through the whole adventure 🌄 so sit back, get comfortable and enjoy. 𝐌𝐀𝐓𝐙𝐀𝐏𝐄𝐒𝐇 ⚡️ 〰️ 𝐅𝐈𝐍𝐃 𝐌𝐄 𝐎𝐍 𝐒𝐎𝐂𝐈𝐀𝐋 𝐌𝐄𝐃𝐈𝐀 ↳ instagram ➭ https://www.instagram.com/mambahfit/ ↳ tiktok ➭ https://www.tiktok.com/@mambahfit ↳ website ➭ https://www.mambahfit.com/ 〰️ 𝐂𝐎𝐍𝐓𝐀𝐂𝐓 𝐌𝐄 ✉️ y.amor@mambahfit.com","healthy,lifestyle,travel,boat trip,vlog,travel vlog,summer,darija,arabic,morocco,maghreb,matzapesh,chtiha,mambah,mamba,المغرب,دارجة,bali,morocco vlog,vlogger",26,"Howto & Style","Hobby,Lifestyle_(sociology),Tourism",PT11M54S,714,2d,hd,false,en,ar,https://i.ytimg.com/vi/nbzyOYC97cc/maxresdefault.jpg,1,,,,,30319,1194,,0,89
428,UCFqnvxz2f7J2cmTo_j0XMpA,"Mambah Fit",keSeSpYrmPU,2023-09-28T16:36:13Z,"2023-09-28 16:36:13","𝐀 𝐃𝐀𝐘 𝐈𝐍 𝐌𝐘 𝐋𝐈𝐅𝐄 “𝐈𝐓’𝐒 𝐓𝐈𝐌𝐄 𝐅𝐎𝐑 𝐋𝐀𝐔𝐍𝐃𝐑𝐘”🧺 #healthy #lifestyle #morocco",,,26,"Howto & Style","Food,Lifestyle_(sociology)",PT45S,45,2d,hd,false,en,ar,https://i.ytimg.com/vi/keSeSpYrmPU/maxresdefault.jpg,1,,,,,182810,10161,,0,117
429,UCFqnvxz2f7J2cmTo_j0XMpA,"Mambah Fit",z2zOvww1-7M,2023-09-28T08:53:42Z,"2023-09-28 08:53:42","HAPPY THURSDAY 🕺🏽 #healthy #lifestyle #morocco #darija",,,26,"Howto & Style",Lifestyle_(sociology),PT34S,34,2d,hd,false,en,en,https://i.ytimg.com/vi/z2zOvww1-7M/maxresdefault.jpg,1,,,,,50729,3449,,0,58
430,UCFqnvxz2f7J2cmTo_j0XMpA,"Mambah Fit",rEXvcmbCfT4,2023-09-23T18:00:20Z,"2023-09-23 18:00:20","A DAY IN BALI 🏝 مغربي في بالي 🇲🇦","Welcome back to my channel La MambahFam ! 😇 As you may know if you follow me on Instagram, I spent the month of August in Bali 🇮🇩 and it was just amazing 🤩 This month helped me reconnect with nature 🌿, get back to surfing 🏄🏽‍♂️ and spend time with amazing people 🫂. In this vlog 🎥 I'm taking you with me through a day in Uluwatu, which is one of my favorite places in Bali, mainly because of the waves 🌊. Now I want you to sit back, get comfortable and enjoy this vlog 🙏🏽 𝐌𝐀𝐓𝐙𝐀𝐏𝐄𝐒𝐇 ⚡️ 〰️ 𝐅𝐈𝐍𝐃 𝐌𝐄 𝐎𝐍 𝐒𝐎𝐂𝐈𝐀𝐋 𝐌𝐄𝐃𝐈𝐀 ↳ instagram ➭ https://www.instagram.com/mambahfit/ ↳ tiktok ➭ https://www.tiktok.com/@mambahfit ↳ website ➭ https://www.mambahfit.com/ 〰️ 𝐂𝐎𝐍𝐓𝐀𝐂𝐓 𝐌𝐄 ✉️ y.amor@mambahfit.com","healthy,lifestyle,travel,boat trip,vlog,travel vlog,summer,darija,arabic,morocco,maghreb,matzapesh,chtiha,mambah,mamba,المغرب,دارجة,bali,surf,bhar,elbhar,morocco vlog,vloger",26,"Howto & Style","Lifestyle_(sociology),Tourism",PT13M27S,807,2d,hd,false,en,ar,https://i.ytimg.com/vi/rEXvcmbCfT4/maxresdefault.jpg,1,,,,,87788,2524,,0,156
431,UCFqnvxz2f7J2cmTo_j0XMpA,"Mambah Fit",1vGBGaADI6M,2023-09-21T16:40:05Z,"2023-09-21 16:40:05","𝐋𝐎𝐖 𝐊𝐂𝐀𝐋 𝐋𝐎𝐀𝐃𝐄𝐃 𝐅𝐑𝐈𝐄𝐒 🍟","This recipe is a steal! 🤩 If I could eat this every day I would! Super easy to make and super tasty 😋 First of all, prepare all the ingredients, so you have everything ready before starting to cook 👨🏽‍🍳 𝐌𝐀𝐂𝐑𝐎𝐒 𝐏𝐄𝐑 𝐏𝐎𝐑𝐓𝐈𝐎𝐍 : 𝟓𝟓𝟒 𝐊𝐂𝐀𝐋 / 𝟓𝟖,𝟑𝐠 𝐂𝐀𝐑𝐁𝐒 / 𝟒𝟔,𝟑𝐠 𝐏𝐑𝐎𝐓 / 𝟏𝟐,𝟓𝐠 𝐅𝐀𝐓 𝐈𝐍𝐆𝐑𝐄𝐃𝐈𝐄𝐍𝐓𝐒 : - 300g sweet potato - 150g low fat meat - 150g peppers - 50g low fat cheese 𝐄𝐍𝐉𝐎𝐘 𝐎𝐔 𝐌𝐀𝐓𝐙𝐀𝐏𝐄𝐒𝐇 ⚡️ #healthyrecipes #highprotein #easyrecipes #weightloss #healthy #lifestyle",,26,"Howto & Style","Food,Lifestyle_(sociology)",PT42S,42,2d,hd,false,en,ar,https://i.ytimg.com/vi/1vGBGaADI6M/maxresdefault.jpg,1,,,,,111879,6377,,0,63
432,UCFqnvxz2f7J2cmTo_j0XMpA,"Mambah Fit",bh3VTohZhOg,2023-09-19T18:07:02Z,"2023-09-19 18:07:02","𝐓𝐇𝐈𝐒 𝐂𝐎𝐅𝐅𝐄𝐄 𝐈𝐒 𝐖𝐎𝐑𝐓𝐇 𝟕𝟎𝟎𝐃𝐇 🤯","I heard many times about this famous Luwak coffee but never had the opportunity to try it. Why? Because it costs 700DH… well, only if you’re not in Bali 🤣 But why is it so expensive? Because this coffee is made out of Luwak p**p. They give coffee beans to this animal called a Luwak, and once they digested it you can turn it into coffee! Would I pay 700DH for this? Noooop 😆 but I had the chance to try it for 30DH in Bali 🇮🇩 How about you, would you try this coffee? ☕️ #healthy #lifestyle #luwak #coffee #travel #darija",,26,"Howto & Style",Lifestyle_(sociology),PT46S,46,2d,hd,false,en,ar,https://i.ytimg.com/vi/bh3VTohZhOg/maxresdefault.jpg,1,,,,,145275,7028,,0,112
433,UCFqnvxz2f7J2cmTo_j0XMpA,"Mambah Fit",hbEWLPTnGXs,2023-09-16T16:22:18Z,"2023-09-16 16:22:18","𝐇𝐄𝐑𝐄 𝐀𝐑𝐄 𝟑 𝐓𝐇𝐈𝐍𝐆𝐒 𝐖𝐄 𝐒𝐎𝐔𝐋𝐃 𝐓𝐀𝐊𝐄 𝐅𝐑𝐎𝐌 𝐓𝐇𝐈𝐒 𝐒𝐈𝐓𝐔𝐀𝐓𝐈𝐎𝐍 🇲🇦",,,26,"Howto & Style",,PT55S,55,2d,hd,false,en,ar,https://i.ytimg.com/vi/hbEWLPTnGXs/maxresdefault.jpg,1,,,,,67209,5104,,0,107
434,UCFqnvxz2f7J2cmTo_j0XMpA,"Mambah Fit",A2uEaZsJEBg,2023-09-09T15:51:18Z,"2023-09-09 15:51:18","🙏🏼STAY SAFE LA MAMBAH FAM 🤲🏽 #morocco",,,26,"Howto & Style",,PT38S,38,2d,hd,false,en,ar,https://i.ytimg.com/vi/A2uEaZsJEBg/maxresdefault.jpg,1,,,,,139050,9841,,0,191
435,UCFqnvxz2f7J2cmTo_j0XMpA,"Mambah Fit",3Agpc945k8A,2023-09-08T18:50:36Z,"2023-09-08 18:50:36","𝐓𝐑𝐀𝐕𝐄𝐋 𝐖𝐈𝐓𝐇 𝐌𝐀𝐌𝐁𝐀𝐇 “𝐋𝐄𝐓’𝐒 𝐕𝐈𝐒𝐈𝐓 𝐓𝐇𝐄 𝐓𝐄𝐌𝐏𝐋𝐄 ” 🏯","After spending a few weeks in Bali 🇮🇩, I’ve noticed that I didn’t do any visits 😂 just living the life there 🏄🏽‍♂️ I’ve finally decided to go and check a temple 🏯 to get closer to the Indonesian culture, because it’s very important. In my opinion, every country 🌏 you visit, you should learn about its culture and habits 🕺🏽 And BTW! Never drink the benediction water 💧 find out in the broadcast why (hint: I did something stupid 😂) ⚡️ 𝐌𝐀𝐓𝐙𝐀𝐏𝐄𝐒𝐇 ⚡️ #healthy #lifestyle #summer #travel #vlog",,26,"Howto & Style","Lifestyle_(sociology),Tourism",PT47S,47,2d,hd,false,en,ar,https://i.ytimg.com/vi/3Agpc945k8A/maxresdefault.jpg,1,,,,,326380,16753,,0,109
436,UCFqnvxz2f7J2cmTo_j0XMpA,"Mambah Fit",UO5_3Va0RRI,2023-09-07T17:01:53Z,"2023-09-07 17:01:53","TRAVEL WITH MAMBAH “A SUMMER DAY IN BALI” 🏝️ #lifestyle #healthy #summer #healthylifestyle #vlog",,,26,"Howto & Style","Lifestyle_(sociology),Tourism",PT54S,54,2d,hd,false,en,ar,https://i.ytimg.com/vi/UO5_3Va0RRI/maxresdefault.jpg,1,,,,,194902,11009,,0,106
437,UCFqnvxz2f7J2cmTo_j0XMpA,"Mambah Fit",jaY6vyaKvW0,2023-09-05T16:38:23Z,"2023-09-05 16:38:23","𝐓𝐑𝐀𝐕𝐄𝐋 𝐖𝐈𝐓𝐇 𝐌𝐀𝐌𝐁𝐀𝐇 “𝐀 𝐃𝐀𝐘 𝐈𝐍 𝐔𝐋𝐔𝐖𝐀𝐓𝐔” 🏄🏽‍♂️","I think Uluwatu is one of my favorite places in Bali 🇮🇩 The surf there is just insane 🤩 I meaaaan did you see the content ? The island of Bali is quite small but big at the same time, this means there are sooo many things to do 😅. Can you believe me if I told you that in 3 weeks I didn’t manage to do all the important things? 🤣 Anyways, Uluwatu was all about surfing 🏄🏽‍♂️, healthy food and enjoying the beach all day long 🏖 ⚡️ 𝐌𝐀𝐓𝐙𝐀𝐏𝐄𝐒𝐇 ⚡️ #healthy #lifestyle #summer #travel #vlog",,26,"Howto & Style","Lifestyle_(sociology),Tourism",PT48S,48,2d,hd,false,en,ar,https://i.ytimg.com/vi/jaY6vyaKvW0/maxresdefault.jpg,1,,,,,651878,30852,,0,207
438,UCFqnvxz2f7J2cmTo_j0XMpA,"Mambah Fit",zEwJP1OPZv0,2023-09-04T18:19:36Z,"2023-09-04 18:19:36","4 septembre 2023",,,26,"Howto & Style","Lifestyle_(sociology),Tourism",PT42S,42,2d,hd,false,fr,en,https://i.ytimg.com/vi/zEwJP1OPZv0/maxresdefault.jpg,1,,,,,109382,5711,,0,49
439,UCFqnvxz2f7J2cmTo_j0XMpA,"Mambah Fit",fBFfoAWRK70,2023-09-03T17:33:34Z,"2023-09-03 17:33:34","TRAVEL WITH MAMBAH “A DAY IN CANGGU” ☀️ #lifestyle #healthy #summer #healthylifestyle #vlog #travel",,,26,"Howto & Style","Lifestyle_(sociology),Tourism",PT44S,44,2d,hd,false,en,ar,https://i.ytimg.com/vi/fBFfoAWRK70/maxresdefault.jpg,1,,,,,413178,21957,,0,154
440,UCFqnvxz2f7J2cmTo_j0XMpA,"Mambah Fit",p8n3kL8HQtQ,2023-09-01T22:35:52Z,"2023-09-01 22:35:52","RECONNECTING WITH NATURE 🌿 #healthy #summer #healthylifestyle #travel #waterfall #summer",,,26,"Howto & Style","Lifestyle_(sociology),Tourism",PT9S,9,2d,hd,false,en,en,https://i.ytimg.com/vi/p8n3kL8HQtQ/maxresdefault.jpg,1,,,,,70519,3906,,0,53
441,UCFqnvxz2f7J2cmTo_j0XMpA,"Mambah Fit",JGkkO8gDkWE,2023-09-01T22:34:52Z,"2023-09-01 22:34:52","LAST SUNSET IN BALI 🌅 آخر سنسيت فبالي #lifestyle #healthy #summer #healthylifestyle #travel #sunset",,,26,"Howto & Style","Health,Lifestyle_(sociology),Tourism",PT26S,26,2d,hd,false,ar,en,https://i.ytimg.com/vi/JGkkO8gDkWE/maxresdefault.jpg,1,,,,,114857,6156,,0,60
442,UCFqnvxz2f7J2cmTo_j0XMpA,"Mambah Fit",JIcQEQD26dw,2023-08-26T15:55:14Z,"2023-08-26 15:55:14","FOREVER CHASING SUNSETS IN BALI 🌅 #lifestyle #healthy #sunset #bali #beach #summer",,,26,"Howto & Style","Lifestyle_(sociology),Tourism",PT10S,10,2d,hd,false,en,en,https://i.ytimg.com/vi/JIcQEQD26dw/maxresdefault.jpg,1,,,,,610376,14125,,0,78
443,UCFqnvxz2f7J2cmTo_j0XMpA,"Mambah Fit",2P4QRlcDmXc,2023-08-25T15:56:50Z,"2023-08-25 15:56:50","HAPPY FRIDAY ⚡️ جمعة مباركة #lifestyle #healthy #healthylifestyle #summer #darija",,,26,"Howto & Style",,PT24S,24,2d,hd,false,nl,fr,https://i.ytimg.com/vi/2P4QRlcDmXc/maxresdefault.jpg,1,,,,,115144,6161,,0,83
444,UCFqnvxz2f7J2cmTo_j0XMpA,"Mambah Fit",F1wxaRIV-iE,2023-08-23T13:12:07Z,"2023-08-23 13:12:07","BEHIND THE SCENES OF A NEW VLOG 💪🏽⚡️🇮🇩 #lifestyle #healthy #healthylifestyle #vlog #summer",,,26,"Howto & Style","Lifestyle_(sociology),Tourism",PT15S,15,2d,hd,false,en,en,https://i.ytimg.com/vi/F1wxaRIV-iE/maxresdefault.jpg,1,,,,,75469,2640,,0,27
445,UCFqnvxz2f7J2cmTo_j0XMpA,"Mambah Fit",-aoGp128sFw,2023-08-23T13:08:03Z,"2023-08-23 13:08:03","NEW ADVENTURES COMING YOUR WAY SOON 🇮🇩 #lifestyle #healthy #healthylifestyle #vlog #summer #travel",,,26,"Howto & Style","Lifestyle_(sociology),Tourism",PT11S,11,2d,hd,false,en,en,https://i.ytimg.com/vi/-aoGp128sFw/maxresdefault.jpg,1,,,,,62468,2254,,0,17
446,UCFqnvxz2f7J2cmTo_j0XMpA,"Mambah Fit",msPgSNo9E30,2023-08-20T16:14:01Z,"2023-08-20 16:14:01","BEST WAY TO END THE DAY - SUNSET TALKS IN ULUWATU 🇮🇩 #lifestyle #sunset #healthy #summervibes",,,26,"Howto & Style",Lifestyle_(sociology),PT11S,11,2d,hd,false,en,en,https://i.ytimg.com/vi/msPgSNo9E30/maxresdefault.jpg,1,,,,,35193,1836,,0,21
447,UCFqnvxz2f7J2cmTo_j0XMpA,"Mambah Fit",FMyhQVxRjSI,2023-08-20T16:11:50Z,"2023-08-20 16:11:50","SURFING IN BALI 🏄🏽‍♂️ #lifestyle #healthy #healthylifestyle #surf #vlog #bali #summer #travel",,,26,"Howto & Style","Lifestyle_(sociology),Tourism",PT17S,17,2d,hd,false,en,en,https://i.ytimg.com/vi/FMyhQVxRjSI/maxresdefault.jpg,1,,,,,62917,2167,,0,18
448,UCFqnvxz2f7J2cmTo_j0XMpA,"Mambah Fit",lcPDaT9Eq14,2023-08-20T15:32:05Z,"2023-08-20 15:32:05","HAPPY SUNDAY ☀️ فطور الصباح #lifestyle #healthy #healthylifestyle #summer #discipline #travel",,,26,"Howto & Style","Health,Lifestyle_(sociology)",PT23S,23,2d,hd,false,en,ar,https://i.ytimg.com/vi/lcPDaT9Eq14/maxresdefault.jpg,1,,,,,93545,5171,,0,53
449,UCFqnvxz2f7J2cmTo_j0XMpA,"Mambah Fit",u2ycWZC2YHE,2023-08-19T09:30:24Z,"2023-08-19 09:30:24","Morning surf session 🏄🏽‍♂️ صباح الخير #lifestyle #healthy #healthylifestyle #summer #surf #bali",,,26,"Howto & Style",Lifestyle_(sociology),PT16S,16,2d,hd,false,en,en,https://i.ytimg.com/vi/u2ycWZC2YHE/maxresdefault.jpg,1,,,,,96596,3191,,0,32
450,UCFqnvxz2f7J2cmTo_j0XMpA,"Mambah Fit",cRG_fbx2fYU,2023-08-17T15:08:58Z,"2023-08-17 15:08:58","TRAVEL WITH MAMBAH “WELCOME TO BALI” 🇮🇩 #lifestyle #healthy #healthylifestyle #vlog #travel",,,26,"Howto & Style","Lifestyle_(sociology),Tourism",PT52S,52,2d,hd,false,en,ar,https://i.ytimg.com/vi/cRG_fbx2fYU/maxresdefault.jpg,1,,,,,289200,14653,,0,99
451,UCFqnvxz2f7J2cmTo_j0XMpA,"Mambah Fit",OWbkvwB6tKQ,2023-08-13T09:00:14Z,"2023-08-13 09:00:14","WE FINALLY MADE IT - أشنو وصلني؟ 🤩","Welcome back to my channel La MambahFam ! 😇 I first started my journey on YouTube 3 years ago, posting workout 🏋🏽 videos to help you get in shape from the comfort of your home 🏡. 1 year ago, I decided to take it a step further and started posting daily vlogs 📹 to show you how I manage my healthy lifestyle and try to give you inspiration for yours 🚀 A few days ago we finally reached a big milestone 🤩, we made it to 100.000 subscribers, and now we're still growing like crazy! It's only the beginning ⚡️ I want to thank each one of you that believes in me, likes, comments or even clicks on my videos, because this helps me a lot and gives me even more power to push harder 🙏🏽 𝐌𝐀𝐓𝐙𝐀𝐏𝐄𝐒𝐇 ⚡️ 〰️ 𝐅𝐈𝐍𝐃 𝐌𝐄 𝐎𝐍 𝐒𝐎𝐂𝐈𝐀𝐋 𝐌𝐄𝐃𝐈𝐀 ↳ instagram ➭ https://www.instagram.com/mambahfit/ ↳ tiktok ➭ https://www.tiktok.com/@mambahfit ↳ website ➭ https://www.mambahfit.com/ 〰️ 𝐂𝐎𝐍𝐓𝐀𝐂𝐓 𝐌𝐄 ✉️ y.amor@mambahfit.com","healthy,lifestyle,mambah,mambah fit,matzapesh,matzapewch,maroc,morocco,maghreb,100k followers,youtube award,moroccan youtuber,moroccan vlog,المغرب,darija,دارجة,arabic,العربية",26,"Howto & Style",Lifestyle_(sociology),PT7M4S,424,2d,hd,false,en,ar,https://i.ytimg.com/vi/OWbkvwB6tKQ/maxresdefault.jpg,1,,,,,30660,2270,,0,145
452,UCFqnvxz2f7J2cmTo_j0XMpA,"Mambah Fit",4V1PKFY7e5k,2023-08-10T18:22:19Z,"2023-08-10 18:22:19","𝐘𝐎𝐔 𝐀𝐑𝐄 𝐎𝐍𝐄 𝐎𝐅 𝐀 𝐊𝐈𝐍𝐃, 𝐘𝐎𝐔 𝐀𝐑𝐄 𝐔𝐍𝐈𝐐𝐔𝐄 ⚡️","It’s common to compare yourself with others, but let me tell you one thing, YOU HAVE TO STOP 🛑 The only person you have to compare yourself to is the person you were yesterday… that’s how you’ll be able to grow 🚀 We are all UNIQUE in a way, so focus on that and keep growing, because you deserve the best and you should know it 🤩 ⚡️ 𝐌𝐀𝐓𝐙𝐀𝐏𝐄𝐒𝐇 ⚡️ #healthy #lifestyle #discipline #selflove #improvement",,26,"Howto & Style","Health,Lifestyle_(sociology)",PT23S,23,2d,hd,false,en,fr,https://i.ytimg.com/vi/4V1PKFY7e5k/maxresdefault.jpg,1,,,,,258867,17280,,0,202
453,UCFqnvxz2f7J2cmTo_j0XMpA,"Mambah Fit",xHggOE_siLc,2023-08-07T09:12:14Z,"2023-08-07 09:12:14","HAPPY MONDAY 🕺🏽 صباح الخير ☀️",,,26,"Howto & Style",,PT25S,25,2d,hd,false,ar,en,https://i.ytimg.com/vi/xHggOE_siLc/maxresdefault.jpg,1,,,,,143133,8145,,0,99
454,UCFqnvxz2f7J2cmTo_j0XMpA,"Mambah Fit",ayHmV7GmLgA,2023-08-06T17:46:59Z,"2023-08-06 17:46:59","𝐓𝐑𝐀𝐕𝐄𝐋 𝐖𝐈𝐓𝐇 𝐌𝐀𝐌𝐁𝐀𝐇 “𝐄𝐍𝐉𝐎𝐘𝐈𝐍𝐆 𝐓𝐇𝐄 𝐋𝐀𝐒𝐓 𝐃𝐀𝐘” ⛵️","Holidays in Sardinia 🇮🇹 has come to an end, and for the last day, what better than a good swim 🏊🏽‍♂️ discovering the underwater beauties of the island 🏝️, paddling to get some sun while moving and obviously eat some good food 🍝 These holidays were amazing, and I’m glad I could take you with me 🎥 “kind of”. Hope you enjoyed the mini vlogs 📷 because there are more coming. Soon flying again ✈️ ⚡️ 𝐌𝐀𝐓𝐙𝐀𝐏𝐄𝐒𝐇 ⚡️ #healthy #lifestyle #summer #holidays #italy",,26,"Howto & Style","Hobby,Lifestyle_(sociology),Tourism",PT43S,43,2d,hd,false,en,ar,https://i.ytimg.com/vi/ayHmV7GmLgA/maxresdefault.jpg,1,,,,,2225434,73027,,0,391
455,UCFqnvxz2f7J2cmTo_j0XMpA,"Mambah Fit",9qhpfrtK1v0,2023-08-05T18:00:08Z,"2023-08-05 18:00:08","TRAVEL WITH MAMBAH - نهار فالبابور ⛵️","Welcome back to my channel La MambahFam ! 😇 I spent the last week on a boat 🛥️ cruising around the Island of Sardinia in Italy 🇮🇹, and it was just amazing 🤩 We discovered so many different creeks with turquoise water and enjoyed some amazing food 🍝 Unfortunately, out of the 7 days of cruising, we had 3 terrible days with a lot of wind 💨 and waves 🌊 which wasn’t enjoyable at all. But as I always say, let’s stay positive and only think about the other 4 days 😅 Anyways, hope you’ll enjoy this vlog and see you in the next one ✌🏽 𝐌𝐀𝐓𝐙𝐀𝐏𝐄𝐒𝐇 ⚡️ 〰️ 𝐅𝐈𝐍𝐃 𝐌𝐄 𝐎𝐍 𝐒𝐎𝐂𝐈𝐀𝐋 𝐌𝐄𝐃𝐈𝐀 ↳ instagram ➭ https://www.instagram.com/mambahfit/ ↳ tiktok ➭ https://www.tiktok.com/@mambahfit ↳ website ➭ https://www.mambahfit.com/ 〰️ 𝐂𝐎𝐍𝐓𝐀𝐂𝐓 𝐌𝐄 ✉️ y.amor@mambahfit.com","healthy,lifestyle,travel,italy,boat trip,vlog,travel vlog,summer,darija,arabic,morocco,maghreb,matzapesh,chtiha,mambah,mamba,المغرب,دارجة",26,"Howto & Style","Hobby,Lifestyle_(sociology),Tourism",PT11M7S,667,2d,hd,false,en,ar,https://i.ytimg.com/vi/9qhpfrtK1v0/maxresdefault.jpg,1,,,,,123596,4376,,0,222
456,UCFqnvxz2f7J2cmTo_j0XMpA,"Mambah Fit",V8J3M80Igmc,2023-08-05T17:45:24Z,"2023-08-05 17:45:24","𝐓𝐑𝐀𝐕𝐄𝐋 𝐖𝐈𝐓𝐇 𝐌𝐀𝐌𝐁𝐀𝐇 “𝐍𝐎𝐓𝐇𝐈𝐍𝐆 𝐖𝐄𝐍𝐓 𝐀𝐒 𝐏𝐋𝐀𝐍𝐍𝐄𝐃” 🌬️","Sooo let me explain… We were supposed to spend 7 beautiful days on the boat 🛥️ enjoying the sun ☀️ and swimming 🏊🏽‍♂️ all day, buuuuuut it didn’t go as planned… We’ve got hit by a strong wind 💨 called “Mistral” for the past 3 days, and it wasn’t fun at all 😅 Instead of enjoying, we actually spent the days stressing, getting sea sick 🤢 and just wishing for everything to stop. But after a day of sailing ⛵️ in the big waves 🌊 we finally reached a little town to spend at least 24h hours on land. ⚡️ 𝐌𝐀𝐓𝐙𝐀𝐏𝐄𝐒𝐇 ⚡️ #healthy #lifestyle #holidays #summer #boat #adayinlife",,26,"Howto & Style","Hobby,Lifestyle_(sociology),Tourism",PT32S,32,2d,hd,false,en,ar,https://i.ytimg.com/vi/V8J3M80Igmc/maxresdefault.jpg,1,,,,,7640437,178469,,0,836
457,UCFqnvxz2f7J2cmTo_j0XMpA,"Mambah Fit",00-VO39glyk,2023-08-04T17:04:50Z,"2023-08-04 17:04:50","𝐓𝐑𝐀𝐕𝐄𝐋 𝐖𝐈𝐓𝐇 𝐌𝐀𝐌𝐁𝐀𝐇 “𝐅𝐈𝐑𝐒𝐓 𝐃𝐀𝐘 𝐎𝐍 𝐓𝐇𝐄 𝐁𝐎𝐀𝐓” 🛥️","What a day 🤩! Today was all about finding the perfect spot to start our boat trip ☀️ While exploring the Sardinian sea 🌊 I had the chance to take some drone shots with stunning views of the coast. But first things first, after a good coffee ☕️ the tradition in these kind of holidays is to jump in the sea 🏊🏽‍♂️ to properly wake up and enjoy your day ✌🏽 ⚡️ 𝐌𝐀𝐓𝐙𝐀𝐏𝐄𝐒𝐇 ⚡️ #healthy #lifestyle #holidays #summer #boat",,26,"Howto & Style","Hobby,Lifestyle_(sociology),Tourism",PT44S,44,2d,hd,false,en,ar,https://i.ytimg.com/vi/00-VO39glyk/maxresdefault.jpg,1,,,,,910741,45560,,0,373
458,UCFqnvxz2f7J2cmTo_j0XMpA,"Mambah Fit",TC8hn8694MI,2023-08-03T17:49:22Z,"2023-08-03 17:49:22","𝐓𝐑𝐀𝐕𝐄𝐋 𝐖𝐈𝐓𝐇 𝐌𝐀𝐌𝐁𝐀𝐇 “𝐋𝐄𝐓’𝐒 𝐆𝐎 𝐓𝐎 𝐒𝐀𝐑𝐃𝐈𝐍𝐈𝐀” 🇮🇹","Always chasing the sun ☀️. Today I was on my way ✈️ to Sardinia in Italy. The plan is to stay on a boat 🛥️ for the next 7 days, enjoy the sun 🌞, swim 🏊🏽‍♂️, eat good food 🍝 and spend some quality time with the family 👨‍👩‍👧‍👦 ⚡️ 𝐌𝐀𝐓𝐙𝐀𝐏𝐄𝐖𝐒𝐇 ⚡ #healthy #lifestyle #summer #beach #boat",,26,"Howto & Style","Hobby,Lifestyle_(sociology),Tourism",PT44S,44,2d,hd,false,en,ar,https://i.ytimg.com/vi/TC8hn8694MI/maxresdefault.jpg,1,,,,,7053592,210105,,0,1420
459,UCFqnvxz2f7J2cmTo_j0XMpA,"Mambah Fit",8_JURYVLfcI,2023-07-27T16:09:54Z,"2023-07-27 16:09:54","Don’t forget to enjoy every second #healthylifestyle #lifestyle #healthy #summer #summervibes",,,26,"Howto & Style","Lifestyle_(sociology),Tourism",PT19S,19,2d,hd,false,en,en,https://i.ytimg.com/vi/8_JURYVLfcI/maxresdefault.jpg,1,,,,,405741,16187,,0,136
460,UCFqnvxz2f7J2cmTo_j0XMpA,"Mambah Fit",siUptjoIvrk,2023-07-27T12:11:04Z,"2023-07-27 12:11:04","In my element 🐠 #healthylifestyle #lifestyle #beach #sea #boat",,,26,"Howto & Style","Hobby,Lifestyle_(sociology),Tourism",PT13S,13,2d,hd,false,nl,en,https://i.ytimg.com/vi/siUptjoIvrk/maxresdefault.jpg,1,,,,,139284,3857,,0,29
461,UCFqnvxz2f7J2cmTo_j0XMpA,"Mambah Fit",2579LW2XZBk,2023-07-24T12:18:20Z,"2023-07-24 12:18:20","Can’t wait to film and post the full YouTube vlog for all of you 🤩🕺🏽 #healthylifestyle #travel",,,26,"Howto & Style","Hobby,Lifestyle_(sociology),Tourism",PT12S,12,2d,hd,false,en,en,https://i.ytimg.com/vi/2579LW2XZBk/maxresdefault.jpg,1,,,,,94815,3941,,0,35
462,UCFqnvxz2f7J2cmTo_j0XMpA,"Mambah Fit",fEqGBtNMiP0,2023-07-22T17:00:18Z,"2023-07-22 17:00:18","LET'S GO HIKING - 🧗🏼 توّدرت فالجبل","Welcome back to my channel La MambahFam ! 😇 Finally, the holidays vlog are back 🕺🏽. Today I've decided to take you with me for a hike in a mountain 30 minutes away from Marbella, Spain 🇪🇸 Hiking is not part of my daily life or even monthly habits, but when I'm on holidays somewhere, I always like to try something new or discover a new place 🤩 So here it iiiis! The first holiday vlog of summer ☀️ and there are going to be more ✌🏽 𝐌𝐀𝐓𝐙𝐀𝐏𝐄𝐒𝐇 ⚡️ 〰️ 𝐓𝐇𝐈𝐍𝐆𝐒 𝐈 𝐌𝐄𝐍𝐓𝐈𝐎𝐍𝐄𝐃 ↳ The Mountain ➭ La Concha in Marbella 〰️ 𝐅𝐈𝐍𝐃 𝐌𝐄 𝐎𝐍 𝐒𝐎𝐂𝐈𝐀𝐋 𝐌𝐄𝐃𝐈𝐀 ↳ instagram ➭ https://www.instagram.com/mambahfit/ ↳ tiktok ➭ https://www.tiktok.com/@mambahfit ↳ website ➭ https://www.mambahfit.com/ 〰️ 𝐂𝐎𝐍𝐓𝐀𝐂𝐓 𝐌𝐄 ✉️ y.amor@mambahfit.com","hiking,healthy,lifestyle,darija,vlog,travel,drone,morocco,arabic,moroccan vloger,morocco vlog,دارجة,المغرب,marbella",19,"Travel & Events","Hobby,Lifestyle_(sociology),Tourism",PT18M39S,1119,2d,hd,false,en,ar,https://i.ytimg.com/vi/fEqGBtNMiP0/maxresdefault.jpg,1,,,,,61091,2543,,0,252
463,UCFqnvxz2f7J2cmTo_j0XMpA,"Mambah Fit",RHOir6_7aAM,2023-07-21T17:18:03Z,"2023-07-21 17:18:03","𝐓𝐑𝐀𝐕𝐄𝐋 𝐖𝐈𝐓𝐇 𝐌𝐀𝐌𝐁𝐀𝐇 “𝐋𝐀𝐒𝐓 𝐃𝐀𝐘 𝐈𝐍 𝐌𝐀𝐑𝐁𝐄𝐋𝐋𝐀” 🏖","What a week! I just spent a full week in Marbella 🇪🇸 and it was soooo nice. The majority of the time I relaxed, tanned, enjoyed the sun ☀️, swam in the pool 🏊🏽‍♂️ and went to the beach ⛱. But not only that, I also trained 🏋🏽 every day and stayed disciplined, ate a lot 🥘, worked 👨🏽‍💻 and created crazy content 📹. I hope you enjoyed these mini vlogs in Marbella, because there are more coming 😌 ⚡️ 𝐌𝐀𝐓𝐙𝐀𝐏𝐄𝐖𝐒𝐇 ⚡ #healthy #lifestyle #vlog #summer #beach",,26,"Howto & Style","Lifestyle_(sociology),Tourism",PT50S,50,2d,hd,false,en,ar,https://i.ytimg.com/vi/RHOir6_7aAM/maxresdefault.jpg,1,,,,,1152271,50685,,0,385
464,UCFqnvxz2f7J2cmTo_j0XMpA,"Mambah Fit",iZ9EM6DDOwo,2023-07-18T19:09:48Z,"2023-07-18 19:09:48","𝐓𝐑𝐀𝐕𝐄𝐋 𝐖𝐈𝐓𝐇 𝐌𝐀𝐌𝐁𝐀𝐇 “𝐂𝐇𝐈𝐋𝐋 𝐏𝐎𝐎𝐋 𝐃𝐀𝐘” 🏊🏽‍♂️","Today was a pool day ✌🏽 and I spent the whole day at home enjoying the sun ☀️, eating good healthy food 🥬 and spending some quality time with the family 👨‍👩‍👧‍👦 There are 2 types of holidays, the ones where you do visits every single day to discover the country, and the ones where you just enjoy the sun and tan all day to rest and recharge batteries 🔋. Both are amazing, but this week is all about chilling and recharging 😅 What about you? What kind of holidays you prefer? ⚡️ 𝐌𝐀𝐓𝐙𝐀𝐏𝐄𝐖𝐒𝐇 ⚡ #healthy #lifestyle #vlog #summer #pool",,26,"Howto & Style","Lifestyle_(sociology),Tourism",PT45S,45,2d,hd,false,en,ar,https://i.ytimg.com/vi/iZ9EM6DDOwo/maxresdefault.jpg,1,,,,,709531,30282,,0,345
465,UCFqnvxz2f7J2cmTo_j0XMpA,"Mambah Fit",ffgAI_T-6rI,2023-07-16T20:10:16Z,"2023-07-16 20:10:16","𝐓𝐑𝐀𝐕𝐄𝐋 𝐖𝐈𝐓𝐇 𝐌𝐀𝐌𝐁𝐀𝐇 “𝐄𝐍𝐉𝐎𝐘𝐈𝐍𝐆 𝐇𝐎𝐋𝐈𝐃𝐀𝐘𝐒 𝐓𝐇𝐄 𝐑𝐈𝐆𝐇𝐓 𝐖𝐀𝐘” ☀️","Even on holidays I need to start my mornings with a good workout 🏋🏽, because if I don’t, it’s not going to be a good day for me 😅 Today I went to a nice little beach club to enjoy the sun 🌞 and have some good food with the family 👨‍👩‍👧‍👦 At the end of the day, I had some work and meetings 💻 to do so I went back home early to be able to get productive. Holidays or not, I still have to get some work done and be productive, because I love what I do 🙏🏼 Now let’s enjoy more days in Marbella 🇪🇸 and of course, I’ll document most of it for all of you 🤩 ⚡️ 𝐌𝐀𝐓𝐙𝐀𝐏𝐄𝐖𝐒𝐇 ⚡ #healthy #lifestyle #vlog #summer #beach",,26,"Howto & Style","Lifestyle_(sociology),Tourism",PT51S,51,2d,hd,false,en,ar,https://i.ytimg.com/vi/ffgAI_T-6rI/maxresdefault.jpg,1,,,,,1547515,68662,,0,623
466,UCFqnvxz2f7J2cmTo_j0XMpA,"Mambah Fit",HOQDoR1bNxg,2023-07-15T16:00:12Z,"2023-07-15 16:00:12","𝐓𝐑𝐀𝐕𝐄𝐋 𝐖𝐈𝐓𝐇 𝐌𝐀𝐌𝐁𝐀𝐇 “𝐋𝐄𝐓’𝐒 𝐆𝐎 𝐓𝐎 𝐌𝐀𝐑𝐁𝐄𝐋𝐋𝐀” 🇪🇸","Finally! Summer holidays ☀️ well, kind of Every year since I was born 👶 we spend some time in Marbella to enjoy the sun, and some Spanish food 🥘 with the family, and this year is no different 😇 Only thing that changes this time is that I’m taking you with me every step of the way 🕺🏽, soooo get ready for some amazing holiday content 📷 Are you ready for what’s to come? 🚀 ⚡️ 𝐌𝐀𝐓𝐙𝐀𝐏𝐄𝐖𝐒𝐇 ⚡ #healthy #lifestyle #travel #vlog #summer",,26,"Howto & Style","Lifestyle_(sociology),Tourism",PT46S,46,2d,hd,false,en,ar,https://i.ytimg.com/vi/HOQDoR1bNxg/maxresdefault.jpg,1,,,,,865036,42267,,0,228
467,UCFqnvxz2f7J2cmTo_j0XMpA,"Mambah Fit",4reH3uXkxLg,2023-07-15T08:00:02Z,"2023-07-15 08:00:02","𝐋𝐄𝐓’𝐒 𝐌𝐀𝐊𝐄 𝐈𝐂𝐄 𝐂𝐑𝐄𝐀𝐌 “𝐇𝐈𝐆𝐇 𝐏𝐑𝐎𝐓𝐄𝐈𝐍 𝐈𝐂𝐄 𝐂𝐑𝐄𝐀𝐌” 🍨","You’ve been asking for it!! Finally, here is a homemade recipe for protein ice cream 🍦to satisfy your cravings in this summer heat 🥵 First of all, prepare all the ingredients, so you have everything ready before starting to cook 👨🏽‍🍳 𝐌𝐀𝐂𝐑𝐎𝐒 𝐏𝐄𝐑 𝐏𝐎𝐑𝐓𝐈𝐎𝐍 : 𝟏𝟖𝟎 𝐊𝐂𝐀𝐋 / 𝟖,𝟖𝐠 𝐂𝐀𝐑𝐁𝐒 / 𝟏𝟖,𝟐𝐠 𝐏𝐑𝐎𝐓 / 𝟖,𝟏𝐠 𝐅𝐀𝐓 𝐈𝐍𝐆𝐑𝐄𝐃𝐈𝐄𝐍𝐓𝐒 𝐅𝐎𝐑 𝟐 𝐏𝐎𝐑𝐓𝐈𝐎𝐍 : - 150g light cottage cheese (jben) - 25g whey protein - 50ml almond milk - 10g agave sirop *one bowl makes 2 servings 𝐄𝐍𝐉𝐎𝐘 𝐎𝐔 𝐌𝐀𝐓𝐙𝐀𝐏𝐄𝐒𝐇 ⚡️ #healthyrecipes #highprotein #easyrecipes #weightloss #lowcalories #icecream",,26,"Howto & Style","Food,Lifestyle_(sociology)",PT38S,38,2d,hd,false,en,ar,https://i.ytimg.com/vi/4reH3uXkxLg/maxresdefault.jpg,1,,,,,559588,25435,,0,147
468,UCFqnvxz2f7J2cmTo_j0XMpA,"Mambah Fit",BsVOSTHk5no,2023-07-12T09:00:07Z,"2023-07-12 09:00:07","𝐋𝐄𝐓’𝐒 𝐂𝐎𝐎𝐊 𝐓𝐎𝐆𝐄𝐓𝐇𝐄𝐑 “𝐋𝐎𝐖 𝐊𝐂𝐀𝐋 𝐂𝐇𝐄𝐄𝐒𝐘 𝐆𝐀𝐑𝐋𝐈𝐊 𝐏𝐈𝐙𝐙𝐀” 🍕","This pizza alternative is a game changer for the you’re craving unhealthy food 🤩. I think I made this garlic pizza like 3 times in a raw. YES, IT WAS THAT GOOD 🧄 First of all, prepare all the ingredients, so you have everything ready before starting to cook 👨🏽‍🍳 𝐌𝐀𝐂𝐑𝐎𝐒 𝐅𝐎𝐑 𝐓𝐇𝐄 𝐄𝐍𝐓𝐈𝐑𝐄 𝐏𝐈𝐙𝐙𝐀 : 𝟓𝟖𝟔 𝐊𝐂𝐀𝐋 / 𝟔𝟒𝐠 𝐂𝐀𝐑𝐁𝐒 / 𝟑𝟎,𝟓𝐠 𝐏𝐑𝐎𝐓 / 𝟐𝟐𝐠 𝐅𝐀𝐓 𝐈𝐍𝐆𝐑𝐄𝐃𝐈𝐄𝐍𝐓𝐒 𝐅𝐎𝐑 𝟏 𝐏𝐎𝐑𝐓𝐈𝐎𝐍 : - 60g all purpose flour - 15g oat flower - 100g greek yogurt - 2 egg whites - 40g mozzarella cheese - 5g parmesan cheese - Seasoning of your choice 𝐄𝐍𝐉𝐎𝐘 𝐎𝐔 𝐌𝐀𝐓𝐙𝐀𝐏𝐄𝐒𝐇 ⚡️ #healthyrecipes #highprotein #easyrecipes #weightloss #lowcalories",,26,"Howto & Style","Food,Lifestyle_(sociology)",PT37S,37,2d,hd,false,en,en,https://i.ytimg.com/vi/BsVOSTHk5no/maxresdefault.jpg,1,,,,,219618,10903,,0,100
469,UCFqnvxz2f7J2cmTo_j0XMpA,"Mambah Fit",YJXwdWqYPcE,2023-07-12T08:58:35Z,"2023-07-12 08:58:35","صباح الخيرHAPPY WEDNESDAY",,,26,"Howto & Style",,PT36S,36,2d,hd,false,ar,ar,https://i.ytimg.com/vi/YJXwdWqYPcE/maxresdefault.jpg,1,,,,,231122,12630,,0,138
470,UCFqnvxz2f7J2cmTo_j0XMpA,"Mambah Fit",huFdVOFPIdE,2023-07-11T17:00:21Z,"2023-07-11 17:00:21","𝐀 𝐂𝐀𝐒𝐔𝐀𝐋 𝐒𝐔𝐍𝐃𝐀𝐘 𝐈𝐍 𝐌𝐘 𝐋𝐈𝐅𝐄 - 𝐆𝐋𝐀𝐒𝐒𝐄𝐒 𝐅𝐎𝐑 𝐄𝐕𝐄𝐑𝐘 𝐌𝐎𝐎𝐃 🕶","What an amazing Sunday ☀️ I call it the Dolce Farniente Sunday 😎 Even though I take Sundays as rest days, I had to do a quick stretching Yoga 🧘🏽‍♂️ session to start my day right, followed by planning my week ✌🏽 Almost every Sunday, I go out for lunch 🥄 with the family to spend some time together and catch up 👨‍👩‍👧‍👦. Anyways, finished the day tanning at the pool showing off my new pair of sunglasses 🕶 from @opticaliamaroc Btw, @opticaliamaroc has a 𝐂𝐑𝐀𝐙𝐘 𝐃𝐄𝐀𝐋 at the moment - but only available until the end of this summer. When you buy a new pair of sunglasses in any of their 83 stores across 30 cities in Morocco 🇲🇦 you get an extra pair FOR FREE: On top of that, I’m giving you a promo code 𝐌𝐀𝐌𝐁𝐀𝐇𝟏𝟎 for an extra 𝟏𝟎% 𝐎𝐅𝐅 🤑 Also, what do you think about my glasses 🕶? Do they suit me? 🤔 ⚡️𝐌𝐀𝐓𝐙𝐀𝐏𝐄𝐒𝐇 ⚡️ #healthy #lifestyle #summer #sunglasses #adayinlife #vlog",,26,"Howto & Style","Fashion,Lifestyle_(sociology)",PT48S,48,2d,hd,false,en,ar,https://i.ytimg.com/vi/huFdVOFPIdE/maxresdefault.jpg,1,,,,,514707,22820,,0,173
471,UCFqnvxz2f7J2cmTo_j0XMpA,"Mambah Fit",YHgBPydKBTo,2023-07-11T09:00:31Z,"2023-07-11 09:00:31","𝐖𝐇𝐀𝐓 𝐈 𝐄𝐀𝐓 𝐈𝐍 𝐀 𝐃𝐀𝐘 𝐓𝐎 𝐒𝐓𝐀𝐘 𝐋𝐄𝐀𝐍 𝐁𝐄𝐅𝐎𝐑𝐄 𝐒𝐔𝐌𝐌𝐄𝐑 🏖","First of all, I want to remind you again that this should’t be a reference for your goals 🎯. Everyone has a different type of body, needs different nutrients and move differently throughout the day. THIS IS JUST MY EXAMPLE 😅 For breakfast I decided to try a new recipe that I had in mind, an egg bagel 🥯 and let me tell you, it turned out amazing 🤩 and it was under 500 kcal. For lunch I made an easy, quick and healthy chicken teriyaki wok 🥡 filled with protein and tasty veggies 😋. This meal was around 700 kcal. As it’s summer season, it’s also watermelon 🍉 season, soooo I had to eat that as a snack while enjoying my break ✌🏽 For dinner, I made myself a healthy pizza 🍕 with under 800 kcal filled with protein to finish the day properly. What should I try next? 🤔 ⚡️ 𝐌𝐀𝐓𝐙𝐀𝐏𝐄𝐒𝐇 ⚡️ #healthy #lifestyle #vlog #whatieat #whatieatinaday",,26,"Howto & Style","Food,Lifestyle_(sociology)",PT51S,51,2d,hd,false,en,ar,https://i.ytimg.com/vi/YHgBPydKBTo/maxresdefault.jpg,1,,,,,1930811,81775,,0,533
472,UCFqnvxz2f7J2cmTo_j0XMpA,"Mambah Fit",JidUDstV02g,2023-07-10T17:00:15Z,"2023-07-10 17:00:15","𝐄𝐈𝐃 𝐌𝐔𝐁𝐀𝐑𝐀𝐊 𝐒𝐀𝐈𝐃 𝐋𝐀 𝐌𝐀𝐌𝐁𝐀𝐇 𝐅𝐀𝐌 - طاجين ديال خضرة 🥕","To be honest with you, it’s the first time I tried to cook a meat and veggie tagine, and let me tell you, IT WAS AMAAAZING 🤩 For this special day, I’ve decided to cook something original, something I’m not used to cook 👨🏽‍🍳, A MEAT & VEGGIE TAJINE 🧆 (a healthier version of course 😏) with some fresh meat 🥩. And for this special recipe, I used our special Moroccan 🇲🇦 spice, RAS EL HANOUT 🧂 Yallah, Eid Mubarak, stay healthy ouuuuu ⚡️𝐌𝐀𝐓𝐙𝐀𝐏𝐄𝐒𝐇 ⚡️ #healthy #lifestyle #healthylifestyle #beko #livelikeapro",,26,"Howto & Style","Food,Lifestyle_(sociology)",PT57S,57,2d,hd,false,en,ar,https://i.ytimg.com/vi/JidUDstV02g/maxresdefault.jpg,1,,,,,2108078,95436,,0,675
473,UCFqnvxz2f7J2cmTo_j0XMpA,"Mambah Fit",XmtCa9e3QLw,2023-07-10T09:00:30Z,"2023-07-10 09:00:30","𝐇𝐄𝐀𝐋𝐓𝐇𝐘 𝐒𝐀𝐋𝐌𝐎𝐍 𝐁𝐎𝐖𝐋 🐠","This is one of my favorite summer bowls 🍣 and on top of that, you can do it with salmon or chicken, depends on you and your preferences. Personally, I love both 🤪 First of all, prepare all the ingredients, so you have everything ready before starting to cook 👨🏽‍🍳 𝐌𝐀𝐂𝐑𝐎𝐒 𝐏𝐄𝐑 𝐏𝐎𝐑𝐓𝐈𝐎𝐍 : 𝟔𝟐𝟐 𝐊𝐂𝐀𝐋 / 𝟕𝟑,𝟕𝐠 𝐂𝐀𝐑𝐁𝐒 / 𝟑𝟎,𝟓𝐠 𝐏𝐑𝐎𝐓 / 𝟐𝟐,𝟒𝐠 𝐅𝐀𝐓 𝐈𝐍𝐆𝐑𝐄𝐃𝐈𝐄𝐍𝐓𝐒 𝐅𝐎𝐑 𝟏 𝐏𝐎𝐑𝐓𝐈𝐎𝐍 : - 130g salmon - 50g basmati rise - 100g carrots - 200g eggplant - 100g red cabbage 𝐄𝐍𝐉𝐎𝐘 𝐎𝐔 𝐌𝐀𝐓𝐙𝐀𝐏𝐄𝐒𝐇 ⚡️ #healthyrecipes #highprotein #easyrecipes #weightloss #lowcalories",,26,"Howto & Style","Food,Lifestyle_(sociology)",PT46S,46,2d,hd,false,en,ar,https://i.ytimg.com/vi/XmtCa9e3QLw/maxresdefault.jpg,1,,,,,497624,24344,,0,233
474,UCFqnvxz2f7J2cmTo_j0XMpA,"Mambah Fit",ID5LSRsW-uc,2023-07-09T17:00:07Z,"2023-07-09 17:00:07","𝐘𝐎𝐔 𝐖𝐈𝐋𝐋 𝐍𝐄𝐕𝐄𝐑 𝐊𝐍𝐎𝐖 𝐈𝐅 𝐘𝐎𝐔 𝐍𝐄𝐕𝐄𝐑 𝐓𝐑𝐘 🤓","One of the best advice I can give you in life is, IF YOU NEVER TRY SOMETHING NEW, YOU’LL NEVER KNOW IF YOU LIKE IT OR NOT 😅 Pretty easy to understand right? 🧐 But still knowing that, a lot of us will be scared of trying new things in life and going out of their comfort zone 👎🏽 Remember, 𝐲𝐨𝐮 𝐜𝐚𝐧 𝐝𝐢𝐬𝐜𝐨𝐯𝐞𝐫 𝐲𝐨𝐮𝐫 𝐫𝐞𝐚𝐥 𝐩𝐨𝐰𝐞𝐫 𝐨𝐧𝐥𝐲 𝐛𝐲 𝐠𝐨𝐢𝐧𝐠 𝐨𝐮𝐭 𝐨𝐟 𝐲𝐨𝐮𝐫 𝐜𝐨𝐦𝐟𝐨𝐫𝐭 𝐳𝐨𝐧𝐞, 𝐚𝐧𝐝 𝐭𝐫𝐲𝐢𝐧𝐠 𝐧𝐞𝐰 𝐭𝐡𝐢𝐧𝐠𝐬 ✅ Sooo, what are you waiting for? Let’s goooo 🚀 ⚡️𝐌𝐀𝐓𝐙𝐀𝐏𝐄𝐒𝐇 ⚡️ #healthy #lifestyle #healthylifestyle #discipline #goals #morocco",,26,"Howto & Style",Lifestyle_(sociology),PT49S,49,2d,hd,false,en,ar,https://i.ytimg.com/vi/ID5LSRsW-uc/maxresdefault.jpg,1,,,,,136982,7909,,0,93
475,UCFqnvxz2f7J2cmTo_j0XMpA,"Mambah Fit",vLp_l6Ag9Wo,2023-07-09T15:09:00Z,"2023-07-09 15:09:00","𝐒𝐄𝐍𝐃 𝐓𝐇𝐈𝐒 𝐓𝐎 𝐘𝐎𝐔𝐑 𝐅𝐑𝐈𝐄𝐍𝐃, 𝐓𝐇𝐄𝐘 𝐎𝐖𝐄 𝐘𝐎𝐔 𝐀𝐍 𝐈𝐂𝐄 𝐂𝐑𝐄𝐀𝐌",,,26,"Howto & Style",Lifestyle_(sociology),PT18S,18,2d,hd,false,en,en,https://i.ytimg.com/vi/vLp_l6Ag9Wo/maxresdefault.jpg,1,,,,,859468,42385,,0,244
476,UCFqnvxz2f7J2cmTo_j0XMpA,"Mambah Fit",v3XM1dd4zpM,2023-07-09T09:00:37Z,"2023-07-09 09:00:37","𝐀 𝐒𝐏𝐄𝐂𝐈𝐀𝐋 𝐃𝐀𝐘 𝐈𝐍 𝐌𝐘 𝐋𝐈𝐅𝐄 “𝐒𝐏𝐄𝐍𝐃 𝐌𝐘 𝐁𝐈𝐑𝐓𝐇𝐃𝐀𝐘 𝐖𝐈𝐓𝐇 𝐌𝐄” 🎊","Today was a special day - MY BIRTHDAAAAAAY 🥳 I’ve decided to take the day off (kind of) and spend the whole day at the beach 🏖️ enjoying the sun and having fun 🕺🏽 Even tho it was my birthday 🎉 I still need to kickstart my day the right way, and do a good workout 🏋🏽 so that I can spend my day happy 😃 full of energy ⚡️ Anyways, I wanted to share this special day with all of you 🫵🏽 and express how happy I am to have you all in my life ✌🏽 ⚡️ 𝐌𝐀𝐓𝐙𝐀𝐏𝐄𝐒𝐇 ⚡️ #healthy #lifestyle #vlog #beach #sunny #birthday",,26,"Howto & Style",Lifestyle_(sociology),PT54S,54,2d,hd,false,en,ar,https://i.ytimg.com/vi/v3XM1dd4zpM/maxresdefault.jpg,1,,,,,4232396,142060,,0,1119
477,UCFqnvxz2f7J2cmTo_j0XMpA,"Mambah Fit",9atRNcf3zw0,2023-07-08T17:30:02Z,"2023-07-08 17:30:02","A DAY IN MY LIFE - نهار فحياتي 🤪","Welcome back to my channel La MambahFam ! 😇 Today I wanted to take you through a casual day in my life so you can see how I spend most of my days as a healthy lifestyle entrepreneur ⚡️ One of the highlights is that I tried a new “guided” gym in Casablanca, called Ekobootcamp and I loved it!! As you may have seen on one of my lates instagram pictures, I’ve decided to spice it up 🌶 a little bit with my training, and diversify my activities. I had an amazing workout in less than 1h and was ready to start my day fresh and full of energy 🚀 Anyways, I’ll let you enjoy the vlog, sit comfortably, and take this moment to relax and immerse yourself with me 🫡 𝐌𝐀𝐓𝐙𝐀𝐏𝐄𝐒𝐇 ⚡️ 〰️ 𝐓𝐇𝐈𝐍𝐆𝐒 𝐈 𝐌𝐄𝐍𝐓𝐈𝐎𝐍𝐄𝐃 ↳ Mavericks Media Agency ➭ www.instagram.com/mavricksmediaagency ↳ Ekobootcamp ➭ https://www.instagram.com/ekobootcamp/ ↳ Space X Coworking ➭ https://www.spacexcowork.com/ 〰️ 𝐅𝐈𝐍𝐃 𝐌𝐄 𝐎𝐍 𝐒𝐎𝐂𝐈𝐀𝐋 𝐌𝐄𝐃𝐈𝐀 ↳ instagram ➭ https://www.instagram.com/mambahfit/ ↳ tiktok ➭ https://www.tiktok.com/@mambahfit ↳ website ➭ https://www.mambahfit.com/ 〰️ 𝐂𝐎𝐍𝐓𝐀𝐂𝐓 𝐌𝐄 ✉️ y.amor@mambahfit.com","a day in my life,vlog,morocco,maroc,maghreb,darija,routini lyawmi,mamba,mambah,mambah fit,matzapesh,matzapewsh,chi7a,chtiha,matzpsh,نهار فحياتي,يوم فحياتي,yassine amor,healthy,lifestyle,fitness,المغرب,al maghreb",26,"Howto & Style","Food,Lifestyle_(sociology)",PT20M47S,1247,2d,hd,false,en,ar,https://i.ytimg.com/vi/9atRNcf3zw0/maxresdefault.jpg,1,,,,,94061,4123,,0,349
478,UCFqnvxz2f7J2cmTo_j0XMpA,"Mambah Fit",-gOwwzavsHQ,2023-07-08T17:00:00Z,"2023-07-08 17:00:00","𝐋𝐄𝐓’𝐒 𝐂𝐎𝐎𝐊 𝐓𝐎𝐆𝐄𝐓𝐇𝐄𝐑 “𝐂𝐑𝐈𝐒𝐏𝐘 𝐂𝐇𝐈𝐂𝐊𝐄𝐍 𝐂𝐄𝐀𝐒𝐀𝐑 𝐒𝐀𝐋𝐀𝐃” 🥗","Ceasar salad is by fair my favorite salad on earth 🌎 and that’s why I’ve decided to film a healthier version for you La MambahFam ✌🏽 Soooo get your ingredients ready and let’s make this tasty salad together 😇 𝐌𝐀𝐂𝐑𝐎𝐒 𝐅𝐎𝐑 𝐓𝐇𝐄 𝐄𝐍𝐓𝐈𝐑𝐄 𝐒𝐀𝐋𝐀𝐃: 𝟓𝟏𝟒 𝐊𝐂𝐀𝐋 / 𝟒𝟖,𝟓𝐠 𝐂𝐀𝐑𝐁𝐒 / 𝟓𝟑,𝟖𝐠 𝐏𝐑𝐎𝐓 /𝟗,𝟓𝐠 𝐅𝐀𝐓 𝐈𝐍𝐆𝐑𝐄𝐃𝐈𝐄𝐍𝐓𝐒: - A big salad - 1 cucumber - Handfull cherry tomatoes - 30g corn flakes - 1 egg - 150g chicken breast - Seasoning of your choice (for the crispy chicken) 𝐋𝐄𝐓’𝐒 𝐌𝐀𝐊𝐄 𝐓𝐇𝐄 𝐒𝐀𝐔𝐂𝐄: - 100g low fat greek yaourt - Squeeze of lemon - Garlic powder - Salt - 1 tsp dijon mustard 𝐄𝐍𝐉𝐎𝐘 𝐎𝐔 𝐌𝐀𝐓𝐙𝐀𝐏𝐄𝐒𝐇 ⚡️ #healthylifestyle #lifestyle #morocco #cooking #salad #ceasarsalad #weightloss",,26,"Howto & Style","Food,Lifestyle_(sociology)",PT51S,51,2d,hd,false,en,ar,https://i.ytimg.com/vi/-gOwwzavsHQ/maxresdefault.jpg,1,,,,,1194570,57947,,0,501
479,UCFqnvxz2f7J2cmTo_j0XMpA,"Mambah Fit",hym0XiH8po4,2023-07-08T09:00:27Z,"2023-07-08 09:00:27","𝐓𝐇𝐈𝐒 𝐈𝐒 𝐌𝐘 𝐎𝐍𝐋𝐘 𝐀𝐂𝐂𝐎𝐔𝐍𝐓 𝐀𝐍𝐃 𝐔𝐒𝐄𝐑𝐍𝐀𝐌𝐄 @𝐌𝐀𝐌𝐁𝐀𝐇𝐅𝐈𝐓 🤣","I’ve been receiving so many DM’s asking me if I was on Tinder or any other app using another name, etc. I’M NOT 😅 And for those people who are using my own content and image to create fake accounts on social media 📱please stop… it’s not going to bring you anywhere 🤣, it’s just making more work for you. Instead, try to create your own content and build your own audience with your skills ✌🏽 Anyways, I needed to do this video to warn all of you 😇 ⚡️𝐌𝐀𝐓𝐙𝐀𝐏𝐄𝐒𝐇⚡️ #healthy #lifestyle #healthylifestyle #creativity #contentcreation",,26,"Howto & Style","Entertainment,Health",PT42S,42,2d,hd,false,en,ar,https://i.ytimg.com/vi/hym0XiH8po4/maxresdefault.jpg,1,,,,,102736,6620,,0,87
480,UCFqnvxz2f7J2cmTo_j0XMpA,"Mambah Fit",oZIMgwnUFJc,2023-07-07T17:00:29Z,"2023-07-07 17:00:29","𝐒𝐓𝐎𝐏 𝐁𝐄𝐈𝐍𝐆 𝐀𝐅𝐅𝐄𝐂𝐓𝐄𝐃 𝐁𝐘 𝐎𝐓𝐇𝐄𝐑 𝐏𝐄𝐎𝐏𝐋𝐄’𝐒 𝐎𝐏𝐈𝐍𝐈𝐎𝐍 𝐎𝐅 𝐘𝐎𝐔 😎","We tend to be affected directly or indirectly by what others have to say 📣 about our actions, life choices, etc. But let me tell you one thing, 𝐘𝐎𝐔 𝐀𝐑𝐄 𝐓𝐇𝐄 𝐎𝐍𝐋𝐘 𝐎𝐍𝐄 𝐖𝐇𝐎 𝐊𝐍𝐎𝐖𝐒 𝐖𝐇𝐀𝐓 𝐌𝐀𝐊𝐄𝐒 𝐘𝐎𝐔 𝐇𝐀𝐏𝐏𝐘 😄 The day I stopped crying about people’s opinion, is the day I started living my life at its fullest 🏃🏽‍♂️ When you know how to control your mind 🧠 and program it so nothing affects you, that’s when you’re going to become powerful 💪🏾 There are people out there that are going to 𝐇𝐄𝐋𝐏 𝐘𝐎𝐔 find your way, but 𝐘𝐎𝐔 𝐀𝐑𝐄 𝐓𝐇𝐄 𝐀𝐔𝐓𝐇𝐎𝐑 𝐎𝐅 𝐘𝐎𝐔𝐑 𝐎𝐖𝐍 𝐋𝐈𝐅𝐄. Never forget that ✌🏽 ⚡️𝐌𝐀𝐓𝐙𝐀𝐏𝐄𝐒𝐇⚡️ #healthy #lifestyle #discipline #consistency #liveyourlife",,26,"Howto & Style","Entertainment,Health",PT41S,41,2d,hd,false,en,ar,https://i.ytimg.com/vi/oZIMgwnUFJc/maxresdefault.jpg,1,,,,,103337,8027,,0,126
481,UCFqnvxz2f7J2cmTo_j0XMpA,"Mambah Fit",TLIRVHnq12E,2023-07-07T09:00:22Z,"2023-07-07 09:00:22","𝐖𝐇𝐀𝐓 𝐈 𝐄𝐀𝐓 𝐈𝐍 𝐀 𝐃𝐀𝐘 “𝐁𝐀𝐂𝐊 𝐓𝐎 𝐌𝐘 𝐇𝐄𝐀𝐋𝐓𝐇𝐘 𝐑𝐎𝐔𝐓𝐈𝐍𝐄” 💪🏾","The past month I’ve been eating sooo much and mainly ordering food and eating out 😅 I’ve been traveling a lot, working on some new stuff, sick 🤒for a week, sooo I haven’t been as disciplined as the previous months. But that’s alright, now I’m back even stronger 💪🏾 and ready to get shredded for summer ☀️ As you may know, my diet is not really a diet, but more a healthier way to cook the foods 🍔 I love, and that’s what everyone should do to enjoy and keep making results. I’m always aiming for 2000 kcal a day with more than 150-160g of protein, to build muscle and lose fat, by doing strength training and a bit of cardio 🏃🏽‍♂️at the end of my workouts 🏋🏽 What’s your goal? Do you want to lose or gain weight? 🤔 ⚡️𝐌𝐀𝐓𝐙𝐀𝐏𝐄𝐒𝐇⚡️ #vlog #healthylifestyle #lifestyle #routine #fitness #morocco #whatieatinaday #whatieat",,26,"Howto & Style","Food,Health,Lifestyle_(sociology),Physical_fitness",PT48S,48,2d,hd,false,en,ar,https://i.ytimg.com/vi/TLIRVHnq12E/maxresdefault.jpg,1,,,,,3132292,112584,,0,670
482,UCFqnvxz2f7J2cmTo_j0XMpA,"Mambah Fit",MDchv8CXnb0,2023-07-06T17:00:19Z,"2023-07-06 17:00:19","𝐀 𝐂𝐀𝐒𝐔𝐀𝐋 𝐃𝐀𝐘 𝐈𝐍 𝐌𝐘 𝐋𝐈𝐅𝐄 “𝐂𝐇𝐈𝐋𝐋 𝐃𝐀𝐘 𝐈𝐍 𝐌𝐀𝐑𝐑𝐀𝐊𝐄𝐂𝐇” 🌴","I decided to come spend 2 days in Marrakech ☀️ to enjoy the sun and relax before an event that I have in Taghazout 🌴 It was an amazing decision because the weather was amaaaazing so I had the chance to enjoy Marrakech’s sun ✌🏽 Here is a short vlog of how my day looked like 👀 Now it’s time to go celebrate 🎊 a special moment in one of my favorite places in Morocco 🇲🇦 ⚡️ 𝐌𝐀𝐓𝐙𝐀𝐏𝐄𝐒𝐇 ⚡️ #healthy #lifestyle #vlog #marrakech",,26,"Howto & Style","Lifestyle_(sociology),Tourism",PT50S,50,2d,hd,false,en,ar,https://i.ytimg.com/vi/MDchv8CXnb0/maxresdefault.jpg,1,,,,,1060930,41571,,0,393
483,UCFqnvxz2f7J2cmTo_j0XMpA,"Mambah Fit",KAvJ3c4XPwo,2023-07-06T09:00:20Z,"2023-07-06 09:00:20","𝐖𝐇𝐀𝐓 𝐈𝐅 𝐈 𝐓𝐎𝐋𝐃 𝐘𝐎𝐔 𝐓𝐇𝐀𝐓 𝐘𝐎𝐔𝐑 𝐌𝐈𝐍𝐃𝐒𝐄𝐓 𝐏𝐋𝐀𝐘𝐒 𝐀 𝐁𝐈𝐆 𝐑𝐎𝐋𝐄 𝐈𝐍 𝐘𝐎𝐔𝐑 𝐒𝐔𝐂𝐂𝐄𝐒𝐒? 🧠","Yes, I agree, the way you grew up ⬆️ affects the way you think and the chances of you succeeding a lot. 𝐁𝐔𝐓 𝐓𝐇𝐀𝐓’𝐒 𝐍𝐎𝐓 𝐀𝐋𝐋!! It’s time for change 🔄 Everyone has a chance of succeeding in life, mentally 🧠, spiritually 🤲🏽 and financially 💰. But it all comes down to one thing, 𝐃𝐎 𝐘𝐎𝐔 𝐇𝐀𝐕𝐄 𝐓𝐇𝐄 𝐌𝐈𝐍𝐃𝐒𝐄𝐓 𝐓𝐎 𝐁𝐄 𝐒𝐔𝐂𝐂𝐄𝐒𝐒𝐅𝐔𝐋𝐋? If yes, then congratulations, now you need to work your a💲💲 of and be disciplined to reach your goals. But if you don’t, that’s oke, I’m here to tell you that you can build a strong and powerful mindset 💪🏽 and I’ll help you do that ⚡️ What team are you? Remember, there is no right or wrong answer here ☀️ ⚡️𝐌𝐀𝐓𝐙𝐀𝐏𝐄𝐒𝐇⚡️ #discipline #mindset #healthy #lifestyle #growth",,26,"Howto & Style",,PT55S,55,2d,hd,false,en,en,https://i.ytimg.com/vi/KAvJ3c4XPwo/maxresdefault.jpg,1,,,,,71003,4310,,0,45
484,UCFqnvxz2f7J2cmTo_j0XMpA,"Mambah Fit",P00bsxDvUN4,2023-07-05T17:00:22Z,"2023-07-05 17:00:22","𝐓𝐑𝐀𝐕𝐄𝐋 𝐖𝐈𝐓𝐇 𝐌𝐀𝐌𝐁𝐀𝐇 “𝐂𝐇𝐈𝐋𝐋 𝐃𝐀𝐘 𝐈𝐍 𝐁𝐀𝐑𝐂𝐄𝐋𝐎𝐍𝐀”🚶‍♂️","Waking up at 12:00 PM never happened to me I think 😅 I guess my body needed a lot of rest that day 💤 Even if I spent the entiiiire morning sleeping, I still managed to put in a quick stretching 🙆🏽‍♂️ session to wake up my body and get ready to spend a good day. Whenever I’m in Barcelona, I need to go get that crazy burger 🍔 at Surf House on the so called “Barceloneta” ⛱. And then obviously, to burn some calories we usually go back home walking (about 6km 🚶🏽) - we also decided to stop for some amazing ice-cream 🍦 Barcelona 🇪🇸 you will be missed… ⚡️ 𝐌𝐀𝐓𝐙𝐀𝐏𝐄𝐖𝐒𝐇 ⚡ #healthy #lifestyle #travel #vlog #healthylifestyle #discipline",,26,"Howto & Style","Health,Lifestyle_(sociology),Physical_fitness,Tourism",PT48S,48,2d,hd,false,en,ar,https://i.ytimg.com/vi/P00bsxDvUN4/maxresdefault.jpg,1,,,,,2570435,92042,,0,600
485,UCFqnvxz2f7J2cmTo_j0XMpA,"Mambah Fit",5lE5lEHXpkA,2023-07-05T09:00:05Z,"2023-07-05 09:00:05","𝐓𝐑𝐀𝐕𝐄𝐋 𝐖𝐈𝐓𝐇 𝐌𝐀𝐌𝐁𝐀𝐇 “𝐒𝐏𝐄𝐍𝐃 𝐓𝐇𝐄 𝐃𝐀𝐘 𝐖𝐈𝐓𝐇 𝐌𝐄” ✌🏽","I spent the last week on holidays in Barcelona 🇪🇸 and that’s why I haven’t been posting for the past few days. But don’t worry, I still got to create some mini vlogs 🎥 to show you what my days looked like 🫡 Wherever I go, I still need to stick to a healthy routine 🏋🏽 because that’s who I am and what makes me happy 🤗. So in 10 days of holidays, I managed to go to the gym 9 times and train 💪🏾 aaaaaand let’s not talk about food 🤣 When I’m on holidays I follow 3 main rules: - Workout at least once every second day 🏋🏽 - Never over-eat 2 days in a row 🍔 - Try to move as much as I can 🚶🏽 What about you? Any rules during holidays? ⚡️ 𝐌𝐀𝐓𝐙𝐀𝐏𝐄𝐖𝐒𝐇 ⚡ #healthy #lifestyle #travel #vlog",,26,"Howto & Style","Health,Lifestyle_(sociology),Physical_fitness",PT54S,54,2d,hd,false,en,ar,https://i.ytimg.com/vi/5lE5lEHXpkA/maxresdefault.jpg,1,,,,,750460,45323,,0,252
486,UCFqnvxz2f7J2cmTo_j0XMpA,"Mambah Fit",1hDxGXOxyZ0,2023-07-04T17:00:02Z,"2023-07-04 17:00:02","𝐓𝐑𝐀𝐕𝐄𝐋 𝐖𝐈𝐓𝐇 𝐌𝐀𝐌𝐁𝐀𝐇 “𝐋𝐄𝐓’𝐒 𝐆𝐎 𝐓𝐎 𝐁𝐀𝐑𝐂𝐄𝐋𝐎𝐍𝐀” 🇪🇸","Aaaah finally back to one of my favorite cities in the world “Barcelona” 💃 I spent 4 years of my life in this city and I can’t get enough of this vibe ✌🏽 it’s indescribable. Since July 2022 I haven’t really taken a break from creating content 🎥 (the real ones know how much work and effort it takes), so I decided to “try” to take a week off to rest and come back home fresh with some new content ideas 💡 Buuuut I had to do this mini vlog to let you know where I am, because that’s my duty 😏 ⚡️ 𝐌𝐀𝐓𝐙𝐀𝐏𝐄𝐖𝐒𝐇 ⚡ #healthy #lifestyle #travel #vlog",,26,"Howto & Style",Lifestyle_(sociology),PT42S,42,2d,hd,false,en,ar,https://i.ytimg.com/vi/1hDxGXOxyZ0/maxresdefault.jpg,1,,,,,1126392,52156,,0,194
487,UCFqnvxz2f7J2cmTo_j0XMpA,"Mambah Fit",NfupnntRsVY,2023-07-04T09:00:16Z,"2023-07-04 09:00:16","𝐖𝐇𝐀𝐓 𝐈 𝐄𝐀𝐓 𝐈𝐍 𝐀 𝐃𝐀𝐘 “𝐒𝐔𝐌𝐌𝐄𝐑 𝐈𝐒 𝐂𝐎𝐌𝐈𝐍𝐆” 🤙🏾","Please, first of all, remember, everyone is different and everyone has different needs in terms of nutrition. This video is only for your inspiration. Your quantities may vary ✌🏽 I first started my morning with an iced protein shake, made with frozen bananas 🍌 and strawberry 🍓 whey protein from @fitnessboutiquemaroc to get the protein IN after my workout 🏋🏽 For lunch I was craving a burger 🍔 so I’ve decided to make a healthy version lower in calories to stay on track, with some vegetables. As a snack I had a big bowl of fruits to stay full and take a break from work 🤓 To finish the day smoothly, I prepared a super easy and healthy chicken veggie wok 🥡in the air frier. I didn’t count my calories but it must have been around 2000-2200 Kcal with more than 150g of protein 💪🏽 ⚡️𝐌𝐀𝐓𝐙𝐀𝐏𝐄𝐒𝐇⚡️ #vlog #healthylifestyle #lifestyle #routine #fitness #morocco #whatieatinaday #whatieat",,26,"Howto & Style","Food,Health,Lifestyle_(sociology),Physical_fitness",PT53S,53,2d,hd,false,en,ar,https://i.ytimg.com/vi/NfupnntRsVY/maxresdefault.jpg,1,,,,,3280266,136207,,0,981
488,UCFqnvxz2f7J2cmTo_j0XMpA,"Mambah Fit",RQefoUIHsdw,2023-07-03T17:00:13Z,"2023-07-03 17:00:13","𝐘𝐎𝐔𝐑 𝐅𝐑𝐈𝐄𝐍𝐃𝐒 𝐀𝐑𝐄 𝐑𝐔𝐈𝐍𝐈𝐍𝐆 𝐘𝐎𝐔𝐑 𝐅𝐔𝐓𝐔𝐑 😫","Maybe you won’t realize it until it’s too late, but your friends might ruin your futur… 🤯 Something I’ve learned through my journey is that your friends are not the ones that are going to help you succeed. But you definitely have to surround yourself with people that have the same vision and mindset that you have/need to reach your goals 🎯 Remember, you are the average of the 5 people you hang out with, so make it count 🫡 𝐎𝐔 𝐂𝐇𝐎𝐔𝐅, 𝐌𝐀𝐀𝐀𝐓𝐙𝐀𝐏𝐄𝐒𝐇 ⚡️ #healthy #healthylifestyle #discipline #morocco #habits",,26,"Howto & Style",Health,PT42S,42,2d,hd,false,en,ar,https://i.ytimg.com/vi/RQefoUIHsdw/maxresdefault.jpg,1,,,,,47438,3002,,0,36
489,UCFqnvxz2f7J2cmTo_j0XMpA,"Mambah Fit",9nCc6AmihN0,2023-07-03T09:00:05Z,"2023-07-03 09:00:05","𝐓𝐑𝐀𝐕𝐄𝐋 𝐖𝐈𝐓𝐇 𝐌𝐀𝐌𝐁𝐀𝐇 “𝐋𝐄𝐓’𝐒 𝐆𝐎 𝐇𝐈𝐊𝐈𝐍𝐆” 🧗🏽","What would be a TRAVEL WITH MAMBAH without a sports activity 🤨? Today we’re going for a full day of hiking in the so called Paradise Valley ⛰️. We discovered so many amazing places and had a lot of fun all together 🕺🏽 I’m glad I had the chance to experience that with some of you and even being able to share it with all of you 🌴 ⚡️ 𝐌𝐀𝐓𝐙𝐀𝐏𝐄𝐖𝐒𝐇 ⚡ #healthy #lifestyle #travel #vlog #morocco",,26,"Howto & Style","Hobby,Lifestyle_(sociology),Tourism",PT46S,46,2d,hd,false,en,ar,https://i.ytimg.com/vi/9nCc6AmihN0/maxresdefault.jpg,1,,,,,183866,10118,,0,57
490,UCFqnvxz2f7J2cmTo_j0XMpA,"Mambah Fit",yN11f_hhuos,2023-07-02T17:00:27Z,"2023-07-02 17:00:27","𝐓𝐑𝐀𝐕𝐄𝐋 𝐖𝐈𝐓𝐇 𝐌𝐀𝐌𝐁𝐀𝐇 “𝐖𝐄𝐋𝐂𝐎𝐌𝐈𝐍𝐆 𝐓𝐇𝐄 𝐌𝐀𝐌𝐁𝐀𝐇𝐅𝐀𝐌” 😎","Finally the day has arrived 🤩 Today I’m welcoming the giveaway winners and I couldn’t be any more excited 🕺🏽 Meeting the community on the streets, conferences, restaurants, etc is priceless, but spending a whole week-end with some of you is a feeling that I can’t even describe ⚡️ I’m thankful for this amazing journey and it’s only the beginning 🙏🏼 ⚡️ 𝐌𝐀𝐓𝐙𝐀𝐏𝐄𝐖𝐒𝐇 ⚡ #healthy #lifestyle #travel #vlog #morocco",,26,"Howto & Style","Lifestyle_(sociology),Tourism",PT50S,50,2d,hd,false,en,ar,https://i.ytimg.com/vi/yN11f_hhuos/maxresdefault.jpg,1,,,,,1003642,47688,,0,290
491,UCFqnvxz2f7J2cmTo_j0XMpA,"Mambah Fit",5KkgwKIT0jc,2023-07-02T09:00:05Z,"2023-07-02 09:00:05","𝐓𝐑𝐀𝐕𝐄𝐋 𝐖𝐈𝐓𝐇 𝐌𝐀𝐌𝐁𝐀𝐇 “𝐋𝐄𝐓’𝐒 𝐆𝐎 𝐓𝐎 𝐌𝐘 𝐇𝐀𝐏𝐏𝐘 𝐏𝐋𝐀𝐂𝐄” 🏄🏽‍♂️","If you know me well, you already know that Taghazout 🌴 is my favorite place in Morocco 🇲🇦. And do you remember about the Giveaway 🎁 that I announced a month ago? Well, the winners are arriving tomorrow so we can spend the weekend together. We will have so much fun 🕺🏽 and on top of that I will share every single moment with all of you 🎥 So La MambahFam, matzapewsh because this weekend is going to be epic 🤩🤙🏽 ⚡️ 𝐌𝐀𝐓𝐙𝐀𝐏𝐄𝐖𝐒𝐇 ⚡️ #healthy #healthylife #lifestyle #travel #vlog #healthylifestyle #morocco",,26,"Howto & Style","Lifestyle_(sociology),Tourism",PT49S,49,2d,hd,false,en,ar,https://i.ytimg.com/vi/5KkgwKIT0jc/maxresdefault.jpg,1,,,,,1274496,57982,,0,330
492,UCFqnvxz2f7J2cmTo_j0XMpA,"Mambah Fit",4_oyvdRuAvA,2023-07-01T17:00:03Z,"2023-07-01 17:00:03","𝐋𝐄𝐓’𝐒 𝐂𝐎𝐎𝐊 𝐓𝐎𝐆𝐄𝐓𝐇𝐄𝐑 “𝐇𝐈𝐆𝐇 𝐏𝐑𝐎𝐓𝐄𝐈𝐍 𝐍𝐎 𝐁𝐑𝐄𝐀𝐃 𝐂𝐇𝐈𝐂𝐊𝐄𝐍 𝐏𝐈𝐙𝐙𝐀” 🍕","Can you believe this amazing pizza is made only with chicken and cheese 🧀? Well, let me tell you, this is amaaaazing 🤩 If you’re on a low carb diet and you’re craving pizza, this is for you 🫵🏽 𝐌𝐀𝐂𝐑𝐎𝐒 𝐅𝐎𝐑 𝐓𝐇𝐄 𝐄𝐍𝐓𝐈𝐑𝐄 𝐏𝐈𝐙𝐙𝐀: 𝟒𝟑𝟓 𝐊𝐂𝐀𝐋 / 𝟕,𝟐𝐠 𝐂𝐀𝐑𝐁𝐒 / 𝟓𝟕,𝟐𝐠 𝐏𝐑𝐎𝐓 /𝟏𝟗,𝟔𝐠 𝐅𝐀𝐓 𝐈𝐍𝐆𝐑𝐄𝐃𝐈𝐄𝐍𝐓𝐒: - 150g chicken breast - 30g emmental cheese - 30g mozzarella cheese - 40g light cheese (or you can use more mozzarella) - 50g tomato sauce 𝐄𝐍𝐉𝐎𝐘 𝐎𝐔 𝐌𝐀𝐓𝐙𝐀𝐏𝐄𝐒𝐇 ⚡️ #healthylifestyle #lifestyle #morocco #cooking #chickenpizza #lowcarb",,26,"Howto & Style","Food,Lifestyle_(sociology)",PT38S,38,2d,hd,false,en,ar,https://i.ytimg.com/vi/4_oyvdRuAvA/maxresdefault.jpg,1,,,,,751729,34514,,0,200
493,UCFqnvxz2f7J2cmTo_j0XMpA,"Mambah Fit",96NnfpDn0Ek,2023-07-01T09:00:04Z,"2023-07-01 09:00:04","𝐇𝐄𝐑𝐄 𝐀𝐑𝐄 𝟑 𝐄𝐀𝐒𝐘 𝐓𝐑𝐈𝐂𝐊𝐒 𝐓𝐎 𝐂𝐇𝐀𝐍𝐆𝐄 𝐘𝐎𝐔𝐑 𝐋𝐈𝐅𝐄 😎","A few weeks ago I announced that we will read the book 📖 called “𝐀𝐭𝐨𝐦𝐢𝐜 𝐇𝐚𝐛𝐢𝐭𝐬” and then I’ll do a couple videos about the book and how to use it properly. So here are the first 3 steps you should follow if you want to make a change 😇 1. 𝐓𝐡𝐞 𝐩𝐨𝐰𝐞𝐫 𝐨𝐟 𝐜𝐨𝐦𝐩𝐨𝐮𝐧𝐝𝐢𝐧𝐠: if you start making small changes in your life, you might not see result instantly 😩, but if you stay consistent, you might see a huge change later 💪 2. 𝐓𝐡𝐞 𝐢𝐦𝐩𝐨𝐫𝐭𝐚𝐧𝐜𝐞 𝐨𝐟 𝐢𝐝𝐞𝐧𝐭𝐢𝐭𝐲: what you do everyday defines you, it defines who you are and what you will be in the future. So make sure to align your actions with your goals 🎯 3. 𝐓𝐡𝐞 𝟏% 𝐫𝐮𝐥𝐞: if I told you right now that your life is going to change, I would be lying to you. But if you make small changes and try to get 1% better every single day, I can promise you, in a few months or a year, you won’t recognize the old you 🫡 I dare you to try these 3 little steps to start changing towards a better and healthier life. Remember, 𝐘𝐎𝐔 𝐀𝐑𝐄 𝐓𝐇𝐄 𝐀𝐔𝐓𝐇𝐎𝐑 𝐎𝐅 𝐘𝐎𝐔𝐑 𝐎𝐖𝐍 𝐋𝐈𝐅𝐄 😈 𝐎𝐔 𝐂𝐇𝐎𝐔𝐅, 𝐌𝐀𝐀𝐀𝐓𝐙𝐀𝐏𝐄𝐒𝐇 ⚡️ #healthy #healthylifestyle #discipline #morocco #habits",,26,"Howto & Style","Health,Lifestyle_(sociology)",PT58S,58,2d,hd,false,en,ar,https://i.ytimg.com/vi/96NnfpDn0Ek/maxresdefault.jpg,1,,,,,31392,2920,,0,28
494,UCFqnvxz2f7J2cmTo_j0XMpA,"Mambah Fit",BGG8VC5mHwk,2023-06-30T17:00:06Z,"2023-06-30 17:00:06","𝐀 𝐃𝐀𝐘 𝐈𝐍 𝐌𝐘 𝐋𝐈𝐅𝐄 “𝐋𝐄𝐓’𝐒 𝐁𝐄 𝐏𝐑𝐎𝐃𝐔𝐂𝐓𝐈𝐕𝐄” 🎤","What a day 🤩! Busy and productive, exactly how I like my days to be ⚡️ I’m the kind of person that hates staying behind a computer 🖥️ in an office, sitting and just doing the same boring things every single day (even if sometimes I have to 😅). I love moving around, meeting people, sitting in different areas throughout the day, and just being productive and creating value 🤘🏽 How about you? What would be your perfect work day ? ⚡️𝐌𝐀𝐓𝐙𝐀𝐏𝐄𝐒𝐇⚡️ #healthy #lifestyle #healthylifestyle #vlog #adayinlife #discipline",,26,"Howto & Style","Health,Lifestyle_(sociology)",PT58S,58,2d,hd,false,en,ar,https://i.ytimg.com/vi/BGG8VC5mHwk/maxresdefault.jpg,1,,,,,853163,44407,,0,335
495,UCFqnvxz2f7J2cmTo_j0XMpA,"Mambah Fit",kJxT4YXoz2I,2023-06-30T09:15:02Z,"2023-06-30 09:15:02","𝐄𝐈𝐃 𝐌𝐔𝐁𝐀𝐑𝐀𝐊 “𝐋𝐄𝐓’𝐒 𝐌𝐀𝐊𝐄 𝐁𝐑𝐄𝐀𝐊𝐅𝐀𝐒𝐓” 🍳","Eid Mubarak to all of you, filled with joy and health 🙏🏼 Through this video I wanted to share some good vibes for this precious day 🕺🏽 Don’t forget to spread good vibes in return, and make someone smile 😃 Love you all ❤️ ⚡️ 𝐌𝐀𝐓𝐙𝐀𝐏𝐄𝐒𝐇 ⚡️ #healthy #fitness #lifestyle #healthylifestyle #breakfast",,26,"Howto & Style","Food,Lifestyle_(sociology)",PT1M,60,2d,hd,false,en,en,https://i.ytimg.com/vi/kJxT4YXoz2I/maxresdefault.jpg,1,,,,,70150,6492,,0,79
496,UCFqnvxz2f7J2cmTo_j0XMpA,"Mambah Fit",WGrpGCINSRE,2023-06-29T17:00:13Z,"2023-06-29 17:00:13","𝐀 𝐂𝐀𝐒𝐔𝐀𝐋 𝐃𝐀𝐘 𝐈𝐍 𝐌𝐘 𝐋𝐈𝐅𝐄 “𝐁𝐔𝐒𝐘 𝐖𝐎𝐑𝐊 𝐃𝐀𝐘” 🤓","We are entering the last few days of Ramadan and I had to do one last “A day in my life” Ramadan style 😅 As usual, during Ramadan, I don’t wake up as early as on normal days, so I can sleep a bit longer and start my day with work directly 💻 I try to stay active and positive so the days can pass fast and I can still get some stuff done before Iftar 🙏🏼 Ramadan, you’ve been good, but I can’t wait to get back to my protein iced 🧊 coffee in the morning (because this season has already started 🤩) ⚡️𝐌𝐀𝐓𝐙𝐀𝐏𝐄𝐒𝐇⚡️ #healthy #lifestyle #healthylifestyle #vlog #adayinlife",,26,"Howto & Style","Health,Lifestyle_(sociology),Physical_fitness",PT53S,53,2d,hd,false,en,ar,https://i.ytimg.com/vi/WGrpGCINSRE/maxresdefault.jpg,1,,,,,233964,13754,,0,95
497,UCFqnvxz2f7J2cmTo_j0XMpA,"Mambah Fit",2Ucd6b3Q9hs,2023-06-29T09:00:01Z,"2023-06-29 09:00:01","𝐀 𝐃𝐀𝐘 𝐈𝐍 𝐌𝐘 𝐋𝐈𝐅𝐄 “𝐖𝐄𝐄𝐊𝐄𝐍𝐃 𝐈𝐍 𝐌𝐀𝐑𝐑𝐀𝐊𝐄𝐂𝐇” 🌴","This weekend I wanted to escape the trafic and stress of Casablanca and go for a quick weekend get away not too far 🚙 My family was already spending the week in Marrakech so I decided to join them and enjoy the beautiful weather ☀️ What an amazing time we had, filled with sun, swimming, tanning, dancing and good vibes 🕺🏽 I would say, Marrakech is one of my top 3 fav cities in Morocco 🇲🇦 What about you? What did you do this weekend? 😏 ⚡️𝐌𝐀𝐓𝐙𝐀𝐏𝐄𝐒𝐇⚡️ #healthy #lifestyle #healthylifestyle #vlog #adayinlife",,26,"Howto & Style",Lifestyle_(sociology),PT53S,53,2d,hd,false,en,ar,https://i.ytimg.com/vi/2Ucd6b3Q9hs/maxresdefault.jpg,1,,,,,1549922,71300,,0,503
498,UCFqnvxz2f7J2cmTo_j0XMpA,"Mambah Fit",VaLZgWq9rNc,2023-06-28T17:00:30Z,"2023-06-28 17:00:30","𝐋𝐄𝐓’𝐒 𝐏𝐑𝐄𝐏𝐀𝐑𝐄 𝐃𝐈𝐍𝐍𝐄𝐑 𝐓𝐎𝐆𝐄𝐓𝐇𝐄𝐑 “𝐒𝐀𝐋𝐌𝐎𝐍 𝐁𝐎𝐖𝐋” 🐟","This Ramadan I’ve been trying many new recipes during Iftar and this one is my favorite by faaaar 🤩 First of all, it’s super easy to make, tasty and the macros are insane 💪🏽 and you can basically meal prep it if you would like to 🚀 In this recipe I used twice as much protein source (salmon) as usual, because it was my only real meal of the day 🤪 𝐌𝐀𝐂𝐑𝐎𝐒 𝐅𝐎𝐑 𝐓𝐇𝐄 𝐄𝐍𝐓𝐈𝐑𝐄 𝐁𝐎𝐖𝐋: 𝟗𝟖𝟑 𝐊𝐂𝐀𝐋 / 𝟕𝟓,𝟏𝐠 𝐂𝐀𝐑𝐁𝐒 / 𝟔𝟑,𝟗𝐠 𝐏𝐑𝐎𝐓 / 𝟒𝟓,𝟐𝐠 𝐅𝐀𝐓 𝐈𝐍𝐆𝐑𝐄𝐃𝐈𝐄𝐍𝐓𝐒: - 300g fresh salmon - 60g basmati rice - 100g carrots - 100g cucumber - 70g green peppers - 100g red cabbage - 30g siracha mayo sauce 𝐄𝐍𝐉𝐎𝐘 𝐎𝐔 𝐌𝐀𝐓𝐙𝐀𝐏𝐄𝐒𝐇 ⚡️ #vlog #healthylifestyle #lifestyle#routine#morocco #cooking",,26,"Howto & Style","Food,Lifestyle_(sociology)",PT58S,58,2d,hd,false,en,ar,https://i.ytimg.com/vi/VaLZgWq9rNc/maxresdefault.jpg,1,,,,,1001074,54329,,0,440
499,UCFqnvxz2f7J2cmTo_j0XMpA,"Mambah Fit",FJ1h6PEXsjY,2023-06-28T09:00:09Z,"2023-06-28 09:00:09","𝐀 𝐂𝐀𝐒𝐔𝐀𝐋 𝐃𝐀𝐘 𝐈𝐍 𝐌𝐘 𝐋𝐈𝐅𝐄 “𝐋𝐄𝐓’𝐒 𝐑𝐄𝐃𝐎 𝐌𝐘 𝐇𝐎𝐌𝐄 𝐎𝐅𝐅𝐈𝐂𝐄” 👨🏽‍💻","Since I’ve moved into my appartement I’ve always wanted to remodel or furnish my second room. At first, I wanted to build a home gym 🏋🏽 but then I thought about my neighbors downstairs and was liiiiiike, “they are going to kill me if I do that 😅” Then I thought about a home office 👨🏽‍💻 but never got into it, and left it as a “storage/laundry” room. Now that I’m spending a lot more time at home to be able to create content 🎥 and edit, I’ve finally decided to take the step and furnish the room as a proper home office 🏠 What do you think about it? Any ideas 💡 to make the room even more creative? 😏 ⚡️𝐌𝐀𝐓𝐙𝐀𝐏𝐄𝐒𝐇⚡️ #healthy #lifestyle #healthylifestyle #vlog #adayinlife",,26,"Howto & Style","Hobby,Lifestyle_(sociology)",PT52S,52,2d,hd,false,en,ar,https://i.ytimg.com/vi/FJ1h6PEXsjY/maxresdefault.jpg,1,,,,,3161251,125968,,0,765
500,UCFqnvxz2f7J2cmTo_j0XMpA,"Mambah Fit",xc0Vka-4yQY,2023-06-27T17:00:40Z,"2023-06-27 17:00:40","𝐋𝐄𝐓’𝐒 𝐏𝐑𝐄𝐏𝐀𝐑𝐄 𝐃𝐈𝐍𝐍𝐄𝐑 𝐓𝐎𝐆𝐄𝐓𝐇𝐄𝐑 “𝐅𝐓𝐎𝐔𝐑 𝐄𝐃𝐈𝐓𝐈𝐎𝐍” ✨","I had to show you how I prepare a healthy Ftour to stay on track with my macros and still enjoy the foods I love 🤩 Here is a brief mini vlog of how my Sunday went, going to the supermarket, meeting some of you and taking some pictures 📸 and finishing the afternoon cooking an amazing and healthy Ftour which I enjoyed on the terrace with the sunset 🌇 Hope you’ll enjoy this mini vlog, and if you like it, I might do a longer YouTube version for all of you 🤪 ⚡️𝐌𝐀𝐓𝐙𝐀𝐏𝐄𝐒𝐇⚡️ #vlog #healthylifestyle #lifestyle#routine#adayinlife#morocco #cooking",,26,"Howto & Style","Food,Lifestyle_(sociology)",PT1M,60,2d,hd,false,en,ar,https://i.ytimg.com/vi/xc0Vka-4yQY/maxresdefault.jpg,1,,,,,8582038,303522,,0,1705
501,UCFqnvxz2f7J2cmTo_j0XMpA,"Mambah Fit",C7eDK5CyM5A,2023-06-27T09:30:05Z,"2023-06-27 09:30:05","𝐋𝐎𝐖 𝐊𝐂𝐀𝐋 𝐂𝐇𝐄𝐄𝐒𝐄 𝐆𝐀𝐑𝐋𝐈𝐂 𝐍𝐀𝐀𝐍 🫓","This is a game changer for all of you that love using bread in your dishes!! Amazing alternative I got you here 🤪 First of all, prepare all the ingredients, so you have everything ready before starting to cook 👨🏽‍🍳 𝐌𝐀𝐂𝐑𝐎𝐒 𝐏𝐄𝐑 𝐏𝐎𝐑𝐓𝐈𝐎𝐍 : 𝟏𝟓𝟖 𝐊𝐂𝐀𝐋 / 𝟐𝟐,𝟔𝐠 𝐂𝐀𝐑𝐁𝐒 / 𝟓,𝟗𝐠 𝐏𝐑𝐎𝐓 / 𝟒,𝟔𝐠 𝐅𝐀𝐓 𝐈𝐍𝐆𝐑𝐄𝐃𝐈𝐄𝐍𝐓𝐒 𝐅𝐎𝐑 𝟒 𝐏𝐎𝐑𝐓𝐈𝐎𝐍𝐒 : - 120g Self Raising Flour - 130g Greek Yoghurt - Garlic, Salt & Parsley Flakes - 15g Emmental Cheese 𝐄𝐍𝐉𝐎𝐘 𝐎𝐔 𝐌𝐀𝐓𝐙𝐀𝐏𝐄𝐒𝐇 ⚡️ #healthyrecipes #highprotein #easyrecipes #weightloss #lowcalories",,26,"Howto & Style","Food,Lifestyle_(sociology)",PT41S,41,2d,hd,false,en,ar,https://i.ytimg.com/vi/C7eDK5CyM5A/maxresdefault.jpg,1,,,,,32330,2112,,0,22
502,UCFqnvxz2f7J2cmTo_j0XMpA,"Mambah Fit",wWk7hgyOscs,2023-06-26T17:00:38Z,"2023-06-26 17:00:38","𝐘𝐎𝐔𝐑 𝐂𝐎𝐌𝐌𝐄𝐍𝐓𝐒 𝐎𝐍 𝐌𝐘 𝐏𝐎𝐒𝐓𝐒 𝐀𝐑𝐄 𝐏𝐑𝐈𝐂𝐄𝐋𝐄𝐒𝐒 🤣","I’ve been replying to many videos about memes, comments, messages, etc. But since Ramadan started, i’ve been seeing some other comments that are just killing me 😂 Please, La Mambahfam, you have to understand that we “content creators” are here to create content, and we don’t always post videos or pictures the day we created them (I wish it was that easy). I always try to keep it as realistic as possible, but there are some things that I prefer to keep offline 😅 Personally, I have things in my life that I want to keep private, just because that’s not the type of content I share, soooo stop asking 😇 and stay positive. ⚡️𝐌𝐀𝐓𝐙𝐀𝐏𝐄𝐒𝐇 ⚡️ #healthy #healthylifestyle #morocco #moroccanboy",,26,"Howto & Style",Entertainment,PT1M,60,2d,hd,false,en,ar,https://i.ytimg.com/vi/wWk7hgyOscs/maxresdefault.jpg,1,,,,,1024145,64780,,0,1456
503,UCFqnvxz2f7J2cmTo_j0XMpA,"Mambah Fit",dJRKo-bv210,2023-06-26T09:00:33Z,"2023-06-26 09:00:33","𝐏𝐑𝐎𝐓𝐄𝐈𝐍 𝐓𝐈𝐑𝐀𝐌𝐈𝐒𝐔 𝐏𝐀𝐍𝐂𝐀𝐊𝐄𝐒 🥞","These pancakes are a game changer for me!! I love tiramisu, knowing that I can finally eat this everyday and still staying on track with my macros, it’s juuuuust… 🤪 First of all, prepare all the ingredients, so you have everything ready before starting to cook 👨🏽‍🍳 𝐌𝐀𝐂𝐑𝐎𝐒 : 𝟒𝟓𝟑 𝐊𝐂𝐀𝐋 / 𝟑𝟗,𝟗𝐠 𝐂𝐀𝐑𝐁𝐒 /𝟒𝟎,𝟐𝐠 𝐏𝐑𝐎𝐓 / 𝟏𝟒,𝟗𝐠 𝐅𝐀𝐓 𝐈𝐍𝐆𝐑𝐄𝐃𝐈𝐄𝐍𝐓𝐒 : - 50g oats - 1 scoop vanilla protein powder (I use the whey Arkens from @fitnessboutiquemaroc ) - Baking powder - Pinch of salt - 1 shot coffee - 100ml almond milk - Vanilla drops - 100g greek yogurt 𝐄𝐍𝐉𝐎𝐘 𝐎𝐔 𝐌𝐀𝐓𝐙𝐀𝐏𝐄𝐒𝐇 ⚡️ #healthyrecipes #highprotein #easyrecipes #weightloss #lowcalories",,26,"Howto & Style","Food,Lifestyle_(sociology)",PT37S,37,2d,hd,false,en,en,https://i.ytimg.com/vi/dJRKo-bv210/maxresdefault.jpg,1,,,,,24428,1452,,0,12
504,UCFqnvxz2f7J2cmTo_j0XMpA,"Mambah Fit",Ua__-TuvAOA,2023-06-25T17:00:14Z,"2023-06-25 17:00:14","𝐋𝐎𝐖 𝐊𝐂𝐀𝐋 𝐂𝐇𝐈𝐂𝐊𝐄𝐍 𝐍𝐔𝐆𝐆𝐄𝐓𝐒 🍗","One of my fav foods are chicken nuggets, and this recipe changed my life!! It’s so easy and tasty at the same time 🤪 First of all, prepare all the ingredients, so you have everything ready before starting to cook 👨🏽‍🍳 𝐌𝐀𝐂𝐑𝐎𝐒 𝐏𝐄𝐑 𝐏𝐎𝐑𝐓𝐈𝐎𝐍 : 𝟗𝟖 𝐊𝐂𝐀𝐋 / 𝟕.𝟖𝐠 𝐂𝐀𝐑𝐁𝐒 /𝟏𝟑.𝟑𝐠 𝐏𝐑𝐎𝐓 / 𝟏.𝟑𝐠 𝐅𝐀𝐓 𝐈𝐍𝐆𝐑𝐄𝐃𝐈𝐄𝐍𝐓𝐒 𝐅𝐎𝐑 𝟏𝟎 𝐂𝐇𝐈𝐂𝐊𝐄𝐍 𝐍𝐔𝐆𝐆𝐄𝐓𝐒 : - 500g chicken breasts - 80g Cornflakes - Salt, Paprika (or your choice of seasonings) - 2 Eggs - 1 tsp BBQ Sauce 𝐄𝐍𝐉𝐎𝐘 𝐎𝐔 𝐌𝐀𝐓𝐙𝐀𝐏𝐄𝐒𝐇 ⚡️ #healthyrecipes #highprotein #easyrecipes #weightloss #lowcalories",,26,"Howto & Style","Food,Lifestyle_(sociology)",PT40S,40,2d,hd,false,en,en,https://i.ytimg.com/vi/Ua__-TuvAOA/maxresdefault.jpg,1,,,,,29678,1561,,0,16
505,UCFqnvxz2f7J2cmTo_j0XMpA,"Mambah Fit",0xv1C6OI-qM,2023-06-25T09:00:01Z,"2023-06-25 09:00:01","𝐀 𝐃𝐀𝐘 𝐈𝐍 𝐌𝐘 𝐋𝐈𝐅𝐄 “𝐑𝐀𝐌𝐀𝐃𝐀𝐍 𝐄𝐃𝐈𝐓𝐈𝐎𝐍” 🌙","Today was the first day of Ramadan and I wanted to share my healthy routine as usual with you. This month is all about reconnecting and becoming a healthier version of ourselves. Personally, to make the days pass fast, I try to keep myself busy and productive, and not forgetting my daily workout to stay active. ⚡️𝐌𝐀𝐓𝐙𝐀𝐏𝐄𝐒𝐇⚡️ #vlog #healthylifestyle #lifestyle #routine#adayinlife #morocco",,26,"Howto & Style","Health,Lifestyle_(sociology),Physical_fitness",PT52S,52,2d,hd,false,en,ar,https://i.ytimg.com/vi/0xv1C6OI-qM/maxresdefault.jpg,1,,,,,330881,19130,,0,132
506,UCFqnvxz2f7J2cmTo_j0XMpA,"Mambah Fit",5LlJXtY557o,2023-06-24T09:00:03Z,"2023-06-24 09:00:03","𝐒𝐓𝐎𝐏 𝐓𝐇𝐈𝐍𝐊𝐈𝐍𝐆 𝐓𝐎𝐎 𝐌𝐔𝐂𝐇 - 𝐒𝐓𝐀𝐑𝐓 𝐃𝐎𝐈𝐍𝐆 🚀","We tend to overthink and postpone every single thing that will push us forward to become better. And you know why? 🧐 Because those things make us go out of our comfort zone, and we, HUMANS, hate that naturally 😅 The thing is, if you want to break this habit, and start moving towards your goals, you need to put discipline in your life, and start a task whenever you think about it 😌 𝐈 𝐏𝐑𝐎𝐌𝐈𝐒𝐄, 𝐓𝐇𝐈𝐒 𝐋𝐈𝐓𝐓𝐋𝐄 𝐂𝐇𝐀𝐍𝐆𝐄, 𝐖𝐈𝐋𝐋 𝐁𝐄𝐂𝐎𝐌𝐄 𝐘𝐎𝐔𝐑 𝐌𝐀𝐉𝐎𝐑 𝐀𝐂𝐓𝐈𝐎𝐍 🎯 ⚡️𝐌𝐀𝐓𝐙𝐀𝐏𝐄𝐒𝐇 ⚡️ #healthy #healthylifestyle #tips #morocco #discipline",,26,"Howto & Style",Health,PT48S,48,2d,hd,false,en,ar,https://i.ytimg.com/vi/5LlJXtY557o/maxresdefault.jpg,1,,,,,22157,1663,,0,19
507,UCFqnvxz2f7J2cmTo_j0XMpA,"Mambah Fit",5MWgWgD2HJs,2023-06-23T19:07:44Z,"2023-06-23 19:07:44","𝟗𝟎 𝐊𝐂𝐀𝐋 𝐂𝐇𝐎𝐂𝐎𝐋𝐀𝐓𝐄 𝐁𝐀𝐍𝐀𝐍𝐀 𝐏𝐑𝐎𝐓𝐄𝐈𝐍 𝐌𝐔𝐅𝐅𝐈𝐍𝐒 🧁","I think this recipe is one of the easiest and quickest to do if you want to stay on track with your macros and still enjoy life 🤪 First of all, prepare all the ingredients, so you have everything ready before starting to cook 👨🏽‍🍳 𝐌𝐀𝐂𝐑𝐎𝐒 𝐏𝐄𝐑 𝐏𝐎𝐑𝐓𝐈𝐎𝐍 : 𝟗𝟏 𝐊𝐂𝐀𝐋 / 𝟏𝟑,𝟑𝐠 𝐂𝐀𝐑𝐁𝐒 / 𝟖,𝟕𝐠 𝐏𝐑𝐎𝐓 / 𝟎,𝟕𝐠 𝐅𝐀𝐓 𝐈𝐍𝐆𝐑𝐄𝐃𝐈𝐄𝐍𝐓𝐒 𝐅𝐎𝐑 𝟔 𝐏𝐎𝐑𝐓𝐈𝐎𝐍: - 100g banana - 50g whey chocolate protein (I use the Whey Arkens from @fitnessboutiquemaroc ) - 10g cocoa powder - 60g flour - 130ml almond milk - 10g chocolate chips (optional) 𝐄𝐍𝐉𝐎𝐘 𝐎𝐔 𝐌𝐀𝐓𝐙𝐀𝐏𝐄𝐒𝐇 ⚡️ #healthyrecipes #highprotein #easyrecipes #weightloss #lowcalories",,26,"Howto & Style","Food,Health,Lifestyle_(sociology)",PT42S,42,2d,hd,false,en,en,https://i.ytimg.com/vi/5MWgWgD2HJs/maxresdefault.jpg,1,,,,,46462,2856,,0,34
508,UCFqnvxz2f7J2cmTo_j0XMpA,"Mambah Fit",VhKIbBtfUVs,2023-06-18T17:00:26Z,"2023-06-18 17:00:26","𝐋𝐄𝐓’𝐒 𝐑𝐄𝐃𝐎 𝐌𝐘 𝐊𝐈𝐓𝐂𝐇𝐄𝐍 𝐓𝐎𝐆𝐄𝐓𝐇𝐄𝐑 👨🏽‍🍳","A few weeks I've decided to optimize my kitchen knowing that I spend a lot of time cooking, meal-prepping and filming recipes 🎥 My old kitchen came with the apartment and unfortunately a lot of things were broken and not working properly, and I’ve been wanting to change it ever since I moved in. I’m super happy with how it turned out and I can’t wait to create new content for you here! ⚡️𝐌𝐀𝐓𝐙𝐀𝐏𝐄𝐒𝐇⚡️ #vlog #healthylifestyle #lifestyle #fitness #morocco #kitchen",,26,"Howto & Style",Lifestyle_(sociology),PT53S,53,2d,hd,false,en,ar,https://i.ytimg.com/vi/VhKIbBtfUVs/maxresdefault.jpg,1,,,,,5085643,175336,,0,1174
509,UCFqnvxz2f7J2cmTo_j0XMpA,"Mambah Fit",Q0DujccQG_Q,2023-06-18T09:00:25Z,"2023-06-18 09:00:25","𝐇𝐄𝐑𝐄 𝐀𝐑𝐄 𝟑 𝐑𝐄𝐀𝐒𝐎𝐍𝐒 𝐖𝐇𝐘 𝐘𝐎𝐔 𝐒𝐇𝐎𝐔𝐋𝐃 𝐖𝐎𝐑𝐊𝐎𝐔𝐓 𝐃𝐔𝐑𝐈𝐍𝐆 𝐑𝐀𝐌𝐀𝐃𝐀𝐍 💪🏽","When the month of ramadan approaches, we always tend to have good resolutions for this month, but as soon as it starts, we forget everything 😅 Today I came up with 3 reasons why you should train during Ramadan: 1. 𝐁𝐨𝐨𝐬𝐭𝐬 𝐄𝐧𝐞𝐫𝐠𝐲 𝐋𝐞𝐯𝐞𝐥𝐬: Working out during Ramadan can help boost your energy levels and reduce fatigue. 2. 𝐈𝐦𝐩𝐫𝐨𝐯𝐞𝐬 𝐌𝐞𝐧𝐭𝐚𝐥 𝐇𝐞𝐚𝐥𝐭𝐡: Exercise is known to release endorphins, which can improve your mood and reduce stress levels. Regular exercise can help you feel more positive and energized throughout the day. 3. 𝐈𝐧𝐜𝐫𝐞𝐚𝐬𝐞𝐬 𝐌𝐢𝐧𝐝-𝐁𝐨𝐝𝐲 𝐂𝐨𝐧𝐧𝐞𝐜𝐭𝐢𝐨𝐧: By focusing on your physical movements and breathing during exercise, you can become more present and mindful. 𝐎𝐔 𝐂𝐇𝐎𝐔𝐅, 𝐌𝐀𝐀𝐀𝐓𝐙𝐀𝐏𝐄𝐒𝐇 ⚡️ #healthy #healthylifestyle #fitness #fasting #morocco #ramadan",,26,"Howto & Style","Health,Lifestyle_(sociology),Physical_fitness",PT43S,43,2d,hd,false,en,ar,https://i.ytimg.com/vi/Q0DujccQG_Q/maxresdefault.jpg,1,,,,,20963,1246,,0,32
510,UCFqnvxz2f7J2cmTo_j0XMpA,"Mambah Fit",O2a7H5Y1e34,2023-06-17T17:00:11Z,"2023-06-17 17:00:11","𝐀 𝐂𝐀𝐒𝐔𝐀𝐋 𝐃𝐀𝐘 𝐈𝐍 𝐌𝐘 𝐋𝐈𝐅𝐄 “𝐁𝐔𝐒𝐘 𝐖𝐎𝐑𝐊 𝐃𝐀𝐘” 🎤","What a daaaay!! On top of having so many things planned, I’ve decided to vlog it all for you guys, because that’s what I love to do 😏 For the past months, I’ve been a guest in many events, and it couldn’t make me happier ✌🏽. Those events allowed me to meet you all and share amazing moments, speaking about different topics, and replaying to many questions you might have 😇 As you may know, one of my goals is to be able to inspire and motivate as many people as I can, in Morocco 🇲🇦 and around the world 🌍, so this is only the beginning. ⚡️𝐌𝐀𝐓𝐙𝐀𝐏𝐄𝐒𝐇⚡️ #vlog #healthylifestyle #lifestyle #routine #adayinlife #fitness #morocco",,26,"Howto & Style","Lifestyle_(sociology),Physical_fitness",PT53S,53,2d,hd,false,en,ar,https://i.ytimg.com/vi/O2a7H5Y1e34/maxresdefault.jpg,1,,,,,392984,22970,,0,159
511,UCFqnvxz2f7J2cmTo_j0XMpA,"Mambah Fit",pEeghXvl7LM,2023-06-17T09:00:27Z,"2023-06-17 09:00:27","𝐍𝐄𝐕𝐄𝐑 𝐋𝐄𝐓 𝐀𝐍𝐘𝐎𝐍𝐄 𝐒𝐓𝐄𝐏 𝐎𝐍 𝐘𝐎𝐔𝐑 𝐃𝐑𝐄𝐀𝐌𝐒 ⚡️","We tend to please everyone around us, but we often forget about what WE really want 🚀 If you have a dream, and would do everything in your power to achieve it, then stop listening to what everyone has to say about it and start working towards achieving it 💪🏽 One thing I’ve seen and learned throughout the years, is that at the end of the day, the only one that matters the most is YOU, so start believing in you and start building your dreams 🕺🏽 ⚡️𝐌𝐀𝐓𝐙𝐀𝐏𝐄𝐒𝐇 ⚡️ #healthy #healthylifestyle #discipline #motivation #inspire #goals #morocco",,26,"Howto & Style",Lifestyle_(sociology),PT32S,32,2d,hd,false,en,ar,https://i.ytimg.com/vi/pEeghXvl7LM/maxresdefault.jpg,1,,,,,18067,1275,,0,16
512,UCFqnvxz2f7J2cmTo_j0XMpA,"Mambah Fit",zZcKmMZpg_8,2023-06-16T09:00:48Z,"2023-06-16 09:00:48","𝐒𝐓𝐎𝐏 𝐖𝐀𝐒𝐓𝐈𝐍𝐆 𝐘𝐎𝐔𝐑 𝐓𝐈𝐌𝐄 - 𝐒𝐓𝐀𝐑𝐓 𝐁𝐔𝐈𝐋𝐃𝐈𝐍𝐆 𝐘𝐎𝐔𝐑 𝐅𝐔𝐓𝐔𝐑𝐄 🚀","I keep on reading comments like “you live in Morocco, not Maghreb 🇲🇦” “you’re happy because you have money”, etc. Sometimes I think about it, and I’m like, why? 🧐 Why are you writing this instead of using my content to get motivated and start searching different ways to build your dream? 🤨 There is a lot of things I don’t show on social media, like my full working days / weekends for example, because they are boring for you. Creating content is all about creating entertainment for people so they can disconnect and get inspired by it 🤩 My goal is to help as many people as possible to achieve their goals one way or another. So please, use this content wisely and start your journey 💪🏽 ⚡️𝐌𝐀𝐓𝐙𝐀𝐏𝐄𝐒𝐇 ⚡️ #healthy #healthylifestyle #discipline #motivation #inspire #goals #morocco",,26,"Howto & Style",,PT55S,55,2d,hd,false,en,ar,https://i.ytimg.com/vi/zZcKmMZpg_8/maxresdefault.jpg,1,,,,,102736,8893,,0,190
513,UCFqnvxz2f7J2cmTo_j0XMpA,"Mambah Fit",LyvlvDyQBP0,2023-06-15T17:00:17Z,"2023-06-15 17:00:17","𝐖𝐇𝐀𝐓 𝐈 𝐄𝐀𝐓 𝐈𝐍 𝐀 𝐃𝐀𝐘 “𝐂𝐔𝐓𝐓𝐈𝐍𝐆 𝐒𝐄𝐀𝐒𝐎𝐍” 💪🏽","Please, first of all, remember, everyone is different and everyone has different needs in terms of nutrition. This video is only for your inspiration. Your quantities may vary ✌🏽 I first started my morning with some protein pancakes, made with the mixture “𝐒𝐨 𝐓𝐚𝐬𝐭𝐲” from @fitnessboutiquemaroc and added some strawberries 🍓 & raspberries to make it even tastier 🤪 For lunch I was craving a moroccan 🇲🇦 dish called “𝐃𝐣𝐚𝐣 𝐌𝐡𝐚𝐦𝐞𝐫” so I’ve decided to make my own healthy version 🤩 and it turned out amaaaazing. (RECIPE COMING SOON) As a snack I had a protein bar also from @fitnessboutiquemaroc because why not, I’m in love with protein 😅 GAIIIINZ And to finish the day smoothly, I prepared some little healthy pizzas, easy and quick to make while watching Netflix 👀 I didn’t count my calories but it must have been around 2000-2200 Kcal with more than 150g of protein 💪🏽 ⚡️𝐌𝐀𝐓𝐙𝐀𝐏𝐄𝐒𝐇⚡️ #vlog #healthylifestyle #lifestyle #routine #fitness #morocco #whatieatinaday #whatieat",,26,"Howto & Style","Food,Health,Lifestyle_(sociology),Physical_fitness",PT47S,47,2d,hd,false,en,ar,https://i.ytimg.com/vi/LyvlvDyQBP0/maxresdefault.jpg,1,,,,,860336,40012,,0,358
514,UCFqnvxz2f7J2cmTo_j0XMpA,"Mambah Fit",p8jmfn1RXd4,2023-06-15T09:00:26Z,"2023-06-15 09:00:26","𝐇𝐄𝐑𝐄 𝐀𝐑𝐄 𝐒𝐎𝐌𝐄 𝐓𝐈𝐏𝐒 𝐓𝐎 𝐁𝐄 𝐀𝐋𝐖𝐀𝐘𝐒 𝐈𝐍 𝐀 𝐆𝐎𝐎𝐃 𝐌𝐎𝐎𝐃 🤪","A lot of you keep on asking me if I’m in a good mood every single day. The answer is “I HAVE NO OTHER CHOICE” 1. 𝐈 𝐬𝐭𝐚𝐫𝐭 𝐦𝐲 𝐝𝐚𝐲 𝐰𝐢𝐭𝐡 𝐬𝐨𝐦𝐞 𝐩𝐨𝐬𝐢𝐭𝐢𝐯𝐞 𝐭𝐡𝐨𝐮𝐠𝐡𝐭𝐬, talking positive about myself and my situation so that my mind starts the day with positivity. 2. 𝐈’𝐦 𝐧𝐞𝐯𝐞𝐫 𝐥𝐞𝐭𝐭𝐢𝐧𝐠 𝐨𝐧𝐞 𝐦𝐨𝐦𝐞𝐧𝐭 𝐫𝐮𝐢𝐧 𝐦𝐲 𝐞𝐧𝐭𝐢𝐫𝐞 𝐝𝐚𝐲. If something happens to me, I try to fix it as quick as I can and move on. Everything happens for a reason, but you are the only one who can react to it the way you want 😎 3. 𝐈 𝐥𝐨𝐯𝐞 𝐰𝐡𝐚𝐭 𝐈 𝐝𝐨, 𝐚𝐧𝐝 𝐈 𝐞𝐦𝐛𝐫𝐚𝐜𝐞 𝐭𝐡𝐞 𝐜𝐡𝐚𝐧𝐠𝐞. This allows me to stay in a good mood almost every day. EXTRA: If Mambah is not in a good mood, how can I transmit good vibes to you every day ? 😏 STAY POSITIV LA MAMBAHFAM ✌🏽 𝐎𝐔 𝐂𝐇𝐎𝐔𝐅, 𝐌𝐀𝐀𝐀𝐀𝐓𝐙𝐀𝐏𝐄𝐒𝐇 ⚡️ #healthy #healthylifestyle #fitness #goodvibes #community",,26,"Howto & Style","Health,Lifestyle_(sociology)",PT56S,56,2d,hd,false,en,ar,https://i.ytimg.com/vi/p8jmfn1RXd4/maxresdefault.jpg,1,,,,,27671,1972,,0,45
515,UCFqnvxz2f7J2cmTo_j0XMpA,"Mambah Fit",7gjTsfXGObQ,2023-06-14T17:00:07Z,"2023-06-14 17:00:07","𝐓𝐑𝐀𝐕𝐄𝐋 𝐖𝐈𝐓𝐇 𝐌𝐀𝐌𝐁𝐀𝐇 “𝐀𝐍𝐎𝐓𝐇𝐄𝐑 𝐃𝐀𝐘 𝐈𝐍 𝐓𝐀𝐆𝐇𝐀𝐙𝐎𝐔𝐓” 🏄🏽‍♂️","Please, can someone explain to me how it is possible to have full sunny days in the south of Morocco 🇲🇦 and full snow ❄️ in the mountains 🏔️ ? This country keeps on impressing me every day 🤩 (and it might have given me an idea 🤔) This weekend was all about reconnecting with myself, enjoying the moment and spending some quality time creating content 🎥 As you may know, Taghazout is one of my favorite places in Morocco by far, and I can’t wait to be spending more quality moments here 🏄🏽‍♂️ For all of those who asked me where I was staying, here it is: @fairmonttaghazoutbayresort ⚡️ 𝐌𝐀𝐓𝐙𝐀𝐏𝐄𝐖𝐒𝐇 ⚡️ #healthy #healthylife #lifestyle #travel #vlog #healthylifestyle #beach #morocco",,26,"Howto & Style","Lifestyle_(sociology),Physical_fitness",PT51S,51,2d,hd,false,en,ar,https://i.ytimg.com/vi/7gjTsfXGObQ/maxresdefault.jpg,1,,,,,368794,22601,,0,167
516,UCFqnvxz2f7J2cmTo_j0XMpA,"Mambah Fit",U-ee2NlJJSI,2023-06-14T09:00:16Z,"2023-06-14 09:00:16","𝐓𝐑𝐀𝐕𝐄𝐋 𝐖𝐈𝐓𝐇 𝐌𝐀𝐌𝐁𝐀𝐇 “𝐀 𝐃𝐀𝐘 𝐈𝐍 𝐓𝐀𝐆𝐇𝐀𝐙𝐎𝐔𝐓” ☀️","This getaway was much needed!! I’ve been working really hard these past months to set the tone fore 2023, and I needed to take a break 🙏🏼 For me, there is no better place than Taghazout to have some sun ☀️ good food 🥘 and enjoy the moment. ⚡️ 𝐌𝐀𝐓𝐙𝐀𝐏𝐄𝐖𝐒𝐇 ⚡️ #healthy #healthylife #lifestyle #travel #vlog #healthylifestyle #beach #morocco",,26,"Howto & Style","Lifestyle_(sociology),Tourism",PT49S,49,2d,hd,false,en,ar,https://i.ytimg.com/vi/U-ee2NlJJSI/maxresdefault.jpg,1,,,,,169431,11071,,0,85
517,UCFqnvxz2f7J2cmTo_j0XMpA,"Mambah Fit",7wwLBggHiLg,2023-06-13T17:00:08Z,"2023-06-13 17:00:08","𝐇𝐄𝐑𝐄 𝐀𝐑𝐄 𝟑 𝐓𝐈𝐏𝐒 𝐓𝐎 𝐁𝐄 𝐌𝐎𝐑𝐄 𝐃𝐈𝐒𝐂𝐈𝐏𝐋𝐈𝐍𝐄𝐃 🎯","So we already talked about discipline. But I’m sure you would like to know some tips on how to get more disciplined 😏 Here are 3 tips to get you started: 1. 𝐃𝐞𝐟𝐢𝐧𝐞 𝐲𝐨𝐮𝐫 𝐨𝐛𝐣𝐞𝐜𝐭𝐢𝐯𝐞: what do you want to achieve? Whenever you have your goal in mind, write it down and break it into small steps, so you can follow them and keep yourself accountable 🎯 2. 𝐂𝐫𝐞𝐚𝐭𝐞 𝐚 𝐫𝐨𝐮𝐭𝐢𝐧𝐞: having a routine is crucial to achieve your daily milestones. By having a routine, your mind is going to be programmed to follow the steps on the list, and to achieve your goals 🏆 3. 𝐒𝐭𝐨𝐩 𝐨𝐯𝐞𝐫𝐭𝐡𝐢𝐧𝐤𝐢𝐧𝐠: don’t waist too much of your time thinking, and start doing. A lot of people only think about their goals, but only few of them take action. SO BE ONE OF THE FEW 😎 Anyways, remember, it’s a long and enjoyable journey, so take your time and don’t rush the process ✌🏽 𝐎𝐔 𝐂𝐇𝐎𝐔𝐅, 𝐌𝐀𝐀𝐀𝐀𝐓𝐙𝐀𝐏𝐄𝐒𝐇 ⚡️ #healthy #healthylifestyle #fitness #goodvibes #community #discipline",,26,"Howto & Style","Health,Lifestyle_(sociology)",PT55S,55,2d,hd,false,en,ar,https://i.ytimg.com/vi/7wwLBggHiLg/maxresdefault.jpg,1,,,,,20750,1424,,0,32
518,UCFqnvxz2f7J2cmTo_j0XMpA,"Mambah Fit",tBKP5YG1TM8,2023-06-13T09:00:34Z,"2023-06-13 09:00:34","𝐂𝐇𝐎𝐂𝐎𝐋𝐀𝐓𝐄 𝐏𝐑𝐎𝐓𝐄𝐈𝐍 𝐁𝐀𝐍𝐀𝐍𝐀 𝐁𝐑𝐎𝐖𝐍𝐈𝐄 🍪","If you love chocolate, you have to try this recipe! The taste and macros are insane 🤩 First of all, prepare all the ingredients, so you have everything ready before starting to cook 👨🏽‍🍳 𝐌𝐀𝐂𝐑𝐎𝐒 𝐏𝐄𝐑 𝐒𝐋𝐈𝐂𝐄 : 𝟗𝟏 𝐊𝐂𝐀𝐋 / 𝟏𝟑,𝟑𝐠 𝐂𝐀𝐑𝐁𝐒 / 𝟖,𝟕𝐠 𝐏𝐑𝐎𝐓 / 𝟎,𝟕𝐠 𝐅𝐀𝐓 𝐈𝐍𝐆𝐑𝐄𝐃𝐈𝐄𝐍𝐓𝐒 𝐅𝐎𝐑 𝟔 𝐏𝐎𝐑𝐓𝐈𝐎𝐍: - 100g banana 🍌 - 50g protein powder (I used the WHEY ARKENS from @fitnessboutiquemaroc ) - 10g cocoa powder 🍫 - 60g self raising flour - 130ml almond milk 🥛 - Baking powder - Optional: Chocolate chips 𝐄𝐍𝐉𝐎𝐘 𝐎𝐔 𝐌𝐀𝐓𝐙𝐀𝐏𝐄𝐒𝐇 ⚡️ #healthyrecipes #highprotein #easyrecipes #weightloss #healthylifestyle #chocolate #brownie #lowcalories",,26,"Howto & Style","Food,Lifestyle_(sociology)",PT46S,46,2d,hd,false,en,ar,https://i.ytimg.com/vi/tBKP5YG1TM8/maxresdefault.jpg,1,,,,,29563,2372,,0,26
519,UCFqnvxz2f7J2cmTo_j0XMpA,"Mambah Fit",is_z9sHdJAE,2023-06-12T17:00:33Z,"2023-06-12 17:00:33","𝐀 𝐂𝐀𝐒𝐔𝐀𝐋 𝐃𝐀𝐘 𝐈𝐍 𝐌𝐘 𝐋𝐈𝐅𝐄 “𝐌𝐎𝐑𝐍𝐈𝐍𝐆 𝐑𝐀𝐃𝐈𝐎” 📻","What a busy day!! I started the morning at 5AM to be able to do a quick workout and have my morning coffee before leaving the house - discipline first!! 🤪 Then I had to drive 🚙 to Rabat to participate in the U morning, a radio show hosted by @uradioma 📻. We had sooo much fun for 3 hours before i went back to Casablanca. Ended the day full of productive meetings with some new stuff coming soon 🚀 I can’t wait to be able to share everything with you ☺️ Anyways, again today I went out of my comfort zone, speaking on the radio and having fun with people I didn’t know before 🤩 I LIVE FOR THOSE MOMENTS ✌🏽 ⚡️𝐌𝐀𝐓𝐙𝐀𝐏𝐄𝐒𝐇⚡️ #vlog #healthylifestyle #lifestyle #routine #adayinlife #fitness #morocco #radio",,26,"Howto & Style",Lifestyle_(sociology),PT55S,55,2d,hd,false,en,en,https://i.ytimg.com/vi/is_z9sHdJAE/maxresdefault.jpg,1,,,,,895972,40905,,0,354
520,UCFqnvxz2f7J2cmTo_j0XMpA,"Mambah Fit",CC9yAbUUQoA,2023-06-12T09:00:06Z,"2023-06-12 09:00:06","𝐖𝐇𝐘 𝐀𝐋𝐋 𝐓𝐇𝐄𝐒𝐄 𝐌𝐄𝐌𝐄𝐒? 𝐆𝐎𝐎𝐃 𝐕𝐈𝐁𝐄𝐒 𝐎𝐍𝐋𝐘 🤪","For the past 2 months I’ve been seeing and receiving so many memes and videos about me that are hilarious 🤣 I just wanted to mark a point on that, and say, I LOVE THEM!! They make me laugh every single time 😅 PLEASE NEVER STOP!! I’m on social media to bring good vibes, tips and lifestyle examples to all of you, and seeing these posts validates the fact that my energy is touching positively most of you 😅 KEEP IT UP LA MAMBAHFAM 🚀 ⚡️𝐌𝐀𝐓𝐙𝐀𝐏𝐄𝐒𝐇⚡️ #healthy #healthylifestyle #fitness #goodvibes #community",,26,"Howto & Style","Health,Lifestyle_(sociology)",PT42S,42,2d,hd,false,en,ar,https://i.ytimg.com/vi/CC9yAbUUQoA/maxresdefault.jpg,1,,,,,12184,831,,0,14
521,UCFqnvxz2f7J2cmTo_j0XMpA,"Mambah Fit",7aWw7wJkITY,2023-06-11T17:00:04Z,"2023-06-11 17:00:04","𝐀 𝐂𝐀𝐒𝐔𝐀𝐋 𝐃𝐀𝐘 𝐈𝐍 𝐌𝐘 𝐋𝐈𝐅𝐄 “𝐋𝐄𝐓’𝐒 𝐆𝐎 𝐓𝐎 𝐓𝐀𝐍𝐆𝐈𝐄𝐑” 🚆","Ouuuuf what a busy Saturday 😅. I’ve been invited to Tangier to give a talk about entrepreneurship, and if you already know me, you know I love these things 🤩 So I woke up quite early, no time to sleep in 😅 I obviously had to workout and do my morning weekend routine with some protein pancakes 🥞 from @fitnessboutiquemaroc before taking the train 🚆 to Tangier - yes I took the train and it was my first time in Morocco 🇲🇦 !! The experience was amazing ✌🏼 I had the chance to meet sooo many of you during this event, take pictures and hopefully inspire you with my story 🙏🏼 I can’t wait for the next adventure to be able to meet even more members of the MambahFam 🔥 ⚡️𝐌𝐀𝐓𝐙𝐀𝐏𝐄𝐒𝐇⚡️ #vlog #healthylifestyle #lifestyle #routine#adayinlife #fitness #morocco",,26,"Howto & Style","Health,Lifestyle_(sociology),Physical_fitness",PT54S,54,2d,hd,false,en,ar,https://i.ytimg.com/vi/7aWw7wJkITY/maxresdefault.jpg,1,,,,,1259404,58540,,0,469
522,UCFqnvxz2f7J2cmTo_j0XMpA,"Mambah Fit",_U2vyhHIdcQ,2023-06-11T10:17:11Z,"2023-06-11 10:17:11","A DAY IN MY LIFE: اجي دوز نهار معايا 🏄🏽‍♂️","Welcome back to my channel La MambahFam ! 😇 What an unexpected day 🤩. I woke up not really knowing how my day will look like, and decided to take the camera 📽 and vlog it ✌🏽 First of all, I’m definitely going back to surfing 🏄🏽‍♂️ which was one of my passions, and now I’ll get back to it. On top of that, I’ll try to take you with me in the water from time to time 🌊 Aaaand what would be a usual Friday in Morocco 🇲🇦 without a couscous… mmm I think most of you won’t like it 😅. Even the I’m not used to eating couscous (the real one), it felt goood to share one with the family. Anyways, hope you’ll enjoy this vlog and I’ll see you on the next one 🫡 𝐌𝐀𝐓𝐙𝐀𝐏𝐄𝐒𝐇 ⚡️ 〰️ 𝐓𝐇𝐈𝐍𝐆𝐒 𝐈 𝐌𝐄𝐍𝐓𝐈𝐎𝐍𝐄𝐃 ↳ Mavericks Media Agency ➭ www.instagram.com/mavricksmediaagency ↳ Inshot ➭ https://inshot.com/ ↳ Final Cut Pro ➭ www.apple.com/final-cut-pro/ ↳ CapCut ➭ www.capcut.com 〰️ 𝐅𝐈𝐍𝐃 𝐌𝐄 𝐎𝐍 𝐒𝐎𝐂𝐈𝐀𝐋 𝐌𝐄𝐃𝐈𝐀 ↳ instagram ➭ https://www.instagram.com/mambahfit/ ↳ tiktok ➭ https://www.tiktok.com/@mambahfit ↳ website ➭ https://www.mambahfit.com/ 〰️ 𝐂𝐎𝐍𝐓𝐀𝐂𝐓 𝐌𝐄 ✉️ y.amor@mambahfit.com","morocco,surf,couscous,maghreb,healthy,lifestyle,healthylifestyle,a day in my life,vlog,morocco vlog,نهار معايا,المغرب,matzapesh,mamba,يوميات,رحلة,مغربي,سفر,مغرب الجمال",26,"Howto & Style",Lifestyle_(sociology),PT18M27S,1107,2d,hd,false,en,ar,https://i.ytimg.com/vi/_U2vyhHIdcQ/maxresdefault.jpg,1,,,,,397286,15380,,0,475
523,UCFqnvxz2f7J2cmTo_j0XMpA,"Mambah Fit",cQPnBsxLJAs,2023-06-11T10:00:33Z,"2023-06-11 10:00:33","𝐃𝐎𝐄𝐒 𝐌𝐎𝐓𝐈𝐕𝐀𝐓𝐈𝐎𝐍 𝐑𝐄𝐀𝐋𝐋𝐘 𝐄𝐗𝐈𝐒𝐓? 🧐","We all tend to talk about motivation - “𝐈 𝐝𝐨𝐧’𝐭 𝐡𝐚𝐯𝐞 𝐦𝐨𝐭𝐢𝐯𝐚𝐭𝐢𝐨𝐧 𝐟𝐨𝐫 𝐭𝐡𝐚𝐭”, “𝐌𝐨𝐭𝐢𝐯𝐚𝐭𝐢𝐨𝐧 𝐌𝐨𝐧𝐝𝐚𝐲”, etc, but what is motivation? Personally, I strongly believe it’s an invention made by lazy people to hide behind something when they have responsibilities 😅 When you have to work to achieve something, if you wait for the motivation, I can guarantee you, you’ll wait forever 😂. Instead, build your mindset, your discipline to do the first step and start moving towards your goal 🚀 Your discipline is what’s going to drive you towards success, and not the so called motivation 🤯 Soooo stop 🛑 waiting and start building your discipline with tiny habits. 𝐎𝐔 𝐂𝐇𝐎𝐔𝐅, 𝐌𝐀𝐀𝐀𝐀𝐓𝐙𝐀𝐏𝐄𝐒𝐇 ⚡️ #healthy #healthylifestyle #motivation #discipline",,26,"Howto & Style",Health,PT38S,38,2d,hd,false,en,en,https://i.ytimg.com/vi/cQPnBsxLJAs/maxresdefault.jpg,1,,,,,10504,793,,0,7
524,UCFqnvxz2f7J2cmTo_j0XMpA,"Mambah Fit",C1c8KDfqnWM,2023-06-10T17:00:05Z,"2023-06-10 17:00:05","𝐂𝐑𝐄𝐀𝐌𝐘 𝐂𝐇𝐈𝐂𝐊𝐄𝐍 𝐀𝐍𝐃 𝐌𝐔𝐒𝐇𝐑𝐎𝐎𝐌 𝐏𝐀𝐒𝐓𝐀 🍄","One of the easiest and tastes recipes you could ever try 🤪 On top of that, it’s high in protein 🚀 First of all, prepare all the ingredients, so you have everything ready before starting to cook 👨🏽‍🍳 𝐌𝐀𝐂𝐑𝐎𝐒 : 𝟔𝟐𝟎 𝐊𝐂𝐀𝐋 / 𝟓𝟖,𝟔𝐠 𝐂𝐀𝐑𝐁𝐒 / 𝟓𝟑,𝟑𝐠 𝐏𝐑𝐎𝐓 / 𝟏𝟗,𝟏𝐠 𝐅𝐀𝐓 𝐈𝐍𝐆𝐑𝐄𝐃𝐈𝐄𝐍𝐓𝐒 𝐅𝐎𝐑 𝟏 𝐏𝐎𝐑𝐓𝐈𝐎𝐍: - 150g chicken - 3 mushrooms - Salt & pepper - Garlic or garlic powder - 70g whole grain pasta - 100g light cream - 20g light cream cheese - 20g of emmental cheese 𝐄𝐍𝐉𝐎𝐘 𝐎𝐔 𝐌𝐀𝐓𝐙𝐀𝐏𝐄𝐒𝐇 ⚡️ #healthyrecipes #highprotein #easyrecipes #weightloss #healthylifestyle",,26,"Howto & Style","Food,Lifestyle_(sociology)",PT44S,44,2d,hd,false,en,ar,https://i.ytimg.com/vi/C1c8KDfqnWM/maxresdefault.jpg,1,,,,,16360,872,,0,21
525,UCFqnvxz2f7J2cmTo_j0XMpA,"Mambah Fit",TN6Gyo5P8Ck,2023-06-10T09:00:31Z,"2023-06-10 09:00:31","𝐈’𝐕𝐄 𝐁𝐄𝐄𝐍 𝐖𝐎𝐑𝐊𝐈𝐍𝐆 𝐎𝐍 𝐒𝐎𝐌𝐄𝐓𝐇𝐈𝐍𝐆 “𝐌𝐀𝐓𝐙𝐀𝐏𝐄𝐒𝐇 𝐇𝐎𝐎𝐃𝐈𝐄𝐒” 🤩","I always wanted to make my own branded hoodies to see people walking around in the streets wearing the Mambah Merch!! AND I FINALLY DID IT!!! I’ve been working hard to come up with a high quality product. And let me tell you, I enjoyed 100% of this journey. I met an amazing guy, Abdelmounaim, who helped me on every step of the way, and I’m forever grateful 🙏🏼 My goal with this hoodie is to bring people together and create a sense of community 🫂 Whether you’re out for a walk, cheering for your favorite team or just hanging out at home, I want this hoodie to be a reminder that we’re all in this together. 𝐋𝐈𝐌𝐈𝐓𝐄𝐃 𝐒𝐓𝐎𝐂𝐊! 𝐆𝐎 𝐆𝐄𝐓 𝐘𝐎𝐔𝐑𝐒 🚀 🌐𝐋𝐈𝐍𝐊 𝐈𝐍 𝐁𝐈𝐎 ⚡️𝐌𝐀𝐓𝐙𝐀𝐏𝐄𝐒𝐇⚡️",,26,"Howto & Style","Fashion,Lifestyle_(sociology)",PT54S,54,2d,hd,false,en,ar,https://i.ytimg.com/vi/TN6Gyo5P8Ck/maxresdefault.jpg,1,,,,,208408,11720,,0,74
526,UCFqnvxz2f7J2cmTo_j0XMpA,"Mambah Fit",8L-o5kXgUTA,2023-06-09T17:00:05Z,"2023-06-09 17:00:05","𝐀 𝐂𝐀𝐒𝐔𝐀𝐋 𝐃𝐀𝐘 𝐈𝐍 𝐌𝐘 𝐋𝐈𝐅𝐄 “𝐁𝐔𝐒𝐘 𝐓𝐇𝐔𝐑𝐒𝐃𝐀𝐘” 🤪","Oooooh yeah! It was a crazy, busy and productive day for me 🔥 January has been filled with work! and amazing projects I think I never had that much to do in one month 😅 but at the end it was productive and super nice ✌🏼 I’m preparing so many things to be able to bring the Mambah Fam even closer together, and I’m in love with the process 🤪 New stuff is going to be announced 📣 this weekend, sooooo…. ⚡️𝐌𝐀𝐓𝐙𝐀𝐏𝐄𝐒𝐇⚡ #vlog #healthylifestyle #lifestyle #routine#adayinlife #fitness #morocco",,26,"Howto & Style",Lifestyle_(sociology),PT54S,54,2d,hd,false,en,ar,https://i.ytimg.com/vi/8L-o5kXgUTA/maxresdefault.jpg,1,,,,,205551,12955,,0,90
527,UCFqnvxz2f7J2cmTo_j0XMpA,"Mambah Fit",MwEUHfznq5I,2023-06-09T09:00:22Z,"2023-06-09 09:00:22","𝐇𝐈𝐆𝐇 𝐏𝐑𝐎𝐓𝐄𝐈𝐍 𝐂𝐇𝐈𝐂𝐊𝐄𝐍 𝐆𝐘𝐑𝐎𝐒 🌯","When I discovered this recipe, I was liiiike - wooooow I’m in love 🤩 First of all, prepare all the ingredients, so you have everything ready before starting to cook 👨🏽‍🍳 𝐌𝐀𝐂𝐑𝐎𝐒 : 𝟔𝟓𝟓 𝐊𝐂𝐀𝐋 / 𝟔𝟎,𝟒𝐠 𝐂𝐀𝐑𝐁𝐒 / 𝟓𝟐,𝟓𝐠 𝐏𝐑𝐎𝐓 / 𝟐𝟏,𝟖𝐠 𝐅𝐀𝐓 𝐈𝐍𝐆𝐑𝐄𝐃𝐈𝐄𝐍𝐓𝐒 𝐅𝐎𝐑 𝟏 𝐏𝐎𝐑𝐓𝐈𝐎𝐍: 🥒 Tzatziki Sauce: - 50g Low Fat Greek Yoghurt - Minced Garlic - Salt - Freshly Grated Cucumber - Squeeze Of Lemon 🍗 Chicken, marinade & toppings: - 150g chicken breast - 75g greek yoghurt - Squeeze of lemon - Salt, Cumin, Smoked Paprika, pepper, garlic powder, parley - 1/2 Sliced Tomato - Cucumber - 1/2 Red Onion 🍞Garlic Flatbread: - 60g Flour mixed with 1 Tsp of baking powder & salt - 75g Greek Yoghurt - Garlic powder 𝐄𝐍𝐉𝐎𝐘 𝐎𝐔 𝐌𝐀𝐓𝐙𝐀𝐏𝐄𝐒𝐇 ⚡️ #healthyrecipes #highprotein #easyrecipes #weightloss #healthylifestyle",,26,"Howto & Style","Food,Lifestyle_(sociology)",PT56S,56,2d,hd,false,en,en,https://i.ytimg.com/vi/MwEUHfznq5I/maxresdefault.jpg,1,,,,,154696,8078,,0,99
528,UCFqnvxz2f7J2cmTo_j0XMpA,"Mambah Fit",eKxwlGUarJY,2023-06-08T17:00:22Z,"2023-06-08 17:00:22","𝐀 𝐂𝐀𝐒𝐔𝐀𝐋 𝐃𝐀𝐘 𝐈𝐍 𝐌𝐘 𝐋𝐈𝐅𝐄 “𝐒𝐔𝐍𝐃𝐀𝐘 𝐒𝐏𝐈𝐑𝐈𝐓” 🫕","I’ve been reading so many comments about my posts saying - 𝐓𝐡𝐢𝐬 𝐠𝐮𝐲 𝐥𝐢𝐯𝐞𝐬 𝐢𝐧 𝐌𝐨𝐫𝐨𝐜𝐜𝐨 𝐧𝐨𝐭 𝐌𝐚𝐠𝐡𝐫𝐞𝐛 🤣- and I just loved the concept, soooo here is a video about a guy, “ME” on a Sunday living in Morocco, enjoying my life and spending time with the family 🤩 Let’s call this new concept “𝐀 𝐝𝐚𝐲 𝐢𝐧 𝐭𝐡𝐞 𝐥𝐢𝐟𝐞 𝐨𝐟 𝐚 𝐤𝐢𝐥𝐢𝐦𝐢𝐧𝐢” I think I might start a new mini series, and call it “𝐀 𝐝𝐚𝐲 𝐢𝐧 𝐭𝐡𝐞 𝐥𝐢𝐟𝐞 𝐨𝐟 ….” and discover different types of living. What do you think, should we do this? 😏 ⚡️𝐌𝐀𝐓𝐙𝐀𝐏𝐄𝐒𝐇⚡️ #vlog #healthylifestyle #lifestyle #routine#adayinlife#fitness#morocco",,26,"Howto & Style",Lifestyle_(sociology),PT55S,55,2d,hd,false,en,ar,https://i.ytimg.com/vi/eKxwlGUarJY/maxresdefault.jpg,1,,,,,299079,16589,,0,256
529,UCFqnvxz2f7J2cmTo_j0XMpA,"Mambah Fit",ZN9y3A4ws2U,2023-06-08T09:00:31Z,"2023-06-08 09:00:31","𝐀 𝐂𝐀𝐒𝐔𝐀𝐋 𝐃𝐀𝐘 𝐈𝐍 𝐌𝐘 𝐋𝐈𝐅𝐄 “𝐅𝐑𝐈𝐃𝐀𝐘 𝐕𝐈𝐁𝐄” 🕺🏽","Aaaaaah everyone loves Fridays! The last working day of the week - for most people at least 😅 Not mine tho, but I still love the Friday Vibe ✌🏽 Today I had the chance to welcome @2mtv at my office for an interview about “Who’s Yassine Amor” and I’m excited to see the final result!! 𝐈’𝐋𝐋 𝐒𝐇𝐀𝐑𝐄 𝐈𝐓 𝐖𝐈𝐓𝐇 𝐀𝐋𝐋 𝐎𝐅 𝐘𝐎𝐔 𝐋𝐀 𝐌𝐀𝐌𝐁𝐀𝐇𝐅𝐀𝐌 🤩 Those who know me know how much I love good quality protein 🤓 so I had to make this Friday even more enjoyable and went to @fitnessboutiquemaroc to restock 💪🏽 𝐁𝐄𝐒𝐓 𝐐𝐔𝐀𝐋𝐈𝐓𝐘 𝐄𝐕𝐄𝐑, 𝐈 𝐏𝐑𝐎𝐌𝐈𝐒𝐄 🙏🏼 Anyways, I hope your Friday was as enjoyable as mine, and don’t hesitate to tag me on your mini vlogs so I can also see your amazing days 🚀 ⚡️𝐌𝐀𝐓𝐙𝐀𝐏𝐄𝐒𝐇⚡️ #vlog #healthylifestyle #lifestyle #routine#adayinlife#fitness #morocco",,26,"Howto & Style","Health,Lifestyle_(sociology),Physical_fitness",PT49S,49,2d,hd,false,en,ar,https://i.ytimg.com/vi/ZN9y3A4ws2U/maxresdefault.jpg,1,,,,,721334,38065,,0,320
530,UCFqnvxz2f7J2cmTo_j0XMpA,"Mambah Fit",u21B1CKnylc,2023-06-07T17:00:30Z,"2023-06-07 17:00:30","𝐓𝐇𝐄 𝐏𝐑𝐎𝐂𝐄𝐒𝐒 𝐁𝐄𝐇𝐈𝐍𝐃 “𝐓𝐇𝐄 𝐌𝐀𝐌𝐁𝐀𝐇 𝐅𝐈𝐓 𝐀𝐏𝐏” 📲","My story actually began when I was 12 years old. A normal kid eating junk food all day long, not taking care of my health 😅, because you know, I was a kid… On my birthday, I was having some cake (a lot actually) and my dad looked at me, and told me - Yassine, STOP, it’s way too much - and since then, my mindset shifted completely 🧠 I’ve decided to change my habits, and to live a healthier life 🍏. A few years later, I started going to the gym, going every single day and training like crazy, even though I didn’t really know what I was doing, hence I didn’t get the results I wanted 😩 2 years ago, and after failing many times, I finally found what works for me, and what worked for many others. So I’ve decided to share it with the world 🌍 in my own way. I’ve worked hard to be able to finally say 𝐓𝐇𝐄 « 𝐌𝐀𝐌𝐁𝐀𝐇 𝐅𝐈𝐓 » 𝐈𝐒 𝐀𝐕𝐀𝐈𝐋𝐀𝐁𝐋𝐄 𝐍𝐎𝐖 𝐅𝐎𝐑 𝐢𝐎𝐒 𝐀𝐍𝐃 𝐀𝐍𝐃𝐑𝐎𝐈𝐃 📲 𝐆𝐎 𝐂𝐊𝐄𝐂𝐊 𝐈𝐓 𝐎𝐔𝐓 🤩 #healthy #lifestyle #healthylifestyle #fitness #fitnessapp #fitnessmotivation",,26,"Howto & Style","Health,Lifestyle_(sociology),Physical_fitness",PT1M,60,2d,hd,false,en,ar,https://i.ytimg.com/vi/u21B1CKnylc/maxresdefault.jpg,1,,,,,113168,8009,,0,65
531,UCFqnvxz2f7J2cmTo_j0XMpA,"Mambah Fit",nB0m8qSd4Iw,2023-06-07T09:00:27Z,"2023-06-07 09:00:27","𝐓𝐑𝐀𝐕𝐄𝐋 𝐖𝐈𝐓𝐇 𝐌𝐀𝐌𝐁𝐀𝐇 “𝐀 𝐃𝐀𝐘 𝐈𝐍 𝐎𝐔𝐀𝐋𝐈𝐃𝐈𝐀” 🦀","This weekend we decided to spend some days in Oualidia 👥 And I am so glad that we took that decision 🤩. We had amazing fish 🐟 during the entire weekend, spend time at the beach 🏖️ with amazing weather, music 🎵 and obviously, creating content 📸 Sometimes, leaving Casablanca and going somewhere close by, is all it takes to recharge your batteries 🔋 Now I’m ready to start the week and work on some new things 😇 What did your weekend look like? ⚡️𝐌𝐀𝐓𝐙𝐀𝐏𝐄𝐒𝐇⚡️ #healthy #lifestyle #healthylifestyle #fitness #fitnessmotivation #vlog",,26,"Howto & Style","Lifestyle_(sociology),Physical_fitness,Tourism",PT45S,45,2d,hd,false,en,ar,https://i.ytimg.com/vi/nB0m8qSd4Iw/maxresdefault.jpg,1,,,,,260860,12277,,0,100
532,UCFqnvxz2f7J2cmTo_j0XMpA,"Mambah Fit",IO0BtNSD_88,2023-06-06T16:37:39Z,"2023-06-06 16:37:39","𝐖𝐇𝐀𝐓 𝐈 𝐄𝐀𝐓 𝐈𝐍 𝐀 𝐃𝐀𝐘 𝐖𝐇𝐄𝐍 𝐈 𝐖𝐀𝐍𝐓 𝐓𝐎 𝐆𝐄𝐓 𝐋𝐄𝐀𝐍 🏋🏽","I know it can be overwhelming trying to figure out the best diet for you, but the truth is, we’re all different and what works for one person might not work for another 😅 But, one thing we do know is that if you want to lose weight, you’ll need to be in a calorie deficit and if you want to gain weight, you’ll need to be in a calorie surplus 🤫 For me, I aim for about 2000 calories a day and try to include a lot of protein, around 160-200g, because it makes me happy 🤣 Today’s recipe, Chicken Gyros, was so yummy and it only had 600 calories with a whopping 70g of protein! 🤯 The key to a healthy lifestyle is making healthy choices that you can stick to. If you try to restrict yourself too much, it’s going to be hard to stick to it. Instead, try to find healthy alternatives to the foods you love, it’s not as hard as you might think 🚀 ⚡️𝐌𝐀𝐓𝐙𝐀𝐏𝐄𝐒𝐇⚡️ #healthy #lifestyle #healthylifestyle #whatieatinaday #fitness #fitnessmotivation",,26,"Howto & Style","Food,Health,Lifestyle_(sociology),Physical_fitness",PT47S,47,2d,hd,false,en,ar,https://i.ytimg.com/vi/IO0BtNSD_88/maxresdefault.jpg,1,,,,,1054705,48310,,0,472
533,UCFqnvxz2f7J2cmTo_j0XMpA,"Mambah Fit",yhohyRntWvw,2023-06-05T09:00:38Z,"2023-06-05 09:00:38","𝐓𝐑𝐀𝐕𝐄𝐋 𝐖𝐈𝐓𝐇 𝐌𝐀𝐌𝐁𝐀𝐇 “𝐀 𝐃𝐀𝐘 𝐀𝐓 𝐓𝐇𝐄 𝐁𝐄𝐀𝐂𝐇” 🏖","Finally, we’ve reached our last stop on this trip - Diani Beach - where we’ll be spending our last three days in Kenya before heading back home 🤩. 𝐈 𝐖𝐀𝐒 𝐃𝐑𝐄𝐀𝐌𝐈𝐍𝐆 𝐀𝐁𝐎𝐔𝐓 𝐓𝐇𝐈𝐒 𝐌𝐎𝐌𝐄𝐍𝐓, 𝐂𝐇𝐈𝐋𝐋 𝐀𝐍𝐃 𝐑𝐄𝐋𝐀𝐗 😅 It’s been an incredible journey exploring Kenya 🇰🇪, learning about their culture, customs, food, and most importantly, experiencing their amazing hospitality 🙏🏼 But now it’s time to get back to my 2023 goals, my healthy routine, and work hard to achieve everything I’ve set out to do 🎯. Can’t wait to share more of my lifestyle and help you achieve your goals 🚀 ⚡️ 𝐌𝐀𝐓𝐙𝐀𝐏𝐄𝐖𝐒𝐇 ⚡️",,26,"Howto & Style","Lifestyle_(sociology),Tourism",PT38S,38,2d,hd,false,en,en,https://i.ytimg.com/vi/yhohyRntWvw/maxresdefault.jpg,1,,,,,72997,4020,,0,76
534,UCFqnvxz2f7J2cmTo_j0XMpA,"Mambah Fit",GNApnsNQpBw,2023-06-04T16:00:12Z,"2023-06-04 16:00:12","𝐓𝐑𝐀𝐕𝐄𝐋 𝐖𝐈𝐓𝐇 𝐌𝐀𝐌𝐁𝐀𝐇 “𝐑𝐎𝐀𝐃-𝐓𝐑𝐈𝐏 𝐓𝐎 𝐀 𝐌𝐀𝐆𝐈𝐂𝐀𝐋 𝐏𝐋𝐀𝐂𝐄” 🌴","We spent an amazing time visiting Nairobi, meeting the Masai and learning about their culture, and doing a 2 days Safari experience to see and learn about the wildlife in their environnement 🦌 Now it’s time for our last stop of this trip - Diani Beach. The way there was loooong and exhausting but totally worth it! Let’s finish this trip with some relaxing time 😎 before going back home. ⚡️ 𝐌𝐀𝐓𝐙𝐀𝐏𝐄𝐖𝐒𝐇 ⚡️",,26,"Howto & Style","Lifestyle_(sociology),Tourism",PT40S,40,2d,hd,false,en,ar,https://i.ytimg.com/vi/GNApnsNQpBw/maxresdefault.jpg,1,,,,,24430,1096,,0,12
535,UCFqnvxz2f7J2cmTo_j0XMpA,"Mambah Fit",cw0EsFHuZdw,2023-06-04T09:00:18Z,"2023-06-04 09:00:18","𝐓𝐑𝐀𝐕𝐄𝐋 𝐖𝐈𝐓𝐇 𝐌𝐀𝐌𝐁𝐀𝐇 “𝐂𝐎𝐌𝐄 𝐖𝐈𝐓𝐇 𝐌𝐄 𝐎𝐍 𝐀 𝐒𝐀𝐅𝐀𝐑𝐈” 🦓","What a day 🤩! This was my second safari and by far the best one! I don’t know about you, but the feeling I have when observing the wildlife in their proper environnement is just amazing 😎 It’s fascinating how wildlife is made, how animals are fighting to survive, how they live together, eat, sleep and even communicate one another (btw, no I don’t speak to animals 😂) We spent 2 amazing days doing a safari 🦒in Kenya and it was a great experience, something I will never forget. 📺 𝐅𝐔𝐋𝐋 𝐘𝐎𝐔𝐓𝐔𝐁𝐄 𝐕𝐋𝐎𝐆 ⚡️ 𝐌𝐀𝐓𝐙𝐀𝐏𝐄𝐖𝐒𝐇 ⚡️",,26,"Howto & Style","Lifestyle_(sociology),Tourism",PT46S,46,2d,hd,false,en,en,https://i.ytimg.com/vi/cw0EsFHuZdw/maxresdefault.jpg,1,,,,,41779,2355,,0,
536,UCFqnvxz2f7J2cmTo_j0XMpA,"Mambah Fit",HDHUzK7ZCWU,2023-06-03T16:00:14Z,"2023-06-03 16:00:14","𝐓𝐑𝐀𝐕𝐄𝐋 𝐖𝐈𝐓𝐇 𝐌𝐀𝐌𝐁𝐀𝐇 “𝐌𝐄𝐄𝐓𝐈𝐍𝐆 𝐓𝐇𝐄 𝐌𝐀𝐒𝐀𝐈” 🤳🏽","Today, a loooong road-trip was waiting for us 🚗 - we started our safari journey!🦒 And what a journey it has been, let me tell you 😅 It started with us having way too much luggage - traveling with 11 people, who all have at least one big suitcase and a carry-on is not easy if you only have 2 cars where you need to fit it all in 🧳😂 But once everything was packed, we got on the road and tried to have as much fun as possible so that time passes fast (it was a 6h trip). The highlight of the trip was stopping at a Masai village - I’m so glad we did it, because it was an unforgettable experience 🤩 They encouraged us to take a lot of pictures and videos with them because they want to spread the word about their culture, so here I am, trying to show and remind as many people as possible how happy you can be with the most simple things in life. Sharing this experience with my loved ones was priceless and I would recommend it for anyone if you ever have the chance🙏🏼 📺 𝐅𝐔𝐋𝐋 𝐘𝐎𝐔𝐓𝐔𝐁𝐄 𝐕𝐋𝐎𝐆 ⚡️ 𝐌𝐀𝐓𝐙𝐀𝐏𝐄𝐖𝐒𝐇 ⚡️",,26,"Howto & Style","Lifestyle_(sociology),Tourism",PT42S,42,2d,hd,false,en,ar,https://i.ytimg.com/vi/HDHUzK7ZCWU/maxresdefault.jpg,1,,,,,35764,1335,,0,36
537,UCFqnvxz2f7J2cmTo_j0XMpA,"Mambah Fit",U4ObFhMBH90,2023-06-03T09:00:31Z,"2023-06-03 09:00:31","𝐖𝐇𝐀𝐓 𝐀𝐍 𝐀𝐌𝐀𝐙𝐈𝐍𝐆 𝐄𝐗𝐏𝐄𝐑𝐈𝐄𝐍𝐂𝐄 🤩","I already wanted to give you a sneak pic of this special moment before I share the entire experience in my mini vlog next week and full vlog on YouTube ⚡️ The connection is too bad for the mini vlogs to get uploaded properly, so make sure to follow so you don’t miss them next week 😉 ⚡️ 𝐌𝐀𝐓𝐙𝐀𝐏𝐄𝐖𝐒𝐇 ⚡️",,26,"Howto & Style",Lifestyle_(sociology),PT8S,8,2d,hd,false,en,en,https://i.ytimg.com/vi/U4ObFhMBH90/maxresdefault.jpg,1,,,,,19777,797,,0,14
538,UCFqnvxz2f7J2cmTo_j0XMpA,"Mambah Fit",bN5dmqM8TsY,2023-06-02T16:45:01Z,"2023-06-02 16:45:01","𝐓𝐑𝐀𝐕𝐄𝐋 𝐖𝐈𝐓𝐇 𝐌𝐀𝐌𝐁𝐀𝐇 “𝐍𝐀𝐈𝐑𝐎𝐁𝐈 𝐃𝐀𝐘 𝟐” 🐊","What a daaay! We woke up in Nairobi after a good night of rest 🛌, and kickstarted the day with a good protein breakfast 🍳 First visit was about the house of Karen Blixen which now became a museum. I’m sure you heard of the movie “𝐎𝐔𝐓 𝐎𝐅 𝐀𝐅𝐑𝐈𝐂𝐀” 🌍, well the movie is about her 😅 After lunch we went to Nairobi National Museum where we learned about Kenya’s history, and finished with the snake 🐍 zoo where I took pictures with a snake around my neck and “played” with a crocodile 🐊 (I was actually a bit scared of the crocodile experience 😅) Once we got back to the hotel, we had some spare time before dinner so I decided to do a quick workout 🏋🏽 so I can feel good and stay healthy 😉 📺 𝐅𝐔𝐋𝐋 𝐘𝐎𝐔𝐓𝐔𝐁𝐄 𝐕𝐋𝐎𝐆 ⚡️ 𝐌𝐀𝐓𝐙𝐀𝐏𝐄𝐖𝐒𝐇 ⚡️",,26,"Howto & Style","Lifestyle_(sociology),Physical_fitness,Tourism",PT48S,48,2d,hd,false,en,ar,https://i.ytimg.com/vi/bN5dmqM8TsY/maxresdefault.jpg,1,,,,,52344,5018,,0,51
539,UCFqnvxz2f7J2cmTo_j0XMpA,"Mambah Fit",Oa2u7Myx9Aw,2023-06-02T09:00:15Z,"2023-06-02 09:00:15","𝐓𝐑𝐀𝐕𝐄𝐋 𝐖𝐈𝐓𝐇 𝐌𝐀𝐌𝐁𝐀𝐇 “𝐍𝐀𝐈𝐑𝐎𝐁𝐈 𝐃𝐀𝐘 𝟏” 🦒","Today was pretty hard! We arrived in the morning and only had a few hours to rest in the hotel before starting our tour 😅 After my quick nap, we had lunch and directly went to see the giraffes 🦒 in the giraffe center, fed them and took some nice pictures 📸 We finished the day in a nice meat restaurant, called Carnivor where I tried crocodile 🐊 meat 🥩 for the first time ever (might sound weird but it was amaaaazing) 😍 📺 𝐅𝐔𝐋𝐋 𝐘𝐎𝐔𝐓𝐔𝐁𝐄 𝐕𝐋𝐎𝐆 𝐂𝐎𝐌𝐈𝐍𝐆 𝐒𝐎𝐎𝐍 ⚡️ 𝐌𝐀𝐓𝐙𝐀𝐏𝐄𝐖𝐒𝐇 ⚡️",,26,"Howto & Style","Lifestyle_(sociology),Tourism",PT41S,41,2d,hd,false,en,ar,https://i.ytimg.com/vi/Oa2u7Myx9Aw/maxresdefault.jpg,1,,,,,29544,1636,,0,22
540,UCFqnvxz2f7J2cmTo_j0XMpA,"Mambah Fit",XLidAc6pRBg,2023-06-01T16:30:10Z,"2023-06-01 16:30:10","𝐓𝐑𝐀𝐕𝐄𝐋 𝐖𝐈𝐓𝐇 𝐌𝐀𝐌𝐁𝐀𝐇 “𝐋𝐄𝐓’𝐒 𝐆𝐎 𝐓𝐎 𝐊𝐄𝐍𝐘𝐀” 🇰🇪","Today I’m taking you with me to an amazing adventure! We’re all going to Kenya together and I’ll make sure you live the experience as mush as I do 🦁 We’re going to visit Nairobi, do a safari, and much more 🤩 Despite the long journey to Nairobi, I’m excited for this trip, and to share this experience with all of you 🚀 ⚡️ 𝐌𝐀𝐓𝐙𝐀𝐏𝐄𝐖𝐒𝐇 ⚡️",,26,"Howto & Style","Lifestyle_(sociology),Tourism",PT43S,43,2d,hd,false,en,ar,https://i.ytimg.com/vi/XLidAc6pRBg/maxresdefault.jpg,1,,,,,38575,1905,,0,61
541,UCFqnvxz2f7J2cmTo_j0XMpA,"Mambah Fit",pz0bX9uuKIY,2023-06-01T09:00:33Z,"2023-06-01 09:00:33","𝐓𝐑𝐀𝐕𝐄𝐋 𝐖𝐈𝐓𝐇 𝐌𝐀𝐌𝐁𝐀𝐇 “𝐋𝐄𝐓’𝐒 𝐒𝐔𝐏𝐏𝐎𝐑𝐓 𝐌𝐎𝐑𝐎𝐂𝐂𝐎 𝐈𝐍 𝐐𝐀𝐓𝐀𝐑” 🇶🇦","My mom surprised me with tickets to the semi-final game of the world cup two days ago and I think I never went on a trip so last minute! But Qatar was calling, history was in the making, and I had to cease the opportunity and hop on the first plane to Doha 🏆 Morocco 🇲🇦 was playing the semi-finals and they made history! Even though they didn’t win, they played extremely well and I’m so grateful that I got to experience this special moment🤩 Despite the result, Morocco surprised the world, they won much more than the World Cup, they won our hearts ❤️ It was an amazing experience, first time watching a football game in a stadium, and on top of that it was for the World Cup 🔥. It was short and quick, but worth it 🙏🏼 ⚡️ 𝐌𝐀𝐓𝐙𝐀𝐏𝐄𝐖𝐒𝐇 ⚡️",,26,"Howto & Style","Lifestyle_(sociology),Tourism",PT44S,44,2d,hd,false,en,ar,https://i.ytimg.com/vi/pz0bX9uuKIY/maxresdefault.jpg,1,,,,,4994115,167908,,0,719
542,UCFqnvxz2f7J2cmTo_j0XMpA,"Mambah Fit",EX8nqda2RmU,2023-05-31T16:00:15Z,"2023-05-31 16:00:15","𝐍𝐎𝐓 𝐀 𝐔𝐒𝐔𝐀𝐋 𝐒𝐔𝐍𝐃𝐀𝐘 “𝐌𝐘 𝐅𝐈𝐑𝐒𝐓 𝐄𝐕𝐄𝐑 𝐓𝐄𝐃𝐱” 🚀","If you asked me 3 years ago, Mambah, would you be able to do a TEDx, I would have definitely replied: YOU’RE CRAZY 🤯 But look at me now! Yesterday, I had the chance to attend and talk on my first ever TEDx in ENCGK. It was an amazing experience, I met so many of you and had an amazing time 🤩 The fact that I’m actually making my dream come true is priceless, and on top of that, I got to share it with all of you 😇 Thank you La MambahFam, without you, this wouldn’t be possible, without you, I wouldn’t be here today, and I’m grateful for this opportunity 🙏🏼 𝐈𝐓’𝐒 𝐎𝐍𝐋𝐘 𝐓𝐇𝐄 𝐁𝐄𝐆𝐈𝐍𝐍𝐈𝐍𝐆 ⚡️",,26,"Howto & Style",Lifestyle_(sociology),PT44S,44,2d,hd,false,en,ar,https://i.ytimg.com/vi/EX8nqda2RmU/maxresdefault.jpg,1,,,,,120383,10428,,0,73
543,UCFqnvxz2f7J2cmTo_j0XMpA,"Mambah Fit",doLF3H13UWc,2023-05-31T09:00:25Z,"2023-05-31 09:00:25","𝐀 𝐂𝐀𝐒𝐔𝐀𝐋 𝐃𝐀𝐘 𝐈𝐍 𝐌𝐘 𝐋𝐈𝐅𝐄 “𝐓𝐀𝐋𝐊𝐈𝐍𝐆 𝐎𝐍 𝐒𝐓𝐀𝐆𝐄” 🎙️","Here it iiiis! My second talk on stage 🤩 I couldn’t be more proud of myself, and this is all thanks to you guys! That’s the representation of 𝐇𝐀𝐑𝐃 𝐖𝐎𝐑𝐊, 𝐃𝐈𝐒𝐂𝐈𝐏𝐋𝐈𝐍𝐄 & 𝐂𝐎𝐍𝐒𝐈𝐒𝐓𝐄𝐍𝐂𝐘 🤘🏽 I had the chance to talk about my experience at the Smart Entreprise Morocco as a young entrepreneur in Morocco 🇲🇦 The road is not easy, you’ll have to make hard choices and compromises, but the journey is amazing, as long as you’re passioned about what you’re doing, and I AM 🤩 I LOVE PROVIDING QUALITY CONTENT TO ALL OF YOU 🚀 ⚡️Pre-workout from @fitnessboutiquemaroc (CODE: MAMBAH10 for 10% OFF 🤩)",,26,"Howto & Style","Lifestyle_(sociology),Physical_fitness",PT43S,43,2d,hd,false,en,ar,https://i.ytimg.com/vi/doLF3H13UWc/maxresdefault.jpg,1,,,,,18542,876,,0,16
544,UCFqnvxz2f7J2cmTo_j0XMpA,"Mambah Fit",T2m94cWnrFc,2023-05-30T16:00:20Z,"2023-05-30 16:00:20","𝐖𝐇𝐀𝐓 𝐈 𝐄𝐀𝐓 𝐈𝐍 𝐀 𝐃𝐀𝐘 “𝐋𝐀𝐙𝐘 𝐒𝐔𝐍𝐃𝐀𝐘” 🤪","I usually take Sundays as rest days “from training” so I try to maintain a healthy and low calorie diet during the day. I try to consume less than 1900 kcal and to stay on a calorie deficit even when the only thing I do is stay at home 🏡 The past Sunday I didn’t do much and I woke up pretty late ⏰ so I’ve decided to have a healthy brunch filled with protein 🍳, followed by a protein yogurt muesli, and a chicken wok 🍗 for an early dinner. As a treat at the end of the day, I had a piece of my protein banana bread (recipe on my profile) 𝐑𝐄𝐌𝐈𝐍𝐃𝐄𝐑: MY HEALTHY RECIPE E-BOOK IS STILL ON SALE, 50% OFF!! GO CHECK IT OUT, YOU’RE GOING TO LOVE IT 🤩 (LINK IN BIO)",,26,"Howto & Style","Food,Lifestyle_(sociology)",PT49S,49,2d,hd,false,en,ar,https://i.ytimg.com/vi/T2m94cWnrFc/maxresdefault.jpg,1,,,,,247559,13620,,0,182
545,UCFqnvxz2f7J2cmTo_j0XMpA,"Mambah Fit",wmmK8sAcwpQ,2023-05-30T09:00:37Z,"2023-05-30 09:00:37","𝐀 𝐃𝐀𝐘 𝐈𝐍 𝐌𝐘 𝐋𝐈𝐅𝐄 “𝐌𝐘 𝐅𝐈𝐑𝐒𝐓 𝐏𝐔𝐁𝐋𝐈𝐂 𝐓𝐀𝐋𝐊” 🎤","Today I achieved something I thought I could never do! I talked live at the Mondiapolis University about entrepreneurship 🤩 Let me remind you about something, before starting Mambah Fit, I hated being on social media and giving speeches. I was the type of guy that liked being under the radar and staying in my comfort zone. WELL, THAT CHANGED ⚡️ Today, one of my dreams is to be able to travel ✈ the world while giving speeches and motivating as many people as I can. 𝐓𝐎𝐃𝐀𝐘 𝐖𝐀𝐒 𝐌𝐘 𝐅𝐈𝐑𝐒𝐓 𝐒𝐓𝐄𝐏. 𝐍𝐎𝐖 𝐋𝐄𝐓’𝐒 𝐖𝐎𝐑𝐊 𝐎𝐍 𝐀𝐂𝐇𝐈𝐄𝐕𝐈𝐍𝐆 𝐌𝐘 𝐃𝐑𝐄𝐀𝐌 🚀 ⚡️ 𝐌𝐀𝐓𝐙𝐀𝐏𝐄𝐖𝐒𝐇 ⚡️",,26,"Howto & Style",Lifestyle_(sociology),PT1M,60,2d,hd,false,en,ar,https://i.ytimg.com/vi/wmmK8sAcwpQ/maxresdefault.jpg,1,,,,,498521,23341,,0,253
546,UCFqnvxz2f7J2cmTo_j0XMpA,"Mambah Fit",LWHFtPKSNTY,2023-05-29T16:00:13Z,"2023-05-29 16:00:13","𝐖𝐀𝐈𝐓? 𝐈 𝐍𝐄𝐕𝐄𝐑 𝐒𝐇𝐎𝐖𝐄𝐃 𝐘𝐎𝐔 𝐌𝐘 𝐓𝐖𝐈𝐍 𝐁𝐑𝐎𝐓𝐇𝐄𝐑? 😏","If you think deeply, we all have 2 different people inside of us. One that always wants to perform best, and the other one that wants to take it easy all the time. 𝐖𝐞𝐥𝐥, 𝐥𝐞𝐭 𝐦𝐞 𝐭𝐞𝐥𝐥 𝐲𝐨𝐮, 𝐛𝐨𝐭𝐡 𝐚𝐫𝐞 𝐩𝐫𝐞𝐭𝐭𝐲 𝐛𝐚𝐝 😵 What you need to find is 𝐁𝐀𝐋𝐀𝐍𝐂𝐄 between both of them, that healthy point in your life, that moment when you realize that giving your best is good, but that you also need rest and enjoy doing nothing or going out with friends. 𝐓𝐇𝐀𝐓 𝐊𝐈𝐍𝐃 𝐎𝐅 𝐁𝐀𝐋𝐀𝐍𝐂𝐄! It sounds easy when you say it, but to find that balance, it can get tricky. But I’m here to help you find it. Sooo follow me throughout my journey, and let’s build a healthy lifestyle together 🚀 ⚡️ 𝐌𝐀𝐓𝐙𝐀𝐏𝐄𝐖𝐒𝐇 ⚡️",,26,"Howto & Style",Lifestyle_(sociology),PT18S,18,2d,hd,false,en,pt-PT,https://i.ytimg.com/vi/LWHFtPKSNTY/maxresdefault.jpg,1,,,,,14628,547,,0,9
547,UCFqnvxz2f7J2cmTo_j0XMpA,"Mambah Fit",gGBmmdnXO88,2023-05-29T09:00:32Z,"2023-05-29 09:00:32","𝐏𝐑𝐎𝐓𝐄𝐈𝐍 𝐎𝐀𝐓 𝐁𝐑𝐎𝐖𝐍𝐈𝐄 🍪","This is the perfect recipe for your sweet cravings! It’s high in protein and low in calories!! A MUST TRY 😋 First of all, prepare all the ingredients, so you have everything ready before starting to cook 👨🏽‍🍳 𝐌𝐀𝐂𝐑𝐎𝐒 𝐏𝐄𝐑 𝐒𝐋𝐈𝐂𝐄: 𝟏𝟖𝟏 𝐊𝐂𝐀𝐋 / 𝟐𝟎.𝟐𝐠 𝐂𝐀𝐑𝐁𝐒 / 𝟏𝟑.𝟕𝐠 𝐏𝐑𝐎𝐓 / 𝟓.𝟏𝐠 𝐅𝐀𝐓 𝐈𝐍𝐆𝐑𝐄𝐃𝐈𝐄𝐍𝐓𝐒 𝐅𝐎𝐑 𝟖 𝐏𝐎𝐑𝐓𝐈𝐎𝐍𝐒: 500 ml almond milk 20g agave sirop 1 tsp vanilla extract 50g peanut butter (I use So Tasty from @fitnessboutiquemaroc ) 𝐂𝐎𝐃𝐄: 𝐌𝐀𝐌𝐁𝐀𝐇𝟏𝟎 for 10% off 180g oats 70g chocolat protein powder (I used @fitnessboutiquemaroc 𝐂𝐎𝐃𝐄: 𝐌𝐀𝐌𝐁𝐀𝐇𝟏𝟎 for 10% off) 1 tsp baking powder (𝐃𝐎𝐍’𝐓 𝐅𝐎𝐑𝐆𝐄𝐓 𝐈𝐓) 1 tsp cocoa powder 10g sweetener 𝐄𝐍𝐉𝐎𝐘 😋",,26,"Howto & Style","Food,Lifestyle_(sociology)",PT47S,47,2d,hd,false,en,ar,https://i.ytimg.com/vi/gGBmmdnXO88/maxresdefault.jpg,1,,,,,19801,1268,,0,18
548,UCFqnvxz2f7J2cmTo_j0XMpA,"Mambah Fit",NK69MD2c81s,2023-05-28T16:30:07Z,"2023-05-28 16:30:07","𝐑𝐄𝐀𝐋𝐈𝐒𝐓𝐈𝐂 𝐋𝐈𝐅𝐄 𝐀𝐒 𝐀 𝐂𝐎𝐍𝐓𝐄𝐍𝐓 𝐂𝐑𝐄𝐀𝐓𝐎𝐑 “𝐄𝐏𝐈𝐒𝐎𝐃𝐄 𝟏” 🎥","People tend to think that it’s easy to create content, easy to film what you do during the day, etc. But let me tell you, there is soooo much more than that 😅 Content creation is a 24/7 job and it’s not always as easy and aesthetic as it may seem 😂 Even tho I always try to show you everything the way it is, and to stay authentic you must know that a lot goes on behind the scenes 🎬 A simple example is this representation of me, creating my daily vlogs 😅. During those days, I have to repeat every single scene twice to be able to capture it on camera 📸 Would you like to see more videos like this? 😏 ⚡️ 𝐌𝐀𝐓𝐙𝐀𝐏𝐄𝐖𝐒𝐇 ⚡️",,26,"Howto & Style",Lifestyle_(sociology),PT50S,50,2d,hd,false,en,ar,https://i.ytimg.com/vi/NK69MD2c81s/maxresdefault.jpg,1,,,,,520940,25437,,0,277
549,UCFqnvxz2f7J2cmTo_j0XMpA,"Mambah Fit",T9K4hlx4X24,2023-05-28T08:15:01Z,"2023-05-28 08:15:01","𝐈𝐓 𝐀𝐋𝐋 𝐂𝐎𝐌𝐄𝐒 𝐃𝐎𝐖𝐍 𝐓𝐎 𝐒𝐄𝐋𝐅 𝐃𝐈𝐒𝐂𝐈𝐏𝐋𝐈𝐍𝐄 ⚡️","Why is it so easy to work for others and meet their demands, but when it comes to our own growth we keep on postponing? Has this ever happen to you? If yes, then I want you to start taking yourself more seriously and do everything on your power to achieve your own goals 🚀",,26,"Howto & Style",Lifestyle_(sociology),PT42S,42,2d,hd,false,en,ar,https://i.ytimg.com/vi/T9K4hlx4X24/maxresdefault.jpg,1,,,,,13071,841,,0,23
550,UCFqnvxz2f7J2cmTo_j0XMpA,"Mambah Fit",czCm9UQf8yM,2023-05-27T18:10:02Z,"2023-05-27 18:10:02","شكون هو Mambah 🤔",,,26,"Howto & Style",,PT43S,43,2d,hd,false,ar,ar,https://i.ytimg.com/vi/czCm9UQf8yM/maxresdefault.jpg,1,,,,,34739,1762,,0,41
551,UCFqnvxz2f7J2cmTo_j0XMpA,"Mambah Fit",Zmrjr3Y10WY,2023-05-27T17:30:04Z,"2023-05-27 17:30:04","BORN TO CREATE: ‏شكون هو Mambah 🤔","Welcome back to my channel La Mambah Fam 😇 I posted a Q&A ⁉️ sticker on my instagram account and a lot of you asked about my personal life, so here it is 🫡 In this special video, I'm sharing my personal story and taking you on my journey from the day I was born to where I am now as a content creator 🎥 and passionate advocate for a healthy lifestyle 🚶🏽 Join me as I open up about my experiences, challenges, and transformation that have shaped me into the person I am today 💪🏾. Don't forget to hit that subscribe button and turn on notifications, so you never miss an uplifting video on my channel. Together, let's embark on this incredible journey towards a healthier, happier you! ☀️ 𝐌𝐀𝐓𝐙𝐀𝐏𝐄𝐒𝐇 ⚡️ 〰️ 𝐓𝐇𝐈𝐍𝐆𝐒 𝐌𝐄𝐍𝐓𝐈𝐎𝐍𝐄𝐃 ↳ Mambah Fit App ➭ https://onelink.to/vpenxw ↳ SpaceX Coworking ➭ https://www.instagram.com/spacexcowork/ ↳ Mavericks Media Agency ➭ https://www.instagram.com/mavricksmediaagency/ 〰️ 𝐅𝐈𝐍𝐃 𝐌𝐄 𝐎𝐍 𝐒𝐎𝐂𝐈𝐀𝐋 𝐌𝐄𝐃𝐈𝐀 ↳ instagram ➭ https://www.instagram.com/mambahfit/ ↳ tiktok ➭ https://www.tiktok.com/@mambahfit ↳ website ➭ https://www.mambahfit.com/ 〰️ 𝐂𝐎𝐍𝐓𝐀𝐂𝐓 𝐌𝐄 ✉️ y.amor@mambahfit.com","matzapesh,healthy,healthy life,healthy lifestyle,morocco,vlog,my story,mambah,mambah fit,mamba,maghreb,chti7a,chtiha",26,"Howto & Style","Health,Lifestyle_(sociology)",PT12M49S,769,2d,hd,false,en,en,https://i.ytimg.com/vi/Zmrjr3Y10WY/maxresdefault.jpg,1,,,,,439092,19213,,0,995
552,UCFqnvxz2f7J2cmTo_j0XMpA,"Mambah Fit",LkE-77kyHC0,2023-05-27T16:00:22Z,"2023-05-27 16:00:22","𝐀 𝐃𝐀𝐘 𝐈𝐍 𝐌𝐘 𝐋𝐈𝐅𝐄 “𝐂𝐎𝐍𝐓𝐄𝐍𝐓 𝐂𝐑𝐄𝐀𝐓𝐈𝐎𝐍” 🎥","I’ve been postponing this day for a month now! Waking up and telling myself, I have to film content for my new fitness app that is coming sooooon 🚀 But now I finally got to film all the content and edited it to be able to upload it onto the app! And only thanks to @larbito who helped me film for almost 5h at the gym 🤣 Fortunately we had some pre-workout & BCAA’s from @fitnessboutiquemaroc to help us finish filming more than 120 exercises 😅 Little reminder: stop postponing tasks and start doing them from the moment you start thinking about it 🧠, I swear it’s life changing and super satisfying 😇 ⚡️ 𝐌𝐀𝐓𝐙𝐀𝐏𝐄𝐖𝐒𝐇 ⚡️",,26,"Howto & Style","Health,Lifestyle_(sociology),Physical_fitness",PT38S,38,2d,hd,false,en,ar,https://i.ytimg.com/vi/LkE-77kyHC0/maxresdefault.jpg,1,,,,,468170,19990,,0,132
553,UCFqnvxz2f7J2cmTo_j0XMpA,"Mambah Fit",k-ZTRMxQOtM,2023-05-27T08:30:11Z,"2023-05-27 08:30:11","𝐒𝐔𝐍𝐃𝐀𝐘 𝐊𝐈𝐍𝐃 𝐎𝐅 𝐌𝐎𝐎𝐃 🍁","Decided to take it chill today, relax, breath and enjoy the moment 🙏🏼 Remember: from time to time it’s healthy to do nothing. 𝐘𝐎𝐔𝐑 𝐌𝐈𝐍𝐃 𝐃𝐄𝐒𝐄𝐑𝐕𝐄𝐒 𝐈𝐓 🧠",,26,"Howto & Style",Lifestyle_(sociology),PT15S,15,2d,hd,false,en,en,https://i.ytimg.com/vi/k-ZTRMxQOtM/maxresdefault.jpg,1,,,,,10083,469,,0,8
554,UCFqnvxz2f7J2cmTo_j0XMpA,"Mambah Fit",JfdSkwdS9_w,2023-05-26T16:30:05Z,"2023-05-26 16:30:05","𝐖𝐇𝐀𝐓 𝐈 𝐄𝐀𝐓 𝐈𝐍 𝐀 𝐃𝐀𝐘 “𝐒𝐀𝐓𝐔𝐑𝐃𝐀𝐘 𝐕𝐄𝐑𝐒𝐈𝐎𝐍” 🤪","If you know me, you know how much I love to eat 🤩 and that’s why I’m trying to find the healthiest versions of the foods that I love, so I can stay on track with my macros and still enjoy some tasty food 👅 BTW, the salad I did was craaaazy! I definitely need to film you the recipe (mainly the sauce) because it was high in volume and low in calorie 🔥 @larbito can testify 🤩 And before you say anything, I know I eat a lot of wraps/burritos, but I loooove my healthy versions!! They are sooo tasty 😍 Have you ever tried one of my wrap recipes? 🌯",,26,"Howto & Style","Food,Lifestyle_(sociology)",PT40S,40,2d,hd,false,en,ar,https://i.ytimg.com/vi/JfdSkwdS9_w/maxresdefault.jpg,1,,,,,377695,20019,,0,193
555,UCFqnvxz2f7J2cmTo_j0XMpA,"Mambah Fit",k_8ytCMloYY,2023-05-26T08:30:11Z,"2023-05-26 08:30:11","𝐇𝐎𝐖 𝐓𝐎 𝐒𝐓𝐀𝐑𝐓 𝐓𝐑𝐀𝐈𝐍𝐈𝐍𝐆 𝐈𝐍 𝐓𝐇𝐄 𝐌𝐎𝐑𝐍𝐈𝐍𝐆 🏋🏽","We all thought one day about starting training in the morning but didn’t know how to get started or even stay consistent with that routine. Well here are some easy tips you can follow so you can stay more consistent and start training in the morning more easily: 1. 𝐎𝐫𝐠𝐚𝐧𝐢𝐳𝐞 𝐲𝐨𝐮𝐫𝐬𝐞𝐥𝐟: training early in the morning starts form the night before! Pack your back and get your clothes ready so when you wake up in the morning everything is ready to go 🚀 2. 𝐇𝐚𝐯𝐞 𝐚 𝐩𝐥𝐚𝐧: when you structure your workouts and follow a specific training routine, your results will come faster and will last longer. On top of that, the night before, by checking your program, you will already put your mind into it and look forward to that workout 💪🏽 3. 𝐒𝐥𝐞𝐞𝐩 𝐞𝐚𝐫𝐥𝐲: I can’t stress that enough! Stop watching Netflix until 3 in the morning, it won’t bring you anything! Instead, prioritize your sleep and recovery. By doing this, you’ll multiply your chances of training in the morning by 10☀️ So now I want you to try this and let me know how it goes 🤪 𝐎𝐮 𝐜𝐡𝐨𝐮𝐮𝐮𝐟 𝐌𝐚𝐚𝐚𝐚𝐭𝐳𝐚𝐩𝐞𝐬𝐡 ⚡️",,26,"Howto & Style","Health,Lifestyle_(sociology),Physical_fitness",PT49S,49,2d,hd,false,en,ar,https://i.ytimg.com/vi/k_8ytCMloYY/maxresdefault.jpg,1,,,,,9891,696,,0,13
556,UCFqnvxz2f7J2cmTo_j0XMpA,"Mambah Fit",ek4f_J_7rKE,2023-05-25T16:00:27Z,"2023-05-25 16:00:27","𝐀 𝐃𝐀𝐘 𝐈𝐍 𝐌𝐘 𝐋𝐈𝐅𝐄 “𝐖𝐀𝐊𝐄𝐁𝐎𝐀𝐑𝐃𝐈𝐍𝐆 𝐈𝐍 𝐌𝐀𝐑𝐑𝐀𝐊𝐄𝐂𝐇” 🇲🇦","Today I’m showing you one of my passions, which is wakeboarding 🤩 I think the first time I tried wakeboarding I was 3 years old and I barely knew how to swim 😂 If you know me, you must know that water sport is my favorite activity ever! Surfing, wakeboarding, jet ski, etc… So here is me, spending a day in Marrakech doing wakeboard and enjoying the good weather ☀️ The 𝐅𝐮𝐥𝐥 𝐘𝐨𝐮𝐓𝐮𝐛𝐞 𝐕𝐥𝐨𝐠 version is coming this weekend La MAMBAHFAM !! Soooooo… ⚡️ 𝐌𝐀𝐓𝐙𝐀𝐏𝐄𝐖𝐒𝐇 ⚡️",,26,"Howto & Style",Lifestyle_(sociology),PT53S,53,2d,hd,false,en,ar,https://i.ytimg.com/vi/ek4f_J_7rKE/maxresdefault.jpg,1,,,,,406871,20084,,0,190
557,UCFqnvxz2f7J2cmTo_j0XMpA,"Mambah Fit",GSNHeBXskRc,2023-05-25T08:30:04Z,"2023-05-25 08:30:04","𝐏𝐑𝐎𝐓𝐄𝐈𝐍 𝐁𝐀𝐍𝐀𝐍𝐀 𝐁𝐑𝐄𝐀𝐃 🍞","When I found out about this recipe, I think I started making it every single week! It’s a must try 🤩 First of all, prepare all the ingredients, so you have everything ready before starting to cook 👨🏽‍🍳 𝐌𝐀𝐂𝐑𝐎𝐒 𝐏𝐄𝐑 𝐒𝐋𝐈𝐂𝐄: 𝟗𝟖 𝐊𝐂𝐀𝐋 / 𝟏𝟐.𝟒𝐠 𝐂𝐀𝐑𝐁𝐒 / 𝟖.𝟖𝐠 𝐏𝐑𝐎𝐓 / 𝟏.𝟕𝐠 𝐅𝐀𝐓 𝐈𝐍𝐆𝐑𝐄𝐃𝐈𝐄𝐍𝐓𝐒 𝐅𝐎𝐑 𝟏𝟎 𝐏𝐎𝐑𝐓𝐈𝐎𝐍𝐒: 2 bananas 100ml almond milk 1 tsp vanilla extract 60g plain flour 60g vanilla protein powder (I used @fitnessboutiquemaroc 𝐂𝐎𝐃𝐄: 𝐌𝐀𝐌𝐁𝐀𝐇𝟏𝟎 for 10% off) 1 tsp baking powder (𝐃𝐎𝐍’𝐓 𝐅𝐎𝐑𝐆𝐄𝐓 𝐈𝐓 𝐋𝐈𝐊𝐄 𝐌𝐄) 😅 10g sweetener 15g melted biscoff spread 𝐎𝐏𝐓𝐈𝐎𝐍𝐀𝐋 𝐅𝐑𝐎𝐒𝐓𝐈𝐍𝐆: 130g low fat greek yoghurt 20g vanilla protein powder 𝐄𝐍𝐉𝐎𝐘 😋",,26,"Howto & Style","Food,Lifestyle_(sociology)",PT42S,42,2d,hd,false,en,en,https://i.ytimg.com/vi/GSNHeBXskRc/maxresdefault.jpg,1,,,,,8438,355,,0,9
558,UCFqnvxz2f7J2cmTo_j0XMpA,"Mambah Fit",5bCDuuYNsKg,2023-05-24T16:00:05Z,"2023-05-24 16:00:05","𝐃𝐎 𝐘𝐎𝐔 𝐖𝐀𝐍𝐓 𝐓𝐇𝐄 𝐑𝐄𝐂𝐈𝐏𝐄? 🕺","I know you’ve been asking for this recipe, and I’ve been promising you that I’ll film it soon and post it 🤩 I finally did it and it’s ready to be on Instagram 🚀 But first, let’s enjoy some good vibes 🤪, because remember, everything is better dancing and singing 🕺 ⚡️ 𝐌𝐀𝐓𝐙𝐀𝐏𝐄𝐖𝐒𝐇 ⚡️",,26,"Howto & Style","Food,Lifestyle_(sociology)",PT17S,17,2d,hd,false,en,en,https://i.ytimg.com/vi/5bCDuuYNsKg/maxresdefault.jpg,1,,,,,8002,391,,0,5
559,UCFqnvxz2f7J2cmTo_j0XMpA,"Mambah Fit",U0mQgf-nKnA,2023-05-24T08:30:15Z,"2023-05-24 08:30:15","𝐀 𝐃𝐀𝐘 𝐈𝐍 𝐌𝐘 𝐋𝐈𝐅𝐄 “𝐌𝐄𝐄𝐓𝐈𝐍𝐆 𝐎𝐍𝐄 𝐎𝐅 𝐘𝐎𝐔” 🤩","Today was a special day! A day that I will never forget! I met with a Mambah Fam member - the youngest one probably. He’s an energetic and crazy little kid and we have been talking with for the past months! ⚡️ His mom and I surprised him for his birthday, and what can I say, it meant soooo much to me 😍 When I see that parents take me as an example for their kids, knowing that when I was a kid 👦 I wasn’t an example at all, it makes me realize that everything is possible 🚀 Thank you La MAMBAHFAM, thank you for all the support and good vibes that you transmit through all your messages ❤️ IT’S ONLY THE BEGINNING 🚀 ⚡️ 𝐌𝐀𝐓𝐙𝐀𝐏𝐄𝐖𝐒𝐇 ⚡️",,26,"Howto & Style",Lifestyle_(sociology),PT44S,44,2d,hd,false,en,ar,https://i.ytimg.com/vi/U0mQgf-nKnA/maxresdefault.jpg,1,,,,,32385,1479,,0,22
560,UCFqnvxz2f7J2cmTo_j0XMpA,"Mambah Fit",RwmM4vc4OxU,2023-05-23T16:00:30Z,"2023-05-23 16:00:30","𝐇𝐎𝐖 𝐍𝐎𝐓 𝐓𝐎 𝐆𝐎 𝐁𝐀𝐂𝐊 𝐓𝐎 𝐁𝐄𝐃 𝐀𝐅𝐓𝐄𝐑 𝐖𝐀𝐊𝐈𝐍𝐆 𝐔𝐏 🛌","I already talked about the 5 seconds roule when you alarm turns on at 6 AM! Now let’s talk about how to put yourself instantly in a healthy routine. First thing after washing yourself, is making your bed! This may sound stupid, but I can assure you, it’s powerful 🚀 Do this first thing in the morning, and you’ll see, you’ll already be in a routine. Next would be defining some steps to follow during the day. But we’ll talk about it in another video 🤩 𝐃𝐈𝐃 𝐘𝐎𝐔 𝐓𝐑𝐘 𝐓𝐎 𝐖𝐀𝐊𝐄 𝐔𝐏 𝐀𝐓 𝟔𝐀𝐌 𝐀𝐋𝐑𝐄𝐀𝐃𝐘? 😏",,26,"Howto & Style","Health,Lifestyle_(sociology)",PT41S,41,2d,hd,false,en,ar,https://i.ytimg.com/vi/RwmM4vc4OxU/maxresdefault.jpg,1,,,,,7170,484,,0,7
561,UCFqnvxz2f7J2cmTo_j0XMpA,"Mambah Fit",TceDqY3Plk0,2023-05-23T08:00:26Z,"2023-05-23 08:00:26","𝐇𝐎𝐔𝐌𝐀 𝐰 𝐌𝐀𝐌𝐁𝐀𝐇: NHAR FL B7AR ( A day at the beach)","𝐂𝐇𝐄𝐂𝐊 𝐎𝐔𝐓 𝐓𝐇𝐄 𝐅𝐔𝐋𝐋 𝐕𝐋𝐎𝐆 𝐎𝐍 𝐘𝐎𝐔𝐓𝐔𝐁𝐄 - 𝐋𝐈𝐍𝐊 𝐈𝐍 𝐌𝐀𝐌𝐁𝐀𝐇’𝐒 𝐁𝐈𝐎 🌐",,26,"Howto & Style",Lifestyle_(sociology),PT51S,51,2d,hd,false,en,fr,https://i.ytimg.com/vi/TceDqY3Plk0/maxresdefault.jpg,1,,,,,1953081,78598,,0,235
562,UCFqnvxz2f7J2cmTo_j0XMpA,"Mambah Fit",0gJ2Nx5GeqE,2023-05-22T16:45:00Z,"2023-05-22 16:45:00","𝐋𝐄𝐓’𝐒 𝐌𝐄𝐀𝐋 𝐏𝐑𝐄𝐏 𝐓𝐎𝐆𝐄𝐓𝐇𝐄𝐑 👨🏽‍🍳","Meal prepping plays a big role in my daily routine! I know it’s a lot of work when you have to start meal prepping, but whenever it’s done ✅, you have your meals ready for the week and it’s easier to stay on track with your nutrition 🥦 YES, I almost eat the same every day but when it’s gooooood I don’t care as long as I stay in my macros 🤩 I wrote a meal prep e-book with some crazy and healthy recipes to help you start meal prepping and stay on track 👌🏽. 𝐋𝐈𝐍𝐊 𝐈𝐍 𝐌𝐘 𝐁𝐈𝐎! 𝐇𝐚𝐯𝐞 𝐲𝐨𝐮 𝐞𝐯𝐞𝐫 𝐭𝐫𝐢𝐞𝐝 𝐦𝐞𝐚𝐥 𝐩𝐫𝐞𝐩𝐩𝐢𝐧𝐠? 😋",,26,"Howto & Style","Food,Health,Lifestyle_(sociology)",PT1M,60,2d,hd,false,en,en,https://i.ytimg.com/vi/0gJ2Nx5GeqE/maxresdefault.jpg,1,,,,,1427498,62681,,0,498
563,UCFqnvxz2f7J2cmTo_j0XMpA,"Mambah Fit",WL1p289VGBU,2023-05-22T09:00:28Z,"2023-05-22 09:00:28","𝐇𝐎𝐖 𝐓𝐎 𝐖𝐀𝐊𝐄 𝐔𝐏 𝐄𝐕𝐄𝐑𝐘 𝐌𝐎𝐑𝐍𝐈𝐍𝐆 𝐀𝐓 𝟔 𝐀𝐌 😴","It might be the easiest thing you could do in your life!! I’m tricking my brain every single morning so I can wake up easily. Use this method, and you’ll see, at some point you won’t even need an alarm ⏰ Set 1 and only alarm on your phone 📱, then whenever the alarm is ringing, directly stand up and turn it off, don’t even think about staying in bed. You only have 3 to 5 seconds before your brain 🧠 starts thinking to stay in bed. 𝐈 𝐏𝐑𝐎𝐌𝐈𝐒𝐄, 𝐓𝐇𝐈𝐒 𝐖𝐎𝐑𝐊𝐒 🤩 Let me know if it worked for you next time!!",,26,"Howto & Style","Health,Lifestyle_(sociology)",PT1M,60,2d,hd,false,en,ar,https://i.ytimg.com/vi/WL1p289VGBU/maxresdefault.jpg,1,,,,,8306,804,,0,16
564,UCFqnvxz2f7J2cmTo_j0XMpA,"Mambah Fit",DlLJCtLeFu0,2023-05-21T16:30:04Z,"2023-05-21 16:30:04","𝐇𝐄𝐀𝐋𝐓𝐇𝐘 𝐏𝐀𝐃 𝐓𝐇𝐀Ï 𝐌𝐄𝐀𝐋 𝐏𝐑𝐄𝐏 🍜","One of my go to when I don’t know what to eat and just want to order is Pad ThaÏ, so I’ve decided to do a healthier version meal prepping it 🤩 First of all, prepare all the ingredients, so you have everything ready before starting to cook 👨🏽‍🍳 𝐌𝐀𝐂𝐑𝐎𝐒: 𝟒𝟖𝟒 𝐊𝐂𝐀𝐋 / 𝟒𝟗𝐠 𝐂𝐀𝐑𝐁𝐒 / 𝟓𝟏𝐠 𝐏𝐑𝐎𝐓 / 𝟗𝐠 𝐅𝐀𝐓 𝐈𝐍𝐆𝐑𝐄𝐃𝐈𝐄𝐍𝐓𝐒 𝐅𝐎𝐑 𝟑 𝐏𝐎𝐑𝐓𝐈𝐎𝐍𝐒: 1 tbsp olive oil 1 ognon Garlic 200g Carrots 500g chicken breast 150g noodles 200g peppers 100ml soya sauce 𝐄𝐍𝐉𝐎𝐘 😋",,26,"Howto & Style","Food,Lifestyle_(sociology)",PT47S,47,2d,hd,false,en,fr,https://i.ytimg.com/vi/DlLJCtLeFu0/maxresdefault.jpg,1,,,,,30542,1464,,0,74
565,UCFqnvxz2f7J2cmTo_j0XMpA,"Mambah Fit",1Tegyrm5rBU,2023-05-21T09:00:00Z,"2023-05-21 09:00:00","𝐖𝐇𝐀𝐓 𝐈 𝐄𝐀𝐓 𝐈𝐍 𝐀 𝐃𝐀𝐘 “𝐒𝐔𝐍𝐃𝐀𝐘 𝐑𝐄𝐒𝐓” 🥞","Sunday’s are usually my rest days, sooo I take it easy and just enjoy simple things 😇 Regarding my nutrition, I try to stay on my daily macros to keep progressing, but I allow myself foods that I usually don’t eat during the week 🥞 Today was all about showing you my intuitive eating, which was about 1700-2000 calories (I guess 🤪), and still enjoying those pancakes (from @fitnessboutiquemaroc )and that amazing burrito 🤩 𝐖𝐡𝐚𝐭’𝐬 𝐲𝐨𝐮𝐫 𝐟𝐚𝐯𝐨𝐫𝐢𝐭𝐞 𝐒𝐮𝐧𝐝𝐚𝐲 𝐦𝐞𝐚𝐥 ? 😋",,26,"Howto & Style","Food,Health,Lifestyle_(sociology)",PT50S,50,2d,hd,false,en,en,https://i.ytimg.com/vi/1Tegyrm5rBU/maxresdefault.jpg,1,,,,,287408,16002,,0,209
566,UCFqnvxz2f7J2cmTo_j0XMpA,"Mambah Fit",am4sKpfGC60,2023-05-20T16:30:00Z,"2023-05-20 16:30:00","𝐀 𝐃𝐀𝐘 𝐈𝐍 𝐌𝐘 𝐋𝐈𝐅𝐄 “𝐌𝐀𝐑𝐑𝐀𝐊𝐄𝐂𝐇 𝐄𝐃𝐈𝐓𝐈𝐎𝐍” 🌴","I love busy days, but this one was exhaaaaausting! I came back home dead 😮‍💨 Went to Marrakech for work, because as you already know, real estate is one of my jobs/business, so I went to @premiumvillagemarrakech to do a quick check on the residence and to establish a new commercial strategy for the apartments we just finished. If you’re interested into buying or investing in Marrakech, definitely go check it out 🤩 Then I went to the famous Jamaa Lefnaa, where I met one of my friends from university to have lunch and then come back to Casablanca together 🚙 In Casablanca we went for dinner in an amazing moroccan restaurant 🧆, and then I went back home to finally rest 😴 ⚡️ 𝐌𝐀𝐓𝐙𝐀𝐏𝐄𝐖𝐒𝐇 ⚡️",,26,"Howto & Style",Lifestyle_(sociology),PT52S,52,2d,hd,false,en,ar,https://i.ytimg.com/vi/am4sKpfGC60/maxresdefault.jpg,1,,,,,62120,3947,,0,45
567,UCFqnvxz2f7J2cmTo_j0XMpA,"Mambah Fit",dU8hJQv0EZM,2023-05-20T09:00:32Z,"2023-05-20 09:00:32","🔒 𝐒𝐀𝐕𝐄 𝐓𝐇𝐈𝐒 𝐅𝐔𝐋𝐋 𝐁𝐎𝐃𝐘 𝐇𝐈𝐈𝐓 𝐓𝐎 𝐁𝐔𝐑𝐍 𝐅𝐀𝐓 🔥","Amazing full body HIIT to burn a maximum of calories in 18 minutes 🤩 1️⃣ Floor touch squat 2️⃣ Jumping jacks 3️⃣ Side knee to elbow 4️⃣ Mountain climbers 5️⃣ Burpees ⚡️Perform 3 rounds, 45 sec of exercise, with 15 sec rest in between exercises and take 1 min rest at the end of the round🔥 🚨Make sure to perform the movement correctly and slowly to avoid injuries. 🧘🏽DONT FORGET TO WARM UP AT THE BEGINNING AND STRETCH AT THE END OF EVERY WORKOUT. YOU’LL FIND A WARM UP AND STRETCHING VIDEO ON MY PROFIL !",,26,"Howto & Style","Health,Lifestyle_(sociology),Physical_fitness",PT17S,17,2d,hd,false,en,en,https://i.ytimg.com/vi/dU8hJQv0EZM/maxresdefault.jpg,1,,,,,9237,363,,0,6
568,UCFqnvxz2f7J2cmTo_j0XMpA,"Mambah Fit",5UFIbvSKEKI,2023-05-19T19:00:03Z,"2023-05-19 19:00:03","𝐀 𝐃𝐀𝐘 𝐈𝐍 𝐌𝐘 𝐋𝐈𝐅𝐄 “𝐒𝐔𝐍𝐃𝐀𝐘 𝐌𝐎𝐑𝐍𝐈𝐍𝐆 𝐑𝐎𝐔𝐓𝐈𝐍𝐄” 🧘🏽‍♂️","What an amazing morning 😍 I slept sooo good! 𝐁𝐮𝐭 𝐡𝐞𝐫𝐞 𝐢𝐬 𝐭𝐡𝐞 𝐫𝐞𝐚𝐬𝐨𝐧 𝐰𝐡𝐲: there was nooooo noise 🤩. I live in brand new neighborhood where everything is still under construction 🏗️ I’ll let you imagine the sound of the workers at 7:00 🕖 on weekends… yes horrible 🤬. But this morning, noooothing, a blessing I would say 😇. Anyways, like almost every Sunday, after waking up, I clean, and prep a nice protein breakfast 🥞 to enjoy my slow paced morning. I’ve just started a new book 📖 called MADE TO STICK by Chip & Dan Heath, so for the rest of the morning I read and enjoyed my iced coffee ☕️ ⚡️ 𝐌𝐀𝐓𝐙𝐀𝐏𝐄𝐖𝐒𝐇 ⚡️",,26,"Howto & Style","Food,Lifestyle_(sociology)",PT44S,44,2d,hd,false,en,ar,https://i.ytimg.com/vi/5UFIbvSKEKI/maxresdefault.jpg,1,,,,,19495,907,,0,24
569,UCFqnvxz2f7J2cmTo_j0XMpA,"Mambah Fit",HwctUEIOZgE,2023-05-19T15:21:31Z,"2023-05-19 15:21:31","𝐌𝐈𝐍𝐃𝐒𝐄𝐓 𝐈𝐒 𝐊𝐄𝐘 𝐓𝐎 𝐀𝐂𝐇𝐈𝐄𝐕𝐈𝐍𝐆 𝐘𝐎𝐔𝐑 𝐆𝐎𝐀𝐋𝐒 🧠","Without a strong mindset, forget about crossing the finish line! We tend to wait for the motivation to kick our ass to go grind, but let me tell you, there is no such thing as motivation ❌. Your mindset is the secret, build it, train it, that’s how you’re going to achieve your goals, that’s how you’re going to be disciplined 💪🏽 𝐑𝐄𝐌𝐄𝐌𝐁𝐄𝐑: 𝐲𝐨𝐮𝐫 𝐦𝐢𝐧𝐝𝐬𝐞𝐭 𝐝𝐞𝐭𝐞𝐫𝐦𝐢𝐧𝐞𝐬 𝐰𝐡𝐨 𝐲𝐨𝐮 𝐚𝐫𝐞 👁️ #healthylifestyle #mindset #discipline #fitness #fitnessmotivation",,26,"Howto & Style","Health,Lifestyle_(sociology),Physical_fitness",PT9S,9,2d,hd,false,en,en,https://i.ytimg.com/vi/HwctUEIOZgE/maxresdefault.jpg,1,,,,,7140,290,,0,4
570,UCFqnvxz2f7J2cmTo_j0XMpA,"Mambah Fit",sQE0GWdhue8,2023-05-13T17:00:33Z,"2023-05-13 17:00:33","Eat healthy for less than 60 dirhams 🤑 a Day: الصحة فوق الجميع with Mambah","Welcome back to my channel La MambahFam ! 😇 Today I’m giving myself a new challenge and I want you to be part of it ✌🏽 Prices have gone crazy the past months and a lot of people are struggling to find healthy alternatives to stay in good shape and still enjoy the foods you love 😫 So I’ve decided to challenge myself and cook for the whole week / meal prep for under 60dhs per day 🤑 I’ve been meal prepping for a long time and it’s by far one of my favorite ways to stay on track with my fitness goals, still enjoy the foods I love and eat healthy budget friendly 🤙🏾 So if you also want to get back on track and become a healthier version of yourself, STAY TILL THE END 🤩 〰️ 𝐇𝐄𝐀𝐋𝐓𝐇𝐘 𝐂𝐇𝐈𝐋𝐈 𝐂𝐎𝐍 𝐂𝐀𝐑𝐍𝐄 (𝟓 𝐏𝐎𝐑𝐓𝐈𝐎𝐍𝐒) ↳ 400g red peppers ↳ 400g green peppers ↳ 450g potatoes ↳ 1kg low fat minced meat ↳ 50g tomato sauce ↳ 50g cream cheese 🤑 𝐓𝐎𝐓𝐀𝐋: 𝟏𝟑𝟒,𝟏𝟑 𝐃𝐇𝐒 〰️ 𝐂𝐇𝐈𝐂𝐊𝐄𝐍 𝐀𝐍𝐃 𝐕𝐄𝐆𝐆𝐈𝐄 𝐖𝐎𝐊 ↳ 500g chicken breast ↳ 400g carrots ↳ 500g eggplant ↳ 500g zucchini ↳ 1 tbsp olive oil 🤑 𝐓𝐎𝐓𝐀𝐋: 𝟓𝟏,𝟗𝟏 𝐃𝐇𝐒 〰️ 𝐂𝐇𝐈𝐂𝐊𝐄𝐍 𝐂𝐀𝐉𝐔𝐍 𝐏𝐀𝐒𝐓𝐀 ↳ 500g chicken breast ↳ 538g tomato ↳ 50g tomato sauce ↳ 200g pasta ↳ 1 tbsp olive oil 🤑 𝐓𝐎𝐓𝐀𝐋: 𝟓𝟎,𝟏𝟔 𝐃𝐇𝐒 𝐌𝐀𝐓𝐙𝐀𝐏𝐄𝐒𝐇 ⚡️ 〰️ 𝐅𝐈𝐍𝐃 𝐌𝐄 𝐎𝐍 𝐒𝐎𝐂𝐈𝐀𝐋 𝐌𝐄𝐃𝐈𝐀 ↳ instagram ➭ https://www.instagram.com/mambahfit/ ↳ tiktok ➭ https://www.tiktok.com/@mambahfit ↳ website ➭ https://www.mambahfit.com/ 〰️ 𝐂𝐎𝐍𝐓𝐀𝐂𝐓 𝐌𝐄 ✉️ y.amor@mambahfit.com","healthy,meal prep,cheap eating,recipes,fitness,healthy lifestyle,dirhams,morocco",26,"Howto & Style","Food,Lifestyle_(sociology)",PT19M19S,1159,2d,hd,false,en,ar,https://i.ytimg.com/vi/sQE0GWdhue8/maxresdefault.jpg,1,,,,,358944,14603,,0,897
571,UCFqnvxz2f7J2cmTo_j0XMpA,"Mambah Fit",KRLAcyoZaZQ,2023-04-24T19:17:32Z,"2023-04-24 19:17:32","FRESH START 🤩 FULL VLOG ON THE CHANNEL 🕺🏽⚡️🎥 #healthylifestyle #vlog #lifestyle #fitness",,,26,"Howto & Style","Health,Lifestyle_(sociology),Physical_fitness",PT40S,40,2d,hd,false,en,ar,https://i.ytimg.com/vi/KRLAcyoZaZQ/maxresdefault.jpg,1,,,,,12662,668,,0,36
572,UCFqnvxz2f7J2cmTo_j0XMpA,"Mambah Fit",lpsoQaPuHoY,2023-04-24T17:00:20Z,"2023-04-24 17:00:20","A CASUAL DAY IN MY LIFE ""بداية جديدة"" 🏋🏽","Welcome back to my channel La MambahFam ! 😇 It has been a while since my last video, and I'm super excited to be back on this channel! A lot has changes in the past few months, and there is more to come ✌🏽 As usual, I decided to film part of my healthy routine to be able to inspire and motivate you as much as I can 🙏🏼 Hope you'll enjoy and MATZAPESH because I'm working on some crazy new concepts for this channel 🕺🏽 〰️ 𝐓𝐇𝐈𝐍𝐆𝐒 𝐌𝐄𝐍𝐓𝐈𝐎𝐍𝐄𝐃 ↳Workouts coming from my training app (""Mambah Fit"" available on Apple and Google store) ↳ BCCA & Pre-workout (USE CODE: MAMBAH10): https://fitnessboutique.ma/ ↳ Calories calculator app: YAZIO 〰️ 𝐅𝐈𝐍𝐃 𝐌𝐄 𝐎𝐍 𝐒𝐎𝐂𝐈𝐀𝐋 𝐌𝐄𝐃𝐈𝐀 ↳ instagram ➭ https://www.instagram.com/mambahfit/ ↳ tiktok ➭ https://www.tiktok.com/@mambahfit ↳ website ➭ https://www.mambahfit.com/ 〰️ 𝐂𝐎𝐍𝐓𝐀𝐂𝐓 𝐌𝐄 ✉️ y.amor@mambahfit.com 💪🏽 𝐉𝐎𝐈𝐍 𝐌𝐘 𝐅𝐈𝐓𝐍𝐄𝐒𝐒 𝐏𝐑𝐎𝐆𝐑𝐀𝐌 𝐅𝐎𝐑 𝐈𝐍𝐒𝐀𝐍𝐄 𝐑𝐄𝐒𝐔𝐋𝐓𝐒: https://www.mambahfit.com/","healthy,healthy lifestyle,fitness,motivation,a day in my life,a day in life,healthy routine,morocco,casablanca,discipline,lifestyle",26,"Howto & Style","Health,Lifestyle_(sociology),Physical_fitness",PT24M46S,1486,2d,hd,false,en,ar,https://i.ytimg.com/vi/lpsoQaPuHoY/maxresdefault.jpg,1,,,,,97188,5326,,0,466
573,UCFqnvxz2f7J2cmTo_j0XMpA,"Mambah Fit",5c4HYsxjZ3Q,2023-04-23T11:00:08Z,"2023-04-23 11:00:08","𝐄𝐀𝐒𝐘 𝐇𝐎𝐌𝐄𝐌𝐀𝐃𝐄 𝐏𝐑𝐎𝐓𝐄𝐈𝐍 𝐁𝐀𝐑 🍪","I’ve been trying to find an easy way to do a protein bar, and I think this is the easiest and tastiest way I found so far 🤩 First of all, prepare all the ingredients, so you have everything ready before starting to cook 👨🏽‍🍳 𝐌𝐀𝐂𝐑𝐎𝐒: 𝟏𝟕𝟓 𝐊𝐂𝐀𝐋 / 𝟏𝟎𝐠 𝐂𝐀𝐑𝐁𝐒 / 𝟏𝟏,𝟓𝐠 𝐏𝐑𝐎𝐓 / 𝟗,𝟓𝐠 𝐅𝐀𝐓 𝐈𝐍𝐆𝐑𝐄𝐃𝐈𝐄𝐍𝐓𝐒 𝐅𝐎𝐑 12 𝐏𝐎𝐑𝐓𝐈𝐎𝐍𝐒: 194g peanut butter (I’m using SoTasty from @fitnessboutiquemaroc ) 96g whey protein (I’m using the Whey Harder from @fitnessboutiquemaroc ) 60g honey (or similar) 74g dark chocolat 𝐄𝐍𝐉𝐎𝐘 😋 𝐆𝐞𝐭 𝟏𝟎% 𝐎𝐅𝐅 𝐢𝐧 @fitnessboutiquemaroc 𝐰𝐢𝐭𝐡 𝐂𝐎𝐃𝐄: 𝐌𝐀𝐌𝐁𝐀𝐇𝟏𝟎 #healthyrecipes #highprotein #easyrecipes #weightloss #proteinbar",,19,"Travel & Events","Food,Lifestyle_(sociology)",PT34S,34,2d,hd,false,en,en,https://i.ytimg.com/vi/5c4HYsxjZ3Q/maxresdefault.jpg,1,,,,,26778,1282,,0,15
574,UCFqnvxz2f7J2cmTo_j0XMpA,"Mambah Fit",Cc3F-D-DRsY,2023-04-22T17:30:01Z,"2023-04-22 17:30:01","𝐀 𝐃𝐀𝐘 𝐈𝐍 𝐌𝐘 𝐋𝐈𝐅𝐄 “𝐌𝐎𝐍𝐃𝐀𝐘 𝐌𝐎𝐓𝐈𝐕𝐀𝐓𝐈𝐎𝐍” 🤩","So I’ve decided to start a new fitness journey today! 🏋🏽 I’m going to put myself in a powerful state of mind 🧠 for the next 30 days, focus on my nutrition 🍏, start a new type of training, and build my business (MATZAPEWSH) ⚡️ BTW, my pre-workout, BCAA and whey protein are from @fitnessboutique (CODE: MAMBAH10 for 10% off) 😋 My Monday routine always starts with a good workout 🏋🏽 before going to the office and starting my morning meetings 💻 . Working out in the morning allows me to start the day fresh and ready to rock 🤘🏽 Part of my new fitness and nutrition goals are also my meal preps!! So for lunch I had🍝 #creamycajunpasta from my meal prep e-book that you can find on my website (𝐂𝐎𝐃𝐄: 𝐌𝐀𝐌𝐁𝐀𝐇𝟓𝟎 𝐟𝐨𝐫 𝟓𝟎% 𝐨𝐟𝐟) Ended my day working on my new project that I will be announcing soon, and then went back home, had a snack, cooked dinner and took some time to relax before going to sleep 😴 ⚡️ 𝐌𝐀𝐓𝐙𝐀𝐏𝐄𝐖𝐒𝐇 ⚡️ #vlog #healthylifestyle #lifestyle #mondayroutine #routine #fitnessroutine",,19,"Travel & Events","Health,Lifestyle_(sociology),Physical_fitness",PT45S,45,2d,hd,false,en,ar,https://i.ytimg.com/vi/Cc3F-D-DRsY/maxresdefault.jpg,1,,,,,389519,20105,,0,180
575,UCFqnvxz2f7J2cmTo_j0XMpA,"Mambah Fit",fC4AJgDePk0,2023-04-22T11:00:23Z,"2023-04-22 11:00:23","𝟏𝟎𝟎 𝐊𝐂𝐀𝐋 & 𝐇𝐈𝐆𝐇 𝐏𝐑𝐎𝐓𝐄𝐈𝐍 𝐖𝐑𝐀𝐏 🫓","IF YOU LOVE DOING WRAPS, YOU HAVE TO TRY THIS LOW KCAL PROTEIN WRAP BREAD 🤩 First of all, prepare all the ingredients, so you have everything ready before starting to cook 👨🏽‍🍳 𝐌𝐀𝐂𝐑𝐎𝐒: 𝟏𝟎𝟎 𝐊𝐂𝐀𝐋 / 𝟏𝟑,𝟔𝐠 𝐂𝐀𝐑𝐁𝐒 / 𝟏𝟎𝐠 𝐏𝐑𝐎𝐓 / 𝟎,𝟐𝐠 𝐅𝐀𝐓 𝐈𝐍𝐆𝐑𝐄𝐃𝐈𝐄𝐍𝐓𝐒 𝐅𝐎𝐑 𝟑 𝐏𝐎𝐑𝐓𝐈𝐎𝐍𝐒: 270g egg whites 45g maïzena (or flour) 𝐄𝐍𝐉𝐎𝐘 😋 📖 𝐆𝐄𝐓 𝐘𝐎𝐔𝐑 𝐄-𝐁𝐎𝐎𝐊!! 𝐋𝐈𝐍𝐊 𝐈𝐍 𝐁𝐈𝐎 (𝐂𝐎𝐃𝐄: 𝐌𝐀𝐌𝐁𝐀𝐇𝟓𝟎) 𝐅𝐎𝐑 𝟓𝟎%𝐎𝐅𝐅 #healthyrecipes #highprotein #easyrecipes #weightloss",,19,"Travel & Events","Food,Lifestyle_(sociology)",PT30S,30,2d,hd,false,en,en,https://i.ytimg.com/vi/fC4AJgDePk0/maxresdefault.jpg,1,,,,,14712,781,,0,7
576,UCFqnvxz2f7J2cmTo_j0XMpA,"Mambah Fit",3hL24i9yV3o,2023-04-21T17:30:00Z,"2023-04-21 17:30:00","𝐁𝐄𝐄𝐅 𝐀𝐍𝐃 𝐒𝐖𝐄𝐄𝐓 𝐏𝐎𝐓𝐀𝐓𝐎 𝐒𝐊𝐈𝐋𝐋𝐄𝐓 🍠","YOU GOT TO TRY THIS TASTY AND INSANELY MACRO FRIENDLY RECIPE 💪🏽 First of all, prepare all the ingredients, so you have everything ready before starting to cook 👨🏽‍🍳 𝐌𝐀𝐂𝐑𝐎𝐒: 𝟒𝟖𝟎 𝐊𝐂𝐀𝐋 / 𝟔𝟓,𝟒𝐠 𝐂𝐀𝐑𝐁𝐒 / 𝟑𝟑,𝟗𝐠 𝐏𝐑𝐎𝐓 / 𝟐,𝟒 𝐅𝐀𝐓 𝐈𝐍𝐆𝐑𝐄𝐃𝐈𝐄𝐍𝐓𝐒 : 1 tbsp olive oil 1 sweet potato500g ground beef 425g black beans (200G without the liquid) 210g basmati rice 250ml mexican salsa 2 glasses water1 or 2 onions 𝐄𝐍𝐉𝐎𝐘 😋 📖 𝐆𝐄𝐓 𝐘𝐎𝐔𝐑 𝐄-𝐁𝐎𝐎𝐊!! 𝐋𝐈𝐍𝐊 𝐈𝐍 𝐁𝐈𝐎 (𝐂𝐎𝐃𝐄: 𝐌𝐀𝐌𝐁𝐀𝐇𝟓𝟎) 𝐅𝐎𝐑 𝟓𝟎%𝐎𝐅𝐅 #healthyrecipes #highprotein #easyrecipes #weightloss #fatloss",,19,"Travel & Events","Food,Lifestyle_(sociology)",PT42S,42,2d,hd,false,en,en,https://i.ytimg.com/vi/3hL24i9yV3o/maxresdefault.jpg,1,,,,,11654,597,,0,8
577,UCFqnvxz2f7J2cmTo_j0XMpA,"Mambah Fit",uD1_tgv_Yc4,2023-04-21T11:00:42Z,"2023-04-21 11:00:42","“𝐓𝐑𝐀𝐕𝐄𝐋 𝐖𝐈𝐓𝐇 𝐌𝐀𝐌𝐁𝐀𝐇” 𝐁𝐑𝐔𝐍𝐂𝐇 𝐃𝐀𝐘 🥯","For the past 4 days I was super sick 🤒, at home resting and mainly sleeping. But I didn’t forget about the last vlog of “TRAVEL WITH MAMBAH” They called it “The day after” but it was actually more than that! 😍 After the wedding night, we were invited for a nice brunch in a new location. It was stunning 🤩. We ate, danced, and had so much fun for our last day in Portugal 🇵🇹 After that we had to go to the airport to finally go back home ✈️. Long story short, I had 3H delay for my flight 😓 The trip was long, because I landed in Marrakech, had to take my car and drive 🚙 back to Casablanca, and it was exhausting because I wasn’t feeling well 🤒 When I arrived home, I decided to take it easy, chill and just watch a movie 🍿 for the rest of the night. ⚡️ 𝐌𝐀𝐓𝐙𝐀𝐏𝐄𝐖𝐒𝐇 ⚡️ #vlog #healthylifestyle #lifestyle #wedding #brunch",,19,"Travel & Events","Food,Lifestyle_(sociology)",PT42S,42,2d,hd,false,en,ar,https://i.ytimg.com/vi/uD1_tgv_Yc4/maxresdefault.jpg,1,,,,,8859,307,,0,6
578,UCFqnvxz2f7J2cmTo_j0XMpA,"Mambah Fit",agq6gJBfJl4,2023-04-20T17:30:00Z,"2023-04-20 17:30:00","Here is a short reel of how’s my recovery going 🤒😄","For the past 3 days I was in bed, feeling like s**t and could barely talk! I took a lot of vitamins, good sleep 😴, healthy food 🥗, no social media 📱, and here I am today, getting right back on track with some Alicia Keys 🎹 Sometimes I feel like I’m pushing too hard and not listening to my body, aaaand then I get sick 😷 This is a reminder to take care of yourself and don’t forget to rest and recover. Pushing hard and working towards your goal is amazing, but getting some good rest from time to time is part of the process too ✌🏼 How’s your week-end going? 🕺 #healthy #recovery #dancing #goodvibes #fitness",,19,"Travel & Events","Health,Lifestyle_(sociology)",PT16S,16,2d,hd,false,en,en,https://i.ytimg.com/vi/agq6gJBfJl4/maxresdefault.jpg,1,,,,,7812,286,,0,2
579,UCFqnvxz2f7J2cmTo_j0XMpA,"Mambah Fit",Cqu2PIwH_cg,2023-04-20T11:00:09Z,"2023-04-20 11:00:09","“𝐓𝐑𝐀𝐕𝐄𝐋 𝐖𝐈𝐓𝐇 𝐌𝐀𝐌𝐁𝐀𝐇” 𝐏𝐎𝐑𝐓𝐎 💒","Today we’re celebrating love in Porto 😍 Obviously started my day with a quick workout from my BodyScale program, which you can do from anywhere, and then got ready to leave 💪🏽 The whole reason we actually came to Portugal 🇵🇹 was because we were invited to the wedding of @explorerssaurus_ 💒 What can I say, it was a stunning experience 😍 We danced, laughed, had amazing food, and most importantly, shared amazing moments 🙏🏼 It was actually my first Portuguese wedding, which looks completely different than a Moroccan one 😅, but I loved it 😍 ⚡️ 𝐌𝐀𝐓𝐙𝐀𝐏𝐄𝐖𝐒𝐇 ⚡️ #vlog #healthylifestyle #lifestyle #wedding",,19,"Travel & Events",Lifestyle_(sociology),PT40S,40,2d,hd,false,en,en,https://i.ytimg.com/vi/Cqu2PIwH_cg/maxresdefault.jpg,1,,,,,14790,577,,0,14
580,UCFqnvxz2f7J2cmTo_j0XMpA,"Mambah Fit",UOl4eLlvXV4,2023-04-19T17:30:03Z,"2023-04-19 17:30:03","“𝐓𝐑𝐀𝐕𝐄𝐋 𝐖𝐈𝐓𝐇 𝐌𝐀𝐌𝐁𝐀𝐇” 𝐋𝐈𝐒𝐁𝐎𝐍 🚊 𝐏𝐎𝐑𝐓𝐎","Today was our last day in Lisbon! It was a quick stop but we still managed to do a lot 🙏🏼 The weather was amazing ☀️ so we decided to go have lunch at the beach, to eat the most amazing pizzas 🍕 ever!! 𝐍𝐎 𝐆𝐔𝐈𝐋𝐓 𝐀𝐓 𝐀𝐋𝐋 😌 After that, we had to go directly to the train station 🚊 so we can hop on our train and leave for Porto. The trip was about 3h so I decided to be productive and used this time to get some work done ✅ When we arrived in Porto, we did a quick check in, and left for dinner. We found a cute place where there were food trucks and music 🎵. Then back to the hotel 🏨 because tomorrow is a special day, the event why we actually came to Portugal 🇵🇹 ⚡️ 𝐌𝐀𝐓𝐙𝐀𝐏𝐄𝐖𝐒𝐇 ⚡️ #vlog #healthylife #lifestyle #travel #routine",,19,"Travel & Events","Lifestyle_(sociology),Tourism",PT34S,34,2d,hd,false,en,ar,https://i.ytimg.com/vi/UOl4eLlvXV4/maxresdefault.jpg,1,,,,,155785,6233,,0,92
581,UCFqnvxz2f7J2cmTo_j0XMpA,"Mambah Fit",U1YqSZ4voUw,2023-04-19T11:00:31Z,"2023-04-19 11:00:31","“𝐓𝐑𝐀𝐕𝐄𝐋 𝐖𝐈𝐓𝐇 𝐌𝐀𝐌𝐁𝐀𝐇” 𝐋𝐈𝐒𝐁𝐎𝐍 𝐃𝐀𝐘 𝟐 🇵🇹","Whenever I wake up and the weather is amazing ☀️ I feel like I have to take the opportunity to train outside and breath some fresh air! So I decided to go for a run and discover the city while working out 🏃🏽 After that, I came back to the hotel, got ready and we went for a walk, shopped and met up with my sister. We had lunch 🥙 all together and then decided to visit Lisbon with scooters. The day was exhausting so we decided to go back to the hotel, rest and get ready for dinner 🍽 We went to the really cute place called Leonetta, where we had special pasta 🍝 Overall, our day was pretty busy and we walked a lot which is good… because I’m eating tooooo much 🤪 ⚡️ 𝐌𝐀𝐓𝐙𝐀𝐏𝐄𝐖𝐒𝐇 ⚡️ #vlog #healthylifestyle #lifestyle #travel #routine",,19,"Travel & Events","Food,Lifestyle_(sociology),Tourism",PT37S,37,2d,hd,false,en,ar,https://i.ytimg.com/vi/U1YqSZ4voUw/maxresdefault.jpg,1,,,,,16381,657,,0,9
582,UCFqnvxz2f7J2cmTo_j0XMpA,"Mambah Fit",kxrt4to5wFE,2023-04-18T17:30:09Z,"2023-04-18 17:30:09","“𝐓𝐑𝐀𝐕𝐄𝐋 𝐖𝐈𝐓𝐇 𝐌𝐀𝐌𝐁𝐀𝐇” 𝐋𝐈𝐒𝐁𝐎𝐍 𝐃𝐀𝐘 𝟏 🇵🇹","Starting my day with a workout is a must for me, especially when it’s a week day. But today I felt pretty tired so I only did a power stretching to wake up properly 😅 After finishing packing, we left to the airport because we’re traveling ✈️ for the weekend!! 𝐋𝐈𝐒𝐁𝐎𝐍 𝐇𝐄𝐑𝐄 𝐖𝐄 𝐂𝐎𝐌𝐄 🇵🇹 When we arrived, we went for a walk 🚶‍♂️ to discover the city and finished with an amazing dinner during sunset 🌅 We’re going to be in Portugal for the next 4 days, soooooo ⚡️ 𝐌𝐀𝐓𝐙𝐀𝐏𝐄𝐖𝐒𝐇 ⚡️ #vlog #healthylifestyle #lifestyle #travel #healthyroutine",,19,"Travel & Events",Lifestyle_(sociology),PT31S,31,2d,hd,false,en,ar,https://i.ytimg.com/vi/kxrt4to5wFE/maxresdefault.jpg,1,,,,,6970,274,,0,5
583,UCFqnvxz2f7J2cmTo_j0XMpA,"Mambah Fit",zNo1B2-LJsY,2023-04-18T10:45:04Z,"2023-04-18 10:45:04","“𝐀 𝐃𝐀𝐘 𝐈𝐍 𝐌𝐘 𝐋𝐈𝐅𝐄” 𝐌𝐀𝐑𝐑𝐀𝐊𝐄𝐂𝐇 𝐄𝐃𝐈𝐓𝐈𝐎𝐍 🌴","Marrakech is one of my favorites cities in Morocco 🇲🇦 and one of the chillest, but I still manage to be super busy tho 😅 As usual, my morning routine never changes, I always need to get a good workout in before starting my day. It sets me in a powerful state of mind 🧠 After that, we decided to go to the famous Jemaa el-Fnaa, where google maps obviously got us lost, but once we arrived, we had an amazing breakfast 🍳 As you probably know, I also work in Marrakech, we have an amazing real estate project called @premiumvillagemarrakech where we just finished a new block, which is now ready to be lived in. And when I arrived back home, I remembered that I didn’t do any meal prep so I had to cook, eat and then finally chill 🙏🏼 ⚡️ 𝐌𝐀𝐓𝐙𝐀𝐏𝐄𝐖𝐒𝐇 ⚡️ #vlog #healthylifestyle #lifestyle #marrakech #healthyroutine",,19,"Travel & Events","Lifestyle_(sociology),Physical_fitness",PT47S,47,2d,hd,false,en,ar,https://i.ytimg.com/vi/zNo1B2-LJsY/maxresdefault.jpg,1,,,,,410066,16812,,0,303
584,UCFqnvxz2f7J2cmTo_j0XMpA,"Mambah Fit",EaPwiSDbwfk,2023-04-17T17:30:01Z,"2023-04-17 17:30:01","𝐋𝐎𝐖 𝐂𝐀𝐋𝐎𝐑𝐈𝐄 𝐁𝐔𝐑𝐑𝐈𝐓𝐎 🌯","OMG I JUST MADE AN AMAZING LOW KCAL VERSION OF ONE OF MY FAV FOODS 😍 First of all, prepare all the ingredients, so you have everything ready before starting to cook 👨🏽‍🍳 𝐌𝐀𝐂𝐑𝐎𝐒: 𝟔𝟏𝟓 𝐊𝐂𝐀𝐋 / 𝟒𝟖𝐠 𝐂𝐀𝐑𝐁𝐒 / 𝟒𝟕𝐠 𝐏𝐑𝐎𝐓 / 𝟏𝟖 𝐅𝐀𝐓 𝐈𝐍𝐆𝐑𝐄𝐃𝐈𝐄𝐍𝐓𝐒 : 1 tortilla bred 150g low fat minced meat 50g Mozzarella 50g Red pepper 50g green pepper 100g mexican salsa A bit of lettuce 𝐄𝐍𝐉𝐎𝐘 😋 #healthyrecipes #highprotein #easyrecipes #weightloss #fatloss",,19,"Travel & Events","Food,Lifestyle_(sociology)",PT42S,42,2d,hd,false,en,fr,https://i.ytimg.com/vi/EaPwiSDbwfk/maxresdefault.jpg,1,,,,,16781,1601,,0,19
585,UCFqnvxz2f7J2cmTo_j0XMpA,"Mambah Fit",vprHUQjbK04,2023-04-17T11:00:41Z,"2023-04-17 11:00:41","𝐋𝐎𝐖 𝐂𝐀𝐋𝐎𝐑𝐈𝐄 & 𝐇𝐈𝐆𝐇 𝐏𝐑𝐎𝐓𝐄𝐈𝐍 𝐏𝐈𝐙𝐙𝐀 🍕","This recipe should be illegal ! The macros for 2 pizzas are insane 😱 First of all, prepare all the ingredients, so you have everything ready before starting to cook 👨🏽‍🍳 𝐌𝐀𝐂𝐑𝐎𝐒: 𝟓𝟔𝟎 𝐊𝐂𝐀𝐋 / 𝟓𝟎𝐠 𝐂𝐀𝐑𝐁𝐒 / 𝟒𝟕𝐠 𝐏𝐑𝐎𝐓 / 𝟏𝟑𝐠 𝐅𝐀𝐓 𝐈𝐍𝐆𝐑𝐄𝐃𝐈𝐄𝐍𝐓𝐒 𝐅𝐎𝐑 𝟐 𝐩𝐢𝐳𝐳𝐚𝐬 : 2 pita bread 150g low fat minced meat 60g Mozzarella 1 Red pepper 70g Pizza Sauce 𝐄𝐍𝐉𝐎𝐘 😋 #healthyrecipes #highprotein #easyrecipes #weightloss #fatloss #healthypizza",,19,"Travel & Events","Food,Lifestyle_(sociology)",PT44S,44,2d,hd,false,en,en,https://i.ytimg.com/vi/vprHUQjbK04/maxresdefault.jpg,1,,,,,8173,425,,0,7
586,UCFqnvxz2f7J2cmTo_j0XMpA,"Mambah Fit",UrwCD2fDofQ,2023-04-16T17:00:13Z,"2023-04-16 17:00:13","𝐐𝐮𝐞𝐥 𝐭𝐲𝐩𝐞 𝐝'𝐞𝐧𝐭𝐫𝐚î𝐧𝐞𝐦𝐞𝐧𝐭 𝐝𝐨𝐢𝐬-𝐣𝐞 𝐟𝐚𝐢𝐫𝐞 𝐩𝐨𝐮𝐫 𝐏𝐄𝐑𝐃𝐑𝐄 𝐃𝐔 𝐏𝐎𝐈𝐃𝐒 ? 🧐","Lorsque qu’on parle de perte de poids, j'aime me concentrer sur la situation dans son ensemble, sur l'approche globale. L'entraînement cardio est un bon moyen d'augmenter ta dépense calorique quotidienne, et l'entraînement musculaire t’aideras à développer tes muscles, ce qui augmentera ton métabolisme et t’aideras à brûler plus de calories au repos. 💪🏽 J'adore les séances d'entraînement HIIT parce qu'elles combinent cardio et musculation dans la même séance, et qu'en plus, elles permettent de brûler une tonne de calories en un court laps de temps. En conclusion, tu ne dois pas te concentrer sur un seul type d'entraînement. Au contraire, crée un programme et effectue les 3 types d'entraînement à des jours différents. Ainsi, tu favoriseras la croissance musculaire et la perte de gras en même temps. 🔥 Enfin, n'oublie pas de manger sainement. 🥦. La nutrition est encore plus importante que l'entraînement. Fait la combinaison des deux, et tu auras le combo parfait pour atteindre tes objectifs. 🎯 🚀 N’hésite pas si tu as d’autres questions, Mambah est toujours là pour y répondre. 😇 🌐𝐍’𝐨𝐮𝐛𝐥𝐢𝐞 𝐩𝐚𝐬 𝐝𝐞 𝐫𝐞𝐣𝐨𝐢𝐧𝐝𝐫𝐞 𝐥𝐞 𝐩𝐫𝐨𝐠𝐫𝐚𝐦𝐦𝐞 𝐁𝐨𝐝𝐲𝐒𝐜𝐚𝐥𝐞 𝐩𝐨𝐮𝐫 𝐜𝐨𝐦𝐦𝐞𝐧𝐜𝐞𝐫 𝐭𝐚 𝐭𝐫𝐚𝐧𝐬𝐟𝐨𝐫𝐦𝐚𝐭𝐢𝐨𝐧!!! 𝐋𝐈𝐍𝐊 𝐈𝐍 𝐁𝐈𝐎 #fitness #healthy #healthylifestyle #fitnesstips #pertedepoids",,19,"Travel & Events","Health,Lifestyle_(sociology),Physical_fitness",PT49S,49,2d,hd,false,fr,ar,https://i.ytimg.com/vi/UrwCD2fDofQ/maxresdefault.jpg,1,,,,,10204,491,,0,8
587,UCFqnvxz2f7J2cmTo_j0XMpA,"Mambah Fit",4Z5_WIAYeik,2023-04-15T17:30:00Z,"2023-04-15 17:30:00","𝐋𝐎𝐖 𝐂𝐀𝐋𝐎𝐑𝐈𝐄 𝐋𝐎𝐀𝐃𝐄𝐃 𝐅𝐑𝐈𝐄𝐒 🥔","OMG!! I think this is one of the best thing I discovered!! A cheat meal without actually being a cheat meal 😍 You definitely have to try this amazing recipe 🚀 First of all, prepare all the ingredients, so you have everything ready before starting to cook 👨🏽‍🍳 𝐌𝐀𝐂𝐑𝐎𝐒: 𝟒𝟓𝟔 𝐊𝐂𝐀𝐋 /𝟑𝟕,𝟑𝐠 𝐂𝐀𝐑𝐁𝐒 /𝟒𝟐,𝟑𝐠 𝐏𝐑𝐎𝐓 /𝟗,𝟐𝐠 𝐅𝐀𝐓 𝐈𝐍𝐆𝐑𝐄𝐃𝐈𝐄𝐍𝐓𝐒 𝐅𝐎𝐑 𝟏 𝐏𝐎𝐑𝐓𝐈𝐎𝐍 : SEASONING 🧂 Salt Pepper Mild red pepper Cooking spray OTHER INGREDIENTS 🥔 200g potato or sweet potato 150g low fat minced meat 40g Mozzarella 50g Red pepper 50g Green pepper 𝐄𝐍𝐉𝐎𝐘 😋 #healthyrecipes #highprotein #easyrecipes #weightloss #fatloss",,19,"Travel & Events","Food,Lifestyle_(sociology)",PT39S,39,2d,hd,false,en,ar,https://i.ytimg.com/vi/4Z5_WIAYeik/maxresdefault.jpg,1,,,,,16645,1038,,0,9
588,UCFqnvxz2f7J2cmTo_j0XMpA,"Mambah Fit",pWtxkTO-5wo,2023-04-15T17:00:32Z,"2023-04-15 17:00:32","𝐌𝐈𝐍𝐃𝐒𝐄𝐓 𝐈𝐒 𝐊𝐄𝐘 𝐓𝐎 𝐀𝐂𝐇𝐈𝐄𝐕𝐈𝐍𝐆 𝐘𝐎𝐔𝐑 𝐆𝐎𝐀𝐋𝐒 🧠","Without a strong mindset, forget about crossing the finish line! We tend to wait for the motivation to kick our ass to go grind, but let me tell you, there is no such thing as motivation ❌. Your mindset is the secret, build it, train it, that’s how you’re going to achieve your goals, that’s how you’re going to be disciplined 💪🏽 𝐑𝐄𝐌𝐄𝐌𝐁𝐄𝐑: 𝐲𝐨𝐮𝐫 𝐦𝐢𝐧𝐝𝐬𝐞𝐭 𝐝𝐞𝐭𝐞𝐫𝐦𝐢𝐧𝐞𝐬 𝐰𝐡𝐨 𝐲𝐨𝐮 𝐚𝐫𝐞 👁️ #healthylifestyle #mindset #discipline #fitness #fitnessmotivation",,19,"Travel & Events","Health,Lifestyle_(sociology),Physical_fitness",PT9S,9,2d,hd,false,en,en,https://i.ytimg.com/vi/pWtxkTO-5wo/maxresdefault.jpg,1,,,,,5832,317,,0,8
589,UCFqnvxz2f7J2cmTo_j0XMpA,"Mambah Fit",_7L4RBvSY9U,2023-04-15T11:00:23Z,"2023-04-15 11:00:23","🔒 𝐒𝐀𝐕𝐄 𝐓𝐇𝐈𝐒 𝐅𝐔𝐋𝐋 𝐁𝐎𝐃𝐘 𝐖𝐎𝐑𝐊𝐎𝐔𝐓 𝐓𝐎 𝐁𝐔𝐈𝐋𝐃 𝐒𝐓𝐑𝐄𝐍𝐆𝐓𝐇 🔥","This is a quick and efficient full body workout to do from home! You can find the full follow along workout on my YouTube Channel 🚀 1️⃣ High knees 2️⃣ Alternated squat jump 3️⃣ Walkout plank to push up 4️⃣ Alternated jack 5️⃣ Plank hand lift 6️⃣ Mountain climbers ⚡️Perform 3 rounds, 30 sec of exercise, with 10 sec rest in between exercises and take 1 min rest at the end of the round🔥 🚨Make sure to perform the movement correctly and slowly to avoid injuries. 🧘🏽DONT FORGET TO WARM UP AT THE BEGINNING AND STRETCH AT THE END OF EVERY WORKOUT. YOU’LL FIND A WARM UP AND STRETCHING VIDEO ON MY PROFIL ! 📺 𝐅𝐔𝐋𝐋 𝐅𝐎𝐋𝐋𝐎𝐖 𝐀𝐋𝐎𝐍𝐆 𝐖𝐎𝐑𝐊𝐎𝐔𝐓 𝐎𝐍 𝐌𝐘 𝐘𝐎𝐔𝐓𝐔𝐁𝐄 𝐂𝐇𝐀𝐍𝐍𝐄𝐋 (𝐥𝐢𝐧𝐤 𝐢𝐧 𝐛𝐢𝐨) #fitness #workout #fullbodyworkout #healthylifestyle #followalong",,19,"Travel & Events","Health,Lifestyle_(sociology),Physical_fitness",PT30S,30,2d,hd,false,en,hi,https://i.ytimg.com/vi/_7L4RBvSY9U/maxresdefault.jpg,1,,,,,5082,216,,0,1
590,UCFqnvxz2f7J2cmTo_j0XMpA,"Mambah Fit",7neW-RFJz_w,2023-04-14T17:30:00Z,"2023-04-14 17:30:00","“𝐀 𝐂𝐀𝐒𝐔𝐀𝐋 𝐃𝐀𝐘 𝐈𝐍 𝐌𝐘 𝐋𝐈𝐅𝐄” 𝐌𝐎𝐍𝐃𝐀𝐘 🤓","Monday is the first day of the week, the day that will set the tone for the rest of the week, so you better be good at Mondaaaays 🤪 People tend to hate Mondays, but I love them. You know why? Because it’s a new opportunity to start better than last week, to set some new goals and to start fresh after a good weekend 💪🏽 I don’t know any better way to start a Monday than a good pre-workout shake from @fitnessboutiquemaroc to get an amazing workout in ⚡️ (GET 10% OFF WITH CODE: 𝐌𝐀𝐌𝐁𝐀𝐇𝟏𝟎) My Mondays are always super busy and i’m always on a rush, doing 10000 things. So when I come back home, I like to take at least 30 minutes with no cellphone 📱 or other distractions, and just think, relax and meditate 🧘🏽‍♂️ (kind of) What does your Mondays look like? 🧐 ⚡️ 𝐌𝐀𝐓𝐙𝐀𝐏𝐄𝐖𝐒𝐇 ⚡️ #fitness #healthy #healthylifestyle #vlog #discipline",,19,"Travel & Events","Health,Lifestyle_(sociology),Physical_fitness",PT49S,49,2d,hd,false,en,ar,https://i.ytimg.com/vi/7neW-RFJz_w/maxresdefault.jpg,1,,,,,186282,11497,,0,100
591,UCFqnvxz2f7J2cmTo_j0XMpA,"Mambah Fit",m2QW9ECp6Mo,2023-04-14T12:20:04Z,"2023-04-14 12:20:04","𝐋𝐎𝐖 𝐂𝐀𝐋𝐎𝐑𝐈𝐄 𝐁𝐄𝐄𝐅 & 𝐕𝐄𝐆𝐄𝐓𝐀𝐁𝐋𝐄𝐒 𝐖𝐎𝐊 🥩","No time for cooking ? No problem! Try this easy and tasty low calorie and high protein meal 😍 First of all, prepare all the ingredients, so you have everything ready before starting to cook 👨🏽‍🍳 𝐌𝐀𝐂𝐑𝐎𝐒: 𝟑𝟖𝟓 𝐊𝐂𝐀𝐋 /𝟐𝟖,𝟒𝐠 𝐂𝐀𝐑𝐁𝐒 / 𝟒𝟖,𝟓𝐠 𝐏𝐑𝐎𝐓 /𝟏𝟐,𝟐𝐠 𝐅𝐀𝐓 𝐈𝐍𝐆𝐑𝐄𝐃𝐈𝐄𝐍𝐓𝐒 𝐅𝐎𝐑 𝟒 𝐏𝐎𝐑𝐓𝐈𝐎𝐍𝐒 : SEASONING 🧂 2 tsp teryaki sauce 2 tbsp soya sauce Sesame seeds Salt OTHER INGREDIENTS 🥩 150g beef 50g yellow pepper 50g green pepper 50g red pepper 200g broccoli 𝐄𝐍𝐉𝐎𝐘 😋 #fitness #healthy #healthylifestyle #recipe",,19,"Travel & Events","Food,Lifestyle_(sociology)",PT42S,42,2d,hd,false,en,ar,https://i.ytimg.com/vi/m2QW9ECp6Mo/maxresdefault.jpg,1,,,,,135444,7018,,0,65
592,UCFqnvxz2f7J2cmTo_j0XMpA,"Mambah Fit",Z3WH9MIuF4U,2023-04-10T17:00:28Z,"2023-04-10 17:00:28","“𝐓𝐑𝐀𝐕𝐄𝐋 𝐖𝐈𝐓𝐇 𝐌𝐀𝐌𝐁𝐀𝐇” BACK HOME 🏠","The last 24h of my holidays didn’t go as expected at all!! They ended up canceling our flight back home, which made us decide to pass by Barcelona 🇪🇸 and stay a night in the city 😍. Btw, did I ever tell you that I did my studies in Barcelona and spent 4 amazing years there? So you can imagine how happy it made me when I knew I’m going to have a layover there - even though it was only for 24h. Anyways, what would be a stop in Barcelona without enjoying some tapas? NOTHING !! 😅 I ate like crazy the whooole trip but stayed active almost every day thanks to my BodyScale program, which allowed me to feel good and healthy 🙏🏼. Now I’m back home and already got right back on track with my training 🏋🏽 and my nutrition 🍏. ⚡️ MATZAPEWSH ⚡️",,19,"Travel & Events","Health,Lifestyle_(sociology)",PT38S,38,2d,hd,false,en,ar,https://i.ytimg.com/vi/Z3WH9MIuF4U/maxresdefault.jpg,1,,,,,26362,1204,,0,13
593,UCFqnvxz2f7J2cmTo_j0XMpA,"Mambah Fit",yNrFO9liEGs,2023-03-13T16:15:03Z,"2023-03-13 16:15:03","“𝐀 𝐂𝐇𝐈𝐋𝐋 𝐖𝐄𝐄𝐊𝐄𝐍𝐃 𝐃𝐀𝐘 𝐈𝐍 𝐌𝐘 𝐋𝐈𝐅𝐄” 𝐒𝐀𝐓𝐔𝐑𝐃𝐀𝐘 ☀️","I usually take Saturdays as days off from working out to let my body rest and breath. Today was different! I woke up motivated and after my morning iced coffee ☕️ I decided to go film some amazing workouts for my YouTube Channel so I can start posting again 🚀 (LINK IN BIO) After that, I treated myself to some tasty protein pancakes 🥞 from @fitnessboutiquemaroc (use code: 𝐌𝐀𝐌𝐁𝐀𝐇𝟏𝟎 for 10% off). Then decided to spend the day with my friend and neighbor, ordered food and watched a movie 🍿 As usual, there is not one single day without work for me 😅 so I came back home and worked for a bit. Finished amazingly well, with pizza 🍕 and Netflix by myself. ⚡️ 𝐌𝐀𝐓𝐙𝐀𝐏𝐄𝐖𝐒𝐇 ⚡️",,19,"Travel & Events","Food,Health,Lifestyle_(sociology),Physical_fitness",PT40S,40,2d,hd,false,en,ar,https://i.ytimg.com/vi/yNrFO9liEGs/maxresdefault.jpg,1,,,,,16665,1992,,0,7
594,UCFqnvxz2f7J2cmTo_j0XMpA,"Mambah Fit",HIGWLEZMsY4,2023-03-11T16:00:17Z,"2023-03-11 16:00:17","BALANCE ⚖️","When we talk about a healthy lifestyle, it doesn't mean restricting yourself to anything. As a matter of fact, if you restrict yourself too much in your daily routine, you won’t have a healthy mind, so always make sure to have a balance🧠 And don't forget - results don’t come overnight. You have to work for a long period of time to build a strong base. To be consistent, you can’t be too restrictive, because if you are, I can tell you right now, you’re going to fail 🤯 What you need to do, is learn how to transform your unhealthy habits, into healthy habits. You need to embrace the process, and love the journey 🚀 AND I’M HERE TO HELP YOU DO THAT!! SO STAY TUNED ⚡️",,19,"Travel & Events","Health,Lifestyle_(sociology),Physical_fitness",PT10S,10,2d,hd,false,en,en,https://i.ytimg.com/vi/HIGWLEZMsY4/maxresdefault.jpg,1,,,,,6576,310,,0,4
595,UCFqnvxz2f7J2cmTo_j0XMpA,"Mambah Fit",DdVjRY8owqs,2023-03-09T16:30:01Z,"2023-03-09 16:30:01","“𝐓𝐑𝐀𝐕𝐄𝐋 𝐖𝐈𝐓𝐇 𝐌𝐀𝐌𝐁𝐀𝐇” DUBROVNIK 🇭🇷","Our last destination of this trip was Dubrovnik ! What an amazing city 😍. Finishing our trip in a hotel with an amazing view was the best choice ever. As usual, I went to the gym in the morning to stay healthy and fit, had breakfast and headed to the old town to visit with the family. We took some pictures 📸, ate some pizza 🍕 and went back to the hotel 🏨. When we were back, I decided to do a quick 20 min HIIT from my BodyScale Program and started working for a bit during sunset 🌅. We ended the trip with a nice dinner outside, and got ready to go back home 🏡 It’s been a pleasure sharing my trip with you all, and as I always say, it’s only the beginning of a looooong journey 🚀 ⚡️ MATZAPEWSH ⚡️",,19,"Travel & Events","Lifestyle_(sociology),Tourism",PT30S,30,2d,hd,false,en,ar,https://i.ytimg.com/vi/DdVjRY8owqs/maxresdefault.jpg,1,,,,,7616,469,,0,3
596,UCFqnvxz2f7J2cmTo_j0XMpA,"Mambah Fit",5X6KVp_XkuQ,2023-03-08T16:00:03Z,"2023-03-08 16:00:03","“𝐓𝐑𝐀𝐕𝐄𝐋 𝐖𝐈𝐓𝐇 𝐌𝐀𝐌𝐁𝐀𝐇” RECAP","A lot of you asked me for the itinerary of my trip to Croatia 🇭🇷, so here is a recap of the islands 🏝 we visited while sailing ⛵️ over the Adriatic sea 🌊 1️⃣ Split 2️⃣ Trogir & Milna 3️⃣ Hvar 4️⃣ Korčula 5️⃣ Lastovo 6️⃣ Mljet 7️⃣ Dubrovnik We spent an amazing week on a guelet, ate 🍽 , swam 🏊🏽‍♂️ , danced 🕺 , tanned ☀️, chilled 🐨, slept 😴 and most importantly spent some quality time with the family 😍 𝐓𝐈𝐏: If you are planning on doing a boat trip through Croatia 🇭🇷, try to sleep in as many creeks as possible and avoid crowded ports ⚓️",,19,"Travel & Events","Lifestyle_(sociology),Tourism",PT12S,12,2d,hd,false,en,en,https://i.ytimg.com/vi/5X6KVp_XkuQ/maxresdefault.jpg,1,,,,,12062,502,,0,7
597,UCFqnvxz2f7J2cmTo_j0XMpA,"Mambah Fit",zn7QavE2ZIY,2023-03-07T16:00:36Z,"2023-03-07 16:00:36","WELCOME TO DAY 9 OF “𝐓𝐑𝐀𝐕𝐄𝐋 𝐖𝐈𝐓𝐇 𝐌𝐀𝐌𝐁𝐀𝐇” ✈️","This was our last morning on the boat 🛥 so we decided to do a quick and chill acro yoga 🧘🏽‍♂️ session before having my usual morning coffee ☕️ After that, we had to pack our bags and leave the boat, to go to our last stop: DUBROVNIK 🇭🇷 First thing I did when we arrived, was a quick workout session at the hotel gym to feel good 😊, which I finished with a spa 🧖‍♂️ session. Later we had sushi 🍣 for lunch and went back to the hotel to enjoy the nice sunset 🌅. Hope you guys enjoyed the mini travel vlogs, there will be one more at the end of our stay in Dubrovnik, so STAY TUNED ⚡️",,19,"Travel & Events","Lifestyle_(sociology),Physical_fitness",PT31S,31,2d,hd,false,en,ar,https://i.ytimg.com/vi/zn7QavE2ZIY/maxresdefault.jpg,1,,,,,69583,3440,,0,66
598,UCFqnvxz2f7J2cmTo_j0XMpA,"Mambah Fit",2QVFMSXDuBM,2023-03-06T16:00:01Z,"2023-03-06 16:00:01","WELCOME TO DAY 8 OF “𝐓𝐑𝐀𝐕𝐄𝐋 𝐖𝐈𝐓𝐇 𝐌𝐀𝐌𝐁𝐀𝐇” ✈️","I woke up this morning in an amazing bay 🏝 and took this opportunity to do a morning stretching + meditation session 🧘🏽‍♂️. Had coffee ☕️ and ended the morning paddling and doing a quick workout 🏋🏽 to feel great afterwards. Moving during holidays is key to maintain health and still keep progressing 🚀 Then we arrived at an amazing restaurant in the middle of nowhere to spend the rest of the day there. We had an enormous fish for lunch 🐟, enjoyed, tanned and went back to the boat 🛥. Ended the day paddling and watching the sunset 🌅 on our way to Dubrovnik 🇭🇷 This was my last full day on the boat 🛥. For the next 3 days we’ll be exploring Dubrovnik, so MATZAPEWSH ⚡️",,19,"Travel & Events","Lifestyle_(sociology),Tourism",PT30S,30,2d,hd,false,en,ar,https://i.ytimg.com/vi/2QVFMSXDuBM/maxresdefault.jpg,1,,,,,7850,487,,0,5
599,UCFqnvxz2f7J2cmTo_j0XMpA,"Mambah Fit",-tY0uRSuKF4,2023-03-05T16:00:00Z,"2023-03-05 16:00:00","WELCOME TO DAY 7 OF “𝐓𝐑𝐀𝐕𝐄𝐋 𝐖𝐈𝐓𝐇 𝐌𝐀𝐌𝐁𝐀𝐇” ✈️","Today I slept like a baby and decided to go for a swim 🏊🏽‍♂️ to wake up properly. You can’t even imagine all the benefits it has for your body and mind 😍 Finished the morning having my coffee ☕️, doing intermittent fasting (because we eat a lot 😅), and it actually felt great. For lunch we had good healthy food, and @stefanpaunic made an amazing fish 🐟 on the grill and some ribeye steak 🥩. Ended the day swimming during sunset 🌅 and just enjoying the moment. MATZAPESH for the last few days of 𝐓𝐑𝐀𝐕𝐄𝐋 𝐖𝐈𝐓𝐇 𝐌𝐀𝐌𝐁𝐀𝐇 ⚡️",,19,"Travel & Events","Food,Lifestyle_(sociology),Tourism",PT27S,27,2d,hd,false,en,ar,https://i.ytimg.com/vi/-tY0uRSuKF4/maxresdefault.jpg,1,,,,,29475,1241,,0,15
600,UCFqnvxz2f7J2cmTo_j0XMpA,"Mambah Fit",xNSZ4-tHKSk,2023-03-04T16:00:29Z,"2023-03-04 16:00:29","WELCOME TO DAY 6 OF “𝐓𝐑𝐀𝐕𝐄𝐋 𝐖𝐈𝐓𝐇 𝐌𝐀𝐌𝐁𝐀𝐇” ✈️","Unfortunately this morning I broke my fitness mat but then decided to go for a ski session with my dad to move a bit because I felt quite heavy the past days. After, we had a pretty amazing and simple chicken 🍗 nuggets lunch (healthier than fast food tho). When we arrived to a new island 🏝 we found some bikes 🚲 and decided to go for a tour around the national park 🏞. We did a 2h ride and finished the day ordering some pizzas 🍕 to take them on the boat and spend the evening there. 𝐑𝐞𝐦𝐢𝐧𝐝𝐞𝐫: when you’re on holidays, try to move as much as you can to burn 🔥 as many calories as possible, because you end up eating a lot more… 𝐍𝐎 𝐉𝐔𝐒𝐓 𝐊𝐈𝐃𝐃𝐈𝐍𝐆, 𝐄𝐍𝐉𝐎𝐘 😊",,19,"Travel & Events","Lifestyle_(sociology),Tourism",PT32S,32,2d,hd,false,en,ar,https://i.ytimg.com/vi/xNSZ4-tHKSk/maxresdefault.jpg,1,,,,,10279,1146,,0,12
601,UCFqnvxz2f7J2cmTo_j0XMpA,"Mambah Fit",90lsXBM_jD4,2023-03-03T16:00:04Z,"2023-03-03 16:00:04","WELCOME TO DAY 5 OF “𝐓𝐑𝐀𝐕𝐄𝐋 𝐖𝐈𝐓𝐇 𝐌𝐀𝐌𝐁𝐀𝐇” ✈️","What an amazing day! Woke up in the middle of the sea 🌊 and had coffee before getting ready to do my workout 🏋🏽. I’m trying to stay as active as I can, move and stay healthy. Nonetheless, I’m eating a looooot 😋 and I’m enjoying 100% Remember, when you’re on holidays, you can let go, enjoy, eat, drink and rest. But if you can do a quick 20 min workout every 2 days to stay active, it’s even better! STAY HEALTHY, STAY STRONG, STAY HUNGRY & MAAATZAPESH ⚡️",,19,"Travel & Events","Food,Lifestyle_(sociology),Tourism",PT32S,32,2d,hd,false,en,ar,https://i.ytimg.com/vi/90lsXBM_jD4/maxresdefault.jpg,1,,,,,10392,803,,0,15
602,UCFqnvxz2f7J2cmTo_j0XMpA,"Mambah Fit",NjPux7gNch8,2023-03-02T16:00:10Z,"2023-03-02 16:00:10","WELCOME TO DAY 4 OF “𝐓𝐑𝐀𝐕𝐄𝐋 𝐖𝐈𝐓𝐇 𝐌𝐀𝐌𝐁𝐀𝐇” ✈️","There is no better way to start the day than with an amazing sunrise 🌅. As usual, I had a coffee before everyone woke up and then we had a good breakfast 🍳 all together while sailing ⛵️ to a new bay. I decided to work before it gets too hot 🥵 and then jumped into the water to have a refreshing swim 🏊‍♂️. But what would be a healthy lifestyle without any movement? So, I went for a 30 min paddle boarding session before lunch 🥗 At the end of the day, we went to a cute port ⚓️ and had an amazing seafood dinner 🦞. Hope you’re enjoying the mini vlogs of my holidays, if you have any recommendations let me knoooow !! Aaand MATZAPEWSH ⚡️",,19,"Travel & Events","Hobby,Lifestyle_(sociology),Tourism",PT29S,29,2d,hd,false,en,ar,https://i.ytimg.com/vi/NjPux7gNch8/maxresdefault.jpg,1,,,,,198840,11453,,0,121
603,UCFqnvxz2f7J2cmTo_j0XMpA,"Mambah Fit",lvPT3A8aZyI,2023-03-01T16:30:08Z,"2023-03-01 16:30:08","WELCOME TO DAY 3 OF “𝐓𝐑𝐀𝐕𝐄𝐋 𝐖𝐈𝐓𝐇 𝐌𝐀𝐌𝐁𝐀𝐇” ✈️","We woke up this morning with the sun ☀️ and realized we ended up falling asleep 😴 outside after watching a movie yesterday night ✨ First day on the boat, started with a good granola bowl, and then I worked for 2 hours while we were sailing ⛵️ to go to our next destination. When arrived at Hvar, we went for lunch 🥙 and no had an amazing ice-cream 🍦 to cool down a bit. Back to the boat, we tanned and chilled a bit before se ended the day playing cards 🎴. And you, how was your day ? 😎",,19,"Travel & Events","Hobby,Lifestyle_(sociology),Tourism",PT31S,31,2d,hd,false,en,ar,https://i.ytimg.com/vi/lvPT3A8aZyI/maxresdefault.jpg,1,,,,,15087,1598,,0,14
604,UCFqnvxz2f7J2cmTo_j0XMpA,"Mambah Fit",3FDtlpLoFBM,2023-02-28T16:00:01Z,"2023-02-28 16:00:01","WELCOME TO DAY 2 OF “𝐓𝐑𝐀𝐕𝐄𝐋 𝐖𝐈𝐓𝐇 𝐌𝐀𝐌𝐁𝐀𝐇” ✈️","Finally today we get to drop our luggage 🧳 somewhere for the rest of the week. After arriving in Split, we spent the night in a Hotel 🏨, did a quick tour of the city, had amazing seafood 🦞 for lunch and went straight to the boat 🛥 where we are staying for the rest of the trip. The advantage of staying on a boat is that you are constantly moving and visiting new places ☀️ without the pain of redoing your luggage and going to an airport ✈️ every time. What’s your favorite type of holidays ? 😎",,19,"Travel & Events","Lifestyle_(sociology),Tourism",PT29S,29,2d,hd,false,en,ar,https://i.ytimg.com/vi/3FDtlpLoFBM/maxresdefault.jpg,1,,,,,46170,4391,,0,26
605,UCFqnvxz2f7J2cmTo_j0XMpA,"Mambah Fit",j6XzkXMTygo,2023-02-26T16:00:22Z,"2023-02-26 16:00:22","COME WITH ME TO THE BEACH 🏖","Aaaah woke up this morning with an amazing mood because I knew it’s going to be a good day 😁. I prepared an iced coffee ☕️ and got ready to workout at home. Did an amazing HIIT from my BodyScale Program (🌐LINK IN BIO), and got ready to go to the beach 🏝. As you know, a good beach day needs to have a BBQ, fish 🐟 or meat 🥩 but bbq for sure ! So I decided to go buy meat before meeting with my friends. When I arrived, the weather was amazing, the sea 🌊 was calm and the sun ☀️ was shining. We ate, tanned, danced, had ice-cream 🍦and a loooot of fun 🤪 And you? How was your weekend ? What did you do ? 😎",,19,"Travel & Events","Health,Lifestyle_(sociology),Physical_fitness",PT30S,30,2d,hd,false,en,ar,https://i.ytimg.com/vi/j6XzkXMTygo/maxresdefault.jpg,1,,,,,12348,919,,0,10
606,UCFqnvxz2f7J2cmTo_j0XMpA,"Mambah Fit",xK8lgrukeoo,2023-02-25T17:00:38Z,"2023-02-25 17:00:38","🔒 𝐒𝐀𝐕𝐄 𝐓𝐇𝐈𝐒 𝐅𝐔𝐋𝐋 𝐁𝐎𝐃𝐘 𝐖𝐎𝐑𝐊𝐎𝐔𝐓 𝐓𝐎 𝐁𝐔𝐑𝐍 𝐒𝐎𝐌𝐄 𝐂𝐀𝐋𝐎𝐑𝐈𝐄𝐒 🔥","This is a quick and efficient full body workout to do from home! No more excuses! Let’s get this workout 🏋🏽 done ✅ 1️⃣ Burpees 2️⃣ Reverse lunge 3️⃣ Push ups 4️⃣ Plank knee touch 5️⃣ Latéral high knees ⚡️Perform 3 rounds, 30 sec of exercise, with 10 sec rest in between exercises and take 1 min rest at the end of the round🔥 🚨Make sure to perform the movement correctly and slowly to avoid injuries. 🧘🏽DONT FORGET TO WARM UP AT THE BEGINNING AND STRETCH AT THE END OF EVERY WORKOUT. YOU’LL FIND A WARM UP AND STRETCHING VIDEO ON MY PROFIL !",,19,"Travel & Events","Health,Lifestyle_(sociology),Physical_fitness",PT18S,18,2d,hd,false,en,en,https://i.ytimg.com/vi/xK8lgrukeoo/maxresdefault.jpg,1,,,,,6708,288,,0,3
607,UCFqnvxz2f7J2cmTo_j0XMpA,"Mambah Fit",gD4KEmtfjS0,2023-02-25T16:00:31Z,"2023-02-25 16:00:31","𝐖𝐇𝐀𝐓 𝐄𝐗𝐄𝐑𝐂𝐈𝐒𝐄 𝐒𝐇𝐎𝐔𝐋𝐃 𝐈 𝐃𝐎 𝐓𝐎 𝐋𝐎𝐒𝐄 𝐁𝐄𝐋𝐋𝐘 𝐅𝐀𝐓 🧐","THE ANSWER IS NONE!! THERE IS NOT ONE AND ONLY EXERCISE TO GET VISIBLE ABS 😅 It’s a training of the whole body and particularly of the large muscle groups which will consume abdominal fat. The abs are muscles that are too small and do not alone allow you to find a flat stomach… On the other hand, they are necessary to solve back problems and are essential for posture and body stability 🤸🏽 So stop doing 10000 crunches trying to get abs, and instead, focused on a full body training and HIIT workouts to burn more calories and be in a calorie deficit 🔥 🚀 Don’t hesitate - if you have any other question, Mambah is always here to answer them. 😇 🌐 𝐃𝐨𝐧’𝐭 𝐟𝐨𝐫𝐠𝐞𝐭 𝐭𝐨 𝐣𝐨𝐢𝐧 𝐭𝐡𝐞 𝐁𝐨𝐝𝐲𝐒𝐜𝐚𝐥𝐞 𝐩𝐫𝐨𝐠𝐫𝐚𝐦 𝐭𝐨 𝐬𝐭𝐚𝐫𝐭 𝐲𝐨𝐮𝐫 𝐭𝐫𝐚𝐧𝐬𝐟𝐨𝐫𝐦𝐚𝐭𝐢𝐨𝐧!!! 𝐋𝐈𝐍𝐊 𝐈𝐍 𝐁𝐈𝐎 🌐",,19,"Travel & Events","Health,Lifestyle_(sociology),Physical_fitness",PT39S,39,2d,hd,false,en,en,https://i.ytimg.com/vi/gD4KEmtfjS0/maxresdefault.jpg,1,,,,,4211,250,,0,4
608,UCFqnvxz2f7J2cmTo_j0XMpA,"Mambah Fit",VUdPzwbRpoo,2023-02-24T17:30:06Z,"2023-02-24 17:30:06","A CASUAL DAY IN MY LIFE 🎥","I woke up this morning feeling a bit sick but still decided to stand up and go to the gym as always. 𝐈 𝐂𝐀𝐋𝐋 𝐓𝐇𝐈𝐒 𝐃𝐈𝐒𝐂𝐈𝐏𝐋𝐈𝐍𝐄 💪🏽 I got ready, prepared my bag for the day, with my protein shake and my meal prep to be on point 🚀 Went to the gym and started with a functional training session, then a HIIT to maximize my calorie expenditure and burn faaaat 🔥 Then went to the office and started working on a new exciting project 👨🏽‍💻 so STAY TUNED to know more about it. After lunch I felt sick and decided to go back home to rest and recover, because i wasn’t feeling productive at all anymore 🤒 𝐒𝐨 𝐣𝐮𝐬𝐭 𝐚 𝐫𝐞𝐦𝐢𝐧𝐝𝐞𝐫, when you feel that your body needs rest, don’t push to hard. Instead, take some rest, recover and then when you feel better again, GO FOR IT 🔋",,19,"Travel & Events","Health,Lifestyle_(sociology),Physical_fitness",PT29S,29,2d,hd,false,en,fr,https://i.ytimg.com/vi/VUdPzwbRpoo/maxresdefault.jpg,1,,,,,80088,4767,,0,37
609,UCFqnvxz2f7J2cmTo_j0XMpA,"Mambah Fit",p4SH34s9LYI,2023-02-23T19:30:03Z,"2023-02-23 19:30:03","𝐂𝐎𝐌𝐁𝐈𝐄𝐍 𝐃𝐄 𝐓𝐄𝐌𝐏𝐒 𝐃𝐎𝐈𝐒-𝐉𝐄 𝐌’𝐄𝐍𝐓𝐑𝐀Î𝐍𝐄𝐑 ? 🧐","Il faut savoir que tes entraînements n'ont pas besoin d'être longs pour être efficaces. Il faut arrêter d’avoir le mindset « plus je m’entraîne, plus j’aurais des résultats » 𝐂’𝐄𝐒𝐓 𝐅𝐀𝐔𝐓 ! Ton corps a besoin de repos pour pouvoir se reconstruire 💪🏽 Dépendant de ton objectif, tu trouveras l’entraînement approprié pour toi. No stress, tu n’as pas besoin d’une heure de cardio pour être en forme ! Au contraire, 15-20 minutes de HIIT vont être beaucoup plus bénéfiques pour toi. ✌🏽 🚀 N’hésite pas si tu as d’autres questions, Mambah est toujours là pour y répondre. 😇 🌐𝐍’𝐨𝐮𝐛𝐥𝐢𝐞 𝐩𝐚𝐬 𝐝𝐞 𝐫𝐞𝐣𝐨𝐢𝐧𝐝𝐫𝐞 𝐥𝐞 𝐩𝐫𝐨𝐠𝐫𝐚𝐦𝐦𝐞 𝐁𝐨𝐝𝐲𝐒𝐜𝐚𝐥𝐞 𝐩𝐨𝐮𝐫 𝐜𝐨𝐦𝐦𝐞𝐧𝐜𝐞𝐫 𝐭𝐚 𝐭𝐫𝐚𝐧𝐬𝐟𝐨𝐫𝐦𝐚𝐭𝐢𝐨𝐧!!! 𝐋𝐈𝐍𝐊 𝐈𝐍 𝐁𝐈𝐎",,19,"Travel & Events","Health,Lifestyle_(sociology),Physical_fitness",PT37S,37,2d,hd,false,fr,fr,https://i.ytimg.com/vi/p4SH34s9LYI/maxresdefault.jpg,1,,,,,5326,289,,0,6
610,UCFqnvxz2f7J2cmTo_j0XMpA,"Mambah Fit",pk6Fvk-xu44,2023-02-23T16:23:59Z,"2023-02-23 16:23:59","MY HEALTHY SUNDAY ROUTINE ☀️","I’m getting right back on track after a week of holidays and there is noooo better way to finish the week than a good workout 🏋🏽 and a good lunch 🥩 with friends. As you can see, I had a busy Sunday, started with coffee ☕️ and some work, did an amazing training in the morning, then went for lunch 🥙 with a crazy friend 😎, then back home to work 👨🏽‍💻 and ended my day meal prepping for the week 💪🏽. Now I’m 💯 ready to start my week, full of energy and good vibes 🤙🏽.",,19,"Travel & Events","Health,Lifestyle_(sociology),Physical_fitness",PT32S,32,2d,hd,false,en,fr,https://i.ytimg.com/vi/pk6Fvk-xu44/maxresdefault.jpg,1,,,,,9441,516,,0,10
611,UCFqnvxz2f7J2cmTo_j0XMpA,"Mambah Fit",DO12uNwmHH4,2023-01-08T18:00:03Z,"2023-01-08 18:00:03","TRAVEL WITH ME | Let's go on a Safari 🦒","Welcome back to my channel La MambahFam ! 😇 I had a fantastic time on my latest trip and wanted to share some highlights with you all. One of the most memorable moments was visiting a Masai village on the way to the safari. It was such a unique and enriching experience 🤩. The safari itself was also incredible 🦒. I've been on a few before, but this one really stood out to me in terms of the variety and number of animals we saw. It's always inspiring to witness these creatures in their natural habitats and observe how they interact with each other. We spent two days on the safari and it was an unforgettable experience. I'm grateful 🙏🏼 for the opportunity to learn more about wildlife and see it up close. Overall, it was an amazing trip and I'll never forget it. ⚡️ 𝐌𝐀𝐓𝐙𝐀𝐏𝐄𝐖𝐒𝐇 ⚡️ 〰️ 𝐅𝐈𝐍𝐃 𝐌𝐄 𝐎𝐍 𝐒𝐎𝐂𝐈𝐀𝐋 𝐌𝐄𝐃𝐈𝐀 ↳ instagram ➭ https://www.instagram.com/mambahfit/ ↳ tiktok ➭ https://www.tiktok.com/@mambahfit ↳ website ➭ https://www.mambahfit.com/ 〰️ 𝐂𝐎𝐍𝐓𝐀𝐂𝐓 𝐌𝐄 ✉️ y.amor@mambahfit.com 💪🏽 𝐉𝐎𝐈𝐍 𝐌𝐘 𝟑𝟎 𝐃𝐀𝐘 𝐅𝐈𝐓𝐍𝐄𝐒𝐒 𝐏𝐑𝐎𝐆𝐑𝐀𝐌 𝐅𝐎𝐑 𝐈𝐍𝐒𝐀𝐍𝐄 𝐑𝐄𝐒𝐔𝐋𝐓𝐒: https://www.mambahfit.com/","day in the life,daily vlog,vlog,healthy lifestyle,mambahfit,vlog morocco,adayinmylife,dayinlife,travel,kenya,safari,travel vlog,giraffe,wild life,masai,masai mara,masai village,lions",19,"Travel & Events","Lifestyle_(sociology),Tourism",PT15M12S,912,2d,hd,false,en,en,https://i.ytimg.com/vi/DO12uNwmHH4/maxresdefault.jpg,1,,,,,35780,1642,,0,86
612,UCFqnvxz2f7J2cmTo_j0XMpA,"Mambah Fit",fni_XS0BtqI,2023-01-04T18:00:15Z,"2023-01-04 18:00:15","TRAVEL WITH ME | A moroccan visiting Nairobi 🇰🇪","Welcome back to my channel La MambahFam ! 😇 Today I’m taking you with me on an amazing adventure! We’re all going to Kenya together and I’ll make sure you live the experience as much as I do 🦁 This video is all about Nairobi, the capital of Kenya 🇰🇪 Despite the long journey to Nairobi, I’m excited about this trip, and to share this experience with all of you 🚀 ⚡️ 𝐌𝐀𝐓𝐙𝐀𝐏𝐄𝐖𝐒𝐇 ⚡️ 〰️ 𝐅𝐈𝐍𝐃 𝐌𝐄 𝐎𝐍 𝐒𝐎𝐂𝐈𝐀𝐋 𝐌𝐄𝐃𝐈𝐀 ↳ instagram ➭ https://www.instagram.com/mambahfit/ ↳ tiktok ➭ https://www.tiktok.com/@mambahfit ↳ website ➭ https://www.mambahfit.com/ 〰️ 𝐂𝐎𝐍𝐓𝐀𝐂𝐓 𝐌𝐄 ✉️ y.amor@mambahfit.com 💪🏽 𝐉𝐎𝐈𝐍 𝐌𝐘 𝟑𝟎 𝐃𝐀𝐘 𝐅𝐈𝐓𝐍𝐄𝐒𝐒 𝐏𝐑𝐎𝐆𝐑𝐀𝐌 𝐅𝐎𝐑 𝐈𝐍𝐒𝐀𝐍𝐄 𝐑𝐄𝐒𝐔𝐋𝐓𝐒: https://www.mambahfit.com/","day in the life,daily vlog,vlog,healthy lifestyle,mambahfit,vlog morocco,adayinmylife,dayinlife,travel,kenya,nairobi,safari,travel vlog,giraffe,giraffe manor,wild life",19,"Travel & Events","Lifestyle_(sociology),Tourism",PT17M52S,1072,2d,hd,false,en,en,https://i.ytimg.com/vi/fni_XS0BtqI/maxresdefault.jpg,1,,,,,23411,846,,0,99
613,UCFqnvxz2f7J2cmTo_j0XMpA,"Mambah Fit",DH7qdMs7BNM,2022-12-18T09:30:01Z,"2022-12-18 09:30:01","TRAVEL WITH ME | A week-end getaway in Germany 🇩🇪","Welcome back to my channel La MambahFam ! 😇 If you know me, you know that I’m half German from my mom’s side & my gf is German, but actually, I’ve never been to Germany 😅 Today I’ve decided to remedy this and travel ✈️ to Germany to discover this beautiful country. From Christmas markets 🎄 to German food 🥔, I’m going to show you the whole journey, soooooo ⚡️ 𝐌𝐀𝐓𝐙𝐀𝐏𝐄𝐖𝐒𝐇 ⚡️ 〰️ 𝐅𝐈𝐍𝐃 𝐌𝐄 𝐎𝐍 𝐒𝐎𝐂𝐈𝐀𝐋 𝐌𝐄𝐃𝐈𝐀 ↳ instagram ➭ https://www.instagram.com/mambahfit/ ↳ tiktok ➭ https://www.tiktok.com/@mambahfit ↳ website ➭ https://www.mambahfit.com/ 〰️ 𝐂𝐎𝐍𝐓𝐀𝐂𝐓 𝐌𝐄 ✉️ y.amor@mambahfit.com 💪🏽 𝐉𝐎𝐈𝐍 𝐌𝐘 𝟑𝟎 𝐃𝐀𝐘 𝐅𝐈𝐓𝐍𝐄𝐒𝐒 𝐏𝐑𝐎𝐆𝐑𝐀𝐌 𝐅𝐎𝐑 𝐈𝐍𝐒𝐀𝐍𝐄 𝐑𝐄𝐒𝐔𝐋𝐓𝐒: https://www.mambahfit.com/","day in the life,daily vlog,vlog,healthy lifestyle,mambahfit,vlog morocco,adayinmylife,dayinlife,travel,germany,christmas,christmas market,german food,christmas tree,winter,winter 2022",19,"Travel & Events","Lifestyle_(sociology),Tourism",PT16M42S,1002,2d,hd,false,en,en,https://i.ytimg.com/vi/DH7qdMs7BNM/maxresdefault.jpg,1,,,,,30705,1146,,0,125
614,UCFqnvxz2f7J2cmTo_j0XMpA,"Mambah Fit",VlkQwA3i_p0,2022-12-16T17:30:04Z,"2022-12-16 17:30:04","TRAVEL WITH ME | I went to Doha for 24h to support Morocco at the World Cup 🇲🇦","Welcome back to my channel La MambahFam ! 😇 My mom surprised me with tickets to the semi-final game of the world cup two days ago and I think I never went on a trip so last minute! But Qatar was calling, history was in the making, and I had to cease the opportunity and hop on the first plane to Doha 🏆 Morocco 🇲🇦 was playing the semi-finals and they made history! Even though they didn't win, they played extremely well and I’m so grateful that I got to experience this special moment🤩 Despite the result, Morocco surprised the world, they won much more than the World Cup, they won our hearts ❤️ It was an amazing experience, first time watching a football game in a stadium, and on top of that it was for the World Cup 🔥. It was short and quick, but worth it 🙏🏼 ⚡️ 𝐌𝐀𝐓𝐙𝐀𝐏𝐄𝐖𝐒𝐇 ⚡️ 〰️ 𝐅𝐈𝐍𝐃 𝐌𝐄 𝐎𝐍 𝐒𝐎𝐂𝐈𝐀𝐋 𝐌𝐄𝐃𝐈𝐀 ↳ instagram ➭ https://www.instagram.com/mambahfit/ ↳ tiktok ➭ https://www.tiktok.com/@mambahfit ↳ website ➭ https://www.mambahfit.com/ 〰️ 𝐂𝐎𝐍𝐓𝐀𝐂𝐓 𝐌𝐄 ✉️ y.amor@mambahfit.com 💪🏽 𝐉𝐎𝐈𝐍 𝐌𝐘 𝟑𝟎 𝐃𝐀𝐘 𝐅𝐈𝐓𝐍𝐄𝐒𝐒 𝐏𝐑𝐎𝐆𝐑𝐀𝐌 𝐅𝐎𝐑 𝐈𝐍𝐒𝐀𝐍𝐄 𝐑𝐄𝐒𝐔𝐋𝐓𝐒: https://www.mambahfit.com/","day in the life,daily vlog,vlog,healthy lifestyle,mambahfit,vlog morocco,adayinmylife,dayinlife,morocco,travel,doha,world cup,semi finals,2022,world cup 2022,france vs maroc,qatar",19,"Travel & Events","Lifestyle_(sociology),Tourism",PT20M52S,1252,2d,hd,false,en,ar,https://i.ytimg.com/vi/VlkQwA3i_p0/maxresdefault.jpg,,,,,,63375,2244,,0,140
615,UCFqnvxz2f7J2cmTo_j0XMpA,"Mambah Fit",1X0a0y-Eac4,2022-12-07T18:00:00Z,"2022-12-07 18:00:00","NOT A USUAL SUNDAY | My first ever TEDx ENCG in Morocco 🎤","Welcome back to my channel La MambahFam ! 😇 If you asked me 3 years ago, Mambah, would you be able to do a TEDx, I would have definitely replied: YOU’RE CRAZY 🤯 But look at me now! Yesterday, I had the chance to attend and talk on my first ever TEDx in ENCGK. It was an amazing experience, I met so many of you and had an amazing time 🤩 The fact that I’m actually making my dream come true is priceless, and on top of that, I got to share it with all of you 😇 Thank you La MambahFam, without you, this wouldn’t be possible, without you, I wouldn’t be here today, and I’m grateful for this opportunity 🙏🏼 𝐈𝐓’𝐒 𝐎𝐍𝐋𝐘 𝐓𝐇𝐄 𝐁𝐄𝐆𝐈𝐍𝐍𝐈𝐍𝐆 ⚡️ 〰️ 𝐓𝐇𝐈𝐍𝐆𝐒 𝐌𝐄𝐍𝐓𝐈𝐎𝐍𝐄𝐃 ↳ Coffee machine: Nespresso ↳ Restaurant: Organic Kitchen Casablanca ↳ Event: TEDx ENCGK 〰️ 𝐅𝐈𝐍𝐃 𝐌𝐄 𝐎𝐍 𝐒𝐎𝐂𝐈𝐀𝐋 𝐌𝐄𝐃𝐈𝐀 ↳ instagram ➭ https://www.instagram.com/mambahfit/ ↳ tiktok ➭ https://www.tiktok.com/@mambahfit ↳ website ➭ https://www.mambahfit.com/ 〰️ 𝐂𝐎𝐍𝐓𝐀𝐂𝐓 𝐌𝐄 ✉️ y.amor@mambahfit.com 💪🏽 𝐉𝐎𝐈𝐍 𝐌𝐘 𝟑𝟎 𝐃𝐀𝐘 𝐅𝐈𝐓𝐍𝐄𝐒𝐒 𝐏𝐑𝐎𝐆𝐑𝐀𝐌 𝐅𝐎𝐑 𝐈𝐍𝐒𝐀𝐍𝐄 𝐑𝐄𝐒𝐔𝐋𝐓𝐒: https://www.mambahfit.com/","day in the life,daily vlog,vlog,perfect morning,perfect morning routine,healthy lifestyle,healthy routine,mambahfit,vlog morocco,adayinmylife,dayinlife,morocco,tedx,tedtalk,tedxmorocco",26,"Howto & Style","Lifestyle_(sociology),Physical_fitness",PT14M14S,854,2d,hd,false,en,en,https://i.ytimg.com/vi/1X0a0y-Eac4/maxresdefault.jpg,1,,,,,38053,1559,,0,106
616,UCFqnvxz2f7J2cmTo_j0XMpA,"Mambah Fit",HKxfDl1vkx8,2022-11-27T10:00:13Z,"2022-11-27 10:00:13","A DAY IN MY LIFE | Morocco playing at the World Cup 🇲🇦","Welcome back to my channel La MambahFam ! 😇 What a day 🤩! Today Morocco was playing at the World Cup and we decided to project the game ⚽️ at Space X Coworking so our members can enjoy and have fun for this occasion! Everything went as planned, everyone had fun and it was an amazing and busy day! 🚀 Even tho I wasn't really productive that day, I still managed to get some stuff done and work on the Mambah Fit App ⚡️ I'll let you enjoy and don't forget to SUBSCRIBE and SHARE this video with your friends 😎 〰️ 𝐓𝐇𝐈𝐍𝐆𝐒 𝐌𝐄𝐍𝐓𝐈𝐎𝐍𝐄𝐃 ↳ Pre-workout, BCAA & Whey Protein : from Fitness Boutique Maroc (code: MAMBAH10 for 10% OFF) ↳ Fitness program: My new app (launching soon 🚀) ↳ Working space: Space X Coworking ( https://youtu.be/fNO3yunvRJQ ) 〰️ 𝐅𝐈𝐍𝐃 𝐌𝐄 𝐎𝐍 𝐒𝐎𝐂𝐈𝐀𝐋 𝐌𝐄𝐃𝐈𝐀 ↳ instagram ➭ https://www.instagram.com/mambahfit/ ↳ tiktok ➭ https://www.tiktok.com/@mambahfit ↳ website ➭ https://www.mambahfit.com/ 〰️ 𝐂𝐎𝐍𝐓𝐀𝐂𝐓 𝐌𝐄 ✉️ y.amor@mambahfit.com 💪🏽 𝐉𝐎𝐈𝐍 𝐌𝐘 𝟑𝟎 𝐃𝐀𝐘 𝐅𝐈𝐓𝐍𝐄𝐒𝐒 𝐏𝐑𝐎𝐆𝐑𝐀𝐌 𝐅𝐎𝐑 𝐈𝐍𝐒𝐀𝐍𝐄 𝐑𝐄𝐒𝐔𝐋𝐓𝐒: https://www.mambahfit.com/","day in the life,daily vlog,vlog,be more productive,how to be more productive,increase productivity,perfect morning,perfect morning routine,fitness,healthy lifestyle,healthy routine,mambahfit,vlog morocco,workout,adayinmylife,dayinlife,world cup,morocco",26,"Howto & Style","Lifestyle_(sociology),Physical_fitness",PT14M58S,898,2d,hd,false,en,en,https://i.ytimg.com/vi/HKxfDl1vkx8/maxresdefault.jpg,1,,,,,19322,768,,0,43
617,UCFqnvxz2f7J2cmTo_j0XMpA,"Mambah Fit",yvr1G5LdWI4,2022-11-20T09:00:38Z,"2022-11-20 09:00:38","A DAY IN MY LIFE | First time talking on the radio 📻","Welcome back to my channel La MambahFam ! 😇 Today was my first time talking on the radio and I had to share this experience with you guys! These past few days were craaazy with a lot of work and new things coming! On top of that, I can't wait to share with you my new fitness app coming sooooon 🤩 I'll let you enjoy and don't forget to SUBSCRIBE and SHARE this video with your friends 😎 〰️ 𝐓𝐇𝐈𝐍𝐆𝐒 𝐌𝐄𝐍𝐓𝐈𝐎𝐍𝐄𝐃 ↳ Pre-workout & BCAA: from Fitness Boutique Maroc (code: MAMBAH10 for 10% OFF) ↳ Fitness program: My new app (launching soon 🚀) ↳ Radio: Chada FM / Full video : https://youtu.be/9uQkh2WUwkY 〰️ 𝐅𝐈𝐍𝐃 𝐌𝐄 𝐎𝐍 𝐒𝐎𝐂𝐈𝐀𝐋 𝐌𝐄𝐃𝐈𝐀 ↳ instagram ➭ https://www.instagram.com/mambahfit/ ↳ tiktok ➭ https://www.tiktok.com/@mambahfit ↳ website ➭ https://www.mambahfit.com/ 〰️ 𝐂𝐎𝐍𝐓𝐀𝐂𝐓 𝐌𝐄 ✉️ y.amor@mambahfit.com 💪🏽 𝐉𝐎𝐈𝐍 𝐌𝐘 𝟑𝟎 𝐃𝐀𝐘 𝐅𝐈𝐓𝐍𝐄𝐒𝐒 𝐏𝐑𝐎𝐆𝐑𝐀𝐌 𝐅𝐎𝐑 𝐈𝐍𝐒𝐀𝐍𝐄 𝐑𝐄𝐒𝐔𝐋𝐓𝐒: https://www.mambahfit.com/","day in the life,daily vlog,vlog,be more productive,how to be more productive,increase productivity,perfect morning,perfect morning routine,fitness,healthy lifestyle,healthy routine,mambahfit,vlog morocco,workout,adayinmylife,dayinlife",26,"Howto & Style","Food,Health,Lifestyle_(sociology),Physical_fitness",PT23M50S,1430,2d,hd,false,en,en,https://i.ytimg.com/vi/yvr1G5LdWI4/maxresdefault.jpg,1,,,,,24161,944,,0,84
618,UCFqnvxz2f7J2cmTo_j0XMpA,"Mambah Fit",jaOJ6lTaOdM,2022-11-13T09:30:07Z,"2022-11-13 09:30:07","A DAY IN MARRAKECH | Let's go wakeboarding 🏄🏽‍♂️","Welcome back to my channel La MambahFam ! 😇 I woke up in Marrakech with amazing weather this morning and decided to go wakeboarding! It's been soooo long since I didn't go wakeboard, so you can imagine how happy I was knowing is one of my passions ⚡️ I'll let you enjoy and don't forget to SUBSCRIBE and SHARE this video with your friends 😎 〰️ 𝐓𝐇𝐈𝐍𝐆𝐒 𝐌𝐄𝐍𝐓𝐈𝐎𝐍𝐄𝐃 ↳ Hotel: La Mamounia - Marrakech ↳ Wakepark: Waky Marrakech 〰️ 𝐅𝐈𝐍𝐃 𝐌𝐄 𝐎𝐍 𝐒𝐎𝐂𝐈𝐀𝐋 𝐌𝐄𝐃𝐈𝐀 ↳ instagram ➭ https://www.instagram.com/mambahfit/ ↳ tiktok ➭ https://www.tiktok.com/@mambahfit ↳ website ➭ https://www.mambahfit.com/ 〰️ 𝐂𝐎𝐍𝐓𝐀𝐂𝐓 𝐌𝐄 ✉️ y.amor@mambahfit.com 💪🏽 𝐉𝐎𝐈𝐍 𝐌𝐘 𝟑𝟎 𝐃𝐀𝐘 𝐅𝐈𝐓𝐍𝐄𝐒𝐒 𝐏𝐑𝐎𝐆𝐑𝐀𝐌 𝐅𝐎𝐑 𝐈𝐍𝐒𝐀𝐍𝐄 𝐑𝐄𝐒𝐔𝐋𝐓𝐒: https://www.mambahfit.com/bodyscale","day in the life,daily vlog,vlog,be more productive,how to be more productive,increase productivity,perfect morning,perfect morning routine,fitness,healthy lifestyle,healthy routine,mambahfit,vlog morocco,workout,adayinmylife,dayinlife,marrakech,wakeboarding",26,"Howto & Style","Lifestyle_(sociology),Tourism",PT15M20S,920,2d,hd,false,en,en,https://i.ytimg.com/vi/jaOJ6lTaOdM/maxresdefault.jpg,1,,,,,23545,922,,0,95
619,UCFqnvxz2f7J2cmTo_j0XMpA,"Mambah Fit",2VH2cUMjTWA,2022-11-11T15:00:04Z,"2022-11-11 15:00:04","Chicken cajun pasta🍝","Here is a simple and easy meal prep that will set you up for the week 🚀 First of all, prepare all the ingredients, so you have everything ready before starting to cook 👨🏽‍🍳 𝐌𝐀𝐂𝐑𝐎𝐒 𝐏𝐄𝐑 𝐏𝐎𝐑𝐓𝐈𝐎𝐍: 𝟓𝟏𝟒 𝐊𝐂𝐀𝐋 / 𝟒𝟓𝐠 𝐂𝐀𝐑𝐁𝐒 / 𝟓𝟖𝐠 𝐏𝐑𝐎𝐓 / 𝟏𝟓𝐠 𝐅𝐀𝐓 𝐈𝐍𝐆𝐑𝐄𝐃𝐈𝐄𝐍𝐓𝐒 𝐅𝐎𝐑 4 𝐏𝐎𝐑𝐓𝐈𝐎𝐍𝐒 : CAJUN SEASONING 🌶 2 tsp smoked paprika 1 tsp dried oregano 1 tsp dried thyme 1/2 tsp garlic powder 1/2 tsp onion powder 1/4 tsp cayenne pepper 1/4 tsp black pepper 1/4 tsp salt CHICKEN PASTA 🍝 1 Tbsp olive oil 1 Tbsp butter 1 kg chicken breast 1/2 yellow onion, diced 250g penne pasta 400g fire roasted diced tomatoes or normal tomatoes 🍅 2 chicken broth 60g cream cheese 𝐄𝐍𝐉𝐎𝐘 😋",,26,"Howto & Style","Food,Lifestyle_(sociology)",PT42S,42,2d,hd,false,en,en,https://i.ytimg.com/vi/2VH2cUMjTWA/maxresdefault.jpg,1,,,,,19202,1305,,0,20
620,UCFqnvxz2f7J2cmTo_j0XMpA,"Mambah Fit",CDTH7PpnVTw,2022-11-10T16:00:08Z,"2022-11-10 16:00:08","You want to learn how to mealprep? 🥦","Here is one of my fav simple and easy meal prep that will set you up for the week 🚀 First of all, prepare all the ingredients, so you have everything ready before starting to cook 👨🏽‍🍳 𝐌𝐀𝐂𝐑𝐎𝐒 𝐏𝐄𝐑 𝐏𝐎𝐑𝐓𝐈𝐎𝐍: 𝟒𝟖𝟐 𝐊𝐂𝐀𝐋 / 𝟒𝟔,𝟔𝐠 𝐏𝐑𝐎𝐓 / 𝟓𝟒𝐠 𝐂𝐀𝐑𝐁𝐒 / 𝟏𝟎,𝟑𝐠 𝐅𝐀𝐓 𝐈𝐍𝐆𝐑𝐄𝐃𝐈𝐄𝐍𝐓𝐒 𝐅𝐎𝐑 𝟓 𝐏𝐎𝐑𝐓𝐈𝐎𝐍𝐒 : - 1 big broccoli 🥦 - 1 green pepper 🫑 - 2 red peppers - 1kg of chicken breast🍗 (you can put less if you want less protein) - 200g basmati rice 🍚 Start by cutting all the ingredients in small pieces, and put aside. In a small pot, cook the rice for 10 min approx, and in the meantime, in a large pot, add 1 table spoon olive oil 🫒, let it warm for a bit and add all the peppers and the chicken together. I seasoned my chicken with salt and pepper 🧂. While the rice and the chicken is cooking, add some soya sauce 🥢 (at your convenience) and stir the pot to make the chicken absorb the sauce 🤤. Add the broccoli inside the pot and let it cook for a few minutes. Once the rice is done, add it to the pot to mix everything together. Add some teriyaki sauce (just some 😏), mix all together and let it cool down. When everything is ready, take your boxes, fill them in 5 portions and here you gooooo !! Ready for your next 5 meals 🚀","meal prep,easy recipes,healthy,healthy eating,fat loss,lose weight,meal prepping,recipes",26,"Howto & Style","Food,Lifestyle_(sociology)",PT45S,45,2d,hd,false,en,ar,https://i.ytimg.com/vi/CDTH7PpnVTw/maxresdefault.jpg,1,,,,,173491,8381,,0,75
621,UCFqnvxz2f7J2cmTo_j0XMpA,"Mambah Fit",0Ktam02Sc2U,2022-11-09T14:33:32Z,"2022-11-09 14:33:32","Why making your bed is important 🧐","I already talked about the 5 seconds roule when you alarm turns on at 6 AM! Now let’s talk about how to put yourself instantly in a healthy routine. First thing after washing yourself, is making your bed! This may sound stupid, but I can assure you, it’s powerful 🚀 Do this first thing in the morning, and you’ll see, you’ll already be in a routine. Next would be defining some steps to follow during the day. But we’ll talk about it in another video 🤩 𝐃𝐈𝐃 𝐘𝐎𝐔 𝐓𝐑𝐘 𝐓𝐎 𝐖𝐀𝐊𝐄 𝐔𝐏 𝐀𝐓 𝟔𝐀𝐌 𝐀𝐋𝐑𝐄𝐀𝐃𝐘? 😏","fitness,lifestyle,healthylifestyle,healthy,get productive,win the morning,morning routine,healthy routine,routine",26,"Howto & Style",Health,PT41S,41,2d,hd,false,en,ar,https://i.ytimg.com/vi/0Ktam02Sc2U/maxresdefault.jpg,1,,,,,15580,1110,,0,22
622,UCFqnvxz2f7J2cmTo_j0XMpA,"Mambah Fit",mJ_t1eJUIsI,2022-11-06T21:49:53Z,"2022-11-06 21:49:53","Protein banana bread under 100kcal 🤩 #fitness #bananabread #protein #recipe #mealprep",,,26,"Howto & Style","Food,Lifestyle_(sociology)",PT42S,42,2d,hd,false,en,en,https://i.ytimg.com/vi/mJ_t1eJUIsI/maxresdefault.jpg,1,,,,,9634,644,,0,16
623,UCFqnvxz2f7J2cmTo_j0XMpA,"Mambah Fit",DNBlb2zljYs,2022-11-05T17:00:16Z,"2022-11-05 17:00:16","A CASUAL DAY IN MY LIFE | Let's go to Marrakech 🌴","Welcome back to my channel La MambahFam ! 😇 Today is going to be special. I'm going to Marrakech for 48h to attend an event I was invited to. I'm taking you with me throughout the whole experience. So sit back on your couch and relax. 😎 Hope you'll enjoy and get inspired by it 🙏🏼 〰️ 𝐓𝐇𝐈𝐍𝐆𝐒 𝐌𝐄𝐍𝐓𝐈𝐎𝐍𝐄𝐃 ↳New workouts coming from my training app (SOON LAUNCHING 🚀) ↳ Whey Protein & Pre-workout (USE CODE: MAMBAH10): https://fitnessboutique.ma/ ↳ Hotel: La Mamounia - Marrakech ↳ Event: Nespresso x Pierre Hermé 〰️ 𝐅𝐈𝐍𝐃 𝐌𝐄 𝐎𝐍 𝐒𝐎𝐂𝐈𝐀𝐋 𝐌𝐄𝐃𝐈𝐀 ↳ instagram ➭ https://www.instagram.com/mambahfit/ ↳ tiktok ➭ https://www.tiktok.com/@mambahfit ↳ website ➭ https://www.mambahfit.com/ 〰️ 𝐂𝐎𝐍𝐓𝐀𝐂𝐓 𝐌𝐄 ✉️ y.amor@mambahfit.com 💪🏽 𝐉𝐎𝐈𝐍 𝐌𝐘 𝟑𝟎 𝐃𝐀𝐘 𝐅𝐈𝐓𝐍𝐄𝐒𝐒 𝐏𝐑𝐎𝐆𝐑𝐀𝐌 𝐅𝐎𝐑 𝐈𝐍𝐒𝐀𝐍𝐄 𝐑𝐄𝐒𝐔𝐋𝐓𝐒: https://www.mambahfit.com/bodyscale","day in the life,daily vlog,vlog,morning routine,productive morning routine,be more productive,how to be more productive,increase productivity,realistic morning routine,perfect morning,perfect morning routine,fitness routine,fitness,healthy lifestyle,healthy routine,mambahfit,vlog morocco,workout,adayinmylife,dayinlife,marrakech",26,"Howto & Style","Lifestyle_(sociology),Physical_fitness",PT19M55S,1195,2d,hd,false,en,en,https://i.ytimg.com/vi/DNBlb2zljYs/maxresdefault.jpg,,,,,,48464,1714,,0,113
624,UCFqnvxz2f7J2cmTo_j0XMpA,"Mambah Fit",nyTUAOMvEBQ,2022-10-30T18:31:02Z,"2022-10-30 18:31:02","A SATURDAY IN MY LIFE | Nothing went as planned 😵","Welcome back to my channel La MambahFam ! 😇 Today we were supposed to go surfing with some friends and spend an enjoyable day, buuuut nothing went as planned! WE ALMOST DIED 😵 If I have to take a lesson from this day, it would be, as long as you're alive, move on and try to make the rest of the day good and not finish in a bad mood. Hope you'll enjoy and get inspired by it 🙏🏼 〰️ 𝐓𝐇𝐈𝐍𝐆𝐒 𝐌𝐄𝐍𝐓𝐈𝐎𝐍𝐄𝐃 ↳New workouts coming from my training app (SOON LAUNCHING 🚀) ↳ Whey Protein (USE CODE: MAMBAH10): https://fitnessboutique.ma/ ↳ Book: Made to stick from Chip & Dan Heath 〰️ 𝐅𝐈𝐍𝐃 𝐌𝐄 𝐎𝐍 𝐒𝐎𝐂𝐈𝐀𝐋 𝐌𝐄𝐃𝐈𝐀 ↳ instagram ➭ https://www.instagram.com/mambahfit/ ↳ tiktok ➭ https://www.tiktok.com/@mambahfit ↳ website ➭ https://www.mambahfit.com/ 〰️ 𝐂𝐎𝐍𝐓𝐀𝐂𝐓 𝐌𝐄 ✉️ y.amor@mambahfit.com 💪🏽 𝐉𝐎𝐈𝐍 𝐌𝐘 𝟑𝟎 𝐃𝐀𝐘 𝐅𝐈𝐓𝐍𝐄𝐒𝐒 𝐏𝐑𝐎𝐆𝐑𝐀𝐌 𝐅𝐎𝐑 𝐈𝐍𝐒𝐀𝐍𝐄 𝐑𝐄𝐒𝐔𝐋𝐓𝐒: https://www.mambahfit.com/bodyscale","day in the life,daily vlog,vlog,morning routine,productive morning routine,be more productive,how to be more productive,increase productivity,realistic morning routine,perfect morning,perfect morning routine,fitness routine,fitness,healthy lifestyle,healthy routine,mambahfit,vlog morocco,workout,adayinmylife,dayinlife",26,"Howto & Style","Lifestyle_(sociology),Physical_fitness,Tourism",PT22M18S,1338,2d,hd,false,en,en,https://i.ytimg.com/vi/nyTUAOMvEBQ/maxresdefault.jpg,1,,,,,121868,3007,,0,210
625,UCFqnvxz2f7J2cmTo_j0XMpA,"Mambah Fit",wQwPa8Gj36I,2022-10-26T15:52:00Z,"2022-10-26 15:52:00","HOW TO WAKE UP AT 6AM ⏰ #healthylifestyle #routine",,,26,"Howto & Style","Health,Lifestyle_(sociology)",PT1M1S,61,2d,hd,false,en,ar,https://i.ytimg.com/vi/wQwPa8Gj36I/maxresdefault.jpg,1,,,,,170277,9633,,0,196
626,UCFqnvxz2f7J2cmTo_j0XMpA,"Mambah Fit",SIMiohyt-F8,2022-10-23T18:00:18Z,"2022-10-23 18:00:18","NOT A USUAL SATURDAY | Let's get productive 🏋🏽","Welcome back to my channel La MambahFam ! 😇 Yesterday I went to a wedding and it was fire 🔥. As usual, I hate spending a day doing nothing, so even if we ended the night pretty late and had to drive back to Casablanca (from Rabat), I still decided to be productive and enjoy my Saturday. Hope you'll enjoy and get inspired by it 🙏🏼 〰️ 𝐓𝐇𝐈𝐍𝐆𝐒 𝐌𝐄𝐍𝐓𝐈𝐎𝐍𝐄𝐃 ↳Workout from my training app (SOON LAUNCHING 🚀) ↳ Pre-workout & BCAA (USE CODE: MAMBAH10): https://fitnessboutique.ma/ ↳ Book: Made to stick from Chip & Dan Heath 〰️ 𝐅𝐈𝐍𝐃 𝐌𝐄 𝐎𝐍 𝐒𝐎𝐂𝐈𝐀𝐋 𝐌𝐄𝐃𝐈𝐀 ↳ instagram ➭ https://www.instagram.com/mambahfit/ ↳ tiktok ➭ https://www.tiktok.com/@mambahfit ↳ website ➭ https://www.mambahfit.com/ 〰️ 𝐂𝐎𝐍𝐓𝐀𝐂𝐓 𝐌𝐄 ✉️ y.amor@mambahfit.com 💪🏽 𝐉𝐎𝐈𝐍 𝐌𝐘 𝟑𝟎 𝐃𝐀𝐘 𝐅𝐈𝐓𝐍𝐄𝐒𝐒 𝐏𝐑𝐎𝐆𝐑𝐀𝐌 𝐅𝐎𝐑 𝐈𝐍𝐒𝐀𝐍𝐄 𝐑𝐄𝐒𝐔𝐋𝐓𝐒: https://www.mambahfit.com/bodyscale","day in the life,daily vlog,vlog,morning routine,productive morning routine,be more productive,how to be more productive,increase productivity,realistic morning routine,perfect morning,perfect morning routine,fitness routine,fitness,healthy lifestyle,healthy routine,mambahfit,vlog morocco,workout,adayinmylife,dayinlife",26,"Howto & Style","Lifestyle_(sociology),Physical_fitness",PT20M17S,1217,2d,hd,false,en,en,https://i.ytimg.com/vi/SIMiohyt-F8/maxresdefault.jpg,,,,,,81991,2816,,0,204
627,UCFqnvxz2f7J2cmTo_j0XMpA,"Mambah Fit",TsA7p2BoIM4,2022-10-17T09:22:03Z,"2022-10-17 09:22:03","Amazing leg finisher! A must try 💪🏽 #fitness #workout #legworkout #healthy",,,26,"Howto & Style","Health,Lifestyle_(sociology),Physical_fitness",PT15S,15,2d,hd,false,en,en,https://i.ytimg.com/vi/TsA7p2BoIM4/maxresdefault.jpg,1,,,,,5795,227,,0,5
628,UCFqnvxz2f7J2cmTo_j0XMpA,"Mambah Fit",jDl-bA5eSBA,2022-10-15T17:00:33Z,"2022-10-15 17:00:33","A CASUAL DAY IN MY LIFE | Come with me to Rabat 🇲🇦","Welcome back to my channel La MambahFam ! 😇 Today I'm taking you with me to see every detail of my day. Busy, good vibes and fun are on the schedule 🤙🏽 Hope you'll enjoy and get inspired by it 🙏🏼 〰️ 𝐓𝐇𝐈𝐍𝐆𝐒 𝐌𝐄𝐍𝐓𝐈𝐎𝐍𝐄𝐃 ↳18 minutes workout: www.mambahfit.com/ bodyscale ↳ Pre-workout & BCAA (USE CODE: MAMBAH10): https://fitnessboutique.ma/ ↳ Book: Made to stick from Chip & Dan Heath 〰️ 𝐅𝐈𝐍𝐃 𝐌𝐄 𝐎𝐍 𝐒𝐎𝐂𝐈𝐀𝐋 𝐌𝐄𝐃𝐈𝐀 ↳ instagram ➭ https://www.instagram.com/mambahfit/ ↳ tiktok ➭ https://www.tiktok.com/@mambahfit ↳ website ➭ https://www.mambahfit.com/ 〰️ 𝐂𝐎𝐍𝐓𝐀𝐂𝐓 𝐌𝐄 ✉️ y.amor@mambahfit.com 💪🏽 𝐉𝐎𝐈𝐍 𝐌𝐘 𝟑𝟎 𝐃𝐀𝐘 𝐅𝐈𝐓𝐍𝐄𝐒𝐒 𝐏𝐑𝐎𝐆𝐑𝐀𝐌 𝐅𝐎𝐑 𝐈𝐍𝐒𝐀𝐍𝐄 𝐑𝐄𝐒𝐔𝐋𝐓𝐒: https://www.mambahfit.com/bodyscale","day in the life,daily vlog,vlog,morning routine,productive morning routine,be more productive,how to be more productive,increase productivity,realistic morning routine,perfect morning,perfect morning routine,fitness routine,fitness,healthy lifestyle,healthy routine,mambahfit,5am routine,vlog morocco,home workout",26,"Howto & Style","Lifestyle_(sociology),Physical_fitness",PT11M32S,692,2d,hd,false,en,en,https://i.ytimg.com/vi/jDl-bA5eSBA/maxresdefault.jpg,1,,,,,24841,831,,0,72
629,UCFqnvxz2f7J2cmTo_j0XMpA,"Mambah Fit",CP87mXuPf84,2022-10-15T13:14:24Z,"2022-10-15 13:14:24","SUPERSET FINISHER TO GROW YOUR ARMS 💪🏽 #fitness #workout #healthylifestyle #training",,,26,"Howto & Style","Health,Lifestyle_(sociology),Physical_fitness",PT13S,13,2d,hd,false,en,en,https://i.ytimg.com/vi/CP87mXuPf84/maxresdefault.jpg,1,,,,,5064,243,,0,3
630,UCFqnvxz2f7J2cmTo_j0XMpA,"Mambah Fit",mxpZ4km8-sU,2022-10-11T15:39:15Z,"2022-10-11 15:39:15","Homemade protein bar 🍫",,,26,"Howto & Style","Food,Lifestyle_(sociology)",PT34S,34,2d,hd,false,fr,en,https://i.ytimg.com/vi/mxpZ4km8-sU/maxresdefault.jpg,1,,,,,18546,870,,0,15
631,UCFqnvxz2f7J2cmTo_j0XMpA,"Mambah Fit",hduBmY-tF2s,2022-10-10T17:12:26Z,"2022-10-10 17:12:26","KILLER LEG SUPERSET 🏋🏽 #fitness #weightloss #workout",,,26,"Howto & Style","Health,Lifestyle_(sociology),Physical_fitness",PT12S,12,2d,hd,false,en,en,https://i.ytimg.com/vi/hduBmY-tF2s/maxresdefault.jpg,1,,,,,5749,244,,0,2
632,UCFqnvxz2f7J2cmTo_j0XMpA,"Mambah Fit",BsBF-WipVDs,2022-10-09T09:00:05Z,"2022-10-09 09:00:05","MY HEALTHY SATURDAY MORNING ROUTINE 🏋🏽","Welcome to my Saturday morning routine La MambahFam 🤩 That was my last training of the week! I train 5 times a week, with 2 rest days, and active and the other resting 100% 🏋🏽 I started a new fitness challenge on Monday, October challenge, and i just finished the first week. What can I say, I feel great 💪🏽 Hope you'll enjoy my healthy lifestyle, and more importantly, hope it will help you build your own and crush your goals STAY TUNED ⚡️🎯 〰️ 𝐓𝐇𝐈𝐍𝐆𝐒 𝐌𝐄𝐍𝐓𝐈𝐎𝐍𝐄𝐃 ↳ Pre-workout and BCAA (USE CODE: MAMBAH10): https://fitnessboutique.ma/ 〰️ 𝐅𝐈𝐍𝐃 𝐌𝐄 𝐎𝐍 𝐒𝐎𝐂𝐈𝐀𝐋 𝐌𝐄𝐃𝐈𝐀 ↳ instagram ➭ https://www.instagram.com/mambahfit/ ↳ website ➭ https://www.mambahfit.com/ 〰️ 𝐂𝐎𝐍𝐓𝐀𝐂𝐓 𝐌𝐄 ✉️ y.amor@mambahfit.com 💪🏽 𝐉𝐎𝐈𝐍 𝐌𝐘 𝟑𝟎 𝐃𝐀𝐘 𝐅𝐈𝐓𝐍𝐄𝐒𝐒 𝐏𝐑𝐎𝐆𝐑𝐀𝐌 𝐅𝐎𝐑 𝐈𝐍𝐒𝐀𝐍𝐄 𝐑𝐄𝐒𝐔𝐋𝐓𝐒: https://www.mambahfit.com/bodyscale","day in the life,daily vlog,vlog,morning routine,productive morning routine,be more productive,how to be more productive,increase productivity,realistic morning routine,perfect morning,perfect morning routine,fitness routine,fitness,healthy lifestyle,healthy routine,mambahfit,saturday morning,weekend routine",26,"Howto & Style","Food,Lifestyle_(sociology),Physical_fitness",PT9M45S,585,2d,hd,false,en,en,https://i.ytimg.com/vi/BsBF-WipVDs/maxresdefault.jpg,1,,,,,15548,509,,0,50
633,UCFqnvxz2f7J2cmTo_j0XMpA,"Mambah Fit",wNahXFvAa2Y,2022-10-07T08:54:13Z,"2022-10-07 08:54:13","LEG KILLER WORKOUT ! 5 ROUNDS EACH 💪🏽 #workout #legsworkout #weightloss #fitness #healthylifestyle",,,26,"Howto & Style","Health,Lifestyle_(sociology),Physical_fitness",PT14S,14,2d,hd,false,en,en,https://i.ytimg.com/vi/wNahXFvAa2Y/maxresdefault.jpg,1,,,,,8376,316,,0,4
634,UCFqnvxz2f7J2cmTo_j0XMpA,"Mambah Fit",beT7AD70W0M,2022-10-05T12:46:59Z,"2022-10-05 12:46:59","MEAT & SWEET POTATO SKILLET 🍠",,,26,"Howto & Style","Food,Lifestyle_(sociology)",PT42S,42,2d,hd,false,en,en,,1,,,,,15055,750,,0,9
635,UCFqnvxz2f7J2cmTo_j0XMpA,"Mambah Fit",b3CfaYh4O3k,2022-09-29T09:24:55Z,"2022-09-29 09:24:55","LET’S WORKOUT TOGETHER ⚡️",,,26,"Howto & Style","Health,Lifestyle_(sociology),Physical_fitness",PT16S,16,2d,hd,false,fr,en,https://i.ytimg.com/vi/b3CfaYh4O3k/maxresdefault.jpg,1,,,,,27871,936,,0,15
636,UCFqnvxz2f7J2cmTo_j0XMpA,"Mambah Fit",t3IT7ltNV0w,2022-09-28T19:08:43Z,"2022-09-28 19:08:43","6AM MORNING ROUTINE | Let's get back on track 🤩","Hey guys and welcome to my first vlog on YouTube! I'm so excited to start this journey with all of you 🚀 This morning was all about getting back on track after several days of being sick, with no training and no proper routine. 〰️ 𝐓𝐇𝐈𝐍𝐆𝐒 𝐌𝐄𝐍𝐓𝐈𝐎𝐍𝐄𝐃 ↳ 25 minute mobility workout: https://www.youtube.com/watch?v=jPdft5H34C8&ab_channel=julia.reppel ↳ Whey protein (USE CODE: MAMBAH10): https://fitnessboutique.ma/ 〰️ 𝐅𝐈𝐍𝐃 𝐌𝐄 𝐎𝐍 𝐒𝐎𝐂𝐈𝐀𝐋 𝐌𝐄𝐃𝐈𝐀 ↳ instagram ➭ https://www.instagram.com/mambahfit/ ↳ website ➭ https://www.mambahfit.com/ 〰️ 𝐂𝐎𝐍𝐓𝐀𝐂𝐓 𝐌𝐄 ✉️ y.amor@mambahfit.com 💪🏽 𝐉𝐎𝐈𝐍 𝐌𝐘 𝟑𝟎 𝐃𝐀𝐘 𝐅𝐈𝐓𝐍𝐄𝐒𝐒 𝐏𝐑𝐎𝐆𝐑𝐀𝐌 𝐅𝐎𝐑 𝐈𝐍𝐒𝐀𝐍𝐄 𝐑𝐄𝐒𝐔𝐋𝐓𝐒: https://www.mambahfit.com/bodyscale","day in the life,daily vlog,vlog,morning routine,productive morning routine,be more productive,how to be more productive,increase productivity,realistic morning routine,perfect morning,perfect morning routine,6am morning routine,6am routine,fitness routine,fitness,healthy lifestyle,healthy routine,mambahfit",26,"Howto & Style","Health,Lifestyle_(sociology),Physical_fitness",PT7M23S,443,2d,hd,false,en,en,https://i.ytimg.com/vi/t3IT7ltNV0w/maxresdefault.jpg,1,,,,,19448,602,,0,44
637,UCFqnvxz2f7J2cmTo_j0XMpA,"Mambah Fit",NpbAhRhLhSg,2022-09-10T09:00:11Z,"2022-09-10 09:00:11","QUICK 5 MIN MORNING WORKOUT 💪🏽","Quick 5 minutes workout to kickstart your day right 🔥 It's a bodyweight workout, which means, no need for equipment, but I'm asking you to give your best and finish this workout all sweaty 🤪 The video is in full length which means you can just follow whatever I’m doing! The workout is composed of 5 exercises to perform once. Do 40 seconds of each exercise, followed by 20 seconds of rest to get ready for the next exercise 🚀 THE EXERCISES: 1️⃣ Jumping jacks 2️⃣ Squats 3️⃣ Knee to elbow 4️⃣ Reverse lunge to front kick 5️⃣ Sprawls __ ▸ you can find all kinds of FREE WORKOUTS on my Instagram Channel (@mambahfit) ➞ https://www.instagram.com/mambahfit/​ __ 🎵 MUSIC by Motion Aray ( https://motionarray.com/browse/royalt...) __ Disclaimer: Make sure you take all necessary precautions before joining me with this workout, as your safety is the most important thing. To avoid injuries or harm, I suggest you to check your health with a doctor before exercising. By performing any fitness exercises without supervision like with this video, you are performing them at your own risk. See a fitness professional to give you advice on your exercise form. Mambah Fit will not be responsible or liable for any injuries or harm you sustain as a result of this video.","workout,training,hiit,fat burn,burn fat,lose fat,quick workout,quick training,home workout,bodyweight",17,Sports,"Health,Lifestyle_(sociology),Physical_fitness",PT5M33S,333,2d,hd,false,en,en,https://i.ytimg.com/vi/NpbAhRhLhSg/maxresdefault.jpg,,,,,,5933,178,,0,7
638,UCFqnvxz2f7J2cmTo_j0XMpA,"Mambah Fit",lOF1moVOUxQ,2022-09-03T09:00:22Z,"2022-09-03 09:00:22","QUICK LOWER BODY WORKOUT 🔥","Burn up to 300 kcals with this crazy lower body workout. It's a bodyweight workout, which means, no need for equipment, but I'm asking you to give your best and finish this workout all sweaty 🤪 The video is in full length which means you can just follow whatever I’m doing! The workout is composed of 8 exercises to perform 3 times. Do 20 seconds of each exercise, followed by 20 seconds of rest to get ready for the next exercise 🚀 THE EXERCISES: 1️⃣ Squats 2️⃣ Lunges 3️⃣ Glute bridge 4️⃣ Bicycle crunch 5️⃣ Curtesy lunge 6️⃣ Squat to 2x hops 7️⃣ Side to side lunge 8️⃣ Squat pulse REPEAT FOR 3 ROUNDS AND TAKE 1 MIN REST BETWEEN ROUNDS 😇 __ ▸ you can find all kinds of FREE WORKOUTS on my Instagram Channel (@mambahfit) ➞ https://www.instagram.com/mambahfit/​ __ 🎵 MUSIC by Motion Aray ( https://motionarray.com/browse/royalt...) __ Disclaimer: Make sure you take all necessary precautions before joining me with this workout, as your safety is the most important thing. To avoid injuries or harm, I suggest you to check your health with a doctor before exercising. By performing any fitness exercises without supervision like with this video, you are performing them at your own risk. See a fitness professional to give you advice on your exercise form. Mambah Fit will not be responsible or liable for any injuries or harm you sustain as a result of this video.","workout,training,hiit,high intensity,lower body,legs workout,fat burn,burn fat,interval training,quick workout,home workout",17,Sports,"Health,Lifestyle_(sociology),Physical_fitness",PT17M31S,1051,2d,hd,false,en,en,https://i.ytimg.com/vi/lOF1moVOUxQ/maxresdefault.jpg,,,,,,2601,81,,0,6
639,UCFqnvxz2f7J2cmTo_j0XMpA,"Mambah Fit",CFsl-dTX0TE,2022-08-27T09:00:05Z,"2022-08-27 09:00:05","19 MIN FULL BODY WORKOUT 🔥","Crazy Full Body Workout to make you sweat and feel amazing 🚀 It's a bodyweight workout, which means, no need for equipment, but I'm asking you to give your best and finish this workout all sweaty 🤪 The video is in full length which means you can just follow whatever I’m doing! The workout is composed of 6 exercises to perform 4 times. Do 30 seconds of each exercise, followed by 10 seconds of rest to get ready for the next exercise 🚀 THE EXERCISES: 1️⃣ High knees 2️⃣ Alternated squat jump 3️⃣ Walkout plank to push up 4️⃣ Alternated jack 5️⃣ Plank hand lift 6️⃣ Mountain climbers REPEAT FOR 3 ROUNDS AND TAKE 1 MIN REST BETWEEN ROUNDS 😇 __ ▸ you can find all kinds of FREE WORKOUTS on my Instagram Channel (@mambahfit) ➞ https://www.instagram.com/mambahfit/​ __ 🎵 MUSIC by Motion Aray ( https://motionarray.com/browse/royalt...) __ Disclaimer: Make sure you take all necessary precautions before joining me with this workout, as your safety is the most important thing. To avoid injuries or harm, I suggest you to check your health with a doctor before exercising. By performing any fitness exercises without supervision like with this video, you are performing them at your own risk. See a fitness professional to give you advice on your exercise form. Mambah Fit will not be responsible or liable for any injuries or harm you sustain as a result of this video.","workout,training,full body workout,quick workout,burn fat,fat burn workout,hiit",17,Sports,"Health,Lifestyle_(sociology),Physical_fitness",PT18M56S,1136,2d,hd,false,en,en,https://i.ytimg.com/vi/CFsl-dTX0TE/maxresdefault.jpg,,,,,,6786,183,,0,16
640,UCFqnvxz2f7J2cmTo_j0XMpA,"Mambah Fit",XjO_GI9aRkg,2021-12-04T09:30:10Z,"2021-12-04 09:30:10","INTENSE FULL BODY HIIT 🔥+500 KCAL","Burn fat with this amazing Full Body Workout that you can do anywhere!! ⚡️ It's a bodyweight workout, which means, no need for equipment, but I'm asking you to give your best and finish this workout all sweaty 🤪 The video is in full length which means you can just follow whatever I’m doing! The workout is composed of 6 exercises to perform 3 times. Do 30 seconds of each exercise, followed by 30 seconds of rest to get ready for the next exercise 🚀 THE EXERCISES: 1️⃣ High knees 2️⃣ Push up shoulder tap 3️⃣ Squat to close tap 4️⃣ Walkout to frogger 5️⃣ Tuck crunch 6️⃣ Burpees REPEAT FOR 3 ROUNDS AND TAKE 1 MIN REST BETWEEN ROUNDS 😇 __ ▸ you can find all kinds of FREE WORKOUTS on my Instagram Channel (@mambahfit) ➞ https://www.instagram.com/mambahfit/​ __ 🎵 MUSIC by Motion Aray ( https://motionarray.com/browse/royalty-free-music/) __ Disclaimer: Make sure you take all necessary precautions before joining me with this workout, as your safety is the most important thing. To avoid injuries or harm, I suggest you to check your health with a doctor before exercising. By performing any fitness exercises without supervision like with this video, you are performing them at your own risk. See a fitness professional to give you advice on your exercise form. Mambah Fit will not be responsible or liable for any injuries or harm you sustain as a result of this video.","workout,home workout,fitness,training,full body,full body workout,hiit,hiit workout,fat burn,burn fat,bodyweight,bodyweight workout,bodyweighttraining",17,Sports,"Health,Lifestyle_(sociology),Physical_fitness",PT19M35S,1175,2d,hd,false,en,en,https://i.ytimg.com/vi/XjO_GI9aRkg/maxresdefault.jpg,,,,,,4000,112,,0,13
641,UCFqnvxz2f7J2cmTo_j0XMpA,"Mambah Fit",PYd21mRwTT4,2021-11-20T09:30:10Z,"2021-11-20 09:30:10","🔥 BURN UP TO 500 KCAL WITH THIS FULL BODY WEIGHTED HIIT 🔥","Burn some fat Burn some fat with this crazy full-body weighted HIIT 🏋🏼 It's a weighted workout, which means, you need some weight (dumbells or 2 bottles of water) and I'm asking you to give your best and finish this workout all sweaty 🤪 The video is in full length which means you can just follow whatever I’m doing! The workout is composed of 7 exercises to perform 4 times. Do 30 seconds of each exercise, followed by 30 seconds of rest to get ready for the next exercise 🚀 THE EXERCISES: 1️⃣ Squat to shoulder press 2️⃣ Plank hand raise to frogger 3️⃣ Russian twist 4️⃣ Reverse lunge to shoulder press 5️⃣ Close chest press 6️⃣ Tuck crunch 7️⃣ Squat to explosive squat jump REPEAT FOR 4 ROUNDS AND TAKE 1 MIN REST BETWEEN ROUNDS 😇 __ ▸ you can find all kinds of FREE WORKOUTS on my Instagram Channel (@mambahfit) ➞ https://www.instagram.com/mambahfit/​ __ 🎵 MUSIC by Mixkit ( https://mixkit.co/free-stock-music/ ) __ Disclaimer: Make sure you take all necessary precautions before joining me with this workout, as your safety is the most important thing. To avoid injuries or harm, I suggest you to check your health with a doctor before exercising. By performing any fitness exercises without supervision like with this video, you are performing them at your own risk. See a fitness professional to give you advice on your exercise form. Mambah Fit will not be responsible or liable for any injuries or harm you sustain as a result of this video.","workout,fitness,weights,home workout,burn fat,fat burn,weighted workout,get shredded,follow along,follow along workout,training,hiit,high intensity,interval workout",17,Sports,"Health,Lifestyle_(sociology),Physical_fitness",PT29M58S,1798,2d,hd,false,en,en,https://i.ytimg.com/vi/PYd21mRwTT4/maxresdefault.jpg,1,,,,,2767,77,,0,3
642,UCFqnvxz2f7J2cmTo_j0XMpA,"Mambah Fit",_hh2yMkBprA,2021-11-13T09:30:10Z,"2021-11-13 09:30:10","🔥 DAILY ABS WORKOUT TO BURN FAT 🔥","Get your abs burning with this quick abs workout to do from the comfort of your home 🏡 It's a bodyweight workout, which means, no need for equipment, but I'm asking you to give your best and finish this workout all sweaty 🤪 The video is in full length which means you can just follow whatever I’m doing! The workout is composed of 6 exercises to perform 3 times. Do 30 seconds of each exercise, followed by 15 seconds of rest to get ready for the next exercise 🚀 THE EXERCISES: 1️⃣ Crunches 2️⃣ Leg raises 3️⃣ Crunch knee to elbow 4️⃣ Reverse crunch 5️⃣ Plank jacks 6️⃣ Mountain climbers REPEAT FOR 3 ROUNDS AND TAKE 1 MIN REST BETWEEN ROUNDS 😇 __ ▸ you can find all kinds of FREE WORKOUTS on my Instagram Channel (@mambahfit) ➞ https://www.instagram.com/mambahfit/​ __ 🎵 MUSIC by Mixkit ( https://mixkit.co/free-stock-music/ ) __ Disclaimer: Make sure you take all necessary precautions before joining me with this workout, as your safety is the most important thing. To avoid injuries or harm, I suggest you to check your health with a doctor before exercising. By performing any fitness exercises without supervision like with this video, you are performing them at your own risk. See a fitness professional to give you advice on your exercise form. Mambah Fit will not be responsible or liable for any injuries or harm you sustain as a result of this video.","workout,abs,abs workout,lose weight,get abs,belly fat,get shredded,finisher,training,hiit,lower abs,core,core workout,fitness,fitness influencer,fitness motivation,motivation,dedication,home workout,home training,fitness at home",17,Sports,"Health,Lifestyle_(sociology),Physical_fitness",PT15M10S,910,2d,hd,false,en,en,https://i.ytimg.com/vi/_hh2yMkBprA/maxresdefault.jpg,,,,,,7572,137,,0,5
643,UCFqnvxz2f7J2cmTo_j0XMpA,"Mambah Fit",vKRgHWB47AQ,2021-10-30T09:00:34Z,"2021-10-30 09:00:34","QUICK 5 MINUTES FULL BODY WORKOUT ⚡️","You don't have time to workout but you still want to sweat and burn some calories, then this workout is for you 🔥 It's a bodyweight workout, which means, no need for equipment, but I'm asking you to give your best and finish this workout all sweaty 🤪 The video is in full length which means you can just follow whatever I’m doing! The workout is composed of 5 simple exercises to perform once. There is no rest between exercises, only a low-intensity exercise which is ""Run in place"" to keep your heart rate high and keep the calories burning 🔥 Do 45 seconds of each high-intensity exercise, followed by 10 seconds of the low-intensity exercise 🚀 THE EXERCISES: 1️⃣ Jumping jacks 2️⃣ High knees 3️⃣ Bycicle crunch 4️⃣ Power skips 5️⃣ Burpees REMEMBER TO ALTERNATE THE EXERCISES WITH 🏃🏽RUN IN PLACE🏃🏽 __ ▸ you can find all kinds of FREE WORKOUTS on my Instagram Channel (@mambahfit) ➞ https://www.instagram.com/mambahfit/​ __ 🎵 MUSIC by Mixkit ( https://mixkit.co/free-stock-music/ ) __ Disclaimer: Make sure you take all necessary precautions before joining me with this workout, as your safety is the most important thing. To avoid injuries or harm, I suggest you to check your health with a doctor before exercising. By performing any fitness exercises without supervision like with this video, you are performing them at your own risk. See a fitness professional to give you advice on your exercise form. Mambah Fit will not be responsible or liable for any injuries or harm you sustain as a result of this video.","cardio,workout,bodyweight,quick,quick workout,easy workout,hiit,hiit workout,training,home workout,athomeworkout,at home fitness,fitness,follow along,fat burn,burn fat",17,Sports,"Health,Lifestyle_(sociology),Physical_fitness",PT5M23S,323,2d,hd,false,en,en,https://i.ytimg.com/vi/vKRgHWB47AQ/maxresdefault.jpg,,,,,,3112,75,,0,1
644,UCFqnvxz2f7J2cmTo_j0XMpA,"Mambah Fit",GY2EjJbf03E,2021-10-23T09:00:05Z,"2021-10-23 09:00:05","12 MIN LOW IMPACT LOWER BODY FOCUSED 🚀","⚡️Get your legs toned with this low impact lower body workout⚡️ It's a bodyweight workout, which means, no need for equipment, but I'm asking you to give your best and finish this workout all sweaty 🤪 The video is in full length which means you can just follow whatever I’m doing! The workout is composed of 3 lower body exercises and 1 cardio exercise to do between the lower body ones. Perform 30 seconds of exercise alternating between the lower body ones and the cardio one. Add 1 min rest at the end of each round 😎 THE EXERCISES: 1️⃣ Push jack 2️⃣ Squat pulse 3️⃣ Push jack 4️⃣ Lunge pulse right 5️⃣ Push jack 6️⃣ Lunge pulse left REPEAT 3 TIMES AND DON'T FORGET TO GIVE IT ALL 🔥 __ ▸ you can find all kinds of FREE WORKOUTS on my Instagram Channel (@mambahfit) ➞ https://www.instagram.com/mambahfit/​ __ 🤸🏽 Credit to my workout body @Majdoulinsr with who I had so much fun filming this workout. __ 🎵 MUSIC by Mixkit ( https://mixkit.co/free-stock-music/ ) __ Disclaimer: Make sure you take all necessary precautions before joining me with this workout, as your safety is the most important thing. To avoid injuries or harm, I suggest you to check your health with a doctor before exercising. By performing any fitness exercises without supervision like with this video, you are performing them at your own risk. See a fitness professional to give you advice on your exercise form. Mambah Fit will not be responsible or liable for any injuries or harm you sustain as a result of this video.","workout,follow along,lower body,lowerbody workout,get toned,lose weight,bodyweight,partner workout,partner,fat lose,loose fat,home workout,no equipment",17,Sports,"Health,Lifestyle_(sociology),Physical_fitness",PT11M58S,718,2d,hd,false,en,en,https://i.ytimg.com/vi/GY2EjJbf03E/maxresdefault.jpg,1,,,,,12631,125,,0,10
645,UCFqnvxz2f7J2cmTo_j0XMpA,"Mambah Fit",_PrijbNZvaI,2021-10-17T09:35:12Z,"2021-10-17 09:35:12","16 MIN FULL BODY WORKOUT TO MAKE YOU SWEAT 💦","💦 Start your day right with this quick sweaty workout 💦 It's a bodyweight workout, which means, no need for equipment, but I'm asking you to give your best and finish this workout all sweaty 🤪 The video is in full length which means you can just follow whatever I’m doing! The workout is composed of 6 exercises to do for 3 rounds. Perform 25 seconds of exercise and take 25 seconds rest in between ⚡️ Add 1 min rest at the end of each round 😎 THE EXERCISES: 1️⃣ Seal jack to squat 2️⃣ Reverse lunge to front kick 3️⃣ Sprawl to climber 4️⃣ Skippers into knee reach 5️⃣ Climbers to push up 6️⃣ Plank front to knee reach REPEAT 3 TIMES AND DON'T FORGET TO GIVE IT ALL 🔥 __ ▸ you can find all kinds of FREE WORKOUTS on my Instagram Channel (@mambahfit) ➞ https://www.instagram.com/mambahfit/​ __ 🎵 MUSIC by Mixkit ( https://mixkit.co/free-stock-music/ ) __ Disclaimer: Make sure you take all necessary precautions before joining me with this workout, as your safety is the most important thing. To avoid injuries or harm, I suggest you to check your health with a doctor before exercising. By performing any fitness exercises without supervision like with this video, you are performing them at your own risk. See a fitness professional to give you advice on your exercise form. Mambah Fit will not be responsible or liable for any injuries or harm you sustain as a result of this video.","workout,bodyweight,cardio,full body,burn fat,quick workout,no equipment,fat burn,fitness,fitness influencer,get shredded,get lean",17,Sports,"Health,Lifestyle_(sociology),Physical_fitness",PT16M49S,1009,2d,hd,false,en,en,https://i.ytimg.com/vi/_PrijbNZvaI/maxresdefault.jpg,1,,,,,2611,70,,0,2
646,UCFqnvxz2f7J2cmTo_j0XMpA,"Mambah Fit",CAd3GXKmkt0,2021-09-26T09:10:02Z,"2021-09-26 09:10:02","20 MIN FULL BODY WORKOUT (BURN +300 KCAL) 🚀","Burn up to 300 kcal in 20 minutes thanks to this Full Body Workout 🌊 Challenge your friend and let's see who burns moooore 🔥 It's a bodyweight workout, which means, no need for equipment, but I'm asking you to give your best and finish this workout all sweaty 🤪 The video is in full length which means you can just follow whatever I’m doing! The workout is composed of 2 circuits, with 10 exercises each. Perform 45 seconds of exercise and take 15 seconds rest in between ⚡️ THE EXERCISES: 1️⃣ Jump rope 2️⃣ Squat 3️⃣ Push ups 4️⃣ High knees 5️⃣ Lunges 6️⃣ Crunch knee to elbow 7️⃣ Glute bridge march 8️⃣ Alternate jacks 9️⃣ Mountain climbers 🔟 Plank REPEAT TWICE AND DON'T FORGET TO GIVE IT ALL 🔥 __ 📹 Credit to (@zey.studios) ➞ https://www.instagram.com/zey.studios/ __ ▸ you can find all kinds of FREE WORKOUTS on my Instagram Channel (@mambahfit) ➞ https://www.instagram.com/mambahfit/​ __ 🎵 MUSIC by Mixkit ( https://mixkit.co/free-stock-music/ ) __ Disclaimer: Make sure you take all necessary precautions before joining me with this workout, as your safety is the most important thing. To avoid injuries or harm, I suggest you to check your health with a doctor before exercising. By performing any fitness exercises without supervision like with this video, you are performing them at your own risk. See a fitness professional to give you advice on your exercise form. Mambah Fit will not be responsible or liable for any injuries or harm you sustain as a result of this video.","workout,full body,burn fat,fatburn,cardio,home,homeworkout,bodyweight,bodyweightworkout,athomefitness,getabs,followalong,follow along,followalongworkout",17,Sports,"Health,Lifestyle_(sociology),Physical_fitness",PT20M11S,1211,2d,hd,false,en,en,https://i.ytimg.com/vi/CAd3GXKmkt0/maxresdefault.jpg,1,,,,,8861,110,,0,4
647,UCFqnvxz2f7J2cmTo_j0XMpA,"Mambah Fit",dDsKFGi7EbA,2021-07-31T08:30:12Z,"2021-07-31 08:30:12","15 minutes full body workout 🚀","Get your body running with this amazing full-body workout ⚡️ It's a bodyweight workout, which means, no need for equipment, but I'm asking you to give your best and finish this workout all sweaty 🤪 The video is in full length which means you can just follow whatever I’m doing! The workout is composed of 3 rounds, with 6 exercises each. Perform 45 seconds of exercise back to back with no rest, and take 1 minute rest at the end of the round ⚡️ THE EXERCISES: 1️⃣ Butt kicks 2️⃣ Alternate plank (leg and arm) 3️⃣ Mountain climbers 4️⃣ Crab triceps dips 5️⃣ Push up toe touch 6️⃣ Lunges 7️⃣ Plank 8️⃣ Lunges 9️⃣ Burpees 🔟 Alternate jacks REPEAT THREE TIMES AND DON'T FORGET TO GIVE IT ALL 🔥 __ ▸ you can find all kinds of FREE WORKOUTS on my Instagram Channel (@mambahfit) ➞ https://www.instagram.com/mambahfit/​ __ 🎵 MUSIC by Soundloud, Alby - https://soundcloud.com/adam-lallouz/a... __ Disclaimer: Make sure you take all necessary precautions before joining me with this workout, as your safety is the most important thing. To avoid injuries or harm, I suggest you to check your health with a doctor before exercising. By performing any fitness exercises without supervision like with this video, you are performing them at your own risk. See a fitness professional to give you advice on your exercise form. Mambah Fit will not be responsible or liable for any injuries or harm you sustain as a result of this video.","full body,workout,fat burn,lose fat,lose weight,quick,quick workout,easy workout,fun,effective,get abs,get shredded,follow along,full workout",17,Sports,"Health,Lifestyle_(sociology),Physical_fitness",PT15M53S,953,2d,hd,false,en,en,https://i.ytimg.com/vi/dDsKFGi7EbA/maxresdefault.jpg,1,,,,,1525,46,,0,2
648,UCFqnvxz2f7J2cmTo_j0XMpA,"Mambah Fit",JBUMI_gNxis,2021-07-03T08:30:03Z,"2021-07-03 08:30:03","Summer cardio workout ☀️","Get a quick and nice workout with this amazing cardio with a view. Enjoy working out and get ready for summer ☀️ It's a bodyweight workout, which means, no need for equipment, but I'm asking you to give your best and finish this workout all sweaty 🤪 The video is in full length which means you can just follow whatever I’m doing! The workout is composed of 2 circuits, with 6 exercises each. Perform 40 seconds of exercise and take 20 seconds rest in between ⚡️ THE EXERCISES: 1️⃣ Jumping jacks 2️⃣ High knees 3️⃣ Steam squats 4️⃣ Jumping lunges 5️⃣ Mountain climbers 6️⃣. Jump rope REPEAT TWICE AND DON'T FORGET TO GIVE IT ALL 🔥 __ ▸ you can find all kinds of FREE WORKOUTS on my Instagram Channel (@mambahfit) ➞ https://www.instagram.com/mambahfit/​ __ 🎵 MUSIC by Mixkit ( https://mixkit.co/free-stock-music/ ) __ Disclaimer: Make sure you take all necessary precautions before joining me with this workout, as your safety is the most important thing. To avoid injuries or harm, I suggest you to check your health with a doctor before exercising. By performing any fitness exercises without supervision like with this video, you are performing them at your own risk. See a fitness professional to give you advice on your exercise form. Mambah Fit will not be responsible or liable for any injuries or harm you sustain as a result of this video.","cardio,workout,summer,fat loss,weightloss,fat burn,easy workout,quick workout,get abs,follow along,follow along workout,pha",17,Sports,"Health,Lifestyle_(sociology),Physical_fitness",PT12M6S,726,2d,hd,false,en,en,https://i.ytimg.com/vi/JBUMI_gNxis/maxresdefault.jpg,1,,,,,4101,55,,0,6
649,UCFqnvxz2f7J2cmTo_j0XMpA,"Mambah Fit",MILplsdxv0s,2021-05-01T10:00:19Z,"2021-05-01 10:00:19","KILLER CARDIO WORKOUT 🔥","Let's get ready for summer ☀️ with this full body cardio workout!! It's a bodyweight workout, which means, no need for equipment, but I'm asking you to give your best and finish this workout all sweaty 🤪 The video is in full length which means you can just follow whatever I’m doing! The workout is composed of 2 circuits, with 10 exercises each. Perform 45 seconds of exercise and take 15 seconds rest in between ⚡️ THE EXERCISES: 1️⃣ Running in place 2️⃣ Jumping jacks 3️⃣ Squats 4️⃣ Jump rope 5️⃣ Mountain climbers 6️⃣. High knees 7️⃣. Plank 8️⃣. Lunges 9️⃣. Burpees 🔟. Alternate jacks REPEAT TWICE AND DON'T FORGET TO GIVE IT ALL 🔥 __ ▸ you can find all kinds of FREE WORKOUTS on my Instagram Channel (@mambahfit) ➞ https://www.instagram.com/mambahfit/​ __ 🎵 MUSIC by Soundloud, Alby - https://soundcloud.com/adam-lallouz/absence-of-melanin-ii?ref=whatsapp&p=i&c=1&utm_source=whatsapp&utm_medium=message&utm_campaign=social_sharing __ Disclaimer: Make sure you take all necessary precautions before joining me with this workout, as your safety is the most important thing. To avoid injuries or harm, I suggest you to check your health with a doctor before exercising. By performing any fitness exercises without supervision like with this video, you are performing them at your own risk. See a fitness professional to give you advice on your exercise form. Mambah Fit will not be responsible or liable for any injuries or harm you sustain as a result of this video.","workout,cardio,weightloss,fatburn,fat,burning,bodyweight,no equipment,home,home workout,summer,morocco,summerbody,abs,absworkout,lose weight,get abs,shredded,shredding,calories,burn calories,summer workout,outdoor,outdoor workout,garden,marrakech,sunny,get ready for summer,cardio workout,full workout",17,Sports,"Health,Lifestyle_(sociology),Physical_fitness",PT20M11S,1211,2d,hd,false,en,en,https://i.ytimg.com/vi/MILplsdxv0s/maxresdefault.jpg,,,Marrakech,31.6294723,-7.9810845,4364,73,,0,5
650,UCFqnvxz2f7J2cmTo_j0XMpA,"Mambah Fit",AQ5W3epVKyI,2021-04-09T08:00:04Z,"2021-04-09 08:00:04","INTENSE LOWER BODY WORKOUT ⚡️","Feel your legs burning with this amazing lower body workout!! It's a bodyweight workout, which means, no need for equipment, buuuut if you feel like it, add some weight to make it even harder!! 💪🏽 The video is in full length which means you can just follow whatever I’m doing! The workout is composed of 3 mini circuits, and each mini-circuit is composed of 3 exercises. 35 seconds per exercise, no rest between exercises, and 30 seconds rest at the end of the round. FIRST MINI CIRCUIT: 1️⃣ Squat pulse jump 2️⃣ Lunge pulse jump 3️⃣ V-ups SECOND MINI CIRCUIT: 1️⃣ Single leg forward to reverse lunge 2️⃣ Single leg forward to reverse lunge 3️⃣ Oblique pulse up THIRD MINI CIRCUIT: 1️⃣ Squat to reverse lunge 2️⃣ Single leg glute bridge 3️⃣ Single leg glute bridge REPEAT 3 TIMES EACH MINI CIRCUIT AND GO TO THE NEXT ONE 🔥 __ ▸ you can find all kind of FREE WORKOUTS on my Instagram Channel (@mambahfit) ➞ https://www.instagram.com/mambahfit/​ __ 🎵 MUSIC by Music Vine - https://musicvine.com/​ __ Disclaimer: Make sure you take all necessary precautions before joining me with this workout, as your safety is the most important thing. To avoid injuries or harm, I suggest you to check your health with a doctor before exercising. By performing any fitness exercises without supervision like with this video, you are performing them at your own risk. See a fitness professional to give you advice on your exercise form. Mambah Fit will not be responsible or liable for any injuries or harm you sustain as a result of this video.",,17,Sports,"Health,Lifestyle_(sociology),Physical_fitness",PT20M17S,1217,2d,hd,false,en,en,https://i.ytimg.com/vi/AQ5W3epVKyI/maxresdefault.jpg,,,,,,3665,73,,0,2
651,UCFqnvxz2f7J2cmTo_j0XMpA,"Mambah Fit",UT5eM-j1BUw,2021-03-20T09:00:09Z,"2021-03-20 09:00:09","FAT BURNING 12 MIN CARDIO PHA WORKOUT 🔥","You have to try this amazing PHA ""peripheral heart rate training"" that will make you burn a maximum of calories in a minimum amount of time ! ☄️ It's a bodyweight workout, which means, no need for equipment, so DON'T BE LAZY, AND LET'S GET THIS DONE!! 💪🏽 The video is in full length which means you can just follow whatever I’m doing! The workout is composed of 3 main exercises of 30 sec each, and active rest of 45 sec in between: 1️⃣ Running in place 2️⃣ Jump squat 3️⃣ Running in place 4️⃣ Burpees 5️⃣ Running in place 6️⃣ Lateral mountain climbers REPEAT 3 TIMES !!! __ ▸ you can find all kind of FREE WORKOUTS on my Instagram Channel (@mambahfit) ➞ https://www.instagram.com/mambahfit/​ __ 🎵 MUSIC by MixKit - https://mixkit.co/ __ Disclaimer: Make sure you take all necessary precautions before joining me with this workout, as your safety is the most important thing. To avoid injuries or harm, I suggest you to check your health with a doctor before exercising. By performing any fitness exercises without supervision like with this video, you are performing them at your own risk. See a fitness professional to give you advice on your exercise form. Mambah Fit will not be responsible or liable for any injuries or harm you sustain as a result of this video.","workout,entrainement,cardio,hiit,pha,full body,burpees,fat burn,fat burning,calories,burn,weightloss,lose weith,easy,short",17,Sports,"Health,Lifestyle_(sociology),Physical_fitness",PT12M38S,758,2d,hd,false,en,en,https://i.ytimg.com/vi/UT5eM-j1BUw/maxresdefault.jpg,1,,,,,1862,48,,0,2
652,UCFqnvxz2f7J2cmTo_j0XMpA,"Mambah Fit",GXBoPzjZopI,2021-02-22T17:00:08Z,"2021-02-22 17:00:08","BEGINNER FAT BURNING CARDIO WORKOUT 🔥","No more excuses!! Start today with this easy full-body HIIT workout to burn a maximum of calories in less than 16 minutes !!⏱ It's a bodyweight workout, which means, no need for equipment, so DON'T BE LAZY, AND LET'S GET THIS DONE!! 💪🏽 The video is in full length which means you can just follow whatever I’m doing! The workout is composed of 4 exercises, 30 sec per exercise followed by 30 sec of rest: 1️⃣Running in place 2️⃣Steam engine 3️⃣Jumping jacks 4️⃣Walk out plank REPEAT 4 TIMES !!! __ ▸ you can find all kind of FREE WORKOUTS on my Instagram Channel (@mambahfit) ➞ https://www.instagram.com/mambahfit/ __ 🎵 MUSIC by Music Vine - https://musicvine.com/ __ Disclaimer: Make sure you take all necessary precautions before joining me with this workout, as your safety is the most important thing. To avoid injuries or harm, I suggest you to check your health with a doctor before exercising. By performing any fitness exercises without supervision like with this video, you are performing them at your own risk. See a fitness professional to give you advice on your exercise form. Mambah Fit will not be responsible or liable for any injuries or harm you sustain as a result of this video.","workout,full body,hiit,beginners workout,begginers hiit,full body workout,easy workout,fat burning,fat burning workout,quick workout,get in shape,entrainement,home workout,bodyweight,bodyweight workout,follow along workout,fun workout,fun,easy",17,Sports,"Health,Lifestyle_(sociology),Physical_fitness",PT16M14S,974,2d,hd,false,en,en,https://i.ytimg.com/vi/GXBoPzjZopI/maxresdefault.jpg,,,Casablanca,33.5731104,-7.5898434,2511,68,,0,2
653,UCFqnvxz2f7J2cmTo_j0XMpA,"Mambah Fit",vBsC-UnXhCQ,2021-02-07T16:15:47Z,"2021-02-07 16:15:47","12 MINUTES FAT BRUN ABS WORKOUT 🔥","Feel your abs burning with this quick 12 minutes home abs workout 🔥 The video is in full length which means you can just follow whatever I’m doing. 30 seconds for each exercise and 10 seconds rest in between. At the end of the round, take 45 seconds to stretch, and prepare yourself for the 2nd round. WE WILL END THE WORKOUT WITH A CORE FINISHER ⚡️ The workout is composed of 6 exercises + 3 finishers exercises: 1️⃣ Crunch 2️⃣ Scissor kicks 3️⃣ Mountain climbers 4️⃣ Leg raises 5️⃣ Rissian twist 6️⃣ Tuck crunch 🔥 FINISHER 7️⃣ Plank 8️⃣ Side plank right 9️⃣ Side plank left __ ▸ you can find all kind of FREE WORKOUTS on my Instagram Channel (@mambahfit) ➞ https://www.instagram.com/mambahfit/ __ 🎵 MUSIC by Music Vine - https://musicvine.com/ __ Disclaimer: Make sure you take all necessary precautions before joining me with this workout, as your safety is the most important thing. To avoid injuries or harm, I suggest you to check your health with a doctor before exercising. By performing any fitness exercises without supervision like with this video, you are performing them at your own risk. See a fitness professional to give you advice on your exercise form. Mambah Fit will not be responsible or liable for any injuries or harm you sustain as a result of this video.","workout,abs,abs workout,fat burning,quick workout,fat loss,6 pack,fat burner,easy workout,ab workout,training,abs training,lower abs,upper abs,core workout",17,Sports,"Health,Lifestyle_(sociology),Physical_fitness",PT12M3S,723,2d,hd,false,en,en,https://i.ytimg.com/vi/vBsC-UnXhCQ/maxresdefault.jpg,,,,,,7675,122,,0,5
654,UCFqnvxz2f7J2cmTo_j0XMpA,"Mambah Fit",fW12_N1yw74,2021-02-01T17:00:30Z,"2021-02-01 17:00:30","20 MINUTES FAT BRUNING HIIT ⚡️","Feel your body burn real fat with this quick 20 minutes HIIT 🔥 It's a bodyweight workout, which means, no need for equipment, so NO EXCUSES!! 💪🏽 The video is in full length which means you can just follow whatever I’m doing 45 seconds for each exercise and 15 seconds rest in between. The workout is composed of 10 exercises: 1️⃣Running in place 2️⃣Steam squat 3️⃣High knees 4️⃣Push-ups (Alternative: Knee push up) 5️⃣Jumping jacks 6️⃣Plank 7️⃣Lunges 8️⃣Crunch twist 9️⃣Mountain climbers 🔟Jumping ropes __ ▸ you can find all kind of FREE WORKOUTS on my Instagram Channel (@mambahfit) ➞ https://www.instagram.com/mambahfit/ __ 🎵 MUSIC by Music Vine - https://musicvine.com/ __ Disclaimer: Make sure you take all necessary precautions before joining me with this workout, as your safety is the most important thing. To avoid injuries or harm, I suggest you to check your health with a doctor before exercising. By performing any fitness exercises without supervision like with this video, you are performing them at your own risk. See a fitness professional to give you advice on your exercise form. Mambah Fit will not be responsible or liable for any injuries or harm you sustain as a result of this video.",,22,"People & Blogs","Health,Lifestyle_(sociology),Physical_fitness",PT20M30S,1230,2d,hd,false,en,en,https://i.ytimg.com/vi/fW12_N1yw74/maxresdefault.jpg,,,,,,4893,119,,0,9
655,UCFqnvxz2f7J2cmTo_j0XMpA,"Mambah Fit",tY4NJ_u4CMc,2021-01-10T15:08:59Z,"2021-01-10 15:08:59","10 MIN FULL BODY HIIT WORKOUT 🔥","Burn a maximum of calories with this 10 minutes Full Body HIIT! Give your best to maximize the effects of the workout ⚡️ Bodyweight workout, which means, no need for equipment, so NO EXCUSES!! 💪🏽 The video is in full length which means you can just follow whatever I’m doing 45 seconds for each exercise and 15 seconds rest in between. The workout is composed of 10 exercises: 1️⃣Jumping rope 2️⃣High knees 3️⃣Push up hand lift (Alternative: Knee push up) 4️⃣Jumping jacks 5️⃣Mountain climbers 6️⃣Jumping lunges 7️⃣Running in place 8️⃣Burpees 9️⃣Plank skiers 🔟Alternate leg raises __ ▸ you can find all kind of FREE WORKOUTS on my Instagram Channel (@mambahfit) ➞ https://www.instagram.com/mambahfit/ __ 🎵 MUSIC by Music Vine - https://musicvine.com/ __ Disclaimer: Make sure you take all necessary precautions before joining me with this workout, as your safety is the most important thing. To avoid injuries or harm, I suggest you to check your health with a doctor before exercising. By performing any fitness exercises without supervision like with this video, you are performing them at your own risk. See a fitness professional to give you advice on your exercise form. Mambah Fit will not be responsible or liable for any injuries or harm you sustain as a result of this video.",,22,"People & Blogs","Health,Lifestyle_(sociology),Physical_fitness",PT10M41S,641,2d,hd,false,en,en,https://i.ytimg.com/vi/tY4NJ_u4CMc/maxresdefault.jpg,,,,,,6804,157,,0,16
656,UCFqnvxz2f7J2cmTo_j0XMpA,"Mambah Fit",_Cz5glFo6_U,2020-12-23T11:15:38Z,"2020-12-23 11:15:38","20 MINUTES FULL BODY CARDIO WORKOUT (NO EQUIPMENT) - with Mambah Fit ⚡️","NO MORE EXCUSES ⚡️ here is a Full Body Workout that will make you sweat and burn a maximum of calories while having fun. You don't need any equipment or weights!! The video is in full length which means you can just follow whatever I’m doing 45 seconds for each exercise and 15 seconds rest in between. The workout is composed of 10 exercises to perform twice. ⚡️ __ ▸ you can find all kind of FREE WORKOUTS on my Instagram Channel (@mambahfit) ➞ https://www.instagram.com/mambahfit/ __ 🎵 MUSIC by Soundcloud - ALBY: https://cutt.ly/yh1h3Uy - Through Your Love (feat. Mr.id & Kawtar Sadik) Kaz James - Sahara (Original Mix) Ran Salman - Firefly, Bedouin Disclaimer: Make sure you take all necessary precautions before joining me with this workout, as your safety is the most important thing. To avoid injuries or harm, I suggest you to check your health with a doctor before exercising. By performing any fitness exercises without supervision like with this video, you are performing them at your own risk. See a fitness professional to give you advice on your exercise form. Mambah Fit will not be responsible or liable for any injuries or harm you sustain as a result of this video.",,22,"People & Blogs","Health,Lifestyle_(sociology),Physical_fitness",PT20M42S,1242,2d,hd,false,en,en,https://i.ytimg.com/vi/_Cz5glFo6_U/maxresdefault.jpg,,,,,,26498,750,,0,0
