position,channelId,channelTitle,videoId,publishedAt,publishedAtSQL,videoTitle,videoDescription,tags,videoCategoryId,videoCategoryLabel,topicCategories,duration,durationSec,dimension,definition,caption,defaultLanguage,defaultLAudioLanguage,thumbnail_maxres,licensedContent,hasPaidProductPlacement,locationDescription,latitude,longitude,viewCount,likeCount,dislikeCount,favoriteCount,commentCount
1,UCzmp6kKMrSbK-hHc59wLylw,"Jamal Alpha - 2",7RKHAqEr68M,2026-04-20T13:05:12Z,"2026-04-20 13:05:12","ردة فعل على أحداث مباراة أولمبيك أسفي و اتحاد العاصمة الجزائري","القناة الرسمية : https://www.youtube.com/@JamalAlpha أهلا بكم و شكرا على ثقتكم لمتابعة يومياتي على انستغرام : http://bit.ly/2ncwNUr Facebook page: https://www.facebook.com/JamalAlphaOfficial Email only for Business : Jamalalphaazmi@gmail.com - اللهم صل وسلم وبارك على نبينا وحبيبنا محمد. - أستغفر الله العظيم و أتوب اليه","Jamal alpha,جمال ألفا,kwili,senpai,lemo,khalafzone,Kharraz,stories",24,Entertainment,Association_football,PT16M23S,983,2d,hd,false,ar,ar,https://i.ytimg.com/vi/7RKHAqEr68M/maxresdefault.jpg,1,,,,,108017,4288,,0,762
2,UCzmp6kKMrSbK-hHc59wLylw,"Jamal Alpha - 2",nhtknr-jLp4,2026-04-19T13:10:25Z,"2026-04-19 13:10:25","فريزة البيضاء و الحمراء 🍓 !! الجديد يا جدك 🇩🇿 ... زط مط فط","القناة الرسمية : https://www.youtube.com/@JamalAlpha أهلا بكم و شكرا على ثقتكم لمتابعة يومياتي على انستغرام : http://bit.ly/2ncwNUr Facebook page: https://www.facebook.com/JamalAlphaOfficial Email only for Business : Jamalalphaazmi@gmail.com - اللهم صل وسلم وبارك على نبينا وحبيبنا محمد. - أستغفر الله العظيم و أتوب اليه","Jamal alpha,جمال ألفا,kwili,senpai,lemo,khalafzone,Kharraz,stories",24,Entertainment,,PT46M9S,2769,2d,hd,false,ar,ar,https://i.ytimg.com/vi/nhtknr-jLp4/maxresdefault.jpg,1,,,,,169743,4549,,0,265
3,UCzmp6kKMrSbK-hHc59wLylw,"Jamal Alpha - 2",Zx2rMvQ3LYs,2026-04-13T20:32:39Z,"2026-04-13 20:32:39","عمليات وسط مدينة البليدة بالجزائر و تعتيم جزائري بسبب زيارة البابا","القناة الرسمية : https://www.youtube.com/@JamalAlpha أهلا بكم و شكرا على ثقتكم لمتابعة يومياتي على انستغرام : http://bit.ly/2ncwNUr Facebook page: https://www.facebook.com/JamalAlphaOfficial Email only for Business : Jamalalphaazmi@gmail.com - اللهم صل وسلم وبارك على نبينا وحبيبنا محمد. - أستغفر الله العظيم و أتوب اليه","Jamal alpha,جمال ألفا,kwili,senpai,lemo,khalafzone,Kharraz,stories",24,Entertainment,Society,PT23M38S,1418,2d,hd,false,ar,ar,https://i.ytimg.com/vi/Zx2rMvQ3LYs/maxresdefault.jpg,1,,,,,151396,5019,,0,1001
4,UCzmp6kKMrSbK-hHc59wLylw,"Jamal Alpha - 2",l5Sfd3AqV8g,2026-04-12T20:36:35Z,"2026-04-12 20:36:35","ردة فعل على مسلسل فريزيتو فريزيتا !! الدراما عند ديسير غيييير","القناة الرسمية : https://www.youtube.com/@JamalAlpha أهلا بكم و شكرا على ثقتكم لمتابعة يومياتي على انستغرام : http://bit.ly/2ncwNUr Facebook page: https://www.facebook.com/JamalAlphaOfficial Email only for Business : Jamalalphaazmi@gmail.com - اللهم صل وسلم وبارك على نبينا وحبيبنا محمد. - أستغفر الله العظيم و أتوب اليه","Jamal alpha,جمال ألفا,kwili,senpai,lemo,khalafzone,Kharraz,stories",24,Entertainment,"Entertainment,Film",PT39M41S,2381,2d,hd,false,ar,ar,https://i.ytimg.com/vi/l5Sfd3AqV8g/maxresdefault.jpg,1,,,,,296658,8110,,0,1160
5,UCzmp6kKMrSbK-hHc59wLylw,"Jamal Alpha - 2",TGLTPCUR33U,2026-04-10T17:52:06Z,"2026-04-10 17:52:06","ردة فعل على الروينة لي نايضة فبرنامج لالة لعروسة 2026 !! سم لعيالات ولا فالرجال","القناة الرسمية : https://www.youtube.com/@JamalAlpha أهلا بكم و شكرا على ثقتكم لمتابعة يومياتي على انستغرام : http://bit.ly/2ncwNUr Facebook page: https://www.facebook.com/JamalAlphaOfficial Email only for Business : Jamalalphaazmi@gmail.com - اللهم صل وسلم وبارك على نبينا وحبيبنا محمد. - أستغفر الله العظيم و أتوب اليه","Jamal alpha,جمال ألفا,kwili,senpai,lemo,khalafzone,Kharraz,stories",24,Entertainment,,PT18M10S,1090,2d,hd,false,ar,ar,https://i.ytimg.com/vi/TGLTPCUR33U/maxresdefault.jpg,1,,,,,331443,8919,,0,722
6,UCzmp6kKMrSbK-hHc59wLylw,"Jamal Alpha - 2",-JWgYorVcAI,2026-04-07T13:11:38Z,"2026-04-07 13:11:38","طريقة الوحيدة باش لامين يامال يجي المغرب ! سكان العاصمة كيشربو ماء مسحور ؟ سعدات لي حماق","القناة الرسمية : https://www.youtube.com/@JamalAlpha أهلا بكم و شكرا على ثقتكم لمتابعة يومياتي على انستغرام : http://bit.ly/2ncwNUr Facebook page: https://www.facebook.com/JamalAlphaOfficial Email only for Business : Jamalalphaazmi@gmail.com - اللهم صل وسلم وبارك على نبينا وحبيبنا محمد. - أستغفر الله العظيم و أتوب اليه","Jamal alpha,جمال ألفا,kwili,senpai,lemo,khalafzone,Kharraz,stories",24,Entertainment,,PT38M12S,2292,2d,hd,false,ar,ar,https://i.ytimg.com/vi/-JWgYorVcAI/maxresdefault.jpg,1,,,,,268776,7733,,0,686
7,UCzmp6kKMrSbK-hHc59wLylw,"Jamal Alpha - 2",ldzQzjhaX7U,2026-04-05T19:02:59Z,"2026-04-05 19:02:59","طفل باع محفظتو مقابل سندويتش ؟ طارق السكتيوي حصل حصلة خايبة ؟ و الجيران هازين الهم للطاس أكثر منا ؟","القناة الرسمية : https://www.youtube.com/@JamalAlpha أهلا بكم و شكرا على ثقتكم لمتابعة يومياتي على انستغرام : http://bit.ly/2ncwNUr Facebook page: https://www.facebook.com/JamalAlphaOfficial Email only for Business : Jamalalphaazmi@gmail.com - اللهم صل وسلم وبارك على نبينا وحبيبنا محمد. - أستغفر الله العظيم و أتوب اليه","Jamal alpha,جمال ألفا,kwili,senpai,lemo,khalafzone,Kharraz,stories",24,Entertainment,,PT58M1S,3481,2d,hd,false,ar,ar,https://i.ytimg.com/vi/ldzQzjhaX7U/maxresdefault.jpg,1,,,,,175141,6574,,0,512
8,UCzmp6kKMrSbK-hHc59wLylw,"Jamal Alpha - 2",ktT0ReJR1BE,2026-03-30T20:48:01Z,"2026-03-30 20:48:01","لاعبين ديال المنتخب ماشي فهاد العالم ؟ الساعة الاضافية ؟ مصر و الجزائر أش دخلكم ؟ علاش كتبكيو ؟","القناة الرسمية : https://www.youtube.com/@JamalAlpha أهلا بكم و شكرا على ثقتكم لمتابعة يومياتي على انستغرام : http://bit.ly/2ncwNUr Facebook page: https://www.facebook.com/JamalAlphaOfficial Email only for Business : Jamalalphaazmi@gmail.com - اللهم صل وسلم وبارك على نبينا وحبيبنا محمد. - أستغفر الله العظيم و أتوب اليه","Jamal alpha,جمال ألفا,kwili,senpai,lemo,khalafzone,Kharraz,stories",24,Entertainment,,PT41M30S,2490,2d,hd,false,ar,ar,https://i.ytimg.com/vi/ktT0ReJR1BE/maxresdefault.jpg,1,,,,,184880,7830,,0,947
9,UCzmp6kKMrSbK-hHc59wLylw,"Jamal Alpha - 2",k2GClpmTx-M,2026-03-26T10:47:40Z,"2026-03-26 10:47:40","شنو استفدنا من الساعة الاضافية ؟ حملة إلغاء الساعة الإضافية في المغرب","القناة الرسمية : https://www.youtube.com/@JamalAlpha أهلا بكم و شكرا على ثقتكم لمتابعة يومياتي على انستغرام : http://bit.ly/2ncwNUr Facebook page: https://www.facebook.com/JamalAlphaOfficial Email only for Business : Jamalalphaazmi@gmail.com - اللهم صل وسلم وبارك على نبينا وحبيبنا محمد. - أستغفر الله العظيم و أتوب اليه","Jamal alpha,جمال ألفا,kwili,senpai,lemo,khalafzone,Kharraz,stories",24,Entertainment,"Politics,Society",PT28M25S,1705,2d,hd,false,ar,ar,https://i.ytimg.com/vi/k2GClpmTx-M/maxresdefault.jpg,1,,,,,127939,6999,,0,1192
10,UCzmp6kKMrSbK-hHc59wLylw,"Jamal Alpha - 2",-jbY39oSkp4,2026-03-18T19:48:58Z,"2026-03-18 19:48:58","ردة فعل ( الأشقاء ) بعد تتويج المغرب بكأس افريقيا! الله يعظم الأجر","القناة الرسمية : https://www.youtube.com/@JamalAlpha أهلا بكم و شكرا على ثقتكم لمتابعة يومياتي على انستغرام : http://bit.ly/2ncwNUr Facebook page: https://www.facebook.com/JamalAlphaOfficial Email only for Business : Jamalalphaazmi@gmail.com - اللهم صل وسلم وبارك على نبينا وحبيبنا محمد. - أستغفر الله العظيم و أتوب اليه","Jamal alpha,جمال ألفا,kwili,senpai,lemo,khalafzone,Kharraz,stories",24,Entertainment,Association_football,PT38M41S,2321,2d,hd,false,ar,ar,https://i.ytimg.com/vi/-jbY39oSkp4/maxresdefault.jpg,1,,,,,362317,11906,,0,1274
11,UCzmp6kKMrSbK-hHc59wLylw,"Jamal Alpha - 2",WHDjZhgxziQ,2026-03-18T00:10:51Z,"2026-03-18 00:10:51","ردة فعل بعد سحب اللقب من السنغال و منح المغرب بطولة كأس الامم الافريقية! الدق و السكات","القناة الرسمية : https://www.youtube.com/@JamalAlpha أهلا بكم و شكرا على ثقتكم لمتابعة يومياتي على انستغرام : http://bit.ly/2ncwNUr Facebook page: https://www.facebook.com/JamalAlphaOfficial Email only for Business : Jamalalphaazmi@gmail.com - اللهم صل وسلم وبارك على نبينا وحبيبنا محمد. - أستغفر الله العظيم و أتوب اليه","Jamal alpha,جمال ألفا,kwili,senpai,lemo,khalafzone,Kharraz,stories",24,Entertainment,Association_football,PT15M53S,953,2d,hd,false,ar,ar,https://i.ytimg.com/vi/WHDjZhgxziQ/maxresdefault.jpg,1,,,,,351699,16732,,0,2132
12,UCzmp6kKMrSbK-hHc59wLylw,"Jamal Alpha - 2",CRisrPRfJFo,2026-03-16T12:31:26Z,"2026-03-16 12:31:26","المازوط في المغرب تزاد بـ 2 دراهم و المغاربة بداو كيف العادة ... لهطة و الزحام!","القناة الرسمية : https://www.youtube.com/@JamalAlpha أهلا بكم و شكرا على ثقتكم code promo : JAMAL10 lien de téléchargement : https://try.sendwave.com/kjap/278m14y0 لمتابعة يومياتي على انستغرام : http://bit.ly/2ncwNUr Facebook page: https://www.facebook.com/JamalAlphaOfficial Email only for Business : Jamalalphaazmi@gmail.com - اللهم صل وسلم وبارك على نبينا وحبيبنا محمد. - أستغفر الله العظيم و أتوب اليه","Jamal alpha,جمال ألفا,kwili,senpai,lemo,khalafzone,Kharraz,stories",24,Entertainment,,PT30M5S,1805,2d,hd,false,ar,ar,https://i.ytimg.com/vi/CRisrPRfJFo/maxresdefault.jpg,1,,,,,107316,3473,,0,288
13,UCzmp6kKMrSbK-hHc59wLylw,"Jamal Alpha - 2",h7bRRZiiebI,2026-03-11T19:14:48Z,"2026-03-11 19:14:48","ردة فعل على مولات ذو القرنين لي كتخطف البنات !!","القناة الرسمية : https://www.youtube.com/@JamalAlpha أهلا بكم و شكرا على ثقتكم لمتابعة يومياتي على انستغرام : http://bit.ly/2ncwNUr Facebook page: https://www.facebook.com/JamalAlphaOfficial Email only for Business : Jamalalphaazmi@gmail.com - اللهم صل وسلم وبارك على نبينا وحبيبنا محمد. - أستغفر الله العظيم و أتوب اليه","Jamal alpha,جمال ألفا,kwili,senpai,lemo,khalafzone,Kharraz,stories",24,Entertainment,,PT20M31S,1231,2d,hd,false,ar,ar,https://i.ytimg.com/vi/h7bRRZiiebI/maxresdefault.jpg,1,,,,,178159,6202,,0,634
14,UCzmp6kKMrSbK-hHc59wLylw,"Jamal Alpha - 2",cGopvnEW28s,2026-03-09T13:14:14Z,"2026-03-09 13:14:14","هذا هو أغلى هاتف للسنة 2026 ... Xiaomi 17 ULTRA الجديد 🤯🔥","موقع الرسمي : https://www.mi.com/ma-fr/ حساب انستغرام : https://www.instagram.com/xiaomi.morocco/ القناة الرسمية : https://www.youtube.com/@JamalAlpha أهلا بكم و شكرا على ثقتكم لمتابعة يومياتي على انستغرام : http://bit.ly/2ncwNUr Facebook page: https://www.facebook.com/JamalAlphaOfficial Email only for Business : Jamalalphaazmi@gmail.com - اللهم صل وسلم وبارك على نبينا وحبيبنا محمد. - أستغفر الله العظيم و أتوب اليه","Jamal alpha,جمال ألفا,kwili,senpai,lemo,khalafzone,Kharraz,stories",24,Entertainment,Technology,PT7M42S,462,2d,hd,false,ar,ar,https://i.ytimg.com/vi/cGopvnEW28s/maxresdefault.jpg,1,,,,,26413,968,,0,78
15,UCzmp6kKMrSbK-hHc59wLylw,"Jamal Alpha - 2",4Hhbbk2EypI,2026-03-05T20:08:55Z,"2026-03-05 20:08:55","ردة فعل على خالد العليان عند الجيران و سيلينا صدمات المجتمع النسوي... شكرا وليد الركراكي !!","القناة الرسمية : https://www.youtube.com/@JamalAlpha أهلا بكم و شكرا على ثقتكم code promo : JAMAL10 lien de téléchargement : https://try.sendwave.com/kjap/278m14y0 لمتابعة يومياتي على انستغرام : http://bit.ly/2ncwNUr Facebook page: https://www.facebook.com/JamalAlphaOfficial Email only for Business : Jamalalphaazmi@gmail.com - اللهم صل وسلم وبارك على نبينا وحبيبنا محمد. - أستغفر الله العظيم و أتوب اليه","Jamal alpha,جمال ألفا,kwili,senpai,lemo,khalafzone,Kharraz,stories",24,Entertainment,,PT29M52S,1792,2d,hd,false,ar,ar,https://i.ytimg.com/vi/4Hhbbk2EypI/maxresdefault.jpg,1,,,,,160680,5087,,0,281
16,UCzmp6kKMrSbK-hHc59wLylw,"Jamal Alpha - 2",QXSu4T1bkfE,2026-02-28T19:58:37Z,"2026-02-28 19:58:37","ردة فعل على ضربات ايران للدول العربية ... هل هي بداية النهاية ؟","القناة الرسمية : https://www.youtube.com/@JamalAlpha أهلا بكم و شكرا على ثقتكم لمتابعة يومياتي على انستغرام : http://bit.ly/2ncwNUr Facebook page: https://www.facebook.com/JamalAlphaOfficial Email only for Business : Jamalalphaazmi@gmail.com - اللهم صل وسلم وبارك على نبينا وحبيبنا محمد. - أستغفر الله العظيم و أتوب اليه","Jamal alpha,جمال ألفا,الحرب بين إسرائيل وإيران,الحرب بين أمريكا وإيران,تصعيد إيران وإسرائيل,الحرب في الشرق الأوسط,أخبار إيران اليوم,الحرب العالمية الثالثة,تحليل الحرب بين إيران وإسرائيل,ماذا يحدث في الشرق الأوسط,صراع إيران وأمريكا,التصعيد العسكري,Israel Iran war,Israel Iran conflict,World War 3,تحليل سياسي,أخبار عاجلة",24,Entertainment,,PT27M43S,1663,2d,hd,false,ar,ar,https://i.ytimg.com/vi/QXSu4T1bkfE/maxresdefault.jpg,1,,Maroc,31.791702,-7.09262,240215,7198,,0,645
17,UCzmp6kKMrSbK-hHc59wLylw,"Jamal Alpha - 2",eXxcw_PdRB0,2026-02-25T16:11:41Z,"2026-02-25 16:11:41","رسميا الركراكي يرحل ...الجامعة تنفي و يستمر أطول مسلسل في المغرب !","القناة الرسمية : https://www.youtube.com/@JamalAlpha أهلا بكم و شكرا على ثقتكم لمتابعة يومياتي على انستغرام : http://bit.ly/2ncwNUr Facebook page: https://www.facebook.com/JamalAlphaOfficial Email only for Business : Jamalalphaazmi@gmail.com - اللهم صل وسلم وبارك على نبينا وحبيبنا محمد. - أستغفر الله العظيم و أتوب اليه","Jamal alpha,جمال ألفا,kwili,senpai,lemo,khalafzone,Kharraz,stories",24,Entertainment,,PT53M16S,3196,2d,hd,false,ar,ar,https://i.ytimg.com/vi/eXxcw_PdRB0/maxresdefault.jpg,1,,,,,112174,4308,,0,239
18,UCzmp6kKMrSbK-hHc59wLylw,"Jamal Alpha - 2",PVgr_s-LWpY,2026-02-23T20:23:26Z,"2026-02-23 20:23:26","شنو واقع في المكسيك 🇲🇽 ؟","القناة الرسمية : https://www.youtube.com/@JamalAlpha أهلا بكم و شكرا على ثقتكم لمتابعة يومياتي على انستغرام : http://bit.ly/2ncwNUr Facebook page: https://www.facebook.com/JamalAlphaOfficial Email only for Business : Jamalalphaazmi@gmail.com - اللهم صل وسلم وبارك على نبينا وحبيبنا محمد. - أستغفر الله العظيم و أتوب اليه","Jamal alpha,جمال ألفا,kwili,senpai,lemo,khalafzone,Kharraz,stories",24,Entertainment,,PT22M,1320,2d,hd,false,ar,ar,https://i.ytimg.com/vi/PVgr_s-LWpY/maxresdefault.jpg,1,,,,,176802,6003,,0,298
19,UCzmp6kKMrSbK-hHc59wLylw,"Jamal Alpha - 2",CjEh4uNL93Y,2026-02-20T21:50:17Z,"2026-02-20 21:50:17","تضحك تخسر #145 : لوبيا و المناعة الجزائرية !!","code promo : JAMAL10 lien de téléchargement : https://try.sendwave.com/kjap/278m14y0 القناة الرسمية : https://www.youtube.com/@JamalAlpha أهلا بكم و شكرا على ثقتكم لمتابعة يومياتي على انستغرام : http://bit.ly/2ncwNUr Facebook page: https://www.facebook.com/JamalAlphaOfficial Email only for Business : Jamalalphaazmi@gmail.com - اللهم صل وسلم وبارك على نبينا وحبيبنا محمد. - أستغفر الله العظيم و أتوب اليه","Jamal alpha,جمال ألفا,kwili,senpai,lemo,khalafzone,Kharraz,stories",24,Entertainment,"Entertainment,Film",PT24M20S,1460,2d,hd,false,ar,ar,https://i.ytimg.com/vi/CjEh4uNL93Y/maxresdefault.jpg,1,,,,,175781,6246,,0,264
20,UCzmp6kKMrSbK-hHc59wLylw,"Jamal Alpha - 2",I3BDWorq538,2026-02-18T14:26:40Z,"2026-02-18 14:26:40","شنو واقع في فرنسا 🇫🇷 ؟ نص في فرنسا صائم و نص الآخر فاطر 😱","القناة الرسمية : https://www.youtube.com/@JamalAlpha أهلا بكم و شكرا على ثقتكم لمتابعة يومياتي على انستغرام : http://bit.ly/2ncwNUr Facebook page: https://www.facebook.com/JamalAlphaOfficial Email only for Business : Jamalalphaazmi@gmail.com - اللهم صل وسلم وبارك على نبينا وحبيبنا محمد. - أستغفر الله العظيم و أتوب اليه","Jamal alpha,جمال ألفا,kwili,senpai,lemo,khalafzone,Kharraz,stories",24,Entertainment,,PT38M20S,2300,2d,hd,false,ar,ar,https://i.ytimg.com/vi/I3BDWorq538/maxresdefault.jpg,1,,,,,139631,4761,,0,481
21,UCzmp6kKMrSbK-hHc59wLylw,"Jamal Alpha - 2",R3yF9jeLc5k,2026-02-12T12:20:54Z,"2026-02-12 12:20:54","ردة فعل على الكعبة التي بنيت في الجزائر ...باي باي السعودية !!","القناة الرسمية : https://www.youtube.com/@JamalAlpha أهلا بكم و شكرا على ثقتكم لمتابعة يومياتي على انستغرام : http://bit.ly/2ncwNUr Facebook page: https://www.facebook.com/JamalAlphaOfficial Email only for Business : Jamalalphaazmi@gmail.com - اللهم صل وسلم وبارك على نبينا وحبيبنا محمد. - أستغفر الله العظيم و أتوب اليه","Jamal alpha,جمال ألفا,kwili,senpai,lemo,khalafzone,Kharraz,stories",24,Entertainment,,PT43M15S,2595,2d,hd,false,ar,ar,https://i.ytimg.com/vi/R3yF9jeLc5k/maxresdefault.jpg,1,,,,,185122,6584,,0,611
22,UCzmp6kKMrSbK-hHc59wLylw,"Jamal Alpha - 2",KcFfMUUQKS8,2026-02-05T17:16:14Z,"2026-02-05 17:16:14","أغلى رفيسة في العالم ... اكثر كلمة كتخلع الرجال قبل من رمضان !!","القناة الرسمية : https://www.youtube.com/@JamalAlpha أهلا بكم و شكرا على ثقتكم لمتابعة يومياتي على انستغرام : http://bit.ly/2ncwNUr Facebook page: https://www.facebook.com/JamalAlphaOfficial Email only for Business : Jamalalphaazmi@gmail.com - اللهم صل وسلم وبارك على نبينا وحبيبنا محمد. - أستغفر الله العظيم و أتوب اليه","Jamal alpha,جمال ألفا,kwili,senpai,lemo,khalafzone,Kharraz,stories",24,Entertainment,,PT26M4S,1564,2d,hd,false,ar,ar,https://i.ytimg.com/vi/KcFfMUUQKS8/maxresdefault.jpg,1,,,,,165405,4749,,0,287
23,UCzmp6kKMrSbK-hHc59wLylw,"Jamal Alpha - 2",mutUxRpdnUA,2026-02-03T19:15:29Z,"2026-02-03 19:15:29","فيضانات القصر الكبير والجامعة يالاه فاقت و الهند بغات تبرعنا فرمضان ... معرفنا منين نبداو!!","القناة الرسمية : https://www.youtube.com/@JamalAlpha أهلا بكم و شكرا على ثقتكم لمتابعة يومياتي على انستغرام : http://bit.ly/2ncwNUr Facebook page: https://www.facebook.com/JamalAlphaOfficial Email only for Business : Jamalalphaazmi@gmail.com - اللهم صل وسلم وبارك على نبينا وحبيبنا محمد. - أستغفر الله العظيم و أتوب اليه","Jamal alpha,جمال ألفا,kwili,senpai,lemo,khalafzone,Kharraz,stories",24,Entertainment,,PT33M7S,1987,2d,hd,false,ar,ar,https://i.ytimg.com/vi/mutUxRpdnUA/maxresdefault.jpg,1,,,,,190148,6874,,0,339
24,UCzmp6kKMrSbK-hHc59wLylw,"Jamal Alpha - 2",3zL380iBI_U,2026-01-29T08:46:16Z,"2026-01-29 08:46:16","ردة فعل على فضيحة عقوبات الكاف !!",,,24,Entertainment,,PT9M44S,584,2d,hd,false,ar,ar,https://i.ytimg.com/vi/3zL380iBI_U/maxresdefault.jpg,1,,,,,110205,5650,,0,1766
25,UCzmp6kKMrSbK-hHc59wLylw,"Jamal Alpha - 2",nQvmuRnjHRk,2026-01-28T18:09:56Z,"2026-01-28 18:09:56","كيف ستكون العقوبات الكاف على السنغال بعد نهائي الكان !! ولفتو الانسحابات ؟","code promo : JAMAL10 lien de téléchargement : https://try.sendwave.com/kjap/278m14y0 القناة الرسمية : https://www.youtube.com/@JamalAlpha أهلا بكم و شكرا على ثقتكم لمتابعة يومياتي على انستغرام : http://bit.ly/2ncwNUr Facebook page: https://www.facebook.com/JamalAlphaOfficial Email only for Business : Jamalalphaazmi@gmail.com - اللهم صل وسلم وبارك على نبينا وحبيبنا محمد. - أستغفر الله العظيم و أتوب اليه","Jamal alpha,جمال ألفا,kwili,senpai,lemo,khalafzone,Kharraz,stories",24,Entertainment,,PT1H5M19S,319,2d,hd,false,ar,ar,https://i.ytimg.com/vi/nQvmuRnjHRk/maxresdefault.jpg,1,,,,,181463,6565,,0,746
26,UCzmp6kKMrSbK-hHc59wLylw,"Jamal Alpha - 2",1z9Ss7c8qLc,2026-01-21T19:23:31Z,"2026-01-21 19:23:31","ردة فعل العالم بعد ضياع لقب و شماتة بعض الدول العربية في المغرب !! واش حتى لهاد الدرجة قاهرينكم ؟","القناة الرسمية : https://www.youtube.com/@JamalAlpha أهلا بكم و شكرا على ثقتكم لمتابعة يومياتي على انستغرام : http://bit.ly/2ncwNUr Facebook page: https://www.facebook.com/JamalAlphaOfficial Email only for Business : Jamalalphaazmi@gmail.com - اللهم صل وسلم وبارك على نبينا وحبيبنا محمد. - أستغفر الله العظيم و أتوب اليه","Jamal alpha,جمال ألفا,kwili,senpai,lemo,khalafzone,Kharraz,stories",24,Entertainment,,PT1H16M57S,1017,2d,hd,false,ar,ar,https://i.ytimg.com/vi/1z9Ss7c8qLc/maxresdefault.jpg,1,,,,,370218,12679,,0,5529
27,UCzmp6kKMrSbK-hHc59wLylw,"Jamal Alpha - 2",lehNpGoXPJ0,2026-01-19T00:23:44Z,"2026-01-19 00:23:44","ردة فعل بعد خسارة المغرب نهائي كأس افريقيا أمام السنغال !! والله الا حشومة عليكم","القناة الرسمية : https://www.youtube.com/@JamalAlpha أهلا بكم و شكرا على ثقتكم لمتابعة يومياتي على انستغرام : http://bit.ly/2ncwNUr Facebook page: https://www.facebook.com/JamalAlphaOfficial Email only for Business : Jamalalphaazmi@gmail.com - اللهم صل وسلم وبارك على نبينا وحبيبنا محمد. - أستغفر الله العظيم و أتوب اليه","Jamal alpha,جمال ألفا,kwili,senpai,lemo,khalafzone,Kharraz,stories",24,Entertainment,Association_football,PT11M8S,668,2d,hd,false,ar,ar,https://i.ytimg.com/vi/lehNpGoXPJ0/maxresdefault.jpg,1,,,,,403810,18493,,0,6637
28,UCzmp6kKMrSbK-hHc59wLylw,"Jamal Alpha - 2",eTcaTnWyO2c,2026-01-15T17:20:58Z,"2026-01-15 17:20:58","ردة فعل بعد الانتصار المغرب على نيجيريا و تأهل للنهائي كأس افريقيا ! شمن عذر عندكم دابا ؟","القناة الرسمية : https://www.youtube.com/@JamalAlpha أهلا بكم و شكرا على ثقتكم لمتابعة يومياتي على انستغرام : http://bit.ly/2ncwNUr Facebook page: https://www.facebook.com/JamalAlphaOfficial Email only for Business : Jamalalphaazmi@gmail.com - اللهم صل وسلم وبارك على نبينا وحبيبنا محمد. - أستغفر الله العظيم و أتوب اليه","Jamal alpha,جمال ألفا,kwili,senpai,lemo,khalafzone,Kharraz,stories",24,Entertainment,Association_football,PT1H3M41S,221,2d,hd,false,ar,ar,https://i.ytimg.com/vi/eTcaTnWyO2c/maxresdefault.jpg,1,,,,,358711,14427,,0,1521
29,UCzmp6kKMrSbK-hHc59wLylw,"Jamal Alpha - 2",DdEHxJ6HY_I,2026-01-11T23:11:15Z,"2026-01-11 23:11:15","ردة فعل على اقصاء الجزائر ضد نيجيريا و الهجوم الشرس على المغرب !! حنا مالنا ؟","القناة الرسمية : https://www.youtube.com/@JamalAlpha أهلا بكم و شكرا على ثقتكم لمتابعة يومياتي على انستغرام : http://bit.ly/2ncwNUr Facebook page: https://www.facebook.com/JamalAlphaOfficial Email only for Business : Jamalalphaazmi@gmail.com - اللهم صل وسلم وبارك على نبينا وحبيبنا محمد. - أستغفر الله العظيم و أتوب اليه","Jamal alpha,جمال ألفا,kwili,senpai,lemo,khalafzone,Kharraz,stories",24,Entertainment,,PT40M33S,2433,2d,hd,false,ar,ar,https://i.ytimg.com/vi/DdEHxJ6HY_I/maxresdefault.jpg,1,,,,,396568,12967,,0,1880
30,UCzmp6kKMrSbK-hHc59wLylw,"Jamal Alpha - 2",lj_bkKcK87U,2026-01-10T01:55:32Z,"2026-01-10 01:55:32","ردة فعل على انتصار التاريخي للمغرب ضد الكاميرون و تأهل لنصف نهائي كأس افريقيا","القناة الرسمية : https://www.youtube.com/@JamalAlpha أهلا بكم و شكرا على ثقتكم لمتابعة يومياتي على انستغرام : http://bit.ly/2ncwNUr Facebook page: https://www.facebook.com/JamalAlphaOfficial Email only for Business : Jamalalphaazmi@gmail.com - اللهم صل وسلم وبارك على نبينا وحبيبنا محمد. - أستغفر الله العظيم و أتوب اليه","Jamal alpha,جمال ألفا,kwili,senpai,lemo,khalafzone,Kharraz,stories",24,Entertainment,Association_football,PT50M25S,3025,2d,hd,false,ar,ar,https://i.ytimg.com/vi/lj_bkKcK87U/maxresdefault.jpg,1,,,,,281795,15742,,0,1270
31,UCzmp6kKMrSbK-hHc59wLylw,"Jamal Alpha - 2",sRc00l8Q1p4,2026-01-07T16:11:18Z,"2026-01-07 16:11:18","الجمهور المصري كيهاجمك و كيطلب منك تشجعو !! واش شوية لاباس ؟","القناة الرسمية : https://www.youtube.com/@JamalAlpha أهلا بكم و شكرا على ثقتكم لمتابعة يومياتي على انستغرام : http://bit.ly/2ncwNUr Facebook page: https://www.facebook.com/JamalAlphaOfficial Email only for Business : Jamalalphaazmi@gmail.com - اللهم صل وسلم وبارك على نبينا وحبيبنا محمد. - أستغفر الله العظيم و أتوب اليه","Jamal alpha,جمال ألفا,kwili,senpai,lemo,khalafzone,Kharraz,stories",24,Entertainment,,PT1H3S,3,2d,hd,false,ar,ar,https://i.ytimg.com/vi/sRc00l8Q1p4/maxresdefault.jpg,1,,,,,259658,10144,,0,1945
32,UCzmp6kKMrSbK-hHc59wLylw,"Jamal Alpha - 2",2WQBwZNqBlU,2026-01-04T22:10:07Z,"2026-01-04 22:10:07","ردة فعل على فوز المغرب ضد تنزانيا و ضربة الجزاء الأخيرة !! لي بغا يشكي يطلع للرباط","القناة الرسمية : https://www.youtube.com/@JamalAlpha أهلا بكم و شكرا على ثقتكم لمتابعة يومياتي على انستغرام : http://bit.ly/2ncwNUr Facebook page: https://www.facebook.com/JamalAlphaOfficial Email only for Business : Jamalalphaazmi@gmail.com - اللهم صل وسلم وبارك على نبينا وحبيبنا محمد. - أستغفر الله العظيم و أتوب اليه","Jamal alpha,جمال ألفا,kwili,senpai,lemo,khalafzone,Kharraz,stories",24,Entertainment,Association_football,PT38M10S,2290,2d,hd,false,ar,ar,https://i.ytimg.com/vi/2WQBwZNqBlU/maxresdefault.jpg,1,,,,,290387,10257,,0,2261
33,UCzmp6kKMrSbK-hHc59wLylw,"Jamal Alpha - 2",bWM8cEcW_xE,2025-12-30T14:58:44Z,"2025-12-30 14:58:44","ردة فعل على انتصار المنتخب المغربي على زامبيا و تأهل للدور 16 !! ولكن ....","القناة الرسمية : https://www.youtube.com/@JamalAlpha أهلا بكم و شكرا على ثقتكم لمتابعة يومياتي على انستغرام : http://bit.ly/2ncwNUr Facebook page: https://www.facebook.com/JamalAlphaOfficial Email only for Business : Jamalalphaazmi@gmail.com - اللهم صل وسلم وبارك على نبينا وحبيبنا محمد. - أستغفر الله العظيم و أتوب اليه","Jamal alpha,جمال ألفا,kwili,senpai,lemo,khalafzone,Kharraz,stories",24,Entertainment,"Association_football,Sport",PT1H13M28S,808,2d,hd,false,ar,ar,https://i.ytimg.com/vi/bWM8cEcW_xE/maxresdefault.jpg,1,,,,,282570,9887,,0,680
34,UCzmp6kKMrSbK-hHc59wLylw,"Jamal Alpha - 2",KkV796thGKw,2025-12-27T15:11:02Z,"2025-12-27 15:11:02","ردة فعل على تعادل المغرب ضد مالي و خيارات الركراكي الغير منطقية !! شوهتنا شوهة","القناة الرسمية : https://www.youtube.com/@JamalAlpha أهلا بكم و شكرا على ثقتكم لمتابعة يومياتي على انستغرام : http://bit.ly/2ncwNUr Facebook page: https://www.facebook.com/JamalAlphaOfficial Email only for Business : Jamalalphaazmi@gmail.com - اللهم صل وسلم وبارك على نبينا وحبيبنا محمد. - أستغفر الله العظيم و أتوب اليه","Jamal alpha,جمال ألفا,kwili,senpai,lemo,khalafzone,Kharraz,stories",24,Entertainment,Association_football,PT49M39S,2979,2d,hd,false,ar,ar,https://i.ytimg.com/vi/KkV796thGKw/maxresdefault.jpg,1,,,,,307349,12522,,0,2263
35,UCzmp6kKMrSbK-hHc59wLylw,"Jamal Alpha - 2",UrIinU42Hjg,2025-12-22T18:05:26Z,"2025-12-22 18:05:26","ردة فعل على فوز المنتخب المغربي في افتتاح كأس افريقيا و لكن ....!! شفتي قصوحية الراس","القناة الرسمية : https://www.youtube.com/@JamalAlpha أهلا بكم و شكرا على ثقتكم لمتابعة يومياتي على انستغرام : http://bit.ly/2ncwNUr Facebook page: https://www.facebook.com/JamalAlphaOfficial Email only for Business : Jamalalphaazmi@gmail.com - اللهم صل وسلم وبارك على نبينا وحبيبنا محمد. - أستغفر الله العظيم و أتوب اليه","Jamal alpha,جمال ألفا,kwili,senpai,lemo,khalafzone,Kharraz,stories",24,Entertainment,Association_football,PT1H16M53S,1013,2d,hd,false,ar,ar,https://i.ytimg.com/vi/UrIinU42Hjg/maxresdefault.jpg,1,,,,,290392,9741,,0,1248
36,UCzmp6kKMrSbK-hHc59wLylw,"Jamal Alpha - 2",J2NunWH8ZNA,2025-12-18T22:57:38Z,"2025-12-18 22:57:38","ردة فعل على نهائي المغرب و الأردن و تتويج المنتخب المغربي باللقب كأس العرب 🏆","القناة الرسمية : https://www.youtube.com/@JamalAlpha أهلا بكم و شكرا على ثقتكم لمتابعة يومياتي على انستغرام : http://bit.ly/2ncwNUr Facebook page: https://www.facebook.com/JamalAlphaOfficial Email only for Business : Jamalalphaazmi@gmail.com - اللهم صل وسلم وبارك على نبينا وحبيبنا محمد. - أستغفر الله العظيم و أتوب اليه","Jamal alpha,جمال ألفا,kwili,senpai,lemo,khalafzone,Kharraz,stories",24,Entertainment,Association_football,PT46M46S,2806,2d,hd,false,ar,ar,https://i.ytimg.com/vi/J2NunWH8ZNA/maxresdefault.jpg,1,,,,,394153,17439,,0,4067
37,UCzmp6kKMrSbK-hHc59wLylw,"Jamal Alpha - 2",4Oc1idadVzE,2025-12-17T15:16:03Z,"2025-12-17 15:16:03","الحلقة الأخيرة من مسلسل : هاتو المغرب ... أكثر سيناريو خايف منو فالنهائي كأس العرب","القناة الرسمية : https://www.youtube.com/@JamalAlpha أهلا بكم و شكرا على ثقتكم لمتابعة يومياتي على انستغرام : http://bit.ly/2ncwNUr Facebook page: https://www.facebook.com/JamalAlphaOfficial Email only for Business : Jamalalphaazmi@gmail.com - اللهم صل وسلم وبارك على نبينا وحبيبنا محمد. - أستغفر الله العظيم و أتوب اليه","Jamal alpha,جمال ألفا,kwili,senpai,lemo,khalafzone,Kharraz,stories",24,Entertainment,Entertainment,PT1H31M42S,1902,2d,hd,false,ar,ar,https://i.ytimg.com/vi/4Oc1idadVzE/maxresdefault.jpg,1,,,,,243621,9070,,0,684
38,UCzmp6kKMrSbK-hHc59wLylw,"Jamal Alpha - 2",97k-gr-Q380,2025-12-15T19:32:45Z,"2025-12-15 19:32:45","ردة فعل على تأهل المنتخب المغربي لنهائي كأس العرب !! المغرب بمن حضر 🏆","القناة الرسمية : https://www.youtube.com/@JamalAlpha أهلا بكم و شكرا على ثقتكم لمتابعة يومياتي على انستغرام : http://bit.ly/2ncwNUr Facebook page: https://www.facebook.com/JamalAlphaOfficial Email only for Business : Jamalalphaazmi@gmail.com - اللهم صل وسلم وبارك على نبينا وحبيبنا محمد. - أستغفر الله العظيم و أتوب اليه","Jamal alpha,جمال ألفا,kwili,senpai,lemo,khalafzone,Kharraz,stories",24,Entertainment,Association_football,PT37M15S,2235,2d,hd,false,ar,ar,https://i.ytimg.com/vi/97k-gr-Q380/maxresdefault.jpg,1,,,,,283568,11285,,0,767
39,UCzmp6kKMrSbK-hHc59wLylw,"Jamal Alpha - 2",y8hon4gML5g,2025-12-15T11:20:37Z,"2025-12-15 11:20:37","فيضانات آسفي ... من المسؤول ؟","القناة الرسمية : https://www.youtube.com/@JamalAlpha أهلا بكم و شكرا على ثقتكم لمتابعة يومياتي على انستغرام : http://bit.ly/2ncwNUr Facebook page: https://www.facebook.com/JamalAlphaOfficial Email only for Business : Jamalalphaazmi@gmail.com - اللهم صل وسلم وبارك على نبينا وحبيبنا محمد. - أستغفر الله العظيم و أتوب اليه","Jamal alpha,جمال ألفا,kwili,senpai,lemo,khalafzone,Kharraz,stories",24,Entertainment,,PT31M10S,1870,2d,hd,false,ar,ar,https://i.ytimg.com/vi/y8hon4gML5g/maxresdefault.jpg,1,,,,,223551,8030,,0,1012
40,UCzmp6kKMrSbK-hHc59wLylw,"Jamal Alpha - 2",gwUnky80VFc,2025-12-13T16:53:24Z,"2025-12-13 16:53:24","ردة فعل على اقصاء الجزائر و التوعد الامارات للمنتخب المغربي ! عاوتاني اصاحبي","القناة الرسمية : https://www.youtube.com/@JamalAlpha أهلا بكم و شكرا على ثقتكم لمتابعة يومياتي على انستغرام : http://bit.ly/2ncwNUr Facebook page: https://www.facebook.com/JamalAlphaOfficial Email only for Business : Jamalalphaazmi@gmail.com - اللهم صل وسلم وبارك على نبينا وحبيبنا محمد. - أستغفر الله العظيم و أتوب اليه","Jamal alpha,جمال ألفا,kwili,senpai,lemo,khalafzone,Kharraz,stories",24,Entertainment,,PT29M37S,1777,2d,hd,false,ar,ar,https://i.ytimg.com/vi/gwUnky80VFc/maxresdefault.jpg,1,,,,,294160,9528,,0,952
41,UCzmp6kKMrSbK-hHc59wLylw,"Jamal Alpha - 2",SnbvF84E6dw,2025-12-11T20:27:22Z,"2025-12-11 20:27:22","ردة فعل بعد فوز المغرب على سوريا و التأهل لـنصف النهائي! أسيا زعلانة","القناة الرسمية : https://www.youtube.com/@JamalAlpha أهلا بكم و شكرا على ثقتكم لمتابعة يومياتي على انستغرام : http://bit.ly/2ncwNUr Facebook page: https://www.facebook.com/JamalAlphaOfficial Email only for Business : Jamalalphaazmi@gmail.com - اللهم صل وسلم وبارك على نبينا وحبيبنا محمد. - أستغفر الله العظيم و أتوب اليه","Jamal alpha,جمال ألفا,kwili,senpai,lemo,khalafzone,Kharraz,stories",24,Entertainment,Association_football,PT41M47S,2507,2d,hd,false,ar,ar,https://i.ytimg.com/vi/SnbvF84E6dw/maxresdefault.jpg,1,,,,,272389,9528,,0,654
42,UCzmp6kKMrSbK-hHc59wLylw,"Jamal Alpha - 2",bqGMPs-tlus,2025-12-08T22:25:15Z,"2025-12-08 22:25:15","ردة فعل بعد فوز المغرب على السعودية و التأهل لـربع النهائي! هاتو المغرب هااتو","القناة الرسمية : https://www.youtube.com/@JamalAlpha أهلا بكم و شكرا على ثقتكم لمتابعة يومياتي على انستغرام : http://bit.ly/2ncwNUr Facebook page: https://www.facebook.com/JamalAlphaOfficial Email only for Business : Jamalalphaazmi@gmail.com - اللهم صل وسلم وبارك على نبينا وحبيبنا محمد. - أستغفر الله العظيم و أتوب اليه","Jamal alpha,جمال ألفا,kwili,senpai,lemo,khalafzone,Kharraz,stories",24,Entertainment,Association_football,PT53M45S,3225,2d,hd,false,ar,ar,https://i.ytimg.com/vi/bqGMPs-tlus/maxresdefault.jpg,1,,,,,353855,12828,,0,859
43,UCzmp6kKMrSbK-hHc59wLylw,"Jamal Alpha - 2",0SZ_kWf3PeU,2025-12-06T18:14:01Z,"2025-12-06 18:14:01","ردة فعل على قرعة كأس العالم و تعادل المنتخب المغربي ... السواعدة حكرونا !!","القناة الرسمية : https://www.youtube.com/@JamalAlpha أهلا بكم و شكرا على ثقتكم لمتابعة يومياتي على انستغرام : http://bit.ly/2ncwNUr Facebook page: https://www.facebook.com/JamalAlphaOfficial Email only for Business : Jamalalphaazmi@gmail.com - اللهم صل وسلم وبارك على نبينا وحبيبنا محمد. - أستغفر الله العظيم و أتوب اليه","Jamal alpha,جمال ألفا,kwili,senpai,lemo,khalafzone,Kharraz,stories",24,Entertainment,Association_football,PT53M55S,3235,2d,hd,false,ar,ar,https://i.ytimg.com/vi/0SZ_kWf3PeU/maxresdefault.jpg,1,,,,,179589,6053,,0,437
44,UCzmp6kKMrSbK-hHc59wLylw,"Jamal Alpha - 2",AFjW1-UKbp4,2025-12-03T12:47:52Z,"2025-12-03 12:47:52","ماذا يحدث في الكواليس ضد المنتخب المغربي في قطر ؟","القناة الرسمية : https://www.youtube.com/@JamalAlpha أهلا بكم و شكرا على ثقتكم لمتابعة يومياتي على انستغرام : http://bit.ly/2ncwNUr Facebook page: https://www.facebook.com/JamalAlphaOfficial Email only for Business : Jamalalphaazmi@gmail.com - اللهم صل وسلم وبارك على نبينا وحبيبنا محمد. - أستغفر الله العظيم و أتوب اليه","Jamal alpha,جمال ألفا,kwili,senpai,lemo,khalafzone,Kharraz,stories",24,Entertainment,Association_football,PT35M43S,2143,2d,hd,false,ar,ar,https://i.ytimg.com/vi/AFjW1-UKbp4/maxresdefault.jpg,1,,,,,156040,5145,,0,440
45,UCzmp6kKMrSbK-hHc59wLylw,"Jamal Alpha - 2",cC-6jSTi2_Y,2025-12-01T19:09:23Z,"2025-12-01 19:09:23","تونس خسرات مع سوريا و بداية موسم تطالع في شمال افريقيا 🤣","القناة الرسمية : https://www.youtube.com/@JamalAlpha أهلا بكم و شكرا على ثقتكم لمتابعة يومياتي على انستغرام : http://bit.ly/2ncwNUr Facebook page: https://www.facebook.com/JamalAlphaOfficial Email only for Business : Jamalalphaazmi@gmail.com - اللهم صل وسلم وبارك على نبينا وحبيبنا محمد. - أستغفر الله العظيم و أتوب اليه","Jamal alpha,جمال ألفا,kwili,senpai,lemo,khalafzone,Kharraz,stories",24,Entertainment,"Association_football,Society",PT31M27S,1887,2d,hd,false,ar,ar,https://i.ytimg.com/vi/cC-6jSTi2_Y/maxresdefault.jpg,1,,,,,164739,5691,,0,647
46,UCzmp6kKMrSbK-hHc59wLylw,"Jamal Alpha - 2",6_DOfPssieg,2025-11-28T17:47:51Z,"2025-11-28 17:47:51","فتاة أمريكية فضحت الكنائس الأمريكية و اختبرت مسجد للمسلمين و كانت المفاجأة ...","القناة الرسمية : https://www.youtube.com/@JamalAlpha أهلا بكم و شكرا على ثقتكم لمتابعة يومياتي على انستغرام : http://bit.ly/2ncwNUr Facebook page: https://www.facebook.com/JamalAlphaOfficial Email only for Business : Jamalalphaazmi@gmail.com - اللهم صل وسلم وبارك على نبينا وحبيبنا محمد. - أستغفر الله العظيم و أتوب اليه","Jamal alpha,جمال ألفا,kwili,senpai,lemo,khalafzone,Kharraz,stories",24,Entertainment,,PT53M9S,3189,2d,hd,false,ar,ar,https://i.ytimg.com/vi/6_DOfPssieg/maxresdefault.jpg,1,,,,,76754,2652,,0,153
47,UCzmp6kKMrSbK-hHc59wLylw,"Jamal Alpha - 2",fS_t-KDUSDo,2025-11-25T11:35:20Z,"2025-11-25 11:35:20"," ردة فعل على مسابقة ملكة الجمال 🙈🙉🙊 كلشي ولا الاصطناعي ","القناة الرسمية : https://www.youtube.com/@JamalAlpha أهلا بكم و شكرا على ثقتكم لمتابعة يومياتي على انستغرام : http://bit.ly/2ncwNUr Facebook page: https://www.facebook.com/JamalAlphaOfficial Email only for Business : Jamalalphaazmi@gmail.com - اللهم صل وسلم وبارك على نبينا وحبيبنا محمد. - أستغفر الله العظيم و أتوب اليه","Jamal alpha,جمال ألفا,kwili,senpai,lemo,khalafzone,Kharraz,stories",24,Entertainment,,PT25M37S,1537,2d,hd,false,ar,ar,https://i.ytimg.com/vi/fS_t-KDUSDo/maxresdefault.jpg,1,,,,,102480,2867,,0,245
48,UCzmp6kKMrSbK-hHc59wLylw,"Jamal Alpha - 2",vtVj6s1gxro,2025-11-16T19:34:04Z,"2025-11-16 19:34:04","تضحك تخسر #144 : الحلقة كاملة فدغمة وحدة 🤤","القناة الرسمية : https://www.youtube.com/@JamalAlpha أهلا بكم و شكرا على ثقتكم لمتابعة يومياتي على انستغرام : http://bit.ly/2ncwNUr Facebook page: https://www.facebook.com/JamalAlphaOfficial Email only for Business : Jamalalphaazmi@gmail.com - اللهم صل وسلم وبارك على نبينا وحبيبنا محمد. - أستغفر الله العظيم و أتوب اليه","Jamal alpha,جمال ألفا,kwili,senpai,lemo,khalafzone,Kharraz,stories",24,Entertainment,"Entertainment,Film",PT17M52S,1072,2d,hd,false,ar,ar,https://i.ytimg.com/vi/vtVj6s1gxro/maxresdefault.jpg,1,,,,,288279,9004,,0,208
49,UCzmp6kKMrSbK-hHc59wLylw,"Jamal Alpha - 2",GSM81Ax8ndg,2025-11-13T21:04:13Z,"2025-11-13 21:04:13","أحسن جيران في العالم هما خوتنا الجزائريين 🥰 مي نعيمة تخرج عن السيطرة 🌪️","القناة الرسمية : https://www.youtube.com/@JamalAlpha أهلا بكم و شكرا على ثقتكم لمتابعة يومياتي على انستغرام : http://bit.ly/2ncwNUr Facebook page: https://www.facebook.com/JamalAlphaOfficial Email only for Business : Jamalalphaazmi@gmail.com - اللهم صل وسلم وبارك على نبينا وحبيبنا محمد. - أستغفر الله العظيم و أتوب اليه","Jamal alpha,جمال ألفا,kwili,senpai,lemo,khalafzone,Kharraz,stories",24,Entertainment,Society,PT1H2M25S,145,2d,hd,false,ar,ar,https://i.ytimg.com/vi/GSM81Ax8ndg/maxresdefault.jpg,1,,,,,223743,4700,,0,286
50,UCzmp6kKMrSbK-hHc59wLylw,"Jamal Alpha - 2",voZMREdRf74,2025-11-06T19:41:53Z,"2025-11-06 19:41:53","الترند لي خلى النص في المغرب مسخوط الوالدين 🫠","القناة الرسمية : https://www.youtube.com/@JamalAlpha أهلا بكم و شكرا على ثقتكم لمتابعة يومياتي على انستغرام : http://bit.ly/2ncwNUr Facebook page: https://www.facebook.com/JamalAlphaOfficial Email only for Business : Jamalalphaazmi@gmail.com - اللهم صل وسلم وبارك على نبينا وحبيبنا محمد. - أستغفر الله العظيم و أتوب اليه","Jamal alpha,جمال ألفا",24,Entertainment,,PT40M30S,2430,2d,hd,false,ar,ar,https://i.ytimg.com/vi/voZMREdRf74/maxresdefault.jpg,1,,,,,153547,3953,,0,144
51,UCzmp6kKMrSbK-hHc59wLylw,"Jamal Alpha - 2",-qGPNgaqnIw,2025-11-02T17:37:58Z,"2025-11-02 17:37:58","ردة فعل في الجزائر بعد حسم المغرب حول الصحراء المغربية ","القناة الرسمية : https://www.youtube.com/@JamalAlpha أهلا بكم و شكرا على ثقتكم لمتابعة يومياتي على انستغرام : http://bit.ly/2ncwNUr Facebook page: https://www.facebook.com/JamalAlphaOfficial Email only for Business : Jamalalphaazmi@gmail.com - اللهم صل وسلم وبارك على نبينا وحبيبنا محمد. - أستغفر الله العظيم و أتوب اليه","Jamal alpha,جمال ألفا",24,Entertainment,Society,PT58M35S,3515,2d,hd,false,ar,ar,https://i.ytimg.com/vi/-qGPNgaqnIw/maxresdefault.jpg,1,,,,,202176,5925,,0,511
52,UCzmp6kKMrSbK-hHc59wLylw,"Jamal Alpha - 2",z9WOPkAmgZ4,2025-10-29T18:19:44Z,"2025-10-29 18:19:44","موريتاني ربح مغربي فـ""تيك توك""… وموريتانيين خرجو يحتافلو فـ الشوارع! 😱","القناة الرسمية : https://www.youtube.com/@JamalAlpha أهلا بكم و شكرا على ثقتكم لمتابعة يومياتي على انستغرام : http://bit.ly/2ncwNUr Facebook page: https://www.facebook.com/JamalAlphaOfficial Email only for Business : Jamalalphaazmi@gmail.com - اللهم صل وسلم وبارك على نبينا وحبيبنا محمد. - أستغفر الله العظيم و أتوب اليه","Jamal alpha,جمال ألفا",24,Entertainment,,PT33M33S,2013,2d,hd,false,ar,ar,https://i.ytimg.com/vi/z9WOPkAmgZ4/maxresdefault.jpg,1,,,,,114592,3241,,0,327
53,UCzmp6kKMrSbK-hHc59wLylw,"Jamal Alpha - 2",lrxzxesmzJ0,2025-10-20T18:34:18Z,"2025-10-20 18:34:18","ردة فعل العالم بعد تتويج التاريخي للمنتخب المغرب بكأس العالم 🏆 جابووها الرجاال 🎉","القناة الرسمية : https://www.youtube.com/@JamalAlpha أهلا بكم و شكرا على ثقتكم لمتابعة يومياتي على انستغرام : http://bit.ly/2ncwNUr Facebook page: https://www.facebook.com/JamalAlphaOfficial Email only for Business : Jamalalphaazmi@gmail.com - اللهم صل وسلم وبارك على نبينا وحبيبنا محمد. - أستغفر الله العظيم و أتوب اليه","Jamal alpha,جمال ألفا",24,Entertainment,Association_football,PT1H12M50S,770,2d,hd,false,ar,ar,https://i.ytimg.com/vi/lrxzxesmzJ0/maxresdefault.jpg,1,,,,,278578,9938,,0,560
54,UCzmp6kKMrSbK-hHc59wLylw,"Jamal Alpha - 2",aqnGa1u0FWI,2025-10-19T11:15:00Z,"2025-10-19 11:15:00","ردة فعل العالم على تأهل المنتخب المغربي للنهائي كأس العالم","القناة الرسمية : https://www.youtube.com/@JamalAlpha أهلا بكم و شكرا على ثقتكم لمتابعة يومياتي على انستغرام : http://bit.ly/2ncwNUr Facebook page: https://www.facebook.com/JamalAlphaOfficial Email only for Business : Jamalalphaazmi@gmail.com - اللهم صل وسلم وبارك على نبينا وحبيبنا محمد. - أستغفر الله العظيم و أتوب اليه","Jamal alpha,جمال ألفا",24,Entertainment,Association_football,PT39M37S,2377,2d,hd,false,ar,ar,https://i.ytimg.com/vi/aqnGa1u0FWI/maxresdefault.jpg,1,,,,,224279,6400,,0,345
55,UCzmp6kKMrSbK-hHc59wLylw,"Jamal Alpha - 2",MZ83kbLYEV8,2025-10-14T16:02:32Z,"2025-10-14 16:02:32","أكثر واحد حاقد على المنتخب المغربي 🗿 مصريين حاضيينا أكثر ما حنا حاضيين راسنا 👀","القناة الرسمية : https://www.youtube.com/@JamalAlpha أهلا بكم و شكرا على ثقتكم لمتابعة يومياتي على انستغرام : http://bit.ly/2ncwNUr Facebook page: https://www.facebook.com/JamalAlphaOfficial Email only for Business : Jamalalphaazmi@gmail.com - اللهم صل وسلم وبارك على نبينا وحبيبنا محمد. - أستغفر الله العظيم و أتوب اليه","Jamal alpha,جمال ألفا",24,Entertainment,,PT51M13S,3073,2d,hd,false,ar,ar,https://i.ytimg.com/vi/MZ83kbLYEV8/maxresdefault.jpg,1,,,,,204904,4711,,0,320
56,UCzmp6kKMrSbK-hHc59wLylw,"Jamal Alpha - 2",K8H7k5j1i_Q,2025-10-13T11:15:57Z,"2025-10-13 11:15:57","لي بغات تزوج تاخذو صحراوي … صداق العروسة وصل لـ 80 مليون مغربية","القناة الرسمية : https://www.youtube.com/@JamalAlpha أهلا بكم و شكرا على ثقتكم لمتابعة يومياتي على انستغرام : http://bit.ly/2ncwNUr Facebook page: https://www.facebook.com/JamalAlphaOfficial Email only for Business : Jamalalphaazmi@gmail.com - اللهم صل وسلم وبارك على نبينا وحبيبنا محمد. - أستغفر الله العظيم و أتوب اليه","Jamal alpha,جمال ألفا",24,Entertainment,,PT36M13S,2173,2d,hd,false,ar,ar,https://i.ytimg.com/vi/K8H7k5j1i_Q/maxresdefault.jpg,1,,,,,137134,3217,,0,165
57,UCzmp6kKMrSbK-hHc59wLylw,"Jamal Alpha - 2",_WFF52gvmIQ,2025-09-30T12:06:32Z,"2025-09-30 12:06:32","فضيحة أسوء حكومة في تاريخ المغرب ... جيل Z فضح عيبكم","القناة الرسمية : https://www.youtube.com/@JamalAlpha أهلا بكم و شكرا على ثقتكم لمتابعة يومياتي على انستغرام : http://bit.ly/2ncwNUr Facebook page: https://www.facebook.com/JamalAlphaOfficial Email only for Business : Jamalalphaazmi@gmail.com - اللهم صل وسلم وبارك على نبينا وحبيبنا محمد. - أستغفر الله العظيم و أتوب اليه","Jamal alpha,جمال ألفا",24,Entertainment,"Politics,Society",PT14M43S,883,2d,hd,false,ar,ar,https://i.ytimg.com/vi/_WFF52gvmIQ/maxresdefault.jpg,1,,,,,201859,12426,,0,971
58,UCzmp6kKMrSbK-hHc59wLylw,"Jamal Alpha - 2",UR3pQ5G5ygw,2025-09-27T11:46:02Z,"2025-09-27 11:46:02","بنات انستغرام خرجو على السيطرة !! أحسن خطة للفوز بكأس افريقيا في المغرب","القناة الرسمية : https://www.youtube.com/@JamalAlpha أهلا بكم و شكرا على ثقتكم لمتابعة يومياتي على انستغرام : http://bit.ly/2ncwNUr Facebook page: https://www.facebook.com/JamalAlphaOfficial Email only for Business : Jamalalphaazmi@gmail.com - اللهم صل وسلم وبارك على نبينا وحبيبنا محمد. - أستغفر الله العظيم و أتوب اليه","Jamal alpha,جمال ألفا",24,Entertainment,Lifestyle_(sociology),PT42M52S,2572,2d,hd,false,ar,ar,https://i.ytimg.com/vi/UR3pQ5G5ygw/maxresdefault.jpg,1,,,,,195697,4103,,0,354
59,UCzmp6kKMrSbK-hHc59wLylw,"Jamal Alpha - 2",oBeAGospN0k,2025-09-24T12:27:32Z,"2025-09-24 12:27:32","بويا عمر انتقل الى ايطاليا 😂 صادرات المغرب لأوروبا ✈️","القناة الرسمية : https://www.youtube.com/@JamalAlpha أهلا بكم و شكرا على ثقتكم لمتابعة يومياتي على انستغرام : http://bit.ly/2ncwNUr Facebook page: https://www.facebook.com/JamalAlphaOfficial Email only for Business : Jamalalphaazmi@gmail.com - اللهم صل وسلم وبارك على نبينا وحبيبنا محمد. - أستغفر الله العظيم و أتوب اليه","Jamal alpha,جمال ألفا",24,Entertainment,Lifestyle_(sociology),PT43M40S,2620,2d,hd,false,ar,ar,https://i.ytimg.com/vi/oBeAGospN0k/maxresdefault.jpg,1,,,,,242158,4823,,0,336
60,UCzmp6kKMrSbK-hHc59wLylw,"Jamal Alpha - 2",EYyPrF98icg,2025-09-21T20:02:53Z,"2025-09-21 20:02:53","تضحك تخسر #143 : أصعب مادة هي ديال النصارى 😂😂","القناة الرسمية : https://www.youtube.com/@JamalAlpha أهلا بكم و شكرا على ثقتكم لمتابعة يومياتي على انستغرام : http://bit.ly/2ncwNUr Facebook page: https://www.facebook.com/JamalAlphaOfficial Email only for Business : Jamalalphaazmi@gmail.com - اللهم صل وسلم وبارك على نبينا وحبيبنا محمد. - أستغفر الله العظيم و أتوب اليه","Jamal alpha,جمال ألفا",24,Entertainment,"Entertainment,Film",PT44M10S,2650,2d,hd,false,ar,ar,https://i.ytimg.com/vi/EYyPrF98icg/maxresdefault.jpg,,,,,,402987,9179,,0,216
61,UCzmp6kKMrSbK-hHc59wLylw,"Jamal Alpha - 2",eB6fet8Yaj4,2025-09-17T22:44:53Z,"2025-09-17 22:44:53","أكثر كلب محظوظ في المغرب كامل","القناة الرسمية : https://www.youtube.com/@JamalAlpha أهلا بكم و شكرا على ثقتكم لمتابعة يومياتي على انستغرام : http://bit.ly/2ncwNUr Facebook page: https://www.facebook.com/JamalAlphaOfficial Email only for Business : Jamalalphaazmi@gmail.com - اللهم صل وسلم وبارك على نبينا وحبيبنا محمد. - أستغفر الله العظيم و أتوب اليه","Jamal alpha,جمال ألفا",24,Entertainment,,PT38M44S,2324,2d,hd,false,ar,ar,https://i.ytimg.com/vi/eB6fet8Yaj4/maxresdefault.jpg,1,,,,,113467,3475,,0,128
62,UCzmp6kKMrSbK-hHc59wLylw,"Jamal Alpha - 2",G-ZmsPqERX4,2025-09-09T13:04:22Z,"2025-09-09 13:04:22","الفرق مابين المغرب و مصر ... ياربي السلامة ‼️","القناة الرسمية : https://www.youtube.com/@JamalAlpha أهلا بكم و شكرا على ثقتكم لمتابعة يومياتي على انستغرام : http://bit.ly/2ncwNUr Facebook page: https://www.facebook.com/JamalAlphaOfficial Email only for Business : Jamalalphaazmi@gmail.com - اللهم صل وسلم وبارك على نبينا وحبيبنا محمد. - أستغفر الله العظيم و أتوب اليه","Jamal alpha,جمال ألفا",24,Entertainment,,PT24M27S,1467,2d,hd,false,ar,ar,https://i.ytimg.com/vi/G-ZmsPqERX4/maxresdefault.jpg,1,,,,,133104,3525,,0,162
63,UCzmp6kKMrSbK-hHc59wLylw,"Jamal Alpha - 2",zeZr5kgn3iE,2025-09-07T14:19:38Z,"2025-09-07 14:19:38","علاش الأجنبيات كيبغيو الرجال المغاربة؟ السر صادم!","القناة الرسمية : https://www.youtube.com/@JamalAlpha أهلا بكم و شكرا على ثقتكم لمتابعة يومياتي على انستغرام : http://bit.ly/2ncwNUr Facebook page: https://www.facebook.com/JamalAlphaOfficial Email only for Business : Jamalalphaazmi@gmail.com - اللهم صل وسلم وبارك على نبينا وحبيبنا محمد. - أستغفر الله العظيم و أتوب اليه","Jamal alpha,جمال ألفا,Jamal alpha gamer",24,Entertainment,,PT19M47S,1187,2d,hd,false,ar,ar,https://i.ytimg.com/vi/zeZr5kgn3iE/maxresdefault.jpg,1,,,,,98246,3224,,0,162
64,UCzmp6kKMrSbK-hHc59wLylw,"Jamal Alpha - 2",6yDsLFPHers,2025-08-23T16:48:39Z,"2025-08-23 16:48:39","تضحك تخسر #142 : الله يعز المخزن 🫡","القناة الرسمية : https://www.youtube.com/@JamalAlpha أهلا بكم و شكرا على ثقتكم لمتابعة يومياتي على انستغرام : http://bit.ly/2ncwNUr Facebook page: https://www.facebook.com/JamalAlphaOfficial Email only for Business : Jamalalphaazmi@gmail.com - اللهم صل وسلم وبارك على نبينا وحبيبنا محمد. - أستغفر الله العظيم و أتوب اليه","Jamal alpha,جمال ألفا,Jamal alpha gamer",24,Entertainment,,PT43M39S,2619,2d,hd,false,ar,ar,https://i.ytimg.com/vi/6yDsLFPHers/maxresdefault.jpg,1,,,,,309548,8480,,0,245
65,UCzmp6kKMrSbK-hHc59wLylw,"Jamal Alpha - 2",CAjYHAPhPAQ,2025-08-16T16:57:20Z,"2025-08-16 16:57:20","الأم كتسحر لبنتها و الجدة مضاربة مع حفيدتها و المطلقات فرحانين بالطلاق... الاسرة المغربية في خبر كان","القناة الرسمية : https://www.youtube.com/@JamalAlpha أهلا بكم و شكرا على ثقتكم لمتابعة يومياتي على انستغرام : http://bit.ly/2ncwNUr Facebook page: https://www.facebook.com/JamalAlphaOfficial Email only for Business : Jamalalphaazmi@gmail.com - اللهم صل وسلم وبارك على نبينا وحبيبنا محمد. - أستغفر الله العظيم و أتوب اليه","Jamal alpha,جمال ألفا,Jamal alpha gamer",24,Entertainment,,PT30M7S,1807,2d,hd,false,ar,ar,https://i.ytimg.com/vi/CAjYHAPhPAQ/maxresdefault.jpg,1,,,,,138239,3471,,0,209
66,UCzmp6kKMrSbK-hHc59wLylw,"Jamal Alpha - 2",JFmpADxHUYM,2025-08-09T20:28:45Z,"2025-08-09 20:28:45","تضحك تخسر #141 : زعيم السيانز في المغرب 😂","القناة الرسمية : https://www.youtube.com/@JamalAlpha أهلا بكم و شكرا على ثقتكم لمتابعة يومياتي على انستغرام : http://bit.ly/2ncwNUr Facebook page: https://www.facebook.com/JamalAlphaOfficial Email only for Business : Jamalalphaazmi@gmail.com - اللهم صل وسلم وبارك على نبينا وحبيبنا محمد. - أستغفر الله العظيم و أتوب اليه","Jamal alpha,جمال ألفا,Jamal alpha gamer",24,Entertainment,"Entertainment,Film",PT34M22S,2062,2d,hd,false,ar,ar,https://i.ytimg.com/vi/JFmpADxHUYM/maxresdefault.jpg,,,,,,635457,14854,,0,409
67,UCzmp6kKMrSbK-hHc59wLylw,"Jamal Alpha - 2",Vh5L0SVopUA,2025-08-02T23:09:06Z,"2025-08-02 23:09:06","ماهي قصة أشرف حكيمي ؟ و شنو السبب لي خلا فرنسا تنوض ليه فهاد الوقت ؟","القناة الرسمية : https://www.youtube.com/@JamalAlpha أهلا بكم و شكرا على ثقتكم لمتابعة يومياتي على انستغرام : http://bit.ly/2ncwNUr Facebook page: https://www.facebook.com/JamalAlphaOfficial Email only for Business : Jamalalphaazmi@gmail.com - اللهم صل وسلم وبارك على نبينا وحبيبنا محمد. - أستغفر الله العظيم و أتوب اليه","Jamal alpha,جمال ألفا,Jamal alpha gamer",24,Entertainment,"Association_football,Sport",PT21M8S,1268,2d,hd,false,ar,ar,https://i.ytimg.com/vi/Vh5L0SVopUA/maxresdefault.jpg,1,,,,,116714,3639,,0,340
68,UCzmp6kKMrSbK-hHc59wLylw,"Jamal Alpha - 2",AJOM0XCLovQ,2025-07-22T17:50:20Z,"2025-07-22 17:50:20","حقيقة فيديو الكوري والفتاة المغربية .. ها علاش البنات ولاو باغيينو كوري !","القناة الرسمية : https://www.youtube.com/@JamalAlpha أهلا بكم و شكرا على ثقتكم لمتابعة يومياتي على انستغرام : http://bit.ly/2ncwNUr Facebook page: https://www.facebook.com/JamalAlphaOfficial Email only for Business : Jamalalphaazmi@gmail.com - اللهم صل وسلم وبارك على نبينا وحبيبنا محمد. - أستغفر الله العظيم و أتوب اليه","Jamal alpha,جمال ألفا,Jamal alpha gamer",24,Entertainment,,PT21M2S,1262,2d,hd,false,ar,ar,https://i.ytimg.com/vi/AJOM0XCLovQ/maxresdefault.jpg,1,,,,,125980,3854,,0,665
69,UCzmp6kKMrSbK-hHc59wLylw,"Jamal Alpha - 2",q35deDij0Bw,2025-07-19T20:48:01Z,"2025-07-19 20:48:01","ردة فعل على الحفل خاص بالتلاميذ لي جابو ليهم الشابة شوشو 😅 مبروك النجاح","القناة الرسمية : https://www.youtube.com/@JamalAlpha أهلا بكم و شكرا على ثقتكم لمتابعة يومياتي على انستغرام : http://bit.ly/2ncwNUr Facebook page: https://www.facebook.com/JamalAlphaOfficial Email only for Business : Jamalalphaazmi@gmail.com - اللهم صل وسلم وبارك على نبينا وحبيبنا محمد. - أستغفر الله العظيم و أتوب اليه","Jamal alpha,جمال ألفا,Jamal alpha gamer",24,Entertainment,Entertainment,PT19M46S,1186,2d,hd,false,ar,ar,https://i.ytimg.com/vi/q35deDij0Bw/maxresdefault.jpg,1,,,,,126345,3368,,0,173
70,UCzmp6kKMrSbK-hHc59wLylw,"Jamal Alpha - 2",hbSuoks8suo,2025-07-15T22:18:54Z,"2025-07-15 22:18:54","مايخدم حتا واحد ! تدشين بلاكة عند حبابنا و الجائزة لي خلقات الجدل في المغرب (ردة فعل)","القناة الرسمية : https://www.youtube.com/@JamalAlpha أهلا بكم و شكرا على ثقتكم لمتابعة يومياتي على انستغرام : http://bit.ly/2ncwNUr Facebook page: https://www.facebook.com/JamalAlphaOfficial Email only for Business : Jamalalphaazmi@gmail.com - اللهم صل وسلم وبارك على نبينا وحبيبنا محمد. - أستغفر الله العظيم و أتوب اليه","Jamal alpha,جمال ألفا,Jamal alpha gamer",24,Entertainment,,PT21M26S,1286,2d,hd,false,ar,ar,https://i.ytimg.com/vi/hbSuoks8suo/maxresdefault.jpg,1,,,,,113842,3330,,0,143
71,UCzmp6kKMrSbK-hHc59wLylw,"Jamal Alpha - 2",aiylrJkPgHE,2025-07-11T21:39:40Z,"2025-07-11 21:39:40","شنو قصة قافلة آيت بوكماز…من تابانت حتى أزيلال قافلة الكرامة تكشف الوجه الآخر للمغرب","القناة الرسمية : https://www.youtube.com/@JamalAlpha أهلا بكم و شكرا على ثقتكم لمتابعة يومياتي على انستغرام : http://bit.ly/2ncwNUr Facebook page: https://www.facebook.com/JamalAlphaOfficial Email only for Business : Jamalalphaazmi@gmail.com - اللهم صل وسلم وبارك على نبينا وحبيبنا محمد. - أستغفر الله العظيم و أتوب اليه","Jamal alpha,جمال ألفا,Jamal alpha gamer",24,Entertainment,Society,PT21M38S,1298,2d,hd,false,ar,ar,https://i.ytimg.com/vi/aiylrJkPgHE/maxresdefault.jpg,1,,,,,99852,4120,,0,217
72,UCzmp6kKMrSbK-hHc59wLylw,"Jamal Alpha - 2",c3yPxgt4F0E,2025-07-08T20:05:48Z,"2025-07-08 20:05:48","شيرين ضحكات على الجمهور فموازين 🤐 وطليقة أحمد السقا سرقات لوحة ديال فنانة دنماركية","القناة الرسمية : https://www.youtube.com/@JamalAlpha أهلا بكم و شكرا على ثقتكم لمتابعة يومياتي على انستغرام : http://bit.ly/2ncwNUr Facebook page: https://www.facebook.com/JamalAlphaOfficial Email only for Business : Jamalalphaazmi@gmail.com - اللهم صل وسلم وبارك على نبينا وحبيبنا محمد. - أستغفر الله العظيم و أتوب اليه","Jamal alpha,جمال ألفا,Jamal alpha gamer",24,Entertainment,Entertainment,PT32M35S,1955,2d,hd,false,ar,ar,https://i.ytimg.com/vi/c3yPxgt4F0E/maxresdefault.jpg,1,,,,,130545,3453,,0,214
73,UCzmp6kKMrSbK-hHc59wLylw,"Jamal Alpha - 2",prRWEjQHc_A,2025-06-27T20:36:08Z,"2025-06-27 20:36:08","أغنية هاوليدي صدقات أغنية مسروقة من الجزائر 🇩🇿 ؟ خنشلو أغنية جايلان 🤐","القناة الرسمية : https://www.youtube.com/@JamalAlpha أهلا بكم و شكرا على ثقتكم لمتابعة يومياتي على انستغرام : http://bit.ly/2ncwNUr Facebook page: https://www.facebook.com/JamalAlphaOfficial Email only for Business : Jamalalphaazmi@gmail.com - اللهم صل وسلم وبارك على نبينا وحبيبنا محمد. - أستغفر الله العظيم و أتوب اليه","Jamal alpha,جمال ألفا,Jamal alpha gamer",24,Entertainment,,PT23M9S,1389,2d,hd,false,ar,ar,https://i.ytimg.com/vi/prRWEjQHc_A/maxresdefault.jpg,1,,,,,207102,5411,,0,469
74,UCzmp6kKMrSbK-hHc59wLylw,"Jamal Alpha - 2",yrntjEfUMhs,2025-06-23T18:20:24Z,"2025-06-23 18:20:24","فيديو خاص بالرجال 🤫","القناة الرسمية : https://www.youtube.com/@JamalAlpha أهلا بكم و شكرا على ثقتكم لمتابعة يومياتي على انستغرام : http://bit.ly/2ncwNUr Facebook page: https://www.facebook.com/JamalAlphaOfficial Email only for Business : Jamalalphaazmi@gmail.com - اللهم صل وسلم وبارك على نبينا وحبيبنا محمد. - أستغفر الله العظيم و أتوب اليه","Jamal alpha,جمال ألفا,Jamal alpha gamer",24,Entertainment,,PT26M31S,1591,2d,hd,false,ar,ar,https://i.ytimg.com/vi/yrntjEfUMhs/maxresdefault.jpg,1,,,,,144009,3746,,0,201
75,UCzmp6kKMrSbK-hHc59wLylw,"Jamal Alpha - 2",S9w1-yR64OI,2025-06-17T17:31:24Z,"2025-06-17 17:31:24","ايران و اسرائيل مضاربين على النووي الجيران ديالنا غلبونا فهادي !!","القناة الرسمية : https://www.youtube.com/@JamalAlpha أهلا بكم و شكرا على ثقتكم لمتابعة يومياتي على انستغرام : http://bit.ly/2ncwNUr Facebook page: https://www.facebook.com/JamalAlphaOfficial Email only for Business : Jamalalphaazmi@gmail.com - اللهم صل وسلم وبارك على نبينا وحبيبنا محمد. - أستغفر الله العظيم و أتوب اليه","Jamal alpha,جمال ألفا,Jamal alpha gamer",24,Entertainment,Society,PT24M59S,1499,2d,hd,false,ar,ar,https://i.ytimg.com/vi/S9w1-yR64OI/maxresdefault.jpg,1,,,,,156395,3804,,0,158
76,UCzmp6kKMrSbK-hHc59wLylw,"Jamal Alpha - 2",-XHiC8XK2MQ,2025-06-14T18:18:00Z,"2025-06-14 18:18:00","ردة فعل المصريين على قافلة الصمود التونسية إلى غزة","القناة الرسمية : https://www.youtube.com/@JamalAlpha أهلا بكم و شكرا على ثقتكم لمتابعة يومياتي على انستغرام : http://bit.ly/2ncwNUr Facebook page: https://www.facebook.com/JamalAlphaOfficial Email only for Business : Jamalalphaazmi@gmail.com - اللهم صل وسلم وبارك على نبينا وحبيبنا محمد. - أستغفر الله العظيم و أتوب اليه","Jamal alpha,جمال ألفا,Jamal alpha gamer",24,Entertainment,Society,PT18M38S,1118,2d,hd,false,ar,ar,https://i.ytimg.com/vi/-XHiC8XK2MQ/maxresdefault.jpg,1,,,,,173297,5811,,0,1250
77,UCzmp6kKMrSbK-hHc59wLylw,"Jamal Alpha - 2",Bv0X7lrIOns,2025-06-07T13:55:42Z,"2025-06-07 13:55:42","تضحك تخسر #140 : حلقة خاصة بالعيد الكبير 🐏 عيد هاد العام سبيسيال 🍭","القناة الرسمية : https://www.youtube.com/@JamalAlpha أهلا بكم و شكرا على ثقتكم لمتابعة يومياتي على انستغرام : http://bit.ly/2ncwNUr Facebook page: https://www.facebook.com/JamalAlphaOfficial Email only for Business : Jamalalphaazmi@gmail.com - اللهم صل وسلم وبارك على نبينا وحبيبنا محمد. - أستغفر الله العظيم و أتوب اليه","Jamal alpha,جمال ألفا,Jamal alpha gamer",24,Entertainment,"Entertainment,Film",PT44M15S,2655,2d,hd,false,ar,ar,https://i.ytimg.com/vi/Bv0X7lrIOns/maxresdefault.jpg,1,,,,,420976,11688,,0,346
78,UCzmp6kKMrSbK-hHc59wLylw,"Jamal Alpha - 2",V_dQjO8cSnI,2025-06-04T20:16:30Z,"2025-06-04 20:16:30","ردة فعل على التسرفيقة لي خدا الرئيس الفرنسي من مراتو - الهدية لي غادي تخلي البنات يمشيو يقراو!!","القناة الرسمية : https://www.youtube.com/@JamalAlpha أهلا بكم و شكرا على ثقتكم لمتابعة يومياتي على انستغرام : http://bit.ly/2ncwNUr Facebook page: https://www.facebook.com/JamalAlphaOfficial Email only for Business : Jamalalphaazmi@gmail.com - اللهم صل وسلم وبارك على نبينا وحبيبنا محمد. - أستغفر الله العظيم و أتوب اليه","Jamal alpha,جمال ألفا,Jamal alpha gamer",24,Entertainment,,PT31M58S,1918,2d,hd,false,ar,ar,https://i.ytimg.com/vi/V_dQjO8cSnI/maxresdefault.jpg,1,,,,,122913,3483,,0,151
79,UCzmp6kKMrSbK-hHc59wLylw,"Jamal Alpha - 2",k_xhVhnkHBA,2025-06-02T19:55:00Z,"2025-06-02 19:55:00","ردة فعل على المؤثرات انستغرام لي بغاو يطيرو و الدرون نهار العيد","القناة الرسمية : https://www.youtube.com/@JamalAlpha أهلا بكم و شكرا على ثقتكم لمتابعة يومياتي على انستغرام : http://bit.ly/2ncwNUr Facebook page: https://www.facebook.com/JamalAlphaOfficial Email only for Business : Jamalalphaazmi@gmail.com - اللهم صل وسلم وبارك على نبينا وحبيبنا محمد. - أستغفر الله العظيم و أتوب اليه","Jamal alpha,جمال ألفا,Jamal alpha gamer",24,Entertainment,,PT39M36S,2376,2d,hd,false,ar,ar,https://i.ytimg.com/vi/k_xhVhnkHBA/maxresdefault.jpg,1,,,,,346378,6394,,0,297
80,UCzmp6kKMrSbK-hHc59wLylw,"Jamal Alpha - 2",VFNbqRjK_BY,2025-05-23T21:57:29Z,"2025-05-23 21:57:29","ردة فعل العروسة من بعد ما عريسها وعد بنت أخرى بالزواج فليلة عرسهم… هادشي وقع البارح!!","القناة الرسمية : https://www.youtube.com/@JamalAlpha أهلا بكم و شكرا على ثقتكم لمتابعة يومياتي على انستغرام : http://bit.ly/2ncwNUr Facebook page: https://www.facebook.com/JamalAlphaOfficial Email only for Business : Jamalalphaazmi@gmail.com - اللهم صل وسلم وبارك على نبينا وحبيبنا محمد. - أستغفر الله العظيم و أتوب اليه","Jamal alpha,جمال ألفا,Jamal alpha gamer",24,Entertainment,,PT21M17S,1277,2d,hd,false,ar,ar,https://i.ytimg.com/vi/VFNbqRjK_BY/maxresdefault.jpg,1,,,,,101823,3101,,0,298
81,UCzmp6kKMrSbK-hHc59wLylw,"Jamal Alpha - 2",blgadoI1KSk,2025-05-20T15:51:27Z,"2025-05-20 15:51:27","ردة فعل على أقوى الفيديوهات المنتشرة فالمغرب... Absolute Cinema 🫰✨","القناة الرسمية : https://www.youtube.com/@JamalAlpha أهلا بكم و شكرا على ثقتكم لمتابعة يومياتي على انستغرام : http://bit.ly/2ncwNUr Facebook page: https://www.facebook.com/JamalAlphaOfficial Email only for Business : Jamalalphaazmi@gmail.com - اللهم صل وسلم وبارك على نبينا وحبيبنا محمد. - أستغفر الله العظيم و أتوب اليه","Jamal alpha,جمال ألفا,Jamal alpha gamer",24,Entertainment,,PT47M4S,2824,2d,hd,false,ar,ar,https://i.ytimg.com/vi/blgadoI1KSk/maxresdefault.jpg,1,,,,,200861,5016,,0,263
82,UCzmp6kKMrSbK-hHc59wLylw,"Jamal Alpha - 2",cWO6NdZuWmI,2025-05-17T19:48:36Z,"2025-05-17 19:48:36","ردة فعل على استقبال الامارات لترمب و سخرية الاعلام الامريكي من رقص الفتيات صغيرات","القناة الرسمية : https://www.youtube.com/@JamalAlpha أهلا بكم و شكرا على ثقتكم لمتابعة يومياتي على انستغرام : http://bit.ly/2ncwNUr Facebook page: https://www.facebook.com/JamalAlphaOfficial Email only for Business : Jamalalphaazmi@gmail.com - اللهم صل وسلم وبارك على نبينا وحبيبنا محمد. - أستغفر الله العظيم و أتوب اليه","Jamal alpha,جمال ألفا,Jamal alpha gamer",24,Entertainment,,PT39M24S,2364,2d,hd,false,ar,ar,https://i.ytimg.com/vi/cWO6NdZuWmI/maxresdefault.jpg,1,,,,,242818,5759,,0,895
83,UCzmp6kKMrSbK-hHc59wLylw,"Jamal Alpha - 2",iQgQVCxzsJ8,2025-05-13T20:25:11Z,"2025-05-13 20:25:11","مغربية كطلب الطلاق حيت راجلها مبغاش يبدل ليكوش لولدها !!","القناة الرسمية : https://www.youtube.com/@JamalAlpha أهلا بكم و شكرا على ثقتكم لمتابعة يومياتي على انستغرام : http://bit.ly/2ncwNUr Facebook page: https://www.facebook.com/JamalAlphaOfficial Email only for Business : Jamalalphaazmi@gmail.com - اللهم صل وسلم وبارك على نبينا وحبيبنا محمد. - أستغفر الله العظيم و أتوب اليه","Jamal alpha,جمال ألفا,Jamal alpha gamer",24,Entertainment,,PT23M18S,1398,2d,hd,false,ar,ar,https://i.ytimg.com/vi/iQgQVCxzsJ8/maxresdefault.jpg,1,,,,,136537,3795,,0,623
84,UCzmp6kKMrSbK-hHc59wLylw,"Jamal Alpha - 2",yA0xFwJ-pdw,2025-05-12T18:24:02Z,"2025-05-12 18:24:02","ما قصة فضيحة الرئيس الفرنسي في القطار و حكم الكلاسيكو مع الفار ؟","القناة الرسمية : https://www.youtube.com/@JamalAlpha أهلا بكم و شكرا على ثقتكم لمتابعة يومياتي على انستغرام : http://bit.ly/2ncwNUr Facebook page: https://www.facebook.com/JamalAlphaOfficial Email only for Business : Jamalalphaazmi@gmail.com - اللهم صل وسلم وبارك على نبينا وحبيبنا محمد. - أستغفر الله العظيم و أتوب اليه","Jamal alpha,جمال ألفا,Jamal alpha gamer",24,Entertainment,Society,PT31M46S,1906,2d,hd,false,ar,ar,https://i.ytimg.com/vi/yA0xFwJ-pdw/maxresdefault.jpg,1,,,,,105656,3324,,0,162
85,UCzmp6kKMrSbK-hHc59wLylw,"Jamal Alpha - 2",j1lMEJgUihY,2025-05-04T17:36:49Z,"2025-05-04 17:36:49","نصيحة الا كتبغي مراتك بلا مدخل تفرج فالفيديو ⛔️ نصائح النسوية!!","القناة الرسمية : https://www.youtube.com/@JamalAlpha أهلا بكم و شكرا على ثقتكم لمتابعة يومياتي على انستغرام : http://bit.ly/2ncwNUr Facebook page: https://www.facebook.com/JamalAlphaOfficial Email only for Business : Jamalalphaazmi@gmail.com - اللهم صل وسلم وبارك على نبينا وحبيبنا محمد. - أستغفر الله العظيم و أتوب اليه","Jamal alpha,جمال ألفا,Jamal alpha gamer",24,Entertainment,,PT22M50S,1370,2d,hd,false,ar,ar,https://i.ytimg.com/vi/j1lMEJgUihY/maxresdefault.jpg,1,,,,,196813,4554,,0,232
86,UCzmp6kKMrSbK-hHc59wLylw,"Jamal Alpha - 2",KjYTs50oci8,2025-04-27T14:13:04Z,"2025-04-27 14:13:04","تضحك تخسر #139 : روديغير طلع ولد بن أحمد 😂","القناة الرسمية : https://www.youtube.com/@JamalAlpha أهلا بكم و شكرا على ثقتكم لمتابعة يومياتي على انستغرام : http://bit.ly/2ncwNUr Facebook page: https://www.facebook.com/JamalAlphaOfficial Email only for Business : Jamalalphaazmi@gmail.com - اللهم صل وسلم وبارك على نبينا وحبيبنا محمد. - أستغفر الله العظيم و أتوب اليه","Jamal alpha,جمال ألفا,Jamal alpha gamer",24,Entertainment,"Entertainment,Film",PT36M41S,2201,2d,hd,false,ar,ar,https://i.ytimg.com/vi/KjYTs50oci8/maxresdefault.jpg,1,,,,,397715,11748,,0,205
87,UCzmp6kKMrSbK-hHc59wLylw,"Jamal Alpha - 2",ycD-SA7EmZg,2025-04-25T18:56:04Z,"2025-04-25 18:56:04","ردة فعل على الترند الجزائري عمي تبون متروحش للعراق !! أش واقع ؟","القناة الرسمية : https://www.youtube.com/@JamalAlpha أهلا بكم و شكرا على ثقتكم لمتابعة يومياتي على انستغرام : http://bit.ly/2ncwNUr Facebook page: https://www.facebook.com/JamalAlphaOfficial Email only for Business : Jamalalphaazmi@gmail.com - اللهم صل وسلم وبارك على نبينا وحبيبنا محمد. - أستغفر الله العظيم و أتوب اليه","Jamal alpha,جمال ألفا,Jamal alpha gamer",24,Entertainment,,PT16M55S,1015,2d,hd,false,ar,ar,https://i.ytimg.com/vi/ycD-SA7EmZg/maxresdefault.jpg,1,,,,,203323,5691,,0,1023
88,UCzmp6kKMrSbK-hHc59wLylw,"Jamal Alpha - 2",txUCnYk-8Ns,2025-04-23T20:56:59Z,"2025-04-23 20:56:59","ردة فعل على الاقصاء و ماركوتينغ عند المغاربة !","القناة الرسمية : https://www.youtube.com/@JamalAlpha أهلا بكم و شكرا على ثقتكم لمتابعة يومياتي على انستغرام : http://bit.ly/2ncwNUr Facebook page: https://www.facebook.com/JamalAlphaOfficial Email only for Business : Jamalalphaazmi@gmail.com - اللهم صل وسلم وبارك على نبينا وحبيبنا محمد. - أستغفر الله العظيم و أتوب اليه","Jamal alpha,جمال ألفا,Jamal alpha gamer",24,Entertainment,,PT22M16S,1336,2d,hd,false,ar,ar,https://i.ytimg.com/vi/txUCnYk-8Ns/maxresdefault.jpg,1,,,,,213668,5349,,0,428
89,UCzmp6kKMrSbK-hHc59wLylw,"Jamal Alpha - 2",QxbJrvQoozo,2025-04-19T09:05:03Z,"2025-04-19 09:05:03","ردة فعل على برنامج لالة العروسة 2025... نايضة روينة من لول !!","القناة الرسمية : https://www.youtube.com/@JamalAlpha أهلا بكم و شكرا على ثقتكم لمتابعة يومياتي على انستغرام : http://bit.ly/2ncwNUr Facebook page: https://www.facebook.com/JamalAlphaOfficial Email only for Business : Jamalalphaazmi@gmail.com - اللهم صل وسلم وبارك على نبينا وحبيبنا محمد. - أستغفر الله العظيم و أتوب اليه","Jamal alpha,جمال ألفا,Jamal alpha gamer",24,Entertainment,Entertainment,PT25M15S,1515,2d,hd,false,ar,ar,https://i.ytimg.com/vi/QxbJrvQoozo/maxresdefault.jpg,1,,,,,452895,7951,,0,1649
90,UCzmp6kKMrSbK-hHc59wLylw,"Jamal Alpha - 2",lyo2XwqAMDE,2025-04-16T21:59:14Z,"2025-04-16 21:59:14","شاهد السحر في مباراة مولودية الجزائري و كيف كانت ردة الفعل !!","القناة الرسمية : https://www.youtube.com/@JamalAlpha أهلا بكم و شكرا على ثقتكم لمتابعة يومياتي على انستغرام : http://bit.ly/2ncwNUr Facebook page: https://www.facebook.com/JamalAlphaOfficial Email only for Business : Jamalalphaazmi@gmail.com - اللهم صل وسلم وبارك على نبينا وحبيبنا محمد. - أستغفر الله العظيم و أتوب اليه","Jamal alpha,جمال ألفا,Jamal alpha gamer",24,Entertainment,"Association_football,Sport",PT20M47S,1247,2d,hd,false,ar,ar,https://i.ytimg.com/vi/lyo2XwqAMDE/maxresdefault.jpg,1,,,,,130343,3591,,0,215
91,UCzmp6kKMrSbK-hHc59wLylw,"Jamal Alpha - 2",D5P1i-07N7Q,2025-04-14T20:46:23Z,"2025-04-14 20:46:23","ردة فعل على التطور الرهيب الذي وصلت اليه الصين بالمقارنة مع بعض الدول الأخرى 😐","القناة الرسمية : https://www.youtube.com/@JamalAlpha أهلا بكم و شكرا على ثقتكم لمتابعة يومياتي على انستغرام : http://bit.ly/2ncwNUr Facebook page: https://www.facebook.com/JamalAlphaOfficial Email only for Business : Jamalalphaazmi@gmail.com - اللهم صل وسلم وبارك على نبينا وحبيبنا محمد. - أستغفر الله العظيم و أتوب اليه","Jamal alpha,جمال ألفا,Jamal alpha gamer",24,Entertainment,,PT23M38S,1418,2d,hd,false,ar,ar,https://i.ytimg.com/vi/D5P1i-07N7Q/maxresdefault.jpg,1,,,,,260133,6483,,0,264
92,UCzmp6kKMrSbK-hHc59wLylw,"Jamal Alpha - 2",X1J6hZSu2jI,2025-04-10T20:22:07Z,"2025-04-10 20:22:07","جون سينا جاء للمغرب باش يصور فيلم ديالو الجديد ... ولكن !!","القناة الرسمية : https://www.youtube.com/@JamalAlpha أهلا بكم و شكرا على ثقتكم لمتابعة يومياتي على انستغرام : http://bit.ly/2ncwNUr Facebook page: https://www.facebook.com/JamalAlphaOfficial Email only for Business : Jamalalphaazmi@gmail.com - اللهم صل وسلم وبارك على نبينا وحبيبنا محمد. - أستغفر الله العظيم و أتوب اليه","Jamal alpha,جمال ألفا,Jamal alpha gamer",24,Entertainment,Film,PT22M39S,1359,2d,hd,false,ar,ar,https://i.ytimg.com/vi/X1J6hZSu2jI/maxresdefault.jpg,1,,,,,188242,6904,,0,394
93,UCzmp6kKMrSbK-hHc59wLylw,"Jamal Alpha - 2",XEL2qBEYmXY,2025-04-04T16:04:52Z,"2025-04-04 16:04:52","ردة فعل على صلاة العيد في مصر !! الاختلاط النساء بالرجال وقلة الحياء","القناة الرسمية : https://www.youtube.com/@JamalAlpha أهلا بكم و شكرا على ثقتكم لمتابعة يومياتي على انستغرام : http://bit.ly/2ncwNUr Facebook page: https://www.facebook.com/JamalAlphaOfficial Email only for Business : Jamalalphaazmi@gmail.com - اللهم صل وسلم وبارك على نبينا وحبيبنا محمد. - أستغفر الله العظيم و أتوب اليه","Jamal alpha,جمال ألفا,Jamal alpha gamer",24,Entertainment,,PT13M18S,798,2d,hd,false,ar,ar,https://i.ytimg.com/vi/XEL2qBEYmXY/maxresdefault.jpg,1,,,,,293483,9096,,0,977
94,UCzmp6kKMrSbK-hHc59wLylw,"Jamal Alpha - 2",7rh4zoKlu9w,2025-03-27T18:20:13Z,"2025-03-27 18:20:13","كسكس المغربي ولا كياكل فالعصى ! هادو واش حماقو ؟","القناة الرسمية : https://www.youtube.com/@JamalAlpha أهلا بكم و شكرا على ثقتكم لمتابعة يومياتي على انستغرام : http://bit.ly/2ncwNUr Facebook page: https://www.facebook.com/JamalAlphaOfficial Email only for Business : Jamalalphaazmi@gmail.com - اللهم صل وسلم وبارك على نبينا وحبيبنا محمد. - أستغفر الله العظيم و أتوب اليه","Jamal alpha,جمال ألفا,Jamal alpha gamer",24,Entertainment,,PT27M13S,1633,2d,hd,false,ar,ar,https://i.ytimg.com/vi/7rh4zoKlu9w/maxresdefault.jpg,1,,,,,158857,4170,,0,319
95,UCzmp6kKMrSbK-hHc59wLylw,"Jamal Alpha - 2",lx1WTpYF_HI,2025-03-21T19:07:36Z,"2025-03-21 19:07:36","علاش تيكتوكر جزائري تلا القرآن وسط الكنيسة الفرنسية وشنو وقع من بعد؟","القناة الرسمية : https://www.youtube.com/@JamalAlpha أهلا بكم و شكرا على ثقتكم لمتابعة يومياتي على انستغرام : http://bit.ly/2ncwNUr Facebook page: https://www.facebook.com/JamalAlphaOfficial Email only for Business : Jamalalphaazmi@gmail.com - اللهم صل وسلم وبارك على نبينا وحبيبنا محمد. - أستغفر الله العظيم و أتوب اليه","Jamal alpha,جمال ألفا,Jamal alpha gamer",24,Entertainment,,PT22M41S,1361,2d,hd,false,ar,ar,https://i.ytimg.com/vi/lx1WTpYF_HI/maxresdefault.jpg,1,,,,,150488,4958,,0,639
96,UCzmp6kKMrSbK-hHc59wLylw,"Jamal Alpha - 2",mc7oL-7cyu0,2025-03-19T17:02:42Z,"2025-03-19 17:02:42","شنو وقع بين السعودية والحجاج الجزائريين باش تفرض هاد القرار؟","القناة الرسمية : https://www.youtube.com/@JamalAlpha أهلا بكم و شكرا على ثقتكم لمتابعة يومياتي على انستغرام : http://bit.ly/2ncwNUr Facebook page: https://www.facebook.com/JamalAlphaOfficial Email only for Business : Jamalalphaazmi@gmail.com - اللهم صل وسلم وبارك على نبينا وحبيبنا محمد. - أستغفر الله العظيم و أتوب اليه","Jamal alpha,جمال ألفا,Jamal alpha gamer",24,Entertainment,"Politics,Society",PT21M18S,1278,2d,hd,false,ar,ar,https://i.ytimg.com/vi/mc7oL-7cyu0/maxresdefault.jpg,1,,,,,370929,12272,,0,2577
97,UCzmp6kKMrSbK-hHc59wLylw,"Jamal Alpha - 2",BDyZw1DIzHA,2025-03-17T17:21:11Z,"2025-03-17 17:21:11","ردة فعل على السائح الفرنسي الذي استغل كرم المغاربة","القناة الرسمية : https://www.youtube.com/@JamalAlpha أهلا بكم و شكرا على ثقتكم لمتابعة يومياتي على انستغرام : http://bit.ly/2ncwNUr Facebook page: https://www.facebook.com/JamalAlphaOfficial Email only for Business : Jamalalphaazmi@gmail.com - اللهم صل وسلم وبارك على نبينا وحبيبنا محمد. - أستغفر الله العظيم و أتوب اليه","Jamal alpha,جمال ألفا,Jamal alpha gamer",24,Entertainment,,PT27M33S,1653,2d,hd,false,ar,ar,https://i.ytimg.com/vi/BDyZw1DIzHA/maxresdefault.jpg,1,,,,,203181,6136,,0,797
98,UCzmp6kKMrSbK-hHc59wLylw,"Jamal Alpha - 2",fUqYqVt6Upw,2025-03-14T21:19:18Z,"2025-03-14 21:19:18","تضحك تخسر #138 : فاش كتجيك الفرصة و لكن انت كتحشم 😂","القناة الرسمية : https://www.youtube.com/@JamalAlpha أهلا بكم و شكرا على ثقتكم لمتابعة يومياتي على انستغرام : http://bit.ly/2ncwNUr Facebook page: https://www.facebook.com/JamalAlphaOfficial Email only for Business : Jamalalphaazmi@gmail.com - اللهم صل وسلم وبارك على نبينا وحبيبنا محمد. - أستغفر الله العظيم و أتوب اليه","Jamal alpha,جمال ألفا,Jamal alpha gamer",24,Entertainment,"Entertainment,Film",PT29M19S,1759,2d,hd,false,ar,ar,https://i.ytimg.com/vi/fUqYqVt6Upw/maxresdefault.jpg,1,,,,,503571,15143,,0,362
99,UCzmp6kKMrSbK-hHc59wLylw,"Jamal Alpha - 2",6cEqlMbVqdc,2025-03-09T15:53:05Z,"2025-03-09 15:53:05","عاصفة ""جانا"" الخير في المغرب ⛈","القناة الرسمية : https://www.youtube.com/@JamalAlpha أهلا بكم و شكرا على ثقتكم لمتابعة يومياتي على انستغرام : http://bit.ly/2ncwNUr Facebook page: https://www.facebook.com/JamalAlphaOfficial Email only for Business : Jamalalphaazmi@gmail.com - اللهم صل وسلم وبارك على نبينا وحبيبنا محمد. - أستغفر الله العظيم و أتوب اليه","Jamal alpha,جمال ألفا,Jamal alpha gamer",24,Entertainment,,PT23M27S,1407,2d,hd,false,ar,ar,https://i.ytimg.com/vi/6cEqlMbVqdc/maxresdefault.jpg,1,,,,,317222,12636,,0,1184
100,UCzmp6kKMrSbK-hHc59wLylw,"Jamal Alpha - 2",_FQgks_OUws,2025-03-05T15:50:47Z,"2025-03-05 15:50:47","ردة فعل على هدايا لي كيجيبو الرجال لعيالاتهم","القناة الرسمية : https://www.youtube.com/@JamalAlpha أهلا بكم و شكرا على ثقتكم لمتابعة يومياتي على انستغرام : http://bit.ly/2ncwNUr Facebook page: https://www.facebook.com/JamalAlphaOfficial Email only for Business : Jamalalphaazmi@gmail.com - اللهم صل وسلم وبارك على نبينا وحبيبنا محمد. - أستغفر الله العظيم و أتوب اليه","Jamal alpha,جمال ألفا,Jamal alpha gamer",24,Entertainment,,PT24M45S,1485,2d,hd,false,ar,ar,https://i.ytimg.com/vi/_FQgks_OUws/maxresdefault.jpg,1,,,,,178242,4419,,0,112
101,UCzmp6kKMrSbK-hHc59wLylw,"Jamal Alpha - 2",R21eVwTlb50,2025-03-02T16:22:15Z,"2025-03-02 16:22:15","ردة فعل الكسابة بعد الغاء شعيرة عيد الاضحى و اعترافهم بارتكاب خطأ كبير !!","القناة الرسمية : https://www.youtube.com/@JamalAlpha أهلا بكم و شكرا على ثقتكم لمتابعة يومياتي على انستغرام : http://bit.ly/2ncwNUr Facebook page: https://www.facebook.com/JamalAlphaOfficial Email only for Business : Jamalalphaazmi@gmail.com - اللهم صل وسلم وبارك على نبينا وحبيبنا محمد. - أستغفر الله العظيم و أتوب اليه","Jamal alpha,جمال ألفا,Jamal alpha gamer",24,Entertainment,,PT24M1S,1441,2d,hd,false,ar,ar,https://i.ytimg.com/vi/R21eVwTlb50/maxresdefault.jpg,1,,,,,485426,11900,,0,1073
102,UCzmp6kKMrSbK-hHc59wLylw,"Jamal Alpha - 2",4IhuuDjEu2w,2025-02-27T16:31:52Z,"2025-02-27 16:31:52","ردة فعل بعد قرار إلغاء شعيرة عيد الأضحى في المغرب لسنة 2025","القناة الرسمية : https://www.youtube.com/@JamalAlpha أهلا بكم و شكرا على ثقتكم لمتابعة يومياتي على انستغرام : http://bit.ly/2ncwNUr Facebook page: https://www.facebook.com/JamalAlphaOfficial Email only for Business : Jamalalphaazmi@gmail.com - اللهم صل وسلم وبارك على نبينا وحبيبنا محمد. - أستغفر الله العظيم و أتوب اليه","Jamal alpha,جمال ألفا,Jamal alpha gamer",24,Entertainment,,PT17M15S,1035,2d,hd,false,ar,ar,https://i.ytimg.com/vi/4IhuuDjEu2w/maxresdefault.jpg,1,,,,,456397,15121,,0,2201
103,UCzmp6kKMrSbK-hHc59wLylw,"Jamal Alpha - 2",vNZHTj516PE,2025-02-26T17:58:23Z,"2025-02-26 17:58:23","السردين بـ 5 دراهم فقط! رجل واحد فضح السماسرة و المنافقين في المغرب","القناة الرسمية : https://www.youtube.com/@JamalAlpha أهلا بكم و شكرا على ثقتكم لمتابعة يومياتي على انستغرام : http://bit.ly/2ncwNUr Facebook page: https://www.facebook.com/JamalAlphaOfficial Email only for Business : Jamalalphaazmi@gmail.com - اللهم صل وسلم وبارك على نبينا وحبيبنا محمد. - أستغفر الله العظيم و أتوب اليه","Jamal alpha,جمال ألفا,Jamal alpha gamer",24,Entertainment,,PT20M19S,1219,2d,hd,false,ar,ar,https://i.ytimg.com/vi/vNZHTj516PE/maxresdefault.jpg,1,,,,,301681,11731,,0,627
104,UCzmp6kKMrSbK-hHc59wLylw,"Jamal Alpha - 2",qalYhxonZx4,2025-02-21T17:43:47Z,"2025-02-21 17:43:47","تضحك تخسر #137 : اذهب الى النوم يا محمد 😂 عودة الاسطورة 👑","القناة الرسمية : https://www.youtube.com/@JamalAlpha أهلا بكم و شكرا على ثقتكم لمتابعة يومياتي على انستغرام : http://bit.ly/2ncwNUr Facebook page: https://www.facebook.com/JamalAlphaOfficial Email only for Business : Jamalalphaazmi@gmail.com - اللهم صل وسلم وبارك على نبينا وحبيبنا محمد. - أستغفر الله العظيم و أتوب اليه","Jamal alpha,جمال ألفا,Jamal alpha gamer",24,Entertainment,"Entertainment,Film",PT23M56S,1436,2d,hd,false,ar,ar,https://i.ytimg.com/vi/qalYhxonZx4/maxresdefault.jpg,1,,,,,571727,22866,,0,633
105,UCzmp6kKMrSbK-hHc59wLylw,"Jamal Alpha - 2",6q2ocs6cKtw,2025-02-19T20:37:05Z,"2025-02-19 20:37:05","ردة فعل على عملية تفكيك الخلية في المغرب !! مكفاكومش زايدين علينا ؟","القناة الرسمية : https://www.youtube.com/@JamalAlpha أهلا بكم و شكرا على ثقتكم لمتابعة يومياتي على انستغرام : http://bit.ly/2ncwNUr Facebook page: https://www.facebook.com/JamalAlphaOfficial Email only for Business : Jamalalphaazmi@gmail.com - اللهم صل وسلم وبارك على نبينا وحبيبنا محمد. - أستغفر الله العظيم و أتوب اليه","Jamal alpha,جمال ألفا,Jamal alpha gamer",24,Entertainment,Society,PT16M2S,962,2d,hd,false,ar,ar,https://i.ytimg.com/vi/6q2ocs6cKtw/maxresdefault.jpg,1,,,,,282600,8177,,0,627
106,UCzmp6kKMrSbK-hHc59wLylw,"Jamal Alpha - 2",bzIPNaDVW4I,2025-02-16T18:14:19Z,"2025-02-16 18:14:19","عيد الحب في المغرب خرج على السيطرة 🤐 أحسن كادو تقدر تفرح بيه راسك 📱","القناة الرسمية : https://www.youtube.com/@JamalAlpha أهلا بكم و شكرا على ثقتكم لمتابعة يومياتي على انستغرام : http://bit.ly/2ncwNUr Facebook page: https://www.facebook.com/JamalAlphaOfficial Email only for Business : Jamalalphaazmi@gmail.com - اللهم صل وسلم وبارك على نبينا وحبيبنا محمد. - أستغفر الله العظيم و أتوب اليه","Jamal alpha,جمال ألفا,Jamal alpha gamer",24,Entertainment,,PT20M43S,1243,2d,hd,false,ar,ar,https://i.ytimg.com/vi/bzIPNaDVW4I/maxresdefault.jpg,1,,,,,109889,3639,,0,155
107,UCzmp6kKMrSbK-hHc59wLylw,"Jamal Alpha - 2",njXOekWqa68,2025-02-13T12:21:20Z,"2025-02-13 12:21:20","ردة فعل في الجزائر على ملاعب المغرب 😶‍🌫️ بلبن أصبح متاح في الجزائر 🤡","القناة الرسمية : https://www.youtube.com/@JamalAlpha أهلا بكم و شكرا على ثقتكم لمتابعة يومياتي على انستغرام : http://bit.ly/2ncwNUr Facebook page: https://www.facebook.com/JamalAlphaOfficial Email only for Business : Jamalalphaazmi@gmail.com - اللهم صل وسلم وبارك على نبينا وحبيبنا محمد. - أستغفر الله العظيم و أتوب اليه","Jamal alpha,جمال ألفا,Jamal alpha gamer",24,Entertainment,,PT18M12S,1092,2d,hd,false,ar,ar,https://i.ytimg.com/vi/njXOekWqa68/maxresdefault.jpg,1,,,,,265854,7228,,0,482
108,UCzmp6kKMrSbK-hHc59wLylw,"Jamal Alpha - 2",Ql99Bq6hRW4,2025-02-11T21:51:58Z,"2025-02-11 21:51:58","ردة فعل على مقاطع الهزة الأرضية التي ضربت المغرب !!","القناة الرسمية : https://www.youtube.com/@JamalAlpha أهلا بكم و شكرا على ثقتكم لمتابعة يومياتي على انستغرام : http://bit.ly/2ncwNUr Facebook page: https://www.facebook.com/JamalAlphaOfficial Email only for Business : Jamalalphaazmi@gmail.com - اللهم صل وسلم وبارك على نبينا وحبيبنا محمد. - أستغفر الله العظيم و أتوب اليه","Jamal alpha,جمال ألفا,Jamal alpha gamer",24,Entertainment,,PT18M,1080,2d,hd,false,ar,ar,https://i.ytimg.com/vi/Ql99Bq6hRW4/maxresdefault.jpg,1,,,,,302199,8529,,0,482
109,UCzmp6kKMrSbK-hHc59wLylw,"Jamal Alpha - 2",NgFT_R5tTFQ,2025-02-09T12:23:58Z,"2025-02-09 12:23:58","الأجانب في المغرب خرجو على السيطرة 🫨 البراند الجديد ديال airfryer 💀 مغربيات طلعو النيفو💅","القناة الرسمية : https://www.youtube.com/@JamalAlpha أهلا بكم و شكرا على ثقتكم لمتابعة يومياتي على انستغرام : http://bit.ly/2ncwNUr Facebook page: https://www.facebook.com/JamalAlphaOfficial Email only for Business : Jamalalphaazmi@gmail.com - اللهم صل وسلم وبارك على نبينا وحبيبنا محمد. - أستغفر الله العظيم و أتوب اليه","Jamal alpha,جمال ألفا,Jamal alpha gamer",24,Entertainment,,PT22M10S,1330,2d,hd,false,ar,ar,https://i.ytimg.com/vi/NgFT_R5tTFQ/maxresdefault.jpg,1,,,,,210706,5209,,0,221
110,UCzmp6kKMrSbK-hHc59wLylw,"Jamal Alpha - 2",ZQ6-ORJApMc,2025-02-08T11:57:56Z,"2025-02-08 11:57:56","بنكيران كيخرجو معاه مسلحين للزنقة ! البنت المغربية فاش كتمشي للبحر بوحدها ! الزواج ديال 2025","القناة الرسمية : https://www.youtube.com/@JamalAlpha أهلا بكم و شكرا على ثقتكم لمتابعة يومياتي على انستغرام : http://bit.ly/2ncwNUr Facebook page: https://www.facebook.com/JamalAlphaOfficial Email only for Business : Jamalalphaazmi@gmail.com - اللهم صل وسلم وبارك على نبينا وحبيبنا محمد. - أستغفر الله العظيم و أتوب اليه","Jamal alpha,جمال ألفا,Jamal alpha gamer",24,Entertainment,Politics,PT22M21S,1341,2d,hd,false,ar,ar,https://i.ytimg.com/vi/ZQ6-ORJApMc/maxresdefault.jpg,1,,,,,149088,4287,,0,187
111,UCzmp6kKMrSbK-hHc59wLylw,"Jamal Alpha - 2",ZijNXwuYMgI,2025-02-07T12:07:28Z,"2025-02-07 12:07:28","فلسطينيين فغزة فرحانين بكوكا وشيبس ! واش المغاربة باغيين العيد هاد العام؟ دجاج و الحوث فوق الشواية 🔥","القناة الرسمية : https://www.youtube.com/@JamalAlpha أهلا بكم و شكرا على ثقتكم لمتابعة يومياتي على انستغرام : http://bit.ly/2ncwNUr Facebook page: https://www.facebook.com/JamalAlphaOfficial Email only for Business : Jamalalphaazmi@gmail.com - اللهم صل وسلم وبارك على نبينا وحبيبنا محمد. - أستغفر الله العظيم و أتوب اليه","Jamal alpha,جمال ألفا,Jamal alpha gamer",24,Entertainment,Society,PT23M42S,1422,2d,hd,false,ar,ar,https://i.ytimg.com/vi/ZijNXwuYMgI/maxresdefault.jpg,1,,,,,207398,5650,,0,948
112,UCzmp6kKMrSbK-hHc59wLylw,"Jamal Alpha - 2",Wwt-41lx--k,2025-02-05T10:29:06Z,"2025-02-05 10:29:06","أول بنت مغربية كطيب النووي فكوكوط! علاش الرجال كيهربو من عيالاتهم نهار السبت؟","القناة الرسمية : https://www.youtube.com/@JamalAlpha أهلا بكم و شكرا على ثقتكم لمتابعة يومياتي على انستغرام : http://bit.ly/2ncwNUr Facebook page: https://www.facebook.com/JamalAlphaOfficial Email only for Business : Jamalalphaazmi@gmail.com - اللهم صل وسلم وبارك على نبينا وحبيبنا محمد. - أستغفر الله العظيم و أتوب اليه","Jamal alpha,جمال ألفا,Jamal alpha gamer",24,Entertainment,,PT25M33S,1533,2d,hd,false,ar,ar,https://i.ytimg.com/vi/Wwt-41lx--k/maxresdefault.jpg,1,,,,,238556,6649,,0,296
113,UCzmp6kKMrSbK-hHc59wLylw,"Jamal Alpha - 2",PXEZyPmU9Ms,2025-01-31T21:21:29Z,"2025-01-31 21:21:29","كيفاش الدجاج فمصر بـ4 ريال مغربية؟ المغرب أحسن من اسبانيا! ها علاش المتابعين البنات صعابين في المغرب","القناة الرسمية : https://www.youtube.com/@JamalAlpha أهلا بكم و شكرا على ثقتكم لمتابعة يومياتي على انستغرام : http://bit.ly/2ncwNUr Facebook page: https://www.facebook.com/JamalAlphaOfficial Email only for Business : Jamalalphaazmi@gmail.com - اللهم صل وسلم وبارك على نبينا وحبيبنا محمد. - أستغفر الله العظيم و أتوب اليه","Jamal alpha,جمال ألفا,Jamal alpha gamer",24,Entertainment,,PT36M16S,2176,2d,hd,false,ar,ar,https://i.ytimg.com/vi/PXEZyPmU9Ms/maxresdefault.jpg,1,,,,,272042,5859,,0,379
114,UCzmp6kKMrSbK-hHc59wLylw,"Jamal Alpha - 2",icdGBg6SjEA,2025-01-29T15:31:48Z,"2025-01-29 15:31:48","ردة فعل في الجزائر بعد القرعة كأس افريقيا - ريم شباط ضد أخنوش - منتخب الجزائر لن يلعب بملعب الرباط!","القناة الرسمية : https://www.youtube.com/@JamalAlpha أهلا بكم و شكرا على ثقتكم لمتابعة يومياتي على انستغرام : http://bit.ly/2ncwNUr Facebook page: https://www.facebook.com/JamalAlphaOfficial Email only for Business : Jamalalphaazmi@gmail.com - اللهم صل وسلم وبارك على نبينا وحبيبنا محمد. - أستغفر الله العظيم و أتوب اليه","Jamal alpha,جمال ألفا,Jamal alpha gamer",24,Entertainment,"Politics,Society",PT30M49S,1849,2d,hd,false,ar,ar,https://i.ytimg.com/vi/icdGBg6SjEA/maxresdefault.jpg,1,,,,,348410,10832,,0,779
115,UCzmp6kKMrSbK-hHc59wLylw,"Jamal Alpha - 2",nBfBme2JqRw,2025-01-24T17:05:02Z,"2025-01-24 17:05:02","انتشار بوحمرون في المغرب","القناة الرسمية : https://www.youtube.com/@JamalAlpha أهلا بكم و شكرا على ثقتكم لمتابعة يومياتي على انستغرام : http://bit.ly/2ncwNUr Facebook page: https://www.facebook.com/JamalAlphaOfficial Email only for Business : Jamalalphaazmi@gmail.com - اللهم صل وسلم وبارك على نبينا وحبيبنا محمد. - أستغفر الله العظيم و أتوب اليه","Jamal alpha,جمال ألفا,Jamal alpha gamer",24,Entertainment,Society,PT18M26S,1106,2d,hd,false,ar,ar,https://i.ytimg.com/vi/nBfBme2JqRw/maxresdefault.jpg,1,,,,,99920,4531,,0,398
116,UCzmp6kKMrSbK-hHc59wLylw,"Jamal Alpha - 2",nbETRX8-O0k,2025-01-21T19:41:01Z,"2025-01-21 19:41:01","نافسات في المغرب خرجو على السيطرة !!","القناة الرسمية : https://www.youtube.com/@JamalAlpha أهلا بكم و شكرا على ثقتكم لمتابعة يومياتي على انستغرام : http://bit.ly/2ncwNUr Facebook page: https://www.facebook.com/JamalAlphaOfficial Email only for Business : Jamalalphaazmi@gmail.com - اللهم صل وسلم وبارك على نبينا وحبيبنا محمد. - أستغفر الله العظيم و أتوب اليه","Jamal alpha,جمال ألفا,Jamal alpha gamer",24,Entertainment,,PT23M6S,1386,2d,hd,false,ar,ar,https://i.ytimg.com/vi/nbETRX8-O0k/maxresdefault.jpg,1,,,,,255100,5497,,0,258
117,UCzmp6kKMrSbK-hHc59wLylw,"Jamal Alpha - 2",sd3VkAbX2_E,2025-01-17T17:32:47Z,"2025-01-17 17:32:47","شنو قصة شاب لي قدر يتزوج من 3 بنات في ليلة واحدة ؟!","القناة الرسمية : https://www.youtube.com/@JamalAlpha أهلا بكم و شكرا على ثقتكم لمتابعة يومياتي على انستغرام : http://bit.ly/2ncwNUr Facebook page: https://www.facebook.com/JamalAlphaOfficial Email only for Business : Jamalalphaazmi@gmail.com - اللهم صل وسلم وبارك على نبينا وحبيبنا محمد. - أستغفر الله العظيم و أتوب اليه","Jamal alpha,جمال ألفا,Jamal alpha gamer",24,Entertainment,,PT18M22S,1102,2d,hd,false,ar,ar,https://i.ytimg.com/vi/sd3VkAbX2_E/maxresdefault.jpg,1,,,,,137349,4020,,0,223
118,UCzmp6kKMrSbK-hHc59wLylw,"Jamal Alpha - 2",TUl9WPGcNVY,2025-01-15T17:29:22Z,"2025-01-15 17:29:22","فيديو قصير لهذا الرجل تسبب في كارثة كبيرة... القصة كاملة!","القناة الرسمية : https://www.youtube.com/@JamalAlpha أهلا بكم و شكرا على ثقتكم لمتابعة يومياتي على انستغرام : http://bit.ly/2ncwNUr Facebook page: https://www.facebook.com/JamalAlphaOfficial Email only for Business : Jamalalphaazmi@gmail.com - اللهم صل وسلم وبارك على نبينا وحبيبنا محمد. - أستغفر الله العظيم و أتوب اليه","Jamal alpha,جمال ألفا,Jamal alpha gamer",24,Entertainment,,PT19M5S,1145,2d,hd,false,ar,ar,https://i.ytimg.com/vi/TUl9WPGcNVY/maxresdefault.jpg,1,,,,,183766,4525,,0,184
119,UCzmp6kKMrSbK-hHc59wLylw,"Jamal Alpha - 2",C5k3d27D-KI,2025-01-13T18:59:59Z,"2025-01-13 18:59:59","برشلونة يسحق ريال مدريد بفضيحة مدوية 🏆 ردة فعل على جماهير ريال مدريد بعد المباراة 💀","القناة الرسمية : https://www.youtube.com/@JamalAlpha أهلا بكم و شكرا على ثقتكم لمتابعة يومياتي على انستغرام : http://bit.ly/2ncwNUr Facebook page: https://www.facebook.com/JamalAlphaOfficial Email only for Business : Jamalalphaazmi@gmail.com - اللهم صل وسلم وبارك على نبينا وحبيبنا محمد. - أستغفر الله العظيم و أتوب اليه","Jamal alpha,جمال ألفا,Jamal alpha gamer",24,Entertainment,"Association_football,Sport",PT17M34S,1054,2d,hd,false,ar,ar,https://i.ytimg.com/vi/C5k3d27D-KI/maxresdefault.jpg,1,,,,,95586,5038,,0,217
120,UCzmp6kKMrSbK-hHc59wLylw,"Jamal Alpha - 2",4ayesakB7mo,2025-01-12T18:48:42Z,"2025-01-12 18:48:42","شنو قصة صاحب أكبر قناة يوتيوب لي شدوه حيث كيتخلص بدولار ؟","القناة الرسمية : https://www.youtube.com/@JamalAlpha أهلا بكم و شكرا على ثقتكم لمتابعة يومياتي على انستغرام : http://bit.ly/2ncwNUr Facebook page: https://www.facebook.com/JamalAlphaOfficial Email only for Business : Jamalalphaazmi@gmail.com - اللهم صل وسلم وبارك على نبينا وحبيبنا محمد. - أستغفر الله العظيم و أتوب اليه","Jamal alpha,جمال ألفا,Jamal alpha gamer",24,Entertainment,,PT21M6S,1266,2d,hd,false,ar,ar,https://i.ytimg.com/vi/4ayesakB7mo/maxresdefault.jpg,1,,,,,199840,6057,,0,293
121,UCzmp6kKMrSbK-hHc59wLylw,"Jamal Alpha - 2",elvEXmxLEJc,2025-01-11T13:51:06Z,"2025-01-11 13:51:06","ردة فعل بعد الكارثة التحكيمية في مباراة المغرب و كولومبيا في نصف نهائي ""دوري الملوك""","القناة الرسمية : https://www.youtube.com/@JamalAlpha أهلا بكم و شكرا على ثقتكم لمتابعة يومياتي على انستغرام : http://bit.ly/2ncwNUr Facebook page: https://www.facebook.com/JamalAlphaOfficial Email only for Business : Jamalalphaazmi@gmail.com - اللهم صل وسلم وبارك على نبينا وحبيبنا محمد. - أستغفر الله العظيم و أتوب اليه","Jamal alpha,جمال ألفا,Jamal alpha gamer",24,Entertainment,"Association_football,Sport",PT17M24S,1044,2d,hd,false,ar,ar,https://i.ytimg.com/vi/elvEXmxLEJc/maxresdefault.jpg,1,,,,,214342,8030,,0,450
122,UCzmp6kKMrSbK-hHc59wLylw,"Jamal Alpha - 2",O6lz7YXLnPU,2025-01-09T20:23:21Z,"2025-01-09 20:23:21","لوس أنجلس تحترق و النيران تخرج عن السيطرة مشهد أشبه بالجحيم","القناة الرسمية : https://www.youtube.com/@JamalAlpha أهلا بكم و شكرا على ثقتكم لمتابعة يومياتي على انستغرام : http://bit.ly/2ncwNUr Facebook page: https://www.facebook.com/JamalAlphaOfficial Email only for Business : Jamalalphaazmi@gmail.com - اللهم صل وسلم وبارك على نبينا وحبيبنا محمد. - أستغفر الله العظيم و أتوب اليه","Jamal alpha,جمال ألفا,Jamal alpha gamer",24,Entertainment,Society,PT8M36S,516,2d,hd,false,ar,ar,https://i.ytimg.com/vi/O6lz7YXLnPU/maxresdefault.jpg,1,,,,,98182,6140,,0,386
123,UCzmp6kKMrSbK-hHc59wLylw,"Jamal Alpha - 2",NwSg9ncLnlQ,2025-01-08T13:09:48Z,"2025-01-08 13:09:48","شنو قصة البنت لي صوروها فالفيديو و المؤثر الجزائري لي حاكمها في فرنسا ؟","القناة الرسمية : https://www.youtube.com/@JamalAlpha أهلا بكم و شكرا على ثقتكم لمتابعة يومياتي على انستغرام : http://bit.ly/2ncwNUr Facebook page: https://www.facebook.com/JamalAlphaOfficial Email only for Business : Jamalalphaazmi@gmail.com - اللهم صل وسلم وبارك على نبينا وحبيبنا محمد. - أستغفر الله العظيم و أتوب اليه","Jamal alpha,جمال ألفا,Jamal alpha gamer",24,Entertainment,,PT16M27S,987,2d,hd,false,ar,ar,https://i.ytimg.com/vi/NwSg9ncLnlQ/maxresdefault.jpg,1,,,,,176274,4772,,0,225
124,UCzmp6kKMrSbK-hHc59wLylw,"Jamal Alpha - 2",OUfYqWtXVRY,2025-01-07T17:25:51Z,"2025-01-07 17:25:51","شنو قصة هذا الرجل لي خلى مصر كاملة في حالة رعب ؟","القناة الرسمية : https://www.youtube.com/@JamalAlpha أهلا بكم و شكرا على ثقتكم لمتابعة يومياتي على انستغرام : http://bit.ly/2ncwNUr Facebook page: https://www.facebook.com/JamalAlphaOfficial Email only for Business : Jamalalphaazmi@gmail.com - اللهم صل وسلم وبارك على نبينا وحبيبنا محمد. - أستغفر الله العظيم و أتوب اليه","Jamal alpha,جمال ألفا,Jamal alpha gamer",24,Entertainment,Society,PT22M30S,1350,2d,hd,false,ar,ar,https://i.ytimg.com/vi/OUfYqWtXVRY/maxresdefault.jpg,1,,,,,349919,9872,,0,972
125,UCzmp6kKMrSbK-hHc59wLylw,"Jamal Alpha - 2",HIdHZLtOkQw,2024-12-30T13:34:08Z,"2024-12-30 13:34:08","عراقي متهم بإسقاط طائرة أذربيجان بعيونه فقط !! حقيقة أم خيال؟","القناة الرسمية : https://www.youtube.com/@JamalAlpha أهلا بكم و شكرا على ثقتكم لمتابعة يومياتي على انستغرام : http://bit.ly/2ncwNUr Facebook page: https://www.facebook.com/JamalAlphaOfficial Email only for Business : Jamalalphaazmi@gmail.com - اللهم صل وسلم وبارك على نبينا وحبيبنا محمد. - أستغفر الله العظيم و أتوب اليه","Jamal alpha,جمال ألفا,Jamal alpha gamer",24,Entertainment,Politics,PT20M34S,1234,2d,hd,false,ar,ar,https://i.ytimg.com/vi/HIdHZLtOkQw/maxresdefault.jpg,1,,,,,217238,6161,,0,461
126,UCzmp6kKMrSbK-hHc59wLylw,"Jamal Alpha - 2",2ryHxGf00kg,2024-12-29T17:17:41Z,"2024-12-29 17:17:41","تغيير كبير في خطاب الاعلام الجزائري - زواج 4*4 سباب الطلاق","القناة الرسمية : https://www.youtube.com/@JamalAlpha أهلا بكم و شكرا على ثقتكم لمتابعة يومياتي على انستغرام : http://bit.ly/2ncwNUr Facebook page: https://www.facebook.com/JamalAlphaOfficial Email only for Business : Jamalalphaazmi@gmail.com - اللهم صل وسلم وبارك على نبينا وحبيبنا محمد. - أستغفر الله العظيم و أتوب اليه","Jamal alpha,جمال ألفا,Jamal alpha gamer",24,Entertainment,,PT21M31S,1291,2d,hd,false,ar,ar,https://i.ytimg.com/vi/2ryHxGf00kg/maxresdefault.jpg,1,,,,,177624,5170,,0,304
127,UCzmp6kKMrSbK-hHc59wLylw,"Jamal Alpha - 2",jueHfpEzF4Q,2024-12-25T16:21:56Z,"2024-12-25 16:21:56","لحظة الاصطدام الطائرة بسرب من الطيور !!","القناة الرسمية : https://www.youtube.com/@JamalAlpha أهلا بكم و شكرا على ثقتكم لمتابعة يومياتي على انستغرام : http://bit.ly/2ncwNUr Facebook page: https://www.facebook.com/JamalAlphaOfficial Email only for Business : Jamalalphaazmi@gmail.com - اللهم صل وسلم وبارك على نبينا وحبيبنا محمد. - أستغفر الله العظيم و أتوب اليه","Jamal alpha,جمال ألفا,Jamal alpha gamer",24,Entertainment,,PT19M36S,1176,2d,hd,false,ar,ar,https://i.ytimg.com/vi/jueHfpEzF4Q/maxresdefault.jpg,1,,,,,175222,5871,,0,362
128,UCzmp6kKMrSbK-hHc59wLylw,"Jamal Alpha - 2",Ms30ZaDxtA8,2024-12-24T16:34:36Z,"2024-12-24 16:34:36","شنو الجديد في مدونة الاسرة 2024","القناة الرسمية : https://www.youtube.com/@JamalAlpha أهلا بكم و شكرا على ثقتكم لمتابعة يومياتي على انستغرام : http://bit.ly/2ncwNUr Facebook page: https://www.facebook.com/JamalAlphaOfficial Email only for Business : Jamalalphaazmi@gmail.com - اللهم صل وسلم وبارك على نبينا وحبيبنا محمد. - أستغفر الله العظيم و أتوب اليه","Jamal alpha,جمال ألفا,Jamal alpha gamer",24,Entertainment,"Politics,Society",PT25M18S,1518,2d,hd,false,ar,ar,https://i.ytimg.com/vi/Ms30ZaDxtA8/maxresdefault.jpg,1,,,,,219103,6192,,0,894
129,UCzmp6kKMrSbK-hHc59wLylw,"Jamal Alpha - 2",3CptnFUxCH4,2024-12-23T14:25:17Z,"2024-12-23 14:25:17","وفي المغرب تتوالى النكسات والفضايح والتفاح و البنان و الخس كي القنية و طيري ري !!","القناة الرسمية : https://www.youtube.com/@JamalAlpha أهلا بكم و شكرا على ثقتكم لمتابعة يومياتي على انستغرام : http://bit.ly/2ncwNUr Facebook page: https://www.facebook.com/JamalAlphaOfficial Email only for Business : Jamalalphaazmi@gmail.com - اللهم صل وسلم وبارك على نبينا وحبيبنا محمد. - أستغفر الله العظيم و أتوب اليه","Jamal alpha,جمال ألفا,Jamal alpha gamer",24,Entertainment,"Politics,Society",PT24M6S,1446,2d,hd,false,ar,ar,https://i.ytimg.com/vi/3CptnFUxCH4/maxresdefault.jpg,1,,,,,186243,6818,,0,577
130,UCzmp6kKMrSbK-hHc59wLylw,"Jamal Alpha - 2",J-4K6iDHelQ,2024-12-17T19:35:44Z,"2024-12-17 19:35:44","نيجيريين جاو ضحكو علينا من قلب مراكش ...وشنو قصة المخلوقات الفضائية لي بانت فأمريكا ؟","القناة الرسمية : https://www.youtube.com/@JamalAlpha أهلا بكم و شكرا على ثقتكم لمتابعة يومياتي على انستغرام : http://bit.ly/2ncwNUr Facebook page: https://www.facebook.com/JamalAlphaOfficial Email only for Business : Jamalalphaazmi@gmail.com - اللهم صل وسلم وبارك على نبينا وحبيبنا محمد. - أستغفر الله العظيم و أتوب اليه","Jamal alpha,جمال ألفا,Jamal alpha gamer",24,Entertainment,Society,PT17M41S,1061,2d,hd,false,ar,ar,https://i.ytimg.com/vi/J-4K6iDHelQ/maxresdefault.jpg,1,,,,,156569,6271,,0,606
131,UCzmp6kKMrSbK-hHc59wLylw,"Jamal Alpha - 2",hsCmuN2zq2U,2024-12-15T18:24:12Z,"2024-12-15 18:24:12","تصريحات خطيرة لعزيز غالي حول الصحراء المغربية !!","القناة الرسمية : https://www.youtube.com/@JamalAlpha أهلا بكم و شكرا على ثقتكم لمتابعة يومياتي على انستغرام : http://bit.ly/2ncwNUr Facebook page: https://www.facebook.com/JamalAlphaOfficial Email only for Business : Jamalalphaazmi@gmail.com - اللهم صل وسلم وبارك على نبينا وحبيبنا محمد. - أستغفر الله العظيم و أتوب اليه","Jamal alpha,جمال ألفا,Jamal alpha gamer",24,Entertainment,Society,PT22M6S,1326,2d,hd,false,ar,ar,https://i.ytimg.com/vi/hsCmuN2zq2U/maxresdefault.jpg,1,,,,,315910,12272,,0,3168
132,UCzmp6kKMrSbK-hHc59wLylw,"Jamal Alpha - 2",wkNTACPWLfA,2024-12-14T18:45:11Z,"2024-12-14 18:45:11","شنو قصة الهندية لي سافرت 2600 كيلومتر لتفضح الشاب في ليلة زفافه !!","القناة الرسمية : https://www.youtube.com/@JamalAlpha أهلا بكم و شكرا على ثقتكم لمتابعة يومياتي على انستغرام : http://bit.ly/2ncwNUr Facebook page: https://www.facebook.com/JamalAlphaOfficial Email only for Business : Jamalalphaazmi@gmail.com - اللهم صل وسلم وبارك على نبينا وحبيبنا محمد. - أستغفر الله العظيم و أتوب اليه","Jamal alpha,جمال ألفا,Jamal alpha gamer",24,Entertainment,Society,PT18M7S,1087,2d,hd,false,ar,ar,https://i.ytimg.com/vi/wkNTACPWLfA/maxresdefault.jpg,1,,,,,191726,4798,,0,160
133,UCzmp6kKMrSbK-hHc59wLylw,"Jamal Alpha - 2",PafZQvOs70g,2024-12-13T13:41:31Z,"2024-12-13 13:41:31","شكرا ليكم على الدعم و الدعوات 🤍 عدنا من جديد !!","القناة الرسمية : https://www.youtube.com/@JamalAlpha أهلا بكم و شكرا على ثقتكم لمتابعة يومياتي على انستغرام : http://bit.ly/2ncwNUr Facebook page: https://www.facebook.com/JamalAlphaOfficial Email only for Business : Jamalalphaazmi@gmail.com - اللهم صل وسلم وبارك على نبينا وحبيبنا محمد. - أستغفر الله العظيم و أتوب اليه","Jamal alpha,جمال ألفا,Jamal alpha gamer",24,Entertainment,,PT20M8S,1208,2d,hd,false,ar,ar,https://i.ytimg.com/vi/PafZQvOs70g/maxresdefault.jpg,1,,,,,165515,10109,,0,2031
134,UCzmp6kKMrSbK-hHc59wLylw,"Jamal Alpha - 2",IVtVYK6BSqQ,2024-11-28T15:46:26Z,"2024-11-28 15:46:26","شنو قصة الجزائري لي شد ولد معاق ذهنيا فالدورة المياه في فرنسا !!","القناة الرسمية : https://www.youtube.com/@JamalAlpha أهلا بكم و شكرا على ثقتكم لمتابعة يومياتي على انستغرام : http://bit.ly/2ncwNUr Facebook page: https://www.facebook.com/JamalAlphaOfficial Email only for Business : Jamalalphaazmi@gmail.com - اللهم صل وسلم وبارك على نبينا وحبيبنا محمد. - أستغفر الله العظيم و أتوب اليه","Jamal alpha,جمال ألفا,Jamal alpha gamer",24,Entertainment,"Politics,Society",PT16M12S,972,2d,hd,false,ar,ar,https://i.ytimg.com/vi/IVtVYK6BSqQ/maxresdefault.jpg,1,,,,,319169,10980,,0,1155
135,UCzmp6kKMrSbK-hHc59wLylw,"Jamal Alpha - 2",SkSabUbTb9k,2024-11-26T17:03:46Z,"2024-11-26 17:03:46","ردة فعل على الصورة الأكثر تداول في العالم و أقوى رسالة بكل أناقة 🦁","القناة الرسمية : https://www.youtube.com/@JamalAlpha أهلا بكم و شكرا على ثقتكم مقال الصحيفة الفرنسية : https://www.pointdevue.fr/royal/maroc/mohammed-vi-en-escapade-parisienne-avec-ses-enfants البراند : https://whodecideswar.com/products/patched-arch-embroidered-pant-1 لمتابعة يومياتي على انستغرام : http://bit.ly/2ncwNUr Facebook page: https://www.facebook.com/JamalAlphaOfficial Email only for Business : Jamalalphaazmi@gmail.com - اللهم صل وسلم وبارك على نبينا وحبيبنا محمد. - أستغفر الله العظيم و أتوب اليه","Jamal alpha,جمال ألفا,Jamal alpha gamer",24,Entertainment,,PT15M28S,928,2d,hd,false,ar,ar,https://i.ytimg.com/vi/SkSabUbTb9k/maxresdefault.jpg,1,,,,,295815,12044,,0,1027
136,UCzmp6kKMrSbK-hHc59wLylw,"Jamal Alpha - 2",AMW4GtzT1zQ,2024-11-23T16:39:07Z,"2024-11-23 16:39:07","ردة فعل في الجزائر بعد استقبال الأمير مولاي الحسن للرئيس الصيني ... و التمر مالو ؟","القناة الرسمية : https://www.youtube.com/@JamalAlpha أهلا بكم و شكرا على ثقتكم لمتابعة يومياتي على انستغرام : http://bit.ly/2ncwNUr Facebook page: https://www.facebook.com/JamalAlphaOfficial Email only for Business : Jamalalphaazmi@gmail.com - اللهم صل وسلم وبارك على نبينا وحبيبنا محمد. - أستغفر الله العظيم و أتوب اليه","Jamal alpha,جمال ألفا,Jamal alpha gamer",24,Entertainment,"Politics,Society",PT19M21S,1161,2d,hd,false,ar,ar,https://i.ytimg.com/vi/AMW4GtzT1zQ/maxresdefault.jpg,1,,,,,375686,11307,,0,861
137,UCzmp6kKMrSbK-hHc59wLylw,"Jamal Alpha - 2",QCCSAoPVe3s,2024-11-20T14:38:33Z,"2024-11-20 14:38:33","نايضة في السويد بسباب هاد البنت ... الجانب المظلم من الحياة في أوروبا !!","القناة الرسمية : https://www.youtube.com/@UCsqemzGBSJryRUmjp2M_jjQ أهلا بكم و شكرا على ثقتكم لمتابعة يومياتي على انستغرام : http://bit.ly/2ncwNUr Facebook page: https://www.facebook.com/JamalAlphaOfficial Email only for Business : Jamalalphaazmi@gmail.com - اللهم صل وسلم وبارك على نبينا وحبيبنا محمد. - أستغفر الله العظيم و أتوب اليه","Jamal alpha,جمال ألفا,Jamal alpha gamer",24,Entertainment,Society,PT22M25S,1345,2d,hd,false,ar,ar,https://i.ytimg.com/vi/QCCSAoPVe3s/maxresdefault.jpg,1,,,,,298099,8889,,0,1895
138,UCzmp6kKMrSbK-hHc59wLylw,"Jamal Alpha - 2",w-HWIhGe7kQ,2024-11-18T23:03:31Z,"2024-11-18 23:03:31","سباعية المنتخب المغربي على ليسوتو عالمية و فضــيحة الاتحاد الافريقي !!","القناة الرسمية : https://goo.gl/GDsjdj أهلا بكم و شكرا على ثقتكم لمتابعة يومياتي على انستغرام : http://bit.ly/2ncwNUr Facebook page: https://www.facebook.com/JamalAlphaOfficial Email only for Business : Jamalalphaazmi@gmail.com - اللهم صل وسلم وبارك على نبينا وحبيبنا محمد. - أستغفر الله العظيم و أتوب اليه","Jamal alpha,جمال ألفا,Jamal alpha gamer",24,Entertainment,"Association_football,Society",PT20M56S,1256,2d,hd,false,ar,ar,https://i.ytimg.com/vi/w-HWIhGe7kQ/maxresdefault.jpg,1,,,,,256382,11173,,0,848
139,UCzmp6kKMrSbK-hHc59wLylw,"Jamal Alpha - 2",uVumu8jfnLQ,2024-11-17T19:19:56Z,"2024-11-17 19:19:56","شنو قصة البرلمانية لي قامت برقصة هاكا وسط البرلمان !!","القناة الرسمية : https://goo.gl/GDsjdj أهلا بكم و شكرا على ثقتكم لمتابعة يومياتي على انستغرام : http://bit.ly/2ncwNUr Facebook page: https://www.facebook.com/JamalAlphaOfficial Email only for Business : Jamalalphaazmi@gmail.com - اللهم صل وسلم وبارك على نبينا وحبيبنا محمد. - أستغفر الله العظيم و أتوب اليه","Jamal alpha,جمال ألفا,Jamal alpha gamer",24,Entertainment,"Politics,Society",PT15M36S,936,2d,hd,false,ar,ar,https://i.ytimg.com/vi/uVumu8jfnLQ/maxresdefault.jpg,1,,,,,260109,6453,,0,430
140,UCzmp6kKMrSbK-hHc59wLylw,"Jamal Alpha - 2",C-K0d0PL-ro,2024-11-15T23:42:56Z,"2024-11-15 23:42:56","خماسية المنتخب المغربي على الغابون و البكاء في مصر !!","القناة الرسمية : https://goo.gl/GDsjdj أهلا بكم و شكرا على ثقتكم لمتابعة يومياتي على انستغرام : http://bit.ly/2ncwNUr Facebook page: https://www.facebook.com/JamalAlphaOfficial Email only for Business : Jamalalphaazmi@gmail.com - اللهم صل وسلم وبارك على نبينا وحبيبنا محمد. - أستغفر الله العظيم و أتوب اليه","Jamal alpha,جمال ألفا,Jamal alpha gamer",24,Entertainment,Association_football,PT21M8S,1268,2d,hd,false,ar,ar,https://i.ytimg.com/vi/C-K0d0PL-ro/maxresdefault.jpg,1,,,,,284831,11106,,0,701
141,UCzmp6kKMrSbK-hHc59wLylw,"Jamal Alpha - 2",0I1LWhJpFug,2024-11-13T17:54:34Z,"2024-11-13 17:54:34","طبيبة نساء مصرية طلعات فلايف فضحات كلشي ... شنو واقع في مصر ؟","القناة الرسمية : https://goo.gl/GDsjdj أهلا بكم و شكرا على ثقتكم لمتابعة يومياتي على انستغرام : http://bit.ly/2ncwNUr Facebook page: https://www.facebook.com/JamalAlphaOfficial Email only for Business : Jamalalphaazmi@gmail.com - اللهم صل وسلم وبارك على نبينا وحبيبنا محمد. - أستغفر الله العظيم و أتوب اليه","Jamal alpha,جمال ألفا,Jamal alpha gamer",24,Entertainment,Society,PT20M43S,1243,2d,hd,false,ar,ar,https://i.ytimg.com/vi/0I1LWhJpFug/maxresdefault.jpg,1,,,,,446244,10545,,0,2128
142,UCzmp6kKMrSbK-hHc59wLylw,"Jamal Alpha - 2",_j_b2k_5-lo,2024-11-11T15:37:19Z,"2024-11-11 15:37:19","برشلونة يتعرض لفضيحة تحكيمية و بالدليل !!","القناة الرسمية : https://goo.gl/GDsjdj أهلا بكم و شكرا على ثقتكم لمتابعة يومياتي على انستغرام : http://bit.ly/2ncwNUr Facebook page: https://www.facebook.com/JamalAlphaOfficial Email only for Business : Jamalalphaazmi@gmail.com - اللهم صل وسلم وبارك على نبينا وحبيبنا محمد. - أستغفر الله العظيم و أتوب اليه","Jamal alpha,جمال ألفا,Jamal alpha gamer",24,Entertainment,"Association_football,Sport",PT21M6S,1266,2d,hd,false,ar,ar,https://i.ytimg.com/vi/_j_b2k_5-lo/maxresdefault.jpg,1,,,,,99072,3862,,0,466
143,UCzmp6kKMrSbK-hHc59wLylw,"Jamal Alpha - 2",W-G6HCa3rts,2024-11-10T15:12:18Z,"2024-11-10 15:12:18","قرع طبول الحــرب مابين المغرب و الجزائر و بداية من المحبس !!","القناة الرسمية : https://goo.gl/GDsjdj أهلا بكم و شكرا على ثقتكم لمتابعة يومياتي على انستغرام : http://bit.ly/2ncwNUr Page Facebook : https://goo.gl/hB3uVY Email only for Business : Jamalalphaazmi@gmail.com - اللهم صل وسلم وبارك على نبينا وحبيبنا محمد. - أستغفر الله العظيم و أتوب اليه","Jamal alpha,جمال ألفا,Jamal alpha gamer",24,Entertainment,"Politics,Society",PT27M17S,1637,2d,hd,false,ar,ar,https://i.ytimg.com/vi/W-G6HCa3rts/maxresdefault.jpg,1,,,,,495856,17007,,0,2209
144,UCzmp6kKMrSbK-hHc59wLylw,"Jamal Alpha - 2",GDcZqJ-huwU,2024-11-09T14:20:07Z,"2024-11-09 14:20:07","ردة فعل العالم بعد أحداث المغاربة في امستردام هولندا !!","القناة الرسمية : https://goo.gl/GDsjdj أهلا بكم و شكرا على ثقتكم لمتابعة يومياتي على انستغرام : http://bit.ly/2ncwNUr Email only for Business : Jamalalphaazmi@gmail.com - اللهم صل وسلم وبارك على نبينا وحبيبنا محمد. - أستغفر الله العظيم و أتوب اليه","Jamal alpha,جمال ألفا,Jamal alpha gamer",24,Entertainment,"Politics,Society",PT25M52S,1552,2d,hd,false,ar,ar,https://i.ytimg.com/vi/GDcZqJ-huwU/maxresdefault.jpg,1,,,,,1355460,43734,,0,4018
145,UCzmp6kKMrSbK-hHc59wLylw,"Jamal Alpha - 2",l-WBmYstcPI,2024-11-07T19:24:04Z,"2024-11-07 19:24:04","الجمهور المدريدي باقي كيعاني بسباب الكلاسيكو 😂","القناة الرسمية : https://goo.gl/GDsjdj أهلا بكم و شكرا على ثقتكم لمتابعة يومياتي على انستغرام : http://bit.ly/2ncwNUr Page Facebook : https://goo.gl/hB3uVY Email only for Business : Jamalalphaazmi@gmail.com - اللهم صل وسلم وبارك على نبينا وحبيبنا محمد. - أستغفر الله العظيم و أتوب اليه","Jamal alpha,جمال ألفا,Jamal alpha gamer",24,Entertainment,,PT26M2S,1562,2d,hd,false,ar,ar,https://i.ytimg.com/vi/l-WBmYstcPI/maxresdefault.jpg,1,,,,,57981,2787,,0,121
146,UCzmp6kKMrSbK-hHc59wLylw,"Jamal Alpha - 2",fVFhWDISllo,2024-11-01T20:09:21Z,"2024-11-01 20:09:21","تيما تتراجع للمركز الثاني ... لانش بوكسات تخرج عن السيطرة 🤡","القناة الرسمية : https://goo.gl/GDsjdj أهلا بكم و شكرا على ثقتكم لمتابعة يومياتي على انستغرام : http://bit.ly/2ncwNUr Page Facebook : https://goo.gl/hB3uVY Email only for Business : Jamalalphaazmi@gmail.com - اللهم صل وسلم وبارك على نبينا وحبيبنا محمد. - أستغفر الله العظيم و أتوب اليه","Jamal alpha,جمال ألفا,Jamal alpha gamer",24,Entertainment,,PT29M26S,1766,2d,hd,false,ar,ar,https://i.ytimg.com/vi/fVFhWDISllo/maxresdefault.jpg,1,,,,,349526,8030,,0,240
147,UCzmp6kKMrSbK-hHc59wLylw,"Jamal Alpha - 2",fOrnyIG8Quc,2024-10-29T16:46:06Z,"2024-10-29 16:46:06","أكبر سرقة للكرة الذهبية منذ نشأتها ... هل كان رودري يستحقها ؟","القناة الرسمية : https://goo.gl/GDsjdj أهلا بكم و شكرا على ثقتكم لمتابعة يومياتي على انستغرام : http://bit.ly/2ncwNUr Page Facebook : https://goo.gl/hB3uVY Email only for Business : Jamalalphaazmi@gmail.com - اللهم صل وسلم وبارك على نبينا وحبيبنا محمد. - أستغفر الله العظيم و أتوب اليه","Jamal alpha,جمال ألفا,Jamal alpha gamer",24,Entertainment,"Association_football,Entertainment",PT32M37S,1957,2d,hd,false,ar,ar,https://i.ytimg.com/vi/fOrnyIG8Quc/maxresdefault.jpg,1,,,,,96512,4278,,0,281
148,UCzmp6kKMrSbK-hHc59wLylw,"Jamal Alpha - 2",IFsDdjfcIoc,2024-10-28T12:25:26Z,"2024-10-28 12:25:26","الجيران هربو علينا فهادي ... تغيير العملة الجزائرية و دوري المساخيط 🤣","القناة الرسمية : https://goo.gl/GDsjdj أهلا بكم و شكرا على ثقتكم لمتابعة يومياتي على انستغرام : http://bit.ly/2ncwNUr Page Facebook : https://goo.gl/hB3uVY Email only for Business : Jamalalphaazmi@gmail.com - اللهم صل وسلم وبارك على نبينا وحبيبنا محمد. - أستغفر الله العظيم و أتوب اليه","Jamal alpha,جمال ألفا,Jamal alpha gamer",24,Entertainment,,PT33M32S,2012,2d,hd,false,ar,ar,https://i.ytimg.com/vi/IFsDdjfcIoc/maxresdefault.jpg,1,,,,,462325,11312,,0,1200
149,UCzmp6kKMrSbK-hHc59wLylw,"Jamal Alpha - 2",XBazErfwL94,2024-10-20T19:03:06Z,"2024-10-20 19:03:06","بسباب أغنية عرس ديالهم تفرتك ... اختياراتي مدمرة حياتي !!","القناة الرسمية : https://goo.gl/GDsjdj أهلا بكم و شكرا على ثقتكم لمتابعة يومياتي على انستغرام : http://bit.ly/2ncwNUr Page Facebook : https://goo.gl/hB3uVY Email only for Business : Jamalalphaazmi@gmail.com - اللهم صل وسلم وبارك على نبينا وحبيبنا محمد. - أستغفر الله العظيم و أتوب اليه","Jamal alpha,جمال ألفا,Jamal alpha gamer",24,Entertainment,Lifestyle_(sociology),PT8M36S,516,2d,hd,false,ar,ar,https://i.ytimg.com/vi/XBazErfwL94/maxresdefault.jpg,1,,,,,119316,2736,,0,119
150,UCzmp6kKMrSbK-hHc59wLylw,"Jamal Alpha - 2",GsMAiET7MS0,2024-10-19T17:28:15Z,"2024-10-19 17:28:15","حملة كبيرة على قناة ام بي سي السعودية بسبب هذا الفيديو","القناة الرسمية : https://goo.gl/GDsjdj أهلا بكم و شكرا على ثقتكم لمتابعة يومياتي على انستغرام : http://bit.ly/2ncwNUr Page Facebook : https://goo.gl/hB3uVY Email only for Business : Jamalalphaazmi@gmail.com - اللهم صل وسلم وبارك على نبينا وحبيبنا محمد. - أستغفر الله العظيم و أتوب اليه","Jamal alpha,جمال ألفا,Jamal alpha gamer",24,Entertainment,Society,PT3M1S,181,2d,hd,false,ar,ar,https://i.ytimg.com/vi/GsMAiET7MS0/maxresdefault.jpg,1,,,,,102723,4589,,0,942
151,UCzmp6kKMrSbK-hHc59wLylw,"Jamal Alpha - 2",NSwULB-szdA,2024-10-19T15:22:46Z,"2024-10-19 15:22:46","قواعد ذهبية في الحوار مع المغاربة ... الا بغيتي تنوضها !!","القناة الرسمية : https://goo.gl/GDsjdj أهلا بكم و شكرا على ثقتكم لمتابعة يومياتي على انستغرام : http://bit.ly/2ncwNUr Page Facebook : https://goo.gl/hB3uVY Email only for Business : Jamalalphaazmi@gmail.com - اللهم صل وسلم وبارك على نبينا وحبيبنا محمد. - أستغفر الله العظيم و أتوب اليه","Jamal alpha,جمال ألفا,Jamal alpha gamer",24,Entertainment,Society,PT8M56S,536,2d,hd,false,ar,ar,https://i.ytimg.com/vi/NSwULB-szdA/maxresdefault.jpg,1,,,,,69385,2292,,0,83
152,UCzmp6kKMrSbK-hHc59wLylw,"Jamal Alpha - 2",-MNIzUQAJfM,2024-10-18T11:45:00Z,"2024-10-18 11:45:00","علاش البنات كيجيهم الراجل لي بحال سيمو توكسيك ؟","Live Everyday ✨ Kick : https://kick.com/jamalalpha Discord : https://discord.gg/jamalalpha1 القناة الرسمية : https://goo.gl/GDsjdj أهلا بكم و شكرا على ثقتكم لمتابعة يومياتي على انستغرام : http://bit.ly/2ncwNUr Page Facebook : https://goo.gl/hB3uVY Email only for Business : Jamalalphaazmi@gmail.com - اللهم صل وسلم وبارك على نبينا وحبيبنا محمد. - أستغفر الله العظيم و أتوب اليه","Jamal alpha,جمال ألفا,Jamal alpha gamer",24,Entertainment,,PT8M11S,491,2d,hd,false,ar,ar,https://i.ytimg.com/vi/-MNIzUQAJfM/maxresdefault.jpg,1,,,,,34284,1289,,0,52
153,UCzmp6kKMrSbK-hHc59wLylw,"Jamal Alpha - 2",KA8fLJP4-Bk,2024-10-17T18:56:58Z,"2024-10-17 18:56:58","الحلوة قبل الريجيم؟ وفالأخير طلع سيمو لي خايب !!","Live Everyday ✨ Kick : https://kick.com/jamalalpha Discord : https://discord.gg/jamalalpha1 القناة الرسمية : https://goo.gl/GDsjdj أهلا بكم و شكرا على ثقتكم لمتابعة يومياتي على انستغرام : http://bit.ly/2ncwNUr Page Facebook : https://goo.gl/hB3uVY Email only for Business : Jamalalphaazmi@gmail.com - اللهم صل وسلم وبارك على نبينا وحبيبنا محمد. - أستغفر الله العظيم و أتوب اليه","Jamal alpha,جمال ألفا,Jamal alpha gamer",24,Entertainment,,PT8M10S,490,2d,hd,false,ar,ar,https://i.ytimg.com/vi/KA8fLJP4-Bk/maxresdefault.jpg,1,,,,,65492,1668,,0,73
154,UCzmp6kKMrSbK-hHc59wLylw,"Jamal Alpha - 2",KJWRc1TxyWg,2024-09-23T21:34:43Z,"2024-09-23 21:34:43","رجع أحسن واحد فأمونغ أس 💀☠️","Live Everyday ✨ Kick : https://kick.com/jamalalpha Discord : https://discord.gg/jamalalpha1 القناة الرسمية : https://goo.gl/GDsjdj أهلا بكم و شكرا على ثقتكم لمتابعة يومياتي على انستغرام : http://bit.ly/2ncwNUr Page Facebook : https://goo.gl/hB3uVY Email only for Business : Jamalalphaazmi@gmail.com - اللهم صل وسلم وبارك على نبينا وحبيبنا محمد. - أستغفر الله العظيم و أتوب اليه","Jamal alpha,جمال ألفا,Jamal alpha gamer,ألعاب,games",20,Gaming,"Action-adventure_game,Action_game,Casual_game,Puzzle_video_game,Role-playing_video_game,Strategy_video_game,Video_game_culture",PT13M2S,782,2d,hd,false,ar,ar,https://i.ytimg.com/vi/KJWRc1TxyWg/maxresdefault.jpg,1,,,,,36772,2050,,0,57
155,UCzmp6kKMrSbK-hHc59wLylw,"Jamal Alpha - 2",3SvutA_zZHs,2024-09-22T10:49:07Z,"2024-09-22 10:49:07","تجهيزات الفريق Jamal Alpha Es 🔥","Live Everyday ✨ Kick : https://kick.com/jamalalpha Discord : https://discord.gg/jamalalpha1 القناة الرسمية : https://goo.gl/GDsjdj أهلا بكم و شكرا على ثقتكم لمتابعة يومياتي على انستغرام : http://bit.ly/2ncwNUr Page Facebook : https://goo.gl/hB3uVY Email only for Business : Jamalalphaazmi@gmail.com - اللهم صل وسلم وبارك على نبينا وحبيبنا محمد. - أستغفر الله العظيم و أتوب اليه","Jamal alpha,جمال ألفا,Jamal alpha gamer,ألعاب,games",20,Gaming,Sports_game,PT24M14S,1454,2d,hd,false,ar,ar,https://i.ytimg.com/vi/3SvutA_zZHs/maxresdefault.jpg,1,,,,,16589,915,,0,25
156,UCzmp6kKMrSbK-hHc59wLylw,"Jamal Alpha - 2",UdUrTynBat8,2024-09-18T21:00:58Z,"2024-09-18 21:00:58","مكاين ثقة فحتى واحد 😈 LockDown Protocol","Live Everyday ✨ Kick : https://kick.com/jamalalpha Discord : https://discord.gg/jamalalpha1 القناة الرسمية : https://goo.gl/GDsjdj أهلا بكم و شكرا على ثقتكم لمتابعة يومياتي على انستغرام : http://bit.ly/2ncwNUr Page Facebook : https://goo.gl/hB3uVY Email only for Business : Jamalalphaazmi@gmail.com - اللهم صل وسلم وبارك على نبينا وحبيبنا محمد. - أستغفر الله العظيم و أتوب اليه","Jamal alpha,جمال ألفا,Jamal alpha gamer,ألعاب,games",20,Gaming,"Action-adventure_game,Action_game,Casual_game,Role-playing_video_game,Strategy_video_game,Video_game_culture",PT15M57S,957,2d,hd,false,ar,ar,https://i.ytimg.com/vi/UdUrTynBat8/maxresdefault.jpg,1,,,,,19998,1242,,0,34
157,UCzmp6kKMrSbK-hHc59wLylw,"Jamal Alpha - 2",V_GpdY-i5B0,2024-09-13T22:48:36Z,"2024-09-13 22:48:36","Jamal Alpha Reaction KAWALISS الحلقة الأخيرة","Live Everyday ✨ Kick : https://kick.com/jamalalpha Discord : https://discord.gg/jamalalpha1 القناة الرسمية : https://goo.gl/GDsjdj أهلا بكم و شكرا على ثقتكم لمتابعة يومياتي على انستغرام : http://bit.ly/2ncwNUr Page Facebook : https://goo.gl/hB3uVY Email only for Business : Jamalalphaazmi@gmail.com - اللهم صل وسلم وبارك على نبينا وحبيبنا محمد. - أستغفر الله العظيم و أتوب اليه","Jamal alpha,جمال ألفا,Jamal alpha gamer,ألعاب,games",20,Gaming,Entertainment,PT1H1M35S,95,2d,hd,false,ar,ar,https://i.ytimg.com/vi/V_GpdY-i5B0/maxresdefault.jpg,1,,,,,38801,1557,,0,66
158,UCzmp6kKMrSbK-hHc59wLylw,"Jamal Alpha - 2",rPDc9Blz0Rw,2024-09-04T16:01:01Z,"2024-09-04 16:01:01","Jamal Alpha & Vodka Vs ilyas el malki & Danas | مكاينش الضحك 😈","Live Everyday ✨ Kick : https://kick.com/jamalalpha Discord : https://discord.gg/jamalalpha1 القناة الرسمية : https://goo.gl/GDsjdj أهلا بكم و شكرا على ثقتكم لمتابعة يومياتي على انستغرام : http://bit.ly/2ncwNUr Page Facebook : https://goo.gl/hB3uVY Email only for Business : Jamalalphaazmi@gmail.com - اللهم صل وسلم وبارك على نبينا وحبيبنا محمد. - أستغفر الله العظيم و أتوب اليه","Jamal alpha,جمال ألفا,Jamal alpha gamer,ألعاب,games",20,Gaming,Sports_game,PT30M38S,1838,2d,hd,false,ar,ar,https://i.ytimg.com/vi/rPDc9Blz0Rw/maxresdefault.jpg,1,,,,,62592,2943,,0,54
159,UCzmp6kKMrSbK-hHc59wLylw,"Jamal Alpha - 2",wBf7-hhXfJE,2024-09-03T13:42:12Z,"2024-09-03 13:42:12","Jamal Alpha Reaction Bnsns - القبيلة بن نسنسية","Live Everyday ✨ Kick : https://kick.com/jamalalpha Discord : https://discord.gg/jamalalpha1 القناة الرسمية : https://goo.gl/GDsjdj أهلا بكم و شكرا على ثقتكم لمتابعة يومياتي على انستغرام : http://bit.ly/2ncwNUr Page Facebook : https://goo.gl/hB3uVY Email only for Business : Jamalalphaazmi@gmail.com - اللهم صل وسلم وبارك على نبينا وحبيبنا محمد. - أستغفر الله العظيم و أتوب اليه","Jamal alpha,جمال ألفا,Jamal alpha gamer,ألعاب,games",20,Gaming,Entertainment,PT29M9S,1749,2d,hd,false,ar,ar,https://i.ytimg.com/vi/wBf7-hhXfJE/maxresdefault.jpg,1,,,,,95755,4400,,0,160
160,UCzmp6kKMrSbK-hHc59wLylw,"Jamal Alpha - 2",2men--mkJmU,2024-08-28T15:07:07Z,"2024-08-28 15:07:07","تحدي الثلاثين يخرج عن السيطرة و تحطيم رقم قياسي في البرنامج 🤯","Live Everyday ✨ Kick : https://kick.com/jamalalpha Discord : https://discord.gg/jamalalpha1 القناة الرسمية : https://goo.gl/GDsjdj أهلا بكم و شكرا على ثقتكم لمتابعة يومياتي على انستغرام : http://bit.ly/2ncwNUr Page Facebook : https://goo.gl/hB3uVY Email only for Business : Jamalalphaazmi@gmail.com - اللهم صل وسلم وبارك على نبينا وحبيبنا محمد. - أستغفر الله العظيم و أتوب اليه","Jamal alpha,جمال ألفا,Jamal alpha gamer,ألعاب,games",20,Gaming,,PT20M39S,1239,2d,hd,false,ar,ar,https://i.ytimg.com/vi/2men--mkJmU/maxresdefault.jpg,1,,,,,93689,4321,,0,107
161,UCzmp6kKMrSbK-hHc59wLylw,"Jamal Alpha - 2",omJnhBmCnsY,2024-08-27T15:02:34Z,"2024-08-27 15:02:34","تحدي بين البحرية الأميركية ضد السجناء السابقين (من الأقوى؟)","Live Everyday ✨ Kick : https://kick.com/jamalalpha Discord : https://discord.gg/jamalalpha1 القناة الرسمية : https://goo.gl/GDsjdj أهلا بكم و شكرا على ثقتكم لمتابعة يومياتي على انستغرام : http://bit.ly/2ncwNUr Page Facebook : https://goo.gl/hB3uVY Email only for Business : Jamalalphaazmi@gmail.com - اللهم صل وسلم وبارك على نبينا وحبيبنا محمد. - أستغفر الله العظيم و أتوب اليه","Jamal alpha,جمال ألفا,Jamal alpha gamer,ألعاب,games",20,Gaming,Entertainment,PT15M4S,904,2d,hd,false,ar,ar,https://i.ytimg.com/vi/omJnhBmCnsY/maxresdefault.jpg,1,,,,,222230,5675,,0,106
162,UCzmp6kKMrSbK-hHc59wLylw,"Jamal Alpha - 2",rtHQUxPZWDY,2024-08-25T14:07:22Z,"2024-08-25 14:07:22","كود نيمز : اعرف كلمات بكلمة واحدة فقط !! ( لعبة الذكاء 🧠 )","Live Everyday ✨ Kick : https://kick.com/jamalalpha Discord : https://discord.gg/jamalalpha1 القناة الرسمية : https://goo.gl/GDsjdj أهلا بكم و شكرا على ثقتكم لمتابعة يومياتي على انستغرام : http://bit.ly/2ncwNUr Page Facebook : https://goo.gl/hB3uVY Email only for Business : Jamalalphaazmi@gmail.com - اللهم صل وسلم وبارك على نبينا وحبيبنا محمد. - أستغفر الله العظيم و أتوب اليه","Jamal alpha,جمال ألفا,Jamal alpha gamer,ألعاب,games",20,Gaming,,PT27M58S,1678,2d,hd,false,ar,ar,https://i.ytimg.com/vi/rtHQUxPZWDY/maxresdefault.jpg,1,,,,,27426,1525,,0,52
163,UCzmp6kKMrSbK-hHc59wLylw,"Jamal Alpha - 2",h02CgiEbeTo,2024-08-23T21:23:39Z,"2024-08-23 21:23:39","البنكة دات ليا الحانوت ديالي 😭","Live Everyday ✨ Kick : https://kick.com/jamalalpha Discord : https://discord.gg/jamalalpha1 القناة الرسمية : https://goo.gl/GDsjdj أهلا بكم و شكرا على ثقتكم لمتابعة يومياتي على انستغرام : http://bit.ly/2ncwNUr Page Facebook : https://goo.gl/hB3uVY Email only for Business : Jamalalphaazmi@gmail.com - اللهم صل وسلم وبارك على نبينا وحبيبنا محمد. - أستغفر الله العظيم و أتوب اليه","Jamal alpha,جمال ألفا,Jamal alpha gamer,ألعاب,games",20,Gaming,"Action-adventure_game,Action_game,Casual_game,Role-playing_video_game,Simulation_video_game,Video_game_culture",PT32M3S,1923,2d,hd,false,ar,ar,https://i.ytimg.com/vi/h02CgiEbeTo/maxresdefault.jpg,1,,,,,31160,1719,,0,111
164,UCzmp6kKMrSbK-hHc59wLylw,"Jamal Alpha - 2",_Qe2CtdnVf0,2024-08-20T00:00:17Z,"2024-08-20 00:00:17","لقاء العمالقة ضد الأقزام بدأت في برو كلوب 🐘🐀","Live Everyday ✨ Kick : https://kick.com/jamalalpha Discord : https://discord.gg/jamalalpha1 القناة الرسمية : https://goo.gl/GDsjdj أهلا بكم و شكرا على ثقتكم لمتابعة يومياتي على انستغرام : http://bit.ly/2ncwNUr Page Facebook : https://goo.gl/hB3uVY Email only for Business : Jamalalphaazmi@gmail.com - اللهم صل وسلم وبارك على نبينا وحبيبنا محمد. - أستغفر الله العظيم و أتوب اليه","Jamal alpha,جمال ألفا,Jamal alpha gamer,ألعاب,games",20,Gaming,"Association_football,Sports_game,Video_game_culture",PT22M11S,1331,2d,hd,false,ar,ar,https://i.ytimg.com/vi/_Qe2CtdnVf0/maxresdefault.jpg,1,,,,,30015,1841,,0,58
165,UCzmp6kKMrSbK-hHc59wLylw,"Jamal Alpha - 2",mUtYgS27XQ4,2024-08-17T15:02:17Z,"2024-08-17 15:02:17","أكثر لعبة غبية لعبتها فحياتي 🐐","Live Everyday ✨ Kick : https://kick.com/jamalalpha Discord : https://discord.gg/jamalalpha1 القناة الرسمية : https://goo.gl/GDsjdj أهلا بكم و شكرا على ثقتكم لمتابعة يومياتي على انستغرام : http://bit.ly/2ncwNUr Page Facebook : https://goo.gl/hB3uVY Email only for Business : Jamalalphaazmi@gmail.com - اللهم صل وسلم وبارك على نبينا وحبيبنا محمد. - أستغفر الله العظيم و أتوب اليه","Jamal alpha,جمال ألفا,Jamal alpha gamer,ألعاب,games",20,Gaming,"Action-adventure_game,Action_game,Role-playing_video_game,Video_game_culture",PT18M49S,1129,2d,hd,false,ar,ar,https://i.ytimg.com/vi/mUtYgS27XQ4/maxresdefault.jpg,1,,,,,33515,2255,,0,87
166,UCzmp6kKMrSbK-hHc59wLylw,"Jamal Alpha - 2",FCdBcC5YvwU,2024-08-14T20:19:49Z,"2024-08-14 20:19:49","كنكره هاد اللعبة !!","Live Everyday ✨ Kick : https://kick.com/jamalalpha Discord : https://discord.gg/jamalalpha1 القناة الرسمية : https://goo.gl/GDsjdj أهلا بكم و شكرا على ثقتكم لمتابعة يومياتي على انستغرام : http://bit.ly/2ncwNUr Page Facebook : https://goo.gl/hB3uVY Email only for Business : Jamalalphaazmi@gmail.com - اللهم صل وسلم وبارك على نبينا وحبيبنا محمد. - أستغفر الله العظيم و أتوب اليه","Jamal alpha,جمال ألفا,Jamal alpha gamer,ألعاب,games",20,Gaming,"Action-adventure_game,Action_game,Role-playing_video_game,Video_game_culture",PT16M21S,981,2d,hd,false,ar,ar,https://i.ytimg.com/vi/FCdBcC5YvwU/maxresdefault.jpg,1,,,,,35531,2131,,0,84
167,UCzmp6kKMrSbK-hHc59wLylw,"Jamal Alpha - 2",xvvHW_a1ecE,2024-08-11T17:28:26Z,"2024-08-11 17:28:26","مبقيتش قادر نستحمل 💔💀 DEVOUR | الجزء 2","Live Everyday ✨ Kick : https://kick.com/jamalalpha Discord : https://discord.gg/jamalalpha1 القناة الرسمية : https://goo.gl/GDsjdj أهلا بكم و شكرا على ثقتكم لمتابعة يومياتي على انستغرام : http://bit.ly/2ncwNUr Page Facebook : https://goo.gl/hB3uVY Email only for Business : Jamalalphaazmi@gmail.com - اللهم صل وسلم وبارك على نبينا وحبيبنا محمد. - أستغفر الله العظيم و أتوب اليه","Jamal alpha,جمال ألفا,Jamal alpha gamer,ألعاب,games",20,Gaming,"Action-adventure_game,Action_game,Role-playing_video_game,Video_game_culture",PT19M43S,1183,2d,hd,false,ar,ar,https://i.ytimg.com/vi/xvvHW_a1ecE/maxresdefault.jpg,1,,,,,79303,4420,,0,156
168,UCzmp6kKMrSbK-hHc59wLylw,"Jamal Alpha - 2",vOBtoBqJAY0,2024-08-05T13:43:13Z,"2024-08-05 13:43:13","أول مرة أجرب أصعب الخرائط في روبلوكس مع المتابعين | ROBLOX","Live Everyday ✨ Kick : https://kick.com/jamalalpha Discord : https://discord.gg/jamalalpha1 القناة الرسمية : https://goo.gl/GDsjdj أهلا بكم و شكرا على ثقتكم لمتابعة يومياتي على انستغرام : http://bit.ly/2ncwNUr Page Facebook : https://goo.gl/hB3uVY Email only for Business : Jamalalphaazmi@gmail.com - اللهم صل وسلم وبارك على نبينا وحبيبنا محمد. - أستغفر الله العظيم و أتوب اليه","Jamal alpha,جمال ألفا,Jamal alpha gamer,ألعاب,games",20,Gaming,"Action-adventure_game,Action_game,Role-playing_video_game,Video_game_culture",PT31M48S,1908,2d,hd,false,ar,ar,https://i.ytimg.com/vi/vOBtoBqJAY0/maxresdefault.jpg,1,,,,,55587,2621,,0,236
169,UCzmp6kKMrSbK-hHc59wLylw,"Jamal Alpha - 2",mLiJovh61-U,2024-07-31T20:31:21Z,"2024-07-31 20:31:21","أسئلة ثقافية و داكشي فأمونغ آس ✨🤓","Live Everyday ✨ Kick : https://kick.com/jamalalpha Discord : https://discord.gg/jamalalpha1 القناة الرسمية : https://goo.gl/GDsjdj أهلا بكم و شكرا على ثقتكم لمتابعة يومياتي على انستغرام : http://bit.ly/2ncwNUr Page Facebook : https://goo.gl/hB3uVY Email only for Business : Jamalalphaazmi@gmail.com - اللهم صل وسلم وبارك على نبينا وحبيبنا محمد. - أستغفر الله العظيم و أتوب اليه",,20,Gaming,,PT17M16S,1036,2d,hd,false,ar,ar,https://i.ytimg.com/vi/mLiJovh61-U/maxresdefault.jpg,1,,,,,154681,9175,,0,141
170,UCzmp6kKMrSbK-hHc59wLylw,"Jamal Alpha - 2",EeBV2dv7jS4,2024-07-26T19:26:50Z,"2024-07-26 19:26:50","ثقافة العامة و داكشي فأمونغ أس",,,20,Gaming,Video_game_culture,PT1M1S,61,2d,hd,false,ar,ar,https://i.ytimg.com/vi/EeBV2dv7jS4/maxresdefault.jpg,1,,,,,278503,15503,,0,53
171,UCzmp6kKMrSbK-hHc59wLylw,"Jamal Alpha - 2",9r214vlVwrQ,2024-07-26T17:56:38Z,"2024-07-26 17:56:38","لأول مرة فبرو كلوب المواجهة المباشرة - 1Vs1 الجزء الأول ⚽️","Live Everyday ✨ Kick : https://kick.com/jamalalpha Discord : https://discord.gg/jamalalpha1 القناة الرسمية : https://goo.gl/GDsjdj أهلا بكم و شكرا على ثقتكم لمتابعة يومياتي على انستغرام : http://bit.ly/2ncwNUr Page Facebook : https://goo.gl/hB3uVY Email only for Business : Jamalalphaazmi@gmail.com - اللهم صل وسلم وبارك على نبينا وحبيبنا محمد. - أستغفر الله العظيم و أتوب اليه","Jamal alpha,جمال ألفا,Jamal alpha gamer,ألعاب,games",20,Gaming,"Sports_game,Video_game_culture",PT24M22S,1462,2d,hd,false,ar,ar,https://i.ytimg.com/vi/9r214vlVwrQ/maxresdefault.jpg,1,,,,,39036,2175,,0,45
172,UCzmp6kKMrSbK-hHc59wLylw,"Jamal Alpha - 2",NNs2RkDYdXs,2024-07-24T11:53:16Z,"2024-07-24 11:53:16","فاش كيقوليك شي واحد راك كتشبه ليه !!","Live Everyday ✨ Kick : https://kick.com/jamalalpha Discord : https://discord.gg/jamalalpha1 القناة الرسمية : https://goo.gl/GDsjdj أهلا بكم و شكرا على ثقتكم لمتابعة يومياتي على انستغرام : http://bit.ly/2ncwNUr Page Facebook : https://goo.gl/hB3uVY Email only for Business : Jamalalphaazmi@gmail.com - اللهم صل وسلم وبارك على نبينا وحبيبنا محمد. - أستغفر الله العظيم و أتوب اليه","Jamal alpha,جمال ألفا,Jamal alpha gamer,ألعاب,games",20,Gaming,,PT21M9S,1269,2d,hd,false,ar,ar,https://i.ytimg.com/vi/NNs2RkDYdXs/maxresdefault.jpg,1,,,,,70352,2980,,0,62
173,UCzmp6kKMrSbK-hHc59wLylw,"Jamal Alpha - 2",sksMRsQQ8VE,2024-07-22T20:33:20Z,"2024-07-22 20:33:20","قلبي كان غيسكت 💔💀 DEVOUR | الجزء 1","Live Everyday ✨ Kick : https://kick.com/jamalalpha Discord : https://discord.gg/jamalalpha1 القناة الرسمية : https://goo.gl/GDsjdj أهلا بكم و شكرا على ثقتكم لمتابعة يومياتي على انستغرام : http://bit.ly/2ncwNUr Page Facebook : https://goo.gl/hB3uVY Email only for Business : Jamalalphaazmi@gmail.com - اللهم صل وسلم وبارك على نبينا وحبيبنا محمد. - أستغفر الله العظيم و أتوب اليه","Jamal alpha,جمال ألفا,Jamal alpha gamer,ألعاب,games",20,Gaming,"Action-adventure_game,Action_game,Role-playing_video_game,Video_game_culture",PT25M44S,1544,2d,hd,false,ar,ar,https://i.ytimg.com/vi/sksMRsQQ8VE/maxresdefault.jpg,1,,,,,190148,8388,,0,264
174,UCzmp6kKMrSbK-hHc59wLylw,"Jamal Alpha - 2",Ys0nNR2ebZE,2024-07-16T12:50:48Z,"2024-07-16 12:50:48","محاكي السوبر ماركت #2 : كبرت المحل و جبت موظف جديد يعاوني !!","Live Everyday ✨ Kick : https://kick.com/jamalalpha Discord : https://discord.gg/jamalalpha1 القناة الرسمية : https://goo.gl/GDsjdj أهلا بكم و شكرا على ثقتكم لمتابعة يومياتي على انستغرام : http://bit.ly/2ncwNUr Page Facebook : https://goo.gl/hB3uVY Email only for Business : Jamalalphaazmi@gmail.com - اللهم صل وسلم وبارك على نبينا وحبيبنا محمد. - أستغفر الله العظيم و أتوب اليه","Jamal alpha,جمال ألفا,Jamal alpha gamer,ألعاب,games",20,Gaming,"Role-playing_video_game,Simulation_video_game,Video_game_culture",PT31M16S,1876,2d,hd,false,ar,ar,https://i.ytimg.com/vi/Ys0nNR2ebZE/maxresdefault.jpg,1,,,,,51408,2125,,0,61
175,UCzmp6kKMrSbK-hHc59wLylw,"Jamal Alpha - 2",_gazWkL_BqI,2024-07-13T17:50:47Z,"2024-07-13 17:50:47","يوميات الشرطي الحنكليس في الحياة الواقعية | الجزء الثاني","Live Everyday ✨ Kick : https://kick.com/jamalalpha Discord : https://discord.gg/jamalalpha1 القناة الرسمية : https://goo.gl/GDsjdj أهلا بكم و شكرا على ثقتكم لمتابعة يومياتي على انستغرام : http://bit.ly/2ncwNUr Page Facebook : https://goo.gl/hB3uVY Email only for Business : Jamalalphaazmi@gmail.com - اللهم صل وسلم وبارك على نبينا وحبيبنا محمد. - أستغفر الله العظيم و أتوب اليه","Jamal alpha,جمال ألفا,Jamal alpha gamer,ألعاب,games",20,Gaming,"Action-adventure_game,Action_game,Role-playing_video_game,Video_game_culture",PT11M50S,710,2d,hd,false,ar,ar,https://i.ytimg.com/vi/_gazWkL_BqI/maxresdefault.jpg,1,,,,,43731,2491,,0,66
176,UCzmp6kKMrSbK-hHc59wLylw,"Jamal Alpha - 2",hNQdHAdYqgE,2024-07-09T17:06:05Z,"2024-07-09 17:06:05","تجربة سلاح أسطوري في فورتنايت ☄️💥","قناة الخاصة بألعاب القناة الرسمية : https://goo.gl/GDsjdj أهلا بكم و شكرا على ثقتكم لمتابعة يومياتي على انستغرام : http://bit.ly/2ncwNUr Page Facebook : https://goo.gl/hB3uVY Email only for Business : Jamalalphaazmi@gmail.com - اللهم صل وسلم وبارك على نبينا وحبيبنا محمد. - أستغفر الله العظيم و أتوب اليه","Jamal alpha,جمال ألفا,Jamal alpha gamer,ألعاب,games",20,Gaming,"Action-adventure_game,Action_game,Role-playing_video_game,Video_game_culture",PT15M17S,917,2d,hd,false,ar,ar,https://i.ytimg.com/vi/hNQdHAdYqgE/maxresdefault.jpg,1,,,,,25815,1428,,0,95
177,UCzmp6kKMrSbK-hHc59wLylw,"Jamal Alpha - 2",BCKpVDL43lo,2024-07-07T13:05:35Z,"2024-07-07 13:05:35","قمت بافتتاح محل تجاري خاص بي | Super market simulator","الا بغيتي تحضر معايا لايف دير اشتراك فهاد الرابط https://kick.com/jamalalpha قناة الخاصة بألعاب القناة الرسمية : https://goo.gl/GDsjdj أهلا بكم و شكرا على ثقتكم لمتابعة يومياتي على انستغرام : http://bit.ly/2ncwNUr Page Facebook : https://goo.gl/hB3uVY Email only for Business : Jamalalphaazmi@gmail.com - اللهم صل وسلم وبارك على نبينا وحبيبنا محمد. - أستغفر الله العظيم و أتوب اليه","Jamal alpha,جمال ألفا,Jamal alpha gamer,ألعاب,games",20,Gaming,"Casual_game,Simulation_video_game,Strategy_video_game,Video_game_culture",PT22M12S,1332,2d,hd,false,ar,ar,https://i.ytimg.com/vi/BCKpVDL43lo/maxresdefault.jpg,1,,,,,46665,1711,,0,62
178,UCzmp6kKMrSbK-hHc59wLylw,"Jamal Alpha - 2",xcGgQwG8MgQ,2024-07-06T21:24:16Z,"2024-07-06 21:24:16","يوميات الشرطي الحنكليس في الحياة الواقعية","قناة الخاصة بألعاب القناة الرسمية : https://goo.gl/GDsjdj أهلا بكم و شكرا على ثقتكم لمتابعة يومياتي على انستغرام : http://bit.ly/2ncwNUr Page Facebook : https://goo.gl/hB3uVY Email only for Business : Jamalalphaazmi@gmail.com - اللهم صل وسلم وبارك على نبينا وحبيبنا محمد. - أستغفر الله العظيم و أتوب اليه","Jamal alpha,جمال ألفا,Jamal alpha gamer,ألعاب,games",20,Gaming,"Action-adventure_game,Action_game",PT13M7S,787,2d,hd,false,ar,ar,https://i.ytimg.com/vi/xcGgQwG8MgQ/maxresdefault.jpg,1,,,,,67252,3544,,0,91
179,UCzmp6kKMrSbK-hHc59wLylw,"Jamal Alpha - 2",4cMyOslhAZI,2024-07-03T18:30:39Z,"2024-07-03 18:30:39","مربوطين بسلاسل مع أكبر ليطوكسيك في العالم 🤯 CHAINED TOGETHER","قناة الخاصة بألعاب القناة الرسمية : https://goo.gl/GDsjdj أهلا بكم و شكرا على ثقتكم لمتابعة يومياتي على انستغرام : http://bit.ly/2ncwNUr Page Facebook : https://goo.gl/hB3uVY Email only for Business : Jamalalphaazmi@gmail.com - اللهم صل وسلم وبارك على نبينا وحبيبنا محمد. - أستغفر الله العظيم و أتوب اليه","Jamal alpha,جمال ألفا,Jamal alpha gamer,ألعاب,games,CHAINED TOGETHER",20,Gaming,"Action-adventure_game,Action_game,Casual_game,Role-playing_video_game,Video_game_culture",PT21M40S,1300,2d,hd,false,ar,ar,https://i.ytimg.com/vi/4cMyOslhAZI/maxresdefault.jpg,1,,,,,61290,2674,,0,49
180,UCzmp6kKMrSbK-hHc59wLylw,"Jamal Alpha - 2",rmJGFyKt4EY,2024-03-19T16:51:56Z,"2024-03-19 16:51:56","تحدي تسجيل أكبر عدد من الهاتريك ⚽️🔥","قناة الخاصة بألعاب القناة الرسمية : https://goo.gl/GDsjdj أهلا بكم و شكرا على ثقتكم لمتابعة يومياتي على انستغرام : http://bit.ly/2ncwNUr Page Facebook : https://goo.gl/hB3uVY Email only for Business : Jamalalphaazmi@gmail.com - اللهم صل وسلم وبارك على نبينا وحبيبنا محمد. - أستغفر الله العظيم و أتوب اليه","Jamal alpha,جمال ألفا,Jamal alpha gamer,ألعاب,games",20,Gaming,"Sports_game,Video_game_culture",PT8M38S,518,2d,hd,false,ar,ar,https://i.ytimg.com/vi/rmJGFyKt4EY/maxresdefault.jpg,1,,,,,18888,1383,,0,77
181,UCzmp6kKMrSbK-hHc59wLylw,"Jamal Alpha - 2",L3jizva9NtY,2024-03-14T21:00:10Z,"2024-03-14 21:00:10","أحسن هداف في التاريخ ⚡️ سالينااااا 🔥","قناة الخاصة بألعاب القناة الرسمية : https://goo.gl/GDsjdj أهلا بكم و شكرا على ثقتكم لمتابعة يومياتي على انستغرام : http://bit.ly/2ncwNUr Page Facebook : https://goo.gl/hB3uVY Email only for Business : Jamalalphaazmi@gmail.com - اللهم صل وسلم وبارك على نبينا وحبيبنا محمد. - أستغفر الله العظيم و أتوب اليه","Jamal alpha,جمال ألفا,Jamal alpha gamer,ألعاب,games",20,Gaming,"Sports_game,Video_game_culture",PT13M54S,834,2d,hd,false,ar,ar,https://i.ytimg.com/vi/L3jizva9NtY/maxresdefault.jpg,1,,,,,17017,1029,,0,21
182,UCzmp6kKMrSbK-hHc59wLylw,"Jamal Alpha - 2",Lxsqp7CVM4s,2024-03-07T19:17:52Z,"2024-03-07 19:17:52","تحدي تسجيل أكبر عدد من الأهداف في أقل عدد من المباريات 🔥⚽️ سجلت أهداف خرافية 🥶","قناة الخاصة بألعاب القناة الرسمية : https://goo.gl/GDsjdj أهلا بكم و شكرا على ثقتكم لمتابعة يومياتي على انستغرام : http://bit.ly/2ncwNUr Page Facebook : https://goo.gl/hB3uVY Email only for Business : Jamalalphaazmi@gmail.com - اللهم صل وسلم وبارك على نبينا وحبيبنا محمد. - أستغفر الله العظيم و أتوب اليه","Jamal alpha,جمال ألفا,Jamal alpha gamer,ألعاب,games",20,Gaming,"Sports_game,Video_game_culture",PT22M16S,1336,2d,hd,false,ar,ar,https://i.ytimg.com/vi/Lxsqp7CVM4s/maxresdefault.jpg,1,,,,,27644,1722,,0,44
183,UCzmp6kKMrSbK-hHc59wLylw,"Jamal Alpha - 2",ktJr341U54w,2024-03-03T13:13:36Z,"2024-03-03 13:13:36","يوميات برو كلوب : محاولة لتسجيل 10 أهداف مقصية 🔥 ⚽️ EA FC 24","قناة الخاصة بألعاب القناة الرسمية : https://goo.gl/GDsjdj أهلا بكم و شكرا على ثقتكم لمتابعة يومياتي على انستغرام : http://bit.ly/2ncwNUr Page Facebook : https://goo.gl/hB3uVY Email only for Business : Jamalalphaazmi@gmail.com - اللهم صل وسلم وبارك على نبينا وحبيبنا محمد. - أستغفر الله العظيم و أتوب اليه","Jamal alpha,جمال ألفا,Jamal alpha gamer,ألعاب,games",20,Gaming,"Sports_game,Video_game_culture",PT18M32S,1112,2d,hd,false,ar,ar,https://i.ytimg.com/vi/ktJr341U54w/maxresdefault.jpg,1,,,,,21131,1582,,0,18
184,UCzmp6kKMrSbK-hHc59wLylw,"Jamal Alpha - 2",7XZae4BH9qw,2024-02-28T18:23:59Z,"2024-02-28 18:23:59","أصعب تحدي تسجيل الأهداف على طريقة TRIVELA SHOT 🔥🔥 | مع VodkaFunky","قناة الخاصة بألعاب القناة الرسمية : https://goo.gl/GDsjdj أهلا بكم و شكرا على ثقتكم لمتابعة يومياتي على انستغرام : http://bit.ly/2ncwNUr Page Facebook : https://goo.gl/hB3uVY Email only for Business : Jamalalphaazmi@gmail.com - اللهم صل وسلم وبارك على نبينا وحبيبنا محمد. - أستغفر الله العظيم و أتوب اليه","Jamal alpha,جمال ألفا,Jamal alpha gamer,ألعاب,games",20,Gaming,Sports_game,PT19M11S,1151,2d,hd,false,ar,ar,,1,,,,,38769,2198,,0,36
185,UCzmp6kKMrSbK-hHc59wLylw,"Jamal Alpha - 2",c_G0mhc-f-M,2024-02-17T13:30:51Z,"2024-02-17 13:30:51","تحدي تسجيل 10 أهداف بالرأس ⚽️ EA FC 24 - برو كلوب","قناة الخاصة بألعاب القناة الرسمية : https://goo.gl/GDsjdj أهلا بكم و شكرا على ثقتكم لمتابعة يومياتي على انستغرام : http://bit.ly/2ncwNUr Page Facebook : https://goo.gl/hB3uVY Email only for Business : Jamalalphaazmi@gmail.com - اللهم صل وسلم وبارك على نبينا وحبيبنا محمد. - أستغفر الله العظيم و أتوب اليه","Jamal alpha,جمال ألفا,Jamal alpha gamer,ألعاب,games",20,Gaming,"Sports_game,Video_game_culture",PT17M51S,1071,2d,hd,false,ar,ar,https://i.ytimg.com/vi/c_G0mhc-f-M/maxresdefault.jpg,1,,,,,21563,1542,,0,37
186,UCzmp6kKMrSbK-hHc59wLylw,"Jamal Alpha - 2",AbdDQsSE0Hw,2024-02-14T12:43:03Z,"2024-02-14 12:43:03","تحدي تسجيل 10 أهداف على طريقة POWER SHOT ⚽️ EA FC 24","قناة الخاصة بألعاب القناة الرسمية : https://goo.gl/GDsjdj أهلا بكم و شكرا على ثقتكم لمتابعة يومياتي على انستغرام : http://bit.ly/2ncwNUr Page Facebook : https://goo.gl/hB3uVY Email only for Business : Jamalalphaazmi@gmail.com - اللهم صل وسلم وبارك على نبينا وحبيبنا محمد. - أستغفر الله العظيم و أتوب اليه","Jamal alpha,جمال ألفا,Jamal alpha gamer,ألعاب,games",20,Gaming,"Sports_game,Video_game_culture",PT15M17S,917,2d,hd,false,ar,ar,https://i.ytimg.com/vi/AbdDQsSE0Hw/maxresdefault.jpg,1,,,,,25435,1750,,0,41
187,UCzmp6kKMrSbK-hHc59wLylw,"Jamal Alpha - 2",mi6R-14_3zA,2024-02-12T11:46:46Z,"2024-02-12 11:46:46","تحدي تسجيل 10 أهداف في أقل عدد من المباريات ⚽️ EA FC 24","قناة الخاصة بألعاب القناة الرسمية : https://goo.gl/GDsjdj أهلا بكم و شكرا على ثقتكم لمتابعة يومياتي على انستغرام : http://bit.ly/2ncwNUr Page Facebook : https://goo.gl/hB3uVY Email only for Business : Jamalalphaazmi@gmail.com - اللهم صل وسلم وبارك على نبينا وحبيبنا محمد. - أستغفر الله العظيم و أتوب اليه","Jamal alpha,جمال ألفا,Jamal alpha gamer,ألعاب,games",20,Gaming,"Sports_game,Video_game_culture",PT16M19S,979,2d,hd,false,ar,ar,https://i.ytimg.com/vi/mi6R-14_3zA/maxresdefault.jpg,1,,,,,34632,2339,,0,48
188,UCzmp6kKMrSbK-hHc59wLylw,"Jamal Alpha - 2",zhz5ILMkDlA,2023-12-12T20:27:36Z,"2023-12-12 20:27:36","عجباتني هاد اللعبة Watch Dogs 💀","قناة الخاصة بألعاب القناة الرسمية : https://goo.gl/GDsjdj أهلا بكم و شكرا على ثقتكم لمتابعة يومياتي على انستغرام : http://bit.ly/2ncwNUr Page Facebook : https://goo.gl/hB3uVY Email only for Business : Jamalalphaazmi@gmail.com - اللهم صل وسلم وبارك على نبينا وحبيبنا محمد. - أستغفر الله العظيم و أتوب اليه","Jamal alpha,جمال ألفا,Jamal alpha gamer,ألعاب,games",20,Gaming,"Action-adventure_game,Action_game,Role-playing_video_game,Video_game_culture",PT27M38S,1658,2d,hd,false,ar,ar,https://i.ytimg.com/vi/zhz5ILMkDlA/maxresdefault.jpg,1,,,,,14748,1405,,0,160
189,UCzmp6kKMrSbK-hHc59wLylw,"Jamal Alpha - 2",CwlhqY3rnQA,2023-12-05T15:25:14Z,"2023-12-05 15:25:14","Grand Theft Auto VI | اول اعلان رسمي للعبة 😍 تحليلات وتفاصيل خيالية","قناة الخاصة بألعاب القناة الرسمية : https://goo.gl/GDsjdj أهلا بكم و شكرا على ثقتكم لمتابعة يومياتي على انستغرام : http://bit.ly/2ncwNUr Page Facebook : https://goo.gl/hB3uVY Email only for Business : Jamalalphaazmi@gmail.com - اللهم صل وسلم وبارك على نبينا وحبيبنا محمد. - أستغفر الله العظيم و أتوب اليه","Jamal alpha,جمال ألفا,Jamal alpha gamer,ألعاب,games",20,Gaming,"Action-adventure_game,Action_game,Video_game_culture",PT16M58S,1018,2d,hd,false,ar,ar,https://i.ytimg.com/vi/CwlhqY3rnQA/maxresdefault.jpg,1,,,,,47916,3612,,0,180
190,UCzmp6kKMrSbK-hHc59wLylw,"Jamal Alpha - 2",--Okenm2QrI,2023-11-18T17:38:13Z,"2023-11-18 17:38:13","بداية نارية و نهاية غير متوقعة | UNO","قناة الخاصة بألعاب القناة الرسمية : https://goo.gl/GDsjdj أهلا بكم و شكرا على ثقتكم لمتابعة يومياتي على انستغرام : http://bit.ly/2ncwNUr Page Facebook : https://goo.gl/hB3uVY Email only for Business : Jamalalphaazmi@gmail.com - اللهم صل وسلم وبارك على نبينا وحبيبنا محمد. - أستغفر الله العظيم و أتوب اليه","Jamal alpha,جمال ألفا,Jamal alpha gamer,ألعاب,games",20,Gaming,Video_game_culture,PT1H31M13S,1873,2d,hd,false,ar,ar,https://i.ytimg.com/vi/--Okenm2QrI/maxresdefault.jpg,1,,,,,36155,1899,,0,72
191,UCzmp6kKMrSbK-hHc59wLylw,"Jamal Alpha - 2",JgwvIE4V0bg,2023-11-06T11:27:50Z,"2023-11-06 11:27:50","مهنة لاعب #1 : نهاية مسيرة الأسطورة قبل بدايتها 😭 ضربوني بالعين 👹 | FC 24","قناة الخاصة بألعاب القناة الرسمية : https://goo.gl/GDsjdj أهلا بكم و شكرا على ثقتكم لمتابعة يومياتي على انستغرام : http://bit.ly/2ncwNUr Page Facebook : https://goo.gl/hB3uVY Email only for Business : Jamalalphaazmi@gmail.com - اللهم صل وسلم وبارك على نبينا وحبيبنا محمد. - أستغفر الله العظيم و أتوب اليه","Jamal alpha,جمال ألفا,Jamal alpha gamer,ألعاب,games",20,Gaming,"Sports_game,Video_game_culture",PT12M33S,753,2d,hd,false,ar,ar,https://i.ytimg.com/vi/JgwvIE4V0bg/maxresdefault.jpg,1,,,,,113265,7442,,0,135
192,UCzmp6kKMrSbK-hHc59wLylw,"Jamal Alpha - 2",WmT8Kes-B28,2023-10-23T17:00:01Z,"2023-10-23 17:00:01","أخيرا أصبحت أمتلك لاعب أسطوري 😍 | FC24","قناة الخاصة بألعاب القناة الرسمية : https://goo.gl/GDsjdj أهلا بكم و شكرا على ثقتكم لمتابعة يومياتي على انستغرام : http://bit.ly/2ncwNUr Page Facebook : https://goo.gl/hB3uVY Email only for Business : Jamalalphaazmi@gmail.com - اللهم صل وسلم وبارك على نبينا وحبيبنا محمد. - أستغفر الله العظيم و أتوب اليه","Jamal alpha,جمال ألفا,Jamal alpha gamer,ألعاب,games,Danas Tv,Danas,Gamer,@fifa,@fifamaroc,@maroc,@real,@madrid,@danastv,@ilyas el malki,@fc24,@gtarp,@gtarpmaroc,@danos,@danas maroc,@fc24maroc,@fc24 ps4,@fc24mobile",20,Gaming,"Sports_game,Video_game_culture",PT16M53S,1013,2d,hd,false,ar,ar,https://i.ytimg.com/vi/WmT8Kes-B28/maxresdefault.jpg,1,,,,,50312,4180,,0,105
193,UCzmp6kKMrSbK-hHc59wLylw,"Jamal Alpha - 2",zZTEnL0QskE,2023-10-14T13:29:56Z,"2023-10-14 13:29:56","منين خرجو ليا هادو ؟ | FC24 😱","قناة الخاصة بألعاب القناة الرسمية : https://goo.gl/GDsjdj أهلا بكم و شكرا على ثقتكم لمتابعة يومياتي على انستغرام : http://bit.ly/2ncwNUr Page Facebook : https://goo.gl/hB3uVY Email only for Business : Jamalalphaazmi@gmail.com - اللهم صل وسلم وبارك على نبينا وحبيبنا محمد. - أستغفر الله العظيم و أتوب اليه","Jamal alpha,جمال ألفا,Jamal alpha gamer,ألعاب,games",20,Gaming,Sports_game,PT15M40S,940,2d,hd,false,ar,ar,https://i.ytimg.com/vi/zZTEnL0QskE/maxresdefault.jpg,1,,,,,34311,2962,,0,81
194,UCzmp6kKMrSbK-hHc59wLylw,"Jamal Alpha - 2",u6TruymeryM,2023-10-06T01:59:48Z,"2023-10-06 01:59:48","خاصني نطلع النيفو للاعب ديالي ف FC 24","قناة الخاصة بألعاب القناة الرسمية : https://goo.gl/GDsjdj أهلا بكم و شكرا على ثقتكم لمتابعة يومياتي على انستغرام : http://bit.ly/2ncwNUr Page Facebook : https://goo.gl/hB3uVY Email only for Business : Jamalalphaazmi@gmail.com - اللهم صل وسلم وبارك على نبينا وحبيبنا محمد. - أستغفر الله العظيم و أتوب اليه","Jamal alpha,جمال ألفا,Jamal alpha gamer,ألعاب,games",20,Gaming,Sports_game,PT4H2M37S,157,2d,hd,false,ar,ar,https://i.ytimg.com/vi/u6TruymeryM/maxresdefault.jpg,1,,,,,9616,803,,0,19
195,UCzmp6kKMrSbK-hHc59wLylw,"Jamal Alpha - 2",IjJOATDlVFk,2023-10-02T18:14:43Z,"2023-10-02 18:14:43","بداية من الصفر مع فريق الفقراء 😭 FC 24 🔥 مع عودة الملك 🤴🏼","قناة الخاصة بألعاب القناة الرسمية : https://goo.gl/GDsjdj أهلا بكم و شكرا على ثقتكم لمتابعة يومياتي على انستغرام : http://bit.ly/2ncwNUr Page Facebook : https://goo.gl/hB3uVY Email only for Business : Jamalalphaazmi@gmail.com - اللهم صل وسلم وبارك على نبينا وحبيبنا محمد. - أستغفر الله العظيم و أتوب اليه #eafc24 #fifa24","Jamal alpha,جمال ألفا,Jamal alpha gamer,ألعاب,games,FC 24",20,Gaming,"Sports_game,Video_game_culture",PT25M55S,1555,2d,hd,false,ar,ar,https://i.ytimg.com/vi/IjJOATDlVFk/maxresdefault.jpg,1,,,,,38052,3673,,0,94
196,UCzmp6kKMrSbK-hHc59wLylw,"Jamal Alpha - 2",oPTgP3VkoOk,2023-01-22T01:15:39Z,"2023-01-22 01:15:39","JAMAL ALPHA LIVE 21/1/2023 🔴","https://alfan.link/jamalalpha Discord : https://discord.gg/JZxrCPEq https://www.twitch.tv/jamalalpha_baby",,20,Gaming,"Action-adventure_game,Action_game,Role-playing_video_game,Video_game_culture",PT2H45M54S,2754,2d,hd,false,fr,en-US,https://i.ytimg.com/vi/oPTgP3VkoOk/maxresdefault.jpg,1,,,,,17327,1109,,0,6
197,UCzmp6kKMrSbK-hHc59wLylw,"Jamal Alpha - 2",JdNDWMDyzgM,2022-11-12T16:31:07Z,"2022-11-12 16:31:07","مهنة لاعب #3 : بداية الدوري الاسباني و طلبات المدرب تشافي الغريبة 😒 | FIFA 23","قناة الخاصة بألعاب القناة الرسمية : https://goo.gl/GDsjdj أهلا بكم و شكرا على ثقتكم لمتابعة يومياتي على انستغرام : http://bit.ly/2ncwNUr Page Facebook : https://goo.gl/hB3uVY Email only for Business : Jamalalphaazmi@gmail.com - اللهم صل وسلم وبارك على نبينا وحبيبنا محمد. - أستغفر الله العظيم و أتوب اليه","Jamal alpha,جمال ألفا,Jamal alpha gamer,ألعاب,games",20,Gaming,"Role-playing_video_game,Sports_game,Video_game_culture",PT8M22S,502,2d,hd,false,ar,ar,https://i.ytimg.com/vi/JdNDWMDyzgM/maxresdefault.jpg,1,,,,,61836,3591,,0,211
198,UCzmp6kKMrSbK-hHc59wLylw,"Jamal Alpha - 2",EUdjFL5yyAU,2022-11-10T18:00:12Z,"2022-11-10 18:00:12","مهنة لاعب #2 : صدمة جوارديولا من أداء جمال ألفا في مباراة السيتي 🤯","قناة الخاصة بألعاب القناة الرسمية : https://goo.gl/GDsjdj أهلا بكم و شكرا على ثقتكم لمتابعة يومياتي على انستغرام : http://bit.ly/2ncwNUr Page Facebook : https://goo.gl/hB3uVY Email only for Business : Jamalalphaazmi@gmail.com - اللهم صل وسلم وبارك على نبينا وحبيبنا محمد. - أستغفر الله العظيم و أتوب اليه","Jamal alpha,جمال ألفا,Jamal alpha gamer,ألعاب,games",20,Gaming,"Action_game,Role-playing_video_game,Sports_game,Video_game_culture",PT8M22S,502,2d,hd,false,ar,ar,https://i.ytimg.com/vi/EUdjFL5yyAU/maxresdefault.jpg,1,,,,,66243,3671,,0,73
199,UCzmp6kKMrSbK-hHc59wLylw,"Jamal Alpha - 2",Byi4m1uRaZU,2022-11-08T16:44:15Z,"2022-11-08 16:44:15","مهنة لاعب #1 : بداية أسطورية مع فريق برشلونة الاسباني 😍 Fifa 23","قناة الخاصة بألعاب القناة الرسمية : https://goo.gl/GDsjdj أهلا بكم و شكرا على ثقتكم لمتابعة يومياتي على انستغرام : http://bit.ly/2ncwNUr Page Facebook : https://goo.gl/hB3uVY Email only for Business : Jamalalphaazmi@gmail.com - اللهم صل وسلم وبارك على نبينا وحبيبنا محمد. - أستغفر الله العظيم و أتوب اليه","Jamal alpha,جمال ألفا,Jamal alpha gamer,ألعاب,games",20,Gaming,"Role-playing_video_game,Sports_game,Video_game_culture",PT8M28S,508,2d,hd,false,ar,ar,https://i.ytimg.com/vi/Byi4m1uRaZU/maxresdefault.jpg,1,,,,,77388,5173,,0,97
200,UCzmp6kKMrSbK-hHc59wLylw,"Jamal Alpha - 2",b5ObVFjhX_Y,2022-11-04T17:39:09Z,"2022-11-04 17:39:09","جمال ألفا يجرب لأول مرة لعبة Genshin impact 😍","قناة الخاصة بألعاب القناة الرسمية : https://goo.gl/GDsjdj أهلا بكم و شكرا على ثقتكم لمتابعة يومياتي على انستغرام : http://bit.ly/2ncwNUr Page Facebook : https://goo.gl/hB3uVY Email only for Business : Jamalalphaazmi@gmail.com - اللهم صل وسلم وبارك على نبينا وحبيبنا محمد. - أستغفر الله العظيم و أتوب اليه","Jamal alpha,جمال ألفا,Jamal alpha gamer,ألعاب,games",20,Gaming,"Action-adventure_game,Action_game,Role-playing_video_game,Strategy_video_game,Video_game_culture",PT1H2M4S,124,2d,hd,true,ar,ar,https://i.ytimg.com/vi/b5ObVFjhX_Y/maxresdefault.jpg,1,,,,,23332,1210,,0,201
201,UCzmp6kKMrSbK-hHc59wLylw,"Jamal Alpha - 2",Vx7Hzd70rmU,2022-10-26T11:07:06Z,"2022-10-26 11:07:06","مهما حدث لا تدخل أبدا للغابة 😱 | Darkwood","قناة الخاصة بألعاب القناة الرسمية : https://goo.gl/GDsjdj أهلا بكم و شكرا على ثقتكم #darkwood لمتابعة يومياتي على انستغرام : http://bit.ly/2ncwNUr Page Facebook : https://goo.gl/hB3uVY Email only for Business : Jamalalphaazmi@gmail.com - اللهم صل وسلم وبارك على نبينا وحبيبنا محمد. - أستغفر الله العظيم و أتوب اليه","Jamal alpha,جمال ألفا,Jamal alpha gamer,ألعاب,games",20,Gaming,"Action-adventure_game,Action_game,Puzzle_video_game,Role-playing_video_game,Video_game_culture",PT15M28S,928,2d,hd,false,ar,ar,https://i.ytimg.com/vi/Vx7Hzd70rmU/maxresdefault.jpg,1,,,,,34571,3046,,0,169
202,UCzmp6kKMrSbK-hHc59wLylw,"Jamal Alpha - 2",zrPDhcb8DyE,2022-10-25T11:00:44Z,"2022-10-25 11:00:44","FIFA 23 🤐 نصف النهائي الحلم ضد المنتخب الفرنسي و فضيحة تحكيمية","قناة الخاصة بألعاب القناة الرسمية : https://goo.gl/GDsjdj أهلا بكم و شكرا على ثقتكم لمتابعة يومياتي على انستغرام : http://bit.ly/2ncwNUr Page Facebook : https://goo.gl/hB3uVY Email only for Business : Jamalalphaazmi@gmail.com - اللهم صل وسلم وبارك على نبينا وحبيبنا محمد. - أستغفر الله العظيم و أتوب اليه","Jamal alpha,جمال ألفا,Jamal alpha gamer,ألعاب,games",20,Gaming,"Role-playing_video_game,Sports_game,Video_game_culture",PT12M40S,760,2d,hd,false,ar,ar,https://i.ytimg.com/vi/zrPDhcb8DyE/maxresdefault.jpg,1,,,,,122711,8026,,0,209
203,UCzmp6kKMrSbK-hHc59wLylw,"Jamal Alpha - 2",3I48wEP7ymQ,2022-10-24T11:00:04Z,"2022-10-24 11:00:04","المنتخب المغربي ضد البرازيل في ربع نهائي كأس العالم بقطر | Fifa 23","قناة الخاصة بألعاب القناة الرسمية : https://goo.gl/GDsjdj أهلا بكم و شكرا على ثقتكم لمتابعة يومياتي على انستغرام : http://bit.ly/2ncwNUr Page Facebook : https://goo.gl/hB3uVY Email only for Business : Jamalalphaazmi@gmail.com - اللهم صل وسلم وبارك على نبينا وحبيبنا محمد. - أستغفر الله العظيم و أتوب اليه","Jamal alpha,جمال ألفا,Jamal alpha gamer,ألعاب,games",20,Gaming,"Action_game,Role-playing_video_game,Sports_game,Video_game_culture",PT19M48S,1188,2d,hd,false,ar,ar,https://i.ytimg.com/vi/3I48wEP7ymQ/maxresdefault.jpg,1,,,,,145513,9183,,0,215
204,UCzmp6kKMrSbK-hHc59wLylw,"Jamal Alpha - 2",hQgMYL9K13Y,2022-10-23T12:00:22Z,"2022-10-23 12:00:22","مباراة مجنونة ريمونتادا و هاتريك كل شيء مابين المغرب و اسبانيا في كأس العالم 🤯 | FIFA23","قناة الخاصة بألعاب القناة الرسمية : https://goo.gl/GDsjdj أهلا بكم و شكرا على ثقتكم لمتابعة يومياتي على انستغرام : http://bit.ly/2ncwNUr Page Facebook : https://goo.gl/hB3uVY Email only for Business : Jamalalphaazmi@gmail.com - اللهم صل وسلم وبارك على نبينا وحبيبنا محمد. - أستغفر الله العظيم و أتوب اليه","Jamal alpha,جمال ألفا,Jamal alpha gamer,ألعاب,games",20,Gaming,"Action_game,Role-playing_video_game,Sports_game,Video_game_culture",PT10M24S,624,2d,hd,false,ar,ar,https://i.ytimg.com/vi/hQgMYL9K13Y/maxresdefault.jpg,1,,,,,79095,6475,,0,85
205,UCzmp6kKMrSbK-hHc59wLylw,"Jamal Alpha - 2",45R7Y4VPY8E,2022-10-22T12:00:03Z,"2022-10-22 12:00:03","الفوز أو نهاية المشوار في كأس العالم - المغرب ضد كندا FIFA 23 | 🔥 🇲🇦","قناة الخاصة بألعاب القناة الرسمية : https://goo.gl/GDsjdj أهلا بكم و شكرا على ثقتكم لمتابعة يومياتي على انستغرام : http://bit.ly/2ncwNUr Page Facebook : https://goo.gl/hB3uVY Email only for Business : Jamalalphaazmi@gmail.com - اللهم صل وسلم وبارك على نبينا وحبيبنا محمد. - أستغفر الله العظيم و أتوب اليه","Jamal alpha,جمال ألفا,Jamal alpha gamer,ألعاب,games",20,Gaming,"Role-playing_video_game,Sports_game,Video_game_culture",PT9M35S,575,2d,hd,false,ar,ar,https://i.ytimg.com/vi/45R7Y4VPY8E/maxresdefault.jpg,1,,,,,74157,6021,,0,100
206,UCzmp6kKMrSbK-hHc59wLylw,"Jamal Alpha - 2",A-J_WOnaMUU,2022-10-20T12:00:10Z,"2022-10-20 12:00:10","مباراة القمة المغرب ضد بلجيكا في كأس العالم FIFA 23 | 🔥 🇲🇦","قناة الخاصة بألعاب القناة الرسمية : https://goo.gl/GDsjdj أهلا بكم و شكرا على ثقتكم لمتابعة يومياتي على انستغرام : http://bit.ly/2ncwNUr Page Facebook : https://goo.gl/hB3uVY Email only for Business : Jamalalphaazmi@gmail.com - اللهم صل وسلم وبارك على نبينا وحبيبنا محمد. - أستغفر الله العظيم و أتوب اليه","Jamal alpha,جمال ألفا,Jamal alpha gamer,ألعاب,games",20,Gaming,"Action_game,Role-playing_video_game,Sports_game,Video_game_culture",PT9M48S,588,2d,hd,false,ar,ar,https://i.ytimg.com/vi/A-J_WOnaMUU/maxresdefault.jpg,1,,,,,70676,5718,,0,86
207,UCzmp6kKMrSbK-hHc59wLylw,"Jamal Alpha - 2",IvMywmgxJII,2022-10-18T12:00:12Z,"2022-10-18 12:00:12","بداية المسار المنتخب المغربي في كأس العالم ضد كرواتيا FIFA 23 | 🔥 🇲🇦","قناة الخاصة بألعاب القناة الرسمية : https://goo.gl/GDsjdj أهلا بكم و شكرا على ثقتكم لمتابعة يومياتي على انستغرام : http://bit.ly/2ncwNUr Page Facebook : https://goo.gl/hB3uVY Email only for Business : Jamalalphaazmi@gmail.com - اللهم صل وسلم وبارك على نبينا وحبيبنا محمد. - أستغفر الله العظيم و أتوب اليه","Jamal alpha,جمال ألفا,Jamal alpha gamer,ألعاب,games",20,Gaming,"Role-playing_video_game,Sports_game,Video_game_culture",PT10M51S,651,2d,hd,false,ar,ar,https://i.ytimg.com/vi/IvMywmgxJII/maxresdefault.jpg,1,,,,,113919,8143,,0,104
208,UCzmp6kKMrSbK-hHc59wLylw,"Jamal Alpha - 2",baNWrfq-XBY,2022-08-07T14:00:29Z,"2022-08-07 14:00:29","جمال ألفا يجرب لأول مرة ultimate team fifa 🤩","قناة الخاصة بألعاب القناة الرسمية : https://goo.gl/GDsjdj أهلا بكم و شكرا على ثقتكم لمتابعة يومياتي على انستغرام : http://bit.ly/2ncwNUr Page Facebook : https://goo.gl/hB3uVY Email only for Business : Jamalalphaazmi@gmail.com - اللهم صل وسلم وبارك على نبينا وحبيبنا محمد. - أستغفر الله العظيم و أتوب اليه","Jamal alpha,جمال ألفا,Jamal alpha gamer,ألعاب,games",20,Gaming,"Role-playing_video_game,Sports_game,Video_game_culture",PT13M38S,818,2d,hd,false,ar,ar,https://i.ytimg.com/vi/baNWrfq-XBY/maxresdefault.jpg,1,,,,,24965,1551,,0,153
209,UCzmp6kKMrSbK-hHc59wLylw,"Jamal Alpha - 2",dtvCnSCFHcc,2022-08-06T14:00:31Z,"2022-08-06 14:00:31","مباراة ضد دورتموند !!","قناة الخاصة بألعاب القناة الرسمية : https://goo.gl/GDsjdj أهلا بكم و شكرا على ثقتكم لمتابعة يومياتي على انستغرام : http://bit.ly/2ncwNUr Page Facebook : https://goo.gl/hB3uVY Email only for Business : Jamalalphaazmi@gmail.com - اللهم صل وسلم وبارك على نبينا وحبيبنا محمد. - أستغفر الله العظيم و أتوب اليه","Jamal alpha,جمال ألفا,Jamal alpha gamer,ألعاب,games",20,Gaming,"Action-adventure_game,Action_game,Role-playing_video_game,Sports_game,Video_game_culture",PT15M9S,909,2d,hd,false,ar,ar,https://i.ytimg.com/vi/dtvCnSCFHcc/maxresdefault.jpg,1,,,,,13907,1009,,0,76
210,UCzmp6kKMrSbK-hHc59wLylw,"Jamal Alpha - 2",wh1-vMK3IWQ,2022-08-05T14:00:34Z,"2022-08-05 14:00:34","مواجهة صعبة ضد ميلان 😰 ريمونتادا خيالية 😮","قناة الخاصة بألعاب القناة الرسمية : https://goo.gl/GDsjdj أهلا بكم و شكرا على ثقتكم لمتابعة يومياتي على انستغرام : http://bit.ly/2ncwNUr Page Facebook : https://goo.gl/hB3uVY Email only for Business : Jamalalphaazmi@gmail.com - اللهم صل وسلم وبارك على نبينا وحبيبنا محمد. - أستغفر الله العظيم و أتوب اليه","Jamal alpha,جمال ألفا,Jamal alpha gamer,ألعاب,games",20,Gaming,Sports_game,PT16M17S,977,2d,hd,false,ar,ar,https://i.ytimg.com/vi/wh1-vMK3IWQ/maxresdefault.jpg,1,,,,,19300,1486,,0,41
211,UCzmp6kKMrSbK-hHc59wLylw,"Jamal Alpha - 2",g7RdjZzy6Bs,2022-08-04T14:20:28Z,"2022-08-04 14:20:28","جمال ألفا في مهنة لاعب 🤩 و فضيحة تير شتيغن 😱","قناة الخاصة بألعاب القناة الرسمية : https://goo.gl/GDsjdj أهلا بكم و شكرا على ثقتكم لمتابعة يومياتي على انستغرام : http://bit.ly/2ncwNUr Page Facebook : https://goo.gl/hB3uVY Email only for Business : Jamalalphaazmi@gmail.com - اللهم صل وسلم وبارك على نبينا وحبيبنا محمد. - أستغفر الله العظيم و أتوب اليه","Jamal alpha,جمال ألفا,Jamal alpha gamer,ألعاب,games",20,Gaming,"Sports_game,Video_game_culture",PT12M20S,740,2d,hd,false,ar,ar,https://i.ytimg.com/vi/g7RdjZzy6Bs/maxresdefault.jpg,1,,,,,70728,4728,,0,194
212,UCzmp6kKMrSbK-hHc59wLylw,"Jamal Alpha - 2",8rGNTgYfSjk,2022-07-17T20:55:41Z,"2022-07-17 20:55:41","عدنا مع لعبة الأعصاب Fall Guys و الزعبووووووووول","قناة الخاصة بألعاب القناة الرسمية : https://goo.gl/GDsjdj أهلا بكم و شكرا على ثقتكم لمتابعة يومياتي على انستغرام : http://bit.ly/2ncwNUr Page Facebook : https://goo.gl/hB3uVY Email only for Business : Jamalalphaazmi@gmail.com - اللهم صل وسلم وبارك على نبينا وحبيبنا محمد. - أستغفر الله العظيم و أتوب اليه","Jamal alpha,جمال ألفا,Jamal alpha gamer,ألعاب,games",20,Gaming,"Action-adventure_game,Action_game,Video_game_culture",PT15M50S,950,2d,hd,false,ar,ar,https://i.ytimg.com/vi/8rGNTgYfSjk/maxresdefault.jpg,1,,,,,46414,2840,,0,112
213,UCzmp6kKMrSbK-hHc59wLylw,"Jamal Alpha - 2",OrtOqdH32IA,2022-04-16T13:00:14Z,"2022-04-16 13:00:14","أول مرة ألعب لعبة Forza Horizon 5 😍","قناة الخاصة بألعاب القناة الرسمية : https://goo.gl/GDsjdj أهلا بكم و شكرا على ثقتكم لمتابعة يومياتي على انستغرام : http://bit.ly/2ncwNUr Page Facebook : https://goo.gl/hB3uVY Email only for Business : Jamalalphaazmi@gmail.com - اللهم صل وسلم وبارك على نبينا وحبيبنا محمد. - أستغفر الله العظيم و أتوب اليه","Jamal alpha,جمال ألفا,Jamal alpha gamer,ألعاب,games",20,Gaming,"Action-adventure_game,Action_game,Racing_video_game,Video_game_culture",PT46M39S,2799,2d,hd,true,ar,ar,https://i.ytimg.com/vi/OrtOqdH32IA/maxresdefault.jpg,1,,,,,75162,4214,,0,122
214,UCzmp6kKMrSbK-hHc59wLylw,"Jamal Alpha - 2",z4y6ctiy5mY,2022-01-07T12:00:37Z,"2022-01-07 12:00:37","رجعت من بعد الغيبوبة | GTA V RP","قناة الخاصة بألعاب القناة الرسمية : https://goo.gl/GDsjdj أهلا بكم و شكرا على ثقتكم لمتابعة يومياتي على انستغرام : http://bit.ly/2ncwNUr Page Facebook : https://goo.gl/hB3uVY Email only for Business : Jamalalphaazmi@gmail.com - اللهم صل وسلم وبارك على نبينا وحبيبنا محمد. - أستغفر الله العظيم و أتوب اليه","Jamal alpha,جمال ألفا,Jamal alpha gamer,ألعاب,games",20,Gaming,"Action-adventure_game,Action_game,Role-playing_video_game,Video_game_culture",PT29M23S,1763,2d,hd,false,ar,ar,https://i.ytimg.com/vi/z4y6ctiy5mY/maxresdefault.jpg,1,,,,,48810,3341,,0,123
215,UCzmp6kKMrSbK-hHc59wLylw,"Jamal Alpha - 2",V4f-gk-vPiU,2022-01-01T17:48:05Z,"2022-01-01 17:48:05","لأول مرة في حياتي سوف ألعب ماين كرافت | Minecraft !!","قناة الخاصة بألعاب القناة الرسمية : https://goo.gl/GDsjdj أهلا بكم و شكرا على ثقتكم لمتابعة يومياتي على انستغرام : http://bit.ly/2ncwNUr Page Facebook : https://goo.gl/hB3uVY Email only for Business : Jamalalphaazmi@gmail.com - اللهم صل وسلم وبارك على نبينا وحبيبنا محمد. - أستغفر الله العظيم و أتوب اليه","Jamal alpha,جمال ألفا,Jamal alpha gamer,ألعاب,games",20,Gaming,"Action-adventure_game,Action_game,Role-playing_video_game,Video_game_culture",PT32M26S,1946,2d,hd,false,ar,ar,https://i.ytimg.com/vi/V4f-gk-vPiU/maxresdefault.jpg,1,,,,,126310,7972,,0,695
216,UCzmp6kKMrSbK-hHc59wLylw,"Jamal Alpha - 2",y6CqXqJZw2o,2021-12-21T10:55:28Z,"2021-12-21 10:55:28","اليوم غادي نلعبو لعبة الحبار | Squid GAME | GTA V RP","قناة الخاصة بألعاب القناة الرسمية : https://goo.gl/GDsjdj أهلا بكم و شكرا على ثقتكم لمتابعة يومياتي على انستغرام : http://bit.ly/2ncwNUr Page Facebook : https://goo.gl/hB3uVY Email only for Business : Jamalalphaazmi@gmail.com - اللهم صل وسلم وبارك على نبينا وحبيبنا محمد. - أستغفر الله العظيم و أتوب اليه","Jamal alpha,جمال ألفا,Jamal alpha gamer,ألعاب,games",20,Gaming,"Action-adventure_game,Action_game,Video_game_culture",PT3H48M41S,2921,2d,hd,false,ar,ar,https://i.ytimg.com/vi/y6CqXqJZw2o/maxresdefault.jpg,1,,,,,145167,5040,,0,113
217,UCzmp6kKMrSbK-hHc59wLylw,"Jamal Alpha - 2",hf7A_t8KOPw,2021-12-18T12:00:33Z,"2021-12-18 12:00:33","ستقام الليلة حرب العصابات | GTA V RP","قناة الخاصة بألعاب القناة الرسمية : https://goo.gl/GDsjdj أهلا بكم و شكرا على ثقتكم لمتابعة يومياتي على انستغرام : http://bit.ly/2ncwNUr Page Facebook : https://goo.gl/hB3uVY Email only for Business : Jamalalphaazmi@gmail.com - اللهم صل وسلم وبارك على نبينا وحبيبنا محمد. - أستغفر الله العظيم و أتوب اليه","Jamal alpha,جمال ألفا,Jamal alpha gamer,ألعاب,games",20,Gaming,"Action-adventure_game,Action_game,Role-playing_video_game,Video_game_culture",PT1H58M5S,3485,2d,hd,true,ar,ar,https://i.ytimg.com/vi/hf7A_t8KOPw/maxresdefault.jpg,1,,,,,67121,3630,,0,89
218,UCzmp6kKMrSbK-hHc59wLylw,"Jamal Alpha - 2",dFTFLZDSfRE,2021-12-16T12:00:18Z,"2021-12-16 12:00:18","خرجت من الحبس و غادي نحاول نبني حياتي من جديد | GTA V RP","قناة الخاصة بألعاب القناة الرسمية : https://goo.gl/GDsjdj أهلا بكم و شكرا على ثقتكم لمتابعة يومياتي على انستغرام : http://bit.ly/2ncwNUr Page Facebook : https://goo.gl/hB3uVY Email only for Business : Jamalalphaazmi@gmail.com - اللهم صل وسلم وبارك على نبينا وحبيبنا محمد. - أستغفر الله العظيم و أتوب اليه","Jamal alpha,جمال ألفا,Jamal alpha gamer,ألعاب,games",20,Gaming,"Action-adventure_game,Action_game,Role-playing_video_game,Video_game_culture",PT3H44M57S,2697,2d,hd,true,ar,ar,https://i.ytimg.com/vi/dFTFLZDSfRE/maxresdefault.jpg,1,,,,,183499,6192,,0,118
219,UCzmp6kKMrSbK-hHc59wLylw,"Jamal Alpha - 2",0NcbOqrS34Y,2021-09-16T15:00:01Z,"2021-09-16 15:00:01","أول مرة نلعب بارتشيسي 😍 ولكن .... 😡","رابط الموقع : https://bit.ly/LuckyMaroc__Jamalalpha قناة الخاصة بألعاب القناة الرسمية : https://goo.gl/GDsjdj أهلا بكم و شكرا على ثقتكم لمتابعة يومياتي على انستغرام : http://bit.ly/2ncwNUr Page Facebook : https://goo.gl/hB3uVY Email only for Business : Jamalalphaazmi@gmail.com - اللهم صل وسلم وبارك على نبينا وحبيبنا محمد. - أستغفر الله العظيم و أتوب اليه","Jamal alpha,جمال ألفا,Jamal alpha gamer,ألعاب,games",20,Gaming,"Action_game,Puzzle_video_game,Role-playing_video_game,Video_game_culture",PT40M41S,2441,2d,hd,false,ar,ar,https://i.ytimg.com/vi/0NcbOqrS34Y/maxresdefault.jpg,1,,,,,49207,4044,,0,229
220,UCzmp6kKMrSbK-hHc59wLylw,"Jamal Alpha - 2",Y2sebCNpIyY,2021-08-29T19:00:08Z,"2021-08-29 19:00:08","قلبنا على علال القادوس في أكيناتور 😂","قناة الخاصة بألعاب القناة الرسمية : https://goo.gl/GDsjdj أهلا بكم و شكرا على ثقتكم لمتابعة يومياتي على انستغرام : http://bit.ly/2ncwNUr Page Facebook : https://goo.gl/hB3uVY Email only for Business : Jamalalphaazmi@gmail.com - اللهم صل وسلم وبارك على نبينا وحبيبنا محمد. - أستغفر الله العظيم و أتوب اليه","Jamal alpha,جمال ألفا,Jamal alpha gamer,ألعاب,games",20,Gaming,,PT8M9S,489,2d,hd,false,ar,ar,https://i.ytimg.com/vi/Y2sebCNpIyY/maxresdefault.jpg,1,,,,,102235,8987,,0,371
221,UCzmp6kKMrSbK-hHc59wLylw,"Jamal Alpha - 2",SVYQoFpulbQ,2021-08-24T14:13:18Z,"2021-08-24 14:13:18","بحثنا عن زوجة ميسي في أكيناتور 😆","قناة الخاصة بألعاب القناة الرسمية : https://goo.gl/GDsjdj أهلا بكم و شكرا على ثقتكم لمتابعة يومياتي على انستغرام : http://bit.ly/2ncwNUr Page Facebook : https://goo.gl/hB3uVY Email only for Business : Jamalalphaazmi@gmail.com - اللهم صل وسلم وبارك على نبينا وحبيبنا محمد. - أستغفر الله العظيم و أتوب اليه","Jamal alpha,جمال ألفا,Jamal alpha gamer,ألعاب,games",20,Gaming,,PT6M56S,416,2d,hd,false,ar,ar,https://i.ytimg.com/vi/SVYQoFpulbQ/maxresdefault.jpg,1,,,,,115330,10234,,0,250
222,UCzmp6kKMrSbK-hHc59wLylw,"Jamal Alpha - 2",Dj0yqlX9lZ4,2021-08-22T15:25:37Z,"2021-08-22 15:25:37","قلبنا على رئيس الجزائر عبد المجيد تبون في أكيناتور 😅","قناة الخاصة بألعاب القناة الرسمية : https://goo.gl/GDsjdj أهلا بكم و شكرا على ثقتكم لمتابعة يومياتي على انستغرام : http://bit.ly/2ncwNUr Page Facebook : https://goo.gl/hB3uVY Email only for Business : Jamalalphaazmi@gmail.com - اللهم صل وسلم وبارك على نبينا وحبيبنا محمد. - أستغفر الله العظيم و أتوب اليه","Jamal alpha,جمال ألفا,Jamal alpha gamer,ألعاب,games",20,Gaming,"Politics,Society",PT10M14S,614,2d,hd,false,ar,ar,https://i.ytimg.com/vi/Dj0yqlX9lZ4/maxresdefault.jpg,1,,,,,88665,8332,,0,558
223,UCzmp6kKMrSbK-hHc59wLylw,"Jamal Alpha - 2",208HvvGl9aI,2021-08-21T13:01:05Z,"2021-08-21 13:01:05","قلبنا على حديدان في أكيناتور 😂","قناة الخاصة بألعاب القناة الرسمية : https://goo.gl/GDsjdj أهلا بكم و شكرا على ثقتكم لمتابعة يومياتي على انستغرام : http://bit.ly/2ncwNUr Page Facebook : https://goo.gl/hB3uVY Email only for Business : Jamalalphaazmi@gmail.com - اللهم صل وسلم وبارك على نبينا وحبيبنا محمد. - أستغفر الله العظيم و أتوب اليه","Jamal alpha,جمال ألفا,Jamal alpha gamer,ألعاب,games",20,Gaming,"Action-adventure_game,Action_game,Role-playing_video_game",PT3M18S,198,2d,hd,false,ar,ar,https://i.ytimg.com/vi/208HvvGl9aI/maxresdefault.jpg,1,,,,,88688,8202,,0,177
224,UCzmp6kKMrSbK-hHc59wLylw,"Jamal Alpha - 2",OKbuKx4pF9s,2021-08-19T13:23:02Z,"2021-08-19 13:23:02","قلبت على راسي فأكيناتور 🤩 وليت مشهور 🤑","قناة الخاصة بألعاب القناة الرسمية : https://goo.gl/GDsjdj أهلا بكم و شكرا على ثقتكم لمتابعة يومياتي على انستغرام : http://bit.ly/2ncwNUr Page Facebook : https://goo.gl/hB3uVY Email only for Business : Jamalalphaazmi@gmail.com - اللهم صل وسلم وبارك على نبينا وحبيبنا محمد. - أستغفر الله العظيم و أتوب اليه","Jamal alpha,جمال ألفا,Jamal alpha gamer,ألعاب,games",20,Gaming,,PT4M30S,270,2d,hd,false,ar,ar,https://i.ytimg.com/vi/OKbuKx4pF9s/maxresdefault.jpg,1,,,,,84584,9175,,0,170
225,UCzmp6kKMrSbK-hHc59wLylw,"Jamal Alpha - 2",oKJnIXj60r8,2021-08-14T16:49:35Z,"2021-08-14 16:49:35","بحثنا على رئيس الحكومة العثماني في أكيناتور 😂 أسئلة غبية 😂","قناة الخاصة بألعاب القناة الرسمية : https://goo.gl/GDsjdj أهلا بكم و شكرا على ثقتكم لمتابعة يومياتي على انستغرام : http://bit.ly/2ncwNUr Page Facebook : https://goo.gl/hB3uVY Email only for Business : Jamalalphaazmi@gmail.com - اللهم صل وسلم وبارك على نبينا وحبيبنا محمد. - أستغفر الله العظيم و أتوب اليه","Jamal alpha,جمال ألفا,Jamal alpha gamer,ألعاب,games",20,Gaming,,PT7M36S,456,2d,hd,false,ar,ar,https://i.ytimg.com/vi/oKJnIXj60r8/maxresdefault.jpg,1,,,,,126219,11842,,0,272
226,UCzmp6kKMrSbK-hHc59wLylw,"Jamal Alpha - 2",drZeS6rjR64,2021-08-13T13:15:37Z,"2021-08-13 13:15:37","بحتنا عن ميا خليفة في أكيناتور 😂 لن تصدق الأسئلة التي سئلنا 😂","قناة الخاصة بألعاب القناة الرسمية : https://goo.gl/GDsjdj أهلا بكم و شكرا على ثقتكم لمتابعة يومياتي على انستغرام : http://bit.ly/2ncwNUr Page Facebook : https://goo.gl/hB3uVY Email only for Business : Jamalalphaazmi@gmail.com - اللهم صل وسلم وبارك على نبينا وحبيبنا محمد. - أستغفر الله العظيم و أتوب اليه","Jamal alpha,جمال ألفا,Jamal alpha gamer,ألعاب,games",20,Gaming,Entertainment,PT15M54S,954,2d,hd,false,ar,ar,https://i.ytimg.com/vi/drZeS6rjR64/maxresdefault.jpg,1,,,,,209239,23882,,0,535
227,UCzmp6kKMrSbK-hHc59wLylw,"Jamal Alpha - 2",IqW8cw1S-vs,2021-08-11T14:00:14Z,"2021-08-11 14:00:14","معركة وسط الملعب مع أتليتيكو مدريد 🔥🔥","قناة الخاصة بألعاب القناة الرسمية : https://goo.gl/GDsjdj أهلا بكم و شكرا على ثقتكم لمتابعة يومياتي على انستغرام : http://bit.ly/2ncwNUr Page Facebook : https://goo.gl/hB3uVY Email only for Business : Jamalalphaazmi@gmail.com - اللهم صل وسلم وبارك على نبينا وحبيبنا محمد. - أستغفر الله العظيم و أتوب اليه","Jamal alpha,جمال ألفا,Jamal alpha gamer,ألعاب,games",20,Gaming,"Sports_game,Video_game_culture",PT18M6S,1086,2d,hd,false,ar,ar,https://i.ytimg.com/vi/IqW8cw1S-vs/maxresdefault.jpg,1,,,,,14909,1323,,0,60
228,UCzmp6kKMrSbK-hHc59wLylw,"Jamal Alpha - 2",7l01yDlFNJA,2021-08-11T14:00:07Z,"2021-08-11 14:00:07","من أحسن الفرق في لعبة فيفا أتليتيكو مدريد 😍","قناة الخاصة بألعاب القناة الرسمية : https://goo.gl/GDsjdj أهلا بكم و شكرا على ثقتكم لمتابعة يومياتي على انستغرام : http://bit.ly/2ncwNUr Page Facebook : https://goo.gl/hB3uVY Email only for Business : Jamalalphaazmi@gmail.com - اللهم صل وسلم وبارك على نبينا وحبيبنا محمد. - أستغفر الله العظيم و أتوب اليه","Jamal alpha,جمال ألفا,Jamal alpha gamer,ألعاب,games",20,Gaming,"Sports_game,Video_game_culture",PT9M47S,587,2d,hd,false,ar,ar,https://i.ytimg.com/vi/7l01yDlFNJA/maxresdefault.jpg,1,,,,,9974,1106,,0,44
229,UCzmp6kKMrSbK-hHc59wLylw,"Jamal Alpha - 2",XhizQtiiimk,2021-08-10T14:00:22Z,"2021-08-10 14:00:22","الكعبي ولا كيلعب مع دورتموند 😅","قناة الخاصة بألعاب القناة الرسمية : https://goo.gl/GDsjdj أهلا بكم و شكرا على ثقتكم لمتابعة يومياتي على انستغرام : http://bit.ly/2ncwNUr Page Facebook : https://goo.gl/hB3uVY Email only for Business : Jamalalphaazmi@gmail.com - اللهم صل وسلم وبارك على نبينا وحبيبنا محمد. - أستغفر الله العظيم و أتوب اليه","Jamal alpha,جمال ألفا,Jamal alpha gamer,ألعاب,games",20,Gaming,"Sports_game,Video_game_culture",PT14M27S,867,2d,hd,false,ar,ar,https://i.ytimg.com/vi/XhizQtiiimk/maxresdefault.jpg,1,,,,,28915,2686,,0,80
230,UCzmp6kKMrSbK-hHc59wLylw,"Jamal Alpha - 2",42f-HQj1Ra0,2021-08-09T14:00:03Z,"2021-08-09 14:00:03","😍 مكاينش شي حاجة سميتها لوجيك في لعبة فيفا 😫 رونالدو المبدع","قناة الخاصة بألعاب القناة الرسمية : https://goo.gl/GDsjdj أهلا بكم و شكرا على ثقتكم لمتابعة يومياتي على انستغرام : http://bit.ly/2ncwNUr Page Facebook : https://goo.gl/hB3uVY Email only for Business : Jamalalphaazmi@gmail.com - اللهم صل وسلم وبارك على نبينا وحبيبنا محمد. - أستغفر الله العظيم و أتوب اليه","Jamal alpha,جمال ألفا,Jamal alpha gamer,ألعاب,games",20,Gaming,"Sports_game,Video_game_culture",PT16M15S,975,2d,hd,false,ar,ar,https://i.ytimg.com/vi/42f-HQj1Ra0/maxresdefault.jpg,1,,,,,17441,1612,,0,61
231,UCzmp6kKMrSbK-hHc59wLylw,"Jamal Alpha - 2",3co4YZrJ1i4,2021-08-08T14:00:03Z,"2021-08-08 14:00:03","😓 أكثر ماتش سخطني 🤬 باريس خارجة فالبارصة","قناة الخاصة بألعاب القناة الرسمية : https://goo.gl/GDsjdj أهلا بكم و شكرا على ثقتكم لمتابعة يومياتي على انستغرام : http://bit.ly/2ncwNUr Page Facebook : https://goo.gl/hB3uVY Email only for Business : Jamalalphaazmi@gmail.com - اللهم صل وسلم وبارك على نبينا وحبيبنا محمد. - أستغفر الله العظيم و أتوب اليه","Jamal alpha,جمال ألفا,Jamal alpha gamer,ألعاب,games",20,Gaming,"Sports_game,Video_game_culture",PT15M20S,920,2d,hd,false,ar,ar,https://i.ytimg.com/vi/3co4YZrJ1i4/maxresdefault.jpg,1,,,,,18807,1892,,0,58
232,UCzmp6kKMrSbK-hHc59wLylw,"Jamal Alpha - 2",alFpD5IZ6-s,2021-08-03T15:00:04Z,"2021-08-03 15:00:04","عاد الأسطورة بايبي 😍 طيحت الطيارة بسنايبر 😱","قناة الخاصة بألعاب القناة الرسمية : https://goo.gl/GDsjdj أهلا بكم و شكرا على ثقتكم لمتابعة يومياتي على انستغرام : http://bit.ly/2ncwNUr Page Facebook : https://goo.gl/hB3uVY Email only for Business : Jamalalphaazmi@gmail.com - اللهم صل وسلم وبارك على نبينا وحبيبنا محمد. - أستغفر الله العظيم و أتوب اليه","Jamal alpha,جمال ألفا,Jamal alpha gamer,ألعاب,games",20,Gaming,"Action-adventure_game,Action_game,Role-playing_video_game,Simulation_video_game,Video_game_culture",PT17M35S,1055,2d,hd,false,ar,ar,https://i.ytimg.com/vi/alFpD5IZ6-s/maxresdefault.jpg,1,,,,,10526,1122,,0,97
233,UCzmp6kKMrSbK-hHc59wLylw,"Jamal Alpha - 2",gOlWdZBHtPY,2021-08-01T15:00:31Z,"2021-08-01 15:00:31","لن تصدق المسافة التي قمت بضربه منها 😱 أحسن سنايبر في العالم 😅","قناة الخاصة بألعاب القناة الرسمية : https://goo.gl/GDsjdj أهلا بكم و شكرا على ثقتكم لمتابعة يومياتي على انستغرام : http://bit.ly/2ncwNUr Page Facebook : https://goo.gl/hB3uVY Email only for Business : Jamalalphaazmi@gmail.com - اللهم صل وسلم وبارك على نبينا وحبيبنا محمد. - أستغفر الله العظيم و أتوب اليه","Jamal alpha,جمال ألفا,Jamal alpha gamer,ألعاب,games",20,Gaming,"Action-adventure_game,Action_game,Role-playing_video_game,Video_game_culture",PT18M52S,1132,2d,hd,false,ar,ar,https://i.ytimg.com/vi/gOlWdZBHtPY/maxresdefault.jpg,1,,,,,12575,1273,,0,109
234,UCzmp6kKMrSbK-hHc59wLylw,"Jamal Alpha - 2",r5d6ttJ7RfY,2021-07-31T15:00:31Z,"2021-07-31 15:00:31","حيكم زياش يسجل الهاتريك 😍","قناة الخاصة بألعاب القناة الرسمية : https://goo.gl/GDsjdj أهلا بكم و شكرا على ثقتكم لمتابعة يومياتي على انستغرام : http://bit.ly/2ncwNUr Page Facebook : https://goo.gl/hB3uVY Email only for Business : Jamalalphaazmi@gmail.com - اللهم صل وسلم وبارك على نبينا وحبيبنا محمد. - أستغفر الله العظيم و أتوب اليه","Jamal alpha,جمال ألفا,Jamal alpha gamer,ألعاب,games",20,Gaming,"Sports_game,Video_game_culture",PT16M41S,1001,2d,hd,false,ar,ar,https://i.ytimg.com/vi/r5d6ttJ7RfY/maxresdefault.jpg,1,,,,,24564,2817,,0,105
235,UCzmp6kKMrSbK-hHc59wLylw,"Jamal Alpha - 2",L6MExBg_XNk,2021-07-30T15:00:09Z,"2021-07-30 15:00:09","أول مرة أجرب ألعب بالانتر ميلانو و سبب أشرف حكيمي","قناة الخاصة بألعاب القناة الرسمية : https://goo.gl/GDsjdj أهلا بكم و شكرا على ثقتكم لمتابعة يومياتي على انستغرام : http://bit.ly/2ncwNUr Page Facebook : https://goo.gl/hB3uVY Email only for Business : Jamalalphaazmi@gmail.com - اللهم صل وسلم وبارك على نبينا وحبيبنا محمد. - أستغفر الله العظيم و أتوب اليه","Jamal alpha,جمال ألفا,Jamal alpha gamer,ألعاب,games",20,Gaming,Sports_game,PT17M59S,1079,2d,hd,false,ar,ar,https://i.ytimg.com/vi/L6MExBg_XNk/maxresdefault.jpg,1,,,,,35839,3593,,0,101
236,UCzmp6kKMrSbK-hHc59wLylw,"Jamal Alpha - 2",IrUo9fjHVvw,2021-07-29T15:00:18Z,"2021-07-29 15:00:18","فوز بالشق الأنفس 😵 مباراة تحبس الانفاس","قناة الخاصة بألعاب القناة الرسمية : https://goo.gl/GDsjdj أهلا بكم و شكرا على ثقتكم لمتابعة يومياتي على انستغرام : http://bit.ly/2ncwNUr Page Facebook : https://goo.gl/hB3uVY Email only for Business : Jamalalphaazmi@gmail.com - اللهم صل وسلم وبارك على نبينا وحبيبنا محمد. - أستغفر الله العظيم و أتوب اليه","Jamal alpha,جمال ألفا,Jamal alpha gamer,ألعاب,games",20,Gaming,Sports_game,PT14M24S,864,2d,hd,false,ar,ar,https://i.ytimg.com/vi/IrUo9fjHVvw/maxresdefault.jpg,1,,,,,17381,2071,,0,110
237,UCzmp6kKMrSbK-hHc59wLylw,"Jamal Alpha - 2",QwMfjxNkiJQ,2021-07-28T15:00:13Z,"2021-07-28 15:00:13","😂 أول مرة ألعب بريال مدريد 🤩 مبغاش يكمل الماتش","قناة الخاصة بألعاب القناة الرسمية : https://goo.gl/GDsjdj أهلا بكم و شكرا على ثقتكم لمتابعة يومياتي على انستغرام : http://bit.ly/2ncwNUr Page Facebook : https://goo.gl/hB3uVY Email only for Business : Jamalalphaazmi@gmail.com - اللهم صل وسلم وبارك على نبينا وحبيبنا محمد. - أستغفر الله العظيم و أتوب اليه","Jamal alpha,جمال ألفا,Jamal alpha gamer,ألعاب,games",20,Gaming,"Simulation_video_game,Sports_game,Video_game_culture",PT16M49S,1009,2d,hd,false,ar,ar,https://i.ytimg.com/vi/QwMfjxNkiJQ/maxresdefault.jpg,1,,,,,18919,2315,,0,117
238,UCzmp6kKMrSbK-hHc59wLylw,"Jamal Alpha - 2",zPggLjWb-hU,2021-07-27T15:00:27Z,"2021-07-27 15:00:27","أول واحد كنلعب معاه مرضاش يكمل معايا ميطا 😂","قناة الخاصة بألعاب القناة الرسمية : https://goo.gl/GDsjdj أهلا بكم و شكرا على ثقتكم لمتابعة يومياتي على انستغرام : http://bit.ly/2ncwNUr Page Facebook : https://goo.gl/hB3uVY Email only for Business : Jamalalphaazmi@gmail.com - اللهم صل وسلم وبارك على نبينا وحبيبنا محمد. - أستغفر الله العظيم و أتوب اليه","Jamal alpha,جمال ألفا,Jamal alpha gamer,ألعاب,games",20,Gaming,"Sports_game,Video_game_culture",PT7M58S,478,2d,hd,false,ar,ar,https://i.ytimg.com/vi/zPggLjWb-hU/maxresdefault.jpg,1,,,,,21053,2878,,0,133
239,UCzmp6kKMrSbK-hHc59wLylw,"Jamal Alpha - 2",DUY76n47SIo,2021-07-26T15:00:10Z,"2021-07-26 15:00:10","فيقت مالين الدار بالفرحة الهدف 😅 FiFA 21","قناة الخاصة بألعاب القناة الرسمية : https://goo.gl/GDsjdj أهلا بكم و شكرا على ثقتكم لمتابعة يومياتي على انستغرام : http://bit.ly/2ncwNUr Page Facebook : https://goo.gl/hB3uVY Email only for Business : Jamalalphaazmi@gmail.com - اللهم صل وسلم وبارك على نبينا وحبيبنا محمد. - أستغفر الله العظيم و أتوب اليه","Jamal alpha,جمال ألفا,Jamal alpha gamer,ألعاب,games",20,Gaming,"Simulation_video_game,Sports_game,Video_game_culture",PT14M53S,893,2d,hd,false,ar,ar,https://i.ytimg.com/vi/DUY76n47SIo/maxresdefault.jpg,1,,,,,28261,3419,,0,209
240,UCzmp6kKMrSbK-hHc59wLylw,"Jamal Alpha - 2",wZH5m8WV0BU,2021-07-25T14:00:19Z,"2021-07-25 14:00:19","أخطر لاعب لعب فالروم عندي 😱 Call of Duty","قناة الخاصة بألعاب القناة الرسمية : https://goo.gl/GDsjdj أهلا بكم و شكرا على ثقتكم لمتابعة يومياتي على انستغرام : http://bit.ly/2ncwNUr Page Facebook : https://goo.gl/hB3uVY Email only for Business : Jamalalphaazmi@gmail.com - اللهم صل وسلم وبارك على نبينا وحبيبنا محمد. - أستغفر الله العظيم و أتوب اليه","Jamal alpha,جمال ألفا,Jamal alpha gamer,ألعاب,games",20,Gaming,"Action-adventure_game,Action_game,Role-playing_video_game,Video_game_culture",PT20M42S,1242,2d,hd,false,ar,ar,https://i.ytimg.com/vi/wZH5m8WV0BU/maxresdefault.jpg,1,,,,,16138,1832,,0,105
241,UCzmp6kKMrSbK-hHc59wLylw,"Jamal Alpha - 2",047CtJP9CVI,2021-07-24T14:00:01Z,"2021-07-24 14:00:01","أقوى لاعب لعبت ضدو فلعبة فيفا 😨 سلخني ديال بصح 😅 FIFA 21","قناة الخاصة بألعاب القناة الرسمية : https://goo.gl/GDsjdj أهلا بكم و شكرا على ثقتكم لمتابعة يومياتي على انستغرام : http://bit.ly/2ncwNUr Page Facebook : https://goo.gl/hB3uVY Email only for Business : Jamalalphaazmi@gmail.com - اللهم صل وسلم وبارك على نبينا وحبيبنا محمد. - أستغفر الله العظيم و أتوب اليه","Jamal alpha,جمال ألفا,Jamal alpha gamer,ألعاب,games",20,Gaming,"Role-playing_video_game,Simulation_video_game,Sports_game,Video_game_culture",PT14M36S,876,2d,hd,false,ar,ar,https://i.ytimg.com/vi/047CtJP9CVI/maxresdefault.jpg,1,,,,,31003,3565,,0,103
242,UCzmp6kKMrSbK-hHc59wLylw,"Jamal Alpha - 2",zXNZVcUPQ60,2021-07-23T14:00:19Z,"2021-07-23 14:00:19","أكبر مؤامرة وقعات ليا و السبب المنتخب البرازيلي 😨 FIFA 21","قناة الخاصة بألعاب القناة الرسمية : https://goo.gl/GDsjdj أهلا بكم و شكرا على ثقتكم لمتابعة يومياتي على انستغرام : http://bit.ly/2ncwNUr Page Facebook : https://goo.gl/hB3uVY Email only for Business : Jamalalphaazmi@gmail.com - اللهم صل وسلم وبارك على نبينا وحبيبنا محمد. - أستغفر الله العظيم و أتوب اليه","Jamal alpha,جمال ألفا,Jamal alpha gamer,ألعاب,games",20,Gaming,"Role-playing_video_game,Simulation_video_game,Sports_game,Video_game_culture",PT16M8S,968,2d,hd,false,ar,ar,https://i.ytimg.com/vi/zXNZVcUPQ60/maxresdefault.jpg,1,,,,,24151,3265,,0,86
243,UCzmp6kKMrSbK-hHc59wLylw,"Jamal Alpha - 2",FIEUpOnCrNc,2021-07-22T13:11:45Z,"2021-07-22 13:11:45","أول مرة نفوز أونلاين 😍 Fifa 21","قناة الخاصة بألعاب القناة الرسمية : https://goo.gl/GDsjdj أهلا بكم و شكرا على ثقتكم لمتابعة يومياتي على انستغرام : http://bit.ly/2ncwNUr Page Facebook : https://goo.gl/hB3uVY Email only for Business : Jamalalphaazmi@gmail.com - اللهم صل وسلم وبارك على نبينا وحبيبنا محمد. - أستغفر الله العظيم و أتوب اليه","Jamal alpha,جمال ألفا,Jamal alpha gamer,ألعاب,games",20,Gaming,"Role-playing_video_game,Sports_game,Video_game_culture",PT14M24S,864,2d,hd,false,ar,ar,https://i.ytimg.com/vi/FIEUpOnCrNc/maxresdefault.jpg,1,,,,,32863,3705,,0,148
244,UCzmp6kKMrSbK-hHc59wLylw,"Jamal Alpha - 2",GE3WMAH_AcE,2021-07-20T17:21:08Z,"2021-07-20 17:21:08","CALL OF DUTY MOBILE Battle Royale | Clean Win JAMAL ALPHA","قناة الخاصة بألعاب القناة الرسمية : https://goo.gl/GDsjdj أهلا بكم و شكرا على ثقتكم لمتابعة يومياتي على انستغرام : http://bit.ly/2ncwNUr Page Facebook : https://goo.gl/hB3uVY Email only for Business : Jamalalphaazmi@gmail.com - اللهم صل وسلم وبارك على نبينا وحبيبنا محمد. - أستغفر الله العظيم و أتوب اليه","Jamal alpha,جمال ألفا,Jamal alpha gamer,ألعاب,games",20,Gaming,"Action-adventure_game,Action_game,Role-playing_video_game,Video_game_culture",PT16M50S,1010,2d,hd,false,ar,ar,https://i.ytimg.com/vi/GE3WMAH_AcE/maxresdefault.jpg,1,,,,,11579,1385,,0,78
245,UCzmp6kKMrSbK-hHc59wLylw,"Jamal Alpha - 2",W9X43c36m7w,2021-07-01T14:00:10Z,"2021-07-01 14:00:10","سنيت مع البارصة و بديت المسيرة الاحترافية ديالي 😍 FIFA 21","قناة الخاصة بألعاب القناة الرسمية : https://goo.gl/GDsjdj أهلا بكم و شكرا على ثقتكم لمتابعة يومياتي على انستغرام : http://bit.ly/2ncwNUr Page Facebook : https://goo.gl/hB3uVY Email only for Business : Jamalalphaazmi@gmail.com - اللهم صل وسلم وبارك على نبينا وحبيبنا محمد. - أستغفر الله العظيم و أتوب اليه","Jamal alpha,جمال ألفا,Jamal alpha gamer,ألعاب,games,fifa 21",20,Gaming,"Simulation_video_game,Sports_game,Video_game_culture",PT16M34S,994,2d,hd,false,ar,ar,https://i.ytimg.com/vi/W9X43c36m7w/maxresdefault.jpg,1,,,,,84527,8561,,0,273
246,UCzmp6kKMrSbK-hHc59wLylw,"Jamal Alpha - 2",QM3P5cEMZvI,2021-06-29T12:34:08Z,"2021-06-29 12:34:08","بدأت رحلة الاحتراف | FIFA 21","رابط الموقع : https://bit.ly/LuckyMaroc-JamalAlphaGaming قناة الخاصة بألعاب القناة الرسمية : https://goo.gl/GDsjdj أهلا بكم و شكرا على ثقتكم لمتابعة يومياتي على انستغرام : http://bit.ly/2ncwNUr Page Facebook : https://goo.gl/hB3uVY Email only for Business : Jamalalphaazmi@gmail.com - اللهم صل وسلم وبارك على نبينا وحبيبنا محمد. - أستغفر الله العظيم و أتوب اليه","Jamal alpha,جمال ألفا,Jamal alpha gamer,ألعاب,games,fifa21",20,Gaming,"Sports_game,Video_game_culture",PT15M36S,936,2d,hd,false,ar,ar,https://i.ytimg.com/vi/QM3P5cEMZvI/maxresdefault.jpg,1,,,,,108080,12136,,0,465
247,UCzmp6kKMrSbK-hHc59wLylw,"Jamal Alpha - 2",2gD4d1SFDYc,2021-06-22T14:48:39Z,"2021-06-22 14:48:39","لدينا خبر حصري لكم - عودة الاسطورة 🔥🔥","رابط الموقع https://bit.ly/3xv07Ym Code PROMO : JAJAMAL1 #koulla_nhar_m7tafline avec @JumiaMaroc قناة الخاصة بألعاب القناة الرسمية : https://goo.gl/GDsjdj أهلا بكم و شكرا على ثقتكم لمتابعة يومياتي على انستغرام : http://bit.ly/2ncwNUr Page Facebook : https://goo.gl/hB3uVY Email only for Business : Jamalalphaazmi@gmail.com - اللهم صل وسلم وبارك على نبينا وحبيبنا محمد. - أستغفر الله العظيم و أتوب اليه","Jamal alpha,جمال ألفا,Jamal alpha gamer,ألعاب,games",20,Gaming,"Hobby,Lifestyle_(sociology)",PT6M2S,362,2d,hd,false,ar,ar,https://i.ytimg.com/vi/2gD4d1SFDYc/maxresdefault.jpg,1,,,,,126838,18589,,0,685
248,UCzmp6kKMrSbK-hHc59wLylw,"Jamal Alpha - 2",1ysip1JzSNA,2021-06-20T02:07:01Z,"2021-06-20 02:07:01","CALL OF DUTY MOBILE | الطريق نحو الاحتراف","Powered by Restream https://restream.io/",,20,Gaming,"Action-adventure_game,Action_game,Role-playing_video_game,Video_game_culture",PT1H38M40S,2320,2d,hd,false,ar,en-US,https://i.ytimg.com/vi/1ysip1JzSNA/maxresdefault.jpg,1,,,,,19738,1718,,0,43
249,UCzmp6kKMrSbK-hHc59wLylw,"Jamal Alpha - 2",_xoLpO8h5Mo,2021-06-05T00:42:23Z,"2021-06-05 00:42:23","CALL OF DUTY MOBILE | الطريق نحو الاحتراف","Powered by Restream https://restream.io/",,20,Gaming,"Action-adventure_game,Action_game,Video_game_culture",PT51M47S,3107,2d,hd,false,ar,en-US,https://i.ytimg.com/vi/_xoLpO8h5Mo/maxresdefault.jpg,1,,,,,18026,1916,,0,54
250,UCzmp6kKMrSbK-hHc59wLylw,"Jamal Alpha - 2",nBeGnsbQAls,2021-06-04T00:47:21Z,"2021-06-04 00:47:21","CALL OF DUTY MOBILE | الطريق نحو الاحتراف",,,20,Gaming,"Action-adventure_game,Action_game,Role-playing_video_game,Video_game_culture",PT1H36M47S,2207,2d,hd,false,ar,en-US,https://i.ytimg.com/vi/nBeGnsbQAls/maxresdefault.jpg,1,,,,,15262,1711,,0,26
251,UCzmp6kKMrSbK-hHc59wLylw,"Jamal Alpha - 2",iV908hRom1M,2021-06-03T00:41:52Z,"2021-06-03 00:41:52","CALL OF DUTY MOBILE | الطريق نحو الاحتراف",https://www.twitch.tv/jamalalphababy,,20,Gaming,"Action-adventure_game,Action_game,Role-playing_video_game,Video_game_culture",PT1H23M53S,1433,2d,hd,false,ar,en-US,https://i.ytimg.com/vi/iV908hRom1M/maxresdefault.jpg,1,,,,,15053,1716,,0,35
252,UCzmp6kKMrSbK-hHc59wLylw,"Jamal Alpha - 2",fiqBrLeIxvA,2021-06-02T01:40:34Z,"2021-06-02 01:40:34","CALL OF DUTY MOBILE | الطريق نحو الاحتراف",https://www.twitch.tv/jamalalphababy,,20,Gaming,"Action-adventure_game,Action_game,Role-playing_video_game,Video_game_culture",PT2H31M48S,1908,2d,hd,false,ar,en-US,https://i.ytimg.com/vi/fiqBrLeIxvA/maxresdefault.jpg,1,,,,,21047,2616,,0,37
253,UCzmp6kKMrSbK-hHc59wLylw,"Jamal Alpha - 2",F8yt6Gruhr4,2021-06-01T00:33:48Z,"2021-06-01 00:33:48","CALL OF DUTY MOBILE | JAMAL ALPHA","https://www.twitch.tv/jamalalphababy / TWITCH",,20,Gaming,"Action-adventure_game,Action_game,Role-playing_video_game,Video_game_culture",PT1H29M9S,1749,2d,hd,false,de,en-US,,1,,,,,21185,3196,,0,51
254,UCzmp6kKMrSbK-hHc59wLylw,"Jamal Alpha - 2",WBwfonfYTs0,2021-04-27T19:08:05Z,"2021-04-27 19:08:05","call of duty mobile | نجيبو الفطووور","قناة الخاصة بألعاب القناة الرسمية : https://goo.gl/GDsjdj أهلا بكم و شكرا على ثقتكم لمتابعة يومياتي على انستغرام : http://bit.ly/2ncwNUr Page Facebook : https://goo.gl/hB3uVY Email only for Business : Jamalalphaazmi@gmail.com - اللهم صل وسلم وبارك على نبينا وحبيبنا محمد. - أستغفر الله العظيم و أتوب اليه","Jamal alpha,جمال ألفا,Jamal alpha gamer,ألعاب,games",20,Gaming,"Action-adventure_game,Action_game,Role-playing_video_game,Video_game_culture",PT38M22S,2302,2d,hd,false,ar,ar,https://i.ytimg.com/vi/WBwfonfYTs0/maxresdefault.jpg,1,,,,,31966,3388,,0,108
255,UCzmp6kKMrSbK-hHc59wLylw,"Jamal Alpha - 2",AH0VoI9L_Mw,2021-04-24T13:00:08Z,"2021-04-24 13:00:08","Hunting Simulator 2 - أول مطاردة لي في العالم الصيد","قناة الخاصة بألعاب القناة الرسمية : https://goo.gl/GDsjdj أهلا بكم و شكرا على ثقتكم لمتابعة يومياتي على انستغرام : http://bit.ly/2ncwNUr Page Facebook : https://goo.gl/hB3uVY Email only for Business : Jamalalphaazmi@gmail.com - اللهم صل وسلم وبارك على نبينا وحبيبنا محمد. - أستغفر الله العظيم و أتوب اليه","Jamal alpha,جمال ألفا,Jamal alpha gamer,ألعاب,games",20,Gaming,"Action-adventure_game,Action_game,Role-playing_video_game,Simulation_video_game,Video_game_culture",PT11M55S,715,2d,hd,false,ar,ar,https://i.ytimg.com/vi/AH0VoI9L_Mw/maxresdefault.jpg,1,,,,,55189,6633,,0,258
256,UCzmp6kKMrSbK-hHc59wLylw,"Jamal Alpha - 2",kRO1QF18gZY,2021-04-22T13:00:20Z,"2021-04-22 13:00:20","GTA 5 Online | سهرة راقصة في لعبة جي تي أي 5 و نهاية غير متوقعة","قناة الخاصة بألعاب القناة الرسمية : https://goo.gl/GDsjdj أهلا بكم و شكرا على ثقتكم لمتابعة يومياتي على انستغرام : http://bit.ly/2ncwNUr Page Facebook : https://goo.gl/hB3uVY Email only for Business : Jamalalphaazmi@gmail.com - اللهم صل وسلم وبارك على نبينا وحبيبنا محمد. - أستغفر الله العظيم و أتوب اليه","Jamal alpha,جمال ألفا,Jamal alpha gamer,ألعاب,games,جراند ثفت أوتو 5,ps4 gta 5,gta 5 pc,gta v android,grand theft auto v,gta online,gta 5 online,gta v",20,Gaming,"Action-adventure_game,Action_game,Role-playing_video_game,Video_game_culture",PT19M50S,1190,2d,hd,false,ar,en,https://i.ytimg.com/vi/kRO1QF18gZY/maxresdefault.jpg,1,,,,,186487,12558,,0,325
257,UCzmp6kKMrSbK-hHc59wLylw,"Jamal Alpha - 2",jnZthRzX3II,2021-04-20T13:00:12Z,"2021-04-20 13:00:12","أغرب باتل رويال نلعبها 😵 CALL OF DUTY","قناة هيسوكا https://www.youtube.com/channel/UC29aZY22jI0-L1LbIkRk8Mw قناة الخاصة بألعاب القناة الرسمية : https://goo.gl/GDsjdj أهلا بكم و شكرا على ثقتكم لمتابعة يومياتي على انستغرام : http://bit.ly/2ncwNUr Page Facebook : https://goo.gl/hB3uVY Email only for Business : Jamalalphaazmi@gmail.com - اللهم صل وسلم وبارك على نبينا وحبيبنا محمد. - أستغفر الله العظيم و أتوب اليه","Jamal alpha,جمال ألفا,Jamal alpha gamer,ألعاب,games",20,Gaming,"Action-adventure_game,Action_game,Role-playing_video_game,Video_game_culture",PT18M7S,1087,2d,hd,false,ar,ar,https://i.ytimg.com/vi/jnZthRzX3II/maxresdefault.jpg,1,,,,,32738,4113,,0,164
258,UCzmp6kKMrSbK-hHc59wLylw,"Jamal Alpha - 2",3ZAjHtsMynU,2021-04-15T00:47:15Z,"2021-04-15 00:47:15","call of duty mobile | سهرة رمضانية مع جمال ألفا","قناة الخاصة بألعاب القناة الرسمية : https://goo.gl/GDsjdj أهلا بكم و شكرا على ثقتكم لمتابعة يومياتي على انستغرام : http://bit.ly/2ncwNUr Page Facebook : https://goo.gl/hB3uVY Email only for Business : Jamalalphaazmi@gmail.com - اللهم صل وسلم وبارك على نبينا وحبيبنا محمد. - أستغفر الله العظيم و أتوب اليه","Jamal alpha,جمال ألفا,Jamal alpha gamer,ألعاب,games",20,Gaming,"Action-adventure_game,Action_game,Role-playing_video_game,Video_game_culture",PT1H44M2S,2642,2d,hd,false,ar,ar,https://i.ytimg.com/vi/3ZAjHtsMynU/maxresdefault.jpg,1,,,,,48697,4977,,0,81
259,UCzmp6kKMrSbK-hHc59wLylw,"Jamal Alpha - 2",eq0PvE081FA,2021-03-23T23:01:38Z,"2021-03-23 23:01:38","GRANNY | سنعيش الرعب هاته الليلة","قناة الخاصة بألعاب القناة الرسمية : https://goo.gl/GDsjdj أهلا بكم و شكرا على ثقتكم لمتابعة يومياتي على انستغرام : http://bit.ly/2ncwNUr Page Facebook : https://goo.gl/hB3uVY Email only for Business : Jamalalphaazmi@gmail.com - اللهم صل وسلم وبارك على نبينا وحبيبنا محمد. - أستغفر الله العظيم و أتوب اليه","Jamal alpha,جمال ألفا,Jamal alpha gamer,ألعاب,games",20,Gaming,"Action-adventure_game,Action_game,Role-playing_video_game,Video_game_culture",PT23M1S,1381,2d,hd,false,ar,ar,https://i.ytimg.com/vi/eq0PvE081FA/maxresdefault.jpg,1,,,,,1447330,51062,,0,3271
260,UCzmp6kKMrSbK-hHc59wLylw,"Jamal Alpha - 2",vRnc680U56M,2021-03-19T23:27:01Z,"2021-03-19 23:27:01","PES 2021 | الليلة سهرة كروية","قناة الخاصة بألعاب القناة الرسمية : https://goo.gl/GDsjdj أهلا بكم و شكرا على ثقتكم لمتابعة يومياتي على انستغرام : http://bit.ly/2ncwNUr Page Facebook : https://goo.gl/hB3uVY Email only for Business : Jamalalphaazmi@gmail.com - اللهم صل وسلم وبارك على نبينا وحبيبنا محمد. - أستغفر الله العظيم و أتوب اليه","Jamal alpha,جمال ألفا,Jamal alpha gamer,ألعاب,games",20,Gaming,"Role-playing_video_game,Sports_game,Video_game_culture",PT2H45M9S,2709,2d,hd,false,ar,ar,https://i.ytimg.com/vi/vRnc680U56M/maxresdefault.jpg,1,,,,,243508,14312,,0,367
261,UCzmp6kKMrSbK-hHc59wLylw,"Jamal Alpha - 2",1RTh2s1WaKQ,2021-03-17T23:02:55Z,"2021-03-17 23:02:55","Fall Guys | ليلة انتقم من داك عدو الله","قناة الخاصة بألعاب القناة الرسمية : https://goo.gl/GDsjdj أهلا بكم و شكرا على ثقتكم لمتابعة يومياتي على انستغرام : http://bit.ly/2ncwNUr Page Facebook : https://goo.gl/hB3uVY Email only for Business : Jamalalphaazmi@gmail.com - اللهم صل وسلم وبارك على نبينا وحبيبنا محمد. - أستغفر الله العظيم و أتوب اليه","Jamal alpha,جمال ألفا,Jamal alpha gamer,ألعاب,games",20,Gaming,"Action-adventure_game,Action_game,Role-playing_video_game,Video_game_culture",PT44M35S,2675,2d,hd,false,ar,ar,https://i.ytimg.com/vi/1RTh2s1WaKQ/maxresdefault.jpg,1,,,,,208399,14785,,0,441
262,UCzmp6kKMrSbK-hHc59wLylw,"Jamal Alpha - 2",pPg6_-LG4d0,2021-03-16T22:06:17Z,"2021-03-16 22:06:17","Fall Guys | البحث أول انتصار","قناة الخاصة بألعاب القناة الرسمية : https://goo.gl/GDsjdj أهلا بكم و شكرا على ثقتكم لمتابعة يومياتي على انستغرام : http://bit.ly/2ncwNUr Page Facebook : https://goo.gl/hB3uVY Email only for Business : Jamalalphaazmi@gmail.com - اللهم صل وسلم وبارك على نبينا وحبيبنا محمد. - أستغفر الله العظيم و أتوب اليه","Jamal alpha,جمال ألفا,Jamal alpha gamer,ألعاب,games",20,Gaming,"Action-adventure_game,Action_game,Role-playing_video_game,Video_game_culture",PT30M53S,1853,2d,hd,false,ar,ar,https://i.ytimg.com/vi/pPg6_-LG4d0/maxresdefault.jpg,1,,,,,160783,12672,,0,459
263,UCzmp6kKMrSbK-hHc59wLylw,"Jamal Alpha - 2",pfQaxhRnaok,2021-03-15T00:45:04Z,"2021-03-15 00:45:04","LIVE CALL OF DUTY | البحث عن تالث انتصار","قناة الخاصة بألعاب القناة الرسمية : https://goo.gl/GDsjdj أهلا بكم و شكرا على ثقتكم لمتابعة يومياتي على انستغرام : http://bit.ly/2ncwNUr Page Facebook : https://goo.gl/hB3uVY Email only for Business : Jamalalphaazmi@gmail.com - اللهم صل وسلم وبارك على نبينا وحبيبنا محمد. - أستغفر الله العظيم و أتوب اليه","Jamal alpha,جمال ألفا,Jamal alpha gamer,ألعاب,games",20,Gaming,"Action-adventure_game,Action_game,Role-playing_video_game,Video_game_culture",PT2H43M9S,2589,2d,hd,false,ar,ar,https://i.ytimg.com/vi/pfQaxhRnaok/maxresdefault.jpg,1,,,,,77384,5638,,0,95
264,UCzmp6kKMrSbK-hHc59wLylw,"Jamal Alpha - 2",jxrI1emFx9o,2021-03-14T01:59:08Z,"2021-03-14 01:59:08","LIVE CALL OF DUTY | طريق نحو الاحتراف","قناة الخاصة بألعاب القناة الرسمية : https://goo.gl/GDsjdj أهلا بكم و شكرا على ثقتكم لمتابعة يومياتي على انستغرام : http://bit.ly/2ncwNUr Page Facebook : https://goo.gl/hB3uVY Email only for Business : Jamalalphaazmi@gmail.com - اللهم صل وسلم وبارك على نبينا وحبيبنا محمد. - أستغفر الله العظيم و أتوب اليه","Jamal alpha,جمال ألفا,Jamal alpha gamer,ألعاب,games",20,Gaming,"Action-adventure_game,Action_game,Role-playing_video_game,Video_game_culture",PT4H24M31S,1471,2d,hd,false,ar,ar,https://i.ytimg.com/vi/jxrI1emFx9o/maxresdefault.jpg,1,,,,,51874,7525,,0,83
265,UCzmp6kKMrSbK-hHc59wLylw,"Jamal Alpha - 2",lUMBXaMCVKQ,2021-03-08T18:00:27Z,"2021-03-08 18:00:27","أخيرا وجدنا منافس لعبة Fall Gyus 🔥 Stumble Guys 🔥","قناة الخاصة بألعاب القناة الرسمية : https://goo.gl/GDsjdj أهلا بكم و شكرا على ثقتكم لمتابعة يومياتي على انستغرام : http://bit.ly/2ncwNUr Page Facebook : https://goo.gl/hB3uVY Email only for Business : Jamalalphaazmi@gmail.com - اللهم صل وسلم وبارك على نبينا وحبيبنا محمد. - أستغفر الله العظيم و أتوب اليه","Jamal alpha,جمال ألفا,Jamal alpha gamer,ألعاب,games",20,Gaming,"Action-adventure_game,Action_game,Racing_video_game,Video_game_culture",PT9M33S,573,2d,hd,false,ar,ar,https://i.ytimg.com/vi/lUMBXaMCVKQ/maxresdefault.jpg,1,,,,,195660,15182,,0,638
266,UCzmp6kKMrSbK-hHc59wLylw,"Jamal Alpha - 2",Wj-rT3mfSDI,2021-03-06T14:00:07Z,"2021-03-06 14:00:07","سنلعب اليوم لعبة PK XD !! 🤣","قناة الخاصة بألعاب القناة الرسمية : https://goo.gl/GDsjdj أهلا بكم و شكرا على ثقتكم لمتابعة يومياتي على انستغرام : http://bit.ly/2ncwNUr Page Facebook : https://goo.gl/hB3uVY Email only for Business : Jamalalphaazmi@gmail.com - اللهم صل وسلم وبارك على نبينا وحبيبنا محمد. - أستغفر الله العظيم و أتوب اليه","Jamal alpha,جمال ألفا,Jamal alpha gamer,ألعاب,games",20,Gaming,"Action_game,Role-playing_video_game,Video_game_culture",PT12M39S,759,2d,hd,false,ar,ar,https://i.ytimg.com/vi/Wj-rT3mfSDI/maxresdefault.jpg,1,,,,,172009,12799,,0,970
267,UCzmp6kKMrSbK-hHc59wLylw,"Jamal Alpha - 2",c8pNA5HfMHo,2020-12-15T15:20:37Z,"2020-12-15 15:20:37","مبقا والو للمليون - مبارايت العصبة و البطولة على المباشر","قناة الخاصة بألعاب القناة الرسمية : https://goo.gl/GDsjdj أهلا بكم و شكرا على ثقتكم لمتابعة يومياتي على انستغرام : http://bit.ly/2ncwNUr Page Facebook : https://goo.gl/hB3uVY Email only for Business : Jamalalphaazmi@gmail.com - اللهم صل وسلم وبارك على نبينا وحبيبنا محمد. - أستغفر الله العظيم و أتوب اليه","Jamal alpha,جمال ألفا,Jamal alpha gamer,ألعاب,games",20,Gaming,"Action_game,Role-playing_video_game,Simulation_video_game,Sports_game",PT1H22M9S,1329,2d,hd,false,ar,ar,https://i.ytimg.com/vi/c8pNA5HfMHo/maxresdefault.jpg,1,,,,,287926,28928,,0,1084
268,UCzmp6kKMrSbK-hHc59wLylw,"Jamal Alpha - 2",EZ0TNE1bCNw,2020-12-13T16:00:02Z,"2020-12-13 16:00:02","لأول مرة جمال ألفا في تحدي على بيس 21 | PES 2021 🔥🔥","قناة الخاصة بألعاب القناة الرسمية : https://goo.gl/GDsjdj أهلا بكم و شكرا على ثقتكم لمتابعة يومياتي على انستغرام : http://bit.ly/2ncwNUr Page Facebook : https://goo.gl/hB3uVY Email only for Business : Jamalalphaazmi@gmail.com - اللهم صل وسلم وبارك على نبينا وحبيبنا محمد. - أستغفر الله العظيم و أتوب اليه","Jamal alpha,جمال ألفا,Jamal alpha gamer,ألعاب,games,PES 2021,بيس 21",20,Gaming,"Action_game,Role-playing_video_game,Simulation_video_game,Sports_game,Video_game_culture",PT17M56S,1076,2d,hd,false,ar,ar,https://i.ytimg.com/vi/EZ0TNE1bCNw/maxresdefault.jpg,1,,,,,193217,22921,,0,2051
269,UCzmp6kKMrSbK-hHc59wLylw,"Jamal Alpha - 2",eVYL7gCELBU,2020-12-10T15:00:12Z,"2020-12-10 15:00:12","Rock of Ages 2 - أغرب لعبه في العالم","قناة الخاصة بألعاب القناة الرسمية : https://goo.gl/GDsjdj أهلا بكم و شكرا على ثقتكم لمتابعة يومياتي على انستغرام : http://bit.ly/2ncwNUr Page Facebook : https://goo.gl/hB3uVY Email only for Business : Jamalalphaazmi@gmail.com - اللهم صل وسلم وبارك على نبينا وحبيبنا محمد. - أستغفر الله العظيم و أتوب اليه","Jamal alpha,جمال ألفا,Jamal alpha gamer,ألعاب,games,Sega Rock of Ages 2",20,Gaming,"Action-adventure_game,Action_game,Casual_game,Role-playing_video_game,Simulation_video_game,Strategy_video_game,Video_game_culture",PT15M35S,935,2d,hd,false,ar,ar,https://i.ytimg.com/vi/eVYL7gCELBU/maxresdefault.jpg,1,,,,,224345,23366,,0,1315
270,UCzmp6kKMrSbK-hHc59wLylw,"Jamal Alpha - 2",g9vlBaSUiwk,2020-12-08T14:30:05Z,"2020-12-08 14:30:05","من المشهور أكثر؟ - The Higher Lower Game","قناة الخاصة بألعاب القناة الرسمية : https://goo.gl/GDsjdj أهلا بكم و شكرا على ثقتكم لمتابعة يومياتي على انستغرام : http://bit.ly/2ncwNUr Page Facebook : https://goo.gl/hB3uVY Email only for Business : Jamalalphaazmi@gmail.com - اللهم صل وسلم وبارك على نبينا وحبيبنا محمد. - أستغفر الله العظيم و أتوب اليه","Jamal alpha,جمال ألفا,Jamal alpha gamer,ألعاب,games,The Higher Lower Game",20,Gaming,,PT10M6S,606,2d,hd,false,ar,ar,https://i.ytimg.com/vi/g9vlBaSUiwk/maxresdefault.jpg,1,,,,,277159,42938,,0,1517
271,UCzmp6kKMrSbK-hHc59wLylw,"Jamal Alpha - 2",e1oHNlU-qD8,2020-11-29T12:21:00Z,"2020-11-29 12:21:00","فري فاير - فعالية البوكس مع جمال ألفا | ثلاتة أكواد للفوز 😍🔥","قناة الخاصة بألعاب القناة الرسمية : https://goo.gl/GDsjdj أهلا بكم و شكرا على ثقتكم رابط ديسكور : https://discord.gg/YgWGQtqNwB لمتابعة يومياتي على انستغرام : http://bit.ly/2ncwNUr Page Facebook : https://goo.gl/hB3uVY Email only for Business : Jamalalphaazmi@gmail.com - اللهم صل وسلم وبارك على نبينا وحبيبنا محمد. - أستغفر الله العظيم و أتوب اليه","Jamal alpha,جمال ألفا,Jamal alpha gamer,ألعاب,games,أبو,فله,فله\\games,الفلاويه,قيمز,aboflah,حسن,فورتنايت,fortnite,سكواد,تحدي,سكن مضحك,fortnite battle royale,ضحك,وناسه,30+,أقوى تحدي فورت نايت للأساطير,season,فورت نايت,فورت نايت نينجا,حماس ألف,التحديث الجديد,رقصات جديدة,عشوائي,battle royale,باتل رويال,خريطة,اعلى عدد ذبحات,funny,موسم الجديد,المظلة,ماب جديد,الموسم الجديد لفورت نايت وصل",20,Gaming,"Action-adventure_game,Action_game,Casual_game,Role-playing_video_game,Video_game_culture",PT15M48S,948,2d,hd,false,ar,ar,https://i.ytimg.com/vi/e1oHNlU-qD8/maxresdefault.jpg,1,,,,,417466,44701,,0,1544
272,UCzmp6kKMrSbK-hHc59wLylw,"Jamal Alpha - 2",3tuo5VRp-P8,2020-11-20T13:59:46Z,"2020-11-20 13:59:46","وصلت لحظة التي يتمناها الجميع 😍🔥","أروع العروض بلاك فرايداي تجدونها هنا : https://bit.ly/2UwLfra رابط ديسكور : https://discord.gg/YgWGQtqNwB #jumiablackfridays قناة الخاصة بألعاب القناة الرسمية : https://goo.gl/GDsjdj أهلا بكم و شكرا على ثقتكم لمتابعة يومياتي على انستغرام : http://bit.ly/2ncwNUr Page Facebook : https://goo.gl/hB3uVY Email only for Business : Jamalalphaazmi@gmail.com - اللهم صل وسلم وبارك على نبينا وحبيبنا محمد. - أستغفر الله العظيم و أتوب اليه","Jamal alpha,جمال ألفا,Jamal alpha gamer,ألعاب,games,free fire,فري فاير",20,Gaming,,PT7M1S,421,2d,hd,false,ar,ar,https://i.ytimg.com/vi/3tuo5VRp-P8/maxresdefault.jpg,1,,,,,219189,36920,,0,1592
273,UCzmp6kKMrSbK-hHc59wLylw,"Jamal Alpha - 2",w7EwGod3E-o,2020-11-09T18:50:47Z,"2020-11-09 18:50:47","أخيرا اليوم بنادم راسو غايطير | Among Us","رابط ديسكور : https://discord.gg/YgWGQtqNwB قناة الخاصة بألعاب القناة الرسمية : https://goo.gl/GDsjdj أهلا بكم و شكرا على ثقتكم لمتابعة يومياتي على انستغرام : http://bit.ly/2ncwNUr Page Facebook : https://goo.gl/hB3uVY Email only for Business : Jamalalphaazmi@gmail.com - اللهم صل وسلم وبارك على نبينا وحبيبنا محمد. - أستغفر الله العظيم و أتوب اليه","Jamal alpha,جمال ألفا,Jamal alpha gamer,ألعاب,games",20,Gaming,"Action-adventure_game,Action_game,Casual_game,Role-playing_video_game,Simulation_video_game,Video_game_culture",PT21M6S,1266,2d,hd,false,ar,ar,https://i.ytimg.com/vi/w7EwGod3E-o/maxresdefault.jpg,1,,,,,306732,23206,,0,860
274,UCzmp6kKMrSbK-hHc59wLylw,"Jamal Alpha - 2",9VvBdP2eC9k,2020-11-08T12:31:36Z,"2020-11-08 12:31:36","غدروني ولاد الحرام | Call of Duty Mobile","قناة الخاصة بألعاب القناة الرسمية : https://goo.gl/GDsjdj أهلا بكم و شكرا على ثقتكم لمتابعة يومياتي على انستغرام : http://bit.ly/2ncwNUr Page Facebook : https://goo.gl/hB3uVY Email only for Business : Jamalalphaazmi@gmail.com - اللهم صل وسلم وبارك على نبينا وحبيبنا محمد. - أستغفر الله العظيم و أتوب اليه","Jamal alpha,جمال ألفا,Jamal alpha gamer,ألعاب,games",20,Gaming,"Action-adventure_game,Action_game,Casual_game,Role-playing_video_game,Video_game_culture",PT10M36S,636,2d,hd,false,ar,ar,https://i.ytimg.com/vi/9VvBdP2eC9k/maxresdefault.jpg,1,,,,,115915,10000,,0,1046
275,UCzmp6kKMrSbK-hHc59wLylw,"Jamal Alpha - 2",6fjMj51saq0,2020-11-03T18:31:08Z,"2020-11-03 18:31:08","غادي نلعبو أمونغ اس لايف مع المتابعين ليوما نبلبلوها",": لي بغا يدخل يقصر معانا لايف يدخل هنا https://discord.gg/9C8c6uky قناة الخاصة بألعاب القناة الرسمية : https://goo.gl/GDsjdj أهلا بكم و شكرا على ثقتكم لمتابعة يومياتي على انستغرام : http://bit.ly/2ncwNUr Page Facebook : https://goo.gl/hB3uVY Email only for Business : Jamalalphaazmi@gmail.com - اللهم صل وسلم وبارك على نبينا وحبيبنا محمد. - أستغفر الله العظيم و أتوب اليه","Jamal alpha,جمال ألفا,Jamal alpha gamer,ألعاب,games",20,Gaming,"Action-adventure_game,Action_game,Casual_game,Puzzle_video_game,Role-playing_video_game,Simulation_video_game,Video_game_culture",PT53M57S,3237,2d,hd,false,ar,ar,https://i.ytimg.com/vi/6fjMj51saq0/maxresdefault.jpg,1,,,,,133323,13452,,0,361
276,UCzmp6kKMrSbK-hHc59wLylw,"Jamal Alpha - 2",5jOqdaUm2LQ,2020-11-01T16:15:31Z,"2020-11-01 16:15:31","لعبت معاكم فـ أمونغ آس و تعديتو عليا | Among Us","قناة الخاصة بألعاب القناة الرسمية : https://goo.gl/GDsjdj أهلا بكم و شكرا على ثقتكم لمتابعة يومياتي على انستغرام : http://bit.ly/2ncwNUr Page Facebook : https://goo.gl/hB3uVY Email only for Business : Jamalalphaazmi@gmail.com - اللهم صل وسلم وبارك على نبينا وحبيبنا محمد. - أستغفر الله العظيم و أتوب اليه","Jamal alpha,جمال ألفا,Jamal alpha gamer,ألعاب,games",20,Gaming,"Action-adventure_game,Action_game,Casual_game,Role-playing_video_game,Video_game_culture",PT21M5S,1265,2d,hd,false,ar,ar,https://i.ytimg.com/vi/5jOqdaUm2LQ/maxresdefault.jpg,1,,,,,456355,30376,,0,1013
277,UCzmp6kKMrSbK-hHc59wLylw,"Jamal Alpha - 2",cRTHIZ-I3dY,2020-10-13T19:00:09Z,"2020-10-13 19:00:09","الربندز رجل الغابة يسيطر على لعبة Among Us","قناة الخاصة بألعاب القناة الرسمية : https://goo.gl/GDsjdj أهلا بكم و شكرا على ثقتكم لمتابعة يومياتي على انستغرام : http://bit.ly/2ncwNUr Page Facebook : https://goo.gl/hB3uVY Email only for Business : Jamalalphaazmi@gmail.com - اللهم صل وسلم وبارك على نبينا وحبيبنا محمد. - أستغفر الله العظيم و أتوب اليه","Jamal alpha,جمال ألفا,Jamal alpha gamer,ألعاب,games",20,Gaming,"Action-adventure_game,Action_game,Casual_game,Role-playing_video_game,Simulation_video_game,Strategy_video_game,Video_game_culture",PT11M51S,711,2d,hd,false,ar,ar,https://i.ytimg.com/vi/cRTHIZ-I3dY/maxresdefault.jpg,1,,,,,204403,21728,,0,1031
278,UCzmp6kKMrSbK-hHc59wLylw,"Jamal Alpha - 2",WCcicPqJNdk,2020-10-10T19:00:04Z,"2020-10-10 19:00:04","لعبة Among Us تحت السيطرة المغاربة برعاية جمال ألفا 😎","قناة الخاصة بألعاب القناة الرسمية : https://goo.gl/GDsjdj أهلا بكم و شكرا على ثقتكم لمتابعة يومياتي على انستغرام : http://bit.ly/2ncwNUr Page Facebook : https://goo.gl/hB3uVY Email only for Business : Jamalalphaazmi@gmail.com - اللهم صل وسلم وبارك على نبينا وحبيبنا محمد. - أستغفر الله العظيم و أتوب اليه","Jamal alpha,جمال ألفا,Jamal alpha gamer,ألعاب,games",20,Gaming,"Action-adventure_game,Action_game,Casual_game,Role-playing_video_game,Video_game_culture",PT13M9S,789,2d,hd,false,ar,ar,https://i.ytimg.com/vi/WCcicPqJNdk/maxresdefault.jpg,1,,,,,330672,32505,,0,1303
279,UCzmp6kKMrSbK-hHc59wLylw,"Jamal Alpha - 2",pTHrJ2jj7CA,2020-10-08T19:00:13Z,"2020-10-08 19:00:13","جمال ألفا ضد الرئيس الأمريكي ترامب في لعبة Among Us","قناة الخاصة بألعاب القناة الرسمية : https://goo.gl/GDsjdj أهلا بكم و شكرا على ثقتكم لمتابعة يومياتي على انستغرام : http://bit.ly/2ncwNUr Page Facebook : https://goo.gl/hB3uVY Email only for Business : Jamalalphaazmi@gmail.com - اللهم صل وسلم وبارك على نبينا وحبيبنا محمد. - أستغفر الله العظيم و أتوب اليه","Jamal alpha,جمال ألفا,Jamal alpha gamer,ألعاب,games",20,Gaming,"Action-adventure_game,Action_game,Casual_game,Role-playing_video_game,Simulation_video_game,Video_game_culture",PT7M7S,427,2d,hd,false,ar,ar,https://i.ytimg.com/vi/pTHrJ2jj7CA/maxresdefault.jpg,1,,,,,285050,30275,,0,857
280,UCzmp6kKMrSbK-hHc59wLylw,"Jamal Alpha - 2",18GZMdYuH1Q,2020-09-18T17:47:44Z,"2020-09-18 17:47:44","Rocket League !! | جمال ألفا يلعب لأول مرة لعبة روكيت ليق","قناة الخاصة بألعاب القناة الرسمية : https://goo.gl/GDsjdj أهلا بكم و شكرا على ثقتكم لمتابعة يومياتي على انستغرام : http://bit.ly/2ncwNUr Page Facebook : https://goo.gl/hB3uVY Email only for Business : Jamalalphaazmi@gmail.com - اللهم صل وسلم وبارك على نبينا وحبيبنا محمد. - أستغفر الله العظيم و أتوب اليه","Jamal alpha,جمال ألفا,Jamal alpha gamer,ألعاب,games",20,Gaming,"Action-adventure_game,Action_game,Casual_game,Racing_video_game,Sports_game,Video_game_culture",PT13M23S,803,2d,hd,false,ar,ar,https://i.ytimg.com/vi/18GZMdYuH1Q/maxresdefault.jpg,1,,,,,195427,20854,,0,1236
281,UCzmp6kKMrSbK-hHc59wLylw,"Jamal Alpha - 2",KgdAXaQS8gA,2020-08-31T00:37:59Z,"2020-08-31 00:37:59","لعبت مع المتابعين مباشرة 😍 حصلت على العميق و البطريق من محاولة الأولى 😳🥳",": لي بغا يدخل يقصر معانا لايف يدخل هنا https://discord.gg/dv8v8qT قناة الخاصة بألعاب القناة الرسمية : https://goo.gl/GDsjdj أهلا بكم و شكرا على ثقتكم لمتابعة يومياتي على انستغرام : http://bit.ly/2ncwNUr Page Facebook : https://goo.gl/hB3uVY Email only for Business : Jamalalphaazmi@gmail.com - اللهم صل وسلم وبارك على نبينا وحبيبنا محمد. - أستغفر الله العظيم و أتوب اليه","Jamal alpha,جمال ألفا,Jamal alpha gamer,ألعاب,games",20,Gaming,"Action-adventure_game,Action_game,Casual_game,Role-playing_video_game,Video_game_culture",PT1H2M19S,139,2d,hd,false,ar,ar,https://i.ytimg.com/vi/KgdAXaQS8gA/maxresdefault.jpg,1,,,,,179986,22615,,0,1043
282,UCzmp6kKMrSbK-hHc59wLylw,"Jamal Alpha - 2",S1Lmdpvmb-o,2020-08-27T14:01:57Z,"2020-08-27 14:01:57","ثعبان ديالي هو الأقوى في العالم 🐍 | Slither.io","قناة الخاصة بألعاب القناة الرسمية : https://goo.gl/GDsjdj أهلا بكم و شكرا على ثقتكم لمتابعة يومياتي على انستغرام : http://bit.ly/2ncwNUr Page Facebook : https://goo.gl/hB3uVY Email only for Business : Jamalalphaazmi@gmail.com - اللهم صل وسلم وبارك على نبينا وحبيبنا محمد. - أستغفر الله العظيم و أتوب اليه","Jamal alpha,جمال ألفا,Jamal alpha gamer,ألعاب,games",20,Gaming,"Casual_game,Puzzle_video_game,Video_game_culture",PT12M23S,743,2d,hd,false,ar,ar,https://i.ytimg.com/vi/S1Lmdpvmb-o/maxresdefault.jpg,1,,,,,339811,24181,,0,1109
283,UCzmp6kKMrSbK-hHc59wLylw,"Jamal Alpha - 2",lTGB31PUA8I,2020-08-25T20:00:08Z,"2020-08-25 20:00:08","FRAG 2020 | لعبة قادمة بالقوة 😍 رفعنا 🇲🇦⁩ العلم المغربي ⁦⁩","قناة الخاصة بألعاب القناة الرسمية : https://goo.gl/GDsjdj أهلا بكم و شكرا على ثقتكم لمتابعة يومياتي على انستغرام : http://bit.ly/2ncwNUr Page Facebook : https://goo.gl/hB3uVY Email only for Business : Jamalalphaazmi@gmail.com - اللهم صل وسلم وبارك على نبينا وحبيبنا محمد. - أستغفر الله العظيم و أتوب اليه #تحدي_نوصلو_900_ألف_مشترك","Jamal alpha,جمال ألفا,Jamal alpha gamer,ألعاب,games",20,Gaming,"Action-adventure_game,Action_game,Casual_game,Video_game_culture",PT10M2S,602,2d,hd,false,ar,ar,https://i.ytimg.com/vi/lTGB31PUA8I/maxresdefault.jpg,1,,,,,135790,14856,,0,983
284,UCzmp6kKMrSbK-hHc59wLylw,"Jamal Alpha - 2",UPRycrykDEg,2020-08-25T17:00:12Z,"2020-08-25 17:00:12","Fall guys | أعدكم وعد الرجال سأصل للنهائي و سأنتصر 😤","قناة الخاصة بألعاب القناة الرسمية : https://goo.gl/GDsjdj أهلا بكم و شكرا على ثقتكم لمتابعة يومياتي على انستغرام : http://bit.ly/2ncwNUr Page Facebook : https://goo.gl/hB3uVY Email only for Business : Jamalalphaazmi@gmail.com - اللهم صل وسلم وبارك على نبينا وحبيبنا محمد. - أستغفر الله العظيم و أتوب اليه #تحدي_نوصلو_900_ألف_مشترك","Jamal alpha,جمال ألفا,Jamal alpha gamer,ألعاب,games",20,Gaming,"Action-adventure_game,Action_game,Casual_game,Role-playing_video_game,Video_game_culture",PT14M30S,870,2d,hd,false,ar,ar,https://i.ytimg.com/vi/UPRycrykDEg/maxresdefault.jpg,1,,,,,348093,30909,,0,835
285,UCzmp6kKMrSbK-hHc59wLylw,"Jamal Alpha - 2",90zplWcyEJY,2020-08-25T14:00:02Z,"2020-08-25 14:00:02","The Barber Shop Simulator - جراو عليا من الصالون 😢","قناة الخاصة بألعاب القناة الرسمية : https://goo.gl/GDsjdj أهلا بكم و شكرا على ثقتكم لمتابعة يومياتي على انستغرام : http://bit.ly/2ncwNUr Page Facebook : https://goo.gl/hB3uVY Email only for Business : Jamalalphaazmi@gmail.com - اللهم صل وسلم وبارك على نبينا وحبيبنا محمد. - أستغفر الله العظيم و أتوب اليه #تحدي_نوصلو_900_ألف_مشترك","Jamal alpha,جمال ألفا,Jamal alpha gamer,ألعاب,games",20,Gaming,"Casual_game,Role-playing_video_game,Simulation_video_game,Video_game_culture",PT14M3S,843,2d,hd,false,ar,ar,https://i.ytimg.com/vi/90zplWcyEJY/maxresdefault.jpg,1,,,,,311464,29102,,0,2334
286,UCzmp6kKMrSbK-hHc59wLylw,"Jamal Alpha - 2",KsYnH8VrnUY,2020-08-23T17:00:08Z,"2020-08-23 17:00:08","فري فاير : لعبت مع سكواد عشوائي مجنوون | FREE FIRE","قناة الخاصة بألعاب القناة الرسمية : https://goo.gl/GDsjdj أهلا بكم و شكرا على ثقتكم لمتابعة يومياتي على انستغرام : http://bit.ly/2ncwNUr Page Facebook : https://goo.gl/hB3uVY Email only for Business : Jamalalphaazmi@gmail.com - اللهم صل وسلم وبارك على نبينا وحبيبنا محمد. - أستغفر الله العظيم و أتوب اليه #تحدي_نوصلو_900_ألف_مشترك","Jamal alpha,جمال ألفا,Jamal alpha gamer,ألعاب,games",20,Gaming,"Action-adventure_game,Action_game,Casual_game,Role-playing_video_game,Video_game_culture",PT10M1S,601,2d,hd,false,ar,ar,https://i.ytimg.com/vi/KsYnH8VrnUY/maxresdefault.jpg,1,,,,,193269,28173,,0,2013
287,UCzmp6kKMrSbK-hHc59wLylw,"Jamal Alpha - 2",MPFLuvDok3A,2020-08-21T01:35:51Z,"2020-08-21 01:35:51","ليوما غادي نبلبلوها ديال بصح | GTA5 | LIVE",": لي بغا يدخل يقصر معانا لايف يدخل هنا https://discord.gg/dv8v8qT قناة الخاصة بألعاب القناة الرسمية : https://goo.gl/GDsjdj أهلا بكم و شكرا على ثقتكم لمتابعة يومياتي على انستغرام : http://bit.ly/2ncwNUr Page Facebook : https://goo.gl/hB3uVY Email only for Business : Jamalalphaazmi@gmail.com - اللهم صل وسلم وبارك على نبينا وحبيبنا محمد. - أستغفر الله العظيم و أتوب اليه #تحدي_نوصلو_900_ألف_مشترك","Jamal alpha,جمال ألفا,Jamal alpha gamer,ألعاب,games",20,Gaming,"Action-adventure_game,Action_game,Role-playing_video_game,Simulation_video_game,Video_game_culture",PT2H47M35S,2855,2d,hd,false,ar,ar,https://i.ytimg.com/vi/MPFLuvDok3A/maxresdefault.jpg,1,,,,,417920,27234,,0,641
288,UCzmp6kKMrSbK-hHc59wLylw,"Jamal Alpha - 2",oicESg5ZIC8,2020-08-20T00:13:04Z,"2020-08-20 00:13:04","جمال ألفا يدخل عالم الحياة الواقعية في قراند 5 | GTA5","قناة الخاصة بألعاب القناة الرسمية : https://goo.gl/GDsjdj أهلا بكم و شكرا على ثقتكم لمتابعة يومياتي على انستغرام : http://bit.ly/2ncwNUr Page Facebook : https://goo.gl/hB3uVY Email only for Business : Jamalalphaazmi@gmail.com - اللهم صل وسلم وبارك على نبينا وحبيبنا محمد. - أستغفر الله العظيم و أتوب اليه #تحدي_نوصلو_900_ألف_مشترك","Jamal alpha,جمال ألفا,Jamal alpha gamer,ألعاب,games",20,Gaming,"Action-adventure_game,Action_game,Casual_game,Role-playing_video_game,Simulation_video_game,Video_game_culture",PT1H17M17S,1037,2d,hd,false,ar,ar,https://i.ytimg.com/vi/oicESg5ZIC8/maxresdefault.jpg,1,,,,,285811,29019,,0,523
289,UCzmp6kKMrSbK-hHc59wLylw,"Jamal Alpha - 2",ibK3mOJENMU,2020-08-11T00:16:27Z,"2020-08-11 00:16:27","Fall Guys !! عدنا مرة أخرى و هاد المرة غنسرقو البيض","قناة الخاصة بألعاب القناة الرسمية : https://goo.gl/GDsjdj أهلا بكم و شكرا على ثقتكم لمتابعة يومياتي على انستغرام : http://bit.ly/2ncwNUr Page Facebook : https://goo.gl/hB3uVY Email only for Business : Jamalalphaazmi@gmail.com - اللهم صل وسلم وبارك على نبينا وحبيبنا محمد. - أستغفر الله العظيم و أتوب اليه #تحدي_نوصلو_900_ألف_مشترك","Jamal alpha,جمال ألفا,Jamal alpha gamer,ألعاب,games",20,Gaming,"Action-adventure_game,Action_game,Casual_game,Role-playing_video_game,Video_game_culture",PT1H31M4S,1864,2d,hd,false,ar,ar,https://i.ytimg.com/vi/ibK3mOJENMU/maxresdefault.jpg,1,,,,,365998,43492,,0,1279
290,UCzmp6kKMrSbK-hHc59wLylw,"Jamal Alpha - 2",TWTRNehzKp8,2020-08-10T00:01:16Z,"2020-08-10 00:01:16","Fall Guys !! جمال ألفا يلعب على المباشر لعبة","قناة الخاصة بألعاب القناة الرسمية : https://goo.gl/GDsjdj أهلا بكم و شكرا على ثقتكم لمتابعة يومياتي على انستغرام : http://bit.ly/2ncwNUr Page Facebook : https://goo.gl/hB3uVY Email only for Business : Jamalalphaazmi@gmail.com - اللهم صل وسلم وبارك على نبينا وحبيبنا محمد. - أستغفر الله العظيم و أتوب اليه #تحدي_نوصلو_900_ألف_مشترك","Jamal alpha,جمال ألفا,Jamal alpha gamer,ألعاب,games",20,Gaming,"Action-adventure_game,Action_game,Casual_game,Video_game_culture",PT42M51S,2571,2d,hd,false,ar,ar,https://i.ytimg.com/vi/TWTRNehzKp8/maxresdefault.jpg,1,,,,,271888,36705,,0,1073
291,UCzmp6kKMrSbK-hHc59wLylw,"Jamal Alpha - 2",YLajEDNDlRs,2020-08-09T20:00:03Z,"2020-08-09 20:00:03","GTA V | قراند 5 : سرقت سيارة الشرطة و خربت المدينة كااملة","قناة الخاصة بألعاب القناة الرسمية : https://goo.gl/GDsjdj أهلا بكم و شكرا على ثقتكم لمتابعة يومياتي على انستغرام : http://bit.ly/2ncwNUr Page Facebook : https://goo.gl/hB3uVY Email only for Business : Jamalalphaazmi@gmail.com - اللهم صل وسلم وبارك على نبينا وحبيبنا محمد. - أستغفر الله العظيم و أتوب اليه #تحدي_نوصلو_900_ألف_مشترك","Jamal alpha,جمال ألفا,Jamal alpha gamer,ألعاب,games",20,Gaming,"Action-adventure_game,Action_game,Video_game_culture",PT14M53S,893,2d,hd,false,ar,ar,https://i.ytimg.com/vi/YLajEDNDlRs/maxresdefault.jpg,1,,,,,769173,65775,,0,1178
292,UCzmp6kKMrSbK-hHc59wLylw,"Jamal Alpha - 2",PmGVWkKmwXo,2020-08-07T20:00:03Z,"2020-08-07 20:00:03","Fall Guys !! لعبة مجنونة : أروع لعبة في العالم لهاته السنة","قناة الخاصة بألعاب القناة الرسمية : https://goo.gl/GDsjdj أهلا بكم و شكرا على ثقتكم لمتابعة يومياتي على انستغرام : http://bit.ly/2ncwNUr Page Facebook : https://goo.gl/hB3uVY Email only for Business : Jamalalphaazmi@gmail.com - اللهم صل وسلم وبارك على نبينا وحبيبنا محمد. - أستغفر الله العظيم و أتوب اليه #تحدي_نوصلو_900_ألف_مشترك","Jamal alpha,جمال ألفا,Jamal alpha gamer,ألعاب,games",20,Gaming,"Action-adventure_game,Action_game,Casual_game,Role-playing_video_game,Video_game_culture",PT14M17S,857,2d,hd,false,ar,ar,https://i.ytimg.com/vi/PmGVWkKmwXo/maxresdefault.jpg,1,,,,,360992,37048,,0,1232
293,UCzmp6kKMrSbK-hHc59wLylw,"Jamal Alpha - 2",Ez_HCvUimAs,2020-08-05T20:00:05Z,"2020-08-05 20:00:05","Yandere Simulator | فتاة تدمر اي شخص يحاول التقرب من سينباي 😳 ( حبيبها يعني ) 😅","قناة الخاصة بألعاب القناة الرسمية : https://goo.gl/GDsjdj أهلا بكم و شكرا على ثقتكم لمتابعة يومياتي على انستغرام : http://bit.ly/2ncwNUr Page Facebook : https://goo.gl/hB3uVY Email only for Business : Jamalalphaazmi@gmail.com - اللهم صل وسلم وبارك على نبينا وحبيبنا محمد. - أستغفر الله العظيم و أتوب اليه #تحدي_نوصلو_900_ألف_مشترك","Jamal alpha,جمال ألفا,Jamal alpha gamer,ألعاب,games",20,Gaming,"Casual_game,Role-playing_video_game,Simulation_video_game,Video_game_culture",PT16M11S,971,2d,hd,false,ar,ar,https://i.ytimg.com/vi/Ez_HCvUimAs/maxresdefault.jpg,1,,,,,370748,42236,,0,1824
294,UCzmp6kKMrSbK-hHc59wLylw,"Jamal Alpha - 2",Dc70qEaUzMI,2020-08-03T20:00:00Z,"2020-08-03 20:00:00","GTA V | لأول مرة جمال ألفا يلعب قراند الحياة الواقعية","قناة الخاصة بألعاب القناة الرسمية : https://goo.gl/GDsjdj أهلا بكم و شكرا على ثقتكم لمتابعة يومياتي على انستغرام : http://bit.ly/2ncwNUr Page Facebook : https://goo.gl/hB3uVY Email only for Business : Jamalalphaazmi@gmail.com - اللهم صل وسلم وبارك على نبينا وحبيبنا محمد. - أستغفر الله العظيم و أتوب اليه #تحدي_نوصلو_900_ألف_مشترك","Jamal alpha,جمال ألفا,Jamal alpha gamer,ألعاب,games",20,Gaming,"Action-adventure_game,Action_game,Casual_game,Role-playing_video_game,Simulation_video_game,Video_game_culture",PT19M30S,1170,2d,hd,false,ar,ar,https://i.ytimg.com/vi/Dc70qEaUzMI/maxresdefault.jpg,1,,,,,1122604,79886,,0,3195
295,UCzmp6kKMrSbK-hHc59wLylw,"Jamal Alpha - 2",ENz5gDkNReU,2020-08-01T19:45:00Z,"2020-08-01 19:45:00","لعبة غريبة | أغرب لعبة ممكن تلعبها !! 😮","قناة الخاصة بألعاب القناة الرسمية : https://goo.gl/GDsjdj أهلا بكم و شكرا على ثقتكم لمتابعة يومياتي على انستغرام : http://bit.ly/2ncwNUr Page Facebook : https://goo.gl/hB3uVY Email only for Business : Jamalalphaazmi@gmail.com - اللهم صل وسلم وبارك على نبينا وحبيبنا محمد. - أستغفر الله العظيم و أتوب اليه #تحدي_نوصلو_900_ألف_مشترك","Jamal alpha,جمال ألفا,Jamal alpha gamer,ألعاب,games",20,Gaming,"Casual_game,Puzzle_video_game,Video_game_culture",PT5M20S,320,2d,hd,false,ar,ar,https://i.ytimg.com/vi/ENz5gDkNReU/maxresdefault.jpg,1,,,,,329728,31346,,0,2115
296,UCzmp6kKMrSbK-hHc59wLylw,"Jamal Alpha - 2",Ehl8jTUxrqM,2020-07-29T14:21:01Z,"2020-07-29 14:21:01","Naruto Shippuden 😍 جمعت أقوى فريق في عالم ناروتو 🔥 مدارا يا أسطورة","قناة الخاصة بألعاب القناة الرسمية : https://goo.gl/GDsjdj أهلا بكم و شكرا على ثقتكم لمتابعة يومياتي على انستغرام : http://bit.ly/2ncwNUr Page Facebook : https://goo.gl/hB3uVY Email only for Business : Jamalalphaazmi@gmail.com - اللهم صل وسلم وبارك على نبينا وحبيبنا محمد. - أستغفر الله العظيم و أتوب اليه #تحدي_نوصلو_900_ألف_مشترك","Jamal alpha,جمال ألفا,Jamal alpha gamer,ألعاب,games",20,Gaming,"Action-adventure_game,Action_game,Role-playing_video_game,Video_game_culture",PT20M7S,1207,2d,hd,false,ar,ar,https://i.ytimg.com/vi/Ehl8jTUxrqM/maxresdefault.jpg,1,,,,,199052,25842,,0,1344
297,UCzmp6kKMrSbK-hHc59wLylw,"Jamal Alpha - 2",yrsHmyv-uYw,2020-07-26T14:38:51Z,"2020-07-26 14:38:51","Sniper Elite V2 | بسبب خطأ واحد أصبحت في مواجهة جيش بأكمله 😱","قناة الخاصة بألعاب القناة الرسمية : https://goo.gl/GDsjdj أهلا بكم و شكرا على ثقتكم لمتابعة يومياتي على انستغرام : http://bit.ly/2ncwNUr Page Facebook : https://goo.gl/hB3uVY Email only for Business : Jamalalphaazmi@gmail.com - اللهم صل وسلم وبارك على نبينا وحبيبنا محمد. - أستغفر الله العظيم و أتوب اليه #تحدي_نوصلو_900_ألف_مشترك","Jamal alpha,جمال ألفا,Jamal alpha gamer,ألعاب,games",20,Gaming,"Action-adventure_game,Action_game,Role-playing_video_game,Video_game_culture",PT23M34S,1414,2d,hd,false,ar,ar,https://i.ytimg.com/vi/yrsHmyv-uYw/maxresdefault.jpg,1,,,,,180001,22402,,0,895
298,UCzmp6kKMrSbK-hHc59wLylw,"Jamal Alpha - 2",OnIyLLpEVZw,2020-07-22T11:00:07Z,"2020-07-22 11:00:07","Bad Guys at School | شغب المدارس : وجدت أشياء غريبة في المدرسة","قناة الخاصة بألعاب القناة الرسمية : https://goo.gl/GDsjdj أهلا بكم و شكرا على ثقتكم لمتابعة يومياتي على انستغرام : http://bit.ly/2ncwNUr Page Facebook : https://goo.gl/hB3uVY Email only for Business : Jamalalphaazmi@gmail.com - اللهم صل وسلم وبارك على نبينا وحبيبنا محمد. - أستغفر الله العظيم و أتوب اليه #تحدي_نوصلو_900_ألف_مشترك","Jamal alpha,جمال ألفا,Jamal alpha gamer,ألعاب,games",20,Gaming,"Action-adventure_game,Action_game,Casual_game,Role-playing_video_game,Video_game_culture",PT18M40S,1120,2d,hd,false,ar,ar,https://i.ytimg.com/vi/OnIyLLpEVZw/maxresdefault.jpg,1,,,,,942405,60782,,0,1659
299,UCzmp6kKMrSbK-hHc59wLylw,"Jamal Alpha - 2",HcL-IcOEvMI,2020-07-16T13:51:05Z,"2020-07-16 13:51:05","فري فاير | شاهد جمال ألفا يحرق حدث سكينات البوتات 🔥 ردة فعل اخوتي كانت صااادمة 😱","قناة الخاصة بألعاب القناة الرسمية : https://goo.gl/GDsjdj أهلا بكم و شكرا على ثقتكم لمتابعة يومياتي على انستغرام : http://bit.ly/2ncwNUr Page Facebook : https://goo.gl/hB3uVY Email only for Business : Jamalalphaazmi@gmail.com - اللهم صل وسلم وبارك على نبينا وحبيبنا محمد. - أستغفر الله العظيم و أتوب اليه #تحدي_نوصلو_900_ألف_مشترك","Jamal alpha,جمال ألفا,Jamal alpha gamer,ألعاب,games",20,Gaming,"Action-adventure_game,Action_game,Casual_game,Role-playing_video_game,Video_game_culture",PT11M18S,678,2d,hd,false,ar,ar,https://i.ytimg.com/vi/HcL-IcOEvMI/maxresdefault.jpg,1,,,,,653109,81504,,0,1748
300,UCzmp6kKMrSbK-hHc59wLylw,"Jamal Alpha - 2",mmz2AG6wlp8,2020-07-10T21:32:07Z,"2020-07-10 21:32:07","لعبة مجنونة | اختر الاجابة الصحيحة لانقاذ الفتاة","قناة الخاصة بألعاب القناة الرسمية : https://goo.gl/GDsjdj أهلا بكم و شكرا على ثقتكم لمتابعة يومياتي على انستغرام : http://bit.ly/2ncwNUr Page Facebook : https://goo.gl/hB3uVY Email only for Business : Jamalalphaazmi@gmail.com - اللهم صل وسلم وبارك على نبينا وحبيبنا محمد. - أستغفر الله العظيم و أتوب اليه #تحدي_نوصلو_900_ألف_مشترك","Jamal alpha,جمال ألفا,Jamal alpha gamer,ألعاب,games",20,Gaming,"Puzzle_video_game,Video_game_culture",PT10M16S,616,2d,hd,false,ar,ar,https://i.ytimg.com/vi/mmz2AG6wlp8/maxresdefault.jpg,1,,,,,1017648,60591,,0,1515
301,UCzmp6kKMrSbK-hHc59wLylw,"Jamal Alpha - 2",Hg8T6rGQ-9c,2020-07-08T21:00:03Z,"2020-07-08 21:00:03","على كل كيل غادي يربح 100 جوهرة | FREE FIRE","Subscribe Tarek Ali channel - https://bit.ly/2C6l84q قناة الخاصة بألعاب القناة الرسمية : https://goo.gl/GDsjdj أهلا بكم و شكرا على ثقتكم لمتابعة يومياتي على انستغرام : http://bit.ly/2ncwNUr Page Facebook : https://goo.gl/hB3uVY Email only for Business : Jamalalphaazmi@gmail.com - اللهم صل وسلم وبارك على نبينا وحبيبنا محمد. - أستغفر الله العظيم و أتوب اليه #تحدي_نوصلو_800_ألف_مشترك","Jamal alpha,جمال ألفا,Jamal alpha gamer,ألعاب,games,free fire,فري فاير",20,Gaming,"Action-adventure_game,Action_game,Video_game_culture",PT11M4S,664,2d,hd,false,ar,ar,https://i.ytimg.com/vi/Hg8T6rGQ-9c/maxresdefault.jpg,1,,,,,465714,54510,,0,1932
302,UCzmp6kKMrSbK-hHc59wLylw,"Jamal Alpha - 2",b9rJ6JlSZQc,2020-06-29T19:00:10Z,"2020-06-29 19:00:10","PAUNCH | لعبنا صومو و شبكناها حجر | Mr.Punisher Vs JAMAL ALPHA","قناة الخاصة بألعاب https://www.youtube.com/user/MrPunlsher1 قناة MrPuncher : القناة الرسمية : https://goo.gl/GDsjdj أهلا بكم و شكرا على ثقتكم لمتابعة يومياتي على انستغرام : http://bit.ly/2ncwNUr Page Facebook : https://goo.gl/hB3uVY Email only for Business : Jamalalphaazmi@gmail.com - اللهم صل وسلم وبارك على نبينا وحبيبنا محمد. - أستغفر الله العظيم و أتوب اليه #تحدي_نوصلو_800_ألف_مشترك","Jamal alpha,جمال ألفا,Jamal alpha gamer,ألعاب,games",20,Gaming,"Action-adventure_game,Action_game,Puzzle_video_game,Role-playing_video_game,Simulation_video_game,Video_game_culture",PT22M52S,1372,2d,hd,false,ar,ar,https://i.ytimg.com/vi/b9rJ6JlSZQc/maxresdefault.jpg,1,,,,,274866,36441,,0,1087
303,UCzmp6kKMrSbK-hHc59wLylw,"Jamal Alpha - 2",DWHIJacYkl4,2020-06-19T16:28:11Z,"2020-06-19 16:28:11","أخيرا جمال ألفا يعود للعبة الأساطير","لا تنسو تحميل التطبيق الرائع من هنا 😍👇 https://link.noxinfluencer.com/_Hl6xs قناة الخاصة بألعاب القناة الرسمية : https://goo.gl/GDsjdj أهلا بكم و شكرا على ثقتكم لمتابعة يومياتي على انستغرام : http://bit.ly/2ncwNUr Page Facebook : https://goo.gl/hB3uVY Email only for Business : Jamalalphaazmi@gmail.com - اللهم صل وسلم وبارك على نبينا وحبيبنا محمد. - أستغفر الله العظيم و أتوب اليه #تحدي_نوصلو_800_ألف_مشترك","Jamal alpha,جمال ألفا,Jamal alpha gamer,ألعاب,games",20,Gaming,"Action-adventure_game,Action_game,Video_game_culture",PT9M25S,565,2d,hd,false,ar,ar,https://i.ytimg.com/vi/DWHIJacYkl4/maxresdefault.jpg,1,,,,,159090,22940,,0,1297
304,UCzmp6kKMrSbK-hHc59wLylw,"Jamal Alpha - 2",depMp-ubHxw,2020-06-06T21:00:08Z,"2020-06-06 21:00:08","شاهد جمال ألفا يبدأ تحدي رانكد في فري فاير مع المتابعين و أول لقاء | FREE FIRE","قناة الخاصة بألعاب القناة الرسمية : https://goo.gl/GDsjdj أهلا بكم و شكرا على ثقتكم لمتابعة يومياتي على انستغرام : http://bit.ly/2ncwNUr Page Facebook : https://goo.gl/hB3uVY Email only for Business : Jamalalphaazmi@gmail.com - اللهم صل وسلم وبارك على نبينا وحبيبنا محمد. - أستغفر الله العظيم و أتوب اليه #تحدي_نوصلو_800_ألف_مشترك","Jamal alpha,جمال ألفا,Jamal alpha gamer,ألعاب,games,فري فاير",20,Gaming,"Action-adventure_game,Action_game,Role-playing_video_game,Video_game_culture",PT11M9S,669,2d,hd,false,ar,ar,https://i.ytimg.com/vi/depMp-ubHxw/maxresdefault.jpg,1,,,,,516603,70816,,0,2783
305,UCzmp6kKMrSbK-hHc59wLylw,"Jamal Alpha - 2",hLM3ZFHiweM,2020-06-04T17:08:16Z,"2020-06-04 17:08:16","فري فاير : جمال ألفا يلعب مع المتابعين و فائز سوف يحصل على 1000 مجوهرة","قناة الخاصة بألعاب القناة الرسمية : https://goo.gl/GDsjdj أهلا بكم و شكرا على ثقتكم لمتابعة يومياتي على انستغرام : http://bit.ly/2ncwNUr Page Facebook : https://goo.gl/hB3uVY Email only for Business : Jamalalphaazmi@gmail.com - اللهم صل وسلم وبارك على نبينا وحبيبنا محمد. - أستغفر الله العظيم و أتوب اليه #تحدي_نوصلو_800_ألف_مشترك","Jamal alpha,جمال ألفا,Jamal alpha gamer,ألعاب,games,freefire,freefirenews,freefiremaroc,freefirealgerie,garenafreefire,فري_فاير,فري_فاير_الجزائر,فري_فاير_المغرب,جواهر_فري_فاير,تسريبات_فري_فاير,مسابقات_فري_فاير,فعاليات_فري_فابر,freefirediamande",20,Gaming,"Action-adventure_game,Action_game,Role-playing_video_game,Video_game_culture",PT15M15S,915,2d,hd,false,ar,ar,https://i.ytimg.com/vi/hLM3ZFHiweM/maxresdefault.jpg,1,,,,,305838,42845,,0,2809
306,UCzmp6kKMrSbK-hHc59wLylw,"Jamal Alpha - 2",J3AJ8XnmKYo,2020-05-11T21:01:11Z,"2020-05-11 21:01:11","Getting over it | لأول مرة أجن بسبب لعبة","قناة الخاصة بألعاب القناة الرسمية : https://goo.gl/GDsjdj أهلا بكم و شكرا على ثقتكم لمتابعة يومياتي على انستغرام : http://bit.ly/2ncwNUr Page Facebook : https://goo.gl/hB3uVY Email only for Business : Jamalalphaazmi@gmail.com - اللهم صل وسلم وبارك على نبينا وحبيبنا محمد. - أستغفر الله العظيم و أتوب اليه #تحدي_نوصلو_700_ألف_مشترك","Jamal alpha,جمال ألفا,Jamal alpha gamer,ألعاب,games",20,Gaming,"Action-adventure_game,Action_game,Puzzle_video_game,Video_game_culture",PT11M14S,674,2d,hd,false,ar,ar,https://i.ytimg.com/vi/J3AJ8XnmKYo/maxresdefault.jpg,1,,,,,564121,76777,,0,2264
307,UCzmp6kKMrSbK-hHc59wLylw,"Jamal Alpha - 2",4-JuGiwRfAg,2020-05-08T21:30:00Z,"2020-05-08 21:30:00","من المستحيل أن تقوم بحل هذا لغز","قناة الخاصة بألعاب القناة الرسمية : https://goo.gl/GDsjdj أهلا بكم و شكرا على ثقتكم الرابط الفيديو : https://youtu.be/FYl-XJBH2s4 لمتابعة يومياتي على انستغرام : http://bit.ly/2ncwNUr Page Facebook : https://goo.gl/hB3uVY Email only for Business : Jamalalphaazmi@gmail.com - اللهم صل وسلم وبارك على نبينا وحبيبنا محمد. - أستغفر الله العظيم و أتوب اليه #تحدي_نوصلو_700_ألف_مشترك","Jamal alpha,جمال ألفا,Jamal alpha gamer,ألعاب,games",20,Gaming,Puzzle_video_game,PT10M48S,648,2d,hd,false,ar,ar,https://i.ytimg.com/vi/4-JuGiwRfAg/maxresdefault.jpg,1,,,,,1495200,179291,,0,12108
308,UCzmp6kKMrSbK-hHc59wLylw,"Jamal Alpha - 2",t5ani6xuD8w,2020-05-06T21:45:27Z,"2020-05-06 21:45:27","Head Ball 2 | مباراة مجنونة و ريمونتادا خيالية","قناة الخاصة بألعاب القناة الرسمية : https://goo.gl/GDsjdj أهلا بكم و شكرا على ثقتكم لمتابعة يومياتي على انستغرام : http://bit.ly/2ncwNUr Page Facebook : https://goo.gl/hB3uVY Email only for Business : Jamalalphaazmi@gmail.com - اللهم صل وسلم وبارك على نبينا وحبيبنا محمد. - أستغفر الله العظيم و أتوب اليه #تحدي_نوصلو_700_ألف_مشترك","Jamal alpha,جمال ألفا,Jamal alpha gamer,ألعاب,games",20,Gaming,Video_game_culture,PT16M10S,970,2d,hd,false,ar,ar,https://i.ytimg.com/vi/t5ani6xuD8w/maxresdefault.jpg,1,,,,,729907,53574,,0,2192
309,UCzmp6kKMrSbK-hHc59wLylw,"Jamal Alpha - 2",bN_0N5OM7rE,2020-05-04T21:33:28Z,"2020-05-04 21:33:28","FREE FIRE | لقطات مضحكة و مجنونة تحشيش | REACTION","قناة الخاصة بألعاب القناة الرسمية : https://goo.gl/GDsjdj أهلا بكم و شكرا على ثقتكم لمتابعة يومياتي على انستغرام : http://bit.ly/2ncwNUr Page Facebook : https://goo.gl/hB3uVY Email only for Business : Jamalalphaazmi@gmail.com - اللهم صل وسلم وبارك على نبينا وحبيبنا محمد. - أستغفر الله العظيم و أتوب اليه #تحدي_نوصلو_700_ألف_مشترك","Jamal alpha,جمال ألفا,Jamal alpha gamer,ألعاب,games",20,Gaming,"Action-adventure_game,Action_game,Video_game_culture",PT10M10S,610,2d,hd,false,ar,ar,https://i.ytimg.com/vi/bN_0N5OM7rE/maxresdefault.jpg,1,,,,,982467,90495,,0,2018
310,UCzmp6kKMrSbK-hHc59wLylw,"Jamal Alpha - 2",dcdmCG-UIXM,2020-05-02T15:12:28Z,"2020-05-02 15:12:28","!! صدمت المارد الأزرق | AKINATOR","قناة الخاصة بألعاب القناة الرسمية : https://goo.gl/GDsjdj أهلا بكم و شكرا على ثقتكم لمتابعة يومياتي على انستغرام : http://bit.ly/2ncwNUr Page Facebook : https://goo.gl/hB3uVY Email only for Business : Jamalalphaazmi@gmail.com - اللهم صل وسلم وبارك على نبينا وحبيبنا محمد. - أستغفر الله العظيم و أتوب اليه #تحدي_نوصلو_700_ألف_مشترك","Jamal alpha,جمال ألفا,Jamal alpha gamer,ألعاب,games",24,Entertainment,,PT12M28S,748,2d,hd,false,ar,ar,https://i.ytimg.com/vi/dcdmCG-UIXM/maxresdefault.jpg,1,,,,,1088550,103464,,0,3349
311,UCzmp6kKMrSbK-hHc59wLylw,"Jamal Alpha - 2",Ll5LhAGljY0,2020-05-01T15:02:47Z,"2020-05-01 15:02:47","FREE FIRE | تدريبات جمال ألفا في فري فاير","قناة الخاصة بألعاب الفناة الرسمية : https://goo.gl/GDsjdj أهلا بكم و شكرا على ثقتكم لمتابعة يومياتي على انستغرام : http://bit.ly/2ncwNUr Page Facebook : https://goo.gl/hB3uVY Email only for Business : Jamalalphaazmi@gmail.com - اللهم صل وسلم وبارك على نبينا وحبيبنا محمد. - أستغفر الله العظيم و أتوب اليه #تحدي_نوصلو_700_ألف_مشترك","Jamal alpha,جمال ألفا,Jamal alpha gamer,ألعاب,games",20,Gaming,"Action-adventure_game,Action_game,Role-playing_video_game,Video_game_culture",PT2M8S,128,2d,hd,false,ar,ar,https://i.ytimg.com/vi/Ll5LhAGljY0/maxresdefault.jpg,1,,,,,325852,44897,,0,1852
312,UCzmp6kKMrSbK-hHc59wLylw,"Jamal Alpha - 2",RwR-wPr-EqU,2020-04-30T15:03:37Z,"2020-04-30 15:03:37","أغبى لغز لن تستطيع حله أبدا","قناة الخاصة بألعاب الفناة الرسمية : https://goo.gl/GDsjdj أهلا بكم و شكرا على ثقتكم خ الرابط الفيديو الخاص بالتحدي : https://www.youtube.com/watch?v=QWdEvQ34Lmg لمتابعة يومياتي على انستغرام : http://bit.ly/2ncwNUr Page Facebook : https://goo.gl/hB3uVY Email only for Business : Jamalalphaazmi@gmail.com - اللهم صل وسلم وبارك على نبينا وحبيبنا محمد. - أستغفر الله العظيم و أتوب اليه #تحدي_نوصلو_700_ألف_مشترك","Jamal alpha,جمال ألفا,Jamal alpha gamer,ألعاب,games",20,Gaming,Puzzle_video_game,PT10M10S,610,2d,hd,false,ar,ar,https://i.ytimg.com/vi/RwR-wPr-EqU/maxresdefault.jpg,1,,,,,823196,89583,,0,7166
313,UCzmp6kKMrSbK-hHc59wLylw,"Jamal Alpha - 2",5ihQzQUKa7E,2020-04-29T16:00:03Z,"2020-04-29 16:00:03","FREE FIRE | لعبت أنا و خويا فـ فري فاير | سكواد باع الماتش","قناة أخي أمين : https://bit.ly/2KFYYaa قناة الخاصة بألعاب القناة الرسمية : https://goo.gl/GDsjdj أهلا بكم و شكرا على ثقتكم لمتابعة يومياتي على انستغرام : http://bit.ly/2ncwNUr Page Facebook : https://goo.gl/hB3uVY Email only for Business : Jamalalphaazmi@gmail.com - اللهم صل وسلم وبارك على نبينا وحبيبنا محمد. - أستغفر الله العظيم و أتوب اليه #تحدي_نوصلو_700_ألف_مشترك","Jamal alpha,جمال ألفا,Jamal alpha gamer,ألعاب,games,free fire,فري فاير",20,Gaming,"Action-adventure_game,Action_game,Role-playing_video_game,Video_game_culture",PT16M58S,1018,2d,hd,false,ar,ar,https://i.ytimg.com/vi/5ihQzQUKa7E/maxresdefault.jpg,1,,,,,404133,45175,,0,1437
314,UCzmp6kKMrSbK-hHc59wLylw,"Jamal Alpha - 2",GQzgE_7TtkM,2020-04-20T14:02:05Z,"2020-04-20 14:02:05","FREE FIRE | أخيرا جمال ألفا يلعب فري فاير","قناة الخاصة بألعاب الفناة الرسمية : https://goo.gl/GDsjdj أهلا بكم و شكرا على ثقتكم لمتابعة يومياتي على انستغرام : http://bit.ly/2ncwNUr Page Facebook : https://goo.gl/hB3uVY Email only for Business : Jamalalphaazmi@gmail.com - اللهم صل وسلم وبارك على نبينا وحبيبنا محمد. - أستغفر الله العظيم و أتوب اليه #تحدي_نوصلو_600_ألف_مشترك","Jamal alpha,جمال ألفا,Jamal alpha gamer,ألعاب,games,فري فاير,FREE FIRE",20,Gaming,"Action-adventure_game,Action_game,Role-playing_video_game,Video_game_culture",PT11M25S,685,2d,hd,false,ar,ar,https://i.ytimg.com/vi/GQzgE_7TtkM/maxresdefault.jpg,1,,,,,515868,107608,,0,4368
315,UCzmp6kKMrSbK-hHc59wLylw,"Jamal Alpha - 2",-ltOBHZF1y8,2020-04-18T19:56:34Z,"2020-04-18 19:56:34","العملية نجحات غير هو وقع واحد الخلل بسيط 😅","قناة الخاصة بألعاب الفناة الرسمية : https://goo.gl/GDsjdj أهلا بكم و شكرا على ثقتكم لمتابعة يومياتي على انستغرام : http://bit.ly/2ncwNUr Page Facebook : https://goo.gl/hB3uVY Email only for Business : Jamalalphaazmi@gmail.com - اللهم صل وسلم وبارك على نبينا وحبيبنا محمد. - أستغفر الله العظيم و أتوب اليه #تحدي_نوصلو_600_ألف_مشترك","Jamal alpha,جمال ألفا,Jamal alpha gamer,ألعاب,games",20,Gaming,"Action-adventure_game,Action_game,Role-playing_video_game",PT7M25S,445,2d,hd,false,ar,ar,https://i.ytimg.com/vi/-ltOBHZF1y8/maxresdefault.jpg,1,,,,,553268,57510,,0,1850
316,UCzmp6kKMrSbK-hHc59wLylw,"Jamal Alpha - 2",vtofPuvtaS0,2020-04-16T20:00:11Z,"2020-04-16 20:00:11","World of Tanks Blitz | دخلت للعالم الدبابات","قناة الخاصة بألعاب الفناة الرسمية : https://goo.gl/GDsjdj أهلا بكم و شكرا على ثقتكم لمتابعة يومياتي على انستغرام : http://bit.ly/2ncwNUr Page Facebook : https://goo.gl/hB3uVY Email only for Business : Jamalalphaazmi@gmail.com - اللهم صل وسلم وبارك على نبينا وحبيبنا محمد. - أستغفر الله العظيم و أتوب اليه #تحدي_نوصلو_600_ألف_مشترك","jamal alpha,جمال ألفا,World of Tanks Blitz,ألعاب,Gamer,jamal alpha game,طرول",20,Gaming,"Action-adventure_game,Action_game,Role-playing_video_game,Strategy_video_game,Video_game_culture",PT14M54S,894,2d,hd,false,ar,ar,https://i.ytimg.com/vi/vtofPuvtaS0/maxresdefault.jpg,1,,,,,97944,15413,,0,1529
317,UCzmp6kKMrSbK-hHc59wLylw,"Jamal Alpha - 2",TcUP0Wf5EH0,2019-12-16T11:08:23Z,"2019-12-16 11:08:23","Call of Duty #1 : أخيرا الأسطورة لعب كول أوف دوتي","قناة الخاصة بألعاب الفناة الرسمية : https://goo.gl/GDsjdj أهلا بكم و شكرا على ثقتكم لمتابعة يومياتي على انستغرام : http://bit.ly/2ncwNUr Page Facebook : https://goo.gl/hB3uVY Email only for Business : Jamalalphaazmi@gmail.com - اللهم صل وسلم وبارك على نبينا وحبيبنا محمد. - أستغفر الله العظيم و أتوب اليه #تحدي_نوصلو_500_ألف_مشترك",,20,Gaming,"Action-adventure_game,Action_game,Role-playing_video_game,Video_game_culture",PT10M15S,615,2d,hd,false,ar,ar,https://i.ytimg.com/vi/TcUP0Wf5EH0/maxresdefault.jpg,1,,,,,210400,22020,,0,704
318,UCzmp6kKMrSbK-hHc59wLylw,"Jamal Alpha - 2",w1B-wBHuw2c,2019-11-29T14:32:45Z,"2019-11-29 14:32:45","العتروس #1 : جربت نعيش حياة الجدي نهار كامل في المدينة","قناة الخاصة بألعاب الفناة الرسمية : https://goo.gl/GDsjdj أهلا بكم و شكرا على ثقتكم لمتابعة يومياتي على انستغرام : http://bit.ly/2ncwNUr Page Facebook : https://goo.gl/hB3uVY Email only for Business : Jamalalphaazmi@gmail.com - اللهم صل وسلم وبارك على نبينا وحبيبنا محمد. - أستغفر الله العظيم و أتوب اليه #تحدي_نوصلو_500_ألف_مشترك",,20,Gaming,"Action-adventure_game,Action_game,Casual_game,Role-playing_video_game,Simulation_video_game,Video_game_culture",PT14M54S,894,2d,hd,false,ar,ar,https://i.ytimg.com/vi/w1B-wBHuw2c/maxresdefault.jpg,1,,,,,879609,54324,,0,1351
319,UCzmp6kKMrSbK-hHc59wLylw,"Jamal Alpha - 2",CXBrBfySqoA,2019-11-18T13:58:54Z,"2019-11-18 13:58:54","Internet Cafe Simulator | محاكي مقهى الألعاب #1 : حصلت شفار داخل عندي","قناة الخاصة بألعاب الفناة الرسمية : https://goo.gl/GDsjdj أهلا بكم و شكرا على ثقتكم For Support : https://paypal.me/jamalalpha لمتابعة يومياتي على انستغرام : http://bit.ly/2ncwNUr Page Facebook : https://goo.gl/hB3uVY Email only for Business : Jamalalphaazmi@gmail.com مرحبا بكم في القناة جمال ألفا الخاصة بالألعاب #Jamal_alpha - اللهم صل وسلم وبارك على نبينا وحبيبنا محمد. - أستغفر الله العظيم و أتوب اليه",,20,Gaming,"Casual_game,Role-playing_video_game,Simulation_video_game,Video_game_culture",PT23M38S,1418,2d,hd,false,ar,ar,https://i.ytimg.com/vi/CXBrBfySqoA/maxresdefault.jpg,1,,,,,852263,59400,,0,1802
320,UCzmp6kKMrSbK-hHc59wLylw,"Jamal Alpha - 2",UfxqzJewdIg,2019-05-10T12:00:06Z,"2019-05-10 12:00:06","تضحك تخسر #52 : مش كيهدر بدارجة 😂","قناة خاصة بالترفيه و المناقشة المواضيع مرحبا بكم في العدد 52 من سلسلة تضحك تخسر الفناة الرسمية : https://goo.gl/GDsjdj أهلا بكم و شكرا على ثقتكم For Support : https://paypal.me/jamalalpha منتجات خاصة بالقناة : https://goo.gl/9jjxbb لمتابعة يومياتي على انستغرام : http://bit.ly/2ncwNUr Page Facebook : https://goo.gl/hB3uVY Email only for Business : Jamalazmialpha@gmail.com #Jamal_alpha - اللهم صل وسلم وبارك على نبينا وحبيبنا محمد. - أستغفر الله العظيم و أتوب اليه",,24,Entertainment,,PT12M36S,756,2d,hd,false,ar,ar,https://i.ytimg.com/vi/UfxqzJewdIg/maxresdefault.jpg,1,,,,,1550829,85834,,0,1184
321,UCzmp6kKMrSbK-hHc59wLylw,"Jamal Alpha - 2",5W3gRYL3KUg,2019-04-19T11:00:00Z,"2019-04-19 11:00:00","تضحك تخسر #51 : فاش كتنعس مور الغدا و كتفيق مع المغرب 😂","مرحبا بكم في العدد 51 من سلسلة تضحك تخسر قناة خاصة بالترفيه و المناقشة المواضيع الفناة الرسمية : https://goo.gl/GDsjdj أهلا بكم و شكرا على ثقتكم For Support : https://paypal.me/jamalalpha منتجات خاصة بالقناة : https://goo.gl/9jjxbb لمتابعة يومياتي على انستغرام : http://bit.ly/2ncwNUr Page Facebook : https://goo.gl/hB3uVY Email only for Business : Jamalazmialpha@gmail.com #Jamal_alpha - اللهم صل وسلم وبارك على نبينا وحبيبنا محمد. - أستغفر الله العظيم و أتوب اليه",,24,Entertainment,Entertainment,PT10M5S,605,2d,hd,false,ar,ar,https://i.ytimg.com/vi/5W3gRYL3KUg/maxresdefault.jpg,1,,,,,1512692,72722,,0,1153
322,UCzmp6kKMrSbK-hHc59wLylw,"Jamal Alpha - 2",Wk3u5w-ibzM,2019-04-05T11:00:04Z,"2019-04-05 11:00:04","تضحك تخسر #50 : البنت فاش كيخطبها الدري لي كاتبغيه 😂","مرحبا بكم في العدد 50 من سلسلة تضحك تخسر قناة خاصة بالترفيه و المناقشة المواضيع الفناة الرسمية : https://goo.gl/GDsjdj أهلا بكم و شكرا على ثقتكم For Support : https://paypal.me/jamalalpha منتجات خاصة بالقناة : https://goo.gl/9jjxbb لمتابعة يومياتي على انستغرام : http://bit.ly/2ncwNUr Page Facebook : https://goo.gl/hB3uVY Email only for Business : Jamalazmialpha@gmail.com #Jamal_alpha - اللهم صل وسلم وبارك على نبينا وحبيبنا محمد. - أستغفر الله العظيم و أتوب اليه",,24,Entertainment,,PT12M26S,746,2d,hd,false,ar,ar,https://i.ytimg.com/vi/Wk3u5w-ibzM/maxresdefault.jpg,,,,,,1417275,79146,,0,2054
323,UCzmp6kKMrSbK-hHc59wLylw,"Jamal Alpha - 2",eJP75q9jCLg,2019-03-15T11:00:10Z,"2019-03-15 11:00:10","تضحك تخسر #49 : مريكانية كدير لمها الرقية الشرعية 😂😂","قناة خاصة بالترفيه و المناقشة المواضيع الفناة الرسمية : https://goo.gl/GDsjdj أهلا بكم و شكرا على ثقتكم For Support : https://paypal.me/jamalalpha منتجات خاصة بالقناة : https://goo.gl/9jjxbb لمتابعة يومياتي على انستغرام : http://bit.ly/2ncwNUr Page Facebook : https://goo.gl/hB3uVY Email only for Business : Jamalazmialpha@gmail.com #Jamal_alpha - اللهم صل وسلم وبارك على نبينا وحبيبنا محمد. - أستغفر الله العظيم و أتوب اليه",,24,Entertainment,"Entertainment,Film",PT10M50S,650,2d,hd,false,ar,ar,https://i.ytimg.com/vi/eJP75q9jCLg/maxresdefault.jpg,,,,,,1705124,77681,,0,1172
324,UCzmp6kKMrSbK-hHc59wLylw,"Jamal Alpha - 2",ViaWTZWnsGU,2019-03-01T11:00:04Z,"2019-03-01 11:00:04","تضحك تخسر #48 : ها علاش مخصكش تطلع فوق العمارية 😂","مرحبا بكم في العدد 48 من سلسلة تضحك تخسر https://youtu.be/_KmQfzPJ0tk : DØPE - Pikalti [Remix] قناة خاصة بالترفيه و المناقشة المواضيع الفناة الرسمية : https://goo.gl/GDsjdj أهلا بكم و شكرا على ثقتكم For Support : https://paypal.me/jamalalpha منتجات خاصة بالقناة : https://goo.gl/9jjxbb لمتابعة يومياتي على انستغرام : http://bit.ly/2ncwNUr Page Facebook : https://goo.gl/hB3uVY Email only for Business : Jamalazmialpha@gmail.com #Jamal_alpha - اللهم صل وسلم وبارك على نبينا وحبيبنا محمد. - أستغفر الله العظيم و أتوب اليه",,24,Entertainment,"Entertainment,Film",PT15M28S,928,2d,hd,false,ar,ar,https://i.ytimg.com/vi/ViaWTZWnsGU/maxresdefault.jpg,,,,,,2662422,124076,,0,2439
325,UCzmp6kKMrSbK-hHc59wLylw,"Jamal Alpha - 2",StbtlcgSw1s,2019-02-22T11:00:03Z,"2019-02-22 11:00:03","تضحك تخسر #47 : بيكالتي بيكالتي بيكالتي 😂😂","الرقم الهاتف : 0690811007 قناة خاصة بالترفيه و المناقشة المواضيع الفناة الرسمية : https://goo.gl/GDsjdj أهلا بكم و شكرا على ثقتكم For Support : https://paypal.me/jamalalpha منتجات خاصة بالقناة : https://goo.gl/9jjxbb لمتابعة يومياتي على انستغرام : http://bit.ly/2ncwNUr Page Facebook : https://goo.gl/hB3uVY Email only for Business : Jamalazmialpha@gmail.com #Jamal_alpha - اللهم صل وسلم وبارك على نبينا وحبيبنا محمد. - أستغفر الله العظيم و أتوب اليه",,24,Entertainment,"Entertainment,Film",PT11M39S,699,2d,hd,false,ar,ar,https://i.ytimg.com/vi/StbtlcgSw1s/maxresdefault.jpg,1,,,,,1802923,89688,,0,2624
326,UCzmp6kKMrSbK-hHc59wLylw,"Jamal Alpha - 2",ckSC2O05F1I,2019-02-15T11:03:17Z,"2019-02-15 11:03:17","تضحك تخسر #46 : إكش وان دار زوين مع الحكومة 😂","أتمنى منكم التصويت على قناة جمال ألفا عبر هذا الرابط : https://goo.gl/D2u1Ve للتصويت على فئة الفيديو : https://goo.gl/BkzCxj للتصويت على فئة الفكاهة : https://goo.gl/cgRPh5 قناة خاصة بالترفيه و المناقشة المواضيع الفناة الرسمية : https://goo.gl/GDsjdj أهلا بكم و شكرا على ثقتكم For Support : https://paypal.me/jamalalpha منتجات خاصة بالقناة : https://goo.gl/9jjxbb لمتابعة يومياتي على انستغرام : http://bit.ly/2ncwNUr Page Facebook : https://goo.gl/hB3uVY Email only for Business : Jamalazmialpha@gmail.com #Jamal_alpha - اللهم صل وسلم وبارك على نبينا وحبيبنا محمد. - أستغفر الله العظيم و أتوب اليه",,24,Entertainment,"Entertainment,Film,Humour",PT14M14S,854,2d,hd,false,ar,ar,https://i.ytimg.com/vi/ckSC2O05F1I/maxresdefault.jpg,1,,,,,1017197,68031,,0,1941
327,UCzmp6kKMrSbK-hHc59wLylw,"Jamal Alpha - 2",yWDbIzFaKWE,2019-02-08T11:00:13Z,"2019-02-08 11:00:13","تضحك تخسر #45 : أخيرا لقيت ليكم الحل ديال H1N1 😂","مرحبا بكم في العدد 45 من سلسلة تضحك تخسر قناة خاصة بالترفيه و المناقشة المواضيع الفناة الرسمية : https://goo.gl/GDsjdj أهلا بكم و شكرا على ثقتكم For Support : https://paypal.me/jamalalpha منتجات خاصة بالقناة : https://goo.gl/9jjxbb لمتابعة يومياتي على انستغرام : http://bit.ly/2ncwNUr Page Facebook : https://goo.gl/hB3uVY Email only for Business : Jamalazmialpha@gmail.com #Jamal_alpha - اللهم صل وسلم وبارك على نبينا وحبيبنا محمد. - أستغفر الله العظيم و أتوب اليه","تضحك تخسر",24,Entertainment,,PT13M52S,832,2d,hd,false,ar,ar,https://i.ytimg.com/vi/yWDbIzFaKWE/maxresdefault.jpg,1,,,,,1279723,69986,,0,1840
328,UCzmp6kKMrSbK-hHc59wLylw,"Jamal Alpha - 2",YFl3j21TQa8,2019-02-01T11:00:05Z,"2019-02-01 11:00:05","تضحك تخسر #44 : بنت كتحسن الموسطاش 😂","مرحبا بكم في العدد 44 من سلسلة تضحك تخسر قناة خاصة بمناقشة المواضيع في شتى المجالات يمكنكم اقتراح أي موضوع للمناقشته في الفيديو المقبل . الفناة الرسمية : https://goo.gl/GDsjdj أهلا بكم و شكرا على ثقتكم اذا أردتم دعمي - For Support : https://paypal.me/jamalalpha ● ONLY BUSINESS E M A I L → Jamalazmialpha@gmail.com ------------------------ MY SOCIAL MEDIA مواقع التواصل الخاصة بي -------------------- SNAPCHAT : Jamal_Alpha Facebook : https://goo.gl/hB3uVY Twitter : https://goo.gl/Kjqb7j instagram : https://goo.gl/f9Qity Google + : https://goo.gl/hTfPAz للمزيد من الفيديوهات و المواضيع الشيقة ادخلو على هذا الرابط : https://goo.gl/fuvaWH أستغفر الله العظيم و أتوب اليه اللهم صل على سيدنا محمد و على أله و صحبه أجمعين","تضحك تخسر",24,Entertainment,,PT14M45S,885,2d,hd,false,ar,ar,https://i.ytimg.com/vi/YFl3j21TQa8/maxresdefault.jpg,1,,,,,1705311,101213,,0,2292
